version,2.1.0
info,balls_per_over,6
info,team,Kolkata Knight Riders
info,team,Chennai Super Kings
info,gender,male
info,season,2018
info,date,2018/04/10
info,event,Indian Premier League
info,match_number,5
info,venue,MA Chidambaram Stadium
info,city,Chennai
info,toss_winner,Chennai Super Kings
info,toss_decision,field
info,player_of_match,SW Billings
info,umpire,AK Chaudhary
info,umpire,CB Gaffaney
info,reserve_umpire,UV Gandhe
info,tv_umpire,A Nand Kishore
info,match_referee,RB Richardson
info,winner,Chennai Super Kings
info,winner_wickets,5
info,player,Kolkata Knight Riders,CA Lynn
info,player,Kolkata Knight Riders,SP Narine
info,player,Kolkata Knight Riders,RV Uthappa
info,player,Kolkata Knight Riders,N Rana
info,player,Kolkata Knight Riders,KD Karthik
info,player,Kolkata Knight Riders,RK Singh
info,player,Kolkata Knight Riders,AD Russell
info,player,Kolkata Knight Riders,TK Curran
info,player,Kolkata Knight Riders,R Vinay Kumar
info,player,Kolkata Knight Riders,Kuldeep Yadav
info,player,Kolkata Knight Riders,PP Chawla
info,player,Chennai Super Kings,SR Watson
info,player,Chennai Super Kings,AT Rayudu
info,player,Chennai Super Kings,SK Raina
info,player,Chennai Super Kings,MS Dhoni
info,player,Chennai Super Kings,SW Billings
info,player,Chennai Super Kings,RA Jadeja
info,player,Chennai Super Kings,DJ Bravo
info,player,Chennai Super Kings,DL Chahar
info,player,Chennai Super Kings,Harbhajan Singh
info,player,Chennai Super Kings,SN Thakur
info,player,Chennai Super Kings,Imran Tahir
info,registry,people,A Nand Kishore,84424f4f
info,registry,people,AD Russell,bbd41817
info,registry,people,AK Chaudhary,fdcc6236
info,registry,people,AT Rayudu,70d205c9
info,registry,people,CA Lynn,45eda7c8
info,registry,people,CB Gaffaney,d5ac41d8
info,registry,people,DJ Bravo,87e562a9
info,registry,people,DL Chahar,23eeb873
info,registry,people,Harbhajan Singh,8b5b6769
info,registry,people,Imran Tahir,acee4cc4
info,registry,people,KD Karthik,c03f1114
info,registry,people,Kuldeep Yadav,8d2c70ad
info,registry,people,MS Dhoni,4a8a2e3b
info,registry,people,N Rana,fb2d1dda
info,registry,people,PP Chawla,98ae73b1
info,registry,people,R Vinay Kumar,41eb4a4f
info,registry,people,RA Jadeja,fe93fd9d
info,registry,people,RB Richardson,410e2f12
info,registry,people,RK Singh,0a509d6b
info,registry,people,RV Uthappa,1c17e270
info,registry,people,SK Raina,1dc12ab9
info,registry,people,SN Thakur,1abb78f8
info,registry,people,SP Narine,9d430b40
info,registry,people,SR Watson,4329fbb5
info,registry,people,SW Billings,c16d4035
info,registry,people,Shivam Mavi,c38d3503
info,registry,people,TK Curran,e86754b2
info,registry,people,UV Gandhe,43dd4011
