version,2.1.0
info,balls_per_over,6
info,team,Chennai Super Kings
info,team,Rajasthan Royals
info,gender,male
info,season,2018
info,date,2018/04/20
info,event,Indian Premier League
info,match_number,17
info,venue,Maharashtra Cricket Association Stadium
info,city,Pune
info,toss_winner,Rajasthan Royals
info,toss_decision,field
info,player_of_match,SR Watson
info,umpire,KN Ananthapadmanabhan
info,umpire,Nitin Menon
info,reserve_umpire,N Pandit
info,tv_umpire,RJ Tucker
info,match_referee,J Srinath
info,winner,Chennai Super Kings
info,winner_runs,64
info,player,Chennai Super Kings,SR Watson
info,player,Chennai Super Kings,AT Rayudu
info,player,Chennai Super Kings,SK Raina
info,player,Chennai Super Kings,MS Dhoni
info,player,Chennai Super Kings,SW Billings
info,player,Chennai Super Kings,DJ Bravo
info,player,Chennai Super Kings,RA Jadeja
info,player,Chennai Super Kings,DL Chahar
info,player,Chennai Super Kings,KV Sharma
info,player,Chennai Super Kings,SN Thakur
info,player,Chennai Super Kings,Imran Tahir
info,player,Rajasthan Royals,AM Rahane
info,player,Rajasthan Royals,H Klaasen
info,player,Rajasthan Royals,SV Samson
info,player,Rajasthan Royals,BA Stokes
info,player,Rajasthan Royals,JC Buttler
info,player,Rajasthan Royals,RA Tripathi
info,player,Rajasthan Royals,STR Binny
info,player,Rajasthan Royals,K Gowtham
info,player,Rajasthan Royals,S Gopal
info,player,Rajasthan Royals,JD Unadkat
info,player,Rajasthan Royals,B Laughlin
info,registry,people,AM Rahane,29e95537
info,registry,people,AT Rayudu,70d205c9
info,registry,people,B Laughlin,b2a79f17
info,registry,people,BA Stokes,e087956b
info,registry,people,DJ Bravo,87e562a9
info,registry,people,DL Chahar,23eeb873
info,registry,people,H Klaasen,235c2bb6
info,registry,people,Imran Tahir,acee4cc4
info,registry,people,J Srinath,bad31fac
info,registry,people,JC Buttler,99b75528
info,registry,people,JD Unadkat,1e66c162
info,registry,people,K Gowtham,90de905a
info,registry,people,KN Ananthapadmanabhan,3144063a
info,registry,people,KV Sharma,119678fd
info,registry,people,MS Dhoni,4a8a2e3b
info,registry,people,N Pandit,4947c258
info,registry,people,Nitin Menon,e1d41d9e
info,registry,people,RA Jadeja,fe93fd9d
info,registry,people,RA Tripathi,77255a9e
info,registry,people,RJ Tucker,38810cfc
info,registry,people,S Gopal,7a8bd078
info,registry,people,SK Raina,1dc12ab9
info,registry,people,SN Thakur,1abb78f8
info,registry,people,SR Watson,4329fbb5
info,registry,people,STR Binny,bd17b45f
info,registry,people,SV Samson,a4cc73aa
info,registry,people,SW Billings,c16d4035
