version,2.1.0
info,balls_per_over,6
info,team,Mumbai Indians
info,team,Kings XI Punjab
info,gender,male
info,season,2020/21
info,date,2020/10/01
info,event,Indian Premier League
info,match_number,13
info,venue,Sheikh Zayed Stadium
info,city,Abu Dhabi
info,toss_winner,Kings XI Punjab
info,toss_decision,field
info,player_of_match,KA Pollard
info,umpire,VK Sharma
info,umpire,S Ravi
info,reserve_umpire,PG Pathak
info,tv_umpire,UV Gandhe
info,match_referee,M Nayyar
info,winner,Mumbai Indians
info,winner_runs,48
info,player,Mumbai Indians,Q de Kock
info,player,Mumbai Indians,RG Sharma
info,player,Mumbai Indians,SA Yadav
info,player,Mumbai Indians,Ishan Kishan
info,player,Mumbai Indians,KA Pollard
info,player,Mumbai Indians,HH Pandya
info,player,Mumbai Indians,KH Pandya
info,player,Mumbai Indians,JL Pattinson
info,player,Mumbai Indians,RD Chahar
info,player,Mumbai Indians,TA Boult
info,player,Mumbai Indians,JJ Bumrah
info,player,Kings XI Punjab,KL Rahul
info,player,Kings XI Punjab,MA Agarwal
info,player,Kings XI Punjab,KK Nair
info,player,Kings XI Punjab,N Pooran
info,player,Kings XI Punjab,GJ Maxwell
info,player,Kings XI Punjab,JDS Neesham
info,player,Kings XI Punjab,SN Khan
info,player,Kings XI Punjab,K Gowtham
info,player,Kings XI Punjab,Ravi Bishnoi
info,player,Kings XI Punjab,Mohammed Shami
info,player,Kings XI Punjab,SS Cottrell
info,registry,people,GJ Maxwell,b681e71e
info,registry,people,HH Pandya,dbe50b21
info,registry,people,Ishan Kishan,752f7486
info,registry,people,JDS Neesham,9219eff0
info,registry,people,JJ Bumrah,462411b3
info,registry,people,JL Pattinson,f752db61
info,registry,people,K Gowtham,90de905a
info,registry,people,KA Pollard,a757b0d8
info,registry,people,KH Pandya,5b8c830e
info,registry,people,KK Nair,944533a5
info,registry,people,KL Rahul,b17e2f24
info,registry,people,M Nayyar,b7bccddb
info,registry,people,MA Agarwal,00ea847a
info,registry,people,Mohammed Shami,8cf9814c
info,registry,people,N Pooran,3241e3fd
info,registry,people,PG Pathak,9f772ec5
info,registry,people,Q de Kock,372455c4
info,registry,people,RD Chahar,2ed569a0
info,registry,people,RG Sharma,740742ef
info,registry,people,Ravi Bishnoi,df064e1a
info,registry,people,S Ravi,9b9ee0df
info,registry,people,SA Yadav,271f83cd
info,registry,people,SN Khan,f088b960
info,registry,people,SS Cottrell,a1d053dd
info,registry,people,TA Boult,a818c1be
info,registry,people,UV Gandhe,43dd4011
info,registry,people,VK Sharma,a7a49df4
