match_id,season,start_date,venue,innings,ball,batting_team,bowling_team,striker,non_striker,bowler,runs_off_bat,extras,wides,noballs,byes,legbyes,penalty,wicket_type,player_dismissed,other_wicket_type,other_player_dismissed
1000887,2016/17,2017-01-13,"Brisbane Cricket Ground, Woolloongabba",1,0.1,Australia,Pakistan,DA Warner,TM Head,Mohammad Amir,0,0,,,,,,,,,
1000887,2016/17,2017-01-13,"Brisbane Cricket Ground, Woolloongabba",1,0.2,Australia,Pakistan,DA Warner,TM Head,Mohammad Amir,0,0,,,,,,,,,
1000887,2016/17,2017-01-13,"Brisbane Cricket Ground, Woolloongabba",1,0.3,Australia,Pakistan,DA Warner,TM Head,Mohammad Amir,0,0,,,,,,,,,
1000887,2016/17,2017-01-13,"Brisbane Cricket Ground, Woolloongabba",1,0.4,Australia,Pakistan,DA Warner,TM Head,Mohammad Amir,0,0,,,,,,,,,
1000887,2016/17,2017-01-13,"Brisbane Cricket Ground, Woolloongabba",1,0.5,Australia,Pakistan,DA Warner,TM Head,Mohammad Amir,0,1,1,,,,,,,,
1000887,2016/17,2017-01-13,"Brisbane Cricket Ground, Woolloongabba",1,0.6,Australia,Pakistan,DA Warner,TM Head,Mohammad Amir,0,0,,,,,,,,,
1000887,2016/17,2017-01-13,"Brisbane Cricket Ground, Woolloongabba",1,0.7,Australia,Pakistan,DA Warner,TM Head,Mohammad Amir,0,0,,,,,,,,,
1000887,2016/17,2017-01-13,"Brisbane Cricket Ground, Woolloongabba",1,1.1,Australia,Pakistan,TM Head,DA Warner,Mohammad Hafeez,0,0,,,,,,,,,
1000887,2016/17,2017-01-13,"Brisbane Cricket Ground, Woolloongabba",1,1.2,Australia,Pakistan,TM Head,DA Warner,Mohammad Hafeez,1,0,,,,,,,,,
1000887,2016/17,2017-01-13,"Brisbane Cricket Ground, Woolloongabba",1,1.3,Australia,Pakistan,DA Warner,TM Head,Mohammad Hafeez,0,0,,,,,,,,,
1000887,2016/17,2017-01-13,"Brisbane Cricket Ground, Woolloongabba",1,1.4,Australia,Pakistan,DA Warner,TM Head,Mohammad Hafeez,0,0,,,,,,,,,
1000887,2016/17,2017-01-13,"Brisbane Cricket Ground, Woolloongabba",1,1.5,Australia,Pakistan,DA Warner,TM Head,Mohammad Hafeez,0,0,,,,,,,,,
1000887,2016/17,2017-01-13,"Brisbane Cricket Ground, Woolloongabba",1,1.6,Australia,Pakistan,DA Warner,TM Head,Mohammad Hafeez,0,0,,,,,,,,,
1000887,2016/17,2017-01-13,"Brisbane Cricket Ground, Woolloongabba",1,2.1,Australia,Pakistan,TM Head,DA Warner,Mohammad Amir,1,0,,,,,,,,,
1000887,2016/17,2017-01-13,"Brisbane Cricket Ground, Woolloongabba",1,2.2,Australia,Pakistan,DA Warner,TM Head,Mohammad Amir,0,0,,,,,,,,,
1000887,2016/17,2017-01-13,"Brisbane Cricket Ground, Woolloongabba",1,2.3,Australia,Pakistan,DA Warner,TM Head,Mohammad Amir,1,0,,,,,,,,,
1000887,2016/17,2017-01-13,"Brisbane Cricket Ground, Woolloongabba",1,2.4,Australia,Pakistan,TM Head,DA Warner,Mohammad Amir,1,0,,,,,,,,,
1000887,2016/17,2017-01-13,"Brisbane Cricket Ground, Woolloongabba",1,2.5,Australia,Pakistan,DA Warner,TM Head,Mohammad Amir,0,0,,,,,,,,,
1000887,2016/17,2017-01-13,"Brisbane Cricket Ground, Woolloongabba",1,2.6,Australia,Pakistan,DA Warner,TM Head,Mohammad Amir,0,0,,,,,,,,,
1000887,2016/17,2017-01-13,"Brisbane Cricket Ground, Woolloongabba",1,3.1,Australia,Pakistan,TM Head,DA Warner,Mohammad Hafeez,0,0,,,,,,,,,
1000887,2016/17,2017-01-13,"Brisbane Cricket Ground, Woolloongabba",1,3.2,Australia,Pakistan,TM Head,DA Warner,Mohammad Hafeez,0,0,,,,,,,,,
1000887,2016/17,2017-01-13,"Brisbane Cricket Ground, Woolloongabba",1,3.3,Australia,Pakistan,TM Head,DA Warner,Mohammad Hafeez,1,0,,,,,,,,,
1000887,2016/17,2017-01-13,"Brisbane Cricket Ground, Woolloongabba",1,3.4,Australia,Pakistan,DA Warner,TM Head,Mohammad Hafeez,4,0,,,,,,,,,
1000887,2016/17,2017-01-13,"Brisbane Cricket Ground, Woolloongabba",1,3.5,Australia,Pakistan,DA Warner,TM Head,Mohammad Hafeez,1,0,,,,,,,,,
1000887,2016/17,2017-01-13,"Brisbane Cricket Ground, Woolloongabba",1,3.6,Australia,Pakistan,TM Head,DA Warner,Mohammad Hafeez,0,0,,,,,,,,,
1000887,2016/17,2017-01-13,"Brisbane Cricket Ground, Woolloongabba",1,4.1,Australia,Pakistan,DA Warner,TM Head,Mohammad Amir,1,0,,,,,,,,,
1000887,2016/17,2017-01-13,"Brisbane Cricket Ground, Woolloongabba",1,4.2,Australia,Pakistan,TM Head,DA Warner,Mohammad Amir,1,0,,,,,,,,,
1000887,2016/17,2017-01-13,"Brisbane Cricket Ground, Woolloongabba",1,4.3,Australia,Pakistan,DA Warner,TM Head,Mohammad Amir,0,0,,,,,,bowled,DA Warner,,
1000887,2016/17,2017-01-13,"Brisbane Cricket Ground, Woolloongabba",1,4.4,Australia,Pakistan,SPD Smith,TM Head,Mohammad Amir,0,0,,,,,,caught,SPD Smith,,
1000887,2016/17,2017-01-13,"Brisbane Cricket Ground, Woolloongabba",1,4.5,Australia,Pakistan,CA Lynn,TM Head,Mohammad Amir,0,0,,,,,,,,,
1000887,2016/17,2017-01-13,"Brisbane Cricket Ground, Woolloongabba",1,4.6,Australia,Pakistan,CA Lynn,TM Head,Mohammad Amir,0,0,,,,,,,,,
1000887,2016/17,2017-01-13,"Brisbane Cricket Ground, Woolloongabba",1,5.1,Australia,Pakistan,TM Head,CA Lynn,Hasan Ali,1,0,,,,,,,,,
1000887,2016/17,2017-01-13,"Brisbane Cricket Ground, Woolloongabba",1,5.2,Australia,Pakistan,CA Lynn,TM Head,Hasan Ali,1,0,,,,,,,,,
1000887,2016/17,2017-01-13,"Brisbane Cricket Ground, Woolloongabba",1,5.3,Australia,Pakistan,TM Head,CA Lynn,Hasan Ali,1,0,,,,,,,,,
1000887,2016/17,2017-01-13,"Brisbane Cricket Ground, Woolloongabba",1,5.4,Australia,Pakistan,CA Lynn,TM Head,Hasan Ali,4,0,,,,,,,,,
1000887,2016/17,2017-01-13,"Brisbane Cricket Ground, Woolloongabba",1,5.5,Australia,Pakistan,CA Lynn,TM Head,Hasan Ali,0,1,1,,,,,,,,
1000887,2016/17,2017-01-13,"Brisbane Cricket Ground, Woolloongabba",1,5.6,Australia,Pakistan,CA Lynn,TM Head,Hasan Ali,0,0,,,,,,,,,
1000887,2016/17,2017-01-13,"Brisbane Cricket Ground, Woolloongabba",1,5.7,Australia,Pakistan,CA Lynn,TM Head,Hasan Ali,0,0,,,,,,,,,
1000887,2016/17,2017-01-13,"Brisbane Cricket Ground, Woolloongabba",1,6.1,Australia,Pakistan,TM Head,CA Lynn,Mohammad Amir,0,0,,,,,,,,,
1000887,2016/17,2017-01-13,"Brisbane Cricket Ground, Woolloongabba",1,6.2,Australia,Pakistan,TM Head,CA Lynn,Mohammad Amir,0,0,,,,,,,,,
1000887,2016/17,2017-01-13,"Brisbane Cricket Ground, Woolloongabba",1,6.3,Australia,Pakistan,TM Head,CA Lynn,Mohammad Amir,1,0,,,,,,,,,
1000887,2016/17,2017-01-13,"Brisbane Cricket Ground, Woolloongabba",1,6.4,Australia,Pakistan,CA Lynn,TM Head,Mohammad Amir,3,0,,,,,,,,,
1000887,2016/17,2017-01-13,"Brisbane Cricket Ground, Woolloongabba",1,6.5,Australia,Pakistan,TM Head,CA Lynn,Mohammad Amir,0,0,,,,,,,,,
1000887,2016/17,2017-01-13,"Brisbane Cricket Ground, Woolloongabba",1,6.6,Australia,Pakistan,TM Head,CA Lynn,Mohammad Amir,0,0,,,,,,,,,
1000887,2016/17,2017-01-13,"Brisbane Cricket Ground, Woolloongabba",1,7.1,Australia,Pakistan,CA Lynn,TM Head,Hasan Ali,6,0,,,,,,,,,
1000887,2016/17,2017-01-13,"Brisbane Cricket Ground, Woolloongabba",1,7.2,Australia,Pakistan,CA Lynn,TM Head,Hasan Ali,1,0,,,,,,,,,
1000887,2016/17,2017-01-13,"Brisbane Cricket Ground, Woolloongabba",1,7.3,Australia,Pakistan,TM Head,CA Lynn,Hasan Ali,2,0,,,,,,,,,
1000887,2016/17,2017-01-13,"Brisbane Cricket Ground, Woolloongabba",1,7.4,Australia,Pakistan,TM Head,CA Lynn,Hasan Ali,0,0,,,,,,,,,
1000887,2016/17,2017-01-13,"Brisbane Cricket Ground, Woolloongabba",1,7.5,Australia,Pakistan,TM Head,CA Lynn,Hasan Ali,4,0,,,,,,,,,
1000887,2016/17,2017-01-13,"Brisbane Cricket Ground, Woolloongabba",1,7.6,Australia,Pakistan,TM Head,CA Lynn,Hasan Ali,0,0,,,,,,,,,
1000887,2016/17,2017-01-13,"Brisbane Cricket Ground, Woolloongabba",1,8.1,Australia,Pakistan,CA Lynn,TM Head,Wahab Riaz,0,1,1,,,,,,,,
1000887,2016/17,2017-01-13,"Brisbane Cricket Ground, Woolloongabba",1,8.2,Australia,Pakistan,CA Lynn,TM Head,Wahab Riaz,1,0,,,,,,,,,
1000887,2016/17,2017-01-13,"Brisbane Cricket Ground, Woolloongabba",1,8.3,Australia,Pakistan,TM Head,CA Lynn,Wahab Riaz,4,0,,,,,,,,,
1000887,2016/17,2017-01-13,"Brisbane Cricket Ground, Woolloongabba",1,8.4,Australia,Pakistan,TM Head,CA Lynn,Wahab Riaz,4,0,,,,,,,,,
1000887,2016/17,2017-01-13,"Brisbane Cricket Ground, Woolloongabba",1,8.5,Australia,Pakistan,TM Head,CA Lynn,Wahab Riaz,4,0,,,,,,,,,
1000887,2016/17,2017-01-13,"Brisbane Cricket Ground, Woolloongabba",1,8.6,Australia,Pakistan,TM Head,CA Lynn,Wahab Riaz,0,0,,,,,,,,,
1000887,2016/17,2017-01-13,"Brisbane Cricket Ground, Woolloongabba",1,8.7,Australia,Pakistan,TM Head,CA Lynn,Wahab Riaz,0,0,,,,,,,,,
1000887,2016/17,2017-01-13,"Brisbane Cricket Ground, Woolloongabba",1,9.1,Australia,Pakistan,CA Lynn,TM Head,Hasan Ali,0,0,,,,,,,,,
1000887,2016/17,2017-01-13,"Brisbane Cricket Ground, Woolloongabba",1,9.2,Australia,Pakistan,CA Lynn,TM Head,Hasan Ali,0,0,,,,,,caught,CA Lynn,,
1000887,2016/17,2017-01-13,"Brisbane Cricket Ground, Woolloongabba",1,9.3,Australia,Pakistan,TM Head,MR Marsh,Hasan Ali,4,0,,,,,,,,,
1000887,2016/17,2017-01-13,"Brisbane Cricket Ground, Woolloongabba",1,9.4,Australia,Pakistan,TM Head,MR Marsh,Hasan Ali,4,0,,,,,,,,,
1000887,2016/17,2017-01-13,"Brisbane Cricket Ground, Woolloongabba",1,9.5,Australia,Pakistan,TM Head,MR Marsh,Hasan Ali,0,0,,,,,,,,,
1000887,2016/17,2017-01-13,"Brisbane Cricket Ground, Woolloongabba",1,9.6,Australia,Pakistan,TM Head,MR Marsh,Hasan Ali,1,0,,,,,,,,,
1000887,2016/17,2017-01-13,"Brisbane Cricket Ground, Woolloongabba",1,10.1,Australia,Pakistan,TM Head,MR Marsh,Imad Wasim,1,0,,,,,,,,,
1000887,2016/17,2017-01-13,"Brisbane Cricket Ground, Woolloongabba",1,10.2,Australia,Pakistan,MR Marsh,TM Head,Imad Wasim,0,0,,,,,,,,,
1000887,2016/17,2017-01-13,"Brisbane Cricket Ground, Woolloongabba",1,10.3,Australia,Pakistan,MR Marsh,TM Head,Imad Wasim,0,0,,,,,,,,,
1000887,2016/17,2017-01-13,"Brisbane Cricket Ground, Woolloongabba",1,10.4,Australia,Pakistan,MR Marsh,TM Head,Imad Wasim,0,0,,,,,,,,,
1000887,2016/17,2017-01-13,"Brisbane Cricket Ground, Woolloongabba",1,10.5,Australia,Pakistan,MR Marsh,TM Head,Imad Wasim,0,0,,,,,,,,,
1000887,2016/17,2017-01-13,"Brisbane Cricket Ground, Woolloongabba",1,10.6,Australia,Pakistan,MR Marsh,TM Head,Imad Wasim,0,0,,,,,,,,,
1000887,2016/17,2017-01-13,"Brisbane Cricket Ground, Woolloongabba",1,11.1,Australia,Pakistan,TM Head,MR Marsh,Mohammad Hafeez,1,0,,,,,,,,,
1000887,2016/17,2017-01-13,"Brisbane Cricket Ground, Woolloongabba",1,11.2,Australia,Pakistan,MR Marsh,TM Head,Mohammad Hafeez,1,0,,,,,,,,,
1000887,2016/17,2017-01-13,"Brisbane Cricket Ground, Woolloongabba",1,11.3,Australia,Pakistan,TM Head,MR Marsh,Mohammad Hafeez,0,0,,,,,,,,,
1000887,2016/17,2017-01-13,"Brisbane Cricket Ground, Woolloongabba",1,11.4,Australia,Pakistan,TM Head,MR Marsh,Mohammad Hafeez,0,0,,,,,,,,,
1000887,2016/17,2017-01-13,"Brisbane Cricket Ground, Woolloongabba",1,11.5,Australia,Pakistan,TM Head,MR Marsh,Mohammad Hafeez,0,0,,,,,,,,,
1000887,2016/17,2017-01-13,"Brisbane Cricket Ground, Woolloongabba",1,11.6,Australia,Pakistan,TM Head,MR Marsh,Mohammad Hafeez,1,0,,,,,,,,,
1000887,2016/17,2017-01-13,"Brisbane Cricket Ground, Woolloongabba",1,12.1,Australia,Pakistan,TM Head,MR Marsh,Imad Wasim,0,0,,,,,,,,,
1000887,2016/17,2017-01-13,"Brisbane Cricket Ground, Woolloongabba",1,12.2,Australia,Pakistan,TM Head,MR Marsh,Imad Wasim,0,0,,,,,,,,,
1000887,2016/17,2017-01-13,"Brisbane Cricket Ground, Woolloongabba",1,12.3,Australia,Pakistan,TM Head,MR Marsh,Imad Wasim,1,0,,,,,,,,,
1000887,2016/17,2017-01-13,"Brisbane Cricket Ground, Woolloongabba",1,12.4,Australia,Pakistan,MR Marsh,TM Head,Imad Wasim,0,0,,,,,,,,,
1000887,2016/17,2017-01-13,"Brisbane Cricket Ground, Woolloongabba",1,12.5,Australia,Pakistan,MR Marsh,TM Head,Imad Wasim,1,0,,,,,,,,,
1000887,2016/17,2017-01-13,"Brisbane Cricket Ground, Woolloongabba",1,12.6,Australia,Pakistan,TM Head,MR Marsh,Imad Wasim,0,0,,,,,,caught,TM Head,,
1000887,2016/17,2017-01-13,"Brisbane Cricket Ground, Woolloongabba",1,13.1,Australia,Pakistan,MR Marsh,GJ Maxwell,Mohammad Hafeez,1,0,,,,,,,,,
1000887,2016/17,2017-01-13,"Brisbane Cricket Ground, Woolloongabba",1,13.2,Australia,Pakistan,GJ Maxwell,MR Marsh,Mohammad Hafeez,0,0,,,,,,,,,
1000887,2016/17,2017-01-13,"Brisbane Cricket Ground, Woolloongabba",1,13.3,Australia,Pakistan,GJ Maxwell,MR Marsh,Mohammad Hafeez,2,0,,,,,,,,,
1000887,2016/17,2017-01-13,"Brisbane Cricket Ground, Woolloongabba",1,13.4,Australia,Pakistan,GJ Maxwell,MR Marsh,Mohammad Hafeez,0,0,,,,,,,,,
1000887,2016/17,2017-01-13,"Brisbane Cricket Ground, Woolloongabba",1,13.5,Australia,Pakistan,GJ Maxwell,MR Marsh,Mohammad Hafeez,0,0,,,,,,,,,
1000887,2016/17,2017-01-13,"Brisbane Cricket Ground, Woolloongabba",1,13.6,Australia,Pakistan,GJ Maxwell,MR Marsh,Mohammad Hafeez,0,0,,,,,,,,,
1000887,2016/17,2017-01-13,"Brisbane Cricket Ground, Woolloongabba",1,14.1,Australia,Pakistan,MR Marsh,GJ Maxwell,Imad Wasim,0,0,,,,,,,,,
1000887,2016/17,2017-01-13,"Brisbane Cricket Ground, Woolloongabba",1,14.2,Australia,Pakistan,MR Marsh,GJ Maxwell,Imad Wasim,0,0,,,,,,,,,
1000887,2016/17,2017-01-13,"Brisbane Cricket Ground, Woolloongabba",1,14.3,Australia,Pakistan,MR Marsh,GJ Maxwell,Imad Wasim,0,0,,,,,,,,,
1000887,2016/17,2017-01-13,"Brisbane Cricket Ground, Woolloongabba",1,14.4,Australia,Pakistan,MR Marsh,GJ Maxwell,Imad Wasim,1,0,,,,,,,,,
1000887,2016/17,2017-01-13,"Brisbane Cricket Ground, Woolloongabba",1,14.5,Australia,Pakistan,GJ Maxwell,MR Marsh,Imad Wasim,1,0,,,,,,,,,
1000887,2016/17,2017-01-13,"Brisbane Cricket Ground, Woolloongabba",1,14.6,Australia,Pakistan,MR Marsh,GJ Maxwell,Imad Wasim,0,0,,,,,,,,,
1000887,2016/17,2017-01-13,"Brisbane Cricket Ground, Woolloongabba",1,15.1,Australia,Pakistan,GJ Maxwell,MR Marsh,Wahab Riaz,0,0,,,,,,,,,
1000887,2016/17,2017-01-13,"Brisbane Cricket Ground, Woolloongabba",1,15.2,Australia,Pakistan,GJ Maxwell,MR Marsh,Wahab Riaz,4,0,,,,,,,,,
1000887,2016/17,2017-01-13,"Brisbane Cricket Ground, Woolloongabba",1,15.3,Australia,Pakistan,GJ Maxwell,MR Marsh,Wahab Riaz,0,0,,,,,,,,,
1000887,2016/17,2017-01-13,"Brisbane Cricket Ground, Woolloongabba",1,15.4,Australia,Pakistan,GJ Maxwell,MR Marsh,Wahab Riaz,1,0,,,,,,,,,
1000887,2016/17,2017-01-13,"Brisbane Cricket Ground, Woolloongabba",1,15.5,Australia,Pakistan,MR Marsh,GJ Maxwell,Wahab Riaz,0,0,,,,,,,,,
1000887,2016/17,2017-01-13,"Brisbane Cricket Ground, Woolloongabba",1,15.6,Australia,Pakistan,MR Marsh,GJ Maxwell,Wahab Riaz,0,0,,,,,,,,,
1000887,2016/17,2017-01-13,"Brisbane Cricket Ground, Woolloongabba",1,16.1,Australia,Pakistan,GJ Maxwell,MR Marsh,Imad Wasim,1,0,,,,,,,,,
1000887,2016/17,2017-01-13,"Brisbane Cricket Ground, Woolloongabba",1,16.2,Australia,Pakistan,MR Marsh,GJ Maxwell,Imad Wasim,0,0,,,,,,caught,MR Marsh,,
1000887,2016/17,2017-01-13,"Brisbane Cricket Ground, Woolloongabba",1,16.3,Australia,Pakistan,MS Wade,GJ Maxwell,Imad Wasim,1,0,,,,,,,,,
1000887,2016/17,2017-01-13,"Brisbane Cricket Ground, Woolloongabba",1,16.4,Australia,Pakistan,GJ Maxwell,MS Wade,Imad Wasim,1,0,,,,,,,,,
1000887,2016/17,2017-01-13,"Brisbane Cricket Ground, Woolloongabba",1,16.5,Australia,Pakistan,MS Wade,GJ Maxwell,Imad Wasim,1,0,,,,,,,,,
1000887,2016/17,2017-01-13,"Brisbane Cricket Ground, Woolloongabba",1,16.6,Australia,Pakistan,GJ Maxwell,MS Wade,Imad Wasim,0,0,,,,,,,,,
1000887,2016/17,2017-01-13,"Brisbane Cricket Ground, Woolloongabba",1,17.1,Australia,Pakistan,MS Wade,GJ Maxwell,Wahab Riaz,1,0,,,,,,,,,
1000887,2016/17,2017-01-13,"Brisbane Cricket Ground, Woolloongabba",1,17.2,Australia,Pakistan,GJ Maxwell,MS Wade,Wahab Riaz,1,0,,,,,,,,,
1000887,2016/17,2017-01-13,"Brisbane Cricket Ground, Woolloongabba",1,17.3,Australia,Pakistan,MS Wade,GJ Maxwell,Wahab Riaz,0,1,1,,,,,,,,
1000887,2016/17,2017-01-13,"Brisbane Cricket Ground, Woolloongabba",1,17.4,Australia,Pakistan,MS Wade,GJ Maxwell,Wahab Riaz,0,0,,,,,,,,,
1000887,2016/17,2017-01-13,"Brisbane Cricket Ground, Woolloongabba",1,17.5,Australia,Pakistan,MS Wade,GJ Maxwell,Wahab Riaz,1,0,,,,,,,,,
1000887,2016/17,2017-01-13,"Brisbane Cricket Ground, Woolloongabba",1,17.6,Australia,Pakistan,GJ Maxwell,MS Wade,Wahab Riaz,0,0,,,,,,,,,
1000887,2016/17,2017-01-13,"Brisbane Cricket Ground, Woolloongabba",1,17.7,Australia,Pakistan,GJ Maxwell,MS Wade,Wahab Riaz,1,0,,,,,,,,,
1000887,2016/17,2017-01-13,"Brisbane Cricket Ground, Woolloongabba",1,18.1,Australia,Pakistan,GJ Maxwell,MS Wade,Imad Wasim,1,0,,,,,,,,,
1000887,2016/17,2017-01-13,"Brisbane Cricket Ground, Woolloongabba",1,18.2,Australia,Pakistan,MS Wade,GJ Maxwell,Imad Wasim,0,0,,,,,,,,,
1000887,2016/17,2017-01-13,"Brisbane Cricket Ground, Woolloongabba",1,18.3,Australia,Pakistan,MS Wade,GJ Maxwell,Imad Wasim,0,0,,,,,,,,,
1000887,2016/17,2017-01-13,"Brisbane Cricket Ground, Woolloongabba",1,18.4,Australia,Pakistan,MS Wade,GJ Maxwell,Imad Wasim,1,0,,,,,,,,,
1000887,2016/17,2017-01-13,"Brisbane Cricket Ground, Woolloongabba",1,18.5,Australia,Pakistan,GJ Maxwell,MS Wade,Imad Wasim,0,0,,,,,,,,,
1000887,2016/17,2017-01-13,"Brisbane Cricket Ground, Woolloongabba",1,18.6,Australia,Pakistan,GJ Maxwell,MS Wade,Imad Wasim,0,0,,,,,,,,,
1000887,2016/17,2017-01-13,"Brisbane Cricket Ground, Woolloongabba",1,19.1,Australia,Pakistan,MS Wade,GJ Maxwell,Mohammad Amir,0,0,,,,,,,,,
1000887,2016/17,2017-01-13,"Brisbane Cricket Ground, Woolloongabba",1,19.2,Australia,Pakistan,MS Wade,GJ Maxwell,Mohammad Amir,1,0,,,,,,,,,
1000887,2016/17,2017-01-13,"Brisbane Cricket Ground, Woolloongabba",1,19.3,Australia,Pakistan,GJ Maxwell,MS Wade,Mohammad Amir,1,0,,,,,,,,,
1000887,2016/17,2017-01-13,"Brisbane Cricket Ground, Woolloongabba",1,19.4,Australia,Pakistan,MS Wade,GJ Maxwell,Mohammad Amir,2,0,,,,,,,,,
1000887,2016/17,2017-01-13,"Brisbane Cricket Ground, Woolloongabba",1,19.5,Australia,Pakistan,MS Wade,GJ Maxwell,Mohammad Amir,1,0,,,,,,,,,
1000887,2016/17,2017-01-13,"Brisbane Cricket Ground, Woolloongabba",1,19.6,Australia,Pakistan,GJ Maxwell,MS Wade,Mohammad Amir,1,0,,,,,,,,,
1000887,2016/17,2017-01-13,"Brisbane Cricket Ground, Woolloongabba",1,20.1,Australia,Pakistan,GJ Maxwell,MS Wade,Imad Wasim,1,0,,,,,,,,,
1000887,2016/17,2017-01-13,"Brisbane Cricket Ground, Woolloongabba",1,20.2,Australia,Pakistan,MS Wade,GJ Maxwell,Imad Wasim,0,0,,,,,,,,,
1000887,2016/17,2017-01-13,"Brisbane Cricket Ground, Woolloongabba",1,20.3,Australia,Pakistan,MS Wade,GJ Maxwell,Imad Wasim,0,0,,,,,,,,,
1000887,2016/17,2017-01-13,"Brisbane Cricket Ground, Woolloongabba",1,20.4,Australia,Pakistan,MS Wade,GJ Maxwell,Imad Wasim,1,0,,,,,,,,,
1000887,2016/17,2017-01-13,"Brisbane Cricket Ground, Woolloongabba",1,20.5,Australia,Pakistan,GJ Maxwell,MS Wade,Imad Wasim,0,0,,,,,,,,,
1000887,2016/17,2017-01-13,"Brisbane Cricket Ground, Woolloongabba",1,20.6,Australia,Pakistan,GJ Maxwell,MS Wade,Imad Wasim,2,0,,,,,,,,,
1000887,2016/17,2017-01-13,"Brisbane Cricket Ground, Woolloongabba",1,21.1,Australia,Pakistan,MS Wade,GJ Maxwell,Mohammad Amir,0,0,,,,,,,,,
1000887,2016/17,2017-01-13,"Brisbane Cricket Ground, Woolloongabba",1,21.2,Australia,Pakistan,MS Wade,GJ Maxwell,Mohammad Amir,0,0,,,,,,,,,
1000887,2016/17,2017-01-13,"Brisbane Cricket Ground, Woolloongabba",1,21.3,Australia,Pakistan,MS Wade,GJ Maxwell,Mohammad Amir,4,0,,,,,,,,,
1000887,2016/17,2017-01-13,"Brisbane Cricket Ground, Woolloongabba",1,21.4,Australia,Pakistan,MS Wade,GJ Maxwell,Mohammad Amir,0,0,,,,,,,,,
1000887,2016/17,2017-01-13,"Brisbane Cricket Ground, Woolloongabba",1,21.5,Australia,Pakistan,MS Wade,GJ Maxwell,Mohammad Amir,1,0,,,,,,,,,
1000887,2016/17,2017-01-13,"Brisbane Cricket Ground, Woolloongabba",1,21.6,Australia,Pakistan,GJ Maxwell,MS Wade,Mohammad Amir,2,0,,,,,,,,,
1000887,2016/17,2017-01-13,"Brisbane Cricket Ground, Woolloongabba",1,22.1,Australia,Pakistan,MS Wade,GJ Maxwell,Imad Wasim,0,0,,,,,,,,,
1000887,2016/17,2017-01-13,"Brisbane Cricket Ground, Woolloongabba",1,22.2,Australia,Pakistan,MS Wade,GJ Maxwell,Imad Wasim,0,0,,,,,,,,,
1000887,2016/17,2017-01-13,"Brisbane Cricket Ground, Woolloongabba",1,22.3,Australia,Pakistan,MS Wade,GJ Maxwell,Imad Wasim,1,0,,,,,,,,,
1000887,2016/17,2017-01-13,"Brisbane Cricket Ground, Woolloongabba",1,22.4,Australia,Pakistan,GJ Maxwell,MS Wade,Imad Wasim,0,0,,,,,,,,,
1000887,2016/17,2017-01-13,"Brisbane Cricket Ground, Woolloongabba",1,22.5,Australia,Pakistan,GJ Maxwell,MS Wade,Imad Wasim,1,0,,,,,,,,,
1000887,2016/17,2017-01-13,"Brisbane Cricket Ground, Woolloongabba",1,22.6,Australia,Pakistan,MS Wade,GJ Maxwell,Imad Wasim,0,0,,,,,,,,,
1000887,2016/17,2017-01-13,"Brisbane Cricket Ground, Woolloongabba",1,23.1,Australia,Pakistan,GJ Maxwell,MS Wade,Mohammad Nawaz (3),4,0,,,,,,,,,
1000887,2016/17,2017-01-13,"Brisbane Cricket Ground, Woolloongabba",1,23.2,Australia,Pakistan,GJ Maxwell,MS Wade,Mohammad Nawaz (3),0,0,,,,,,,,,
1000887,2016/17,2017-01-13,"Brisbane Cricket Ground, Woolloongabba",1,23.3,Australia,Pakistan,GJ Maxwell,MS Wade,Mohammad Nawaz (3),1,0,,,,,,,,,
1000887,2016/17,2017-01-13,"Brisbane Cricket Ground, Woolloongabba",1,23.4,Australia,Pakistan,MS Wade,GJ Maxwell,Mohammad Nawaz (3),0,0,,,,,,,,,
1000887,2016/17,2017-01-13,"Brisbane Cricket Ground, Woolloongabba",1,23.5,Australia,Pakistan,MS Wade,GJ Maxwell,Mohammad Nawaz (3),1,0,,,,,,,,,
1000887,2016/17,2017-01-13,"Brisbane Cricket Ground, Woolloongabba",1,23.6,Australia,Pakistan,GJ Maxwell,MS Wade,Mohammad Nawaz (3),0,0,,,,,,,,,
1000887,2016/17,2017-01-13,"Brisbane Cricket Ground, Woolloongabba",1,24.1,Australia,Pakistan,MS Wade,GJ Maxwell,Imad Wasim,0,0,,,,,,,,,
1000887,2016/17,2017-01-13,"Brisbane Cricket Ground, Woolloongabba",1,24.2,Australia,Pakistan,MS Wade,GJ Maxwell,Imad Wasim,1,0,,,,,,,,,
1000887,2016/17,2017-01-13,"Brisbane Cricket Ground, Woolloongabba",1,24.3,Australia,Pakistan,GJ Maxwell,MS Wade,Imad Wasim,4,0,,,,,,,,,
1000887,2016/17,2017-01-13,"Brisbane Cricket Ground, Woolloongabba",1,24.4,Australia,Pakistan,GJ Maxwell,MS Wade,Imad Wasim,2,0,,,,,,,,,
1000887,2016/17,2017-01-13,"Brisbane Cricket Ground, Woolloongabba",1,24.5,Australia,Pakistan,GJ Maxwell,MS Wade,Imad Wasim,0,0,,,,,,,,,
1000887,2016/17,2017-01-13,"Brisbane Cricket Ground, Woolloongabba",1,24.6,Australia,Pakistan,GJ Maxwell,MS Wade,Imad Wasim,4,0,,,,,,,,,
1000887,2016/17,2017-01-13,"Brisbane Cricket Ground, Woolloongabba",1,25.1,Australia,Pakistan,MS Wade,GJ Maxwell,Mohammad Nawaz (3),0,0,,,,,,,,,
1000887,2016/17,2017-01-13,"Brisbane Cricket Ground, Woolloongabba",1,25.2,Australia,Pakistan,MS Wade,GJ Maxwell,Mohammad Nawaz (3),1,0,,,,,,,,,
1000887,2016/17,2017-01-13,"Brisbane Cricket Ground, Woolloongabba",1,25.3,Australia,Pakistan,GJ Maxwell,MS Wade,Mohammad Nawaz (3),0,0,,,,,,,,,
1000887,2016/17,2017-01-13,"Brisbane Cricket Ground, Woolloongabba",1,25.4,Australia,Pakistan,GJ Maxwell,MS Wade,Mohammad Nawaz (3),4,0,,,,,,,,,
1000887,2016/17,2017-01-13,"Brisbane Cricket Ground, Woolloongabba",1,25.5,Australia,Pakistan,GJ Maxwell,MS Wade,Mohammad Nawaz (3),1,0,,,,,,,,,
1000887,2016/17,2017-01-13,"Brisbane Cricket Ground, Woolloongabba",1,25.6,Australia,Pakistan,MS Wade,GJ Maxwell,Mohammad Nawaz (3),0,0,,,,,,,,,
1000887,2016/17,2017-01-13,"Brisbane Cricket Ground, Woolloongabba",1,26.1,Australia,Pakistan,GJ Maxwell,MS Wade,Hasan Ali,1,0,,,,,,,,,
1000887,2016/17,2017-01-13,"Brisbane Cricket Ground, Woolloongabba",1,26.2,Australia,Pakistan,MS Wade,GJ Maxwell,Hasan Ali,1,0,,,,,,,,,
1000887,2016/17,2017-01-13,"Brisbane Cricket Ground, Woolloongabba",1,26.3,Australia,Pakistan,GJ Maxwell,MS Wade,Hasan Ali,1,0,,,,,,,,,
1000887,2016/17,2017-01-13,"Brisbane Cricket Ground, Woolloongabba",1,26.4,Australia,Pakistan,MS Wade,GJ Maxwell,Hasan Ali,2,0,,,,,,,,,
1000887,2016/17,2017-01-13,"Brisbane Cricket Ground, Woolloongabba",1,26.5,Australia,Pakistan,MS Wade,GJ Maxwell,Hasan Ali,0,0,,,,,,,,,
1000887,2016/17,2017-01-13,"Brisbane Cricket Ground, Woolloongabba",1,26.6,Australia,Pakistan,MS Wade,GJ Maxwell,Hasan Ali,0,0,,,,,,,,,
1000887,2016/17,2017-01-13,"Brisbane Cricket Ground, Woolloongabba",1,27.1,Australia,Pakistan,GJ Maxwell,MS Wade,Mohammad Nawaz (3),4,0,,,,,,,,,
1000887,2016/17,2017-01-13,"Brisbane Cricket Ground, Woolloongabba",1,27.2,Australia,Pakistan,GJ Maxwell,MS Wade,Mohammad Nawaz (3),0,0,,,,,,,,,
1000887,2016/17,2017-01-13,"Brisbane Cricket Ground, Woolloongabba",1,27.3,Australia,Pakistan,GJ Maxwell,MS Wade,Mohammad Nawaz (3),1,0,,,,,,,,,
1000887,2016/17,2017-01-13,"Brisbane Cricket Ground, Woolloongabba",1,27.4,Australia,Pakistan,MS Wade,GJ Maxwell,Mohammad Nawaz (3),1,0,,,,,,,,,
1000887,2016/17,2017-01-13,"Brisbane Cricket Ground, Woolloongabba",1,27.5,Australia,Pakistan,GJ Maxwell,MS Wade,Mohammad Nawaz (3),1,0,,,,,,,,,
1000887,2016/17,2017-01-13,"Brisbane Cricket Ground, Woolloongabba",1,27.6,Australia,Pakistan,MS Wade,GJ Maxwell,Mohammad Nawaz (3),2,0,,,,,,,,,
1000887,2016/17,2017-01-13,"Brisbane Cricket Ground, Woolloongabba",1,28.1,Australia,Pakistan,GJ Maxwell,MS Wade,Hasan Ali,1,0,,,,,,,,,
1000887,2016/17,2017-01-13,"Brisbane Cricket Ground, Woolloongabba",1,28.2,Australia,Pakistan,MS Wade,GJ Maxwell,Hasan Ali,1,0,,,,,,,,,
1000887,2016/17,2017-01-13,"Brisbane Cricket Ground, Woolloongabba",1,28.3,Australia,Pakistan,GJ Maxwell,MS Wade,Hasan Ali,1,0,,,,,,,,,
1000887,2016/17,2017-01-13,"Brisbane Cricket Ground, Woolloongabba",1,28.4,Australia,Pakistan,MS Wade,GJ Maxwell,Hasan Ali,1,0,,,,,,,,,
1000887,2016/17,2017-01-13,"Brisbane Cricket Ground, Woolloongabba",1,28.5,Australia,Pakistan,GJ Maxwell,MS Wade,Hasan Ali,1,0,,,,,,,,,
1000887,2016/17,2017-01-13,"Brisbane Cricket Ground, Woolloongabba",1,28.6,Australia,Pakistan,MS Wade,GJ Maxwell,Hasan Ali,0,0,,,,,,,,,
1000887,2016/17,2017-01-13,"Brisbane Cricket Ground, Woolloongabba",1,29.1,Australia,Pakistan,GJ Maxwell,MS Wade,Wahab Riaz,1,0,,,,,,,,,
1000887,2016/17,2017-01-13,"Brisbane Cricket Ground, Woolloongabba",1,29.2,Australia,Pakistan,MS Wade,GJ Maxwell,Wahab Riaz,1,0,,,,,,,,,
1000887,2016/17,2017-01-13,"Brisbane Cricket Ground, Woolloongabba",1,29.3,Australia,Pakistan,GJ Maxwell,MS Wade,Wahab Riaz,0,0,,,,,,,,,
1000887,2016/17,2017-01-13,"Brisbane Cricket Ground, Woolloongabba",1,29.4,Australia,Pakistan,GJ Maxwell,MS Wade,Wahab Riaz,0,1,1,,,,,,,,
1000887,2016/17,2017-01-13,"Brisbane Cricket Ground, Woolloongabba",1,29.5,Australia,Pakistan,GJ Maxwell,MS Wade,Wahab Riaz,1,0,,,,,,,,,
1000887,2016/17,2017-01-13,"Brisbane Cricket Ground, Woolloongabba",1,29.6,Australia,Pakistan,MS Wade,GJ Maxwell,Wahab Riaz,0,0,,,,,,,,,
1000887,2016/17,2017-01-13,"Brisbane Cricket Ground, Woolloongabba",1,29.7,Australia,Pakistan,MS Wade,GJ Maxwell,Wahab Riaz,0,0,,,,,,,,,
1000887,2016/17,2017-01-13,"Brisbane Cricket Ground, Woolloongabba",1,30.1,Australia,Pakistan,GJ Maxwell,MS Wade,Hasan Ali,0,0,,,,,,,,,
1000887,2016/17,2017-01-13,"Brisbane Cricket Ground, Woolloongabba",1,30.2,Australia,Pakistan,GJ Maxwell,MS Wade,Hasan Ali,0,1,1,,,,,,,,
1000887,2016/17,2017-01-13,"Brisbane Cricket Ground, Woolloongabba",1,30.3,Australia,Pakistan,GJ Maxwell,MS Wade,Hasan Ali,4,0,,,,,,,,,
1000887,2016/17,2017-01-13,"Brisbane Cricket Ground, Woolloongabba",1,30.4,Australia,Pakistan,GJ Maxwell,MS Wade,Hasan Ali,0,0,,,,,,,,,
1000887,2016/17,2017-01-13,"Brisbane Cricket Ground, Woolloongabba",1,30.5,Australia,Pakistan,GJ Maxwell,MS Wade,Hasan Ali,0,0,,,,,,,,,
1000887,2016/17,2017-01-13,"Brisbane Cricket Ground, Woolloongabba",1,30.6,Australia,Pakistan,GJ Maxwell,MS Wade,Hasan Ali,2,0,,,,,,,,,
1000887,2016/17,2017-01-13,"Brisbane Cricket Ground, Woolloongabba",1,30.7,Australia,Pakistan,GJ Maxwell,MS Wade,Hasan Ali,0,0,,,,,,caught,GJ Maxwell,,
1000887,2016/17,2017-01-13,"Brisbane Cricket Ground, Woolloongabba",1,31.1,Australia,Pakistan,MS Wade,JP Faulkner,Wahab Riaz,0,0,,,,,,,,,
1000887,2016/17,2017-01-13,"Brisbane Cricket Ground, Woolloongabba",1,31.2,Australia,Pakistan,MS Wade,JP Faulkner,Wahab Riaz,1,0,,,,,,,,,
1000887,2016/17,2017-01-13,"Brisbane Cricket Ground, Woolloongabba",1,31.3,Australia,Pakistan,JP Faulkner,MS Wade,Wahab Riaz,0,0,,,,,,,,,
1000887,2016/17,2017-01-13,"Brisbane Cricket Ground, Woolloongabba",1,31.4,Australia,Pakistan,JP Faulkner,MS Wade,Wahab Riaz,0,0,,,,,,,,,
1000887,2016/17,2017-01-13,"Brisbane Cricket Ground, Woolloongabba",1,31.5,Australia,Pakistan,JP Faulkner,MS Wade,Wahab Riaz,0,0,,,,,,,,,
1000887,2016/17,2017-01-13,"Brisbane Cricket Ground, Woolloongabba",1,31.6,Australia,Pakistan,JP Faulkner,MS Wade,Wahab Riaz,2,0,,,,,,,,,
1000887,2016/17,2017-01-13,"Brisbane Cricket Ground, Woolloongabba",1,32.1,Australia,Pakistan,MS Wade,JP Faulkner,Mohammad Hafeez,1,0,,,,,,,,,
1000887,2016/17,2017-01-13,"Brisbane Cricket Ground, Woolloongabba",1,32.2,Australia,Pakistan,JP Faulkner,MS Wade,Mohammad Hafeez,0,1,1,,,,,,,,
1000887,2016/17,2017-01-13,"Brisbane Cricket Ground, Woolloongabba",1,32.3,Australia,Pakistan,JP Faulkner,MS Wade,Mohammad Hafeez,1,0,,,,,,,,,
1000887,2016/17,2017-01-13,"Brisbane Cricket Ground, Woolloongabba",1,32.4,Australia,Pakistan,MS Wade,JP Faulkner,Mohammad Hafeez,1,0,,,,,,,,,
1000887,2016/17,2017-01-13,"Brisbane Cricket Ground, Woolloongabba",1,32.5,Australia,Pakistan,JP Faulkner,MS Wade,Mohammad Hafeez,0,0,,,,,,,,,
1000887,2016/17,2017-01-13,"Brisbane Cricket Ground, Woolloongabba",1,32.6,Australia,Pakistan,JP Faulkner,MS Wade,Mohammad Hafeez,0,0,,,,,,,,,
1000887,2016/17,2017-01-13,"Brisbane Cricket Ground, Woolloongabba",1,32.7,Australia,Pakistan,JP Faulkner,MS Wade,Mohammad Hafeez,1,0,,,,,,,,,
1000887,2016/17,2017-01-13,"Brisbane Cricket Ground, Woolloongabba",1,33.1,Australia,Pakistan,JP Faulkner,MS Wade,Mohammad Nawaz (3),0,0,,,,,,,,,
1000887,2016/17,2017-01-13,"Brisbane Cricket Ground, Woolloongabba",1,33.2,Australia,Pakistan,JP Faulkner,MS Wade,Mohammad Nawaz (3),1,0,,,,,,,,,
1000887,2016/17,2017-01-13,"Brisbane Cricket Ground, Woolloongabba",1,33.3,Australia,Pakistan,MS Wade,JP Faulkner,Mohammad Nawaz (3),0,0,,,,,,,,,
1000887,2016/17,2017-01-13,"Brisbane Cricket Ground, Woolloongabba",1,33.4,Australia,Pakistan,MS Wade,JP Faulkner,Mohammad Nawaz (3),1,0,,,,,,,,,
1000887,2016/17,2017-01-13,"Brisbane Cricket Ground, Woolloongabba",1,33.5,Australia,Pakistan,JP Faulkner,MS Wade,Mohammad Nawaz (3),0,0,,,,,,,,,
1000887,2016/17,2017-01-13,"Brisbane Cricket Ground, Woolloongabba",1,33.6,Australia,Pakistan,JP Faulkner,MS Wade,Mohammad Nawaz (3),0,0,,,,,,caught,JP Faulkner,,
1000887,2016/17,2017-01-13,"Brisbane Cricket Ground, Woolloongabba",1,34.1,Australia,Pakistan,MS Wade,PJ Cummins,Mohammad Hafeez,0,0,,,,,,,,,
1000887,2016/17,2017-01-13,"Brisbane Cricket Ground, Woolloongabba",1,34.2,Australia,Pakistan,MS Wade,PJ Cummins,Mohammad Hafeez,1,0,,,,,,,,,
1000887,2016/17,2017-01-13,"Brisbane Cricket Ground, Woolloongabba",1,34.3,Australia,Pakistan,PJ Cummins,MS Wade,Mohammad Hafeez,1,0,,,,,,,,,
1000887,2016/17,2017-01-13,"Brisbane Cricket Ground, Woolloongabba",1,34.4,Australia,Pakistan,MS Wade,PJ Cummins,Mohammad Hafeez,1,0,,,,,,,,,
1000887,2016/17,2017-01-13,"Brisbane Cricket Ground, Woolloongabba",1,34.5,Australia,Pakistan,PJ Cummins,MS Wade,Mohammad Hafeez,0,0,,,,,,,,,
1000887,2016/17,2017-01-13,"Brisbane Cricket Ground, Woolloongabba",1,34.6,Australia,Pakistan,PJ Cummins,MS Wade,Mohammad Hafeez,0,0,,,,,,,,,
1000887,2016/17,2017-01-13,"Brisbane Cricket Ground, Woolloongabba",1,35.1,Australia,Pakistan,MS Wade,PJ Cummins,Mohammad Nawaz (3),1,0,,,,,,,,,
1000887,2016/17,2017-01-13,"Brisbane Cricket Ground, Woolloongabba",1,35.2,Australia,Pakistan,PJ Cummins,MS Wade,Mohammad Nawaz (3),0,0,,,,,,,,,
1000887,2016/17,2017-01-13,"Brisbane Cricket Ground, Woolloongabba",1,35.3,Australia,Pakistan,PJ Cummins,MS Wade,Mohammad Nawaz (3),0,0,,,,,,,,,
1000887,2016/17,2017-01-13,"Brisbane Cricket Ground, Woolloongabba",1,35.4,Australia,Pakistan,PJ Cummins,MS Wade,Mohammad Nawaz (3),0,0,,,,,,,,,
1000887,2016/17,2017-01-13,"Brisbane Cricket Ground, Woolloongabba",1,35.5,Australia,Pakistan,PJ Cummins,MS Wade,Mohammad Nawaz (3),0,0,,,,,,,,,
1000887,2016/17,2017-01-13,"Brisbane Cricket Ground, Woolloongabba",1,35.6,Australia,Pakistan,PJ Cummins,MS Wade,Mohammad Nawaz (3),1,0,,,,,,,,,
1000887,2016/17,2017-01-13,"Brisbane Cricket Ground, Woolloongabba",1,36.1,Australia,Pakistan,PJ Cummins,MS Wade,Mohammad Hafeez,1,0,,,,,,,,,
1000887,2016/17,2017-01-13,"Brisbane Cricket Ground, Woolloongabba",1,36.2,Australia,Pakistan,MS Wade,PJ Cummins,Mohammad Hafeez,0,0,,,,,,,,,
1000887,2016/17,2017-01-13,"Brisbane Cricket Ground, Woolloongabba",1,36.3,Australia,Pakistan,MS Wade,PJ Cummins,Mohammad Hafeez,0,0,,,,,,,,,
1000887,2016/17,2017-01-13,"Brisbane Cricket Ground, Woolloongabba",1,36.4,Australia,Pakistan,MS Wade,PJ Cummins,Mohammad Hafeez,1,0,,,,,,,,,
1000887,2016/17,2017-01-13,"Brisbane Cricket Ground, Woolloongabba",1,36.5,Australia,Pakistan,PJ Cummins,MS Wade,Mohammad Hafeez,0,0,,,,,,,,,
1000887,2016/17,2017-01-13,"Brisbane Cricket Ground, Woolloongabba",1,36.6,Australia,Pakistan,PJ Cummins,MS Wade,Mohammad Hafeez,0,0,,,,,,,,,
1000887,2016/17,2017-01-13,"Brisbane Cricket Ground, Woolloongabba",1,37.1,Australia,Pakistan,MS Wade,PJ Cummins,Mohammad Nawaz (3),1,0,,,,,,,,,
1000887,2016/17,2017-01-13,"Brisbane Cricket Ground, Woolloongabba",1,37.2,Australia,Pakistan,PJ Cummins,MS Wade,Mohammad Nawaz (3),1,0,,,,,,,,,
1000887,2016/17,2017-01-13,"Brisbane Cricket Ground, Woolloongabba",1,37.3,Australia,Pakistan,MS Wade,PJ Cummins,Mohammad Nawaz (3),1,0,,,,,,,,,
1000887,2016/17,2017-01-13,"Brisbane Cricket Ground, Woolloongabba",1,37.4,Australia,Pakistan,PJ Cummins,MS Wade,Mohammad Nawaz (3),0,0,,,,,,,,,
1000887,2016/17,2017-01-13,"Brisbane Cricket Ground, Woolloongabba",1,37.5,Australia,Pakistan,PJ Cummins,MS Wade,Mohammad Nawaz (3),2,0,,,,,,,,,
1000887,2016/17,2017-01-13,"Brisbane Cricket Ground, Woolloongabba",1,37.6,Australia,Pakistan,PJ Cummins,MS Wade,Mohammad Nawaz (3),1,0,,,,,,,,,
1000887,2016/17,2017-01-13,"Brisbane Cricket Ground, Woolloongabba",1,38.1,Australia,Pakistan,PJ Cummins,MS Wade,Imad Wasim,0,0,,,,,,,,,
1000887,2016/17,2017-01-13,"Brisbane Cricket Ground, Woolloongabba",1,38.2,Australia,Pakistan,PJ Cummins,MS Wade,Imad Wasim,0,1,,,,1,,,,,
1000887,2016/17,2017-01-13,"Brisbane Cricket Ground, Woolloongabba",1,38.3,Australia,Pakistan,MS Wade,PJ Cummins,Imad Wasim,1,0,,,,,,,,,
1000887,2016/17,2017-01-13,"Brisbane Cricket Ground, Woolloongabba",1,38.4,Australia,Pakistan,PJ Cummins,MS Wade,Imad Wasim,1,0,,,,,,,,,
1000887,2016/17,2017-01-13,"Brisbane Cricket Ground, Woolloongabba",1,38.5,Australia,Pakistan,MS Wade,PJ Cummins,Imad Wasim,1,0,,,,,,,,,
1000887,2016/17,2017-01-13,"Brisbane Cricket Ground, Woolloongabba",1,38.6,Australia,Pakistan,PJ Cummins,MS Wade,Imad Wasim,2,0,,,,,,,,,
1000887,2016/17,2017-01-13,"Brisbane Cricket Ground, Woolloongabba",1,39.1,Australia,Pakistan,MS Wade,PJ Cummins,Mohammad Nawaz (3),2,0,,,,,,,,,
1000887,2016/17,2017-01-13,"Brisbane Cricket Ground, Woolloongabba",1,39.2,Australia,Pakistan,MS Wade,PJ Cummins,Mohammad Nawaz (3),0,0,,,,,,,,,
1000887,2016/17,2017-01-13,"Brisbane Cricket Ground, Woolloongabba",1,39.3,Australia,Pakistan,MS Wade,PJ Cummins,Mohammad Nawaz (3),1,0,,,,,,,,,
1000887,2016/17,2017-01-13,"Brisbane Cricket Ground, Woolloongabba",1,39.4,Australia,Pakistan,PJ Cummins,MS Wade,Mohammad Nawaz (3),0,0,,,,,,,,,
1000887,2016/17,2017-01-13,"Brisbane Cricket Ground, Woolloongabba",1,39.5,Australia,Pakistan,PJ Cummins,MS Wade,Mohammad Nawaz (3),0,0,,,,,,,,,
1000887,2016/17,2017-01-13,"Brisbane Cricket Ground, Woolloongabba",1,39.6,Australia,Pakistan,PJ Cummins,MS Wade,Mohammad Nawaz (3),1,0,,,,,,,,,
1000887,2016/17,2017-01-13,"Brisbane Cricket Ground, Woolloongabba",1,40.1,Australia,Pakistan,PJ Cummins,MS Wade,Imad Wasim,1,0,,,,,,,,,
1000887,2016/17,2017-01-13,"Brisbane Cricket Ground, Woolloongabba",1,40.2,Australia,Pakistan,MS Wade,PJ Cummins,Imad Wasim,1,0,,,,,,,,,
1000887,2016/17,2017-01-13,"Brisbane Cricket Ground, Woolloongabba",1,40.3,Australia,Pakistan,PJ Cummins,MS Wade,Imad Wasim,0,0,,,,,,,,,
1000887,2016/17,2017-01-13,"Brisbane Cricket Ground, Woolloongabba",1,40.4,Australia,Pakistan,PJ Cummins,MS Wade,Imad Wasim,0,0,,,,,,,,,
1000887,2016/17,2017-01-13,"Brisbane Cricket Ground, Woolloongabba",1,40.5,Australia,Pakistan,PJ Cummins,MS Wade,Imad Wasim,0,0,,,,,,,,,
1000887,2016/17,2017-01-13,"Brisbane Cricket Ground, Woolloongabba",1,40.6,Australia,Pakistan,PJ Cummins,MS Wade,Imad Wasim,0,0,,,,,,,,,
1000887,2016/17,2017-01-13,"Brisbane Cricket Ground, Woolloongabba",1,41.1,Australia,Pakistan,MS Wade,PJ Cummins,Mohammad Nawaz (3),6,0,,,,,,,,,
1000887,2016/17,2017-01-13,"Brisbane Cricket Ground, Woolloongabba",1,41.2,Australia,Pakistan,MS Wade,PJ Cummins,Mohammad Nawaz (3),2,0,,,,,,,,,
1000887,2016/17,2017-01-13,"Brisbane Cricket Ground, Woolloongabba",1,41.3,Australia,Pakistan,MS Wade,PJ Cummins,Mohammad Nawaz (3),2,0,,,,,,,,,
1000887,2016/17,2017-01-13,"Brisbane Cricket Ground, Woolloongabba",1,41.4,Australia,Pakistan,MS Wade,PJ Cummins,Mohammad Nawaz (3),1,0,,,,,,,,,
1000887,2016/17,2017-01-13,"Brisbane Cricket Ground, Woolloongabba",1,41.5,Australia,Pakistan,PJ Cummins,MS Wade,Mohammad Nawaz (3),1,0,,,,,,,,,
1000887,2016/17,2017-01-13,"Brisbane Cricket Ground, Woolloongabba",1,41.6,Australia,Pakistan,MS Wade,PJ Cummins,Mohammad Nawaz (3),1,0,,,,,,,,,
1000887,2016/17,2017-01-13,"Brisbane Cricket Ground, Woolloongabba",1,42.1,Australia,Pakistan,MS Wade,PJ Cummins,Mohammad Amir,1,0,,,,,,,,,
1000887,2016/17,2017-01-13,"Brisbane Cricket Ground, Woolloongabba",1,42.2,Australia,Pakistan,PJ Cummins,MS Wade,Mohammad Amir,0,0,,,,,,,,,
1000887,2016/17,2017-01-13,"Brisbane Cricket Ground, Woolloongabba",1,42.3,Australia,Pakistan,PJ Cummins,MS Wade,Mohammad Amir,2,0,,,,,,,,,
1000887,2016/17,2017-01-13,"Brisbane Cricket Ground, Woolloongabba",1,42.4,Australia,Pakistan,PJ Cummins,MS Wade,Mohammad Amir,0,0,,,,,,,,,
1000887,2016/17,2017-01-13,"Brisbane Cricket Ground, Woolloongabba",1,42.5,Australia,Pakistan,PJ Cummins,MS Wade,Mohammad Amir,0,1,1,,,,,,,,
1000887,2016/17,2017-01-13,"Brisbane Cricket Ground, Woolloongabba",1,42.6,Australia,Pakistan,PJ Cummins,MS Wade,Mohammad Amir,0,0,,,,,,run out,PJ Cummins,,
1000887,2016/17,2017-01-13,"Brisbane Cricket Ground, Woolloongabba",1,42.7,Australia,Pakistan,MS Wade,MA Starc,Mohammad Amir,1,0,,,,,,,,,
1000887,2016/17,2017-01-13,"Brisbane Cricket Ground, Woolloongabba",1,43.1,Australia,Pakistan,MS Wade,MA Starc,Wahab Riaz,0,1,,1,,,,,,,
1000887,2016/17,2017-01-13,"Brisbane Cricket Ground, Woolloongabba",1,43.2,Australia,Pakistan,MS Wade,MA Starc,Wahab Riaz,4,0,,,,,,,,,
1000887,2016/17,2017-01-13,"Brisbane Cricket Ground, Woolloongabba",1,43.3,Australia,Pakistan,MS Wade,MA Starc,Wahab Riaz,0,0,,,,,,,,,
1000887,2016/17,2017-01-13,"Brisbane Cricket Ground, Woolloongabba",1,43.4,Australia,Pakistan,MS Wade,MA Starc,Wahab Riaz,0,0,,,,,,,,,
1000887,2016/17,2017-01-13,"Brisbane Cricket Ground, Woolloongabba",1,43.5,Australia,Pakistan,MS Wade,MA Starc,Wahab Riaz,4,0,,,,,,,,,
1000887,2016/17,2017-01-13,"Brisbane Cricket Ground, Woolloongabba",1,43.6,Australia,Pakistan,MS Wade,MA Starc,Wahab Riaz,1,0,,,,,,,,,
1000887,2016/17,2017-01-13,"Brisbane Cricket Ground, Woolloongabba",1,43.7,Australia,Pakistan,MA Starc,MS Wade,Wahab Riaz,1,0,,,,,,,,,
1000887,2016/17,2017-01-13,"Brisbane Cricket Ground, Woolloongabba",1,44.1,Australia,Pakistan,MA Starc,MS Wade,Mohammad Amir,0,0,,,,,,,,,
1000887,2016/17,2017-01-13,"Brisbane Cricket Ground, Woolloongabba",1,44.2,Australia,Pakistan,MA Starc,MS Wade,Mohammad Amir,1,0,,,,,,,,,
1000887,2016/17,2017-01-13,"Brisbane Cricket Ground, Woolloongabba",1,44.3,Australia,Pakistan,MS Wade,MA Starc,Mohammad Amir,0,0,,,,,,,,,
1000887,2016/17,2017-01-13,"Brisbane Cricket Ground, Woolloongabba",1,44.4,Australia,Pakistan,MS Wade,MA Starc,Mohammad Amir,1,0,,,,,,,,,
1000887,2016/17,2017-01-13,"Brisbane Cricket Ground, Woolloongabba",1,44.5,Australia,Pakistan,MA Starc,MS Wade,Mohammad Amir,6,0,,,,,,,,,
1000887,2016/17,2017-01-13,"Brisbane Cricket Ground, Woolloongabba",1,44.6,Australia,Pakistan,MA Starc,MS Wade,Mohammad Amir,1,0,,,,,,,,,
1000887,2016/17,2017-01-13,"Brisbane Cricket Ground, Woolloongabba",1,45.1,Australia,Pakistan,MA Starc,MS Wade,Hasan Ali,1,0,,,,,,,,,
1000887,2016/17,2017-01-13,"Brisbane Cricket Ground, Woolloongabba",1,45.2,Australia,Pakistan,MS Wade,MA Starc,Hasan Ali,1,0,,,,,,,,,
1000887,2016/17,2017-01-13,"Brisbane Cricket Ground, Woolloongabba",1,45.3,Australia,Pakistan,MA Starc,MS Wade,Hasan Ali,0,0,,,,,,,,,
1000887,2016/17,2017-01-13,"Brisbane Cricket Ground, Woolloongabba",1,45.4,Australia,Pakistan,MA Starc,MS Wade,Hasan Ali,0,0,,,,,,bowled,MA Starc,,
1000887,2016/17,2017-01-13,"Brisbane Cricket Ground, Woolloongabba",1,45.5,Australia,Pakistan,B Stanlake,MS Wade,Hasan Ali,0,0,,,,,,,,,
1000887,2016/17,2017-01-13,"Brisbane Cricket Ground, Woolloongabba",1,45.6,Australia,Pakistan,B Stanlake,MS Wade,Hasan Ali,0,0,,,,,,,,,
1000887,2016/17,2017-01-13,"Brisbane Cricket Ground, Woolloongabba",1,46.1,Australia,Pakistan,MS Wade,B Stanlake,Mohammad Amir,0,0,,,,,,,,,
1000887,2016/17,2017-01-13,"Brisbane Cricket Ground, Woolloongabba",1,46.2,Australia,Pakistan,MS Wade,B Stanlake,Mohammad Amir,1,0,,,,,,,,,
1000887,2016/17,2017-01-13,"Brisbane Cricket Ground, Woolloongabba",1,46.3,Australia,Pakistan,B Stanlake,MS Wade,Mohammad Amir,1,0,,,,,,,,,
1000887,2016/17,2017-01-13,"Brisbane Cricket Ground, Woolloongabba",1,46.4,Australia,Pakistan,MS Wade,B Stanlake,Mohammad Amir,6,0,,,,,,,,,
1000887,2016/17,2017-01-13,"Brisbane Cricket Ground, Woolloongabba",1,46.5,Australia,Pakistan,MS Wade,B Stanlake,Mohammad Amir,1,0,,,,,,,,,
1000887,2016/17,2017-01-13,"Brisbane Cricket Ground, Woolloongabba",1,46.6,Australia,Pakistan,B Stanlake,MS Wade,Mohammad Amir,0,0,,,,,,,,,
1000887,2016/17,2017-01-13,"Brisbane Cricket Ground, Woolloongabba",1,47.1,Australia,Pakistan,MS Wade,B Stanlake,Hasan Ali,4,0,,,,,,,,,
1000887,2016/17,2017-01-13,"Brisbane Cricket Ground, Woolloongabba",1,47.2,Australia,Pakistan,MS Wade,B Stanlake,Hasan Ali,0,0,,,,,,,,,
1000887,2016/17,2017-01-13,"Brisbane Cricket Ground, Woolloongabba",1,47.3,Australia,Pakistan,MS Wade,B Stanlake,Hasan Ali,4,0,,,,,,,,,
1000887,2016/17,2017-01-13,"Brisbane Cricket Ground, Woolloongabba",1,47.4,Australia,Pakistan,MS Wade,B Stanlake,Hasan Ali,1,0,,,,,,,,,
1000887,2016/17,2017-01-13,"Brisbane Cricket Ground, Woolloongabba",1,47.5,Australia,Pakistan,B Stanlake,MS Wade,Hasan Ali,0,0,,,,,,,,,
1000887,2016/17,2017-01-13,"Brisbane Cricket Ground, Woolloongabba",1,47.6,Australia,Pakistan,B Stanlake,MS Wade,Hasan Ali,0,0,,,,,,,,,
1000887,2016/17,2017-01-13,"Brisbane Cricket Ground, Woolloongabba",1,48.1,Australia,Pakistan,MS Wade,B Stanlake,Mohammad Amir,0,0,,,,,,,,,
1000887,2016/17,2017-01-13,"Brisbane Cricket Ground, Woolloongabba",1,48.2,Australia,Pakistan,MS Wade,B Stanlake,Mohammad Amir,4,0,,,,,,,,,
1000887,2016/17,2017-01-13,"Brisbane Cricket Ground, Woolloongabba",1,48.3,Australia,Pakistan,MS Wade,B Stanlake,Mohammad Amir,0,1,1,,,,,,,,
1000887,2016/17,2017-01-13,"Brisbane Cricket Ground, Woolloongabba",1,48.4,Australia,Pakistan,MS Wade,B Stanlake,Mohammad Amir,0,0,,,,,,,,,
1000887,2016/17,2017-01-13,"Brisbane Cricket Ground, Woolloongabba",1,48.5,Australia,Pakistan,MS Wade,B Stanlake,Mohammad Amir,0,0,,,,,,,,,
1000887,2016/17,2017-01-13,"Brisbane Cricket Ground, Woolloongabba",1,48.6,Australia,Pakistan,MS Wade,B Stanlake,Mohammad Amir,2,0,,,,,,,,,
1000887,2016/17,2017-01-13,"Brisbane Cricket Ground, Woolloongabba",1,48.7,Australia,Pakistan,MS Wade,B Stanlake,Mohammad Amir,1,0,,,,,,,,,
1000887,2016/17,2017-01-13,"Brisbane Cricket Ground, Woolloongabba",1,49.1,Australia,Pakistan,MS Wade,B Stanlake,Hasan Ali,0,0,,,,,,,,,
1000887,2016/17,2017-01-13,"Brisbane Cricket Ground, Woolloongabba",1,49.2,Australia,Pakistan,MS Wade,B Stanlake,Hasan Ali,4,0,,,,,,,,,
1000887,2016/17,2017-01-13,"Brisbane Cricket Ground, Woolloongabba",1,49.3,Australia,Pakistan,MS Wade,B Stanlake,Hasan Ali,0,0,,,,,,,,,
1000887,2016/17,2017-01-13,"Brisbane Cricket Ground, Woolloongabba",1,49.4,Australia,Pakistan,MS Wade,B Stanlake,Hasan Ali,0,0,,,,,,,,,
1000887,2016/17,2017-01-13,"Brisbane Cricket Ground, Woolloongabba",1,49.5,Australia,Pakistan,MS Wade,B Stanlake,Hasan Ali,2,0,,,,,,,,,
1000887,2016/17,2017-01-13,"Brisbane Cricket Ground, Woolloongabba",1,49.6,Australia,Pakistan,MS Wade,B Stanlake,Hasan Ali,1,0,,,,,,,,,
1000887,2016/17,2017-01-13,"Brisbane Cricket Ground, Woolloongabba",2,0.1,Pakistan,Australia,Azhar Ali,Sharjeel Khan,MA Starc,0,0,,,,,,,,,
1000887,2016/17,2017-01-13,"Brisbane Cricket Ground, Woolloongabba",2,0.2,Pakistan,Australia,Azhar Ali,Sharjeel Khan,MA Starc,0,0,,,,,,,,,
1000887,2016/17,2017-01-13,"Brisbane Cricket Ground, Woolloongabba",2,0.3,Pakistan,Australia,Azhar Ali,Sharjeel Khan,MA Starc,0,0,,,,,,,,,
1000887,2016/17,2017-01-13,"Brisbane Cricket Ground, Woolloongabba",2,0.4,Pakistan,Australia,Azhar Ali,Sharjeel Khan,MA Starc,1,0,,,,,,,,,
1000887,2016/17,2017-01-13,"Brisbane Cricket Ground, Woolloongabba",2,0.5,Pakistan,Australia,Sharjeel Khan,Azhar Ali,MA Starc,0,0,,,,,,,,,
1000887,2016/17,2017-01-13,"Brisbane Cricket Ground, Woolloongabba",2,0.6,Pakistan,Australia,Sharjeel Khan,Azhar Ali,MA Starc,0,0,,,,,,,,,
1000887,2016/17,2017-01-13,"Brisbane Cricket Ground, Woolloongabba",2,1.1,Pakistan,Australia,Azhar Ali,Sharjeel Khan,B Stanlake,0,0,,,,,,,,,
1000887,2016/17,2017-01-13,"Brisbane Cricket Ground, Woolloongabba",2,1.2,Pakistan,Australia,Azhar Ali,Sharjeel Khan,B Stanlake,0,0,,,,,,,,,
1000887,2016/17,2017-01-13,"Brisbane Cricket Ground, Woolloongabba",2,1.3,Pakistan,Australia,Azhar Ali,Sharjeel Khan,B Stanlake,0,0,,,,,,,,,
1000887,2016/17,2017-01-13,"Brisbane Cricket Ground, Woolloongabba",2,1.4,Pakistan,Australia,Azhar Ali,Sharjeel Khan,B Stanlake,0,0,,,,,,,,,
1000887,2016/17,2017-01-13,"Brisbane Cricket Ground, Woolloongabba",2,1.5,Pakistan,Australia,Azhar Ali,Sharjeel Khan,B Stanlake,0,0,,,,,,,,,
1000887,2016/17,2017-01-13,"Brisbane Cricket Ground, Woolloongabba",2,1.6,Pakistan,Australia,Azhar Ali,Sharjeel Khan,B Stanlake,1,0,,,,,,,,,
1000887,2016/17,2017-01-13,"Brisbane Cricket Ground, Woolloongabba",2,2.1,Pakistan,Australia,Azhar Ali,Sharjeel Khan,MA Starc,0,0,,,,,,,,,
1000887,2016/17,2017-01-13,"Brisbane Cricket Ground, Woolloongabba",2,2.2,Pakistan,Australia,Azhar Ali,Sharjeel Khan,MA Starc,2,0,,,,,,,,,
1000887,2016/17,2017-01-13,"Brisbane Cricket Ground, Woolloongabba",2,2.3,Pakistan,Australia,Azhar Ali,Sharjeel Khan,MA Starc,0,1,1,,,,,,,,
1000887,2016/17,2017-01-13,"Brisbane Cricket Ground, Woolloongabba",2,2.4,Pakistan,Australia,Azhar Ali,Sharjeel Khan,MA Starc,0,0,,,,,,,,,
1000887,2016/17,2017-01-13,"Brisbane Cricket Ground, Woolloongabba",2,2.5,Pakistan,Australia,Azhar Ali,Sharjeel Khan,MA Starc,2,0,,,,,,,,,
1000887,2016/17,2017-01-13,"Brisbane Cricket Ground, Woolloongabba",2,2.6,Pakistan,Australia,Azhar Ali,Sharjeel Khan,MA Starc,0,4,,,4,,,,,,
1000887,2016/17,2017-01-13,"Brisbane Cricket Ground, Woolloongabba",2,2.7,Pakistan,Australia,Azhar Ali,Sharjeel Khan,MA Starc,0,0,,,,,,,,,
1000887,2016/17,2017-01-13,"Brisbane Cricket Ground, Woolloongabba",2,3.1,Pakistan,Australia,Sharjeel Khan,Azhar Ali,B Stanlake,0,0,,,,,,,,,
1000887,2016/17,2017-01-13,"Brisbane Cricket Ground, Woolloongabba",2,3.2,Pakistan,Australia,Sharjeel Khan,Azhar Ali,B Stanlake,0,0,,,,,,,,,
1000887,2016/17,2017-01-13,"Brisbane Cricket Ground, Woolloongabba",2,3.3,Pakistan,Australia,Sharjeel Khan,Azhar Ali,B Stanlake,0,1,1,,,,,,,,
1000887,2016/17,2017-01-13,"Brisbane Cricket Ground, Woolloongabba",2,3.4,Pakistan,Australia,Sharjeel Khan,Azhar Ali,B Stanlake,0,0,,,,,,,,,
1000887,2016/17,2017-01-13,"Brisbane Cricket Ground, Woolloongabba",2,3.5,Pakistan,Australia,Sharjeel Khan,Azhar Ali,B Stanlake,0,0,,,,,,,,,
1000887,2016/17,2017-01-13,"Brisbane Cricket Ground, Woolloongabba",2,3.6,Pakistan,Australia,Sharjeel Khan,Azhar Ali,B Stanlake,1,0,,,,,,,,,
1000887,2016/17,2017-01-13,"Brisbane Cricket Ground, Woolloongabba",2,3.7,Pakistan,Australia,Azhar Ali,Sharjeel Khan,B Stanlake,0,0,,,,,,,,,
1000887,2016/17,2017-01-13,"Brisbane Cricket Ground, Woolloongabba",2,4.1,Pakistan,Australia,Sharjeel Khan,Azhar Ali,MA Starc,0,0,,,,,,,,,
1000887,2016/17,2017-01-13,"Brisbane Cricket Ground, Woolloongabba",2,4.2,Pakistan,Australia,Sharjeel Khan,Azhar Ali,MA Starc,0,0,,,,,,,,,
1000887,2016/17,2017-01-13,"Brisbane Cricket Ground, Woolloongabba",2,4.3,Pakistan,Australia,Sharjeel Khan,Azhar Ali,MA Starc,2,0,,,,,,,,,
1000887,2016/17,2017-01-13,"Brisbane Cricket Ground, Woolloongabba",2,4.4,Pakistan,Australia,Sharjeel Khan,Azhar Ali,MA Starc,2,0,,,,,,,,,
1000887,2016/17,2017-01-13,"Brisbane Cricket Ground, Woolloongabba",2,4.5,Pakistan,Australia,Sharjeel Khan,Azhar Ali,MA Starc,0,0,,,,,,,,,
1000887,2016/17,2017-01-13,"Brisbane Cricket Ground, Woolloongabba",2,4.6,Pakistan,Australia,Sharjeel Khan,Azhar Ali,MA Starc,1,0,,,,,,,,,
1000887,2016/17,2017-01-13,"Brisbane Cricket Ground, Woolloongabba",2,5.1,Pakistan,Australia,Sharjeel Khan,Azhar Ali,B Stanlake,6,0,,,,,,,,,
1000887,2016/17,2017-01-13,"Brisbane Cricket Ground, Woolloongabba",2,5.2,Pakistan,Australia,Sharjeel Khan,Azhar Ali,B Stanlake,1,0,,,,,,,,,
1000887,2016/17,2017-01-13,"Brisbane Cricket Ground, Woolloongabba",2,5.3,Pakistan,Australia,Azhar Ali,Sharjeel Khan,B Stanlake,3,0,,,,,,,,,
1000887,2016/17,2017-01-13,"Brisbane Cricket Ground, Woolloongabba",2,5.4,Pakistan,Australia,Sharjeel Khan,Azhar Ali,B Stanlake,0,1,,,,1,,,,,
1000887,2016/17,2017-01-13,"Brisbane Cricket Ground, Woolloongabba",2,5.5,Pakistan,Australia,Azhar Ali,Sharjeel Khan,B Stanlake,0,0,,,,,,,,,
1000887,2016/17,2017-01-13,"Brisbane Cricket Ground, Woolloongabba",2,5.6,Pakistan,Australia,Azhar Ali,Sharjeel Khan,B Stanlake,0,0,,,,,,,,,
1000887,2016/17,2017-01-13,"Brisbane Cricket Ground, Woolloongabba",2,6.1,Pakistan,Australia,Sharjeel Khan,Azhar Ali,JP Faulkner,0,0,,,,,,,,,
1000887,2016/17,2017-01-13,"Brisbane Cricket Ground, Woolloongabba",2,6.2,Pakistan,Australia,Sharjeel Khan,Azhar Ali,JP Faulkner,1,0,,,,,,,,,
1000887,2016/17,2017-01-13,"Brisbane Cricket Ground, Woolloongabba",2,6.3,Pakistan,Australia,Azhar Ali,Sharjeel Khan,JP Faulkner,1,0,,,,,,,,,
1000887,2016/17,2017-01-13,"Brisbane Cricket Ground, Woolloongabba",2,6.4,Pakistan,Australia,Sharjeel Khan,Azhar Ali,JP Faulkner,4,0,,,,,,,,,
1000887,2016/17,2017-01-13,"Brisbane Cricket Ground, Woolloongabba",2,6.5,Pakistan,Australia,Sharjeel Khan,Azhar Ali,JP Faulkner,0,0,,,,,,,,,
1000887,2016/17,2017-01-13,"Brisbane Cricket Ground, Woolloongabba",2,6.6,Pakistan,Australia,Sharjeel Khan,Azhar Ali,JP Faulkner,0,0,,,,,,,,,
1000887,2016/17,2017-01-13,"Brisbane Cricket Ground, Woolloongabba",2,7.1,Pakistan,Australia,Azhar Ali,Sharjeel Khan,PJ Cummins,0,0,,,,,,,,,
1000887,2016/17,2017-01-13,"Brisbane Cricket Ground, Woolloongabba",2,7.2,Pakistan,Australia,Azhar Ali,Sharjeel Khan,PJ Cummins,0,0,,,,,,,,,
1000887,2016/17,2017-01-13,"Brisbane Cricket Ground, Woolloongabba",2,7.3,Pakistan,Australia,Azhar Ali,Sharjeel Khan,PJ Cummins,0,1,1,,,,,,,,
1000887,2016/17,2017-01-13,"Brisbane Cricket Ground, Woolloongabba",2,7.4,Pakistan,Australia,Azhar Ali,Sharjeel Khan,PJ Cummins,2,0,,,,,,,,,
1000887,2016/17,2017-01-13,"Brisbane Cricket Ground, Woolloongabba",2,7.5,Pakistan,Australia,Azhar Ali,Sharjeel Khan,PJ Cummins,0,0,,,,,,,,,
1000887,2016/17,2017-01-13,"Brisbane Cricket Ground, Woolloongabba",2,7.6,Pakistan,Australia,Azhar Ali,Sharjeel Khan,PJ Cummins,0,0,,,,,,,,,
1000887,2016/17,2017-01-13,"Brisbane Cricket Ground, Woolloongabba",2,7.7,Pakistan,Australia,Azhar Ali,Sharjeel Khan,PJ Cummins,0,0,,,,,,,,,
1000887,2016/17,2017-01-13,"Brisbane Cricket Ground, Woolloongabba",2,8.1,Pakistan,Australia,Sharjeel Khan,Azhar Ali,JP Faulkner,0,0,,,,,,caught,Sharjeel Khan,,
1000887,2016/17,2017-01-13,"Brisbane Cricket Ground, Woolloongabba",2,8.2,Pakistan,Australia,Mohammad Hafeez,Azhar Ali,JP Faulkner,0,0,,,,,,,,,
1000887,2016/17,2017-01-13,"Brisbane Cricket Ground, Woolloongabba",2,8.3,Pakistan,Australia,Mohammad Hafeez,Azhar Ali,JP Faulkner,0,0,,,,,,,,,
1000887,2016/17,2017-01-13,"Brisbane Cricket Ground, Woolloongabba",2,8.4,Pakistan,Australia,Mohammad Hafeez,Azhar Ali,JP Faulkner,1,0,,,,,,,,,
1000887,2016/17,2017-01-13,"Brisbane Cricket Ground, Woolloongabba",2,8.5,Pakistan,Australia,Babar Azam,Mohammad Hafeez,JP Faulkner,0,0,,,,,,,,,
1000887,2016/17,2017-01-13,"Brisbane Cricket Ground, Woolloongabba",2,8.6,Pakistan,Australia,Babar Azam,Mohammad Hafeez,JP Faulkner,0,0,,,,,,,,,
1000887,2016/17,2017-01-13,"Brisbane Cricket Ground, Woolloongabba",2,9.1,Pakistan,Australia,Mohammad Hafeez,Babar Azam,PJ Cummins,0,0,,,,,,,,,
1000887,2016/17,2017-01-13,"Brisbane Cricket Ground, Woolloongabba",2,9.2,Pakistan,Australia,Mohammad Hafeez,Babar Azam,PJ Cummins,0,0,,,,,,,,,
1000887,2016/17,2017-01-13,"Brisbane Cricket Ground, Woolloongabba",2,9.3,Pakistan,Australia,Mohammad Hafeez,Babar Azam,PJ Cummins,0,1,1,,,,,,,,
1000887,2016/17,2017-01-13,"Brisbane Cricket Ground, Woolloongabba",2,9.4,Pakistan,Australia,Mohammad Hafeez,Babar Azam,PJ Cummins,3,0,,,,,,,,,
1000887,2016/17,2017-01-13,"Brisbane Cricket Ground, Woolloongabba",2,9.5,Pakistan,Australia,Babar Azam,Mohammad Hafeez,PJ Cummins,4,0,,,,,,,,,
1000887,2016/17,2017-01-13,"Brisbane Cricket Ground, Woolloongabba",2,9.6,Pakistan,Australia,Babar Azam,Mohammad Hafeez,PJ Cummins,0,0,,,,,,,,,
1000887,2016/17,2017-01-13,"Brisbane Cricket Ground, Woolloongabba",2,9.7,Pakistan,Australia,Babar Azam,Mohammad Hafeez,PJ Cummins,0,0,,,,,,,,,
1000887,2016/17,2017-01-13,"Brisbane Cricket Ground, Woolloongabba",2,10.1,Pakistan,Australia,Mohammad Hafeez,Babar Azam,JP Faulkner,0,0,,,,,,caught,Mohammad Hafeez,,
1000887,2016/17,2017-01-13,"Brisbane Cricket Ground, Woolloongabba",2,10.2,Pakistan,Australia,Umar Akmal,Babar Azam,JP Faulkner,0,0,,,,,,,,,
1000887,2016/17,2017-01-13,"Brisbane Cricket Ground, Woolloongabba",2,10.3,Pakistan,Australia,Umar Akmal,Babar Azam,JP Faulkner,0,0,,,,,,,,,
1000887,2016/17,2017-01-13,"Brisbane Cricket Ground, Woolloongabba",2,10.4,Pakistan,Australia,Umar Akmal,Babar Azam,JP Faulkner,0,0,,,,,,,,,
1000887,2016/17,2017-01-13,"Brisbane Cricket Ground, Woolloongabba",2,10.5,Pakistan,Australia,Umar Akmal,Babar Azam,JP Faulkner,0,0,,,,,,,,,
1000887,2016/17,2017-01-13,"Brisbane Cricket Ground, Woolloongabba",2,10.6,Pakistan,Australia,Umar Akmal,Babar Azam,JP Faulkner,0,0,,,,,,,,,
1000887,2016/17,2017-01-13,"Brisbane Cricket Ground, Woolloongabba",2,11.1,Pakistan,Australia,Babar Azam,Umar Akmal,PJ Cummins,0,0,,,,,,,,,
1000887,2016/17,2017-01-13,"Brisbane Cricket Ground, Woolloongabba",2,11.2,Pakistan,Australia,Babar Azam,Umar Akmal,PJ Cummins,3,0,,,,,,,,,
1000887,2016/17,2017-01-13,"Brisbane Cricket Ground, Woolloongabba",2,11.3,Pakistan,Australia,Umar Akmal,Babar Azam,PJ Cummins,0,0,,,,,,,,,
1000887,2016/17,2017-01-13,"Brisbane Cricket Ground, Woolloongabba",2,11.4,Pakistan,Australia,Umar Akmal,Babar Azam,PJ Cummins,0,0,,,,,,,,,
1000887,2016/17,2017-01-13,"Brisbane Cricket Ground, Woolloongabba",2,11.5,Pakistan,Australia,Umar Akmal,Babar Azam,PJ Cummins,0,0,,,,,,,,,
1000887,2016/17,2017-01-13,"Brisbane Cricket Ground, Woolloongabba",2,11.6,Pakistan,Australia,Umar Akmal,Babar Azam,PJ Cummins,0,0,,,,,,,,,
1000887,2016/17,2017-01-13,"Brisbane Cricket Ground, Woolloongabba",2,12.1,Pakistan,Australia,Babar Azam,Umar Akmal,JP Faulkner,4,0,,,,,,,,,
1000887,2016/17,2017-01-13,"Brisbane Cricket Ground, Woolloongabba",2,12.2,Pakistan,Australia,Babar Azam,Umar Akmal,JP Faulkner,0,0,,,,,,,,,
1000887,2016/17,2017-01-13,"Brisbane Cricket Ground, Woolloongabba",2,12.3,Pakistan,Australia,Babar Azam,Umar Akmal,JP Faulkner,0,0,,,,,,,,,
1000887,2016/17,2017-01-13,"Brisbane Cricket Ground, Woolloongabba",2,12.4,Pakistan,Australia,Babar Azam,Umar Akmal,JP Faulkner,3,0,,,,,,,,,
1000887,2016/17,2017-01-13,"Brisbane Cricket Ground, Woolloongabba",2,12.5,Pakistan,Australia,Umar Akmal,Babar Azam,JP Faulkner,4,0,,,,,,,,,
1000887,2016/17,2017-01-13,"Brisbane Cricket Ground, Woolloongabba",2,12.6,Pakistan,Australia,Umar Akmal,Babar Azam,JP Faulkner,0,2,,,,2,,,,,
1000887,2016/17,2017-01-13,"Brisbane Cricket Ground, Woolloongabba",2,13.1,Pakistan,Australia,Babar Azam,Umar Akmal,PJ Cummins,1,0,,,,,,,,,
1000887,2016/17,2017-01-13,"Brisbane Cricket Ground, Woolloongabba",2,13.2,Pakistan,Australia,Umar Akmal,Babar Azam,PJ Cummins,0,0,,,,,,,,,
1000887,2016/17,2017-01-13,"Brisbane Cricket Ground, Woolloongabba",2,13.3,Pakistan,Australia,Umar Akmal,Babar Azam,PJ Cummins,1,0,,,,,,,,,
1000887,2016/17,2017-01-13,"Brisbane Cricket Ground, Woolloongabba",2,13.4,Pakistan,Australia,Babar Azam,Umar Akmal,PJ Cummins,0,0,,,,,,,,,
1000887,2016/17,2017-01-13,"Brisbane Cricket Ground, Woolloongabba",2,13.5,Pakistan,Australia,Babar Azam,Umar Akmal,PJ Cummins,0,0,,,,,,,,,
1000887,2016/17,2017-01-13,"Brisbane Cricket Ground, Woolloongabba",2,13.6,Pakistan,Australia,Babar Azam,Umar Akmal,PJ Cummins,0,0,,,,,,,,,
1000887,2016/17,2017-01-13,"Brisbane Cricket Ground, Woolloongabba",2,14.1,Pakistan,Australia,Umar Akmal,Babar Azam,MA Starc,0,0,,,,,,,,,
1000887,2016/17,2017-01-13,"Brisbane Cricket Ground, Woolloongabba",2,14.2,Pakistan,Australia,Umar Akmal,Babar Azam,MA Starc,0,0,,,,,,,,,
1000887,2016/17,2017-01-13,"Brisbane Cricket Ground, Woolloongabba",2,14.3,Pakistan,Australia,Umar Akmal,Babar Azam,MA Starc,4,0,,,,,,,,,
1000887,2016/17,2017-01-13,"Brisbane Cricket Ground, Woolloongabba",2,14.4,Pakistan,Australia,Umar Akmal,Babar Azam,MA Starc,0,0,,,,,,,,,
1000887,2016/17,2017-01-13,"Brisbane Cricket Ground, Woolloongabba",2,14.5,Pakistan,Australia,Umar Akmal,Babar Azam,MA Starc,2,0,,,,,,,,,
1000887,2016/17,2017-01-13,"Brisbane Cricket Ground, Woolloongabba",2,14.6,Pakistan,Australia,Umar Akmal,Babar Azam,MA Starc,0,0,,,,,,,,,
1000887,2016/17,2017-01-13,"Brisbane Cricket Ground, Woolloongabba",2,15.1,Pakistan,Australia,Babar Azam,Umar Akmal,TM Head,0,0,,,,,,,,,
1000887,2016/17,2017-01-13,"Brisbane Cricket Ground, Woolloongabba",2,15.2,Pakistan,Australia,Babar Azam,Umar Akmal,TM Head,0,0,,,,,,,,,
1000887,2016/17,2017-01-13,"Brisbane Cricket Ground, Woolloongabba",2,15.3,Pakistan,Australia,Babar Azam,Umar Akmal,TM Head,0,0,,,,,,,,,
1000887,2016/17,2017-01-13,"Brisbane Cricket Ground, Woolloongabba",2,15.4,Pakistan,Australia,Babar Azam,Umar Akmal,TM Head,1,0,,,,,,,,,
1000887,2016/17,2017-01-13,"Brisbane Cricket Ground, Woolloongabba",2,15.5,Pakistan,Australia,Umar Akmal,Babar Azam,TM Head,0,0,,,,,,,,,
1000887,2016/17,2017-01-13,"Brisbane Cricket Ground, Woolloongabba",2,15.6,Pakistan,Australia,Umar Akmal,Babar Azam,TM Head,1,0,,,,,,,,,
1000887,2016/17,2017-01-13,"Brisbane Cricket Ground, Woolloongabba",2,16.1,Pakistan,Australia,Umar Akmal,Babar Azam,MA Starc,0,0,,,,,,,,,
1000887,2016/17,2017-01-13,"Brisbane Cricket Ground, Woolloongabba",2,16.2,Pakistan,Australia,Umar Akmal,Babar Azam,MA Starc,4,0,,,,,,,,,
1000887,2016/17,2017-01-13,"Brisbane Cricket Ground, Woolloongabba",2,16.3,Pakistan,Australia,Umar Akmal,Babar Azam,MA Starc,1,0,,,,,,,,,
1000887,2016/17,2017-01-13,"Brisbane Cricket Ground, Woolloongabba",2,16.4,Pakistan,Australia,Babar Azam,Umar Akmal,MA Starc,1,0,,,,,,,,,
1000887,2016/17,2017-01-13,"Brisbane Cricket Ground, Woolloongabba",2,16.5,Pakistan,Australia,Umar Akmal,Babar Azam,MA Starc,0,0,,,,,,caught,Umar Akmal,,
1000887,2016/17,2017-01-13,"Brisbane Cricket Ground, Woolloongabba",2,16.6,Pakistan,Australia,Mohammad Rizwan,Babar Azam,MA Starc,0,0,,,,,,,,,
1000887,2016/17,2017-01-13,"Brisbane Cricket Ground, Woolloongabba",2,17.1,Pakistan,Australia,Babar Azam,Mohammad Rizwan,TM Head,0,0,,,,,,,,,
1000887,2016/17,2017-01-13,"Brisbane Cricket Ground, Woolloongabba",2,17.2,Pakistan,Australia,Babar Azam,Mohammad Rizwan,TM Head,1,0,,,,,,,,,
1000887,2016/17,2017-01-13,"Brisbane Cricket Ground, Woolloongabba",2,17.3,Pakistan,Australia,Mohammad Rizwan,Babar Azam,TM Head,1,0,,,,,,,,,
1000887,2016/17,2017-01-13,"Brisbane Cricket Ground, Woolloongabba",2,17.4,Pakistan,Australia,Babar Azam,Mohammad Rizwan,TM Head,0,0,,,,,,,,,
1000887,2016/17,2017-01-13,"Brisbane Cricket Ground, Woolloongabba",2,17.5,Pakistan,Australia,Babar Azam,Mohammad Rizwan,TM Head,0,0,,,,,,,,,
1000887,2016/17,2017-01-13,"Brisbane Cricket Ground, Woolloongabba",2,17.6,Pakistan,Australia,Babar Azam,Mohammad Rizwan,TM Head,0,0,,,,,,,,,
1000887,2016/17,2017-01-13,"Brisbane Cricket Ground, Woolloongabba",2,18.1,Pakistan,Australia,Mohammad Rizwan,Babar Azam,MA Starc,1,0,,,,,,,,,
1000887,2016/17,2017-01-13,"Brisbane Cricket Ground, Woolloongabba",2,18.2,Pakistan,Australia,Babar Azam,Mohammad Rizwan,MA Starc,0,0,,,,,,,,,
1000887,2016/17,2017-01-13,"Brisbane Cricket Ground, Woolloongabba",2,18.3,Pakistan,Australia,Babar Azam,Mohammad Rizwan,MA Starc,4,0,,,,,,,,,
1000887,2016/17,2017-01-13,"Brisbane Cricket Ground, Woolloongabba",2,18.4,Pakistan,Australia,Babar Azam,Mohammad Rizwan,MA Starc,0,0,,,,,,,,,
1000887,2016/17,2017-01-13,"Brisbane Cricket Ground, Woolloongabba",2,18.5,Pakistan,Australia,Babar Azam,Mohammad Rizwan,MA Starc,0,0,,,,,,,,,
1000887,2016/17,2017-01-13,"Brisbane Cricket Ground, Woolloongabba",2,18.6,Pakistan,Australia,Babar Azam,Mohammad Rizwan,MA Starc,0,0,,,,,,,,,
1000887,2016/17,2017-01-13,"Brisbane Cricket Ground, Woolloongabba",2,19.1,Pakistan,Australia,Mohammad Rizwan,Babar Azam,TM Head,2,0,,,,,,,,,
1000887,2016/17,2017-01-13,"Brisbane Cricket Ground, Woolloongabba",2,19.2,Pakistan,Australia,Mohammad Rizwan,Babar Azam,TM Head,0,0,,,,,,,,,
1000887,2016/17,2017-01-13,"Brisbane Cricket Ground, Woolloongabba",2,19.3,Pakistan,Australia,Mohammad Rizwan,Babar Azam,TM Head,0,1,,,,1,,,,,
1000887,2016/17,2017-01-13,"Brisbane Cricket Ground, Woolloongabba",2,19.4,Pakistan,Australia,Babar Azam,Mohammad Rizwan,TM Head,1,0,,,,,,,,,
1000887,2016/17,2017-01-13,"Brisbane Cricket Ground, Woolloongabba",2,19.5,Pakistan,Australia,Mohammad Rizwan,Babar Azam,TM Head,0,0,,,,,,,,,
1000887,2016/17,2017-01-13,"Brisbane Cricket Ground, Woolloongabba",2,19.6,Pakistan,Australia,Mohammad Rizwan,Babar Azam,TM Head,1,0,,,,,,,,,
1000887,2016/17,2017-01-13,"Brisbane Cricket Ground, Woolloongabba",2,20.1,Pakistan,Australia,Mohammad Rizwan,Babar Azam,MR Marsh,0,0,,,,,,,,,
1000887,2016/17,2017-01-13,"Brisbane Cricket Ground, Woolloongabba",2,20.2,Pakistan,Australia,Mohammad Rizwan,Babar Azam,MR Marsh,0,0,,,,,,,,,
1000887,2016/17,2017-01-13,"Brisbane Cricket Ground, Woolloongabba",2,20.3,Pakistan,Australia,Mohammad Rizwan,Babar Azam,MR Marsh,0,0,,,,,,,,,
1000887,2016/17,2017-01-13,"Brisbane Cricket Ground, Woolloongabba",2,20.4,Pakistan,Australia,Mohammad Rizwan,Babar Azam,MR Marsh,0,0,,,,,,,,,
1000887,2016/17,2017-01-13,"Brisbane Cricket Ground, Woolloongabba",2,20.5,Pakistan,Australia,Mohammad Rizwan,Babar Azam,MR Marsh,1,0,,,,,,,,,
1000887,2016/17,2017-01-13,"Brisbane Cricket Ground, Woolloongabba",2,20.6,Pakistan,Australia,Babar Azam,Mohammad Rizwan,MR Marsh,1,0,,,,,,,,,
1000887,2016/17,2017-01-13,"Brisbane Cricket Ground, Woolloongabba",2,21.1,Pakistan,Australia,Babar Azam,Mohammad Rizwan,TM Head,1,0,,,,,,,,,
1000887,2016/17,2017-01-13,"Brisbane Cricket Ground, Woolloongabba",2,21.2,Pakistan,Australia,Mohammad Rizwan,Babar Azam,TM Head,0,0,,,,,,,,,
1000887,2016/17,2017-01-13,"Brisbane Cricket Ground, Woolloongabba",2,21.3,Pakistan,Australia,Mohammad Rizwan,Babar Azam,TM Head,0,0,,,,,,,,,
1000887,2016/17,2017-01-13,"Brisbane Cricket Ground, Woolloongabba",2,21.4,Pakistan,Australia,Mohammad Rizwan,Babar Azam,TM Head,0,0,,,,,,,,,
1000887,2016/17,2017-01-13,"Brisbane Cricket Ground, Woolloongabba",2,21.5,Pakistan,Australia,Mohammad Rizwan,Babar Azam,TM Head,0,0,,,,,,,,,
1000887,2016/17,2017-01-13,"Brisbane Cricket Ground, Woolloongabba",2,21.6,Pakistan,Australia,Mohammad Rizwan,Babar Azam,TM Head,0,0,,,,,,,,,
1000887,2016/17,2017-01-13,"Brisbane Cricket Ground, Woolloongabba",2,22.1,Pakistan,Australia,Babar Azam,Mohammad Rizwan,MR Marsh,0,0,,,,,,,,,
1000887,2016/17,2017-01-13,"Brisbane Cricket Ground, Woolloongabba",2,22.2,Pakistan,Australia,Babar Azam,Mohammad Rizwan,MR Marsh,0,0,,,,,,,,,
1000887,2016/17,2017-01-13,"Brisbane Cricket Ground, Woolloongabba",2,22.3,Pakistan,Australia,Babar Azam,Mohammad Rizwan,MR Marsh,1,0,,,,,,,,,
1000887,2016/17,2017-01-13,"Brisbane Cricket Ground, Woolloongabba",2,22.4,Pakistan,Australia,Mohammad Rizwan,Babar Azam,MR Marsh,1,0,,,,,,,,,
1000887,2016/17,2017-01-13,"Brisbane Cricket Ground, Woolloongabba",2,22.5,Pakistan,Australia,Babar Azam,Mohammad Rizwan,MR Marsh,2,0,,,,,,,,,
1000887,2016/17,2017-01-13,"Brisbane Cricket Ground, Woolloongabba",2,22.6,Pakistan,Australia,Babar Azam,Mohammad Rizwan,MR Marsh,0,0,,,,,,,,,
1000887,2016/17,2017-01-13,"Brisbane Cricket Ground, Woolloongabba",2,23.1,Pakistan,Australia,Mohammad Rizwan,Babar Azam,TM Head,1,0,,,,,,,,,
1000887,2016/17,2017-01-13,"Brisbane Cricket Ground, Woolloongabba",2,23.2,Pakistan,Australia,Babar Azam,Mohammad Rizwan,TM Head,0,0,,,,,,,,,
1000887,2016/17,2017-01-13,"Brisbane Cricket Ground, Woolloongabba",2,23.3,Pakistan,Australia,Babar Azam,Mohammad Rizwan,TM Head,0,0,,,,,,,,,
1000887,2016/17,2017-01-13,"Brisbane Cricket Ground, Woolloongabba",2,23.4,Pakistan,Australia,Babar Azam,Mohammad Rizwan,TM Head,0,0,,,,,,,,,
1000887,2016/17,2017-01-13,"Brisbane Cricket Ground, Woolloongabba",2,23.5,Pakistan,Australia,Babar Azam,Mohammad Rizwan,TM Head,1,0,,,,,,,,,
1000887,2016/17,2017-01-13,"Brisbane Cricket Ground, Woolloongabba",2,23.6,Pakistan,Australia,Mohammad Rizwan,Babar Azam,TM Head,2,0,,,,,,,,,
1000887,2016/17,2017-01-13,"Brisbane Cricket Ground, Woolloongabba",2,24.1,Pakistan,Australia,Babar Azam,Mohammad Rizwan,MR Marsh,1,0,,,,,,,,,
1000887,2016/17,2017-01-13,"Brisbane Cricket Ground, Woolloongabba",2,24.2,Pakistan,Australia,Mohammad Rizwan,Babar Azam,MR Marsh,0,0,,,,,,,,,
1000887,2016/17,2017-01-13,"Brisbane Cricket Ground, Woolloongabba",2,24.3,Pakistan,Australia,Mohammad Rizwan,Babar Azam,MR Marsh,1,0,,,,,,,,,
1000887,2016/17,2017-01-13,"Brisbane Cricket Ground, Woolloongabba",2,24.4,Pakistan,Australia,Babar Azam,Mohammad Rizwan,MR Marsh,1,0,,,,,,,,,
1000887,2016/17,2017-01-13,"Brisbane Cricket Ground, Woolloongabba",2,24.5,Pakistan,Australia,Mohammad Rizwan,Babar Azam,MR Marsh,0,0,,,,,,,,,
1000887,2016/17,2017-01-13,"Brisbane Cricket Ground, Woolloongabba",2,24.6,Pakistan,Australia,Mohammad Rizwan,Babar Azam,MR Marsh,1,0,,,,,,,,,
1000887,2016/17,2017-01-13,"Brisbane Cricket Ground, Woolloongabba",2,25.1,Pakistan,Australia,Mohammad Rizwan,Babar Azam,PJ Cummins,0,0,,,,,,,,,
1000887,2016/17,2017-01-13,"Brisbane Cricket Ground, Woolloongabba",2,25.2,Pakistan,Australia,Mohammad Rizwan,Babar Azam,PJ Cummins,0,0,,,,,,,,,
1000887,2016/17,2017-01-13,"Brisbane Cricket Ground, Woolloongabba",2,25.3,Pakistan,Australia,Mohammad Rizwan,Babar Azam,PJ Cummins,1,0,,,,,,,,,
1000887,2016/17,2017-01-13,"Brisbane Cricket Ground, Woolloongabba",2,25.4,Pakistan,Australia,Babar Azam,Mohammad Rizwan,PJ Cummins,2,0,,,,,,,,,
1000887,2016/17,2017-01-13,"Brisbane Cricket Ground, Woolloongabba",2,25.5,Pakistan,Australia,Babar Azam,Mohammad Rizwan,PJ Cummins,0,0,,,,,,caught,Babar Azam,,
1000887,2016/17,2017-01-13,"Brisbane Cricket Ground, Woolloongabba",2,25.6,Pakistan,Australia,Imad Wasim,Mohammad Rizwan,PJ Cummins,0,0,,,,,,,,,
1000887,2016/17,2017-01-13,"Brisbane Cricket Ground, Woolloongabba",2,26.1,Pakistan,Australia,Mohammad Rizwan,Imad Wasim,MR Marsh,0,0,,,,,,,,,
1000887,2016/17,2017-01-13,"Brisbane Cricket Ground, Woolloongabba",2,26.2,Pakistan,Australia,Mohammad Rizwan,Imad Wasim,MR Marsh,0,0,,,,,,,,,
1000887,2016/17,2017-01-13,"Brisbane Cricket Ground, Woolloongabba",2,26.3,Pakistan,Australia,Mohammad Rizwan,Imad Wasim,MR Marsh,1,0,,,,,,,,,
1000887,2016/17,2017-01-13,"Brisbane Cricket Ground, Woolloongabba",2,26.4,Pakistan,Australia,Imad Wasim,Mohammad Rizwan,MR Marsh,0,0,,,,,,,,,
1000887,2016/17,2017-01-13,"Brisbane Cricket Ground, Woolloongabba",2,26.5,Pakistan,Australia,Imad Wasim,Mohammad Rizwan,MR Marsh,1,0,,,,,,,,,
1000887,2016/17,2017-01-13,"Brisbane Cricket Ground, Woolloongabba",2,26.6,Pakistan,Australia,Mohammad Rizwan,Imad Wasim,MR Marsh,2,0,,,,,,,,,
1000887,2016/17,2017-01-13,"Brisbane Cricket Ground, Woolloongabba",2,27.1,Pakistan,Australia,Imad Wasim,Mohammad Rizwan,TM Head,1,0,,,,,,,,,
1000887,2016/17,2017-01-13,"Brisbane Cricket Ground, Woolloongabba",2,27.2,Pakistan,Australia,Mohammad Rizwan,Imad Wasim,TM Head,0,0,,,,,,,,,
1000887,2016/17,2017-01-13,"Brisbane Cricket Ground, Woolloongabba",2,27.3,Pakistan,Australia,Mohammad Rizwan,Imad Wasim,TM Head,0,0,,,,,,,,,
1000887,2016/17,2017-01-13,"Brisbane Cricket Ground, Woolloongabba",2,27.4,Pakistan,Australia,Mohammad Rizwan,Imad Wasim,TM Head,0,0,,,,,,,,,
1000887,2016/17,2017-01-13,"Brisbane Cricket Ground, Woolloongabba",2,27.5,Pakistan,Australia,Mohammad Rizwan,Imad Wasim,TM Head,2,0,,,,,,,,,
1000887,2016/17,2017-01-13,"Brisbane Cricket Ground, Woolloongabba",2,27.6,Pakistan,Australia,Mohammad Rizwan,Imad Wasim,TM Head,2,0,,,,,,,,,
1000887,2016/17,2017-01-13,"Brisbane Cricket Ground, Woolloongabba",2,28.1,Pakistan,Australia,Imad Wasim,Mohammad Rizwan,PJ Cummins,6,0,,,,,,,,,
1000887,2016/17,2017-01-13,"Brisbane Cricket Ground, Woolloongabba",2,28.2,Pakistan,Australia,Imad Wasim,Mohammad Rizwan,PJ Cummins,0,0,,,,,,,,,
1000887,2016/17,2017-01-13,"Brisbane Cricket Ground, Woolloongabba",2,28.3,Pakistan,Australia,Imad Wasim,Mohammad Rizwan,PJ Cummins,0,0,,,,,,,,,
1000887,2016/17,2017-01-13,"Brisbane Cricket Ground, Woolloongabba",2,28.4,Pakistan,Australia,Imad Wasim,Mohammad Rizwan,PJ Cummins,1,0,,,,,,,,,
1000887,2016/17,2017-01-13,"Brisbane Cricket Ground, Woolloongabba",2,28.5,Pakistan,Australia,Mohammad Rizwan,Imad Wasim,PJ Cummins,0,0,,,,,,,,,
1000887,2016/17,2017-01-13,"Brisbane Cricket Ground, Woolloongabba",2,28.6,Pakistan,Australia,Mohammad Rizwan,Imad Wasim,PJ Cummins,0,0,,,,,,,,,
1000887,2016/17,2017-01-13,"Brisbane Cricket Ground, Woolloongabba",2,29.1,Pakistan,Australia,Imad Wasim,Mohammad Rizwan,TM Head,1,0,,,,,,,,,
1000887,2016/17,2017-01-13,"Brisbane Cricket Ground, Woolloongabba",2,29.2,Pakistan,Australia,Mohammad Rizwan,Imad Wasim,TM Head,0,0,,,,,,,,,
1000887,2016/17,2017-01-13,"Brisbane Cricket Ground, Woolloongabba",2,29.3,Pakistan,Australia,Mohammad Rizwan,Imad Wasim,TM Head,1,0,,,,,,,,,
1000887,2016/17,2017-01-13,"Brisbane Cricket Ground, Woolloongabba",2,29.4,Pakistan,Australia,Imad Wasim,Mohammad Rizwan,TM Head,1,0,,,,,,,,,
1000887,2016/17,2017-01-13,"Brisbane Cricket Ground, Woolloongabba",2,29.5,Pakistan,Australia,Mohammad Rizwan,Imad Wasim,TM Head,0,0,,,,,,,,,
1000887,2016/17,2017-01-13,"Brisbane Cricket Ground, Woolloongabba",2,29.6,Pakistan,Australia,Mohammad Rizwan,Imad Wasim,TM Head,0,1,,,,1,,,,,
1000887,2016/17,2017-01-13,"Brisbane Cricket Ground, Woolloongabba",2,30.1,Pakistan,Australia,Mohammad Rizwan,Imad Wasim,PJ Cummins,0,0,,,,,,caught,Mohammad Rizwan,,
1000887,2016/17,2017-01-13,"Brisbane Cricket Ground, Woolloongabba",2,30.2,Pakistan,Australia,Imad Wasim,Mohammad Nawaz (3),PJ Cummins,0,0,,,,,,,,,
1000887,2016/17,2017-01-13,"Brisbane Cricket Ground, Woolloongabba",2,30.3,Pakistan,Australia,Imad Wasim,Mohammad Nawaz (3),PJ Cummins,0,0,,,,,,,,,
1000887,2016/17,2017-01-13,"Brisbane Cricket Ground, Woolloongabba",2,30.4,Pakistan,Australia,Imad Wasim,Mohammad Nawaz (3),PJ Cummins,1,0,,,,,,,,,
1000887,2016/17,2017-01-13,"Brisbane Cricket Ground, Woolloongabba",2,30.5,Pakistan,Australia,Mohammad Nawaz (3),Imad Wasim,PJ Cummins,0,0,,,,,,,,,
1000887,2016/17,2017-01-13,"Brisbane Cricket Ground, Woolloongabba",2,30.6,Pakistan,Australia,Mohammad Nawaz (3),Imad Wasim,PJ Cummins,0,0,,,,,,,,,
1000887,2016/17,2017-01-13,"Brisbane Cricket Ground, Woolloongabba",2,31.1,Pakistan,Australia,Imad Wasim,Mohammad Nawaz (3),TM Head,0,0,,,,,,,,,
1000887,2016/17,2017-01-13,"Brisbane Cricket Ground, Woolloongabba",2,31.2,Pakistan,Australia,Imad Wasim,Mohammad Nawaz (3),TM Head,0,0,,,,,,,,,
1000887,2016/17,2017-01-13,"Brisbane Cricket Ground, Woolloongabba",2,31.3,Pakistan,Australia,Imad Wasim,Mohammad Nawaz (3),TM Head,0,0,,,,,,,,,
1000887,2016/17,2017-01-13,"Brisbane Cricket Ground, Woolloongabba",2,31.4,Pakistan,Australia,Imad Wasim,Mohammad Nawaz (3),TM Head,1,0,,,,,,,,,
1000887,2016/17,2017-01-13,"Brisbane Cricket Ground, Woolloongabba",2,31.5,Pakistan,Australia,Mohammad Nawaz (3),Imad Wasim,TM Head,0,0,,,,,,,,,
1000887,2016/17,2017-01-13,"Brisbane Cricket Ground, Woolloongabba",2,31.6,Pakistan,Australia,Mohammad Nawaz (3),Imad Wasim,TM Head,1,0,,,,,,,,,
1000887,2016/17,2017-01-13,"Brisbane Cricket Ground, Woolloongabba",2,32.1,Pakistan,Australia,Mohammad Nawaz (3),Imad Wasim,MA Starc,0,0,,,,,,,,,
1000887,2016/17,2017-01-13,"Brisbane Cricket Ground, Woolloongabba",2,32.2,Pakistan,Australia,Mohammad Nawaz (3),Imad Wasim,MA Starc,0,0,,,,,,,,,
1000887,2016/17,2017-01-13,"Brisbane Cricket Ground, Woolloongabba",2,32.3,Pakistan,Australia,Mohammad Nawaz (3),Imad Wasim,MA Starc,0,0,,,,,,,,,
1000887,2016/17,2017-01-13,"Brisbane Cricket Ground, Woolloongabba",2,32.4,Pakistan,Australia,Mohammad Nawaz (3),Imad Wasim,MA Starc,0,1,1,,,,,,,,
1000887,2016/17,2017-01-13,"Brisbane Cricket Ground, Woolloongabba",2,32.5,Pakistan,Australia,Mohammad Nawaz (3),Imad Wasim,MA Starc,0,0,,,,,,,,,
1000887,2016/17,2017-01-13,"Brisbane Cricket Ground, Woolloongabba",2,32.6,Pakistan,Australia,Mohammad Nawaz (3),Imad Wasim,MA Starc,0,0,,,,,,bowled,Mohammad Nawaz (3),,
1000887,2016/17,2017-01-13,"Brisbane Cricket Ground, Woolloongabba",2,32.7,Pakistan,Australia,Azhar Ali,Imad Wasim,MA Starc,2,0,,,,,,,,,
1000887,2016/17,2017-01-13,"Brisbane Cricket Ground, Woolloongabba",2,33.1,Pakistan,Australia,Imad Wasim,Azhar Ali,TM Head,1,0,,,,,,,,,
1000887,2016/17,2017-01-13,"Brisbane Cricket Ground, Woolloongabba",2,33.2,Pakistan,Australia,Azhar Ali,Imad Wasim,TM Head,0,0,,,,,,,,,
1000887,2016/17,2017-01-13,"Brisbane Cricket Ground, Woolloongabba",2,33.3,Pakistan,Australia,Azhar Ali,Imad Wasim,TM Head,0,0,,,,,,,,,
1000887,2016/17,2017-01-13,"Brisbane Cricket Ground, Woolloongabba",2,33.4,Pakistan,Australia,Azhar Ali,Imad Wasim,TM Head,1,0,,,,,,,,,
1000887,2016/17,2017-01-13,"Brisbane Cricket Ground, Woolloongabba",2,33.5,Pakistan,Australia,Imad Wasim,Azhar Ali,TM Head,1,0,,,,,,,,,
1000887,2016/17,2017-01-13,"Brisbane Cricket Ground, Woolloongabba",2,33.6,Pakistan,Australia,Azhar Ali,Imad Wasim,TM Head,0,0,,,,,,,,,
1000887,2016/17,2017-01-13,"Brisbane Cricket Ground, Woolloongabba",2,34.1,Pakistan,Australia,Imad Wasim,Azhar Ali,MA Starc,0,0,,,,,,,,,
1000887,2016/17,2017-01-13,"Brisbane Cricket Ground, Woolloongabba",2,34.2,Pakistan,Australia,Imad Wasim,Azhar Ali,MA Starc,0,0,,,,,,,,,
1000887,2016/17,2017-01-13,"Brisbane Cricket Ground, Woolloongabba",2,34.3,Pakistan,Australia,Imad Wasim,Azhar Ali,MA Starc,2,0,,,,,,,,,
1000887,2016/17,2017-01-13,"Brisbane Cricket Ground, Woolloongabba",2,34.4,Pakistan,Australia,Imad Wasim,Azhar Ali,MA Starc,0,0,,,,,,,,,
1000887,2016/17,2017-01-13,"Brisbane Cricket Ground, Woolloongabba",2,34.5,Pakistan,Australia,Imad Wasim,Azhar Ali,MA Starc,0,0,,,,,,,,,
1000887,2016/17,2017-01-13,"Brisbane Cricket Ground, Woolloongabba",2,34.6,Pakistan,Australia,Imad Wasim,Azhar Ali,MA Starc,1,0,,,,,,,,,
1000887,2016/17,2017-01-13,"Brisbane Cricket Ground, Woolloongabba",2,35.1,Pakistan,Australia,Imad Wasim,Azhar Ali,TM Head,0,0,,,,,,,,,
1000887,2016/17,2017-01-13,"Brisbane Cricket Ground, Woolloongabba",2,35.2,Pakistan,Australia,Imad Wasim,Azhar Ali,TM Head,0,0,,,,,,,,,
1000887,2016/17,2017-01-13,"Brisbane Cricket Ground, Woolloongabba",2,35.3,Pakistan,Australia,Imad Wasim,Azhar Ali,TM Head,0,0,,,,,,,,,
1000887,2016/17,2017-01-13,"Brisbane Cricket Ground, Woolloongabba",2,35.4,Pakistan,Australia,Imad Wasim,Azhar Ali,TM Head,1,0,,,,,,,,,
1000887,2016/17,2017-01-13,"Brisbane Cricket Ground, Woolloongabba",2,35.5,Pakistan,Australia,Azhar Ali,Imad Wasim,TM Head,0,0,,,,,,,,,
1000887,2016/17,2017-01-13,"Brisbane Cricket Ground, Woolloongabba",2,35.6,Pakistan,Australia,Azhar Ali,Imad Wasim,TM Head,1,0,,,,,,,,,
1000887,2016/17,2017-01-13,"Brisbane Cricket Ground, Woolloongabba",2,36.1,Pakistan,Australia,Azhar Ali,Imad Wasim,MR Marsh,1,0,,,,,,,,,
1000887,2016/17,2017-01-13,"Brisbane Cricket Ground, Woolloongabba",2,36.2,Pakistan,Australia,Imad Wasim,Azhar Ali,MR Marsh,2,0,,,,,,,,,
1000887,2016/17,2017-01-13,"Brisbane Cricket Ground, Woolloongabba",2,36.3,Pakistan,Australia,Imad Wasim,Azhar Ali,MR Marsh,1,0,,,,,,,,,
1000887,2016/17,2017-01-13,"Brisbane Cricket Ground, Woolloongabba",2,36.4,Pakistan,Australia,Azhar Ali,Imad Wasim,MR Marsh,1,0,,,,,,,,,
1000887,2016/17,2017-01-13,"Brisbane Cricket Ground, Woolloongabba",2,36.5,Pakistan,Australia,Imad Wasim,Azhar Ali,MR Marsh,4,0,,,,,,,,,
1000887,2016/17,2017-01-13,"Brisbane Cricket Ground, Woolloongabba",2,36.6,Pakistan,Australia,Imad Wasim,Azhar Ali,MR Marsh,2,0,,,,,,,,,
1000887,2016/17,2017-01-13,"Brisbane Cricket Ground, Woolloongabba",2,37.1,Pakistan,Australia,Azhar Ali,Imad Wasim,JP Faulkner,0,0,,,,,,,,,
1000887,2016/17,2017-01-13,"Brisbane Cricket Ground, Woolloongabba",2,37.2,Pakistan,Australia,Azhar Ali,Imad Wasim,JP Faulkner,0,0,,,,,,,,,
1000887,2016/17,2017-01-13,"Brisbane Cricket Ground, Woolloongabba",2,37.3,Pakistan,Australia,Azhar Ali,Imad Wasim,JP Faulkner,1,0,,,,,,,,,
1000887,2016/17,2017-01-13,"Brisbane Cricket Ground, Woolloongabba",2,37.4,Pakistan,Australia,Imad Wasim,Azhar Ali,JP Faulkner,1,0,,,,,,,,,
1000887,2016/17,2017-01-13,"Brisbane Cricket Ground, Woolloongabba",2,37.5,Pakistan,Australia,Azhar Ali,Imad Wasim,JP Faulkner,0,0,,,,,,,,,
1000887,2016/17,2017-01-13,"Brisbane Cricket Ground, Woolloongabba",2,37.6,Pakistan,Australia,Azhar Ali,Imad Wasim,JP Faulkner,1,0,,,,,,,,,
1000887,2016/17,2017-01-13,"Brisbane Cricket Ground, Woolloongabba",2,38.1,Pakistan,Australia,Azhar Ali,Imad Wasim,MR Marsh,1,0,,,,,,,,,
1000887,2016/17,2017-01-13,"Brisbane Cricket Ground, Woolloongabba",2,38.2,Pakistan,Australia,Imad Wasim,Azhar Ali,MR Marsh,0,0,,,,,,,,,
1000887,2016/17,2017-01-13,"Brisbane Cricket Ground, Woolloongabba",2,38.3,Pakistan,Australia,Imad Wasim,Azhar Ali,MR Marsh,0,0,,,,,,caught,Imad Wasim,,
1000887,2016/17,2017-01-13,"Brisbane Cricket Ground, Woolloongabba",2,38.4,Pakistan,Australia,Azhar Ali,Mohammad Amir,MR Marsh,0,0,,,,,,,,,
1000887,2016/17,2017-01-13,"Brisbane Cricket Ground, Woolloongabba",2,38.5,Pakistan,Australia,Azhar Ali,Mohammad Amir,MR Marsh,1,0,,,,,,,,,
1000887,2016/17,2017-01-13,"Brisbane Cricket Ground, Woolloongabba",2,38.6,Pakistan,Australia,Mohammad Amir,Azhar Ali,MR Marsh,0,0,,,,,,,,,
1000887,2016/17,2017-01-13,"Brisbane Cricket Ground, Woolloongabba",2,39.1,Pakistan,Australia,Azhar Ali,Mohammad Amir,JP Faulkner,1,0,,,,,,,,,
1000887,2016/17,2017-01-13,"Brisbane Cricket Ground, Woolloongabba",2,39.2,Pakistan,Australia,Mohammad Amir,Azhar Ali,JP Faulkner,1,0,,,,,,,,,
1000887,2016/17,2017-01-13,"Brisbane Cricket Ground, Woolloongabba",2,39.3,Pakistan,Australia,Azhar Ali,Mohammad Amir,JP Faulkner,1,0,,,,,,,,,
1000887,2016/17,2017-01-13,"Brisbane Cricket Ground, Woolloongabba",2,39.4,Pakistan,Australia,Mohammad Amir,Azhar Ali,JP Faulkner,1,0,,,,,,,,,
1000887,2016/17,2017-01-13,"Brisbane Cricket Ground, Woolloongabba",2,39.5,Pakistan,Australia,Azhar Ali,Mohammad Amir,JP Faulkner,0,0,,,,,,,,,
1000887,2016/17,2017-01-13,"Brisbane Cricket Ground, Woolloongabba",2,39.6,Pakistan,Australia,Azhar Ali,Mohammad Amir,JP Faulkner,0,0,,,,,,caught,Azhar Ali,,
1000887,2016/17,2017-01-13,"Brisbane Cricket Ground, Woolloongabba",2,40.1,Pakistan,Australia,Wahab Riaz,Mohammad Amir,PJ Cummins,1,0,,,,,,,,,
1000887,2016/17,2017-01-13,"Brisbane Cricket Ground, Woolloongabba",2,40.2,Pakistan,Australia,Mohammad Amir,Wahab Riaz,PJ Cummins,0,0,,,,,,,,,
1000887,2016/17,2017-01-13,"Brisbane Cricket Ground, Woolloongabba",2,40.3,Pakistan,Australia,Mohammad Amir,Wahab Riaz,PJ Cummins,2,0,,,,,,,,,
1000887,2016/17,2017-01-13,"Brisbane Cricket Ground, Woolloongabba",2,40.4,Pakistan,Australia,Mohammad Amir,Wahab Riaz,PJ Cummins,0,0,,,,,,,,,
1000887,2016/17,2017-01-13,"Brisbane Cricket Ground, Woolloongabba",2,40.5,Pakistan,Australia,Mohammad Amir,Wahab Riaz,PJ Cummins,1,0,,,,,,,,,
1000887,2016/17,2017-01-13,"Brisbane Cricket Ground, Woolloongabba",2,40.6,Pakistan,Australia,Wahab Riaz,Mohammad Amir,PJ Cummins,0,0,,,,,,,,,
1000887,2016/17,2017-01-13,"Brisbane Cricket Ground, Woolloongabba",2,41.1,Pakistan,Australia,Mohammad Amir,Wahab Riaz,JP Faulkner,1,0,,,,,,,,,
1000887,2016/17,2017-01-13,"Brisbane Cricket Ground, Woolloongabba",2,41.2,Pakistan,Australia,Wahab Riaz,Mohammad Amir,JP Faulkner,1,0,,,,,,,,,
1000887,2016/17,2017-01-13,"Brisbane Cricket Ground, Woolloongabba",2,41.3,Pakistan,Australia,Mohammad Amir,Wahab Riaz,JP Faulkner,2,0,,,,,,,,,
1000887,2016/17,2017-01-13,"Brisbane Cricket Ground, Woolloongabba",2,41.4,Pakistan,Australia,Mohammad Amir,Wahab Riaz,JP Faulkner,0,0,,,,,,caught,Mohammad Amir,,
1000887,2016/17,2017-01-13,"Brisbane Cricket Ground, Woolloongabba",2,41.5,Pakistan,Australia,Wahab Riaz,Hasan Ali,JP Faulkner,2,0,,,,,,,,,
1000887,2016/17,2017-01-13,"Brisbane Cricket Ground, Woolloongabba",2,41.6,Pakistan,Australia,Wahab Riaz,Hasan Ali,JP Faulkner,1,0,,,,,,,,,
1000887,2016/17,2017-01-13,"Brisbane Cricket Ground, Woolloongabba",2,42.1,Pakistan,Australia,Wahab Riaz,Hasan Ali,PJ Cummins,0,0,,,,,,,,,
1000887,2016/17,2017-01-13,"Brisbane Cricket Ground, Woolloongabba",2,42.2,Pakistan,Australia,Wahab Riaz,Hasan Ali,PJ Cummins,1,0,,,,,,,,,
1000887,2016/17,2017-01-13,"Brisbane Cricket Ground, Woolloongabba",2,42.3,Pakistan,Australia,Hasan Ali,Wahab Riaz,PJ Cummins,1,0,,,,,,,,,
1000887,2016/17,2017-01-13,"Brisbane Cricket Ground, Woolloongabba",2,42.4,Pakistan,Australia,Wahab Riaz,Hasan Ali,PJ Cummins,0,0,,,,,,caught,Wahab Riaz,,
