match_id,season,start_date,venue,innings,ball,batting_team,bowling_team,striker,non_striker,bowler,runs_off_bat,extras,wides,noballs,byes,legbyes,penalty,wicket_type,player_dismissed,other_wicket_type,other_player_dismissed
1004285,2016,2016-09-10,"Grange Cricket Club Ground, Raeburn Place",1,0.1,Scotland,Hong Kong,KJ Coetzer,MH Cross,Tanwir Afzal,0,0,,,,,,,,,
1004285,2016,2016-09-10,"Grange Cricket Club Ground, Raeburn Place",1,0.2,Scotland,Hong Kong,KJ Coetzer,MH Cross,Tanwir Afzal,0,0,,,,,,,,,
1004285,2016,2016-09-10,"Grange Cricket Club Ground, Raeburn Place",1,0.3,Scotland,Hong Kong,KJ Coetzer,MH Cross,Tanwir Afzal,4,0,,,,,,,,,
1004285,2016,2016-09-10,"Grange Cricket Club Ground, Raeburn Place",1,0.4,Scotland,Hong Kong,KJ Coetzer,MH Cross,Tanwir Afzal,0,0,,,,,,,,,
1004285,2016,2016-09-10,"Grange Cricket Club Ground, Raeburn Place",1,0.5,Scotland,Hong Kong,KJ Coetzer,MH Cross,Tanwir Afzal,4,0,,,,,,,,,
1004285,2016,2016-09-10,"Grange Cricket Club Ground, Raeburn Place",1,0.6,Scotland,Hong Kong,KJ Coetzer,MH Cross,Tanwir Afzal,4,0,,,,,,,,,
1004285,2016,2016-09-10,"Grange Cricket Club Ground, Raeburn Place",1,1.1,Scotland,Hong Kong,MH Cross,KJ Coetzer,Aizaz Khan,0,0,,,,,,,,,
1004285,2016,2016-09-10,"Grange Cricket Club Ground, Raeburn Place",1,1.2,Scotland,Hong Kong,MH Cross,KJ Coetzer,Aizaz Khan,0,0,,,,,,,,,
1004285,2016,2016-09-10,"Grange Cricket Club Ground, Raeburn Place",1,1.3,Scotland,Hong Kong,MH Cross,KJ Coetzer,Aizaz Khan,0,0,,,,,,,,,
1004285,2016,2016-09-10,"Grange Cricket Club Ground, Raeburn Place",1,1.4,Scotland,Hong Kong,MH Cross,KJ Coetzer,Aizaz Khan,0,0,,,,,,,,,
1004285,2016,2016-09-10,"Grange Cricket Club Ground, Raeburn Place",1,1.5,Scotland,Hong Kong,MH Cross,KJ Coetzer,Aizaz Khan,0,0,,,,,,,,,
1004285,2016,2016-09-10,"Grange Cricket Club Ground, Raeburn Place",1,1.6,Scotland,Hong Kong,MH Cross,KJ Coetzer,Aizaz Khan,1,0,,,,,,,,,
1004285,2016,2016-09-10,"Grange Cricket Club Ground, Raeburn Place",1,2.1,Scotland,Hong Kong,MH Cross,KJ Coetzer,Tanwir Afzal,1,0,,,,,,,,,
1004285,2016,2016-09-10,"Grange Cricket Club Ground, Raeburn Place",1,2.2,Scotland,Hong Kong,KJ Coetzer,MH Cross,Tanwir Afzal,0,0,,,,,,,,,
1004285,2016,2016-09-10,"Grange Cricket Club Ground, Raeburn Place",1,2.3,Scotland,Hong Kong,KJ Coetzer,MH Cross,Tanwir Afzal,0,0,,,,,,,,,
1004285,2016,2016-09-10,"Grange Cricket Club Ground, Raeburn Place",1,2.4,Scotland,Hong Kong,KJ Coetzer,MH Cross,Tanwir Afzal,0,0,,,,,,,,,
1004285,2016,2016-09-10,"Grange Cricket Club Ground, Raeburn Place",1,2.5,Scotland,Hong Kong,KJ Coetzer,MH Cross,Tanwir Afzal,0,0,,,,,,,,,
1004285,2016,2016-09-10,"Grange Cricket Club Ground, Raeburn Place",1,2.6,Scotland,Hong Kong,KJ Coetzer,MH Cross,Tanwir Afzal,0,0,,,,,,,,,
1004285,2016,2016-09-10,"Grange Cricket Club Ground, Raeburn Place",1,3.1,Scotland,Hong Kong,MH Cross,KJ Coetzer,Aizaz Khan,0,0,,,,,,,,,
1004285,2016,2016-09-10,"Grange Cricket Club Ground, Raeburn Place",1,3.2,Scotland,Hong Kong,MH Cross,KJ Coetzer,Aizaz Khan,0,1,,,1,,,,,,
1004285,2016,2016-09-10,"Grange Cricket Club Ground, Raeburn Place",1,3.3,Scotland,Hong Kong,KJ Coetzer,MH Cross,Aizaz Khan,0,0,,,,,,,,,
1004285,2016,2016-09-10,"Grange Cricket Club Ground, Raeburn Place",1,3.4,Scotland,Hong Kong,KJ Coetzer,MH Cross,Aizaz Khan,0,0,,,,,,,,,
1004285,2016,2016-09-10,"Grange Cricket Club Ground, Raeburn Place",1,3.5,Scotland,Hong Kong,KJ Coetzer,MH Cross,Aizaz Khan,0,0,,,,,,,,,
1004285,2016,2016-09-10,"Grange Cricket Club Ground, Raeburn Place",1,3.6,Scotland,Hong Kong,KJ Coetzer,MH Cross,Aizaz Khan,1,0,,,,,,,,,
1004285,2016,2016-09-10,"Grange Cricket Club Ground, Raeburn Place",1,4.1,Scotland,Hong Kong,KJ Coetzer,MH Cross,Tanwir Afzal,0,0,,,,,,,,,
1004285,2016,2016-09-10,"Grange Cricket Club Ground, Raeburn Place",1,4.2,Scotland,Hong Kong,KJ Coetzer,MH Cross,Tanwir Afzal,0,0,,,,,,,,,
1004285,2016,2016-09-10,"Grange Cricket Club Ground, Raeburn Place",1,4.3,Scotland,Hong Kong,KJ Coetzer,MH Cross,Tanwir Afzal,0,0,,,,,,,,,
1004285,2016,2016-09-10,"Grange Cricket Club Ground, Raeburn Place",1,4.4,Scotland,Hong Kong,KJ Coetzer,MH Cross,Tanwir Afzal,0,0,,,,,,,,,
1004285,2016,2016-09-10,"Grange Cricket Club Ground, Raeburn Place",1,4.5,Scotland,Hong Kong,KJ Coetzer,MH Cross,Tanwir Afzal,4,0,,,,,,,,,
1004285,2016,2016-09-10,"Grange Cricket Club Ground, Raeburn Place",1,4.6,Scotland,Hong Kong,KJ Coetzer,MH Cross,Tanwir Afzal,0,0,,,,,,,,,
1004285,2016,2016-09-10,"Grange Cricket Club Ground, Raeburn Place",1,5.1,Scotland,Hong Kong,MH Cross,KJ Coetzer,Aizaz Khan,3,0,,,,,,,,,
1004285,2016,2016-09-10,"Grange Cricket Club Ground, Raeburn Place",1,5.2,Scotland,Hong Kong,KJ Coetzer,MH Cross,Aizaz Khan,0,0,,,,,,,,,
1004285,2016,2016-09-10,"Grange Cricket Club Ground, Raeburn Place",1,5.3,Scotland,Hong Kong,KJ Coetzer,MH Cross,Aizaz Khan,0,0,,,,,,,,,
1004285,2016,2016-09-10,"Grange Cricket Club Ground, Raeburn Place",1,5.4,Scotland,Hong Kong,KJ Coetzer,MH Cross,Aizaz Khan,6,0,,,,,,,,,
1004285,2016,2016-09-10,"Grange Cricket Club Ground, Raeburn Place",1,5.5,Scotland,Hong Kong,KJ Coetzer,MH Cross,Aizaz Khan,0,0,,,,,,,,,
1004285,2016,2016-09-10,"Grange Cricket Club Ground, Raeburn Place",1,5.6,Scotland,Hong Kong,KJ Coetzer,MH Cross,Aizaz Khan,0,0,,,,,,,,,
1004285,2016,2016-09-10,"Grange Cricket Club Ground, Raeburn Place",1,6.1,Scotland,Hong Kong,MH Cross,KJ Coetzer,Tanwir Afzal,0,0,,,,,,,,,
1004285,2016,2016-09-10,"Grange Cricket Club Ground, Raeburn Place",1,6.2,Scotland,Hong Kong,MH Cross,KJ Coetzer,Tanwir Afzal,0,0,,,,,,,,,
1004285,2016,2016-09-10,"Grange Cricket Club Ground, Raeburn Place",1,6.3,Scotland,Hong Kong,MH Cross,KJ Coetzer,Tanwir Afzal,1,0,,,,,,,,,
1004285,2016,2016-09-10,"Grange Cricket Club Ground, Raeburn Place",1,6.4,Scotland,Hong Kong,KJ Coetzer,MH Cross,Tanwir Afzal,4,0,,,,,,,,,
1004285,2016,2016-09-10,"Grange Cricket Club Ground, Raeburn Place",1,6.5,Scotland,Hong Kong,KJ Coetzer,MH Cross,Tanwir Afzal,0,0,,,,,,,,,
1004285,2016,2016-09-10,"Grange Cricket Club Ground, Raeburn Place",1,6.6,Scotland,Hong Kong,KJ Coetzer,MH Cross,Tanwir Afzal,6,0,,,,,,,,,
1004285,2016,2016-09-10,"Grange Cricket Club Ground, Raeburn Place",1,7.1,Scotland,Hong Kong,MH Cross,KJ Coetzer,Aizaz Khan,0,0,,,,,,,,,
1004285,2016,2016-09-10,"Grange Cricket Club Ground, Raeburn Place",1,7.2,Scotland,Hong Kong,MH Cross,KJ Coetzer,Aizaz Khan,0,0,,,,,,,,,
1004285,2016,2016-09-10,"Grange Cricket Club Ground, Raeburn Place",1,7.3,Scotland,Hong Kong,MH Cross,KJ Coetzer,Aizaz Khan,4,0,,,,,,,,,
1004285,2016,2016-09-10,"Grange Cricket Club Ground, Raeburn Place",1,7.4,Scotland,Hong Kong,MH Cross,KJ Coetzer,Aizaz Khan,1,0,,,,,,,,,
1004285,2016,2016-09-10,"Grange Cricket Club Ground, Raeburn Place",1,7.5,Scotland,Hong Kong,KJ Coetzer,MH Cross,Aizaz Khan,1,0,,,,,,,,,
1004285,2016,2016-09-10,"Grange Cricket Club Ground, Raeburn Place",1,7.6,Scotland,Hong Kong,MH Cross,KJ Coetzer,Aizaz Khan,2,0,,,,,,,,,
1004285,2016,2016-09-10,"Grange Cricket Club Ground, Raeburn Place",1,8.1,Scotland,Hong Kong,KJ Coetzer,MH Cross,Nadeem Ahmed,0,0,,,,,,,,,
1004285,2016,2016-09-10,"Grange Cricket Club Ground, Raeburn Place",1,8.2,Scotland,Hong Kong,KJ Coetzer,MH Cross,Nadeem Ahmed,4,0,,,,,,,,,
1004285,2016,2016-09-10,"Grange Cricket Club Ground, Raeburn Place",1,8.3,Scotland,Hong Kong,KJ Coetzer,MH Cross,Nadeem Ahmed,0,0,,,,,,,,,
1004285,2016,2016-09-10,"Grange Cricket Club Ground, Raeburn Place",1,8.4,Scotland,Hong Kong,KJ Coetzer,MH Cross,Nadeem Ahmed,1,0,,,,,,,,,
1004285,2016,2016-09-10,"Grange Cricket Club Ground, Raeburn Place",1,8.5,Scotland,Hong Kong,MH Cross,KJ Coetzer,Nadeem Ahmed,0,0,,,,,,,,,
1004285,2016,2016-09-10,"Grange Cricket Club Ground, Raeburn Place",1,8.6,Scotland,Hong Kong,MH Cross,KJ Coetzer,Nadeem Ahmed,0,0,,,,,,,,,
1004285,2016,2016-09-10,"Grange Cricket Club Ground, Raeburn Place",1,9.1,Scotland,Hong Kong,KJ Coetzer,MH Cross,Tanveer Ahmed,0,0,,,,,,,,,
1004285,2016,2016-09-10,"Grange Cricket Club Ground, Raeburn Place",1,9.2,Scotland,Hong Kong,KJ Coetzer,MH Cross,Tanveer Ahmed,0,0,,,,,,,,,
1004285,2016,2016-09-10,"Grange Cricket Club Ground, Raeburn Place",1,9.3,Scotland,Hong Kong,KJ Coetzer,MH Cross,Tanveer Ahmed,4,0,,,,,,,,,
1004285,2016,2016-09-10,"Grange Cricket Club Ground, Raeburn Place",1,9.4,Scotland,Hong Kong,KJ Coetzer,MH Cross,Tanveer Ahmed,4,0,,,,,,,,,
1004285,2016,2016-09-10,"Grange Cricket Club Ground, Raeburn Place",1,9.5,Scotland,Hong Kong,KJ Coetzer,MH Cross,Tanveer Ahmed,0,0,,,,,,,,,
1004285,2016,2016-09-10,"Grange Cricket Club Ground, Raeburn Place",1,9.6,Scotland,Hong Kong,KJ Coetzer,MH Cross,Tanveer Ahmed,0,1,,,,1,,,,,
1004285,2016,2016-09-10,"Grange Cricket Club Ground, Raeburn Place",1,10.1,Scotland,Hong Kong,KJ Coetzer,MH Cross,Nadeem Ahmed,1,0,,,,,,,,,
1004285,2016,2016-09-10,"Grange Cricket Club Ground, Raeburn Place",1,10.2,Scotland,Hong Kong,MH Cross,KJ Coetzer,Nadeem Ahmed,0,0,,,,,,,,,
1004285,2016,2016-09-10,"Grange Cricket Club Ground, Raeburn Place",1,10.3,Scotland,Hong Kong,MH Cross,KJ Coetzer,Nadeem Ahmed,0,0,,,,,,,,,
1004285,2016,2016-09-10,"Grange Cricket Club Ground, Raeburn Place",1,10.4,Scotland,Hong Kong,MH Cross,KJ Coetzer,Nadeem Ahmed,0,0,,,,,,caught,MH Cross,,
1004285,2016,2016-09-10,"Grange Cricket Club Ground, Raeburn Place",1,10.5,Scotland,Hong Kong,CS MacLeod,KJ Coetzer,Nadeem Ahmed,0,0,,,,,,,,,
1004285,2016,2016-09-10,"Grange Cricket Club Ground, Raeburn Place",1,10.6,Scotland,Hong Kong,CS MacLeod,KJ Coetzer,Nadeem Ahmed,0,0,,,,,,,,,
1004285,2016,2016-09-10,"Grange Cricket Club Ground, Raeburn Place",1,11.1,Scotland,Hong Kong,KJ Coetzer,CS MacLeod,Tanveer Ahmed,0,0,,,,,,caught and bowled,KJ Coetzer,,
1004285,2016,2016-09-10,"Grange Cricket Club Ground, Raeburn Place",1,11.2,Scotland,Hong Kong,MA Leask,CS MacLeod,Tanveer Ahmed,0,0,,,,,,,,,
1004285,2016,2016-09-10,"Grange Cricket Club Ground, Raeburn Place",1,11.3,Scotland,Hong Kong,MA Leask,CS MacLeod,Tanveer Ahmed,1,0,,,,,,,,,
1004285,2016,2016-09-10,"Grange Cricket Club Ground, Raeburn Place",1,11.4,Scotland,Hong Kong,CS MacLeod,MA Leask,Tanveer Ahmed,0,0,,,,,,,,,
1004285,2016,2016-09-10,"Grange Cricket Club Ground, Raeburn Place",1,11.5,Scotland,Hong Kong,CS MacLeod,MA Leask,Tanveer Ahmed,0,0,,,,,,,,,
1004285,2016,2016-09-10,"Grange Cricket Club Ground, Raeburn Place",1,11.6,Scotland,Hong Kong,CS MacLeod,MA Leask,Tanveer Ahmed,3,0,,,,,,,,,
1004285,2016,2016-09-10,"Grange Cricket Club Ground, Raeburn Place",1,12.1,Scotland,Hong Kong,CS MacLeod,MA Leask,Nadeem Ahmed,0,0,,,,,,,,,
1004285,2016,2016-09-10,"Grange Cricket Club Ground, Raeburn Place",1,12.2,Scotland,Hong Kong,CS MacLeod,MA Leask,Nadeem Ahmed,1,0,,,,,,,,,
1004285,2016,2016-09-10,"Grange Cricket Club Ground, Raeburn Place",1,12.3,Scotland,Hong Kong,MA Leask,CS MacLeod,Nadeem Ahmed,0,0,,,,,,,,,
1004285,2016,2016-09-10,"Grange Cricket Club Ground, Raeburn Place",1,12.4,Scotland,Hong Kong,MA Leask,CS MacLeod,Nadeem Ahmed,0,0,,,,,,,,,
1004285,2016,2016-09-10,"Grange Cricket Club Ground, Raeburn Place",1,12.5,Scotland,Hong Kong,MA Leask,CS MacLeod,Nadeem Ahmed,1,0,,,,,,,,,
1004285,2016,2016-09-10,"Grange Cricket Club Ground, Raeburn Place",1,12.6,Scotland,Hong Kong,CS MacLeod,MA Leask,Nadeem Ahmed,0,0,,,,,,,,,
1004285,2016,2016-09-10,"Grange Cricket Club Ground, Raeburn Place",1,13.1,Scotland,Hong Kong,MA Leask,CS MacLeod,Tanveer Ahmed,0,0,,,,,,,,,
1004285,2016,2016-09-10,"Grange Cricket Club Ground, Raeburn Place",1,13.2,Scotland,Hong Kong,MA Leask,CS MacLeod,Tanveer Ahmed,4,0,,,,,,,,,
1004285,2016,2016-09-10,"Grange Cricket Club Ground, Raeburn Place",1,13.3,Scotland,Hong Kong,MA Leask,CS MacLeod,Tanveer Ahmed,0,0,,,,,,,,,
1004285,2016,2016-09-10,"Grange Cricket Club Ground, Raeburn Place",1,13.4,Scotland,Hong Kong,MA Leask,CS MacLeod,Tanveer Ahmed,1,0,,,,,,,,,
1004285,2016,2016-09-10,"Grange Cricket Club Ground, Raeburn Place",1,13.5,Scotland,Hong Kong,CS MacLeod,MA Leask,Tanveer Ahmed,0,0,,,,,,,,,
1004285,2016,2016-09-10,"Grange Cricket Club Ground, Raeburn Place",1,13.6,Scotland,Hong Kong,CS MacLeod,MA Leask,Tanveer Ahmed,2,0,,,,,,,,,
1004285,2016,2016-09-10,"Grange Cricket Club Ground, Raeburn Place",1,14.1,Scotland,Hong Kong,MA Leask,CS MacLeod,Tanwir Afzal,0,0,,,,,,,,,
1004285,2016,2016-09-10,"Grange Cricket Club Ground, Raeburn Place",1,14.2,Scotland,Hong Kong,MA Leask,CS MacLeod,Tanwir Afzal,0,0,,,,,,,,,
1004285,2016,2016-09-10,"Grange Cricket Club Ground, Raeburn Place",1,14.3,Scotland,Hong Kong,MA Leask,CS MacLeod,Tanwir Afzal,0,0,,,,,,,,,
1004285,2016,2016-09-10,"Grange Cricket Club Ground, Raeburn Place",1,14.4,Scotland,Hong Kong,MA Leask,CS MacLeod,Tanwir Afzal,1,0,,,,,,,,,
1004285,2016,2016-09-10,"Grange Cricket Club Ground, Raeburn Place",1,14.5,Scotland,Hong Kong,CS MacLeod,MA Leask,Tanwir Afzal,0,0,,,,,,,,,
1004285,2016,2016-09-10,"Grange Cricket Club Ground, Raeburn Place",1,14.6,Scotland,Hong Kong,CS MacLeod,MA Leask,Tanwir Afzal,0,0,,,,,,,,,
1004285,2016,2016-09-10,"Grange Cricket Club Ground, Raeburn Place",1,15.1,Scotland,Hong Kong,MA Leask,CS MacLeod,Anshuman Rath,0,0,,,,,,,,,
1004285,2016,2016-09-10,"Grange Cricket Club Ground, Raeburn Place",1,15.2,Scotland,Hong Kong,MA Leask,CS MacLeod,Anshuman Rath,0,0,,,,,,,,,
1004285,2016,2016-09-10,"Grange Cricket Club Ground, Raeburn Place",1,15.3,Scotland,Hong Kong,MA Leask,CS MacLeod,Anshuman Rath,0,0,,,,,,,,,
1004285,2016,2016-09-10,"Grange Cricket Club Ground, Raeburn Place",1,15.4,Scotland,Hong Kong,MA Leask,CS MacLeod,Anshuman Rath,1,0,,,,,,,,,
1004285,2016,2016-09-10,"Grange Cricket Club Ground, Raeburn Place",1,15.5,Scotland,Hong Kong,CS MacLeod,MA Leask,Anshuman Rath,1,0,,,,,,,,,
1004285,2016,2016-09-10,"Grange Cricket Club Ground, Raeburn Place",1,15.6,Scotland,Hong Kong,MA Leask,CS MacLeod,Anshuman Rath,1,0,,,,,,,,,
1004285,2016,2016-09-10,"Grange Cricket Club Ground, Raeburn Place",1,16.1,Scotland,Hong Kong,MA Leask,CS MacLeod,Tanwir Afzal,2,0,,,,,,,,,
1004285,2016,2016-09-10,"Grange Cricket Club Ground, Raeburn Place",1,16.2,Scotland,Hong Kong,MA Leask,CS MacLeod,Tanwir Afzal,0,0,,,,,,,,,
1004285,2016,2016-09-10,"Grange Cricket Club Ground, Raeburn Place",1,16.3,Scotland,Hong Kong,MA Leask,CS MacLeod,Tanwir Afzal,0,0,,,,,,,,,
1004285,2016,2016-09-10,"Grange Cricket Club Ground, Raeburn Place",1,16.4,Scotland,Hong Kong,MA Leask,CS MacLeod,Tanwir Afzal,0,0,,,,,,,,,
1004285,2016,2016-09-10,"Grange Cricket Club Ground, Raeburn Place",1,16.5,Scotland,Hong Kong,MA Leask,CS MacLeod,Tanwir Afzal,0,0,,,,,,lbw,MA Leask,,
1004285,2016,2016-09-10,"Grange Cricket Club Ground, Raeburn Place",1,16.6,Scotland,Hong Kong,RD Berrington,CS MacLeod,Tanwir Afzal,0,1,,1,,,,,,,
1004285,2016,2016-09-10,"Grange Cricket Club Ground, Raeburn Place",1,16.7,Scotland,Hong Kong,RD Berrington,CS MacLeod,Tanwir Afzal,0,0,,,,,,,,,
1004285,2016,2016-09-10,"Grange Cricket Club Ground, Raeburn Place",1,17.1,Scotland,Hong Kong,CS MacLeod,RD Berrington,Anshuman Rath,1,0,,,,,,,,,
1004285,2016,2016-09-10,"Grange Cricket Club Ground, Raeburn Place",1,17.2,Scotland,Hong Kong,RD Berrington,CS MacLeod,Anshuman Rath,1,0,,,,,,,,,
1004285,2016,2016-09-10,"Grange Cricket Club Ground, Raeburn Place",1,17.3,Scotland,Hong Kong,CS MacLeod,RD Berrington,Anshuman Rath,1,0,,,,,,,,,
1004285,2016,2016-09-10,"Grange Cricket Club Ground, Raeburn Place",1,17.4,Scotland,Hong Kong,RD Berrington,CS MacLeod,Anshuman Rath,0,0,,,,,,,,,
1004285,2016,2016-09-10,"Grange Cricket Club Ground, Raeburn Place",1,17.5,Scotland,Hong Kong,RD Berrington,CS MacLeod,Anshuman Rath,1,0,,,,,,,,,
1004285,2016,2016-09-10,"Grange Cricket Club Ground, Raeburn Place",1,17.6,Scotland,Hong Kong,CS MacLeod,RD Berrington,Anshuman Rath,0,0,,,,,,,,,
1004285,2016,2016-09-10,"Grange Cricket Club Ground, Raeburn Place",1,18.1,Scotland,Hong Kong,RD Berrington,CS MacLeod,Tanwir Afzal,0,0,,,,,,,,,
1004285,2016,2016-09-10,"Grange Cricket Club Ground, Raeburn Place",1,18.2,Scotland,Hong Kong,RD Berrington,CS MacLeod,Tanwir Afzal,0,0,,,,,,,,,
1004285,2016,2016-09-10,"Grange Cricket Club Ground, Raeburn Place",1,18.3,Scotland,Hong Kong,RD Berrington,CS MacLeod,Tanwir Afzal,0,0,,,,,,,,,
1004285,2016,2016-09-10,"Grange Cricket Club Ground, Raeburn Place",1,18.4,Scotland,Hong Kong,RD Berrington,CS MacLeod,Tanwir Afzal,0,0,,,,,,,,,
1004285,2016,2016-09-10,"Grange Cricket Club Ground, Raeburn Place",1,18.5,Scotland,Hong Kong,RD Berrington,CS MacLeod,Tanwir Afzal,0,0,,,,,,,,,
1004285,2016,2016-09-10,"Grange Cricket Club Ground, Raeburn Place",1,18.6,Scotland,Hong Kong,RD Berrington,CS MacLeod,Tanwir Afzal,0,0,,,,,,,,,
1004285,2016,2016-09-10,"Grange Cricket Club Ground, Raeburn Place",1,19.1,Scotland,Hong Kong,CS MacLeod,RD Berrington,Anshuman Rath,1,0,,,,,,,,,
1004285,2016,2016-09-10,"Grange Cricket Club Ground, Raeburn Place",1,19.2,Scotland,Hong Kong,RD Berrington,CS MacLeod,Anshuman Rath,0,0,,,,,,,,,
1004285,2016,2016-09-10,"Grange Cricket Club Ground, Raeburn Place",1,19.3,Scotland,Hong Kong,RD Berrington,CS MacLeod,Anshuman Rath,0,2,,,,2,,,,,
1004285,2016,2016-09-10,"Grange Cricket Club Ground, Raeburn Place",1,19.4,Scotland,Hong Kong,RD Berrington,CS MacLeod,Anshuman Rath,1,0,,,,,,,,,
1004285,2016,2016-09-10,"Grange Cricket Club Ground, Raeburn Place",1,19.5,Scotland,Hong Kong,CS MacLeod,RD Berrington,Anshuman Rath,0,0,,,,,,,,,
1004285,2016,2016-09-10,"Grange Cricket Club Ground, Raeburn Place",1,19.6,Scotland,Hong Kong,CS MacLeod,RD Berrington,Anshuman Rath,1,0,,,,,,,,,
1004285,2016,2016-09-10,"Grange Cricket Club Ground, Raeburn Place",1,20.1,Scotland,Hong Kong,CS MacLeod,RD Berrington,Tanwir Afzal,0,0,,,,,,,,,
1004285,2016,2016-09-10,"Grange Cricket Club Ground, Raeburn Place",1,20.2,Scotland,Hong Kong,CS MacLeod,RD Berrington,Tanwir Afzal,0,0,,,,,,,,,
1004285,2016,2016-09-10,"Grange Cricket Club Ground, Raeburn Place",1,20.3,Scotland,Hong Kong,CS MacLeod,RD Berrington,Tanwir Afzal,0,0,,,,,,,,,
1004285,2016,2016-09-10,"Grange Cricket Club Ground, Raeburn Place",1,20.4,Scotland,Hong Kong,CS MacLeod,RD Berrington,Tanwir Afzal,0,0,,,,,,,,,
1004285,2016,2016-09-10,"Grange Cricket Club Ground, Raeburn Place",1,20.5,Scotland,Hong Kong,CS MacLeod,RD Berrington,Tanwir Afzal,0,0,,,,,,,,,
1004285,2016,2016-09-10,"Grange Cricket Club Ground, Raeburn Place",1,20.6,Scotland,Hong Kong,CS MacLeod,RD Berrington,Tanwir Afzal,4,0,,,,,,,,,
1004285,2016,2016-09-10,"Grange Cricket Club Ground, Raeburn Place",1,21.1,Scotland,Hong Kong,RD Berrington,CS MacLeod,Ehsan Khan,1,0,,,,,,,,,
1004285,2016,2016-09-10,"Grange Cricket Club Ground, Raeburn Place",1,21.2,Scotland,Hong Kong,CS MacLeod,RD Berrington,Ehsan Khan,4,0,,,,,,,,,
1004285,2016,2016-09-10,"Grange Cricket Club Ground, Raeburn Place",1,21.3,Scotland,Hong Kong,CS MacLeod,RD Berrington,Ehsan Khan,0,0,,,,,,,,,
1004285,2016,2016-09-10,"Grange Cricket Club Ground, Raeburn Place",1,21.4,Scotland,Hong Kong,CS MacLeod,RD Berrington,Ehsan Khan,0,0,,,,,,,,,
1004285,2016,2016-09-10,"Grange Cricket Club Ground, Raeburn Place",1,21.5,Scotland,Hong Kong,CS MacLeod,RD Berrington,Ehsan Khan,0,0,,,,,,,,,
1004285,2016,2016-09-10,"Grange Cricket Club Ground, Raeburn Place",1,21.6,Scotland,Hong Kong,CS MacLeod,RD Berrington,Ehsan Khan,1,0,,,,,,,,,
1004285,2016,2016-09-10,"Grange Cricket Club Ground, Raeburn Place",1,22.1,Scotland,Hong Kong,CS MacLeod,RD Berrington,Nadeem Ahmed,0,0,,,,,,,,,
1004285,2016,2016-09-10,"Grange Cricket Club Ground, Raeburn Place",1,22.2,Scotland,Hong Kong,CS MacLeod,RD Berrington,Nadeem Ahmed,1,0,,,,,,,,,
1004285,2016,2016-09-10,"Grange Cricket Club Ground, Raeburn Place",1,22.3,Scotland,Hong Kong,RD Berrington,CS MacLeod,Nadeem Ahmed,0,0,,,,,,,,,
1004285,2016,2016-09-10,"Grange Cricket Club Ground, Raeburn Place",1,22.4,Scotland,Hong Kong,RD Berrington,CS MacLeod,Nadeem Ahmed,0,0,,,,,,,,,
1004285,2016,2016-09-10,"Grange Cricket Club Ground, Raeburn Place",1,22.5,Scotland,Hong Kong,RD Berrington,CS MacLeod,Nadeem Ahmed,1,0,,,,,,,,,
1004285,2016,2016-09-10,"Grange Cricket Club Ground, Raeburn Place",1,22.6,Scotland,Hong Kong,CS MacLeod,RD Berrington,Nadeem Ahmed,1,0,,,,,,,,,
1004285,2016,2016-09-10,"Grange Cricket Club Ground, Raeburn Place",1,23.1,Scotland,Hong Kong,CS MacLeod,RD Berrington,Ehsan Khan,0,1,1,,,,,,,,
1004285,2016,2016-09-10,"Grange Cricket Club Ground, Raeburn Place",1,23.2,Scotland,Hong Kong,CS MacLeod,RD Berrington,Ehsan Khan,2,0,,,,,,,,,
1004285,2016,2016-09-10,"Grange Cricket Club Ground, Raeburn Place",1,23.3,Scotland,Hong Kong,CS MacLeod,RD Berrington,Ehsan Khan,1,0,,,,,,,,,
1004285,2016,2016-09-10,"Grange Cricket Club Ground, Raeburn Place",1,23.4,Scotland,Hong Kong,RD Berrington,CS MacLeod,Ehsan Khan,1,0,,,,,,,,,
1004285,2016,2016-09-10,"Grange Cricket Club Ground, Raeburn Place",1,23.5,Scotland,Hong Kong,CS MacLeod,RD Berrington,Ehsan Khan,1,0,,,,,,,,,
1004285,2016,2016-09-10,"Grange Cricket Club Ground, Raeburn Place",1,23.6,Scotland,Hong Kong,RD Berrington,CS MacLeod,Ehsan Khan,1,0,,,,,,,,,
1004285,2016,2016-09-10,"Grange Cricket Club Ground, Raeburn Place",1,23.7,Scotland,Hong Kong,CS MacLeod,RD Berrington,Ehsan Khan,4,0,,,,,,,,,
1004285,2016,2016-09-10,"Grange Cricket Club Ground, Raeburn Place",1,24.1,Scotland,Hong Kong,RD Berrington,CS MacLeod,Nadeem Ahmed,0,0,,,,,,,,,
1004285,2016,2016-09-10,"Grange Cricket Club Ground, Raeburn Place",1,24.2,Scotland,Hong Kong,RD Berrington,CS MacLeod,Nadeem Ahmed,0,0,,,,,,,,,
1004285,2016,2016-09-10,"Grange Cricket Club Ground, Raeburn Place",1,24.3,Scotland,Hong Kong,RD Berrington,CS MacLeod,Nadeem Ahmed,0,0,,,,,,,,,
1004285,2016,2016-09-10,"Grange Cricket Club Ground, Raeburn Place",1,24.4,Scotland,Hong Kong,RD Berrington,CS MacLeod,Nadeem Ahmed,0,0,,,,,,,,,
1004285,2016,2016-09-10,"Grange Cricket Club Ground, Raeburn Place",1,24.5,Scotland,Hong Kong,RD Berrington,CS MacLeod,Nadeem Ahmed,1,0,,,,,,,,,
1004285,2016,2016-09-10,"Grange Cricket Club Ground, Raeburn Place",1,24.6,Scotland,Hong Kong,CS MacLeod,RD Berrington,Nadeem Ahmed,0,0,,,,,,,,,
1004285,2016,2016-09-10,"Grange Cricket Club Ground, Raeburn Place",1,25.1,Scotland,Hong Kong,RD Berrington,CS MacLeod,Ehsan Khan,1,0,,,,,,,,,
1004285,2016,2016-09-10,"Grange Cricket Club Ground, Raeburn Place",1,25.2,Scotland,Hong Kong,CS MacLeod,RD Berrington,Ehsan Khan,0,0,,,,,,,,,
1004285,2016,2016-09-10,"Grange Cricket Club Ground, Raeburn Place",1,25.3,Scotland,Hong Kong,CS MacLeod,RD Berrington,Ehsan Khan,4,0,,,,,,,,,
1004285,2016,2016-09-10,"Grange Cricket Club Ground, Raeburn Place",1,25.4,Scotland,Hong Kong,CS MacLeod,RD Berrington,Ehsan Khan,0,0,,,,,,,,,
1004285,2016,2016-09-10,"Grange Cricket Club Ground, Raeburn Place",1,25.5,Scotland,Hong Kong,CS MacLeod,RD Berrington,Ehsan Khan,0,0,,,,,,,,,
1004285,2016,2016-09-10,"Grange Cricket Club Ground, Raeburn Place",1,25.6,Scotland,Hong Kong,CS MacLeod,RD Berrington,Ehsan Khan,1,0,,,,,,,,,
1004285,2016,2016-09-10,"Grange Cricket Club Ground, Raeburn Place",1,26.1,Scotland,Hong Kong,CS MacLeod,RD Berrington,Nadeem Ahmed,0,0,,,,,,,,,
1004285,2016,2016-09-10,"Grange Cricket Club Ground, Raeburn Place",1,26.2,Scotland,Hong Kong,CS MacLeod,RD Berrington,Nadeem Ahmed,0,0,,,,,,,,,
1004285,2016,2016-09-10,"Grange Cricket Club Ground, Raeburn Place",1,26.3,Scotland,Hong Kong,CS MacLeod,RD Berrington,Nadeem Ahmed,1,0,,,,,,,,,
1004285,2016,2016-09-10,"Grange Cricket Club Ground, Raeburn Place",1,26.4,Scotland,Hong Kong,RD Berrington,CS MacLeod,Nadeem Ahmed,0,0,,,,,,,,,
1004285,2016,2016-09-10,"Grange Cricket Club Ground, Raeburn Place",1,26.5,Scotland,Hong Kong,RD Berrington,CS MacLeod,Nadeem Ahmed,0,0,,,,,,,,,
1004285,2016,2016-09-10,"Grange Cricket Club Ground, Raeburn Place",1,26.6,Scotland,Hong Kong,RD Berrington,CS MacLeod,Nadeem Ahmed,1,0,,,,,,,,,
1004285,2016,2016-09-10,"Grange Cricket Club Ground, Raeburn Place",1,27.1,Scotland,Hong Kong,RD Berrington,CS MacLeod,Ehsan Khan,0,0,,,,,,,,,
1004285,2016,2016-09-10,"Grange Cricket Club Ground, Raeburn Place",1,27.2,Scotland,Hong Kong,RD Berrington,CS MacLeod,Ehsan Khan,0,0,,,,,,lbw,RD Berrington,,
1004285,2016,2016-09-10,"Grange Cricket Club Ground, Raeburn Place",1,27.3,Scotland,Hong Kong,CD de Lange,CS MacLeod,Ehsan Khan,0,0,,,,,,,,,
1004285,2016,2016-09-10,"Grange Cricket Club Ground, Raeburn Place",1,27.4,Scotland,Hong Kong,CD de Lange,CS MacLeod,Ehsan Khan,0,0,,,,,,,,,
1004285,2016,2016-09-10,"Grange Cricket Club Ground, Raeburn Place",1,27.5,Scotland,Hong Kong,CD de Lange,CS MacLeod,Ehsan Khan,0,0,,,,,,,,,
1004285,2016,2016-09-10,"Grange Cricket Club Ground, Raeburn Place",1,27.6,Scotland,Hong Kong,CD de Lange,CS MacLeod,Ehsan Khan,0,0,,,,,,,,,
1004285,2016,2016-09-10,"Grange Cricket Club Ground, Raeburn Place",1,28.1,Scotland,Hong Kong,CS MacLeod,CD de Lange,Aizaz Khan,1,0,,,,,,,,,
1004285,2016,2016-09-10,"Grange Cricket Club Ground, Raeburn Place",1,28.2,Scotland,Hong Kong,CD de Lange,CS MacLeod,Aizaz Khan,4,0,,,,,,,,,
1004285,2016,2016-09-10,"Grange Cricket Club Ground, Raeburn Place",1,28.3,Scotland,Hong Kong,CD de Lange,CS MacLeod,Aizaz Khan,0,0,,,,,,,,,
1004285,2016,2016-09-10,"Grange Cricket Club Ground, Raeburn Place",1,28.4,Scotland,Hong Kong,CD de Lange,CS MacLeod,Aizaz Khan,0,0,,,,,,,,,
1004285,2016,2016-09-10,"Grange Cricket Club Ground, Raeburn Place",1,28.5,Scotland,Hong Kong,CD de Lange,CS MacLeod,Aizaz Khan,0,0,,,,,,,,,
1004285,2016,2016-09-10,"Grange Cricket Club Ground, Raeburn Place",1,28.6,Scotland,Hong Kong,CD de Lange,CS MacLeod,Aizaz Khan,0,0,,,,,,,,,
1004285,2016,2016-09-10,"Grange Cricket Club Ground, Raeburn Place",1,29.1,Scotland,Hong Kong,CS MacLeod,CD de Lange,Ehsan Khan,1,0,,,,,,,,,
1004285,2016,2016-09-10,"Grange Cricket Club Ground, Raeburn Place",1,29.2,Scotland,Hong Kong,CD de Lange,CS MacLeod,Ehsan Khan,1,0,,,,,,,,,
1004285,2016,2016-09-10,"Grange Cricket Club Ground, Raeburn Place",1,29.3,Scotland,Hong Kong,CS MacLeod,CD de Lange,Ehsan Khan,0,0,,,,,,,,,
1004285,2016,2016-09-10,"Grange Cricket Club Ground, Raeburn Place",1,29.4,Scotland,Hong Kong,CS MacLeod,CD de Lange,Ehsan Khan,0,0,,,,,,,,,
1004285,2016,2016-09-10,"Grange Cricket Club Ground, Raeburn Place",1,29.5,Scotland,Hong Kong,CS MacLeod,CD de Lange,Ehsan Khan,0,0,,,,,,,,,
1004285,2016,2016-09-10,"Grange Cricket Club Ground, Raeburn Place",1,29.6,Scotland,Hong Kong,CS MacLeod,CD de Lange,Ehsan Khan,1,0,,,,,,,,,
1004285,2016,2016-09-10,"Grange Cricket Club Ground, Raeburn Place",1,30.1,Scotland,Hong Kong,CS MacLeod,CD de Lange,Aizaz Khan,0,0,,,,,,,,,
1004285,2016,2016-09-10,"Grange Cricket Club Ground, Raeburn Place",1,30.2,Scotland,Hong Kong,CS MacLeod,CD de Lange,Aizaz Khan,0,0,,,,,,,,,
1004285,2016,2016-09-10,"Grange Cricket Club Ground, Raeburn Place",1,30.3,Scotland,Hong Kong,CS MacLeod,CD de Lange,Aizaz Khan,1,0,,,,,,,,,
1004285,2016,2016-09-10,"Grange Cricket Club Ground, Raeburn Place",1,30.4,Scotland,Hong Kong,CD de Lange,CS MacLeod,Aizaz Khan,0,1,,1,,,,,,,
1004285,2016,2016-09-10,"Grange Cricket Club Ground, Raeburn Place",1,30.5,Scotland,Hong Kong,CD de Lange,CS MacLeod,Aizaz Khan,1,0,,,,,,,,,
1004285,2016,2016-09-10,"Grange Cricket Club Ground, Raeburn Place",1,30.6,Scotland,Hong Kong,CS MacLeod,CD de Lange,Aizaz Khan,3,0,,,,,,,,,
1004285,2016,2016-09-10,"Grange Cricket Club Ground, Raeburn Place",1,30.7,Scotland,Hong Kong,CD de Lange,CS MacLeod,Aizaz Khan,1,0,,,,,,,,,
1004285,2016,2016-09-10,"Grange Cricket Club Ground, Raeburn Place",1,31.1,Scotland,Hong Kong,CD de Lange,CS MacLeod,Ehsan Khan,0,0,,,,,,,,,
1004285,2016,2016-09-10,"Grange Cricket Club Ground, Raeburn Place",1,31.2,Scotland,Hong Kong,CD de Lange,CS MacLeod,Ehsan Khan,2,0,,,,,,,,,
1004285,2016,2016-09-10,"Grange Cricket Club Ground, Raeburn Place",1,31.3,Scotland,Hong Kong,CD de Lange,CS MacLeod,Ehsan Khan,0,0,,,,,,,,,
1004285,2016,2016-09-10,"Grange Cricket Club Ground, Raeburn Place",1,31.4,Scotland,Hong Kong,CD de Lange,CS MacLeod,Ehsan Khan,0,0,,,,,,,,,
1004285,2016,2016-09-10,"Grange Cricket Club Ground, Raeburn Place",1,31.5,Scotland,Hong Kong,CD de Lange,CS MacLeod,Ehsan Khan,0,0,,,,,,,,,
1004285,2016,2016-09-10,"Grange Cricket Club Ground, Raeburn Place",1,31.6,Scotland,Hong Kong,CD de Lange,CS MacLeod,Ehsan Khan,2,0,,,,,,,,,
1004285,2016,2016-09-10,"Grange Cricket Club Ground, Raeburn Place",1,32.1,Scotland,Hong Kong,CS MacLeod,CD de Lange,Tanveer Ahmed,0,0,,,,,,,,,
1004285,2016,2016-09-10,"Grange Cricket Club Ground, Raeburn Place",1,32.2,Scotland,Hong Kong,CS MacLeod,CD de Lange,Tanveer Ahmed,0,0,,,,,,run out,CD de Lange,,
1004285,2016,2016-09-10,"Grange Cricket Club Ground, Raeburn Place",1,32.3,Scotland,Hong Kong,CD Wallace,CS MacLeod,Tanveer Ahmed,0,0,,,,,,,,,
1004285,2016,2016-09-10,"Grange Cricket Club Ground, Raeburn Place",1,32.4,Scotland,Hong Kong,CD Wallace,CS MacLeod,Tanveer Ahmed,0,0,,,,,,,,,
1004285,2016,2016-09-10,"Grange Cricket Club Ground, Raeburn Place",1,32.5,Scotland,Hong Kong,CD Wallace,CS MacLeod,Tanveer Ahmed,0,0,,,,,,,,,
1004285,2016,2016-09-10,"Grange Cricket Club Ground, Raeburn Place",1,32.6,Scotland,Hong Kong,CD Wallace,CS MacLeod,Tanveer Ahmed,0,0,,,,,,,,,
1004285,2016,2016-09-10,"Grange Cricket Club Ground, Raeburn Place",1,33.1,Scotland,Hong Kong,CS MacLeod,CD Wallace,Ehsan Khan,1,0,,,,,,,,,
1004285,2016,2016-09-10,"Grange Cricket Club Ground, Raeburn Place",1,33.2,Scotland,Hong Kong,CD Wallace,CS MacLeod,Ehsan Khan,0,0,,,,,,,,,
1004285,2016,2016-09-10,"Grange Cricket Club Ground, Raeburn Place",1,33.3,Scotland,Hong Kong,CD Wallace,CS MacLeod,Ehsan Khan,0,0,,,,,,,,,
1004285,2016,2016-09-10,"Grange Cricket Club Ground, Raeburn Place",1,33.4,Scotland,Hong Kong,CD Wallace,CS MacLeod,Ehsan Khan,0,0,,,,,,,,,
1004285,2016,2016-09-10,"Grange Cricket Club Ground, Raeburn Place",1,33.5,Scotland,Hong Kong,CD Wallace,CS MacLeod,Ehsan Khan,1,0,,,,,,,,,
1004285,2016,2016-09-10,"Grange Cricket Club Ground, Raeburn Place",1,33.6,Scotland,Hong Kong,CS MacLeod,CD Wallace,Ehsan Khan,1,0,,,,,,,,,
1004285,2016,2016-09-10,"Grange Cricket Club Ground, Raeburn Place",1,34.1,Scotland,Hong Kong,CS MacLeod,CD Wallace,Tanveer Ahmed,0,0,,,,,,,,,
1004285,2016,2016-09-10,"Grange Cricket Club Ground, Raeburn Place",1,34.2,Scotland,Hong Kong,CS MacLeod,CD Wallace,Tanveer Ahmed,0,0,,,,,,,,,
1004285,2016,2016-09-10,"Grange Cricket Club Ground, Raeburn Place",1,34.3,Scotland,Hong Kong,CS MacLeod,CD Wallace,Tanveer Ahmed,1,0,,,,,,,,,
1004285,2016,2016-09-10,"Grange Cricket Club Ground, Raeburn Place",1,34.4,Scotland,Hong Kong,CD Wallace,CS MacLeod,Tanveer Ahmed,1,0,,,,,,,,,
1004285,2016,2016-09-10,"Grange Cricket Club Ground, Raeburn Place",1,34.5,Scotland,Hong Kong,CS MacLeod,CD Wallace,Tanveer Ahmed,1,0,,,,,,,,,
1004285,2016,2016-09-10,"Grange Cricket Club Ground, Raeburn Place",1,34.6,Scotland,Hong Kong,CD Wallace,CS MacLeod,Tanveer Ahmed,0,0,,,,,,,,,
1004285,2016,2016-09-10,"Grange Cricket Club Ground, Raeburn Place",1,35.1,Scotland,Hong Kong,CS MacLeod,CD Wallace,Ehsan Khan,1,0,,,,,,,,,
1004285,2016,2016-09-10,"Grange Cricket Club Ground, Raeburn Place",1,35.2,Scotland,Hong Kong,CD Wallace,CS MacLeod,Ehsan Khan,0,0,,,,,,,,,
1004285,2016,2016-09-10,"Grange Cricket Club Ground, Raeburn Place",1,35.3,Scotland,Hong Kong,CD Wallace,CS MacLeod,Ehsan Khan,1,0,,,,,,,,,
1004285,2016,2016-09-10,"Grange Cricket Club Ground, Raeburn Place",1,35.4,Scotland,Hong Kong,CS MacLeod,CD Wallace,Ehsan Khan,1,0,,,,,,,,,
1004285,2016,2016-09-10,"Grange Cricket Club Ground, Raeburn Place",1,35.5,Scotland,Hong Kong,CD Wallace,CS MacLeod,Ehsan Khan,4,0,,,,,,,,,
1004285,2016,2016-09-10,"Grange Cricket Club Ground, Raeburn Place",1,35.6,Scotland,Hong Kong,CD Wallace,CS MacLeod,Ehsan Khan,1,0,,,,,,,,,
1004285,2016,2016-09-10,"Grange Cricket Club Ground, Raeburn Place",1,36.1,Scotland,Hong Kong,CD Wallace,CS MacLeod,Tanveer Ahmed,0,0,,,,,,,,,
1004285,2016,2016-09-10,"Grange Cricket Club Ground, Raeburn Place",1,36.2,Scotland,Hong Kong,CD Wallace,CS MacLeod,Tanveer Ahmed,0,1,,,,1,,,,,
1004285,2016,2016-09-10,"Grange Cricket Club Ground, Raeburn Place",1,36.3,Scotland,Hong Kong,CS MacLeod,CD Wallace,Tanveer Ahmed,1,0,,,,,,,,,
1004285,2016,2016-09-10,"Grange Cricket Club Ground, Raeburn Place",1,36.4,Scotland,Hong Kong,CD Wallace,CS MacLeod,Tanveer Ahmed,0,1,1,,,,,,,,
1004285,2016,2016-09-10,"Grange Cricket Club Ground, Raeburn Place",1,36.5,Scotland,Hong Kong,CD Wallace,CS MacLeod,Tanveer Ahmed,1,0,,,,,,,,,
1004285,2016,2016-09-10,"Grange Cricket Club Ground, Raeburn Place",1,36.6,Scotland,Hong Kong,CS MacLeod,CD Wallace,Tanveer Ahmed,0,3,3,,,,,,,,
1004285,2016,2016-09-10,"Grange Cricket Club Ground, Raeburn Place",1,36.7,Scotland,Hong Kong,CS MacLeod,CD Wallace,Tanveer Ahmed,1,0,,,,,,,,,
1004285,2016,2016-09-10,"Grange Cricket Club Ground, Raeburn Place",1,36.8,Scotland,Hong Kong,CD Wallace,CS MacLeod,Tanveer Ahmed,0,0,,,,,,,,,
1004285,2016,2016-09-10,"Grange Cricket Club Ground, Raeburn Place",1,37.1,Scotland,Hong Kong,CS MacLeod,CD Wallace,Ehsan Khan,0,0,,,,,,,,,
1004285,2016,2016-09-10,"Grange Cricket Club Ground, Raeburn Place",1,37.2,Scotland,Hong Kong,CS MacLeod,CD Wallace,Ehsan Khan,4,0,,,,,,,,,
1004285,2016,2016-09-10,"Grange Cricket Club Ground, Raeburn Place",1,37.3,Scotland,Hong Kong,CS MacLeod,CD Wallace,Ehsan Khan,0,2,,,2,,,,,,
1004285,2016,2016-09-10,"Grange Cricket Club Ground, Raeburn Place",1,37.4,Scotland,Hong Kong,CS MacLeod,CD Wallace,Ehsan Khan,1,0,,,,,,,,,
1004285,2016,2016-09-10,"Grange Cricket Club Ground, Raeburn Place",1,37.5,Scotland,Hong Kong,CD Wallace,CS MacLeod,Ehsan Khan,4,0,,,,,,,,,
1004285,2016,2016-09-10,"Grange Cricket Club Ground, Raeburn Place",1,37.6,Scotland,Hong Kong,CD Wallace,CS MacLeod,Ehsan Khan,1,0,,,,,,,,,
1004285,2016,2016-09-10,"Grange Cricket Club Ground, Raeburn Place",1,38.1,Scotland,Hong Kong,CD Wallace,CS MacLeod,Nadeem Ahmed,1,0,,,,,,,,,
1004285,2016,2016-09-10,"Grange Cricket Club Ground, Raeburn Place",1,38.2,Scotland,Hong Kong,CS MacLeod,CD Wallace,Nadeem Ahmed,0,0,,,,,,,,,
1004285,2016,2016-09-10,"Grange Cricket Club Ground, Raeburn Place",1,38.3,Scotland,Hong Kong,CS MacLeod,CD Wallace,Nadeem Ahmed,1,0,,,,,,,,,
1004285,2016,2016-09-10,"Grange Cricket Club Ground, Raeburn Place",1,38.4,Scotland,Hong Kong,CD Wallace,CS MacLeod,Nadeem Ahmed,0,0,,,,,,,,,
1004285,2016,2016-09-10,"Grange Cricket Club Ground, Raeburn Place",1,38.5,Scotland,Hong Kong,CD Wallace,CS MacLeod,Nadeem Ahmed,0,0,,,,,,,,,
1004285,2016,2016-09-10,"Grange Cricket Club Ground, Raeburn Place",1,38.6,Scotland,Hong Kong,CD Wallace,CS MacLeod,Nadeem Ahmed,0,0,,,,,,,,,
1004285,2016,2016-09-10,"Grange Cricket Club Ground, Raeburn Place",1,39.1,Scotland,Hong Kong,CS MacLeod,CD Wallace,Ehsan Khan,0,0,,,,,,,,,
1004285,2016,2016-09-10,"Grange Cricket Club Ground, Raeburn Place",1,39.2,Scotland,Hong Kong,CS MacLeod,CD Wallace,Ehsan Khan,0,0,,,,,,,,,
1004285,2016,2016-09-10,"Grange Cricket Club Ground, Raeburn Place",1,39.3,Scotland,Hong Kong,CS MacLeod,CD Wallace,Ehsan Khan,1,0,,,,,,,,,
1004285,2016,2016-09-10,"Grange Cricket Club Ground, Raeburn Place",1,39.4,Scotland,Hong Kong,CD Wallace,CS MacLeod,Ehsan Khan,0,0,,,,,,,,,
1004285,2016,2016-09-10,"Grange Cricket Club Ground, Raeburn Place",1,39.5,Scotland,Hong Kong,CD Wallace,CS MacLeod,Ehsan Khan,0,0,,,,,,,,,
1004285,2016,2016-09-10,"Grange Cricket Club Ground, Raeburn Place",1,39.6,Scotland,Hong Kong,CD Wallace,CS MacLeod,Ehsan Khan,1,0,,,,,,,,,
1004285,2016,2016-09-10,"Grange Cricket Club Ground, Raeburn Place",1,40.1,Scotland,Hong Kong,CD Wallace,CS MacLeod,Nadeem Ahmed,2,0,,,,,,,,,
1004285,2016,2016-09-10,"Grange Cricket Club Ground, Raeburn Place",1,40.2,Scotland,Hong Kong,CD Wallace,CS MacLeod,Nadeem Ahmed,1,0,,,,,,,,,
1004285,2016,2016-09-10,"Grange Cricket Club Ground, Raeburn Place",1,40.3,Scotland,Hong Kong,CS MacLeod,CD Wallace,Nadeem Ahmed,1,0,,,,,,,,,
1004285,2016,2016-09-10,"Grange Cricket Club Ground, Raeburn Place",1,40.4,Scotland,Hong Kong,CD Wallace,CS MacLeod,Nadeem Ahmed,1,0,,,,,,,,,
1004285,2016,2016-09-10,"Grange Cricket Club Ground, Raeburn Place",1,40.5,Scotland,Hong Kong,CS MacLeod,CD Wallace,Nadeem Ahmed,1,0,,,,,,,,,
1004285,2016,2016-09-10,"Grange Cricket Club Ground, Raeburn Place",1,40.6,Scotland,Hong Kong,CD Wallace,CS MacLeod,Nadeem Ahmed,0,0,,,,,,,,,
1004285,2016,2016-09-10,"Grange Cricket Club Ground, Raeburn Place",1,41.1,Scotland,Hong Kong,CS MacLeod,CD Wallace,Tanveer Ahmed,0,0,,,,,,,,,
1004285,2016,2016-09-10,"Grange Cricket Club Ground, Raeburn Place",1,41.2,Scotland,Hong Kong,CS MacLeod,CD Wallace,Tanveer Ahmed,0,0,,,,,,,,,
1004285,2016,2016-09-10,"Grange Cricket Club Ground, Raeburn Place",1,41.3,Scotland,Hong Kong,CS MacLeod,CD Wallace,Tanveer Ahmed,2,0,,,,,,,,,
1004285,2016,2016-09-10,"Grange Cricket Club Ground, Raeburn Place",1,41.4,Scotland,Hong Kong,CS MacLeod,CD Wallace,Tanveer Ahmed,0,0,,,,,,,,,
1004285,2016,2016-09-10,"Grange Cricket Club Ground, Raeburn Place",1,41.5,Scotland,Hong Kong,CS MacLeod,CD Wallace,Tanveer Ahmed,1,0,,,,,,,,,
1004285,2016,2016-09-10,"Grange Cricket Club Ground, Raeburn Place",1,41.6,Scotland,Hong Kong,CD Wallace,CS MacLeod,Tanveer Ahmed,0,0,,,,,,,,,
1004285,2016,2016-09-10,"Grange Cricket Club Ground, Raeburn Place",1,42.1,Scotland,Hong Kong,CS MacLeod,CD Wallace,Nadeem Ahmed,1,0,,,,,,,,,
1004285,2016,2016-09-10,"Grange Cricket Club Ground, Raeburn Place",1,42.2,Scotland,Hong Kong,CD Wallace,CS MacLeod,Nadeem Ahmed,0,0,,,,,,,,,
1004285,2016,2016-09-10,"Grange Cricket Club Ground, Raeburn Place",1,42.3,Scotland,Hong Kong,CD Wallace,CS MacLeod,Nadeem Ahmed,1,0,,,,,,,,,
1004285,2016,2016-09-10,"Grange Cricket Club Ground, Raeburn Place",1,42.4,Scotland,Hong Kong,CS MacLeod,CD Wallace,Nadeem Ahmed,6,0,,,,,,,,,
1004285,2016,2016-09-10,"Grange Cricket Club Ground, Raeburn Place",1,42.5,Scotland,Hong Kong,CS MacLeod,CD Wallace,Nadeem Ahmed,0,0,,,,,,,,,
1004285,2016,2016-09-10,"Grange Cricket Club Ground, Raeburn Place",1,42.6,Scotland,Hong Kong,CS MacLeod,CD Wallace,Nadeem Ahmed,0,0,,,,,,,,,
1004285,2016,2016-09-10,"Grange Cricket Club Ground, Raeburn Place",1,43.1,Scotland,Hong Kong,CD Wallace,CS MacLeod,Tanveer Ahmed,4,0,,,,,,,,,
1004285,2016,2016-09-10,"Grange Cricket Club Ground, Raeburn Place",1,43.2,Scotland,Hong Kong,CD Wallace,CS MacLeod,Tanveer Ahmed,2,0,,,,,,,,,
1004285,2016,2016-09-10,"Grange Cricket Club Ground, Raeburn Place",1,43.3,Scotland,Hong Kong,CD Wallace,CS MacLeod,Tanveer Ahmed,2,0,,,,,,,,,
1004285,2016,2016-09-10,"Grange Cricket Club Ground, Raeburn Place",1,43.4,Scotland,Hong Kong,CD Wallace,CS MacLeod,Tanveer Ahmed,0,0,,,,,,,,,
1004285,2016,2016-09-10,"Grange Cricket Club Ground, Raeburn Place",1,43.5,Scotland,Hong Kong,CD Wallace,CS MacLeod,Tanveer Ahmed,0,0,,,,,,,,,
1004285,2016,2016-09-10,"Grange Cricket Club Ground, Raeburn Place",1,43.6,Scotland,Hong Kong,CD Wallace,CS MacLeod,Tanveer Ahmed,0,0,,,,,,,,,
1004285,2016,2016-09-10,"Grange Cricket Club Ground, Raeburn Place",1,44.1,Scotland,Hong Kong,CS MacLeod,CD Wallace,Aizaz Khan,2,0,,,,,,,,,
1004285,2016,2016-09-10,"Grange Cricket Club Ground, Raeburn Place",1,44.2,Scotland,Hong Kong,CS MacLeod,CD Wallace,Aizaz Khan,1,0,,,,,,,,,
1004285,2016,2016-09-10,"Grange Cricket Club Ground, Raeburn Place",1,44.3,Scotland,Hong Kong,CD Wallace,CS MacLeod,Aizaz Khan,1,0,,,,,,,,,
1004285,2016,2016-09-10,"Grange Cricket Club Ground, Raeburn Place",1,44.4,Scotland,Hong Kong,CS MacLeod,CD Wallace,Aizaz Khan,2,0,,,,,,,,,
1004285,2016,2016-09-10,"Grange Cricket Club Ground, Raeburn Place",1,44.5,Scotland,Hong Kong,CS MacLeod,CD Wallace,Aizaz Khan,0,0,,,,,,,,,
1004285,2016,2016-09-10,"Grange Cricket Club Ground, Raeburn Place",1,44.6,Scotland,Hong Kong,CS MacLeod,CD Wallace,Aizaz Khan,4,0,,,,,,,,,
1004285,2016,2016-09-10,"Grange Cricket Club Ground, Raeburn Place",1,45.1,Scotland,Hong Kong,CD Wallace,CS MacLeod,Nadeem Ahmed,1,0,,,,,,,,,
1004285,2016,2016-09-10,"Grange Cricket Club Ground, Raeburn Place",1,45.2,Scotland,Hong Kong,CS MacLeod,CD Wallace,Nadeem Ahmed,1,0,,,,,,,,,
1004285,2016,2016-09-10,"Grange Cricket Club Ground, Raeburn Place",1,45.3,Scotland,Hong Kong,CD Wallace,CS MacLeod,Nadeem Ahmed,1,0,,,,,,,,,
1004285,2016,2016-09-10,"Grange Cricket Club Ground, Raeburn Place",1,45.4,Scotland,Hong Kong,CS MacLeod,CD Wallace,Nadeem Ahmed,1,0,,,,,,,,,
1004285,2016,2016-09-10,"Grange Cricket Club Ground, Raeburn Place",1,45.5,Scotland,Hong Kong,CD Wallace,CS MacLeod,Nadeem Ahmed,1,0,,,,,,,,,
1004285,2016,2016-09-10,"Grange Cricket Club Ground, Raeburn Place",1,45.6,Scotland,Hong Kong,CS MacLeod,CD Wallace,Nadeem Ahmed,2,0,,,,,,,,,
1004285,2016,2016-09-10,"Grange Cricket Club Ground, Raeburn Place",1,46.1,Scotland,Hong Kong,CD Wallace,CS MacLeod,Aizaz Khan,6,0,,,,,,,,,
1004285,2016,2016-09-10,"Grange Cricket Club Ground, Raeburn Place",1,46.2,Scotland,Hong Kong,CD Wallace,CS MacLeod,Aizaz Khan,6,0,,,,,,,,,
1004285,2016,2016-09-10,"Grange Cricket Club Ground, Raeburn Place",1,46.3,Scotland,Hong Kong,CD Wallace,CS MacLeod,Aizaz Khan,1,0,,,,,,,,,
1004285,2016,2016-09-10,"Grange Cricket Club Ground, Raeburn Place",1,46.4,Scotland,Hong Kong,CS MacLeod,CD Wallace,Aizaz Khan,2,0,,,,,,,,,
1004285,2016,2016-09-10,"Grange Cricket Club Ground, Raeburn Place",1,46.5,Scotland,Hong Kong,CS MacLeod,CD Wallace,Aizaz Khan,1,0,,,,,,,,,
1004285,2016,2016-09-10,"Grange Cricket Club Ground, Raeburn Place",1,46.6,Scotland,Hong Kong,CD Wallace,CS MacLeod,Aizaz Khan,2,0,,,,,,,,,
1004285,2016,2016-09-10,"Grange Cricket Club Ground, Raeburn Place",1,47.1,Scotland,Hong Kong,CS MacLeod,CD Wallace,Tanveer Ahmed,2,0,,,,,,,,,
1004285,2016,2016-09-10,"Grange Cricket Club Ground, Raeburn Place",1,47.2,Scotland,Hong Kong,CS MacLeod,CD Wallace,Tanveer Ahmed,0,0,,,,,,,,,
1004285,2016,2016-09-10,"Grange Cricket Club Ground, Raeburn Place",1,47.3,Scotland,Hong Kong,CS MacLeod,CD Wallace,Tanveer Ahmed,1,0,,,,,,,,,
1004285,2016,2016-09-10,"Grange Cricket Club Ground, Raeburn Place",1,47.4,Scotland,Hong Kong,CD Wallace,CS MacLeod,Tanveer Ahmed,2,0,,,,,,,,,
1004285,2016,2016-09-10,"Grange Cricket Club Ground, Raeburn Place",1,47.5,Scotland,Hong Kong,CD Wallace,CS MacLeod,Tanveer Ahmed,0,0,,,,,,,,,
1004285,2016,2016-09-10,"Grange Cricket Club Ground, Raeburn Place",1,47.6,Scotland,Hong Kong,CD Wallace,CS MacLeod,Tanveer Ahmed,2,0,,,,,,,,,
1004285,2016,2016-09-10,"Grange Cricket Club Ground, Raeburn Place",1,48.1,Scotland,Hong Kong,CS MacLeod,CD Wallace,Aizaz Khan,4,0,,,,,,,,,
1004285,2016,2016-09-10,"Grange Cricket Club Ground, Raeburn Place",1,48.2,Scotland,Hong Kong,CS MacLeod,CD Wallace,Aizaz Khan,2,0,,,,,,,,,
1004285,2016,2016-09-10,"Grange Cricket Club Ground, Raeburn Place",1,48.3,Scotland,Hong Kong,CS MacLeod,CD Wallace,Aizaz Khan,4,0,,,,,,,,,
1004285,2016,2016-09-10,"Grange Cricket Club Ground, Raeburn Place",1,48.4,Scotland,Hong Kong,CS MacLeod,CD Wallace,Aizaz Khan,1,0,,,,,,,,,
1004285,2016,2016-09-10,"Grange Cricket Club Ground, Raeburn Place",1,48.5,Scotland,Hong Kong,CD Wallace,CS MacLeod,Aizaz Khan,0,0,,,,,,caught,CD Wallace,,
1004285,2016,2016-09-10,"Grange Cricket Club Ground, Raeburn Place",1,48.6,Scotland,Hong Kong,CS MacLeod,SM Sharif,Aizaz Khan,2,0,,,,,,,,,
1004285,2016,2016-09-10,"Grange Cricket Club Ground, Raeburn Place",1,49.1,Scotland,Hong Kong,SM Sharif,CS MacLeod,Tanveer Ahmed,1,0,,,,,,,,,
1004285,2016,2016-09-10,"Grange Cricket Club Ground, Raeburn Place",1,49.2,Scotland,Hong Kong,CS MacLeod,SM Sharif,Tanveer Ahmed,0,0,,,,,,caught,CS MacLeod,,
1004285,2016,2016-09-10,"Grange Cricket Club Ground, Raeburn Place",1,49.3,Scotland,Hong Kong,SM Sharif,MRJ Watt,Tanveer Ahmed,1,0,,,,,,,,,
1004285,2016,2016-09-10,"Grange Cricket Club Ground, Raeburn Place",1,49.4,Scotland,Hong Kong,MRJ Watt,SM Sharif,Tanveer Ahmed,0,0,,,,,,,,,
1004285,2016,2016-09-10,"Grange Cricket Club Ground, Raeburn Place",1,49.5,Scotland,Hong Kong,MRJ Watt,SM Sharif,Tanveer Ahmed,1,0,,,,,,,,,
1004285,2016,2016-09-10,"Grange Cricket Club Ground, Raeburn Place",1,49.6,Scotland,Hong Kong,SM Sharif,MRJ Watt,Tanveer Ahmed,0,1,,,1,,,,,,
1004285,2016,2016-09-10,"Grange Cricket Club Ground, Raeburn Place",2,0.1,Hong Kong,Scotland,C Carter,Aizaz Khan,AC Evans,1,0,,,,,,,,,
1004285,2016,2016-09-10,"Grange Cricket Club Ground, Raeburn Place",2,0.2,Hong Kong,Scotland,Aizaz Khan,C Carter,AC Evans,0,0,,,,,,,,,
1004285,2016,2016-09-10,"Grange Cricket Club Ground, Raeburn Place",2,0.3,Hong Kong,Scotland,Aizaz Khan,C Carter,AC Evans,1,0,,,,,,,,,
1004285,2016,2016-09-10,"Grange Cricket Club Ground, Raeburn Place",2,0.4,Hong Kong,Scotland,C Carter,Aizaz Khan,AC Evans,1,0,,,,,,,,,
1004285,2016,2016-09-10,"Grange Cricket Club Ground, Raeburn Place",2,0.5,Hong Kong,Scotland,Aizaz Khan,C Carter,AC Evans,4,0,,,,,,,,,
1004285,2016,2016-09-10,"Grange Cricket Club Ground, Raeburn Place",2,0.6,Hong Kong,Scotland,Aizaz Khan,C Carter,AC Evans,0,0,,,,,,,,,
1004285,2016,2016-09-10,"Grange Cricket Club Ground, Raeburn Place",2,1.1,Hong Kong,Scotland,C Carter,Aizaz Khan,SM Sharif,0,0,,,,,,,,,
1004285,2016,2016-09-10,"Grange Cricket Club Ground, Raeburn Place",2,1.2,Hong Kong,Scotland,C Carter,Aizaz Khan,SM Sharif,0,0,,,,,,,,,
1004285,2016,2016-09-10,"Grange Cricket Club Ground, Raeburn Place",2,1.3,Hong Kong,Scotland,C Carter,Aizaz Khan,SM Sharif,0,0,,,,,,,,,
1004285,2016,2016-09-10,"Grange Cricket Club Ground, Raeburn Place",2,1.4,Hong Kong,Scotland,C Carter,Aizaz Khan,SM Sharif,2,0,,,,,,,,,
1004285,2016,2016-09-10,"Grange Cricket Club Ground, Raeburn Place",2,1.5,Hong Kong,Scotland,C Carter,Aizaz Khan,SM Sharif,0,0,,,,,,,,,
1004285,2016,2016-09-10,"Grange Cricket Club Ground, Raeburn Place",2,1.6,Hong Kong,Scotland,C Carter,Aizaz Khan,SM Sharif,0,0,,,,,,,,,
1004285,2016,2016-09-10,"Grange Cricket Club Ground, Raeburn Place",2,2.1,Hong Kong,Scotland,Aizaz Khan,C Carter,AC Evans,4,0,,,,,,,,,
1004285,2016,2016-09-10,"Grange Cricket Club Ground, Raeburn Place",2,2.2,Hong Kong,Scotland,Aizaz Khan,C Carter,AC Evans,0,0,,,,,,,,,
1004285,2016,2016-09-10,"Grange Cricket Club Ground, Raeburn Place",2,2.3,Hong Kong,Scotland,Aizaz Khan,C Carter,AC Evans,0,0,,,,,,,,,
1004285,2016,2016-09-10,"Grange Cricket Club Ground, Raeburn Place",2,2.4,Hong Kong,Scotland,Aizaz Khan,C Carter,AC Evans,1,0,,,,,,,,,
1004285,2016,2016-09-10,"Grange Cricket Club Ground, Raeburn Place",2,2.5,Hong Kong,Scotland,C Carter,Aizaz Khan,AC Evans,0,0,,,,,,,,,
1004285,2016,2016-09-10,"Grange Cricket Club Ground, Raeburn Place",2,2.6,Hong Kong,Scotland,C Carter,Aizaz Khan,AC Evans,0,0,,,,,,,,,
1004285,2016,2016-09-10,"Grange Cricket Club Ground, Raeburn Place",2,3.1,Hong Kong,Scotland,Aizaz Khan,C Carter,SM Sharif,0,0,,,,,,,,,
1004285,2016,2016-09-10,"Grange Cricket Club Ground, Raeburn Place",2,3.2,Hong Kong,Scotland,Aizaz Khan,C Carter,SM Sharif,0,0,,,,,,,,,
1004285,2016,2016-09-10,"Grange Cricket Club Ground, Raeburn Place",2,3.3,Hong Kong,Scotland,Aizaz Khan,C Carter,SM Sharif,0,0,,,,,,,,,
1004285,2016,2016-09-10,"Grange Cricket Club Ground, Raeburn Place",2,3.4,Hong Kong,Scotland,Aizaz Khan,C Carter,SM Sharif,0,1,1,,,,,,,,
1004285,2016,2016-09-10,"Grange Cricket Club Ground, Raeburn Place",2,3.5,Hong Kong,Scotland,Aizaz Khan,C Carter,SM Sharif,0,0,,,,,,,,,
1004285,2016,2016-09-10,"Grange Cricket Club Ground, Raeburn Place",2,3.6,Hong Kong,Scotland,Aizaz Khan,C Carter,SM Sharif,1,0,,,,,,,,,
1004285,2016,2016-09-10,"Grange Cricket Club Ground, Raeburn Place",2,3.7,Hong Kong,Scotland,C Carter,Aizaz Khan,SM Sharif,0,0,,,,,,,,,
1004285,2016,2016-09-10,"Grange Cricket Club Ground, Raeburn Place",2,4.1,Hong Kong,Scotland,Aizaz Khan,C Carter,AC Evans,0,0,,,,,,,,,
1004285,2016,2016-09-10,"Grange Cricket Club Ground, Raeburn Place",2,4.2,Hong Kong,Scotland,Aizaz Khan,C Carter,AC Evans,0,0,,,,,,,,,
1004285,2016,2016-09-10,"Grange Cricket Club Ground, Raeburn Place",2,4.3,Hong Kong,Scotland,Aizaz Khan,C Carter,AC Evans,0,0,,,,,,,,,
1004285,2016,2016-09-10,"Grange Cricket Club Ground, Raeburn Place",2,4.4,Hong Kong,Scotland,Aizaz Khan,C Carter,AC Evans,0,0,,,,,,,,,
1004285,2016,2016-09-10,"Grange Cricket Club Ground, Raeburn Place",2,4.5,Hong Kong,Scotland,Aizaz Khan,C Carter,AC Evans,0,0,,,,,,,,,
1004285,2016,2016-09-10,"Grange Cricket Club Ground, Raeburn Place",2,4.6,Hong Kong,Scotland,Aizaz Khan,C Carter,AC Evans,4,0,,,,,,,,,
1004285,2016,2016-09-10,"Grange Cricket Club Ground, Raeburn Place",2,5.1,Hong Kong,Scotland,C Carter,Aizaz Khan,SM Sharif,4,0,,,,,,,,,
1004285,2016,2016-09-10,"Grange Cricket Club Ground, Raeburn Place",2,5.2,Hong Kong,Scotland,C Carter,Aizaz Khan,SM Sharif,0,0,,,,,,,,,
1004285,2016,2016-09-10,"Grange Cricket Club Ground, Raeburn Place",2,5.3,Hong Kong,Scotland,C Carter,Aizaz Khan,SM Sharif,4,0,,,,,,,,,
1004285,2016,2016-09-10,"Grange Cricket Club Ground, Raeburn Place",2,5.4,Hong Kong,Scotland,C Carter,Aizaz Khan,SM Sharif,0,0,,,,,,,,,
1004285,2016,2016-09-10,"Grange Cricket Club Ground, Raeburn Place",2,5.5,Hong Kong,Scotland,C Carter,Aizaz Khan,SM Sharif,0,0,,,,,,,,,
1004285,2016,2016-09-10,"Grange Cricket Club Ground, Raeburn Place",2,5.6,Hong Kong,Scotland,C Carter,Aizaz Khan,SM Sharif,0,0,,,,,,,,,
1004285,2016,2016-09-10,"Grange Cricket Club Ground, Raeburn Place",2,6.1,Hong Kong,Scotland,Aizaz Khan,C Carter,CB Sole,0,0,,,,,,,,,
1004285,2016,2016-09-10,"Grange Cricket Club Ground, Raeburn Place",2,6.2,Hong Kong,Scotland,Aizaz Khan,C Carter,CB Sole,1,0,,,,,,,,,
1004285,2016,2016-09-10,"Grange Cricket Club Ground, Raeburn Place",2,6.3,Hong Kong,Scotland,C Carter,Aizaz Khan,CB Sole,0,0,,,,,,,,,
1004285,2016,2016-09-10,"Grange Cricket Club Ground, Raeburn Place",2,6.4,Hong Kong,Scotland,C Carter,Aizaz Khan,CB Sole,0,1,1,,,,,,,,
1004285,2016,2016-09-10,"Grange Cricket Club Ground, Raeburn Place",2,6.5,Hong Kong,Scotland,C Carter,Aizaz Khan,CB Sole,0,0,,,,,,,,,
1004285,2016,2016-09-10,"Grange Cricket Club Ground, Raeburn Place",2,6.6,Hong Kong,Scotland,C Carter,Aizaz Khan,CB Sole,0,0,,,,,,,,,
1004285,2016,2016-09-10,"Grange Cricket Club Ground, Raeburn Place",2,6.7,Hong Kong,Scotland,C Carter,Aizaz Khan,CB Sole,0,0,,,,,,,,,
1004285,2016,2016-09-10,"Grange Cricket Club Ground, Raeburn Place",2,7.1,Hong Kong,Scotland,Aizaz Khan,C Carter,SM Sharif,1,0,,,,,,,,,
1004285,2016,2016-09-10,"Grange Cricket Club Ground, Raeburn Place",2,7.2,Hong Kong,Scotland,C Carter,Aizaz Khan,SM Sharif,2,0,,,,,,,,,
1004285,2016,2016-09-10,"Grange Cricket Club Ground, Raeburn Place",2,7.3,Hong Kong,Scotland,C Carter,Aizaz Khan,SM Sharif,1,0,,,,,,,,,
1004285,2016,2016-09-10,"Grange Cricket Club Ground, Raeburn Place",2,7.4,Hong Kong,Scotland,Aizaz Khan,C Carter,SM Sharif,4,0,,,,,,,,,
1004285,2016,2016-09-10,"Grange Cricket Club Ground, Raeburn Place",2,7.5,Hong Kong,Scotland,Aizaz Khan,C Carter,SM Sharif,0,0,,,,,,,,,
1004285,2016,2016-09-10,"Grange Cricket Club Ground, Raeburn Place",2,7.6,Hong Kong,Scotland,Aizaz Khan,C Carter,SM Sharif,2,0,,,,,,,,,
1004285,2016,2016-09-10,"Grange Cricket Club Ground, Raeburn Place",2,8.1,Hong Kong,Scotland,C Carter,Aizaz Khan,CB Sole,0,0,,,,,,caught,C Carter,,
1004285,2016,2016-09-10,"Grange Cricket Club Ground, Raeburn Place",2,8.2,Hong Kong,Scotland,Babar Hayat,Aizaz Khan,CB Sole,0,0,,,,,,,,,
1004285,2016,2016-09-10,"Grange Cricket Club Ground, Raeburn Place",2,8.3,Hong Kong,Scotland,Babar Hayat,Aizaz Khan,CB Sole,0,0,,,,,,,,,
1004285,2016,2016-09-10,"Grange Cricket Club Ground, Raeburn Place",2,8.4,Hong Kong,Scotland,Babar Hayat,Aizaz Khan,CB Sole,0,0,,,,,,,,,
1004285,2016,2016-09-10,"Grange Cricket Club Ground, Raeburn Place",2,8.5,Hong Kong,Scotland,Babar Hayat,Aizaz Khan,CB Sole,4,0,,,,,,,,,
1004285,2016,2016-09-10,"Grange Cricket Club Ground, Raeburn Place",2,8.6,Hong Kong,Scotland,Babar Hayat,Aizaz Khan,CB Sole,0,0,,,,,,,,,
1004285,2016,2016-09-10,"Grange Cricket Club Ground, Raeburn Place",2,9.1,Hong Kong,Scotland,Aizaz Khan,Babar Hayat,AC Evans,0,0,,,,,,,,,
1004285,2016,2016-09-10,"Grange Cricket Club Ground, Raeburn Place",2,9.2,Hong Kong,Scotland,Aizaz Khan,Babar Hayat,AC Evans,0,0,,,,,,,,,
1004285,2016,2016-09-10,"Grange Cricket Club Ground, Raeburn Place",2,9.3,Hong Kong,Scotland,Aizaz Khan,Babar Hayat,AC Evans,0,0,,,,,,,,,
1004285,2016,2016-09-10,"Grange Cricket Club Ground, Raeburn Place",2,9.4,Hong Kong,Scotland,Aizaz Khan,Babar Hayat,AC Evans,0,0,,,,,,,,,
1004285,2016,2016-09-10,"Grange Cricket Club Ground, Raeburn Place",2,9.5,Hong Kong,Scotland,Aizaz Khan,Babar Hayat,AC Evans,1,0,,,,,,,,,
1004285,2016,2016-09-10,"Grange Cricket Club Ground, Raeburn Place",2,9.6,Hong Kong,Scotland,Babar Hayat,Aizaz Khan,AC Evans,0,0,,,,,,,,,
1004285,2016,2016-09-10,"Grange Cricket Club Ground, Raeburn Place",2,10.1,Hong Kong,Scotland,Aizaz Khan,Babar Hayat,CB Sole,0,1,1,,,,,,,,
1004285,2016,2016-09-10,"Grange Cricket Club Ground, Raeburn Place",2,10.2,Hong Kong,Scotland,Aizaz Khan,Babar Hayat,CB Sole,0,1,1,,,,,,,,
1004285,2016,2016-09-10,"Grange Cricket Club Ground, Raeburn Place",2,10.3,Hong Kong,Scotland,Aizaz Khan,Babar Hayat,CB Sole,0,0,,,,,,,,,
1004285,2016,2016-09-10,"Grange Cricket Club Ground, Raeburn Place",2,10.4,Hong Kong,Scotland,Aizaz Khan,Babar Hayat,CB Sole,0,0,,,,,,,,,
1004285,2016,2016-09-10,"Grange Cricket Club Ground, Raeburn Place",2,10.5,Hong Kong,Scotland,Aizaz Khan,Babar Hayat,CB Sole,1,0,,,,,,,,,
1004285,2016,2016-09-10,"Grange Cricket Club Ground, Raeburn Place",2,10.6,Hong Kong,Scotland,Babar Hayat,Aizaz Khan,CB Sole,0,0,,,,,,,,,
1004285,2016,2016-09-10,"Grange Cricket Club Ground, Raeburn Place",2,10.7,Hong Kong,Scotland,Babar Hayat,Aizaz Khan,CB Sole,0,0,,,,,,,,,
1004285,2016,2016-09-10,"Grange Cricket Club Ground, Raeburn Place",2,10.8,Hong Kong,Scotland,Babar Hayat,Aizaz Khan,CB Sole,0,0,,,,,,,,,
1004285,2016,2016-09-10,"Grange Cricket Club Ground, Raeburn Place",2,11.1,Hong Kong,Scotland,Aizaz Khan,Babar Hayat,MRJ Watt,0,0,,,,,,,,,
1004285,2016,2016-09-10,"Grange Cricket Club Ground, Raeburn Place",2,11.2,Hong Kong,Scotland,Aizaz Khan,Babar Hayat,MRJ Watt,0,0,,,,,,,,,
1004285,2016,2016-09-10,"Grange Cricket Club Ground, Raeburn Place",2,11.3,Hong Kong,Scotland,Aizaz Khan,Babar Hayat,MRJ Watt,0,0,,,,,,,,,
1004285,2016,2016-09-10,"Grange Cricket Club Ground, Raeburn Place",2,11.4,Hong Kong,Scotland,Aizaz Khan,Babar Hayat,MRJ Watt,0,0,,,,,,,,,
1004285,2016,2016-09-10,"Grange Cricket Club Ground, Raeburn Place",2,11.5,Hong Kong,Scotland,Aizaz Khan,Babar Hayat,MRJ Watt,0,0,,,,,,,,,
1004285,2016,2016-09-10,"Grange Cricket Club Ground, Raeburn Place",2,11.6,Hong Kong,Scotland,Aizaz Khan,Babar Hayat,MRJ Watt,0,0,,,,,,,,,
1004285,2016,2016-09-10,"Grange Cricket Club Ground, Raeburn Place",2,12.1,Hong Kong,Scotland,Babar Hayat,Aizaz Khan,CB Sole,0,0,,,,,,,,,
1004285,2016,2016-09-10,"Grange Cricket Club Ground, Raeburn Place",2,12.2,Hong Kong,Scotland,Babar Hayat,Aizaz Khan,CB Sole,1,0,,,,,,,,,
1004285,2016,2016-09-10,"Grange Cricket Club Ground, Raeburn Place",2,12.3,Hong Kong,Scotland,Aizaz Khan,Babar Hayat,CB Sole,0,0,,,,,,caught,Aizaz Khan,,
1004285,2016,2016-09-10,"Grange Cricket Club Ground, Raeburn Place",2,12.4,Hong Kong,Scotland,Nizakat Khan,Babar Hayat,CB Sole,1,0,,,,,,,,,
1004285,2016,2016-09-10,"Grange Cricket Club Ground, Raeburn Place",2,12.5,Hong Kong,Scotland,Babar Hayat,Nizakat Khan,CB Sole,0,0,,,,,,,,,
1004285,2016,2016-09-10,"Grange Cricket Club Ground, Raeburn Place",2,12.6,Hong Kong,Scotland,Babar Hayat,Nizakat Khan,CB Sole,0,0,,,,,,,,,
1004285,2016,2016-09-10,"Grange Cricket Club Ground, Raeburn Place",2,13.1,Hong Kong,Scotland,Nizakat Khan,Babar Hayat,MRJ Watt,1,0,,,,,,,,,
1004285,2016,2016-09-10,"Grange Cricket Club Ground, Raeburn Place",2,13.2,Hong Kong,Scotland,Babar Hayat,Nizakat Khan,MRJ Watt,0,0,,,,,,,,,
1004285,2016,2016-09-10,"Grange Cricket Club Ground, Raeburn Place",2,13.3,Hong Kong,Scotland,Babar Hayat,Nizakat Khan,MRJ Watt,0,0,,,,,,,,,
1004285,2016,2016-09-10,"Grange Cricket Club Ground, Raeburn Place",2,13.4,Hong Kong,Scotland,Babar Hayat,Nizakat Khan,MRJ Watt,0,0,,,,,,,,,
1004285,2016,2016-09-10,"Grange Cricket Club Ground, Raeburn Place",2,13.5,Hong Kong,Scotland,Babar Hayat,Nizakat Khan,MRJ Watt,1,0,,,,,,,,,
1004285,2016,2016-09-10,"Grange Cricket Club Ground, Raeburn Place",2,13.6,Hong Kong,Scotland,Nizakat Khan,Babar Hayat,MRJ Watt,1,0,,,,,,,,,
1004285,2016,2016-09-10,"Grange Cricket Club Ground, Raeburn Place",2,14.1,Hong Kong,Scotland,Nizakat Khan,Babar Hayat,CB Sole,0,0,,,,,,,,,
1004285,2016,2016-09-10,"Grange Cricket Club Ground, Raeburn Place",2,14.2,Hong Kong,Scotland,Nizakat Khan,Babar Hayat,CB Sole,0,0,,,,,,,,,
1004285,2016,2016-09-10,"Grange Cricket Club Ground, Raeburn Place",2,14.3,Hong Kong,Scotland,Nizakat Khan,Babar Hayat,CB Sole,1,0,,,,,,,,,
1004285,2016,2016-09-10,"Grange Cricket Club Ground, Raeburn Place",2,14.4,Hong Kong,Scotland,Babar Hayat,Nizakat Khan,CB Sole,0,0,,,,,,,,,
1004285,2016,2016-09-10,"Grange Cricket Club Ground, Raeburn Place",2,14.5,Hong Kong,Scotland,Babar Hayat,Nizakat Khan,CB Sole,0,0,,,,,,,,,
1004285,2016,2016-09-10,"Grange Cricket Club Ground, Raeburn Place",2,14.6,Hong Kong,Scotland,Babar Hayat,Nizakat Khan,CB Sole,0,0,,,,,,,,,
1004285,2016,2016-09-10,"Grange Cricket Club Ground, Raeburn Place",2,15.1,Hong Kong,Scotland,Nizakat Khan,Babar Hayat,MRJ Watt,0,0,,,,,,,,,
1004285,2016,2016-09-10,"Grange Cricket Club Ground, Raeburn Place",2,15.2,Hong Kong,Scotland,Nizakat Khan,Babar Hayat,MRJ Watt,0,0,,,,,,,,,
1004285,2016,2016-09-10,"Grange Cricket Club Ground, Raeburn Place",2,15.3,Hong Kong,Scotland,Nizakat Khan,Babar Hayat,MRJ Watt,0,0,,,,,,,,,
1004285,2016,2016-09-10,"Grange Cricket Club Ground, Raeburn Place",2,15.4,Hong Kong,Scotland,Nizakat Khan,Babar Hayat,MRJ Watt,1,0,,,,,,,,,
1004285,2016,2016-09-10,"Grange Cricket Club Ground, Raeburn Place",2,15.5,Hong Kong,Scotland,Babar Hayat,Nizakat Khan,MRJ Watt,0,0,,,,,,,,,
1004285,2016,2016-09-10,"Grange Cricket Club Ground, Raeburn Place",2,15.6,Hong Kong,Scotland,Babar Hayat,Nizakat Khan,MRJ Watt,0,0,,,,,,,,,
1004285,2016,2016-09-10,"Grange Cricket Club Ground, Raeburn Place",2,16.1,Hong Kong,Scotland,Nizakat Khan,Babar Hayat,CD de Lange,0,0,,,,,,,,,
1004285,2016,2016-09-10,"Grange Cricket Club Ground, Raeburn Place",2,16.2,Hong Kong,Scotland,Nizakat Khan,Babar Hayat,CD de Lange,1,0,,,,,,,,,
1004285,2016,2016-09-10,"Grange Cricket Club Ground, Raeburn Place",2,16.3,Hong Kong,Scotland,Babar Hayat,Nizakat Khan,CD de Lange,1,0,,,,,,,,,
1004285,2016,2016-09-10,"Grange Cricket Club Ground, Raeburn Place",2,16.4,Hong Kong,Scotland,Nizakat Khan,Babar Hayat,CD de Lange,0,0,,,,,,,,,
1004285,2016,2016-09-10,"Grange Cricket Club Ground, Raeburn Place",2,16.5,Hong Kong,Scotland,Nizakat Khan,Babar Hayat,CD de Lange,0,0,,,,,,,,,
1004285,2016,2016-09-10,"Grange Cricket Club Ground, Raeburn Place",2,16.6,Hong Kong,Scotland,Nizakat Khan,Babar Hayat,CD de Lange,0,0,,,,,,,,,
1004285,2016,2016-09-10,"Grange Cricket Club Ground, Raeburn Place",2,17.1,Hong Kong,Scotland,Babar Hayat,Nizakat Khan,MRJ Watt,0,0,,,,,,,,,
1004285,2016,2016-09-10,"Grange Cricket Club Ground, Raeburn Place",2,17.2,Hong Kong,Scotland,Babar Hayat,Nizakat Khan,MRJ Watt,0,0,,,,,,,,,
1004285,2016,2016-09-10,"Grange Cricket Club Ground, Raeburn Place",2,17.3,Hong Kong,Scotland,Babar Hayat,Nizakat Khan,MRJ Watt,4,0,,,,,,,,,
1004285,2016,2016-09-10,"Grange Cricket Club Ground, Raeburn Place",2,17.4,Hong Kong,Scotland,Babar Hayat,Nizakat Khan,MRJ Watt,0,0,,,,,,,,,
1004285,2016,2016-09-10,"Grange Cricket Club Ground, Raeburn Place",2,17.5,Hong Kong,Scotland,Babar Hayat,Nizakat Khan,MRJ Watt,1,0,,,,,,,,,
1004285,2016,2016-09-10,"Grange Cricket Club Ground, Raeburn Place",2,17.6,Hong Kong,Scotland,Nizakat Khan,Babar Hayat,MRJ Watt,0,0,,,,,,,,,
1004285,2016,2016-09-10,"Grange Cricket Club Ground, Raeburn Place",2,18.1,Hong Kong,Scotland,Babar Hayat,Nizakat Khan,CD de Lange,1,0,,,,,,,,,
1004285,2016,2016-09-10,"Grange Cricket Club Ground, Raeburn Place",2,18.2,Hong Kong,Scotland,Nizakat Khan,Babar Hayat,CD de Lange,0,0,,,,,,,,,
1004285,2016,2016-09-10,"Grange Cricket Club Ground, Raeburn Place",2,18.3,Hong Kong,Scotland,Nizakat Khan,Babar Hayat,CD de Lange,1,0,,,,,,,,,
1004285,2016,2016-09-10,"Grange Cricket Club Ground, Raeburn Place",2,18.4,Hong Kong,Scotland,Babar Hayat,Nizakat Khan,CD de Lange,1,0,,,,,,,,,
1004285,2016,2016-09-10,"Grange Cricket Club Ground, Raeburn Place",2,18.5,Hong Kong,Scotland,Nizakat Khan,Babar Hayat,CD de Lange,1,0,,,,,,,,,
1004285,2016,2016-09-10,"Grange Cricket Club Ground, Raeburn Place",2,18.6,Hong Kong,Scotland,Babar Hayat,Nizakat Khan,CD de Lange,0,0,,,,,,,,,
1004285,2016,2016-09-10,"Grange Cricket Club Ground, Raeburn Place",2,19.1,Hong Kong,Scotland,Nizakat Khan,Babar Hayat,MA Leask,4,0,,,,,,,,,
1004285,2016,2016-09-10,"Grange Cricket Club Ground, Raeburn Place",2,19.2,Hong Kong,Scotland,Nizakat Khan,Babar Hayat,MA Leask,6,0,,,,,,,,,
1004285,2016,2016-09-10,"Grange Cricket Club Ground, Raeburn Place",2,19.3,Hong Kong,Scotland,Nizakat Khan,Babar Hayat,MA Leask,1,0,,,,,,,,,
1004285,2016,2016-09-10,"Grange Cricket Club Ground, Raeburn Place",2,19.4,Hong Kong,Scotland,Babar Hayat,Nizakat Khan,MA Leask,0,0,,,,,,,,,
1004285,2016,2016-09-10,"Grange Cricket Club Ground, Raeburn Place",2,19.5,Hong Kong,Scotland,Babar Hayat,Nizakat Khan,MA Leask,0,0,,,,,,,,,
1004285,2016,2016-09-10,"Grange Cricket Club Ground, Raeburn Place",2,19.6,Hong Kong,Scotland,Babar Hayat,Nizakat Khan,MA Leask,0,0,,,,,,,,,
1004285,2016,2016-09-10,"Grange Cricket Club Ground, Raeburn Place",2,20.1,Hong Kong,Scotland,Nizakat Khan,Babar Hayat,CD de Lange,0,0,,,,,,,,,
1004285,2016,2016-09-10,"Grange Cricket Club Ground, Raeburn Place",2,20.2,Hong Kong,Scotland,Nizakat Khan,Babar Hayat,CD de Lange,0,0,,,,,,,,,
1004285,2016,2016-09-10,"Grange Cricket Club Ground, Raeburn Place",2,20.3,Hong Kong,Scotland,Nizakat Khan,Babar Hayat,CD de Lange,0,0,,,,,,,,,
1004285,2016,2016-09-10,"Grange Cricket Club Ground, Raeburn Place",2,20.4,Hong Kong,Scotland,Nizakat Khan,Babar Hayat,CD de Lange,0,0,,,,,,,,,
1004285,2016,2016-09-10,"Grange Cricket Club Ground, Raeburn Place",2,20.5,Hong Kong,Scotland,Nizakat Khan,Babar Hayat,CD de Lange,0,0,,,,,,,,,
1004285,2016,2016-09-10,"Grange Cricket Club Ground, Raeburn Place",2,20.6,Hong Kong,Scotland,Nizakat Khan,Babar Hayat,CD de Lange,2,0,,,,,,,,,
1004285,2016,2016-09-10,"Grange Cricket Club Ground, Raeburn Place",2,21.1,Hong Kong,Scotland,Babar Hayat,Nizakat Khan,MA Leask,4,0,,,,,,,,,
1004285,2016,2016-09-10,"Grange Cricket Club Ground, Raeburn Place",2,21.2,Hong Kong,Scotland,Babar Hayat,Nizakat Khan,MA Leask,2,0,,,,,,,,,
1004285,2016,2016-09-10,"Grange Cricket Club Ground, Raeburn Place",2,21.3,Hong Kong,Scotland,Babar Hayat,Nizakat Khan,MA Leask,1,0,,,,,,,,,
1004285,2016,2016-09-10,"Grange Cricket Club Ground, Raeburn Place",2,21.4,Hong Kong,Scotland,Nizakat Khan,Babar Hayat,MA Leask,1,0,,,,,,,,,
1004285,2016,2016-09-10,"Grange Cricket Club Ground, Raeburn Place",2,21.5,Hong Kong,Scotland,Babar Hayat,Nizakat Khan,MA Leask,4,0,,,,,,,,,
1004285,2016,2016-09-10,"Grange Cricket Club Ground, Raeburn Place",2,21.6,Hong Kong,Scotland,Babar Hayat,Nizakat Khan,MA Leask,0,0,,,,,,,,,
1004285,2016,2016-09-10,"Grange Cricket Club Ground, Raeburn Place",2,22.1,Hong Kong,Scotland,Nizakat Khan,Babar Hayat,CD de Lange,1,0,,,,,,,,,
1004285,2016,2016-09-10,"Grange Cricket Club Ground, Raeburn Place",2,22.2,Hong Kong,Scotland,Babar Hayat,Nizakat Khan,CD de Lange,0,0,,,,,,,,,
1004285,2016,2016-09-10,"Grange Cricket Club Ground, Raeburn Place",2,22.3,Hong Kong,Scotland,Babar Hayat,Nizakat Khan,CD de Lange,0,0,,,,,,,,,
1004285,2016,2016-09-10,"Grange Cricket Club Ground, Raeburn Place",2,22.4,Hong Kong,Scotland,Babar Hayat,Nizakat Khan,CD de Lange,4,0,,,,,,,,,
1004285,2016,2016-09-10,"Grange Cricket Club Ground, Raeburn Place",2,22.5,Hong Kong,Scotland,Babar Hayat,Nizakat Khan,CD de Lange,0,0,,,,,,,,,
1004285,2016,2016-09-10,"Grange Cricket Club Ground, Raeburn Place",2,22.6,Hong Kong,Scotland,Babar Hayat,Nizakat Khan,CD de Lange,1,0,,,,,,,,,
1004285,2016,2016-09-10,"Grange Cricket Club Ground, Raeburn Place",2,23.1,Hong Kong,Scotland,Babar Hayat,Nizakat Khan,SM Sharif,0,0,,,,,,,,,
1004285,2016,2016-09-10,"Grange Cricket Club Ground, Raeburn Place",2,23.2,Hong Kong,Scotland,Babar Hayat,Nizakat Khan,SM Sharif,0,0,,,,,,,,,
1004285,2016,2016-09-10,"Grange Cricket Club Ground, Raeburn Place",2,23.3,Hong Kong,Scotland,Babar Hayat,Nizakat Khan,SM Sharif,1,0,,,,,,,,,
1004285,2016,2016-09-10,"Grange Cricket Club Ground, Raeburn Place",2,23.4,Hong Kong,Scotland,Nizakat Khan,Babar Hayat,SM Sharif,1,0,,,,,,,,,
1004285,2016,2016-09-10,"Grange Cricket Club Ground, Raeburn Place",2,23.5,Hong Kong,Scotland,Babar Hayat,Nizakat Khan,SM Sharif,0,0,,,,,,,,,
1004285,2016,2016-09-10,"Grange Cricket Club Ground, Raeburn Place",2,23.6,Hong Kong,Scotland,Babar Hayat,Nizakat Khan,SM Sharif,0,0,,,,,,,,,
1004285,2016,2016-09-10,"Grange Cricket Club Ground, Raeburn Place",2,24.1,Hong Kong,Scotland,Nizakat Khan,Babar Hayat,CD de Lange,1,0,,,,,,,,,
1004285,2016,2016-09-10,"Grange Cricket Club Ground, Raeburn Place",2,24.2,Hong Kong,Scotland,Babar Hayat,Nizakat Khan,CD de Lange,2,0,,,,,,,,,
1004285,2016,2016-09-10,"Grange Cricket Club Ground, Raeburn Place",2,24.3,Hong Kong,Scotland,Babar Hayat,Nizakat Khan,CD de Lange,1,0,,,,,,,,,
1004285,2016,2016-09-10,"Grange Cricket Club Ground, Raeburn Place",2,24.4,Hong Kong,Scotland,Nizakat Khan,Babar Hayat,CD de Lange,4,0,,,,,,,,,
1004285,2016,2016-09-10,"Grange Cricket Club Ground, Raeburn Place",2,24.5,Hong Kong,Scotland,Nizakat Khan,Babar Hayat,CD de Lange,0,0,,,,,,,,,
1004285,2016,2016-09-10,"Grange Cricket Club Ground, Raeburn Place",2,24.6,Hong Kong,Scotland,Nizakat Khan,Babar Hayat,CD de Lange,1,0,,,,,,,,,
1004285,2016,2016-09-10,"Grange Cricket Club Ground, Raeburn Place",2,25.1,Hong Kong,Scotland,Nizakat Khan,Babar Hayat,SM Sharif,1,0,,,,,,,,,
1004285,2016,2016-09-10,"Grange Cricket Club Ground, Raeburn Place",2,25.2,Hong Kong,Scotland,Babar Hayat,Nizakat Khan,SM Sharif,4,0,,,,,,,,,
1004285,2016,2016-09-10,"Grange Cricket Club Ground, Raeburn Place",2,25.3,Hong Kong,Scotland,Babar Hayat,Nizakat Khan,SM Sharif,0,0,,,,,,,,,
1004285,2016,2016-09-10,"Grange Cricket Club Ground, Raeburn Place",2,25.4,Hong Kong,Scotland,Babar Hayat,Nizakat Khan,SM Sharif,0,1,,,,1,,,,,
1004285,2016,2016-09-10,"Grange Cricket Club Ground, Raeburn Place",2,25.5,Hong Kong,Scotland,Nizakat Khan,Babar Hayat,SM Sharif,0,0,,,,,,,,,
1004285,2016,2016-09-10,"Grange Cricket Club Ground, Raeburn Place",2,25.6,Hong Kong,Scotland,Nizakat Khan,Babar Hayat,SM Sharif,1,0,,,,,,,,,
1004285,2016,2016-09-10,"Grange Cricket Club Ground, Raeburn Place",2,26.1,Hong Kong,Scotland,Nizakat Khan,Babar Hayat,MRJ Watt,0,0,,,,,,,,,
1004285,2016,2016-09-10,"Grange Cricket Club Ground, Raeburn Place",2,26.2,Hong Kong,Scotland,Nizakat Khan,Babar Hayat,MRJ Watt,0,0,,,,,,,,,
1004285,2016,2016-09-10,"Grange Cricket Club Ground, Raeburn Place",2,26.3,Hong Kong,Scotland,Nizakat Khan,Babar Hayat,MRJ Watt,0,0,,,,,,,,,
1004285,2016,2016-09-10,"Grange Cricket Club Ground, Raeburn Place",2,26.4,Hong Kong,Scotland,Nizakat Khan,Babar Hayat,MRJ Watt,0,0,,,,,,,,,
1004285,2016,2016-09-10,"Grange Cricket Club Ground, Raeburn Place",2,26.5,Hong Kong,Scotland,Nizakat Khan,Babar Hayat,MRJ Watt,0,0,,,,,,,,,
1004285,2016,2016-09-10,"Grange Cricket Club Ground, Raeburn Place",2,26.6,Hong Kong,Scotland,Nizakat Khan,Babar Hayat,MRJ Watt,1,0,,,,,,,,,
1004285,2016,2016-09-10,"Grange Cricket Club Ground, Raeburn Place",2,27.1,Hong Kong,Scotland,Nizakat Khan,Babar Hayat,SM Sharif,1,0,,,,,,,,,
1004285,2016,2016-09-10,"Grange Cricket Club Ground, Raeburn Place",2,27.2,Hong Kong,Scotland,Babar Hayat,Nizakat Khan,SM Sharif,0,0,,,,,,,,,
1004285,2016,2016-09-10,"Grange Cricket Club Ground, Raeburn Place",2,27.3,Hong Kong,Scotland,Babar Hayat,Nizakat Khan,SM Sharif,1,0,,,,,,,,,
1004285,2016,2016-09-10,"Grange Cricket Club Ground, Raeburn Place",2,27.4,Hong Kong,Scotland,Nizakat Khan,Babar Hayat,SM Sharif,1,0,,,,,,,,,
1004285,2016,2016-09-10,"Grange Cricket Club Ground, Raeburn Place",2,27.5,Hong Kong,Scotland,Babar Hayat,Nizakat Khan,SM Sharif,1,0,,,,,,,,,
1004285,2016,2016-09-10,"Grange Cricket Club Ground, Raeburn Place",2,27.6,Hong Kong,Scotland,Nizakat Khan,Babar Hayat,SM Sharif,1,0,,,,,,,,,
1004285,2016,2016-09-10,"Grange Cricket Club Ground, Raeburn Place",2,28.1,Hong Kong,Scotland,Nizakat Khan,Babar Hayat,MRJ Watt,1,0,,,,,,,,,
1004285,2016,2016-09-10,"Grange Cricket Club Ground, Raeburn Place",2,28.2,Hong Kong,Scotland,Babar Hayat,Nizakat Khan,MRJ Watt,0,0,,,,,,,,,
1004285,2016,2016-09-10,"Grange Cricket Club Ground, Raeburn Place",2,28.3,Hong Kong,Scotland,Babar Hayat,Nizakat Khan,MRJ Watt,6,0,,,,,,,,,
1004285,2016,2016-09-10,"Grange Cricket Club Ground, Raeburn Place",2,28.4,Hong Kong,Scotland,Babar Hayat,Nizakat Khan,MRJ Watt,1,0,,,,,,,,,
1004285,2016,2016-09-10,"Grange Cricket Club Ground, Raeburn Place",2,28.5,Hong Kong,Scotland,Nizakat Khan,Babar Hayat,MRJ Watt,0,0,,,,,,,,,
1004285,2016,2016-09-10,"Grange Cricket Club Ground, Raeburn Place",2,28.6,Hong Kong,Scotland,Nizakat Khan,Babar Hayat,MRJ Watt,0,0,,,,,,,,,
1004285,2016,2016-09-10,"Grange Cricket Club Ground, Raeburn Place",2,29.1,Hong Kong,Scotland,Babar Hayat,Nizakat Khan,AC Evans,0,0,,,,,,,,,
1004285,2016,2016-09-10,"Grange Cricket Club Ground, Raeburn Place",2,29.2,Hong Kong,Scotland,Babar Hayat,Nizakat Khan,AC Evans,0,0,,,,,,,,,
1004285,2016,2016-09-10,"Grange Cricket Club Ground, Raeburn Place",2,29.3,Hong Kong,Scotland,Babar Hayat,Nizakat Khan,AC Evans,0,1,1,,,,,,,,
1004285,2016,2016-09-10,"Grange Cricket Club Ground, Raeburn Place",2,29.4,Hong Kong,Scotland,Babar Hayat,Nizakat Khan,AC Evans,4,0,,,,,,,,,
1004285,2016,2016-09-10,"Grange Cricket Club Ground, Raeburn Place",2,29.5,Hong Kong,Scotland,Babar Hayat,Nizakat Khan,AC Evans,0,0,,,,,,,,,
1004285,2016,2016-09-10,"Grange Cricket Club Ground, Raeburn Place",2,29.6,Hong Kong,Scotland,Babar Hayat,Nizakat Khan,AC Evans,1,0,,,,,,,,,
1004285,2016,2016-09-10,"Grange Cricket Club Ground, Raeburn Place",2,29.7,Hong Kong,Scotland,Nizakat Khan,Babar Hayat,AC Evans,0,0,,,,,,,,,
1004285,2016,2016-09-10,"Grange Cricket Club Ground, Raeburn Place",2,30.1,Hong Kong,Scotland,Babar Hayat,Nizakat Khan,MRJ Watt,4,0,,,,,,,,,
1004285,2016,2016-09-10,"Grange Cricket Club Ground, Raeburn Place",2,30.2,Hong Kong,Scotland,Babar Hayat,Nizakat Khan,MRJ Watt,0,0,,,,,,caught,Babar Hayat,,
1004285,2016,2016-09-10,"Grange Cricket Club Ground, Raeburn Place",2,30.3,Hong Kong,Scotland,Anshuman Rath,Nizakat Khan,MRJ Watt,0,0,,,,,,,,,
1004285,2016,2016-09-10,"Grange Cricket Club Ground, Raeburn Place",2,30.4,Hong Kong,Scotland,Anshuman Rath,Nizakat Khan,MRJ Watt,0,0,,,,,,,,,
1004285,2016,2016-09-10,"Grange Cricket Club Ground, Raeburn Place",2,30.5,Hong Kong,Scotland,Anshuman Rath,Nizakat Khan,MRJ Watt,0,0,,,,,,,,,
1004285,2016,2016-09-10,"Grange Cricket Club Ground, Raeburn Place",2,30.6,Hong Kong,Scotland,Anshuman Rath,Nizakat Khan,MRJ Watt,0,0,,,,,,,,,
1004285,2016,2016-09-10,"Grange Cricket Club Ground, Raeburn Place",2,31.1,Hong Kong,Scotland,Nizakat Khan,Anshuman Rath,AC Evans,1,0,,,,,,,,,
1004285,2016,2016-09-10,"Grange Cricket Club Ground, Raeburn Place",2,31.2,Hong Kong,Scotland,Anshuman Rath,Nizakat Khan,AC Evans,0,0,,,,,,,,,
1004285,2016,2016-09-10,"Grange Cricket Club Ground, Raeburn Place",2,31.3,Hong Kong,Scotland,Anshuman Rath,Nizakat Khan,AC Evans,0,0,,,,,,,,,
1004285,2016,2016-09-10,"Grange Cricket Club Ground, Raeburn Place",2,31.4,Hong Kong,Scotland,Anshuman Rath,Nizakat Khan,AC Evans,1,0,,,,,,,,,
1004285,2016,2016-09-10,"Grange Cricket Club Ground, Raeburn Place",2,31.5,Hong Kong,Scotland,Nizakat Khan,Anshuman Rath,AC Evans,0,0,,,,,,,,,
1004285,2016,2016-09-10,"Grange Cricket Club Ground, Raeburn Place",2,31.6,Hong Kong,Scotland,Nizakat Khan,Anshuman Rath,AC Evans,1,0,,,,,,,,,
1004285,2016,2016-09-10,"Grange Cricket Club Ground, Raeburn Place",2,32.1,Hong Kong,Scotland,Nizakat Khan,Anshuman Rath,MRJ Watt,1,0,,,,,,,,,
1004285,2016,2016-09-10,"Grange Cricket Club Ground, Raeburn Place",2,32.2,Hong Kong,Scotland,Anshuman Rath,Nizakat Khan,MRJ Watt,0,0,,,,,,,,,
1004285,2016,2016-09-10,"Grange Cricket Club Ground, Raeburn Place",2,32.3,Hong Kong,Scotland,Anshuman Rath,Nizakat Khan,MRJ Watt,0,0,,,,,,,,,
1004285,2016,2016-09-10,"Grange Cricket Club Ground, Raeburn Place",2,32.4,Hong Kong,Scotland,Anshuman Rath,Nizakat Khan,MRJ Watt,6,0,,,,,,,,,
1004285,2016,2016-09-10,"Grange Cricket Club Ground, Raeburn Place",2,32.5,Hong Kong,Scotland,Anshuman Rath,Nizakat Khan,MRJ Watt,0,0,,,,,,,,,
1004285,2016,2016-09-10,"Grange Cricket Club Ground, Raeburn Place",2,32.6,Hong Kong,Scotland,Anshuman Rath,Nizakat Khan,MRJ Watt,0,1,1,,,,,,,,
1004285,2016,2016-09-10,"Grange Cricket Club Ground, Raeburn Place",2,32.7,Hong Kong,Scotland,Anshuman Rath,Nizakat Khan,MRJ Watt,0,0,,,,,,,,,
1004285,2016,2016-09-10,"Grange Cricket Club Ground, Raeburn Place",2,33.1,Hong Kong,Scotland,Nizakat Khan,Anshuman Rath,AC Evans,0,0,,,,,,caught,Nizakat Khan,,
1004285,2016,2016-09-10,"Grange Cricket Club Ground, Raeburn Place",2,33.2,Hong Kong,Scotland,Ehsan Khan,Anshuman Rath,AC Evans,0,0,,,,,,,,,
1004285,2016,2016-09-10,"Grange Cricket Club Ground, Raeburn Place",2,33.3,Hong Kong,Scotland,Ehsan Khan,Anshuman Rath,AC Evans,2,0,,,,,,,,,
1004285,2016,2016-09-10,"Grange Cricket Club Ground, Raeburn Place",2,33.4,Hong Kong,Scotland,Ehsan Khan,Anshuman Rath,AC Evans,0,0,,,,,,,,,
1004285,2016,2016-09-10,"Grange Cricket Club Ground, Raeburn Place",2,33.5,Hong Kong,Scotland,Ehsan Khan,Anshuman Rath,AC Evans,0,1,1,,,,,,,,
1004285,2016,2016-09-10,"Grange Cricket Club Ground, Raeburn Place",2,33.6,Hong Kong,Scotland,Ehsan Khan,Anshuman Rath,AC Evans,1,0,,,,,,,,,
1004285,2016,2016-09-10,"Grange Cricket Club Ground, Raeburn Place",2,33.7,Hong Kong,Scotland,Anshuman Rath,Ehsan Khan,AC Evans,1,0,,,,,,,,,
1004285,2016,2016-09-10,"Grange Cricket Club Ground, Raeburn Place",2,34.1,Hong Kong,Scotland,Anshuman Rath,Ehsan Khan,CD de Lange,1,0,,,,,,,,,
1004285,2016,2016-09-10,"Grange Cricket Club Ground, Raeburn Place",2,34.2,Hong Kong,Scotland,Ehsan Khan,Anshuman Rath,CD de Lange,0,0,,,,,,,,,
1004285,2016,2016-09-10,"Grange Cricket Club Ground, Raeburn Place",2,34.3,Hong Kong,Scotland,Ehsan Khan,Anshuman Rath,CD de Lange,0,0,,,,,,,,,
1004285,2016,2016-09-10,"Grange Cricket Club Ground, Raeburn Place",2,34.4,Hong Kong,Scotland,Ehsan Khan,Anshuman Rath,CD de Lange,0,0,,,,,,,,,
1004285,2016,2016-09-10,"Grange Cricket Club Ground, Raeburn Place",2,34.5,Hong Kong,Scotland,Ehsan Khan,Anshuman Rath,CD de Lange,1,0,,,,,,,,,
1004285,2016,2016-09-10,"Grange Cricket Club Ground, Raeburn Place",2,34.6,Hong Kong,Scotland,Anshuman Rath,Ehsan Khan,CD de Lange,1,0,,,,,,,,,
1004285,2016,2016-09-10,"Grange Cricket Club Ground, Raeburn Place",2,35.1,Hong Kong,Scotland,Anshuman Rath,Ehsan Khan,CB Sole,0,0,,,,,,,,,
1004285,2016,2016-09-10,"Grange Cricket Club Ground, Raeburn Place",2,35.2,Hong Kong,Scotland,Anshuman Rath,Ehsan Khan,CB Sole,1,0,,,,,,,,,
1004285,2016,2016-09-10,"Grange Cricket Club Ground, Raeburn Place",2,35.3,Hong Kong,Scotland,Ehsan Khan,Anshuman Rath,CB Sole,0,0,,,,,,,,,
1004285,2016,2016-09-10,"Grange Cricket Club Ground, Raeburn Place",2,35.4,Hong Kong,Scotland,Ehsan Khan,Anshuman Rath,CB Sole,0,0,,,,,,,,,
1004285,2016,2016-09-10,"Grange Cricket Club Ground, Raeburn Place",2,35.5,Hong Kong,Scotland,Ehsan Khan,Anshuman Rath,CB Sole,0,0,,,,,,,,,
1004285,2016,2016-09-10,"Grange Cricket Club Ground, Raeburn Place",2,35.6,Hong Kong,Scotland,Ehsan Khan,Anshuman Rath,CB Sole,0,0,,,,,,,,,
1004285,2016,2016-09-10,"Grange Cricket Club Ground, Raeburn Place",2,36.1,Hong Kong,Scotland,Anshuman Rath,Ehsan Khan,CD de Lange,1,0,,,,,,,,,
1004285,2016,2016-09-10,"Grange Cricket Club Ground, Raeburn Place",2,36.2,Hong Kong,Scotland,Ehsan Khan,Anshuman Rath,CD de Lange,0,0,,,,,,,,,
1004285,2016,2016-09-10,"Grange Cricket Club Ground, Raeburn Place",2,36.3,Hong Kong,Scotland,Ehsan Khan,Anshuman Rath,CD de Lange,1,0,,,,,,,,,
1004285,2016,2016-09-10,"Grange Cricket Club Ground, Raeburn Place",2,36.4,Hong Kong,Scotland,Anshuman Rath,Ehsan Khan,CD de Lange,1,0,,,,,,,,,
1004285,2016,2016-09-10,"Grange Cricket Club Ground, Raeburn Place",2,36.5,Hong Kong,Scotland,Ehsan Khan,Anshuman Rath,CD de Lange,2,0,,,,,,,,,
1004285,2016,2016-09-10,"Grange Cricket Club Ground, Raeburn Place",2,36.6,Hong Kong,Scotland,Ehsan Khan,Anshuman Rath,CD de Lange,0,0,,,,,,bowled,Ehsan Khan,,
1004285,2016,2016-09-10,"Grange Cricket Club Ground, Raeburn Place",2,37.1,Hong Kong,Scotland,Anshuman Rath,Shahid Wasif,CB Sole,0,0,,,,,,caught,Anshuman Rath,,
1004285,2016,2016-09-10,"Grange Cricket Club Ground, Raeburn Place",2,37.2,Hong Kong,Scotland,Shahid Wasif,Waqas Khan,CB Sole,0,0,,,,,,,,,
1004285,2016,2016-09-10,"Grange Cricket Club Ground, Raeburn Place",2,37.3,Hong Kong,Scotland,Shahid Wasif,Waqas Khan,CB Sole,1,0,,,,,,,,,
1004285,2016,2016-09-10,"Grange Cricket Club Ground, Raeburn Place",2,37.4,Hong Kong,Scotland,Waqas Khan,Shahid Wasif,CB Sole,0,0,,,,,,,,,
1004285,2016,2016-09-10,"Grange Cricket Club Ground, Raeburn Place",2,37.5,Hong Kong,Scotland,Waqas Khan,Shahid Wasif,CB Sole,0,1,1,,,,,,,,
1004285,2016,2016-09-10,"Grange Cricket Club Ground, Raeburn Place",2,37.6,Hong Kong,Scotland,Waqas Khan,Shahid Wasif,CB Sole,0,0,,,,,,,,,
1004285,2016,2016-09-10,"Grange Cricket Club Ground, Raeburn Place",2,37.7,Hong Kong,Scotland,Waqas Khan,Shahid Wasif,CB Sole,1,0,,,,,,,,,
1004285,2016,2016-09-10,"Grange Cricket Club Ground, Raeburn Place",2,38.1,Hong Kong,Scotland,Waqas Khan,Shahid Wasif,CD de Lange,0,0,,,,,,,,,
1004285,2016,2016-09-10,"Grange Cricket Club Ground, Raeburn Place",2,38.2,Hong Kong,Scotland,Waqas Khan,Shahid Wasif,CD de Lange,0,0,,,,,,,,,
1004285,2016,2016-09-10,"Grange Cricket Club Ground, Raeburn Place",2,38.3,Hong Kong,Scotland,Waqas Khan,Shahid Wasif,CD de Lange,0,0,,,,,,,,,
1004285,2016,2016-09-10,"Grange Cricket Club Ground, Raeburn Place",2,38.4,Hong Kong,Scotland,Waqas Khan,Shahid Wasif,CD de Lange,1,0,,,,,,,,,
1004285,2016,2016-09-10,"Grange Cricket Club Ground, Raeburn Place",2,38.5,Hong Kong,Scotland,Shahid Wasif,Waqas Khan,CD de Lange,0,0,,,,,,,,,
1004285,2016,2016-09-10,"Grange Cricket Club Ground, Raeburn Place",2,38.6,Hong Kong,Scotland,Shahid Wasif,Waqas Khan,CD de Lange,0,0,,,,,,,,,
1004285,2016,2016-09-10,"Grange Cricket Club Ground, Raeburn Place",2,39.1,Hong Kong,Scotland,Waqas Khan,Shahid Wasif,CB Sole,0,0,,,,,,,,,
1004285,2016,2016-09-10,"Grange Cricket Club Ground, Raeburn Place",2,39.2,Hong Kong,Scotland,Waqas Khan,Shahid Wasif,CB Sole,1,0,,,,,,,,,
1004285,2016,2016-09-10,"Grange Cricket Club Ground, Raeburn Place",2,39.3,Hong Kong,Scotland,Shahid Wasif,Waqas Khan,CB Sole,2,0,,,,,,,,,
1004285,2016,2016-09-10,"Grange Cricket Club Ground, Raeburn Place",2,39.4,Hong Kong,Scotland,Shahid Wasif,Waqas Khan,CB Sole,0,0,,,,,,,,,
1004285,2016,2016-09-10,"Grange Cricket Club Ground, Raeburn Place",2,39.5,Hong Kong,Scotland,Shahid Wasif,Waqas Khan,CB Sole,1,0,,,,,,,,,
1004285,2016,2016-09-10,"Grange Cricket Club Ground, Raeburn Place",2,39.6,Hong Kong,Scotland,Waqas Khan,Shahid Wasif,CB Sole,1,0,,,,,,,,,
1004285,2016,2016-09-10,"Grange Cricket Club Ground, Raeburn Place",2,40.1,Hong Kong,Scotland,Waqas Khan,Shahid Wasif,CD de Lange,0,0,,,,,,,,,
1004285,2016,2016-09-10,"Grange Cricket Club Ground, Raeburn Place",2,40.2,Hong Kong,Scotland,Waqas Khan,Shahid Wasif,CD de Lange,1,0,,,,,,,,,
1004285,2016,2016-09-10,"Grange Cricket Club Ground, Raeburn Place",2,40.3,Hong Kong,Scotland,Shahid Wasif,Waqas Khan,CD de Lange,0,0,,,,,,caught,Shahid Wasif,,
1004285,2016,2016-09-10,"Grange Cricket Club Ground, Raeburn Place",2,40.4,Hong Kong,Scotland,Tanwir Afzal,Waqas Khan,CD de Lange,0,0,,,,,,,,,
1004285,2016,2016-09-10,"Grange Cricket Club Ground, Raeburn Place",2,40.5,Hong Kong,Scotland,Tanwir Afzal,Waqas Khan,CD de Lange,1,0,,,,,,,,,
1004285,2016,2016-09-10,"Grange Cricket Club Ground, Raeburn Place",2,40.6,Hong Kong,Scotland,Waqas Khan,Tanwir Afzal,CD de Lange,0,2,,,,2,,,,,
1004285,2016,2016-09-10,"Grange Cricket Club Ground, Raeburn Place",2,41.1,Hong Kong,Scotland,Tanwir Afzal,Waqas Khan,MRJ Watt,4,0,,,,,,,,,
1004285,2016,2016-09-10,"Grange Cricket Club Ground, Raeburn Place",2,41.2,Hong Kong,Scotland,Tanwir Afzal,Waqas Khan,MRJ Watt,1,0,,,,,,,,,
1004285,2016,2016-09-10,"Grange Cricket Club Ground, Raeburn Place",2,41.3,Hong Kong,Scotland,Waqas Khan,Tanwir Afzal,MRJ Watt,0,0,,,,,,,,,
1004285,2016,2016-09-10,"Grange Cricket Club Ground, Raeburn Place",2,41.4,Hong Kong,Scotland,Waqas Khan,Tanwir Afzal,MRJ Watt,1,0,,,,,,,,,
1004285,2016,2016-09-10,"Grange Cricket Club Ground, Raeburn Place",2,41.5,Hong Kong,Scotland,Tanwir Afzal,Waqas Khan,MRJ Watt,4,0,,,,,,,,,
1004285,2016,2016-09-10,"Grange Cricket Club Ground, Raeburn Place",2,41.6,Hong Kong,Scotland,Tanwir Afzal,Waqas Khan,MRJ Watt,0,0,,,,,,,,,
1004285,2016,2016-09-10,"Grange Cricket Club Ground, Raeburn Place",2,42.1,Hong Kong,Scotland,Waqas Khan,Tanwir Afzal,CD de Lange,1,0,,,,,,,,,
1004285,2016,2016-09-10,"Grange Cricket Club Ground, Raeburn Place",2,42.2,Hong Kong,Scotland,Tanwir Afzal,Waqas Khan,CD de Lange,1,0,,,,,,,,,
1004285,2016,2016-09-10,"Grange Cricket Club Ground, Raeburn Place",2,42.3,Hong Kong,Scotland,Waqas Khan,Tanwir Afzal,CD de Lange,0,0,,,,,,,,,
1004285,2016,2016-09-10,"Grange Cricket Club Ground, Raeburn Place",2,42.4,Hong Kong,Scotland,Waqas Khan,Tanwir Afzal,CD de Lange,1,0,,,,,,,,,
1004285,2016,2016-09-10,"Grange Cricket Club Ground, Raeburn Place",2,42.5,Hong Kong,Scotland,Tanwir Afzal,Waqas Khan,CD de Lange,1,0,,,,,,run out,Waqas Khan,,
1004285,2016,2016-09-10,"Grange Cricket Club Ground, Raeburn Place",2,42.6,Hong Kong,Scotland,Tanwir Afzal,Nadeem Ahmed,CD de Lange,0,0,,,,,,,,,
1004285,2016,2016-09-10,"Grange Cricket Club Ground, Raeburn Place",2,43.1,Hong Kong,Scotland,Nadeem Ahmed,Tanwir Afzal,MRJ Watt,1,0,,,,,,,,,
1004285,2016,2016-09-10,"Grange Cricket Club Ground, Raeburn Place",2,43.2,Hong Kong,Scotland,Tanwir Afzal,Nadeem Ahmed,MRJ Watt,0,0,,,,,,,,,
1004285,2016,2016-09-10,"Grange Cricket Club Ground, Raeburn Place",2,43.3,Hong Kong,Scotland,Tanwir Afzal,Nadeem Ahmed,MRJ Watt,1,0,,,,,,,,,
1004285,2016,2016-09-10,"Grange Cricket Club Ground, Raeburn Place",2,43.4,Hong Kong,Scotland,Nadeem Ahmed,Tanwir Afzal,MRJ Watt,0,0,,,,,,,,,
1004285,2016,2016-09-10,"Grange Cricket Club Ground, Raeburn Place",2,43.5,Hong Kong,Scotland,Nadeem Ahmed,Tanwir Afzal,MRJ Watt,0,0,,,,,,,,,
1004285,2016,2016-09-10,"Grange Cricket Club Ground, Raeburn Place",2,43.6,Hong Kong,Scotland,Nadeem Ahmed,Tanwir Afzal,MRJ Watt,0,0,,,,,,,,,
1004285,2016,2016-09-10,"Grange Cricket Club Ground, Raeburn Place",2,44.1,Hong Kong,Scotland,Tanwir Afzal,Nadeem Ahmed,AC Evans,1,0,,,,,,,,,
1004285,2016,2016-09-10,"Grange Cricket Club Ground, Raeburn Place",2,44.2,Hong Kong,Scotland,Nadeem Ahmed,Tanwir Afzal,AC Evans,2,0,,,,,,,,,
1004285,2016,2016-09-10,"Grange Cricket Club Ground, Raeburn Place",2,44.3,Hong Kong,Scotland,Nadeem Ahmed,Tanwir Afzal,AC Evans,1,0,,,,,,,,,
1004285,2016,2016-09-10,"Grange Cricket Club Ground, Raeburn Place",2,44.4,Hong Kong,Scotland,Tanwir Afzal,Nadeem Ahmed,AC Evans,1,0,,,,,,,,,
1004285,2016,2016-09-10,"Grange Cricket Club Ground, Raeburn Place",2,44.5,Hong Kong,Scotland,Nadeem Ahmed,Tanwir Afzal,AC Evans,4,0,,,,,,,,,
1004285,2016,2016-09-10,"Grange Cricket Club Ground, Raeburn Place",2,44.6,Hong Kong,Scotland,Nadeem Ahmed,Tanwir Afzal,AC Evans,4,0,,,,,,,,,
1004285,2016,2016-09-10,"Grange Cricket Club Ground, Raeburn Place",2,45.1,Hong Kong,Scotland,Tanwir Afzal,Nadeem Ahmed,CB Sole,1,0,,,,,,,,,
1004285,2016,2016-09-10,"Grange Cricket Club Ground, Raeburn Place",2,45.2,Hong Kong,Scotland,Nadeem Ahmed,Tanwir Afzal,CB Sole,1,0,,,,,,,,,
1004285,2016,2016-09-10,"Grange Cricket Club Ground, Raeburn Place",2,45.3,Hong Kong,Scotland,Tanwir Afzal,Nadeem Ahmed,CB Sole,4,0,,,,,,,,,
1004285,2016,2016-09-10,"Grange Cricket Club Ground, Raeburn Place",2,45.4,Hong Kong,Scotland,Tanwir Afzal,Nadeem Ahmed,CB Sole,0,0,,,,,,caught,Tanwir Afzal,,
1004285,2016,2016-09-10,"Grange Cricket Club Ground, Raeburn Place",2,45.5,Hong Kong,Scotland,Nadeem Ahmed,Tanveer Ahmed,CB Sole,1,0,,,,,,,,,
1004285,2016,2016-09-10,"Grange Cricket Club Ground, Raeburn Place",2,45.6,Hong Kong,Scotland,Tanveer Ahmed,Nadeem Ahmed,CB Sole,0,0,,,,,,,,,
1004285,2016,2016-09-10,"Grange Cricket Club Ground, Raeburn Place",2,46.1,Hong Kong,Scotland,Nadeem Ahmed,Tanveer Ahmed,AC Evans,0,0,,,,,,bowled,Nadeem Ahmed,,
