match_id,season,start_date,venue,innings,ball,batting_team,bowling_team,striker,non_striker,bowler,runs_off_bat,extras,wides,noballs,byes,legbyes,penalty,wicket_type,player_dismissed,other_wicket_type,other_player_dismissed
1007651,2016,2016-06-13,Harare Sports Club,1,0.1,Zimbabwe,India,H Masakadza,CJ Chibhabha,BB Sran,0,0,,,,,,,,,
1007651,2016,2016-06-13,Harare Sports Club,1,0.2,Zimbabwe,India,H Masakadza,CJ Chibhabha,BB Sran,0,0,,,,,,,,,
1007651,2016,2016-06-13,Harare Sports Club,1,0.3,Zimbabwe,India,H Masakadza,CJ Chibhabha,BB Sran,0,0,,,,,,,,,
1007651,2016,2016-06-13,Harare Sports Club,1,0.4,Zimbabwe,India,H Masakadza,CJ Chibhabha,BB Sran,0,0,,,,,,,,,
1007651,2016,2016-06-13,Harare Sports Club,1,0.5,Zimbabwe,India,H Masakadza,CJ Chibhabha,BB Sran,0,0,,,,,,,,,
1007651,2016,2016-06-13,Harare Sports Club,1,0.6,Zimbabwe,India,H Masakadza,CJ Chibhabha,BB Sran,0,0,,,,,,,,,
1007651,2016,2016-06-13,Harare Sports Club,1,1.1,Zimbabwe,India,CJ Chibhabha,H Masakadza,DS Kulkarni,0,0,,,,,,,,,
1007651,2016,2016-06-13,Harare Sports Club,1,1.2,Zimbabwe,India,CJ Chibhabha,H Masakadza,DS Kulkarni,0,0,,,,,,,,,
1007651,2016,2016-06-13,Harare Sports Club,1,1.3,Zimbabwe,India,CJ Chibhabha,H Masakadza,DS Kulkarni,0,0,,,,,,,,,
1007651,2016,2016-06-13,Harare Sports Club,1,1.4,Zimbabwe,India,CJ Chibhabha,H Masakadza,DS Kulkarni,4,0,,,,,,,,,
1007651,2016,2016-06-13,Harare Sports Club,1,1.5,Zimbabwe,India,CJ Chibhabha,H Masakadza,DS Kulkarni,0,0,,,,,,,,,
1007651,2016,2016-06-13,Harare Sports Club,1,1.6,Zimbabwe,India,CJ Chibhabha,H Masakadza,DS Kulkarni,0,0,,,,,,,,,
1007651,2016,2016-06-13,Harare Sports Club,1,2.1,Zimbabwe,India,H Masakadza,CJ Chibhabha,BB Sran,1,0,,,,,,,,,
1007651,2016,2016-06-13,Harare Sports Club,1,2.2,Zimbabwe,India,CJ Chibhabha,H Masakadza,BB Sran,1,0,,,,,,,,,
1007651,2016,2016-06-13,Harare Sports Club,1,2.3,Zimbabwe,India,H Masakadza,CJ Chibhabha,BB Sran,0,1,1,,,,,,,,
1007651,2016,2016-06-13,Harare Sports Club,1,2.4,Zimbabwe,India,H Masakadza,CJ Chibhabha,BB Sran,0,0,,,,,,,,,
1007651,2016,2016-06-13,Harare Sports Club,1,2.5,Zimbabwe,India,H Masakadza,CJ Chibhabha,BB Sran,0,0,,,,,,,,,
1007651,2016,2016-06-13,Harare Sports Club,1,2.6,Zimbabwe,India,H Masakadza,CJ Chibhabha,BB Sran,2,0,,,,,,,,,
1007651,2016,2016-06-13,Harare Sports Club,1,2.7,Zimbabwe,India,H Masakadza,CJ Chibhabha,BB Sran,0,0,,,,,,,,,
1007651,2016,2016-06-13,Harare Sports Club,1,3.1,Zimbabwe,India,CJ Chibhabha,H Masakadza,DS Kulkarni,3,0,,,,,,,,,
1007651,2016,2016-06-13,Harare Sports Club,1,3.2,Zimbabwe,India,H Masakadza,CJ Chibhabha,DS Kulkarni,0,0,,,,,,,,,
1007651,2016,2016-06-13,Harare Sports Club,1,3.3,Zimbabwe,India,H Masakadza,CJ Chibhabha,DS Kulkarni,4,0,,,,,,,,,
1007651,2016,2016-06-13,Harare Sports Club,1,3.4,Zimbabwe,India,H Masakadza,CJ Chibhabha,DS Kulkarni,0,0,,,,,,,,,
1007651,2016,2016-06-13,Harare Sports Club,1,3.5,Zimbabwe,India,H Masakadza,CJ Chibhabha,DS Kulkarni,2,0,,,,,,,,,
1007651,2016,2016-06-13,Harare Sports Club,1,3.6,Zimbabwe,India,H Masakadza,CJ Chibhabha,DS Kulkarni,0,0,,,,,,,,,
1007651,2016,2016-06-13,Harare Sports Club,1,4.1,Zimbabwe,India,CJ Chibhabha,H Masakadza,BB Sran,0,0,,,,,,,,,
1007651,2016,2016-06-13,Harare Sports Club,1,4.2,Zimbabwe,India,CJ Chibhabha,H Masakadza,BB Sran,0,1,,,,1,,,,,
1007651,2016,2016-06-13,Harare Sports Club,1,4.3,Zimbabwe,India,H Masakadza,CJ Chibhabha,BB Sran,0,0,,,,,,caught,H Masakadza,,
1007651,2016,2016-06-13,Harare Sports Club,1,4.4,Zimbabwe,India,PJ Moor,CJ Chibhabha,BB Sran,0,0,,,,,,,,,
1007651,2016,2016-06-13,Harare Sports Club,1,4.5,Zimbabwe,India,PJ Moor,CJ Chibhabha,BB Sran,1,0,,,,,,,,,
1007651,2016,2016-06-13,Harare Sports Club,1,4.6,Zimbabwe,India,CJ Chibhabha,PJ Moor,BB Sran,0,0,,,,,,,,,
1007651,2016,2016-06-13,Harare Sports Club,1,5.1,Zimbabwe,India,PJ Moor,CJ Chibhabha,DS Kulkarni,0,0,,,,,,,,,
1007651,2016,2016-06-13,Harare Sports Club,1,5.2,Zimbabwe,India,PJ Moor,CJ Chibhabha,DS Kulkarni,0,0,,,,,,,,,
1007651,2016,2016-06-13,Harare Sports Club,1,5.3,Zimbabwe,India,PJ Moor,CJ Chibhabha,DS Kulkarni,0,0,,,,,,,,,
1007651,2016,2016-06-13,Harare Sports Club,1,5.4,Zimbabwe,India,PJ Moor,CJ Chibhabha,DS Kulkarni,0,0,,,,,,,,,
1007651,2016,2016-06-13,Harare Sports Club,1,5.5,Zimbabwe,India,PJ Moor,CJ Chibhabha,DS Kulkarni,0,0,,,,,,,,,
1007651,2016,2016-06-13,Harare Sports Club,1,5.6,Zimbabwe,India,PJ Moor,CJ Chibhabha,DS Kulkarni,0,0,,,,,,,,,
1007651,2016,2016-06-13,Harare Sports Club,1,6.1,Zimbabwe,India,CJ Chibhabha,PJ Moor,BB Sran,1,0,,,,,,,,,
1007651,2016,2016-06-13,Harare Sports Club,1,6.2,Zimbabwe,India,PJ Moor,CJ Chibhabha,BB Sran,0,0,,,,,,lbw,PJ Moor,,
1007651,2016,2016-06-13,Harare Sports Club,1,6.3,Zimbabwe,India,V Sibanda,CJ Chibhabha,BB Sran,0,1,,,,1,,,,,
1007651,2016,2016-06-13,Harare Sports Club,1,6.4,Zimbabwe,India,CJ Chibhabha,V Sibanda,BB Sran,0,0,,,,,,,,,
1007651,2016,2016-06-13,Harare Sports Club,1,6.5,Zimbabwe,India,CJ Chibhabha,V Sibanda,BB Sran,0,0,,,,,,,,,
1007651,2016,2016-06-13,Harare Sports Club,1,6.6,Zimbabwe,India,CJ Chibhabha,V Sibanda,BB Sran,0,0,,,,,,,,,
1007651,2016,2016-06-13,Harare Sports Club,1,7.1,Zimbabwe,India,V Sibanda,CJ Chibhabha,DS Kulkarni,1,0,,,,,,,,,
1007651,2016,2016-06-13,Harare Sports Club,1,7.2,Zimbabwe,India,CJ Chibhabha,V Sibanda,DS Kulkarni,2,0,,,,,,,,,
1007651,2016,2016-06-13,Harare Sports Club,1,7.3,Zimbabwe,India,CJ Chibhabha,V Sibanda,DS Kulkarni,1,0,,,,,,,,,
1007651,2016,2016-06-13,Harare Sports Club,1,7.4,Zimbabwe,India,V Sibanda,CJ Chibhabha,DS Kulkarni,2,0,,,,,,,,,
1007651,2016,2016-06-13,Harare Sports Club,1,7.5,Zimbabwe,India,V Sibanda,CJ Chibhabha,DS Kulkarni,0,0,,,,,,,,,
1007651,2016,2016-06-13,Harare Sports Club,1,7.6,Zimbabwe,India,V Sibanda,CJ Chibhabha,DS Kulkarni,0,0,,,,,,,,,
1007651,2016,2016-06-13,Harare Sports Club,1,8.1,Zimbabwe,India,CJ Chibhabha,V Sibanda,BB Sran,3,0,,,,,,,,,
1007651,2016,2016-06-13,Harare Sports Club,1,8.2,Zimbabwe,India,V Sibanda,CJ Chibhabha,BB Sran,0,0,,,,,,,,,
1007651,2016,2016-06-13,Harare Sports Club,1,8.3,Zimbabwe,India,V Sibanda,CJ Chibhabha,BB Sran,0,0,,,,,,,,,
1007651,2016,2016-06-13,Harare Sports Club,1,8.4,Zimbabwe,India,V Sibanda,CJ Chibhabha,BB Sran,1,0,,,,,,,,,
1007651,2016,2016-06-13,Harare Sports Club,1,8.5,Zimbabwe,India,CJ Chibhabha,V Sibanda,BB Sran,2,0,,,,,,,,,
1007651,2016,2016-06-13,Harare Sports Club,1,8.6,Zimbabwe,India,CJ Chibhabha,V Sibanda,BB Sran,0,1,,,,1,,,,,
1007651,2016,2016-06-13,Harare Sports Club,1,9.1,Zimbabwe,India,CJ Chibhabha,V Sibanda,DS Kulkarni,0,0,,,,,,,,,
1007651,2016,2016-06-13,Harare Sports Club,1,9.2,Zimbabwe,India,CJ Chibhabha,V Sibanda,DS Kulkarni,2,0,,,,,,,,,
1007651,2016,2016-06-13,Harare Sports Club,1,9.3,Zimbabwe,India,CJ Chibhabha,V Sibanda,DS Kulkarni,2,0,,,,,,,,,
1007651,2016,2016-06-13,Harare Sports Club,1,9.4,Zimbabwe,India,CJ Chibhabha,V Sibanda,DS Kulkarni,0,0,,,,,,,,,
1007651,2016,2016-06-13,Harare Sports Club,1,9.5,Zimbabwe,India,CJ Chibhabha,V Sibanda,DS Kulkarni,0,0,,,,,,,,,
1007651,2016,2016-06-13,Harare Sports Club,1,9.6,Zimbabwe,India,CJ Chibhabha,V Sibanda,DS Kulkarni,0,0,,,,,,lbw,CJ Chibhabha,,
1007651,2016,2016-06-13,Harare Sports Club,1,10.1,Zimbabwe,India,V Sibanda,Sikandar Raza,BB Sran,0,0,,,,,,,,,
1007651,2016,2016-06-13,Harare Sports Club,1,10.2,Zimbabwe,India,V Sibanda,Sikandar Raza,BB Sran,0,0,,,,,,,,,
1007651,2016,2016-06-13,Harare Sports Club,1,10.3,Zimbabwe,India,V Sibanda,Sikandar Raza,BB Sran,4,0,,,,,,,,,
1007651,2016,2016-06-13,Harare Sports Club,1,10.4,Zimbabwe,India,V Sibanda,Sikandar Raza,BB Sran,0,0,,,,,,,,,
1007651,2016,2016-06-13,Harare Sports Club,1,10.5,Zimbabwe,India,V Sibanda,Sikandar Raza,BB Sran,0,0,,,,,,,,,
1007651,2016,2016-06-13,Harare Sports Club,1,10.6,Zimbabwe,India,V Sibanda,Sikandar Raza,BB Sran,0,0,,,,,,,,,
1007651,2016,2016-06-13,Harare Sports Club,1,11.1,Zimbabwe,India,Sikandar Raza,V Sibanda,DS Kulkarni,0,0,,,,,,,,,
1007651,2016,2016-06-13,Harare Sports Club,1,11.2,Zimbabwe,India,Sikandar Raza,V Sibanda,DS Kulkarni,1,0,,,,,,,,,
1007651,2016,2016-06-13,Harare Sports Club,1,11.3,Zimbabwe,India,V Sibanda,Sikandar Raza,DS Kulkarni,0,0,,,,,,,,,
1007651,2016,2016-06-13,Harare Sports Club,1,11.4,Zimbabwe,India,V Sibanda,Sikandar Raza,DS Kulkarni,0,0,,,,,,,,,
1007651,2016,2016-06-13,Harare Sports Club,1,11.5,Zimbabwe,India,V Sibanda,Sikandar Raza,DS Kulkarni,0,0,,,,,,,,,
1007651,2016,2016-06-13,Harare Sports Club,1,11.6,Zimbabwe,India,V Sibanda,Sikandar Raza,DS Kulkarni,2,0,,,,,,,,,
1007651,2016,2016-06-13,Harare Sports Club,1,12.1,Zimbabwe,India,Sikandar Raza,V Sibanda,JJ Bumrah,0,0,,,,,,,,,
1007651,2016,2016-06-13,Harare Sports Club,1,12.2,Zimbabwe,India,Sikandar Raza,V Sibanda,JJ Bumrah,0,0,,,,,,,,,
1007651,2016,2016-06-13,Harare Sports Club,1,12.3,Zimbabwe,India,Sikandar Raza,V Sibanda,JJ Bumrah,0,0,,,,,,,,,
1007651,2016,2016-06-13,Harare Sports Club,1,12.4,Zimbabwe,India,Sikandar Raza,V Sibanda,JJ Bumrah,0,0,,,,,,,,,
1007651,2016,2016-06-13,Harare Sports Club,1,12.5,Zimbabwe,India,Sikandar Raza,V Sibanda,JJ Bumrah,0,1,1,,,,,,,,
1007651,2016,2016-06-13,Harare Sports Club,1,12.6,Zimbabwe,India,Sikandar Raza,V Sibanda,JJ Bumrah,0,0,,,,,,,,,
1007651,2016,2016-06-13,Harare Sports Club,1,12.7,Zimbabwe,India,Sikandar Raza,V Sibanda,JJ Bumrah,0,0,,,,,,,,,
1007651,2016,2016-06-13,Harare Sports Club,1,13.1,Zimbabwe,India,V Sibanda,Sikandar Raza,AR Patel,1,0,,,,,,,,,
1007651,2016,2016-06-13,Harare Sports Club,1,13.2,Zimbabwe,India,Sikandar Raza,V Sibanda,AR Patel,1,0,,,,,,,,,
1007651,2016,2016-06-13,Harare Sports Club,1,13.3,Zimbabwe,India,V Sibanda,Sikandar Raza,AR Patel,0,0,,,,,,,,,
1007651,2016,2016-06-13,Harare Sports Club,1,13.4,Zimbabwe,India,V Sibanda,Sikandar Raza,AR Patel,1,0,,,,,,,,,
1007651,2016,2016-06-13,Harare Sports Club,1,13.5,Zimbabwe,India,Sikandar Raza,V Sibanda,AR Patel,0,0,,,,,,,,,
1007651,2016,2016-06-13,Harare Sports Club,1,13.6,Zimbabwe,India,Sikandar Raza,V Sibanda,AR Patel,0,0,,,,,,,,,
1007651,2016,2016-06-13,Harare Sports Club,1,14.1,Zimbabwe,India,V Sibanda,Sikandar Raza,JJ Bumrah,4,0,,,,,,,,,
1007651,2016,2016-06-13,Harare Sports Club,1,14.2,Zimbabwe,India,V Sibanda,Sikandar Raza,JJ Bumrah,2,0,,,,,,,,,
1007651,2016,2016-06-13,Harare Sports Club,1,14.3,Zimbabwe,India,V Sibanda,Sikandar Raza,JJ Bumrah,0,1,1,,,,,,,,
1007651,2016,2016-06-13,Harare Sports Club,1,14.4,Zimbabwe,India,V Sibanda,Sikandar Raza,JJ Bumrah,4,0,,,,,,,,,
1007651,2016,2016-06-13,Harare Sports Club,1,14.5,Zimbabwe,India,V Sibanda,Sikandar Raza,JJ Bumrah,0,0,,,,,,,,,
1007651,2016,2016-06-13,Harare Sports Club,1,14.6,Zimbabwe,India,V Sibanda,Sikandar Raza,JJ Bumrah,0,0,,,,,,,,,
1007651,2016,2016-06-13,Harare Sports Club,1,14.7,Zimbabwe,India,V Sibanda,Sikandar Raza,JJ Bumrah,0,0,,,,,,,,,
1007651,2016,2016-06-13,Harare Sports Club,1,15.1,Zimbabwe,India,Sikandar Raza,V Sibanda,AR Patel,1,0,,,,,,,,,
1007651,2016,2016-06-13,Harare Sports Club,1,15.2,Zimbabwe,India,V Sibanda,Sikandar Raza,AR Patel,0,0,,,,,,,,,
1007651,2016,2016-06-13,Harare Sports Club,1,15.3,Zimbabwe,India,V Sibanda,Sikandar Raza,AR Patel,1,0,,,,,,,,,
1007651,2016,2016-06-13,Harare Sports Club,1,15.4,Zimbabwe,India,Sikandar Raza,V Sibanda,AR Patel,1,0,,,,,,,,,
1007651,2016,2016-06-13,Harare Sports Club,1,15.5,Zimbabwe,India,V Sibanda,Sikandar Raza,AR Patel,0,0,,,,,,,,,
1007651,2016,2016-06-13,Harare Sports Club,1,15.6,Zimbabwe,India,V Sibanda,Sikandar Raza,AR Patel,0,0,,,,,,,,,
1007651,2016,2016-06-13,Harare Sports Club,1,16.1,Zimbabwe,India,Sikandar Raza,V Sibanda,JJ Bumrah,0,0,,,,,,,,,
1007651,2016,2016-06-13,Harare Sports Club,1,16.2,Zimbabwe,India,Sikandar Raza,V Sibanda,JJ Bumrah,0,0,,,,,,,,,
1007651,2016,2016-06-13,Harare Sports Club,1,16.3,Zimbabwe,India,Sikandar Raza,V Sibanda,JJ Bumrah,0,0,,,,,,,,,
1007651,2016,2016-06-13,Harare Sports Club,1,16.4,Zimbabwe,India,Sikandar Raza,V Sibanda,JJ Bumrah,0,0,,,,,,,,,
1007651,2016,2016-06-13,Harare Sports Club,1,16.5,Zimbabwe,India,Sikandar Raza,V Sibanda,JJ Bumrah,0,0,,,,,,,,,
1007651,2016,2016-06-13,Harare Sports Club,1,16.6,Zimbabwe,India,Sikandar Raza,V Sibanda,JJ Bumrah,2,0,,,,,,,,,
1007651,2016,2016-06-13,Harare Sports Club,1,17.1,Zimbabwe,India,V Sibanda,Sikandar Raza,YS Chahal,0,0,,,,,,,,,
1007651,2016,2016-06-13,Harare Sports Club,1,17.2,Zimbabwe,India,V Sibanda,Sikandar Raza,YS Chahal,1,0,,,,,,,,,
1007651,2016,2016-06-13,Harare Sports Club,1,17.3,Zimbabwe,India,Sikandar Raza,V Sibanda,YS Chahal,1,0,,,,,,,,,
1007651,2016,2016-06-13,Harare Sports Club,1,17.4,Zimbabwe,India,V Sibanda,Sikandar Raza,YS Chahal,0,0,,,,,,,,,
1007651,2016,2016-06-13,Harare Sports Club,1,17.5,Zimbabwe,India,V Sibanda,Sikandar Raza,YS Chahal,6,0,,,,,,,,,
1007651,2016,2016-06-13,Harare Sports Club,1,17.6,Zimbabwe,India,V Sibanda,Sikandar Raza,YS Chahal,2,0,,,,,,,,,
1007651,2016,2016-06-13,Harare Sports Club,1,18.1,Zimbabwe,India,Sikandar Raza,V Sibanda,JJ Bumrah,0,0,,,,,,,,,
1007651,2016,2016-06-13,Harare Sports Club,1,18.2,Zimbabwe,India,Sikandar Raza,V Sibanda,JJ Bumrah,0,0,,,,,,,,,
1007651,2016,2016-06-13,Harare Sports Club,1,18.3,Zimbabwe,India,Sikandar Raza,V Sibanda,JJ Bumrah,0,0,,,,,,,,,
1007651,2016,2016-06-13,Harare Sports Club,1,18.4,Zimbabwe,India,Sikandar Raza,V Sibanda,JJ Bumrah,4,0,,,,,,,,,
1007651,2016,2016-06-13,Harare Sports Club,1,18.5,Zimbabwe,India,Sikandar Raza,V Sibanda,JJ Bumrah,0,0,,,,,,,,,
1007651,2016,2016-06-13,Harare Sports Club,1,18.6,Zimbabwe,India,Sikandar Raza,V Sibanda,JJ Bumrah,0,0,,,,,,,,,
1007651,2016,2016-06-13,Harare Sports Club,1,19.1,Zimbabwe,India,V Sibanda,Sikandar Raza,YS Chahal,0,0,,,,,,,,,
1007651,2016,2016-06-13,Harare Sports Club,1,19.2,Zimbabwe,India,V Sibanda,Sikandar Raza,YS Chahal,2,0,,,,,,,,,
1007651,2016,2016-06-13,Harare Sports Club,1,19.3,Zimbabwe,India,V Sibanda,Sikandar Raza,YS Chahal,1,1,,1,,,,,,,
1007651,2016,2016-06-13,Harare Sports Club,1,19.4,Zimbabwe,India,Sikandar Raza,V Sibanda,YS Chahal,1,0,,,,,,,,,
1007651,2016,2016-06-13,Harare Sports Club,1,19.5,Zimbabwe,India,V Sibanda,Sikandar Raza,YS Chahal,1,0,,,,,,,,,
1007651,2016,2016-06-13,Harare Sports Club,1,19.6,Zimbabwe,India,Sikandar Raza,V Sibanda,YS Chahal,1,0,,,,,,,,,
1007651,2016,2016-06-13,Harare Sports Club,1,19.7,Zimbabwe,India,V Sibanda,Sikandar Raza,YS Chahal,0,0,,,,,,,,,
1007651,2016,2016-06-13,Harare Sports Club,1,20.1,Zimbabwe,India,Sikandar Raza,V Sibanda,AR Patel,0,0,,,,,,,,,
1007651,2016,2016-06-13,Harare Sports Club,1,20.2,Zimbabwe,India,Sikandar Raza,V Sibanda,AR Patel,0,0,,,,,,,,,
1007651,2016,2016-06-13,Harare Sports Club,1,20.3,Zimbabwe,India,Sikandar Raza,V Sibanda,AR Patel,0,0,,,,,,,,,
1007651,2016,2016-06-13,Harare Sports Club,1,20.4,Zimbabwe,India,Sikandar Raza,V Sibanda,AR Patel,2,0,,,,,,,,,
1007651,2016,2016-06-13,Harare Sports Club,1,20.5,Zimbabwe,India,Sikandar Raza,V Sibanda,AR Patel,0,0,,,,,,,,,
1007651,2016,2016-06-13,Harare Sports Club,1,20.6,Zimbabwe,India,Sikandar Raza,V Sibanda,AR Patel,0,0,,,,,,,,,
1007651,2016,2016-06-13,Harare Sports Club,1,21.1,Zimbabwe,India,V Sibanda,Sikandar Raza,YS Chahal,0,0,,,,,,,,,
1007651,2016,2016-06-13,Harare Sports Club,1,21.2,Zimbabwe,India,V Sibanda,Sikandar Raza,YS Chahal,0,0,,,,,,,,,
1007651,2016,2016-06-13,Harare Sports Club,1,21.3,Zimbabwe,India,V Sibanda,Sikandar Raza,YS Chahal,0,0,,,,,,,,,
1007651,2016,2016-06-13,Harare Sports Club,1,21.4,Zimbabwe,India,V Sibanda,Sikandar Raza,YS Chahal,4,0,,,,,,,,,
1007651,2016,2016-06-13,Harare Sports Club,1,21.5,Zimbabwe,India,V Sibanda,Sikandar Raza,YS Chahal,0,0,,,,,,,,,
1007651,2016,2016-06-13,Harare Sports Club,1,21.6,Zimbabwe,India,V Sibanda,Sikandar Raza,YS Chahal,1,0,,,,,,,,,
1007651,2016,2016-06-13,Harare Sports Club,1,22.1,Zimbabwe,India,V Sibanda,Sikandar Raza,AR Patel,4,0,,,,,,,,,
1007651,2016,2016-06-13,Harare Sports Club,1,22.2,Zimbabwe,India,V Sibanda,Sikandar Raza,AR Patel,0,0,,,,,,,,,
1007651,2016,2016-06-13,Harare Sports Club,1,22.3,Zimbabwe,India,V Sibanda,Sikandar Raza,AR Patel,0,0,,,,,,,,,
1007651,2016,2016-06-13,Harare Sports Club,1,22.4,Zimbabwe,India,V Sibanda,Sikandar Raza,AR Patel,1,0,,,,,,,,,
1007651,2016,2016-06-13,Harare Sports Club,1,22.5,Zimbabwe,India,Sikandar Raza,V Sibanda,AR Patel,0,0,,,,,,,,,
1007651,2016,2016-06-13,Harare Sports Club,1,22.6,Zimbabwe,India,Sikandar Raza,V Sibanda,AR Patel,0,0,,,,,,,,,
1007651,2016,2016-06-13,Harare Sports Club,1,23.1,Zimbabwe,India,V Sibanda,Sikandar Raza,YS Chahal,0,0,,,,,,,,,
1007651,2016,2016-06-13,Harare Sports Club,1,23.2,Zimbabwe,India,V Sibanda,Sikandar Raza,YS Chahal,1,0,,,,,,,,,
1007651,2016,2016-06-13,Harare Sports Club,1,23.3,Zimbabwe,India,Sikandar Raza,V Sibanda,YS Chahal,0,0,,,,,,,,,
1007651,2016,2016-06-13,Harare Sports Club,1,23.4,Zimbabwe,India,Sikandar Raza,V Sibanda,YS Chahal,0,0,,,,,,,,,
1007651,2016,2016-06-13,Harare Sports Club,1,23.5,Zimbabwe,India,Sikandar Raza,V Sibanda,YS Chahal,1,0,,,,,,,,,
1007651,2016,2016-06-13,Harare Sports Club,1,23.6,Zimbabwe,India,V Sibanda,Sikandar Raza,YS Chahal,1,0,,,,,,,,,
1007651,2016,2016-06-13,Harare Sports Club,1,24.1,Zimbabwe,India,V Sibanda,Sikandar Raza,AR Patel,0,0,,,,,,,,,
1007651,2016,2016-06-13,Harare Sports Club,1,24.2,Zimbabwe,India,V Sibanda,Sikandar Raza,AR Patel,0,0,,,,,,,,,
1007651,2016,2016-06-13,Harare Sports Club,1,24.3,Zimbabwe,India,V Sibanda,Sikandar Raza,AR Patel,0,0,,,,,,,,,
1007651,2016,2016-06-13,Harare Sports Club,1,24.4,Zimbabwe,India,V Sibanda,Sikandar Raza,AR Patel,4,0,,,,,,,,,
1007651,2016,2016-06-13,Harare Sports Club,1,24.5,Zimbabwe,India,V Sibanda,Sikandar Raza,AR Patel,0,0,,,,,,,,,
1007651,2016,2016-06-13,Harare Sports Club,1,24.6,Zimbabwe,India,V Sibanda,Sikandar Raza,AR Patel,0,0,,,,,,,,,
1007651,2016,2016-06-13,Harare Sports Club,1,25.1,Zimbabwe,India,Sikandar Raza,V Sibanda,YS Chahal,0,0,,,,,,,,,
1007651,2016,2016-06-13,Harare Sports Club,1,25.2,Zimbabwe,India,Sikandar Raza,V Sibanda,YS Chahal,0,0,,,,,,caught,Sikandar Raza,,
1007651,2016,2016-06-13,Harare Sports Club,1,25.3,Zimbabwe,India,E Chigumbura,V Sibanda,YS Chahal,0,0,,,,,,lbw,E Chigumbura,,
1007651,2016,2016-06-13,Harare Sports Club,1,25.4,Zimbabwe,India,R Mutumbami,V Sibanda,YS Chahal,0,0,,,,,,,,,
1007651,2016,2016-06-13,Harare Sports Club,1,25.5,Zimbabwe,India,R Mutumbami,V Sibanda,YS Chahal,0,0,,,,,,,,,
1007651,2016,2016-06-13,Harare Sports Club,1,25.6,Zimbabwe,India,R Mutumbami,V Sibanda,YS Chahal,0,0,,,,,,,,,
1007651,2016,2016-06-13,Harare Sports Club,1,26.1,Zimbabwe,India,V Sibanda,R Mutumbami,AR Patel,0,0,,,,,,,,,
1007651,2016,2016-06-13,Harare Sports Club,1,26.2,Zimbabwe,India,V Sibanda,R Mutumbami,AR Patel,0,0,,,,,,,,,
1007651,2016,2016-06-13,Harare Sports Club,1,26.3,Zimbabwe,India,V Sibanda,R Mutumbami,AR Patel,0,0,,,,,,,,,
1007651,2016,2016-06-13,Harare Sports Club,1,26.4,Zimbabwe,India,V Sibanda,R Mutumbami,AR Patel,0,0,,,,,,,,,
1007651,2016,2016-06-13,Harare Sports Club,1,26.5,Zimbabwe,India,V Sibanda,R Mutumbami,AR Patel,1,0,,,,,,,,,
1007651,2016,2016-06-13,Harare Sports Club,1,26.6,Zimbabwe,India,R Mutumbami,V Sibanda,AR Patel,0,0,,,,,,,,,
1007651,2016,2016-06-13,Harare Sports Club,1,27.1,Zimbabwe,India,V Sibanda,R Mutumbami,YS Chahal,0,0,,,,,,,,,
1007651,2016,2016-06-13,Harare Sports Club,1,27.2,Zimbabwe,India,V Sibanda,R Mutumbami,YS Chahal,0,0,,,,,,,,,
1007651,2016,2016-06-13,Harare Sports Club,1,27.3,Zimbabwe,India,V Sibanda,R Mutumbami,YS Chahal,0,0,,,,,,,,,
1007651,2016,2016-06-13,Harare Sports Club,1,27.4,Zimbabwe,India,V Sibanda,R Mutumbami,YS Chahal,0,0,,,,,,caught,V Sibanda,,
1007651,2016,2016-06-13,Harare Sports Club,1,27.5,Zimbabwe,India,R Mutumbami,AG Cremer,YS Chahal,0,0,,,,,,,,,
1007651,2016,2016-06-13,Harare Sports Club,1,27.6,Zimbabwe,India,R Mutumbami,AG Cremer,YS Chahal,0,0,,,,,,,,,
1007651,2016,2016-06-13,Harare Sports Club,1,28.1,Zimbabwe,India,AG Cremer,R Mutumbami,AR Patel,1,0,,,,,,,,,
1007651,2016,2016-06-13,Harare Sports Club,1,28.2,Zimbabwe,India,R Mutumbami,AG Cremer,AR Patel,0,0,,,,,,,,,
1007651,2016,2016-06-13,Harare Sports Club,1,28.3,Zimbabwe,India,R Mutumbami,AG Cremer,AR Patel,1,0,,,,,,,,,
1007651,2016,2016-06-13,Harare Sports Club,1,28.4,Zimbabwe,India,AG Cremer,R Mutumbami,AR Patel,0,0,,,,,,,,,
1007651,2016,2016-06-13,Harare Sports Club,1,28.5,Zimbabwe,India,AG Cremer,R Mutumbami,AR Patel,0,0,,,,,,,,,
1007651,2016,2016-06-13,Harare Sports Club,1,28.6,Zimbabwe,India,AG Cremer,R Mutumbami,AR Patel,0,0,,,,,,,,,
1007651,2016,2016-06-13,Harare Sports Club,1,29.1,Zimbabwe,India,R Mutumbami,AG Cremer,DS Kulkarni,0,0,,,,,,,,,
1007651,2016,2016-06-13,Harare Sports Club,1,29.2,Zimbabwe,India,R Mutumbami,AG Cremer,DS Kulkarni,0,0,,,,,,,,,
1007651,2016,2016-06-13,Harare Sports Club,1,29.3,Zimbabwe,India,R Mutumbami,AG Cremer,DS Kulkarni,0,0,,,,,,,,,
1007651,2016,2016-06-13,Harare Sports Club,1,29.4,Zimbabwe,India,R Mutumbami,AG Cremer,DS Kulkarni,0,0,,,,,,,,,
1007651,2016,2016-06-13,Harare Sports Club,1,29.5,Zimbabwe,India,R Mutumbami,AG Cremer,DS Kulkarni,1,0,,,,,,,,,
1007651,2016,2016-06-13,Harare Sports Club,1,29.6,Zimbabwe,India,AG Cremer,R Mutumbami,DS Kulkarni,0,1,,,,1,,,,,
1007651,2016,2016-06-13,Harare Sports Club,1,30.1,Zimbabwe,India,AG Cremer,R Mutumbami,JJ Bumrah,1,0,,,,,,,,,
1007651,2016,2016-06-13,Harare Sports Club,1,30.2,Zimbabwe,India,R Mutumbami,AG Cremer,JJ Bumrah,0,0,,,,,,caught,R Mutumbami,,
1007651,2016,2016-06-13,Harare Sports Club,1,30.3,Zimbabwe,India,TL Chatara,AG Cremer,JJ Bumrah,0,0,,,,,,,,,
1007651,2016,2016-06-13,Harare Sports Club,1,30.4,Zimbabwe,India,TL Chatara,AG Cremer,JJ Bumrah,2,0,,,,,,,,,
1007651,2016,2016-06-13,Harare Sports Club,1,30.5,Zimbabwe,India,TL Chatara,AG Cremer,JJ Bumrah,0,0,,,,,,,,,
1007651,2016,2016-06-13,Harare Sports Club,1,30.6,Zimbabwe,India,TL Chatara,AG Cremer,JJ Bumrah,0,0,,,,,,,,,
1007651,2016,2016-06-13,Harare Sports Club,1,31.1,Zimbabwe,India,AG Cremer,TL Chatara,DS Kulkarni,0,0,,,,,,,,,
1007651,2016,2016-06-13,Harare Sports Club,1,31.2,Zimbabwe,India,AG Cremer,TL Chatara,DS Kulkarni,1,0,,,,,,,,,
1007651,2016,2016-06-13,Harare Sports Club,1,31.3,Zimbabwe,India,TL Chatara,AG Cremer,DS Kulkarni,0,0,,,,,,,,,
1007651,2016,2016-06-13,Harare Sports Club,1,31.4,Zimbabwe,India,TL Chatara,AG Cremer,DS Kulkarni,0,0,,,,,,bowled,TL Chatara,,
1007651,2016,2016-06-13,Harare Sports Club,1,31.5,Zimbabwe,India,T Muzarabani,AG Cremer,DS Kulkarni,0,0,,,,,,,,,
1007651,2016,2016-06-13,Harare Sports Club,1,31.6,Zimbabwe,India,T Muzarabani,AG Cremer,DS Kulkarni,0,0,,,,,,,,,
1007651,2016,2016-06-13,Harare Sports Club,1,32.1,Zimbabwe,India,AG Cremer,T Muzarabani,JJ Bumrah,0,0,,,,,,,,,
1007651,2016,2016-06-13,Harare Sports Club,1,32.2,Zimbabwe,India,AG Cremer,T Muzarabani,JJ Bumrah,0,0,,,,,,,,,
1007651,2016,2016-06-13,Harare Sports Club,1,32.3,Zimbabwe,India,AG Cremer,T Muzarabani,JJ Bumrah,0,1,1,,,,,,,,
1007651,2016,2016-06-13,Harare Sports Club,1,32.4,Zimbabwe,India,AG Cremer,T Muzarabani,JJ Bumrah,0,0,,,,,,,,,
1007651,2016,2016-06-13,Harare Sports Club,1,32.5,Zimbabwe,India,AG Cremer,T Muzarabani,JJ Bumrah,1,0,,,,,,,,,
1007651,2016,2016-06-13,Harare Sports Club,1,32.6,Zimbabwe,India,T Muzarabani,AG Cremer,JJ Bumrah,4,0,,,,,,,,,
1007651,2016,2016-06-13,Harare Sports Club,1,32.7,Zimbabwe,India,T Muzarabani,AG Cremer,JJ Bumrah,0,0,,,,,,,,,
1007651,2016,2016-06-13,Harare Sports Club,1,33.1,Zimbabwe,India,AG Cremer,T Muzarabani,DS Kulkarni,1,0,,,,,,,,,
1007651,2016,2016-06-13,Harare Sports Club,1,33.2,Zimbabwe,India,T Muzarabani,AG Cremer,DS Kulkarni,1,0,,,,,,,,,
1007651,2016,2016-06-13,Harare Sports Club,1,33.3,Zimbabwe,India,AG Cremer,T Muzarabani,DS Kulkarni,1,0,,,,,,,,,
1007651,2016,2016-06-13,Harare Sports Club,1,33.4,Zimbabwe,India,T Muzarabani,AG Cremer,DS Kulkarni,0,0,,,,,,,,,
1007651,2016,2016-06-13,Harare Sports Club,1,33.5,Zimbabwe,India,T Muzarabani,AG Cremer,DS Kulkarni,0,0,,,,,,,,,
1007651,2016,2016-06-13,Harare Sports Club,1,33.6,Zimbabwe,India,T Muzarabani,AG Cremer,DS Kulkarni,0,0,,,,,,,,,
1007651,2016,2016-06-13,Harare Sports Club,1,34.1,Zimbabwe,India,AG Cremer,T Muzarabani,AR Patel,0,1,1,,,,,,,,
1007651,2016,2016-06-13,Harare Sports Club,1,34.2,Zimbabwe,India,AG Cremer,T Muzarabani,AR Patel,1,0,,,,,,,,,
1007651,2016,2016-06-13,Harare Sports Club,1,34.3,Zimbabwe,India,T Muzarabani,AG Cremer,AR Patel,0,0,,,,,,,,,
1007651,2016,2016-06-13,Harare Sports Club,1,34.4,Zimbabwe,India,T Muzarabani,AG Cremer,AR Patel,0,0,,,,,,lbw,T Muzarabani,,
1007651,2016,2016-06-13,Harare Sports Club,2,0.1,India,Zimbabwe,KL Rahul,KK Nair,TL Chatara,0,0,,,,,,,,,
1007651,2016,2016-06-13,Harare Sports Club,2,0.2,India,Zimbabwe,KL Rahul,KK Nair,TL Chatara,0,0,,,,,,,,,
1007651,2016,2016-06-13,Harare Sports Club,2,0.3,India,Zimbabwe,KL Rahul,KK Nair,TL Chatara,0,0,,,,,,,,,
1007651,2016,2016-06-13,Harare Sports Club,2,0.4,India,Zimbabwe,KL Rahul,KK Nair,TL Chatara,0,0,,,,,,,,,
1007651,2016,2016-06-13,Harare Sports Club,2,0.5,India,Zimbabwe,KL Rahul,KK Nair,TL Chatara,0,0,,,,,,,,,
1007651,2016,2016-06-13,Harare Sports Club,2,0.6,India,Zimbabwe,KL Rahul,KK Nair,TL Chatara,0,0,,,,,,,,,
1007651,2016,2016-06-13,Harare Sports Club,2,1.1,India,Zimbabwe,KK Nair,KL Rahul,T Muzarabani,1,0,,,,,,,,,
1007651,2016,2016-06-13,Harare Sports Club,2,1.2,India,Zimbabwe,KL Rahul,KK Nair,T Muzarabani,3,0,,,,,,,,,
1007651,2016,2016-06-13,Harare Sports Club,2,1.3,India,Zimbabwe,KK Nair,KL Rahul,T Muzarabani,1,0,,,,,,,,,
1007651,2016,2016-06-13,Harare Sports Club,2,1.4,India,Zimbabwe,KL Rahul,KK Nair,T Muzarabani,0,0,,,,,,,,,
1007651,2016,2016-06-13,Harare Sports Club,2,1.5,India,Zimbabwe,KL Rahul,KK Nair,T Muzarabani,4,0,,,,,,,,,
1007651,2016,2016-06-13,Harare Sports Club,2,1.6,India,Zimbabwe,KL Rahul,KK Nair,T Muzarabani,0,0,,,,,,,,,
1007651,2016,2016-06-13,Harare Sports Club,2,2.1,India,Zimbabwe,KK Nair,KL Rahul,TL Chatara,0,0,,,,,,,,,
1007651,2016,2016-06-13,Harare Sports Club,2,2.2,India,Zimbabwe,KK Nair,KL Rahul,TL Chatara,0,0,,,,,,,,,
1007651,2016,2016-06-13,Harare Sports Club,2,2.3,India,Zimbabwe,KK Nair,KL Rahul,TL Chatara,0,0,,,,,,,,,
1007651,2016,2016-06-13,Harare Sports Club,2,2.4,India,Zimbabwe,KK Nair,KL Rahul,TL Chatara,0,0,,,,,,,,,
1007651,2016,2016-06-13,Harare Sports Club,2,2.5,India,Zimbabwe,KK Nair,KL Rahul,TL Chatara,4,0,,,,,,,,,
1007651,2016,2016-06-13,Harare Sports Club,2,2.6,India,Zimbabwe,KK Nair,KL Rahul,TL Chatara,0,0,,,,,,,,,
1007651,2016,2016-06-13,Harare Sports Club,2,3.1,India,Zimbabwe,KL Rahul,KK Nair,T Muzarabani,0,0,,,,,,,,,
1007651,2016,2016-06-13,Harare Sports Club,2,3.2,India,Zimbabwe,KL Rahul,KK Nair,T Muzarabani,4,0,,,,,,,,,
1007651,2016,2016-06-13,Harare Sports Club,2,3.3,India,Zimbabwe,KL Rahul,KK Nair,T Muzarabani,0,0,,,,,,,,,
1007651,2016,2016-06-13,Harare Sports Club,2,3.4,India,Zimbabwe,KL Rahul,KK Nair,T Muzarabani,0,0,,,,,,,,,
1007651,2016,2016-06-13,Harare Sports Club,2,3.5,India,Zimbabwe,KL Rahul,KK Nair,T Muzarabani,0,0,,,,,,,,,
1007651,2016,2016-06-13,Harare Sports Club,2,3.6,India,Zimbabwe,KL Rahul,KK Nair,T Muzarabani,0,0,,,,,,,,,
1007651,2016,2016-06-13,Harare Sports Club,2,4.1,India,Zimbabwe,KK Nair,KL Rahul,TL Chatara,0,0,,,,,,,,,
1007651,2016,2016-06-13,Harare Sports Club,2,4.2,India,Zimbabwe,KK Nair,KL Rahul,TL Chatara,4,0,,,,,,,,,
1007651,2016,2016-06-13,Harare Sports Club,2,4.3,India,Zimbabwe,KK Nair,KL Rahul,TL Chatara,0,0,,,,,,,,,
1007651,2016,2016-06-13,Harare Sports Club,2,4.4,India,Zimbabwe,KK Nair,KL Rahul,TL Chatara,0,1,1,,,,,,,,
1007651,2016,2016-06-13,Harare Sports Club,2,4.5,India,Zimbabwe,KK Nair,KL Rahul,TL Chatara,0,1,,1,,,,,,,
1007651,2016,2016-06-13,Harare Sports Club,2,4.6,India,Zimbabwe,KK Nair,KL Rahul,TL Chatara,4,0,,,,,,,,,
1007651,2016,2016-06-13,Harare Sports Club,2,4.7,India,Zimbabwe,KK Nair,KL Rahul,TL Chatara,1,0,,,,,,,,,
1007651,2016,2016-06-13,Harare Sports Club,2,4.8,India,Zimbabwe,KL Rahul,KK Nair,TL Chatara,0,0,,,,,,,,,
1007651,2016,2016-06-13,Harare Sports Club,2,5.1,India,Zimbabwe,KK Nair,KL Rahul,T Muzarabani,0,0,,,,,,,,,
1007651,2016,2016-06-13,Harare Sports Club,2,5.2,India,Zimbabwe,KK Nair,KL Rahul,T Muzarabani,0,0,,,,,,,,,
1007651,2016,2016-06-13,Harare Sports Club,2,5.3,India,Zimbabwe,KK Nair,KL Rahul,T Muzarabani,0,0,,,,,,,,,
1007651,2016,2016-06-13,Harare Sports Club,2,5.4,India,Zimbabwe,KK Nair,KL Rahul,T Muzarabani,0,0,,,,,,,,,
1007651,2016,2016-06-13,Harare Sports Club,2,5.5,India,Zimbabwe,KK Nair,KL Rahul,T Muzarabani,0,0,,,,,,,,,
1007651,2016,2016-06-13,Harare Sports Club,2,5.6,India,Zimbabwe,KK Nair,KL Rahul,T Muzarabani,0,0,,,,,,,,,
1007651,2016,2016-06-13,Harare Sports Club,2,6.1,India,Zimbabwe,KL Rahul,KK Nair,CJ Chibhabha,1,0,,,,,,,,,
1007651,2016,2016-06-13,Harare Sports Club,2,6.2,India,Zimbabwe,KK Nair,KL Rahul,CJ Chibhabha,0,0,,,,,,,,,
1007651,2016,2016-06-13,Harare Sports Club,2,6.3,India,Zimbabwe,KK Nair,KL Rahul,CJ Chibhabha,0,0,,,,,,,,,
1007651,2016,2016-06-13,Harare Sports Club,2,6.4,India,Zimbabwe,KK Nair,KL Rahul,CJ Chibhabha,0,0,,,,,,,,,
1007651,2016,2016-06-13,Harare Sports Club,2,6.5,India,Zimbabwe,KK Nair,KL Rahul,CJ Chibhabha,0,0,,,,,,,,,
1007651,2016,2016-06-13,Harare Sports Club,2,6.6,India,Zimbabwe,KK Nair,KL Rahul,CJ Chibhabha,0,0,,,,,,,,,
1007651,2016,2016-06-13,Harare Sports Club,2,7.1,India,Zimbabwe,KL Rahul,KK Nair,TL Chatara,0,0,,,,,,,,,
1007651,2016,2016-06-13,Harare Sports Club,2,7.2,India,Zimbabwe,KL Rahul,KK Nair,TL Chatara,4,0,,,,,,,,,
1007651,2016,2016-06-13,Harare Sports Club,2,7.3,India,Zimbabwe,KL Rahul,KK Nair,TL Chatara,0,0,,,,,,,,,
1007651,2016,2016-06-13,Harare Sports Club,2,7.4,India,Zimbabwe,KL Rahul,KK Nair,TL Chatara,0,0,,,,,,,,,
1007651,2016,2016-06-13,Harare Sports Club,2,7.5,India,Zimbabwe,KL Rahul,KK Nair,TL Chatara,0,0,,,,,,,,,
1007651,2016,2016-06-13,Harare Sports Club,2,7.6,India,Zimbabwe,KL Rahul,KK Nair,TL Chatara,4,0,,,,,,,,,
1007651,2016,2016-06-13,Harare Sports Club,2,8.1,India,Zimbabwe,KK Nair,KL Rahul,CJ Chibhabha,1,0,,,,,,,,,
1007651,2016,2016-06-13,Harare Sports Club,2,8.2,India,Zimbabwe,KL Rahul,KK Nair,CJ Chibhabha,0,0,,,,,,,,,
1007651,2016,2016-06-13,Harare Sports Club,2,8.3,India,Zimbabwe,KL Rahul,KK Nair,CJ Chibhabha,0,0,,,,,,,,,
1007651,2016,2016-06-13,Harare Sports Club,2,8.4,India,Zimbabwe,KL Rahul,KK Nair,CJ Chibhabha,1,0,,,,,,,,,
1007651,2016,2016-06-13,Harare Sports Club,2,8.5,India,Zimbabwe,KK Nair,KL Rahul,CJ Chibhabha,0,0,,,,,,,,,
1007651,2016,2016-06-13,Harare Sports Club,2,8.6,India,Zimbabwe,KK Nair,KL Rahul,CJ Chibhabha,0,0,,,,,,,,,
1007651,2016,2016-06-13,Harare Sports Club,2,9.1,India,Zimbabwe,KL Rahul,KK Nair,TL Chatara,0,0,,,,,,,,,
1007651,2016,2016-06-13,Harare Sports Club,2,9.2,India,Zimbabwe,KL Rahul,KK Nair,TL Chatara,1,0,,,,,,,,,
1007651,2016,2016-06-13,Harare Sports Club,2,9.3,India,Zimbabwe,KK Nair,KL Rahul,TL Chatara,2,0,,,,,,,,,
1007651,2016,2016-06-13,Harare Sports Club,2,9.4,India,Zimbabwe,KK Nair,KL Rahul,TL Chatara,0,0,,,,,,,,,
1007651,2016,2016-06-13,Harare Sports Club,2,9.5,India,Zimbabwe,KK Nair,KL Rahul,TL Chatara,0,0,,,,,,,,,
1007651,2016,2016-06-13,Harare Sports Club,2,9.6,India,Zimbabwe,KK Nair,KL Rahul,TL Chatara,0,0,,,,,,,,,
1007651,2016,2016-06-13,Harare Sports Club,2,10.1,India,Zimbabwe,KL Rahul,KK Nair,CJ Chibhabha,0,0,,,,,,,,,
1007651,2016,2016-06-13,Harare Sports Club,2,10.2,India,Zimbabwe,KL Rahul,KK Nair,CJ Chibhabha,0,0,,,,,,,,,
1007651,2016,2016-06-13,Harare Sports Club,2,10.3,India,Zimbabwe,KL Rahul,KK Nair,CJ Chibhabha,1,0,,,,,,,,,
1007651,2016,2016-06-13,Harare Sports Club,2,10.4,India,Zimbabwe,KK Nair,KL Rahul,CJ Chibhabha,2,0,,,,,,,,,
1007651,2016,2016-06-13,Harare Sports Club,2,10.5,India,Zimbabwe,KK Nair,KL Rahul,CJ Chibhabha,0,0,,,,,,,,,
1007651,2016,2016-06-13,Harare Sports Club,2,10.6,India,Zimbabwe,KK Nair,KL Rahul,CJ Chibhabha,0,0,,,,,,,,,
1007651,2016,2016-06-13,Harare Sports Club,2,11.1,India,Zimbabwe,KL Rahul,KK Nair,AG Cremer,0,0,,,,,,,,,
1007651,2016,2016-06-13,Harare Sports Club,2,11.2,India,Zimbabwe,KL Rahul,KK Nair,AG Cremer,1,0,,,,,,,,,
1007651,2016,2016-06-13,Harare Sports Club,2,11.3,India,Zimbabwe,KK Nair,KL Rahul,AG Cremer,1,0,,,,,,,,,
1007651,2016,2016-06-13,Harare Sports Club,2,11.4,India,Zimbabwe,KL Rahul,KK Nair,AG Cremer,0,0,,,,,,,,,
1007651,2016,2016-06-13,Harare Sports Club,2,11.5,India,Zimbabwe,KL Rahul,KK Nair,AG Cremer,0,0,,,,,,,,,
1007651,2016,2016-06-13,Harare Sports Club,2,11.6,India,Zimbabwe,KL Rahul,KK Nair,AG Cremer,1,0,,,,,,,,,
1007651,2016,2016-06-13,Harare Sports Club,2,12.1,India,Zimbabwe,KL Rahul,KK Nair,CJ Chibhabha,0,0,,,,,,,,,
1007651,2016,2016-06-13,Harare Sports Club,2,12.2,India,Zimbabwe,KL Rahul,KK Nair,CJ Chibhabha,0,0,,,,,,,,,
1007651,2016,2016-06-13,Harare Sports Club,2,12.3,India,Zimbabwe,KL Rahul,KK Nair,CJ Chibhabha,0,0,,,,,,,,,
1007651,2016,2016-06-13,Harare Sports Club,2,12.4,India,Zimbabwe,KL Rahul,KK Nair,CJ Chibhabha,0,0,,,,,,,,,
1007651,2016,2016-06-13,Harare Sports Club,2,12.5,India,Zimbabwe,KL Rahul,KK Nair,CJ Chibhabha,0,0,,,,,,,,,
1007651,2016,2016-06-13,Harare Sports Club,2,12.6,India,Zimbabwe,KL Rahul,KK Nair,CJ Chibhabha,0,0,,,,,,,,,
1007651,2016,2016-06-13,Harare Sports Club,2,13.1,India,Zimbabwe,KK Nair,KL Rahul,TL Chatara,0,0,,,,,,,,,
1007651,2016,2016-06-13,Harare Sports Club,2,13.2,India,Zimbabwe,KK Nair,KL Rahul,TL Chatara,0,1,,,,1,,,,,
1007651,2016,2016-06-13,Harare Sports Club,2,13.3,India,Zimbabwe,KL Rahul,KK Nair,TL Chatara,0,0,,,,,,,,,
1007651,2016,2016-06-13,Harare Sports Club,2,13.4,India,Zimbabwe,KL Rahul,KK Nair,TL Chatara,2,0,,,,,,,,,
1007651,2016,2016-06-13,Harare Sports Club,2,13.5,India,Zimbabwe,KL Rahul,KK Nair,TL Chatara,0,0,,,,,,,,,
1007651,2016,2016-06-13,Harare Sports Club,2,13.6,India,Zimbabwe,KL Rahul,KK Nair,TL Chatara,1,0,,,,,,,,,
1007651,2016,2016-06-13,Harare Sports Club,2,14.1,India,Zimbabwe,KL Rahul,KK Nair,CJ Chibhabha,3,0,,,,,,,,,
1007651,2016,2016-06-13,Harare Sports Club,2,14.2,India,Zimbabwe,KK Nair,KL Rahul,CJ Chibhabha,1,0,,,,,,,,,
1007651,2016,2016-06-13,Harare Sports Club,2,14.3,India,Zimbabwe,KL Rahul,KK Nair,CJ Chibhabha,2,0,,,,,,,,,
1007651,2016,2016-06-13,Harare Sports Club,2,14.4,India,Zimbabwe,KL Rahul,KK Nair,CJ Chibhabha,0,0,,,,,,bowled,KL Rahul,,
1007651,2016,2016-06-13,Harare Sports Club,2,14.5,India,Zimbabwe,AT Rayudu,KK Nair,CJ Chibhabha,0,0,,,,,,,,,
1007651,2016,2016-06-13,Harare Sports Club,2,14.6,India,Zimbabwe,AT Rayudu,KK Nair,CJ Chibhabha,0,0,,,,,,,,,
1007651,2016,2016-06-13,Harare Sports Club,2,15.1,India,Zimbabwe,KK Nair,AT Rayudu,TL Chatara,1,0,,,,,,,,,
1007651,2016,2016-06-13,Harare Sports Club,2,15.2,India,Zimbabwe,AT Rayudu,KK Nair,TL Chatara,0,0,,,,,,,,,
1007651,2016,2016-06-13,Harare Sports Club,2,15.3,India,Zimbabwe,AT Rayudu,KK Nair,TL Chatara,4,0,,,,,,,,,
1007651,2016,2016-06-13,Harare Sports Club,2,15.4,India,Zimbabwe,AT Rayudu,KK Nair,TL Chatara,4,0,,,,,,,,,
1007651,2016,2016-06-13,Harare Sports Club,2,15.5,India,Zimbabwe,AT Rayudu,KK Nair,TL Chatara,0,0,,,,,,,,,
1007651,2016,2016-06-13,Harare Sports Club,2,15.6,India,Zimbabwe,AT Rayudu,KK Nair,TL Chatara,1,0,,,,,,,,,
1007651,2016,2016-06-13,Harare Sports Club,2,16.1,India,Zimbabwe,AT Rayudu,KK Nair,CJ Chibhabha,0,0,,,,,,,,,
1007651,2016,2016-06-13,Harare Sports Club,2,16.2,India,Zimbabwe,AT Rayudu,KK Nair,CJ Chibhabha,0,0,,,,,,,,,
1007651,2016,2016-06-13,Harare Sports Club,2,16.3,India,Zimbabwe,AT Rayudu,KK Nair,CJ Chibhabha,1,0,,,,,,,,,
1007651,2016,2016-06-13,Harare Sports Club,2,16.4,India,Zimbabwe,KK Nair,AT Rayudu,CJ Chibhabha,2,0,,,,,,,,,
1007651,2016,2016-06-13,Harare Sports Club,2,16.5,India,Zimbabwe,KK Nair,AT Rayudu,CJ Chibhabha,0,0,,,,,,,,,
1007651,2016,2016-06-13,Harare Sports Club,2,16.6,India,Zimbabwe,KK Nair,AT Rayudu,CJ Chibhabha,0,0,,,,,,,,,
1007651,2016,2016-06-13,Harare Sports Club,2,17.1,India,Zimbabwe,AT Rayudu,KK Nair,TL Chatara,0,0,,,,,,,,,
1007651,2016,2016-06-13,Harare Sports Club,2,17.2,India,Zimbabwe,AT Rayudu,KK Nair,TL Chatara,0,0,,,,,,,,,
1007651,2016,2016-06-13,Harare Sports Club,2,17.3,India,Zimbabwe,AT Rayudu,KK Nair,TL Chatara,0,0,,,,,,,,,
1007651,2016,2016-06-13,Harare Sports Club,2,17.4,India,Zimbabwe,AT Rayudu,KK Nair,TL Chatara,0,0,,,,,,,,,
1007651,2016,2016-06-13,Harare Sports Club,2,17.5,India,Zimbabwe,AT Rayudu,KK Nair,TL Chatara,1,0,,,,,,,,,
1007651,2016,2016-06-13,Harare Sports Club,2,17.6,India,Zimbabwe,KK Nair,AT Rayudu,TL Chatara,0,0,,,,,,,,,
1007651,2016,2016-06-13,Harare Sports Club,2,18.1,India,Zimbabwe,AT Rayudu,KK Nair,CJ Chibhabha,1,0,,,,,,,,,
1007651,2016,2016-06-13,Harare Sports Club,2,18.2,India,Zimbabwe,KK Nair,AT Rayudu,CJ Chibhabha,0,0,,,,,,,,,
1007651,2016,2016-06-13,Harare Sports Club,2,18.3,India,Zimbabwe,KK Nair,AT Rayudu,CJ Chibhabha,1,0,,,,,,,,,
1007651,2016,2016-06-13,Harare Sports Club,2,18.4,India,Zimbabwe,AT Rayudu,KK Nair,CJ Chibhabha,0,0,,,,,,,,,
1007651,2016,2016-06-13,Harare Sports Club,2,18.5,India,Zimbabwe,AT Rayudu,KK Nair,CJ Chibhabha,1,0,,,,,,,,,
1007651,2016,2016-06-13,Harare Sports Club,2,18.6,India,Zimbabwe,KK Nair,AT Rayudu,CJ Chibhabha,0,0,,,,,,,,,
1007651,2016,2016-06-13,Harare Sports Club,2,19.1,India,Zimbabwe,AT Rayudu,KK Nair,E Chigumbura,0,0,,,,,,,,,
1007651,2016,2016-06-13,Harare Sports Club,2,19.2,India,Zimbabwe,AT Rayudu,KK Nair,E Chigumbura,0,0,,,,,,,,,
1007651,2016,2016-06-13,Harare Sports Club,2,19.3,India,Zimbabwe,AT Rayudu,KK Nair,E Chigumbura,0,0,,,,,,,,,
1007651,2016,2016-06-13,Harare Sports Club,2,19.4,India,Zimbabwe,AT Rayudu,KK Nair,E Chigumbura,0,0,,,,,,,,,
1007651,2016,2016-06-13,Harare Sports Club,2,19.5,India,Zimbabwe,AT Rayudu,KK Nair,E Chigumbura,0,5,5,,,,,,,,
1007651,2016,2016-06-13,Harare Sports Club,2,19.6,India,Zimbabwe,AT Rayudu,KK Nair,E Chigumbura,2,0,,,,,,,,,
1007651,2016,2016-06-13,Harare Sports Club,2,19.7,India,Zimbabwe,AT Rayudu,KK Nair,E Chigumbura,0,1,1,,,,,,,,
1007651,2016,2016-06-13,Harare Sports Club,2,19.8,India,Zimbabwe,AT Rayudu,KK Nair,E Chigumbura,0,0,,,,,,,,,
1007651,2016,2016-06-13,Harare Sports Club,2,20.1,India,Zimbabwe,KK Nair,AT Rayudu,CJ Chibhabha,0,0,,,,,,,,,
1007651,2016,2016-06-13,Harare Sports Club,2,20.2,India,Zimbabwe,KK Nair,AT Rayudu,CJ Chibhabha,0,0,,,,,,,,,
1007651,2016,2016-06-13,Harare Sports Club,2,20.3,India,Zimbabwe,KK Nair,AT Rayudu,CJ Chibhabha,0,1,,1,,,,,,,
1007651,2016,2016-06-13,Harare Sports Club,2,20.4,India,Zimbabwe,KK Nair,AT Rayudu,CJ Chibhabha,4,0,,,,,,,,,
1007651,2016,2016-06-13,Harare Sports Club,2,20.5,India,Zimbabwe,KK Nair,AT Rayudu,CJ Chibhabha,0,0,,,,,,,,,
1007651,2016,2016-06-13,Harare Sports Club,2,20.6,India,Zimbabwe,KK Nair,AT Rayudu,CJ Chibhabha,0,0,,,,,,,,,
1007651,2016,2016-06-13,Harare Sports Club,2,20.7,India,Zimbabwe,KK Nair,AT Rayudu,CJ Chibhabha,0,0,,,,,,,,,
1007651,2016,2016-06-13,Harare Sports Club,2,21.1,India,Zimbabwe,AT Rayudu,KK Nair,E Chigumbura,4,0,,,,,,,,,
1007651,2016,2016-06-13,Harare Sports Club,2,21.2,India,Zimbabwe,AT Rayudu,KK Nair,E Chigumbura,4,0,,,,,,,,,
1007651,2016,2016-06-13,Harare Sports Club,2,21.3,India,Zimbabwe,AT Rayudu,KK Nair,E Chigumbura,0,2,2,,,,,,,,
1007651,2016,2016-06-13,Harare Sports Club,2,21.4,India,Zimbabwe,KK Nair,AT Rayudu,E Chigumbura,0,0,,,,,,,,,
1007651,2016,2016-06-13,Harare Sports Club,2,21.5,India,Zimbabwe,KK Nair,AT Rayudu,E Chigumbura,1,0,,,,,,,,,
1007651,2016,2016-06-13,Harare Sports Club,2,21.6,India,Zimbabwe,AT Rayudu,KK Nair,E Chigumbura,1,0,,,,,,,,,
1007651,2016,2016-06-13,Harare Sports Club,2,21.7,India,Zimbabwe,KK Nair,AT Rayudu,E Chigumbura,0,0,,,,,,,,,
1007651,2016,2016-06-13,Harare Sports Club,2,22.1,India,Zimbabwe,AT Rayudu,KK Nair,CJ Chibhabha,0,0,,,,,,,,,
1007651,2016,2016-06-13,Harare Sports Club,2,22.2,India,Zimbabwe,AT Rayudu,KK Nair,CJ Chibhabha,0,0,,,,,,,,,
1007651,2016,2016-06-13,Harare Sports Club,2,22.3,India,Zimbabwe,AT Rayudu,KK Nair,CJ Chibhabha,4,0,,,,,,,,,
1007651,2016,2016-06-13,Harare Sports Club,2,22.4,India,Zimbabwe,AT Rayudu,KK Nair,CJ Chibhabha,0,0,,,,,,,,,
1007651,2016,2016-06-13,Harare Sports Club,2,22.5,India,Zimbabwe,AT Rayudu,KK Nair,CJ Chibhabha,0,0,,,,,,,,,
1007651,2016,2016-06-13,Harare Sports Club,2,22.6,India,Zimbabwe,AT Rayudu,KK Nair,CJ Chibhabha,4,0,,,,,,,,,
1007651,2016,2016-06-13,Harare Sports Club,2,23.1,India,Zimbabwe,KK Nair,AT Rayudu,AG Cremer,0,0,,,,,,,,,
1007651,2016,2016-06-13,Harare Sports Club,2,23.2,India,Zimbabwe,KK Nair,AT Rayudu,AG Cremer,4,0,,,,,,,,,
1007651,2016,2016-06-13,Harare Sports Club,2,23.3,India,Zimbabwe,KK Nair,AT Rayudu,AG Cremer,1,0,,,,,,,,,
1007651,2016,2016-06-13,Harare Sports Club,2,23.4,India,Zimbabwe,AT Rayudu,KK Nair,AG Cremer,4,0,,,,,,,,,
1007651,2016,2016-06-13,Harare Sports Club,2,23.5,India,Zimbabwe,AT Rayudu,KK Nair,AG Cremer,0,0,,,,,,,,,
1007651,2016,2016-06-13,Harare Sports Club,2,23.6,India,Zimbabwe,AT Rayudu,KK Nair,AG Cremer,0,0,,,,,,,,,
1007651,2016,2016-06-13,Harare Sports Club,2,24.1,India,Zimbabwe,KK Nair,AT Rayudu,Sikandar Raza,0,0,,,,,,,,,
1007651,2016,2016-06-13,Harare Sports Club,2,24.2,India,Zimbabwe,KK Nair,AT Rayudu,Sikandar Raza,1,0,,,,,,,,,
1007651,2016,2016-06-13,Harare Sports Club,2,24.3,India,Zimbabwe,AT Rayudu,KK Nair,Sikandar Raza,0,0,,,,,,,,,
1007651,2016,2016-06-13,Harare Sports Club,2,24.4,India,Zimbabwe,AT Rayudu,KK Nair,Sikandar Raza,1,0,,,,,,,,,
1007651,2016,2016-06-13,Harare Sports Club,2,24.5,India,Zimbabwe,KK Nair,AT Rayudu,Sikandar Raza,0,0,,,,,,,,,
1007651,2016,2016-06-13,Harare Sports Club,2,24.6,India,Zimbabwe,KK Nair,AT Rayudu,Sikandar Raza,0,0,,,,,,,,,
1007651,2016,2016-06-13,Harare Sports Club,2,25.1,India,Zimbabwe,AT Rayudu,KK Nair,AG Cremer,1,0,,,,,,,,,
1007651,2016,2016-06-13,Harare Sports Club,2,25.2,India,Zimbabwe,KK Nair,AT Rayudu,AG Cremer,1,0,,,,,,,,,
1007651,2016,2016-06-13,Harare Sports Club,2,25.3,India,Zimbabwe,AT Rayudu,KK Nair,AG Cremer,1,0,,,,,,,,,
1007651,2016,2016-06-13,Harare Sports Club,2,25.4,India,Zimbabwe,KK Nair,AT Rayudu,AG Cremer,1,0,,,,,,,,,
1007651,2016,2016-06-13,Harare Sports Club,2,25.5,India,Zimbabwe,AT Rayudu,KK Nair,AG Cremer,1,0,,,,,,,,,
1007651,2016,2016-06-13,Harare Sports Club,2,25.6,India,Zimbabwe,KK Nair,AT Rayudu,AG Cremer,0,0,,,,,,,,,
1007651,2016,2016-06-13,Harare Sports Club,2,26.1,India,Zimbabwe,AT Rayudu,KK Nair,Sikandar Raza,0,0,,,,,,,,,
1007651,2016,2016-06-13,Harare Sports Club,2,26.2,India,Zimbabwe,AT Rayudu,KK Nair,Sikandar Raza,0,0,,,,,,,,,
1007651,2016,2016-06-13,Harare Sports Club,2,26.3,India,Zimbabwe,AT Rayudu,KK Nair,Sikandar Raza,1,0,,,,,,,,,
1007651,2016,2016-06-13,Harare Sports Club,2,26.4,India,Zimbabwe,KK Nair,AT Rayudu,Sikandar Raza,0,0,,,,,,lbw,KK Nair,,
1007651,2016,2016-06-13,Harare Sports Club,2,26.5,India,Zimbabwe,MK Pandey,AT Rayudu,Sikandar Raza,4,0,,,,,,,,,
