version,2.1.0
info,balls_per_over,6
info,team,Zimbabwe
info,team,India
info,gender,male
info,season,2016
info,date,2016/06/13
info,event,India in Zimbabwe ODI Series
info,match_number,2
info,venue,Harare Sports Club
info,city,
info,toss_winner,India
info,toss_decision,field
info,player_of_match,YS Chahal
info,umpire,IJ Gould
info,umpire,L Rusere
info,reserve_umpire,O Chirombe
info,tv_umpire,RB Tiffin
info,match_referee,RB Richardson
info,winner,India
info,winner_wickets,8
info,player,India,KL Rahul
info,player,India,KK Nair
info,player,India,AT Rayudu
info,player,India,MK Pandey
info,player,India,KM Jadhav
info,player,India,MS Dhoni
info,player,India,AR Patel
info,player,India,DS Kulkarni
info,player,India,JJ Bumrah
info,player,India,BB Sran
info,player,India,YS Chahal
info,player,Zimbabwe,H Masakadza
info,player,Zimbabwe,CJ Chibhabha
info,player,Zimbabwe,PJ Moor
info,player,Zimbabwe,V Sibanda
info,player,Zimbabwe,Sikandar Raza
info,player,Zimbabwe,E Chigumbura
info,player,Zimbabwe,R Mutumbami
info,player,Zimbabwe,AG Cremer
info,player,Zimbabwe,TL Chatara
info,player,Zimbabwe,T Muzarabani
info,player,Zimbabwe,SC Williams
info,registry,people,AG Cremer,9f0270e0
info,registry,people,AR Patel,2e171977
info,registry,people,AT Rayudu,70d205c9
info,registry,people,BB Sran,d8b2f218
info,registry,people,CJ Chibhabha,f32dbc84
info,registry,people,DS Kulkarni,d2a989fc
info,registry,people,E Chigumbura,d2babdd5
info,registry,people,H Masakadza,31fbf891
info,registry,people,IJ Gould,a9dfdf6c
info,registry,people,JJ Bumrah,462411b3
info,registry,people,KK Nair,944533a5
info,registry,people,KL Rahul,b17e2f24
info,registry,people,KM Jadhav,99d63244
info,registry,people,L Rusere,6a4734ae
info,registry,people,MK Pandey,93b4fc78
info,registry,people,MS Dhoni,4a8a2e3b
info,registry,people,O Chirombe,6345307f
info,registry,people,PJ Moor,a1d3540a
info,registry,people,R Mutumbami,5fef85ee
info,registry,people,RB Richardson,410e2f12
info,registry,people,RB Tiffin,89087a0d
info,registry,people,SC Williams,afe57f7a
info,registry,people,Sikandar Raza,26d041c4
info,registry,people,T Muzarabani,a945bb28
info,registry,people,TL Chatara,5bbabe59
info,registry,people,V Sibanda,0fdabe05
info,registry,people,YS Chahal,57ee1fde
