match_id,season,start_date,venue,innings,ball,batting_team,bowling_team,striker,non_striker,bowler,runs_off_bat,extras,wides,noballs,byes,legbyes,penalty,wicket_type,player_dismissed,other_wicket_type,other_player_dismissed
1020017,2016/17,2017-02-05,Seddon Park,1,0.1,New Zealand,Australia,DG Brownlie,TWM Latham,MA Starc,0,0,,,,,,,,,
1020017,2016/17,2017-02-05,Seddon Park,1,0.2,New Zealand,Australia,DG Brownlie,TWM Latham,MA Starc,0,1,1,,,,,,,,
1020017,2016/17,2017-02-05,Seddon Park,1,0.3,New Zealand,Australia,DG Brownlie,TWM Latham,MA Starc,0,0,,,,,,,,,
1020017,2016/17,2017-02-05,Seddon Park,1,0.4,New Zealand,Australia,DG Brownlie,TWM Latham,MA Starc,0,0,,,,,,,,,
1020017,2016/17,2017-02-05,Seddon Park,1,0.5,New Zealand,Australia,DG Brownlie,TWM Latham,MA Starc,1,0,,,,,,,,,
1020017,2016/17,2017-02-05,Seddon Park,1,0.6,New Zealand,Australia,TWM Latham,DG Brownlie,MA Starc,0,0,,,,,,,,,
1020017,2016/17,2017-02-05,Seddon Park,1,0.7,New Zealand,Australia,TWM Latham,DG Brownlie,MA Starc,0,0,,,,,,,,,
1020017,2016/17,2017-02-05,Seddon Park,1,1.1,New Zealand,Australia,DG Brownlie,TWM Latham,JR Hazlewood,0,0,,,,,,,,,
1020017,2016/17,2017-02-05,Seddon Park,1,1.2,New Zealand,Australia,DG Brownlie,TWM Latham,JR Hazlewood,0,0,,,,,,,,,
1020017,2016/17,2017-02-05,Seddon Park,1,1.3,New Zealand,Australia,DG Brownlie,TWM Latham,JR Hazlewood,4,0,,,,,,,,,
1020017,2016/17,2017-02-05,Seddon Park,1,1.4,New Zealand,Australia,DG Brownlie,TWM Latham,JR Hazlewood,0,0,,,,,,,,,
1020017,2016/17,2017-02-05,Seddon Park,1,1.5,New Zealand,Australia,DG Brownlie,TWM Latham,JR Hazlewood,0,0,,,,,,,,,
1020017,2016/17,2017-02-05,Seddon Park,1,1.6,New Zealand,Australia,DG Brownlie,TWM Latham,JR Hazlewood,0,0,,,,,,,,,
1020017,2016/17,2017-02-05,Seddon Park,1,2.1,New Zealand,Australia,TWM Latham,DG Brownlie,MA Starc,0,0,,,,,,,,,
1020017,2016/17,2017-02-05,Seddon Park,1,2.2,New Zealand,Australia,TWM Latham,DG Brownlie,MA Starc,0,0,,,,,,,,,
1020017,2016/17,2017-02-05,Seddon Park,1,2.3,New Zealand,Australia,TWM Latham,DG Brownlie,MA Starc,0,0,,,,,,,,,
1020017,2016/17,2017-02-05,Seddon Park,1,2.4,New Zealand,Australia,TWM Latham,DG Brownlie,MA Starc,0,0,,,,,,,,,
1020017,2016/17,2017-02-05,Seddon Park,1,2.5,New Zealand,Australia,TWM Latham,DG Brownlie,MA Starc,0,0,,,,,,,,,
1020017,2016/17,2017-02-05,Seddon Park,1,2.6,New Zealand,Australia,TWM Latham,DG Brownlie,MA Starc,0,0,,,,,,caught,TWM Latham,,
1020017,2016/17,2017-02-05,Seddon Park,1,3.1,New Zealand,Australia,DG Brownlie,KS Williamson,JR Hazlewood,0,0,,,,,,,,,
1020017,2016/17,2017-02-05,Seddon Park,1,3.2,New Zealand,Australia,DG Brownlie,KS Williamson,JR Hazlewood,0,0,,,,,,,,,
1020017,2016/17,2017-02-05,Seddon Park,1,3.3,New Zealand,Australia,DG Brownlie,KS Williamson,JR Hazlewood,4,0,,,,,,,,,
1020017,2016/17,2017-02-05,Seddon Park,1,3.4,New Zealand,Australia,DG Brownlie,KS Williamson,JR Hazlewood,0,0,,,,,,,,,
1020017,2016/17,2017-02-05,Seddon Park,1,3.5,New Zealand,Australia,DG Brownlie,KS Williamson,JR Hazlewood,0,1,1,,,,,,,,
1020017,2016/17,2017-02-05,Seddon Park,1,3.6,New Zealand,Australia,DG Brownlie,KS Williamson,JR Hazlewood,0,0,,,,,,,,,
1020017,2016/17,2017-02-05,Seddon Park,1,3.7,New Zealand,Australia,DG Brownlie,KS Williamson,JR Hazlewood,1,0,,,,,,,,,
1020017,2016/17,2017-02-05,Seddon Park,1,4.1,New Zealand,Australia,DG Brownlie,KS Williamson,MA Starc,1,0,,,,,,,,,
1020017,2016/17,2017-02-05,Seddon Park,1,4.2,New Zealand,Australia,KS Williamson,DG Brownlie,MA Starc,0,0,,,,,,,,,
1020017,2016/17,2017-02-05,Seddon Park,1,4.3,New Zealand,Australia,KS Williamson,DG Brownlie,MA Starc,4,0,,,,,,,,,
1020017,2016/17,2017-02-05,Seddon Park,1,4.4,New Zealand,Australia,KS Williamson,DG Brownlie,MA Starc,1,0,,,,,,,,,
1020017,2016/17,2017-02-05,Seddon Park,1,4.5,New Zealand,Australia,DG Brownlie,KS Williamson,MA Starc,0,0,,,,,,,,,
1020017,2016/17,2017-02-05,Seddon Park,1,4.6,New Zealand,Australia,DG Brownlie,KS Williamson,MA Starc,0,0,,,,,,,,,
1020017,2016/17,2017-02-05,Seddon Park,1,5.1,New Zealand,Australia,KS Williamson,DG Brownlie,JR Hazlewood,0,0,,,,,,,,,
1020017,2016/17,2017-02-05,Seddon Park,1,5.2,New Zealand,Australia,KS Williamson,DG Brownlie,JR Hazlewood,0,0,,,,,,,,,
1020017,2016/17,2017-02-05,Seddon Park,1,5.3,New Zealand,Australia,KS Williamson,DG Brownlie,JR Hazlewood,0,0,,,,,,,,,
1020017,2016/17,2017-02-05,Seddon Park,1,5.4,New Zealand,Australia,KS Williamson,DG Brownlie,JR Hazlewood,3,0,,,,,,,,,
1020017,2016/17,2017-02-05,Seddon Park,1,5.5,New Zealand,Australia,DG Brownlie,KS Williamson,JR Hazlewood,1,0,,,,,,,,,
1020017,2016/17,2017-02-05,Seddon Park,1,5.6,New Zealand,Australia,KS Williamson,DG Brownlie,JR Hazlewood,0,0,,,,,,,,,
1020017,2016/17,2017-02-05,Seddon Park,1,6.1,New Zealand,Australia,DG Brownlie,KS Williamson,MA Starc,4,0,,,,,,,,,
1020017,2016/17,2017-02-05,Seddon Park,1,6.2,New Zealand,Australia,DG Brownlie,KS Williamson,MA Starc,1,0,,,,,,,,,
1020017,2016/17,2017-02-05,Seddon Park,1,6.3,New Zealand,Australia,KS Williamson,DG Brownlie,MA Starc,2,0,,,,,,,,,
1020017,2016/17,2017-02-05,Seddon Park,1,6.4,New Zealand,Australia,KS Williamson,DG Brownlie,MA Starc,0,0,,,,,,,,,
1020017,2016/17,2017-02-05,Seddon Park,1,6.5,New Zealand,Australia,KS Williamson,DG Brownlie,MA Starc,0,0,,,,,,,,,
1020017,2016/17,2017-02-05,Seddon Park,1,6.6,New Zealand,Australia,KS Williamson,DG Brownlie,MA Starc,1,0,,,,,,,,,
1020017,2016/17,2017-02-05,Seddon Park,1,7.1,New Zealand,Australia,KS Williamson,DG Brownlie,MP Stoinis,0,0,,,,,,,,,
1020017,2016/17,2017-02-05,Seddon Park,1,7.2,New Zealand,Australia,KS Williamson,DG Brownlie,MP Stoinis,0,0,,,,,,,,,
1020017,2016/17,2017-02-05,Seddon Park,1,7.3,New Zealand,Australia,KS Williamson,DG Brownlie,MP Stoinis,4,0,,,,,,,,,
1020017,2016/17,2017-02-05,Seddon Park,1,7.4,New Zealand,Australia,KS Williamson,DG Brownlie,MP Stoinis,4,0,,,,,,,,,
1020017,2016/17,2017-02-05,Seddon Park,1,7.5,New Zealand,Australia,KS Williamson,DG Brownlie,MP Stoinis,1,0,,,,,,,,,
1020017,2016/17,2017-02-05,Seddon Park,1,7.6,New Zealand,Australia,DG Brownlie,KS Williamson,MP Stoinis,0,0,,,,,,,,,
1020017,2016/17,2017-02-05,Seddon Park,1,8.1,New Zealand,Australia,KS Williamson,DG Brownlie,PJ Cummins,4,0,,,,,,,,,
1020017,2016/17,2017-02-05,Seddon Park,1,8.2,New Zealand,Australia,KS Williamson,DG Brownlie,PJ Cummins,0,0,,,,,,,,,
1020017,2016/17,2017-02-05,Seddon Park,1,8.3,New Zealand,Australia,KS Williamson,DG Brownlie,PJ Cummins,1,0,,,,,,,,,
1020017,2016/17,2017-02-05,Seddon Park,1,8.4,New Zealand,Australia,DG Brownlie,KS Williamson,PJ Cummins,4,0,,,,,,,,,
1020017,2016/17,2017-02-05,Seddon Park,1,8.5,New Zealand,Australia,DG Brownlie,KS Williamson,PJ Cummins,0,0,,,,,,,,,
1020017,2016/17,2017-02-05,Seddon Park,1,8.6,New Zealand,Australia,DG Brownlie,KS Williamson,PJ Cummins,4,0,,,,,,,,,
1020017,2016/17,2017-02-05,Seddon Park,1,9.1,New Zealand,Australia,KS Williamson,DG Brownlie,MP Stoinis,4,0,,,,,,,,,
1020017,2016/17,2017-02-05,Seddon Park,1,9.2,New Zealand,Australia,KS Williamson,DG Brownlie,MP Stoinis,0,0,,,,,,,,,
1020017,2016/17,2017-02-05,Seddon Park,1,9.3,New Zealand,Australia,KS Williamson,DG Brownlie,MP Stoinis,1,0,,,,,,,,,
1020017,2016/17,2017-02-05,Seddon Park,1,9.4,New Zealand,Australia,DG Brownlie,KS Williamson,MP Stoinis,2,0,,,,,,,,,
1020017,2016/17,2017-02-05,Seddon Park,1,9.5,New Zealand,Australia,DG Brownlie,KS Williamson,MP Stoinis,0,0,,,,,,,,,
1020017,2016/17,2017-02-05,Seddon Park,1,9.6,New Zealand,Australia,DG Brownlie,KS Williamson,MP Stoinis,0,0,,,,,,,,,
1020017,2016/17,2017-02-05,Seddon Park,1,10.1,New Zealand,Australia,KS Williamson,DG Brownlie,PJ Cummins,0,0,,,,,,,,,
1020017,2016/17,2017-02-05,Seddon Park,1,10.2,New Zealand,Australia,KS Williamson,DG Brownlie,PJ Cummins,0,0,,,,,,,,,
1020017,2016/17,2017-02-05,Seddon Park,1,10.3,New Zealand,Australia,KS Williamson,DG Brownlie,PJ Cummins,1,0,,,,,,,,,
1020017,2016/17,2017-02-05,Seddon Park,1,10.4,New Zealand,Australia,DG Brownlie,KS Williamson,PJ Cummins,0,0,,,,,,,,,
1020017,2016/17,2017-02-05,Seddon Park,1,10.5,New Zealand,Australia,DG Brownlie,KS Williamson,PJ Cummins,1,0,,,,,,,,,
1020017,2016/17,2017-02-05,Seddon Park,1,10.6,New Zealand,Australia,KS Williamson,DG Brownlie,PJ Cummins,0,0,,,,,,,,,
1020017,2016/17,2017-02-05,Seddon Park,1,11.1,New Zealand,Australia,DG Brownlie,KS Williamson,A Zampa,1,0,,,,,,,,,
1020017,2016/17,2017-02-05,Seddon Park,1,11.2,New Zealand,Australia,KS Williamson,DG Brownlie,A Zampa,1,0,,,,,,,,,
1020017,2016/17,2017-02-05,Seddon Park,1,11.3,New Zealand,Australia,DG Brownlie,KS Williamson,A Zampa,1,0,,,,,,,,,
1020017,2016/17,2017-02-05,Seddon Park,1,11.4,New Zealand,Australia,KS Williamson,DG Brownlie,A Zampa,1,0,,,,,,,,,
1020017,2016/17,2017-02-05,Seddon Park,1,11.5,New Zealand,Australia,DG Brownlie,KS Williamson,A Zampa,1,0,,,,,,,,,
1020017,2016/17,2017-02-05,Seddon Park,1,11.6,New Zealand,Australia,KS Williamson,DG Brownlie,A Zampa,1,0,,,,,,,,,
1020017,2016/17,2017-02-05,Seddon Park,1,12.1,New Zealand,Australia,KS Williamson,DG Brownlie,PJ Cummins,1,0,,,,,,,,,
1020017,2016/17,2017-02-05,Seddon Park,1,12.2,New Zealand,Australia,DG Brownlie,KS Williamson,PJ Cummins,1,0,,,,,,,,,
1020017,2016/17,2017-02-05,Seddon Park,1,12.3,New Zealand,Australia,KS Williamson,DG Brownlie,PJ Cummins,0,0,,,,,,,,,
1020017,2016/17,2017-02-05,Seddon Park,1,12.4,New Zealand,Australia,KS Williamson,DG Brownlie,PJ Cummins,0,0,,,,,,,,,
1020017,2016/17,2017-02-05,Seddon Park,1,12.5,New Zealand,Australia,KS Williamson,DG Brownlie,PJ Cummins,0,0,,,,,,,,,
1020017,2016/17,2017-02-05,Seddon Park,1,12.6,New Zealand,Australia,KS Williamson,DG Brownlie,PJ Cummins,0,0,,,,,,,,,
1020017,2016/17,2017-02-05,Seddon Park,1,13.1,New Zealand,Australia,DG Brownlie,KS Williamson,A Zampa,1,0,,,,,,,,,
1020017,2016/17,2017-02-05,Seddon Park,1,13.2,New Zealand,Australia,KS Williamson,DG Brownlie,A Zampa,0,0,,,,,,,,,
1020017,2016/17,2017-02-05,Seddon Park,1,13.3,New Zealand,Australia,KS Williamson,DG Brownlie,A Zampa,0,0,,,,,,,,,
1020017,2016/17,2017-02-05,Seddon Park,1,13.4,New Zealand,Australia,KS Williamson,DG Brownlie,A Zampa,0,0,,,,,,,,,
1020017,2016/17,2017-02-05,Seddon Park,1,13.5,New Zealand,Australia,KS Williamson,DG Brownlie,A Zampa,1,0,,,,,,,,,
1020017,2016/17,2017-02-05,Seddon Park,1,13.6,New Zealand,Australia,DG Brownlie,KS Williamson,A Zampa,1,0,,,,,,,,,
1020017,2016/17,2017-02-05,Seddon Park,1,14.1,New Zealand,Australia,DG Brownlie,KS Williamson,PJ Cummins,1,0,,,,,,,,,
1020017,2016/17,2017-02-05,Seddon Park,1,14.2,New Zealand,Australia,KS Williamson,DG Brownlie,PJ Cummins,0,0,,,,,,,,,
1020017,2016/17,2017-02-05,Seddon Park,1,14.3,New Zealand,Australia,KS Williamson,DG Brownlie,PJ Cummins,1,0,,,,,,,,,
1020017,2016/17,2017-02-05,Seddon Park,1,14.4,New Zealand,Australia,DG Brownlie,KS Williamson,PJ Cummins,0,1,1,,,,,,,,
1020017,2016/17,2017-02-05,Seddon Park,1,14.5,New Zealand,Australia,DG Brownlie,KS Williamson,PJ Cummins,1,0,,,,,,,,,
1020017,2016/17,2017-02-05,Seddon Park,1,14.6,New Zealand,Australia,KS Williamson,DG Brownlie,PJ Cummins,0,0,,,,,,caught,KS Williamson,,
1020017,2016/17,2017-02-05,Seddon Park,1,14.7,New Zealand,Australia,LRPL Taylor,DG Brownlie,PJ Cummins,0,0,,,,,,,,,
1020017,2016/17,2017-02-05,Seddon Park,1,15.1,New Zealand,Australia,DG Brownlie,LRPL Taylor,A Zampa,1,0,,,,,,,,,
1020017,2016/17,2017-02-05,Seddon Park,1,15.2,New Zealand,Australia,LRPL Taylor,DG Brownlie,A Zampa,0,0,,,,,,,,,
1020017,2016/17,2017-02-05,Seddon Park,1,15.3,New Zealand,Australia,LRPL Taylor,DG Brownlie,A Zampa,0,0,,,,,,,,,
1020017,2016/17,2017-02-05,Seddon Park,1,15.4,New Zealand,Australia,LRPL Taylor,DG Brownlie,A Zampa,1,0,,,,,,,,,
1020017,2016/17,2017-02-05,Seddon Park,1,15.5,New Zealand,Australia,DG Brownlie,LRPL Taylor,A Zampa,1,0,,,,,,,,,
1020017,2016/17,2017-02-05,Seddon Park,1,15.6,New Zealand,Australia,LRPL Taylor,DG Brownlie,A Zampa,2,0,,,,,,,,,
1020017,2016/17,2017-02-05,Seddon Park,1,16.1,New Zealand,Australia,DG Brownlie,LRPL Taylor,JR Hazlewood,0,0,,,,,,,,,
1020017,2016/17,2017-02-05,Seddon Park,1,16.2,New Zealand,Australia,DG Brownlie,LRPL Taylor,JR Hazlewood,0,0,,,,,,,,,
1020017,2016/17,2017-02-05,Seddon Park,1,16.3,New Zealand,Australia,DG Brownlie,LRPL Taylor,JR Hazlewood,1,0,,,,,,,,,
1020017,2016/17,2017-02-05,Seddon Park,1,16.4,New Zealand,Australia,LRPL Taylor,DG Brownlie,JR Hazlewood,0,0,,,,,,,,,
1020017,2016/17,2017-02-05,Seddon Park,1,16.5,New Zealand,Australia,LRPL Taylor,DG Brownlie,JR Hazlewood,1,0,,,,,,,,,
1020017,2016/17,2017-02-05,Seddon Park,1,16.6,New Zealand,Australia,DG Brownlie,LRPL Taylor,JR Hazlewood,1,0,,,,,,,,,
1020017,2016/17,2017-02-05,Seddon Park,1,17.1,New Zealand,Australia,DG Brownlie,LRPL Taylor,A Zampa,0,0,,,,,,,,,
1020017,2016/17,2017-02-05,Seddon Park,1,17.2,New Zealand,Australia,DG Brownlie,LRPL Taylor,A Zampa,1,0,,,,,,,,,
1020017,2016/17,2017-02-05,Seddon Park,1,17.3,New Zealand,Australia,LRPL Taylor,DG Brownlie,A Zampa,0,0,,,,,,,,,
1020017,2016/17,2017-02-05,Seddon Park,1,17.4,New Zealand,Australia,LRPL Taylor,DG Brownlie,A Zampa,1,0,,,,,,,,,
1020017,2016/17,2017-02-05,Seddon Park,1,17.5,New Zealand,Australia,DG Brownlie,LRPL Taylor,A Zampa,1,0,,,,,,,,,
1020017,2016/17,2017-02-05,Seddon Park,1,17.6,New Zealand,Australia,LRPL Taylor,DG Brownlie,A Zampa,1,0,,,,,,,,,
1020017,2016/17,2017-02-05,Seddon Park,1,18.1,New Zealand,Australia,LRPL Taylor,DG Brownlie,JR Hazlewood,0,0,,,,,,,,,
1020017,2016/17,2017-02-05,Seddon Park,1,18.2,New Zealand,Australia,LRPL Taylor,DG Brownlie,JR Hazlewood,4,0,,,,,,,,,
1020017,2016/17,2017-02-05,Seddon Park,1,18.3,New Zealand,Australia,LRPL Taylor,DG Brownlie,JR Hazlewood,4,0,,,,,,,,,
1020017,2016/17,2017-02-05,Seddon Park,1,18.4,New Zealand,Australia,LRPL Taylor,DG Brownlie,JR Hazlewood,0,0,,,,,,,,,
1020017,2016/17,2017-02-05,Seddon Park,1,18.5,New Zealand,Australia,LRPL Taylor,DG Brownlie,JR Hazlewood,0,0,,,,,,,,,
1020017,2016/17,2017-02-05,Seddon Park,1,18.6,New Zealand,Australia,LRPL Taylor,DG Brownlie,JR Hazlewood,4,0,,,,,,,,,
1020017,2016/17,2017-02-05,Seddon Park,1,19.1,New Zealand,Australia,DG Brownlie,LRPL Taylor,JP Faulkner,0,1,,,,1,,,,,
1020017,2016/17,2017-02-05,Seddon Park,1,19.2,New Zealand,Australia,LRPL Taylor,DG Brownlie,JP Faulkner,0,0,,,,,,,,,
1020017,2016/17,2017-02-05,Seddon Park,1,19.3,New Zealand,Australia,LRPL Taylor,DG Brownlie,JP Faulkner,4,0,,,,,,,,,
1020017,2016/17,2017-02-05,Seddon Park,1,19.4,New Zealand,Australia,LRPL Taylor,DG Brownlie,JP Faulkner,0,0,,,,,,,,,
1020017,2016/17,2017-02-05,Seddon Park,1,19.5,New Zealand,Australia,LRPL Taylor,DG Brownlie,JP Faulkner,1,0,,,,,,,,,
1020017,2016/17,2017-02-05,Seddon Park,1,19.6,New Zealand,Australia,DG Brownlie,LRPL Taylor,JP Faulkner,0,0,,,,,,,,,
1020017,2016/17,2017-02-05,Seddon Park,1,20.1,New Zealand,Australia,LRPL Taylor,DG Brownlie,JR Hazlewood,0,0,,,,,,,,,
1020017,2016/17,2017-02-05,Seddon Park,1,20.2,New Zealand,Australia,LRPL Taylor,DG Brownlie,JR Hazlewood,1,0,,,,,,,,,
1020017,2016/17,2017-02-05,Seddon Park,1,20.3,New Zealand,Australia,DG Brownlie,LRPL Taylor,JR Hazlewood,1,0,,,,,,,,,
1020017,2016/17,2017-02-05,Seddon Park,1,20.4,New Zealand,Australia,LRPL Taylor,DG Brownlie,JR Hazlewood,4,0,,,,,,,,,
1020017,2016/17,2017-02-05,Seddon Park,1,20.5,New Zealand,Australia,LRPL Taylor,DG Brownlie,JR Hazlewood,0,0,,,,,,,,,
1020017,2016/17,2017-02-05,Seddon Park,1,20.6,New Zealand,Australia,LRPL Taylor,DG Brownlie,JR Hazlewood,1,0,,,,,,,,,
1020017,2016/17,2017-02-05,Seddon Park,1,21.1,New Zealand,Australia,LRPL Taylor,DG Brownlie,JP Faulkner,1,0,,,,,,,,,
1020017,2016/17,2017-02-05,Seddon Park,1,21.2,New Zealand,Australia,DG Brownlie,LRPL Taylor,JP Faulkner,1,0,,,,,,,,,
1020017,2016/17,2017-02-05,Seddon Park,1,21.3,New Zealand,Australia,LRPL Taylor,DG Brownlie,JP Faulkner,1,0,,,,,,,,,
1020017,2016/17,2017-02-05,Seddon Park,1,21.4,New Zealand,Australia,DG Brownlie,LRPL Taylor,JP Faulkner,0,0,,,,,,,,,
1020017,2016/17,2017-02-05,Seddon Park,1,21.5,New Zealand,Australia,DG Brownlie,LRPL Taylor,JP Faulkner,1,0,,,,,,,,,
1020017,2016/17,2017-02-05,Seddon Park,1,21.6,New Zealand,Australia,LRPL Taylor,DG Brownlie,JP Faulkner,1,0,,,,,,,,,
1020017,2016/17,2017-02-05,Seddon Park,1,22.1,New Zealand,Australia,LRPL Taylor,DG Brownlie,MP Stoinis,0,0,,,,,,,,,
1020017,2016/17,2017-02-05,Seddon Park,1,22.2,New Zealand,Australia,LRPL Taylor,DG Brownlie,MP Stoinis,0,0,,,,,,,,,
1020017,2016/17,2017-02-05,Seddon Park,1,22.3,New Zealand,Australia,LRPL Taylor,DG Brownlie,MP Stoinis,1,0,,,,,,,,,
1020017,2016/17,2017-02-05,Seddon Park,1,22.4,New Zealand,Australia,DG Brownlie,LRPL Taylor,MP Stoinis,1,0,,,,,,,,,
1020017,2016/17,2017-02-05,Seddon Park,1,22.5,New Zealand,Australia,LRPL Taylor,DG Brownlie,MP Stoinis,1,0,,,,,,,,,
1020017,2016/17,2017-02-05,Seddon Park,1,22.6,New Zealand,Australia,DG Brownlie,LRPL Taylor,MP Stoinis,0,0,,,,,,,,,
1020017,2016/17,2017-02-05,Seddon Park,1,23.1,New Zealand,Australia,LRPL Taylor,DG Brownlie,JP Faulkner,0,0,,,,,,,,,
1020017,2016/17,2017-02-05,Seddon Park,1,23.2,New Zealand,Australia,LRPL Taylor,DG Brownlie,JP Faulkner,4,0,,,,,,,,,
1020017,2016/17,2017-02-05,Seddon Park,1,23.3,New Zealand,Australia,LRPL Taylor,DG Brownlie,JP Faulkner,4,0,,,,,,,,,
1020017,2016/17,2017-02-05,Seddon Park,1,23.4,New Zealand,Australia,LRPL Taylor,DG Brownlie,JP Faulkner,0,0,,,,,,,,,
1020017,2016/17,2017-02-05,Seddon Park,1,23.5,New Zealand,Australia,LRPL Taylor,DG Brownlie,JP Faulkner,0,0,,,,,,,,,
1020017,2016/17,2017-02-05,Seddon Park,1,23.6,New Zealand,Australia,LRPL Taylor,DG Brownlie,JP Faulkner,1,0,,,,,,,,,
1020017,2016/17,2017-02-05,Seddon Park,1,24.1,New Zealand,Australia,LRPL Taylor,DG Brownlie,MP Stoinis,0,0,,,,,,,,,
1020017,2016/17,2017-02-05,Seddon Park,1,24.2,New Zealand,Australia,LRPL Taylor,DG Brownlie,MP Stoinis,1,0,,,,,,,,,
1020017,2016/17,2017-02-05,Seddon Park,1,24.3,New Zealand,Australia,DG Brownlie,LRPL Taylor,MP Stoinis,1,0,,,,,,,,,
1020017,2016/17,2017-02-05,Seddon Park,1,24.4,New Zealand,Australia,LRPL Taylor,DG Brownlie,MP Stoinis,1,0,,,,,,,,,
1020017,2016/17,2017-02-05,Seddon Park,1,24.5,New Zealand,Australia,DG Brownlie,LRPL Taylor,MP Stoinis,0,0,,,,,,,,,
1020017,2016/17,2017-02-05,Seddon Park,1,24.6,New Zealand,Australia,DG Brownlie,LRPL Taylor,MP Stoinis,0,0,,,,,,,,,
1020017,2016/17,2017-02-05,Seddon Park,1,25.1,New Zealand,Australia,LRPL Taylor,DG Brownlie,A Zampa,0,0,,,,,,,,,
1020017,2016/17,2017-02-05,Seddon Park,1,25.2,New Zealand,Australia,LRPL Taylor,DG Brownlie,A Zampa,4,0,,,,,,,,,
1020017,2016/17,2017-02-05,Seddon Park,1,25.3,New Zealand,Australia,LRPL Taylor,DG Brownlie,A Zampa,1,0,,,,,,,,,
1020017,2016/17,2017-02-05,Seddon Park,1,25.4,New Zealand,Australia,DG Brownlie,LRPL Taylor,A Zampa,0,0,,,,,,,,,
1020017,2016/17,2017-02-05,Seddon Park,1,25.5,New Zealand,Australia,DG Brownlie,LRPL Taylor,A Zampa,1,0,,,,,,,,,
1020017,2016/17,2017-02-05,Seddon Park,1,25.6,New Zealand,Australia,LRPL Taylor,DG Brownlie,A Zampa,4,0,,,,,,,,,
1020017,2016/17,2017-02-05,Seddon Park,1,26.1,New Zealand,Australia,DG Brownlie,LRPL Taylor,MA Starc,0,0,,,,,,,,,
1020017,2016/17,2017-02-05,Seddon Park,1,26.2,New Zealand,Australia,DG Brownlie,LRPL Taylor,MA Starc,0,0,,,,,,,,,
1020017,2016/17,2017-02-05,Seddon Park,1,26.3,New Zealand,Australia,DG Brownlie,LRPL Taylor,MA Starc,1,0,,,,,,,,,
1020017,2016/17,2017-02-05,Seddon Park,1,26.4,New Zealand,Australia,LRPL Taylor,DG Brownlie,MA Starc,1,0,,,,,,,,,
1020017,2016/17,2017-02-05,Seddon Park,1,26.5,New Zealand,Australia,DG Brownlie,LRPL Taylor,MA Starc,1,0,,,,,,,,,
1020017,2016/17,2017-02-05,Seddon Park,1,26.6,New Zealand,Australia,LRPL Taylor,DG Brownlie,MA Starc,1,0,,,,,,,,,
1020017,2016/17,2017-02-05,Seddon Park,1,27.1,New Zealand,Australia,LRPL Taylor,DG Brownlie,A Zampa,4,0,,,,,,,,,
1020017,2016/17,2017-02-05,Seddon Park,1,27.2,New Zealand,Australia,LRPL Taylor,DG Brownlie,A Zampa,0,0,,,,,,,,,
1020017,2016/17,2017-02-05,Seddon Park,1,27.3,New Zealand,Australia,LRPL Taylor,DG Brownlie,A Zampa,1,0,,,,,,,,,
1020017,2016/17,2017-02-05,Seddon Park,1,27.4,New Zealand,Australia,DG Brownlie,LRPL Taylor,A Zampa,1,0,,,,,,,,,
1020017,2016/17,2017-02-05,Seddon Park,1,27.5,New Zealand,Australia,LRPL Taylor,DG Brownlie,A Zampa,0,0,,,,,,,,,
1020017,2016/17,2017-02-05,Seddon Park,1,27.6,New Zealand,Australia,LRPL Taylor,DG Brownlie,A Zampa,0,0,,,,,,,,,
1020017,2016/17,2017-02-05,Seddon Park,1,28.1,New Zealand,Australia,DG Brownlie,LRPL Taylor,MA Starc,0,0,,,,,,,,,
1020017,2016/17,2017-02-05,Seddon Park,1,28.2,New Zealand,Australia,DG Brownlie,LRPL Taylor,MA Starc,1,0,,,,,,,,,
1020017,2016/17,2017-02-05,Seddon Park,1,28.3,New Zealand,Australia,LRPL Taylor,DG Brownlie,MA Starc,1,0,,,,,,,,,
1020017,2016/17,2017-02-05,Seddon Park,1,28.4,New Zealand,Australia,DG Brownlie,LRPL Taylor,MA Starc,0,0,,,,,,,,,
1020017,2016/17,2017-02-05,Seddon Park,1,28.5,New Zealand,Australia,DG Brownlie,LRPL Taylor,MA Starc,0,0,,,,,,,,,
1020017,2016/17,2017-02-05,Seddon Park,1,28.6,New Zealand,Australia,DG Brownlie,LRPL Taylor,MA Starc,0,0,,,,,,,,,
1020017,2016/17,2017-02-05,Seddon Park,1,29.1,New Zealand,Australia,LRPL Taylor,DG Brownlie,A Zampa,1,0,,,,,,,,,
1020017,2016/17,2017-02-05,Seddon Park,1,29.2,New Zealand,Australia,DG Brownlie,LRPL Taylor,A Zampa,1,0,,,,,,,,,
1020017,2016/17,2017-02-05,Seddon Park,1,29.3,New Zealand,Australia,LRPL Taylor,DG Brownlie,A Zampa,0,0,,,,,,,,,
1020017,2016/17,2017-02-05,Seddon Park,1,29.4,New Zealand,Australia,LRPL Taylor,DG Brownlie,A Zampa,0,0,,,,,,,,,
1020017,2016/17,2017-02-05,Seddon Park,1,29.5,New Zealand,Australia,LRPL Taylor,DG Brownlie,A Zampa,1,0,,,,,,,,,
1020017,2016/17,2017-02-05,Seddon Park,1,29.6,New Zealand,Australia,DG Brownlie,LRPL Taylor,A Zampa,4,0,,,,,,,,,
1020017,2016/17,2017-02-05,Seddon Park,1,30.1,New Zealand,Australia,LRPL Taylor,DG Brownlie,PJ Cummins,0,0,,,,,,,,,
1020017,2016/17,2017-02-05,Seddon Park,1,30.2,New Zealand,Australia,LRPL Taylor,DG Brownlie,PJ Cummins,4,0,,,,,,,,,
1020017,2016/17,2017-02-05,Seddon Park,1,30.3,New Zealand,Australia,LRPL Taylor,DG Brownlie,PJ Cummins,1,0,,,,,,,,,
1020017,2016/17,2017-02-05,Seddon Park,1,30.4,New Zealand,Australia,DG Brownlie,LRPL Taylor,PJ Cummins,0,0,,,,,,,,,
1020017,2016/17,2017-02-05,Seddon Park,1,30.5,New Zealand,Australia,DG Brownlie,LRPL Taylor,PJ Cummins,1,0,,,,,,,,,
1020017,2016/17,2017-02-05,Seddon Park,1,30.6,New Zealand,Australia,LRPL Taylor,DG Brownlie,PJ Cummins,1,0,,,,,,,,,
1020017,2016/17,2017-02-05,Seddon Park,1,31.1,New Zealand,Australia,LRPL Taylor,DG Brownlie,JP Faulkner,1,0,,,,,,,,,
1020017,2016/17,2017-02-05,Seddon Park,1,31.2,New Zealand,Australia,DG Brownlie,LRPL Taylor,JP Faulkner,4,0,,,,,,,,,
1020017,2016/17,2017-02-05,Seddon Park,1,31.3,New Zealand,Australia,DG Brownlie,LRPL Taylor,JP Faulkner,1,0,,,,,,,,,
1020017,2016/17,2017-02-05,Seddon Park,1,31.4,New Zealand,Australia,LRPL Taylor,DG Brownlie,JP Faulkner,1,0,,,,,,,,,
1020017,2016/17,2017-02-05,Seddon Park,1,31.5,New Zealand,Australia,DG Brownlie,LRPL Taylor,JP Faulkner,0,0,,,,,,caught,DG Brownlie,,
1020017,2016/17,2017-02-05,Seddon Park,1,31.6,New Zealand,Australia,NT Broom,LRPL Taylor,JP Faulkner,0,0,,,,,,,,,
1020017,2016/17,2017-02-05,Seddon Park,1,32.1,New Zealand,Australia,LRPL Taylor,NT Broom,PJ Cummins,0,1,1,,,,,,,,
1020017,2016/17,2017-02-05,Seddon Park,1,32.2,New Zealand,Australia,LRPL Taylor,NT Broom,PJ Cummins,1,0,,,,,,,,,
1020017,2016/17,2017-02-05,Seddon Park,1,32.3,New Zealand,Australia,NT Broom,LRPL Taylor,PJ Cummins,0,0,,,,,,,,,
1020017,2016/17,2017-02-05,Seddon Park,1,32.4,New Zealand,Australia,NT Broom,LRPL Taylor,PJ Cummins,1,0,,,,,,,,,
1020017,2016/17,2017-02-05,Seddon Park,1,32.5,New Zealand,Australia,LRPL Taylor,NT Broom,PJ Cummins,0,0,,,,,,,,,
1020017,2016/17,2017-02-05,Seddon Park,1,32.6,New Zealand,Australia,LRPL Taylor,NT Broom,PJ Cummins,1,0,,,,,,,,,
1020017,2016/17,2017-02-05,Seddon Park,1,32.7,New Zealand,Australia,NT Broom,LRPL Taylor,PJ Cummins,0,0,,,,,,,,,
1020017,2016/17,2017-02-05,Seddon Park,1,33.1,New Zealand,Australia,LRPL Taylor,NT Broom,JP Faulkner,1,0,,,,,,,,,
1020017,2016/17,2017-02-05,Seddon Park,1,33.2,New Zealand,Australia,NT Broom,LRPL Taylor,JP Faulkner,1,0,,,,,,,,,
1020017,2016/17,2017-02-05,Seddon Park,1,33.3,New Zealand,Australia,LRPL Taylor,NT Broom,JP Faulkner,0,0,,,,,,,,,
1020017,2016/17,2017-02-05,Seddon Park,1,33.4,New Zealand,Australia,LRPL Taylor,NT Broom,JP Faulkner,1,0,,,,,,,,,
1020017,2016/17,2017-02-05,Seddon Park,1,33.5,New Zealand,Australia,NT Broom,LRPL Taylor,JP Faulkner,1,0,,,,,,,,,
1020017,2016/17,2017-02-05,Seddon Park,1,33.6,New Zealand,Australia,LRPL Taylor,NT Broom,JP Faulkner,1,0,,,,,,,,,
1020017,2016/17,2017-02-05,Seddon Park,1,34.1,New Zealand,Australia,LRPL Taylor,NT Broom,PJ Cummins,0,0,,,,,,,,,
1020017,2016/17,2017-02-05,Seddon Park,1,34.2,New Zealand,Australia,LRPL Taylor,NT Broom,PJ Cummins,0,1,1,,,,,,,,
1020017,2016/17,2017-02-05,Seddon Park,1,34.3,New Zealand,Australia,LRPL Taylor,NT Broom,PJ Cummins,1,0,,,,,,,,,
1020017,2016/17,2017-02-05,Seddon Park,1,34.4,New Zealand,Australia,NT Broom,LRPL Taylor,PJ Cummins,1,0,,,,,,,,,
1020017,2016/17,2017-02-05,Seddon Park,1,34.5,New Zealand,Australia,LRPL Taylor,NT Broom,PJ Cummins,0,1,1,,,,,,,,
1020017,2016/17,2017-02-05,Seddon Park,1,34.6,New Zealand,Australia,LRPL Taylor,NT Broom,PJ Cummins,1,0,,,,,,,,,
1020017,2016/17,2017-02-05,Seddon Park,1,34.7,New Zealand,Australia,NT Broom,LRPL Taylor,PJ Cummins,1,0,,,,,,,,,
1020017,2016/17,2017-02-05,Seddon Park,1,34.8,New Zealand,Australia,LRPL Taylor,NT Broom,PJ Cummins,0,1,1,,,,,,,,
1020017,2016/17,2017-02-05,Seddon Park,1,34.9,New Zealand,Australia,LRPL Taylor,NT Broom,PJ Cummins,1,0,,,,,,,,,
1020017,2016/17,2017-02-05,Seddon Park,1,35.1,New Zealand,Australia,LRPL Taylor,NT Broom,JP Faulkner,1,0,,,,,,,,,
1020017,2016/17,2017-02-05,Seddon Park,1,35.2,New Zealand,Australia,NT Broom,LRPL Taylor,JP Faulkner,2,0,,,,,,,,,
1020017,2016/17,2017-02-05,Seddon Park,1,35.3,New Zealand,Australia,NT Broom,LRPL Taylor,JP Faulkner,0,0,,,,,,,,,
1020017,2016/17,2017-02-05,Seddon Park,1,35.4,New Zealand,Australia,NT Broom,LRPL Taylor,JP Faulkner,1,0,,,,,,,,,
1020017,2016/17,2017-02-05,Seddon Park,1,35.5,New Zealand,Australia,LRPL Taylor,NT Broom,JP Faulkner,1,0,,,,,,,,,
1020017,2016/17,2017-02-05,Seddon Park,1,35.6,New Zealand,Australia,NT Broom,LRPL Taylor,JP Faulkner,0,0,,,,,,caught,NT Broom,,
1020017,2016/17,2017-02-05,Seddon Park,1,36.1,New Zealand,Australia,LRPL Taylor,C Munro,JR Hazlewood,1,0,,,,,,,,,
1020017,2016/17,2017-02-05,Seddon Park,1,36.2,New Zealand,Australia,C Munro,LRPL Taylor,JR Hazlewood,0,0,,,,,,,,,
1020017,2016/17,2017-02-05,Seddon Park,1,36.3,New Zealand,Australia,C Munro,LRPL Taylor,JR Hazlewood,0,0,,,,,,,,,
1020017,2016/17,2017-02-05,Seddon Park,1,36.4,New Zealand,Australia,C Munro,LRPL Taylor,JR Hazlewood,0,0,,,,,,,,,
1020017,2016/17,2017-02-05,Seddon Park,1,36.5,New Zealand,Australia,C Munro,LRPL Taylor,JR Hazlewood,0,0,,,,,,,,,
1020017,2016/17,2017-02-05,Seddon Park,1,36.6,New Zealand,Australia,C Munro,LRPL Taylor,JR Hazlewood,0,0,,,,,,,,,
1020017,2016/17,2017-02-05,Seddon Park,1,37.1,New Zealand,Australia,LRPL Taylor,C Munro,JP Faulkner,0,0,,,,,,,,,
1020017,2016/17,2017-02-05,Seddon Park,1,37.2,New Zealand,Australia,LRPL Taylor,C Munro,JP Faulkner,1,0,,,,,,,,,
1020017,2016/17,2017-02-05,Seddon Park,1,37.3,New Zealand,Australia,C Munro,LRPL Taylor,JP Faulkner,2,0,,,,,,,,,
1020017,2016/17,2017-02-05,Seddon Park,1,37.4,New Zealand,Australia,C Munro,LRPL Taylor,JP Faulkner,1,0,,,,,,,,,
1020017,2016/17,2017-02-05,Seddon Park,1,37.5,New Zealand,Australia,LRPL Taylor,C Munro,JP Faulkner,0,0,,,,,,,,,
1020017,2016/17,2017-02-05,Seddon Park,1,37.6,New Zealand,Australia,LRPL Taylor,C Munro,JP Faulkner,1,0,,,,,,,,,
1020017,2016/17,2017-02-05,Seddon Park,1,38.1,New Zealand,Australia,LRPL Taylor,C Munro,JR Hazlewood,0,0,,,,,,,,,
1020017,2016/17,2017-02-05,Seddon Park,1,38.2,New Zealand,Australia,LRPL Taylor,C Munro,JR Hazlewood,1,0,,,,,,,,,
1020017,2016/17,2017-02-05,Seddon Park,1,38.3,New Zealand,Australia,C Munro,LRPL Taylor,JR Hazlewood,0,0,,,,,,,,,
1020017,2016/17,2017-02-05,Seddon Park,1,38.4,New Zealand,Australia,C Munro,LRPL Taylor,JR Hazlewood,0,0,,,,,,caught,C Munro,,
1020017,2016/17,2017-02-05,Seddon Park,1,38.5,New Zealand,Australia,JDS Neesham,LRPL Taylor,JR Hazlewood,1,0,,,,,,,,,
1020017,2016/17,2017-02-05,Seddon Park,1,38.6,New Zealand,Australia,LRPL Taylor,JDS Neesham,JR Hazlewood,1,0,,,,,,,,,
1020017,2016/17,2017-02-05,Seddon Park,1,39.1,New Zealand,Australia,LRPL Taylor,JDS Neesham,PJ Cummins,1,0,,,,,,,,,
1020017,2016/17,2017-02-05,Seddon Park,1,39.2,New Zealand,Australia,JDS Neesham,LRPL Taylor,PJ Cummins,0,0,,,,,,,,,
1020017,2016/17,2017-02-05,Seddon Park,1,39.3,New Zealand,Australia,JDS Neesham,LRPL Taylor,PJ Cummins,0,0,,,,,,,,,
1020017,2016/17,2017-02-05,Seddon Park,1,39.4,New Zealand,Australia,JDS Neesham,LRPL Taylor,PJ Cummins,0,0,,,,,,,,,
1020017,2016/17,2017-02-05,Seddon Park,1,39.5,New Zealand,Australia,JDS Neesham,LRPL Taylor,PJ Cummins,0,0,,,,,,,,,
1020017,2016/17,2017-02-05,Seddon Park,1,39.6,New Zealand,Australia,JDS Neesham,LRPL Taylor,PJ Cummins,0,0,,,,,,,,,
1020017,2016/17,2017-02-05,Seddon Park,1,40.1,New Zealand,Australia,LRPL Taylor,JDS Neesham,JR Hazlewood,1,0,,,,,,,,,
1020017,2016/17,2017-02-05,Seddon Park,1,40.2,New Zealand,Australia,JDS Neesham,LRPL Taylor,JR Hazlewood,0,0,,,,,,bowled,JDS Neesham,,
1020017,2016/17,2017-02-05,Seddon Park,1,40.3,New Zealand,Australia,MJ Santner,LRPL Taylor,JR Hazlewood,0,0,,,,,,,,,
1020017,2016/17,2017-02-05,Seddon Park,1,40.4,New Zealand,Australia,MJ Santner,LRPL Taylor,JR Hazlewood,0,0,,,,,,,,,
1020017,2016/17,2017-02-05,Seddon Park,1,40.5,New Zealand,Australia,MJ Santner,LRPL Taylor,JR Hazlewood,1,0,,,,,,,,,
1020017,2016/17,2017-02-05,Seddon Park,1,40.6,New Zealand,Australia,LRPL Taylor,MJ Santner,JR Hazlewood,1,0,,,,,,,,,
1020017,2016/17,2017-02-05,Seddon Park,1,41.1,New Zealand,Australia,LRPL Taylor,MJ Santner,PJ Cummins,1,0,,,,,,,,,
1020017,2016/17,2017-02-05,Seddon Park,1,41.2,New Zealand,Australia,MJ Santner,LRPL Taylor,PJ Cummins,0,0,,,,,,,,,
1020017,2016/17,2017-02-05,Seddon Park,1,41.3,New Zealand,Australia,MJ Santner,LRPL Taylor,PJ Cummins,0,0,,,,,,,,,
1020017,2016/17,2017-02-05,Seddon Park,1,41.4,New Zealand,Australia,MJ Santner,LRPL Taylor,PJ Cummins,1,0,,,,,,,,,
1020017,2016/17,2017-02-05,Seddon Park,1,41.5,New Zealand,Australia,LRPL Taylor,MJ Santner,PJ Cummins,1,0,,,,,,,,,
1020017,2016/17,2017-02-05,Seddon Park,1,41.6,New Zealand,Australia,MJ Santner,LRPL Taylor,PJ Cummins,0,0,,,,,,,,,
1020017,2016/17,2017-02-05,Seddon Park,1,42.1,New Zealand,Australia,LRPL Taylor,MJ Santner,JR Hazlewood,1,0,,,,,,,,,
1020017,2016/17,2017-02-05,Seddon Park,1,42.2,New Zealand,Australia,MJ Santner,LRPL Taylor,JR Hazlewood,0,0,,,,,,,,,
1020017,2016/17,2017-02-05,Seddon Park,1,42.3,New Zealand,Australia,MJ Santner,LRPL Taylor,JR Hazlewood,0,0,,,,,,,,,
1020017,2016/17,2017-02-05,Seddon Park,1,42.4,New Zealand,Australia,MJ Santner,LRPL Taylor,JR Hazlewood,0,0,,,,,,,,,
1020017,2016/17,2017-02-05,Seddon Park,1,42.5,New Zealand,Australia,MJ Santner,LRPL Taylor,JR Hazlewood,0,0,,,,,,,,,
1020017,2016/17,2017-02-05,Seddon Park,1,42.6,New Zealand,Australia,MJ Santner,LRPL Taylor,JR Hazlewood,0,0,,,,,,,,,
1020017,2016/17,2017-02-05,Seddon Park,1,43.1,New Zealand,Australia,LRPL Taylor,MJ Santner,MA Starc,1,0,,,,,,,,,
1020017,2016/17,2017-02-05,Seddon Park,1,43.2,New Zealand,Australia,MJ Santner,LRPL Taylor,MA Starc,0,0,,,,,,,,,
1020017,2016/17,2017-02-05,Seddon Park,1,43.3,New Zealand,Australia,MJ Santner,LRPL Taylor,MA Starc,6,0,,,,,,,,,
1020017,2016/17,2017-02-05,Seddon Park,1,43.4,New Zealand,Australia,MJ Santner,LRPL Taylor,MA Starc,2,0,,,,,,,,,
1020017,2016/17,2017-02-05,Seddon Park,1,43.5,New Zealand,Australia,MJ Santner,LRPL Taylor,MA Starc,1,0,,,,,,,,,
1020017,2016/17,2017-02-05,Seddon Park,1,43.6,New Zealand,Australia,LRPL Taylor,MJ Santner,MA Starc,1,0,,,,,,,,,
1020017,2016/17,2017-02-05,Seddon Park,1,44.1,New Zealand,Australia,LRPL Taylor,MJ Santner,PJ Cummins,1,0,,,,,,,,,
1020017,2016/17,2017-02-05,Seddon Park,1,44.2,New Zealand,Australia,MJ Santner,LRPL Taylor,PJ Cummins,1,0,,,,,,,,,
1020017,2016/17,2017-02-05,Seddon Park,1,44.3,New Zealand,Australia,LRPL Taylor,MJ Santner,PJ Cummins,0,0,,,,,,,,,
1020017,2016/17,2017-02-05,Seddon Park,1,44.4,New Zealand,Australia,LRPL Taylor,MJ Santner,PJ Cummins,1,0,,,,,,,,,
1020017,2016/17,2017-02-05,Seddon Park,1,44.5,New Zealand,Australia,MJ Santner,LRPL Taylor,PJ Cummins,0,0,,,,,,,,,
1020017,2016/17,2017-02-05,Seddon Park,1,44.6,New Zealand,Australia,MJ Santner,LRPL Taylor,PJ Cummins,0,0,,,,,,,,,
1020017,2016/17,2017-02-05,Seddon Park,1,45.1,New Zealand,Australia,LRPL Taylor,MJ Santner,MA Starc,4,0,,,,,,,,,
1020017,2016/17,2017-02-05,Seddon Park,1,45.2,New Zealand,Australia,LRPL Taylor,MJ Santner,MA Starc,1,0,,,,,,,,,
1020017,2016/17,2017-02-05,Seddon Park,1,45.3,New Zealand,Australia,MJ Santner,LRPL Taylor,MA Starc,0,0,,,,,,,,,
1020017,2016/17,2017-02-05,Seddon Park,1,45.4,New Zealand,Australia,MJ Santner,LRPL Taylor,MA Starc,0,0,,,,,,,,,
1020017,2016/17,2017-02-05,Seddon Park,1,45.5,New Zealand,Australia,MJ Santner,LRPL Taylor,MA Starc,1,0,,,,,,,,,
1020017,2016/17,2017-02-05,Seddon Park,1,45.6,New Zealand,Australia,LRPL Taylor,MJ Santner,MA Starc,4,0,,,,,,,,,
1020017,2016/17,2017-02-05,Seddon Park,1,46.1,New Zealand,Australia,MJ Santner,LRPL Taylor,JP Faulkner,1,0,,,,,,,,,
1020017,2016/17,2017-02-05,Seddon Park,1,46.2,New Zealand,Australia,LRPL Taylor,MJ Santner,JP Faulkner,0,4,,,,4,,,,,
1020017,2016/17,2017-02-05,Seddon Park,1,46.3,New Zealand,Australia,LRPL Taylor,MJ Santner,JP Faulkner,1,0,,,,,,,,,
1020017,2016/17,2017-02-05,Seddon Park,1,46.4,New Zealand,Australia,MJ Santner,LRPL Taylor,JP Faulkner,1,0,,,,,,,,,
1020017,2016/17,2017-02-05,Seddon Park,1,46.5,New Zealand,Australia,LRPL Taylor,MJ Santner,JP Faulkner,0,0,,,,,,caught,LRPL Taylor,,
1020017,2016/17,2017-02-05,Seddon Park,1,46.6,New Zealand,Australia,TG Southee,MJ Santner,JP Faulkner,1,0,,,,,,,,,
1020017,2016/17,2017-02-05,Seddon Park,1,47.1,New Zealand,Australia,TG Southee,MJ Santner,MA Starc,0,0,,,,,,,,,
1020017,2016/17,2017-02-05,Seddon Park,1,47.2,New Zealand,Australia,TG Southee,MJ Santner,MA Starc,0,0,,,,,,,,,
1020017,2016/17,2017-02-05,Seddon Park,1,47.3,New Zealand,Australia,TG Southee,MJ Santner,MA Starc,1,0,,,,,,,,,
1020017,2016/17,2017-02-05,Seddon Park,1,47.4,New Zealand,Australia,MJ Santner,TG Southee,MA Starc,1,0,,,,,,,,,
1020017,2016/17,2017-02-05,Seddon Park,1,47.5,New Zealand,Australia,TG Southee,MJ Santner,MA Starc,1,0,,,,,,,,,
1020017,2016/17,2017-02-05,Seddon Park,1,47.6,New Zealand,Australia,MJ Santner,TG Southee,MA Starc,1,0,,,,,,,,,
1020017,2016/17,2017-02-05,Seddon Park,1,48.1,New Zealand,Australia,MJ Santner,TG Southee,JP Faulkner,1,0,,,,,,,,,
1020017,2016/17,2017-02-05,Seddon Park,1,48.2,New Zealand,Australia,TG Southee,MJ Santner,JP Faulkner,6,0,,,,,,,,,
1020017,2016/17,2017-02-05,Seddon Park,1,48.3,New Zealand,Australia,TG Southee,MJ Santner,JP Faulkner,1,0,,,,,,,,,
1020017,2016/17,2017-02-05,Seddon Park,1,48.4,New Zealand,Australia,MJ Santner,TG Southee,JP Faulkner,0,0,,,,,,,,,
1020017,2016/17,2017-02-05,Seddon Park,1,48.5,New Zealand,Australia,MJ Santner,TG Southee,JP Faulkner,2,0,,,,,,,,,
1020017,2016/17,2017-02-05,Seddon Park,1,48.6,New Zealand,Australia,MJ Santner,TG Southee,JP Faulkner,4,0,,,,,,,,,
1020017,2016/17,2017-02-05,Seddon Park,1,49.1,New Zealand,Australia,TG Southee,MJ Santner,MA Starc,0,0,,,,,,bowled,TG Southee,,
1020017,2016/17,2017-02-05,Seddon Park,1,49.2,New Zealand,Australia,LH Ferguson,MJ Santner,MA Starc,0,0,,,,,,bowled,LH Ferguson,,
1020017,2016/17,2017-02-05,Seddon Park,1,49.3,New Zealand,Australia,TA Boult,MJ Santner,MA Starc,1,1,,1,,,,,,,
1020017,2016/17,2017-02-05,Seddon Park,1,49.4,New Zealand,Australia,MJ Santner,TA Boult,MA Starc,0,0,,,,,,,,,
1020017,2016/17,2017-02-05,Seddon Park,1,49.5,New Zealand,Australia,MJ Santner,TA Boult,MA Starc,4,0,,,,,,,,,
1020017,2016/17,2017-02-05,Seddon Park,1,49.6,New Zealand,Australia,MJ Santner,TA Boult,MA Starc,4,0,,,,,,,,,
1020017,2016/17,2017-02-05,Seddon Park,1,49.7,New Zealand,Australia,MJ Santner,TA Boult,MA Starc,6,0,,,,,,,,,
1020017,2016/17,2017-02-05,Seddon Park,2,0.1,Australia,New Zealand,AJ Finch,SE Marsh,TG Southee,0,4,,,,4,,,,,
1020017,2016/17,2017-02-05,Seddon Park,2,0.2,Australia,New Zealand,AJ Finch,SE Marsh,TG Southee,0,0,,,,,,,,,
1020017,2016/17,2017-02-05,Seddon Park,2,0.3,Australia,New Zealand,AJ Finch,SE Marsh,TG Southee,0,0,,,,,,,,,
1020017,2016/17,2017-02-05,Seddon Park,2,0.4,Australia,New Zealand,AJ Finch,SE Marsh,TG Southee,4,0,,,,,,,,,
1020017,2016/17,2017-02-05,Seddon Park,2,0.5,Australia,New Zealand,AJ Finch,SE Marsh,TG Southee,0,0,,,,,,,,,
1020017,2016/17,2017-02-05,Seddon Park,2,0.6,Australia,New Zealand,AJ Finch,SE Marsh,TG Southee,1,0,,,,,,,,,
1020017,2016/17,2017-02-05,Seddon Park,2,1.1,Australia,New Zealand,AJ Finch,SE Marsh,TA Boult,0,0,,,,,,,,,
1020017,2016/17,2017-02-05,Seddon Park,2,1.2,Australia,New Zealand,AJ Finch,SE Marsh,TA Boult,1,0,,,,,,,,,
1020017,2016/17,2017-02-05,Seddon Park,2,1.3,Australia,New Zealand,SE Marsh,AJ Finch,TA Boult,0,0,,,,,,,,,
1020017,2016/17,2017-02-05,Seddon Park,2,1.4,Australia,New Zealand,SE Marsh,AJ Finch,TA Boult,1,0,,,,,,,,,
1020017,2016/17,2017-02-05,Seddon Park,2,1.5,Australia,New Zealand,AJ Finch,SE Marsh,TA Boult,0,0,,,,,,,,,
1020017,2016/17,2017-02-05,Seddon Park,2,1.6,Australia,New Zealand,AJ Finch,SE Marsh,TA Boult,1,0,,,,,,,,,
1020017,2016/17,2017-02-05,Seddon Park,2,2.1,Australia,New Zealand,AJ Finch,SE Marsh,TG Southee,6,0,,,,,,,,,
1020017,2016/17,2017-02-05,Seddon Park,2,2.2,Australia,New Zealand,AJ Finch,SE Marsh,TG Southee,2,0,,,,,,,,,
1020017,2016/17,2017-02-05,Seddon Park,2,2.3,Australia,New Zealand,AJ Finch,SE Marsh,TG Southee,0,0,,,,,,,,,
1020017,2016/17,2017-02-05,Seddon Park,2,2.4,Australia,New Zealand,AJ Finch,SE Marsh,TG Southee,0,0,,,,,,,,,
1020017,2016/17,2017-02-05,Seddon Park,2,2.5,Australia,New Zealand,AJ Finch,SE Marsh,TG Southee,0,0,,,,,,,,,
1020017,2016/17,2017-02-05,Seddon Park,2,2.6,Australia,New Zealand,AJ Finch,SE Marsh,TG Southee,0,0,,,,,,,,,
1020017,2016/17,2017-02-05,Seddon Park,2,3.1,Australia,New Zealand,SE Marsh,AJ Finch,TA Boult,0,0,,,,,,,,,
1020017,2016/17,2017-02-05,Seddon Park,2,3.2,Australia,New Zealand,SE Marsh,AJ Finch,TA Boult,0,0,,,,,,,,,
1020017,2016/17,2017-02-05,Seddon Park,2,3.3,Australia,New Zealand,SE Marsh,AJ Finch,TA Boult,0,0,,,,,,,,,
1020017,2016/17,2017-02-05,Seddon Park,2,3.4,Australia,New Zealand,SE Marsh,AJ Finch,TA Boult,0,0,,,,,,,,,
1020017,2016/17,2017-02-05,Seddon Park,2,3.5,Australia,New Zealand,SE Marsh,AJ Finch,TA Boult,0,0,,,,,,,,,
1020017,2016/17,2017-02-05,Seddon Park,2,3.6,Australia,New Zealand,SE Marsh,AJ Finch,TA Boult,0,0,,,,,,,,,
1020017,2016/17,2017-02-05,Seddon Park,2,4.1,Australia,New Zealand,AJ Finch,SE Marsh,TG Southee,0,0,,,,,,,,,
1020017,2016/17,2017-02-05,Seddon Park,2,4.2,Australia,New Zealand,AJ Finch,SE Marsh,TG Southee,0,0,,,,,,,,,
1020017,2016/17,2017-02-05,Seddon Park,2,4.3,Australia,New Zealand,AJ Finch,SE Marsh,TG Southee,0,0,,,,,,,,,
1020017,2016/17,2017-02-05,Seddon Park,2,4.4,Australia,New Zealand,AJ Finch,SE Marsh,TG Southee,0,1,1,,,,,,,,
1020017,2016/17,2017-02-05,Seddon Park,2,4.5,Australia,New Zealand,AJ Finch,SE Marsh,TG Southee,1,0,,,,,,,,,
1020017,2016/17,2017-02-05,Seddon Park,2,4.6,Australia,New Zealand,SE Marsh,AJ Finch,TG Southee,0,0,,,,,,,,,
1020017,2016/17,2017-02-05,Seddon Park,2,4.7,Australia,New Zealand,SE Marsh,AJ Finch,TG Southee,0,0,,,,,,,,,
1020017,2016/17,2017-02-05,Seddon Park,2,5.1,Australia,New Zealand,AJ Finch,SE Marsh,TA Boult,0,0,,,,,,,,,
1020017,2016/17,2017-02-05,Seddon Park,2,5.2,Australia,New Zealand,AJ Finch,SE Marsh,TA Boult,1,0,,,,,,,,,
1020017,2016/17,2017-02-05,Seddon Park,2,5.3,Australia,New Zealand,SE Marsh,AJ Finch,TA Boult,0,0,,,,,,,,,
1020017,2016/17,2017-02-05,Seddon Park,2,5.4,Australia,New Zealand,SE Marsh,AJ Finch,TA Boult,0,0,,,,,,,,,
1020017,2016/17,2017-02-05,Seddon Park,2,5.5,Australia,New Zealand,SE Marsh,AJ Finch,TA Boult,0,0,,,,,,,,,
1020017,2016/17,2017-02-05,Seddon Park,2,5.6,Australia,New Zealand,SE Marsh,AJ Finch,TA Boult,1,0,,,,,,,,,
1020017,2016/17,2017-02-05,Seddon Park,2,6.1,Australia,New Zealand,SE Marsh,AJ Finch,TG Southee,2,0,,,,,,,,,
1020017,2016/17,2017-02-05,Seddon Park,2,6.2,Australia,New Zealand,SE Marsh,AJ Finch,TG Southee,4,0,,,,,,,,,
1020017,2016/17,2017-02-05,Seddon Park,2,6.3,Australia,New Zealand,SE Marsh,AJ Finch,TG Southee,4,0,,,,,,,,,
1020017,2016/17,2017-02-05,Seddon Park,2,6.4,Australia,New Zealand,SE Marsh,AJ Finch,TG Southee,4,0,,,,,,,,,
1020017,2016/17,2017-02-05,Seddon Park,2,6.5,Australia,New Zealand,SE Marsh,AJ Finch,TG Southee,0,0,,,,,,,,,
1020017,2016/17,2017-02-05,Seddon Park,2,6.6,Australia,New Zealand,SE Marsh,AJ Finch,TG Southee,1,0,,,,,,,,,
1020017,2016/17,2017-02-05,Seddon Park,2,7.1,Australia,New Zealand,SE Marsh,AJ Finch,TA Boult,4,0,,,,,,,,,
1020017,2016/17,2017-02-05,Seddon Park,2,7.2,Australia,New Zealand,SE Marsh,AJ Finch,TA Boult,1,0,,,,,,run out,SE Marsh,,
1020017,2016/17,2017-02-05,Seddon Park,2,7.3,Australia,New Zealand,PSP Handscomb,AJ Finch,TA Boult,0,0,,,,,,,,,
1020017,2016/17,2017-02-05,Seddon Park,2,7.4,Australia,New Zealand,PSP Handscomb,AJ Finch,TA Boult,0,0,,,,,,bowled,PSP Handscomb,,
1020017,2016/17,2017-02-05,Seddon Park,2,7.5,Australia,New Zealand,TM Head,AJ Finch,TA Boult,0,0,,,,,,,,,
1020017,2016/17,2017-02-05,Seddon Park,2,7.6,Australia,New Zealand,TM Head,AJ Finch,TA Boult,0,0,,,,,,,,,
1020017,2016/17,2017-02-05,Seddon Park,2,8.1,Australia,New Zealand,AJ Finch,TM Head,LH Ferguson,0,0,,,,,,,,,
1020017,2016/17,2017-02-05,Seddon Park,2,8.2,Australia,New Zealand,AJ Finch,TM Head,LH Ferguson,0,0,,,,,,,,,
1020017,2016/17,2017-02-05,Seddon Park,2,8.3,Australia,New Zealand,AJ Finch,TM Head,LH Ferguson,0,0,,,,,,,,,
1020017,2016/17,2017-02-05,Seddon Park,2,8.4,Australia,New Zealand,AJ Finch,TM Head,LH Ferguson,0,0,,,,,,,,,
1020017,2016/17,2017-02-05,Seddon Park,2,8.5,Australia,New Zealand,AJ Finch,TM Head,LH Ferguson,0,0,,,,,,,,,
1020017,2016/17,2017-02-05,Seddon Park,2,8.6,Australia,New Zealand,AJ Finch,TM Head,LH Ferguson,0,0,,,,,,,,,
1020017,2016/17,2017-02-05,Seddon Park,2,9.1,Australia,New Zealand,TM Head,AJ Finch,TA Boult,3,0,,,,,,,,,
1020017,2016/17,2017-02-05,Seddon Park,2,9.2,Australia,New Zealand,AJ Finch,TM Head,TA Boult,0,0,,,,,,,,,
1020017,2016/17,2017-02-05,Seddon Park,2,9.3,Australia,New Zealand,AJ Finch,TM Head,TA Boult,1,0,,,,,,,,,
1020017,2016/17,2017-02-05,Seddon Park,2,9.4,Australia,New Zealand,TM Head,AJ Finch,TA Boult,0,0,,,,,,,,,
1020017,2016/17,2017-02-05,Seddon Park,2,9.5,Australia,New Zealand,TM Head,AJ Finch,TA Boult,4,0,,,,,,,,,
1020017,2016/17,2017-02-05,Seddon Park,2,9.6,Australia,New Zealand,TM Head,AJ Finch,TA Boult,0,0,,,,,,,,,
1020017,2016/17,2017-02-05,Seddon Park,2,10.1,Australia,New Zealand,AJ Finch,TM Head,LH Ferguson,1,0,,,,,,,,,
1020017,2016/17,2017-02-05,Seddon Park,2,10.2,Australia,New Zealand,TM Head,AJ Finch,LH Ferguson,1,0,,,,,,,,,
1020017,2016/17,2017-02-05,Seddon Park,2,10.3,Australia,New Zealand,AJ Finch,TM Head,LH Ferguson,0,0,,,,,,,,,
1020017,2016/17,2017-02-05,Seddon Park,2,10.4,Australia,New Zealand,AJ Finch,TM Head,LH Ferguson,0,0,,,,,,,,,
1020017,2016/17,2017-02-05,Seddon Park,2,10.5,Australia,New Zealand,AJ Finch,TM Head,LH Ferguson,1,0,,,,,,,,,
1020017,2016/17,2017-02-05,Seddon Park,2,10.6,Australia,New Zealand,TM Head,AJ Finch,LH Ferguson,0,0,,,,,,,,,
1020017,2016/17,2017-02-05,Seddon Park,2,11.1,Australia,New Zealand,AJ Finch,TM Head,JDS Neesham,0,0,,,,,,,,,
1020017,2016/17,2017-02-05,Seddon Park,2,11.2,Australia,New Zealand,AJ Finch,TM Head,JDS Neesham,0,0,,,,,,,,,
1020017,2016/17,2017-02-05,Seddon Park,2,11.3,Australia,New Zealand,AJ Finch,TM Head,JDS Neesham,0,0,,,,,,,,,
1020017,2016/17,2017-02-05,Seddon Park,2,11.4,Australia,New Zealand,AJ Finch,TM Head,JDS Neesham,1,0,,,,,,,,,
1020017,2016/17,2017-02-05,Seddon Park,2,11.5,Australia,New Zealand,TM Head,AJ Finch,JDS Neesham,0,0,,,,,,,,,
1020017,2016/17,2017-02-05,Seddon Park,2,11.6,Australia,New Zealand,TM Head,AJ Finch,JDS Neesham,1,0,,,,,,,,,
1020017,2016/17,2017-02-05,Seddon Park,2,12.1,Australia,New Zealand,TM Head,AJ Finch,LH Ferguson,1,0,,,,,,,,,
1020017,2016/17,2017-02-05,Seddon Park,2,12.2,Australia,New Zealand,AJ Finch,TM Head,LH Ferguson,1,0,,,,,,,,,
1020017,2016/17,2017-02-05,Seddon Park,2,12.3,Australia,New Zealand,TM Head,AJ Finch,LH Ferguson,4,0,,,,,,,,,
1020017,2016/17,2017-02-05,Seddon Park,2,12.4,Australia,New Zealand,TM Head,AJ Finch,LH Ferguson,2,0,,,,,,,,,
1020017,2016/17,2017-02-05,Seddon Park,2,12.5,Australia,New Zealand,TM Head,AJ Finch,LH Ferguson,0,0,,,,,,,,,
1020017,2016/17,2017-02-05,Seddon Park,2,12.6,Australia,New Zealand,TM Head,AJ Finch,LH Ferguson,1,0,,,,,,,,,
1020017,2016/17,2017-02-05,Seddon Park,2,13.1,Australia,New Zealand,TM Head,AJ Finch,JDS Neesham,4,0,,,,,,,,,
1020017,2016/17,2017-02-05,Seddon Park,2,13.2,Australia,New Zealand,TM Head,AJ Finch,JDS Neesham,0,0,,,,,,,,,
1020017,2016/17,2017-02-05,Seddon Park,2,13.3,Australia,New Zealand,TM Head,AJ Finch,JDS Neesham,1,0,,,,,,,,,
1020017,2016/17,2017-02-05,Seddon Park,2,13.4,Australia,New Zealand,AJ Finch,TM Head,JDS Neesham,4,0,,,,,,,,,
1020017,2016/17,2017-02-05,Seddon Park,2,13.5,Australia,New Zealand,AJ Finch,TM Head,JDS Neesham,0,0,,,,,,,,,
1020017,2016/17,2017-02-05,Seddon Park,2,13.6,Australia,New Zealand,AJ Finch,TM Head,JDS Neesham,2,0,,,,,,,,,
1020017,2016/17,2017-02-05,Seddon Park,2,14.1,Australia,New Zealand,TM Head,AJ Finch,LH Ferguson,1,0,,,,,,,,,
1020017,2016/17,2017-02-05,Seddon Park,2,14.2,Australia,New Zealand,AJ Finch,TM Head,LH Ferguson,0,0,,,,,,,,,
1020017,2016/17,2017-02-05,Seddon Park,2,14.3,Australia,New Zealand,AJ Finch,TM Head,LH Ferguson,0,0,,,,,,,,,
1020017,2016/17,2017-02-05,Seddon Park,2,14.4,Australia,New Zealand,AJ Finch,TM Head,LH Ferguson,0,0,,,,,,,,,
1020017,2016/17,2017-02-05,Seddon Park,2,14.5,Australia,New Zealand,AJ Finch,TM Head,LH Ferguson,1,0,,,,,,,,,
1020017,2016/17,2017-02-05,Seddon Park,2,14.6,Australia,New Zealand,TM Head,AJ Finch,LH Ferguson,1,0,,,,,,,,,
1020017,2016/17,2017-02-05,Seddon Park,2,15.1,Australia,New Zealand,TM Head,AJ Finch,MJ Santner,4,0,,,,,,,,,
1020017,2016/17,2017-02-05,Seddon Park,2,15.2,Australia,New Zealand,TM Head,AJ Finch,MJ Santner,0,0,,,,,,,,,
1020017,2016/17,2017-02-05,Seddon Park,2,15.3,Australia,New Zealand,TM Head,AJ Finch,MJ Santner,0,0,,,,,,,,,
1020017,2016/17,2017-02-05,Seddon Park,2,15.4,Australia,New Zealand,TM Head,AJ Finch,MJ Santner,0,0,,,,,,,,,
1020017,2016/17,2017-02-05,Seddon Park,2,15.5,Australia,New Zealand,TM Head,AJ Finch,MJ Santner,1,0,,,,,,,,,
1020017,2016/17,2017-02-05,Seddon Park,2,15.6,Australia,New Zealand,AJ Finch,TM Head,MJ Santner,1,0,,,,,,,,,
1020017,2016/17,2017-02-05,Seddon Park,2,16.1,Australia,New Zealand,AJ Finch,TM Head,KS Williamson,0,0,,,,,,,,,
1020017,2016/17,2017-02-05,Seddon Park,2,16.2,Australia,New Zealand,AJ Finch,TM Head,KS Williamson,4,0,,,,,,,,,
1020017,2016/17,2017-02-05,Seddon Park,2,16.3,Australia,New Zealand,AJ Finch,TM Head,KS Williamson,6,0,,,,,,,,,
1020017,2016/17,2017-02-05,Seddon Park,2,16.4,Australia,New Zealand,AJ Finch,TM Head,KS Williamson,0,0,,,,,,,,,
1020017,2016/17,2017-02-05,Seddon Park,2,16.5,Australia,New Zealand,AJ Finch,TM Head,KS Williamson,1,0,,,,,,,,,
1020017,2016/17,2017-02-05,Seddon Park,2,16.6,Australia,New Zealand,TM Head,AJ Finch,KS Williamson,0,0,,,,,,,,,
1020017,2016/17,2017-02-05,Seddon Park,2,17.1,Australia,New Zealand,AJ Finch,TM Head,MJ Santner,1,0,,,,,,,,,
1020017,2016/17,2017-02-05,Seddon Park,2,17.2,Australia,New Zealand,TM Head,AJ Finch,MJ Santner,0,0,,,,,,,,,
1020017,2016/17,2017-02-05,Seddon Park,2,17.3,Australia,New Zealand,TM Head,AJ Finch,MJ Santner,0,0,,,,,,,,,
1020017,2016/17,2017-02-05,Seddon Park,2,17.4,Australia,New Zealand,TM Head,AJ Finch,MJ Santner,0,0,,,,,,,,,
1020017,2016/17,2017-02-05,Seddon Park,2,17.5,Australia,New Zealand,TM Head,AJ Finch,MJ Santner,1,0,,,,,,,,,
1020017,2016/17,2017-02-05,Seddon Park,2,17.6,Australia,New Zealand,AJ Finch,TM Head,MJ Santner,1,0,,,,,,,,,
1020017,2016/17,2017-02-05,Seddon Park,2,18.1,Australia,New Zealand,AJ Finch,TM Head,KS Williamson,4,0,,,,,,,,,
1020017,2016/17,2017-02-05,Seddon Park,2,18.2,Australia,New Zealand,AJ Finch,TM Head,KS Williamson,1,0,,,,,,,,,
1020017,2016/17,2017-02-05,Seddon Park,2,18.3,Australia,New Zealand,TM Head,AJ Finch,KS Williamson,0,0,,,,,,,,,
1020017,2016/17,2017-02-05,Seddon Park,2,18.4,Australia,New Zealand,TM Head,AJ Finch,KS Williamson,0,0,,,,,,,,,
1020017,2016/17,2017-02-05,Seddon Park,2,18.5,Australia,New Zealand,TM Head,AJ Finch,KS Williamson,1,0,,,,,,,,,
1020017,2016/17,2017-02-05,Seddon Park,2,18.6,Australia,New Zealand,AJ Finch,TM Head,KS Williamson,1,0,,,,,,,,,
1020017,2016/17,2017-02-05,Seddon Park,2,19.1,Australia,New Zealand,AJ Finch,TM Head,MJ Santner,0,0,,,,,,,,,
1020017,2016/17,2017-02-05,Seddon Park,2,19.2,Australia,New Zealand,AJ Finch,TM Head,MJ Santner,0,0,,,,,,,,,
1020017,2016/17,2017-02-05,Seddon Park,2,19.3,Australia,New Zealand,AJ Finch,TM Head,MJ Santner,1,0,,,,,,,,,
1020017,2016/17,2017-02-05,Seddon Park,2,19.4,Australia,New Zealand,TM Head,AJ Finch,MJ Santner,0,0,,,,,,,,,
1020017,2016/17,2017-02-05,Seddon Park,2,19.5,Australia,New Zealand,TM Head,AJ Finch,MJ Santner,2,0,,,,,,,,,
1020017,2016/17,2017-02-05,Seddon Park,2,19.6,Australia,New Zealand,TM Head,AJ Finch,MJ Santner,0,0,,,,,,,,,
1020017,2016/17,2017-02-05,Seddon Park,2,20.1,Australia,New Zealand,AJ Finch,TM Head,KS Williamson,0,1,1,,,,,,,,
1020017,2016/17,2017-02-05,Seddon Park,2,20.2,Australia,New Zealand,AJ Finch,TM Head,KS Williamson,1,0,,,,,,,,,
1020017,2016/17,2017-02-05,Seddon Park,2,20.3,Australia,New Zealand,TM Head,AJ Finch,KS Williamson,1,0,,,,,,,,,
1020017,2016/17,2017-02-05,Seddon Park,2,20.4,Australia,New Zealand,AJ Finch,TM Head,KS Williamson,1,0,,,,,,,,,
1020017,2016/17,2017-02-05,Seddon Park,2,20.5,Australia,New Zealand,TM Head,AJ Finch,KS Williamson,1,0,,,,,,,,,
1020017,2016/17,2017-02-05,Seddon Park,2,20.6,Australia,New Zealand,AJ Finch,TM Head,KS Williamson,4,0,,,,,,,,,
1020017,2016/17,2017-02-05,Seddon Park,2,20.7,Australia,New Zealand,AJ Finch,TM Head,KS Williamson,0,0,,,,,,caught,AJ Finch,,
1020017,2016/17,2017-02-05,Seddon Park,2,21.1,Australia,New Zealand,TM Head,GJ Maxwell,MJ Santner,0,0,,,,,,,,,
1020017,2016/17,2017-02-05,Seddon Park,2,21.2,Australia,New Zealand,TM Head,GJ Maxwell,MJ Santner,0,0,,,,,,,,,
1020017,2016/17,2017-02-05,Seddon Park,2,21.3,Australia,New Zealand,TM Head,GJ Maxwell,MJ Santner,1,0,,,,,,,,,
1020017,2016/17,2017-02-05,Seddon Park,2,21.4,Australia,New Zealand,GJ Maxwell,TM Head,MJ Santner,0,0,,,,,,,,,
1020017,2016/17,2017-02-05,Seddon Park,2,21.5,Australia,New Zealand,GJ Maxwell,TM Head,MJ Santner,0,0,,,,,,,,,
1020017,2016/17,2017-02-05,Seddon Park,2,21.6,Australia,New Zealand,GJ Maxwell,TM Head,MJ Santner,0,0,,,,,,caught,GJ Maxwell,,
1020017,2016/17,2017-02-05,Seddon Park,2,22.1,Australia,New Zealand,TM Head,MP Stoinis,KS Williamson,0,0,,,,,,,,,
1020017,2016/17,2017-02-05,Seddon Park,2,22.2,Australia,New Zealand,TM Head,MP Stoinis,KS Williamson,0,0,,,,,,,,,
1020017,2016/17,2017-02-05,Seddon Park,2,22.3,Australia,New Zealand,TM Head,MP Stoinis,KS Williamson,1,0,,,,,,,,,
1020017,2016/17,2017-02-05,Seddon Park,2,22.4,Australia,New Zealand,MP Stoinis,TM Head,KS Williamson,0,0,,,,,,,,,
1020017,2016/17,2017-02-05,Seddon Park,2,22.5,Australia,New Zealand,MP Stoinis,TM Head,KS Williamson,0,0,,,,,,,,,
1020017,2016/17,2017-02-05,Seddon Park,2,22.6,Australia,New Zealand,MP Stoinis,TM Head,KS Williamson,0,0,,,,,,,,,
1020017,2016/17,2017-02-05,Seddon Park,2,23.1,Australia,New Zealand,TM Head,MP Stoinis,MJ Santner,0,0,,,,,,,,,
1020017,2016/17,2017-02-05,Seddon Park,2,23.2,Australia,New Zealand,TM Head,MP Stoinis,MJ Santner,0,0,,,,,,,,,
1020017,2016/17,2017-02-05,Seddon Park,2,23.3,Australia,New Zealand,TM Head,MP Stoinis,MJ Santner,0,0,,,,,,,,,
1020017,2016/17,2017-02-05,Seddon Park,2,23.4,Australia,New Zealand,TM Head,MP Stoinis,MJ Santner,1,0,,,,,,,,,
1020017,2016/17,2017-02-05,Seddon Park,2,23.5,Australia,New Zealand,MP Stoinis,TM Head,MJ Santner,0,0,,,,,,,,,
1020017,2016/17,2017-02-05,Seddon Park,2,23.6,Australia,New Zealand,MP Stoinis,TM Head,MJ Santner,1,0,,,,,,,,,
1020017,2016/17,2017-02-05,Seddon Park,2,24.1,Australia,New Zealand,MP Stoinis,TM Head,KS Williamson,0,0,,,,,,,,,
1020017,2016/17,2017-02-05,Seddon Park,2,24.2,Australia,New Zealand,MP Stoinis,TM Head,KS Williamson,1,0,,,,,,,,,
1020017,2016/17,2017-02-05,Seddon Park,2,24.3,Australia,New Zealand,TM Head,MP Stoinis,KS Williamson,1,0,,,,,,,,,
1020017,2016/17,2017-02-05,Seddon Park,2,24.4,Australia,New Zealand,MP Stoinis,TM Head,KS Williamson,0,0,,,,,,,,,
1020017,2016/17,2017-02-05,Seddon Park,2,24.5,Australia,New Zealand,MP Stoinis,TM Head,KS Williamson,0,0,,,,,,,,,
1020017,2016/17,2017-02-05,Seddon Park,2,24.6,Australia,New Zealand,MP Stoinis,TM Head,KS Williamson,0,0,,,,,,,,,
1020017,2016/17,2017-02-05,Seddon Park,2,25.1,Australia,New Zealand,TM Head,MP Stoinis,MJ Santner,0,0,,,,,,,,,
1020017,2016/17,2017-02-05,Seddon Park,2,25.2,Australia,New Zealand,TM Head,MP Stoinis,MJ Santner,0,0,,,,,,,,,
1020017,2016/17,2017-02-05,Seddon Park,2,25.3,Australia,New Zealand,TM Head,MP Stoinis,MJ Santner,1,0,,,,,,,,,
1020017,2016/17,2017-02-05,Seddon Park,2,25.4,Australia,New Zealand,MP Stoinis,TM Head,MJ Santner,0,0,,,,,,,,,
1020017,2016/17,2017-02-05,Seddon Park,2,25.5,Australia,New Zealand,MP Stoinis,TM Head,MJ Santner,0,0,,,,,,,,,
1020017,2016/17,2017-02-05,Seddon Park,2,25.6,Australia,New Zealand,MP Stoinis,TM Head,MJ Santner,1,0,,,,,,,,,
1020017,2016/17,2017-02-05,Seddon Park,2,26.1,Australia,New Zealand,MP Stoinis,TM Head,KS Williamson,1,0,,,,,,,,,
1020017,2016/17,2017-02-05,Seddon Park,2,26.2,Australia,New Zealand,TM Head,MP Stoinis,KS Williamson,0,0,,,,,,,,,
1020017,2016/17,2017-02-05,Seddon Park,2,26.3,Australia,New Zealand,TM Head,MP Stoinis,KS Williamson,1,0,,,,,,,,,
1020017,2016/17,2017-02-05,Seddon Park,2,26.4,Australia,New Zealand,MP Stoinis,TM Head,KS Williamson,0,0,,,,,,,,,
1020017,2016/17,2017-02-05,Seddon Park,2,26.5,Australia,New Zealand,MP Stoinis,TM Head,KS Williamson,1,0,,,,,,,,,
1020017,2016/17,2017-02-05,Seddon Park,2,26.6,Australia,New Zealand,TM Head,MP Stoinis,KS Williamson,0,0,,,,,,,,,
1020017,2016/17,2017-02-05,Seddon Park,2,27.1,Australia,New Zealand,MP Stoinis,TM Head,LH Ferguson,0,0,,,,,,,,,
1020017,2016/17,2017-02-05,Seddon Park,2,27.2,Australia,New Zealand,MP Stoinis,TM Head,LH Ferguson,1,0,,,,,,,,,
1020017,2016/17,2017-02-05,Seddon Park,2,27.3,Australia,New Zealand,TM Head,MP Stoinis,LH Ferguson,1,0,,,,,,,,,
1020017,2016/17,2017-02-05,Seddon Park,2,27.4,Australia,New Zealand,MP Stoinis,TM Head,LH Ferguson,1,0,,,,,,,,,
1020017,2016/17,2017-02-05,Seddon Park,2,27.5,Australia,New Zealand,TM Head,MP Stoinis,LH Ferguson,0,0,,,,,,,,,
1020017,2016/17,2017-02-05,Seddon Park,2,27.6,Australia,New Zealand,TM Head,MP Stoinis,LH Ferguson,1,0,,,,,,,,,
1020017,2016/17,2017-02-05,Seddon Park,2,28.1,Australia,New Zealand,TM Head,MP Stoinis,KS Williamson,0,0,,,,,,,,,
1020017,2016/17,2017-02-05,Seddon Park,2,28.2,Australia,New Zealand,TM Head,MP Stoinis,KS Williamson,1,0,,,,,,,,,
1020017,2016/17,2017-02-05,Seddon Park,2,28.3,Australia,New Zealand,MP Stoinis,TM Head,KS Williamson,4,0,,,,,,,,,
1020017,2016/17,2017-02-05,Seddon Park,2,28.4,Australia,New Zealand,MP Stoinis,TM Head,KS Williamson,0,0,,,,,,,,,
1020017,2016/17,2017-02-05,Seddon Park,2,28.5,Australia,New Zealand,MP Stoinis,TM Head,KS Williamson,6,0,,,,,,,,,
1020017,2016/17,2017-02-05,Seddon Park,2,28.6,Australia,New Zealand,MP Stoinis,TM Head,KS Williamson,0,0,,,,,,,,,
1020017,2016/17,2017-02-05,Seddon Park,2,29.1,Australia,New Zealand,TM Head,MP Stoinis,LH Ferguson,2,0,,,,,,,,,
1020017,2016/17,2017-02-05,Seddon Park,2,29.2,Australia,New Zealand,TM Head,MP Stoinis,LH Ferguson,1,0,,,,,,,,,
1020017,2016/17,2017-02-05,Seddon Park,2,29.3,Australia,New Zealand,MP Stoinis,TM Head,LH Ferguson,0,0,,,,,,,,,
1020017,2016/17,2017-02-05,Seddon Park,2,29.4,Australia,New Zealand,MP Stoinis,TM Head,LH Ferguson,0,0,,,,,,,,,
1020017,2016/17,2017-02-05,Seddon Park,2,29.5,Australia,New Zealand,MP Stoinis,TM Head,LH Ferguson,0,5,5,,,,,,,,
1020017,2016/17,2017-02-05,Seddon Park,2,29.6,Australia,New Zealand,MP Stoinis,TM Head,LH Ferguson,2,0,,,,,,,,,
1020017,2016/17,2017-02-05,Seddon Park,2,29.7,Australia,New Zealand,MP Stoinis,TM Head,LH Ferguson,4,0,,,,,,,,,
1020017,2016/17,2017-02-05,Seddon Park,2,30.1,Australia,New Zealand,TM Head,MP Stoinis,TA Boult,0,4,,,,4,,,,,
1020017,2016/17,2017-02-05,Seddon Park,2,30.2,Australia,New Zealand,TM Head,MP Stoinis,TA Boult,4,0,,,,,,,,,
1020017,2016/17,2017-02-05,Seddon Park,2,30.3,Australia,New Zealand,TM Head,MP Stoinis,TA Boult,0,0,,,,,,,,,
1020017,2016/17,2017-02-05,Seddon Park,2,30.4,Australia,New Zealand,TM Head,MP Stoinis,TA Boult,0,0,,,,,,,,,
1020017,2016/17,2017-02-05,Seddon Park,2,30.5,Australia,New Zealand,TM Head,MP Stoinis,TA Boult,0,0,,,,,,,,,
1020017,2016/17,2017-02-05,Seddon Park,2,30.6,Australia,New Zealand,TM Head,MP Stoinis,TA Boult,0,0,,,,,,,,,
1020017,2016/17,2017-02-05,Seddon Park,2,31.1,Australia,New Zealand,MP Stoinis,TM Head,LH Ferguson,1,0,,,,,,,,,
1020017,2016/17,2017-02-05,Seddon Park,2,31.2,Australia,New Zealand,TM Head,MP Stoinis,LH Ferguson,1,0,,,,,,,,,
1020017,2016/17,2017-02-05,Seddon Park,2,31.3,Australia,New Zealand,MP Stoinis,TM Head,LH Ferguson,1,0,,,,,,,,,
1020017,2016/17,2017-02-05,Seddon Park,2,31.4,Australia,New Zealand,TM Head,MP Stoinis,LH Ferguson,1,0,,,,,,,,,
1020017,2016/17,2017-02-05,Seddon Park,2,31.5,Australia,New Zealand,MP Stoinis,TM Head,LH Ferguson,1,0,,,,,,,,,
1020017,2016/17,2017-02-05,Seddon Park,2,31.6,Australia,New Zealand,TM Head,MP Stoinis,LH Ferguson,0,0,,,,,,,,,
1020017,2016/17,2017-02-05,Seddon Park,2,32.1,Australia,New Zealand,MP Stoinis,TM Head,TA Boult,1,0,,,,,,,,,
1020017,2016/17,2017-02-05,Seddon Park,2,32.2,Australia,New Zealand,TM Head,MP Stoinis,TA Boult,0,0,,,,,,caught,TM Head,,
1020017,2016/17,2017-02-05,Seddon Park,2,32.3,Australia,New Zealand,MP Stoinis,JP Faulkner,TA Boult,1,0,,,,,,,,,
1020017,2016/17,2017-02-05,Seddon Park,2,32.4,Australia,New Zealand,JP Faulkner,MP Stoinis,TA Boult,0,0,,,,,,,,,
1020017,2016/17,2017-02-05,Seddon Park,2,32.5,Australia,New Zealand,JP Faulkner,MP Stoinis,TA Boult,0,0,,,,,,,,,
1020017,2016/17,2017-02-05,Seddon Park,2,32.6,Australia,New Zealand,JP Faulkner,MP Stoinis,TA Boult,0,0,,,,,,caught,JP Faulkner,,
1020017,2016/17,2017-02-05,Seddon Park,2,33.1,Australia,New Zealand,MP Stoinis,PJ Cummins,TG Southee,0,0,,,,,,,,,
1020017,2016/17,2017-02-05,Seddon Park,2,33.2,Australia,New Zealand,MP Stoinis,PJ Cummins,TG Southee,0,0,,,,,,,,,
1020017,2016/17,2017-02-05,Seddon Park,2,33.3,Australia,New Zealand,MP Stoinis,PJ Cummins,TG Southee,0,0,,,,,,,,,
1020017,2016/17,2017-02-05,Seddon Park,2,33.4,Australia,New Zealand,MP Stoinis,PJ Cummins,TG Southee,1,0,,,,,,,,,
1020017,2016/17,2017-02-05,Seddon Park,2,33.5,Australia,New Zealand,PJ Cummins,MP Stoinis,TG Southee,0,0,,,,,,,,,
1020017,2016/17,2017-02-05,Seddon Park,2,33.6,Australia,New Zealand,PJ Cummins,MP Stoinis,TG Southee,0,0,,,,,,,,,
1020017,2016/17,2017-02-05,Seddon Park,2,34.1,Australia,New Zealand,MP Stoinis,PJ Cummins,TA Boult,0,0,,,,,,,,,
1020017,2016/17,2017-02-05,Seddon Park,2,34.2,Australia,New Zealand,MP Stoinis,PJ Cummins,TA Boult,1,0,,,,,,,,,
1020017,2016/17,2017-02-05,Seddon Park,2,34.3,Australia,New Zealand,PJ Cummins,MP Stoinis,TA Boult,0,0,,,,,,,,,
1020017,2016/17,2017-02-05,Seddon Park,2,34.4,Australia,New Zealand,PJ Cummins,MP Stoinis,TA Boult,0,0,,,,,,,,,
1020017,2016/17,2017-02-05,Seddon Park,2,34.5,Australia,New Zealand,PJ Cummins,MP Stoinis,TA Boult,0,0,,,,,,,,,
1020017,2016/17,2017-02-05,Seddon Park,2,34.6,Australia,New Zealand,PJ Cummins,MP Stoinis,TA Boult,0,1,1,,,,,,,,
1020017,2016/17,2017-02-05,Seddon Park,2,34.7,Australia,New Zealand,PJ Cummins,MP Stoinis,TA Boult,0,0,,,,,,,,,
1020017,2016/17,2017-02-05,Seddon Park,2,35.1,Australia,New Zealand,MP Stoinis,PJ Cummins,TG Southee,1,0,,,,,,,,,
1020017,2016/17,2017-02-05,Seddon Park,2,35.2,Australia,New Zealand,PJ Cummins,MP Stoinis,TG Southee,0,0,,,,,,,,,
1020017,2016/17,2017-02-05,Seddon Park,2,35.3,Australia,New Zealand,PJ Cummins,MP Stoinis,TG Southee,0,0,,,,,,,,,
1020017,2016/17,2017-02-05,Seddon Park,2,35.4,Australia,New Zealand,PJ Cummins,MP Stoinis,TG Southee,1,0,,,,,,,,,
1020017,2016/17,2017-02-05,Seddon Park,2,35.5,Australia,New Zealand,MP Stoinis,PJ Cummins,TG Southee,0,0,,,,,,,,,
1020017,2016/17,2017-02-05,Seddon Park,2,35.6,Australia,New Zealand,MP Stoinis,PJ Cummins,TG Southee,1,0,,,,,,,,,
1020017,2016/17,2017-02-05,Seddon Park,2,36.1,Australia,New Zealand,MP Stoinis,PJ Cummins,LH Ferguson,1,0,,,,,,,,,
1020017,2016/17,2017-02-05,Seddon Park,2,36.2,Australia,New Zealand,PJ Cummins,MP Stoinis,LH Ferguson,4,0,,,,,,,,,
1020017,2016/17,2017-02-05,Seddon Park,2,36.3,Australia,New Zealand,PJ Cummins,MP Stoinis,LH Ferguson,0,0,,,,,,,,,
1020017,2016/17,2017-02-05,Seddon Park,2,36.4,Australia,New Zealand,PJ Cummins,MP Stoinis,LH Ferguson,1,0,,,,,,,,,
1020017,2016/17,2017-02-05,Seddon Park,2,36.5,Australia,New Zealand,MP Stoinis,PJ Cummins,LH Ferguson,0,1,1,,,,,,,,
1020017,2016/17,2017-02-05,Seddon Park,2,36.6,Australia,New Zealand,MP Stoinis,PJ Cummins,LH Ferguson,4,0,,,,,,,,,
1020017,2016/17,2017-02-05,Seddon Park,2,36.7,Australia,New Zealand,MP Stoinis,PJ Cummins,LH Ferguson,4,0,,,,,,,,,
1020017,2016/17,2017-02-05,Seddon Park,2,37.1,Australia,New Zealand,PJ Cummins,MP Stoinis,MJ Santner,0,0,,,,,,,,,
1020017,2016/17,2017-02-05,Seddon Park,2,37.2,Australia,New Zealand,PJ Cummins,MP Stoinis,MJ Santner,0,0,,,,,,,,,
1020017,2016/17,2017-02-05,Seddon Park,2,37.3,Australia,New Zealand,PJ Cummins,MP Stoinis,MJ Santner,0,0,,,,,,,,,
1020017,2016/17,2017-02-05,Seddon Park,2,37.4,Australia,New Zealand,PJ Cummins,MP Stoinis,MJ Santner,1,0,,,,,,,,,
1020017,2016/17,2017-02-05,Seddon Park,2,37.5,Australia,New Zealand,MP Stoinis,PJ Cummins,MJ Santner,0,0,,,,,,,,,
1020017,2016/17,2017-02-05,Seddon Park,2,37.6,Australia,New Zealand,MP Stoinis,PJ Cummins,MJ Santner,0,0,,,,,,,,,
1020017,2016/17,2017-02-05,Seddon Park,2,38.1,Australia,New Zealand,PJ Cummins,MP Stoinis,TG Southee,1,0,,,,,,,,,
1020017,2016/17,2017-02-05,Seddon Park,2,38.2,Australia,New Zealand,MP Stoinis,PJ Cummins,TG Southee,1,0,,,,,,,,,
1020017,2016/17,2017-02-05,Seddon Park,2,38.3,Australia,New Zealand,PJ Cummins,MP Stoinis,TG Southee,0,0,,,,,,,,,
1020017,2016/17,2017-02-05,Seddon Park,2,38.4,Australia,New Zealand,PJ Cummins,MP Stoinis,TG Southee,0,0,,,,,,,,,
1020017,2016/17,2017-02-05,Seddon Park,2,38.5,Australia,New Zealand,PJ Cummins,MP Stoinis,TG Southee,0,0,,,,,,,,,
1020017,2016/17,2017-02-05,Seddon Park,2,38.6,Australia,New Zealand,PJ Cummins,MP Stoinis,TG Southee,0,0,,,,,,,,,
1020017,2016/17,2017-02-05,Seddon Park,2,39.1,Australia,New Zealand,MP Stoinis,PJ Cummins,MJ Santner,0,0,,,,,,caught,MP Stoinis,,
1020017,2016/17,2017-02-05,Seddon Park,2,39.2,Australia,New Zealand,MA Starc,PJ Cummins,MJ Santner,0,0,,,,,,,,,
1020017,2016/17,2017-02-05,Seddon Park,2,39.3,Australia,New Zealand,MA Starc,PJ Cummins,MJ Santner,0,0,,,,,,,,,
1020017,2016/17,2017-02-05,Seddon Park,2,39.4,Australia,New Zealand,MA Starc,PJ Cummins,MJ Santner,0,0,,,,,,,,,
1020017,2016/17,2017-02-05,Seddon Park,2,39.5,Australia,New Zealand,MA Starc,PJ Cummins,MJ Santner,1,0,,,,,,,,,
1020017,2016/17,2017-02-05,Seddon Park,2,39.6,Australia,New Zealand,PJ Cummins,MA Starc,MJ Santner,0,0,,,,,,,,,
1020017,2016/17,2017-02-05,Seddon Park,2,40.1,Australia,New Zealand,MA Starc,PJ Cummins,JDS Neesham,1,0,,,,,,,,,
1020017,2016/17,2017-02-05,Seddon Park,2,40.2,Australia,New Zealand,PJ Cummins,MA Starc,JDS Neesham,0,1,1,,,,,,,,
1020017,2016/17,2017-02-05,Seddon Park,2,40.3,Australia,New Zealand,PJ Cummins,MA Starc,JDS Neesham,0,4,,,,4,,,,,
1020017,2016/17,2017-02-05,Seddon Park,2,40.4,Australia,New Zealand,PJ Cummins,MA Starc,JDS Neesham,0,0,,,,,,,,,
1020017,2016/17,2017-02-05,Seddon Park,2,40.5,Australia,New Zealand,PJ Cummins,MA Starc,JDS Neesham,0,0,,,,,,,,,
1020017,2016/17,2017-02-05,Seddon Park,2,40.6,Australia,New Zealand,PJ Cummins,MA Starc,JDS Neesham,1,0,,,,,,,,,
1020017,2016/17,2017-02-05,Seddon Park,2,40.7,Australia,New Zealand,MA Starc,PJ Cummins,JDS Neesham,1,0,,,,,,,,,
1020017,2016/17,2017-02-05,Seddon Park,2,41.1,Australia,New Zealand,MA Starc,PJ Cummins,MJ Santner,6,0,,,,,,,,,
1020017,2016/17,2017-02-05,Seddon Park,2,41.2,Australia,New Zealand,MA Starc,PJ Cummins,MJ Santner,1,0,,,,,,,,,
1020017,2016/17,2017-02-05,Seddon Park,2,41.3,Australia,New Zealand,PJ Cummins,MA Starc,MJ Santner,6,0,,,,,,,,,
1020017,2016/17,2017-02-05,Seddon Park,2,41.4,Australia,New Zealand,PJ Cummins,MA Starc,MJ Santner,1,0,,,,,,,,,
1020017,2016/17,2017-02-05,Seddon Park,2,41.5,Australia,New Zealand,MA Starc,PJ Cummins,MJ Santner,0,0,,,,,,,,,
1020017,2016/17,2017-02-05,Seddon Park,2,41.6,Australia,New Zealand,MA Starc,PJ Cummins,MJ Santner,6,0,,,,,,,,,
1020017,2016/17,2017-02-05,Seddon Park,2,42.1,Australia,New Zealand,PJ Cummins,MA Starc,LH Ferguson,1,0,,,,,,,,,
1020017,2016/17,2017-02-05,Seddon Park,2,42.2,Australia,New Zealand,MA Starc,PJ Cummins,LH Ferguson,4,0,,,,,,,,,
1020017,2016/17,2017-02-05,Seddon Park,2,42.3,Australia,New Zealand,MA Starc,PJ Cummins,LH Ferguson,0,0,,,,,,,,,
1020017,2016/17,2017-02-05,Seddon Park,2,42.4,Australia,New Zealand,MA Starc,PJ Cummins,LH Ferguson,0,0,,,,,,,,,
1020017,2016/17,2017-02-05,Seddon Park,2,42.5,Australia,New Zealand,MA Starc,PJ Cummins,LH Ferguson,4,0,,,,,,,,,
1020017,2016/17,2017-02-05,Seddon Park,2,42.6,Australia,New Zealand,MA Starc,PJ Cummins,LH Ferguson,0,0,,,,,,,,,
1020017,2016/17,2017-02-05,Seddon Park,2,43.1,Australia,New Zealand,PJ Cummins,MA Starc,MJ Santner,6,0,,,,,,,,,
1020017,2016/17,2017-02-05,Seddon Park,2,43.2,Australia,New Zealand,PJ Cummins,MA Starc,MJ Santner,1,0,,,,,,,,,
1020017,2016/17,2017-02-05,Seddon Park,2,43.3,Australia,New Zealand,MA Starc,PJ Cummins,MJ Santner,1,0,,,,,,,,,
1020017,2016/17,2017-02-05,Seddon Park,2,43.4,Australia,New Zealand,PJ Cummins,MA Starc,MJ Santner,1,0,,,,,,,,,
1020017,2016/17,2017-02-05,Seddon Park,2,43.5,Australia,New Zealand,MA Starc,PJ Cummins,MJ Santner,1,0,,,,,,,,,
1020017,2016/17,2017-02-05,Seddon Park,2,43.6,Australia,New Zealand,PJ Cummins,MA Starc,MJ Santner,1,0,,,,,,,,,
1020017,2016/17,2017-02-05,Seddon Park,2,44.1,Australia,New Zealand,PJ Cummins,MA Starc,TA Boult,1,0,,,,,,,,,
1020017,2016/17,2017-02-05,Seddon Park,2,44.2,Australia,New Zealand,MA Starc,PJ Cummins,TA Boult,0,0,,,,,,,,,
1020017,2016/17,2017-02-05,Seddon Park,2,44.3,Australia,New Zealand,MA Starc,PJ Cummins,TA Boult,1,0,,,,,,,,,
1020017,2016/17,2017-02-05,Seddon Park,2,44.4,Australia,New Zealand,PJ Cummins,MA Starc,TA Boult,0,0,,,,,,caught,PJ Cummins,,
1020017,2016/17,2017-02-05,Seddon Park,2,44.5,Australia,New Zealand,MA Starc,A Zampa,TA Boult,0,0,,,,,,,,,
1020017,2016/17,2017-02-05,Seddon Park,2,44.6,Australia,New Zealand,MA Starc,A Zampa,TA Boult,1,0,,,,,,,,,
1020017,2016/17,2017-02-05,Seddon Park,2,45.1,Australia,New Zealand,MA Starc,A Zampa,TG Southee,0,1,1,,,,,,,,
1020017,2016/17,2017-02-05,Seddon Park,2,45.2,Australia,New Zealand,MA Starc,A Zampa,TG Southee,0,0,,,,,,,,,
1020017,2016/17,2017-02-05,Seddon Park,2,45.3,Australia,New Zealand,MA Starc,A Zampa,TG Southee,1,0,,,,,,,,,
1020017,2016/17,2017-02-05,Seddon Park,2,45.4,Australia,New Zealand,A Zampa,MA Starc,TG Southee,0,0,,,,,,,,,
1020017,2016/17,2017-02-05,Seddon Park,2,45.5,Australia,New Zealand,A Zampa,MA Starc,TG Southee,0,0,,,,,,,,,
1020017,2016/17,2017-02-05,Seddon Park,2,45.6,Australia,New Zealand,A Zampa,MA Starc,TG Southee,0,0,,,,,,,,,
1020017,2016/17,2017-02-05,Seddon Park,2,45.7,Australia,New Zealand,A Zampa,MA Starc,TG Southee,1,0,,,,,,,,,
1020017,2016/17,2017-02-05,Seddon Park,2,46.1,Australia,New Zealand,A Zampa,MA Starc,TA Boult,0,0,,,,,,caught,A Zampa,,
1020017,2016/17,2017-02-05,Seddon Park,2,46.2,Australia,New Zealand,JR Hazlewood,MA Starc,TA Boult,0,0,,,,,,,,,
1020017,2016/17,2017-02-05,Seddon Park,2,46.3,Australia,New Zealand,JR Hazlewood,MA Starc,TA Boult,0,0,,,,,,,,,
1020017,2016/17,2017-02-05,Seddon Park,2,46.4,Australia,New Zealand,JR Hazlewood,MA Starc,TA Boult,0,0,,,,,,,,,
1020017,2016/17,2017-02-05,Seddon Park,2,46.5,Australia,New Zealand,JR Hazlewood,MA Starc,TA Boult,4,0,,,,,,,,,
1020017,2016/17,2017-02-05,Seddon Park,2,46.6,Australia,New Zealand,JR Hazlewood,MA Starc,TA Boult,0,0,,,,,,bowled,JR Hazlewood,,
