match_id,season,start_date,venue,innings,ball,batting_team,bowling_team,striker,non_striker,bowler,runs_off_bat,extras,wides,noballs,byes,legbyes,penalty,wicket_type,player_dismissed,other_wicket_type,other_player_dismissed
1022347,2017,2017-06-01,Kennington Oval,1,0.1,Bangladesh,England,Tamim Iqbal,Soumya Sarkar,CR Woakes,0,0,,,,,,,,,
1022347,2017,2017-06-01,Kennington Oval,1,0.2,Bangladesh,England,Tamim Iqbal,Soumya Sarkar,CR Woakes,0,0,,,,,,,,,
1022347,2017,2017-06-01,Kennington Oval,1,0.3,Bangladesh,England,Tamim Iqbal,Soumya Sarkar,CR Woakes,0,0,,,,,,,,,
1022347,2017,2017-06-01,Kennington Oval,1,0.4,Bangladesh,England,Tamim Iqbal,Soumya Sarkar,CR Woakes,0,0,,,,,,,,,
1022347,2017,2017-06-01,Kennington Oval,1,0.5,Bangladesh,England,Tamim Iqbal,Soumya Sarkar,CR Woakes,0,0,,,,,,,,,
1022347,2017,2017-06-01,Kennington Oval,1,0.6,Bangladesh,England,Tamim Iqbal,Soumya Sarkar,CR Woakes,0,0,,,,,,,,,
1022347,2017,2017-06-01,Kennington Oval,1,1.1,Bangladesh,England,Soumya Sarkar,Tamim Iqbal,MA Wood,0,0,,,,,,,,,
1022347,2017,2017-06-01,Kennington Oval,1,1.2,Bangladesh,England,Soumya Sarkar,Tamim Iqbal,MA Wood,0,0,,,,,,,,,
1022347,2017,2017-06-01,Kennington Oval,1,1.3,Bangladesh,England,Soumya Sarkar,Tamim Iqbal,MA Wood,1,0,,,,,,,,,
1022347,2017,2017-06-01,Kennington Oval,1,1.4,Bangladesh,England,Tamim Iqbal,Soumya Sarkar,MA Wood,0,0,,,,,,,,,
1022347,2017,2017-06-01,Kennington Oval,1,1.5,Bangladesh,England,Tamim Iqbal,Soumya Sarkar,MA Wood,0,0,,,,,,,,,
1022347,2017,2017-06-01,Kennington Oval,1,1.6,Bangladesh,England,Tamim Iqbal,Soumya Sarkar,MA Wood,0,1,1,,,,,,,,
1022347,2017,2017-06-01,Kennington Oval,1,1.7,Bangladesh,England,Tamim Iqbal,Soumya Sarkar,MA Wood,0,0,,,,,,,,,
1022347,2017,2017-06-01,Kennington Oval,1,2.1,Bangladesh,England,Soumya Sarkar,Tamim Iqbal,CR Woakes,0,0,,,,,,,,,
1022347,2017,2017-06-01,Kennington Oval,1,2.2,Bangladesh,England,Soumya Sarkar,Tamim Iqbal,CR Woakes,0,0,,,,,,,,,
1022347,2017,2017-06-01,Kennington Oval,1,2.3,Bangladesh,England,Soumya Sarkar,Tamim Iqbal,CR Woakes,1,0,,,,,,,,,
1022347,2017,2017-06-01,Kennington Oval,1,2.4,Bangladesh,England,Tamim Iqbal,Soumya Sarkar,CR Woakes,0,0,,,,,,,,,
1022347,2017,2017-06-01,Kennington Oval,1,2.5,Bangladesh,England,Tamim Iqbal,Soumya Sarkar,CR Woakes,3,0,,,,,,,,,
1022347,2017,2017-06-01,Kennington Oval,1,2.6,Bangladesh,England,Soumya Sarkar,Tamim Iqbal,CR Woakes,0,0,,,,,,,,,
1022347,2017,2017-06-01,Kennington Oval,1,3.1,Bangladesh,England,Tamim Iqbal,Soumya Sarkar,MA Wood,0,0,,,,,,,,,
1022347,2017,2017-06-01,Kennington Oval,1,3.2,Bangladesh,England,Tamim Iqbal,Soumya Sarkar,MA Wood,0,0,,,,,,,,,
1022347,2017,2017-06-01,Kennington Oval,1,3.3,Bangladesh,England,Tamim Iqbal,Soumya Sarkar,MA Wood,0,0,,,,,,,,,
1022347,2017,2017-06-01,Kennington Oval,1,3.4,Bangladesh,England,Tamim Iqbal,Soumya Sarkar,MA Wood,0,0,,,,,,,,,
1022347,2017,2017-06-01,Kennington Oval,1,3.5,Bangladesh,England,Tamim Iqbal,Soumya Sarkar,MA Wood,0,0,,,,,,,,,
1022347,2017,2017-06-01,Kennington Oval,1,3.6,Bangladesh,England,Tamim Iqbal,Soumya Sarkar,MA Wood,0,0,,,,,,,,,
1022347,2017,2017-06-01,Kennington Oval,1,4.1,Bangladesh,England,Soumya Sarkar,Tamim Iqbal,JT Ball,0,0,,,,,,,,,
1022347,2017,2017-06-01,Kennington Oval,1,4.2,Bangladesh,England,Soumya Sarkar,Tamim Iqbal,JT Ball,0,0,,,,,,,,,
1022347,2017,2017-06-01,Kennington Oval,1,4.3,Bangladesh,England,Soumya Sarkar,Tamim Iqbal,JT Ball,4,0,,,,,,,,,
1022347,2017,2017-06-01,Kennington Oval,1,4.4,Bangladesh,England,Soumya Sarkar,Tamim Iqbal,JT Ball,4,0,,,,,,,,,
1022347,2017,2017-06-01,Kennington Oval,1,4.5,Bangladesh,England,Soumya Sarkar,Tamim Iqbal,JT Ball,0,0,,,,,,,,,
1022347,2017,2017-06-01,Kennington Oval,1,4.6,Bangladesh,England,Soumya Sarkar,Tamim Iqbal,JT Ball,0,0,,,,,,,,,
1022347,2017,2017-06-01,Kennington Oval,1,5.1,Bangladesh,England,Tamim Iqbal,Soumya Sarkar,MA Wood,1,0,,,,,,,,,
1022347,2017,2017-06-01,Kennington Oval,1,5.2,Bangladesh,England,Soumya Sarkar,Tamim Iqbal,MA Wood,0,0,,,,,,,,,
1022347,2017,2017-06-01,Kennington Oval,1,5.3,Bangladesh,England,Soumya Sarkar,Tamim Iqbal,MA Wood,1,0,,,,,,,,,
1022347,2017,2017-06-01,Kennington Oval,1,5.4,Bangladesh,England,Tamim Iqbal,Soumya Sarkar,MA Wood,0,0,,,,,,,,,
1022347,2017,2017-06-01,Kennington Oval,1,5.5,Bangladesh,England,Tamim Iqbal,Soumya Sarkar,MA Wood,0,0,,,,,,,,,
1022347,2017,2017-06-01,Kennington Oval,1,5.6,Bangladesh,England,Tamim Iqbal,Soumya Sarkar,MA Wood,4,0,,,,,,,,,
1022347,2017,2017-06-01,Kennington Oval,1,6.1,Bangladesh,England,Soumya Sarkar,Tamim Iqbal,JT Ball,0,0,,,,,,,,,
1022347,2017,2017-06-01,Kennington Oval,1,6.2,Bangladesh,England,Soumya Sarkar,Tamim Iqbal,JT Ball,0,0,,,,,,,,,
1022347,2017,2017-06-01,Kennington Oval,1,6.3,Bangladesh,England,Soumya Sarkar,Tamim Iqbal,JT Ball,0,0,,,,,,,,,
1022347,2017,2017-06-01,Kennington Oval,1,6.4,Bangladesh,England,Soumya Sarkar,Tamim Iqbal,JT Ball,0,0,,,,,,,,,
1022347,2017,2017-06-01,Kennington Oval,1,6.5,Bangladesh,England,Soumya Sarkar,Tamim Iqbal,JT Ball,0,0,,,,,,,,,
1022347,2017,2017-06-01,Kennington Oval,1,6.6,Bangladesh,England,Soumya Sarkar,Tamim Iqbal,JT Ball,0,0,,,,,,,,,
1022347,2017,2017-06-01,Kennington Oval,1,7.1,Bangladesh,England,Tamim Iqbal,Soumya Sarkar,MA Wood,0,0,,,,,,,,,
1022347,2017,2017-06-01,Kennington Oval,1,7.2,Bangladesh,England,Tamim Iqbal,Soumya Sarkar,MA Wood,0,0,,,,,,,,,
1022347,2017,2017-06-01,Kennington Oval,1,7.3,Bangladesh,England,Tamim Iqbal,Soumya Sarkar,MA Wood,4,0,,,,,,,,,
1022347,2017,2017-06-01,Kennington Oval,1,7.4,Bangladesh,England,Tamim Iqbal,Soumya Sarkar,MA Wood,1,0,,,,,,,,,
1022347,2017,2017-06-01,Kennington Oval,1,7.5,Bangladesh,England,Soumya Sarkar,Tamim Iqbal,MA Wood,0,0,,,,,,,,,
1022347,2017,2017-06-01,Kennington Oval,1,7.6,Bangladesh,England,Soumya Sarkar,Tamim Iqbal,MA Wood,0,0,,,,,,,,,
1022347,2017,2017-06-01,Kennington Oval,1,8.1,Bangladesh,England,Tamim Iqbal,Soumya Sarkar,JT Ball,0,0,,,,,,,,,
1022347,2017,2017-06-01,Kennington Oval,1,8.2,Bangladesh,England,Tamim Iqbal,Soumya Sarkar,JT Ball,4,0,,,,,,,,,
1022347,2017,2017-06-01,Kennington Oval,1,8.3,Bangladesh,England,Tamim Iqbal,Soumya Sarkar,JT Ball,0,0,,,,,,,,,
1022347,2017,2017-06-01,Kennington Oval,1,8.4,Bangladesh,England,Tamim Iqbal,Soumya Sarkar,JT Ball,0,0,,,,,,,,,
1022347,2017,2017-06-01,Kennington Oval,1,8.5,Bangladesh,England,Tamim Iqbal,Soumya Sarkar,JT Ball,0,0,,,,,,,,,
1022347,2017,2017-06-01,Kennington Oval,1,8.6,Bangladesh,England,Tamim Iqbal,Soumya Sarkar,JT Ball,1,0,,,,,,,,,
1022347,2017,2017-06-01,Kennington Oval,1,9.1,Bangladesh,England,Tamim Iqbal,Soumya Sarkar,MA Wood,1,0,,,,,,,,,
1022347,2017,2017-06-01,Kennington Oval,1,9.2,Bangladesh,England,Soumya Sarkar,Tamim Iqbal,MA Wood,0,0,,,,,,,,,
1022347,2017,2017-06-01,Kennington Oval,1,9.3,Bangladesh,England,Soumya Sarkar,Tamim Iqbal,MA Wood,1,0,,,,,,,,,
1022347,2017,2017-06-01,Kennington Oval,1,9.4,Bangladesh,England,Tamim Iqbal,Soumya Sarkar,MA Wood,0,0,,,,,,,,,
1022347,2017,2017-06-01,Kennington Oval,1,9.5,Bangladesh,England,Tamim Iqbal,Soumya Sarkar,MA Wood,0,0,,,,,,,,,
1022347,2017,2017-06-01,Kennington Oval,1,9.6,Bangladesh,England,Tamim Iqbal,Soumya Sarkar,MA Wood,4,0,,,,,,,,,
1022347,2017,2017-06-01,Kennington Oval,1,10.1,Bangladesh,England,Soumya Sarkar,Tamim Iqbal,JT Ball,6,0,,,,,,,,,
1022347,2017,2017-06-01,Kennington Oval,1,10.2,Bangladesh,England,Soumya Sarkar,Tamim Iqbal,JT Ball,0,0,,,,,,,,,
1022347,2017,2017-06-01,Kennington Oval,1,10.3,Bangladesh,England,Soumya Sarkar,Tamim Iqbal,JT Ball,4,0,,,,,,,,,
1022347,2017,2017-06-01,Kennington Oval,1,10.4,Bangladesh,England,Soumya Sarkar,Tamim Iqbal,JT Ball,1,0,,,,,,,,,
1022347,2017,2017-06-01,Kennington Oval,1,10.5,Bangladesh,England,Tamim Iqbal,Soumya Sarkar,JT Ball,1,0,,,,,,,,,
1022347,2017,2017-06-01,Kennington Oval,1,10.6,Bangladesh,England,Soumya Sarkar,Tamim Iqbal,JT Ball,4,0,,,,,,,,,
1022347,2017,2017-06-01,Kennington Oval,1,11.1,Bangladesh,England,Tamim Iqbal,Soumya Sarkar,BA Stokes,0,1,1,,,,,,,,
1022347,2017,2017-06-01,Kennington Oval,1,11.2,Bangladesh,England,Tamim Iqbal,Soumya Sarkar,BA Stokes,1,0,,,,,,,,,
1022347,2017,2017-06-01,Kennington Oval,1,11.3,Bangladesh,England,Soumya Sarkar,Tamim Iqbal,BA Stokes,0,0,,,,,,,,,
1022347,2017,2017-06-01,Kennington Oval,1,11.4,Bangladesh,England,Soumya Sarkar,Tamim Iqbal,BA Stokes,1,0,,,,,,,,,
1022347,2017,2017-06-01,Kennington Oval,1,11.5,Bangladesh,England,Tamim Iqbal,Soumya Sarkar,BA Stokes,1,0,,,,,,,,,
1022347,2017,2017-06-01,Kennington Oval,1,11.6,Bangladesh,England,Soumya Sarkar,Tamim Iqbal,BA Stokes,0,0,,,,,,,,,
1022347,2017,2017-06-01,Kennington Oval,1,11.7,Bangladesh,England,Soumya Sarkar,Tamim Iqbal,BA Stokes,0,0,,,,,,caught,Soumya Sarkar,,
1022347,2017,2017-06-01,Kennington Oval,1,12.1,Bangladesh,England,Tamim Iqbal,Imrul Kayes,LE Plunkett,0,0,,,,,,,,,
1022347,2017,2017-06-01,Kennington Oval,1,12.2,Bangladesh,England,Tamim Iqbal,Imrul Kayes,LE Plunkett,1,0,,,,,,,,,
1022347,2017,2017-06-01,Kennington Oval,1,12.3,Bangladesh,England,Imrul Kayes,Tamim Iqbal,LE Plunkett,0,0,,,,,,,,,
1022347,2017,2017-06-01,Kennington Oval,1,12.4,Bangladesh,England,Imrul Kayes,Tamim Iqbal,LE Plunkett,0,0,,,,,,,,,
1022347,2017,2017-06-01,Kennington Oval,1,12.5,Bangladesh,England,Imrul Kayes,Tamim Iqbal,LE Plunkett,0,0,,,,,,,,,
1022347,2017,2017-06-01,Kennington Oval,1,12.6,Bangladesh,England,Imrul Kayes,Tamim Iqbal,LE Plunkett,0,0,,,,,,,,,
1022347,2017,2017-06-01,Kennington Oval,1,13.1,Bangladesh,England,Tamim Iqbal,Imrul Kayes,BA Stokes,1,0,,,,,,,,,
1022347,2017,2017-06-01,Kennington Oval,1,13.2,Bangladesh,England,Imrul Kayes,Tamim Iqbal,BA Stokes,4,0,,,,,,,,,
1022347,2017,2017-06-01,Kennington Oval,1,13.3,Bangladesh,England,Imrul Kayes,Tamim Iqbal,BA Stokes,4,0,,,,,,,,,
1022347,2017,2017-06-01,Kennington Oval,1,13.4,Bangladesh,England,Imrul Kayes,Tamim Iqbal,BA Stokes,1,0,,,,,,,,,
1022347,2017,2017-06-01,Kennington Oval,1,13.5,Bangladesh,England,Tamim Iqbal,Imrul Kayes,BA Stokes,0,0,,,,,,,,,
1022347,2017,2017-06-01,Kennington Oval,1,13.6,Bangladesh,England,Tamim Iqbal,Imrul Kayes,BA Stokes,1,0,,,,,,,,,
1022347,2017,2017-06-01,Kennington Oval,1,14.1,Bangladesh,England,Tamim Iqbal,Imrul Kayes,LE Plunkett,1,0,,,,,,,,,
1022347,2017,2017-06-01,Kennington Oval,1,14.2,Bangladesh,England,Imrul Kayes,Tamim Iqbal,LE Plunkett,1,0,,,,,,,,,
1022347,2017,2017-06-01,Kennington Oval,1,14.3,Bangladesh,England,Tamim Iqbal,Imrul Kayes,LE Plunkett,4,0,,,,,,,,,
1022347,2017,2017-06-01,Kennington Oval,1,14.4,Bangladesh,England,Tamim Iqbal,Imrul Kayes,LE Plunkett,4,0,,,,,,,,,
1022347,2017,2017-06-01,Kennington Oval,1,14.5,Bangladesh,England,Tamim Iqbal,Imrul Kayes,LE Plunkett,0,0,,,,,,,,,
1022347,2017,2017-06-01,Kennington Oval,1,14.6,Bangladesh,England,Tamim Iqbal,Imrul Kayes,LE Plunkett,0,0,,,,,,,,,
1022347,2017,2017-06-01,Kennington Oval,1,15.1,Bangladesh,England,Imrul Kayes,Tamim Iqbal,BA Stokes,2,0,,,,,,,,,
1022347,2017,2017-06-01,Kennington Oval,1,15.2,Bangladesh,England,Imrul Kayes,Tamim Iqbal,BA Stokes,0,0,,,,,,,,,
1022347,2017,2017-06-01,Kennington Oval,1,15.3,Bangladesh,England,Imrul Kayes,Tamim Iqbal,BA Stokes,1,0,,,,,,,,,
1022347,2017,2017-06-01,Kennington Oval,1,15.4,Bangladesh,England,Tamim Iqbal,Imrul Kayes,BA Stokes,1,0,,,,,,,,,
1022347,2017,2017-06-01,Kennington Oval,1,15.5,Bangladesh,England,Imrul Kayes,Tamim Iqbal,BA Stokes,0,0,,,,,,,,,
1022347,2017,2017-06-01,Kennington Oval,1,15.6,Bangladesh,England,Imrul Kayes,Tamim Iqbal,BA Stokes,0,0,,,,,,,,,
1022347,2017,2017-06-01,Kennington Oval,1,16.1,Bangladesh,England,Tamim Iqbal,Imrul Kayes,MM Ali,0,0,,,,,,,,,
1022347,2017,2017-06-01,Kennington Oval,1,16.2,Bangladesh,England,Tamim Iqbal,Imrul Kayes,MM Ali,2,0,,,,,,,,,
1022347,2017,2017-06-01,Kennington Oval,1,16.3,Bangladesh,England,Tamim Iqbal,Imrul Kayes,MM Ali,0,0,,,,,,,,,
1022347,2017,2017-06-01,Kennington Oval,1,16.4,Bangladesh,England,Tamim Iqbal,Imrul Kayes,MM Ali,0,0,,,,,,,,,
1022347,2017,2017-06-01,Kennington Oval,1,16.5,Bangladesh,England,Tamim Iqbal,Imrul Kayes,MM Ali,0,1,1,,,,,,,,
1022347,2017,2017-06-01,Kennington Oval,1,16.6,Bangladesh,England,Tamim Iqbal,Imrul Kayes,MM Ali,0,0,,,,,,,,,
1022347,2017,2017-06-01,Kennington Oval,1,16.7,Bangladesh,England,Tamim Iqbal,Imrul Kayes,MM Ali,1,0,,,,,,,,,
1022347,2017,2017-06-01,Kennington Oval,1,17.1,Bangladesh,England,Tamim Iqbal,Imrul Kayes,BA Stokes,0,0,,,,,,,,,
1022347,2017,2017-06-01,Kennington Oval,1,17.2,Bangladesh,England,Tamim Iqbal,Imrul Kayes,BA Stokes,1,0,,,,,,,,,
1022347,2017,2017-06-01,Kennington Oval,1,17.3,Bangladesh,England,Imrul Kayes,Tamim Iqbal,BA Stokes,1,0,,,,,,,,,
1022347,2017,2017-06-01,Kennington Oval,1,17.4,Bangladesh,England,Tamim Iqbal,Imrul Kayes,BA Stokes,1,0,,,,,,,,,
1022347,2017,2017-06-01,Kennington Oval,1,17.5,Bangladesh,England,Imrul Kayes,Tamim Iqbal,BA Stokes,4,0,,,,,,,,,
1022347,2017,2017-06-01,Kennington Oval,1,17.6,Bangladesh,England,Imrul Kayes,Tamim Iqbal,BA Stokes,0,0,,,,,,,,,
1022347,2017,2017-06-01,Kennington Oval,1,18.1,Bangladesh,England,Tamim Iqbal,Imrul Kayes,MM Ali,0,0,,,,,,,,,
1022347,2017,2017-06-01,Kennington Oval,1,18.2,Bangladesh,England,Tamim Iqbal,Imrul Kayes,MM Ali,0,0,,,,,,,,,
1022347,2017,2017-06-01,Kennington Oval,1,18.3,Bangladesh,England,Tamim Iqbal,Imrul Kayes,MM Ali,1,0,,,,,,,,,
1022347,2017,2017-06-01,Kennington Oval,1,18.4,Bangladesh,England,Imrul Kayes,Tamim Iqbal,MM Ali,0,0,,,,,,,,,
1022347,2017,2017-06-01,Kennington Oval,1,18.5,Bangladesh,England,Imrul Kayes,Tamim Iqbal,MM Ali,1,0,,,,,,,,,
1022347,2017,2017-06-01,Kennington Oval,1,18.6,Bangladesh,England,Tamim Iqbal,Imrul Kayes,MM Ali,0,0,,,,,,,,,
1022347,2017,2017-06-01,Kennington Oval,1,19.1,Bangladesh,England,Imrul Kayes,Tamim Iqbal,LE Plunkett,0,0,,,,,,,,,
1022347,2017,2017-06-01,Kennington Oval,1,19.2,Bangladesh,England,Imrul Kayes,Tamim Iqbal,LE Plunkett,0,0,,,,,,caught,Imrul Kayes,,
1022347,2017,2017-06-01,Kennington Oval,1,19.3,Bangladesh,England,Mushfiqur Rahim,Tamim Iqbal,LE Plunkett,1,0,,,,,,,,,
1022347,2017,2017-06-01,Kennington Oval,1,19.4,Bangladesh,England,Tamim Iqbal,Mushfiqur Rahim,LE Plunkett,1,0,,,,,,,,,
1022347,2017,2017-06-01,Kennington Oval,1,19.5,Bangladesh,England,Mushfiqur Rahim,Tamim Iqbal,LE Plunkett,0,0,,,,,,,,,
1022347,2017,2017-06-01,Kennington Oval,1,19.6,Bangladesh,England,Mushfiqur Rahim,Tamim Iqbal,LE Plunkett,0,0,,,,,,,,,
1022347,2017,2017-06-01,Kennington Oval,1,20.1,Bangladesh,England,Tamim Iqbal,Mushfiqur Rahim,MM Ali,0,0,,,,,,,,,
1022347,2017,2017-06-01,Kennington Oval,1,20.2,Bangladesh,England,Tamim Iqbal,Mushfiqur Rahim,MM Ali,0,0,,,,,,,,,
1022347,2017,2017-06-01,Kennington Oval,1,20.3,Bangladesh,England,Tamim Iqbal,Mushfiqur Rahim,MM Ali,0,0,,,,,,,,,
1022347,2017,2017-06-01,Kennington Oval,1,20.4,Bangladesh,England,Tamim Iqbal,Mushfiqur Rahim,MM Ali,0,0,,,,,,,,,
1022347,2017,2017-06-01,Kennington Oval,1,20.5,Bangladesh,England,Tamim Iqbal,Mushfiqur Rahim,MM Ali,0,0,,,,,,,,,
1022347,2017,2017-06-01,Kennington Oval,1,20.6,Bangladesh,England,Tamim Iqbal,Mushfiqur Rahim,MM Ali,0,0,,,,,,,,,
1022347,2017,2017-06-01,Kennington Oval,1,21.1,Bangladesh,England,Mushfiqur Rahim,Tamim Iqbal,LE Plunkett,4,0,,,,,,,,,
1022347,2017,2017-06-01,Kennington Oval,1,21.2,Bangladesh,England,Mushfiqur Rahim,Tamim Iqbal,LE Plunkett,2,0,,,,,,,,,
1022347,2017,2017-06-01,Kennington Oval,1,21.3,Bangladesh,England,Mushfiqur Rahim,Tamim Iqbal,LE Plunkett,1,0,,,,,,,,,
1022347,2017,2017-06-01,Kennington Oval,1,21.4,Bangladesh,England,Tamim Iqbal,Mushfiqur Rahim,LE Plunkett,0,0,,,,,,,,,
1022347,2017,2017-06-01,Kennington Oval,1,21.5,Bangladesh,England,Tamim Iqbal,Mushfiqur Rahim,LE Plunkett,4,0,,,,,,,,,
1022347,2017,2017-06-01,Kennington Oval,1,21.6,Bangladesh,England,Tamim Iqbal,Mushfiqur Rahim,LE Plunkett,0,0,,,,,,,,,
1022347,2017,2017-06-01,Kennington Oval,1,22.1,Bangladesh,England,Mushfiqur Rahim,Tamim Iqbal,MM Ali,3,0,,,,,,,,,
1022347,2017,2017-06-01,Kennington Oval,1,22.2,Bangladesh,England,Tamim Iqbal,Mushfiqur Rahim,MM Ali,0,0,,,,,,,,,
1022347,2017,2017-06-01,Kennington Oval,1,22.3,Bangladesh,England,Tamim Iqbal,Mushfiqur Rahim,MM Ali,0,0,,,,,,,,,
1022347,2017,2017-06-01,Kennington Oval,1,22.4,Bangladesh,England,Tamim Iqbal,Mushfiqur Rahim,MM Ali,1,0,,,,,,,,,
1022347,2017,2017-06-01,Kennington Oval,1,22.5,Bangladesh,England,Mushfiqur Rahim,Tamim Iqbal,MM Ali,1,0,,,,,,,,,
1022347,2017,2017-06-01,Kennington Oval,1,22.6,Bangladesh,England,Tamim Iqbal,Mushfiqur Rahim,MM Ali,0,0,,,,,,,,,
1022347,2017,2017-06-01,Kennington Oval,1,23.1,Bangladesh,England,Mushfiqur Rahim,Tamim Iqbal,LE Plunkett,1,0,,,,,,,,,
1022347,2017,2017-06-01,Kennington Oval,1,23.2,Bangladesh,England,Tamim Iqbal,Mushfiqur Rahim,LE Plunkett,1,0,,,,,,,,,
1022347,2017,2017-06-01,Kennington Oval,1,23.3,Bangladesh,England,Mushfiqur Rahim,Tamim Iqbal,LE Plunkett,0,0,,,,,,,,,
1022347,2017,2017-06-01,Kennington Oval,1,23.4,Bangladesh,England,Mushfiqur Rahim,Tamim Iqbal,LE Plunkett,0,0,,,,,,,,,
1022347,2017,2017-06-01,Kennington Oval,1,23.5,Bangladesh,England,Mushfiqur Rahim,Tamim Iqbal,LE Plunkett,0,0,,,,,,,,,
1022347,2017,2017-06-01,Kennington Oval,1,23.6,Bangladesh,England,Mushfiqur Rahim,Tamim Iqbal,LE Plunkett,1,0,,,,,,,,,
1022347,2017,2017-06-01,Kennington Oval,1,24.1,Bangladesh,England,Mushfiqur Rahim,Tamim Iqbal,MM Ali,1,0,,,,,,,,,
1022347,2017,2017-06-01,Kennington Oval,1,24.2,Bangladesh,England,Tamim Iqbal,Mushfiqur Rahim,MM Ali,0,0,,,,,,,,,
1022347,2017,2017-06-01,Kennington Oval,1,24.3,Bangladesh,England,Tamim Iqbal,Mushfiqur Rahim,MM Ali,6,0,,,,,,,,,
1022347,2017,2017-06-01,Kennington Oval,1,24.4,Bangladesh,England,Tamim Iqbal,Mushfiqur Rahim,MM Ali,0,0,,,,,,,,,
1022347,2017,2017-06-01,Kennington Oval,1,24.5,Bangladesh,England,Tamim Iqbal,Mushfiqur Rahim,MM Ali,1,0,,,,,,,,,
1022347,2017,2017-06-01,Kennington Oval,1,24.6,Bangladesh,England,Mushfiqur Rahim,Tamim Iqbal,MM Ali,1,0,,,,,,,,,
1022347,2017,2017-06-01,Kennington Oval,1,25.1,Bangladesh,England,Mushfiqur Rahim,Tamim Iqbal,LE Plunkett,1,0,,,,,,,,,
1022347,2017,2017-06-01,Kennington Oval,1,25.2,Bangladesh,England,Tamim Iqbal,Mushfiqur Rahim,LE Plunkett,4,0,,,,,,,,,
1022347,2017,2017-06-01,Kennington Oval,1,25.3,Bangladesh,England,Tamim Iqbal,Mushfiqur Rahim,LE Plunkett,4,0,,,,,,,,,
1022347,2017,2017-06-01,Kennington Oval,1,25.4,Bangladesh,England,Tamim Iqbal,Mushfiqur Rahim,LE Plunkett,1,0,,,,,,,,,
1022347,2017,2017-06-01,Kennington Oval,1,25.5,Bangladesh,England,Mushfiqur Rahim,Tamim Iqbal,LE Plunkett,0,0,,,,,,,,,
1022347,2017,2017-06-01,Kennington Oval,1,25.6,Bangladesh,England,Mushfiqur Rahim,Tamim Iqbal,LE Plunkett,1,0,,,,,,,,,
1022347,2017,2017-06-01,Kennington Oval,1,26.1,Bangladesh,England,Mushfiqur Rahim,Tamim Iqbal,MM Ali,1,0,,,,,,,,,
1022347,2017,2017-06-01,Kennington Oval,1,26.2,Bangladesh,England,Tamim Iqbal,Mushfiqur Rahim,MM Ali,1,0,,,,,,,,,
1022347,2017,2017-06-01,Kennington Oval,1,26.3,Bangladesh,England,Mushfiqur Rahim,Tamim Iqbal,MM Ali,3,0,,,,,,,,,
1022347,2017,2017-06-01,Kennington Oval,1,26.4,Bangladesh,England,Tamim Iqbal,Mushfiqur Rahim,MM Ali,0,0,,,,,,,,,
1022347,2017,2017-06-01,Kennington Oval,1,26.5,Bangladesh,England,Tamim Iqbal,Mushfiqur Rahim,MM Ali,1,0,,,,,,,,,
1022347,2017,2017-06-01,Kennington Oval,1,26.6,Bangladesh,England,Mushfiqur Rahim,Tamim Iqbal,MM Ali,1,0,,,,,,,,,
1022347,2017,2017-06-01,Kennington Oval,1,27.1,Bangladesh,England,Mushfiqur Rahim,Tamim Iqbal,BA Stokes,0,0,,,,,,,,,
1022347,2017,2017-06-01,Kennington Oval,1,27.2,Bangladesh,England,Mushfiqur Rahim,Tamim Iqbal,BA Stokes,4,0,,,,,,,,,
1022347,2017,2017-06-01,Kennington Oval,1,27.3,Bangladesh,England,Mushfiqur Rahim,Tamim Iqbal,BA Stokes,1,0,,,,,,,,,
1022347,2017,2017-06-01,Kennington Oval,1,27.4,Bangladesh,England,Tamim Iqbal,Mushfiqur Rahim,BA Stokes,1,0,,,,,,,,,
1022347,2017,2017-06-01,Kennington Oval,1,27.5,Bangladesh,England,Mushfiqur Rahim,Tamim Iqbal,BA Stokes,0,0,,,,,,,,,
1022347,2017,2017-06-01,Kennington Oval,1,27.6,Bangladesh,England,Mushfiqur Rahim,Tamim Iqbal,BA Stokes,1,0,,,,,,,,,
1022347,2017,2017-06-01,Kennington Oval,1,28.1,Bangladesh,England,Mushfiqur Rahim,Tamim Iqbal,MA Wood,0,0,,,,,,,,,
1022347,2017,2017-06-01,Kennington Oval,1,28.2,Bangladesh,England,Mushfiqur Rahim,Tamim Iqbal,MA Wood,1,0,,,,,,,,,
1022347,2017,2017-06-01,Kennington Oval,1,28.3,Bangladesh,England,Tamim Iqbal,Mushfiqur Rahim,MA Wood,0,0,,,,,,,,,
1022347,2017,2017-06-01,Kennington Oval,1,28.4,Bangladesh,England,Tamim Iqbal,Mushfiqur Rahim,MA Wood,4,0,,,,,,,,,
1022347,2017,2017-06-01,Kennington Oval,1,28.5,Bangladesh,England,Tamim Iqbal,Mushfiqur Rahim,MA Wood,1,0,,,,,,,,,
1022347,2017,2017-06-01,Kennington Oval,1,28.6,Bangladesh,England,Mushfiqur Rahim,Tamim Iqbal,MA Wood,0,0,,,,,,,,,
1022347,2017,2017-06-01,Kennington Oval,1,29.1,Bangladesh,England,Tamim Iqbal,Mushfiqur Rahim,BA Stokes,1,0,,,,,,,,,
1022347,2017,2017-06-01,Kennington Oval,1,29.2,Bangladesh,England,Mushfiqur Rahim,Tamim Iqbal,BA Stokes,0,0,,,,,,,,,
1022347,2017,2017-06-01,Kennington Oval,1,29.3,Bangladesh,England,Mushfiqur Rahim,Tamim Iqbal,BA Stokes,0,0,,,,,,,,,
1022347,2017,2017-06-01,Kennington Oval,1,29.4,Bangladesh,England,Mushfiqur Rahim,Tamim Iqbal,BA Stokes,1,0,,,,,,,,,
1022347,2017,2017-06-01,Kennington Oval,1,29.5,Bangladesh,England,Tamim Iqbal,Mushfiqur Rahim,BA Stokes,0,0,,,,,,,,,
1022347,2017,2017-06-01,Kennington Oval,1,29.6,Bangladesh,England,Tamim Iqbal,Mushfiqur Rahim,BA Stokes,1,0,,,,,,,,,
1022347,2017,2017-06-01,Kennington Oval,1,30.1,Bangladesh,England,Tamim Iqbal,Mushfiqur Rahim,MA Wood,0,0,,,,,,,,,
1022347,2017,2017-06-01,Kennington Oval,1,30.2,Bangladesh,England,Tamim Iqbal,Mushfiqur Rahim,MA Wood,1,0,,,,,,,,,
1022347,2017,2017-06-01,Kennington Oval,1,30.3,Bangladesh,England,Mushfiqur Rahim,Tamim Iqbal,MA Wood,0,0,,,,,,,,,
1022347,2017,2017-06-01,Kennington Oval,1,30.4,Bangladesh,England,Mushfiqur Rahim,Tamim Iqbal,MA Wood,1,0,,,,,,,,,
1022347,2017,2017-06-01,Kennington Oval,1,30.5,Bangladesh,England,Tamim Iqbal,Mushfiqur Rahim,MA Wood,1,0,,,,,,,,,
1022347,2017,2017-06-01,Kennington Oval,1,30.6,Bangladesh,England,Mushfiqur Rahim,Tamim Iqbal,MA Wood,1,0,,,,,,,,,
1022347,2017,2017-06-01,Kennington Oval,1,31.1,Bangladesh,England,Mushfiqur Rahim,Tamim Iqbal,BA Stokes,1,0,,,,,,,,,
1022347,2017,2017-06-01,Kennington Oval,1,31.2,Bangladesh,England,Tamim Iqbal,Mushfiqur Rahim,BA Stokes,0,0,,,,,,,,,
1022347,2017,2017-06-01,Kennington Oval,1,31.3,Bangladesh,England,Tamim Iqbal,Mushfiqur Rahim,BA Stokes,4,0,,,,,,,,,
1022347,2017,2017-06-01,Kennington Oval,1,31.4,Bangladesh,England,Tamim Iqbal,Mushfiqur Rahim,BA Stokes,0,0,,,,,,,,,
1022347,2017,2017-06-01,Kennington Oval,1,31.5,Bangladesh,England,Tamim Iqbal,Mushfiqur Rahim,BA Stokes,0,0,,,,,,,,,
1022347,2017,2017-06-01,Kennington Oval,1,31.6,Bangladesh,England,Tamim Iqbal,Mushfiqur Rahim,BA Stokes,1,0,,,,,,,,,
1022347,2017,2017-06-01,Kennington Oval,1,32.1,Bangladesh,England,Tamim Iqbal,Mushfiqur Rahim,JE Root,1,0,,,,,,,,,
1022347,2017,2017-06-01,Kennington Oval,1,32.2,Bangladesh,England,Mushfiqur Rahim,Tamim Iqbal,JE Root,0,0,,,,,,,,,
1022347,2017,2017-06-01,Kennington Oval,1,32.3,Bangladesh,England,Mushfiqur Rahim,Tamim Iqbal,JE Root,1,0,,,,,,,,,
1022347,2017,2017-06-01,Kennington Oval,1,32.4,Bangladesh,England,Tamim Iqbal,Mushfiqur Rahim,JE Root,0,0,,,,,,,,,
1022347,2017,2017-06-01,Kennington Oval,1,32.5,Bangladesh,England,Tamim Iqbal,Mushfiqur Rahim,JE Root,0,1,1,,,,,,,,
1022347,2017,2017-06-01,Kennington Oval,1,32.6,Bangladesh,England,Tamim Iqbal,Mushfiqur Rahim,JE Root,0,0,,,,,,,,,
1022347,2017,2017-06-01,Kennington Oval,1,32.7,Bangladesh,England,Tamim Iqbal,Mushfiqur Rahim,JE Root,0,1,1,,,,,,,,
1022347,2017,2017-06-01,Kennington Oval,1,32.8,Bangladesh,England,Tamim Iqbal,Mushfiqur Rahim,JE Root,1,0,,,,,,,,,
1022347,2017,2017-06-01,Kennington Oval,1,33.1,Bangladesh,England,Tamim Iqbal,Mushfiqur Rahim,JT Ball,1,0,,,,,,,,,
1022347,2017,2017-06-01,Kennington Oval,1,33.2,Bangladesh,England,Mushfiqur Rahim,Tamim Iqbal,JT Ball,1,0,,,,,,,,,
1022347,2017,2017-06-01,Kennington Oval,1,33.3,Bangladesh,England,Tamim Iqbal,Mushfiqur Rahim,JT Ball,0,0,,,,,,,,,
1022347,2017,2017-06-01,Kennington Oval,1,33.4,Bangladesh,England,Tamim Iqbal,Mushfiqur Rahim,JT Ball,1,0,,,,,,,,,
1022347,2017,2017-06-01,Kennington Oval,1,33.5,Bangladesh,England,Mushfiqur Rahim,Tamim Iqbal,JT Ball,1,0,,,,,,,,,
1022347,2017,2017-06-01,Kennington Oval,1,33.6,Bangladesh,England,Tamim Iqbal,Mushfiqur Rahim,JT Ball,1,0,,,,,,,,,
1022347,2017,2017-06-01,Kennington Oval,1,34.1,Bangladesh,England,Tamim Iqbal,Mushfiqur Rahim,JE Root,0,0,,,,,,,,,
1022347,2017,2017-06-01,Kennington Oval,1,34.2,Bangladesh,England,Tamim Iqbal,Mushfiqur Rahim,JE Root,1,0,,,,,,,,,
1022347,2017,2017-06-01,Kennington Oval,1,34.3,Bangladesh,England,Mushfiqur Rahim,Tamim Iqbal,JE Root,0,0,,,,,,,,,
1022347,2017,2017-06-01,Kennington Oval,1,34.4,Bangladesh,England,Mushfiqur Rahim,Tamim Iqbal,JE Root,2,0,,,,,,,,,
1022347,2017,2017-06-01,Kennington Oval,1,34.5,Bangladesh,England,Mushfiqur Rahim,Tamim Iqbal,JE Root,1,0,,,,,,,,,
1022347,2017,2017-06-01,Kennington Oval,1,34.6,Bangladesh,England,Tamim Iqbal,Mushfiqur Rahim,JE Root,1,0,,,,,,,,,
1022347,2017,2017-06-01,Kennington Oval,1,35.1,Bangladesh,England,Tamim Iqbal,Mushfiqur Rahim,JT Ball,0,0,,,,,,,,,
1022347,2017,2017-06-01,Kennington Oval,1,35.2,Bangladesh,England,Tamim Iqbal,Mushfiqur Rahim,JT Ball,1,0,,,,,,,,,
1022347,2017,2017-06-01,Kennington Oval,1,35.3,Bangladesh,England,Mushfiqur Rahim,Tamim Iqbal,JT Ball,4,0,,,,,,,,,
1022347,2017,2017-06-01,Kennington Oval,1,35.4,Bangladesh,England,Mushfiqur Rahim,Tamim Iqbal,JT Ball,1,0,,,,,,,,,
1022347,2017,2017-06-01,Kennington Oval,1,35.5,Bangladesh,England,Tamim Iqbal,Mushfiqur Rahim,JT Ball,1,0,,,,,,,,,
1022347,2017,2017-06-01,Kennington Oval,1,35.6,Bangladesh,England,Mushfiqur Rahim,Tamim Iqbal,JT Ball,0,0,,,,,,,,,
1022347,2017,2017-06-01,Kennington Oval,1,36.1,Bangladesh,England,Tamim Iqbal,Mushfiqur Rahim,JE Root,1,0,,,,,,,,,
1022347,2017,2017-06-01,Kennington Oval,1,36.2,Bangladesh,England,Mushfiqur Rahim,Tamim Iqbal,JE Root,1,0,,,,,,,,,
1022347,2017,2017-06-01,Kennington Oval,1,36.3,Bangladesh,England,Tamim Iqbal,Mushfiqur Rahim,JE Root,0,0,,,,,,,,,
1022347,2017,2017-06-01,Kennington Oval,1,36.4,Bangladesh,England,Tamim Iqbal,Mushfiqur Rahim,JE Root,1,0,,,,,,,,,
1022347,2017,2017-06-01,Kennington Oval,1,36.5,Bangladesh,England,Mushfiqur Rahim,Tamim Iqbal,JE Root,4,0,,,,,,,,,
1022347,2017,2017-06-01,Kennington Oval,1,36.6,Bangladesh,England,Mushfiqur Rahim,Tamim Iqbal,JE Root,1,0,,,,,,,,,
1022347,2017,2017-06-01,Kennington Oval,1,37.1,Bangladesh,England,Mushfiqur Rahim,Tamim Iqbal,JT Ball,4,0,,,,,,,,,
1022347,2017,2017-06-01,Kennington Oval,1,37.2,Bangladesh,England,Mushfiqur Rahim,Tamim Iqbal,JT Ball,0,0,,,,,,,,,
1022347,2017,2017-06-01,Kennington Oval,1,37.3,Bangladesh,England,Mushfiqur Rahim,Tamim Iqbal,JT Ball,4,0,,,,,,,,,
1022347,2017,2017-06-01,Kennington Oval,1,37.4,Bangladesh,England,Mushfiqur Rahim,Tamim Iqbal,JT Ball,0,0,,,,,,,,,
1022347,2017,2017-06-01,Kennington Oval,1,37.5,Bangladesh,England,Mushfiqur Rahim,Tamim Iqbal,JT Ball,1,0,,,,,,,,,
1022347,2017,2017-06-01,Kennington Oval,1,37.6,Bangladesh,England,Tamim Iqbal,Mushfiqur Rahim,JT Ball,1,0,,,,,,,,,
1022347,2017,2017-06-01,Kennington Oval,1,38.1,Bangladesh,England,Tamim Iqbal,Mushfiqur Rahim,MM Ali,1,0,,,,,,,,,
1022347,2017,2017-06-01,Kennington Oval,1,38.2,Bangladesh,England,Mushfiqur Rahim,Tamim Iqbal,MM Ali,1,0,,,,,,,,,
1022347,2017,2017-06-01,Kennington Oval,1,38.3,Bangladesh,England,Tamim Iqbal,Mushfiqur Rahim,MM Ali,1,0,,,,,,,,,
1022347,2017,2017-06-01,Kennington Oval,1,38.4,Bangladesh,England,Mushfiqur Rahim,Tamim Iqbal,MM Ali,1,0,,,,,,,,,
1022347,2017,2017-06-01,Kennington Oval,1,38.5,Bangladesh,England,Tamim Iqbal,Mushfiqur Rahim,MM Ali,0,0,,,,,,,,,
1022347,2017,2017-06-01,Kennington Oval,1,38.6,Bangladesh,England,Tamim Iqbal,Mushfiqur Rahim,MM Ali,1,0,,,,,,,,,
1022347,2017,2017-06-01,Kennington Oval,1,39.1,Bangladesh,England,Tamim Iqbal,Mushfiqur Rahim,LE Plunkett,1,0,,,,,,,,,
1022347,2017,2017-06-01,Kennington Oval,1,39.2,Bangladesh,England,Mushfiqur Rahim,Tamim Iqbal,LE Plunkett,0,1,1,,,,,,,,
1022347,2017,2017-06-01,Kennington Oval,1,39.3,Bangladesh,England,Mushfiqur Rahim,Tamim Iqbal,LE Plunkett,0,1,1,,,,,,,,
1022347,2017,2017-06-01,Kennington Oval,1,39.4,Bangladesh,England,Mushfiqur Rahim,Tamim Iqbal,LE Plunkett,1,0,,,,,,,,,
1022347,2017,2017-06-01,Kennington Oval,1,39.5,Bangladesh,England,Tamim Iqbal,Mushfiqur Rahim,LE Plunkett,4,0,,,,,,,,,
1022347,2017,2017-06-01,Kennington Oval,1,39.6,Bangladesh,England,Tamim Iqbal,Mushfiqur Rahim,LE Plunkett,1,0,,,,,,,,,
1022347,2017,2017-06-01,Kennington Oval,1,39.7,Bangladesh,England,Mushfiqur Rahim,Tamim Iqbal,LE Plunkett,0,0,,,,,,,,,
1022347,2017,2017-06-01,Kennington Oval,1,39.8,Bangladesh,England,Mushfiqur Rahim,Tamim Iqbal,LE Plunkett,0,0,,,,,,,,,
1022347,2017,2017-06-01,Kennington Oval,1,40.1,Bangladesh,England,Tamim Iqbal,Mushfiqur Rahim,MM Ali,6,0,,,,,,,,,
1022347,2017,2017-06-01,Kennington Oval,1,40.2,Bangladesh,England,Tamim Iqbal,Mushfiqur Rahim,MM Ali,0,0,,,,,,,,,
1022347,2017,2017-06-01,Kennington Oval,1,40.3,Bangladesh,England,Tamim Iqbal,Mushfiqur Rahim,MM Ali,1,0,,,,,,,,,
1022347,2017,2017-06-01,Kennington Oval,1,40.4,Bangladesh,England,Mushfiqur Rahim,Tamim Iqbal,MM Ali,0,0,,,,,,,,,
1022347,2017,2017-06-01,Kennington Oval,1,40.5,Bangladesh,England,Mushfiqur Rahim,Tamim Iqbal,MM Ali,0,0,,,,,,,,,
1022347,2017,2017-06-01,Kennington Oval,1,40.6,Bangladesh,England,Mushfiqur Rahim,Tamim Iqbal,MM Ali,1,0,,,,,,,,,
1022347,2017,2017-06-01,Kennington Oval,1,41.1,Bangladesh,England,Mushfiqur Rahim,Tamim Iqbal,MA Wood,1,0,,,,,,,,,
1022347,2017,2017-06-01,Kennington Oval,1,41.2,Bangladesh,England,Tamim Iqbal,Mushfiqur Rahim,MA Wood,0,0,,,,,,,,,
1022347,2017,2017-06-01,Kennington Oval,1,41.3,Bangladesh,England,Tamim Iqbal,Mushfiqur Rahim,MA Wood,6,0,,,,,,,,,
1022347,2017,2017-06-01,Kennington Oval,1,41.4,Bangladesh,England,Tamim Iqbal,Mushfiqur Rahim,MA Wood,1,0,,,,,,,,,
1022347,2017,2017-06-01,Kennington Oval,1,41.5,Bangladesh,England,Mushfiqur Rahim,Tamim Iqbal,MA Wood,1,0,,,,,,,,,
1022347,2017,2017-06-01,Kennington Oval,1,41.6,Bangladesh,England,Tamim Iqbal,Mushfiqur Rahim,MA Wood,1,0,,,,,,,,,
1022347,2017,2017-06-01,Kennington Oval,1,42.1,Bangladesh,England,Tamim Iqbal,Mushfiqur Rahim,LE Plunkett,2,0,,,,,,,,,
1022347,2017,2017-06-01,Kennington Oval,1,42.2,Bangladesh,England,Tamim Iqbal,Mushfiqur Rahim,LE Plunkett,0,0,,,,,,,,,
1022347,2017,2017-06-01,Kennington Oval,1,42.3,Bangladesh,England,Tamim Iqbal,Mushfiqur Rahim,LE Plunkett,0,0,,,,,,,,,
1022347,2017,2017-06-01,Kennington Oval,1,42.4,Bangladesh,England,Tamim Iqbal,Mushfiqur Rahim,LE Plunkett,2,0,,,,,,,,,
1022347,2017,2017-06-01,Kennington Oval,1,42.5,Bangladesh,England,Tamim Iqbal,Mushfiqur Rahim,LE Plunkett,1,0,,,,,,,,,
1022347,2017,2017-06-01,Kennington Oval,1,42.6,Bangladesh,England,Mushfiqur Rahim,Tamim Iqbal,LE Plunkett,1,0,,,,,,,,,
1022347,2017,2017-06-01,Kennington Oval,1,43.1,Bangladesh,England,Mushfiqur Rahim,Tamim Iqbal,JT Ball,2,0,,,,,,,,,
1022347,2017,2017-06-01,Kennington Oval,1,43.2,Bangladesh,England,Mushfiqur Rahim,Tamim Iqbal,JT Ball,0,0,,,,,,,,,
1022347,2017,2017-06-01,Kennington Oval,1,43.3,Bangladesh,England,Mushfiqur Rahim,Tamim Iqbal,JT Ball,4,0,,,,,,,,,
1022347,2017,2017-06-01,Kennington Oval,1,43.4,Bangladesh,England,Mushfiqur Rahim,Tamim Iqbal,JT Ball,4,0,,,,,,,,,
1022347,2017,2017-06-01,Kennington Oval,1,43.5,Bangladesh,England,Mushfiqur Rahim,Tamim Iqbal,JT Ball,1,0,,,,,,,,,
1022347,2017,2017-06-01,Kennington Oval,1,43.6,Bangladesh,England,Tamim Iqbal,Mushfiqur Rahim,JT Ball,1,0,,,,,,,,,
1022347,2017,2017-06-01,Kennington Oval,1,44.1,Bangladesh,England,Tamim Iqbal,Mushfiqur Rahim,LE Plunkett,1,0,,,,,,,,,
1022347,2017,2017-06-01,Kennington Oval,1,44.2,Bangladesh,England,Mushfiqur Rahim,Tamim Iqbal,LE Plunkett,1,0,,,,,,,,,
1022347,2017,2017-06-01,Kennington Oval,1,44.3,Bangladesh,England,Tamim Iqbal,Mushfiqur Rahim,LE Plunkett,0,0,,,,,,caught,Tamim Iqbal,,
1022347,2017,2017-06-01,Kennington Oval,1,44.4,Bangladesh,England,Mushfiqur Rahim,Shakib Al Hasan,LE Plunkett,0,0,,,,,,caught,Mushfiqur Rahim,,
1022347,2017,2017-06-01,Kennington Oval,1,44.5,Bangladesh,England,Shakib Al Hasan,Sabbir Rahman,LE Plunkett,0,0,,,,,,,,,
1022347,2017,2017-06-01,Kennington Oval,1,44.6,Bangladesh,England,Shakib Al Hasan,Sabbir Rahman,LE Plunkett,1,0,,,,,,,,,
1022347,2017,2017-06-01,Kennington Oval,1,45.1,Bangladesh,England,Shakib Al Hasan,Sabbir Rahman,MA Wood,0,0,,,,,,,,,
1022347,2017,2017-06-01,Kennington Oval,1,45.2,Bangladesh,England,Shakib Al Hasan,Sabbir Rahman,MA Wood,4,0,,,,,,,,,
1022347,2017,2017-06-01,Kennington Oval,1,45.3,Bangladesh,England,Shakib Al Hasan,Sabbir Rahman,MA Wood,1,0,,,,,,,,,
1022347,2017,2017-06-01,Kennington Oval,1,45.4,Bangladesh,England,Sabbir Rahman,Shakib Al Hasan,MA Wood,0,0,,,,,,,,,
1022347,2017,2017-06-01,Kennington Oval,1,45.5,Bangladesh,England,Sabbir Rahman,Shakib Al Hasan,MA Wood,1,0,,,,,,,,,
1022347,2017,2017-06-01,Kennington Oval,1,45.6,Bangladesh,England,Shakib Al Hasan,Sabbir Rahman,MA Wood,4,0,,,,,,,,,
1022347,2017,2017-06-01,Kennington Oval,1,46.1,Bangladesh,England,Sabbir Rahman,Shakib Al Hasan,JT Ball,4,0,,,,,,,,,
1022347,2017,2017-06-01,Kennington Oval,1,46.2,Bangladesh,England,Sabbir Rahman,Shakib Al Hasan,JT Ball,1,0,,,,,,,,,
1022347,2017,2017-06-01,Kennington Oval,1,46.3,Bangladesh,England,Shakib Al Hasan,Sabbir Rahman,JT Ball,0,0,,,,,,,,,
1022347,2017,2017-06-01,Kennington Oval,1,46.4,Bangladesh,England,Shakib Al Hasan,Sabbir Rahman,JT Ball,0,0,,,,,,caught,Shakib Al Hasan,,
1022347,2017,2017-06-01,Kennington Oval,1,46.5,Bangladesh,England,Sabbir Rahman,Mahmudullah,JT Ball,0,0,,,,,,,,,
1022347,2017,2017-06-01,Kennington Oval,1,46.6,Bangladesh,England,Sabbir Rahman,Mahmudullah,JT Ball,1,0,,,,,,,,,
1022347,2017,2017-06-01,Kennington Oval,1,47.1,Bangladesh,England,Sabbir Rahman,Mahmudullah,MA Wood,1,0,,,,,,,,,
1022347,2017,2017-06-01,Kennington Oval,1,47.2,Bangladesh,England,Mahmudullah,Sabbir Rahman,MA Wood,1,0,,,,,,,,,
1022347,2017,2017-06-01,Kennington Oval,1,47.3,Bangladesh,England,Sabbir Rahman,Mahmudullah,MA Wood,4,0,,,,,,,,,
1022347,2017,2017-06-01,Kennington Oval,1,47.4,Bangladesh,England,Sabbir Rahman,Mahmudullah,MA Wood,1,0,,,,,,,,,
1022347,2017,2017-06-01,Kennington Oval,1,47.5,Bangladesh,England,Mahmudullah,Sabbir Rahman,MA Wood,1,0,,,,,,,,,
1022347,2017,2017-06-01,Kennington Oval,1,47.6,Bangladesh,England,Sabbir Rahman,Mahmudullah,MA Wood,1,0,,,,,,,,,
1022347,2017,2017-06-01,Kennington Oval,1,48.1,Bangladesh,England,Sabbir Rahman,Mahmudullah,JT Ball,2,0,,,,,,,,,
1022347,2017,2017-06-01,Kennington Oval,1,48.2,Bangladesh,England,Sabbir Rahman,Mahmudullah,JT Ball,4,0,,,,,,,,,
1022347,2017,2017-06-01,Kennington Oval,1,48.3,Bangladesh,England,Sabbir Rahman,Mahmudullah,JT Ball,3,0,,,,,,,,,
1022347,2017,2017-06-01,Kennington Oval,1,48.4,Bangladesh,England,Mahmudullah,Sabbir Rahman,JT Ball,2,0,,,,,,,,,
1022347,2017,2017-06-01,Kennington Oval,1,48.5,Bangladesh,England,Mahmudullah,Sabbir Rahman,JT Ball,1,0,,,,,,,,,
1022347,2017,2017-06-01,Kennington Oval,1,48.6,Bangladesh,England,Sabbir Rahman,Mahmudullah,JT Ball,1,0,,,,,,,,,
1022347,2017,2017-06-01,Kennington Oval,1,49.1,Bangladesh,England,Sabbir Rahman,Mahmudullah,LE Plunkett,0,0,,,,,,caught,Sabbir Rahman,,
1022347,2017,2017-06-01,Kennington Oval,1,49.2,Bangladesh,England,Mosaddek Hossain,Mahmudullah,LE Plunkett,1,0,,,,,,,,,
1022347,2017,2017-06-01,Kennington Oval,1,49.3,Bangladesh,England,Mahmudullah,Mosaddek Hossain,LE Plunkett,0,1,,,,1,,,,,
1022347,2017,2017-06-01,Kennington Oval,1,49.4,Bangladesh,England,Mosaddek Hossain,Mahmudullah,LE Plunkett,1,0,,,,,,,,,
1022347,2017,2017-06-01,Kennington Oval,1,49.5,Bangladesh,England,Mahmudullah,Mosaddek Hossain,LE Plunkett,1,0,,,,,,,,,
1022347,2017,2017-06-01,Kennington Oval,1,49.6,Bangladesh,England,Mosaddek Hossain,Mahmudullah,LE Plunkett,0,1,,,1,,,,,,
1022347,2017,2017-06-01,Kennington Oval,2,0.1,England,Bangladesh,JJ Roy,AD Hales,Mashrafe Mortaza,0,0,,,,,,,,,
1022347,2017,2017-06-01,Kennington Oval,2,0.2,England,Bangladesh,JJ Roy,AD Hales,Mashrafe Mortaza,0,0,,,,,,,,,
1022347,2017,2017-06-01,Kennington Oval,2,0.3,England,Bangladesh,JJ Roy,AD Hales,Mashrafe Mortaza,0,0,,,,,,,,,
1022347,2017,2017-06-01,Kennington Oval,2,0.4,England,Bangladesh,JJ Roy,AD Hales,Mashrafe Mortaza,0,0,,,,,,,,,
1022347,2017,2017-06-01,Kennington Oval,2,0.5,England,Bangladesh,JJ Roy,AD Hales,Mashrafe Mortaza,1,0,,,,,,,,,
1022347,2017,2017-06-01,Kennington Oval,2,0.6,England,Bangladesh,AD Hales,JJ Roy,Mashrafe Mortaza,1,0,,,,,,,,,
1022347,2017,2017-06-01,Kennington Oval,2,1.1,England,Bangladesh,AD Hales,JJ Roy,Shakib Al Hasan,0,0,,,,,,,,,
1022347,2017,2017-06-01,Kennington Oval,2,1.2,England,Bangladesh,AD Hales,JJ Roy,Shakib Al Hasan,0,0,,,,,,,,,
1022347,2017,2017-06-01,Kennington Oval,2,1.3,England,Bangladesh,AD Hales,JJ Roy,Shakib Al Hasan,0,0,,,,,,,,,
1022347,2017,2017-06-01,Kennington Oval,2,1.4,England,Bangladesh,AD Hales,JJ Roy,Shakib Al Hasan,4,0,,,,,,,,,
1022347,2017,2017-06-01,Kennington Oval,2,1.5,England,Bangladesh,AD Hales,JJ Roy,Shakib Al Hasan,0,0,,,,,,,,,
1022347,2017,2017-06-01,Kennington Oval,2,1.6,England,Bangladesh,AD Hales,JJ Roy,Shakib Al Hasan,0,0,,,,,,,,,
1022347,2017,2017-06-01,Kennington Oval,2,2.1,England,Bangladesh,JJ Roy,AD Hales,Mashrafe Mortaza,0,0,,,,,,,,,
1022347,2017,2017-06-01,Kennington Oval,2,2.2,England,Bangladesh,JJ Roy,AD Hales,Mashrafe Mortaza,0,0,,,,,,,,,
1022347,2017,2017-06-01,Kennington Oval,2,2.3,England,Bangladesh,JJ Roy,AD Hales,Mashrafe Mortaza,0,0,,,,,,caught,JJ Roy,,
1022347,2017,2017-06-01,Kennington Oval,2,2.4,England,Bangladesh,JE Root,AD Hales,Mashrafe Mortaza,0,0,,,,,,,,,
1022347,2017,2017-06-01,Kennington Oval,2,2.5,England,Bangladesh,JE Root,AD Hales,Mashrafe Mortaza,1,0,,,,,,,,,
1022347,2017,2017-06-01,Kennington Oval,2,2.6,England,Bangladesh,AD Hales,JE Root,Mashrafe Mortaza,0,0,,,,,,,,,
1022347,2017,2017-06-01,Kennington Oval,2,3.1,England,Bangladesh,JE Root,AD Hales,Shakib Al Hasan,0,0,,,,,,,,,
1022347,2017,2017-06-01,Kennington Oval,2,3.2,England,Bangladesh,JE Root,AD Hales,Shakib Al Hasan,4,0,,,,,,,,,
1022347,2017,2017-06-01,Kennington Oval,2,3.3,England,Bangladesh,JE Root,AD Hales,Shakib Al Hasan,1,0,,,,,,,,,
1022347,2017,2017-06-01,Kennington Oval,2,3.4,England,Bangladesh,AD Hales,JE Root,Shakib Al Hasan,0,0,,,,,,,,,
1022347,2017,2017-06-01,Kennington Oval,2,3.5,England,Bangladesh,AD Hales,JE Root,Shakib Al Hasan,1,0,,,,,,,,,
1022347,2017,2017-06-01,Kennington Oval,2,3.6,England,Bangladesh,JE Root,AD Hales,Shakib Al Hasan,0,0,,,,,,,,,
1022347,2017,2017-06-01,Kennington Oval,2,4.1,England,Bangladesh,AD Hales,JE Root,Mashrafe Mortaza,4,0,,,,,,,,,
1022347,2017,2017-06-01,Kennington Oval,2,4.2,England,Bangladesh,AD Hales,JE Root,Mashrafe Mortaza,0,0,,,,,,,,,
1022347,2017,2017-06-01,Kennington Oval,2,4.3,England,Bangladesh,AD Hales,JE Root,Mashrafe Mortaza,4,0,,,,,,,,,
1022347,2017,2017-06-01,Kennington Oval,2,4.4,England,Bangladesh,AD Hales,JE Root,Mashrafe Mortaza,1,0,,,,,,,,,
1022347,2017,2017-06-01,Kennington Oval,2,4.5,England,Bangladesh,JE Root,AD Hales,Mashrafe Mortaza,0,0,,,,,,,,,
1022347,2017,2017-06-01,Kennington Oval,2,4.6,England,Bangladesh,JE Root,AD Hales,Mashrafe Mortaza,1,0,,,,,,,,,
1022347,2017,2017-06-01,Kennington Oval,2,5.1,England,Bangladesh,JE Root,AD Hales,Shakib Al Hasan,1,0,,,,,,,,,
1022347,2017,2017-06-01,Kennington Oval,2,5.2,England,Bangladesh,AD Hales,JE Root,Shakib Al Hasan,1,0,,,,,,,,,
1022347,2017,2017-06-01,Kennington Oval,2,5.3,England,Bangladesh,JE Root,AD Hales,Shakib Al Hasan,0,0,,,,,,,,,
1022347,2017,2017-06-01,Kennington Oval,2,5.4,England,Bangladesh,JE Root,AD Hales,Shakib Al Hasan,1,0,,,,,,,,,
1022347,2017,2017-06-01,Kennington Oval,2,5.5,England,Bangladesh,AD Hales,JE Root,Shakib Al Hasan,1,0,,,,,,,,,
1022347,2017,2017-06-01,Kennington Oval,2,5.6,England,Bangladesh,JE Root,AD Hales,Shakib Al Hasan,0,0,,,,,,,,,
1022347,2017,2017-06-01,Kennington Oval,2,6.1,England,Bangladesh,AD Hales,JE Root,Mashrafe Mortaza,0,0,,,,,,,,,
1022347,2017,2017-06-01,Kennington Oval,2,6.2,England,Bangladesh,AD Hales,JE Root,Mashrafe Mortaza,1,0,,,,,,,,,
1022347,2017,2017-06-01,Kennington Oval,2,6.3,England,Bangladesh,JE Root,AD Hales,Mashrafe Mortaza,0,0,,,,,,,,,
1022347,2017,2017-06-01,Kennington Oval,2,6.4,England,Bangladesh,JE Root,AD Hales,Mashrafe Mortaza,0,0,,,,,,,,,
1022347,2017,2017-06-01,Kennington Oval,2,6.5,England,Bangladesh,JE Root,AD Hales,Mashrafe Mortaza,2,0,,,,,,,,,
1022347,2017,2017-06-01,Kennington Oval,2,6.6,England,Bangladesh,JE Root,AD Hales,Mashrafe Mortaza,0,0,,,,,,,,,
1022347,2017,2017-06-01,Kennington Oval,2,7.1,England,Bangladesh,AD Hales,JE Root,Shakib Al Hasan,2,0,,,,,,,,,
1022347,2017,2017-06-01,Kennington Oval,2,7.2,England,Bangladesh,AD Hales,JE Root,Shakib Al Hasan,1,0,,,,,,,,,
1022347,2017,2017-06-01,Kennington Oval,2,7.3,England,Bangladesh,JE Root,AD Hales,Shakib Al Hasan,1,0,,,,,,,,,
1022347,2017,2017-06-01,Kennington Oval,2,7.4,England,Bangladesh,AD Hales,JE Root,Shakib Al Hasan,0,0,,,,,,,,,
1022347,2017,2017-06-01,Kennington Oval,2,7.5,England,Bangladesh,AD Hales,JE Root,Shakib Al Hasan,0,0,,,,,,,,,
1022347,2017,2017-06-01,Kennington Oval,2,7.6,England,Bangladesh,AD Hales,JE Root,Shakib Al Hasan,4,0,,,,,,,,,
1022347,2017,2017-06-01,Kennington Oval,2,8.1,England,Bangladesh,JE Root,AD Hales,Mashrafe Mortaza,1,0,,,,,,,,,
1022347,2017,2017-06-01,Kennington Oval,2,8.2,England,Bangladesh,AD Hales,JE Root,Mashrafe Mortaza,0,0,,,,,,,,,
1022347,2017,2017-06-01,Kennington Oval,2,8.3,England,Bangladesh,AD Hales,JE Root,Mashrafe Mortaza,0,0,,,,,,,,,
1022347,2017,2017-06-01,Kennington Oval,2,8.4,England,Bangladesh,AD Hales,JE Root,Mashrafe Mortaza,1,0,,,,,,,,,
1022347,2017,2017-06-01,Kennington Oval,2,8.5,England,Bangladesh,JE Root,AD Hales,Mashrafe Mortaza,1,0,,,,,,,,,
1022347,2017,2017-06-01,Kennington Oval,2,8.6,England,Bangladesh,AD Hales,JE Root,Mashrafe Mortaza,4,0,,,,,,,,,
1022347,2017,2017-06-01,Kennington Oval,2,9.1,England,Bangladesh,JE Root,AD Hales,Mustafizur Rahman,1,0,,,,,,,,,
1022347,2017,2017-06-01,Kennington Oval,2,9.2,England,Bangladesh,AD Hales,JE Root,Mustafizur Rahman,4,0,,,,,,,,,
1022347,2017,2017-06-01,Kennington Oval,2,9.3,England,Bangladesh,AD Hales,JE Root,Mustafizur Rahman,0,0,,,,,,,,,
1022347,2017,2017-06-01,Kennington Oval,2,9.4,England,Bangladesh,AD Hales,JE Root,Mustafizur Rahman,0,0,,,,,,,,,
1022347,2017,2017-06-01,Kennington Oval,2,9.5,England,Bangladesh,AD Hales,JE Root,Mustafizur Rahman,1,0,,,,,,,,,
1022347,2017,2017-06-01,Kennington Oval,2,9.6,England,Bangladesh,JE Root,AD Hales,Mustafizur Rahman,0,0,,,,,,,,,
1022347,2017,2017-06-01,Kennington Oval,2,10.1,England,Bangladesh,AD Hales,JE Root,Soumya Sarkar,1,0,,,,,,,,,
1022347,2017,2017-06-01,Kennington Oval,2,10.2,England,Bangladesh,JE Root,AD Hales,Soumya Sarkar,1,0,,,,,,,,,
1022347,2017,2017-06-01,Kennington Oval,2,10.3,England,Bangladesh,AD Hales,JE Root,Soumya Sarkar,0,0,,,,,,,,,
1022347,2017,2017-06-01,Kennington Oval,2,10.4,England,Bangladesh,AD Hales,JE Root,Soumya Sarkar,1,0,,,,,,,,,
1022347,2017,2017-06-01,Kennington Oval,2,10.5,England,Bangladesh,JE Root,AD Hales,Soumya Sarkar,0,0,,,,,,,,,
1022347,2017,2017-06-01,Kennington Oval,2,10.6,England,Bangladesh,JE Root,AD Hales,Soumya Sarkar,1,0,,,,,,,,,
1022347,2017,2017-06-01,Kennington Oval,2,11.1,England,Bangladesh,JE Root,AD Hales,Mustafizur Rahman,0,0,,,,,,,,,
1022347,2017,2017-06-01,Kennington Oval,2,11.2,England,Bangladesh,JE Root,AD Hales,Mustafizur Rahman,1,0,,,,,,,,,
1022347,2017,2017-06-01,Kennington Oval,2,11.3,England,Bangladesh,AD Hales,JE Root,Mustafizur Rahman,0,0,,,,,,,,,
1022347,2017,2017-06-01,Kennington Oval,2,11.4,England,Bangladesh,AD Hales,JE Root,Mustafizur Rahman,0,0,,,,,,,,,
1022347,2017,2017-06-01,Kennington Oval,2,11.5,England,Bangladesh,AD Hales,JE Root,Mustafizur Rahman,1,0,,,,,,,,,
1022347,2017,2017-06-01,Kennington Oval,2,11.6,England,Bangladesh,JE Root,AD Hales,Mustafizur Rahman,1,0,,,,,,,,,
1022347,2017,2017-06-01,Kennington Oval,2,12.1,England,Bangladesh,JE Root,AD Hales,Soumya Sarkar,4,0,,,,,,,,,
1022347,2017,2017-06-01,Kennington Oval,2,12.2,England,Bangladesh,JE Root,AD Hales,Soumya Sarkar,0,0,,,,,,,,,
1022347,2017,2017-06-01,Kennington Oval,2,12.3,England,Bangladesh,JE Root,AD Hales,Soumya Sarkar,4,0,,,,,,,,,
1022347,2017,2017-06-01,Kennington Oval,2,12.4,England,Bangladesh,JE Root,AD Hales,Soumya Sarkar,1,0,,,,,,,,,
1022347,2017,2017-06-01,Kennington Oval,2,12.5,England,Bangladesh,AD Hales,JE Root,Soumya Sarkar,0,0,,,,,,,,,
1022347,2017,2017-06-01,Kennington Oval,2,12.6,England,Bangladesh,AD Hales,JE Root,Soumya Sarkar,0,0,,,,,,,,,
1022347,2017,2017-06-01,Kennington Oval,2,13.1,England,Bangladesh,JE Root,AD Hales,Mosaddek Hossain,1,0,,,,,,,,,
1022347,2017,2017-06-01,Kennington Oval,2,13.2,England,Bangladesh,AD Hales,JE Root,Mosaddek Hossain,1,0,,,,,,,,,
1022347,2017,2017-06-01,Kennington Oval,2,13.3,England,Bangladesh,JE Root,AD Hales,Mosaddek Hossain,1,0,,,,,,,,,
1022347,2017,2017-06-01,Kennington Oval,2,13.4,England,Bangladesh,AD Hales,JE Root,Mosaddek Hossain,0,0,,,,,,,,,
1022347,2017,2017-06-01,Kennington Oval,2,13.5,England,Bangladesh,AD Hales,JE Root,Mosaddek Hossain,0,0,,,,,,,,,
1022347,2017,2017-06-01,Kennington Oval,2,13.6,England,Bangladesh,AD Hales,JE Root,Mosaddek Hossain,1,0,,,,,,,,,
1022347,2017,2017-06-01,Kennington Oval,2,14.1,England,Bangladesh,AD Hales,JE Root,Rubel Hossain,1,0,,,,,,,,,
1022347,2017,2017-06-01,Kennington Oval,2,14.2,England,Bangladesh,JE Root,AD Hales,Rubel Hossain,2,0,,,,,,,,,
1022347,2017,2017-06-01,Kennington Oval,2,14.3,England,Bangladesh,JE Root,AD Hales,Rubel Hossain,0,0,,,,,,,,,
1022347,2017,2017-06-01,Kennington Oval,2,14.4,England,Bangladesh,JE Root,AD Hales,Rubel Hossain,1,0,,,,,,,,,
1022347,2017,2017-06-01,Kennington Oval,2,14.5,England,Bangladesh,AD Hales,JE Root,Rubel Hossain,0,0,,,,,,,,,
1022347,2017,2017-06-01,Kennington Oval,2,14.6,England,Bangladesh,AD Hales,JE Root,Rubel Hossain,1,0,,,,,,,,,
1022347,2017,2017-06-01,Kennington Oval,2,15.1,England,Bangladesh,AD Hales,JE Root,Mosaddek Hossain,0,0,,,,,,,,,
1022347,2017,2017-06-01,Kennington Oval,2,15.2,England,Bangladesh,AD Hales,JE Root,Mosaddek Hossain,1,0,,,,,,,,,
1022347,2017,2017-06-01,Kennington Oval,2,15.3,England,Bangladesh,JE Root,AD Hales,Mosaddek Hossain,0,1,1,,,,,,,,
1022347,2017,2017-06-01,Kennington Oval,2,15.4,England,Bangladesh,JE Root,AD Hales,Mosaddek Hossain,0,0,,,,,,,,,
1022347,2017,2017-06-01,Kennington Oval,2,15.5,England,Bangladesh,JE Root,AD Hales,Mosaddek Hossain,2,0,,,,,,,,,
1022347,2017,2017-06-01,Kennington Oval,2,15.6,England,Bangladesh,JE Root,AD Hales,Mosaddek Hossain,1,0,,,,,,,,,
1022347,2017,2017-06-01,Kennington Oval,2,15.7,England,Bangladesh,AD Hales,JE Root,Mosaddek Hossain,2,0,,,,,,,,,
1022347,2017,2017-06-01,Kennington Oval,2,16.1,England,Bangladesh,JE Root,AD Hales,Rubel Hossain,0,0,,,,,,,,,
1022347,2017,2017-06-01,Kennington Oval,2,16.2,England,Bangladesh,JE Root,AD Hales,Rubel Hossain,1,0,,,,,,,,,
1022347,2017,2017-06-01,Kennington Oval,2,16.3,England,Bangladesh,AD Hales,JE Root,Rubel Hossain,1,0,,,,,,,,,
1022347,2017,2017-06-01,Kennington Oval,2,16.4,England,Bangladesh,JE Root,AD Hales,Rubel Hossain,1,0,,,,,,,,,
1022347,2017,2017-06-01,Kennington Oval,2,16.5,England,Bangladesh,AD Hales,JE Root,Rubel Hossain,0,0,,,,,,,,,
1022347,2017,2017-06-01,Kennington Oval,2,16.6,England,Bangladesh,AD Hales,JE Root,Rubel Hossain,4,0,,,,,,,,,
1022347,2017,2017-06-01,Kennington Oval,2,17.1,England,Bangladesh,JE Root,AD Hales,Mosaddek Hossain,0,0,,,,,,,,,
1022347,2017,2017-06-01,Kennington Oval,2,17.2,England,Bangladesh,JE Root,AD Hales,Mosaddek Hossain,1,0,,,,,,,,,
1022347,2017,2017-06-01,Kennington Oval,2,17.3,England,Bangladesh,AD Hales,JE Root,Mosaddek Hossain,0,0,,,,,,,,,
1022347,2017,2017-06-01,Kennington Oval,2,17.4,England,Bangladesh,AD Hales,JE Root,Mosaddek Hossain,0,2,,,,2,,,,,
1022347,2017,2017-06-01,Kennington Oval,2,17.5,England,Bangladesh,AD Hales,JE Root,Mosaddek Hossain,1,0,,,,,,,,,
1022347,2017,2017-06-01,Kennington Oval,2,17.6,England,Bangladesh,JE Root,AD Hales,Mosaddek Hossain,1,0,,,,,,,,,
1022347,2017,2017-06-01,Kennington Oval,2,18.1,England,Bangladesh,JE Root,AD Hales,Rubel Hossain,0,0,,,,,,,,,
1022347,2017,2017-06-01,Kennington Oval,2,18.2,England,Bangladesh,JE Root,AD Hales,Rubel Hossain,4,0,,,,,,,,,
1022347,2017,2017-06-01,Kennington Oval,2,18.3,England,Bangladesh,JE Root,AD Hales,Rubel Hossain,0,0,,,,,,,,,
1022347,2017,2017-06-01,Kennington Oval,2,18.4,England,Bangladesh,JE Root,AD Hales,Rubel Hossain,1,0,,,,,,,,,
1022347,2017,2017-06-01,Kennington Oval,2,18.5,England,Bangladesh,AD Hales,JE Root,Rubel Hossain,4,0,,,,,,,,,
1022347,2017,2017-06-01,Kennington Oval,2,18.6,England,Bangladesh,AD Hales,JE Root,Rubel Hossain,1,0,,,,,,,,,
1022347,2017,2017-06-01,Kennington Oval,2,19.1,England,Bangladesh,AD Hales,JE Root,Mosaddek Hossain,1,0,,,,,,,,,
1022347,2017,2017-06-01,Kennington Oval,2,19.2,England,Bangladesh,JE Root,AD Hales,Mosaddek Hossain,1,0,,,,,,,,,
1022347,2017,2017-06-01,Kennington Oval,2,19.3,England,Bangladesh,AD Hales,JE Root,Mosaddek Hossain,1,0,,,,,,,,,
1022347,2017,2017-06-01,Kennington Oval,2,19.4,England,Bangladesh,JE Root,AD Hales,Mosaddek Hossain,0,0,,,,,,,,,
1022347,2017,2017-06-01,Kennington Oval,2,19.5,England,Bangladesh,JE Root,AD Hales,Mosaddek Hossain,1,0,,,,,,,,,
1022347,2017,2017-06-01,Kennington Oval,2,19.6,England,Bangladesh,AD Hales,JE Root,Mosaddek Hossain,1,0,,,,,,,,,
1022347,2017,2017-06-01,Kennington Oval,2,20.1,England,Bangladesh,AD Hales,JE Root,Mustafizur Rahman,1,0,,,,,,,,,
1022347,2017,2017-06-01,Kennington Oval,2,20.2,England,Bangladesh,JE Root,AD Hales,Mustafizur Rahman,0,0,,,,,,,,,
1022347,2017,2017-06-01,Kennington Oval,2,20.3,England,Bangladesh,JE Root,AD Hales,Mustafizur Rahman,0,0,,,,,,,,,
1022347,2017,2017-06-01,Kennington Oval,2,20.4,England,Bangladesh,JE Root,AD Hales,Mustafizur Rahman,0,0,,,,,,,,,
1022347,2017,2017-06-01,Kennington Oval,2,20.5,England,Bangladesh,JE Root,AD Hales,Mustafizur Rahman,0,0,,,,,,,,,
1022347,2017,2017-06-01,Kennington Oval,2,20.6,England,Bangladesh,JE Root,AD Hales,Mustafizur Rahman,0,0,,,,,,,,,
1022347,2017,2017-06-01,Kennington Oval,2,21.1,England,Bangladesh,AD Hales,JE Root,Shakib Al Hasan,1,0,,,,,,,,,
1022347,2017,2017-06-01,Kennington Oval,2,21.2,England,Bangladesh,JE Root,AD Hales,Shakib Al Hasan,1,0,,,,,,,,,
1022347,2017,2017-06-01,Kennington Oval,2,21.3,England,Bangladesh,AD Hales,JE Root,Shakib Al Hasan,4,0,,,,,,,,,
1022347,2017,2017-06-01,Kennington Oval,2,21.4,England,Bangladesh,AD Hales,JE Root,Shakib Al Hasan,6,0,,,,,,,,,
1022347,2017,2017-06-01,Kennington Oval,2,21.5,England,Bangladesh,AD Hales,JE Root,Shakib Al Hasan,1,0,,,,,,,,,
1022347,2017,2017-06-01,Kennington Oval,2,21.6,England,Bangladesh,JE Root,AD Hales,Shakib Al Hasan,2,0,,,,,,,,,
1022347,2017,2017-06-01,Kennington Oval,2,22.1,England,Bangladesh,AD Hales,JE Root,Mustafizur Rahman,1,0,,,,,,,,,
1022347,2017,2017-06-01,Kennington Oval,2,22.2,England,Bangladesh,JE Root,AD Hales,Mustafizur Rahman,2,0,,,,,,,,,
1022347,2017,2017-06-01,Kennington Oval,2,22.3,England,Bangladesh,JE Root,AD Hales,Mustafizur Rahman,1,0,,,,,,,,,
1022347,2017,2017-06-01,Kennington Oval,2,22.4,England,Bangladesh,AD Hales,JE Root,Mustafizur Rahman,1,0,,,,,,,,,
1022347,2017,2017-06-01,Kennington Oval,2,22.5,England,Bangladesh,JE Root,AD Hales,Mustafizur Rahman,2,0,,,,,,,,,
1022347,2017,2017-06-01,Kennington Oval,2,22.6,England,Bangladesh,JE Root,AD Hales,Mustafizur Rahman,0,0,,,,,,,,,
1022347,2017,2017-06-01,Kennington Oval,2,23.1,England,Bangladesh,AD Hales,JE Root,Rubel Hossain,1,0,,,,,,,,,
1022347,2017,2017-06-01,Kennington Oval,2,23.2,England,Bangladesh,JE Root,AD Hales,Rubel Hossain,1,0,,,,,,,,,
1022347,2017,2017-06-01,Kennington Oval,2,23.3,England,Bangladesh,AD Hales,JE Root,Rubel Hossain,0,0,,,,,,,,,
1022347,2017,2017-06-01,Kennington Oval,2,23.4,England,Bangladesh,AD Hales,JE Root,Rubel Hossain,0,0,,,,,,,,,
1022347,2017,2017-06-01,Kennington Oval,2,23.5,England,Bangladesh,AD Hales,JE Root,Rubel Hossain,0,0,,,,,,,,,
1022347,2017,2017-06-01,Kennington Oval,2,23.6,England,Bangladesh,AD Hales,JE Root,Rubel Hossain,0,0,,,,,,,,,
1022347,2017,2017-06-01,Kennington Oval,2,24.1,England,Bangladesh,JE Root,AD Hales,Mustafizur Rahman,1,0,,,,,,,,,
1022347,2017,2017-06-01,Kennington Oval,2,24.2,England,Bangladesh,AD Hales,JE Root,Mustafizur Rahman,0,0,,,,,,,,,
1022347,2017,2017-06-01,Kennington Oval,2,24.3,England,Bangladesh,AD Hales,JE Root,Mustafizur Rahman,0,0,,,,,,,,,
1022347,2017,2017-06-01,Kennington Oval,2,24.4,England,Bangladesh,AD Hales,JE Root,Mustafizur Rahman,0,0,,,,,,,,,
1022347,2017,2017-06-01,Kennington Oval,2,24.5,England,Bangladesh,AD Hales,JE Root,Mustafizur Rahman,1,0,,,,,,,,,
1022347,2017,2017-06-01,Kennington Oval,2,24.6,England,Bangladesh,JE Root,AD Hales,Mustafizur Rahman,1,0,,,,,,,,,
1022347,2017,2017-06-01,Kennington Oval,2,25.1,England,Bangladesh,JE Root,AD Hales,Rubel Hossain,1,0,,,,,,,,,
1022347,2017,2017-06-01,Kennington Oval,2,25.2,England,Bangladesh,AD Hales,JE Root,Rubel Hossain,1,0,,,,,,,,,
1022347,2017,2017-06-01,Kennington Oval,2,25.3,England,Bangladesh,JE Root,AD Hales,Rubel Hossain,2,0,,,,,,,,,
1022347,2017,2017-06-01,Kennington Oval,2,25.4,England,Bangladesh,JE Root,AD Hales,Rubel Hossain,1,0,,,,,,,,,
1022347,2017,2017-06-01,Kennington Oval,2,25.5,England,Bangladesh,AD Hales,JE Root,Rubel Hossain,0,0,,,,,,,,,
1022347,2017,2017-06-01,Kennington Oval,2,25.6,England,Bangladesh,AD Hales,JE Root,Rubel Hossain,4,0,,,,,,,,,
1022347,2017,2017-06-01,Kennington Oval,2,26.1,England,Bangladesh,JE Root,AD Hales,Mustafizur Rahman,1,0,,,,,,,,,
1022347,2017,2017-06-01,Kennington Oval,2,26.2,England,Bangladesh,AD Hales,JE Root,Mustafizur Rahman,0,0,,,,,,,,,
1022347,2017,2017-06-01,Kennington Oval,2,26.3,England,Bangladesh,AD Hales,JE Root,Mustafizur Rahman,2,0,,,,,,,,,
1022347,2017,2017-06-01,Kennington Oval,2,26.4,England,Bangladesh,AD Hales,JE Root,Mustafizur Rahman,1,0,,,,,,,,,
1022347,2017,2017-06-01,Kennington Oval,2,26.5,England,Bangladesh,JE Root,AD Hales,Mustafizur Rahman,0,0,,,,,,,,,
1022347,2017,2017-06-01,Kennington Oval,2,26.6,England,Bangladesh,JE Root,AD Hales,Mustafizur Rahman,1,0,,,,,,,,,
1022347,2017,2017-06-01,Kennington Oval,2,27.1,England,Bangladesh,JE Root,AD Hales,Sabbir Rahman,1,0,,,,,,,,,
1022347,2017,2017-06-01,Kennington Oval,2,27.2,England,Bangladesh,AD Hales,JE Root,Sabbir Rahman,1,0,,,,,,,,,
1022347,2017,2017-06-01,Kennington Oval,2,27.3,England,Bangladesh,JE Root,AD Hales,Sabbir Rahman,1,0,,,,,,,,,
1022347,2017,2017-06-01,Kennington Oval,2,27.4,England,Bangladesh,AD Hales,JE Root,Sabbir Rahman,4,0,,,,,,,,,
1022347,2017,2017-06-01,Kennington Oval,2,27.5,England,Bangladesh,AD Hales,JE Root,Sabbir Rahman,6,0,,,,,,,,,
1022347,2017,2017-06-01,Kennington Oval,2,27.6,England,Bangladesh,AD Hales,JE Root,Sabbir Rahman,0,0,,,,,,caught,AD Hales,,
1022347,2017,2017-06-01,Kennington Oval,2,28.1,England,Bangladesh,EJG Morgan,JE Root,Mashrafe Mortaza,0,0,,,,,,,,,
1022347,2017,2017-06-01,Kennington Oval,2,28.2,England,Bangladesh,EJG Morgan,JE Root,Mashrafe Mortaza,4,0,,,,,,,,,
1022347,2017,2017-06-01,Kennington Oval,2,28.3,England,Bangladesh,EJG Morgan,JE Root,Mashrafe Mortaza,1,0,,,,,,,,,
1022347,2017,2017-06-01,Kennington Oval,2,28.4,England,Bangladesh,JE Root,EJG Morgan,Mashrafe Mortaza,0,0,,,,,,,,,
1022347,2017,2017-06-01,Kennington Oval,2,28.5,England,Bangladesh,JE Root,EJG Morgan,Mashrafe Mortaza,1,0,,,,,,,,,
1022347,2017,2017-06-01,Kennington Oval,2,28.6,England,Bangladesh,EJG Morgan,JE Root,Mashrafe Mortaza,0,0,,,,,,,,,
1022347,2017,2017-06-01,Kennington Oval,2,29.1,England,Bangladesh,JE Root,EJG Morgan,Mosaddek Hossain,4,0,,,,,,,,,
1022347,2017,2017-06-01,Kennington Oval,2,29.2,England,Bangladesh,JE Root,EJG Morgan,Mosaddek Hossain,1,0,,,,,,,,,
1022347,2017,2017-06-01,Kennington Oval,2,29.3,England,Bangladesh,EJG Morgan,JE Root,Mosaddek Hossain,1,0,,,,,,,,,
1022347,2017,2017-06-01,Kennington Oval,2,29.4,England,Bangladesh,JE Root,EJG Morgan,Mosaddek Hossain,0,0,,,,,,,,,
1022347,2017,2017-06-01,Kennington Oval,2,29.5,England,Bangladesh,JE Root,EJG Morgan,Mosaddek Hossain,0,0,,,,,,,,,
1022347,2017,2017-06-01,Kennington Oval,2,29.6,England,Bangladesh,JE Root,EJG Morgan,Mosaddek Hossain,0,0,,,,,,,,,
1022347,2017,2017-06-01,Kennington Oval,2,30.1,England,Bangladesh,EJG Morgan,JE Root,Rubel Hossain,1,0,,,,,,,,,
1022347,2017,2017-06-01,Kennington Oval,2,30.2,England,Bangladesh,JE Root,EJG Morgan,Rubel Hossain,0,0,,,,,,,,,
1022347,2017,2017-06-01,Kennington Oval,2,30.3,England,Bangladesh,JE Root,EJG Morgan,Rubel Hossain,0,0,,,,,,,,,
1022347,2017,2017-06-01,Kennington Oval,2,30.4,England,Bangladesh,JE Root,EJG Morgan,Rubel Hossain,0,0,,,,,,,,,
1022347,2017,2017-06-01,Kennington Oval,2,30.5,England,Bangladesh,JE Root,EJG Morgan,Rubel Hossain,1,0,,,,,,,,,
1022347,2017,2017-06-01,Kennington Oval,2,30.6,England,Bangladesh,EJG Morgan,JE Root,Rubel Hossain,0,0,,,,,,,,,
1022347,2017,2017-06-01,Kennington Oval,2,31.1,England,Bangladesh,JE Root,EJG Morgan,Mosaddek Hossain,1,0,,,,,,,,,
1022347,2017,2017-06-01,Kennington Oval,2,31.2,England,Bangladesh,EJG Morgan,JE Root,Mosaddek Hossain,0,0,,,,,,,,,
1022347,2017,2017-06-01,Kennington Oval,2,31.3,England,Bangladesh,EJG Morgan,JE Root,Mosaddek Hossain,1,0,,,,,,,,,
1022347,2017,2017-06-01,Kennington Oval,2,31.4,England,Bangladesh,JE Root,EJG Morgan,Mosaddek Hossain,1,0,,,,,,,,,
1022347,2017,2017-06-01,Kennington Oval,2,31.5,England,Bangladesh,EJG Morgan,JE Root,Mosaddek Hossain,1,0,,,,,,,,,
1022347,2017,2017-06-01,Kennington Oval,2,31.6,England,Bangladesh,JE Root,EJG Morgan,Mosaddek Hossain,1,0,,,,,,,,,
1022347,2017,2017-06-01,Kennington Oval,2,32.1,England,Bangladesh,JE Root,EJG Morgan,Rubel Hossain,0,0,,,,,,,,,
1022347,2017,2017-06-01,Kennington Oval,2,32.2,England,Bangladesh,JE Root,EJG Morgan,Rubel Hossain,1,0,,,,,,,,,
1022347,2017,2017-06-01,Kennington Oval,2,32.3,England,Bangladesh,EJG Morgan,JE Root,Rubel Hossain,4,0,,,,,,,,,
1022347,2017,2017-06-01,Kennington Oval,2,32.4,England,Bangladesh,EJG Morgan,JE Root,Rubel Hossain,0,0,,,,,,,,,
1022347,2017,2017-06-01,Kennington Oval,2,32.5,England,Bangladesh,EJG Morgan,JE Root,Rubel Hossain,0,0,,,,,,,,,
1022347,2017,2017-06-01,Kennington Oval,2,32.6,England,Bangladesh,EJG Morgan,JE Root,Rubel Hossain,1,0,,,,,,,,,
1022347,2017,2017-06-01,Kennington Oval,2,33.1,England,Bangladesh,EJG Morgan,JE Root,Mosaddek Hossain,4,0,,,,,,,,,
1022347,2017,2017-06-01,Kennington Oval,2,33.2,England,Bangladesh,EJG Morgan,JE Root,Mosaddek Hossain,0,0,,,,,,,,,
1022347,2017,2017-06-01,Kennington Oval,2,33.3,England,Bangladesh,EJG Morgan,JE Root,Mosaddek Hossain,1,0,,,,,,,,,
1022347,2017,2017-06-01,Kennington Oval,2,33.4,England,Bangladesh,JE Root,EJG Morgan,Mosaddek Hossain,2,0,,,,,,,,,
1022347,2017,2017-06-01,Kennington Oval,2,33.5,England,Bangladesh,JE Root,EJG Morgan,Mosaddek Hossain,1,0,,,,,,,,,
1022347,2017,2017-06-01,Kennington Oval,2,33.6,England,Bangladesh,EJG Morgan,JE Root,Mosaddek Hossain,1,0,,,,,,,,,
1022347,2017,2017-06-01,Kennington Oval,2,34.1,England,Bangladesh,EJG Morgan,JE Root,Shakib Al Hasan,0,0,,,,,,,,,
1022347,2017,2017-06-01,Kennington Oval,2,34.2,England,Bangladesh,EJG Morgan,JE Root,Shakib Al Hasan,1,0,,,,,,,,,
1022347,2017,2017-06-01,Kennington Oval,2,34.3,England,Bangladesh,JE Root,EJG Morgan,Shakib Al Hasan,0,0,,,,,,,,,
1022347,2017,2017-06-01,Kennington Oval,2,34.4,England,Bangladesh,JE Root,EJG Morgan,Shakib Al Hasan,2,0,,,,,,,,,
1022347,2017,2017-06-01,Kennington Oval,2,34.5,England,Bangladesh,JE Root,EJG Morgan,Shakib Al Hasan,1,0,,,,,,,,,
1022347,2017,2017-06-01,Kennington Oval,2,34.6,England,Bangladesh,EJG Morgan,JE Root,Shakib Al Hasan,1,0,,,,,,,,,
1022347,2017,2017-06-01,Kennington Oval,2,35.1,England,Bangladesh,EJG Morgan,JE Root,Mashrafe Mortaza,0,0,,,,,,,,,
1022347,2017,2017-06-01,Kennington Oval,2,35.2,England,Bangladesh,EJG Morgan,JE Root,Mashrafe Mortaza,0,0,,,,,,,,,
1022347,2017,2017-06-01,Kennington Oval,2,35.3,England,Bangladesh,EJG Morgan,JE Root,Mashrafe Mortaza,0,0,,,,,,,,,
1022347,2017,2017-06-01,Kennington Oval,2,35.4,England,Bangladesh,EJG Morgan,JE Root,Mashrafe Mortaza,1,0,,,,,,,,,
1022347,2017,2017-06-01,Kennington Oval,2,35.5,England,Bangladesh,JE Root,EJG Morgan,Mashrafe Mortaza,1,0,,,,,,,,,
1022347,2017,2017-06-01,Kennington Oval,2,35.6,England,Bangladesh,EJG Morgan,JE Root,Mashrafe Mortaza,1,0,,,,,,,,,
1022347,2017,2017-06-01,Kennington Oval,2,36.1,England,Bangladesh,EJG Morgan,JE Root,Shakib Al Hasan,1,0,,,,,,,,,
1022347,2017,2017-06-01,Kennington Oval,2,36.2,England,Bangladesh,JE Root,EJG Morgan,Shakib Al Hasan,0,0,,,,,,,,,
1022347,2017,2017-06-01,Kennington Oval,2,36.3,England,Bangladesh,JE Root,EJG Morgan,Shakib Al Hasan,1,0,,,,,,,,,
1022347,2017,2017-06-01,Kennington Oval,2,36.4,England,Bangladesh,EJG Morgan,JE Root,Shakib Al Hasan,2,0,,,,,,,,,
1022347,2017,2017-06-01,Kennington Oval,2,36.5,England,Bangladesh,EJG Morgan,JE Root,Shakib Al Hasan,0,1,1,,,,,,,,
1022347,2017,2017-06-01,Kennington Oval,2,36.6,England,Bangladesh,EJG Morgan,JE Root,Shakib Al Hasan,1,0,,,,,,,,,
1022347,2017,2017-06-01,Kennington Oval,2,36.7,England,Bangladesh,JE Root,EJG Morgan,Shakib Al Hasan,1,0,,,,,,,,,
1022347,2017,2017-06-01,Kennington Oval,2,37.1,England,Bangladesh,JE Root,EJG Morgan,Mashrafe Mortaza,1,0,,,,,,,,,
1022347,2017,2017-06-01,Kennington Oval,2,37.2,England,Bangladesh,EJG Morgan,JE Root,Mashrafe Mortaza,0,0,,,,,,,,,
1022347,2017,2017-06-01,Kennington Oval,2,37.3,England,Bangladesh,EJG Morgan,JE Root,Mashrafe Mortaza,4,0,,,,,,,,,
1022347,2017,2017-06-01,Kennington Oval,2,37.4,England,Bangladesh,EJG Morgan,JE Root,Mashrafe Mortaza,1,0,,,,,,,,,
1022347,2017,2017-06-01,Kennington Oval,2,37.5,England,Bangladesh,JE Root,EJG Morgan,Mashrafe Mortaza,0,0,,,,,,,,,
1022347,2017,2017-06-01,Kennington Oval,2,37.6,England,Bangladesh,JE Root,EJG Morgan,Mashrafe Mortaza,1,0,,,,,,,,,
1022347,2017,2017-06-01,Kennington Oval,2,38.1,England,Bangladesh,JE Root,EJG Morgan,Mustafizur Rahman,0,0,,,,,,,,,
1022347,2017,2017-06-01,Kennington Oval,2,38.2,England,Bangladesh,JE Root,EJG Morgan,Mustafizur Rahman,1,0,,,,,,,,,
1022347,2017,2017-06-01,Kennington Oval,2,38.3,England,Bangladesh,EJG Morgan,JE Root,Mustafizur Rahman,0,0,,,,,,,,,
1022347,2017,2017-06-01,Kennington Oval,2,38.4,England,Bangladesh,EJG Morgan,JE Root,Mustafizur Rahman,2,0,,,,,,,,,
1022347,2017,2017-06-01,Kennington Oval,2,38.5,England,Bangladesh,EJG Morgan,JE Root,Mustafizur Rahman,1,0,,,,,,,,,
1022347,2017,2017-06-01,Kennington Oval,2,38.6,England,Bangladesh,JE Root,EJG Morgan,Mustafizur Rahman,1,0,,,,,,,,,
1022347,2017,2017-06-01,Kennington Oval,2,39.1,England,Bangladesh,JE Root,EJG Morgan,Mashrafe Mortaza,4,0,,,,,,,,,
1022347,2017,2017-06-01,Kennington Oval,2,39.2,England,Bangladesh,JE Root,EJG Morgan,Mashrafe Mortaza,0,0,,,,,,,,,
1022347,2017,2017-06-01,Kennington Oval,2,39.3,England,Bangladesh,JE Root,EJG Morgan,Mashrafe Mortaza,0,0,,,,,,,,,
1022347,2017,2017-06-01,Kennington Oval,2,39.4,England,Bangladesh,JE Root,EJG Morgan,Mashrafe Mortaza,1,0,,,,,,,,,
1022347,2017,2017-06-01,Kennington Oval,2,39.5,England,Bangladesh,EJG Morgan,JE Root,Mashrafe Mortaza,0,0,,,,,,,,,
1022347,2017,2017-06-01,Kennington Oval,2,39.6,England,Bangladesh,EJG Morgan,JE Root,Mashrafe Mortaza,0,0,,,,,,,,,
1022347,2017,2017-06-01,Kennington Oval,2,40.1,England,Bangladesh,JE Root,EJG Morgan,Shakib Al Hasan,1,0,,,,,,,,,
1022347,2017,2017-06-01,Kennington Oval,2,40.2,England,Bangladesh,EJG Morgan,JE Root,Shakib Al Hasan,6,0,,,,,,,,,
1022347,2017,2017-06-01,Kennington Oval,2,40.3,England,Bangladesh,EJG Morgan,JE Root,Shakib Al Hasan,4,0,,,,,,,,,
1022347,2017,2017-06-01,Kennington Oval,2,40.4,England,Bangladesh,EJG Morgan,JE Root,Shakib Al Hasan,1,0,,,,,,,,,
1022347,2017,2017-06-01,Kennington Oval,2,40.5,England,Bangladesh,JE Root,EJG Morgan,Shakib Al Hasan,1,0,,,,,,,,,
1022347,2017,2017-06-01,Kennington Oval,2,40.6,England,Bangladesh,EJG Morgan,JE Root,Shakib Al Hasan,0,0,,,,,,,,,
1022347,2017,2017-06-01,Kennington Oval,2,41.1,England,Bangladesh,JE Root,EJG Morgan,Rubel Hossain,0,0,,,,,,,,,
1022347,2017,2017-06-01,Kennington Oval,2,41.2,England,Bangladesh,JE Root,EJG Morgan,Rubel Hossain,0,0,,,,,,,,,
1022347,2017,2017-06-01,Kennington Oval,2,41.3,England,Bangladesh,JE Root,EJG Morgan,Rubel Hossain,1,0,,,,,,,,,
1022347,2017,2017-06-01,Kennington Oval,2,41.4,England,Bangladesh,EJG Morgan,JE Root,Rubel Hossain,0,0,,,,,,,,,
1022347,2017,2017-06-01,Kennington Oval,2,41.5,England,Bangladesh,EJG Morgan,JE Root,Rubel Hossain,0,0,,,,,,,,,
1022347,2017,2017-06-01,Kennington Oval,2,41.6,England,Bangladesh,EJG Morgan,JE Root,Rubel Hossain,1,0,,,,,,,,,
1022347,2017,2017-06-01,Kennington Oval,2,42.1,England,Bangladesh,EJG Morgan,JE Root,Mashrafe Mortaza,4,0,,,,,,,,,
1022347,2017,2017-06-01,Kennington Oval,2,42.2,England,Bangladesh,EJG Morgan,JE Root,Mashrafe Mortaza,4,0,,,,,,,,,
1022347,2017,2017-06-01,Kennington Oval,2,42.3,England,Bangladesh,EJG Morgan,JE Root,Mashrafe Mortaza,0,0,,,,,,,,,
1022347,2017,2017-06-01,Kennington Oval,2,42.4,England,Bangladesh,EJG Morgan,JE Root,Mashrafe Mortaza,1,0,,,,,,,,,
1022347,2017,2017-06-01,Kennington Oval,2,42.5,England,Bangladesh,JE Root,EJG Morgan,Mashrafe Mortaza,2,0,,,,,,,,,
1022347,2017,2017-06-01,Kennington Oval,2,42.6,England,Bangladesh,JE Root,EJG Morgan,Mashrafe Mortaza,1,0,,,,,,,,,
1022347,2017,2017-06-01,Kennington Oval,2,43.1,England,Bangladesh,JE Root,EJG Morgan,Mustafizur Rahman,1,0,,,,,,,,,
1022347,2017,2017-06-01,Kennington Oval,2,43.2,England,Bangladesh,EJG Morgan,JE Root,Mustafizur Rahman,0,0,,,,,,,,,
1022347,2017,2017-06-01,Kennington Oval,2,43.3,England,Bangladesh,EJG Morgan,JE Root,Mustafizur Rahman,0,0,,,,,,,,,
1022347,2017,2017-06-01,Kennington Oval,2,43.4,England,Bangladesh,EJG Morgan,JE Root,Mustafizur Rahman,1,0,,,,,,,,,
1022347,2017,2017-06-01,Kennington Oval,2,43.5,England,Bangladesh,JE Root,EJG Morgan,Mustafizur Rahman,1,0,,,,,,,,,
1022347,2017,2017-06-01,Kennington Oval,2,43.6,England,Bangladesh,EJG Morgan,JE Root,Mustafizur Rahman,2,0,,,,,,,,,
1022347,2017,2017-06-01,Kennington Oval,2,44.1,England,Bangladesh,JE Root,EJG Morgan,Rubel Hossain,6,0,,,,,,,,,
1022347,2017,2017-06-01,Kennington Oval,2,44.2,England,Bangladesh,JE Root,EJG Morgan,Rubel Hossain,0,0,,,,,,,,,
1022347,2017,2017-06-01,Kennington Oval,2,44.3,England,Bangladesh,JE Root,EJG Morgan,Rubel Hossain,4,0,,,,,,,,,
1022347,2017,2017-06-01,Kennington Oval,2,44.4,England,Bangladesh,JE Root,EJG Morgan,Rubel Hossain,1,0,,,,,,,,,
1022347,2017,2017-06-01,Kennington Oval,2,44.5,England,Bangladesh,EJG Morgan,JE Root,Rubel Hossain,0,0,,,,,,,,,
1022347,2017,2017-06-01,Kennington Oval,2,44.6,England,Bangladesh,EJG Morgan,JE Root,Rubel Hossain,0,0,,,,,,,,,
1022347,2017,2017-06-01,Kennington Oval,2,45.1,England,Bangladesh,JE Root,EJG Morgan,Mustafizur Rahman,1,0,,,,,,,,,
1022347,2017,2017-06-01,Kennington Oval,2,45.2,England,Bangladesh,EJG Morgan,JE Root,Mustafizur Rahman,0,0,,,,,,,,,
1022347,2017,2017-06-01,Kennington Oval,2,45.3,England,Bangladesh,EJG Morgan,JE Root,Mustafizur Rahman,6,0,,,,,,,,,
1022347,2017,2017-06-01,Kennington Oval,2,45.4,England,Bangladesh,EJG Morgan,JE Root,Mustafizur Rahman,4,0,,,,,,,,,
1022347,2017,2017-06-01,Kennington Oval,2,45.5,England,Bangladesh,EJG Morgan,JE Root,Mustafizur Rahman,1,0,,,,,,,,,
1022347,2017,2017-06-01,Kennington Oval,2,45.6,England,Bangladesh,JE Root,EJG Morgan,Mustafizur Rahman,4,0,,,,,,,,,
1022347,2017,2017-06-01,Kennington Oval,2,46.1,England,Bangladesh,EJG Morgan,JE Root,Rubel Hossain,1,0,,,,,,,,,
1022347,2017,2017-06-01,Kennington Oval,2,46.2,England,Bangladesh,JE Root,EJG Morgan,Rubel Hossain,4,0,,,,,,,,,
1022347,2017,2017-06-01,Kennington Oval,2,46.3,England,Bangladesh,JE Root,EJG Morgan,Rubel Hossain,1,0,,,,,,,,,
1022347,2017,2017-06-01,Kennington Oval,2,46.4,England,Bangladesh,EJG Morgan,JE Root,Rubel Hossain,1,0,,,,,,,,,
1022347,2017,2017-06-01,Kennington Oval,2,46.5,England,Bangladesh,JE Root,EJG Morgan,Rubel Hossain,1,0,,,,,,,,,
1022347,2017,2017-06-01,Kennington Oval,2,46.6,England,Bangladesh,EJG Morgan,JE Root,Rubel Hossain,2,0,,,,,,,,,
1022347,2017,2017-06-01,Kennington Oval,2,47.1,England,Bangladesh,JE Root,EJG Morgan,Mosaddek Hossain,4,0,,,,,,,,,
1022347,2017,2017-06-01,Kennington Oval,2,47.2,England,Bangladesh,JE Root,EJG Morgan,Mosaddek Hossain,4,0,,,,,,,,,
