match_id,season,start_date,venue,innings,ball,batting_team,bowling_team,striker,non_striker,bowler,runs_off_bat,extras,wides,noballs,byes,legbyes,penalty,wicket_type,player_dismissed,other_wicket_type,other_player_dismissed
1022369,2017,2017-06-12,Sophia Gardens,1,0.1,Sri Lanka,Pakistan,N Dickwella,MD Gunathilaka,Mohammad Amir,0,0,,,,,,,,,
1022369,2017,2017-06-12,Sophia Gardens,1,0.2,Sri Lanka,Pakistan,N Dickwella,MD Gunathilaka,Mohammad Amir,0,0,,,,,,,,,
1022369,2017,2017-06-12,Sophia Gardens,1,0.3,Sri Lanka,Pakistan,N Dickwella,MD Gunathilaka,Mohammad Amir,0,0,,,,,,,,,
1022369,2017,2017-06-12,Sophia Gardens,1,0.4,Sri Lanka,Pakistan,N Dickwella,MD Gunathilaka,Mohammad Amir,0,0,,,,,,,,,
1022369,2017,2017-06-12,Sophia Gardens,1,0.5,Sri Lanka,Pakistan,N Dickwella,MD Gunathilaka,Mohammad Amir,4,0,,,,,,,,,
1022369,2017,2017-06-12,Sophia Gardens,1,0.6,Sri Lanka,Pakistan,N Dickwella,MD Gunathilaka,Mohammad Amir,0,0,,,,,,,,,
1022369,2017,2017-06-12,Sophia Gardens,1,1.1,Sri Lanka,Pakistan,MD Gunathilaka,N Dickwella,Junaid Khan,0,0,,,,,,,,,
1022369,2017,2017-06-12,Sophia Gardens,1,1.2,Sri Lanka,Pakistan,MD Gunathilaka,N Dickwella,Junaid Khan,0,0,,,,,,,,,
1022369,2017,2017-06-12,Sophia Gardens,1,1.3,Sri Lanka,Pakistan,MD Gunathilaka,N Dickwella,Junaid Khan,0,0,,,,,,,,,
1022369,2017,2017-06-12,Sophia Gardens,1,1.4,Sri Lanka,Pakistan,MD Gunathilaka,N Dickwella,Junaid Khan,0,0,,,,,,,,,
1022369,2017,2017-06-12,Sophia Gardens,1,1.5,Sri Lanka,Pakistan,MD Gunathilaka,N Dickwella,Junaid Khan,0,0,,,,,,,,,
1022369,2017,2017-06-12,Sophia Gardens,1,1.6,Sri Lanka,Pakistan,MD Gunathilaka,N Dickwella,Junaid Khan,0,0,,,,,,,,,
1022369,2017,2017-06-12,Sophia Gardens,1,2.1,Sri Lanka,Pakistan,N Dickwella,MD Gunathilaka,Mohammad Amir,0,0,,,,,,,,,
1022369,2017,2017-06-12,Sophia Gardens,1,2.2,Sri Lanka,Pakistan,N Dickwella,MD Gunathilaka,Mohammad Amir,2,0,,,,,,,,,
1022369,2017,2017-06-12,Sophia Gardens,1,2.3,Sri Lanka,Pakistan,N Dickwella,MD Gunathilaka,Mohammad Amir,0,0,,,,,,,,,
1022369,2017,2017-06-12,Sophia Gardens,1,2.4,Sri Lanka,Pakistan,N Dickwella,MD Gunathilaka,Mohammad Amir,3,0,,,,,,,,,
1022369,2017,2017-06-12,Sophia Gardens,1,2.5,Sri Lanka,Pakistan,MD Gunathilaka,N Dickwella,Mohammad Amir,0,0,,,,,,,,,
1022369,2017,2017-06-12,Sophia Gardens,1,2.6,Sri Lanka,Pakistan,MD Gunathilaka,N Dickwella,Mohammad Amir,3,0,,,,,,,,,
1022369,2017,2017-06-12,Sophia Gardens,1,3.1,Sri Lanka,Pakistan,MD Gunathilaka,N Dickwella,Junaid Khan,4,0,,,,,,,,,
1022369,2017,2017-06-12,Sophia Gardens,1,3.2,Sri Lanka,Pakistan,MD Gunathilaka,N Dickwella,Junaid Khan,0,0,,,,,,,,,
1022369,2017,2017-06-12,Sophia Gardens,1,3.3,Sri Lanka,Pakistan,MD Gunathilaka,N Dickwella,Junaid Khan,4,0,,,,,,,,,
1022369,2017,2017-06-12,Sophia Gardens,1,3.4,Sri Lanka,Pakistan,MD Gunathilaka,N Dickwella,Junaid Khan,0,0,,,,,,,,,
1022369,2017,2017-06-12,Sophia Gardens,1,3.5,Sri Lanka,Pakistan,MD Gunathilaka,N Dickwella,Junaid Khan,1,0,,,,,,,,,
1022369,2017,2017-06-12,Sophia Gardens,1,3.6,Sri Lanka,Pakistan,N Dickwella,MD Gunathilaka,Junaid Khan,4,0,,,,,,,,,
1022369,2017,2017-06-12,Sophia Gardens,1,4.1,Sri Lanka,Pakistan,MD Gunathilaka,N Dickwella,Mohammad Amir,0,0,,,,,,,,,
1022369,2017,2017-06-12,Sophia Gardens,1,4.2,Sri Lanka,Pakistan,MD Gunathilaka,N Dickwella,Mohammad Amir,0,0,,,,,,,,,
1022369,2017,2017-06-12,Sophia Gardens,1,4.3,Sri Lanka,Pakistan,MD Gunathilaka,N Dickwella,Mohammad Amir,0,0,,,,,,,,,
1022369,2017,2017-06-12,Sophia Gardens,1,4.4,Sri Lanka,Pakistan,MD Gunathilaka,N Dickwella,Mohammad Amir,0,0,,,,,,,,,
1022369,2017,2017-06-12,Sophia Gardens,1,4.5,Sri Lanka,Pakistan,MD Gunathilaka,N Dickwella,Mohammad Amir,0,0,,,,,,,,,
1022369,2017,2017-06-12,Sophia Gardens,1,4.6,Sri Lanka,Pakistan,MD Gunathilaka,N Dickwella,Mohammad Amir,1,0,,,,,,,,,
1022369,2017,2017-06-12,Sophia Gardens,1,5.1,Sri Lanka,Pakistan,MD Gunathilaka,N Dickwella,Junaid Khan,0,0,,,,,,caught,MD Gunathilaka,,
1022369,2017,2017-06-12,Sophia Gardens,1,5.2,Sri Lanka,Pakistan,BKG Mendis,N Dickwella,Junaid Khan,0,0,,,,,,,,,
1022369,2017,2017-06-12,Sophia Gardens,1,5.3,Sri Lanka,Pakistan,BKG Mendis,N Dickwella,Junaid Khan,0,0,,,,,,,,,
1022369,2017,2017-06-12,Sophia Gardens,1,5.4,Sri Lanka,Pakistan,BKG Mendis,N Dickwella,Junaid Khan,0,0,,,,,,,,,
1022369,2017,2017-06-12,Sophia Gardens,1,5.5,Sri Lanka,Pakistan,BKG Mendis,N Dickwella,Junaid Khan,0,0,,,,,,,,,
1022369,2017,2017-06-12,Sophia Gardens,1,5.6,Sri Lanka,Pakistan,BKG Mendis,N Dickwella,Junaid Khan,0,0,,,,,,,,,
1022369,2017,2017-06-12,Sophia Gardens,1,6.1,Sri Lanka,Pakistan,N Dickwella,BKG Mendis,Mohammad Amir,0,0,,,,,,,,,
1022369,2017,2017-06-12,Sophia Gardens,1,6.2,Sri Lanka,Pakistan,N Dickwella,BKG Mendis,Mohammad Amir,0,0,,,,,,,,,
1022369,2017,2017-06-12,Sophia Gardens,1,6.3,Sri Lanka,Pakistan,N Dickwella,BKG Mendis,Mohammad Amir,3,0,,,,,,,,,
1022369,2017,2017-06-12,Sophia Gardens,1,6.4,Sri Lanka,Pakistan,BKG Mendis,N Dickwella,Mohammad Amir,1,0,,,,,,,,,
1022369,2017,2017-06-12,Sophia Gardens,1,6.5,Sri Lanka,Pakistan,N Dickwella,BKG Mendis,Mohammad Amir,0,0,,,,,,,,,
1022369,2017,2017-06-12,Sophia Gardens,1,6.6,Sri Lanka,Pakistan,N Dickwella,BKG Mendis,Mohammad Amir,2,0,,,,,,,,,
1022369,2017,2017-06-12,Sophia Gardens,1,7.1,Sri Lanka,Pakistan,BKG Mendis,N Dickwella,Junaid Khan,4,0,,,,,,,,,
1022369,2017,2017-06-12,Sophia Gardens,1,7.2,Sri Lanka,Pakistan,BKG Mendis,N Dickwella,Junaid Khan,0,0,,,,,,,,,
1022369,2017,2017-06-12,Sophia Gardens,1,7.3,Sri Lanka,Pakistan,BKG Mendis,N Dickwella,Junaid Khan,0,0,,,,,,,,,
1022369,2017,2017-06-12,Sophia Gardens,1,7.4,Sri Lanka,Pakistan,BKG Mendis,N Dickwella,Junaid Khan,0,0,,,,,,,,,
1022369,2017,2017-06-12,Sophia Gardens,1,7.5,Sri Lanka,Pakistan,BKG Mendis,N Dickwella,Junaid Khan,1,0,,,,,,,,,
1022369,2017,2017-06-12,Sophia Gardens,1,7.6,Sri Lanka,Pakistan,N Dickwella,BKG Mendis,Junaid Khan,0,0,,,,,,,,,
1022369,2017,2017-06-12,Sophia Gardens,1,8.1,Sri Lanka,Pakistan,BKG Mendis,N Dickwella,Imad Wasim,0,0,,,,,,,,,
1022369,2017,2017-06-12,Sophia Gardens,1,8.2,Sri Lanka,Pakistan,BKG Mendis,N Dickwella,Imad Wasim,0,0,,,,,,,,,
1022369,2017,2017-06-12,Sophia Gardens,1,8.3,Sri Lanka,Pakistan,BKG Mendis,N Dickwella,Imad Wasim,1,0,,,,,,,,,
1022369,2017,2017-06-12,Sophia Gardens,1,8.4,Sri Lanka,Pakistan,N Dickwella,BKG Mendis,Imad Wasim,0,0,,,,,,,,,
1022369,2017,2017-06-12,Sophia Gardens,1,8.5,Sri Lanka,Pakistan,N Dickwella,BKG Mendis,Imad Wasim,1,0,,,,,,,,,
1022369,2017,2017-06-12,Sophia Gardens,1,8.6,Sri Lanka,Pakistan,BKG Mendis,N Dickwella,Imad Wasim,1,0,,,,,,,,,
1022369,2017,2017-06-12,Sophia Gardens,1,9.1,Sri Lanka,Pakistan,BKG Mendis,N Dickwella,Junaid Khan,4,0,,,,,,,,,
1022369,2017,2017-06-12,Sophia Gardens,1,9.2,Sri Lanka,Pakistan,BKG Mendis,N Dickwella,Junaid Khan,0,0,,,,,,,,,
1022369,2017,2017-06-12,Sophia Gardens,1,9.3,Sri Lanka,Pakistan,BKG Mendis,N Dickwella,Junaid Khan,4,0,,,,,,,,,
1022369,2017,2017-06-12,Sophia Gardens,1,9.4,Sri Lanka,Pakistan,BKG Mendis,N Dickwella,Junaid Khan,1,0,,,,,,,,,
1022369,2017,2017-06-12,Sophia Gardens,1,9.5,Sri Lanka,Pakistan,N Dickwella,BKG Mendis,Junaid Khan,0,0,,,,,,,,,
1022369,2017,2017-06-12,Sophia Gardens,1,9.6,Sri Lanka,Pakistan,N Dickwella,BKG Mendis,Junaid Khan,0,1,1,,,,,,,,
1022369,2017,2017-06-12,Sophia Gardens,1,9.7,Sri Lanka,Pakistan,N Dickwella,BKG Mendis,Junaid Khan,0,0,,,,,,,,,
1022369,2017,2017-06-12,Sophia Gardens,1,10.1,Sri Lanka,Pakistan,BKG Mendis,N Dickwella,Imad Wasim,1,0,,,,,,,,,
1022369,2017,2017-06-12,Sophia Gardens,1,10.2,Sri Lanka,Pakistan,N Dickwella,BKG Mendis,Imad Wasim,2,0,,,,,,,,,
1022369,2017,2017-06-12,Sophia Gardens,1,10.3,Sri Lanka,Pakistan,N Dickwella,BKG Mendis,Imad Wasim,0,0,,,,,,,,,
1022369,2017,2017-06-12,Sophia Gardens,1,10.4,Sri Lanka,Pakistan,N Dickwella,BKG Mendis,Imad Wasim,4,0,,,,,,,,,
1022369,2017,2017-06-12,Sophia Gardens,1,10.5,Sri Lanka,Pakistan,N Dickwella,BKG Mendis,Imad Wasim,2,0,,,,,,,,,
1022369,2017,2017-06-12,Sophia Gardens,1,10.6,Sri Lanka,Pakistan,N Dickwella,BKG Mendis,Imad Wasim,1,0,,,,,,,,,
1022369,2017,2017-06-12,Sophia Gardens,1,11.1,Sri Lanka,Pakistan,N Dickwella,BKG Mendis,Faheem Ashraf,2,0,,,,,,,,,
1022369,2017,2017-06-12,Sophia Gardens,1,11.2,Sri Lanka,Pakistan,N Dickwella,BKG Mendis,Faheem Ashraf,2,0,,,,,,,,,
1022369,2017,2017-06-12,Sophia Gardens,1,11.3,Sri Lanka,Pakistan,N Dickwella,BKG Mendis,Faheem Ashraf,0,0,,,,,,,,,
1022369,2017,2017-06-12,Sophia Gardens,1,11.4,Sri Lanka,Pakistan,N Dickwella,BKG Mendis,Faheem Ashraf,0,0,,,,,,,,,
1022369,2017,2017-06-12,Sophia Gardens,1,11.5,Sri Lanka,Pakistan,N Dickwella,BKG Mendis,Faheem Ashraf,2,0,,,,,,,,,
1022369,2017,2017-06-12,Sophia Gardens,1,11.6,Sri Lanka,Pakistan,N Dickwella,BKG Mendis,Faheem Ashraf,0,0,,,,,,,,,
1022369,2017,2017-06-12,Sophia Gardens,1,12.1,Sri Lanka,Pakistan,BKG Mendis,N Dickwella,Hasan Ali,4,0,,,,,,,,,
1022369,2017,2017-06-12,Sophia Gardens,1,12.2,Sri Lanka,Pakistan,BKG Mendis,N Dickwella,Hasan Ali,1,0,,,,,,,,,
1022369,2017,2017-06-12,Sophia Gardens,1,12.3,Sri Lanka,Pakistan,N Dickwella,BKG Mendis,Hasan Ali,1,0,,,,,,,,,
1022369,2017,2017-06-12,Sophia Gardens,1,12.4,Sri Lanka,Pakistan,BKG Mendis,N Dickwella,Hasan Ali,1,0,,,,,,,,,
1022369,2017,2017-06-12,Sophia Gardens,1,12.5,Sri Lanka,Pakistan,N Dickwella,BKG Mendis,Hasan Ali,1,0,,,,,,,,,
1022369,2017,2017-06-12,Sophia Gardens,1,12.6,Sri Lanka,Pakistan,BKG Mendis,N Dickwella,Hasan Ali,0,0,,,,,,,,,
1022369,2017,2017-06-12,Sophia Gardens,1,13.1,Sri Lanka,Pakistan,N Dickwella,BKG Mendis,Faheem Ashraf,0,0,,,,,,,,,
1022369,2017,2017-06-12,Sophia Gardens,1,13.2,Sri Lanka,Pakistan,N Dickwella,BKG Mendis,Faheem Ashraf,1,0,,,,,,,,,
1022369,2017,2017-06-12,Sophia Gardens,1,13.3,Sri Lanka,Pakistan,BKG Mendis,N Dickwella,Faheem Ashraf,2,0,,,,,,,,,
1022369,2017,2017-06-12,Sophia Gardens,1,13.4,Sri Lanka,Pakistan,BKG Mendis,N Dickwella,Faheem Ashraf,1,0,,,,,,,,,
1022369,2017,2017-06-12,Sophia Gardens,1,13.5,Sri Lanka,Pakistan,N Dickwella,BKG Mendis,Faheem Ashraf,2,0,,,,,,,,,
1022369,2017,2017-06-12,Sophia Gardens,1,13.6,Sri Lanka,Pakistan,N Dickwella,BKG Mendis,Faheem Ashraf,1,0,,,,,,,,,
1022369,2017,2017-06-12,Sophia Gardens,1,14.1,Sri Lanka,Pakistan,N Dickwella,BKG Mendis,Hasan Ali,0,0,,,,,,,,,
1022369,2017,2017-06-12,Sophia Gardens,1,14.2,Sri Lanka,Pakistan,N Dickwella,BKG Mendis,Hasan Ali,1,0,,,,,,,,,
1022369,2017,2017-06-12,Sophia Gardens,1,14.3,Sri Lanka,Pakistan,BKG Mendis,N Dickwella,Hasan Ali,0,0,,,,,,,,,
1022369,2017,2017-06-12,Sophia Gardens,1,14.4,Sri Lanka,Pakistan,BKG Mendis,N Dickwella,Hasan Ali,0,0,,,,,,,,,
1022369,2017,2017-06-12,Sophia Gardens,1,14.5,Sri Lanka,Pakistan,BKG Mendis,N Dickwella,Hasan Ali,0,0,,,,,,bowled,BKG Mendis,,
1022369,2017,2017-06-12,Sophia Gardens,1,14.6,Sri Lanka,Pakistan,LD Chandimal,N Dickwella,Hasan Ali,0,1,,,,1,,,,,
1022369,2017,2017-06-12,Sophia Gardens,1,15.1,Sri Lanka,Pakistan,LD Chandimal,N Dickwella,Faheem Ashraf,0,0,,,,,,bowled,LD Chandimal,,
1022369,2017,2017-06-12,Sophia Gardens,1,15.2,Sri Lanka,Pakistan,AD Mathews,N Dickwella,Faheem Ashraf,0,0,,,,,,,,,
1022369,2017,2017-06-12,Sophia Gardens,1,15.3,Sri Lanka,Pakistan,AD Mathews,N Dickwella,Faheem Ashraf,0,0,,,,,,,,,
1022369,2017,2017-06-12,Sophia Gardens,1,15.4,Sri Lanka,Pakistan,AD Mathews,N Dickwella,Faheem Ashraf,0,0,,,,,,,,,
1022369,2017,2017-06-12,Sophia Gardens,1,15.5,Sri Lanka,Pakistan,AD Mathews,N Dickwella,Faheem Ashraf,1,0,,,,,,,,,
1022369,2017,2017-06-12,Sophia Gardens,1,15.6,Sri Lanka,Pakistan,N Dickwella,AD Mathews,Faheem Ashraf,1,0,,,,,,,,,
1022369,2017,2017-06-12,Sophia Gardens,1,16.1,Sri Lanka,Pakistan,N Dickwella,AD Mathews,Hasan Ali,1,0,,,,,,,,,
1022369,2017,2017-06-12,Sophia Gardens,1,16.2,Sri Lanka,Pakistan,AD Mathews,N Dickwella,Hasan Ali,0,0,,,,,,,,,
1022369,2017,2017-06-12,Sophia Gardens,1,16.3,Sri Lanka,Pakistan,AD Mathews,N Dickwella,Hasan Ali,0,0,,,,,,,,,
1022369,2017,2017-06-12,Sophia Gardens,1,16.4,Sri Lanka,Pakistan,AD Mathews,N Dickwella,Hasan Ali,0,0,,,,,,,,,
1022369,2017,2017-06-12,Sophia Gardens,1,16.5,Sri Lanka,Pakistan,AD Mathews,N Dickwella,Hasan Ali,0,0,,,,,,,,,
1022369,2017,2017-06-12,Sophia Gardens,1,16.6,Sri Lanka,Pakistan,AD Mathews,N Dickwella,Hasan Ali,0,0,,,,,,,,,
1022369,2017,2017-06-12,Sophia Gardens,1,17.1,Sri Lanka,Pakistan,N Dickwella,AD Mathews,Faheem Ashraf,2,0,,,,,,,,,
1022369,2017,2017-06-12,Sophia Gardens,1,17.2,Sri Lanka,Pakistan,N Dickwella,AD Mathews,Faheem Ashraf,0,0,,,,,,,,,
1022369,2017,2017-06-12,Sophia Gardens,1,17.3,Sri Lanka,Pakistan,N Dickwella,AD Mathews,Faheem Ashraf,0,1,1,,,,,,,,
1022369,2017,2017-06-12,Sophia Gardens,1,17.4,Sri Lanka,Pakistan,N Dickwella,AD Mathews,Faheem Ashraf,0,1,1,,,,,,,,
1022369,2017,2017-06-12,Sophia Gardens,1,17.5,Sri Lanka,Pakistan,N Dickwella,AD Mathews,Faheem Ashraf,0,0,,,,,,,,,
1022369,2017,2017-06-12,Sophia Gardens,1,17.6,Sri Lanka,Pakistan,N Dickwella,AD Mathews,Faheem Ashraf,1,0,,,,,,,,,
1022369,2017,2017-06-12,Sophia Gardens,1,17.7,Sri Lanka,Pakistan,AD Mathews,N Dickwella,Faheem Ashraf,1,0,,,,,,,,,
1022369,2017,2017-06-12,Sophia Gardens,1,17.8,Sri Lanka,Pakistan,N Dickwella,AD Mathews,Faheem Ashraf,1,0,,,,,,,,,
1022369,2017,2017-06-12,Sophia Gardens,1,18.1,Sri Lanka,Pakistan,N Dickwella,AD Mathews,Hasan Ali,1,0,,,,,,,,,
1022369,2017,2017-06-12,Sophia Gardens,1,18.2,Sri Lanka,Pakistan,AD Mathews,N Dickwella,Hasan Ali,1,0,,,,,,,,,
1022369,2017,2017-06-12,Sophia Gardens,1,18.3,Sri Lanka,Pakistan,N Dickwella,AD Mathews,Hasan Ali,0,0,,,,,,,,,
1022369,2017,2017-06-12,Sophia Gardens,1,18.4,Sri Lanka,Pakistan,N Dickwella,AD Mathews,Hasan Ali,1,0,,,,,,,,,
1022369,2017,2017-06-12,Sophia Gardens,1,18.5,Sri Lanka,Pakistan,AD Mathews,N Dickwella,Hasan Ali,0,0,,,,,,,,,
1022369,2017,2017-06-12,Sophia Gardens,1,18.6,Sri Lanka,Pakistan,AD Mathews,N Dickwella,Hasan Ali,0,0,,,,,,,,,
1022369,2017,2017-06-12,Sophia Gardens,1,19.1,Sri Lanka,Pakistan,N Dickwella,AD Mathews,Mohammad Hafeez,0,0,,,,,,,,,
1022369,2017,2017-06-12,Sophia Gardens,1,19.2,Sri Lanka,Pakistan,N Dickwella,AD Mathews,Mohammad Hafeez,1,0,,,,,,,,,
1022369,2017,2017-06-12,Sophia Gardens,1,19.3,Sri Lanka,Pakistan,AD Mathews,N Dickwella,Mohammad Hafeez,2,0,,,,,,,,,
1022369,2017,2017-06-12,Sophia Gardens,1,19.4,Sri Lanka,Pakistan,AD Mathews,N Dickwella,Mohammad Hafeez,0,0,,,,,,,,,
1022369,2017,2017-06-12,Sophia Gardens,1,19.5,Sri Lanka,Pakistan,AD Mathews,N Dickwella,Mohammad Hafeez,1,0,,,,,,,,,
1022369,2017,2017-06-12,Sophia Gardens,1,19.6,Sri Lanka,Pakistan,N Dickwella,AD Mathews,Mohammad Hafeez,0,0,,,,,,,,,
1022369,2017,2017-06-12,Sophia Gardens,1,20.1,Sri Lanka,Pakistan,AD Mathews,N Dickwella,Faheem Ashraf,0,0,,,,,,,,,
1022369,2017,2017-06-12,Sophia Gardens,1,20.2,Sri Lanka,Pakistan,AD Mathews,N Dickwella,Faheem Ashraf,0,0,,,,,,,,,
1022369,2017,2017-06-12,Sophia Gardens,1,20.3,Sri Lanka,Pakistan,AD Mathews,N Dickwella,Faheem Ashraf,1,0,,,,,,,,,
1022369,2017,2017-06-12,Sophia Gardens,1,20.4,Sri Lanka,Pakistan,N Dickwella,AD Mathews,Faheem Ashraf,1,0,,,,,,,,,
1022369,2017,2017-06-12,Sophia Gardens,1,20.5,Sri Lanka,Pakistan,AD Mathews,N Dickwella,Faheem Ashraf,0,0,,,,,,,,,
1022369,2017,2017-06-12,Sophia Gardens,1,20.6,Sri Lanka,Pakistan,AD Mathews,N Dickwella,Faheem Ashraf,0,0,,,,,,,,,
1022369,2017,2017-06-12,Sophia Gardens,1,21.1,Sri Lanka,Pakistan,N Dickwella,AD Mathews,Mohammad Hafeez,0,0,,,,,,,,,
1022369,2017,2017-06-12,Sophia Gardens,1,21.2,Sri Lanka,Pakistan,N Dickwella,AD Mathews,Mohammad Hafeez,1,0,,,,,,,,,
1022369,2017,2017-06-12,Sophia Gardens,1,21.3,Sri Lanka,Pakistan,AD Mathews,N Dickwella,Mohammad Hafeez,0,0,,,,,,,,,
1022369,2017,2017-06-12,Sophia Gardens,1,21.4,Sri Lanka,Pakistan,AD Mathews,N Dickwella,Mohammad Hafeez,0,1,1,,,,,,,,
1022369,2017,2017-06-12,Sophia Gardens,1,21.5,Sri Lanka,Pakistan,AD Mathews,N Dickwella,Mohammad Hafeez,0,1,,,1,,,,,,
1022369,2017,2017-06-12,Sophia Gardens,1,21.6,Sri Lanka,Pakistan,N Dickwella,AD Mathews,Mohammad Hafeez,1,0,,,,,,,,,
1022369,2017,2017-06-12,Sophia Gardens,1,21.7,Sri Lanka,Pakistan,AD Mathews,N Dickwella,Mohammad Hafeez,0,0,,,,,,,,,
1022369,2017,2017-06-12,Sophia Gardens,1,22.1,Sri Lanka,Pakistan,N Dickwella,AD Mathews,Faheem Ashraf,1,1,,1,,,,,,,
1022369,2017,2017-06-12,Sophia Gardens,1,22.2,Sri Lanka,Pakistan,AD Mathews,N Dickwella,Faheem Ashraf,4,0,,,,,,,,,
1022369,2017,2017-06-12,Sophia Gardens,1,22.3,Sri Lanka,Pakistan,AD Mathews,N Dickwella,Faheem Ashraf,1,0,,,,,,,,,
1022369,2017,2017-06-12,Sophia Gardens,1,22.4,Sri Lanka,Pakistan,N Dickwella,AD Mathews,Faheem Ashraf,1,0,,,,,,,,,
1022369,2017,2017-06-12,Sophia Gardens,1,22.5,Sri Lanka,Pakistan,AD Mathews,N Dickwella,Faheem Ashraf,1,0,,,,,,,,,
1022369,2017,2017-06-12,Sophia Gardens,1,22.6,Sri Lanka,Pakistan,N Dickwella,AD Mathews,Faheem Ashraf,2,0,,,,,,,,,
1022369,2017,2017-06-12,Sophia Gardens,1,22.7,Sri Lanka,Pakistan,N Dickwella,AD Mathews,Faheem Ashraf,1,0,,,,,,,,,
1022369,2017,2017-06-12,Sophia Gardens,1,23.1,Sri Lanka,Pakistan,N Dickwella,AD Mathews,Mohammad Hafeez,0,0,,,,,,,,,
1022369,2017,2017-06-12,Sophia Gardens,1,23.2,Sri Lanka,Pakistan,N Dickwella,AD Mathews,Mohammad Hafeez,0,0,,,,,,,,,
1022369,2017,2017-06-12,Sophia Gardens,1,23.3,Sri Lanka,Pakistan,N Dickwella,AD Mathews,Mohammad Hafeez,0,0,,,,,,,,,
1022369,2017,2017-06-12,Sophia Gardens,1,23.4,Sri Lanka,Pakistan,N Dickwella,AD Mathews,Mohammad Hafeez,2,0,,,,,,,,,
1022369,2017,2017-06-12,Sophia Gardens,1,23.5,Sri Lanka,Pakistan,N Dickwella,AD Mathews,Mohammad Hafeez,1,0,,,,,,,,,
1022369,2017,2017-06-12,Sophia Gardens,1,23.6,Sri Lanka,Pakistan,AD Mathews,N Dickwella,Mohammad Hafeez,1,0,,,,,,,,,
1022369,2017,2017-06-12,Sophia Gardens,1,24.1,Sri Lanka,Pakistan,AD Mathews,N Dickwella,Imad Wasim,2,0,,,,,,,,,
1022369,2017,2017-06-12,Sophia Gardens,1,24.2,Sri Lanka,Pakistan,AD Mathews,N Dickwella,Imad Wasim,0,0,,,,,,,,,
1022369,2017,2017-06-12,Sophia Gardens,1,24.3,Sri Lanka,Pakistan,AD Mathews,N Dickwella,Imad Wasim,1,0,,,,,,,,,
1022369,2017,2017-06-12,Sophia Gardens,1,24.4,Sri Lanka,Pakistan,N Dickwella,AD Mathews,Imad Wasim,1,0,,,,,,,,,
1022369,2017,2017-06-12,Sophia Gardens,1,24.5,Sri Lanka,Pakistan,AD Mathews,N Dickwella,Imad Wasim,0,0,,,,,,,,,
1022369,2017,2017-06-12,Sophia Gardens,1,24.6,Sri Lanka,Pakistan,AD Mathews,N Dickwella,Imad Wasim,1,0,,,,,,,,,
1022369,2017,2017-06-12,Sophia Gardens,1,25.1,Sri Lanka,Pakistan,AD Mathews,N Dickwella,Mohammad Hafeez,6,0,,,,,,,,,
1022369,2017,2017-06-12,Sophia Gardens,1,25.2,Sri Lanka,Pakistan,AD Mathews,N Dickwella,Mohammad Hafeez,1,0,,,,,,,,,
1022369,2017,2017-06-12,Sophia Gardens,1,25.3,Sri Lanka,Pakistan,N Dickwella,AD Mathews,Mohammad Hafeez,0,1,,,,1,,,,,
1022369,2017,2017-06-12,Sophia Gardens,1,25.4,Sri Lanka,Pakistan,AD Mathews,N Dickwella,Mohammad Hafeez,0,0,,,,,,,,,
1022369,2017,2017-06-12,Sophia Gardens,1,25.5,Sri Lanka,Pakistan,AD Mathews,N Dickwella,Mohammad Hafeez,1,0,,,,,,,,,
1022369,2017,2017-06-12,Sophia Gardens,1,25.6,Sri Lanka,Pakistan,N Dickwella,AD Mathews,Mohammad Hafeez,0,0,,,,,,,,,
1022369,2017,2017-06-12,Sophia Gardens,1,26.1,Sri Lanka,Pakistan,AD Mathews,N Dickwella,Imad Wasim,0,0,,,,,,,,,
1022369,2017,2017-06-12,Sophia Gardens,1,26.2,Sri Lanka,Pakistan,AD Mathews,N Dickwella,Imad Wasim,0,0,,,,,,,,,
1022369,2017,2017-06-12,Sophia Gardens,1,26.3,Sri Lanka,Pakistan,AD Mathews,N Dickwella,Imad Wasim,1,0,,,,,,,,,
1022369,2017,2017-06-12,Sophia Gardens,1,26.4,Sri Lanka,Pakistan,N Dickwella,AD Mathews,Imad Wasim,0,0,,,,,,,,,
1022369,2017,2017-06-12,Sophia Gardens,1,26.5,Sri Lanka,Pakistan,N Dickwella,AD Mathews,Imad Wasim,0,0,,,,,,,,,
1022369,2017,2017-06-12,Sophia Gardens,1,26.6,Sri Lanka,Pakistan,N Dickwella,AD Mathews,Imad Wasim,1,0,,,,,,,,,
1022369,2017,2017-06-12,Sophia Gardens,1,27.1,Sri Lanka,Pakistan,N Dickwella,AD Mathews,Mohammad Hafeez,1,0,,,,,,,,,
1022369,2017,2017-06-12,Sophia Gardens,1,27.2,Sri Lanka,Pakistan,AD Mathews,N Dickwella,Mohammad Hafeez,1,0,,,,,,,,,
1022369,2017,2017-06-12,Sophia Gardens,1,27.3,Sri Lanka,Pakistan,N Dickwella,AD Mathews,Mohammad Hafeez,0,0,,,,,,,,,
1022369,2017,2017-06-12,Sophia Gardens,1,27.4,Sri Lanka,Pakistan,N Dickwella,AD Mathews,Mohammad Hafeez,3,0,,,,,,,,,
1022369,2017,2017-06-12,Sophia Gardens,1,27.5,Sri Lanka,Pakistan,AD Mathews,N Dickwella,Mohammad Hafeez,0,0,,,,,,,,,
1022369,2017,2017-06-12,Sophia Gardens,1,27.6,Sri Lanka,Pakistan,AD Mathews,N Dickwella,Mohammad Hafeez,0,0,,,,,,,,,
1022369,2017,2017-06-12,Sophia Gardens,1,28.1,Sri Lanka,Pakistan,N Dickwella,AD Mathews,Imad Wasim,1,0,,,,,,,,,
1022369,2017,2017-06-12,Sophia Gardens,1,28.2,Sri Lanka,Pakistan,AD Mathews,N Dickwella,Imad Wasim,1,0,,,,,,,,,
1022369,2017,2017-06-12,Sophia Gardens,1,28.3,Sri Lanka,Pakistan,N Dickwella,AD Mathews,Imad Wasim,0,0,,,,,,,,,
1022369,2017,2017-06-12,Sophia Gardens,1,28.4,Sri Lanka,Pakistan,N Dickwella,AD Mathews,Imad Wasim,1,0,,,,,,,,,
1022369,2017,2017-06-12,Sophia Gardens,1,28.5,Sri Lanka,Pakistan,AD Mathews,N Dickwella,Imad Wasim,1,0,,,,,,,,,
1022369,2017,2017-06-12,Sophia Gardens,1,28.6,Sri Lanka,Pakistan,N Dickwella,AD Mathews,Imad Wasim,4,0,,,,,,,,,
1022369,2017,2017-06-12,Sophia Gardens,1,29.1,Sri Lanka,Pakistan,AD Mathews,N Dickwella,Mohammad Amir,4,0,,,,,,,,,
1022369,2017,2017-06-12,Sophia Gardens,1,29.2,Sri Lanka,Pakistan,AD Mathews,N Dickwella,Mohammad Amir,0,0,,,,,,,,,
1022369,2017,2017-06-12,Sophia Gardens,1,29.3,Sri Lanka,Pakistan,AD Mathews,N Dickwella,Mohammad Amir,2,0,,,,,,,,,
1022369,2017,2017-06-12,Sophia Gardens,1,29.4,Sri Lanka,Pakistan,AD Mathews,N Dickwella,Mohammad Amir,1,0,,,,,,,,,
1022369,2017,2017-06-12,Sophia Gardens,1,29.5,Sri Lanka,Pakistan,N Dickwella,AD Mathews,Mohammad Amir,0,1,,,,1,,,,,
1022369,2017,2017-06-12,Sophia Gardens,1,29.6,Sri Lanka,Pakistan,AD Mathews,N Dickwella,Mohammad Amir,1,0,,,,,,,,,
1022369,2017,2017-06-12,Sophia Gardens,1,30.1,Sri Lanka,Pakistan,AD Mathews,N Dickwella,Junaid Khan,0,0,,,,,,,,,
1022369,2017,2017-06-12,Sophia Gardens,1,30.2,Sri Lanka,Pakistan,AD Mathews,N Dickwella,Junaid Khan,1,0,,,,,,,,,
1022369,2017,2017-06-12,Sophia Gardens,1,30.3,Sri Lanka,Pakistan,N Dickwella,AD Mathews,Junaid Khan,0,0,,,,,,,,,
1022369,2017,2017-06-12,Sophia Gardens,1,30.4,Sri Lanka,Pakistan,N Dickwella,AD Mathews,Junaid Khan,0,0,,,,,,,,,
1022369,2017,2017-06-12,Sophia Gardens,1,30.5,Sri Lanka,Pakistan,N Dickwella,AD Mathews,Junaid Khan,0,0,,,,,,,,,
1022369,2017,2017-06-12,Sophia Gardens,1,30.6,Sri Lanka,Pakistan,N Dickwella,AD Mathews,Junaid Khan,0,0,,,,,,,,,
1022369,2017,2017-06-12,Sophia Gardens,1,31.1,Sri Lanka,Pakistan,AD Mathews,N Dickwella,Mohammad Amir,0,0,,,,,,,,,
1022369,2017,2017-06-12,Sophia Gardens,1,31.2,Sri Lanka,Pakistan,AD Mathews,N Dickwella,Mohammad Amir,0,0,,,,,,bowled,AD Mathews,,
1022369,2017,2017-06-12,Sophia Gardens,1,31.3,Sri Lanka,Pakistan,DM de Silva,N Dickwella,Mohammad Amir,0,0,,,,,,,,,
1022369,2017,2017-06-12,Sophia Gardens,1,31.4,Sri Lanka,Pakistan,DM de Silva,N Dickwella,Mohammad Amir,0,0,,,,,,,,,
1022369,2017,2017-06-12,Sophia Gardens,1,31.5,Sri Lanka,Pakistan,DM de Silva,N Dickwella,Mohammad Amir,1,0,,,,,,,,,
1022369,2017,2017-06-12,Sophia Gardens,1,31.6,Sri Lanka,Pakistan,N Dickwella,DM de Silva,Mohammad Amir,0,0,,,,,,,,,
1022369,2017,2017-06-12,Sophia Gardens,1,32.1,Sri Lanka,Pakistan,DM de Silva,N Dickwella,Junaid Khan,0,0,,,,,,,,,
1022369,2017,2017-06-12,Sophia Gardens,1,32.2,Sri Lanka,Pakistan,DM de Silva,N Dickwella,Junaid Khan,0,0,,,,,,,,,
1022369,2017,2017-06-12,Sophia Gardens,1,32.3,Sri Lanka,Pakistan,DM de Silva,N Dickwella,Junaid Khan,0,0,,,,,,caught,DM de Silva,,
1022369,2017,2017-06-12,Sophia Gardens,1,32.4,Sri Lanka,Pakistan,DAS Gunaratne,N Dickwella,Junaid Khan,0,0,,,,,,,,,
1022369,2017,2017-06-12,Sophia Gardens,1,32.5,Sri Lanka,Pakistan,DAS Gunaratne,N Dickwella,Junaid Khan,0,0,,,,,,,,,
1022369,2017,2017-06-12,Sophia Gardens,1,32.6,Sri Lanka,Pakistan,DAS Gunaratne,N Dickwella,Junaid Khan,0,0,,,,,,,,,
1022369,2017,2017-06-12,Sophia Gardens,1,33.1,Sri Lanka,Pakistan,N Dickwella,DAS Gunaratne,Mohammad Amir,0,0,,,,,,caught,N Dickwella,,
1022369,2017,2017-06-12,Sophia Gardens,1,33.2,Sri Lanka,Pakistan,NLTC Perera,DAS Gunaratne,Mohammad Amir,0,1,,,,1,,,,,
1022369,2017,2017-06-12,Sophia Gardens,1,33.3,Sri Lanka,Pakistan,DAS Gunaratne,NLTC Perera,Mohammad Amir,2,0,,,,,,,,,
1022369,2017,2017-06-12,Sophia Gardens,1,33.4,Sri Lanka,Pakistan,DAS Gunaratne,NLTC Perera,Mohammad Amir,0,0,,,,,,,,,
1022369,2017,2017-06-12,Sophia Gardens,1,33.5,Sri Lanka,Pakistan,DAS Gunaratne,NLTC Perera,Mohammad Amir,0,0,,,,,,,,,
1022369,2017,2017-06-12,Sophia Gardens,1,33.6,Sri Lanka,Pakistan,DAS Gunaratne,NLTC Perera,Mohammad Amir,0,0,,,,,,,,,
1022369,2017,2017-06-12,Sophia Gardens,1,34.1,Sri Lanka,Pakistan,NLTC Perera,DAS Gunaratne,Junaid Khan,0,0,,,,,,,,,
1022369,2017,2017-06-12,Sophia Gardens,1,34.2,Sri Lanka,Pakistan,NLTC Perera,DAS Gunaratne,Junaid Khan,0,0,,,,,,,,,
1022369,2017,2017-06-12,Sophia Gardens,1,34.3,Sri Lanka,Pakistan,NLTC Perera,DAS Gunaratne,Junaid Khan,1,0,,,,,,,,,
1022369,2017,2017-06-12,Sophia Gardens,1,34.4,Sri Lanka,Pakistan,DAS Gunaratne,NLTC Perera,Junaid Khan,0,0,,,,,,,,,
1022369,2017,2017-06-12,Sophia Gardens,1,34.5,Sri Lanka,Pakistan,DAS Gunaratne,NLTC Perera,Junaid Khan,1,0,,,,,,,,,
1022369,2017,2017-06-12,Sophia Gardens,1,34.6,Sri Lanka,Pakistan,NLTC Perera,DAS Gunaratne,Junaid Khan,0,0,,,,,,caught,NLTC Perera,,
1022369,2017,2017-06-12,Sophia Gardens,1,35.1,Sri Lanka,Pakistan,DAS Gunaratne,RAS Lakmal,Mohammad Amir,0,0,,,,,,,,,
1022369,2017,2017-06-12,Sophia Gardens,1,35.2,Sri Lanka,Pakistan,DAS Gunaratne,RAS Lakmal,Mohammad Amir,0,0,,,,,,,,,
1022369,2017,2017-06-12,Sophia Gardens,1,35.3,Sri Lanka,Pakistan,DAS Gunaratne,RAS Lakmal,Mohammad Amir,0,5,5,,,,,,,,
1022369,2017,2017-06-12,Sophia Gardens,1,35.4,Sri Lanka,Pakistan,DAS Gunaratne,RAS Lakmal,Mohammad Amir,1,0,,,,,,,,,
1022369,2017,2017-06-12,Sophia Gardens,1,35.5,Sri Lanka,Pakistan,RAS Lakmal,DAS Gunaratne,Mohammad Amir,0,0,,,,,,,,,
1022369,2017,2017-06-12,Sophia Gardens,1,35.6,Sri Lanka,Pakistan,RAS Lakmal,DAS Gunaratne,Mohammad Amir,1,0,,,,,,,,,
1022369,2017,2017-06-12,Sophia Gardens,1,35.7,Sri Lanka,Pakistan,DAS Gunaratne,RAS Lakmal,Mohammad Amir,0,0,,,,,,,,,
1022369,2017,2017-06-12,Sophia Gardens,1,36.1,Sri Lanka,Pakistan,RAS Lakmal,DAS Gunaratne,Junaid Khan,0,0,,,,,,,,,
1022369,2017,2017-06-12,Sophia Gardens,1,36.2,Sri Lanka,Pakistan,RAS Lakmal,DAS Gunaratne,Junaid Khan,0,0,,,,,,,,,
1022369,2017,2017-06-12,Sophia Gardens,1,36.3,Sri Lanka,Pakistan,RAS Lakmal,DAS Gunaratne,Junaid Khan,1,0,,,,,,,,,
1022369,2017,2017-06-12,Sophia Gardens,1,36.4,Sri Lanka,Pakistan,DAS Gunaratne,RAS Lakmal,Junaid Khan,1,0,,,,,,,,,
1022369,2017,2017-06-12,Sophia Gardens,1,36.5,Sri Lanka,Pakistan,RAS Lakmal,DAS Gunaratne,Junaid Khan,2,0,,,,,,,,,
1022369,2017,2017-06-12,Sophia Gardens,1,36.6,Sri Lanka,Pakistan,RAS Lakmal,DAS Gunaratne,Junaid Khan,1,0,,,,,,,,,
1022369,2017,2017-06-12,Sophia Gardens,1,37.1,Sri Lanka,Pakistan,RAS Lakmal,DAS Gunaratne,Hasan Ali,1,0,,,,,,,,,
1022369,2017,2017-06-12,Sophia Gardens,1,37.2,Sri Lanka,Pakistan,DAS Gunaratne,RAS Lakmal,Hasan Ali,0,0,,,,,,,,,
1022369,2017,2017-06-12,Sophia Gardens,1,37.3,Sri Lanka,Pakistan,DAS Gunaratne,RAS Lakmal,Hasan Ali,1,0,,,,,,,,,
1022369,2017,2017-06-12,Sophia Gardens,1,37.4,Sri Lanka,Pakistan,RAS Lakmal,DAS Gunaratne,Hasan Ali,0,0,,,,,,,,,
1022369,2017,2017-06-12,Sophia Gardens,1,37.5,Sri Lanka,Pakistan,RAS Lakmal,DAS Gunaratne,Hasan Ali,1,0,,,,,,,,,
1022369,2017,2017-06-12,Sophia Gardens,1,37.6,Sri Lanka,Pakistan,DAS Gunaratne,RAS Lakmal,Hasan Ali,2,0,,,,,,,,,
1022369,2017,2017-06-12,Sophia Gardens,1,38.1,Sri Lanka,Pakistan,RAS Lakmal,DAS Gunaratne,Imad Wasim,0,0,,,,,,,,,
1022369,2017,2017-06-12,Sophia Gardens,1,38.2,Sri Lanka,Pakistan,RAS Lakmal,DAS Gunaratne,Imad Wasim,0,0,,,,,,,,,
1022369,2017,2017-06-12,Sophia Gardens,1,38.3,Sri Lanka,Pakistan,RAS Lakmal,DAS Gunaratne,Imad Wasim,0,0,,,,,,,,,
1022369,2017,2017-06-12,Sophia Gardens,1,38.4,Sri Lanka,Pakistan,RAS Lakmal,DAS Gunaratne,Imad Wasim,0,0,,,,,,,,,
1022369,2017,2017-06-12,Sophia Gardens,1,38.5,Sri Lanka,Pakistan,RAS Lakmal,DAS Gunaratne,Imad Wasim,0,0,,,,,,,,,
1022369,2017,2017-06-12,Sophia Gardens,1,38.6,Sri Lanka,Pakistan,RAS Lakmal,DAS Gunaratne,Imad Wasim,0,0,,,,,,,,,
1022369,2017,2017-06-12,Sophia Gardens,1,39.1,Sri Lanka,Pakistan,DAS Gunaratne,RAS Lakmal,Hasan Ali,0,0,,,,,,,,,
1022369,2017,2017-06-12,Sophia Gardens,1,39.2,Sri Lanka,Pakistan,DAS Gunaratne,RAS Lakmal,Hasan Ali,0,0,,,,,,,,,
1022369,2017,2017-06-12,Sophia Gardens,1,39.3,Sri Lanka,Pakistan,DAS Gunaratne,RAS Lakmal,Hasan Ali,0,0,,,,,,,,,
1022369,2017,2017-06-12,Sophia Gardens,1,39.4,Sri Lanka,Pakistan,DAS Gunaratne,RAS Lakmal,Hasan Ali,1,0,,,,,,,,,
1022369,2017,2017-06-12,Sophia Gardens,1,39.5,Sri Lanka,Pakistan,RAS Lakmal,DAS Gunaratne,Hasan Ali,0,0,,,,,,,,,
1022369,2017,2017-06-12,Sophia Gardens,1,39.6,Sri Lanka,Pakistan,RAS Lakmal,DAS Gunaratne,Hasan Ali,0,0,,,,,,,,,
1022369,2017,2017-06-12,Sophia Gardens,1,40.1,Sri Lanka,Pakistan,DAS Gunaratne,RAS Lakmal,Imad Wasim,1,0,,,,,,,,,
1022369,2017,2017-06-12,Sophia Gardens,1,40.2,Sri Lanka,Pakistan,RAS Lakmal,DAS Gunaratne,Imad Wasim,0,0,,,,,,,,,
1022369,2017,2017-06-12,Sophia Gardens,1,40.3,Sri Lanka,Pakistan,RAS Lakmal,DAS Gunaratne,Imad Wasim,0,0,,,,,,,,,
1022369,2017,2017-06-12,Sophia Gardens,1,40.4,Sri Lanka,Pakistan,RAS Lakmal,DAS Gunaratne,Imad Wasim,1,0,,,,,,,,,
1022369,2017,2017-06-12,Sophia Gardens,1,40.5,Sri Lanka,Pakistan,DAS Gunaratne,RAS Lakmal,Imad Wasim,0,0,,,,,,,,,
1022369,2017,2017-06-12,Sophia Gardens,1,40.6,Sri Lanka,Pakistan,DAS Gunaratne,RAS Lakmal,Imad Wasim,0,0,,,,,,,,,
1022369,2017,2017-06-12,Sophia Gardens,1,41.1,Sri Lanka,Pakistan,RAS Lakmal,DAS Gunaratne,Hasan Ali,0,0,,,,,,,,,
1022369,2017,2017-06-12,Sophia Gardens,1,41.2,Sri Lanka,Pakistan,RAS Lakmal,DAS Gunaratne,Hasan Ali,4,0,,,,,,,,,
1022369,2017,2017-06-12,Sophia Gardens,1,41.3,Sri Lanka,Pakistan,RAS Lakmal,DAS Gunaratne,Hasan Ali,0,1,,,,1,,,,,
1022369,2017,2017-06-12,Sophia Gardens,1,41.4,Sri Lanka,Pakistan,DAS Gunaratne,RAS Lakmal,Hasan Ali,0,0,,,,,,,,,
1022369,2017,2017-06-12,Sophia Gardens,1,41.5,Sri Lanka,Pakistan,DAS Gunaratne,RAS Lakmal,Hasan Ali,1,0,,,,,,,,,
1022369,2017,2017-06-12,Sophia Gardens,1,41.6,Sri Lanka,Pakistan,RAS Lakmal,DAS Gunaratne,Hasan Ali,4,0,,,,,,,,,
1022369,2017,2017-06-12,Sophia Gardens,1,42.1,Sri Lanka,Pakistan,DAS Gunaratne,RAS Lakmal,Imad Wasim,0,0,,,,,,,,,
1022369,2017,2017-06-12,Sophia Gardens,1,42.2,Sri Lanka,Pakistan,DAS Gunaratne,RAS Lakmal,Imad Wasim,0,0,,,,,,,,,
1022369,2017,2017-06-12,Sophia Gardens,1,42.3,Sri Lanka,Pakistan,DAS Gunaratne,RAS Lakmal,Imad Wasim,1,0,,,,,,,,,
1022369,2017,2017-06-12,Sophia Gardens,1,42.4,Sri Lanka,Pakistan,RAS Lakmal,DAS Gunaratne,Imad Wasim,0,0,,,,,,,,,
1022369,2017,2017-06-12,Sophia Gardens,1,42.5,Sri Lanka,Pakistan,RAS Lakmal,DAS Gunaratne,Imad Wasim,0,0,,,,,,,,,
1022369,2017,2017-06-12,Sophia Gardens,1,42.6,Sri Lanka,Pakistan,RAS Lakmal,DAS Gunaratne,Imad Wasim,2,0,,,,,,,,,
1022369,2017,2017-06-12,Sophia Gardens,1,43.1,Sri Lanka,Pakistan,DAS Gunaratne,RAS Lakmal,Mohammad Amir,3,0,,,,,,,,,
1022369,2017,2017-06-12,Sophia Gardens,1,43.2,Sri Lanka,Pakistan,RAS Lakmal,DAS Gunaratne,Mohammad Amir,0,0,,,,,,,,,
1022369,2017,2017-06-12,Sophia Gardens,1,43.3,Sri Lanka,Pakistan,RAS Lakmal,DAS Gunaratne,Mohammad Amir,2,0,,,,,,,,,
1022369,2017,2017-06-12,Sophia Gardens,1,43.4,Sri Lanka,Pakistan,RAS Lakmal,DAS Gunaratne,Mohammad Amir,4,0,,,,,,,,,
1022369,2017,2017-06-12,Sophia Gardens,1,43.5,Sri Lanka,Pakistan,RAS Lakmal,DAS Gunaratne,Mohammad Amir,1,0,,,,,,,,,
1022369,2017,2017-06-12,Sophia Gardens,1,43.6,Sri Lanka,Pakistan,DAS Gunaratne,RAS Lakmal,Mohammad Amir,0,0,,,,,,,,,
1022369,2017,2017-06-12,Sophia Gardens,1,44.1,Sri Lanka,Pakistan,RAS Lakmal,DAS Gunaratne,Hasan Ali,1,0,,,,,,,,,
1022369,2017,2017-06-12,Sophia Gardens,1,44.2,Sri Lanka,Pakistan,DAS Gunaratne,RAS Lakmal,Hasan Ali,0,1,1,,,,,,,,
1022369,2017,2017-06-12,Sophia Gardens,1,44.3,Sri Lanka,Pakistan,DAS Gunaratne,RAS Lakmal,Hasan Ali,1,0,,,,,,,,,
1022369,2017,2017-06-12,Sophia Gardens,1,44.4,Sri Lanka,Pakistan,RAS Lakmal,DAS Gunaratne,Hasan Ali,0,0,,,,,,bowled,RAS Lakmal,,
1022369,2017,2017-06-12,Sophia Gardens,1,44.5,Sri Lanka,Pakistan,SL Malinga,DAS Gunaratne,Hasan Ali,0,0,,,,,,,,,
1022369,2017,2017-06-12,Sophia Gardens,1,44.6,Sri Lanka,Pakistan,SL Malinga,DAS Gunaratne,Hasan Ali,1,0,,,,,,,,,
1022369,2017,2017-06-12,Sophia Gardens,1,44.7,Sri Lanka,Pakistan,DAS Gunaratne,SL Malinga,Hasan Ali,0,0,,,,,,,,,
1022369,2017,2017-06-12,Sophia Gardens,1,45.1,Sri Lanka,Pakistan,SL Malinga,DAS Gunaratne,Junaid Khan,0,0,,,,,,,,,
1022369,2017,2017-06-12,Sophia Gardens,1,45.2,Sri Lanka,Pakistan,SL Malinga,DAS Gunaratne,Junaid Khan,1,0,,,,,,,,,
1022369,2017,2017-06-12,Sophia Gardens,1,45.3,Sri Lanka,Pakistan,DAS Gunaratne,SL Malinga,Junaid Khan,0,0,,,,,,,,,
1022369,2017,2017-06-12,Sophia Gardens,1,45.4,Sri Lanka,Pakistan,DAS Gunaratne,SL Malinga,Junaid Khan,0,1,1,,,,,,,,
1022369,2017,2017-06-12,Sophia Gardens,1,45.5,Sri Lanka,Pakistan,DAS Gunaratne,SL Malinga,Junaid Khan,1,0,,,,,,,,,
1022369,2017,2017-06-12,Sophia Gardens,1,45.6,Sri Lanka,Pakistan,SL Malinga,DAS Gunaratne,Junaid Khan,0,0,,,,,,,,,
1022369,2017,2017-06-12,Sophia Gardens,1,45.7,Sri Lanka,Pakistan,SL Malinga,DAS Gunaratne,Junaid Khan,1,0,,,,,,,,,
1022369,2017,2017-06-12,Sophia Gardens,1,46.1,Sri Lanka,Pakistan,SL Malinga,DAS Gunaratne,Hasan Ali,0,0,,,,,,,,,
1022369,2017,2017-06-12,Sophia Gardens,1,46.2,Sri Lanka,Pakistan,SL Malinga,DAS Gunaratne,Hasan Ali,1,0,,,,,,,,,
1022369,2017,2017-06-12,Sophia Gardens,1,46.3,Sri Lanka,Pakistan,DAS Gunaratne,SL Malinga,Hasan Ali,1,0,,,,,,,,,
1022369,2017,2017-06-12,Sophia Gardens,1,46.4,Sri Lanka,Pakistan,SL Malinga,DAS Gunaratne,Hasan Ali,1,0,,,,,,,,,
1022369,2017,2017-06-12,Sophia Gardens,1,46.5,Sri Lanka,Pakistan,DAS Gunaratne,SL Malinga,Hasan Ali,4,0,,,,,,,,,
1022369,2017,2017-06-12,Sophia Gardens,1,46.6,Sri Lanka,Pakistan,DAS Gunaratne,SL Malinga,Hasan Ali,1,0,,,,,,,,,
1022369,2017,2017-06-12,Sophia Gardens,1,47.1,Sri Lanka,Pakistan,DAS Gunaratne,SL Malinga,Mohammad Amir,0,0,,,,,,,,,
1022369,2017,2017-06-12,Sophia Gardens,1,47.2,Sri Lanka,Pakistan,DAS Gunaratne,SL Malinga,Mohammad Amir,1,0,,,,,,,,,
1022369,2017,2017-06-12,Sophia Gardens,1,47.3,Sri Lanka,Pakistan,SL Malinga,DAS Gunaratne,Mohammad Amir,1,0,,,,,,,,,
1022369,2017,2017-06-12,Sophia Gardens,1,47.4,Sri Lanka,Pakistan,DAS Gunaratne,SL Malinga,Mohammad Amir,0,0,,,,,,,,,
1022369,2017,2017-06-12,Sophia Gardens,1,47.5,Sri Lanka,Pakistan,DAS Gunaratne,SL Malinga,Mohammad Amir,2,0,,,,,,,,,
1022369,2017,2017-06-12,Sophia Gardens,1,47.6,Sri Lanka,Pakistan,DAS Gunaratne,SL Malinga,Mohammad Amir,0,1,1,,,,,,,,
1022369,2017,2017-06-12,Sophia Gardens,1,47.7,Sri Lanka,Pakistan,DAS Gunaratne,SL Malinga,Mohammad Amir,1,0,,,,,,,,,
1022369,2017,2017-06-12,Sophia Gardens,1,48.1,Sri Lanka,Pakistan,DAS Gunaratne,SL Malinga,Hasan Ali,0,0,,,,,,caught,DAS Gunaratne,,
1022369,2017,2017-06-12,Sophia Gardens,1,48.2,Sri Lanka,Pakistan,SL Malinga,N Pradeep,Hasan Ali,1,0,,,,,,,,,
1022369,2017,2017-06-12,Sophia Gardens,1,48.3,Sri Lanka,Pakistan,N Pradeep,SL Malinga,Hasan Ali,1,0,,,,,,,,,
1022369,2017,2017-06-12,Sophia Gardens,1,48.4,Sri Lanka,Pakistan,SL Malinga,N Pradeep,Hasan Ali,0,0,,,,,,,,,
1022369,2017,2017-06-12,Sophia Gardens,1,48.5,Sri Lanka,Pakistan,SL Malinga,N Pradeep,Hasan Ali,1,0,,,,,,,,,
1022369,2017,2017-06-12,Sophia Gardens,1,48.6,Sri Lanka,Pakistan,N Pradeep,SL Malinga,Hasan Ali,0,0,,,,,,,,,
1022369,2017,2017-06-12,Sophia Gardens,1,49.1,Sri Lanka,Pakistan,SL Malinga,N Pradeep,Faheem Ashraf,1,0,,,,,,,,,
1022369,2017,2017-06-12,Sophia Gardens,1,49.2,Sri Lanka,Pakistan,N Pradeep,SL Malinga,Faheem Ashraf,0,0,,,,,,caught and bowled,N Pradeep,,
1022369,2017,2017-06-12,Sophia Gardens,2,0.1,Pakistan,Sri Lanka,Azhar Ali,Fakhar Zaman,SL Malinga,0,0,,,,,,,,,
1022369,2017,2017-06-12,Sophia Gardens,2,0.2,Pakistan,Sri Lanka,Azhar Ali,Fakhar Zaman,SL Malinga,0,0,,,,,,,,,
1022369,2017,2017-06-12,Sophia Gardens,2,0.3,Pakistan,Sri Lanka,Azhar Ali,Fakhar Zaman,SL Malinga,0,0,,,,,,,,,
1022369,2017,2017-06-12,Sophia Gardens,2,0.4,Pakistan,Sri Lanka,Azhar Ali,Fakhar Zaman,SL Malinga,0,0,,,,,,,,,
1022369,2017,2017-06-12,Sophia Gardens,2,0.5,Pakistan,Sri Lanka,Azhar Ali,Fakhar Zaman,SL Malinga,0,0,,,,,,,,,
1022369,2017,2017-06-12,Sophia Gardens,2,0.6,Pakistan,Sri Lanka,Azhar Ali,Fakhar Zaman,SL Malinga,0,0,,,,,,,,,
1022369,2017,2017-06-12,Sophia Gardens,2,1.1,Pakistan,Sri Lanka,Fakhar Zaman,Azhar Ali,RAS Lakmal,0,1,1,,,,,,,,
1022369,2017,2017-06-12,Sophia Gardens,2,1.2,Pakistan,Sri Lanka,Fakhar Zaman,Azhar Ali,RAS Lakmal,0,0,,,,,,,,,
1022369,2017,2017-06-12,Sophia Gardens,2,1.3,Pakistan,Sri Lanka,Fakhar Zaman,Azhar Ali,RAS Lakmal,1,0,,,,,,,,,
1022369,2017,2017-06-12,Sophia Gardens,2,1.4,Pakistan,Sri Lanka,Azhar Ali,Fakhar Zaman,RAS Lakmal,0,0,,,,,,,,,
1022369,2017,2017-06-12,Sophia Gardens,2,1.5,Pakistan,Sri Lanka,Azhar Ali,Fakhar Zaman,RAS Lakmal,0,0,,,,,,,,,
1022369,2017,2017-06-12,Sophia Gardens,2,1.6,Pakistan,Sri Lanka,Azhar Ali,Fakhar Zaman,RAS Lakmal,0,0,,,,,,,,,
1022369,2017,2017-06-12,Sophia Gardens,2,1.7,Pakistan,Sri Lanka,Azhar Ali,Fakhar Zaman,RAS Lakmal,0,0,,,,,,,,,
1022369,2017,2017-06-12,Sophia Gardens,2,2.1,Pakistan,Sri Lanka,Fakhar Zaman,Azhar Ali,SL Malinga,0,0,,,,,,,,,
1022369,2017,2017-06-12,Sophia Gardens,2,2.2,Pakistan,Sri Lanka,Fakhar Zaman,Azhar Ali,SL Malinga,4,0,,,,,,,,,
1022369,2017,2017-06-12,Sophia Gardens,2,2.3,Pakistan,Sri Lanka,Fakhar Zaman,Azhar Ali,SL Malinga,4,0,,,,,,,,,
1022369,2017,2017-06-12,Sophia Gardens,2,2.4,Pakistan,Sri Lanka,Fakhar Zaman,Azhar Ali,SL Malinga,0,0,,,,,,,,,
1022369,2017,2017-06-12,Sophia Gardens,2,2.5,Pakistan,Sri Lanka,Fakhar Zaman,Azhar Ali,SL Malinga,4,0,,,,,,,,,
1022369,2017,2017-06-12,Sophia Gardens,2,2.6,Pakistan,Sri Lanka,Fakhar Zaman,Azhar Ali,SL Malinga,0,0,,,,,,,,,
1022369,2017,2017-06-12,Sophia Gardens,2,3.1,Pakistan,Sri Lanka,Azhar Ali,Fakhar Zaman,RAS Lakmal,0,0,,,,,,,,,
1022369,2017,2017-06-12,Sophia Gardens,2,3.2,Pakistan,Sri Lanka,Azhar Ali,Fakhar Zaman,RAS Lakmal,0,0,,,,,,,,,
1022369,2017,2017-06-12,Sophia Gardens,2,3.3,Pakistan,Sri Lanka,Azhar Ali,Fakhar Zaman,RAS Lakmal,0,0,,,,,,,,,
1022369,2017,2017-06-12,Sophia Gardens,2,3.4,Pakistan,Sri Lanka,Azhar Ali,Fakhar Zaman,RAS Lakmal,0,0,,,,,,,,,
1022369,2017,2017-06-12,Sophia Gardens,2,3.5,Pakistan,Sri Lanka,Azhar Ali,Fakhar Zaman,RAS Lakmal,1,0,,,,,,,,,
1022369,2017,2017-06-12,Sophia Gardens,2,3.6,Pakistan,Sri Lanka,Fakhar Zaman,Azhar Ali,RAS Lakmal,4,0,,,,,,,,,
1022369,2017,2017-06-12,Sophia Gardens,2,4.1,Pakistan,Sri Lanka,Azhar Ali,Fakhar Zaman,SL Malinga,0,0,,,,,,,,,
1022369,2017,2017-06-12,Sophia Gardens,2,4.2,Pakistan,Sri Lanka,Azhar Ali,Fakhar Zaman,SL Malinga,1,0,,,,,,,,,
1022369,2017,2017-06-12,Sophia Gardens,2,4.3,Pakistan,Sri Lanka,Fakhar Zaman,Azhar Ali,SL Malinga,0,0,,,,,,,,,
1022369,2017,2017-06-12,Sophia Gardens,2,4.4,Pakistan,Sri Lanka,Fakhar Zaman,Azhar Ali,SL Malinga,0,0,,,,,,,,,
1022369,2017,2017-06-12,Sophia Gardens,2,4.5,Pakistan,Sri Lanka,Fakhar Zaman,Azhar Ali,SL Malinga,1,0,,,,,,,,,
1022369,2017,2017-06-12,Sophia Gardens,2,4.6,Pakistan,Sri Lanka,Azhar Ali,Fakhar Zaman,SL Malinga,0,0,,,,,,,,,
1022369,2017,2017-06-12,Sophia Gardens,2,5.1,Pakistan,Sri Lanka,Fakhar Zaman,Azhar Ali,RAS Lakmal,0,0,,,,,,,,,
1022369,2017,2017-06-12,Sophia Gardens,2,5.2,Pakistan,Sri Lanka,Fakhar Zaman,Azhar Ali,RAS Lakmal,0,1,,,,1,,,,,
1022369,2017,2017-06-12,Sophia Gardens,2,5.3,Pakistan,Sri Lanka,Azhar Ali,Fakhar Zaman,RAS Lakmal,0,0,,,,,,,,,
1022369,2017,2017-06-12,Sophia Gardens,2,5.4,Pakistan,Sri Lanka,Azhar Ali,Fakhar Zaman,RAS Lakmal,4,0,,,,,,,,,
1022369,2017,2017-06-12,Sophia Gardens,2,5.5,Pakistan,Sri Lanka,Azhar Ali,Fakhar Zaman,RAS Lakmal,0,0,,,,,,,,,
1022369,2017,2017-06-12,Sophia Gardens,2,5.6,Pakistan,Sri Lanka,Azhar Ali,Fakhar Zaman,RAS Lakmal,1,0,,,,,,,,,
1022369,2017,2017-06-12,Sophia Gardens,2,6.1,Pakistan,Sri Lanka,Azhar Ali,Fakhar Zaman,N Pradeep,0,0,,,,,,,,,
1022369,2017,2017-06-12,Sophia Gardens,2,6.2,Pakistan,Sri Lanka,Azhar Ali,Fakhar Zaman,N Pradeep,1,0,,,,,,,,,
1022369,2017,2017-06-12,Sophia Gardens,2,6.3,Pakistan,Sri Lanka,Fakhar Zaman,Azhar Ali,N Pradeep,0,0,,,,,,,,,
1022369,2017,2017-06-12,Sophia Gardens,2,6.4,Pakistan,Sri Lanka,Fakhar Zaman,Azhar Ali,N Pradeep,0,1,1,,,,,,,,
1022369,2017,2017-06-12,Sophia Gardens,2,6.5,Pakistan,Sri Lanka,Fakhar Zaman,Azhar Ali,N Pradeep,1,0,,,,,,,,,
1022369,2017,2017-06-12,Sophia Gardens,2,6.6,Pakistan,Sri Lanka,Azhar Ali,Fakhar Zaman,N Pradeep,0,0,,,,,,,,,
1022369,2017,2017-06-12,Sophia Gardens,2,6.7,Pakistan,Sri Lanka,Azhar Ali,Fakhar Zaman,N Pradeep,1,0,,,,,,,,,
1022369,2017,2017-06-12,Sophia Gardens,2,7.1,Pakistan,Sri Lanka,Azhar Ali,Fakhar Zaman,NLTC Perera,6,0,,,,,,,,,
1022369,2017,2017-06-12,Sophia Gardens,2,7.2,Pakistan,Sri Lanka,Azhar Ali,Fakhar Zaman,NLTC Perera,0,0,,,,,,,,,
1022369,2017,2017-06-12,Sophia Gardens,2,7.3,Pakistan,Sri Lanka,Azhar Ali,Fakhar Zaman,NLTC Perera,1,0,,,,,,,,,
1022369,2017,2017-06-12,Sophia Gardens,2,7.4,Pakistan,Sri Lanka,Fakhar Zaman,Azhar Ali,NLTC Perera,4,0,,,,,,,,,
1022369,2017,2017-06-12,Sophia Gardens,2,7.5,Pakistan,Sri Lanka,Fakhar Zaman,Azhar Ali,NLTC Perera,0,1,1,,,,,,,,
1022369,2017,2017-06-12,Sophia Gardens,2,7.6,Pakistan,Sri Lanka,Fakhar Zaman,Azhar Ali,NLTC Perera,0,0,,,,,,,,,
1022369,2017,2017-06-12,Sophia Gardens,2,7.7,Pakistan,Sri Lanka,Fakhar Zaman,Azhar Ali,NLTC Perera,1,0,,,,,,,,,
1022369,2017,2017-06-12,Sophia Gardens,2,8.1,Pakistan,Sri Lanka,Fakhar Zaman,Azhar Ali,N Pradeep,4,0,,,,,,,,,
1022369,2017,2017-06-12,Sophia Gardens,2,8.2,Pakistan,Sri Lanka,Fakhar Zaman,Azhar Ali,N Pradeep,0,0,,,,,,,,,
1022369,2017,2017-06-12,Sophia Gardens,2,8.3,Pakistan,Sri Lanka,Fakhar Zaman,Azhar Ali,N Pradeep,1,0,,,,,,,,,
1022369,2017,2017-06-12,Sophia Gardens,2,8.4,Pakistan,Sri Lanka,Azhar Ali,Fakhar Zaman,N Pradeep,0,1,,,,1,,,,,
1022369,2017,2017-06-12,Sophia Gardens,2,8.5,Pakistan,Sri Lanka,Fakhar Zaman,Azhar Ali,N Pradeep,6,0,,,,,,,,,
1022369,2017,2017-06-12,Sophia Gardens,2,8.6,Pakistan,Sri Lanka,Fakhar Zaman,Azhar Ali,N Pradeep,1,0,,,,,,,,,
1022369,2017,2017-06-12,Sophia Gardens,2,9.1,Pakistan,Sri Lanka,Fakhar Zaman,Azhar Ali,RAS Lakmal,0,0,,,,,,,,,
1022369,2017,2017-06-12,Sophia Gardens,2,9.2,Pakistan,Sri Lanka,Fakhar Zaman,Azhar Ali,RAS Lakmal,4,0,,,,,,,,,
1022369,2017,2017-06-12,Sophia Gardens,2,9.3,Pakistan,Sri Lanka,Fakhar Zaman,Azhar Ali,RAS Lakmal,0,0,,,,,,,,,
1022369,2017,2017-06-12,Sophia Gardens,2,9.4,Pakistan,Sri Lanka,Fakhar Zaman,Azhar Ali,RAS Lakmal,2,0,,,,,,,,,
1022369,2017,2017-06-12,Sophia Gardens,2,9.5,Pakistan,Sri Lanka,Fakhar Zaman,Azhar Ali,RAS Lakmal,0,0,,,,,,,,,
1022369,2017,2017-06-12,Sophia Gardens,2,9.6,Pakistan,Sri Lanka,Fakhar Zaman,Azhar Ali,RAS Lakmal,0,1,1,,,,,,,,
1022369,2017,2017-06-12,Sophia Gardens,2,9.7,Pakistan,Sri Lanka,Fakhar Zaman,Azhar Ali,RAS Lakmal,1,0,,,,,,,,,
1022369,2017,2017-06-12,Sophia Gardens,2,10.1,Pakistan,Sri Lanka,Fakhar Zaman,Azhar Ali,DAS Gunaratne,1,0,,,,,,,,,
1022369,2017,2017-06-12,Sophia Gardens,2,10.2,Pakistan,Sri Lanka,Azhar Ali,Fakhar Zaman,DAS Gunaratne,1,0,,,,,,,,,
1022369,2017,2017-06-12,Sophia Gardens,2,10.3,Pakistan,Sri Lanka,Fakhar Zaman,Azhar Ali,DAS Gunaratne,1,0,,,,,,,,,
1022369,2017,2017-06-12,Sophia Gardens,2,10.4,Pakistan,Sri Lanka,Azhar Ali,Fakhar Zaman,DAS Gunaratne,1,0,,,,,,,,,
1022369,2017,2017-06-12,Sophia Gardens,2,10.5,Pakistan,Sri Lanka,Fakhar Zaman,Azhar Ali,DAS Gunaratne,4,0,,,,,,,,,
1022369,2017,2017-06-12,Sophia Gardens,2,10.6,Pakistan,Sri Lanka,Fakhar Zaman,Azhar Ali,DAS Gunaratne,1,0,,,,,,,,,
1022369,2017,2017-06-12,Sophia Gardens,2,11.1,Pakistan,Sri Lanka,Fakhar Zaman,Azhar Ali,N Pradeep,0,0,,,,,,,,,
1022369,2017,2017-06-12,Sophia Gardens,2,11.2,Pakistan,Sri Lanka,Fakhar Zaman,Azhar Ali,N Pradeep,0,0,,,,,,caught,Fakhar Zaman,,
1022369,2017,2017-06-12,Sophia Gardens,2,11.3,Pakistan,Sri Lanka,Babar Azam,Azhar Ali,N Pradeep,0,0,,,,,,,,,
1022369,2017,2017-06-12,Sophia Gardens,2,11.4,Pakistan,Sri Lanka,Babar Azam,Azhar Ali,N Pradeep,0,0,,,,,,,,,
1022369,2017,2017-06-12,Sophia Gardens,2,11.5,Pakistan,Sri Lanka,Babar Azam,Azhar Ali,N Pradeep,0,0,,,,,,,,,
1022369,2017,2017-06-12,Sophia Gardens,2,11.6,Pakistan,Sri Lanka,Babar Azam,Azhar Ali,N Pradeep,4,0,,,,,,,,,
1022369,2017,2017-06-12,Sophia Gardens,2,12.1,Pakistan,Sri Lanka,Azhar Ali,Babar Azam,NLTC Perera,0,0,,,,,,,,,
1022369,2017,2017-06-12,Sophia Gardens,2,12.2,Pakistan,Sri Lanka,Azhar Ali,Babar Azam,NLTC Perera,1,0,,,,,,,,,
1022369,2017,2017-06-12,Sophia Gardens,2,12.3,Pakistan,Sri Lanka,Babar Azam,Azhar Ali,NLTC Perera,0,1,1,,,,,,,,
1022369,2017,2017-06-12,Sophia Gardens,2,12.4,Pakistan,Sri Lanka,Babar Azam,Azhar Ali,NLTC Perera,0,0,,,,,,,,,
1022369,2017,2017-06-12,Sophia Gardens,2,12.5,Pakistan,Sri Lanka,Babar Azam,Azhar Ali,NLTC Perera,0,0,,,,,,,,,
1022369,2017,2017-06-12,Sophia Gardens,2,12.6,Pakistan,Sri Lanka,Babar Azam,Azhar Ali,NLTC Perera,0,0,,,,,,,,,
1022369,2017,2017-06-12,Sophia Gardens,2,12.7,Pakistan,Sri Lanka,Babar Azam,Azhar Ali,NLTC Perera,0,0,,,,,,,,,
1022369,2017,2017-06-12,Sophia Gardens,2,13.1,Pakistan,Sri Lanka,Azhar Ali,Babar Azam,N Pradeep,0,0,,,,,,,,,
1022369,2017,2017-06-12,Sophia Gardens,2,13.2,Pakistan,Sri Lanka,Azhar Ali,Babar Azam,N Pradeep,1,0,,,,,,,,,
1022369,2017,2017-06-12,Sophia Gardens,2,13.3,Pakistan,Sri Lanka,Babar Azam,Azhar Ali,N Pradeep,0,0,,,,,,,,,
1022369,2017,2017-06-12,Sophia Gardens,2,13.4,Pakistan,Sri Lanka,Babar Azam,Azhar Ali,N Pradeep,3,0,,,,,,,,,
1022369,2017,2017-06-12,Sophia Gardens,2,13.5,Pakistan,Sri Lanka,Azhar Ali,Babar Azam,N Pradeep,1,0,,,,,,,,,
1022369,2017,2017-06-12,Sophia Gardens,2,13.6,Pakistan,Sri Lanka,Babar Azam,Azhar Ali,N Pradeep,2,0,,,,,,,,,
1022369,2017,2017-06-12,Sophia Gardens,2,14.1,Pakistan,Sri Lanka,Azhar Ali,Babar Azam,NLTC Perera,1,0,,,,,,,,,
1022369,2017,2017-06-12,Sophia Gardens,2,14.2,Pakistan,Sri Lanka,Babar Azam,Azhar Ali,NLTC Perera,0,0,,,,,,,,,
1022369,2017,2017-06-12,Sophia Gardens,2,14.3,Pakistan,Sri Lanka,Babar Azam,Azhar Ali,NLTC Perera,1,0,,,,,,,,,
1022369,2017,2017-06-12,Sophia Gardens,2,14.4,Pakistan,Sri Lanka,Azhar Ali,Babar Azam,NLTC Perera,1,0,,,,,,,,,
1022369,2017,2017-06-12,Sophia Gardens,2,14.5,Pakistan,Sri Lanka,Babar Azam,Azhar Ali,NLTC Perera,0,0,,,,,,,,,
1022369,2017,2017-06-12,Sophia Gardens,2,14.6,Pakistan,Sri Lanka,Babar Azam,Azhar Ali,NLTC Perera,0,0,,,,,,,,,
1022369,2017,2017-06-12,Sophia Gardens,2,15.1,Pakistan,Sri Lanka,Azhar Ali,Babar Azam,N Pradeep,1,0,,,,,,,,,
1022369,2017,2017-06-12,Sophia Gardens,2,15.2,Pakistan,Sri Lanka,Babar Azam,Azhar Ali,N Pradeep,0,0,,,,,,,,,
1022369,2017,2017-06-12,Sophia Gardens,2,15.3,Pakistan,Sri Lanka,Babar Azam,Azhar Ali,N Pradeep,0,0,,,,,,,,,
1022369,2017,2017-06-12,Sophia Gardens,2,15.4,Pakistan,Sri Lanka,Babar Azam,Azhar Ali,N Pradeep,0,1,1,,,,,,,,
1022369,2017,2017-06-12,Sophia Gardens,2,15.5,Pakistan,Sri Lanka,Babar Azam,Azhar Ali,N Pradeep,0,0,,,,,,caught,Babar Azam,,
1022369,2017,2017-06-12,Sophia Gardens,2,15.6,Pakistan,Sri Lanka,Mohammad Hafeez,Azhar Ali,N Pradeep,1,0,,,,,,,,,
1022369,2017,2017-06-12,Sophia Gardens,2,15.7,Pakistan,Sri Lanka,Azhar Ali,Mohammad Hafeez,N Pradeep,1,0,,,,,,,,,
1022369,2017,2017-06-12,Sophia Gardens,2,16.1,Pakistan,Sri Lanka,Azhar Ali,Mohammad Hafeez,NLTC Perera,1,0,,,,,,,,,
1022369,2017,2017-06-12,Sophia Gardens,2,16.2,Pakistan,Sri Lanka,Mohammad Hafeez,Azhar Ali,NLTC Perera,0,0,,,,,,,,,
1022369,2017,2017-06-12,Sophia Gardens,2,16.3,Pakistan,Sri Lanka,Mohammad Hafeez,Azhar Ali,NLTC Perera,0,0,,,,,,,,,
1022369,2017,2017-06-12,Sophia Gardens,2,16.4,Pakistan,Sri Lanka,Mohammad Hafeez,Azhar Ali,NLTC Perera,0,0,,,,,,,,,
1022369,2017,2017-06-12,Sophia Gardens,2,16.5,Pakistan,Sri Lanka,Mohammad Hafeez,Azhar Ali,NLTC Perera,0,0,,,,,,caught,Mohammad Hafeez,,
1022369,2017,2017-06-12,Sophia Gardens,2,16.6,Pakistan,Sri Lanka,Shoaib Malik,Azhar Ali,NLTC Perera,4,0,,,,,,,,,
1022369,2017,2017-06-12,Sophia Gardens,2,17.1,Pakistan,Sri Lanka,Azhar Ali,Shoaib Malik,N Pradeep,0,0,,,,,,,,,
1022369,2017,2017-06-12,Sophia Gardens,2,17.2,Pakistan,Sri Lanka,Azhar Ali,Shoaib Malik,N Pradeep,4,0,,,,,,,,,
1022369,2017,2017-06-12,Sophia Gardens,2,17.3,Pakistan,Sri Lanka,Azhar Ali,Shoaib Malik,N Pradeep,1,0,,,,,,,,,
1022369,2017,2017-06-12,Sophia Gardens,2,17.4,Pakistan,Sri Lanka,Shoaib Malik,Azhar Ali,N Pradeep,1,0,,,,,,,,,
1022369,2017,2017-06-12,Sophia Gardens,2,17.5,Pakistan,Sri Lanka,Azhar Ali,Shoaib Malik,N Pradeep,1,0,,,,,,,,,
1022369,2017,2017-06-12,Sophia Gardens,2,17.6,Pakistan,Sri Lanka,Shoaib Malik,Azhar Ali,N Pradeep,0,0,,,,,,,,,
1022369,2017,2017-06-12,Sophia Gardens,2,18.1,Pakistan,Sri Lanka,Azhar Ali,Shoaib Malik,NLTC Perera,1,0,,,,,,,,,
1022369,2017,2017-06-12,Sophia Gardens,2,18.2,Pakistan,Sri Lanka,Shoaib Malik,Azhar Ali,NLTC Perera,0,0,,,,,,,,,
1022369,2017,2017-06-12,Sophia Gardens,2,18.3,Pakistan,Sri Lanka,Shoaib Malik,Azhar Ali,NLTC Perera,0,0,,,,,,,,,
1022369,2017,2017-06-12,Sophia Gardens,2,18.4,Pakistan,Sri Lanka,Shoaib Malik,Azhar Ali,NLTC Perera,1,0,,,,,,,,,
1022369,2017,2017-06-12,Sophia Gardens,2,18.5,Pakistan,Sri Lanka,Azhar Ali,Shoaib Malik,NLTC Perera,1,0,,,,,,,,,
1022369,2017,2017-06-12,Sophia Gardens,2,18.6,Pakistan,Sri Lanka,Shoaib Malik,Azhar Ali,NLTC Perera,0,1,1,,,,,,,,
1022369,2017,2017-06-12,Sophia Gardens,2,18.7,Pakistan,Sri Lanka,Shoaib Malik,Azhar Ali,NLTC Perera,0,0,,,,,,,,,
1022369,2017,2017-06-12,Sophia Gardens,2,19.1,Pakistan,Sri Lanka,Azhar Ali,Shoaib Malik,RAS Lakmal,0,0,,,,,,,,,
1022369,2017,2017-06-12,Sophia Gardens,2,19.2,Pakistan,Sri Lanka,Azhar Ali,Shoaib Malik,RAS Lakmal,0,0,,,,,,caught,Azhar Ali,,
1022369,2017,2017-06-12,Sophia Gardens,2,19.3,Pakistan,Sri Lanka,Sarfraz Ahmed,Shoaib Malik,RAS Lakmal,0,0,,,,,,,,,
1022369,2017,2017-06-12,Sophia Gardens,2,19.4,Pakistan,Sri Lanka,Sarfraz Ahmed,Shoaib Malik,RAS Lakmal,0,0,,,,,,,,,
1022369,2017,2017-06-12,Sophia Gardens,2,19.5,Pakistan,Sri Lanka,Sarfraz Ahmed,Shoaib Malik,RAS Lakmal,0,0,,,,,,,,,
1022369,2017,2017-06-12,Sophia Gardens,2,19.6,Pakistan,Sri Lanka,Sarfraz Ahmed,Shoaib Malik,RAS Lakmal,1,0,,,,,,,,,
1022369,2017,2017-06-12,Sophia Gardens,2,20.1,Pakistan,Sri Lanka,Sarfraz Ahmed,Shoaib Malik,SL Malinga,1,0,,,,,,,,,
1022369,2017,2017-06-12,Sophia Gardens,2,20.2,Pakistan,Sri Lanka,Shoaib Malik,Sarfraz Ahmed,SL Malinga,1,0,,,,,,,,,
1022369,2017,2017-06-12,Sophia Gardens,2,20.3,Pakistan,Sri Lanka,Sarfraz Ahmed,Shoaib Malik,SL Malinga,0,1,1,,,,,,,,
1022369,2017,2017-06-12,Sophia Gardens,2,20.4,Pakistan,Sri Lanka,Sarfraz Ahmed,Shoaib Malik,SL Malinga,4,0,,,,,,,,,
1022369,2017,2017-06-12,Sophia Gardens,2,20.5,Pakistan,Sri Lanka,Sarfraz Ahmed,Shoaib Malik,SL Malinga,1,0,,,,,,,,,
1022369,2017,2017-06-12,Sophia Gardens,2,20.6,Pakistan,Sri Lanka,Shoaib Malik,Sarfraz Ahmed,SL Malinga,0,0,,,,,,,,,
1022369,2017,2017-06-12,Sophia Gardens,2,20.7,Pakistan,Sri Lanka,Shoaib Malik,Sarfraz Ahmed,SL Malinga,0,0,,,,,,,,,
1022369,2017,2017-06-12,Sophia Gardens,2,21.1,Pakistan,Sri Lanka,Sarfraz Ahmed,Shoaib Malik,RAS Lakmal,1,0,,,,,,,,,
1022369,2017,2017-06-12,Sophia Gardens,2,21.2,Pakistan,Sri Lanka,Shoaib Malik,Sarfraz Ahmed,RAS Lakmal,1,0,,,,,,,,,
1022369,2017,2017-06-12,Sophia Gardens,2,21.3,Pakistan,Sri Lanka,Sarfraz Ahmed,Shoaib Malik,RAS Lakmal,1,0,,,,,,,,,
1022369,2017,2017-06-12,Sophia Gardens,2,21.4,Pakistan,Sri Lanka,Shoaib Malik,Sarfraz Ahmed,RAS Lakmal,1,0,,,,,,,,,
1022369,2017,2017-06-12,Sophia Gardens,2,21.5,Pakistan,Sri Lanka,Sarfraz Ahmed,Shoaib Malik,RAS Lakmal,1,0,,,,,,,,,
1022369,2017,2017-06-12,Sophia Gardens,2,21.6,Pakistan,Sri Lanka,Shoaib Malik,Sarfraz Ahmed,RAS Lakmal,0,0,,,,,,,,,
1022369,2017,2017-06-12,Sophia Gardens,2,22.1,Pakistan,Sri Lanka,Sarfraz Ahmed,Shoaib Malik,SL Malinga,0,0,,,,,,,,,
1022369,2017,2017-06-12,Sophia Gardens,2,22.2,Pakistan,Sri Lanka,Sarfraz Ahmed,Shoaib Malik,SL Malinga,0,0,,,,,,,,,
1022369,2017,2017-06-12,Sophia Gardens,2,22.3,Pakistan,Sri Lanka,Sarfraz Ahmed,Shoaib Malik,SL Malinga,0,0,,,,,,,,,
1022369,2017,2017-06-12,Sophia Gardens,2,22.4,Pakistan,Sri Lanka,Sarfraz Ahmed,Shoaib Malik,SL Malinga,0,0,,,,,,,,,
1022369,2017,2017-06-12,Sophia Gardens,2,22.5,Pakistan,Sri Lanka,Sarfraz Ahmed,Shoaib Malik,SL Malinga,0,0,,,,,,,,,
1022369,2017,2017-06-12,Sophia Gardens,2,22.6,Pakistan,Sri Lanka,Sarfraz Ahmed,Shoaib Malik,SL Malinga,0,0,,,,,,,,,
1022369,2017,2017-06-12,Sophia Gardens,2,23.1,Pakistan,Sri Lanka,Shoaib Malik,Sarfraz Ahmed,RAS Lakmal,0,0,,,,,,,,,
1022369,2017,2017-06-12,Sophia Gardens,2,23.2,Pakistan,Sri Lanka,Shoaib Malik,Sarfraz Ahmed,RAS Lakmal,0,0,,,,,,,,,
1022369,2017,2017-06-12,Sophia Gardens,2,23.3,Pakistan,Sri Lanka,Shoaib Malik,Sarfraz Ahmed,RAS Lakmal,1,0,,,,,,,,,
1022369,2017,2017-06-12,Sophia Gardens,2,23.4,Pakistan,Sri Lanka,Sarfraz Ahmed,Shoaib Malik,RAS Lakmal,3,0,,,,,,,,,
1022369,2017,2017-06-12,Sophia Gardens,2,23.5,Pakistan,Sri Lanka,Shoaib Malik,Sarfraz Ahmed,RAS Lakmal,0,0,,,,,,,,,
1022369,2017,2017-06-12,Sophia Gardens,2,23.6,Pakistan,Sri Lanka,Shoaib Malik,Sarfraz Ahmed,RAS Lakmal,0,0,,,,,,,,,
1022369,2017,2017-06-12,Sophia Gardens,2,24.1,Pakistan,Sri Lanka,Sarfraz Ahmed,Shoaib Malik,SL Malinga,0,0,,,,,,,,,
1022369,2017,2017-06-12,Sophia Gardens,2,24.2,Pakistan,Sri Lanka,Sarfraz Ahmed,Shoaib Malik,SL Malinga,1,0,,,,,,,,,
1022369,2017,2017-06-12,Sophia Gardens,2,24.3,Pakistan,Sri Lanka,Shoaib Malik,Sarfraz Ahmed,SL Malinga,1,0,,,,,,,,,
1022369,2017,2017-06-12,Sophia Gardens,2,24.4,Pakistan,Sri Lanka,Sarfraz Ahmed,Shoaib Malik,SL Malinga,1,0,,,,,,,,,
1022369,2017,2017-06-12,Sophia Gardens,2,24.5,Pakistan,Sri Lanka,Shoaib Malik,Sarfraz Ahmed,SL Malinga,0,0,,,,,,caught,Shoaib Malik,,
1022369,2017,2017-06-12,Sophia Gardens,2,24.6,Pakistan,Sri Lanka,Imad Wasim,Sarfraz Ahmed,SL Malinga,0,1,1,,,,,,,,
1022369,2017,2017-06-12,Sophia Gardens,2,24.7,Pakistan,Sri Lanka,Imad Wasim,Sarfraz Ahmed,SL Malinga,0,0,,,,,,,,,
1022369,2017,2017-06-12,Sophia Gardens,2,25.1,Pakistan,Sri Lanka,Sarfraz Ahmed,Imad Wasim,N Pradeep,0,0,,,,,,,,,
1022369,2017,2017-06-12,Sophia Gardens,2,25.2,Pakistan,Sri Lanka,Sarfraz Ahmed,Imad Wasim,N Pradeep,1,0,,,,,,,,,
1022369,2017,2017-06-12,Sophia Gardens,2,25.3,Pakistan,Sri Lanka,Imad Wasim,Sarfraz Ahmed,N Pradeep,4,0,,,,,,,,,
1022369,2017,2017-06-12,Sophia Gardens,2,25.4,Pakistan,Sri Lanka,Imad Wasim,Sarfraz Ahmed,N Pradeep,0,0,,,,,,caught,Imad Wasim,,
1022369,2017,2017-06-12,Sophia Gardens,2,25.5,Pakistan,Sri Lanka,Faheem Ashraf,Sarfraz Ahmed,N Pradeep,0,0,,,,,,,,,
1022369,2017,2017-06-12,Sophia Gardens,2,25.6,Pakistan,Sri Lanka,Faheem Ashraf,Sarfraz Ahmed,N Pradeep,0,0,,,,,,,,,
1022369,2017,2017-06-12,Sophia Gardens,2,26.1,Pakistan,Sri Lanka,Sarfraz Ahmed,Faheem Ashraf,SL Malinga,1,0,,,,,,,,,
1022369,2017,2017-06-12,Sophia Gardens,2,26.2,Pakistan,Sri Lanka,Faheem Ashraf,Sarfraz Ahmed,SL Malinga,0,0,,,,,,,,,
1022369,2017,2017-06-12,Sophia Gardens,2,26.3,Pakistan,Sri Lanka,Faheem Ashraf,Sarfraz Ahmed,SL Malinga,0,0,,,,,,,,,
1022369,2017,2017-06-12,Sophia Gardens,2,26.4,Pakistan,Sri Lanka,Faheem Ashraf,Sarfraz Ahmed,SL Malinga,0,0,,,,,,,,,
1022369,2017,2017-06-12,Sophia Gardens,2,26.5,Pakistan,Sri Lanka,Faheem Ashraf,Sarfraz Ahmed,SL Malinga,6,0,,,,,,,,,
1022369,2017,2017-06-12,Sophia Gardens,2,26.6,Pakistan,Sri Lanka,Faheem Ashraf,Sarfraz Ahmed,SL Malinga,1,0,,,,,,,,,
1022369,2017,2017-06-12,Sophia Gardens,2,27.1,Pakistan,Sri Lanka,Faheem Ashraf,Sarfraz Ahmed,N Pradeep,4,0,,,,,,,,,
1022369,2017,2017-06-12,Sophia Gardens,2,27.2,Pakistan,Sri Lanka,Faheem Ashraf,Sarfraz Ahmed,N Pradeep,1,0,,,,,,,,,
1022369,2017,2017-06-12,Sophia Gardens,2,27.3,Pakistan,Sri Lanka,Sarfraz Ahmed,Faheem Ashraf,N Pradeep,2,0,,,,,,,,,
1022369,2017,2017-06-12,Sophia Gardens,2,27.4,Pakistan,Sri Lanka,Sarfraz Ahmed,Faheem Ashraf,N Pradeep,1,0,,,,,,,,,
1022369,2017,2017-06-12,Sophia Gardens,2,27.5,Pakistan,Sri Lanka,Faheem Ashraf,Sarfraz Ahmed,N Pradeep,0,0,,,,,,,,,
1022369,2017,2017-06-12,Sophia Gardens,2,27.6,Pakistan,Sri Lanka,Faheem Ashraf,Sarfraz Ahmed,N Pradeep,0,4,,,,4,,,,,
1022369,2017,2017-06-12,Sophia Gardens,2,28.1,Pakistan,Sri Lanka,Sarfraz Ahmed,Faheem Ashraf,DAS Gunaratne,0,0,,,,,,,,,
1022369,2017,2017-06-12,Sophia Gardens,2,28.2,Pakistan,Sri Lanka,Sarfraz Ahmed,Faheem Ashraf,DAS Gunaratne,0,0,,,,,,,,,
1022369,2017,2017-06-12,Sophia Gardens,2,28.3,Pakistan,Sri Lanka,Sarfraz Ahmed,Faheem Ashraf,DAS Gunaratne,0,0,,,,,,,,,
1022369,2017,2017-06-12,Sophia Gardens,2,28.4,Pakistan,Sri Lanka,Sarfraz Ahmed,Faheem Ashraf,DAS Gunaratne,1,0,,,,,,,,,
1022369,2017,2017-06-12,Sophia Gardens,2,28.5,Pakistan,Sri Lanka,Faheem Ashraf,Sarfraz Ahmed,DAS Gunaratne,0,0,,,,,,,,,
1022369,2017,2017-06-12,Sophia Gardens,2,28.6,Pakistan,Sri Lanka,Faheem Ashraf,Sarfraz Ahmed,DAS Gunaratne,0,0,,,,,,,,,
1022369,2017,2017-06-12,Sophia Gardens,2,29.1,Pakistan,Sri Lanka,Sarfraz Ahmed,Faheem Ashraf,NLTC Perera,0,0,,,,,,,,,
1022369,2017,2017-06-12,Sophia Gardens,2,29.2,Pakistan,Sri Lanka,Sarfraz Ahmed,Faheem Ashraf,NLTC Perera,1,0,,,,,,,,,
1022369,2017,2017-06-12,Sophia Gardens,2,29.3,Pakistan,Sri Lanka,Faheem Ashraf,Sarfraz Ahmed,NLTC Perera,2,0,,,,,,,,,
1022369,2017,2017-06-12,Sophia Gardens,2,29.4,Pakistan,Sri Lanka,Faheem Ashraf,Sarfraz Ahmed,NLTC Perera,1,0,,,,,,,,,
1022369,2017,2017-06-12,Sophia Gardens,2,29.5,Pakistan,Sri Lanka,Sarfraz Ahmed,Faheem Ashraf,NLTC Perera,0,0,,,,,,run out,Faheem Ashraf,,
1022369,2017,2017-06-12,Sophia Gardens,2,29.6,Pakistan,Sri Lanka,Sarfraz Ahmed,Mohammad Amir,NLTC Perera,0,0,,,,,,,,,
1022369,2017,2017-06-12,Sophia Gardens,2,30.1,Pakistan,Sri Lanka,Mohammad Amir,Sarfraz Ahmed,MD Gunathilaka,1,0,,,,,,,,,
1022369,2017,2017-06-12,Sophia Gardens,2,30.2,Pakistan,Sri Lanka,Sarfraz Ahmed,Mohammad Amir,MD Gunathilaka,0,0,,,,,,,,,
1022369,2017,2017-06-12,Sophia Gardens,2,30.3,Pakistan,Sri Lanka,Sarfraz Ahmed,Mohammad Amir,MD Gunathilaka,0,0,,,,,,,,,
1022369,2017,2017-06-12,Sophia Gardens,2,30.4,Pakistan,Sri Lanka,Sarfraz Ahmed,Mohammad Amir,MD Gunathilaka,1,0,,,,,,,,,
1022369,2017,2017-06-12,Sophia Gardens,2,30.5,Pakistan,Sri Lanka,Mohammad Amir,Sarfraz Ahmed,MD Gunathilaka,0,0,,,,,,,,,
1022369,2017,2017-06-12,Sophia Gardens,2,30.6,Pakistan,Sri Lanka,Mohammad Amir,Sarfraz Ahmed,MD Gunathilaka,0,0,,,,,,,,,
1022369,2017,2017-06-12,Sophia Gardens,2,31.1,Pakistan,Sri Lanka,Sarfraz Ahmed,Mohammad Amir,NLTC Perera,2,0,,,,,,,,,
1022369,2017,2017-06-12,Sophia Gardens,2,31.2,Pakistan,Sri Lanka,Sarfraz Ahmed,Mohammad Amir,NLTC Perera,0,0,,,,,,,,,
1022369,2017,2017-06-12,Sophia Gardens,2,31.3,Pakistan,Sri Lanka,Sarfraz Ahmed,Mohammad Amir,NLTC Perera,1,0,,,,,,,,,
1022369,2017,2017-06-12,Sophia Gardens,2,31.4,Pakistan,Sri Lanka,Mohammad Amir,Sarfraz Ahmed,NLTC Perera,0,0,,,,,,,,,
1022369,2017,2017-06-12,Sophia Gardens,2,31.5,Pakistan,Sri Lanka,Mohammad Amir,Sarfraz Ahmed,NLTC Perera,0,0,,,,,,,,,
1022369,2017,2017-06-12,Sophia Gardens,2,31.6,Pakistan,Sri Lanka,Mohammad Amir,Sarfraz Ahmed,NLTC Perera,0,0,,,,,,,,,
1022369,2017,2017-06-12,Sophia Gardens,2,32.1,Pakistan,Sri Lanka,Sarfraz Ahmed,Mohammad Amir,DAS Gunaratne,0,0,,,,,,,,,
1022369,2017,2017-06-12,Sophia Gardens,2,32.2,Pakistan,Sri Lanka,Sarfraz Ahmed,Mohammad Amir,DAS Gunaratne,0,0,,,,,,,,,
1022369,2017,2017-06-12,Sophia Gardens,2,32.3,Pakistan,Sri Lanka,Sarfraz Ahmed,Mohammad Amir,DAS Gunaratne,0,0,,,,,,,,,
1022369,2017,2017-06-12,Sophia Gardens,2,32.4,Pakistan,Sri Lanka,Sarfraz Ahmed,Mohammad Amir,DAS Gunaratne,1,0,,,,,,,,,
1022369,2017,2017-06-12,Sophia Gardens,2,32.5,Pakistan,Sri Lanka,Mohammad Amir,Sarfraz Ahmed,DAS Gunaratne,0,0,,,,,,,,,
1022369,2017,2017-06-12,Sophia Gardens,2,32.6,Pakistan,Sri Lanka,Mohammad Amir,Sarfraz Ahmed,DAS Gunaratne,0,0,,,,,,,,,
1022369,2017,2017-06-12,Sophia Gardens,2,33.1,Pakistan,Sri Lanka,Sarfraz Ahmed,Mohammad Amir,N Pradeep,0,0,,,,,,,,,
1022369,2017,2017-06-12,Sophia Gardens,2,33.2,Pakistan,Sri Lanka,Sarfraz Ahmed,Mohammad Amir,N Pradeep,0,1,1,,,,,,,,
1022369,2017,2017-06-12,Sophia Gardens,2,33.3,Pakistan,Sri Lanka,Sarfraz Ahmed,Mohammad Amir,N Pradeep,1,0,,,,,,,,,
1022369,2017,2017-06-12,Sophia Gardens,2,33.4,Pakistan,Sri Lanka,Mohammad Amir,Sarfraz Ahmed,N Pradeep,0,0,,,,,,,,,
1022369,2017,2017-06-12,Sophia Gardens,2,33.5,Pakistan,Sri Lanka,Mohammad Amir,Sarfraz Ahmed,N Pradeep,2,0,,,,,,,,,
1022369,2017,2017-06-12,Sophia Gardens,2,33.6,Pakistan,Sri Lanka,Mohammad Amir,Sarfraz Ahmed,N Pradeep,0,0,,,,,,,,,
1022369,2017,2017-06-12,Sophia Gardens,2,33.7,Pakistan,Sri Lanka,Mohammad Amir,Sarfraz Ahmed,N Pradeep,1,0,,,,,,,,,
1022369,2017,2017-06-12,Sophia Gardens,2,34.1,Pakistan,Sri Lanka,Mohammad Amir,Sarfraz Ahmed,DAS Gunaratne,0,0,,,,,,,,,
1022369,2017,2017-06-12,Sophia Gardens,2,34.2,Pakistan,Sri Lanka,Mohammad Amir,Sarfraz Ahmed,DAS Gunaratne,0,0,,,,,,,,,
1022369,2017,2017-06-12,Sophia Gardens,2,34.3,Pakistan,Sri Lanka,Mohammad Amir,Sarfraz Ahmed,DAS Gunaratne,0,0,,,,,,,,,
1022369,2017,2017-06-12,Sophia Gardens,2,34.4,Pakistan,Sri Lanka,Mohammad Amir,Sarfraz Ahmed,DAS Gunaratne,1,0,,,,,,,,,
1022369,2017,2017-06-12,Sophia Gardens,2,34.5,Pakistan,Sri Lanka,Sarfraz Ahmed,Mohammad Amir,DAS Gunaratne,1,0,,,,,,,,,
1022369,2017,2017-06-12,Sophia Gardens,2,34.6,Pakistan,Sri Lanka,Mohammad Amir,Sarfraz Ahmed,DAS Gunaratne,0,0,,,,,,,,,
1022369,2017,2017-06-12,Sophia Gardens,2,35.1,Pakistan,Sri Lanka,Sarfraz Ahmed,Mohammad Amir,NLTC Perera,0,0,,,,,,,,,
1022369,2017,2017-06-12,Sophia Gardens,2,35.2,Pakistan,Sri Lanka,Sarfraz Ahmed,Mohammad Amir,NLTC Perera,2,0,,,,,,,,,
1022369,2017,2017-06-12,Sophia Gardens,2,35.3,Pakistan,Sri Lanka,Sarfraz Ahmed,Mohammad Amir,NLTC Perera,1,0,,,,,,,,,
1022369,2017,2017-06-12,Sophia Gardens,2,35.4,Pakistan,Sri Lanka,Mohammad Amir,Sarfraz Ahmed,NLTC Perera,5,0,,,,,,,,,
1022369,2017,2017-06-12,Sophia Gardens,2,35.5,Pakistan,Sri Lanka,Sarfraz Ahmed,Mohammad Amir,NLTC Perera,0,1,1,,,,,,,,
1022369,2017,2017-06-12,Sophia Gardens,2,35.6,Pakistan,Sri Lanka,Sarfraz Ahmed,Mohammad Amir,NLTC Perera,0,0,,,,,,,,,
1022369,2017,2017-06-12,Sophia Gardens,2,35.7,Pakistan,Sri Lanka,Sarfraz Ahmed,Mohammad Amir,NLTC Perera,0,0,,,,,,,,,
1022369,2017,2017-06-12,Sophia Gardens,2,36.1,Pakistan,Sri Lanka,Mohammad Amir,Sarfraz Ahmed,N Pradeep,0,0,,,,,,,,,
1022369,2017,2017-06-12,Sophia Gardens,2,36.2,Pakistan,Sri Lanka,Mohammad Amir,Sarfraz Ahmed,N Pradeep,3,0,,,,,,,,,
1022369,2017,2017-06-12,Sophia Gardens,2,36.3,Pakistan,Sri Lanka,Sarfraz Ahmed,Mohammad Amir,N Pradeep,0,0,,,,,,,,,
1022369,2017,2017-06-12,Sophia Gardens,2,36.4,Pakistan,Sri Lanka,Sarfraz Ahmed,Mohammad Amir,N Pradeep,1,0,,,,,,,,,
1022369,2017,2017-06-12,Sophia Gardens,2,36.5,Pakistan,Sri Lanka,Mohammad Amir,Sarfraz Ahmed,N Pradeep,0,0,,,,,,,,,
1022369,2017,2017-06-12,Sophia Gardens,2,36.6,Pakistan,Sri Lanka,Mohammad Amir,Sarfraz Ahmed,N Pradeep,0,0,,,,,,,,,
1022369,2017,2017-06-12,Sophia Gardens,2,37.1,Pakistan,Sri Lanka,Sarfraz Ahmed,Mohammad Amir,RAS Lakmal,4,0,,,,,,,,,
1022369,2017,2017-06-12,Sophia Gardens,2,37.2,Pakistan,Sri Lanka,Sarfraz Ahmed,Mohammad Amir,RAS Lakmal,0,0,,,,,,,,,
1022369,2017,2017-06-12,Sophia Gardens,2,37.3,Pakistan,Sri Lanka,Sarfraz Ahmed,Mohammad Amir,RAS Lakmal,0,0,,,,,,,,,
1022369,2017,2017-06-12,Sophia Gardens,2,37.4,Pakistan,Sri Lanka,Sarfraz Ahmed,Mohammad Amir,RAS Lakmal,0,0,,,,,,,,,
1022369,2017,2017-06-12,Sophia Gardens,2,37.5,Pakistan,Sri Lanka,Sarfraz Ahmed,Mohammad Amir,RAS Lakmal,1,0,,,,,,,,,
1022369,2017,2017-06-12,Sophia Gardens,2,37.6,Pakistan,Sri Lanka,Mohammad Amir,Sarfraz Ahmed,RAS Lakmal,0,0,,,,,,,,,
1022369,2017,2017-06-12,Sophia Gardens,2,38.1,Pakistan,Sri Lanka,Sarfraz Ahmed,Mohammad Amir,SL Malinga,0,0,,,,,,,,,
1022369,2017,2017-06-12,Sophia Gardens,2,38.2,Pakistan,Sri Lanka,Sarfraz Ahmed,Mohammad Amir,SL Malinga,0,1,1,,,,,,,,
1022369,2017,2017-06-12,Sophia Gardens,2,38.3,Pakistan,Sri Lanka,Sarfraz Ahmed,Mohammad Amir,SL Malinga,0,0,,,,,,,,,
1022369,2017,2017-06-12,Sophia Gardens,2,38.4,Pakistan,Sri Lanka,Sarfraz Ahmed,Mohammad Amir,SL Malinga,1,0,,,,,,,,,
1022369,2017,2017-06-12,Sophia Gardens,2,38.5,Pakistan,Sri Lanka,Mohammad Amir,Sarfraz Ahmed,SL Malinga,1,0,,,,,,,,,
1022369,2017,2017-06-12,Sophia Gardens,2,38.6,Pakistan,Sri Lanka,Sarfraz Ahmed,Mohammad Amir,SL Malinga,0,0,,,,,,,,,
1022369,2017,2017-06-12,Sophia Gardens,2,38.7,Pakistan,Sri Lanka,Sarfraz Ahmed,Mohammad Amir,SL Malinga,0,0,,,,,,,,,
1022369,2017,2017-06-12,Sophia Gardens,2,39.1,Pakistan,Sri Lanka,Mohammad Amir,Sarfraz Ahmed,RAS Lakmal,1,0,,,,,,,,,
1022369,2017,2017-06-12,Sophia Gardens,2,39.2,Pakistan,Sri Lanka,Sarfraz Ahmed,Mohammad Amir,RAS Lakmal,0,0,,,,,,,,,
1022369,2017,2017-06-12,Sophia Gardens,2,39.3,Pakistan,Sri Lanka,Sarfraz Ahmed,Mohammad Amir,RAS Lakmal,0,0,,,,,,,,,
1022369,2017,2017-06-12,Sophia Gardens,2,39.4,Pakistan,Sri Lanka,Sarfraz Ahmed,Mohammad Amir,RAS Lakmal,1,0,,,,,,,,,
1022369,2017,2017-06-12,Sophia Gardens,2,39.5,Pakistan,Sri Lanka,Mohammad Amir,Sarfraz Ahmed,RAS Lakmal,0,0,,,,,,,,,
1022369,2017,2017-06-12,Sophia Gardens,2,39.6,Pakistan,Sri Lanka,Mohammad Amir,Sarfraz Ahmed,RAS Lakmal,0,0,,,,,,,,,
1022369,2017,2017-06-12,Sophia Gardens,2,40.1,Pakistan,Sri Lanka,Sarfraz Ahmed,Mohammad Amir,SL Malinga,1,0,,,,,,,,,
1022369,2017,2017-06-12,Sophia Gardens,2,40.2,Pakistan,Sri Lanka,Mohammad Amir,Sarfraz Ahmed,SL Malinga,2,0,,,,,,,,,
1022369,2017,2017-06-12,Sophia Gardens,2,40.3,Pakistan,Sri Lanka,Mohammad Amir,Sarfraz Ahmed,SL Malinga,0,0,,,,,,,,,
1022369,2017,2017-06-12,Sophia Gardens,2,40.4,Pakistan,Sri Lanka,Mohammad Amir,Sarfraz Ahmed,SL Malinga,0,4,,,4,,,,,,
1022369,2017,2017-06-12,Sophia Gardens,2,40.5,Pakistan,Sri Lanka,Mohammad Amir,Sarfraz Ahmed,SL Malinga,1,0,,,,,,,,,
1022369,2017,2017-06-12,Sophia Gardens,2,40.6,Pakistan,Sri Lanka,Sarfraz Ahmed,Mohammad Amir,SL Malinga,0,0,,,,,,,,,
1022369,2017,2017-06-12,Sophia Gardens,2,41.1,Pakistan,Sri Lanka,Mohammad Amir,Sarfraz Ahmed,RAS Lakmal,1,0,,,,,,,,,
1022369,2017,2017-06-12,Sophia Gardens,2,41.2,Pakistan,Sri Lanka,Sarfraz Ahmed,Mohammad Amir,RAS Lakmal,4,0,,,,,,,,,
1022369,2017,2017-06-12,Sophia Gardens,2,41.3,Pakistan,Sri Lanka,Sarfraz Ahmed,Mohammad Amir,RAS Lakmal,1,0,,,,,,,,,
1022369,2017,2017-06-12,Sophia Gardens,2,41.4,Pakistan,Sri Lanka,Mohammad Amir,Sarfraz Ahmed,RAS Lakmal,1,0,,,,,,,,,
1022369,2017,2017-06-12,Sophia Gardens,2,41.5,Pakistan,Sri Lanka,Sarfraz Ahmed,Mohammad Amir,RAS Lakmal,4,0,,,,,,,,,
1022369,2017,2017-06-12,Sophia Gardens,2,41.6,Pakistan,Sri Lanka,Sarfraz Ahmed,Mohammad Amir,RAS Lakmal,0,0,,,,,,,,,
1022369,2017,2017-06-12,Sophia Gardens,2,42.1,Pakistan,Sri Lanka,Mohammad Amir,Sarfraz Ahmed,DM de Silva,0,0,,,,,,,,,
1022369,2017,2017-06-12,Sophia Gardens,2,42.2,Pakistan,Sri Lanka,Mohammad Amir,Sarfraz Ahmed,DM de Silva,0,0,,,,,,,,,
1022369,2017,2017-06-12,Sophia Gardens,2,42.3,Pakistan,Sri Lanka,Mohammad Amir,Sarfraz Ahmed,DM de Silva,1,0,,,,,,,,,
1022369,2017,2017-06-12,Sophia Gardens,2,42.4,Pakistan,Sri Lanka,Sarfraz Ahmed,Mohammad Amir,DM de Silva,0,0,,,,,,,,,
1022369,2017,2017-06-12,Sophia Gardens,2,42.5,Pakistan,Sri Lanka,Sarfraz Ahmed,Mohammad Amir,DM de Silva,1,0,,,,,,,,,
1022369,2017,2017-06-12,Sophia Gardens,2,42.6,Pakistan,Sri Lanka,Mohammad Amir,Sarfraz Ahmed,DM de Silva,1,0,,,,,,,,,
1022369,2017,2017-06-12,Sophia Gardens,2,43.1,Pakistan,Sri Lanka,Mohammad Amir,Sarfraz Ahmed,DAS Gunaratne,0,0,,,,,,,,,
1022369,2017,2017-06-12,Sophia Gardens,2,43.2,Pakistan,Sri Lanka,Mohammad Amir,Sarfraz Ahmed,DAS Gunaratne,0,0,,,,,,,,,
1022369,2017,2017-06-12,Sophia Gardens,2,43.3,Pakistan,Sri Lanka,Mohammad Amir,Sarfraz Ahmed,DAS Gunaratne,1,0,,,,,,,,,
1022369,2017,2017-06-12,Sophia Gardens,2,43.4,Pakistan,Sri Lanka,Sarfraz Ahmed,Mohammad Amir,DAS Gunaratne,1,0,,,,,,,,,
1022369,2017,2017-06-12,Sophia Gardens,2,43.5,Pakistan,Sri Lanka,Mohammad Amir,Sarfraz Ahmed,DAS Gunaratne,0,0,,,,,,,,,
1022369,2017,2017-06-12,Sophia Gardens,2,43.6,Pakistan,Sri Lanka,Mohammad Amir,Sarfraz Ahmed,DAS Gunaratne,4,0,,,,,,,,,
1022369,2017,2017-06-12,Sophia Gardens,2,44.1,Pakistan,Sri Lanka,Sarfraz Ahmed,Mohammad Amir,SL Malinga,1,0,,,,,,,,,
1022369,2017,2017-06-12,Sophia Gardens,2,44.2,Pakistan,Sri Lanka,Mohammad Amir,Sarfraz Ahmed,SL Malinga,0,1,1,,,,,,,,
1022369,2017,2017-06-12,Sophia Gardens,2,44.3,Pakistan,Sri Lanka,Mohammad Amir,Sarfraz Ahmed,SL Malinga,1,0,,,,,,,,,
1022369,2017,2017-06-12,Sophia Gardens,2,44.4,Pakistan,Sri Lanka,Sarfraz Ahmed,Mohammad Amir,SL Malinga,2,0,,,,,,,,,
1022369,2017,2017-06-12,Sophia Gardens,2,44.5,Pakistan,Sri Lanka,Sarfraz Ahmed,Mohammad Amir,SL Malinga,2,0,,,,,,,,,
1022369,2017,2017-06-12,Sophia Gardens,2,44.6,Pakistan,Sri Lanka,Sarfraz Ahmed,Mohammad Amir,SL Malinga,4,0,,,,,,,,,
