version,2.1.0
info,balls_per_over,6
info,team,Hong Kong
info,team,Papua New Guinea
info,gender,male
info,season,2016/17
info,date,2016/11/06
info,event,Papua New Guinea in Hong Kong ODI Series
info,match_number,2
info,venue,"Mission Road Ground, Mong Kok"
info,city,Hong Kong
info,toss_winner,Papua New Guinea
info,toss_decision,bat
info,player_of_match,CA Soper
info,umpire,Sharfuddoula
info,umpire,Tabarak Dar
info,reserve_umpire,IA Thomson
info,match_referee,GF Labrooy
info,winner,Papua New Guinea
info,winner_runs,14
info,player,Hong Kong,JJ Atkinson
info,player,Hong Kong,KD Shah
info,player,Hong Kong,Babar Hayat
info,player,Hong Kong,Nizakat Khan
info,player,Hong Kong,Anshuman Rath
info,player,Hong Kong,Shahid Wasif
info,player,Hong Kong,Ehsan Khan
info,player,Hong Kong,Tanwir Afzal
info,player,Hong Kong,Aizaz Khan
info,player,Hong Kong,K Christie
info,player,Hong Kong,Nadeem Ahmed
info,player,Papua New Guinea,TP Ura
info,player,Papua New Guinea,VV Morea
info,player,Papua New Guinea,L Siaka
info,player,Papua New Guinea,A Vala
info,player,Papua New Guinea,S Bau
info,player,Papua New Guinea,D Bau
info,player,Papua New Guinea,MD Dai
info,player,Papua New Guinea,H Hiri
info,player,Papua New Guinea,JB Reva
info,player,Papua New Guinea,CA Soper
info,player,Papua New Guinea,N Vanua
info,registry,people,A Vala,72e60730
info,registry,people,Aizaz Khan,f6c2659d
info,registry,people,Anshuman Rath,552b228c
info,registry,people,Babar Hayat,fbb657bb
info,registry,people,CA Soper,9920dd86
info,registry,people,D Bau,9db20c92
info,registry,people,Ehsan Khan,d3851cd8
info,registry,people,GF Labrooy,8e088dbc
info,registry,people,H Hiri,9dc3ea7e
info,registry,people,IA Thomson,4b594b43
info,registry,people,JB Reva,6a685375
info,registry,people,JJ Atkinson,bf2d865c
info,registry,people,K Christie,65122d56
info,registry,people,KD Shah,d5ae21a2
info,registry,people,L Siaka,6b4593ee
info,registry,people,MD Dai,5be810ba
info,registry,people,N Vanua,a36915ce
info,registry,people,Nadeem Ahmed,023f6b02
info,registry,people,Nizakat Khan,e3eb9e46
info,registry,people,S Bau,9a95bebb
info,registry,people,Shahid Wasif,2cc08c3c
info,registry,people,Sharfuddoula,63896abb
info,registry,people,TP Ura,a82eb3fb
info,registry,people,Tabarak Dar,2259c12d
info,registry,people,Tanwir Afzal,5f5ca1a7
info,registry,people,VV Morea,e64c10dd
