match_id,season,start_date,venue,innings,ball,batting_team,bowling_team,striker,non_striker,bowler,runs_off_bat,extras,wides,noballs,byes,legbyes,penalty,wicket_type,player_dismissed,other_wicket_type,other_player_dismissed
1029001,2017,2017-05-05,County Ground,1,0.1,Ireland,England,EC Joyce,PR Stirling,DJ Willey,1,0,,,,,,,,,
1029001,2017,2017-05-05,County Ground,1,0.2,Ireland,England,PR Stirling,EC Joyce,DJ Willey,0,0,,,,,,,,,
1029001,2017,2017-05-05,County Ground,1,0.3,Ireland,England,PR Stirling,EC Joyce,DJ Willey,0,1,,,,1,,,,,
1029001,2017,2017-05-05,County Ground,1,0.4,Ireland,England,EC Joyce,PR Stirling,DJ Willey,2,0,,,,,,,,,
1029001,2017,2017-05-05,County Ground,1,0.5,Ireland,England,EC Joyce,PR Stirling,DJ Willey,1,0,,,,,,,,,
1029001,2017,2017-05-05,County Ground,1,0.6,Ireland,England,PR Stirling,EC Joyce,DJ Willey,0,0,,,,,,,,,
1029001,2017,2017-05-05,County Ground,1,1.1,Ireland,England,EC Joyce,PR Stirling,MA Wood,0,0,,,,,,,,,
1029001,2017,2017-05-05,County Ground,1,1.2,Ireland,England,EC Joyce,PR Stirling,MA Wood,4,0,,,,,,,,,
1029001,2017,2017-05-05,County Ground,1,1.3,Ireland,England,EC Joyce,PR Stirling,MA Wood,0,0,,,,,,,,,
1029001,2017,2017-05-05,County Ground,1,1.4,Ireland,England,EC Joyce,PR Stirling,MA Wood,0,0,,,,,,,,,
1029001,2017,2017-05-05,County Ground,1,1.5,Ireland,England,EC Joyce,PR Stirling,MA Wood,0,0,,,,,,,,,
1029001,2017,2017-05-05,County Ground,1,1.6,Ireland,England,EC Joyce,PR Stirling,MA Wood,4,0,,,,,,,,,
1029001,2017,2017-05-05,County Ground,1,2.1,Ireland,England,PR Stirling,EC Joyce,DJ Willey,4,0,,,,,,,,,
1029001,2017,2017-05-05,County Ground,1,2.2,Ireland,England,PR Stirling,EC Joyce,DJ Willey,0,0,,,,,,,,,
1029001,2017,2017-05-05,County Ground,1,2.3,Ireland,England,PR Stirling,EC Joyce,DJ Willey,0,0,,,,,,,,,
1029001,2017,2017-05-05,County Ground,1,2.4,Ireland,England,PR Stirling,EC Joyce,DJ Willey,0,0,,,,,,,,,
1029001,2017,2017-05-05,County Ground,1,2.5,Ireland,England,PR Stirling,EC Joyce,DJ Willey,0,0,,,,,,,,,
1029001,2017,2017-05-05,County Ground,1,2.6,Ireland,England,PR Stirling,EC Joyce,DJ Willey,4,0,,,,,,,,,
1029001,2017,2017-05-05,County Ground,1,3.1,Ireland,England,EC Joyce,PR Stirling,MA Wood,0,0,,,,,,,,,
1029001,2017,2017-05-05,County Ground,1,3.2,Ireland,England,EC Joyce,PR Stirling,MA Wood,0,0,,,,,,,,,
1029001,2017,2017-05-05,County Ground,1,3.3,Ireland,England,EC Joyce,PR Stirling,MA Wood,0,0,,,,,,,,,
1029001,2017,2017-05-05,County Ground,1,3.4,Ireland,England,EC Joyce,PR Stirling,MA Wood,0,0,,,,,,,,,
1029001,2017,2017-05-05,County Ground,1,3.5,Ireland,England,EC Joyce,PR Stirling,MA Wood,2,0,,,,,,,,,
1029001,2017,2017-05-05,County Ground,1,3.6,Ireland,England,EC Joyce,PR Stirling,MA Wood,0,0,,,,,,,,,
1029001,2017,2017-05-05,County Ground,1,4.1,Ireland,England,PR Stirling,EC Joyce,DJ Willey,0,0,,,,,,,,,
1029001,2017,2017-05-05,County Ground,1,4.2,Ireland,England,PR Stirling,EC Joyce,DJ Willey,4,0,,,,,,,,,
1029001,2017,2017-05-05,County Ground,1,4.3,Ireland,England,PR Stirling,EC Joyce,DJ Willey,4,0,,,,,,,,,
1029001,2017,2017-05-05,County Ground,1,4.4,Ireland,England,PR Stirling,EC Joyce,DJ Willey,4,0,,,,,,,,,
1029001,2017,2017-05-05,County Ground,1,4.5,Ireland,England,PR Stirling,EC Joyce,DJ Willey,0,0,,,,,,,,,
1029001,2017,2017-05-05,County Ground,1,4.6,Ireland,England,PR Stirling,EC Joyce,DJ Willey,0,0,,,,,,,,,
1029001,2017,2017-05-05,County Ground,1,5.1,Ireland,England,EC Joyce,PR Stirling,MA Wood,5,0,,,,,,,,,
1029001,2017,2017-05-05,County Ground,1,5.2,Ireland,England,PR Stirling,EC Joyce,MA Wood,0,0,,,,,,,,,
1029001,2017,2017-05-05,County Ground,1,5.3,Ireland,England,PR Stirling,EC Joyce,MA Wood,0,0,,,,,,,,,
1029001,2017,2017-05-05,County Ground,1,5.4,Ireland,England,PR Stirling,EC Joyce,MA Wood,0,0,,,,,,bowled,PR Stirling,,
1029001,2017,2017-05-05,County Ground,1,5.5,Ireland,England,WTS Porterfield,EC Joyce,MA Wood,1,0,,,,,,,,,
1029001,2017,2017-05-05,County Ground,1,5.6,Ireland,England,EC Joyce,WTS Porterfield,MA Wood,0,0,,,,,,,,,
1029001,2017,2017-05-05,County Ground,1,6.1,Ireland,England,WTS Porterfield,EC Joyce,DJ Willey,0,0,,,,,,,,,
1029001,2017,2017-05-05,County Ground,1,6.2,Ireland,England,WTS Porterfield,EC Joyce,DJ Willey,0,0,,,,,,,,,
1029001,2017,2017-05-05,County Ground,1,6.3,Ireland,England,WTS Porterfield,EC Joyce,DJ Willey,1,0,,,,,,,,,
1029001,2017,2017-05-05,County Ground,1,6.4,Ireland,England,EC Joyce,WTS Porterfield,DJ Willey,4,0,,,,,,,,,
1029001,2017,2017-05-05,County Ground,1,6.5,Ireland,England,EC Joyce,WTS Porterfield,DJ Willey,0,0,,,,,,,,,
1029001,2017,2017-05-05,County Ground,1,6.6,Ireland,England,EC Joyce,WTS Porterfield,DJ Willey,0,0,,,,,,lbw,EC Joyce,,
1029001,2017,2017-05-05,County Ground,1,7.1,Ireland,England,WTS Porterfield,A Balbirnie,MA Wood,0,0,,,,,,,,,
1029001,2017,2017-05-05,County Ground,1,7.2,Ireland,England,WTS Porterfield,A Balbirnie,MA Wood,0,0,,,,,,,,,
1029001,2017,2017-05-05,County Ground,1,7.3,Ireland,England,WTS Porterfield,A Balbirnie,MA Wood,0,0,,,,,,,,,
1029001,2017,2017-05-05,County Ground,1,7.4,Ireland,England,WTS Porterfield,A Balbirnie,MA Wood,0,0,,,,,,,,,
1029001,2017,2017-05-05,County Ground,1,7.5,Ireland,England,WTS Porterfield,A Balbirnie,MA Wood,0,0,,,,,,,,,
1029001,2017,2017-05-05,County Ground,1,7.6,Ireland,England,WTS Porterfield,A Balbirnie,MA Wood,1,0,,,,,,,,,
1029001,2017,2017-05-05,County Ground,1,8.1,Ireland,England,WTS Porterfield,A Balbirnie,DJ Willey,1,0,,,,,,,,,
1029001,2017,2017-05-05,County Ground,1,8.2,Ireland,England,A Balbirnie,WTS Porterfield,DJ Willey,0,0,,,,,,,,,
1029001,2017,2017-05-05,County Ground,1,8.3,Ireland,England,A Balbirnie,WTS Porterfield,DJ Willey,0,0,,,,,,,,,
1029001,2017,2017-05-05,County Ground,1,8.4,Ireland,England,A Balbirnie,WTS Porterfield,DJ Willey,0,0,,,,,,,,,
1029001,2017,2017-05-05,County Ground,1,8.5,Ireland,England,A Balbirnie,WTS Porterfield,DJ Willey,0,0,,,,,,,,,
1029001,2017,2017-05-05,County Ground,1,8.6,Ireland,England,A Balbirnie,WTS Porterfield,DJ Willey,1,0,,,,,,,,,
1029001,2017,2017-05-05,County Ground,1,9.1,Ireland,England,A Balbirnie,WTS Porterfield,MA Wood,0,0,,,,,,,,,
1029001,2017,2017-05-05,County Ground,1,9.2,Ireland,England,A Balbirnie,WTS Porterfield,MA Wood,1,0,,,,,,,,,
1029001,2017,2017-05-05,County Ground,1,9.3,Ireland,England,WTS Porterfield,A Balbirnie,MA Wood,0,0,,,,,,,,,
1029001,2017,2017-05-05,County Ground,1,9.4,Ireland,England,WTS Porterfield,A Balbirnie,MA Wood,0,0,,,,,,,,,
1029001,2017,2017-05-05,County Ground,1,9.5,Ireland,England,WTS Porterfield,A Balbirnie,MA Wood,0,0,,,,,,,,,
1029001,2017,2017-05-05,County Ground,1,9.6,Ireland,England,WTS Porterfield,A Balbirnie,MA Wood,0,0,,,,,,,,,
1029001,2017,2017-05-05,County Ground,1,10.1,Ireland,England,A Balbirnie,WTS Porterfield,DJ Willey,2,0,,,,,,,,,
1029001,2017,2017-05-05,County Ground,1,10.2,Ireland,England,A Balbirnie,WTS Porterfield,DJ Willey,0,0,,,,,,,,,
1029001,2017,2017-05-05,County Ground,1,10.3,Ireland,England,A Balbirnie,WTS Porterfield,DJ Willey,0,0,,,,,,,,,
1029001,2017,2017-05-05,County Ground,1,10.4,Ireland,England,A Balbirnie,WTS Porterfield,DJ Willey,0,0,,,,,,,,,
1029001,2017,2017-05-05,County Ground,1,10.5,Ireland,England,A Balbirnie,WTS Porterfield,DJ Willey,0,0,,,,,,,,,
1029001,2017,2017-05-05,County Ground,1,10.6,Ireland,England,A Balbirnie,WTS Porterfield,DJ Willey,1,0,,,,,,,,,
1029001,2017,2017-05-05,County Ground,1,11.1,Ireland,England,A Balbirnie,WTS Porterfield,JT Ball,0,0,,,,,,,,,
1029001,2017,2017-05-05,County Ground,1,11.2,Ireland,England,A Balbirnie,WTS Porterfield,JT Ball,1,0,,,,,,,,,
1029001,2017,2017-05-05,County Ground,1,11.3,Ireland,England,WTS Porterfield,A Balbirnie,JT Ball,0,0,,,,,,,,,
1029001,2017,2017-05-05,County Ground,1,11.4,Ireland,England,WTS Porterfield,A Balbirnie,JT Ball,0,0,,,,,,,,,
1029001,2017,2017-05-05,County Ground,1,11.5,Ireland,England,WTS Porterfield,A Balbirnie,JT Ball,0,0,,,,,,,,,
1029001,2017,2017-05-05,County Ground,1,11.6,Ireland,England,WTS Porterfield,A Balbirnie,JT Ball,0,0,,,,,,,,,
1029001,2017,2017-05-05,County Ground,1,12.1,Ireland,England,A Balbirnie,WTS Porterfield,LE Plunkett,1,0,,,,,,,,,
1029001,2017,2017-05-05,County Ground,1,12.2,Ireland,England,WTS Porterfield,A Balbirnie,LE Plunkett,1,0,,,,,,,,,
1029001,2017,2017-05-05,County Ground,1,12.3,Ireland,England,A Balbirnie,WTS Porterfield,LE Plunkett,0,0,,,,,,,,,
1029001,2017,2017-05-05,County Ground,1,12.4,Ireland,England,A Balbirnie,WTS Porterfield,LE Plunkett,4,0,,,,,,,,,
1029001,2017,2017-05-05,County Ground,1,12.5,Ireland,England,A Balbirnie,WTS Porterfield,LE Plunkett,4,0,,,,,,,,,
1029001,2017,2017-05-05,County Ground,1,12.6,Ireland,England,A Balbirnie,WTS Porterfield,LE Plunkett,0,0,,,,,,,,,
1029001,2017,2017-05-05,County Ground,1,13.1,Ireland,England,WTS Porterfield,A Balbirnie,JT Ball,0,0,,,,,,,,,
1029001,2017,2017-05-05,County Ground,1,13.2,Ireland,England,WTS Porterfield,A Balbirnie,JT Ball,1,0,,,,,,,,,
1029001,2017,2017-05-05,County Ground,1,13.3,Ireland,England,A Balbirnie,WTS Porterfield,JT Ball,0,0,,,,,,,,,
1029001,2017,2017-05-05,County Ground,1,13.4,Ireland,England,A Balbirnie,WTS Porterfield,JT Ball,1,0,,,,,,,,,
1029001,2017,2017-05-05,County Ground,1,13.5,Ireland,England,WTS Porterfield,A Balbirnie,JT Ball,1,0,,,,,,,,,
1029001,2017,2017-05-05,County Ground,1,13.6,Ireland,England,A Balbirnie,WTS Porterfield,JT Ball,1,0,,,,,,,,,
1029001,2017,2017-05-05,County Ground,1,14.1,Ireland,England,A Balbirnie,WTS Porterfield,LE Plunkett,1,0,,,,,,,,,
1029001,2017,2017-05-05,County Ground,1,14.2,Ireland,England,WTS Porterfield,A Balbirnie,LE Plunkett,0,0,,,,,,,,,
1029001,2017,2017-05-05,County Ground,1,14.3,Ireland,England,WTS Porterfield,A Balbirnie,LE Plunkett,0,0,,,,,,,,,
1029001,2017,2017-05-05,County Ground,1,14.4,Ireland,England,WTS Porterfield,A Balbirnie,LE Plunkett,0,0,,,,,,,,,
1029001,2017,2017-05-05,County Ground,1,14.5,Ireland,England,WTS Porterfield,A Balbirnie,LE Plunkett,0,0,,,,,,,,,
1029001,2017,2017-05-05,County Ground,1,14.6,Ireland,England,WTS Porterfield,A Balbirnie,LE Plunkett,0,0,,,,,,,,,
1029001,2017,2017-05-05,County Ground,1,15.1,Ireland,England,A Balbirnie,WTS Porterfield,JT Ball,4,0,,,,,,,,,
1029001,2017,2017-05-05,County Ground,1,15.2,Ireland,England,A Balbirnie,WTS Porterfield,JT Ball,4,0,,,,,,,,,
1029001,2017,2017-05-05,County Ground,1,15.3,Ireland,England,A Balbirnie,WTS Porterfield,JT Ball,0,0,,,,,,,,,
1029001,2017,2017-05-05,County Ground,1,15.4,Ireland,England,A Balbirnie,WTS Porterfield,JT Ball,0,0,,,,,,,,,
1029001,2017,2017-05-05,County Ground,1,15.5,Ireland,England,A Balbirnie,WTS Porterfield,JT Ball,0,0,,,,,,,,,
1029001,2017,2017-05-05,County Ground,1,15.6,Ireland,England,A Balbirnie,WTS Porterfield,JT Ball,1,0,,,,,,,,,
1029001,2017,2017-05-05,County Ground,1,16.1,Ireland,England,A Balbirnie,WTS Porterfield,LE Plunkett,2,0,,,,,,,,,
1029001,2017,2017-05-05,County Ground,1,16.2,Ireland,England,A Balbirnie,WTS Porterfield,LE Plunkett,0,0,,,,,,,,,
1029001,2017,2017-05-05,County Ground,1,16.3,Ireland,England,A Balbirnie,WTS Porterfield,LE Plunkett,0,0,,,,,,,,,
1029001,2017,2017-05-05,County Ground,1,16.4,Ireland,England,A Balbirnie,WTS Porterfield,LE Plunkett,1,0,,,,,,,,,
1029001,2017,2017-05-05,County Ground,1,16.5,Ireland,England,WTS Porterfield,A Balbirnie,LE Plunkett,0,0,,,,,,,,,
1029001,2017,2017-05-05,County Ground,1,16.6,Ireland,England,WTS Porterfield,A Balbirnie,LE Plunkett,0,0,,,,,,,,,
1029001,2017,2017-05-05,County Ground,1,17.1,Ireland,England,A Balbirnie,WTS Porterfield,JT Ball,0,0,,,,,,,,,
1029001,2017,2017-05-05,County Ground,1,17.2,Ireland,England,A Balbirnie,WTS Porterfield,JT Ball,0,0,,,,,,,,,
1029001,2017,2017-05-05,County Ground,1,17.3,Ireland,England,A Balbirnie,WTS Porterfield,JT Ball,0,0,,,,,,,,,
1029001,2017,2017-05-05,County Ground,1,17.4,Ireland,England,A Balbirnie,WTS Porterfield,JT Ball,0,0,,,,,,caught,A Balbirnie,,
1029001,2017,2017-05-05,County Ground,1,17.5,Ireland,England,NJ O'Brien,WTS Porterfield,JT Ball,1,0,,,,,,,,,
1029001,2017,2017-05-05,County Ground,1,17.6,Ireland,England,WTS Porterfield,NJ O'Brien,JT Ball,0,0,,,,,,,,,
1029001,2017,2017-05-05,County Ground,1,18.1,Ireland,England,NJ O'Brien,WTS Porterfield,AU Rashid,1,0,,,,,,,,,
1029001,2017,2017-05-05,County Ground,1,18.2,Ireland,England,WTS Porterfield,NJ O'Brien,AU Rashid,0,0,,,,,,,,,
1029001,2017,2017-05-05,County Ground,1,18.3,Ireland,England,WTS Porterfield,NJ O'Brien,AU Rashid,0,0,,,,,,,,,
1029001,2017,2017-05-05,County Ground,1,18.4,Ireland,England,WTS Porterfield,NJ O'Brien,AU Rashid,0,0,,,,,,,,,
1029001,2017,2017-05-05,County Ground,1,18.5,Ireland,England,WTS Porterfield,NJ O'Brien,AU Rashid,1,0,,,,,,,,,
1029001,2017,2017-05-05,County Ground,1,18.6,Ireland,England,NJ O'Brien,WTS Porterfield,AU Rashid,0,0,,,,,,,,,
1029001,2017,2017-05-05,County Ground,1,19.1,Ireland,England,WTS Porterfield,NJ O'Brien,JT Ball,0,0,,,,,,,,,
1029001,2017,2017-05-05,County Ground,1,19.2,Ireland,England,WTS Porterfield,NJ O'Brien,JT Ball,0,0,,,,,,,,,
1029001,2017,2017-05-05,County Ground,1,19.3,Ireland,England,WTS Porterfield,NJ O'Brien,JT Ball,1,0,,,,,,,,,
1029001,2017,2017-05-05,County Ground,1,19.4,Ireland,England,NJ O'Brien,WTS Porterfield,JT Ball,0,0,,,,,,,,,
1029001,2017,2017-05-05,County Ground,1,19.5,Ireland,England,NJ O'Brien,WTS Porterfield,JT Ball,0,0,,,,,,,,,
1029001,2017,2017-05-05,County Ground,1,19.6,Ireland,England,NJ O'Brien,WTS Porterfield,JT Ball,0,0,,,,,,,,,
1029001,2017,2017-05-05,County Ground,1,20.1,Ireland,England,WTS Porterfield,NJ O'Brien,AU Rashid,0,0,,,,,,,,,
1029001,2017,2017-05-05,County Ground,1,20.2,Ireland,England,WTS Porterfield,NJ O'Brien,AU Rashid,2,0,,,,,,,,,
1029001,2017,2017-05-05,County Ground,1,20.3,Ireland,England,WTS Porterfield,NJ O'Brien,AU Rashid,0,0,,,,,,,,,
1029001,2017,2017-05-05,County Ground,1,20.4,Ireland,England,WTS Porterfield,NJ O'Brien,AU Rashid,1,0,,,,,,,,,
1029001,2017,2017-05-05,County Ground,1,20.5,Ireland,England,NJ O'Brien,WTS Porterfield,AU Rashid,1,0,,,,,,,,,
1029001,2017,2017-05-05,County Ground,1,20.6,Ireland,England,WTS Porterfield,NJ O'Brien,AU Rashid,1,0,,,,,,,,,
1029001,2017,2017-05-05,County Ground,1,21.1,Ireland,England,WTS Porterfield,NJ O'Brien,JE Root,0,0,,,,,,,,,
1029001,2017,2017-05-05,County Ground,1,21.2,Ireland,England,WTS Porterfield,NJ O'Brien,JE Root,0,0,,,,,,caught,WTS Porterfield,,
1029001,2017,2017-05-05,County Ground,1,21.3,Ireland,England,GC Wilson,NJ O'Brien,JE Root,1,0,,,,,,,,,
1029001,2017,2017-05-05,County Ground,1,21.4,Ireland,England,NJ O'Brien,GC Wilson,JE Root,0,0,,,,,,,,,
1029001,2017,2017-05-05,County Ground,1,21.5,Ireland,England,NJ O'Brien,GC Wilson,JE Root,0,0,,,,,,,,,
1029001,2017,2017-05-05,County Ground,1,21.6,Ireland,England,NJ O'Brien,GC Wilson,JE Root,1,0,,,,,,,,,
1029001,2017,2017-05-05,County Ground,1,22.1,Ireland,England,NJ O'Brien,GC Wilson,AU Rashid,0,0,,,,,,,,,
1029001,2017,2017-05-05,County Ground,1,22.2,Ireland,England,NJ O'Brien,GC Wilson,AU Rashid,1,0,,,,,,,,,
1029001,2017,2017-05-05,County Ground,1,22.3,Ireland,England,GC Wilson,NJ O'Brien,AU Rashid,0,0,,,,,,,,,
1029001,2017,2017-05-05,County Ground,1,22.4,Ireland,England,GC Wilson,NJ O'Brien,AU Rashid,0,0,,,,,,,,,
1029001,2017,2017-05-05,County Ground,1,22.5,Ireland,England,GC Wilson,NJ O'Brien,AU Rashid,0,0,,,,,,lbw,GC Wilson,,
1029001,2017,2017-05-05,County Ground,1,22.6,Ireland,England,KJ O'Brien,NJ O'Brien,AU Rashid,1,0,,,,,,,,,
1029001,2017,2017-05-05,County Ground,1,23.1,Ireland,England,KJ O'Brien,NJ O'Brien,JE Root,0,0,,,,,,,,,
1029001,2017,2017-05-05,County Ground,1,23.2,Ireland,England,KJ O'Brien,NJ O'Brien,JE Root,1,0,,,,,,,,,
1029001,2017,2017-05-05,County Ground,1,23.3,Ireland,England,NJ O'Brien,KJ O'Brien,JE Root,0,0,,,,,,,,,
1029001,2017,2017-05-05,County Ground,1,23.4,Ireland,England,NJ O'Brien,KJ O'Brien,JE Root,0,0,,,,,,,,,
1029001,2017,2017-05-05,County Ground,1,23.5,Ireland,England,NJ O'Brien,KJ O'Brien,JE Root,0,0,,,,,,,,,
1029001,2017,2017-05-05,County Ground,1,23.6,Ireland,England,NJ O'Brien,KJ O'Brien,JE Root,1,0,,,,,,,,,
1029001,2017,2017-05-05,County Ground,1,24.1,Ireland,England,NJ O'Brien,KJ O'Brien,AU Rashid,0,0,,,,,,,,,
1029001,2017,2017-05-05,County Ground,1,24.2,Ireland,England,NJ O'Brien,KJ O'Brien,AU Rashid,0,1,1,,,,,,,,
1029001,2017,2017-05-05,County Ground,1,24.3,Ireland,England,NJ O'Brien,KJ O'Brien,AU Rashid,0,0,,,,,,,,,
1029001,2017,2017-05-05,County Ground,1,24.4,Ireland,England,NJ O'Brien,KJ O'Brien,AU Rashid,1,0,,,,,,,,,
1029001,2017,2017-05-05,County Ground,1,24.5,Ireland,England,KJ O'Brien,NJ O'Brien,AU Rashid,1,0,,,,,,,,,
1029001,2017,2017-05-05,County Ground,1,24.6,Ireland,England,NJ O'Brien,KJ O'Brien,AU Rashid,0,0,,,,,,,,,
1029001,2017,2017-05-05,County Ground,1,24.7,Ireland,England,NJ O'Brien,KJ O'Brien,AU Rashid,0,0,,,,,,,,,
1029001,2017,2017-05-05,County Ground,1,25.1,Ireland,England,KJ O'Brien,NJ O'Brien,JE Root,0,0,,,,,,,,,
1029001,2017,2017-05-05,County Ground,1,25.2,Ireland,England,KJ O'Brien,NJ O'Brien,JE Root,1,0,,,,,,,,,
1029001,2017,2017-05-05,County Ground,1,25.3,Ireland,England,NJ O'Brien,KJ O'Brien,JE Root,0,0,,,,,,,,,
1029001,2017,2017-05-05,County Ground,1,25.4,Ireland,England,NJ O'Brien,KJ O'Brien,JE Root,1,0,,,,,,,,,
1029001,2017,2017-05-05,County Ground,1,25.5,Ireland,England,KJ O'Brien,NJ O'Brien,JE Root,0,1,,,,1,,,,,
1029001,2017,2017-05-05,County Ground,1,25.6,Ireland,England,NJ O'Brien,KJ O'Brien,JE Root,1,0,,,,,,,,,
1029001,2017,2017-05-05,County Ground,1,26.1,Ireland,England,NJ O'Brien,KJ O'Brien,AU Rashid,0,0,,,,,,,,,
1029001,2017,2017-05-05,County Ground,1,26.2,Ireland,England,NJ O'Brien,KJ O'Brien,AU Rashid,1,0,,,,,,,,,
1029001,2017,2017-05-05,County Ground,1,26.3,Ireland,England,KJ O'Brien,NJ O'Brien,AU Rashid,0,0,,,,,,lbw,KJ O'Brien,,
1029001,2017,2017-05-05,County Ground,1,26.4,Ireland,England,SR Thompson,NJ O'Brien,AU Rashid,0,0,,,,,,,,,
1029001,2017,2017-05-05,County Ground,1,26.5,Ireland,England,SR Thompson,NJ O'Brien,AU Rashid,4,0,,,,,,,,,
1029001,2017,2017-05-05,County Ground,1,26.6,Ireland,England,SR Thompson,NJ O'Brien,AU Rashid,0,0,,,,,,bowled,SR Thompson,,
1029001,2017,2017-05-05,County Ground,1,27.1,Ireland,England,NJ O'Brien,GH Dockrell,JE Root,1,0,,,,,,,,,
1029001,2017,2017-05-05,County Ground,1,27.2,Ireland,England,GH Dockrell,NJ O'Brien,JE Root,0,0,,,,,,,,,
1029001,2017,2017-05-05,County Ground,1,27.3,Ireland,England,GH Dockrell,NJ O'Brien,JE Root,0,0,,,,,,,,,
1029001,2017,2017-05-05,County Ground,1,27.4,Ireland,England,GH Dockrell,NJ O'Brien,JE Root,0,0,,,,,,lbw,GH Dockrell,,
1029001,2017,2017-05-05,County Ground,1,27.5,Ireland,England,TJ Murtagh,NJ O'Brien,JE Root,0,0,,,,,,,,,
1029001,2017,2017-05-05,County Ground,1,27.6,Ireland,England,TJ Murtagh,NJ O'Brien,JE Root,0,0,,,,,,,,,
1029001,2017,2017-05-05,County Ground,1,28.1,Ireland,England,NJ O'Brien,TJ Murtagh,AU Rashid,0,0,,,,,,,,,
1029001,2017,2017-05-05,County Ground,1,28.2,Ireland,England,NJ O'Brien,TJ Murtagh,AU Rashid,0,0,,,,,,,,,
1029001,2017,2017-05-05,County Ground,1,28.3,Ireland,England,NJ O'Brien,TJ Murtagh,AU Rashid,0,0,,,,,,,,,
1029001,2017,2017-05-05,County Ground,1,28.4,Ireland,England,NJ O'Brien,TJ Murtagh,AU Rashid,1,0,,,,,,,,,
1029001,2017,2017-05-05,County Ground,1,28.5,Ireland,England,TJ Murtagh,NJ O'Brien,AU Rashid,0,0,,,,,,,,,
1029001,2017,2017-05-05,County Ground,1,28.6,Ireland,England,TJ Murtagh,NJ O'Brien,AU Rashid,0,0,,,,,,,,,
1029001,2017,2017-05-05,County Ground,1,29.1,Ireland,England,NJ O'Brien,TJ Murtagh,JE Root,0,0,,,,,,,,,
1029001,2017,2017-05-05,County Ground,1,29.2,Ireland,England,NJ O'Brien,TJ Murtagh,JE Root,0,0,,,,,,,,,
1029001,2017,2017-05-05,County Ground,1,29.3,Ireland,England,NJ O'Brien,TJ Murtagh,JE Root,1,0,,,,,,,,,
1029001,2017,2017-05-05,County Ground,1,29.4,Ireland,England,TJ Murtagh,NJ O'Brien,JE Root,0,0,,,,,,,,,
1029001,2017,2017-05-05,County Ground,1,29.5,Ireland,England,TJ Murtagh,NJ O'Brien,JE Root,0,0,,,,,,,,,
1029001,2017,2017-05-05,County Ground,1,29.6,Ireland,England,TJ Murtagh,NJ O'Brien,JE Root,0,0,,,,,,,,,
1029001,2017,2017-05-05,County Ground,1,30.1,Ireland,England,NJ O'Brien,TJ Murtagh,AU Rashid,1,0,,,,,,,,,
1029001,2017,2017-05-05,County Ground,1,30.2,Ireland,England,TJ Murtagh,NJ O'Brien,AU Rashid,1,0,,,,,,,,,
1029001,2017,2017-05-05,County Ground,1,30.3,Ireland,England,NJ O'Brien,TJ Murtagh,AU Rashid,0,0,,,,,,,,,
1029001,2017,2017-05-05,County Ground,1,30.4,Ireland,England,NJ O'Brien,TJ Murtagh,AU Rashid,1,0,,,,,,,,,
1029001,2017,2017-05-05,County Ground,1,30.5,Ireland,England,TJ Murtagh,NJ O'Brien,AU Rashid,1,0,,,,,,,,,
1029001,2017,2017-05-05,County Ground,1,30.6,Ireland,England,NJ O'Brien,TJ Murtagh,AU Rashid,0,0,,,,,,,,,
1029001,2017,2017-05-05,County Ground,1,31.1,Ireland,England,TJ Murtagh,NJ O'Brien,MA Wood,0,0,,,,,,,,,
1029001,2017,2017-05-05,County Ground,1,31.2,Ireland,England,TJ Murtagh,NJ O'Brien,MA Wood,1,0,,,,,,,,,
1029001,2017,2017-05-05,County Ground,1,31.3,Ireland,England,NJ O'Brien,TJ Murtagh,MA Wood,1,0,,,,,,,,,
1029001,2017,2017-05-05,County Ground,1,31.4,Ireland,England,TJ Murtagh,NJ O'Brien,MA Wood,0,0,,,,,,,,,
1029001,2017,2017-05-05,County Ground,1,31.5,Ireland,England,TJ Murtagh,NJ O'Brien,MA Wood,4,0,,,,,,,,,
1029001,2017,2017-05-05,County Ground,1,31.6,Ireland,England,TJ Murtagh,NJ O'Brien,MA Wood,0,0,,,,,,,,,
1029001,2017,2017-05-05,County Ground,1,32.1,Ireland,England,NJ O'Brien,TJ Murtagh,AU Rashid,0,0,,,,,,,,,
1029001,2017,2017-05-05,County Ground,1,32.2,Ireland,England,NJ O'Brien,TJ Murtagh,AU Rashid,0,0,,,,,,lbw,NJ O'Brien,,
1029001,2017,2017-05-05,County Ground,1,32.3,Ireland,England,PKD Chase,TJ Murtagh,AU Rashid,0,0,,,,,,,,,
1029001,2017,2017-05-05,County Ground,1,32.4,Ireland,England,PKD Chase,TJ Murtagh,AU Rashid,1,0,,,,,,,,,
1029001,2017,2017-05-05,County Ground,1,32.5,Ireland,England,TJ Murtagh,PKD Chase,AU Rashid,4,0,,,,,,,,,
1029001,2017,2017-05-05,County Ground,1,32.6,Ireland,England,TJ Murtagh,PKD Chase,AU Rashid,0,0,,,,,,caught,TJ Murtagh,,
1029001,2017,2017-05-05,County Ground,2,0.1,England,Ireland,JJ Roy,AD Hales,PKD Chase,0,1,,1,,,,,,,
1029001,2017,2017-05-05,County Ground,2,0.2,England,Ireland,JJ Roy,AD Hales,PKD Chase,0,0,,,,,,,,,
1029001,2017,2017-05-05,County Ground,2,0.3,England,Ireland,JJ Roy,AD Hales,PKD Chase,0,0,,,,,,,,,
1029001,2017,2017-05-05,County Ground,2,0.4,England,Ireland,JJ Roy,AD Hales,PKD Chase,0,0,,,,,,,,,
1029001,2017,2017-05-05,County Ground,2,0.5,England,Ireland,JJ Roy,AD Hales,PKD Chase,0,0,,,,,,caught,JJ Roy,,
1029001,2017,2017-05-05,County Ground,2,0.6,England,Ireland,JE Root,AD Hales,PKD Chase,0,0,,,,,,,,,
1029001,2017,2017-05-05,County Ground,2,0.7,England,Ireland,JE Root,AD Hales,PKD Chase,0,0,,,,,,,,,
1029001,2017,2017-05-05,County Ground,2,1.1,England,Ireland,AD Hales,JE Root,TJ Murtagh,0,0,,,,,,,,,
1029001,2017,2017-05-05,County Ground,2,1.2,England,Ireland,AD Hales,JE Root,TJ Murtagh,0,0,,,,,,,,,
1029001,2017,2017-05-05,County Ground,2,1.3,England,Ireland,AD Hales,JE Root,TJ Murtagh,0,0,,,,,,,,,
1029001,2017,2017-05-05,County Ground,2,1.4,England,Ireland,AD Hales,JE Root,TJ Murtagh,0,0,,,,,,,,,
1029001,2017,2017-05-05,County Ground,2,1.5,England,Ireland,AD Hales,JE Root,TJ Murtagh,4,0,,,,,,,,,
1029001,2017,2017-05-05,County Ground,2,1.6,England,Ireland,AD Hales,JE Root,TJ Murtagh,0,0,,,,,,,,,
1029001,2017,2017-05-05,County Ground,2,2.1,England,Ireland,JE Root,AD Hales,PKD Chase,0,0,,,,,,,,,
1029001,2017,2017-05-05,County Ground,2,2.2,England,Ireland,JE Root,AD Hales,PKD Chase,4,0,,,,,,,,,
1029001,2017,2017-05-05,County Ground,2,2.3,England,Ireland,JE Root,AD Hales,PKD Chase,0,0,,,,,,,,,
1029001,2017,2017-05-05,County Ground,2,2.4,England,Ireland,JE Root,AD Hales,PKD Chase,1,0,,,,,,,,,
1029001,2017,2017-05-05,County Ground,2,2.5,England,Ireland,AD Hales,JE Root,PKD Chase,4,0,,,,,,,,,
1029001,2017,2017-05-05,County Ground,2,2.6,England,Ireland,AD Hales,JE Root,PKD Chase,1,0,,,,,,,,,
1029001,2017,2017-05-05,County Ground,2,3.1,England,Ireland,AD Hales,JE Root,TJ Murtagh,0,0,,,,,,,,,
1029001,2017,2017-05-05,County Ground,2,3.2,England,Ireland,AD Hales,JE Root,TJ Murtagh,0,0,,,,,,,,,
1029001,2017,2017-05-05,County Ground,2,3.3,England,Ireland,AD Hales,JE Root,TJ Murtagh,1,0,,,,,,,,,
1029001,2017,2017-05-05,County Ground,2,3.4,England,Ireland,JE Root,AD Hales,TJ Murtagh,1,0,,,,,,,,,
1029001,2017,2017-05-05,County Ground,2,3.5,England,Ireland,AD Hales,JE Root,TJ Murtagh,0,0,,,,,,,,,
1029001,2017,2017-05-05,County Ground,2,3.6,England,Ireland,AD Hales,JE Root,TJ Murtagh,0,0,,,,,,,,,
1029001,2017,2017-05-05,County Ground,2,4.1,England,Ireland,JE Root,AD Hales,PKD Chase,4,0,,,,,,,,,
1029001,2017,2017-05-05,County Ground,2,4.2,England,Ireland,JE Root,AD Hales,PKD Chase,0,0,,,,,,,,,
1029001,2017,2017-05-05,County Ground,2,4.3,England,Ireland,JE Root,AD Hales,PKD Chase,0,0,,,,,,,,,
1029001,2017,2017-05-05,County Ground,2,4.4,England,Ireland,JE Root,AD Hales,PKD Chase,1,0,,,,,,,,,
1029001,2017,2017-05-05,County Ground,2,4.5,England,Ireland,AD Hales,JE Root,PKD Chase,0,0,,,,,,,,,
1029001,2017,2017-05-05,County Ground,2,4.6,England,Ireland,AD Hales,JE Root,PKD Chase,4,1,,1,,,,,,,
1029001,2017,2017-05-05,County Ground,2,4.7,England,Ireland,AD Hales,JE Root,PKD Chase,4,0,,,,,,,,,
1029001,2017,2017-05-05,County Ground,2,5.1,England,Ireland,JE Root,AD Hales,TJ Murtagh,0,0,,,,,,,,,
1029001,2017,2017-05-05,County Ground,2,5.2,England,Ireland,JE Root,AD Hales,TJ Murtagh,1,0,,,,,,,,,
1029001,2017,2017-05-05,County Ground,2,5.3,England,Ireland,AD Hales,JE Root,TJ Murtagh,4,0,,,,,,,,,
1029001,2017,2017-05-05,County Ground,2,5.4,England,Ireland,AD Hales,JE Root,TJ Murtagh,4,0,,,,,,,,,
1029001,2017,2017-05-05,County Ground,2,5.5,England,Ireland,AD Hales,JE Root,TJ Murtagh,2,0,,,,,,,,,
1029001,2017,2017-05-05,County Ground,2,5.6,England,Ireland,AD Hales,JE Root,TJ Murtagh,4,0,,,,,,,,,
1029001,2017,2017-05-05,County Ground,2,6.1,England,Ireland,JE Root,AD Hales,GH Dockrell,0,0,,,,,,,,,
1029001,2017,2017-05-05,County Ground,2,6.2,England,Ireland,JE Root,AD Hales,GH Dockrell,1,0,,,,,,,,,
1029001,2017,2017-05-05,County Ground,2,6.3,England,Ireland,AD Hales,JE Root,GH Dockrell,0,0,,,,,,,,,
1029001,2017,2017-05-05,County Ground,2,6.4,England,Ireland,AD Hales,JE Root,GH Dockrell,4,0,,,,,,,,,
1029001,2017,2017-05-05,County Ground,2,6.5,England,Ireland,AD Hales,JE Root,GH Dockrell,0,0,,,,,,,,,
1029001,2017,2017-05-05,County Ground,2,6.6,England,Ireland,AD Hales,JE Root,GH Dockrell,0,0,,,,,,,,,
1029001,2017,2017-05-05,County Ground,2,7.1,England,Ireland,JE Root,AD Hales,SR Thompson,0,0,,,,,,,,,
1029001,2017,2017-05-05,County Ground,2,7.2,England,Ireland,JE Root,AD Hales,SR Thompson,1,0,,,,,,,,,
1029001,2017,2017-05-05,County Ground,2,7.3,England,Ireland,AD Hales,JE Root,SR Thompson,1,0,,,,,,,,,
1029001,2017,2017-05-05,County Ground,2,7.4,England,Ireland,JE Root,AD Hales,SR Thompson,1,0,,,,,,,,,
1029001,2017,2017-05-05,County Ground,2,7.5,England,Ireland,AD Hales,JE Root,SR Thompson,1,0,,,,,,,,,
1029001,2017,2017-05-05,County Ground,2,7.6,England,Ireland,JE Root,AD Hales,SR Thompson,0,0,,,,,,,,,
1029001,2017,2017-05-05,County Ground,2,8.1,England,Ireland,AD Hales,JE Root,GH Dockrell,0,0,,,,,,,,,
1029001,2017,2017-05-05,County Ground,2,8.2,England,Ireland,AD Hales,JE Root,GH Dockrell,4,0,,,,,,,,,
1029001,2017,2017-05-05,County Ground,2,8.3,England,Ireland,AD Hales,JE Root,GH Dockrell,1,0,,,,,,,,,
1029001,2017,2017-05-05,County Ground,2,8.4,England,Ireland,JE Root,AD Hales,GH Dockrell,0,0,,,,,,,,,
1029001,2017,2017-05-05,County Ground,2,8.5,England,Ireland,JE Root,AD Hales,GH Dockrell,0,0,,,,,,,,,
1029001,2017,2017-05-05,County Ground,2,8.6,England,Ireland,JE Root,AD Hales,GH Dockrell,1,0,,,,,,,,,
1029001,2017,2017-05-05,County Ground,2,9.1,England,Ireland,JE Root,AD Hales,SR Thompson,4,0,,,,,,,,,
1029001,2017,2017-05-05,County Ground,2,9.2,England,Ireland,JE Root,AD Hales,SR Thompson,1,0,,,,,,,,,
1029001,2017,2017-05-05,County Ground,2,9.3,England,Ireland,AD Hales,JE Root,SR Thompson,2,0,,,,,,,,,
1029001,2017,2017-05-05,County Ground,2,9.4,England,Ireland,AD Hales,JE Root,SR Thompson,0,0,,,,,,,,,
1029001,2017,2017-05-05,County Ground,2,9.5,England,Ireland,AD Hales,JE Root,SR Thompson,1,0,,,,,,,,,
1029001,2017,2017-05-05,County Ground,2,9.6,England,Ireland,JE Root,AD Hales,SR Thompson,0,0,,,,,,,,,
1029001,2017,2017-05-05,County Ground,2,10.1,England,Ireland,AD Hales,JE Root,GH Dockrell,4,0,,,,,,,,,
1029001,2017,2017-05-05,County Ground,2,10.2,England,Ireland,AD Hales,JE Root,GH Dockrell,2,0,,,,,,,,,
1029001,2017,2017-05-05,County Ground,2,10.3,England,Ireland,AD Hales,JE Root,GH Dockrell,2,0,,,,,,,,,
1029001,2017,2017-05-05,County Ground,2,10.4,England,Ireland,AD Hales,JE Root,GH Dockrell,1,0,,,,,,,,,
1029001,2017,2017-05-05,County Ground,2,10.5,England,Ireland,JE Root,AD Hales,GH Dockrell,0,0,,,,,,,,,
1029001,2017,2017-05-05,County Ground,2,10.6,England,Ireland,JE Root,AD Hales,GH Dockrell,0,0,,,,,,,,,
1029001,2017,2017-05-05,County Ground,2,11.1,England,Ireland,AD Hales,JE Root,PKD Chase,0,0,,,,,,,,,
1029001,2017,2017-05-05,County Ground,2,11.2,England,Ireland,AD Hales,JE Root,PKD Chase,0,0,,,,,,,,,
1029001,2017,2017-05-05,County Ground,2,11.3,England,Ireland,AD Hales,JE Root,PKD Chase,0,0,,,,,,caught,AD Hales,,
1029001,2017,2017-05-05,County Ground,2,11.4,England,Ireland,JE Root,EJG Morgan,PKD Chase,0,0,,,,,,,,,
1029001,2017,2017-05-05,County Ground,2,11.5,England,Ireland,JE Root,EJG Morgan,PKD Chase,0,0,,,,,,,,,
1029001,2017,2017-05-05,County Ground,2,11.6,England,Ireland,JE Root,EJG Morgan,PKD Chase,4,0,,,,,,,,,
1029001,2017,2017-05-05,County Ground,2,12.1,England,Ireland,EJG Morgan,JE Root,TJ Murtagh,0,0,,,,,,,,,
1029001,2017,2017-05-05,County Ground,2,12.2,England,Ireland,EJG Morgan,JE Root,TJ Murtagh,0,0,,,,,,,,,
1029001,2017,2017-05-05,County Ground,2,12.3,England,Ireland,EJG Morgan,JE Root,TJ Murtagh,4,0,,,,,,,,,
1029001,2017,2017-05-05,County Ground,2,12.4,England,Ireland,EJG Morgan,JE Root,TJ Murtagh,0,0,,,,,,,,,
1029001,2017,2017-05-05,County Ground,2,12.5,England,Ireland,EJG Morgan,JE Root,TJ Murtagh,0,0,,,,,,,,,
1029001,2017,2017-05-05,County Ground,2,12.6,England,Ireland,EJG Morgan,JE Root,TJ Murtagh,1,0,,,,,,,,,
1029001,2017,2017-05-05,County Ground,2,13.1,England,Ireland,EJG Morgan,JE Root,PKD Chase,0,0,,,,,,,,,
1029001,2017,2017-05-05,County Ground,2,13.2,England,Ireland,EJG Morgan,JE Root,PKD Chase,0,0,,,,,,,,,
1029001,2017,2017-05-05,County Ground,2,13.3,England,Ireland,EJG Morgan,JE Root,PKD Chase,1,0,,,,,,,,,
1029001,2017,2017-05-05,County Ground,2,13.4,England,Ireland,JE Root,EJG Morgan,PKD Chase,0,0,,,,,,,,,
1029001,2017,2017-05-05,County Ground,2,13.5,England,Ireland,JE Root,EJG Morgan,PKD Chase,0,0,,,,,,,,,
1029001,2017,2017-05-05,County Ground,2,13.6,England,Ireland,JE Root,EJG Morgan,PKD Chase,1,0,,,,,,,,,
1029001,2017,2017-05-05,County Ground,2,14.1,England,Ireland,JE Root,EJG Morgan,TJ Murtagh,0,0,,,,,,,,,
1029001,2017,2017-05-05,County Ground,2,14.2,England,Ireland,JE Root,EJG Morgan,TJ Murtagh,2,0,,,,,,,,,
1029001,2017,2017-05-05,County Ground,2,14.3,England,Ireland,JE Root,EJG Morgan,TJ Murtagh,0,0,,,,,,,,,
1029001,2017,2017-05-05,County Ground,2,14.4,England,Ireland,JE Root,EJG Morgan,TJ Murtagh,1,0,,,,,,,,,
1029001,2017,2017-05-05,County Ground,2,14.5,England,Ireland,EJG Morgan,JE Root,TJ Murtagh,4,0,,,,,,,,,
1029001,2017,2017-05-05,County Ground,2,14.6,England,Ireland,EJG Morgan,JE Root,TJ Murtagh,0,0,,,,,,,,,
1029001,2017,2017-05-05,County Ground,2,15.1,England,Ireland,JE Root,EJG Morgan,PKD Chase,2,0,,,,,,,,,
1029001,2017,2017-05-05,County Ground,2,15.2,England,Ireland,JE Root,EJG Morgan,PKD Chase,1,0,,,,,,,,,
1029001,2017,2017-05-05,County Ground,2,15.3,England,Ireland,EJG Morgan,JE Root,PKD Chase,0,0,,,,,,caught,EJG Morgan,,
1029001,2017,2017-05-05,County Ground,2,15.4,England,Ireland,JM Bairstow,JE Root,PKD Chase,0,0,,,,,,,,,
1029001,2017,2017-05-05,County Ground,2,15.5,England,Ireland,JM Bairstow,JE Root,PKD Chase,0,0,,,,,,,,,
1029001,2017,2017-05-05,County Ground,2,15.6,England,Ireland,JM Bairstow,JE Root,PKD Chase,0,0,,,,,,,,,
1029001,2017,2017-05-05,County Ground,2,16.1,England,Ireland,JE Root,JM Bairstow,TJ Murtagh,0,0,,,,,,,,,
1029001,2017,2017-05-05,County Ground,2,16.2,England,Ireland,JE Root,JM Bairstow,TJ Murtagh,0,0,,,,,,,,,
1029001,2017,2017-05-05,County Ground,2,16.3,England,Ireland,JE Root,JM Bairstow,TJ Murtagh,0,0,,,,,,,,,
1029001,2017,2017-05-05,County Ground,2,16.4,England,Ireland,JE Root,JM Bairstow,TJ Murtagh,0,0,,,,,,,,,
1029001,2017,2017-05-05,County Ground,2,16.5,England,Ireland,JE Root,JM Bairstow,TJ Murtagh,0,0,,,,,,,,,
1029001,2017,2017-05-05,County Ground,2,16.6,England,Ireland,JE Root,JM Bairstow,TJ Murtagh,0,0,,,,,,,,,
1029001,2017,2017-05-05,County Ground,2,17.1,England,Ireland,JM Bairstow,JE Root,PKD Chase,0,0,,,,,,,,,
1029001,2017,2017-05-05,County Ground,2,17.2,England,Ireland,JM Bairstow,JE Root,PKD Chase,1,0,,,,,,,,,
1029001,2017,2017-05-05,County Ground,2,17.3,England,Ireland,JE Root,JM Bairstow,PKD Chase,4,0,,,,,,,,,
1029001,2017,2017-05-05,County Ground,2,17.4,England,Ireland,JE Root,JM Bairstow,PKD Chase,1,0,,,,,,,,,
1029001,2017,2017-05-05,County Ground,2,17.5,England,Ireland,JM Bairstow,JE Root,PKD Chase,0,0,,,,,,,,,
1029001,2017,2017-05-05,County Ground,2,17.6,England,Ireland,JM Bairstow,JE Root,PKD Chase,1,0,,,,,,,,,
1029001,2017,2017-05-05,County Ground,2,18.1,England,Ireland,JM Bairstow,JE Root,SR Thompson,1,0,,,,,,,,,
1029001,2017,2017-05-05,County Ground,2,18.2,England,Ireland,JE Root,JM Bairstow,SR Thompson,4,0,,,,,,,,,
1029001,2017,2017-05-05,County Ground,2,18.3,England,Ireland,JE Root,JM Bairstow,SR Thompson,3,0,,,,,,,,,
1029001,2017,2017-05-05,County Ground,2,18.4,England,Ireland,JM Bairstow,JE Root,SR Thompson,4,0,,,,,,,,,
1029001,2017,2017-05-05,County Ground,2,18.5,England,Ireland,JM Bairstow,JE Root,SR Thompson,0,1,,1,,,,,,,
1029001,2017,2017-05-05,County Ground,2,18.6,England,Ireland,JM Bairstow,JE Root,SR Thompson,1,0,,,,,,,,,
1029001,2017,2017-05-05,County Ground,2,18.7,England,Ireland,JE Root,JM Bairstow,SR Thompson,4,0,,,,,,,,,
1029001,2017,2017-05-05,County Ground,2,19.1,England,Ireland,JM Bairstow,JE Root,PKD Chase,1,0,,,,,,,,,
1029001,2017,2017-05-05,County Ground,2,19.2,England,Ireland,JE Root,JM Bairstow,PKD Chase,0,0,,,,,,,,,
1029001,2017,2017-05-05,County Ground,2,19.3,England,Ireland,JE Root,JM Bairstow,PKD Chase,1,0,,,,,,,,,
1029001,2017,2017-05-05,County Ground,2,19.4,England,Ireland,JM Bairstow,JE Root,PKD Chase,0,0,,,,,,,,,
1029001,2017,2017-05-05,County Ground,2,19.5,England,Ireland,JM Bairstow,JE Root,PKD Chase,0,0,,,,,,,,,
1029001,2017,2017-05-05,County Ground,2,19.6,England,Ireland,JM Bairstow,JE Root,PKD Chase,1,0,,,,,,,,,
