version,2.1.0
info,balls_per_over,6
info,team,Bangladesh
info,team,England
info,gender,male
info,season,2016/17
info,date,2016/10/07
info,event,England in Bangladesh ODI Series
info,match_number,1
info,venue,Shere Bangla National Stadium
info,city,Mirpur
info,toss_winner,England
info,toss_decision,bat
info,player_of_match,JT Ball
info,umpire,M Erasmus
info,umpire,Sharfuddoula
info,reserve_umpire,Anisur Rahman
info,tv_umpire,Aleem Dar
info,match_referee,J Srinath
info,winner,England
info,winner_runs,21
info,player,Bangladesh,Tamim Iqbal
info,player,Bangladesh,Imrul Kayes
info,player,Bangladesh,Sabbir Rahman
info,player,Bangladesh,Mahmudullah
info,player,Bangladesh,Mushfiqur Rahim
info,player,Bangladesh,Shakib Al Hasan
info,player,Bangladesh,Mosaddek Hossain
info,player,Bangladesh,Mashrafe Mortaza
info,player,Bangladesh,Mosharraf Hossain
info,player,Bangladesh,Shafiul Islam
info,player,Bangladesh,Taskin Ahmed
info,player,England,JJ Roy
info,player,England,JM Vince
info,player,England,BM Duckett
info,player,England,JM Bairstow
info,player,England,BA Stokes
info,player,England,JC Buttler
info,player,England,MM Ali
info,player,England,CR Woakes
info,player,England,DJ Willey
info,player,England,AU Rashid
info,player,England,JT Ball
info,registry,people,AU Rashid,249d60c9
info,registry,people,Aleem Dar,f02778d1
info,registry,people,Anisur Rahman,affbf093
info,registry,people,BA Stokes,e087956b
info,registry,people,BM Duckett,5f26f677
info,registry,people,CR Woakes,4c5d73db
info,registry,people,DJ Willey,7f048519
info,registry,people,Imrul Kayes,5fbe14fc
info,registry,people,J Srinath,bad31fac
info,registry,people,JC Buttler,99b75528
info,registry,people,JJ Roy,d1c36f5c
info,registry,people,JM Bairstow,abb83e27
info,registry,people,JM Vince,a15618fe
info,registry,people,JT Ball,3d0ed2f9
info,registry,people,M Erasmus,15d3c895
info,registry,people,MM Ali,bb351c23
info,registry,people,Mahmudullah,bf1d7d3e
info,registry,people,Mashrafe Mortaza,e186f49c
info,registry,people,Mosaddek Hossain,8919756f
info,registry,people,Mosharraf Hossain,8eb611d0
info,registry,people,Mushfiqur Rahim,a94e08ea
info,registry,people,SW Billings,c16d4035
info,registry,people,Sabbir Rahman,7147f314
info,registry,people,Shafiul Islam,1a8eebbe
info,registry,people,Shakib Al Hasan,7dc35884
info,registry,people,Sharfuddoula,63896abb
info,registry,people,Tamim Iqbal,3b041a12
info,registry,people,Taskin Ahmed,ef18b66e
