match_id,season,start_date,venue,innings,ball,batting_team,bowling_team,striker,non_striker,bowler,runs_off_bat,extras,wides,noballs,byes,legbyes,penalty,wicket_type,player_dismissed,other_wicket_type,other_player_dismissed
1030225,2016/17,2016-10-26,JSCA International Stadium Complex,1,0.1,New Zealand,India,MJ Guptill,TWM Latham,UT Yadav,0,0,,,,,,,,,
1030225,2016/17,2016-10-26,JSCA International Stadium Complex,1,0.2,New Zealand,India,MJ Guptill,TWM Latham,UT Yadav,0,0,,,,,,,,,
1030225,2016/17,2016-10-26,JSCA International Stadium Complex,1,0.3,New Zealand,India,MJ Guptill,TWM Latham,UT Yadav,0,0,,,,,,,,,
1030225,2016/17,2016-10-26,JSCA International Stadium Complex,1,0.4,New Zealand,India,MJ Guptill,TWM Latham,UT Yadav,0,0,,,,,,,,,
1030225,2016/17,2016-10-26,JSCA International Stadium Complex,1,0.5,New Zealand,India,MJ Guptill,TWM Latham,UT Yadav,0,0,,,,,,,,,
1030225,2016/17,2016-10-26,JSCA International Stadium Complex,1,0.6,New Zealand,India,MJ Guptill,TWM Latham,UT Yadav,0,0,,,,,,,,,
1030225,2016/17,2016-10-26,JSCA International Stadium Complex,1,1.1,New Zealand,India,TWM Latham,MJ Guptill,DS Kulkarni,3,0,,,,,,,,,
1030225,2016/17,2016-10-26,JSCA International Stadium Complex,1,1.2,New Zealand,India,MJ Guptill,TWM Latham,DS Kulkarni,4,0,,,,,,,,,
1030225,2016/17,2016-10-26,JSCA International Stadium Complex,1,1.3,New Zealand,India,MJ Guptill,TWM Latham,DS Kulkarni,0,0,,,,,,,,,
1030225,2016/17,2016-10-26,JSCA International Stadium Complex,1,1.4,New Zealand,India,MJ Guptill,TWM Latham,DS Kulkarni,4,0,,,,,,,,,
1030225,2016/17,2016-10-26,JSCA International Stadium Complex,1,1.5,New Zealand,India,MJ Guptill,TWM Latham,DS Kulkarni,4,0,,,,,,,,,
1030225,2016/17,2016-10-26,JSCA International Stadium Complex,1,1.6,New Zealand,India,MJ Guptill,TWM Latham,DS Kulkarni,1,0,,,,,,,,,
1030225,2016/17,2016-10-26,JSCA International Stadium Complex,1,2.1,New Zealand,India,MJ Guptill,TWM Latham,UT Yadav,0,0,,,,,,,,,
1030225,2016/17,2016-10-26,JSCA International Stadium Complex,1,2.2,New Zealand,India,MJ Guptill,TWM Latham,UT Yadav,0,0,,,,,,,,,
1030225,2016/17,2016-10-26,JSCA International Stadium Complex,1,2.3,New Zealand,India,MJ Guptill,TWM Latham,UT Yadav,0,0,,,,,,,,,
1030225,2016/17,2016-10-26,JSCA International Stadium Complex,1,2.4,New Zealand,India,MJ Guptill,TWM Latham,UT Yadav,2,0,,,,,,,,,
1030225,2016/17,2016-10-26,JSCA International Stadium Complex,1,2.5,New Zealand,India,MJ Guptill,TWM Latham,UT Yadav,2,0,,,,,,,,,
1030225,2016/17,2016-10-26,JSCA International Stadium Complex,1,2.6,New Zealand,India,MJ Guptill,TWM Latham,UT Yadav,4,0,,,,,,,,,
1030225,2016/17,2016-10-26,JSCA International Stadium Complex,1,3.1,New Zealand,India,TWM Latham,MJ Guptill,DS Kulkarni,4,0,,,,,,,,,
1030225,2016/17,2016-10-26,JSCA International Stadium Complex,1,3.2,New Zealand,India,TWM Latham,MJ Guptill,DS Kulkarni,0,0,,,,,,,,,
1030225,2016/17,2016-10-26,JSCA International Stadium Complex,1,3.3,New Zealand,India,TWM Latham,MJ Guptill,DS Kulkarni,0,0,,,,,,,,,
1030225,2016/17,2016-10-26,JSCA International Stadium Complex,1,3.4,New Zealand,India,TWM Latham,MJ Guptill,DS Kulkarni,0,0,,,,,,,,,
1030225,2016/17,2016-10-26,JSCA International Stadium Complex,1,3.5,New Zealand,India,TWM Latham,MJ Guptill,DS Kulkarni,4,0,,,,,,,,,
1030225,2016/17,2016-10-26,JSCA International Stadium Complex,1,3.6,New Zealand,India,TWM Latham,MJ Guptill,DS Kulkarni,0,0,,,,,,,,,
1030225,2016/17,2016-10-26,JSCA International Stadium Complex,1,4.1,New Zealand,India,MJ Guptill,TWM Latham,UT Yadav,4,0,,,,,,,,,
1030225,2016/17,2016-10-26,JSCA International Stadium Complex,1,4.2,New Zealand,India,MJ Guptill,TWM Latham,UT Yadav,1,0,,,,,,,,,
1030225,2016/17,2016-10-26,JSCA International Stadium Complex,1,4.3,New Zealand,India,TWM Latham,MJ Guptill,UT Yadav,0,1,1,,,,,,,,
1030225,2016/17,2016-10-26,JSCA International Stadium Complex,1,4.4,New Zealand,India,TWM Latham,MJ Guptill,UT Yadav,1,0,,,,,,,,,
1030225,2016/17,2016-10-26,JSCA International Stadium Complex,1,4.5,New Zealand,India,MJ Guptill,TWM Latham,UT Yadav,1,0,,,,,,,,,
1030225,2016/17,2016-10-26,JSCA International Stadium Complex,1,4.6,New Zealand,India,TWM Latham,MJ Guptill,UT Yadav,0,2,,,,2,,,,,
1030225,2016/17,2016-10-26,JSCA International Stadium Complex,1,4.7,New Zealand,India,TWM Latham,MJ Guptill,UT Yadav,0,0,,,,,,,,,
1030225,2016/17,2016-10-26,JSCA International Stadium Complex,1,5.1,New Zealand,India,MJ Guptill,TWM Latham,DS Kulkarni,1,0,,,,,,,,,
1030225,2016/17,2016-10-26,JSCA International Stadium Complex,1,5.2,New Zealand,India,TWM Latham,MJ Guptill,DS Kulkarni,0,0,,,,,,,,,
1030225,2016/17,2016-10-26,JSCA International Stadium Complex,1,5.3,New Zealand,India,TWM Latham,MJ Guptill,DS Kulkarni,1,0,,,,,,,,,
1030225,2016/17,2016-10-26,JSCA International Stadium Complex,1,5.4,New Zealand,India,MJ Guptill,TWM Latham,DS Kulkarni,1,0,,,,,,,,,
1030225,2016/17,2016-10-26,JSCA International Stadium Complex,1,5.5,New Zealand,India,TWM Latham,MJ Guptill,DS Kulkarni,1,0,,,,,,,,,
1030225,2016/17,2016-10-26,JSCA International Stadium Complex,1,5.6,New Zealand,India,MJ Guptill,TWM Latham,DS Kulkarni,0,0,,,,,,,,,
1030225,2016/17,2016-10-26,JSCA International Stadium Complex,1,6.1,New Zealand,India,TWM Latham,MJ Guptill,UT Yadav,0,0,,,,,,,,,
1030225,2016/17,2016-10-26,JSCA International Stadium Complex,1,6.2,New Zealand,India,TWM Latham,MJ Guptill,UT Yadav,1,0,,,,,,,,,
1030225,2016/17,2016-10-26,JSCA International Stadium Complex,1,6.3,New Zealand,India,MJ Guptill,TWM Latham,UT Yadav,0,0,,,,,,,,,
1030225,2016/17,2016-10-26,JSCA International Stadium Complex,1,6.4,New Zealand,India,MJ Guptill,TWM Latham,UT Yadav,1,0,,,,,,,,,
1030225,2016/17,2016-10-26,JSCA International Stadium Complex,1,6.5,New Zealand,India,TWM Latham,MJ Guptill,UT Yadav,0,0,,,,,,,,,
1030225,2016/17,2016-10-26,JSCA International Stadium Complex,1,6.6,New Zealand,India,TWM Latham,MJ Guptill,UT Yadav,1,0,,,,,,,,,
1030225,2016/17,2016-10-26,JSCA International Stadium Complex,1,7.1,New Zealand,India,TWM Latham,MJ Guptill,DS Kulkarni,2,0,,,,,,,,,
1030225,2016/17,2016-10-26,JSCA International Stadium Complex,1,7.2,New Zealand,India,TWM Latham,MJ Guptill,DS Kulkarni,1,0,,,,,,,,,
1030225,2016/17,2016-10-26,JSCA International Stadium Complex,1,7.3,New Zealand,India,MJ Guptill,TWM Latham,DS Kulkarni,1,0,,,,,,,,,
1030225,2016/17,2016-10-26,JSCA International Stadium Complex,1,7.4,New Zealand,India,TWM Latham,MJ Guptill,DS Kulkarni,0,0,,,,,,,,,
1030225,2016/17,2016-10-26,JSCA International Stadium Complex,1,7.5,New Zealand,India,TWM Latham,MJ Guptill,DS Kulkarni,4,0,,,,,,,,,
1030225,2016/17,2016-10-26,JSCA International Stadium Complex,1,7.6,New Zealand,India,TWM Latham,MJ Guptill,DS Kulkarni,1,0,,,,,,,,,
1030225,2016/17,2016-10-26,JSCA International Stadium Complex,1,8.1,New Zealand,India,TWM Latham,MJ Guptill,UT Yadav,0,0,,,,,,,,,
1030225,2016/17,2016-10-26,JSCA International Stadium Complex,1,8.2,New Zealand,India,TWM Latham,MJ Guptill,UT Yadav,1,0,,,,,,,,,
1030225,2016/17,2016-10-26,JSCA International Stadium Complex,1,8.3,New Zealand,India,MJ Guptill,TWM Latham,UT Yadav,0,0,,,,,,,,,
1030225,2016/17,2016-10-26,JSCA International Stadium Complex,1,8.4,New Zealand,India,MJ Guptill,TWM Latham,UT Yadav,0,0,,,,,,,,,
1030225,2016/17,2016-10-26,JSCA International Stadium Complex,1,8.5,New Zealand,India,MJ Guptill,TWM Latham,UT Yadav,0,1,1,,,,,,,,
1030225,2016/17,2016-10-26,JSCA International Stadium Complex,1,8.6,New Zealand,India,MJ Guptill,TWM Latham,UT Yadav,4,0,,,,,,,,,
1030225,2016/17,2016-10-26,JSCA International Stadium Complex,1,8.7,New Zealand,India,MJ Guptill,TWM Latham,UT Yadav,4,0,,,,,,,,,
1030225,2016/17,2016-10-26,JSCA International Stadium Complex,1,9.1,New Zealand,India,TWM Latham,MJ Guptill,HH Pandya,4,0,,,,,,,,,
1030225,2016/17,2016-10-26,JSCA International Stadium Complex,1,9.2,New Zealand,India,TWM Latham,MJ Guptill,HH Pandya,1,0,,,,,,,,,
1030225,2016/17,2016-10-26,JSCA International Stadium Complex,1,9.3,New Zealand,India,MJ Guptill,TWM Latham,HH Pandya,0,1,1,,,,,,,,
1030225,2016/17,2016-10-26,JSCA International Stadium Complex,1,9.4,New Zealand,India,MJ Guptill,TWM Latham,HH Pandya,0,1,1,,,,,,,,
1030225,2016/17,2016-10-26,JSCA International Stadium Complex,1,9.5,New Zealand,India,MJ Guptill,TWM Latham,HH Pandya,0,1,1,,,,,,,,
1030225,2016/17,2016-10-26,JSCA International Stadium Complex,1,9.6,New Zealand,India,MJ Guptill,TWM Latham,HH Pandya,0,0,,,,,,,,,
1030225,2016/17,2016-10-26,JSCA International Stadium Complex,1,9.7,New Zealand,India,MJ Guptill,TWM Latham,HH Pandya,0,0,,,,,,,,,
1030225,2016/17,2016-10-26,JSCA International Stadium Complex,1,9.8,New Zealand,India,MJ Guptill,TWM Latham,HH Pandya,4,0,,,,,,,,,
1030225,2016/17,2016-10-26,JSCA International Stadium Complex,1,9.9,New Zealand,India,MJ Guptill,TWM Latham,HH Pandya,0,0,,,,,,,,,
1030225,2016/17,2016-10-26,JSCA International Stadium Complex,1,10.1,New Zealand,India,TWM Latham,MJ Guptill,A Mishra,0,1,1,,,,,,,,
1030225,2016/17,2016-10-26,JSCA International Stadium Complex,1,10.2,New Zealand,India,TWM Latham,MJ Guptill,A Mishra,0,0,,,,,,,,,
1030225,2016/17,2016-10-26,JSCA International Stadium Complex,1,10.3,New Zealand,India,TWM Latham,MJ Guptill,A Mishra,1,0,,,,,,,,,
1030225,2016/17,2016-10-26,JSCA International Stadium Complex,1,10.4,New Zealand,India,MJ Guptill,TWM Latham,A Mishra,0,0,,,,,,,,,
1030225,2016/17,2016-10-26,JSCA International Stadium Complex,1,10.5,New Zealand,India,MJ Guptill,TWM Latham,A Mishra,0,0,,,,,,,,,
1030225,2016/17,2016-10-26,JSCA International Stadium Complex,1,10.6,New Zealand,India,MJ Guptill,TWM Latham,A Mishra,0,0,,,,,,,,,
1030225,2016/17,2016-10-26,JSCA International Stadium Complex,1,10.7,New Zealand,India,MJ Guptill,TWM Latham,A Mishra,0,0,,,,,,,,,
1030225,2016/17,2016-10-26,JSCA International Stadium Complex,1,11.1,New Zealand,India,TWM Latham,MJ Guptill,AR Patel,1,0,,,,,,,,,
1030225,2016/17,2016-10-26,JSCA International Stadium Complex,1,11.2,New Zealand,India,MJ Guptill,TWM Latham,AR Patel,0,0,,,,,,,,,
1030225,2016/17,2016-10-26,JSCA International Stadium Complex,1,11.3,New Zealand,India,MJ Guptill,TWM Latham,AR Patel,0,0,,,,,,,,,
1030225,2016/17,2016-10-26,JSCA International Stadium Complex,1,11.4,New Zealand,India,MJ Guptill,TWM Latham,AR Patel,0,0,,,,,,,,,
1030225,2016/17,2016-10-26,JSCA International Stadium Complex,1,11.5,New Zealand,India,MJ Guptill,TWM Latham,AR Patel,0,0,,,,,,,,,
1030225,2016/17,2016-10-26,JSCA International Stadium Complex,1,11.6,New Zealand,India,MJ Guptill,TWM Latham,AR Patel,0,1,,,,1,,,,,
1030225,2016/17,2016-10-26,JSCA International Stadium Complex,1,12.1,New Zealand,India,MJ Guptill,TWM Latham,A Mishra,0,0,,,,,,,,,
1030225,2016/17,2016-10-26,JSCA International Stadium Complex,1,12.2,New Zealand,India,MJ Guptill,TWM Latham,A Mishra,0,0,,,,,,,,,
1030225,2016/17,2016-10-26,JSCA International Stadium Complex,1,12.3,New Zealand,India,MJ Guptill,TWM Latham,A Mishra,1,0,,,,,,,,,
1030225,2016/17,2016-10-26,JSCA International Stadium Complex,1,12.4,New Zealand,India,TWM Latham,MJ Guptill,A Mishra,1,0,,,,,,,,,
1030225,2016/17,2016-10-26,JSCA International Stadium Complex,1,12.5,New Zealand,India,MJ Guptill,TWM Latham,A Mishra,1,0,,,,,,,,,
1030225,2016/17,2016-10-26,JSCA International Stadium Complex,1,12.6,New Zealand,India,TWM Latham,MJ Guptill,A Mishra,0,0,,,,,,,,,
1030225,2016/17,2016-10-26,JSCA International Stadium Complex,1,13.1,New Zealand,India,MJ Guptill,TWM Latham,AR Patel,0,0,,,,,,,,,
1030225,2016/17,2016-10-26,JSCA International Stadium Complex,1,13.2,New Zealand,India,MJ Guptill,TWM Latham,AR Patel,1,0,,,,,,,,,
1030225,2016/17,2016-10-26,JSCA International Stadium Complex,1,13.3,New Zealand,India,TWM Latham,MJ Guptill,AR Patel,0,0,,,,,,,,,
1030225,2016/17,2016-10-26,JSCA International Stadium Complex,1,13.4,New Zealand,India,TWM Latham,MJ Guptill,AR Patel,2,0,,,,,,,,,
1030225,2016/17,2016-10-26,JSCA International Stadium Complex,1,13.5,New Zealand,India,TWM Latham,MJ Guptill,AR Patel,0,0,,,,,,,,,
1030225,2016/17,2016-10-26,JSCA International Stadium Complex,1,13.6,New Zealand,India,TWM Latham,MJ Guptill,AR Patel,0,0,,,,,,,,,
1030225,2016/17,2016-10-26,JSCA International Stadium Complex,1,14.1,New Zealand,India,MJ Guptill,TWM Latham,A Mishra,1,0,,,,,,,,,
1030225,2016/17,2016-10-26,JSCA International Stadium Complex,1,14.2,New Zealand,India,TWM Latham,MJ Guptill,A Mishra,1,0,,,,,,,,,
1030225,2016/17,2016-10-26,JSCA International Stadium Complex,1,14.3,New Zealand,India,MJ Guptill,TWM Latham,A Mishra,1,0,,,,,,,,,
1030225,2016/17,2016-10-26,JSCA International Stadium Complex,1,14.4,New Zealand,India,TWM Latham,MJ Guptill,A Mishra,1,0,,,,,,,,,
1030225,2016/17,2016-10-26,JSCA International Stadium Complex,1,14.5,New Zealand,India,MJ Guptill,TWM Latham,A Mishra,0,0,,,,,,,,,
1030225,2016/17,2016-10-26,JSCA International Stadium Complex,1,14.6,New Zealand,India,MJ Guptill,TWM Latham,A Mishra,0,0,,,,,,,,,
1030225,2016/17,2016-10-26,JSCA International Stadium Complex,1,15.1,New Zealand,India,TWM Latham,MJ Guptill,AR Patel,2,0,,,,,,,,,
1030225,2016/17,2016-10-26,JSCA International Stadium Complex,1,15.2,New Zealand,India,TWM Latham,MJ Guptill,AR Patel,0,0,,,,,,,,,
1030225,2016/17,2016-10-26,JSCA International Stadium Complex,1,15.3,New Zealand,India,TWM Latham,MJ Guptill,AR Patel,0,0,,,,,,caught,TWM Latham,,
1030225,2016/17,2016-10-26,JSCA International Stadium Complex,1,15.4,New Zealand,India,MJ Guptill,KS Williamson,AR Patel,0,0,,,,,,,,,
1030225,2016/17,2016-10-26,JSCA International Stadium Complex,1,15.5,New Zealand,India,MJ Guptill,KS Williamson,AR Patel,1,0,,,,,,,,,
1030225,2016/17,2016-10-26,JSCA International Stadium Complex,1,15.6,New Zealand,India,KS Williamson,MJ Guptill,AR Patel,0,0,,,,,,,,,
1030225,2016/17,2016-10-26,JSCA International Stadium Complex,1,16.1,New Zealand,India,MJ Guptill,KS Williamson,KM Jadhav,1,0,,,,,,,,,
1030225,2016/17,2016-10-26,JSCA International Stadium Complex,1,16.2,New Zealand,India,KS Williamson,MJ Guptill,KM Jadhav,0,0,,,,,,,,,
1030225,2016/17,2016-10-26,JSCA International Stadium Complex,1,16.3,New Zealand,India,KS Williamson,MJ Guptill,KM Jadhav,0,0,,,,,,,,,
1030225,2016/17,2016-10-26,JSCA International Stadium Complex,1,16.4,New Zealand,India,KS Williamson,MJ Guptill,KM Jadhav,0,0,,,,,,,,,
1030225,2016/17,2016-10-26,JSCA International Stadium Complex,1,16.5,New Zealand,India,KS Williamson,MJ Guptill,KM Jadhav,0,0,,,,,,,,,
1030225,2016/17,2016-10-26,JSCA International Stadium Complex,1,16.6,New Zealand,India,KS Williamson,MJ Guptill,KM Jadhav,1,0,,,,,,,,,
1030225,2016/17,2016-10-26,JSCA International Stadium Complex,1,17.1,New Zealand,India,KS Williamson,MJ Guptill,AR Patel,0,0,,,,,,,,,
1030225,2016/17,2016-10-26,JSCA International Stadium Complex,1,17.2,New Zealand,India,KS Williamson,MJ Guptill,AR Patel,0,0,,,,,,,,,
1030225,2016/17,2016-10-26,JSCA International Stadium Complex,1,17.3,New Zealand,India,KS Williamson,MJ Guptill,AR Patel,4,0,,,,,,,,,
1030225,2016/17,2016-10-26,JSCA International Stadium Complex,1,17.4,New Zealand,India,KS Williamson,MJ Guptill,AR Patel,1,0,,,,,,,,,
1030225,2016/17,2016-10-26,JSCA International Stadium Complex,1,17.5,New Zealand,India,MJ Guptill,KS Williamson,AR Patel,4,0,,,,,,,,,
1030225,2016/17,2016-10-26,JSCA International Stadium Complex,1,17.6,New Zealand,India,MJ Guptill,KS Williamson,AR Patel,0,0,,,,,,,,,
1030225,2016/17,2016-10-26,JSCA International Stadium Complex,1,18.1,New Zealand,India,KS Williamson,MJ Guptill,KM Jadhav,0,0,,,,,,,,,
1030225,2016/17,2016-10-26,JSCA International Stadium Complex,1,18.2,New Zealand,India,KS Williamson,MJ Guptill,KM Jadhav,0,0,,,,,,,,,
1030225,2016/17,2016-10-26,JSCA International Stadium Complex,1,18.3,New Zealand,India,KS Williamson,MJ Guptill,KM Jadhav,2,0,,,,,,,,,
1030225,2016/17,2016-10-26,JSCA International Stadium Complex,1,18.4,New Zealand,India,KS Williamson,MJ Guptill,KM Jadhav,0,0,,,,,,,,,
1030225,2016/17,2016-10-26,JSCA International Stadium Complex,1,18.5,New Zealand,India,KS Williamson,MJ Guptill,KM Jadhav,1,0,,,,,,,,,
1030225,2016/17,2016-10-26,JSCA International Stadium Complex,1,18.6,New Zealand,India,MJ Guptill,KS Williamson,KM Jadhav,1,0,,,,,,,,,
1030225,2016/17,2016-10-26,JSCA International Stadium Complex,1,19.1,New Zealand,India,MJ Guptill,KS Williamson,AR Patel,1,0,,,,,,,,,
1030225,2016/17,2016-10-26,JSCA International Stadium Complex,1,19.2,New Zealand,India,KS Williamson,MJ Guptill,AR Patel,1,0,,,,,,,,,
1030225,2016/17,2016-10-26,JSCA International Stadium Complex,1,19.3,New Zealand,India,MJ Guptill,KS Williamson,AR Patel,0,0,,,,,,,,,
1030225,2016/17,2016-10-26,JSCA International Stadium Complex,1,19.4,New Zealand,India,MJ Guptill,KS Williamson,AR Patel,1,0,,,,,,,,,
1030225,2016/17,2016-10-26,JSCA International Stadium Complex,1,19.5,New Zealand,India,KS Williamson,MJ Guptill,AR Patel,0,0,,,,,,,,,
1030225,2016/17,2016-10-26,JSCA International Stadium Complex,1,19.6,New Zealand,India,KS Williamson,MJ Guptill,AR Patel,1,0,,,,,,,,,
1030225,2016/17,2016-10-26,JSCA International Stadium Complex,1,20.1,New Zealand,India,KS Williamson,MJ Guptill,KM Jadhav,1,0,,,,,,,,,
1030225,2016/17,2016-10-26,JSCA International Stadium Complex,1,20.2,New Zealand,India,MJ Guptill,KS Williamson,KM Jadhav,0,0,,,,,,,,,
1030225,2016/17,2016-10-26,JSCA International Stadium Complex,1,20.3,New Zealand,India,MJ Guptill,KS Williamson,KM Jadhav,0,0,,,,,,,,,
1030225,2016/17,2016-10-26,JSCA International Stadium Complex,1,20.4,New Zealand,India,MJ Guptill,KS Williamson,KM Jadhav,0,0,,,,,,,,,
1030225,2016/17,2016-10-26,JSCA International Stadium Complex,1,20.5,New Zealand,India,MJ Guptill,KS Williamson,KM Jadhav,0,0,,,,,,,,,
1030225,2016/17,2016-10-26,JSCA International Stadium Complex,1,20.6,New Zealand,India,MJ Guptill,KS Williamson,KM Jadhav,0,0,,,,,,,,,
1030225,2016/17,2016-10-26,JSCA International Stadium Complex,1,21.1,New Zealand,India,KS Williamson,MJ Guptill,AR Patel,1,0,,,,,,,,,
1030225,2016/17,2016-10-26,JSCA International Stadium Complex,1,21.2,New Zealand,India,MJ Guptill,KS Williamson,AR Patel,0,0,,,,,,,,,
1030225,2016/17,2016-10-26,JSCA International Stadium Complex,1,21.3,New Zealand,India,MJ Guptill,KS Williamson,AR Patel,1,0,,,,,,,,,
1030225,2016/17,2016-10-26,JSCA International Stadium Complex,1,21.4,New Zealand,India,KS Williamson,MJ Guptill,AR Patel,1,0,,,,,,,,,
1030225,2016/17,2016-10-26,JSCA International Stadium Complex,1,21.5,New Zealand,India,MJ Guptill,KS Williamson,AR Patel,0,0,,,,,,,,,
1030225,2016/17,2016-10-26,JSCA International Stadium Complex,1,21.6,New Zealand,India,MJ Guptill,KS Williamson,AR Patel,4,0,,,,,,,,,
1030225,2016/17,2016-10-26,JSCA International Stadium Complex,1,22.1,New Zealand,India,KS Williamson,MJ Guptill,KM Jadhav,1,0,,,,,,,,,
1030225,2016/17,2016-10-26,JSCA International Stadium Complex,1,22.2,New Zealand,India,MJ Guptill,KS Williamson,KM Jadhav,0,0,,,,,,,,,
1030225,2016/17,2016-10-26,JSCA International Stadium Complex,1,22.3,New Zealand,India,MJ Guptill,KS Williamson,KM Jadhav,0,0,,,,,,,,,
1030225,2016/17,2016-10-26,JSCA International Stadium Complex,1,22.4,New Zealand,India,MJ Guptill,KS Williamson,KM Jadhav,4,0,,,,,,,,,
1030225,2016/17,2016-10-26,JSCA International Stadium Complex,1,22.5,New Zealand,India,MJ Guptill,KS Williamson,KM Jadhav,1,0,,,,,,,,,
1030225,2016/17,2016-10-26,JSCA International Stadium Complex,1,22.6,New Zealand,India,KS Williamson,MJ Guptill,KM Jadhav,0,0,,,,,,,,,
1030225,2016/17,2016-10-26,JSCA International Stadium Complex,1,23.1,New Zealand,India,MJ Guptill,KS Williamson,HH Pandya,0,1,1,,,,,,,,
1030225,2016/17,2016-10-26,JSCA International Stadium Complex,1,23.2,New Zealand,India,MJ Guptill,KS Williamson,HH Pandya,0,0,,,,,,,,,
1030225,2016/17,2016-10-26,JSCA International Stadium Complex,1,23.3,New Zealand,India,MJ Guptill,KS Williamson,HH Pandya,0,0,,,,,,,,,
1030225,2016/17,2016-10-26,JSCA International Stadium Complex,1,23.4,New Zealand,India,MJ Guptill,KS Williamson,HH Pandya,0,1,1,,,,,,,,
1030225,2016/17,2016-10-26,JSCA International Stadium Complex,1,23.5,New Zealand,India,MJ Guptill,KS Williamson,HH Pandya,0,0,,,,,,,,,
1030225,2016/17,2016-10-26,JSCA International Stadium Complex,1,23.6,New Zealand,India,MJ Guptill,KS Williamson,HH Pandya,4,0,,,,,,,,,
1030225,2016/17,2016-10-26,JSCA International Stadium Complex,1,23.7,New Zealand,India,MJ Guptill,KS Williamson,HH Pandya,0,0,,,,,,,,,
1030225,2016/17,2016-10-26,JSCA International Stadium Complex,1,23.8,New Zealand,India,MJ Guptill,KS Williamson,HH Pandya,0,0,,,,,,,,,
1030225,2016/17,2016-10-26,JSCA International Stadium Complex,1,24.1,New Zealand,India,KS Williamson,MJ Guptill,KM Jadhav,0,0,,,,,,,,,
1030225,2016/17,2016-10-26,JSCA International Stadium Complex,1,24.2,New Zealand,India,KS Williamson,MJ Guptill,KM Jadhav,0,0,,,,,,,,,
1030225,2016/17,2016-10-26,JSCA International Stadium Complex,1,24.3,New Zealand,India,KS Williamson,MJ Guptill,KM Jadhav,1,0,,,,,,,,,
1030225,2016/17,2016-10-26,JSCA International Stadium Complex,1,24.4,New Zealand,India,MJ Guptill,KS Williamson,KM Jadhav,0,0,,,,,,,,,
1030225,2016/17,2016-10-26,JSCA International Stadium Complex,1,24.5,New Zealand,India,MJ Guptill,KS Williamson,KM Jadhav,1,0,,,,,,,,,
1030225,2016/17,2016-10-26,JSCA International Stadium Complex,1,24.6,New Zealand,India,KS Williamson,MJ Guptill,KM Jadhav,0,0,,,,,,,,,
1030225,2016/17,2016-10-26,JSCA International Stadium Complex,1,25.1,New Zealand,India,MJ Guptill,KS Williamson,HH Pandya,0,0,,,,,,caught,MJ Guptill,,
1030225,2016/17,2016-10-26,JSCA International Stadium Complex,1,25.2,New Zealand,India,LRPL Taylor,KS Williamson,HH Pandya,0,0,,,,,,,,,
1030225,2016/17,2016-10-26,JSCA International Stadium Complex,1,25.3,New Zealand,India,LRPL Taylor,KS Williamson,HH Pandya,0,0,,,,,,,,,
1030225,2016/17,2016-10-26,JSCA International Stadium Complex,1,25.4,New Zealand,India,LRPL Taylor,KS Williamson,HH Pandya,0,0,,,,,,,,,
1030225,2016/17,2016-10-26,JSCA International Stadium Complex,1,25.5,New Zealand,India,LRPL Taylor,KS Williamson,HH Pandya,0,0,,,,,,,,,
1030225,2016/17,2016-10-26,JSCA International Stadium Complex,1,25.6,New Zealand,India,LRPL Taylor,KS Williamson,HH Pandya,1,0,,,,,,,,,
1030225,2016/17,2016-10-26,JSCA International Stadium Complex,1,26.1,New Zealand,India,LRPL Taylor,KS Williamson,KM Jadhav,0,0,,,,,,,,,
1030225,2016/17,2016-10-26,JSCA International Stadium Complex,1,26.2,New Zealand,India,LRPL Taylor,KS Williamson,KM Jadhav,0,0,,,,,,,,,
1030225,2016/17,2016-10-26,JSCA International Stadium Complex,1,26.3,New Zealand,India,LRPL Taylor,KS Williamson,KM Jadhav,1,0,,,,,,,,,
1030225,2016/17,2016-10-26,JSCA International Stadium Complex,1,26.4,New Zealand,India,KS Williamson,LRPL Taylor,KM Jadhav,1,0,,,,,,,,,
1030225,2016/17,2016-10-26,JSCA International Stadium Complex,1,26.5,New Zealand,India,LRPL Taylor,KS Williamson,KM Jadhav,1,0,,,,,,,,,
1030225,2016/17,2016-10-26,JSCA International Stadium Complex,1,26.6,New Zealand,India,KS Williamson,LRPL Taylor,KM Jadhav,0,0,,,,,,,,,
1030225,2016/17,2016-10-26,JSCA International Stadium Complex,1,27.1,New Zealand,India,LRPL Taylor,KS Williamson,HH Pandya,0,0,,,,,,,,,
1030225,2016/17,2016-10-26,JSCA International Stadium Complex,1,27.2,New Zealand,India,LRPL Taylor,KS Williamson,HH Pandya,4,0,,,,,,,,,
1030225,2016/17,2016-10-26,JSCA International Stadium Complex,1,27.3,New Zealand,India,LRPL Taylor,KS Williamson,HH Pandya,0,1,1,,,,,,,,
1030225,2016/17,2016-10-26,JSCA International Stadium Complex,1,27.4,New Zealand,India,LRPL Taylor,KS Williamson,HH Pandya,0,0,,,,,,,,,
1030225,2016/17,2016-10-26,JSCA International Stadium Complex,1,27.5,New Zealand,India,LRPL Taylor,KS Williamson,HH Pandya,1,0,,,,,,,,,
1030225,2016/17,2016-10-26,JSCA International Stadium Complex,1,27.6,New Zealand,India,KS Williamson,LRPL Taylor,HH Pandya,0,0,,,,,,,,,
1030225,2016/17,2016-10-26,JSCA International Stadium Complex,1,27.7,New Zealand,India,KS Williamson,LRPL Taylor,HH Pandya,1,0,,,,,,,,,
1030225,2016/17,2016-10-26,JSCA International Stadium Complex,1,28.1,New Zealand,India,KS Williamson,LRPL Taylor,KM Jadhav,4,0,,,,,,,,,
1030225,2016/17,2016-10-26,JSCA International Stadium Complex,1,28.2,New Zealand,India,KS Williamson,LRPL Taylor,KM Jadhav,1,0,,,,,,,,,
1030225,2016/17,2016-10-26,JSCA International Stadium Complex,1,28.3,New Zealand,India,LRPL Taylor,KS Williamson,KM Jadhav,0,0,,,,,,,,,
1030225,2016/17,2016-10-26,JSCA International Stadium Complex,1,28.4,New Zealand,India,LRPL Taylor,KS Williamson,KM Jadhav,1,0,,,,,,,,,
1030225,2016/17,2016-10-26,JSCA International Stadium Complex,1,28.5,New Zealand,India,KS Williamson,LRPL Taylor,KM Jadhav,0,0,,,,,,,,,
1030225,2016/17,2016-10-26,JSCA International Stadium Complex,1,28.6,New Zealand,India,KS Williamson,LRPL Taylor,KM Jadhav,1,0,,,,,,,,,
1030225,2016/17,2016-10-26,JSCA International Stadium Complex,1,29.1,New Zealand,India,KS Williamson,LRPL Taylor,HH Pandya,0,0,,,,,,,,,
1030225,2016/17,2016-10-26,JSCA International Stadium Complex,1,29.2,New Zealand,India,KS Williamson,LRPL Taylor,HH Pandya,0,1,1,,,,,,,,
1030225,2016/17,2016-10-26,JSCA International Stadium Complex,1,29.3,New Zealand,India,KS Williamson,LRPL Taylor,HH Pandya,1,0,,,,,,,,,
1030225,2016/17,2016-10-26,JSCA International Stadium Complex,1,29.4,New Zealand,India,LRPL Taylor,KS Williamson,HH Pandya,1,0,,,,,,,,,
1030225,2016/17,2016-10-26,JSCA International Stadium Complex,1,29.5,New Zealand,India,KS Williamson,LRPL Taylor,HH Pandya,0,0,,,,,,,,,
1030225,2016/17,2016-10-26,JSCA International Stadium Complex,1,29.6,New Zealand,India,KS Williamson,LRPL Taylor,HH Pandya,0,0,,,,,,,,,
1030225,2016/17,2016-10-26,JSCA International Stadium Complex,1,29.7,New Zealand,India,KS Williamson,LRPL Taylor,HH Pandya,0,1,1,,,,,,,,
1030225,2016/17,2016-10-26,JSCA International Stadium Complex,1,29.8,New Zealand,India,KS Williamson,LRPL Taylor,HH Pandya,1,0,,,,,,,,,
1030225,2016/17,2016-10-26,JSCA International Stadium Complex,1,30.1,New Zealand,India,KS Williamson,LRPL Taylor,AR Patel,0,0,,,,,,,,,
1030225,2016/17,2016-10-26,JSCA International Stadium Complex,1,30.2,New Zealand,India,KS Williamson,LRPL Taylor,AR Patel,0,0,,,,,,,,,
1030225,2016/17,2016-10-26,JSCA International Stadium Complex,1,30.3,New Zealand,India,KS Williamson,LRPL Taylor,AR Patel,1,0,,,,,,,,,
1030225,2016/17,2016-10-26,JSCA International Stadium Complex,1,30.4,New Zealand,India,LRPL Taylor,KS Williamson,AR Patel,1,0,,,,,,,,,
1030225,2016/17,2016-10-26,JSCA International Stadium Complex,1,30.5,New Zealand,India,KS Williamson,LRPL Taylor,AR Patel,0,0,,,,,,,,,
1030225,2016/17,2016-10-26,JSCA International Stadium Complex,1,30.6,New Zealand,India,KS Williamson,LRPL Taylor,AR Patel,0,0,,,,,,,,,
1030225,2016/17,2016-10-26,JSCA International Stadium Complex,1,31.1,New Zealand,India,LRPL Taylor,KS Williamson,A Mishra,1,0,,,,,,,,,
1030225,2016/17,2016-10-26,JSCA International Stadium Complex,1,31.2,New Zealand,India,KS Williamson,LRPL Taylor,A Mishra,0,0,,,,,,,,,
1030225,2016/17,2016-10-26,JSCA International Stadium Complex,1,31.3,New Zealand,India,KS Williamson,LRPL Taylor,A Mishra,1,0,,,,,,,,,
1030225,2016/17,2016-10-26,JSCA International Stadium Complex,1,31.4,New Zealand,India,LRPL Taylor,KS Williamson,A Mishra,1,0,,,,,,,,,
1030225,2016/17,2016-10-26,JSCA International Stadium Complex,1,31.5,New Zealand,India,KS Williamson,LRPL Taylor,A Mishra,4,0,,,,,,,,,
1030225,2016/17,2016-10-26,JSCA International Stadium Complex,1,31.6,New Zealand,India,KS Williamson,LRPL Taylor,A Mishra,0,0,,,,,,,,,
1030225,2016/17,2016-10-26,JSCA International Stadium Complex,1,32.1,New Zealand,India,LRPL Taylor,KS Williamson,AR Patel,1,0,,,,,,,,,
1030225,2016/17,2016-10-26,JSCA International Stadium Complex,1,32.2,New Zealand,India,KS Williamson,LRPL Taylor,AR Patel,0,0,,,,,,,,,
1030225,2016/17,2016-10-26,JSCA International Stadium Complex,1,32.3,New Zealand,India,KS Williamson,LRPL Taylor,AR Patel,1,0,,,,,,,,,
1030225,2016/17,2016-10-26,JSCA International Stadium Complex,1,32.4,New Zealand,India,LRPL Taylor,KS Williamson,AR Patel,0,0,,,,,,,,,
1030225,2016/17,2016-10-26,JSCA International Stadium Complex,1,32.5,New Zealand,India,LRPL Taylor,KS Williamson,AR Patel,0,0,,,,,,,,,
1030225,2016/17,2016-10-26,JSCA International Stadium Complex,1,32.6,New Zealand,India,LRPL Taylor,KS Williamson,AR Patel,1,0,,,,,,,,,
1030225,2016/17,2016-10-26,JSCA International Stadium Complex,1,33.1,New Zealand,India,LRPL Taylor,KS Williamson,A Mishra,0,0,,,,,,,,,
1030225,2016/17,2016-10-26,JSCA International Stadium Complex,1,33.2,New Zealand,India,LRPL Taylor,KS Williamson,A Mishra,1,0,,,,,,,,,
1030225,2016/17,2016-10-26,JSCA International Stadium Complex,1,33.3,New Zealand,India,KS Williamson,LRPL Taylor,A Mishra,4,0,,,,,,,,,
1030225,2016/17,2016-10-26,JSCA International Stadium Complex,1,33.4,New Zealand,India,KS Williamson,LRPL Taylor,A Mishra,1,0,,,,,,,,,
1030225,2016/17,2016-10-26,JSCA International Stadium Complex,1,33.5,New Zealand,India,LRPL Taylor,KS Williamson,A Mishra,1,0,,,,,,,,,
1030225,2016/17,2016-10-26,JSCA International Stadium Complex,1,33.6,New Zealand,India,KS Williamson,LRPL Taylor,A Mishra,1,0,,,,,,,,,
1030225,2016/17,2016-10-26,JSCA International Stadium Complex,1,34.1,New Zealand,India,KS Williamson,LRPL Taylor,AR Patel,1,0,,,,,,,,,
1030225,2016/17,2016-10-26,JSCA International Stadium Complex,1,34.2,New Zealand,India,LRPL Taylor,KS Williamson,AR Patel,1,0,,,,,,,,,
1030225,2016/17,2016-10-26,JSCA International Stadium Complex,1,34.3,New Zealand,India,KS Williamson,LRPL Taylor,AR Patel,0,0,,,,,,,,,
1030225,2016/17,2016-10-26,JSCA International Stadium Complex,1,34.4,New Zealand,India,KS Williamson,LRPL Taylor,AR Patel,1,0,,,,,,,,,
1030225,2016/17,2016-10-26,JSCA International Stadium Complex,1,34.5,New Zealand,India,LRPL Taylor,KS Williamson,AR Patel,0,0,,,,,,,,,
1030225,2016/17,2016-10-26,JSCA International Stadium Complex,1,34.6,New Zealand,India,LRPL Taylor,KS Williamson,AR Patel,0,0,,,,,,,,,
1030225,2016/17,2016-10-26,JSCA International Stadium Complex,1,35.1,New Zealand,India,KS Williamson,LRPL Taylor,A Mishra,0,0,,,,,,,,,
1030225,2016/17,2016-10-26,JSCA International Stadium Complex,1,35.2,New Zealand,India,KS Williamson,LRPL Taylor,A Mishra,0,0,,,,,,caught,KS Williamson,,
1030225,2016/17,2016-10-26,JSCA International Stadium Complex,1,35.3,New Zealand,India,JDS Neesham,LRPL Taylor,A Mishra,1,0,,,,,,,,,
1030225,2016/17,2016-10-26,JSCA International Stadium Complex,1,35.4,New Zealand,India,LRPL Taylor,JDS Neesham,A Mishra,0,0,,,,,,,,,
1030225,2016/17,2016-10-26,JSCA International Stadium Complex,1,35.5,New Zealand,India,LRPL Taylor,JDS Neesham,A Mishra,1,0,,,,,,,,,
1030225,2016/17,2016-10-26,JSCA International Stadium Complex,1,35.6,New Zealand,India,JDS Neesham,LRPL Taylor,A Mishra,0,0,,,,,,,,,
1030225,2016/17,2016-10-26,JSCA International Stadium Complex,1,36.1,New Zealand,India,LRPL Taylor,JDS Neesham,KM Jadhav,0,0,,,,,,,,,
1030225,2016/17,2016-10-26,JSCA International Stadium Complex,1,36.2,New Zealand,India,LRPL Taylor,JDS Neesham,KM Jadhav,0,0,,,,,,,,,
1030225,2016/17,2016-10-26,JSCA International Stadium Complex,1,36.3,New Zealand,India,LRPL Taylor,JDS Neesham,KM Jadhav,0,0,,,,,,,,,
1030225,2016/17,2016-10-26,JSCA International Stadium Complex,1,36.4,New Zealand,India,LRPL Taylor,JDS Neesham,KM Jadhav,1,0,,,,,,,,,
1030225,2016/17,2016-10-26,JSCA International Stadium Complex,1,36.5,New Zealand,India,JDS Neesham,LRPL Taylor,KM Jadhav,1,0,,,,,,,,,
1030225,2016/17,2016-10-26,JSCA International Stadium Complex,1,36.6,New Zealand,India,LRPL Taylor,JDS Neesham,KM Jadhav,0,0,,,,,,,,,
1030225,2016/17,2016-10-26,JSCA International Stadium Complex,1,37.1,New Zealand,India,JDS Neesham,LRPL Taylor,A Mishra,0,0,,,,,,,,,
1030225,2016/17,2016-10-26,JSCA International Stadium Complex,1,37.2,New Zealand,India,JDS Neesham,LRPL Taylor,A Mishra,4,0,,,,,,,,,
1030225,2016/17,2016-10-26,JSCA International Stadium Complex,1,37.3,New Zealand,India,JDS Neesham,LRPL Taylor,A Mishra,0,0,,,,,,,,,
1030225,2016/17,2016-10-26,JSCA International Stadium Complex,1,37.4,New Zealand,India,JDS Neesham,LRPL Taylor,A Mishra,0,0,,,,,,,,,
1030225,2016/17,2016-10-26,JSCA International Stadium Complex,1,37.5,New Zealand,India,JDS Neesham,LRPL Taylor,A Mishra,0,0,,,,,,,,,
1030225,2016/17,2016-10-26,JSCA International Stadium Complex,1,37.6,New Zealand,India,JDS Neesham,LRPL Taylor,A Mishra,0,0,,,,,,caught,JDS Neesham,,
1030225,2016/17,2016-10-26,JSCA International Stadium Complex,1,38.1,New Zealand,India,LRPL Taylor,BJ Watling,AR Patel,1,0,,,,,,,,,
1030225,2016/17,2016-10-26,JSCA International Stadium Complex,1,38.2,New Zealand,India,BJ Watling,LRPL Taylor,AR Patel,0,0,,,,,,,,,
1030225,2016/17,2016-10-26,JSCA International Stadium Complex,1,38.3,New Zealand,India,BJ Watling,LRPL Taylor,AR Patel,0,0,,,,,,,,,
1030225,2016/17,2016-10-26,JSCA International Stadium Complex,1,38.4,New Zealand,India,BJ Watling,LRPL Taylor,AR Patel,2,0,,,,,,,,,
1030225,2016/17,2016-10-26,JSCA International Stadium Complex,1,38.5,New Zealand,India,BJ Watling,LRPL Taylor,AR Patel,0,0,,,,,,,,,
1030225,2016/17,2016-10-26,JSCA International Stadium Complex,1,38.6,New Zealand,India,BJ Watling,LRPL Taylor,AR Patel,0,0,,,,,,,,,
1030225,2016/17,2016-10-26,JSCA International Stadium Complex,1,39.1,New Zealand,India,LRPL Taylor,BJ Watling,A Mishra,0,0,,,,,,,,,
1030225,2016/17,2016-10-26,JSCA International Stadium Complex,1,39.2,New Zealand,India,LRPL Taylor,BJ Watling,A Mishra,1,0,,,,,,,,,
1030225,2016/17,2016-10-26,JSCA International Stadium Complex,1,39.3,New Zealand,India,BJ Watling,LRPL Taylor,A Mishra,0,0,,,,,,,,,
1030225,2016/17,2016-10-26,JSCA International Stadium Complex,1,39.4,New Zealand,India,BJ Watling,LRPL Taylor,A Mishra,1,0,,,,,,,,,
1030225,2016/17,2016-10-26,JSCA International Stadium Complex,1,39.5,New Zealand,India,LRPL Taylor,BJ Watling,A Mishra,1,0,,,,,,,,,
1030225,2016/17,2016-10-26,JSCA International Stadium Complex,1,39.6,New Zealand,India,BJ Watling,LRPL Taylor,A Mishra,1,0,,,,,,,,,
1030225,2016/17,2016-10-26,JSCA International Stadium Complex,1,40.1,New Zealand,India,BJ Watling,LRPL Taylor,UT Yadav,0,0,,,,,,,,,
1030225,2016/17,2016-10-26,JSCA International Stadium Complex,1,40.2,New Zealand,India,BJ Watling,LRPL Taylor,UT Yadav,1,0,,,,,,,,,
1030225,2016/17,2016-10-26,JSCA International Stadium Complex,1,40.3,New Zealand,India,LRPL Taylor,BJ Watling,UT Yadav,0,0,,,,,,,,,
1030225,2016/17,2016-10-26,JSCA International Stadium Complex,1,40.4,New Zealand,India,LRPL Taylor,BJ Watling,UT Yadav,0,0,,,,,,,,,
1030225,2016/17,2016-10-26,JSCA International Stadium Complex,1,40.5,New Zealand,India,LRPL Taylor,BJ Watling,UT Yadav,1,0,,,,,,,,,
1030225,2016/17,2016-10-26,JSCA International Stadium Complex,1,40.6,New Zealand,India,BJ Watling,LRPL Taylor,UT Yadav,0,0,,,,,,,,,
1030225,2016/17,2016-10-26,JSCA International Stadium Complex,1,41.1,New Zealand,India,LRPL Taylor,BJ Watling,A Mishra,2,0,,,,,,,,,
1030225,2016/17,2016-10-26,JSCA International Stadium Complex,1,41.2,New Zealand,India,LRPL Taylor,BJ Watling,A Mishra,0,0,,,,,,,,,
1030225,2016/17,2016-10-26,JSCA International Stadium Complex,1,41.3,New Zealand,India,LRPL Taylor,BJ Watling,A Mishra,0,0,,,,,,,,,
1030225,2016/17,2016-10-26,JSCA International Stadium Complex,1,41.4,New Zealand,India,LRPL Taylor,BJ Watling,A Mishra,0,0,,,,,,,,,
1030225,2016/17,2016-10-26,JSCA International Stadium Complex,1,41.5,New Zealand,India,LRPL Taylor,BJ Watling,A Mishra,1,0,,,,,,,,,
1030225,2016/17,2016-10-26,JSCA International Stadium Complex,1,41.6,New Zealand,India,BJ Watling,LRPL Taylor,A Mishra,1,0,,,,,,,,,
1030225,2016/17,2016-10-26,JSCA International Stadium Complex,1,42.1,New Zealand,India,BJ Watling,LRPL Taylor,UT Yadav,4,0,,,,,,,,,
1030225,2016/17,2016-10-26,JSCA International Stadium Complex,1,42.2,New Zealand,India,BJ Watling,LRPL Taylor,UT Yadav,1,0,,,,,,,,,
1030225,2016/17,2016-10-26,JSCA International Stadium Complex,1,42.3,New Zealand,India,LRPL Taylor,BJ Watling,UT Yadav,1,0,,,,,,,,,
1030225,2016/17,2016-10-26,JSCA International Stadium Complex,1,42.4,New Zealand,India,BJ Watling,LRPL Taylor,UT Yadav,1,0,,,,,,,,,
1030225,2016/17,2016-10-26,JSCA International Stadium Complex,1,42.5,New Zealand,India,LRPL Taylor,BJ Watling,UT Yadav,1,0,,,,,,,,,
1030225,2016/17,2016-10-26,JSCA International Stadium Complex,1,42.6,New Zealand,India,BJ Watling,LRPL Taylor,UT Yadav,0,0,,,,,,,,,
1030225,2016/17,2016-10-26,JSCA International Stadium Complex,1,43.1,New Zealand,India,LRPL Taylor,BJ Watling,A Mishra,1,0,,,,,,,,,
1030225,2016/17,2016-10-26,JSCA International Stadium Complex,1,43.2,New Zealand,India,BJ Watling,LRPL Taylor,A Mishra,1,0,,,,,,,,,
1030225,2016/17,2016-10-26,JSCA International Stadium Complex,1,43.3,New Zealand,India,LRPL Taylor,BJ Watling,A Mishra,0,0,,,,,,,,,
1030225,2016/17,2016-10-26,JSCA International Stadium Complex,1,43.4,New Zealand,India,LRPL Taylor,BJ Watling,A Mishra,1,0,,,,,,,,,
1030225,2016/17,2016-10-26,JSCA International Stadium Complex,1,43.5,New Zealand,India,BJ Watling,LRPL Taylor,A Mishra,1,0,,,,,,,,,
1030225,2016/17,2016-10-26,JSCA International Stadium Complex,1,43.6,New Zealand,India,LRPL Taylor,BJ Watling,A Mishra,0,0,,,,,,,,,
1030225,2016/17,2016-10-26,JSCA International Stadium Complex,1,44.1,New Zealand,India,BJ Watling,LRPL Taylor,DS Kulkarni,0,0,,,,,,,,,
1030225,2016/17,2016-10-26,JSCA International Stadium Complex,1,44.2,New Zealand,India,BJ Watling,LRPL Taylor,DS Kulkarni,0,0,,,,,,,,,
1030225,2016/17,2016-10-26,JSCA International Stadium Complex,1,44.3,New Zealand,India,BJ Watling,LRPL Taylor,DS Kulkarni,0,0,,,,,,caught,BJ Watling,,
1030225,2016/17,2016-10-26,JSCA International Stadium Complex,1,44.4,New Zealand,India,LRPL Taylor,AP Devcich,DS Kulkarni,1,0,,,,,,,,,
1030225,2016/17,2016-10-26,JSCA International Stadium Complex,1,44.5,New Zealand,India,AP Devcich,LRPL Taylor,DS Kulkarni,1,0,,,,,,,,,
1030225,2016/17,2016-10-26,JSCA International Stadium Complex,1,44.6,New Zealand,India,LRPL Taylor,AP Devcich,DS Kulkarni,1,0,,,,,,,,,
1030225,2016/17,2016-10-26,JSCA International Stadium Complex,1,45.1,New Zealand,India,LRPL Taylor,AP Devcich,UT Yadav,1,0,,,,,,,,,
1030225,2016/17,2016-10-26,JSCA International Stadium Complex,1,45.2,New Zealand,India,AP Devcich,LRPL Taylor,UT Yadav,1,0,,,,,,,,,
1030225,2016/17,2016-10-26,JSCA International Stadium Complex,1,45.3,New Zealand,India,LRPL Taylor,AP Devcich,UT Yadav,1,0,,,,,,run out,LRPL Taylor,,
1030225,2016/17,2016-10-26,JSCA International Stadium Complex,1,45.4,New Zealand,India,MJ Santner,AP Devcich,UT Yadav,1,0,,,,,,,,,
1030225,2016/17,2016-10-26,JSCA International Stadium Complex,1,45.5,New Zealand,India,AP Devcich,MJ Santner,UT Yadav,2,0,,,,,,,,,
1030225,2016/17,2016-10-26,JSCA International Stadium Complex,1,45.6,New Zealand,India,AP Devcich,MJ Santner,UT Yadav,1,0,,,,,,,,,
1030225,2016/17,2016-10-26,JSCA International Stadium Complex,1,46.1,New Zealand,India,AP Devcich,MJ Santner,DS Kulkarni,3,0,,,,,,,,,
1030225,2016/17,2016-10-26,JSCA International Stadium Complex,1,46.2,New Zealand,India,MJ Santner,AP Devcich,DS Kulkarni,1,0,,,,,,,,,
1030225,2016/17,2016-10-26,JSCA International Stadium Complex,1,46.3,New Zealand,India,AP Devcich,MJ Santner,DS Kulkarni,0,0,,,,,,,,,
1030225,2016/17,2016-10-26,JSCA International Stadium Complex,1,46.4,New Zealand,India,AP Devcich,MJ Santner,DS Kulkarni,1,0,,,,,,,,,
1030225,2016/17,2016-10-26,JSCA International Stadium Complex,1,46.5,New Zealand,India,MJ Santner,AP Devcich,DS Kulkarni,4,0,,,,,,,,,
1030225,2016/17,2016-10-26,JSCA International Stadium Complex,1,46.6,New Zealand,India,MJ Santner,AP Devcich,DS Kulkarni,2,0,,,,,,,,,
1030225,2016/17,2016-10-26,JSCA International Stadium Complex,1,47.1,New Zealand,India,AP Devcich,MJ Santner,UT Yadav,1,0,,,,,,,,,
1030225,2016/17,2016-10-26,JSCA International Stadium Complex,1,47.2,New Zealand,India,MJ Santner,AP Devcich,UT Yadav,1,0,,,,,,,,,
1030225,2016/17,2016-10-26,JSCA International Stadium Complex,1,47.3,New Zealand,India,AP Devcich,MJ Santner,UT Yadav,1,0,,,,,,,,,
1030225,2016/17,2016-10-26,JSCA International Stadium Complex,1,47.4,New Zealand,India,MJ Santner,AP Devcich,UT Yadav,1,0,,,,,,,,,
1030225,2016/17,2016-10-26,JSCA International Stadium Complex,1,47.5,New Zealand,India,AP Devcich,MJ Santner,UT Yadav,0,0,,,,,,,,,
1030225,2016/17,2016-10-26,JSCA International Stadium Complex,1,47.6,New Zealand,India,AP Devcich,MJ Santner,UT Yadav,0,0,,,,,,caught,AP Devcich,,
1030225,2016/17,2016-10-26,JSCA International Stadium Complex,1,48.1,New Zealand,India,MJ Santner,TG Southee,DS Kulkarni,0,0,,,,,,,,,
1030225,2016/17,2016-10-26,JSCA International Stadium Complex,1,48.2,New Zealand,India,MJ Santner,TG Southee,DS Kulkarni,1,0,,,,,,,,,
1030225,2016/17,2016-10-26,JSCA International Stadium Complex,1,48.3,New Zealand,India,TG Southee,MJ Santner,DS Kulkarni,1,0,,,,,,,,,
1030225,2016/17,2016-10-26,JSCA International Stadium Complex,1,48.4,New Zealand,India,MJ Santner,TG Southee,DS Kulkarni,0,1,1,,,,,,,,
1030225,2016/17,2016-10-26,JSCA International Stadium Complex,1,48.5,New Zealand,India,MJ Santner,TG Southee,DS Kulkarni,2,0,,,,,,,,,
1030225,2016/17,2016-10-26,JSCA International Stadium Complex,1,48.6,New Zealand,India,MJ Santner,TG Southee,DS Kulkarni,1,0,,,,,,,,,
1030225,2016/17,2016-10-26,JSCA International Stadium Complex,1,48.7,New Zealand,India,TG Southee,MJ Santner,DS Kulkarni,2,0,,,,,,,,,
1030225,2016/17,2016-10-26,JSCA International Stadium Complex,1,49.1,New Zealand,India,MJ Santner,TG Southee,UT Yadav,1,0,,,,,,,,,
1030225,2016/17,2016-10-26,JSCA International Stadium Complex,1,49.2,New Zealand,India,TG Southee,MJ Santner,UT Yadav,1,0,,,,,,,,,
1030225,2016/17,2016-10-26,JSCA International Stadium Complex,1,49.3,New Zealand,India,MJ Santner,TG Southee,UT Yadav,1,0,,,,,,,,,
1030225,2016/17,2016-10-26,JSCA International Stadium Complex,1,49.4,New Zealand,India,TG Southee,MJ Santner,UT Yadav,1,0,,,,,,,,,
1030225,2016/17,2016-10-26,JSCA International Stadium Complex,1,49.5,New Zealand,India,MJ Santner,TG Southee,UT Yadav,0,1,1,,,,,,,,
1030225,2016/17,2016-10-26,JSCA International Stadium Complex,1,49.6,New Zealand,India,MJ Santner,TG Southee,UT Yadav,1,0,,,,,,,,,
1030225,2016/17,2016-10-26,JSCA International Stadium Complex,1,49.7,New Zealand,India,TG Southee,MJ Santner,UT Yadav,4,0,,,,,,,,,
1030225,2016/17,2016-10-26,JSCA International Stadium Complex,2,0.1,India,New Zealand,AM Rahane,RG Sharma,TG Southee,1,0,,,,,,,,,
1030225,2016/17,2016-10-26,JSCA International Stadium Complex,2,0.2,India,New Zealand,RG Sharma,AM Rahane,TG Southee,0,0,,,,,,,,,
1030225,2016/17,2016-10-26,JSCA International Stadium Complex,2,0.3,India,New Zealand,RG Sharma,AM Rahane,TG Southee,0,0,,,,,,,,,
1030225,2016/17,2016-10-26,JSCA International Stadium Complex,2,0.4,India,New Zealand,RG Sharma,AM Rahane,TG Southee,1,0,,,,,,,,,
1030225,2016/17,2016-10-26,JSCA International Stadium Complex,2,0.5,India,New Zealand,AM Rahane,RG Sharma,TG Southee,0,0,,,,,,,,,
1030225,2016/17,2016-10-26,JSCA International Stadium Complex,2,0.6,India,New Zealand,AM Rahane,RG Sharma,TG Southee,4,0,,,,,,,,,
1030225,2016/17,2016-10-26,JSCA International Stadium Complex,2,1.1,India,New Zealand,RG Sharma,AM Rahane,TA Boult,0,0,,,,,,,,,
1030225,2016/17,2016-10-26,JSCA International Stadium Complex,2,1.2,India,New Zealand,RG Sharma,AM Rahane,TA Boult,0,0,,,,,,,,,
1030225,2016/17,2016-10-26,JSCA International Stadium Complex,2,1.3,India,New Zealand,RG Sharma,AM Rahane,TA Boult,0,0,,,,,,,,,
1030225,2016/17,2016-10-26,JSCA International Stadium Complex,2,1.4,India,New Zealand,RG Sharma,AM Rahane,TA Boult,0,0,,,,,,,,,
1030225,2016/17,2016-10-26,JSCA International Stadium Complex,2,1.5,India,New Zealand,RG Sharma,AM Rahane,TA Boult,0,0,,,,,,,,,
1030225,2016/17,2016-10-26,JSCA International Stadium Complex,2,1.6,India,New Zealand,RG Sharma,AM Rahane,TA Boult,0,0,,,,,,,,,
1030225,2016/17,2016-10-26,JSCA International Stadium Complex,2,2.1,India,New Zealand,AM Rahane,RG Sharma,TG Southee,0,0,,,,,,,,,
1030225,2016/17,2016-10-26,JSCA International Stadium Complex,2,2.2,India,New Zealand,AM Rahane,RG Sharma,TG Southee,0,0,,,,,,,,,
1030225,2016/17,2016-10-26,JSCA International Stadium Complex,2,2.3,India,New Zealand,AM Rahane,RG Sharma,TG Southee,1,0,,,,,,,,,
1030225,2016/17,2016-10-26,JSCA International Stadium Complex,2,2.4,India,New Zealand,RG Sharma,AM Rahane,TG Southee,0,0,,,,,,,,,
1030225,2016/17,2016-10-26,JSCA International Stadium Complex,2,2.5,India,New Zealand,RG Sharma,AM Rahane,TG Southee,0,2,,,,2,,,,,
1030225,2016/17,2016-10-26,JSCA International Stadium Complex,2,2.6,India,New Zealand,RG Sharma,AM Rahane,TG Southee,1,0,,,,,,,,,
1030225,2016/17,2016-10-26,JSCA International Stadium Complex,2,3.1,India,New Zealand,RG Sharma,AM Rahane,TA Boult,0,0,,,,,,,,,
1030225,2016/17,2016-10-26,JSCA International Stadium Complex,2,3.2,India,New Zealand,RG Sharma,AM Rahane,TA Boult,4,0,,,,,,,,,
1030225,2016/17,2016-10-26,JSCA International Stadium Complex,2,3.3,India,New Zealand,RG Sharma,AM Rahane,TA Boult,4,0,,,,,,,,,
1030225,2016/17,2016-10-26,JSCA International Stadium Complex,2,3.4,India,New Zealand,RG Sharma,AM Rahane,TA Boult,0,0,,,,,,,,,
1030225,2016/17,2016-10-26,JSCA International Stadium Complex,2,3.5,India,New Zealand,RG Sharma,AM Rahane,TA Boult,0,0,,,,,,,,,
1030225,2016/17,2016-10-26,JSCA International Stadium Complex,2,3.6,India,New Zealand,RG Sharma,AM Rahane,TA Boult,1,0,,,,,,,,,
1030225,2016/17,2016-10-26,JSCA International Stadium Complex,2,4.1,India,New Zealand,RG Sharma,AM Rahane,TG Southee,0,0,,,,,,caught,RG Sharma,,
1030225,2016/17,2016-10-26,JSCA International Stadium Complex,2,4.2,India,New Zealand,V Kohli,AM Rahane,TG Southee,0,0,,,,,,,,,
1030225,2016/17,2016-10-26,JSCA International Stadium Complex,2,4.3,India,New Zealand,V Kohli,AM Rahane,TG Southee,0,0,,,,,,,,,
1030225,2016/17,2016-10-26,JSCA International Stadium Complex,2,4.4,India,New Zealand,V Kohli,AM Rahane,TG Southee,2,0,,,,,,,,,
1030225,2016/17,2016-10-26,JSCA International Stadium Complex,2,4.5,India,New Zealand,V Kohli,AM Rahane,TG Southee,1,0,,,,,,,,,
1030225,2016/17,2016-10-26,JSCA International Stadium Complex,2,4.6,India,New Zealand,AM Rahane,V Kohli,TG Southee,0,0,,,,,,,,,
1030225,2016/17,2016-10-26,JSCA International Stadium Complex,2,5.1,India,New Zealand,V Kohli,AM Rahane,TA Boult,0,0,,,,,,,,,
1030225,2016/17,2016-10-26,JSCA International Stadium Complex,2,5.2,India,New Zealand,V Kohli,AM Rahane,TA Boult,1,0,,,,,,,,,
1030225,2016/17,2016-10-26,JSCA International Stadium Complex,2,5.3,India,New Zealand,AM Rahane,V Kohli,TA Boult,4,0,,,,,,,,,
1030225,2016/17,2016-10-26,JSCA International Stadium Complex,2,5.4,India,New Zealand,AM Rahane,V Kohli,TA Boult,0,0,,,,,,,,,
1030225,2016/17,2016-10-26,JSCA International Stadium Complex,2,5.5,India,New Zealand,AM Rahane,V Kohli,TA Boult,0,0,,,,,,,,,
1030225,2016/17,2016-10-26,JSCA International Stadium Complex,2,5.6,India,New Zealand,AM Rahane,V Kohli,TA Boult,6,0,,,,,,,,,
1030225,2016/17,2016-10-26,JSCA International Stadium Complex,2,6.1,India,New Zealand,V Kohli,AM Rahane,TG Southee,0,0,,,,,,,,,
1030225,2016/17,2016-10-26,JSCA International Stadium Complex,2,6.2,India,New Zealand,V Kohli,AM Rahane,TG Southee,0,0,,,,,,,,,
1030225,2016/17,2016-10-26,JSCA International Stadium Complex,2,6.3,India,New Zealand,V Kohli,AM Rahane,TG Southee,1,0,,,,,,,,,
1030225,2016/17,2016-10-26,JSCA International Stadium Complex,2,6.4,India,New Zealand,AM Rahane,V Kohli,TG Southee,0,0,,,,,,,,,
1030225,2016/17,2016-10-26,JSCA International Stadium Complex,2,6.5,India,New Zealand,AM Rahane,V Kohli,TG Southee,0,0,,,,,,,,,
1030225,2016/17,2016-10-26,JSCA International Stadium Complex,2,6.6,India,New Zealand,AM Rahane,V Kohli,TG Southee,0,0,,,,,,,,,
1030225,2016/17,2016-10-26,JSCA International Stadium Complex,2,7.1,India,New Zealand,V Kohli,AM Rahane,TA Boult,1,0,,,,,,,,,
1030225,2016/17,2016-10-26,JSCA International Stadium Complex,2,7.2,India,New Zealand,AM Rahane,V Kohli,TA Boult,1,0,,,,,,,,,
1030225,2016/17,2016-10-26,JSCA International Stadium Complex,2,7.3,India,New Zealand,V Kohli,AM Rahane,TA Boult,0,0,,,,,,,,,
1030225,2016/17,2016-10-26,JSCA International Stadium Complex,2,7.4,India,New Zealand,V Kohli,AM Rahane,TA Boult,0,0,,,,,,,,,
1030225,2016/17,2016-10-26,JSCA International Stadium Complex,2,7.5,India,New Zealand,V Kohli,AM Rahane,TA Boult,4,0,,,,,,,,,
1030225,2016/17,2016-10-26,JSCA International Stadium Complex,2,7.6,India,New Zealand,V Kohli,AM Rahane,TA Boult,0,0,,,,,,,,,
1030225,2016/17,2016-10-26,JSCA International Stadium Complex,2,8.1,India,New Zealand,AM Rahane,V Kohli,TG Southee,0,0,,,,,,,,,
1030225,2016/17,2016-10-26,JSCA International Stadium Complex,2,8.2,India,New Zealand,AM Rahane,V Kohli,TG Southee,0,0,,,,,,,,,
1030225,2016/17,2016-10-26,JSCA International Stadium Complex,2,8.3,India,New Zealand,AM Rahane,V Kohli,TG Southee,4,0,,,,,,,,,
1030225,2016/17,2016-10-26,JSCA International Stadium Complex,2,8.4,India,New Zealand,AM Rahane,V Kohli,TG Southee,0,0,,,,,,,,,
1030225,2016/17,2016-10-26,JSCA International Stadium Complex,2,8.5,India,New Zealand,AM Rahane,V Kohli,TG Southee,4,0,,,,,,,,,
1030225,2016/17,2016-10-26,JSCA International Stadium Complex,2,8.6,India,New Zealand,AM Rahane,V Kohli,TG Southee,0,0,,,,,,,,,
1030225,2016/17,2016-10-26,JSCA International Stadium Complex,2,9.1,India,New Zealand,V Kohli,AM Rahane,JDS Neesham,1,0,,,,,,,,,
1030225,2016/17,2016-10-26,JSCA International Stadium Complex,2,9.2,India,New Zealand,AM Rahane,V Kohli,JDS Neesham,0,0,,,,,,,,,
1030225,2016/17,2016-10-26,JSCA International Stadium Complex,2,9.3,India,New Zealand,AM Rahane,V Kohli,JDS Neesham,0,0,,,,,,,,,
1030225,2016/17,2016-10-26,JSCA International Stadium Complex,2,9.4,India,New Zealand,AM Rahane,V Kohli,JDS Neesham,0,0,,,,,,,,,
1030225,2016/17,2016-10-26,JSCA International Stadium Complex,2,9.5,India,New Zealand,AM Rahane,V Kohli,JDS Neesham,0,0,,,,,,,,,
1030225,2016/17,2016-10-26,JSCA International Stadium Complex,2,9.6,India,New Zealand,AM Rahane,V Kohli,JDS Neesham,0,1,1,,,,,,,,
1030225,2016/17,2016-10-26,JSCA International Stadium Complex,2,9.7,India,New Zealand,AM Rahane,V Kohli,JDS Neesham,0,0,,,,,,,,,
1030225,2016/17,2016-10-26,JSCA International Stadium Complex,2,10.1,India,New Zealand,V Kohli,AM Rahane,MJ Santner,0,0,,,,,,,,,
1030225,2016/17,2016-10-26,JSCA International Stadium Complex,2,10.2,India,New Zealand,V Kohli,AM Rahane,MJ Santner,0,0,,,,,,,,,
1030225,2016/17,2016-10-26,JSCA International Stadium Complex,2,10.3,India,New Zealand,V Kohli,AM Rahane,MJ Santner,1,0,,,,,,,,,
1030225,2016/17,2016-10-26,JSCA International Stadium Complex,2,10.4,India,New Zealand,AM Rahane,V Kohli,MJ Santner,0,0,,,,,,,,,
1030225,2016/17,2016-10-26,JSCA International Stadium Complex,2,10.5,India,New Zealand,AM Rahane,V Kohli,MJ Santner,0,0,,,,,,,,,
1030225,2016/17,2016-10-26,JSCA International Stadium Complex,2,10.6,India,New Zealand,AM Rahane,V Kohli,MJ Santner,1,0,,,,,,,,,
1030225,2016/17,2016-10-26,JSCA International Stadium Complex,2,11.1,India,New Zealand,AM Rahane,V Kohli,JDS Neesham,0,1,1,,,,,,,,
1030225,2016/17,2016-10-26,JSCA International Stadium Complex,2,11.2,India,New Zealand,AM Rahane,V Kohli,JDS Neesham,1,0,,,,,,,,,
1030225,2016/17,2016-10-26,JSCA International Stadium Complex,2,11.3,India,New Zealand,V Kohli,AM Rahane,JDS Neesham,1,0,,,,,,,,,
1030225,2016/17,2016-10-26,JSCA International Stadium Complex,2,11.4,India,New Zealand,AM Rahane,V Kohli,JDS Neesham,1,0,,,,,,,,,
1030225,2016/17,2016-10-26,JSCA International Stadium Complex,2,11.5,India,New Zealand,V Kohli,AM Rahane,JDS Neesham,0,0,,,,,,,,,
1030225,2016/17,2016-10-26,JSCA International Stadium Complex,2,11.6,India,New Zealand,V Kohli,AM Rahane,JDS Neesham,1,0,,,,,,,,,
1030225,2016/17,2016-10-26,JSCA International Stadium Complex,2,11.7,India,New Zealand,AM Rahane,V Kohli,JDS Neesham,0,0,,,,,,,,,
1030225,2016/17,2016-10-26,JSCA International Stadium Complex,2,12.1,India,New Zealand,V Kohli,AM Rahane,MJ Santner,0,0,,,,,,,,,
1030225,2016/17,2016-10-26,JSCA International Stadium Complex,2,12.2,India,New Zealand,V Kohli,AM Rahane,MJ Santner,1,0,,,,,,,,,
1030225,2016/17,2016-10-26,JSCA International Stadium Complex,2,12.3,India,New Zealand,AM Rahane,V Kohli,MJ Santner,1,0,,,,,,,,,
1030225,2016/17,2016-10-26,JSCA International Stadium Complex,2,12.4,India,New Zealand,V Kohli,AM Rahane,MJ Santner,0,0,,,,,,,,,
1030225,2016/17,2016-10-26,JSCA International Stadium Complex,2,12.5,India,New Zealand,V Kohli,AM Rahane,MJ Santner,1,0,,,,,,,,,
1030225,2016/17,2016-10-26,JSCA International Stadium Complex,2,12.6,India,New Zealand,AM Rahane,V Kohli,MJ Santner,0,0,,,,,,,,,
1030225,2016/17,2016-10-26,JSCA International Stadium Complex,2,13.1,India,New Zealand,V Kohli,AM Rahane,IS Sodhi,1,0,,,,,,,,,
1030225,2016/17,2016-10-26,JSCA International Stadium Complex,2,13.2,India,New Zealand,AM Rahane,V Kohli,IS Sodhi,1,0,,,,,,,,,
1030225,2016/17,2016-10-26,JSCA International Stadium Complex,2,13.3,India,New Zealand,V Kohli,AM Rahane,IS Sodhi,2,0,,,,,,,,,
1030225,2016/17,2016-10-26,JSCA International Stadium Complex,2,13.4,India,New Zealand,V Kohli,AM Rahane,IS Sodhi,4,0,,,,,,,,,
1030225,2016/17,2016-10-26,JSCA International Stadium Complex,2,13.5,India,New Zealand,V Kohli,AM Rahane,IS Sodhi,0,0,,,,,,,,,
1030225,2016/17,2016-10-26,JSCA International Stadium Complex,2,13.6,India,New Zealand,V Kohli,AM Rahane,IS Sodhi,0,0,,,,,,,,,
1030225,2016/17,2016-10-26,JSCA International Stadium Complex,2,14.1,India,New Zealand,AM Rahane,V Kohli,MJ Santner,0,0,,,,,,,,,
1030225,2016/17,2016-10-26,JSCA International Stadium Complex,2,14.2,India,New Zealand,AM Rahane,V Kohli,MJ Santner,1,0,,,,,,,,,
1030225,2016/17,2016-10-26,JSCA International Stadium Complex,2,14.3,India,New Zealand,V Kohli,AM Rahane,MJ Santner,0,0,,,,,,,,,
1030225,2016/17,2016-10-26,JSCA International Stadium Complex,2,14.4,India,New Zealand,V Kohli,AM Rahane,MJ Santner,0,0,,,,,,,,,
1030225,2016/17,2016-10-26,JSCA International Stadium Complex,2,14.5,India,New Zealand,V Kohli,AM Rahane,MJ Santner,6,0,,,,,,,,,
1030225,2016/17,2016-10-26,JSCA International Stadium Complex,2,14.6,India,New Zealand,V Kohli,AM Rahane,MJ Santner,1,0,,,,,,,,,
1030225,2016/17,2016-10-26,JSCA International Stadium Complex,2,15.1,India,New Zealand,V Kohli,AM Rahane,IS Sodhi,0,0,,,,,,,,,
1030225,2016/17,2016-10-26,JSCA International Stadium Complex,2,15.2,India,New Zealand,V Kohli,AM Rahane,IS Sodhi,1,0,,,,,,,,,
1030225,2016/17,2016-10-26,JSCA International Stadium Complex,2,15.3,India,New Zealand,AM Rahane,V Kohli,IS Sodhi,0,0,,,,,,,,,
1030225,2016/17,2016-10-26,JSCA International Stadium Complex,2,15.4,India,New Zealand,AM Rahane,V Kohli,IS Sodhi,1,0,,,,,,,,,
1030225,2016/17,2016-10-26,JSCA International Stadium Complex,2,15.5,India,New Zealand,V Kohli,AM Rahane,IS Sodhi,1,0,,,,,,,,,
1030225,2016/17,2016-10-26,JSCA International Stadium Complex,2,15.6,India,New Zealand,AM Rahane,V Kohli,IS Sodhi,0,0,,,,,,,,,
1030225,2016/17,2016-10-26,JSCA International Stadium Complex,2,16.1,India,New Zealand,V Kohli,AM Rahane,MJ Santner,0,0,,,,,,,,,
1030225,2016/17,2016-10-26,JSCA International Stadium Complex,2,16.2,India,New Zealand,V Kohli,AM Rahane,MJ Santner,1,0,,,,,,,,,
1030225,2016/17,2016-10-26,JSCA International Stadium Complex,2,16.3,India,New Zealand,AM Rahane,V Kohli,MJ Santner,0,0,,,,,,,,,
1030225,2016/17,2016-10-26,JSCA International Stadium Complex,2,16.4,India,New Zealand,AM Rahane,V Kohli,MJ Santner,1,0,,,,,,,,,
1030225,2016/17,2016-10-26,JSCA International Stadium Complex,2,16.5,India,New Zealand,V Kohli,AM Rahane,MJ Santner,1,0,,,,,,,,,
1030225,2016/17,2016-10-26,JSCA International Stadium Complex,2,16.6,India,New Zealand,AM Rahane,V Kohli,MJ Santner,0,0,,,,,,,,,
1030225,2016/17,2016-10-26,JSCA International Stadium Complex,2,17.1,India,New Zealand,V Kohli,AM Rahane,IS Sodhi,2,0,,,,,,,,,
1030225,2016/17,2016-10-26,JSCA International Stadium Complex,2,17.2,India,New Zealand,V Kohli,AM Rahane,IS Sodhi,2,0,,,,,,,,,
1030225,2016/17,2016-10-26,JSCA International Stadium Complex,2,17.3,India,New Zealand,V Kohli,AM Rahane,IS Sodhi,2,0,,,,,,,,,
1030225,2016/17,2016-10-26,JSCA International Stadium Complex,2,17.4,India,New Zealand,V Kohli,AM Rahane,IS Sodhi,1,0,,,,,,,,,
1030225,2016/17,2016-10-26,JSCA International Stadium Complex,2,17.5,India,New Zealand,AM Rahane,V Kohli,IS Sodhi,1,0,,,,,,,,,
1030225,2016/17,2016-10-26,JSCA International Stadium Complex,2,17.6,India,New Zealand,V Kohli,AM Rahane,IS Sodhi,1,0,,,,,,,,,
1030225,2016/17,2016-10-26,JSCA International Stadium Complex,2,18.1,India,New Zealand,V Kohli,AM Rahane,AP Devcich,0,0,,,,,,,,,
1030225,2016/17,2016-10-26,JSCA International Stadium Complex,2,18.2,India,New Zealand,V Kohli,AM Rahane,AP Devcich,1,0,,,,,,,,,
1030225,2016/17,2016-10-26,JSCA International Stadium Complex,2,18.3,India,New Zealand,AM Rahane,V Kohli,AP Devcich,0,0,,,,,,,,,
1030225,2016/17,2016-10-26,JSCA International Stadium Complex,2,18.4,India,New Zealand,AM Rahane,V Kohli,AP Devcich,1,0,,,,,,,,,
1030225,2016/17,2016-10-26,JSCA International Stadium Complex,2,18.5,India,New Zealand,V Kohli,AM Rahane,AP Devcich,1,0,,,,,,,,,
1030225,2016/17,2016-10-26,JSCA International Stadium Complex,2,18.6,India,New Zealand,AM Rahane,V Kohli,AP Devcich,1,0,,,,,,,,,
1030225,2016/17,2016-10-26,JSCA International Stadium Complex,2,19.1,India,New Zealand,AM Rahane,V Kohli,IS Sodhi,1,0,,,,,,,,,
1030225,2016/17,2016-10-26,JSCA International Stadium Complex,2,19.2,India,New Zealand,V Kohli,AM Rahane,IS Sodhi,1,0,,,,,,,,,
1030225,2016/17,2016-10-26,JSCA International Stadium Complex,2,19.3,India,New Zealand,AM Rahane,V Kohli,IS Sodhi,1,0,,,,,,,,,
1030225,2016/17,2016-10-26,JSCA International Stadium Complex,2,19.4,India,New Zealand,V Kohli,AM Rahane,IS Sodhi,0,0,,,,,,,,,
1030225,2016/17,2016-10-26,JSCA International Stadium Complex,2,19.5,India,New Zealand,V Kohli,AM Rahane,IS Sodhi,0,0,,,,,,caught,V Kohli,,
1030225,2016/17,2016-10-26,JSCA International Stadium Complex,2,19.6,India,New Zealand,MS Dhoni,AM Rahane,IS Sodhi,0,0,,,,,,,,,
1030225,2016/17,2016-10-26,JSCA International Stadium Complex,2,20.1,India,New Zealand,AM Rahane,MS Dhoni,AP Devcich,2,0,,,,,,,,,
1030225,2016/17,2016-10-26,JSCA International Stadium Complex,2,20.2,India,New Zealand,AM Rahane,MS Dhoni,AP Devcich,1,0,,,,,,,,,
1030225,2016/17,2016-10-26,JSCA International Stadium Complex,2,20.3,India,New Zealand,MS Dhoni,AM Rahane,AP Devcich,0,0,,,,,,,,,
1030225,2016/17,2016-10-26,JSCA International Stadium Complex,2,20.4,India,New Zealand,MS Dhoni,AM Rahane,AP Devcich,0,0,,,,,,,,,
1030225,2016/17,2016-10-26,JSCA International Stadium Complex,2,20.5,India,New Zealand,MS Dhoni,AM Rahane,AP Devcich,1,0,,,,,,,,,
1030225,2016/17,2016-10-26,JSCA International Stadium Complex,2,20.6,India,New Zealand,AM Rahane,MS Dhoni,AP Devcich,0,0,,,,,,,,,
1030225,2016/17,2016-10-26,JSCA International Stadium Complex,2,21.1,India,New Zealand,MS Dhoni,AM Rahane,IS Sodhi,0,0,,,,,,,,,
1030225,2016/17,2016-10-26,JSCA International Stadium Complex,2,21.2,India,New Zealand,MS Dhoni,AM Rahane,IS Sodhi,0,0,,,,,,,,,
1030225,2016/17,2016-10-26,JSCA International Stadium Complex,2,21.3,India,New Zealand,MS Dhoni,AM Rahane,IS Sodhi,0,0,,,,,,,,,
1030225,2016/17,2016-10-26,JSCA International Stadium Complex,2,21.4,India,New Zealand,MS Dhoni,AM Rahane,IS Sodhi,0,0,,,,,,,,,
1030225,2016/17,2016-10-26,JSCA International Stadium Complex,2,21.5,India,New Zealand,MS Dhoni,AM Rahane,IS Sodhi,0,0,,,,,,,,,
1030225,2016/17,2016-10-26,JSCA International Stadium Complex,2,21.6,India,New Zealand,MS Dhoni,AM Rahane,IS Sodhi,0,0,,,,,,,,,
1030225,2016/17,2016-10-26,JSCA International Stadium Complex,2,22.1,India,New Zealand,AM Rahane,MS Dhoni,AP Devcich,2,0,,,,,,,,,
1030225,2016/17,2016-10-26,JSCA International Stadium Complex,2,22.2,India,New Zealand,AM Rahane,MS Dhoni,AP Devcich,0,1,1,,,,,,,,
1030225,2016/17,2016-10-26,JSCA International Stadium Complex,2,22.3,India,New Zealand,AM Rahane,MS Dhoni,AP Devcich,0,0,,,,,,,,,
1030225,2016/17,2016-10-26,JSCA International Stadium Complex,2,22.4,India,New Zealand,AM Rahane,MS Dhoni,AP Devcich,0,0,,,,,,,,,
1030225,2016/17,2016-10-26,JSCA International Stadium Complex,2,22.5,India,New Zealand,AM Rahane,MS Dhoni,AP Devcich,0,1,1,,,,,,,,
1030225,2016/17,2016-10-26,JSCA International Stadium Complex,2,22.6,India,New Zealand,AM Rahane,MS Dhoni,AP Devcich,1,0,,,,,,,,,
1030225,2016/17,2016-10-26,JSCA International Stadium Complex,2,22.7,India,New Zealand,MS Dhoni,AM Rahane,AP Devcich,0,0,,,,,,,,,
1030225,2016/17,2016-10-26,JSCA International Stadium Complex,2,22.8,India,New Zealand,MS Dhoni,AM Rahane,AP Devcich,0,1,1,,,,,,,,
1030225,2016/17,2016-10-26,JSCA International Stadium Complex,2,22.9,India,New Zealand,MS Dhoni,AM Rahane,AP Devcich,1,0,,,,,,,,,
1030225,2016/17,2016-10-26,JSCA International Stadium Complex,2,23.1,India,New Zealand,MS Dhoni,AM Rahane,IS Sodhi,3,0,,,,,,,,,
1030225,2016/17,2016-10-26,JSCA International Stadium Complex,2,23.2,India,New Zealand,AM Rahane,MS Dhoni,IS Sodhi,0,0,,,,,,,,,
1030225,2016/17,2016-10-26,JSCA International Stadium Complex,2,23.3,India,New Zealand,AM Rahane,MS Dhoni,IS Sodhi,1,0,,,,,,,,,
1030225,2016/17,2016-10-26,JSCA International Stadium Complex,2,23.4,India,New Zealand,MS Dhoni,AM Rahane,IS Sodhi,0,0,,,,,,,,,
1030225,2016/17,2016-10-26,JSCA International Stadium Complex,2,23.5,India,New Zealand,MS Dhoni,AM Rahane,IS Sodhi,1,0,,,,,,,,,
1030225,2016/17,2016-10-26,JSCA International Stadium Complex,2,23.6,India,New Zealand,AM Rahane,MS Dhoni,IS Sodhi,1,0,,,,,,,,,
1030225,2016/17,2016-10-26,JSCA International Stadium Complex,2,24.1,India,New Zealand,AM Rahane,MS Dhoni,AP Devcich,1,0,,,,,,,,,
1030225,2016/17,2016-10-26,JSCA International Stadium Complex,2,24.2,India,New Zealand,MS Dhoni,AM Rahane,AP Devcich,0,0,,,,,,,,,
1030225,2016/17,2016-10-26,JSCA International Stadium Complex,2,24.3,India,New Zealand,MS Dhoni,AM Rahane,AP Devcich,0,0,,,,,,,,,
1030225,2016/17,2016-10-26,JSCA International Stadium Complex,2,24.4,India,New Zealand,MS Dhoni,AM Rahane,AP Devcich,1,0,,,,,,,,,
1030225,2016/17,2016-10-26,JSCA International Stadium Complex,2,24.5,India,New Zealand,AM Rahane,MS Dhoni,AP Devcich,4,0,,,,,,,,,
1030225,2016/17,2016-10-26,JSCA International Stadium Complex,2,24.6,India,New Zealand,AM Rahane,MS Dhoni,AP Devcich,1,0,,,,,,,,,
1030225,2016/17,2016-10-26,JSCA International Stadium Complex,2,25.1,India,New Zealand,AM Rahane,MS Dhoni,IS Sodhi,0,0,,,,,,,,,
1030225,2016/17,2016-10-26,JSCA International Stadium Complex,2,25.2,India,New Zealand,AM Rahane,MS Dhoni,IS Sodhi,0,0,,,,,,,,,
1030225,2016/17,2016-10-26,JSCA International Stadium Complex,2,25.3,India,New Zealand,AM Rahane,MS Dhoni,IS Sodhi,0,0,,,,,,,,,
1030225,2016/17,2016-10-26,JSCA International Stadium Complex,2,25.4,India,New Zealand,AM Rahane,MS Dhoni,IS Sodhi,1,0,,,,,,,,,
1030225,2016/17,2016-10-26,JSCA International Stadium Complex,2,25.5,India,New Zealand,MS Dhoni,AM Rahane,IS Sodhi,1,0,,,,,,,,,
1030225,2016/17,2016-10-26,JSCA International Stadium Complex,2,25.6,India,New Zealand,AM Rahane,MS Dhoni,IS Sodhi,1,0,,,,,,,,,
1030225,2016/17,2016-10-26,JSCA International Stadium Complex,2,26.1,India,New Zealand,AM Rahane,MS Dhoni,MJ Santner,1,0,,,,,,,,,
1030225,2016/17,2016-10-26,JSCA International Stadium Complex,2,26.2,India,New Zealand,MS Dhoni,AM Rahane,MJ Santner,0,0,,,,,,,,,
1030225,2016/17,2016-10-26,JSCA International Stadium Complex,2,26.3,India,New Zealand,MS Dhoni,AM Rahane,MJ Santner,0,0,,,,,,,,,
1030225,2016/17,2016-10-26,JSCA International Stadium Complex,2,26.4,India,New Zealand,MS Dhoni,AM Rahane,MJ Santner,0,0,,,,,,,,,
1030225,2016/17,2016-10-26,JSCA International Stadium Complex,2,26.5,India,New Zealand,MS Dhoni,AM Rahane,MJ Santner,0,0,,,,,,,,,
1030225,2016/17,2016-10-26,JSCA International Stadium Complex,2,26.6,India,New Zealand,MS Dhoni,AM Rahane,MJ Santner,0,0,,,,,,,,,
1030225,2016/17,2016-10-26,JSCA International Stadium Complex,2,27.1,India,New Zealand,AM Rahane,MS Dhoni,JDS Neesham,2,0,,,,,,,,,
1030225,2016/17,2016-10-26,JSCA International Stadium Complex,2,27.2,India,New Zealand,AM Rahane,MS Dhoni,JDS Neesham,0,0,,,,,,lbw,AM Rahane,,
1030225,2016/17,2016-10-26,JSCA International Stadium Complex,2,27.3,India,New Zealand,AR Patel,MS Dhoni,JDS Neesham,0,0,,,,,,,,,
1030225,2016/17,2016-10-26,JSCA International Stadium Complex,2,27.4,India,New Zealand,AR Patel,MS Dhoni,JDS Neesham,0,0,,,,,,,,,
1030225,2016/17,2016-10-26,JSCA International Stadium Complex,2,27.5,India,New Zealand,AR Patel,MS Dhoni,JDS Neesham,4,0,,,,,,,,,
1030225,2016/17,2016-10-26,JSCA International Stadium Complex,2,27.6,India,New Zealand,AR Patel,MS Dhoni,JDS Neesham,0,0,,,,,,,,,
1030225,2016/17,2016-10-26,JSCA International Stadium Complex,2,28.1,India,New Zealand,MS Dhoni,AR Patel,MJ Santner,0,0,,,,,,,,,
1030225,2016/17,2016-10-26,JSCA International Stadium Complex,2,28.2,India,New Zealand,MS Dhoni,AR Patel,MJ Santner,2,0,,,,,,,,,
1030225,2016/17,2016-10-26,JSCA International Stadium Complex,2,28.3,India,New Zealand,MS Dhoni,AR Patel,MJ Santner,0,0,,,,,,,,,
1030225,2016/17,2016-10-26,JSCA International Stadium Complex,2,28.4,India,New Zealand,MS Dhoni,AR Patel,MJ Santner,0,0,,,,,,,,,
1030225,2016/17,2016-10-26,JSCA International Stadium Complex,2,28.5,India,New Zealand,MS Dhoni,AR Patel,MJ Santner,1,0,,,,,,,,,
1030225,2016/17,2016-10-26,JSCA International Stadium Complex,2,28.6,India,New Zealand,AR Patel,MS Dhoni,MJ Santner,0,0,,,,,,,,,
1030225,2016/17,2016-10-26,JSCA International Stadium Complex,2,29.1,India,New Zealand,MS Dhoni,AR Patel,JDS Neesham,0,0,,,,,,,,,
1030225,2016/17,2016-10-26,JSCA International Stadium Complex,2,29.2,India,New Zealand,MS Dhoni,AR Patel,JDS Neesham,0,0,,,,,,bowled,MS Dhoni,,
1030225,2016/17,2016-10-26,JSCA International Stadium Complex,2,29.3,India,New Zealand,MK Pandey,AR Patel,JDS Neesham,0,0,,,,,,,,,
1030225,2016/17,2016-10-26,JSCA International Stadium Complex,2,29.4,India,New Zealand,MK Pandey,AR Patel,JDS Neesham,0,0,,,,,,,,,
1030225,2016/17,2016-10-26,JSCA International Stadium Complex,2,29.5,India,New Zealand,MK Pandey,AR Patel,JDS Neesham,1,0,,,,,,,,,
1030225,2016/17,2016-10-26,JSCA International Stadium Complex,2,29.6,India,New Zealand,AR Patel,MK Pandey,JDS Neesham,4,0,,,,,,,,,
1030225,2016/17,2016-10-26,JSCA International Stadium Complex,2,30.1,India,New Zealand,MK Pandey,AR Patel,TG Southee,0,0,,,,,,,,,
1030225,2016/17,2016-10-26,JSCA International Stadium Complex,2,30.2,India,New Zealand,MK Pandey,AR Patel,TG Southee,1,0,,,,,,,,,
1030225,2016/17,2016-10-26,JSCA International Stadium Complex,2,30.3,India,New Zealand,AR Patel,MK Pandey,TG Southee,0,0,,,,,,,,,
1030225,2016/17,2016-10-26,JSCA International Stadium Complex,2,30.4,India,New Zealand,AR Patel,MK Pandey,TG Southee,1,0,,,,,,,,,
1030225,2016/17,2016-10-26,JSCA International Stadium Complex,2,30.5,India,New Zealand,MK Pandey,AR Patel,TG Southee,1,0,,,,,,,,,
1030225,2016/17,2016-10-26,JSCA International Stadium Complex,2,30.6,India,New Zealand,AR Patel,MK Pandey,TG Southee,0,0,,,,,,,,,
1030225,2016/17,2016-10-26,JSCA International Stadium Complex,2,31.1,India,New Zealand,MK Pandey,AR Patel,JDS Neesham,4,0,,,,,,,,,
1030225,2016/17,2016-10-26,JSCA International Stadium Complex,2,31.2,India,New Zealand,MK Pandey,AR Patel,JDS Neesham,0,0,,,,,,,,,
1030225,2016/17,2016-10-26,JSCA International Stadium Complex,2,31.3,India,New Zealand,MK Pandey,AR Patel,JDS Neesham,4,0,,,,,,,,,
1030225,2016/17,2016-10-26,JSCA International Stadium Complex,2,31.4,India,New Zealand,MK Pandey,AR Patel,JDS Neesham,1,0,,,,,,,,,
1030225,2016/17,2016-10-26,JSCA International Stadium Complex,2,31.5,India,New Zealand,AR Patel,MK Pandey,JDS Neesham,2,0,,,,,,,,,
1030225,2016/17,2016-10-26,JSCA International Stadium Complex,2,31.6,India,New Zealand,AR Patel,MK Pandey,JDS Neesham,0,0,,,,,,,,,
1030225,2016/17,2016-10-26,JSCA International Stadium Complex,2,32.1,India,New Zealand,MK Pandey,AR Patel,TG Southee,0,0,,,,,,,,,
1030225,2016/17,2016-10-26,JSCA International Stadium Complex,2,32.2,India,New Zealand,MK Pandey,AR Patel,TG Southee,0,0,,,,,,caught,MK Pandey,,
1030225,2016/17,2016-10-26,JSCA International Stadium Complex,2,32.3,India,New Zealand,KM Jadhav,AR Patel,TG Southee,0,0,,,,,,lbw,KM Jadhav,,
1030225,2016/17,2016-10-26,JSCA International Stadium Complex,2,32.4,India,New Zealand,HH Pandya,AR Patel,TG Southee,1,0,,,,,,,,,
1030225,2016/17,2016-10-26,JSCA International Stadium Complex,2,32.5,India,New Zealand,AR Patel,HH Pandya,TG Southee,1,0,,,,,,,,,
1030225,2016/17,2016-10-26,JSCA International Stadium Complex,2,32.6,India,New Zealand,HH Pandya,AR Patel,TG Southee,1,0,,,,,,,,,
1030225,2016/17,2016-10-26,JSCA International Stadium Complex,2,33.1,India,New Zealand,HH Pandya,AR Patel,MJ Santner,0,0,,,,,,,,,
1030225,2016/17,2016-10-26,JSCA International Stadium Complex,2,33.2,India,New Zealand,HH Pandya,AR Patel,MJ Santner,1,0,,,,,,,,,
1030225,2016/17,2016-10-26,JSCA International Stadium Complex,2,33.3,India,New Zealand,AR Patel,HH Pandya,MJ Santner,0,0,,,,,,,,,
1030225,2016/17,2016-10-26,JSCA International Stadium Complex,2,33.4,India,New Zealand,AR Patel,HH Pandya,MJ Santner,0,0,,,,,,,,,
1030225,2016/17,2016-10-26,JSCA International Stadium Complex,2,33.5,India,New Zealand,AR Patel,HH Pandya,MJ Santner,1,0,,,,,,,,,
1030225,2016/17,2016-10-26,JSCA International Stadium Complex,2,33.6,India,New Zealand,HH Pandya,AR Patel,MJ Santner,0,0,,,,,,,,,
1030225,2016/17,2016-10-26,JSCA International Stadium Complex,2,34.1,India,New Zealand,AR Patel,HH Pandya,TA Boult,0,0,,,,,,,,,
1030225,2016/17,2016-10-26,JSCA International Stadium Complex,2,34.2,India,New Zealand,AR Patel,HH Pandya,TA Boult,1,0,,,,,,,,,
1030225,2016/17,2016-10-26,JSCA International Stadium Complex,2,34.3,India,New Zealand,HH Pandya,AR Patel,TA Boult,0,0,,,,,,,,,
1030225,2016/17,2016-10-26,JSCA International Stadium Complex,2,34.4,India,New Zealand,HH Pandya,AR Patel,TA Boult,0,0,,,,,,,,,
1030225,2016/17,2016-10-26,JSCA International Stadium Complex,2,34.5,India,New Zealand,HH Pandya,AR Patel,TA Boult,1,0,,,,,,,,,
1030225,2016/17,2016-10-26,JSCA International Stadium Complex,2,34.6,India,New Zealand,AR Patel,HH Pandya,TA Boult,0,0,,,,,,,,,
1030225,2016/17,2016-10-26,JSCA International Stadium Complex,2,35.1,India,New Zealand,HH Pandya,AR Patel,MJ Santner,2,0,,,,,,,,,
1030225,2016/17,2016-10-26,JSCA International Stadium Complex,2,35.2,India,New Zealand,HH Pandya,AR Patel,MJ Santner,1,0,,,,,,,,,
1030225,2016/17,2016-10-26,JSCA International Stadium Complex,2,35.3,India,New Zealand,AR Patel,HH Pandya,MJ Santner,1,0,,,,,,,,,
1030225,2016/17,2016-10-26,JSCA International Stadium Complex,2,35.4,India,New Zealand,HH Pandya,AR Patel,MJ Santner,2,0,,,,,,,,,
1030225,2016/17,2016-10-26,JSCA International Stadium Complex,2,35.5,India,New Zealand,HH Pandya,AR Patel,MJ Santner,0,0,,,,,,,,,
1030225,2016/17,2016-10-26,JSCA International Stadium Complex,2,35.6,India,New Zealand,HH Pandya,AR Patel,MJ Santner,0,0,,,,,,caught,HH Pandya,,
1030225,2016/17,2016-10-26,JSCA International Stadium Complex,2,36.1,India,New Zealand,A Mishra,AR Patel,TA Boult,0,0,,,,,,,,,
1030225,2016/17,2016-10-26,JSCA International Stadium Complex,2,36.2,India,New Zealand,A Mishra,AR Patel,TA Boult,0,0,,,,,,,,,
1030225,2016/17,2016-10-26,JSCA International Stadium Complex,2,36.3,India,New Zealand,A Mishra,AR Patel,TA Boult,1,0,,,,,,,,,
1030225,2016/17,2016-10-26,JSCA International Stadium Complex,2,36.4,India,New Zealand,AR Patel,A Mishra,TA Boult,1,0,,,,,,,,,
1030225,2016/17,2016-10-26,JSCA International Stadium Complex,2,36.5,India,New Zealand,A Mishra,AR Patel,TA Boult,1,0,,,,,,,,,
1030225,2016/17,2016-10-26,JSCA International Stadium Complex,2,36.6,India,New Zealand,AR Patel,A Mishra,TA Boult,1,0,,,,,,,,,
1030225,2016/17,2016-10-26,JSCA International Stadium Complex,2,37.1,India,New Zealand,AR Patel,A Mishra,IS Sodhi,1,0,,,,,,,,,
1030225,2016/17,2016-10-26,JSCA International Stadium Complex,2,37.2,India,New Zealand,A Mishra,AR Patel,IS Sodhi,0,0,,,,,,,,,
1030225,2016/17,2016-10-26,JSCA International Stadium Complex,2,37.3,India,New Zealand,A Mishra,AR Patel,IS Sodhi,1,0,,,,,,,,,
1030225,2016/17,2016-10-26,JSCA International Stadium Complex,2,37.4,India,New Zealand,AR Patel,A Mishra,IS Sodhi,0,0,,,,,,,,,
1030225,2016/17,2016-10-26,JSCA International Stadium Complex,2,37.5,India,New Zealand,AR Patel,A Mishra,IS Sodhi,2,0,,,,,,,,,
1030225,2016/17,2016-10-26,JSCA International Stadium Complex,2,37.6,India,New Zealand,AR Patel,A Mishra,IS Sodhi,1,0,,,,,,,,,
1030225,2016/17,2016-10-26,JSCA International Stadium Complex,2,38.1,India,New Zealand,AR Patel,A Mishra,TA Boult,1,0,,,,,,,,,
1030225,2016/17,2016-10-26,JSCA International Stadium Complex,2,38.2,India,New Zealand,A Mishra,AR Patel,TA Boult,0,0,,,,,,,,,
1030225,2016/17,2016-10-26,JSCA International Stadium Complex,2,38.3,India,New Zealand,A Mishra,AR Patel,TA Boult,0,1,,,,1,,,,,
1030225,2016/17,2016-10-26,JSCA International Stadium Complex,2,38.4,India,New Zealand,AR Patel,A Mishra,TA Boult,0,0,,,,,,,,,
1030225,2016/17,2016-10-26,JSCA International Stadium Complex,2,38.5,India,New Zealand,AR Patel,A Mishra,TA Boult,1,0,,,,,,,,,
1030225,2016/17,2016-10-26,JSCA International Stadium Complex,2,38.6,India,New Zealand,A Mishra,AR Patel,TA Boult,0,0,,,,,,,,,
1030225,2016/17,2016-10-26,JSCA International Stadium Complex,2,39.1,India,New Zealand,AR Patel,A Mishra,TG Southee,0,0,,,,,,,,,
1030225,2016/17,2016-10-26,JSCA International Stadium Complex,2,39.2,India,New Zealand,AR Patel,A Mishra,TG Southee,0,0,,,,,,,,,
1030225,2016/17,2016-10-26,JSCA International Stadium Complex,2,39.3,India,New Zealand,AR Patel,A Mishra,TG Southee,4,0,,,,,,,,,
1030225,2016/17,2016-10-26,JSCA International Stadium Complex,2,39.4,India,New Zealand,AR Patel,A Mishra,TG Southee,1,0,,,,,,,,,
1030225,2016/17,2016-10-26,JSCA International Stadium Complex,2,39.5,India,New Zealand,A Mishra,AR Patel,TG Southee,4,0,,,,,,,,,
1030225,2016/17,2016-10-26,JSCA International Stadium Complex,2,39.6,India,New Zealand,A Mishra,AR Patel,TG Southee,1,0,,,,,,,,,
1030225,2016/17,2016-10-26,JSCA International Stadium Complex,2,40.1,India,New Zealand,A Mishra,AR Patel,IS Sodhi,1,0,,,,,,,,,
1030225,2016/17,2016-10-26,JSCA International Stadium Complex,2,40.2,India,New Zealand,AR Patel,A Mishra,IS Sodhi,1,0,,,,,,,,,
1030225,2016/17,2016-10-26,JSCA International Stadium Complex,2,40.3,India,New Zealand,A Mishra,AR Patel,IS Sodhi,0,0,,,,,,,,,
1030225,2016/17,2016-10-26,JSCA International Stadium Complex,2,40.4,India,New Zealand,A Mishra,AR Patel,IS Sodhi,2,0,,,,,,,,,
1030225,2016/17,2016-10-26,JSCA International Stadium Complex,2,40.5,India,New Zealand,A Mishra,AR Patel,IS Sodhi,0,0,,,,,,,,,
1030225,2016/17,2016-10-26,JSCA International Stadium Complex,2,40.6,India,New Zealand,A Mishra,AR Patel,IS Sodhi,2,0,,,,,,,,,
1030225,2016/17,2016-10-26,JSCA International Stadium Complex,2,41.1,India,New Zealand,AR Patel,A Mishra,JDS Neesham,1,0,,,,,,,,,
1030225,2016/17,2016-10-26,JSCA International Stadium Complex,2,41.2,India,New Zealand,A Mishra,AR Patel,JDS Neesham,1,0,,,,,,,,,
1030225,2016/17,2016-10-26,JSCA International Stadium Complex,2,41.3,India,New Zealand,AR Patel,A Mishra,JDS Neesham,6,0,,,,,,,,,
1030225,2016/17,2016-10-26,JSCA International Stadium Complex,2,41.4,India,New Zealand,AR Patel,A Mishra,JDS Neesham,0,0,,,,,,,,,
1030225,2016/17,2016-10-26,JSCA International Stadium Complex,2,41.5,India,New Zealand,AR Patel,A Mishra,JDS Neesham,0,0,,,,,,,,,
1030225,2016/17,2016-10-26,JSCA International Stadium Complex,2,41.6,India,New Zealand,AR Patel,A Mishra,JDS Neesham,1,0,,,,,,,,,
1030225,2016/17,2016-10-26,JSCA International Stadium Complex,2,42.1,India,New Zealand,AR Patel,A Mishra,TA Boult,1,0,,,,,,run out,A Mishra,,
1030225,2016/17,2016-10-26,JSCA International Stadium Complex,2,42.2,India,New Zealand,DS Kulkarni,AR Patel,TA Boult,0,0,,,,,,,,,
1030225,2016/17,2016-10-26,JSCA International Stadium Complex,2,42.3,India,New Zealand,DS Kulkarni,AR Patel,TA Boult,0,2,2,,,,,,,,
1030225,2016/17,2016-10-26,JSCA International Stadium Complex,2,42.4,India,New Zealand,AR Patel,DS Kulkarni,TA Boult,0,0,,,,,,bowled,AR Patel,,
1030225,2016/17,2016-10-26,JSCA International Stadium Complex,2,42.5,India,New Zealand,UT Yadav,DS Kulkarni,TA Boult,0,0,,,,,,,,,
1030225,2016/17,2016-10-26,JSCA International Stadium Complex,2,42.6,India,New Zealand,UT Yadav,DS Kulkarni,TA Boult,0,0,,,,,,,,,
1030225,2016/17,2016-10-26,JSCA International Stadium Complex,2,42.7,India,New Zealand,UT Yadav,DS Kulkarni,TA Boult,0,0,,,,,,,,,
1030225,2016/17,2016-10-26,JSCA International Stadium Complex,2,43.1,India,New Zealand,DS Kulkarni,UT Yadav,MJ Santner,0,0,,,,,,,,,
1030225,2016/17,2016-10-26,JSCA International Stadium Complex,2,43.2,India,New Zealand,DS Kulkarni,UT Yadav,MJ Santner,1,0,,,,,,,,,
1030225,2016/17,2016-10-26,JSCA International Stadium Complex,2,43.3,India,New Zealand,UT Yadav,DS Kulkarni,MJ Santner,1,0,,,,,,,,,
1030225,2016/17,2016-10-26,JSCA International Stadium Complex,2,43.4,India,New Zealand,DS Kulkarni,UT Yadav,MJ Santner,0,0,,,,,,,,,
1030225,2016/17,2016-10-26,JSCA International Stadium Complex,2,43.5,India,New Zealand,DS Kulkarni,UT Yadav,MJ Santner,1,0,,,,,,,,,
1030225,2016/17,2016-10-26,JSCA International Stadium Complex,2,43.6,India,New Zealand,UT Yadav,DS Kulkarni,MJ Santner,0,0,,,,,,,,,
1030225,2016/17,2016-10-26,JSCA International Stadium Complex,2,44.1,India,New Zealand,DS Kulkarni,UT Yadav,IS Sodhi,6,0,,,,,,,,,
1030225,2016/17,2016-10-26,JSCA International Stadium Complex,2,44.2,India,New Zealand,DS Kulkarni,UT Yadav,IS Sodhi,0,0,,,,,,,,,
1030225,2016/17,2016-10-26,JSCA International Stadium Complex,2,44.3,India,New Zealand,DS Kulkarni,UT Yadav,IS Sodhi,0,0,,,,,,,,,
1030225,2016/17,2016-10-26,JSCA International Stadium Complex,2,44.4,India,New Zealand,DS Kulkarni,UT Yadav,IS Sodhi,0,0,,,,,,,,,
1030225,2016/17,2016-10-26,JSCA International Stadium Complex,2,44.5,India,New Zealand,DS Kulkarni,UT Yadav,IS Sodhi,2,0,,,,,,,,,
1030225,2016/17,2016-10-26,JSCA International Stadium Complex,2,44.6,India,New Zealand,DS Kulkarni,UT Yadav,IS Sodhi,1,0,,,,,,,,,
1030225,2016/17,2016-10-26,JSCA International Stadium Complex,2,45.1,India,New Zealand,DS Kulkarni,UT Yadav,MJ Santner,0,1,1,,,,,,,,
1030225,2016/17,2016-10-26,JSCA International Stadium Complex,2,45.2,India,New Zealand,DS Kulkarni,UT Yadav,MJ Santner,1,0,,,,,,,,,
1030225,2016/17,2016-10-26,JSCA International Stadium Complex,2,45.3,India,New Zealand,UT Yadav,DS Kulkarni,MJ Santner,1,0,,,,,,,,,
1030225,2016/17,2016-10-26,JSCA International Stadium Complex,2,45.4,India,New Zealand,DS Kulkarni,UT Yadav,MJ Santner,0,0,,,,,,,,,
1030225,2016/17,2016-10-26,JSCA International Stadium Complex,2,45.5,India,New Zealand,DS Kulkarni,UT Yadav,MJ Santner,0,0,,,,,,,,,
1030225,2016/17,2016-10-26,JSCA International Stadium Complex,2,45.6,India,New Zealand,DS Kulkarni,UT Yadav,MJ Santner,4,0,,,,,,,,,
1030225,2016/17,2016-10-26,JSCA International Stadium Complex,2,45.7,India,New Zealand,DS Kulkarni,UT Yadav,MJ Santner,0,0,,,,,,,,,
1030225,2016/17,2016-10-26,JSCA International Stadium Complex,2,46.1,India,New Zealand,UT Yadav,DS Kulkarni,TA Boult,1,0,,,,,,,,,
1030225,2016/17,2016-10-26,JSCA International Stadium Complex,2,46.2,India,New Zealand,DS Kulkarni,UT Yadav,TA Boult,0,0,,,,,,,,,
1030225,2016/17,2016-10-26,JSCA International Stadium Complex,2,46.3,India,New Zealand,DS Kulkarni,UT Yadav,TA Boult,1,0,,,,,,,,,
1030225,2016/17,2016-10-26,JSCA International Stadium Complex,2,46.4,India,New Zealand,UT Yadav,DS Kulkarni,TA Boult,1,0,,,,,,,,,
1030225,2016/17,2016-10-26,JSCA International Stadium Complex,2,46.5,India,New Zealand,DS Kulkarni,UT Yadav,TA Boult,0,1,1,,,,,,,,
1030225,2016/17,2016-10-26,JSCA International Stadium Complex,2,46.6,India,New Zealand,DS Kulkarni,UT Yadav,TA Boult,4,0,,,,,,,,,
1030225,2016/17,2016-10-26,JSCA International Stadium Complex,2,46.7,India,New Zealand,DS Kulkarni,UT Yadav,TA Boult,0,0,,,,,,,,,
1030225,2016/17,2016-10-26,JSCA International Stadium Complex,2,47.1,India,New Zealand,UT Yadav,DS Kulkarni,TG Southee,1,0,,,,,,,,,
1030225,2016/17,2016-10-26,JSCA International Stadium Complex,2,47.2,India,New Zealand,DS Kulkarni,UT Yadav,TG Southee,0,0,,,,,,,,,
1030225,2016/17,2016-10-26,JSCA International Stadium Complex,2,47.3,India,New Zealand,DS Kulkarni,UT Yadav,TG Southee,0,0,,,,,,,,,
1030225,2016/17,2016-10-26,JSCA International Stadium Complex,2,47.4,India,New Zealand,DS Kulkarni,UT Yadav,TG Southee,1,0,,,,,,,,,
1030225,2016/17,2016-10-26,JSCA International Stadium Complex,2,47.5,India,New Zealand,UT Yadav,DS Kulkarni,TG Southee,1,0,,,,,,,,,
1030225,2016/17,2016-10-26,JSCA International Stadium Complex,2,47.6,India,New Zealand,DS Kulkarni,UT Yadav,TG Southee,1,0,,,,,,,,,
1030225,2016/17,2016-10-26,JSCA International Stadium Complex,2,48.1,India,New Zealand,DS Kulkarni,UT Yadav,TA Boult,1,0,,,,,,,,,
1030225,2016/17,2016-10-26,JSCA International Stadium Complex,2,48.2,India,New Zealand,UT Yadav,DS Kulkarni,TA Boult,1,0,,,,,,,,,
1030225,2016/17,2016-10-26,JSCA International Stadium Complex,2,48.3,India,New Zealand,DS Kulkarni,UT Yadav,TA Boult,1,0,,,,,,,,,
1030225,2016/17,2016-10-26,JSCA International Stadium Complex,2,48.4,India,New Zealand,UT Yadav,DS Kulkarni,TA Boult,0,0,,,,,,caught,UT Yadav,,
