match_id,season,start_date,venue,innings,ball,batting_team,bowling_team,striker,non_striker,bowler,runs_off_bat,extras,wides,noballs,byes,legbyes,penalty,wicket_type,player_dismissed,other_wicket_type,other_player_dismissed
1033367,2017,2017-05-19,Malahide,1,0.1,Ireland,Bangladesh,EC Joyce,PR Stirling,Rubel Hossain,0,0,,,,,,,,,
1033367,2017,2017-05-19,Malahide,1,0.2,Ireland,Bangladesh,EC Joyce,PR Stirling,Rubel Hossain,0,0,,,,,,,,,
1033367,2017,2017-05-19,Malahide,1,0.3,Ireland,Bangladesh,EC Joyce,PR Stirling,Rubel Hossain,0,0,,,,,,,,,
1033367,2017,2017-05-19,Malahide,1,0.4,Ireland,Bangladesh,EC Joyce,PR Stirling,Rubel Hossain,0,0,,,,,,,,,
1033367,2017,2017-05-19,Malahide,1,0.5,Ireland,Bangladesh,EC Joyce,PR Stirling,Rubel Hossain,0,0,,,,,,,,,
1033367,2017,2017-05-19,Malahide,1,0.6,Ireland,Bangladesh,EC Joyce,PR Stirling,Rubel Hossain,0,0,,,,,,,,,
1033367,2017,2017-05-19,Malahide,1,1.1,Ireland,Bangladesh,PR Stirling,EC Joyce,Mustafizur Rahman,0,0,,,,,,,,,
1033367,2017,2017-05-19,Malahide,1,1.2,Ireland,Bangladesh,PR Stirling,EC Joyce,Mustafizur Rahman,0,0,,,,,,,,,
1033367,2017,2017-05-19,Malahide,1,1.3,Ireland,Bangladesh,PR Stirling,EC Joyce,Mustafizur Rahman,0,0,,,,,,caught,PR Stirling,,
1033367,2017,2017-05-19,Malahide,1,1.4,Ireland,Bangladesh,WTS Porterfield,EC Joyce,Mustafizur Rahman,0,0,,,,,,,,,
1033367,2017,2017-05-19,Malahide,1,1.5,Ireland,Bangladesh,WTS Porterfield,EC Joyce,Mustafizur Rahman,0,0,,,,,,,,,
1033367,2017,2017-05-19,Malahide,1,1.6,Ireland,Bangladesh,WTS Porterfield,EC Joyce,Mustafizur Rahman,0,0,,,,,,,,,
1033367,2017,2017-05-19,Malahide,1,2.1,Ireland,Bangladesh,EC Joyce,WTS Porterfield,Rubel Hossain,0,0,,,,,,,,,
1033367,2017,2017-05-19,Malahide,1,2.2,Ireland,Bangladesh,EC Joyce,WTS Porterfield,Rubel Hossain,0,0,,,,,,,,,
1033367,2017,2017-05-19,Malahide,1,2.3,Ireland,Bangladesh,EC Joyce,WTS Porterfield,Rubel Hossain,1,0,,,,,,,,,
1033367,2017,2017-05-19,Malahide,1,2.4,Ireland,Bangladesh,WTS Porterfield,EC Joyce,Rubel Hossain,0,0,,,,,,,,,
1033367,2017,2017-05-19,Malahide,1,2.5,Ireland,Bangladesh,WTS Porterfield,EC Joyce,Rubel Hossain,0,1,1,,,,,,,,
1033367,2017,2017-05-19,Malahide,1,2.6,Ireland,Bangladesh,WTS Porterfield,EC Joyce,Rubel Hossain,0,0,,,,,,,,,
1033367,2017,2017-05-19,Malahide,1,2.7,Ireland,Bangladesh,WTS Porterfield,EC Joyce,Rubel Hossain,0,0,,,,,,,,,
1033367,2017,2017-05-19,Malahide,1,3.1,Ireland,Bangladesh,EC Joyce,WTS Porterfield,Mustafizur Rahman,0,0,,,,,,,,,
1033367,2017,2017-05-19,Malahide,1,3.2,Ireland,Bangladesh,EC Joyce,WTS Porterfield,Mustafizur Rahman,0,0,,,,,,,,,
1033367,2017,2017-05-19,Malahide,1,3.3,Ireland,Bangladesh,EC Joyce,WTS Porterfield,Mustafizur Rahman,3,0,,,,,,,,,
1033367,2017,2017-05-19,Malahide,1,3.4,Ireland,Bangladesh,WTS Porterfield,EC Joyce,Mustafizur Rahman,0,1,1,,,,,,,,
1033367,2017,2017-05-19,Malahide,1,3.5,Ireland,Bangladesh,WTS Porterfield,EC Joyce,Mustafizur Rahman,0,1,1,,,,,,,,
1033367,2017,2017-05-19,Malahide,1,3.6,Ireland,Bangladesh,WTS Porterfield,EC Joyce,Mustafizur Rahman,3,0,,,,,,,,,
1033367,2017,2017-05-19,Malahide,1,3.7,Ireland,Bangladesh,EC Joyce,WTS Porterfield,Mustafizur Rahman,2,0,,,,,,,,,
1033367,2017,2017-05-19,Malahide,1,3.8,Ireland,Bangladesh,EC Joyce,WTS Porterfield,Mustafizur Rahman,0,0,,,,,,,,,
1033367,2017,2017-05-19,Malahide,1,4.1,Ireland,Bangladesh,WTS Porterfield,EC Joyce,Rubel Hossain,0,0,,,,,,,,,
1033367,2017,2017-05-19,Malahide,1,4.2,Ireland,Bangladesh,WTS Porterfield,EC Joyce,Rubel Hossain,0,1,,,,1,,,,,
1033367,2017,2017-05-19,Malahide,1,4.3,Ireland,Bangladesh,EC Joyce,WTS Porterfield,Rubel Hossain,1,0,,,,,,,,,
1033367,2017,2017-05-19,Malahide,1,4.4,Ireland,Bangladesh,WTS Porterfield,EC Joyce,Rubel Hossain,4,0,,,,,,,,,
1033367,2017,2017-05-19,Malahide,1,4.5,Ireland,Bangladesh,WTS Porterfield,EC Joyce,Rubel Hossain,0,0,,,,,,,,,
1033367,2017,2017-05-19,Malahide,1,4.6,Ireland,Bangladesh,WTS Porterfield,EC Joyce,Rubel Hossain,0,0,,,,,,,,,
1033367,2017,2017-05-19,Malahide,1,5.1,Ireland,Bangladesh,EC Joyce,WTS Porterfield,Mashrafe Mortaza,0,0,,,,,,,,,
1033367,2017,2017-05-19,Malahide,1,5.2,Ireland,Bangladesh,EC Joyce,WTS Porterfield,Mashrafe Mortaza,0,0,,,,,,,,,
1033367,2017,2017-05-19,Malahide,1,5.3,Ireland,Bangladesh,EC Joyce,WTS Porterfield,Mashrafe Mortaza,0,0,,,,,,,,,
1033367,2017,2017-05-19,Malahide,1,5.4,Ireland,Bangladesh,EC Joyce,WTS Porterfield,Mashrafe Mortaza,0,1,1,,,,,,,,
1033367,2017,2017-05-19,Malahide,1,5.5,Ireland,Bangladesh,EC Joyce,WTS Porterfield,Mashrafe Mortaza,1,0,,,,,,,,,
1033367,2017,2017-05-19,Malahide,1,5.6,Ireland,Bangladesh,WTS Porterfield,EC Joyce,Mashrafe Mortaza,0,0,,,,,,,,,
1033367,2017,2017-05-19,Malahide,1,5.7,Ireland,Bangladesh,WTS Porterfield,EC Joyce,Mashrafe Mortaza,6,0,,,,,,,,,
1033367,2017,2017-05-19,Malahide,1,6.1,Ireland,Bangladesh,EC Joyce,WTS Porterfield,Rubel Hossain,0,0,,,,,,,,,
1033367,2017,2017-05-19,Malahide,1,6.2,Ireland,Bangladesh,EC Joyce,WTS Porterfield,Rubel Hossain,1,0,,,,,,,,,
1033367,2017,2017-05-19,Malahide,1,6.3,Ireland,Bangladesh,WTS Porterfield,EC Joyce,Rubel Hossain,4,0,,,,,,,,,
1033367,2017,2017-05-19,Malahide,1,6.4,Ireland,Bangladesh,WTS Porterfield,EC Joyce,Rubel Hossain,4,0,,,,,,,,,
1033367,2017,2017-05-19,Malahide,1,6.5,Ireland,Bangladesh,WTS Porterfield,EC Joyce,Rubel Hossain,0,1,,,1,,,,,,
1033367,2017,2017-05-19,Malahide,1,6.6,Ireland,Bangladesh,EC Joyce,WTS Porterfield,Rubel Hossain,0,0,,,,,,,,,
1033367,2017,2017-05-19,Malahide,1,7.1,Ireland,Bangladesh,WTS Porterfield,EC Joyce,Mashrafe Mortaza,0,0,,,,,,,,,
1033367,2017,2017-05-19,Malahide,1,7.2,Ireland,Bangladesh,WTS Porterfield,EC Joyce,Mashrafe Mortaza,0,0,,,,,,,,,
1033367,2017,2017-05-19,Malahide,1,7.3,Ireland,Bangladesh,WTS Porterfield,EC Joyce,Mashrafe Mortaza,0,0,,,,,,,,,
1033367,2017,2017-05-19,Malahide,1,7.4,Ireland,Bangladesh,WTS Porterfield,EC Joyce,Mashrafe Mortaza,0,0,,,,,,,,,
1033367,2017,2017-05-19,Malahide,1,7.5,Ireland,Bangladesh,WTS Porterfield,EC Joyce,Mashrafe Mortaza,1,0,,,,,,,,,
1033367,2017,2017-05-19,Malahide,1,7.6,Ireland,Bangladesh,EC Joyce,WTS Porterfield,Mashrafe Mortaza,0,0,,,,,,,,,
1033367,2017,2017-05-19,Malahide,1,8.1,Ireland,Bangladesh,WTS Porterfield,EC Joyce,Mosaddek Hossain,0,0,,,,,,,,,
1033367,2017,2017-05-19,Malahide,1,8.2,Ireland,Bangladesh,WTS Porterfield,EC Joyce,Mosaddek Hossain,0,0,,,,,,,,,
1033367,2017,2017-05-19,Malahide,1,8.3,Ireland,Bangladesh,WTS Porterfield,EC Joyce,Mosaddek Hossain,0,0,,,,,,caught and bowled,WTS Porterfield,,
1033367,2017,2017-05-19,Malahide,1,8.4,Ireland,Bangladesh,A Balbirnie,EC Joyce,Mosaddek Hossain,0,0,,,,,,,,,
1033367,2017,2017-05-19,Malahide,1,8.5,Ireland,Bangladesh,A Balbirnie,EC Joyce,Mosaddek Hossain,1,0,,,,,,,,,
1033367,2017,2017-05-19,Malahide,1,8.6,Ireland,Bangladesh,EC Joyce,A Balbirnie,Mosaddek Hossain,0,0,,,,,,,,,
1033367,2017,2017-05-19,Malahide,1,9.1,Ireland,Bangladesh,A Balbirnie,EC Joyce,Mashrafe Mortaza,0,0,,,,,,,,,
1033367,2017,2017-05-19,Malahide,1,9.2,Ireland,Bangladesh,A Balbirnie,EC Joyce,Mashrafe Mortaza,0,0,,,,,,,,,
1033367,2017,2017-05-19,Malahide,1,9.3,Ireland,Bangladesh,A Balbirnie,EC Joyce,Mashrafe Mortaza,0,0,,,,,,,,,
1033367,2017,2017-05-19,Malahide,1,9.4,Ireland,Bangladesh,A Balbirnie,EC Joyce,Mashrafe Mortaza,0,0,,,,,,,,,
1033367,2017,2017-05-19,Malahide,1,9.5,Ireland,Bangladesh,A Balbirnie,EC Joyce,Mashrafe Mortaza,0,0,,,,,,,,,
1033367,2017,2017-05-19,Malahide,1,9.6,Ireland,Bangladesh,A Balbirnie,EC Joyce,Mashrafe Mortaza,0,0,,,,,,,,,
1033367,2017,2017-05-19,Malahide,1,10.1,Ireland,Bangladesh,EC Joyce,A Balbirnie,Mosaddek Hossain,1,0,,,,,,,,,
1033367,2017,2017-05-19,Malahide,1,10.2,Ireland,Bangladesh,A Balbirnie,EC Joyce,Mosaddek Hossain,0,0,,,,,,,,,
1033367,2017,2017-05-19,Malahide,1,10.3,Ireland,Bangladesh,A Balbirnie,EC Joyce,Mosaddek Hossain,0,0,,,,,,,,,
1033367,2017,2017-05-19,Malahide,1,10.4,Ireland,Bangladesh,A Balbirnie,EC Joyce,Mosaddek Hossain,0,0,,,,,,,,,
1033367,2017,2017-05-19,Malahide,1,10.5,Ireland,Bangladesh,A Balbirnie,EC Joyce,Mosaddek Hossain,1,0,,,,,,,,,
1033367,2017,2017-05-19,Malahide,1,10.6,Ireland,Bangladesh,EC Joyce,A Balbirnie,Mosaddek Hossain,2,0,,,,,,,,,
1033367,2017,2017-05-19,Malahide,1,11.1,Ireland,Bangladesh,A Balbirnie,EC Joyce,Mashrafe Mortaza,0,0,,,,,,,,,
1033367,2017,2017-05-19,Malahide,1,11.2,Ireland,Bangladesh,A Balbirnie,EC Joyce,Mashrafe Mortaza,0,0,,,,,,,,,
1033367,2017,2017-05-19,Malahide,1,11.3,Ireland,Bangladesh,A Balbirnie,EC Joyce,Mashrafe Mortaza,0,0,,,,,,,,,
1033367,2017,2017-05-19,Malahide,1,11.4,Ireland,Bangladesh,A Balbirnie,EC Joyce,Mashrafe Mortaza,0,1,,,,1,,,,,
1033367,2017,2017-05-19,Malahide,1,11.5,Ireland,Bangladesh,EC Joyce,A Balbirnie,Mashrafe Mortaza,1,0,,,,,,,,,
1033367,2017,2017-05-19,Malahide,1,11.6,Ireland,Bangladesh,A Balbirnie,EC Joyce,Mashrafe Mortaza,1,0,,,,,,,,,
1033367,2017,2017-05-19,Malahide,1,12.1,Ireland,Bangladesh,A Balbirnie,EC Joyce,Shakib Al Hasan,2,0,,,,,,,,,
1033367,2017,2017-05-19,Malahide,1,12.2,Ireland,Bangladesh,A Balbirnie,EC Joyce,Shakib Al Hasan,0,0,,,,,,,,,
1033367,2017,2017-05-19,Malahide,1,12.3,Ireland,Bangladesh,A Balbirnie,EC Joyce,Shakib Al Hasan,0,0,,,,,,,,,
1033367,2017,2017-05-19,Malahide,1,12.4,Ireland,Bangladesh,A Balbirnie,EC Joyce,Shakib Al Hasan,6,0,,,,,,,,,
1033367,2017,2017-05-19,Malahide,1,12.5,Ireland,Bangladesh,A Balbirnie,EC Joyce,Shakib Al Hasan,1,0,,,,,,,,,
1033367,2017,2017-05-19,Malahide,1,12.6,Ireland,Bangladesh,EC Joyce,A Balbirnie,Shakib Al Hasan,1,0,,,,,,,,,
1033367,2017,2017-05-19,Malahide,1,13.1,Ireland,Bangladesh,EC Joyce,A Balbirnie,Mustafizur Rahman,0,0,,,,,,,,,
1033367,2017,2017-05-19,Malahide,1,13.2,Ireland,Bangladesh,EC Joyce,A Balbirnie,Mustafizur Rahman,4,0,,,,,,,,,
1033367,2017,2017-05-19,Malahide,1,13.3,Ireland,Bangladesh,EC Joyce,A Balbirnie,Mustafizur Rahman,0,0,,,,,,,,,
1033367,2017,2017-05-19,Malahide,1,13.4,Ireland,Bangladesh,EC Joyce,A Balbirnie,Mustafizur Rahman,0,0,,,,,,,,,
1033367,2017,2017-05-19,Malahide,1,13.5,Ireland,Bangladesh,EC Joyce,A Balbirnie,Mustafizur Rahman,1,0,,,,,,,,,
1033367,2017,2017-05-19,Malahide,1,13.6,Ireland,Bangladesh,A Balbirnie,EC Joyce,Mustafizur Rahman,0,0,,,,,,,,,
1033367,2017,2017-05-19,Malahide,1,14.1,Ireland,Bangladesh,EC Joyce,A Balbirnie,Shakib Al Hasan,1,0,,,,,,,,,
1033367,2017,2017-05-19,Malahide,1,14.2,Ireland,Bangladesh,A Balbirnie,EC Joyce,Shakib Al Hasan,0,0,,,,,,bowled,A Balbirnie,,
1033367,2017,2017-05-19,Malahide,1,14.3,Ireland,Bangladesh,NJ O'Brien,EC Joyce,Shakib Al Hasan,0,0,,,,,,,,,
1033367,2017,2017-05-19,Malahide,1,14.4,Ireland,Bangladesh,NJ O'Brien,EC Joyce,Shakib Al Hasan,0,0,,,,,,,,,
1033367,2017,2017-05-19,Malahide,1,14.5,Ireland,Bangladesh,NJ O'Brien,EC Joyce,Shakib Al Hasan,0,0,,,,,,,,,
1033367,2017,2017-05-19,Malahide,1,14.6,Ireland,Bangladesh,NJ O'Brien,EC Joyce,Shakib Al Hasan,1,0,,,,,,,,,
1033367,2017,2017-05-19,Malahide,1,15.1,Ireland,Bangladesh,NJ O'Brien,EC Joyce,Mosaddek Hossain,1,0,,,,,,,,,
1033367,2017,2017-05-19,Malahide,1,15.2,Ireland,Bangladesh,EC Joyce,NJ O'Brien,Mosaddek Hossain,0,0,,,,,,,,,
1033367,2017,2017-05-19,Malahide,1,15.3,Ireland,Bangladesh,EC Joyce,NJ O'Brien,Mosaddek Hossain,0,0,,,,,,,,,
1033367,2017,2017-05-19,Malahide,1,15.4,Ireland,Bangladesh,EC Joyce,NJ O'Brien,Mosaddek Hossain,0,0,,,,,,,,,
1033367,2017,2017-05-19,Malahide,1,15.5,Ireland,Bangladesh,EC Joyce,NJ O'Brien,Mosaddek Hossain,0,0,,,,,,,,,
1033367,2017,2017-05-19,Malahide,1,15.6,Ireland,Bangladesh,EC Joyce,NJ O'Brien,Mosaddek Hossain,4,0,,,,,,,,,
1033367,2017,2017-05-19,Malahide,1,16.1,Ireland,Bangladesh,NJ O'Brien,EC Joyce,Shakib Al Hasan,0,0,,,,,,,,,
1033367,2017,2017-05-19,Malahide,1,16.2,Ireland,Bangladesh,NJ O'Brien,EC Joyce,Shakib Al Hasan,1,0,,,,,,,,,
1033367,2017,2017-05-19,Malahide,1,16.3,Ireland,Bangladesh,EC Joyce,NJ O'Brien,Shakib Al Hasan,0,0,,,,,,,,,
1033367,2017,2017-05-19,Malahide,1,16.4,Ireland,Bangladesh,EC Joyce,NJ O'Brien,Shakib Al Hasan,0,0,,,,,,,,,
1033367,2017,2017-05-19,Malahide,1,16.5,Ireland,Bangladesh,EC Joyce,NJ O'Brien,Shakib Al Hasan,1,0,,,,,,,,,
1033367,2017,2017-05-19,Malahide,1,16.6,Ireland,Bangladesh,NJ O'Brien,EC Joyce,Shakib Al Hasan,0,0,,,,,,,,,
1033367,2017,2017-05-19,Malahide,1,17.1,Ireland,Bangladesh,EC Joyce,NJ O'Brien,Mosaddek Hossain,1,0,,,,,,,,,
1033367,2017,2017-05-19,Malahide,1,17.2,Ireland,Bangladesh,NJ O'Brien,EC Joyce,Mosaddek Hossain,1,0,,,,,,,,,
1033367,2017,2017-05-19,Malahide,1,17.3,Ireland,Bangladesh,EC Joyce,NJ O'Brien,Mosaddek Hossain,1,0,,,,,,,,,
1033367,2017,2017-05-19,Malahide,1,17.4,Ireland,Bangladesh,NJ O'Brien,EC Joyce,Mosaddek Hossain,0,0,,,,,,,,,
1033367,2017,2017-05-19,Malahide,1,17.5,Ireland,Bangladesh,NJ O'Brien,EC Joyce,Mosaddek Hossain,0,0,,,,,,,,,
1033367,2017,2017-05-19,Malahide,1,17.6,Ireland,Bangladesh,NJ O'Brien,EC Joyce,Mosaddek Hossain,1,0,,,,,,,,,
1033367,2017,2017-05-19,Malahide,1,18.1,Ireland,Bangladesh,NJ O'Brien,EC Joyce,Shakib Al Hasan,0,0,,,,,,,,,
1033367,2017,2017-05-19,Malahide,1,18.2,Ireland,Bangladesh,NJ O'Brien,EC Joyce,Shakib Al Hasan,0,0,,,,,,,,,
1033367,2017,2017-05-19,Malahide,1,18.3,Ireland,Bangladesh,NJ O'Brien,EC Joyce,Shakib Al Hasan,1,0,,,,,,,,,
1033367,2017,2017-05-19,Malahide,1,18.4,Ireland,Bangladesh,EC Joyce,NJ O'Brien,Shakib Al Hasan,0,0,,,,,,,,,
1033367,2017,2017-05-19,Malahide,1,18.5,Ireland,Bangladesh,EC Joyce,NJ O'Brien,Shakib Al Hasan,0,0,,,,,,,,,
1033367,2017,2017-05-19,Malahide,1,18.6,Ireland,Bangladesh,EC Joyce,NJ O'Brien,Shakib Al Hasan,1,0,,,,,,,,,
1033367,2017,2017-05-19,Malahide,1,19.1,Ireland,Bangladesh,EC Joyce,NJ O'Brien,Mosaddek Hossain,1,0,,,,,,,,,
1033367,2017,2017-05-19,Malahide,1,19.2,Ireland,Bangladesh,NJ O'Brien,EC Joyce,Mosaddek Hossain,0,0,,,,,,,,,
1033367,2017,2017-05-19,Malahide,1,19.3,Ireland,Bangladesh,NJ O'Brien,EC Joyce,Mosaddek Hossain,0,0,,,,,,,,,
1033367,2017,2017-05-19,Malahide,1,19.4,Ireland,Bangladesh,NJ O'Brien,EC Joyce,Mosaddek Hossain,0,0,,,,,,,,,
1033367,2017,2017-05-19,Malahide,1,19.5,Ireland,Bangladesh,NJ O'Brien,EC Joyce,Mosaddek Hossain,0,0,,,,,,,,,
1033367,2017,2017-05-19,Malahide,1,19.6,Ireland,Bangladesh,NJ O'Brien,EC Joyce,Mosaddek Hossain,1,0,,,,,,,,,
1033367,2017,2017-05-19,Malahide,1,20.1,Ireland,Bangladesh,NJ O'Brien,EC Joyce,Shakib Al Hasan,1,0,,,,,,,,,
1033367,2017,2017-05-19,Malahide,1,20.2,Ireland,Bangladesh,EC Joyce,NJ O'Brien,Shakib Al Hasan,0,0,,,,,,,,,
1033367,2017,2017-05-19,Malahide,1,20.3,Ireland,Bangladesh,EC Joyce,NJ O'Brien,Shakib Al Hasan,0,0,,,,,,,,,
1033367,2017,2017-05-19,Malahide,1,20.4,Ireland,Bangladesh,EC Joyce,NJ O'Brien,Shakib Al Hasan,0,0,,,,,,,,,
1033367,2017,2017-05-19,Malahide,1,20.5,Ireland,Bangladesh,EC Joyce,NJ O'Brien,Shakib Al Hasan,1,0,,,,,,,,,
1033367,2017,2017-05-19,Malahide,1,20.6,Ireland,Bangladesh,NJ O'Brien,EC Joyce,Shakib Al Hasan,6,0,,,,,,,,,
1033367,2017,2017-05-19,Malahide,1,21.1,Ireland,Bangladesh,EC Joyce,NJ O'Brien,Mosaddek Hossain,0,1,,,,1,,,,,
1033367,2017,2017-05-19,Malahide,1,21.2,Ireland,Bangladesh,NJ O'Brien,EC Joyce,Mosaddek Hossain,4,0,,,,,,,,,
1033367,2017,2017-05-19,Malahide,1,21.3,Ireland,Bangladesh,NJ O'Brien,EC Joyce,Mosaddek Hossain,0,0,,,,,,,,,
1033367,2017,2017-05-19,Malahide,1,21.4,Ireland,Bangladesh,NJ O'Brien,EC Joyce,Mosaddek Hossain,0,0,,,,,,,,,
1033367,2017,2017-05-19,Malahide,1,21.5,Ireland,Bangladesh,NJ O'Brien,EC Joyce,Mosaddek Hossain,1,0,,,,,,,,,
1033367,2017,2017-05-19,Malahide,1,21.6,Ireland,Bangladesh,EC Joyce,NJ O'Brien,Mosaddek Hossain,0,0,,,,,,,,,
1033367,2017,2017-05-19,Malahide,1,22.1,Ireland,Bangladesh,NJ O'Brien,EC Joyce,Mahmudullah,0,0,,,,,,,,,
1033367,2017,2017-05-19,Malahide,1,22.2,Ireland,Bangladesh,NJ O'Brien,EC Joyce,Mahmudullah,0,0,,,,,,,,,
1033367,2017,2017-05-19,Malahide,1,22.3,Ireland,Bangladesh,NJ O'Brien,EC Joyce,Mahmudullah,1,0,,,,,,,,,
1033367,2017,2017-05-19,Malahide,1,22.4,Ireland,Bangladesh,EC Joyce,NJ O'Brien,Mahmudullah,1,0,,,,,,,,,
1033367,2017,2017-05-19,Malahide,1,22.5,Ireland,Bangladesh,NJ O'Brien,EC Joyce,Mahmudullah,0,0,,,,,,,,,
1033367,2017,2017-05-19,Malahide,1,22.6,Ireland,Bangladesh,NJ O'Brien,EC Joyce,Mahmudullah,1,0,,,,,,,,,
1033367,2017,2017-05-19,Malahide,1,23.1,Ireland,Bangladesh,NJ O'Brien,EC Joyce,Rubel Hossain,1,0,,,,,,,,,
1033367,2017,2017-05-19,Malahide,1,23.2,Ireland,Bangladesh,EC Joyce,NJ O'Brien,Rubel Hossain,1,0,,,,,,,,,
1033367,2017,2017-05-19,Malahide,1,23.3,Ireland,Bangladesh,NJ O'Brien,EC Joyce,Rubel Hossain,1,0,,,,,,,,,
1033367,2017,2017-05-19,Malahide,1,23.4,Ireland,Bangladesh,EC Joyce,NJ O'Brien,Rubel Hossain,0,0,,,,,,,,,
1033367,2017,2017-05-19,Malahide,1,23.5,Ireland,Bangladesh,EC Joyce,NJ O'Brien,Rubel Hossain,0,0,,,,,,,,,
1033367,2017,2017-05-19,Malahide,1,23.6,Ireland,Bangladesh,EC Joyce,NJ O'Brien,Rubel Hossain,2,0,,,,,,,,,
1033367,2017,2017-05-19,Malahide,1,24.1,Ireland,Bangladesh,NJ O'Brien,EC Joyce,Mahmudullah,1,0,,,,,,,,,
1033367,2017,2017-05-19,Malahide,1,24.2,Ireland,Bangladesh,EC Joyce,NJ O'Brien,Mahmudullah,0,0,,,,,,,,,
1033367,2017,2017-05-19,Malahide,1,24.3,Ireland,Bangladesh,EC Joyce,NJ O'Brien,Mahmudullah,1,0,,,,,,,,,
1033367,2017,2017-05-19,Malahide,1,24.4,Ireland,Bangladesh,NJ O'Brien,EC Joyce,Mahmudullah,1,0,,,,,,,,,
1033367,2017,2017-05-19,Malahide,1,24.5,Ireland,Bangladesh,EC Joyce,NJ O'Brien,Mahmudullah,0,0,,,,,,,,,
1033367,2017,2017-05-19,Malahide,1,24.6,Ireland,Bangladesh,EC Joyce,NJ O'Brien,Mahmudullah,0,0,,,,,,,,,
1033367,2017,2017-05-19,Malahide,1,25.1,Ireland,Bangladesh,NJ O'Brien,EC Joyce,Rubel Hossain,1,0,,,,,,,,,
1033367,2017,2017-05-19,Malahide,1,25.2,Ireland,Bangladesh,EC Joyce,NJ O'Brien,Rubel Hossain,1,0,,,,,,,,,
1033367,2017,2017-05-19,Malahide,1,25.3,Ireland,Bangladesh,NJ O'Brien,EC Joyce,Rubel Hossain,2,0,,,,,,,,,
1033367,2017,2017-05-19,Malahide,1,25.4,Ireland,Bangladesh,NJ O'Brien,EC Joyce,Rubel Hossain,1,0,,,,,,,,,
1033367,2017,2017-05-19,Malahide,1,25.5,Ireland,Bangladesh,EC Joyce,NJ O'Brien,Rubel Hossain,0,0,,,,,,,,,
1033367,2017,2017-05-19,Malahide,1,25.6,Ireland,Bangladesh,EC Joyce,NJ O'Brien,Rubel Hossain,1,0,,,,,,,,,
1033367,2017,2017-05-19,Malahide,1,26.1,Ireland,Bangladesh,EC Joyce,NJ O'Brien,Mahmudullah,0,0,,,,,,,,,
1033367,2017,2017-05-19,Malahide,1,26.2,Ireland,Bangladesh,EC Joyce,NJ O'Brien,Mahmudullah,1,0,,,,,,,,,
1033367,2017,2017-05-19,Malahide,1,26.3,Ireland,Bangladesh,NJ O'Brien,EC Joyce,Mahmudullah,1,0,,,,,,,,,
1033367,2017,2017-05-19,Malahide,1,26.4,Ireland,Bangladesh,EC Joyce,NJ O'Brien,Mahmudullah,4,0,,,,,,,,,
1033367,2017,2017-05-19,Malahide,1,26.5,Ireland,Bangladesh,EC Joyce,NJ O'Brien,Mahmudullah,1,0,,,,,,,,,
1033367,2017,2017-05-19,Malahide,1,26.6,Ireland,Bangladesh,NJ O'Brien,EC Joyce,Mahmudullah,0,0,,,,,,,,,
1033367,2017,2017-05-19,Malahide,1,27.1,Ireland,Bangladesh,EC Joyce,NJ O'Brien,Mustafizur Rahman,1,0,,,,,,,,,
1033367,2017,2017-05-19,Malahide,1,27.2,Ireland,Bangladesh,NJ O'Brien,EC Joyce,Mustafizur Rahman,0,0,,,,,,,,,
1033367,2017,2017-05-19,Malahide,1,27.3,Ireland,Bangladesh,NJ O'Brien,EC Joyce,Mustafizur Rahman,0,0,,,,,,caught,NJ O'Brien,,
1033367,2017,2017-05-19,Malahide,1,27.4,Ireland,Bangladesh,KJ O'Brien,EC Joyce,Mustafizur Rahman,0,0,,,,,,,,,
1033367,2017,2017-05-19,Malahide,1,27.5,Ireland,Bangladesh,KJ O'Brien,EC Joyce,Mustafizur Rahman,0,0,,,,,,,,,
1033367,2017,2017-05-19,Malahide,1,27.6,Ireland,Bangladesh,KJ O'Brien,EC Joyce,Mustafizur Rahman,2,0,,,,,,,,,
1033367,2017,2017-05-19,Malahide,1,28.1,Ireland,Bangladesh,EC Joyce,KJ O'Brien,Sunzamul Islam,1,0,,,,,,,,,
1033367,2017,2017-05-19,Malahide,1,28.2,Ireland,Bangladesh,KJ O'Brien,EC Joyce,Sunzamul Islam,4,0,,,,,,,,,
1033367,2017,2017-05-19,Malahide,1,28.3,Ireland,Bangladesh,KJ O'Brien,EC Joyce,Sunzamul Islam,1,0,,,,,,,,,
1033367,2017,2017-05-19,Malahide,1,28.4,Ireland,Bangladesh,EC Joyce,KJ O'Brien,Sunzamul Islam,1,0,,,,,,,,,
1033367,2017,2017-05-19,Malahide,1,28.5,Ireland,Bangladesh,KJ O'Brien,EC Joyce,Sunzamul Islam,1,0,,,,,,,,,
1033367,2017,2017-05-19,Malahide,1,28.6,Ireland,Bangladesh,EC Joyce,KJ O'Brien,Sunzamul Islam,0,0,,,,,,caught,EC Joyce,,
1033367,2017,2017-05-19,Malahide,1,29.1,Ireland,Bangladesh,GC Wilson,KJ O'Brien,Mustafizur Rahman,0,0,,,,,,,,,
1033367,2017,2017-05-19,Malahide,1,29.2,Ireland,Bangladesh,GC Wilson,KJ O'Brien,Mustafizur Rahman,0,0,,,,,,,,,
1033367,2017,2017-05-19,Malahide,1,29.3,Ireland,Bangladesh,GC Wilson,KJ O'Brien,Mustafizur Rahman,0,0,,,,,,,,,
1033367,2017,2017-05-19,Malahide,1,29.4,Ireland,Bangladesh,GC Wilson,KJ O'Brien,Mustafizur Rahman,2,0,,,,,,,,,
1033367,2017,2017-05-19,Malahide,1,29.5,Ireland,Bangladesh,GC Wilson,KJ O'Brien,Mustafizur Rahman,0,0,,,,,,,,,
1033367,2017,2017-05-19,Malahide,1,29.6,Ireland,Bangladesh,GC Wilson,KJ O'Brien,Mustafizur Rahman,0,0,,,,,,,,,
1033367,2017,2017-05-19,Malahide,1,30.1,Ireland,Bangladesh,KJ O'Brien,GC Wilson,Sunzamul Islam,0,0,,,,,,,,,
1033367,2017,2017-05-19,Malahide,1,30.2,Ireland,Bangladesh,KJ O'Brien,GC Wilson,Sunzamul Islam,0,1,1,,,,,,,,
1033367,2017,2017-05-19,Malahide,1,30.3,Ireland,Bangladesh,KJ O'Brien,GC Wilson,Sunzamul Islam,0,0,,,,,,,,,
1033367,2017,2017-05-19,Malahide,1,30.4,Ireland,Bangladesh,KJ O'Brien,GC Wilson,Sunzamul Islam,1,0,,,,,,,,,
1033367,2017,2017-05-19,Malahide,1,30.5,Ireland,Bangladesh,GC Wilson,KJ O'Brien,Sunzamul Islam,1,0,,,,,,,,,
1033367,2017,2017-05-19,Malahide,1,30.6,Ireland,Bangladesh,KJ O'Brien,GC Wilson,Sunzamul Islam,1,0,,,,,,,,,
1033367,2017,2017-05-19,Malahide,1,30.7,Ireland,Bangladesh,GC Wilson,KJ O'Brien,Sunzamul Islam,1,0,,,,,,,,,
1033367,2017,2017-05-19,Malahide,1,31.1,Ireland,Bangladesh,GC Wilson,KJ O'Brien,Mustafizur Rahman,0,0,,,,,,,,,
1033367,2017,2017-05-19,Malahide,1,31.2,Ireland,Bangladesh,GC Wilson,KJ O'Brien,Mustafizur Rahman,0,0,,,,,,,,,
1033367,2017,2017-05-19,Malahide,1,31.3,Ireland,Bangladesh,GC Wilson,KJ O'Brien,Mustafizur Rahman,1,0,,,,,,,,,
1033367,2017,2017-05-19,Malahide,1,31.4,Ireland,Bangladesh,KJ O'Brien,GC Wilson,Mustafizur Rahman,0,0,,,,,,caught,KJ O'Brien,,
1033367,2017,2017-05-19,Malahide,1,31.5,Ireland,Bangladesh,GC Wilson,GH Dockrell,Mustafizur Rahman,0,0,,,,,,,,,
1033367,2017,2017-05-19,Malahide,1,31.6,Ireland,Bangladesh,GC Wilson,GH Dockrell,Mustafizur Rahman,0,0,,,,,,,,,
1033367,2017,2017-05-19,Malahide,1,32.1,Ireland,Bangladesh,GH Dockrell,GC Wilson,Sunzamul Islam,0,0,,,,,,,,,
1033367,2017,2017-05-19,Malahide,1,32.2,Ireland,Bangladesh,GH Dockrell,GC Wilson,Sunzamul Islam,1,0,,,,,,,,,
1033367,2017,2017-05-19,Malahide,1,32.3,Ireland,Bangladesh,GC Wilson,GH Dockrell,Sunzamul Islam,0,0,,,,,,,,,
1033367,2017,2017-05-19,Malahide,1,32.4,Ireland,Bangladesh,GC Wilson,GH Dockrell,Sunzamul Islam,0,0,,,,,,,,,
1033367,2017,2017-05-19,Malahide,1,32.5,Ireland,Bangladesh,GC Wilson,GH Dockrell,Sunzamul Islam,1,0,,,,,,,,,
1033367,2017,2017-05-19,Malahide,1,32.6,Ireland,Bangladesh,GH Dockrell,GC Wilson,Sunzamul Islam,0,0,,,,,,,,,
1033367,2017,2017-05-19,Malahide,1,33.1,Ireland,Bangladesh,GC Wilson,GH Dockrell,Mustafizur Rahman,0,0,,,,,,caught,GC Wilson,,
1033367,2017,2017-05-19,Malahide,1,33.2,Ireland,Bangladesh,BJ McCarthy,GH Dockrell,Mustafizur Rahman,0,0,,,,,,,,,
1033367,2017,2017-05-19,Malahide,1,33.3,Ireland,Bangladesh,BJ McCarthy,GH Dockrell,Mustafizur Rahman,0,0,,,,,,,,,
1033367,2017,2017-05-19,Malahide,1,33.4,Ireland,Bangladesh,BJ McCarthy,GH Dockrell,Mustafizur Rahman,0,0,,,,,,,,,
1033367,2017,2017-05-19,Malahide,1,33.5,Ireland,Bangladesh,BJ McCarthy,GH Dockrell,Mustafizur Rahman,0,0,,,,,,,,,
1033367,2017,2017-05-19,Malahide,1,33.6,Ireland,Bangladesh,BJ McCarthy,GH Dockrell,Mustafizur Rahman,0,0,,,,,,,,,
1033367,2017,2017-05-19,Malahide,1,34.1,Ireland,Bangladesh,GH Dockrell,BJ McCarthy,Sunzamul Islam,1,0,,,,,,,,,
1033367,2017,2017-05-19,Malahide,1,34.2,Ireland,Bangladesh,BJ McCarthy,GH Dockrell,Sunzamul Islam,0,0,,,,,,,,,
1033367,2017,2017-05-19,Malahide,1,34.3,Ireland,Bangladesh,BJ McCarthy,GH Dockrell,Sunzamul Islam,0,0,,,,,,,,,
1033367,2017,2017-05-19,Malahide,1,34.4,Ireland,Bangladesh,BJ McCarthy,GH Dockrell,Sunzamul Islam,1,0,,,,,,,,,
1033367,2017,2017-05-19,Malahide,1,34.5,Ireland,Bangladesh,GH Dockrell,BJ McCarthy,Sunzamul Islam,0,0,,,,,,,,,
1033367,2017,2017-05-19,Malahide,1,34.6,Ireland,Bangladesh,GH Dockrell,BJ McCarthy,Sunzamul Islam,1,0,,,,,,,,,
1033367,2017,2017-05-19,Malahide,1,35.1,Ireland,Bangladesh,GH Dockrell,BJ McCarthy,Mustafizur Rahman,0,0,,,,,,,,,
1033367,2017,2017-05-19,Malahide,1,35.2,Ireland,Bangladesh,GH Dockrell,BJ McCarthy,Mustafizur Rahman,0,0,,,,,,,,,
1033367,2017,2017-05-19,Malahide,1,35.3,Ireland,Bangladesh,GH Dockrell,BJ McCarthy,Mustafizur Rahman,0,0,,,,,,,,,
1033367,2017,2017-05-19,Malahide,1,35.4,Ireland,Bangladesh,GH Dockrell,BJ McCarthy,Mustafizur Rahman,0,0,,,,,,,,,
1033367,2017,2017-05-19,Malahide,1,35.5,Ireland,Bangladesh,GH Dockrell,BJ McCarthy,Mustafizur Rahman,1,0,,,,,,,,,
1033367,2017,2017-05-19,Malahide,1,35.6,Ireland,Bangladesh,BJ McCarthy,GH Dockrell,Mustafizur Rahman,0,0,,,,,,,,,
1033367,2017,2017-05-19,Malahide,1,36.1,Ireland,Bangladesh,GH Dockrell,BJ McCarthy,Shakib Al Hasan,0,0,,,,,,,,,
1033367,2017,2017-05-19,Malahide,1,36.2,Ireland,Bangladesh,GH Dockrell,BJ McCarthy,Shakib Al Hasan,2,0,,,,,,,,,
1033367,2017,2017-05-19,Malahide,1,36.3,Ireland,Bangladesh,GH Dockrell,BJ McCarthy,Shakib Al Hasan,1,0,,,,,,,,,
1033367,2017,2017-05-19,Malahide,1,36.4,Ireland,Bangladesh,BJ McCarthy,GH Dockrell,Shakib Al Hasan,1,0,,,,,,,,,
1033367,2017,2017-05-19,Malahide,1,36.5,Ireland,Bangladesh,GH Dockrell,BJ McCarthy,Shakib Al Hasan,0,0,,,,,,,,,
1033367,2017,2017-05-19,Malahide,1,36.6,Ireland,Bangladesh,GH Dockrell,BJ McCarthy,Shakib Al Hasan,0,0,,,,,,,,,
1033367,2017,2017-05-19,Malahide,1,37.1,Ireland,Bangladesh,BJ McCarthy,GH Dockrell,Rubel Hossain,1,0,,,,,,,,,
1033367,2017,2017-05-19,Malahide,1,37.2,Ireland,Bangladesh,GH Dockrell,BJ McCarthy,Rubel Hossain,0,0,,,,,,,,,
1033367,2017,2017-05-19,Malahide,1,37.3,Ireland,Bangladesh,GH Dockrell,BJ McCarthy,Rubel Hossain,0,0,,,,,,,,,
1033367,2017,2017-05-19,Malahide,1,37.4,Ireland,Bangladesh,GH Dockrell,BJ McCarthy,Rubel Hossain,2,0,,,,,,,,,
1033367,2017,2017-05-19,Malahide,1,37.5,Ireland,Bangladesh,GH Dockrell,BJ McCarthy,Rubel Hossain,1,0,,,,,,,,,
1033367,2017,2017-05-19,Malahide,1,37.6,Ireland,Bangladesh,BJ McCarthy,GH Dockrell,Rubel Hossain,0,1,1,,,,,,,,
1033367,2017,2017-05-19,Malahide,1,37.7,Ireland,Bangladesh,BJ McCarthy,GH Dockrell,Rubel Hossain,4,0,,,,,,,,,
1033367,2017,2017-05-19,Malahide,1,38.1,Ireland,Bangladesh,GH Dockrell,BJ McCarthy,Shakib Al Hasan,0,0,,,,,,,,,
1033367,2017,2017-05-19,Malahide,1,38.2,Ireland,Bangladesh,GH Dockrell,BJ McCarthy,Shakib Al Hasan,0,0,,,,,,,,,
1033367,2017,2017-05-19,Malahide,1,38.3,Ireland,Bangladesh,GH Dockrell,BJ McCarthy,Shakib Al Hasan,1,0,,,,,,,,,
1033367,2017,2017-05-19,Malahide,1,38.4,Ireland,Bangladesh,BJ McCarthy,GH Dockrell,Shakib Al Hasan,1,0,,,,,,,,,
1033367,2017,2017-05-19,Malahide,1,38.5,Ireland,Bangladesh,GH Dockrell,BJ McCarthy,Shakib Al Hasan,0,0,,,,,,,,,
1033367,2017,2017-05-19,Malahide,1,38.6,Ireland,Bangladesh,GH Dockrell,BJ McCarthy,Shakib Al Hasan,1,0,,,,,,,,,
1033367,2017,2017-05-19,Malahide,1,39.1,Ireland,Bangladesh,GH Dockrell,BJ McCarthy,Rubel Hossain,1,0,,,,,,,,,
1033367,2017,2017-05-19,Malahide,1,39.2,Ireland,Bangladesh,BJ McCarthy,GH Dockrell,Rubel Hossain,1,0,,,,,,,,,
1033367,2017,2017-05-19,Malahide,1,39.3,Ireland,Bangladesh,GH Dockrell,BJ McCarthy,Rubel Hossain,1,0,,,,,,,,,
1033367,2017,2017-05-19,Malahide,1,39.4,Ireland,Bangladesh,BJ McCarthy,GH Dockrell,Rubel Hossain,0,0,,,,,,,,,
1033367,2017,2017-05-19,Malahide,1,39.5,Ireland,Bangladesh,BJ McCarthy,GH Dockrell,Rubel Hossain,1,0,,,,,,,,,
1033367,2017,2017-05-19,Malahide,1,39.6,Ireland,Bangladesh,GH Dockrell,BJ McCarthy,Rubel Hossain,1,0,,,,,,,,,
1033367,2017,2017-05-19,Malahide,1,40.1,Ireland,Bangladesh,GH Dockrell,BJ McCarthy,Shakib Al Hasan,1,0,,,,,,,,,
1033367,2017,2017-05-19,Malahide,1,40.2,Ireland,Bangladesh,BJ McCarthy,GH Dockrell,Shakib Al Hasan,1,0,,,,,,,,,
1033367,2017,2017-05-19,Malahide,1,40.3,Ireland,Bangladesh,GH Dockrell,BJ McCarthy,Shakib Al Hasan,0,0,,,,,,,,,
1033367,2017,2017-05-19,Malahide,1,40.4,Ireland,Bangladesh,GH Dockrell,BJ McCarthy,Shakib Al Hasan,0,0,,,,,,,,,
1033367,2017,2017-05-19,Malahide,1,40.5,Ireland,Bangladesh,GH Dockrell,BJ McCarthy,Shakib Al Hasan,0,0,,,,,,,,,
1033367,2017,2017-05-19,Malahide,1,40.6,Ireland,Bangladesh,GH Dockrell,BJ McCarthy,Shakib Al Hasan,0,0,,,,,,,,,
1033367,2017,2017-05-19,Malahide,1,41.1,Ireland,Bangladesh,BJ McCarthy,GH Dockrell,Mashrafe Mortaza,0,0,,,,,,,,,
1033367,2017,2017-05-19,Malahide,1,41.2,Ireland,Bangladesh,BJ McCarthy,GH Dockrell,Mashrafe Mortaza,0,0,,,,,,,,,
1033367,2017,2017-05-19,Malahide,1,41.3,Ireland,Bangladesh,BJ McCarthy,GH Dockrell,Mashrafe Mortaza,0,0,,,,,,,,,
1033367,2017,2017-05-19,Malahide,1,41.4,Ireland,Bangladesh,BJ McCarthy,GH Dockrell,Mashrafe Mortaza,1,0,,,,,,,,,
1033367,2017,2017-05-19,Malahide,1,41.5,Ireland,Bangladesh,GH Dockrell,BJ McCarthy,Mashrafe Mortaza,0,0,,,,,,,,,
1033367,2017,2017-05-19,Malahide,1,41.6,Ireland,Bangladesh,GH Dockrell,BJ McCarthy,Mashrafe Mortaza,0,1,,,,1,,,,,
1033367,2017,2017-05-19,Malahide,1,42.1,Ireland,Bangladesh,GH Dockrell,BJ McCarthy,Shakib Al Hasan,0,0,,,,,,,,,
1033367,2017,2017-05-19,Malahide,1,42.2,Ireland,Bangladesh,GH Dockrell,BJ McCarthy,Shakib Al Hasan,0,0,,,,,,,,,
1033367,2017,2017-05-19,Malahide,1,42.3,Ireland,Bangladesh,GH Dockrell,BJ McCarthy,Shakib Al Hasan,4,0,,,,,,,,,
1033367,2017,2017-05-19,Malahide,1,42.4,Ireland,Bangladesh,GH Dockrell,BJ McCarthy,Shakib Al Hasan,0,0,,,,,,,,,
1033367,2017,2017-05-19,Malahide,1,42.5,Ireland,Bangladesh,GH Dockrell,BJ McCarthy,Shakib Al Hasan,1,0,,,,,,,,,
1033367,2017,2017-05-19,Malahide,1,42.6,Ireland,Bangladesh,BJ McCarthy,GH Dockrell,Shakib Al Hasan,0,0,,,,,,,,,
1033367,2017,2017-05-19,Malahide,1,43.1,Ireland,Bangladesh,GH Dockrell,BJ McCarthy,Sunzamul Islam,1,0,,,,,,,,,
1033367,2017,2017-05-19,Malahide,1,43.2,Ireland,Bangladesh,BJ McCarthy,GH Dockrell,Sunzamul Islam,0,0,,,,,,lbw,BJ McCarthy,,
1033367,2017,2017-05-19,Malahide,1,43.3,Ireland,Bangladesh,TJ Murtagh,GH Dockrell,Sunzamul Islam,0,0,,,,,,,,,
1033367,2017,2017-05-19,Malahide,1,43.4,Ireland,Bangladesh,TJ Murtagh,GH Dockrell,Sunzamul Islam,1,0,,,,,,,,,
1033367,2017,2017-05-19,Malahide,1,43.5,Ireland,Bangladesh,GH Dockrell,TJ Murtagh,Sunzamul Islam,0,0,,,,,,,,,
1033367,2017,2017-05-19,Malahide,1,43.6,Ireland,Bangladesh,GH Dockrell,TJ Murtagh,Sunzamul Islam,2,0,,,,,,,,,
1033367,2017,2017-05-19,Malahide,1,44.1,Ireland,Bangladesh,TJ Murtagh,GH Dockrell,Mashrafe Mortaza,0,1,1,,,,,,,,
1033367,2017,2017-05-19,Malahide,1,44.2,Ireland,Bangladesh,TJ Murtagh,GH Dockrell,Mashrafe Mortaza,1,0,,,,,,,,,
1033367,2017,2017-05-19,Malahide,1,44.3,Ireland,Bangladesh,GH Dockrell,TJ Murtagh,Mashrafe Mortaza,1,0,,,,,,,,,
1033367,2017,2017-05-19,Malahide,1,44.4,Ireland,Bangladesh,TJ Murtagh,GH Dockrell,Mashrafe Mortaza,0,0,,,,,,,,,
1033367,2017,2017-05-19,Malahide,1,44.5,Ireland,Bangladesh,TJ Murtagh,GH Dockrell,Mashrafe Mortaza,0,0,,,,,,,,,
1033367,2017,2017-05-19,Malahide,1,44.6,Ireland,Bangladesh,TJ Murtagh,GH Dockrell,Mashrafe Mortaza,1,0,,,,,,,,,
1033367,2017,2017-05-19,Malahide,1,44.7,Ireland,Bangladesh,GH Dockrell,TJ Murtagh,Mashrafe Mortaza,0,0,,,,,,,,,
1033367,2017,2017-05-19,Malahide,1,45.1,Ireland,Bangladesh,TJ Murtagh,GH Dockrell,Mustafizur Rahman,0,0,,,,,,,,,
1033367,2017,2017-05-19,Malahide,1,45.2,Ireland,Bangladesh,TJ Murtagh,GH Dockrell,Mustafizur Rahman,1,0,,,,,,,,,
1033367,2017,2017-05-19,Malahide,1,45.3,Ireland,Bangladesh,GH Dockrell,TJ Murtagh,Mustafizur Rahman,0,0,,,,,,,,,
1033367,2017,2017-05-19,Malahide,1,45.4,Ireland,Bangladesh,GH Dockrell,TJ Murtagh,Mustafizur Rahman,0,0,,,,,,,,,
1033367,2017,2017-05-19,Malahide,1,45.5,Ireland,Bangladesh,GH Dockrell,TJ Murtagh,Mustafizur Rahman,0,0,,,,,,,,,
1033367,2017,2017-05-19,Malahide,1,45.6,Ireland,Bangladesh,GH Dockrell,TJ Murtagh,Mustafizur Rahman,0,0,,,,,,,,,
1033367,2017,2017-05-19,Malahide,1,46.1,Ireland,Bangladesh,TJ Murtagh,GH Dockrell,Mashrafe Mortaza,1,0,,,,,,,,,
1033367,2017,2017-05-19,Malahide,1,46.2,Ireland,Bangladesh,GH Dockrell,TJ Murtagh,Mashrafe Mortaza,0,0,,,,,,caught,GH Dockrell,,
1033367,2017,2017-05-19,Malahide,1,46.3,Ireland,Bangladesh,PKD Chase,TJ Murtagh,Mashrafe Mortaza,0,1,1,,,,,,,,
1033367,2017,2017-05-19,Malahide,1,46.4,Ireland,Bangladesh,PKD Chase,TJ Murtagh,Mashrafe Mortaza,0,0,,,,,,caught,PKD Chase,,
1033367,2017,2017-05-19,Malahide,2,0.1,Bangladesh,Ireland,Tamim Iqbal,Soumya Sarkar,PKD Chase,0,0,,,,,,,,,
1033367,2017,2017-05-19,Malahide,2,0.2,Bangladesh,Ireland,Tamim Iqbal,Soumya Sarkar,PKD Chase,0,0,,,,,,,,,
1033367,2017,2017-05-19,Malahide,2,0.3,Bangladesh,Ireland,Tamim Iqbal,Soumya Sarkar,PKD Chase,0,0,,,,,,,,,
1033367,2017,2017-05-19,Malahide,2,0.4,Bangladesh,Ireland,Tamim Iqbal,Soumya Sarkar,PKD Chase,0,1,1,,,,,,,,
1033367,2017,2017-05-19,Malahide,2,0.5,Bangladesh,Ireland,Tamim Iqbal,Soumya Sarkar,PKD Chase,0,0,,,,,,,,,
1033367,2017,2017-05-19,Malahide,2,0.6,Bangladesh,Ireland,Tamim Iqbal,Soumya Sarkar,PKD Chase,4,0,,,,,,,,,
1033367,2017,2017-05-19,Malahide,2,0.7,Bangladesh,Ireland,Tamim Iqbal,Soumya Sarkar,PKD Chase,1,0,,,,,,,,,
1033367,2017,2017-05-19,Malahide,2,1.1,Bangladesh,Ireland,Tamim Iqbal,Soumya Sarkar,TJ Murtagh,0,0,,,,,,,,,
1033367,2017,2017-05-19,Malahide,2,1.2,Bangladesh,Ireland,Tamim Iqbal,Soumya Sarkar,TJ Murtagh,0,0,,,,,,,,,
1033367,2017,2017-05-19,Malahide,2,1.3,Bangladesh,Ireland,Tamim Iqbal,Soumya Sarkar,TJ Murtagh,0,0,,,,,,,,,
1033367,2017,2017-05-19,Malahide,2,1.4,Bangladesh,Ireland,Tamim Iqbal,Soumya Sarkar,TJ Murtagh,0,0,,,,,,,,,
1033367,2017,2017-05-19,Malahide,2,1.5,Bangladesh,Ireland,Tamim Iqbal,Soumya Sarkar,TJ Murtagh,0,0,,,,,,,,,
1033367,2017,2017-05-19,Malahide,2,1.6,Bangladesh,Ireland,Tamim Iqbal,Soumya Sarkar,TJ Murtagh,2,0,,,,,,,,,
1033367,2017,2017-05-19,Malahide,2,2.1,Bangladesh,Ireland,Soumya Sarkar,Tamim Iqbal,PKD Chase,1,0,,,,,,,,,
1033367,2017,2017-05-19,Malahide,2,2.2,Bangladesh,Ireland,Tamim Iqbal,Soumya Sarkar,PKD Chase,0,0,,,,,,,,,
1033367,2017,2017-05-19,Malahide,2,2.3,Bangladesh,Ireland,Tamim Iqbal,Soumya Sarkar,PKD Chase,0,1,1,,,,,,,,
1033367,2017,2017-05-19,Malahide,2,2.4,Bangladesh,Ireland,Tamim Iqbal,Soumya Sarkar,PKD Chase,0,0,,,,,,,,,
1033367,2017,2017-05-19,Malahide,2,2.5,Bangladesh,Ireland,Tamim Iqbal,Soumya Sarkar,PKD Chase,0,0,,,,,,,,,
1033367,2017,2017-05-19,Malahide,2,2.6,Bangladesh,Ireland,Tamim Iqbal,Soumya Sarkar,PKD Chase,2,0,,,,,,,,,
1033367,2017,2017-05-19,Malahide,2,2.7,Bangladesh,Ireland,Tamim Iqbal,Soumya Sarkar,PKD Chase,1,0,,,,,,,,,
1033367,2017,2017-05-19,Malahide,2,3.1,Bangladesh,Ireland,Tamim Iqbal,Soumya Sarkar,TJ Murtagh,0,0,,,,,,,,,
1033367,2017,2017-05-19,Malahide,2,3.2,Bangladesh,Ireland,Tamim Iqbal,Soumya Sarkar,TJ Murtagh,1,0,,,,,,,,,
1033367,2017,2017-05-19,Malahide,2,3.3,Bangladesh,Ireland,Soumya Sarkar,Tamim Iqbal,TJ Murtagh,0,0,,,,,,,,,
1033367,2017,2017-05-19,Malahide,2,3.4,Bangladesh,Ireland,Soumya Sarkar,Tamim Iqbal,TJ Murtagh,1,0,,,,,,,,,
1033367,2017,2017-05-19,Malahide,2,3.5,Bangladesh,Ireland,Tamim Iqbal,Soumya Sarkar,TJ Murtagh,1,0,,,,,,,,,
1033367,2017,2017-05-19,Malahide,2,3.6,Bangladesh,Ireland,Soumya Sarkar,Tamim Iqbal,TJ Murtagh,0,0,,,,,,,,,
1033367,2017,2017-05-19,Malahide,2,4.1,Bangladesh,Ireland,Tamim Iqbal,Soumya Sarkar,PKD Chase,0,0,,,,,,,,,
1033367,2017,2017-05-19,Malahide,2,4.2,Bangladesh,Ireland,Tamim Iqbal,Soumya Sarkar,PKD Chase,4,0,,,,,,,,,
1033367,2017,2017-05-19,Malahide,2,4.3,Bangladesh,Ireland,Tamim Iqbal,Soumya Sarkar,PKD Chase,1,0,,,,,,,,,
1033367,2017,2017-05-19,Malahide,2,4.4,Bangladesh,Ireland,Soumya Sarkar,Tamim Iqbal,PKD Chase,0,0,,,,,,,,,
1033367,2017,2017-05-19,Malahide,2,4.5,Bangladesh,Ireland,Soumya Sarkar,Tamim Iqbal,PKD Chase,4,0,,,,,,,,,
1033367,2017,2017-05-19,Malahide,2,4.6,Bangladesh,Ireland,Soumya Sarkar,Tamim Iqbal,PKD Chase,0,0,,,,,,,,,
1033367,2017,2017-05-19,Malahide,2,5.1,Bangladesh,Ireland,Tamim Iqbal,Soumya Sarkar,TJ Murtagh,0,0,,,,,,,,,
1033367,2017,2017-05-19,Malahide,2,5.2,Bangladesh,Ireland,Tamim Iqbal,Soumya Sarkar,TJ Murtagh,0,0,,,,,,,,,
1033367,2017,2017-05-19,Malahide,2,5.3,Bangladesh,Ireland,Tamim Iqbal,Soumya Sarkar,TJ Murtagh,0,0,,,,,,,,,
1033367,2017,2017-05-19,Malahide,2,5.4,Bangladesh,Ireland,Tamim Iqbal,Soumya Sarkar,TJ Murtagh,0,2,,,,2,,,,,
1033367,2017,2017-05-19,Malahide,2,5.5,Bangladesh,Ireland,Tamim Iqbal,Soumya Sarkar,TJ Murtagh,1,0,,,,,,,,,
1033367,2017,2017-05-19,Malahide,2,5.6,Bangladesh,Ireland,Soumya Sarkar,Tamim Iqbal,TJ Murtagh,0,0,,,,,,,,,
1033367,2017,2017-05-19,Malahide,2,6.1,Bangladesh,Ireland,Tamim Iqbal,Soumya Sarkar,PKD Chase,0,0,,,,,,,,,
1033367,2017,2017-05-19,Malahide,2,6.2,Bangladesh,Ireland,Tamim Iqbal,Soumya Sarkar,PKD Chase,0,0,,,,,,,,,
1033367,2017,2017-05-19,Malahide,2,6.3,Bangladesh,Ireland,Tamim Iqbal,Soumya Sarkar,PKD Chase,0,0,,,,,,,,,
1033367,2017,2017-05-19,Malahide,2,6.4,Bangladesh,Ireland,Tamim Iqbal,Soumya Sarkar,PKD Chase,0,0,,,,,,,,,
1033367,2017,2017-05-19,Malahide,2,6.5,Bangladesh,Ireland,Tamim Iqbal,Soumya Sarkar,PKD Chase,4,0,,,,,,,,,
1033367,2017,2017-05-19,Malahide,2,6.6,Bangladesh,Ireland,Tamim Iqbal,Soumya Sarkar,PKD Chase,1,0,,,,,,,,,
1033367,2017,2017-05-19,Malahide,2,7.1,Bangladesh,Ireland,Tamim Iqbal,Soumya Sarkar,TJ Murtagh,1,0,,,,,,,,,
1033367,2017,2017-05-19,Malahide,2,7.2,Bangladesh,Ireland,Soumya Sarkar,Tamim Iqbal,TJ Murtagh,0,0,,,,,,,,,
1033367,2017,2017-05-19,Malahide,2,7.3,Bangladesh,Ireland,Soumya Sarkar,Tamim Iqbal,TJ Murtagh,6,0,,,,,,,,,
1033367,2017,2017-05-19,Malahide,2,7.4,Bangladesh,Ireland,Soumya Sarkar,Tamim Iqbal,TJ Murtagh,0,0,,,,,,,,,
1033367,2017,2017-05-19,Malahide,2,7.5,Bangladesh,Ireland,Soumya Sarkar,Tamim Iqbal,TJ Murtagh,0,1,1,,,,,,,,
1033367,2017,2017-05-19,Malahide,2,7.6,Bangladesh,Ireland,Soumya Sarkar,Tamim Iqbal,TJ Murtagh,0,0,,,,,,,,,
1033367,2017,2017-05-19,Malahide,2,7.7,Bangladesh,Ireland,Soumya Sarkar,Tamim Iqbal,TJ Murtagh,1,0,,,,,,,,,
1033367,2017,2017-05-19,Malahide,2,8.1,Bangladesh,Ireland,Soumya Sarkar,Tamim Iqbal,BJ McCarthy,0,1,1,,,,,,,,
1033367,2017,2017-05-19,Malahide,2,8.2,Bangladesh,Ireland,Soumya Sarkar,Tamim Iqbal,BJ McCarthy,0,1,1,,,,,,,,
1033367,2017,2017-05-19,Malahide,2,8.3,Bangladesh,Ireland,Soumya Sarkar,Tamim Iqbal,BJ McCarthy,4,0,,,,,,,,,
1033367,2017,2017-05-19,Malahide,2,8.4,Bangladesh,Ireland,Soumya Sarkar,Tamim Iqbal,BJ McCarthy,6,0,,,,,,,,,
1033367,2017,2017-05-19,Malahide,2,8.5,Bangladesh,Ireland,Soumya Sarkar,Tamim Iqbal,BJ McCarthy,0,0,,,,,,,,,
1033367,2017,2017-05-19,Malahide,2,8.6,Bangladesh,Ireland,Soumya Sarkar,Tamim Iqbal,BJ McCarthy,4,0,,,,,,,,,
1033367,2017,2017-05-19,Malahide,2,8.7,Bangladesh,Ireland,Soumya Sarkar,Tamim Iqbal,BJ McCarthy,0,0,,,,,,,,,
1033367,2017,2017-05-19,Malahide,2,8.8,Bangladesh,Ireland,Soumya Sarkar,Tamim Iqbal,BJ McCarthy,0,0,,,,,,,,,
1033367,2017,2017-05-19,Malahide,2,9.1,Bangladesh,Ireland,Tamim Iqbal,Soumya Sarkar,TJ Murtagh,4,0,,,,,,,,,
1033367,2017,2017-05-19,Malahide,2,9.2,Bangladesh,Ireland,Tamim Iqbal,Soumya Sarkar,TJ Murtagh,1,0,,,,,,,,,
1033367,2017,2017-05-19,Malahide,2,9.3,Bangladesh,Ireland,Soumya Sarkar,Tamim Iqbal,TJ Murtagh,4,0,,,,,,,,,
1033367,2017,2017-05-19,Malahide,2,9.4,Bangladesh,Ireland,Soumya Sarkar,Tamim Iqbal,TJ Murtagh,2,0,,,,,,,,,
1033367,2017,2017-05-19,Malahide,2,9.5,Bangladesh,Ireland,Soumya Sarkar,Tamim Iqbal,TJ Murtagh,0,0,,,,,,,,,
1033367,2017,2017-05-19,Malahide,2,9.6,Bangladesh,Ireland,Soumya Sarkar,Tamim Iqbal,TJ Murtagh,0,0,,,,,,,,,
1033367,2017,2017-05-19,Malahide,2,10.1,Bangladesh,Ireland,Tamim Iqbal,Soumya Sarkar,PR Stirling,1,0,,,,,,,,,
1033367,2017,2017-05-19,Malahide,2,10.2,Bangladesh,Ireland,Soumya Sarkar,Tamim Iqbal,PR Stirling,2,0,,,,,,,,,
1033367,2017,2017-05-19,Malahide,2,10.3,Bangladesh,Ireland,Soumya Sarkar,Tamim Iqbal,PR Stirling,1,0,,,,,,,,,
1033367,2017,2017-05-19,Malahide,2,10.4,Bangladesh,Ireland,Tamim Iqbal,Soumya Sarkar,PR Stirling,1,0,,,,,,,,,
1033367,2017,2017-05-19,Malahide,2,10.5,Bangladesh,Ireland,Soumya Sarkar,Tamim Iqbal,PR Stirling,1,0,,,,,,,,,
1033367,2017,2017-05-19,Malahide,2,10.6,Bangladesh,Ireland,Tamim Iqbal,Soumya Sarkar,PR Stirling,1,0,,,,,,,,,
1033367,2017,2017-05-19,Malahide,2,11.1,Bangladesh,Ireland,Tamim Iqbal,Soumya Sarkar,KJ O'Brien,0,0,,,,,,,,,
1033367,2017,2017-05-19,Malahide,2,11.2,Bangladesh,Ireland,Tamim Iqbal,Soumya Sarkar,KJ O'Brien,1,0,,,,,,,,,
1033367,2017,2017-05-19,Malahide,2,11.3,Bangladesh,Ireland,Soumya Sarkar,Tamim Iqbal,KJ O'Brien,1,0,,,,,,,,,
1033367,2017,2017-05-19,Malahide,2,11.4,Bangladesh,Ireland,Tamim Iqbal,Soumya Sarkar,KJ O'Brien,0,0,,,,,,,,,
1033367,2017,2017-05-19,Malahide,2,11.5,Bangladesh,Ireland,Tamim Iqbal,Soumya Sarkar,KJ O'Brien,2,0,,,,,,,,,
1033367,2017,2017-05-19,Malahide,2,11.6,Bangladesh,Ireland,Tamim Iqbal,Soumya Sarkar,KJ O'Brien,1,0,,,,,,,,,
1033367,2017,2017-05-19,Malahide,2,12.1,Bangladesh,Ireland,Tamim Iqbal,Soumya Sarkar,PR Stirling,0,0,,,,,,,,,
1033367,2017,2017-05-19,Malahide,2,12.2,Bangladesh,Ireland,Tamim Iqbal,Soumya Sarkar,PR Stirling,4,0,,,,,,,,,
1033367,2017,2017-05-19,Malahide,2,12.3,Bangladesh,Ireland,Tamim Iqbal,Soumya Sarkar,PR Stirling,0,0,,,,,,,,,
1033367,2017,2017-05-19,Malahide,2,12.4,Bangladesh,Ireland,Tamim Iqbal,Soumya Sarkar,PR Stirling,1,0,,,,,,,,,
1033367,2017,2017-05-19,Malahide,2,12.5,Bangladesh,Ireland,Soumya Sarkar,Tamim Iqbal,PR Stirling,1,0,,,,,,,,,
1033367,2017,2017-05-19,Malahide,2,12.6,Bangladesh,Ireland,Tamim Iqbal,Soumya Sarkar,PR Stirling,1,0,,,,,,,,,
1033367,2017,2017-05-19,Malahide,2,13.1,Bangladesh,Ireland,Tamim Iqbal,Soumya Sarkar,KJ O'Brien,4,0,,,,,,,,,
1033367,2017,2017-05-19,Malahide,2,13.2,Bangladesh,Ireland,Tamim Iqbal,Soumya Sarkar,KJ O'Brien,0,1,1,,,,,,,,
1033367,2017,2017-05-19,Malahide,2,13.3,Bangladesh,Ireland,Tamim Iqbal,Soumya Sarkar,KJ O'Brien,0,0,,,,,,,,,
1033367,2017,2017-05-19,Malahide,2,13.4,Bangladesh,Ireland,Tamim Iqbal,Soumya Sarkar,KJ O'Brien,1,0,,,,,,,,,
1033367,2017,2017-05-19,Malahide,2,13.5,Bangladesh,Ireland,Soumya Sarkar,Tamim Iqbal,KJ O'Brien,1,0,,,,,,,,,
1033367,2017,2017-05-19,Malahide,2,13.6,Bangladesh,Ireland,Tamim Iqbal,Soumya Sarkar,KJ O'Brien,0,0,,,,,,caught,Tamim Iqbal,,
1033367,2017,2017-05-19,Malahide,2,13.7,Bangladesh,Ireland,Sabbir Rahman,Soumya Sarkar,KJ O'Brien,0,0,,,,,,,,,
1033367,2017,2017-05-19,Malahide,2,14.1,Bangladesh,Ireland,Soumya Sarkar,Sabbir Rahman,GH Dockrell,2,0,,,,,,,,,
1033367,2017,2017-05-19,Malahide,2,14.2,Bangladesh,Ireland,Soumya Sarkar,Sabbir Rahman,GH Dockrell,1,0,,,,,,,,,
1033367,2017,2017-05-19,Malahide,2,14.3,Bangladesh,Ireland,Sabbir Rahman,Soumya Sarkar,GH Dockrell,0,0,,,,,,,,,
1033367,2017,2017-05-19,Malahide,2,14.4,Bangladesh,Ireland,Sabbir Rahman,Soumya Sarkar,GH Dockrell,0,0,,,,,,,,,
1033367,2017,2017-05-19,Malahide,2,14.5,Bangladesh,Ireland,Sabbir Rahman,Soumya Sarkar,GH Dockrell,1,0,,,,,,,,,
1033367,2017,2017-05-19,Malahide,2,14.6,Bangladesh,Ireland,Soumya Sarkar,Sabbir Rahman,GH Dockrell,0,0,,,,,,,,,
1033367,2017,2017-05-19,Malahide,2,15.1,Bangladesh,Ireland,Sabbir Rahman,Soumya Sarkar,KJ O'Brien,2,0,,,,,,,,,
1033367,2017,2017-05-19,Malahide,2,15.2,Bangladesh,Ireland,Sabbir Rahman,Soumya Sarkar,KJ O'Brien,0,0,,,,,,,,,
1033367,2017,2017-05-19,Malahide,2,15.3,Bangladesh,Ireland,Sabbir Rahman,Soumya Sarkar,KJ O'Brien,0,0,,,,,,,,,
1033367,2017,2017-05-19,Malahide,2,15.4,Bangladesh,Ireland,Sabbir Rahman,Soumya Sarkar,KJ O'Brien,0,0,,,,,,,,,
1033367,2017,2017-05-19,Malahide,2,15.5,Bangladesh,Ireland,Sabbir Rahman,Soumya Sarkar,KJ O'Brien,0,0,,,,,,,,,
1033367,2017,2017-05-19,Malahide,2,15.6,Bangladesh,Ireland,Sabbir Rahman,Soumya Sarkar,KJ O'Brien,1,0,,,,,,,,,
1033367,2017,2017-05-19,Malahide,2,16.1,Bangladesh,Ireland,Sabbir Rahman,Soumya Sarkar,GH Dockrell,0,0,,,,,,,,,
1033367,2017,2017-05-19,Malahide,2,16.2,Bangladesh,Ireland,Sabbir Rahman,Soumya Sarkar,GH Dockrell,0,0,,,,,,,,,
1033367,2017,2017-05-19,Malahide,2,16.3,Bangladesh,Ireland,Sabbir Rahman,Soumya Sarkar,GH Dockrell,1,0,,,,,,,,,
1033367,2017,2017-05-19,Malahide,2,16.4,Bangladesh,Ireland,Soumya Sarkar,Sabbir Rahman,GH Dockrell,1,0,,,,,,,,,
1033367,2017,2017-05-19,Malahide,2,16.5,Bangladesh,Ireland,Sabbir Rahman,Soumya Sarkar,GH Dockrell,0,0,,,,,,,,,
1033367,2017,2017-05-19,Malahide,2,16.6,Bangladesh,Ireland,Sabbir Rahman,Soumya Sarkar,GH Dockrell,0,0,,,,,,,,,
1033367,2017,2017-05-19,Malahide,2,17.1,Bangladesh,Ireland,Soumya Sarkar,Sabbir Rahman,KJ O'Brien,0,0,,,,,,,,,
1033367,2017,2017-05-19,Malahide,2,17.2,Bangladesh,Ireland,Soumya Sarkar,Sabbir Rahman,KJ O'Brien,0,0,,,,,,,,,
1033367,2017,2017-05-19,Malahide,2,17.3,Bangladesh,Ireland,Soumya Sarkar,Sabbir Rahman,KJ O'Brien,4,0,,,,,,,,,
1033367,2017,2017-05-19,Malahide,2,17.4,Bangladesh,Ireland,Soumya Sarkar,Sabbir Rahman,KJ O'Brien,0,0,,,,,,,,,
1033367,2017,2017-05-19,Malahide,2,17.5,Bangladesh,Ireland,Soumya Sarkar,Sabbir Rahman,KJ O'Brien,0,0,,,,,,,,,
1033367,2017,2017-05-19,Malahide,2,17.6,Bangladesh,Ireland,Soumya Sarkar,Sabbir Rahman,KJ O'Brien,0,0,,,,,,,,,
1033367,2017,2017-05-19,Malahide,2,18.1,Bangladesh,Ireland,Sabbir Rahman,Soumya Sarkar,GH Dockrell,1,0,,,,,,,,,
1033367,2017,2017-05-19,Malahide,2,18.2,Bangladesh,Ireland,Soumya Sarkar,Sabbir Rahman,GH Dockrell,4,0,,,,,,,,,
1033367,2017,2017-05-19,Malahide,2,18.3,Bangladesh,Ireland,Soumya Sarkar,Sabbir Rahman,GH Dockrell,0,0,,,,,,,,,
1033367,2017,2017-05-19,Malahide,2,18.4,Bangladesh,Ireland,Soumya Sarkar,Sabbir Rahman,GH Dockrell,1,0,,,,,,,,,
1033367,2017,2017-05-19,Malahide,2,18.5,Bangladesh,Ireland,Sabbir Rahman,Soumya Sarkar,GH Dockrell,0,0,,,,,,,,,
1033367,2017,2017-05-19,Malahide,2,18.6,Bangladesh,Ireland,Sabbir Rahman,Soumya Sarkar,GH Dockrell,0,0,,,,,,,,,
1033367,2017,2017-05-19,Malahide,2,19.1,Bangladesh,Ireland,Soumya Sarkar,Sabbir Rahman,PKD Chase,4,0,,,,,,,,,
1033367,2017,2017-05-19,Malahide,2,19.2,Bangladesh,Ireland,Soumya Sarkar,Sabbir Rahman,PKD Chase,0,1,1,,,,,,,,
1033367,2017,2017-05-19,Malahide,2,19.3,Bangladesh,Ireland,Soumya Sarkar,Sabbir Rahman,PKD Chase,2,0,,,,,,,,,
1033367,2017,2017-05-19,Malahide,2,19.4,Bangladesh,Ireland,Soumya Sarkar,Sabbir Rahman,PKD Chase,1,0,,,,,,,,,
1033367,2017,2017-05-19,Malahide,2,19.5,Bangladesh,Ireland,Sabbir Rahman,Soumya Sarkar,PKD Chase,3,0,,,,,,,,,
1033367,2017,2017-05-19,Malahide,2,19.6,Bangladesh,Ireland,Soumya Sarkar,Sabbir Rahman,PKD Chase,0,0,,,,,,,,,
1033367,2017,2017-05-19,Malahide,2,19.7,Bangladesh,Ireland,Soumya Sarkar,Sabbir Rahman,PKD Chase,0,0,,,,,,,,,
1033367,2017,2017-05-19,Malahide,2,20.1,Bangladesh,Ireland,Sabbir Rahman,Soumya Sarkar,GH Dockrell,4,0,,,,,,,,,
1033367,2017,2017-05-19,Malahide,2,20.2,Bangladesh,Ireland,Sabbir Rahman,Soumya Sarkar,GH Dockrell,1,0,,,,,,,,,
1033367,2017,2017-05-19,Malahide,2,20.3,Bangladesh,Ireland,Soumya Sarkar,Sabbir Rahman,GH Dockrell,1,0,,,,,,,,,
1033367,2017,2017-05-19,Malahide,2,20.4,Bangladesh,Ireland,Sabbir Rahman,Soumya Sarkar,GH Dockrell,0,0,,,,,,,,,
1033367,2017,2017-05-19,Malahide,2,20.5,Bangladesh,Ireland,Sabbir Rahman,Soumya Sarkar,GH Dockrell,0,0,,,,,,,,,
1033367,2017,2017-05-19,Malahide,2,20.6,Bangladesh,Ireland,Sabbir Rahman,Soumya Sarkar,GH Dockrell,2,0,,,,,,,,,
1033367,2017,2017-05-19,Malahide,2,21.1,Bangladesh,Ireland,Soumya Sarkar,Sabbir Rahman,PKD Chase,0,0,,,,,,,,,
1033367,2017,2017-05-19,Malahide,2,21.2,Bangladesh,Ireland,Soumya Sarkar,Sabbir Rahman,PKD Chase,0,0,,,,,,,,,
1033367,2017,2017-05-19,Malahide,2,21.3,Bangladesh,Ireland,Soumya Sarkar,Sabbir Rahman,PKD Chase,0,1,,,,1,,,,,
1033367,2017,2017-05-19,Malahide,2,21.4,Bangladesh,Ireland,Sabbir Rahman,Soumya Sarkar,PKD Chase,0,0,,,,,,,,,
1033367,2017,2017-05-19,Malahide,2,21.5,Bangladesh,Ireland,Sabbir Rahman,Soumya Sarkar,PKD Chase,2,0,,,,,,,,,
1033367,2017,2017-05-19,Malahide,2,21.6,Bangladesh,Ireland,Sabbir Rahman,Soumya Sarkar,PKD Chase,4,0,,,,,,,,,
1033367,2017,2017-05-19,Malahide,2,22.1,Bangladesh,Ireland,Soumya Sarkar,Sabbir Rahman,BJ McCarthy,4,0,,,,,,,,,
1033367,2017,2017-05-19,Malahide,2,22.2,Bangladesh,Ireland,Soumya Sarkar,Sabbir Rahman,BJ McCarthy,0,0,,,,,,,,,
1033367,2017,2017-05-19,Malahide,2,22.3,Bangladesh,Ireland,Soumya Sarkar,Sabbir Rahman,BJ McCarthy,0,0,,,,,,,,,
1033367,2017,2017-05-19,Malahide,2,22.4,Bangladesh,Ireland,Soumya Sarkar,Sabbir Rahman,BJ McCarthy,1,0,,,,,,,,,
1033367,2017,2017-05-19,Malahide,2,22.5,Bangladesh,Ireland,Sabbir Rahman,Soumya Sarkar,BJ McCarthy,0,0,,,,,,,,,
1033367,2017,2017-05-19,Malahide,2,22.6,Bangladesh,Ireland,Sabbir Rahman,Soumya Sarkar,BJ McCarthy,2,0,,,,,,,,,
1033367,2017,2017-05-19,Malahide,2,23.1,Bangladesh,Ireland,Soumya Sarkar,Sabbir Rahman,PKD Chase,2,0,,,,,,,,,
1033367,2017,2017-05-19,Malahide,2,23.2,Bangladesh,Ireland,Soumya Sarkar,Sabbir Rahman,PKD Chase,4,0,,,,,,,,,
1033367,2017,2017-05-19,Malahide,2,23.3,Bangladesh,Ireland,Soumya Sarkar,Sabbir Rahman,PKD Chase,0,0,,,,,,,,,
1033367,2017,2017-05-19,Malahide,2,23.4,Bangladesh,Ireland,Soumya Sarkar,Sabbir Rahman,PKD Chase,1,0,,,,,,,,,
1033367,2017,2017-05-19,Malahide,2,23.5,Bangladesh,Ireland,Sabbir Rahman,Soumya Sarkar,PKD Chase,0,0,,,,,,,,,
1033367,2017,2017-05-19,Malahide,2,23.6,Bangladesh,Ireland,Sabbir Rahman,Soumya Sarkar,PKD Chase,6,0,,,,,,,,,
1033367,2017,2017-05-19,Malahide,2,24.1,Bangladesh,Ireland,Soumya Sarkar,Sabbir Rahman,BJ McCarthy,1,0,,,,,,,,,
1033367,2017,2017-05-19,Malahide,2,24.2,Bangladesh,Ireland,Sabbir Rahman,Soumya Sarkar,BJ McCarthy,1,0,,,,,,,,,
1033367,2017,2017-05-19,Malahide,2,24.3,Bangladesh,Ireland,Soumya Sarkar,Sabbir Rahman,BJ McCarthy,4,0,,,,,,,,,
1033367,2017,2017-05-19,Malahide,2,24.4,Bangladesh,Ireland,Soumya Sarkar,Sabbir Rahman,BJ McCarthy,1,0,,,,,,,,,
1033367,2017,2017-05-19,Malahide,2,24.5,Bangladesh,Ireland,Sabbir Rahman,Soumya Sarkar,BJ McCarthy,4,0,,,,,,,,,
1033367,2017,2017-05-19,Malahide,2,24.6,Bangladesh,Ireland,Sabbir Rahman,Soumya Sarkar,BJ McCarthy,0,0,,,,,,caught,Sabbir Rahman,,
1033367,2017,2017-05-19,Malahide,2,25.1,Bangladesh,Ireland,Mushfiqur Rahim,Soumya Sarkar,KJ O'Brien,0,0,,,,,,,,,
1033367,2017,2017-05-19,Malahide,2,25.2,Bangladesh,Ireland,Mushfiqur Rahim,Soumya Sarkar,KJ O'Brien,0,0,,,,,,,,,
1033367,2017,2017-05-19,Malahide,2,25.3,Bangladesh,Ireland,Mushfiqur Rahim,Soumya Sarkar,KJ O'Brien,0,0,,,,,,,,,
1033367,2017,2017-05-19,Malahide,2,25.4,Bangladesh,Ireland,Mushfiqur Rahim,Soumya Sarkar,KJ O'Brien,1,0,,,,,,,,,
1033367,2017,2017-05-19,Malahide,2,25.5,Bangladesh,Ireland,Soumya Sarkar,Mushfiqur Rahim,KJ O'Brien,0,0,,,,,,,,,
1033367,2017,2017-05-19,Malahide,2,25.6,Bangladesh,Ireland,Soumya Sarkar,Mushfiqur Rahim,KJ O'Brien,1,0,,,,,,,,,
1033367,2017,2017-05-19,Malahide,2,26.1,Bangladesh,Ireland,Soumya Sarkar,Mushfiqur Rahim,BJ McCarthy,1,0,,,,,,,,,
1033367,2017,2017-05-19,Malahide,2,26.2,Bangladesh,Ireland,Mushfiqur Rahim,Soumya Sarkar,BJ McCarthy,0,0,,,,,,,,,
1033367,2017,2017-05-19,Malahide,2,26.3,Bangladesh,Ireland,Mushfiqur Rahim,Soumya Sarkar,BJ McCarthy,1,0,,,,,,,,,
1033367,2017,2017-05-19,Malahide,2,26.4,Bangladesh,Ireland,Soumya Sarkar,Mushfiqur Rahim,BJ McCarthy,2,0,,,,,,,,,
1033367,2017,2017-05-19,Malahide,2,26.5,Bangladesh,Ireland,Soumya Sarkar,Mushfiqur Rahim,BJ McCarthy,0,0,,,,,,,,,
1033367,2017,2017-05-19,Malahide,2,26.6,Bangladesh,Ireland,Soumya Sarkar,Mushfiqur Rahim,BJ McCarthy,4,0,,,,,,,,,
1033367,2017,2017-05-19,Malahide,2,27.1,Bangladesh,Ireland,Mushfiqur Rahim,Soumya Sarkar,KJ O'Brien,1,0,,,,,,,,,
