match_id,season,start_date,venue,innings,ball,batting_team,bowling_team,striker,non_striker,bowler,runs_off_bat,extras,wides,noballs,byes,legbyes,penalty,wicket_type,player_dismissed,other_wicket_type,other_player_dismissed
1033363,2017,2017-05-14,Malahide,1,0.1,New Zealand,Ireland,L Ronchi,TWM Latham,TJ Murtagh,4,0,,,,,,,,,
1033363,2017,2017-05-14,Malahide,1,0.2,New Zealand,Ireland,L Ronchi,TWM Latham,TJ Murtagh,0,0,,,,,,,,,
1033363,2017,2017-05-14,Malahide,1,0.3,New Zealand,Ireland,L Ronchi,TWM Latham,TJ Murtagh,0,0,,,,,,,,,
1033363,2017,2017-05-14,Malahide,1,0.4,New Zealand,Ireland,L Ronchi,TWM Latham,TJ Murtagh,4,0,,,,,,,,,
1033363,2017,2017-05-14,Malahide,1,0.5,New Zealand,Ireland,L Ronchi,TWM Latham,TJ Murtagh,2,0,,,,,,,,,
1033363,2017,2017-05-14,Malahide,1,0.6,New Zealand,Ireland,L Ronchi,TWM Latham,TJ Murtagh,0,0,,,,,,,,,
1033363,2017,2017-05-14,Malahide,1,1.1,New Zealand,Ireland,TWM Latham,L Ronchi,PKD Chase,0,1,1,,,,,,,,
1033363,2017,2017-05-14,Malahide,1,1.2,New Zealand,Ireland,TWM Latham,L Ronchi,PKD Chase,0,0,,,,,,,,,
1033363,2017,2017-05-14,Malahide,1,1.3,New Zealand,Ireland,TWM Latham,L Ronchi,PKD Chase,0,0,,,,,,,,,
1033363,2017,2017-05-14,Malahide,1,1.4,New Zealand,Ireland,TWM Latham,L Ronchi,PKD Chase,0,0,,,,,,,,,
1033363,2017,2017-05-14,Malahide,1,1.5,New Zealand,Ireland,TWM Latham,L Ronchi,PKD Chase,0,1,1,,,,,,,,
1033363,2017,2017-05-14,Malahide,1,1.6,New Zealand,Ireland,TWM Latham,L Ronchi,PKD Chase,0,0,,,,,,,,,
1033363,2017,2017-05-14,Malahide,1,1.7,New Zealand,Ireland,TWM Latham,L Ronchi,PKD Chase,0,0,,,,,,,,,
1033363,2017,2017-05-14,Malahide,1,1.8,New Zealand,Ireland,TWM Latham,L Ronchi,PKD Chase,0,0,,,,,,,,,
1033363,2017,2017-05-14,Malahide,1,2.1,New Zealand,Ireland,L Ronchi,TWM Latham,TJ Murtagh,0,0,,,,,,,,,
1033363,2017,2017-05-14,Malahide,1,2.2,New Zealand,Ireland,L Ronchi,TWM Latham,TJ Murtagh,0,0,,,,,,,,,
1033363,2017,2017-05-14,Malahide,1,2.3,New Zealand,Ireland,L Ronchi,TWM Latham,TJ Murtagh,4,0,,,,,,,,,
1033363,2017,2017-05-14,Malahide,1,2.4,New Zealand,Ireland,L Ronchi,TWM Latham,TJ Murtagh,0,0,,,,,,,,,
1033363,2017,2017-05-14,Malahide,1,2.5,New Zealand,Ireland,L Ronchi,TWM Latham,TJ Murtagh,0,0,,,,,,,,,
1033363,2017,2017-05-14,Malahide,1,2.6,New Zealand,Ireland,L Ronchi,TWM Latham,TJ Murtagh,3,0,,,,,,,,,
1033363,2017,2017-05-14,Malahide,1,3.1,New Zealand,Ireland,L Ronchi,TWM Latham,PKD Chase,4,0,,,,,,,,,
1033363,2017,2017-05-14,Malahide,1,3.2,New Zealand,Ireland,L Ronchi,TWM Latham,PKD Chase,0,0,,,,,,,,,
1033363,2017,2017-05-14,Malahide,1,3.3,New Zealand,Ireland,L Ronchi,TWM Latham,PKD Chase,0,0,,,,,,,,,
1033363,2017,2017-05-14,Malahide,1,3.4,New Zealand,Ireland,L Ronchi,TWM Latham,PKD Chase,2,0,,,,,,,,,
1033363,2017,2017-05-14,Malahide,1,3.5,New Zealand,Ireland,L Ronchi,TWM Latham,PKD Chase,0,0,,,,,,,,,
1033363,2017,2017-05-14,Malahide,1,3.6,New Zealand,Ireland,L Ronchi,TWM Latham,PKD Chase,2,0,,,,,,,,,
1033363,2017,2017-05-14,Malahide,1,4.1,New Zealand,Ireland,TWM Latham,L Ronchi,TJ Murtagh,0,0,,,,,,,,,
1033363,2017,2017-05-14,Malahide,1,4.2,New Zealand,Ireland,TWM Latham,L Ronchi,TJ Murtagh,0,0,,,,,,,,,
1033363,2017,2017-05-14,Malahide,1,4.3,New Zealand,Ireland,TWM Latham,L Ronchi,TJ Murtagh,0,0,,,,,,,,,
1033363,2017,2017-05-14,Malahide,1,4.4,New Zealand,Ireland,TWM Latham,L Ronchi,TJ Murtagh,4,0,,,,,,,,,
1033363,2017,2017-05-14,Malahide,1,4.5,New Zealand,Ireland,TWM Latham,L Ronchi,TJ Murtagh,0,0,,,,,,,,,
1033363,2017,2017-05-14,Malahide,1,4.6,New Zealand,Ireland,TWM Latham,L Ronchi,TJ Murtagh,0,0,,,,,,,,,
1033363,2017,2017-05-14,Malahide,1,5.1,New Zealand,Ireland,L Ronchi,TWM Latham,BJ McCarthy,4,0,,,,,,,,,
1033363,2017,2017-05-14,Malahide,1,5.2,New Zealand,Ireland,L Ronchi,TWM Latham,BJ McCarthy,0,0,,,,,,,,,
1033363,2017,2017-05-14,Malahide,1,5.3,New Zealand,Ireland,L Ronchi,TWM Latham,BJ McCarthy,0,0,,,,,,,,,
1033363,2017,2017-05-14,Malahide,1,5.4,New Zealand,Ireland,L Ronchi,TWM Latham,BJ McCarthy,4,0,,,,,,,,,
1033363,2017,2017-05-14,Malahide,1,5.5,New Zealand,Ireland,L Ronchi,TWM Latham,BJ McCarthy,0,0,,,,,,,,,
1033363,2017,2017-05-14,Malahide,1,5.6,New Zealand,Ireland,L Ronchi,TWM Latham,BJ McCarthy,0,0,,,,,,,,,
1033363,2017,2017-05-14,Malahide,1,6.1,New Zealand,Ireland,TWM Latham,L Ronchi,GH Dockrell,0,0,,,,,,,,,
1033363,2017,2017-05-14,Malahide,1,6.2,New Zealand,Ireland,TWM Latham,L Ronchi,GH Dockrell,4,0,,,,,,,,,
1033363,2017,2017-05-14,Malahide,1,6.3,New Zealand,Ireland,TWM Latham,L Ronchi,GH Dockrell,0,0,,,,,,,,,
1033363,2017,2017-05-14,Malahide,1,6.4,New Zealand,Ireland,TWM Latham,L Ronchi,GH Dockrell,4,0,,,,,,,,,
1033363,2017,2017-05-14,Malahide,1,6.5,New Zealand,Ireland,TWM Latham,L Ronchi,GH Dockrell,0,0,,,,,,,,,
1033363,2017,2017-05-14,Malahide,1,6.6,New Zealand,Ireland,TWM Latham,L Ronchi,GH Dockrell,1,0,,,,,,,,,
1033363,2017,2017-05-14,Malahide,1,7.1,New Zealand,Ireland,TWM Latham,L Ronchi,BJ McCarthy,0,0,,,,,,,,,
1033363,2017,2017-05-14,Malahide,1,7.2,New Zealand,Ireland,TWM Latham,L Ronchi,BJ McCarthy,0,0,,,,,,,,,
1033363,2017,2017-05-14,Malahide,1,7.3,New Zealand,Ireland,TWM Latham,L Ronchi,BJ McCarthy,1,0,,,,,,,,,
1033363,2017,2017-05-14,Malahide,1,7.4,New Zealand,Ireland,L Ronchi,TWM Latham,BJ McCarthy,4,0,,,,,,,,,
1033363,2017,2017-05-14,Malahide,1,7.5,New Zealand,Ireland,L Ronchi,TWM Latham,BJ McCarthy,0,0,,,,,,caught,L Ronchi,,
1033363,2017,2017-05-14,Malahide,1,7.6,New Zealand,Ireland,TWM Latham,GH Worker,BJ McCarthy,0,0,,,,,,,,,
1033363,2017,2017-05-14,Malahide,1,8.1,New Zealand,Ireland,GH Worker,TWM Latham,TJ Murtagh,0,0,,,,,,,,,
1033363,2017,2017-05-14,Malahide,1,8.2,New Zealand,Ireland,GH Worker,TWM Latham,TJ Murtagh,0,0,,,,,,,,,
1033363,2017,2017-05-14,Malahide,1,8.3,New Zealand,Ireland,GH Worker,TWM Latham,TJ Murtagh,0,0,,,,,,,,,
1033363,2017,2017-05-14,Malahide,1,8.4,New Zealand,Ireland,GH Worker,TWM Latham,TJ Murtagh,1,0,,,,,,,,,
1033363,2017,2017-05-14,Malahide,1,8.5,New Zealand,Ireland,TWM Latham,GH Worker,TJ Murtagh,1,0,,,,,,,,,
1033363,2017,2017-05-14,Malahide,1,8.6,New Zealand,Ireland,GH Worker,TWM Latham,TJ Murtagh,0,0,,,,,,,,,
1033363,2017,2017-05-14,Malahide,1,9.1,New Zealand,Ireland,TWM Latham,GH Worker,BJ McCarthy,0,0,,,,,,,,,
1033363,2017,2017-05-14,Malahide,1,9.2,New Zealand,Ireland,TWM Latham,GH Worker,BJ McCarthy,0,0,,,,,,caught,TWM Latham,,
1033363,2017,2017-05-14,Malahide,1,9.3,New Zealand,Ireland,LRPL Taylor,GH Worker,BJ McCarthy,0,0,,,,,,,,,
1033363,2017,2017-05-14,Malahide,1,9.4,New Zealand,Ireland,LRPL Taylor,GH Worker,BJ McCarthy,1,0,,,,,,,,,
1033363,2017,2017-05-14,Malahide,1,9.5,New Zealand,Ireland,GH Worker,LRPL Taylor,BJ McCarthy,0,1,,,,1,,,,,
1033363,2017,2017-05-14,Malahide,1,9.6,New Zealand,Ireland,LRPL Taylor,GH Worker,BJ McCarthy,0,0,,,,,,,,,
1033363,2017,2017-05-14,Malahide,1,10.1,New Zealand,Ireland,GH Worker,LRPL Taylor,TJ Murtagh,0,0,,,,,,,,,
1033363,2017,2017-05-14,Malahide,1,10.2,New Zealand,Ireland,GH Worker,LRPL Taylor,TJ Murtagh,0,0,,,,,,,,,
1033363,2017,2017-05-14,Malahide,1,10.3,New Zealand,Ireland,GH Worker,LRPL Taylor,TJ Murtagh,0,0,,,,,,,,,
1033363,2017,2017-05-14,Malahide,1,10.4,New Zealand,Ireland,GH Worker,LRPL Taylor,TJ Murtagh,0,0,,,,,,,,,
1033363,2017,2017-05-14,Malahide,1,10.5,New Zealand,Ireland,GH Worker,LRPL Taylor,TJ Murtagh,0,0,,,,,,,,,
1033363,2017,2017-05-14,Malahide,1,10.6,New Zealand,Ireland,GH Worker,LRPL Taylor,TJ Murtagh,1,0,,,,,,,,,
1033363,2017,2017-05-14,Malahide,1,11.1,New Zealand,Ireland,GH Worker,LRPL Taylor,BJ McCarthy,0,0,,,,,,,,,
1033363,2017,2017-05-14,Malahide,1,11.2,New Zealand,Ireland,GH Worker,LRPL Taylor,BJ McCarthy,2,0,,,,,,,,,
1033363,2017,2017-05-14,Malahide,1,11.3,New Zealand,Ireland,GH Worker,LRPL Taylor,BJ McCarthy,1,0,,,,,,,,,
1033363,2017,2017-05-14,Malahide,1,11.4,New Zealand,Ireland,LRPL Taylor,GH Worker,BJ McCarthy,0,0,,,,,,,,,
1033363,2017,2017-05-14,Malahide,1,11.5,New Zealand,Ireland,LRPL Taylor,GH Worker,BJ McCarthy,4,0,,,,,,,,,
1033363,2017,2017-05-14,Malahide,1,11.6,New Zealand,Ireland,LRPL Taylor,GH Worker,BJ McCarthy,0,0,,,,,,,,,
1033363,2017,2017-05-14,Malahide,1,12.1,New Zealand,Ireland,GH Worker,LRPL Taylor,TJ Murtagh,0,0,,,,,,,,,
1033363,2017,2017-05-14,Malahide,1,12.2,New Zealand,Ireland,GH Worker,LRPL Taylor,TJ Murtagh,0,0,,,,,,,,,
1033363,2017,2017-05-14,Malahide,1,12.3,New Zealand,Ireland,GH Worker,LRPL Taylor,TJ Murtagh,0,0,,,,,,,,,
1033363,2017,2017-05-14,Malahide,1,12.4,New Zealand,Ireland,GH Worker,LRPL Taylor,TJ Murtagh,4,0,,,,,,,,,
1033363,2017,2017-05-14,Malahide,1,12.5,New Zealand,Ireland,GH Worker,LRPL Taylor,TJ Murtagh,0,0,,,,,,,,,
1033363,2017,2017-05-14,Malahide,1,12.6,New Zealand,Ireland,GH Worker,LRPL Taylor,TJ Murtagh,0,0,,,,,,,,,
1033363,2017,2017-05-14,Malahide,1,13.1,New Zealand,Ireland,LRPL Taylor,GH Worker,PKD Chase,0,1,1,,,,,,,,
1033363,2017,2017-05-14,Malahide,1,13.2,New Zealand,Ireland,LRPL Taylor,GH Worker,PKD Chase,4,0,,,,,,,,,
1033363,2017,2017-05-14,Malahide,1,13.3,New Zealand,Ireland,LRPL Taylor,GH Worker,PKD Chase,1,0,,,,,,,,,
1033363,2017,2017-05-14,Malahide,1,13.4,New Zealand,Ireland,GH Worker,LRPL Taylor,PKD Chase,0,0,,,,,,,,,
1033363,2017,2017-05-14,Malahide,1,13.5,New Zealand,Ireland,GH Worker,LRPL Taylor,PKD Chase,0,0,,,,,,,,,
1033363,2017,2017-05-14,Malahide,1,13.6,New Zealand,Ireland,GH Worker,LRPL Taylor,PKD Chase,0,0,,,,,,,,,
1033363,2017,2017-05-14,Malahide,1,13.7,New Zealand,Ireland,GH Worker,LRPL Taylor,PKD Chase,0,0,,,,,,,,,
1033363,2017,2017-05-14,Malahide,1,14.1,New Zealand,Ireland,LRPL Taylor,GH Worker,KJ O'Brien,0,0,,,,,,,,,
1033363,2017,2017-05-14,Malahide,1,14.2,New Zealand,Ireland,LRPL Taylor,GH Worker,KJ O'Brien,1,0,,,,,,,,,
1033363,2017,2017-05-14,Malahide,1,14.3,New Zealand,Ireland,GH Worker,LRPL Taylor,KJ O'Brien,0,0,,,,,,,,,
1033363,2017,2017-05-14,Malahide,1,14.4,New Zealand,Ireland,GH Worker,LRPL Taylor,KJ O'Brien,0,0,,,,,,,,,
1033363,2017,2017-05-14,Malahide,1,14.5,New Zealand,Ireland,GH Worker,LRPL Taylor,KJ O'Brien,0,1,,,,1,,,,,
1033363,2017,2017-05-14,Malahide,1,14.6,New Zealand,Ireland,LRPL Taylor,GH Worker,KJ O'Brien,0,0,,,,,,,,,
1033363,2017,2017-05-14,Malahide,1,15.1,New Zealand,Ireland,GH Worker,LRPL Taylor,PKD Chase,1,0,,,,,,,,,
1033363,2017,2017-05-14,Malahide,1,15.2,New Zealand,Ireland,LRPL Taylor,GH Worker,PKD Chase,0,1,1,,,,,,,,
1033363,2017,2017-05-14,Malahide,1,15.3,New Zealand,Ireland,LRPL Taylor,GH Worker,PKD Chase,0,0,,,,,,,,,
1033363,2017,2017-05-14,Malahide,1,15.4,New Zealand,Ireland,LRPL Taylor,GH Worker,PKD Chase,0,0,,,,,,,,,
1033363,2017,2017-05-14,Malahide,1,15.5,New Zealand,Ireland,LRPL Taylor,GH Worker,PKD Chase,1,0,,,,,,,,,
1033363,2017,2017-05-14,Malahide,1,15.6,New Zealand,Ireland,GH Worker,LRPL Taylor,PKD Chase,0,0,,,,,,,,,
1033363,2017,2017-05-14,Malahide,1,15.7,New Zealand,Ireland,GH Worker,LRPL Taylor,PKD Chase,0,0,,,,,,,,,
1033363,2017,2017-05-14,Malahide,1,16.1,New Zealand,Ireland,LRPL Taylor,GH Worker,KJ O'Brien,0,0,,,,,,,,,
1033363,2017,2017-05-14,Malahide,1,16.2,New Zealand,Ireland,LRPL Taylor,GH Worker,KJ O'Brien,1,0,,,,,,,,,
1033363,2017,2017-05-14,Malahide,1,16.3,New Zealand,Ireland,GH Worker,LRPL Taylor,KJ O'Brien,1,0,,,,,,,,,
1033363,2017,2017-05-14,Malahide,1,16.4,New Zealand,Ireland,LRPL Taylor,GH Worker,KJ O'Brien,0,0,,,,,,,,,
1033363,2017,2017-05-14,Malahide,1,16.5,New Zealand,Ireland,LRPL Taylor,GH Worker,KJ O'Brien,1,0,,,,,,,,,
1033363,2017,2017-05-14,Malahide,1,16.6,New Zealand,Ireland,GH Worker,LRPL Taylor,KJ O'Brien,1,0,,,,,,,,,
1033363,2017,2017-05-14,Malahide,1,17.1,New Zealand,Ireland,GH Worker,LRPL Taylor,PKD Chase,0,1,,,,1,,,,,
1033363,2017,2017-05-14,Malahide,1,17.2,New Zealand,Ireland,LRPL Taylor,GH Worker,PKD Chase,2,0,,,,,,,,,
1033363,2017,2017-05-14,Malahide,1,17.3,New Zealand,Ireland,LRPL Taylor,GH Worker,PKD Chase,1,0,,,,,,,,,
1033363,2017,2017-05-14,Malahide,1,17.4,New Zealand,Ireland,GH Worker,LRPL Taylor,PKD Chase,1,0,,,,,,,,,
1033363,2017,2017-05-14,Malahide,1,17.5,New Zealand,Ireland,LRPL Taylor,GH Worker,PKD Chase,4,0,,,,,,,,,
1033363,2017,2017-05-14,Malahide,1,17.6,New Zealand,Ireland,LRPL Taylor,GH Worker,PKD Chase,1,0,,,,,,,,,
1033363,2017,2017-05-14,Malahide,1,18.1,New Zealand,Ireland,LRPL Taylor,GH Worker,KJ O'Brien,1,0,,,,,,,,,
1033363,2017,2017-05-14,Malahide,1,18.2,New Zealand,Ireland,GH Worker,LRPL Taylor,KJ O'Brien,1,0,,,,,,,,,
1033363,2017,2017-05-14,Malahide,1,18.3,New Zealand,Ireland,LRPL Taylor,GH Worker,KJ O'Brien,1,0,,,,,,,,,
1033363,2017,2017-05-14,Malahide,1,18.4,New Zealand,Ireland,GH Worker,LRPL Taylor,KJ O'Brien,1,0,,,,,,,,,
1033363,2017,2017-05-14,Malahide,1,18.5,New Zealand,Ireland,LRPL Taylor,GH Worker,KJ O'Brien,0,0,,,,,,,,,
1033363,2017,2017-05-14,Malahide,1,18.6,New Zealand,Ireland,LRPL Taylor,GH Worker,KJ O'Brien,1,0,,,,,,,,,
1033363,2017,2017-05-14,Malahide,1,19.1,New Zealand,Ireland,LRPL Taylor,GH Worker,BJ McCarthy,0,0,,,,,,,,,
1033363,2017,2017-05-14,Malahide,1,19.2,New Zealand,Ireland,LRPL Taylor,GH Worker,BJ McCarthy,0,0,,,,,,,,,
1033363,2017,2017-05-14,Malahide,1,19.3,New Zealand,Ireland,LRPL Taylor,GH Worker,BJ McCarthy,0,0,,,,,,,,,
1033363,2017,2017-05-14,Malahide,1,19.4,New Zealand,Ireland,LRPL Taylor,GH Worker,BJ McCarthy,1,0,,,,,,,,,
1033363,2017,2017-05-14,Malahide,1,19.5,New Zealand,Ireland,GH Worker,LRPL Taylor,BJ McCarthy,1,0,,,,,,,,,
1033363,2017,2017-05-14,Malahide,1,19.6,New Zealand,Ireland,LRPL Taylor,GH Worker,BJ McCarthy,1,0,,,,,,,,,
1033363,2017,2017-05-14,Malahide,1,20.1,New Zealand,Ireland,LRPL Taylor,GH Worker,GH Dockrell,1,0,,,,,,,,,
1033363,2017,2017-05-14,Malahide,1,20.2,New Zealand,Ireland,GH Worker,LRPL Taylor,GH Dockrell,1,0,,,,,,,,,
1033363,2017,2017-05-14,Malahide,1,20.3,New Zealand,Ireland,LRPL Taylor,GH Worker,GH Dockrell,0,0,,,,,,,,,
1033363,2017,2017-05-14,Malahide,1,20.4,New Zealand,Ireland,LRPL Taylor,GH Worker,GH Dockrell,0,0,,,,,,,,,
1033363,2017,2017-05-14,Malahide,1,20.5,New Zealand,Ireland,LRPL Taylor,GH Worker,GH Dockrell,1,0,,,,,,,,,
1033363,2017,2017-05-14,Malahide,1,20.6,New Zealand,Ireland,GH Worker,LRPL Taylor,GH Dockrell,1,0,,,,,,,,,
1033363,2017,2017-05-14,Malahide,1,21.1,New Zealand,Ireland,GH Worker,LRPL Taylor,BJ McCarthy,1,0,,,,,,,,,
1033363,2017,2017-05-14,Malahide,1,21.2,New Zealand,Ireland,LRPL Taylor,GH Worker,BJ McCarthy,0,0,,,,,,,,,
1033363,2017,2017-05-14,Malahide,1,21.3,New Zealand,Ireland,LRPL Taylor,GH Worker,BJ McCarthy,1,0,,,,,,,,,
1033363,2017,2017-05-14,Malahide,1,21.4,New Zealand,Ireland,GH Worker,LRPL Taylor,BJ McCarthy,0,0,,,,,,,,,
1033363,2017,2017-05-14,Malahide,1,21.5,New Zealand,Ireland,GH Worker,LRPL Taylor,BJ McCarthy,1,0,,,,,,,,,
1033363,2017,2017-05-14,Malahide,1,21.6,New Zealand,Ireland,LRPL Taylor,GH Worker,BJ McCarthy,0,0,,,,,,,,,
1033363,2017,2017-05-14,Malahide,1,22.1,New Zealand,Ireland,GH Worker,LRPL Taylor,GH Dockrell,1,0,,,,,,,,,
1033363,2017,2017-05-14,Malahide,1,22.2,New Zealand,Ireland,LRPL Taylor,GH Worker,GH Dockrell,1,0,,,,,,,,,
1033363,2017,2017-05-14,Malahide,1,22.3,New Zealand,Ireland,GH Worker,LRPL Taylor,GH Dockrell,1,0,,,,,,,,,
1033363,2017,2017-05-14,Malahide,1,22.4,New Zealand,Ireland,LRPL Taylor,GH Worker,GH Dockrell,0,0,,,,,,,,,
1033363,2017,2017-05-14,Malahide,1,22.5,New Zealand,Ireland,LRPL Taylor,GH Worker,GH Dockrell,0,0,,,,,,,,,
1033363,2017,2017-05-14,Malahide,1,22.6,New Zealand,Ireland,LRPL Taylor,GH Worker,GH Dockrell,1,0,,,,,,,,,
1033363,2017,2017-05-14,Malahide,1,23.1,New Zealand,Ireland,LRPL Taylor,GH Worker,KJ O'Brien,2,0,,,,,,,,,
1033363,2017,2017-05-14,Malahide,1,23.2,New Zealand,Ireland,LRPL Taylor,GH Worker,KJ O'Brien,0,0,,,,,,,,,
1033363,2017,2017-05-14,Malahide,1,23.3,New Zealand,Ireland,LRPL Taylor,GH Worker,KJ O'Brien,1,0,,,,,,,,,
1033363,2017,2017-05-14,Malahide,1,23.4,New Zealand,Ireland,GH Worker,LRPL Taylor,KJ O'Brien,1,0,,,,,,,,,
1033363,2017,2017-05-14,Malahide,1,23.5,New Zealand,Ireland,LRPL Taylor,GH Worker,KJ O'Brien,4,0,,,,,,,,,
1033363,2017,2017-05-14,Malahide,1,23.6,New Zealand,Ireland,LRPL Taylor,GH Worker,KJ O'Brien,0,0,,,,,,,,,
1033363,2017,2017-05-14,Malahide,1,24.1,New Zealand,Ireland,GH Worker,LRPL Taylor,GH Dockrell,0,0,,,,,,,,,
1033363,2017,2017-05-14,Malahide,1,24.2,New Zealand,Ireland,GH Worker,LRPL Taylor,GH Dockrell,1,0,,,,,,,,,
1033363,2017,2017-05-14,Malahide,1,24.3,New Zealand,Ireland,LRPL Taylor,GH Worker,GH Dockrell,1,0,,,,,,,,,
1033363,2017,2017-05-14,Malahide,1,24.4,New Zealand,Ireland,GH Worker,LRPL Taylor,GH Dockrell,0,0,,,,,,,,,
1033363,2017,2017-05-14,Malahide,1,24.5,New Zealand,Ireland,GH Worker,LRPL Taylor,GH Dockrell,0,0,,,,,,,,,
1033363,2017,2017-05-14,Malahide,1,24.6,New Zealand,Ireland,GH Worker,LRPL Taylor,GH Dockrell,0,0,,,,,,,,,
1033363,2017,2017-05-14,Malahide,1,25.1,New Zealand,Ireland,LRPL Taylor,GH Worker,KJ O'Brien,1,0,,,,,,,,,
1033363,2017,2017-05-14,Malahide,1,25.2,New Zealand,Ireland,GH Worker,LRPL Taylor,KJ O'Brien,0,0,,,,,,,,,
1033363,2017,2017-05-14,Malahide,1,25.3,New Zealand,Ireland,GH Worker,LRPL Taylor,KJ O'Brien,0,0,,,,,,,,,
1033363,2017,2017-05-14,Malahide,1,25.4,New Zealand,Ireland,GH Worker,LRPL Taylor,KJ O'Brien,0,0,,,,,,,,,
1033363,2017,2017-05-14,Malahide,1,25.5,New Zealand,Ireland,GH Worker,LRPL Taylor,KJ O'Brien,0,0,,,,,,,,,
1033363,2017,2017-05-14,Malahide,1,25.6,New Zealand,Ireland,GH Worker,LRPL Taylor,KJ O'Brien,0,0,,,,,,,,,
1033363,2017,2017-05-14,Malahide,1,26.1,New Zealand,Ireland,LRPL Taylor,GH Worker,GH Dockrell,1,0,,,,,,,,,
1033363,2017,2017-05-14,Malahide,1,26.2,New Zealand,Ireland,GH Worker,LRPL Taylor,GH Dockrell,0,0,,,,,,,,,
1033363,2017,2017-05-14,Malahide,1,26.3,New Zealand,Ireland,GH Worker,LRPL Taylor,GH Dockrell,1,0,,,,,,,,,
1033363,2017,2017-05-14,Malahide,1,26.4,New Zealand,Ireland,LRPL Taylor,GH Worker,GH Dockrell,0,0,,,,,,,,,
1033363,2017,2017-05-14,Malahide,1,26.5,New Zealand,Ireland,LRPL Taylor,GH Worker,GH Dockrell,0,0,,,,,,,,,
1033363,2017,2017-05-14,Malahide,1,26.6,New Zealand,Ireland,LRPL Taylor,GH Worker,GH Dockrell,2,0,,,,,,,,,
1033363,2017,2017-05-14,Malahide,1,27.1,New Zealand,Ireland,GH Worker,LRPL Taylor,KJ O'Brien,1,0,,,,,,,,,
1033363,2017,2017-05-14,Malahide,1,27.2,New Zealand,Ireland,LRPL Taylor,GH Worker,KJ O'Brien,1,0,,,,,,,,,
1033363,2017,2017-05-14,Malahide,1,27.3,New Zealand,Ireland,GH Worker,LRPL Taylor,KJ O'Brien,1,0,,,,,,,,,
1033363,2017,2017-05-14,Malahide,1,27.4,New Zealand,Ireland,LRPL Taylor,GH Worker,KJ O'Brien,4,0,,,,,,,,,
1033363,2017,2017-05-14,Malahide,1,27.5,New Zealand,Ireland,LRPL Taylor,GH Worker,KJ O'Brien,1,0,,,,,,,,,
1033363,2017,2017-05-14,Malahide,1,27.6,New Zealand,Ireland,GH Worker,LRPL Taylor,KJ O'Brien,0,0,,,,,,,,,
1033363,2017,2017-05-14,Malahide,1,28.1,New Zealand,Ireland,LRPL Taylor,GH Worker,GH Dockrell,1,0,,,,,,,,,
1033363,2017,2017-05-14,Malahide,1,28.2,New Zealand,Ireland,GH Worker,LRPL Taylor,GH Dockrell,1,0,,,,,,,,,
1033363,2017,2017-05-14,Malahide,1,28.3,New Zealand,Ireland,LRPL Taylor,GH Worker,GH Dockrell,0,0,,,,,,,,,
1033363,2017,2017-05-14,Malahide,1,28.4,New Zealand,Ireland,LRPL Taylor,GH Worker,GH Dockrell,1,0,,,,,,,,,
1033363,2017,2017-05-14,Malahide,1,28.5,New Zealand,Ireland,GH Worker,LRPL Taylor,GH Dockrell,0,0,,,,,,,,,
1033363,2017,2017-05-14,Malahide,1,28.6,New Zealand,Ireland,GH Worker,LRPL Taylor,GH Dockrell,0,0,,,,,,,,,
1033363,2017,2017-05-14,Malahide,1,29.1,New Zealand,Ireland,LRPL Taylor,GH Worker,KJ O'Brien,0,0,,,,,,caught,LRPL Taylor,,
1033363,2017,2017-05-14,Malahide,1,29.2,New Zealand,Ireland,NT Broom,GH Worker,KJ O'Brien,0,0,,,,,,,,,
1033363,2017,2017-05-14,Malahide,1,29.3,New Zealand,Ireland,NT Broom,GH Worker,KJ O'Brien,1,0,,,,,,,,,
1033363,2017,2017-05-14,Malahide,1,29.4,New Zealand,Ireland,GH Worker,NT Broom,KJ O'Brien,0,0,,,,,,,,,
1033363,2017,2017-05-14,Malahide,1,29.5,New Zealand,Ireland,GH Worker,NT Broom,KJ O'Brien,1,0,,,,,,,,,
1033363,2017,2017-05-14,Malahide,1,29.6,New Zealand,Ireland,NT Broom,GH Worker,KJ O'Brien,1,0,,,,,,,,,
1033363,2017,2017-05-14,Malahide,1,30.1,New Zealand,Ireland,NT Broom,GH Worker,GH Dockrell,0,0,,,,,,,,,
1033363,2017,2017-05-14,Malahide,1,30.2,New Zealand,Ireland,NT Broom,GH Worker,GH Dockrell,0,0,,,,,,,,,
1033363,2017,2017-05-14,Malahide,1,30.3,New Zealand,Ireland,NT Broom,GH Worker,GH Dockrell,0,0,,,,,,,,,
1033363,2017,2017-05-14,Malahide,1,30.4,New Zealand,Ireland,NT Broom,GH Worker,GH Dockrell,0,0,,,,,,,,,
1033363,2017,2017-05-14,Malahide,1,30.5,New Zealand,Ireland,NT Broom,GH Worker,GH Dockrell,1,0,,,,,,,,,
1033363,2017,2017-05-14,Malahide,1,30.6,New Zealand,Ireland,GH Worker,NT Broom,GH Dockrell,1,0,,,,,,,,,
1033363,2017,2017-05-14,Malahide,1,31.1,New Zealand,Ireland,GH Worker,NT Broom,KJ O'Brien,2,0,,,,,,,,,
1033363,2017,2017-05-14,Malahide,1,31.2,New Zealand,Ireland,GH Worker,NT Broom,KJ O'Brien,1,0,,,,,,,,,
1033363,2017,2017-05-14,Malahide,1,31.3,New Zealand,Ireland,NT Broom,GH Worker,KJ O'Brien,0,0,,,,,,,,,
1033363,2017,2017-05-14,Malahide,1,31.4,New Zealand,Ireland,NT Broom,GH Worker,KJ O'Brien,0,0,,,,,,,,,
1033363,2017,2017-05-14,Malahide,1,31.5,New Zealand,Ireland,NT Broom,GH Worker,KJ O'Brien,1,0,,,,,,,,,
1033363,2017,2017-05-14,Malahide,1,31.6,New Zealand,Ireland,GH Worker,NT Broom,KJ O'Brien,1,0,,,,,,,,,
1033363,2017,2017-05-14,Malahide,1,32.1,New Zealand,Ireland,GH Worker,NT Broom,GH Dockrell,0,0,,,,,,,,,
1033363,2017,2017-05-14,Malahide,1,32.2,New Zealand,Ireland,GH Worker,NT Broom,GH Dockrell,1,0,,,,,,,,,
1033363,2017,2017-05-14,Malahide,1,32.3,New Zealand,Ireland,NT Broom,GH Worker,GH Dockrell,0,0,,,,,,,,,
1033363,2017,2017-05-14,Malahide,1,32.4,New Zealand,Ireland,NT Broom,GH Worker,GH Dockrell,1,0,,,,,,,,,
1033363,2017,2017-05-14,Malahide,1,32.5,New Zealand,Ireland,GH Worker,NT Broom,GH Dockrell,0,0,,,,,,,,,
1033363,2017,2017-05-14,Malahide,1,32.6,New Zealand,Ireland,GH Worker,NT Broom,GH Dockrell,0,0,,,,,,,,,
1033363,2017,2017-05-14,Malahide,1,33.1,New Zealand,Ireland,NT Broom,GH Worker,PKD Chase,0,0,,,,,,,,,
1033363,2017,2017-05-14,Malahide,1,33.2,New Zealand,Ireland,NT Broom,GH Worker,PKD Chase,0,0,,,,,,,,,
1033363,2017,2017-05-14,Malahide,1,33.3,New Zealand,Ireland,NT Broom,GH Worker,PKD Chase,1,0,,,,,,,,,
1033363,2017,2017-05-14,Malahide,1,33.4,New Zealand,Ireland,GH Worker,NT Broom,PKD Chase,0,0,,,,,,,,,
1033363,2017,2017-05-14,Malahide,1,33.5,New Zealand,Ireland,GH Worker,NT Broom,PKD Chase,1,0,,,,,,,,,
1033363,2017,2017-05-14,Malahide,1,33.6,New Zealand,Ireland,NT Broom,GH Worker,PKD Chase,1,0,,,,,,,,,
1033363,2017,2017-05-14,Malahide,1,34.1,New Zealand,Ireland,NT Broom,GH Worker,GH Dockrell,1,0,,,,,,,,,
1033363,2017,2017-05-14,Malahide,1,34.2,New Zealand,Ireland,GH Worker,NT Broom,GH Dockrell,1,0,,,,,,,,,
1033363,2017,2017-05-14,Malahide,1,34.3,New Zealand,Ireland,NT Broom,GH Worker,GH Dockrell,0,0,,,,,,,,,
1033363,2017,2017-05-14,Malahide,1,34.4,New Zealand,Ireland,NT Broom,GH Worker,GH Dockrell,1,0,,,,,,,,,
1033363,2017,2017-05-14,Malahide,1,34.5,New Zealand,Ireland,GH Worker,NT Broom,GH Dockrell,1,0,,,,,,,,,
1033363,2017,2017-05-14,Malahide,1,34.6,New Zealand,Ireland,NT Broom,GH Worker,GH Dockrell,1,0,,,,,,,,,
1033363,2017,2017-05-14,Malahide,1,35.1,New Zealand,Ireland,NT Broom,GH Worker,PKD Chase,4,0,,,,,,,,,
1033363,2017,2017-05-14,Malahide,1,35.2,New Zealand,Ireland,NT Broom,GH Worker,PKD Chase,0,1,1,,,,,,,,
1033363,2017,2017-05-14,Malahide,1,35.3,New Zealand,Ireland,NT Broom,GH Worker,PKD Chase,1,0,,,,,,,,,
1033363,2017,2017-05-14,Malahide,1,35.4,New Zealand,Ireland,GH Worker,NT Broom,PKD Chase,0,0,,,,,,,,,
1033363,2017,2017-05-14,Malahide,1,35.5,New Zealand,Ireland,GH Worker,NT Broom,PKD Chase,0,2,,,,2,,,,,
1033363,2017,2017-05-14,Malahide,1,35.6,New Zealand,Ireland,GH Worker,NT Broom,PKD Chase,0,0,,,,,,,,,
1033363,2017,2017-05-14,Malahide,1,35.7,New Zealand,Ireland,GH Worker,NT Broom,PKD Chase,2,0,,,,,,,,,
1033363,2017,2017-05-14,Malahide,1,36.1,New Zealand,Ireland,NT Broom,GH Worker,GH Dockrell,3,0,,,,,,,,,
1033363,2017,2017-05-14,Malahide,1,36.2,New Zealand,Ireland,GH Worker,NT Broom,GH Dockrell,1,0,,,,,,,,,
1033363,2017,2017-05-14,Malahide,1,36.3,New Zealand,Ireland,NT Broom,GH Worker,GH Dockrell,0,0,,,,,,,,,
1033363,2017,2017-05-14,Malahide,1,36.4,New Zealand,Ireland,NT Broom,GH Worker,GH Dockrell,1,0,,,,,,,,,
1033363,2017,2017-05-14,Malahide,1,36.5,New Zealand,Ireland,GH Worker,NT Broom,GH Dockrell,1,0,,,,,,,,,
1033363,2017,2017-05-14,Malahide,1,36.6,New Zealand,Ireland,NT Broom,GH Worker,GH Dockrell,1,0,,,,,,,,,
1033363,2017,2017-05-14,Malahide,1,37.1,New Zealand,Ireland,NT Broom,GH Worker,PKD Chase,4,0,,,,,,,,,
1033363,2017,2017-05-14,Malahide,1,37.2,New Zealand,Ireland,NT Broom,GH Worker,PKD Chase,0,0,,,,,,,,,
1033363,2017,2017-05-14,Malahide,1,37.3,New Zealand,Ireland,NT Broom,GH Worker,PKD Chase,0,0,,,,,,,,,
1033363,2017,2017-05-14,Malahide,1,37.4,New Zealand,Ireland,NT Broom,GH Worker,PKD Chase,4,0,,,,,,,,,
1033363,2017,2017-05-14,Malahide,1,37.5,New Zealand,Ireland,NT Broom,GH Worker,PKD Chase,1,0,,,,,,,,,
1033363,2017,2017-05-14,Malahide,1,37.6,New Zealand,Ireland,GH Worker,NT Broom,PKD Chase,0,0,,,,,,,,,
1033363,2017,2017-05-14,Malahide,1,38.1,New Zealand,Ireland,NT Broom,GH Worker,TJ Murtagh,1,0,,,,,,,,,
1033363,2017,2017-05-14,Malahide,1,38.2,New Zealand,Ireland,GH Worker,NT Broom,TJ Murtagh,0,0,,,,,,,,,
1033363,2017,2017-05-14,Malahide,1,38.3,New Zealand,Ireland,GH Worker,NT Broom,TJ Murtagh,4,0,,,,,,,,,
1033363,2017,2017-05-14,Malahide,1,38.4,New Zealand,Ireland,GH Worker,NT Broom,TJ Murtagh,4,0,,,,,,,,,
1033363,2017,2017-05-14,Malahide,1,38.5,New Zealand,Ireland,GH Worker,NT Broom,TJ Murtagh,0,0,,,,,,caught,GH Worker,,
1033363,2017,2017-05-14,Malahide,1,38.6,New Zealand,Ireland,NT Broom,JDS Neesham,TJ Murtagh,0,0,,,,,,,,,
1033363,2017,2017-05-14,Malahide,1,39.1,New Zealand,Ireland,JDS Neesham,NT Broom,BJ McCarthy,0,0,,,,,,,,,
1033363,2017,2017-05-14,Malahide,1,39.2,New Zealand,Ireland,JDS Neesham,NT Broom,BJ McCarthy,0,0,,,,,,,,,
1033363,2017,2017-05-14,Malahide,1,39.3,New Zealand,Ireland,JDS Neesham,NT Broom,BJ McCarthy,4,0,,,,,,,,,
1033363,2017,2017-05-14,Malahide,1,39.4,New Zealand,Ireland,JDS Neesham,NT Broom,BJ McCarthy,1,0,,,,,,,,,
1033363,2017,2017-05-14,Malahide,1,39.5,New Zealand,Ireland,NT Broom,JDS Neesham,BJ McCarthy,1,0,,,,,,,,,
1033363,2017,2017-05-14,Malahide,1,39.6,New Zealand,Ireland,JDS Neesham,NT Broom,BJ McCarthy,2,0,,,,,,,,,
1033363,2017,2017-05-14,Malahide,1,40.1,New Zealand,Ireland,NT Broom,JDS Neesham,TJ Murtagh,1,0,,,,,,,,,
1033363,2017,2017-05-14,Malahide,1,40.2,New Zealand,Ireland,JDS Neesham,NT Broom,TJ Murtagh,1,0,,,,,,,,,
1033363,2017,2017-05-14,Malahide,1,40.3,New Zealand,Ireland,NT Broom,JDS Neesham,TJ Murtagh,1,0,,,,,,,,,
1033363,2017,2017-05-14,Malahide,1,40.4,New Zealand,Ireland,JDS Neesham,NT Broom,TJ Murtagh,0,0,,,,,,,,,
1033363,2017,2017-05-14,Malahide,1,40.5,New Zealand,Ireland,JDS Neesham,NT Broom,TJ Murtagh,1,0,,,,,,,,,
1033363,2017,2017-05-14,Malahide,1,40.6,New Zealand,Ireland,NT Broom,JDS Neesham,TJ Murtagh,0,0,,,,,,,,,
1033363,2017,2017-05-14,Malahide,1,41.1,New Zealand,Ireland,JDS Neesham,NT Broom,BJ McCarthy,0,0,,,,,,,,,
1033363,2017,2017-05-14,Malahide,1,41.2,New Zealand,Ireland,JDS Neesham,NT Broom,BJ McCarthy,0,0,,,,,,,,,
1033363,2017,2017-05-14,Malahide,1,41.3,New Zealand,Ireland,JDS Neesham,NT Broom,BJ McCarthy,1,0,,,,,,,,,
1033363,2017,2017-05-14,Malahide,1,41.4,New Zealand,Ireland,NT Broom,JDS Neesham,BJ McCarthy,4,0,,,,,,,,,
1033363,2017,2017-05-14,Malahide,1,41.5,New Zealand,Ireland,NT Broom,JDS Neesham,BJ McCarthy,1,0,,,,,,,,,
1033363,2017,2017-05-14,Malahide,1,41.6,New Zealand,Ireland,JDS Neesham,NT Broom,BJ McCarthy,1,0,,,,,,,,,
1033363,2017,2017-05-14,Malahide,1,42.1,New Zealand,Ireland,JDS Neesham,NT Broom,KJ O'Brien,0,1,1,,,,,,,,
1033363,2017,2017-05-14,Malahide,1,42.2,New Zealand,Ireland,JDS Neesham,NT Broom,KJ O'Brien,2,0,,,,,,,,,
1033363,2017,2017-05-14,Malahide,1,42.3,New Zealand,Ireland,JDS Neesham,NT Broom,KJ O'Brien,0,0,,,,,,,,,
1033363,2017,2017-05-14,Malahide,1,42.4,New Zealand,Ireland,JDS Neesham,NT Broom,KJ O'Brien,1,0,,,,,,,,,
1033363,2017,2017-05-14,Malahide,1,42.5,New Zealand,Ireland,NT Broom,JDS Neesham,KJ O'Brien,0,0,,,,,,,,,
1033363,2017,2017-05-14,Malahide,1,42.6,New Zealand,Ireland,NT Broom,JDS Neesham,KJ O'Brien,0,0,,,,,,,,,
1033363,2017,2017-05-14,Malahide,1,42.7,New Zealand,Ireland,NT Broom,JDS Neesham,KJ O'Brien,1,0,,,,,,,,,
1033363,2017,2017-05-14,Malahide,1,43.1,New Zealand,Ireland,NT Broom,JDS Neesham,PKD Chase,2,0,,,,,,,,,
1033363,2017,2017-05-14,Malahide,1,43.2,New Zealand,Ireland,NT Broom,JDS Neesham,PKD Chase,4,0,,,,,,,,,
1033363,2017,2017-05-14,Malahide,1,43.3,New Zealand,Ireland,NT Broom,JDS Neesham,PKD Chase,6,0,,,,,,,,,
1033363,2017,2017-05-14,Malahide,1,43.4,New Zealand,Ireland,NT Broom,JDS Neesham,PKD Chase,4,0,,,,,,,,,
1033363,2017,2017-05-14,Malahide,1,43.5,New Zealand,Ireland,NT Broom,JDS Neesham,PKD Chase,1,0,,,,,,,,,
1033363,2017,2017-05-14,Malahide,1,43.6,New Zealand,Ireland,JDS Neesham,NT Broom,PKD Chase,2,0,,,,,,,,,
1033363,2017,2017-05-14,Malahide,1,44.1,New Zealand,Ireland,NT Broom,JDS Neesham,TJ Murtagh,0,1,1,,,,,,,,
1033363,2017,2017-05-14,Malahide,1,44.2,New Zealand,Ireland,NT Broom,JDS Neesham,TJ Murtagh,4,0,,,,,,,,,
1033363,2017,2017-05-14,Malahide,1,44.3,New Zealand,Ireland,NT Broom,JDS Neesham,TJ Murtagh,1,0,,,,,,,,,
1033363,2017,2017-05-14,Malahide,1,44.4,New Zealand,Ireland,JDS Neesham,NT Broom,TJ Murtagh,4,0,,,,,,,,,
1033363,2017,2017-05-14,Malahide,1,44.5,New Zealand,Ireland,JDS Neesham,NT Broom,TJ Murtagh,1,0,,,,,,,,,
1033363,2017,2017-05-14,Malahide,1,44.6,New Zealand,Ireland,NT Broom,JDS Neesham,TJ Murtagh,0,0,,,,,,,,,
1033363,2017,2017-05-14,Malahide,1,44.7,New Zealand,Ireland,NT Broom,JDS Neesham,TJ Murtagh,1,0,,,,,,,,,
1033363,2017,2017-05-14,Malahide,1,45.1,New Zealand,Ireland,NT Broom,JDS Neesham,BJ McCarthy,2,0,,,,,,,,,
1033363,2017,2017-05-14,Malahide,1,45.2,New Zealand,Ireland,NT Broom,JDS Neesham,BJ McCarthy,1,0,,,,,,,,,
1033363,2017,2017-05-14,Malahide,1,45.3,New Zealand,Ireland,JDS Neesham,NT Broom,BJ McCarthy,0,1,,,,1,,,,,
1033363,2017,2017-05-14,Malahide,1,45.4,New Zealand,Ireland,NT Broom,JDS Neesham,BJ McCarthy,1,0,,,,,,,,,
1033363,2017,2017-05-14,Malahide,1,45.5,New Zealand,Ireland,JDS Neesham,NT Broom,BJ McCarthy,1,0,,,,,,,,,
1033363,2017,2017-05-14,Malahide,1,45.6,New Zealand,Ireland,NT Broom,JDS Neesham,BJ McCarthy,1,0,,,,,,,,,
1033363,2017,2017-05-14,Malahide,1,46.1,New Zealand,Ireland,NT Broom,JDS Neesham,KJ O'Brien,1,0,,,,,,,,,
1033363,2017,2017-05-14,Malahide,1,46.2,New Zealand,Ireland,JDS Neesham,NT Broom,KJ O'Brien,1,0,,,,,,,,,
1033363,2017,2017-05-14,Malahide,1,46.3,New Zealand,Ireland,NT Broom,JDS Neesham,KJ O'Brien,1,0,,,,,,,,,
1033363,2017,2017-05-14,Malahide,1,46.4,New Zealand,Ireland,JDS Neesham,NT Broom,KJ O'Brien,1,0,,,,,,,,,
1033363,2017,2017-05-14,Malahide,1,46.5,New Zealand,Ireland,NT Broom,JDS Neesham,KJ O'Brien,1,0,,,,,,,,,
1033363,2017,2017-05-14,Malahide,1,46.6,New Zealand,Ireland,JDS Neesham,NT Broom,KJ O'Brien,1,0,,,,,,,,,
1033363,2017,2017-05-14,Malahide,1,47.1,New Zealand,Ireland,JDS Neesham,NT Broom,BJ McCarthy,1,0,,,,,,,,,
1033363,2017,2017-05-14,Malahide,1,47.2,New Zealand,Ireland,NT Broom,JDS Neesham,BJ McCarthy,4,0,,,,,,,,,
1033363,2017,2017-05-14,Malahide,1,47.3,New Zealand,Ireland,NT Broom,JDS Neesham,BJ McCarthy,1,0,,,,,,,,,
1033363,2017,2017-05-14,Malahide,1,47.4,New Zealand,Ireland,JDS Neesham,NT Broom,BJ McCarthy,1,0,,,,,,,,,
1033363,2017,2017-05-14,Malahide,1,47.5,New Zealand,Ireland,NT Broom,JDS Neesham,BJ McCarthy,4,0,,,,,,,,,
1033363,2017,2017-05-14,Malahide,1,47.6,New Zealand,Ireland,NT Broom,JDS Neesham,BJ McCarthy,0,0,,,,,,run out,NT Broom,,
1033363,2017,2017-05-14,Malahide,1,48.1,New Zealand,Ireland,C Munro,JDS Neesham,TJ Murtagh,0,0,,,,,,caught,C Munro,,
1033363,2017,2017-05-14,Malahide,1,48.2,New Zealand,Ireland,JDS Neesham,SC Kuggeleijn,TJ Murtagh,1,0,,,,,,,,,
1033363,2017,2017-05-14,Malahide,1,48.3,New Zealand,Ireland,SC Kuggeleijn,JDS Neesham,TJ Murtagh,0,0,,,,,,,,,
1033363,2017,2017-05-14,Malahide,1,48.4,New Zealand,Ireland,SC Kuggeleijn,JDS Neesham,TJ Murtagh,4,0,,,,,,,,,
1033363,2017,2017-05-14,Malahide,1,48.5,New Zealand,Ireland,SC Kuggeleijn,JDS Neesham,TJ Murtagh,2,0,,,,,,,,,
1033363,2017,2017-05-14,Malahide,1,48.6,New Zealand,Ireland,SC Kuggeleijn,JDS Neesham,TJ Murtagh,2,0,,,,,,,,,
1033363,2017,2017-05-14,Malahide,1,49.1,New Zealand,Ireland,JDS Neesham,SC Kuggeleijn,PKD Chase,0,1,1,,,,,,,,
1033363,2017,2017-05-14,Malahide,1,49.2,New Zealand,Ireland,JDS Neesham,SC Kuggeleijn,PKD Chase,0,0,,,,,,,,,
1033363,2017,2017-05-14,Malahide,1,49.3,New Zealand,Ireland,JDS Neesham,SC Kuggeleijn,PKD Chase,2,0,,,,,,,,,
1033363,2017,2017-05-14,Malahide,1,49.4,New Zealand,Ireland,JDS Neesham,SC Kuggeleijn,PKD Chase,0,0,,,,,,caught,JDS Neesham,,
1033363,2017,2017-05-14,Malahide,1,49.5,New Zealand,Ireland,SC Kuggeleijn,MJ Santner,PKD Chase,2,0,,,,,,,,,
1033363,2017,2017-05-14,Malahide,1,49.6,New Zealand,Ireland,SC Kuggeleijn,MJ Santner,PKD Chase,1,0,,,,,,,,,
1033363,2017,2017-05-14,Malahide,1,49.7,New Zealand,Ireland,MJ Santner,SC Kuggeleijn,PKD Chase,1,0,,,,,,,,,
1033363,2017,2017-05-14,Malahide,2,0.1,Ireland,New Zealand,WTS Porterfield,PR Stirling,SHA Rance,0,0,,,,,,,,,
1033363,2017,2017-05-14,Malahide,2,0.2,Ireland,New Zealand,WTS Porterfield,PR Stirling,SHA Rance,0,0,,,,,,,,,
1033363,2017,2017-05-14,Malahide,2,0.3,Ireland,New Zealand,WTS Porterfield,PR Stirling,SHA Rance,0,0,,,,,,,,,
1033363,2017,2017-05-14,Malahide,2,0.4,Ireland,New Zealand,WTS Porterfield,PR Stirling,SHA Rance,0,0,,,,,,,,,
1033363,2017,2017-05-14,Malahide,2,0.5,Ireland,New Zealand,WTS Porterfield,PR Stirling,SHA Rance,2,0,,,,,,,,,
1033363,2017,2017-05-14,Malahide,2,0.6,Ireland,New Zealand,WTS Porterfield,PR Stirling,SHA Rance,0,0,,,,,,,,,
1033363,2017,2017-05-14,Malahide,2,1.1,Ireland,New Zealand,PR Stirling,WTS Porterfield,SC Kuggeleijn,0,0,,,,,,,,,
1033363,2017,2017-05-14,Malahide,2,1.2,Ireland,New Zealand,PR Stirling,WTS Porterfield,SC Kuggeleijn,1,0,,,,,,,,,
1033363,2017,2017-05-14,Malahide,2,1.3,Ireland,New Zealand,WTS Porterfield,PR Stirling,SC Kuggeleijn,4,0,,,,,,,,,
1033363,2017,2017-05-14,Malahide,2,1.4,Ireland,New Zealand,WTS Porterfield,PR Stirling,SC Kuggeleijn,0,0,,,,,,,,,
1033363,2017,2017-05-14,Malahide,2,1.5,Ireland,New Zealand,WTS Porterfield,PR Stirling,SC Kuggeleijn,4,0,,,,,,,,,
1033363,2017,2017-05-14,Malahide,2,1.6,Ireland,New Zealand,WTS Porterfield,PR Stirling,SC Kuggeleijn,2,0,,,,,,,,,
1033363,2017,2017-05-14,Malahide,2,2.1,Ireland,New Zealand,PR Stirling,WTS Porterfield,SHA Rance,0,0,,,,,,,,,
1033363,2017,2017-05-14,Malahide,2,2.2,Ireland,New Zealand,PR Stirling,WTS Porterfield,SHA Rance,0,0,,,,,,,,,
1033363,2017,2017-05-14,Malahide,2,2.3,Ireland,New Zealand,PR Stirling,WTS Porterfield,SHA Rance,0,0,,,,,,,,,
1033363,2017,2017-05-14,Malahide,2,2.4,Ireland,New Zealand,PR Stirling,WTS Porterfield,SHA Rance,2,0,,,,,,,,,
1033363,2017,2017-05-14,Malahide,2,2.5,Ireland,New Zealand,PR Stirling,WTS Porterfield,SHA Rance,0,0,,,,,,,,,
1033363,2017,2017-05-14,Malahide,2,2.6,Ireland,New Zealand,PR Stirling,WTS Porterfield,SHA Rance,4,0,,,,,,,,,
1033363,2017,2017-05-14,Malahide,2,3.1,Ireland,New Zealand,WTS Porterfield,PR Stirling,SC Kuggeleijn,0,0,,,,,,,,,
1033363,2017,2017-05-14,Malahide,2,3.2,Ireland,New Zealand,WTS Porterfield,PR Stirling,SC Kuggeleijn,0,0,,,,,,,,,
1033363,2017,2017-05-14,Malahide,2,3.3,Ireland,New Zealand,WTS Porterfield,PR Stirling,SC Kuggeleijn,0,0,,,,,,,,,
1033363,2017,2017-05-14,Malahide,2,3.4,Ireland,New Zealand,WTS Porterfield,PR Stirling,SC Kuggeleijn,0,0,,,,,,,,,
1033363,2017,2017-05-14,Malahide,2,3.5,Ireland,New Zealand,WTS Porterfield,PR Stirling,SC Kuggeleijn,0,0,,,,,,,,,
1033363,2017,2017-05-14,Malahide,2,3.6,Ireland,New Zealand,WTS Porterfield,PR Stirling,SC Kuggeleijn,0,0,,,,,,caught,WTS Porterfield,,
1033363,2017,2017-05-14,Malahide,2,4.1,Ireland,New Zealand,PR Stirling,NJ O'Brien,SHA Rance,0,0,,,,,,,,,
1033363,2017,2017-05-14,Malahide,2,4.2,Ireland,New Zealand,PR Stirling,NJ O'Brien,SHA Rance,0,0,,,,,,,,,
1033363,2017,2017-05-14,Malahide,2,4.3,Ireland,New Zealand,PR Stirling,NJ O'Brien,SHA Rance,6,0,,,,,,,,,
1033363,2017,2017-05-14,Malahide,2,4.4,Ireland,New Zealand,PR Stirling,NJ O'Brien,SHA Rance,0,0,,,,,,,,,
1033363,2017,2017-05-14,Malahide,2,4.5,Ireland,New Zealand,PR Stirling,NJ O'Brien,SHA Rance,1,0,,,,,,,,,
1033363,2017,2017-05-14,Malahide,2,4.6,Ireland,New Zealand,NJ O'Brien,PR Stirling,SHA Rance,0,0,,,,,,,,,
1033363,2017,2017-05-14,Malahide,2,5.1,Ireland,New Zealand,PR Stirling,NJ O'Brien,SC Kuggeleijn,0,0,,,,,,bowled,PR Stirling,,
1033363,2017,2017-05-14,Malahide,2,5.2,Ireland,New Zealand,A Balbirnie,NJ O'Brien,SC Kuggeleijn,0,0,,,,,,,,,
1033363,2017,2017-05-14,Malahide,2,5.3,Ireland,New Zealand,A Balbirnie,NJ O'Brien,SC Kuggeleijn,0,0,,,,,,,,,
1033363,2017,2017-05-14,Malahide,2,5.4,Ireland,New Zealand,A Balbirnie,NJ O'Brien,SC Kuggeleijn,0,0,,,,,,,,,
1033363,2017,2017-05-14,Malahide,2,5.5,Ireland,New Zealand,A Balbirnie,NJ O'Brien,SC Kuggeleijn,2,0,,,,,,,,,
1033363,2017,2017-05-14,Malahide,2,5.6,Ireland,New Zealand,A Balbirnie,NJ O'Brien,SC Kuggeleijn,0,0,,,,,,,,,
1033363,2017,2017-05-14,Malahide,2,6.1,Ireland,New Zealand,NJ O'Brien,A Balbirnie,SHA Rance,0,0,,,,,,,,,
1033363,2017,2017-05-14,Malahide,2,6.2,Ireland,New Zealand,NJ O'Brien,A Balbirnie,SHA Rance,0,0,,,,,,,,,
1033363,2017,2017-05-14,Malahide,2,6.3,Ireland,New Zealand,NJ O'Brien,A Balbirnie,SHA Rance,0,0,,,,,,,,,
1033363,2017,2017-05-14,Malahide,2,6.4,Ireland,New Zealand,NJ O'Brien,A Balbirnie,SHA Rance,0,0,,,,,,,,,
1033363,2017,2017-05-14,Malahide,2,6.5,Ireland,New Zealand,NJ O'Brien,A Balbirnie,SHA Rance,0,0,,,,,,,,,
1033363,2017,2017-05-14,Malahide,2,6.6,Ireland,New Zealand,NJ O'Brien,A Balbirnie,SHA Rance,0,0,,,,,,,,,
1033363,2017,2017-05-14,Malahide,2,7.1,Ireland,New Zealand,A Balbirnie,NJ O'Brien,SC Kuggeleijn,0,1,1,,,,,,,,
1033363,2017,2017-05-14,Malahide,2,7.2,Ireland,New Zealand,A Balbirnie,NJ O'Brien,SC Kuggeleijn,0,0,,,,,,,,,
1033363,2017,2017-05-14,Malahide,2,7.3,Ireland,New Zealand,A Balbirnie,NJ O'Brien,SC Kuggeleijn,0,0,,,,,,,,,
1033363,2017,2017-05-14,Malahide,2,7.4,Ireland,New Zealand,A Balbirnie,NJ O'Brien,SC Kuggeleijn,1,0,,,,,,,,,
1033363,2017,2017-05-14,Malahide,2,7.5,Ireland,New Zealand,NJ O'Brien,A Balbirnie,SC Kuggeleijn,0,0,,,,,,,,,
1033363,2017,2017-05-14,Malahide,2,7.6,Ireland,New Zealand,NJ O'Brien,A Balbirnie,SC Kuggeleijn,1,0,,,,,,,,,
1033363,2017,2017-05-14,Malahide,2,7.7,Ireland,New Zealand,A Balbirnie,NJ O'Brien,SC Kuggeleijn,4,0,,,,,,,,,
1033363,2017,2017-05-14,Malahide,2,8.1,Ireland,New Zealand,NJ O'Brien,A Balbirnie,SHA Rance,0,0,,,,,,,,,
1033363,2017,2017-05-14,Malahide,2,8.2,Ireland,New Zealand,NJ O'Brien,A Balbirnie,SHA Rance,0,0,,,,,,,,,
1033363,2017,2017-05-14,Malahide,2,8.3,Ireland,New Zealand,NJ O'Brien,A Balbirnie,SHA Rance,4,0,,,,,,,,,
1033363,2017,2017-05-14,Malahide,2,8.4,Ireland,New Zealand,NJ O'Brien,A Balbirnie,SHA Rance,0,0,,,,,,,,,
1033363,2017,2017-05-14,Malahide,2,8.5,Ireland,New Zealand,NJ O'Brien,A Balbirnie,SHA Rance,0,0,,,,,,,,,
1033363,2017,2017-05-14,Malahide,2,8.6,Ireland,New Zealand,NJ O'Brien,A Balbirnie,SHA Rance,0,0,,,,,,,,,
1033363,2017,2017-05-14,Malahide,2,9.1,Ireland,New Zealand,A Balbirnie,NJ O'Brien,SC Kuggeleijn,0,0,,,,,,,,,
1033363,2017,2017-05-14,Malahide,2,9.2,Ireland,New Zealand,A Balbirnie,NJ O'Brien,SC Kuggeleijn,0,0,,,,,,,,,
1033363,2017,2017-05-14,Malahide,2,9.3,Ireland,New Zealand,A Balbirnie,NJ O'Brien,SC Kuggeleijn,0,0,,,,,,,,,
1033363,2017,2017-05-14,Malahide,2,9.4,Ireland,New Zealand,A Balbirnie,NJ O'Brien,SC Kuggeleijn,0,0,,,,,,,,,
1033363,2017,2017-05-14,Malahide,2,9.5,Ireland,New Zealand,A Balbirnie,NJ O'Brien,SC Kuggeleijn,1,0,,,,,,,,,
1033363,2017,2017-05-14,Malahide,2,9.6,Ireland,New Zealand,NJ O'Brien,A Balbirnie,SC Kuggeleijn,0,0,,,,,,,,,
1033363,2017,2017-05-14,Malahide,2,10.1,Ireland,New Zealand,A Balbirnie,NJ O'Brien,JDS Neesham,0,1,1,,,,,,,,
1033363,2017,2017-05-14,Malahide,2,10.2,Ireland,New Zealand,A Balbirnie,NJ O'Brien,JDS Neesham,0,0,,,,,,,,,
1033363,2017,2017-05-14,Malahide,2,10.3,Ireland,New Zealand,A Balbirnie,NJ O'Brien,JDS Neesham,0,0,,,,,,,,,
1033363,2017,2017-05-14,Malahide,2,10.4,Ireland,New Zealand,A Balbirnie,NJ O'Brien,JDS Neesham,1,0,,,,,,,,,
1033363,2017,2017-05-14,Malahide,2,10.5,Ireland,New Zealand,NJ O'Brien,A Balbirnie,JDS Neesham,0,1,,,,1,,,,,
1033363,2017,2017-05-14,Malahide,2,10.6,Ireland,New Zealand,A Balbirnie,NJ O'Brien,JDS Neesham,0,0,,,,,,,,,
1033363,2017,2017-05-14,Malahide,2,10.7,Ireland,New Zealand,A Balbirnie,NJ O'Brien,JDS Neesham,0,0,,,,,,,,,
1033363,2017,2017-05-14,Malahide,2,11.1,Ireland,New Zealand,NJ O'Brien,A Balbirnie,SC Kuggeleijn,0,0,,,,,,,,,
1033363,2017,2017-05-14,Malahide,2,11.2,Ireland,New Zealand,NJ O'Brien,A Balbirnie,SC Kuggeleijn,0,0,,,,,,,,,
1033363,2017,2017-05-14,Malahide,2,11.3,Ireland,New Zealand,NJ O'Brien,A Balbirnie,SC Kuggeleijn,0,4,,,,4,,,,,
1033363,2017,2017-05-14,Malahide,2,11.4,Ireland,New Zealand,NJ O'Brien,A Balbirnie,SC Kuggeleijn,0,0,,,,,,,,,
1033363,2017,2017-05-14,Malahide,2,11.5,Ireland,New Zealand,NJ O'Brien,A Balbirnie,SC Kuggeleijn,1,0,,,,,,,,,
1033363,2017,2017-05-14,Malahide,2,11.6,Ireland,New Zealand,A Balbirnie,NJ O'Brien,SC Kuggeleijn,4,0,,,,,,,,,
1033363,2017,2017-05-14,Malahide,2,12.1,Ireland,New Zealand,NJ O'Brien,A Balbirnie,JDS Neesham,0,0,,,,,,,,,
1033363,2017,2017-05-14,Malahide,2,12.2,Ireland,New Zealand,NJ O'Brien,A Balbirnie,JDS Neesham,0,0,,,,,,,,,
1033363,2017,2017-05-14,Malahide,2,12.3,Ireland,New Zealand,NJ O'Brien,A Balbirnie,JDS Neesham,4,1,,1,,,,,,,
1033363,2017,2017-05-14,Malahide,2,12.4,Ireland,New Zealand,NJ O'Brien,A Balbirnie,JDS Neesham,4,0,,,,,,,,,
1033363,2017,2017-05-14,Malahide,2,12.5,Ireland,New Zealand,NJ O'Brien,A Balbirnie,JDS Neesham,0,0,,,,,,,,,
1033363,2017,2017-05-14,Malahide,2,12.6,Ireland,New Zealand,NJ O'Brien,A Balbirnie,JDS Neesham,0,0,,,,,,,,,
1033363,2017,2017-05-14,Malahide,2,12.7,Ireland,New Zealand,NJ O'Brien,A Balbirnie,JDS Neesham,1,0,,,,,,,,,
1033363,2017,2017-05-14,Malahide,2,13.1,Ireland,New Zealand,NJ O'Brien,A Balbirnie,C Munro,0,0,,,,,,,,,
1033363,2017,2017-05-14,Malahide,2,13.2,Ireland,New Zealand,NJ O'Brien,A Balbirnie,C Munro,0,0,,,,,,,,,
1033363,2017,2017-05-14,Malahide,2,13.3,Ireland,New Zealand,NJ O'Brien,A Balbirnie,C Munro,0,0,,,,,,,,,
1033363,2017,2017-05-14,Malahide,2,13.4,Ireland,New Zealand,NJ O'Brien,A Balbirnie,C Munro,0,0,,,,,,,,,
1033363,2017,2017-05-14,Malahide,2,13.5,Ireland,New Zealand,NJ O'Brien,A Balbirnie,C Munro,1,0,,,,,,,,,
1033363,2017,2017-05-14,Malahide,2,13.6,Ireland,New Zealand,A Balbirnie,NJ O'Brien,C Munro,1,0,,,,,,,,,
1033363,2017,2017-05-14,Malahide,2,14.1,Ireland,New Zealand,A Balbirnie,NJ O'Brien,JDS Neesham,0,0,,,,,,,,,
1033363,2017,2017-05-14,Malahide,2,14.2,Ireland,New Zealand,A Balbirnie,NJ O'Brien,JDS Neesham,1,0,,,,,,,,,
1033363,2017,2017-05-14,Malahide,2,14.3,Ireland,New Zealand,NJ O'Brien,A Balbirnie,JDS Neesham,0,0,,,,,,,,,
1033363,2017,2017-05-14,Malahide,2,14.4,Ireland,New Zealand,NJ O'Brien,A Balbirnie,JDS Neesham,0,0,,,,,,,,,
1033363,2017,2017-05-14,Malahide,2,14.5,Ireland,New Zealand,NJ O'Brien,A Balbirnie,JDS Neesham,4,0,,,,,,,,,
1033363,2017,2017-05-14,Malahide,2,14.6,Ireland,New Zealand,NJ O'Brien,A Balbirnie,JDS Neesham,0,0,,,,,,,,,
1033363,2017,2017-05-14,Malahide,2,15.1,Ireland,New Zealand,A Balbirnie,NJ O'Brien,C Munro,0,0,,,,,,,,,
1033363,2017,2017-05-14,Malahide,2,15.2,Ireland,New Zealand,A Balbirnie,NJ O'Brien,C Munro,0,0,,,,,,,,,
1033363,2017,2017-05-14,Malahide,2,15.3,Ireland,New Zealand,A Balbirnie,NJ O'Brien,C Munro,1,0,,,,,,,,,
1033363,2017,2017-05-14,Malahide,2,15.4,Ireland,New Zealand,NJ O'Brien,A Balbirnie,C Munro,0,0,,,,,,,,,
1033363,2017,2017-05-14,Malahide,2,15.5,Ireland,New Zealand,NJ O'Brien,A Balbirnie,C Munro,0,0,,,,,,,,,
1033363,2017,2017-05-14,Malahide,2,15.6,Ireland,New Zealand,NJ O'Brien,A Balbirnie,C Munro,0,0,,,,,,,,,
1033363,2017,2017-05-14,Malahide,2,16.1,Ireland,New Zealand,A Balbirnie,NJ O'Brien,MJ Santner,4,0,,,,,,,,,
1033363,2017,2017-05-14,Malahide,2,16.2,Ireland,New Zealand,A Balbirnie,NJ O'Brien,MJ Santner,0,0,,,,,,,,,
1033363,2017,2017-05-14,Malahide,2,16.3,Ireland,New Zealand,A Balbirnie,NJ O'Brien,MJ Santner,0,0,,,,,,,,,
1033363,2017,2017-05-14,Malahide,2,16.4,Ireland,New Zealand,A Balbirnie,NJ O'Brien,MJ Santner,0,1,1,,,,,,,,
1033363,2017,2017-05-14,Malahide,2,16.5,Ireland,New Zealand,A Balbirnie,NJ O'Brien,MJ Santner,1,0,,,,,,,,,
1033363,2017,2017-05-14,Malahide,2,16.6,Ireland,New Zealand,NJ O'Brien,A Balbirnie,MJ Santner,0,0,,,,,,,,,
1033363,2017,2017-05-14,Malahide,2,16.7,Ireland,New Zealand,NJ O'Brien,A Balbirnie,MJ Santner,1,0,,,,,,,,,
1033363,2017,2017-05-14,Malahide,2,17.1,Ireland,New Zealand,NJ O'Brien,A Balbirnie,C Munro,6,0,,,,,,,,,
1033363,2017,2017-05-14,Malahide,2,17.2,Ireland,New Zealand,NJ O'Brien,A Balbirnie,C Munro,0,0,,,,,,,,,
1033363,2017,2017-05-14,Malahide,2,17.3,Ireland,New Zealand,NJ O'Brien,A Balbirnie,C Munro,0,0,,,,,,,,,
1033363,2017,2017-05-14,Malahide,2,17.4,Ireland,New Zealand,NJ O'Brien,A Balbirnie,C Munro,0,0,,,,,,,,,
1033363,2017,2017-05-14,Malahide,2,17.5,Ireland,New Zealand,NJ O'Brien,A Balbirnie,C Munro,0,0,,,,,,,,,
1033363,2017,2017-05-14,Malahide,2,17.6,Ireland,New Zealand,NJ O'Brien,A Balbirnie,C Munro,0,0,,,,,,,,,
1033363,2017,2017-05-14,Malahide,2,18.1,Ireland,New Zealand,A Balbirnie,NJ O'Brien,MJ Santner,0,0,,,,,,,,,
1033363,2017,2017-05-14,Malahide,2,18.2,Ireland,New Zealand,A Balbirnie,NJ O'Brien,MJ Santner,0,0,,,,,,,,,
1033363,2017,2017-05-14,Malahide,2,18.3,Ireland,New Zealand,A Balbirnie,NJ O'Brien,MJ Santner,0,0,,,,,,,,,
1033363,2017,2017-05-14,Malahide,2,18.4,Ireland,New Zealand,A Balbirnie,NJ O'Brien,MJ Santner,0,0,,,,,,,,,
1033363,2017,2017-05-14,Malahide,2,18.5,Ireland,New Zealand,A Balbirnie,NJ O'Brien,MJ Santner,1,0,,,,,,,,,
1033363,2017,2017-05-14,Malahide,2,18.6,Ireland,New Zealand,NJ O'Brien,A Balbirnie,MJ Santner,2,0,,,,,,,,,
1033363,2017,2017-05-14,Malahide,2,19.1,Ireland,New Zealand,A Balbirnie,NJ O'Brien,C Munro,1,0,,,,,,,,,
1033363,2017,2017-05-14,Malahide,2,19.2,Ireland,New Zealand,NJ O'Brien,A Balbirnie,C Munro,0,0,,,,,,,,,
1033363,2017,2017-05-14,Malahide,2,19.3,Ireland,New Zealand,NJ O'Brien,A Balbirnie,C Munro,1,0,,,,,,,,,
1033363,2017,2017-05-14,Malahide,2,19.4,Ireland,New Zealand,A Balbirnie,NJ O'Brien,C Munro,4,0,,,,,,,,,
1033363,2017,2017-05-14,Malahide,2,19.5,Ireland,New Zealand,A Balbirnie,NJ O'Brien,C Munro,0,0,,,,,,,,,
1033363,2017,2017-05-14,Malahide,2,19.6,Ireland,New Zealand,A Balbirnie,NJ O'Brien,C Munro,1,0,,,,,,,,,
1033363,2017,2017-05-14,Malahide,2,20.1,Ireland,New Zealand,A Balbirnie,NJ O'Brien,IS Sodhi,1,0,,,,,,,,,
1033363,2017,2017-05-14,Malahide,2,20.2,Ireland,New Zealand,NJ O'Brien,A Balbirnie,IS Sodhi,0,0,,,,,,,,,
1033363,2017,2017-05-14,Malahide,2,20.3,Ireland,New Zealand,NJ O'Brien,A Balbirnie,IS Sodhi,1,0,,,,,,,,,
1033363,2017,2017-05-14,Malahide,2,20.4,Ireland,New Zealand,A Balbirnie,NJ O'Brien,IS Sodhi,0,0,,,,,,,,,
1033363,2017,2017-05-14,Malahide,2,20.5,Ireland,New Zealand,A Balbirnie,NJ O'Brien,IS Sodhi,1,0,,,,,,,,,
1033363,2017,2017-05-14,Malahide,2,20.6,Ireland,New Zealand,NJ O'Brien,A Balbirnie,IS Sodhi,1,0,,,,,,,,,
1033363,2017,2017-05-14,Malahide,2,21.1,Ireland,New Zealand,NJ O'Brien,A Balbirnie,MJ Santner,6,0,,,,,,,,,
1033363,2017,2017-05-14,Malahide,2,21.2,Ireland,New Zealand,NJ O'Brien,A Balbirnie,MJ Santner,1,0,,,,,,,,,
1033363,2017,2017-05-14,Malahide,2,21.3,Ireland,New Zealand,A Balbirnie,NJ O'Brien,MJ Santner,4,0,,,,,,,,,
1033363,2017,2017-05-14,Malahide,2,21.4,Ireland,New Zealand,A Balbirnie,NJ O'Brien,MJ Santner,0,0,,,,,,,,,
1033363,2017,2017-05-14,Malahide,2,21.5,Ireland,New Zealand,A Balbirnie,NJ O'Brien,MJ Santner,0,0,,,,,,,,,
1033363,2017,2017-05-14,Malahide,2,21.6,Ireland,New Zealand,A Balbirnie,NJ O'Brien,MJ Santner,1,0,,,,,,,,,
1033363,2017,2017-05-14,Malahide,2,22.1,Ireland,New Zealand,A Balbirnie,NJ O'Brien,IS Sodhi,1,0,,,,,,,,,
1033363,2017,2017-05-14,Malahide,2,22.2,Ireland,New Zealand,NJ O'Brien,A Balbirnie,IS Sodhi,0,0,,,,,,,,,
1033363,2017,2017-05-14,Malahide,2,22.3,Ireland,New Zealand,NJ O'Brien,A Balbirnie,IS Sodhi,0,0,,,,,,,,,
1033363,2017,2017-05-14,Malahide,2,22.4,Ireland,New Zealand,NJ O'Brien,A Balbirnie,IS Sodhi,0,0,,,,,,,,,
1033363,2017,2017-05-14,Malahide,2,22.5,Ireland,New Zealand,NJ O'Brien,A Balbirnie,IS Sodhi,0,0,,,,,,,,,
1033363,2017,2017-05-14,Malahide,2,22.6,Ireland,New Zealand,NJ O'Brien,A Balbirnie,IS Sodhi,2,0,,,,,,,,,
1033363,2017,2017-05-14,Malahide,2,23.1,Ireland,New Zealand,A Balbirnie,NJ O'Brien,MJ Santner,0,0,,,,,,,,,
1033363,2017,2017-05-14,Malahide,2,23.2,Ireland,New Zealand,A Balbirnie,NJ O'Brien,MJ Santner,0,0,,,,,,,,,
1033363,2017,2017-05-14,Malahide,2,23.3,Ireland,New Zealand,A Balbirnie,NJ O'Brien,MJ Santner,0,0,,,,,,caught and bowled,A Balbirnie,,
1033363,2017,2017-05-14,Malahide,2,23.4,Ireland,New Zealand,KJ O'Brien,NJ O'Brien,MJ Santner,0,0,,,,,,,,,
1033363,2017,2017-05-14,Malahide,2,23.5,Ireland,New Zealand,KJ O'Brien,NJ O'Brien,MJ Santner,1,0,,,,,,,,,
1033363,2017,2017-05-14,Malahide,2,23.6,Ireland,New Zealand,NJ O'Brien,KJ O'Brien,MJ Santner,0,0,,,,,,,,,
1033363,2017,2017-05-14,Malahide,2,24.1,Ireland,New Zealand,KJ O'Brien,NJ O'Brien,IS Sodhi,0,0,,,,,,lbw,KJ O'Brien,,
1033363,2017,2017-05-14,Malahide,2,24.2,Ireland,New Zealand,GC Wilson,NJ O'Brien,IS Sodhi,1,0,,,,,,,,,
1033363,2017,2017-05-14,Malahide,2,24.3,Ireland,New Zealand,NJ O'Brien,GC Wilson,IS Sodhi,0,0,,,,,,,,,
1033363,2017,2017-05-14,Malahide,2,24.4,Ireland,New Zealand,NJ O'Brien,GC Wilson,IS Sodhi,2,0,,,,,,,,,
1033363,2017,2017-05-14,Malahide,2,24.5,Ireland,New Zealand,NJ O'Brien,GC Wilson,IS Sodhi,1,0,,,,,,,,,
1033363,2017,2017-05-14,Malahide,2,24.6,Ireland,New Zealand,GC Wilson,NJ O'Brien,IS Sodhi,0,0,,,,,,,,,
1033363,2017,2017-05-14,Malahide,2,25.1,Ireland,New Zealand,NJ O'Brien,GC Wilson,MJ Santner,0,0,,,,,,,,,
1033363,2017,2017-05-14,Malahide,2,25.2,Ireland,New Zealand,NJ O'Brien,GC Wilson,MJ Santner,1,0,,,,,,,,,
1033363,2017,2017-05-14,Malahide,2,25.3,Ireland,New Zealand,GC Wilson,NJ O'Brien,MJ Santner,0,0,,,,,,,,,
1033363,2017,2017-05-14,Malahide,2,25.4,Ireland,New Zealand,GC Wilson,NJ O'Brien,MJ Santner,0,0,,,,,,,,,
1033363,2017,2017-05-14,Malahide,2,25.5,Ireland,New Zealand,GC Wilson,NJ O'Brien,MJ Santner,4,0,,,,,,,,,
1033363,2017,2017-05-14,Malahide,2,25.6,Ireland,New Zealand,GC Wilson,NJ O'Brien,MJ Santner,0,0,,,,,,,,,
1033363,2017,2017-05-14,Malahide,2,26.1,Ireland,New Zealand,NJ O'Brien,GC Wilson,IS Sodhi,0,0,,,,,,,,,
1033363,2017,2017-05-14,Malahide,2,26.2,Ireland,New Zealand,NJ O'Brien,GC Wilson,IS Sodhi,0,0,,,,,,,,,
1033363,2017,2017-05-14,Malahide,2,26.3,Ireland,New Zealand,NJ O'Brien,GC Wilson,IS Sodhi,0,0,,,,,,,,,
1033363,2017,2017-05-14,Malahide,2,26.4,Ireland,New Zealand,NJ O'Brien,GC Wilson,IS Sodhi,2,0,,,,,,,,,
1033363,2017,2017-05-14,Malahide,2,26.5,Ireland,New Zealand,NJ O'Brien,GC Wilson,IS Sodhi,0,0,,,,,,,,,
1033363,2017,2017-05-14,Malahide,2,26.6,Ireland,New Zealand,NJ O'Brien,GC Wilson,IS Sodhi,0,0,,,,,,,,,
1033363,2017,2017-05-14,Malahide,2,27.1,Ireland,New Zealand,GC Wilson,NJ O'Brien,MJ Santner,1,0,,,,,,,,,
1033363,2017,2017-05-14,Malahide,2,27.2,Ireland,New Zealand,NJ O'Brien,GC Wilson,MJ Santner,4,0,,,,,,,,,
1033363,2017,2017-05-14,Malahide,2,27.3,Ireland,New Zealand,NJ O'Brien,GC Wilson,MJ Santner,0,0,,,,,,,,,
1033363,2017,2017-05-14,Malahide,2,27.4,Ireland,New Zealand,NJ O'Brien,GC Wilson,MJ Santner,6,0,,,,,,,,,
1033363,2017,2017-05-14,Malahide,2,27.5,Ireland,New Zealand,NJ O'Brien,GC Wilson,MJ Santner,0,0,,,,,,,,,
1033363,2017,2017-05-14,Malahide,2,27.6,Ireland,New Zealand,NJ O'Brien,GC Wilson,MJ Santner,4,0,,,,,,,,,
1033363,2017,2017-05-14,Malahide,2,28.1,Ireland,New Zealand,GC Wilson,NJ O'Brien,IS Sodhi,4,0,,,,,,,,,
1033363,2017,2017-05-14,Malahide,2,28.2,Ireland,New Zealand,GC Wilson,NJ O'Brien,IS Sodhi,2,0,,,,,,,,,
1033363,2017,2017-05-14,Malahide,2,28.3,Ireland,New Zealand,GC Wilson,NJ O'Brien,IS Sodhi,1,0,,,,,,,,,
1033363,2017,2017-05-14,Malahide,2,28.4,Ireland,New Zealand,NJ O'Brien,GC Wilson,IS Sodhi,0,0,,,,,,,,,
1033363,2017,2017-05-14,Malahide,2,28.5,Ireland,New Zealand,NJ O'Brien,GC Wilson,IS Sodhi,0,0,,,,,,,,,
1033363,2017,2017-05-14,Malahide,2,28.6,Ireland,New Zealand,NJ O'Brien,GC Wilson,IS Sodhi,1,0,,,,,,,,,
1033363,2017,2017-05-14,Malahide,2,29.1,Ireland,New Zealand,NJ O'Brien,GC Wilson,JDS Neesham,0,0,,,,,,,,,
1033363,2017,2017-05-14,Malahide,2,29.2,Ireland,New Zealand,NJ O'Brien,GC Wilson,JDS Neesham,0,0,,,,,,,,,
1033363,2017,2017-05-14,Malahide,2,29.3,Ireland,New Zealand,NJ O'Brien,GC Wilson,JDS Neesham,0,0,,,,,,,,,
1033363,2017,2017-05-14,Malahide,2,29.4,Ireland,New Zealand,NJ O'Brien,GC Wilson,JDS Neesham,0,0,,,,,,,,,
1033363,2017,2017-05-14,Malahide,2,29.5,Ireland,New Zealand,NJ O'Brien,GC Wilson,JDS Neesham,1,0,,,,,,,,,
1033363,2017,2017-05-14,Malahide,2,29.6,Ireland,New Zealand,GC Wilson,NJ O'Brien,JDS Neesham,1,0,,,,,,,,,
1033363,2017,2017-05-14,Malahide,2,30.1,Ireland,New Zealand,GC Wilson,NJ O'Brien,IS Sodhi,2,0,,,,,,,,,
1033363,2017,2017-05-14,Malahide,2,30.2,Ireland,New Zealand,GC Wilson,NJ O'Brien,IS Sodhi,0,0,,,,,,,,,
1033363,2017,2017-05-14,Malahide,2,30.3,Ireland,New Zealand,GC Wilson,NJ O'Brien,IS Sodhi,1,0,,,,,,,,,
1033363,2017,2017-05-14,Malahide,2,30.4,Ireland,New Zealand,NJ O'Brien,GC Wilson,IS Sodhi,0,0,,,,,,,,,
1033363,2017,2017-05-14,Malahide,2,30.5,Ireland,New Zealand,NJ O'Brien,GC Wilson,IS Sodhi,1,0,,,,,,,,,
1033363,2017,2017-05-14,Malahide,2,30.6,Ireland,New Zealand,GC Wilson,NJ O'Brien,IS Sodhi,4,0,,,,,,,,,
1033363,2017,2017-05-14,Malahide,2,31.1,Ireland,New Zealand,NJ O'Brien,GC Wilson,JDS Neesham,0,0,,,,,,,,,
1033363,2017,2017-05-14,Malahide,2,31.2,Ireland,New Zealand,NJ O'Brien,GC Wilson,JDS Neesham,0,0,,,,,,,,,
1033363,2017,2017-05-14,Malahide,2,31.3,Ireland,New Zealand,NJ O'Brien,GC Wilson,JDS Neesham,1,0,,,,,,,,,
1033363,2017,2017-05-14,Malahide,2,31.4,Ireland,New Zealand,GC Wilson,NJ O'Brien,JDS Neesham,1,0,,,,,,,,,
1033363,2017,2017-05-14,Malahide,2,31.5,Ireland,New Zealand,NJ O'Brien,GC Wilson,JDS Neesham,4,0,,,,,,,,,
1033363,2017,2017-05-14,Malahide,2,31.6,Ireland,New Zealand,NJ O'Brien,GC Wilson,JDS Neesham,1,0,,,,,,,,,
1033363,2017,2017-05-14,Malahide,2,32.1,Ireland,New Zealand,NJ O'Brien,GC Wilson,IS Sodhi,0,0,,,,,,,,,
1033363,2017,2017-05-14,Malahide,2,32.2,Ireland,New Zealand,NJ O'Brien,GC Wilson,IS Sodhi,0,4,,,4,,,,,,
1033363,2017,2017-05-14,Malahide,2,32.3,Ireland,New Zealand,NJ O'Brien,GC Wilson,IS Sodhi,0,1,,,,1,,,,,
1033363,2017,2017-05-14,Malahide,2,32.4,Ireland,New Zealand,GC Wilson,NJ O'Brien,IS Sodhi,0,0,,,,,,,,,
1033363,2017,2017-05-14,Malahide,2,32.5,Ireland,New Zealand,GC Wilson,NJ O'Brien,IS Sodhi,1,0,,,,,,,,,
1033363,2017,2017-05-14,Malahide,2,32.6,Ireland,New Zealand,NJ O'Brien,GC Wilson,IS Sodhi,1,0,,,,,,,,,
1033363,2017,2017-05-14,Malahide,2,33.1,Ireland,New Zealand,NJ O'Brien,GC Wilson,JDS Neesham,1,0,,,,,,,,,
1033363,2017,2017-05-14,Malahide,2,33.2,Ireland,New Zealand,GC Wilson,NJ O'Brien,JDS Neesham,1,0,,,,,,,,,
1033363,2017,2017-05-14,Malahide,2,33.3,Ireland,New Zealand,NJ O'Brien,GC Wilson,JDS Neesham,0,0,,,,,,,,,
1033363,2017,2017-05-14,Malahide,2,33.4,Ireland,New Zealand,NJ O'Brien,GC Wilson,JDS Neesham,4,0,,,,,,,,,
1033363,2017,2017-05-14,Malahide,2,33.5,Ireland,New Zealand,NJ O'Brien,GC Wilson,JDS Neesham,1,0,,,,,,,,,
1033363,2017,2017-05-14,Malahide,2,33.6,Ireland,New Zealand,GC Wilson,NJ O'Brien,JDS Neesham,4,0,,,,,,,,,
1033363,2017,2017-05-14,Malahide,2,34.1,Ireland,New Zealand,NJ O'Brien,GC Wilson,SHA Rance,2,0,,,,,,,,,
1033363,2017,2017-05-14,Malahide,2,34.2,Ireland,New Zealand,NJ O'Brien,GC Wilson,SHA Rance,1,0,,,,,,,,,
1033363,2017,2017-05-14,Malahide,2,34.3,Ireland,New Zealand,GC Wilson,NJ O'Brien,SHA Rance,1,0,,,,,,,,,
1033363,2017,2017-05-14,Malahide,2,34.4,Ireland,New Zealand,NJ O'Brien,GC Wilson,SHA Rance,0,0,,,,,,,,,
1033363,2017,2017-05-14,Malahide,2,34.5,Ireland,New Zealand,NJ O'Brien,GC Wilson,SHA Rance,1,0,,,,,,,,,
1033363,2017,2017-05-14,Malahide,2,34.6,Ireland,New Zealand,GC Wilson,NJ O'Brien,SHA Rance,1,0,,,,,,,,,
1033363,2017,2017-05-14,Malahide,2,35.1,Ireland,New Zealand,GC Wilson,NJ O'Brien,SC Kuggeleijn,0,0,,,,,,caught,GC Wilson,,
1033363,2017,2017-05-14,Malahide,2,35.2,Ireland,New Zealand,Simi Singh,NJ O'Brien,SC Kuggeleijn,0,0,,,,,,,,,
1033363,2017,2017-05-14,Malahide,2,35.3,Ireland,New Zealand,Simi Singh,NJ O'Brien,SC Kuggeleijn,1,0,,,,,,,,,
1033363,2017,2017-05-14,Malahide,2,35.4,Ireland,New Zealand,NJ O'Brien,Simi Singh,SC Kuggeleijn,1,0,,,,,,,,,
1033363,2017,2017-05-14,Malahide,2,35.5,Ireland,New Zealand,Simi Singh,NJ O'Brien,SC Kuggeleijn,0,1,1,,,,,,,,
1033363,2017,2017-05-14,Malahide,2,35.6,Ireland,New Zealand,Simi Singh,NJ O'Brien,SC Kuggeleijn,1,0,,,,,,,,,
1033363,2017,2017-05-14,Malahide,2,35.7,Ireland,New Zealand,NJ O'Brien,Simi Singh,SC Kuggeleijn,0,0,,,,,,,,,
1033363,2017,2017-05-14,Malahide,2,36.1,Ireland,New Zealand,Simi Singh,NJ O'Brien,SHA Rance,1,1,,1,,,,,,,
1033363,2017,2017-05-14,Malahide,2,36.2,Ireland,New Zealand,NJ O'Brien,Simi Singh,SHA Rance,6,0,,,,,,,,,
1033363,2017,2017-05-14,Malahide,2,36.3,Ireland,New Zealand,NJ O'Brien,Simi Singh,SHA Rance,1,0,,,,,,,,,
1033363,2017,2017-05-14,Malahide,2,36.4,Ireland,New Zealand,Simi Singh,NJ O'Brien,SHA Rance,0,0,,,,,,,,,
1033363,2017,2017-05-14,Malahide,2,36.5,Ireland,New Zealand,Simi Singh,NJ O'Brien,SHA Rance,1,0,,,,,,,,,
1033363,2017,2017-05-14,Malahide,2,36.6,Ireland,New Zealand,NJ O'Brien,Simi Singh,SHA Rance,1,0,,,,,,,,,
1033363,2017,2017-05-14,Malahide,2,36.7,Ireland,New Zealand,Simi Singh,NJ O'Brien,SHA Rance,0,0,,,,,,,,,
1033363,2017,2017-05-14,Malahide,2,37.1,Ireland,New Zealand,NJ O'Brien,Simi Singh,SC Kuggeleijn,1,0,,,,,,,,,
1033363,2017,2017-05-14,Malahide,2,37.2,Ireland,New Zealand,Simi Singh,NJ O'Brien,SC Kuggeleijn,1,0,,,,,,,,,
1033363,2017,2017-05-14,Malahide,2,37.3,Ireland,New Zealand,NJ O'Brien,Simi Singh,SC Kuggeleijn,1,0,,,,,,,,,
1033363,2017,2017-05-14,Malahide,2,37.4,Ireland,New Zealand,Simi Singh,NJ O'Brien,SC Kuggeleijn,0,0,,,,,,,,,
1033363,2017,2017-05-14,Malahide,2,37.5,Ireland,New Zealand,Simi Singh,NJ O'Brien,SC Kuggeleijn,4,0,,,,,,,,,
1033363,2017,2017-05-14,Malahide,2,37.6,Ireland,New Zealand,Simi Singh,NJ O'Brien,SC Kuggeleijn,0,0,,,,,,,,,
1033363,2017,2017-05-14,Malahide,2,38.1,Ireland,New Zealand,NJ O'Brien,Simi Singh,MJ Santner,0,0,,,,,,,,,
1033363,2017,2017-05-14,Malahide,2,38.2,Ireland,New Zealand,NJ O'Brien,Simi Singh,MJ Santner,0,1,1,,,,,,,,
1033363,2017,2017-05-14,Malahide,2,38.3,Ireland,New Zealand,NJ O'Brien,Simi Singh,MJ Santner,1,0,,,,,,,,,
1033363,2017,2017-05-14,Malahide,2,38.4,Ireland,New Zealand,Simi Singh,NJ O'Brien,MJ Santner,0,0,,,,,,,,,
1033363,2017,2017-05-14,Malahide,2,38.5,Ireland,New Zealand,Simi Singh,NJ O'Brien,MJ Santner,0,0,,,,,,,,,
1033363,2017,2017-05-14,Malahide,2,38.6,Ireland,New Zealand,Simi Singh,NJ O'Brien,MJ Santner,0,0,,,,,,stumped,Simi Singh,,
1033363,2017,2017-05-14,Malahide,2,38.7,Ireland,New Zealand,GH Dockrell,NJ O'Brien,MJ Santner,0,0,,,,,,,,,
1033363,2017,2017-05-14,Malahide,2,39.1,Ireland,New Zealand,NJ O'Brien,GH Dockrell,SC Kuggeleijn,0,0,,,,,,,,,
1033363,2017,2017-05-14,Malahide,2,39.2,Ireland,New Zealand,NJ O'Brien,GH Dockrell,SC Kuggeleijn,0,0,,,,,,,,,
1033363,2017,2017-05-14,Malahide,2,39.3,Ireland,New Zealand,NJ O'Brien,GH Dockrell,SC Kuggeleijn,0,0,,,,,,,,,
1033363,2017,2017-05-14,Malahide,2,39.4,Ireland,New Zealand,NJ O'Brien,GH Dockrell,SC Kuggeleijn,0,0,,,,,,,,,
1033363,2017,2017-05-14,Malahide,2,39.5,Ireland,New Zealand,NJ O'Brien,GH Dockrell,SC Kuggeleijn,4,0,,,,,,,,,
1033363,2017,2017-05-14,Malahide,2,39.6,Ireland,New Zealand,NJ O'Brien,GH Dockrell,SC Kuggeleijn,0,0,,,,,,,,,
1033363,2017,2017-05-14,Malahide,2,40.1,Ireland,New Zealand,GH Dockrell,NJ O'Brien,MJ Santner,0,0,,,,,,,,,
1033363,2017,2017-05-14,Malahide,2,40.2,Ireland,New Zealand,GH Dockrell,NJ O'Brien,MJ Santner,0,0,,,,,,,,,
1033363,2017,2017-05-14,Malahide,2,40.3,Ireland,New Zealand,GH Dockrell,NJ O'Brien,MJ Santner,0,0,,,,,,,,,
1033363,2017,2017-05-14,Malahide,2,40.4,Ireland,New Zealand,GH Dockrell,NJ O'Brien,MJ Santner,1,0,,,,,,,,,
1033363,2017,2017-05-14,Malahide,2,40.5,Ireland,New Zealand,NJ O'Brien,GH Dockrell,MJ Santner,1,0,,,,,,,,,
1033363,2017,2017-05-14,Malahide,2,40.6,Ireland,New Zealand,GH Dockrell,NJ O'Brien,MJ Santner,0,0,,,,,,caught,GH Dockrell,,
1033363,2017,2017-05-14,Malahide,2,41.1,Ireland,New Zealand,NJ O'Brien,BJ McCarthy,IS Sodhi,0,0,,,,,,,,,
1033363,2017,2017-05-14,Malahide,2,41.2,Ireland,New Zealand,NJ O'Brien,BJ McCarthy,IS Sodhi,6,0,,,,,,,,,
1033363,2017,2017-05-14,Malahide,2,41.3,Ireland,New Zealand,NJ O'Brien,BJ McCarthy,IS Sodhi,1,0,,,,,,,,,
1033363,2017,2017-05-14,Malahide,2,41.4,Ireland,New Zealand,BJ McCarthy,NJ O'Brien,IS Sodhi,1,0,,,,,,,,,
1033363,2017,2017-05-14,Malahide,2,41.5,Ireland,New Zealand,NJ O'Brien,BJ McCarthy,IS Sodhi,0,0,,,,,,,,,
1033363,2017,2017-05-14,Malahide,2,41.6,Ireland,New Zealand,NJ O'Brien,BJ McCarthy,IS Sodhi,1,0,,,,,,,,,
1033363,2017,2017-05-14,Malahide,2,42.1,Ireland,New Zealand,NJ O'Brien,BJ McCarthy,MJ Santner,1,0,,,,,,,,,
1033363,2017,2017-05-14,Malahide,2,42.2,Ireland,New Zealand,BJ McCarthy,NJ O'Brien,MJ Santner,0,0,,,,,,,,,
1033363,2017,2017-05-14,Malahide,2,42.3,Ireland,New Zealand,BJ McCarthy,NJ O'Brien,MJ Santner,0,0,,,,,,,,,
1033363,2017,2017-05-14,Malahide,2,42.4,Ireland,New Zealand,BJ McCarthy,NJ O'Brien,MJ Santner,0,0,,,,,,,,,
1033363,2017,2017-05-14,Malahide,2,42.5,Ireland,New Zealand,BJ McCarthy,NJ O'Brien,MJ Santner,0,0,,,,,,,,,
1033363,2017,2017-05-14,Malahide,2,42.6,Ireland,New Zealand,BJ McCarthy,NJ O'Brien,MJ Santner,0,0,,,,,,,,,
1033363,2017,2017-05-14,Malahide,2,43.1,Ireland,New Zealand,NJ O'Brien,BJ McCarthy,SHA Rance,1,0,,,,,,,,,
1033363,2017,2017-05-14,Malahide,2,43.2,Ireland,New Zealand,BJ McCarthy,NJ O'Brien,SHA Rance,2,0,,,,,,,,,
1033363,2017,2017-05-14,Malahide,2,43.3,Ireland,New Zealand,BJ McCarthy,NJ O'Brien,SHA Rance,1,0,,,,,,,,,
1033363,2017,2017-05-14,Malahide,2,43.4,Ireland,New Zealand,NJ O'Brien,BJ McCarthy,SHA Rance,1,0,,,,,,,,,
1033363,2017,2017-05-14,Malahide,2,43.5,Ireland,New Zealand,BJ McCarthy,NJ O'Brien,SHA Rance,0,0,,,,,,,,,
1033363,2017,2017-05-14,Malahide,2,43.6,Ireland,New Zealand,BJ McCarthy,NJ O'Brien,SHA Rance,1,0,,,,,,,,,
1033363,2017,2017-05-14,Malahide,2,44.1,Ireland,New Zealand,BJ McCarthy,NJ O'Brien,MJ Santner,1,0,,,,,,,,,
1033363,2017,2017-05-14,Malahide,2,44.2,Ireland,New Zealand,NJ O'Brien,BJ McCarthy,MJ Santner,0,0,,,,,,stumped,NJ O'Brien,,
1033363,2017,2017-05-14,Malahide,2,44.3,Ireland,New Zealand,TJ Murtagh,BJ McCarthy,MJ Santner,1,0,,,,,,,,,
1033363,2017,2017-05-14,Malahide,2,44.4,Ireland,New Zealand,BJ McCarthy,TJ Murtagh,MJ Santner,0,0,,,,,,,,,
1033363,2017,2017-05-14,Malahide,2,44.5,Ireland,New Zealand,BJ McCarthy,TJ Murtagh,MJ Santner,0,0,,,,,,caught,BJ McCarthy,,
1033363,2017,2017-05-14,Malahide,2,44.6,Ireland,New Zealand,TJ Murtagh,PKD Chase,MJ Santner,0,0,,,,,,,,,
1033363,2017,2017-05-14,Malahide,2,45.1,Ireland,New Zealand,PKD Chase,TJ Murtagh,SHA Rance,1,0,,,,,,,,,
1033363,2017,2017-05-14,Malahide,2,45.2,Ireland,New Zealand,TJ Murtagh,PKD Chase,SHA Rance,1,0,,,,,,,,,
1033363,2017,2017-05-14,Malahide,2,45.3,Ireland,New Zealand,PKD Chase,TJ Murtagh,SHA Rance,0,0,,,,,,lbw,PKD Chase,,
