match_id,season,start_date,venue,innings,ball,batting_team,bowling_team,striker,non_striker,bowler,runs_off_bat,extras,wides,noballs,byes,legbyes,penalty,wicket_type,player_dismissed,other_wicket_type,other_player_dismissed
1041523,2016/17,2017-01-18,Sheikh Kamal International Cricket Stadium,1,0.1,South Africa,Bangladesh,L Lee,A Steyn,Panna Ghosh,0,0,,,,,,,,,
1041523,2016/17,2017-01-18,Sheikh Kamal International Cricket Stadium,1,0.2,South Africa,Bangladesh,L Lee,A Steyn,Panna Ghosh,0,0,,,,,,,,,
1041523,2016/17,2017-01-18,Sheikh Kamal International Cricket Stadium,1,0.3,South Africa,Bangladesh,L Lee,A Steyn,Panna Ghosh,4,0,,,,,,,,,
1041523,2016/17,2017-01-18,Sheikh Kamal International Cricket Stadium,1,0.4,South Africa,Bangladesh,L Lee,A Steyn,Panna Ghosh,0,0,,,,,,,,,
1041523,2016/17,2017-01-18,Sheikh Kamal International Cricket Stadium,1,0.5,South Africa,Bangladesh,L Lee,A Steyn,Panna Ghosh,4,0,,,,,,,,,
1041523,2016/17,2017-01-18,Sheikh Kamal International Cricket Stadium,1,0.6,South Africa,Bangladesh,L Lee,A Steyn,Panna Ghosh,0,0,,,,,,,,,
1041523,2016/17,2017-01-18,Sheikh Kamal International Cricket Stadium,1,1.1,South Africa,Bangladesh,A Steyn,L Lee,Salma Khatun,0,0,,,,,,,,,
1041523,2016/17,2017-01-18,Sheikh Kamal International Cricket Stadium,1,1.2,South Africa,Bangladesh,A Steyn,L Lee,Salma Khatun,2,0,,,,,,,,,
1041523,2016/17,2017-01-18,Sheikh Kamal International Cricket Stadium,1,1.3,South Africa,Bangladesh,A Steyn,L Lee,Salma Khatun,0,0,,,,,,,,,
1041523,2016/17,2017-01-18,Sheikh Kamal International Cricket Stadium,1,1.4,South Africa,Bangladesh,A Steyn,L Lee,Salma Khatun,0,0,,,,,,,,,
1041523,2016/17,2017-01-18,Sheikh Kamal International Cricket Stadium,1,1.5,South Africa,Bangladesh,A Steyn,L Lee,Salma Khatun,0,0,,,,,,,,,
1041523,2016/17,2017-01-18,Sheikh Kamal International Cricket Stadium,1,1.6,South Africa,Bangladesh,A Steyn,L Lee,Salma Khatun,3,0,,,,,,,,,
1041523,2016/17,2017-01-18,Sheikh Kamal International Cricket Stadium,1,2.1,South Africa,Bangladesh,A Steyn,L Lee,Panna Ghosh,0,0,,,,,,,,,
1041523,2016/17,2017-01-18,Sheikh Kamal International Cricket Stadium,1,2.2,South Africa,Bangladesh,A Steyn,L Lee,Panna Ghosh,0,0,,,,,,,,,
1041523,2016/17,2017-01-18,Sheikh Kamal International Cricket Stadium,1,2.3,South Africa,Bangladesh,A Steyn,L Lee,Panna Ghosh,0,0,,,,,,,,,
1041523,2016/17,2017-01-18,Sheikh Kamal International Cricket Stadium,1,2.4,South Africa,Bangladesh,A Steyn,L Lee,Panna Ghosh,1,0,,,,,,,,,
1041523,2016/17,2017-01-18,Sheikh Kamal International Cricket Stadium,1,2.5,South Africa,Bangladesh,L Lee,A Steyn,Panna Ghosh,0,0,,,,,,,,,
1041523,2016/17,2017-01-18,Sheikh Kamal International Cricket Stadium,1,2.6,South Africa,Bangladesh,L Lee,A Steyn,Panna Ghosh,4,0,,,,,,,,,
1041523,2016/17,2017-01-18,Sheikh Kamal International Cricket Stadium,1,3.1,South Africa,Bangladesh,A Steyn,L Lee,Salma Khatun,3,0,,,,,,,,,
1041523,2016/17,2017-01-18,Sheikh Kamal International Cricket Stadium,1,3.2,South Africa,Bangladesh,L Lee,A Steyn,Salma Khatun,1,0,,,,,,,,,
1041523,2016/17,2017-01-18,Sheikh Kamal International Cricket Stadium,1,3.3,South Africa,Bangladesh,A Steyn,L Lee,Salma Khatun,1,0,,,,,,,,,
1041523,2016/17,2017-01-18,Sheikh Kamal International Cricket Stadium,1,3.4,South Africa,Bangladesh,L Lee,A Steyn,Salma Khatun,1,0,,,,,,,,,
1041523,2016/17,2017-01-18,Sheikh Kamal International Cricket Stadium,1,3.5,South Africa,Bangladesh,A Steyn,L Lee,Salma Khatun,0,0,,,,,,,,,
1041523,2016/17,2017-01-18,Sheikh Kamal International Cricket Stadium,1,3.6,South Africa,Bangladesh,A Steyn,L Lee,Salma Khatun,1,0,,,,,,,,,
1041523,2016/17,2017-01-18,Sheikh Kamal International Cricket Stadium,1,4.1,South Africa,Bangladesh,A Steyn,L Lee,Panna Ghosh,1,0,,,,,,,,,
1041523,2016/17,2017-01-18,Sheikh Kamal International Cricket Stadium,1,4.2,South Africa,Bangladesh,L Lee,A Steyn,Panna Ghosh,2,0,,,,,,,,,
1041523,2016/17,2017-01-18,Sheikh Kamal International Cricket Stadium,1,4.3,South Africa,Bangladesh,L Lee,A Steyn,Panna Ghosh,2,0,,,,,,,,,
1041523,2016/17,2017-01-18,Sheikh Kamal International Cricket Stadium,1,4.4,South Africa,Bangladesh,L Lee,A Steyn,Panna Ghosh,2,0,,,,,,,,,
1041523,2016/17,2017-01-18,Sheikh Kamal International Cricket Stadium,1,4.5,South Africa,Bangladesh,L Lee,A Steyn,Panna Ghosh,3,0,,,,,,,,,
1041523,2016/17,2017-01-18,Sheikh Kamal International Cricket Stadium,1,4.6,South Africa,Bangladesh,A Steyn,L Lee,Panna Ghosh,2,0,,,,,,,,,
1041523,2016/17,2017-01-18,Sheikh Kamal International Cricket Stadium,1,5.1,South Africa,Bangladesh,L Lee,A Steyn,Jahanara Alam,0,0,,,,,,,,,
1041523,2016/17,2017-01-18,Sheikh Kamal International Cricket Stadium,1,5.2,South Africa,Bangladesh,L Lee,A Steyn,Jahanara Alam,1,0,,,,,,,,,
1041523,2016/17,2017-01-18,Sheikh Kamal International Cricket Stadium,1,5.3,South Africa,Bangladesh,A Steyn,L Lee,Jahanara Alam,0,0,,,,,,bowled,A Steyn,,
1041523,2016/17,2017-01-18,Sheikh Kamal International Cricket Stadium,1,5.4,South Africa,Bangladesh,M du Preez,L Lee,Jahanara Alam,0,0,,,,,,,,,
1041523,2016/17,2017-01-18,Sheikh Kamal International Cricket Stadium,1,5.5,South Africa,Bangladesh,M du Preez,L Lee,Jahanara Alam,0,0,,,,,,,,,
1041523,2016/17,2017-01-18,Sheikh Kamal International Cricket Stadium,1,5.6,South Africa,Bangladesh,M du Preez,L Lee,Jahanara Alam,4,0,,,,,,,,,
1041523,2016/17,2017-01-18,Sheikh Kamal International Cricket Stadium,1,6.1,South Africa,Bangladesh,L Lee,M du Preez,Khadija Tul Kubra,4,0,,,,,,,,,
1041523,2016/17,2017-01-18,Sheikh Kamal International Cricket Stadium,1,6.2,South Africa,Bangladesh,L Lee,M du Preez,Khadija Tul Kubra,0,0,,,,,,lbw,L Lee,,
1041523,2016/17,2017-01-18,Sheikh Kamal International Cricket Stadium,1,6.3,South Africa,Bangladesh,CL Tryon,M du Preez,Khadija Tul Kubra,2,0,,,,,,,,,
1041523,2016/17,2017-01-18,Sheikh Kamal International Cricket Stadium,1,6.4,South Africa,Bangladesh,CL Tryon,M du Preez,Khadija Tul Kubra,0,0,,,,,,,,,
1041523,2016/17,2017-01-18,Sheikh Kamal International Cricket Stadium,1,6.5,South Africa,Bangladesh,CL Tryon,M du Preez,Khadija Tul Kubra,0,0,,,,,,,,,
1041523,2016/17,2017-01-18,Sheikh Kamal International Cricket Stadium,1,6.6,South Africa,Bangladesh,CL Tryon,M du Preez,Khadija Tul Kubra,0,0,,,,,,,,,
1041523,2016/17,2017-01-18,Sheikh Kamal International Cricket Stadium,1,7.1,South Africa,Bangladesh,M du Preez,CL Tryon,Jahanara Alam,0,0,,,,,,,,,
1041523,2016/17,2017-01-18,Sheikh Kamal International Cricket Stadium,1,7.2,South Africa,Bangladesh,M du Preez,CL Tryon,Jahanara Alam,0,0,,,,,,,,,
1041523,2016/17,2017-01-18,Sheikh Kamal International Cricket Stadium,1,7.3,South Africa,Bangladesh,M du Preez,CL Tryon,Jahanara Alam,2,0,,,,,,,,,
1041523,2016/17,2017-01-18,Sheikh Kamal International Cricket Stadium,1,7.4,South Africa,Bangladesh,M du Preez,CL Tryon,Jahanara Alam,0,0,,,,,,,,,
1041523,2016/17,2017-01-18,Sheikh Kamal International Cricket Stadium,1,7.5,South Africa,Bangladesh,M du Preez,CL Tryon,Jahanara Alam,4,0,,,,,,,,,
1041523,2016/17,2017-01-18,Sheikh Kamal International Cricket Stadium,1,7.6,South Africa,Bangladesh,M du Preez,CL Tryon,Jahanara Alam,0,0,,,,,,,,,
1041523,2016/17,2017-01-18,Sheikh Kamal International Cricket Stadium,1,8.1,South Africa,Bangladesh,CL Tryon,M du Preez,Khadija Tul Kubra,1,0,,,,,,,,,
1041523,2016/17,2017-01-18,Sheikh Kamal International Cricket Stadium,1,8.2,South Africa,Bangladesh,M du Preez,CL Tryon,Khadija Tul Kubra,0,0,,,,,,,,,
1041523,2016/17,2017-01-18,Sheikh Kamal International Cricket Stadium,1,8.3,South Africa,Bangladesh,M du Preez,CL Tryon,Khadija Tul Kubra,0,0,,,,,,,,,
1041523,2016/17,2017-01-18,Sheikh Kamal International Cricket Stadium,1,8.4,South Africa,Bangladesh,M du Preez,CL Tryon,Khadija Tul Kubra,0,0,,,,,,,,,
1041523,2016/17,2017-01-18,Sheikh Kamal International Cricket Stadium,1,8.5,South Africa,Bangladesh,M du Preez,CL Tryon,Khadija Tul Kubra,4,0,,,,,,,,,
1041523,2016/17,2017-01-18,Sheikh Kamal International Cricket Stadium,1,8.6,South Africa,Bangladesh,M du Preez,CL Tryon,Khadija Tul Kubra,0,0,,,,,,,,,
1041523,2016/17,2017-01-18,Sheikh Kamal International Cricket Stadium,1,9.1,South Africa,Bangladesh,CL Tryon,M du Preez,Jahanara Alam,4,0,,,,,,,,,
1041523,2016/17,2017-01-18,Sheikh Kamal International Cricket Stadium,1,9.2,South Africa,Bangladesh,CL Tryon,M du Preez,Jahanara Alam,0,0,,,,,,,,,
1041523,2016/17,2017-01-18,Sheikh Kamal International Cricket Stadium,1,9.3,South Africa,Bangladesh,CL Tryon,M du Preez,Jahanara Alam,0,0,,,,,,,,,
1041523,2016/17,2017-01-18,Sheikh Kamal International Cricket Stadium,1,9.4,South Africa,Bangladesh,CL Tryon,M du Preez,Jahanara Alam,0,0,,,,,,,,,
1041523,2016/17,2017-01-18,Sheikh Kamal International Cricket Stadium,1,9.5,South Africa,Bangladesh,CL Tryon,M du Preez,Jahanara Alam,0,0,,,,,,,,,
1041523,2016/17,2017-01-18,Sheikh Kamal International Cricket Stadium,1,9.6,South Africa,Bangladesh,CL Tryon,M du Preez,Jahanara Alam,0,0,,,,,,,,,
1041523,2016/17,2017-01-18,Sheikh Kamal International Cricket Stadium,1,10.1,South Africa,Bangladesh,M du Preez,CL Tryon,Khadija Tul Kubra,0,0,,,,,,,,,
1041523,2016/17,2017-01-18,Sheikh Kamal International Cricket Stadium,1,10.2,South Africa,Bangladesh,M du Preez,CL Tryon,Khadija Tul Kubra,1,0,,,,,,,,,
1041523,2016/17,2017-01-18,Sheikh Kamal International Cricket Stadium,1,10.3,South Africa,Bangladesh,CL Tryon,M du Preez,Khadija Tul Kubra,0,0,,,,,,,,,
1041523,2016/17,2017-01-18,Sheikh Kamal International Cricket Stadium,1,10.4,South Africa,Bangladesh,CL Tryon,M du Preez,Khadija Tul Kubra,4,0,,,,,,,,,
1041523,2016/17,2017-01-18,Sheikh Kamal International Cricket Stadium,1,10.5,South Africa,Bangladesh,CL Tryon,M du Preez,Khadija Tul Kubra,1,0,,,,,,,,,
1041523,2016/17,2017-01-18,Sheikh Kamal International Cricket Stadium,1,10.6,South Africa,Bangladesh,M du Preez,CL Tryon,Khadija Tul Kubra,0,0,,,,,,,,,
1041523,2016/17,2017-01-18,Sheikh Kamal International Cricket Stadium,1,11.1,South Africa,Bangladesh,CL Tryon,M du Preez,Jahanara Alam,0,0,,,,,,,,,
1041523,2016/17,2017-01-18,Sheikh Kamal International Cricket Stadium,1,11.2,South Africa,Bangladesh,CL Tryon,M du Preez,Jahanara Alam,0,0,,,,,,,,,
1041523,2016/17,2017-01-18,Sheikh Kamal International Cricket Stadium,1,11.3,South Africa,Bangladesh,CL Tryon,M du Preez,Jahanara Alam,4,0,,,,,,,,,
1041523,2016/17,2017-01-18,Sheikh Kamal International Cricket Stadium,1,11.4,South Africa,Bangladesh,CL Tryon,M du Preez,Jahanara Alam,0,0,,,,,,,,,
1041523,2016/17,2017-01-18,Sheikh Kamal International Cricket Stadium,1,11.5,South Africa,Bangladesh,CL Tryon,M du Preez,Jahanara Alam,2,0,,,,,,,,,
1041523,2016/17,2017-01-18,Sheikh Kamal International Cricket Stadium,1,11.6,South Africa,Bangladesh,CL Tryon,M du Preez,Jahanara Alam,1,0,,,,,,,,,
1041523,2016/17,2017-01-18,Sheikh Kamal International Cricket Stadium,1,12.1,South Africa,Bangladesh,CL Tryon,M du Preez,Khadija Tul Kubra,4,0,,,,,,,,,
1041523,2016/17,2017-01-18,Sheikh Kamal International Cricket Stadium,1,12.2,South Africa,Bangladesh,CL Tryon,M du Preez,Khadija Tul Kubra,0,0,,,,,,,,,
1041523,2016/17,2017-01-18,Sheikh Kamal International Cricket Stadium,1,12.3,South Africa,Bangladesh,CL Tryon,M du Preez,Khadija Tul Kubra,0,0,,,,,,,,,
1041523,2016/17,2017-01-18,Sheikh Kamal International Cricket Stadium,1,12.4,South Africa,Bangladesh,CL Tryon,M du Preez,Khadija Tul Kubra,0,0,,,,,,,,,
1041523,2016/17,2017-01-18,Sheikh Kamal International Cricket Stadium,1,12.5,South Africa,Bangladesh,CL Tryon,M du Preez,Khadija Tul Kubra,0,0,,,,,,,,,
1041523,2016/17,2017-01-18,Sheikh Kamal International Cricket Stadium,1,12.6,South Africa,Bangladesh,CL Tryon,M du Preez,Khadija Tul Kubra,0,0,,,,,,,,,
1041523,2016/17,2017-01-18,Sheikh Kamal International Cricket Stadium,1,13.1,South Africa,Bangladesh,M du Preez,CL Tryon,Nahida Akter,2,0,,,,,,,,,
1041523,2016/17,2017-01-18,Sheikh Kamal International Cricket Stadium,1,13.2,South Africa,Bangladesh,M du Preez,CL Tryon,Nahida Akter,1,0,,,,,,,,,
1041523,2016/17,2017-01-18,Sheikh Kamal International Cricket Stadium,1,13.3,South Africa,Bangladesh,CL Tryon,M du Preez,Nahida Akter,0,0,,,,,,,,,
1041523,2016/17,2017-01-18,Sheikh Kamal International Cricket Stadium,1,13.4,South Africa,Bangladesh,CL Tryon,M du Preez,Nahida Akter,1,0,,,,,,,,,
1041523,2016/17,2017-01-18,Sheikh Kamal International Cricket Stadium,1,13.5,South Africa,Bangladesh,M du Preez,CL Tryon,Nahida Akter,0,0,,,,,,,,,
1041523,2016/17,2017-01-18,Sheikh Kamal International Cricket Stadium,1,13.6,South Africa,Bangladesh,M du Preez,CL Tryon,Nahida Akter,0,0,,,,,,,,,
1041523,2016/17,2017-01-18,Sheikh Kamal International Cricket Stadium,1,14.1,South Africa,Bangladesh,CL Tryon,M du Preez,Khadija Tul Kubra,1,0,,,,,,,,,
1041523,2016/17,2017-01-18,Sheikh Kamal International Cricket Stadium,1,14.2,South Africa,Bangladesh,M du Preez,CL Tryon,Khadija Tul Kubra,0,0,,,,,,,,,
1041523,2016/17,2017-01-18,Sheikh Kamal International Cricket Stadium,1,14.3,South Africa,Bangladesh,M du Preez,CL Tryon,Khadija Tul Kubra,0,0,,,,,,,,,
1041523,2016/17,2017-01-18,Sheikh Kamal International Cricket Stadium,1,14.4,South Africa,Bangladesh,M du Preez,CL Tryon,Khadija Tul Kubra,1,0,,,,,,,,,
1041523,2016/17,2017-01-18,Sheikh Kamal International Cricket Stadium,1,14.5,South Africa,Bangladesh,CL Tryon,M du Preez,Khadija Tul Kubra,0,0,,,,,,,,,
1041523,2016/17,2017-01-18,Sheikh Kamal International Cricket Stadium,1,14.6,South Africa,Bangladesh,CL Tryon,M du Preez,Khadija Tul Kubra,1,0,,,,,,,,,
1041523,2016/17,2017-01-18,Sheikh Kamal International Cricket Stadium,1,15.1,South Africa,Bangladesh,CL Tryon,M du Preez,Nahida Akter,0,0,,,,,,,,,
1041523,2016/17,2017-01-18,Sheikh Kamal International Cricket Stadium,1,15.2,South Africa,Bangladesh,CL Tryon,M du Preez,Nahida Akter,1,0,,,,,,,,,
1041523,2016/17,2017-01-18,Sheikh Kamal International Cricket Stadium,1,15.3,South Africa,Bangladesh,M du Preez,CL Tryon,Nahida Akter,0,0,,,,,,,,,
1041523,2016/17,2017-01-18,Sheikh Kamal International Cricket Stadium,1,15.4,South Africa,Bangladesh,M du Preez,CL Tryon,Nahida Akter,1,0,,,,,,,,,
1041523,2016/17,2017-01-18,Sheikh Kamal International Cricket Stadium,1,15.5,South Africa,Bangladesh,CL Tryon,M du Preez,Nahida Akter,2,0,,,,,,,,,
1041523,2016/17,2017-01-18,Sheikh Kamal International Cricket Stadium,1,15.6,South Africa,Bangladesh,CL Tryon,M du Preez,Nahida Akter,0,0,,,,,,,,,
1041523,2016/17,2017-01-18,Sheikh Kamal International Cricket Stadium,1,16.1,South Africa,Bangladesh,M du Preez,CL Tryon,Khadija Tul Kubra,1,0,,,,,,,,,
1041523,2016/17,2017-01-18,Sheikh Kamal International Cricket Stadium,1,16.2,South Africa,Bangladesh,CL Tryon,M du Preez,Khadija Tul Kubra,0,0,,,,,,,,,
1041523,2016/17,2017-01-18,Sheikh Kamal International Cricket Stadium,1,16.3,South Africa,Bangladesh,CL Tryon,M du Preez,Khadija Tul Kubra,1,0,,,,,,,,,
1041523,2016/17,2017-01-18,Sheikh Kamal International Cricket Stadium,1,16.4,South Africa,Bangladesh,M du Preez,CL Tryon,Khadija Tul Kubra,3,0,,,,,,,,,
1041523,2016/17,2017-01-18,Sheikh Kamal International Cricket Stadium,1,16.5,South Africa,Bangladesh,CL Tryon,M du Preez,Khadija Tul Kubra,0,0,,,,,,,,,
1041523,2016/17,2017-01-18,Sheikh Kamal International Cricket Stadium,1,16.6,South Africa,Bangladesh,CL Tryon,M du Preez,Khadija Tul Kubra,1,0,,,,,,,,,
1041523,2016/17,2017-01-18,Sheikh Kamal International Cricket Stadium,1,17.1,South Africa,Bangladesh,CL Tryon,M du Preez,Nahida Akter,4,0,,,,,,,,,
1041523,2016/17,2017-01-18,Sheikh Kamal International Cricket Stadium,1,17.2,South Africa,Bangladesh,CL Tryon,M du Preez,Nahida Akter,4,0,,,,,,,,,
1041523,2016/17,2017-01-18,Sheikh Kamal International Cricket Stadium,1,17.3,South Africa,Bangladesh,CL Tryon,M du Preez,Nahida Akter,0,0,,,,,,,,,
1041523,2016/17,2017-01-18,Sheikh Kamal International Cricket Stadium,1,17.4,South Africa,Bangladesh,CL Tryon,M du Preez,Nahida Akter,1,0,,,,,,,,,
1041523,2016/17,2017-01-18,Sheikh Kamal International Cricket Stadium,1,17.5,South Africa,Bangladesh,M du Preez,CL Tryon,Nahida Akter,0,0,,,,,,,,,
1041523,2016/17,2017-01-18,Sheikh Kamal International Cricket Stadium,1,17.6,South Africa,Bangladesh,M du Preez,CL Tryon,Nahida Akter,0,0,,,,,,,,,
1041523,2016/17,2017-01-18,Sheikh Kamal International Cricket Stadium,1,18.1,South Africa,Bangladesh,CL Tryon,M du Preez,Rumana Ahmed,1,0,,,,,,,,,
1041523,2016/17,2017-01-18,Sheikh Kamal International Cricket Stadium,1,18.2,South Africa,Bangladesh,M du Preez,CL Tryon,Rumana Ahmed,0,0,,,,,,,,,
1041523,2016/17,2017-01-18,Sheikh Kamal International Cricket Stadium,1,18.3,South Africa,Bangladesh,M du Preez,CL Tryon,Rumana Ahmed,0,0,,,,,,,,,
1041523,2016/17,2017-01-18,Sheikh Kamal International Cricket Stadium,1,18.4,South Africa,Bangladesh,M du Preez,CL Tryon,Rumana Ahmed,0,0,,,,,,,,,
1041523,2016/17,2017-01-18,Sheikh Kamal International Cricket Stadium,1,18.5,South Africa,Bangladesh,M du Preez,CL Tryon,Rumana Ahmed,0,0,,,,,,,,,
1041523,2016/17,2017-01-18,Sheikh Kamal International Cricket Stadium,1,18.6,South Africa,Bangladesh,M du Preez,CL Tryon,Rumana Ahmed,1,0,,,,,,,,,
1041523,2016/17,2017-01-18,Sheikh Kamal International Cricket Stadium,1,19.1,South Africa,Bangladesh,M du Preez,CL Tryon,Shaila Sharmin,0,0,,,,,,,,,
1041523,2016/17,2017-01-18,Sheikh Kamal International Cricket Stadium,1,19.2,South Africa,Bangladesh,M du Preez,CL Tryon,Shaila Sharmin,2,0,,,,,,,,,
1041523,2016/17,2017-01-18,Sheikh Kamal International Cricket Stadium,1,19.3,South Africa,Bangladesh,M du Preez,CL Tryon,Shaila Sharmin,0,0,,,,,,,,,
1041523,2016/17,2017-01-18,Sheikh Kamal International Cricket Stadium,1,19.4,South Africa,Bangladesh,M du Preez,CL Tryon,Shaila Sharmin,1,0,,,,,,,,,
1041523,2016/17,2017-01-18,Sheikh Kamal International Cricket Stadium,1,19.5,South Africa,Bangladesh,CL Tryon,M du Preez,Shaila Sharmin,1,0,,,,,,,,,
1041523,2016/17,2017-01-18,Sheikh Kamal International Cricket Stadium,1,19.6,South Africa,Bangladesh,M du Preez,CL Tryon,Shaila Sharmin,1,0,,,,,,,,,
1041523,2016/17,2017-01-18,Sheikh Kamal International Cricket Stadium,1,20.1,South Africa,Bangladesh,M du Preez,CL Tryon,Rumana Ahmed,1,0,,,,,,,,,
1041523,2016/17,2017-01-18,Sheikh Kamal International Cricket Stadium,1,20.2,South Africa,Bangladesh,CL Tryon,M du Preez,Rumana Ahmed,4,0,,,,,,,,,
1041523,2016/17,2017-01-18,Sheikh Kamal International Cricket Stadium,1,20.3,South Africa,Bangladesh,CL Tryon,M du Preez,Rumana Ahmed,0,0,,,,,,,,,
1041523,2016/17,2017-01-18,Sheikh Kamal International Cricket Stadium,1,20.4,South Africa,Bangladesh,CL Tryon,M du Preez,Rumana Ahmed,0,0,,,,,,,,,
1041523,2016/17,2017-01-18,Sheikh Kamal International Cricket Stadium,1,20.5,South Africa,Bangladesh,CL Tryon,M du Preez,Rumana Ahmed,0,0,,,,,,,,,
1041523,2016/17,2017-01-18,Sheikh Kamal International Cricket Stadium,1,20.6,South Africa,Bangladesh,CL Tryon,M du Preez,Rumana Ahmed,0,0,,,,,,,,,
1041523,2016/17,2017-01-18,Sheikh Kamal International Cricket Stadium,1,21.1,South Africa,Bangladesh,M du Preez,CL Tryon,Shaila Sharmin,0,0,,,,,,,,,
1041523,2016/17,2017-01-18,Sheikh Kamal International Cricket Stadium,1,21.2,South Africa,Bangladesh,M du Preez,CL Tryon,Shaila Sharmin,0,0,,,,,,,,,
1041523,2016/17,2017-01-18,Sheikh Kamal International Cricket Stadium,1,21.3,South Africa,Bangladesh,M du Preez,CL Tryon,Shaila Sharmin,1,0,,,,,,,,,
1041523,2016/17,2017-01-18,Sheikh Kamal International Cricket Stadium,1,21.4,South Africa,Bangladesh,CL Tryon,M du Preez,Shaila Sharmin,0,0,,,,,,,,,
1041523,2016/17,2017-01-18,Sheikh Kamal International Cricket Stadium,1,21.5,South Africa,Bangladesh,CL Tryon,M du Preez,Shaila Sharmin,1,0,,,,,,,,,
1041523,2016/17,2017-01-18,Sheikh Kamal International Cricket Stadium,1,21.6,South Africa,Bangladesh,M du Preez,CL Tryon,Shaila Sharmin,0,0,,,,,,,,,
1041523,2016/17,2017-01-18,Sheikh Kamal International Cricket Stadium,1,22.1,South Africa,Bangladesh,CL Tryon,M du Preez,Rumana Ahmed,0,0,,,,,,,,,
1041523,2016/17,2017-01-18,Sheikh Kamal International Cricket Stadium,1,22.2,South Africa,Bangladesh,CL Tryon,M du Preez,Rumana Ahmed,0,0,,,,,,lbw,CL Tryon,,
1041523,2016/17,2017-01-18,Sheikh Kamal International Cricket Stadium,1,22.3,South Africa,Bangladesh,M Kapp,M du Preez,Rumana Ahmed,0,0,,,,,,,,,
1041523,2016/17,2017-01-18,Sheikh Kamal International Cricket Stadium,1,22.4,South Africa,Bangladesh,M Kapp,M du Preez,Rumana Ahmed,0,0,,,,,,,,,
1041523,2016/17,2017-01-18,Sheikh Kamal International Cricket Stadium,1,22.5,South Africa,Bangladesh,M Kapp,M du Preez,Rumana Ahmed,1,0,,,,,,,,,
1041523,2016/17,2017-01-18,Sheikh Kamal International Cricket Stadium,1,22.6,South Africa,Bangladesh,M du Preez,M Kapp,Rumana Ahmed,0,0,,,,,,,,,
1041523,2016/17,2017-01-18,Sheikh Kamal International Cricket Stadium,1,23.1,South Africa,Bangladesh,M Kapp,M du Preez,Shaila Sharmin,1,0,,,,,,,,,
1041523,2016/17,2017-01-18,Sheikh Kamal International Cricket Stadium,1,23.2,South Africa,Bangladesh,M du Preez,M Kapp,Shaila Sharmin,0,0,,,,,,,,,
1041523,2016/17,2017-01-18,Sheikh Kamal International Cricket Stadium,1,23.3,South Africa,Bangladesh,M du Preez,M Kapp,Shaila Sharmin,1,0,,,,,,,,,
1041523,2016/17,2017-01-18,Sheikh Kamal International Cricket Stadium,1,23.4,South Africa,Bangladesh,M Kapp,M du Preez,Shaila Sharmin,0,0,,,,,,,,,
1041523,2016/17,2017-01-18,Sheikh Kamal International Cricket Stadium,1,23.5,South Africa,Bangladesh,M Kapp,M du Preez,Shaila Sharmin,0,0,,,,,,,,,
1041523,2016/17,2017-01-18,Sheikh Kamal International Cricket Stadium,1,23.6,South Africa,Bangladesh,M Kapp,M du Preez,Shaila Sharmin,0,0,,,,,,,,,
1041523,2016/17,2017-01-18,Sheikh Kamal International Cricket Stadium,1,24.1,South Africa,Bangladesh,M du Preez,M Kapp,Rumana Ahmed,4,0,,,,,,,,,
1041523,2016/17,2017-01-18,Sheikh Kamal International Cricket Stadium,1,24.2,South Africa,Bangladesh,M du Preez,M Kapp,Rumana Ahmed,0,0,,,,,,,,,
1041523,2016/17,2017-01-18,Sheikh Kamal International Cricket Stadium,1,24.3,South Africa,Bangladesh,M du Preez,M Kapp,Rumana Ahmed,1,0,,,,,,,,,
1041523,2016/17,2017-01-18,Sheikh Kamal International Cricket Stadium,1,24.4,South Africa,Bangladesh,M Kapp,M du Preez,Rumana Ahmed,0,0,,,,,,,,,
1041523,2016/17,2017-01-18,Sheikh Kamal International Cricket Stadium,1,24.5,South Africa,Bangladesh,M Kapp,M du Preez,Rumana Ahmed,0,0,,,,,,,,,
1041523,2016/17,2017-01-18,Sheikh Kamal International Cricket Stadium,1,24.6,South Africa,Bangladesh,M Kapp,M du Preez,Rumana Ahmed,1,0,,,,,,,,,
1041523,2016/17,2017-01-18,Sheikh Kamal International Cricket Stadium,1,25.1,South Africa,Bangladesh,M Kapp,M du Preez,Shaila Sharmin,0,0,,,,,,,,,
1041523,2016/17,2017-01-18,Sheikh Kamal International Cricket Stadium,1,25.2,South Africa,Bangladesh,M Kapp,M du Preez,Shaila Sharmin,1,0,,,,,,,,,
1041523,2016/17,2017-01-18,Sheikh Kamal International Cricket Stadium,1,25.3,South Africa,Bangladesh,M du Preez,M Kapp,Shaila Sharmin,0,0,,,,,,,,,
1041523,2016/17,2017-01-18,Sheikh Kamal International Cricket Stadium,1,25.4,South Africa,Bangladesh,M du Preez,M Kapp,Shaila Sharmin,0,0,,,,,,,,,
1041523,2016/17,2017-01-18,Sheikh Kamal International Cricket Stadium,1,25.5,South Africa,Bangladesh,M du Preez,M Kapp,Shaila Sharmin,1,0,,,,,,,,,
1041523,2016/17,2017-01-18,Sheikh Kamal International Cricket Stadium,1,25.6,South Africa,Bangladesh,M Kapp,M du Preez,Shaila Sharmin,2,0,,,,,,,,,
1041523,2016/17,2017-01-18,Sheikh Kamal International Cricket Stadium,1,26.1,South Africa,Bangladesh,M du Preez,M Kapp,Rumana Ahmed,1,0,,,,,,,,,
1041523,2016/17,2017-01-18,Sheikh Kamal International Cricket Stadium,1,26.2,South Africa,Bangladesh,M Kapp,M du Preez,Rumana Ahmed,1,0,,,,,,,,,
1041523,2016/17,2017-01-18,Sheikh Kamal International Cricket Stadium,1,26.3,South Africa,Bangladesh,M du Preez,M Kapp,Rumana Ahmed,1,0,,,,,,,,,
1041523,2016/17,2017-01-18,Sheikh Kamal International Cricket Stadium,1,26.4,South Africa,Bangladesh,M Kapp,M du Preez,Rumana Ahmed,1,0,,,,,,,,,
1041523,2016/17,2017-01-18,Sheikh Kamal International Cricket Stadium,1,26.5,South Africa,Bangladesh,M du Preez,M Kapp,Rumana Ahmed,0,0,,,,,,,,,
1041523,2016/17,2017-01-18,Sheikh Kamal International Cricket Stadium,1,26.6,South Africa,Bangladesh,M du Preez,M Kapp,Rumana Ahmed,0,0,,,,,,,,,
1041523,2016/17,2017-01-18,Sheikh Kamal International Cricket Stadium,1,27.1,South Africa,Bangladesh,M Kapp,M du Preez,Shaila Sharmin,1,0,,,,,,,,,
1041523,2016/17,2017-01-18,Sheikh Kamal International Cricket Stadium,1,27.2,South Africa,Bangladesh,M du Preez,M Kapp,Shaila Sharmin,0,0,,,,,,,,,
1041523,2016/17,2017-01-18,Sheikh Kamal International Cricket Stadium,1,27.3,South Africa,Bangladesh,M du Preez,M Kapp,Shaila Sharmin,1,0,,,,,,,,,
1041523,2016/17,2017-01-18,Sheikh Kamal International Cricket Stadium,1,27.4,South Africa,Bangladesh,M Kapp,M du Preez,Shaila Sharmin,1,0,,,,,,,,,
1041523,2016/17,2017-01-18,Sheikh Kamal International Cricket Stadium,1,27.5,South Africa,Bangladesh,M du Preez,M Kapp,Shaila Sharmin,1,0,,,,,,,,,
1041523,2016/17,2017-01-18,Sheikh Kamal International Cricket Stadium,1,27.6,South Africa,Bangladesh,M Kapp,M du Preez,Shaila Sharmin,4,0,,,,,,,,,
1041523,2016/17,2017-01-18,Sheikh Kamal International Cricket Stadium,1,28.1,South Africa,Bangladesh,M du Preez,M Kapp,Rumana Ahmed,0,0,,,,,,,,,
1041523,2016/17,2017-01-18,Sheikh Kamal International Cricket Stadium,1,28.2,South Africa,Bangladesh,M du Preez,M Kapp,Rumana Ahmed,0,0,,,,,,,,,
1041523,2016/17,2017-01-18,Sheikh Kamal International Cricket Stadium,1,28.3,South Africa,Bangladesh,M du Preez,M Kapp,Rumana Ahmed,0,0,,,,,,,,,
1041523,2016/17,2017-01-18,Sheikh Kamal International Cricket Stadium,1,28.4,South Africa,Bangladesh,M du Preez,M Kapp,Rumana Ahmed,0,0,,,,,,,,,
1041523,2016/17,2017-01-18,Sheikh Kamal International Cricket Stadium,1,28.5,South Africa,Bangladesh,M du Preez,M Kapp,Rumana Ahmed,0,0,,,,,,,,,
1041523,2016/17,2017-01-18,Sheikh Kamal International Cricket Stadium,1,28.6,South Africa,Bangladesh,M du Preez,M Kapp,Rumana Ahmed,0,0,,,,,,,,,
1041523,2016/17,2017-01-18,Sheikh Kamal International Cricket Stadium,1,29.1,South Africa,Bangladesh,M Kapp,M du Preez,Shaila Sharmin,0,0,,,,,,,,,
1041523,2016/17,2017-01-18,Sheikh Kamal International Cricket Stadium,1,29.2,South Africa,Bangladesh,M Kapp,M du Preez,Shaila Sharmin,1,0,,,,,,,,,
1041523,2016/17,2017-01-18,Sheikh Kamal International Cricket Stadium,1,29.3,South Africa,Bangladesh,M du Preez,M Kapp,Shaila Sharmin,1,0,,,,,,,,,
1041523,2016/17,2017-01-18,Sheikh Kamal International Cricket Stadium,1,29.4,South Africa,Bangladesh,M Kapp,M du Preez,Shaila Sharmin,1,0,,,,,,,,,
1041523,2016/17,2017-01-18,Sheikh Kamal International Cricket Stadium,1,29.5,South Africa,Bangladesh,M du Preez,M Kapp,Shaila Sharmin,1,0,,,,,,,,,
1041523,2016/17,2017-01-18,Sheikh Kamal International Cricket Stadium,1,29.6,South Africa,Bangladesh,M Kapp,M du Preez,Shaila Sharmin,0,0,,,,,,,,,
1041523,2016/17,2017-01-18,Sheikh Kamal International Cricket Stadium,1,30.1,South Africa,Bangladesh,M du Preez,M Kapp,Rumana Ahmed,1,0,,,,,,,,,
1041523,2016/17,2017-01-18,Sheikh Kamal International Cricket Stadium,1,30.2,South Africa,Bangladesh,M Kapp,M du Preez,Rumana Ahmed,1,0,,,,,,,,,
1041523,2016/17,2017-01-18,Sheikh Kamal International Cricket Stadium,1,30.3,South Africa,Bangladesh,M du Preez,M Kapp,Rumana Ahmed,1,0,,,,,,,,,
1041523,2016/17,2017-01-18,Sheikh Kamal International Cricket Stadium,1,30.4,South Africa,Bangladesh,M Kapp,M du Preez,Rumana Ahmed,0,0,,,,,,,,,
1041523,2016/17,2017-01-18,Sheikh Kamal International Cricket Stadium,1,30.5,South Africa,Bangladesh,M Kapp,M du Preez,Rumana Ahmed,0,0,,,,,,,,,
1041523,2016/17,2017-01-18,Sheikh Kamal International Cricket Stadium,1,30.6,South Africa,Bangladesh,M Kapp,M du Preez,Rumana Ahmed,1,0,,,,,,,,,
1041523,2016/17,2017-01-18,Sheikh Kamal International Cricket Stadium,1,31.1,South Africa,Bangladesh,M Kapp,M du Preez,Salma Khatun,0,0,,,,,,,,,
1041523,2016/17,2017-01-18,Sheikh Kamal International Cricket Stadium,1,31.2,South Africa,Bangladesh,M Kapp,M du Preez,Salma Khatun,0,0,,,,,,,,,
1041523,2016/17,2017-01-18,Sheikh Kamal International Cricket Stadium,1,31.3,South Africa,Bangladesh,M Kapp,M du Preez,Salma Khatun,0,0,,,,,,,,,
1041523,2016/17,2017-01-18,Sheikh Kamal International Cricket Stadium,1,31.4,South Africa,Bangladesh,M Kapp,M du Preez,Salma Khatun,1,0,,,,,,,,,
1041523,2016/17,2017-01-18,Sheikh Kamal International Cricket Stadium,1,31.5,South Africa,Bangladesh,M du Preez,M Kapp,Salma Khatun,1,0,,,,,,,,,
1041523,2016/17,2017-01-18,Sheikh Kamal International Cricket Stadium,1,31.6,South Africa,Bangladesh,M Kapp,M du Preez,Salma Khatun,0,0,,,,,,,,,
1041523,2016/17,2017-01-18,Sheikh Kamal International Cricket Stadium,1,32.1,South Africa,Bangladesh,M du Preez,M Kapp,Rumana Ahmed,1,0,,,,,,,,,
1041523,2016/17,2017-01-18,Sheikh Kamal International Cricket Stadium,1,32.2,South Africa,Bangladesh,M Kapp,M du Preez,Rumana Ahmed,1,0,,,,,,,,,
1041523,2016/17,2017-01-18,Sheikh Kamal International Cricket Stadium,1,32.3,South Africa,Bangladesh,M du Preez,M Kapp,Rumana Ahmed,1,0,,,,,,,,,
1041523,2016/17,2017-01-18,Sheikh Kamal International Cricket Stadium,1,32.4,South Africa,Bangladesh,M Kapp,M du Preez,Rumana Ahmed,0,0,,,,,,,,,
1041523,2016/17,2017-01-18,Sheikh Kamal International Cricket Stadium,1,32.5,South Africa,Bangladesh,M Kapp,M du Preez,Rumana Ahmed,0,0,,,,,,caught,M Kapp,,
1041523,2016/17,2017-01-18,Sheikh Kamal International Cricket Stadium,1,32.6,South Africa,Bangladesh,S Luus,M du Preez,Rumana Ahmed,0,0,,,,,,,,,
1041523,2016/17,2017-01-18,Sheikh Kamal International Cricket Stadium,1,33.1,South Africa,Bangladesh,M du Preez,S Luus,Salma Khatun,0,0,,,,,,,,,
1041523,2016/17,2017-01-18,Sheikh Kamal International Cricket Stadium,1,33.2,South Africa,Bangladesh,M du Preez,S Luus,Salma Khatun,0,0,,,,,,,,,
1041523,2016/17,2017-01-18,Sheikh Kamal International Cricket Stadium,1,33.3,South Africa,Bangladesh,M du Preez,S Luus,Salma Khatun,0,0,,,,,,,,,
1041523,2016/17,2017-01-18,Sheikh Kamal International Cricket Stadium,1,33.4,South Africa,Bangladesh,M du Preez,S Luus,Salma Khatun,0,0,,,,,,,,,
1041523,2016/17,2017-01-18,Sheikh Kamal International Cricket Stadium,1,33.5,South Africa,Bangladesh,M du Preez,S Luus,Salma Khatun,0,0,,,,,,,,,
1041523,2016/17,2017-01-18,Sheikh Kamal International Cricket Stadium,1,33.6,South Africa,Bangladesh,M du Preez,S Luus,Salma Khatun,0,0,,,,,,,,,
1041523,2016/17,2017-01-18,Sheikh Kamal International Cricket Stadium,1,34.1,South Africa,Bangladesh,S Luus,M du Preez,Khadija Tul Kubra,1,0,,,,,,,,,
1041523,2016/17,2017-01-18,Sheikh Kamal International Cricket Stadium,1,34.2,South Africa,Bangladesh,M du Preez,S Luus,Khadija Tul Kubra,1,0,,,,,,,,,
1041523,2016/17,2017-01-18,Sheikh Kamal International Cricket Stadium,1,34.3,South Africa,Bangladesh,S Luus,M du Preez,Khadija Tul Kubra,4,0,,,,,,,,,
1041523,2016/17,2017-01-18,Sheikh Kamal International Cricket Stadium,1,34.4,South Africa,Bangladesh,S Luus,M du Preez,Khadija Tul Kubra,0,0,,,,,,,,,
1041523,2016/17,2017-01-18,Sheikh Kamal International Cricket Stadium,1,34.5,South Africa,Bangladesh,S Luus,M du Preez,Khadija Tul Kubra,0,0,,,,,,,,,
1041523,2016/17,2017-01-18,Sheikh Kamal International Cricket Stadium,1,34.6,South Africa,Bangladesh,S Luus,M du Preez,Khadija Tul Kubra,0,0,,,,,,,,,
1041523,2016/17,2017-01-18,Sheikh Kamal International Cricket Stadium,1,35.1,South Africa,Bangladesh,M du Preez,S Luus,Salma Khatun,0,0,,,,,,,,,
1041523,2016/17,2017-01-18,Sheikh Kamal International Cricket Stadium,1,35.2,South Africa,Bangladesh,M du Preez,S Luus,Salma Khatun,1,0,,,,,,,,,
1041523,2016/17,2017-01-18,Sheikh Kamal International Cricket Stadium,1,35.3,South Africa,Bangladesh,S Luus,M du Preez,Salma Khatun,0,0,,,,,,,,,
1041523,2016/17,2017-01-18,Sheikh Kamal International Cricket Stadium,1,35.4,South Africa,Bangladesh,S Luus,M du Preez,Salma Khatun,0,0,,,,,,,,,
1041523,2016/17,2017-01-18,Sheikh Kamal International Cricket Stadium,1,35.5,South Africa,Bangladesh,S Luus,M du Preez,Salma Khatun,0,0,,,,,,,,,
1041523,2016/17,2017-01-18,Sheikh Kamal International Cricket Stadium,1,35.6,South Africa,Bangladesh,S Luus,M du Preez,Salma Khatun,0,0,,,,,,,,,
1041523,2016/17,2017-01-18,Sheikh Kamal International Cricket Stadium,1,36.1,South Africa,Bangladesh,M du Preez,S Luus,Khadija Tul Kubra,1,0,,,,,,,,,
1041523,2016/17,2017-01-18,Sheikh Kamal International Cricket Stadium,1,36.2,South Africa,Bangladesh,S Luus,M du Preez,Khadija Tul Kubra,0,0,,,,,,,,,
1041523,2016/17,2017-01-18,Sheikh Kamal International Cricket Stadium,1,36.3,South Africa,Bangladesh,S Luus,M du Preez,Khadija Tul Kubra,1,0,,,,,,,,,
1041523,2016/17,2017-01-18,Sheikh Kamal International Cricket Stadium,1,36.4,South Africa,Bangladesh,M du Preez,S Luus,Khadija Tul Kubra,0,0,,,,,,,,,
1041523,2016/17,2017-01-18,Sheikh Kamal International Cricket Stadium,1,36.5,South Africa,Bangladesh,M du Preez,S Luus,Khadija Tul Kubra,3,0,,,,,,,,,
1041523,2016/17,2017-01-18,Sheikh Kamal International Cricket Stadium,1,36.6,South Africa,Bangladesh,S Luus,M du Preez,Khadija Tul Kubra,0,0,,,,,,,,,
1041523,2016/17,2017-01-18,Sheikh Kamal International Cricket Stadium,1,37.1,South Africa,Bangladesh,M du Preez,S Luus,Salma Khatun,1,0,,,,,,,,,
1041523,2016/17,2017-01-18,Sheikh Kamal International Cricket Stadium,1,37.2,South Africa,Bangladesh,S Luus,M du Preez,Salma Khatun,0,0,,,,,,,,,
1041523,2016/17,2017-01-18,Sheikh Kamal International Cricket Stadium,1,37.3,South Africa,Bangladesh,S Luus,M du Preez,Salma Khatun,0,0,,,,,,,,,
1041523,2016/17,2017-01-18,Sheikh Kamal International Cricket Stadium,1,37.4,South Africa,Bangladesh,S Luus,M du Preez,Salma Khatun,0,0,,,,,,,,,
1041523,2016/17,2017-01-18,Sheikh Kamal International Cricket Stadium,1,37.5,South Africa,Bangladesh,S Luus,M du Preez,Salma Khatun,0,0,,,,,,,,,
1041523,2016/17,2017-01-18,Sheikh Kamal International Cricket Stadium,1,37.6,South Africa,Bangladesh,S Luus,M du Preez,Salma Khatun,0,0,,,,,,,,,
1041523,2016/17,2017-01-18,Sheikh Kamal International Cricket Stadium,1,38.1,South Africa,Bangladesh,M du Preez,S Luus,Panna Ghosh,0,5,5,,,,,,,,
1041523,2016/17,2017-01-18,Sheikh Kamal International Cricket Stadium,1,38.2,South Africa,Bangladesh,M du Preez,S Luus,Panna Ghosh,1,0,,,,,,,,,
1041523,2016/17,2017-01-18,Sheikh Kamal International Cricket Stadium,1,38.3,South Africa,Bangladesh,S Luus,M du Preez,Panna Ghosh,0,0,,,,,,,,,
1041523,2016/17,2017-01-18,Sheikh Kamal International Cricket Stadium,1,38.4,South Africa,Bangladesh,S Luus,M du Preez,Panna Ghosh,0,0,,,,,,,,,
1041523,2016/17,2017-01-18,Sheikh Kamal International Cricket Stadium,1,38.5,South Africa,Bangladesh,S Luus,M du Preez,Panna Ghosh,4,0,,,,,,,,,
1041523,2016/17,2017-01-18,Sheikh Kamal International Cricket Stadium,1,38.6,South Africa,Bangladesh,S Luus,M du Preez,Panna Ghosh,0,0,,,,,,,,,
1041523,2016/17,2017-01-18,Sheikh Kamal International Cricket Stadium,1,38.7,South Africa,Bangladesh,S Luus,M du Preez,Panna Ghosh,1,0,,,,,,,,,
1041523,2016/17,2017-01-18,Sheikh Kamal International Cricket Stadium,1,39.1,South Africa,Bangladesh,S Luus,M du Preez,Salma Khatun,0,0,,,,,,,,,
1041523,2016/17,2017-01-18,Sheikh Kamal International Cricket Stadium,1,39.2,South Africa,Bangladesh,S Luus,M du Preez,Salma Khatun,4,0,,,,,,,,,
1041523,2016/17,2017-01-18,Sheikh Kamal International Cricket Stadium,1,39.3,South Africa,Bangladesh,S Luus,M du Preez,Salma Khatun,1,0,,,,,,,,,
1041523,2016/17,2017-01-18,Sheikh Kamal International Cricket Stadium,1,39.4,South Africa,Bangladesh,M du Preez,S Luus,Salma Khatun,0,0,,,,,,,,,
1041523,2016/17,2017-01-18,Sheikh Kamal International Cricket Stadium,1,39.5,South Africa,Bangladesh,M du Preez,S Luus,Salma Khatun,0,0,,,,,,,,,
1041523,2016/17,2017-01-18,Sheikh Kamal International Cricket Stadium,1,39.6,South Africa,Bangladesh,M du Preez,S Luus,Salma Khatun,0,0,,,,,,,,,
1041523,2016/17,2017-01-18,Sheikh Kamal International Cricket Stadium,1,40.1,South Africa,Bangladesh,S Luus,M du Preez,Khadija Tul Kubra,0,0,,,,,,bowled,S Luus,,
1041523,2016/17,2017-01-18,Sheikh Kamal International Cricket Stadium,1,40.2,South Africa,Bangladesh,S Jafta,M du Preez,Khadija Tul Kubra,0,0,,,,,,,,,
1041523,2016/17,2017-01-18,Sheikh Kamal International Cricket Stadium,1,40.3,South Africa,Bangladesh,S Jafta,M du Preez,Khadija Tul Kubra,0,0,,,,,,,,,
1041523,2016/17,2017-01-18,Sheikh Kamal International Cricket Stadium,1,40.4,South Africa,Bangladesh,S Jafta,M du Preez,Khadija Tul Kubra,0,0,,,,,,,,,
1041523,2016/17,2017-01-18,Sheikh Kamal International Cricket Stadium,1,40.5,South Africa,Bangladesh,S Jafta,M du Preez,Khadija Tul Kubra,0,0,,,,,,,,,
1041523,2016/17,2017-01-18,Sheikh Kamal International Cricket Stadium,1,40.6,South Africa,Bangladesh,S Jafta,M du Preez,Khadija Tul Kubra,3,0,,,,,,,,,
1041523,2016/17,2017-01-18,Sheikh Kamal International Cricket Stadium,1,41.1,South Africa,Bangladesh,S Jafta,M du Preez,Salma Khatun,4,0,,,,,,,,,
1041523,2016/17,2017-01-18,Sheikh Kamal International Cricket Stadium,1,41.2,South Africa,Bangladesh,S Jafta,M du Preez,Salma Khatun,0,0,,,,,,,,,
1041523,2016/17,2017-01-18,Sheikh Kamal International Cricket Stadium,1,41.3,South Africa,Bangladesh,S Jafta,M du Preez,Salma Khatun,0,0,,,,,,,,,
1041523,2016/17,2017-01-18,Sheikh Kamal International Cricket Stadium,1,41.4,South Africa,Bangladesh,S Jafta,M du Preez,Salma Khatun,0,0,,,,,,,,,
1041523,2016/17,2017-01-18,Sheikh Kamal International Cricket Stadium,1,41.5,South Africa,Bangladesh,S Jafta,M du Preez,Salma Khatun,0,0,,,,,,,,,
1041523,2016/17,2017-01-18,Sheikh Kamal International Cricket Stadium,1,41.6,South Africa,Bangladesh,S Jafta,M du Preez,Salma Khatun,2,0,,,,,,,,,
1041523,2016/17,2017-01-18,Sheikh Kamal International Cricket Stadium,1,42.1,South Africa,Bangladesh,M du Preez,S Jafta,Rumana Ahmed,2,0,,,,,,,,,
1041523,2016/17,2017-01-18,Sheikh Kamal International Cricket Stadium,1,42.2,South Africa,Bangladesh,M du Preez,S Jafta,Rumana Ahmed,1,0,,,,,,,,,
1041523,2016/17,2017-01-18,Sheikh Kamal International Cricket Stadium,1,42.3,South Africa,Bangladesh,S Jafta,M du Preez,Rumana Ahmed,0,0,,,,,,,,,
1041523,2016/17,2017-01-18,Sheikh Kamal International Cricket Stadium,1,42.4,South Africa,Bangladesh,S Jafta,M du Preez,Rumana Ahmed,0,0,,,,,,,,,
1041523,2016/17,2017-01-18,Sheikh Kamal International Cricket Stadium,1,42.5,South Africa,Bangladesh,S Jafta,M du Preez,Rumana Ahmed,1,0,,,,,,,,,
1041523,2016/17,2017-01-18,Sheikh Kamal International Cricket Stadium,1,42.6,South Africa,Bangladesh,M du Preez,S Jafta,Rumana Ahmed,1,0,,,,,,,,,
1041523,2016/17,2017-01-18,Sheikh Kamal International Cricket Stadium,1,43.1,South Africa,Bangladesh,M du Preez,S Jafta,Shaila Sharmin,0,0,,,,,,,,,
1041523,2016/17,2017-01-18,Sheikh Kamal International Cricket Stadium,1,43.2,South Africa,Bangladesh,M du Preez,S Jafta,Shaila Sharmin,4,0,,,,,,,,,
1041523,2016/17,2017-01-18,Sheikh Kamal International Cricket Stadium,1,43.3,South Africa,Bangladesh,M du Preez,S Jafta,Shaila Sharmin,4,0,,,,,,,,,
1041523,2016/17,2017-01-18,Sheikh Kamal International Cricket Stadium,1,43.4,South Africa,Bangladesh,M du Preez,S Jafta,Shaila Sharmin,1,0,,,,,,,,,
1041523,2016/17,2017-01-18,Sheikh Kamal International Cricket Stadium,1,43.5,South Africa,Bangladesh,S Jafta,M du Preez,Shaila Sharmin,1,0,,,,,,,,,
1041523,2016/17,2017-01-18,Sheikh Kamal International Cricket Stadium,1,43.6,South Africa,Bangladesh,M du Preez,S Jafta,Shaila Sharmin,1,0,,,,,,,,,
1041523,2016/17,2017-01-18,Sheikh Kamal International Cricket Stadium,1,44.1,South Africa,Bangladesh,M du Preez,S Jafta,Jahanara Alam,1,0,,,,,,,,,
1041523,2016/17,2017-01-18,Sheikh Kamal International Cricket Stadium,1,44.2,South Africa,Bangladesh,S Jafta,M du Preez,Jahanara Alam,0,0,,,,,,,,,
1041523,2016/17,2017-01-18,Sheikh Kamal International Cricket Stadium,1,44.3,South Africa,Bangladesh,S Jafta,M du Preez,Jahanara Alam,0,0,,,,,,,,,
1041523,2016/17,2017-01-18,Sheikh Kamal International Cricket Stadium,1,44.4,South Africa,Bangladesh,S Jafta,M du Preez,Jahanara Alam,0,0,,,,,,,,,
1041523,2016/17,2017-01-18,Sheikh Kamal International Cricket Stadium,1,44.5,South Africa,Bangladesh,S Jafta,M du Preez,Jahanara Alam,1,0,,,,,,,,,
1041523,2016/17,2017-01-18,Sheikh Kamal International Cricket Stadium,1,44.6,South Africa,Bangladesh,M du Preez,S Jafta,Jahanara Alam,0,0,,,,,,,,,
1041523,2016/17,2017-01-18,Sheikh Kamal International Cricket Stadium,1,45.1,South Africa,Bangladesh,S Jafta,M du Preez,Nahida Akter,0,0,,,,,,run out,S Jafta,,
1041523,2016/17,2017-01-18,Sheikh Kamal International Cricket Stadium,1,45.2,South Africa,Bangladesh,M du Preez,D van Niekerk,Nahida Akter,1,0,,,,,,,,,
1041523,2016/17,2017-01-18,Sheikh Kamal International Cricket Stadium,1,45.3,South Africa,Bangladesh,D van Niekerk,M du Preez,Nahida Akter,0,0,,,,,,,,,
1041523,2016/17,2017-01-18,Sheikh Kamal International Cricket Stadium,1,45.4,South Africa,Bangladesh,D van Niekerk,M du Preez,Nahida Akter,0,0,,,,,,,,,
1041523,2016/17,2017-01-18,Sheikh Kamal International Cricket Stadium,1,45.5,South Africa,Bangladesh,D van Niekerk,M du Preez,Nahida Akter,0,0,,,,,,,,,
1041523,2016/17,2017-01-18,Sheikh Kamal International Cricket Stadium,1,45.6,South Africa,Bangladesh,D van Niekerk,M du Preez,Nahida Akter,0,0,,,,,,,,,
1041523,2016/17,2017-01-18,Sheikh Kamal International Cricket Stadium,1,46.1,South Africa,Bangladesh,M du Preez,D van Niekerk,Jahanara Alam,0,0,,,,,,,,,
1041523,2016/17,2017-01-18,Sheikh Kamal International Cricket Stadium,1,46.2,South Africa,Bangladesh,M du Preez,D van Niekerk,Jahanara Alam,1,0,,,,,,,,,
1041523,2016/17,2017-01-18,Sheikh Kamal International Cricket Stadium,1,46.3,South Africa,Bangladesh,D van Niekerk,M du Preez,Jahanara Alam,1,0,,,,,,,,,
1041523,2016/17,2017-01-18,Sheikh Kamal International Cricket Stadium,1,46.4,South Africa,Bangladesh,M du Preez,D van Niekerk,Jahanara Alam,1,0,,,,,,,,,
1041523,2016/17,2017-01-18,Sheikh Kamal International Cricket Stadium,1,46.5,South Africa,Bangladesh,D van Niekerk,M du Preez,Jahanara Alam,0,0,,,,,,,,,
1041523,2016/17,2017-01-18,Sheikh Kamal International Cricket Stadium,1,46.6,South Africa,Bangladesh,D van Niekerk,M du Preez,Jahanara Alam,1,0,,,,,,,,,
1041523,2016/17,2017-01-18,Sheikh Kamal International Cricket Stadium,1,47.1,South Africa,Bangladesh,D van Niekerk,M du Preez,Nahida Akter,4,0,,,,,,,,,
1041523,2016/17,2017-01-18,Sheikh Kamal International Cricket Stadium,1,47.2,South Africa,Bangladesh,D van Niekerk,M du Preez,Nahida Akter,4,0,,,,,,,,,
1041523,2016/17,2017-01-18,Sheikh Kamal International Cricket Stadium,1,47.3,South Africa,Bangladesh,D van Niekerk,M du Preez,Nahida Akter,0,0,,,,,,,,,
1041523,2016/17,2017-01-18,Sheikh Kamal International Cricket Stadium,1,47.4,South Africa,Bangladesh,D van Niekerk,M du Preez,Nahida Akter,1,0,,,,,,,,,
1041523,2016/17,2017-01-18,Sheikh Kamal International Cricket Stadium,1,47.5,South Africa,Bangladesh,M du Preez,D van Niekerk,Nahida Akter,3,0,,,,,,,,,
1041523,2016/17,2017-01-18,Sheikh Kamal International Cricket Stadium,1,47.6,South Africa,Bangladesh,D van Niekerk,M du Preez,Nahida Akter,1,0,,,,,,,,,
1041523,2016/17,2017-01-18,Sheikh Kamal International Cricket Stadium,1,48.1,South Africa,Bangladesh,D van Niekerk,M du Preez,Jahanara Alam,4,0,,,,,,,,,
1041523,2016/17,2017-01-18,Sheikh Kamal International Cricket Stadium,1,48.2,South Africa,Bangladesh,D van Niekerk,M du Preez,Jahanara Alam,4,0,,,,,,,,,
1041523,2016/17,2017-01-18,Sheikh Kamal International Cricket Stadium,1,48.3,South Africa,Bangladesh,D van Niekerk,M du Preez,Jahanara Alam,0,0,,,,,,,,,
1041523,2016/17,2017-01-18,Sheikh Kamal International Cricket Stadium,1,48.4,South Africa,Bangladesh,D van Niekerk,M du Preez,Jahanara Alam,1,0,,,,,,,,,
1041523,2016/17,2017-01-18,Sheikh Kamal International Cricket Stadium,1,48.5,South Africa,Bangladesh,M du Preez,D van Niekerk,Jahanara Alam,1,0,,,,,,,,,
1041523,2016/17,2017-01-18,Sheikh Kamal International Cricket Stadium,1,48.6,South Africa,Bangladesh,D van Niekerk,M du Preez,Jahanara Alam,4,0,,,,,,,,,
1041523,2016/17,2017-01-18,Sheikh Kamal International Cricket Stadium,1,49.1,South Africa,Bangladesh,M du Preez,D van Niekerk,Khadija Tul Kubra,0,0,,,,,,lbw,M du Preez,,
1041523,2016/17,2017-01-18,Sheikh Kamal International Cricket Stadium,1,49.2,South Africa,Bangladesh,A Khaka,D van Niekerk,Khadija Tul Kubra,0,1,,,,1,,,,,
1041523,2016/17,2017-01-18,Sheikh Kamal International Cricket Stadium,1,49.3,South Africa,Bangladesh,D van Niekerk,A Khaka,Khadija Tul Kubra,0,0,,,,,,,,,
1041523,2016/17,2017-01-18,Sheikh Kamal International Cricket Stadium,1,49.4,South Africa,Bangladesh,D van Niekerk,A Khaka,Khadija Tul Kubra,1,0,,,,,,,,,
1041523,2016/17,2017-01-18,Sheikh Kamal International Cricket Stadium,1,49.5,South Africa,Bangladesh,A Khaka,D van Niekerk,Khadija Tul Kubra,2,0,,,,,,,,,
1041523,2016/17,2017-01-18,Sheikh Kamal International Cricket Stadium,1,49.6,South Africa,Bangladesh,A Khaka,D van Niekerk,Khadija Tul Kubra,1,0,,,,,,,,,
1041523,2016/17,2017-01-18,Sheikh Kamal International Cricket Stadium,2,0.1,Bangladesh,South Africa,Sharmin Sultana,Sharmin Akhter,M Kapp,0,0,,,,,,,,,
1041523,2016/17,2017-01-18,Sheikh Kamal International Cricket Stadium,2,0.2,Bangladesh,South Africa,Sharmin Sultana,Sharmin Akhter,M Kapp,0,0,,,,,,,,,
1041523,2016/17,2017-01-18,Sheikh Kamal International Cricket Stadium,2,0.3,Bangladesh,South Africa,Sharmin Sultana,Sharmin Akhter,M Kapp,0,0,,,,,,,,,
1041523,2016/17,2017-01-18,Sheikh Kamal International Cricket Stadium,2,0.4,Bangladesh,South Africa,Sharmin Sultana,Sharmin Akhter,M Kapp,0,0,,,,,,,,,
1041523,2016/17,2017-01-18,Sheikh Kamal International Cricket Stadium,2,0.5,Bangladesh,South Africa,Sharmin Sultana,Sharmin Akhter,M Kapp,0,0,,,,,,,,,
1041523,2016/17,2017-01-18,Sheikh Kamal International Cricket Stadium,2,0.6,Bangladesh,South Africa,Sharmin Sultana,Sharmin Akhter,M Kapp,0,0,,,,,,,,,
1041523,2016/17,2017-01-18,Sheikh Kamal International Cricket Stadium,2,1.1,Bangladesh,South Africa,Sharmin Akhter,Sharmin Sultana,A Khaka,1,0,,,,,,,,,
1041523,2016/17,2017-01-18,Sheikh Kamal International Cricket Stadium,2,1.2,Bangladesh,South Africa,Sharmin Sultana,Sharmin Akhter,A Khaka,1,0,,,,,,,,,
1041523,2016/17,2017-01-18,Sheikh Kamal International Cricket Stadium,2,1.3,Bangladesh,South Africa,Sharmin Akhter,Sharmin Sultana,A Khaka,4,0,,,,,,,,,
1041523,2016/17,2017-01-18,Sheikh Kamal International Cricket Stadium,2,1.4,Bangladesh,South Africa,Sharmin Akhter,Sharmin Sultana,A Khaka,1,0,,,,,,,,,
1041523,2016/17,2017-01-18,Sheikh Kamal International Cricket Stadium,2,1.5,Bangladesh,South Africa,Sharmin Sultana,Sharmin Akhter,A Khaka,0,0,,,,,,,,,
1041523,2016/17,2017-01-18,Sheikh Kamal International Cricket Stadium,2,1.6,Bangladesh,South Africa,Sharmin Sultana,Sharmin Akhter,A Khaka,0,0,,,,,,,,,
1041523,2016/17,2017-01-18,Sheikh Kamal International Cricket Stadium,2,2.1,Bangladesh,South Africa,Sharmin Akhter,Sharmin Sultana,M Kapp,1,0,,,,,,,,,
1041523,2016/17,2017-01-18,Sheikh Kamal International Cricket Stadium,2,2.2,Bangladesh,South Africa,Sharmin Sultana,Sharmin Akhter,M Kapp,0,0,,,,,,,,,
1041523,2016/17,2017-01-18,Sheikh Kamal International Cricket Stadium,2,2.3,Bangladesh,South Africa,Sharmin Sultana,Sharmin Akhter,M Kapp,0,0,,,,,,,,,
1041523,2016/17,2017-01-18,Sheikh Kamal International Cricket Stadium,2,2.4,Bangladesh,South Africa,Sharmin Sultana,Sharmin Akhter,M Kapp,0,0,,,,,,,,,
1041523,2016/17,2017-01-18,Sheikh Kamal International Cricket Stadium,2,2.5,Bangladesh,South Africa,Sharmin Sultana,Sharmin Akhter,M Kapp,0,0,,,,,,caught,Sharmin Sultana,,
1041523,2016/17,2017-01-18,Sheikh Kamal International Cricket Stadium,2,2.6,Bangladesh,South Africa,Fargana Hoque,Sharmin Akhter,M Kapp,2,0,,,,,,,,,
1041523,2016/17,2017-01-18,Sheikh Kamal International Cricket Stadium,2,3.1,Bangladesh,South Africa,Sharmin Akhter,Fargana Hoque,A Khaka,0,1,1,,,,,,,,
1041523,2016/17,2017-01-18,Sheikh Kamal International Cricket Stadium,2,3.2,Bangladesh,South Africa,Sharmin Akhter,Fargana Hoque,A Khaka,1,0,,,,,,,,,
1041523,2016/17,2017-01-18,Sheikh Kamal International Cricket Stadium,2,3.3,Bangladesh,South Africa,Fargana Hoque,Sharmin Akhter,A Khaka,0,0,,,,,,,,,
1041523,2016/17,2017-01-18,Sheikh Kamal International Cricket Stadium,2,3.4,Bangladesh,South Africa,Fargana Hoque,Sharmin Akhter,A Khaka,0,0,,,,,,,,,
1041523,2016/17,2017-01-18,Sheikh Kamal International Cricket Stadium,2,3.5,Bangladesh,South Africa,Fargana Hoque,Sharmin Akhter,A Khaka,0,0,,,,,,,,,
1041523,2016/17,2017-01-18,Sheikh Kamal International Cricket Stadium,2,3.6,Bangladesh,South Africa,Fargana Hoque,Sharmin Akhter,A Khaka,0,0,,,,,,,,,
1041523,2016/17,2017-01-18,Sheikh Kamal International Cricket Stadium,2,3.7,Bangladesh,South Africa,Fargana Hoque,Sharmin Akhter,A Khaka,0,0,,,,,,,,,
1041523,2016/17,2017-01-18,Sheikh Kamal International Cricket Stadium,2,4.1,Bangladesh,South Africa,Sharmin Akhter,Fargana Hoque,M Kapp,1,0,,,,,,,,,
1041523,2016/17,2017-01-18,Sheikh Kamal International Cricket Stadium,2,4.2,Bangladesh,South Africa,Fargana Hoque,Sharmin Akhter,M Kapp,0,0,,,,,,,,,
1041523,2016/17,2017-01-18,Sheikh Kamal International Cricket Stadium,2,4.3,Bangladesh,South Africa,Fargana Hoque,Sharmin Akhter,M Kapp,0,0,,,,,,,,,
1041523,2016/17,2017-01-18,Sheikh Kamal International Cricket Stadium,2,4.4,Bangladesh,South Africa,Fargana Hoque,Sharmin Akhter,M Kapp,0,0,,,,,,,,,
1041523,2016/17,2017-01-18,Sheikh Kamal International Cricket Stadium,2,4.5,Bangladesh,South Africa,Fargana Hoque,Sharmin Akhter,M Kapp,1,0,,,,,,,,,
1041523,2016/17,2017-01-18,Sheikh Kamal International Cricket Stadium,2,4.6,Bangladesh,South Africa,Sharmin Akhter,Fargana Hoque,M Kapp,0,0,,,,,,,,,
1041523,2016/17,2017-01-18,Sheikh Kamal International Cricket Stadium,2,5.1,Bangladesh,South Africa,Fargana Hoque,Sharmin Akhter,A Khaka,0,0,,,,,,,,,
1041523,2016/17,2017-01-18,Sheikh Kamal International Cricket Stadium,2,5.2,Bangladesh,South Africa,Fargana Hoque,Sharmin Akhter,A Khaka,1,0,,,,,,,,,
1041523,2016/17,2017-01-18,Sheikh Kamal International Cricket Stadium,2,5.3,Bangladesh,South Africa,Sharmin Akhter,Fargana Hoque,A Khaka,0,0,,,,,,,,,
1041523,2016/17,2017-01-18,Sheikh Kamal International Cricket Stadium,2,5.4,Bangladesh,South Africa,Sharmin Akhter,Fargana Hoque,A Khaka,0,0,,,,,,,,,
1041523,2016/17,2017-01-18,Sheikh Kamal International Cricket Stadium,2,5.5,Bangladesh,South Africa,Sharmin Akhter,Fargana Hoque,A Khaka,4,0,,,,,,,,,
1041523,2016/17,2017-01-18,Sheikh Kamal International Cricket Stadium,2,5.6,Bangladesh,South Africa,Sharmin Akhter,Fargana Hoque,A Khaka,0,0,,,,,,,,,
1041523,2016/17,2017-01-18,Sheikh Kamal International Cricket Stadium,2,6.1,Bangladesh,South Africa,Fargana Hoque,Sharmin Akhter,M Kapp,0,1,1,,,,,,,,
1041523,2016/17,2017-01-18,Sheikh Kamal International Cricket Stadium,2,6.2,Bangladesh,South Africa,Fargana Hoque,Sharmin Akhter,M Kapp,0,0,,,,,,,,,
1041523,2016/17,2017-01-18,Sheikh Kamal International Cricket Stadium,2,6.3,Bangladesh,South Africa,Fargana Hoque,Sharmin Akhter,M Kapp,0,0,,,,,,,,,
1041523,2016/17,2017-01-18,Sheikh Kamal International Cricket Stadium,2,6.4,Bangladesh,South Africa,Fargana Hoque,Sharmin Akhter,M Kapp,0,0,,,,,,,,,
1041523,2016/17,2017-01-18,Sheikh Kamal International Cricket Stadium,2,6.5,Bangladesh,South Africa,Fargana Hoque,Sharmin Akhter,M Kapp,0,0,,,,,,,,,
1041523,2016/17,2017-01-18,Sheikh Kamal International Cricket Stadium,2,6.6,Bangladesh,South Africa,Fargana Hoque,Sharmin Akhter,M Kapp,0,0,,,,,,,,,
1041523,2016/17,2017-01-18,Sheikh Kamal International Cricket Stadium,2,6.7,Bangladesh,South Africa,Fargana Hoque,Sharmin Akhter,M Kapp,0,0,,,,,,,,,
1041523,2016/17,2017-01-18,Sheikh Kamal International Cricket Stadium,2,7.1,Bangladesh,South Africa,Sharmin Akhter,Fargana Hoque,M Daniels,0,1,1,,,,,,,,
1041523,2016/17,2017-01-18,Sheikh Kamal International Cricket Stadium,2,7.2,Bangladesh,South Africa,Sharmin Akhter,Fargana Hoque,M Daniels,0,0,,,,,,,,,
1041523,2016/17,2017-01-18,Sheikh Kamal International Cricket Stadium,2,7.3,Bangladesh,South Africa,Sharmin Akhter,Fargana Hoque,M Daniels,0,1,,,,1,,,,,
1041523,2016/17,2017-01-18,Sheikh Kamal International Cricket Stadium,2,7.4,Bangladesh,South Africa,Fargana Hoque,Sharmin Akhter,M Daniels,0,1,1,,,,,,,,
1041523,2016/17,2017-01-18,Sheikh Kamal International Cricket Stadium,2,7.5,Bangladesh,South Africa,Fargana Hoque,Sharmin Akhter,M Daniels,1,0,,,,,,,,,
1041523,2016/17,2017-01-18,Sheikh Kamal International Cricket Stadium,2,7.6,Bangladesh,South Africa,Sharmin Akhter,Fargana Hoque,M Daniels,1,0,,,,,,,,,
1041523,2016/17,2017-01-18,Sheikh Kamal International Cricket Stadium,2,7.7,Bangladesh,South Africa,Fargana Hoque,Sharmin Akhter,M Daniels,0,1,1,,,,,,,,
1041523,2016/17,2017-01-18,Sheikh Kamal International Cricket Stadium,2,7.8,Bangladesh,South Africa,Fargana Hoque,Sharmin Akhter,M Daniels,1,0,,,,,,,,,
1041523,2016/17,2017-01-18,Sheikh Kamal International Cricket Stadium,2,7.9,Bangladesh,South Africa,Sharmin Akhter,Fargana Hoque,M Daniels,0,0,,,,,,,,,
1041523,2016/17,2017-01-18,Sheikh Kamal International Cricket Stadium,2,8.1,Bangladesh,South Africa,Fargana Hoque,Sharmin Akhter,M Kapp,0,1,1,,,,,,,,
1041523,2016/17,2017-01-18,Sheikh Kamal International Cricket Stadium,2,8.2,Bangladesh,South Africa,Fargana Hoque,Sharmin Akhter,M Kapp,0,0,,,,,,,,,
1041523,2016/17,2017-01-18,Sheikh Kamal International Cricket Stadium,2,8.3,Bangladesh,South Africa,Fargana Hoque,Sharmin Akhter,M Kapp,0,0,,,,,,,,,
1041523,2016/17,2017-01-18,Sheikh Kamal International Cricket Stadium,2,8.4,Bangladesh,South Africa,Fargana Hoque,Sharmin Akhter,M Kapp,0,0,,,,,,,,,
1041523,2016/17,2017-01-18,Sheikh Kamal International Cricket Stadium,2,8.5,Bangladesh,South Africa,Fargana Hoque,Sharmin Akhter,M Kapp,0,0,,,,,,,,,
1041523,2016/17,2017-01-18,Sheikh Kamal International Cricket Stadium,2,8.6,Bangladesh,South Africa,Fargana Hoque,Sharmin Akhter,M Kapp,0,0,,,,,,,,,
1041523,2016/17,2017-01-18,Sheikh Kamal International Cricket Stadium,2,8.7,Bangladesh,South Africa,Fargana Hoque,Sharmin Akhter,M Kapp,0,0,,,,,,,,,
1041523,2016/17,2017-01-18,Sheikh Kamal International Cricket Stadium,2,9.1,Bangladesh,South Africa,Sharmin Akhter,Fargana Hoque,M Daniels,0,0,,,,,,,,,
1041523,2016/17,2017-01-18,Sheikh Kamal International Cricket Stadium,2,9.2,Bangladesh,South Africa,Sharmin Akhter,Fargana Hoque,M Daniels,0,0,,,,,,caught,Sharmin Akhter,,
1041523,2016/17,2017-01-18,Sheikh Kamal International Cricket Stadium,2,9.3,Bangladesh,South Africa,Rumana Ahmed,Fargana Hoque,M Daniels,0,0,,,,,,caught,Rumana Ahmed,,
1041523,2016/17,2017-01-18,Sheikh Kamal International Cricket Stadium,2,9.4,Bangladesh,South Africa,Nigar Sultana,Fargana Hoque,M Daniels,0,0,,,,,,,,,
1041523,2016/17,2017-01-18,Sheikh Kamal International Cricket Stadium,2,9.5,Bangladesh,South Africa,Nigar Sultana,Fargana Hoque,M Daniels,0,0,,,,,,,,,
1041523,2016/17,2017-01-18,Sheikh Kamal International Cricket Stadium,2,9.6,Bangladesh,South Africa,Nigar Sultana,Fargana Hoque,M Daniels,0,0,,,,,,,,,
1041523,2016/17,2017-01-18,Sheikh Kamal International Cricket Stadium,2,10.1,Bangladesh,South Africa,Fargana Hoque,Nigar Sultana,MM Letsoalo,0,0,,,,,,,,,
1041523,2016/17,2017-01-18,Sheikh Kamal International Cricket Stadium,2,10.2,Bangladesh,South Africa,Fargana Hoque,Nigar Sultana,MM Letsoalo,0,0,,,,,,,,,
1041523,2016/17,2017-01-18,Sheikh Kamal International Cricket Stadium,2,10.3,Bangladesh,South Africa,Fargana Hoque,Nigar Sultana,MM Letsoalo,0,0,,,,,,,,,
1041523,2016/17,2017-01-18,Sheikh Kamal International Cricket Stadium,2,10.4,Bangladesh,South Africa,Fargana Hoque,Nigar Sultana,MM Letsoalo,0,0,,,,,,,,,
1041523,2016/17,2017-01-18,Sheikh Kamal International Cricket Stadium,2,10.5,Bangladesh,South Africa,Fargana Hoque,Nigar Sultana,MM Letsoalo,0,0,,,,,,,,,
1041523,2016/17,2017-01-18,Sheikh Kamal International Cricket Stadium,2,10.6,Bangladesh,South Africa,Fargana Hoque,Nigar Sultana,MM Letsoalo,0,0,,,,,,,,,
1041523,2016/17,2017-01-18,Sheikh Kamal International Cricket Stadium,2,11.1,Bangladesh,South Africa,Nigar Sultana,Fargana Hoque,M Daniels,0,0,,,,,,,,,
1041523,2016/17,2017-01-18,Sheikh Kamal International Cricket Stadium,2,11.2,Bangladesh,South Africa,Nigar Sultana,Fargana Hoque,M Daniels,0,0,,,,,,,,,
1041523,2016/17,2017-01-18,Sheikh Kamal International Cricket Stadium,2,11.3,Bangladesh,South Africa,Nigar Sultana,Fargana Hoque,M Daniels,0,0,,,,,,,,,
1041523,2016/17,2017-01-18,Sheikh Kamal International Cricket Stadium,2,11.4,Bangladesh,South Africa,Nigar Sultana,Fargana Hoque,M Daniels,1,0,,,,,,,,,
1041523,2016/17,2017-01-18,Sheikh Kamal International Cricket Stadium,2,11.5,Bangladesh,South Africa,Fargana Hoque,Nigar Sultana,M Daniels,0,0,,,,,,,,,
1041523,2016/17,2017-01-18,Sheikh Kamal International Cricket Stadium,2,11.6,Bangladesh,South Africa,Fargana Hoque,Nigar Sultana,M Daniels,0,0,,,,,,,,,
1041523,2016/17,2017-01-18,Sheikh Kamal International Cricket Stadium,2,12.1,Bangladesh,South Africa,Nigar Sultana,Fargana Hoque,MM Letsoalo,0,0,,,,,,,,,
1041523,2016/17,2017-01-18,Sheikh Kamal International Cricket Stadium,2,12.2,Bangladesh,South Africa,Nigar Sultana,Fargana Hoque,MM Letsoalo,0,0,,,,,,,,,
1041523,2016/17,2017-01-18,Sheikh Kamal International Cricket Stadium,2,12.3,Bangladesh,South Africa,Nigar Sultana,Fargana Hoque,MM Letsoalo,0,0,,,,,,,,,
1041523,2016/17,2017-01-18,Sheikh Kamal International Cricket Stadium,2,12.4,Bangladesh,South Africa,Nigar Sultana,Fargana Hoque,MM Letsoalo,0,0,,,,,,,,,
1041523,2016/17,2017-01-18,Sheikh Kamal International Cricket Stadium,2,12.5,Bangladesh,South Africa,Nigar Sultana,Fargana Hoque,MM Letsoalo,0,0,,,,,,,,,
1041523,2016/17,2017-01-18,Sheikh Kamal International Cricket Stadium,2,12.6,Bangladesh,South Africa,Nigar Sultana,Fargana Hoque,MM Letsoalo,0,0,,,,,,,,,
1041523,2016/17,2017-01-18,Sheikh Kamal International Cricket Stadium,2,13.1,Bangladesh,South Africa,Fargana Hoque,Nigar Sultana,M Daniels,0,0,,,,,,,,,
1041523,2016/17,2017-01-18,Sheikh Kamal International Cricket Stadium,2,13.2,Bangladesh,South Africa,Fargana Hoque,Nigar Sultana,M Daniels,1,0,,,,,,,,,
1041523,2016/17,2017-01-18,Sheikh Kamal International Cricket Stadium,2,13.3,Bangladesh,South Africa,Nigar Sultana,Fargana Hoque,M Daniels,0,0,,,,,,,,,
1041523,2016/17,2017-01-18,Sheikh Kamal International Cricket Stadium,2,13.4,Bangladesh,South Africa,Nigar Sultana,Fargana Hoque,M Daniels,0,0,,,,,,,,,
1041523,2016/17,2017-01-18,Sheikh Kamal International Cricket Stadium,2,13.5,Bangladesh,South Africa,Nigar Sultana,Fargana Hoque,M Daniels,0,0,,,,,,,,,
1041523,2016/17,2017-01-18,Sheikh Kamal International Cricket Stadium,2,13.6,Bangladesh,South Africa,Nigar Sultana,Fargana Hoque,M Daniels,0,0,,,,,,,,,
1041523,2016/17,2017-01-18,Sheikh Kamal International Cricket Stadium,2,14.1,Bangladesh,South Africa,Fargana Hoque,Nigar Sultana,MM Letsoalo,0,0,,,,,,,,,
1041523,2016/17,2017-01-18,Sheikh Kamal International Cricket Stadium,2,14.2,Bangladesh,South Africa,Fargana Hoque,Nigar Sultana,MM Letsoalo,0,0,,,,,,,,,
1041523,2016/17,2017-01-18,Sheikh Kamal International Cricket Stadium,2,14.3,Bangladesh,South Africa,Fargana Hoque,Nigar Sultana,MM Letsoalo,1,0,,,,,,,,,
1041523,2016/17,2017-01-18,Sheikh Kamal International Cricket Stadium,2,14.4,Bangladesh,South Africa,Nigar Sultana,Fargana Hoque,MM Letsoalo,0,0,,,,,,,,,
1041523,2016/17,2017-01-18,Sheikh Kamal International Cricket Stadium,2,14.5,Bangladesh,South Africa,Nigar Sultana,Fargana Hoque,MM Letsoalo,0,0,,,,,,,,,
1041523,2016/17,2017-01-18,Sheikh Kamal International Cricket Stadium,2,14.6,Bangladesh,South Africa,Nigar Sultana,Fargana Hoque,MM Letsoalo,0,0,,,,,,,,,
1041523,2016/17,2017-01-18,Sheikh Kamal International Cricket Stadium,2,15.1,Bangladesh,South Africa,Fargana Hoque,Nigar Sultana,M Daniels,0,0,,,,,,,,,
1041523,2016/17,2017-01-18,Sheikh Kamal International Cricket Stadium,2,15.2,Bangladesh,South Africa,Fargana Hoque,Nigar Sultana,M Daniels,0,0,,,,,,,,,
1041523,2016/17,2017-01-18,Sheikh Kamal International Cricket Stadium,2,15.3,Bangladesh,South Africa,Fargana Hoque,Nigar Sultana,M Daniels,1,0,,,,,,,,,
1041523,2016/17,2017-01-18,Sheikh Kamal International Cricket Stadium,2,15.4,Bangladesh,South Africa,Nigar Sultana,Fargana Hoque,M Daniels,0,0,,,,,,,,,
1041523,2016/17,2017-01-18,Sheikh Kamal International Cricket Stadium,2,15.5,Bangladesh,South Africa,Nigar Sultana,Fargana Hoque,M Daniels,0,0,,,,,,,,,
1041523,2016/17,2017-01-18,Sheikh Kamal International Cricket Stadium,2,15.6,Bangladesh,South Africa,Nigar Sultana,Fargana Hoque,M Daniels,1,0,,,,,,,,,
1041523,2016/17,2017-01-18,Sheikh Kamal International Cricket Stadium,2,16.1,Bangladesh,South Africa,Nigar Sultana,Fargana Hoque,MM Letsoalo,0,0,,,,,,,,,
1041523,2016/17,2017-01-18,Sheikh Kamal International Cricket Stadium,2,16.2,Bangladesh,South Africa,Nigar Sultana,Fargana Hoque,MM Letsoalo,0,0,,,,,,,,,
1041523,2016/17,2017-01-18,Sheikh Kamal International Cricket Stadium,2,16.3,Bangladesh,South Africa,Nigar Sultana,Fargana Hoque,MM Letsoalo,0,0,,,,,,,,,
1041523,2016/17,2017-01-18,Sheikh Kamal International Cricket Stadium,2,16.4,Bangladesh,South Africa,Nigar Sultana,Fargana Hoque,MM Letsoalo,0,0,,,,,,,,,
1041523,2016/17,2017-01-18,Sheikh Kamal International Cricket Stadium,2,16.5,Bangladesh,South Africa,Nigar Sultana,Fargana Hoque,MM Letsoalo,1,0,,,,,,,,,
1041523,2016/17,2017-01-18,Sheikh Kamal International Cricket Stadium,2,16.6,Bangladesh,South Africa,Fargana Hoque,Nigar Sultana,MM Letsoalo,1,0,,,,,,,,,
1041523,2016/17,2017-01-18,Sheikh Kamal International Cricket Stadium,2,17.1,Bangladesh,South Africa,Fargana Hoque,Nigar Sultana,M Daniels,0,0,,,,,,,,,
1041523,2016/17,2017-01-18,Sheikh Kamal International Cricket Stadium,2,17.2,Bangladesh,South Africa,Fargana Hoque,Nigar Sultana,M Daniels,1,0,,,,,,,,,
1041523,2016/17,2017-01-18,Sheikh Kamal International Cricket Stadium,2,17.3,Bangladesh,South Africa,Nigar Sultana,Fargana Hoque,M Daniels,0,0,,,,,,,,,
1041523,2016/17,2017-01-18,Sheikh Kamal International Cricket Stadium,2,17.4,Bangladesh,South Africa,Nigar Sultana,Fargana Hoque,M Daniels,1,0,,,,,,,,,
1041523,2016/17,2017-01-18,Sheikh Kamal International Cricket Stadium,2,17.5,Bangladesh,South Africa,Fargana Hoque,Nigar Sultana,M Daniels,0,0,,,,,,,,,
1041523,2016/17,2017-01-18,Sheikh Kamal International Cricket Stadium,2,17.6,Bangladesh,South Africa,Fargana Hoque,Nigar Sultana,M Daniels,0,0,,,,,,,,,
1041523,2016/17,2017-01-18,Sheikh Kamal International Cricket Stadium,2,18.1,Bangladesh,South Africa,Nigar Sultana,Fargana Hoque,MM Letsoalo,0,0,,,,,,,,,
1041523,2016/17,2017-01-18,Sheikh Kamal International Cricket Stadium,2,18.2,Bangladesh,South Africa,Nigar Sultana,Fargana Hoque,MM Letsoalo,1,0,,,,,,,,,
1041523,2016/17,2017-01-18,Sheikh Kamal International Cricket Stadium,2,18.3,Bangladesh,South Africa,Fargana Hoque,Nigar Sultana,MM Letsoalo,1,0,,,,,,,,,
1041523,2016/17,2017-01-18,Sheikh Kamal International Cricket Stadium,2,18.4,Bangladesh,South Africa,Nigar Sultana,Fargana Hoque,MM Letsoalo,1,0,,,,,,,,,
1041523,2016/17,2017-01-18,Sheikh Kamal International Cricket Stadium,2,18.5,Bangladesh,South Africa,Fargana Hoque,Nigar Sultana,MM Letsoalo,0,0,,,,,,,,,
1041523,2016/17,2017-01-18,Sheikh Kamal International Cricket Stadium,2,18.6,Bangladesh,South Africa,Fargana Hoque,Nigar Sultana,MM Letsoalo,0,0,,,,,,,,,
1041523,2016/17,2017-01-18,Sheikh Kamal International Cricket Stadium,2,19.1,Bangladesh,South Africa,Nigar Sultana,Fargana Hoque,A Khaka,1,0,,,,,,,,,
1041523,2016/17,2017-01-18,Sheikh Kamal International Cricket Stadium,2,19.2,Bangladesh,South Africa,Fargana Hoque,Nigar Sultana,A Khaka,0,0,,,,,,,,,
1041523,2016/17,2017-01-18,Sheikh Kamal International Cricket Stadium,2,19.3,Bangladesh,South Africa,Fargana Hoque,Nigar Sultana,A Khaka,0,0,,,,,,,,,
1041523,2016/17,2017-01-18,Sheikh Kamal International Cricket Stadium,2,19.4,Bangladesh,South Africa,Fargana Hoque,Nigar Sultana,A Khaka,0,0,,,,,,run out,Nigar Sultana,,
1041523,2016/17,2017-01-18,Sheikh Kamal International Cricket Stadium,2,19.5,Bangladesh,South Africa,Fargana Hoque,Salma Khatun,A Khaka,0,0,,,,,,,,,
1041523,2016/17,2017-01-18,Sheikh Kamal International Cricket Stadium,2,19.6,Bangladesh,South Africa,Fargana Hoque,Salma Khatun,A Khaka,1,0,,,,,,,,,
1041523,2016/17,2017-01-18,Sheikh Kamal International Cricket Stadium,2,20.1,Bangladesh,South Africa,Fargana Hoque,Salma Khatun,MM Letsoalo,2,0,,,,,,,,,
1041523,2016/17,2017-01-18,Sheikh Kamal International Cricket Stadium,2,20.2,Bangladesh,South Africa,Fargana Hoque,Salma Khatun,MM Letsoalo,0,0,,,,,,,,,
1041523,2016/17,2017-01-18,Sheikh Kamal International Cricket Stadium,2,20.3,Bangladesh,South Africa,Fargana Hoque,Salma Khatun,MM Letsoalo,0,0,,,,,,,,,
1041523,2016/17,2017-01-18,Sheikh Kamal International Cricket Stadium,2,20.4,Bangladesh,South Africa,Fargana Hoque,Salma Khatun,MM Letsoalo,0,0,,,,,,,,,
1041523,2016/17,2017-01-18,Sheikh Kamal International Cricket Stadium,2,20.5,Bangladesh,South Africa,Fargana Hoque,Salma Khatun,MM Letsoalo,2,0,,,,,,,,,
1041523,2016/17,2017-01-18,Sheikh Kamal International Cricket Stadium,2,20.6,Bangladesh,South Africa,Fargana Hoque,Salma Khatun,MM Letsoalo,1,0,,,,,,,,,
1041523,2016/17,2017-01-18,Sheikh Kamal International Cricket Stadium,2,21.1,Bangladesh,South Africa,Fargana Hoque,Salma Khatun,A Khaka,0,0,,,,,,,,,
1041523,2016/17,2017-01-18,Sheikh Kamal International Cricket Stadium,2,21.2,Bangladesh,South Africa,Fargana Hoque,Salma Khatun,A Khaka,0,0,,,,,,,,,
1041523,2016/17,2017-01-18,Sheikh Kamal International Cricket Stadium,2,21.3,Bangladesh,South Africa,Fargana Hoque,Salma Khatun,A Khaka,1,0,,,,,,,,,
1041523,2016/17,2017-01-18,Sheikh Kamal International Cricket Stadium,2,21.4,Bangladesh,South Africa,Salma Khatun,Fargana Hoque,A Khaka,0,0,,,,,,,,,
1041523,2016/17,2017-01-18,Sheikh Kamal International Cricket Stadium,2,21.5,Bangladesh,South Africa,Salma Khatun,Fargana Hoque,A Khaka,0,0,,,,,,,,,
1041523,2016/17,2017-01-18,Sheikh Kamal International Cricket Stadium,2,21.6,Bangladesh,South Africa,Salma Khatun,Fargana Hoque,A Khaka,0,0,,,,,,,,,
1041523,2016/17,2017-01-18,Sheikh Kamal International Cricket Stadium,2,22.1,Bangladesh,South Africa,Fargana Hoque,Salma Khatun,S Luus,0,0,,,,,,,,,
1041523,2016/17,2017-01-18,Sheikh Kamal International Cricket Stadium,2,22.2,Bangladesh,South Africa,Fargana Hoque,Salma Khatun,S Luus,0,0,,,,,,,,,
1041523,2016/17,2017-01-18,Sheikh Kamal International Cricket Stadium,2,22.3,Bangladesh,South Africa,Fargana Hoque,Salma Khatun,S Luus,1,0,,,,,,,,,
1041523,2016/17,2017-01-18,Sheikh Kamal International Cricket Stadium,2,22.4,Bangladesh,South Africa,Salma Khatun,Fargana Hoque,S Luus,0,0,,,,,,,,,
1041523,2016/17,2017-01-18,Sheikh Kamal International Cricket Stadium,2,22.5,Bangladesh,South Africa,Salma Khatun,Fargana Hoque,S Luus,0,0,,,,,,,,,
1041523,2016/17,2017-01-18,Sheikh Kamal International Cricket Stadium,2,22.6,Bangladesh,South Africa,Salma Khatun,Fargana Hoque,S Luus,0,0,,,,,,,,,
1041523,2016/17,2017-01-18,Sheikh Kamal International Cricket Stadium,2,23.1,Bangladesh,South Africa,Fargana Hoque,Salma Khatun,D van Niekerk,0,0,,,,,,,,,
1041523,2016/17,2017-01-18,Sheikh Kamal International Cricket Stadium,2,23.2,Bangladesh,South Africa,Fargana Hoque,Salma Khatun,D van Niekerk,0,0,,,,,,,,,
1041523,2016/17,2017-01-18,Sheikh Kamal International Cricket Stadium,2,23.3,Bangladesh,South Africa,Fargana Hoque,Salma Khatun,D van Niekerk,0,0,,,,,,,,,
1041523,2016/17,2017-01-18,Sheikh Kamal International Cricket Stadium,2,23.4,Bangladesh,South Africa,Fargana Hoque,Salma Khatun,D van Niekerk,1,0,,,,,,,,,
1041523,2016/17,2017-01-18,Sheikh Kamal International Cricket Stadium,2,23.5,Bangladesh,South Africa,Salma Khatun,Fargana Hoque,D van Niekerk,0,0,,,,,,,,,
1041523,2016/17,2017-01-18,Sheikh Kamal International Cricket Stadium,2,23.6,Bangladesh,South Africa,Salma Khatun,Fargana Hoque,D van Niekerk,0,0,,,,,,,,,
1041523,2016/17,2017-01-18,Sheikh Kamal International Cricket Stadium,2,24.1,Bangladesh,South Africa,Fargana Hoque,Salma Khatun,S Luus,1,0,,,,,,,,,
1041523,2016/17,2017-01-18,Sheikh Kamal International Cricket Stadium,2,24.2,Bangladesh,South Africa,Salma Khatun,Fargana Hoque,S Luus,0,0,,,,,,,,,
1041523,2016/17,2017-01-18,Sheikh Kamal International Cricket Stadium,2,24.3,Bangladesh,South Africa,Salma Khatun,Fargana Hoque,S Luus,0,0,,,,,,,,,
1041523,2016/17,2017-01-18,Sheikh Kamal International Cricket Stadium,2,24.4,Bangladesh,South Africa,Salma Khatun,Fargana Hoque,S Luus,0,0,,,,,,,,,
1041523,2016/17,2017-01-18,Sheikh Kamal International Cricket Stadium,2,24.5,Bangladesh,South Africa,Salma Khatun,Fargana Hoque,S Luus,0,0,,,,,,,,,
1041523,2016/17,2017-01-18,Sheikh Kamal International Cricket Stadium,2,24.6,Bangladesh,South Africa,Salma Khatun,Fargana Hoque,S Luus,0,0,,,,,,,,,
1041523,2016/17,2017-01-18,Sheikh Kamal International Cricket Stadium,2,25.1,Bangladesh,South Africa,Fargana Hoque,Salma Khatun,D van Niekerk,0,0,,,,,,,,,
1041523,2016/17,2017-01-18,Sheikh Kamal International Cricket Stadium,2,25.2,Bangladesh,South Africa,Fargana Hoque,Salma Khatun,D van Niekerk,1,0,,,,,,,,,
1041523,2016/17,2017-01-18,Sheikh Kamal International Cricket Stadium,2,25.3,Bangladesh,South Africa,Salma Khatun,Fargana Hoque,D van Niekerk,1,0,,,,,,,,,
1041523,2016/17,2017-01-18,Sheikh Kamal International Cricket Stadium,2,25.4,Bangladesh,South Africa,Fargana Hoque,Salma Khatun,D van Niekerk,1,0,,,,,,,,,
1041523,2016/17,2017-01-18,Sheikh Kamal International Cricket Stadium,2,25.5,Bangladesh,South Africa,Salma Khatun,Fargana Hoque,D van Niekerk,0,0,,,,,,,,,
1041523,2016/17,2017-01-18,Sheikh Kamal International Cricket Stadium,2,25.6,Bangladesh,South Africa,Salma Khatun,Fargana Hoque,D van Niekerk,0,0,,,,,,,,,
1041523,2016/17,2017-01-18,Sheikh Kamal International Cricket Stadium,2,26.1,Bangladesh,South Africa,Fargana Hoque,Salma Khatun,S Luus,1,0,,,,,,,,,
1041523,2016/17,2017-01-18,Sheikh Kamal International Cricket Stadium,2,26.2,Bangladesh,South Africa,Salma Khatun,Fargana Hoque,S Luus,1,0,,,,,,,,,
1041523,2016/17,2017-01-18,Sheikh Kamal International Cricket Stadium,2,26.3,Bangladesh,South Africa,Fargana Hoque,Salma Khatun,S Luus,0,0,,,,,,,,,
1041523,2016/17,2017-01-18,Sheikh Kamal International Cricket Stadium,2,26.4,Bangladesh,South Africa,Fargana Hoque,Salma Khatun,S Luus,0,0,,,,,,,,,
1041523,2016/17,2017-01-18,Sheikh Kamal International Cricket Stadium,2,26.5,Bangladesh,South Africa,Fargana Hoque,Salma Khatun,S Luus,0,0,,,,,,,,,
1041523,2016/17,2017-01-18,Sheikh Kamal International Cricket Stadium,2,26.6,Bangladesh,South Africa,Fargana Hoque,Salma Khatun,S Luus,0,0,,,,,,,,,
1041523,2016/17,2017-01-18,Sheikh Kamal International Cricket Stadium,2,27.1,Bangladesh,South Africa,Salma Khatun,Fargana Hoque,D van Niekerk,0,0,,,,,,,,,
1041523,2016/17,2017-01-18,Sheikh Kamal International Cricket Stadium,2,27.2,Bangladesh,South Africa,Salma Khatun,Fargana Hoque,D van Niekerk,0,0,,,,,,,,,
1041523,2016/17,2017-01-18,Sheikh Kamal International Cricket Stadium,2,27.3,Bangladesh,South Africa,Salma Khatun,Fargana Hoque,D van Niekerk,2,0,,,,,,,,,
1041523,2016/17,2017-01-18,Sheikh Kamal International Cricket Stadium,2,27.4,Bangladesh,South Africa,Salma Khatun,Fargana Hoque,D van Niekerk,0,0,,,,,,,,,
1041523,2016/17,2017-01-18,Sheikh Kamal International Cricket Stadium,2,27.5,Bangladesh,South Africa,Salma Khatun,Fargana Hoque,D van Niekerk,0,0,,,,,,,,,
1041523,2016/17,2017-01-18,Sheikh Kamal International Cricket Stadium,2,27.6,Bangladesh,South Africa,Salma Khatun,Fargana Hoque,D van Niekerk,0,0,,,,,,,,,
1041523,2016/17,2017-01-18,Sheikh Kamal International Cricket Stadium,2,28.1,Bangladesh,South Africa,Fargana Hoque,Salma Khatun,S Luus,1,0,,,,,,,,,
1041523,2016/17,2017-01-18,Sheikh Kamal International Cricket Stadium,2,28.2,Bangladesh,South Africa,Salma Khatun,Fargana Hoque,S Luus,0,0,,,,,,,,,
1041523,2016/17,2017-01-18,Sheikh Kamal International Cricket Stadium,2,28.3,Bangladesh,South Africa,Salma Khatun,Fargana Hoque,S Luus,1,0,,,,,,,,,
1041523,2016/17,2017-01-18,Sheikh Kamal International Cricket Stadium,2,28.4,Bangladesh,South Africa,Fargana Hoque,Salma Khatun,S Luus,1,0,,,,,,,,,
1041523,2016/17,2017-01-18,Sheikh Kamal International Cricket Stadium,2,28.5,Bangladesh,South Africa,Salma Khatun,Fargana Hoque,S Luus,0,0,,,,,,,,,
1041523,2016/17,2017-01-18,Sheikh Kamal International Cricket Stadium,2,28.6,Bangladesh,South Africa,Salma Khatun,Fargana Hoque,S Luus,1,0,,,,,,,,,
1041523,2016/17,2017-01-18,Sheikh Kamal International Cricket Stadium,2,29.1,Bangladesh,South Africa,Salma Khatun,Fargana Hoque,D van Niekerk,0,0,,,,,,,,,
1041523,2016/17,2017-01-18,Sheikh Kamal International Cricket Stadium,2,29.2,Bangladesh,South Africa,Salma Khatun,Fargana Hoque,D van Niekerk,1,0,,,,,,,,,
1041523,2016/17,2017-01-18,Sheikh Kamal International Cricket Stadium,2,29.3,Bangladesh,South Africa,Fargana Hoque,Salma Khatun,D van Niekerk,0,0,,,,,,,,,
1041523,2016/17,2017-01-18,Sheikh Kamal International Cricket Stadium,2,29.4,Bangladesh,South Africa,Fargana Hoque,Salma Khatun,D van Niekerk,0,0,,,,,,,,,
1041523,2016/17,2017-01-18,Sheikh Kamal International Cricket Stadium,2,29.5,Bangladesh,South Africa,Fargana Hoque,Salma Khatun,D van Niekerk,0,0,,,,,,,,,
1041523,2016/17,2017-01-18,Sheikh Kamal International Cricket Stadium,2,29.6,Bangladesh,South Africa,Fargana Hoque,Salma Khatun,D van Niekerk,0,0,,,,,,,,,
1041523,2016/17,2017-01-18,Sheikh Kamal International Cricket Stadium,2,30.1,Bangladesh,South Africa,Salma Khatun,Fargana Hoque,S Luus,0,0,,,,,,,,,
1041523,2016/17,2017-01-18,Sheikh Kamal International Cricket Stadium,2,30.2,Bangladesh,South Africa,Salma Khatun,Fargana Hoque,S Luus,0,0,,,,,,,,,
1041523,2016/17,2017-01-18,Sheikh Kamal International Cricket Stadium,2,30.3,Bangladesh,South Africa,Salma Khatun,Fargana Hoque,S Luus,4,0,,,,,,,,,
1041523,2016/17,2017-01-18,Sheikh Kamal International Cricket Stadium,2,30.4,Bangladesh,South Africa,Salma Khatun,Fargana Hoque,S Luus,0,0,,,,,,,,,
1041523,2016/17,2017-01-18,Sheikh Kamal International Cricket Stadium,2,30.5,Bangladesh,South Africa,Salma Khatun,Fargana Hoque,S Luus,1,0,,,,,,,,,
1041523,2016/17,2017-01-18,Sheikh Kamal International Cricket Stadium,2,30.6,Bangladesh,South Africa,Fargana Hoque,Salma Khatun,S Luus,1,0,,,,,,,,,
1041523,2016/17,2017-01-18,Sheikh Kamal International Cricket Stadium,2,31.1,Bangladesh,South Africa,Fargana Hoque,Salma Khatun,D van Niekerk,0,0,,,,,,,,,
1041523,2016/17,2017-01-18,Sheikh Kamal International Cricket Stadium,2,31.2,Bangladesh,South Africa,Fargana Hoque,Salma Khatun,D van Niekerk,0,0,,,,,,,,,
1041523,2016/17,2017-01-18,Sheikh Kamal International Cricket Stadium,2,31.3,Bangladesh,South Africa,Fargana Hoque,Salma Khatun,D van Niekerk,0,0,,,,,,,,,
1041523,2016/17,2017-01-18,Sheikh Kamal International Cricket Stadium,2,31.4,Bangladesh,South Africa,Fargana Hoque,Salma Khatun,D van Niekerk,0,0,,,,,,,,,
1041523,2016/17,2017-01-18,Sheikh Kamal International Cricket Stadium,2,31.5,Bangladesh,South Africa,Fargana Hoque,Salma Khatun,D van Niekerk,2,0,,,,,,,,,
1041523,2016/17,2017-01-18,Sheikh Kamal International Cricket Stadium,2,31.6,Bangladesh,South Africa,Fargana Hoque,Salma Khatun,D van Niekerk,0,1,,,1,,,,,,
1041523,2016/17,2017-01-18,Sheikh Kamal International Cricket Stadium,2,32.1,Bangladesh,South Africa,Fargana Hoque,Salma Khatun,S Luus,0,0,,,,,,,,,
1041523,2016/17,2017-01-18,Sheikh Kamal International Cricket Stadium,2,32.2,Bangladesh,South Africa,Fargana Hoque,Salma Khatun,S Luus,1,0,,,,,,,,,
1041523,2016/17,2017-01-18,Sheikh Kamal International Cricket Stadium,2,32.3,Bangladesh,South Africa,Salma Khatun,Fargana Hoque,S Luus,0,1,,,1,,,,,,
1041523,2016/17,2017-01-18,Sheikh Kamal International Cricket Stadium,2,32.4,Bangladesh,South Africa,Fargana Hoque,Salma Khatun,S Luus,0,0,,,,,,,,,
1041523,2016/17,2017-01-18,Sheikh Kamal International Cricket Stadium,2,32.5,Bangladesh,South Africa,Fargana Hoque,Salma Khatun,S Luus,0,0,,,,,,,,,
1041523,2016/17,2017-01-18,Sheikh Kamal International Cricket Stadium,2,32.6,Bangladesh,South Africa,Fargana Hoque,Salma Khatun,S Luus,1,0,,,,,,,,,
1041523,2016/17,2017-01-18,Sheikh Kamal International Cricket Stadium,2,33.1,Bangladesh,South Africa,Fargana Hoque,Salma Khatun,M Daniels,0,0,,,,,,,,,
1041523,2016/17,2017-01-18,Sheikh Kamal International Cricket Stadium,2,33.2,Bangladesh,South Africa,Fargana Hoque,Salma Khatun,M Daniels,0,1,,,,1,,,,,
1041523,2016/17,2017-01-18,Sheikh Kamal International Cricket Stadium,2,33.3,Bangladesh,South Africa,Salma Khatun,Fargana Hoque,M Daniels,0,0,,,,,,,,,
1041523,2016/17,2017-01-18,Sheikh Kamal International Cricket Stadium,2,33.4,Bangladesh,South Africa,Salma Khatun,Fargana Hoque,M Daniels,0,0,,,,,,,,,
1041523,2016/17,2017-01-18,Sheikh Kamal International Cricket Stadium,2,33.5,Bangladesh,South Africa,Salma Khatun,Fargana Hoque,M Daniels,1,0,,,,,,,,,
1041523,2016/17,2017-01-18,Sheikh Kamal International Cricket Stadium,2,33.6,Bangladesh,South Africa,Fargana Hoque,Salma Khatun,M Daniels,4,0,,,,,,,,,
1041523,2016/17,2017-01-18,Sheikh Kamal International Cricket Stadium,2,34.1,Bangladesh,South Africa,Salma Khatun,Fargana Hoque,S Luus,3,0,,,,,,,,,
1041523,2016/17,2017-01-18,Sheikh Kamal International Cricket Stadium,2,34.2,Bangladesh,South Africa,Fargana Hoque,Salma Khatun,S Luus,0,0,,,,,,,,,
1041523,2016/17,2017-01-18,Sheikh Kamal International Cricket Stadium,2,34.3,Bangladesh,South Africa,Fargana Hoque,Salma Khatun,S Luus,1,0,,,,,,,,,
1041523,2016/17,2017-01-18,Sheikh Kamal International Cricket Stadium,2,34.4,Bangladesh,South Africa,Salma Khatun,Fargana Hoque,S Luus,0,0,,,,,,,,,
1041523,2016/17,2017-01-18,Sheikh Kamal International Cricket Stadium,2,34.5,Bangladesh,South Africa,Salma Khatun,Fargana Hoque,S Luus,1,0,,,,,,,,,
1041523,2016/17,2017-01-18,Sheikh Kamal International Cricket Stadium,2,34.6,Bangladesh,South Africa,Fargana Hoque,Salma Khatun,S Luus,4,0,,,,,,,,,
1041523,2016/17,2017-01-18,Sheikh Kamal International Cricket Stadium,2,35.1,Bangladesh,South Africa,Salma Khatun,Fargana Hoque,M Daniels,0,0,,,,,,,,,
1041523,2016/17,2017-01-18,Sheikh Kamal International Cricket Stadium,2,35.2,Bangladesh,South Africa,Salma Khatun,Fargana Hoque,M Daniels,0,0,,,,,,,,,
1041523,2016/17,2017-01-18,Sheikh Kamal International Cricket Stadium,2,35.3,Bangladesh,South Africa,Salma Khatun,Fargana Hoque,M Daniels,0,0,,,,,,,,,
1041523,2016/17,2017-01-18,Sheikh Kamal International Cricket Stadium,2,35.4,Bangladesh,South Africa,Salma Khatun,Fargana Hoque,M Daniels,0,0,,,,,,,,,
1041523,2016/17,2017-01-18,Sheikh Kamal International Cricket Stadium,2,35.5,Bangladesh,South Africa,Salma Khatun,Fargana Hoque,M Daniels,0,0,,,,,,,,,
1041523,2016/17,2017-01-18,Sheikh Kamal International Cricket Stadium,2,35.6,Bangladesh,South Africa,Salma Khatun,Fargana Hoque,M Daniels,0,0,,,,,,,,,
1041523,2016/17,2017-01-18,Sheikh Kamal International Cricket Stadium,2,36.1,Bangladesh,South Africa,Fargana Hoque,Salma Khatun,S Luus,2,0,,,,,,,,,
1041523,2016/17,2017-01-18,Sheikh Kamal International Cricket Stadium,2,36.2,Bangladesh,South Africa,Fargana Hoque,Salma Khatun,S Luus,0,0,,,,,,,,,
1041523,2016/17,2017-01-18,Sheikh Kamal International Cricket Stadium,2,36.3,Bangladesh,South Africa,Fargana Hoque,Salma Khatun,S Luus,0,0,,,,,,,,,
1041523,2016/17,2017-01-18,Sheikh Kamal International Cricket Stadium,2,36.4,Bangladesh,South Africa,Fargana Hoque,Salma Khatun,S Luus,1,0,,,,,,,,,
1041523,2016/17,2017-01-18,Sheikh Kamal International Cricket Stadium,2,36.5,Bangladesh,South Africa,Salma Khatun,Fargana Hoque,S Luus,1,0,,,,,,,,,
1041523,2016/17,2017-01-18,Sheikh Kamal International Cricket Stadium,2,36.6,Bangladesh,South Africa,Fargana Hoque,Salma Khatun,S Luus,0,0,,,,,,,,,
1041523,2016/17,2017-01-18,Sheikh Kamal International Cricket Stadium,2,37.1,Bangladesh,South Africa,Salma Khatun,Fargana Hoque,M Daniels,0,0,,,,,,,,,
1041523,2016/17,2017-01-18,Sheikh Kamal International Cricket Stadium,2,37.2,Bangladesh,South Africa,Salma Khatun,Fargana Hoque,M Daniels,0,0,,,,,,,,,
1041523,2016/17,2017-01-18,Sheikh Kamal International Cricket Stadium,2,37.3,Bangladesh,South Africa,Salma Khatun,Fargana Hoque,M Daniels,0,0,,,,,,,,,
1041523,2016/17,2017-01-18,Sheikh Kamal International Cricket Stadium,2,37.4,Bangladesh,South Africa,Salma Khatun,Fargana Hoque,M Daniels,0,0,,,,,,,,,
1041523,2016/17,2017-01-18,Sheikh Kamal International Cricket Stadium,2,37.5,Bangladesh,South Africa,Salma Khatun,Fargana Hoque,M Daniels,1,0,,,,,,,,,
1041523,2016/17,2017-01-18,Sheikh Kamal International Cricket Stadium,2,37.6,Bangladesh,South Africa,Fargana Hoque,Salma Khatun,M Daniels,0,1,,,,1,,,,,
1041523,2016/17,2017-01-18,Sheikh Kamal International Cricket Stadium,2,38.1,Bangladesh,South Africa,Fargana Hoque,Salma Khatun,S Luus,1,0,,,,,,,,,
1041523,2016/17,2017-01-18,Sheikh Kamal International Cricket Stadium,2,38.2,Bangladesh,South Africa,Salma Khatun,Fargana Hoque,S Luus,1,0,,,,,,,,,
1041523,2016/17,2017-01-18,Sheikh Kamal International Cricket Stadium,2,38.3,Bangladesh,South Africa,Fargana Hoque,Salma Khatun,S Luus,1,0,,,,,,,,,
1041523,2016/17,2017-01-18,Sheikh Kamal International Cricket Stadium,2,38.4,Bangladesh,South Africa,Salma Khatun,Fargana Hoque,S Luus,4,0,,,,,,,,,
1041523,2016/17,2017-01-18,Sheikh Kamal International Cricket Stadium,2,38.5,Bangladesh,South Africa,Salma Khatun,Fargana Hoque,S Luus,1,0,,,,,,,,,
1041523,2016/17,2017-01-18,Sheikh Kamal International Cricket Stadium,2,38.6,Bangladesh,South Africa,Fargana Hoque,Salma Khatun,S Luus,0,0,,,,,,,,,
1041523,2016/17,2017-01-18,Sheikh Kamal International Cricket Stadium,2,39.1,Bangladesh,South Africa,Salma Khatun,Fargana Hoque,M Daniels,0,0,,,,,,,,,
1041523,2016/17,2017-01-18,Sheikh Kamal International Cricket Stadium,2,39.2,Bangladesh,South Africa,Salma Khatun,Fargana Hoque,M Daniels,1,0,,,,,,,,,
1041523,2016/17,2017-01-18,Sheikh Kamal International Cricket Stadium,2,39.3,Bangladesh,South Africa,Fargana Hoque,Salma Khatun,M Daniels,0,0,,,,,,,,,
1041523,2016/17,2017-01-18,Sheikh Kamal International Cricket Stadium,2,39.4,Bangladesh,South Africa,Fargana Hoque,Salma Khatun,M Daniels,1,0,,,,,,,,,
1041523,2016/17,2017-01-18,Sheikh Kamal International Cricket Stadium,2,39.5,Bangladesh,South Africa,Salma Khatun,Fargana Hoque,M Daniels,1,0,,,,,,,,,
1041523,2016/17,2017-01-18,Sheikh Kamal International Cricket Stadium,2,39.6,Bangladesh,South Africa,Fargana Hoque,Salma Khatun,M Daniels,0,0,,,,,,,,,
1041523,2016/17,2017-01-18,Sheikh Kamal International Cricket Stadium,2,40.1,Bangladesh,South Africa,Salma Khatun,Fargana Hoque,S Luus,2,0,,,,,,,,,
1041523,2016/17,2017-01-18,Sheikh Kamal International Cricket Stadium,2,40.2,Bangladesh,South Africa,Salma Khatun,Fargana Hoque,S Luus,0,0,,,,,,,,,
1041523,2016/17,2017-01-18,Sheikh Kamal International Cricket Stadium,2,40.3,Bangladesh,South Africa,Salma Khatun,Fargana Hoque,S Luus,1,0,,,,,,,,,
1041523,2016/17,2017-01-18,Sheikh Kamal International Cricket Stadium,2,40.4,Bangladesh,South Africa,Fargana Hoque,Salma Khatun,S Luus,0,0,,,,,,,,,
1041523,2016/17,2017-01-18,Sheikh Kamal International Cricket Stadium,2,40.5,Bangladesh,South Africa,Fargana Hoque,Salma Khatun,S Luus,1,0,,,,,,,,,
1041523,2016/17,2017-01-18,Sheikh Kamal International Cricket Stadium,2,40.6,Bangladesh,South Africa,Salma Khatun,Fargana Hoque,S Luus,0,1,,,,1,,,,,
1041523,2016/17,2017-01-18,Sheikh Kamal International Cricket Stadium,2,41.1,Bangladesh,South Africa,Salma Khatun,Fargana Hoque,A Khaka,0,0,,,,,,bowled,Salma Khatun,,
1041523,2016/17,2017-01-18,Sheikh Kamal International Cricket Stadium,2,41.2,Bangladesh,South Africa,Shaila Sharmin,Fargana Hoque,A Khaka,0,0,,,,,,,,,
1041523,2016/17,2017-01-18,Sheikh Kamal International Cricket Stadium,2,41.3,Bangladesh,South Africa,Shaila Sharmin,Fargana Hoque,A Khaka,0,0,,,,,,,,,
1041523,2016/17,2017-01-18,Sheikh Kamal International Cricket Stadium,2,41.4,Bangladesh,South Africa,Shaila Sharmin,Fargana Hoque,A Khaka,0,0,,,,,,,,,
1041523,2016/17,2017-01-18,Sheikh Kamal International Cricket Stadium,2,41.5,Bangladesh,South Africa,Shaila Sharmin,Fargana Hoque,A Khaka,1,0,,,,,,,,,
1041523,2016/17,2017-01-18,Sheikh Kamal International Cricket Stadium,2,41.6,Bangladesh,South Africa,Fargana Hoque,Shaila Sharmin,A Khaka,1,0,,,,,,,,,
1041523,2016/17,2017-01-18,Sheikh Kamal International Cricket Stadium,2,42.1,Bangladesh,South Africa,Fargana Hoque,Shaila Sharmin,MM Letsoalo,0,0,,,,,,,,,
1041523,2016/17,2017-01-18,Sheikh Kamal International Cricket Stadium,2,42.2,Bangladesh,South Africa,Fargana Hoque,Shaila Sharmin,MM Letsoalo,0,0,,,,,,,,,
1041523,2016/17,2017-01-18,Sheikh Kamal International Cricket Stadium,2,42.3,Bangladesh,South Africa,Fargana Hoque,Shaila Sharmin,MM Letsoalo,1,0,,,,,,,,,
1041523,2016/17,2017-01-18,Sheikh Kamal International Cricket Stadium,2,42.4,Bangladesh,South Africa,Shaila Sharmin,Fargana Hoque,MM Letsoalo,4,0,,,,,,,,,
1041523,2016/17,2017-01-18,Sheikh Kamal International Cricket Stadium,2,42.5,Bangladesh,South Africa,Shaila Sharmin,Fargana Hoque,MM Letsoalo,0,0,,,,,,,,,
1041523,2016/17,2017-01-18,Sheikh Kamal International Cricket Stadium,2,42.6,Bangladesh,South Africa,Shaila Sharmin,Fargana Hoque,MM Letsoalo,4,0,,,,,,,,,
1041523,2016/17,2017-01-18,Sheikh Kamal International Cricket Stadium,2,43.1,Bangladesh,South Africa,Fargana Hoque,Shaila Sharmin,A Khaka,0,0,,,,,,,,,
1041523,2016/17,2017-01-18,Sheikh Kamal International Cricket Stadium,2,43.2,Bangladesh,South Africa,Fargana Hoque,Shaila Sharmin,A Khaka,1,0,,,,,,,,,
1041523,2016/17,2017-01-18,Sheikh Kamal International Cricket Stadium,2,43.3,Bangladesh,South Africa,Shaila Sharmin,Fargana Hoque,A Khaka,1,0,,,,,,,,,
1041523,2016/17,2017-01-18,Sheikh Kamal International Cricket Stadium,2,43.4,Bangladesh,South Africa,Fargana Hoque,Shaila Sharmin,A Khaka,0,0,,,,,,,,,
1041523,2016/17,2017-01-18,Sheikh Kamal International Cricket Stadium,2,43.5,Bangladesh,South Africa,Fargana Hoque,Shaila Sharmin,A Khaka,0,0,,,,,,,,,
1041523,2016/17,2017-01-18,Sheikh Kamal International Cricket Stadium,2,43.6,Bangladesh,South Africa,Fargana Hoque,Shaila Sharmin,A Khaka,0,0,,,,,,,,,
1041523,2016/17,2017-01-18,Sheikh Kamal International Cricket Stadium,2,44.1,Bangladesh,South Africa,Shaila Sharmin,Fargana Hoque,MM Letsoalo,4,0,,,,,,,,,
1041523,2016/17,2017-01-18,Sheikh Kamal International Cricket Stadium,2,44.2,Bangladesh,South Africa,Shaila Sharmin,Fargana Hoque,MM Letsoalo,1,0,,,,,,,,,
1041523,2016/17,2017-01-18,Sheikh Kamal International Cricket Stadium,2,44.3,Bangladesh,South Africa,Fargana Hoque,Shaila Sharmin,MM Letsoalo,2,0,,,,,,,,,
1041523,2016/17,2017-01-18,Sheikh Kamal International Cricket Stadium,2,44.4,Bangladesh,South Africa,Fargana Hoque,Shaila Sharmin,MM Letsoalo,0,0,,,,,,,,,
1041523,2016/17,2017-01-18,Sheikh Kamal International Cricket Stadium,2,44.5,Bangladesh,South Africa,Fargana Hoque,Shaila Sharmin,MM Letsoalo,4,0,,,,,,,,,
1041523,2016/17,2017-01-18,Sheikh Kamal International Cricket Stadium,2,44.6,Bangladesh,South Africa,Fargana Hoque,Shaila Sharmin,MM Letsoalo,1,0,,,,,,,,,
1041523,2016/17,2017-01-18,Sheikh Kamal International Cricket Stadium,2,45.1,Bangladesh,South Africa,Fargana Hoque,Shaila Sharmin,A Khaka,1,0,,,,,,,,,
1041523,2016/17,2017-01-18,Sheikh Kamal International Cricket Stadium,2,45.2,Bangladesh,South Africa,Shaila Sharmin,Fargana Hoque,A Khaka,0,0,,,,,,bowled,Shaila Sharmin,,
1041523,2016/17,2017-01-18,Sheikh Kamal International Cricket Stadium,2,45.3,Bangladesh,South Africa,Jahanara Alam,Fargana Hoque,A Khaka,1,0,,,,,,,,,
1041523,2016/17,2017-01-18,Sheikh Kamal International Cricket Stadium,2,45.4,Bangladesh,South Africa,Fargana Hoque,Jahanara Alam,A Khaka,0,0,,,,,,,,,
1041523,2016/17,2017-01-18,Sheikh Kamal International Cricket Stadium,2,45.5,Bangladesh,South Africa,Fargana Hoque,Jahanara Alam,A Khaka,1,0,,,,,,,,,
1041523,2016/17,2017-01-18,Sheikh Kamal International Cricket Stadium,2,45.6,Bangladesh,South Africa,Jahanara Alam,Fargana Hoque,A Khaka,1,0,,,,,,,,,
1041523,2016/17,2017-01-18,Sheikh Kamal International Cricket Stadium,2,46.1,Bangladesh,South Africa,Jahanara Alam,Fargana Hoque,MM Letsoalo,1,0,,,,,,,,,
1041523,2016/17,2017-01-18,Sheikh Kamal International Cricket Stadium,2,46.2,Bangladesh,South Africa,Fargana Hoque,Jahanara Alam,MM Letsoalo,1,0,,,,,,,,,
1041523,2016/17,2017-01-18,Sheikh Kamal International Cricket Stadium,2,46.3,Bangladesh,South Africa,Jahanara Alam,Fargana Hoque,MM Letsoalo,0,0,,,,,,caught,Jahanara Alam,,
1041523,2016/17,2017-01-18,Sheikh Kamal International Cricket Stadium,2,46.4,Bangladesh,South Africa,Fargana Hoque,Nahida Akter,MM Letsoalo,0,0,,,,,,,,,
1041523,2016/17,2017-01-18,Sheikh Kamal International Cricket Stadium,2,46.5,Bangladesh,South Africa,Fargana Hoque,Nahida Akter,MM Letsoalo,0,0,,,,,,,,,
1041523,2016/17,2017-01-18,Sheikh Kamal International Cricket Stadium,2,46.6,Bangladesh,South Africa,Fargana Hoque,Nahida Akter,MM Letsoalo,4,0,,,,,,,,,
1041523,2016/17,2017-01-18,Sheikh Kamal International Cricket Stadium,2,47.1,Bangladesh,South Africa,Nahida Akter,Fargana Hoque,A Khaka,1,0,,,,,,,,,
1041523,2016/17,2017-01-18,Sheikh Kamal International Cricket Stadium,2,47.2,Bangladesh,South Africa,Fargana Hoque,Nahida Akter,A Khaka,1,0,,,,,,,,,
1041523,2016/17,2017-01-18,Sheikh Kamal International Cricket Stadium,2,47.3,Bangladesh,South Africa,Nahida Akter,Fargana Hoque,A Khaka,1,0,,,,,,,,,
1041523,2016/17,2017-01-18,Sheikh Kamal International Cricket Stadium,2,47.4,Bangladesh,South Africa,Fargana Hoque,Nahida Akter,A Khaka,0,0,,,,,,,,,
1041523,2016/17,2017-01-18,Sheikh Kamal International Cricket Stadium,2,47.5,Bangladesh,South Africa,Fargana Hoque,Nahida Akter,A Khaka,0,0,,,,,,run out,Nahida Akter,,
1041523,2016/17,2017-01-18,Sheikh Kamal International Cricket Stadium,2,47.6,Bangladesh,South Africa,Fargana Hoque,Panna Ghosh,A Khaka,1,0,,,,,,,,,
1041523,2016/17,2017-01-18,Sheikh Kamal International Cricket Stadium,2,48.1,Bangladesh,South Africa,Fargana Hoque,Panna Ghosh,MM Letsoalo,0,0,,,,,,,,,
1041523,2016/17,2017-01-18,Sheikh Kamal International Cricket Stadium,2,48.2,Bangladesh,South Africa,Fargana Hoque,Panna Ghosh,MM Letsoalo,0,0,,,,,,bowled,Fargana Hoque,,
1041523,2016/17,2017-01-18,Sheikh Kamal International Cricket Stadium,2,48.3,Bangladesh,South Africa,Khadija Tul Kubra,Panna Ghosh,MM Letsoalo,0,0,,,,,,,,,
1041523,2016/17,2017-01-18,Sheikh Kamal International Cricket Stadium,2,48.4,Bangladesh,South Africa,Khadija Tul Kubra,Panna Ghosh,MM Letsoalo,0,0,,,,,,,,,
1041523,2016/17,2017-01-18,Sheikh Kamal International Cricket Stadium,2,48.5,Bangladesh,South Africa,Khadija Tul Kubra,Panna Ghosh,MM Letsoalo,1,0,,,,,,,,,
1041523,2016/17,2017-01-18,Sheikh Kamal International Cricket Stadium,2,48.6,Bangladesh,South Africa,Panna Ghosh,Khadija Tul Kubra,MM Letsoalo,0,0,,,,,,,,,
1041523,2016/17,2017-01-18,Sheikh Kamal International Cricket Stadium,2,49.1,Bangladesh,South Africa,Khadija Tul Kubra,Panna Ghosh,A Khaka,1,0,,,,,,,,,
1041523,2016/17,2017-01-18,Sheikh Kamal International Cricket Stadium,2,49.2,Bangladesh,South Africa,Panna Ghosh,Khadija Tul Kubra,A Khaka,0,0,,,,,,,,,
1041523,2016/17,2017-01-18,Sheikh Kamal International Cricket Stadium,2,49.3,Bangladesh,South Africa,Panna Ghosh,Khadija Tul Kubra,A Khaka,1,0,,,,,,,,,
1041523,2016/17,2017-01-18,Sheikh Kamal International Cricket Stadium,2,49.4,Bangladesh,South Africa,Khadija Tul Kubra,Panna Ghosh,A Khaka,1,0,,,,,,,,,
1041523,2016/17,2017-01-18,Sheikh Kamal International Cricket Stadium,2,49.5,Bangladesh,South Africa,Panna Ghosh,Khadija Tul Kubra,A Khaka,2,0,,,,,,,,,
1041523,2016/17,2017-01-18,Sheikh Kamal International Cricket Stadium,2,49.6,Bangladesh,South Africa,Panna Ghosh,Khadija Tul Kubra,A Khaka,0,0,,,,,,lbw,Panna Ghosh,,
