match_id,season,start_date,venue,innings,ball,batting_team,bowling_team,striker,non_striker,bowler,runs_off_bat,extras,wides,noballs,byes,legbyes,penalty,wicket_type,player_dismissed,other_wicket_type,other_player_dismissed
1044209,2016,2016-09-25,Khettarama Stadium,1,0.1,Australia,Sri Lanka,NE Bolton,EJ Villani,KDU Prabodhani,0,0,,,,,,,,,
1044209,2016,2016-09-25,Khettarama Stadium,1,0.2,Australia,Sri Lanka,NE Bolton,EJ Villani,KDU Prabodhani,0,0,,,,,,,,,
1044209,2016,2016-09-25,Khettarama Stadium,1,0.3,Australia,Sri Lanka,NE Bolton,EJ Villani,KDU Prabodhani,0,0,,,,,,,,,
1044209,2016,2016-09-25,Khettarama Stadium,1,0.4,Australia,Sri Lanka,NE Bolton,EJ Villani,KDU Prabodhani,1,0,,,,,,,,,
1044209,2016,2016-09-25,Khettarama Stadium,1,0.5,Australia,Sri Lanka,EJ Villani,NE Bolton,KDU Prabodhani,0,0,,,,,,,,,
1044209,2016,2016-09-25,Khettarama Stadium,1,0.6,Australia,Sri Lanka,EJ Villani,NE Bolton,KDU Prabodhani,0,0,,,,,,,,,
1044209,2016,2016-09-25,Khettarama Stadium,1,1.1,Australia,Sri Lanka,NE Bolton,EJ Villani,LE Kaushalya,4,0,,,,,,,,,
1044209,2016,2016-09-25,Khettarama Stadium,1,1.2,Australia,Sri Lanka,NE Bolton,EJ Villani,LE Kaushalya,0,0,,,,,,,,,
1044209,2016,2016-09-25,Khettarama Stadium,1,1.3,Australia,Sri Lanka,NE Bolton,EJ Villani,LE Kaushalya,1,0,,,,,,,,,
1044209,2016,2016-09-25,Khettarama Stadium,1,1.4,Australia,Sri Lanka,EJ Villani,NE Bolton,LE Kaushalya,4,0,,,,,,,,,
1044209,2016,2016-09-25,Khettarama Stadium,1,1.5,Australia,Sri Lanka,EJ Villani,NE Bolton,LE Kaushalya,1,0,,,,,,,,,
1044209,2016,2016-09-25,Khettarama Stadium,1,1.6,Australia,Sri Lanka,NE Bolton,EJ Villani,LE Kaushalya,4,0,,,,,,,,,
1044209,2016,2016-09-25,Khettarama Stadium,1,2.1,Australia,Sri Lanka,EJ Villani,NE Bolton,KDU Prabodhani,0,0,,,,,,,,,
1044209,2016,2016-09-25,Khettarama Stadium,1,2.2,Australia,Sri Lanka,EJ Villani,NE Bolton,KDU Prabodhani,0,0,,,,,,,,,
1044209,2016,2016-09-25,Khettarama Stadium,1,2.3,Australia,Sri Lanka,EJ Villani,NE Bolton,KDU Prabodhani,0,1,,,,1,,,,,
1044209,2016,2016-09-25,Khettarama Stadium,1,2.4,Australia,Sri Lanka,NE Bolton,EJ Villani,KDU Prabodhani,0,0,,,,,,,,,
1044209,2016,2016-09-25,Khettarama Stadium,1,2.5,Australia,Sri Lanka,NE Bolton,EJ Villani,KDU Prabodhani,0,0,,,,,,,,,
1044209,2016,2016-09-25,Khettarama Stadium,1,2.6,Australia,Sri Lanka,NE Bolton,EJ Villani,KDU Prabodhani,1,0,,,,,,,,,
1044209,2016,2016-09-25,Khettarama Stadium,1,3.1,Australia,Sri Lanka,NE Bolton,EJ Villani,LE Kaushalya,0,0,,,,,,,,,
1044209,2016,2016-09-25,Khettarama Stadium,1,3.2,Australia,Sri Lanka,NE Bolton,EJ Villani,LE Kaushalya,1,0,,,,,,,,,
1044209,2016,2016-09-25,Khettarama Stadium,1,3.3,Australia,Sri Lanka,EJ Villani,NE Bolton,LE Kaushalya,0,0,,,,,,,,,
1044209,2016,2016-09-25,Khettarama Stadium,1,3.4,Australia,Sri Lanka,EJ Villani,NE Bolton,LE Kaushalya,0,0,,,,,,,,,
1044209,2016,2016-09-25,Khettarama Stadium,1,3.5,Australia,Sri Lanka,EJ Villani,NE Bolton,LE Kaushalya,0,0,,,,,,,,,
1044209,2016,2016-09-25,Khettarama Stadium,1,3.6,Australia,Sri Lanka,EJ Villani,NE Bolton,LE Kaushalya,2,0,,,,,,,,,
1044209,2016,2016-09-25,Khettarama Stadium,1,4.1,Australia,Sri Lanka,NE Bolton,EJ Villani,KDU Prabodhani,1,0,,,,,,,,,
1044209,2016,2016-09-25,Khettarama Stadium,1,4.2,Australia,Sri Lanka,EJ Villani,NE Bolton,KDU Prabodhani,0,0,,,,,,,,,
1044209,2016,2016-09-25,Khettarama Stadium,1,4.3,Australia,Sri Lanka,EJ Villani,NE Bolton,KDU Prabodhani,0,0,,,,,,,,,
1044209,2016,2016-09-25,Khettarama Stadium,1,4.4,Australia,Sri Lanka,EJ Villani,NE Bolton,KDU Prabodhani,0,0,,,,,,,,,
1044209,2016,2016-09-25,Khettarama Stadium,1,4.5,Australia,Sri Lanka,EJ Villani,NE Bolton,KDU Prabodhani,0,0,,,,,,,,,
1044209,2016,2016-09-25,Khettarama Stadium,1,4.6,Australia,Sri Lanka,EJ Villani,NE Bolton,KDU Prabodhani,0,0,,,,,,,,,
1044209,2016,2016-09-25,Khettarama Stadium,1,5.1,Australia,Sri Lanka,NE Bolton,EJ Villani,LE Kaushalya,4,0,,,,,,,,,
1044209,2016,2016-09-25,Khettarama Stadium,1,5.2,Australia,Sri Lanka,NE Bolton,EJ Villani,LE Kaushalya,0,0,,,,,,,,,
1044209,2016,2016-09-25,Khettarama Stadium,1,5.3,Australia,Sri Lanka,NE Bolton,EJ Villani,LE Kaushalya,0,0,,,,,,,,,
1044209,2016,2016-09-25,Khettarama Stadium,1,5.4,Australia,Sri Lanka,NE Bolton,EJ Villani,LE Kaushalya,0,0,,,,,,,,,
1044209,2016,2016-09-25,Khettarama Stadium,1,5.5,Australia,Sri Lanka,NE Bolton,EJ Villani,LE Kaushalya,0,0,,,,,,,,,
1044209,2016,2016-09-25,Khettarama Stadium,1,5.6,Australia,Sri Lanka,NE Bolton,EJ Villani,LE Kaushalya,0,0,,,,,,,,,
1044209,2016,2016-09-25,Khettarama Stadium,1,6.1,Australia,Sri Lanka,EJ Villani,NE Bolton,KDU Prabodhani,4,0,,,,,,,,,
1044209,2016,2016-09-25,Khettarama Stadium,1,6.2,Australia,Sri Lanka,EJ Villani,NE Bolton,KDU Prabodhani,0,0,,,,,,,,,
1044209,2016,2016-09-25,Khettarama Stadium,1,6.3,Australia,Sri Lanka,EJ Villani,NE Bolton,KDU Prabodhani,1,0,,,,,,,,,
1044209,2016,2016-09-25,Khettarama Stadium,1,6.4,Australia,Sri Lanka,NE Bolton,EJ Villani,KDU Prabodhani,0,0,,,,,,,,,
1044209,2016,2016-09-25,Khettarama Stadium,1,6.5,Australia,Sri Lanka,NE Bolton,EJ Villani,KDU Prabodhani,0,0,,,,,,,,,
1044209,2016,2016-09-25,Khettarama Stadium,1,6.6,Australia,Sri Lanka,NE Bolton,EJ Villani,KDU Prabodhani,0,0,,,,,,,,,
1044209,2016,2016-09-25,Khettarama Stadium,1,7.1,Australia,Sri Lanka,EJ Villani,NE Bolton,KADA Kanchana,1,0,,,,,,,,,
1044209,2016,2016-09-25,Khettarama Stadium,1,7.2,Australia,Sri Lanka,NE Bolton,EJ Villani,KADA Kanchana,1,0,,,,,,,,,
1044209,2016,2016-09-25,Khettarama Stadium,1,7.3,Australia,Sri Lanka,EJ Villani,NE Bolton,KADA Kanchana,1,0,,,,,,,,,
1044209,2016,2016-09-25,Khettarama Stadium,1,7.4,Australia,Sri Lanka,NE Bolton,EJ Villani,KADA Kanchana,0,0,,,,,,,,,
1044209,2016,2016-09-25,Khettarama Stadium,1,7.5,Australia,Sri Lanka,NE Bolton,EJ Villani,KADA Kanchana,0,0,,,,,,,,,
1044209,2016,2016-09-25,Khettarama Stadium,1,7.6,Australia,Sri Lanka,NE Bolton,EJ Villani,KADA Kanchana,1,0,,,,,,,,,
1044209,2016,2016-09-25,Khettarama Stadium,1,8.1,Australia,Sri Lanka,NE Bolton,EJ Villani,KDU Prabodhani,2,0,,,,,,,,,
1044209,2016,2016-09-25,Khettarama Stadium,1,8.2,Australia,Sri Lanka,NE Bolton,EJ Villani,KDU Prabodhani,1,0,,,,,,,,,
1044209,2016,2016-09-25,Khettarama Stadium,1,8.3,Australia,Sri Lanka,EJ Villani,NE Bolton,KDU Prabodhani,0,0,,,,,,,,,
1044209,2016,2016-09-25,Khettarama Stadium,1,8.4,Australia,Sri Lanka,EJ Villani,NE Bolton,KDU Prabodhani,0,0,,,,,,,,,
1044209,2016,2016-09-25,Khettarama Stadium,1,8.5,Australia,Sri Lanka,EJ Villani,NE Bolton,KDU Prabodhani,0,0,,,,,,,,,
1044209,2016,2016-09-25,Khettarama Stadium,1,8.6,Australia,Sri Lanka,EJ Villani,NE Bolton,KDU Prabodhani,0,0,,,,,,,,,
1044209,2016,2016-09-25,Khettarama Stadium,1,9.1,Australia,Sri Lanka,NE Bolton,EJ Villani,KADA Kanchana,1,0,,,,,,,,,
1044209,2016,2016-09-25,Khettarama Stadium,1,9.2,Australia,Sri Lanka,EJ Villani,NE Bolton,KADA Kanchana,1,0,,,,,,,,,
1044209,2016,2016-09-25,Khettarama Stadium,1,9.3,Australia,Sri Lanka,NE Bolton,EJ Villani,KADA Kanchana,0,0,,,,,,,,,
1044209,2016,2016-09-25,Khettarama Stadium,1,9.4,Australia,Sri Lanka,NE Bolton,EJ Villani,KADA Kanchana,0,0,,,,,,,,,
1044209,2016,2016-09-25,Khettarama Stadium,1,9.5,Australia,Sri Lanka,NE Bolton,EJ Villani,KADA Kanchana,0,0,,,,,,,,,
1044209,2016,2016-09-25,Khettarama Stadium,1,9.6,Australia,Sri Lanka,NE Bolton,EJ Villani,KADA Kanchana,0,1,1,,,,,,,,
1044209,2016,2016-09-25,Khettarama Stadium,1,9.7,Australia,Sri Lanka,NE Bolton,EJ Villani,KADA Kanchana,0,0,,,,,,,,,
1044209,2016,2016-09-25,Khettarama Stadium,1,10.1,Australia,Sri Lanka,EJ Villani,NE Bolton,AC Jayangani,1,0,,,,,,,,,
1044209,2016,2016-09-25,Khettarama Stadium,1,10.2,Australia,Sri Lanka,NE Bolton,EJ Villani,AC Jayangani,1,0,,,,,,,,,
1044209,2016,2016-09-25,Khettarama Stadium,1,10.3,Australia,Sri Lanka,EJ Villani,NE Bolton,AC Jayangani,6,0,,,,,,,,,
1044209,2016,2016-09-25,Khettarama Stadium,1,10.4,Australia,Sri Lanka,EJ Villani,NE Bolton,AC Jayangani,0,0,,,,,,,,,
1044209,2016,2016-09-25,Khettarama Stadium,1,10.5,Australia,Sri Lanka,EJ Villani,NE Bolton,AC Jayangani,0,0,,,,,,,,,
1044209,2016,2016-09-25,Khettarama Stadium,1,10.6,Australia,Sri Lanka,EJ Villani,NE Bolton,AC Jayangani,0,0,,,,,,lbw,EJ Villani,,
1044209,2016,2016-09-25,Khettarama Stadium,1,11.1,Australia,Sri Lanka,NE Bolton,MM Lanning,KADA Kanchana,1,0,,,,,,,,,
1044209,2016,2016-09-25,Khettarama Stadium,1,11.2,Australia,Sri Lanka,MM Lanning,NE Bolton,KADA Kanchana,2,0,,,,,,,,,
1044209,2016,2016-09-25,Khettarama Stadium,1,11.3,Australia,Sri Lanka,MM Lanning,NE Bolton,KADA Kanchana,0,0,,,,,,,,,
1044209,2016,2016-09-25,Khettarama Stadium,1,11.4,Australia,Sri Lanka,MM Lanning,NE Bolton,KADA Kanchana,4,0,,,,,,,,,
1044209,2016,2016-09-25,Khettarama Stadium,1,11.5,Australia,Sri Lanka,MM Lanning,NE Bolton,KADA Kanchana,0,0,,,,,,,,,
1044209,2016,2016-09-25,Khettarama Stadium,1,11.6,Australia,Sri Lanka,MM Lanning,NE Bolton,KADA Kanchana,1,0,,,,,,,,,
1044209,2016,2016-09-25,Khettarama Stadium,1,12.1,Australia,Sri Lanka,MM Lanning,NE Bolton,AC Jayangani,0,0,,,,,,,,,
1044209,2016,2016-09-25,Khettarama Stadium,1,12.2,Australia,Sri Lanka,MM Lanning,NE Bolton,AC Jayangani,0,0,,,,,,,,,
1044209,2016,2016-09-25,Khettarama Stadium,1,12.3,Australia,Sri Lanka,MM Lanning,NE Bolton,AC Jayangani,4,0,,,,,,,,,
1044209,2016,2016-09-25,Khettarama Stadium,1,12.4,Australia,Sri Lanka,MM Lanning,NE Bolton,AC Jayangani,0,0,,,,,,,,,
1044209,2016,2016-09-25,Khettarama Stadium,1,12.5,Australia,Sri Lanka,MM Lanning,NE Bolton,AC Jayangani,4,0,,,,,,,,,
1044209,2016,2016-09-25,Khettarama Stadium,1,12.6,Australia,Sri Lanka,MM Lanning,NE Bolton,AC Jayangani,2,0,,,,,,,,,
1044209,2016,2016-09-25,Khettarama Stadium,1,13.1,Australia,Sri Lanka,NE Bolton,MM Lanning,I Ranaweera,4,0,,,,,,,,,
1044209,2016,2016-09-25,Khettarama Stadium,1,13.2,Australia,Sri Lanka,NE Bolton,MM Lanning,I Ranaweera,0,0,,,,,,,,,
1044209,2016,2016-09-25,Khettarama Stadium,1,13.3,Australia,Sri Lanka,NE Bolton,MM Lanning,I Ranaweera,0,0,,,,,,,,,
1044209,2016,2016-09-25,Khettarama Stadium,1,13.4,Australia,Sri Lanka,NE Bolton,MM Lanning,I Ranaweera,0,0,,,,,,,,,
1044209,2016,2016-09-25,Khettarama Stadium,1,13.5,Australia,Sri Lanka,NE Bolton,MM Lanning,I Ranaweera,0,1,1,,,,,,,,
1044209,2016,2016-09-25,Khettarama Stadium,1,13.6,Australia,Sri Lanka,NE Bolton,MM Lanning,I Ranaweera,1,0,,,,,,,,,
1044209,2016,2016-09-25,Khettarama Stadium,1,13.7,Australia,Sri Lanka,MM Lanning,NE Bolton,I Ranaweera,1,0,,,,,,,,,
1044209,2016,2016-09-25,Khettarama Stadium,1,14.1,Australia,Sri Lanka,MM Lanning,NE Bolton,BMSM Kumari,1,0,,,,,,,,,
1044209,2016,2016-09-25,Khettarama Stadium,1,14.2,Australia,Sri Lanka,NE Bolton,MM Lanning,BMSM Kumari,0,0,,,,,,,,,
1044209,2016,2016-09-25,Khettarama Stadium,1,14.3,Australia,Sri Lanka,NE Bolton,MM Lanning,BMSM Kumari,2,0,,,,,,,,,
1044209,2016,2016-09-25,Khettarama Stadium,1,14.4,Australia,Sri Lanka,NE Bolton,MM Lanning,BMSM Kumari,0,0,,,,,,,,,
1044209,2016,2016-09-25,Khettarama Stadium,1,14.5,Australia,Sri Lanka,NE Bolton,MM Lanning,BMSM Kumari,1,0,,,,,,,,,
1044209,2016,2016-09-25,Khettarama Stadium,1,14.6,Australia,Sri Lanka,MM Lanning,NE Bolton,BMSM Kumari,0,0,,,,,,,,,
1044209,2016,2016-09-25,Khettarama Stadium,1,15.1,Australia,Sri Lanka,NE Bolton,MM Lanning,I Ranaweera,0,0,,,,,,,,,
1044209,2016,2016-09-25,Khettarama Stadium,1,15.2,Australia,Sri Lanka,NE Bolton,MM Lanning,I Ranaweera,1,0,,,,,,,,,
1044209,2016,2016-09-25,Khettarama Stadium,1,15.3,Australia,Sri Lanka,MM Lanning,NE Bolton,I Ranaweera,1,0,,,,,,,,,
1044209,2016,2016-09-25,Khettarama Stadium,1,15.4,Australia,Sri Lanka,NE Bolton,MM Lanning,I Ranaweera,0,0,,,,,,,,,
1044209,2016,2016-09-25,Khettarama Stadium,1,15.5,Australia,Sri Lanka,NE Bolton,MM Lanning,I Ranaweera,0,0,,,,,,,,,
1044209,2016,2016-09-25,Khettarama Stadium,1,15.6,Australia,Sri Lanka,NE Bolton,MM Lanning,I Ranaweera,1,0,,,,,,,,,
1044209,2016,2016-09-25,Khettarama Stadium,1,16.1,Australia,Sri Lanka,NE Bolton,MM Lanning,BMSM Kumari,0,0,,,,,,,,,
1044209,2016,2016-09-25,Khettarama Stadium,1,16.2,Australia,Sri Lanka,NE Bolton,MM Lanning,BMSM Kumari,1,0,,,,,,,,,
1044209,2016,2016-09-25,Khettarama Stadium,1,16.3,Australia,Sri Lanka,MM Lanning,NE Bolton,BMSM Kumari,1,0,,,,,,,,,
1044209,2016,2016-09-25,Khettarama Stadium,1,16.4,Australia,Sri Lanka,NE Bolton,MM Lanning,BMSM Kumari,1,0,,,,,,,,,
1044209,2016,2016-09-25,Khettarama Stadium,1,16.5,Australia,Sri Lanka,MM Lanning,NE Bolton,BMSM Kumari,0,0,,,,,,,,,
1044209,2016,2016-09-25,Khettarama Stadium,1,16.6,Australia,Sri Lanka,MM Lanning,NE Bolton,BMSM Kumari,0,0,,,,,,,,,
1044209,2016,2016-09-25,Khettarama Stadium,1,17.1,Australia,Sri Lanka,NE Bolton,MM Lanning,I Ranaweera,1,0,,,,,,,,,
1044209,2016,2016-09-25,Khettarama Stadium,1,17.2,Australia,Sri Lanka,MM Lanning,NE Bolton,I Ranaweera,0,0,,,,,,,,,
1044209,2016,2016-09-25,Khettarama Stadium,1,17.3,Australia,Sri Lanka,MM Lanning,NE Bolton,I Ranaweera,0,0,,,,,,,,,
1044209,2016,2016-09-25,Khettarama Stadium,1,17.4,Australia,Sri Lanka,MM Lanning,NE Bolton,I Ranaweera,0,0,,,,,,,,,
1044209,2016,2016-09-25,Khettarama Stadium,1,17.5,Australia,Sri Lanka,MM Lanning,NE Bolton,I Ranaweera,1,0,,,,,,,,,
1044209,2016,2016-09-25,Khettarama Stadium,1,17.6,Australia,Sri Lanka,NE Bolton,MM Lanning,I Ranaweera,0,0,,,,,,,,,
1044209,2016,2016-09-25,Khettarama Stadium,1,18.1,Australia,Sri Lanka,MM Lanning,NE Bolton,BMSM Kumari,1,0,,,,,,,,,
1044209,2016,2016-09-25,Khettarama Stadium,1,18.2,Australia,Sri Lanka,NE Bolton,MM Lanning,BMSM Kumari,1,0,,,,,,,,,
1044209,2016,2016-09-25,Khettarama Stadium,1,18.3,Australia,Sri Lanka,MM Lanning,NE Bolton,BMSM Kumari,4,0,,,,,,,,,
1044209,2016,2016-09-25,Khettarama Stadium,1,18.4,Australia,Sri Lanka,MM Lanning,NE Bolton,BMSM Kumari,0,0,,,,,,,,,
1044209,2016,2016-09-25,Khettarama Stadium,1,18.5,Australia,Sri Lanka,MM Lanning,NE Bolton,BMSM Kumari,1,0,,,,,,,,,
1044209,2016,2016-09-25,Khettarama Stadium,1,18.6,Australia,Sri Lanka,NE Bolton,MM Lanning,BMSM Kumari,0,0,,,,,,,,,
1044209,2016,2016-09-25,Khettarama Stadium,1,19.1,Australia,Sri Lanka,MM Lanning,NE Bolton,I Ranaweera,0,0,,,,,,,,,
1044209,2016,2016-09-25,Khettarama Stadium,1,19.2,Australia,Sri Lanka,MM Lanning,NE Bolton,I Ranaweera,1,0,,,,,,,,,
1044209,2016,2016-09-25,Khettarama Stadium,1,19.3,Australia,Sri Lanka,NE Bolton,MM Lanning,I Ranaweera,1,0,,,,,,,,,
1044209,2016,2016-09-25,Khettarama Stadium,1,19.4,Australia,Sri Lanka,MM Lanning,NE Bolton,I Ranaweera,1,0,,,,,,,,,
1044209,2016,2016-09-25,Khettarama Stadium,1,19.5,Australia,Sri Lanka,NE Bolton,MM Lanning,I Ranaweera,0,0,,,,,,,,,
1044209,2016,2016-09-25,Khettarama Stadium,1,19.6,Australia,Sri Lanka,NE Bolton,MM Lanning,I Ranaweera,1,0,,,,,,,,,
1044209,2016,2016-09-25,Khettarama Stadium,1,20.1,Australia,Sri Lanka,NE Bolton,MM Lanning,SIP Fernando,0,0,,,,,,,,,
1044209,2016,2016-09-25,Khettarama Stadium,1,20.2,Australia,Sri Lanka,NE Bolton,MM Lanning,SIP Fernando,1,0,,,,,,,,,
1044209,2016,2016-09-25,Khettarama Stadium,1,20.3,Australia,Sri Lanka,MM Lanning,NE Bolton,SIP Fernando,1,0,,,,,,,,,
1044209,2016,2016-09-25,Khettarama Stadium,1,20.4,Australia,Sri Lanka,NE Bolton,MM Lanning,SIP Fernando,0,0,,,,,,,,,
1044209,2016,2016-09-25,Khettarama Stadium,1,20.5,Australia,Sri Lanka,NE Bolton,MM Lanning,SIP Fernando,0,0,,,,,,,,,
1044209,2016,2016-09-25,Khettarama Stadium,1,20.6,Australia,Sri Lanka,NE Bolton,MM Lanning,SIP Fernando,0,0,,,,,,,,,
1044209,2016,2016-09-25,Khettarama Stadium,1,21.1,Australia,Sri Lanka,MM Lanning,NE Bolton,I Ranaweera,0,0,,,,,,,,,
1044209,2016,2016-09-25,Khettarama Stadium,1,21.2,Australia,Sri Lanka,MM Lanning,NE Bolton,I Ranaweera,1,0,,,,,,,,,
1044209,2016,2016-09-25,Khettarama Stadium,1,21.3,Australia,Sri Lanka,NE Bolton,MM Lanning,I Ranaweera,0,0,,,,,,,,,
1044209,2016,2016-09-25,Khettarama Stadium,1,21.4,Australia,Sri Lanka,NE Bolton,MM Lanning,I Ranaweera,0,0,,,,,,,,,
1044209,2016,2016-09-25,Khettarama Stadium,1,21.5,Australia,Sri Lanka,NE Bolton,MM Lanning,I Ranaweera,4,0,,,,,,,,,
1044209,2016,2016-09-25,Khettarama Stadium,1,21.6,Australia,Sri Lanka,NE Bolton,MM Lanning,I Ranaweera,1,0,,,,,,,,,
1044209,2016,2016-09-25,Khettarama Stadium,1,22.1,Australia,Sri Lanka,NE Bolton,MM Lanning,SIP Fernando,0,0,,,,,,,,,
1044209,2016,2016-09-25,Khettarama Stadium,1,22.2,Australia,Sri Lanka,NE Bolton,MM Lanning,SIP Fernando,0,0,,,,,,,,,
1044209,2016,2016-09-25,Khettarama Stadium,1,22.3,Australia,Sri Lanka,NE Bolton,MM Lanning,SIP Fernando,0,0,,,,,,,,,
1044209,2016,2016-09-25,Khettarama Stadium,1,22.4,Australia,Sri Lanka,NE Bolton,MM Lanning,SIP Fernando,1,0,,,,,,,,,
1044209,2016,2016-09-25,Khettarama Stadium,1,22.5,Australia,Sri Lanka,MM Lanning,NE Bolton,SIP Fernando,2,0,,,,,,,,,
1044209,2016,2016-09-25,Khettarama Stadium,1,22.6,Australia,Sri Lanka,MM Lanning,NE Bolton,SIP Fernando,4,0,,,,,,,,,
1044209,2016,2016-09-25,Khettarama Stadium,1,23.1,Australia,Sri Lanka,NE Bolton,MM Lanning,AC Jayangani,0,0,,,,,,,,,
1044209,2016,2016-09-25,Khettarama Stadium,1,23.2,Australia,Sri Lanka,NE Bolton,MM Lanning,AC Jayangani,0,0,,,,,,,,,
1044209,2016,2016-09-25,Khettarama Stadium,1,23.3,Australia,Sri Lanka,NE Bolton,MM Lanning,AC Jayangani,1,0,,,,,,,,,
1044209,2016,2016-09-25,Khettarama Stadium,1,23.4,Australia,Sri Lanka,MM Lanning,NE Bolton,AC Jayangani,0,0,,,,,,,,,
1044209,2016,2016-09-25,Khettarama Stadium,1,23.5,Australia,Sri Lanka,MM Lanning,NE Bolton,AC Jayangani,0,0,,,,,,,,,
1044209,2016,2016-09-25,Khettarama Stadium,1,23.6,Australia,Sri Lanka,MM Lanning,NE Bolton,AC Jayangani,0,0,,,,,,,,,
1044209,2016,2016-09-25,Khettarama Stadium,1,24.1,Australia,Sri Lanka,NE Bolton,MM Lanning,SIP Fernando,1,0,,,,,,,,,
1044209,2016,2016-09-25,Khettarama Stadium,1,24.2,Australia,Sri Lanka,MM Lanning,NE Bolton,SIP Fernando,4,0,,,,,,,,,
1044209,2016,2016-09-25,Khettarama Stadium,1,24.3,Australia,Sri Lanka,MM Lanning,NE Bolton,SIP Fernando,0,0,,,,,,,,,
1044209,2016,2016-09-25,Khettarama Stadium,1,24.4,Australia,Sri Lanka,MM Lanning,NE Bolton,SIP Fernando,0,0,,,,,,,,,
1044209,2016,2016-09-25,Khettarama Stadium,1,24.5,Australia,Sri Lanka,MM Lanning,NE Bolton,SIP Fernando,1,0,,,,,,,,,
1044209,2016,2016-09-25,Khettarama Stadium,1,24.6,Australia,Sri Lanka,NE Bolton,MM Lanning,SIP Fernando,1,0,,,,,,,,,
1044209,2016,2016-09-25,Khettarama Stadium,1,25.1,Australia,Sri Lanka,NE Bolton,MM Lanning,AC Jayangani,1,0,,,,,,,,,
1044209,2016,2016-09-25,Khettarama Stadium,1,25.2,Australia,Sri Lanka,MM Lanning,NE Bolton,AC Jayangani,0,0,,,,,,,,,
1044209,2016,2016-09-25,Khettarama Stadium,1,25.3,Australia,Sri Lanka,MM Lanning,NE Bolton,AC Jayangani,0,0,,,,,,,,,
1044209,2016,2016-09-25,Khettarama Stadium,1,25.4,Australia,Sri Lanka,MM Lanning,NE Bolton,AC Jayangani,0,0,,,,,,lbw,MM Lanning,,
1044209,2016,2016-09-25,Khettarama Stadium,1,25.5,Australia,Sri Lanka,EA Perry,NE Bolton,AC Jayangani,1,0,,,,,,,,,
1044209,2016,2016-09-25,Khettarama Stadium,1,25.6,Australia,Sri Lanka,NE Bolton,EA Perry,AC Jayangani,0,2,,,,2,,,,,
1044209,2016,2016-09-25,Khettarama Stadium,1,26.1,Australia,Sri Lanka,EA Perry,NE Bolton,SIP Fernando,0,0,,,,,,,,,
1044209,2016,2016-09-25,Khettarama Stadium,1,26.2,Australia,Sri Lanka,EA Perry,NE Bolton,SIP Fernando,1,0,,,,,,,,,
1044209,2016,2016-09-25,Khettarama Stadium,1,26.3,Australia,Sri Lanka,NE Bolton,EA Perry,SIP Fernando,1,0,,,,,,,,,
1044209,2016,2016-09-25,Khettarama Stadium,1,26.4,Australia,Sri Lanka,EA Perry,NE Bolton,SIP Fernando,0,0,,,,,,,,,
1044209,2016,2016-09-25,Khettarama Stadium,1,26.5,Australia,Sri Lanka,EA Perry,NE Bolton,SIP Fernando,0,0,,,,,,,,,
1044209,2016,2016-09-25,Khettarama Stadium,1,26.6,Australia,Sri Lanka,EA Perry,NE Bolton,SIP Fernando,1,0,,,,,,,,,
1044209,2016,2016-09-25,Khettarama Stadium,1,27.1,Australia,Sri Lanka,EA Perry,NE Bolton,AC Jayangani,0,0,,,,,,,,,
1044209,2016,2016-09-25,Khettarama Stadium,1,27.2,Australia,Sri Lanka,EA Perry,NE Bolton,AC Jayangani,4,0,,,,,,,,,
1044209,2016,2016-09-25,Khettarama Stadium,1,27.3,Australia,Sri Lanka,EA Perry,NE Bolton,AC Jayangani,0,0,,,,,,,,,
1044209,2016,2016-09-25,Khettarama Stadium,1,27.4,Australia,Sri Lanka,EA Perry,NE Bolton,AC Jayangani,0,0,,,,,,,,,
1044209,2016,2016-09-25,Khettarama Stadium,1,27.5,Australia,Sri Lanka,EA Perry,NE Bolton,AC Jayangani,0,0,,,,,,,,,
1044209,2016,2016-09-25,Khettarama Stadium,1,27.6,Australia,Sri Lanka,EA Perry,NE Bolton,AC Jayangani,0,0,,,,,,,,,
1044209,2016,2016-09-25,Khettarama Stadium,1,28.1,Australia,Sri Lanka,NE Bolton,EA Perry,SIP Fernando,0,0,,,,,,,,,
1044209,2016,2016-09-25,Khettarama Stadium,1,28.2,Australia,Sri Lanka,NE Bolton,EA Perry,SIP Fernando,0,0,,,,,,,,,
1044209,2016,2016-09-25,Khettarama Stadium,1,28.3,Australia,Sri Lanka,NE Bolton,EA Perry,SIP Fernando,0,0,,,,,,,,,
1044209,2016,2016-09-25,Khettarama Stadium,1,28.4,Australia,Sri Lanka,NE Bolton,EA Perry,SIP Fernando,0,0,,,,,,,,,
1044209,2016,2016-09-25,Khettarama Stadium,1,28.5,Australia,Sri Lanka,NE Bolton,EA Perry,SIP Fernando,0,0,,,,,,,,,
1044209,2016,2016-09-25,Khettarama Stadium,1,28.6,Australia,Sri Lanka,NE Bolton,EA Perry,SIP Fernando,1,0,,,,,,,,,
1044209,2016,2016-09-25,Khettarama Stadium,1,29.1,Australia,Sri Lanka,NE Bolton,EA Perry,AC Jayangani,1,0,,,,,,,,,
1044209,2016,2016-09-25,Khettarama Stadium,1,29.2,Australia,Sri Lanka,EA Perry,NE Bolton,AC Jayangani,2,0,,,,,,,,,
1044209,2016,2016-09-25,Khettarama Stadium,1,29.3,Australia,Sri Lanka,EA Perry,NE Bolton,AC Jayangani,0,0,,,,,,,,,
1044209,2016,2016-09-25,Khettarama Stadium,1,29.4,Australia,Sri Lanka,EA Perry,NE Bolton,AC Jayangani,1,0,,,,,,,,,
1044209,2016,2016-09-25,Khettarama Stadium,1,29.5,Australia,Sri Lanka,NE Bolton,EA Perry,AC Jayangani,0,0,,,,,,,,,
1044209,2016,2016-09-25,Khettarama Stadium,1,29.6,Australia,Sri Lanka,NE Bolton,EA Perry,AC Jayangani,0,0,,,,,,,,,
1044209,2016,2016-09-25,Khettarama Stadium,1,30.1,Australia,Sri Lanka,EA Perry,NE Bolton,SIP Fernando,1,0,,,,,,,,,
1044209,2016,2016-09-25,Khettarama Stadium,1,30.2,Australia,Sri Lanka,NE Bolton,EA Perry,SIP Fernando,0,0,,,,,,,,,
1044209,2016,2016-09-25,Khettarama Stadium,1,30.3,Australia,Sri Lanka,NE Bolton,EA Perry,SIP Fernando,0,0,,,,,,,,,
1044209,2016,2016-09-25,Khettarama Stadium,1,30.4,Australia,Sri Lanka,NE Bolton,EA Perry,SIP Fernando,2,0,,,,,,,,,
1044209,2016,2016-09-25,Khettarama Stadium,1,30.5,Australia,Sri Lanka,NE Bolton,EA Perry,SIP Fernando,1,0,,,,,,,,,
1044209,2016,2016-09-25,Khettarama Stadium,1,30.6,Australia,Sri Lanka,EA Perry,NE Bolton,SIP Fernando,1,0,,,,,,,,,
1044209,2016,2016-09-25,Khettarama Stadium,1,31.1,Australia,Sri Lanka,EA Perry,NE Bolton,AC Jayangani,0,0,,,,,,,,,
1044209,2016,2016-09-25,Khettarama Stadium,1,31.2,Australia,Sri Lanka,EA Perry,NE Bolton,AC Jayangani,0,0,,,,,,,,,
1044209,2016,2016-09-25,Khettarama Stadium,1,31.3,Australia,Sri Lanka,EA Perry,NE Bolton,AC Jayangani,1,0,,,,,,,,,
1044209,2016,2016-09-25,Khettarama Stadium,1,31.4,Australia,Sri Lanka,NE Bolton,EA Perry,AC Jayangani,1,0,,,,,,,,,
1044209,2016,2016-09-25,Khettarama Stadium,1,31.5,Australia,Sri Lanka,EA Perry,NE Bolton,AC Jayangani,1,0,,,,,,,,,
1044209,2016,2016-09-25,Khettarama Stadium,1,31.6,Australia,Sri Lanka,NE Bolton,EA Perry,AC Jayangani,1,0,,,,,,,,,
1044209,2016,2016-09-25,Khettarama Stadium,1,32.1,Australia,Sri Lanka,NE Bolton,EA Perry,SIP Fernando,1,0,,,,,,,,,
1044209,2016,2016-09-25,Khettarama Stadium,1,32.2,Australia,Sri Lanka,EA Perry,NE Bolton,SIP Fernando,0,0,,,,,,,,,
1044209,2016,2016-09-25,Khettarama Stadium,1,32.3,Australia,Sri Lanka,EA Perry,NE Bolton,SIP Fernando,0,0,,,,,,,,,
1044209,2016,2016-09-25,Khettarama Stadium,1,32.4,Australia,Sri Lanka,EA Perry,NE Bolton,SIP Fernando,0,0,,,,,,,,,
1044209,2016,2016-09-25,Khettarama Stadium,1,32.5,Australia,Sri Lanka,EA Perry,NE Bolton,SIP Fernando,1,0,,,,,,,,,
1044209,2016,2016-09-25,Khettarama Stadium,1,32.6,Australia,Sri Lanka,NE Bolton,EA Perry,SIP Fernando,1,0,,,,,,,,,
1044209,2016,2016-09-25,Khettarama Stadium,1,33.1,Australia,Sri Lanka,NE Bolton,EA Perry,KADA Kanchana,0,0,,,,,,,,,
1044209,2016,2016-09-25,Khettarama Stadium,1,33.2,Australia,Sri Lanka,NE Bolton,EA Perry,KADA Kanchana,1,0,,,,,,,,,
1044209,2016,2016-09-25,Khettarama Stadium,1,33.3,Australia,Sri Lanka,EA Perry,NE Bolton,KADA Kanchana,0,0,,,,,,,,,
1044209,2016,2016-09-25,Khettarama Stadium,1,33.4,Australia,Sri Lanka,EA Perry,NE Bolton,KADA Kanchana,0,0,,,,,,,,,
1044209,2016,2016-09-25,Khettarama Stadium,1,33.5,Australia,Sri Lanka,EA Perry,NE Bolton,KADA Kanchana,0,0,,,,,,,,,
1044209,2016,2016-09-25,Khettarama Stadium,1,33.6,Australia,Sri Lanka,EA Perry,NE Bolton,KADA Kanchana,1,0,,,,,,,,,
1044209,2016,2016-09-25,Khettarama Stadium,1,34.1,Australia,Sri Lanka,EA Perry,NE Bolton,SIP Fernando,0,0,,,,,,,,,
1044209,2016,2016-09-25,Khettarama Stadium,1,34.2,Australia,Sri Lanka,EA Perry,NE Bolton,SIP Fernando,0,0,,,,,,,,,
1044209,2016,2016-09-25,Khettarama Stadium,1,34.3,Australia,Sri Lanka,EA Perry,NE Bolton,SIP Fernando,4,0,,,,,,,,,
1044209,2016,2016-09-25,Khettarama Stadium,1,34.4,Australia,Sri Lanka,EA Perry,NE Bolton,SIP Fernando,1,0,,,,,,,,,
1044209,2016,2016-09-25,Khettarama Stadium,1,34.5,Australia,Sri Lanka,NE Bolton,EA Perry,SIP Fernando,1,0,,,,,,,,,
1044209,2016,2016-09-25,Khettarama Stadium,1,34.6,Australia,Sri Lanka,EA Perry,NE Bolton,SIP Fernando,0,0,,,,,,,,,
1044209,2016,2016-09-25,Khettarama Stadium,1,35.1,Australia,Sri Lanka,NE Bolton,EA Perry,KADA Kanchana,0,0,,,,,,,,,
1044209,2016,2016-09-25,Khettarama Stadium,1,35.2,Australia,Sri Lanka,NE Bolton,EA Perry,KADA Kanchana,1,0,,,,,,,,,
1044209,2016,2016-09-25,Khettarama Stadium,1,35.3,Australia,Sri Lanka,EA Perry,NE Bolton,KADA Kanchana,1,0,,,,,,,,,
1044209,2016,2016-09-25,Khettarama Stadium,1,35.4,Australia,Sri Lanka,NE Bolton,EA Perry,KADA Kanchana,0,0,,,,,,,,,
1044209,2016,2016-09-25,Khettarama Stadium,1,35.5,Australia,Sri Lanka,NE Bolton,EA Perry,KADA Kanchana,0,0,,,,,,,,,
1044209,2016,2016-09-25,Khettarama Stadium,1,35.6,Australia,Sri Lanka,NE Bolton,EA Perry,KADA Kanchana,0,1,1,,,,,,,,
1044209,2016,2016-09-25,Khettarama Stadium,1,35.7,Australia,Sri Lanka,NE Bolton,EA Perry,KADA Kanchana,1,0,,,,,,,,,
1044209,2016,2016-09-25,Khettarama Stadium,1,36.1,Australia,Sri Lanka,NE Bolton,EA Perry,SIP Fernando,0,0,,,,,,,,,
1044209,2016,2016-09-25,Khettarama Stadium,1,36.2,Australia,Sri Lanka,NE Bolton,EA Perry,SIP Fernando,0,0,,,,,,,,,
1044209,2016,2016-09-25,Khettarama Stadium,1,36.3,Australia,Sri Lanka,NE Bolton,EA Perry,SIP Fernando,1,0,,,,,,,,,
1044209,2016,2016-09-25,Khettarama Stadium,1,36.4,Australia,Sri Lanka,EA Perry,NE Bolton,SIP Fernando,0,0,,,,,,,,,
1044209,2016,2016-09-25,Khettarama Stadium,1,36.5,Australia,Sri Lanka,EA Perry,NE Bolton,SIP Fernando,0,0,,,,,,,,,
1044209,2016,2016-09-25,Khettarama Stadium,1,36.6,Australia,Sri Lanka,EA Perry,NE Bolton,SIP Fernando,4,0,,,,,,,,,
1044209,2016,2016-09-25,Khettarama Stadium,1,37.1,Australia,Sri Lanka,NE Bolton,EA Perry,AC Jayangani,0,0,,,,,,,,,
1044209,2016,2016-09-25,Khettarama Stadium,1,37.2,Australia,Sri Lanka,NE Bolton,EA Perry,AC Jayangani,1,0,,,,,,,,,
1044209,2016,2016-09-25,Khettarama Stadium,1,37.3,Australia,Sri Lanka,EA Perry,NE Bolton,AC Jayangani,1,0,,,,,,,,,
1044209,2016,2016-09-25,Khettarama Stadium,1,37.4,Australia,Sri Lanka,NE Bolton,EA Perry,AC Jayangani,0,0,,,,,,,,,
1044209,2016,2016-09-25,Khettarama Stadium,1,37.5,Australia,Sri Lanka,NE Bolton,EA Perry,AC Jayangani,1,0,,,,,,,,,
1044209,2016,2016-09-25,Khettarama Stadium,1,37.6,Australia,Sri Lanka,EA Perry,NE Bolton,AC Jayangani,1,0,,,,,,,,,
1044209,2016,2016-09-25,Khettarama Stadium,1,38.1,Australia,Sri Lanka,EA Perry,NE Bolton,KDU Prabodhani,1,0,,,,,,,,,
1044209,2016,2016-09-25,Khettarama Stadium,1,38.2,Australia,Sri Lanka,NE Bolton,EA Perry,KDU Prabodhani,0,0,,,,,,,,,
1044209,2016,2016-09-25,Khettarama Stadium,1,38.3,Australia,Sri Lanka,NE Bolton,EA Perry,KDU Prabodhani,0,0,,,,,,,,,
1044209,2016,2016-09-25,Khettarama Stadium,1,38.4,Australia,Sri Lanka,NE Bolton,EA Perry,KDU Prabodhani,1,0,,,,,,,,,
1044209,2016,2016-09-25,Khettarama Stadium,1,38.5,Australia,Sri Lanka,EA Perry,NE Bolton,KDU Prabodhani,0,0,,,,,,,,,
1044209,2016,2016-09-25,Khettarama Stadium,1,38.6,Australia,Sri Lanka,EA Perry,NE Bolton,KDU Prabodhani,1,0,,,,,,,,,
1044209,2016,2016-09-25,Khettarama Stadium,1,39.1,Australia,Sri Lanka,EA Perry,NE Bolton,KADA Kanchana,3,0,,,,,,,,,
1044209,2016,2016-09-25,Khettarama Stadium,1,39.2,Australia,Sri Lanka,NE Bolton,EA Perry,KADA Kanchana,1,0,,,,,,,,,
1044209,2016,2016-09-25,Khettarama Stadium,1,39.3,Australia,Sri Lanka,EA Perry,NE Bolton,KADA Kanchana,0,1,1,,,,,,,,
1044209,2016,2016-09-25,Khettarama Stadium,1,39.4,Australia,Sri Lanka,EA Perry,NE Bolton,KADA Kanchana,0,0,,,,,,,,,
1044209,2016,2016-09-25,Khettarama Stadium,1,39.5,Australia,Sri Lanka,EA Perry,NE Bolton,KADA Kanchana,0,0,,,,,,,,,
1044209,2016,2016-09-25,Khettarama Stadium,1,39.6,Australia,Sri Lanka,EA Perry,NE Bolton,KADA Kanchana,1,0,,,,,,,,,
1044209,2016,2016-09-25,Khettarama Stadium,1,39.7,Australia,Sri Lanka,NE Bolton,EA Perry,KADA Kanchana,1,0,,,,,,,,,
1044209,2016,2016-09-25,Khettarama Stadium,1,40.1,Australia,Sri Lanka,NE Bolton,EA Perry,SIP Fernando,2,0,,,,,,,,,
1044209,2016,2016-09-25,Khettarama Stadium,1,40.2,Australia,Sri Lanka,NE Bolton,EA Perry,SIP Fernando,0,0,,,,,,,,,
1044209,2016,2016-09-25,Khettarama Stadium,1,40.3,Australia,Sri Lanka,NE Bolton,EA Perry,SIP Fernando,1,0,,,,,,,,,
1044209,2016,2016-09-25,Khettarama Stadium,1,40.4,Australia,Sri Lanka,EA Perry,NE Bolton,SIP Fernando,1,0,,,,,,,,,
1044209,2016,2016-09-25,Khettarama Stadium,1,40.5,Australia,Sri Lanka,NE Bolton,EA Perry,SIP Fernando,1,0,,,,,,,,,
1044209,2016,2016-09-25,Khettarama Stadium,1,40.6,Australia,Sri Lanka,EA Perry,NE Bolton,SIP Fernando,4,0,,,,,,,,,
1044209,2016,2016-09-25,Khettarama Stadium,1,41.1,Australia,Sri Lanka,NE Bolton,EA Perry,I Ranaweera,1,0,,,,,,,,,
1044209,2016,2016-09-25,Khettarama Stadium,1,41.2,Australia,Sri Lanka,EA Perry,NE Bolton,I Ranaweera,0,0,,,,,,,,,
1044209,2016,2016-09-25,Khettarama Stadium,1,41.3,Australia,Sri Lanka,EA Perry,NE Bolton,I Ranaweera,1,0,,,,,,,,,
1044209,2016,2016-09-25,Khettarama Stadium,1,41.4,Australia,Sri Lanka,NE Bolton,EA Perry,I Ranaweera,4,0,,,,,,,,,
1044209,2016,2016-09-25,Khettarama Stadium,1,41.5,Australia,Sri Lanka,NE Bolton,EA Perry,I Ranaweera,4,0,,,,,,,,,
1044209,2016,2016-09-25,Khettarama Stadium,1,41.6,Australia,Sri Lanka,NE Bolton,EA Perry,I Ranaweera,0,0,,,,,,,,,
1044209,2016,2016-09-25,Khettarama Stadium,1,42.1,Australia,Sri Lanka,EA Perry,NE Bolton,KDU Prabodhani,0,1,1,,,,,,,,
1044209,2016,2016-09-25,Khettarama Stadium,1,42.2,Australia,Sri Lanka,EA Perry,NE Bolton,KDU Prabodhani,1,0,,,,,,,,,
1044209,2016,2016-09-25,Khettarama Stadium,1,42.3,Australia,Sri Lanka,NE Bolton,EA Perry,KDU Prabodhani,1,0,,,,,,,,,
1044209,2016,2016-09-25,Khettarama Stadium,1,42.4,Australia,Sri Lanka,EA Perry,NE Bolton,KDU Prabodhani,1,0,,,,,,,,,
1044209,2016,2016-09-25,Khettarama Stadium,1,42.5,Australia,Sri Lanka,NE Bolton,EA Perry,KDU Prabodhani,1,0,,,,,,,,,
1044209,2016,2016-09-25,Khettarama Stadium,1,42.6,Australia,Sri Lanka,EA Perry,NE Bolton,KDU Prabodhani,1,0,,,,,,,,,
1044209,2016,2016-09-25,Khettarama Stadium,1,42.7,Australia,Sri Lanka,NE Bolton,EA Perry,KDU Prabodhani,4,0,,,,,,,,,
1044209,2016,2016-09-25,Khettarama Stadium,1,43.1,Australia,Sri Lanka,EA Perry,NE Bolton,AC Jayangani,2,0,,,,,,,,,
1044209,2016,2016-09-25,Khettarama Stadium,1,43.2,Australia,Sri Lanka,EA Perry,NE Bolton,AC Jayangani,1,0,,,,,,,,,
1044209,2016,2016-09-25,Khettarama Stadium,1,43.3,Australia,Sri Lanka,NE Bolton,EA Perry,AC Jayangani,1,0,,,,,,,,,
1044209,2016,2016-09-25,Khettarama Stadium,1,43.4,Australia,Sri Lanka,EA Perry,NE Bolton,AC Jayangani,1,0,,,,,,,,,
1044209,2016,2016-09-25,Khettarama Stadium,1,43.5,Australia,Sri Lanka,NE Bolton,EA Perry,AC Jayangani,1,0,,,,,,,,,
1044209,2016,2016-09-25,Khettarama Stadium,1,43.6,Australia,Sri Lanka,EA Perry,NE Bolton,AC Jayangani,0,0,,,,,,,,,
1044209,2016,2016-09-25,Khettarama Stadium,1,44.1,Australia,Sri Lanka,NE Bolton,EA Perry,KDU Prabodhani,1,0,,,,,,,,,
1044209,2016,2016-09-25,Khettarama Stadium,1,44.2,Australia,Sri Lanka,EA Perry,NE Bolton,KDU Prabodhani,2,0,,,,,,,,,
1044209,2016,2016-09-25,Khettarama Stadium,1,44.3,Australia,Sri Lanka,EA Perry,NE Bolton,KDU Prabodhani,1,0,,,,,,,,,
1044209,2016,2016-09-25,Khettarama Stadium,1,44.4,Australia,Sri Lanka,NE Bolton,EA Perry,KDU Prabodhani,1,0,,,,,,,,,
1044209,2016,2016-09-25,Khettarama Stadium,1,44.5,Australia,Sri Lanka,EA Perry,NE Bolton,KDU Prabodhani,1,0,,,,,,,,,
1044209,2016,2016-09-25,Khettarama Stadium,1,44.6,Australia,Sri Lanka,NE Bolton,EA Perry,KDU Prabodhani,0,0,,,,,,,,,
1044209,2016,2016-09-25,Khettarama Stadium,1,45.1,Australia,Sri Lanka,EA Perry,NE Bolton,KADA Kanchana,4,0,,,,,,,,,
1044209,2016,2016-09-25,Khettarama Stadium,1,45.2,Australia,Sri Lanka,EA Perry,NE Bolton,KADA Kanchana,6,0,,,,,,,,,
1044209,2016,2016-09-25,Khettarama Stadium,1,45.3,Australia,Sri Lanka,EA Perry,NE Bolton,KADA Kanchana,1,0,,,,,,,,,
1044209,2016,2016-09-25,Khettarama Stadium,1,45.4,Australia,Sri Lanka,NE Bolton,EA Perry,KADA Kanchana,1,0,,,,,,,,,
1044209,2016,2016-09-25,Khettarama Stadium,1,45.5,Australia,Sri Lanka,EA Perry,NE Bolton,KADA Kanchana,0,0,,,,,,,,,
1044209,2016,2016-09-25,Khettarama Stadium,1,45.6,Australia,Sri Lanka,EA Perry,NE Bolton,KADA Kanchana,0,1,1,,,,,,,,
1044209,2016,2016-09-25,Khettarama Stadium,1,45.7,Australia,Sri Lanka,EA Perry,NE Bolton,KADA Kanchana,0,0,,,,,,,,,
1044209,2016,2016-09-25,Khettarama Stadium,1,46.1,Australia,Sri Lanka,NE Bolton,EA Perry,BMSM Kumari,1,0,,,,,,,,,
1044209,2016,2016-09-25,Khettarama Stadium,1,46.2,Australia,Sri Lanka,EA Perry,NE Bolton,BMSM Kumari,0,0,,,,,,,,,
1044209,2016,2016-09-25,Khettarama Stadium,1,46.3,Australia,Sri Lanka,EA Perry,NE Bolton,BMSM Kumari,4,0,,,,,,,,,
1044209,2016,2016-09-25,Khettarama Stadium,1,46.4,Australia,Sri Lanka,EA Perry,NE Bolton,BMSM Kumari,0,0,,,,,,,,,
1044209,2016,2016-09-25,Khettarama Stadium,1,46.5,Australia,Sri Lanka,EA Perry,NE Bolton,BMSM Kumari,1,0,,,,,,,,,
1044209,2016,2016-09-25,Khettarama Stadium,1,46.6,Australia,Sri Lanka,NE Bolton,EA Perry,BMSM Kumari,1,0,,,,,,,,,
1044209,2016,2016-09-25,Khettarama Stadium,1,47.1,Australia,Sri Lanka,NE Bolton,EA Perry,AC Jayangani,1,0,,,,,,,,,
1044209,2016,2016-09-25,Khettarama Stadium,1,47.2,Australia,Sri Lanka,EA Perry,NE Bolton,AC Jayangani,1,0,,,,,,,,,
1044209,2016,2016-09-25,Khettarama Stadium,1,47.3,Australia,Sri Lanka,NE Bolton,EA Perry,AC Jayangani,1,0,,,,,,,,,
1044209,2016,2016-09-25,Khettarama Stadium,1,47.4,Australia,Sri Lanka,EA Perry,NE Bolton,AC Jayangani,1,0,,,,,,,,,
1044209,2016,2016-09-25,Khettarama Stadium,1,47.5,Australia,Sri Lanka,NE Bolton,EA Perry,AC Jayangani,1,0,,,,,,,,,
1044209,2016,2016-09-25,Khettarama Stadium,1,47.6,Australia,Sri Lanka,EA Perry,NE Bolton,AC Jayangani,0,0,,,,,,,,,
1044209,2016,2016-09-25,Khettarama Stadium,1,48.1,Australia,Sri Lanka,NE Bolton,EA Perry,KDU Prabodhani,2,0,,,,,,,,,
1044209,2016,2016-09-25,Khettarama Stadium,1,48.2,Australia,Sri Lanka,NE Bolton,EA Perry,KDU Prabodhani,6,0,,,,,,,,,
1044209,2016,2016-09-25,Khettarama Stadium,1,48.3,Australia,Sri Lanka,NE Bolton,EA Perry,KDU Prabodhani,1,0,,,,,,,,,
1044209,2016,2016-09-25,Khettarama Stadium,1,48.4,Australia,Sri Lanka,EA Perry,NE Bolton,KDU Prabodhani,2,0,,,,,,,,,
1044209,2016,2016-09-25,Khettarama Stadium,1,48.5,Australia,Sri Lanka,EA Perry,NE Bolton,KDU Prabodhani,1,0,,,,,,,,,
1044209,2016,2016-09-25,Khettarama Stadium,1,48.6,Australia,Sri Lanka,NE Bolton,EA Perry,KDU Prabodhani,1,0,,,,,,,,,
1044209,2016,2016-09-25,Khettarama Stadium,1,49.1,Australia,Sri Lanka,NE Bolton,EA Perry,KADA Kanchana,0,1,1,,,,,,,,
1044209,2016,2016-09-25,Khettarama Stadium,1,49.2,Australia,Sri Lanka,NE Bolton,EA Perry,KADA Kanchana,2,0,,,,,,,,,
1044209,2016,2016-09-25,Khettarama Stadium,1,49.3,Australia,Sri Lanka,NE Bolton,EA Perry,KADA Kanchana,0,0,,,,,,caught,NE Bolton,,
1044209,2016,2016-09-25,Khettarama Stadium,1,49.4,Australia,Sri Lanka,EA Perry,AJ Blackwell,KADA Kanchana,1,0,,,,,,,,,
1044209,2016,2016-09-25,Khettarama Stadium,1,49.5,Australia,Sri Lanka,AJ Blackwell,EA Perry,KADA Kanchana,2,0,,,,,,,,,
1044209,2016,2016-09-25,Khettarama Stadium,1,49.6,Australia,Sri Lanka,AJ Blackwell,EA Perry,KADA Kanchana,1,0,,,,,,,,,
1044209,2016,2016-09-25,Khettarama Stadium,1,49.7,Australia,Sri Lanka,EA Perry,AJ Blackwell,KADA Kanchana,4,0,,,,,,,,,
1044209,2016,2016-09-25,Khettarama Stadium,2,0.1,Sri Lanka,Australia,PM Weerakkody,GWHM Perera,HL Ferling,1,0,,,,,,,,,
1044209,2016,2016-09-25,Khettarama Stadium,2,0.2,Sri Lanka,Australia,GWHM Perera,PM Weerakkody,HL Ferling,0,1,1,,,,,,,,
1044209,2016,2016-09-25,Khettarama Stadium,2,0.3,Sri Lanka,Australia,GWHM Perera,PM Weerakkody,HL Ferling,0,0,,,,,,,,,
1044209,2016,2016-09-25,Khettarama Stadium,2,0.4,Sri Lanka,Australia,GWHM Perera,PM Weerakkody,HL Ferling,2,0,,,,,,,,,
1044209,2016,2016-09-25,Khettarama Stadium,2,0.5,Sri Lanka,Australia,GWHM Perera,PM Weerakkody,HL Ferling,0,0,,,,,,,,,
1044209,2016,2016-09-25,Khettarama Stadium,2,0.6,Sri Lanka,Australia,GWHM Perera,PM Weerakkody,HL Ferling,0,0,,,,,,,,,
1044209,2016,2016-09-25,Khettarama Stadium,2,0.7,Sri Lanka,Australia,GWHM Perera,PM Weerakkody,HL Ferling,0,0,,,,,,,,,
1044209,2016,2016-09-25,Khettarama Stadium,2,1.1,Sri Lanka,Australia,PM Weerakkody,GWHM Perera,EA Osborne,0,0,,,,,,,,,
1044209,2016,2016-09-25,Khettarama Stadium,2,1.2,Sri Lanka,Australia,PM Weerakkody,GWHM Perera,EA Osborne,0,0,,,,,,,,,
1044209,2016,2016-09-25,Khettarama Stadium,2,1.3,Sri Lanka,Australia,PM Weerakkody,GWHM Perera,EA Osborne,0,0,,,,,,,,,
1044209,2016,2016-09-25,Khettarama Stadium,2,1.4,Sri Lanka,Australia,PM Weerakkody,GWHM Perera,EA Osborne,0,0,,,,,,,,,
1044209,2016,2016-09-25,Khettarama Stadium,2,1.5,Sri Lanka,Australia,PM Weerakkody,GWHM Perera,EA Osborne,0,0,,,,,,,,,
1044209,2016,2016-09-25,Khettarama Stadium,2,1.6,Sri Lanka,Australia,PM Weerakkody,GWHM Perera,EA Osborne,1,0,,,,,,,,,
1044209,2016,2016-09-25,Khettarama Stadium,2,2.1,Sri Lanka,Australia,PM Weerakkody,GWHM Perera,HL Ferling,1,0,,,,,,,,,
1044209,2016,2016-09-25,Khettarama Stadium,2,2.2,Sri Lanka,Australia,GWHM Perera,PM Weerakkody,HL Ferling,0,0,,,,,,,,,
1044209,2016,2016-09-25,Khettarama Stadium,2,2.3,Sri Lanka,Australia,GWHM Perera,PM Weerakkody,HL Ferling,0,0,,,,,,,,,
1044209,2016,2016-09-25,Khettarama Stadium,2,2.4,Sri Lanka,Australia,GWHM Perera,PM Weerakkody,HL Ferling,0,0,,,,,,,,,
1044209,2016,2016-09-25,Khettarama Stadium,2,2.5,Sri Lanka,Australia,GWHM Perera,PM Weerakkody,HL Ferling,0,0,,,,,,,,,
1044209,2016,2016-09-25,Khettarama Stadium,2,2.6,Sri Lanka,Australia,GWHM Perera,PM Weerakkody,HL Ferling,0,0,,,,,,caught,GWHM Perera,,
1044209,2016,2016-09-25,Khettarama Stadium,2,3.1,Sri Lanka,Australia,PM Weerakkody,AC Jayangani,EA Osborne,0,5,5,,,,,,,,
1044209,2016,2016-09-25,Khettarama Stadium,2,3.2,Sri Lanka,Australia,PM Weerakkody,AC Jayangani,EA Osborne,0,0,,,,,,,,,
1044209,2016,2016-09-25,Khettarama Stadium,2,3.3,Sri Lanka,Australia,PM Weerakkody,AC Jayangani,EA Osborne,0,0,,,,,,,,,
1044209,2016,2016-09-25,Khettarama Stadium,2,3.4,Sri Lanka,Australia,PM Weerakkody,AC Jayangani,EA Osborne,0,0,,,,,,,,,
1044209,2016,2016-09-25,Khettarama Stadium,2,3.5,Sri Lanka,Australia,PM Weerakkody,AC Jayangani,EA Osborne,0,0,,,,,,,,,
1044209,2016,2016-09-25,Khettarama Stadium,2,3.6,Sri Lanka,Australia,PM Weerakkody,AC Jayangani,EA Osborne,0,0,,,,,,,,,
1044209,2016,2016-09-25,Khettarama Stadium,2,3.7,Sri Lanka,Australia,PM Weerakkody,AC Jayangani,EA Osborne,4,0,,,,,,,,,
1044209,2016,2016-09-25,Khettarama Stadium,2,4.1,Sri Lanka,Australia,AC Jayangani,PM Weerakkody,HL Ferling,0,0,,,,,,,,,
1044209,2016,2016-09-25,Khettarama Stadium,2,4.2,Sri Lanka,Australia,AC Jayangani,PM Weerakkody,HL Ferling,1,0,,,,,,,,,
1044209,2016,2016-09-25,Khettarama Stadium,2,4.3,Sri Lanka,Australia,PM Weerakkody,AC Jayangani,HL Ferling,1,0,,,,,,,,,
1044209,2016,2016-09-25,Khettarama Stadium,2,4.4,Sri Lanka,Australia,AC Jayangani,PM Weerakkody,HL Ferling,0,0,,,,,,,,,
1044209,2016,2016-09-25,Khettarama Stadium,2,4.5,Sri Lanka,Australia,AC Jayangani,PM Weerakkody,HL Ferling,0,0,,,,,,,,,
1044209,2016,2016-09-25,Khettarama Stadium,2,4.6,Sri Lanka,Australia,AC Jayangani,PM Weerakkody,HL Ferling,4,0,,,,,,,,,
1044209,2016,2016-09-25,Khettarama Stadium,2,5.1,Sri Lanka,Australia,PM Weerakkody,AC Jayangani,EA Osborne,1,0,,,,,,,,,
1044209,2016,2016-09-25,Khettarama Stadium,2,5.2,Sri Lanka,Australia,AC Jayangani,PM Weerakkody,EA Osborne,1,0,,,,,,,,,
1044209,2016,2016-09-25,Khettarama Stadium,2,5.3,Sri Lanka,Australia,PM Weerakkody,AC Jayangani,EA Osborne,2,0,,,,,,,,,
1044209,2016,2016-09-25,Khettarama Stadium,2,5.4,Sri Lanka,Australia,PM Weerakkody,AC Jayangani,EA Osborne,0,0,,,,,,,,,
1044209,2016,2016-09-25,Khettarama Stadium,2,5.5,Sri Lanka,Australia,PM Weerakkody,AC Jayangani,EA Osborne,0,0,,,,,,,,,
1044209,2016,2016-09-25,Khettarama Stadium,2,5.6,Sri Lanka,Australia,PM Weerakkody,AC Jayangani,EA Osborne,0,0,,,,,,,,,
1044209,2016,2016-09-25,Khettarama Stadium,2,6.1,Sri Lanka,Australia,AC Jayangani,PM Weerakkody,HL Ferling,0,1,1,,,,,,,,
1044209,2016,2016-09-25,Khettarama Stadium,2,6.2,Sri Lanka,Australia,AC Jayangani,PM Weerakkody,HL Ferling,0,2,2,,,,,,,,
1044209,2016,2016-09-25,Khettarama Stadium,2,6.3,Sri Lanka,Australia,PM Weerakkody,AC Jayangani,HL Ferling,4,0,,,,,,,,,
1044209,2016,2016-09-25,Khettarama Stadium,2,6.4,Sri Lanka,Australia,PM Weerakkody,AC Jayangani,HL Ferling,0,1,1,,,,,,,,
1044209,2016,2016-09-25,Khettarama Stadium,2,6.5,Sri Lanka,Australia,PM Weerakkody,AC Jayangani,HL Ferling,0,0,,,,,,,,,
1044209,2016,2016-09-25,Khettarama Stadium,2,6.6,Sri Lanka,Australia,PM Weerakkody,AC Jayangani,HL Ferling,0,0,,,,,,,,,
1044209,2016,2016-09-25,Khettarama Stadium,2,6.7,Sri Lanka,Australia,PM Weerakkody,AC Jayangani,HL Ferling,0,0,,,,,,,,,
1044209,2016,2016-09-25,Khettarama Stadium,2,6.8,Sri Lanka,Australia,PM Weerakkody,AC Jayangani,HL Ferling,0,0,,,,,,,,,
1044209,2016,2016-09-25,Khettarama Stadium,2,6.9,Sri Lanka,Australia,PM Weerakkody,AC Jayangani,HL Ferling,0,0,,,,,,,,,
1044209,2016,2016-09-25,Khettarama Stadium,2,7.1,Sri Lanka,Australia,AC Jayangani,PM Weerakkody,EA Osborne,0,0,,,,,,,,,
1044209,2016,2016-09-25,Khettarama Stadium,2,7.2,Sri Lanka,Australia,AC Jayangani,PM Weerakkody,EA Osborne,0,0,,,,,,,,,
1044209,2016,2016-09-25,Khettarama Stadium,2,7.3,Sri Lanka,Australia,AC Jayangani,PM Weerakkody,EA Osborne,0,0,,,,,,,,,
1044209,2016,2016-09-25,Khettarama Stadium,2,7.4,Sri Lanka,Australia,AC Jayangani,PM Weerakkody,EA Osborne,0,0,,,,,,,,,
1044209,2016,2016-09-25,Khettarama Stadium,2,7.5,Sri Lanka,Australia,AC Jayangani,PM Weerakkody,EA Osborne,0,0,,,,,,,,,
1044209,2016,2016-09-25,Khettarama Stadium,2,7.6,Sri Lanka,Australia,AC Jayangani,PM Weerakkody,EA Osborne,0,0,,,,,,,,,
1044209,2016,2016-09-25,Khettarama Stadium,2,8.1,Sri Lanka,Australia,PM Weerakkody,AC Jayangani,JL Jonassen,4,0,,,,,,,,,
1044209,2016,2016-09-25,Khettarama Stadium,2,8.2,Sri Lanka,Australia,PM Weerakkody,AC Jayangani,JL Jonassen,0,0,,,,,,,,,
1044209,2016,2016-09-25,Khettarama Stadium,2,8.3,Sri Lanka,Australia,PM Weerakkody,AC Jayangani,JL Jonassen,0,0,,,,,,,,,
1044209,2016,2016-09-25,Khettarama Stadium,2,8.4,Sri Lanka,Australia,PM Weerakkody,AC Jayangani,JL Jonassen,0,0,,,,,,,,,
1044209,2016,2016-09-25,Khettarama Stadium,2,8.5,Sri Lanka,Australia,PM Weerakkody,AC Jayangani,JL Jonassen,0,0,,,,,,,,,
1044209,2016,2016-09-25,Khettarama Stadium,2,8.6,Sri Lanka,Australia,PM Weerakkody,AC Jayangani,JL Jonassen,0,4,,,,4,,,,,
1044209,2016,2016-09-25,Khettarama Stadium,2,9.1,Sri Lanka,Australia,AC Jayangani,PM Weerakkody,EA Osborne,0,0,,,,,,,,,
1044209,2016,2016-09-25,Khettarama Stadium,2,9.2,Sri Lanka,Australia,AC Jayangani,PM Weerakkody,EA Osborne,2,0,,,,,,,,,
1044209,2016,2016-09-25,Khettarama Stadium,2,9.3,Sri Lanka,Australia,AC Jayangani,PM Weerakkody,EA Osborne,0,0,,,,,,,,,
1044209,2016,2016-09-25,Khettarama Stadium,2,9.4,Sri Lanka,Australia,AC Jayangani,PM Weerakkody,EA Osborne,0,0,,,,,,,,,
1044209,2016,2016-09-25,Khettarama Stadium,2,9.5,Sri Lanka,Australia,AC Jayangani,PM Weerakkody,EA Osborne,4,0,,,,,,,,,
1044209,2016,2016-09-25,Khettarama Stadium,2,9.6,Sri Lanka,Australia,AC Jayangani,PM Weerakkody,EA Osborne,0,0,,,,,,,,,
1044209,2016,2016-09-25,Khettarama Stadium,2,10.1,Sri Lanka,Australia,PM Weerakkody,AC Jayangani,JL Jonassen,0,0,,,,,,,,,
1044209,2016,2016-09-25,Khettarama Stadium,2,10.2,Sri Lanka,Australia,PM Weerakkody,AC Jayangani,JL Jonassen,1,0,,,,,,,,,
1044209,2016,2016-09-25,Khettarama Stadium,2,10.3,Sri Lanka,Australia,AC Jayangani,PM Weerakkody,JL Jonassen,0,0,,,,,,,,,
1044209,2016,2016-09-25,Khettarama Stadium,2,10.4,Sri Lanka,Australia,AC Jayangani,PM Weerakkody,JL Jonassen,4,0,,,,,,,,,
1044209,2016,2016-09-25,Khettarama Stadium,2,10.5,Sri Lanka,Australia,AC Jayangani,PM Weerakkody,JL Jonassen,0,0,,,,,,,,,
1044209,2016,2016-09-25,Khettarama Stadium,2,10.6,Sri Lanka,Australia,AC Jayangani,PM Weerakkody,JL Jonassen,0,0,,,,,,,,,
1044209,2016,2016-09-25,Khettarama Stadium,2,11.1,Sri Lanka,Australia,PM Weerakkody,AC Jayangani,RM Farrell,0,0,,,,,,,,,
1044209,2016,2016-09-25,Khettarama Stadium,2,11.2,Sri Lanka,Australia,PM Weerakkody,AC Jayangani,RM Farrell,0,1,,,,1,,,,,
1044209,2016,2016-09-25,Khettarama Stadium,2,11.3,Sri Lanka,Australia,AC Jayangani,PM Weerakkody,RM Farrell,0,0,,,,,,,,,
1044209,2016,2016-09-25,Khettarama Stadium,2,11.4,Sri Lanka,Australia,AC Jayangani,PM Weerakkody,RM Farrell,4,0,,,,,,,,,
1044209,2016,2016-09-25,Khettarama Stadium,2,11.5,Sri Lanka,Australia,AC Jayangani,PM Weerakkody,RM Farrell,0,0,,,,,,,,,
1044209,2016,2016-09-25,Khettarama Stadium,2,11.6,Sri Lanka,Australia,AC Jayangani,PM Weerakkody,RM Farrell,1,0,,,,,,,,,
1044209,2016,2016-09-25,Khettarama Stadium,2,12.1,Sri Lanka,Australia,AC Jayangani,PM Weerakkody,JL Jonassen,0,0,,,,,,,,,
1044209,2016,2016-09-25,Khettarama Stadium,2,12.2,Sri Lanka,Australia,AC Jayangani,PM Weerakkody,JL Jonassen,0,0,,,,,,,,,
1044209,2016,2016-09-25,Khettarama Stadium,2,12.3,Sri Lanka,Australia,AC Jayangani,PM Weerakkody,JL Jonassen,0,0,,,,,,,,,
1044209,2016,2016-09-25,Khettarama Stadium,2,12.4,Sri Lanka,Australia,AC Jayangani,PM Weerakkody,JL Jonassen,0,0,,,,,,,,,
1044209,2016,2016-09-25,Khettarama Stadium,2,12.5,Sri Lanka,Australia,AC Jayangani,PM Weerakkody,JL Jonassen,0,1,,,1,,,,,,
1044209,2016,2016-09-25,Khettarama Stadium,2,12.6,Sri Lanka,Australia,PM Weerakkody,AC Jayangani,JL Jonassen,0,0,,,,,,,,,
1044209,2016,2016-09-25,Khettarama Stadium,2,13.1,Sri Lanka,Australia,AC Jayangani,PM Weerakkody,RM Farrell,0,0,,,,,,,,,
1044209,2016,2016-09-25,Khettarama Stadium,2,13.2,Sri Lanka,Australia,AC Jayangani,PM Weerakkody,RM Farrell,0,0,,,,,,,,,
1044209,2016,2016-09-25,Khettarama Stadium,2,13.3,Sri Lanka,Australia,AC Jayangani,PM Weerakkody,RM Farrell,2,0,,,,,,,,,
1044209,2016,2016-09-25,Khettarama Stadium,2,13.4,Sri Lanka,Australia,AC Jayangani,PM Weerakkody,RM Farrell,1,0,,,,,,,,,
1044209,2016,2016-09-25,Khettarama Stadium,2,13.5,Sri Lanka,Australia,PM Weerakkody,AC Jayangani,RM Farrell,2,0,,,,,,,,,
1044209,2016,2016-09-25,Khettarama Stadium,2,13.6,Sri Lanka,Australia,PM Weerakkody,AC Jayangani,RM Farrell,2,0,,,,,,,,,
1044209,2016,2016-09-25,Khettarama Stadium,2,14.1,Sri Lanka,Australia,AC Jayangani,PM Weerakkody,JL Jonassen,0,0,,,,,,,,,
1044209,2016,2016-09-25,Khettarama Stadium,2,14.2,Sri Lanka,Australia,AC Jayangani,PM Weerakkody,JL Jonassen,1,0,,,,,,,,,
1044209,2016,2016-09-25,Khettarama Stadium,2,14.3,Sri Lanka,Australia,PM Weerakkody,AC Jayangani,JL Jonassen,1,0,,,,,,,,,
1044209,2016,2016-09-25,Khettarama Stadium,2,14.4,Sri Lanka,Australia,AC Jayangani,PM Weerakkody,JL Jonassen,1,0,,,,,,,,,
1044209,2016,2016-09-25,Khettarama Stadium,2,14.5,Sri Lanka,Australia,PM Weerakkody,AC Jayangani,JL Jonassen,0,0,,,,,,,,,
1044209,2016,2016-09-25,Khettarama Stadium,2,14.6,Sri Lanka,Australia,PM Weerakkody,AC Jayangani,JL Jonassen,0,0,,,,,,,,,
1044209,2016,2016-09-25,Khettarama Stadium,2,15.1,Sri Lanka,Australia,AC Jayangani,PM Weerakkody,KM Beams,0,0,,,,,,lbw,AC Jayangani,,
1044209,2016,2016-09-25,Khettarama Stadium,2,15.2,Sri Lanka,Australia,PRCS Kumarihami,PM Weerakkody,KM Beams,0,0,,,,,,,,,
1044209,2016,2016-09-25,Khettarama Stadium,2,15.3,Sri Lanka,Australia,PRCS Kumarihami,PM Weerakkody,KM Beams,0,0,,,,,,,,,
1044209,2016,2016-09-25,Khettarama Stadium,2,15.4,Sri Lanka,Australia,PRCS Kumarihami,PM Weerakkody,KM Beams,0,0,,,,,,,,,
1044209,2016,2016-09-25,Khettarama Stadium,2,15.5,Sri Lanka,Australia,PRCS Kumarihami,PM Weerakkody,KM Beams,1,0,,,,,,,,,
1044209,2016,2016-09-25,Khettarama Stadium,2,15.6,Sri Lanka,Australia,PM Weerakkody,PRCS Kumarihami,KM Beams,0,0,,,,,,,,,
1044209,2016,2016-09-25,Khettarama Stadium,2,16.1,Sri Lanka,Australia,PRCS Kumarihami,PM Weerakkody,JL Jonassen,0,0,,,,,,,,,
1044209,2016,2016-09-25,Khettarama Stadium,2,16.2,Sri Lanka,Australia,PRCS Kumarihami,PM Weerakkody,JL Jonassen,1,0,,,,,,,,,
1044209,2016,2016-09-25,Khettarama Stadium,2,16.3,Sri Lanka,Australia,PM Weerakkody,PRCS Kumarihami,JL Jonassen,1,0,,,,,,,,,
1044209,2016,2016-09-25,Khettarama Stadium,2,16.4,Sri Lanka,Australia,PRCS Kumarihami,PM Weerakkody,JL Jonassen,0,0,,,,,,,,,
1044209,2016,2016-09-25,Khettarama Stadium,2,16.5,Sri Lanka,Australia,PRCS Kumarihami,PM Weerakkody,JL Jonassen,0,0,,,,,,,,,
1044209,2016,2016-09-25,Khettarama Stadium,2,16.6,Sri Lanka,Australia,PRCS Kumarihami,PM Weerakkody,JL Jonassen,0,0,,,,,,,,,
1044209,2016,2016-09-25,Khettarama Stadium,2,17.1,Sri Lanka,Australia,PM Weerakkody,PRCS Kumarihami,KM Beams,0,0,,,,,,,,,
1044209,2016,2016-09-25,Khettarama Stadium,2,17.2,Sri Lanka,Australia,PM Weerakkody,PRCS Kumarihami,KM Beams,1,0,,,,,,,,,
1044209,2016,2016-09-25,Khettarama Stadium,2,17.3,Sri Lanka,Australia,PRCS Kumarihami,PM Weerakkody,KM Beams,1,0,,,,,,,,,
1044209,2016,2016-09-25,Khettarama Stadium,2,17.4,Sri Lanka,Australia,PM Weerakkody,PRCS Kumarihami,KM Beams,1,0,,,,,,,,,
1044209,2016,2016-09-25,Khettarama Stadium,2,17.5,Sri Lanka,Australia,PRCS Kumarihami,PM Weerakkody,KM Beams,0,0,,,,,,,,,
1044209,2016,2016-09-25,Khettarama Stadium,2,17.6,Sri Lanka,Australia,PRCS Kumarihami,PM Weerakkody,KM Beams,1,0,,,,,,,,,
1044209,2016,2016-09-25,Khettarama Stadium,2,18.1,Sri Lanka,Australia,PRCS Kumarihami,PM Weerakkody,JL Jonassen,0,0,,,,,,,,,
1044209,2016,2016-09-25,Khettarama Stadium,2,18.2,Sri Lanka,Australia,PRCS Kumarihami,PM Weerakkody,JL Jonassen,0,0,,,,,,,,,
1044209,2016,2016-09-25,Khettarama Stadium,2,18.3,Sri Lanka,Australia,PRCS Kumarihami,PM Weerakkody,JL Jonassen,1,0,,,,,,,,,
1044209,2016,2016-09-25,Khettarama Stadium,2,18.4,Sri Lanka,Australia,PM Weerakkody,PRCS Kumarihami,JL Jonassen,0,0,,,,,,,,,
1044209,2016,2016-09-25,Khettarama Stadium,2,18.5,Sri Lanka,Australia,PM Weerakkody,PRCS Kumarihami,JL Jonassen,1,0,,,,,,,,,
1044209,2016,2016-09-25,Khettarama Stadium,2,18.6,Sri Lanka,Australia,PRCS Kumarihami,PM Weerakkody,JL Jonassen,0,1,,,,1,,,,,
1044209,2016,2016-09-25,Khettarama Stadium,2,19.1,Sri Lanka,Australia,PRCS Kumarihami,PM Weerakkody,KM Beams,0,0,,,,,,,,,
1044209,2016,2016-09-25,Khettarama Stadium,2,19.2,Sri Lanka,Australia,PRCS Kumarihami,PM Weerakkody,KM Beams,1,0,,,,,,,,,
1044209,2016,2016-09-25,Khettarama Stadium,2,19.3,Sri Lanka,Australia,PM Weerakkody,PRCS Kumarihami,KM Beams,0,0,,,,,,,,,
1044209,2016,2016-09-25,Khettarama Stadium,2,19.4,Sri Lanka,Australia,PM Weerakkody,PRCS Kumarihami,KM Beams,0,0,,,,,,,,,
1044209,2016,2016-09-25,Khettarama Stadium,2,19.5,Sri Lanka,Australia,PM Weerakkody,PRCS Kumarihami,KM Beams,0,0,,,,,,,,,
1044209,2016,2016-09-25,Khettarama Stadium,2,19.6,Sri Lanka,Australia,PM Weerakkody,PRCS Kumarihami,KM Beams,0,0,,,,,,,,,
1044209,2016,2016-09-25,Khettarama Stadium,2,20.1,Sri Lanka,Australia,PRCS Kumarihami,PM Weerakkody,JL Jonassen,0,0,,,,,,,,,
1044209,2016,2016-09-25,Khettarama Stadium,2,20.2,Sri Lanka,Australia,PRCS Kumarihami,PM Weerakkody,JL Jonassen,0,0,,,,,,,,,
1044209,2016,2016-09-25,Khettarama Stadium,2,20.3,Sri Lanka,Australia,PRCS Kumarihami,PM Weerakkody,JL Jonassen,0,0,,,,,,,,,
1044209,2016,2016-09-25,Khettarama Stadium,2,20.4,Sri Lanka,Australia,PRCS Kumarihami,PM Weerakkody,JL Jonassen,0,0,,,,,,,,,
1044209,2016,2016-09-25,Khettarama Stadium,2,20.5,Sri Lanka,Australia,PRCS Kumarihami,PM Weerakkody,JL Jonassen,0,1,1,,,,,,,,
1044209,2016,2016-09-25,Khettarama Stadium,2,20.6,Sri Lanka,Australia,PRCS Kumarihami,PM Weerakkody,JL Jonassen,0,0,,,,,,,,,
1044209,2016,2016-09-25,Khettarama Stadium,2,20.7,Sri Lanka,Australia,PRCS Kumarihami,PM Weerakkody,JL Jonassen,1,0,,,,,,,,,
1044209,2016,2016-09-25,Khettarama Stadium,2,21.1,Sri Lanka,Australia,PRCS Kumarihami,PM Weerakkody,KM Beams,1,0,,,,,,,,,
1044209,2016,2016-09-25,Khettarama Stadium,2,21.2,Sri Lanka,Australia,PM Weerakkody,PRCS Kumarihami,KM Beams,0,0,,,,,,,,,
1044209,2016,2016-09-25,Khettarama Stadium,2,21.3,Sri Lanka,Australia,PM Weerakkody,PRCS Kumarihami,KM Beams,4,0,,,,,,,,,
1044209,2016,2016-09-25,Khettarama Stadium,2,21.4,Sri Lanka,Australia,PM Weerakkody,PRCS Kumarihami,KM Beams,0,0,,,,,,,,,
1044209,2016,2016-09-25,Khettarama Stadium,2,21.5,Sri Lanka,Australia,PM Weerakkody,PRCS Kumarihami,KM Beams,0,0,,,,,,caught,PM Weerakkody,,
1044209,2016,2016-09-25,Khettarama Stadium,2,21.6,Sri Lanka,Australia,LE Kaushalya,PRCS Kumarihami,KM Beams,1,0,,,,,,,,,
1044209,2016,2016-09-25,Khettarama Stadium,2,22.1,Sri Lanka,Australia,LE Kaushalya,PRCS Kumarihami,JL Jonassen,0,0,,,,,,,,,
1044209,2016,2016-09-25,Khettarama Stadium,2,22.2,Sri Lanka,Australia,LE Kaushalya,PRCS Kumarihami,JL Jonassen,0,0,,,,,,,,,
1044209,2016,2016-09-25,Khettarama Stadium,2,22.3,Sri Lanka,Australia,LE Kaushalya,PRCS Kumarihami,JL Jonassen,0,0,,,,,,,,,
1044209,2016,2016-09-25,Khettarama Stadium,2,22.4,Sri Lanka,Australia,LE Kaushalya,PRCS Kumarihami,JL Jonassen,0,0,,,,,,,,,
1044209,2016,2016-09-25,Khettarama Stadium,2,22.5,Sri Lanka,Australia,LE Kaushalya,PRCS Kumarihami,JL Jonassen,0,0,,,,,,,,,
1044209,2016,2016-09-25,Khettarama Stadium,2,22.6,Sri Lanka,Australia,LE Kaushalya,PRCS Kumarihami,JL Jonassen,0,0,,,,,,,,,
1044209,2016,2016-09-25,Khettarama Stadium,2,23.1,Sri Lanka,Australia,PRCS Kumarihami,LE Kaushalya,KM Beams,0,0,,,,,,,,,
1044209,2016,2016-09-25,Khettarama Stadium,2,23.2,Sri Lanka,Australia,PRCS Kumarihami,LE Kaushalya,KM Beams,0,0,,,,,,,,,
1044209,2016,2016-09-25,Khettarama Stadium,2,23.3,Sri Lanka,Australia,PRCS Kumarihami,LE Kaushalya,KM Beams,1,0,,,,,,,,,
1044209,2016,2016-09-25,Khettarama Stadium,2,23.4,Sri Lanka,Australia,LE Kaushalya,PRCS Kumarihami,KM Beams,2,0,,,,,,,,,
1044209,2016,2016-09-25,Khettarama Stadium,2,23.5,Sri Lanka,Australia,LE Kaushalya,PRCS Kumarihami,KM Beams,0,0,,,,,,,,,
1044209,2016,2016-09-25,Khettarama Stadium,2,23.6,Sri Lanka,Australia,LE Kaushalya,PRCS Kumarihami,KM Beams,0,0,,,,,,,,,
1044209,2016,2016-09-25,Khettarama Stadium,2,24.1,Sri Lanka,Australia,PRCS Kumarihami,LE Kaushalya,JL Jonassen,0,0,,,,,,,,,
1044209,2016,2016-09-25,Khettarama Stadium,2,24.2,Sri Lanka,Australia,PRCS Kumarihami,LE Kaushalya,JL Jonassen,0,0,,,,,,,,,
1044209,2016,2016-09-25,Khettarama Stadium,2,24.3,Sri Lanka,Australia,PRCS Kumarihami,LE Kaushalya,JL Jonassen,0,0,,,,,,,,,
1044209,2016,2016-09-25,Khettarama Stadium,2,24.4,Sri Lanka,Australia,PRCS Kumarihami,LE Kaushalya,JL Jonassen,0,0,,,,,,,,,
1044209,2016,2016-09-25,Khettarama Stadium,2,24.5,Sri Lanka,Australia,PRCS Kumarihami,LE Kaushalya,JL Jonassen,0,0,,,,,,,,,
1044209,2016,2016-09-25,Khettarama Stadium,2,24.6,Sri Lanka,Australia,PRCS Kumarihami,LE Kaushalya,JL Jonassen,0,0,,,,,,,,,
1044209,2016,2016-09-25,Khettarama Stadium,2,25.1,Sri Lanka,Australia,LE Kaushalya,PRCS Kumarihami,KM Beams,1,0,,,,,,,,,
1044209,2016,2016-09-25,Khettarama Stadium,2,25.2,Sri Lanka,Australia,PRCS Kumarihami,LE Kaushalya,KM Beams,1,0,,,,,,,,,
1044209,2016,2016-09-25,Khettarama Stadium,2,25.3,Sri Lanka,Australia,LE Kaushalya,PRCS Kumarihami,KM Beams,0,0,,,,,,,,,
1044209,2016,2016-09-25,Khettarama Stadium,2,25.4,Sri Lanka,Australia,LE Kaushalya,PRCS Kumarihami,KM Beams,1,0,,,,,,,,,
1044209,2016,2016-09-25,Khettarama Stadium,2,25.5,Sri Lanka,Australia,PRCS Kumarihami,LE Kaushalya,KM Beams,0,0,,,,,,,,,
1044209,2016,2016-09-25,Khettarama Stadium,2,25.6,Sri Lanka,Australia,PRCS Kumarihami,LE Kaushalya,KM Beams,0,0,,,,,,,,,
1044209,2016,2016-09-25,Khettarama Stadium,2,26.1,Sri Lanka,Australia,LE Kaushalya,PRCS Kumarihami,JL Jonassen,0,0,,,,,,,,,
1044209,2016,2016-09-25,Khettarama Stadium,2,26.2,Sri Lanka,Australia,LE Kaushalya,PRCS Kumarihami,JL Jonassen,0,0,,,,,,,,,
1044209,2016,2016-09-25,Khettarama Stadium,2,26.3,Sri Lanka,Australia,LE Kaushalya,PRCS Kumarihami,JL Jonassen,1,0,,,,,,,,,
1044209,2016,2016-09-25,Khettarama Stadium,2,26.4,Sri Lanka,Australia,PRCS Kumarihami,LE Kaushalya,JL Jonassen,0,1,1,,,,,,,,
1044209,2016,2016-09-25,Khettarama Stadium,2,26.5,Sri Lanka,Australia,PRCS Kumarihami,LE Kaushalya,JL Jonassen,0,0,,,,,,,,,
1044209,2016,2016-09-25,Khettarama Stadium,2,26.6,Sri Lanka,Australia,PRCS Kumarihami,LE Kaushalya,JL Jonassen,0,1,1,,,,,,,,
1044209,2016,2016-09-25,Khettarama Stadium,2,26.7,Sri Lanka,Australia,PRCS Kumarihami,LE Kaushalya,JL Jonassen,0,0,,,,,,,,,
1044209,2016,2016-09-25,Khettarama Stadium,2,26.8,Sri Lanka,Australia,PRCS Kumarihami,LE Kaushalya,JL Jonassen,0,0,,,,,,,,,
1044209,2016,2016-09-25,Khettarama Stadium,2,27.1,Sri Lanka,Australia,LE Kaushalya,PRCS Kumarihami,KM Beams,0,0,,,,,,caught,LE Kaushalya,,
1044209,2016,2016-09-25,Khettarama Stadium,2,27.2,Sri Lanka,Australia,MDN Hansika,PRCS Kumarihami,KM Beams,0,0,,,,,,,,,
1044209,2016,2016-09-25,Khettarama Stadium,2,27.3,Sri Lanka,Australia,MDN Hansika,PRCS Kumarihami,KM Beams,1,0,,,,,,,,,
1044209,2016,2016-09-25,Khettarama Stadium,2,27.4,Sri Lanka,Australia,PRCS Kumarihami,MDN Hansika,KM Beams,1,0,,,,,,,,,
1044209,2016,2016-09-25,Khettarama Stadium,2,27.5,Sri Lanka,Australia,MDN Hansika,PRCS Kumarihami,KM Beams,0,0,,,,,,,,,
1044209,2016,2016-09-25,Khettarama Stadium,2,27.6,Sri Lanka,Australia,MDN Hansika,PRCS Kumarihami,KM Beams,0,0,,,,,,,,,
1044209,2016,2016-09-25,Khettarama Stadium,2,28.1,Sri Lanka,Australia,PRCS Kumarihami,MDN Hansika,HL Ferling,0,1,1,,,,,,,,
1044209,2016,2016-09-25,Khettarama Stadium,2,28.2,Sri Lanka,Australia,PRCS Kumarihami,MDN Hansika,HL Ferling,0,1,1,,,,,,,,
1044209,2016,2016-09-25,Khettarama Stadium,2,28.3,Sri Lanka,Australia,PRCS Kumarihami,MDN Hansika,HL Ferling,0,0,,,,,,,,,
1044209,2016,2016-09-25,Khettarama Stadium,2,28.4,Sri Lanka,Australia,PRCS Kumarihami,MDN Hansika,HL Ferling,0,0,,,,,,,,,
1044209,2016,2016-09-25,Khettarama Stadium,2,28.5,Sri Lanka,Australia,PRCS Kumarihami,MDN Hansika,HL Ferling,1,0,,,,,,,,,
1044209,2016,2016-09-25,Khettarama Stadium,2,28.6,Sri Lanka,Australia,MDN Hansika,PRCS Kumarihami,HL Ferling,0,1,1,,,,,,,,
1044209,2016,2016-09-25,Khettarama Stadium,2,28.7,Sri Lanka,Australia,MDN Hansika,PRCS Kumarihami,HL Ferling,0,0,,,,,,,,,
1044209,2016,2016-09-25,Khettarama Stadium,2,28.8,Sri Lanka,Australia,MDN Hansika,PRCS Kumarihami,HL Ferling,0,0,,,,,,,,,
1044209,2016,2016-09-25,Khettarama Stadium,2,28.9,Sri Lanka,Australia,MDN Hansika,PRCS Kumarihami,HL Ferling,0,0,,,,,,,,,
1044209,2016,2016-09-25,Khettarama Stadium,2,29.1,Sri Lanka,Australia,PRCS Kumarihami,MDN Hansika,KM Beams,0,0,,,,,,,,,
1044209,2016,2016-09-25,Khettarama Stadium,2,29.2,Sri Lanka,Australia,PRCS Kumarihami,MDN Hansika,KM Beams,2,0,,,,,,,,,
1044209,2016,2016-09-25,Khettarama Stadium,2,29.3,Sri Lanka,Australia,PRCS Kumarihami,MDN Hansika,KM Beams,0,0,,,,,,,,,
1044209,2016,2016-09-25,Khettarama Stadium,2,29.4,Sri Lanka,Australia,PRCS Kumarihami,MDN Hansika,KM Beams,0,0,,,,,,,,,
1044209,2016,2016-09-25,Khettarama Stadium,2,29.5,Sri Lanka,Australia,PRCS Kumarihami,MDN Hansika,KM Beams,1,0,,,,,,,,,
1044209,2016,2016-09-25,Khettarama Stadium,2,29.6,Sri Lanka,Australia,MDN Hansika,PRCS Kumarihami,KM Beams,0,0,,,,,,,,,
1044209,2016,2016-09-25,Khettarama Stadium,2,30.1,Sri Lanka,Australia,PRCS Kumarihami,MDN Hansika,HL Ferling,0,1,,,,1,,,,,
1044209,2016,2016-09-25,Khettarama Stadium,2,30.2,Sri Lanka,Australia,MDN Hansika,PRCS Kumarihami,HL Ferling,1,0,,,,,,,,,
1044209,2016,2016-09-25,Khettarama Stadium,2,30.3,Sri Lanka,Australia,PRCS Kumarihami,MDN Hansika,HL Ferling,0,0,,,,,,,,,
1044209,2016,2016-09-25,Khettarama Stadium,2,30.4,Sri Lanka,Australia,PRCS Kumarihami,MDN Hansika,HL Ferling,1,0,,,,,,,,,
1044209,2016,2016-09-25,Khettarama Stadium,2,30.5,Sri Lanka,Australia,MDN Hansika,PRCS Kumarihami,HL Ferling,0,0,,,,,,,,,
1044209,2016,2016-09-25,Khettarama Stadium,2,30.6,Sri Lanka,Australia,MDN Hansika,PRCS Kumarihami,HL Ferling,1,0,,,,,,,,,
1044209,2016,2016-09-25,Khettarama Stadium,2,31.1,Sri Lanka,Australia,MDN Hansika,PRCS Kumarihami,KM Beams,1,0,,,,,,,,,
1044209,2016,2016-09-25,Khettarama Stadium,2,31.2,Sri Lanka,Australia,PRCS Kumarihami,MDN Hansika,KM Beams,2,0,,,,,,,,,
1044209,2016,2016-09-25,Khettarama Stadium,2,31.3,Sri Lanka,Australia,PRCS Kumarihami,MDN Hansika,KM Beams,0,0,,,,,,,,,
1044209,2016,2016-09-25,Khettarama Stadium,2,31.4,Sri Lanka,Australia,PRCS Kumarihami,MDN Hansika,KM Beams,0,0,,,,,,,,,
1044209,2016,2016-09-25,Khettarama Stadium,2,31.5,Sri Lanka,Australia,PRCS Kumarihami,MDN Hansika,KM Beams,0,0,,,,,,,,,
1044209,2016,2016-09-25,Khettarama Stadium,2,31.6,Sri Lanka,Australia,PRCS Kumarihami,MDN Hansika,KM Beams,0,0,,,,,,,,,
1044209,2016,2016-09-25,Khettarama Stadium,2,32.1,Sri Lanka,Australia,MDN Hansika,PRCS Kumarihami,HL Ferling,0,0,,,,,,,,,
1044209,2016,2016-09-25,Khettarama Stadium,2,32.2,Sri Lanka,Australia,MDN Hansika,PRCS Kumarihami,HL Ferling,0,0,,,,,,,,,
1044209,2016,2016-09-25,Khettarama Stadium,2,32.3,Sri Lanka,Australia,MDN Hansika,PRCS Kumarihami,HL Ferling,1,0,,,,,,,,,
1044209,2016,2016-09-25,Khettarama Stadium,2,32.4,Sri Lanka,Australia,PRCS Kumarihami,MDN Hansika,HL Ferling,1,0,,,,,,,,,
1044209,2016,2016-09-25,Khettarama Stadium,2,32.5,Sri Lanka,Australia,MDN Hansika,PRCS Kumarihami,HL Ferling,0,0,,,,,,,,,
1044209,2016,2016-09-25,Khettarama Stadium,2,32.6,Sri Lanka,Australia,MDN Hansika,PRCS Kumarihami,HL Ferling,0,1,1,,,,,,,,
1044209,2016,2016-09-25,Khettarama Stadium,2,32.7,Sri Lanka,Australia,MDN Hansika,PRCS Kumarihami,HL Ferling,0,0,,,,,,caught,MDN Hansika,,
1044209,2016,2016-09-25,Khettarama Stadium,2,33.1,Sri Lanka,Australia,PRCS Kumarihami,KADA Kanchana,KM Beams,0,0,,,,,,,,,
1044209,2016,2016-09-25,Khettarama Stadium,2,33.2,Sri Lanka,Australia,PRCS Kumarihami,KADA Kanchana,KM Beams,0,0,,,,,,caught,PRCS Kumarihami,,
1044209,2016,2016-09-25,Khettarama Stadium,2,33.3,Sri Lanka,Australia,KDU Prabodhani,KADA Kanchana,KM Beams,0,0,,,,,,,,,
1044209,2016,2016-09-25,Khettarama Stadium,2,33.4,Sri Lanka,Australia,KDU Prabodhani,KADA Kanchana,KM Beams,0,0,,,,,,,,,
1044209,2016,2016-09-25,Khettarama Stadium,2,33.5,Sri Lanka,Australia,KDU Prabodhani,KADA Kanchana,KM Beams,0,0,,,,,,,,,
1044209,2016,2016-09-25,Khettarama Stadium,2,33.6,Sri Lanka,Australia,KDU Prabodhani,KADA Kanchana,KM Beams,0,0,,,,,,,,,
1044209,2016,2016-09-25,Khettarama Stadium,2,34.1,Sri Lanka,Australia,KADA Kanchana,KDU Prabodhani,RM Farrell,0,0,,,,,,,,,
1044209,2016,2016-09-25,Khettarama Stadium,2,34.2,Sri Lanka,Australia,KADA Kanchana,KDU Prabodhani,RM Farrell,0,0,,,,,,,,,
1044209,2016,2016-09-25,Khettarama Stadium,2,34.3,Sri Lanka,Australia,KADA Kanchana,KDU Prabodhani,RM Farrell,0,0,,,,,,,,,
1044209,2016,2016-09-25,Khettarama Stadium,2,34.4,Sri Lanka,Australia,KADA Kanchana,KDU Prabodhani,RM Farrell,0,0,,,,,,,,,
1044209,2016,2016-09-25,Khettarama Stadium,2,34.5,Sri Lanka,Australia,KADA Kanchana,KDU Prabodhani,RM Farrell,1,0,,,,,,,,,
1044209,2016,2016-09-25,Khettarama Stadium,2,34.6,Sri Lanka,Australia,KDU Prabodhani,KADA Kanchana,RM Farrell,0,0,,,,,,,,,
1044209,2016,2016-09-25,Khettarama Stadium,2,35.1,Sri Lanka,Australia,KADA Kanchana,KDU Prabodhani,EA Osborne,0,0,,,,,,,,,
1044209,2016,2016-09-25,Khettarama Stadium,2,35.2,Sri Lanka,Australia,KADA Kanchana,KDU Prabodhani,EA Osborne,0,0,,,,,,,,,
1044209,2016,2016-09-25,Khettarama Stadium,2,35.3,Sri Lanka,Australia,KADA Kanchana,KDU Prabodhani,EA Osborne,4,0,,,,,,,,,
1044209,2016,2016-09-25,Khettarama Stadium,2,35.4,Sri Lanka,Australia,KADA Kanchana,KDU Prabodhani,EA Osborne,0,0,,,,,,,,,
1044209,2016,2016-09-25,Khettarama Stadium,2,35.5,Sri Lanka,Australia,KADA Kanchana,KDU Prabodhani,EA Osborne,0,0,,,,,,,,,
1044209,2016,2016-09-25,Khettarama Stadium,2,35.6,Sri Lanka,Australia,KADA Kanchana,KDU Prabodhani,EA Osborne,0,0,,,,,,,,,
1044209,2016,2016-09-25,Khettarama Stadium,2,36.1,Sri Lanka,Australia,KDU Prabodhani,KADA Kanchana,RM Farrell,0,0,,,,,,,,,
1044209,2016,2016-09-25,Khettarama Stadium,2,36.2,Sri Lanka,Australia,KDU Prabodhani,KADA Kanchana,RM Farrell,0,0,,,,,,,,,
1044209,2016,2016-09-25,Khettarama Stadium,2,36.3,Sri Lanka,Australia,KDU Prabodhani,KADA Kanchana,RM Farrell,0,0,,,,,,,,,
1044209,2016,2016-09-25,Khettarama Stadium,2,36.4,Sri Lanka,Australia,KDU Prabodhani,KADA Kanchana,RM Farrell,0,0,,,,,,,,,
1044209,2016,2016-09-25,Khettarama Stadium,2,36.5,Sri Lanka,Australia,KDU Prabodhani,KADA Kanchana,RM Farrell,0,0,,,,,,,,,
1044209,2016,2016-09-25,Khettarama Stadium,2,36.6,Sri Lanka,Australia,KDU Prabodhani,KADA Kanchana,RM Farrell,0,0,,,,,,,,,
1044209,2016,2016-09-25,Khettarama Stadium,2,37.1,Sri Lanka,Australia,KADA Kanchana,KDU Prabodhani,EA Osborne,0,0,,,,,,,,,
1044209,2016,2016-09-25,Khettarama Stadium,2,37.2,Sri Lanka,Australia,KADA Kanchana,KDU Prabodhani,EA Osborne,0,0,,,,,,,,,
1044209,2016,2016-09-25,Khettarama Stadium,2,37.3,Sri Lanka,Australia,KADA Kanchana,KDU Prabodhani,EA Osborne,0,0,,,,,,,,,
1044209,2016,2016-09-25,Khettarama Stadium,2,37.4,Sri Lanka,Australia,KADA Kanchana,KDU Prabodhani,EA Osborne,2,0,,,,,,,,,
1044209,2016,2016-09-25,Khettarama Stadium,2,37.5,Sri Lanka,Australia,KADA Kanchana,KDU Prabodhani,EA Osborne,0,0,,,,,,,,,
1044209,2016,2016-09-25,Khettarama Stadium,2,37.6,Sri Lanka,Australia,KADA Kanchana,KDU Prabodhani,EA Osborne,0,0,,,,,,,,,
1044209,2016,2016-09-25,Khettarama Stadium,2,38.1,Sri Lanka,Australia,KDU Prabodhani,KADA Kanchana,RM Farrell,1,0,,,,,,,,,
1044209,2016,2016-09-25,Khettarama Stadium,2,38.2,Sri Lanka,Australia,KADA Kanchana,KDU Prabodhani,RM Farrell,0,0,,,,,,,,,
1044209,2016,2016-09-25,Khettarama Stadium,2,38.3,Sri Lanka,Australia,KADA Kanchana,KDU Prabodhani,RM Farrell,0,0,,,,,,caught,KADA Kanchana,,
1044209,2016,2016-09-25,Khettarama Stadium,2,38.4,Sri Lanka,Australia,I Ranaweera,KDU Prabodhani,RM Farrell,0,0,,,,,,,,,
1044209,2016,2016-09-25,Khettarama Stadium,2,38.5,Sri Lanka,Australia,I Ranaweera,KDU Prabodhani,RM Farrell,1,0,,,,,,,,,
1044209,2016,2016-09-25,Khettarama Stadium,2,38.6,Sri Lanka,Australia,KDU Prabodhani,I Ranaweera,RM Farrell,1,0,,,,,,,,,
1044209,2016,2016-09-25,Khettarama Stadium,2,39.1,Sri Lanka,Australia,KDU Prabodhani,I Ranaweera,EA Osborne,0,0,,,,,,,,,
1044209,2016,2016-09-25,Khettarama Stadium,2,39.2,Sri Lanka,Australia,KDU Prabodhani,I Ranaweera,EA Osborne,0,0,,,,,,,,,
1044209,2016,2016-09-25,Khettarama Stadium,2,39.3,Sri Lanka,Australia,KDU Prabodhani,I Ranaweera,EA Osborne,0,0,,,,,,,,,
1044209,2016,2016-09-25,Khettarama Stadium,2,39.4,Sri Lanka,Australia,KDU Prabodhani,I Ranaweera,EA Osborne,1,0,,,,,,,,,
1044209,2016,2016-09-25,Khettarama Stadium,2,39.5,Sri Lanka,Australia,I Ranaweera,KDU Prabodhani,EA Osborne,0,0,,,,,,,,,
1044209,2016,2016-09-25,Khettarama Stadium,2,39.6,Sri Lanka,Australia,I Ranaweera,KDU Prabodhani,EA Osborne,0,0,,,,,,,,,
1044209,2016,2016-09-25,Khettarama Stadium,2,40.1,Sri Lanka,Australia,KDU Prabodhani,I Ranaweera,RM Farrell,0,0,,,,,,,,,
1044209,2016,2016-09-25,Khettarama Stadium,2,40.2,Sri Lanka,Australia,KDU Prabodhani,I Ranaweera,RM Farrell,0,0,,,,,,,,,
1044209,2016,2016-09-25,Khettarama Stadium,2,40.3,Sri Lanka,Australia,KDU Prabodhani,I Ranaweera,RM Farrell,0,0,,,,,,caught,KDU Prabodhani,,
1044209,2016,2016-09-25,Khettarama Stadium,2,40.4,Sri Lanka,Australia,BMSM Kumari,I Ranaweera,RM Farrell,0,0,,,,,,,,,
1044209,2016,2016-09-25,Khettarama Stadium,2,40.5,Sri Lanka,Australia,BMSM Kumari,I Ranaweera,RM Farrell,0,0,,,,,,,,,
1044209,2016,2016-09-25,Khettarama Stadium,2,40.6,Sri Lanka,Australia,BMSM Kumari,I Ranaweera,RM Farrell,1,0,,,,,,,,,
1044209,2016,2016-09-25,Khettarama Stadium,2,41.1,Sri Lanka,Australia,BMSM Kumari,I Ranaweera,EA Osborne,0,0,,,,,,,,,
1044209,2016,2016-09-25,Khettarama Stadium,2,41.2,Sri Lanka,Australia,BMSM Kumari,I Ranaweera,EA Osborne,1,0,,,,,,,,,
1044209,2016,2016-09-25,Khettarama Stadium,2,41.3,Sri Lanka,Australia,I Ranaweera,BMSM Kumari,EA Osborne,0,0,,,,,,,,,
1044209,2016,2016-09-25,Khettarama Stadium,2,41.4,Sri Lanka,Australia,I Ranaweera,BMSM Kumari,EA Osborne,0,0,,,,,,,,,
1044209,2016,2016-09-25,Khettarama Stadium,2,41.5,Sri Lanka,Australia,I Ranaweera,BMSM Kumari,EA Osborne,0,0,,,,,,,,,
1044209,2016,2016-09-25,Khettarama Stadium,2,41.6,Sri Lanka,Australia,I Ranaweera,BMSM Kumari,EA Osborne,0,0,,,,,,,,,
1044209,2016,2016-09-25,Khettarama Stadium,2,42.1,Sri Lanka,Australia,BMSM Kumari,I Ranaweera,RM Farrell,0,0,,,,,,,,,
1044209,2016,2016-09-25,Khettarama Stadium,2,42.2,Sri Lanka,Australia,BMSM Kumari,I Ranaweera,RM Farrell,0,0,,,,,,,,,
1044209,2016,2016-09-25,Khettarama Stadium,2,42.3,Sri Lanka,Australia,BMSM Kumari,I Ranaweera,RM Farrell,0,0,,,,,,lbw,BMSM Kumari,,
1044209,2016,2016-09-25,Khettarama Stadium,2,42.4,Sri Lanka,Australia,SIP Fernando,I Ranaweera,RM Farrell,0,0,,,,,,,,,
1044209,2016,2016-09-25,Khettarama Stadium,2,42.5,Sri Lanka,Australia,SIP Fernando,I Ranaweera,RM Farrell,0,0,,,,,,,,,
1044209,2016,2016-09-25,Khettarama Stadium,2,42.6,Sri Lanka,Australia,SIP Fernando,I Ranaweera,RM Farrell,0,0,,,,,,,,,
1044209,2016,2016-09-25,Khettarama Stadium,2,43.1,Sri Lanka,Australia,I Ranaweera,SIP Fernando,EA Osborne,0,0,,,,,,,,,
1044209,2016,2016-09-25,Khettarama Stadium,2,43.2,Sri Lanka,Australia,I Ranaweera,SIP Fernando,EA Osborne,1,0,,,,,,,,,
1044209,2016,2016-09-25,Khettarama Stadium,2,43.3,Sri Lanka,Australia,SIP Fernando,I Ranaweera,EA Osborne,0,0,,,,,,,,,
1044209,2016,2016-09-25,Khettarama Stadium,2,43.4,Sri Lanka,Australia,SIP Fernando,I Ranaweera,EA Osborne,0,0,,,,,,,,,
1044209,2016,2016-09-25,Khettarama Stadium,2,43.5,Sri Lanka,Australia,SIP Fernando,I Ranaweera,EA Osborne,0,0,,,,,,,,,
1044209,2016,2016-09-25,Khettarama Stadium,2,43.6,Sri Lanka,Australia,SIP Fernando,I Ranaweera,EA Osborne,0,0,,,,,,,,,
1044209,2016,2016-09-25,Khettarama Stadium,2,44.1,Sri Lanka,Australia,I Ranaweera,SIP Fernando,RM Farrell,0,0,,,,,,,,,
1044209,2016,2016-09-25,Khettarama Stadium,2,44.2,Sri Lanka,Australia,I Ranaweera,SIP Fernando,RM Farrell,0,0,,,,,,,,,
1044209,2016,2016-09-25,Khettarama Stadium,2,44.3,Sri Lanka,Australia,I Ranaweera,SIP Fernando,RM Farrell,0,0,,,,,,,,,
1044209,2016,2016-09-25,Khettarama Stadium,2,44.4,Sri Lanka,Australia,I Ranaweera,SIP Fernando,RM Farrell,0,0,,,,,,,,,
1044209,2016,2016-09-25,Khettarama Stadium,2,44.5,Sri Lanka,Australia,I Ranaweera,SIP Fernando,RM Farrell,0,0,,,,,,,,,
1044209,2016,2016-09-25,Khettarama Stadium,2,44.6,Sri Lanka,Australia,I Ranaweera,SIP Fernando,RM Farrell,0,0,,,,,,,,,
1044209,2016,2016-09-25,Khettarama Stadium,2,45.1,Sri Lanka,Australia,SIP Fernando,I Ranaweera,HL Ferling,0,0,,,,,,,,,
1044209,2016,2016-09-25,Khettarama Stadium,2,45.2,Sri Lanka,Australia,SIP Fernando,I Ranaweera,HL Ferling,0,0,,,,,,,,,
1044209,2016,2016-09-25,Khettarama Stadium,2,45.3,Sri Lanka,Australia,SIP Fernando,I Ranaweera,HL Ferling,0,0,,,,,,,,,
1044209,2016,2016-09-25,Khettarama Stadium,2,45.4,Sri Lanka,Australia,SIP Fernando,I Ranaweera,HL Ferling,0,0,,,,,,,,,
1044209,2016,2016-09-25,Khettarama Stadium,2,45.5,Sri Lanka,Australia,SIP Fernando,I Ranaweera,HL Ferling,0,1,1,,,,,,,,
1044209,2016,2016-09-25,Khettarama Stadium,2,45.6,Sri Lanka,Australia,SIP Fernando,I Ranaweera,HL Ferling,0,0,,,,,,lbw,SIP Fernando,,
