match_id,season,start_date,venue,innings,ball,batting_team,bowling_team,striker,non_striker,bowler,runs_off_bat,extras,wides,noballs,byes,legbyes,penalty,wicket_type,player_dismissed,other_wicket_type,other_player_dismissed
1059196,2016/17,2016-11-17,R Premadasa Stadium,1,0.1,England,Sri Lanka,AE Jones,TT Beaumont,WGAKK Kulasuriya,4,0,,,,,,,,,
1059196,2016/17,2016-11-17,R Premadasa Stadium,1,0.2,England,Sri Lanka,AE Jones,TT Beaumont,WGAKK Kulasuriya,0,0,,,,,,,,,
1059196,2016/17,2016-11-17,R Premadasa Stadium,1,0.3,England,Sri Lanka,AE Jones,TT Beaumont,WGAKK Kulasuriya,0,0,,,,,,,,,
1059196,2016/17,2016-11-17,R Premadasa Stadium,1,0.4,England,Sri Lanka,AE Jones,TT Beaumont,WGAKK Kulasuriya,4,0,,,,,,,,,
1059196,2016/17,2016-11-17,R Premadasa Stadium,1,0.5,England,Sri Lanka,AE Jones,TT Beaumont,WGAKK Kulasuriya,0,0,,,,,,,,,
1059196,2016/17,2016-11-17,R Premadasa Stadium,1,0.6,England,Sri Lanka,AE Jones,TT Beaumont,WGAKK Kulasuriya,0,0,,,,,,,,,
1059196,2016/17,2016-11-17,R Premadasa Stadium,1,1.1,England,Sri Lanka,TT Beaumont,AE Jones,NND de Silva,0,0,,,,,,,,,
1059196,2016/17,2016-11-17,R Premadasa Stadium,1,1.2,England,Sri Lanka,TT Beaumont,AE Jones,NND de Silva,0,0,,,,,,caught,TT Beaumont,,
1059196,2016/17,2016-11-17,R Premadasa Stadium,1,1.3,England,Sri Lanka,HC Knight,AE Jones,NND de Silva,1,0,,,,,,,,,
1059196,2016/17,2016-11-17,R Premadasa Stadium,1,1.4,England,Sri Lanka,AE Jones,HC Knight,NND de Silva,1,0,,,,,,,,,
1059196,2016/17,2016-11-17,R Premadasa Stadium,1,1.5,England,Sri Lanka,HC Knight,AE Jones,NND de Silva,0,0,,,,,,,,,
1059196,2016/17,2016-11-17,R Premadasa Stadium,1,1.6,England,Sri Lanka,HC Knight,AE Jones,NND de Silva,0,0,,,,,,,,,
1059196,2016/17,2016-11-17,R Premadasa Stadium,1,2.1,England,Sri Lanka,AE Jones,HC Knight,WGAKK Kulasuriya,0,0,,,,,,,,,
1059196,2016/17,2016-11-17,R Premadasa Stadium,1,2.2,England,Sri Lanka,AE Jones,HC Knight,WGAKK Kulasuriya,0,0,,,,,,,,,
1059196,2016/17,2016-11-17,R Premadasa Stadium,1,2.3,England,Sri Lanka,AE Jones,HC Knight,WGAKK Kulasuriya,0,0,,,,,,,,,
1059196,2016/17,2016-11-17,R Premadasa Stadium,1,2.4,England,Sri Lanka,AE Jones,HC Knight,WGAKK Kulasuriya,0,0,,,,,,,,,
1059196,2016/17,2016-11-17,R Premadasa Stadium,1,2.5,England,Sri Lanka,AE Jones,HC Knight,WGAKK Kulasuriya,1,0,,,,,,,,,
1059196,2016/17,2016-11-17,R Premadasa Stadium,1,2.6,England,Sri Lanka,HC Knight,AE Jones,WGAKK Kulasuriya,0,0,,,,,,,,,
1059196,2016/17,2016-11-17,R Premadasa Stadium,1,3.1,England,Sri Lanka,AE Jones,HC Knight,NND de Silva,0,0,,,,,,,,,
1059196,2016/17,2016-11-17,R Premadasa Stadium,1,3.2,England,Sri Lanka,AE Jones,HC Knight,NND de Silva,1,0,,,,,,,,,
1059196,2016/17,2016-11-17,R Premadasa Stadium,1,3.3,England,Sri Lanka,HC Knight,AE Jones,NND de Silva,0,0,,,,,,,,,
1059196,2016/17,2016-11-17,R Premadasa Stadium,1,3.4,England,Sri Lanka,HC Knight,AE Jones,NND de Silva,0,0,,,,,,,,,
1059196,2016/17,2016-11-17,R Premadasa Stadium,1,3.5,England,Sri Lanka,HC Knight,AE Jones,NND de Silva,1,0,,,,,,,,,
1059196,2016/17,2016-11-17,R Premadasa Stadium,1,3.6,England,Sri Lanka,AE Jones,HC Knight,NND de Silva,1,0,,,,,,,,,
1059196,2016/17,2016-11-17,R Premadasa Stadium,1,4.1,England,Sri Lanka,AE Jones,HC Knight,WGAKK Kulasuriya,0,0,,,,,,,,,
1059196,2016/17,2016-11-17,R Premadasa Stadium,1,4.2,England,Sri Lanka,AE Jones,HC Knight,WGAKK Kulasuriya,4,0,,,,,,,,,
1059196,2016/17,2016-11-17,R Premadasa Stadium,1,4.3,England,Sri Lanka,AE Jones,HC Knight,WGAKK Kulasuriya,0,1,1,,,,,,,,
1059196,2016/17,2016-11-17,R Premadasa Stadium,1,4.4,England,Sri Lanka,AE Jones,HC Knight,WGAKK Kulasuriya,0,0,,,,,,,,,
1059196,2016/17,2016-11-17,R Premadasa Stadium,1,4.5,England,Sri Lanka,AE Jones,HC Knight,WGAKK Kulasuriya,0,0,,,,,,,,,
1059196,2016/17,2016-11-17,R Premadasa Stadium,1,4.6,England,Sri Lanka,AE Jones,HC Knight,WGAKK Kulasuriya,1,0,,,,,,,,,
1059196,2016/17,2016-11-17,R Premadasa Stadium,1,4.7,England,Sri Lanka,HC Knight,AE Jones,WGAKK Kulasuriya,1,0,,,,,,,,,
1059196,2016/17,2016-11-17,R Premadasa Stadium,1,5.1,England,Sri Lanka,HC Knight,AE Jones,NND de Silva,2,0,,,,,,,,,
1059196,2016/17,2016-11-17,R Premadasa Stadium,1,5.2,England,Sri Lanka,HC Knight,AE Jones,NND de Silva,0,0,,,,,,,,,
1059196,2016/17,2016-11-17,R Premadasa Stadium,1,5.3,England,Sri Lanka,HC Knight,AE Jones,NND de Silva,2,0,,,,,,,,,
1059196,2016/17,2016-11-17,R Premadasa Stadium,1,5.4,England,Sri Lanka,HC Knight,AE Jones,NND de Silva,0,0,,,,,,,,,
1059196,2016/17,2016-11-17,R Premadasa Stadium,1,5.5,England,Sri Lanka,HC Knight,AE Jones,NND de Silva,0,0,,,,,,,,,
1059196,2016/17,2016-11-17,R Premadasa Stadium,1,5.6,England,Sri Lanka,HC Knight,AE Jones,NND de Silva,0,0,,,,,,,,,
1059196,2016/17,2016-11-17,R Premadasa Stadium,1,6.1,England,Sri Lanka,AE Jones,HC Knight,SIP Fernando,1,0,,,,,,,,,
1059196,2016/17,2016-11-17,R Premadasa Stadium,1,6.2,England,Sri Lanka,HC Knight,AE Jones,SIP Fernando,0,0,,,,,,,,,
1059196,2016/17,2016-11-17,R Premadasa Stadium,1,6.3,England,Sri Lanka,HC Knight,AE Jones,SIP Fernando,0,0,,,,,,,,,
1059196,2016/17,2016-11-17,R Premadasa Stadium,1,6.4,England,Sri Lanka,HC Knight,AE Jones,SIP Fernando,1,0,,,,,,,,,
1059196,2016/17,2016-11-17,R Premadasa Stadium,1,6.5,England,Sri Lanka,AE Jones,HC Knight,SIP Fernando,0,0,,,,,,,,,
1059196,2016/17,2016-11-17,R Premadasa Stadium,1,6.6,England,Sri Lanka,AE Jones,HC Knight,SIP Fernando,0,0,,,,,,,,,
1059196,2016/17,2016-11-17,R Premadasa Stadium,1,7.1,England,Sri Lanka,HC Knight,AE Jones,NND de Silva,0,0,,,,,,,,,
1059196,2016/17,2016-11-17,R Premadasa Stadium,1,7.2,England,Sri Lanka,HC Knight,AE Jones,NND de Silva,1,0,,,,,,,,,
1059196,2016/17,2016-11-17,R Premadasa Stadium,1,7.3,England,Sri Lanka,AE Jones,HC Knight,NND de Silva,0,0,,,,,,,,,
1059196,2016/17,2016-11-17,R Premadasa Stadium,1,7.4,England,Sri Lanka,AE Jones,HC Knight,NND de Silva,4,0,,,,,,,,,
1059196,2016/17,2016-11-17,R Premadasa Stadium,1,7.5,England,Sri Lanka,AE Jones,HC Knight,NND de Silva,0,0,,,,,,,,,
1059196,2016/17,2016-11-17,R Premadasa Stadium,1,7.6,England,Sri Lanka,AE Jones,HC Knight,NND de Silva,4,0,,,,,,,,,
1059196,2016/17,2016-11-17,R Premadasa Stadium,1,8.1,England,Sri Lanka,HC Knight,AE Jones,SIP Fernando,2,0,,,,,,,,,
1059196,2016/17,2016-11-17,R Premadasa Stadium,1,8.2,England,Sri Lanka,HC Knight,AE Jones,SIP Fernando,0,0,,,,,,,,,
1059196,2016/17,2016-11-17,R Premadasa Stadium,1,8.3,England,Sri Lanka,HC Knight,AE Jones,SIP Fernando,0,0,,,,,,stumped,HC Knight,,
1059196,2016/17,2016-11-17,R Premadasa Stadium,1,8.4,England,Sri Lanka,NR Sciver,AE Jones,SIP Fernando,0,0,,,,,,,,,
1059196,2016/17,2016-11-17,R Premadasa Stadium,1,8.5,England,Sri Lanka,NR Sciver,AE Jones,SIP Fernando,0,0,,,,,,,,,
1059196,2016/17,2016-11-17,R Premadasa Stadium,1,8.6,England,Sri Lanka,NR Sciver,AE Jones,SIP Fernando,0,0,,,,,,,,,
1059196,2016/17,2016-11-17,R Premadasa Stadium,1,9.1,England,Sri Lanka,AE Jones,NR Sciver,NND de Silva,0,0,,,,,,,,,
1059196,2016/17,2016-11-17,R Premadasa Stadium,1,9.2,England,Sri Lanka,AE Jones,NR Sciver,NND de Silva,0,0,,,,,,,,,
1059196,2016/17,2016-11-17,R Premadasa Stadium,1,9.3,England,Sri Lanka,AE Jones,NR Sciver,NND de Silva,0,0,,,,,,,,,
1059196,2016/17,2016-11-17,R Premadasa Stadium,1,9.4,England,Sri Lanka,AE Jones,NR Sciver,NND de Silva,0,0,,,,,,,,,
1059196,2016/17,2016-11-17,R Premadasa Stadium,1,9.5,England,Sri Lanka,AE Jones,NR Sciver,NND de Silva,1,0,,,,,,,,,
1059196,2016/17,2016-11-17,R Premadasa Stadium,1,9.6,England,Sri Lanka,NR Sciver,AE Jones,NND de Silva,0,2,2,,,,,,,,
1059196,2016/17,2016-11-17,R Premadasa Stadium,1,9.7,England,Sri Lanka,AE Jones,NR Sciver,NND de Silva,0,0,,,,,,,,,
1059196,2016/17,2016-11-17,R Premadasa Stadium,1,10.1,England,Sri Lanka,NR Sciver,AE Jones,SIP Fernando,0,0,,,,,,,,,
1059196,2016/17,2016-11-17,R Premadasa Stadium,1,10.2,England,Sri Lanka,NR Sciver,AE Jones,SIP Fernando,1,0,,,,,,,,,
1059196,2016/17,2016-11-17,R Premadasa Stadium,1,10.3,England,Sri Lanka,AE Jones,NR Sciver,SIP Fernando,0,0,,,,,,,,,
1059196,2016/17,2016-11-17,R Premadasa Stadium,1,10.4,England,Sri Lanka,AE Jones,NR Sciver,SIP Fernando,0,0,,,,,,,,,
1059196,2016/17,2016-11-17,R Premadasa Stadium,1,10.5,England,Sri Lanka,AE Jones,NR Sciver,SIP Fernando,0,0,,,,,,,,,
1059196,2016/17,2016-11-17,R Premadasa Stadium,1,10.6,England,Sri Lanka,AE Jones,NR Sciver,SIP Fernando,1,0,,,,,,,,,
1059196,2016/17,2016-11-17,R Premadasa Stadium,1,11.1,England,Sri Lanka,AE Jones,NR Sciver,I Ranaweera,0,0,,,,,,,,,
1059196,2016/17,2016-11-17,R Premadasa Stadium,1,11.2,England,Sri Lanka,AE Jones,NR Sciver,I Ranaweera,0,0,,,,,,bowled,AE Jones,,
1059196,2016/17,2016-11-17,R Premadasa Stadium,1,11.3,England,Sri Lanka,DN Wyatt,NR Sciver,I Ranaweera,0,0,,,,,,,,,
1059196,2016/17,2016-11-17,R Premadasa Stadium,1,11.4,England,Sri Lanka,DN Wyatt,NR Sciver,I Ranaweera,0,0,,,,,,bowled,DN Wyatt,,
1059196,2016/17,2016-11-17,R Premadasa Stadium,1,11.5,England,Sri Lanka,FC Wilson,NR Sciver,I Ranaweera,0,0,,,,,,,,,
1059196,2016/17,2016-11-17,R Premadasa Stadium,1,11.6,England,Sri Lanka,FC Wilson,NR Sciver,I Ranaweera,0,0,,,,,,,,,
1059196,2016/17,2016-11-17,R Premadasa Stadium,1,12.1,England,Sri Lanka,NR Sciver,FC Wilson,SIP Fernando,0,0,,,,,,,,,
1059196,2016/17,2016-11-17,R Premadasa Stadium,1,12.2,England,Sri Lanka,NR Sciver,FC Wilson,SIP Fernando,0,0,,,,,,,,,
1059196,2016/17,2016-11-17,R Premadasa Stadium,1,12.3,England,Sri Lanka,NR Sciver,FC Wilson,SIP Fernando,1,0,,,,,,,,,
1059196,2016/17,2016-11-17,R Premadasa Stadium,1,12.4,England,Sri Lanka,FC Wilson,NR Sciver,SIP Fernando,0,0,,,,,,caught,FC Wilson,,
1059196,2016/17,2016-11-17,R Premadasa Stadium,1,12.5,England,Sri Lanka,GA Elwiss,NR Sciver,SIP Fernando,0,0,,,,,,,,,
1059196,2016/17,2016-11-17,R Premadasa Stadium,1,12.6,England,Sri Lanka,GA Elwiss,NR Sciver,SIP Fernando,0,0,,,,,,,,,
1059196,2016/17,2016-11-17,R Premadasa Stadium,1,13.1,England,Sri Lanka,NR Sciver,GA Elwiss,I Ranaweera,0,0,,,,,,,,,
1059196,2016/17,2016-11-17,R Premadasa Stadium,1,13.2,England,Sri Lanka,NR Sciver,GA Elwiss,I Ranaweera,0,0,,,,,,,,,
1059196,2016/17,2016-11-17,R Premadasa Stadium,1,13.3,England,Sri Lanka,NR Sciver,GA Elwiss,I Ranaweera,4,0,,,,,,,,,
1059196,2016/17,2016-11-17,R Premadasa Stadium,1,13.4,England,Sri Lanka,NR Sciver,GA Elwiss,I Ranaweera,0,0,,,,,,,,,
1059196,2016/17,2016-11-17,R Premadasa Stadium,1,13.5,England,Sri Lanka,NR Sciver,GA Elwiss,I Ranaweera,0,0,,,,,,,,,
1059196,2016/17,2016-11-17,R Premadasa Stadium,1,13.6,England,Sri Lanka,NR Sciver,GA Elwiss,I Ranaweera,4,0,,,,,,,,,
1059196,2016/17,2016-11-17,R Premadasa Stadium,1,14.1,England,Sri Lanka,GA Elwiss,NR Sciver,SIP Fernando,0,0,,,,,,,,,
1059196,2016/17,2016-11-17,R Premadasa Stadium,1,14.2,England,Sri Lanka,GA Elwiss,NR Sciver,SIP Fernando,0,0,,,,,,,,,
1059196,2016/17,2016-11-17,R Premadasa Stadium,1,14.3,England,Sri Lanka,GA Elwiss,NR Sciver,SIP Fernando,1,0,,,,,,,,,
1059196,2016/17,2016-11-17,R Premadasa Stadium,1,14.4,England,Sri Lanka,NR Sciver,GA Elwiss,SIP Fernando,0,0,,,,,,,,,
1059196,2016/17,2016-11-17,R Premadasa Stadium,1,14.5,England,Sri Lanka,NR Sciver,GA Elwiss,SIP Fernando,0,0,,,,,,,,,
1059196,2016/17,2016-11-17,R Premadasa Stadium,1,14.6,England,Sri Lanka,NR Sciver,GA Elwiss,SIP Fernando,0,0,,,,,,,,,
1059196,2016/17,2016-11-17,R Premadasa Stadium,1,15.1,England,Sri Lanka,GA Elwiss,NR Sciver,I Ranaweera,0,0,,,,,,,,,
1059196,2016/17,2016-11-17,R Premadasa Stadium,1,15.2,England,Sri Lanka,GA Elwiss,NR Sciver,I Ranaweera,0,0,,,,,,,,,
1059196,2016/17,2016-11-17,R Premadasa Stadium,1,15.3,England,Sri Lanka,GA Elwiss,NR Sciver,I Ranaweera,4,0,,,,,,,,,
1059196,2016/17,2016-11-17,R Premadasa Stadium,1,15.4,England,Sri Lanka,GA Elwiss,NR Sciver,I Ranaweera,1,0,,,,,,,,,
1059196,2016/17,2016-11-17,R Premadasa Stadium,1,15.5,England,Sri Lanka,NR Sciver,GA Elwiss,I Ranaweera,0,0,,,,,,,,,
1059196,2016/17,2016-11-17,R Premadasa Stadium,1,15.6,England,Sri Lanka,NR Sciver,GA Elwiss,I Ranaweera,0,0,,,,,,,,,
1059196,2016/17,2016-11-17,R Premadasa Stadium,1,16.1,England,Sri Lanka,GA Elwiss,NR Sciver,SIP Fernando,0,0,,,,,,stumped,GA Elwiss,,
1059196,2016/17,2016-11-17,R Premadasa Stadium,1,16.2,England,Sri Lanka,D Hazell,NR Sciver,SIP Fernando,0,0,,,,,,,,,
1059196,2016/17,2016-11-17,R Premadasa Stadium,1,16.3,England,Sri Lanka,D Hazell,NR Sciver,SIP Fernando,0,0,,,,,,,,,
1059196,2016/17,2016-11-17,R Premadasa Stadium,1,16.4,England,Sri Lanka,D Hazell,NR Sciver,SIP Fernando,0,0,,,,,,,,,
1059196,2016/17,2016-11-17,R Premadasa Stadium,1,16.5,England,Sri Lanka,D Hazell,NR Sciver,SIP Fernando,0,0,,,,,,,,,
1059196,2016/17,2016-11-17,R Premadasa Stadium,1,16.6,England,Sri Lanka,D Hazell,NR Sciver,SIP Fernando,0,0,,,,,,,,,
1059196,2016/17,2016-11-17,R Premadasa Stadium,1,17.1,England,Sri Lanka,NR Sciver,D Hazell,I Ranaweera,0,0,,,,,,,,,
1059196,2016/17,2016-11-17,R Premadasa Stadium,1,17.2,England,Sri Lanka,NR Sciver,D Hazell,I Ranaweera,0,0,,,,,,,,,
1059196,2016/17,2016-11-17,R Premadasa Stadium,1,17.3,England,Sri Lanka,NR Sciver,D Hazell,I Ranaweera,4,0,,,,,,,,,
1059196,2016/17,2016-11-17,R Premadasa Stadium,1,17.4,England,Sri Lanka,NR Sciver,D Hazell,I Ranaweera,0,0,,,,,,,,,
1059196,2016/17,2016-11-17,R Premadasa Stadium,1,17.5,England,Sri Lanka,NR Sciver,D Hazell,I Ranaweera,1,0,,,,,,,,,
1059196,2016/17,2016-11-17,R Premadasa Stadium,1,17.6,England,Sri Lanka,D Hazell,NR Sciver,I Ranaweera,0,0,,,,,,,,,
1059196,2016/17,2016-11-17,R Premadasa Stadium,1,18.1,England,Sri Lanka,NR Sciver,D Hazell,SIP Fernando,1,0,,,,,,,,,
1059196,2016/17,2016-11-17,R Premadasa Stadium,1,18.2,England,Sri Lanka,D Hazell,NR Sciver,SIP Fernando,1,0,,,,,,,,,
1059196,2016/17,2016-11-17,R Premadasa Stadium,1,18.3,England,Sri Lanka,NR Sciver,D Hazell,SIP Fernando,0,0,,,,,,,,,
1059196,2016/17,2016-11-17,R Premadasa Stadium,1,18.4,England,Sri Lanka,NR Sciver,D Hazell,SIP Fernando,0,0,,,,,,,,,
1059196,2016/17,2016-11-17,R Premadasa Stadium,1,18.5,England,Sri Lanka,NR Sciver,D Hazell,SIP Fernando,1,0,,,,,,,,,
1059196,2016/17,2016-11-17,R Premadasa Stadium,1,18.6,England,Sri Lanka,D Hazell,NR Sciver,SIP Fernando,0,1,1,,,,,,,,
1059196,2016/17,2016-11-17,R Premadasa Stadium,1,18.7,England,Sri Lanka,D Hazell,NR Sciver,SIP Fernando,2,0,,,,,,,,,
1059196,2016/17,2016-11-17,R Premadasa Stadium,1,19.1,England,Sri Lanka,NR Sciver,D Hazell,I Ranaweera,4,0,,,,,,,,,
1059196,2016/17,2016-11-17,R Premadasa Stadium,1,19.2,England,Sri Lanka,NR Sciver,D Hazell,I Ranaweera,1,0,,,,,,,,,
1059196,2016/17,2016-11-17,R Premadasa Stadium,1,19.3,England,Sri Lanka,D Hazell,NR Sciver,I Ranaweera,0,0,,,,,,,,,
1059196,2016/17,2016-11-17,R Premadasa Stadium,1,19.4,England,Sri Lanka,D Hazell,NR Sciver,I Ranaweera,0,0,,,,,,,,,
1059196,2016/17,2016-11-17,R Premadasa Stadium,1,19.5,England,Sri Lanka,D Hazell,NR Sciver,I Ranaweera,0,0,,,,,,,,,
1059196,2016/17,2016-11-17,R Premadasa Stadium,1,19.6,England,Sri Lanka,D Hazell,NR Sciver,I Ranaweera,6,0,,,,,,,,,
1059196,2016/17,2016-11-17,R Premadasa Stadium,1,20.1,England,Sri Lanka,NR Sciver,D Hazell,AC Jayangani,0,0,,,,,,,,,
1059196,2016/17,2016-11-17,R Premadasa Stadium,1,20.2,England,Sri Lanka,NR Sciver,D Hazell,AC Jayangani,0,0,,,,,,,,,
1059196,2016/17,2016-11-17,R Premadasa Stadium,1,20.3,England,Sri Lanka,NR Sciver,D Hazell,AC Jayangani,2,0,,,,,,,,,
1059196,2016/17,2016-11-17,R Premadasa Stadium,1,20.4,England,Sri Lanka,NR Sciver,D Hazell,AC Jayangani,0,0,,,,,,,,,
1059196,2016/17,2016-11-17,R Premadasa Stadium,1,20.5,England,Sri Lanka,NR Sciver,D Hazell,AC Jayangani,1,0,,,,,,,,,
1059196,2016/17,2016-11-17,R Premadasa Stadium,1,20.6,England,Sri Lanka,D Hazell,NR Sciver,AC Jayangani,1,0,,,,,,,,,
1059196,2016/17,2016-11-17,R Premadasa Stadium,1,21.1,England,Sri Lanka,D Hazell,NR Sciver,WGAKK Kulasuriya,2,0,,,,,,,,,
1059196,2016/17,2016-11-17,R Premadasa Stadium,1,21.2,England,Sri Lanka,D Hazell,NR Sciver,WGAKK Kulasuriya,0,0,,,,,,,,,
1059196,2016/17,2016-11-17,R Premadasa Stadium,1,21.3,England,Sri Lanka,D Hazell,NR Sciver,WGAKK Kulasuriya,0,0,,,,,,,,,
1059196,2016/17,2016-11-17,R Premadasa Stadium,1,21.4,England,Sri Lanka,D Hazell,NR Sciver,WGAKK Kulasuriya,0,0,,,,,,,,,
1059196,2016/17,2016-11-17,R Premadasa Stadium,1,21.5,England,Sri Lanka,D Hazell,NR Sciver,WGAKK Kulasuriya,1,0,,,,,,,,,
1059196,2016/17,2016-11-17,R Premadasa Stadium,1,21.6,England,Sri Lanka,NR Sciver,D Hazell,WGAKK Kulasuriya,1,0,,,,,,,,,
1059196,2016/17,2016-11-17,R Premadasa Stadium,1,22.1,England,Sri Lanka,NR Sciver,D Hazell,AC Jayangani,1,0,,,,,,,,,
1059196,2016/17,2016-11-17,R Premadasa Stadium,1,22.2,England,Sri Lanka,D Hazell,NR Sciver,AC Jayangani,4,0,,,,,,,,,
1059196,2016/17,2016-11-17,R Premadasa Stadium,1,22.3,England,Sri Lanka,D Hazell,NR Sciver,AC Jayangani,1,0,,,,,,,,,
1059196,2016/17,2016-11-17,R Premadasa Stadium,1,22.4,England,Sri Lanka,NR Sciver,D Hazell,AC Jayangani,0,0,,,,,,,,,
1059196,2016/17,2016-11-17,R Premadasa Stadium,1,22.5,England,Sri Lanka,NR Sciver,D Hazell,AC Jayangani,0,1,1,,,,,,,,
1059196,2016/17,2016-11-17,R Premadasa Stadium,1,22.6,England,Sri Lanka,NR Sciver,D Hazell,AC Jayangani,0,0,,,,,,,,,
1059196,2016/17,2016-11-17,R Premadasa Stadium,1,22.7,England,Sri Lanka,NR Sciver,D Hazell,AC Jayangani,1,0,,,,,,,,,
1059196,2016/17,2016-11-17,R Premadasa Stadium,1,23.1,England,Sri Lanka,NR Sciver,D Hazell,WGAKK Kulasuriya,4,0,,,,,,,,,
1059196,2016/17,2016-11-17,R Premadasa Stadium,1,23.2,England,Sri Lanka,NR Sciver,D Hazell,WGAKK Kulasuriya,2,0,,,,,,,,,
1059196,2016/17,2016-11-17,R Premadasa Stadium,1,23.3,England,Sri Lanka,NR Sciver,D Hazell,WGAKK Kulasuriya,0,0,,,,,,,,,
1059196,2016/17,2016-11-17,R Premadasa Stadium,1,23.4,England,Sri Lanka,NR Sciver,D Hazell,WGAKK Kulasuriya,0,0,,,,,,,,,
1059196,2016/17,2016-11-17,R Premadasa Stadium,1,23.5,England,Sri Lanka,NR Sciver,D Hazell,WGAKK Kulasuriya,1,0,,,,,,,,,
1059196,2016/17,2016-11-17,R Premadasa Stadium,1,23.6,England,Sri Lanka,D Hazell,NR Sciver,WGAKK Kulasuriya,0,1,1,,,,,,,,
1059196,2016/17,2016-11-17,R Premadasa Stadium,1,23.7,England,Sri Lanka,D Hazell,NR Sciver,WGAKK Kulasuriya,1,0,,,,,,,,,
1059196,2016/17,2016-11-17,R Premadasa Stadium,1,24.1,England,Sri Lanka,D Hazell,NR Sciver,I Ranaweera,2,0,,,,,,,,,
1059196,2016/17,2016-11-17,R Premadasa Stadium,1,24.2,England,Sri Lanka,D Hazell,NR Sciver,I Ranaweera,0,0,,,,,,,,,
1059196,2016/17,2016-11-17,R Premadasa Stadium,1,24.3,England,Sri Lanka,D Hazell,NR Sciver,I Ranaweera,1,0,,,,,,,,,
1059196,2016/17,2016-11-17,R Premadasa Stadium,1,24.4,England,Sri Lanka,NR Sciver,D Hazell,I Ranaweera,1,0,,,,,,,,,
1059196,2016/17,2016-11-17,R Premadasa Stadium,1,24.5,England,Sri Lanka,D Hazell,NR Sciver,I Ranaweera,0,0,,,,,,,,,
1059196,2016/17,2016-11-17,R Premadasa Stadium,1,24.6,England,Sri Lanka,D Hazell,NR Sciver,I Ranaweera,0,0,,,,,,,,,
1059196,2016/17,2016-11-17,R Premadasa Stadium,1,25.1,England,Sri Lanka,NR Sciver,D Hazell,NND de Silva,4,0,,,,,,,,,
1059196,2016/17,2016-11-17,R Premadasa Stadium,1,25.2,England,Sri Lanka,NR Sciver,D Hazell,NND de Silva,4,1,,1,,,,,,,
1059196,2016/17,2016-11-17,R Premadasa Stadium,1,25.3,England,Sri Lanka,NR Sciver,D Hazell,NND de Silva,6,0,,,,,,,,,
1059196,2016/17,2016-11-17,R Premadasa Stadium,1,25.4,England,Sri Lanka,NR Sciver,D Hazell,NND de Silva,0,1,,,,1,,,,,
1059196,2016/17,2016-11-17,R Premadasa Stadium,1,25.5,England,Sri Lanka,D Hazell,NR Sciver,NND de Silva,0,2,2,,,,,,,,
1059196,2016/17,2016-11-17,R Premadasa Stadium,1,25.6,England,Sri Lanka,NR Sciver,D Hazell,NND de Silva,6,0,,,,,,,,,
1059196,2016/17,2016-11-17,R Premadasa Stadium,1,25.7,England,Sri Lanka,NR Sciver,D Hazell,NND de Silva,0,0,,,,,,,,,
1059196,2016/17,2016-11-17,R Premadasa Stadium,1,25.8,England,Sri Lanka,NR Sciver,D Hazell,NND de Silva,0,0,,,,,,,,,
1059196,2016/17,2016-11-17,R Premadasa Stadium,1,26.1,England,Sri Lanka,D Hazell,NR Sciver,SIP Fernando,0,1,1,,,,,,,,
1059196,2016/17,2016-11-17,R Premadasa Stadium,1,26.2,England,Sri Lanka,D Hazell,NR Sciver,SIP Fernando,1,0,,,,,,,,,
1059196,2016/17,2016-11-17,R Premadasa Stadium,1,26.3,England,Sri Lanka,NR Sciver,D Hazell,SIP Fernando,0,0,,,,,,,,,
1059196,2016/17,2016-11-17,R Premadasa Stadium,1,26.4,England,Sri Lanka,NR Sciver,D Hazell,SIP Fernando,0,0,,,,,,,,,
1059196,2016/17,2016-11-17,R Premadasa Stadium,1,26.5,England,Sri Lanka,NR Sciver,D Hazell,SIP Fernando,4,0,,,,,,,,,
1059196,2016/17,2016-11-17,R Premadasa Stadium,1,26.6,England,Sri Lanka,NR Sciver,D Hazell,SIP Fernando,0,0,,,,,,,,,
1059196,2016/17,2016-11-17,R Premadasa Stadium,1,26.7,England,Sri Lanka,NR Sciver,D Hazell,SIP Fernando,1,0,,,,,,,,,
1059196,2016/17,2016-11-17,R Premadasa Stadium,1,27.1,England,Sri Lanka,NR Sciver,D Hazell,AC Jayangani,1,0,,,,,,,,,
1059196,2016/17,2016-11-17,R Premadasa Stadium,1,27.2,England,Sri Lanka,D Hazell,NR Sciver,AC Jayangani,1,0,,,,,,,,,
1059196,2016/17,2016-11-17,R Premadasa Stadium,1,27.3,England,Sri Lanka,NR Sciver,D Hazell,AC Jayangani,0,0,,,,,,,,,
1059196,2016/17,2016-11-17,R Premadasa Stadium,1,27.4,England,Sri Lanka,NR Sciver,D Hazell,AC Jayangani,4,0,,,,,,,,,
1059196,2016/17,2016-11-17,R Premadasa Stadium,1,27.5,England,Sri Lanka,NR Sciver,D Hazell,AC Jayangani,1,0,,,,,,,,,
1059196,2016/17,2016-11-17,R Premadasa Stadium,1,27.6,England,Sri Lanka,D Hazell,NR Sciver,AC Jayangani,0,0,,,,,,,,,
1059196,2016/17,2016-11-17,R Premadasa Stadium,1,28.1,England,Sri Lanka,NR Sciver,D Hazell,SIP Fernando,0,0,,,,,,,,,
1059196,2016/17,2016-11-17,R Premadasa Stadium,1,28.2,England,Sri Lanka,NR Sciver,D Hazell,SIP Fernando,1,0,,,,,,,,,
1059196,2016/17,2016-11-17,R Premadasa Stadium,1,28.3,England,Sri Lanka,D Hazell,NR Sciver,SIP Fernando,1,0,,,,,,,,,
1059196,2016/17,2016-11-17,R Premadasa Stadium,1,28.4,England,Sri Lanka,NR Sciver,D Hazell,SIP Fernando,0,0,,,,,,,,,
1059196,2016/17,2016-11-17,R Premadasa Stadium,1,28.5,England,Sri Lanka,NR Sciver,D Hazell,SIP Fernando,1,0,,,,,,,,,
1059196,2016/17,2016-11-17,R Premadasa Stadium,1,28.6,England,Sri Lanka,D Hazell,NR Sciver,SIP Fernando,1,0,,,,,,,,,
1059196,2016/17,2016-11-17,R Premadasa Stadium,1,29.1,England,Sri Lanka,D Hazell,NR Sciver,AC Jayangani,1,0,,,,,,,,,
1059196,2016/17,2016-11-17,R Premadasa Stadium,1,29.2,England,Sri Lanka,NR Sciver,D Hazell,AC Jayangani,0,0,,,,,,,,,
1059196,2016/17,2016-11-17,R Premadasa Stadium,1,29.3,England,Sri Lanka,NR Sciver,D Hazell,AC Jayangani,1,0,,,,,,,,,
1059196,2016/17,2016-11-17,R Premadasa Stadium,1,29.4,England,Sri Lanka,D Hazell,NR Sciver,AC Jayangani,0,0,,,,,,,,,
1059196,2016/17,2016-11-17,R Premadasa Stadium,1,29.5,England,Sri Lanka,D Hazell,NR Sciver,AC Jayangani,1,0,,,,,,,,,
1059196,2016/17,2016-11-17,R Premadasa Stadium,1,29.6,England,Sri Lanka,NR Sciver,D Hazell,AC Jayangani,0,0,,,,,,,,,
1059196,2016/17,2016-11-17,R Premadasa Stadium,1,30.1,England,Sri Lanka,D Hazell,NR Sciver,H Karunaratne,0,0,,,,,,,,,
1059196,2016/17,2016-11-17,R Premadasa Stadium,1,30.2,England,Sri Lanka,D Hazell,NR Sciver,H Karunaratne,1,0,,,,,,,,,
1059196,2016/17,2016-11-17,R Premadasa Stadium,1,30.3,England,Sri Lanka,NR Sciver,D Hazell,H Karunaratne,2,0,,,,,,,,,
1059196,2016/17,2016-11-17,R Premadasa Stadium,1,30.4,England,Sri Lanka,NR Sciver,D Hazell,H Karunaratne,0,0,,,,,,,,,
1059196,2016/17,2016-11-17,R Premadasa Stadium,1,30.5,England,Sri Lanka,NR Sciver,D Hazell,H Karunaratne,4,0,,,,,,,,,
1059196,2016/17,2016-11-17,R Premadasa Stadium,1,30.6,England,Sri Lanka,NR Sciver,D Hazell,H Karunaratne,1,0,,,,,,,,,
1059196,2016/17,2016-11-17,R Premadasa Stadium,1,31.1,England,Sri Lanka,NR Sciver,D Hazell,AC Jayangani,0,0,,,,,,bowled,NR Sciver,,
1059196,2016/17,2016-11-17,R Premadasa Stadium,1,31.2,England,Sri Lanka,LA Marsh,D Hazell,AC Jayangani,0,0,,,,,,,,,
1059196,2016/17,2016-11-17,R Premadasa Stadium,1,31.3,England,Sri Lanka,LA Marsh,D Hazell,AC Jayangani,0,0,,,,,,,,,
1059196,2016/17,2016-11-17,R Premadasa Stadium,1,31.4,England,Sri Lanka,LA Marsh,D Hazell,AC Jayangani,0,0,,,,,,,,,
1059196,2016/17,2016-11-17,R Premadasa Stadium,1,31.5,England,Sri Lanka,LA Marsh,D Hazell,AC Jayangani,0,0,,,,,,,,,
1059196,2016/17,2016-11-17,R Premadasa Stadium,1,31.6,England,Sri Lanka,LA Marsh,D Hazell,AC Jayangani,0,0,,,,,,,,,
1059196,2016/17,2016-11-17,R Premadasa Stadium,1,32.1,England,Sri Lanka,D Hazell,LA Marsh,I Ranaweera,0,0,,,,,,,,,
1059196,2016/17,2016-11-17,R Premadasa Stadium,1,32.2,England,Sri Lanka,D Hazell,LA Marsh,I Ranaweera,0,0,,,,,,,,,
1059196,2016/17,2016-11-17,R Premadasa Stadium,1,32.3,England,Sri Lanka,D Hazell,LA Marsh,I Ranaweera,2,0,,,,,,,,,
1059196,2016/17,2016-11-17,R Premadasa Stadium,1,32.4,England,Sri Lanka,D Hazell,LA Marsh,I Ranaweera,0,0,,,,,,,,,
1059196,2016/17,2016-11-17,R Premadasa Stadium,1,32.5,England,Sri Lanka,D Hazell,LA Marsh,I Ranaweera,0,0,,,,,,,,,
1059196,2016/17,2016-11-17,R Premadasa Stadium,1,32.6,England,Sri Lanka,D Hazell,LA Marsh,I Ranaweera,2,0,,,,,,,,,
1059196,2016/17,2016-11-17,R Premadasa Stadium,1,33.1,England,Sri Lanka,LA Marsh,D Hazell,AC Jayangani,1,0,,,,,,,,,
1059196,2016/17,2016-11-17,R Premadasa Stadium,1,33.2,England,Sri Lanka,D Hazell,LA Marsh,AC Jayangani,1,0,,,,,,,,,
1059196,2016/17,2016-11-17,R Premadasa Stadium,1,33.3,England,Sri Lanka,LA Marsh,D Hazell,AC Jayangani,0,0,,,,,,,,,
1059196,2016/17,2016-11-17,R Premadasa Stadium,1,33.4,England,Sri Lanka,LA Marsh,D Hazell,AC Jayangani,1,0,,,,,,,,,
1059196,2016/17,2016-11-17,R Premadasa Stadium,1,33.5,England,Sri Lanka,D Hazell,LA Marsh,AC Jayangani,1,0,,,,,,,,,
1059196,2016/17,2016-11-17,R Premadasa Stadium,1,33.6,England,Sri Lanka,LA Marsh,D Hazell,AC Jayangani,1,0,,,,,,,,,
1059196,2016/17,2016-11-17,R Premadasa Stadium,1,34.1,England,Sri Lanka,LA Marsh,D Hazell,I Ranaweera,0,0,,,,,,,,,
1059196,2016/17,2016-11-17,R Premadasa Stadium,1,34.2,England,Sri Lanka,LA Marsh,D Hazell,I Ranaweera,0,0,,,,,,,,,
1059196,2016/17,2016-11-17,R Premadasa Stadium,1,34.3,England,Sri Lanka,LA Marsh,D Hazell,I Ranaweera,0,0,,,,,,,,,
1059196,2016/17,2016-11-17,R Premadasa Stadium,1,34.4,England,Sri Lanka,LA Marsh,D Hazell,I Ranaweera,0,0,,,,,,,,,
1059196,2016/17,2016-11-17,R Premadasa Stadium,1,34.5,England,Sri Lanka,LA Marsh,D Hazell,I Ranaweera,0,0,,,,,,,,,
1059196,2016/17,2016-11-17,R Premadasa Stadium,1,34.6,England,Sri Lanka,LA Marsh,D Hazell,I Ranaweera,0,0,,,,,,,,,
1059196,2016/17,2016-11-17,R Premadasa Stadium,1,35.1,England,Sri Lanka,D Hazell,LA Marsh,AC Jayangani,1,0,,,,,,,,,
1059196,2016/17,2016-11-17,R Premadasa Stadium,1,35.2,England,Sri Lanka,LA Marsh,D Hazell,AC Jayangani,0,0,,,,,,,,,
1059196,2016/17,2016-11-17,R Premadasa Stadium,1,35.3,England,Sri Lanka,LA Marsh,D Hazell,AC Jayangani,0,0,,,,,,,,,
1059196,2016/17,2016-11-17,R Premadasa Stadium,1,35.4,England,Sri Lanka,LA Marsh,D Hazell,AC Jayangani,0,0,,,,,,,,,
1059196,2016/17,2016-11-17,R Premadasa Stadium,1,35.5,England,Sri Lanka,LA Marsh,D Hazell,AC Jayangani,1,0,,,,,,,,,
1059196,2016/17,2016-11-17,R Premadasa Stadium,1,35.6,England,Sri Lanka,D Hazell,LA Marsh,AC Jayangani,0,0,,,,,,,,,
1059196,2016/17,2016-11-17,R Premadasa Stadium,1,36.1,England,Sri Lanka,LA Marsh,D Hazell,H Karunaratne,0,0,,,,,,,,,
1059196,2016/17,2016-11-17,R Premadasa Stadium,1,36.2,England,Sri Lanka,LA Marsh,D Hazell,H Karunaratne,1,0,,,,,,,,,
1059196,2016/17,2016-11-17,R Premadasa Stadium,1,36.3,England,Sri Lanka,D Hazell,LA Marsh,H Karunaratne,1,0,,,,,,,,,
1059196,2016/17,2016-11-17,R Premadasa Stadium,1,36.4,England,Sri Lanka,LA Marsh,D Hazell,H Karunaratne,0,0,,,,,,,,,
1059196,2016/17,2016-11-17,R Premadasa Stadium,1,36.5,England,Sri Lanka,LA Marsh,D Hazell,H Karunaratne,1,0,,,,,,,,,
1059196,2016/17,2016-11-17,R Premadasa Stadium,1,36.6,England,Sri Lanka,D Hazell,LA Marsh,H Karunaratne,2,0,,,,,,,,,
1059196,2016/17,2016-11-17,R Premadasa Stadium,1,37.1,England,Sri Lanka,LA Marsh,D Hazell,AC Jayangani,0,0,,,,,,,,,
1059196,2016/17,2016-11-17,R Premadasa Stadium,1,37.2,England,Sri Lanka,LA Marsh,D Hazell,AC Jayangani,0,0,,,,,,,,,
1059196,2016/17,2016-11-17,R Premadasa Stadium,1,37.3,England,Sri Lanka,LA Marsh,D Hazell,AC Jayangani,0,0,,,,,,,,,
1059196,2016/17,2016-11-17,R Premadasa Stadium,1,37.4,England,Sri Lanka,LA Marsh,D Hazell,AC Jayangani,1,0,,,,,,,,,
1059196,2016/17,2016-11-17,R Premadasa Stadium,1,37.5,England,Sri Lanka,D Hazell,LA Marsh,AC Jayangani,1,0,,,,,,,,,
1059196,2016/17,2016-11-17,R Premadasa Stadium,1,37.6,England,Sri Lanka,LA Marsh,D Hazell,AC Jayangani,4,0,,,,,,,,,
1059196,2016/17,2016-11-17,R Premadasa Stadium,1,38.1,England,Sri Lanka,D Hazell,LA Marsh,H Karunaratne,0,1,1,,,,,,,,
1059196,2016/17,2016-11-17,R Premadasa Stadium,1,38.2,England,Sri Lanka,D Hazell,LA Marsh,H Karunaratne,0,0,,,,,,,,,
1059196,2016/17,2016-11-17,R Premadasa Stadium,1,38.3,England,Sri Lanka,D Hazell,LA Marsh,H Karunaratne,0,0,,,,,,,,,
1059196,2016/17,2016-11-17,R Premadasa Stadium,1,38.4,England,Sri Lanka,D Hazell,LA Marsh,H Karunaratne,0,0,,,,,,,,,
1059196,2016/17,2016-11-17,R Premadasa Stadium,1,38.5,England,Sri Lanka,D Hazell,LA Marsh,H Karunaratne,0,1,,,,1,,,,,
1059196,2016/17,2016-11-17,R Premadasa Stadium,1,38.6,England,Sri Lanka,LA Marsh,D Hazell,H Karunaratne,0,0,,,,,,,,,
1059196,2016/17,2016-11-17,R Premadasa Stadium,1,38.7,England,Sri Lanka,LA Marsh,D Hazell,H Karunaratne,1,0,,,,,,,,,
1059196,2016/17,2016-11-17,R Premadasa Stadium,1,39.1,England,Sri Lanka,LA Marsh,D Hazell,AC Jayangani,1,0,,,,,,,,,
1059196,2016/17,2016-11-17,R Premadasa Stadium,1,39.2,England,Sri Lanka,D Hazell,LA Marsh,AC Jayangani,0,0,,,,,,,,,
1059196,2016/17,2016-11-17,R Premadasa Stadium,1,39.3,England,Sri Lanka,D Hazell,LA Marsh,AC Jayangani,2,0,,,,,,,,,
1059196,2016/17,2016-11-17,R Premadasa Stadium,1,39.4,England,Sri Lanka,D Hazell,LA Marsh,AC Jayangani,0,0,,,,,,,,,
1059196,2016/17,2016-11-17,R Premadasa Stadium,1,39.5,England,Sri Lanka,D Hazell,LA Marsh,AC Jayangani,1,0,,,,,,,,,
1059196,2016/17,2016-11-17,R Premadasa Stadium,1,39.6,England,Sri Lanka,LA Marsh,D Hazell,AC Jayangani,1,0,,,,,,,,,
1059196,2016/17,2016-11-17,R Premadasa Stadium,1,40.1,England,Sri Lanka,LA Marsh,D Hazell,H Karunaratne,1,0,,,,,,,,,
1059196,2016/17,2016-11-17,R Premadasa Stadium,1,40.2,England,Sri Lanka,D Hazell,LA Marsh,H Karunaratne,0,2,2,,,,,,,,
1059196,2016/17,2016-11-17,R Premadasa Stadium,1,40.3,England,Sri Lanka,LA Marsh,D Hazell,H Karunaratne,1,0,,,,,,,,,
1059196,2016/17,2016-11-17,R Premadasa Stadium,1,40.4,England,Sri Lanka,D Hazell,LA Marsh,H Karunaratne,1,0,,,,,,,,,
1059196,2016/17,2016-11-17,R Premadasa Stadium,1,40.5,England,Sri Lanka,LA Marsh,D Hazell,H Karunaratne,1,0,,,,,,,,,
1059196,2016/17,2016-11-17,R Premadasa Stadium,1,40.6,England,Sri Lanka,D Hazell,LA Marsh,H Karunaratne,0,0,,,,,,,,,
1059196,2016/17,2016-11-17,R Premadasa Stadium,1,40.7,England,Sri Lanka,D Hazell,LA Marsh,H Karunaratne,0,0,,,,,,,,,
1059196,2016/17,2016-11-17,R Premadasa Stadium,1,41.1,England,Sri Lanka,LA Marsh,D Hazell,AC Jayangani,0,0,,,,,,,,,
1059196,2016/17,2016-11-17,R Premadasa Stadium,1,41.2,England,Sri Lanka,LA Marsh,D Hazell,AC Jayangani,1,0,,,,,,,,,
1059196,2016/17,2016-11-17,R Premadasa Stadium,1,41.3,England,Sri Lanka,D Hazell,LA Marsh,AC Jayangani,1,0,,,,,,,,,
1059196,2016/17,2016-11-17,R Premadasa Stadium,1,41.4,England,Sri Lanka,LA Marsh,D Hazell,AC Jayangani,4,0,,,,,,,,,
1059196,2016/17,2016-11-17,R Premadasa Stadium,1,41.5,England,Sri Lanka,LA Marsh,D Hazell,AC Jayangani,0,0,,,,,,,,,
1059196,2016/17,2016-11-17,R Premadasa Stadium,1,41.6,England,Sri Lanka,LA Marsh,D Hazell,AC Jayangani,1,0,,,,,,,,,
1059196,2016/17,2016-11-17,R Premadasa Stadium,1,42.1,England,Sri Lanka,LA Marsh,D Hazell,I Ranaweera,0,0,,,,,,,,,
1059196,2016/17,2016-11-17,R Premadasa Stadium,1,42.2,England,Sri Lanka,LA Marsh,D Hazell,I Ranaweera,1,0,,,,,,,,,
1059196,2016/17,2016-11-17,R Premadasa Stadium,1,42.3,England,Sri Lanka,D Hazell,LA Marsh,I Ranaweera,0,0,,,,,,,,,
1059196,2016/17,2016-11-17,R Premadasa Stadium,1,42.4,England,Sri Lanka,D Hazell,LA Marsh,I Ranaweera,0,0,,,,,,,,,
1059196,2016/17,2016-11-17,R Premadasa Stadium,1,42.5,England,Sri Lanka,D Hazell,LA Marsh,I Ranaweera,0,0,,,,,,lbw,D Hazell,,
1059196,2016/17,2016-11-17,R Premadasa Stadium,1,42.6,England,Sri Lanka,BA Langston,LA Marsh,I Ranaweera,0,0,,,,,,,,,
1059196,2016/17,2016-11-17,R Premadasa Stadium,1,43.1,England,Sri Lanka,LA Marsh,BA Langston,H Karunaratne,0,0,,,,,,,,,
1059196,2016/17,2016-11-17,R Premadasa Stadium,1,43.2,England,Sri Lanka,LA Marsh,BA Langston,H Karunaratne,1,0,,,,,,,,,
1059196,2016/17,2016-11-17,R Premadasa Stadium,1,43.3,England,Sri Lanka,BA Langston,LA Marsh,H Karunaratne,0,1,1,,,,,,,,
1059196,2016/17,2016-11-17,R Premadasa Stadium,1,43.4,England,Sri Lanka,BA Langston,LA Marsh,H Karunaratne,1,0,,,,,,,,,
1059196,2016/17,2016-11-17,R Premadasa Stadium,1,43.5,England,Sri Lanka,LA Marsh,BA Langston,H Karunaratne,0,0,,,,,,,,,
1059196,2016/17,2016-11-17,R Premadasa Stadium,1,43.6,England,Sri Lanka,LA Marsh,BA Langston,H Karunaratne,1,0,,,,,,,,,
1059196,2016/17,2016-11-17,R Premadasa Stadium,1,43.7,England,Sri Lanka,BA Langston,LA Marsh,H Karunaratne,0,0,,,,,,,,,
1059196,2016/17,2016-11-17,R Premadasa Stadium,1,44.1,England,Sri Lanka,LA Marsh,BA Langston,I Ranaweera,0,0,,,,,,,,,
1059196,2016/17,2016-11-17,R Premadasa Stadium,1,44.2,England,Sri Lanka,LA Marsh,BA Langston,I Ranaweera,0,0,,,,,,,,,
1059196,2016/17,2016-11-17,R Premadasa Stadium,1,44.3,England,Sri Lanka,LA Marsh,BA Langston,I Ranaweera,0,0,,,,,,,,,
1059196,2016/17,2016-11-17,R Premadasa Stadium,1,44.4,England,Sri Lanka,LA Marsh,BA Langston,I Ranaweera,0,0,,,,,,,,,
1059196,2016/17,2016-11-17,R Premadasa Stadium,1,44.5,England,Sri Lanka,LA Marsh,BA Langston,I Ranaweera,0,0,,,,,,,,,
1059196,2016/17,2016-11-17,R Premadasa Stadium,1,44.6,England,Sri Lanka,LA Marsh,BA Langston,I Ranaweera,0,0,,,,,,,,,
1059196,2016/17,2016-11-17,R Premadasa Stadium,1,45.1,England,Sri Lanka,BA Langston,LA Marsh,H Karunaratne,1,0,,,,,,,,,
1059196,2016/17,2016-11-17,R Premadasa Stadium,1,45.2,England,Sri Lanka,LA Marsh,BA Langston,H Karunaratne,1,0,,,,,,,,,
1059196,2016/17,2016-11-17,R Premadasa Stadium,1,45.3,England,Sri Lanka,BA Langston,LA Marsh,H Karunaratne,1,0,,,,,,,,,
1059196,2016/17,2016-11-17,R Premadasa Stadium,1,45.4,England,Sri Lanka,LA Marsh,BA Langston,H Karunaratne,0,0,,,,,,,,,
1059196,2016/17,2016-11-17,R Premadasa Stadium,1,45.5,England,Sri Lanka,LA Marsh,BA Langston,H Karunaratne,0,0,,,,,,,,,
1059196,2016/17,2016-11-17,R Premadasa Stadium,1,45.6,England,Sri Lanka,LA Marsh,BA Langston,H Karunaratne,0,0,,,,,,,,,
1059196,2016/17,2016-11-17,R Premadasa Stadium,1,46.1,England,Sri Lanka,BA Langston,LA Marsh,SIP Fernando,0,0,,,,,,,,,
1059196,2016/17,2016-11-17,R Premadasa Stadium,1,46.2,England,Sri Lanka,BA Langston,LA Marsh,SIP Fernando,0,0,,,,,,,,,
1059196,2016/17,2016-11-17,R Premadasa Stadium,1,46.3,England,Sri Lanka,BA Langston,LA Marsh,SIP Fernando,0,0,,,,,,,,,
1059196,2016/17,2016-11-17,R Premadasa Stadium,1,46.4,England,Sri Lanka,BA Langston,LA Marsh,SIP Fernando,1,0,,,,,,,,,
1059196,2016/17,2016-11-17,R Premadasa Stadium,1,46.5,England,Sri Lanka,LA Marsh,BA Langston,SIP Fernando,1,0,,,,,,,,,
1059196,2016/17,2016-11-17,R Premadasa Stadium,1,46.6,England,Sri Lanka,BA Langston,LA Marsh,SIP Fernando,1,0,,,,,,,,,
1059196,2016/17,2016-11-17,R Premadasa Stadium,1,47.1,England,Sri Lanka,BA Langston,LA Marsh,H Karunaratne,1,0,,,,,,,,,
1059196,2016/17,2016-11-17,R Premadasa Stadium,1,47.2,England,Sri Lanka,LA Marsh,BA Langston,H Karunaratne,1,0,,,,,,,,,
1059196,2016/17,2016-11-17,R Premadasa Stadium,1,47.3,England,Sri Lanka,BA Langston,LA Marsh,H Karunaratne,1,0,,,,,,,,,
1059196,2016/17,2016-11-17,R Premadasa Stadium,1,47.4,England,Sri Lanka,LA Marsh,BA Langston,H Karunaratne,1,0,,,,,,,,,
1059196,2016/17,2016-11-17,R Premadasa Stadium,1,47.5,England,Sri Lanka,BA Langston,LA Marsh,H Karunaratne,0,0,,,,,,,,,
1059196,2016/17,2016-11-17,R Premadasa Stadium,1,47.6,England,Sri Lanka,BA Langston,LA Marsh,H Karunaratne,1,0,,,,,,,,,
1059196,2016/17,2016-11-17,R Premadasa Stadium,1,48.1,England,Sri Lanka,BA Langston,LA Marsh,WGAKK Kulasuriya,1,0,,,,,,,,,
1059196,2016/17,2016-11-17,R Premadasa Stadium,1,48.2,England,Sri Lanka,LA Marsh,BA Langston,WGAKK Kulasuriya,4,0,,,,,,,,,
1059196,2016/17,2016-11-17,R Premadasa Stadium,1,48.3,England,Sri Lanka,LA Marsh,BA Langston,WGAKK Kulasuriya,0,0,,,,,,,,,
1059196,2016/17,2016-11-17,R Premadasa Stadium,1,48.4,England,Sri Lanka,LA Marsh,BA Langston,WGAKK Kulasuriya,1,0,,,,,,,,,
1059196,2016/17,2016-11-17,R Premadasa Stadium,1,48.5,England,Sri Lanka,BA Langston,LA Marsh,WGAKK Kulasuriya,4,0,,,,,,,,,
1059196,2016/17,2016-11-17,R Premadasa Stadium,1,48.6,England,Sri Lanka,BA Langston,LA Marsh,WGAKK Kulasuriya,1,0,,,,,,,,,
1059196,2016/17,2016-11-17,R Premadasa Stadium,1,49.1,England,Sri Lanka,BA Langston,LA Marsh,H Karunaratne,0,0,,,,,,,,,
1059196,2016/17,2016-11-17,R Premadasa Stadium,1,49.2,England,Sri Lanka,BA Langston,LA Marsh,H Karunaratne,2,0,,,,,,,,,
1059196,2016/17,2016-11-17,R Premadasa Stadium,1,49.3,England,Sri Lanka,BA Langston,LA Marsh,H Karunaratne,4,0,,,,,,,,,
1059196,2016/17,2016-11-17,R Premadasa Stadium,1,49.4,England,Sri Lanka,BA Langston,LA Marsh,H Karunaratne,1,0,,,,,,,,,
1059196,2016/17,2016-11-17,R Premadasa Stadium,1,49.5,England,Sri Lanka,LA Marsh,BA Langston,H Karunaratne,1,0,,,,,,run out,BA Langston,,
1059196,2016/17,2016-11-17,R Premadasa Stadium,1,49.6,England,Sri Lanka,LA Marsh,A Hartley,H Karunaratne,0,0,,,,,,,,,
1059196,2016/17,2016-11-17,R Premadasa Stadium,2,0.1,Sri Lanka,England,MDN Hansika,AC Jayangani,BA Langston,0,0,,,,,,,,,
1059196,2016/17,2016-11-17,R Premadasa Stadium,2,0.2,Sri Lanka,England,MDN Hansika,AC Jayangani,BA Langston,0,0,,,,,,,,,
1059196,2016/17,2016-11-17,R Premadasa Stadium,2,0.3,Sri Lanka,England,MDN Hansika,AC Jayangani,BA Langston,1,0,,,,,,,,,
1059196,2016/17,2016-11-17,R Premadasa Stadium,2,0.4,Sri Lanka,England,AC Jayangani,MDN Hansika,BA Langston,0,0,,,,,,,,,
1059196,2016/17,2016-11-17,R Premadasa Stadium,2,0.5,Sri Lanka,England,AC Jayangani,MDN Hansika,BA Langston,0,0,,,,,,,,,
1059196,2016/17,2016-11-17,R Premadasa Stadium,2,0.6,Sri Lanka,England,AC Jayangani,MDN Hansika,BA Langston,0,0,,,,,,,,,
1059196,2016/17,2016-11-17,R Premadasa Stadium,2,1.1,Sri Lanka,England,MDN Hansika,AC Jayangani,NR Sciver,0,0,,,,,,,,,
1059196,2016/17,2016-11-17,R Premadasa Stadium,2,1.2,Sri Lanka,England,MDN Hansika,AC Jayangani,NR Sciver,0,0,,,,,,,,,
1059196,2016/17,2016-11-17,R Premadasa Stadium,2,1.3,Sri Lanka,England,MDN Hansika,AC Jayangani,NR Sciver,0,0,,,,,,,,,
1059196,2016/17,2016-11-17,R Premadasa Stadium,2,1.4,Sri Lanka,England,MDN Hansika,AC Jayangani,NR Sciver,1,0,,,,,,,,,
1059196,2016/17,2016-11-17,R Premadasa Stadium,2,1.5,Sri Lanka,England,AC Jayangani,MDN Hansika,NR Sciver,0,0,,,,,,,,,
1059196,2016/17,2016-11-17,R Premadasa Stadium,2,1.6,Sri Lanka,England,AC Jayangani,MDN Hansika,NR Sciver,1,0,,,,,,,,,
1059196,2016/17,2016-11-17,R Premadasa Stadium,2,2.1,Sri Lanka,England,AC Jayangani,MDN Hansika,BA Langston,2,0,,,,,,,,,
1059196,2016/17,2016-11-17,R Premadasa Stadium,2,2.2,Sri Lanka,England,AC Jayangani,MDN Hansika,BA Langston,0,0,,,,,,,,,
1059196,2016/17,2016-11-17,R Premadasa Stadium,2,2.3,Sri Lanka,England,AC Jayangani,MDN Hansika,BA Langston,0,0,,,,,,,,,
1059196,2016/17,2016-11-17,R Premadasa Stadium,2,2.4,Sri Lanka,England,AC Jayangani,MDN Hansika,BA Langston,0,0,,,,,,,,,
1059196,2016/17,2016-11-17,R Premadasa Stadium,2,2.5,Sri Lanka,England,AC Jayangani,MDN Hansika,BA Langston,0,0,,,,,,,,,
1059196,2016/17,2016-11-17,R Premadasa Stadium,2,2.6,Sri Lanka,England,AC Jayangani,MDN Hansika,BA Langston,0,0,,,,,,,,,
1059196,2016/17,2016-11-17,R Premadasa Stadium,2,3.1,Sri Lanka,England,MDN Hansika,AC Jayangani,NR Sciver,0,0,,,,,,,,,
1059196,2016/17,2016-11-17,R Premadasa Stadium,2,3.2,Sri Lanka,England,MDN Hansika,AC Jayangani,NR Sciver,1,0,,,,,,,,,
1059196,2016/17,2016-11-17,R Premadasa Stadium,2,3.3,Sri Lanka,England,AC Jayangani,MDN Hansika,NR Sciver,1,0,,,,,,,,,
1059196,2016/17,2016-11-17,R Premadasa Stadium,2,3.4,Sri Lanka,England,MDN Hansika,AC Jayangani,NR Sciver,1,0,,,,,,,,,
1059196,2016/17,2016-11-17,R Premadasa Stadium,2,3.5,Sri Lanka,England,AC Jayangani,MDN Hansika,NR Sciver,0,0,,,,,,,,,
1059196,2016/17,2016-11-17,R Premadasa Stadium,2,3.6,Sri Lanka,England,AC Jayangani,MDN Hansika,NR Sciver,0,0,,,,,,,,,
1059196,2016/17,2016-11-17,R Premadasa Stadium,2,4.1,Sri Lanka,England,MDN Hansika,AC Jayangani,BA Langston,0,1,,,,1,,,,,
1059196,2016/17,2016-11-17,R Premadasa Stadium,2,4.2,Sri Lanka,England,AC Jayangani,MDN Hansika,BA Langston,2,0,,,,,,,,,
1059196,2016/17,2016-11-17,R Premadasa Stadium,2,4.3,Sri Lanka,England,AC Jayangani,MDN Hansika,BA Langston,4,0,,,,,,,,,
1059196,2016/17,2016-11-17,R Premadasa Stadium,2,4.4,Sri Lanka,England,AC Jayangani,MDN Hansika,BA Langston,0,0,,,,,,,,,
1059196,2016/17,2016-11-17,R Premadasa Stadium,2,4.5,Sri Lanka,England,AC Jayangani,MDN Hansika,BA Langston,0,0,,,,,,,,,
1059196,2016/17,2016-11-17,R Premadasa Stadium,2,4.6,Sri Lanka,England,AC Jayangani,MDN Hansika,BA Langston,0,0,,,,,,,,,
1059196,2016/17,2016-11-17,R Premadasa Stadium,2,5.1,Sri Lanka,England,MDN Hansika,AC Jayangani,NR Sciver,0,0,,,,,,,,,
1059196,2016/17,2016-11-17,R Premadasa Stadium,2,5.2,Sri Lanka,England,MDN Hansika,AC Jayangani,NR Sciver,1,0,,,,,,,,,
1059196,2016/17,2016-11-17,R Premadasa Stadium,2,5.3,Sri Lanka,England,AC Jayangani,MDN Hansika,NR Sciver,0,0,,,,,,,,,
1059196,2016/17,2016-11-17,R Premadasa Stadium,2,5.4,Sri Lanka,England,AC Jayangani,MDN Hansika,NR Sciver,1,0,,,,,,,,,
1059196,2016/17,2016-11-17,R Premadasa Stadium,2,5.5,Sri Lanka,England,MDN Hansika,AC Jayangani,NR Sciver,1,0,,,,,,,,,
1059196,2016/17,2016-11-17,R Premadasa Stadium,2,5.6,Sri Lanka,England,AC Jayangani,MDN Hansika,NR Sciver,0,0,,,,,,caught,AC Jayangani,,
1059196,2016/17,2016-11-17,R Premadasa Stadium,2,6.1,Sri Lanka,England,MDN Hansika,GWHM Perera,BA Langston,0,0,,,,,,,,,
1059196,2016/17,2016-11-17,R Premadasa Stadium,2,6.2,Sri Lanka,England,MDN Hansika,GWHM Perera,BA Langston,0,1,,,,1,,,,,
1059196,2016/17,2016-11-17,R Premadasa Stadium,2,6.3,Sri Lanka,England,GWHM Perera,MDN Hansika,BA Langston,1,0,,,,,,,,,
1059196,2016/17,2016-11-17,R Premadasa Stadium,2,6.4,Sri Lanka,England,MDN Hansika,GWHM Perera,BA Langston,0,0,,,,,,,,,
1059196,2016/17,2016-11-17,R Premadasa Stadium,2,6.5,Sri Lanka,England,MDN Hansika,GWHM Perera,BA Langston,0,0,,,,,,,,,
1059196,2016/17,2016-11-17,R Premadasa Stadium,2,6.6,Sri Lanka,England,MDN Hansika,GWHM Perera,BA Langston,0,0,,,,,,,,,
1059196,2016/17,2016-11-17,R Premadasa Stadium,2,7.1,Sri Lanka,England,GWHM Perera,MDN Hansika,NR Sciver,0,0,,,,,,,,,
1059196,2016/17,2016-11-17,R Premadasa Stadium,2,7.2,Sri Lanka,England,GWHM Perera,MDN Hansika,NR Sciver,0,0,,,,,,,,,
1059196,2016/17,2016-11-17,R Premadasa Stadium,2,7.3,Sri Lanka,England,GWHM Perera,MDN Hansika,NR Sciver,0,0,,,,,,,,,
1059196,2016/17,2016-11-17,R Premadasa Stadium,2,7.4,Sri Lanka,England,GWHM Perera,MDN Hansika,NR Sciver,1,0,,,,,,,,,
1059196,2016/17,2016-11-17,R Premadasa Stadium,2,7.5,Sri Lanka,England,MDN Hansika,GWHM Perera,NR Sciver,0,0,,,,,,,,,
1059196,2016/17,2016-11-17,R Premadasa Stadium,2,7.6,Sri Lanka,England,MDN Hansika,GWHM Perera,NR Sciver,0,0,,,,,,caught,MDN Hansika,,
1059196,2016/17,2016-11-17,R Premadasa Stadium,2,8.1,Sri Lanka,England,HML Madushani,GWHM Perera,D Hazell,0,0,,,,,,,,,
1059196,2016/17,2016-11-17,R Premadasa Stadium,2,8.2,Sri Lanka,England,HML Madushani,GWHM Perera,D Hazell,0,0,,,,,,,,,
1059196,2016/17,2016-11-17,R Premadasa Stadium,2,8.3,Sri Lanka,England,HML Madushani,GWHM Perera,D Hazell,0,0,,,,,,,,,
1059196,2016/17,2016-11-17,R Premadasa Stadium,2,8.4,Sri Lanka,England,HML Madushani,GWHM Perera,D Hazell,0,0,,,,,,,,,
1059196,2016/17,2016-11-17,R Premadasa Stadium,2,8.5,Sri Lanka,England,HML Madushani,GWHM Perera,D Hazell,0,0,,,,,,,,,
1059196,2016/17,2016-11-17,R Premadasa Stadium,2,8.6,Sri Lanka,England,HML Madushani,GWHM Perera,D Hazell,2,0,,,,,,,,,
1059196,2016/17,2016-11-17,R Premadasa Stadium,2,9.1,Sri Lanka,England,GWHM Perera,HML Madushani,NR Sciver,0,0,,,,,,,,,
1059196,2016/17,2016-11-17,R Premadasa Stadium,2,9.2,Sri Lanka,England,GWHM Perera,HML Madushani,NR Sciver,0,0,,,,,,,,,
1059196,2016/17,2016-11-17,R Premadasa Stadium,2,9.3,Sri Lanka,England,GWHM Perera,HML Madushani,NR Sciver,0,0,,,,,,,,,
1059196,2016/17,2016-11-17,R Premadasa Stadium,2,9.4,Sri Lanka,England,GWHM Perera,HML Madushani,NR Sciver,0,0,,,,,,,,,
1059196,2016/17,2016-11-17,R Premadasa Stadium,2,9.5,Sri Lanka,England,GWHM Perera,HML Madushani,NR Sciver,0,0,,,,,,,,,
1059196,2016/17,2016-11-17,R Premadasa Stadium,2,9.6,Sri Lanka,England,GWHM Perera,HML Madushani,NR Sciver,0,0,,,,,,,,,
1059196,2016/17,2016-11-17,R Premadasa Stadium,2,10.1,Sri Lanka,England,HML Madushani,GWHM Perera,D Hazell,0,0,,,,,,,,,
1059196,2016/17,2016-11-17,R Premadasa Stadium,2,10.2,Sri Lanka,England,HML Madushani,GWHM Perera,D Hazell,1,0,,,,,,,,,
1059196,2016/17,2016-11-17,R Premadasa Stadium,2,10.3,Sri Lanka,England,GWHM Perera,HML Madushani,D Hazell,0,0,,,,,,,,,
1059196,2016/17,2016-11-17,R Premadasa Stadium,2,10.4,Sri Lanka,England,GWHM Perera,HML Madushani,D Hazell,0,0,,,,,,,,,
1059196,2016/17,2016-11-17,R Premadasa Stadium,2,10.5,Sri Lanka,England,GWHM Perera,HML Madushani,D Hazell,0,0,,,,,,,,,
1059196,2016/17,2016-11-17,R Premadasa Stadium,2,10.6,Sri Lanka,England,GWHM Perera,HML Madushani,D Hazell,0,0,,,,,,,,,
1059196,2016/17,2016-11-17,R Premadasa Stadium,2,11.1,Sri Lanka,England,HML Madushani,GWHM Perera,LA Marsh,0,0,,,,,,,,,
1059196,2016/17,2016-11-17,R Premadasa Stadium,2,11.2,Sri Lanka,England,HML Madushani,GWHM Perera,LA Marsh,0,0,,,,,,caught,HML Madushani,,
1059196,2016/17,2016-11-17,R Premadasa Stadium,2,11.3,Sri Lanka,England,PM Weerakkody,GWHM Perera,LA Marsh,0,0,,,,,,,,,
1059196,2016/17,2016-11-17,R Premadasa Stadium,2,11.4,Sri Lanka,England,PM Weerakkody,GWHM Perera,LA Marsh,0,0,,,,,,,,,
1059196,2016/17,2016-11-17,R Premadasa Stadium,2,11.5,Sri Lanka,England,PM Weerakkody,GWHM Perera,LA Marsh,1,0,,,,,,,,,
1059196,2016/17,2016-11-17,R Premadasa Stadium,2,11.6,Sri Lanka,England,GWHM Perera,PM Weerakkody,LA Marsh,0,0,,,,,,,,,
1059196,2016/17,2016-11-17,R Premadasa Stadium,2,12.1,Sri Lanka,England,PM Weerakkody,GWHM Perera,D Hazell,1,0,,,,,,,,,
1059196,2016/17,2016-11-17,R Premadasa Stadium,2,12.2,Sri Lanka,England,GWHM Perera,PM Weerakkody,D Hazell,4,0,,,,,,,,,
1059196,2016/17,2016-11-17,R Premadasa Stadium,2,12.3,Sri Lanka,England,GWHM Perera,PM Weerakkody,D Hazell,0,0,,,,,,bowled,GWHM Perera,,
1059196,2016/17,2016-11-17,R Premadasa Stadium,2,12.4,Sri Lanka,England,MAA Sanjeewani,PM Weerakkody,D Hazell,0,0,,,,,,,,,
1059196,2016/17,2016-11-17,R Premadasa Stadium,2,12.5,Sri Lanka,England,MAA Sanjeewani,PM Weerakkody,D Hazell,0,0,,,,,,,,,
1059196,2016/17,2016-11-17,R Premadasa Stadium,2,12.6,Sri Lanka,England,MAA Sanjeewani,PM Weerakkody,D Hazell,0,0,,,,,,,,,
1059196,2016/17,2016-11-17,R Premadasa Stadium,2,13.1,Sri Lanka,England,PM Weerakkody,MAA Sanjeewani,LA Marsh,0,0,,,,,,,,,
1059196,2016/17,2016-11-17,R Premadasa Stadium,2,13.2,Sri Lanka,England,PM Weerakkody,MAA Sanjeewani,LA Marsh,2,0,,,,,,,,,
1059196,2016/17,2016-11-17,R Premadasa Stadium,2,13.3,Sri Lanka,England,PM Weerakkody,MAA Sanjeewani,LA Marsh,0,0,,,,,,,,,
1059196,2016/17,2016-11-17,R Premadasa Stadium,2,13.4,Sri Lanka,England,PM Weerakkody,MAA Sanjeewani,LA Marsh,0,0,,,,,,,,,
1059196,2016/17,2016-11-17,R Premadasa Stadium,2,13.5,Sri Lanka,England,PM Weerakkody,MAA Sanjeewani,LA Marsh,0,0,,,,,,,,,
1059196,2016/17,2016-11-17,R Premadasa Stadium,2,13.6,Sri Lanka,England,PM Weerakkody,MAA Sanjeewani,LA Marsh,0,0,,,,,,,,,
1059196,2016/17,2016-11-17,R Premadasa Stadium,2,14.1,Sri Lanka,England,MAA Sanjeewani,PM Weerakkody,D Hazell,0,0,,,,,,,,,
1059196,2016/17,2016-11-17,R Premadasa Stadium,2,14.2,Sri Lanka,England,MAA Sanjeewani,PM Weerakkody,D Hazell,0,0,,,,,,,,,
1059196,2016/17,2016-11-17,R Premadasa Stadium,2,14.3,Sri Lanka,England,MAA Sanjeewani,PM Weerakkody,D Hazell,0,0,,,,,,,,,
1059196,2016/17,2016-11-17,R Premadasa Stadium,2,14.4,Sri Lanka,England,MAA Sanjeewani,PM Weerakkody,D Hazell,4,0,,,,,,,,,
1059196,2016/17,2016-11-17,R Premadasa Stadium,2,14.5,Sri Lanka,England,MAA Sanjeewani,PM Weerakkody,D Hazell,0,1,1,,,,,,,,
1059196,2016/17,2016-11-17,R Premadasa Stadium,2,14.6,Sri Lanka,England,MAA Sanjeewani,PM Weerakkody,D Hazell,0,0,,,,,,,,,
1059196,2016/17,2016-11-17,R Premadasa Stadium,2,14.7,Sri Lanka,England,MAA Sanjeewani,PM Weerakkody,D Hazell,0,0,,,,,,,,,
1059196,2016/17,2016-11-17,R Premadasa Stadium,2,15.1,Sri Lanka,England,PM Weerakkody,MAA Sanjeewani,LA Marsh,0,0,,,,,,,,,
1059196,2016/17,2016-11-17,R Premadasa Stadium,2,15.2,Sri Lanka,England,PM Weerakkody,MAA Sanjeewani,LA Marsh,0,0,,,,,,,,,
1059196,2016/17,2016-11-17,R Premadasa Stadium,2,15.3,Sri Lanka,England,PM Weerakkody,MAA Sanjeewani,LA Marsh,0,0,,,,,,,,,
1059196,2016/17,2016-11-17,R Premadasa Stadium,2,15.4,Sri Lanka,England,PM Weerakkody,MAA Sanjeewani,LA Marsh,4,0,,,,,,,,,
1059196,2016/17,2016-11-17,R Premadasa Stadium,2,15.5,Sri Lanka,England,PM Weerakkody,MAA Sanjeewani,LA Marsh,0,0,,,,,,,,,
1059196,2016/17,2016-11-17,R Premadasa Stadium,2,15.6,Sri Lanka,England,PM Weerakkody,MAA Sanjeewani,LA Marsh,0,0,,,,,,,,,
1059196,2016/17,2016-11-17,R Premadasa Stadium,2,16.1,Sri Lanka,England,MAA Sanjeewani,PM Weerakkody,D Hazell,0,0,,,,,,,,,
1059196,2016/17,2016-11-17,R Premadasa Stadium,2,16.2,Sri Lanka,England,MAA Sanjeewani,PM Weerakkody,D Hazell,0,0,,,,,,,,,
1059196,2016/17,2016-11-17,R Premadasa Stadium,2,16.3,Sri Lanka,England,MAA Sanjeewani,PM Weerakkody,D Hazell,0,0,,,,,,,,,
1059196,2016/17,2016-11-17,R Premadasa Stadium,2,16.4,Sri Lanka,England,MAA Sanjeewani,PM Weerakkody,D Hazell,1,0,,,,,,,,,
1059196,2016/17,2016-11-17,R Premadasa Stadium,2,16.5,Sri Lanka,England,PM Weerakkody,MAA Sanjeewani,D Hazell,0,0,,,,,,,,,
1059196,2016/17,2016-11-17,R Premadasa Stadium,2,16.6,Sri Lanka,England,PM Weerakkody,MAA Sanjeewani,D Hazell,0,0,,,,,,,,,
1059196,2016/17,2016-11-17,R Premadasa Stadium,2,17.1,Sri Lanka,England,MAA Sanjeewani,PM Weerakkody,LA Marsh,0,0,,,,,,,,,
1059196,2016/17,2016-11-17,R Premadasa Stadium,2,17.2,Sri Lanka,England,MAA Sanjeewani,PM Weerakkody,LA Marsh,0,0,,,,,,caught,MAA Sanjeewani,,
1059196,2016/17,2016-11-17,R Premadasa Stadium,2,17.3,Sri Lanka,England,H Karunaratne,PM Weerakkody,LA Marsh,4,0,,,,,,,,,
1059196,2016/17,2016-11-17,R Premadasa Stadium,2,17.4,Sri Lanka,England,H Karunaratne,PM Weerakkody,LA Marsh,0,0,,,,,,,,,
1059196,2016/17,2016-11-17,R Premadasa Stadium,2,17.5,Sri Lanka,England,H Karunaratne,PM Weerakkody,LA Marsh,0,0,,,,,,,,,
1059196,2016/17,2016-11-17,R Premadasa Stadium,2,17.6,Sri Lanka,England,H Karunaratne,PM Weerakkody,LA Marsh,0,0,,,,,,,,,
1059196,2016/17,2016-11-17,R Premadasa Stadium,2,18.1,Sri Lanka,England,PM Weerakkody,H Karunaratne,D Hazell,0,0,,,,,,,,,
1059196,2016/17,2016-11-17,R Premadasa Stadium,2,18.2,Sri Lanka,England,PM Weerakkody,H Karunaratne,D Hazell,0,0,,,,,,,,,
1059196,2016/17,2016-11-17,R Premadasa Stadium,2,18.3,Sri Lanka,England,PM Weerakkody,H Karunaratne,D Hazell,1,0,,,,,,,,,
1059196,2016/17,2016-11-17,R Premadasa Stadium,2,18.4,Sri Lanka,England,H Karunaratne,PM Weerakkody,D Hazell,0,0,,,,,,,,,
1059196,2016/17,2016-11-17,R Premadasa Stadium,2,18.5,Sri Lanka,England,H Karunaratne,PM Weerakkody,D Hazell,0,0,,,,,,caught and bowled,H Karunaratne,,
1059196,2016/17,2016-11-17,R Premadasa Stadium,2,18.6,Sri Lanka,England,NND de Silva,PM Weerakkody,D Hazell,0,0,,,,,,,,,
1059196,2016/17,2016-11-17,R Premadasa Stadium,2,19.1,Sri Lanka,England,PM Weerakkody,NND de Silva,LA Marsh,0,0,,,,,,,,,
1059196,2016/17,2016-11-17,R Premadasa Stadium,2,19.2,Sri Lanka,England,PM Weerakkody,NND de Silva,LA Marsh,0,0,,,,,,,,,
1059196,2016/17,2016-11-17,R Premadasa Stadium,2,19.3,Sri Lanka,England,PM Weerakkody,NND de Silva,LA Marsh,0,0,,,,,,,,,
1059196,2016/17,2016-11-17,R Premadasa Stadium,2,19.4,Sri Lanka,England,PM Weerakkody,NND de Silva,LA Marsh,2,0,,,,,,,,,
1059196,2016/17,2016-11-17,R Premadasa Stadium,2,19.5,Sri Lanka,England,PM Weerakkody,NND de Silva,LA Marsh,0,0,,,,,,,,,
1059196,2016/17,2016-11-17,R Premadasa Stadium,2,19.6,Sri Lanka,England,PM Weerakkody,NND de Silva,LA Marsh,1,0,,,,,,,,,
1059196,2016/17,2016-11-17,R Premadasa Stadium,2,20.1,Sri Lanka,England,PM Weerakkody,NND de Silva,D Hazell,0,0,,,,,,,,,
1059196,2016/17,2016-11-17,R Premadasa Stadium,2,20.2,Sri Lanka,England,PM Weerakkody,NND de Silva,D Hazell,4,0,,,,,,,,,
1059196,2016/17,2016-11-17,R Premadasa Stadium,2,20.3,Sri Lanka,England,PM Weerakkody,NND de Silva,D Hazell,0,0,,,,,,,,,
1059196,2016/17,2016-11-17,R Premadasa Stadium,2,20.4,Sri Lanka,England,PM Weerakkody,NND de Silva,D Hazell,0,0,,,,,,,,,
1059196,2016/17,2016-11-17,R Premadasa Stadium,2,20.5,Sri Lanka,England,PM Weerakkody,NND de Silva,D Hazell,0,0,,,,,,,,,
1059196,2016/17,2016-11-17,R Premadasa Stadium,2,20.6,Sri Lanka,England,PM Weerakkody,NND de Silva,D Hazell,1,0,,,,,,,,,
1059196,2016/17,2016-11-17,R Premadasa Stadium,2,21.1,Sri Lanka,England,PM Weerakkody,NND de Silva,LA Marsh,0,0,,,,,,,,,
1059196,2016/17,2016-11-17,R Premadasa Stadium,2,21.2,Sri Lanka,England,PM Weerakkody,NND de Silva,LA Marsh,0,0,,,,,,,,,
1059196,2016/17,2016-11-17,R Premadasa Stadium,2,21.3,Sri Lanka,England,PM Weerakkody,NND de Silva,LA Marsh,0,0,,,,,,,,,
1059196,2016/17,2016-11-17,R Premadasa Stadium,2,21.4,Sri Lanka,England,PM Weerakkody,NND de Silva,LA Marsh,0,0,,,,,,,,,
1059196,2016/17,2016-11-17,R Premadasa Stadium,2,21.5,Sri Lanka,England,PM Weerakkody,NND de Silva,LA Marsh,0,0,,,,,,,,,
1059196,2016/17,2016-11-17,R Premadasa Stadium,2,21.6,Sri Lanka,England,PM Weerakkody,NND de Silva,LA Marsh,1,0,,,,,,,,,
1059196,2016/17,2016-11-17,R Premadasa Stadium,2,22.1,Sri Lanka,England,PM Weerakkody,NND de Silva,A Hartley,0,0,,,,,,,,,
1059196,2016/17,2016-11-17,R Premadasa Stadium,2,22.2,Sri Lanka,England,PM Weerakkody,NND de Silva,A Hartley,0,0,,,,,,,,,
1059196,2016/17,2016-11-17,R Premadasa Stadium,2,22.3,Sri Lanka,England,PM Weerakkody,NND de Silva,A Hartley,0,0,,,,,,,,,
1059196,2016/17,2016-11-17,R Premadasa Stadium,2,22.4,Sri Lanka,England,PM Weerakkody,NND de Silva,A Hartley,0,0,,,,,,,,,
1059196,2016/17,2016-11-17,R Premadasa Stadium,2,22.5,Sri Lanka,England,PM Weerakkody,NND de Silva,A Hartley,0,2,,,2,,,,,,
1059196,2016/17,2016-11-17,R Premadasa Stadium,2,22.6,Sri Lanka,England,PM Weerakkody,NND de Silva,A Hartley,4,0,,,,,,,,,
1059196,2016/17,2016-11-17,R Premadasa Stadium,2,23.1,Sri Lanka,England,NND de Silva,PM Weerakkody,LA Marsh,0,0,,,,,,,,,
1059196,2016/17,2016-11-17,R Premadasa Stadium,2,23.2,Sri Lanka,England,NND de Silva,PM Weerakkody,LA Marsh,0,0,,,,,,,,,
1059196,2016/17,2016-11-17,R Premadasa Stadium,2,23.3,Sri Lanka,England,NND de Silva,PM Weerakkody,LA Marsh,0,0,,,,,,,,,
1059196,2016/17,2016-11-17,R Premadasa Stadium,2,23.4,Sri Lanka,England,NND de Silva,PM Weerakkody,LA Marsh,0,0,,,,,,,,,
1059196,2016/17,2016-11-17,R Premadasa Stadium,2,23.5,Sri Lanka,England,NND de Silva,PM Weerakkody,LA Marsh,0,0,,,,,,,,,
1059196,2016/17,2016-11-17,R Premadasa Stadium,2,23.6,Sri Lanka,England,NND de Silva,PM Weerakkody,LA Marsh,0,0,,,,,,,,,
1059196,2016/17,2016-11-17,R Premadasa Stadium,2,24.1,Sri Lanka,England,PM Weerakkody,NND de Silva,A Hartley,1,0,,,,,,,,,
1059196,2016/17,2016-11-17,R Premadasa Stadium,2,24.2,Sri Lanka,England,NND de Silva,PM Weerakkody,A Hartley,0,0,,,,,,,,,
1059196,2016/17,2016-11-17,R Premadasa Stadium,2,24.3,Sri Lanka,England,NND de Silva,PM Weerakkody,A Hartley,0,0,,,,,,,,,
1059196,2016/17,2016-11-17,R Premadasa Stadium,2,24.4,Sri Lanka,England,NND de Silva,PM Weerakkody,A Hartley,0,0,,,,,,,,,
1059196,2016/17,2016-11-17,R Premadasa Stadium,2,24.5,Sri Lanka,England,NND de Silva,PM Weerakkody,A Hartley,4,0,,,,,,,,,
1059196,2016/17,2016-11-17,R Premadasa Stadium,2,24.6,Sri Lanka,England,NND de Silva,PM Weerakkody,A Hartley,0,0,,,,,,,,,
1059196,2016/17,2016-11-17,R Premadasa Stadium,2,25.1,Sri Lanka,England,PM Weerakkody,NND de Silva,LA Marsh,0,0,,,,,,,,,
1059196,2016/17,2016-11-17,R Premadasa Stadium,2,25.2,Sri Lanka,England,PM Weerakkody,NND de Silva,LA Marsh,2,0,,,,,,,,,
1059196,2016/17,2016-11-17,R Premadasa Stadium,2,25.3,Sri Lanka,England,PM Weerakkody,NND de Silva,LA Marsh,1,0,,,,,,,,,
1059196,2016/17,2016-11-17,R Premadasa Stadium,2,25.4,Sri Lanka,England,NND de Silva,PM Weerakkody,LA Marsh,1,0,,,,,,,,,
1059196,2016/17,2016-11-17,R Premadasa Stadium,2,25.5,Sri Lanka,England,PM Weerakkody,NND de Silva,LA Marsh,1,0,,,,,,,,,
1059196,2016/17,2016-11-17,R Premadasa Stadium,2,25.6,Sri Lanka,England,NND de Silva,PM Weerakkody,LA Marsh,0,0,,,,,,,,,
1059196,2016/17,2016-11-17,R Premadasa Stadium,2,26.1,Sri Lanka,England,PM Weerakkody,NND de Silva,A Hartley,1,0,,,,,,,,,
1059196,2016/17,2016-11-17,R Premadasa Stadium,2,26.2,Sri Lanka,England,NND de Silva,PM Weerakkody,A Hartley,0,0,,,,,,,,,
1059196,2016/17,2016-11-17,R Premadasa Stadium,2,26.3,Sri Lanka,England,NND de Silva,PM Weerakkody,A Hartley,0,0,,,,,,,,,
1059196,2016/17,2016-11-17,R Premadasa Stadium,2,26.4,Sri Lanka,England,NND de Silva,PM Weerakkody,A Hartley,0,0,,,,,,,,,
1059196,2016/17,2016-11-17,R Premadasa Stadium,2,26.5,Sri Lanka,England,NND de Silva,PM Weerakkody,A Hartley,0,0,,,,,,,,,
1059196,2016/17,2016-11-17,R Premadasa Stadium,2,26.6,Sri Lanka,England,NND de Silva,PM Weerakkody,A Hartley,0,0,,,,,,,,,
1059196,2016/17,2016-11-17,R Premadasa Stadium,2,27.1,Sri Lanka,England,PM Weerakkody,NND de Silva,LA Marsh,0,0,,,,,,,,,
1059196,2016/17,2016-11-17,R Premadasa Stadium,2,27.2,Sri Lanka,England,PM Weerakkody,NND de Silva,LA Marsh,0,0,,,,,,,,,
1059196,2016/17,2016-11-17,R Premadasa Stadium,2,27.3,Sri Lanka,England,PM Weerakkody,NND de Silva,LA Marsh,0,0,,,,,,,,,
1059196,2016/17,2016-11-17,R Premadasa Stadium,2,27.4,Sri Lanka,England,PM Weerakkody,NND de Silva,LA Marsh,0,0,,,,,,,,,
1059196,2016/17,2016-11-17,R Premadasa Stadium,2,27.5,Sri Lanka,England,PM Weerakkody,NND de Silva,LA Marsh,0,0,,,,,,,,,
1059196,2016/17,2016-11-17,R Premadasa Stadium,2,27.6,Sri Lanka,England,PM Weerakkody,NND de Silva,LA Marsh,0,0,,,,,,,,,
1059196,2016/17,2016-11-17,R Premadasa Stadium,2,28.1,Sri Lanka,England,NND de Silva,PM Weerakkody,A Hartley,0,0,,,,,,,,,
1059196,2016/17,2016-11-17,R Premadasa Stadium,2,28.2,Sri Lanka,England,NND de Silva,PM Weerakkody,A Hartley,0,0,,,,,,,,,
1059196,2016/17,2016-11-17,R Premadasa Stadium,2,28.3,Sri Lanka,England,NND de Silva,PM Weerakkody,A Hartley,1,0,,,,,,,,,
1059196,2016/17,2016-11-17,R Premadasa Stadium,2,28.4,Sri Lanka,England,PM Weerakkody,NND de Silva,A Hartley,0,0,,,,,,,,,
1059196,2016/17,2016-11-17,R Premadasa Stadium,2,28.5,Sri Lanka,England,PM Weerakkody,NND de Silva,A Hartley,0,0,,,,,,,,,
1059196,2016/17,2016-11-17,R Premadasa Stadium,2,28.6,Sri Lanka,England,PM Weerakkody,NND de Silva,A Hartley,1,0,,,,,,,,,
1059196,2016/17,2016-11-17,R Premadasa Stadium,2,29.1,Sri Lanka,England,PM Weerakkody,NND de Silva,LA Marsh,1,0,,,,,,,,,
1059196,2016/17,2016-11-17,R Premadasa Stadium,2,29.2,Sri Lanka,England,NND de Silva,PM Weerakkody,LA Marsh,0,0,,,,,,,,,
1059196,2016/17,2016-11-17,R Premadasa Stadium,2,29.3,Sri Lanka,England,NND de Silva,PM Weerakkody,LA Marsh,0,0,,,,,,caught,NND de Silva,,
1059196,2016/17,2016-11-17,R Premadasa Stadium,2,29.4,Sri Lanka,England,I Ranaweera,PM Weerakkody,LA Marsh,0,0,,,,,,lbw,I Ranaweera,,
1059196,2016/17,2016-11-17,R Premadasa Stadium,2,29.5,Sri Lanka,England,WGAKK Kulasuriya,PM Weerakkody,LA Marsh,0,0,,,,,,,,,
1059196,2016/17,2016-11-17,R Premadasa Stadium,2,29.6,Sri Lanka,England,WGAKK Kulasuriya,PM Weerakkody,LA Marsh,0,0,,,,,,,,,
1059196,2016/17,2016-11-17,R Premadasa Stadium,2,30.1,Sri Lanka,England,PM Weerakkody,WGAKK Kulasuriya,A Hartley,0,0,,,,,,,,,
1059196,2016/17,2016-11-17,R Premadasa Stadium,2,30.2,Sri Lanka,England,PM Weerakkody,WGAKK Kulasuriya,A Hartley,1,0,,,,,,,,,
1059196,2016/17,2016-11-17,R Premadasa Stadium,2,30.3,Sri Lanka,England,WGAKK Kulasuriya,PM Weerakkody,A Hartley,0,0,,,,,,,,,
1059196,2016/17,2016-11-17,R Premadasa Stadium,2,30.4,Sri Lanka,England,WGAKK Kulasuriya,PM Weerakkody,A Hartley,0,0,,,,,,,,,
1059196,2016/17,2016-11-17,R Premadasa Stadium,2,30.5,Sri Lanka,England,WGAKK Kulasuriya,PM Weerakkody,A Hartley,0,0,,,,,,,,,
1059196,2016/17,2016-11-17,R Premadasa Stadium,2,30.6,Sri Lanka,England,WGAKK Kulasuriya,PM Weerakkody,A Hartley,0,0,,,,,,,,,
1059196,2016/17,2016-11-17,R Premadasa Stadium,2,31.1,Sri Lanka,England,PM Weerakkody,WGAKK Kulasuriya,D Hazell,0,0,,,,,,,,,
1059196,2016/17,2016-11-17,R Premadasa Stadium,2,31.2,Sri Lanka,England,PM Weerakkody,WGAKK Kulasuriya,D Hazell,0,0,,,,,,,,,
1059196,2016/17,2016-11-17,R Premadasa Stadium,2,31.3,Sri Lanka,England,PM Weerakkody,WGAKK Kulasuriya,D Hazell,1,0,,,,,,,,,
1059196,2016/17,2016-11-17,R Premadasa Stadium,2,31.4,Sri Lanka,England,WGAKK Kulasuriya,PM Weerakkody,D Hazell,0,0,,,,,,,,,
1059196,2016/17,2016-11-17,R Premadasa Stadium,2,31.5,Sri Lanka,England,WGAKK Kulasuriya,PM Weerakkody,D Hazell,0,0,,,,,,,,,
1059196,2016/17,2016-11-17,R Premadasa Stadium,2,31.6,Sri Lanka,England,WGAKK Kulasuriya,PM Weerakkody,D Hazell,0,0,,,,,,,,,
1059196,2016/17,2016-11-17,R Premadasa Stadium,2,32.1,Sri Lanka,England,PM Weerakkody,WGAKK Kulasuriya,A Hartley,0,0,,,,,,lbw,PM Weerakkody,,
1059196,2016/17,2016-11-17,R Premadasa Stadium,2,32.2,Sri Lanka,England,SIP Fernando,WGAKK Kulasuriya,A Hartley,0,0,,,,,,,,,
1059196,2016/17,2016-11-17,R Premadasa Stadium,2,32.3,Sri Lanka,England,SIP Fernando,WGAKK Kulasuriya,A Hartley,0,0,,,,,,,,,
1059196,2016/17,2016-11-17,R Premadasa Stadium,2,32.4,Sri Lanka,England,SIP Fernando,WGAKK Kulasuriya,A Hartley,0,0,,,,,,,,,
1059196,2016/17,2016-11-17,R Premadasa Stadium,2,32.5,Sri Lanka,England,SIP Fernando,WGAKK Kulasuriya,A Hartley,0,0,,,,,,,,,
1059196,2016/17,2016-11-17,R Premadasa Stadium,2,32.6,Sri Lanka,England,SIP Fernando,WGAKK Kulasuriya,A Hartley,0,0,,,,,,,,,
1059196,2016/17,2016-11-17,R Premadasa Stadium,2,33.1,Sri Lanka,England,WGAKK Kulasuriya,SIP Fernando,D Hazell,0,0,,,,,,bowled,WGAKK Kulasuriya,,
