match_id,season,start_date,venue,innings,ball,batting_team,bowling_team,striker,non_striker,bowler,runs_off_bat,extras,wides,noballs,byes,legbyes,penalty,wicket_type,player_dismissed,other_wicket_type,other_player_dismissed
1072312,2017/18,2018-01-21,Sydney Cricket Ground,1,0.1,England,Australia,JJ Roy,JM Bairstow,MA Starc,0,2,2,,,,,,,,
1072312,2017/18,2018-01-21,Sydney Cricket Ground,1,0.2,England,Australia,JM Bairstow,JJ Roy,MA Starc,0,1,1,,,,,,,,
1072312,2017/18,2018-01-21,Sydney Cricket Ground,1,0.3,England,Australia,JM Bairstow,JJ Roy,MA Starc,0,0,,,,,,,,,
1072312,2017/18,2018-01-21,Sydney Cricket Ground,1,0.4,England,Australia,JM Bairstow,JJ Roy,MA Starc,2,0,,,,,,,,,
1072312,2017/18,2018-01-21,Sydney Cricket Ground,1,0.5,England,Australia,JM Bairstow,JJ Roy,MA Starc,0,0,,,,,,,,,
1072312,2017/18,2018-01-21,Sydney Cricket Ground,1,0.6,England,Australia,JM Bairstow,JJ Roy,MA Starc,0,0,,,,,,,,,
1072312,2017/18,2018-01-21,Sydney Cricket Ground,1,0.7,England,Australia,JM Bairstow,JJ Roy,MA Starc,0,0,,,,,,,,,
1072312,2017/18,2018-01-21,Sydney Cricket Ground,1,0.8,England,Australia,JM Bairstow,JJ Roy,MA Starc,0,0,,,,,,,,,
1072312,2017/18,2018-01-21,Sydney Cricket Ground,1,1.1,England,Australia,JJ Roy,JM Bairstow,JR Hazlewood,1,0,,,,,,,,,
1072312,2017/18,2018-01-21,Sydney Cricket Ground,1,1.2,England,Australia,JM Bairstow,JJ Roy,JR Hazlewood,1,0,,,,,,,,,
1072312,2017/18,2018-01-21,Sydney Cricket Ground,1,1.3,England,Australia,JJ Roy,JM Bairstow,JR Hazlewood,0,0,,,,,,,,,
1072312,2017/18,2018-01-21,Sydney Cricket Ground,1,1.4,England,Australia,JJ Roy,JM Bairstow,JR Hazlewood,4,0,,,,,,,,,
1072312,2017/18,2018-01-21,Sydney Cricket Ground,1,1.5,England,Australia,JJ Roy,JM Bairstow,JR Hazlewood,0,0,,,,,,,,,
1072312,2017/18,2018-01-21,Sydney Cricket Ground,1,1.6,England,Australia,JJ Roy,JM Bairstow,JR Hazlewood,0,0,,,,,,,,,
1072312,2017/18,2018-01-21,Sydney Cricket Ground,1,2.1,England,Australia,JM Bairstow,JJ Roy,MA Starc,0,0,,,,,,,,,
1072312,2017/18,2018-01-21,Sydney Cricket Ground,1,2.2,England,Australia,JM Bairstow,JJ Roy,MA Starc,1,0,,,,,,,,,
1072312,2017/18,2018-01-21,Sydney Cricket Ground,1,2.3,England,Australia,JJ Roy,JM Bairstow,MA Starc,0,1,1,,,,,,,,
1072312,2017/18,2018-01-21,Sydney Cricket Ground,1,2.4,England,Australia,JJ Roy,JM Bairstow,MA Starc,0,0,,,,,,,,,
1072312,2017/18,2018-01-21,Sydney Cricket Ground,1,2.5,England,Australia,JJ Roy,JM Bairstow,MA Starc,4,0,,,,,,,,,
1072312,2017/18,2018-01-21,Sydney Cricket Ground,1,2.6,England,Australia,JJ Roy,JM Bairstow,MA Starc,0,0,,,,,,,,,
1072312,2017/18,2018-01-21,Sydney Cricket Ground,1,2.7,England,Australia,JJ Roy,JM Bairstow,MA Starc,0,0,,,,,,,,,
1072312,2017/18,2018-01-21,Sydney Cricket Ground,1,3.1,England,Australia,JM Bairstow,JJ Roy,JR Hazlewood,1,0,,,,,,,,,
1072312,2017/18,2018-01-21,Sydney Cricket Ground,1,3.2,England,Australia,JJ Roy,JM Bairstow,JR Hazlewood,4,0,,,,,,,,,
1072312,2017/18,2018-01-21,Sydney Cricket Ground,1,3.3,England,Australia,JJ Roy,JM Bairstow,JR Hazlewood,1,0,,,,,,,,,
1072312,2017/18,2018-01-21,Sydney Cricket Ground,1,3.4,England,Australia,JM Bairstow,JJ Roy,JR Hazlewood,2,0,,,,,,,,,
1072312,2017/18,2018-01-21,Sydney Cricket Ground,1,3.5,England,Australia,JM Bairstow,JJ Roy,JR Hazlewood,0,0,,,,,,,,,
1072312,2017/18,2018-01-21,Sydney Cricket Ground,1,3.6,England,Australia,JM Bairstow,JJ Roy,JR Hazlewood,4,0,,,,,,,,,
1072312,2017/18,2018-01-21,Sydney Cricket Ground,1,4.1,England,Australia,JJ Roy,JM Bairstow,PJ Cummins,0,0,,,,,,,,,
1072312,2017/18,2018-01-21,Sydney Cricket Ground,1,4.2,England,Australia,JJ Roy,JM Bairstow,PJ Cummins,0,0,,,,,,,,,
1072312,2017/18,2018-01-21,Sydney Cricket Ground,1,4.3,England,Australia,JJ Roy,JM Bairstow,PJ Cummins,0,0,,,,,,,,,
1072312,2017/18,2018-01-21,Sydney Cricket Ground,1,4.4,England,Australia,JJ Roy,JM Bairstow,PJ Cummins,0,0,,,,,,,,,
1072312,2017/18,2018-01-21,Sydney Cricket Ground,1,4.5,England,Australia,JJ Roy,JM Bairstow,PJ Cummins,0,0,,,,,,,,,
1072312,2017/18,2018-01-21,Sydney Cricket Ground,1,4.6,England,Australia,JJ Roy,JM Bairstow,PJ Cummins,0,0,,,,,,,,,
1072312,2017/18,2018-01-21,Sydney Cricket Ground,1,5.1,England,Australia,JM Bairstow,JJ Roy,JR Hazlewood,0,0,,,,,,,,,
1072312,2017/18,2018-01-21,Sydney Cricket Ground,1,5.2,England,Australia,JM Bairstow,JJ Roy,JR Hazlewood,1,0,,,,,,,,,
1072312,2017/18,2018-01-21,Sydney Cricket Ground,1,5.3,England,Australia,JJ Roy,JM Bairstow,JR Hazlewood,1,0,,,,,,,,,
1072312,2017/18,2018-01-21,Sydney Cricket Ground,1,5.4,England,Australia,JM Bairstow,JJ Roy,JR Hazlewood,0,0,,,,,,,,,
1072312,2017/18,2018-01-21,Sydney Cricket Ground,1,5.5,England,Australia,JM Bairstow,JJ Roy,JR Hazlewood,0,0,,,,,,,,,
1072312,2017/18,2018-01-21,Sydney Cricket Ground,1,5.6,England,Australia,JM Bairstow,JJ Roy,JR Hazlewood,0,0,,,,,,,,,
1072312,2017/18,2018-01-21,Sydney Cricket Ground,1,6.1,England,Australia,JJ Roy,JM Bairstow,PJ Cummins,0,1,1,,,,,,,,
1072312,2017/18,2018-01-21,Sydney Cricket Ground,1,6.2,England,Australia,JJ Roy,JM Bairstow,PJ Cummins,4,0,,,,,,,,,
1072312,2017/18,2018-01-21,Sydney Cricket Ground,1,6.3,England,Australia,JJ Roy,JM Bairstow,PJ Cummins,0,0,,,,,,,,,
1072312,2017/18,2018-01-21,Sydney Cricket Ground,1,6.4,England,Australia,JJ Roy,JM Bairstow,PJ Cummins,0,1,1,,,,,,,,
1072312,2017/18,2018-01-21,Sydney Cricket Ground,1,6.5,England,Australia,JJ Roy,JM Bairstow,PJ Cummins,0,0,,,,,,,,,
1072312,2017/18,2018-01-21,Sydney Cricket Ground,1,6.6,England,Australia,JJ Roy,JM Bairstow,PJ Cummins,0,0,,,,,,,,,
1072312,2017/18,2018-01-21,Sydney Cricket Ground,1,6.7,England,Australia,JJ Roy,JM Bairstow,PJ Cummins,0,0,,,,,,,,,
1072312,2017/18,2018-01-21,Sydney Cricket Ground,1,6.8,England,Australia,JJ Roy,JM Bairstow,PJ Cummins,0,1,1,,,,,,,,
1072312,2017/18,2018-01-21,Sydney Cricket Ground,1,6.9,England,Australia,JJ Roy,JM Bairstow,PJ Cummins,0,0,,,,,,caught,JJ Roy,,
1072312,2017/18,2018-01-21,Sydney Cricket Ground,1,7.1,England,Australia,JM Bairstow,AD Hales,JR Hazlewood,0,0,,,,,,,,,
1072312,2017/18,2018-01-21,Sydney Cricket Ground,1,7.2,England,Australia,JM Bairstow,AD Hales,JR Hazlewood,3,0,,,,,,,,,
1072312,2017/18,2018-01-21,Sydney Cricket Ground,1,7.3,England,Australia,AD Hales,JM Bairstow,JR Hazlewood,0,0,,,,,,,,,
1072312,2017/18,2018-01-21,Sydney Cricket Ground,1,7.4,England,Australia,AD Hales,JM Bairstow,JR Hazlewood,0,0,,,,,,,,,
1072312,2017/18,2018-01-21,Sydney Cricket Ground,1,7.5,England,Australia,AD Hales,JM Bairstow,JR Hazlewood,0,0,,,,,,,,,
1072312,2017/18,2018-01-21,Sydney Cricket Ground,1,7.6,England,Australia,AD Hales,JM Bairstow,JR Hazlewood,0,0,,,,,,,,,
1072312,2017/18,2018-01-21,Sydney Cricket Ground,1,8.1,England,Australia,JM Bairstow,AD Hales,PJ Cummins,1,0,,,,,,,,,
1072312,2017/18,2018-01-21,Sydney Cricket Ground,1,8.2,England,Australia,AD Hales,JM Bairstow,PJ Cummins,0,0,,,,,,,,,
1072312,2017/18,2018-01-21,Sydney Cricket Ground,1,8.3,England,Australia,AD Hales,JM Bairstow,PJ Cummins,0,0,,,,,,,,,
1072312,2017/18,2018-01-21,Sydney Cricket Ground,1,8.4,England,Australia,AD Hales,JM Bairstow,PJ Cummins,1,0,,,,,,,,,
1072312,2017/18,2018-01-21,Sydney Cricket Ground,1,8.5,England,Australia,JM Bairstow,AD Hales,PJ Cummins,0,0,,,,,,,,,
1072312,2017/18,2018-01-21,Sydney Cricket Ground,1,8.6,England,Australia,JM Bairstow,AD Hales,PJ Cummins,1,0,,,,,,,,,
1072312,2017/18,2018-01-21,Sydney Cricket Ground,1,9.1,England,Australia,JM Bairstow,AD Hales,MP Stoinis,0,0,,,,,,,,,
1072312,2017/18,2018-01-21,Sydney Cricket Ground,1,9.2,England,Australia,JM Bairstow,AD Hales,MP Stoinis,0,0,,,,,,,,,
1072312,2017/18,2018-01-21,Sydney Cricket Ground,1,9.3,England,Australia,JM Bairstow,AD Hales,MP Stoinis,1,0,,,,,,,,,
1072312,2017/18,2018-01-21,Sydney Cricket Ground,1,9.4,England,Australia,AD Hales,JM Bairstow,MP Stoinis,0,0,,,,,,caught,AD Hales,,
1072312,2017/18,2018-01-21,Sydney Cricket Ground,1,9.5,England,Australia,JE Root,JM Bairstow,MP Stoinis,0,0,,,,,,,,,
1072312,2017/18,2018-01-21,Sydney Cricket Ground,1,9.6,England,Australia,JE Root,JM Bairstow,MP Stoinis,2,0,,,,,,,,,
1072312,2017/18,2018-01-21,Sydney Cricket Ground,1,10.1,England,Australia,JM Bairstow,JE Root,PJ Cummins,1,0,,,,,,,,,
1072312,2017/18,2018-01-21,Sydney Cricket Ground,1,10.2,England,Australia,JE Root,JM Bairstow,PJ Cummins,0,1,1,,,,,,,,
1072312,2017/18,2018-01-21,Sydney Cricket Ground,1,10.3,England,Australia,JE Root,JM Bairstow,PJ Cummins,0,0,,,,,,,,,
1072312,2017/18,2018-01-21,Sydney Cricket Ground,1,10.4,England,Australia,JE Root,JM Bairstow,PJ Cummins,1,0,,,,,,,,,
1072312,2017/18,2018-01-21,Sydney Cricket Ground,1,10.5,England,Australia,JM Bairstow,JE Root,PJ Cummins,0,0,,,,,,,,,
1072312,2017/18,2018-01-21,Sydney Cricket Ground,1,10.6,England,Australia,JM Bairstow,JE Root,PJ Cummins,1,0,,,,,,,,,
1072312,2017/18,2018-01-21,Sydney Cricket Ground,1,10.7,England,Australia,JE Root,JM Bairstow,PJ Cummins,0,0,,,,,,,,,
1072312,2017/18,2018-01-21,Sydney Cricket Ground,1,11.1,England,Australia,JM Bairstow,JE Root,MP Stoinis,0,0,,,,,,,,,
1072312,2017/18,2018-01-21,Sydney Cricket Ground,1,11.2,England,Australia,JM Bairstow,JE Root,MP Stoinis,1,0,,,,,,,,,
1072312,2017/18,2018-01-21,Sydney Cricket Ground,1,11.3,England,Australia,JE Root,JM Bairstow,MP Stoinis,3,0,,,,,,,,,
1072312,2017/18,2018-01-21,Sydney Cricket Ground,1,11.4,England,Australia,JM Bairstow,JE Root,MP Stoinis,0,0,,,,,,,,,
1072312,2017/18,2018-01-21,Sydney Cricket Ground,1,11.5,England,Australia,JM Bairstow,JE Root,MP Stoinis,2,0,,,,,,,,,
1072312,2017/18,2018-01-21,Sydney Cricket Ground,1,11.6,England,Australia,JM Bairstow,JE Root,MP Stoinis,0,0,,,,,,,,,
1072312,2017/18,2018-01-21,Sydney Cricket Ground,1,12.1,England,Australia,JE Root,JM Bairstow,A Zampa,1,0,,,,,,,,,
1072312,2017/18,2018-01-21,Sydney Cricket Ground,1,12.2,England,Australia,JM Bairstow,JE Root,A Zampa,1,0,,,,,,,,,
1072312,2017/18,2018-01-21,Sydney Cricket Ground,1,12.3,England,Australia,JE Root,JM Bairstow,A Zampa,1,0,,,,,,,,,
1072312,2017/18,2018-01-21,Sydney Cricket Ground,1,12.4,England,Australia,JM Bairstow,JE Root,A Zampa,0,0,,,,,,,,,
1072312,2017/18,2018-01-21,Sydney Cricket Ground,1,12.5,England,Australia,JM Bairstow,JE Root,A Zampa,1,0,,,,,,,,,
1072312,2017/18,2018-01-21,Sydney Cricket Ground,1,12.6,England,Australia,JE Root,JM Bairstow,A Zampa,1,0,,,,,,,,,
1072312,2017/18,2018-01-21,Sydney Cricket Ground,1,13.1,England,Australia,JE Root,JM Bairstow,MP Stoinis,1,0,,,,,,,,,
1072312,2017/18,2018-01-21,Sydney Cricket Ground,1,13.2,England,Australia,JM Bairstow,JE Root,MP Stoinis,0,0,,,,,,,,,
1072312,2017/18,2018-01-21,Sydney Cricket Ground,1,13.3,England,Australia,JM Bairstow,JE Root,MP Stoinis,1,0,,,,,,,,,
1072312,2017/18,2018-01-21,Sydney Cricket Ground,1,13.4,England,Australia,JE Root,JM Bairstow,MP Stoinis,0,0,,,,,,,,,
1072312,2017/18,2018-01-21,Sydney Cricket Ground,1,13.5,England,Australia,JE Root,JM Bairstow,MP Stoinis,0,0,,,,,,,,,
1072312,2017/18,2018-01-21,Sydney Cricket Ground,1,13.6,England,Australia,JE Root,JM Bairstow,MP Stoinis,2,0,,,,,,,,,
1072312,2017/18,2018-01-21,Sydney Cricket Ground,1,14.1,England,Australia,JM Bairstow,JE Root,A Zampa,0,0,,,,,,,,,
1072312,2017/18,2018-01-21,Sydney Cricket Ground,1,14.2,England,Australia,JM Bairstow,JE Root,A Zampa,0,0,,,,,,,,,
1072312,2017/18,2018-01-21,Sydney Cricket Ground,1,14.3,England,Australia,JM Bairstow,JE Root,A Zampa,1,0,,,,,,,,,
1072312,2017/18,2018-01-21,Sydney Cricket Ground,1,14.4,England,Australia,JE Root,JM Bairstow,A Zampa,1,0,,,,,,,,,
1072312,2017/18,2018-01-21,Sydney Cricket Ground,1,14.5,England,Australia,JM Bairstow,JE Root,A Zampa,0,0,,,,,,,,,
1072312,2017/18,2018-01-21,Sydney Cricket Ground,1,14.6,England,Australia,JM Bairstow,JE Root,A Zampa,1,0,,,,,,,,,
1072312,2017/18,2018-01-21,Sydney Cricket Ground,1,15.1,England,Australia,JM Bairstow,JE Root,MP Stoinis,0,0,,,,,,,,,
1072312,2017/18,2018-01-21,Sydney Cricket Ground,1,15.2,England,Australia,JM Bairstow,JE Root,MP Stoinis,0,0,,,,,,,,,
1072312,2017/18,2018-01-21,Sydney Cricket Ground,1,15.3,England,Australia,JM Bairstow,JE Root,MP Stoinis,0,0,,,,,,,,,
1072312,2017/18,2018-01-21,Sydney Cricket Ground,1,15.4,England,Australia,JM Bairstow,JE Root,MP Stoinis,1,0,,,,,,,,,
1072312,2017/18,2018-01-21,Sydney Cricket Ground,1,15.5,England,Australia,JE Root,JM Bairstow,MP Stoinis,1,0,,,,,,,,,
1072312,2017/18,2018-01-21,Sydney Cricket Ground,1,15.6,England,Australia,JM Bairstow,JE Root,MP Stoinis,2,0,,,,,,,,,
1072312,2017/18,2018-01-21,Sydney Cricket Ground,1,16.1,England,Australia,JE Root,JM Bairstow,A Zampa,0,0,,,,,,,,,
1072312,2017/18,2018-01-21,Sydney Cricket Ground,1,16.2,England,Australia,JE Root,JM Bairstow,A Zampa,1,0,,,,,,,,,
1072312,2017/18,2018-01-21,Sydney Cricket Ground,1,16.3,England,Australia,JM Bairstow,JE Root,A Zampa,1,0,,,,,,,,,
1072312,2017/18,2018-01-21,Sydney Cricket Ground,1,16.4,England,Australia,JE Root,JM Bairstow,A Zampa,4,0,,,,,,,,,
1072312,2017/18,2018-01-21,Sydney Cricket Ground,1,16.5,England,Australia,JE Root,JM Bairstow,A Zampa,0,0,,,,,,,,,
1072312,2017/18,2018-01-21,Sydney Cricket Ground,1,16.6,England,Australia,JE Root,JM Bairstow,A Zampa,1,0,,,,,,,,,
1072312,2017/18,2018-01-21,Sydney Cricket Ground,1,17.1,England,Australia,JE Root,JM Bairstow,MR Marsh,1,0,,,,,,,,,
1072312,2017/18,2018-01-21,Sydney Cricket Ground,1,17.2,England,Australia,JM Bairstow,JE Root,MR Marsh,3,0,,,,,,,,,
1072312,2017/18,2018-01-21,Sydney Cricket Ground,1,17.3,England,Australia,JE Root,JM Bairstow,MR Marsh,1,0,,,,,,,,,
1072312,2017/18,2018-01-21,Sydney Cricket Ground,1,17.4,England,Australia,JM Bairstow,JE Root,MR Marsh,0,0,,,,,,,,,
1072312,2017/18,2018-01-21,Sydney Cricket Ground,1,17.5,England,Australia,JM Bairstow,JE Root,MR Marsh,0,0,,,,,,,,,
1072312,2017/18,2018-01-21,Sydney Cricket Ground,1,17.6,England,Australia,JM Bairstow,JE Root,MR Marsh,0,0,,,,,,,,,
1072312,2017/18,2018-01-21,Sydney Cricket Ground,1,18.1,England,Australia,JE Root,JM Bairstow,A Zampa,0,0,,,,,,,,,
1072312,2017/18,2018-01-21,Sydney Cricket Ground,1,18.2,England,Australia,JE Root,JM Bairstow,A Zampa,1,0,,,,,,,,,
1072312,2017/18,2018-01-21,Sydney Cricket Ground,1,18.3,England,Australia,JM Bairstow,JE Root,A Zampa,0,0,,,,,,,,,
1072312,2017/18,2018-01-21,Sydney Cricket Ground,1,18.4,England,Australia,JM Bairstow,JE Root,A Zampa,4,0,,,,,,,,,
1072312,2017/18,2018-01-21,Sydney Cricket Ground,1,18.5,England,Australia,JM Bairstow,JE Root,A Zampa,0,0,,,,,,bowled,JM Bairstow,,
1072312,2017/18,2018-01-21,Sydney Cricket Ground,1,18.6,England,Australia,EJG Morgan,JE Root,A Zampa,0,0,,,,,,,,,
1072312,2017/18,2018-01-21,Sydney Cricket Ground,1,19.1,England,Australia,JE Root,EJG Morgan,MA Starc,0,0,,,,,,,,,
1072312,2017/18,2018-01-21,Sydney Cricket Ground,1,19.2,England,Australia,JE Root,EJG Morgan,MA Starc,1,0,,,,,,,,,
1072312,2017/18,2018-01-21,Sydney Cricket Ground,1,19.3,England,Australia,EJG Morgan,JE Root,MA Starc,4,0,,,,,,,,,
1072312,2017/18,2018-01-21,Sydney Cricket Ground,1,19.4,England,Australia,EJG Morgan,JE Root,MA Starc,0,0,,,,,,,,,
1072312,2017/18,2018-01-21,Sydney Cricket Ground,1,19.5,England,Australia,EJG Morgan,JE Root,MA Starc,0,0,,,,,,,,,
1072312,2017/18,2018-01-21,Sydney Cricket Ground,1,19.6,England,Australia,EJG Morgan,JE Root,MA Starc,2,0,,,,,,,,,
1072312,2017/18,2018-01-21,Sydney Cricket Ground,1,20.1,England,Australia,JE Root,EJG Morgan,A Zampa,1,0,,,,,,,,,
1072312,2017/18,2018-01-21,Sydney Cricket Ground,1,20.2,England,Australia,EJG Morgan,JE Root,A Zampa,4,0,,,,,,,,,
1072312,2017/18,2018-01-21,Sydney Cricket Ground,1,20.3,England,Australia,EJG Morgan,JE Root,A Zampa,3,0,,,,,,,,,
1072312,2017/18,2018-01-21,Sydney Cricket Ground,1,20.4,England,Australia,JE Root,EJG Morgan,A Zampa,1,0,,,,,,,,,
1072312,2017/18,2018-01-21,Sydney Cricket Ground,1,20.5,England,Australia,EJG Morgan,JE Root,A Zampa,0,0,,,,,,,,,
1072312,2017/18,2018-01-21,Sydney Cricket Ground,1,20.6,England,Australia,EJG Morgan,JE Root,A Zampa,0,0,,,,,,,,,
1072312,2017/18,2018-01-21,Sydney Cricket Ground,1,21.1,England,Australia,JE Root,EJG Morgan,MA Starc,1,0,,,,,,,,,
1072312,2017/18,2018-01-21,Sydney Cricket Ground,1,21.2,England,Australia,EJG Morgan,JE Root,MA Starc,0,0,,,,,,,,,
1072312,2017/18,2018-01-21,Sydney Cricket Ground,1,21.3,England,Australia,EJG Morgan,JE Root,MA Starc,0,0,,,,,,,,,
1072312,2017/18,2018-01-21,Sydney Cricket Ground,1,21.4,England,Australia,EJG Morgan,JE Root,MA Starc,0,0,,,,,,,,,
1072312,2017/18,2018-01-21,Sydney Cricket Ground,1,21.5,England,Australia,EJG Morgan,JE Root,MA Starc,0,0,,,,,,,,,
1072312,2017/18,2018-01-21,Sydney Cricket Ground,1,21.6,England,Australia,EJG Morgan,JE Root,MA Starc,0,0,,,,,,,,,
1072312,2017/18,2018-01-21,Sydney Cricket Ground,1,22.1,England,Australia,JE Root,EJG Morgan,JR Hazlewood,0,0,,,,,,,,,
1072312,2017/18,2018-01-21,Sydney Cricket Ground,1,22.2,England,Australia,JE Root,EJG Morgan,JR Hazlewood,0,0,,,,,,bowled,JE Root,,
1072312,2017/18,2018-01-21,Sydney Cricket Ground,1,22.3,England,Australia,JC Buttler,EJG Morgan,JR Hazlewood,0,0,,,,,,,,,
1072312,2017/18,2018-01-21,Sydney Cricket Ground,1,22.4,England,Australia,JC Buttler,EJG Morgan,JR Hazlewood,0,0,,,,,,,,,
1072312,2017/18,2018-01-21,Sydney Cricket Ground,1,22.5,England,Australia,JC Buttler,EJG Morgan,JR Hazlewood,0,0,,,,,,,,,
1072312,2017/18,2018-01-21,Sydney Cricket Ground,1,22.6,England,Australia,JC Buttler,EJG Morgan,JR Hazlewood,1,0,,,,,,,,,
1072312,2017/18,2018-01-21,Sydney Cricket Ground,1,23.1,England,Australia,JC Buttler,EJG Morgan,MA Starc,1,0,,,,,,,,,
1072312,2017/18,2018-01-21,Sydney Cricket Ground,1,23.2,England,Australia,EJG Morgan,JC Buttler,MA Starc,0,0,,,,,,,,,
1072312,2017/18,2018-01-21,Sydney Cricket Ground,1,23.3,England,Australia,EJG Morgan,JC Buttler,MA Starc,0,0,,,,,,,,,
1072312,2017/18,2018-01-21,Sydney Cricket Ground,1,23.4,England,Australia,EJG Morgan,JC Buttler,MA Starc,0,0,,,,,,,,,
1072312,2017/18,2018-01-21,Sydney Cricket Ground,1,23.5,England,Australia,EJG Morgan,JC Buttler,MA Starc,0,0,,,,,,,,,
1072312,2017/18,2018-01-21,Sydney Cricket Ground,1,23.6,England,Australia,EJG Morgan,JC Buttler,MA Starc,0,0,,,,,,,,,
1072312,2017/18,2018-01-21,Sydney Cricket Ground,1,24.1,England,Australia,JC Buttler,EJG Morgan,JR Hazlewood,0,0,,,,,,,,,
1072312,2017/18,2018-01-21,Sydney Cricket Ground,1,24.2,England,Australia,JC Buttler,EJG Morgan,JR Hazlewood,4,0,,,,,,,,,
1072312,2017/18,2018-01-21,Sydney Cricket Ground,1,24.3,England,Australia,JC Buttler,EJG Morgan,JR Hazlewood,1,0,,,,,,,,,
1072312,2017/18,2018-01-21,Sydney Cricket Ground,1,24.4,England,Australia,EJG Morgan,JC Buttler,JR Hazlewood,2,0,,,,,,,,,
1072312,2017/18,2018-01-21,Sydney Cricket Ground,1,24.5,England,Australia,EJG Morgan,JC Buttler,JR Hazlewood,0,0,,,,,,,,,
1072312,2017/18,2018-01-21,Sydney Cricket Ground,1,24.6,England,Australia,EJG Morgan,JC Buttler,JR Hazlewood,0,0,,,,,,,,,
1072312,2017/18,2018-01-21,Sydney Cricket Ground,1,25.1,England,Australia,JC Buttler,EJG Morgan,MP Stoinis,0,0,,,,,,,,,
1072312,2017/18,2018-01-21,Sydney Cricket Ground,1,25.2,England,Australia,JC Buttler,EJG Morgan,MP Stoinis,0,0,,,,,,,,,
1072312,2017/18,2018-01-21,Sydney Cricket Ground,1,25.3,England,Australia,JC Buttler,EJG Morgan,MP Stoinis,0,0,,,,,,,,,
1072312,2017/18,2018-01-21,Sydney Cricket Ground,1,25.4,England,Australia,JC Buttler,EJG Morgan,MP Stoinis,1,0,,,,,,,,,
1072312,2017/18,2018-01-21,Sydney Cricket Ground,1,25.5,England,Australia,EJG Morgan,JC Buttler,MP Stoinis,1,0,,,,,,,,,
1072312,2017/18,2018-01-21,Sydney Cricket Ground,1,25.6,England,Australia,JC Buttler,EJG Morgan,MP Stoinis,0,0,,,,,,,,,
1072312,2017/18,2018-01-21,Sydney Cricket Ground,1,26.1,England,Australia,EJG Morgan,JC Buttler,A Zampa,1,0,,,,,,,,,
1072312,2017/18,2018-01-21,Sydney Cricket Ground,1,26.2,England,Australia,JC Buttler,EJG Morgan,A Zampa,2,0,,,,,,,,,
1072312,2017/18,2018-01-21,Sydney Cricket Ground,1,26.3,England,Australia,JC Buttler,EJG Morgan,A Zampa,1,0,,,,,,,,,
1072312,2017/18,2018-01-21,Sydney Cricket Ground,1,26.4,England,Australia,EJG Morgan,JC Buttler,A Zampa,1,0,,,,,,,,,
1072312,2017/18,2018-01-21,Sydney Cricket Ground,1,26.5,England,Australia,JC Buttler,EJG Morgan,A Zampa,1,0,,,,,,,,,
1072312,2017/18,2018-01-21,Sydney Cricket Ground,1,26.6,England,Australia,EJG Morgan,JC Buttler,A Zampa,1,0,,,,,,,,,
1072312,2017/18,2018-01-21,Sydney Cricket Ground,1,27.1,England,Australia,EJG Morgan,JC Buttler,MP Stoinis,0,0,,,,,,,,,
1072312,2017/18,2018-01-21,Sydney Cricket Ground,1,27.2,England,Australia,EJG Morgan,JC Buttler,MP Stoinis,1,0,,,,,,,,,
1072312,2017/18,2018-01-21,Sydney Cricket Ground,1,27.3,England,Australia,JC Buttler,EJG Morgan,MP Stoinis,0,0,,,,,,,,,
1072312,2017/18,2018-01-21,Sydney Cricket Ground,1,27.4,England,Australia,JC Buttler,EJG Morgan,MP Stoinis,0,0,,,,,,,,,
1072312,2017/18,2018-01-21,Sydney Cricket Ground,1,27.5,England,Australia,JC Buttler,EJG Morgan,MP Stoinis,6,0,,,,,,,,,
1072312,2017/18,2018-01-21,Sydney Cricket Ground,1,27.6,England,Australia,JC Buttler,EJG Morgan,MP Stoinis,1,0,,,,,,,,,
1072312,2017/18,2018-01-21,Sydney Cricket Ground,1,28.1,England,Australia,JC Buttler,EJG Morgan,A Zampa,2,0,,,,,,,,,
1072312,2017/18,2018-01-21,Sydney Cricket Ground,1,28.2,England,Australia,JC Buttler,EJG Morgan,A Zampa,0,0,,,,,,,,,
1072312,2017/18,2018-01-21,Sydney Cricket Ground,1,28.3,England,Australia,JC Buttler,EJG Morgan,A Zampa,1,0,,,,,,,,,
1072312,2017/18,2018-01-21,Sydney Cricket Ground,1,28.4,England,Australia,EJG Morgan,JC Buttler,A Zampa,2,0,,,,,,,,,
1072312,2017/18,2018-01-21,Sydney Cricket Ground,1,28.5,England,Australia,EJG Morgan,JC Buttler,A Zampa,1,0,,,,,,,,,
1072312,2017/18,2018-01-21,Sydney Cricket Ground,1,28.6,England,Australia,JC Buttler,EJG Morgan,A Zampa,1,0,,,,,,,,,
1072312,2017/18,2018-01-21,Sydney Cricket Ground,1,29.1,England,Australia,JC Buttler,EJG Morgan,MP Stoinis,1,0,,,,,,,,,
1072312,2017/18,2018-01-21,Sydney Cricket Ground,1,29.2,England,Australia,EJG Morgan,JC Buttler,MP Stoinis,6,0,,,,,,,,,
1072312,2017/18,2018-01-21,Sydney Cricket Ground,1,29.3,England,Australia,EJG Morgan,JC Buttler,MP Stoinis,0,0,,,,,,,,,
1072312,2017/18,2018-01-21,Sydney Cricket Ground,1,29.4,England,Australia,EJG Morgan,JC Buttler,MP Stoinis,1,0,,,,,,,,,
1072312,2017/18,2018-01-21,Sydney Cricket Ground,1,29.5,England,Australia,JC Buttler,EJG Morgan,MP Stoinis,0,0,,,,,,,,,
1072312,2017/18,2018-01-21,Sydney Cricket Ground,1,29.6,England,Australia,JC Buttler,EJG Morgan,MP Stoinis,1,0,,,,,,,,,
1072312,2017/18,2018-01-21,Sydney Cricket Ground,1,30.1,England,Australia,JC Buttler,EJG Morgan,MA Starc,1,0,,,,,,,,,
1072312,2017/18,2018-01-21,Sydney Cricket Ground,1,30.2,England,Australia,EJG Morgan,JC Buttler,MA Starc,0,0,,,,,,,,,
1072312,2017/18,2018-01-21,Sydney Cricket Ground,1,30.3,England,Australia,EJG Morgan,JC Buttler,MA Starc,0,0,,,,,,,,,
1072312,2017/18,2018-01-21,Sydney Cricket Ground,1,30.4,England,Australia,EJG Morgan,JC Buttler,MA Starc,2,0,,,,,,,,,
1072312,2017/18,2018-01-21,Sydney Cricket Ground,1,30.5,England,Australia,EJG Morgan,JC Buttler,MA Starc,1,0,,,,,,,,,
1072312,2017/18,2018-01-21,Sydney Cricket Ground,1,30.6,England,Australia,JC Buttler,EJG Morgan,MA Starc,0,0,,,,,,,,,
1072312,2017/18,2018-01-21,Sydney Cricket Ground,1,31.1,England,Australia,EJG Morgan,JC Buttler,PJ Cummins,1,0,,,,,,,,,
1072312,2017/18,2018-01-21,Sydney Cricket Ground,1,31.2,England,Australia,JC Buttler,EJG Morgan,PJ Cummins,0,0,,,,,,,,,
1072312,2017/18,2018-01-21,Sydney Cricket Ground,1,31.3,England,Australia,JC Buttler,EJG Morgan,PJ Cummins,1,0,,,,,,,,,
1072312,2017/18,2018-01-21,Sydney Cricket Ground,1,31.4,England,Australia,EJG Morgan,JC Buttler,PJ Cummins,0,0,,,,,,,,,
1072312,2017/18,2018-01-21,Sydney Cricket Ground,1,31.5,England,Australia,EJG Morgan,JC Buttler,PJ Cummins,0,0,,,,,,,,,
1072312,2017/18,2018-01-21,Sydney Cricket Ground,1,31.6,England,Australia,EJG Morgan,JC Buttler,PJ Cummins,0,0,,,,,,,,,
1072312,2017/18,2018-01-21,Sydney Cricket Ground,1,32.1,England,Australia,JC Buttler,EJG Morgan,JR Hazlewood,1,0,,,,,,,,,
1072312,2017/18,2018-01-21,Sydney Cricket Ground,1,32.2,England,Australia,EJG Morgan,JC Buttler,JR Hazlewood,1,0,,,,,,,,,
1072312,2017/18,2018-01-21,Sydney Cricket Ground,1,32.3,England,Australia,JC Buttler,EJG Morgan,JR Hazlewood,1,0,,,,,,,,,
1072312,2017/18,2018-01-21,Sydney Cricket Ground,1,32.4,England,Australia,EJG Morgan,JC Buttler,JR Hazlewood,0,0,,,,,,,,,
1072312,2017/18,2018-01-21,Sydney Cricket Ground,1,32.5,England,Australia,EJG Morgan,JC Buttler,JR Hazlewood,0,0,,,,,,,,,
1072312,2017/18,2018-01-21,Sydney Cricket Ground,1,32.6,England,Australia,EJG Morgan,JC Buttler,JR Hazlewood,3,0,,,,,,,,,
1072312,2017/18,2018-01-21,Sydney Cricket Ground,1,33.1,England,Australia,EJG Morgan,JC Buttler,PJ Cummins,1,0,,,,,,,,,
1072312,2017/18,2018-01-21,Sydney Cricket Ground,1,33.2,England,Australia,JC Buttler,EJG Morgan,PJ Cummins,1,0,,,,,,,,,
1072312,2017/18,2018-01-21,Sydney Cricket Ground,1,33.3,England,Australia,EJG Morgan,JC Buttler,PJ Cummins,0,0,,,,,,,,,
1072312,2017/18,2018-01-21,Sydney Cricket Ground,1,33.4,England,Australia,EJG Morgan,JC Buttler,PJ Cummins,1,0,,,,,,,,,
1072312,2017/18,2018-01-21,Sydney Cricket Ground,1,33.5,England,Australia,JC Buttler,EJG Morgan,PJ Cummins,0,0,,,,,,,,,
1072312,2017/18,2018-01-21,Sydney Cricket Ground,1,33.6,England,Australia,JC Buttler,EJG Morgan,PJ Cummins,0,0,,,,,,,,,
1072312,2017/18,2018-01-21,Sydney Cricket Ground,1,34.1,England,Australia,EJG Morgan,JC Buttler,JR Hazlewood,1,0,,,,,,,,,
1072312,2017/18,2018-01-21,Sydney Cricket Ground,1,34.2,England,Australia,JC Buttler,EJG Morgan,JR Hazlewood,0,0,,,,,,,,,
1072312,2017/18,2018-01-21,Sydney Cricket Ground,1,34.3,England,Australia,JC Buttler,EJG Morgan,JR Hazlewood,4,0,,,,,,,,,
1072312,2017/18,2018-01-21,Sydney Cricket Ground,1,34.4,England,Australia,JC Buttler,EJG Morgan,JR Hazlewood,2,0,,,,,,,,,
1072312,2017/18,2018-01-21,Sydney Cricket Ground,1,34.5,England,Australia,JC Buttler,EJG Morgan,JR Hazlewood,1,0,,,,,,,,,
1072312,2017/18,2018-01-21,Sydney Cricket Ground,1,34.6,England,Australia,EJG Morgan,JC Buttler,JR Hazlewood,0,0,,,,,,caught,EJG Morgan,,
1072312,2017/18,2018-01-21,Sydney Cricket Ground,1,35.1,England,Australia,JC Buttler,MM Ali,PJ Cummins,1,0,,,,,,,,,
1072312,2017/18,2018-01-21,Sydney Cricket Ground,1,35.2,England,Australia,MM Ali,JC Buttler,PJ Cummins,0,0,,,,,,,,,
1072312,2017/18,2018-01-21,Sydney Cricket Ground,1,35.3,England,Australia,MM Ali,JC Buttler,PJ Cummins,1,0,,,,,,,,,
1072312,2017/18,2018-01-21,Sydney Cricket Ground,1,35.4,England,Australia,JC Buttler,MM Ali,PJ Cummins,0,0,,,,,,,,,
1072312,2017/18,2018-01-21,Sydney Cricket Ground,1,35.5,England,Australia,JC Buttler,MM Ali,PJ Cummins,1,0,,,,,,,,,
1072312,2017/18,2018-01-21,Sydney Cricket Ground,1,35.6,England,Australia,MM Ali,JC Buttler,PJ Cummins,1,0,,,,,,,,,
1072312,2017/18,2018-01-21,Sydney Cricket Ground,1,36.1,England,Australia,MM Ali,JC Buttler,MR Marsh,1,0,,,,,,,,,
1072312,2017/18,2018-01-21,Sydney Cricket Ground,1,36.2,England,Australia,JC Buttler,MM Ali,MR Marsh,1,0,,,,,,,,,
1072312,2017/18,2018-01-21,Sydney Cricket Ground,1,36.3,England,Australia,MM Ali,JC Buttler,MR Marsh,0,0,,,,,,,,,
1072312,2017/18,2018-01-21,Sydney Cricket Ground,1,36.4,England,Australia,MM Ali,JC Buttler,MR Marsh,1,0,,,,,,,,,
1072312,2017/18,2018-01-21,Sydney Cricket Ground,1,36.5,England,Australia,JC Buttler,MM Ali,MR Marsh,0,1,1,,,,,,,,
1072312,2017/18,2018-01-21,Sydney Cricket Ground,1,36.6,England,Australia,JC Buttler,MM Ali,MR Marsh,0,1,1,,,,,,,,
1072312,2017/18,2018-01-21,Sydney Cricket Ground,1,36.7,England,Australia,JC Buttler,MM Ali,MR Marsh,1,0,,,,,,,,,
1072312,2017/18,2018-01-21,Sydney Cricket Ground,1,36.8,England,Australia,MM Ali,JC Buttler,MR Marsh,0,0,,,,,,,,,
1072312,2017/18,2018-01-21,Sydney Cricket Ground,1,37.1,England,Australia,JC Buttler,MM Ali,MP Stoinis,3,0,,,,,,,,,
1072312,2017/18,2018-01-21,Sydney Cricket Ground,1,37.2,England,Australia,MM Ali,JC Buttler,MP Stoinis,0,1,1,,,,,,,,
1072312,2017/18,2018-01-21,Sydney Cricket Ground,1,37.3,England,Australia,MM Ali,JC Buttler,MP Stoinis,0,0,,,,,,,,,
1072312,2017/18,2018-01-21,Sydney Cricket Ground,1,37.4,England,Australia,MM Ali,JC Buttler,MP Stoinis,0,0,,,,,,,,,
1072312,2017/18,2018-01-21,Sydney Cricket Ground,1,37.5,England,Australia,MM Ali,JC Buttler,MP Stoinis,1,0,,,,,,,,,
1072312,2017/18,2018-01-21,Sydney Cricket Ground,1,37.6,England,Australia,JC Buttler,MM Ali,MP Stoinis,1,0,,,,,,,,,
1072312,2017/18,2018-01-21,Sydney Cricket Ground,1,37.7,England,Australia,MM Ali,JC Buttler,MP Stoinis,1,0,,,,,,,,,
1072312,2017/18,2018-01-21,Sydney Cricket Ground,1,38.1,England,Australia,MM Ali,JC Buttler,MR Marsh,0,0,,,,,,bowled,MM Ali,,
1072312,2017/18,2018-01-21,Sydney Cricket Ground,1,38.2,England,Australia,CR Woakes,JC Buttler,MR Marsh,0,0,,,,,,,,,
1072312,2017/18,2018-01-21,Sydney Cricket Ground,1,38.3,England,Australia,CR Woakes,JC Buttler,MR Marsh,1,0,,,,,,,,,
1072312,2017/18,2018-01-21,Sydney Cricket Ground,1,38.4,England,Australia,JC Buttler,CR Woakes,MR Marsh,1,0,,,,,,,,,
1072312,2017/18,2018-01-21,Sydney Cricket Ground,1,38.5,England,Australia,CR Woakes,JC Buttler,MR Marsh,1,0,,,,,,,,,
1072312,2017/18,2018-01-21,Sydney Cricket Ground,1,38.6,England,Australia,JC Buttler,CR Woakes,MR Marsh,0,0,,,,,,,,,
1072312,2017/18,2018-01-21,Sydney Cricket Ground,1,39.1,England,Australia,CR Woakes,JC Buttler,MA Starc,4,0,,,,,,,,,
1072312,2017/18,2018-01-21,Sydney Cricket Ground,1,39.2,England,Australia,CR Woakes,JC Buttler,MA Starc,0,0,,,,,,,,,
1072312,2017/18,2018-01-21,Sydney Cricket Ground,1,39.3,England,Australia,CR Woakes,JC Buttler,MA Starc,1,0,,,,,,,,,
1072312,2017/18,2018-01-21,Sydney Cricket Ground,1,39.4,England,Australia,JC Buttler,CR Woakes,MA Starc,2,0,,,,,,,,,
1072312,2017/18,2018-01-21,Sydney Cricket Ground,1,39.5,England,Australia,JC Buttler,CR Woakes,MA Starc,1,0,,,,,,,,,
1072312,2017/18,2018-01-21,Sydney Cricket Ground,1,39.6,England,Australia,CR Woakes,JC Buttler,MA Starc,0,0,,,,,,,,,
1072312,2017/18,2018-01-21,Sydney Cricket Ground,1,40.1,England,Australia,JC Buttler,CR Woakes,A Zampa,1,0,,,,,,,,,
1072312,2017/18,2018-01-21,Sydney Cricket Ground,1,40.2,England,Australia,CR Woakes,JC Buttler,A Zampa,0,0,,,,,,,,,
1072312,2017/18,2018-01-21,Sydney Cricket Ground,1,40.3,England,Australia,CR Woakes,JC Buttler,A Zampa,2,0,,,,,,,,,
1072312,2017/18,2018-01-21,Sydney Cricket Ground,1,40.4,England,Australia,CR Woakes,JC Buttler,A Zampa,1,0,,,,,,,,,
1072312,2017/18,2018-01-21,Sydney Cricket Ground,1,40.5,England,Australia,JC Buttler,CR Woakes,A Zampa,1,0,,,,,,,,,
1072312,2017/18,2018-01-21,Sydney Cricket Ground,1,40.6,England,Australia,CR Woakes,JC Buttler,A Zampa,1,0,,,,,,,,,
1072312,2017/18,2018-01-21,Sydney Cricket Ground,1,41.1,England,Australia,CR Woakes,JC Buttler,MA Starc,2,0,,,,,,,,,
1072312,2017/18,2018-01-21,Sydney Cricket Ground,1,41.2,England,Australia,CR Woakes,JC Buttler,MA Starc,0,0,,,,,,,,,
1072312,2017/18,2018-01-21,Sydney Cricket Ground,1,41.3,England,Australia,CR Woakes,JC Buttler,MA Starc,0,0,,,,,,,,,
1072312,2017/18,2018-01-21,Sydney Cricket Ground,1,41.4,England,Australia,CR Woakes,JC Buttler,MA Starc,0,0,,,,,,,,,
1072312,2017/18,2018-01-21,Sydney Cricket Ground,1,41.5,England,Australia,CR Woakes,JC Buttler,MA Starc,4,0,,,,,,,,,
1072312,2017/18,2018-01-21,Sydney Cricket Ground,1,41.6,England,Australia,CR Woakes,JC Buttler,MA Starc,1,0,,,,,,,,,
1072312,2017/18,2018-01-21,Sydney Cricket Ground,1,42.1,England,Australia,CR Woakes,JC Buttler,A Zampa,1,0,,,,,,,,,
1072312,2017/18,2018-01-21,Sydney Cricket Ground,1,42.2,England,Australia,JC Buttler,CR Woakes,A Zampa,1,0,,,,,,,,,
1072312,2017/18,2018-01-21,Sydney Cricket Ground,1,42.3,England,Australia,CR Woakes,JC Buttler,A Zampa,0,0,,,,,,,,,
1072312,2017/18,2018-01-21,Sydney Cricket Ground,1,42.4,England,Australia,CR Woakes,JC Buttler,A Zampa,1,0,,,,,,,,,
1072312,2017/18,2018-01-21,Sydney Cricket Ground,1,42.5,England,Australia,JC Buttler,CR Woakes,A Zampa,1,0,,,,,,,,,
1072312,2017/18,2018-01-21,Sydney Cricket Ground,1,42.6,England,Australia,CR Woakes,JC Buttler,A Zampa,2,0,,,,,,,,,
1072312,2017/18,2018-01-21,Sydney Cricket Ground,1,43.1,England,Australia,JC Buttler,CR Woakes,JR Hazlewood,0,1,,,,1,,,,,
1072312,2017/18,2018-01-21,Sydney Cricket Ground,1,43.2,England,Australia,CR Woakes,JC Buttler,JR Hazlewood,1,0,,,,,,,,,
1072312,2017/18,2018-01-21,Sydney Cricket Ground,1,43.3,England,Australia,JC Buttler,CR Woakes,JR Hazlewood,1,0,,,,,,,,,
1072312,2017/18,2018-01-21,Sydney Cricket Ground,1,43.4,England,Australia,CR Woakes,JC Buttler,JR Hazlewood,0,1,,,,1,,,,,
1072312,2017/18,2018-01-21,Sydney Cricket Ground,1,43.5,England,Australia,JC Buttler,CR Woakes,JR Hazlewood,1,0,,,,,,,,,
1072312,2017/18,2018-01-21,Sydney Cricket Ground,1,43.6,England,Australia,CR Woakes,JC Buttler,JR Hazlewood,2,0,,,,,,,,,
1072312,2017/18,2018-01-21,Sydney Cricket Ground,1,44.1,England,Australia,JC Buttler,CR Woakes,PJ Cummins,4,0,,,,,,,,,
1072312,2017/18,2018-01-21,Sydney Cricket Ground,1,44.2,England,Australia,JC Buttler,CR Woakes,PJ Cummins,0,0,,,,,,,,,
1072312,2017/18,2018-01-21,Sydney Cricket Ground,1,44.3,England,Australia,JC Buttler,CR Woakes,PJ Cummins,0,0,,,,,,,,,
1072312,2017/18,2018-01-21,Sydney Cricket Ground,1,44.4,England,Australia,JC Buttler,CR Woakes,PJ Cummins,0,1,1,,,,,,,,
1072312,2017/18,2018-01-21,Sydney Cricket Ground,1,44.5,England,Australia,JC Buttler,CR Woakes,PJ Cummins,1,0,,,,,,,,,
1072312,2017/18,2018-01-21,Sydney Cricket Ground,1,44.6,England,Australia,CR Woakes,JC Buttler,PJ Cummins,0,0,,,,,,,,,
1072312,2017/18,2018-01-21,Sydney Cricket Ground,1,44.7,England,Australia,CR Woakes,JC Buttler,PJ Cummins,4,0,,,,,,,,,
1072312,2017/18,2018-01-21,Sydney Cricket Ground,1,45.1,England,Australia,JC Buttler,CR Woakes,JR Hazlewood,0,0,,,,,,,,,
1072312,2017/18,2018-01-21,Sydney Cricket Ground,1,45.2,England,Australia,JC Buttler,CR Woakes,JR Hazlewood,1,0,,,,,,,,,
1072312,2017/18,2018-01-21,Sydney Cricket Ground,1,45.3,England,Australia,CR Woakes,JC Buttler,JR Hazlewood,0,0,,,,,,,,,
1072312,2017/18,2018-01-21,Sydney Cricket Ground,1,45.4,England,Australia,CR Woakes,JC Buttler,JR Hazlewood,1,0,,,,,,,,,
1072312,2017/18,2018-01-21,Sydney Cricket Ground,1,45.5,England,Australia,JC Buttler,CR Woakes,JR Hazlewood,0,0,,,,,,,,,
1072312,2017/18,2018-01-21,Sydney Cricket Ground,1,45.6,England,Australia,JC Buttler,CR Woakes,JR Hazlewood,6,0,,,,,,,,,
1072312,2017/18,2018-01-21,Sydney Cricket Ground,1,46.1,England,Australia,CR Woakes,JC Buttler,PJ Cummins,6,0,,,,,,,,,
1072312,2017/18,2018-01-21,Sydney Cricket Ground,1,46.2,England,Australia,CR Woakes,JC Buttler,PJ Cummins,1,0,,,,,,,,,
1072312,2017/18,2018-01-21,Sydney Cricket Ground,1,46.3,England,Australia,JC Buttler,CR Woakes,PJ Cummins,0,0,,,,,,,,,
1072312,2017/18,2018-01-21,Sydney Cricket Ground,1,46.4,England,Australia,JC Buttler,CR Woakes,PJ Cummins,2,0,,,,,,,,,
1072312,2017/18,2018-01-21,Sydney Cricket Ground,1,46.5,England,Australia,JC Buttler,CR Woakes,PJ Cummins,1,0,,,,,,,,,
1072312,2017/18,2018-01-21,Sydney Cricket Ground,1,46.6,England,Australia,CR Woakes,JC Buttler,PJ Cummins,0,0,,,,,,,,,
1072312,2017/18,2018-01-21,Sydney Cricket Ground,1,47.1,England,Australia,JC Buttler,CR Woakes,MA Starc,0,0,,,,,,,,,
1072312,2017/18,2018-01-21,Sydney Cricket Ground,1,47.2,England,Australia,JC Buttler,CR Woakes,MA Starc,2,0,,,,,,,,,
1072312,2017/18,2018-01-21,Sydney Cricket Ground,1,47.3,England,Australia,JC Buttler,CR Woakes,MA Starc,0,0,,,,,,,,,
1072312,2017/18,2018-01-21,Sydney Cricket Ground,1,47.4,England,Australia,JC Buttler,CR Woakes,MA Starc,4,0,,,,,,,,,
1072312,2017/18,2018-01-21,Sydney Cricket Ground,1,47.5,England,Australia,JC Buttler,CR Woakes,MA Starc,4,0,,,,,,,,,
1072312,2017/18,2018-01-21,Sydney Cricket Ground,1,47.6,England,Australia,JC Buttler,CR Woakes,MA Starc,0,0,,,,,,,,,
1072312,2017/18,2018-01-21,Sydney Cricket Ground,1,48.1,England,Australia,CR Woakes,JC Buttler,PJ Cummins,1,0,,,,,,,,,
1072312,2017/18,2018-01-21,Sydney Cricket Ground,1,48.2,England,Australia,JC Buttler,CR Woakes,PJ Cummins,0,0,,,,,,,,,
1072312,2017/18,2018-01-21,Sydney Cricket Ground,1,48.3,England,Australia,JC Buttler,CR Woakes,PJ Cummins,0,1,1,,,,,,,,
1072312,2017/18,2018-01-21,Sydney Cricket Ground,1,48.4,England,Australia,JC Buttler,CR Woakes,PJ Cummins,6,0,,,,,,,,,
1072312,2017/18,2018-01-21,Sydney Cricket Ground,1,48.5,England,Australia,JC Buttler,CR Woakes,PJ Cummins,6,0,,,,,,,,,
1072312,2017/18,2018-01-21,Sydney Cricket Ground,1,48.6,England,Australia,JC Buttler,CR Woakes,PJ Cummins,4,0,,,,,,,,,
1072312,2017/18,2018-01-21,Sydney Cricket Ground,1,48.7,England,Australia,JC Buttler,CR Woakes,PJ Cummins,1,1,,1,,,,,,,
1072312,2017/18,2018-01-21,Sydney Cricket Ground,1,48.8,England,Australia,CR Woakes,JC Buttler,PJ Cummins,4,0,,,,,,,,,
1072312,2017/18,2018-01-21,Sydney Cricket Ground,1,49.1,England,Australia,JC Buttler,CR Woakes,MA Starc,0,0,,,,,,,,,
1072312,2017/18,2018-01-21,Sydney Cricket Ground,1,49.2,England,Australia,JC Buttler,CR Woakes,MA Starc,1,0,,,,,,,,,
1072312,2017/18,2018-01-21,Sydney Cricket Ground,1,49.3,England,Australia,CR Woakes,JC Buttler,MA Starc,4,0,,,,,,,,,
1072312,2017/18,2018-01-21,Sydney Cricket Ground,1,49.4,England,Australia,CR Woakes,JC Buttler,MA Starc,6,0,,,,,,,,,
1072312,2017/18,2018-01-21,Sydney Cricket Ground,1,49.5,England,Australia,CR Woakes,JC Buttler,MA Starc,1,0,,,,,,,,,
1072312,2017/18,2018-01-21,Sydney Cricket Ground,1,49.6,England,Australia,JC Buttler,CR Woakes,MA Starc,2,0,,,,,,,,,
1072312,2017/18,2018-01-21,Sydney Cricket Ground,2,0.1,Australia,England,AJ Finch,DA Warner,MA Wood,1,0,,,,,,,,,
1072312,2017/18,2018-01-21,Sydney Cricket Ground,2,0.2,Australia,England,DA Warner,AJ Finch,MA Wood,0,0,,,,,,,,,
1072312,2017/18,2018-01-21,Sydney Cricket Ground,2,0.3,Australia,England,DA Warner,AJ Finch,MA Wood,0,0,,,,,,,,,
1072312,2017/18,2018-01-21,Sydney Cricket Ground,2,0.4,Australia,England,DA Warner,AJ Finch,MA Wood,0,0,,,,,,,,,
1072312,2017/18,2018-01-21,Sydney Cricket Ground,2,0.5,Australia,England,DA Warner,AJ Finch,MA Wood,4,0,,,,,,,,,
1072312,2017/18,2018-01-21,Sydney Cricket Ground,2,0.6,Australia,England,DA Warner,AJ Finch,MA Wood,0,0,,,,,,,,,
1072312,2017/18,2018-01-21,Sydney Cricket Ground,2,1.1,Australia,England,AJ Finch,DA Warner,CR Woakes,0,0,,,,,,,,,
1072312,2017/18,2018-01-21,Sydney Cricket Ground,2,1.2,Australia,England,AJ Finch,DA Warner,CR Woakes,3,0,,,,,,,,,
1072312,2017/18,2018-01-21,Sydney Cricket Ground,2,1.3,Australia,England,DA Warner,AJ Finch,CR Woakes,4,0,,,,,,,,,
1072312,2017/18,2018-01-21,Sydney Cricket Ground,2,1.4,Australia,England,DA Warner,AJ Finch,CR Woakes,0,0,,,,,,,,,
1072312,2017/18,2018-01-21,Sydney Cricket Ground,2,1.5,Australia,England,DA Warner,AJ Finch,CR Woakes,0,0,,,,,,,,,
1072312,2017/18,2018-01-21,Sydney Cricket Ground,2,1.6,Australia,England,DA Warner,AJ Finch,CR Woakes,0,0,,,,,,,,,
1072312,2017/18,2018-01-21,Sydney Cricket Ground,2,2.1,Australia,England,AJ Finch,DA Warner,MA Wood,0,0,,,,,,,,,
1072312,2017/18,2018-01-21,Sydney Cricket Ground,2,2.2,Australia,England,AJ Finch,DA Warner,MA Wood,0,4,,,,4,,,,,
1072312,2017/18,2018-01-21,Sydney Cricket Ground,2,2.3,Australia,England,AJ Finch,DA Warner,MA Wood,0,0,,,,,,,,,
1072312,2017/18,2018-01-21,Sydney Cricket Ground,2,2.4,Australia,England,AJ Finch,DA Warner,MA Wood,0,0,,,,,,,,,
1072312,2017/18,2018-01-21,Sydney Cricket Ground,2,2.5,Australia,England,AJ Finch,DA Warner,MA Wood,0,0,,,,,,,,,
1072312,2017/18,2018-01-21,Sydney Cricket Ground,2,2.6,Australia,England,AJ Finch,DA Warner,MA Wood,3,0,,,,,,,,,
1072312,2017/18,2018-01-21,Sydney Cricket Ground,2,3.1,Australia,England,AJ Finch,DA Warner,CR Woakes,0,0,,,,,,,,,
1072312,2017/18,2018-01-21,Sydney Cricket Ground,2,3.2,Australia,England,AJ Finch,DA Warner,CR Woakes,4,0,,,,,,,,,
1072312,2017/18,2018-01-21,Sydney Cricket Ground,2,3.3,Australia,England,AJ Finch,DA Warner,CR Woakes,0,0,,,,,,,,,
1072312,2017/18,2018-01-21,Sydney Cricket Ground,2,3.4,Australia,England,AJ Finch,DA Warner,CR Woakes,1,0,,,,,,,,,
1072312,2017/18,2018-01-21,Sydney Cricket Ground,2,3.5,Australia,England,DA Warner,AJ Finch,CR Woakes,0,0,,,,,,caught,DA Warner,,
1072312,2017/18,2018-01-21,Sydney Cricket Ground,2,3.6,Australia,England,CL White,AJ Finch,CR Woakes,1,0,,,,,,,,,
1072312,2017/18,2018-01-21,Sydney Cricket Ground,2,4.1,Australia,England,CL White,AJ Finch,MA Wood,0,0,,,,,,,,,
1072312,2017/18,2018-01-21,Sydney Cricket Ground,2,4.2,Australia,England,CL White,AJ Finch,MA Wood,0,0,,,,,,,,,
1072312,2017/18,2018-01-21,Sydney Cricket Ground,2,4.3,Australia,England,CL White,AJ Finch,MA Wood,0,0,,,,,,,,,
1072312,2017/18,2018-01-21,Sydney Cricket Ground,2,4.4,Australia,England,CL White,AJ Finch,MA Wood,0,0,,,,,,,,,
1072312,2017/18,2018-01-21,Sydney Cricket Ground,2,4.5,Australia,England,CL White,AJ Finch,MA Wood,0,1,1,,,,,,,,
1072312,2017/18,2018-01-21,Sydney Cricket Ground,2,4.6,Australia,England,CL White,AJ Finch,MA Wood,0,0,,,,,,,,,
1072312,2017/18,2018-01-21,Sydney Cricket Ground,2,4.7,Australia,England,CL White,AJ Finch,MA Wood,1,0,,,,,,,,,
1072312,2017/18,2018-01-21,Sydney Cricket Ground,2,5.1,Australia,England,CL White,AJ Finch,CR Woakes,0,0,,,,,,,,,
1072312,2017/18,2018-01-21,Sydney Cricket Ground,2,5.2,Australia,England,CL White,AJ Finch,CR Woakes,4,0,,,,,,,,,
1072312,2017/18,2018-01-21,Sydney Cricket Ground,2,5.3,Australia,England,CL White,AJ Finch,CR Woakes,0,0,,,,,,,,,
1072312,2017/18,2018-01-21,Sydney Cricket Ground,2,5.4,Australia,England,CL White,AJ Finch,CR Woakes,0,0,,,,,,,,,
1072312,2017/18,2018-01-21,Sydney Cricket Ground,2,5.5,Australia,England,CL White,AJ Finch,CR Woakes,0,0,,,,,,,,,
1072312,2017/18,2018-01-21,Sydney Cricket Ground,2,5.6,Australia,England,CL White,AJ Finch,CR Woakes,1,0,,,,,,,,,
1072312,2017/18,2018-01-21,Sydney Cricket Ground,2,6.1,Australia,England,CL White,AJ Finch,MA Wood,0,0,,,,,,,,,
1072312,2017/18,2018-01-21,Sydney Cricket Ground,2,6.2,Australia,England,CL White,AJ Finch,MA Wood,0,0,,,,,,,,,
1072312,2017/18,2018-01-21,Sydney Cricket Ground,2,6.3,Australia,England,CL White,AJ Finch,MA Wood,0,0,,,,,,,,,
1072312,2017/18,2018-01-21,Sydney Cricket Ground,2,6.4,Australia,England,CL White,AJ Finch,MA Wood,4,0,,,,,,,,,
1072312,2017/18,2018-01-21,Sydney Cricket Ground,2,6.5,Australia,England,CL White,AJ Finch,MA Wood,1,0,,,,,,,,,
1072312,2017/18,2018-01-21,Sydney Cricket Ground,2,6.6,Australia,England,AJ Finch,CL White,MA Wood,0,0,,,,,,,,,
1072312,2017/18,2018-01-21,Sydney Cricket Ground,2,7.1,Australia,England,CL White,AJ Finch,CR Woakes,0,0,,,,,,,,,
1072312,2017/18,2018-01-21,Sydney Cricket Ground,2,7.2,Australia,England,CL White,AJ Finch,CR Woakes,4,0,,,,,,,,,
1072312,2017/18,2018-01-21,Sydney Cricket Ground,2,7.3,Australia,England,CL White,AJ Finch,CR Woakes,0,0,,,,,,,,,
1072312,2017/18,2018-01-21,Sydney Cricket Ground,2,7.4,Australia,England,CL White,AJ Finch,CR Woakes,1,0,,,,,,,,,
1072312,2017/18,2018-01-21,Sydney Cricket Ground,2,7.5,Australia,England,AJ Finch,CL White,CR Woakes,1,0,,,,,,,,,
1072312,2017/18,2018-01-21,Sydney Cricket Ground,2,7.6,Australia,England,CL White,AJ Finch,CR Woakes,0,0,,,,,,,,,
1072312,2017/18,2018-01-21,Sydney Cricket Ground,2,8.1,Australia,England,AJ Finch,CL White,MA Wood,0,1,,,,1,,,,,
1072312,2017/18,2018-01-21,Sydney Cricket Ground,2,8.2,Australia,England,CL White,AJ Finch,MA Wood,0,0,,,,,,,,,
1072312,2017/18,2018-01-21,Sydney Cricket Ground,2,8.3,Australia,England,CL White,AJ Finch,MA Wood,0,0,,,,,,caught,CL White,,
1072312,2017/18,2018-01-21,Sydney Cricket Ground,2,8.4,Australia,England,SPD Smith,AJ Finch,MA Wood,0,0,,,,,,,,,
1072312,2017/18,2018-01-21,Sydney Cricket Ground,2,8.5,Australia,England,SPD Smith,AJ Finch,MA Wood,0,0,,,,,,,,,
1072312,2017/18,2018-01-21,Sydney Cricket Ground,2,8.6,Australia,England,SPD Smith,AJ Finch,MA Wood,0,0,,,,,,,,,
1072312,2017/18,2018-01-21,Sydney Cricket Ground,2,9.1,Australia,England,AJ Finch,SPD Smith,LE Plunkett,1,0,,,,,,,,,
1072312,2017/18,2018-01-21,Sydney Cricket Ground,2,9.2,Australia,England,SPD Smith,AJ Finch,LE Plunkett,1,0,,,,,,,,,
1072312,2017/18,2018-01-21,Sydney Cricket Ground,2,9.3,Australia,England,AJ Finch,SPD Smith,LE Plunkett,0,0,,,,,,,,,
1072312,2017/18,2018-01-21,Sydney Cricket Ground,2,9.4,Australia,England,AJ Finch,SPD Smith,LE Plunkett,2,0,,,,,,,,,
1072312,2017/18,2018-01-21,Sydney Cricket Ground,2,9.5,Australia,England,AJ Finch,SPD Smith,LE Plunkett,1,0,,,,,,,,,
1072312,2017/18,2018-01-21,Sydney Cricket Ground,2,9.6,Australia,England,SPD Smith,AJ Finch,LE Plunkett,0,0,,,,,,,,,
1072312,2017/18,2018-01-21,Sydney Cricket Ground,2,10.1,Australia,England,AJ Finch,SPD Smith,MM Ali,1,0,,,,,,,,,
1072312,2017/18,2018-01-21,Sydney Cricket Ground,2,10.2,Australia,England,SPD Smith,AJ Finch,MM Ali,1,0,,,,,,,,,
1072312,2017/18,2018-01-21,Sydney Cricket Ground,2,10.3,Australia,England,AJ Finch,SPD Smith,MM Ali,0,0,,,,,,,,,
1072312,2017/18,2018-01-21,Sydney Cricket Ground,2,10.4,Australia,England,AJ Finch,SPD Smith,MM Ali,6,0,,,,,,,,,
1072312,2017/18,2018-01-21,Sydney Cricket Ground,2,10.5,Australia,England,AJ Finch,SPD Smith,MM Ali,0,0,,,,,,,,,
1072312,2017/18,2018-01-21,Sydney Cricket Ground,2,10.6,Australia,England,AJ Finch,SPD Smith,MM Ali,1,0,,,,,,,,,
1072312,2017/18,2018-01-21,Sydney Cricket Ground,2,11.1,Australia,England,AJ Finch,SPD Smith,LE Plunkett,0,0,,,,,,,,,
1072312,2017/18,2018-01-21,Sydney Cricket Ground,2,11.2,Australia,England,AJ Finch,SPD Smith,LE Plunkett,1,0,,,,,,,,,
1072312,2017/18,2018-01-21,Sydney Cricket Ground,2,11.3,Australia,England,SPD Smith,AJ Finch,JE Root,1,0,,,,,,,,,
1072312,2017/18,2018-01-21,Sydney Cricket Ground,2,11.4,Australia,England,AJ Finch,SPD Smith,JE Root,0,0,,,,,,,,,
1072312,2017/18,2018-01-21,Sydney Cricket Ground,2,11.5,Australia,England,AJ Finch,SPD Smith,JE Root,1,0,,,,,,,,,
1072312,2017/18,2018-01-21,Sydney Cricket Ground,2,11.6,Australia,England,SPD Smith,AJ Finch,JE Root,0,0,,,,,,,,,
1072312,2017/18,2018-01-21,Sydney Cricket Ground,2,12.1,Australia,England,AJ Finch,SPD Smith,MM Ali,1,0,,,,,,,,,
1072312,2017/18,2018-01-21,Sydney Cricket Ground,2,12.2,Australia,England,SPD Smith,AJ Finch,MM Ali,0,0,,,,,,,,,
1072312,2017/18,2018-01-21,Sydney Cricket Ground,2,12.3,Australia,England,SPD Smith,AJ Finch,MM Ali,0,0,,,,,,,,,
1072312,2017/18,2018-01-21,Sydney Cricket Ground,2,12.4,Australia,England,SPD Smith,AJ Finch,MM Ali,1,0,,,,,,,,,
1072312,2017/18,2018-01-21,Sydney Cricket Ground,2,12.5,Australia,England,AJ Finch,SPD Smith,MM Ali,1,0,,,,,,,,,
1072312,2017/18,2018-01-21,Sydney Cricket Ground,2,12.6,Australia,England,SPD Smith,AJ Finch,MM Ali,1,0,,,,,,,,,
1072312,2017/18,2018-01-21,Sydney Cricket Ground,2,13.1,Australia,England,SPD Smith,AJ Finch,JE Root,1,0,,,,,,,,,
1072312,2017/18,2018-01-21,Sydney Cricket Ground,2,13.2,Australia,England,AJ Finch,SPD Smith,JE Root,0,0,,,,,,,,,
1072312,2017/18,2018-01-21,Sydney Cricket Ground,2,13.3,Australia,England,AJ Finch,SPD Smith,JE Root,0,0,,,,,,,,,
1072312,2017/18,2018-01-21,Sydney Cricket Ground,2,13.4,Australia,England,AJ Finch,SPD Smith,JE Root,3,0,,,,,,,,,
1072312,2017/18,2018-01-21,Sydney Cricket Ground,2,13.5,Australia,England,SPD Smith,AJ Finch,JE Root,1,0,,,,,,,,,
1072312,2017/18,2018-01-21,Sydney Cricket Ground,2,13.6,Australia,England,AJ Finch,SPD Smith,JE Root,0,0,,,,,,,,,
1072312,2017/18,2018-01-21,Sydney Cricket Ground,2,14.1,Australia,England,SPD Smith,AJ Finch,MM Ali,3,0,,,,,,,,,
1072312,2017/18,2018-01-21,Sydney Cricket Ground,2,14.2,Australia,England,AJ Finch,SPD Smith,MM Ali,1,0,,,,,,,,,
1072312,2017/18,2018-01-21,Sydney Cricket Ground,2,14.3,Australia,England,SPD Smith,AJ Finch,MM Ali,1,0,,,,,,,,,
1072312,2017/18,2018-01-21,Sydney Cricket Ground,2,14.4,Australia,England,AJ Finch,SPD Smith,MM Ali,0,0,,,,,,,,,
1072312,2017/18,2018-01-21,Sydney Cricket Ground,2,14.5,Australia,England,AJ Finch,SPD Smith,MM Ali,1,0,,,,,,,,,
1072312,2017/18,2018-01-21,Sydney Cricket Ground,2,14.6,Australia,England,SPD Smith,AJ Finch,MM Ali,0,0,,,,,,,,,
1072312,2017/18,2018-01-21,Sydney Cricket Ground,2,15.1,Australia,England,AJ Finch,SPD Smith,JE Root,1,0,,,,,,,,,
1072312,2017/18,2018-01-21,Sydney Cricket Ground,2,15.2,Australia,England,SPD Smith,AJ Finch,JE Root,0,0,,,,,,,,,
1072312,2017/18,2018-01-21,Sydney Cricket Ground,2,15.3,Australia,England,SPD Smith,AJ Finch,JE Root,1,0,,,,,,,,,
1072312,2017/18,2018-01-21,Sydney Cricket Ground,2,15.4,Australia,England,AJ Finch,SPD Smith,JE Root,4,0,,,,,,,,,
1072312,2017/18,2018-01-21,Sydney Cricket Ground,2,15.5,Australia,England,AJ Finch,SPD Smith,JE Root,1,0,,,,,,,,,
1072312,2017/18,2018-01-21,Sydney Cricket Ground,2,15.6,Australia,England,SPD Smith,AJ Finch,JE Root,0,0,,,,,,,,,
1072312,2017/18,2018-01-21,Sydney Cricket Ground,2,16.1,Australia,England,AJ Finch,SPD Smith,AU Rashid,1,0,,,,,,,,,
1072312,2017/18,2018-01-21,Sydney Cricket Ground,2,16.2,Australia,England,SPD Smith,AJ Finch,AU Rashid,0,0,,,,,,,,,
1072312,2017/18,2018-01-21,Sydney Cricket Ground,2,16.3,Australia,England,SPD Smith,AJ Finch,AU Rashid,0,0,,,,,,,,,
1072312,2017/18,2018-01-21,Sydney Cricket Ground,2,16.4,Australia,England,SPD Smith,AJ Finch,AU Rashid,1,0,,,,,,,,,
1072312,2017/18,2018-01-21,Sydney Cricket Ground,2,16.5,Australia,England,AJ Finch,SPD Smith,AU Rashid,1,0,,,,,,,,,
1072312,2017/18,2018-01-21,Sydney Cricket Ground,2,16.6,Australia,England,SPD Smith,AJ Finch,AU Rashid,1,0,,,,,,,,,
1072312,2017/18,2018-01-21,Sydney Cricket Ground,2,17.1,Australia,England,SPD Smith,AJ Finch,JE Root,1,0,,,,,,,,,
1072312,2017/18,2018-01-21,Sydney Cricket Ground,2,17.2,Australia,England,AJ Finch,SPD Smith,JE Root,1,0,,,,,,,,,
1072312,2017/18,2018-01-21,Sydney Cricket Ground,2,17.3,Australia,England,SPD Smith,AJ Finch,JE Root,0,0,,,,,,,,,
1072312,2017/18,2018-01-21,Sydney Cricket Ground,2,17.4,Australia,England,SPD Smith,AJ Finch,JE Root,1,0,,,,,,,,,
1072312,2017/18,2018-01-21,Sydney Cricket Ground,2,17.5,Australia,England,AJ Finch,SPD Smith,JE Root,0,0,,,,,,,,,
1072312,2017/18,2018-01-21,Sydney Cricket Ground,2,17.6,Australia,England,AJ Finch,SPD Smith,JE Root,4,0,,,,,,,,,
1072312,2017/18,2018-01-21,Sydney Cricket Ground,2,18.1,Australia,England,SPD Smith,AJ Finch,AU Rashid,1,0,,,,,,,,,
1072312,2017/18,2018-01-21,Sydney Cricket Ground,2,18.2,Australia,England,AJ Finch,SPD Smith,AU Rashid,1,0,,,,,,,,,
1072312,2017/18,2018-01-21,Sydney Cricket Ground,2,18.3,Australia,England,SPD Smith,AJ Finch,AU Rashid,0,0,,,,,,,,,
1072312,2017/18,2018-01-21,Sydney Cricket Ground,2,18.4,Australia,England,SPD Smith,AJ Finch,AU Rashid,0,0,,,,,,,,,
1072312,2017/18,2018-01-21,Sydney Cricket Ground,2,18.5,Australia,England,SPD Smith,AJ Finch,AU Rashid,1,0,,,,,,,,,
1072312,2017/18,2018-01-21,Sydney Cricket Ground,2,18.6,Australia,England,AJ Finch,SPD Smith,AU Rashid,0,0,,,,,,,,,
1072312,2017/18,2018-01-21,Sydney Cricket Ground,2,19.1,Australia,England,SPD Smith,AJ Finch,JE Root,1,0,,,,,,,,,
1072312,2017/18,2018-01-21,Sydney Cricket Ground,2,19.2,Australia,England,AJ Finch,SPD Smith,JE Root,6,0,,,,,,,,,
1072312,2017/18,2018-01-21,Sydney Cricket Ground,2,19.3,Australia,England,AJ Finch,SPD Smith,JE Root,6,0,,,,,,,,,
1072312,2017/18,2018-01-21,Sydney Cricket Ground,2,19.4,Australia,England,AJ Finch,SPD Smith,JE Root,1,0,,,,,,,,,
1072312,2017/18,2018-01-21,Sydney Cricket Ground,2,19.5,Australia,England,SPD Smith,AJ Finch,JE Root,1,0,,,,,,,,,
1072312,2017/18,2018-01-21,Sydney Cricket Ground,2,19.6,Australia,England,AJ Finch,SPD Smith,JE Root,1,0,,,,,,,,,
1072312,2017/18,2018-01-21,Sydney Cricket Ground,2,20.1,Australia,England,AJ Finch,SPD Smith,AU Rashid,0,0,,,,,,lbw,AJ Finch,,
1072312,2017/18,2018-01-21,Sydney Cricket Ground,2,20.2,Australia,England,MR Marsh,SPD Smith,AU Rashid,1,0,,,,,,,,,
1072312,2017/18,2018-01-21,Sydney Cricket Ground,2,20.3,Australia,England,SPD Smith,MR Marsh,AU Rashid,1,0,,,,,,,,,
1072312,2017/18,2018-01-21,Sydney Cricket Ground,2,20.4,Australia,England,MR Marsh,SPD Smith,AU Rashid,0,0,,,,,,,,,
1072312,2017/18,2018-01-21,Sydney Cricket Ground,2,20.5,Australia,England,MR Marsh,SPD Smith,AU Rashid,1,0,,,,,,,,,
1072312,2017/18,2018-01-21,Sydney Cricket Ground,2,20.6,Australia,England,SPD Smith,MR Marsh,AU Rashid,1,0,,,,,,,,,
1072312,2017/18,2018-01-21,Sydney Cricket Ground,2,21.1,Australia,England,SPD Smith,MR Marsh,JE Root,0,0,,,,,,,,,
1072312,2017/18,2018-01-21,Sydney Cricket Ground,2,21.2,Australia,England,SPD Smith,MR Marsh,JE Root,2,0,,,,,,,,,
1072312,2017/18,2018-01-21,Sydney Cricket Ground,2,21.3,Australia,England,SPD Smith,MR Marsh,JE Root,1,0,,,,,,,,,
1072312,2017/18,2018-01-21,Sydney Cricket Ground,2,21.4,Australia,England,MR Marsh,SPD Smith,JE Root,0,0,,,,,,,,,
1072312,2017/18,2018-01-21,Sydney Cricket Ground,2,21.5,Australia,England,MR Marsh,SPD Smith,JE Root,2,0,,,,,,,,,
1072312,2017/18,2018-01-21,Sydney Cricket Ground,2,21.6,Australia,England,MR Marsh,SPD Smith,JE Root,1,0,,,,,,,,,
1072312,2017/18,2018-01-21,Sydney Cricket Ground,2,22.1,Australia,England,MR Marsh,SPD Smith,AU Rashid,0,0,,,,,,,,,
1072312,2017/18,2018-01-21,Sydney Cricket Ground,2,22.2,Australia,England,MR Marsh,SPD Smith,AU Rashid,1,0,,,,,,,,,
1072312,2017/18,2018-01-21,Sydney Cricket Ground,2,22.3,Australia,England,SPD Smith,MR Marsh,AU Rashid,0,0,,,,,,,,,
1072312,2017/18,2018-01-21,Sydney Cricket Ground,2,22.4,Australia,England,SPD Smith,MR Marsh,AU Rashid,0,0,,,,,,,,,
1072312,2017/18,2018-01-21,Sydney Cricket Ground,2,22.5,Australia,England,SPD Smith,MR Marsh,AU Rashid,1,0,,,,,,,,,
1072312,2017/18,2018-01-21,Sydney Cricket Ground,2,22.6,Australia,England,MR Marsh,SPD Smith,AU Rashid,1,0,,,,,,,,,
1072312,2017/18,2018-01-21,Sydney Cricket Ground,2,23.1,Australia,England,MR Marsh,SPD Smith,JE Root,4,0,,,,,,,,,
1072312,2017/18,2018-01-21,Sydney Cricket Ground,2,23.2,Australia,England,MR Marsh,SPD Smith,JE Root,0,0,,,,,,,,,
1072312,2017/18,2018-01-21,Sydney Cricket Ground,2,23.3,Australia,England,MR Marsh,SPD Smith,JE Root,0,0,,,,,,,,,
1072312,2017/18,2018-01-21,Sydney Cricket Ground,2,23.4,Australia,England,MR Marsh,SPD Smith,JE Root,0,0,,,,,,,,,
1072312,2017/18,2018-01-21,Sydney Cricket Ground,2,23.5,Australia,England,MR Marsh,SPD Smith,JE Root,2,0,,,,,,,,,
1072312,2017/18,2018-01-21,Sydney Cricket Ground,2,23.6,Australia,England,MR Marsh,SPD Smith,JE Root,4,0,,,,,,,,,
1072312,2017/18,2018-01-21,Sydney Cricket Ground,2,24.1,Australia,England,SPD Smith,MR Marsh,AU Rashid,1,0,,,,,,,,,
1072312,2017/18,2018-01-21,Sydney Cricket Ground,2,24.2,Australia,England,MR Marsh,SPD Smith,AU Rashid,0,0,,,,,,,,,
1072312,2017/18,2018-01-21,Sydney Cricket Ground,2,24.3,Australia,England,MR Marsh,SPD Smith,AU Rashid,1,0,,,,,,,,,
1072312,2017/18,2018-01-21,Sydney Cricket Ground,2,24.4,Australia,England,SPD Smith,MR Marsh,AU Rashid,0,0,,,,,,,,,
1072312,2017/18,2018-01-21,Sydney Cricket Ground,2,24.5,Australia,England,SPD Smith,MR Marsh,AU Rashid,1,0,,,,,,,,,
1072312,2017/18,2018-01-21,Sydney Cricket Ground,2,24.6,Australia,England,MR Marsh,SPD Smith,AU Rashid,2,0,,,,,,,,,
1072312,2017/18,2018-01-21,Sydney Cricket Ground,2,25.1,Australia,England,SPD Smith,MR Marsh,CR Woakes,1,0,,,,,,,,,
1072312,2017/18,2018-01-21,Sydney Cricket Ground,2,25.2,Australia,England,MR Marsh,SPD Smith,CR Woakes,0,0,,,,,,,,,
1072312,2017/18,2018-01-21,Sydney Cricket Ground,2,25.3,Australia,England,MR Marsh,SPD Smith,CR Woakes,0,0,,,,,,,,,
1072312,2017/18,2018-01-21,Sydney Cricket Ground,2,25.4,Australia,England,MR Marsh,SPD Smith,CR Woakes,0,0,,,,,,,,,
1072312,2017/18,2018-01-21,Sydney Cricket Ground,2,25.5,Australia,England,MR Marsh,SPD Smith,CR Woakes,2,0,,,,,,,,,
1072312,2017/18,2018-01-21,Sydney Cricket Ground,2,25.6,Australia,England,MR Marsh,SPD Smith,CR Woakes,0,0,,,,,,,,,
1072312,2017/18,2018-01-21,Sydney Cricket Ground,2,26.1,Australia,England,SPD Smith,MR Marsh,MM Ali,1,0,,,,,,,,,
1072312,2017/18,2018-01-21,Sydney Cricket Ground,2,26.2,Australia,England,MR Marsh,SPD Smith,MM Ali,0,0,,,,,,,,,
1072312,2017/18,2018-01-21,Sydney Cricket Ground,2,26.3,Australia,England,MR Marsh,SPD Smith,MM Ali,1,0,,,,,,,,,
1072312,2017/18,2018-01-21,Sydney Cricket Ground,2,26.4,Australia,England,SPD Smith,MR Marsh,MM Ali,0,0,,,,,,,,,
1072312,2017/18,2018-01-21,Sydney Cricket Ground,2,26.5,Australia,England,SPD Smith,MR Marsh,MM Ali,1,0,,,,,,,,,
1072312,2017/18,2018-01-21,Sydney Cricket Ground,2,26.6,Australia,England,MR Marsh,SPD Smith,MM Ali,1,0,,,,,,,,,
1072312,2017/18,2018-01-21,Sydney Cricket Ground,2,27.1,Australia,England,MR Marsh,SPD Smith,CR Woakes,0,0,,,,,,,,,
1072312,2017/18,2018-01-21,Sydney Cricket Ground,2,27.2,Australia,England,MR Marsh,SPD Smith,CR Woakes,0,0,,,,,,,,,
1072312,2017/18,2018-01-21,Sydney Cricket Ground,2,27.3,Australia,England,MR Marsh,SPD Smith,CR Woakes,1,0,,,,,,,,,
1072312,2017/18,2018-01-21,Sydney Cricket Ground,2,27.4,Australia,England,SPD Smith,MR Marsh,CR Woakes,1,0,,,,,,,,,
1072312,2017/18,2018-01-21,Sydney Cricket Ground,2,27.5,Australia,England,MR Marsh,SPD Smith,CR Woakes,0,0,,,,,,,,,
1072312,2017/18,2018-01-21,Sydney Cricket Ground,2,27.6,Australia,England,MR Marsh,SPD Smith,CR Woakes,1,0,,,,,,,,,
1072312,2017/18,2018-01-21,Sydney Cricket Ground,2,28.1,Australia,England,MR Marsh,SPD Smith,MM Ali,1,0,,,,,,,,,
1072312,2017/18,2018-01-21,Sydney Cricket Ground,2,28.2,Australia,England,SPD Smith,MR Marsh,MM Ali,0,0,,,,,,,,,
1072312,2017/18,2018-01-21,Sydney Cricket Ground,2,28.3,Australia,England,SPD Smith,MR Marsh,MM Ali,1,0,,,,,,,,,
1072312,2017/18,2018-01-21,Sydney Cricket Ground,2,28.4,Australia,England,MR Marsh,SPD Smith,MM Ali,0,0,,,,,,,,,
1072312,2017/18,2018-01-21,Sydney Cricket Ground,2,28.5,Australia,England,MR Marsh,SPD Smith,MM Ali,1,0,,,,,,,,,
1072312,2017/18,2018-01-21,Sydney Cricket Ground,2,28.6,Australia,England,SPD Smith,MR Marsh,MM Ali,2,0,,,,,,,,,
1072312,2017/18,2018-01-21,Sydney Cricket Ground,2,29.1,Australia,England,MR Marsh,SPD Smith,JE Root,1,0,,,,,,,,,
1072312,2017/18,2018-01-21,Sydney Cricket Ground,2,29.2,Australia,England,SPD Smith,MR Marsh,JE Root,1,0,,,,,,,,,
1072312,2017/18,2018-01-21,Sydney Cricket Ground,2,29.3,Australia,England,MR Marsh,SPD Smith,JE Root,1,0,,,,,,,,,
1072312,2017/18,2018-01-21,Sydney Cricket Ground,2,29.4,Australia,England,SPD Smith,MR Marsh,JE Root,1,0,,,,,,,,,
1072312,2017/18,2018-01-21,Sydney Cricket Ground,2,29.5,Australia,England,MR Marsh,SPD Smith,JE Root,0,0,,,,,,,,,
1072312,2017/18,2018-01-21,Sydney Cricket Ground,2,29.6,Australia,England,MR Marsh,SPD Smith,JE Root,0,0,,,,,,,,,
1072312,2017/18,2018-01-21,Sydney Cricket Ground,2,30.1,Australia,England,SPD Smith,MR Marsh,MM Ali,0,0,,,,,,,,,
1072312,2017/18,2018-01-21,Sydney Cricket Ground,2,30.2,Australia,England,SPD Smith,MR Marsh,MM Ali,0,0,,,,,,,,,
1072312,2017/18,2018-01-21,Sydney Cricket Ground,2,30.3,Australia,England,SPD Smith,MR Marsh,MM Ali,1,0,,,,,,,,,
1072312,2017/18,2018-01-21,Sydney Cricket Ground,2,30.4,Australia,England,MR Marsh,SPD Smith,MM Ali,0,3,,,3,,,,,,
1072312,2017/18,2018-01-21,Sydney Cricket Ground,2,30.5,Australia,England,SPD Smith,MR Marsh,MM Ali,1,0,,,,,,,,,
1072312,2017/18,2018-01-21,Sydney Cricket Ground,2,30.6,Australia,England,MR Marsh,SPD Smith,MM Ali,1,0,,,,,,,,,
1072312,2017/18,2018-01-21,Sydney Cricket Ground,2,31.1,Australia,England,MR Marsh,SPD Smith,JE Root,1,0,,,,,,,,,
1072312,2017/18,2018-01-21,Sydney Cricket Ground,2,31.2,Australia,England,SPD Smith,MR Marsh,JE Root,0,0,,,,,,,,,
1072312,2017/18,2018-01-21,Sydney Cricket Ground,2,31.3,Australia,England,SPD Smith,MR Marsh,JE Root,1,0,,,,,,,,,
1072312,2017/18,2018-01-21,Sydney Cricket Ground,2,31.4,Australia,England,MR Marsh,SPD Smith,JE Root,1,0,,,,,,,,,
1072312,2017/18,2018-01-21,Sydney Cricket Ground,2,31.5,Australia,England,SPD Smith,MR Marsh,JE Root,0,0,,,,,,,,,
1072312,2017/18,2018-01-21,Sydney Cricket Ground,2,31.6,Australia,England,SPD Smith,MR Marsh,JE Root,0,0,,,,,,,,,
1072312,2017/18,2018-01-21,Sydney Cricket Ground,2,32.1,Australia,England,MR Marsh,SPD Smith,MM Ali,2,0,,,,,,,,,
1072312,2017/18,2018-01-21,Sydney Cricket Ground,2,32.2,Australia,England,MR Marsh,SPD Smith,MM Ali,0,0,,,,,,,,,
1072312,2017/18,2018-01-21,Sydney Cricket Ground,2,32.3,Australia,England,MR Marsh,SPD Smith,MM Ali,1,0,,,,,,,,,
1072312,2017/18,2018-01-21,Sydney Cricket Ground,2,32.4,Australia,England,SPD Smith,MR Marsh,MM Ali,4,0,,,,,,,,,
1072312,2017/18,2018-01-21,Sydney Cricket Ground,2,32.5,Australia,England,SPD Smith,MR Marsh,MM Ali,1,0,,,,,,,,,
1072312,2017/18,2018-01-21,Sydney Cricket Ground,2,32.6,Australia,England,MR Marsh,SPD Smith,MM Ali,1,0,,,,,,,,,
1072312,2017/18,2018-01-21,Sydney Cricket Ground,2,33.1,Australia,England,MR Marsh,SPD Smith,MA Wood,2,0,,,,,,,,,
1072312,2017/18,2018-01-21,Sydney Cricket Ground,2,33.2,Australia,England,MR Marsh,SPD Smith,MA Wood,0,0,,,,,,,,,
1072312,2017/18,2018-01-21,Sydney Cricket Ground,2,33.3,Australia,England,MR Marsh,SPD Smith,MA Wood,0,0,,,,,,,,,
1072312,2017/18,2018-01-21,Sydney Cricket Ground,2,33.4,Australia,England,MR Marsh,SPD Smith,MA Wood,1,0,,,,,,,,,
1072312,2017/18,2018-01-21,Sydney Cricket Ground,2,33.5,Australia,England,SPD Smith,MR Marsh,MA Wood,0,0,,,,,,,,,
1072312,2017/18,2018-01-21,Sydney Cricket Ground,2,33.6,Australia,England,SPD Smith,MR Marsh,MA Wood,0,0,,,,,,caught,SPD Smith,,
1072312,2017/18,2018-01-21,Sydney Cricket Ground,2,34.1,Australia,England,MR Marsh,MP Stoinis,AU Rashid,0,0,,,,,,,,,
1072312,2017/18,2018-01-21,Sydney Cricket Ground,2,34.2,Australia,England,MR Marsh,MP Stoinis,AU Rashid,0,0,,,,,,,,,
1072312,2017/18,2018-01-21,Sydney Cricket Ground,2,34.3,Australia,England,MR Marsh,MP Stoinis,AU Rashid,1,0,,,,,,,,,
1072312,2017/18,2018-01-21,Sydney Cricket Ground,2,34.4,Australia,England,MP Stoinis,MR Marsh,AU Rashid,0,0,,,,,,,,,
1072312,2017/18,2018-01-21,Sydney Cricket Ground,2,34.5,Australia,England,MP Stoinis,MR Marsh,AU Rashid,0,0,,,,,,,,,
1072312,2017/18,2018-01-21,Sydney Cricket Ground,2,34.6,Australia,England,MP Stoinis,MR Marsh,AU Rashid,2,0,,,,,,,,,
1072312,2017/18,2018-01-21,Sydney Cricket Ground,2,35.1,Australia,England,MR Marsh,MP Stoinis,MA Wood,2,0,,,,,,,,,
1072312,2017/18,2018-01-21,Sydney Cricket Ground,2,35.2,Australia,England,MR Marsh,MP Stoinis,MA Wood,0,0,,,,,,,,,
1072312,2017/18,2018-01-21,Sydney Cricket Ground,2,35.3,Australia,England,MR Marsh,MP Stoinis,MA Wood,0,1,1,,,,,,,,
1072312,2017/18,2018-01-21,Sydney Cricket Ground,2,35.4,Australia,England,MR Marsh,MP Stoinis,MA Wood,0,0,,,,,,,,,
1072312,2017/18,2018-01-21,Sydney Cricket Ground,2,35.5,Australia,England,MR Marsh,MP Stoinis,MA Wood,4,0,,,,,,,,,
1072312,2017/18,2018-01-21,Sydney Cricket Ground,2,35.6,Australia,England,MR Marsh,MP Stoinis,MA Wood,0,0,,,,,,,,,
1072312,2017/18,2018-01-21,Sydney Cricket Ground,2,35.7,Australia,England,MR Marsh,MP Stoinis,MA Wood,1,0,,,,,,,,,
1072312,2017/18,2018-01-21,Sydney Cricket Ground,2,36.1,Australia,England,MR Marsh,MP Stoinis,AU Rashid,4,0,,,,,,,,,
1072312,2017/18,2018-01-21,Sydney Cricket Ground,2,36.2,Australia,England,MR Marsh,MP Stoinis,AU Rashid,0,0,,,,,,,,,
1072312,2017/18,2018-01-21,Sydney Cricket Ground,2,36.3,Australia,England,MR Marsh,MP Stoinis,AU Rashid,1,0,,,,,,,,,
1072312,2017/18,2018-01-21,Sydney Cricket Ground,2,36.4,Australia,England,MP Stoinis,MR Marsh,AU Rashid,6,0,,,,,,,,,
1072312,2017/18,2018-01-21,Sydney Cricket Ground,2,36.5,Australia,England,MP Stoinis,MR Marsh,AU Rashid,0,0,,,,,,,,,
1072312,2017/18,2018-01-21,Sydney Cricket Ground,2,36.6,Australia,England,MP Stoinis,MR Marsh,AU Rashid,1,0,,,,,,,,,
1072312,2017/18,2018-01-21,Sydney Cricket Ground,2,37.1,Australia,England,MP Stoinis,MR Marsh,MM Ali,1,0,,,,,,,,,
1072312,2017/18,2018-01-21,Sydney Cricket Ground,2,37.2,Australia,England,MR Marsh,MP Stoinis,MM Ali,0,0,,,,,,,,,
1072312,2017/18,2018-01-21,Sydney Cricket Ground,2,37.3,Australia,England,MR Marsh,MP Stoinis,MM Ali,1,0,,,,,,,,,
1072312,2017/18,2018-01-21,Sydney Cricket Ground,2,37.4,Australia,England,MP Stoinis,MR Marsh,MM Ali,1,0,,,,,,,,,
1072312,2017/18,2018-01-21,Sydney Cricket Ground,2,37.5,Australia,England,MR Marsh,MP Stoinis,MM Ali,1,0,,,,,,,,,
1072312,2017/18,2018-01-21,Sydney Cricket Ground,2,37.6,Australia,England,MP Stoinis,MR Marsh,MM Ali,1,0,,,,,,,,,
1072312,2017/18,2018-01-21,Sydney Cricket Ground,2,38.1,Australia,England,MP Stoinis,MR Marsh,AU Rashid,0,0,,,,,,,,,
1072312,2017/18,2018-01-21,Sydney Cricket Ground,2,38.2,Australia,England,MP Stoinis,MR Marsh,AU Rashid,1,0,,,,,,,,,
1072312,2017/18,2018-01-21,Sydney Cricket Ground,2,38.3,Australia,England,MR Marsh,MP Stoinis,AU Rashid,0,0,,,,,,caught,MR Marsh,,
1072312,2017/18,2018-01-21,Sydney Cricket Ground,2,38.4,Australia,England,TD Paine,MP Stoinis,AU Rashid,0,0,,,,,,,,,
1072312,2017/18,2018-01-21,Sydney Cricket Ground,2,38.5,Australia,England,TD Paine,MP Stoinis,AU Rashid,0,0,,,,,,,,,
1072312,2017/18,2018-01-21,Sydney Cricket Ground,2,38.6,Australia,England,TD Paine,MP Stoinis,AU Rashid,0,0,,,,,,,,,
1072312,2017/18,2018-01-21,Sydney Cricket Ground,2,39.1,Australia,England,MP Stoinis,TD Paine,CR Woakes,0,0,,,,,,,,,
1072312,2017/18,2018-01-21,Sydney Cricket Ground,2,39.2,Australia,England,MP Stoinis,TD Paine,CR Woakes,1,0,,,,,,,,,
1072312,2017/18,2018-01-21,Sydney Cricket Ground,2,39.3,Australia,England,TD Paine,MP Stoinis,CR Woakes,1,0,,,,,,,,,
1072312,2017/18,2018-01-21,Sydney Cricket Ground,2,39.4,Australia,England,MP Stoinis,TD Paine,CR Woakes,0,0,,,,,,,,,
1072312,2017/18,2018-01-21,Sydney Cricket Ground,2,39.5,Australia,England,MP Stoinis,TD Paine,CR Woakes,1,0,,,,,,,,,
1072312,2017/18,2018-01-21,Sydney Cricket Ground,2,39.6,Australia,England,TD Paine,MP Stoinis,CR Woakes,0,0,,,,,,,,,
1072312,2017/18,2018-01-21,Sydney Cricket Ground,2,40.1,Australia,England,MP Stoinis,TD Paine,MM Ali,1,0,,,,,,,,,
1072312,2017/18,2018-01-21,Sydney Cricket Ground,2,40.2,Australia,England,TD Paine,MP Stoinis,MM Ali,1,0,,,,,,,,,
1072312,2017/18,2018-01-21,Sydney Cricket Ground,2,40.3,Australia,England,MP Stoinis,TD Paine,MM Ali,1,0,,,,,,,,,
1072312,2017/18,2018-01-21,Sydney Cricket Ground,2,40.4,Australia,England,TD Paine,MP Stoinis,MM Ali,0,0,,,,,,,,,
1072312,2017/18,2018-01-21,Sydney Cricket Ground,2,40.5,Australia,England,TD Paine,MP Stoinis,MM Ali,0,0,,,,,,,,,
1072312,2017/18,2018-01-21,Sydney Cricket Ground,2,40.6,Australia,England,TD Paine,MP Stoinis,MM Ali,1,0,,,,,,,,,
1072312,2017/18,2018-01-21,Sydney Cricket Ground,2,41.1,Australia,England,TD Paine,MP Stoinis,CR Woakes,2,0,,,,,,,,,
1072312,2017/18,2018-01-21,Sydney Cricket Ground,2,41.2,Australia,England,TD Paine,MP Stoinis,CR Woakes,1,0,,,,,,,,,
1072312,2017/18,2018-01-21,Sydney Cricket Ground,2,41.3,Australia,England,MP Stoinis,TD Paine,CR Woakes,1,0,,,,,,,,,
1072312,2017/18,2018-01-21,Sydney Cricket Ground,2,41.4,Australia,England,TD Paine,MP Stoinis,CR Woakes,1,0,,,,,,,,,
1072312,2017/18,2018-01-21,Sydney Cricket Ground,2,41.5,Australia,England,MP Stoinis,TD Paine,CR Woakes,1,0,,,,,,,,,
1072312,2017/18,2018-01-21,Sydney Cricket Ground,2,41.6,Australia,England,TD Paine,MP Stoinis,CR Woakes,0,0,,,,,,,,,
1072312,2017/18,2018-01-21,Sydney Cricket Ground,2,42.1,Australia,England,MP Stoinis,TD Paine,MM Ali,1,0,,,,,,,,,
1072312,2017/18,2018-01-21,Sydney Cricket Ground,2,42.2,Australia,England,TD Paine,MP Stoinis,MM Ali,1,0,,,,,,,,,
1072312,2017/18,2018-01-21,Sydney Cricket Ground,2,42.3,Australia,England,MP Stoinis,TD Paine,MM Ali,1,0,,,,,,,,,
1072312,2017/18,2018-01-21,Sydney Cricket Ground,2,42.4,Australia,England,TD Paine,MP Stoinis,MM Ali,4,0,,,,,,,,,
1072312,2017/18,2018-01-21,Sydney Cricket Ground,2,42.5,Australia,England,TD Paine,MP Stoinis,MM Ali,0,0,,,,,,,,,
1072312,2017/18,2018-01-21,Sydney Cricket Ground,2,42.6,Australia,England,TD Paine,MP Stoinis,MM Ali,1,0,,,,,,,,,
1072312,2017/18,2018-01-21,Sydney Cricket Ground,2,43.1,Australia,England,TD Paine,MP Stoinis,MA Wood,1,0,,,,,,,,,
1072312,2017/18,2018-01-21,Sydney Cricket Ground,2,43.2,Australia,England,MP Stoinis,TD Paine,MA Wood,1,0,,,,,,,,,
1072312,2017/18,2018-01-21,Sydney Cricket Ground,2,43.3,Australia,England,TD Paine,MP Stoinis,MA Wood,1,0,,,,,,,,,
1072312,2017/18,2018-01-21,Sydney Cricket Ground,2,43.4,Australia,England,MP Stoinis,TD Paine,MA Wood,1,0,,,,,,,,,
1072312,2017/18,2018-01-21,Sydney Cricket Ground,2,43.5,Australia,England,TD Paine,MP Stoinis,MA Wood,0,0,,,,,,,,,
1072312,2017/18,2018-01-21,Sydney Cricket Ground,2,43.6,Australia,England,TD Paine,MP Stoinis,MA Wood,1,0,,,,,,,,,
1072312,2017/18,2018-01-21,Sydney Cricket Ground,2,44.1,Australia,England,TD Paine,MP Stoinis,AU Rashid,1,0,,,,,,,,,
1072312,2017/18,2018-01-21,Sydney Cricket Ground,2,44.2,Australia,England,MP Stoinis,TD Paine,AU Rashid,1,0,,,,,,,,,
1072312,2017/18,2018-01-21,Sydney Cricket Ground,2,44.3,Australia,England,TD Paine,MP Stoinis,AU Rashid,2,0,,,,,,,,,
1072312,2017/18,2018-01-21,Sydney Cricket Ground,2,44.4,Australia,England,TD Paine,MP Stoinis,AU Rashid,1,0,,,,,,,,,
1072312,2017/18,2018-01-21,Sydney Cricket Ground,2,44.5,Australia,England,MP Stoinis,TD Paine,AU Rashid,1,0,,,,,,,,,
1072312,2017/18,2018-01-21,Sydney Cricket Ground,2,44.6,Australia,England,TD Paine,MP Stoinis,AU Rashid,0,0,,,,,,,,,
1072312,2017/18,2018-01-21,Sydney Cricket Ground,2,45.1,Australia,England,MP Stoinis,TD Paine,MA Wood,4,0,,,,,,,,,
1072312,2017/18,2018-01-21,Sydney Cricket Ground,2,45.2,Australia,England,MP Stoinis,TD Paine,MA Wood,1,0,,,,,,,,,
1072312,2017/18,2018-01-21,Sydney Cricket Ground,2,45.3,Australia,England,TD Paine,MP Stoinis,MA Wood,1,0,,,,,,,,,
1072312,2017/18,2018-01-21,Sydney Cricket Ground,2,45.4,Australia,England,MP Stoinis,TD Paine,MA Wood,0,0,,,,,,,,,
1072312,2017/18,2018-01-21,Sydney Cricket Ground,2,45.5,Australia,England,MP Stoinis,TD Paine,MA Wood,0,0,,,,,,,,,
1072312,2017/18,2018-01-21,Sydney Cricket Ground,2,45.6,Australia,England,MP Stoinis,TD Paine,MA Wood,1,0,,,,,,,,,
1072312,2017/18,2018-01-21,Sydney Cricket Ground,2,46.1,Australia,England,MP Stoinis,TD Paine,AU Rashid,4,0,,,,,,,,,
1072312,2017/18,2018-01-21,Sydney Cricket Ground,2,46.2,Australia,England,MP Stoinis,TD Paine,AU Rashid,0,1,,,1,,,,,,
1072312,2017/18,2018-01-21,Sydney Cricket Ground,2,46.3,Australia,England,TD Paine,MP Stoinis,AU Rashid,2,0,,,,,,,,,
1072312,2017/18,2018-01-21,Sydney Cricket Ground,2,46.4,Australia,England,TD Paine,MP Stoinis,AU Rashid,1,0,,,,,,,,,
1072312,2017/18,2018-01-21,Sydney Cricket Ground,2,46.5,Australia,England,MP Stoinis,TD Paine,AU Rashid,2,0,,,,,,,,,
1072312,2017/18,2018-01-21,Sydney Cricket Ground,2,46.6,Australia,England,MP Stoinis,TD Paine,AU Rashid,1,0,,,,,,,,,
1072312,2017/18,2018-01-21,Sydney Cricket Ground,2,47.1,Australia,England,MP Stoinis,TD Paine,CR Woakes,6,0,,,,,,,,,
1072312,2017/18,2018-01-21,Sydney Cricket Ground,2,47.2,Australia,England,MP Stoinis,TD Paine,CR Woakes,1,0,,,,,,,,,
1072312,2017/18,2018-01-21,Sydney Cricket Ground,2,47.3,Australia,England,TD Paine,MP Stoinis,CR Woakes,1,0,,,,,,,,,
1072312,2017/18,2018-01-21,Sydney Cricket Ground,2,47.4,Australia,England,MP Stoinis,TD Paine,CR Woakes,2,0,,,,,,,,,
1072312,2017/18,2018-01-21,Sydney Cricket Ground,2,47.5,Australia,England,MP Stoinis,TD Paine,CR Woakes,1,0,,,,,,,,,
1072312,2017/18,2018-01-21,Sydney Cricket Ground,2,47.6,Australia,England,TD Paine,MP Stoinis,CR Woakes,2,0,,,,,,,,,
1072312,2017/18,2018-01-21,Sydney Cricket Ground,2,48.1,Australia,England,MP Stoinis,TD Paine,MA Wood,1,0,,,,,,,,,
1072312,2017/18,2018-01-21,Sydney Cricket Ground,2,48.2,Australia,England,TD Paine,MP Stoinis,MA Wood,1,0,,,,,,,,,
1072312,2017/18,2018-01-21,Sydney Cricket Ground,2,48.3,Australia,England,MP Stoinis,TD Paine,MA Wood,4,0,,,,,,,,,
1072312,2017/18,2018-01-21,Sydney Cricket Ground,2,48.4,Australia,England,MP Stoinis,TD Paine,MA Wood,1,0,,,,,,,,,
1072312,2017/18,2018-01-21,Sydney Cricket Ground,2,48.5,Australia,England,TD Paine,MP Stoinis,MA Wood,0,0,,,,,,,,,
1072312,2017/18,2018-01-21,Sydney Cricket Ground,2,48.6,Australia,England,TD Paine,MP Stoinis,MA Wood,1,0,,,,,,,,,
1072312,2017/18,2018-01-21,Sydney Cricket Ground,2,49.1,Australia,England,TD Paine,MP Stoinis,CR Woakes,1,0,,,,,,,,,
1072312,2017/18,2018-01-21,Sydney Cricket Ground,2,49.2,Australia,England,MP Stoinis,TD Paine,CR Woakes,2,0,,,,,,,,,
1072312,2017/18,2018-01-21,Sydney Cricket Ground,2,49.3,Australia,England,MP Stoinis,TD Paine,CR Woakes,0,0,,,,,,caught,MP Stoinis,,
1072312,2017/18,2018-01-21,Sydney Cricket Ground,2,49.4,Australia,England,PJ Cummins,TD Paine,CR Woakes,0,0,,,,,,,,,
1072312,2017/18,2018-01-21,Sydney Cricket Ground,2,49.5,Australia,England,PJ Cummins,TD Paine,CR Woakes,1,0,,,,,,,,,
1072312,2017/18,2018-01-21,Sydney Cricket Ground,2,49.6,Australia,England,TD Paine,PJ Cummins,CR Woakes,1,0,,,,,,,,,
