match_id,season,start_date,venue,innings,ball,batting_team,bowling_team,striker,non_striker,bowler,runs_off_bat,extras,wides,noballs,byes,legbyes,penalty,wicket_type,player_dismissed,other_wicket_type,other_player_dismissed
1073411,2016/17,2017-02-10,P Sara Oval,1,0.1,India,Ireland,DB Sharma,MDT Kamini,AJ Kenealy,0,0,,,,,,,,,
1073411,2016/17,2017-02-10,P Sara Oval,1,0.2,India,Ireland,DB Sharma,MDT Kamini,AJ Kenealy,0,0,,,,,,,,,
1073411,2016/17,2017-02-10,P Sara Oval,1,0.3,India,Ireland,DB Sharma,MDT Kamini,AJ Kenealy,0,1,1,,,,,,,,
1073411,2016/17,2017-02-10,P Sara Oval,1,0.4,India,Ireland,DB Sharma,MDT Kamini,AJ Kenealy,2,0,,,,,,,,,
1073411,2016/17,2017-02-10,P Sara Oval,1,0.5,India,Ireland,DB Sharma,MDT Kamini,AJ Kenealy,1,0,,,,,,,,,
1073411,2016/17,2017-02-10,P Sara Oval,1,0.6,India,Ireland,MDT Kamini,DB Sharma,AJ Kenealy,0,0,,,,,,,,,
1073411,2016/17,2017-02-10,P Sara Oval,1,0.7,India,Ireland,MDT Kamini,DB Sharma,AJ Kenealy,0,0,,,,,,,,,
1073411,2016/17,2017-02-10,P Sara Oval,1,1.1,India,Ireland,DB Sharma,MDT Kamini,IMHC Joyce,0,0,,,,,,,,,
1073411,2016/17,2017-02-10,P Sara Oval,1,1.2,India,Ireland,DB Sharma,MDT Kamini,IMHC Joyce,0,0,,,,,,,,,
1073411,2016/17,2017-02-10,P Sara Oval,1,1.3,India,Ireland,DB Sharma,MDT Kamini,IMHC Joyce,0,0,,,,,,,,,
1073411,2016/17,2017-02-10,P Sara Oval,1,1.4,India,Ireland,DB Sharma,MDT Kamini,IMHC Joyce,0,0,,,,,,,,,
1073411,2016/17,2017-02-10,P Sara Oval,1,1.5,India,Ireland,DB Sharma,MDT Kamini,IMHC Joyce,0,0,,,,,,,,,
1073411,2016/17,2017-02-10,P Sara Oval,1,1.6,India,Ireland,DB Sharma,MDT Kamini,IMHC Joyce,0,0,,,,,,,,,
1073411,2016/17,2017-02-10,P Sara Oval,1,2.1,India,Ireland,MDT Kamini,DB Sharma,AJ Kenealy,0,0,,,,,,,,,
1073411,2016/17,2017-02-10,P Sara Oval,1,2.2,India,Ireland,MDT Kamini,DB Sharma,AJ Kenealy,0,0,,,,,,,,,
1073411,2016/17,2017-02-10,P Sara Oval,1,2.3,India,Ireland,MDT Kamini,DB Sharma,AJ Kenealy,0,0,,,,,,,,,
1073411,2016/17,2017-02-10,P Sara Oval,1,2.4,India,Ireland,MDT Kamini,DB Sharma,AJ Kenealy,4,0,,,,,,,,,
1073411,2016/17,2017-02-10,P Sara Oval,1,2.5,India,Ireland,MDT Kamini,DB Sharma,AJ Kenealy,0,0,,,,,,,,,
1073411,2016/17,2017-02-10,P Sara Oval,1,2.6,India,Ireland,MDT Kamini,DB Sharma,AJ Kenealy,0,0,,,,,,,,,
1073411,2016/17,2017-02-10,P Sara Oval,1,3.1,India,Ireland,DB Sharma,MDT Kamini,IMHC Joyce,0,0,,,,,,,,,
1073411,2016/17,2017-02-10,P Sara Oval,1,3.2,India,Ireland,DB Sharma,MDT Kamini,IMHC Joyce,0,0,,,,,,,,,
1073411,2016/17,2017-02-10,P Sara Oval,1,3.3,India,Ireland,DB Sharma,MDT Kamini,IMHC Joyce,1,0,,,,,,,,,
1073411,2016/17,2017-02-10,P Sara Oval,1,3.4,India,Ireland,MDT Kamini,DB Sharma,IMHC Joyce,1,0,,,,,,,,,
1073411,2016/17,2017-02-10,P Sara Oval,1,3.5,India,Ireland,DB Sharma,MDT Kamini,IMHC Joyce,0,0,,,,,,,,,
1073411,2016/17,2017-02-10,P Sara Oval,1,3.6,India,Ireland,DB Sharma,MDT Kamini,IMHC Joyce,0,0,,,,,,,,,
1073411,2016/17,2017-02-10,P Sara Oval,1,4.1,India,Ireland,MDT Kamini,DB Sharma,AJ Kenealy,4,0,,,,,,,,,
1073411,2016/17,2017-02-10,P Sara Oval,1,4.2,India,Ireland,MDT Kamini,DB Sharma,AJ Kenealy,0,0,,,,,,,,,
1073411,2016/17,2017-02-10,P Sara Oval,1,4.3,India,Ireland,MDT Kamini,DB Sharma,AJ Kenealy,0,0,,,,,,,,,
1073411,2016/17,2017-02-10,P Sara Oval,1,4.4,India,Ireland,MDT Kamini,DB Sharma,AJ Kenealy,0,0,,,,,,,,,
1073411,2016/17,2017-02-10,P Sara Oval,1,4.5,India,Ireland,MDT Kamini,DB Sharma,AJ Kenealy,0,1,1,,,,,,,,
1073411,2016/17,2017-02-10,P Sara Oval,1,4.6,India,Ireland,MDT Kamini,DB Sharma,AJ Kenealy,0,0,,,,,,,,,
1073411,2016/17,2017-02-10,P Sara Oval,1,4.7,India,Ireland,MDT Kamini,DB Sharma,AJ Kenealy,0,0,,,,,,,,,
1073411,2016/17,2017-02-10,P Sara Oval,1,5.1,India,Ireland,DB Sharma,MDT Kamini,IMHC Joyce,0,0,,,,,,,,,
1073411,2016/17,2017-02-10,P Sara Oval,1,5.2,India,Ireland,DB Sharma,MDT Kamini,IMHC Joyce,0,0,,,,,,,,,
1073411,2016/17,2017-02-10,P Sara Oval,1,5.3,India,Ireland,DB Sharma,MDT Kamini,IMHC Joyce,4,0,,,,,,,,,
1073411,2016/17,2017-02-10,P Sara Oval,1,5.4,India,Ireland,DB Sharma,MDT Kamini,IMHC Joyce,0,0,,,,,,,,,
1073411,2016/17,2017-02-10,P Sara Oval,1,5.5,India,Ireland,DB Sharma,MDT Kamini,IMHC Joyce,0,0,,,,,,,,,
1073411,2016/17,2017-02-10,P Sara Oval,1,5.6,India,Ireland,DB Sharma,MDT Kamini,IMHC Joyce,0,0,,,,,,,,,
1073411,2016/17,2017-02-10,P Sara Oval,1,6.1,India,Ireland,MDT Kamini,DB Sharma,AJ Kenealy,0,0,,,,,,,,,
1073411,2016/17,2017-02-10,P Sara Oval,1,6.2,India,Ireland,MDT Kamini,DB Sharma,AJ Kenealy,0,0,,,,,,,,,
1073411,2016/17,2017-02-10,P Sara Oval,1,6.3,India,Ireland,MDT Kamini,DB Sharma,AJ Kenealy,1,0,,,,,,,,,
1073411,2016/17,2017-02-10,P Sara Oval,1,6.4,India,Ireland,DB Sharma,MDT Kamini,AJ Kenealy,2,0,,,,,,,,,
1073411,2016/17,2017-02-10,P Sara Oval,1,6.5,India,Ireland,DB Sharma,MDT Kamini,AJ Kenealy,0,0,,,,,,,,,
1073411,2016/17,2017-02-10,P Sara Oval,1,6.6,India,Ireland,DB Sharma,MDT Kamini,AJ Kenealy,0,0,,,,,,,,,
1073411,2016/17,2017-02-10,P Sara Oval,1,7.1,India,Ireland,MDT Kamini,DB Sharma,IMHC Joyce,0,0,,,,,,,,,
1073411,2016/17,2017-02-10,P Sara Oval,1,7.2,India,Ireland,MDT Kamini,DB Sharma,IMHC Joyce,0,0,,,,,,,,,
1073411,2016/17,2017-02-10,P Sara Oval,1,7.3,India,Ireland,MDT Kamini,DB Sharma,IMHC Joyce,0,0,,,,,,,,,
1073411,2016/17,2017-02-10,P Sara Oval,1,7.4,India,Ireland,MDT Kamini,DB Sharma,IMHC Joyce,1,0,,,,,,,,,
1073411,2016/17,2017-02-10,P Sara Oval,1,7.5,India,Ireland,DB Sharma,MDT Kamini,IMHC Joyce,0,0,,,,,,,,,
1073411,2016/17,2017-02-10,P Sara Oval,1,7.6,India,Ireland,DB Sharma,MDT Kamini,IMHC Joyce,0,0,,,,,,,,,
1073411,2016/17,2017-02-10,P Sara Oval,1,8.1,India,Ireland,MDT Kamini,DB Sharma,AJ Kenealy,1,0,,,,,,,,,
1073411,2016/17,2017-02-10,P Sara Oval,1,8.2,India,Ireland,DB Sharma,MDT Kamini,AJ Kenealy,4,0,,,,,,,,,
1073411,2016/17,2017-02-10,P Sara Oval,1,8.3,India,Ireland,DB Sharma,MDT Kamini,AJ Kenealy,0,0,,,,,,,,,
1073411,2016/17,2017-02-10,P Sara Oval,1,8.4,India,Ireland,DB Sharma,MDT Kamini,AJ Kenealy,0,0,,,,,,,,,
1073411,2016/17,2017-02-10,P Sara Oval,1,8.5,India,Ireland,DB Sharma,MDT Kamini,AJ Kenealy,0,0,,,,,,,,,
1073411,2016/17,2017-02-10,P Sara Oval,1,8.6,India,Ireland,DB Sharma,MDT Kamini,AJ Kenealy,0,0,,,,,,,,,
1073411,2016/17,2017-02-10,P Sara Oval,1,9.1,India,Ireland,MDT Kamini,DB Sharma,IMHC Joyce,0,0,,,,,,,,,
1073411,2016/17,2017-02-10,P Sara Oval,1,9.2,India,Ireland,MDT Kamini,DB Sharma,IMHC Joyce,2,0,,,,,,,,,
1073411,2016/17,2017-02-10,P Sara Oval,1,9.3,India,Ireland,MDT Kamini,DB Sharma,IMHC Joyce,0,0,,,,,,,,,
1073411,2016/17,2017-02-10,P Sara Oval,1,9.4,India,Ireland,MDT Kamini,DB Sharma,IMHC Joyce,0,0,,,,,,,,,
1073411,2016/17,2017-02-10,P Sara Oval,1,9.5,India,Ireland,MDT Kamini,DB Sharma,IMHC Joyce,0,0,,,,,,,,,
1073411,2016/17,2017-02-10,P Sara Oval,1,9.6,India,Ireland,MDT Kamini,DB Sharma,IMHC Joyce,4,0,,,,,,,,,
1073411,2016/17,2017-02-10,P Sara Oval,1,10.1,India,Ireland,DB Sharma,MDT Kamini,AJ Kenealy,0,0,,,,,,,,,
1073411,2016/17,2017-02-10,P Sara Oval,1,10.2,India,Ireland,DB Sharma,MDT Kamini,AJ Kenealy,0,0,,,,,,,,,
1073411,2016/17,2017-02-10,P Sara Oval,1,10.3,India,Ireland,DB Sharma,MDT Kamini,AJ Kenealy,4,0,,,,,,,,,
1073411,2016/17,2017-02-10,P Sara Oval,1,10.4,India,Ireland,DB Sharma,MDT Kamini,AJ Kenealy,0,0,,,,,,,,,
1073411,2016/17,2017-02-10,P Sara Oval,1,10.5,India,Ireland,DB Sharma,MDT Kamini,AJ Kenealy,0,0,,,,,,,,,
1073411,2016/17,2017-02-10,P Sara Oval,1,10.6,India,Ireland,DB Sharma,MDT Kamini,AJ Kenealy,2,0,,,,,,,,,
1073411,2016/17,2017-02-10,P Sara Oval,1,11.1,India,Ireland,MDT Kamini,DB Sharma,IMHC Joyce,1,0,,,,,,,,,
1073411,2016/17,2017-02-10,P Sara Oval,1,11.2,India,Ireland,DB Sharma,MDT Kamini,IMHC Joyce,0,0,,,,,,,,,
1073411,2016/17,2017-02-10,P Sara Oval,1,11.3,India,Ireland,DB Sharma,MDT Kamini,IMHC Joyce,1,0,,,,,,,,,
1073411,2016/17,2017-02-10,P Sara Oval,1,11.4,India,Ireland,MDT Kamini,DB Sharma,IMHC Joyce,0,0,,,,,,,,,
1073411,2016/17,2017-02-10,P Sara Oval,1,11.5,India,Ireland,MDT Kamini,DB Sharma,IMHC Joyce,4,0,,,,,,,,,
1073411,2016/17,2017-02-10,P Sara Oval,1,11.6,India,Ireland,MDT Kamini,DB Sharma,IMHC Joyce,0,0,,,,,,,,,
1073411,2016/17,2017-02-10,P Sara Oval,1,12.1,India,Ireland,DB Sharma,MDT Kamini,AJ Kenealy,0,1,1,,,,,,,,
1073411,2016/17,2017-02-10,P Sara Oval,1,12.2,India,Ireland,DB Sharma,MDT Kamini,AJ Kenealy,0,0,,,,,,,,,
1073411,2016/17,2017-02-10,P Sara Oval,1,12.3,India,Ireland,DB Sharma,MDT Kamini,AJ Kenealy,1,0,,,,,,,,,
1073411,2016/17,2017-02-10,P Sara Oval,1,12.4,India,Ireland,MDT Kamini,DB Sharma,AJ Kenealy,0,0,,,,,,,,,
1073411,2016/17,2017-02-10,P Sara Oval,1,12.5,India,Ireland,MDT Kamini,DB Sharma,AJ Kenealy,0,1,,,,1,,,,,
1073411,2016/17,2017-02-10,P Sara Oval,1,12.6,India,Ireland,DB Sharma,MDT Kamini,AJ Kenealy,0,0,,,,,,,,,
1073411,2016/17,2017-02-10,P Sara Oval,1,12.7,India,Ireland,DB Sharma,MDT Kamini,AJ Kenealy,1,0,,,,,,,,,
1073411,2016/17,2017-02-10,P Sara Oval,1,13.1,India,Ireland,DB Sharma,MDT Kamini,KJ Garth,0,0,,,,,,,,,
1073411,2016/17,2017-02-10,P Sara Oval,1,13.2,India,Ireland,DB Sharma,MDT Kamini,KJ Garth,0,0,,,,,,,,,
1073411,2016/17,2017-02-10,P Sara Oval,1,13.3,India,Ireland,DB Sharma,MDT Kamini,KJ Garth,1,0,,,,,,,,,
1073411,2016/17,2017-02-10,P Sara Oval,1,13.4,India,Ireland,MDT Kamini,DB Sharma,KJ Garth,0,0,,,,,,,,,
1073411,2016/17,2017-02-10,P Sara Oval,1,13.5,India,Ireland,MDT Kamini,DB Sharma,KJ Garth,0,0,,,,,,,,,
1073411,2016/17,2017-02-10,P Sara Oval,1,13.6,India,Ireland,MDT Kamini,DB Sharma,KJ Garth,0,0,,,,,,,,,
1073411,2016/17,2017-02-10,P Sara Oval,1,14.1,India,Ireland,DB Sharma,MDT Kamini,CJ Metcalfe,0,0,,,,,,,,,
1073411,2016/17,2017-02-10,P Sara Oval,1,14.2,India,Ireland,DB Sharma,MDT Kamini,CJ Metcalfe,0,0,,,,,,,,,
1073411,2016/17,2017-02-10,P Sara Oval,1,14.3,India,Ireland,DB Sharma,MDT Kamini,CJ Metcalfe,0,0,,,,,,,,,
1073411,2016/17,2017-02-10,P Sara Oval,1,14.4,India,Ireland,DB Sharma,MDT Kamini,CJ Metcalfe,0,0,,,,,,,,,
1073411,2016/17,2017-02-10,P Sara Oval,1,14.5,India,Ireland,DB Sharma,MDT Kamini,CJ Metcalfe,1,0,,,,,,,,,
1073411,2016/17,2017-02-10,P Sara Oval,1,14.6,India,Ireland,MDT Kamini,DB Sharma,CJ Metcalfe,0,0,,,,,,,,,
1073411,2016/17,2017-02-10,P Sara Oval,1,15.1,India,Ireland,DB Sharma,MDT Kamini,KJ Garth,0,0,,,,,,,,,
1073411,2016/17,2017-02-10,P Sara Oval,1,15.2,India,Ireland,DB Sharma,MDT Kamini,KJ Garth,0,0,,,,,,,,,
1073411,2016/17,2017-02-10,P Sara Oval,1,15.3,India,Ireland,DB Sharma,MDT Kamini,KJ Garth,0,1,1,,,,,,,,
1073411,2016/17,2017-02-10,P Sara Oval,1,15.4,India,Ireland,DB Sharma,MDT Kamini,KJ Garth,0,0,,,,,,,,,
1073411,2016/17,2017-02-10,P Sara Oval,1,15.5,India,Ireland,DB Sharma,MDT Kamini,KJ Garth,0,0,,,,,,,,,
1073411,2016/17,2017-02-10,P Sara Oval,1,15.6,India,Ireland,DB Sharma,MDT Kamini,KJ Garth,1,0,,,,,,,,,
1073411,2016/17,2017-02-10,P Sara Oval,1,15.7,India,Ireland,MDT Kamini,DB Sharma,KJ Garth,1,0,,,,,,,,,
1073411,2016/17,2017-02-10,P Sara Oval,1,16.1,India,Ireland,MDT Kamini,DB Sharma,CJ Metcalfe,0,0,,,,,,,,,
1073411,2016/17,2017-02-10,P Sara Oval,1,16.2,India,Ireland,MDT Kamini,DB Sharma,CJ Metcalfe,4,0,,,,,,,,,
1073411,2016/17,2017-02-10,P Sara Oval,1,16.3,India,Ireland,MDT Kamini,DB Sharma,CJ Metcalfe,0,0,,,,,,,,,
1073411,2016/17,2017-02-10,P Sara Oval,1,16.4,India,Ireland,MDT Kamini,DB Sharma,CJ Metcalfe,0,0,,,,,,,,,
1073411,2016/17,2017-02-10,P Sara Oval,1,16.5,India,Ireland,MDT Kamini,DB Sharma,CJ Metcalfe,0,0,,,,,,,,,
1073411,2016/17,2017-02-10,P Sara Oval,1,16.6,India,Ireland,MDT Kamini,DB Sharma,CJ Metcalfe,0,1,1,,,,,,,,
1073411,2016/17,2017-02-10,P Sara Oval,1,16.7,India,Ireland,MDT Kamini,DB Sharma,CJ Metcalfe,0,0,,,,,,,,,
1073411,2016/17,2017-02-10,P Sara Oval,1,17.1,India,Ireland,DB Sharma,MDT Kamini,KJ Garth,0,0,,,,,,,,,
1073411,2016/17,2017-02-10,P Sara Oval,1,17.2,India,Ireland,DB Sharma,MDT Kamini,KJ Garth,0,0,,,,,,,,,
1073411,2016/17,2017-02-10,P Sara Oval,1,17.3,India,Ireland,DB Sharma,MDT Kamini,KJ Garth,1,0,,,,,,,,,
1073411,2016/17,2017-02-10,P Sara Oval,1,17.4,India,Ireland,MDT Kamini,DB Sharma,KJ Garth,0,0,,,,,,,,,
1073411,2016/17,2017-02-10,P Sara Oval,1,17.5,India,Ireland,MDT Kamini,DB Sharma,KJ Garth,0,1,1,,,,,,,,
1073411,2016/17,2017-02-10,P Sara Oval,1,17.6,India,Ireland,MDT Kamini,DB Sharma,KJ Garth,0,0,,,,,,,,,
1073411,2016/17,2017-02-10,P Sara Oval,1,17.7,India,Ireland,MDT Kamini,DB Sharma,KJ Garth,0,1,,,,1,,,,,
1073411,2016/17,2017-02-10,P Sara Oval,1,18.1,India,Ireland,MDT Kamini,DB Sharma,CJ Metcalfe,4,0,,,,,,,,,
1073411,2016/17,2017-02-10,P Sara Oval,1,18.2,India,Ireland,MDT Kamini,DB Sharma,CJ Metcalfe,0,0,,,,,,,,,
1073411,2016/17,2017-02-10,P Sara Oval,1,18.3,India,Ireland,MDT Kamini,DB Sharma,CJ Metcalfe,4,0,,,,,,,,,
1073411,2016/17,2017-02-10,P Sara Oval,1,18.4,India,Ireland,MDT Kamini,DB Sharma,CJ Metcalfe,1,0,,,,,,,,,
1073411,2016/17,2017-02-10,P Sara Oval,1,18.5,India,Ireland,DB Sharma,MDT Kamini,CJ Metcalfe,0,0,,,,,,,,,
1073411,2016/17,2017-02-10,P Sara Oval,1,18.6,India,Ireland,DB Sharma,MDT Kamini,CJ Metcalfe,0,1,1,,,,,,,,
1073411,2016/17,2017-02-10,P Sara Oval,1,18.7,India,Ireland,DB Sharma,MDT Kamini,CJ Metcalfe,0,0,,,,,,,,,
1073411,2016/17,2017-02-10,P Sara Oval,1,19.1,India,Ireland,MDT Kamini,DB Sharma,KJ Garth,1,0,,,,,,,,,
1073411,2016/17,2017-02-10,P Sara Oval,1,19.2,India,Ireland,DB Sharma,MDT Kamini,KJ Garth,0,0,,,,,,,,,
1073411,2016/17,2017-02-10,P Sara Oval,1,19.3,India,Ireland,DB Sharma,MDT Kamini,KJ Garth,0,0,,,,,,,,,
1073411,2016/17,2017-02-10,P Sara Oval,1,19.4,India,Ireland,DB Sharma,MDT Kamini,KJ Garth,0,0,,,,,,,,,
1073411,2016/17,2017-02-10,P Sara Oval,1,19.5,India,Ireland,DB Sharma,MDT Kamini,KJ Garth,0,0,,,,,,,,,
1073411,2016/17,2017-02-10,P Sara Oval,1,19.6,India,Ireland,DB Sharma,MDT Kamini,KJ Garth,0,0,,,,,,,,,
1073411,2016/17,2017-02-10,P Sara Oval,1,20.1,India,Ireland,MDT Kamini,DB Sharma,LN McCarthy,0,1,1,,,,,,,,
1073411,2016/17,2017-02-10,P Sara Oval,1,20.2,India,Ireland,MDT Kamini,DB Sharma,LN McCarthy,0,0,,,,,,,,,
1073411,2016/17,2017-02-10,P Sara Oval,1,20.3,India,Ireland,MDT Kamini,DB Sharma,LN McCarthy,0,1,1,,,,,,,,
1073411,2016/17,2017-02-10,P Sara Oval,1,20.4,India,Ireland,MDT Kamini,DB Sharma,LN McCarthy,0,1,1,,,,,,,,
1073411,2016/17,2017-02-10,P Sara Oval,1,20.5,India,Ireland,MDT Kamini,DB Sharma,LN McCarthy,0,0,,,,,,,,,
1073411,2016/17,2017-02-10,P Sara Oval,1,20.6,India,Ireland,MDT Kamini,DB Sharma,LN McCarthy,0,1,1,,,,,,,,
1073411,2016/17,2017-02-10,P Sara Oval,1,20.7,India,Ireland,MDT Kamini,DB Sharma,LN McCarthy,0,0,,,,,,,,,
1073411,2016/17,2017-02-10,P Sara Oval,1,20.8,India,Ireland,MDT Kamini,DB Sharma,LN McCarthy,0,0,,,,,,,,,
1073411,2016/17,2017-02-10,P Sara Oval,1,20.9,India,Ireland,MDT Kamini,DB Sharma,LN McCarthy,0,0,,,,,,,,,
1073411,2016/17,2017-02-10,P Sara Oval,1,20.10,India,Ireland,MDT Kamini,DB Sharma,LN McCarthy,0,0,,,,,,,,,
1073411,2016/17,2017-02-10,P Sara Oval,1,21.1,India,Ireland,DB Sharma,MDT Kamini,KJ Garth,0,0,,,,,,,,,
1073411,2016/17,2017-02-10,P Sara Oval,1,21.2,India,Ireland,DB Sharma,MDT Kamini,KJ Garth,4,0,,,,,,,,,
1073411,2016/17,2017-02-10,P Sara Oval,1,21.3,India,Ireland,DB Sharma,MDT Kamini,KJ Garth,0,0,,,,,,,,,
1073411,2016/17,2017-02-10,P Sara Oval,1,21.4,India,Ireland,DB Sharma,MDT Kamini,KJ Garth,0,0,,,,,,,,,
1073411,2016/17,2017-02-10,P Sara Oval,1,21.5,India,Ireland,DB Sharma,MDT Kamini,KJ Garth,0,0,,,,,,,,,
1073411,2016/17,2017-02-10,P Sara Oval,1,21.6,India,Ireland,DB Sharma,MDT Kamini,KJ Garth,1,0,,,,,,,,,
1073411,2016/17,2017-02-10,P Sara Oval,1,22.1,India,Ireland,DB Sharma,MDT Kamini,LN McCarthy,4,0,,,,,,,,,
1073411,2016/17,2017-02-10,P Sara Oval,1,22.2,India,Ireland,DB Sharma,MDT Kamini,LN McCarthy,0,0,,,,,,,,,
1073411,2016/17,2017-02-10,P Sara Oval,1,22.3,India,Ireland,DB Sharma,MDT Kamini,LN McCarthy,1,0,,,,,,,,,
1073411,2016/17,2017-02-10,P Sara Oval,1,22.4,India,Ireland,MDT Kamini,DB Sharma,LN McCarthy,0,0,,,,,,,,,
1073411,2016/17,2017-02-10,P Sara Oval,1,22.5,India,Ireland,MDT Kamini,DB Sharma,LN McCarthy,0,0,,,,,,,,,
1073411,2016/17,2017-02-10,P Sara Oval,1,22.6,India,Ireland,MDT Kamini,DB Sharma,LN McCarthy,1,1,,1,,,,,,,
1073411,2016/17,2017-02-10,P Sara Oval,1,22.7,India,Ireland,DB Sharma,MDT Kamini,LN McCarthy,1,0,,,,,,,,,
1073411,2016/17,2017-02-10,P Sara Oval,1,23.1,India,Ireland,DB Sharma,MDT Kamini,KJ Garth,0,0,,,,,,,,,
1073411,2016/17,2017-02-10,P Sara Oval,1,23.2,India,Ireland,DB Sharma,MDT Kamini,KJ Garth,0,0,,,,,,,,,
1073411,2016/17,2017-02-10,P Sara Oval,1,23.3,India,Ireland,DB Sharma,MDT Kamini,KJ Garth,0,0,,,,,,,,,
1073411,2016/17,2017-02-10,P Sara Oval,1,23.4,India,Ireland,DB Sharma,MDT Kamini,KJ Garth,0,0,,,,,,,,,
1073411,2016/17,2017-02-10,P Sara Oval,1,23.5,India,Ireland,DB Sharma,MDT Kamini,KJ Garth,2,0,,,,,,,,,
1073411,2016/17,2017-02-10,P Sara Oval,1,23.6,India,Ireland,DB Sharma,MDT Kamini,KJ Garth,4,0,,,,,,,,,
1073411,2016/17,2017-02-10,P Sara Oval,1,24.1,India,Ireland,MDT Kamini,DB Sharma,GH Lewis,0,0,,,,,,,,,
1073411,2016/17,2017-02-10,P Sara Oval,1,24.2,India,Ireland,MDT Kamini,DB Sharma,GH Lewis,1,0,,,,,,,,,
1073411,2016/17,2017-02-10,P Sara Oval,1,24.3,India,Ireland,DB Sharma,MDT Kamini,GH Lewis,1,0,,,,,,,,,
1073411,2016/17,2017-02-10,P Sara Oval,1,24.4,India,Ireland,MDT Kamini,DB Sharma,GH Lewis,1,0,,,,,,,,,
1073411,2016/17,2017-02-10,P Sara Oval,1,24.5,India,Ireland,DB Sharma,MDT Kamini,GH Lewis,1,0,,,,,,,,,
1073411,2016/17,2017-02-10,P Sara Oval,1,24.6,India,Ireland,MDT Kamini,DB Sharma,GH Lewis,0,0,,,,,,,,,
1073411,2016/17,2017-02-10,P Sara Oval,1,25.1,India,Ireland,DB Sharma,MDT Kamini,KJ Garth,1,0,,,,,,,,,
1073411,2016/17,2017-02-10,P Sara Oval,1,25.2,India,Ireland,MDT Kamini,DB Sharma,KJ Garth,1,0,,,,,,,,,
1073411,2016/17,2017-02-10,P Sara Oval,1,25.3,India,Ireland,DB Sharma,MDT Kamini,KJ Garth,0,0,,,,,,,,,
1073411,2016/17,2017-02-10,P Sara Oval,1,25.4,India,Ireland,DB Sharma,MDT Kamini,KJ Garth,0,0,,,,,,,,,
1073411,2016/17,2017-02-10,P Sara Oval,1,25.5,India,Ireland,DB Sharma,MDT Kamini,KJ Garth,0,0,,,,,,,,,
1073411,2016/17,2017-02-10,P Sara Oval,1,25.6,India,Ireland,DB Sharma,MDT Kamini,KJ Garth,1,0,,,,,,,,,
1073411,2016/17,2017-02-10,P Sara Oval,1,26.1,India,Ireland,DB Sharma,MDT Kamini,GH Lewis,2,0,,,,,,,,,
1073411,2016/17,2017-02-10,P Sara Oval,1,26.2,India,Ireland,DB Sharma,MDT Kamini,GH Lewis,0,0,,,,,,,,,
1073411,2016/17,2017-02-10,P Sara Oval,1,26.3,India,Ireland,DB Sharma,MDT Kamini,GH Lewis,2,0,,,,,,,,,
1073411,2016/17,2017-02-10,P Sara Oval,1,26.4,India,Ireland,DB Sharma,MDT Kamini,GH Lewis,0,0,,,,,,,,,
1073411,2016/17,2017-02-10,P Sara Oval,1,26.5,India,Ireland,DB Sharma,MDT Kamini,GH Lewis,1,0,,,,,,,,,
1073411,2016/17,2017-02-10,P Sara Oval,1,26.6,India,Ireland,MDT Kamini,DB Sharma,GH Lewis,0,0,,,,,,,,,
1073411,2016/17,2017-02-10,P Sara Oval,1,27.1,India,Ireland,DB Sharma,MDT Kamini,CJ Metcalfe,6,0,,,,,,,,,
1073411,2016/17,2017-02-10,P Sara Oval,1,27.2,India,Ireland,DB Sharma,MDT Kamini,CJ Metcalfe,0,0,,,,,,,,,
1073411,2016/17,2017-02-10,P Sara Oval,1,27.3,India,Ireland,DB Sharma,MDT Kamini,CJ Metcalfe,1,0,,,,,,,,,
1073411,2016/17,2017-02-10,P Sara Oval,1,27.4,India,Ireland,MDT Kamini,DB Sharma,CJ Metcalfe,0,0,,,,,,,,,
1073411,2016/17,2017-02-10,P Sara Oval,1,27.5,India,Ireland,MDT Kamini,DB Sharma,CJ Metcalfe,1,0,,,,,,,,,
1073411,2016/17,2017-02-10,P Sara Oval,1,27.6,India,Ireland,DB Sharma,MDT Kamini,CJ Metcalfe,1,0,,,,,,,,,
1073411,2016/17,2017-02-10,P Sara Oval,1,28.1,India,Ireland,DB Sharma,MDT Kamini,GH Lewis,0,0,,,,,,,,,
1073411,2016/17,2017-02-10,P Sara Oval,1,28.2,India,Ireland,DB Sharma,MDT Kamini,GH Lewis,1,0,,,,,,,,,
1073411,2016/17,2017-02-10,P Sara Oval,1,28.3,India,Ireland,MDT Kamini,DB Sharma,GH Lewis,0,0,,,,,,,,,
1073411,2016/17,2017-02-10,P Sara Oval,1,28.4,India,Ireland,MDT Kamini,DB Sharma,GH Lewis,0,0,,,,,,,,,
1073411,2016/17,2017-02-10,P Sara Oval,1,28.5,India,Ireland,MDT Kamini,DB Sharma,GH Lewis,4,0,,,,,,,,,
1073411,2016/17,2017-02-10,P Sara Oval,1,28.6,India,Ireland,MDT Kamini,DB Sharma,GH Lewis,0,0,,,,,,,,,
1073411,2016/17,2017-02-10,P Sara Oval,1,29.1,India,Ireland,DB Sharma,MDT Kamini,CJ Metcalfe,1,0,,,,,,,,,
1073411,2016/17,2017-02-10,P Sara Oval,1,29.2,India,Ireland,MDT Kamini,DB Sharma,CJ Metcalfe,0,0,,,,,,,,,
1073411,2016/17,2017-02-10,P Sara Oval,1,29.3,India,Ireland,MDT Kamini,DB Sharma,CJ Metcalfe,1,0,,,,,,,,,
1073411,2016/17,2017-02-10,P Sara Oval,1,29.4,India,Ireland,DB Sharma,MDT Kamini,CJ Metcalfe,0,0,,,,,,,,,
1073411,2016/17,2017-02-10,P Sara Oval,1,29.5,India,Ireland,DB Sharma,MDT Kamini,CJ Metcalfe,4,0,,,,,,,,,
1073411,2016/17,2017-02-10,P Sara Oval,1,29.6,India,Ireland,DB Sharma,MDT Kamini,CJ Metcalfe,1,0,,,,,,,,,
1073411,2016/17,2017-02-10,P Sara Oval,1,30.1,India,Ireland,DB Sharma,MDT Kamini,GH Lewis,1,0,,,,,,,,,
1073411,2016/17,2017-02-10,P Sara Oval,1,30.2,India,Ireland,MDT Kamini,DB Sharma,GH Lewis,0,0,,,,,,,,,
1073411,2016/17,2017-02-10,P Sara Oval,1,30.3,India,Ireland,MDT Kamini,DB Sharma,GH Lewis,1,0,,,,,,,,,
1073411,2016/17,2017-02-10,P Sara Oval,1,30.4,India,Ireland,DB Sharma,MDT Kamini,GH Lewis,0,0,,,,,,,,,
1073411,2016/17,2017-02-10,P Sara Oval,1,30.5,India,Ireland,DB Sharma,MDT Kamini,GH Lewis,1,0,,,,,,,,,
1073411,2016/17,2017-02-10,P Sara Oval,1,30.6,India,Ireland,MDT Kamini,DB Sharma,GH Lewis,0,0,,,,,,,,,
1073411,2016/17,2017-02-10,P Sara Oval,1,31.1,India,Ireland,DB Sharma,MDT Kamini,CJ Metcalfe,0,0,,,,,,,,,
1073411,2016/17,2017-02-10,P Sara Oval,1,31.2,India,Ireland,DB Sharma,MDT Kamini,CJ Metcalfe,1,0,,,,,,,,,
1073411,2016/17,2017-02-10,P Sara Oval,1,31.3,India,Ireland,MDT Kamini,DB Sharma,CJ Metcalfe,0,0,,,,,,,,,
1073411,2016/17,2017-02-10,P Sara Oval,1,31.4,India,Ireland,MDT Kamini,DB Sharma,CJ Metcalfe,0,0,,,,,,,,,
1073411,2016/17,2017-02-10,P Sara Oval,1,31.5,India,Ireland,MDT Kamini,DB Sharma,CJ Metcalfe,1,0,,,,,,,,,
1073411,2016/17,2017-02-10,P Sara Oval,1,31.6,India,Ireland,DB Sharma,MDT Kamini,CJ Metcalfe,0,0,,,,,,,,,
1073411,2016/17,2017-02-10,P Sara Oval,1,32.1,India,Ireland,MDT Kamini,DB Sharma,GH Lewis,0,0,,,,,,,,,
1073411,2016/17,2017-02-10,P Sara Oval,1,32.2,India,Ireland,MDT Kamini,DB Sharma,GH Lewis,1,0,,,,,,,,,
1073411,2016/17,2017-02-10,P Sara Oval,1,32.3,India,Ireland,DB Sharma,MDT Kamini,GH Lewis,1,0,,,,,,,,,
1073411,2016/17,2017-02-10,P Sara Oval,1,32.4,India,Ireland,MDT Kamini,DB Sharma,GH Lewis,0,0,,,,,,,,,
1073411,2016/17,2017-02-10,P Sara Oval,1,32.5,India,Ireland,MDT Kamini,DB Sharma,GH Lewis,6,0,,,,,,,,,
1073411,2016/17,2017-02-10,P Sara Oval,1,32.6,India,Ireland,MDT Kamini,DB Sharma,GH Lewis,0,0,,,,,,,,,
1073411,2016/17,2017-02-10,P Sara Oval,1,33.1,India,Ireland,DB Sharma,MDT Kamini,CJ Metcalfe,4,0,,,,,,,,,
1073411,2016/17,2017-02-10,P Sara Oval,1,33.2,India,Ireland,DB Sharma,MDT Kamini,CJ Metcalfe,0,0,,,,,,,,,
1073411,2016/17,2017-02-10,P Sara Oval,1,33.3,India,Ireland,DB Sharma,MDT Kamini,CJ Metcalfe,4,0,,,,,,,,,
1073411,2016/17,2017-02-10,P Sara Oval,1,33.4,India,Ireland,DB Sharma,MDT Kamini,CJ Metcalfe,0,0,,,,,,,,,
1073411,2016/17,2017-02-10,P Sara Oval,1,33.5,India,Ireland,DB Sharma,MDT Kamini,CJ Metcalfe,0,0,,,,,,,,,
1073411,2016/17,2017-02-10,P Sara Oval,1,33.6,India,Ireland,DB Sharma,MDT Kamini,CJ Metcalfe,4,0,,,,,,,,,
1073411,2016/17,2017-02-10,P Sara Oval,1,34.1,India,Ireland,MDT Kamini,DB Sharma,GH Lewis,0,0,,,,,,,,,
1073411,2016/17,2017-02-10,P Sara Oval,1,34.2,India,Ireland,MDT Kamini,DB Sharma,GH Lewis,2,0,,,,,,,,,
1073411,2016/17,2017-02-10,P Sara Oval,1,34.3,India,Ireland,MDT Kamini,DB Sharma,GH Lewis,0,0,,,,,,,,,
1073411,2016/17,2017-02-10,P Sara Oval,1,34.4,India,Ireland,MDT Kamini,DB Sharma,GH Lewis,1,0,,,,,,,,,
1073411,2016/17,2017-02-10,P Sara Oval,1,34.5,India,Ireland,DB Sharma,MDT Kamini,GH Lewis,1,0,,,,,,,,,
1073411,2016/17,2017-02-10,P Sara Oval,1,34.6,India,Ireland,MDT Kamini,DB Sharma,GH Lewis,0,0,,,,,,,,,
1073411,2016/17,2017-02-10,P Sara Oval,1,35.1,India,Ireland,DB Sharma,MDT Kamini,KJ Garth,1,1,,1,,,,,,,
1073411,2016/17,2017-02-10,P Sara Oval,1,35.2,India,Ireland,MDT Kamini,DB Sharma,KJ Garth,0,0,,,,,,,,,
1073411,2016/17,2017-02-10,P Sara Oval,1,35.3,India,Ireland,MDT Kamini,DB Sharma,KJ Garth,0,0,,,,,,,,,
1073411,2016/17,2017-02-10,P Sara Oval,1,35.4,India,Ireland,MDT Kamini,DB Sharma,KJ Garth,0,0,,,,,,,,,
1073411,2016/17,2017-02-10,P Sara Oval,1,35.5,India,Ireland,MDT Kamini,DB Sharma,KJ Garth,0,0,,,,,,,,,
1073411,2016/17,2017-02-10,P Sara Oval,1,35.6,India,Ireland,MDT Kamini,DB Sharma,KJ Garth,1,0,,,,,,,,,
1073411,2016/17,2017-02-10,P Sara Oval,1,35.7,India,Ireland,DB Sharma,MDT Kamini,KJ Garth,0,0,,,,,,,,,
1073411,2016/17,2017-02-10,P Sara Oval,1,36.1,India,Ireland,MDT Kamini,DB Sharma,GH Lewis,1,0,,,,,,,,,
1073411,2016/17,2017-02-10,P Sara Oval,1,36.2,India,Ireland,DB Sharma,MDT Kamini,GH Lewis,0,0,,,,,,,,,
1073411,2016/17,2017-02-10,P Sara Oval,1,36.3,India,Ireland,DB Sharma,MDT Kamini,GH Lewis,0,0,,,,,,,,,
1073411,2016/17,2017-02-10,P Sara Oval,1,36.4,India,Ireland,DB Sharma,MDT Kamini,GH Lewis,1,0,,,,,,,,,
1073411,2016/17,2017-02-10,P Sara Oval,1,36.5,India,Ireland,MDT Kamini,DB Sharma,GH Lewis,0,0,,,,,,,,,
1073411,2016/17,2017-02-10,P Sara Oval,1,36.6,India,Ireland,MDT Kamini,DB Sharma,GH Lewis,1,0,,,,,,,,,
1073411,2016/17,2017-02-10,P Sara Oval,1,37.1,India,Ireland,MDT Kamini,DB Sharma,KJ Garth,0,0,,,,,,,,,
1073411,2016/17,2017-02-10,P Sara Oval,1,37.2,India,Ireland,MDT Kamini,DB Sharma,KJ Garth,4,0,,,,,,,,,
1073411,2016/17,2017-02-10,P Sara Oval,1,37.3,India,Ireland,MDT Kamini,DB Sharma,KJ Garth,1,0,,,,,,,,,
1073411,2016/17,2017-02-10,P Sara Oval,1,37.4,India,Ireland,DB Sharma,MDT Kamini,KJ Garth,0,0,,,,,,,,,
1073411,2016/17,2017-02-10,P Sara Oval,1,37.5,India,Ireland,DB Sharma,MDT Kamini,KJ Garth,1,0,,,,,,,,,
1073411,2016/17,2017-02-10,P Sara Oval,1,37.6,India,Ireland,MDT Kamini,DB Sharma,KJ Garth,1,0,,,,,,,,,
1073411,2016/17,2017-02-10,P Sara Oval,1,38.1,India,Ireland,MDT Kamini,DB Sharma,GH Lewis,0,0,,,,,,,,,
1073411,2016/17,2017-02-10,P Sara Oval,1,38.2,India,Ireland,MDT Kamini,DB Sharma,GH Lewis,1,0,,,,,,,,,
1073411,2016/17,2017-02-10,P Sara Oval,1,38.3,India,Ireland,DB Sharma,MDT Kamini,GH Lewis,0,0,,,,,,,,,
1073411,2016/17,2017-02-10,P Sara Oval,1,38.4,India,Ireland,DB Sharma,MDT Kamini,GH Lewis,1,0,,,,,,,,,
1073411,2016/17,2017-02-10,P Sara Oval,1,38.5,India,Ireland,MDT Kamini,DB Sharma,GH Lewis,0,0,,,,,,,,,
1073411,2016/17,2017-02-10,P Sara Oval,1,38.6,India,Ireland,MDT Kamini,DB Sharma,GH Lewis,0,0,,,,,,,,,
1073411,2016/17,2017-02-10,P Sara Oval,1,39.1,India,Ireland,DB Sharma,MDT Kamini,KJ Garth,0,0,,,,,,caught,DB Sharma,,
1073411,2016/17,2017-02-10,P Sara Oval,1,39.2,India,Ireland,V Krishnamurthy,MDT Kamini,KJ Garth,1,0,,,,,,,,,
1073411,2016/17,2017-02-10,P Sara Oval,1,39.3,India,Ireland,MDT Kamini,V Krishnamurthy,KJ Garth,0,0,,,,,,,,,
1073411,2016/17,2017-02-10,P Sara Oval,1,39.4,India,Ireland,MDT Kamini,V Krishnamurthy,KJ Garth,0,0,,,,,,,,,
1073411,2016/17,2017-02-10,P Sara Oval,1,39.5,India,Ireland,MDT Kamini,V Krishnamurthy,KJ Garth,0,0,,,,,,,,,
1073411,2016/17,2017-02-10,P Sara Oval,1,39.6,India,Ireland,MDT Kamini,V Krishnamurthy,KJ Garth,6,0,,,,,,,,,
1073411,2016/17,2017-02-10,P Sara Oval,1,40.1,India,Ireland,V Krishnamurthy,MDT Kamini,GH Lewis,0,0,,,,,,,,,
1073411,2016/17,2017-02-10,P Sara Oval,1,40.2,India,Ireland,V Krishnamurthy,MDT Kamini,GH Lewis,1,0,,,,,,,,,
1073411,2016/17,2017-02-10,P Sara Oval,1,40.3,India,Ireland,MDT Kamini,V Krishnamurthy,GH Lewis,0,0,,,,,,,,,
1073411,2016/17,2017-02-10,P Sara Oval,1,40.4,India,Ireland,MDT Kamini,V Krishnamurthy,GH Lewis,1,0,,,,,,,,,
1073411,2016/17,2017-02-10,P Sara Oval,1,40.5,India,Ireland,V Krishnamurthy,MDT Kamini,GH Lewis,0,0,,,,,,,,,
1073411,2016/17,2017-02-10,P Sara Oval,1,40.6,India,Ireland,V Krishnamurthy,MDT Kamini,GH Lewis,2,0,,,,,,,,,
1073411,2016/17,2017-02-10,P Sara Oval,1,41.1,India,Ireland,MDT Kamini,V Krishnamurthy,CJ Metcalfe,2,0,,,,,,,,,
1073411,2016/17,2017-02-10,P Sara Oval,1,41.2,India,Ireland,MDT Kamini,V Krishnamurthy,CJ Metcalfe,6,0,,,,,,,,,
1073411,2016/17,2017-02-10,P Sara Oval,1,41.3,India,Ireland,MDT Kamini,V Krishnamurthy,CJ Metcalfe,0,0,,,,,,,,,
1073411,2016/17,2017-02-10,P Sara Oval,1,41.4,India,Ireland,MDT Kamini,V Krishnamurthy,CJ Metcalfe,1,0,,,,,,,,,
1073411,2016/17,2017-02-10,P Sara Oval,1,41.5,India,Ireland,V Krishnamurthy,MDT Kamini,CJ Metcalfe,1,0,,,,,,,,,
1073411,2016/17,2017-02-10,P Sara Oval,1,41.6,India,Ireland,MDT Kamini,V Krishnamurthy,CJ Metcalfe,6,0,,,,,,,,,
1073411,2016/17,2017-02-10,P Sara Oval,1,42.1,India,Ireland,V Krishnamurthy,MDT Kamini,GH Lewis,1,0,,,,,,,,,
1073411,2016/17,2017-02-10,P Sara Oval,1,42.2,India,Ireland,MDT Kamini,V Krishnamurthy,GH Lewis,1,0,,,,,,,,,
1073411,2016/17,2017-02-10,P Sara Oval,1,42.3,India,Ireland,V Krishnamurthy,MDT Kamini,GH Lewis,1,0,,,,,,,,,
1073411,2016/17,2017-02-10,P Sara Oval,1,42.4,India,Ireland,MDT Kamini,V Krishnamurthy,GH Lewis,4,0,,,,,,,,,
1073411,2016/17,2017-02-10,P Sara Oval,1,42.5,India,Ireland,MDT Kamini,V Krishnamurthy,GH Lewis,0,0,,,,,,,,,
1073411,2016/17,2017-02-10,P Sara Oval,1,42.6,India,Ireland,MDT Kamini,V Krishnamurthy,GH Lewis,0,0,,,,,,,,,
1073411,2016/17,2017-02-10,P Sara Oval,1,43.1,India,Ireland,V Krishnamurthy,MDT Kamini,IMHC Joyce,4,0,,,,,,,,,
1073411,2016/17,2017-02-10,P Sara Oval,1,43.2,India,Ireland,V Krishnamurthy,MDT Kamini,IMHC Joyce,0,0,,,,,,caught,V Krishnamurthy,,
1073411,2016/17,2017-02-10,P Sara Oval,1,43.3,India,Ireland,MDT Kamini,H Kaur,IMHC Joyce,0,0,,,,,,,,,
1073411,2016/17,2017-02-10,P Sara Oval,1,43.4,India,Ireland,MDT Kamini,H Kaur,IMHC Joyce,1,0,,,,,,,,,
1073411,2016/17,2017-02-10,P Sara Oval,1,43.5,India,Ireland,H Kaur,MDT Kamini,IMHC Joyce,0,0,,,,,,,,,
1073411,2016/17,2017-02-10,P Sara Oval,1,43.6,India,Ireland,H Kaur,MDT Kamini,IMHC Joyce,1,0,,,,,,,,,
1073411,2016/17,2017-02-10,P Sara Oval,1,44.1,India,Ireland,H Kaur,MDT Kamini,LN McCarthy,0,0,,,,,,,,,
1073411,2016/17,2017-02-10,P Sara Oval,1,44.2,India,Ireland,H Kaur,MDT Kamini,LN McCarthy,1,0,,,,,,,,,
1073411,2016/17,2017-02-10,P Sara Oval,1,44.3,India,Ireland,MDT Kamini,H Kaur,LN McCarthy,0,0,,,,,,,,,
1073411,2016/17,2017-02-10,P Sara Oval,1,44.4,India,Ireland,MDT Kamini,H Kaur,LN McCarthy,0,0,,,,,,,,,
1073411,2016/17,2017-02-10,P Sara Oval,1,44.5,India,Ireland,MDT Kamini,H Kaur,LN McCarthy,1,0,,,,,,,,,
1073411,2016/17,2017-02-10,P Sara Oval,1,44.6,India,Ireland,H Kaur,MDT Kamini,LN McCarthy,1,0,,,,,,,,,
1073411,2016/17,2017-02-10,P Sara Oval,1,45.1,India,Ireland,H Kaur,MDT Kamini,IMHC Joyce,1,0,,,,,,,,,
1073411,2016/17,2017-02-10,P Sara Oval,1,45.2,India,Ireland,MDT Kamini,H Kaur,IMHC Joyce,0,0,,,,,,,,,
1073411,2016/17,2017-02-10,P Sara Oval,1,45.3,India,Ireland,MDT Kamini,H Kaur,IMHC Joyce,1,0,,,,,,,,,
1073411,2016/17,2017-02-10,P Sara Oval,1,45.4,India,Ireland,H Kaur,MDT Kamini,IMHC Joyce,1,0,,,,,,,,,
1073411,2016/17,2017-02-10,P Sara Oval,1,45.5,India,Ireland,MDT Kamini,H Kaur,IMHC Joyce,2,0,,,,,,,,,
1073411,2016/17,2017-02-10,P Sara Oval,1,45.6,India,Ireland,MDT Kamini,H Kaur,IMHC Joyce,1,0,,,,,,,,,
1073411,2016/17,2017-02-10,P Sara Oval,1,46.1,India,Ireland,MDT Kamini,H Kaur,LN McCarthy,4,0,,,,,,,,,
1073411,2016/17,2017-02-10,P Sara Oval,1,46.2,India,Ireland,MDT Kamini,H Kaur,LN McCarthy,0,1,,,,1,,,,,
1073411,2016/17,2017-02-10,P Sara Oval,1,46.3,India,Ireland,H Kaur,MDT Kamini,LN McCarthy,0,1,1,,,,,,,,
1073411,2016/17,2017-02-10,P Sara Oval,1,46.4,India,Ireland,H Kaur,MDT Kamini,LN McCarthy,1,0,,,,,,,,,
1073411,2016/17,2017-02-10,P Sara Oval,1,46.5,India,Ireland,MDT Kamini,H Kaur,LN McCarthy,0,0,,,,,,,,,
1073411,2016/17,2017-02-10,P Sara Oval,1,46.6,India,Ireland,MDT Kamini,H Kaur,LN McCarthy,1,0,,,,,,,,,
1073411,2016/17,2017-02-10,P Sara Oval,1,46.7,India,Ireland,H Kaur,MDT Kamini,LN McCarthy,4,0,,,,,,,,,
1073411,2016/17,2017-02-10,P Sara Oval,1,47.1,India,Ireland,MDT Kamini,H Kaur,IMHC Joyce,1,0,,,,,,,,,
1073411,2016/17,2017-02-10,P Sara Oval,1,47.2,India,Ireland,H Kaur,MDT Kamini,IMHC Joyce,1,0,,,,,,,,,
1073411,2016/17,2017-02-10,P Sara Oval,1,47.3,India,Ireland,MDT Kamini,H Kaur,IMHC Joyce,0,0,,,,,,,,,
1073411,2016/17,2017-02-10,P Sara Oval,1,47.4,India,Ireland,MDT Kamini,H Kaur,IMHC Joyce,0,0,,,,,,,,,
1073411,2016/17,2017-02-10,P Sara Oval,1,47.5,India,Ireland,MDT Kamini,H Kaur,IMHC Joyce,1,0,,,,,,,,,
1073411,2016/17,2017-02-10,P Sara Oval,1,47.6,India,Ireland,H Kaur,MDT Kamini,IMHC Joyce,1,0,,,,,,,,,
1073411,2016/17,2017-02-10,P Sara Oval,1,48.1,India,Ireland,H Kaur,MDT Kamini,LN McCarthy,1,0,,,,,,,,,
1073411,2016/17,2017-02-10,P Sara Oval,1,48.2,India,Ireland,MDT Kamini,H Kaur,LN McCarthy,1,0,,,,,,,,,
1073411,2016/17,2017-02-10,P Sara Oval,1,48.3,India,Ireland,H Kaur,MDT Kamini,LN McCarthy,0,0,,,,,,,,,
1073411,2016/17,2017-02-10,P Sara Oval,1,48.4,India,Ireland,H Kaur,MDT Kamini,LN McCarthy,4,0,,,,,,,,,
1073411,2016/17,2017-02-10,P Sara Oval,1,48.5,India,Ireland,H Kaur,MDT Kamini,LN McCarthy,0,0,,,,,,,,,
1073411,2016/17,2017-02-10,P Sara Oval,1,48.6,India,Ireland,H Kaur,MDT Kamini,LN McCarthy,1,0,,,,,,,,,
1073411,2016/17,2017-02-10,P Sara Oval,1,49.1,India,Ireland,H Kaur,MDT Kamini,IMHC Joyce,1,0,,,,,,,,,
1073411,2016/17,2017-02-10,P Sara Oval,1,49.2,India,Ireland,MDT Kamini,H Kaur,IMHC Joyce,0,0,,,,,,,,,
1073411,2016/17,2017-02-10,P Sara Oval,1,49.3,India,Ireland,MDT Kamini,H Kaur,IMHC Joyce,1,0,,,,,,,,,
1073411,2016/17,2017-02-10,P Sara Oval,1,49.4,India,Ireland,H Kaur,MDT Kamini,IMHC Joyce,1,0,,,,,,,,,
1073411,2016/17,2017-02-10,P Sara Oval,1,49.5,India,Ireland,MDT Kamini,H Kaur,IMHC Joyce,0,0,,,,,,,,,
1073411,2016/17,2017-02-10,P Sara Oval,1,49.6,India,Ireland,MDT Kamini,H Kaur,IMHC Joyce,1,0,,,,,,,,,
1073411,2016/17,2017-02-10,P Sara Oval,2,0.1,Ireland,India,SM Kavanagh,CNIM Joyce,S Pandey,0,0,,,,,,lbw,SM Kavanagh,,
1073411,2016/17,2017-02-10,P Sara Oval,2,0.2,Ireland,India,KJ Garth,CNIM Joyce,S Pandey,0,0,,,,,,,,,
1073411,2016/17,2017-02-10,P Sara Oval,2,0.3,Ireland,India,KJ Garth,CNIM Joyce,S Pandey,0,0,,,,,,,,,
1073411,2016/17,2017-02-10,P Sara Oval,2,0.4,Ireland,India,KJ Garth,CNIM Joyce,S Pandey,0,0,,,,,,,,,
1073411,2016/17,2017-02-10,P Sara Oval,2,0.5,Ireland,India,KJ Garth,CNIM Joyce,S Pandey,0,0,,,,,,,,,
1073411,2016/17,2017-02-10,P Sara Oval,2,0.6,Ireland,India,KJ Garth,CNIM Joyce,S Pandey,1,0,,,,,,,,,
1073411,2016/17,2017-02-10,P Sara Oval,2,1.1,Ireland,India,KJ Garth,CNIM Joyce,M Joshi,1,0,,,,,,,,,
1073411,2016/17,2017-02-10,P Sara Oval,2,1.2,Ireland,India,CNIM Joyce,KJ Garth,M Joshi,0,0,,,,,,,,,
1073411,2016/17,2017-02-10,P Sara Oval,2,1.3,Ireland,India,CNIM Joyce,KJ Garth,M Joshi,0,0,,,,,,,,,
1073411,2016/17,2017-02-10,P Sara Oval,2,1.4,Ireland,India,CNIM Joyce,KJ Garth,M Joshi,0,0,,,,,,,,,
1073411,2016/17,2017-02-10,P Sara Oval,2,1.5,Ireland,India,CNIM Joyce,KJ Garth,M Joshi,0,0,,,,,,,,,
1073411,2016/17,2017-02-10,P Sara Oval,2,1.6,Ireland,India,CNIM Joyce,KJ Garth,M Joshi,2,0,,,,,,,,,
1073411,2016/17,2017-02-10,P Sara Oval,2,2.1,Ireland,India,KJ Garth,CNIM Joyce,S Pandey,0,0,,,,,,bowled,KJ Garth,,
1073411,2016/17,2017-02-10,P Sara Oval,2,2.2,Ireland,India,L Delany,CNIM Joyce,S Pandey,0,0,,,,,,,,,
1073411,2016/17,2017-02-10,P Sara Oval,2,2.3,Ireland,India,L Delany,CNIM Joyce,S Pandey,0,0,,,,,,,,,
1073411,2016/17,2017-02-10,P Sara Oval,2,2.4,Ireland,India,L Delany,CNIM Joyce,S Pandey,0,0,,,,,,,,,
1073411,2016/17,2017-02-10,P Sara Oval,2,2.5,Ireland,India,L Delany,CNIM Joyce,S Pandey,0,0,,,,,,,,,
1073411,2016/17,2017-02-10,P Sara Oval,2,2.6,Ireland,India,L Delany,CNIM Joyce,S Pandey,0,0,,,,,,,,,
1073411,2016/17,2017-02-10,P Sara Oval,2,3.1,Ireland,India,CNIM Joyce,L Delany,M Joshi,2,0,,,,,,,,,
1073411,2016/17,2017-02-10,P Sara Oval,2,3.2,Ireland,India,CNIM Joyce,L Delany,M Joshi,0,0,,,,,,,,,
1073411,2016/17,2017-02-10,P Sara Oval,2,3.3,Ireland,India,CNIM Joyce,L Delany,M Joshi,0,0,,,,,,,,,
1073411,2016/17,2017-02-10,P Sara Oval,2,3.4,Ireland,India,CNIM Joyce,L Delany,M Joshi,0,0,,,,,,,,,
1073411,2016/17,2017-02-10,P Sara Oval,2,3.5,Ireland,India,CNIM Joyce,L Delany,M Joshi,0,0,,,,,,,,,
1073411,2016/17,2017-02-10,P Sara Oval,2,3.6,Ireland,India,CNIM Joyce,L Delany,M Joshi,0,0,,,,,,,,,
1073411,2016/17,2017-02-10,P Sara Oval,2,4.1,Ireland,India,L Delany,CNIM Joyce,S Pandey,0,0,,,,,,,,,
1073411,2016/17,2017-02-10,P Sara Oval,2,4.2,Ireland,India,L Delany,CNIM Joyce,S Pandey,0,0,,,,,,,,,
1073411,2016/17,2017-02-10,P Sara Oval,2,4.3,Ireland,India,L Delany,CNIM Joyce,S Pandey,0,0,,,,,,,,,
1073411,2016/17,2017-02-10,P Sara Oval,2,4.4,Ireland,India,L Delany,CNIM Joyce,S Pandey,0,0,,,,,,,,,
1073411,2016/17,2017-02-10,P Sara Oval,2,4.5,Ireland,India,L Delany,CNIM Joyce,S Pandey,0,0,,,,,,,,,
1073411,2016/17,2017-02-10,P Sara Oval,2,4.6,Ireland,India,L Delany,CNIM Joyce,S Pandey,1,0,,,,,,,,,
1073411,2016/17,2017-02-10,P Sara Oval,2,5.1,Ireland,India,L Delany,CNIM Joyce,M Joshi,0,0,,,,,,,,,
1073411,2016/17,2017-02-10,P Sara Oval,2,5.2,Ireland,India,L Delany,CNIM Joyce,M Joshi,0,0,,,,,,,,,
1073411,2016/17,2017-02-10,P Sara Oval,2,5.3,Ireland,India,L Delany,CNIM Joyce,M Joshi,0,0,,,,,,,,,
1073411,2016/17,2017-02-10,P Sara Oval,2,5.4,Ireland,India,L Delany,CNIM Joyce,M Joshi,0,0,,,,,,,,,
1073411,2016/17,2017-02-10,P Sara Oval,2,5.5,Ireland,India,L Delany,CNIM Joyce,M Joshi,4,0,,,,,,,,,
1073411,2016/17,2017-02-10,P Sara Oval,2,5.6,Ireland,India,L Delany,CNIM Joyce,M Joshi,0,0,,,,,,,,,
1073411,2016/17,2017-02-10,P Sara Oval,2,6.1,Ireland,India,CNIM Joyce,L Delany,S Pandey,0,0,,,,,,,,,
1073411,2016/17,2017-02-10,P Sara Oval,2,6.2,Ireland,India,CNIM Joyce,L Delany,S Pandey,0,0,,,,,,,,,
1073411,2016/17,2017-02-10,P Sara Oval,2,6.3,Ireland,India,CNIM Joyce,L Delany,S Pandey,0,0,,,,,,,,,
1073411,2016/17,2017-02-10,P Sara Oval,2,6.4,Ireland,India,CNIM Joyce,L Delany,S Pandey,0,0,,,,,,,,,
1073411,2016/17,2017-02-10,P Sara Oval,2,6.5,Ireland,India,CNIM Joyce,L Delany,S Pandey,0,0,,,,,,,,,
1073411,2016/17,2017-02-10,P Sara Oval,2,6.6,Ireland,India,CNIM Joyce,L Delany,S Pandey,0,0,,,,,,,,,
1073411,2016/17,2017-02-10,P Sara Oval,2,7.1,Ireland,India,L Delany,CNIM Joyce,M Joshi,4,0,,,,,,,,,
1073411,2016/17,2017-02-10,P Sara Oval,2,7.2,Ireland,India,L Delany,CNIM Joyce,M Joshi,0,0,,,,,,,,,
1073411,2016/17,2017-02-10,P Sara Oval,2,7.3,Ireland,India,L Delany,CNIM Joyce,M Joshi,0,0,,,,,,,,,
1073411,2016/17,2017-02-10,P Sara Oval,2,7.4,Ireland,India,L Delany,CNIM Joyce,M Joshi,0,0,,,,,,,,,
1073411,2016/17,2017-02-10,P Sara Oval,2,7.5,Ireland,India,L Delany,CNIM Joyce,M Joshi,0,0,,,,,,,,,
1073411,2016/17,2017-02-10,P Sara Oval,2,7.6,Ireland,India,L Delany,CNIM Joyce,M Joshi,0,0,,,,,,,,,
1073411,2016/17,2017-02-10,P Sara Oval,2,8.1,Ireland,India,CNIM Joyce,L Delany,S Pandey,0,0,,,,,,,,,
1073411,2016/17,2017-02-10,P Sara Oval,2,8.2,Ireland,India,CNIM Joyce,L Delany,S Pandey,0,0,,,,,,,,,
1073411,2016/17,2017-02-10,P Sara Oval,2,8.3,Ireland,India,CNIM Joyce,L Delany,S Pandey,0,0,,,,,,,,,
1073411,2016/17,2017-02-10,P Sara Oval,2,8.4,Ireland,India,CNIM Joyce,L Delany,S Pandey,0,0,,,,,,,,,
1073411,2016/17,2017-02-10,P Sara Oval,2,8.5,Ireland,India,CNIM Joyce,L Delany,S Pandey,0,0,,,,,,,,,
1073411,2016/17,2017-02-10,P Sara Oval,2,8.6,Ireland,India,CNIM Joyce,L Delany,S Pandey,0,0,,,,,,,,,
1073411,2016/17,2017-02-10,P Sara Oval,2,9.1,Ireland,India,L Delany,CNIM Joyce,E Bisht,0,0,,,,,,,,,
1073411,2016/17,2017-02-10,P Sara Oval,2,9.2,Ireland,India,L Delany,CNIM Joyce,E Bisht,0,0,,,,,,,,,
1073411,2016/17,2017-02-10,P Sara Oval,2,9.3,Ireland,India,L Delany,CNIM Joyce,E Bisht,0,0,,,,,,,,,
1073411,2016/17,2017-02-10,P Sara Oval,2,9.4,Ireland,India,L Delany,CNIM Joyce,E Bisht,0,0,,,,,,,,,
1073411,2016/17,2017-02-10,P Sara Oval,2,9.5,Ireland,India,L Delany,CNIM Joyce,E Bisht,0,0,,,,,,,,,
1073411,2016/17,2017-02-10,P Sara Oval,2,9.6,Ireland,India,L Delany,CNIM Joyce,E Bisht,0,0,,,,,,,,,
1073411,2016/17,2017-02-10,P Sara Oval,2,10.1,Ireland,India,CNIM Joyce,L Delany,DB Sharma,0,0,,,,,,,,,
1073411,2016/17,2017-02-10,P Sara Oval,2,10.2,Ireland,India,CNIM Joyce,L Delany,DB Sharma,0,0,,,,,,,,,
1073411,2016/17,2017-02-10,P Sara Oval,2,10.3,Ireland,India,CNIM Joyce,L Delany,DB Sharma,0,0,,,,,,,,,
1073411,2016/17,2017-02-10,P Sara Oval,2,10.4,Ireland,India,CNIM Joyce,L Delany,DB Sharma,0,0,,,,,,,,,
1073411,2016/17,2017-02-10,P Sara Oval,2,10.5,Ireland,India,CNIM Joyce,L Delany,DB Sharma,0,0,,,,,,,,,
1073411,2016/17,2017-02-10,P Sara Oval,2,10.6,Ireland,India,CNIM Joyce,L Delany,DB Sharma,0,0,,,,,,,,,
1073411,2016/17,2017-02-10,P Sara Oval,2,11.1,Ireland,India,L Delany,CNIM Joyce,E Bisht,0,0,,,,,,,,,
1073411,2016/17,2017-02-10,P Sara Oval,2,11.2,Ireland,India,L Delany,CNIM Joyce,E Bisht,0,0,,,,,,run out,CNIM Joyce,,
1073411,2016/17,2017-02-10,P Sara Oval,2,11.3,Ireland,India,IMHC Joyce,L Delany,E Bisht,0,0,,,,,,,,,
1073411,2016/17,2017-02-10,P Sara Oval,2,11.4,Ireland,India,IMHC Joyce,L Delany,E Bisht,1,0,,,,,,,,,
1073411,2016/17,2017-02-10,P Sara Oval,2,11.5,Ireland,India,L Delany,IMHC Joyce,E Bisht,0,0,,,,,,,,,
1073411,2016/17,2017-02-10,P Sara Oval,2,11.6,Ireland,India,L Delany,IMHC Joyce,E Bisht,2,0,,,,,,,,,
1073411,2016/17,2017-02-10,P Sara Oval,2,12.1,Ireland,India,IMHC Joyce,L Delany,DB Sharma,0,0,,,,,,,,,
1073411,2016/17,2017-02-10,P Sara Oval,2,12.2,Ireland,India,IMHC Joyce,L Delany,DB Sharma,0,0,,,,,,,,,
1073411,2016/17,2017-02-10,P Sara Oval,2,12.3,Ireland,India,IMHC Joyce,L Delany,DB Sharma,0,0,,,,,,,,,
1073411,2016/17,2017-02-10,P Sara Oval,2,12.4,Ireland,India,IMHC Joyce,L Delany,DB Sharma,0,0,,,,,,,,,
1073411,2016/17,2017-02-10,P Sara Oval,2,12.5,Ireland,India,IMHC Joyce,L Delany,DB Sharma,2,0,,,,,,,,,
1073411,2016/17,2017-02-10,P Sara Oval,2,12.6,Ireland,India,IMHC Joyce,L Delany,DB Sharma,2,0,,,,,,,,,
1073411,2016/17,2017-02-10,P Sara Oval,2,13.1,Ireland,India,L Delany,IMHC Joyce,E Bisht,0,0,,,,,,,,,
1073411,2016/17,2017-02-10,P Sara Oval,2,13.2,Ireland,India,L Delany,IMHC Joyce,E Bisht,0,0,,,,,,,,,
1073411,2016/17,2017-02-10,P Sara Oval,2,13.3,Ireland,India,L Delany,IMHC Joyce,E Bisht,0,0,,,,,,,,,
1073411,2016/17,2017-02-10,P Sara Oval,2,13.4,Ireland,India,L Delany,IMHC Joyce,E Bisht,0,0,,,,,,,,,
1073411,2016/17,2017-02-10,P Sara Oval,2,13.5,Ireland,India,L Delany,IMHC Joyce,E Bisht,0,0,,,,,,,,,
1073411,2016/17,2017-02-10,P Sara Oval,2,13.6,Ireland,India,L Delany,IMHC Joyce,E Bisht,0,0,,,,,,,,,
1073411,2016/17,2017-02-10,P Sara Oval,2,14.1,Ireland,India,IMHC Joyce,L Delany,DB Sharma,0,0,,,,,,,,,
1073411,2016/17,2017-02-10,P Sara Oval,2,14.2,Ireland,India,IMHC Joyce,L Delany,DB Sharma,0,0,,,,,,,,,
1073411,2016/17,2017-02-10,P Sara Oval,2,14.3,Ireland,India,IMHC Joyce,L Delany,DB Sharma,0,0,,,,,,,,,
1073411,2016/17,2017-02-10,P Sara Oval,2,14.4,Ireland,India,IMHC Joyce,L Delany,DB Sharma,1,0,,,,,,,,,
1073411,2016/17,2017-02-10,P Sara Oval,2,14.5,Ireland,India,L Delany,IMHC Joyce,DB Sharma,0,0,,,,,,,,,
1073411,2016/17,2017-02-10,P Sara Oval,2,14.6,Ireland,India,L Delany,IMHC Joyce,DB Sharma,0,0,,,,,,,,,
1073411,2016/17,2017-02-10,P Sara Oval,2,15.1,Ireland,India,IMHC Joyce,L Delany,E Bisht,1,0,,,,,,,,,
1073411,2016/17,2017-02-10,P Sara Oval,2,15.2,Ireland,India,L Delany,IMHC Joyce,E Bisht,0,0,,,,,,,,,
1073411,2016/17,2017-02-10,P Sara Oval,2,15.3,Ireland,India,L Delany,IMHC Joyce,E Bisht,0,0,,,,,,,,,
1073411,2016/17,2017-02-10,P Sara Oval,2,15.4,Ireland,India,L Delany,IMHC Joyce,E Bisht,0,0,,,,,,,,,
1073411,2016/17,2017-02-10,P Sara Oval,2,15.5,Ireland,India,L Delany,IMHC Joyce,E Bisht,0,0,,,,,,,,,
1073411,2016/17,2017-02-10,P Sara Oval,2,15.6,Ireland,India,L Delany,IMHC Joyce,E Bisht,2,0,,,,,,,,,
1073411,2016/17,2017-02-10,P Sara Oval,2,16.1,Ireland,India,IMHC Joyce,L Delany,M Joshi,0,0,,,,,,,,,
1073411,2016/17,2017-02-10,P Sara Oval,2,16.2,Ireland,India,IMHC Joyce,L Delany,M Joshi,0,0,,,,,,,,,
1073411,2016/17,2017-02-10,P Sara Oval,2,16.3,Ireland,India,IMHC Joyce,L Delany,M Joshi,0,0,,,,,,,,,
1073411,2016/17,2017-02-10,P Sara Oval,2,16.4,Ireland,India,IMHC Joyce,L Delany,M Joshi,0,0,,,,,,,,,
1073411,2016/17,2017-02-10,P Sara Oval,2,16.5,Ireland,India,IMHC Joyce,L Delany,M Joshi,0,0,,,,,,,,,
1073411,2016/17,2017-02-10,P Sara Oval,2,16.6,Ireland,India,IMHC Joyce,L Delany,M Joshi,0,0,,,,,,,,,
1073411,2016/17,2017-02-10,P Sara Oval,2,17.1,Ireland,India,L Delany,IMHC Joyce,Poonam Yadav,1,0,,,,,,,,,
1073411,2016/17,2017-02-10,P Sara Oval,2,17.2,Ireland,India,IMHC Joyce,L Delany,Poonam Yadav,0,0,,,,,,,,,
1073411,2016/17,2017-02-10,P Sara Oval,2,17.3,Ireland,India,IMHC Joyce,L Delany,Poonam Yadav,0,0,,,,,,,,,
1073411,2016/17,2017-02-10,P Sara Oval,2,17.4,Ireland,India,IMHC Joyce,L Delany,Poonam Yadav,0,0,,,,,,,,,
1073411,2016/17,2017-02-10,P Sara Oval,2,17.5,Ireland,India,IMHC Joyce,L Delany,Poonam Yadav,0,0,,,,,,,,,
1073411,2016/17,2017-02-10,P Sara Oval,2,17.6,Ireland,India,IMHC Joyce,L Delany,Poonam Yadav,0,0,,,,,,,,,
1073411,2016/17,2017-02-10,P Sara Oval,2,18.1,Ireland,India,L Delany,IMHC Joyce,M Joshi,0,0,,,,,,,,,
1073411,2016/17,2017-02-10,P Sara Oval,2,18.2,Ireland,India,L Delany,IMHC Joyce,M Joshi,1,0,,,,,,,,,
1073411,2016/17,2017-02-10,P Sara Oval,2,18.3,Ireland,India,IMHC Joyce,L Delany,M Joshi,0,0,,,,,,,,,
1073411,2016/17,2017-02-10,P Sara Oval,2,18.4,Ireland,India,IMHC Joyce,L Delany,M Joshi,0,0,,,,,,,,,
1073411,2016/17,2017-02-10,P Sara Oval,2,18.5,Ireland,India,IMHC Joyce,L Delany,M Joshi,1,0,,,,,,,,,
1073411,2016/17,2017-02-10,P Sara Oval,2,18.6,Ireland,India,L Delany,IMHC Joyce,M Joshi,1,0,,,,,,,,,
1073411,2016/17,2017-02-10,P Sara Oval,2,19.1,Ireland,India,L Delany,IMHC Joyce,Poonam Yadav,0,0,,,,,,,,,
1073411,2016/17,2017-02-10,P Sara Oval,2,19.2,Ireland,India,L Delany,IMHC Joyce,Poonam Yadav,0,0,,,,,,,,,
1073411,2016/17,2017-02-10,P Sara Oval,2,19.3,Ireland,India,L Delany,IMHC Joyce,Poonam Yadav,0,0,,,,,,,,,
1073411,2016/17,2017-02-10,P Sara Oval,2,19.4,Ireland,India,L Delany,IMHC Joyce,Poonam Yadav,4,0,,,,,,,,,
1073411,2016/17,2017-02-10,P Sara Oval,2,19.5,Ireland,India,L Delany,IMHC Joyce,Poonam Yadav,1,0,,,,,,,,,
1073411,2016/17,2017-02-10,P Sara Oval,2,19.6,Ireland,India,IMHC Joyce,L Delany,Poonam Yadav,0,0,,,,,,,,,
1073411,2016/17,2017-02-10,P Sara Oval,2,20.1,Ireland,India,L Delany,IMHC Joyce,E Bisht,0,0,,,,,,,,,
1073411,2016/17,2017-02-10,P Sara Oval,2,20.2,Ireland,India,L Delany,IMHC Joyce,E Bisht,0,0,,,,,,lbw,L Delany,,
1073411,2016/17,2017-02-10,P Sara Oval,2,20.3,Ireland,India,GH Lewis,IMHC Joyce,E Bisht,0,0,,,,,,,,,
1073411,2016/17,2017-02-10,P Sara Oval,2,20.4,Ireland,India,GH Lewis,IMHC Joyce,E Bisht,0,0,,,,,,,,,
1073411,2016/17,2017-02-10,P Sara Oval,2,20.5,Ireland,India,GH Lewis,IMHC Joyce,E Bisht,0,0,,,,,,,,,
1073411,2016/17,2017-02-10,P Sara Oval,2,20.6,Ireland,India,GH Lewis,IMHC Joyce,E Bisht,0,0,,,,,,,,,
1073411,2016/17,2017-02-10,P Sara Oval,2,21.1,Ireland,India,IMHC Joyce,GH Lewis,Poonam Yadav,4,0,,,,,,,,,
1073411,2016/17,2017-02-10,P Sara Oval,2,21.2,Ireland,India,IMHC Joyce,GH Lewis,Poonam Yadav,4,0,,,,,,,,,
1073411,2016/17,2017-02-10,P Sara Oval,2,21.3,Ireland,India,IMHC Joyce,GH Lewis,Poonam Yadav,0,0,,,,,,,,,
1073411,2016/17,2017-02-10,P Sara Oval,2,21.4,Ireland,India,IMHC Joyce,GH Lewis,Poonam Yadav,0,0,,,,,,,,,
1073411,2016/17,2017-02-10,P Sara Oval,2,21.5,Ireland,India,IMHC Joyce,GH Lewis,Poonam Yadav,0,0,,,,,,,,,
1073411,2016/17,2017-02-10,P Sara Oval,2,21.6,Ireland,India,IMHC Joyce,GH Lewis,Poonam Yadav,0,0,,,,,,,,,
1073411,2016/17,2017-02-10,P Sara Oval,2,22.1,Ireland,India,GH Lewis,IMHC Joyce,E Bisht,0,0,,,,,,,,,
1073411,2016/17,2017-02-10,P Sara Oval,2,22.2,Ireland,India,GH Lewis,IMHC Joyce,E Bisht,0,0,,,,,,,,,
1073411,2016/17,2017-02-10,P Sara Oval,2,22.3,Ireland,India,GH Lewis,IMHC Joyce,E Bisht,2,0,,,,,,,,,
1073411,2016/17,2017-02-10,P Sara Oval,2,22.4,Ireland,India,GH Lewis,IMHC Joyce,E Bisht,0,0,,,,,,,,,
1073411,2016/17,2017-02-10,P Sara Oval,2,22.5,Ireland,India,GH Lewis,IMHC Joyce,E Bisht,2,0,,,,,,,,,
1073411,2016/17,2017-02-10,P Sara Oval,2,22.6,Ireland,India,GH Lewis,IMHC Joyce,E Bisht,1,0,,,,,,,,,
1073411,2016/17,2017-02-10,P Sara Oval,2,23.1,Ireland,India,GH Lewis,IMHC Joyce,DB Sharma,1,0,,,,,,,,,
1073411,2016/17,2017-02-10,P Sara Oval,2,23.2,Ireland,India,IMHC Joyce,GH Lewis,DB Sharma,0,0,,,,,,,,,
1073411,2016/17,2017-02-10,P Sara Oval,2,23.3,Ireland,India,IMHC Joyce,GH Lewis,DB Sharma,4,0,,,,,,,,,
1073411,2016/17,2017-02-10,P Sara Oval,2,23.4,Ireland,India,IMHC Joyce,GH Lewis,DB Sharma,0,0,,,,,,,,,
1073411,2016/17,2017-02-10,P Sara Oval,2,23.5,Ireland,India,IMHC Joyce,GH Lewis,DB Sharma,0,0,,,,,,,,,
1073411,2016/17,2017-02-10,P Sara Oval,2,23.6,Ireland,India,IMHC Joyce,GH Lewis,DB Sharma,1,0,,,,,,,,,
1073411,2016/17,2017-02-10,P Sara Oval,2,24.1,Ireland,India,IMHC Joyce,GH Lewis,Poonam Yadav,1,0,,,,,,,,,
1073411,2016/17,2017-02-10,P Sara Oval,2,24.2,Ireland,India,GH Lewis,IMHC Joyce,Poonam Yadav,0,0,,,,,,,,,
1073411,2016/17,2017-02-10,P Sara Oval,2,24.3,Ireland,India,GH Lewis,IMHC Joyce,Poonam Yadav,0,0,,,,,,,,,
1073411,2016/17,2017-02-10,P Sara Oval,2,24.4,Ireland,India,GH Lewis,IMHC Joyce,Poonam Yadav,0,0,,,,,,,,,
1073411,2016/17,2017-02-10,P Sara Oval,2,24.5,Ireland,India,GH Lewis,IMHC Joyce,Poonam Yadav,1,0,,,,,,,,,
1073411,2016/17,2017-02-10,P Sara Oval,2,24.6,Ireland,India,IMHC Joyce,GH Lewis,Poonam Yadav,1,0,,,,,,,,,
1073411,2016/17,2017-02-10,P Sara Oval,2,25.1,Ireland,India,IMHC Joyce,GH Lewis,DB Sharma,0,0,,,,,,,,,
1073411,2016/17,2017-02-10,P Sara Oval,2,25.2,Ireland,India,IMHC Joyce,GH Lewis,DB Sharma,1,0,,,,,,,,,
1073411,2016/17,2017-02-10,P Sara Oval,2,25.3,Ireland,India,GH Lewis,IMHC Joyce,DB Sharma,1,0,,,,,,,,,
1073411,2016/17,2017-02-10,P Sara Oval,2,25.4,Ireland,India,IMHC Joyce,GH Lewis,DB Sharma,0,0,,,,,,,,,
1073411,2016/17,2017-02-10,P Sara Oval,2,25.5,Ireland,India,IMHC Joyce,GH Lewis,DB Sharma,1,0,,,,,,,,,
1073411,2016/17,2017-02-10,P Sara Oval,2,25.6,Ireland,India,GH Lewis,IMHC Joyce,DB Sharma,0,0,,,,,,,,,
1073411,2016/17,2017-02-10,P Sara Oval,2,26.1,Ireland,India,IMHC Joyce,GH Lewis,Poonam Yadav,1,0,,,,,,,,,
1073411,2016/17,2017-02-10,P Sara Oval,2,26.2,Ireland,India,GH Lewis,IMHC Joyce,Poonam Yadav,0,0,,,,,,,,,
1073411,2016/17,2017-02-10,P Sara Oval,2,26.3,Ireland,India,GH Lewis,IMHC Joyce,Poonam Yadav,0,0,,,,,,,,,
1073411,2016/17,2017-02-10,P Sara Oval,2,26.4,Ireland,India,GH Lewis,IMHC Joyce,Poonam Yadav,0,0,,,,,,,,,
1073411,2016/17,2017-02-10,P Sara Oval,2,26.5,Ireland,India,GH Lewis,IMHC Joyce,Poonam Yadav,0,0,,,,,,,,,
1073411,2016/17,2017-02-10,P Sara Oval,2,26.6,Ireland,India,GH Lewis,IMHC Joyce,Poonam Yadav,0,0,,,,,,,,,
1073411,2016/17,2017-02-10,P Sara Oval,2,27.1,Ireland,India,IMHC Joyce,GH Lewis,S Pandey,4,0,,,,,,,,,
1073411,2016/17,2017-02-10,P Sara Oval,2,27.2,Ireland,India,IMHC Joyce,GH Lewis,S Pandey,0,0,,,,,,,,,
1073411,2016/17,2017-02-10,P Sara Oval,2,27.3,Ireland,India,IMHC Joyce,GH Lewis,S Pandey,1,0,,,,,,,,,
1073411,2016/17,2017-02-10,P Sara Oval,2,27.4,Ireland,India,GH Lewis,IMHC Joyce,S Pandey,4,0,,,,,,,,,
1073411,2016/17,2017-02-10,P Sara Oval,2,27.5,Ireland,India,GH Lewis,IMHC Joyce,S Pandey,0,0,,,,,,,,,
1073411,2016/17,2017-02-10,P Sara Oval,2,27.6,Ireland,India,GH Lewis,IMHC Joyce,S Pandey,0,0,,,,,,,,,
1073411,2016/17,2017-02-10,P Sara Oval,2,28.1,Ireland,India,IMHC Joyce,GH Lewis,Poonam Yadav,0,0,,,,,,stumped,IMHC Joyce,,
1073411,2016/17,2017-02-10,P Sara Oval,2,28.2,Ireland,India,CMA Shillington,GH Lewis,Poonam Yadav,0,0,,,,,,,,,
1073411,2016/17,2017-02-10,P Sara Oval,2,28.3,Ireland,India,CMA Shillington,GH Lewis,Poonam Yadav,0,0,,,,,,,,,
1073411,2016/17,2017-02-10,P Sara Oval,2,28.4,Ireland,India,CMA Shillington,GH Lewis,Poonam Yadav,0,0,,,,,,,,,
1073411,2016/17,2017-02-10,P Sara Oval,2,28.5,Ireland,India,CMA Shillington,GH Lewis,Poonam Yadav,0,0,,,,,,caught,CMA Shillington,,
1073411,2016/17,2017-02-10,P Sara Oval,2,28.6,Ireland,India,GH Lewis,MV Waldron,Poonam Yadav,0,0,,,,,,,,,
1073411,2016/17,2017-02-10,P Sara Oval,2,29.1,Ireland,India,MV Waldron,GH Lewis,DB Sharma,0,0,,,,,,,,,
1073411,2016/17,2017-02-10,P Sara Oval,2,29.2,Ireland,India,MV Waldron,GH Lewis,DB Sharma,0,0,,,,,,,,,
1073411,2016/17,2017-02-10,P Sara Oval,2,29.3,Ireland,India,MV Waldron,GH Lewis,DB Sharma,0,0,,,,,,,,,
1073411,2016/17,2017-02-10,P Sara Oval,2,29.4,Ireland,India,MV Waldron,GH Lewis,DB Sharma,0,0,,,,,,,,,
1073411,2016/17,2017-02-10,P Sara Oval,2,29.5,Ireland,India,MV Waldron,GH Lewis,DB Sharma,0,0,,,,,,,,,
1073411,2016/17,2017-02-10,P Sara Oval,2,29.6,Ireland,India,MV Waldron,GH Lewis,DB Sharma,0,0,,,,,,,,,
1073411,2016/17,2017-02-10,P Sara Oval,2,30.1,Ireland,India,GH Lewis,MV Waldron,Poonam Yadav,0,0,,,,,,,,,
1073411,2016/17,2017-02-10,P Sara Oval,2,30.2,Ireland,India,GH Lewis,MV Waldron,Poonam Yadav,1,0,,,,,,,,,
1073411,2016/17,2017-02-10,P Sara Oval,2,30.3,Ireland,India,MV Waldron,GH Lewis,Poonam Yadav,0,0,,,,,,,,,
1073411,2016/17,2017-02-10,P Sara Oval,2,30.4,Ireland,India,MV Waldron,GH Lewis,Poonam Yadav,0,0,,,,,,,,,
1073411,2016/17,2017-02-10,P Sara Oval,2,30.5,Ireland,India,MV Waldron,GH Lewis,Poonam Yadav,0,0,,,,,,,,,
1073411,2016/17,2017-02-10,P Sara Oval,2,30.6,Ireland,India,MV Waldron,GH Lewis,Poonam Yadav,0,0,,,,,,,,,
1073411,2016/17,2017-02-10,P Sara Oval,2,31.1,Ireland,India,GH Lewis,MV Waldron,DB Sharma,1,0,,,,,,,,,
1073411,2016/17,2017-02-10,P Sara Oval,2,31.2,Ireland,India,MV Waldron,GH Lewis,DB Sharma,0,0,,,,,,,,,
1073411,2016/17,2017-02-10,P Sara Oval,2,31.3,Ireland,India,MV Waldron,GH Lewis,DB Sharma,0,0,,,,,,,,,
1073411,2016/17,2017-02-10,P Sara Oval,2,31.4,Ireland,India,MV Waldron,GH Lewis,DB Sharma,0,0,,,,,,,,,
1073411,2016/17,2017-02-10,P Sara Oval,2,31.5,Ireland,India,MV Waldron,GH Lewis,DB Sharma,0,0,,,,,,,,,
1073411,2016/17,2017-02-10,P Sara Oval,2,31.6,Ireland,India,MV Waldron,GH Lewis,DB Sharma,0,0,,,,,,,,,
1073411,2016/17,2017-02-10,P Sara Oval,2,32.1,Ireland,India,GH Lewis,MV Waldron,Poonam Yadav,1,0,,,,,,,,,
1073411,2016/17,2017-02-10,P Sara Oval,2,32.2,Ireland,India,MV Waldron,GH Lewis,Poonam Yadav,0,0,,,,,,,,,
1073411,2016/17,2017-02-10,P Sara Oval,2,32.3,Ireland,India,MV Waldron,GH Lewis,Poonam Yadav,0,0,,,,,,,,,
1073411,2016/17,2017-02-10,P Sara Oval,2,32.4,Ireland,India,MV Waldron,GH Lewis,Poonam Yadav,0,0,,,,,,,,,
1073411,2016/17,2017-02-10,P Sara Oval,2,32.5,Ireland,India,MV Waldron,GH Lewis,Poonam Yadav,0,0,,,,,,,,,
1073411,2016/17,2017-02-10,P Sara Oval,2,32.6,Ireland,India,MV Waldron,GH Lewis,Poonam Yadav,0,0,,,,,,,,,
1073411,2016/17,2017-02-10,P Sara Oval,2,33.1,Ireland,India,GH Lewis,MV Waldron,DB Sharma,0,0,,,,,,,,,
1073411,2016/17,2017-02-10,P Sara Oval,2,33.2,Ireland,India,GH Lewis,MV Waldron,DB Sharma,0,0,,,,,,,,,
1073411,2016/17,2017-02-10,P Sara Oval,2,33.3,Ireland,India,GH Lewis,MV Waldron,DB Sharma,1,0,,,,,,,,,
1073411,2016/17,2017-02-10,P Sara Oval,2,33.4,Ireland,India,MV Waldron,GH Lewis,DB Sharma,0,0,,,,,,,,,
1073411,2016/17,2017-02-10,P Sara Oval,2,33.5,Ireland,India,MV Waldron,GH Lewis,DB Sharma,0,0,,,,,,,,,
1073411,2016/17,2017-02-10,P Sara Oval,2,33.6,Ireland,India,MV Waldron,GH Lewis,DB Sharma,0,0,,,,,,,,,
1073411,2016/17,2017-02-10,P Sara Oval,2,34.1,Ireland,India,GH Lewis,MV Waldron,Poonam Yadav,0,1,1,,,,,,,,
1073411,2016/17,2017-02-10,P Sara Oval,2,34.2,Ireland,India,GH Lewis,MV Waldron,Poonam Yadav,1,0,,,,,,,,,
1073411,2016/17,2017-02-10,P Sara Oval,2,34.3,Ireland,India,MV Waldron,GH Lewis,Poonam Yadav,0,0,,,,,,,,,
1073411,2016/17,2017-02-10,P Sara Oval,2,34.4,Ireland,India,MV Waldron,GH Lewis,Poonam Yadav,4,0,,,,,,,,,
1073411,2016/17,2017-02-10,P Sara Oval,2,34.5,Ireland,India,MV Waldron,GH Lewis,Poonam Yadav,0,0,,,,,,,,,
1073411,2016/17,2017-02-10,P Sara Oval,2,34.6,Ireland,India,MV Waldron,GH Lewis,Poonam Yadav,0,0,,,,,,,,,
1073411,2016/17,2017-02-10,P Sara Oval,2,34.7,Ireland,India,MV Waldron,GH Lewis,Poonam Yadav,0,0,,,,,,,,,
1073411,2016/17,2017-02-10,P Sara Oval,2,35.1,Ireland,India,GH Lewis,MV Waldron,E Bisht,4,0,,,,,,,,,
1073411,2016/17,2017-02-10,P Sara Oval,2,35.2,Ireland,India,GH Lewis,MV Waldron,E Bisht,0,0,,,,,,,,,
1073411,2016/17,2017-02-10,P Sara Oval,2,35.3,Ireland,India,GH Lewis,MV Waldron,E Bisht,0,0,,,,,,,,,
1073411,2016/17,2017-02-10,P Sara Oval,2,35.4,Ireland,India,GH Lewis,MV Waldron,E Bisht,0,0,,,,,,,,,
1073411,2016/17,2017-02-10,P Sara Oval,2,35.5,Ireland,India,GH Lewis,MV Waldron,E Bisht,0,0,,,,,,,,,
1073411,2016/17,2017-02-10,P Sara Oval,2,35.6,Ireland,India,GH Lewis,MV Waldron,E Bisht,0,0,,,,,,,,,
1073411,2016/17,2017-02-10,P Sara Oval,2,36.1,Ireland,India,MV Waldron,GH Lewis,M Joshi,0,0,,,,,,,,,
1073411,2016/17,2017-02-10,P Sara Oval,2,36.2,Ireland,India,MV Waldron,GH Lewis,M Joshi,1,0,,,,,,,,,
1073411,2016/17,2017-02-10,P Sara Oval,2,36.3,Ireland,India,GH Lewis,MV Waldron,M Joshi,4,0,,,,,,,,,
1073411,2016/17,2017-02-10,P Sara Oval,2,36.4,Ireland,India,GH Lewis,MV Waldron,M Joshi,0,0,,,,,,,,,
1073411,2016/17,2017-02-10,P Sara Oval,2,36.5,Ireland,India,GH Lewis,MV Waldron,M Joshi,0,0,,,,,,,,,
1073411,2016/17,2017-02-10,P Sara Oval,2,36.6,Ireland,India,GH Lewis,MV Waldron,M Joshi,0,0,,,,,,,,,
1073411,2016/17,2017-02-10,P Sara Oval,2,37.1,Ireland,India,MV Waldron,GH Lewis,E Bisht,0,0,,,,,,,,,
1073411,2016/17,2017-02-10,P Sara Oval,2,37.2,Ireland,India,MV Waldron,GH Lewis,E Bisht,0,0,,,,,,,,,
1073411,2016/17,2017-02-10,P Sara Oval,2,37.3,Ireland,India,MV Waldron,GH Lewis,E Bisht,0,0,,,,,,,,,
1073411,2016/17,2017-02-10,P Sara Oval,2,37.4,Ireland,India,MV Waldron,GH Lewis,E Bisht,0,0,,,,,,,,,
1073411,2016/17,2017-02-10,P Sara Oval,2,37.5,Ireland,India,MV Waldron,GH Lewis,E Bisht,0,0,,,,,,,,,
1073411,2016/17,2017-02-10,P Sara Oval,2,37.6,Ireland,India,MV Waldron,GH Lewis,E Bisht,0,0,,,,,,,,,
1073411,2016/17,2017-02-10,P Sara Oval,2,38.1,Ireland,India,GH Lewis,MV Waldron,M Joshi,0,0,,,,,,,,,
1073411,2016/17,2017-02-10,P Sara Oval,2,38.2,Ireland,India,GH Lewis,MV Waldron,M Joshi,0,0,,,,,,,,,
1073411,2016/17,2017-02-10,P Sara Oval,2,38.3,Ireland,India,GH Lewis,MV Waldron,M Joshi,0,0,,,,,,,,,
1073411,2016/17,2017-02-10,P Sara Oval,2,38.4,Ireland,India,GH Lewis,MV Waldron,M Joshi,0,0,,,,,,,,,
1073411,2016/17,2017-02-10,P Sara Oval,2,38.5,Ireland,India,GH Lewis,MV Waldron,M Joshi,0,0,,,,,,,,,
1073411,2016/17,2017-02-10,P Sara Oval,2,38.6,Ireland,India,GH Lewis,MV Waldron,M Joshi,0,0,,,,,,,,,
1073411,2016/17,2017-02-10,P Sara Oval,2,39.1,Ireland,India,MV Waldron,GH Lewis,E Bisht,0,0,,,,,,,,,
1073411,2016/17,2017-02-10,P Sara Oval,2,39.2,Ireland,India,MV Waldron,GH Lewis,E Bisht,0,0,,,,,,,,,
1073411,2016/17,2017-02-10,P Sara Oval,2,39.3,Ireland,India,MV Waldron,GH Lewis,E Bisht,0,0,,,,,,,,,
1073411,2016/17,2017-02-10,P Sara Oval,2,39.4,Ireland,India,MV Waldron,GH Lewis,E Bisht,0,0,,,,,,caught,MV Waldron,,
1073411,2016/17,2017-02-10,P Sara Oval,2,39.5,Ireland,India,GH Lewis,AJ Kenealy,E Bisht,0,1,,,1,,,,,,
1073411,2016/17,2017-02-10,P Sara Oval,2,39.6,Ireland,India,AJ Kenealy,GH Lewis,E Bisht,0,0,,,,,,,,,
1073411,2016/17,2017-02-10,P Sara Oval,2,40.1,Ireland,India,GH Lewis,AJ Kenealy,H Kaur,1,0,,,,,,,,,
1073411,2016/17,2017-02-10,P Sara Oval,2,40.2,Ireland,India,AJ Kenealy,GH Lewis,H Kaur,0,0,,,,,,,,,
1073411,2016/17,2017-02-10,P Sara Oval,2,40.3,Ireland,India,AJ Kenealy,GH Lewis,H Kaur,0,0,,,,,,,,,
1073411,2016/17,2017-02-10,P Sara Oval,2,40.4,Ireland,India,AJ Kenealy,GH Lewis,H Kaur,0,0,,,,,,,,,
1073411,2016/17,2017-02-10,P Sara Oval,2,40.5,Ireland,India,AJ Kenealy,GH Lewis,H Kaur,1,0,,,,,,,,,
1073411,2016/17,2017-02-10,P Sara Oval,2,40.6,Ireland,India,GH Lewis,AJ Kenealy,H Kaur,0,0,,,,,,,,,
1073411,2016/17,2017-02-10,P Sara Oval,2,41.1,Ireland,India,AJ Kenealy,GH Lewis,DP Vaidya,0,1,1,,,,,,,,
1073411,2016/17,2017-02-10,P Sara Oval,2,41.2,Ireland,India,AJ Kenealy,GH Lewis,DP Vaidya,0,0,,,,,,,,,
1073411,2016/17,2017-02-10,P Sara Oval,2,41.3,Ireland,India,AJ Kenealy,GH Lewis,DP Vaidya,0,0,,,,,,,,,
1073411,2016/17,2017-02-10,P Sara Oval,2,41.4,Ireland,India,AJ Kenealy,GH Lewis,DP Vaidya,0,0,,,,,,,,,
1073411,2016/17,2017-02-10,P Sara Oval,2,41.5,Ireland,India,AJ Kenealy,GH Lewis,DP Vaidya,0,0,,,,,,,,,
1073411,2016/17,2017-02-10,P Sara Oval,2,41.6,Ireland,India,AJ Kenealy,GH Lewis,DP Vaidya,0,1,1,,,,,,,,
1073411,2016/17,2017-02-10,P Sara Oval,2,41.7,Ireland,India,AJ Kenealy,GH Lewis,DP Vaidya,0,0,,,,,,,,,
1073411,2016/17,2017-02-10,P Sara Oval,2,41.8,Ireland,India,AJ Kenealy,GH Lewis,DP Vaidya,0,0,,,,,,,,,
1073411,2016/17,2017-02-10,P Sara Oval,2,42.1,Ireland,India,GH Lewis,AJ Kenealy,H Kaur,0,0,,,,,,,,,
1073411,2016/17,2017-02-10,P Sara Oval,2,42.2,Ireland,India,GH Lewis,AJ Kenealy,H Kaur,1,0,,,,,,,,,
1073411,2016/17,2017-02-10,P Sara Oval,2,42.3,Ireland,India,AJ Kenealy,GH Lewis,H Kaur,4,0,,,,,,,,,
1073411,2016/17,2017-02-10,P Sara Oval,2,42.4,Ireland,India,AJ Kenealy,GH Lewis,H Kaur,0,0,,,,,,,,,
1073411,2016/17,2017-02-10,P Sara Oval,2,42.5,Ireland,India,AJ Kenealy,GH Lewis,H Kaur,0,0,,,,,,,,,
1073411,2016/17,2017-02-10,P Sara Oval,2,42.6,Ireland,India,AJ Kenealy,GH Lewis,H Kaur,0,0,,,,,,,,,
1073411,2016/17,2017-02-10,P Sara Oval,2,43.1,Ireland,India,GH Lewis,AJ Kenealy,DP Vaidya,0,0,,,,,,,,,
1073411,2016/17,2017-02-10,P Sara Oval,2,43.2,Ireland,India,GH Lewis,AJ Kenealy,DP Vaidya,1,0,,,,,,,,,
1073411,2016/17,2017-02-10,P Sara Oval,2,43.3,Ireland,India,AJ Kenealy,GH Lewis,DP Vaidya,0,0,,,,,,,,,
1073411,2016/17,2017-02-10,P Sara Oval,2,43.4,Ireland,India,AJ Kenealy,GH Lewis,DP Vaidya,0,0,,,,,,,,,
1073411,2016/17,2017-02-10,P Sara Oval,2,43.5,Ireland,India,AJ Kenealy,GH Lewis,DP Vaidya,1,0,,,,,,,,,
1073411,2016/17,2017-02-10,P Sara Oval,2,43.6,Ireland,India,GH Lewis,AJ Kenealy,DP Vaidya,0,0,,,,,,,,,
1073411,2016/17,2017-02-10,P Sara Oval,2,44.1,Ireland,India,AJ Kenealy,GH Lewis,H Kaur,0,0,,,,,,,,,
1073411,2016/17,2017-02-10,P Sara Oval,2,44.2,Ireland,India,AJ Kenealy,GH Lewis,H Kaur,0,0,,,,,,,,,
1073411,2016/17,2017-02-10,P Sara Oval,2,44.3,Ireland,India,AJ Kenealy,GH Lewis,H Kaur,2,0,,,,,,,,,
1073411,2016/17,2017-02-10,P Sara Oval,2,44.4,Ireland,India,AJ Kenealy,GH Lewis,H Kaur,0,0,,,,,,,,,
1073411,2016/17,2017-02-10,P Sara Oval,2,44.5,Ireland,India,AJ Kenealy,GH Lewis,H Kaur,0,0,,,,,,,,,
1073411,2016/17,2017-02-10,P Sara Oval,2,44.6,Ireland,India,AJ Kenealy,GH Lewis,H Kaur,6,0,,,,,,,,,
1073411,2016/17,2017-02-10,P Sara Oval,2,45.1,Ireland,India,GH Lewis,AJ Kenealy,DP Vaidya,0,0,,,,,,,,,
1073411,2016/17,2017-02-10,P Sara Oval,2,45.2,Ireland,India,GH Lewis,AJ Kenealy,DP Vaidya,0,0,,,,,,,,,
1073411,2016/17,2017-02-10,P Sara Oval,2,45.3,Ireland,India,GH Lewis,AJ Kenealy,DP Vaidya,0,0,,,,,,,,,
1073411,2016/17,2017-02-10,P Sara Oval,2,45.4,Ireland,India,GH Lewis,AJ Kenealy,DP Vaidya,0,0,,,,,,,,,
1073411,2016/17,2017-02-10,P Sara Oval,2,45.5,Ireland,India,GH Lewis,AJ Kenealy,DP Vaidya,0,0,,,,,,,,,
1073411,2016/17,2017-02-10,P Sara Oval,2,45.6,Ireland,India,GH Lewis,AJ Kenealy,DP Vaidya,1,0,,,,,,,,,
1073411,2016/17,2017-02-10,P Sara Oval,2,46.1,Ireland,India,GH Lewis,AJ Kenealy,Poonam Yadav,0,0,,,,,,,,,
1073411,2016/17,2017-02-10,P Sara Oval,2,46.2,Ireland,India,GH Lewis,AJ Kenealy,Poonam Yadav,4,0,,,,,,,,,
1073411,2016/17,2017-02-10,P Sara Oval,2,46.3,Ireland,India,GH Lewis,AJ Kenealy,Poonam Yadav,0,0,,,,,,,,,
1073411,2016/17,2017-02-10,P Sara Oval,2,46.4,Ireland,India,GH Lewis,AJ Kenealy,Poonam Yadav,0,0,,,,,,,,,
1073411,2016/17,2017-02-10,P Sara Oval,2,46.5,Ireland,India,GH Lewis,AJ Kenealy,Poonam Yadav,0,0,,,,,,,,,
1073411,2016/17,2017-02-10,P Sara Oval,2,46.6,Ireland,India,GH Lewis,AJ Kenealy,Poonam Yadav,0,0,,,,,,bowled,GH Lewis,,
1073411,2016/17,2017-02-10,P Sara Oval,2,47.1,Ireland,India,AJ Kenealy,LN McCarthy,DP Vaidya,0,0,,,,,,,,,
1073411,2016/17,2017-02-10,P Sara Oval,2,47.2,Ireland,India,AJ Kenealy,LN McCarthy,DP Vaidya,0,0,,,,,,,,,
1073411,2016/17,2017-02-10,P Sara Oval,2,47.3,Ireland,India,AJ Kenealy,LN McCarthy,DP Vaidya,4,0,,,,,,,,,
1073411,2016/17,2017-02-10,P Sara Oval,2,47.4,Ireland,India,AJ Kenealy,LN McCarthy,DP Vaidya,2,0,,,,,,,,,
1073411,2016/17,2017-02-10,P Sara Oval,2,47.5,Ireland,India,AJ Kenealy,LN McCarthy,DP Vaidya,0,0,,,,,,,,,
1073411,2016/17,2017-02-10,P Sara Oval,2,47.6,Ireland,India,AJ Kenealy,LN McCarthy,DP Vaidya,0,0,,,,,,bowled,AJ Kenealy,,
1073411,2016/17,2017-02-10,P Sara Oval,2,48.1,Ireland,India,LN McCarthy,CJ Metcalfe,DB Sharma,0,0,,,,,,,,,
1073411,2016/17,2017-02-10,P Sara Oval,2,48.2,Ireland,India,LN McCarthy,CJ Metcalfe,DB Sharma,0,0,,,,,,,,,
1073411,2016/17,2017-02-10,P Sara Oval,2,48.3,Ireland,India,LN McCarthy,CJ Metcalfe,DB Sharma,0,0,,,,,,,,,
1073411,2016/17,2017-02-10,P Sara Oval,2,48.4,Ireland,India,LN McCarthy,CJ Metcalfe,DB Sharma,4,0,,,,,,,,,
1073411,2016/17,2017-02-10,P Sara Oval,2,48.5,Ireland,India,LN McCarthy,CJ Metcalfe,DB Sharma,1,0,,,,,,,,,
1073411,2016/17,2017-02-10,P Sara Oval,2,48.6,Ireland,India,CJ Metcalfe,LN McCarthy,DB Sharma,0,0,,,,,,,,,
1073411,2016/17,2017-02-10,P Sara Oval,2,49.1,Ireland,India,LN McCarthy,CJ Metcalfe,DP Vaidya,0,0,,,,,,stumped,LN McCarthy,,
