match_id,season,start_date,venue,innings,ball,batting_team,bowling_team,striker,non_striker,bowler,runs_off_bat,extras,wides,noballs,byes,legbyes,penalty,wicket_type,player_dismissed,other_wicket_type,other_player_dismissed
1073405,2016/17,2017-02-08,Nondescripts Cricket Club Ground,1,0.1,Sri Lanka,Ireland,AC Jayangani,LE Kaushalya,LN McCarthy,4,0,,,,,,,,,
1073405,2016/17,2017-02-08,Nondescripts Cricket Club Ground,1,0.2,Sri Lanka,Ireland,AC Jayangani,LE Kaushalya,LN McCarthy,0,0,,,,,,,,,
1073405,2016/17,2017-02-08,Nondescripts Cricket Club Ground,1,0.3,Sri Lanka,Ireland,AC Jayangani,LE Kaushalya,LN McCarthy,0,0,,,,,,,,,
1073405,2016/17,2017-02-08,Nondescripts Cricket Club Ground,1,0.4,Sri Lanka,Ireland,AC Jayangani,LE Kaushalya,LN McCarthy,0,0,,,,,,,,,
1073405,2016/17,2017-02-08,Nondescripts Cricket Club Ground,1,0.5,Sri Lanka,Ireland,AC Jayangani,LE Kaushalya,LN McCarthy,2,0,,,,,,,,,
1073405,2016/17,2017-02-08,Nondescripts Cricket Club Ground,1,0.6,Sri Lanka,Ireland,AC Jayangani,LE Kaushalya,LN McCarthy,0,0,,,,,,,,,
1073405,2016/17,2017-02-08,Nondescripts Cricket Club Ground,1,1.1,Sri Lanka,Ireland,LE Kaushalya,AC Jayangani,IMHC Joyce,0,0,,,,,,,,,
1073405,2016/17,2017-02-08,Nondescripts Cricket Club Ground,1,1.2,Sri Lanka,Ireland,LE Kaushalya,AC Jayangani,IMHC Joyce,0,0,,,,,,,,,
1073405,2016/17,2017-02-08,Nondescripts Cricket Club Ground,1,1.3,Sri Lanka,Ireland,LE Kaushalya,AC Jayangani,IMHC Joyce,0,0,,,,,,,,,
1073405,2016/17,2017-02-08,Nondescripts Cricket Club Ground,1,1.4,Sri Lanka,Ireland,LE Kaushalya,AC Jayangani,IMHC Joyce,0,0,,,,,,,,,
1073405,2016/17,2017-02-08,Nondescripts Cricket Club Ground,1,1.5,Sri Lanka,Ireland,LE Kaushalya,AC Jayangani,IMHC Joyce,1,0,,,,,,,,,
1073405,2016/17,2017-02-08,Nondescripts Cricket Club Ground,1,1.6,Sri Lanka,Ireland,AC Jayangani,LE Kaushalya,IMHC Joyce,0,0,,,,,,,,,
1073405,2016/17,2017-02-08,Nondescripts Cricket Club Ground,1,2.1,Sri Lanka,Ireland,LE Kaushalya,AC Jayangani,LN McCarthy,0,0,,,,,,,,,
1073405,2016/17,2017-02-08,Nondescripts Cricket Club Ground,1,2.2,Sri Lanka,Ireland,LE Kaushalya,AC Jayangani,LN McCarthy,0,0,,,,,,,,,
1073405,2016/17,2017-02-08,Nondescripts Cricket Club Ground,1,2.3,Sri Lanka,Ireland,LE Kaushalya,AC Jayangani,LN McCarthy,4,0,,,,,,,,,
1073405,2016/17,2017-02-08,Nondescripts Cricket Club Ground,1,2.4,Sri Lanka,Ireland,LE Kaushalya,AC Jayangani,LN McCarthy,0,0,,,,,,,,,
1073405,2016/17,2017-02-08,Nondescripts Cricket Club Ground,1,2.5,Sri Lanka,Ireland,LE Kaushalya,AC Jayangani,LN McCarthy,4,0,,,,,,,,,
1073405,2016/17,2017-02-08,Nondescripts Cricket Club Ground,1,2.6,Sri Lanka,Ireland,LE Kaushalya,AC Jayangani,LN McCarthy,1,0,,,,,,,,,
1073405,2016/17,2017-02-08,Nondescripts Cricket Club Ground,1,3.1,Sri Lanka,Ireland,LE Kaushalya,AC Jayangani,IMHC Joyce,0,0,,,,,,,,,
1073405,2016/17,2017-02-08,Nondescripts Cricket Club Ground,1,3.2,Sri Lanka,Ireland,LE Kaushalya,AC Jayangani,IMHC Joyce,0,0,,,,,,,,,
1073405,2016/17,2017-02-08,Nondescripts Cricket Club Ground,1,3.3,Sri Lanka,Ireland,LE Kaushalya,AC Jayangani,IMHC Joyce,0,0,,,,,,,,,
1073405,2016/17,2017-02-08,Nondescripts Cricket Club Ground,1,3.4,Sri Lanka,Ireland,LE Kaushalya,AC Jayangani,IMHC Joyce,1,0,,,,,,,,,
1073405,2016/17,2017-02-08,Nondescripts Cricket Club Ground,1,3.5,Sri Lanka,Ireland,AC Jayangani,LE Kaushalya,IMHC Joyce,0,0,,,,,,,,,
1073405,2016/17,2017-02-08,Nondescripts Cricket Club Ground,1,3.6,Sri Lanka,Ireland,AC Jayangani,LE Kaushalya,IMHC Joyce,0,0,,,,,,,,,
1073405,2016/17,2017-02-08,Nondescripts Cricket Club Ground,1,4.1,Sri Lanka,Ireland,LE Kaushalya,AC Jayangani,LN McCarthy,0,0,,,,,,,,,
1073405,2016/17,2017-02-08,Nondescripts Cricket Club Ground,1,4.2,Sri Lanka,Ireland,LE Kaushalya,AC Jayangani,LN McCarthy,0,0,,,,,,,,,
1073405,2016/17,2017-02-08,Nondescripts Cricket Club Ground,1,4.3,Sri Lanka,Ireland,LE Kaushalya,AC Jayangani,LN McCarthy,0,0,,,,,,,,,
1073405,2016/17,2017-02-08,Nondescripts Cricket Club Ground,1,4.4,Sri Lanka,Ireland,LE Kaushalya,AC Jayangani,LN McCarthy,0,0,,,,,,,,,
1073405,2016/17,2017-02-08,Nondescripts Cricket Club Ground,1,4.5,Sri Lanka,Ireland,LE Kaushalya,AC Jayangani,LN McCarthy,0,0,,,,,,,,,
1073405,2016/17,2017-02-08,Nondescripts Cricket Club Ground,1,4.6,Sri Lanka,Ireland,LE Kaushalya,AC Jayangani,LN McCarthy,0,0,,,,,,,,,
1073405,2016/17,2017-02-08,Nondescripts Cricket Club Ground,1,5.1,Sri Lanka,Ireland,AC Jayangani,LE Kaushalya,IMHC Joyce,0,0,,,,,,,,,
1073405,2016/17,2017-02-08,Nondescripts Cricket Club Ground,1,5.2,Sri Lanka,Ireland,AC Jayangani,LE Kaushalya,IMHC Joyce,0,0,,,,,,,,,
1073405,2016/17,2017-02-08,Nondescripts Cricket Club Ground,1,5.3,Sri Lanka,Ireland,AC Jayangani,LE Kaushalya,IMHC Joyce,0,0,,,,,,,,,
1073405,2016/17,2017-02-08,Nondescripts Cricket Club Ground,1,5.4,Sri Lanka,Ireland,AC Jayangani,LE Kaushalya,IMHC Joyce,0,0,,,,,,,,,
1073405,2016/17,2017-02-08,Nondescripts Cricket Club Ground,1,5.5,Sri Lanka,Ireland,AC Jayangani,LE Kaushalya,IMHC Joyce,0,0,,,,,,,,,
1073405,2016/17,2017-02-08,Nondescripts Cricket Club Ground,1,5.6,Sri Lanka,Ireland,AC Jayangani,LE Kaushalya,IMHC Joyce,0,0,,,,,,,,,
1073405,2016/17,2017-02-08,Nondescripts Cricket Club Ground,1,6.1,Sri Lanka,Ireland,LE Kaushalya,AC Jayangani,LN McCarthy,2,0,,,,,,,,,
1073405,2016/17,2017-02-08,Nondescripts Cricket Club Ground,1,6.2,Sri Lanka,Ireland,LE Kaushalya,AC Jayangani,LN McCarthy,0,0,,,,,,,,,
1073405,2016/17,2017-02-08,Nondescripts Cricket Club Ground,1,6.3,Sri Lanka,Ireland,LE Kaushalya,AC Jayangani,LN McCarthy,1,0,,,,,,,,,
1073405,2016/17,2017-02-08,Nondescripts Cricket Club Ground,1,6.4,Sri Lanka,Ireland,AC Jayangani,LE Kaushalya,LN McCarthy,0,0,,,,,,,,,
1073405,2016/17,2017-02-08,Nondescripts Cricket Club Ground,1,6.5,Sri Lanka,Ireland,AC Jayangani,LE Kaushalya,LN McCarthy,0,0,,,,,,,,,
1073405,2016/17,2017-02-08,Nondescripts Cricket Club Ground,1,6.6,Sri Lanka,Ireland,AC Jayangani,LE Kaushalya,LN McCarthy,0,0,,,,,,,,,
1073405,2016/17,2017-02-08,Nondescripts Cricket Club Ground,1,7.1,Sri Lanka,Ireland,LE Kaushalya,AC Jayangani,IMHC Joyce,0,4,,,,4,,,,,
1073405,2016/17,2017-02-08,Nondescripts Cricket Club Ground,1,7.2,Sri Lanka,Ireland,LE Kaushalya,AC Jayangani,IMHC Joyce,0,0,,,,,,,,,
1073405,2016/17,2017-02-08,Nondescripts Cricket Club Ground,1,7.3,Sri Lanka,Ireland,LE Kaushalya,AC Jayangani,IMHC Joyce,0,0,,,,,,caught,LE Kaushalya,,
1073405,2016/17,2017-02-08,Nondescripts Cricket Club Ground,1,7.4,Sri Lanka,Ireland,MDN Hansika,AC Jayangani,IMHC Joyce,0,0,,,,,,,,,
1073405,2016/17,2017-02-08,Nondescripts Cricket Club Ground,1,7.5,Sri Lanka,Ireland,MDN Hansika,AC Jayangani,IMHC Joyce,0,0,,,,,,,,,
1073405,2016/17,2017-02-08,Nondescripts Cricket Club Ground,1,7.6,Sri Lanka,Ireland,MDN Hansika,AC Jayangani,IMHC Joyce,0,0,,,,,,,,,
1073405,2016/17,2017-02-08,Nondescripts Cricket Club Ground,1,8.1,Sri Lanka,Ireland,AC Jayangani,MDN Hansika,LN McCarthy,0,1,1,,,,,,,,
1073405,2016/17,2017-02-08,Nondescripts Cricket Club Ground,1,8.2,Sri Lanka,Ireland,AC Jayangani,MDN Hansika,LN McCarthy,0,0,,,,,,,,,
1073405,2016/17,2017-02-08,Nondescripts Cricket Club Ground,1,8.3,Sri Lanka,Ireland,AC Jayangani,MDN Hansika,LN McCarthy,0,0,,,,,,run out,AC Jayangani,,
1073405,2016/17,2017-02-08,Nondescripts Cricket Club Ground,1,8.4,Sri Lanka,Ireland,PM Weerakkody,MDN Hansika,LN McCarthy,0,0,,,,,,,,,
1073405,2016/17,2017-02-08,Nondescripts Cricket Club Ground,1,8.5,Sri Lanka,Ireland,PM Weerakkody,MDN Hansika,LN McCarthy,0,0,,,,,,,,,
1073405,2016/17,2017-02-08,Nondescripts Cricket Club Ground,1,8.6,Sri Lanka,Ireland,PM Weerakkody,MDN Hansika,LN McCarthy,0,0,,,,,,,,,
1073405,2016/17,2017-02-08,Nondescripts Cricket Club Ground,1,8.7,Sri Lanka,Ireland,PM Weerakkody,MDN Hansika,LN McCarthy,0,0,,,,,,,,,
1073405,2016/17,2017-02-08,Nondescripts Cricket Club Ground,1,9.1,Sri Lanka,Ireland,MDN Hansika,PM Weerakkody,IMHC Joyce,0,0,,,,,,,,,
1073405,2016/17,2017-02-08,Nondescripts Cricket Club Ground,1,9.2,Sri Lanka,Ireland,MDN Hansika,PM Weerakkody,IMHC Joyce,0,0,,,,,,,,,
1073405,2016/17,2017-02-08,Nondescripts Cricket Club Ground,1,9.3,Sri Lanka,Ireland,MDN Hansika,PM Weerakkody,IMHC Joyce,0,0,,,,,,,,,
1073405,2016/17,2017-02-08,Nondescripts Cricket Club Ground,1,9.4,Sri Lanka,Ireland,MDN Hansika,PM Weerakkody,IMHC Joyce,4,0,,,,,,,,,
1073405,2016/17,2017-02-08,Nondescripts Cricket Club Ground,1,9.5,Sri Lanka,Ireland,MDN Hansika,PM Weerakkody,IMHC Joyce,0,0,,,,,,,,,
1073405,2016/17,2017-02-08,Nondescripts Cricket Club Ground,1,9.6,Sri Lanka,Ireland,MDN Hansika,PM Weerakkody,IMHC Joyce,0,0,,,,,,,,,
1073405,2016/17,2017-02-08,Nondescripts Cricket Club Ground,1,10.1,Sri Lanka,Ireland,PM Weerakkody,MDN Hansika,LN McCarthy,0,0,,,,,,,,,
1073405,2016/17,2017-02-08,Nondescripts Cricket Club Ground,1,10.2,Sri Lanka,Ireland,PM Weerakkody,MDN Hansika,LN McCarthy,0,0,,,,,,,,,
1073405,2016/17,2017-02-08,Nondescripts Cricket Club Ground,1,10.3,Sri Lanka,Ireland,PM Weerakkody,MDN Hansika,LN McCarthy,0,1,1,,,,,,,,
1073405,2016/17,2017-02-08,Nondescripts Cricket Club Ground,1,10.4,Sri Lanka,Ireland,PM Weerakkody,MDN Hansika,LN McCarthy,1,0,,,,,,,,,
1073405,2016/17,2017-02-08,Nondescripts Cricket Club Ground,1,10.5,Sri Lanka,Ireland,MDN Hansika,PM Weerakkody,LN McCarthy,0,0,,,,,,,,,
1073405,2016/17,2017-02-08,Nondescripts Cricket Club Ground,1,10.6,Sri Lanka,Ireland,MDN Hansika,PM Weerakkody,LN McCarthy,0,0,,,,,,,,,
1073405,2016/17,2017-02-08,Nondescripts Cricket Club Ground,1,10.7,Sri Lanka,Ireland,MDN Hansika,PM Weerakkody,LN McCarthy,0,0,,,,,,,,,
1073405,2016/17,2017-02-08,Nondescripts Cricket Club Ground,1,11.1,Sri Lanka,Ireland,PM Weerakkody,MDN Hansika,IMHC Joyce,2,0,,,,,,,,,
1073405,2016/17,2017-02-08,Nondescripts Cricket Club Ground,1,11.2,Sri Lanka,Ireland,PM Weerakkody,MDN Hansika,IMHC Joyce,0,0,,,,,,,,,
1073405,2016/17,2017-02-08,Nondescripts Cricket Club Ground,1,11.3,Sri Lanka,Ireland,PM Weerakkody,MDN Hansika,IMHC Joyce,1,0,,,,,,,,,
1073405,2016/17,2017-02-08,Nondescripts Cricket Club Ground,1,11.4,Sri Lanka,Ireland,MDN Hansika,PM Weerakkody,IMHC Joyce,0,0,,,,,,,,,
1073405,2016/17,2017-02-08,Nondescripts Cricket Club Ground,1,11.5,Sri Lanka,Ireland,MDN Hansika,PM Weerakkody,IMHC Joyce,0,0,,,,,,,,,
1073405,2016/17,2017-02-08,Nondescripts Cricket Club Ground,1,11.6,Sri Lanka,Ireland,MDN Hansika,PM Weerakkody,IMHC Joyce,1,0,,,,,,,,,
1073405,2016/17,2017-02-08,Nondescripts Cricket Club Ground,1,12.1,Sri Lanka,Ireland,MDN Hansika,PM Weerakkody,LN McCarthy,0,0,,,,,,,,,
1073405,2016/17,2017-02-08,Nondescripts Cricket Club Ground,1,12.2,Sri Lanka,Ireland,MDN Hansika,PM Weerakkody,LN McCarthy,0,0,,,,,,,,,
1073405,2016/17,2017-02-08,Nondescripts Cricket Club Ground,1,12.3,Sri Lanka,Ireland,MDN Hansika,PM Weerakkody,LN McCarthy,0,0,,,,,,,,,
1073405,2016/17,2017-02-08,Nondescripts Cricket Club Ground,1,12.4,Sri Lanka,Ireland,MDN Hansika,PM Weerakkody,LN McCarthy,0,0,,,,,,,,,
1073405,2016/17,2017-02-08,Nondescripts Cricket Club Ground,1,12.5,Sri Lanka,Ireland,MDN Hansika,PM Weerakkody,LN McCarthy,0,0,,,,,,,,,
1073405,2016/17,2017-02-08,Nondescripts Cricket Club Ground,1,12.6,Sri Lanka,Ireland,MDN Hansika,PM Weerakkody,LN McCarthy,0,0,,,,,,,,,
1073405,2016/17,2017-02-08,Nondescripts Cricket Club Ground,1,13.1,Sri Lanka,Ireland,PM Weerakkody,MDN Hansika,KJ Garth,0,0,,,,,,,,,
1073405,2016/17,2017-02-08,Nondescripts Cricket Club Ground,1,13.2,Sri Lanka,Ireland,PM Weerakkody,MDN Hansika,KJ Garth,0,0,,,,,,,,,
1073405,2016/17,2017-02-08,Nondescripts Cricket Club Ground,1,13.3,Sri Lanka,Ireland,PM Weerakkody,MDN Hansika,KJ Garth,0,0,,,,,,,,,
1073405,2016/17,2017-02-08,Nondescripts Cricket Club Ground,1,13.4,Sri Lanka,Ireland,PM Weerakkody,MDN Hansika,KJ Garth,0,0,,,,,,,,,
1073405,2016/17,2017-02-08,Nondescripts Cricket Club Ground,1,13.5,Sri Lanka,Ireland,PM Weerakkody,MDN Hansika,KJ Garth,0,0,,,,,,,,,
1073405,2016/17,2017-02-08,Nondescripts Cricket Club Ground,1,13.6,Sri Lanka,Ireland,PM Weerakkody,MDN Hansika,KJ Garth,0,0,,,,,,,,,
1073405,2016/17,2017-02-08,Nondescripts Cricket Club Ground,1,14.1,Sri Lanka,Ireland,MDN Hansika,PM Weerakkody,LN McCarthy,0,0,,,,,,,,,
1073405,2016/17,2017-02-08,Nondescripts Cricket Club Ground,1,14.2,Sri Lanka,Ireland,MDN Hansika,PM Weerakkody,LN McCarthy,0,0,,,,,,,,,
1073405,2016/17,2017-02-08,Nondescripts Cricket Club Ground,1,14.3,Sri Lanka,Ireland,MDN Hansika,PM Weerakkody,LN McCarthy,0,0,,,,,,,,,
1073405,2016/17,2017-02-08,Nondescripts Cricket Club Ground,1,14.4,Sri Lanka,Ireland,MDN Hansika,PM Weerakkody,LN McCarthy,2,0,,,,,,,,,
1073405,2016/17,2017-02-08,Nondescripts Cricket Club Ground,1,14.5,Sri Lanka,Ireland,MDN Hansika,PM Weerakkody,LN McCarthy,0,0,,,,,,,,,
1073405,2016/17,2017-02-08,Nondescripts Cricket Club Ground,1,14.6,Sri Lanka,Ireland,MDN Hansika,PM Weerakkody,LN McCarthy,0,0,,,,,,,,,
1073405,2016/17,2017-02-08,Nondescripts Cricket Club Ground,1,15.1,Sri Lanka,Ireland,PM Weerakkody,MDN Hansika,KJ Garth,0,0,,,,,,,,,
1073405,2016/17,2017-02-08,Nondescripts Cricket Club Ground,1,15.2,Sri Lanka,Ireland,PM Weerakkody,MDN Hansika,KJ Garth,2,0,,,,,,,,,
1073405,2016/17,2017-02-08,Nondescripts Cricket Club Ground,1,15.3,Sri Lanka,Ireland,PM Weerakkody,MDN Hansika,KJ Garth,0,0,,,,,,,,,
1073405,2016/17,2017-02-08,Nondescripts Cricket Club Ground,1,15.4,Sri Lanka,Ireland,PM Weerakkody,MDN Hansika,KJ Garth,0,0,,,,,,,,,
1073405,2016/17,2017-02-08,Nondescripts Cricket Club Ground,1,15.5,Sri Lanka,Ireland,PM Weerakkody,MDN Hansika,KJ Garth,1,0,,,,,,,,,
1073405,2016/17,2017-02-08,Nondescripts Cricket Club Ground,1,15.6,Sri Lanka,Ireland,MDN Hansika,PM Weerakkody,KJ Garth,0,0,,,,,,,,,
1073405,2016/17,2017-02-08,Nondescripts Cricket Club Ground,1,16.1,Sri Lanka,Ireland,PM Weerakkody,MDN Hansika,LN McCarthy,0,0,,,,,,,,,
1073405,2016/17,2017-02-08,Nondescripts Cricket Club Ground,1,16.2,Sri Lanka,Ireland,PM Weerakkody,MDN Hansika,LN McCarthy,4,0,,,,,,,,,
1073405,2016/17,2017-02-08,Nondescripts Cricket Club Ground,1,16.3,Sri Lanka,Ireland,PM Weerakkody,MDN Hansika,LN McCarthy,0,0,,,,,,,,,
1073405,2016/17,2017-02-08,Nondescripts Cricket Club Ground,1,16.4,Sri Lanka,Ireland,PM Weerakkody,MDN Hansika,LN McCarthy,0,0,,,,,,,,,
1073405,2016/17,2017-02-08,Nondescripts Cricket Club Ground,1,16.5,Sri Lanka,Ireland,PM Weerakkody,MDN Hansika,LN McCarthy,0,0,,,,,,,,,
1073405,2016/17,2017-02-08,Nondescripts Cricket Club Ground,1,16.6,Sri Lanka,Ireland,PM Weerakkody,MDN Hansika,LN McCarthy,0,0,,,,,,,,,
1073405,2016/17,2017-02-08,Nondescripts Cricket Club Ground,1,17.1,Sri Lanka,Ireland,MDN Hansika,PM Weerakkody,KJ Garth,0,0,,,,,,,,,
1073405,2016/17,2017-02-08,Nondescripts Cricket Club Ground,1,17.2,Sri Lanka,Ireland,MDN Hansika,PM Weerakkody,KJ Garth,4,0,,,,,,,,,
1073405,2016/17,2017-02-08,Nondescripts Cricket Club Ground,1,17.3,Sri Lanka,Ireland,MDN Hansika,PM Weerakkody,KJ Garth,0,0,,,,,,,,,
1073405,2016/17,2017-02-08,Nondescripts Cricket Club Ground,1,17.4,Sri Lanka,Ireland,MDN Hansika,PM Weerakkody,KJ Garth,0,0,,,,,,,,,
1073405,2016/17,2017-02-08,Nondescripts Cricket Club Ground,1,17.5,Sri Lanka,Ireland,MDN Hansika,PM Weerakkody,KJ Garth,0,0,,,,,,,,,
1073405,2016/17,2017-02-08,Nondescripts Cricket Club Ground,1,17.6,Sri Lanka,Ireland,MDN Hansika,PM Weerakkody,KJ Garth,0,0,,,,,,,,,
1073405,2016/17,2017-02-08,Nondescripts Cricket Club Ground,1,18.1,Sri Lanka,Ireland,PM Weerakkody,MDN Hansika,LN McCarthy,1,0,,,,,,,,,
1073405,2016/17,2017-02-08,Nondescripts Cricket Club Ground,1,18.2,Sri Lanka,Ireland,MDN Hansika,PM Weerakkody,LN McCarthy,1,0,,,,,,,,,
1073405,2016/17,2017-02-08,Nondescripts Cricket Club Ground,1,18.3,Sri Lanka,Ireland,PM Weerakkody,MDN Hansika,LN McCarthy,1,0,,,,,,,,,
1073405,2016/17,2017-02-08,Nondescripts Cricket Club Ground,1,18.4,Sri Lanka,Ireland,MDN Hansika,PM Weerakkody,LN McCarthy,1,0,,,,,,,,,
1073405,2016/17,2017-02-08,Nondescripts Cricket Club Ground,1,18.5,Sri Lanka,Ireland,PM Weerakkody,MDN Hansika,LN McCarthy,1,0,,,,,,,,,
1073405,2016/17,2017-02-08,Nondescripts Cricket Club Ground,1,18.6,Sri Lanka,Ireland,MDN Hansika,PM Weerakkody,LN McCarthy,0,0,,,,,,,,,
1073405,2016/17,2017-02-08,Nondescripts Cricket Club Ground,1,19.1,Sri Lanka,Ireland,PM Weerakkody,MDN Hansika,KJ Garth,0,0,,,,,,,,,
1073405,2016/17,2017-02-08,Nondescripts Cricket Club Ground,1,19.2,Sri Lanka,Ireland,PM Weerakkody,MDN Hansika,KJ Garth,1,0,,,,,,,,,
1073405,2016/17,2017-02-08,Nondescripts Cricket Club Ground,1,19.3,Sri Lanka,Ireland,MDN Hansika,PM Weerakkody,KJ Garth,0,0,,,,,,,,,
1073405,2016/17,2017-02-08,Nondescripts Cricket Club Ground,1,19.4,Sri Lanka,Ireland,MDN Hansika,PM Weerakkody,KJ Garth,0,0,,,,,,,,,
1073405,2016/17,2017-02-08,Nondescripts Cricket Club Ground,1,19.5,Sri Lanka,Ireland,MDN Hansika,PM Weerakkody,KJ Garth,0,0,,,,,,,,,
1073405,2016/17,2017-02-08,Nondescripts Cricket Club Ground,1,19.6,Sri Lanka,Ireland,MDN Hansika,PM Weerakkody,KJ Garth,0,0,,,,,,,,,
1073405,2016/17,2017-02-08,Nondescripts Cricket Club Ground,1,20.1,Sri Lanka,Ireland,PM Weerakkody,MDN Hansika,CJ Metcalfe,0,0,,,,,,,,,
1073405,2016/17,2017-02-08,Nondescripts Cricket Club Ground,1,20.2,Sri Lanka,Ireland,PM Weerakkody,MDN Hansika,CJ Metcalfe,0,0,,,,,,,,,
1073405,2016/17,2017-02-08,Nondescripts Cricket Club Ground,1,20.3,Sri Lanka,Ireland,PM Weerakkody,MDN Hansika,CJ Metcalfe,0,0,,,,,,,,,
1073405,2016/17,2017-02-08,Nondescripts Cricket Club Ground,1,20.4,Sri Lanka,Ireland,PM Weerakkody,MDN Hansika,CJ Metcalfe,0,0,,,,,,,,,
1073405,2016/17,2017-02-08,Nondescripts Cricket Club Ground,1,20.5,Sri Lanka,Ireland,PM Weerakkody,MDN Hansika,CJ Metcalfe,4,0,,,,,,,,,
1073405,2016/17,2017-02-08,Nondescripts Cricket Club Ground,1,20.6,Sri Lanka,Ireland,PM Weerakkody,MDN Hansika,CJ Metcalfe,0,0,,,,,,,,,
1073405,2016/17,2017-02-08,Nondescripts Cricket Club Ground,1,21.1,Sri Lanka,Ireland,MDN Hansika,PM Weerakkody,GH Lewis,1,0,,,,,,,,,
1073405,2016/17,2017-02-08,Nondescripts Cricket Club Ground,1,21.2,Sri Lanka,Ireland,PM Weerakkody,MDN Hansika,GH Lewis,2,0,,,,,,,,,
1073405,2016/17,2017-02-08,Nondescripts Cricket Club Ground,1,21.3,Sri Lanka,Ireland,PM Weerakkody,MDN Hansika,GH Lewis,0,0,,,,,,,,,
1073405,2016/17,2017-02-08,Nondescripts Cricket Club Ground,1,21.4,Sri Lanka,Ireland,PM Weerakkody,MDN Hansika,GH Lewis,0,0,,,,,,,,,
1073405,2016/17,2017-02-08,Nondescripts Cricket Club Ground,1,21.5,Sri Lanka,Ireland,PM Weerakkody,MDN Hansika,GH Lewis,1,0,,,,,,,,,
1073405,2016/17,2017-02-08,Nondescripts Cricket Club Ground,1,21.6,Sri Lanka,Ireland,MDN Hansika,PM Weerakkody,GH Lewis,0,0,,,,,,,,,
1073405,2016/17,2017-02-08,Nondescripts Cricket Club Ground,1,22.1,Sri Lanka,Ireland,PM Weerakkody,MDN Hansika,CJ Metcalfe,0,0,,,,,,,,,
1073405,2016/17,2017-02-08,Nondescripts Cricket Club Ground,1,22.2,Sri Lanka,Ireland,PM Weerakkody,MDN Hansika,CJ Metcalfe,4,0,,,,,,,,,
1073405,2016/17,2017-02-08,Nondescripts Cricket Club Ground,1,22.3,Sri Lanka,Ireland,PM Weerakkody,MDN Hansika,CJ Metcalfe,0,0,,,,,,,,,
1073405,2016/17,2017-02-08,Nondescripts Cricket Club Ground,1,22.4,Sri Lanka,Ireland,PM Weerakkody,MDN Hansika,CJ Metcalfe,0,0,,,,,,,,,
1073405,2016/17,2017-02-08,Nondescripts Cricket Club Ground,1,22.5,Sri Lanka,Ireland,PM Weerakkody,MDN Hansika,CJ Metcalfe,4,0,,,,,,,,,
1073405,2016/17,2017-02-08,Nondescripts Cricket Club Ground,1,22.6,Sri Lanka,Ireland,PM Weerakkody,MDN Hansika,CJ Metcalfe,0,0,,,,,,,,,
1073405,2016/17,2017-02-08,Nondescripts Cricket Club Ground,1,23.1,Sri Lanka,Ireland,MDN Hansika,PM Weerakkody,GH Lewis,1,0,,,,,,,,,
1073405,2016/17,2017-02-08,Nondescripts Cricket Club Ground,1,23.2,Sri Lanka,Ireland,PM Weerakkody,MDN Hansika,GH Lewis,2,0,,,,,,,,,
1073405,2016/17,2017-02-08,Nondescripts Cricket Club Ground,1,23.3,Sri Lanka,Ireland,PM Weerakkody,MDN Hansika,GH Lewis,1,0,,,,,,,,,
1073405,2016/17,2017-02-08,Nondescripts Cricket Club Ground,1,23.4,Sri Lanka,Ireland,MDN Hansika,PM Weerakkody,GH Lewis,0,0,,,,,,,,,
1073405,2016/17,2017-02-08,Nondescripts Cricket Club Ground,1,23.5,Sri Lanka,Ireland,MDN Hansika,PM Weerakkody,GH Lewis,0,0,,,,,,,,,
1073405,2016/17,2017-02-08,Nondescripts Cricket Club Ground,1,23.6,Sri Lanka,Ireland,MDN Hansika,PM Weerakkody,GH Lewis,1,0,,,,,,,,,
1073405,2016/17,2017-02-08,Nondescripts Cricket Club Ground,1,24.1,Sri Lanka,Ireland,MDN Hansika,PM Weerakkody,CJ Metcalfe,0,0,,,,,,,,,
1073405,2016/17,2017-02-08,Nondescripts Cricket Club Ground,1,24.2,Sri Lanka,Ireland,MDN Hansika,PM Weerakkody,CJ Metcalfe,0,0,,,,,,,,,
1073405,2016/17,2017-02-08,Nondescripts Cricket Club Ground,1,24.3,Sri Lanka,Ireland,MDN Hansika,PM Weerakkody,CJ Metcalfe,0,0,,,,,,,,,
1073405,2016/17,2017-02-08,Nondescripts Cricket Club Ground,1,24.4,Sri Lanka,Ireland,MDN Hansika,PM Weerakkody,CJ Metcalfe,0,0,,,,,,,,,
1073405,2016/17,2017-02-08,Nondescripts Cricket Club Ground,1,24.5,Sri Lanka,Ireland,MDN Hansika,PM Weerakkody,CJ Metcalfe,4,0,,,,,,,,,
1073405,2016/17,2017-02-08,Nondescripts Cricket Club Ground,1,24.6,Sri Lanka,Ireland,MDN Hansika,PM Weerakkody,CJ Metcalfe,0,0,,,,,,,,,
1073405,2016/17,2017-02-08,Nondescripts Cricket Club Ground,1,25.1,Sri Lanka,Ireland,PM Weerakkody,MDN Hansika,GH Lewis,1,0,,,,,,,,,
1073405,2016/17,2017-02-08,Nondescripts Cricket Club Ground,1,25.2,Sri Lanka,Ireland,MDN Hansika,PM Weerakkody,GH Lewis,1,0,,,,,,,,,
1073405,2016/17,2017-02-08,Nondescripts Cricket Club Ground,1,25.3,Sri Lanka,Ireland,PM Weerakkody,MDN Hansika,GH Lewis,1,0,,,,,,,,,
1073405,2016/17,2017-02-08,Nondescripts Cricket Club Ground,1,25.4,Sri Lanka,Ireland,MDN Hansika,PM Weerakkody,GH Lewis,1,0,,,,,,,,,
1073405,2016/17,2017-02-08,Nondescripts Cricket Club Ground,1,25.5,Sri Lanka,Ireland,PM Weerakkody,MDN Hansika,GH Lewis,0,0,,,,,,,,,
1073405,2016/17,2017-02-08,Nondescripts Cricket Club Ground,1,25.6,Sri Lanka,Ireland,PM Weerakkody,MDN Hansika,GH Lewis,1,0,,,,,,,,,
1073405,2016/17,2017-02-08,Nondescripts Cricket Club Ground,1,26.1,Sri Lanka,Ireland,PM Weerakkody,MDN Hansika,CJ Metcalfe,0,0,,,,,,,,,
1073405,2016/17,2017-02-08,Nondescripts Cricket Club Ground,1,26.2,Sri Lanka,Ireland,PM Weerakkody,MDN Hansika,CJ Metcalfe,0,0,,,,,,,,,
1073405,2016/17,2017-02-08,Nondescripts Cricket Club Ground,1,26.3,Sri Lanka,Ireland,PM Weerakkody,MDN Hansika,CJ Metcalfe,0,0,,,,,,,,,
1073405,2016/17,2017-02-08,Nondescripts Cricket Club Ground,1,26.4,Sri Lanka,Ireland,PM Weerakkody,MDN Hansika,CJ Metcalfe,4,0,,,,,,,,,
1073405,2016/17,2017-02-08,Nondescripts Cricket Club Ground,1,26.5,Sri Lanka,Ireland,PM Weerakkody,MDN Hansika,CJ Metcalfe,0,0,,,,,,,,,
1073405,2016/17,2017-02-08,Nondescripts Cricket Club Ground,1,26.6,Sri Lanka,Ireland,PM Weerakkody,MDN Hansika,CJ Metcalfe,0,0,,,,,,,,,
1073405,2016/17,2017-02-08,Nondescripts Cricket Club Ground,1,27.1,Sri Lanka,Ireland,MDN Hansika,PM Weerakkody,RA Lewis,4,0,,,,,,,,,
1073405,2016/17,2017-02-08,Nondescripts Cricket Club Ground,1,27.2,Sri Lanka,Ireland,MDN Hansika,PM Weerakkody,RA Lewis,4,0,,,,,,,,,
1073405,2016/17,2017-02-08,Nondescripts Cricket Club Ground,1,27.3,Sri Lanka,Ireland,MDN Hansika,PM Weerakkody,RA Lewis,0,1,1,,,,,,,,
1073405,2016/17,2017-02-08,Nondescripts Cricket Club Ground,1,27.4,Sri Lanka,Ireland,MDN Hansika,PM Weerakkody,RA Lewis,0,0,,,,,,caught,MDN Hansika,,
1073405,2016/17,2017-02-08,Nondescripts Cricket Club Ground,1,27.5,Sri Lanka,Ireland,MADD Surangika,PM Weerakkody,RA Lewis,0,0,,,,,,,,,
1073405,2016/17,2017-02-08,Nondescripts Cricket Club Ground,1,27.6,Sri Lanka,Ireland,MADD Surangika,PM Weerakkody,RA Lewis,0,0,,,,,,,,,
1073405,2016/17,2017-02-08,Nondescripts Cricket Club Ground,1,27.7,Sri Lanka,Ireland,MADD Surangika,PM Weerakkody,RA Lewis,0,0,,,,,,,,,
1073405,2016/17,2017-02-08,Nondescripts Cricket Club Ground,1,28.1,Sri Lanka,Ireland,PM Weerakkody,MADD Surangika,CJ Metcalfe,0,0,,,,,,,,,
1073405,2016/17,2017-02-08,Nondescripts Cricket Club Ground,1,28.2,Sri Lanka,Ireland,PM Weerakkody,MADD Surangika,CJ Metcalfe,4,0,,,,,,,,,
1073405,2016/17,2017-02-08,Nondescripts Cricket Club Ground,1,28.3,Sri Lanka,Ireland,PM Weerakkody,MADD Surangika,CJ Metcalfe,0,0,,,,,,,,,
1073405,2016/17,2017-02-08,Nondescripts Cricket Club Ground,1,28.4,Sri Lanka,Ireland,PM Weerakkody,MADD Surangika,CJ Metcalfe,4,0,,,,,,,,,
1073405,2016/17,2017-02-08,Nondescripts Cricket Club Ground,1,28.5,Sri Lanka,Ireland,PM Weerakkody,MADD Surangika,CJ Metcalfe,4,0,,,,,,,,,
1073405,2016/17,2017-02-08,Nondescripts Cricket Club Ground,1,28.6,Sri Lanka,Ireland,PM Weerakkody,MADD Surangika,CJ Metcalfe,0,0,,,,,,,,,
1073405,2016/17,2017-02-08,Nondescripts Cricket Club Ground,1,29.1,Sri Lanka,Ireland,MADD Surangika,PM Weerakkody,RA Lewis,0,0,,,,,,,,,
1073405,2016/17,2017-02-08,Nondescripts Cricket Club Ground,1,29.2,Sri Lanka,Ireland,MADD Surangika,PM Weerakkody,RA Lewis,1,0,,,,,,,,,
1073405,2016/17,2017-02-08,Nondescripts Cricket Club Ground,1,29.3,Sri Lanka,Ireland,PM Weerakkody,MADD Surangika,RA Lewis,1,0,,,,,,,,,
1073405,2016/17,2017-02-08,Nondescripts Cricket Club Ground,1,29.4,Sri Lanka,Ireland,MADD Surangika,PM Weerakkody,RA Lewis,1,0,,,,,,,,,
1073405,2016/17,2017-02-08,Nondescripts Cricket Club Ground,1,29.5,Sri Lanka,Ireland,PM Weerakkody,MADD Surangika,RA Lewis,0,0,,,,,,,,,
1073405,2016/17,2017-02-08,Nondescripts Cricket Club Ground,1,29.6,Sri Lanka,Ireland,PM Weerakkody,MADD Surangika,RA Lewis,2,0,,,,,,,,,
1073405,2016/17,2017-02-08,Nondescripts Cricket Club Ground,1,30.1,Sri Lanka,Ireland,MADD Surangika,PM Weerakkody,CJ Metcalfe,0,0,,,,,,,,,
1073405,2016/17,2017-02-08,Nondescripts Cricket Club Ground,1,30.2,Sri Lanka,Ireland,MADD Surangika,PM Weerakkody,CJ Metcalfe,0,0,,,,,,,,,
1073405,2016/17,2017-02-08,Nondescripts Cricket Club Ground,1,30.3,Sri Lanka,Ireland,MADD Surangika,PM Weerakkody,CJ Metcalfe,2,0,,,,,,,,,
1073405,2016/17,2017-02-08,Nondescripts Cricket Club Ground,1,30.4,Sri Lanka,Ireland,MADD Surangika,PM Weerakkody,CJ Metcalfe,0,0,,,,,,,,,
1073405,2016/17,2017-02-08,Nondescripts Cricket Club Ground,1,30.5,Sri Lanka,Ireland,MADD Surangika,PM Weerakkody,CJ Metcalfe,1,0,,,,,,,,,
1073405,2016/17,2017-02-08,Nondescripts Cricket Club Ground,1,30.6,Sri Lanka,Ireland,PM Weerakkody,MADD Surangika,CJ Metcalfe,0,0,,,,,,,,,
1073405,2016/17,2017-02-08,Nondescripts Cricket Club Ground,1,31.1,Sri Lanka,Ireland,MADD Surangika,PM Weerakkody,RA Lewis,1,0,,,,,,,,,
1073405,2016/17,2017-02-08,Nondescripts Cricket Club Ground,1,31.2,Sri Lanka,Ireland,PM Weerakkody,MADD Surangika,RA Lewis,1,0,,,,,,,,,
1073405,2016/17,2017-02-08,Nondescripts Cricket Club Ground,1,31.3,Sri Lanka,Ireland,MADD Surangika,PM Weerakkody,RA Lewis,0,0,,,,,,,,,
1073405,2016/17,2017-02-08,Nondescripts Cricket Club Ground,1,31.4,Sri Lanka,Ireland,MADD Surangika,PM Weerakkody,RA Lewis,1,0,,,,,,,,,
1073405,2016/17,2017-02-08,Nondescripts Cricket Club Ground,1,31.5,Sri Lanka,Ireland,PM Weerakkody,MADD Surangika,RA Lewis,1,0,,,,,,,,,
1073405,2016/17,2017-02-08,Nondescripts Cricket Club Ground,1,31.6,Sri Lanka,Ireland,MADD Surangika,PM Weerakkody,RA Lewis,1,0,,,,,,,,,
1073405,2016/17,2017-02-08,Nondescripts Cricket Club Ground,1,32.1,Sri Lanka,Ireland,MADD Surangika,PM Weerakkody,KJ Garth,1,0,,,,,,,,,
1073405,2016/17,2017-02-08,Nondescripts Cricket Club Ground,1,32.2,Sri Lanka,Ireland,PM Weerakkody,MADD Surangika,KJ Garth,0,0,,,,,,,,,
1073405,2016/17,2017-02-08,Nondescripts Cricket Club Ground,1,32.3,Sri Lanka,Ireland,PM Weerakkody,MADD Surangika,KJ Garth,1,0,,,,,,,,,
1073405,2016/17,2017-02-08,Nondescripts Cricket Club Ground,1,32.4,Sri Lanka,Ireland,MADD Surangika,PM Weerakkody,KJ Garth,0,0,,,,,,,,,
1073405,2016/17,2017-02-08,Nondescripts Cricket Club Ground,1,32.5,Sri Lanka,Ireland,MADD Surangika,PM Weerakkody,KJ Garth,0,0,,,,,,,,,
1073405,2016/17,2017-02-08,Nondescripts Cricket Club Ground,1,32.6,Sri Lanka,Ireland,MADD Surangika,PM Weerakkody,KJ Garth,1,0,,,,,,,,,
1073405,2016/17,2017-02-08,Nondescripts Cricket Club Ground,1,33.1,Sri Lanka,Ireland,MADD Surangika,PM Weerakkody,GH Lewis,0,0,,,,,,,,,
1073405,2016/17,2017-02-08,Nondescripts Cricket Club Ground,1,33.2,Sri Lanka,Ireland,MADD Surangika,PM Weerakkody,GH Lewis,0,0,,,,,,,,,
1073405,2016/17,2017-02-08,Nondescripts Cricket Club Ground,1,33.3,Sri Lanka,Ireland,MADD Surangika,PM Weerakkody,GH Lewis,0,0,,,,,,,,,
1073405,2016/17,2017-02-08,Nondescripts Cricket Club Ground,1,33.4,Sri Lanka,Ireland,MADD Surangika,PM Weerakkody,GH Lewis,1,0,,,,,,,,,
1073405,2016/17,2017-02-08,Nondescripts Cricket Club Ground,1,33.5,Sri Lanka,Ireland,PM Weerakkody,MADD Surangika,GH Lewis,1,0,,,,,,,,,
1073405,2016/17,2017-02-08,Nondescripts Cricket Club Ground,1,33.6,Sri Lanka,Ireland,MADD Surangika,PM Weerakkody,GH Lewis,0,0,,,,,,,,,
1073405,2016/17,2017-02-08,Nondescripts Cricket Club Ground,1,34.1,Sri Lanka,Ireland,PM Weerakkody,MADD Surangika,KJ Garth,0,0,,,,,,,,,
1073405,2016/17,2017-02-08,Nondescripts Cricket Club Ground,1,34.2,Sri Lanka,Ireland,PM Weerakkody,MADD Surangika,KJ Garth,0,0,,,,,,,,,
1073405,2016/17,2017-02-08,Nondescripts Cricket Club Ground,1,34.3,Sri Lanka,Ireland,PM Weerakkody,MADD Surangika,KJ Garth,0,0,,,,,,,,,
1073405,2016/17,2017-02-08,Nondescripts Cricket Club Ground,1,34.4,Sri Lanka,Ireland,PM Weerakkody,MADD Surangika,KJ Garth,1,0,,,,,,,,,
1073405,2016/17,2017-02-08,Nondescripts Cricket Club Ground,1,34.5,Sri Lanka,Ireland,MADD Surangika,PM Weerakkody,KJ Garth,0,0,,,,,,,,,
1073405,2016/17,2017-02-08,Nondescripts Cricket Club Ground,1,34.6,Sri Lanka,Ireland,MADD Surangika,PM Weerakkody,KJ Garth,1,0,,,,,,,,,
1073405,2016/17,2017-02-08,Nondescripts Cricket Club Ground,1,35.1,Sri Lanka,Ireland,MADD Surangika,PM Weerakkody,GH Lewis,1,0,,,,,,,,,
1073405,2016/17,2017-02-08,Nondescripts Cricket Club Ground,1,35.2,Sri Lanka,Ireland,PM Weerakkody,MADD Surangika,GH Lewis,1,0,,,,,,,,,
1073405,2016/17,2017-02-08,Nondescripts Cricket Club Ground,1,35.3,Sri Lanka,Ireland,MADD Surangika,PM Weerakkody,GH Lewis,1,0,,,,,,,,,
1073405,2016/17,2017-02-08,Nondescripts Cricket Club Ground,1,35.4,Sri Lanka,Ireland,PM Weerakkody,MADD Surangika,GH Lewis,0,0,,,,,,caught,PM Weerakkody,,
1073405,2016/17,2017-02-08,Nondescripts Cricket Club Ground,1,35.5,Sri Lanka,Ireland,GWHM Perera,MADD Surangika,GH Lewis,1,0,,,,,,,,,
1073405,2016/17,2017-02-08,Nondescripts Cricket Club Ground,1,35.6,Sri Lanka,Ireland,MADD Surangika,GWHM Perera,GH Lewis,0,0,,,,,,,,,
1073405,2016/17,2017-02-08,Nondescripts Cricket Club Ground,1,36.1,Sri Lanka,Ireland,GWHM Perera,MADD Surangika,KJ Garth,2,0,,,,,,,,,
1073405,2016/17,2017-02-08,Nondescripts Cricket Club Ground,1,36.2,Sri Lanka,Ireland,GWHM Perera,MADD Surangika,KJ Garth,4,0,,,,,,,,,
1073405,2016/17,2017-02-08,Nondescripts Cricket Club Ground,1,36.3,Sri Lanka,Ireland,GWHM Perera,MADD Surangika,KJ Garth,1,0,,,,,,,,,
1073405,2016/17,2017-02-08,Nondescripts Cricket Club Ground,1,36.4,Sri Lanka,Ireland,MADD Surangika,GWHM Perera,KJ Garth,4,0,,,,,,,,,
1073405,2016/17,2017-02-08,Nondescripts Cricket Club Ground,1,36.5,Sri Lanka,Ireland,MADD Surangika,GWHM Perera,KJ Garth,0,0,,,,,,,,,
1073405,2016/17,2017-02-08,Nondescripts Cricket Club Ground,1,36.6,Sri Lanka,Ireland,MADD Surangika,GWHM Perera,KJ Garth,4,0,,,,,,,,,
1073405,2016/17,2017-02-08,Nondescripts Cricket Club Ground,1,37.1,Sri Lanka,Ireland,GWHM Perera,MADD Surangika,GH Lewis,1,0,,,,,,,,,
1073405,2016/17,2017-02-08,Nondescripts Cricket Club Ground,1,37.2,Sri Lanka,Ireland,MADD Surangika,GWHM Perera,GH Lewis,1,0,,,,,,,,,
1073405,2016/17,2017-02-08,Nondescripts Cricket Club Ground,1,37.3,Sri Lanka,Ireland,GWHM Perera,MADD Surangika,GH Lewis,2,0,,,,,,,,,
1073405,2016/17,2017-02-08,Nondescripts Cricket Club Ground,1,37.4,Sri Lanka,Ireland,GWHM Perera,MADD Surangika,GH Lewis,1,0,,,,,,,,,
1073405,2016/17,2017-02-08,Nondescripts Cricket Club Ground,1,37.5,Sri Lanka,Ireland,MADD Surangika,GWHM Perera,GH Lewis,0,0,,,,,,,,,
1073405,2016/17,2017-02-08,Nondescripts Cricket Club Ground,1,37.6,Sri Lanka,Ireland,MADD Surangika,GWHM Perera,GH Lewis,2,0,,,,,,,,,
1073405,2016/17,2017-02-08,Nondescripts Cricket Club Ground,1,38.1,Sri Lanka,Ireland,GWHM Perera,MADD Surangika,CJ Metcalfe,0,0,,,,,,,,,
1073405,2016/17,2017-02-08,Nondescripts Cricket Club Ground,1,38.2,Sri Lanka,Ireland,GWHM Perera,MADD Surangika,CJ Metcalfe,1,0,,,,,,,,,
1073405,2016/17,2017-02-08,Nondescripts Cricket Club Ground,1,38.3,Sri Lanka,Ireland,MADD Surangika,GWHM Perera,CJ Metcalfe,1,0,,,,,,,,,
1073405,2016/17,2017-02-08,Nondescripts Cricket Club Ground,1,38.4,Sri Lanka,Ireland,GWHM Perera,MADD Surangika,CJ Metcalfe,4,0,,,,,,,,,
1073405,2016/17,2017-02-08,Nondescripts Cricket Club Ground,1,38.5,Sri Lanka,Ireland,GWHM Perera,MADD Surangika,CJ Metcalfe,0,0,,,,,,,,,
1073405,2016/17,2017-02-08,Nondescripts Cricket Club Ground,1,38.6,Sri Lanka,Ireland,GWHM Perera,MADD Surangika,CJ Metcalfe,0,0,,,,,,,,,
1073405,2016/17,2017-02-08,Nondescripts Cricket Club Ground,1,39.1,Sri Lanka,Ireland,MADD Surangika,GWHM Perera,GH Lewis,0,0,,,,,,,,,
1073405,2016/17,2017-02-08,Nondescripts Cricket Club Ground,1,39.2,Sri Lanka,Ireland,MADD Surangika,GWHM Perera,GH Lewis,0,0,,,,,,,,,
1073405,2016/17,2017-02-08,Nondescripts Cricket Club Ground,1,39.3,Sri Lanka,Ireland,MADD Surangika,GWHM Perera,GH Lewis,0,0,,,,,,,,,
1073405,2016/17,2017-02-08,Nondescripts Cricket Club Ground,1,39.4,Sri Lanka,Ireland,MADD Surangika,GWHM Perera,GH Lewis,2,0,,,,,,,,,
1073405,2016/17,2017-02-08,Nondescripts Cricket Club Ground,1,39.5,Sri Lanka,Ireland,MADD Surangika,GWHM Perera,GH Lewis,1,0,,,,,,,,,
1073405,2016/17,2017-02-08,Nondescripts Cricket Club Ground,1,39.6,Sri Lanka,Ireland,GWHM Perera,MADD Surangika,GH Lewis,0,0,,,,,,caught,GWHM Perera,,
1073405,2016/17,2017-02-08,Nondescripts Cricket Club Ground,1,40.1,Sri Lanka,Ireland,MADD Surangika,SS Weerakkody,CJ Metcalfe,1,0,,,,,,,,,
1073405,2016/17,2017-02-08,Nondescripts Cricket Club Ground,1,40.2,Sri Lanka,Ireland,SS Weerakkody,MADD Surangika,CJ Metcalfe,1,0,,,,,,,,,
1073405,2016/17,2017-02-08,Nondescripts Cricket Club Ground,1,40.3,Sri Lanka,Ireland,MADD Surangika,SS Weerakkody,CJ Metcalfe,0,0,,,,,,,,,
1073405,2016/17,2017-02-08,Nondescripts Cricket Club Ground,1,40.4,Sri Lanka,Ireland,MADD Surangika,SS Weerakkody,CJ Metcalfe,1,0,,,,,,,,,
1073405,2016/17,2017-02-08,Nondescripts Cricket Club Ground,1,40.5,Sri Lanka,Ireland,SS Weerakkody,MADD Surangika,CJ Metcalfe,1,0,,,,,,,,,
1073405,2016/17,2017-02-08,Nondescripts Cricket Club Ground,1,40.6,Sri Lanka,Ireland,MADD Surangika,SS Weerakkody,CJ Metcalfe,0,0,,,,,,,,,
1073405,2016/17,2017-02-08,Nondescripts Cricket Club Ground,1,41.1,Sri Lanka,Ireland,SS Weerakkody,MADD Surangika,GH Lewis,4,0,,,,,,,,,
1073405,2016/17,2017-02-08,Nondescripts Cricket Club Ground,1,41.2,Sri Lanka,Ireland,SS Weerakkody,MADD Surangika,GH Lewis,0,0,,,,,,,,,
1073405,2016/17,2017-02-08,Nondescripts Cricket Club Ground,1,41.3,Sri Lanka,Ireland,SS Weerakkody,MADD Surangika,GH Lewis,1,0,,,,,,,,,
1073405,2016/17,2017-02-08,Nondescripts Cricket Club Ground,1,41.4,Sri Lanka,Ireland,MADD Surangika,SS Weerakkody,GH Lewis,4,0,,,,,,,,,
1073405,2016/17,2017-02-08,Nondescripts Cricket Club Ground,1,41.5,Sri Lanka,Ireland,MADD Surangika,SS Weerakkody,GH Lewis,1,0,,,,,,,,,
1073405,2016/17,2017-02-08,Nondescripts Cricket Club Ground,1,41.6,Sri Lanka,Ireland,SS Weerakkody,MADD Surangika,GH Lewis,1,0,,,,,,,,,
1073405,2016/17,2017-02-08,Nondescripts Cricket Club Ground,1,42.1,Sri Lanka,Ireland,SS Weerakkody,MADD Surangika,CJ Metcalfe,0,0,,,,,,,,,
1073405,2016/17,2017-02-08,Nondescripts Cricket Club Ground,1,42.2,Sri Lanka,Ireland,SS Weerakkody,MADD Surangika,CJ Metcalfe,1,0,,,,,,,,,
1073405,2016/17,2017-02-08,Nondescripts Cricket Club Ground,1,42.3,Sri Lanka,Ireland,MADD Surangika,SS Weerakkody,CJ Metcalfe,1,0,,,,,,,,,
1073405,2016/17,2017-02-08,Nondescripts Cricket Club Ground,1,42.4,Sri Lanka,Ireland,SS Weerakkody,MADD Surangika,CJ Metcalfe,1,0,,,,,,,,,
1073405,2016/17,2017-02-08,Nondescripts Cricket Club Ground,1,42.5,Sri Lanka,Ireland,MADD Surangika,SS Weerakkody,CJ Metcalfe,1,0,,,,,,,,,
1073405,2016/17,2017-02-08,Nondescripts Cricket Club Ground,1,42.6,Sri Lanka,Ireland,SS Weerakkody,MADD Surangika,CJ Metcalfe,1,0,,,,,,,,,
1073405,2016/17,2017-02-08,Nondescripts Cricket Club Ground,1,43.1,Sri Lanka,Ireland,SS Weerakkody,MADD Surangika,IMHC Joyce,1,0,,,,,,,,,
1073405,2016/17,2017-02-08,Nondescripts Cricket Club Ground,1,43.2,Sri Lanka,Ireland,MADD Surangika,SS Weerakkody,IMHC Joyce,1,0,,,,,,,,,
1073405,2016/17,2017-02-08,Nondescripts Cricket Club Ground,1,43.3,Sri Lanka,Ireland,SS Weerakkody,MADD Surangika,IMHC Joyce,0,0,,,,,,caught,SS Weerakkody,,
1073405,2016/17,2017-02-08,Nondescripts Cricket Club Ground,1,43.4,Sri Lanka,Ireland,MADD Surangika,PRCS Kumarihami,IMHC Joyce,1,0,,,,,,,,,
1073405,2016/17,2017-02-08,Nondescripts Cricket Club Ground,1,43.5,Sri Lanka,Ireland,PRCS Kumarihami,MADD Surangika,IMHC Joyce,0,0,,,,,,,,,
1073405,2016/17,2017-02-08,Nondescripts Cricket Club Ground,1,43.6,Sri Lanka,Ireland,PRCS Kumarihami,MADD Surangika,IMHC Joyce,1,0,,,,,,,,,
1073405,2016/17,2017-02-08,Nondescripts Cricket Club Ground,1,44.1,Sri Lanka,Ireland,PRCS Kumarihami,MADD Surangika,KJ Garth,4,0,,,,,,,,,
1073405,2016/17,2017-02-08,Nondescripts Cricket Club Ground,1,44.2,Sri Lanka,Ireland,PRCS Kumarihami,MADD Surangika,KJ Garth,1,0,,,,,,,,,
1073405,2016/17,2017-02-08,Nondescripts Cricket Club Ground,1,44.3,Sri Lanka,Ireland,MADD Surangika,PRCS Kumarihami,KJ Garth,1,0,,,,,,,,,
1073405,2016/17,2017-02-08,Nondescripts Cricket Club Ground,1,44.4,Sri Lanka,Ireland,PRCS Kumarihami,MADD Surangika,KJ Garth,0,0,,,,,,,,,
1073405,2016/17,2017-02-08,Nondescripts Cricket Club Ground,1,44.5,Sri Lanka,Ireland,PRCS Kumarihami,MADD Surangika,KJ Garth,0,0,,,,,,,,,
1073405,2016/17,2017-02-08,Nondescripts Cricket Club Ground,1,44.6,Sri Lanka,Ireland,PRCS Kumarihami,MADD Surangika,KJ Garth,0,0,,,,,,,,,
1073405,2016/17,2017-02-08,Nondescripts Cricket Club Ground,1,45.1,Sri Lanka,Ireland,MADD Surangika,PRCS Kumarihami,IMHC Joyce,1,0,,,,,,,,,
1073405,2016/17,2017-02-08,Nondescripts Cricket Club Ground,1,45.2,Sri Lanka,Ireland,PRCS Kumarihami,MADD Surangika,IMHC Joyce,0,1,1,,,,,,,,
1073405,2016/17,2017-02-08,Nondescripts Cricket Club Ground,1,45.3,Sri Lanka,Ireland,PRCS Kumarihami,MADD Surangika,IMHC Joyce,0,0,,,,,,caught,PRCS Kumarihami,,
1073405,2016/17,2017-02-08,Nondescripts Cricket Club Ground,1,45.4,Sri Lanka,Ireland,KDU Prabodhani,MADD Surangika,IMHC Joyce,0,0,,,,,,,,,
1073405,2016/17,2017-02-08,Nondescripts Cricket Club Ground,1,45.5,Sri Lanka,Ireland,KDU Prabodhani,MADD Surangika,IMHC Joyce,2,0,,,,,,,,,
1073405,2016/17,2017-02-08,Nondescripts Cricket Club Ground,1,45.6,Sri Lanka,Ireland,KDU Prabodhani,MADD Surangika,IMHC Joyce,2,0,,,,,,,,,
1073405,2016/17,2017-02-08,Nondescripts Cricket Club Ground,1,45.7,Sri Lanka,Ireland,KDU Prabodhani,MADD Surangika,IMHC Joyce,4,0,,,,,,,,,
1073405,2016/17,2017-02-08,Nondescripts Cricket Club Ground,1,46.1,Sri Lanka,Ireland,MADD Surangika,KDU Prabodhani,KJ Garth,1,0,,,,,,,,,
1073405,2016/17,2017-02-08,Nondescripts Cricket Club Ground,1,46.2,Sri Lanka,Ireland,KDU Prabodhani,MADD Surangika,KJ Garth,4,0,,,,,,,,,
1073405,2016/17,2017-02-08,Nondescripts Cricket Club Ground,1,46.3,Sri Lanka,Ireland,KDU Prabodhani,MADD Surangika,KJ Garth,0,0,,,,,,,,,
1073405,2016/17,2017-02-08,Nondescripts Cricket Club Ground,1,46.4,Sri Lanka,Ireland,KDU Prabodhani,MADD Surangika,KJ Garth,4,0,,,,,,,,,
1073405,2016/17,2017-02-08,Nondescripts Cricket Club Ground,1,46.5,Sri Lanka,Ireland,KDU Prabodhani,MADD Surangika,KJ Garth,4,0,,,,,,,,,
1073405,2016/17,2017-02-08,Nondescripts Cricket Club Ground,1,46.6,Sri Lanka,Ireland,KDU Prabodhani,MADD Surangika,KJ Garth,1,0,,,,,,,,,
1073405,2016/17,2017-02-08,Nondescripts Cricket Club Ground,1,47.1,Sri Lanka,Ireland,KDU Prabodhani,MADD Surangika,IMHC Joyce,0,0,,,,,,,,,
1073405,2016/17,2017-02-08,Nondescripts Cricket Club Ground,1,47.2,Sri Lanka,Ireland,KDU Prabodhani,MADD Surangika,IMHC Joyce,0,0,,,,,,caught,KDU Prabodhani,,
1073405,2016/17,2017-02-08,Nondescripts Cricket Club Ground,1,47.3,Sri Lanka,Ireland,SIP Fernando,MADD Surangika,IMHC Joyce,1,0,,,,,,,,,
1073405,2016/17,2017-02-08,Nondescripts Cricket Club Ground,1,47.4,Sri Lanka,Ireland,MADD Surangika,SIP Fernando,IMHC Joyce,1,0,,,,,,,,,
1073405,2016/17,2017-02-08,Nondescripts Cricket Club Ground,1,47.5,Sri Lanka,Ireland,SIP Fernando,MADD Surangika,IMHC Joyce,1,0,,,,,,,,,
1073405,2016/17,2017-02-08,Nondescripts Cricket Club Ground,1,47.6,Sri Lanka,Ireland,MADD Surangika,SIP Fernando,IMHC Joyce,4,0,,,,,,,,,
1073405,2016/17,2017-02-08,Nondescripts Cricket Club Ground,1,48.1,Sri Lanka,Ireland,SIP Fernando,MADD Surangika,CJ Metcalfe,1,0,,,,,,,,,
1073405,2016/17,2017-02-08,Nondescripts Cricket Club Ground,1,48.2,Sri Lanka,Ireland,SIP Fernando,MADD Surangika,CJ Metcalfe,0,0,,,,,,,,,
1073405,2016/17,2017-02-08,Nondescripts Cricket Club Ground,1,48.3,Sri Lanka,Ireland,SIP Fernando,MADD Surangika,CJ Metcalfe,1,0,,,,,,,,,
1073405,2016/17,2017-02-08,Nondescripts Cricket Club Ground,1,48.4,Sri Lanka,Ireland,MADD Surangika,SIP Fernando,CJ Metcalfe,2,0,,,,,,,,,
1073405,2016/17,2017-02-08,Nondescripts Cricket Club Ground,1,48.5,Sri Lanka,Ireland,MADD Surangika,SIP Fernando,CJ Metcalfe,1,0,,,,,,,,,
1073405,2016/17,2017-02-08,Nondescripts Cricket Club Ground,1,48.6,Sri Lanka,Ireland,SIP Fernando,MADD Surangika,CJ Metcalfe,1,0,,,,,,,,,
1073405,2016/17,2017-02-08,Nondescripts Cricket Club Ground,1,49.1,Sri Lanka,Ireland,SIP Fernando,MADD Surangika,IMHC Joyce,1,0,,,,,,,,,
1073405,2016/17,2017-02-08,Nondescripts Cricket Club Ground,1,49.2,Sri Lanka,Ireland,MADD Surangika,SIP Fernando,IMHC Joyce,1,0,,,,,,,,,
1073405,2016/17,2017-02-08,Nondescripts Cricket Club Ground,1,49.3,Sri Lanka,Ireland,SIP Fernando,MADD Surangika,IMHC Joyce,1,0,,,,,,,,,
1073405,2016/17,2017-02-08,Nondescripts Cricket Club Ground,1,49.4,Sri Lanka,Ireland,MADD Surangika,SIP Fernando,IMHC Joyce,1,0,,,,,,,,,
1073405,2016/17,2017-02-08,Nondescripts Cricket Club Ground,1,49.5,Sri Lanka,Ireland,SIP Fernando,MADD Surangika,IMHC Joyce,4,0,,,,,,,,,
1073405,2016/17,2017-02-08,Nondescripts Cricket Club Ground,1,49.6,Sri Lanka,Ireland,SIP Fernando,MADD Surangika,IMHC Joyce,0,0,,,,,,,,,
1073405,2016/17,2017-02-08,Nondescripts Cricket Club Ground,2,0.1,Ireland,Sri Lanka,MV Waldron,CNIM Joyce,KDU Prabodhani,0,0,,,,,,,,,
1073405,2016/17,2017-02-08,Nondescripts Cricket Club Ground,2,0.2,Ireland,Sri Lanka,MV Waldron,CNIM Joyce,KDU Prabodhani,0,0,,,,,,,,,
1073405,2016/17,2017-02-08,Nondescripts Cricket Club Ground,2,0.3,Ireland,Sri Lanka,MV Waldron,CNIM Joyce,KDU Prabodhani,0,0,,,,,,,,,
1073405,2016/17,2017-02-08,Nondescripts Cricket Club Ground,2,0.4,Ireland,Sri Lanka,MV Waldron,CNIM Joyce,KDU Prabodhani,0,0,,,,,,,,,
1073405,2016/17,2017-02-08,Nondescripts Cricket Club Ground,2,0.5,Ireland,Sri Lanka,MV Waldron,CNIM Joyce,KDU Prabodhani,0,0,,,,,,,,,
1073405,2016/17,2017-02-08,Nondescripts Cricket Club Ground,2,0.6,Ireland,Sri Lanka,MV Waldron,CNIM Joyce,KDU Prabodhani,0,0,,,,,,,,,
1073405,2016/17,2017-02-08,Nondescripts Cricket Club Ground,2,1.1,Ireland,Sri Lanka,CNIM Joyce,MV Waldron,SIP Fernando,0,0,,,,,,,,,
1073405,2016/17,2017-02-08,Nondescripts Cricket Club Ground,2,1.2,Ireland,Sri Lanka,CNIM Joyce,MV Waldron,SIP Fernando,0,0,,,,,,,,,
1073405,2016/17,2017-02-08,Nondescripts Cricket Club Ground,2,1.3,Ireland,Sri Lanka,CNIM Joyce,MV Waldron,SIP Fernando,0,0,,,,,,,,,
1073405,2016/17,2017-02-08,Nondescripts Cricket Club Ground,2,1.4,Ireland,Sri Lanka,CNIM Joyce,MV Waldron,SIP Fernando,0,0,,,,,,,,,
1073405,2016/17,2017-02-08,Nondescripts Cricket Club Ground,2,1.5,Ireland,Sri Lanka,CNIM Joyce,MV Waldron,SIP Fernando,0,0,,,,,,,,,
1073405,2016/17,2017-02-08,Nondescripts Cricket Club Ground,2,1.6,Ireland,Sri Lanka,CNIM Joyce,MV Waldron,SIP Fernando,4,0,,,,,,,,,
1073405,2016/17,2017-02-08,Nondescripts Cricket Club Ground,2,2.1,Ireland,Sri Lanka,MV Waldron,CNIM Joyce,KDU Prabodhani,0,0,,,,,,,,,
1073405,2016/17,2017-02-08,Nondescripts Cricket Club Ground,2,2.2,Ireland,Sri Lanka,MV Waldron,CNIM Joyce,KDU Prabodhani,0,0,,,,,,,,,
1073405,2016/17,2017-02-08,Nondescripts Cricket Club Ground,2,2.3,Ireland,Sri Lanka,MV Waldron,CNIM Joyce,KDU Prabodhani,0,0,,,,,,run out,CNIM Joyce,,
1073405,2016/17,2017-02-08,Nondescripts Cricket Club Ground,2,2.4,Ireland,Sri Lanka,KJ Garth,MV Waldron,KDU Prabodhani,0,0,,,,,,,,,
1073405,2016/17,2017-02-08,Nondescripts Cricket Club Ground,2,2.5,Ireland,Sri Lanka,KJ Garth,MV Waldron,KDU Prabodhani,0,0,,,,,,,,,
1073405,2016/17,2017-02-08,Nondescripts Cricket Club Ground,2,2.6,Ireland,Sri Lanka,KJ Garth,MV Waldron,KDU Prabodhani,0,0,,,,,,,,,
1073405,2016/17,2017-02-08,Nondescripts Cricket Club Ground,2,3.1,Ireland,Sri Lanka,MV Waldron,KJ Garth,SIP Fernando,0,0,,,,,,,,,
1073405,2016/17,2017-02-08,Nondescripts Cricket Club Ground,2,3.2,Ireland,Sri Lanka,MV Waldron,KJ Garth,SIP Fernando,0,0,,,,,,,,,
1073405,2016/17,2017-02-08,Nondescripts Cricket Club Ground,2,3.3,Ireland,Sri Lanka,MV Waldron,KJ Garth,SIP Fernando,1,0,,,,,,,,,
1073405,2016/17,2017-02-08,Nondescripts Cricket Club Ground,2,3.4,Ireland,Sri Lanka,KJ Garth,MV Waldron,SIP Fernando,0,0,,,,,,,,,
1073405,2016/17,2017-02-08,Nondescripts Cricket Club Ground,2,3.5,Ireland,Sri Lanka,KJ Garth,MV Waldron,SIP Fernando,0,0,,,,,,,,,
1073405,2016/17,2017-02-08,Nondescripts Cricket Club Ground,2,3.6,Ireland,Sri Lanka,KJ Garth,MV Waldron,SIP Fernando,1,0,,,,,,,,,
1073405,2016/17,2017-02-08,Nondescripts Cricket Club Ground,2,4.1,Ireland,Sri Lanka,KJ Garth,MV Waldron,KDU Prabodhani,2,0,,,,,,,,,
1073405,2016/17,2017-02-08,Nondescripts Cricket Club Ground,2,4.2,Ireland,Sri Lanka,KJ Garth,MV Waldron,KDU Prabodhani,0,0,,,,,,,,,
1073405,2016/17,2017-02-08,Nondescripts Cricket Club Ground,2,4.3,Ireland,Sri Lanka,KJ Garth,MV Waldron,KDU Prabodhani,1,0,,,,,,,,,
1073405,2016/17,2017-02-08,Nondescripts Cricket Club Ground,2,4.4,Ireland,Sri Lanka,MV Waldron,KJ Garth,KDU Prabodhani,0,0,,,,,,,,,
1073405,2016/17,2017-02-08,Nondescripts Cricket Club Ground,2,4.5,Ireland,Sri Lanka,MV Waldron,KJ Garth,KDU Prabodhani,0,0,,,,,,,,,
1073405,2016/17,2017-02-08,Nondescripts Cricket Club Ground,2,4.6,Ireland,Sri Lanka,MV Waldron,KJ Garth,KDU Prabodhani,2,0,,,,,,,,,
1073405,2016/17,2017-02-08,Nondescripts Cricket Club Ground,2,5.1,Ireland,Sri Lanka,KJ Garth,MV Waldron,SIP Fernando,0,0,,,,,,,,,
1073405,2016/17,2017-02-08,Nondescripts Cricket Club Ground,2,5.2,Ireland,Sri Lanka,KJ Garth,MV Waldron,SIP Fernando,0,0,,,,,,,,,
1073405,2016/17,2017-02-08,Nondescripts Cricket Club Ground,2,5.3,Ireland,Sri Lanka,KJ Garth,MV Waldron,SIP Fernando,0,0,,,,,,,,,
1073405,2016/17,2017-02-08,Nondescripts Cricket Club Ground,2,5.4,Ireland,Sri Lanka,KJ Garth,MV Waldron,SIP Fernando,0,0,,,,,,lbw,KJ Garth,,
1073405,2016/17,2017-02-08,Nondescripts Cricket Club Ground,2,5.5,Ireland,Sri Lanka,L Delany,MV Waldron,SIP Fernando,0,0,,,,,,,,,
1073405,2016/17,2017-02-08,Nondescripts Cricket Club Ground,2,5.6,Ireland,Sri Lanka,L Delany,MV Waldron,SIP Fernando,0,0,,,,,,,,,
1073405,2016/17,2017-02-08,Nondescripts Cricket Club Ground,2,6.1,Ireland,Sri Lanka,MV Waldron,L Delany,KDU Prabodhani,0,0,,,,,,,,,
1073405,2016/17,2017-02-08,Nondescripts Cricket Club Ground,2,6.2,Ireland,Sri Lanka,MV Waldron,L Delany,KDU Prabodhani,0,0,,,,,,,,,
1073405,2016/17,2017-02-08,Nondescripts Cricket Club Ground,2,6.3,Ireland,Sri Lanka,MV Waldron,L Delany,KDU Prabodhani,0,0,,,,,,,,,
1073405,2016/17,2017-02-08,Nondescripts Cricket Club Ground,2,6.4,Ireland,Sri Lanka,MV Waldron,L Delany,KDU Prabodhani,0,0,,,,,,,,,
1073405,2016/17,2017-02-08,Nondescripts Cricket Club Ground,2,6.5,Ireland,Sri Lanka,MV Waldron,L Delany,KDU Prabodhani,0,0,,,,,,,,,
1073405,2016/17,2017-02-08,Nondescripts Cricket Club Ground,2,6.6,Ireland,Sri Lanka,MV Waldron,L Delany,KDU Prabodhani,0,0,,,,,,,,,
1073405,2016/17,2017-02-08,Nondescripts Cricket Club Ground,2,7.1,Ireland,Sri Lanka,L Delany,MV Waldron,SIP Fernando,1,0,,,,,,,,,
1073405,2016/17,2017-02-08,Nondescripts Cricket Club Ground,2,7.2,Ireland,Sri Lanka,MV Waldron,L Delany,SIP Fernando,0,0,,,,,,,,,
1073405,2016/17,2017-02-08,Nondescripts Cricket Club Ground,2,7.3,Ireland,Sri Lanka,MV Waldron,L Delany,SIP Fernando,0,0,,,,,,,,,
1073405,2016/17,2017-02-08,Nondescripts Cricket Club Ground,2,7.4,Ireland,Sri Lanka,MV Waldron,L Delany,SIP Fernando,0,0,,,,,,,,,
1073405,2016/17,2017-02-08,Nondescripts Cricket Club Ground,2,7.5,Ireland,Sri Lanka,MV Waldron,L Delany,SIP Fernando,2,0,,,,,,,,,
1073405,2016/17,2017-02-08,Nondescripts Cricket Club Ground,2,7.6,Ireland,Sri Lanka,MV Waldron,L Delany,SIP Fernando,0,0,,,,,,,,,
1073405,2016/17,2017-02-08,Nondescripts Cricket Club Ground,2,8.1,Ireland,Sri Lanka,L Delany,MV Waldron,KDU Prabodhani,1,0,,,,,,,,,
1073405,2016/17,2017-02-08,Nondescripts Cricket Club Ground,2,8.2,Ireland,Sri Lanka,MV Waldron,L Delany,KDU Prabodhani,0,0,,,,,,,,,
1073405,2016/17,2017-02-08,Nondescripts Cricket Club Ground,2,8.3,Ireland,Sri Lanka,MV Waldron,L Delany,KDU Prabodhani,0,0,,,,,,,,,
1073405,2016/17,2017-02-08,Nondescripts Cricket Club Ground,2,8.4,Ireland,Sri Lanka,MV Waldron,L Delany,KDU Prabodhani,0,0,,,,,,,,,
1073405,2016/17,2017-02-08,Nondescripts Cricket Club Ground,2,8.5,Ireland,Sri Lanka,MV Waldron,L Delany,KDU Prabodhani,1,0,,,,,,,,,
1073405,2016/17,2017-02-08,Nondescripts Cricket Club Ground,2,8.6,Ireland,Sri Lanka,L Delany,MV Waldron,KDU Prabodhani,0,0,,,,,,,,,
1073405,2016/17,2017-02-08,Nondescripts Cricket Club Ground,2,9.1,Ireland,Sri Lanka,MV Waldron,L Delany,SIP Fernando,0,0,,,,,,,,,
1073405,2016/17,2017-02-08,Nondescripts Cricket Club Ground,2,9.2,Ireland,Sri Lanka,MV Waldron,L Delany,SIP Fernando,0,1,1,,,,,,,,
1073405,2016/17,2017-02-08,Nondescripts Cricket Club Ground,2,9.3,Ireland,Sri Lanka,MV Waldron,L Delany,SIP Fernando,1,0,,,,,,,,,
1073405,2016/17,2017-02-08,Nondescripts Cricket Club Ground,2,9.4,Ireland,Sri Lanka,L Delany,MV Waldron,SIP Fernando,0,1,1,,,,,,,,
1073405,2016/17,2017-02-08,Nondescripts Cricket Club Ground,2,9.5,Ireland,Sri Lanka,L Delany,MV Waldron,SIP Fernando,0,0,,,,,,,,,
1073405,2016/17,2017-02-08,Nondescripts Cricket Club Ground,2,9.6,Ireland,Sri Lanka,L Delany,MV Waldron,SIP Fernando,0,0,,,,,,,,,
1073405,2016/17,2017-02-08,Nondescripts Cricket Club Ground,2,9.7,Ireland,Sri Lanka,L Delany,MV Waldron,SIP Fernando,0,0,,,,,,,,,
1073405,2016/17,2017-02-08,Nondescripts Cricket Club Ground,2,9.8,Ireland,Sri Lanka,L Delany,MV Waldron,SIP Fernando,1,0,,,,,,,,,
1073405,2016/17,2017-02-08,Nondescripts Cricket Club Ground,2,10.1,Ireland,Sri Lanka,L Delany,MV Waldron,KDU Prabodhani,0,0,,,,,,,,,
1073405,2016/17,2017-02-08,Nondescripts Cricket Club Ground,2,10.2,Ireland,Sri Lanka,L Delany,MV Waldron,KDU Prabodhani,1,0,,,,,,,,,
1073405,2016/17,2017-02-08,Nondescripts Cricket Club Ground,2,10.3,Ireland,Sri Lanka,MV Waldron,L Delany,KDU Prabodhani,0,0,,,,,,,,,
1073405,2016/17,2017-02-08,Nondescripts Cricket Club Ground,2,10.4,Ireland,Sri Lanka,MV Waldron,L Delany,KDU Prabodhani,0,0,,,,,,,,,
1073405,2016/17,2017-02-08,Nondescripts Cricket Club Ground,2,10.5,Ireland,Sri Lanka,MV Waldron,L Delany,KDU Prabodhani,0,0,,,,,,,,,
1073405,2016/17,2017-02-08,Nondescripts Cricket Club Ground,2,10.6,Ireland,Sri Lanka,MV Waldron,L Delany,KDU Prabodhani,1,0,,,,,,,,,
1073405,2016/17,2017-02-08,Nondescripts Cricket Club Ground,2,11.1,Ireland,Sri Lanka,MV Waldron,L Delany,SIP Fernando,0,0,,,,,,,,,
1073405,2016/17,2017-02-08,Nondescripts Cricket Club Ground,2,11.2,Ireland,Sri Lanka,MV Waldron,L Delany,SIP Fernando,1,0,,,,,,,,,
1073405,2016/17,2017-02-08,Nondescripts Cricket Club Ground,2,11.3,Ireland,Sri Lanka,L Delany,MV Waldron,SIP Fernando,1,0,,,,,,,,,
1073405,2016/17,2017-02-08,Nondescripts Cricket Club Ground,2,11.4,Ireland,Sri Lanka,MV Waldron,L Delany,SIP Fernando,0,0,,,,,,lbw,MV Waldron,,
1073405,2016/17,2017-02-08,Nondescripts Cricket Club Ground,2,11.5,Ireland,Sri Lanka,IMHC Joyce,L Delany,SIP Fernando,0,0,,,,,,,,,
1073405,2016/17,2017-02-08,Nondescripts Cricket Club Ground,2,11.6,Ireland,Sri Lanka,IMHC Joyce,L Delany,SIP Fernando,0,0,,,,,,,,,
1073405,2016/17,2017-02-08,Nondescripts Cricket Club Ground,2,12.1,Ireland,Sri Lanka,L Delany,IMHC Joyce,KDU Prabodhani,0,0,,,,,,,,,
1073405,2016/17,2017-02-08,Nondescripts Cricket Club Ground,2,12.2,Ireland,Sri Lanka,L Delany,IMHC Joyce,KDU Prabodhani,1,0,,,,,,,,,
1073405,2016/17,2017-02-08,Nondescripts Cricket Club Ground,2,12.3,Ireland,Sri Lanka,IMHC Joyce,L Delany,KDU Prabodhani,0,0,,,,,,,,,
1073405,2016/17,2017-02-08,Nondescripts Cricket Club Ground,2,12.4,Ireland,Sri Lanka,IMHC Joyce,L Delany,KDU Prabodhani,0,0,,,,,,,,,
1073405,2016/17,2017-02-08,Nondescripts Cricket Club Ground,2,12.5,Ireland,Sri Lanka,IMHC Joyce,L Delany,KDU Prabodhani,0,0,,,,,,,,,
1073405,2016/17,2017-02-08,Nondescripts Cricket Club Ground,2,12.6,Ireland,Sri Lanka,IMHC Joyce,L Delany,KDU Prabodhani,0,0,,,,,,,,,
1073405,2016/17,2017-02-08,Nondescripts Cricket Club Ground,2,13.1,Ireland,Sri Lanka,L Delany,IMHC Joyce,SIP Fernando,0,1,1,,,,,,,,
1073405,2016/17,2017-02-08,Nondescripts Cricket Club Ground,2,13.2,Ireland,Sri Lanka,L Delany,IMHC Joyce,SIP Fernando,1,0,,,,,,,,,
1073405,2016/17,2017-02-08,Nondescripts Cricket Club Ground,2,13.3,Ireland,Sri Lanka,IMHC Joyce,L Delany,SIP Fernando,0,0,,,,,,,,,
1073405,2016/17,2017-02-08,Nondescripts Cricket Club Ground,2,13.4,Ireland,Sri Lanka,IMHC Joyce,L Delany,SIP Fernando,0,0,,,,,,caught,IMHC Joyce,,
1073405,2016/17,2017-02-08,Nondescripts Cricket Club Ground,2,13.5,Ireland,Sri Lanka,GH Lewis,L Delany,SIP Fernando,0,0,,,,,,,,,
1073405,2016/17,2017-02-08,Nondescripts Cricket Club Ground,2,13.6,Ireland,Sri Lanka,GH Lewis,L Delany,SIP Fernando,0,0,,,,,,,,,
1073405,2016/17,2017-02-08,Nondescripts Cricket Club Ground,2,13.7,Ireland,Sri Lanka,GH Lewis,L Delany,SIP Fernando,0,0,,,,,,,,,
1073405,2016/17,2017-02-08,Nondescripts Cricket Club Ground,2,14.1,Ireland,Sri Lanka,L Delany,GH Lewis,SS Weerakkody,0,1,1,,,,,,,,
1073405,2016/17,2017-02-08,Nondescripts Cricket Club Ground,2,14.2,Ireland,Sri Lanka,L Delany,GH Lewis,SS Weerakkody,0,0,,,,,,,,,
1073405,2016/17,2017-02-08,Nondescripts Cricket Club Ground,2,14.3,Ireland,Sri Lanka,L Delany,GH Lewis,SS Weerakkody,0,0,,,,,,,,,
1073405,2016/17,2017-02-08,Nondescripts Cricket Club Ground,2,14.4,Ireland,Sri Lanka,L Delany,GH Lewis,SS Weerakkody,0,0,,,,,,,,,
1073405,2016/17,2017-02-08,Nondescripts Cricket Club Ground,2,14.5,Ireland,Sri Lanka,L Delany,GH Lewis,SS Weerakkody,0,0,,,,,,,,,
1073405,2016/17,2017-02-08,Nondescripts Cricket Club Ground,2,14.6,Ireland,Sri Lanka,L Delany,GH Lewis,SS Weerakkody,0,0,,,,,,,,,
1073405,2016/17,2017-02-08,Nondescripts Cricket Club Ground,2,14.7,Ireland,Sri Lanka,L Delany,GH Lewis,SS Weerakkody,0,0,,,,,,,,,
1073405,2016/17,2017-02-08,Nondescripts Cricket Club Ground,2,15.1,Ireland,Sri Lanka,GH Lewis,L Delany,SIP Fernando,0,0,,,,,,,,,
1073405,2016/17,2017-02-08,Nondescripts Cricket Club Ground,2,15.2,Ireland,Sri Lanka,GH Lewis,L Delany,SIP Fernando,0,0,,,,,,,,,
1073405,2016/17,2017-02-08,Nondescripts Cricket Club Ground,2,15.3,Ireland,Sri Lanka,GH Lewis,L Delany,SIP Fernando,1,0,,,,,,,,,
1073405,2016/17,2017-02-08,Nondescripts Cricket Club Ground,2,15.4,Ireland,Sri Lanka,L Delany,GH Lewis,SIP Fernando,0,0,,,,,,,,,
1073405,2016/17,2017-02-08,Nondescripts Cricket Club Ground,2,15.5,Ireland,Sri Lanka,L Delany,GH Lewis,SIP Fernando,0,0,,,,,,,,,
1073405,2016/17,2017-02-08,Nondescripts Cricket Club Ground,2,15.6,Ireland,Sri Lanka,L Delany,GH Lewis,SIP Fernando,1,0,,,,,,,,,
1073405,2016/17,2017-02-08,Nondescripts Cricket Club Ground,2,16.1,Ireland,Sri Lanka,L Delany,GH Lewis,SS Weerakkody,0,0,,,,,,,,,
1073405,2016/17,2017-02-08,Nondescripts Cricket Club Ground,2,16.2,Ireland,Sri Lanka,L Delany,GH Lewis,SS Weerakkody,0,0,,,,,,,,,
1073405,2016/17,2017-02-08,Nondescripts Cricket Club Ground,2,16.3,Ireland,Sri Lanka,L Delany,GH Lewis,SS Weerakkody,0,0,,,,,,,,,
1073405,2016/17,2017-02-08,Nondescripts Cricket Club Ground,2,16.4,Ireland,Sri Lanka,L Delany,GH Lewis,SS Weerakkody,1,0,,,,,,,,,
1073405,2016/17,2017-02-08,Nondescripts Cricket Club Ground,2,16.5,Ireland,Sri Lanka,GH Lewis,L Delany,SS Weerakkody,4,0,,,,,,,,,
1073405,2016/17,2017-02-08,Nondescripts Cricket Club Ground,2,16.6,Ireland,Sri Lanka,GH Lewis,L Delany,SS Weerakkody,0,0,,,,,,,,,
1073405,2016/17,2017-02-08,Nondescripts Cricket Club Ground,2,17.1,Ireland,Sri Lanka,L Delany,GH Lewis,SIP Fernando,1,0,,,,,,,,,
1073405,2016/17,2017-02-08,Nondescripts Cricket Club Ground,2,17.2,Ireland,Sri Lanka,GH Lewis,L Delany,SIP Fernando,0,0,,,,,,,,,
1073405,2016/17,2017-02-08,Nondescripts Cricket Club Ground,2,17.3,Ireland,Sri Lanka,GH Lewis,L Delany,SIP Fernando,0,0,,,,,,,,,
1073405,2016/17,2017-02-08,Nondescripts Cricket Club Ground,2,17.4,Ireland,Sri Lanka,GH Lewis,L Delany,SIP Fernando,0,0,,,,,,,,,
1073405,2016/17,2017-02-08,Nondescripts Cricket Club Ground,2,17.5,Ireland,Sri Lanka,GH Lewis,L Delany,SIP Fernando,0,0,,,,,,,,,
1073405,2016/17,2017-02-08,Nondescripts Cricket Club Ground,2,17.6,Ireland,Sri Lanka,GH Lewis,L Delany,SIP Fernando,0,0,,,,,,,,,
1073405,2016/17,2017-02-08,Nondescripts Cricket Club Ground,2,18.1,Ireland,Sri Lanka,L Delany,GH Lewis,SS Weerakkody,0,0,,,,,,,,,
1073405,2016/17,2017-02-08,Nondescripts Cricket Club Ground,2,18.2,Ireland,Sri Lanka,L Delany,GH Lewis,SS Weerakkody,0,0,,,,,,,,,
1073405,2016/17,2017-02-08,Nondescripts Cricket Club Ground,2,18.3,Ireland,Sri Lanka,L Delany,GH Lewis,SS Weerakkody,0,0,,,,,,,,,
1073405,2016/17,2017-02-08,Nondescripts Cricket Club Ground,2,18.4,Ireland,Sri Lanka,L Delany,GH Lewis,SS Weerakkody,0,0,,,,,,,,,
1073405,2016/17,2017-02-08,Nondescripts Cricket Club Ground,2,18.5,Ireland,Sri Lanka,L Delany,GH Lewis,SS Weerakkody,0,0,,,,,,,,,
1073405,2016/17,2017-02-08,Nondescripts Cricket Club Ground,2,18.6,Ireland,Sri Lanka,L Delany,GH Lewis,SS Weerakkody,1,0,,,,,,,,,
1073405,2016/17,2017-02-08,Nondescripts Cricket Club Ground,2,19.1,Ireland,Sri Lanka,L Delany,GH Lewis,SIP Fernando,0,0,,,,,,,,,
1073405,2016/17,2017-02-08,Nondescripts Cricket Club Ground,2,19.2,Ireland,Sri Lanka,L Delany,GH Lewis,SIP Fernando,0,0,,,,,,,,,
1073405,2016/17,2017-02-08,Nondescripts Cricket Club Ground,2,19.3,Ireland,Sri Lanka,L Delany,GH Lewis,SIP Fernando,0,0,,,,,,,,,
1073405,2016/17,2017-02-08,Nondescripts Cricket Club Ground,2,19.4,Ireland,Sri Lanka,L Delany,GH Lewis,SIP Fernando,1,0,,,,,,,,,
1073405,2016/17,2017-02-08,Nondescripts Cricket Club Ground,2,19.5,Ireland,Sri Lanka,GH Lewis,L Delany,SIP Fernando,0,0,,,,,,,,,
1073405,2016/17,2017-02-08,Nondescripts Cricket Club Ground,2,19.6,Ireland,Sri Lanka,GH Lewis,L Delany,SIP Fernando,0,0,,,,,,,,,
1073405,2016/17,2017-02-08,Nondescripts Cricket Club Ground,2,20.1,Ireland,Sri Lanka,L Delany,GH Lewis,SS Weerakkody,0,0,,,,,,,,,
1073405,2016/17,2017-02-08,Nondescripts Cricket Club Ground,2,20.2,Ireland,Sri Lanka,L Delany,GH Lewis,SS Weerakkody,0,0,,,,,,,,,
1073405,2016/17,2017-02-08,Nondescripts Cricket Club Ground,2,20.3,Ireland,Sri Lanka,L Delany,GH Lewis,SS Weerakkody,1,0,,,,,,,,,
1073405,2016/17,2017-02-08,Nondescripts Cricket Club Ground,2,20.4,Ireland,Sri Lanka,GH Lewis,L Delany,SS Weerakkody,0,0,,,,,,,,,
1073405,2016/17,2017-02-08,Nondescripts Cricket Club Ground,2,20.5,Ireland,Sri Lanka,GH Lewis,L Delany,SS Weerakkody,1,0,,,,,,,,,
1073405,2016/17,2017-02-08,Nondescripts Cricket Club Ground,2,20.6,Ireland,Sri Lanka,L Delany,GH Lewis,SS Weerakkody,1,0,,,,,,,,,
1073405,2016/17,2017-02-08,Nondescripts Cricket Club Ground,2,21.1,Ireland,Sri Lanka,L Delany,GH Lewis,I Ranaweera,0,0,,,,,,,,,
1073405,2016/17,2017-02-08,Nondescripts Cricket Club Ground,2,21.2,Ireland,Sri Lanka,L Delany,GH Lewis,I Ranaweera,0,0,,,,,,,,,
1073405,2016/17,2017-02-08,Nondescripts Cricket Club Ground,2,21.3,Ireland,Sri Lanka,L Delany,GH Lewis,I Ranaweera,0,0,,,,,,,,,
1073405,2016/17,2017-02-08,Nondescripts Cricket Club Ground,2,21.4,Ireland,Sri Lanka,L Delany,GH Lewis,I Ranaweera,0,0,,,,,,,,,
1073405,2016/17,2017-02-08,Nondescripts Cricket Club Ground,2,21.5,Ireland,Sri Lanka,L Delany,GH Lewis,I Ranaweera,0,0,,,,,,,,,
1073405,2016/17,2017-02-08,Nondescripts Cricket Club Ground,2,21.6,Ireland,Sri Lanka,L Delany,GH Lewis,I Ranaweera,0,0,,,,,,,,,
1073405,2016/17,2017-02-08,Nondescripts Cricket Club Ground,2,22.1,Ireland,Sri Lanka,GH Lewis,L Delany,SS Weerakkody,0,0,,,,,,,,,
1073405,2016/17,2017-02-08,Nondescripts Cricket Club Ground,2,22.2,Ireland,Sri Lanka,GH Lewis,L Delany,SS Weerakkody,4,0,,,,,,,,,
1073405,2016/17,2017-02-08,Nondescripts Cricket Club Ground,2,22.3,Ireland,Sri Lanka,GH Lewis,L Delany,SS Weerakkody,0,0,,,,,,caught,GH Lewis,,
1073405,2016/17,2017-02-08,Nondescripts Cricket Club Ground,2,22.4,Ireland,Sri Lanka,CMA Shillington,L Delany,SS Weerakkody,0,0,,,,,,,,,
1073405,2016/17,2017-02-08,Nondescripts Cricket Club Ground,2,22.5,Ireland,Sri Lanka,CMA Shillington,L Delany,SS Weerakkody,0,0,,,,,,,,,
1073405,2016/17,2017-02-08,Nondescripts Cricket Club Ground,2,22.6,Ireland,Sri Lanka,CMA Shillington,L Delany,SS Weerakkody,2,0,,,,,,,,,
1073405,2016/17,2017-02-08,Nondescripts Cricket Club Ground,2,23.1,Ireland,Sri Lanka,L Delany,CMA Shillington,I Ranaweera,1,0,,,,,,,,,
1073405,2016/17,2017-02-08,Nondescripts Cricket Club Ground,2,23.2,Ireland,Sri Lanka,CMA Shillington,L Delany,I Ranaweera,0,0,,,,,,,,,
1073405,2016/17,2017-02-08,Nondescripts Cricket Club Ground,2,23.3,Ireland,Sri Lanka,CMA Shillington,L Delany,I Ranaweera,4,0,,,,,,,,,
1073405,2016/17,2017-02-08,Nondescripts Cricket Club Ground,2,23.4,Ireland,Sri Lanka,CMA Shillington,L Delany,I Ranaweera,0,0,,,,,,,,,
1073405,2016/17,2017-02-08,Nondescripts Cricket Club Ground,2,23.5,Ireland,Sri Lanka,CMA Shillington,L Delany,I Ranaweera,0,0,,,,,,,,,
1073405,2016/17,2017-02-08,Nondescripts Cricket Club Ground,2,23.6,Ireland,Sri Lanka,CMA Shillington,L Delany,I Ranaweera,0,0,,,,,,,,,
1073405,2016/17,2017-02-08,Nondescripts Cricket Club Ground,2,24.1,Ireland,Sri Lanka,L Delany,CMA Shillington,SS Weerakkody,0,0,,,,,,,,,
1073405,2016/17,2017-02-08,Nondescripts Cricket Club Ground,2,24.2,Ireland,Sri Lanka,L Delany,CMA Shillington,SS Weerakkody,0,0,,,,,,,,,
1073405,2016/17,2017-02-08,Nondescripts Cricket Club Ground,2,24.3,Ireland,Sri Lanka,L Delany,CMA Shillington,SS Weerakkody,0,0,,,,,,caught,L Delany,,
1073405,2016/17,2017-02-08,Nondescripts Cricket Club Ground,2,24.4,Ireland,Sri Lanka,RA Lewis,CMA Shillington,SS Weerakkody,0,0,,,,,,,,,
1073405,2016/17,2017-02-08,Nondescripts Cricket Club Ground,2,24.5,Ireland,Sri Lanka,RA Lewis,CMA Shillington,SS Weerakkody,0,0,,,,,,,,,
1073405,2016/17,2017-02-08,Nondescripts Cricket Club Ground,2,24.6,Ireland,Sri Lanka,RA Lewis,CMA Shillington,SS Weerakkody,2,0,,,,,,,,,
1073405,2016/17,2017-02-08,Nondescripts Cricket Club Ground,2,25.1,Ireland,Sri Lanka,CMA Shillington,RA Lewis,I Ranaweera,0,0,,,,,,,,,
1073405,2016/17,2017-02-08,Nondescripts Cricket Club Ground,2,25.2,Ireland,Sri Lanka,CMA Shillington,RA Lewis,I Ranaweera,1,0,,,,,,,,,
1073405,2016/17,2017-02-08,Nondescripts Cricket Club Ground,2,25.3,Ireland,Sri Lanka,RA Lewis,CMA Shillington,I Ranaweera,0,0,,,,,,,,,
1073405,2016/17,2017-02-08,Nondescripts Cricket Club Ground,2,25.4,Ireland,Sri Lanka,RA Lewis,CMA Shillington,I Ranaweera,0,0,,,,,,,,,
1073405,2016/17,2017-02-08,Nondescripts Cricket Club Ground,2,25.5,Ireland,Sri Lanka,RA Lewis,CMA Shillington,I Ranaweera,0,0,,,,,,,,,
1073405,2016/17,2017-02-08,Nondescripts Cricket Club Ground,2,25.6,Ireland,Sri Lanka,RA Lewis,CMA Shillington,I Ranaweera,0,0,,,,,,,,,
1073405,2016/17,2017-02-08,Nondescripts Cricket Club Ground,2,26.1,Ireland,Sri Lanka,CMA Shillington,RA Lewis,SS Weerakkody,4,0,,,,,,,,,
1073405,2016/17,2017-02-08,Nondescripts Cricket Club Ground,2,26.2,Ireland,Sri Lanka,CMA Shillington,RA Lewis,SS Weerakkody,0,0,,,,,,,,,
1073405,2016/17,2017-02-08,Nondescripts Cricket Club Ground,2,26.3,Ireland,Sri Lanka,CMA Shillington,RA Lewis,SS Weerakkody,4,0,,,,,,,,,
1073405,2016/17,2017-02-08,Nondescripts Cricket Club Ground,2,26.4,Ireland,Sri Lanka,CMA Shillington,RA Lewis,SS Weerakkody,1,0,,,,,,,,,
1073405,2016/17,2017-02-08,Nondescripts Cricket Club Ground,2,26.5,Ireland,Sri Lanka,RA Lewis,CMA Shillington,SS Weerakkody,0,0,,,,,,,,,
1073405,2016/17,2017-02-08,Nondescripts Cricket Club Ground,2,26.6,Ireland,Sri Lanka,RA Lewis,CMA Shillington,SS Weerakkody,0,0,,,,,,,,,
1073405,2016/17,2017-02-08,Nondescripts Cricket Club Ground,2,27.1,Ireland,Sri Lanka,CMA Shillington,RA Lewis,I Ranaweera,0,0,,,,,,,,,
1073405,2016/17,2017-02-08,Nondescripts Cricket Club Ground,2,27.2,Ireland,Sri Lanka,CMA Shillington,RA Lewis,I Ranaweera,0,0,,,,,,,,,
1073405,2016/17,2017-02-08,Nondescripts Cricket Club Ground,2,27.3,Ireland,Sri Lanka,CMA Shillington,RA Lewis,I Ranaweera,4,0,,,,,,,,,
1073405,2016/17,2017-02-08,Nondescripts Cricket Club Ground,2,27.4,Ireland,Sri Lanka,CMA Shillington,RA Lewis,I Ranaweera,0,1,,,,1,,,,,
1073405,2016/17,2017-02-08,Nondescripts Cricket Club Ground,2,27.5,Ireland,Sri Lanka,RA Lewis,CMA Shillington,I Ranaweera,0,0,,,,,,caught,RA Lewis,,
1073405,2016/17,2017-02-08,Nondescripts Cricket Club Ground,2,27.6,Ireland,Sri Lanka,LN McCarthy,CMA Shillington,I Ranaweera,0,0,,,,,,,,,
1073405,2016/17,2017-02-08,Nondescripts Cricket Club Ground,2,28.1,Ireland,Sri Lanka,CMA Shillington,LN McCarthy,SS Weerakkody,1,0,,,,,,,,,
1073405,2016/17,2017-02-08,Nondescripts Cricket Club Ground,2,28.2,Ireland,Sri Lanka,LN McCarthy,CMA Shillington,SS Weerakkody,0,0,,,,,,,,,
1073405,2016/17,2017-02-08,Nondescripts Cricket Club Ground,2,28.3,Ireland,Sri Lanka,LN McCarthy,CMA Shillington,SS Weerakkody,1,0,,,,,,,,,
1073405,2016/17,2017-02-08,Nondescripts Cricket Club Ground,2,28.4,Ireland,Sri Lanka,CMA Shillington,LN McCarthy,SS Weerakkody,0,0,,,,,,,,,
1073405,2016/17,2017-02-08,Nondescripts Cricket Club Ground,2,28.5,Ireland,Sri Lanka,CMA Shillington,LN McCarthy,SS Weerakkody,0,0,,,,,,,,,
1073405,2016/17,2017-02-08,Nondescripts Cricket Club Ground,2,28.6,Ireland,Sri Lanka,CMA Shillington,LN McCarthy,SS Weerakkody,0,0,,,,,,,,,
1073405,2016/17,2017-02-08,Nondescripts Cricket Club Ground,2,29.1,Ireland,Sri Lanka,LN McCarthy,CMA Shillington,I Ranaweera,0,0,,,,,,,,,
1073405,2016/17,2017-02-08,Nondescripts Cricket Club Ground,2,29.2,Ireland,Sri Lanka,LN McCarthy,CMA Shillington,I Ranaweera,0,0,,,,,,,,,
1073405,2016/17,2017-02-08,Nondescripts Cricket Club Ground,2,29.3,Ireland,Sri Lanka,LN McCarthy,CMA Shillington,I Ranaweera,0,0,,,,,,,,,
1073405,2016/17,2017-02-08,Nondescripts Cricket Club Ground,2,29.4,Ireland,Sri Lanka,LN McCarthy,CMA Shillington,I Ranaweera,0,0,,,,,,,,,
1073405,2016/17,2017-02-08,Nondescripts Cricket Club Ground,2,29.5,Ireland,Sri Lanka,LN McCarthy,CMA Shillington,I Ranaweera,0,0,,,,,,,,,
1073405,2016/17,2017-02-08,Nondescripts Cricket Club Ground,2,29.6,Ireland,Sri Lanka,LN McCarthy,CMA Shillington,I Ranaweera,0,0,,,,,,,,,
1073405,2016/17,2017-02-08,Nondescripts Cricket Club Ground,2,30.1,Ireland,Sri Lanka,CMA Shillington,LN McCarthy,SS Weerakkody,1,0,,,,,,,,,
1073405,2016/17,2017-02-08,Nondescripts Cricket Club Ground,2,30.2,Ireland,Sri Lanka,LN McCarthy,CMA Shillington,SS Weerakkody,1,0,,,,,,,,,
1073405,2016/17,2017-02-08,Nondescripts Cricket Club Ground,2,30.3,Ireland,Sri Lanka,CMA Shillington,LN McCarthy,SS Weerakkody,1,0,,,,,,,,,
1073405,2016/17,2017-02-08,Nondescripts Cricket Club Ground,2,30.4,Ireland,Sri Lanka,LN McCarthy,CMA Shillington,SS Weerakkody,0,0,,,,,,,,,
1073405,2016/17,2017-02-08,Nondescripts Cricket Club Ground,2,30.5,Ireland,Sri Lanka,LN McCarthy,CMA Shillington,SS Weerakkody,0,0,,,,,,,,,
1073405,2016/17,2017-02-08,Nondescripts Cricket Club Ground,2,30.6,Ireland,Sri Lanka,LN McCarthy,CMA Shillington,SS Weerakkody,1,0,,,,,,,,,
1073405,2016/17,2017-02-08,Nondescripts Cricket Club Ground,2,31.1,Ireland,Sri Lanka,LN McCarthy,CMA Shillington,I Ranaweera,0,0,,,,,,,,,
1073405,2016/17,2017-02-08,Nondescripts Cricket Club Ground,2,31.2,Ireland,Sri Lanka,LN McCarthy,CMA Shillington,I Ranaweera,0,0,,,,,,,,,
1073405,2016/17,2017-02-08,Nondescripts Cricket Club Ground,2,31.3,Ireland,Sri Lanka,LN McCarthy,CMA Shillington,I Ranaweera,0,0,,,,,,,,,
1073405,2016/17,2017-02-08,Nondescripts Cricket Club Ground,2,31.4,Ireland,Sri Lanka,LN McCarthy,CMA Shillington,I Ranaweera,0,0,,,,,,caught,LN McCarthy,,
1073405,2016/17,2017-02-08,Nondescripts Cricket Club Ground,2,31.5,Ireland,Sri Lanka,CMA Shillington,CJ Metcalfe,I Ranaweera,0,0,,,,,,,,,
1073405,2016/17,2017-02-08,Nondescripts Cricket Club Ground,2,31.6,Ireland,Sri Lanka,CMA Shillington,CJ Metcalfe,I Ranaweera,0,0,,,,,,,,,
1073405,2016/17,2017-02-08,Nondescripts Cricket Club Ground,2,32.1,Ireland,Sri Lanka,CJ Metcalfe,CMA Shillington,SS Weerakkody,0,0,,,,,,,,,
1073405,2016/17,2017-02-08,Nondescripts Cricket Club Ground,2,32.2,Ireland,Sri Lanka,CJ Metcalfe,CMA Shillington,SS Weerakkody,0,0,,,,,,,,,
1073405,2016/17,2017-02-08,Nondescripts Cricket Club Ground,2,32.3,Ireland,Sri Lanka,CJ Metcalfe,CMA Shillington,SS Weerakkody,0,0,,,,,,,,,
1073405,2016/17,2017-02-08,Nondescripts Cricket Club Ground,2,32.4,Ireland,Sri Lanka,CJ Metcalfe,CMA Shillington,SS Weerakkody,1,0,,,,,,,,,
1073405,2016/17,2017-02-08,Nondescripts Cricket Club Ground,2,32.5,Ireland,Sri Lanka,CMA Shillington,CJ Metcalfe,SS Weerakkody,2,0,,,,,,,,,
1073405,2016/17,2017-02-08,Nondescripts Cricket Club Ground,2,32.6,Ireland,Sri Lanka,CMA Shillington,CJ Metcalfe,SS Weerakkody,1,0,,,,,,,,,
1073405,2016/17,2017-02-08,Nondescripts Cricket Club Ground,2,33.1,Ireland,Sri Lanka,CMA Shillington,CJ Metcalfe,I Ranaweera,0,0,,,,,,,,,
1073405,2016/17,2017-02-08,Nondescripts Cricket Club Ground,2,33.2,Ireland,Sri Lanka,CMA Shillington,CJ Metcalfe,I Ranaweera,0,0,,,,,,,,,
1073405,2016/17,2017-02-08,Nondescripts Cricket Club Ground,2,33.3,Ireland,Sri Lanka,CMA Shillington,CJ Metcalfe,I Ranaweera,0,0,,,,,,,,,
1073405,2016/17,2017-02-08,Nondescripts Cricket Club Ground,2,33.4,Ireland,Sri Lanka,CMA Shillington,CJ Metcalfe,I Ranaweera,0,0,,,,,,,,,
1073405,2016/17,2017-02-08,Nondescripts Cricket Club Ground,2,33.5,Ireland,Sri Lanka,CMA Shillington,CJ Metcalfe,I Ranaweera,0,0,,,,,,,,,
1073405,2016/17,2017-02-08,Nondescripts Cricket Club Ground,2,33.6,Ireland,Sri Lanka,CMA Shillington,CJ Metcalfe,I Ranaweera,0,0,,,,,,,,,
1073405,2016/17,2017-02-08,Nondescripts Cricket Club Ground,2,34.1,Ireland,Sri Lanka,CJ Metcalfe,CMA Shillington,LE Kaushalya,0,0,,,,,,,,,
1073405,2016/17,2017-02-08,Nondescripts Cricket Club Ground,2,34.2,Ireland,Sri Lanka,CJ Metcalfe,CMA Shillington,LE Kaushalya,0,0,,,,,,,,,
1073405,2016/17,2017-02-08,Nondescripts Cricket Club Ground,2,34.3,Ireland,Sri Lanka,CJ Metcalfe,CMA Shillington,LE Kaushalya,0,0,,,,,,,,,
1073405,2016/17,2017-02-08,Nondescripts Cricket Club Ground,2,34.4,Ireland,Sri Lanka,CJ Metcalfe,CMA Shillington,LE Kaushalya,1,0,,,,,,,,,
1073405,2016/17,2017-02-08,Nondescripts Cricket Club Ground,2,34.5,Ireland,Sri Lanka,CMA Shillington,CJ Metcalfe,LE Kaushalya,2,0,,,,,,,,,
1073405,2016/17,2017-02-08,Nondescripts Cricket Club Ground,2,34.6,Ireland,Sri Lanka,CMA Shillington,CJ Metcalfe,LE Kaushalya,4,0,,,,,,,,,
1073405,2016/17,2017-02-08,Nondescripts Cricket Club Ground,2,35.1,Ireland,Sri Lanka,CJ Metcalfe,CMA Shillington,I Ranaweera,0,0,,,,,,,,,
1073405,2016/17,2017-02-08,Nondescripts Cricket Club Ground,2,35.2,Ireland,Sri Lanka,CJ Metcalfe,CMA Shillington,I Ranaweera,2,0,,,,,,,,,
1073405,2016/17,2017-02-08,Nondescripts Cricket Club Ground,2,35.3,Ireland,Sri Lanka,CJ Metcalfe,CMA Shillington,I Ranaweera,0,0,,,,,,,,,
1073405,2016/17,2017-02-08,Nondescripts Cricket Club Ground,2,35.4,Ireland,Sri Lanka,CJ Metcalfe,CMA Shillington,I Ranaweera,0,0,,,,,,,,,
1073405,2016/17,2017-02-08,Nondescripts Cricket Club Ground,2,35.5,Ireland,Sri Lanka,CJ Metcalfe,CMA Shillington,I Ranaweera,0,1,,,,1,,,,,
1073405,2016/17,2017-02-08,Nondescripts Cricket Club Ground,2,35.6,Ireland,Sri Lanka,CMA Shillington,CJ Metcalfe,I Ranaweera,4,0,,,,,,,,,
1073405,2016/17,2017-02-08,Nondescripts Cricket Club Ground,2,36.1,Ireland,Sri Lanka,CJ Metcalfe,CMA Shillington,KDU Prabodhani,0,0,,,,,,caught,CJ Metcalfe,,
