match_id,season,start_date,venue,innings,ball,batting_team,bowling_team,striker,non_striker,bowler,runs_off_bat,extras,wides,noballs,byes,legbyes,penalty,wicket_type,player_dismissed,other_wicket_type,other_player_dismissed
1073413,2016/17,2017-02-11,P Sara Oval,1,0.1,Bangladesh,South Africa,Sharmin Sultana,Sharmin Akhter,S Ismail,0,0,,,,,,,,,
1073413,2016/17,2017-02-11,P Sara Oval,1,0.2,Bangladesh,South Africa,Sharmin Sultana,Sharmin Akhter,S Ismail,0,0,,,,,,,,,
1073413,2016/17,2017-02-11,P Sara Oval,1,0.3,Bangladesh,South Africa,Sharmin Sultana,Sharmin Akhter,S Ismail,0,0,,,,,,caught,Sharmin Sultana,,
1073413,2016/17,2017-02-11,P Sara Oval,1,0.4,Bangladesh,South Africa,Sanjida Islam,Sharmin Akhter,S Ismail,0,0,,,,,,,,,
1073413,2016/17,2017-02-11,P Sara Oval,1,0.5,Bangladesh,South Africa,Sanjida Islam,Sharmin Akhter,S Ismail,0,0,,,,,,,,,
1073413,2016/17,2017-02-11,P Sara Oval,1,0.6,Bangladesh,South Africa,Sanjida Islam,Sharmin Akhter,S Ismail,0,0,,,,,,,,,
1073413,2016/17,2017-02-11,P Sara Oval,1,1.1,Bangladesh,South Africa,Sharmin Akhter,Sanjida Islam,M Kapp,0,1,1,,,,,,,,
1073413,2016/17,2017-02-11,P Sara Oval,1,1.2,Bangladesh,South Africa,Sharmin Akhter,Sanjida Islam,M Kapp,0,0,,,,,,,,,
1073413,2016/17,2017-02-11,P Sara Oval,1,1.3,Bangladesh,South Africa,Sharmin Akhter,Sanjida Islam,M Kapp,0,0,,,,,,,,,
1073413,2016/17,2017-02-11,P Sara Oval,1,1.4,Bangladesh,South Africa,Sharmin Akhter,Sanjida Islam,M Kapp,0,0,,,,,,,,,
1073413,2016/17,2017-02-11,P Sara Oval,1,1.5,Bangladesh,South Africa,Sharmin Akhter,Sanjida Islam,M Kapp,0,0,,,,,,caught,Sharmin Akhter,,
1073413,2016/17,2017-02-11,P Sara Oval,1,1.6,Bangladesh,South Africa,Fargana Hoque,Sanjida Islam,M Kapp,0,1,1,,,,,,,,
1073413,2016/17,2017-02-11,P Sara Oval,1,1.7,Bangladesh,South Africa,Fargana Hoque,Sanjida Islam,M Kapp,0,0,,,,,,,,,
1073413,2016/17,2017-02-11,P Sara Oval,1,1.8,Bangladesh,South Africa,Fargana Hoque,Sanjida Islam,M Kapp,0,0,,,,,,,,,
1073413,2016/17,2017-02-11,P Sara Oval,1,2.1,Bangladesh,South Africa,Sanjida Islam,Fargana Hoque,S Ismail,0,0,,,,,,,,,
1073413,2016/17,2017-02-11,P Sara Oval,1,2.2,Bangladesh,South Africa,Sanjida Islam,Fargana Hoque,S Ismail,0,0,,,,,,,,,
1073413,2016/17,2017-02-11,P Sara Oval,1,2.3,Bangladesh,South Africa,Sanjida Islam,Fargana Hoque,S Ismail,0,1,1,,,,,,,,
1073413,2016/17,2017-02-11,P Sara Oval,1,2.4,Bangladesh,South Africa,Sanjida Islam,Fargana Hoque,S Ismail,0,0,,,,,,,,,
1073413,2016/17,2017-02-11,P Sara Oval,1,2.5,Bangladesh,South Africa,Sanjida Islam,Fargana Hoque,S Ismail,4,0,,,,,,,,,
1073413,2016/17,2017-02-11,P Sara Oval,1,2.6,Bangladesh,South Africa,Sanjida Islam,Fargana Hoque,S Ismail,0,0,,,,,,,,,
1073413,2016/17,2017-02-11,P Sara Oval,1,2.7,Bangladesh,South Africa,Sanjida Islam,Fargana Hoque,S Ismail,0,0,,,,,,,,,
1073413,2016/17,2017-02-11,P Sara Oval,1,3.1,Bangladesh,South Africa,Fargana Hoque,Sanjida Islam,M Kapp,0,0,,,,,,,,,
1073413,2016/17,2017-02-11,P Sara Oval,1,3.2,Bangladesh,South Africa,Fargana Hoque,Sanjida Islam,M Kapp,0,0,,,,,,,,,
1073413,2016/17,2017-02-11,P Sara Oval,1,3.3,Bangladesh,South Africa,Fargana Hoque,Sanjida Islam,M Kapp,0,0,,,,,,,,,
1073413,2016/17,2017-02-11,P Sara Oval,1,3.4,Bangladesh,South Africa,Fargana Hoque,Sanjida Islam,M Kapp,0,0,,,,,,,,,
1073413,2016/17,2017-02-11,P Sara Oval,1,3.5,Bangladesh,South Africa,Fargana Hoque,Sanjida Islam,M Kapp,0,0,,,,,,,,,
1073413,2016/17,2017-02-11,P Sara Oval,1,3.6,Bangladesh,South Africa,Fargana Hoque,Sanjida Islam,M Kapp,0,0,,,,,,,,,
1073413,2016/17,2017-02-11,P Sara Oval,1,4.1,Bangladesh,South Africa,Sanjida Islam,Fargana Hoque,S Ismail,0,0,,,,,,,,,
1073413,2016/17,2017-02-11,P Sara Oval,1,4.2,Bangladesh,South Africa,Sanjida Islam,Fargana Hoque,S Ismail,0,0,,,,,,,,,
1073413,2016/17,2017-02-11,P Sara Oval,1,4.3,Bangladesh,South Africa,Sanjida Islam,Fargana Hoque,S Ismail,0,0,,,,,,,,,
1073413,2016/17,2017-02-11,P Sara Oval,1,4.4,Bangladesh,South Africa,Sanjida Islam,Fargana Hoque,S Ismail,1,0,,,,,,,,,
1073413,2016/17,2017-02-11,P Sara Oval,1,4.5,Bangladesh,South Africa,Fargana Hoque,Sanjida Islam,S Ismail,0,0,,,,,,bowled,Fargana Hoque,,
1073413,2016/17,2017-02-11,P Sara Oval,1,4.6,Bangladesh,South Africa,Rumana Ahmed,Sanjida Islam,S Ismail,0,0,,,,,,,,,
1073413,2016/17,2017-02-11,P Sara Oval,1,5.1,Bangladesh,South Africa,Sanjida Islam,Rumana Ahmed,M Kapp,0,0,,,,,,,,,
1073413,2016/17,2017-02-11,P Sara Oval,1,5.2,Bangladesh,South Africa,Sanjida Islam,Rumana Ahmed,M Kapp,0,0,,,,,,,,,
1073413,2016/17,2017-02-11,P Sara Oval,1,5.3,Bangladesh,South Africa,Sanjida Islam,Rumana Ahmed,M Kapp,0,1,,,,1,,,,,
1073413,2016/17,2017-02-11,P Sara Oval,1,5.4,Bangladesh,South Africa,Rumana Ahmed,Sanjida Islam,M Kapp,0,1,,1,,,,,,,
1073413,2016/17,2017-02-11,P Sara Oval,1,5.5,Bangladesh,South Africa,Rumana Ahmed,Sanjida Islam,M Kapp,1,0,,,,,,,,,
1073413,2016/17,2017-02-11,P Sara Oval,1,5.6,Bangladesh,South Africa,Sanjida Islam,Rumana Ahmed,M Kapp,0,0,,,,,,,,,
1073413,2016/17,2017-02-11,P Sara Oval,1,5.7,Bangladesh,South Africa,Sanjida Islam,Rumana Ahmed,M Kapp,1,0,,,,,,,,,
1073413,2016/17,2017-02-11,P Sara Oval,1,6.1,Bangladesh,South Africa,Sanjida Islam,Rumana Ahmed,S Ismail,0,0,,,,,,,,,
1073413,2016/17,2017-02-11,P Sara Oval,1,6.2,Bangladesh,South Africa,Sanjida Islam,Rumana Ahmed,S Ismail,0,0,,,,,,,,,
1073413,2016/17,2017-02-11,P Sara Oval,1,6.3,Bangladesh,South Africa,Sanjida Islam,Rumana Ahmed,S Ismail,0,0,,,,,,,,,
1073413,2016/17,2017-02-11,P Sara Oval,1,6.4,Bangladesh,South Africa,Sanjida Islam,Rumana Ahmed,S Ismail,0,0,,,,,,,,,
1073413,2016/17,2017-02-11,P Sara Oval,1,6.5,Bangladesh,South Africa,Sanjida Islam,Rumana Ahmed,S Ismail,0,0,,,,,,,,,
1073413,2016/17,2017-02-11,P Sara Oval,1,6.6,Bangladesh,South Africa,Sanjida Islam,Rumana Ahmed,S Ismail,0,0,,,,,,,,,
1073413,2016/17,2017-02-11,P Sara Oval,1,7.1,Bangladesh,South Africa,Rumana Ahmed,Sanjida Islam,M Kapp,1,0,,,,,,,,,
1073413,2016/17,2017-02-11,P Sara Oval,1,7.2,Bangladesh,South Africa,Sanjida Islam,Rumana Ahmed,M Kapp,0,0,,,,,,,,,
1073413,2016/17,2017-02-11,P Sara Oval,1,7.3,Bangladesh,South Africa,Sanjida Islam,Rumana Ahmed,M Kapp,0,0,,,,,,,,,
1073413,2016/17,2017-02-11,P Sara Oval,1,7.4,Bangladesh,South Africa,Sanjida Islam,Rumana Ahmed,M Kapp,1,0,,,,,,,,,
1073413,2016/17,2017-02-11,P Sara Oval,1,7.5,Bangladesh,South Africa,Rumana Ahmed,Sanjida Islam,M Kapp,0,0,,,,,,,,,
1073413,2016/17,2017-02-11,P Sara Oval,1,7.6,Bangladesh,South Africa,Rumana Ahmed,Sanjida Islam,M Kapp,0,0,,,,,,,,,
1073413,2016/17,2017-02-11,P Sara Oval,1,8.1,Bangladesh,South Africa,Sanjida Islam,Rumana Ahmed,S Ismail,0,1,,1,,,,,,,
1073413,2016/17,2017-02-11,P Sara Oval,1,8.2,Bangladesh,South Africa,Sanjida Islam,Rumana Ahmed,S Ismail,1,0,,,,,,,,,
1073413,2016/17,2017-02-11,P Sara Oval,1,8.3,Bangladesh,South Africa,Rumana Ahmed,Sanjida Islam,S Ismail,1,0,,,,,,,,,
1073413,2016/17,2017-02-11,P Sara Oval,1,8.4,Bangladesh,South Africa,Sanjida Islam,Rumana Ahmed,S Ismail,0,0,,,,,,,,,
1073413,2016/17,2017-02-11,P Sara Oval,1,8.5,Bangladesh,South Africa,Sanjida Islam,Rumana Ahmed,S Ismail,1,0,,,,,,,,,
1073413,2016/17,2017-02-11,P Sara Oval,1,8.6,Bangladesh,South Africa,Rumana Ahmed,Sanjida Islam,S Ismail,0,0,,,,,,,,,
1073413,2016/17,2017-02-11,P Sara Oval,1,8.7,Bangladesh,South Africa,Rumana Ahmed,Sanjida Islam,S Ismail,0,0,,,,,,,,,
1073413,2016/17,2017-02-11,P Sara Oval,1,9.1,Bangladesh,South Africa,Sanjida Islam,Rumana Ahmed,M Kapp,1,0,,,,,,,,,
1073413,2016/17,2017-02-11,P Sara Oval,1,9.2,Bangladesh,South Africa,Rumana Ahmed,Sanjida Islam,M Kapp,0,0,,,,,,,,,
1073413,2016/17,2017-02-11,P Sara Oval,1,9.3,Bangladesh,South Africa,Rumana Ahmed,Sanjida Islam,M Kapp,0,0,,,,,,,,,
1073413,2016/17,2017-02-11,P Sara Oval,1,9.4,Bangladesh,South Africa,Rumana Ahmed,Sanjida Islam,M Kapp,0,0,,,,,,,,,
1073413,2016/17,2017-02-11,P Sara Oval,1,9.5,Bangladesh,South Africa,Rumana Ahmed,Sanjida Islam,M Kapp,0,0,,,,,,,,,
1073413,2016/17,2017-02-11,P Sara Oval,1,9.6,Bangladesh,South Africa,Rumana Ahmed,Sanjida Islam,M Kapp,0,0,,,,,,,,,
1073413,2016/17,2017-02-11,P Sara Oval,1,10.1,Bangladesh,South Africa,Sanjida Islam,Rumana Ahmed,D van Niekerk,0,0,,,,,,,,,
1073413,2016/17,2017-02-11,P Sara Oval,1,10.2,Bangladesh,South Africa,Sanjida Islam,Rumana Ahmed,D van Niekerk,1,0,,,,,,,,,
1073413,2016/17,2017-02-11,P Sara Oval,1,10.3,Bangladesh,South Africa,Rumana Ahmed,Sanjida Islam,D van Niekerk,0,0,,,,,,,,,
1073413,2016/17,2017-02-11,P Sara Oval,1,10.4,Bangladesh,South Africa,Rumana Ahmed,Sanjida Islam,D van Niekerk,0,0,,,,,,,,,
1073413,2016/17,2017-02-11,P Sara Oval,1,10.5,Bangladesh,South Africa,Rumana Ahmed,Sanjida Islam,D van Niekerk,0,0,,,,,,,,,
1073413,2016/17,2017-02-11,P Sara Oval,1,10.6,Bangladesh,South Africa,Rumana Ahmed,Sanjida Islam,D van Niekerk,0,0,,,,,,,,,
1073413,2016/17,2017-02-11,P Sara Oval,1,11.1,Bangladesh,South Africa,Sanjida Islam,Rumana Ahmed,A Khaka,0,0,,,,,,,,,
1073413,2016/17,2017-02-11,P Sara Oval,1,11.2,Bangladesh,South Africa,Sanjida Islam,Rumana Ahmed,A Khaka,0,0,,,,,,,,,
1073413,2016/17,2017-02-11,P Sara Oval,1,11.3,Bangladesh,South Africa,Sanjida Islam,Rumana Ahmed,A Khaka,0,0,,,,,,,,,
1073413,2016/17,2017-02-11,P Sara Oval,1,11.4,Bangladesh,South Africa,Sanjida Islam,Rumana Ahmed,A Khaka,0,0,,,,,,,,,
1073413,2016/17,2017-02-11,P Sara Oval,1,11.5,Bangladesh,South Africa,Sanjida Islam,Rumana Ahmed,A Khaka,0,0,,,,,,,,,
1073413,2016/17,2017-02-11,P Sara Oval,1,11.6,Bangladesh,South Africa,Sanjida Islam,Rumana Ahmed,A Khaka,0,0,,,,,,,,,
1073413,2016/17,2017-02-11,P Sara Oval,1,12.1,Bangladesh,South Africa,Rumana Ahmed,Sanjida Islam,D van Niekerk,0,0,,,,,,,,,
1073413,2016/17,2017-02-11,P Sara Oval,1,12.2,Bangladesh,South Africa,Rumana Ahmed,Sanjida Islam,D van Niekerk,1,0,,,,,,,,,
1073413,2016/17,2017-02-11,P Sara Oval,1,12.3,Bangladesh,South Africa,Sanjida Islam,Rumana Ahmed,D van Niekerk,0,0,,,,,,,,,
1073413,2016/17,2017-02-11,P Sara Oval,1,12.4,Bangladesh,South Africa,Sanjida Islam,Rumana Ahmed,D van Niekerk,0,0,,,,,,,,,
1073413,2016/17,2017-02-11,P Sara Oval,1,12.5,Bangladesh,South Africa,Sanjida Islam,Rumana Ahmed,D van Niekerk,0,0,,,,,,,,,
1073413,2016/17,2017-02-11,P Sara Oval,1,12.6,Bangladesh,South Africa,Sanjida Islam,Rumana Ahmed,D van Niekerk,0,0,,,,,,,,,
1073413,2016/17,2017-02-11,P Sara Oval,1,13.1,Bangladesh,South Africa,Rumana Ahmed,Sanjida Islam,A Khaka,1,0,,,,,,,,,
1073413,2016/17,2017-02-11,P Sara Oval,1,13.2,Bangladesh,South Africa,Sanjida Islam,Rumana Ahmed,A Khaka,0,0,,,,,,,,,
1073413,2016/17,2017-02-11,P Sara Oval,1,13.3,Bangladesh,South Africa,Sanjida Islam,Rumana Ahmed,A Khaka,0,0,,,,,,,,,
1073413,2016/17,2017-02-11,P Sara Oval,1,13.4,Bangladesh,South Africa,Sanjida Islam,Rumana Ahmed,A Khaka,1,0,,,,,,,,,
1073413,2016/17,2017-02-11,P Sara Oval,1,13.5,Bangladesh,South Africa,Rumana Ahmed,Sanjida Islam,A Khaka,0,0,,,,,,,,,
1073413,2016/17,2017-02-11,P Sara Oval,1,13.6,Bangladesh,South Africa,Rumana Ahmed,Sanjida Islam,A Khaka,0,0,,,,,,,,,
1073413,2016/17,2017-02-11,P Sara Oval,1,14.1,Bangladesh,South Africa,Sanjida Islam,Rumana Ahmed,D van Niekerk,1,0,,,,,,,,,
1073413,2016/17,2017-02-11,P Sara Oval,1,14.2,Bangladesh,South Africa,Rumana Ahmed,Sanjida Islam,D van Niekerk,0,0,,,,,,,,,
1073413,2016/17,2017-02-11,P Sara Oval,1,14.3,Bangladesh,South Africa,Rumana Ahmed,Sanjida Islam,D van Niekerk,0,0,,,,,,,,,
1073413,2016/17,2017-02-11,P Sara Oval,1,14.4,Bangladesh,South Africa,Rumana Ahmed,Sanjida Islam,D van Niekerk,1,0,,,,,,,,,
1073413,2016/17,2017-02-11,P Sara Oval,1,14.5,Bangladesh,South Africa,Sanjida Islam,Rumana Ahmed,D van Niekerk,0,0,,,,,,,,,
1073413,2016/17,2017-02-11,P Sara Oval,1,14.6,Bangladesh,South Africa,Sanjida Islam,Rumana Ahmed,D van Niekerk,0,0,,,,,,bowled,Sanjida Islam,,
1073413,2016/17,2017-02-11,P Sara Oval,1,15.1,Bangladesh,South Africa,Rumana Ahmed,Nigar Sultana,A Khaka,4,0,,,,,,,,,
1073413,2016/17,2017-02-11,P Sara Oval,1,15.2,Bangladesh,South Africa,Rumana Ahmed,Nigar Sultana,A Khaka,0,0,,,,,,,,,
1073413,2016/17,2017-02-11,P Sara Oval,1,15.3,Bangladesh,South Africa,Rumana Ahmed,Nigar Sultana,A Khaka,0,0,,,,,,,,,
1073413,2016/17,2017-02-11,P Sara Oval,1,15.4,Bangladesh,South Africa,Rumana Ahmed,Nigar Sultana,A Khaka,0,0,,,,,,,,,
1073413,2016/17,2017-02-11,P Sara Oval,1,15.5,Bangladesh,South Africa,Rumana Ahmed,Nigar Sultana,A Khaka,0,0,,,,,,,,,
1073413,2016/17,2017-02-11,P Sara Oval,1,15.6,Bangladesh,South Africa,Rumana Ahmed,Nigar Sultana,A Khaka,0,0,,,,,,,,,
1073413,2016/17,2017-02-11,P Sara Oval,1,16.1,Bangladesh,South Africa,Nigar Sultana,Rumana Ahmed,D van Niekerk,0,0,,,,,,,,,
1073413,2016/17,2017-02-11,P Sara Oval,1,16.2,Bangladesh,South Africa,Nigar Sultana,Rumana Ahmed,D van Niekerk,0,0,,,,,,,,,
1073413,2016/17,2017-02-11,P Sara Oval,1,16.3,Bangladesh,South Africa,Nigar Sultana,Rumana Ahmed,D van Niekerk,1,0,,,,,,,,,
1073413,2016/17,2017-02-11,P Sara Oval,1,16.4,Bangladesh,South Africa,Rumana Ahmed,Nigar Sultana,D van Niekerk,0,0,,,,,,,,,
1073413,2016/17,2017-02-11,P Sara Oval,1,16.5,Bangladesh,South Africa,Rumana Ahmed,Nigar Sultana,D van Niekerk,0,0,,,,,,,,,
1073413,2016/17,2017-02-11,P Sara Oval,1,16.6,Bangladesh,South Africa,Rumana Ahmed,Nigar Sultana,D van Niekerk,0,0,,,,,,,,,
1073413,2016/17,2017-02-11,P Sara Oval,1,17.1,Bangladesh,South Africa,Nigar Sultana,Rumana Ahmed,A Khaka,0,0,,,,,,,,,
1073413,2016/17,2017-02-11,P Sara Oval,1,17.2,Bangladesh,South Africa,Nigar Sultana,Rumana Ahmed,A Khaka,2,0,,,,,,,,,
1073413,2016/17,2017-02-11,P Sara Oval,1,17.3,Bangladesh,South Africa,Nigar Sultana,Rumana Ahmed,A Khaka,0,0,,,,,,,,,
1073413,2016/17,2017-02-11,P Sara Oval,1,17.4,Bangladesh,South Africa,Nigar Sultana,Rumana Ahmed,A Khaka,1,0,,,,,,,,,
1073413,2016/17,2017-02-11,P Sara Oval,1,17.5,Bangladesh,South Africa,Rumana Ahmed,Nigar Sultana,A Khaka,0,0,,,,,,,,,
1073413,2016/17,2017-02-11,P Sara Oval,1,17.6,Bangladesh,South Africa,Rumana Ahmed,Nigar Sultana,A Khaka,0,0,,,,,,,,,
1073413,2016/17,2017-02-11,P Sara Oval,1,18.1,Bangladesh,South Africa,Nigar Sultana,Rumana Ahmed,D van Niekerk,4,0,,,,,,,,,
1073413,2016/17,2017-02-11,P Sara Oval,1,18.2,Bangladesh,South Africa,Nigar Sultana,Rumana Ahmed,D van Niekerk,0,0,,,,,,,,,
1073413,2016/17,2017-02-11,P Sara Oval,1,18.3,Bangladesh,South Africa,Nigar Sultana,Rumana Ahmed,D van Niekerk,0,0,,,,,,,,,
1073413,2016/17,2017-02-11,P Sara Oval,1,18.4,Bangladesh,South Africa,Nigar Sultana,Rumana Ahmed,D van Niekerk,0,0,,,,,,lbw,Nigar Sultana,,
1073413,2016/17,2017-02-11,P Sara Oval,1,18.5,Bangladesh,South Africa,Salma Khatun,Rumana Ahmed,D van Niekerk,0,0,,,,,,,,,
1073413,2016/17,2017-02-11,P Sara Oval,1,18.6,Bangladesh,South Africa,Salma Khatun,Rumana Ahmed,D van Niekerk,0,0,,,,,,,,,
1073413,2016/17,2017-02-11,P Sara Oval,1,19.1,Bangladesh,South Africa,Rumana Ahmed,Salma Khatun,A Khaka,0,0,,,,,,,,,
1073413,2016/17,2017-02-11,P Sara Oval,1,19.2,Bangladesh,South Africa,Rumana Ahmed,Salma Khatun,A Khaka,0,0,,,,,,,,,
1073413,2016/17,2017-02-11,P Sara Oval,1,19.3,Bangladesh,South Africa,Rumana Ahmed,Salma Khatun,A Khaka,4,0,,,,,,,,,
1073413,2016/17,2017-02-11,P Sara Oval,1,19.4,Bangladesh,South Africa,Rumana Ahmed,Salma Khatun,A Khaka,0,0,,,,,,,,,
1073413,2016/17,2017-02-11,P Sara Oval,1,19.5,Bangladesh,South Africa,Rumana Ahmed,Salma Khatun,A Khaka,0,0,,,,,,,,,
1073413,2016/17,2017-02-11,P Sara Oval,1,19.6,Bangladesh,South Africa,Rumana Ahmed,Salma Khatun,A Khaka,0,0,,,,,,,,,
1073413,2016/17,2017-02-11,P Sara Oval,1,20.1,Bangladesh,South Africa,Salma Khatun,Rumana Ahmed,D van Niekerk,0,0,,,,,,,,,
1073413,2016/17,2017-02-11,P Sara Oval,1,20.2,Bangladesh,South Africa,Salma Khatun,Rumana Ahmed,D van Niekerk,0,0,,,,,,,,,
1073413,2016/17,2017-02-11,P Sara Oval,1,20.3,Bangladesh,South Africa,Salma Khatun,Rumana Ahmed,D van Niekerk,1,0,,,,,,,,,
1073413,2016/17,2017-02-11,P Sara Oval,1,20.4,Bangladesh,South Africa,Rumana Ahmed,Salma Khatun,D van Niekerk,0,0,,,,,,,,,
1073413,2016/17,2017-02-11,P Sara Oval,1,20.5,Bangladesh,South Africa,Rumana Ahmed,Salma Khatun,D van Niekerk,0,0,,,,,,,,,
1073413,2016/17,2017-02-11,P Sara Oval,1,20.6,Bangladesh,South Africa,Rumana Ahmed,Salma Khatun,D van Niekerk,0,0,,,,,,,,,
1073413,2016/17,2017-02-11,P Sara Oval,1,21.1,Bangladesh,South Africa,Salma Khatun,Rumana Ahmed,MM Letsoalo,0,0,,,,,,,,,
1073413,2016/17,2017-02-11,P Sara Oval,1,21.2,Bangladesh,South Africa,Salma Khatun,Rumana Ahmed,MM Letsoalo,0,0,,,,,,,,,
1073413,2016/17,2017-02-11,P Sara Oval,1,21.3,Bangladesh,South Africa,Salma Khatun,Rumana Ahmed,MM Letsoalo,0,0,,,,,,,,,
1073413,2016/17,2017-02-11,P Sara Oval,1,21.4,Bangladesh,South Africa,Salma Khatun,Rumana Ahmed,MM Letsoalo,0,1,1,,,,,,,,
1073413,2016/17,2017-02-11,P Sara Oval,1,21.5,Bangladesh,South Africa,Salma Khatun,Rumana Ahmed,MM Letsoalo,0,0,,,,,,,,,
1073413,2016/17,2017-02-11,P Sara Oval,1,21.6,Bangladesh,South Africa,Salma Khatun,Rumana Ahmed,MM Letsoalo,0,0,,,,,,,,,
1073413,2016/17,2017-02-11,P Sara Oval,1,21.7,Bangladesh,South Africa,Salma Khatun,Rumana Ahmed,MM Letsoalo,0,0,,,,,,,,,
1073413,2016/17,2017-02-11,P Sara Oval,1,22.1,Bangladesh,South Africa,Rumana Ahmed,Salma Khatun,D van Niekerk,4,0,,,,,,,,,
1073413,2016/17,2017-02-11,P Sara Oval,1,22.2,Bangladesh,South Africa,Rumana Ahmed,Salma Khatun,D van Niekerk,0,0,,,,,,,,,
1073413,2016/17,2017-02-11,P Sara Oval,1,22.3,Bangladesh,South Africa,Rumana Ahmed,Salma Khatun,D van Niekerk,1,0,,,,,,,,,
1073413,2016/17,2017-02-11,P Sara Oval,1,22.4,Bangladesh,South Africa,Salma Khatun,Rumana Ahmed,D van Niekerk,0,0,,,,,,,,,
1073413,2016/17,2017-02-11,P Sara Oval,1,22.5,Bangladesh,South Africa,Salma Khatun,Rumana Ahmed,D van Niekerk,0,0,,,,,,,,,
1073413,2016/17,2017-02-11,P Sara Oval,1,22.6,Bangladesh,South Africa,Salma Khatun,Rumana Ahmed,D van Niekerk,0,0,,,,,,,,,
1073413,2016/17,2017-02-11,P Sara Oval,1,23.1,Bangladesh,South Africa,Rumana Ahmed,Salma Khatun,MM Letsoalo,0,0,,,,,,,,,
1073413,2016/17,2017-02-11,P Sara Oval,1,23.2,Bangladesh,South Africa,Rumana Ahmed,Salma Khatun,MM Letsoalo,0,0,,,,,,,,,
1073413,2016/17,2017-02-11,P Sara Oval,1,23.3,Bangladesh,South Africa,Rumana Ahmed,Salma Khatun,MM Letsoalo,0,0,,,,,,,,,
1073413,2016/17,2017-02-11,P Sara Oval,1,23.4,Bangladesh,South Africa,Rumana Ahmed,Salma Khatun,MM Letsoalo,0,0,,,,,,,,,
1073413,2016/17,2017-02-11,P Sara Oval,1,23.5,Bangladesh,South Africa,Rumana Ahmed,Salma Khatun,MM Letsoalo,0,0,,,,,,,,,
1073413,2016/17,2017-02-11,P Sara Oval,1,23.6,Bangladesh,South Africa,Rumana Ahmed,Salma Khatun,MM Letsoalo,0,5,5,,,,,,,,
1073413,2016/17,2017-02-11,P Sara Oval,1,23.7,Bangladesh,South Africa,Rumana Ahmed,Salma Khatun,MM Letsoalo,1,0,,,,,,,,,
1073413,2016/17,2017-02-11,P Sara Oval,1,24.1,Bangladesh,South Africa,Rumana Ahmed,Salma Khatun,D van Niekerk,1,0,,,,,,,,,
1073413,2016/17,2017-02-11,P Sara Oval,1,24.2,Bangladesh,South Africa,Salma Khatun,Rumana Ahmed,D van Niekerk,0,0,,,,,,,,,
1073413,2016/17,2017-02-11,P Sara Oval,1,24.3,Bangladesh,South Africa,Salma Khatun,Rumana Ahmed,D van Niekerk,0,0,,,,,,,,,
1073413,2016/17,2017-02-11,P Sara Oval,1,24.4,Bangladesh,South Africa,Salma Khatun,Rumana Ahmed,D van Niekerk,0,0,,,,,,,,,
1073413,2016/17,2017-02-11,P Sara Oval,1,24.5,Bangladesh,South Africa,Salma Khatun,Rumana Ahmed,D van Niekerk,0,0,,,,,,,,,
1073413,2016/17,2017-02-11,P Sara Oval,1,24.6,Bangladesh,South Africa,Salma Khatun,Rumana Ahmed,D van Niekerk,0,0,,,,,,,,,
1073413,2016/17,2017-02-11,P Sara Oval,1,25.1,Bangladesh,South Africa,Rumana Ahmed,Salma Khatun,MM Letsoalo,0,0,,,,,,,,,
1073413,2016/17,2017-02-11,P Sara Oval,1,25.2,Bangladesh,South Africa,Rumana Ahmed,Salma Khatun,MM Letsoalo,0,0,,,,,,,,,
1073413,2016/17,2017-02-11,P Sara Oval,1,25.3,Bangladesh,South Africa,Rumana Ahmed,Salma Khatun,MM Letsoalo,4,0,,,,,,,,,
1073413,2016/17,2017-02-11,P Sara Oval,1,25.4,Bangladesh,South Africa,Rumana Ahmed,Salma Khatun,MM Letsoalo,1,0,,,,,,,,,
1073413,2016/17,2017-02-11,P Sara Oval,1,25.5,Bangladesh,South Africa,Salma Khatun,Rumana Ahmed,MM Letsoalo,0,0,,,,,,,,,
1073413,2016/17,2017-02-11,P Sara Oval,1,25.6,Bangladesh,South Africa,Salma Khatun,Rumana Ahmed,MM Letsoalo,0,0,,,,,,,,,
1073413,2016/17,2017-02-11,P Sara Oval,1,26.1,Bangladesh,South Africa,Rumana Ahmed,Salma Khatun,D van Niekerk,0,0,,,,,,,,,
1073413,2016/17,2017-02-11,P Sara Oval,1,26.2,Bangladesh,South Africa,Rumana Ahmed,Salma Khatun,D van Niekerk,0,0,,,,,,,,,
1073413,2016/17,2017-02-11,P Sara Oval,1,26.3,Bangladesh,South Africa,Rumana Ahmed,Salma Khatun,D van Niekerk,2,0,,,,,,,,,
1073413,2016/17,2017-02-11,P Sara Oval,1,26.4,Bangladesh,South Africa,Rumana Ahmed,Salma Khatun,D van Niekerk,0,0,,,,,,,,,
1073413,2016/17,2017-02-11,P Sara Oval,1,26.5,Bangladesh,South Africa,Rumana Ahmed,Salma Khatun,D van Niekerk,1,0,,,,,,,,,
1073413,2016/17,2017-02-11,P Sara Oval,1,26.6,Bangladesh,South Africa,Salma Khatun,Rumana Ahmed,D van Niekerk,1,0,,,,,,,,,
1073413,2016/17,2017-02-11,P Sara Oval,1,27.1,Bangladesh,South Africa,Salma Khatun,Rumana Ahmed,S Ismail,1,0,,,,,,,,,
1073413,2016/17,2017-02-11,P Sara Oval,1,27.2,Bangladesh,South Africa,Rumana Ahmed,Salma Khatun,S Ismail,0,0,,,,,,,,,
1073413,2016/17,2017-02-11,P Sara Oval,1,27.3,Bangladesh,South Africa,Rumana Ahmed,Salma Khatun,S Ismail,0,0,,,,,,,,,
1073413,2016/17,2017-02-11,P Sara Oval,1,27.4,Bangladesh,South Africa,Rumana Ahmed,Salma Khatun,S Ismail,0,0,,,,,,,,,
1073413,2016/17,2017-02-11,P Sara Oval,1,27.5,Bangladesh,South Africa,Rumana Ahmed,Salma Khatun,S Ismail,0,0,,,,,,,,,
1073413,2016/17,2017-02-11,P Sara Oval,1,27.6,Bangladesh,South Africa,Rumana Ahmed,Salma Khatun,S Ismail,0,0,,,,,,,,,
1073413,2016/17,2017-02-11,P Sara Oval,1,28.1,Bangladesh,South Africa,Salma Khatun,Rumana Ahmed,D van Niekerk,0,0,,,,,,,,,
1073413,2016/17,2017-02-11,P Sara Oval,1,28.2,Bangladesh,South Africa,Salma Khatun,Rumana Ahmed,D van Niekerk,0,0,,,,,,,,,
1073413,2016/17,2017-02-11,P Sara Oval,1,28.3,Bangladesh,South Africa,Salma Khatun,Rumana Ahmed,D van Niekerk,2,0,,,,,,,,,
1073413,2016/17,2017-02-11,P Sara Oval,1,28.4,Bangladesh,South Africa,Salma Khatun,Rumana Ahmed,D van Niekerk,0,0,,,,,,,,,
1073413,2016/17,2017-02-11,P Sara Oval,1,28.5,Bangladesh,South Africa,Salma Khatun,Rumana Ahmed,D van Niekerk,0,0,,,,,,,,,
1073413,2016/17,2017-02-11,P Sara Oval,1,28.6,Bangladesh,South Africa,Salma Khatun,Rumana Ahmed,D van Niekerk,0,0,,,,,,,,,
1073413,2016/17,2017-02-11,P Sara Oval,1,29.1,Bangladesh,South Africa,Rumana Ahmed,Salma Khatun,S Ismail,1,0,,,,,,,,,
1073413,2016/17,2017-02-11,P Sara Oval,1,29.2,Bangladesh,South Africa,Salma Khatun,Rumana Ahmed,S Ismail,0,0,,,,,,,,,
1073413,2016/17,2017-02-11,P Sara Oval,1,29.3,Bangladesh,South Africa,Salma Khatun,Rumana Ahmed,S Ismail,0,0,,,,,,,,,
1073413,2016/17,2017-02-11,P Sara Oval,1,29.4,Bangladesh,South Africa,Salma Khatun,Rumana Ahmed,S Ismail,1,0,,,,,,,,,
1073413,2016/17,2017-02-11,P Sara Oval,1,29.5,Bangladesh,South Africa,Rumana Ahmed,Salma Khatun,S Ismail,0,0,,,,,,,,,
1073413,2016/17,2017-02-11,P Sara Oval,1,29.6,Bangladesh,South Africa,Rumana Ahmed,Salma Khatun,S Ismail,0,0,,,,,,,,,
1073413,2016/17,2017-02-11,P Sara Oval,1,30.1,Bangladesh,South Africa,Salma Khatun,Rumana Ahmed,M Kapp,0,0,,,,,,,,,
1073413,2016/17,2017-02-11,P Sara Oval,1,30.2,Bangladesh,South Africa,Salma Khatun,Rumana Ahmed,M Kapp,0,0,,,,,,,,,
1073413,2016/17,2017-02-11,P Sara Oval,1,30.3,Bangladesh,South Africa,Salma Khatun,Rumana Ahmed,M Kapp,0,0,,,,,,,,,
1073413,2016/17,2017-02-11,P Sara Oval,1,30.4,Bangladesh,South Africa,Salma Khatun,Rumana Ahmed,M Kapp,0,0,,,,,,,,,
1073413,2016/17,2017-02-11,P Sara Oval,1,30.5,Bangladesh,South Africa,Salma Khatun,Rumana Ahmed,M Kapp,0,0,,,,,,,,,
1073413,2016/17,2017-02-11,P Sara Oval,1,30.6,Bangladesh,South Africa,Salma Khatun,Rumana Ahmed,M Kapp,0,0,,,,,,,,,
1073413,2016/17,2017-02-11,P Sara Oval,1,31.1,Bangladesh,South Africa,Rumana Ahmed,Salma Khatun,A Khaka,0,0,,,,,,,,,
1073413,2016/17,2017-02-11,P Sara Oval,1,31.2,Bangladesh,South Africa,Rumana Ahmed,Salma Khatun,A Khaka,5,0,,,,,,,,,
1073413,2016/17,2017-02-11,P Sara Oval,1,31.3,Bangladesh,South Africa,Salma Khatun,Rumana Ahmed,A Khaka,0,0,,,,,,,,,
1073413,2016/17,2017-02-11,P Sara Oval,1,31.4,Bangladesh,South Africa,Salma Khatun,Rumana Ahmed,A Khaka,1,0,,,,,,,,,
1073413,2016/17,2017-02-11,P Sara Oval,1,31.5,Bangladesh,South Africa,Rumana Ahmed,Salma Khatun,A Khaka,0,0,,,,,,,,,
1073413,2016/17,2017-02-11,P Sara Oval,1,31.6,Bangladesh,South Africa,Rumana Ahmed,Salma Khatun,A Khaka,0,0,,,,,,,,,
1073413,2016/17,2017-02-11,P Sara Oval,1,32.1,Bangladesh,South Africa,Salma Khatun,Rumana Ahmed,S Luus,4,0,,,,,,,,,
1073413,2016/17,2017-02-11,P Sara Oval,1,32.2,Bangladesh,South Africa,Salma Khatun,Rumana Ahmed,S Luus,0,0,,,,,,,,,
1073413,2016/17,2017-02-11,P Sara Oval,1,32.3,Bangladesh,South Africa,Salma Khatun,Rumana Ahmed,S Luus,0,0,,,,,,,,,
1073413,2016/17,2017-02-11,P Sara Oval,1,32.4,Bangladesh,South Africa,Salma Khatun,Rumana Ahmed,S Luus,0,0,,,,,,,,,
1073413,2016/17,2017-02-11,P Sara Oval,1,32.5,Bangladesh,South Africa,Salma Khatun,Rumana Ahmed,S Luus,1,0,,,,,,,,,
1073413,2016/17,2017-02-11,P Sara Oval,1,32.6,Bangladesh,South Africa,Rumana Ahmed,Salma Khatun,S Luus,2,0,,,,,,,,,
1073413,2016/17,2017-02-11,P Sara Oval,1,33.1,Bangladesh,South Africa,Salma Khatun,Rumana Ahmed,A Khaka,0,0,,,,,,,,,
1073413,2016/17,2017-02-11,P Sara Oval,1,33.2,Bangladesh,South Africa,Salma Khatun,Rumana Ahmed,A Khaka,1,0,,,,,,,,,
1073413,2016/17,2017-02-11,P Sara Oval,1,33.3,Bangladesh,South Africa,Rumana Ahmed,Salma Khatun,A Khaka,1,0,,,,,,,,,
1073413,2016/17,2017-02-11,P Sara Oval,1,33.4,Bangladesh,South Africa,Salma Khatun,Rumana Ahmed,A Khaka,0,0,,,,,,,,,
1073413,2016/17,2017-02-11,P Sara Oval,1,33.5,Bangladesh,South Africa,Salma Khatun,Rumana Ahmed,A Khaka,0,0,,,,,,,,,
1073413,2016/17,2017-02-11,P Sara Oval,1,33.6,Bangladesh,South Africa,Salma Khatun,Rumana Ahmed,A Khaka,0,0,,,,,,,,,
1073413,2016/17,2017-02-11,P Sara Oval,1,34.1,Bangladesh,South Africa,Rumana Ahmed,Salma Khatun,S Luus,0,0,,,,,,,,,
1073413,2016/17,2017-02-11,P Sara Oval,1,34.2,Bangladesh,South Africa,Rumana Ahmed,Salma Khatun,S Luus,0,0,,,,,,,,,
1073413,2016/17,2017-02-11,P Sara Oval,1,34.3,Bangladesh,South Africa,Rumana Ahmed,Salma Khatun,S Luus,0,0,,,,,,,,,
1073413,2016/17,2017-02-11,P Sara Oval,1,34.4,Bangladesh,South Africa,Rumana Ahmed,Salma Khatun,S Luus,0,0,,,,,,,,,
1073413,2016/17,2017-02-11,P Sara Oval,1,34.5,Bangladesh,South Africa,Rumana Ahmed,Salma Khatun,S Luus,0,0,,,,,,,,,
1073413,2016/17,2017-02-11,P Sara Oval,1,34.6,Bangladesh,South Africa,Rumana Ahmed,Salma Khatun,S Luus,0,0,,,,,,,,,
1073413,2016/17,2017-02-11,P Sara Oval,1,35.1,Bangladesh,South Africa,Salma Khatun,Rumana Ahmed,M Kapp,0,0,,,,,,,,,
1073413,2016/17,2017-02-11,P Sara Oval,1,35.2,Bangladesh,South Africa,Salma Khatun,Rumana Ahmed,M Kapp,1,0,,,,,,,,,
1073413,2016/17,2017-02-11,P Sara Oval,1,35.3,Bangladesh,South Africa,Rumana Ahmed,Salma Khatun,M Kapp,0,0,,,,,,,,,
1073413,2016/17,2017-02-11,P Sara Oval,1,35.4,Bangladesh,South Africa,Rumana Ahmed,Salma Khatun,M Kapp,0,0,,,,,,,,,
1073413,2016/17,2017-02-11,P Sara Oval,1,35.5,Bangladesh,South Africa,Rumana Ahmed,Salma Khatun,M Kapp,0,0,,,,,,,,,
1073413,2016/17,2017-02-11,P Sara Oval,1,35.6,Bangladesh,South Africa,Rumana Ahmed,Salma Khatun,M Kapp,0,0,,,,,,,,,
1073413,2016/17,2017-02-11,P Sara Oval,1,36.1,Bangladesh,South Africa,Salma Khatun,Rumana Ahmed,S Luus,1,0,,,,,,,,,
1073413,2016/17,2017-02-11,P Sara Oval,1,36.2,Bangladesh,South Africa,Rumana Ahmed,Salma Khatun,S Luus,1,0,,,,,,,,,
1073413,2016/17,2017-02-11,P Sara Oval,1,36.3,Bangladesh,South Africa,Salma Khatun,Rumana Ahmed,S Luus,0,0,,,,,,,,,
1073413,2016/17,2017-02-11,P Sara Oval,1,36.4,Bangladesh,South Africa,Salma Khatun,Rumana Ahmed,S Luus,1,0,,,,,,,,,
1073413,2016/17,2017-02-11,P Sara Oval,1,36.5,Bangladesh,South Africa,Rumana Ahmed,Salma Khatun,S Luus,0,0,,,,,,,,,
1073413,2016/17,2017-02-11,P Sara Oval,1,36.6,Bangladesh,South Africa,Rumana Ahmed,Salma Khatun,S Luus,0,0,,,,,,,,,
1073413,2016/17,2017-02-11,P Sara Oval,1,37.1,Bangladesh,South Africa,Salma Khatun,Rumana Ahmed,S Ismail,0,0,,,,,,,,,
1073413,2016/17,2017-02-11,P Sara Oval,1,37.2,Bangladesh,South Africa,Salma Khatun,Rumana Ahmed,S Ismail,0,0,,,,,,bowled,Salma Khatun,,
1073413,2016/17,2017-02-11,P Sara Oval,1,37.3,Bangladesh,South Africa,Shaila Sharmin,Rumana Ahmed,S Ismail,1,0,,,,,,,,,
1073413,2016/17,2017-02-11,P Sara Oval,1,37.4,Bangladesh,South Africa,Rumana Ahmed,Shaila Sharmin,S Ismail,0,0,,,,,,run out,Rumana Ahmed,,
1073413,2016/17,2017-02-11,P Sara Oval,1,37.5,Bangladesh,South Africa,Shaila Sharmin,Jahanara Alam,S Ismail,0,0,,,,,,,,,
1073413,2016/17,2017-02-11,P Sara Oval,1,37.6,Bangladesh,South Africa,Shaila Sharmin,Jahanara Alam,S Ismail,0,0,,,,,,,,,
1073413,2016/17,2017-02-11,P Sara Oval,1,38.1,Bangladesh,South Africa,Jahanara Alam,Shaila Sharmin,S Luus,0,0,,,,,,,,,
1073413,2016/17,2017-02-11,P Sara Oval,1,38.2,Bangladesh,South Africa,Jahanara Alam,Shaila Sharmin,S Luus,0,0,,,,,,,,,
1073413,2016/17,2017-02-11,P Sara Oval,1,38.3,Bangladesh,South Africa,Jahanara Alam,Shaila Sharmin,S Luus,1,0,,,,,,,,,
1073413,2016/17,2017-02-11,P Sara Oval,1,38.4,Bangladesh,South Africa,Shaila Sharmin,Jahanara Alam,S Luus,0,0,,,,,,,,,
1073413,2016/17,2017-02-11,P Sara Oval,1,38.5,Bangladesh,South Africa,Shaila Sharmin,Jahanara Alam,S Luus,0,0,,,,,,,,,
1073413,2016/17,2017-02-11,P Sara Oval,1,38.6,Bangladesh,South Africa,Shaila Sharmin,Jahanara Alam,S Luus,0,0,,,,,,,,,
1073413,2016/17,2017-02-11,P Sara Oval,1,39.1,Bangladesh,South Africa,Jahanara Alam,Shaila Sharmin,M Kapp,0,0,,,,,,,,,
1073413,2016/17,2017-02-11,P Sara Oval,1,39.2,Bangladesh,South Africa,Jahanara Alam,Shaila Sharmin,M Kapp,0,0,,,,,,,,,
1073413,2016/17,2017-02-11,P Sara Oval,1,39.3,Bangladesh,South Africa,Jahanara Alam,Shaila Sharmin,M Kapp,0,0,,,,,,,,,
1073413,2016/17,2017-02-11,P Sara Oval,1,39.4,Bangladesh,South Africa,Jahanara Alam,Shaila Sharmin,M Kapp,0,0,,,,,,,,,
1073413,2016/17,2017-02-11,P Sara Oval,1,39.5,Bangladesh,South Africa,Jahanara Alam,Shaila Sharmin,M Kapp,0,0,,,,,,,,,
1073413,2016/17,2017-02-11,P Sara Oval,1,39.6,Bangladesh,South Africa,Jahanara Alam,Shaila Sharmin,M Kapp,0,0,,,,,,,,,
1073413,2016/17,2017-02-11,P Sara Oval,1,40.1,Bangladesh,South Africa,Shaila Sharmin,Jahanara Alam,S Luus,4,0,,,,,,,,,
1073413,2016/17,2017-02-11,P Sara Oval,1,40.2,Bangladesh,South Africa,Shaila Sharmin,Jahanara Alam,S Luus,0,0,,,,,,,,,
1073413,2016/17,2017-02-11,P Sara Oval,1,40.3,Bangladesh,South Africa,Shaila Sharmin,Jahanara Alam,S Luus,0,0,,,,,,,,,
1073413,2016/17,2017-02-11,P Sara Oval,1,40.4,Bangladesh,South Africa,Shaila Sharmin,Jahanara Alam,S Luus,0,0,,,,,,,,,
1073413,2016/17,2017-02-11,P Sara Oval,1,40.5,Bangladesh,South Africa,Shaila Sharmin,Jahanara Alam,S Luus,0,0,,,,,,,,,
1073413,2016/17,2017-02-11,P Sara Oval,1,40.6,Bangladesh,South Africa,Shaila Sharmin,Jahanara Alam,S Luus,0,0,,,,,,,,,
1073413,2016/17,2017-02-11,P Sara Oval,1,41.1,Bangladesh,South Africa,Jahanara Alam,Shaila Sharmin,A Khaka,0,0,,,,,,,,,
1073413,2016/17,2017-02-11,P Sara Oval,1,41.2,Bangladesh,South Africa,Jahanara Alam,Shaila Sharmin,A Khaka,0,0,,,,,,,,,
1073413,2016/17,2017-02-11,P Sara Oval,1,41.3,Bangladesh,South Africa,Jahanara Alam,Shaila Sharmin,A Khaka,0,0,,,,,,,,,
1073413,2016/17,2017-02-11,P Sara Oval,1,41.4,Bangladesh,South Africa,Jahanara Alam,Shaila Sharmin,A Khaka,0,1,,,,1,,,,,
1073413,2016/17,2017-02-11,P Sara Oval,1,41.5,Bangladesh,South Africa,Shaila Sharmin,Jahanara Alam,A Khaka,0,0,,,,,,,,,
1073413,2016/17,2017-02-11,P Sara Oval,1,41.6,Bangladesh,South Africa,Shaila Sharmin,Jahanara Alam,A Khaka,0,0,,,,,,,,,
1073413,2016/17,2017-02-11,P Sara Oval,1,42.1,Bangladesh,South Africa,Jahanara Alam,Shaila Sharmin,S Luus,0,0,,,,,,,,,
1073413,2016/17,2017-02-11,P Sara Oval,1,42.2,Bangladesh,South Africa,Jahanara Alam,Shaila Sharmin,S Luus,1,0,,,,,,,,,
1073413,2016/17,2017-02-11,P Sara Oval,1,42.3,Bangladesh,South Africa,Shaila Sharmin,Jahanara Alam,S Luus,0,0,,,,,,,,,
1073413,2016/17,2017-02-11,P Sara Oval,1,42.4,Bangladesh,South Africa,Shaila Sharmin,Jahanara Alam,S Luus,0,0,,,,,,,,,
1073413,2016/17,2017-02-11,P Sara Oval,1,42.5,Bangladesh,South Africa,Shaila Sharmin,Jahanara Alam,S Luus,0,0,,,,,,,,,
1073413,2016/17,2017-02-11,P Sara Oval,1,42.6,Bangladesh,South Africa,Shaila Sharmin,Jahanara Alam,S Luus,0,0,,,,,,,,,
1073413,2016/17,2017-02-11,P Sara Oval,1,43.1,Bangladesh,South Africa,Jahanara Alam,Shaila Sharmin,S Ismail,0,0,,,,,,,,,
1073413,2016/17,2017-02-11,P Sara Oval,1,43.2,Bangladesh,South Africa,Jahanara Alam,Shaila Sharmin,S Ismail,0,0,,,,,,,,,
1073413,2016/17,2017-02-11,P Sara Oval,1,43.3,Bangladesh,South Africa,Jahanara Alam,Shaila Sharmin,S Ismail,0,0,,,,,,,,,
1073413,2016/17,2017-02-11,P Sara Oval,1,43.4,Bangladesh,South Africa,Jahanara Alam,Shaila Sharmin,S Ismail,0,0,,,,,,,,,
1073413,2016/17,2017-02-11,P Sara Oval,1,43.5,Bangladesh,South Africa,Jahanara Alam,Shaila Sharmin,S Ismail,0,0,,,,,,,,,
1073413,2016/17,2017-02-11,P Sara Oval,1,43.6,Bangladesh,South Africa,Jahanara Alam,Shaila Sharmin,S Ismail,0,1,,,,1,,,,,
1073413,2016/17,2017-02-11,P Sara Oval,1,44.1,Bangladesh,South Africa,Jahanara Alam,Shaila Sharmin,S Luus,0,0,,,,,,,,,
1073413,2016/17,2017-02-11,P Sara Oval,1,44.2,Bangladesh,South Africa,Jahanara Alam,Shaila Sharmin,S Luus,0,0,,,,,,,,,
1073413,2016/17,2017-02-11,P Sara Oval,1,44.3,Bangladesh,South Africa,Jahanara Alam,Shaila Sharmin,S Luus,0,0,,,,,,stumped,Jahanara Alam,,
1073413,2016/17,2017-02-11,P Sara Oval,1,44.4,Bangladesh,South Africa,Khadija Tul Kubra,Shaila Sharmin,S Luus,0,0,,,,,,,,,
1073413,2016/17,2017-02-11,P Sara Oval,1,44.5,Bangladesh,South Africa,Khadija Tul Kubra,Shaila Sharmin,S Luus,0,0,,,,,,,,,
1073413,2016/17,2017-02-11,P Sara Oval,1,44.6,Bangladesh,South Africa,Khadija Tul Kubra,Shaila Sharmin,S Luus,0,0,,,,,,,,,
1073413,2016/17,2017-02-11,P Sara Oval,1,45.1,Bangladesh,South Africa,Shaila Sharmin,Khadija Tul Kubra,M Kapp,0,0,,,,,,,,,
1073413,2016/17,2017-02-11,P Sara Oval,1,45.2,Bangladesh,South Africa,Shaila Sharmin,Khadija Tul Kubra,M Kapp,1,0,,,,,,,,,
1073413,2016/17,2017-02-11,P Sara Oval,1,45.3,Bangladesh,South Africa,Khadija Tul Kubra,Shaila Sharmin,M Kapp,0,0,,,,,,,,,
1073413,2016/17,2017-02-11,P Sara Oval,1,45.4,Bangladesh,South Africa,Khadija Tul Kubra,Shaila Sharmin,M Kapp,0,0,,,,,,,,,
1073413,2016/17,2017-02-11,P Sara Oval,1,45.5,Bangladesh,South Africa,Khadija Tul Kubra,Shaila Sharmin,M Kapp,0,0,,,,,,,,,
1073413,2016/17,2017-02-11,P Sara Oval,1,45.6,Bangladesh,South Africa,Khadija Tul Kubra,Shaila Sharmin,M Kapp,1,0,,,,,,,,,
1073413,2016/17,2017-02-11,P Sara Oval,1,46.1,Bangladesh,South Africa,Khadija Tul Kubra,Shaila Sharmin,S Luus,0,0,,,,,,,,,
1073413,2016/17,2017-02-11,P Sara Oval,1,46.2,Bangladesh,South Africa,Khadija Tul Kubra,Shaila Sharmin,S Luus,1,0,,,,,,,,,
1073413,2016/17,2017-02-11,P Sara Oval,1,46.3,Bangladesh,South Africa,Shaila Sharmin,Khadija Tul Kubra,S Luus,0,0,,,,,,caught,Shaila Sharmin,,
1073413,2016/17,2017-02-11,P Sara Oval,1,46.4,Bangladesh,South Africa,Suraiya Azmin,Khadija Tul Kubra,S Luus,0,0,,,,,,,,,
1073413,2016/17,2017-02-11,P Sara Oval,1,46.5,Bangladesh,South Africa,Suraiya Azmin,Khadija Tul Kubra,S Luus,0,0,,,,,,stumped,Suraiya Azmin,,
1073413,2016/17,2017-02-11,P Sara Oval,2,0.1,South Africa,Bangladesh,L Lee,L Wolvaardt,Jahanara Alam,1,0,,,,,,,,,
1073413,2016/17,2017-02-11,P Sara Oval,2,0.2,South Africa,Bangladesh,L Wolvaardt,L Lee,Jahanara Alam,0,0,,,,,,,,,
1073413,2016/17,2017-02-11,P Sara Oval,2,0.3,South Africa,Bangladesh,L Wolvaardt,L Lee,Jahanara Alam,4,0,,,,,,,,,
1073413,2016/17,2017-02-11,P Sara Oval,2,0.4,South Africa,Bangladesh,L Wolvaardt,L Lee,Jahanara Alam,0,0,,,,,,,,,
1073413,2016/17,2017-02-11,P Sara Oval,2,0.5,South Africa,Bangladesh,L Wolvaardt,L Lee,Jahanara Alam,0,0,,,,,,,,,
1073413,2016/17,2017-02-11,P Sara Oval,2,0.6,South Africa,Bangladesh,L Wolvaardt,L Lee,Jahanara Alam,0,0,,,,,,,,,
1073413,2016/17,2017-02-11,P Sara Oval,2,1.1,South Africa,Bangladesh,L Lee,L Wolvaardt,Suraiya Azmin,0,0,,,,,,,,,
1073413,2016/17,2017-02-11,P Sara Oval,2,1.2,South Africa,Bangladesh,L Lee,L Wolvaardt,Suraiya Azmin,4,0,,,,,,,,,
1073413,2016/17,2017-02-11,P Sara Oval,2,1.3,South Africa,Bangladesh,L Lee,L Wolvaardt,Suraiya Azmin,0,0,,,,,,,,,
1073413,2016/17,2017-02-11,P Sara Oval,2,1.4,South Africa,Bangladesh,L Lee,L Wolvaardt,Suraiya Azmin,4,0,,,,,,,,,
1073413,2016/17,2017-02-11,P Sara Oval,2,1.5,South Africa,Bangladesh,L Lee,L Wolvaardt,Suraiya Azmin,0,0,,,,,,,,,
1073413,2016/17,2017-02-11,P Sara Oval,2,1.6,South Africa,Bangladesh,L Lee,L Wolvaardt,Suraiya Azmin,0,0,,,,,,,,,
1073413,2016/17,2017-02-11,P Sara Oval,2,2.1,South Africa,Bangladesh,L Wolvaardt,L Lee,Jahanara Alam,4,0,,,,,,,,,
1073413,2016/17,2017-02-11,P Sara Oval,2,2.2,South Africa,Bangladesh,L Wolvaardt,L Lee,Jahanara Alam,0,0,,,,,,,,,
1073413,2016/17,2017-02-11,P Sara Oval,2,2.3,South Africa,Bangladesh,L Wolvaardt,L Lee,Jahanara Alam,0,0,,,,,,,,,
1073413,2016/17,2017-02-11,P Sara Oval,2,2.4,South Africa,Bangladesh,L Wolvaardt,L Lee,Jahanara Alam,0,0,,,,,,,,,
1073413,2016/17,2017-02-11,P Sara Oval,2,2.5,South Africa,Bangladesh,L Wolvaardt,L Lee,Jahanara Alam,0,0,,,,,,,,,
1073413,2016/17,2017-02-11,P Sara Oval,2,2.6,South Africa,Bangladesh,L Wolvaardt,L Lee,Jahanara Alam,0,1,1,,,,,,,,
1073413,2016/17,2017-02-11,P Sara Oval,2,2.7,South Africa,Bangladesh,L Wolvaardt,L Lee,Jahanara Alam,1,0,,,,,,,,,
1073413,2016/17,2017-02-11,P Sara Oval,2,3.1,South Africa,Bangladesh,L Wolvaardt,L Lee,Rumana Ahmed,0,0,,,,,,,,,
1073413,2016/17,2017-02-11,P Sara Oval,2,3.2,South Africa,Bangladesh,L Wolvaardt,L Lee,Rumana Ahmed,1,0,,,,,,,,,
1073413,2016/17,2017-02-11,P Sara Oval,2,3.3,South Africa,Bangladesh,L Lee,L Wolvaardt,Rumana Ahmed,0,0,,,,,,,,,
1073413,2016/17,2017-02-11,P Sara Oval,2,3.4,South Africa,Bangladesh,L Lee,L Wolvaardt,Rumana Ahmed,2,0,,,,,,,,,
1073413,2016/17,2017-02-11,P Sara Oval,2,3.5,South Africa,Bangladesh,L Lee,L Wolvaardt,Rumana Ahmed,0,0,,,,,,,,,
1073413,2016/17,2017-02-11,P Sara Oval,2,3.6,South Africa,Bangladesh,L Lee,L Wolvaardt,Rumana Ahmed,2,0,,,,,,,,,
1073413,2016/17,2017-02-11,P Sara Oval,2,4.1,South Africa,Bangladesh,L Wolvaardt,L Lee,Jahanara Alam,0,0,,,,,,,,,
1073413,2016/17,2017-02-11,P Sara Oval,2,4.2,South Africa,Bangladesh,L Wolvaardt,L Lee,Jahanara Alam,0,0,,,,,,,,,
1073413,2016/17,2017-02-11,P Sara Oval,2,4.3,South Africa,Bangladesh,L Wolvaardt,L Lee,Jahanara Alam,1,0,,,,,,,,,
1073413,2016/17,2017-02-11,P Sara Oval,2,4.4,South Africa,Bangladesh,L Lee,L Wolvaardt,Jahanara Alam,0,0,,,,,,,,,
1073413,2016/17,2017-02-11,P Sara Oval,2,4.5,South Africa,Bangladesh,L Lee,L Wolvaardt,Jahanara Alam,1,0,,,,,,,,,
1073413,2016/17,2017-02-11,P Sara Oval,2,4.6,South Africa,Bangladesh,L Wolvaardt,L Lee,Jahanara Alam,0,1,,,,1,,,,,
1073413,2016/17,2017-02-11,P Sara Oval,2,5.1,South Africa,Bangladesh,L Wolvaardt,L Lee,Rumana Ahmed,0,0,,,,,,,,,
1073413,2016/17,2017-02-11,P Sara Oval,2,5.2,South Africa,Bangladesh,L Wolvaardt,L Lee,Rumana Ahmed,2,0,,,,,,,,,
1073413,2016/17,2017-02-11,P Sara Oval,2,5.3,South Africa,Bangladesh,L Wolvaardt,L Lee,Rumana Ahmed,0,0,,,,,,,,,
1073413,2016/17,2017-02-11,P Sara Oval,2,5.4,South Africa,Bangladesh,L Wolvaardt,L Lee,Rumana Ahmed,0,0,,,,,,,,,
1073413,2016/17,2017-02-11,P Sara Oval,2,5.5,South Africa,Bangladesh,L Wolvaardt,L Lee,Rumana Ahmed,0,0,,,,,,,,,
1073413,2016/17,2017-02-11,P Sara Oval,2,5.6,South Africa,Bangladesh,L Wolvaardt,L Lee,Rumana Ahmed,0,0,,,,,,,,,
1073413,2016/17,2017-02-11,P Sara Oval,2,6.1,South Africa,Bangladesh,L Lee,L Wolvaardt,Khadija Tul Kubra,4,0,,,,,,,,,
1073413,2016/17,2017-02-11,P Sara Oval,2,6.2,South Africa,Bangladesh,L Lee,L Wolvaardt,Khadija Tul Kubra,0,0,,,,,,,,,
1073413,2016/17,2017-02-11,P Sara Oval,2,6.3,South Africa,Bangladesh,L Lee,L Wolvaardt,Khadija Tul Kubra,0,0,,,,,,,,,
1073413,2016/17,2017-02-11,P Sara Oval,2,6.4,South Africa,Bangladesh,L Lee,L Wolvaardt,Khadija Tul Kubra,4,0,,,,,,,,,
1073413,2016/17,2017-02-11,P Sara Oval,2,6.5,South Africa,Bangladesh,L Lee,L Wolvaardt,Khadija Tul Kubra,0,0,,,,,,,,,
1073413,2016/17,2017-02-11,P Sara Oval,2,6.6,South Africa,Bangladesh,L Lee,L Wolvaardt,Khadija Tul Kubra,0,0,,,,,,,,,
1073413,2016/17,2017-02-11,P Sara Oval,2,7.1,South Africa,Bangladesh,L Wolvaardt,L Lee,Rumana Ahmed,0,0,,,,,,,,,
1073413,2016/17,2017-02-11,P Sara Oval,2,7.2,South Africa,Bangladesh,L Wolvaardt,L Lee,Rumana Ahmed,1,0,,,,,,,,,
1073413,2016/17,2017-02-11,P Sara Oval,2,7.3,South Africa,Bangladesh,L Lee,L Wolvaardt,Rumana Ahmed,0,0,,,,,,,,,
1073413,2016/17,2017-02-11,P Sara Oval,2,7.4,South Africa,Bangladesh,L Lee,L Wolvaardt,Rumana Ahmed,0,0,,,,,,,,,
1073413,2016/17,2017-02-11,P Sara Oval,2,7.5,South Africa,Bangladesh,L Lee,L Wolvaardt,Rumana Ahmed,1,0,,,,,,,,,
1073413,2016/17,2017-02-11,P Sara Oval,2,7.6,South Africa,Bangladesh,L Wolvaardt,L Lee,Rumana Ahmed,0,0,,,,,,,,,
1073413,2016/17,2017-02-11,P Sara Oval,2,8.1,South Africa,Bangladesh,L Lee,L Wolvaardt,Khadija Tul Kubra,0,0,,,,,,,,,
1073413,2016/17,2017-02-11,P Sara Oval,2,8.2,South Africa,Bangladesh,L Lee,L Wolvaardt,Khadija Tul Kubra,0,0,,,,,,,,,
1073413,2016/17,2017-02-11,P Sara Oval,2,8.3,South Africa,Bangladesh,L Lee,L Wolvaardt,Khadija Tul Kubra,4,0,,,,,,,,,
1073413,2016/17,2017-02-11,P Sara Oval,2,8.4,South Africa,Bangladesh,L Lee,L Wolvaardt,Khadija Tul Kubra,1,0,,,,,,,,,
1073413,2016/17,2017-02-11,P Sara Oval,2,8.5,South Africa,Bangladesh,L Wolvaardt,L Lee,Khadija Tul Kubra,0,0,,,,,,,,,
1073413,2016/17,2017-02-11,P Sara Oval,2,8.6,South Africa,Bangladesh,L Wolvaardt,L Lee,Khadija Tul Kubra,0,0,,,,,,,,,
1073413,2016/17,2017-02-11,P Sara Oval,2,9.1,South Africa,Bangladesh,L Lee,L Wolvaardt,Rumana Ahmed,0,0,,,,,,,,,
1073413,2016/17,2017-02-11,P Sara Oval,2,9.2,South Africa,Bangladesh,L Lee,L Wolvaardt,Rumana Ahmed,0,0,,,,,,,,,
1073413,2016/17,2017-02-11,P Sara Oval,2,9.3,South Africa,Bangladesh,L Lee,L Wolvaardt,Rumana Ahmed,6,0,,,,,,,,,
1073413,2016/17,2017-02-11,P Sara Oval,2,9.4,South Africa,Bangladesh,L Lee,L Wolvaardt,Rumana Ahmed,0,0,,,,,,,,,
1073413,2016/17,2017-02-11,P Sara Oval,2,9.5,South Africa,Bangladesh,L Lee,L Wolvaardt,Rumana Ahmed,0,0,,,,,,,,,
1073413,2016/17,2017-02-11,P Sara Oval,2,9.6,South Africa,Bangladesh,L Lee,L Wolvaardt,Rumana Ahmed,0,0,,,,,,caught,L Lee,,
1073413,2016/17,2017-02-11,P Sara Oval,2,10.1,South Africa,Bangladesh,L Wolvaardt,M du Preez,Khadija Tul Kubra,0,0,,,,,,,,,
1073413,2016/17,2017-02-11,P Sara Oval,2,10.2,South Africa,Bangladesh,L Wolvaardt,M du Preez,Khadija Tul Kubra,0,0,,,,,,,,,
1073413,2016/17,2017-02-11,P Sara Oval,2,10.3,South Africa,Bangladesh,L Wolvaardt,M du Preez,Khadija Tul Kubra,0,0,,,,,,,,,
1073413,2016/17,2017-02-11,P Sara Oval,2,10.4,South Africa,Bangladesh,L Wolvaardt,M du Preez,Khadija Tul Kubra,0,0,,,,,,,,,
1073413,2016/17,2017-02-11,P Sara Oval,2,10.5,South Africa,Bangladesh,L Wolvaardt,M du Preez,Khadija Tul Kubra,1,0,,,,,,,,,
1073413,2016/17,2017-02-11,P Sara Oval,2,10.6,South Africa,Bangladesh,M du Preez,L Wolvaardt,Khadija Tul Kubra,0,0,,,,,,,,,
1073413,2016/17,2017-02-11,P Sara Oval,2,11.1,South Africa,Bangladesh,L Wolvaardt,M du Preez,Rumana Ahmed,0,0,,,,,,,,,
1073413,2016/17,2017-02-11,P Sara Oval,2,11.2,South Africa,Bangladesh,L Wolvaardt,M du Preez,Rumana Ahmed,2,0,,,,,,,,,
1073413,2016/17,2017-02-11,P Sara Oval,2,11.3,South Africa,Bangladesh,L Wolvaardt,M du Preez,Rumana Ahmed,0,0,,,,,,,,,
1073413,2016/17,2017-02-11,P Sara Oval,2,11.4,South Africa,Bangladesh,L Wolvaardt,M du Preez,Rumana Ahmed,0,1,,,,1,,,,,
1073413,2016/17,2017-02-11,P Sara Oval,2,11.5,South Africa,Bangladesh,M du Preez,L Wolvaardt,Rumana Ahmed,0,0,,,,,,,,,
1073413,2016/17,2017-02-11,P Sara Oval,2,11.6,South Africa,Bangladesh,M du Preez,L Wolvaardt,Rumana Ahmed,0,0,,,,,,,,,
1073413,2016/17,2017-02-11,P Sara Oval,2,12.1,South Africa,Bangladesh,L Wolvaardt,M du Preez,Salma Khatun,2,0,,,,,,,,,
1073413,2016/17,2017-02-11,P Sara Oval,2,12.2,South Africa,Bangladesh,L Wolvaardt,M du Preez,Salma Khatun,0,0,,,,,,,,,
1073413,2016/17,2017-02-11,P Sara Oval,2,12.3,South Africa,Bangladesh,L Wolvaardt,M du Preez,Salma Khatun,0,0,,,,,,,,,
1073413,2016/17,2017-02-11,P Sara Oval,2,12.4,South Africa,Bangladesh,L Wolvaardt,M du Preez,Salma Khatun,1,0,,,,,,,,,
1073413,2016/17,2017-02-11,P Sara Oval,2,12.5,South Africa,Bangladesh,M du Preez,L Wolvaardt,Salma Khatun,0,0,,,,,,,,,
1073413,2016/17,2017-02-11,P Sara Oval,2,12.6,South Africa,Bangladesh,M du Preez,L Wolvaardt,Salma Khatun,0,0,,,,,,,,,
1073413,2016/17,2017-02-11,P Sara Oval,2,13.1,South Africa,Bangladesh,L Wolvaardt,M du Preez,Khadija Tul Kubra,0,0,,,,,,,,,
1073413,2016/17,2017-02-11,P Sara Oval,2,13.2,South Africa,Bangladesh,L Wolvaardt,M du Preez,Khadija Tul Kubra,0,0,,,,,,,,,
1073413,2016/17,2017-02-11,P Sara Oval,2,13.3,South Africa,Bangladesh,L Wolvaardt,M du Preez,Khadija Tul Kubra,0,0,,,,,,,,,
1073413,2016/17,2017-02-11,P Sara Oval,2,13.4,South Africa,Bangladesh,L Wolvaardt,M du Preez,Khadija Tul Kubra,1,0,,,,,,,,,
1073413,2016/17,2017-02-11,P Sara Oval,2,13.5,South Africa,Bangladesh,M du Preez,L Wolvaardt,Khadija Tul Kubra,0,0,,,,,,,,,
1073413,2016/17,2017-02-11,P Sara Oval,2,13.6,South Africa,Bangladesh,M du Preez,L Wolvaardt,Khadija Tul Kubra,0,0,,,,,,,,,
1073413,2016/17,2017-02-11,P Sara Oval,2,14.1,South Africa,Bangladesh,L Wolvaardt,M du Preez,Salma Khatun,1,0,,,,,,,,,
1073413,2016/17,2017-02-11,P Sara Oval,2,14.2,South Africa,Bangladesh,M du Preez,L Wolvaardt,Salma Khatun,0,0,,,,,,caught,M du Preez,,
1073413,2016/17,2017-02-11,P Sara Oval,2,14.3,South Africa,Bangladesh,T Chetty,L Wolvaardt,Salma Khatun,0,0,,,,,,,,,
1073413,2016/17,2017-02-11,P Sara Oval,2,14.4,South Africa,Bangladesh,T Chetty,L Wolvaardt,Salma Khatun,0,0,,,,,,,,,
1073413,2016/17,2017-02-11,P Sara Oval,2,14.5,South Africa,Bangladesh,T Chetty,L Wolvaardt,Salma Khatun,0,0,,,,,,,,,
1073413,2016/17,2017-02-11,P Sara Oval,2,14.6,South Africa,Bangladesh,T Chetty,L Wolvaardt,Salma Khatun,1,0,,,,,,,,,
1073413,2016/17,2017-02-11,P Sara Oval,2,15.1,South Africa,Bangladesh,T Chetty,L Wolvaardt,Khadija Tul Kubra,1,0,,,,,,,,,
1073413,2016/17,2017-02-11,P Sara Oval,2,15.2,South Africa,Bangladesh,L Wolvaardt,T Chetty,Khadija Tul Kubra,0,0,,,,,,,,,
1073413,2016/17,2017-02-11,P Sara Oval,2,15.3,South Africa,Bangladesh,L Wolvaardt,T Chetty,Khadija Tul Kubra,1,0,,,,,,,,,
1073413,2016/17,2017-02-11,P Sara Oval,2,15.4,South Africa,Bangladesh,T Chetty,L Wolvaardt,Khadija Tul Kubra,0,0,,,,,,,,,
1073413,2016/17,2017-02-11,P Sara Oval,2,15.5,South Africa,Bangladesh,T Chetty,L Wolvaardt,Khadija Tul Kubra,2,0,,,,,,,,,
1073413,2016/17,2017-02-11,P Sara Oval,2,15.6,South Africa,Bangladesh,T Chetty,L Wolvaardt,Khadija Tul Kubra,0,0,,,,,,,,,
1073413,2016/17,2017-02-11,P Sara Oval,2,16.1,South Africa,Bangladesh,L Wolvaardt,T Chetty,Salma Khatun,0,0,,,,,,,,,
1073413,2016/17,2017-02-11,P Sara Oval,2,16.2,South Africa,Bangladesh,L Wolvaardt,T Chetty,Salma Khatun,0,0,,,,,,,,,
1073413,2016/17,2017-02-11,P Sara Oval,2,16.3,South Africa,Bangladesh,L Wolvaardt,T Chetty,Salma Khatun,0,0,,,,,,,,,
1073413,2016/17,2017-02-11,P Sara Oval,2,16.4,South Africa,Bangladesh,L Wolvaardt,T Chetty,Salma Khatun,1,0,,,,,,,,,
1073413,2016/17,2017-02-11,P Sara Oval,2,16.5,South Africa,Bangladesh,T Chetty,L Wolvaardt,Salma Khatun,1,0,,,,,,,,,
1073413,2016/17,2017-02-11,P Sara Oval,2,16.6,South Africa,Bangladesh,L Wolvaardt,T Chetty,Salma Khatun,4,0,,,,,,,,,
1073413,2016/17,2017-02-11,P Sara Oval,2,17.1,South Africa,Bangladesh,T Chetty,L Wolvaardt,Khadija Tul Kubra,1,0,,,,,,,,,
1073413,2016/17,2017-02-11,P Sara Oval,2,17.2,South Africa,Bangladesh,L Wolvaardt,T Chetty,Khadija Tul Kubra,1,0,,,,,,,,,
1073413,2016/17,2017-02-11,P Sara Oval,2,17.3,South Africa,Bangladesh,T Chetty,L Wolvaardt,Khadija Tul Kubra,4,0,,,,,,,,,
1073413,2016/17,2017-02-11,P Sara Oval,2,17.4,South Africa,Bangladesh,T Chetty,L Wolvaardt,Khadija Tul Kubra,0,0,,,,,,,,,
1073413,2016/17,2017-02-11,P Sara Oval,2,17.5,South Africa,Bangladesh,T Chetty,L Wolvaardt,Khadija Tul Kubra,1,0,,,,,,,,,
1073413,2016/17,2017-02-11,P Sara Oval,2,17.6,South Africa,Bangladesh,L Wolvaardt,T Chetty,Khadija Tul Kubra,0,0,,,,,,,,,
1073413,2016/17,2017-02-11,P Sara Oval,2,18.1,South Africa,Bangladesh,T Chetty,L Wolvaardt,Rumana Ahmed,0,0,,,,,,,,,
1073413,2016/17,2017-02-11,P Sara Oval,2,18.2,South Africa,Bangladesh,T Chetty,L Wolvaardt,Rumana Ahmed,0,0,,,,,,,,,
1073413,2016/17,2017-02-11,P Sara Oval,2,18.3,South Africa,Bangladesh,T Chetty,L Wolvaardt,Rumana Ahmed,1,0,,,,,,,,,
1073413,2016/17,2017-02-11,P Sara Oval,2,18.4,South Africa,Bangladesh,L Wolvaardt,T Chetty,Rumana Ahmed,0,0,,,,,,,,,
1073413,2016/17,2017-02-11,P Sara Oval,2,18.5,South Africa,Bangladesh,L Wolvaardt,T Chetty,Rumana Ahmed,0,0,,,,,,,,,
1073413,2016/17,2017-02-11,P Sara Oval,2,18.6,South Africa,Bangladesh,L Wolvaardt,T Chetty,Rumana Ahmed,0,0,,,,,,,,,
1073413,2016/17,2017-02-11,P Sara Oval,2,19.1,South Africa,Bangladesh,T Chetty,L Wolvaardt,Salma Khatun,1,0,,,,,,,,,
1073413,2016/17,2017-02-11,P Sara Oval,2,19.2,South Africa,Bangladesh,L Wolvaardt,T Chetty,Salma Khatun,1,0,,,,,,,,,
1073413,2016/17,2017-02-11,P Sara Oval,2,19.3,South Africa,Bangladesh,T Chetty,L Wolvaardt,Salma Khatun,1,0,,,,,,,,,
1073413,2016/17,2017-02-11,P Sara Oval,2,19.4,South Africa,Bangladesh,L Wolvaardt,T Chetty,Salma Khatun,0,0,,,,,,,,,
1073413,2016/17,2017-02-11,P Sara Oval,2,19.5,South Africa,Bangladesh,L Wolvaardt,T Chetty,Salma Khatun,0,0,,,,,,,,,
1073413,2016/17,2017-02-11,P Sara Oval,2,19.6,South Africa,Bangladesh,L Wolvaardt,T Chetty,Salma Khatun,0,0,,,,,,,,,
1073413,2016/17,2017-02-11,P Sara Oval,2,20.1,South Africa,Bangladesh,T Chetty,L Wolvaardt,Jahanara Alam,0,0,,,,,,,,,
1073413,2016/17,2017-02-11,P Sara Oval,2,20.2,South Africa,Bangladesh,T Chetty,L Wolvaardt,Jahanara Alam,0,0,,,,,,,,,
1073413,2016/17,2017-02-11,P Sara Oval,2,20.3,South Africa,Bangladesh,T Chetty,L Wolvaardt,Jahanara Alam,0,0,,,,,,bowled,T Chetty,,
1073413,2016/17,2017-02-11,P Sara Oval,2,20.4,South Africa,Bangladesh,M Kapp,L Wolvaardt,Jahanara Alam,0,0,,,,,,,,,
1073413,2016/17,2017-02-11,P Sara Oval,2,20.5,South Africa,Bangladesh,M Kapp,L Wolvaardt,Jahanara Alam,0,0,,,,,,,,,
1073413,2016/17,2017-02-11,P Sara Oval,2,20.6,South Africa,Bangladesh,M Kapp,L Wolvaardt,Jahanara Alam,0,0,,,,,,,,,
1073413,2016/17,2017-02-11,P Sara Oval,2,21.1,South Africa,Bangladesh,L Wolvaardt,M Kapp,Suraiya Azmin,0,0,,,,,,,,,
1073413,2016/17,2017-02-11,P Sara Oval,2,21.2,South Africa,Bangladesh,L Wolvaardt,M Kapp,Suraiya Azmin,0,0,,,,,,,,,
1073413,2016/17,2017-02-11,P Sara Oval,2,21.3,South Africa,Bangladesh,L Wolvaardt,M Kapp,Suraiya Azmin,0,0,,,,,,,,,
1073413,2016/17,2017-02-11,P Sara Oval,2,21.4,South Africa,Bangladesh,L Wolvaardt,M Kapp,Suraiya Azmin,0,0,,,,,,,,,
1073413,2016/17,2017-02-11,P Sara Oval,2,21.5,South Africa,Bangladesh,L Wolvaardt,M Kapp,Suraiya Azmin,0,0,,,,,,,,,
1073413,2016/17,2017-02-11,P Sara Oval,2,21.6,South Africa,Bangladesh,L Wolvaardt,M Kapp,Suraiya Azmin,0,0,,,,,,bowled,L Wolvaardt,,
1073413,2016/17,2017-02-11,P Sara Oval,2,22.1,South Africa,Bangladesh,M Kapp,CL Tryon,Jahanara Alam,0,0,,,,,,,,,
1073413,2016/17,2017-02-11,P Sara Oval,2,22.2,South Africa,Bangladesh,M Kapp,CL Tryon,Jahanara Alam,1,0,,,,,,,,,
1073413,2016/17,2017-02-11,P Sara Oval,2,22.3,South Africa,Bangladesh,CL Tryon,M Kapp,Jahanara Alam,0,0,,,,,,,,,
1073413,2016/17,2017-02-11,P Sara Oval,2,22.4,South Africa,Bangladesh,CL Tryon,M Kapp,Jahanara Alam,0,0,,,,,,,,,
1073413,2016/17,2017-02-11,P Sara Oval,2,22.5,South Africa,Bangladesh,CL Tryon,M Kapp,Jahanara Alam,1,0,,,,,,,,,
1073413,2016/17,2017-02-11,P Sara Oval,2,22.6,South Africa,Bangladesh,M Kapp,CL Tryon,Jahanara Alam,0,0,,,,,,,,,
1073413,2016/17,2017-02-11,P Sara Oval,2,23.1,South Africa,Bangladesh,CL Tryon,M Kapp,Suraiya Azmin,0,0,,,,,,,,,
1073413,2016/17,2017-02-11,P Sara Oval,2,23.2,South Africa,Bangladesh,CL Tryon,M Kapp,Suraiya Azmin,0,0,,,,,,,,,
1073413,2016/17,2017-02-11,P Sara Oval,2,23.3,South Africa,Bangladesh,CL Tryon,M Kapp,Suraiya Azmin,0,0,,,,,,,,,
1073413,2016/17,2017-02-11,P Sara Oval,2,23.4,South Africa,Bangladesh,CL Tryon,M Kapp,Suraiya Azmin,4,0,,,,,,,,,
1073413,2016/17,2017-02-11,P Sara Oval,2,23.5,South Africa,Bangladesh,CL Tryon,M Kapp,Suraiya Azmin,1,0,,,,,,,,,
1073413,2016/17,2017-02-11,P Sara Oval,2,23.6,South Africa,Bangladesh,M Kapp,CL Tryon,Suraiya Azmin,0,1,1,,,,,,,,
1073413,2016/17,2017-02-11,P Sara Oval,2,23.7,South Africa,Bangladesh,M Kapp,CL Tryon,Suraiya Azmin,0,0,,,,,,,,,
1073413,2016/17,2017-02-11,P Sara Oval,2,24.1,South Africa,Bangladesh,CL Tryon,M Kapp,Jahanara Alam,0,0,,,,,,,,,
1073413,2016/17,2017-02-11,P Sara Oval,2,24.2,South Africa,Bangladesh,CL Tryon,M Kapp,Jahanara Alam,0,0,,,,,,,,,
1073413,2016/17,2017-02-11,P Sara Oval,2,24.3,South Africa,Bangladesh,CL Tryon,M Kapp,Jahanara Alam,2,0,,,,,,,,,
1073413,2016/17,2017-02-11,P Sara Oval,2,24.4,South Africa,Bangladesh,CL Tryon,M Kapp,Jahanara Alam,4,0,,,,,,,,,
1073413,2016/17,2017-02-11,P Sara Oval,2,24.5,South Africa,Bangladesh,CL Tryon,M Kapp,Jahanara Alam,0,0,,,,,,,,,
1073413,2016/17,2017-02-11,P Sara Oval,2,24.6,South Africa,Bangladesh,CL Tryon,M Kapp,Jahanara Alam,2,0,,,,,,,,,
1073413,2016/17,2017-02-11,P Sara Oval,2,25.1,South Africa,Bangladesh,M Kapp,CL Tryon,Suraiya Azmin,0,0,,,,,,,,,
1073413,2016/17,2017-02-11,P Sara Oval,2,25.2,South Africa,Bangladesh,M Kapp,CL Tryon,Suraiya Azmin,4,0,,,,,,,,,
