match_id,season,start_date,venue,innings,ball,batting_team,bowling_team,striker,non_striker,bowler,runs_off_bat,extras,wides,noballs,byes,legbyes,penalty,wicket_type,player_dismissed,other_wicket_type,other_player_dismissed
1073427,2016/17,2017-02-19,P Sara Oval,1,0.1,Pakistan,India,Ayesha Zafar,Nahida Khan,S Pandey,0,0,,,,,,,,,
1073427,2016/17,2017-02-19,P Sara Oval,1,0.2,Pakistan,India,Ayesha Zafar,Nahida Khan,S Pandey,0,0,,,,,,,,,
1073427,2016/17,2017-02-19,P Sara Oval,1,0.3,Pakistan,India,Ayesha Zafar,Nahida Khan,S Pandey,0,0,,,,,,,,,
1073427,2016/17,2017-02-19,P Sara Oval,1,0.4,Pakistan,India,Ayesha Zafar,Nahida Khan,S Pandey,0,0,,,,,,,,,
1073427,2016/17,2017-02-19,P Sara Oval,1,0.5,Pakistan,India,Ayesha Zafar,Nahida Khan,S Pandey,0,0,,,,,,,,,
1073427,2016/17,2017-02-19,P Sara Oval,1,0.6,Pakistan,India,Ayesha Zafar,Nahida Khan,S Pandey,0,0,,,,,,,,,
1073427,2016/17,2017-02-19,P Sara Oval,1,1.1,Pakistan,India,Nahida Khan,Ayesha Zafar,M Joshi,0,0,,,,,,,,,
1073427,2016/17,2017-02-19,P Sara Oval,1,1.2,Pakistan,India,Nahida Khan,Ayesha Zafar,M Joshi,0,0,,,,,,,,,
1073427,2016/17,2017-02-19,P Sara Oval,1,1.3,Pakistan,India,Nahida Khan,Ayesha Zafar,M Joshi,0,0,,,,,,,,,
1073427,2016/17,2017-02-19,P Sara Oval,1,1.4,Pakistan,India,Nahida Khan,Ayesha Zafar,M Joshi,0,0,,,,,,,,,
1073427,2016/17,2017-02-19,P Sara Oval,1,1.5,Pakistan,India,Nahida Khan,Ayesha Zafar,M Joshi,0,0,,,,,,,,,
1073427,2016/17,2017-02-19,P Sara Oval,1,1.6,Pakistan,India,Nahida Khan,Ayesha Zafar,M Joshi,0,0,,,,,,,,,
1073427,2016/17,2017-02-19,P Sara Oval,1,2.1,Pakistan,India,Ayesha Zafar,Nahida Khan,S Pandey,0,0,,,,,,,,,
1073427,2016/17,2017-02-19,P Sara Oval,1,2.2,Pakistan,India,Ayesha Zafar,Nahida Khan,S Pandey,0,0,,,,,,,,,
1073427,2016/17,2017-02-19,P Sara Oval,1,2.3,Pakistan,India,Ayesha Zafar,Nahida Khan,S Pandey,0,0,,,,,,,,,
1073427,2016/17,2017-02-19,P Sara Oval,1,2.4,Pakistan,India,Ayesha Zafar,Nahida Khan,S Pandey,0,0,,,,,,,,,
1073427,2016/17,2017-02-19,P Sara Oval,1,2.5,Pakistan,India,Ayesha Zafar,Nahida Khan,S Pandey,0,0,,,,,,,,,
1073427,2016/17,2017-02-19,P Sara Oval,1,2.6,Pakistan,India,Ayesha Zafar,Nahida Khan,S Pandey,4,0,,,,,,,,,
1073427,2016/17,2017-02-19,P Sara Oval,1,3.1,Pakistan,India,Nahida Khan,Ayesha Zafar,M Joshi,0,0,,,,,,,,,
1073427,2016/17,2017-02-19,P Sara Oval,1,3.2,Pakistan,India,Nahida Khan,Ayesha Zafar,M Joshi,0,0,,,,,,,,,
1073427,2016/17,2017-02-19,P Sara Oval,1,3.3,Pakistan,India,Nahida Khan,Ayesha Zafar,M Joshi,0,0,,,,,,,,,
1073427,2016/17,2017-02-19,P Sara Oval,1,3.4,Pakistan,India,Nahida Khan,Ayesha Zafar,M Joshi,0,0,,,,,,,,,
1073427,2016/17,2017-02-19,P Sara Oval,1,3.5,Pakistan,India,Nahida Khan,Ayesha Zafar,M Joshi,1,0,,,,,,,,,
1073427,2016/17,2017-02-19,P Sara Oval,1,3.6,Pakistan,India,Ayesha Zafar,Nahida Khan,M Joshi,0,0,,,,,,,,,
1073427,2016/17,2017-02-19,P Sara Oval,1,4.1,Pakistan,India,Nahida Khan,Ayesha Zafar,S Pandey,0,0,,,,,,,,,
1073427,2016/17,2017-02-19,P Sara Oval,1,4.2,Pakistan,India,Nahida Khan,Ayesha Zafar,S Pandey,0,0,,,,,,,,,
1073427,2016/17,2017-02-19,P Sara Oval,1,4.3,Pakistan,India,Nahida Khan,Ayesha Zafar,S Pandey,1,0,,,,,,,,,
1073427,2016/17,2017-02-19,P Sara Oval,1,4.4,Pakistan,India,Ayesha Zafar,Nahida Khan,S Pandey,0,0,,,,,,,,,
1073427,2016/17,2017-02-19,P Sara Oval,1,4.5,Pakistan,India,Ayesha Zafar,Nahida Khan,S Pandey,0,0,,,,,,,,,
1073427,2016/17,2017-02-19,P Sara Oval,1,4.6,Pakistan,India,Ayesha Zafar,Nahida Khan,S Pandey,0,0,,,,,,,,,
1073427,2016/17,2017-02-19,P Sara Oval,1,5.1,Pakistan,India,Nahida Khan,Ayesha Zafar,M Joshi,1,0,,,,,,,,,
1073427,2016/17,2017-02-19,P Sara Oval,1,5.2,Pakistan,India,Ayesha Zafar,Nahida Khan,M Joshi,2,0,,,,,,,,,
1073427,2016/17,2017-02-19,P Sara Oval,1,5.3,Pakistan,India,Ayesha Zafar,Nahida Khan,M Joshi,0,0,,,,,,,,,
1073427,2016/17,2017-02-19,P Sara Oval,1,5.4,Pakistan,India,Ayesha Zafar,Nahida Khan,M Joshi,0,0,,,,,,,,,
1073427,2016/17,2017-02-19,P Sara Oval,1,5.5,Pakistan,India,Ayesha Zafar,Nahida Khan,M Joshi,4,0,,,,,,,,,
1073427,2016/17,2017-02-19,P Sara Oval,1,5.6,Pakistan,India,Ayesha Zafar,Nahida Khan,M Joshi,0,0,,,,,,,,,
1073427,2016/17,2017-02-19,P Sara Oval,1,6.1,Pakistan,India,Nahida Khan,Ayesha Zafar,S Pandey,0,4,,,,4,,,,,
1073427,2016/17,2017-02-19,P Sara Oval,1,6.2,Pakistan,India,Nahida Khan,Ayesha Zafar,S Pandey,0,0,,,,,,,,,
1073427,2016/17,2017-02-19,P Sara Oval,1,6.3,Pakistan,India,Nahida Khan,Ayesha Zafar,S Pandey,0,0,,,,,,caught,Nahida Khan,,
1073427,2016/17,2017-02-19,P Sara Oval,1,6.4,Pakistan,India,Javeria Khan,Ayesha Zafar,S Pandey,0,0,,,,,,,,,
1073427,2016/17,2017-02-19,P Sara Oval,1,6.5,Pakistan,India,Javeria Khan,Ayesha Zafar,S Pandey,0,0,,,,,,,,,
1073427,2016/17,2017-02-19,P Sara Oval,1,6.6,Pakistan,India,Javeria Khan,Ayesha Zafar,S Pandey,0,0,,,,,,,,,
1073427,2016/17,2017-02-19,P Sara Oval,1,7.1,Pakistan,India,Ayesha Zafar,Javeria Khan,M Joshi,2,0,,,,,,,,,
1073427,2016/17,2017-02-19,P Sara Oval,1,7.2,Pakistan,India,Ayesha Zafar,Javeria Khan,M Joshi,0,0,,,,,,,,,
1073427,2016/17,2017-02-19,P Sara Oval,1,7.3,Pakistan,India,Ayesha Zafar,Javeria Khan,M Joshi,0,0,,,,,,,,,
1073427,2016/17,2017-02-19,P Sara Oval,1,7.4,Pakistan,India,Ayesha Zafar,Javeria Khan,M Joshi,0,0,,,,,,,,,
1073427,2016/17,2017-02-19,P Sara Oval,1,7.5,Pakistan,India,Ayesha Zafar,Javeria Khan,M Joshi,0,0,,,,,,,,,
1073427,2016/17,2017-02-19,P Sara Oval,1,7.6,Pakistan,India,Ayesha Zafar,Javeria Khan,M Joshi,0,0,,,,,,,,,
1073427,2016/17,2017-02-19,P Sara Oval,1,8.1,Pakistan,India,Javeria Khan,Ayesha Zafar,S Pandey,0,0,,,,,,,,,
1073427,2016/17,2017-02-19,P Sara Oval,1,8.2,Pakistan,India,Javeria Khan,Ayesha Zafar,S Pandey,0,0,,,,,,,,,
1073427,2016/17,2017-02-19,P Sara Oval,1,8.3,Pakistan,India,Javeria Khan,Ayesha Zafar,S Pandey,2,0,,,,,,,,,
1073427,2016/17,2017-02-19,P Sara Oval,1,8.4,Pakistan,India,Javeria Khan,Ayesha Zafar,S Pandey,0,0,,,,,,,,,
1073427,2016/17,2017-02-19,P Sara Oval,1,8.5,Pakistan,India,Javeria Khan,Ayesha Zafar,S Pandey,0,0,,,,,,,,,
1073427,2016/17,2017-02-19,P Sara Oval,1,8.6,Pakistan,India,Javeria Khan,Ayesha Zafar,S Pandey,0,0,,,,,,caught,Javeria Khan,,
1073427,2016/17,2017-02-19,P Sara Oval,1,9.1,Pakistan,India,Ayesha Zafar,Bismah Maroof,M Joshi,2,0,,,,,,,,,
1073427,2016/17,2017-02-19,P Sara Oval,1,9.2,Pakistan,India,Ayesha Zafar,Bismah Maroof,M Joshi,1,0,,,,,,,,,
1073427,2016/17,2017-02-19,P Sara Oval,1,9.3,Pakistan,India,Bismah Maroof,Ayesha Zafar,M Joshi,1,0,,,,,,,,,
1073427,2016/17,2017-02-19,P Sara Oval,1,9.4,Pakistan,India,Ayesha Zafar,Bismah Maroof,M Joshi,4,0,,,,,,,,,
1073427,2016/17,2017-02-19,P Sara Oval,1,9.5,Pakistan,India,Ayesha Zafar,Bismah Maroof,M Joshi,0,0,,,,,,,,,
1073427,2016/17,2017-02-19,P Sara Oval,1,9.6,Pakistan,India,Ayesha Zafar,Bismah Maroof,M Joshi,0,1,,,,1,,,,,
1073427,2016/17,2017-02-19,P Sara Oval,1,10.1,Pakistan,India,Ayesha Zafar,Bismah Maroof,E Bisht,0,0,,,,,,lbw,Ayesha Zafar,,
1073427,2016/17,2017-02-19,P Sara Oval,1,10.2,Pakistan,India,Nain Abidi,Bismah Maroof,E Bisht,0,0,,,,,,,,,
1073427,2016/17,2017-02-19,P Sara Oval,1,10.3,Pakistan,India,Nain Abidi,Bismah Maroof,E Bisht,0,0,,,,,,,,,
1073427,2016/17,2017-02-19,P Sara Oval,1,10.4,Pakistan,India,Nain Abidi,Bismah Maroof,E Bisht,0,0,,,,,,,,,
1073427,2016/17,2017-02-19,P Sara Oval,1,10.5,Pakistan,India,Nain Abidi,Bismah Maroof,E Bisht,0,0,,,,,,,,,
1073427,2016/17,2017-02-19,P Sara Oval,1,10.6,Pakistan,India,Nain Abidi,Bismah Maroof,E Bisht,0,0,,,,,,,,,
1073427,2016/17,2017-02-19,P Sara Oval,1,11.1,Pakistan,India,Bismah Maroof,Nain Abidi,DB Sharma,0,0,,,,,,,,,
1073427,2016/17,2017-02-19,P Sara Oval,1,11.2,Pakistan,India,Bismah Maroof,Nain Abidi,DB Sharma,0,0,,,,,,,,,
1073427,2016/17,2017-02-19,P Sara Oval,1,11.3,Pakistan,India,Bismah Maroof,Nain Abidi,DB Sharma,1,0,,,,,,,,,
1073427,2016/17,2017-02-19,P Sara Oval,1,11.4,Pakistan,India,Nain Abidi,Bismah Maroof,DB Sharma,0,0,,,,,,,,,
1073427,2016/17,2017-02-19,P Sara Oval,1,11.5,Pakistan,India,Nain Abidi,Bismah Maroof,DB Sharma,0,0,,,,,,,,,
1073427,2016/17,2017-02-19,P Sara Oval,1,11.6,Pakistan,India,Nain Abidi,Bismah Maroof,DB Sharma,0,0,,,,,,,,,
1073427,2016/17,2017-02-19,P Sara Oval,1,12.1,Pakistan,India,Bismah Maroof,Nain Abidi,E Bisht,0,0,,,,,,,,,
1073427,2016/17,2017-02-19,P Sara Oval,1,12.2,Pakistan,India,Bismah Maroof,Nain Abidi,E Bisht,0,0,,,,,,,,,
1073427,2016/17,2017-02-19,P Sara Oval,1,12.3,Pakistan,India,Bismah Maroof,Nain Abidi,E Bisht,0,0,,,,,,,,,
1073427,2016/17,2017-02-19,P Sara Oval,1,12.4,Pakistan,India,Bismah Maroof,Nain Abidi,E Bisht,0,0,,,,,,,,,
1073427,2016/17,2017-02-19,P Sara Oval,1,12.5,Pakistan,India,Bismah Maroof,Nain Abidi,E Bisht,0,0,,,,,,,,,
1073427,2016/17,2017-02-19,P Sara Oval,1,12.6,Pakistan,India,Bismah Maroof,Nain Abidi,E Bisht,0,0,,,,,,,,,
1073427,2016/17,2017-02-19,P Sara Oval,1,13.1,Pakistan,India,Nain Abidi,Bismah Maroof,DB Sharma,0,0,,,,,,,,,
1073427,2016/17,2017-02-19,P Sara Oval,1,13.2,Pakistan,India,Nain Abidi,Bismah Maroof,DB Sharma,0,0,,,,,,,,,
1073427,2016/17,2017-02-19,P Sara Oval,1,13.3,Pakistan,India,Nain Abidi,Bismah Maroof,DB Sharma,0,2,,,2,,,,,,
1073427,2016/17,2017-02-19,P Sara Oval,1,13.4,Pakistan,India,Nain Abidi,Bismah Maroof,DB Sharma,0,0,,,,,,,,,
1073427,2016/17,2017-02-19,P Sara Oval,1,13.5,Pakistan,India,Nain Abidi,Bismah Maroof,DB Sharma,0,0,,,,,,,,,
1073427,2016/17,2017-02-19,P Sara Oval,1,13.6,Pakistan,India,Nain Abidi,Bismah Maroof,DB Sharma,0,0,,,,,,,,,
1073427,2016/17,2017-02-19,P Sara Oval,1,14.1,Pakistan,India,Bismah Maroof,Nain Abidi,E Bisht,0,0,,,,,,,,,
1073427,2016/17,2017-02-19,P Sara Oval,1,14.2,Pakistan,India,Bismah Maroof,Nain Abidi,E Bisht,0,0,,,,,,,,,
1073427,2016/17,2017-02-19,P Sara Oval,1,14.3,Pakistan,India,Bismah Maroof,Nain Abidi,E Bisht,2,0,,,,,,,,,
1073427,2016/17,2017-02-19,P Sara Oval,1,14.4,Pakistan,India,Bismah Maroof,Nain Abidi,E Bisht,0,0,,,,,,,,,
1073427,2016/17,2017-02-19,P Sara Oval,1,14.5,Pakistan,India,Bismah Maroof,Nain Abidi,E Bisht,0,0,,,,,,,,,
1073427,2016/17,2017-02-19,P Sara Oval,1,14.6,Pakistan,India,Bismah Maroof,Nain Abidi,E Bisht,1,0,,,,,,,,,
1073427,2016/17,2017-02-19,P Sara Oval,1,15.1,Pakistan,India,Bismah Maroof,Nain Abidi,DB Sharma,0,0,,,,,,,,,
1073427,2016/17,2017-02-19,P Sara Oval,1,15.2,Pakistan,India,Bismah Maroof,Nain Abidi,DB Sharma,1,0,,,,,,,,,
1073427,2016/17,2017-02-19,P Sara Oval,1,15.3,Pakistan,India,Nain Abidi,Bismah Maroof,DB Sharma,0,0,,,,,,,,,
1073427,2016/17,2017-02-19,P Sara Oval,1,15.4,Pakistan,India,Nain Abidi,Bismah Maroof,DB Sharma,0,0,,,,,,,,,
1073427,2016/17,2017-02-19,P Sara Oval,1,15.5,Pakistan,India,Nain Abidi,Bismah Maroof,DB Sharma,0,0,,,,,,,,,
1073427,2016/17,2017-02-19,P Sara Oval,1,15.6,Pakistan,India,Nain Abidi,Bismah Maroof,DB Sharma,0,0,,,,,,,,,
1073427,2016/17,2017-02-19,P Sara Oval,1,16.1,Pakistan,India,Bismah Maroof,Nain Abidi,E Bisht,0,0,,,,,,,,,
1073427,2016/17,2017-02-19,P Sara Oval,1,16.2,Pakistan,India,Bismah Maroof,Nain Abidi,E Bisht,0,0,,,,,,,,,
1073427,2016/17,2017-02-19,P Sara Oval,1,16.3,Pakistan,India,Bismah Maroof,Nain Abidi,E Bisht,0,1,1,,,,,,,,
1073427,2016/17,2017-02-19,P Sara Oval,1,16.4,Pakistan,India,Bismah Maroof,Nain Abidi,E Bisht,1,0,,,,,,,,,
1073427,2016/17,2017-02-19,P Sara Oval,1,16.5,Pakistan,India,Nain Abidi,Bismah Maroof,E Bisht,0,0,,,,,,,,,
1073427,2016/17,2017-02-19,P Sara Oval,1,16.6,Pakistan,India,Nain Abidi,Bismah Maroof,E Bisht,0,0,,,,,,stumped,Nain Abidi,,
1073427,2016/17,2017-02-19,P Sara Oval,1,16.7,Pakistan,India,Aliya Riaz,Bismah Maroof,E Bisht,0,0,,,,,,,,,
1073427,2016/17,2017-02-19,P Sara Oval,1,17.1,Pakistan,India,Bismah Maroof,Aliya Riaz,Poonam Yadav,0,0,,,,,,,,,
1073427,2016/17,2017-02-19,P Sara Oval,1,17.2,Pakistan,India,Bismah Maroof,Aliya Riaz,Poonam Yadav,0,0,,,,,,,,,
1073427,2016/17,2017-02-19,P Sara Oval,1,17.3,Pakistan,India,Bismah Maroof,Aliya Riaz,Poonam Yadav,0,0,,,,,,,,,
1073427,2016/17,2017-02-19,P Sara Oval,1,17.4,Pakistan,India,Bismah Maroof,Aliya Riaz,Poonam Yadav,0,0,,,,,,,,,
1073427,2016/17,2017-02-19,P Sara Oval,1,17.5,Pakistan,India,Bismah Maroof,Aliya Riaz,Poonam Yadav,0,0,,,,,,,,,
1073427,2016/17,2017-02-19,P Sara Oval,1,17.6,Pakistan,India,Bismah Maroof,Aliya Riaz,Poonam Yadav,4,0,,,,,,,,,
1073427,2016/17,2017-02-19,P Sara Oval,1,18.1,Pakistan,India,Aliya Riaz,Bismah Maroof,E Bisht,0,0,,,,,,,,,
1073427,2016/17,2017-02-19,P Sara Oval,1,18.2,Pakistan,India,Aliya Riaz,Bismah Maroof,E Bisht,1,0,,,,,,,,,
1073427,2016/17,2017-02-19,P Sara Oval,1,18.3,Pakistan,India,Bismah Maroof,Aliya Riaz,E Bisht,0,0,,,,,,,,,
1073427,2016/17,2017-02-19,P Sara Oval,1,18.4,Pakistan,India,Bismah Maroof,Aliya Riaz,E Bisht,2,0,,,,,,,,,
1073427,2016/17,2017-02-19,P Sara Oval,1,18.5,Pakistan,India,Bismah Maroof,Aliya Riaz,E Bisht,0,0,,,,,,,,,
1073427,2016/17,2017-02-19,P Sara Oval,1,18.6,Pakistan,India,Bismah Maroof,Aliya Riaz,E Bisht,0,0,,,,,,,,,
1073427,2016/17,2017-02-19,P Sara Oval,1,19.1,Pakistan,India,Aliya Riaz,Bismah Maroof,Poonam Yadav,0,0,,,,,,,,,
1073427,2016/17,2017-02-19,P Sara Oval,1,19.2,Pakistan,India,Aliya Riaz,Bismah Maroof,Poonam Yadav,0,0,,,,,,,,,
1073427,2016/17,2017-02-19,P Sara Oval,1,19.3,Pakistan,India,Aliya Riaz,Bismah Maroof,Poonam Yadav,0,0,,,,,,,,,
1073427,2016/17,2017-02-19,P Sara Oval,1,19.4,Pakistan,India,Aliya Riaz,Bismah Maroof,Poonam Yadav,0,0,,,,,,,,,
1073427,2016/17,2017-02-19,P Sara Oval,1,19.5,Pakistan,India,Aliya Riaz,Bismah Maroof,Poonam Yadav,0,0,,,,,,,,,
1073427,2016/17,2017-02-19,P Sara Oval,1,19.6,Pakistan,India,Aliya Riaz,Bismah Maroof,Poonam Yadav,0,0,,,,,,,,,
1073427,2016/17,2017-02-19,P Sara Oval,1,20.1,Pakistan,India,Bismah Maroof,Aliya Riaz,DB Sharma,0,1,1,,,,,,,,
1073427,2016/17,2017-02-19,P Sara Oval,1,20.2,Pakistan,India,Bismah Maroof,Aliya Riaz,DB Sharma,0,0,,,,,,,,,
1073427,2016/17,2017-02-19,P Sara Oval,1,20.3,Pakistan,India,Bismah Maroof,Aliya Riaz,DB Sharma,0,0,,,,,,,,,
1073427,2016/17,2017-02-19,P Sara Oval,1,20.4,Pakistan,India,Bismah Maroof,Aliya Riaz,DB Sharma,0,0,,,,,,,,,
1073427,2016/17,2017-02-19,P Sara Oval,1,20.5,Pakistan,India,Bismah Maroof,Aliya Riaz,DB Sharma,0,0,,,,,,caught,Bismah Maroof,,
1073427,2016/17,2017-02-19,P Sara Oval,1,20.6,Pakistan,India,Sana Mir,Aliya Riaz,DB Sharma,0,0,,,,,,,,,
1073427,2016/17,2017-02-19,P Sara Oval,1,20.7,Pakistan,India,Sana Mir,Aliya Riaz,DB Sharma,0,0,,,,,,,,,
1073427,2016/17,2017-02-19,P Sara Oval,1,21.1,Pakistan,India,Aliya Riaz,Sana Mir,Poonam Yadav,0,1,1,,,,,,,,
1073427,2016/17,2017-02-19,P Sara Oval,1,21.2,Pakistan,India,Aliya Riaz,Sana Mir,Poonam Yadav,0,0,,,,,,,,,
1073427,2016/17,2017-02-19,P Sara Oval,1,21.3,Pakistan,India,Aliya Riaz,Sana Mir,Poonam Yadav,0,0,,,,,,,,,
1073427,2016/17,2017-02-19,P Sara Oval,1,21.4,Pakistan,India,Aliya Riaz,Sana Mir,Poonam Yadav,0,0,,,,,,,,,
1073427,2016/17,2017-02-19,P Sara Oval,1,21.5,Pakistan,India,Aliya Riaz,Sana Mir,Poonam Yadav,0,0,,,,,,,,,
1073427,2016/17,2017-02-19,P Sara Oval,1,21.6,Pakistan,India,Aliya Riaz,Sana Mir,Poonam Yadav,0,0,,,,,,,,,
1073427,2016/17,2017-02-19,P Sara Oval,1,21.7,Pakistan,India,Aliya Riaz,Sana Mir,Poonam Yadav,0,0,,,,,,,,,
1073427,2016/17,2017-02-19,P Sara Oval,1,22.1,Pakistan,India,Sana Mir,Aliya Riaz,DB Sharma,0,0,,,,,,,,,
1073427,2016/17,2017-02-19,P Sara Oval,1,22.2,Pakistan,India,Sana Mir,Aliya Riaz,DB Sharma,0,0,,,,,,,,,
1073427,2016/17,2017-02-19,P Sara Oval,1,22.3,Pakistan,India,Sana Mir,Aliya Riaz,DB Sharma,0,0,,,,,,,,,
1073427,2016/17,2017-02-19,P Sara Oval,1,22.4,Pakistan,India,Sana Mir,Aliya Riaz,DB Sharma,0,0,,,,,,,,,
1073427,2016/17,2017-02-19,P Sara Oval,1,22.5,Pakistan,India,Sana Mir,Aliya Riaz,DB Sharma,0,0,,,,,,,,,
1073427,2016/17,2017-02-19,P Sara Oval,1,22.6,Pakistan,India,Sana Mir,Aliya Riaz,DB Sharma,0,0,,,,,,,,,
1073427,2016/17,2017-02-19,P Sara Oval,1,23.1,Pakistan,India,Aliya Riaz,Sana Mir,Poonam Yadav,0,0,,,,,,,,,
1073427,2016/17,2017-02-19,P Sara Oval,1,23.2,Pakistan,India,Aliya Riaz,Sana Mir,Poonam Yadav,0,0,,,,,,,,,
1073427,2016/17,2017-02-19,P Sara Oval,1,23.3,Pakistan,India,Aliya Riaz,Sana Mir,Poonam Yadav,0,0,,,,,,,,,
1073427,2016/17,2017-02-19,P Sara Oval,1,23.4,Pakistan,India,Aliya Riaz,Sana Mir,Poonam Yadav,0,0,,,,,,,,,
1073427,2016/17,2017-02-19,P Sara Oval,1,23.5,Pakistan,India,Aliya Riaz,Sana Mir,Poonam Yadav,0,0,,,,,,,,,
1073427,2016/17,2017-02-19,P Sara Oval,1,23.6,Pakistan,India,Aliya Riaz,Sana Mir,Poonam Yadav,0,0,,,,,,,,,
1073427,2016/17,2017-02-19,P Sara Oval,1,24.1,Pakistan,India,Sana Mir,Aliya Riaz,DP Vaidya,0,0,,,,,,,,,
1073427,2016/17,2017-02-19,P Sara Oval,1,24.2,Pakistan,India,Sana Mir,Aliya Riaz,DP Vaidya,0,0,,,,,,,,,
1073427,2016/17,2017-02-19,P Sara Oval,1,24.3,Pakistan,India,Sana Mir,Aliya Riaz,DP Vaidya,0,1,1,,,,,,,,
1073427,2016/17,2017-02-19,P Sara Oval,1,24.4,Pakistan,India,Sana Mir,Aliya Riaz,DP Vaidya,0,0,,,,,,,,,
1073427,2016/17,2017-02-19,P Sara Oval,1,24.5,Pakistan,India,Sana Mir,Aliya Riaz,DP Vaidya,0,0,,,,,,,,,
1073427,2016/17,2017-02-19,P Sara Oval,1,24.6,Pakistan,India,Sana Mir,Aliya Riaz,DP Vaidya,0,0,,,,,,,,,
1073427,2016/17,2017-02-19,P Sara Oval,1,24.7,Pakistan,India,Sana Mir,Aliya Riaz,DP Vaidya,0,0,,,,,,,,,
1073427,2016/17,2017-02-19,P Sara Oval,1,25.1,Pakistan,India,Aliya Riaz,Sana Mir,DB Sharma,0,0,,,,,,,,,
1073427,2016/17,2017-02-19,P Sara Oval,1,25.2,Pakistan,India,Aliya Riaz,Sana Mir,DB Sharma,0,0,,,,,,,,,
1073427,2016/17,2017-02-19,P Sara Oval,1,25.3,Pakistan,India,Aliya Riaz,Sana Mir,DB Sharma,0,0,,,,,,,,,
1073427,2016/17,2017-02-19,P Sara Oval,1,25.4,Pakistan,India,Aliya Riaz,Sana Mir,DB Sharma,0,0,,,,,,,,,
1073427,2016/17,2017-02-19,P Sara Oval,1,25.5,Pakistan,India,Aliya Riaz,Sana Mir,DB Sharma,0,1,1,,,,,,,,
1073427,2016/17,2017-02-19,P Sara Oval,1,25.6,Pakistan,India,Aliya Riaz,Sana Mir,DB Sharma,0,0,,,,,,,,,
1073427,2016/17,2017-02-19,P Sara Oval,1,25.7,Pakistan,India,Aliya Riaz,Sana Mir,DB Sharma,0,0,,,,,,,,,
1073427,2016/17,2017-02-19,P Sara Oval,1,26.1,Pakistan,India,Sana Mir,Aliya Riaz,DP Vaidya,0,0,,,,,,,,,
1073427,2016/17,2017-02-19,P Sara Oval,1,26.2,Pakistan,India,Sana Mir,Aliya Riaz,DP Vaidya,0,0,,,,,,,,,
1073427,2016/17,2017-02-19,P Sara Oval,1,26.3,Pakistan,India,Sana Mir,Aliya Riaz,DP Vaidya,0,0,,,,,,,,,
1073427,2016/17,2017-02-19,P Sara Oval,1,26.4,Pakistan,India,Sana Mir,Aliya Riaz,DP Vaidya,0,1,1,,,,,,,,
1073427,2016/17,2017-02-19,P Sara Oval,1,26.5,Pakistan,India,Sana Mir,Aliya Riaz,DP Vaidya,1,0,,,,,,,,,
1073427,2016/17,2017-02-19,P Sara Oval,1,26.6,Pakistan,India,Aliya Riaz,Sana Mir,DP Vaidya,0,0,,,,,,bowled,Aliya Riaz,,
1073427,2016/17,2017-02-19,P Sara Oval,1,26.7,Pakistan,India,Rabiya Shah,Sana Mir,DP Vaidya,0,0,,,,,,,,,
1073427,2016/17,2017-02-19,P Sara Oval,1,27.1,Pakistan,India,Sana Mir,Rabiya Shah,DB Sharma,0,0,,,,,,,,,
1073427,2016/17,2017-02-19,P Sara Oval,1,27.2,Pakistan,India,Sana Mir,Rabiya Shah,DB Sharma,0,0,,,,,,,,,
1073427,2016/17,2017-02-19,P Sara Oval,1,27.3,Pakistan,India,Sana Mir,Rabiya Shah,DB Sharma,0,0,,,,,,,,,
1073427,2016/17,2017-02-19,P Sara Oval,1,27.4,Pakistan,India,Sana Mir,Rabiya Shah,DB Sharma,0,0,,,,,,,,,
1073427,2016/17,2017-02-19,P Sara Oval,1,27.5,Pakistan,India,Sana Mir,Rabiya Shah,DB Sharma,0,0,,,,,,,,,
1073427,2016/17,2017-02-19,P Sara Oval,1,27.6,Pakistan,India,Sana Mir,Rabiya Shah,DB Sharma,0,0,,,,,,,,,
1073427,2016/17,2017-02-19,P Sara Oval,1,28.1,Pakistan,India,Rabiya Shah,Sana Mir,DP Vaidya,0,0,,,,,,,,,
1073427,2016/17,2017-02-19,P Sara Oval,1,28.2,Pakistan,India,Rabiya Shah,Sana Mir,DP Vaidya,0,0,,,,,,,,,
1073427,2016/17,2017-02-19,P Sara Oval,1,28.3,Pakistan,India,Rabiya Shah,Sana Mir,DP Vaidya,0,0,,,,,,,,,
1073427,2016/17,2017-02-19,P Sara Oval,1,28.4,Pakistan,India,Rabiya Shah,Sana Mir,DP Vaidya,0,0,,,,,,,,,
1073427,2016/17,2017-02-19,P Sara Oval,1,28.5,Pakistan,India,Rabiya Shah,Sana Mir,DP Vaidya,0,1,1,,,,,,,,
1073427,2016/17,2017-02-19,P Sara Oval,1,28.6,Pakistan,India,Rabiya Shah,Sana Mir,DP Vaidya,0,0,,,,,,,,,
1073427,2016/17,2017-02-19,P Sara Oval,1,28.7,Pakistan,India,Rabiya Shah,Sana Mir,DP Vaidya,0,0,,,,,,,,,
1073427,2016/17,2017-02-19,P Sara Oval,1,29.1,Pakistan,India,Sana Mir,Rabiya Shah,E Bisht,0,0,,,,,,,,,
1073427,2016/17,2017-02-19,P Sara Oval,1,29.2,Pakistan,India,Sana Mir,Rabiya Shah,E Bisht,0,0,,,,,,,,,
1073427,2016/17,2017-02-19,P Sara Oval,1,29.3,Pakistan,India,Sana Mir,Rabiya Shah,E Bisht,0,0,,,,,,,,,
1073427,2016/17,2017-02-19,P Sara Oval,1,29.4,Pakistan,India,Sana Mir,Rabiya Shah,E Bisht,0,0,,,,,,,,,
1073427,2016/17,2017-02-19,P Sara Oval,1,29.5,Pakistan,India,Sana Mir,Rabiya Shah,E Bisht,0,0,,,,,,caught,Sana Mir,,
1073427,2016/17,2017-02-19,P Sara Oval,1,29.6,Pakistan,India,Sadia Yousuf,Rabiya Shah,E Bisht,0,0,,,,,,,,,
1073427,2016/17,2017-02-19,P Sara Oval,1,30.1,Pakistan,India,Rabiya Shah,Sadia Yousuf,DB Sharma,0,0,,,,,,,,,
1073427,2016/17,2017-02-19,P Sara Oval,1,30.2,Pakistan,India,Rabiya Shah,Sadia Yousuf,DB Sharma,0,1,1,,,,,,,,
1073427,2016/17,2017-02-19,P Sara Oval,1,30.3,Pakistan,India,Rabiya Shah,Sadia Yousuf,DB Sharma,0,0,,,,,,,,,
1073427,2016/17,2017-02-19,P Sara Oval,1,30.4,Pakistan,India,Rabiya Shah,Sadia Yousuf,DB Sharma,0,0,,,,,,,,,
1073427,2016/17,2017-02-19,P Sara Oval,1,30.5,Pakistan,India,Rabiya Shah,Sadia Yousuf,DB Sharma,0,0,,,,,,,,,
1073427,2016/17,2017-02-19,P Sara Oval,1,30.6,Pakistan,India,Rabiya Shah,Sadia Yousuf,DB Sharma,1,0,,,,,,,,,
1073427,2016/17,2017-02-19,P Sara Oval,1,30.7,Pakistan,India,Sadia Yousuf,Rabiya Shah,DB Sharma,0,0,,,,,,,,,
1073427,2016/17,2017-02-19,P Sara Oval,1,31.1,Pakistan,India,Rabiya Shah,Sadia Yousuf,E Bisht,0,0,,,,,,caught,Rabiya Shah,,
1073427,2016/17,2017-02-19,P Sara Oval,1,31.2,Pakistan,India,Nashra Sandhu,Sadia Yousuf,E Bisht,0,0,,,,,,,,,
1073427,2016/17,2017-02-19,P Sara Oval,1,31.3,Pakistan,India,Nashra Sandhu,Sadia Yousuf,E Bisht,0,0,,,,,,,,,
1073427,2016/17,2017-02-19,P Sara Oval,1,31.4,Pakistan,India,Nashra Sandhu,Sadia Yousuf,E Bisht,0,0,,,,,,,,,
1073427,2016/17,2017-02-19,P Sara Oval,1,31.5,Pakistan,India,Nashra Sandhu,Sadia Yousuf,E Bisht,0,0,,,,,,,,,
1073427,2016/17,2017-02-19,P Sara Oval,1,31.6,Pakistan,India,Nashra Sandhu,Sadia Yousuf,E Bisht,0,0,,,,,,,,,
1073427,2016/17,2017-02-19,P Sara Oval,1,32.1,Pakistan,India,Sadia Yousuf,Nashra Sandhu,Poonam Yadav,0,0,,,,,,,,,
1073427,2016/17,2017-02-19,P Sara Oval,1,32.2,Pakistan,India,Sadia Yousuf,Nashra Sandhu,Poonam Yadav,0,0,,,,,,,,,
1073427,2016/17,2017-02-19,P Sara Oval,1,32.3,Pakistan,India,Sadia Yousuf,Nashra Sandhu,Poonam Yadav,0,0,,,,,,,,,
1073427,2016/17,2017-02-19,P Sara Oval,1,32.4,Pakistan,India,Sadia Yousuf,Nashra Sandhu,Poonam Yadav,0,0,,,,,,,,,
1073427,2016/17,2017-02-19,P Sara Oval,1,32.5,Pakistan,India,Sadia Yousuf,Nashra Sandhu,Poonam Yadav,0,0,,,,,,,,,
1073427,2016/17,2017-02-19,P Sara Oval,1,32.6,Pakistan,India,Sadia Yousuf,Nashra Sandhu,Poonam Yadav,0,0,,,,,,,,,
1073427,2016/17,2017-02-19,P Sara Oval,1,33.1,Pakistan,India,Nashra Sandhu,Sadia Yousuf,E Bisht,0,0,,,,,,,,,
1073427,2016/17,2017-02-19,P Sara Oval,1,33.2,Pakistan,India,Nashra Sandhu,Sadia Yousuf,E Bisht,0,0,,,,,,,,,
1073427,2016/17,2017-02-19,P Sara Oval,1,33.3,Pakistan,India,Nashra Sandhu,Sadia Yousuf,E Bisht,0,0,,,,,,,,,
1073427,2016/17,2017-02-19,P Sara Oval,1,33.4,Pakistan,India,Nashra Sandhu,Sadia Yousuf,E Bisht,0,0,,,,,,,,,
1073427,2016/17,2017-02-19,P Sara Oval,1,33.5,Pakistan,India,Nashra Sandhu,Sadia Yousuf,E Bisht,0,0,,,,,,,,,
1073427,2016/17,2017-02-19,P Sara Oval,1,33.6,Pakistan,India,Nashra Sandhu,Sadia Yousuf,E Bisht,0,0,,,,,,,,,
1073427,2016/17,2017-02-19,P Sara Oval,1,34.1,Pakistan,India,Sadia Yousuf,Nashra Sandhu,Poonam Yadav,0,1,1,,,,,,,,
1073427,2016/17,2017-02-19,P Sara Oval,1,34.2,Pakistan,India,Sadia Yousuf,Nashra Sandhu,Poonam Yadav,0,0,,,,,,,,,
1073427,2016/17,2017-02-19,P Sara Oval,1,34.3,Pakistan,India,Sadia Yousuf,Nashra Sandhu,Poonam Yadav,0,0,,,,,,,,,
1073427,2016/17,2017-02-19,P Sara Oval,1,34.4,Pakistan,India,Sadia Yousuf,Nashra Sandhu,Poonam Yadav,0,0,,,,,,,,,
1073427,2016/17,2017-02-19,P Sara Oval,1,34.5,Pakistan,India,Sadia Yousuf,Nashra Sandhu,Poonam Yadav,0,0,,,,,,,,,
1073427,2016/17,2017-02-19,P Sara Oval,1,34.6,Pakistan,India,Sadia Yousuf,Nashra Sandhu,Poonam Yadav,0,0,,,,,,,,,
1073427,2016/17,2017-02-19,P Sara Oval,1,34.7,Pakistan,India,Sadia Yousuf,Nashra Sandhu,Poonam Yadav,0,0,,,,,,,,,
1073427,2016/17,2017-02-19,P Sara Oval,1,35.1,Pakistan,India,Nashra Sandhu,Sadia Yousuf,DP Vaidya,0,0,,,,,,,,,
1073427,2016/17,2017-02-19,P Sara Oval,1,35.2,Pakistan,India,Nashra Sandhu,Sadia Yousuf,DP Vaidya,0,3,3,,,,,,,,
1073427,2016/17,2017-02-19,P Sara Oval,1,35.3,Pakistan,India,Nashra Sandhu,Sadia Yousuf,DP Vaidya,0,0,,,,,,,,,
1073427,2016/17,2017-02-19,P Sara Oval,1,35.4,Pakistan,India,Nashra Sandhu,Sadia Yousuf,DP Vaidya,0,0,,,,,,,,,
1073427,2016/17,2017-02-19,P Sara Oval,1,35.5,Pakistan,India,Nashra Sandhu,Sadia Yousuf,DP Vaidya,0,0,,,,,,,,,
1073427,2016/17,2017-02-19,P Sara Oval,1,35.6,Pakistan,India,Nashra Sandhu,Sadia Yousuf,DP Vaidya,0,0,,,,,,,,,
1073427,2016/17,2017-02-19,P Sara Oval,1,35.7,Pakistan,India,Nashra Sandhu,Sadia Yousuf,DP Vaidya,0,0,,,,,,,,,
1073427,2016/17,2017-02-19,P Sara Oval,1,36.1,Pakistan,India,Sadia Yousuf,Nashra Sandhu,E Bisht,0,0,,,,,,,,,
1073427,2016/17,2017-02-19,P Sara Oval,1,36.2,Pakistan,India,Sadia Yousuf,Nashra Sandhu,E Bisht,0,0,,,,,,bowled,Sadia Yousuf,,
1073427,2016/17,2017-02-19,P Sara Oval,1,36.3,Pakistan,India,Maham Tariq,Nashra Sandhu,E Bisht,0,4,,,4,,,,,,
1073427,2016/17,2017-02-19,P Sara Oval,1,36.4,Pakistan,India,Maham Tariq,Nashra Sandhu,E Bisht,0,0,,,,,,,,,
1073427,2016/17,2017-02-19,P Sara Oval,1,36.5,Pakistan,India,Maham Tariq,Nashra Sandhu,E Bisht,0,0,,,,,,,,,
1073427,2016/17,2017-02-19,P Sara Oval,1,36.6,Pakistan,India,Maham Tariq,Nashra Sandhu,E Bisht,0,0,,,,,,,,,
1073427,2016/17,2017-02-19,P Sara Oval,1,37.1,Pakistan,India,Nashra Sandhu,Maham Tariq,Poonam Yadav,0,0,,,,,,,,,
1073427,2016/17,2017-02-19,P Sara Oval,1,37.2,Pakistan,India,Nashra Sandhu,Maham Tariq,Poonam Yadav,1,0,,,,,,,,,
1073427,2016/17,2017-02-19,P Sara Oval,1,37.3,Pakistan,India,Maham Tariq,Nashra Sandhu,Poonam Yadav,0,0,,,,,,,,,
1073427,2016/17,2017-02-19,P Sara Oval,1,37.4,Pakistan,India,Maham Tariq,Nashra Sandhu,Poonam Yadav,0,0,,,,,,,,,
1073427,2016/17,2017-02-19,P Sara Oval,1,37.5,Pakistan,India,Maham Tariq,Nashra Sandhu,Poonam Yadav,0,0,,,,,,,,,
1073427,2016/17,2017-02-19,P Sara Oval,1,37.6,Pakistan,India,Maham Tariq,Nashra Sandhu,Poonam Yadav,0,0,,,,,,,,,
1073427,2016/17,2017-02-19,P Sara Oval,1,38.1,Pakistan,India,Nashra Sandhu,Maham Tariq,E Bisht,0,0,,,,,,,,,
1073427,2016/17,2017-02-19,P Sara Oval,1,38.2,Pakistan,India,Nashra Sandhu,Maham Tariq,E Bisht,0,0,,,,,,,,,
1073427,2016/17,2017-02-19,P Sara Oval,1,38.3,Pakistan,India,Nashra Sandhu,Maham Tariq,E Bisht,0,0,,,,,,,,,
1073427,2016/17,2017-02-19,P Sara Oval,1,38.4,Pakistan,India,Nashra Sandhu,Maham Tariq,E Bisht,0,0,,,,,,,,,
1073427,2016/17,2017-02-19,P Sara Oval,1,38.5,Pakistan,India,Nashra Sandhu,Maham Tariq,E Bisht,0,0,,,,,,,,,
1073427,2016/17,2017-02-19,P Sara Oval,1,38.6,Pakistan,India,Nashra Sandhu,Maham Tariq,E Bisht,0,0,,,,,,,,,
1073427,2016/17,2017-02-19,P Sara Oval,1,39.1,Pakistan,India,Maham Tariq,Nashra Sandhu,S Pandey,0,0,,,,,,,,,
1073427,2016/17,2017-02-19,P Sara Oval,1,39.2,Pakistan,India,Maham Tariq,Nashra Sandhu,S Pandey,0,0,,,,,,,,,
1073427,2016/17,2017-02-19,P Sara Oval,1,39.3,Pakistan,India,Maham Tariq,Nashra Sandhu,S Pandey,0,0,,,,,,,,,
1073427,2016/17,2017-02-19,P Sara Oval,1,39.4,Pakistan,India,Maham Tariq,Nashra Sandhu,S Pandey,0,0,,,,,,,,,
1073427,2016/17,2017-02-19,P Sara Oval,1,39.5,Pakistan,India,Maham Tariq,Nashra Sandhu,S Pandey,0,0,,,,,,,,,
1073427,2016/17,2017-02-19,P Sara Oval,1,39.6,Pakistan,India,Maham Tariq,Nashra Sandhu,S Pandey,0,1,1,,,,,,,,
1073427,2016/17,2017-02-19,P Sara Oval,1,39.7,Pakistan,India,Maham Tariq,Nashra Sandhu,S Pandey,0,0,,,,,,,,,
1073427,2016/17,2017-02-19,P Sara Oval,1,40.1,Pakistan,India,Nashra Sandhu,Maham Tariq,DB Sharma,0,0,,,,,,,,,
1073427,2016/17,2017-02-19,P Sara Oval,1,40.2,Pakistan,India,Nashra Sandhu,Maham Tariq,DB Sharma,0,0,,,,,,,,,
1073427,2016/17,2017-02-19,P Sara Oval,1,40.3,Pakistan,India,Nashra Sandhu,Maham Tariq,DB Sharma,0,0,,,,,,,,,
1073427,2016/17,2017-02-19,P Sara Oval,1,40.4,Pakistan,India,Nashra Sandhu,Maham Tariq,DB Sharma,0,0,,,,,,,,,
1073427,2016/17,2017-02-19,P Sara Oval,1,40.5,Pakistan,India,Nashra Sandhu,Maham Tariq,DB Sharma,0,0,,,,,,,,,
1073427,2016/17,2017-02-19,P Sara Oval,1,40.6,Pakistan,India,Nashra Sandhu,Maham Tariq,DB Sharma,0,0,,,,,,,,,
1073427,2016/17,2017-02-19,P Sara Oval,1,41.1,Pakistan,India,Maham Tariq,Nashra Sandhu,S Pandey,0,0,,,,,,,,,
1073427,2016/17,2017-02-19,P Sara Oval,1,41.2,Pakistan,India,Maham Tariq,Nashra Sandhu,S Pandey,0,0,,,,,,,,,
1073427,2016/17,2017-02-19,P Sara Oval,1,41.3,Pakistan,India,Maham Tariq,Nashra Sandhu,S Pandey,0,0,,,,,,,,,
1073427,2016/17,2017-02-19,P Sara Oval,1,41.4,Pakistan,India,Maham Tariq,Nashra Sandhu,S Pandey,1,0,,,,,,,,,
1073427,2016/17,2017-02-19,P Sara Oval,1,41.5,Pakistan,India,Nashra Sandhu,Maham Tariq,S Pandey,0,0,,,,,,,,,
1073427,2016/17,2017-02-19,P Sara Oval,1,41.6,Pakistan,India,Nashra Sandhu,Maham Tariq,S Pandey,0,0,,,,,,,,,
1073427,2016/17,2017-02-19,P Sara Oval,1,42.1,Pakistan,India,Maham Tariq,Nashra Sandhu,DB Sharma,0,0,,,,,,,,,
1073427,2016/17,2017-02-19,P Sara Oval,1,42.2,Pakistan,India,Maham Tariq,Nashra Sandhu,DB Sharma,0,0,,,,,,,,,
1073427,2016/17,2017-02-19,P Sara Oval,1,42.3,Pakistan,India,Maham Tariq,Nashra Sandhu,DB Sharma,0,0,,,,,,,,,
1073427,2016/17,2017-02-19,P Sara Oval,1,42.4,Pakistan,India,Maham Tariq,Nashra Sandhu,DB Sharma,0,0,,,,,,,,,
1073427,2016/17,2017-02-19,P Sara Oval,1,42.5,Pakistan,India,Maham Tariq,Nashra Sandhu,DB Sharma,0,0,,,,,,,,,
1073427,2016/17,2017-02-19,P Sara Oval,1,42.6,Pakistan,India,Maham Tariq,Nashra Sandhu,DB Sharma,0,0,,,,,,,,,
1073427,2016/17,2017-02-19,P Sara Oval,1,43.1,Pakistan,India,Nashra Sandhu,Maham Tariq,H Kaur,0,0,,,,,,,,,
1073427,2016/17,2017-02-19,P Sara Oval,1,43.2,Pakistan,India,Nashra Sandhu,Maham Tariq,H Kaur,1,0,,,,,,,,,
1073427,2016/17,2017-02-19,P Sara Oval,1,43.3,Pakistan,India,Maham Tariq,Nashra Sandhu,H Kaur,0,0,,,,,,,,,
1073427,2016/17,2017-02-19,P Sara Oval,1,43.4,Pakistan,India,Maham Tariq,Nashra Sandhu,H Kaur,0,0,,,,,,caught,Maham Tariq,,
1073427,2016/17,2017-02-19,P Sara Oval,2,0.1,India,Pakistan,MR Meshram,DB Sharma,Sana Mir,4,0,,,,,,,,,
1073427,2016/17,2017-02-19,P Sara Oval,2,0.2,India,Pakistan,MR Meshram,DB Sharma,Sana Mir,0,1,,,,1,,,,,
1073427,2016/17,2017-02-19,P Sara Oval,2,0.3,India,Pakistan,DB Sharma,MR Meshram,Sana Mir,0,0,,,,,,,,,
1073427,2016/17,2017-02-19,P Sara Oval,2,0.4,India,Pakistan,DB Sharma,MR Meshram,Sana Mir,0,0,,,,,,,,,
1073427,2016/17,2017-02-19,P Sara Oval,2,0.5,India,Pakistan,DB Sharma,MR Meshram,Sana Mir,0,0,,,,,,,,,
1073427,2016/17,2017-02-19,P Sara Oval,2,0.6,India,Pakistan,DB Sharma,MR Meshram,Sana Mir,0,0,,,,,,,,,
1073427,2016/17,2017-02-19,P Sara Oval,2,1.1,India,Pakistan,MR Meshram,DB Sharma,Nashra Sandhu,0,0,,,,,,,,,
1073427,2016/17,2017-02-19,P Sara Oval,2,1.2,India,Pakistan,MR Meshram,DB Sharma,Nashra Sandhu,0,0,,,,,,,,,
1073427,2016/17,2017-02-19,P Sara Oval,2,1.3,India,Pakistan,MR Meshram,DB Sharma,Nashra Sandhu,1,0,,,,,,,,,
1073427,2016/17,2017-02-19,P Sara Oval,2,1.4,India,Pakistan,DB Sharma,MR Meshram,Nashra Sandhu,0,0,,,,,,,,,
1073427,2016/17,2017-02-19,P Sara Oval,2,1.5,India,Pakistan,DB Sharma,MR Meshram,Nashra Sandhu,0,0,,,,,,,,,
1073427,2016/17,2017-02-19,P Sara Oval,2,1.6,India,Pakistan,DB Sharma,MR Meshram,Nashra Sandhu,0,0,,,,,,,,,
1073427,2016/17,2017-02-19,P Sara Oval,2,2.1,India,Pakistan,MR Meshram,DB Sharma,Sana Mir,0,0,,,,,,,,,
1073427,2016/17,2017-02-19,P Sara Oval,2,2.2,India,Pakistan,MR Meshram,DB Sharma,Sana Mir,4,0,,,,,,,,,
1073427,2016/17,2017-02-19,P Sara Oval,2,2.3,India,Pakistan,MR Meshram,DB Sharma,Sana Mir,0,0,,,,,,caught,MR Meshram,,
1073427,2016/17,2017-02-19,P Sara Oval,2,2.4,India,Pakistan,DP Vaidya,DB Sharma,Sana Mir,0,0,,,,,,,,,
1073427,2016/17,2017-02-19,P Sara Oval,2,2.5,India,Pakistan,DP Vaidya,DB Sharma,Sana Mir,0,0,,,,,,,,,
1073427,2016/17,2017-02-19,P Sara Oval,2,2.6,India,Pakistan,DP Vaidya,DB Sharma,Sana Mir,0,0,,,,,,,,,
1073427,2016/17,2017-02-19,P Sara Oval,2,3.1,India,Pakistan,DB Sharma,DP Vaidya,Nashra Sandhu,0,0,,,,,,,,,
1073427,2016/17,2017-02-19,P Sara Oval,2,3.2,India,Pakistan,DB Sharma,DP Vaidya,Nashra Sandhu,1,0,,,,,,,,,
1073427,2016/17,2017-02-19,P Sara Oval,2,3.3,India,Pakistan,DP Vaidya,DB Sharma,Nashra Sandhu,0,0,,,,,,,,,
1073427,2016/17,2017-02-19,P Sara Oval,2,3.4,India,Pakistan,DP Vaidya,DB Sharma,Nashra Sandhu,0,0,,,,,,,,,
1073427,2016/17,2017-02-19,P Sara Oval,2,3.5,India,Pakistan,DP Vaidya,DB Sharma,Nashra Sandhu,1,0,,,,,,,,,
1073427,2016/17,2017-02-19,P Sara Oval,2,3.6,India,Pakistan,DB Sharma,DP Vaidya,Nashra Sandhu,0,0,,,,,,,,,
1073427,2016/17,2017-02-19,P Sara Oval,2,4.1,India,Pakistan,DP Vaidya,DB Sharma,Sana Mir,0,0,,,,,,,,,
1073427,2016/17,2017-02-19,P Sara Oval,2,4.2,India,Pakistan,DP Vaidya,DB Sharma,Sana Mir,0,0,,,,,,,,,
1073427,2016/17,2017-02-19,P Sara Oval,2,4.3,India,Pakistan,DP Vaidya,DB Sharma,Sana Mir,1,0,,,,,,,,,
1073427,2016/17,2017-02-19,P Sara Oval,2,4.4,India,Pakistan,DB Sharma,DP Vaidya,Sana Mir,2,0,,,,,,,,,
1073427,2016/17,2017-02-19,P Sara Oval,2,4.5,India,Pakistan,DB Sharma,DP Vaidya,Sana Mir,0,0,,,,,,,,,
1073427,2016/17,2017-02-19,P Sara Oval,2,4.6,India,Pakistan,DB Sharma,DP Vaidya,Sana Mir,0,0,,,,,,,,,
1073427,2016/17,2017-02-19,P Sara Oval,2,5.1,India,Pakistan,DP Vaidya,DB Sharma,Nashra Sandhu,1,0,,,,,,,,,
1073427,2016/17,2017-02-19,P Sara Oval,2,5.2,India,Pakistan,DB Sharma,DP Vaidya,Nashra Sandhu,0,0,,,,,,,,,
1073427,2016/17,2017-02-19,P Sara Oval,2,5.3,India,Pakistan,DB Sharma,DP Vaidya,Nashra Sandhu,1,0,,,,,,,,,
1073427,2016/17,2017-02-19,P Sara Oval,2,5.4,India,Pakistan,DP Vaidya,DB Sharma,Nashra Sandhu,0,0,,,,,,,,,
1073427,2016/17,2017-02-19,P Sara Oval,2,5.5,India,Pakistan,DP Vaidya,DB Sharma,Nashra Sandhu,0,0,,,,,,,,,
1073427,2016/17,2017-02-19,P Sara Oval,2,5.6,India,Pakistan,DP Vaidya,DB Sharma,Nashra Sandhu,0,0,,,,,,,,,
1073427,2016/17,2017-02-19,P Sara Oval,2,6.1,India,Pakistan,DB Sharma,DP Vaidya,Sana Mir,0,0,,,,,,,,,
1073427,2016/17,2017-02-19,P Sara Oval,2,6.2,India,Pakistan,DB Sharma,DP Vaidya,Sana Mir,0,0,,,,,,,,,
1073427,2016/17,2017-02-19,P Sara Oval,2,6.3,India,Pakistan,DB Sharma,DP Vaidya,Sana Mir,0,0,,,,,,,,,
1073427,2016/17,2017-02-19,P Sara Oval,2,6.4,India,Pakistan,DB Sharma,DP Vaidya,Sana Mir,1,0,,,,,,,,,
1073427,2016/17,2017-02-19,P Sara Oval,2,6.5,India,Pakistan,DP Vaidya,DB Sharma,Sana Mir,0,0,,,,,,,,,
1073427,2016/17,2017-02-19,P Sara Oval,2,6.6,India,Pakistan,DP Vaidya,DB Sharma,Sana Mir,0,0,,,,,,,,,
1073427,2016/17,2017-02-19,P Sara Oval,2,7.1,India,Pakistan,DB Sharma,DP Vaidya,Sadia Yousuf,0,0,,,,,,,,,
1073427,2016/17,2017-02-19,P Sara Oval,2,7.2,India,Pakistan,DB Sharma,DP Vaidya,Sadia Yousuf,0,0,,,,,,,,,
1073427,2016/17,2017-02-19,P Sara Oval,2,7.3,India,Pakistan,DB Sharma,DP Vaidya,Sadia Yousuf,4,0,,,,,,,,,
1073427,2016/17,2017-02-19,P Sara Oval,2,7.4,India,Pakistan,DB Sharma,DP Vaidya,Sadia Yousuf,1,0,,,,,,,,,
1073427,2016/17,2017-02-19,P Sara Oval,2,7.5,India,Pakistan,DP Vaidya,DB Sharma,Sadia Yousuf,0,0,,,,,,caught,DP Vaidya,,
1073427,2016/17,2017-02-19,P Sara Oval,2,7.6,India,Pakistan,H Kaur,DB Sharma,Sadia Yousuf,0,0,,,,,,,,,
1073427,2016/17,2017-02-19,P Sara Oval,2,8.1,India,Pakistan,DB Sharma,H Kaur,Sana Mir,0,0,,,,,,,,,
1073427,2016/17,2017-02-19,P Sara Oval,2,8.2,India,Pakistan,DB Sharma,H Kaur,Sana Mir,4,0,,,,,,,,,
1073427,2016/17,2017-02-19,P Sara Oval,2,8.3,India,Pakistan,DB Sharma,H Kaur,Sana Mir,0,0,,,,,,,,,
1073427,2016/17,2017-02-19,P Sara Oval,2,8.4,India,Pakistan,DB Sharma,H Kaur,Sana Mir,0,0,,,,,,,,,
1073427,2016/17,2017-02-19,P Sara Oval,2,8.5,India,Pakistan,DB Sharma,H Kaur,Sana Mir,1,0,,,,,,,,,
1073427,2016/17,2017-02-19,P Sara Oval,2,8.6,India,Pakistan,H Kaur,DB Sharma,Sana Mir,1,0,,,,,,,,,
1073427,2016/17,2017-02-19,P Sara Oval,2,9.1,India,Pakistan,H Kaur,DB Sharma,Sadia Yousuf,1,0,,,,,,,,,
1073427,2016/17,2017-02-19,P Sara Oval,2,9.2,India,Pakistan,DB Sharma,H Kaur,Sadia Yousuf,0,0,,,,,,,,,
1073427,2016/17,2017-02-19,P Sara Oval,2,9.3,India,Pakistan,DB Sharma,H Kaur,Sadia Yousuf,0,0,,,,,,,,,
1073427,2016/17,2017-02-19,P Sara Oval,2,9.4,India,Pakistan,DB Sharma,H Kaur,Sadia Yousuf,0,0,,,,,,,,,
1073427,2016/17,2017-02-19,P Sara Oval,2,9.5,India,Pakistan,DB Sharma,H Kaur,Sadia Yousuf,0,0,,,,,,,,,
1073427,2016/17,2017-02-19,P Sara Oval,2,9.6,India,Pakistan,DB Sharma,H Kaur,Sadia Yousuf,0,0,,,,,,,,,
1073427,2016/17,2017-02-19,P Sara Oval,2,10.1,India,Pakistan,H Kaur,DB Sharma,Sana Mir,0,0,,,,,,,,,
1073427,2016/17,2017-02-19,P Sara Oval,2,10.2,India,Pakistan,H Kaur,DB Sharma,Sana Mir,0,0,,,,,,,,,
1073427,2016/17,2017-02-19,P Sara Oval,2,10.3,India,Pakistan,H Kaur,DB Sharma,Sana Mir,0,0,,,,,,,,,
1073427,2016/17,2017-02-19,P Sara Oval,2,10.4,India,Pakistan,H Kaur,DB Sharma,Sana Mir,0,0,,,,,,,,,
1073427,2016/17,2017-02-19,P Sara Oval,2,10.5,India,Pakistan,H Kaur,DB Sharma,Sana Mir,0,0,,,,,,,,,
1073427,2016/17,2017-02-19,P Sara Oval,2,10.6,India,Pakistan,H Kaur,DB Sharma,Sana Mir,0,0,,,,,,,,,
1073427,2016/17,2017-02-19,P Sara Oval,2,11.1,India,Pakistan,DB Sharma,H Kaur,Sadia Yousuf,0,0,,,,,,,,,
1073427,2016/17,2017-02-19,P Sara Oval,2,11.2,India,Pakistan,DB Sharma,H Kaur,Sadia Yousuf,2,0,,,,,,,,,
1073427,2016/17,2017-02-19,P Sara Oval,2,11.3,India,Pakistan,DB Sharma,H Kaur,Sadia Yousuf,0,0,,,,,,,,,
1073427,2016/17,2017-02-19,P Sara Oval,2,11.4,India,Pakistan,DB Sharma,H Kaur,Sadia Yousuf,0,0,,,,,,,,,
1073427,2016/17,2017-02-19,P Sara Oval,2,11.5,India,Pakistan,DB Sharma,H Kaur,Sadia Yousuf,0,0,,,,,,,,,
1073427,2016/17,2017-02-19,P Sara Oval,2,11.6,India,Pakistan,DB Sharma,H Kaur,Sadia Yousuf,0,0,,,,,,,,,
1073427,2016/17,2017-02-19,P Sara Oval,2,12.1,India,Pakistan,H Kaur,DB Sharma,Nashra Sandhu,0,0,,,,,,,,,
1073427,2016/17,2017-02-19,P Sara Oval,2,12.2,India,Pakistan,H Kaur,DB Sharma,Nashra Sandhu,4,0,,,,,,,,,
1073427,2016/17,2017-02-19,P Sara Oval,2,12.3,India,Pakistan,H Kaur,DB Sharma,Nashra Sandhu,0,0,,,,,,,,,
1073427,2016/17,2017-02-19,P Sara Oval,2,12.4,India,Pakistan,H Kaur,DB Sharma,Nashra Sandhu,6,0,,,,,,,,,
1073427,2016/17,2017-02-19,P Sara Oval,2,12.5,India,Pakistan,H Kaur,DB Sharma,Nashra Sandhu,0,0,,,,,,,,,
1073427,2016/17,2017-02-19,P Sara Oval,2,12.6,India,Pakistan,H Kaur,DB Sharma,Nashra Sandhu,4,0,,,,,,,,,
1073427,2016/17,2017-02-19,P Sara Oval,2,13.1,India,Pakistan,DB Sharma,H Kaur,Sadia Yousuf,0,0,,,,,,,,,
1073427,2016/17,2017-02-19,P Sara Oval,2,13.2,India,Pakistan,DB Sharma,H Kaur,Sadia Yousuf,0,0,,,,,,,,,
1073427,2016/17,2017-02-19,P Sara Oval,2,13.3,India,Pakistan,DB Sharma,H Kaur,Sadia Yousuf,0,0,,,,,,,,,
1073427,2016/17,2017-02-19,P Sara Oval,2,13.4,India,Pakistan,DB Sharma,H Kaur,Sadia Yousuf,0,0,,,,,,,,,
1073427,2016/17,2017-02-19,P Sara Oval,2,13.5,India,Pakistan,DB Sharma,H Kaur,Sadia Yousuf,1,0,,,,,,,,,
1073427,2016/17,2017-02-19,P Sara Oval,2,13.6,India,Pakistan,H Kaur,DB Sharma,Sadia Yousuf,0,0,,,,,,,,,
1073427,2016/17,2017-02-19,P Sara Oval,2,14.1,India,Pakistan,DB Sharma,H Kaur,Sana Mir,0,0,,,,,,,,,
1073427,2016/17,2017-02-19,P Sara Oval,2,14.2,India,Pakistan,DB Sharma,H Kaur,Sana Mir,0,0,,,,,,,,,
1073427,2016/17,2017-02-19,P Sara Oval,2,14.3,India,Pakistan,DB Sharma,H Kaur,Sana Mir,0,0,,,,,,,,,
1073427,2016/17,2017-02-19,P Sara Oval,2,14.4,India,Pakistan,DB Sharma,H Kaur,Sana Mir,0,0,,,,,,,,,
1073427,2016/17,2017-02-19,P Sara Oval,2,14.5,India,Pakistan,DB Sharma,H Kaur,Sana Mir,1,0,,,,,,,,,
1073427,2016/17,2017-02-19,P Sara Oval,2,14.6,India,Pakistan,H Kaur,DB Sharma,Sana Mir,0,0,,,,,,,,,
1073427,2016/17,2017-02-19,P Sara Oval,2,15.1,India,Pakistan,DB Sharma,H Kaur,Sadia Yousuf,0,0,,,,,,,,,
1073427,2016/17,2017-02-19,P Sara Oval,2,15.2,India,Pakistan,DB Sharma,H Kaur,Sadia Yousuf,0,0,,,,,,,,,
1073427,2016/17,2017-02-19,P Sara Oval,2,15.3,India,Pakistan,DB Sharma,H Kaur,Sadia Yousuf,1,0,,,,,,,,,
1073427,2016/17,2017-02-19,P Sara Oval,2,15.4,India,Pakistan,H Kaur,DB Sharma,Sadia Yousuf,0,0,,,,,,,,,
1073427,2016/17,2017-02-19,P Sara Oval,2,15.5,India,Pakistan,H Kaur,DB Sharma,Sadia Yousuf,1,0,,,,,,,,,
1073427,2016/17,2017-02-19,P Sara Oval,2,15.6,India,Pakistan,DB Sharma,H Kaur,Sadia Yousuf,0,0,,,,,,,,,
1073427,2016/17,2017-02-19,P Sara Oval,2,16.1,India,Pakistan,H Kaur,DB Sharma,Sana Mir,1,0,,,,,,,,,
1073427,2016/17,2017-02-19,P Sara Oval,2,16.2,India,Pakistan,DB Sharma,H Kaur,Sana Mir,1,0,,,,,,,,,
1073427,2016/17,2017-02-19,P Sara Oval,2,16.3,India,Pakistan,H Kaur,DB Sharma,Sana Mir,1,0,,,,,,,,,
1073427,2016/17,2017-02-19,P Sara Oval,2,16.4,India,Pakistan,DB Sharma,H Kaur,Sana Mir,0,0,,,,,,,,,
1073427,2016/17,2017-02-19,P Sara Oval,2,16.5,India,Pakistan,DB Sharma,H Kaur,Sana Mir,0,0,,,,,,,,,
1073427,2016/17,2017-02-19,P Sara Oval,2,16.6,India,Pakistan,DB Sharma,H Kaur,Sana Mir,0,0,,,,,,,,,
1073427,2016/17,2017-02-19,P Sara Oval,2,17.1,India,Pakistan,H Kaur,DB Sharma,Sadia Yousuf,0,0,,,,,,,,,
1073427,2016/17,2017-02-19,P Sara Oval,2,17.2,India,Pakistan,H Kaur,DB Sharma,Sadia Yousuf,0,0,,,,,,,,,
1073427,2016/17,2017-02-19,P Sara Oval,2,17.3,India,Pakistan,H Kaur,DB Sharma,Sadia Yousuf,1,0,,,,,,,,,
1073427,2016/17,2017-02-19,P Sara Oval,2,17.4,India,Pakistan,DB Sharma,H Kaur,Sadia Yousuf,0,0,,,,,,,,,
1073427,2016/17,2017-02-19,P Sara Oval,2,17.5,India,Pakistan,DB Sharma,H Kaur,Sadia Yousuf,0,0,,,,,,,,,
1073427,2016/17,2017-02-19,P Sara Oval,2,17.6,India,Pakistan,DB Sharma,H Kaur,Sadia Yousuf,0,0,,,,,,,,,
1073427,2016/17,2017-02-19,P Sara Oval,2,18.1,India,Pakistan,H Kaur,DB Sharma,Sana Mir,1,0,,,,,,,,,
1073427,2016/17,2017-02-19,P Sara Oval,2,18.2,India,Pakistan,DB Sharma,H Kaur,Sana Mir,0,0,,,,,,,,,
1073427,2016/17,2017-02-19,P Sara Oval,2,18.3,India,Pakistan,DB Sharma,H Kaur,Sana Mir,0,0,,,,,,,,,
1073427,2016/17,2017-02-19,P Sara Oval,2,18.4,India,Pakistan,DB Sharma,H Kaur,Sana Mir,0,0,,,,,,,,,
1073427,2016/17,2017-02-19,P Sara Oval,2,18.5,India,Pakistan,DB Sharma,H Kaur,Sana Mir,0,0,,,,,,,,,
1073427,2016/17,2017-02-19,P Sara Oval,2,18.6,India,Pakistan,DB Sharma,H Kaur,Sana Mir,0,0,,,,,,,,,
1073427,2016/17,2017-02-19,P Sara Oval,2,19.1,India,Pakistan,H Kaur,DB Sharma,Sadia Yousuf,0,0,,,,,,,,,
1073427,2016/17,2017-02-19,P Sara Oval,2,19.2,India,Pakistan,H Kaur,DB Sharma,Sadia Yousuf,0,0,,,,,,,,,
1073427,2016/17,2017-02-19,P Sara Oval,2,19.3,India,Pakistan,H Kaur,DB Sharma,Sadia Yousuf,1,0,,,,,,,,,
1073427,2016/17,2017-02-19,P Sara Oval,2,19.4,India,Pakistan,DB Sharma,H Kaur,Sadia Yousuf,4,0,,,,,,,,,
1073427,2016/17,2017-02-19,P Sara Oval,2,19.5,India,Pakistan,DB Sharma,H Kaur,Sadia Yousuf,2,0,,,,,,,,,
1073427,2016/17,2017-02-19,P Sara Oval,2,19.6,India,Pakistan,DB Sharma,H Kaur,Sadia Yousuf,0,0,,,,,,,,,
1073427,2016/17,2017-02-19,P Sara Oval,2,20.1,India,Pakistan,H Kaur,DB Sharma,Sana Mir,0,0,,,,,,,,,
1073427,2016/17,2017-02-19,P Sara Oval,2,20.2,India,Pakistan,H Kaur,DB Sharma,Sana Mir,1,0,,,,,,,,,
1073427,2016/17,2017-02-19,P Sara Oval,2,20.3,India,Pakistan,DB Sharma,H Kaur,Sana Mir,0,0,,,,,,,,,
1073427,2016/17,2017-02-19,P Sara Oval,2,20.4,India,Pakistan,DB Sharma,H Kaur,Sana Mir,0,0,,,,,,,,,
1073427,2016/17,2017-02-19,P Sara Oval,2,20.5,India,Pakistan,DB Sharma,H Kaur,Sana Mir,1,0,,,,,,,,,
1073427,2016/17,2017-02-19,P Sara Oval,2,20.6,India,Pakistan,H Kaur,DB Sharma,Sana Mir,1,0,,,,,,,,,
1073427,2016/17,2017-02-19,P Sara Oval,2,21.1,India,Pakistan,H Kaur,DB Sharma,Sadia Yousuf,0,0,,,,,,,,,
1073427,2016/17,2017-02-19,P Sara Oval,2,21.2,India,Pakistan,H Kaur,DB Sharma,Sadia Yousuf,0,0,,,,,,,,,
1073427,2016/17,2017-02-19,P Sara Oval,2,21.3,India,Pakistan,H Kaur,DB Sharma,Sadia Yousuf,0,0,,,,,,,,,
1073427,2016/17,2017-02-19,P Sara Oval,2,21.4,India,Pakistan,H Kaur,DB Sharma,Sadia Yousuf,0,0,,,,,,caught,H Kaur,,
1073427,2016/17,2017-02-19,P Sara Oval,2,21.5,India,Pakistan,V Krishnamurthy,DB Sharma,Sadia Yousuf,0,0,,,,,,,,,
1073427,2016/17,2017-02-19,P Sara Oval,2,21.6,India,Pakistan,V Krishnamurthy,DB Sharma,Sadia Yousuf,0,0,,,,,,,,,
1073427,2016/17,2017-02-19,P Sara Oval,2,22.1,India,Pakistan,DB Sharma,V Krishnamurthy,Nashra Sandhu,0,0,,,,,,,,,
1073427,2016/17,2017-02-19,P Sara Oval,2,22.2,India,Pakistan,DB Sharma,V Krishnamurthy,Nashra Sandhu,1,0,,,,,,,,,
1073427,2016/17,2017-02-19,P Sara Oval,2,22.3,India,Pakistan,V Krishnamurthy,DB Sharma,Nashra Sandhu,4,0,,,,,,,,,
