match_id,season,start_date,venue,innings,ball,batting_team,bowling_team,striker,non_striker,bowler,runs_off_bat,extras,wides,noballs,byes,legbyes,penalty,wicket_type,player_dismissed,other_wicket_type,other_player_dismissed
1073408,2016/17,2017-02-08,P Sara Oval,1,0.1,Pakistan,Bangladesh,Ayesha Zafar,Nahida Khan,Jahanara Alam,0,1,1,,,,,,,,
1073408,2016/17,2017-02-08,P Sara Oval,1,0.2,Pakistan,Bangladesh,Ayesha Zafar,Nahida Khan,Jahanara Alam,0,0,,,,,,,,,
1073408,2016/17,2017-02-08,P Sara Oval,1,0.3,Pakistan,Bangladesh,Ayesha Zafar,Nahida Khan,Jahanara Alam,0,0,,,,,,,,,
1073408,2016/17,2017-02-08,P Sara Oval,1,0.4,Pakistan,Bangladesh,Ayesha Zafar,Nahida Khan,Jahanara Alam,0,0,,,,,,,,,
1073408,2016/17,2017-02-08,P Sara Oval,1,0.5,Pakistan,Bangladesh,Ayesha Zafar,Nahida Khan,Jahanara Alam,0,0,,,,,,,,,
1073408,2016/17,2017-02-08,P Sara Oval,1,0.6,Pakistan,Bangladesh,Ayesha Zafar,Nahida Khan,Jahanara Alam,0,0,,,,,,,,,
1073408,2016/17,2017-02-08,P Sara Oval,1,0.7,Pakistan,Bangladesh,Ayesha Zafar,Nahida Khan,Jahanara Alam,0,0,,,,,,,,,
1073408,2016/17,2017-02-08,P Sara Oval,1,1.1,Pakistan,Bangladesh,Nahida Khan,Ayesha Zafar,Panna Ghosh,1,0,,,,,,,,,
1073408,2016/17,2017-02-08,P Sara Oval,1,1.2,Pakistan,Bangladesh,Ayesha Zafar,Nahida Khan,Panna Ghosh,0,0,,,,,,,,,
1073408,2016/17,2017-02-08,P Sara Oval,1,1.3,Pakistan,Bangladesh,Ayesha Zafar,Nahida Khan,Panna Ghosh,0,0,,,,,,,,,
1073408,2016/17,2017-02-08,P Sara Oval,1,1.4,Pakistan,Bangladesh,Ayesha Zafar,Nahida Khan,Panna Ghosh,4,0,,,,,,,,,
1073408,2016/17,2017-02-08,P Sara Oval,1,1.5,Pakistan,Bangladesh,Ayesha Zafar,Nahida Khan,Panna Ghosh,0,0,,,,,,,,,
1073408,2016/17,2017-02-08,P Sara Oval,1,1.6,Pakistan,Bangladesh,Ayesha Zafar,Nahida Khan,Panna Ghosh,0,0,,,,,,,,,
1073408,2016/17,2017-02-08,P Sara Oval,1,2.1,Pakistan,Bangladesh,Nahida Khan,Ayesha Zafar,Jahanara Alam,0,1,1,,,,,,,,
1073408,2016/17,2017-02-08,P Sara Oval,1,2.2,Pakistan,Bangladesh,Nahida Khan,Ayesha Zafar,Jahanara Alam,0,0,,,,,,,,,
1073408,2016/17,2017-02-08,P Sara Oval,1,2.3,Pakistan,Bangladesh,Nahida Khan,Ayesha Zafar,Jahanara Alam,0,0,,,,,,,,,
1073408,2016/17,2017-02-08,P Sara Oval,1,2.4,Pakistan,Bangladesh,Nahida Khan,Ayesha Zafar,Jahanara Alam,1,0,,,,,,,,,
1073408,2016/17,2017-02-08,P Sara Oval,1,2.5,Pakistan,Bangladesh,Ayesha Zafar,Nahida Khan,Jahanara Alam,0,0,,,,,,,,,
1073408,2016/17,2017-02-08,P Sara Oval,1,2.6,Pakistan,Bangladesh,Ayesha Zafar,Nahida Khan,Jahanara Alam,1,0,,,,,,,,,
1073408,2016/17,2017-02-08,P Sara Oval,1,2.7,Pakistan,Bangladesh,Nahida Khan,Ayesha Zafar,Jahanara Alam,0,0,,,,,,,,,
1073408,2016/17,2017-02-08,P Sara Oval,1,3.1,Pakistan,Bangladesh,Ayesha Zafar,Nahida Khan,Panna Ghosh,0,0,,,,,,,,,
1073408,2016/17,2017-02-08,P Sara Oval,1,3.2,Pakistan,Bangladesh,Ayesha Zafar,Nahida Khan,Panna Ghosh,0,0,,,,,,,,,
1073408,2016/17,2017-02-08,P Sara Oval,1,3.3,Pakistan,Bangladesh,Ayesha Zafar,Nahida Khan,Panna Ghosh,1,0,,,,,,,,,
1073408,2016/17,2017-02-08,P Sara Oval,1,3.4,Pakistan,Bangladesh,Nahida Khan,Ayesha Zafar,Panna Ghosh,0,0,,,,,,,,,
1073408,2016/17,2017-02-08,P Sara Oval,1,3.5,Pakistan,Bangladesh,Nahida Khan,Ayesha Zafar,Panna Ghosh,0,0,,,,,,,,,
1073408,2016/17,2017-02-08,P Sara Oval,1,3.6,Pakistan,Bangladesh,Nahida Khan,Ayesha Zafar,Panna Ghosh,4,0,,,,,,,,,
1073408,2016/17,2017-02-08,P Sara Oval,1,4.1,Pakistan,Bangladesh,Ayesha Zafar,Nahida Khan,Jahanara Alam,0,4,,,,4,,,,,
1073408,2016/17,2017-02-08,P Sara Oval,1,4.2,Pakistan,Bangladesh,Ayesha Zafar,Nahida Khan,Jahanara Alam,0,0,,,,,,,,,
1073408,2016/17,2017-02-08,P Sara Oval,1,4.3,Pakistan,Bangladesh,Ayesha Zafar,Nahida Khan,Jahanara Alam,0,0,,,,,,,,,
1073408,2016/17,2017-02-08,P Sara Oval,1,4.4,Pakistan,Bangladesh,Ayesha Zafar,Nahida Khan,Jahanara Alam,0,0,,,,,,,,,
1073408,2016/17,2017-02-08,P Sara Oval,1,4.5,Pakistan,Bangladesh,Ayesha Zafar,Nahida Khan,Jahanara Alam,1,0,,,,,,,,,
1073408,2016/17,2017-02-08,P Sara Oval,1,4.6,Pakistan,Bangladesh,Nahida Khan,Ayesha Zafar,Jahanara Alam,0,0,,,,,,,,,
1073408,2016/17,2017-02-08,P Sara Oval,1,5.1,Pakistan,Bangladesh,Ayesha Zafar,Nahida Khan,Panna Ghosh,0,0,,,,,,,,,
1073408,2016/17,2017-02-08,P Sara Oval,1,5.2,Pakistan,Bangladesh,Ayesha Zafar,Nahida Khan,Panna Ghosh,0,0,,,,,,,,,
1073408,2016/17,2017-02-08,P Sara Oval,1,5.3,Pakistan,Bangladesh,Ayesha Zafar,Nahida Khan,Panna Ghosh,1,0,,,,,,,,,
1073408,2016/17,2017-02-08,P Sara Oval,1,5.4,Pakistan,Bangladesh,Nahida Khan,Ayesha Zafar,Panna Ghosh,1,0,,,,,,,,,
1073408,2016/17,2017-02-08,P Sara Oval,1,5.5,Pakistan,Bangladesh,Ayesha Zafar,Nahida Khan,Panna Ghosh,1,0,,,,,,,,,
1073408,2016/17,2017-02-08,P Sara Oval,1,5.6,Pakistan,Bangladesh,Nahida Khan,Ayesha Zafar,Panna Ghosh,0,0,,,,,,,,,
1073408,2016/17,2017-02-08,P Sara Oval,1,6.1,Pakistan,Bangladesh,Ayesha Zafar,Nahida Khan,Jahanara Alam,0,0,,,,,,,,,
1073408,2016/17,2017-02-08,P Sara Oval,1,6.2,Pakistan,Bangladesh,Ayesha Zafar,Nahida Khan,Jahanara Alam,0,0,,,,,,,,,
1073408,2016/17,2017-02-08,P Sara Oval,1,6.3,Pakistan,Bangladesh,Ayesha Zafar,Nahida Khan,Jahanara Alam,0,4,,,,4,,,,,
1073408,2016/17,2017-02-08,P Sara Oval,1,6.4,Pakistan,Bangladesh,Ayesha Zafar,Nahida Khan,Jahanara Alam,0,0,,,,,,,,,
1073408,2016/17,2017-02-08,P Sara Oval,1,6.5,Pakistan,Bangladesh,Ayesha Zafar,Nahida Khan,Jahanara Alam,0,2,,,,2,,,,,
1073408,2016/17,2017-02-08,P Sara Oval,1,6.6,Pakistan,Bangladesh,Ayesha Zafar,Nahida Khan,Jahanara Alam,0,0,,,,,,,,,
1073408,2016/17,2017-02-08,P Sara Oval,1,7.1,Pakistan,Bangladesh,Nahida Khan,Ayesha Zafar,Panna Ghosh,0,0,,,,,,,,,
1073408,2016/17,2017-02-08,P Sara Oval,1,7.2,Pakistan,Bangladesh,Nahida Khan,Ayesha Zafar,Panna Ghosh,0,0,,,,,,,,,
1073408,2016/17,2017-02-08,P Sara Oval,1,7.3,Pakistan,Bangladesh,Nahida Khan,Ayesha Zafar,Panna Ghosh,0,0,,,,,,,,,
1073408,2016/17,2017-02-08,P Sara Oval,1,7.4,Pakistan,Bangladesh,Nahida Khan,Ayesha Zafar,Panna Ghosh,1,0,,,,,,,,,
1073408,2016/17,2017-02-08,P Sara Oval,1,7.5,Pakistan,Bangladesh,Ayesha Zafar,Nahida Khan,Panna Ghosh,0,0,,,,,,,,,
1073408,2016/17,2017-02-08,P Sara Oval,1,7.6,Pakistan,Bangladesh,Ayesha Zafar,Nahida Khan,Panna Ghosh,0,0,,,,,,,,,
1073408,2016/17,2017-02-08,P Sara Oval,1,8.1,Pakistan,Bangladesh,Nahida Khan,Ayesha Zafar,Jahanara Alam,0,0,,,,,,,,,
1073408,2016/17,2017-02-08,P Sara Oval,1,8.2,Pakistan,Bangladesh,Nahida Khan,Ayesha Zafar,Jahanara Alam,0,0,,,,,,,,,
1073408,2016/17,2017-02-08,P Sara Oval,1,8.3,Pakistan,Bangladesh,Nahida Khan,Ayesha Zafar,Jahanara Alam,0,1,,,,1,,,,,
1073408,2016/17,2017-02-08,P Sara Oval,1,8.4,Pakistan,Bangladesh,Ayesha Zafar,Nahida Khan,Jahanara Alam,4,0,,,,,,,,,
1073408,2016/17,2017-02-08,P Sara Oval,1,8.5,Pakistan,Bangladesh,Ayesha Zafar,Nahida Khan,Jahanara Alam,4,0,,,,,,,,,
1073408,2016/17,2017-02-08,P Sara Oval,1,8.6,Pakistan,Bangladesh,Ayesha Zafar,Nahida Khan,Jahanara Alam,0,0,,,,,,,,,
1073408,2016/17,2017-02-08,P Sara Oval,1,9.1,Pakistan,Bangladesh,Nahida Khan,Ayesha Zafar,Panna Ghosh,0,0,,,,,,,,,
1073408,2016/17,2017-02-08,P Sara Oval,1,9.2,Pakistan,Bangladesh,Nahida Khan,Ayesha Zafar,Panna Ghosh,0,0,,,,,,,,,
1073408,2016/17,2017-02-08,P Sara Oval,1,9.3,Pakistan,Bangladesh,Nahida Khan,Ayesha Zafar,Panna Ghosh,4,0,,,,,,,,,
1073408,2016/17,2017-02-08,P Sara Oval,1,9.4,Pakistan,Bangladesh,Nahida Khan,Ayesha Zafar,Panna Ghosh,0,0,,,,,,,,,
1073408,2016/17,2017-02-08,P Sara Oval,1,9.5,Pakistan,Bangladesh,Nahida Khan,Ayesha Zafar,Panna Ghosh,0,0,,,,,,,,,
1073408,2016/17,2017-02-08,P Sara Oval,1,9.6,Pakistan,Bangladesh,Nahida Khan,Ayesha Zafar,Panna Ghosh,0,1,1,,,,,,,,
1073408,2016/17,2017-02-08,P Sara Oval,1,9.7,Pakistan,Bangladesh,Nahida Khan,Ayesha Zafar,Panna Ghosh,0,0,,,,,,,,,
1073408,2016/17,2017-02-08,P Sara Oval,1,10.1,Pakistan,Bangladesh,Ayesha Zafar,Nahida Khan,Khadija Tul Kubra,1,0,,,,,,,,,
1073408,2016/17,2017-02-08,P Sara Oval,1,10.2,Pakistan,Bangladesh,Nahida Khan,Ayesha Zafar,Khadija Tul Kubra,0,0,,,,,,,,,
1073408,2016/17,2017-02-08,P Sara Oval,1,10.3,Pakistan,Bangladesh,Nahida Khan,Ayesha Zafar,Khadija Tul Kubra,0,0,,,,,,,,,
1073408,2016/17,2017-02-08,P Sara Oval,1,10.4,Pakistan,Bangladesh,Nahida Khan,Ayesha Zafar,Khadija Tul Kubra,0,0,,,,,,,,,
1073408,2016/17,2017-02-08,P Sara Oval,1,10.5,Pakistan,Bangladesh,Nahida Khan,Ayesha Zafar,Khadija Tul Kubra,4,0,,,,,,,,,
1073408,2016/17,2017-02-08,P Sara Oval,1,10.6,Pakistan,Bangladesh,Nahida Khan,Ayesha Zafar,Khadija Tul Kubra,2,0,,,,,,,,,
1073408,2016/17,2017-02-08,P Sara Oval,1,11.1,Pakistan,Bangladesh,Ayesha Zafar,Nahida Khan,Salma Khatun,0,0,,,,,,,,,
1073408,2016/17,2017-02-08,P Sara Oval,1,11.2,Pakistan,Bangladesh,Ayesha Zafar,Nahida Khan,Salma Khatun,1,0,,,,,,,,,
1073408,2016/17,2017-02-08,P Sara Oval,1,11.3,Pakistan,Bangladesh,Nahida Khan,Ayesha Zafar,Salma Khatun,0,0,,,,,,,,,
1073408,2016/17,2017-02-08,P Sara Oval,1,11.4,Pakistan,Bangladesh,Nahida Khan,Ayesha Zafar,Salma Khatun,2,0,,,,,,,,,
1073408,2016/17,2017-02-08,P Sara Oval,1,11.5,Pakistan,Bangladesh,Nahida Khan,Ayesha Zafar,Salma Khatun,0,0,,,,,,,,,
1073408,2016/17,2017-02-08,P Sara Oval,1,11.6,Pakistan,Bangladesh,Nahida Khan,Ayesha Zafar,Salma Khatun,0,0,,,,,,,,,
1073408,2016/17,2017-02-08,P Sara Oval,1,12.1,Pakistan,Bangladesh,Ayesha Zafar,Nahida Khan,Khadija Tul Kubra,1,0,,,,,,,,,
1073408,2016/17,2017-02-08,P Sara Oval,1,12.2,Pakistan,Bangladesh,Nahida Khan,Ayesha Zafar,Khadija Tul Kubra,0,0,,,,,,,,,
1073408,2016/17,2017-02-08,P Sara Oval,1,12.3,Pakistan,Bangladesh,Nahida Khan,Ayesha Zafar,Khadija Tul Kubra,1,0,,,,,,,,,
1073408,2016/17,2017-02-08,P Sara Oval,1,12.4,Pakistan,Bangladesh,Ayesha Zafar,Nahida Khan,Khadija Tul Kubra,0,0,,,,,,,,,
1073408,2016/17,2017-02-08,P Sara Oval,1,12.5,Pakistan,Bangladesh,Ayesha Zafar,Nahida Khan,Khadija Tul Kubra,1,0,,,,,,,,,
1073408,2016/17,2017-02-08,P Sara Oval,1,12.6,Pakistan,Bangladesh,Nahida Khan,Ayesha Zafar,Khadija Tul Kubra,0,0,,,,,,,,,
1073408,2016/17,2017-02-08,P Sara Oval,1,13.1,Pakistan,Bangladesh,Ayesha Zafar,Nahida Khan,Salma Khatun,0,0,,,,,,,,,
1073408,2016/17,2017-02-08,P Sara Oval,1,13.2,Pakistan,Bangladesh,Ayesha Zafar,Nahida Khan,Salma Khatun,0,0,,,,,,,,,
1073408,2016/17,2017-02-08,P Sara Oval,1,13.3,Pakistan,Bangladesh,Ayesha Zafar,Nahida Khan,Salma Khatun,0,0,,,,,,,,,
1073408,2016/17,2017-02-08,P Sara Oval,1,13.4,Pakistan,Bangladesh,Ayesha Zafar,Nahida Khan,Salma Khatun,0,0,,,,,,,,,
1073408,2016/17,2017-02-08,P Sara Oval,1,13.5,Pakistan,Bangladesh,Ayesha Zafar,Nahida Khan,Salma Khatun,2,0,,,,,,,,,
1073408,2016/17,2017-02-08,P Sara Oval,1,13.6,Pakistan,Bangladesh,Ayesha Zafar,Nahida Khan,Salma Khatun,1,0,,,,,,,,,
1073408,2016/17,2017-02-08,P Sara Oval,1,14.1,Pakistan,Bangladesh,Ayesha Zafar,Nahida Khan,Khadija Tul Kubra,2,0,,,,,,,,,
1073408,2016/17,2017-02-08,P Sara Oval,1,14.2,Pakistan,Bangladesh,Ayesha Zafar,Nahida Khan,Khadija Tul Kubra,0,0,,,,,,,,,
1073408,2016/17,2017-02-08,P Sara Oval,1,14.3,Pakistan,Bangladesh,Ayesha Zafar,Nahida Khan,Khadija Tul Kubra,0,0,,,,,,,,,
1073408,2016/17,2017-02-08,P Sara Oval,1,14.4,Pakistan,Bangladesh,Ayesha Zafar,Nahida Khan,Khadija Tul Kubra,0,0,,,,,,,,,
1073408,2016/17,2017-02-08,P Sara Oval,1,14.5,Pakistan,Bangladesh,Ayesha Zafar,Nahida Khan,Khadija Tul Kubra,4,0,,,,,,,,,
1073408,2016/17,2017-02-08,P Sara Oval,1,14.6,Pakistan,Bangladesh,Ayesha Zafar,Nahida Khan,Khadija Tul Kubra,0,0,,,,,,,,,
1073408,2016/17,2017-02-08,P Sara Oval,1,15.1,Pakistan,Bangladesh,Nahida Khan,Ayesha Zafar,Salma Khatun,0,0,,,,,,,,,
1073408,2016/17,2017-02-08,P Sara Oval,1,15.2,Pakistan,Bangladesh,Nahida Khan,Ayesha Zafar,Salma Khatun,1,0,,,,,,,,,
1073408,2016/17,2017-02-08,P Sara Oval,1,15.3,Pakistan,Bangladesh,Ayesha Zafar,Nahida Khan,Salma Khatun,0,0,,,,,,,,,
1073408,2016/17,2017-02-08,P Sara Oval,1,15.4,Pakistan,Bangladesh,Ayesha Zafar,Nahida Khan,Salma Khatun,0,0,,,,,,,,,
1073408,2016/17,2017-02-08,P Sara Oval,1,15.5,Pakistan,Bangladesh,Ayesha Zafar,Nahida Khan,Salma Khatun,0,0,,,,,,,,,
1073408,2016/17,2017-02-08,P Sara Oval,1,15.6,Pakistan,Bangladesh,Ayesha Zafar,Nahida Khan,Salma Khatun,1,0,,,,,,,,,
1073408,2016/17,2017-02-08,P Sara Oval,1,16.1,Pakistan,Bangladesh,Ayesha Zafar,Nahida Khan,Khadija Tul Kubra,0,0,,,,,,,,,
1073408,2016/17,2017-02-08,P Sara Oval,1,16.2,Pakistan,Bangladesh,Ayesha Zafar,Nahida Khan,Khadija Tul Kubra,0,0,,,,,,,,,
1073408,2016/17,2017-02-08,P Sara Oval,1,16.3,Pakistan,Bangladesh,Ayesha Zafar,Nahida Khan,Khadija Tul Kubra,1,0,,,,,,,,,
1073408,2016/17,2017-02-08,P Sara Oval,1,16.4,Pakistan,Bangladesh,Nahida Khan,Ayesha Zafar,Khadija Tul Kubra,0,0,,,,,,,,,
1073408,2016/17,2017-02-08,P Sara Oval,1,16.5,Pakistan,Bangladesh,Nahida Khan,Ayesha Zafar,Khadija Tul Kubra,0,0,,,,,,,,,
1073408,2016/17,2017-02-08,P Sara Oval,1,16.6,Pakistan,Bangladesh,Nahida Khan,Ayesha Zafar,Khadija Tul Kubra,0,0,,,,,,,,,
1073408,2016/17,2017-02-08,P Sara Oval,1,17.1,Pakistan,Bangladesh,Ayesha Zafar,Nahida Khan,Salma Khatun,0,0,,,,,,,,,
1073408,2016/17,2017-02-08,P Sara Oval,1,17.2,Pakistan,Bangladesh,Ayesha Zafar,Nahida Khan,Salma Khatun,0,0,,,,,,,,,
1073408,2016/17,2017-02-08,P Sara Oval,1,17.3,Pakistan,Bangladesh,Ayesha Zafar,Nahida Khan,Salma Khatun,1,0,,,,,,,,,
1073408,2016/17,2017-02-08,P Sara Oval,1,17.4,Pakistan,Bangladesh,Nahida Khan,Ayesha Zafar,Salma Khatun,2,0,,,,,,,,,
1073408,2016/17,2017-02-08,P Sara Oval,1,17.5,Pakistan,Bangladesh,Nahida Khan,Ayesha Zafar,Salma Khatun,0,0,,,,,,,,,
1073408,2016/17,2017-02-08,P Sara Oval,1,17.6,Pakistan,Bangladesh,Nahida Khan,Ayesha Zafar,Salma Khatun,0,0,,,,,,,,,
1073408,2016/17,2017-02-08,P Sara Oval,1,18.1,Pakistan,Bangladesh,Ayesha Zafar,Nahida Khan,Khadija Tul Kubra,0,0,,,,,,,,,
1073408,2016/17,2017-02-08,P Sara Oval,1,18.2,Pakistan,Bangladesh,Ayesha Zafar,Nahida Khan,Khadija Tul Kubra,1,0,,,,,,,,,
1073408,2016/17,2017-02-08,P Sara Oval,1,18.3,Pakistan,Bangladesh,Nahida Khan,Ayesha Zafar,Khadija Tul Kubra,0,0,,,,,,,,,
1073408,2016/17,2017-02-08,P Sara Oval,1,18.4,Pakistan,Bangladesh,Nahida Khan,Ayesha Zafar,Khadija Tul Kubra,4,0,,,,,,,,,
1073408,2016/17,2017-02-08,P Sara Oval,1,18.5,Pakistan,Bangladesh,Nahida Khan,Ayesha Zafar,Khadija Tul Kubra,0,0,,,,,,lbw,Nahida Khan,,
1073408,2016/17,2017-02-08,P Sara Oval,1,18.6,Pakistan,Bangladesh,Javeria Khan,Ayesha Zafar,Khadija Tul Kubra,0,0,,,,,,,,,
1073408,2016/17,2017-02-08,P Sara Oval,1,19.1,Pakistan,Bangladesh,Ayesha Zafar,Javeria Khan,Rumana Ahmed,0,0,,,,,,,,,
1073408,2016/17,2017-02-08,P Sara Oval,1,19.2,Pakistan,Bangladesh,Ayesha Zafar,Javeria Khan,Rumana Ahmed,0,0,,,,,,caught,Ayesha Zafar,,
1073408,2016/17,2017-02-08,P Sara Oval,1,19.3,Pakistan,Bangladesh,Bismah Maroof,Javeria Khan,Rumana Ahmed,0,0,,,,,,,,,
1073408,2016/17,2017-02-08,P Sara Oval,1,19.4,Pakistan,Bangladesh,Bismah Maroof,Javeria Khan,Rumana Ahmed,0,0,,,,,,,,,
1073408,2016/17,2017-02-08,P Sara Oval,1,19.5,Pakistan,Bangladesh,Bismah Maroof,Javeria Khan,Rumana Ahmed,0,0,,,,,,,,,
1073408,2016/17,2017-02-08,P Sara Oval,1,19.6,Pakistan,Bangladesh,Bismah Maroof,Javeria Khan,Rumana Ahmed,0,0,,,,,,,,,
1073408,2016/17,2017-02-08,P Sara Oval,1,20.1,Pakistan,Bangladesh,Javeria Khan,Bismah Maroof,Khadija Tul Kubra,1,0,,,,,,,,,
1073408,2016/17,2017-02-08,P Sara Oval,1,20.2,Pakistan,Bangladesh,Bismah Maroof,Javeria Khan,Khadija Tul Kubra,1,0,,,,,,,,,
1073408,2016/17,2017-02-08,P Sara Oval,1,20.3,Pakistan,Bangladesh,Javeria Khan,Bismah Maroof,Khadija Tul Kubra,0,0,,,,,,,,,
1073408,2016/17,2017-02-08,P Sara Oval,1,20.4,Pakistan,Bangladesh,Javeria Khan,Bismah Maroof,Khadija Tul Kubra,0,0,,,,,,,,,
1073408,2016/17,2017-02-08,P Sara Oval,1,20.5,Pakistan,Bangladesh,Javeria Khan,Bismah Maroof,Khadija Tul Kubra,0,0,,,,,,lbw,Javeria Khan,,
1073408,2016/17,2017-02-08,P Sara Oval,1,20.6,Pakistan,Bangladesh,Nain Abidi,Bismah Maroof,Khadija Tul Kubra,0,0,,,,,,,,,
1073408,2016/17,2017-02-08,P Sara Oval,1,21.1,Pakistan,Bangladesh,Bismah Maroof,Nain Abidi,Rumana Ahmed,0,0,,,,,,,,,
1073408,2016/17,2017-02-08,P Sara Oval,1,21.2,Pakistan,Bangladesh,Bismah Maroof,Nain Abidi,Rumana Ahmed,0,0,,,,,,,,,
1073408,2016/17,2017-02-08,P Sara Oval,1,21.3,Pakistan,Bangladesh,Bismah Maroof,Nain Abidi,Rumana Ahmed,0,0,,,,,,,,,
1073408,2016/17,2017-02-08,P Sara Oval,1,21.4,Pakistan,Bangladesh,Bismah Maroof,Nain Abidi,Rumana Ahmed,0,0,,,,,,,,,
1073408,2016/17,2017-02-08,P Sara Oval,1,21.5,Pakistan,Bangladesh,Bismah Maroof,Nain Abidi,Rumana Ahmed,1,0,,,,,,,,,
1073408,2016/17,2017-02-08,P Sara Oval,1,21.6,Pakistan,Bangladesh,Nain Abidi,Bismah Maroof,Rumana Ahmed,0,0,,,,,,,,,
1073408,2016/17,2017-02-08,P Sara Oval,1,22.1,Pakistan,Bangladesh,Bismah Maroof,Nain Abidi,Khadija Tul Kubra,0,0,,,,,,,,,
1073408,2016/17,2017-02-08,P Sara Oval,1,22.2,Pakistan,Bangladesh,Bismah Maroof,Nain Abidi,Khadija Tul Kubra,0,0,,,,,,,,,
1073408,2016/17,2017-02-08,P Sara Oval,1,22.3,Pakistan,Bangladesh,Bismah Maroof,Nain Abidi,Khadija Tul Kubra,0,0,,,,,,,,,
1073408,2016/17,2017-02-08,P Sara Oval,1,22.4,Pakistan,Bangladesh,Bismah Maroof,Nain Abidi,Khadija Tul Kubra,0,0,,,,,,,,,
1073408,2016/17,2017-02-08,P Sara Oval,1,22.5,Pakistan,Bangladesh,Bismah Maroof,Nain Abidi,Khadija Tul Kubra,0,0,,,,,,,,,
1073408,2016/17,2017-02-08,P Sara Oval,1,22.6,Pakistan,Bangladesh,Bismah Maroof,Nain Abidi,Khadija Tul Kubra,0,0,,,,,,,,,
1073408,2016/17,2017-02-08,P Sara Oval,1,23.1,Pakistan,Bangladesh,Nain Abidi,Bismah Maroof,Rumana Ahmed,0,0,,,,,,,,,
1073408,2016/17,2017-02-08,P Sara Oval,1,23.2,Pakistan,Bangladesh,Nain Abidi,Bismah Maroof,Rumana Ahmed,0,0,,,,,,,,,
1073408,2016/17,2017-02-08,P Sara Oval,1,23.3,Pakistan,Bangladesh,Nain Abidi,Bismah Maroof,Rumana Ahmed,0,0,,,,,,,,,
1073408,2016/17,2017-02-08,P Sara Oval,1,23.4,Pakistan,Bangladesh,Nain Abidi,Bismah Maroof,Rumana Ahmed,1,0,,,,,,,,,
1073408,2016/17,2017-02-08,P Sara Oval,1,23.5,Pakistan,Bangladesh,Bismah Maroof,Nain Abidi,Rumana Ahmed,1,0,,,,,,,,,
1073408,2016/17,2017-02-08,P Sara Oval,1,23.6,Pakistan,Bangladesh,Nain Abidi,Bismah Maroof,Rumana Ahmed,4,0,,,,,,,,,
1073408,2016/17,2017-02-08,P Sara Oval,1,24.1,Pakistan,Bangladesh,Bismah Maroof,Nain Abidi,Salma Khatun,4,0,,,,,,,,,
1073408,2016/17,2017-02-08,P Sara Oval,1,24.2,Pakistan,Bangladesh,Bismah Maroof,Nain Abidi,Salma Khatun,1,0,,,,,,,,,
1073408,2016/17,2017-02-08,P Sara Oval,1,24.3,Pakistan,Bangladesh,Nain Abidi,Bismah Maroof,Salma Khatun,0,0,,,,,,,,,
1073408,2016/17,2017-02-08,P Sara Oval,1,24.4,Pakistan,Bangladesh,Nain Abidi,Bismah Maroof,Salma Khatun,0,0,,,,,,,,,
1073408,2016/17,2017-02-08,P Sara Oval,1,24.5,Pakistan,Bangladesh,Nain Abidi,Bismah Maroof,Salma Khatun,0,0,,,,,,,,,
1073408,2016/17,2017-02-08,P Sara Oval,1,24.6,Pakistan,Bangladesh,Nain Abidi,Bismah Maroof,Salma Khatun,1,0,,,,,,,,,
1073408,2016/17,2017-02-08,P Sara Oval,1,25.1,Pakistan,Bangladesh,Nain Abidi,Bismah Maroof,Rumana Ahmed,0,0,,,,,,,,,
1073408,2016/17,2017-02-08,P Sara Oval,1,25.2,Pakistan,Bangladesh,Nain Abidi,Bismah Maroof,Rumana Ahmed,0,5,5,,,,,,,,
1073408,2016/17,2017-02-08,P Sara Oval,1,25.3,Pakistan,Bangladesh,Nain Abidi,Bismah Maroof,Rumana Ahmed,0,0,,,,,,,,,
1073408,2016/17,2017-02-08,P Sara Oval,1,25.4,Pakistan,Bangladesh,Nain Abidi,Bismah Maroof,Rumana Ahmed,0,0,,,,,,,,,
1073408,2016/17,2017-02-08,P Sara Oval,1,25.5,Pakistan,Bangladesh,Nain Abidi,Bismah Maroof,Rumana Ahmed,0,0,,,,,,,,,
1073408,2016/17,2017-02-08,P Sara Oval,1,25.6,Pakistan,Bangladesh,Nain Abidi,Bismah Maroof,Rumana Ahmed,0,0,,,,,,,,,
1073408,2016/17,2017-02-08,P Sara Oval,1,25.7,Pakistan,Bangladesh,Nain Abidi,Bismah Maroof,Rumana Ahmed,0,0,,,,,,,,,
1073408,2016/17,2017-02-08,P Sara Oval,1,26.1,Pakistan,Bangladesh,Bismah Maroof,Nain Abidi,Salma Khatun,4,0,,,,,,,,,
1073408,2016/17,2017-02-08,P Sara Oval,1,26.2,Pakistan,Bangladesh,Bismah Maroof,Nain Abidi,Salma Khatun,0,0,,,,,,,,,
1073408,2016/17,2017-02-08,P Sara Oval,1,26.3,Pakistan,Bangladesh,Bismah Maroof,Nain Abidi,Salma Khatun,1,0,,,,,,,,,
1073408,2016/17,2017-02-08,P Sara Oval,1,26.4,Pakistan,Bangladesh,Nain Abidi,Bismah Maroof,Salma Khatun,0,0,,,,,,,,,
1073408,2016/17,2017-02-08,P Sara Oval,1,26.5,Pakistan,Bangladesh,Nain Abidi,Bismah Maroof,Salma Khatun,1,0,,,,,,,,,
1073408,2016/17,2017-02-08,P Sara Oval,1,26.6,Pakistan,Bangladesh,Bismah Maroof,Nain Abidi,Salma Khatun,0,0,,,,,,,,,
1073408,2016/17,2017-02-08,P Sara Oval,1,27.1,Pakistan,Bangladesh,Nain Abidi,Bismah Maroof,Rumana Ahmed,0,0,,,,,,,,,
1073408,2016/17,2017-02-08,P Sara Oval,1,27.2,Pakistan,Bangladesh,Nain Abidi,Bismah Maroof,Rumana Ahmed,0,0,,,,,,,,,
1073408,2016/17,2017-02-08,P Sara Oval,1,27.3,Pakistan,Bangladesh,Nain Abidi,Bismah Maroof,Rumana Ahmed,1,0,,,,,,,,,
1073408,2016/17,2017-02-08,P Sara Oval,1,27.4,Pakistan,Bangladesh,Bismah Maroof,Nain Abidi,Rumana Ahmed,2,0,,,,,,,,,
1073408,2016/17,2017-02-08,P Sara Oval,1,27.5,Pakistan,Bangladesh,Bismah Maroof,Nain Abidi,Rumana Ahmed,0,0,,,,,,,,,
1073408,2016/17,2017-02-08,P Sara Oval,1,27.6,Pakistan,Bangladesh,Bismah Maroof,Nain Abidi,Rumana Ahmed,0,0,,,,,,,,,
1073408,2016/17,2017-02-08,P Sara Oval,1,28.1,Pakistan,Bangladesh,Nain Abidi,Bismah Maroof,Shaila Sharmin,4,0,,,,,,,,,
1073408,2016/17,2017-02-08,P Sara Oval,1,28.2,Pakistan,Bangladesh,Nain Abidi,Bismah Maroof,Shaila Sharmin,0,0,,,,,,,,,
1073408,2016/17,2017-02-08,P Sara Oval,1,28.3,Pakistan,Bangladesh,Nain Abidi,Bismah Maroof,Shaila Sharmin,1,0,,,,,,,,,
1073408,2016/17,2017-02-08,P Sara Oval,1,28.4,Pakistan,Bangladesh,Bismah Maroof,Nain Abidi,Shaila Sharmin,0,1,1,,,,,,,,
1073408,2016/17,2017-02-08,P Sara Oval,1,28.5,Pakistan,Bangladesh,Bismah Maroof,Nain Abidi,Shaila Sharmin,1,0,,,,,,,,,
1073408,2016/17,2017-02-08,P Sara Oval,1,28.6,Pakistan,Bangladesh,Nain Abidi,Bismah Maroof,Shaila Sharmin,0,0,,,,,,,,,
1073408,2016/17,2017-02-08,P Sara Oval,1,28.7,Pakistan,Bangladesh,Nain Abidi,Bismah Maroof,Shaila Sharmin,0,0,,,,,,,,,
1073408,2016/17,2017-02-08,P Sara Oval,1,29.1,Pakistan,Bangladesh,Bismah Maroof,Nain Abidi,Rumana Ahmed,0,0,,,,,,,,,
1073408,2016/17,2017-02-08,P Sara Oval,1,29.2,Pakistan,Bangladesh,Bismah Maroof,Nain Abidi,Rumana Ahmed,1,0,,,,,,,,,
1073408,2016/17,2017-02-08,P Sara Oval,1,29.3,Pakistan,Bangladesh,Nain Abidi,Bismah Maroof,Rumana Ahmed,0,0,,,,,,,,,
1073408,2016/17,2017-02-08,P Sara Oval,1,29.4,Pakistan,Bangladesh,Nain Abidi,Bismah Maroof,Rumana Ahmed,0,0,,,,,,,,,
1073408,2016/17,2017-02-08,P Sara Oval,1,29.5,Pakistan,Bangladesh,Nain Abidi,Bismah Maroof,Rumana Ahmed,0,0,,,,,,,,,
1073408,2016/17,2017-02-08,P Sara Oval,1,29.6,Pakistan,Bangladesh,Nain Abidi,Bismah Maroof,Rumana Ahmed,1,0,,,,,,,,,
1073408,2016/17,2017-02-08,P Sara Oval,1,30.1,Pakistan,Bangladesh,Nain Abidi,Bismah Maroof,Shaila Sharmin,0,0,,,,,,,,,
1073408,2016/17,2017-02-08,P Sara Oval,1,30.2,Pakistan,Bangladesh,Nain Abidi,Bismah Maroof,Shaila Sharmin,0,0,,,,,,,,,
1073408,2016/17,2017-02-08,P Sara Oval,1,30.3,Pakistan,Bangladesh,Nain Abidi,Bismah Maroof,Shaila Sharmin,1,0,,,,,,,,,
1073408,2016/17,2017-02-08,P Sara Oval,1,30.4,Pakistan,Bangladesh,Bismah Maroof,Nain Abidi,Shaila Sharmin,0,1,1,,,,,,,,
1073408,2016/17,2017-02-08,P Sara Oval,1,30.5,Pakistan,Bangladesh,Bismah Maroof,Nain Abidi,Shaila Sharmin,2,0,,,,,,,,,
1073408,2016/17,2017-02-08,P Sara Oval,1,30.6,Pakistan,Bangladesh,Bismah Maroof,Nain Abidi,Shaila Sharmin,1,0,,,,,,,,,
1073408,2016/17,2017-02-08,P Sara Oval,1,30.7,Pakistan,Bangladesh,Nain Abidi,Bismah Maroof,Shaila Sharmin,1,0,,,,,,,,,
1073408,2016/17,2017-02-08,P Sara Oval,1,31.1,Pakistan,Bangladesh,Nain Abidi,Bismah Maroof,Sanjida Islam,0,1,1,,,,,,,,
1073408,2016/17,2017-02-08,P Sara Oval,1,31.2,Pakistan,Bangladesh,Nain Abidi,Bismah Maroof,Sanjida Islam,0,0,,,,,,,,,
1073408,2016/17,2017-02-08,P Sara Oval,1,31.3,Pakistan,Bangladesh,Nain Abidi,Bismah Maroof,Sanjida Islam,4,0,,,,,,,,,
1073408,2016/17,2017-02-08,P Sara Oval,1,31.4,Pakistan,Bangladesh,Nain Abidi,Bismah Maroof,Sanjida Islam,0,0,,,,,,,,,
1073408,2016/17,2017-02-08,P Sara Oval,1,31.5,Pakistan,Bangladesh,Nain Abidi,Bismah Maroof,Sanjida Islam,0,0,,,,,,,,,
1073408,2016/17,2017-02-08,P Sara Oval,1,31.6,Pakistan,Bangladesh,Nain Abidi,Bismah Maroof,Sanjida Islam,1,1,,1,,,,,,,
1073408,2016/17,2017-02-08,P Sara Oval,1,31.7,Pakistan,Bangladesh,Bismah Maroof,Nain Abidi,Sanjida Islam,4,0,,,,,,,,,
1073408,2016/17,2017-02-08,P Sara Oval,1,31.8,Pakistan,Bangladesh,Bismah Maroof,Nain Abidi,Sanjida Islam,1,0,,,,,,,,,
1073408,2016/17,2017-02-08,P Sara Oval,1,32.1,Pakistan,Bangladesh,Bismah Maroof,Nain Abidi,Shaila Sharmin,0,2,2,,,,,,,,
1073408,2016/17,2017-02-08,P Sara Oval,1,32.2,Pakistan,Bangladesh,Nain Abidi,Bismah Maroof,Shaila Sharmin,1,0,,,,,,,,,
1073408,2016/17,2017-02-08,P Sara Oval,1,32.3,Pakistan,Bangladesh,Bismah Maroof,Nain Abidi,Shaila Sharmin,0,0,,,,,,,,,
1073408,2016/17,2017-02-08,P Sara Oval,1,32.4,Pakistan,Bangladesh,Bismah Maroof,Nain Abidi,Shaila Sharmin,1,0,,,,,,,,,
1073408,2016/17,2017-02-08,P Sara Oval,1,32.5,Pakistan,Bangladesh,Nain Abidi,Bismah Maroof,Shaila Sharmin,0,0,,,,,,,,,
1073408,2016/17,2017-02-08,P Sara Oval,1,32.6,Pakistan,Bangladesh,Nain Abidi,Bismah Maroof,Shaila Sharmin,1,0,,,,,,,,,
1073408,2016/17,2017-02-08,P Sara Oval,1,32.7,Pakistan,Bangladesh,Bismah Maroof,Nain Abidi,Shaila Sharmin,0,0,,,,,,,,,
1073408,2016/17,2017-02-08,P Sara Oval,1,33.1,Pakistan,Bangladesh,Nain Abidi,Bismah Maroof,Jahanara Alam,0,0,,,,,,,,,
1073408,2016/17,2017-02-08,P Sara Oval,1,33.2,Pakistan,Bangladesh,Nain Abidi,Bismah Maroof,Jahanara Alam,0,0,,,,,,,,,
1073408,2016/17,2017-02-08,P Sara Oval,1,33.3,Pakistan,Bangladesh,Nain Abidi,Bismah Maroof,Jahanara Alam,0,0,,,,,,,,,
1073408,2016/17,2017-02-08,P Sara Oval,1,33.4,Pakistan,Bangladesh,Nain Abidi,Bismah Maroof,Jahanara Alam,1,0,,,,,,,,,
1073408,2016/17,2017-02-08,P Sara Oval,1,33.5,Pakistan,Bangladesh,Bismah Maroof,Nain Abidi,Jahanara Alam,0,0,,,,,,,,,
1073408,2016/17,2017-02-08,P Sara Oval,1,33.6,Pakistan,Bangladesh,Bismah Maroof,Nain Abidi,Jahanara Alam,1,0,,,,,,,,,
1073408,2016/17,2017-02-08,P Sara Oval,1,34.1,Pakistan,Bangladesh,Bismah Maroof,Nain Abidi,Khadija Tul Kubra,0,0,,,,,,,,,
1073408,2016/17,2017-02-08,P Sara Oval,1,34.2,Pakistan,Bangladesh,Bismah Maroof,Nain Abidi,Khadija Tul Kubra,0,0,,,,,,,,,
1073408,2016/17,2017-02-08,P Sara Oval,1,34.3,Pakistan,Bangladesh,Bismah Maroof,Nain Abidi,Khadija Tul Kubra,1,0,,,,,,,,,
1073408,2016/17,2017-02-08,P Sara Oval,1,34.4,Pakistan,Bangladesh,Nain Abidi,Bismah Maroof,Khadija Tul Kubra,1,0,,,,,,,,,
1073408,2016/17,2017-02-08,P Sara Oval,1,34.5,Pakistan,Bangladesh,Bismah Maroof,Nain Abidi,Khadija Tul Kubra,0,0,,,,,,,,,
1073408,2016/17,2017-02-08,P Sara Oval,1,34.6,Pakistan,Bangladesh,Bismah Maroof,Nain Abidi,Khadija Tul Kubra,4,0,,,,,,,,,
1073408,2016/17,2017-02-08,P Sara Oval,1,35.1,Pakistan,Bangladesh,Nain Abidi,Bismah Maroof,Jahanara Alam,0,0,,,,,,,,,
1073408,2016/17,2017-02-08,P Sara Oval,1,35.2,Pakistan,Bangladesh,Nain Abidi,Bismah Maroof,Jahanara Alam,2,0,,,,,,,,,
1073408,2016/17,2017-02-08,P Sara Oval,1,35.3,Pakistan,Bangladesh,Nain Abidi,Bismah Maroof,Jahanara Alam,0,0,,,,,,run out,Nain Abidi,,
1073408,2016/17,2017-02-08,P Sara Oval,1,35.4,Pakistan,Bangladesh,Rabiya Shah,Bismah Maroof,Jahanara Alam,0,0,,,,,,,,,
1073408,2016/17,2017-02-08,P Sara Oval,1,35.5,Pakistan,Bangladesh,Rabiya Shah,Bismah Maroof,Jahanara Alam,4,0,,,,,,,,,
1073408,2016/17,2017-02-08,P Sara Oval,1,35.6,Pakistan,Bangladesh,Rabiya Shah,Bismah Maroof,Jahanara Alam,0,0,,,,,,,,,
1073408,2016/17,2017-02-08,P Sara Oval,1,36.1,Pakistan,Bangladesh,Bismah Maroof,Rabiya Shah,Khadija Tul Kubra,0,0,,,,,,,,,
1073408,2016/17,2017-02-08,P Sara Oval,1,36.2,Pakistan,Bangladesh,Bismah Maroof,Rabiya Shah,Khadija Tul Kubra,1,0,,,,,,,,,
1073408,2016/17,2017-02-08,P Sara Oval,1,36.3,Pakistan,Bangladesh,Rabiya Shah,Bismah Maroof,Khadija Tul Kubra,0,0,,,,,,,,,
1073408,2016/17,2017-02-08,P Sara Oval,1,36.4,Pakistan,Bangladesh,Rabiya Shah,Bismah Maroof,Khadija Tul Kubra,2,0,,,,,,,,,
1073408,2016/17,2017-02-08,P Sara Oval,1,36.5,Pakistan,Bangladesh,Rabiya Shah,Bismah Maroof,Khadija Tul Kubra,4,0,,,,,,,,,
1073408,2016/17,2017-02-08,P Sara Oval,1,36.6,Pakistan,Bangladesh,Rabiya Shah,Bismah Maroof,Khadija Tul Kubra,0,0,,,,,,,,,
1073408,2016/17,2017-02-08,P Sara Oval,1,37.1,Pakistan,Bangladesh,Bismah Maroof,Rabiya Shah,Jahanara Alam,0,0,,,,,,,,,
1073408,2016/17,2017-02-08,P Sara Oval,1,37.2,Pakistan,Bangladesh,Bismah Maroof,Rabiya Shah,Jahanara Alam,0,0,,,,,,,,,
1073408,2016/17,2017-02-08,P Sara Oval,1,37.3,Pakistan,Bangladesh,Bismah Maroof,Rabiya Shah,Jahanara Alam,0,0,,,,,,,,,
1073408,2016/17,2017-02-08,P Sara Oval,1,37.4,Pakistan,Bangladesh,Bismah Maroof,Rabiya Shah,Jahanara Alam,0,0,,,,,,,,,
1073408,2016/17,2017-02-08,P Sara Oval,1,37.5,Pakistan,Bangladesh,Bismah Maroof,Rabiya Shah,Jahanara Alam,1,0,,,,,,,,,
1073408,2016/17,2017-02-08,P Sara Oval,1,37.6,Pakistan,Bangladesh,Rabiya Shah,Bismah Maroof,Jahanara Alam,1,0,,,,,,,,,
1073408,2016/17,2017-02-08,P Sara Oval,1,38.1,Pakistan,Bangladesh,Rabiya Shah,Bismah Maroof,Rumana Ahmed,1,0,,,,,,,,,
1073408,2016/17,2017-02-08,P Sara Oval,1,38.2,Pakistan,Bangladesh,Bismah Maroof,Rabiya Shah,Rumana Ahmed,1,0,,,,,,,,,
1073408,2016/17,2017-02-08,P Sara Oval,1,38.3,Pakistan,Bangladesh,Rabiya Shah,Bismah Maroof,Rumana Ahmed,0,0,,,,,,,,,
1073408,2016/17,2017-02-08,P Sara Oval,1,38.4,Pakistan,Bangladesh,Rabiya Shah,Bismah Maroof,Rumana Ahmed,1,0,,,,,,,,,
1073408,2016/17,2017-02-08,P Sara Oval,1,38.5,Pakistan,Bangladesh,Bismah Maroof,Rabiya Shah,Rumana Ahmed,0,0,,,,,,caught,Bismah Maroof,,
1073408,2016/17,2017-02-08,P Sara Oval,1,38.6,Pakistan,Bangladesh,Aliya Riaz,Rabiya Shah,Rumana Ahmed,0,0,,,,,,,,,
1073408,2016/17,2017-02-08,P Sara Oval,1,39.1,Pakistan,Bangladesh,Rabiya Shah,Aliya Riaz,Jahanara Alam,1,0,,,,,,,,,
1073408,2016/17,2017-02-08,P Sara Oval,1,39.2,Pakistan,Bangladesh,Aliya Riaz,Rabiya Shah,Jahanara Alam,0,0,,,,,,,,,
1073408,2016/17,2017-02-08,P Sara Oval,1,39.3,Pakistan,Bangladesh,Aliya Riaz,Rabiya Shah,Jahanara Alam,0,1,1,,,,,,,,
1073408,2016/17,2017-02-08,P Sara Oval,1,39.4,Pakistan,Bangladesh,Aliya Riaz,Rabiya Shah,Jahanara Alam,0,0,,,,,,,,,
1073408,2016/17,2017-02-08,P Sara Oval,1,39.5,Pakistan,Bangladesh,Aliya Riaz,Rabiya Shah,Jahanara Alam,0,0,,,,,,,,,
1073408,2016/17,2017-02-08,P Sara Oval,1,39.6,Pakistan,Bangladesh,Aliya Riaz,Rabiya Shah,Jahanara Alam,0,0,,,,,,,,,
1073408,2016/17,2017-02-08,P Sara Oval,1,39.7,Pakistan,Bangladesh,Aliya Riaz,Rabiya Shah,Jahanara Alam,0,0,,,,,,,,,
1073408,2016/17,2017-02-08,P Sara Oval,1,40.1,Pakistan,Bangladesh,Rabiya Shah,Aliya Riaz,Rumana Ahmed,1,0,,,,,,,,,
1073408,2016/17,2017-02-08,P Sara Oval,1,40.2,Pakistan,Bangladesh,Aliya Riaz,Rabiya Shah,Rumana Ahmed,1,0,,,,,,,,,
1073408,2016/17,2017-02-08,P Sara Oval,1,40.3,Pakistan,Bangladesh,Rabiya Shah,Aliya Riaz,Rumana Ahmed,2,0,,,,,,,,,
1073408,2016/17,2017-02-08,P Sara Oval,1,40.4,Pakistan,Bangladesh,Rabiya Shah,Aliya Riaz,Rumana Ahmed,0,0,,,,,,,,,
1073408,2016/17,2017-02-08,P Sara Oval,1,40.5,Pakistan,Bangladesh,Rabiya Shah,Aliya Riaz,Rumana Ahmed,1,0,,,,,,,,,
1073408,2016/17,2017-02-08,P Sara Oval,1,40.6,Pakistan,Bangladesh,Aliya Riaz,Rabiya Shah,Rumana Ahmed,0,0,,,,,,,,,
1073408,2016/17,2017-02-08,P Sara Oval,1,41.1,Pakistan,Bangladesh,Rabiya Shah,Aliya Riaz,Khadija Tul Kubra,0,0,,,,,,,,,
1073408,2016/17,2017-02-08,P Sara Oval,1,41.2,Pakistan,Bangladesh,Rabiya Shah,Aliya Riaz,Khadija Tul Kubra,4,0,,,,,,,,,
1073408,2016/17,2017-02-08,P Sara Oval,1,41.3,Pakistan,Bangladesh,Rabiya Shah,Aliya Riaz,Khadija Tul Kubra,0,0,,,,,,,,,
1073408,2016/17,2017-02-08,P Sara Oval,1,41.4,Pakistan,Bangladesh,Rabiya Shah,Aliya Riaz,Khadija Tul Kubra,1,0,,,,,,,,,
1073408,2016/17,2017-02-08,P Sara Oval,1,41.5,Pakistan,Bangladesh,Aliya Riaz,Rabiya Shah,Khadija Tul Kubra,1,0,,,,,,,,,
1073408,2016/17,2017-02-08,P Sara Oval,1,41.6,Pakistan,Bangladesh,Rabiya Shah,Aliya Riaz,Khadija Tul Kubra,0,0,,,,,,,,,
1073408,2016/17,2017-02-08,P Sara Oval,1,42.1,Pakistan,Bangladesh,Aliya Riaz,Rabiya Shah,Rumana Ahmed,0,0,,,,,,,,,
1073408,2016/17,2017-02-08,P Sara Oval,1,42.2,Pakistan,Bangladesh,Aliya Riaz,Rabiya Shah,Rumana Ahmed,4,0,,,,,,,,,
1073408,2016/17,2017-02-08,P Sara Oval,1,42.3,Pakistan,Bangladesh,Aliya Riaz,Rabiya Shah,Rumana Ahmed,4,0,,,,,,,,,
1073408,2016/17,2017-02-08,P Sara Oval,1,42.4,Pakistan,Bangladesh,Aliya Riaz,Rabiya Shah,Rumana Ahmed,0,0,,,,,,,,,
1073408,2016/17,2017-02-08,P Sara Oval,1,42.5,Pakistan,Bangladesh,Aliya Riaz,Rabiya Shah,Rumana Ahmed,1,0,,,,,,,,,
1073408,2016/17,2017-02-08,P Sara Oval,1,42.6,Pakistan,Bangladesh,Rabiya Shah,Aliya Riaz,Rumana Ahmed,1,0,,,,,,,,,
1073408,2016/17,2017-02-08,P Sara Oval,1,43.1,Pakistan,Bangladesh,Rabiya Shah,Aliya Riaz,Panna Ghosh,4,0,,,,,,,,,
1073408,2016/17,2017-02-08,P Sara Oval,1,43.2,Pakistan,Bangladesh,Rabiya Shah,Aliya Riaz,Panna Ghosh,1,0,,,,,,,,,
1073408,2016/17,2017-02-08,P Sara Oval,1,43.3,Pakistan,Bangladesh,Aliya Riaz,Rabiya Shah,Panna Ghosh,1,0,,,,,,,,,
1073408,2016/17,2017-02-08,P Sara Oval,1,43.4,Pakistan,Bangladesh,Rabiya Shah,Aliya Riaz,Panna Ghosh,1,0,,,,,,,,,
1073408,2016/17,2017-02-08,P Sara Oval,1,43.5,Pakistan,Bangladesh,Aliya Riaz,Rabiya Shah,Panna Ghosh,4,0,,,,,,,,,
1073408,2016/17,2017-02-08,P Sara Oval,1,43.6,Pakistan,Bangladesh,Aliya Riaz,Rabiya Shah,Panna Ghosh,0,0,,,,,,,,,
1073408,2016/17,2017-02-08,P Sara Oval,1,44.1,Pakistan,Bangladesh,Rabiya Shah,Aliya Riaz,Salma Khatun,0,0,,,,,,,,,
1073408,2016/17,2017-02-08,P Sara Oval,1,44.2,Pakistan,Bangladesh,Rabiya Shah,Aliya Riaz,Salma Khatun,1,0,,,,,,,,,
1073408,2016/17,2017-02-08,P Sara Oval,1,44.3,Pakistan,Bangladesh,Aliya Riaz,Rabiya Shah,Salma Khatun,0,0,,,,,,,,,
1073408,2016/17,2017-02-08,P Sara Oval,1,44.4,Pakistan,Bangladesh,Aliya Riaz,Rabiya Shah,Salma Khatun,0,0,,,,,,,,,
1073408,2016/17,2017-02-08,P Sara Oval,1,44.5,Pakistan,Bangladesh,Aliya Riaz,Rabiya Shah,Salma Khatun,1,0,,,,,,,,,
1073408,2016/17,2017-02-08,P Sara Oval,1,44.6,Pakistan,Bangladesh,Rabiya Shah,Aliya Riaz,Salma Khatun,1,0,,,,,,,,,
1073408,2016/17,2017-02-08,P Sara Oval,1,45.1,Pakistan,Bangladesh,Rabiya Shah,Aliya Riaz,Panna Ghosh,1,0,,,,,,,,,
1073408,2016/17,2017-02-08,P Sara Oval,1,45.2,Pakistan,Bangladesh,Aliya Riaz,Rabiya Shah,Panna Ghosh,0,0,,,,,,,,,
1073408,2016/17,2017-02-08,P Sara Oval,1,45.3,Pakistan,Bangladesh,Aliya Riaz,Rabiya Shah,Panna Ghosh,0,0,,,,,,,,,
1073408,2016/17,2017-02-08,P Sara Oval,1,45.4,Pakistan,Bangladesh,Aliya Riaz,Rabiya Shah,Panna Ghosh,0,0,,,,,,,,,
1073408,2016/17,2017-02-08,P Sara Oval,1,45.5,Pakistan,Bangladesh,Aliya Riaz,Rabiya Shah,Panna Ghosh,4,0,,,,,,,,,
1073408,2016/17,2017-02-08,P Sara Oval,1,45.6,Pakistan,Bangladesh,Aliya Riaz,Rabiya Shah,Panna Ghosh,0,0,,,,,,,,,
1073408,2016/17,2017-02-08,P Sara Oval,1,46.1,Pakistan,Bangladesh,Rabiya Shah,Aliya Riaz,Salma Khatun,0,0,,,,,,,,,
1073408,2016/17,2017-02-08,P Sara Oval,1,46.2,Pakistan,Bangladesh,Rabiya Shah,Aliya Riaz,Salma Khatun,1,0,,,,,,,,,
1073408,2016/17,2017-02-08,P Sara Oval,1,46.3,Pakistan,Bangladesh,Aliya Riaz,Rabiya Shah,Salma Khatun,0,0,,,,,,,,,
1073408,2016/17,2017-02-08,P Sara Oval,1,46.4,Pakistan,Bangladesh,Aliya Riaz,Rabiya Shah,Salma Khatun,4,0,,,,,,,,,
1073408,2016/17,2017-02-08,P Sara Oval,1,46.5,Pakistan,Bangladesh,Aliya Riaz,Rabiya Shah,Salma Khatun,1,0,,,,,,,,,
1073408,2016/17,2017-02-08,P Sara Oval,1,46.6,Pakistan,Bangladesh,Rabiya Shah,Aliya Riaz,Salma Khatun,0,0,,,,,,,,,
1073408,2016/17,2017-02-08,P Sara Oval,1,47.1,Pakistan,Bangladesh,Aliya Riaz,Rabiya Shah,Rumana Ahmed,1,0,,,,,,,,,
1073408,2016/17,2017-02-08,P Sara Oval,1,47.2,Pakistan,Bangladesh,Rabiya Shah,Aliya Riaz,Rumana Ahmed,0,0,,,,,,caught,Rabiya Shah,,
1073408,2016/17,2017-02-08,P Sara Oval,1,47.3,Pakistan,Bangladesh,Sana Mir,Aliya Riaz,Rumana Ahmed,0,1,1,,,,,,,,
1073408,2016/17,2017-02-08,P Sara Oval,1,47.4,Pakistan,Bangladesh,Sana Mir,Aliya Riaz,Rumana Ahmed,0,0,,,,,,,,,
1073408,2016/17,2017-02-08,P Sara Oval,1,47.5,Pakistan,Bangladesh,Sana Mir,Aliya Riaz,Rumana Ahmed,2,0,,,,,,,,,
1073408,2016/17,2017-02-08,P Sara Oval,1,47.6,Pakistan,Bangladesh,Sana Mir,Aliya Riaz,Rumana Ahmed,0,0,,,,,,,,,
1073408,2016/17,2017-02-08,P Sara Oval,1,47.7,Pakistan,Bangladesh,Sana Mir,Aliya Riaz,Rumana Ahmed,1,0,,,,,,,,,
1073408,2016/17,2017-02-08,P Sara Oval,1,48.1,Pakistan,Bangladesh,Sana Mir,Aliya Riaz,Salma Khatun,0,0,,,,,,,,,
1073408,2016/17,2017-02-08,P Sara Oval,1,48.2,Pakistan,Bangladesh,Sana Mir,Aliya Riaz,Salma Khatun,0,0,,,,,,lbw,Sana Mir,,
1073408,2016/17,2017-02-08,P Sara Oval,1,48.3,Pakistan,Bangladesh,Aiman Anwer,Aliya Riaz,Salma Khatun,1,0,,,,,,,,,
1073408,2016/17,2017-02-08,P Sara Oval,1,48.4,Pakistan,Bangladesh,Aliya Riaz,Aiman Anwer,Salma Khatun,0,0,,,,,,,,,
1073408,2016/17,2017-02-08,P Sara Oval,1,48.5,Pakistan,Bangladesh,Aliya Riaz,Aiman Anwer,Salma Khatun,4,0,,,,,,,,,
1073408,2016/17,2017-02-08,P Sara Oval,1,48.6,Pakistan,Bangladesh,Aliya Riaz,Aiman Anwer,Salma Khatun,0,0,,,,,,bowled,Aliya Riaz,,
1073408,2016/17,2017-02-08,P Sara Oval,1,49.1,Pakistan,Bangladesh,Aiman Anwer,Nashra Sandhu,Jahanara Alam,0,0,,,,,,caught,Aiman Anwer,,
1073408,2016/17,2017-02-08,P Sara Oval,1,49.2,Pakistan,Bangladesh,Ghulam Fatima,Nashra Sandhu,Jahanara Alam,1,0,,,,,,,,,
1073408,2016/17,2017-02-08,P Sara Oval,1,49.3,Pakistan,Bangladesh,Nashra Sandhu,Ghulam Fatima,Jahanara Alam,0,0,,,,,,,,,
1073408,2016/17,2017-02-08,P Sara Oval,1,49.4,Pakistan,Bangladesh,Nashra Sandhu,Ghulam Fatima,Jahanara Alam,0,4,,,4,,,,,,
1073408,2016/17,2017-02-08,P Sara Oval,1,49.5,Pakistan,Bangladesh,Nashra Sandhu,Ghulam Fatima,Jahanara Alam,1,0,,,,,,,,,
1073408,2016/17,2017-02-08,P Sara Oval,1,49.6,Pakistan,Bangladesh,Ghulam Fatima,Nashra Sandhu,Jahanara Alam,0,0,,,,,,run out,Nashra Sandhu,,
1073408,2016/17,2017-02-08,P Sara Oval,2,0.1,Bangladesh,Pakistan,Sharmin Sultana,Sharmin Akhter,Aiman Anwer,1,0,,,,,,,,,
1073408,2016/17,2017-02-08,P Sara Oval,2,0.2,Bangladesh,Pakistan,Sharmin Akhter,Sharmin Sultana,Aiman Anwer,0,0,,,,,,,,,
1073408,2016/17,2017-02-08,P Sara Oval,2,0.3,Bangladesh,Pakistan,Sharmin Akhter,Sharmin Sultana,Aiman Anwer,0,0,,,,,,,,,
1073408,2016/17,2017-02-08,P Sara Oval,2,0.4,Bangladesh,Pakistan,Sharmin Akhter,Sharmin Sultana,Aiman Anwer,0,1,1,,,,,,,,
1073408,2016/17,2017-02-08,P Sara Oval,2,0.5,Bangladesh,Pakistan,Sharmin Akhter,Sharmin Sultana,Aiman Anwer,1,0,,,,,,,,,
1073408,2016/17,2017-02-08,P Sara Oval,2,0.6,Bangladesh,Pakistan,Sharmin Sultana,Sharmin Akhter,Aiman Anwer,2,0,,,,,,,,,
1073408,2016/17,2017-02-08,P Sara Oval,2,0.7,Bangladesh,Pakistan,Sharmin Sultana,Sharmin Akhter,Aiman Anwer,0,0,,,,,,,,,
1073408,2016/17,2017-02-08,P Sara Oval,2,1.1,Bangladesh,Pakistan,Sharmin Akhter,Sharmin Sultana,Nashra Sandhu,0,0,,,,,,,,,
1073408,2016/17,2017-02-08,P Sara Oval,2,1.2,Bangladesh,Pakistan,Sharmin Akhter,Sharmin Sultana,Nashra Sandhu,0,0,,,,,,,,,
1073408,2016/17,2017-02-08,P Sara Oval,2,1.3,Bangladesh,Pakistan,Sharmin Akhter,Sharmin Sultana,Nashra Sandhu,0,0,,,,,,,,,
1073408,2016/17,2017-02-08,P Sara Oval,2,1.4,Bangladesh,Pakistan,Sharmin Akhter,Sharmin Sultana,Nashra Sandhu,4,0,,,,,,,,,
1073408,2016/17,2017-02-08,P Sara Oval,2,1.5,Bangladesh,Pakistan,Sharmin Akhter,Sharmin Sultana,Nashra Sandhu,0,0,,,,,,,,,
1073408,2016/17,2017-02-08,P Sara Oval,2,1.6,Bangladesh,Pakistan,Sharmin Akhter,Sharmin Sultana,Nashra Sandhu,0,0,,,,,,,,,
1073408,2016/17,2017-02-08,P Sara Oval,2,2.1,Bangladesh,Pakistan,Sharmin Sultana,Sharmin Akhter,Aiman Anwer,0,0,,,,,,,,,
1073408,2016/17,2017-02-08,P Sara Oval,2,2.2,Bangladesh,Pakistan,Sharmin Sultana,Sharmin Akhter,Aiman Anwer,4,0,,,,,,,,,
1073408,2016/17,2017-02-08,P Sara Oval,2,2.3,Bangladesh,Pakistan,Sharmin Sultana,Sharmin Akhter,Aiman Anwer,0,0,,,,,,,,,
1073408,2016/17,2017-02-08,P Sara Oval,2,2.4,Bangladesh,Pakistan,Sharmin Sultana,Sharmin Akhter,Aiman Anwer,0,0,,,,,,,,,
1073408,2016/17,2017-02-08,P Sara Oval,2,2.5,Bangladesh,Pakistan,Sharmin Sultana,Sharmin Akhter,Aiman Anwer,0,0,,,,,,,,,
1073408,2016/17,2017-02-08,P Sara Oval,2,2.6,Bangladesh,Pakistan,Sharmin Sultana,Sharmin Akhter,Aiman Anwer,0,1,1,,,,,,,,
1073408,2016/17,2017-02-08,P Sara Oval,2,2.7,Bangladesh,Pakistan,Sharmin Sultana,Sharmin Akhter,Aiman Anwer,0,0,,,,,,,,,
1073408,2016/17,2017-02-08,P Sara Oval,2,3.1,Bangladesh,Pakistan,Sharmin Akhter,Sharmin Sultana,Nashra Sandhu,0,0,,,,,,,,,
1073408,2016/17,2017-02-08,P Sara Oval,2,3.2,Bangladesh,Pakistan,Sharmin Akhter,Sharmin Sultana,Nashra Sandhu,0,0,,,,,,,,,
1073408,2016/17,2017-02-08,P Sara Oval,2,3.3,Bangladesh,Pakistan,Sharmin Akhter,Sharmin Sultana,Nashra Sandhu,1,0,,,,,,,,,
1073408,2016/17,2017-02-08,P Sara Oval,2,3.4,Bangladesh,Pakistan,Sharmin Sultana,Sharmin Akhter,Nashra Sandhu,0,0,,,,,,,,,
1073408,2016/17,2017-02-08,P Sara Oval,2,3.5,Bangladesh,Pakistan,Sharmin Sultana,Sharmin Akhter,Nashra Sandhu,0,0,,,,,,,,,
1073408,2016/17,2017-02-08,P Sara Oval,2,3.6,Bangladesh,Pakistan,Sharmin Sultana,Sharmin Akhter,Nashra Sandhu,1,0,,,,,,,,,
1073408,2016/17,2017-02-08,P Sara Oval,2,4.1,Bangladesh,Pakistan,Sharmin Sultana,Sharmin Akhter,Aiman Anwer,0,0,,,,,,,,,
1073408,2016/17,2017-02-08,P Sara Oval,2,4.2,Bangladesh,Pakistan,Sharmin Sultana,Sharmin Akhter,Aiman Anwer,1,0,,,,,,,,,
1073408,2016/17,2017-02-08,P Sara Oval,2,4.3,Bangladesh,Pakistan,Sharmin Akhter,Sharmin Sultana,Aiman Anwer,0,0,,,,,,,,,
1073408,2016/17,2017-02-08,P Sara Oval,2,4.4,Bangladesh,Pakistan,Sharmin Akhter,Sharmin Sultana,Aiman Anwer,0,0,,,,,,,,,
1073408,2016/17,2017-02-08,P Sara Oval,2,4.5,Bangladesh,Pakistan,Sharmin Akhter,Sharmin Sultana,Aiman Anwer,0,1,1,,,,,,,,
1073408,2016/17,2017-02-08,P Sara Oval,2,4.6,Bangladesh,Pakistan,Sharmin Akhter,Sharmin Sultana,Aiman Anwer,0,0,,,,,,,,,
1073408,2016/17,2017-02-08,P Sara Oval,2,4.7,Bangladesh,Pakistan,Sharmin Akhter,Sharmin Sultana,Aiman Anwer,4,0,,,,,,,,,
1073408,2016/17,2017-02-08,P Sara Oval,2,5.1,Bangladesh,Pakistan,Sharmin Sultana,Sharmin Akhter,Sana Mir,0,0,,,,,,,,,
1073408,2016/17,2017-02-08,P Sara Oval,2,5.2,Bangladesh,Pakistan,Sharmin Sultana,Sharmin Akhter,Sana Mir,0,0,,,,,,,,,
1073408,2016/17,2017-02-08,P Sara Oval,2,5.3,Bangladesh,Pakistan,Sharmin Sultana,Sharmin Akhter,Sana Mir,0,0,,,,,,,,,
1073408,2016/17,2017-02-08,P Sara Oval,2,5.4,Bangladesh,Pakistan,Sharmin Sultana,Sharmin Akhter,Sana Mir,0,0,,,,,,,,,
1073408,2016/17,2017-02-08,P Sara Oval,2,5.5,Bangladesh,Pakistan,Sharmin Sultana,Sharmin Akhter,Sana Mir,0,0,,,,,,,,,
1073408,2016/17,2017-02-08,P Sara Oval,2,5.6,Bangladesh,Pakistan,Sharmin Sultana,Sharmin Akhter,Sana Mir,0,0,,,,,,run out,Sharmin Sultana,,
1073408,2016/17,2017-02-08,P Sara Oval,2,6.1,Bangladesh,Pakistan,Sharmin Akhter,Sanjida Islam,Aiman Anwer,1,0,,,,,,,,,
1073408,2016/17,2017-02-08,P Sara Oval,2,6.2,Bangladesh,Pakistan,Sanjida Islam,Sharmin Akhter,Aiman Anwer,0,0,,,,,,,,,
1073408,2016/17,2017-02-08,P Sara Oval,2,6.3,Bangladesh,Pakistan,Sanjida Islam,Sharmin Akhter,Aiman Anwer,0,0,,,,,,,,,
1073408,2016/17,2017-02-08,P Sara Oval,2,6.4,Bangladesh,Pakistan,Sanjida Islam,Sharmin Akhter,Aiman Anwer,1,0,,,,,,,,,
1073408,2016/17,2017-02-08,P Sara Oval,2,6.5,Bangladesh,Pakistan,Sharmin Akhter,Sanjida Islam,Aiman Anwer,0,0,,,,,,,,,
1073408,2016/17,2017-02-08,P Sara Oval,2,6.6,Bangladesh,Pakistan,Sharmin Akhter,Sanjida Islam,Aiman Anwer,0,0,,,,,,,,,
1073408,2016/17,2017-02-08,P Sara Oval,2,7.1,Bangladesh,Pakistan,Sanjida Islam,Sharmin Akhter,Sana Mir,1,0,,,,,,,,,
1073408,2016/17,2017-02-08,P Sara Oval,2,7.2,Bangladesh,Pakistan,Sharmin Akhter,Sanjida Islam,Sana Mir,0,0,,,,,,,,,
1073408,2016/17,2017-02-08,P Sara Oval,2,7.3,Bangladesh,Pakistan,Sharmin Akhter,Sanjida Islam,Sana Mir,0,0,,,,,,,,,
1073408,2016/17,2017-02-08,P Sara Oval,2,7.4,Bangladesh,Pakistan,Sharmin Akhter,Sanjida Islam,Sana Mir,1,0,,,,,,,,,
1073408,2016/17,2017-02-08,P Sara Oval,2,7.5,Bangladesh,Pakistan,Sanjida Islam,Sharmin Akhter,Sana Mir,1,0,,,,,,,,,
1073408,2016/17,2017-02-08,P Sara Oval,2,7.6,Bangladesh,Pakistan,Sharmin Akhter,Sanjida Islam,Sana Mir,0,0,,,,,,,,,
1073408,2016/17,2017-02-08,P Sara Oval,2,8.1,Bangladesh,Pakistan,Sanjida Islam,Sharmin Akhter,Aiman Anwer,0,0,,,,,,,,,
1073408,2016/17,2017-02-08,P Sara Oval,2,8.2,Bangladesh,Pakistan,Sanjida Islam,Sharmin Akhter,Aiman Anwer,0,0,,,,,,,,,
1073408,2016/17,2017-02-08,P Sara Oval,2,8.3,Bangladesh,Pakistan,Sanjida Islam,Sharmin Akhter,Aiman Anwer,0,0,,,,,,,,,
1073408,2016/17,2017-02-08,P Sara Oval,2,8.4,Bangladesh,Pakistan,Sanjida Islam,Sharmin Akhter,Aiman Anwer,0,0,,,,,,,,,
1073408,2016/17,2017-02-08,P Sara Oval,2,8.5,Bangladesh,Pakistan,Sanjida Islam,Sharmin Akhter,Aiman Anwer,0,0,,,,,,,,,
1073408,2016/17,2017-02-08,P Sara Oval,2,8.6,Bangladesh,Pakistan,Sanjida Islam,Sharmin Akhter,Aiman Anwer,0,0,,,,,,,,,
1073408,2016/17,2017-02-08,P Sara Oval,2,9.1,Bangladesh,Pakistan,Sharmin Akhter,Sanjida Islam,Aliya Riaz,0,0,,,,,,,,,
1073408,2016/17,2017-02-08,P Sara Oval,2,9.2,Bangladesh,Pakistan,Sharmin Akhter,Sanjida Islam,Aliya Riaz,0,0,,,,,,,,,
1073408,2016/17,2017-02-08,P Sara Oval,2,9.3,Bangladesh,Pakistan,Sharmin Akhter,Sanjida Islam,Aliya Riaz,0,0,,,,,,,,,
1073408,2016/17,2017-02-08,P Sara Oval,2,9.4,Bangladesh,Pakistan,Sharmin Akhter,Sanjida Islam,Aliya Riaz,0,0,,,,,,,,,
1073408,2016/17,2017-02-08,P Sara Oval,2,9.5,Bangladesh,Pakistan,Sharmin Akhter,Sanjida Islam,Aliya Riaz,0,0,,,,,,,,,
1073408,2016/17,2017-02-08,P Sara Oval,2,9.6,Bangladesh,Pakistan,Sharmin Akhter,Sanjida Islam,Aliya Riaz,0,0,,,,,,,,,
1073408,2016/17,2017-02-08,P Sara Oval,2,10.1,Bangladesh,Pakistan,Sanjida Islam,Sharmin Akhter,Aiman Anwer,1,0,,,,,,,,,
1073408,2016/17,2017-02-08,P Sara Oval,2,10.2,Bangladesh,Pakistan,Sharmin Akhter,Sanjida Islam,Aiman Anwer,0,0,,,,,,lbw,Sharmin Akhter,,
1073408,2016/17,2017-02-08,P Sara Oval,2,10.3,Bangladesh,Pakistan,Fargana Hoque,Sanjida Islam,Aiman Anwer,0,0,,,,,,,,,
1073408,2016/17,2017-02-08,P Sara Oval,2,10.4,Bangladesh,Pakistan,Fargana Hoque,Sanjida Islam,Aiman Anwer,0,0,,,,,,,,,
1073408,2016/17,2017-02-08,P Sara Oval,2,10.5,Bangladesh,Pakistan,Fargana Hoque,Sanjida Islam,Aiman Anwer,1,0,,,,,,,,,
1073408,2016/17,2017-02-08,P Sara Oval,2,10.6,Bangladesh,Pakistan,Sanjida Islam,Fargana Hoque,Aiman Anwer,0,0,,,,,,,,,
1073408,2016/17,2017-02-08,P Sara Oval,2,11.1,Bangladesh,Pakistan,Fargana Hoque,Sanjida Islam,Aliya Riaz,0,0,,,,,,,,,
1073408,2016/17,2017-02-08,P Sara Oval,2,11.2,Bangladesh,Pakistan,Fargana Hoque,Sanjida Islam,Aliya Riaz,4,0,,,,,,,,,
1073408,2016/17,2017-02-08,P Sara Oval,2,11.3,Bangladesh,Pakistan,Fargana Hoque,Sanjida Islam,Aliya Riaz,0,1,1,,,,,,,,
1073408,2016/17,2017-02-08,P Sara Oval,2,11.4,Bangladesh,Pakistan,Fargana Hoque,Sanjida Islam,Aliya Riaz,1,0,,,,,,,,,
1073408,2016/17,2017-02-08,P Sara Oval,2,11.5,Bangladesh,Pakistan,Sanjida Islam,Fargana Hoque,Aliya Riaz,0,0,,,,,,,,,
1073408,2016/17,2017-02-08,P Sara Oval,2,11.6,Bangladesh,Pakistan,Sanjida Islam,Fargana Hoque,Aliya Riaz,1,0,,,,,,,,,
1073408,2016/17,2017-02-08,P Sara Oval,2,11.7,Bangladesh,Pakistan,Fargana Hoque,Sanjida Islam,Aliya Riaz,0,0,,,,,,,,,
1073408,2016/17,2017-02-08,P Sara Oval,2,12.1,Bangladesh,Pakistan,Sanjida Islam,Fargana Hoque,Aiman Anwer,0,0,,,,,,,,,
1073408,2016/17,2017-02-08,P Sara Oval,2,12.2,Bangladesh,Pakistan,Sanjida Islam,Fargana Hoque,Aiman Anwer,0,0,,,,,,,,,
1073408,2016/17,2017-02-08,P Sara Oval,2,12.3,Bangladesh,Pakistan,Sanjida Islam,Fargana Hoque,Aiman Anwer,0,0,,,,,,,,,
1073408,2016/17,2017-02-08,P Sara Oval,2,12.4,Bangladesh,Pakistan,Sanjida Islam,Fargana Hoque,Aiman Anwer,1,0,,,,,,,,,
1073408,2016/17,2017-02-08,P Sara Oval,2,12.5,Bangladesh,Pakistan,Fargana Hoque,Sanjida Islam,Aiman Anwer,0,0,,,,,,,,,
1073408,2016/17,2017-02-08,P Sara Oval,2,12.6,Bangladesh,Pakistan,Fargana Hoque,Sanjida Islam,Aiman Anwer,0,0,,,,,,,,,
1073408,2016/17,2017-02-08,P Sara Oval,2,13.1,Bangladesh,Pakistan,Sanjida Islam,Fargana Hoque,Aliya Riaz,1,0,,,,,,,,,
1073408,2016/17,2017-02-08,P Sara Oval,2,13.2,Bangladesh,Pakistan,Fargana Hoque,Sanjida Islam,Aliya Riaz,0,1,1,,,,,,,,
1073408,2016/17,2017-02-08,P Sara Oval,2,13.3,Bangladesh,Pakistan,Fargana Hoque,Sanjida Islam,Aliya Riaz,4,0,,,,,,,,,
1073408,2016/17,2017-02-08,P Sara Oval,2,13.4,Bangladesh,Pakistan,Fargana Hoque,Sanjida Islam,Aliya Riaz,0,0,,,,,,,,,
1073408,2016/17,2017-02-08,P Sara Oval,2,13.5,Bangladesh,Pakistan,Fargana Hoque,Sanjida Islam,Aliya Riaz,0,1,1,,,,,,,,
1073408,2016/17,2017-02-08,P Sara Oval,2,13.6,Bangladesh,Pakistan,Fargana Hoque,Sanjida Islam,Aliya Riaz,0,1,1,,,,,,,,
1073408,2016/17,2017-02-08,P Sara Oval,2,13.7,Bangladesh,Pakistan,Fargana Hoque,Sanjida Islam,Aliya Riaz,0,0,,,,,,,,,
1073408,2016/17,2017-02-08,P Sara Oval,2,13.8,Bangladesh,Pakistan,Fargana Hoque,Sanjida Islam,Aliya Riaz,0,1,1,,,,,,,,
1073408,2016/17,2017-02-08,P Sara Oval,2,13.9,Bangladesh,Pakistan,Fargana Hoque,Sanjida Islam,Aliya Riaz,0,1,1,,,,,,,,
1073408,2016/17,2017-02-08,P Sara Oval,2,13.10,Bangladesh,Pakistan,Fargana Hoque,Sanjida Islam,Aliya Riaz,0,0,,,,,,,,,
1073408,2016/17,2017-02-08,P Sara Oval,2,13.11,Bangladesh,Pakistan,Fargana Hoque,Sanjida Islam,Aliya Riaz,1,0,,,,,,,,,
1073408,2016/17,2017-02-08,P Sara Oval,2,14.1,Bangladesh,Pakistan,Fargana Hoque,Sanjida Islam,Nashra Sandhu,1,0,,,,,,,,,
1073408,2016/17,2017-02-08,P Sara Oval,2,14.2,Bangladesh,Pakistan,Sanjida Islam,Fargana Hoque,Nashra Sandhu,4,0,,,,,,,,,
1073408,2016/17,2017-02-08,P Sara Oval,2,14.3,Bangladesh,Pakistan,Sanjida Islam,Fargana Hoque,Nashra Sandhu,0,0,,,,,,,,,
1073408,2016/17,2017-02-08,P Sara Oval,2,14.4,Bangladesh,Pakistan,Sanjida Islam,Fargana Hoque,Nashra Sandhu,0,0,,,,,,,,,
1073408,2016/17,2017-02-08,P Sara Oval,2,14.5,Bangladesh,Pakistan,Sanjida Islam,Fargana Hoque,Nashra Sandhu,1,0,,,,,,,,,
1073408,2016/17,2017-02-08,P Sara Oval,2,14.6,Bangladesh,Pakistan,Fargana Hoque,Sanjida Islam,Nashra Sandhu,1,0,,,,,,,,,
1073408,2016/17,2017-02-08,P Sara Oval,2,15.1,Bangladesh,Pakistan,Fargana Hoque,Sanjida Islam,Sana Mir,0,0,,,,,,,,,
1073408,2016/17,2017-02-08,P Sara Oval,2,15.2,Bangladesh,Pakistan,Fargana Hoque,Sanjida Islam,Sana Mir,0,0,,,,,,,,,
1073408,2016/17,2017-02-08,P Sara Oval,2,15.3,Bangladesh,Pakistan,Fargana Hoque,Sanjida Islam,Sana Mir,0,0,,,,,,,,,
1073408,2016/17,2017-02-08,P Sara Oval,2,15.4,Bangladesh,Pakistan,Fargana Hoque,Sanjida Islam,Sana Mir,0,0,,,,,,,,,
1073408,2016/17,2017-02-08,P Sara Oval,2,15.5,Bangladesh,Pakistan,Fargana Hoque,Sanjida Islam,Sana Mir,1,0,,,,,,,,,
1073408,2016/17,2017-02-08,P Sara Oval,2,15.6,Bangladesh,Pakistan,Sanjida Islam,Fargana Hoque,Sana Mir,0,0,,,,,,,,,
1073408,2016/17,2017-02-08,P Sara Oval,2,16.1,Bangladesh,Pakistan,Fargana Hoque,Sanjida Islam,Nashra Sandhu,1,0,,,,,,,,,
1073408,2016/17,2017-02-08,P Sara Oval,2,16.2,Bangladesh,Pakistan,Sanjida Islam,Fargana Hoque,Nashra Sandhu,0,0,,,,,,,,,
1073408,2016/17,2017-02-08,P Sara Oval,2,16.3,Bangladesh,Pakistan,Sanjida Islam,Fargana Hoque,Nashra Sandhu,1,0,,,,,,,,,
1073408,2016/17,2017-02-08,P Sara Oval,2,16.4,Bangladesh,Pakistan,Fargana Hoque,Sanjida Islam,Nashra Sandhu,0,0,,,,,,,,,
1073408,2016/17,2017-02-08,P Sara Oval,2,16.5,Bangladesh,Pakistan,Fargana Hoque,Sanjida Islam,Nashra Sandhu,0,0,,,,,,,,,
1073408,2016/17,2017-02-08,P Sara Oval,2,16.6,Bangladesh,Pakistan,Fargana Hoque,Sanjida Islam,Nashra Sandhu,0,0,,,,,,,,,
1073408,2016/17,2017-02-08,P Sara Oval,2,17.1,Bangladesh,Pakistan,Sanjida Islam,Fargana Hoque,Sana Mir,1,0,,,,,,,,,
1073408,2016/17,2017-02-08,P Sara Oval,2,17.2,Bangladesh,Pakistan,Fargana Hoque,Sanjida Islam,Sana Mir,0,0,,,,,,,,,
1073408,2016/17,2017-02-08,P Sara Oval,2,17.3,Bangladesh,Pakistan,Fargana Hoque,Sanjida Islam,Sana Mir,0,0,,,,,,,,,
1073408,2016/17,2017-02-08,P Sara Oval,2,17.4,Bangladesh,Pakistan,Fargana Hoque,Sanjida Islam,Sana Mir,1,0,,,,,,,,,
1073408,2016/17,2017-02-08,P Sara Oval,2,17.5,Bangladesh,Pakistan,Sanjida Islam,Fargana Hoque,Sana Mir,0,0,,,,,,,,,
1073408,2016/17,2017-02-08,P Sara Oval,2,17.6,Bangladesh,Pakistan,Sanjida Islam,Fargana Hoque,Sana Mir,0,0,,,,,,,,,
1073408,2016/17,2017-02-08,P Sara Oval,2,18.1,Bangladesh,Pakistan,Fargana Hoque,Sanjida Islam,Nashra Sandhu,1,0,,,,,,,,,
1073408,2016/17,2017-02-08,P Sara Oval,2,18.2,Bangladesh,Pakistan,Sanjida Islam,Fargana Hoque,Nashra Sandhu,1,0,,,,,,,,,
1073408,2016/17,2017-02-08,P Sara Oval,2,18.3,Bangladesh,Pakistan,Fargana Hoque,Sanjida Islam,Nashra Sandhu,0,0,,,,,,,,,
1073408,2016/17,2017-02-08,P Sara Oval,2,18.4,Bangladesh,Pakistan,Fargana Hoque,Sanjida Islam,Nashra Sandhu,0,0,,,,,,,,,
1073408,2016/17,2017-02-08,P Sara Oval,2,18.5,Bangladesh,Pakistan,Fargana Hoque,Sanjida Islam,Nashra Sandhu,0,0,,,,,,caught,Fargana Hoque,,
1073408,2016/17,2017-02-08,P Sara Oval,2,18.6,Bangladesh,Pakistan,Rumana Ahmed,Sanjida Islam,Nashra Sandhu,0,0,,,,,,,,,
1073408,2016/17,2017-02-08,P Sara Oval,2,19.1,Bangladesh,Pakistan,Sanjida Islam,Rumana Ahmed,Sana Mir,0,0,,,,,,,,,
1073408,2016/17,2017-02-08,P Sara Oval,2,19.2,Bangladesh,Pakistan,Sanjida Islam,Rumana Ahmed,Sana Mir,0,0,,,,,,,,,
1073408,2016/17,2017-02-08,P Sara Oval,2,19.3,Bangladesh,Pakistan,Sanjida Islam,Rumana Ahmed,Sana Mir,2,0,,,,,,,,,
1073408,2016/17,2017-02-08,P Sara Oval,2,19.4,Bangladesh,Pakistan,Sanjida Islam,Rumana Ahmed,Sana Mir,1,0,,,,,,,,,
1073408,2016/17,2017-02-08,P Sara Oval,2,19.5,Bangladesh,Pakistan,Rumana Ahmed,Sanjida Islam,Sana Mir,0,0,,,,,,,,,
1073408,2016/17,2017-02-08,P Sara Oval,2,19.6,Bangladesh,Pakistan,Rumana Ahmed,Sanjida Islam,Sana Mir,0,0,,,,,,,,,
1073408,2016/17,2017-02-08,P Sara Oval,2,20.1,Bangladesh,Pakistan,Sanjida Islam,Rumana Ahmed,Javeria Khan,1,0,,,,,,,,,
1073408,2016/17,2017-02-08,P Sara Oval,2,20.2,Bangladesh,Pakistan,Rumana Ahmed,Sanjida Islam,Javeria Khan,1,0,,,,,,,,,
1073408,2016/17,2017-02-08,P Sara Oval,2,20.3,Bangladesh,Pakistan,Sanjida Islam,Rumana Ahmed,Javeria Khan,0,0,,,,,,,,,
1073408,2016/17,2017-02-08,P Sara Oval,2,20.4,Bangladesh,Pakistan,Sanjida Islam,Rumana Ahmed,Javeria Khan,1,0,,,,,,,,,
1073408,2016/17,2017-02-08,P Sara Oval,2,20.5,Bangladesh,Pakistan,Rumana Ahmed,Sanjida Islam,Javeria Khan,0,0,,,,,,,,,
1073408,2016/17,2017-02-08,P Sara Oval,2,20.6,Bangladesh,Pakistan,Rumana Ahmed,Sanjida Islam,Javeria Khan,1,0,,,,,,,,,
1073408,2016/17,2017-02-08,P Sara Oval,2,21.1,Bangladesh,Pakistan,Rumana Ahmed,Sanjida Islam,Ghulam Fatima,0,0,,,,,,,,,
1073408,2016/17,2017-02-08,P Sara Oval,2,21.2,Bangladesh,Pakistan,Rumana Ahmed,Sanjida Islam,Ghulam Fatima,4,0,,,,,,,,,
1073408,2016/17,2017-02-08,P Sara Oval,2,21.3,Bangladesh,Pakistan,Rumana Ahmed,Sanjida Islam,Ghulam Fatima,0,0,,,,,,,,,
1073408,2016/17,2017-02-08,P Sara Oval,2,21.4,Bangladesh,Pakistan,Rumana Ahmed,Sanjida Islam,Ghulam Fatima,0,0,,,,,,,,,
1073408,2016/17,2017-02-08,P Sara Oval,2,21.5,Bangladesh,Pakistan,Rumana Ahmed,Sanjida Islam,Ghulam Fatima,0,0,,,,,,,,,
1073408,2016/17,2017-02-08,P Sara Oval,2,21.6,Bangladesh,Pakistan,Rumana Ahmed,Sanjida Islam,Ghulam Fatima,0,0,,,,,,caught,Rumana Ahmed,,
1073408,2016/17,2017-02-08,P Sara Oval,2,22.1,Bangladesh,Pakistan,Sanjida Islam,Nigar Sultana,Javeria Khan,0,0,,,,,,,,,
1073408,2016/17,2017-02-08,P Sara Oval,2,22.2,Bangladesh,Pakistan,Sanjida Islam,Nigar Sultana,Javeria Khan,0,0,,,,,,,,,
1073408,2016/17,2017-02-08,P Sara Oval,2,22.3,Bangladesh,Pakistan,Sanjida Islam,Nigar Sultana,Javeria Khan,0,1,1,,,,,,,,
1073408,2016/17,2017-02-08,P Sara Oval,2,22.4,Bangladesh,Pakistan,Sanjida Islam,Nigar Sultana,Javeria Khan,1,0,,,,,,,,,
1073408,2016/17,2017-02-08,P Sara Oval,2,22.5,Bangladesh,Pakistan,Nigar Sultana,Sanjida Islam,Javeria Khan,0,0,,,,,,,,,
1073408,2016/17,2017-02-08,P Sara Oval,2,22.6,Bangladesh,Pakistan,Nigar Sultana,Sanjida Islam,Javeria Khan,0,0,,,,,,,,,
1073408,2016/17,2017-02-08,P Sara Oval,2,22.7,Bangladesh,Pakistan,Nigar Sultana,Sanjida Islam,Javeria Khan,0,0,,,,,,,,,
1073408,2016/17,2017-02-08,P Sara Oval,2,23.1,Bangladesh,Pakistan,Sanjida Islam,Nigar Sultana,Ghulam Fatima,0,0,,,,,,,,,
1073408,2016/17,2017-02-08,P Sara Oval,2,23.2,Bangladesh,Pakistan,Sanjida Islam,Nigar Sultana,Ghulam Fatima,1,0,,,,,,,,,
1073408,2016/17,2017-02-08,P Sara Oval,2,23.3,Bangladesh,Pakistan,Nigar Sultana,Sanjida Islam,Ghulam Fatima,0,0,,,,,,,,,
1073408,2016/17,2017-02-08,P Sara Oval,2,23.4,Bangladesh,Pakistan,Nigar Sultana,Sanjida Islam,Ghulam Fatima,0,0,,,,,,,,,
1073408,2016/17,2017-02-08,P Sara Oval,2,23.5,Bangladesh,Pakistan,Nigar Sultana,Sanjida Islam,Ghulam Fatima,0,1,1,,,,,,,,
1073408,2016/17,2017-02-08,P Sara Oval,2,23.6,Bangladesh,Pakistan,Nigar Sultana,Sanjida Islam,Ghulam Fatima,0,0,,,,,,,,,
1073408,2016/17,2017-02-08,P Sara Oval,2,23.7,Bangladesh,Pakistan,Nigar Sultana,Sanjida Islam,Ghulam Fatima,0,0,,,,,,,,,
1073408,2016/17,2017-02-08,P Sara Oval,2,24.1,Bangladesh,Pakistan,Sanjida Islam,Nigar Sultana,Javeria Khan,0,0,,,,,,,,,
1073408,2016/17,2017-02-08,P Sara Oval,2,24.2,Bangladesh,Pakistan,Sanjida Islam,Nigar Sultana,Javeria Khan,1,0,,,,,,,,,
1073408,2016/17,2017-02-08,P Sara Oval,2,24.3,Bangladesh,Pakistan,Nigar Sultana,Sanjida Islam,Javeria Khan,0,0,,,,,,,,,
1073408,2016/17,2017-02-08,P Sara Oval,2,24.4,Bangladesh,Pakistan,Nigar Sultana,Sanjida Islam,Javeria Khan,0,0,,,,,,,,,
1073408,2016/17,2017-02-08,P Sara Oval,2,24.5,Bangladesh,Pakistan,Nigar Sultana,Sanjida Islam,Javeria Khan,1,0,,,,,,,,,
1073408,2016/17,2017-02-08,P Sara Oval,2,24.6,Bangladesh,Pakistan,Sanjida Islam,Nigar Sultana,Javeria Khan,1,0,,,,,,,,,
1073408,2016/17,2017-02-08,P Sara Oval,2,25.1,Bangladesh,Pakistan,Sanjida Islam,Nigar Sultana,Ghulam Fatima,0,0,,,,,,,,,
1073408,2016/17,2017-02-08,P Sara Oval,2,25.2,Bangladesh,Pakistan,Sanjida Islam,Nigar Sultana,Ghulam Fatima,0,0,,,,,,,,,
1073408,2016/17,2017-02-08,P Sara Oval,2,25.3,Bangladesh,Pakistan,Sanjida Islam,Nigar Sultana,Ghulam Fatima,1,0,,,,,,,,,
1073408,2016/17,2017-02-08,P Sara Oval,2,25.4,Bangladesh,Pakistan,Nigar Sultana,Sanjida Islam,Ghulam Fatima,0,0,,,,,,,,,
1073408,2016/17,2017-02-08,P Sara Oval,2,25.5,Bangladesh,Pakistan,Nigar Sultana,Sanjida Islam,Ghulam Fatima,0,0,,,,,,,,,
1073408,2016/17,2017-02-08,P Sara Oval,2,25.6,Bangladesh,Pakistan,Nigar Sultana,Sanjida Islam,Ghulam Fatima,0,0,,,,,,,,,
1073408,2016/17,2017-02-08,P Sara Oval,2,26.1,Bangladesh,Pakistan,Sanjida Islam,Nigar Sultana,Javeria Khan,0,0,,,,,,,,,
1073408,2016/17,2017-02-08,P Sara Oval,2,26.2,Bangladesh,Pakistan,Sanjida Islam,Nigar Sultana,Javeria Khan,1,0,,,,,,,,,
1073408,2016/17,2017-02-08,P Sara Oval,2,26.3,Bangladesh,Pakistan,Nigar Sultana,Sanjida Islam,Javeria Khan,2,0,,,,,,,,,
1073408,2016/17,2017-02-08,P Sara Oval,2,26.4,Bangladesh,Pakistan,Nigar Sultana,Sanjida Islam,Javeria Khan,1,0,,,,,,,,,
1073408,2016/17,2017-02-08,P Sara Oval,2,26.5,Bangladesh,Pakistan,Sanjida Islam,Nigar Sultana,Javeria Khan,0,0,,,,,,,,,
1073408,2016/17,2017-02-08,P Sara Oval,2,26.6,Bangladesh,Pakistan,Sanjida Islam,Nigar Sultana,Javeria Khan,0,0,,,,,,,,,
1073408,2016/17,2017-02-08,P Sara Oval,2,27.1,Bangladesh,Pakistan,Nigar Sultana,Sanjida Islam,Ghulam Fatima,1,0,,,,,,,,,
1073408,2016/17,2017-02-08,P Sara Oval,2,27.2,Bangladesh,Pakistan,Sanjida Islam,Nigar Sultana,Ghulam Fatima,0,0,,,,,,,,,
1073408,2016/17,2017-02-08,P Sara Oval,2,27.3,Bangladesh,Pakistan,Sanjida Islam,Nigar Sultana,Ghulam Fatima,0,0,,,,,,,,,
1073408,2016/17,2017-02-08,P Sara Oval,2,27.4,Bangladesh,Pakistan,Sanjida Islam,Nigar Sultana,Ghulam Fatima,0,0,,,,,,,,,
1073408,2016/17,2017-02-08,P Sara Oval,2,27.5,Bangladesh,Pakistan,Sanjida Islam,Nigar Sultana,Ghulam Fatima,0,0,,,,,,,,,
1073408,2016/17,2017-02-08,P Sara Oval,2,27.6,Bangladesh,Pakistan,Sanjida Islam,Nigar Sultana,Ghulam Fatima,0,1,1,,,,,,,,
1073408,2016/17,2017-02-08,P Sara Oval,2,27.7,Bangladesh,Pakistan,Sanjida Islam,Nigar Sultana,Ghulam Fatima,0,0,,,,,,,,,
1073408,2016/17,2017-02-08,P Sara Oval,2,28.1,Bangladesh,Pakistan,Nigar Sultana,Sanjida Islam,Javeria Khan,0,0,,,,,,,,,
1073408,2016/17,2017-02-08,P Sara Oval,2,28.2,Bangladesh,Pakistan,Nigar Sultana,Sanjida Islam,Javeria Khan,1,0,,,,,,,,,
1073408,2016/17,2017-02-08,P Sara Oval,2,28.3,Bangladesh,Pakistan,Sanjida Islam,Nigar Sultana,Javeria Khan,1,0,,,,,,,,,
1073408,2016/17,2017-02-08,P Sara Oval,2,28.4,Bangladesh,Pakistan,Nigar Sultana,Sanjida Islam,Javeria Khan,1,0,,,,,,,,,
1073408,2016/17,2017-02-08,P Sara Oval,2,28.5,Bangladesh,Pakistan,Sanjida Islam,Nigar Sultana,Javeria Khan,0,0,,,,,,,,,
1073408,2016/17,2017-02-08,P Sara Oval,2,28.6,Bangladesh,Pakistan,Sanjida Islam,Nigar Sultana,Javeria Khan,0,0,,,,,,,,,
1073408,2016/17,2017-02-08,P Sara Oval,2,29.1,Bangladesh,Pakistan,Nigar Sultana,Sanjida Islam,Ghulam Fatima,0,0,,,,,,,,,
1073408,2016/17,2017-02-08,P Sara Oval,2,29.2,Bangladesh,Pakistan,Nigar Sultana,Sanjida Islam,Ghulam Fatima,0,0,,,,,,,,,
1073408,2016/17,2017-02-08,P Sara Oval,2,29.3,Bangladesh,Pakistan,Nigar Sultana,Sanjida Islam,Ghulam Fatima,0,0,,,,,,,,,
1073408,2016/17,2017-02-08,P Sara Oval,2,29.4,Bangladesh,Pakistan,Nigar Sultana,Sanjida Islam,Ghulam Fatima,0,0,,,,,,,,,
1073408,2016/17,2017-02-08,P Sara Oval,2,29.5,Bangladesh,Pakistan,Nigar Sultana,Sanjida Islam,Ghulam Fatima,0,0,,,,,,,,,
1073408,2016/17,2017-02-08,P Sara Oval,2,29.6,Bangladesh,Pakistan,Nigar Sultana,Sanjida Islam,Ghulam Fatima,0,0,,,,,,,,,
1073408,2016/17,2017-02-08,P Sara Oval,2,30.1,Bangladesh,Pakistan,Sanjida Islam,Nigar Sultana,Bismah Maroof,0,0,,,,,,,,,
1073408,2016/17,2017-02-08,P Sara Oval,2,30.2,Bangladesh,Pakistan,Sanjida Islam,Nigar Sultana,Bismah Maroof,1,0,,,,,,,,,
1073408,2016/17,2017-02-08,P Sara Oval,2,30.3,Bangladesh,Pakistan,Nigar Sultana,Sanjida Islam,Bismah Maroof,0,0,,,,,,,,,
1073408,2016/17,2017-02-08,P Sara Oval,2,30.4,Bangladesh,Pakistan,Nigar Sultana,Sanjida Islam,Bismah Maroof,1,0,,,,,,,,,
1073408,2016/17,2017-02-08,P Sara Oval,2,30.5,Bangladesh,Pakistan,Sanjida Islam,Nigar Sultana,Bismah Maroof,1,0,,,,,,,,,
1073408,2016/17,2017-02-08,P Sara Oval,2,30.6,Bangladesh,Pakistan,Nigar Sultana,Sanjida Islam,Bismah Maroof,1,0,,,,,,,,,
1073408,2016/17,2017-02-08,P Sara Oval,2,31.1,Bangladesh,Pakistan,Nigar Sultana,Sanjida Islam,Ghulam Fatima,1,0,,,,,,,,,
1073408,2016/17,2017-02-08,P Sara Oval,2,31.2,Bangladesh,Pakistan,Sanjida Islam,Nigar Sultana,Ghulam Fatima,4,0,,,,,,,,,
1073408,2016/17,2017-02-08,P Sara Oval,2,31.3,Bangladesh,Pakistan,Sanjida Islam,Nigar Sultana,Ghulam Fatima,1,0,,,,,,,,,
1073408,2016/17,2017-02-08,P Sara Oval,2,31.4,Bangladesh,Pakistan,Nigar Sultana,Sanjida Islam,Ghulam Fatima,1,0,,,,,,,,,
1073408,2016/17,2017-02-08,P Sara Oval,2,31.5,Bangladesh,Pakistan,Sanjida Islam,Nigar Sultana,Ghulam Fatima,0,0,,,,,,caught,Sanjida Islam,,
1073408,2016/17,2017-02-08,P Sara Oval,2,31.6,Bangladesh,Pakistan,Nigar Sultana,Salma Khatun,Ghulam Fatima,1,0,,,,,,,,,
1073408,2016/17,2017-02-08,P Sara Oval,2,32.1,Bangladesh,Pakistan,Nigar Sultana,Salma Khatun,Bismah Maroof,0,0,,,,,,,,,
1073408,2016/17,2017-02-08,P Sara Oval,2,32.2,Bangladesh,Pakistan,Nigar Sultana,Salma Khatun,Bismah Maroof,1,0,,,,,,,,,
1073408,2016/17,2017-02-08,P Sara Oval,2,32.3,Bangladesh,Pakistan,Salma Khatun,Nigar Sultana,Bismah Maroof,0,0,,,,,,,,,
1073408,2016/17,2017-02-08,P Sara Oval,2,32.4,Bangladesh,Pakistan,Salma Khatun,Nigar Sultana,Bismah Maroof,1,0,,,,,,,,,
1073408,2016/17,2017-02-08,P Sara Oval,2,32.5,Bangladesh,Pakistan,Nigar Sultana,Salma Khatun,Bismah Maroof,0,0,,,,,,,,,
1073408,2016/17,2017-02-08,P Sara Oval,2,32.6,Bangladesh,Pakistan,Nigar Sultana,Salma Khatun,Bismah Maroof,0,0,,,,,,,,,
1073408,2016/17,2017-02-08,P Sara Oval,2,33.1,Bangladesh,Pakistan,Salma Khatun,Nigar Sultana,Sana Mir,1,0,,,,,,,,,
1073408,2016/17,2017-02-08,P Sara Oval,2,33.2,Bangladesh,Pakistan,Nigar Sultana,Salma Khatun,Sana Mir,0,0,,,,,,,,,
1073408,2016/17,2017-02-08,P Sara Oval,2,33.3,Bangladesh,Pakistan,Nigar Sultana,Salma Khatun,Sana Mir,0,0,,,,,,,,,
1073408,2016/17,2017-02-08,P Sara Oval,2,33.4,Bangladesh,Pakistan,Nigar Sultana,Salma Khatun,Sana Mir,0,0,,,,,,,,,
1073408,2016/17,2017-02-08,P Sara Oval,2,33.5,Bangladesh,Pakistan,Nigar Sultana,Salma Khatun,Sana Mir,0,0,,,,,,,,,
1073408,2016/17,2017-02-08,P Sara Oval,2,33.6,Bangladesh,Pakistan,Nigar Sultana,Salma Khatun,Sana Mir,0,0,,,,,,,,,
1073408,2016/17,2017-02-08,P Sara Oval,2,34.1,Bangladesh,Pakistan,Salma Khatun,Nigar Sultana,Bismah Maroof,0,0,,,,,,,,,
1073408,2016/17,2017-02-08,P Sara Oval,2,34.2,Bangladesh,Pakistan,Salma Khatun,Nigar Sultana,Bismah Maroof,0,0,,,,,,,,,
1073408,2016/17,2017-02-08,P Sara Oval,2,34.3,Bangladesh,Pakistan,Salma Khatun,Nigar Sultana,Bismah Maroof,0,0,,,,,,,,,
1073408,2016/17,2017-02-08,P Sara Oval,2,34.4,Bangladesh,Pakistan,Salma Khatun,Nigar Sultana,Bismah Maroof,0,0,,,,,,,,,
1073408,2016/17,2017-02-08,P Sara Oval,2,34.5,Bangladesh,Pakistan,Salma Khatun,Nigar Sultana,Bismah Maroof,0,0,,,,,,,,,
1073408,2016/17,2017-02-08,P Sara Oval,2,34.6,Bangladesh,Pakistan,Salma Khatun,Nigar Sultana,Bismah Maroof,1,0,,,,,,,,,
1073408,2016/17,2017-02-08,P Sara Oval,2,35.1,Bangladesh,Pakistan,Salma Khatun,Nigar Sultana,Sana Mir,0,0,,,,,,,,,
1073408,2016/17,2017-02-08,P Sara Oval,2,35.2,Bangladesh,Pakistan,Salma Khatun,Nigar Sultana,Sana Mir,1,0,,,,,,,,,
1073408,2016/17,2017-02-08,P Sara Oval,2,35.3,Bangladesh,Pakistan,Nigar Sultana,Salma Khatun,Sana Mir,0,0,,,,,,,,,
1073408,2016/17,2017-02-08,P Sara Oval,2,35.4,Bangladesh,Pakistan,Nigar Sultana,Salma Khatun,Sana Mir,1,0,,,,,,,,,
1073408,2016/17,2017-02-08,P Sara Oval,2,35.5,Bangladesh,Pakistan,Salma Khatun,Nigar Sultana,Sana Mir,0,0,,,,,,caught,Salma Khatun,,
1073408,2016/17,2017-02-08,P Sara Oval,2,35.6,Bangladesh,Pakistan,Shaila Sharmin,Nigar Sultana,Sana Mir,0,0,,,,,,,,,
1073408,2016/17,2017-02-08,P Sara Oval,2,36.1,Bangladesh,Pakistan,Nigar Sultana,Shaila Sharmin,Nashra Sandhu,0,0,,,,,,,,,
1073408,2016/17,2017-02-08,P Sara Oval,2,36.2,Bangladesh,Pakistan,Nigar Sultana,Shaila Sharmin,Nashra Sandhu,1,0,,,,,,,,,
1073408,2016/17,2017-02-08,P Sara Oval,2,36.3,Bangladesh,Pakistan,Shaila Sharmin,Nigar Sultana,Nashra Sandhu,0,0,,,,,,,,,
1073408,2016/17,2017-02-08,P Sara Oval,2,36.4,Bangladesh,Pakistan,Shaila Sharmin,Nigar Sultana,Nashra Sandhu,0,0,,,,,,,,,
1073408,2016/17,2017-02-08,P Sara Oval,2,36.5,Bangladesh,Pakistan,Shaila Sharmin,Nigar Sultana,Nashra Sandhu,0,0,,,,,,,,,
1073408,2016/17,2017-02-08,P Sara Oval,2,36.6,Bangladesh,Pakistan,Shaila Sharmin,Nigar Sultana,Nashra Sandhu,0,0,,,,,,,,,
1073408,2016/17,2017-02-08,P Sara Oval,2,37.1,Bangladesh,Pakistan,Nigar Sultana,Shaila Sharmin,Sana Mir,0,0,,,,,,,,,
1073408,2016/17,2017-02-08,P Sara Oval,2,37.2,Bangladesh,Pakistan,Nigar Sultana,Shaila Sharmin,Sana Mir,2,0,,,,,,,,,
1073408,2016/17,2017-02-08,P Sara Oval,2,37.3,Bangladesh,Pakistan,Nigar Sultana,Shaila Sharmin,Sana Mir,1,0,,,,,,,,,
1073408,2016/17,2017-02-08,P Sara Oval,2,37.4,Bangladesh,Pakistan,Shaila Sharmin,Nigar Sultana,Sana Mir,0,0,,,,,,,,,
1073408,2016/17,2017-02-08,P Sara Oval,2,37.5,Bangladesh,Pakistan,Shaila Sharmin,Nigar Sultana,Sana Mir,1,0,,,,,,,,,
1073408,2016/17,2017-02-08,P Sara Oval,2,37.6,Bangladesh,Pakistan,Nigar Sultana,Shaila Sharmin,Sana Mir,2,0,,,,,,,,,
1073408,2016/17,2017-02-08,P Sara Oval,2,38.1,Bangladesh,Pakistan,Shaila Sharmin,Nigar Sultana,Nashra Sandhu,0,0,,,,,,,,,
1073408,2016/17,2017-02-08,P Sara Oval,2,38.2,Bangladesh,Pakistan,Shaila Sharmin,Nigar Sultana,Nashra Sandhu,0,0,,,,,,,,,
1073408,2016/17,2017-02-08,P Sara Oval,2,38.3,Bangladesh,Pakistan,Shaila Sharmin,Nigar Sultana,Nashra Sandhu,1,0,,,,,,,,,
1073408,2016/17,2017-02-08,P Sara Oval,2,38.4,Bangladesh,Pakistan,Nigar Sultana,Shaila Sharmin,Nashra Sandhu,0,0,,,,,,,,,
1073408,2016/17,2017-02-08,P Sara Oval,2,38.5,Bangladesh,Pakistan,Nigar Sultana,Shaila Sharmin,Nashra Sandhu,1,0,,,,,,,,,
1073408,2016/17,2017-02-08,P Sara Oval,2,38.6,Bangladesh,Pakistan,Shaila Sharmin,Nigar Sultana,Nashra Sandhu,0,0,,,,,,,,,
1073408,2016/17,2017-02-08,P Sara Oval,2,39.1,Bangladesh,Pakistan,Nigar Sultana,Shaila Sharmin,Aliya Riaz,1,0,,,,,,,,,
1073408,2016/17,2017-02-08,P Sara Oval,2,39.2,Bangladesh,Pakistan,Shaila Sharmin,Nigar Sultana,Aliya Riaz,1,0,,,,,,,,,
1073408,2016/17,2017-02-08,P Sara Oval,2,39.3,Bangladesh,Pakistan,Nigar Sultana,Shaila Sharmin,Aliya Riaz,4,0,,,,,,,,,
1073408,2016/17,2017-02-08,P Sara Oval,2,39.4,Bangladesh,Pakistan,Nigar Sultana,Shaila Sharmin,Aliya Riaz,4,0,,,,,,,,,
1073408,2016/17,2017-02-08,P Sara Oval,2,39.5,Bangladesh,Pakistan,Nigar Sultana,Shaila Sharmin,Aliya Riaz,1,0,,,,,,,,,
1073408,2016/17,2017-02-08,P Sara Oval,2,39.6,Bangladesh,Pakistan,Shaila Sharmin,Nigar Sultana,Aliya Riaz,0,0,,,,,,,,,
1073408,2016/17,2017-02-08,P Sara Oval,2,40.1,Bangladesh,Pakistan,Nigar Sultana,Shaila Sharmin,Javeria Khan,1,0,,,,,,,,,
1073408,2016/17,2017-02-08,P Sara Oval,2,40.2,Bangladesh,Pakistan,Shaila Sharmin,Nigar Sultana,Javeria Khan,4,0,,,,,,,,,
1073408,2016/17,2017-02-08,P Sara Oval,2,40.3,Bangladesh,Pakistan,Shaila Sharmin,Nigar Sultana,Javeria Khan,0,0,,,,,,caught,Shaila Sharmin,,
1073408,2016/17,2017-02-08,P Sara Oval,2,40.4,Bangladesh,Pakistan,Jahanara Alam,Nigar Sultana,Javeria Khan,1,0,,,,,,,,,
1073408,2016/17,2017-02-08,P Sara Oval,2,40.5,Bangladesh,Pakistan,Nigar Sultana,Jahanara Alam,Javeria Khan,1,0,,,,,,,,,
1073408,2016/17,2017-02-08,P Sara Oval,2,40.6,Bangladesh,Pakistan,Jahanara Alam,Nigar Sultana,Javeria Khan,0,0,,,,,,,,,
1073408,2016/17,2017-02-08,P Sara Oval,2,41.1,Bangladesh,Pakistan,Nigar Sultana,Jahanara Alam,Ghulam Fatima,0,1,1,,,,,,,,
1073408,2016/17,2017-02-08,P Sara Oval,2,41.2,Bangladesh,Pakistan,Nigar Sultana,Jahanara Alam,Ghulam Fatima,0,0,,,,,,,,,
1073408,2016/17,2017-02-08,P Sara Oval,2,41.3,Bangladesh,Pakistan,Nigar Sultana,Jahanara Alam,Ghulam Fatima,0,0,,,,,,,,,
1073408,2016/17,2017-02-08,P Sara Oval,2,41.4,Bangladesh,Pakistan,Nigar Sultana,Jahanara Alam,Ghulam Fatima,0,0,,,,,,,,,
1073408,2016/17,2017-02-08,P Sara Oval,2,41.5,Bangladesh,Pakistan,Nigar Sultana,Jahanara Alam,Ghulam Fatima,1,0,,,,,,,,,
1073408,2016/17,2017-02-08,P Sara Oval,2,41.6,Bangladesh,Pakistan,Jahanara Alam,Nigar Sultana,Ghulam Fatima,1,0,,,,,,,,,
1073408,2016/17,2017-02-08,P Sara Oval,2,41.7,Bangladesh,Pakistan,Nigar Sultana,Jahanara Alam,Ghulam Fatima,0,0,,,,,,,,,
1073408,2016/17,2017-02-08,P Sara Oval,2,42.1,Bangladesh,Pakistan,Jahanara Alam,Nigar Sultana,Sana Mir,0,0,,,,,,,,,
1073408,2016/17,2017-02-08,P Sara Oval,2,42.2,Bangladesh,Pakistan,Jahanara Alam,Nigar Sultana,Sana Mir,0,0,,,,,,bowled,Jahanara Alam,,
1073408,2016/17,2017-02-08,P Sara Oval,2,42.3,Bangladesh,Pakistan,Panna Ghosh,Nigar Sultana,Sana Mir,0,0,,,,,,,,,
1073408,2016/17,2017-02-08,P Sara Oval,2,42.4,Bangladesh,Pakistan,Panna Ghosh,Nigar Sultana,Sana Mir,0,0,,,,,,,,,
1073408,2016/17,2017-02-08,P Sara Oval,2,42.5,Bangladesh,Pakistan,Panna Ghosh,Nigar Sultana,Sana Mir,0,0,,,,,,,,,
1073408,2016/17,2017-02-08,P Sara Oval,2,42.6,Bangladesh,Pakistan,Panna Ghosh,Nigar Sultana,Sana Mir,0,0,,,,,,,,,
1073408,2016/17,2017-02-08,P Sara Oval,2,43.1,Bangladesh,Pakistan,Nigar Sultana,Panna Ghosh,Ghulam Fatima,0,0,,,,,,,,,
1073408,2016/17,2017-02-08,P Sara Oval,2,43.2,Bangladesh,Pakistan,Nigar Sultana,Panna Ghosh,Ghulam Fatima,0,0,,,,,,,,,
1073408,2016/17,2017-02-08,P Sara Oval,2,43.3,Bangladesh,Pakistan,Nigar Sultana,Panna Ghosh,Ghulam Fatima,0,0,,,,,,,,,
1073408,2016/17,2017-02-08,P Sara Oval,2,43.4,Bangladesh,Pakistan,Nigar Sultana,Panna Ghosh,Ghulam Fatima,1,0,,,,,,,,,
1073408,2016/17,2017-02-08,P Sara Oval,2,43.5,Bangladesh,Pakistan,Panna Ghosh,Nigar Sultana,Ghulam Fatima,2,0,,,,,,,,,
1073408,2016/17,2017-02-08,P Sara Oval,2,43.6,Bangladesh,Pakistan,Panna Ghosh,Nigar Sultana,Ghulam Fatima,0,0,,,,,,,,,
1073408,2016/17,2017-02-08,P Sara Oval,2,44.1,Bangladesh,Pakistan,Nigar Sultana,Panna Ghosh,Nashra Sandhu,1,0,,,,,,,,,
1073408,2016/17,2017-02-08,P Sara Oval,2,44.2,Bangladesh,Pakistan,Panna Ghosh,Nigar Sultana,Nashra Sandhu,2,0,,,,,,,,,
1073408,2016/17,2017-02-08,P Sara Oval,2,44.3,Bangladesh,Pakistan,Panna Ghosh,Nigar Sultana,Nashra Sandhu,0,0,,,,,,,,,
1073408,2016/17,2017-02-08,P Sara Oval,2,44.4,Bangladesh,Pakistan,Panna Ghosh,Nigar Sultana,Nashra Sandhu,0,0,,,,,,,,,
1073408,2016/17,2017-02-08,P Sara Oval,2,44.5,Bangladesh,Pakistan,Panna Ghosh,Nigar Sultana,Nashra Sandhu,0,0,,,,,,,,,
1073408,2016/17,2017-02-08,P Sara Oval,2,44.6,Bangladesh,Pakistan,Panna Ghosh,Nigar Sultana,Nashra Sandhu,0,0,,,,,,,,,
1073408,2016/17,2017-02-08,P Sara Oval,2,45.1,Bangladesh,Pakistan,Nigar Sultana,Panna Ghosh,Ghulam Fatima,2,0,,,,,,,,,
1073408,2016/17,2017-02-08,P Sara Oval,2,45.2,Bangladesh,Pakistan,Nigar Sultana,Panna Ghosh,Ghulam Fatima,0,0,,,,,,,,,
1073408,2016/17,2017-02-08,P Sara Oval,2,45.3,Bangladesh,Pakistan,Nigar Sultana,Panna Ghosh,Ghulam Fatima,1,0,,,,,,,,,
1073408,2016/17,2017-02-08,P Sara Oval,2,45.4,Bangladesh,Pakistan,Panna Ghosh,Nigar Sultana,Ghulam Fatima,0,0,,,,,,,,,
1073408,2016/17,2017-02-08,P Sara Oval,2,45.5,Bangladesh,Pakistan,Panna Ghosh,Nigar Sultana,Ghulam Fatima,0,0,,,,,,,,,
1073408,2016/17,2017-02-08,P Sara Oval,2,45.6,Bangladesh,Pakistan,Panna Ghosh,Nigar Sultana,Ghulam Fatima,2,0,,,,,,,,,
1073408,2016/17,2017-02-08,P Sara Oval,2,46.1,Bangladesh,Pakistan,Nigar Sultana,Panna Ghosh,Nashra Sandhu,2,0,,,,,,,,,
1073408,2016/17,2017-02-08,P Sara Oval,2,46.2,Bangladesh,Pakistan,Nigar Sultana,Panna Ghosh,Nashra Sandhu,0,0,,,,,,,,,
1073408,2016/17,2017-02-08,P Sara Oval,2,46.3,Bangladesh,Pakistan,Nigar Sultana,Panna Ghosh,Nashra Sandhu,0,0,,,,,,lbw,Nigar Sultana,,
1073408,2016/17,2017-02-08,P Sara Oval,2,46.4,Bangladesh,Pakistan,Khadija Tul Kubra,Panna Ghosh,Nashra Sandhu,1,0,,,,,,,,,
1073408,2016/17,2017-02-08,P Sara Oval,2,46.5,Bangladesh,Pakistan,Panna Ghosh,Khadija Tul Kubra,Nashra Sandhu,0,0,,,,,,,,,
1073408,2016/17,2017-02-08,P Sara Oval,2,46.6,Bangladesh,Pakistan,Panna Ghosh,Khadija Tul Kubra,Nashra Sandhu,1,0,,,,,,,,,
1073408,2016/17,2017-02-08,P Sara Oval,2,47.1,Bangladesh,Pakistan,Panna Ghosh,Khadija Tul Kubra,Sana Mir,0,0,,,,,,,,,
1073408,2016/17,2017-02-08,P Sara Oval,2,47.2,Bangladesh,Pakistan,Panna Ghosh,Khadija Tul Kubra,Sana Mir,0,0,,,,,,,,,
1073408,2016/17,2017-02-08,P Sara Oval,2,47.3,Bangladesh,Pakistan,Panna Ghosh,Khadija Tul Kubra,Sana Mir,0,0,,,,,,,,,
1073408,2016/17,2017-02-08,P Sara Oval,2,47.4,Bangladesh,Pakistan,Panna Ghosh,Khadija Tul Kubra,Sana Mir,1,0,,,,,,,,,
1073408,2016/17,2017-02-08,P Sara Oval,2,47.5,Bangladesh,Pakistan,Khadija Tul Kubra,Panna Ghosh,Sana Mir,0,0,,,,,,,,,
1073408,2016/17,2017-02-08,P Sara Oval,2,47.6,Bangladesh,Pakistan,Khadija Tul Kubra,Panna Ghosh,Sana Mir,0,0,,,,,,,,,
1073408,2016/17,2017-02-08,P Sara Oval,2,48.1,Bangladesh,Pakistan,Panna Ghosh,Khadija Tul Kubra,Javeria Khan,1,0,,,,,,,,,
1073408,2016/17,2017-02-08,P Sara Oval,2,48.2,Bangladesh,Pakistan,Khadija Tul Kubra,Panna Ghosh,Javeria Khan,0,0,,,,,,,,,
1073408,2016/17,2017-02-08,P Sara Oval,2,48.3,Bangladesh,Pakistan,Khadija Tul Kubra,Panna Ghosh,Javeria Khan,0,0,,,,,,,,,
1073408,2016/17,2017-02-08,P Sara Oval,2,48.4,Bangladesh,Pakistan,Khadija Tul Kubra,Panna Ghosh,Javeria Khan,4,0,,,,,,,,,
1073408,2016/17,2017-02-08,P Sara Oval,2,48.5,Bangladesh,Pakistan,Khadija Tul Kubra,Panna Ghosh,Javeria Khan,0,0,,,,,,,,,
1073408,2016/17,2017-02-08,P Sara Oval,2,48.6,Bangladesh,Pakistan,Khadija Tul Kubra,Panna Ghosh,Javeria Khan,1,0,,,,,,,,,
1073408,2016/17,2017-02-08,P Sara Oval,2,49.1,Bangladesh,Pakistan,Khadija Tul Kubra,Panna Ghosh,Ghulam Fatima,0,0,,,,,,,,,
1073408,2016/17,2017-02-08,P Sara Oval,2,49.2,Bangladesh,Pakistan,Khadija Tul Kubra,Panna Ghosh,Ghulam Fatima,0,0,,,,,,,,,
1073408,2016/17,2017-02-08,P Sara Oval,2,49.3,Bangladesh,Pakistan,Khadija Tul Kubra,Panna Ghosh,Ghulam Fatima,0,0,,,,,,caught,Khadija Tul Kubra,,
