match_id,season,start_date,venue,innings,ball,batting_team,bowling_team,striker,non_striker,bowler,runs_off_bat,extras,wides,noballs,byes,legbyes,penalty,wicket_type,player_dismissed,other_wicket_type,other_player_dismissed
1075506,2017/18,2017-10-22,Buffalo Park,1,0.1,South Africa,Bangladesh,T Bavuma,Q de Kock,Mashrafe Mortaza,4,0,,,,,,,,,
1075506,2017/18,2017-10-22,Buffalo Park,1,0.2,South Africa,Bangladesh,T Bavuma,Q de Kock,Mashrafe Mortaza,0,0,,,,,,,,,
1075506,2017/18,2017-10-22,Buffalo Park,1,0.3,South Africa,Bangladesh,T Bavuma,Q de Kock,Mashrafe Mortaza,1,0,,,,,,,,,
1075506,2017/18,2017-10-22,Buffalo Park,1,0.4,South Africa,Bangladesh,Q de Kock,T Bavuma,Mashrafe Mortaza,0,0,,,,,,,,,
1075506,2017/18,2017-10-22,Buffalo Park,1,0.5,South Africa,Bangladesh,Q de Kock,T Bavuma,Mashrafe Mortaza,1,0,,,,,,,,,
1075506,2017/18,2017-10-22,Buffalo Park,1,0.6,South Africa,Bangladesh,T Bavuma,Q de Kock,Mashrafe Mortaza,0,0,,,,,,,,,
1075506,2017/18,2017-10-22,Buffalo Park,1,1.1,South Africa,Bangladesh,Q de Kock,T Bavuma,Mehedi Hasan Miraz,0,0,,,,,,,,,
1075506,2017/18,2017-10-22,Buffalo Park,1,1.2,South Africa,Bangladesh,Q de Kock,T Bavuma,Mehedi Hasan Miraz,4,0,,,,,,,,,
1075506,2017/18,2017-10-22,Buffalo Park,1,1.3,South Africa,Bangladesh,Q de Kock,T Bavuma,Mehedi Hasan Miraz,4,0,,,,,,,,,
1075506,2017/18,2017-10-22,Buffalo Park,1,1.4,South Africa,Bangladesh,Q de Kock,T Bavuma,Mehedi Hasan Miraz,0,0,,,,,,,,,
1075506,2017/18,2017-10-22,Buffalo Park,1,1.5,South Africa,Bangladesh,Q de Kock,T Bavuma,Mehedi Hasan Miraz,0,0,,,,,,,,,
1075506,2017/18,2017-10-22,Buffalo Park,1,1.6,South Africa,Bangladesh,Q de Kock,T Bavuma,Mehedi Hasan Miraz,4,0,,,,,,,,,
1075506,2017/18,2017-10-22,Buffalo Park,1,2.1,South Africa,Bangladesh,T Bavuma,Q de Kock,Mashrafe Mortaza,0,0,,,,,,,,,
1075506,2017/18,2017-10-22,Buffalo Park,1,2.2,South Africa,Bangladesh,T Bavuma,Q de Kock,Mashrafe Mortaza,0,0,,,,,,,,,
1075506,2017/18,2017-10-22,Buffalo Park,1,2.3,South Africa,Bangladesh,T Bavuma,Q de Kock,Mashrafe Mortaza,4,0,,,,,,,,,
1075506,2017/18,2017-10-22,Buffalo Park,1,2.4,South Africa,Bangladesh,T Bavuma,Q de Kock,Mashrafe Mortaza,1,0,,,,,,,,,
1075506,2017/18,2017-10-22,Buffalo Park,1,2.5,South Africa,Bangladesh,Q de Kock,T Bavuma,Mashrafe Mortaza,1,0,,,,,,,,,
1075506,2017/18,2017-10-22,Buffalo Park,1,2.6,South Africa,Bangladesh,T Bavuma,Q de Kock,Mashrafe Mortaza,0,0,,,,,,,,,
1075506,2017/18,2017-10-22,Buffalo Park,1,3.1,South Africa,Bangladesh,Q de Kock,T Bavuma,Rubel Hossain,0,0,,,,,,,,,
1075506,2017/18,2017-10-22,Buffalo Park,1,3.2,South Africa,Bangladesh,Q de Kock,T Bavuma,Rubel Hossain,0,0,,,,,,,,,
1075506,2017/18,2017-10-22,Buffalo Park,1,3.3,South Africa,Bangladesh,Q de Kock,T Bavuma,Rubel Hossain,0,0,,,,,,,,,
1075506,2017/18,2017-10-22,Buffalo Park,1,3.4,South Africa,Bangladesh,Q de Kock,T Bavuma,Rubel Hossain,0,0,,,,,,,,,
1075506,2017/18,2017-10-22,Buffalo Park,1,3.5,South Africa,Bangladesh,Q de Kock,T Bavuma,Rubel Hossain,4,0,,,,,,,,,
1075506,2017/18,2017-10-22,Buffalo Park,1,3.6,South Africa,Bangladesh,Q de Kock,T Bavuma,Rubel Hossain,0,0,,,,,,,,,
1075506,2017/18,2017-10-22,Buffalo Park,1,4.1,South Africa,Bangladesh,T Bavuma,Q de Kock,Mashrafe Mortaza,0,0,,,,,,,,,
1075506,2017/18,2017-10-22,Buffalo Park,1,4.2,South Africa,Bangladesh,T Bavuma,Q de Kock,Mashrafe Mortaza,0,0,,,,,,,,,
1075506,2017/18,2017-10-22,Buffalo Park,1,4.3,South Africa,Bangladesh,T Bavuma,Q de Kock,Mashrafe Mortaza,1,0,,,,,,,,,
1075506,2017/18,2017-10-22,Buffalo Park,1,4.4,South Africa,Bangladesh,Q de Kock,T Bavuma,Mashrafe Mortaza,1,0,,,,,,,,,
1075506,2017/18,2017-10-22,Buffalo Park,1,4.5,South Africa,Bangladesh,T Bavuma,Q de Kock,Mashrafe Mortaza,1,0,,,,,,,,,
1075506,2017/18,2017-10-22,Buffalo Park,1,4.6,South Africa,Bangladesh,Q de Kock,T Bavuma,Mashrafe Mortaza,0,1,1,,,,,,,,
1075506,2017/18,2017-10-22,Buffalo Park,1,4.7,South Africa,Bangladesh,Q de Kock,T Bavuma,Mashrafe Mortaza,0,0,,,,,,,,,
1075506,2017/18,2017-10-22,Buffalo Park,1,5.1,South Africa,Bangladesh,T Bavuma,Q de Kock,Rubel Hossain,3,0,,,,,,,,,
1075506,2017/18,2017-10-22,Buffalo Park,1,5.2,South Africa,Bangladesh,Q de Kock,T Bavuma,Rubel Hossain,0,0,,,,,,,,,
1075506,2017/18,2017-10-22,Buffalo Park,1,5.3,South Africa,Bangladesh,Q de Kock,T Bavuma,Rubel Hossain,0,0,,,,,,,,,
1075506,2017/18,2017-10-22,Buffalo Park,1,5.4,South Africa,Bangladesh,Q de Kock,T Bavuma,Rubel Hossain,4,0,,,,,,,,,
1075506,2017/18,2017-10-22,Buffalo Park,1,5.5,South Africa,Bangladesh,Q de Kock,T Bavuma,Rubel Hossain,0,0,,,,,,,,,
1075506,2017/18,2017-10-22,Buffalo Park,1,5.6,South Africa,Bangladesh,Q de Kock,T Bavuma,Rubel Hossain,2,0,,,,,,,,,
1075506,2017/18,2017-10-22,Buffalo Park,1,6.1,South Africa,Bangladesh,T Bavuma,Q de Kock,Mashrafe Mortaza,0,0,,,,,,,,,
1075506,2017/18,2017-10-22,Buffalo Park,1,6.2,South Africa,Bangladesh,T Bavuma,Q de Kock,Mashrafe Mortaza,4,0,,,,,,,,,
1075506,2017/18,2017-10-22,Buffalo Park,1,6.3,South Africa,Bangladesh,T Bavuma,Q de Kock,Mashrafe Mortaza,0,0,,,,,,,,,
1075506,2017/18,2017-10-22,Buffalo Park,1,6.4,South Africa,Bangladesh,T Bavuma,Q de Kock,Mashrafe Mortaza,1,0,,,,,,,,,
1075506,2017/18,2017-10-22,Buffalo Park,1,6.5,South Africa,Bangladesh,Q de Kock,T Bavuma,Mashrafe Mortaza,0,0,,,,,,,,,
1075506,2017/18,2017-10-22,Buffalo Park,1,6.6,South Africa,Bangladesh,Q de Kock,T Bavuma,Mashrafe Mortaza,0,0,,,,,,,,,
1075506,2017/18,2017-10-22,Buffalo Park,1,7.1,South Africa,Bangladesh,T Bavuma,Q de Kock,Shakib Al Hasan,0,0,,,,,,,,,
1075506,2017/18,2017-10-22,Buffalo Park,1,7.2,South Africa,Bangladesh,T Bavuma,Q de Kock,Shakib Al Hasan,1,0,,,,,,,,,
1075506,2017/18,2017-10-22,Buffalo Park,1,7.3,South Africa,Bangladesh,Q de Kock,T Bavuma,Shakib Al Hasan,1,0,,,,,,,,,
1075506,2017/18,2017-10-22,Buffalo Park,1,7.4,South Africa,Bangladesh,T Bavuma,Q de Kock,Shakib Al Hasan,0,0,,,,,,,,,
1075506,2017/18,2017-10-22,Buffalo Park,1,7.5,South Africa,Bangladesh,T Bavuma,Q de Kock,Shakib Al Hasan,0,0,,,,,,,,,
1075506,2017/18,2017-10-22,Buffalo Park,1,7.6,South Africa,Bangladesh,T Bavuma,Q de Kock,Shakib Al Hasan,4,0,,,,,,,,,
1075506,2017/18,2017-10-22,Buffalo Park,1,8.1,South Africa,Bangladesh,Q de Kock,T Bavuma,Taskin Ahmed,0,0,,,,,,,,,
1075506,2017/18,2017-10-22,Buffalo Park,1,8.2,South Africa,Bangladesh,Q de Kock,T Bavuma,Taskin Ahmed,2,0,,,,,,,,,
1075506,2017/18,2017-10-22,Buffalo Park,1,8.3,South Africa,Bangladesh,Q de Kock,T Bavuma,Taskin Ahmed,4,0,,,,,,,,,
1075506,2017/18,2017-10-22,Buffalo Park,1,8.4,South Africa,Bangladesh,Q de Kock,T Bavuma,Taskin Ahmed,0,0,,,,,,,,,
1075506,2017/18,2017-10-22,Buffalo Park,1,8.5,South Africa,Bangladesh,Q de Kock,T Bavuma,Taskin Ahmed,0,0,,,,,,,,,
1075506,2017/18,2017-10-22,Buffalo Park,1,8.6,South Africa,Bangladesh,Q de Kock,T Bavuma,Taskin Ahmed,1,0,,,,,,,,,
1075506,2017/18,2017-10-22,Buffalo Park,1,9.1,South Africa,Bangladesh,Q de Kock,T Bavuma,Shakib Al Hasan,6,0,,,,,,,,,
1075506,2017/18,2017-10-22,Buffalo Park,1,9.2,South Africa,Bangladesh,Q de Kock,T Bavuma,Shakib Al Hasan,1,0,,,,,,,,,
1075506,2017/18,2017-10-22,Buffalo Park,1,9.3,South Africa,Bangladesh,T Bavuma,Q de Kock,Shakib Al Hasan,1,0,,,,,,,,,
1075506,2017/18,2017-10-22,Buffalo Park,1,9.4,South Africa,Bangladesh,Q de Kock,T Bavuma,Shakib Al Hasan,1,0,,,,,,,,,
1075506,2017/18,2017-10-22,Buffalo Park,1,9.5,South Africa,Bangladesh,T Bavuma,Q de Kock,Shakib Al Hasan,0,0,,,,,,,,,
1075506,2017/18,2017-10-22,Buffalo Park,1,9.6,South Africa,Bangladesh,T Bavuma,Q de Kock,Shakib Al Hasan,1,0,,,,,,,,,
1075506,2017/18,2017-10-22,Buffalo Park,1,10.1,South Africa,Bangladesh,T Bavuma,Q de Kock,Taskin Ahmed,1,0,,,,,,,,,
1075506,2017/18,2017-10-22,Buffalo Park,1,10.2,South Africa,Bangladesh,Q de Kock,T Bavuma,Taskin Ahmed,1,0,,,,,,,,,
1075506,2017/18,2017-10-22,Buffalo Park,1,10.3,South Africa,Bangladesh,T Bavuma,Q de Kock,Taskin Ahmed,2,0,,,,,,,,,
1075506,2017/18,2017-10-22,Buffalo Park,1,10.4,South Africa,Bangladesh,T Bavuma,Q de Kock,Taskin Ahmed,1,0,,,,,,,,,
1075506,2017/18,2017-10-22,Buffalo Park,1,10.5,South Africa,Bangladesh,Q de Kock,T Bavuma,Taskin Ahmed,0,0,,,,,,,,,
1075506,2017/18,2017-10-22,Buffalo Park,1,10.6,South Africa,Bangladesh,Q de Kock,T Bavuma,Taskin Ahmed,2,0,,,,,,,,,
1075506,2017/18,2017-10-22,Buffalo Park,1,11.1,South Africa,Bangladesh,T Bavuma,Q de Kock,Mehedi Hasan Miraz,1,0,,,,,,,,,
1075506,2017/18,2017-10-22,Buffalo Park,1,11.2,South Africa,Bangladesh,Q de Kock,T Bavuma,Mehedi Hasan Miraz,0,0,,,,,,,,,
1075506,2017/18,2017-10-22,Buffalo Park,1,11.3,South Africa,Bangladesh,Q de Kock,T Bavuma,Mehedi Hasan Miraz,1,0,,,,,,,,,
1075506,2017/18,2017-10-22,Buffalo Park,1,11.4,South Africa,Bangladesh,T Bavuma,Q de Kock,Mehedi Hasan Miraz,0,0,,,,,,,,,
1075506,2017/18,2017-10-22,Buffalo Park,1,11.5,South Africa,Bangladesh,T Bavuma,Q de Kock,Mehedi Hasan Miraz,1,0,,,,,,,,,
1075506,2017/18,2017-10-22,Buffalo Park,1,11.6,South Africa,Bangladesh,Q de Kock,T Bavuma,Mehedi Hasan Miraz,1,0,,,,,,,,,
1075506,2017/18,2017-10-22,Buffalo Park,1,12.1,South Africa,Bangladesh,Q de Kock,T Bavuma,Taskin Ahmed,1,0,,,,,,,,,
1075506,2017/18,2017-10-22,Buffalo Park,1,12.2,South Africa,Bangladesh,T Bavuma,Q de Kock,Taskin Ahmed,1,0,,,,,,,,,
1075506,2017/18,2017-10-22,Buffalo Park,1,12.3,South Africa,Bangladesh,Q de Kock,T Bavuma,Taskin Ahmed,1,0,,,,,,,,,
1075506,2017/18,2017-10-22,Buffalo Park,1,12.4,South Africa,Bangladesh,T Bavuma,Q de Kock,Taskin Ahmed,0,1,1,,,,,,,,
1075506,2017/18,2017-10-22,Buffalo Park,1,12.5,South Africa,Bangladesh,T Bavuma,Q de Kock,Taskin Ahmed,4,0,,,,,,,,,
1075506,2017/18,2017-10-22,Buffalo Park,1,12.6,South Africa,Bangladesh,T Bavuma,Q de Kock,Taskin Ahmed,2,0,,,,,,,,,
1075506,2017/18,2017-10-22,Buffalo Park,1,12.7,South Africa,Bangladesh,T Bavuma,Q de Kock,Taskin Ahmed,0,0,,,,,,,,,
1075506,2017/18,2017-10-22,Buffalo Park,1,13.1,South Africa,Bangladesh,Q de Kock,T Bavuma,Mehedi Hasan Miraz,0,0,,,,,,,,,
1075506,2017/18,2017-10-22,Buffalo Park,1,13.2,South Africa,Bangladesh,Q de Kock,T Bavuma,Mehedi Hasan Miraz,0,0,,,,,,,,,
1075506,2017/18,2017-10-22,Buffalo Park,1,13.3,South Africa,Bangladesh,Q de Kock,T Bavuma,Mehedi Hasan Miraz,0,0,,,,,,,,,
1075506,2017/18,2017-10-22,Buffalo Park,1,13.4,South Africa,Bangladesh,Q de Kock,T Bavuma,Mehedi Hasan Miraz,1,0,,,,,,,,,
1075506,2017/18,2017-10-22,Buffalo Park,1,13.5,South Africa,Bangladesh,T Bavuma,Q de Kock,Mehedi Hasan Miraz,1,0,,,,,,,,,
1075506,2017/18,2017-10-22,Buffalo Park,1,13.6,South Africa,Bangladesh,Q de Kock,T Bavuma,Mehedi Hasan Miraz,1,0,,,,,,,,,
1075506,2017/18,2017-10-22,Buffalo Park,1,14.1,South Africa,Bangladesh,Q de Kock,T Bavuma,Rubel Hossain,1,0,,,,,,,,,
1075506,2017/18,2017-10-22,Buffalo Park,1,14.2,South Africa,Bangladesh,T Bavuma,Q de Kock,Rubel Hossain,1,0,,,,,,,,,
1075506,2017/18,2017-10-22,Buffalo Park,1,14.3,South Africa,Bangladesh,Q de Kock,T Bavuma,Rubel Hossain,4,0,,,,,,,,,
1075506,2017/18,2017-10-22,Buffalo Park,1,14.4,South Africa,Bangladesh,Q de Kock,T Bavuma,Rubel Hossain,4,0,,,,,,,,,
1075506,2017/18,2017-10-22,Buffalo Park,1,14.5,South Africa,Bangladesh,Q de Kock,T Bavuma,Rubel Hossain,0,0,,,,,,,,,
1075506,2017/18,2017-10-22,Buffalo Park,1,14.6,South Africa,Bangladesh,Q de Kock,T Bavuma,Rubel Hossain,1,0,,,,,,,,,
1075506,2017/18,2017-10-22,Buffalo Park,1,15.1,South Africa,Bangladesh,Q de Kock,T Bavuma,Mehedi Hasan Miraz,0,0,,,,,,,,,
1075506,2017/18,2017-10-22,Buffalo Park,1,15.2,South Africa,Bangladesh,Q de Kock,T Bavuma,Mehedi Hasan Miraz,1,0,,,,,,,,,
1075506,2017/18,2017-10-22,Buffalo Park,1,15.3,South Africa,Bangladesh,T Bavuma,Q de Kock,Mehedi Hasan Miraz,1,0,,,,,,,,,
1075506,2017/18,2017-10-22,Buffalo Park,1,15.4,South Africa,Bangladesh,Q de Kock,T Bavuma,Mehedi Hasan Miraz,1,0,,,,,,,,,
1075506,2017/18,2017-10-22,Buffalo Park,1,15.5,South Africa,Bangladesh,T Bavuma,Q de Kock,Mehedi Hasan Miraz,1,0,,,,,,,,,
1075506,2017/18,2017-10-22,Buffalo Park,1,15.6,South Africa,Bangladesh,Q de Kock,T Bavuma,Mehedi Hasan Miraz,4,0,,,,,,,,,
1075506,2017/18,2017-10-22,Buffalo Park,1,16.1,South Africa,Bangladesh,T Bavuma,Q de Kock,Rubel Hossain,0,0,,,,,,,,,
1075506,2017/18,2017-10-22,Buffalo Park,1,16.2,South Africa,Bangladesh,T Bavuma,Q de Kock,Rubel Hossain,1,0,,,,,,,,,
1075506,2017/18,2017-10-22,Buffalo Park,1,16.3,South Africa,Bangladesh,Q de Kock,T Bavuma,Rubel Hossain,1,0,,,,,,,,,
1075506,2017/18,2017-10-22,Buffalo Park,1,16.4,South Africa,Bangladesh,T Bavuma,Q de Kock,Rubel Hossain,2,0,,,,,,,,,
1075506,2017/18,2017-10-22,Buffalo Park,1,16.5,South Africa,Bangladesh,T Bavuma,Q de Kock,Rubel Hossain,0,0,,,,,,,,,
1075506,2017/18,2017-10-22,Buffalo Park,1,16.6,South Africa,Bangladesh,T Bavuma,Q de Kock,Rubel Hossain,0,0,,,,,,,,,
1075506,2017/18,2017-10-22,Buffalo Park,1,17.1,South Africa,Bangladesh,Q de Kock,T Bavuma,Mehedi Hasan Miraz,0,0,,,,,,,,,
1075506,2017/18,2017-10-22,Buffalo Park,1,17.2,South Africa,Bangladesh,Q de Kock,T Bavuma,Mehedi Hasan Miraz,1,0,,,,,,,,,
1075506,2017/18,2017-10-22,Buffalo Park,1,17.3,South Africa,Bangladesh,T Bavuma,Q de Kock,Mehedi Hasan Miraz,1,0,,,,,,,,,
1075506,2017/18,2017-10-22,Buffalo Park,1,17.4,South Africa,Bangladesh,Q de Kock,T Bavuma,Mehedi Hasan Miraz,1,0,,,,,,,,,
1075506,2017/18,2017-10-22,Buffalo Park,1,17.5,South Africa,Bangladesh,T Bavuma,Q de Kock,Mehedi Hasan Miraz,0,0,,,,,,caught,T Bavuma,,
1075506,2017/18,2017-10-22,Buffalo Park,1,17.6,South Africa,Bangladesh,Q de Kock,F du Plessis,Mehedi Hasan Miraz,0,0,,,,,,,,,
1075506,2017/18,2017-10-22,Buffalo Park,1,18.1,South Africa,Bangladesh,F du Plessis,Q de Kock,Shakib Al Hasan,2,0,,,,,,,,,
1075506,2017/18,2017-10-22,Buffalo Park,1,18.2,South Africa,Bangladesh,F du Plessis,Q de Kock,Shakib Al Hasan,0,0,,,,,,,,,
1075506,2017/18,2017-10-22,Buffalo Park,1,18.3,South Africa,Bangladesh,F du Plessis,Q de Kock,Shakib Al Hasan,0,0,,,,,,,,,
1075506,2017/18,2017-10-22,Buffalo Park,1,18.4,South Africa,Bangladesh,F du Plessis,Q de Kock,Shakib Al Hasan,1,0,,,,,,,,,
1075506,2017/18,2017-10-22,Buffalo Park,1,18.5,South Africa,Bangladesh,Q de Kock,F du Plessis,Shakib Al Hasan,0,0,,,,,,,,,
1075506,2017/18,2017-10-22,Buffalo Park,1,18.6,South Africa,Bangladesh,Q de Kock,F du Plessis,Shakib Al Hasan,0,0,,,,,,,,,
1075506,2017/18,2017-10-22,Buffalo Park,1,19.1,South Africa,Bangladesh,F du Plessis,Q de Kock,Mehedi Hasan Miraz,1,0,,,,,,,,,
1075506,2017/18,2017-10-22,Buffalo Park,1,19.2,South Africa,Bangladesh,Q de Kock,F du Plessis,Mehedi Hasan Miraz,1,0,,,,,,,,,
1075506,2017/18,2017-10-22,Buffalo Park,1,19.3,South Africa,Bangladesh,F du Plessis,Q de Kock,Mehedi Hasan Miraz,1,0,,,,,,,,,
1075506,2017/18,2017-10-22,Buffalo Park,1,19.4,South Africa,Bangladesh,Q de Kock,F du Plessis,Mehedi Hasan Miraz,1,0,,,,,,,,,
1075506,2017/18,2017-10-22,Buffalo Park,1,19.5,South Africa,Bangladesh,F du Plessis,Q de Kock,Mehedi Hasan Miraz,0,0,,,,,,,,,
1075506,2017/18,2017-10-22,Buffalo Park,1,19.6,South Africa,Bangladesh,F du Plessis,Q de Kock,Mehedi Hasan Miraz,1,0,,,,,,,,,
1075506,2017/18,2017-10-22,Buffalo Park,1,20.1,South Africa,Bangladesh,F du Plessis,Q de Kock,Shakib Al Hasan,1,0,,,,,,,,,
1075506,2017/18,2017-10-22,Buffalo Park,1,20.2,South Africa,Bangladesh,Q de Kock,F du Plessis,Shakib Al Hasan,1,0,,,,,,,,,
1075506,2017/18,2017-10-22,Buffalo Park,1,20.3,South Africa,Bangladesh,F du Plessis,Q de Kock,Shakib Al Hasan,0,1,1,,,,,,,,
1075506,2017/18,2017-10-22,Buffalo Park,1,20.4,South Africa,Bangladesh,F du Plessis,Q de Kock,Shakib Al Hasan,0,0,,,,,,,,,
1075506,2017/18,2017-10-22,Buffalo Park,1,20.5,South Africa,Bangladesh,F du Plessis,Q de Kock,Shakib Al Hasan,1,0,,,,,,,,,
1075506,2017/18,2017-10-22,Buffalo Park,1,20.6,South Africa,Bangladesh,Q de Kock,F du Plessis,Shakib Al Hasan,1,0,,,,,,,,,
1075506,2017/18,2017-10-22,Buffalo Park,1,20.7,South Africa,Bangladesh,F du Plessis,Q de Kock,Shakib Al Hasan,0,0,,,,,,,,,
1075506,2017/18,2017-10-22,Buffalo Park,1,21.1,South Africa,Bangladesh,Q de Kock,F du Plessis,Mehedi Hasan Miraz,0,0,,,,,,caught and bowled,Q de Kock,,
1075506,2017/18,2017-10-22,Buffalo Park,1,21.2,South Africa,Bangladesh,F du Plessis,AK Markram,Mehedi Hasan Miraz,1,0,,,,,,,,,
1075506,2017/18,2017-10-22,Buffalo Park,1,21.3,South Africa,Bangladesh,AK Markram,F du Plessis,Mehedi Hasan Miraz,0,0,,,,,,,,,
1075506,2017/18,2017-10-22,Buffalo Park,1,21.4,South Africa,Bangladesh,AK Markram,F du Plessis,Mehedi Hasan Miraz,1,0,,,,,,,,,
1075506,2017/18,2017-10-22,Buffalo Park,1,21.5,South Africa,Bangladesh,F du Plessis,AK Markram,Mehedi Hasan Miraz,1,0,,,,,,,,,
1075506,2017/18,2017-10-22,Buffalo Park,1,21.6,South Africa,Bangladesh,AK Markram,F du Plessis,Mehedi Hasan Miraz,1,0,,,,,,,,,
1075506,2017/18,2017-10-22,Buffalo Park,1,22.1,South Africa,Bangladesh,AK Markram,F du Plessis,Shakib Al Hasan,0,0,,,,,,,,,
1075506,2017/18,2017-10-22,Buffalo Park,1,22.2,South Africa,Bangladesh,AK Markram,F du Plessis,Shakib Al Hasan,1,0,,,,,,,,,
1075506,2017/18,2017-10-22,Buffalo Park,1,22.3,South Africa,Bangladesh,F du Plessis,AK Markram,Shakib Al Hasan,0,0,,,,,,,,,
1075506,2017/18,2017-10-22,Buffalo Park,1,22.4,South Africa,Bangladesh,F du Plessis,AK Markram,Shakib Al Hasan,1,0,,,,,,,,,
1075506,2017/18,2017-10-22,Buffalo Park,1,22.5,South Africa,Bangladesh,AK Markram,F du Plessis,Shakib Al Hasan,0,0,,,,,,,,,
1075506,2017/18,2017-10-22,Buffalo Park,1,22.6,South Africa,Bangladesh,AK Markram,F du Plessis,Shakib Al Hasan,1,0,,,,,,,,,
1075506,2017/18,2017-10-22,Buffalo Park,1,23.1,South Africa,Bangladesh,AK Markram,F du Plessis,Mehedi Hasan Miraz,0,0,,,,,,,,,
1075506,2017/18,2017-10-22,Buffalo Park,1,23.2,South Africa,Bangladesh,AK Markram,F du Plessis,Mehedi Hasan Miraz,6,0,,,,,,,,,
1075506,2017/18,2017-10-22,Buffalo Park,1,23.3,South Africa,Bangladesh,AK Markram,F du Plessis,Mehedi Hasan Miraz,0,0,,,,,,,,,
1075506,2017/18,2017-10-22,Buffalo Park,1,23.4,South Africa,Bangladesh,AK Markram,F du Plessis,Mehedi Hasan Miraz,0,0,,,,,,,,,
1075506,2017/18,2017-10-22,Buffalo Park,1,23.5,South Africa,Bangladesh,AK Markram,F du Plessis,Mehedi Hasan Miraz,0,0,,,,,,,,,
1075506,2017/18,2017-10-22,Buffalo Park,1,23.6,South Africa,Bangladesh,AK Markram,F du Plessis,Mehedi Hasan Miraz,1,0,,,,,,,,,
1075506,2017/18,2017-10-22,Buffalo Park,1,24.1,South Africa,Bangladesh,AK Markram,F du Plessis,Shakib Al Hasan,0,0,,,,,,,,,
1075506,2017/18,2017-10-22,Buffalo Park,1,24.2,South Africa,Bangladesh,AK Markram,F du Plessis,Shakib Al Hasan,1,0,,,,,,,,,
1075506,2017/18,2017-10-22,Buffalo Park,1,24.3,South Africa,Bangladesh,F du Plessis,AK Markram,Shakib Al Hasan,1,0,,,,,,,,,
1075506,2017/18,2017-10-22,Buffalo Park,1,24.4,South Africa,Bangladesh,AK Markram,F du Plessis,Shakib Al Hasan,0,1,1,,,,,,,,
1075506,2017/18,2017-10-22,Buffalo Park,1,24.5,South Africa,Bangladesh,AK Markram,F du Plessis,Shakib Al Hasan,0,0,,,,,,,,,
1075506,2017/18,2017-10-22,Buffalo Park,1,24.6,South Africa,Bangladesh,AK Markram,F du Plessis,Shakib Al Hasan,0,0,,,,,,,,,
1075506,2017/18,2017-10-22,Buffalo Park,1,24.7,South Africa,Bangladesh,AK Markram,F du Plessis,Shakib Al Hasan,1,0,,,,,,,,,
1075506,2017/18,2017-10-22,Buffalo Park,1,25.1,South Africa,Bangladesh,AK Markram,F du Plessis,Mahmudullah,1,0,,,,,,,,,
1075506,2017/18,2017-10-22,Buffalo Park,1,25.2,South Africa,Bangladesh,F du Plessis,AK Markram,Mahmudullah,0,0,,,,,,,,,
1075506,2017/18,2017-10-22,Buffalo Park,1,25.3,South Africa,Bangladesh,F du Plessis,AK Markram,Mahmudullah,0,0,,,,,,,,,
1075506,2017/18,2017-10-22,Buffalo Park,1,25.4,South Africa,Bangladesh,F du Plessis,AK Markram,Mahmudullah,4,0,,,,,,,,,
1075506,2017/18,2017-10-22,Buffalo Park,1,25.5,South Africa,Bangladesh,F du Plessis,AK Markram,Mahmudullah,0,0,,,,,,,,,
1075506,2017/18,2017-10-22,Buffalo Park,1,25.6,South Africa,Bangladesh,F du Plessis,AK Markram,Mahmudullah,6,0,,,,,,,,,
1075506,2017/18,2017-10-22,Buffalo Park,1,26.1,South Africa,Bangladesh,AK Markram,F du Plessis,Shakib Al Hasan,1,0,,,,,,,,,
1075506,2017/18,2017-10-22,Buffalo Park,1,26.2,South Africa,Bangladesh,F du Plessis,AK Markram,Shakib Al Hasan,0,0,,,,,,,,,
1075506,2017/18,2017-10-22,Buffalo Park,1,26.3,South Africa,Bangladesh,F du Plessis,AK Markram,Shakib Al Hasan,1,0,,,,,,,,,
1075506,2017/18,2017-10-22,Buffalo Park,1,26.4,South Africa,Bangladesh,AK Markram,F du Plessis,Shakib Al Hasan,1,0,,,,,,,,,
1075506,2017/18,2017-10-22,Buffalo Park,1,26.5,South Africa,Bangladesh,F du Plessis,AK Markram,Shakib Al Hasan,1,0,,,,,,,,,
1075506,2017/18,2017-10-22,Buffalo Park,1,26.6,South Africa,Bangladesh,AK Markram,F du Plessis,Shakib Al Hasan,1,0,,,,,,,,,
1075506,2017/18,2017-10-22,Buffalo Park,1,27.1,South Africa,Bangladesh,AK Markram,F du Plessis,Mahmudullah,2,0,,,,,,,,,
1075506,2017/18,2017-10-22,Buffalo Park,1,27.2,South Africa,Bangladesh,AK Markram,F du Plessis,Mahmudullah,0,0,,,,,,,,,
1075506,2017/18,2017-10-22,Buffalo Park,1,27.3,South Africa,Bangladesh,AK Markram,F du Plessis,Mahmudullah,0,0,,,,,,,,,
1075506,2017/18,2017-10-22,Buffalo Park,1,27.4,South Africa,Bangladesh,AK Markram,F du Plessis,Mahmudullah,1,0,,,,,,,,,
1075506,2017/18,2017-10-22,Buffalo Park,1,27.5,South Africa,Bangladesh,F du Plessis,AK Markram,Mahmudullah,0,1,1,,,,,,,,
1075506,2017/18,2017-10-22,Buffalo Park,1,27.6,South Africa,Bangladesh,F du Plessis,AK Markram,Mahmudullah,0,0,,,,,,,,,
1075506,2017/18,2017-10-22,Buffalo Park,1,27.7,South Africa,Bangladesh,F du Plessis,AK Markram,Mahmudullah,1,0,,,,,,,,,
1075506,2017/18,2017-10-22,Buffalo Park,1,28.1,South Africa,Bangladesh,F du Plessis,AK Markram,Shakib Al Hasan,0,0,,,,,,,,,
1075506,2017/18,2017-10-22,Buffalo Park,1,28.2,South Africa,Bangladesh,F du Plessis,AK Markram,Shakib Al Hasan,1,0,,,,,,,,,
1075506,2017/18,2017-10-22,Buffalo Park,1,28.3,South Africa,Bangladesh,AK Markram,F du Plessis,Shakib Al Hasan,1,0,,,,,,,,,
1075506,2017/18,2017-10-22,Buffalo Park,1,28.4,South Africa,Bangladesh,F du Plessis,AK Markram,Shakib Al Hasan,1,0,,,,,,,,,
1075506,2017/18,2017-10-22,Buffalo Park,1,28.5,South Africa,Bangladesh,AK Markram,F du Plessis,Shakib Al Hasan,1,0,,,,,,,,,
1075506,2017/18,2017-10-22,Buffalo Park,1,28.6,South Africa,Bangladesh,F du Plessis,AK Markram,Shakib Al Hasan,0,0,,,,,,,,,
1075506,2017/18,2017-10-22,Buffalo Park,1,29.1,South Africa,Bangladesh,AK Markram,F du Plessis,Mahmudullah,0,0,,,,,,,,,
1075506,2017/18,2017-10-22,Buffalo Park,1,29.2,South Africa,Bangladesh,AK Markram,F du Plessis,Mahmudullah,6,0,,,,,,,,,
1075506,2017/18,2017-10-22,Buffalo Park,1,29.3,South Africa,Bangladesh,AK Markram,F du Plessis,Mahmudullah,4,0,,,,,,,,,
1075506,2017/18,2017-10-22,Buffalo Park,1,29.4,South Africa,Bangladesh,AK Markram,F du Plessis,Mahmudullah,1,0,,,,,,,,,
1075506,2017/18,2017-10-22,Buffalo Park,1,29.5,South Africa,Bangladesh,F du Plessis,AK Markram,Mahmudullah,2,0,,,,,,,,,
1075506,2017/18,2017-10-22,Buffalo Park,1,29.6,South Africa,Bangladesh,F du Plessis,AK Markram,Mahmudullah,4,0,,,,,,,,,
1075506,2017/18,2017-10-22,Buffalo Park,1,30.1,South Africa,Bangladesh,AK Markram,F du Plessis,Sabbir Rahman,1,0,,,,,,,,,
1075506,2017/18,2017-10-22,Buffalo Park,1,30.2,South Africa,Bangladesh,F du Plessis,AK Markram,Sabbir Rahman,1,0,,,,,,,,,
1075506,2017/18,2017-10-22,Buffalo Park,1,30.3,South Africa,Bangladesh,AK Markram,F du Plessis,Sabbir Rahman,1,0,,,,,,,,,
1075506,2017/18,2017-10-22,Buffalo Park,1,30.4,South Africa,Bangladesh,F du Plessis,AK Markram,Sabbir Rahman,1,0,,,,,,,,,
1075506,2017/18,2017-10-22,Buffalo Park,1,30.5,South Africa,Bangladesh,AK Markram,F du Plessis,Sabbir Rahman,4,0,,,,,,,,,
1075506,2017/18,2017-10-22,Buffalo Park,1,30.6,South Africa,Bangladesh,AK Markram,F du Plessis,Sabbir Rahman,0,0,,,,,,,,,
1075506,2017/18,2017-10-22,Buffalo Park,1,31.1,South Africa,Bangladesh,F du Plessis,AK Markram,Mashrafe Mortaza,0,0,,,,,,,,,
1075506,2017/18,2017-10-22,Buffalo Park,1,31.2,South Africa,Bangladesh,F du Plessis,AK Markram,Mashrafe Mortaza,0,0,,,,,,,,,
1075506,2017/18,2017-10-22,Buffalo Park,1,31.3,South Africa,Bangladesh,F du Plessis,AK Markram,Mashrafe Mortaza,2,0,,,,,,,,,
1075506,2017/18,2017-10-22,Buffalo Park,1,31.4,South Africa,Bangladesh,F du Plessis,AK Markram,Mashrafe Mortaza,1,0,,,,,,,,,
1075506,2017/18,2017-10-22,Buffalo Park,1,31.5,South Africa,Bangladesh,AK Markram,F du Plessis,Mashrafe Mortaza,1,0,,,,,,,,,
1075506,2017/18,2017-10-22,Buffalo Park,1,31.6,South Africa,Bangladesh,F du Plessis,AK Markram,Mashrafe Mortaza,4,0,,,,,,,,,
1075506,2017/18,2017-10-22,Buffalo Park,1,32.1,South Africa,Bangladesh,AK Markram,F du Plessis,Mehedi Hasan Miraz,0,0,,,,,,,,,
1075506,2017/18,2017-10-22,Buffalo Park,1,32.2,South Africa,Bangladesh,AK Markram,F du Plessis,Mehedi Hasan Miraz,0,0,,,,,,,,,
1075506,2017/18,2017-10-22,Buffalo Park,1,32.3,South Africa,Bangladesh,AK Markram,F du Plessis,Mehedi Hasan Miraz,1,0,,,,,,,,,
1075506,2017/18,2017-10-22,Buffalo Park,1,32.4,South Africa,Bangladesh,F du Plessis,AK Markram,Mehedi Hasan Miraz,1,0,,,,,,,,,
1075506,2017/18,2017-10-22,Buffalo Park,1,32.5,South Africa,Bangladesh,AK Markram,F du Plessis,Mehedi Hasan Miraz,1,0,,,,,,,,,
1075506,2017/18,2017-10-22,Buffalo Park,1,32.6,South Africa,Bangladesh,F du Plessis,AK Markram,Mehedi Hasan Miraz,2,0,,,,,,,,,
1075506,2017/18,2017-10-22,Buffalo Park,1,33.1,South Africa,Bangladesh,AK Markram,F du Plessis,Mashrafe Mortaza,1,0,,,,,,,,,
1075506,2017/18,2017-10-22,Buffalo Park,1,33.2,South Africa,Bangladesh,F du Plessis,AK Markram,Mashrafe Mortaza,4,0,,,,,,,,,
1075506,2017/18,2017-10-22,Buffalo Park,1,33.3,South Africa,Bangladesh,F du Plessis,AK Markram,Mashrafe Mortaza,1,0,,,,,,,,,
1075506,2017/18,2017-10-22,Buffalo Park,1,33.4,South Africa,Bangladesh,AK Markram,F du Plessis,Mashrafe Mortaza,0,0,,,,,,,,,
1075506,2017/18,2017-10-22,Buffalo Park,1,33.5,South Africa,Bangladesh,AK Markram,F du Plessis,Mashrafe Mortaza,1,0,,,,,,,,,
1075506,2017/18,2017-10-22,Buffalo Park,1,33.6,South Africa,Bangladesh,F du Plessis,AK Markram,Mashrafe Mortaza,1,0,,,,,,,,,
1075506,2017/18,2017-10-22,Buffalo Park,1,34.1,South Africa,Bangladesh,F du Plessis,AK Markram,Mehedi Hasan Miraz,0,0,,,,,,,,,
1075506,2017/18,2017-10-22,Buffalo Park,1,34.2,South Africa,Bangladesh,F du Plessis,AK Markram,Mehedi Hasan Miraz,1,0,,,,,,,,,
1075506,2017/18,2017-10-22,Buffalo Park,1,34.3,South Africa,Bangladesh,AK Markram,F du Plessis,Mehedi Hasan Miraz,1,0,,,,,,,,,
1075506,2017/18,2017-10-22,Buffalo Park,1,34.4,South Africa,Bangladesh,F du Plessis,AK Markram,Mehedi Hasan Miraz,1,0,,,,,,,,,
1075506,2017/18,2017-10-22,Buffalo Park,1,34.5,South Africa,Bangladesh,AK Markram,F du Plessis,Mehedi Hasan Miraz,4,0,,,,,,,,,
1075506,2017/18,2017-10-22,Buffalo Park,1,34.6,South Africa,Bangladesh,AK Markram,F du Plessis,Mehedi Hasan Miraz,1,0,,,,,,,,,
1075506,2017/18,2017-10-22,Buffalo Park,1,35.1,South Africa,Bangladesh,AK Markram,F du Plessis,Mashrafe Mortaza,1,0,,,,,,,,,
1075506,2017/18,2017-10-22,Buffalo Park,1,35.2,South Africa,Bangladesh,F du Plessis,AK Markram,Mashrafe Mortaza,4,0,,,,,,,,,
1075506,2017/18,2017-10-22,Buffalo Park,1,35.3,South Africa,Bangladesh,F du Plessis,AK Markram,Mashrafe Mortaza,4,0,,,,,,,,,
1075506,2017/18,2017-10-22,Buffalo Park,1,35.4,South Africa,Bangladesh,F du Plessis,AK Markram,Mashrafe Mortaza,1,0,,,,,,,,,
1075506,2017/18,2017-10-22,Buffalo Park,1,35.5,South Africa,Bangladesh,AK Markram,F du Plessis,Mashrafe Mortaza,1,0,,,,,,,,,
1075506,2017/18,2017-10-22,Buffalo Park,1,35.6,South Africa,Bangladesh,F du Plessis,AK Markram,Mashrafe Mortaza,4,0,,,,,,,,,
1075506,2017/18,2017-10-22,Buffalo Park,1,36.1,South Africa,Bangladesh,AK Markram,F du Plessis,Shakib Al Hasan,1,0,,,,,,,,,
1075506,2017/18,2017-10-22,Buffalo Park,1,36.2,South Africa,Bangladesh,F du Plessis,AK Markram,Shakib Al Hasan,2,0,,,,,,,,,
1075506,2017/18,2017-10-22,Buffalo Park,1,36.3,South Africa,Bangladesh,F du Plessis,AK Markram,Shakib Al Hasan,1,0,,,,,,,,,
1075506,2017/18,2017-10-22,Buffalo Park,1,36.4,South Africa,Bangladesh,AK Markram,F du Plessis,Shakib Al Hasan,1,0,,,,,,,,,
1075506,2017/18,2017-10-22,Buffalo Park,1,36.5,South Africa,Bangladesh,F du Plessis,AK Markram,Shakib Al Hasan,1,0,,,,,,,,,
1075506,2017/18,2017-10-22,Buffalo Park,1,36.6,South Africa,Bangladesh,AK Markram,F du Plessis,Shakib Al Hasan,4,0,,,,,,,,,
1075506,2017/18,2017-10-22,Buffalo Park,1,37.1,South Africa,Bangladesh,F du Plessis,AK Markram,Taskin Ahmed,1,0,,,,,,,,,
1075506,2017/18,2017-10-22,Buffalo Park,1,37.2,South Africa,Bangladesh,AK Markram,F du Plessis,Taskin Ahmed,2,0,,,,,,,,,
1075506,2017/18,2017-10-22,Buffalo Park,1,37.3,South Africa,Bangladesh,AK Markram,F du Plessis,Taskin Ahmed,1,0,,,,,,,,,
1075506,2017/18,2017-10-22,Buffalo Park,1,37.4,South Africa,Bangladesh,F du Plessis,AK Markram,Taskin Ahmed,4,0,,,,,,,,,
1075506,2017/18,2017-10-22,Buffalo Park,1,37.5,South Africa,Bangladesh,F du Plessis,AK Markram,Taskin Ahmed,2,0,,,,,,,,,
1075506,2017/18,2017-10-22,Buffalo Park,1,37.6,South Africa,Bangladesh,F du Plessis,AK Markram,Taskin Ahmed,4,0,,,,,,,,,
1075506,2017/18,2017-10-22,Buffalo Park,1,38.1,South Africa,Bangladesh,AK Markram,F du Plessis,Shakib Al Hasan,0,0,,,,,,,,,
1075506,2017/18,2017-10-22,Buffalo Park,1,38.2,South Africa,Bangladesh,AK Markram,F du Plessis,Shakib Al Hasan,1,0,,,,,,,,,
1075506,2017/18,2017-10-22,Buffalo Park,1,38.3,South Africa,Bangladesh,F du Plessis,AK Markram,Shakib Al Hasan,1,0,,,,,,,,,
1075506,2017/18,2017-10-22,Buffalo Park,1,38.4,South Africa,Bangladesh,AK Markram,F du Plessis,Shakib Al Hasan,2,0,,,,,,,,,
1075506,2017/18,2017-10-22,Buffalo Park,1,38.5,South Africa,Bangladesh,AK Markram,F du Plessis,Shakib Al Hasan,1,0,,,,,,,,,
1075506,2017/18,2017-10-22,Buffalo Park,1,38.6,South Africa,Bangladesh,F du Plessis,AK Markram,Shakib Al Hasan,1,0,,,,,,,,,
1075506,2017/18,2017-10-22,Buffalo Park,1,39.1,South Africa,Bangladesh,F du Plessis,AK Markram,Rubel Hossain,4,0,,,,,,,,,
1075506,2017/18,2017-10-22,Buffalo Park,1,39.2,South Africa,Bangladesh,F du Plessis,AK Markram,Rubel Hossain,0,0,,,,,,,,,
1075506,2017/18,2017-10-22,Buffalo Park,1,39.3,South Africa,Bangladesh,F du Plessis,AK Markram,Rubel Hossain,0,0,,,,,,,,,
1075506,2017/18,2017-10-22,Buffalo Park,1,39.4,South Africa,Bangladesh,F du Plessis,AK Markram,Rubel Hossain,1,0,,,,,,,,,
1075506,2017/18,2017-10-22,Buffalo Park,1,39.5,South Africa,Bangladesh,AK Markram,F du Plessis,Rubel Hossain,0,1,,,,1,,,,,
1075506,2017/18,2017-10-22,Buffalo Park,1,39.6,South Africa,Bangladesh,F du Plessis,AK Markram,Rubel Hossain,1,0,,,,,,,,,
1075506,2017/18,2017-10-22,Buffalo Park,1,40.1,South Africa,Bangladesh,F du Plessis,AK Markram,Mashrafe Mortaza,2,0,,,,,,retired hurt,F du Plessis,,
1075506,2017/18,2017-10-22,Buffalo Park,1,40.2,South Africa,Bangladesh,AB de Villiers,AK Markram,Mashrafe Mortaza,0,0,,,,,,,,,
1075506,2017/18,2017-10-22,Buffalo Park,1,40.3,South Africa,Bangladesh,AB de Villiers,AK Markram,Mashrafe Mortaza,0,0,,,,,,,,,
1075506,2017/18,2017-10-22,Buffalo Park,1,40.4,South Africa,Bangladesh,AB de Villiers,AK Markram,Mashrafe Mortaza,4,0,,,,,,,,,
1075506,2017/18,2017-10-22,Buffalo Park,1,40.5,South Africa,Bangladesh,AB de Villiers,AK Markram,Mashrafe Mortaza,1,0,,,,,,,,,
1075506,2017/18,2017-10-22,Buffalo Park,1,40.6,South Africa,Bangladesh,AK Markram,AB de Villiers,Mashrafe Mortaza,1,0,,,,,,run out,AK Markram,,
1075506,2017/18,2017-10-22,Buffalo Park,1,41.1,South Africa,Bangladesh,AB de Villiers,F Behardien,Rubel Hossain,1,0,,,,,,,,,
1075506,2017/18,2017-10-22,Buffalo Park,1,41.2,South Africa,Bangladesh,F Behardien,AB de Villiers,Rubel Hossain,1,0,,,,,,,,,
1075506,2017/18,2017-10-22,Buffalo Park,1,41.3,South Africa,Bangladesh,AB de Villiers,F Behardien,Rubel Hossain,0,0,,,,,,,,,
1075506,2017/18,2017-10-22,Buffalo Park,1,41.4,South Africa,Bangladesh,AB de Villiers,F Behardien,Rubel Hossain,1,0,,,,,,,,,
1075506,2017/18,2017-10-22,Buffalo Park,1,41.5,South Africa,Bangladesh,F Behardien,AB de Villiers,Rubel Hossain,1,0,,,,,,,,,
1075506,2017/18,2017-10-22,Buffalo Park,1,41.6,South Africa,Bangladesh,AB de Villiers,F Behardien,Rubel Hossain,2,0,,,,,,,,,
1075506,2017/18,2017-10-22,Buffalo Park,1,42.1,South Africa,Bangladesh,F Behardien,AB de Villiers,Mashrafe Mortaza,2,0,,,,,,,,,
1075506,2017/18,2017-10-22,Buffalo Park,1,42.2,South Africa,Bangladesh,F Behardien,AB de Villiers,Mashrafe Mortaza,0,0,,,,,,,,,
1075506,2017/18,2017-10-22,Buffalo Park,1,42.3,South Africa,Bangladesh,F Behardien,AB de Villiers,Mashrafe Mortaza,0,0,,,,,,,,,
1075506,2017/18,2017-10-22,Buffalo Park,1,42.4,South Africa,Bangladesh,F Behardien,AB de Villiers,Mashrafe Mortaza,0,0,,,,,,,,,
1075506,2017/18,2017-10-22,Buffalo Park,1,42.5,South Africa,Bangladesh,F Behardien,AB de Villiers,Mashrafe Mortaza,1,0,,,,,,,,,
1075506,2017/18,2017-10-22,Buffalo Park,1,42.6,South Africa,Bangladesh,AB de Villiers,F Behardien,Mashrafe Mortaza,6,0,,,,,,,,,
1075506,2017/18,2017-10-22,Buffalo Park,1,43.1,South Africa,Bangladesh,F Behardien,AB de Villiers,Rubel Hossain,1,0,,,,,,,,,
1075506,2017/18,2017-10-22,Buffalo Park,1,43.2,South Africa,Bangladesh,AB de Villiers,F Behardien,Rubel Hossain,1,0,,,,,,,,,
1075506,2017/18,2017-10-22,Buffalo Park,1,43.3,South Africa,Bangladesh,F Behardien,AB de Villiers,Rubel Hossain,0,2,,,,2,,,,,
1075506,2017/18,2017-10-22,Buffalo Park,1,43.4,South Africa,Bangladesh,F Behardien,AB de Villiers,Rubel Hossain,4,0,,,,,,,,,
1075506,2017/18,2017-10-22,Buffalo Park,1,43.5,South Africa,Bangladesh,F Behardien,AB de Villiers,Rubel Hossain,1,0,,,,,,,,,
1075506,2017/18,2017-10-22,Buffalo Park,1,43.6,South Africa,Bangladesh,AB de Villiers,F Behardien,Rubel Hossain,1,0,,,,,,,,,
1075506,2017/18,2017-10-22,Buffalo Park,1,44.1,South Africa,Bangladesh,AB de Villiers,F Behardien,Taskin Ahmed,0,0,,,,,,,,,
1075506,2017/18,2017-10-22,Buffalo Park,1,44.2,South Africa,Bangladesh,AB de Villiers,F Behardien,Taskin Ahmed,2,0,,,,,,,,,
1075506,2017/18,2017-10-22,Buffalo Park,1,44.3,South Africa,Bangladesh,AB de Villiers,F Behardien,Taskin Ahmed,1,0,,,,,,,,,
1075506,2017/18,2017-10-22,Buffalo Park,1,44.4,South Africa,Bangladesh,F Behardien,AB de Villiers,Taskin Ahmed,0,0,,,,,,,,,
1075506,2017/18,2017-10-22,Buffalo Park,1,44.5,South Africa,Bangladesh,F Behardien,AB de Villiers,Taskin Ahmed,4,0,,,,,,,,,
1075506,2017/18,2017-10-22,Buffalo Park,1,44.6,South Africa,Bangladesh,F Behardien,AB de Villiers,Taskin Ahmed,4,0,,,,,,,,,
1075506,2017/18,2017-10-22,Buffalo Park,1,45.1,South Africa,Bangladesh,AB de Villiers,F Behardien,Rubel Hossain,0,0,,,,,,caught,AB de Villiers,,
1075506,2017/18,2017-10-22,Buffalo Park,1,45.2,South Africa,Bangladesh,F Behardien,PWA Mulder,Rubel Hossain,1,0,,,,,,,,,
1075506,2017/18,2017-10-22,Buffalo Park,1,45.3,South Africa,Bangladesh,PWA Mulder,F Behardien,Rubel Hossain,1,0,,,,,,,,,
1075506,2017/18,2017-10-22,Buffalo Park,1,45.4,South Africa,Bangladesh,F Behardien,PWA Mulder,Rubel Hossain,1,0,,,,,,,,,
1075506,2017/18,2017-10-22,Buffalo Park,1,45.5,South Africa,Bangladesh,PWA Mulder,F Behardien,Rubel Hossain,0,0,,,,,,,,,
1075506,2017/18,2017-10-22,Buffalo Park,1,45.6,South Africa,Bangladesh,PWA Mulder,F Behardien,Rubel Hossain,1,0,,,,,,,,,
1075506,2017/18,2017-10-22,Buffalo Park,1,46.1,South Africa,Bangladesh,PWA Mulder,F Behardien,Taskin Ahmed,0,0,,,,,,lbw,PWA Mulder,,
1075506,2017/18,2017-10-22,Buffalo Park,1,46.2,South Africa,Bangladesh,AL Phehlukwayo,F Behardien,Taskin Ahmed,4,0,,,,,,,,,
1075506,2017/18,2017-10-22,Buffalo Park,1,46.3,South Africa,Bangladesh,AL Phehlukwayo,F Behardien,Taskin Ahmed,0,0,,,,,,,,,
1075506,2017/18,2017-10-22,Buffalo Park,1,46.4,South Africa,Bangladesh,AL Phehlukwayo,F Behardien,Taskin Ahmed,1,0,,,,,,,,,
1075506,2017/18,2017-10-22,Buffalo Park,1,46.5,South Africa,Bangladesh,F Behardien,AL Phehlukwayo,Taskin Ahmed,1,0,,,,,,,,,
1075506,2017/18,2017-10-22,Buffalo Park,1,46.6,South Africa,Bangladesh,AL Phehlukwayo,F Behardien,Taskin Ahmed,0,0,,,,,,caught,AL Phehlukwayo,,
1075506,2017/18,2017-10-22,Buffalo Park,1,47.1,South Africa,Bangladesh,F Behardien,K Rabada,Rubel Hossain,1,0,,,,,,,,,
1075506,2017/18,2017-10-22,Buffalo Park,1,47.2,South Africa,Bangladesh,K Rabada,F Behardien,Rubel Hossain,2,0,,,,,,,,,
1075506,2017/18,2017-10-22,Buffalo Park,1,47.3,South Africa,Bangladesh,K Rabada,F Behardien,Rubel Hossain,0,0,,,,,,,,,
1075506,2017/18,2017-10-22,Buffalo Park,1,47.4,South Africa,Bangladesh,K Rabada,F Behardien,Rubel Hossain,0,0,,,,,,,,,
1075506,2017/18,2017-10-22,Buffalo Park,1,47.5,South Africa,Bangladesh,K Rabada,F Behardien,Rubel Hossain,1,0,,,,,,,,,
1075506,2017/18,2017-10-22,Buffalo Park,1,47.6,South Africa,Bangladesh,F Behardien,K Rabada,Rubel Hossain,1,0,,,,,,,,,
1075506,2017/18,2017-10-22,Buffalo Park,1,48.1,South Africa,Bangladesh,F Behardien,K Rabada,Taskin Ahmed,1,0,,,,,,,,,
1075506,2017/18,2017-10-22,Buffalo Park,1,48.2,South Africa,Bangladesh,K Rabada,F Behardien,Taskin Ahmed,0,0,,,,,,,,,
1075506,2017/18,2017-10-22,Buffalo Park,1,48.3,South Africa,Bangladesh,K Rabada,F Behardien,Taskin Ahmed,4,0,,,,,,,,,
1075506,2017/18,2017-10-22,Buffalo Park,1,48.4,South Africa,Bangladesh,K Rabada,F Behardien,Taskin Ahmed,1,0,,,,,,,,,
1075506,2017/18,2017-10-22,Buffalo Park,1,48.5,South Africa,Bangladesh,F Behardien,K Rabada,Taskin Ahmed,1,0,,,,,,,,,
1075506,2017/18,2017-10-22,Buffalo Park,1,48.6,South Africa,Bangladesh,K Rabada,F Behardien,Taskin Ahmed,4,0,,,,,,,,,
1075506,2017/18,2017-10-22,Buffalo Park,1,49.1,South Africa,Bangladesh,F Behardien,K Rabada,Rubel Hossain,1,0,,,,,,,,,
1075506,2017/18,2017-10-22,Buffalo Park,1,49.2,South Africa,Bangladesh,K Rabada,F Behardien,Rubel Hossain,6,0,,,,,,,,,
1075506,2017/18,2017-10-22,Buffalo Park,1,49.3,South Africa,Bangladesh,K Rabada,F Behardien,Rubel Hossain,4,0,,,,,,,,,
1075506,2017/18,2017-10-22,Buffalo Park,1,49.4,South Africa,Bangladesh,K Rabada,F Behardien,Rubel Hossain,1,0,,,,,,,,,
1075506,2017/18,2017-10-22,Buffalo Park,1,49.5,South Africa,Bangladesh,F Behardien,K Rabada,Rubel Hossain,2,0,,,,,,,,,
1075506,2017/18,2017-10-22,Buffalo Park,1,49.6,South Africa,Bangladesh,F Behardien,K Rabada,Rubel Hossain,4,0,,,,,,,,,
1075506,2017/18,2017-10-22,Buffalo Park,2,0.1,Bangladesh,South Africa,Imrul Kayes,Soumya Sarkar,K Rabada,1,0,,,,,,,,,
1075506,2017/18,2017-10-22,Buffalo Park,2,0.2,Bangladesh,South Africa,Soumya Sarkar,Imrul Kayes,K Rabada,1,0,,,,,,,,,
1075506,2017/18,2017-10-22,Buffalo Park,2,0.3,Bangladesh,South Africa,Imrul Kayes,Soumya Sarkar,K Rabada,0,0,,,,,,,,,
1075506,2017/18,2017-10-22,Buffalo Park,2,0.4,Bangladesh,South Africa,Imrul Kayes,Soumya Sarkar,K Rabada,0,0,,,,,,,,,
1075506,2017/18,2017-10-22,Buffalo Park,2,0.5,Bangladesh,South Africa,Imrul Kayes,Soumya Sarkar,K Rabada,0,0,,,,,,,,,
1075506,2017/18,2017-10-22,Buffalo Park,2,0.6,Bangladesh,South Africa,Imrul Kayes,Soumya Sarkar,K Rabada,0,0,,,,,,,,,
1075506,2017/18,2017-10-22,Buffalo Park,2,1.1,Bangladesh,South Africa,Soumya Sarkar,Imrul Kayes,D Paterson,1,0,,,,,,,,,
1075506,2017/18,2017-10-22,Buffalo Park,2,1.2,Bangladesh,South Africa,Imrul Kayes,Soumya Sarkar,D Paterson,0,0,,,,,,caught,Imrul Kayes,,
1075506,2017/18,2017-10-22,Buffalo Park,2,1.3,Bangladesh,South Africa,Liton Das,Soumya Sarkar,D Paterson,0,0,,,,,,,,,
1075506,2017/18,2017-10-22,Buffalo Park,2,1.4,Bangladesh,South Africa,Liton Das,Soumya Sarkar,D Paterson,4,0,,,,,,,,,
1075506,2017/18,2017-10-22,Buffalo Park,2,1.5,Bangladesh,South Africa,Liton Das,Soumya Sarkar,D Paterson,2,0,,,,,,,,,
1075506,2017/18,2017-10-22,Buffalo Park,2,1.6,Bangladesh,South Africa,Liton Das,Soumya Sarkar,D Paterson,0,0,,,,,,,,,
1075506,2017/18,2017-10-22,Buffalo Park,2,2.1,Bangladesh,South Africa,Soumya Sarkar,Liton Das,K Rabada,0,0,,,,,,,,,
1075506,2017/18,2017-10-22,Buffalo Park,2,2.2,Bangladesh,South Africa,Soumya Sarkar,Liton Das,K Rabada,0,0,,,,,,,,,
1075506,2017/18,2017-10-22,Buffalo Park,2,2.3,Bangladesh,South Africa,Soumya Sarkar,Liton Das,K Rabada,4,0,,,,,,,,,
1075506,2017/18,2017-10-22,Buffalo Park,2,2.4,Bangladesh,South Africa,Soumya Sarkar,Liton Das,K Rabada,2,0,,,,,,,,,
1075506,2017/18,2017-10-22,Buffalo Park,2,2.5,Bangladesh,South Africa,Soumya Sarkar,Liton Das,K Rabada,0,0,,,,,,,,,
1075506,2017/18,2017-10-22,Buffalo Park,2,2.6,Bangladesh,South Africa,Soumya Sarkar,Liton Das,K Rabada,0,0,,,,,,,,,
1075506,2017/18,2017-10-22,Buffalo Park,2,3.1,Bangladesh,South Africa,Liton Das,Soumya Sarkar,D Paterson,0,0,,,,,,,,,
1075506,2017/18,2017-10-22,Buffalo Park,2,3.2,Bangladesh,South Africa,Liton Das,Soumya Sarkar,D Paterson,0,0,,,,,,lbw,Liton Das,,
1075506,2017/18,2017-10-22,Buffalo Park,2,3.3,Bangladesh,South Africa,Mushfiqur Rahim,Soumya Sarkar,D Paterson,0,0,,,,,,,,,
1075506,2017/18,2017-10-22,Buffalo Park,2,3.4,Bangladesh,South Africa,Mushfiqur Rahim,Soumya Sarkar,D Paterson,0,1,1,,,,,,,,
1075506,2017/18,2017-10-22,Buffalo Park,2,3.5,Bangladesh,South Africa,Mushfiqur Rahim,Soumya Sarkar,D Paterson,0,0,,,,,,,,,
1075506,2017/18,2017-10-22,Buffalo Park,2,3.6,Bangladesh,South Africa,Mushfiqur Rahim,Soumya Sarkar,D Paterson,4,0,,,,,,,,,
1075506,2017/18,2017-10-22,Buffalo Park,2,3.7,Bangladesh,South Africa,Mushfiqur Rahim,Soumya Sarkar,D Paterson,0,0,,,,,,,,,
1075506,2017/18,2017-10-22,Buffalo Park,2,4.1,Bangladesh,South Africa,Soumya Sarkar,Mushfiqur Rahim,K Rabada,0,0,,,,,,,,,
1075506,2017/18,2017-10-22,Buffalo Park,2,4.2,Bangladesh,South Africa,Soumya Sarkar,Mushfiqur Rahim,K Rabada,0,0,,,,,,,,,
1075506,2017/18,2017-10-22,Buffalo Park,2,4.3,Bangladesh,South Africa,Soumya Sarkar,Mushfiqur Rahim,K Rabada,0,0,,,,,,,,,
1075506,2017/18,2017-10-22,Buffalo Park,2,4.4,Bangladesh,South Africa,Soumya Sarkar,Mushfiqur Rahim,K Rabada,0,0,,,,,,,,,
1075506,2017/18,2017-10-22,Buffalo Park,2,4.5,Bangladesh,South Africa,Soumya Sarkar,Mushfiqur Rahim,K Rabada,0,0,,,,,,caught,Soumya Sarkar,,
1075506,2017/18,2017-10-22,Buffalo Park,2,4.6,Bangladesh,South Africa,Shakib Al Hasan,Mushfiqur Rahim,K Rabada,0,0,,,,,,,,,
1075506,2017/18,2017-10-22,Buffalo Park,2,5.1,Bangladesh,South Africa,Mushfiqur Rahim,Shakib Al Hasan,D Paterson,0,0,,,,,,,,,
1075506,2017/18,2017-10-22,Buffalo Park,2,5.2,Bangladesh,South Africa,Mushfiqur Rahim,Shakib Al Hasan,D Paterson,0,0,,,,,,,,,
1075506,2017/18,2017-10-22,Buffalo Park,2,5.3,Bangladesh,South Africa,Mushfiqur Rahim,Shakib Al Hasan,D Paterson,1,0,,,,,,,,,
1075506,2017/18,2017-10-22,Buffalo Park,2,5.4,Bangladesh,South Africa,Shakib Al Hasan,Mushfiqur Rahim,D Paterson,0,0,,,,,,,,,
1075506,2017/18,2017-10-22,Buffalo Park,2,5.5,Bangladesh,South Africa,Shakib Al Hasan,Mushfiqur Rahim,D Paterson,4,0,,,,,,,,,
1075506,2017/18,2017-10-22,Buffalo Park,2,5.6,Bangladesh,South Africa,Shakib Al Hasan,Mushfiqur Rahim,D Paterson,0,0,,,,,,,,,
1075506,2017/18,2017-10-22,Buffalo Park,2,6.1,Bangladesh,South Africa,Mushfiqur Rahim,Shakib Al Hasan,K Rabada,1,0,,,,,,,,,
1075506,2017/18,2017-10-22,Buffalo Park,2,6.2,Bangladesh,South Africa,Shakib Al Hasan,Mushfiqur Rahim,K Rabada,2,0,,,,,,,,,
1075506,2017/18,2017-10-22,Buffalo Park,2,6.3,Bangladesh,South Africa,Shakib Al Hasan,Mushfiqur Rahim,K Rabada,0,0,,,,,,,,,
1075506,2017/18,2017-10-22,Buffalo Park,2,6.4,Bangladesh,South Africa,Shakib Al Hasan,Mushfiqur Rahim,K Rabada,1,0,,,,,,,,,
1075506,2017/18,2017-10-22,Buffalo Park,2,6.5,Bangladesh,South Africa,Mushfiqur Rahim,Shakib Al Hasan,K Rabada,0,0,,,,,,,,,
1075506,2017/18,2017-10-22,Buffalo Park,2,6.6,Bangladesh,South Africa,Mushfiqur Rahim,Shakib Al Hasan,K Rabada,0,0,,,,,,,,,
1075506,2017/18,2017-10-22,Buffalo Park,2,7.1,Bangladesh,South Africa,Shakib Al Hasan,Mushfiqur Rahim,D Paterson,1,0,,,,,,,,,
1075506,2017/18,2017-10-22,Buffalo Park,2,7.2,Bangladesh,South Africa,Mushfiqur Rahim,Shakib Al Hasan,D Paterson,0,1,,,,1,,,,,
1075506,2017/18,2017-10-22,Buffalo Park,2,7.3,Bangladesh,South Africa,Shakib Al Hasan,Mushfiqur Rahim,D Paterson,4,0,,,,,,,,,
1075506,2017/18,2017-10-22,Buffalo Park,2,7.4,Bangladesh,South Africa,Shakib Al Hasan,Mushfiqur Rahim,D Paterson,0,0,,,,,,,,,
1075506,2017/18,2017-10-22,Buffalo Park,2,7.5,Bangladesh,South Africa,Shakib Al Hasan,Mushfiqur Rahim,D Paterson,0,0,,,,,,,,,
1075506,2017/18,2017-10-22,Buffalo Park,2,7.6,Bangladesh,South Africa,Shakib Al Hasan,Mushfiqur Rahim,D Paterson,0,0,,,,,,,,,
1075506,2017/18,2017-10-22,Buffalo Park,2,8.1,Bangladesh,South Africa,Mushfiqur Rahim,Shakib Al Hasan,K Rabada,0,0,,,,,,,,,
1075506,2017/18,2017-10-22,Buffalo Park,2,8.2,Bangladesh,South Africa,Mushfiqur Rahim,Shakib Al Hasan,K Rabada,0,0,,,,,,,,,
1075506,2017/18,2017-10-22,Buffalo Park,2,8.3,Bangladesh,South Africa,Mushfiqur Rahim,Shakib Al Hasan,K Rabada,0,0,,,,,,,,,
1075506,2017/18,2017-10-22,Buffalo Park,2,8.4,Bangladesh,South Africa,Mushfiqur Rahim,Shakib Al Hasan,K Rabada,1,0,,,,,,,,,
1075506,2017/18,2017-10-22,Buffalo Park,2,8.5,Bangladesh,South Africa,Shakib Al Hasan,Mushfiqur Rahim,K Rabada,1,0,,,,,,,,,
1075506,2017/18,2017-10-22,Buffalo Park,2,8.6,Bangladesh,South Africa,Mushfiqur Rahim,Shakib Al Hasan,K Rabada,0,1,1,,,,,,,,
1075506,2017/18,2017-10-22,Buffalo Park,2,8.7,Bangladesh,South Africa,Mushfiqur Rahim,Shakib Al Hasan,K Rabada,0,0,,,,,,,,,
1075506,2017/18,2017-10-22,Buffalo Park,2,9.1,Bangladesh,South Africa,Shakib Al Hasan,Mushfiqur Rahim,D Paterson,0,0,,,,,,,,,
1075506,2017/18,2017-10-22,Buffalo Park,2,9.2,Bangladesh,South Africa,Shakib Al Hasan,Mushfiqur Rahim,D Paterson,0,0,,,,,,,,,
1075506,2017/18,2017-10-22,Buffalo Park,2,9.3,Bangladesh,South Africa,Shakib Al Hasan,Mushfiqur Rahim,D Paterson,4,0,,,,,,,,,
1075506,2017/18,2017-10-22,Buffalo Park,2,9.4,Bangladesh,South Africa,Shakib Al Hasan,Mushfiqur Rahim,D Paterson,4,0,,,,,,,,,
1075506,2017/18,2017-10-22,Buffalo Park,2,9.5,Bangladesh,South Africa,Shakib Al Hasan,Mushfiqur Rahim,D Paterson,1,0,,,,,,,,,
1075506,2017/18,2017-10-22,Buffalo Park,2,9.6,Bangladesh,South Africa,Mushfiqur Rahim,Shakib Al Hasan,D Paterson,0,0,,,,,,,,,
1075506,2017/18,2017-10-22,Buffalo Park,2,10.1,Bangladesh,South Africa,Shakib Al Hasan,Mushfiqur Rahim,PWA Mulder,0,0,,,,,,,,,
1075506,2017/18,2017-10-22,Buffalo Park,2,10.2,Bangladesh,South Africa,Shakib Al Hasan,Mushfiqur Rahim,PWA Mulder,1,0,,,,,,,,,
1075506,2017/18,2017-10-22,Buffalo Park,2,10.3,Bangladesh,South Africa,Mushfiqur Rahim,Shakib Al Hasan,PWA Mulder,0,0,,,,,,,,,
1075506,2017/18,2017-10-22,Buffalo Park,2,10.4,Bangladesh,South Africa,Mushfiqur Rahim,Shakib Al Hasan,PWA Mulder,0,0,,,,,,,,,
1075506,2017/18,2017-10-22,Buffalo Park,2,10.5,Bangladesh,South Africa,Mushfiqur Rahim,Shakib Al Hasan,PWA Mulder,1,0,,,,,,,,,
1075506,2017/18,2017-10-22,Buffalo Park,2,10.6,Bangladesh,South Africa,Shakib Al Hasan,Mushfiqur Rahim,PWA Mulder,1,0,,,,,,,,,
1075506,2017/18,2017-10-22,Buffalo Park,2,11.1,Bangladesh,South Africa,Shakib Al Hasan,Mushfiqur Rahim,AL Phehlukwayo,0,0,,,,,,,,,
1075506,2017/18,2017-10-22,Buffalo Park,2,11.2,Bangladesh,South Africa,Shakib Al Hasan,Mushfiqur Rahim,AL Phehlukwayo,1,0,,,,,,,,,
1075506,2017/18,2017-10-22,Buffalo Park,2,11.3,Bangladesh,South Africa,Mushfiqur Rahim,Shakib Al Hasan,AL Phehlukwayo,0,0,,,,,,caught,Mushfiqur Rahim,,
1075506,2017/18,2017-10-22,Buffalo Park,2,11.4,Bangladesh,South Africa,Shakib Al Hasan,Mahmudullah,AL Phehlukwayo,1,0,,,,,,,,,
1075506,2017/18,2017-10-22,Buffalo Park,2,11.5,Bangladesh,South Africa,Mahmudullah,Shakib Al Hasan,AL Phehlukwayo,0,0,,,,,,,,,
1075506,2017/18,2017-10-22,Buffalo Park,2,11.6,Bangladesh,South Africa,Mahmudullah,Shakib Al Hasan,AL Phehlukwayo,1,0,,,,,,,,,
1075506,2017/18,2017-10-22,Buffalo Park,2,12.1,Bangladesh,South Africa,Mahmudullah,Shakib Al Hasan,PWA Mulder,1,0,,,,,,,,,
1075506,2017/18,2017-10-22,Buffalo Park,2,12.2,Bangladesh,South Africa,Shakib Al Hasan,Mahmudullah,PWA Mulder,0,0,,,,,,,,,
1075506,2017/18,2017-10-22,Buffalo Park,2,12.3,Bangladesh,South Africa,Shakib Al Hasan,Mahmudullah,PWA Mulder,0,0,,,,,,,,,
1075506,2017/18,2017-10-22,Buffalo Park,2,12.4,Bangladesh,South Africa,Shakib Al Hasan,Mahmudullah,PWA Mulder,1,0,,,,,,,,,
1075506,2017/18,2017-10-22,Buffalo Park,2,12.5,Bangladesh,South Africa,Mahmudullah,Shakib Al Hasan,PWA Mulder,0,0,,,,,,,,,
1075506,2017/18,2017-10-22,Buffalo Park,2,12.6,Bangladesh,South Africa,Mahmudullah,Shakib Al Hasan,PWA Mulder,0,0,,,,,,,,,
1075506,2017/18,2017-10-22,Buffalo Park,2,13.1,Bangladesh,South Africa,Shakib Al Hasan,Mahmudullah,AL Phehlukwayo,0,0,,,,,,,,,
1075506,2017/18,2017-10-22,Buffalo Park,2,13.2,Bangladesh,South Africa,Shakib Al Hasan,Mahmudullah,AL Phehlukwayo,0,0,,,,,,,,,
1075506,2017/18,2017-10-22,Buffalo Park,2,13.3,Bangladesh,South Africa,Shakib Al Hasan,Mahmudullah,AL Phehlukwayo,4,0,,,,,,,,,
1075506,2017/18,2017-10-22,Buffalo Park,2,13.4,Bangladesh,South Africa,Shakib Al Hasan,Mahmudullah,AL Phehlukwayo,0,0,,,,,,,,,
1075506,2017/18,2017-10-22,Buffalo Park,2,13.5,Bangladesh,South Africa,Shakib Al Hasan,Mahmudullah,AL Phehlukwayo,0,0,,,,,,,,,
1075506,2017/18,2017-10-22,Buffalo Park,2,13.6,Bangladesh,South Africa,Shakib Al Hasan,Mahmudullah,AL Phehlukwayo,1,0,,,,,,,,,
1075506,2017/18,2017-10-22,Buffalo Park,2,14.1,Bangladesh,South Africa,Shakib Al Hasan,Mahmudullah,PWA Mulder,1,0,,,,,,,,,
1075506,2017/18,2017-10-22,Buffalo Park,2,14.2,Bangladesh,South Africa,Mahmudullah,Shakib Al Hasan,PWA Mulder,0,0,,,,,,,,,
1075506,2017/18,2017-10-22,Buffalo Park,2,14.3,Bangladesh,South Africa,Mahmudullah,Shakib Al Hasan,PWA Mulder,0,0,,,,,,lbw,Mahmudullah,,
1075506,2017/18,2017-10-22,Buffalo Park,2,14.4,Bangladesh,South Africa,Sabbir Rahman,Shakib Al Hasan,PWA Mulder,0,0,,,,,,,,,
1075506,2017/18,2017-10-22,Buffalo Park,2,14.5,Bangladesh,South Africa,Sabbir Rahman,Shakib Al Hasan,PWA Mulder,0,1,,1,,,,,,,
1075506,2017/18,2017-10-22,Buffalo Park,2,14.6,Bangladesh,South Africa,Sabbir Rahman,Shakib Al Hasan,PWA Mulder,1,0,,,,,,,,,
1075506,2017/18,2017-10-22,Buffalo Park,2,14.7,Bangladesh,South Africa,Shakib Al Hasan,Sabbir Rahman,PWA Mulder,0,0,,,,,,,,,
1075506,2017/18,2017-10-22,Buffalo Park,2,15.1,Bangladesh,South Africa,Sabbir Rahman,Shakib Al Hasan,AL Phehlukwayo,0,0,,,,,,,,,
1075506,2017/18,2017-10-22,Buffalo Park,2,15.2,Bangladesh,South Africa,Sabbir Rahman,Shakib Al Hasan,AL Phehlukwayo,0,0,,,,,,,,,
1075506,2017/18,2017-10-22,Buffalo Park,2,15.3,Bangladesh,South Africa,Sabbir Rahman,Shakib Al Hasan,AL Phehlukwayo,0,0,,,,,,,,,
1075506,2017/18,2017-10-22,Buffalo Park,2,15.4,Bangladesh,South Africa,Sabbir Rahman,Shakib Al Hasan,AL Phehlukwayo,0,0,,,,,,,,,
1075506,2017/18,2017-10-22,Buffalo Park,2,15.5,Bangladesh,South Africa,Sabbir Rahman,Shakib Al Hasan,AL Phehlukwayo,0,0,,,,,,,,,
1075506,2017/18,2017-10-22,Buffalo Park,2,15.6,Bangladesh,South Africa,Sabbir Rahman,Shakib Al Hasan,AL Phehlukwayo,0,0,,,,,,,,,
1075506,2017/18,2017-10-22,Buffalo Park,2,16.1,Bangladesh,South Africa,Shakib Al Hasan,Sabbir Rahman,PWA Mulder,0,0,,,,,,,,,
1075506,2017/18,2017-10-22,Buffalo Park,2,16.2,Bangladesh,South Africa,Shakib Al Hasan,Sabbir Rahman,PWA Mulder,2,0,,,,,,,,,
1075506,2017/18,2017-10-22,Buffalo Park,2,16.3,Bangladesh,South Africa,Shakib Al Hasan,Sabbir Rahman,PWA Mulder,1,0,,,,,,,,,
1075506,2017/18,2017-10-22,Buffalo Park,2,16.4,Bangladesh,South Africa,Sabbir Rahman,Shakib Al Hasan,PWA Mulder,0,0,,,,,,,,,
1075506,2017/18,2017-10-22,Buffalo Park,2,16.5,Bangladesh,South Africa,Sabbir Rahman,Shakib Al Hasan,PWA Mulder,0,0,,,,,,,,,
1075506,2017/18,2017-10-22,Buffalo Park,2,16.6,Bangladesh,South Africa,Sabbir Rahman,Shakib Al Hasan,PWA Mulder,0,0,,,,,,,,,
1075506,2017/18,2017-10-22,Buffalo Park,2,17.1,Bangladesh,South Africa,Shakib Al Hasan,Sabbir Rahman,AL Phehlukwayo,1,0,,,,,,,,,
1075506,2017/18,2017-10-22,Buffalo Park,2,17.2,Bangladesh,South Africa,Sabbir Rahman,Shakib Al Hasan,AL Phehlukwayo,1,0,,,,,,,,,
1075506,2017/18,2017-10-22,Buffalo Park,2,17.3,Bangladesh,South Africa,Shakib Al Hasan,Sabbir Rahman,AL Phehlukwayo,1,0,,,,,,,,,
1075506,2017/18,2017-10-22,Buffalo Park,2,17.4,Bangladesh,South Africa,Sabbir Rahman,Shakib Al Hasan,AL Phehlukwayo,1,0,,,,,,,,,
1075506,2017/18,2017-10-22,Buffalo Park,2,17.5,Bangladesh,South Africa,Shakib Al Hasan,Sabbir Rahman,AL Phehlukwayo,0,0,,,,,,,,,
1075506,2017/18,2017-10-22,Buffalo Park,2,17.6,Bangladesh,South Africa,Shakib Al Hasan,Sabbir Rahman,AL Phehlukwayo,1,0,,,,,,,,,
1075506,2017/18,2017-10-22,Buffalo Park,2,18.1,Bangladesh,South Africa,Shakib Al Hasan,Sabbir Rahman,PWA Mulder,0,0,,,,,,,,,
1075506,2017/18,2017-10-22,Buffalo Park,2,18.2,Bangladesh,South Africa,Shakib Al Hasan,Sabbir Rahman,PWA Mulder,1,0,,,,,,,,,
1075506,2017/18,2017-10-22,Buffalo Park,2,18.3,Bangladesh,South Africa,Sabbir Rahman,Shakib Al Hasan,PWA Mulder,1,0,,,,,,,,,
1075506,2017/18,2017-10-22,Buffalo Park,2,18.4,Bangladesh,South Africa,Shakib Al Hasan,Sabbir Rahman,PWA Mulder,1,0,,,,,,,,,
1075506,2017/18,2017-10-22,Buffalo Park,2,18.5,Bangladesh,South Africa,Sabbir Rahman,Shakib Al Hasan,PWA Mulder,0,0,,,,,,,,,
1075506,2017/18,2017-10-22,Buffalo Park,2,18.6,Bangladesh,South Africa,Sabbir Rahman,Shakib Al Hasan,PWA Mulder,1,0,,,,,,,,,
1075506,2017/18,2017-10-22,Buffalo Park,2,19.1,Bangladesh,South Africa,Sabbir Rahman,Shakib Al Hasan,Imran Tahir,2,0,,,,,,,,,
1075506,2017/18,2017-10-22,Buffalo Park,2,19.2,Bangladesh,South Africa,Sabbir Rahman,Shakib Al Hasan,Imran Tahir,0,0,,,,,,,,,
1075506,2017/18,2017-10-22,Buffalo Park,2,19.3,Bangladesh,South Africa,Sabbir Rahman,Shakib Al Hasan,Imran Tahir,1,0,,,,,,,,,
1075506,2017/18,2017-10-22,Buffalo Park,2,19.4,Bangladesh,South Africa,Shakib Al Hasan,Sabbir Rahman,Imran Tahir,0,0,,,,,,,,,
1075506,2017/18,2017-10-22,Buffalo Park,2,19.5,Bangladesh,South Africa,Shakib Al Hasan,Sabbir Rahman,Imran Tahir,1,0,,,,,,,,,
1075506,2017/18,2017-10-22,Buffalo Park,2,19.6,Bangladesh,South Africa,Sabbir Rahman,Shakib Al Hasan,Imran Tahir,0,0,,,,,,,,,
1075506,2017/18,2017-10-22,Buffalo Park,2,20.1,Bangladesh,South Africa,Shakib Al Hasan,Sabbir Rahman,K Rabada,0,0,,,,,,,,,
1075506,2017/18,2017-10-22,Buffalo Park,2,20.2,Bangladesh,South Africa,Shakib Al Hasan,Sabbir Rahman,K Rabada,0,0,,,,,,,,,
1075506,2017/18,2017-10-22,Buffalo Park,2,20.3,Bangladesh,South Africa,Shakib Al Hasan,Sabbir Rahman,K Rabada,0,0,,,,,,,,,
1075506,2017/18,2017-10-22,Buffalo Park,2,20.4,Bangladesh,South Africa,Shakib Al Hasan,Sabbir Rahman,K Rabada,0,0,,,,,,,,,
1075506,2017/18,2017-10-22,Buffalo Park,2,20.5,Bangladesh,South Africa,Shakib Al Hasan,Sabbir Rahman,K Rabada,1,0,,,,,,,,,
1075506,2017/18,2017-10-22,Buffalo Park,2,20.6,Bangladesh,South Africa,Sabbir Rahman,Shakib Al Hasan,K Rabada,4,0,,,,,,,,,
1075506,2017/18,2017-10-22,Buffalo Park,2,21.1,Bangladesh,South Africa,Shakib Al Hasan,Sabbir Rahman,Imran Tahir,0,0,,,,,,,,,
1075506,2017/18,2017-10-22,Buffalo Park,2,21.2,Bangladesh,South Africa,Shakib Al Hasan,Sabbir Rahman,Imran Tahir,0,0,,,,,,,,,
1075506,2017/18,2017-10-22,Buffalo Park,2,21.3,Bangladesh,South Africa,Shakib Al Hasan,Sabbir Rahman,Imran Tahir,0,0,,,,,,,,,
1075506,2017/18,2017-10-22,Buffalo Park,2,21.4,Bangladesh,South Africa,Shakib Al Hasan,Sabbir Rahman,Imran Tahir,0,0,,,,,,,,,
1075506,2017/18,2017-10-22,Buffalo Park,2,21.5,Bangladesh,South Africa,Shakib Al Hasan,Sabbir Rahman,Imran Tahir,1,0,,,,,,,,,
1075506,2017/18,2017-10-22,Buffalo Park,2,21.6,Bangladesh,South Africa,Sabbir Rahman,Shakib Al Hasan,Imran Tahir,0,0,,,,,,,,,
1075506,2017/18,2017-10-22,Buffalo Park,2,22.1,Bangladesh,South Africa,Shakib Al Hasan,Sabbir Rahman,K Rabada,0,0,,,,,,,,,
1075506,2017/18,2017-10-22,Buffalo Park,2,22.2,Bangladesh,South Africa,Shakib Al Hasan,Sabbir Rahman,K Rabada,4,0,,,,,,,,,
1075506,2017/18,2017-10-22,Buffalo Park,2,22.3,Bangladesh,South Africa,Shakib Al Hasan,Sabbir Rahman,K Rabada,0,0,,,,,,,,,
1075506,2017/18,2017-10-22,Buffalo Park,2,22.4,Bangladesh,South Africa,Shakib Al Hasan,Sabbir Rahman,K Rabada,0,0,,,,,,,,,
1075506,2017/18,2017-10-22,Buffalo Park,2,22.5,Bangladesh,South Africa,Shakib Al Hasan,Sabbir Rahman,K Rabada,1,0,,,,,,,,,
1075506,2017/18,2017-10-22,Buffalo Park,2,22.6,Bangladesh,South Africa,Sabbir Rahman,Shakib Al Hasan,K Rabada,0,1,1,,,,,,,,
1075506,2017/18,2017-10-22,Buffalo Park,2,22.7,Bangladesh,South Africa,Sabbir Rahman,Shakib Al Hasan,K Rabada,0,0,,,,,,,,,
1075506,2017/18,2017-10-22,Buffalo Park,2,23.1,Bangladesh,South Africa,Shakib Al Hasan,Sabbir Rahman,Imran Tahir,1,0,,,,,,,,,
1075506,2017/18,2017-10-22,Buffalo Park,2,23.2,Bangladesh,South Africa,Sabbir Rahman,Shakib Al Hasan,Imran Tahir,0,0,,,,,,,,,
1075506,2017/18,2017-10-22,Buffalo Park,2,23.3,Bangladesh,South Africa,Sabbir Rahman,Shakib Al Hasan,Imran Tahir,1,0,,,,,,,,,
1075506,2017/18,2017-10-22,Buffalo Park,2,23.4,Bangladesh,South Africa,Shakib Al Hasan,Sabbir Rahman,Imran Tahir,0,0,,,,,,,,,
1075506,2017/18,2017-10-22,Buffalo Park,2,23.5,Bangladesh,South Africa,Shakib Al Hasan,Sabbir Rahman,Imran Tahir,0,0,,,,,,,,,
1075506,2017/18,2017-10-22,Buffalo Park,2,23.6,Bangladesh,South Africa,Shakib Al Hasan,Sabbir Rahman,Imran Tahir,1,0,,,,,,,,,
1075506,2017/18,2017-10-22,Buffalo Park,2,24.1,Bangladesh,South Africa,Shakib Al Hasan,Sabbir Rahman,K Rabada,0,0,,,,,,,,,
1075506,2017/18,2017-10-22,Buffalo Park,2,24.2,Bangladesh,South Africa,Shakib Al Hasan,Sabbir Rahman,K Rabada,1,0,,,,,,,,,
1075506,2017/18,2017-10-22,Buffalo Park,2,24.3,Bangladesh,South Africa,Sabbir Rahman,Shakib Al Hasan,K Rabada,1,0,,,,,,,,,
1075506,2017/18,2017-10-22,Buffalo Park,2,24.4,Bangladesh,South Africa,Shakib Al Hasan,Sabbir Rahman,K Rabada,1,0,,,,,,,,,
1075506,2017/18,2017-10-22,Buffalo Park,2,24.5,Bangladesh,South Africa,Sabbir Rahman,Shakib Al Hasan,K Rabada,0,0,,,,,,,,,
1075506,2017/18,2017-10-22,Buffalo Park,2,24.6,Bangladesh,South Africa,Sabbir Rahman,Shakib Al Hasan,K Rabada,4,0,,,,,,,,,
1075506,2017/18,2017-10-22,Buffalo Park,2,25.1,Bangladesh,South Africa,Shakib Al Hasan,Sabbir Rahman,Imran Tahir,4,0,,,,,,,,,
1075506,2017/18,2017-10-22,Buffalo Park,2,25.2,Bangladesh,South Africa,Shakib Al Hasan,Sabbir Rahman,Imran Tahir,0,0,,,,,,,,,
1075506,2017/18,2017-10-22,Buffalo Park,2,25.3,Bangladesh,South Africa,Shakib Al Hasan,Sabbir Rahman,Imran Tahir,0,0,,,,,,,,,
1075506,2017/18,2017-10-22,Buffalo Park,2,25.4,Bangladesh,South Africa,Shakib Al Hasan,Sabbir Rahman,Imran Tahir,0,0,,,,,,,,,
1075506,2017/18,2017-10-22,Buffalo Park,2,25.5,Bangladesh,South Africa,Shakib Al Hasan,Sabbir Rahman,Imran Tahir,0,0,,,,,,,,,
1075506,2017/18,2017-10-22,Buffalo Park,2,25.6,Bangladesh,South Africa,Shakib Al Hasan,Sabbir Rahman,Imran Tahir,0,0,,,,,,,,,
1075506,2017/18,2017-10-22,Buffalo Park,2,26.1,Bangladesh,South Africa,Sabbir Rahman,Shakib Al Hasan,AK Markram,0,0,,,,,,,,,
1075506,2017/18,2017-10-22,Buffalo Park,2,26.2,Bangladesh,South Africa,Sabbir Rahman,Shakib Al Hasan,AK Markram,2,0,,,,,,,,,
1075506,2017/18,2017-10-22,Buffalo Park,2,26.3,Bangladesh,South Africa,Sabbir Rahman,Shakib Al Hasan,AK Markram,0,0,,,,,,,,,
1075506,2017/18,2017-10-22,Buffalo Park,2,26.4,Bangladesh,South Africa,Sabbir Rahman,Shakib Al Hasan,AK Markram,0,0,,,,,,,,,
1075506,2017/18,2017-10-22,Buffalo Park,2,26.5,Bangladesh,South Africa,Sabbir Rahman,Shakib Al Hasan,AK Markram,0,0,,,,,,,,,
1075506,2017/18,2017-10-22,Buffalo Park,2,26.6,Bangladesh,South Africa,Sabbir Rahman,Shakib Al Hasan,AK Markram,4,0,,,,,,,,,
1075506,2017/18,2017-10-22,Buffalo Park,2,27.1,Bangladesh,South Africa,Shakib Al Hasan,Sabbir Rahman,Imran Tahir,1,0,,,,,,,,,
1075506,2017/18,2017-10-22,Buffalo Park,2,27.2,Bangladesh,South Africa,Sabbir Rahman,Shakib Al Hasan,Imran Tahir,4,0,,,,,,,,,
1075506,2017/18,2017-10-22,Buffalo Park,2,27.3,Bangladesh,South Africa,Sabbir Rahman,Shakib Al Hasan,Imran Tahir,0,0,,,,,,,,,
1075506,2017/18,2017-10-22,Buffalo Park,2,27.4,Bangladesh,South Africa,Sabbir Rahman,Shakib Al Hasan,Imran Tahir,0,0,,,,,,,,,
1075506,2017/18,2017-10-22,Buffalo Park,2,27.5,Bangladesh,South Africa,Sabbir Rahman,Shakib Al Hasan,Imran Tahir,0,0,,,,,,,,,
1075506,2017/18,2017-10-22,Buffalo Park,2,27.6,Bangladesh,South Africa,Sabbir Rahman,Shakib Al Hasan,Imran Tahir,1,0,,,,,,,,,
1075506,2017/18,2017-10-22,Buffalo Park,2,28.1,Bangladesh,South Africa,Sabbir Rahman,Shakib Al Hasan,AK Markram,0,0,,,,,,,,,
1075506,2017/18,2017-10-22,Buffalo Park,2,28.2,Bangladesh,South Africa,Sabbir Rahman,Shakib Al Hasan,AK Markram,0,0,,,,,,,,,
1075506,2017/18,2017-10-22,Buffalo Park,2,28.3,Bangladesh,South Africa,Sabbir Rahman,Shakib Al Hasan,AK Markram,1,0,,,,,,,,,
1075506,2017/18,2017-10-22,Buffalo Park,2,28.4,Bangladesh,South Africa,Shakib Al Hasan,Sabbir Rahman,AK Markram,0,0,,,,,,,,,
1075506,2017/18,2017-10-22,Buffalo Park,2,28.5,Bangladesh,South Africa,Shakib Al Hasan,Sabbir Rahman,AK Markram,0,0,,,,,,,,,
1075506,2017/18,2017-10-22,Buffalo Park,2,28.6,Bangladesh,South Africa,Shakib Al Hasan,Sabbir Rahman,AK Markram,4,0,,,,,,,,,
1075506,2017/18,2017-10-22,Buffalo Park,2,29.1,Bangladesh,South Africa,Sabbir Rahman,Shakib Al Hasan,Imran Tahir,0,0,,,,,,,,,
1075506,2017/18,2017-10-22,Buffalo Park,2,29.2,Bangladesh,South Africa,Sabbir Rahman,Shakib Al Hasan,Imran Tahir,4,0,,,,,,,,,
1075506,2017/18,2017-10-22,Buffalo Park,2,29.3,Bangladesh,South Africa,Sabbir Rahman,Shakib Al Hasan,Imran Tahir,0,0,,,,,,,,,
1075506,2017/18,2017-10-22,Buffalo Park,2,29.4,Bangladesh,South Africa,Sabbir Rahman,Shakib Al Hasan,Imran Tahir,1,0,,,,,,,,,
1075506,2017/18,2017-10-22,Buffalo Park,2,29.5,Bangladesh,South Africa,Shakib Al Hasan,Sabbir Rahman,Imran Tahir,0,0,,,,,,,,,
1075506,2017/18,2017-10-22,Buffalo Park,2,29.6,Bangladesh,South Africa,Shakib Al Hasan,Sabbir Rahman,Imran Tahir,1,0,,,,,,,,,
1075506,2017/18,2017-10-22,Buffalo Park,2,30.1,Bangladesh,South Africa,Shakib Al Hasan,Sabbir Rahman,AK Markram,0,0,,,,,,caught,Shakib Al Hasan,,
1075506,2017/18,2017-10-22,Buffalo Park,2,30.2,Bangladesh,South Africa,Mehedi Hasan Miraz,Sabbir Rahman,AK Markram,2,0,,,,,,,,,
1075506,2017/18,2017-10-22,Buffalo Park,2,30.3,Bangladesh,South Africa,Mehedi Hasan Miraz,Sabbir Rahman,AK Markram,0,0,,,,,,,,,
1075506,2017/18,2017-10-22,Buffalo Park,2,30.4,Bangladesh,South Africa,Mehedi Hasan Miraz,Sabbir Rahman,AK Markram,1,0,,,,,,,,,
1075506,2017/18,2017-10-22,Buffalo Park,2,30.5,Bangladesh,South Africa,Sabbir Rahman,Mehedi Hasan Miraz,AK Markram,4,0,,,,,,,,,
1075506,2017/18,2017-10-22,Buffalo Park,2,30.6,Bangladesh,South Africa,Sabbir Rahman,Mehedi Hasan Miraz,AK Markram,0,0,,,,,,caught,Sabbir Rahman,,
1075506,2017/18,2017-10-22,Buffalo Park,2,31.1,Bangladesh,South Africa,Mehedi Hasan Miraz,Mashrafe Mortaza,Imran Tahir,0,0,,,,,,,,,
1075506,2017/18,2017-10-22,Buffalo Park,2,31.2,Bangladesh,South Africa,Mehedi Hasan Miraz,Mashrafe Mortaza,Imran Tahir,0,0,,,,,,,,,
1075506,2017/18,2017-10-22,Buffalo Park,2,31.3,Bangladesh,South Africa,Mehedi Hasan Miraz,Mashrafe Mortaza,Imran Tahir,0,0,,,,,,,,,
1075506,2017/18,2017-10-22,Buffalo Park,2,31.4,Bangladesh,South Africa,Mehedi Hasan Miraz,Mashrafe Mortaza,Imran Tahir,0,0,,,,,,,,,
1075506,2017/18,2017-10-22,Buffalo Park,2,31.5,Bangladesh,South Africa,Mehedi Hasan Miraz,Mashrafe Mortaza,Imran Tahir,0,0,,,,,,,,,
1075506,2017/18,2017-10-22,Buffalo Park,2,31.6,Bangladesh,South Africa,Mehedi Hasan Miraz,Mashrafe Mortaza,Imran Tahir,0,0,,,,,,,,,
1075506,2017/18,2017-10-22,Buffalo Park,2,32.1,Bangladesh,South Africa,Mashrafe Mortaza,Mehedi Hasan Miraz,PWA Mulder,0,0,,,,,,,,,
1075506,2017/18,2017-10-22,Buffalo Park,2,32.2,Bangladesh,South Africa,Mashrafe Mortaza,Mehedi Hasan Miraz,PWA Mulder,0,0,,,,,,,,,
1075506,2017/18,2017-10-22,Buffalo Park,2,32.3,Bangladesh,South Africa,Mashrafe Mortaza,Mehedi Hasan Miraz,PWA Mulder,4,0,,,,,,,,,
1075506,2017/18,2017-10-22,Buffalo Park,2,32.4,Bangladesh,South Africa,Mashrafe Mortaza,Mehedi Hasan Miraz,PWA Mulder,1,0,,,,,,,,,
1075506,2017/18,2017-10-22,Buffalo Park,2,32.5,Bangladesh,South Africa,Mehedi Hasan Miraz,Mashrafe Mortaza,PWA Mulder,1,0,,,,,,,,,
1075506,2017/18,2017-10-22,Buffalo Park,2,32.6,Bangladesh,South Africa,Mashrafe Mortaza,Mehedi Hasan Miraz,PWA Mulder,0,0,,,,,,,,,
1075506,2017/18,2017-10-22,Buffalo Park,2,33.1,Bangladesh,South Africa,Mehedi Hasan Miraz,Mashrafe Mortaza,D Paterson,0,0,,,,,,,,,
1075506,2017/18,2017-10-22,Buffalo Park,2,33.2,Bangladesh,South Africa,Mehedi Hasan Miraz,Mashrafe Mortaza,D Paterson,0,0,,,,,,,,,
1075506,2017/18,2017-10-22,Buffalo Park,2,33.3,Bangladesh,South Africa,Mehedi Hasan Miraz,Mashrafe Mortaza,D Paterson,3,0,,,,,,,,,
1075506,2017/18,2017-10-22,Buffalo Park,2,33.4,Bangladesh,South Africa,Mashrafe Mortaza,Mehedi Hasan Miraz,D Paterson,0,0,,,,,,,,,
1075506,2017/18,2017-10-22,Buffalo Park,2,33.5,Bangladesh,South Africa,Mashrafe Mortaza,Mehedi Hasan Miraz,D Paterson,4,0,,,,,,,,,
1075506,2017/18,2017-10-22,Buffalo Park,2,33.6,Bangladesh,South Africa,Mashrafe Mortaza,Mehedi Hasan Miraz,D Paterson,0,0,,,,,,,,,
1075506,2017/18,2017-10-22,Buffalo Park,2,34.1,Bangladesh,South Africa,Mehedi Hasan Miraz,Mashrafe Mortaza,PWA Mulder,0,0,,,,,,,,,
1075506,2017/18,2017-10-22,Buffalo Park,2,34.2,Bangladesh,South Africa,Mehedi Hasan Miraz,Mashrafe Mortaza,PWA Mulder,0,1,1,,,,,,,,
1075506,2017/18,2017-10-22,Buffalo Park,2,34.3,Bangladesh,South Africa,Mehedi Hasan Miraz,Mashrafe Mortaza,PWA Mulder,4,0,,,,,,,,,
1075506,2017/18,2017-10-22,Buffalo Park,2,34.4,Bangladesh,South Africa,Mehedi Hasan Miraz,Mashrafe Mortaza,PWA Mulder,0,0,,,,,,,,,
1075506,2017/18,2017-10-22,Buffalo Park,2,34.5,Bangladesh,South Africa,Mehedi Hasan Miraz,Mashrafe Mortaza,PWA Mulder,0,0,,,,,,,,,
1075506,2017/18,2017-10-22,Buffalo Park,2,34.6,Bangladesh,South Africa,Mehedi Hasan Miraz,Mashrafe Mortaza,PWA Mulder,0,0,,,,,,,,,
1075506,2017/18,2017-10-22,Buffalo Park,2,34.7,Bangladesh,South Africa,Mehedi Hasan Miraz,Mashrafe Mortaza,PWA Mulder,0,0,,,,,,,,,
1075506,2017/18,2017-10-22,Buffalo Park,2,35.1,Bangladesh,South Africa,Mashrafe Mortaza,Mehedi Hasan Miraz,D Paterson,0,0,,,,,,,,,
1075506,2017/18,2017-10-22,Buffalo Park,2,35.2,Bangladesh,South Africa,Mashrafe Mortaza,Mehedi Hasan Miraz,D Paterson,0,0,,,,,,,,,
1075506,2017/18,2017-10-22,Buffalo Park,2,35.3,Bangladesh,South Africa,Mashrafe Mortaza,Mehedi Hasan Miraz,D Paterson,2,0,,,,,,,,,
1075506,2017/18,2017-10-22,Buffalo Park,2,35.4,Bangladesh,South Africa,Mashrafe Mortaza,Mehedi Hasan Miraz,D Paterson,1,0,,,,,,,,,
1075506,2017/18,2017-10-22,Buffalo Park,2,35.5,Bangladesh,South Africa,Mehedi Hasan Miraz,Mashrafe Mortaza,D Paterson,0,0,,,,,,,,,
1075506,2017/18,2017-10-22,Buffalo Park,2,35.6,Bangladesh,South Africa,Mehedi Hasan Miraz,Mashrafe Mortaza,D Paterson,0,0,,,,,,,,,
1075506,2017/18,2017-10-22,Buffalo Park,2,36.1,Bangladesh,South Africa,Mashrafe Mortaza,Mehedi Hasan Miraz,PWA Mulder,4,0,,,,,,,,,
1075506,2017/18,2017-10-22,Buffalo Park,2,36.2,Bangladesh,South Africa,Mashrafe Mortaza,Mehedi Hasan Miraz,PWA Mulder,0,0,,,,,,,,,
1075506,2017/18,2017-10-22,Buffalo Park,2,36.3,Bangladesh,South Africa,Mashrafe Mortaza,Mehedi Hasan Miraz,PWA Mulder,1,0,,,,,,,,,
1075506,2017/18,2017-10-22,Buffalo Park,2,36.4,Bangladesh,South Africa,Mehedi Hasan Miraz,Mashrafe Mortaza,PWA Mulder,0,0,,,,,,,,,
1075506,2017/18,2017-10-22,Buffalo Park,2,36.5,Bangladesh,South Africa,Mehedi Hasan Miraz,Mashrafe Mortaza,PWA Mulder,1,0,,,,,,,,,
1075506,2017/18,2017-10-22,Buffalo Park,2,36.6,Bangladesh,South Africa,Mashrafe Mortaza,Mehedi Hasan Miraz,PWA Mulder,0,0,,,,,,,,,
1075506,2017/18,2017-10-22,Buffalo Park,2,37.1,Bangladesh,South Africa,Mehedi Hasan Miraz,Mashrafe Mortaza,D Paterson,0,1,,,1,,,,,,
1075506,2017/18,2017-10-22,Buffalo Park,2,37.2,Bangladesh,South Africa,Mashrafe Mortaza,Mehedi Hasan Miraz,D Paterson,0,0,,,,,,caught,Mashrafe Mortaza,,
1075506,2017/18,2017-10-22,Buffalo Park,2,37.3,Bangladesh,South Africa,Taskin Ahmed,Mehedi Hasan Miraz,D Paterson,1,0,,,,,,,,,
1075506,2017/18,2017-10-22,Buffalo Park,2,37.4,Bangladesh,South Africa,Mehedi Hasan Miraz,Taskin Ahmed,D Paterson,0,0,,,,,,,,,
1075506,2017/18,2017-10-22,Buffalo Park,2,37.5,Bangladesh,South Africa,Mehedi Hasan Miraz,Taskin Ahmed,D Paterson,0,0,,,,,,,,,
1075506,2017/18,2017-10-22,Buffalo Park,2,37.6,Bangladesh,South Africa,Mehedi Hasan Miraz,Taskin Ahmed,D Paterson,0,0,,,,,,,,,
1075506,2017/18,2017-10-22,Buffalo Park,2,38.1,Bangladesh,South Africa,Taskin Ahmed,Mehedi Hasan Miraz,Imran Tahir,0,1,1,,,,,,,,
1075506,2017/18,2017-10-22,Buffalo Park,2,38.2,Bangladesh,South Africa,Taskin Ahmed,Mehedi Hasan Miraz,Imran Tahir,0,0,,,,,,,,,
1075506,2017/18,2017-10-22,Buffalo Park,2,38.3,Bangladesh,South Africa,Taskin Ahmed,Mehedi Hasan Miraz,Imran Tahir,1,0,,,,,,,,,
1075506,2017/18,2017-10-22,Buffalo Park,2,38.4,Bangladesh,South Africa,Mehedi Hasan Miraz,Taskin Ahmed,Imran Tahir,0,0,,,,,,,,,
1075506,2017/18,2017-10-22,Buffalo Park,2,38.5,Bangladesh,South Africa,Mehedi Hasan Miraz,Taskin Ahmed,Imran Tahir,1,0,,,,,,,,,
1075506,2017/18,2017-10-22,Buffalo Park,2,38.6,Bangladesh,South Africa,Taskin Ahmed,Mehedi Hasan Miraz,Imran Tahir,0,0,,,,,,,,,
1075506,2017/18,2017-10-22,Buffalo Park,2,38.7,Bangladesh,South Africa,Taskin Ahmed,Mehedi Hasan Miraz,Imran Tahir,0,0,,,,,,,,,
1075506,2017/18,2017-10-22,Buffalo Park,2,39.1,Bangladesh,South Africa,Mehedi Hasan Miraz,Taskin Ahmed,D Paterson,0,0,,,,,,,,,
1075506,2017/18,2017-10-22,Buffalo Park,2,39.2,Bangladesh,South Africa,Mehedi Hasan Miraz,Taskin Ahmed,D Paterson,0,0,,,,,,,,,
1075506,2017/18,2017-10-22,Buffalo Park,2,39.3,Bangladesh,South Africa,Mehedi Hasan Miraz,Taskin Ahmed,D Paterson,2,0,,,,,,,,,
1075506,2017/18,2017-10-22,Buffalo Park,2,39.4,Bangladesh,South Africa,Mehedi Hasan Miraz,Taskin Ahmed,D Paterson,0,0,,,,,,,,,
1075506,2017/18,2017-10-22,Buffalo Park,2,39.5,Bangladesh,South Africa,Mehedi Hasan Miraz,Taskin Ahmed,D Paterson,0,0,,,,,,,,,
1075506,2017/18,2017-10-22,Buffalo Park,2,39.6,Bangladesh,South Africa,Mehedi Hasan Miraz,Taskin Ahmed,D Paterson,0,0,,,,,,,,,
1075506,2017/18,2017-10-22,Buffalo Park,2,40.1,Bangladesh,South Africa,Taskin Ahmed,Mehedi Hasan Miraz,Imran Tahir,0,0,,,,,,caught,Taskin Ahmed,,
1075506,2017/18,2017-10-22,Buffalo Park,2,40.2,Bangladesh,South Africa,Mehedi Hasan Miraz,Rubel Hossain,Imran Tahir,0,0,,,,,,,,,
1075506,2017/18,2017-10-22,Buffalo Park,2,40.3,Bangladesh,South Africa,Mehedi Hasan Miraz,Rubel Hossain,Imran Tahir,0,0,,,,,,,,,
1075506,2017/18,2017-10-22,Buffalo Park,2,40.4,Bangladesh,South Africa,Mehedi Hasan Miraz,Rubel Hossain,Imran Tahir,0,0,,,,,,caught,Mehedi Hasan Miraz,,
