match_id,season,start_date,venue,innings,ball,batting_team,bowling_team,striker,non_striker,bowler,runs_off_bat,extras,wides,noballs,byes,legbyes,penalty,wicket_type,player_dismissed,other_wicket_type,other_player_dismissed
1078661,2016/17,2017-01-26,Dubai International Cricket Stadium,1,0.1,Hong Kong,United Arab Emirates,C Carter,C McAuslan,Mohammad Naveed,0,0,,,,,,,,,
1078661,2016/17,2017-01-26,Dubai International Cricket Stadium,1,0.2,Hong Kong,United Arab Emirates,C Carter,C McAuslan,Mohammad Naveed,1,0,,,,,,,,,
1078661,2016/17,2017-01-26,Dubai International Cricket Stadium,1,0.3,Hong Kong,United Arab Emirates,C McAuslan,C Carter,Mohammad Naveed,0,0,,,,,,,,,
1078661,2016/17,2017-01-26,Dubai International Cricket Stadium,1,0.4,Hong Kong,United Arab Emirates,C McAuslan,C Carter,Mohammad Naveed,0,0,,,,,,,,,
1078661,2016/17,2017-01-26,Dubai International Cricket Stadium,1,0.5,Hong Kong,United Arab Emirates,C McAuslan,C Carter,Mohammad Naveed,0,0,,,,,,,,,
1078661,2016/17,2017-01-26,Dubai International Cricket Stadium,1,0.6,Hong Kong,United Arab Emirates,C McAuslan,C Carter,Mohammad Naveed,0,0,,,,,,,,,
1078661,2016/17,2017-01-26,Dubai International Cricket Stadium,1,1.1,Hong Kong,United Arab Emirates,C Carter,C McAuslan,Amjad Javed,0,0,,,,,,,,,
1078661,2016/17,2017-01-26,Dubai International Cricket Stadium,1,1.2,Hong Kong,United Arab Emirates,C Carter,C McAuslan,Amjad Javed,0,1,,,,1,,,,,
1078661,2016/17,2017-01-26,Dubai International Cricket Stadium,1,1.3,Hong Kong,United Arab Emirates,C McAuslan,C Carter,Amjad Javed,0,0,,,,,,,,,
1078661,2016/17,2017-01-26,Dubai International Cricket Stadium,1,1.4,Hong Kong,United Arab Emirates,C McAuslan,C Carter,Amjad Javed,0,0,,,,,,,,,
1078661,2016/17,2017-01-26,Dubai International Cricket Stadium,1,1.5,Hong Kong,United Arab Emirates,C McAuslan,C Carter,Amjad Javed,1,0,,,,,,,,,
1078661,2016/17,2017-01-26,Dubai International Cricket Stadium,1,1.6,Hong Kong,United Arab Emirates,C Carter,C McAuslan,Amjad Javed,0,0,,,,,,,,,
1078661,2016/17,2017-01-26,Dubai International Cricket Stadium,1,2.1,Hong Kong,United Arab Emirates,C McAuslan,C Carter,Mohammad Naveed,0,0,,,,,,,,,
1078661,2016/17,2017-01-26,Dubai International Cricket Stadium,1,2.2,Hong Kong,United Arab Emirates,C McAuslan,C Carter,Mohammad Naveed,0,0,,,,,,,,,
1078661,2016/17,2017-01-26,Dubai International Cricket Stadium,1,2.3,Hong Kong,United Arab Emirates,C McAuslan,C Carter,Mohammad Naveed,0,0,,,,,,,,,
1078661,2016/17,2017-01-26,Dubai International Cricket Stadium,1,2.4,Hong Kong,United Arab Emirates,C McAuslan,C Carter,Mohammad Naveed,1,0,,,,,,,,,
1078661,2016/17,2017-01-26,Dubai International Cricket Stadium,1,2.5,Hong Kong,United Arab Emirates,C Carter,C McAuslan,Mohammad Naveed,1,0,,,,,,,,,
1078661,2016/17,2017-01-26,Dubai International Cricket Stadium,1,2.6,Hong Kong,United Arab Emirates,C McAuslan,C Carter,Mohammad Naveed,0,0,,,,,,,,,
1078661,2016/17,2017-01-26,Dubai International Cricket Stadium,1,3.1,Hong Kong,United Arab Emirates,C Carter,C McAuslan,Amjad Javed,1,0,,,,,,,,,
1078661,2016/17,2017-01-26,Dubai International Cricket Stadium,1,3.2,Hong Kong,United Arab Emirates,C McAuslan,C Carter,Amjad Javed,0,0,,,,,,,,,
1078661,2016/17,2017-01-26,Dubai International Cricket Stadium,1,3.3,Hong Kong,United Arab Emirates,C McAuslan,C Carter,Amjad Javed,0,0,,,,,,,,,
1078661,2016/17,2017-01-26,Dubai International Cricket Stadium,1,3.4,Hong Kong,United Arab Emirates,C McAuslan,C Carter,Amjad Javed,0,0,,,,,,,,,
1078661,2016/17,2017-01-26,Dubai International Cricket Stadium,1,3.5,Hong Kong,United Arab Emirates,C McAuslan,C Carter,Amjad Javed,4,0,,,,,,,,,
1078661,2016/17,2017-01-26,Dubai International Cricket Stadium,1,3.6,Hong Kong,United Arab Emirates,C McAuslan,C Carter,Amjad Javed,0,0,,,,,,,,,
1078661,2016/17,2017-01-26,Dubai International Cricket Stadium,1,4.1,Hong Kong,United Arab Emirates,C Carter,C McAuslan,Mohammad Naveed,0,0,,,,,,,,,
1078661,2016/17,2017-01-26,Dubai International Cricket Stadium,1,4.2,Hong Kong,United Arab Emirates,C Carter,C McAuslan,Mohammad Naveed,0,0,,,,,,,,,
1078661,2016/17,2017-01-26,Dubai International Cricket Stadium,1,4.3,Hong Kong,United Arab Emirates,C Carter,C McAuslan,Mohammad Naveed,0,0,,,,,,,,,
1078661,2016/17,2017-01-26,Dubai International Cricket Stadium,1,4.4,Hong Kong,United Arab Emirates,C Carter,C McAuslan,Mohammad Naveed,1,0,,,,,,,,,
1078661,2016/17,2017-01-26,Dubai International Cricket Stadium,1,4.5,Hong Kong,United Arab Emirates,C McAuslan,C Carter,Mohammad Naveed,1,0,,,,,,,,,
1078661,2016/17,2017-01-26,Dubai International Cricket Stadium,1,4.6,Hong Kong,United Arab Emirates,C Carter,C McAuslan,Mohammad Naveed,4,0,,,,,,,,,
1078661,2016/17,2017-01-26,Dubai International Cricket Stadium,1,5.1,Hong Kong,United Arab Emirates,C McAuslan,C Carter,Amjad Javed,0,0,,,,,,,,,
1078661,2016/17,2017-01-26,Dubai International Cricket Stadium,1,5.2,Hong Kong,United Arab Emirates,C McAuslan,C Carter,Amjad Javed,4,0,,,,,,,,,
1078661,2016/17,2017-01-26,Dubai International Cricket Stadium,1,5.3,Hong Kong,United Arab Emirates,C McAuslan,C Carter,Amjad Javed,4,0,,,,,,,,,
1078661,2016/17,2017-01-26,Dubai International Cricket Stadium,1,5.4,Hong Kong,United Arab Emirates,C McAuslan,C Carter,Amjad Javed,0,0,,,,,,,,,
1078661,2016/17,2017-01-26,Dubai International Cricket Stadium,1,5.5,Hong Kong,United Arab Emirates,C McAuslan,C Carter,Amjad Javed,1,0,,,,,,,,,
1078661,2016/17,2017-01-26,Dubai International Cricket Stadium,1,5.6,Hong Kong,United Arab Emirates,C Carter,C McAuslan,Amjad Javed,0,0,,,,,,,,,
1078661,2016/17,2017-01-26,Dubai International Cricket Stadium,1,6.1,Hong Kong,United Arab Emirates,C McAuslan,C Carter,Mohammad Naveed,0,0,,,,,,,,,
1078661,2016/17,2017-01-26,Dubai International Cricket Stadium,1,6.2,Hong Kong,United Arab Emirates,C McAuslan,C Carter,Mohammad Naveed,1,0,,,,,,,,,
1078661,2016/17,2017-01-26,Dubai International Cricket Stadium,1,6.3,Hong Kong,United Arab Emirates,C Carter,C McAuslan,Mohammad Naveed,1,0,,,,,,,,,
1078661,2016/17,2017-01-26,Dubai International Cricket Stadium,1,6.4,Hong Kong,United Arab Emirates,C McAuslan,C Carter,Mohammad Naveed,0,0,,,,,,,,,
1078661,2016/17,2017-01-26,Dubai International Cricket Stadium,1,6.5,Hong Kong,United Arab Emirates,C McAuslan,C Carter,Mohammad Naveed,0,0,,,,,,,,,
1078661,2016/17,2017-01-26,Dubai International Cricket Stadium,1,6.6,Hong Kong,United Arab Emirates,C McAuslan,C Carter,Mohammad Naveed,0,0,,,,,,,,,
1078661,2016/17,2017-01-26,Dubai International Cricket Stadium,1,7.1,Hong Kong,United Arab Emirates,C Carter,C McAuslan,Amjad Javed,0,1,1,,,,,,,,
1078661,2016/17,2017-01-26,Dubai International Cricket Stadium,1,7.2,Hong Kong,United Arab Emirates,C Carter,C McAuslan,Amjad Javed,0,0,,,,,,,,,
1078661,2016/17,2017-01-26,Dubai International Cricket Stadium,1,7.3,Hong Kong,United Arab Emirates,C Carter,C McAuslan,Amjad Javed,0,0,,,,,,,,,
1078661,2016/17,2017-01-26,Dubai International Cricket Stadium,1,7.4,Hong Kong,United Arab Emirates,C Carter,C McAuslan,Amjad Javed,4,0,,,,,,,,,
1078661,2016/17,2017-01-26,Dubai International Cricket Stadium,1,7.5,Hong Kong,United Arab Emirates,C Carter,C McAuslan,Amjad Javed,0,0,,,,,,,,,
1078661,2016/17,2017-01-26,Dubai International Cricket Stadium,1,7.6,Hong Kong,United Arab Emirates,C Carter,C McAuslan,Amjad Javed,0,0,,,,,,,,,
1078661,2016/17,2017-01-26,Dubai International Cricket Stadium,1,7.7,Hong Kong,United Arab Emirates,C Carter,C McAuslan,Amjad Javed,1,0,,,,,,,,,
1078661,2016/17,2017-01-26,Dubai International Cricket Stadium,1,8.1,Hong Kong,United Arab Emirates,C Carter,C McAuslan,Mohammad Naveed,0,0,,,,,,,,,
1078661,2016/17,2017-01-26,Dubai International Cricket Stadium,1,8.2,Hong Kong,United Arab Emirates,C Carter,C McAuslan,Mohammad Naveed,1,0,,,,,,,,,
1078661,2016/17,2017-01-26,Dubai International Cricket Stadium,1,8.3,Hong Kong,United Arab Emirates,C McAuslan,C Carter,Mohammad Naveed,0,0,,,,,,,,,
1078661,2016/17,2017-01-26,Dubai International Cricket Stadium,1,8.4,Hong Kong,United Arab Emirates,C McAuslan,C Carter,Mohammad Naveed,0,0,,,,,,,,,
1078661,2016/17,2017-01-26,Dubai International Cricket Stadium,1,8.5,Hong Kong,United Arab Emirates,C McAuslan,C Carter,Mohammad Naveed,0,0,,,,,,,,,
1078661,2016/17,2017-01-26,Dubai International Cricket Stadium,1,8.6,Hong Kong,United Arab Emirates,C McAuslan,C Carter,Mohammad Naveed,4,0,,,,,,,,,
1078661,2016/17,2017-01-26,Dubai International Cricket Stadium,1,9.1,Hong Kong,United Arab Emirates,C Carter,C McAuslan,Rohan Mustafa,1,0,,,,,,,,,
1078661,2016/17,2017-01-26,Dubai International Cricket Stadium,1,9.2,Hong Kong,United Arab Emirates,C McAuslan,C Carter,Rohan Mustafa,0,0,,,,,,,,,
1078661,2016/17,2017-01-26,Dubai International Cricket Stadium,1,9.3,Hong Kong,United Arab Emirates,C McAuslan,C Carter,Rohan Mustafa,0,0,,,,,,,,,
1078661,2016/17,2017-01-26,Dubai International Cricket Stadium,1,9.4,Hong Kong,United Arab Emirates,C McAuslan,C Carter,Rohan Mustafa,0,0,,,,,,,,,
1078661,2016/17,2017-01-26,Dubai International Cricket Stadium,1,9.5,Hong Kong,United Arab Emirates,C McAuslan,C Carter,Rohan Mustafa,1,0,,,,,,,,,
1078661,2016/17,2017-01-26,Dubai International Cricket Stadium,1,9.6,Hong Kong,United Arab Emirates,C Carter,C McAuslan,Rohan Mustafa,0,0,,,,,,,,,
1078661,2016/17,2017-01-26,Dubai International Cricket Stadium,1,10.1,Hong Kong,United Arab Emirates,C McAuslan,C Carter,Imran Haider,0,0,,,,,,,,,
1078661,2016/17,2017-01-26,Dubai International Cricket Stadium,1,10.2,Hong Kong,United Arab Emirates,C McAuslan,C Carter,Imran Haider,0,0,,,,,,,,,
1078661,2016/17,2017-01-26,Dubai International Cricket Stadium,1,10.3,Hong Kong,United Arab Emirates,C McAuslan,C Carter,Imran Haider,0,0,,,,,,,,,
1078661,2016/17,2017-01-26,Dubai International Cricket Stadium,1,10.4,Hong Kong,United Arab Emirates,C McAuslan,C Carter,Imran Haider,1,0,,,,,,,,,
1078661,2016/17,2017-01-26,Dubai International Cricket Stadium,1,10.5,Hong Kong,United Arab Emirates,C Carter,C McAuslan,Imran Haider,1,0,,,,,,,,,
1078661,2016/17,2017-01-26,Dubai International Cricket Stadium,1,10.6,Hong Kong,United Arab Emirates,C McAuslan,C Carter,Imran Haider,1,0,,,,,,,,,
1078661,2016/17,2017-01-26,Dubai International Cricket Stadium,1,11.1,Hong Kong,United Arab Emirates,C McAuslan,C Carter,Rohan Mustafa,1,0,,,,,,,,,
1078661,2016/17,2017-01-26,Dubai International Cricket Stadium,1,11.2,Hong Kong,United Arab Emirates,C Carter,C McAuslan,Rohan Mustafa,0,0,,,,,,,,,
1078661,2016/17,2017-01-26,Dubai International Cricket Stadium,1,11.3,Hong Kong,United Arab Emirates,C Carter,C McAuslan,Rohan Mustafa,1,0,,,,,,,,,
1078661,2016/17,2017-01-26,Dubai International Cricket Stadium,1,11.4,Hong Kong,United Arab Emirates,C McAuslan,C Carter,Rohan Mustafa,2,0,,,,,,,,,
1078661,2016/17,2017-01-26,Dubai International Cricket Stadium,1,11.5,Hong Kong,United Arab Emirates,C McAuslan,C Carter,Rohan Mustafa,0,0,,,,,,run out,C McAuslan,,
1078661,2016/17,2017-01-26,Dubai International Cricket Stadium,1,11.6,Hong Kong,United Arab Emirates,C Carter,Babar Hayat,Rohan Mustafa,0,0,,,,,,,,,
1078661,2016/17,2017-01-26,Dubai International Cricket Stadium,1,12.1,Hong Kong,United Arab Emirates,Babar Hayat,C Carter,Imran Haider,0,0,,,,,,,,,
1078661,2016/17,2017-01-26,Dubai International Cricket Stadium,1,12.2,Hong Kong,United Arab Emirates,Babar Hayat,C Carter,Imran Haider,0,0,,,,,,,,,
1078661,2016/17,2017-01-26,Dubai International Cricket Stadium,1,12.3,Hong Kong,United Arab Emirates,Babar Hayat,C Carter,Imran Haider,0,0,,,,,,caught,Babar Hayat,,
1078661,2016/17,2017-01-26,Dubai International Cricket Stadium,1,12.4,Hong Kong,United Arab Emirates,Nizakat Khan,C Carter,Imran Haider,0,0,,,,,,,,,
1078661,2016/17,2017-01-26,Dubai International Cricket Stadium,1,12.5,Hong Kong,United Arab Emirates,Nizakat Khan,C Carter,Imran Haider,0,0,,,,,,,,,
1078661,2016/17,2017-01-26,Dubai International Cricket Stadium,1,12.6,Hong Kong,United Arab Emirates,Nizakat Khan,C Carter,Imran Haider,0,0,,,,,,,,,
1078661,2016/17,2017-01-26,Dubai International Cricket Stadium,1,13.1,Hong Kong,United Arab Emirates,C Carter,Nizakat Khan,Rohan Mustafa,0,0,,,,,,,,,
1078661,2016/17,2017-01-26,Dubai International Cricket Stadium,1,13.2,Hong Kong,United Arab Emirates,C Carter,Nizakat Khan,Rohan Mustafa,0,0,,,,,,caught,C Carter,,
1078661,2016/17,2017-01-26,Dubai International Cricket Stadium,1,13.3,Hong Kong,United Arab Emirates,Nizakat Khan,Waqas Khan,Rohan Mustafa,0,0,,,,,,,,,
1078661,2016/17,2017-01-26,Dubai International Cricket Stadium,1,13.4,Hong Kong,United Arab Emirates,Nizakat Khan,Waqas Khan,Rohan Mustafa,0,0,,,,,,,,,
1078661,2016/17,2017-01-26,Dubai International Cricket Stadium,1,13.5,Hong Kong,United Arab Emirates,Nizakat Khan,Waqas Khan,Rohan Mustafa,0,0,,,,,,,,,
1078661,2016/17,2017-01-26,Dubai International Cricket Stadium,1,13.6,Hong Kong,United Arab Emirates,Nizakat Khan,Waqas Khan,Rohan Mustafa,0,0,,,,,,,,,
1078661,2016/17,2017-01-26,Dubai International Cricket Stadium,1,14.1,Hong Kong,United Arab Emirates,Waqas Khan,Nizakat Khan,Imran Haider,1,0,,,,,,,,,
1078661,2016/17,2017-01-26,Dubai International Cricket Stadium,1,14.2,Hong Kong,United Arab Emirates,Nizakat Khan,Waqas Khan,Imran Haider,0,0,,,,,,,,,
1078661,2016/17,2017-01-26,Dubai International Cricket Stadium,1,14.3,Hong Kong,United Arab Emirates,Nizakat Khan,Waqas Khan,Imran Haider,0,0,,,,,,,,,
1078661,2016/17,2017-01-26,Dubai International Cricket Stadium,1,14.4,Hong Kong,United Arab Emirates,Nizakat Khan,Waqas Khan,Imran Haider,0,0,,,,,,,,,
1078661,2016/17,2017-01-26,Dubai International Cricket Stadium,1,14.5,Hong Kong,United Arab Emirates,Nizakat Khan,Waqas Khan,Imran Haider,0,0,,,,,,,,,
1078661,2016/17,2017-01-26,Dubai International Cricket Stadium,1,14.6,Hong Kong,United Arab Emirates,Nizakat Khan,Waqas Khan,Imran Haider,1,0,,,,,,,,,
1078661,2016/17,2017-01-26,Dubai International Cricket Stadium,1,15.1,Hong Kong,United Arab Emirates,Nizakat Khan,Waqas Khan,Rohan Mustafa,0,0,,,,,,,,,
1078661,2016/17,2017-01-26,Dubai International Cricket Stadium,1,15.2,Hong Kong,United Arab Emirates,Nizakat Khan,Waqas Khan,Rohan Mustafa,0,0,,,,,,,,,
1078661,2016/17,2017-01-26,Dubai International Cricket Stadium,1,15.3,Hong Kong,United Arab Emirates,Nizakat Khan,Waqas Khan,Rohan Mustafa,0,0,,,,,,,,,
1078661,2016/17,2017-01-26,Dubai International Cricket Stadium,1,15.4,Hong Kong,United Arab Emirates,Nizakat Khan,Waqas Khan,Rohan Mustafa,0,0,,,,,,,,,
1078661,2016/17,2017-01-26,Dubai International Cricket Stadium,1,15.5,Hong Kong,United Arab Emirates,Nizakat Khan,Waqas Khan,Rohan Mustafa,0,0,,,,,,,,,
1078661,2016/17,2017-01-26,Dubai International Cricket Stadium,1,15.6,Hong Kong,United Arab Emirates,Nizakat Khan,Waqas Khan,Rohan Mustafa,0,0,,,,,,,,,
1078661,2016/17,2017-01-26,Dubai International Cricket Stadium,1,16.1,Hong Kong,United Arab Emirates,Waqas Khan,Nizakat Khan,Imran Haider,0,0,,,,,,,,,
1078661,2016/17,2017-01-26,Dubai International Cricket Stadium,1,16.2,Hong Kong,United Arab Emirates,Waqas Khan,Nizakat Khan,Imran Haider,0,0,,,,,,,,,
1078661,2016/17,2017-01-26,Dubai International Cricket Stadium,1,16.3,Hong Kong,United Arab Emirates,Waqas Khan,Nizakat Khan,Imran Haider,0,0,,,,,,,,,
1078661,2016/17,2017-01-26,Dubai International Cricket Stadium,1,16.4,Hong Kong,United Arab Emirates,Waqas Khan,Nizakat Khan,Imran Haider,0,0,,,,,,,,,
1078661,2016/17,2017-01-26,Dubai International Cricket Stadium,1,16.5,Hong Kong,United Arab Emirates,Waqas Khan,Nizakat Khan,Imran Haider,0,0,,,,,,,,,
1078661,2016/17,2017-01-26,Dubai International Cricket Stadium,1,16.6,Hong Kong,United Arab Emirates,Waqas Khan,Nizakat Khan,Imran Haider,1,0,,,,,,,,,
1078661,2016/17,2017-01-26,Dubai International Cricket Stadium,1,17.1,Hong Kong,United Arab Emirates,Waqas Khan,Nizakat Khan,Ahmed Raza,0,0,,,,,,,,,
1078661,2016/17,2017-01-26,Dubai International Cricket Stadium,1,17.2,Hong Kong,United Arab Emirates,Waqas Khan,Nizakat Khan,Ahmed Raza,1,0,,,,,,,,,
1078661,2016/17,2017-01-26,Dubai International Cricket Stadium,1,17.3,Hong Kong,United Arab Emirates,Nizakat Khan,Waqas Khan,Ahmed Raza,4,0,,,,,,,,,
1078661,2016/17,2017-01-26,Dubai International Cricket Stadium,1,17.4,Hong Kong,United Arab Emirates,Nizakat Khan,Waqas Khan,Ahmed Raza,0,0,,,,,,,,,
1078661,2016/17,2017-01-26,Dubai International Cricket Stadium,1,17.5,Hong Kong,United Arab Emirates,Nizakat Khan,Waqas Khan,Ahmed Raza,1,0,,,,,,,,,
1078661,2016/17,2017-01-26,Dubai International Cricket Stadium,1,17.6,Hong Kong,United Arab Emirates,Waqas Khan,Nizakat Khan,Ahmed Raza,0,0,,,,,,,,,
1078661,2016/17,2017-01-26,Dubai International Cricket Stadium,1,18.1,Hong Kong,United Arab Emirates,Nizakat Khan,Waqas Khan,Imran Haider,1,0,,,,,,,,,
1078661,2016/17,2017-01-26,Dubai International Cricket Stadium,1,18.2,Hong Kong,United Arab Emirates,Waqas Khan,Nizakat Khan,Imran Haider,1,0,,,,,,,,,
1078661,2016/17,2017-01-26,Dubai International Cricket Stadium,1,18.3,Hong Kong,United Arab Emirates,Nizakat Khan,Waqas Khan,Imran Haider,1,0,,,,,,,,,
1078661,2016/17,2017-01-26,Dubai International Cricket Stadium,1,18.4,Hong Kong,United Arab Emirates,Waqas Khan,Nizakat Khan,Imran Haider,0,0,,,,,,,,,
1078661,2016/17,2017-01-26,Dubai International Cricket Stadium,1,18.5,Hong Kong,United Arab Emirates,Waqas Khan,Nizakat Khan,Imran Haider,0,2,,,,2,,,,,
1078661,2016/17,2017-01-26,Dubai International Cricket Stadium,1,18.6,Hong Kong,United Arab Emirates,Waqas Khan,Nizakat Khan,Imran Haider,0,0,,,,,,,,,
1078661,2016/17,2017-01-26,Dubai International Cricket Stadium,1,19.1,Hong Kong,United Arab Emirates,Nizakat Khan,Waqas Khan,Ahmed Raza,0,0,,,,,,,,,
1078661,2016/17,2017-01-26,Dubai International Cricket Stadium,1,19.2,Hong Kong,United Arab Emirates,Nizakat Khan,Waqas Khan,Ahmed Raza,1,0,,,,,,,,,
1078661,2016/17,2017-01-26,Dubai International Cricket Stadium,1,19.3,Hong Kong,United Arab Emirates,Waqas Khan,Nizakat Khan,Ahmed Raza,0,0,,,,,,,,,
1078661,2016/17,2017-01-26,Dubai International Cricket Stadium,1,19.4,Hong Kong,United Arab Emirates,Waqas Khan,Nizakat Khan,Ahmed Raza,1,0,,,,,,,,,
1078661,2016/17,2017-01-26,Dubai International Cricket Stadium,1,19.5,Hong Kong,United Arab Emirates,Nizakat Khan,Waqas Khan,Ahmed Raza,0,0,,,,,,,,,
1078661,2016/17,2017-01-26,Dubai International Cricket Stadium,1,19.6,Hong Kong,United Arab Emirates,Nizakat Khan,Waqas Khan,Ahmed Raza,0,0,,,,,,,,,
1078661,2016/17,2017-01-26,Dubai International Cricket Stadium,1,20.1,Hong Kong,United Arab Emirates,Waqas Khan,Nizakat Khan,Imran Haider,0,0,,,,,,,,,
1078661,2016/17,2017-01-26,Dubai International Cricket Stadium,1,20.2,Hong Kong,United Arab Emirates,Waqas Khan,Nizakat Khan,Imran Haider,0,0,,,,,,,,,
1078661,2016/17,2017-01-26,Dubai International Cricket Stadium,1,20.3,Hong Kong,United Arab Emirates,Waqas Khan,Nizakat Khan,Imran Haider,0,0,,,,,,,,,
1078661,2016/17,2017-01-26,Dubai International Cricket Stadium,1,20.4,Hong Kong,United Arab Emirates,Waqas Khan,Nizakat Khan,Imran Haider,0,0,,,,,,,,,
1078661,2016/17,2017-01-26,Dubai International Cricket Stadium,1,20.5,Hong Kong,United Arab Emirates,Waqas Khan,Nizakat Khan,Imran Haider,1,0,,,,,,,,,
1078661,2016/17,2017-01-26,Dubai International Cricket Stadium,1,20.6,Hong Kong,United Arab Emirates,Nizakat Khan,Waqas Khan,Imran Haider,1,0,,,,,,,,,
1078661,2016/17,2017-01-26,Dubai International Cricket Stadium,1,21.1,Hong Kong,United Arab Emirates,Nizakat Khan,Waqas Khan,Ahmed Raza,1,0,,,,,,,,,
1078661,2016/17,2017-01-26,Dubai International Cricket Stadium,1,21.2,Hong Kong,United Arab Emirates,Waqas Khan,Nizakat Khan,Ahmed Raza,1,0,,,,,,,,,
1078661,2016/17,2017-01-26,Dubai International Cricket Stadium,1,21.3,Hong Kong,United Arab Emirates,Nizakat Khan,Waqas Khan,Ahmed Raza,0,0,,,,,,,,,
1078661,2016/17,2017-01-26,Dubai International Cricket Stadium,1,21.4,Hong Kong,United Arab Emirates,Nizakat Khan,Waqas Khan,Ahmed Raza,0,0,,,,,,,,,
1078661,2016/17,2017-01-26,Dubai International Cricket Stadium,1,21.5,Hong Kong,United Arab Emirates,Nizakat Khan,Waqas Khan,Ahmed Raza,0,0,,,,,,,,,
1078661,2016/17,2017-01-26,Dubai International Cricket Stadium,1,21.6,Hong Kong,United Arab Emirates,Nizakat Khan,Waqas Khan,Ahmed Raza,1,0,,,,,,,,,
1078661,2016/17,2017-01-26,Dubai International Cricket Stadium,1,22.1,Hong Kong,United Arab Emirates,Nizakat Khan,Waqas Khan,Imran Haider,2,0,,,,,,,,,
1078661,2016/17,2017-01-26,Dubai International Cricket Stadium,1,22.2,Hong Kong,United Arab Emirates,Nizakat Khan,Waqas Khan,Imran Haider,0,0,,,,,,,,,
1078661,2016/17,2017-01-26,Dubai International Cricket Stadium,1,22.3,Hong Kong,United Arab Emirates,Nizakat Khan,Waqas Khan,Imran Haider,0,0,,,,,,,,,
1078661,2016/17,2017-01-26,Dubai International Cricket Stadium,1,22.4,Hong Kong,United Arab Emirates,Nizakat Khan,Waqas Khan,Imran Haider,1,0,,,,,,,,,
1078661,2016/17,2017-01-26,Dubai International Cricket Stadium,1,22.5,Hong Kong,United Arab Emirates,Waqas Khan,Nizakat Khan,Imran Haider,0,0,,,,,,,,,
1078661,2016/17,2017-01-26,Dubai International Cricket Stadium,1,22.6,Hong Kong,United Arab Emirates,Waqas Khan,Nizakat Khan,Imran Haider,0,0,,,,,,,,,
1078661,2016/17,2017-01-26,Dubai International Cricket Stadium,1,23.1,Hong Kong,United Arab Emirates,Nizakat Khan,Waqas Khan,Ahmed Raza,0,0,,,,,,,,,
1078661,2016/17,2017-01-26,Dubai International Cricket Stadium,1,23.2,Hong Kong,United Arab Emirates,Nizakat Khan,Waqas Khan,Ahmed Raza,0,0,,,,,,,,,
1078661,2016/17,2017-01-26,Dubai International Cricket Stadium,1,23.3,Hong Kong,United Arab Emirates,Nizakat Khan,Waqas Khan,Ahmed Raza,0,0,,,,,,,,,
1078661,2016/17,2017-01-26,Dubai International Cricket Stadium,1,23.4,Hong Kong,United Arab Emirates,Nizakat Khan,Waqas Khan,Ahmed Raza,0,0,,,,,,,,,
1078661,2016/17,2017-01-26,Dubai International Cricket Stadium,1,23.5,Hong Kong,United Arab Emirates,Nizakat Khan,Waqas Khan,Ahmed Raza,1,0,,,,,,,,,
1078661,2016/17,2017-01-26,Dubai International Cricket Stadium,1,23.6,Hong Kong,United Arab Emirates,Waqas Khan,Nizakat Khan,Ahmed Raza,0,0,,,,,,,,,
1078661,2016/17,2017-01-26,Dubai International Cricket Stadium,1,24.1,Hong Kong,United Arab Emirates,Nizakat Khan,Waqas Khan,Zahoor Khan,0,0,,,,,,,,,
1078661,2016/17,2017-01-26,Dubai International Cricket Stadium,1,24.2,Hong Kong,United Arab Emirates,Nizakat Khan,Waqas Khan,Zahoor Khan,4,0,,,,,,,,,
1078661,2016/17,2017-01-26,Dubai International Cricket Stadium,1,24.3,Hong Kong,United Arab Emirates,Nizakat Khan,Waqas Khan,Zahoor Khan,1,0,,,,,,,,,
1078661,2016/17,2017-01-26,Dubai International Cricket Stadium,1,24.4,Hong Kong,United Arab Emirates,Waqas Khan,Nizakat Khan,Zahoor Khan,0,0,,,,,,,,,
1078661,2016/17,2017-01-26,Dubai International Cricket Stadium,1,24.5,Hong Kong,United Arab Emirates,Waqas Khan,Nizakat Khan,Zahoor Khan,1,0,,,,,,,,,
1078661,2016/17,2017-01-26,Dubai International Cricket Stadium,1,24.6,Hong Kong,United Arab Emirates,Nizakat Khan,Waqas Khan,Zahoor Khan,1,0,,,,,,,,,
1078661,2016/17,2017-01-26,Dubai International Cricket Stadium,1,25.1,Hong Kong,United Arab Emirates,Nizakat Khan,Waqas Khan,Ahmed Raza,0,0,,,,,,,,,
1078661,2016/17,2017-01-26,Dubai International Cricket Stadium,1,25.2,Hong Kong,United Arab Emirates,Nizakat Khan,Waqas Khan,Ahmed Raza,0,0,,,,,,,,,
1078661,2016/17,2017-01-26,Dubai International Cricket Stadium,1,25.3,Hong Kong,United Arab Emirates,Nizakat Khan,Waqas Khan,Ahmed Raza,0,0,,,,,,,,,
1078661,2016/17,2017-01-26,Dubai International Cricket Stadium,1,25.4,Hong Kong,United Arab Emirates,Nizakat Khan,Waqas Khan,Ahmed Raza,1,0,,,,,,,,,
1078661,2016/17,2017-01-26,Dubai International Cricket Stadium,1,25.5,Hong Kong,United Arab Emirates,Waqas Khan,Nizakat Khan,Ahmed Raza,0,0,,,,,,caught,Waqas Khan,,
1078661,2016/17,2017-01-26,Dubai International Cricket Stadium,1,25.6,Hong Kong,United Arab Emirates,Shahid Wasif,Nizakat Khan,Ahmed Raza,0,0,,,,,,,,,
1078661,2016/17,2017-01-26,Dubai International Cricket Stadium,1,26.1,Hong Kong,United Arab Emirates,Nizakat Khan,Shahid Wasif,Zahoor Khan,1,0,,,,,,,,,
1078661,2016/17,2017-01-26,Dubai International Cricket Stadium,1,26.2,Hong Kong,United Arab Emirates,Shahid Wasif,Nizakat Khan,Zahoor Khan,0,0,,,,,,,,,
1078661,2016/17,2017-01-26,Dubai International Cricket Stadium,1,26.3,Hong Kong,United Arab Emirates,Shahid Wasif,Nizakat Khan,Zahoor Khan,0,1,1,,,,,,,,
1078661,2016/17,2017-01-26,Dubai International Cricket Stadium,1,26.4,Hong Kong,United Arab Emirates,Shahid Wasif,Nizakat Khan,Zahoor Khan,0,0,,,,,,,,,
1078661,2016/17,2017-01-26,Dubai International Cricket Stadium,1,26.5,Hong Kong,United Arab Emirates,Shahid Wasif,Nizakat Khan,Zahoor Khan,0,1,1,,,,,,,,
1078661,2016/17,2017-01-26,Dubai International Cricket Stadium,1,26.6,Hong Kong,United Arab Emirates,Shahid Wasif,Nizakat Khan,Zahoor Khan,0,0,,,,,,,,,
1078661,2016/17,2017-01-26,Dubai International Cricket Stadium,1,26.7,Hong Kong,United Arab Emirates,Shahid Wasif,Nizakat Khan,Zahoor Khan,0,0,,,,,,,,,
1078661,2016/17,2017-01-26,Dubai International Cricket Stadium,1,26.8,Hong Kong,United Arab Emirates,Shahid Wasif,Nizakat Khan,Zahoor Khan,0,0,,,,,,,,,
1078661,2016/17,2017-01-26,Dubai International Cricket Stadium,1,27.1,Hong Kong,United Arab Emirates,Nizakat Khan,Shahid Wasif,Ahmed Raza,0,0,,,,,,,,,
1078661,2016/17,2017-01-26,Dubai International Cricket Stadium,1,27.2,Hong Kong,United Arab Emirates,Nizakat Khan,Shahid Wasif,Ahmed Raza,0,0,,,,,,,,,
1078661,2016/17,2017-01-26,Dubai International Cricket Stadium,1,27.3,Hong Kong,United Arab Emirates,Nizakat Khan,Shahid Wasif,Ahmed Raza,0,0,,,,,,,,,
1078661,2016/17,2017-01-26,Dubai International Cricket Stadium,1,27.4,Hong Kong,United Arab Emirates,Nizakat Khan,Shahid Wasif,Ahmed Raza,0,0,,,,,,,,,
1078661,2016/17,2017-01-26,Dubai International Cricket Stadium,1,27.5,Hong Kong,United Arab Emirates,Nizakat Khan,Shahid Wasif,Ahmed Raza,0,0,,,,,,,,,
1078661,2016/17,2017-01-26,Dubai International Cricket Stadium,1,27.6,Hong Kong,United Arab Emirates,Nizakat Khan,Shahid Wasif,Ahmed Raza,1,0,,,,,,,,,
1078661,2016/17,2017-01-26,Dubai International Cricket Stadium,1,28.1,Hong Kong,United Arab Emirates,Nizakat Khan,Shahid Wasif,Imran Haider,1,0,,,,,,,,,
1078661,2016/17,2017-01-26,Dubai International Cricket Stadium,1,28.2,Hong Kong,United Arab Emirates,Shahid Wasif,Nizakat Khan,Imran Haider,0,0,,,,,,bowled,Shahid Wasif,,
1078661,2016/17,2017-01-26,Dubai International Cricket Stadium,1,28.3,Hong Kong,United Arab Emirates,Ehsan Khan,Nizakat Khan,Imran Haider,0,0,,,,,,,,,
1078661,2016/17,2017-01-26,Dubai International Cricket Stadium,1,28.4,Hong Kong,United Arab Emirates,Ehsan Khan,Nizakat Khan,Imran Haider,0,0,,,,,,,,,
1078661,2016/17,2017-01-26,Dubai International Cricket Stadium,1,28.5,Hong Kong,United Arab Emirates,Ehsan Khan,Nizakat Khan,Imran Haider,0,1,1,,,,,,,,
1078661,2016/17,2017-01-26,Dubai International Cricket Stadium,1,28.6,Hong Kong,United Arab Emirates,Ehsan Khan,Nizakat Khan,Imran Haider,0,0,,,,,,,,,
1078661,2016/17,2017-01-26,Dubai International Cricket Stadium,1,28.7,Hong Kong,United Arab Emirates,Ehsan Khan,Nizakat Khan,Imran Haider,0,0,,,,,,,,,
1078661,2016/17,2017-01-26,Dubai International Cricket Stadium,1,29.1,Hong Kong,United Arab Emirates,Nizakat Khan,Ehsan Khan,Ahmed Raza,1,0,,,,,,,,,
1078661,2016/17,2017-01-26,Dubai International Cricket Stadium,1,29.2,Hong Kong,United Arab Emirates,Ehsan Khan,Nizakat Khan,Ahmed Raza,0,0,,,,,,,,,
1078661,2016/17,2017-01-26,Dubai International Cricket Stadium,1,29.3,Hong Kong,United Arab Emirates,Ehsan Khan,Nizakat Khan,Ahmed Raza,0,0,,,,,,,,,
1078661,2016/17,2017-01-26,Dubai International Cricket Stadium,1,29.4,Hong Kong,United Arab Emirates,Ehsan Khan,Nizakat Khan,Ahmed Raza,0,0,,,,,,,,,
1078661,2016/17,2017-01-26,Dubai International Cricket Stadium,1,29.5,Hong Kong,United Arab Emirates,Ehsan Khan,Nizakat Khan,Ahmed Raza,0,0,,,,,,,,,
1078661,2016/17,2017-01-26,Dubai International Cricket Stadium,1,29.6,Hong Kong,United Arab Emirates,Ehsan Khan,Nizakat Khan,Ahmed Raza,1,0,,,,,,,,,
1078661,2016/17,2017-01-26,Dubai International Cricket Stadium,1,30.1,Hong Kong,United Arab Emirates,Ehsan Khan,Nizakat Khan,Imran Haider,1,0,,,,,,,,,
1078661,2016/17,2017-01-26,Dubai International Cricket Stadium,1,30.2,Hong Kong,United Arab Emirates,Nizakat Khan,Ehsan Khan,Imran Haider,0,0,,,,,,,,,
1078661,2016/17,2017-01-26,Dubai International Cricket Stadium,1,30.3,Hong Kong,United Arab Emirates,Nizakat Khan,Ehsan Khan,Imran Haider,6,0,,,,,,,,,
1078661,2016/17,2017-01-26,Dubai International Cricket Stadium,1,30.4,Hong Kong,United Arab Emirates,Nizakat Khan,Ehsan Khan,Imran Haider,1,0,,,,,,,,,
1078661,2016/17,2017-01-26,Dubai International Cricket Stadium,1,30.5,Hong Kong,United Arab Emirates,Ehsan Khan,Nizakat Khan,Imran Haider,0,0,,,,,,caught,Ehsan Khan,,
1078661,2016/17,2017-01-26,Dubai International Cricket Stadium,1,30.6,Hong Kong,United Arab Emirates,Aizaz Khan,Nizakat Khan,Imran Haider,0,0,,,,,,,,,
1078661,2016/17,2017-01-26,Dubai International Cricket Stadium,1,31.1,Hong Kong,United Arab Emirates,Nizakat Khan,Aizaz Khan,Ahmed Raza,1,0,,,,,,,,,
1078661,2016/17,2017-01-26,Dubai International Cricket Stadium,1,31.2,Hong Kong,United Arab Emirates,Aizaz Khan,Nizakat Khan,Ahmed Raza,1,0,,,,,,,,,
1078661,2016/17,2017-01-26,Dubai International Cricket Stadium,1,31.3,Hong Kong,United Arab Emirates,Nizakat Khan,Aizaz Khan,Ahmed Raza,1,0,,,,,,,,,
1078661,2016/17,2017-01-26,Dubai International Cricket Stadium,1,31.4,Hong Kong,United Arab Emirates,Aizaz Khan,Nizakat Khan,Ahmed Raza,0,0,,,,,,,,,
1078661,2016/17,2017-01-26,Dubai International Cricket Stadium,1,31.5,Hong Kong,United Arab Emirates,Aizaz Khan,Nizakat Khan,Ahmed Raza,0,0,,,,,,,,,
1078661,2016/17,2017-01-26,Dubai International Cricket Stadium,1,31.6,Hong Kong,United Arab Emirates,Aizaz Khan,Nizakat Khan,Ahmed Raza,0,0,,,,,,,,,
1078661,2016/17,2017-01-26,Dubai International Cricket Stadium,1,32.1,Hong Kong,United Arab Emirates,Nizakat Khan,Aizaz Khan,Imran Haider,1,0,,,,,,,,,
1078661,2016/17,2017-01-26,Dubai International Cricket Stadium,1,32.2,Hong Kong,United Arab Emirates,Aizaz Khan,Nizakat Khan,Imran Haider,0,0,,,,,,caught,Aizaz Khan,,
1078661,2016/17,2017-01-26,Dubai International Cricket Stadium,1,32.3,Hong Kong,United Arab Emirates,Ehsan Nawaz,Nizakat Khan,Imran Haider,0,0,,,,,,,,,
1078661,2016/17,2017-01-26,Dubai International Cricket Stadium,1,32.4,Hong Kong,United Arab Emirates,Ehsan Nawaz,Nizakat Khan,Imran Haider,0,0,,,,,,,,,
1078661,2016/17,2017-01-26,Dubai International Cricket Stadium,1,32.5,Hong Kong,United Arab Emirates,Ehsan Nawaz,Nizakat Khan,Imran Haider,0,0,,,,,,,,,
1078661,2016/17,2017-01-26,Dubai International Cricket Stadium,1,32.6,Hong Kong,United Arab Emirates,Ehsan Nawaz,Nizakat Khan,Imran Haider,0,0,,,,,,,,,
1078661,2016/17,2017-01-26,Dubai International Cricket Stadium,1,33.1,Hong Kong,United Arab Emirates,Nizakat Khan,Ehsan Nawaz,Rohan Mustafa,0,0,,,,,,,,,
1078661,2016/17,2017-01-26,Dubai International Cricket Stadium,1,33.2,Hong Kong,United Arab Emirates,Nizakat Khan,Ehsan Nawaz,Rohan Mustafa,0,0,,,,,,,,,
1078661,2016/17,2017-01-26,Dubai International Cricket Stadium,1,33.3,Hong Kong,United Arab Emirates,Nizakat Khan,Ehsan Nawaz,Rohan Mustafa,6,0,,,,,,,,,
1078661,2016/17,2017-01-26,Dubai International Cricket Stadium,1,33.4,Hong Kong,United Arab Emirates,Nizakat Khan,Ehsan Nawaz,Rohan Mustafa,0,0,,,,,,,,,
1078661,2016/17,2017-01-26,Dubai International Cricket Stadium,1,33.5,Hong Kong,United Arab Emirates,Nizakat Khan,Ehsan Nawaz,Rohan Mustafa,0,0,,,,,,,,,
1078661,2016/17,2017-01-26,Dubai International Cricket Stadium,1,33.6,Hong Kong,United Arab Emirates,Nizakat Khan,Ehsan Nawaz,Rohan Mustafa,1,0,,,,,,,,,
1078661,2016/17,2017-01-26,Dubai International Cricket Stadium,1,34.1,Hong Kong,United Arab Emirates,Nizakat Khan,Ehsan Nawaz,Ahmed Raza,1,0,,,,,,,,,
1078661,2016/17,2017-01-26,Dubai International Cricket Stadium,1,34.2,Hong Kong,United Arab Emirates,Ehsan Nawaz,Nizakat Khan,Ahmed Raza,0,0,,,,,,,,,
1078661,2016/17,2017-01-26,Dubai International Cricket Stadium,1,34.3,Hong Kong,United Arab Emirates,Ehsan Nawaz,Nizakat Khan,Ahmed Raza,1,0,,,,,,,,,
1078661,2016/17,2017-01-26,Dubai International Cricket Stadium,1,34.4,Hong Kong,United Arab Emirates,Nizakat Khan,Ehsan Nawaz,Ahmed Raza,0,0,,,,,,,,,
1078661,2016/17,2017-01-26,Dubai International Cricket Stadium,1,34.5,Hong Kong,United Arab Emirates,Nizakat Khan,Ehsan Nawaz,Ahmed Raza,1,0,,,,,,,,,
1078661,2016/17,2017-01-26,Dubai International Cricket Stadium,1,34.6,Hong Kong,United Arab Emirates,Ehsan Nawaz,Nizakat Khan,Ahmed Raza,0,0,,,,,,,,,
1078661,2016/17,2017-01-26,Dubai International Cricket Stadium,1,35.1,Hong Kong,United Arab Emirates,Nizakat Khan,Ehsan Nawaz,Rohan Mustafa,1,0,,,,,,,,,
1078661,2016/17,2017-01-26,Dubai International Cricket Stadium,1,35.2,Hong Kong,United Arab Emirates,Ehsan Nawaz,Nizakat Khan,Rohan Mustafa,0,0,,,,,,,,,
1078661,2016/17,2017-01-26,Dubai International Cricket Stadium,1,35.3,Hong Kong,United Arab Emirates,Ehsan Nawaz,Nizakat Khan,Rohan Mustafa,0,0,,,,,,,,,
1078661,2016/17,2017-01-26,Dubai International Cricket Stadium,1,35.4,Hong Kong,United Arab Emirates,Ehsan Nawaz,Nizakat Khan,Rohan Mustafa,0,0,,,,,,,,,
1078661,2016/17,2017-01-26,Dubai International Cricket Stadium,1,35.5,Hong Kong,United Arab Emirates,Ehsan Nawaz,Nizakat Khan,Rohan Mustafa,0,0,,,,,,,,,
1078661,2016/17,2017-01-26,Dubai International Cricket Stadium,1,35.6,Hong Kong,United Arab Emirates,Ehsan Nawaz,Nizakat Khan,Rohan Mustafa,0,0,,,,,,,,,
1078661,2016/17,2017-01-26,Dubai International Cricket Stadium,1,36.1,Hong Kong,United Arab Emirates,Nizakat Khan,Ehsan Nawaz,Ahmed Raza,0,0,,,,,,,,,
1078661,2016/17,2017-01-26,Dubai International Cricket Stadium,1,36.2,Hong Kong,United Arab Emirates,Nizakat Khan,Ehsan Nawaz,Ahmed Raza,0,0,,,,,,,,,
1078661,2016/17,2017-01-26,Dubai International Cricket Stadium,1,36.3,Hong Kong,United Arab Emirates,Nizakat Khan,Ehsan Nawaz,Ahmed Raza,0,0,,,,,,,,,
1078661,2016/17,2017-01-26,Dubai International Cricket Stadium,1,36.4,Hong Kong,United Arab Emirates,Nizakat Khan,Ehsan Nawaz,Ahmed Raza,0,0,,,,,,,,,
1078661,2016/17,2017-01-26,Dubai International Cricket Stadium,1,36.5,Hong Kong,United Arab Emirates,Nizakat Khan,Ehsan Nawaz,Ahmed Raza,1,0,,,,,,,,,
1078661,2016/17,2017-01-26,Dubai International Cricket Stadium,1,36.6,Hong Kong,United Arab Emirates,Ehsan Nawaz,Nizakat Khan,Ahmed Raza,1,0,,,,,,,,,
1078661,2016/17,2017-01-26,Dubai International Cricket Stadium,1,37.1,Hong Kong,United Arab Emirates,Ehsan Nawaz,Nizakat Khan,Rohan Mustafa,0,0,,,,,,,,,
1078661,2016/17,2017-01-26,Dubai International Cricket Stadium,1,37.2,Hong Kong,United Arab Emirates,Ehsan Nawaz,Nizakat Khan,Rohan Mustafa,0,0,,,,,,,,,
1078661,2016/17,2017-01-26,Dubai International Cricket Stadium,1,37.3,Hong Kong,United Arab Emirates,Ehsan Nawaz,Nizakat Khan,Rohan Mustafa,0,0,,,,,,,,,
1078661,2016/17,2017-01-26,Dubai International Cricket Stadium,1,37.4,Hong Kong,United Arab Emirates,Ehsan Nawaz,Nizakat Khan,Rohan Mustafa,0,0,,,,,,,,,
1078661,2016/17,2017-01-26,Dubai International Cricket Stadium,1,37.5,Hong Kong,United Arab Emirates,Ehsan Nawaz,Nizakat Khan,Rohan Mustafa,0,0,,,,,,,,,
1078661,2016/17,2017-01-26,Dubai International Cricket Stadium,1,37.6,Hong Kong,United Arab Emirates,Ehsan Nawaz,Nizakat Khan,Rohan Mustafa,0,0,,,,,,,,,
1078661,2016/17,2017-01-26,Dubai International Cricket Stadium,1,38.1,Hong Kong,United Arab Emirates,Nizakat Khan,Ehsan Nawaz,Mohammad Naveed,0,0,,,,,,,,,
1078661,2016/17,2017-01-26,Dubai International Cricket Stadium,1,38.2,Hong Kong,United Arab Emirates,Nizakat Khan,Ehsan Nawaz,Mohammad Naveed,1,0,,,,,,,,,
1078661,2016/17,2017-01-26,Dubai International Cricket Stadium,1,38.3,Hong Kong,United Arab Emirates,Ehsan Nawaz,Nizakat Khan,Mohammad Naveed,0,0,,,,,,,,,
1078661,2016/17,2017-01-26,Dubai International Cricket Stadium,1,38.4,Hong Kong,United Arab Emirates,Ehsan Nawaz,Nizakat Khan,Mohammad Naveed,1,0,,,,,,,,,
1078661,2016/17,2017-01-26,Dubai International Cricket Stadium,1,38.5,Hong Kong,United Arab Emirates,Nizakat Khan,Ehsan Nawaz,Mohammad Naveed,1,0,,,,,,,,,
1078661,2016/17,2017-01-26,Dubai International Cricket Stadium,1,38.6,Hong Kong,United Arab Emirates,Ehsan Nawaz,Nizakat Khan,Mohammad Naveed,0,0,,,,,,,,,
1078661,2016/17,2017-01-26,Dubai International Cricket Stadium,1,39.1,Hong Kong,United Arab Emirates,Nizakat Khan,Ehsan Nawaz,Rohan Mustafa,0,0,,,,,,,,,
1078661,2016/17,2017-01-26,Dubai International Cricket Stadium,1,39.2,Hong Kong,United Arab Emirates,Nizakat Khan,Ehsan Nawaz,Rohan Mustafa,0,0,,,,,,,,,
1078661,2016/17,2017-01-26,Dubai International Cricket Stadium,1,39.3,Hong Kong,United Arab Emirates,Nizakat Khan,Ehsan Nawaz,Rohan Mustafa,0,0,,,,,,,,,
1078661,2016/17,2017-01-26,Dubai International Cricket Stadium,1,39.4,Hong Kong,United Arab Emirates,Nizakat Khan,Ehsan Nawaz,Rohan Mustafa,4,0,,,,,,,,,
1078661,2016/17,2017-01-26,Dubai International Cricket Stadium,1,39.5,Hong Kong,United Arab Emirates,Nizakat Khan,Ehsan Nawaz,Rohan Mustafa,1,0,,,,,,,,,
1078661,2016/17,2017-01-26,Dubai International Cricket Stadium,1,39.6,Hong Kong,United Arab Emirates,Ehsan Nawaz,Nizakat Khan,Rohan Mustafa,0,0,,,,,,,,,
1078661,2016/17,2017-01-26,Dubai International Cricket Stadium,1,40.1,Hong Kong,United Arab Emirates,Nizakat Khan,Ehsan Nawaz,Mohammad Naveed,2,0,,,,,,,,,
1078661,2016/17,2017-01-26,Dubai International Cricket Stadium,1,40.2,Hong Kong,United Arab Emirates,Nizakat Khan,Ehsan Nawaz,Mohammad Naveed,4,0,,,,,,,,,
1078661,2016/17,2017-01-26,Dubai International Cricket Stadium,1,40.3,Hong Kong,United Arab Emirates,Nizakat Khan,Ehsan Nawaz,Mohammad Naveed,2,0,,,,,,,,,
1078661,2016/17,2017-01-26,Dubai International Cricket Stadium,1,40.4,Hong Kong,United Arab Emirates,Nizakat Khan,Ehsan Nawaz,Mohammad Naveed,1,0,,,,,,,,,
1078661,2016/17,2017-01-26,Dubai International Cricket Stadium,1,40.5,Hong Kong,United Arab Emirates,Ehsan Nawaz,Nizakat Khan,Mohammad Naveed,0,0,,,,,,,,,
1078661,2016/17,2017-01-26,Dubai International Cricket Stadium,1,40.6,Hong Kong,United Arab Emirates,Ehsan Nawaz,Nizakat Khan,Mohammad Naveed,1,0,,,,,,,,,
1078661,2016/17,2017-01-26,Dubai International Cricket Stadium,1,41.1,Hong Kong,United Arab Emirates,Ehsan Nawaz,Nizakat Khan,Rohan Mustafa,0,0,,,,,,,,,
1078661,2016/17,2017-01-26,Dubai International Cricket Stadium,1,41.2,Hong Kong,United Arab Emirates,Ehsan Nawaz,Nizakat Khan,Rohan Mustafa,1,0,,,,,,,,,
1078661,2016/17,2017-01-26,Dubai International Cricket Stadium,1,41.3,Hong Kong,United Arab Emirates,Nizakat Khan,Ehsan Nawaz,Rohan Mustafa,1,0,,,,,,,,,
1078661,2016/17,2017-01-26,Dubai International Cricket Stadium,1,41.4,Hong Kong,United Arab Emirates,Ehsan Nawaz,Nizakat Khan,Rohan Mustafa,0,0,,,,,,,,,
1078661,2016/17,2017-01-26,Dubai International Cricket Stadium,1,41.5,Hong Kong,United Arab Emirates,Ehsan Nawaz,Nizakat Khan,Rohan Mustafa,0,0,,,,,,,,,
1078661,2016/17,2017-01-26,Dubai International Cricket Stadium,1,41.6,Hong Kong,United Arab Emirates,Ehsan Nawaz,Nizakat Khan,Rohan Mustafa,0,0,,,,,,,,,
1078661,2016/17,2017-01-26,Dubai International Cricket Stadium,1,42.1,Hong Kong,United Arab Emirates,Nizakat Khan,Ehsan Nawaz,Mohammad Naveed,1,0,,,,,,,,,
1078661,2016/17,2017-01-26,Dubai International Cricket Stadium,1,42.2,Hong Kong,United Arab Emirates,Nizakat Khan,Ehsan Nawaz,Mohammad Naveed,2,0,,,,,,,,,
1078661,2016/17,2017-01-26,Dubai International Cricket Stadium,1,42.3,Hong Kong,United Arab Emirates,Nizakat Khan,Ehsan Nawaz,Mohammad Naveed,0,0,,,,,,,,,
1078661,2016/17,2017-01-26,Dubai International Cricket Stadium,1,42.4,Hong Kong,United Arab Emirates,Nizakat Khan,Ehsan Nawaz,Mohammad Naveed,1,0,,,,,,,,,
1078661,2016/17,2017-01-26,Dubai International Cricket Stadium,1,42.5,Hong Kong,United Arab Emirates,Ehsan Nawaz,Nizakat Khan,Mohammad Naveed,0,0,,,,,,,,,
1078661,2016/17,2017-01-26,Dubai International Cricket Stadium,1,42.6,Hong Kong,United Arab Emirates,Ehsan Nawaz,Nizakat Khan,Mohammad Naveed,0,0,,,,,,,,,
1078661,2016/17,2017-01-26,Dubai International Cricket Stadium,1,43.1,Hong Kong,United Arab Emirates,Nizakat Khan,Ehsan Nawaz,Rohan Mustafa,6,0,,,,,,,,,
1078661,2016/17,2017-01-26,Dubai International Cricket Stadium,1,43.2,Hong Kong,United Arab Emirates,Nizakat Khan,Ehsan Nawaz,Rohan Mustafa,1,0,,,,,,,,,
1078661,2016/17,2017-01-26,Dubai International Cricket Stadium,1,43.3,Hong Kong,United Arab Emirates,Ehsan Nawaz,Nizakat Khan,Rohan Mustafa,1,0,,,,,,,,,
1078661,2016/17,2017-01-26,Dubai International Cricket Stadium,1,43.4,Hong Kong,United Arab Emirates,Nizakat Khan,Ehsan Nawaz,Rohan Mustafa,0,0,,,,,,,,,
1078661,2016/17,2017-01-26,Dubai International Cricket Stadium,1,43.5,Hong Kong,United Arab Emirates,Nizakat Khan,Ehsan Nawaz,Rohan Mustafa,4,0,,,,,,,,,
1078661,2016/17,2017-01-26,Dubai International Cricket Stadium,1,43.6,Hong Kong,United Arab Emirates,Nizakat Khan,Ehsan Nawaz,Rohan Mustafa,1,0,,,,,,,,,
1078661,2016/17,2017-01-26,Dubai International Cricket Stadium,1,44.1,Hong Kong,United Arab Emirates,Nizakat Khan,Ehsan Nawaz,Zahoor Khan,0,0,,,,,,,,,
1078661,2016/17,2017-01-26,Dubai International Cricket Stadium,1,44.2,Hong Kong,United Arab Emirates,Nizakat Khan,Ehsan Nawaz,Zahoor Khan,4,0,,,,,,,,,
1078661,2016/17,2017-01-26,Dubai International Cricket Stadium,1,44.3,Hong Kong,United Arab Emirates,Nizakat Khan,Ehsan Nawaz,Zahoor Khan,0,0,,,,,,,,,
1078661,2016/17,2017-01-26,Dubai International Cricket Stadium,1,44.4,Hong Kong,United Arab Emirates,Nizakat Khan,Ehsan Nawaz,Zahoor Khan,2,0,,,,,,,,,
1078661,2016/17,2017-01-26,Dubai International Cricket Stadium,1,44.5,Hong Kong,United Arab Emirates,Nizakat Khan,Ehsan Nawaz,Zahoor Khan,1,0,,,,,,,,,
1078661,2016/17,2017-01-26,Dubai International Cricket Stadium,1,44.6,Hong Kong,United Arab Emirates,Ehsan Nawaz,Nizakat Khan,Zahoor Khan,1,0,,,,,,,,,
1078661,2016/17,2017-01-26,Dubai International Cricket Stadium,1,45.1,Hong Kong,United Arab Emirates,Ehsan Nawaz,Nizakat Khan,Mohammad Naveed,0,0,,,,,,,,,
1078661,2016/17,2017-01-26,Dubai International Cricket Stadium,1,45.2,Hong Kong,United Arab Emirates,Ehsan Nawaz,Nizakat Khan,Mohammad Naveed,2,0,,,,,,,,,
1078661,2016/17,2017-01-26,Dubai International Cricket Stadium,1,45.3,Hong Kong,United Arab Emirates,Nizakat Khan,Ehsan Nawaz,Mohammad Naveed,1,0,,,,,,,,,
1078661,2016/17,2017-01-26,Dubai International Cricket Stadium,1,45.4,Hong Kong,United Arab Emirates,Ehsan Nawaz,Nizakat Khan,Mohammad Naveed,0,0,,,,,,,,,
1078661,2016/17,2017-01-26,Dubai International Cricket Stadium,1,45.5,Hong Kong,United Arab Emirates,Ehsan Nawaz,Nizakat Khan,Mohammad Naveed,2,0,,,,,,,,,
1078661,2016/17,2017-01-26,Dubai International Cricket Stadium,1,45.6,Hong Kong,United Arab Emirates,Ehsan Nawaz,Nizakat Khan,Mohammad Naveed,0,0,,,,,,,,,
1078661,2016/17,2017-01-26,Dubai International Cricket Stadium,1,46.1,Hong Kong,United Arab Emirates,Nizakat Khan,Ehsan Nawaz,Zahoor Khan,0,0,,,,,,,,,
1078661,2016/17,2017-01-26,Dubai International Cricket Stadium,1,46.2,Hong Kong,United Arab Emirates,Nizakat Khan,Ehsan Nawaz,Zahoor Khan,4,0,,,,,,,,,
1078661,2016/17,2017-01-26,Dubai International Cricket Stadium,1,46.3,Hong Kong,United Arab Emirates,Nizakat Khan,Ehsan Nawaz,Zahoor Khan,0,0,,,,,,caught,Nizakat Khan,,
1078661,2016/17,2017-01-26,Dubai International Cricket Stadium,1,46.4,Hong Kong,United Arab Emirates,Nadeem Ahmed,Ehsan Nawaz,Zahoor Khan,1,0,,,,,,,,,
1078661,2016/17,2017-01-26,Dubai International Cricket Stadium,1,46.5,Hong Kong,United Arab Emirates,Ehsan Nawaz,Nadeem Ahmed,Zahoor Khan,0,0,,,,,,caught,Ehsan Nawaz,,
1078661,2016/17,2017-01-26,Dubai International Cricket Stadium,1,46.6,Hong Kong,United Arab Emirates,Nadeem Ahmed,Tanveer Ahmed,Zahoor Khan,1,0,,,,,,,,,
1078661,2016/17,2017-01-26,Dubai International Cricket Stadium,1,47.1,Hong Kong,United Arab Emirates,Nadeem Ahmed,Tanveer Ahmed,Mohammad Naveed,0,0,,,,,,,,,
1078661,2016/17,2017-01-26,Dubai International Cricket Stadium,1,47.2,Hong Kong,United Arab Emirates,Nadeem Ahmed,Tanveer Ahmed,Mohammad Naveed,0,0,,,,,,,,,
1078661,2016/17,2017-01-26,Dubai International Cricket Stadium,1,47.3,Hong Kong,United Arab Emirates,Nadeem Ahmed,Tanveer Ahmed,Mohammad Naveed,0,0,,,,,,,,,
1078661,2016/17,2017-01-26,Dubai International Cricket Stadium,1,47.4,Hong Kong,United Arab Emirates,Nadeem Ahmed,Tanveer Ahmed,Mohammad Naveed,0,0,,,,,,,,,
1078661,2016/17,2017-01-26,Dubai International Cricket Stadium,1,47.5,Hong Kong,United Arab Emirates,Nadeem Ahmed,Tanveer Ahmed,Mohammad Naveed,0,0,,,,,,,,,
1078661,2016/17,2017-01-26,Dubai International Cricket Stadium,1,47.6,Hong Kong,United Arab Emirates,Nadeem Ahmed,Tanveer Ahmed,Mohammad Naveed,0,0,,,,,,,,,
1078661,2016/17,2017-01-26,Dubai International Cricket Stadium,1,48.1,Hong Kong,United Arab Emirates,Tanveer Ahmed,Nadeem Ahmed,Zahoor Khan,1,0,,,,,,,,,
1078661,2016/17,2017-01-26,Dubai International Cricket Stadium,1,48.2,Hong Kong,United Arab Emirates,Nadeem Ahmed,Tanveer Ahmed,Zahoor Khan,0,1,1,,,,,,,,
1078661,2016/17,2017-01-26,Dubai International Cricket Stadium,1,48.3,Hong Kong,United Arab Emirates,Nadeem Ahmed,Tanveer Ahmed,Zahoor Khan,0,0,,,,,,,,,
1078661,2016/17,2017-01-26,Dubai International Cricket Stadium,1,48.4,Hong Kong,United Arab Emirates,Nadeem Ahmed,Tanveer Ahmed,Zahoor Khan,1,0,,,,,,,,,
1078661,2016/17,2017-01-26,Dubai International Cricket Stadium,1,48.5,Hong Kong,United Arab Emirates,Tanveer Ahmed,Nadeem Ahmed,Zahoor Khan,0,1,1,,,,,,,,
1078661,2016/17,2017-01-26,Dubai International Cricket Stadium,1,48.6,Hong Kong,United Arab Emirates,Tanveer Ahmed,Nadeem Ahmed,Zahoor Khan,1,0,,,,,,,,,
1078661,2016/17,2017-01-26,Dubai International Cricket Stadium,1,48.7,Hong Kong,United Arab Emirates,Nadeem Ahmed,Tanveer Ahmed,Zahoor Khan,0,0,,,,,,caught,Nadeem Ahmed,,
1078661,2016/17,2017-01-26,Dubai International Cricket Stadium,2,0.1,United Arab Emirates,Hong Kong,Rohan Mustafa,Mohammed Qasim,Aizaz Khan,0,0,,,,,,,,,
1078661,2016/17,2017-01-26,Dubai International Cricket Stadium,2,0.2,United Arab Emirates,Hong Kong,Rohan Mustafa,Mohammed Qasim,Aizaz Khan,1,0,,,,,,,,,
1078661,2016/17,2017-01-26,Dubai International Cricket Stadium,2,0.3,United Arab Emirates,Hong Kong,Mohammed Qasim,Rohan Mustafa,Aizaz Khan,0,0,,,,,,,,,
1078661,2016/17,2017-01-26,Dubai International Cricket Stadium,2,0.4,United Arab Emirates,Hong Kong,Mohammed Qasim,Rohan Mustafa,Aizaz Khan,0,1,1,,,,,,,,
1078661,2016/17,2017-01-26,Dubai International Cricket Stadium,2,0.5,United Arab Emirates,Hong Kong,Mohammed Qasim,Rohan Mustafa,Aizaz Khan,0,0,,,,,,,,,
1078661,2016/17,2017-01-26,Dubai International Cricket Stadium,2,0.6,United Arab Emirates,Hong Kong,Mohammed Qasim,Rohan Mustafa,Aizaz Khan,0,0,,,,,,,,,
1078661,2016/17,2017-01-26,Dubai International Cricket Stadium,2,0.7,United Arab Emirates,Hong Kong,Mohammed Qasim,Rohan Mustafa,Aizaz Khan,0,0,,,,,,,,,
1078661,2016/17,2017-01-26,Dubai International Cricket Stadium,2,1.1,United Arab Emirates,Hong Kong,Rohan Mustafa,Mohammed Qasim,Nadeem Ahmed,0,0,,,,,,,,,
1078661,2016/17,2017-01-26,Dubai International Cricket Stadium,2,1.2,United Arab Emirates,Hong Kong,Rohan Mustafa,Mohammed Qasim,Nadeem Ahmed,4,0,,,,,,,,,
1078661,2016/17,2017-01-26,Dubai International Cricket Stadium,2,1.3,United Arab Emirates,Hong Kong,Rohan Mustafa,Mohammed Qasim,Nadeem Ahmed,1,0,,,,,,,,,
1078661,2016/17,2017-01-26,Dubai International Cricket Stadium,2,1.4,United Arab Emirates,Hong Kong,Mohammed Qasim,Rohan Mustafa,Nadeem Ahmed,0,0,,,,,,,,,
1078661,2016/17,2017-01-26,Dubai International Cricket Stadium,2,1.5,United Arab Emirates,Hong Kong,Mohammed Qasim,Rohan Mustafa,Nadeem Ahmed,0,0,,,,,,,,,
1078661,2016/17,2017-01-26,Dubai International Cricket Stadium,2,1.6,United Arab Emirates,Hong Kong,Mohammed Qasim,Rohan Mustafa,Nadeem Ahmed,0,0,,,,,,,,,
1078661,2016/17,2017-01-26,Dubai International Cricket Stadium,2,2.1,United Arab Emirates,Hong Kong,Rohan Mustafa,Mohammed Qasim,Aizaz Khan,0,0,,,,,,,,,
1078661,2016/17,2017-01-26,Dubai International Cricket Stadium,2,2.2,United Arab Emirates,Hong Kong,Rohan Mustafa,Mohammed Qasim,Aizaz Khan,4,0,,,,,,,,,
1078661,2016/17,2017-01-26,Dubai International Cricket Stadium,2,2.3,United Arab Emirates,Hong Kong,Rohan Mustafa,Mohammed Qasim,Aizaz Khan,4,0,,,,,,,,,
1078661,2016/17,2017-01-26,Dubai International Cricket Stadium,2,2.4,United Arab Emirates,Hong Kong,Rohan Mustafa,Mohammed Qasim,Aizaz Khan,0,0,,,,,,,,,
1078661,2016/17,2017-01-26,Dubai International Cricket Stadium,2,2.5,United Arab Emirates,Hong Kong,Rohan Mustafa,Mohammed Qasim,Aizaz Khan,0,0,,,,,,,,,
1078661,2016/17,2017-01-26,Dubai International Cricket Stadium,2,2.6,United Arab Emirates,Hong Kong,Rohan Mustafa,Mohammed Qasim,Aizaz Khan,4,0,,,,,,,,,
1078661,2016/17,2017-01-26,Dubai International Cricket Stadium,2,3.1,United Arab Emirates,Hong Kong,Mohammed Qasim,Rohan Mustafa,Nadeem Ahmed,4,0,,,,,,,,,
1078661,2016/17,2017-01-26,Dubai International Cricket Stadium,2,3.2,United Arab Emirates,Hong Kong,Mohammed Qasim,Rohan Mustafa,Nadeem Ahmed,4,0,,,,,,,,,
1078661,2016/17,2017-01-26,Dubai International Cricket Stadium,2,3.3,United Arab Emirates,Hong Kong,Mohammed Qasim,Rohan Mustafa,Nadeem Ahmed,0,0,,,,,,,,,
1078661,2016/17,2017-01-26,Dubai International Cricket Stadium,2,3.4,United Arab Emirates,Hong Kong,Mohammed Qasim,Rohan Mustafa,Nadeem Ahmed,1,0,,,,,,,,,
1078661,2016/17,2017-01-26,Dubai International Cricket Stadium,2,3.5,United Arab Emirates,Hong Kong,Rohan Mustafa,Mohammed Qasim,Nadeem Ahmed,0,0,,,,,,,,,
1078661,2016/17,2017-01-26,Dubai International Cricket Stadium,2,3.6,United Arab Emirates,Hong Kong,Rohan Mustafa,Mohammed Qasim,Nadeem Ahmed,1,0,,,,,,,,,
1078661,2016/17,2017-01-26,Dubai International Cricket Stadium,2,4.1,United Arab Emirates,Hong Kong,Rohan Mustafa,Mohammed Qasim,Aizaz Khan,0,0,,,,,,,,,
1078661,2016/17,2017-01-26,Dubai International Cricket Stadium,2,4.2,United Arab Emirates,Hong Kong,Rohan Mustafa,Mohammed Qasim,Aizaz Khan,0,0,,,,,,,,,
1078661,2016/17,2017-01-26,Dubai International Cricket Stadium,2,4.3,United Arab Emirates,Hong Kong,Rohan Mustafa,Mohammed Qasim,Aizaz Khan,0,0,,,,,,,,,
1078661,2016/17,2017-01-26,Dubai International Cricket Stadium,2,4.4,United Arab Emirates,Hong Kong,Rohan Mustafa,Mohammed Qasim,Aizaz Khan,0,0,,,,,,,,,
1078661,2016/17,2017-01-26,Dubai International Cricket Stadium,2,4.5,United Arab Emirates,Hong Kong,Rohan Mustafa,Mohammed Qasim,Aizaz Khan,2,0,,,,,,,,,
1078661,2016/17,2017-01-26,Dubai International Cricket Stadium,2,4.6,United Arab Emirates,Hong Kong,Rohan Mustafa,Mohammed Qasim,Aizaz Khan,0,0,,,,,,,,,
1078661,2016/17,2017-01-26,Dubai International Cricket Stadium,2,5.1,United Arab Emirates,Hong Kong,Mohammed Qasim,Rohan Mustafa,Nadeem Ahmed,4,0,,,,,,,,,
1078661,2016/17,2017-01-26,Dubai International Cricket Stadium,2,5.2,United Arab Emirates,Hong Kong,Mohammed Qasim,Rohan Mustafa,Nadeem Ahmed,0,0,,,,,,,,,
1078661,2016/17,2017-01-26,Dubai International Cricket Stadium,2,5.3,United Arab Emirates,Hong Kong,Mohammed Qasim,Rohan Mustafa,Nadeem Ahmed,0,0,,,,,,,,,
1078661,2016/17,2017-01-26,Dubai International Cricket Stadium,2,5.4,United Arab Emirates,Hong Kong,Mohammed Qasim,Rohan Mustafa,Nadeem Ahmed,0,0,,,,,,,,,
1078661,2016/17,2017-01-26,Dubai International Cricket Stadium,2,5.5,United Arab Emirates,Hong Kong,Mohammed Qasim,Rohan Mustafa,Nadeem Ahmed,0,0,,,,,,,,,
1078661,2016/17,2017-01-26,Dubai International Cricket Stadium,2,5.6,United Arab Emirates,Hong Kong,Mohammed Qasim,Rohan Mustafa,Nadeem Ahmed,0,0,,,,,,,,,
1078661,2016/17,2017-01-26,Dubai International Cricket Stadium,2,6.1,United Arab Emirates,Hong Kong,Rohan Mustafa,Mohammed Qasim,Ehsan Khan,0,0,,,,,,,,,
1078661,2016/17,2017-01-26,Dubai International Cricket Stadium,2,6.2,United Arab Emirates,Hong Kong,Rohan Mustafa,Mohammed Qasim,Ehsan Khan,0,0,,,,,,,,,
1078661,2016/17,2017-01-26,Dubai International Cricket Stadium,2,6.3,United Arab Emirates,Hong Kong,Rohan Mustafa,Mohammed Qasim,Ehsan Khan,0,0,,,,,,,,,
1078661,2016/17,2017-01-26,Dubai International Cricket Stadium,2,6.4,United Arab Emirates,Hong Kong,Rohan Mustafa,Mohammed Qasim,Ehsan Khan,4,0,,,,,,,,,
1078661,2016/17,2017-01-26,Dubai International Cricket Stadium,2,6.5,United Arab Emirates,Hong Kong,Rohan Mustafa,Mohammed Qasim,Ehsan Khan,0,0,,,,,,,,,
1078661,2016/17,2017-01-26,Dubai International Cricket Stadium,2,6.6,United Arab Emirates,Hong Kong,Rohan Mustafa,Mohammed Qasim,Ehsan Khan,4,0,,,,,,,,,
1078661,2016/17,2017-01-26,Dubai International Cricket Stadium,2,7.1,United Arab Emirates,Hong Kong,Mohammed Qasim,Rohan Mustafa,Ehsan Nawaz,3,0,,,,,,,,,
1078661,2016/17,2017-01-26,Dubai International Cricket Stadium,2,7.2,United Arab Emirates,Hong Kong,Rohan Mustafa,Mohammed Qasim,Ehsan Nawaz,0,0,,,,,,,,,
1078661,2016/17,2017-01-26,Dubai International Cricket Stadium,2,7.3,United Arab Emirates,Hong Kong,Rohan Mustafa,Mohammed Qasim,Ehsan Nawaz,4,0,,,,,,,,,
1078661,2016/17,2017-01-26,Dubai International Cricket Stadium,2,7.4,United Arab Emirates,Hong Kong,Rohan Mustafa,Mohammed Qasim,Ehsan Nawaz,2,0,,,,,,,,,
1078661,2016/17,2017-01-26,Dubai International Cricket Stadium,2,7.5,United Arab Emirates,Hong Kong,Rohan Mustafa,Mohammed Qasim,Ehsan Nawaz,0,0,,,,,,,,,
1078661,2016/17,2017-01-26,Dubai International Cricket Stadium,2,7.6,United Arab Emirates,Hong Kong,Rohan Mustafa,Mohammed Qasim,Ehsan Nawaz,0,0,,,,,,,,,
1078661,2016/17,2017-01-26,Dubai International Cricket Stadium,2,8.1,United Arab Emirates,Hong Kong,Mohammed Qasim,Rohan Mustafa,Ehsan Khan,2,0,,,,,,,,,
1078661,2016/17,2017-01-26,Dubai International Cricket Stadium,2,8.2,United Arab Emirates,Hong Kong,Mohammed Qasim,Rohan Mustafa,Ehsan Khan,0,0,,,,,,,,,
1078661,2016/17,2017-01-26,Dubai International Cricket Stadium,2,8.3,United Arab Emirates,Hong Kong,Mohammed Qasim,Rohan Mustafa,Ehsan Khan,4,0,,,,,,,,,
1078661,2016/17,2017-01-26,Dubai International Cricket Stadium,2,8.4,United Arab Emirates,Hong Kong,Mohammed Qasim,Rohan Mustafa,Ehsan Khan,0,0,,,,,,,,,
1078661,2016/17,2017-01-26,Dubai International Cricket Stadium,2,8.5,United Arab Emirates,Hong Kong,Mohammed Qasim,Rohan Mustafa,Ehsan Khan,0,0,,,,,,,,,
1078661,2016/17,2017-01-26,Dubai International Cricket Stadium,2,8.6,United Arab Emirates,Hong Kong,Mohammed Qasim,Rohan Mustafa,Ehsan Khan,4,0,,,,,,,,,
1078661,2016/17,2017-01-26,Dubai International Cricket Stadium,2,9.1,United Arab Emirates,Hong Kong,Rohan Mustafa,Mohammed Qasim,Ehsan Nawaz,0,1,,,,1,,,,,
1078661,2016/17,2017-01-26,Dubai International Cricket Stadium,2,9.2,United Arab Emirates,Hong Kong,Mohammed Qasim,Rohan Mustafa,Ehsan Nawaz,0,0,,,,,,,,,
1078661,2016/17,2017-01-26,Dubai International Cricket Stadium,2,9.3,United Arab Emirates,Hong Kong,Mohammed Qasim,Rohan Mustafa,Ehsan Nawaz,2,0,,,,,,,,,
1078661,2016/17,2017-01-26,Dubai International Cricket Stadium,2,9.4,United Arab Emirates,Hong Kong,Mohammed Qasim,Rohan Mustafa,Ehsan Nawaz,0,0,,,,,,,,,
1078661,2016/17,2017-01-26,Dubai International Cricket Stadium,2,9.5,United Arab Emirates,Hong Kong,Mohammed Qasim,Rohan Mustafa,Ehsan Nawaz,0,0,,,,,,,,,
1078661,2016/17,2017-01-26,Dubai International Cricket Stadium,2,9.6,United Arab Emirates,Hong Kong,Mohammed Qasim,Rohan Mustafa,Ehsan Nawaz,0,0,,,,,,,,,
1078661,2016/17,2017-01-26,Dubai International Cricket Stadium,2,10.1,United Arab Emirates,Hong Kong,Rohan Mustafa,Mohammed Qasim,Ehsan Khan,0,0,,,,,,,,,
1078661,2016/17,2017-01-26,Dubai International Cricket Stadium,2,10.2,United Arab Emirates,Hong Kong,Rohan Mustafa,Mohammed Qasim,Ehsan Khan,0,1,1,,,,,,,,
1078661,2016/17,2017-01-26,Dubai International Cricket Stadium,2,10.3,United Arab Emirates,Hong Kong,Rohan Mustafa,Mohammed Qasim,Ehsan Khan,0,0,,,,,,,,,
1078661,2016/17,2017-01-26,Dubai International Cricket Stadium,2,10.4,United Arab Emirates,Hong Kong,Rohan Mustafa,Mohammed Qasim,Ehsan Khan,0,0,,,,,,,,,
1078661,2016/17,2017-01-26,Dubai International Cricket Stadium,2,10.5,United Arab Emirates,Hong Kong,Rohan Mustafa,Mohammed Qasim,Ehsan Khan,0,0,,,,,,,,,
1078661,2016/17,2017-01-26,Dubai International Cricket Stadium,2,10.6,United Arab Emirates,Hong Kong,Rohan Mustafa,Mohammed Qasim,Ehsan Khan,0,1,,,,1,,,,,
1078661,2016/17,2017-01-26,Dubai International Cricket Stadium,2,10.7,United Arab Emirates,Hong Kong,Mohammed Qasim,Rohan Mustafa,Ehsan Khan,0,0,,,,,,,,,
1078661,2016/17,2017-01-26,Dubai International Cricket Stadium,2,11.1,United Arab Emirates,Hong Kong,Rohan Mustafa,Mohammed Qasim,Ehsan Nawaz,0,0,,,,,,,,,
1078661,2016/17,2017-01-26,Dubai International Cricket Stadium,2,11.2,United Arab Emirates,Hong Kong,Rohan Mustafa,Mohammed Qasim,Ehsan Nawaz,6,0,,,,,,,,,
1078661,2016/17,2017-01-26,Dubai International Cricket Stadium,2,11.3,United Arab Emirates,Hong Kong,Rohan Mustafa,Mohammed Qasim,Ehsan Nawaz,0,0,,,,,,,,,
1078661,2016/17,2017-01-26,Dubai International Cricket Stadium,2,11.4,United Arab Emirates,Hong Kong,Rohan Mustafa,Mohammed Qasim,Ehsan Nawaz,1,0,,,,,,,,,
1078661,2016/17,2017-01-26,Dubai International Cricket Stadium,2,11.5,United Arab Emirates,Hong Kong,Mohammed Qasim,Rohan Mustafa,Ehsan Nawaz,0,0,,,,,,,,,
1078661,2016/17,2017-01-26,Dubai International Cricket Stadium,2,11.6,United Arab Emirates,Hong Kong,Mohammed Qasim,Rohan Mustafa,Ehsan Nawaz,1,0,,,,,,,,,
1078661,2016/17,2017-01-26,Dubai International Cricket Stadium,2,12.1,United Arab Emirates,Hong Kong,Mohammed Qasim,Rohan Mustafa,Ehsan Khan,0,0,,,,,,,,,
1078661,2016/17,2017-01-26,Dubai International Cricket Stadium,2,12.2,United Arab Emirates,Hong Kong,Mohammed Qasim,Rohan Mustafa,Ehsan Khan,0,0,,,,,,,,,
1078661,2016/17,2017-01-26,Dubai International Cricket Stadium,2,12.3,United Arab Emirates,Hong Kong,Mohammed Qasim,Rohan Mustafa,Ehsan Khan,1,0,,,,,,,,,
1078661,2016/17,2017-01-26,Dubai International Cricket Stadium,2,12.4,United Arab Emirates,Hong Kong,Rohan Mustafa,Mohammed Qasim,Ehsan Khan,0,0,,,,,,,,,
1078661,2016/17,2017-01-26,Dubai International Cricket Stadium,2,12.5,United Arab Emirates,Hong Kong,Rohan Mustafa,Mohammed Qasim,Ehsan Khan,0,0,,,,,,,,,
1078661,2016/17,2017-01-26,Dubai International Cricket Stadium,2,12.6,United Arab Emirates,Hong Kong,Rohan Mustafa,Mohammed Qasim,Ehsan Khan,0,0,,,,,,,,,
1078661,2016/17,2017-01-26,Dubai International Cricket Stadium,2,13.1,United Arab Emirates,Hong Kong,Mohammed Qasim,Rohan Mustafa,Nadeem Ahmed,0,0,,,,,,,,,
1078661,2016/17,2017-01-26,Dubai International Cricket Stadium,2,13.2,United Arab Emirates,Hong Kong,Mohammed Qasim,Rohan Mustafa,Nadeem Ahmed,0,0,,,,,,,,,
1078661,2016/17,2017-01-26,Dubai International Cricket Stadium,2,13.3,United Arab Emirates,Hong Kong,Mohammed Qasim,Rohan Mustafa,Nadeem Ahmed,0,0,,,,,,,,,
1078661,2016/17,2017-01-26,Dubai International Cricket Stadium,2,13.4,United Arab Emirates,Hong Kong,Mohammed Qasim,Rohan Mustafa,Nadeem Ahmed,0,0,,,,,,,,,
1078661,2016/17,2017-01-26,Dubai International Cricket Stadium,2,13.5,United Arab Emirates,Hong Kong,Mohammed Qasim,Rohan Mustafa,Nadeem Ahmed,0,0,,,,,,,,,
1078661,2016/17,2017-01-26,Dubai International Cricket Stadium,2,13.6,United Arab Emirates,Hong Kong,Mohammed Qasim,Rohan Mustafa,Nadeem Ahmed,0,0,,,,,,,,,
1078661,2016/17,2017-01-26,Dubai International Cricket Stadium,2,14.1,United Arab Emirates,Hong Kong,Rohan Mustafa,Mohammed Qasim,Ehsan Khan,0,0,,,,,,caught,Rohan Mustafa,,
1078661,2016/17,2017-01-26,Dubai International Cricket Stadium,2,14.2,United Arab Emirates,Hong Kong,Ghulam Shabber,Mohammed Qasim,Ehsan Khan,0,0,,,,,,,,,
1078661,2016/17,2017-01-26,Dubai International Cricket Stadium,2,14.3,United Arab Emirates,Hong Kong,Ghulam Shabber,Mohammed Qasim,Ehsan Khan,0,0,,,,,,,,,
1078661,2016/17,2017-01-26,Dubai International Cricket Stadium,2,14.4,United Arab Emirates,Hong Kong,Ghulam Shabber,Mohammed Qasim,Ehsan Khan,0,0,,,,,,,,,
1078661,2016/17,2017-01-26,Dubai International Cricket Stadium,2,14.5,United Arab Emirates,Hong Kong,Ghulam Shabber,Mohammed Qasim,Ehsan Khan,0,0,,,,,,,,,
1078661,2016/17,2017-01-26,Dubai International Cricket Stadium,2,14.6,United Arab Emirates,Hong Kong,Ghulam Shabber,Mohammed Qasim,Ehsan Khan,0,0,,,,,,,,,
1078661,2016/17,2017-01-26,Dubai International Cricket Stadium,2,15.1,United Arab Emirates,Hong Kong,Mohammed Qasim,Ghulam Shabber,Nadeem Ahmed,1,0,,,,,,,,,
1078661,2016/17,2017-01-26,Dubai International Cricket Stadium,2,15.2,United Arab Emirates,Hong Kong,Ghulam Shabber,Mohammed Qasim,Nadeem Ahmed,0,0,,,,,,,,,
1078661,2016/17,2017-01-26,Dubai International Cricket Stadium,2,15.3,United Arab Emirates,Hong Kong,Ghulam Shabber,Mohammed Qasim,Nadeem Ahmed,4,0,,,,,,,,,
1078661,2016/17,2017-01-26,Dubai International Cricket Stadium,2,15.4,United Arab Emirates,Hong Kong,Ghulam Shabber,Mohammed Qasim,Nadeem Ahmed,0,0,,,,,,,,,
1078661,2016/17,2017-01-26,Dubai International Cricket Stadium,2,15.5,United Arab Emirates,Hong Kong,Ghulam Shabber,Mohammed Qasim,Nadeem Ahmed,1,0,,,,,,,,,
1078661,2016/17,2017-01-26,Dubai International Cricket Stadium,2,15.6,United Arab Emirates,Hong Kong,Mohammed Qasim,Ghulam Shabber,Nadeem Ahmed,0,0,,,,,,,,,
1078661,2016/17,2017-01-26,Dubai International Cricket Stadium,2,16.1,United Arab Emirates,Hong Kong,Ghulam Shabber,Mohammed Qasim,Ehsan Khan,0,0,,,,,,,,,
1078661,2016/17,2017-01-26,Dubai International Cricket Stadium,2,16.2,United Arab Emirates,Hong Kong,Ghulam Shabber,Mohammed Qasim,Ehsan Khan,0,0,,,,,,,,,
1078661,2016/17,2017-01-26,Dubai International Cricket Stadium,2,16.3,United Arab Emirates,Hong Kong,Ghulam Shabber,Mohammed Qasim,Ehsan Khan,0,0,,,,,,caught,Ghulam Shabber,,
1078661,2016/17,2017-01-26,Dubai International Cricket Stadium,2,16.4,United Arab Emirates,Hong Kong,Mohammed Qasim,Shaiman Anwar,Ehsan Khan,0,0,,,,,,,,,
1078661,2016/17,2017-01-26,Dubai International Cricket Stadium,2,16.5,United Arab Emirates,Hong Kong,Mohammed Qasim,Shaiman Anwar,Ehsan Khan,0,0,,,,,,,,,
1078661,2016/17,2017-01-26,Dubai International Cricket Stadium,2,16.6,United Arab Emirates,Hong Kong,Mohammed Qasim,Shaiman Anwar,Ehsan Khan,0,0,,,,,,,,,
1078661,2016/17,2017-01-26,Dubai International Cricket Stadium,2,17.1,United Arab Emirates,Hong Kong,Shaiman Anwar,Mohammed Qasim,Nadeem Ahmed,1,0,,,,,,,,,
1078661,2016/17,2017-01-26,Dubai International Cricket Stadium,2,17.2,United Arab Emirates,Hong Kong,Mohammed Qasim,Shaiman Anwar,Nadeem Ahmed,0,0,,,,,,,,,
1078661,2016/17,2017-01-26,Dubai International Cricket Stadium,2,17.3,United Arab Emirates,Hong Kong,Mohammed Qasim,Shaiman Anwar,Nadeem Ahmed,0,0,,,,,,,,,
1078661,2016/17,2017-01-26,Dubai International Cricket Stadium,2,17.4,United Arab Emirates,Hong Kong,Mohammed Qasim,Shaiman Anwar,Nadeem Ahmed,0,0,,,,,,,,,
1078661,2016/17,2017-01-26,Dubai International Cricket Stadium,2,17.5,United Arab Emirates,Hong Kong,Mohammed Qasim,Shaiman Anwar,Nadeem Ahmed,0,0,,,,,,,,,
1078661,2016/17,2017-01-26,Dubai International Cricket Stadium,2,17.6,United Arab Emirates,Hong Kong,Mohammed Qasim,Shaiman Anwar,Nadeem Ahmed,1,0,,,,,,,,,
1078661,2016/17,2017-01-26,Dubai International Cricket Stadium,2,18.1,United Arab Emirates,Hong Kong,Mohammed Qasim,Shaiman Anwar,Ehsan Khan,0,0,,,,,,,,,
1078661,2016/17,2017-01-26,Dubai International Cricket Stadium,2,18.2,United Arab Emirates,Hong Kong,Mohammed Qasim,Shaiman Anwar,Ehsan Khan,0,0,,,,,,,,,
1078661,2016/17,2017-01-26,Dubai International Cricket Stadium,2,18.3,United Arab Emirates,Hong Kong,Mohammed Qasim,Shaiman Anwar,Ehsan Khan,0,0,,,,,,,,,
1078661,2016/17,2017-01-26,Dubai International Cricket Stadium,2,18.4,United Arab Emirates,Hong Kong,Mohammed Qasim,Shaiman Anwar,Ehsan Khan,4,0,,,,,,,,,
1078661,2016/17,2017-01-26,Dubai International Cricket Stadium,2,18.5,United Arab Emirates,Hong Kong,Mohammed Qasim,Shaiman Anwar,Ehsan Khan,0,0,,,,,,,,,
1078661,2016/17,2017-01-26,Dubai International Cricket Stadium,2,18.6,United Arab Emirates,Hong Kong,Mohammed Qasim,Shaiman Anwar,Ehsan Khan,0,0,,,,,,,,,
1078661,2016/17,2017-01-26,Dubai International Cricket Stadium,2,19.1,United Arab Emirates,Hong Kong,Shaiman Anwar,Mohammed Qasim,Nadeem Ahmed,0,0,,,,,,,,,
1078661,2016/17,2017-01-26,Dubai International Cricket Stadium,2,19.2,United Arab Emirates,Hong Kong,Shaiman Anwar,Mohammed Qasim,Nadeem Ahmed,0,0,,,,,,,,,
1078661,2016/17,2017-01-26,Dubai International Cricket Stadium,2,19.3,United Arab Emirates,Hong Kong,Shaiman Anwar,Mohammed Qasim,Nadeem Ahmed,2,0,,,,,,,,,
1078661,2016/17,2017-01-26,Dubai International Cricket Stadium,2,19.4,United Arab Emirates,Hong Kong,Shaiman Anwar,Mohammed Qasim,Nadeem Ahmed,0,0,,,,,,,,,
1078661,2016/17,2017-01-26,Dubai International Cricket Stadium,2,19.5,United Arab Emirates,Hong Kong,Shaiman Anwar,Mohammed Qasim,Nadeem Ahmed,0,0,,,,,,,,,
1078661,2016/17,2017-01-26,Dubai International Cricket Stadium,2,19.6,United Arab Emirates,Hong Kong,Shaiman Anwar,Mohammed Qasim,Nadeem Ahmed,1,0,,,,,,,,,
1078661,2016/17,2017-01-26,Dubai International Cricket Stadium,2,20.1,United Arab Emirates,Hong Kong,Shaiman Anwar,Mohammed Qasim,Ehsan Khan,0,0,,,,,,,,,
1078661,2016/17,2017-01-26,Dubai International Cricket Stadium,2,20.2,United Arab Emirates,Hong Kong,Shaiman Anwar,Mohammed Qasim,Ehsan Khan,0,0,,,,,,,,,
1078661,2016/17,2017-01-26,Dubai International Cricket Stadium,2,20.3,United Arab Emirates,Hong Kong,Shaiman Anwar,Mohammed Qasim,Ehsan Khan,0,0,,,,,,,,,
1078661,2016/17,2017-01-26,Dubai International Cricket Stadium,2,20.4,United Arab Emirates,Hong Kong,Shaiman Anwar,Mohammed Qasim,Ehsan Khan,0,0,,,,,,,,,
1078661,2016/17,2017-01-26,Dubai International Cricket Stadium,2,20.5,United Arab Emirates,Hong Kong,Shaiman Anwar,Mohammed Qasim,Ehsan Khan,1,0,,,,,,,,,
1078661,2016/17,2017-01-26,Dubai International Cricket Stadium,2,20.6,United Arab Emirates,Hong Kong,Mohammed Qasim,Shaiman Anwar,Ehsan Khan,0,0,,,,,,,,,
1078661,2016/17,2017-01-26,Dubai International Cricket Stadium,2,21.1,United Arab Emirates,Hong Kong,Shaiman Anwar,Mohammed Qasim,Nadeem Ahmed,0,0,,,,,,,,,
1078661,2016/17,2017-01-26,Dubai International Cricket Stadium,2,21.2,United Arab Emirates,Hong Kong,Shaiman Anwar,Mohammed Qasim,Nadeem Ahmed,0,0,,,,,,,,,
1078661,2016/17,2017-01-26,Dubai International Cricket Stadium,2,21.3,United Arab Emirates,Hong Kong,Shaiman Anwar,Mohammed Qasim,Nadeem Ahmed,0,0,,,,,,,,,
1078661,2016/17,2017-01-26,Dubai International Cricket Stadium,2,21.4,United Arab Emirates,Hong Kong,Shaiman Anwar,Mohammed Qasim,Nadeem Ahmed,1,0,,,,,,,,,
1078661,2016/17,2017-01-26,Dubai International Cricket Stadium,2,21.5,United Arab Emirates,Hong Kong,Mohammed Qasim,Shaiman Anwar,Nadeem Ahmed,0,0,,,,,,,,,
1078661,2016/17,2017-01-26,Dubai International Cricket Stadium,2,21.6,United Arab Emirates,Hong Kong,Mohammed Qasim,Shaiman Anwar,Nadeem Ahmed,0,0,,,,,,,,,
1078661,2016/17,2017-01-26,Dubai International Cricket Stadium,2,22.1,United Arab Emirates,Hong Kong,Shaiman Anwar,Mohammed Qasim,Nizakat Khan,0,0,,,,,,,,,
1078661,2016/17,2017-01-26,Dubai International Cricket Stadium,2,22.2,United Arab Emirates,Hong Kong,Shaiman Anwar,Mohammed Qasim,Nizakat Khan,0,0,,,,,,,,,
1078661,2016/17,2017-01-26,Dubai International Cricket Stadium,2,22.3,United Arab Emirates,Hong Kong,Shaiman Anwar,Mohammed Qasim,Nizakat Khan,2,0,,,,,,,,,
1078661,2016/17,2017-01-26,Dubai International Cricket Stadium,2,22.4,United Arab Emirates,Hong Kong,Shaiman Anwar,Mohammed Qasim,Nizakat Khan,0,0,,,,,,,,,
1078661,2016/17,2017-01-26,Dubai International Cricket Stadium,2,22.5,United Arab Emirates,Hong Kong,Shaiman Anwar,Mohammed Qasim,Nizakat Khan,0,0,,,,,,,,,
1078661,2016/17,2017-01-26,Dubai International Cricket Stadium,2,22.6,United Arab Emirates,Hong Kong,Shaiman Anwar,Mohammed Qasim,Nizakat Khan,1,0,,,,,,,,,
1078661,2016/17,2017-01-26,Dubai International Cricket Stadium,2,23.1,United Arab Emirates,Hong Kong,Shaiman Anwar,Mohammed Qasim,Tanveer Ahmed,2,0,,,,,,,,,
1078661,2016/17,2017-01-26,Dubai International Cricket Stadium,2,23.2,United Arab Emirates,Hong Kong,Shaiman Anwar,Mohammed Qasim,Tanveer Ahmed,4,0,,,,,,,,,
1078661,2016/17,2017-01-26,Dubai International Cricket Stadium,2,23.3,United Arab Emirates,Hong Kong,Shaiman Anwar,Mohammed Qasim,Tanveer Ahmed,0,0,,,,,,,,,
1078661,2016/17,2017-01-26,Dubai International Cricket Stadium,2,23.4,United Arab Emirates,Hong Kong,Shaiman Anwar,Mohammed Qasim,Tanveer Ahmed,1,0,,,,,,,,,
1078661,2016/17,2017-01-26,Dubai International Cricket Stadium,2,23.5,United Arab Emirates,Hong Kong,Mohammed Qasim,Shaiman Anwar,Tanveer Ahmed,1,0,,,,,,,,,
1078661,2016/17,2017-01-26,Dubai International Cricket Stadium,2,23.6,United Arab Emirates,Hong Kong,Shaiman Anwar,Mohammed Qasim,Tanveer Ahmed,4,0,,,,,,,,,
1078661,2016/17,2017-01-26,Dubai International Cricket Stadium,2,24.1,United Arab Emirates,Hong Kong,Mohammed Qasim,Shaiman Anwar,Nizakat Khan,1,0,,,,,,,,,
1078661,2016/17,2017-01-26,Dubai International Cricket Stadium,2,24.2,United Arab Emirates,Hong Kong,Shaiman Anwar,Mohammed Qasim,Nizakat Khan,1,0,,,,,,,,,
1078661,2016/17,2017-01-26,Dubai International Cricket Stadium,2,24.3,United Arab Emirates,Hong Kong,Mohammed Qasim,Shaiman Anwar,Nizakat Khan,1,0,,,,,,,,,
1078661,2016/17,2017-01-26,Dubai International Cricket Stadium,2,24.4,United Arab Emirates,Hong Kong,Shaiman Anwar,Mohammed Qasim,Nizakat Khan,1,0,,,,,,,,,
1078661,2016/17,2017-01-26,Dubai International Cricket Stadium,2,24.5,United Arab Emirates,Hong Kong,Mohammed Qasim,Shaiman Anwar,Nizakat Khan,0,0,,,,,,,,,
1078661,2016/17,2017-01-26,Dubai International Cricket Stadium,2,24.6,United Arab Emirates,Hong Kong,Mohammed Qasim,Shaiman Anwar,Nizakat Khan,1,0,,,,,,,,,
1078661,2016/17,2017-01-26,Dubai International Cricket Stadium,2,25.1,United Arab Emirates,Hong Kong,Mohammed Qasim,Shaiman Anwar,Tanveer Ahmed,0,0,,,,,,,,,
1078661,2016/17,2017-01-26,Dubai International Cricket Stadium,2,25.2,United Arab Emirates,Hong Kong,Mohammed Qasim,Shaiman Anwar,Tanveer Ahmed,1,0,,,,,,,,,
1078661,2016/17,2017-01-26,Dubai International Cricket Stadium,2,25.3,United Arab Emirates,Hong Kong,Shaiman Anwar,Mohammed Qasim,Tanveer Ahmed,0,0,,,,,,,,,
1078661,2016/17,2017-01-26,Dubai International Cricket Stadium,2,25.4,United Arab Emirates,Hong Kong,Shaiman Anwar,Mohammed Qasim,Tanveer Ahmed,0,0,,,,,,,,,
1078661,2016/17,2017-01-26,Dubai International Cricket Stadium,2,25.5,United Arab Emirates,Hong Kong,Shaiman Anwar,Mohammed Qasim,Tanveer Ahmed,0,0,,,,,,,,,
1078661,2016/17,2017-01-26,Dubai International Cricket Stadium,2,25.6,United Arab Emirates,Hong Kong,Shaiman Anwar,Mohammed Qasim,Tanveer Ahmed,0,0,,,,,,,,,
1078661,2016/17,2017-01-26,Dubai International Cricket Stadium,2,26.1,United Arab Emirates,Hong Kong,Mohammed Qasim,Shaiman Anwar,Nizakat Khan,0,0,,,,,,lbw,Mohammed Qasim,,
1078661,2016/17,2017-01-26,Dubai International Cricket Stadium,2,26.2,United Arab Emirates,Hong Kong,Muhammad Usman,Shaiman Anwar,Nizakat Khan,0,0,,,,,,,,,
1078661,2016/17,2017-01-26,Dubai International Cricket Stadium,2,26.3,United Arab Emirates,Hong Kong,Muhammad Usman,Shaiman Anwar,Nizakat Khan,1,0,,,,,,,,,
1078661,2016/17,2017-01-26,Dubai International Cricket Stadium,2,26.4,United Arab Emirates,Hong Kong,Shaiman Anwar,Muhammad Usman,Nizakat Khan,1,0,,,,,,,,,
1078661,2016/17,2017-01-26,Dubai International Cricket Stadium,2,26.5,United Arab Emirates,Hong Kong,Muhammad Usman,Shaiman Anwar,Nizakat Khan,0,0,,,,,,,,,
1078661,2016/17,2017-01-26,Dubai International Cricket Stadium,2,26.6,United Arab Emirates,Hong Kong,Muhammad Usman,Shaiman Anwar,Nizakat Khan,1,0,,,,,,,,,
1078661,2016/17,2017-01-26,Dubai International Cricket Stadium,2,27.1,United Arab Emirates,Hong Kong,Muhammad Usman,Shaiman Anwar,Ehsan Khan,0,0,,,,,,,,,
1078661,2016/17,2017-01-26,Dubai International Cricket Stadium,2,27.2,United Arab Emirates,Hong Kong,Muhammad Usman,Shaiman Anwar,Ehsan Khan,0,0,,,,,,,,,
1078661,2016/17,2017-01-26,Dubai International Cricket Stadium,2,27.3,United Arab Emirates,Hong Kong,Muhammad Usman,Shaiman Anwar,Ehsan Khan,0,0,,,,,,,,,
1078661,2016/17,2017-01-26,Dubai International Cricket Stadium,2,27.4,United Arab Emirates,Hong Kong,Muhammad Usman,Shaiman Anwar,Ehsan Khan,0,0,,,,,,,,,
1078661,2016/17,2017-01-26,Dubai International Cricket Stadium,2,27.5,United Arab Emirates,Hong Kong,Muhammad Usman,Shaiman Anwar,Ehsan Khan,0,0,,,,,,,,,
1078661,2016/17,2017-01-26,Dubai International Cricket Stadium,2,27.6,United Arab Emirates,Hong Kong,Muhammad Usman,Shaiman Anwar,Ehsan Khan,0,1,1,,,,,,,,
1078661,2016/17,2017-01-26,Dubai International Cricket Stadium,2,27.7,United Arab Emirates,Hong Kong,Muhammad Usman,Shaiman Anwar,Ehsan Khan,0,0,,,,,,,,,
1078661,2016/17,2017-01-26,Dubai International Cricket Stadium,2,28.1,United Arab Emirates,Hong Kong,Shaiman Anwar,Muhammad Usman,Nizakat Khan,1,0,,,,,,,,,
1078661,2016/17,2017-01-26,Dubai International Cricket Stadium,2,28.2,United Arab Emirates,Hong Kong,Muhammad Usman,Shaiman Anwar,Nizakat Khan,1,0,,,,,,,,,
1078661,2016/17,2017-01-26,Dubai International Cricket Stadium,2,28.3,United Arab Emirates,Hong Kong,Shaiman Anwar,Muhammad Usman,Nizakat Khan,0,0,,,,,,,,,
1078661,2016/17,2017-01-26,Dubai International Cricket Stadium,2,28.4,United Arab Emirates,Hong Kong,Shaiman Anwar,Muhammad Usman,Nizakat Khan,0,0,,,,,,,,,
1078661,2016/17,2017-01-26,Dubai International Cricket Stadium,2,28.5,United Arab Emirates,Hong Kong,Shaiman Anwar,Muhammad Usman,Nizakat Khan,2,0,,,,,,,,,
1078661,2016/17,2017-01-26,Dubai International Cricket Stadium,2,28.6,United Arab Emirates,Hong Kong,Shaiman Anwar,Muhammad Usman,Nizakat Khan,1,0,,,,,,,,,
1078661,2016/17,2017-01-26,Dubai International Cricket Stadium,2,29.1,United Arab Emirates,Hong Kong,Shaiman Anwar,Muhammad Usman,Nadeem Ahmed,4,0,,,,,,,,,
1078661,2016/17,2017-01-26,Dubai International Cricket Stadium,2,29.2,United Arab Emirates,Hong Kong,Shaiman Anwar,Muhammad Usman,Nadeem Ahmed,1,0,,,,,,,,,
1078661,2016/17,2017-01-26,Dubai International Cricket Stadium,2,29.3,United Arab Emirates,Hong Kong,Muhammad Usman,Shaiman Anwar,Nadeem Ahmed,0,0,,,,,,,,,
1078661,2016/17,2017-01-26,Dubai International Cricket Stadium,2,29.4,United Arab Emirates,Hong Kong,Muhammad Usman,Shaiman Anwar,Nadeem Ahmed,0,0,,,,,,,,,
1078661,2016/17,2017-01-26,Dubai International Cricket Stadium,2,29.5,United Arab Emirates,Hong Kong,Muhammad Usman,Shaiman Anwar,Nadeem Ahmed,0,0,,,,,,,,,
1078661,2016/17,2017-01-26,Dubai International Cricket Stadium,2,29.6,United Arab Emirates,Hong Kong,Muhammad Usman,Shaiman Anwar,Nadeem Ahmed,0,0,,,,,,,,,
1078661,2016/17,2017-01-26,Dubai International Cricket Stadium,2,30.1,United Arab Emirates,Hong Kong,Shaiman Anwar,Muhammad Usman,Tanveer Ahmed,2,0,,,,,,,,,
1078661,2016/17,2017-01-26,Dubai International Cricket Stadium,2,30.2,United Arab Emirates,Hong Kong,Shaiman Anwar,Muhammad Usman,Tanveer Ahmed,0,0,,,,,,,,,
1078661,2016/17,2017-01-26,Dubai International Cricket Stadium,2,30.3,United Arab Emirates,Hong Kong,Shaiman Anwar,Muhammad Usman,Tanveer Ahmed,0,0,,,,,,,,,
1078661,2016/17,2017-01-26,Dubai International Cricket Stadium,2,30.4,United Arab Emirates,Hong Kong,Shaiman Anwar,Muhammad Usman,Tanveer Ahmed,4,0,,,,,,,,,
1078661,2016/17,2017-01-26,Dubai International Cricket Stadium,2,30.5,United Arab Emirates,Hong Kong,Shaiman Anwar,Muhammad Usman,Tanveer Ahmed,4,0,,,,,,,,,
1078661,2016/17,2017-01-26,Dubai International Cricket Stadium,2,30.6,United Arab Emirates,Hong Kong,Shaiman Anwar,Muhammad Usman,Tanveer Ahmed,1,0,,,,,,,,,
1078661,2016/17,2017-01-26,Dubai International Cricket Stadium,2,31.1,United Arab Emirates,Hong Kong,Shaiman Anwar,Muhammad Usman,Nadeem Ahmed,0,0,,,,,,,,,
1078661,2016/17,2017-01-26,Dubai International Cricket Stadium,2,31.2,United Arab Emirates,Hong Kong,Shaiman Anwar,Muhammad Usman,Nadeem Ahmed,0,0,,,,,,,,,
1078661,2016/17,2017-01-26,Dubai International Cricket Stadium,2,31.3,United Arab Emirates,Hong Kong,Shaiman Anwar,Muhammad Usman,Nadeem Ahmed,0,0,,,,,,,,,
1078661,2016/17,2017-01-26,Dubai International Cricket Stadium,2,31.4,United Arab Emirates,Hong Kong,Shaiman Anwar,Muhammad Usman,Nadeem Ahmed,0,0,,,,,,,,,
1078661,2016/17,2017-01-26,Dubai International Cricket Stadium,2,31.5,United Arab Emirates,Hong Kong,Shaiman Anwar,Muhammad Usman,Nadeem Ahmed,2,0,,,,,,,,,
1078661,2016/17,2017-01-26,Dubai International Cricket Stadium,2,31.6,United Arab Emirates,Hong Kong,Shaiman Anwar,Muhammad Usman,Nadeem Ahmed,0,0,,,,,,,,,
1078661,2016/17,2017-01-26,Dubai International Cricket Stadium,2,32.1,United Arab Emirates,Hong Kong,Muhammad Usman,Shaiman Anwar,Tanveer Ahmed,0,0,,,,,,,,,
1078661,2016/17,2017-01-26,Dubai International Cricket Stadium,2,32.2,United Arab Emirates,Hong Kong,Muhammad Usman,Shaiman Anwar,Tanveer Ahmed,0,0,,,,,,,,,
1078661,2016/17,2017-01-26,Dubai International Cricket Stadium,2,32.3,United Arab Emirates,Hong Kong,Muhammad Usman,Shaiman Anwar,Tanveer Ahmed,1,0,,,,,,,,,
1078661,2016/17,2017-01-26,Dubai International Cricket Stadium,2,32.4,United Arab Emirates,Hong Kong,Shaiman Anwar,Muhammad Usman,Tanveer Ahmed,0,0,,,,,,,,,
1078661,2016/17,2017-01-26,Dubai International Cricket Stadium,2,32.5,United Arab Emirates,Hong Kong,Shaiman Anwar,Muhammad Usman,Tanveer Ahmed,0,0,,,,,,,,,
1078661,2016/17,2017-01-26,Dubai International Cricket Stadium,2,32.6,United Arab Emirates,Hong Kong,Shaiman Anwar,Muhammad Usman,Tanveer Ahmed,1,0,,,,,,,,,
1078661,2016/17,2017-01-26,Dubai International Cricket Stadium,2,33.1,United Arab Emirates,Hong Kong,Shaiman Anwar,Muhammad Usman,Ehsan Khan,4,0,,,,,,,,,
1078661,2016/17,2017-01-26,Dubai International Cricket Stadium,2,33.2,United Arab Emirates,Hong Kong,Shaiman Anwar,Muhammad Usman,Ehsan Khan,0,0,,,,,,,,,
1078661,2016/17,2017-01-26,Dubai International Cricket Stadium,2,33.3,United Arab Emirates,Hong Kong,Shaiman Anwar,Muhammad Usman,Ehsan Khan,0,0,,,,,,,,,
1078661,2016/17,2017-01-26,Dubai International Cricket Stadium,2,33.4,United Arab Emirates,Hong Kong,Shaiman Anwar,Muhammad Usman,Ehsan Khan,0,0,,,,,,,,,
1078661,2016/17,2017-01-26,Dubai International Cricket Stadium,2,33.5,United Arab Emirates,Hong Kong,Shaiman Anwar,Muhammad Usman,Ehsan Khan,0,0,,,,,,,,,
1078661,2016/17,2017-01-26,Dubai International Cricket Stadium,2,33.6,United Arab Emirates,Hong Kong,Shaiman Anwar,Muhammad Usman,Ehsan Khan,0,0,,,,,,caught,Shaiman Anwar,,
1078661,2016/17,2017-01-26,Dubai International Cricket Stadium,2,34.1,United Arab Emirates,Hong Kong,Mohammad Naveed,Muhammad Usman,Tanveer Ahmed,0,0,,,,,,,,,
1078661,2016/17,2017-01-26,Dubai International Cricket Stadium,2,34.2,United Arab Emirates,Hong Kong,Mohammad Naveed,Muhammad Usman,Tanveer Ahmed,0,0,,,,,,,,,
1078661,2016/17,2017-01-26,Dubai International Cricket Stadium,2,34.3,United Arab Emirates,Hong Kong,Mohammad Naveed,Muhammad Usman,Tanveer Ahmed,4,0,,,,,,,,,
1078661,2016/17,2017-01-26,Dubai International Cricket Stadium,2,34.4,United Arab Emirates,Hong Kong,Mohammad Naveed,Muhammad Usman,Tanveer Ahmed,1,0,,,,,,,,,
1078661,2016/17,2017-01-26,Dubai International Cricket Stadium,2,34.5,United Arab Emirates,Hong Kong,Muhammad Usman,Mohammad Naveed,Tanveer Ahmed,0,1,1,,,,,,,,
1078661,2016/17,2017-01-26,Dubai International Cricket Stadium,2,34.6,United Arab Emirates,Hong Kong,Muhammad Usman,Mohammad Naveed,Tanveer Ahmed,0,0,,,,,,,,,
1078661,2016/17,2017-01-26,Dubai International Cricket Stadium,2,34.7,United Arab Emirates,Hong Kong,Muhammad Usman,Mohammad Naveed,Tanveer Ahmed,0,0,,,,,,,,,
1078661,2016/17,2017-01-26,Dubai International Cricket Stadium,2,35.1,United Arab Emirates,Hong Kong,Mohammad Naveed,Muhammad Usman,Aizaz Khan,1,0,,,,,,,,,
1078661,2016/17,2017-01-26,Dubai International Cricket Stadium,2,35.2,United Arab Emirates,Hong Kong,Muhammad Usman,Mohammad Naveed,Aizaz Khan,0,0,,,,,,,,,
1078661,2016/17,2017-01-26,Dubai International Cricket Stadium,2,35.3,United Arab Emirates,Hong Kong,Muhammad Usman,Mohammad Naveed,Aizaz Khan,4,0,,,,,,,,,
1078661,2016/17,2017-01-26,Dubai International Cricket Stadium,2,35.4,United Arab Emirates,Hong Kong,Muhammad Usman,Mohammad Naveed,Aizaz Khan,0,0,,,,,,,,,
1078661,2016/17,2017-01-26,Dubai International Cricket Stadium,2,35.5,United Arab Emirates,Hong Kong,Muhammad Usman,Mohammad Naveed,Aizaz Khan,0,0,,,,,,,,,
1078661,2016/17,2017-01-26,Dubai International Cricket Stadium,2,35.6,United Arab Emirates,Hong Kong,Muhammad Usman,Mohammad Naveed,Aizaz Khan,2,0,,,,,,,,,
1078661,2016/17,2017-01-26,Dubai International Cricket Stadium,2,36.1,United Arab Emirates,Hong Kong,Mohammad Naveed,Muhammad Usman,Tanveer Ahmed,1,0,,,,,,,,,
1078661,2016/17,2017-01-26,Dubai International Cricket Stadium,2,36.2,United Arab Emirates,Hong Kong,Muhammad Usman,Mohammad Naveed,Tanveer Ahmed,4,0,,,,,,,,,
1078661,2016/17,2017-01-26,Dubai International Cricket Stadium,2,36.3,United Arab Emirates,Hong Kong,Muhammad Usman,Mohammad Naveed,Tanveer Ahmed,0,0,,,,,,,,,
1078661,2016/17,2017-01-26,Dubai International Cricket Stadium,2,36.4,United Arab Emirates,Hong Kong,Muhammad Usman,Mohammad Naveed,Tanveer Ahmed,0,0,,,,,,,,,
1078661,2016/17,2017-01-26,Dubai International Cricket Stadium,2,36.5,United Arab Emirates,Hong Kong,Muhammad Usman,Mohammad Naveed,Tanveer Ahmed,0,0,,,,,,,,,
1078661,2016/17,2017-01-26,Dubai International Cricket Stadium,2,36.6,United Arab Emirates,Hong Kong,Muhammad Usman,Mohammad Naveed,Tanveer Ahmed,1,0,,,,,,,,,
1078661,2016/17,2017-01-26,Dubai International Cricket Stadium,2,37.1,United Arab Emirates,Hong Kong,Muhammad Usman,Mohammad Naveed,Aizaz Khan,1,0,,,,,,,,,
1078661,2016/17,2017-01-26,Dubai International Cricket Stadium,2,37.2,United Arab Emirates,Hong Kong,Mohammad Naveed,Muhammad Usman,Aizaz Khan,0,0,,,,,,,,,
1078661,2016/17,2017-01-26,Dubai International Cricket Stadium,2,37.3,United Arab Emirates,Hong Kong,Mohammad Naveed,Muhammad Usman,Aizaz Khan,1,0,,,,,,,,,
1078661,2016/17,2017-01-26,Dubai International Cricket Stadium,2,37.4,United Arab Emirates,Hong Kong,Muhammad Usman,Mohammad Naveed,Aizaz Khan,4,0,,,,,,,,,
1078661,2016/17,2017-01-26,Dubai International Cricket Stadium,2,37.5,United Arab Emirates,Hong Kong,Muhammad Usman,Mohammad Naveed,Aizaz Khan,0,1,1,,,,,,,,
1078661,2016/17,2017-01-26,Dubai International Cricket Stadium,2,37.6,United Arab Emirates,Hong Kong,Muhammad Usman,Mohammad Naveed,Aizaz Khan,0,0,,,,,,,,,
1078661,2016/17,2017-01-26,Dubai International Cricket Stadium,2,37.7,United Arab Emirates,Hong Kong,Muhammad Usman,Mohammad Naveed,Aizaz Khan,0,0,,,,,,,,,
1078661,2016/17,2017-01-26,Dubai International Cricket Stadium,2,38.1,United Arab Emirates,Hong Kong,Mohammad Naveed,Muhammad Usman,Tanveer Ahmed,1,0,,,,,,,,,
1078661,2016/17,2017-01-26,Dubai International Cricket Stadium,2,38.2,United Arab Emirates,Hong Kong,Muhammad Usman,Mohammad Naveed,Tanveer Ahmed,0,1,1,,,,,,,,
