version,2.1.0
info,balls_per_over,6
info,team,Sri Lanka
info,team,Bangladesh
info,gender,male
info,season,2016/17
info,date,2017/03/25
info,event,Bangladesh in Sri Lanka ODI Series
info,match_number,1
info,venue,Rangiri Dambulla International Stadium
info,city,
info,toss_winner,Sri Lanka
info,toss_decision,field
info,player_of_match,Tamim Iqbal
info,umpire,MA Gough
info,umpire,REJ Martinesz
info,reserve_umpire,RR Wimalasiri
info,tv_umpire,S Ravi
info,match_referee,AJ Pycroft
info,winner,Bangladesh
info,winner_runs,90
info,player,Bangladesh,Tamim Iqbal
info,player,Bangladesh,Soumya Sarkar
info,player,Bangladesh,Sabbir Rahman
info,player,Bangladesh,Mushfiqur Rahim
info,player,Bangladesh,Shakib Al Hasan
info,player,Bangladesh,Mosaddek Hossain
info,player,Bangladesh,Mahmudullah
info,player,Bangladesh,Mehedi Hasan Miraz
info,player,Bangladesh,Mashrafe Mortaza
info,player,Bangladesh,Taskin Ahmed
info,player,Bangladesh,Mustafizur Rahman
info,player,Sri Lanka,MD Gunathilaka
info,player,Sri Lanka,WU Tharanga
info,player,Sri Lanka,BKG Mendis
info,player,Sri Lanka,LD Chandimal
info,player,Sri Lanka,DAS Gunaratne
info,player,Sri Lanka,TAM Siriwardana
info,player,Sri Lanka,SS Pathirana
info,player,Sri Lanka,NLTC Perera
info,player,Sri Lanka,RAS Lakmal
info,player,Sri Lanka,PADLR Sandakan
info,player,Sri Lanka,CBRLS Kumara
info,registry,people,AJ Pycroft,685d3f80
info,registry,people,BKG Mendis,5d1e7582
info,registry,people,CBRLS Kumara,4751caa3
info,registry,people,DAS Gunaratne,770494eb
info,registry,people,LD Chandimal,8dd02a98
info,registry,people,MA Gough,76752ac8
info,registry,people,MD Gunathilaka,509a7ca1
info,registry,people,Mahmudullah,bf1d7d3e
info,registry,people,Mashrafe Mortaza,e186f49c
info,registry,people,Mehedi Hasan Miraz,c58b0108
info,registry,people,Mosaddek Hossain,8919756f
info,registry,people,Mushfiqur Rahim,a94e08ea
info,registry,people,Mustafizur Rahman,0a8fce53
info,registry,people,NLTC Perera,0f12f9df
info,registry,people,PADLR Sandakan,79aad751
info,registry,people,RAS Lakmal,2f28dc94
info,registry,people,REJ Martinesz,140cdf29
info,registry,people,RR Wimalasiri,4950c8db
info,registry,people,S Ravi,9b9ee0df
info,registry,people,SS Pathirana,753c95b9
info,registry,people,Sabbir Rahman,7147f314
info,registry,people,Shakib Al Hasan,7dc35884
info,registry,people,Shuvagata Hom,bb01f9e0
info,registry,people,Soumya Sarkar,4d9f9686
info,registry,people,TAM Siriwardana,bf7842c9
info,registry,people,Tamim Iqbal,3b041a12
info,registry,people,Taskin Ahmed,ef18b66e
info,registry,people,WU Tharanga,7ed9fd56
