match_id,season,start_date,venue,innings,ball,batting_team,bowling_team,striker,non_striker,bowler,runs_off_bat,extras,wides,noballs,byes,legbyes,penalty,wicket_type,player_dismissed,other_wicket_type,other_player_dismissed
1085966,2017,2017-07-12,County Ground,1,0.1,Sri Lanka,South Africa,AC Jayangani,PRCS Kumarihami,S Ismail,0,0,,,,,,,,,
1085966,2017,2017-07-12,County Ground,1,0.2,Sri Lanka,South Africa,AC Jayangani,PRCS Kumarihami,S Ismail,1,0,,,,,,,,,
1085966,2017,2017-07-12,County Ground,1,0.3,Sri Lanka,South Africa,PRCS Kumarihami,AC Jayangani,S Ismail,0,0,,,,,,,,,
1085966,2017,2017-07-12,County Ground,1,0.4,Sri Lanka,South Africa,PRCS Kumarihami,AC Jayangani,S Ismail,0,0,,,,,,,,,
1085966,2017,2017-07-12,County Ground,1,0.5,Sri Lanka,South Africa,PRCS Kumarihami,AC Jayangani,S Ismail,0,0,,,,,,,,,
1085966,2017,2017-07-12,County Ground,1,0.6,Sri Lanka,South Africa,PRCS Kumarihami,AC Jayangani,S Ismail,0,0,,,,,,,,,
1085966,2017,2017-07-12,County Ground,1,1.1,Sri Lanka,South Africa,AC Jayangani,PRCS Kumarihami,M Kapp,0,0,,,,,,lbw,AC Jayangani,,
1085966,2017,2017-07-12,County Ground,1,1.2,Sri Lanka,South Africa,GWHM Perera,PRCS Kumarihami,M Kapp,0,0,,,,,,,,,
1085966,2017,2017-07-12,County Ground,1,1.3,Sri Lanka,South Africa,GWHM Perera,PRCS Kumarihami,M Kapp,1,0,,,,,,,,,
1085966,2017,2017-07-12,County Ground,1,1.4,Sri Lanka,South Africa,PRCS Kumarihami,GWHM Perera,M Kapp,0,1,1,,,,,,,,
1085966,2017,2017-07-12,County Ground,1,1.5,Sri Lanka,South Africa,PRCS Kumarihami,GWHM Perera,M Kapp,0,0,,,,,,,,,
1085966,2017,2017-07-12,County Ground,1,1.6,Sri Lanka,South Africa,PRCS Kumarihami,GWHM Perera,M Kapp,1,0,,,,,,,,,
1085966,2017,2017-07-12,County Ground,1,1.7,Sri Lanka,South Africa,GWHM Perera,PRCS Kumarihami,M Kapp,0,0,,,,,,,,,
1085966,2017,2017-07-12,County Ground,1,2.1,Sri Lanka,South Africa,PRCS Kumarihami,GWHM Perera,S Ismail,0,0,,,,,,,,,
1085966,2017,2017-07-12,County Ground,1,2.2,Sri Lanka,South Africa,PRCS Kumarihami,GWHM Perera,S Ismail,0,0,,,,,,,,,
1085966,2017,2017-07-12,County Ground,1,2.3,Sri Lanka,South Africa,PRCS Kumarihami,GWHM Perera,S Ismail,0,0,,,,,,,,,
1085966,2017,2017-07-12,County Ground,1,2.4,Sri Lanka,South Africa,PRCS Kumarihami,GWHM Perera,S Ismail,0,0,,,,,,,,,
1085966,2017,2017-07-12,County Ground,1,2.5,Sri Lanka,South Africa,PRCS Kumarihami,GWHM Perera,S Ismail,1,0,,,,,,,,,
1085966,2017,2017-07-12,County Ground,1,2.6,Sri Lanka,South Africa,GWHM Perera,PRCS Kumarihami,S Ismail,0,0,,,,,,,,,
1085966,2017,2017-07-12,County Ground,1,3.1,Sri Lanka,South Africa,PRCS Kumarihami,GWHM Perera,M Kapp,0,0,,,,,,,,,
1085966,2017,2017-07-12,County Ground,1,3.2,Sri Lanka,South Africa,PRCS Kumarihami,GWHM Perera,M Kapp,0,0,,,,,,,,,
1085966,2017,2017-07-12,County Ground,1,3.3,Sri Lanka,South Africa,PRCS Kumarihami,GWHM Perera,M Kapp,0,0,,,,,,,,,
1085966,2017,2017-07-12,County Ground,1,3.4,Sri Lanka,South Africa,PRCS Kumarihami,GWHM Perera,M Kapp,0,0,,,,,,,,,
1085966,2017,2017-07-12,County Ground,1,3.5,Sri Lanka,South Africa,PRCS Kumarihami,GWHM Perera,M Kapp,0,0,,,,,,,,,
1085966,2017,2017-07-12,County Ground,1,3.6,Sri Lanka,South Africa,PRCS Kumarihami,GWHM Perera,M Kapp,0,0,,,,,,,,,
1085966,2017,2017-07-12,County Ground,1,4.1,Sri Lanka,South Africa,GWHM Perera,PRCS Kumarihami,S Ismail,0,0,,,,,,,,,
1085966,2017,2017-07-12,County Ground,1,4.2,Sri Lanka,South Africa,GWHM Perera,PRCS Kumarihami,S Ismail,0,0,,,,,,,,,
1085966,2017,2017-07-12,County Ground,1,4.3,Sri Lanka,South Africa,GWHM Perera,PRCS Kumarihami,S Ismail,0,0,,,,,,caught,GWHM Perera,,
1085966,2017,2017-07-12,County Ground,1,4.4,Sri Lanka,South Africa,PM Weerakkody,PRCS Kumarihami,S Ismail,0,0,,,,,,,,,
1085966,2017,2017-07-12,County Ground,1,4.5,Sri Lanka,South Africa,PM Weerakkody,PRCS Kumarihami,S Ismail,1,0,,,,,,,,,
1085966,2017,2017-07-12,County Ground,1,4.6,Sri Lanka,South Africa,PRCS Kumarihami,PM Weerakkody,S Ismail,0,0,,,,,,,,,
1085966,2017,2017-07-12,County Ground,1,5.1,Sri Lanka,South Africa,PM Weerakkody,PRCS Kumarihami,M Kapp,0,0,,,,,,,,,
1085966,2017,2017-07-12,County Ground,1,5.2,Sri Lanka,South Africa,PM Weerakkody,PRCS Kumarihami,M Kapp,0,0,,,,,,,,,
1085966,2017,2017-07-12,County Ground,1,5.3,Sri Lanka,South Africa,PM Weerakkody,PRCS Kumarihami,M Kapp,0,0,,,,,,,,,
1085966,2017,2017-07-12,County Ground,1,5.4,Sri Lanka,South Africa,PM Weerakkody,PRCS Kumarihami,M Kapp,1,0,,,,,,,,,
1085966,2017,2017-07-12,County Ground,1,5.5,Sri Lanka,South Africa,PRCS Kumarihami,PM Weerakkody,M Kapp,1,0,,,,,,,,,
1085966,2017,2017-07-12,County Ground,1,5.6,Sri Lanka,South Africa,PM Weerakkody,PRCS Kumarihami,M Kapp,0,0,,,,,,,,,
1085966,2017,2017-07-12,County Ground,1,6.1,Sri Lanka,South Africa,PRCS Kumarihami,PM Weerakkody,S Ismail,1,0,,,,,,,,,
1085966,2017,2017-07-12,County Ground,1,6.2,Sri Lanka,South Africa,PM Weerakkody,PRCS Kumarihami,S Ismail,1,0,,,,,,,,,
1085966,2017,2017-07-12,County Ground,1,6.3,Sri Lanka,South Africa,PRCS Kumarihami,PM Weerakkody,S Ismail,0,0,,,,,,,,,
1085966,2017,2017-07-12,County Ground,1,6.4,Sri Lanka,South Africa,PRCS Kumarihami,PM Weerakkody,S Ismail,1,0,,,,,,,,,
1085966,2017,2017-07-12,County Ground,1,6.5,Sri Lanka,South Africa,PM Weerakkody,PRCS Kumarihami,S Ismail,0,0,,,,,,,,,
1085966,2017,2017-07-12,County Ground,1,6.6,Sri Lanka,South Africa,PM Weerakkody,PRCS Kumarihami,S Ismail,0,0,,,,,,,,,
1085966,2017,2017-07-12,County Ground,1,7.1,Sri Lanka,South Africa,PRCS Kumarihami,PM Weerakkody,A Khaka,0,0,,,,,,,,,
1085966,2017,2017-07-12,County Ground,1,7.2,Sri Lanka,South Africa,PRCS Kumarihami,PM Weerakkody,A Khaka,2,0,,,,,,,,,
1085966,2017,2017-07-12,County Ground,1,7.3,Sri Lanka,South Africa,PRCS Kumarihami,PM Weerakkody,A Khaka,0,0,,,,,,,,,
1085966,2017,2017-07-12,County Ground,1,7.4,Sri Lanka,South Africa,PRCS Kumarihami,PM Weerakkody,A Khaka,4,0,,,,,,,,,
1085966,2017,2017-07-12,County Ground,1,7.5,Sri Lanka,South Africa,PRCS Kumarihami,PM Weerakkody,A Khaka,0,0,,,,,,,,,
1085966,2017,2017-07-12,County Ground,1,7.6,Sri Lanka,South Africa,PRCS Kumarihami,PM Weerakkody,A Khaka,0,0,,,,,,,,,
1085966,2017,2017-07-12,County Ground,1,8.1,Sri Lanka,South Africa,PM Weerakkody,PRCS Kumarihami,S Ismail,0,0,,,,,,,,,
1085966,2017,2017-07-12,County Ground,1,8.2,Sri Lanka,South Africa,PM Weerakkody,PRCS Kumarihami,S Ismail,0,0,,,,,,,,,
1085966,2017,2017-07-12,County Ground,1,8.3,Sri Lanka,South Africa,PM Weerakkody,PRCS Kumarihami,S Ismail,0,0,,,,,,,,,
1085966,2017,2017-07-12,County Ground,1,8.4,Sri Lanka,South Africa,PM Weerakkody,PRCS Kumarihami,S Ismail,0,1,,1,,,,,,,
1085966,2017,2017-07-12,County Ground,1,8.5,Sri Lanka,South Africa,PM Weerakkody,PRCS Kumarihami,S Ismail,1,0,,,,,,,,,
1085966,2017,2017-07-12,County Ground,1,8.6,Sri Lanka,South Africa,PRCS Kumarihami,PM Weerakkody,S Ismail,0,0,,,,,,,,,
1085966,2017,2017-07-12,County Ground,1,8.7,Sri Lanka,South Africa,PRCS Kumarihami,PM Weerakkody,S Ismail,0,0,,,,,,,,,
1085966,2017,2017-07-12,County Ground,1,9.1,Sri Lanka,South Africa,PM Weerakkody,PRCS Kumarihami,A Khaka,0,0,,,,,,,,,
1085966,2017,2017-07-12,County Ground,1,9.2,Sri Lanka,South Africa,PM Weerakkody,PRCS Kumarihami,A Khaka,0,0,,,,,,,,,
1085966,2017,2017-07-12,County Ground,1,9.3,Sri Lanka,South Africa,PM Weerakkody,PRCS Kumarihami,A Khaka,1,0,,,,,,,,,
1085966,2017,2017-07-12,County Ground,1,9.4,Sri Lanka,South Africa,PRCS Kumarihami,PM Weerakkody,A Khaka,0,0,,,,,,,,,
1085966,2017,2017-07-12,County Ground,1,9.5,Sri Lanka,South Africa,PRCS Kumarihami,PM Weerakkody,A Khaka,0,0,,,,,,,,,
1085966,2017,2017-07-12,County Ground,1,9.6,Sri Lanka,South Africa,PRCS Kumarihami,PM Weerakkody,A Khaka,4,0,,,,,,,,,
1085966,2017,2017-07-12,County Ground,1,10.1,Sri Lanka,South Africa,PM Weerakkody,PRCS Kumarihami,M Klaas,0,0,,,,,,,,,
1085966,2017,2017-07-12,County Ground,1,10.2,Sri Lanka,South Africa,PM Weerakkody,PRCS Kumarihami,M Klaas,0,0,,,,,,,,,
1085966,2017,2017-07-12,County Ground,1,10.3,Sri Lanka,South Africa,PM Weerakkody,PRCS Kumarihami,M Klaas,0,0,,,,,,,,,
1085966,2017,2017-07-12,County Ground,1,10.4,Sri Lanka,South Africa,PM Weerakkody,PRCS Kumarihami,M Klaas,0,0,,,,,,,,,
1085966,2017,2017-07-12,County Ground,1,10.5,Sri Lanka,South Africa,PM Weerakkody,PRCS Kumarihami,M Klaas,1,0,,,,,,,,,
1085966,2017,2017-07-12,County Ground,1,10.6,Sri Lanka,South Africa,PRCS Kumarihami,PM Weerakkody,M Klaas,0,0,,,,,,,,,
1085966,2017,2017-07-12,County Ground,1,11.1,Sri Lanka,South Africa,PM Weerakkody,PRCS Kumarihami,S Luus,0,1,1,,,,,,,,
1085966,2017,2017-07-12,County Ground,1,11.2,Sri Lanka,South Africa,PM Weerakkody,PRCS Kumarihami,S Luus,0,0,,,,,,,,,
1085966,2017,2017-07-12,County Ground,1,11.3,Sri Lanka,South Africa,PM Weerakkody,PRCS Kumarihami,S Luus,0,0,,,,,,,,,
1085966,2017,2017-07-12,County Ground,1,11.4,Sri Lanka,South Africa,PM Weerakkody,PRCS Kumarihami,S Luus,1,0,,,,,,,,,
1085966,2017,2017-07-12,County Ground,1,11.5,Sri Lanka,South Africa,PRCS Kumarihami,PM Weerakkody,S Luus,0,0,,,,,,,,,
1085966,2017,2017-07-12,County Ground,1,11.6,Sri Lanka,South Africa,PRCS Kumarihami,PM Weerakkody,S Luus,1,0,,,,,,,,,
1085966,2017,2017-07-12,County Ground,1,11.7,Sri Lanka,South Africa,PM Weerakkody,PRCS Kumarihami,S Luus,0,0,,,,,,,,,
1085966,2017,2017-07-12,County Ground,1,12.1,Sri Lanka,South Africa,PRCS Kumarihami,PM Weerakkody,M Klaas,0,0,,,,,,,,,
1085966,2017,2017-07-12,County Ground,1,12.2,Sri Lanka,South Africa,PRCS Kumarihami,PM Weerakkody,M Klaas,0,0,,,,,,,,,
1085966,2017,2017-07-12,County Ground,1,12.3,Sri Lanka,South Africa,PRCS Kumarihami,PM Weerakkody,M Klaas,0,0,,,,,,,,,
1085966,2017,2017-07-12,County Ground,1,12.4,Sri Lanka,South Africa,PRCS Kumarihami,PM Weerakkody,M Klaas,0,0,,,,,,,,,
1085966,2017,2017-07-12,County Ground,1,12.5,Sri Lanka,South Africa,PRCS Kumarihami,PM Weerakkody,M Klaas,0,0,,,,,,,,,
1085966,2017,2017-07-12,County Ground,1,12.6,Sri Lanka,South Africa,PRCS Kumarihami,PM Weerakkody,M Klaas,4,0,,,,,,,,,
1085966,2017,2017-07-12,County Ground,1,13.1,Sri Lanka,South Africa,PM Weerakkody,PRCS Kumarihami,S Luus,1,0,,,,,,,,,
1085966,2017,2017-07-12,County Ground,1,13.2,Sri Lanka,South Africa,PRCS Kumarihami,PM Weerakkody,S Luus,0,0,,,,,,,,,
1085966,2017,2017-07-12,County Ground,1,13.3,Sri Lanka,South Africa,PRCS Kumarihami,PM Weerakkody,S Luus,0,0,,,,,,,,,
1085966,2017,2017-07-12,County Ground,1,13.4,Sri Lanka,South Africa,PRCS Kumarihami,PM Weerakkody,S Luus,0,0,,,,,,,,,
1085966,2017,2017-07-12,County Ground,1,13.5,Sri Lanka,South Africa,PRCS Kumarihami,PM Weerakkody,S Luus,0,0,,,,,,,,,
1085966,2017,2017-07-12,County Ground,1,13.6,Sri Lanka,South Africa,PRCS Kumarihami,PM Weerakkody,S Luus,0,0,,,,,,,,,
1085966,2017,2017-07-12,County Ground,1,14.1,Sri Lanka,South Africa,PM Weerakkody,PRCS Kumarihami,M Klaas,0,0,,,,,,,,,
1085966,2017,2017-07-12,County Ground,1,14.2,Sri Lanka,South Africa,PM Weerakkody,PRCS Kumarihami,M Klaas,1,0,,,,,,,,,
1085966,2017,2017-07-12,County Ground,1,14.3,Sri Lanka,South Africa,PRCS Kumarihami,PM Weerakkody,M Klaas,0,0,,,,,,,,,
1085966,2017,2017-07-12,County Ground,1,14.4,Sri Lanka,South Africa,PRCS Kumarihami,PM Weerakkody,M Klaas,0,0,,,,,,,,,
1085966,2017,2017-07-12,County Ground,1,14.5,Sri Lanka,South Africa,PRCS Kumarihami,PM Weerakkody,M Klaas,2,0,,,,,,,,,
1085966,2017,2017-07-12,County Ground,1,14.6,Sri Lanka,South Africa,PRCS Kumarihami,PM Weerakkody,M Klaas,0,0,,,,,,,,,
1085966,2017,2017-07-12,County Ground,1,15.1,Sri Lanka,South Africa,PM Weerakkody,PRCS Kumarihami,S Luus,0,0,,,,,,,,,
1085966,2017,2017-07-12,County Ground,1,15.2,Sri Lanka,South Africa,PM Weerakkody,PRCS Kumarihami,S Luus,0,0,,,,,,,,,
1085966,2017,2017-07-12,County Ground,1,15.3,Sri Lanka,South Africa,PM Weerakkody,PRCS Kumarihami,S Luus,0,0,,,,,,,,,
1085966,2017,2017-07-12,County Ground,1,15.4,Sri Lanka,South Africa,PM Weerakkody,PRCS Kumarihami,S Luus,1,0,,,,,,,,,
1085966,2017,2017-07-12,County Ground,1,15.5,Sri Lanka,South Africa,PRCS Kumarihami,PM Weerakkody,S Luus,0,0,,,,,,,,,
1085966,2017,2017-07-12,County Ground,1,15.6,Sri Lanka,South Africa,PRCS Kumarihami,PM Weerakkody,S Luus,0,0,,,,,,,,,
1085966,2017,2017-07-12,County Ground,1,16.1,Sri Lanka,South Africa,PM Weerakkody,PRCS Kumarihami,M Kapp,0,0,,,,,,,,,
1085966,2017,2017-07-12,County Ground,1,16.2,Sri Lanka,South Africa,PM Weerakkody,PRCS Kumarihami,M Kapp,0,0,,,,,,,,,
1085966,2017,2017-07-12,County Ground,1,16.3,Sri Lanka,South Africa,PM Weerakkody,PRCS Kumarihami,M Kapp,0,0,,,,,,,,,
1085966,2017,2017-07-12,County Ground,1,16.4,Sri Lanka,South Africa,PM Weerakkody,PRCS Kumarihami,M Kapp,0,0,,,,,,,,,
1085966,2017,2017-07-12,County Ground,1,16.5,Sri Lanka,South Africa,PM Weerakkody,PRCS Kumarihami,M Kapp,0,0,,,,,,,,,
1085966,2017,2017-07-12,County Ground,1,16.6,Sri Lanka,South Africa,PM Weerakkody,PRCS Kumarihami,M Kapp,1,0,,,,,,,,,
1085966,2017,2017-07-12,County Ground,1,17.1,Sri Lanka,South Africa,PM Weerakkody,PRCS Kumarihami,D van Niekerk,0,0,,,,,,,,,
1085966,2017,2017-07-12,County Ground,1,17.2,Sri Lanka,South Africa,PM Weerakkody,PRCS Kumarihami,D van Niekerk,1,0,,,,,,,,,
1085966,2017,2017-07-12,County Ground,1,17.3,Sri Lanka,South Africa,PRCS Kumarihami,PM Weerakkody,D van Niekerk,1,0,,,,,,,,,
1085966,2017,2017-07-12,County Ground,1,17.4,Sri Lanka,South Africa,PM Weerakkody,PRCS Kumarihami,D van Niekerk,1,0,,,,,,,,,
1085966,2017,2017-07-12,County Ground,1,17.5,Sri Lanka,South Africa,PRCS Kumarihami,PM Weerakkody,D van Niekerk,0,0,,,,,,,,,
1085966,2017,2017-07-12,County Ground,1,17.6,Sri Lanka,South Africa,PRCS Kumarihami,PM Weerakkody,D van Niekerk,1,0,,,,,,,,,
1085966,2017,2017-07-12,County Ground,1,18.1,Sri Lanka,South Africa,PRCS Kumarihami,PM Weerakkody,A Khaka,0,0,,,,,,,,,
1085966,2017,2017-07-12,County Ground,1,18.2,Sri Lanka,South Africa,PRCS Kumarihami,PM Weerakkody,A Khaka,1,0,,,,,,,,,
1085966,2017,2017-07-12,County Ground,1,18.3,Sri Lanka,South Africa,PM Weerakkody,PRCS Kumarihami,A Khaka,4,0,,,,,,,,,
1085966,2017,2017-07-12,County Ground,1,18.4,Sri Lanka,South Africa,PM Weerakkody,PRCS Kumarihami,A Khaka,0,0,,,,,,,,,
1085966,2017,2017-07-12,County Ground,1,18.5,Sri Lanka,South Africa,PM Weerakkody,PRCS Kumarihami,A Khaka,1,0,,,,,,,,,
1085966,2017,2017-07-12,County Ground,1,18.6,Sri Lanka,South Africa,PRCS Kumarihami,PM Weerakkody,A Khaka,0,0,,,,,,,,,
1085966,2017,2017-07-12,County Ground,1,19.1,Sri Lanka,South Africa,PM Weerakkody,PRCS Kumarihami,D van Niekerk,0,0,,,,,,,,,
1085966,2017,2017-07-12,County Ground,1,19.2,Sri Lanka,South Africa,PM Weerakkody,PRCS Kumarihami,D van Niekerk,0,0,,,,,,caught,PM Weerakkody,,
1085966,2017,2017-07-12,County Ground,1,19.3,Sri Lanka,South Africa,HASD Siriwardene,PRCS Kumarihami,D van Niekerk,1,0,,,,,,,,,
1085966,2017,2017-07-12,County Ground,1,19.4,Sri Lanka,South Africa,PRCS Kumarihami,HASD Siriwardene,D van Niekerk,0,0,,,,,,,,,
1085966,2017,2017-07-12,County Ground,1,19.5,Sri Lanka,South Africa,PRCS Kumarihami,HASD Siriwardene,D van Niekerk,0,0,,,,,,caught,PRCS Kumarihami,,
1085966,2017,2017-07-12,County Ground,1,19.6,Sri Lanka,South Africa,MADD Surangika,HASD Siriwardene,D van Niekerk,1,0,,,,,,,,,
1085966,2017,2017-07-12,County Ground,1,20.1,Sri Lanka,South Africa,MADD Surangika,HASD Siriwardene,A Khaka,0,0,,,,,,,,,
1085966,2017,2017-07-12,County Ground,1,20.2,Sri Lanka,South Africa,MADD Surangika,HASD Siriwardene,A Khaka,0,0,,,,,,,,,
1085966,2017,2017-07-12,County Ground,1,20.3,Sri Lanka,South Africa,MADD Surangika,HASD Siriwardene,A Khaka,0,0,,,,,,,,,
1085966,2017,2017-07-12,County Ground,1,20.4,Sri Lanka,South Africa,MADD Surangika,HASD Siriwardene,A Khaka,0,0,,,,,,,,,
1085966,2017,2017-07-12,County Ground,1,20.5,Sri Lanka,South Africa,MADD Surangika,HASD Siriwardene,A Khaka,0,1,1,,,,,,,,
1085966,2017,2017-07-12,County Ground,1,20.6,Sri Lanka,South Africa,MADD Surangika,HASD Siriwardene,A Khaka,0,0,,,,,,,,,
1085966,2017,2017-07-12,County Ground,1,20.7,Sri Lanka,South Africa,MADD Surangika,HASD Siriwardene,A Khaka,0,0,,,,,,,,,
1085966,2017,2017-07-12,County Ground,1,21.1,Sri Lanka,South Africa,HASD Siriwardene,MADD Surangika,D van Niekerk,0,0,,,,,,,,,
1085966,2017,2017-07-12,County Ground,1,21.2,Sri Lanka,South Africa,HASD Siriwardene,MADD Surangika,D van Niekerk,0,0,,,,,,,,,
1085966,2017,2017-07-12,County Ground,1,21.3,Sri Lanka,South Africa,HASD Siriwardene,MADD Surangika,D van Niekerk,0,0,,,,,,,,,
1085966,2017,2017-07-12,County Ground,1,21.4,Sri Lanka,South Africa,HASD Siriwardene,MADD Surangika,D van Niekerk,0,0,,,,,,,,,
1085966,2017,2017-07-12,County Ground,1,21.5,Sri Lanka,South Africa,HASD Siriwardene,MADD Surangika,D van Niekerk,0,0,,,,,,,,,
1085966,2017,2017-07-12,County Ground,1,21.6,Sri Lanka,South Africa,HASD Siriwardene,MADD Surangika,D van Niekerk,0,0,,,,,,,,,
1085966,2017,2017-07-12,County Ground,1,22.1,Sri Lanka,South Africa,MADD Surangika,HASD Siriwardene,A Khaka,0,0,,,,,,,,,
1085966,2017,2017-07-12,County Ground,1,22.2,Sri Lanka,South Africa,MADD Surangika,HASD Siriwardene,A Khaka,1,0,,,,,,,,,
1085966,2017,2017-07-12,County Ground,1,22.3,Sri Lanka,South Africa,HASD Siriwardene,MADD Surangika,A Khaka,0,0,,,,,,,,,
1085966,2017,2017-07-12,County Ground,1,22.4,Sri Lanka,South Africa,HASD Siriwardene,MADD Surangika,A Khaka,2,0,,,,,,,,,
1085966,2017,2017-07-12,County Ground,1,22.5,Sri Lanka,South Africa,HASD Siriwardene,MADD Surangika,A Khaka,0,0,,,,,,,,,
1085966,2017,2017-07-12,County Ground,1,22.6,Sri Lanka,South Africa,HASD Siriwardene,MADD Surangika,A Khaka,0,0,,,,,,,,,
1085966,2017,2017-07-12,County Ground,1,23.1,Sri Lanka,South Africa,MADD Surangika,HASD Siriwardene,D van Niekerk,4,0,,,,,,,,,
1085966,2017,2017-07-12,County Ground,1,23.2,Sri Lanka,South Africa,MADD Surangika,HASD Siriwardene,D van Niekerk,0,1,1,,,,,,,,
1085966,2017,2017-07-12,County Ground,1,23.3,Sri Lanka,South Africa,MADD Surangika,HASD Siriwardene,D van Niekerk,0,0,,,,,,,,,
1085966,2017,2017-07-12,County Ground,1,23.4,Sri Lanka,South Africa,MADD Surangika,HASD Siriwardene,D van Niekerk,2,0,,,,,,,,,
1085966,2017,2017-07-12,County Ground,1,23.5,Sri Lanka,South Africa,MADD Surangika,HASD Siriwardene,D van Niekerk,1,0,,,,,,,,,
1085966,2017,2017-07-12,County Ground,1,23.6,Sri Lanka,South Africa,HASD Siriwardene,MADD Surangika,D van Niekerk,1,0,,,,,,,,,
1085966,2017,2017-07-12,County Ground,1,23.7,Sri Lanka,South Africa,MADD Surangika,HASD Siriwardene,D van Niekerk,0,0,,,,,,,,,
1085966,2017,2017-07-12,County Ground,1,24.1,Sri Lanka,South Africa,HASD Siriwardene,MADD Surangika,M Klaas,0,0,,,,,,,,,
1085966,2017,2017-07-12,County Ground,1,24.2,Sri Lanka,South Africa,HASD Siriwardene,MADD Surangika,M Klaas,0,0,,,,,,,,,
1085966,2017,2017-07-12,County Ground,1,24.3,Sri Lanka,South Africa,HASD Siriwardene,MADD Surangika,M Klaas,0,0,,,,,,,,,
1085966,2017,2017-07-12,County Ground,1,24.4,Sri Lanka,South Africa,HASD Siriwardene,MADD Surangika,M Klaas,4,0,,,,,,,,,
1085966,2017,2017-07-12,County Ground,1,24.5,Sri Lanka,South Africa,HASD Siriwardene,MADD Surangika,M Klaas,0,0,,,,,,,,,
1085966,2017,2017-07-12,County Ground,1,24.6,Sri Lanka,South Africa,HASD Siriwardene,MADD Surangika,M Klaas,0,0,,,,,,,,,
1085966,2017,2017-07-12,County Ground,1,25.1,Sri Lanka,South Africa,MADD Surangika,HASD Siriwardene,S Luus,0,0,,,,,,,,,
1085966,2017,2017-07-12,County Ground,1,25.2,Sri Lanka,South Africa,MADD Surangika,HASD Siriwardene,S Luus,0,0,,,,,,,,,
1085966,2017,2017-07-12,County Ground,1,25.3,Sri Lanka,South Africa,MADD Surangika,HASD Siriwardene,S Luus,0,0,,,,,,,,,
1085966,2017,2017-07-12,County Ground,1,25.4,Sri Lanka,South Africa,MADD Surangika,HASD Siriwardene,S Luus,2,0,,,,,,,,,
1085966,2017,2017-07-12,County Ground,1,25.5,Sri Lanka,South Africa,MADD Surangika,HASD Siriwardene,S Luus,0,0,,,,,,,,,
1085966,2017,2017-07-12,County Ground,1,25.6,Sri Lanka,South Africa,MADD Surangika,HASD Siriwardene,S Luus,1,0,,,,,,,,,
1085966,2017,2017-07-12,County Ground,1,26.1,Sri Lanka,South Africa,MADD Surangika,HASD Siriwardene,M Klaas,1,0,,,,,,,,,
1085966,2017,2017-07-12,County Ground,1,26.2,Sri Lanka,South Africa,HASD Siriwardene,MADD Surangika,M Klaas,0,0,,,,,,,,,
1085966,2017,2017-07-12,County Ground,1,26.3,Sri Lanka,South Africa,HASD Siriwardene,MADD Surangika,M Klaas,1,0,,,,,,,,,
1085966,2017,2017-07-12,County Ground,1,26.4,Sri Lanka,South Africa,MADD Surangika,HASD Siriwardene,M Klaas,0,0,,,,,,,,,
1085966,2017,2017-07-12,County Ground,1,26.5,Sri Lanka,South Africa,MADD Surangika,HASD Siriwardene,M Klaas,0,0,,,,,,,,,
1085966,2017,2017-07-12,County Ground,1,26.6,Sri Lanka,South Africa,MADD Surangika,HASD Siriwardene,M Klaas,0,0,,,,,,,,,
1085966,2017,2017-07-12,County Ground,1,27.1,Sri Lanka,South Africa,HASD Siriwardene,MADD Surangika,S Luus,0,0,,,,,,caught,HASD Siriwardene,,
1085966,2017,2017-07-12,County Ground,1,27.2,Sri Lanka,South Africa,H Madavi,MADD Surangika,S Luus,0,0,,,,,,,,,
1085966,2017,2017-07-12,County Ground,1,27.3,Sri Lanka,South Africa,H Madavi,MADD Surangika,S Luus,1,0,,,,,,,,,
1085966,2017,2017-07-12,County Ground,1,27.4,Sri Lanka,South Africa,MADD Surangika,H Madavi,S Luus,1,0,,,,,,,,,
1085966,2017,2017-07-12,County Ground,1,27.5,Sri Lanka,South Africa,H Madavi,MADD Surangika,S Luus,0,0,,,,,,,,,
1085966,2017,2017-07-12,County Ground,1,27.6,Sri Lanka,South Africa,H Madavi,MADD Surangika,S Luus,0,0,,,,,,,,,
1085966,2017,2017-07-12,County Ground,1,28.1,Sri Lanka,South Africa,MADD Surangika,H Madavi,M Klaas,0,0,,,,,,,,,
1085966,2017,2017-07-12,County Ground,1,28.2,Sri Lanka,South Africa,MADD Surangika,H Madavi,M Klaas,0,0,,,,,,,,,
1085966,2017,2017-07-12,County Ground,1,28.3,Sri Lanka,South Africa,MADD Surangika,H Madavi,M Klaas,0,0,,,,,,,,,
1085966,2017,2017-07-12,County Ground,1,28.4,Sri Lanka,South Africa,MADD Surangika,H Madavi,M Klaas,0,0,,,,,,,,,
1085966,2017,2017-07-12,County Ground,1,28.5,Sri Lanka,South Africa,MADD Surangika,H Madavi,M Klaas,0,0,,,,,,,,,
1085966,2017,2017-07-12,County Ground,1,28.6,Sri Lanka,South Africa,MADD Surangika,H Madavi,M Klaas,1,0,,,,,,,,,
1085966,2017,2017-07-12,County Ground,1,29.1,Sri Lanka,South Africa,MADD Surangika,H Madavi,S Luus,0,0,,,,,,,,,
1085966,2017,2017-07-12,County Ground,1,29.2,Sri Lanka,South Africa,MADD Surangika,H Madavi,S Luus,0,0,,,,,,,,,
1085966,2017,2017-07-12,County Ground,1,29.3,Sri Lanka,South Africa,MADD Surangika,H Madavi,S Luus,1,0,,,,,,,,,
1085966,2017,2017-07-12,County Ground,1,29.4,Sri Lanka,South Africa,H Madavi,MADD Surangika,S Luus,0,0,,,,,,,,,
1085966,2017,2017-07-12,County Ground,1,29.5,Sri Lanka,South Africa,H Madavi,MADD Surangika,S Luus,0,0,,,,,,,,,
1085966,2017,2017-07-12,County Ground,1,29.6,Sri Lanka,South Africa,H Madavi,MADD Surangika,S Luus,0,0,,,,,,,,,
1085966,2017,2017-07-12,County Ground,1,30.1,Sri Lanka,South Africa,MADD Surangika,H Madavi,M Kapp,2,0,,,,,,,,,
1085966,2017,2017-07-12,County Ground,1,30.2,Sri Lanka,South Africa,MADD Surangika,H Madavi,M Kapp,4,0,,,,,,,,,
1085966,2017,2017-07-12,County Ground,1,30.3,Sri Lanka,South Africa,MADD Surangika,H Madavi,M Kapp,0,0,,,,,,,,,
1085966,2017,2017-07-12,County Ground,1,30.4,Sri Lanka,South Africa,MADD Surangika,H Madavi,M Kapp,0,0,,,,,,,,,
1085966,2017,2017-07-12,County Ground,1,30.5,Sri Lanka,South Africa,MADD Surangika,H Madavi,M Kapp,0,0,,,,,,,,,
1085966,2017,2017-07-12,County Ground,1,30.6,Sri Lanka,South Africa,MADD Surangika,H Madavi,M Kapp,1,0,,,,,,,,,
1085966,2017,2017-07-12,County Ground,1,31.1,Sri Lanka,South Africa,MADD Surangika,H Madavi,S Luus,0,0,,,,,,,,,
1085966,2017,2017-07-12,County Ground,1,31.2,Sri Lanka,South Africa,MADD Surangika,H Madavi,S Luus,0,0,,,,,,,,,
1085966,2017,2017-07-12,County Ground,1,31.3,Sri Lanka,South Africa,MADD Surangika,H Madavi,S Luus,1,0,,,,,,,,,
1085966,2017,2017-07-12,County Ground,1,31.4,Sri Lanka,South Africa,H Madavi,MADD Surangika,S Luus,0,0,,,,,,,,,
1085966,2017,2017-07-12,County Ground,1,31.5,Sri Lanka,South Africa,H Madavi,MADD Surangika,S Luus,0,0,,,,,,,,,
1085966,2017,2017-07-12,County Ground,1,31.6,Sri Lanka,South Africa,H Madavi,MADD Surangika,S Luus,0,0,,,,,,,,,
1085966,2017,2017-07-12,County Ground,1,32.1,Sri Lanka,South Africa,MADD Surangika,H Madavi,S Ismail,1,0,,,,,,,,,
1085966,2017,2017-07-12,County Ground,1,32.2,Sri Lanka,South Africa,H Madavi,MADD Surangika,S Ismail,1,0,,,,,,,,,
1085966,2017,2017-07-12,County Ground,1,32.3,Sri Lanka,South Africa,MADD Surangika,H Madavi,S Ismail,0,0,,,,,,,,,
1085966,2017,2017-07-12,County Ground,1,32.4,Sri Lanka,South Africa,MADD Surangika,H Madavi,S Ismail,0,0,,,,,,,,,
1085966,2017,2017-07-12,County Ground,1,32.5,Sri Lanka,South Africa,MADD Surangika,H Madavi,S Ismail,0,0,,,,,,,,,
1085966,2017,2017-07-12,County Ground,1,32.6,Sri Lanka,South Africa,MADD Surangika,H Madavi,S Ismail,0,0,,,,,,,,,
1085966,2017,2017-07-12,County Ground,1,33.1,Sri Lanka,South Africa,H Madavi,MADD Surangika,D van Niekerk,0,0,,,,,,,,,
1085966,2017,2017-07-12,County Ground,1,33.2,Sri Lanka,South Africa,H Madavi,MADD Surangika,D van Niekerk,0,0,,,,,,,,,
1085966,2017,2017-07-12,County Ground,1,33.3,Sri Lanka,South Africa,H Madavi,MADD Surangika,D van Niekerk,0,0,,,,,,,,,
1085966,2017,2017-07-12,County Ground,1,33.4,Sri Lanka,South Africa,H Madavi,MADD Surangika,D van Niekerk,0,0,,,,,,caught,H Madavi,,
1085966,2017,2017-07-12,County Ground,1,33.5,Sri Lanka,South Africa,SS Weerakkody,MADD Surangika,D van Niekerk,0,0,,,,,,,,,
1085966,2017,2017-07-12,County Ground,1,33.6,Sri Lanka,South Africa,SS Weerakkody,MADD Surangika,D van Niekerk,0,0,,,,,,,,,
1085966,2017,2017-07-12,County Ground,1,34.1,Sri Lanka,South Africa,MADD Surangika,SS Weerakkody,M Klaas,0,0,,,,,,lbw,MADD Surangika,,
1085966,2017,2017-07-12,County Ground,1,34.2,Sri Lanka,South Africa,LE Kaushalya,SS Weerakkody,M Klaas,0,0,,,,,,,,,
1085966,2017,2017-07-12,County Ground,1,34.3,Sri Lanka,South Africa,LE Kaushalya,SS Weerakkody,M Klaas,0,0,,,,,,,,,
1085966,2017,2017-07-12,County Ground,1,34.4,Sri Lanka,South Africa,LE Kaushalya,SS Weerakkody,M Klaas,0,0,,,,,,,,,
1085966,2017,2017-07-12,County Ground,1,34.5,Sri Lanka,South Africa,LE Kaushalya,SS Weerakkody,M Klaas,0,0,,,,,,,,,
1085966,2017,2017-07-12,County Ground,1,34.6,Sri Lanka,South Africa,LE Kaushalya,SS Weerakkody,M Klaas,0,0,,,,,,,,,
1085966,2017,2017-07-12,County Ground,1,35.1,Sri Lanka,South Africa,SS Weerakkody,LE Kaushalya,D van Niekerk,0,0,,,,,,,,,
1085966,2017,2017-07-12,County Ground,1,35.2,Sri Lanka,South Africa,SS Weerakkody,LE Kaushalya,D van Niekerk,0,0,,,,,,caught and bowled,SS Weerakkody,,
1085966,2017,2017-07-12,County Ground,1,35.3,Sri Lanka,South Africa,KADA Kanchana,LE Kaushalya,D van Niekerk,0,0,,,,,,,,,
1085966,2017,2017-07-12,County Ground,1,35.4,Sri Lanka,South Africa,KADA Kanchana,LE Kaushalya,D van Niekerk,0,0,,,,,,,,,
1085966,2017,2017-07-12,County Ground,1,35.5,Sri Lanka,South Africa,KADA Kanchana,LE Kaushalya,D van Niekerk,0,0,,,,,,,,,
1085966,2017,2017-07-12,County Ground,1,35.6,Sri Lanka,South Africa,KADA Kanchana,LE Kaushalya,D van Niekerk,0,0,,,,,,,,,
1085966,2017,2017-07-12,County Ground,1,36.1,Sri Lanka,South Africa,LE Kaushalya,KADA Kanchana,M Klaas,0,1,1,,,,,,,,
1085966,2017,2017-07-12,County Ground,1,36.2,Sri Lanka,South Africa,LE Kaushalya,KADA Kanchana,M Klaas,0,0,,,,,,,,,
1085966,2017,2017-07-12,County Ground,1,36.3,Sri Lanka,South Africa,LE Kaushalya,KADA Kanchana,M Klaas,0,0,,,,,,,,,
1085966,2017,2017-07-12,County Ground,1,36.4,Sri Lanka,South Africa,LE Kaushalya,KADA Kanchana,M Klaas,0,0,,,,,,,,,
1085966,2017,2017-07-12,County Ground,1,36.5,Sri Lanka,South Africa,LE Kaushalya,KADA Kanchana,M Klaas,0,0,,,,,,,,,
1085966,2017,2017-07-12,County Ground,1,36.6,Sri Lanka,South Africa,LE Kaushalya,KADA Kanchana,M Klaas,0,0,,,,,,,,,
1085966,2017,2017-07-12,County Ground,1,36.7,Sri Lanka,South Africa,LE Kaushalya,KADA Kanchana,M Klaas,1,0,,,,,,,,,
1085966,2017,2017-07-12,County Ground,1,37.1,Sri Lanka,South Africa,LE Kaushalya,KADA Kanchana,D van Niekerk,0,0,,,,,,,,,
1085966,2017,2017-07-12,County Ground,1,37.2,Sri Lanka,South Africa,LE Kaushalya,KADA Kanchana,D van Niekerk,4,0,,,,,,,,,
1085966,2017,2017-07-12,County Ground,1,37.3,Sri Lanka,South Africa,LE Kaushalya,KADA Kanchana,D van Niekerk,0,0,,,,,,,,,
1085966,2017,2017-07-12,County Ground,1,37.4,Sri Lanka,South Africa,LE Kaushalya,KADA Kanchana,D van Niekerk,0,0,,,,,,,,,
1085966,2017,2017-07-12,County Ground,1,37.5,Sri Lanka,South Africa,LE Kaushalya,KADA Kanchana,D van Niekerk,0,0,,,,,,,,,
1085966,2017,2017-07-12,County Ground,1,37.6,Sri Lanka,South Africa,LE Kaushalya,KADA Kanchana,D van Niekerk,0,0,,,,,,,,,
1085966,2017,2017-07-12,County Ground,1,38.1,Sri Lanka,South Africa,KADA Kanchana,LE Kaushalya,S Ismail,0,0,,,,,,,,,
1085966,2017,2017-07-12,County Ground,1,38.2,Sri Lanka,South Africa,KADA Kanchana,LE Kaushalya,S Ismail,1,1,,1,,,,,,,
1085966,2017,2017-07-12,County Ground,1,38.3,Sri Lanka,South Africa,LE Kaushalya,KADA Kanchana,S Ismail,0,0,,,,,,,,,
1085966,2017,2017-07-12,County Ground,1,38.4,Sri Lanka,South Africa,LE Kaushalya,KADA Kanchana,S Ismail,0,0,,,,,,caught,LE Kaushalya,,
1085966,2017,2017-07-12,County Ground,1,38.5,Sri Lanka,South Africa,I Ranaweera,KADA Kanchana,S Ismail,0,0,,,,,,,,,
1085966,2017,2017-07-12,County Ground,1,38.6,Sri Lanka,South Africa,I Ranaweera,KADA Kanchana,S Ismail,0,0,,,,,,,,,
1085966,2017,2017-07-12,County Ground,1,38.7,Sri Lanka,South Africa,I Ranaweera,KADA Kanchana,S Ismail,1,0,,,,,,,,,
1085966,2017,2017-07-12,County Ground,1,39.1,Sri Lanka,South Africa,I Ranaweera,KADA Kanchana,D van Niekerk,0,0,,,,,,,,,
1085966,2017,2017-07-12,County Ground,1,39.2,Sri Lanka,South Africa,I Ranaweera,KADA Kanchana,D van Niekerk,1,0,,,,,,,,,
1085966,2017,2017-07-12,County Ground,1,39.3,Sri Lanka,South Africa,KADA Kanchana,I Ranaweera,D van Niekerk,4,0,,,,,,,,,
1085966,2017,2017-07-12,County Ground,1,39.4,Sri Lanka,South Africa,KADA Kanchana,I Ranaweera,D van Niekerk,0,0,,,,,,,,,
1085966,2017,2017-07-12,County Ground,1,39.5,Sri Lanka,South Africa,KADA Kanchana,I Ranaweera,D van Niekerk,0,0,,,,,,,,,
1085966,2017,2017-07-12,County Ground,1,39.6,Sri Lanka,South Africa,KADA Kanchana,I Ranaweera,D van Niekerk,0,0,,,,,,,,,
1085966,2017,2017-07-12,County Ground,1,40.1,Sri Lanka,South Africa,I Ranaweera,KADA Kanchana,S Ismail,1,0,,,,,,,,,
1085966,2017,2017-07-12,County Ground,1,40.2,Sri Lanka,South Africa,KADA Kanchana,I Ranaweera,S Ismail,0,0,,,,,,,,,
1085966,2017,2017-07-12,County Ground,1,40.3,Sri Lanka,South Africa,KADA Kanchana,I Ranaweera,S Ismail,0,0,,,,,,caught,KADA Kanchana,,
1085966,2017,2017-07-12,County Ground,2,0.1,South Africa,Sri Lanka,L Wolvaardt,L Lee,SS Weerakkody,4,0,,,,,,,,,
1085966,2017,2017-07-12,County Ground,2,0.2,South Africa,Sri Lanka,L Wolvaardt,L Lee,SS Weerakkody,1,0,,,,,,,,,
1085966,2017,2017-07-12,County Ground,2,0.3,South Africa,Sri Lanka,L Lee,L Wolvaardt,SS Weerakkody,0,0,,,,,,,,,
1085966,2017,2017-07-12,County Ground,2,0.4,South Africa,Sri Lanka,L Lee,L Wolvaardt,SS Weerakkody,0,0,,,,,,caught,L Lee,,
1085966,2017,2017-07-12,County Ground,2,0.5,South Africa,Sri Lanka,T Chetty,L Wolvaardt,SS Weerakkody,0,0,,,,,,,,,
1085966,2017,2017-07-12,County Ground,2,0.6,South Africa,Sri Lanka,T Chetty,L Wolvaardt,SS Weerakkody,1,0,,,,,,,,,
1085966,2017,2017-07-12,County Ground,2,1.1,South Africa,Sri Lanka,T Chetty,L Wolvaardt,LE Kaushalya,0,0,,,,,,,,,
1085966,2017,2017-07-12,County Ground,2,1.2,South Africa,Sri Lanka,T Chetty,L Wolvaardt,LE Kaushalya,0,1,1,,,,,,,,
1085966,2017,2017-07-12,County Ground,2,1.3,South Africa,Sri Lanka,T Chetty,L Wolvaardt,LE Kaushalya,0,0,,,,,,,,,
1085966,2017,2017-07-12,County Ground,2,1.4,South Africa,Sri Lanka,T Chetty,L Wolvaardt,LE Kaushalya,1,0,,,,,,,,,
1085966,2017,2017-07-12,County Ground,2,1.5,South Africa,Sri Lanka,L Wolvaardt,T Chetty,LE Kaushalya,0,0,,,,,,,,,
1085966,2017,2017-07-12,County Ground,2,1.6,South Africa,Sri Lanka,L Wolvaardt,T Chetty,LE Kaushalya,4,0,,,,,,,,,
1085966,2017,2017-07-12,County Ground,2,1.7,South Africa,Sri Lanka,L Wolvaardt,T Chetty,LE Kaushalya,0,0,,,,,,,,,
1085966,2017,2017-07-12,County Ground,2,2.1,South Africa,Sri Lanka,T Chetty,L Wolvaardt,SS Weerakkody,4,0,,,,,,,,,
1085966,2017,2017-07-12,County Ground,2,2.2,South Africa,Sri Lanka,T Chetty,L Wolvaardt,SS Weerakkody,0,0,,,,,,,,,
1085966,2017,2017-07-12,County Ground,2,2.3,South Africa,Sri Lanka,T Chetty,L Wolvaardt,SS Weerakkody,0,0,,,,,,,,,
1085966,2017,2017-07-12,County Ground,2,2.4,South Africa,Sri Lanka,T Chetty,L Wolvaardt,SS Weerakkody,1,0,,,,,,,,,
1085966,2017,2017-07-12,County Ground,2,2.5,South Africa,Sri Lanka,L Wolvaardt,T Chetty,SS Weerakkody,0,0,,,,,,,,,
1085966,2017,2017-07-12,County Ground,2,2.6,South Africa,Sri Lanka,L Wolvaardt,T Chetty,SS Weerakkody,0,0,,,,,,,,,
1085966,2017,2017-07-12,County Ground,2,3.1,South Africa,Sri Lanka,T Chetty,L Wolvaardt,LE Kaushalya,0,0,,,,,,,,,
1085966,2017,2017-07-12,County Ground,2,3.2,South Africa,Sri Lanka,T Chetty,L Wolvaardt,LE Kaushalya,0,0,,,,,,,,,
1085966,2017,2017-07-12,County Ground,2,3.3,South Africa,Sri Lanka,T Chetty,L Wolvaardt,LE Kaushalya,4,0,,,,,,,,,
1085966,2017,2017-07-12,County Ground,2,3.4,South Africa,Sri Lanka,T Chetty,L Wolvaardt,LE Kaushalya,0,0,,,,,,,,,
1085966,2017,2017-07-12,County Ground,2,3.5,South Africa,Sri Lanka,T Chetty,L Wolvaardt,LE Kaushalya,1,0,,,,,,,,,
1085966,2017,2017-07-12,County Ground,2,3.6,South Africa,Sri Lanka,L Wolvaardt,T Chetty,LE Kaushalya,0,0,,,,,,,,,
1085966,2017,2017-07-12,County Ground,2,4.1,South Africa,Sri Lanka,T Chetty,L Wolvaardt,KADA Kanchana,1,0,,,,,,,,,
1085966,2017,2017-07-12,County Ground,2,4.2,South Africa,Sri Lanka,L Wolvaardt,T Chetty,KADA Kanchana,0,0,,,,,,,,,
1085966,2017,2017-07-12,County Ground,2,4.3,South Africa,Sri Lanka,L Wolvaardt,T Chetty,KADA Kanchana,0,0,,,,,,,,,
1085966,2017,2017-07-12,County Ground,2,4.4,South Africa,Sri Lanka,L Wolvaardt,T Chetty,KADA Kanchana,0,0,,,,,,,,,
1085966,2017,2017-07-12,County Ground,2,4.5,South Africa,Sri Lanka,L Wolvaardt,T Chetty,KADA Kanchana,0,0,,,,,,,,,
1085966,2017,2017-07-12,County Ground,2,4.6,South Africa,Sri Lanka,L Wolvaardt,T Chetty,KADA Kanchana,0,0,,,,,,,,,
1085966,2017,2017-07-12,County Ground,2,5.1,South Africa,Sri Lanka,T Chetty,L Wolvaardt,I Ranaweera,0,3,3,,,,,,,,
1085966,2017,2017-07-12,County Ground,2,5.2,South Africa,Sri Lanka,T Chetty,L Wolvaardt,I Ranaweera,0,0,,,,,,,,,
1085966,2017,2017-07-12,County Ground,2,5.3,South Africa,Sri Lanka,T Chetty,L Wolvaardt,I Ranaweera,0,0,,,,,,,,,
1085966,2017,2017-07-12,County Ground,2,5.4,South Africa,Sri Lanka,T Chetty,L Wolvaardt,I Ranaweera,0,0,,,,,,bowled,T Chetty,,
1085966,2017,2017-07-12,County Ground,2,5.5,South Africa,Sri Lanka,M du Preez,L Wolvaardt,I Ranaweera,0,0,,,,,,,,,
1085966,2017,2017-07-12,County Ground,2,5.6,South Africa,Sri Lanka,M du Preez,L Wolvaardt,I Ranaweera,0,0,,,,,,,,,
1085966,2017,2017-07-12,County Ground,2,5.7,South Africa,Sri Lanka,M du Preez,L Wolvaardt,I Ranaweera,0,0,,,,,,,,,
1085966,2017,2017-07-12,County Ground,2,6.1,South Africa,Sri Lanka,L Wolvaardt,M du Preez,KADA Kanchana,0,0,,,,,,,,,
1085966,2017,2017-07-12,County Ground,2,6.2,South Africa,Sri Lanka,L Wolvaardt,M du Preez,KADA Kanchana,0,0,,,,,,,,,
1085966,2017,2017-07-12,County Ground,2,6.3,South Africa,Sri Lanka,L Wolvaardt,M du Preez,KADA Kanchana,0,0,,,,,,,,,
1085966,2017,2017-07-12,County Ground,2,6.4,South Africa,Sri Lanka,L Wolvaardt,M du Preez,KADA Kanchana,0,0,,,,,,,,,
1085966,2017,2017-07-12,County Ground,2,6.5,South Africa,Sri Lanka,L Wolvaardt,M du Preez,KADA Kanchana,1,0,,,,,,,,,
1085966,2017,2017-07-12,County Ground,2,6.6,South Africa,Sri Lanka,M du Preez,L Wolvaardt,KADA Kanchana,4,0,,,,,,,,,
1085966,2017,2017-07-12,County Ground,2,7.1,South Africa,Sri Lanka,L Wolvaardt,M du Preez,I Ranaweera,0,0,,,,,,,,,
1085966,2017,2017-07-12,County Ground,2,7.2,South Africa,Sri Lanka,L Wolvaardt,M du Preez,I Ranaweera,0,0,,,,,,,,,
1085966,2017,2017-07-12,County Ground,2,7.3,South Africa,Sri Lanka,L Wolvaardt,M du Preez,I Ranaweera,0,0,,,,,,,,,
1085966,2017,2017-07-12,County Ground,2,7.4,South Africa,Sri Lanka,L Wolvaardt,M du Preez,I Ranaweera,0,0,,,,,,,,,
1085966,2017,2017-07-12,County Ground,2,7.5,South Africa,Sri Lanka,L Wolvaardt,M du Preez,I Ranaweera,0,0,,,,,,,,,
1085966,2017,2017-07-12,County Ground,2,7.6,South Africa,Sri Lanka,L Wolvaardt,M du Preez,I Ranaweera,0,0,,,,,,,,,
1085966,2017,2017-07-12,County Ground,2,8.1,South Africa,Sri Lanka,M du Preez,L Wolvaardt,HASD Siriwardene,1,0,,,,,,,,,
1085966,2017,2017-07-12,County Ground,2,8.2,South Africa,Sri Lanka,L Wolvaardt,M du Preez,HASD Siriwardene,0,0,,,,,,,,,
1085966,2017,2017-07-12,County Ground,2,8.3,South Africa,Sri Lanka,L Wolvaardt,M du Preez,HASD Siriwardene,1,0,,,,,,,,,
1085966,2017,2017-07-12,County Ground,2,8.4,South Africa,Sri Lanka,M du Preez,L Wolvaardt,HASD Siriwardene,0,0,,,,,,,,,
1085966,2017,2017-07-12,County Ground,2,8.5,South Africa,Sri Lanka,M du Preez,L Wolvaardt,HASD Siriwardene,1,0,,,,,,,,,
1085966,2017,2017-07-12,County Ground,2,8.6,South Africa,Sri Lanka,L Wolvaardt,M du Preez,HASD Siriwardene,0,0,,,,,,,,,
1085966,2017,2017-07-12,County Ground,2,9.1,South Africa,Sri Lanka,M du Preez,L Wolvaardt,I Ranaweera,2,0,,,,,,,,,
1085966,2017,2017-07-12,County Ground,2,9.2,South Africa,Sri Lanka,M du Preez,L Wolvaardt,I Ranaweera,0,0,,,,,,,,,
1085966,2017,2017-07-12,County Ground,2,9.3,South Africa,Sri Lanka,M du Preez,L Wolvaardt,I Ranaweera,0,0,,,,,,,,,
1085966,2017,2017-07-12,County Ground,2,9.4,South Africa,Sri Lanka,M du Preez,L Wolvaardt,I Ranaweera,0,0,,,,,,,,,
1085966,2017,2017-07-12,County Ground,2,9.5,South Africa,Sri Lanka,M du Preez,L Wolvaardt,I Ranaweera,1,0,,,,,,,,,
1085966,2017,2017-07-12,County Ground,2,9.6,South Africa,Sri Lanka,L Wolvaardt,M du Preez,I Ranaweera,0,1,1,,,,,,,,
1085966,2017,2017-07-12,County Ground,2,9.7,South Africa,Sri Lanka,L Wolvaardt,M du Preez,I Ranaweera,0,0,,,,,,,,,
1085966,2017,2017-07-12,County Ground,2,10.1,South Africa,Sri Lanka,M du Preez,L Wolvaardt,HASD Siriwardene,0,0,,,,,,,,,
1085966,2017,2017-07-12,County Ground,2,10.2,South Africa,Sri Lanka,M du Preez,L Wolvaardt,HASD Siriwardene,0,0,,,,,,,,,
1085966,2017,2017-07-12,County Ground,2,10.3,South Africa,Sri Lanka,M du Preez,L Wolvaardt,HASD Siriwardene,1,0,,,,,,,,,
1085966,2017,2017-07-12,County Ground,2,10.4,South Africa,Sri Lanka,L Wolvaardt,M du Preez,HASD Siriwardene,0,0,,,,,,,,,
1085966,2017,2017-07-12,County Ground,2,10.5,South Africa,Sri Lanka,L Wolvaardt,M du Preez,HASD Siriwardene,2,0,,,,,,,,,
1085966,2017,2017-07-12,County Ground,2,10.6,South Africa,Sri Lanka,L Wolvaardt,M du Preez,HASD Siriwardene,0,0,,,,,,,,,
1085966,2017,2017-07-12,County Ground,2,11.1,South Africa,Sri Lanka,M du Preez,L Wolvaardt,I Ranaweera,2,0,,,,,,,,,
1085966,2017,2017-07-12,County Ground,2,11.2,South Africa,Sri Lanka,M du Preez,L Wolvaardt,I Ranaweera,1,0,,,,,,,,,
1085966,2017,2017-07-12,County Ground,2,11.3,South Africa,Sri Lanka,L Wolvaardt,M du Preez,I Ranaweera,0,0,,,,,,,,,
1085966,2017,2017-07-12,County Ground,2,11.4,South Africa,Sri Lanka,L Wolvaardt,M du Preez,I Ranaweera,4,0,,,,,,,,,
1085966,2017,2017-07-12,County Ground,2,11.5,South Africa,Sri Lanka,L Wolvaardt,M du Preez,I Ranaweera,0,0,,,,,,,,,
1085966,2017,2017-07-12,County Ground,2,11.6,South Africa,Sri Lanka,L Wolvaardt,M du Preez,I Ranaweera,0,0,,,,,,,,,
1085966,2017,2017-07-12,County Ground,2,12.1,South Africa,Sri Lanka,M du Preez,L Wolvaardt,HASD Siriwardene,0,0,,,,,,,,,
1085966,2017,2017-07-12,County Ground,2,12.2,South Africa,Sri Lanka,M du Preez,L Wolvaardt,HASD Siriwardene,1,0,,,,,,,,,
1085966,2017,2017-07-12,County Ground,2,12.3,South Africa,Sri Lanka,L Wolvaardt,M du Preez,HASD Siriwardene,3,0,,,,,,,,,
1085966,2017,2017-07-12,County Ground,2,12.4,South Africa,Sri Lanka,M du Preez,L Wolvaardt,HASD Siriwardene,2,0,,,,,,,,,
1085966,2017,2017-07-12,County Ground,2,12.5,South Africa,Sri Lanka,M du Preez,L Wolvaardt,HASD Siriwardene,1,0,,,,,,,,,
1085966,2017,2017-07-12,County Ground,2,12.6,South Africa,Sri Lanka,L Wolvaardt,M du Preez,HASD Siriwardene,0,0,,,,,,,,,
1085966,2017,2017-07-12,County Ground,2,13.1,South Africa,Sri Lanka,M du Preez,L Wolvaardt,PRCS Kumarihami,1,0,,,,,,,,,
1085966,2017,2017-07-12,County Ground,2,13.2,South Africa,Sri Lanka,L Wolvaardt,M du Preez,PRCS Kumarihami,0,0,,,,,,,,,
1085966,2017,2017-07-12,County Ground,2,13.3,South Africa,Sri Lanka,L Wolvaardt,M du Preez,PRCS Kumarihami,0,0,,,,,,,,,
1085966,2017,2017-07-12,County Ground,2,13.4,South Africa,Sri Lanka,L Wolvaardt,M du Preez,PRCS Kumarihami,0,0,,,,,,,,,
1085966,2017,2017-07-12,County Ground,2,13.5,South Africa,Sri Lanka,L Wolvaardt,M du Preez,PRCS Kumarihami,1,0,,,,,,,,,
1085966,2017,2017-07-12,County Ground,2,13.6,South Africa,Sri Lanka,M du Preez,L Wolvaardt,PRCS Kumarihami,0,0,,,,,,,,,
1085966,2017,2017-07-12,County Ground,2,14.1,South Africa,Sri Lanka,L Wolvaardt,M du Preez,HASD Siriwardene,0,0,,,,,,,,,
1085966,2017,2017-07-12,County Ground,2,14.2,South Africa,Sri Lanka,L Wolvaardt,M du Preez,HASD Siriwardene,0,0,,,,,,,,,
1085966,2017,2017-07-12,County Ground,2,14.3,South Africa,Sri Lanka,L Wolvaardt,M du Preez,HASD Siriwardene,1,0,,,,,,,,,
1085966,2017,2017-07-12,County Ground,2,14.4,South Africa,Sri Lanka,M du Preez,L Wolvaardt,HASD Siriwardene,1,0,,,,,,,,,
1085966,2017,2017-07-12,County Ground,2,14.5,South Africa,Sri Lanka,L Wolvaardt,M du Preez,HASD Siriwardene,0,0,,,,,,,,,
1085966,2017,2017-07-12,County Ground,2,14.6,South Africa,Sri Lanka,L Wolvaardt,M du Preez,HASD Siriwardene,4,0,,,,,,,,,
1085966,2017,2017-07-12,County Ground,2,15.1,South Africa,Sri Lanka,M du Preez,L Wolvaardt,PRCS Kumarihami,4,0,,,,,,,,,
1085966,2017,2017-07-12,County Ground,2,15.2,South Africa,Sri Lanka,M du Preez,L Wolvaardt,PRCS Kumarihami,0,0,,,,,,,,,
1085966,2017,2017-07-12,County Ground,2,15.3,South Africa,Sri Lanka,M du Preez,L Wolvaardt,PRCS Kumarihami,0,0,,,,,,,,,
1085966,2017,2017-07-12,County Ground,2,15.4,South Africa,Sri Lanka,M du Preez,L Wolvaardt,PRCS Kumarihami,1,0,,,,,,,,,
1085966,2017,2017-07-12,County Ground,2,15.5,South Africa,Sri Lanka,L Wolvaardt,M du Preez,PRCS Kumarihami,0,0,,,,,,,,,
1085966,2017,2017-07-12,County Ground,2,15.6,South Africa,Sri Lanka,L Wolvaardt,M du Preez,PRCS Kumarihami,0,0,,,,,,,,,
1085966,2017,2017-07-12,County Ground,2,16.1,South Africa,Sri Lanka,M du Preez,L Wolvaardt,I Ranaweera,0,0,,,,,,,,,
1085966,2017,2017-07-12,County Ground,2,16.2,South Africa,Sri Lanka,M du Preez,L Wolvaardt,I Ranaweera,2,0,,,,,,,,,
1085966,2017,2017-07-12,County Ground,2,16.3,South Africa,Sri Lanka,M du Preez,L Wolvaardt,I Ranaweera,0,0,,,,,,,,,
1085966,2017,2017-07-12,County Ground,2,16.4,South Africa,Sri Lanka,M du Preez,L Wolvaardt,I Ranaweera,0,0,,,,,,,,,
1085966,2017,2017-07-12,County Ground,2,16.5,South Africa,Sri Lanka,M du Preez,L Wolvaardt,I Ranaweera,0,0,,,,,,,,,
1085966,2017,2017-07-12,County Ground,2,16.6,South Africa,Sri Lanka,M du Preez,L Wolvaardt,I Ranaweera,1,0,,,,,,,,,
1085966,2017,2017-07-12,County Ground,2,17.1,South Africa,Sri Lanka,M du Preez,L Wolvaardt,PRCS Kumarihami,1,0,,,,,,,,,
1085966,2017,2017-07-12,County Ground,2,17.2,South Africa,Sri Lanka,L Wolvaardt,M du Preez,PRCS Kumarihami,1,0,,,,,,,,,
1085966,2017,2017-07-12,County Ground,2,17.3,South Africa,Sri Lanka,M du Preez,L Wolvaardt,PRCS Kumarihami,1,0,,,,,,,,,
1085966,2017,2017-07-12,County Ground,2,17.4,South Africa,Sri Lanka,L Wolvaardt,M du Preez,PRCS Kumarihami,1,0,,,,,,,,,
1085966,2017,2017-07-12,County Ground,2,17.5,South Africa,Sri Lanka,M du Preez,L Wolvaardt,PRCS Kumarihami,1,0,,,,,,,,,
1085966,2017,2017-07-12,County Ground,2,17.6,South Africa,Sri Lanka,L Wolvaardt,M du Preez,PRCS Kumarihami,0,0,,,,,,,,,
1085966,2017,2017-07-12,County Ground,2,18.1,South Africa,Sri Lanka,M du Preez,L Wolvaardt,SS Weerakkody,2,0,,,,,,,,,
1085966,2017,2017-07-12,County Ground,2,18.2,South Africa,Sri Lanka,M du Preez,L Wolvaardt,SS Weerakkody,0,0,,,,,,,,,
1085966,2017,2017-07-12,County Ground,2,18.3,South Africa,Sri Lanka,M du Preez,L Wolvaardt,SS Weerakkody,1,0,,,,,,,,,
1085966,2017,2017-07-12,County Ground,2,18.4,South Africa,Sri Lanka,L Wolvaardt,M du Preez,SS Weerakkody,0,0,,,,,,,,,
1085966,2017,2017-07-12,County Ground,2,18.5,South Africa,Sri Lanka,L Wolvaardt,M du Preez,SS Weerakkody,1,0,,,,,,,,,
1085966,2017,2017-07-12,County Ground,2,18.6,South Africa,Sri Lanka,M du Preez,L Wolvaardt,SS Weerakkody,0,0,,,,,,,,,
1085966,2017,2017-07-12,County Ground,2,19.1,South Africa,Sri Lanka,L Wolvaardt,M du Preez,HASD Siriwardene,1,0,,,,,,,,,
1085966,2017,2017-07-12,County Ground,2,19.2,South Africa,Sri Lanka,M du Preez,L Wolvaardt,HASD Siriwardene,0,0,,,,,,,,,
1085966,2017,2017-07-12,County Ground,2,19.3,South Africa,Sri Lanka,M du Preez,L Wolvaardt,HASD Siriwardene,0,0,,,,,,,,,
1085966,2017,2017-07-12,County Ground,2,19.4,South Africa,Sri Lanka,M du Preez,L Wolvaardt,HASD Siriwardene,1,0,,,,,,,,,
1085966,2017,2017-07-12,County Ground,2,19.5,South Africa,Sri Lanka,L Wolvaardt,M du Preez,HASD Siriwardene,0,0,,,,,,,,,
1085966,2017,2017-07-12,County Ground,2,19.6,South Africa,Sri Lanka,L Wolvaardt,M du Preez,HASD Siriwardene,4,0,,,,,,,,,
1085966,2017,2017-07-12,County Ground,2,20.1,South Africa,Sri Lanka,M du Preez,L Wolvaardt,SS Weerakkody,0,0,,,,,,,,,
1085966,2017,2017-07-12,County Ground,2,20.2,South Africa,Sri Lanka,M du Preez,L Wolvaardt,SS Weerakkody,0,0,,,,,,,,,
1085966,2017,2017-07-12,County Ground,2,20.3,South Africa,Sri Lanka,M du Preez,L Wolvaardt,SS Weerakkody,0,0,,,,,,,,,
1085966,2017,2017-07-12,County Ground,2,20.4,South Africa,Sri Lanka,M du Preez,L Wolvaardt,SS Weerakkody,1,0,,,,,,,,,
1085966,2017,2017-07-12,County Ground,2,20.5,South Africa,Sri Lanka,L Wolvaardt,M du Preez,SS Weerakkody,2,0,,,,,,,,,
1085966,2017,2017-07-12,County Ground,2,20.6,South Africa,Sri Lanka,L Wolvaardt,M du Preez,SS Weerakkody,4,0,,,,,,,,,
1085966,2017,2017-07-12,County Ground,2,21.1,South Africa,Sri Lanka,M du Preez,L Wolvaardt,HASD Siriwardene,1,0,,,,,,,,,
1085966,2017,2017-07-12,County Ground,2,21.2,South Africa,Sri Lanka,L Wolvaardt,M du Preez,HASD Siriwardene,2,0,,,,,,,,,
1085966,2017,2017-07-12,County Ground,2,21.3,South Africa,Sri Lanka,L Wolvaardt,M du Preez,HASD Siriwardene,0,0,,,,,,,,,
1085966,2017,2017-07-12,County Ground,2,21.4,South Africa,Sri Lanka,L Wolvaardt,M du Preez,HASD Siriwardene,1,0,,,,,,,,,
1085966,2017,2017-07-12,County Ground,2,21.5,South Africa,Sri Lanka,M du Preez,L Wolvaardt,HASD Siriwardene,0,0,,,,,,,,,
1085966,2017,2017-07-12,County Ground,2,21.6,South Africa,Sri Lanka,M du Preez,L Wolvaardt,HASD Siriwardene,0,0,,,,,,,,,
1085966,2017,2017-07-12,County Ground,2,22.1,South Africa,Sri Lanka,L Wolvaardt,M du Preez,I Ranaweera,0,0,,,,,,,,,
1085966,2017,2017-07-12,County Ground,2,22.2,South Africa,Sri Lanka,L Wolvaardt,M du Preez,I Ranaweera,0,0,,,,,,,,,
1085966,2017,2017-07-12,County Ground,2,22.3,South Africa,Sri Lanka,L Wolvaardt,M du Preez,I Ranaweera,0,0,,,,,,,,,
1085966,2017,2017-07-12,County Ground,2,22.4,South Africa,Sri Lanka,L Wolvaardt,M du Preez,I Ranaweera,1,0,,,,,,,,,
1085966,2017,2017-07-12,County Ground,2,22.5,South Africa,Sri Lanka,M du Preez,L Wolvaardt,I Ranaweera,0,0,,,,,,,,,
1085966,2017,2017-07-12,County Ground,2,22.6,South Africa,Sri Lanka,M du Preez,L Wolvaardt,I Ranaweera,2,0,,,,,,,,,
1085966,2017,2017-07-12,County Ground,2,23.1,South Africa,Sri Lanka,L Wolvaardt,M du Preez,HASD Siriwardene,4,0,,,,,,,,,
