match_id,season,start_date,venue,innings,ball,batting_team,bowling_team,striker,non_striker,bowler,runs_off_bat,extras,wides,noballs,byes,legbyes,penalty,wicket_type,player_dismissed,other_wicket_type,other_player_dismissed
1085975,2017,2017-07-23,Lord's,1,0.1,England,India,L Winfield,TT Beaumont,J Goswami,0,0,,,,,,,,,
1085975,2017,2017-07-23,Lord's,1,0.2,England,India,L Winfield,TT Beaumont,J Goswami,0,0,,,,,,,,,
1085975,2017,2017-07-23,Lord's,1,0.3,England,India,L Winfield,TT Beaumont,J Goswami,0,0,,,,,,,,,
1085975,2017,2017-07-23,Lord's,1,0.4,England,India,L Winfield,TT Beaumont,J Goswami,0,0,,,,,,,,,
1085975,2017,2017-07-23,Lord's,1,0.5,England,India,L Winfield,TT Beaumont,J Goswami,0,0,,,,,,,,,
1085975,2017,2017-07-23,Lord's,1,0.6,England,India,L Winfield,TT Beaumont,J Goswami,1,0,,,,,,,,,
1085975,2017,2017-07-23,Lord's,1,1.1,England,India,L Winfield,TT Beaumont,S Pandey,0,0,,,,,,,,,
1085975,2017,2017-07-23,Lord's,1,1.2,England,India,L Winfield,TT Beaumont,S Pandey,1,0,,,,,,,,,
1085975,2017,2017-07-23,Lord's,1,1.3,England,India,TT Beaumont,L Winfield,S Pandey,0,0,,,,,,,,,
1085975,2017,2017-07-23,Lord's,1,1.4,England,India,TT Beaumont,L Winfield,S Pandey,4,0,,,,,,,,,
1085975,2017,2017-07-23,Lord's,1,1.5,England,India,TT Beaumont,L Winfield,S Pandey,1,0,,,,,,,,,
1085975,2017,2017-07-23,Lord's,1,1.6,England,India,L Winfield,TT Beaumont,S Pandey,4,0,,,,,,,,,
1085975,2017,2017-07-23,Lord's,1,2.1,England,India,TT Beaumont,L Winfield,J Goswami,0,0,,,,,,,,,
1085975,2017,2017-07-23,Lord's,1,2.2,England,India,TT Beaumont,L Winfield,J Goswami,0,0,,,,,,,,,
1085975,2017,2017-07-23,Lord's,1,2.3,England,India,TT Beaumont,L Winfield,J Goswami,0,0,,,,,,,,,
1085975,2017,2017-07-23,Lord's,1,2.4,England,India,TT Beaumont,L Winfield,J Goswami,0,0,,,,,,,,,
1085975,2017,2017-07-23,Lord's,1,2.5,England,India,TT Beaumont,L Winfield,J Goswami,4,0,,,,,,,,,
1085975,2017,2017-07-23,Lord's,1,2.6,England,India,TT Beaumont,L Winfield,J Goswami,0,0,,,,,,,,,
1085975,2017,2017-07-23,Lord's,1,3.1,England,India,L Winfield,TT Beaumont,S Pandey,0,0,,,,,,,,,
1085975,2017,2017-07-23,Lord's,1,3.2,England,India,L Winfield,TT Beaumont,S Pandey,0,0,,,,,,,,,
1085975,2017,2017-07-23,Lord's,1,3.3,England,India,L Winfield,TT Beaumont,S Pandey,1,0,,,,,,,,,
1085975,2017,2017-07-23,Lord's,1,3.4,England,India,TT Beaumont,L Winfield,S Pandey,0,0,,,,,,,,,
1085975,2017,2017-07-23,Lord's,1,3.5,England,India,TT Beaumont,L Winfield,S Pandey,0,1,1,,,,,,,,
1085975,2017,2017-07-23,Lord's,1,3.6,England,India,TT Beaumont,L Winfield,S Pandey,0,0,,,,,,,,,
1085975,2017,2017-07-23,Lord's,1,3.7,England,India,TT Beaumont,L Winfield,S Pandey,0,0,,,,,,,,,
1085975,2017,2017-07-23,Lord's,1,4.1,England,India,L Winfield,TT Beaumont,J Goswami,0,0,,,,,,,,,
1085975,2017,2017-07-23,Lord's,1,4.2,England,India,L Winfield,TT Beaumont,J Goswami,0,0,,,,,,,,,
1085975,2017,2017-07-23,Lord's,1,4.3,England,India,L Winfield,TT Beaumont,J Goswami,1,0,,,,,,,,,
1085975,2017,2017-07-23,Lord's,1,4.4,England,India,TT Beaumont,L Winfield,J Goswami,0,0,,,,,,,,,
1085975,2017,2017-07-23,Lord's,1,4.5,England,India,TT Beaumont,L Winfield,J Goswami,1,0,,,,,,,,,
1085975,2017,2017-07-23,Lord's,1,4.6,England,India,L Winfield,TT Beaumont,J Goswami,2,0,,,,,,,,,
1085975,2017,2017-07-23,Lord's,1,5.1,England,India,TT Beaumont,L Winfield,S Pandey,4,0,,,,,,,,,
1085975,2017,2017-07-23,Lord's,1,5.2,England,India,TT Beaumont,L Winfield,S Pandey,4,0,,,,,,,,,
1085975,2017,2017-07-23,Lord's,1,5.3,England,India,TT Beaumont,L Winfield,S Pandey,0,0,,,,,,,,,
1085975,2017,2017-07-23,Lord's,1,5.4,England,India,TT Beaumont,L Winfield,S Pandey,1,0,,,,,,,,,
1085975,2017,2017-07-23,Lord's,1,5.5,England,India,L Winfield,TT Beaumont,S Pandey,0,0,,,,,,,,,
1085975,2017,2017-07-23,Lord's,1,5.6,England,India,L Winfield,TT Beaumont,S Pandey,0,0,,,,,,,,,
1085975,2017,2017-07-23,Lord's,1,6.1,England,India,TT Beaumont,L Winfield,J Goswami,0,0,,,,,,,,,
1085975,2017,2017-07-23,Lord's,1,6.2,England,India,TT Beaumont,L Winfield,J Goswami,0,0,,,,,,,,,
1085975,2017,2017-07-23,Lord's,1,6.3,England,India,TT Beaumont,L Winfield,J Goswami,0,0,,,,,,,,,
1085975,2017,2017-07-23,Lord's,1,6.4,England,India,TT Beaumont,L Winfield,J Goswami,0,0,,,,,,,,,
1085975,2017,2017-07-23,Lord's,1,6.5,England,India,TT Beaumont,L Winfield,J Goswami,0,0,,,,,,,,,
1085975,2017,2017-07-23,Lord's,1,6.6,England,India,TT Beaumont,L Winfield,J Goswami,0,0,,,,,,,,,
1085975,2017,2017-07-23,Lord's,1,7.1,England,India,L Winfield,TT Beaumont,RS Gayakwad,4,0,,,,,,,,,
1085975,2017,2017-07-23,Lord's,1,7.2,England,India,L Winfield,TT Beaumont,RS Gayakwad,0,0,,,,,,,,,
1085975,2017,2017-07-23,Lord's,1,7.3,England,India,L Winfield,TT Beaumont,RS Gayakwad,0,0,,,,,,,,,
1085975,2017,2017-07-23,Lord's,1,7.4,England,India,L Winfield,TT Beaumont,RS Gayakwad,4,0,,,,,,,,,
1085975,2017,2017-07-23,Lord's,1,7.5,England,India,L Winfield,TT Beaumont,RS Gayakwad,0,0,,,,,,,,,
1085975,2017,2017-07-23,Lord's,1,7.6,England,India,L Winfield,TT Beaumont,RS Gayakwad,4,0,,,,,,,,,
1085975,2017,2017-07-23,Lord's,1,8.1,England,India,TT Beaumont,L Winfield,J Goswami,0,0,,,,,,,,,
1085975,2017,2017-07-23,Lord's,1,8.2,England,India,TT Beaumont,L Winfield,J Goswami,0,1,,,,1,,,,,
1085975,2017,2017-07-23,Lord's,1,8.3,England,India,L Winfield,TT Beaumont,J Goswami,0,0,,,,,,,,,
1085975,2017,2017-07-23,Lord's,1,8.4,England,India,L Winfield,TT Beaumont,J Goswami,0,0,,,,,,,,,
1085975,2017,2017-07-23,Lord's,1,8.5,England,India,L Winfield,TT Beaumont,J Goswami,0,0,,,,,,,,,
1085975,2017,2017-07-23,Lord's,1,8.6,England,India,L Winfield,TT Beaumont,J Goswami,0,0,,,,,,,,,
1085975,2017,2017-07-23,Lord's,1,9.1,England,India,TT Beaumont,L Winfield,RS Gayakwad,0,0,,,,,,,,,
1085975,2017,2017-07-23,Lord's,1,9.2,England,India,TT Beaumont,L Winfield,RS Gayakwad,0,0,,,,,,,,,
1085975,2017,2017-07-23,Lord's,1,9.3,England,India,TT Beaumont,L Winfield,RS Gayakwad,0,0,,,,,,,,,
1085975,2017,2017-07-23,Lord's,1,9.4,England,India,TT Beaumont,L Winfield,RS Gayakwad,0,0,,,,,,,,,
1085975,2017,2017-07-23,Lord's,1,9.5,England,India,TT Beaumont,L Winfield,RS Gayakwad,0,0,,,,,,,,,
1085975,2017,2017-07-23,Lord's,1,9.6,England,India,TT Beaumont,L Winfield,RS Gayakwad,0,0,,,,,,,,,
1085975,2017,2017-07-23,Lord's,1,10.1,England,India,L Winfield,TT Beaumont,DB Sharma,0,0,,,,,,,,,
1085975,2017,2017-07-23,Lord's,1,10.2,England,India,L Winfield,TT Beaumont,DB Sharma,0,0,,,,,,,,,
1085975,2017,2017-07-23,Lord's,1,10.3,England,India,L Winfield,TT Beaumont,DB Sharma,0,0,,,,,,,,,
1085975,2017,2017-07-23,Lord's,1,10.4,England,India,L Winfield,TT Beaumont,DB Sharma,2,0,,,,,,,,,
1085975,2017,2017-07-23,Lord's,1,10.5,England,India,L Winfield,TT Beaumont,DB Sharma,0,0,,,,,,,,,
1085975,2017,2017-07-23,Lord's,1,10.6,England,India,L Winfield,TT Beaumont,DB Sharma,0,1,,,,1,,,,,
1085975,2017,2017-07-23,Lord's,1,11.1,England,India,L Winfield,TT Beaumont,RS Gayakwad,0,1,1,,,,,,,,
1085975,2017,2017-07-23,Lord's,1,11.2,England,India,L Winfield,TT Beaumont,RS Gayakwad,0,0,,,,,,bowled,L Winfield,,
1085975,2017,2017-07-23,Lord's,1,11.3,England,India,SJ Taylor,TT Beaumont,RS Gayakwad,0,0,,,,,,,,,
1085975,2017,2017-07-23,Lord's,1,11.4,England,India,SJ Taylor,TT Beaumont,RS Gayakwad,2,0,,,,,,,,,
1085975,2017,2017-07-23,Lord's,1,11.5,England,India,SJ Taylor,TT Beaumont,RS Gayakwad,0,0,,,,,,,,,
1085975,2017,2017-07-23,Lord's,1,11.6,England,India,SJ Taylor,TT Beaumont,RS Gayakwad,0,0,,,,,,,,,
1085975,2017,2017-07-23,Lord's,1,11.7,England,India,SJ Taylor,TT Beaumont,RS Gayakwad,1,0,,,,,,,,,
1085975,2017,2017-07-23,Lord's,1,12.1,England,India,SJ Taylor,TT Beaumont,DB Sharma,0,0,,,,,,,,,
1085975,2017,2017-07-23,Lord's,1,12.2,England,India,SJ Taylor,TT Beaumont,DB Sharma,0,1,1,,,,,,,,
1085975,2017,2017-07-23,Lord's,1,12.3,England,India,SJ Taylor,TT Beaumont,DB Sharma,0,0,,,,,,,,,
1085975,2017,2017-07-23,Lord's,1,12.4,England,India,SJ Taylor,TT Beaumont,DB Sharma,0,0,,,,,,,,,
1085975,2017,2017-07-23,Lord's,1,12.5,England,India,SJ Taylor,TT Beaumont,DB Sharma,1,0,,,,,,,,,
1085975,2017,2017-07-23,Lord's,1,12.6,England,India,TT Beaumont,SJ Taylor,DB Sharma,0,0,,,,,,,,,
1085975,2017,2017-07-23,Lord's,1,12.7,England,India,TT Beaumont,SJ Taylor,DB Sharma,0,0,,,,,,,,,
1085975,2017,2017-07-23,Lord's,1,13.1,England,India,SJ Taylor,TT Beaumont,RS Gayakwad,0,0,,,,,,,,,
1085975,2017,2017-07-23,Lord's,1,13.2,England,India,SJ Taylor,TT Beaumont,RS Gayakwad,2,0,,,,,,,,,
1085975,2017,2017-07-23,Lord's,1,13.3,England,India,SJ Taylor,TT Beaumont,RS Gayakwad,0,0,,,,,,,,,
1085975,2017,2017-07-23,Lord's,1,13.4,England,India,SJ Taylor,TT Beaumont,RS Gayakwad,1,0,,,,,,,,,
1085975,2017,2017-07-23,Lord's,1,13.5,England,India,TT Beaumont,SJ Taylor,RS Gayakwad,4,0,,,,,,,,,
1085975,2017,2017-07-23,Lord's,1,13.6,England,India,TT Beaumont,SJ Taylor,RS Gayakwad,0,0,,,,,,,,,
1085975,2017,2017-07-23,Lord's,1,14.1,England,India,SJ Taylor,TT Beaumont,Poonam Yadav,0,0,,,,,,,,,
1085975,2017,2017-07-23,Lord's,1,14.2,England,India,SJ Taylor,TT Beaumont,Poonam Yadav,1,0,,,,,,,,,
1085975,2017,2017-07-23,Lord's,1,14.3,England,India,TT Beaumont,SJ Taylor,Poonam Yadav,0,0,,,,,,caught,TT Beaumont,,
1085975,2017,2017-07-23,Lord's,1,14.4,England,India,SJ Taylor,HC Knight,Poonam Yadav,1,0,,,,,,,,,
1085975,2017,2017-07-23,Lord's,1,14.5,England,India,HC Knight,SJ Taylor,Poonam Yadav,0,0,,,,,,,,,
1085975,2017,2017-07-23,Lord's,1,14.6,England,India,HC Knight,SJ Taylor,Poonam Yadav,0,0,,,,,,,,,
1085975,2017,2017-07-23,Lord's,1,15.1,England,India,SJ Taylor,HC Knight,DB Sharma,1,0,,,,,,,,,
1085975,2017,2017-07-23,Lord's,1,15.2,England,India,HC Knight,SJ Taylor,DB Sharma,0,0,,,,,,,,,
1085975,2017,2017-07-23,Lord's,1,15.3,England,India,HC Knight,SJ Taylor,DB Sharma,0,0,,,,,,,,,
1085975,2017,2017-07-23,Lord's,1,15.4,England,India,HC Knight,SJ Taylor,DB Sharma,0,0,,,,,,,,,
1085975,2017,2017-07-23,Lord's,1,15.5,England,India,HC Knight,SJ Taylor,DB Sharma,1,0,,,,,,,,,
1085975,2017,2017-07-23,Lord's,1,15.6,England,India,SJ Taylor,HC Knight,DB Sharma,0,0,,,,,,,,,
1085975,2017,2017-07-23,Lord's,1,16.1,England,India,HC Knight,SJ Taylor,Poonam Yadav,0,0,,,,,,lbw,HC Knight,,
1085975,2017,2017-07-23,Lord's,1,16.2,England,India,NR Sciver,SJ Taylor,Poonam Yadav,0,0,,,,,,,,,
1085975,2017,2017-07-23,Lord's,1,16.3,England,India,NR Sciver,SJ Taylor,Poonam Yadav,0,0,,,,,,,,,
1085975,2017,2017-07-23,Lord's,1,16.4,England,India,NR Sciver,SJ Taylor,Poonam Yadav,0,0,,,,,,,,,
1085975,2017,2017-07-23,Lord's,1,16.5,England,India,NR Sciver,SJ Taylor,Poonam Yadav,1,0,,,,,,,,,
1085975,2017,2017-07-23,Lord's,1,16.6,England,India,SJ Taylor,NR Sciver,Poonam Yadav,0,0,,,,,,,,,
1085975,2017,2017-07-23,Lord's,1,17.1,England,India,NR Sciver,SJ Taylor,DB Sharma,0,0,,,,,,,,,
1085975,2017,2017-07-23,Lord's,1,17.2,England,India,NR Sciver,SJ Taylor,DB Sharma,0,0,,,,,,,,,
1085975,2017,2017-07-23,Lord's,1,17.3,England,India,NR Sciver,SJ Taylor,DB Sharma,4,0,,,,,,,,,
1085975,2017,2017-07-23,Lord's,1,17.4,England,India,NR Sciver,SJ Taylor,DB Sharma,0,0,,,,,,,,,
1085975,2017,2017-07-23,Lord's,1,17.5,England,India,NR Sciver,SJ Taylor,DB Sharma,0,0,,,,,,,,,
1085975,2017,2017-07-23,Lord's,1,17.6,England,India,NR Sciver,SJ Taylor,DB Sharma,1,0,,,,,,,,,
1085975,2017,2017-07-23,Lord's,1,18.1,England,India,NR Sciver,SJ Taylor,Poonam Yadav,4,0,,,,,,,,,
1085975,2017,2017-07-23,Lord's,1,18.2,England,India,NR Sciver,SJ Taylor,Poonam Yadav,0,0,,,,,,,,,
1085975,2017,2017-07-23,Lord's,1,18.3,England,India,NR Sciver,SJ Taylor,Poonam Yadav,0,0,,,,,,,,,
1085975,2017,2017-07-23,Lord's,1,18.4,England,India,NR Sciver,SJ Taylor,Poonam Yadav,0,0,,,,,,,,,
1085975,2017,2017-07-23,Lord's,1,18.5,England,India,NR Sciver,SJ Taylor,Poonam Yadav,0,0,,,,,,,,,
1085975,2017,2017-07-23,Lord's,1,18.6,England,India,NR Sciver,SJ Taylor,Poonam Yadav,1,0,,,,,,,,,
1085975,2017,2017-07-23,Lord's,1,19.1,England,India,NR Sciver,SJ Taylor,RS Gayakwad,0,0,,,,,,,,,
1085975,2017,2017-07-23,Lord's,1,19.2,England,India,NR Sciver,SJ Taylor,RS Gayakwad,1,0,,,,,,,,,
1085975,2017,2017-07-23,Lord's,1,19.3,England,India,SJ Taylor,NR Sciver,RS Gayakwad,1,0,,,,,,,,,
1085975,2017,2017-07-23,Lord's,1,19.4,England,India,NR Sciver,SJ Taylor,RS Gayakwad,1,0,,,,,,,,,
1085975,2017,2017-07-23,Lord's,1,19.5,England,India,SJ Taylor,NR Sciver,RS Gayakwad,2,0,,,,,,,,,
1085975,2017,2017-07-23,Lord's,1,19.6,England,India,SJ Taylor,NR Sciver,RS Gayakwad,1,0,,,,,,,,,
1085975,2017,2017-07-23,Lord's,1,20.1,England,India,SJ Taylor,NR Sciver,Poonam Yadav,1,0,,,,,,,,,
1085975,2017,2017-07-23,Lord's,1,20.2,England,India,NR Sciver,SJ Taylor,Poonam Yadav,1,0,,,,,,,,,
1085975,2017,2017-07-23,Lord's,1,20.3,England,India,SJ Taylor,NR Sciver,Poonam Yadav,1,0,,,,,,,,,
1085975,2017,2017-07-23,Lord's,1,20.4,England,India,NR Sciver,SJ Taylor,Poonam Yadav,1,0,,,,,,,,,
1085975,2017,2017-07-23,Lord's,1,20.5,England,India,SJ Taylor,NR Sciver,Poonam Yadav,1,0,,,,,,,,,
1085975,2017,2017-07-23,Lord's,1,20.6,England,India,NR Sciver,SJ Taylor,Poonam Yadav,0,0,,,,,,,,,
1085975,2017,2017-07-23,Lord's,1,21.1,England,India,SJ Taylor,NR Sciver,DB Sharma,1,0,,,,,,,,,
1085975,2017,2017-07-23,Lord's,1,21.2,England,India,NR Sciver,SJ Taylor,DB Sharma,1,0,,,,,,,,,
1085975,2017,2017-07-23,Lord's,1,21.3,England,India,SJ Taylor,NR Sciver,DB Sharma,0,0,,,,,,,,,
1085975,2017,2017-07-23,Lord's,1,21.4,England,India,SJ Taylor,NR Sciver,DB Sharma,1,0,,,,,,,,,
1085975,2017,2017-07-23,Lord's,1,21.5,England,India,NR Sciver,SJ Taylor,DB Sharma,0,0,,,,,,,,,
1085975,2017,2017-07-23,Lord's,1,21.6,England,India,NR Sciver,SJ Taylor,DB Sharma,0,0,,,,,,,,,
1085975,2017,2017-07-23,Lord's,1,22.1,England,India,SJ Taylor,NR Sciver,H Kaur,1,0,,,,,,,,,
1085975,2017,2017-07-23,Lord's,1,22.2,England,India,NR Sciver,SJ Taylor,H Kaur,0,0,,,,,,,,,
1085975,2017,2017-07-23,Lord's,1,22.3,England,India,NR Sciver,SJ Taylor,H Kaur,0,0,,,,,,,,,
1085975,2017,2017-07-23,Lord's,1,22.4,England,India,NR Sciver,SJ Taylor,H Kaur,0,0,,,,,,,,,
1085975,2017,2017-07-23,Lord's,1,22.5,England,India,NR Sciver,SJ Taylor,H Kaur,1,0,,,,,,,,,
1085975,2017,2017-07-23,Lord's,1,22.6,England,India,SJ Taylor,NR Sciver,H Kaur,1,0,,,,,,,,,
1085975,2017,2017-07-23,Lord's,1,23.1,England,India,SJ Taylor,NR Sciver,Poonam Yadav,0,0,,,,,,,,,
1085975,2017,2017-07-23,Lord's,1,23.2,England,India,SJ Taylor,NR Sciver,Poonam Yadav,0,0,,,,,,,,,
1085975,2017,2017-07-23,Lord's,1,23.3,England,India,SJ Taylor,NR Sciver,Poonam Yadav,0,0,,,,,,,,,
1085975,2017,2017-07-23,Lord's,1,23.4,England,India,SJ Taylor,NR Sciver,Poonam Yadav,2,0,,,,,,,,,
1085975,2017,2017-07-23,Lord's,1,23.5,England,India,SJ Taylor,NR Sciver,Poonam Yadav,1,0,,,,,,,,,
1085975,2017,2017-07-23,Lord's,1,23.6,England,India,NR Sciver,SJ Taylor,Poonam Yadav,0,0,,,,,,,,,
1085975,2017,2017-07-23,Lord's,1,24.1,England,India,SJ Taylor,NR Sciver,H Kaur,1,0,,,,,,,,,
1085975,2017,2017-07-23,Lord's,1,24.2,England,India,NR Sciver,SJ Taylor,H Kaur,4,0,,,,,,,,,
1085975,2017,2017-07-23,Lord's,1,24.3,England,India,NR Sciver,SJ Taylor,H Kaur,1,0,,,,,,,,,
1085975,2017,2017-07-23,Lord's,1,24.4,England,India,SJ Taylor,NR Sciver,H Kaur,0,0,,,,,,,,,
1085975,2017,2017-07-23,Lord's,1,24.5,England,India,SJ Taylor,NR Sciver,H Kaur,0,1,1,,,,,,,,
1085975,2017,2017-07-23,Lord's,1,24.6,England,India,SJ Taylor,NR Sciver,H Kaur,1,0,,,,,,,,,
1085975,2017,2017-07-23,Lord's,1,24.7,England,India,NR Sciver,SJ Taylor,H Kaur,1,0,,,,,,,,,
1085975,2017,2017-07-23,Lord's,1,25.1,England,India,NR Sciver,SJ Taylor,Poonam Yadav,0,0,,,,,,,,,
1085975,2017,2017-07-23,Lord's,1,25.2,England,India,NR Sciver,SJ Taylor,Poonam Yadav,0,0,,,,,,,,,
1085975,2017,2017-07-23,Lord's,1,25.3,England,India,NR Sciver,SJ Taylor,Poonam Yadav,1,0,,,,,,,,,
1085975,2017,2017-07-23,Lord's,1,25.4,England,India,SJ Taylor,NR Sciver,Poonam Yadav,2,0,,,,,,,,,
1085975,2017,2017-07-23,Lord's,1,25.5,England,India,SJ Taylor,NR Sciver,Poonam Yadav,0,0,,,,,,,,,
1085975,2017,2017-07-23,Lord's,1,25.6,England,India,SJ Taylor,NR Sciver,Poonam Yadav,1,0,,,,,,,,,
1085975,2017,2017-07-23,Lord's,1,26.1,England,India,SJ Taylor,NR Sciver,S Pandey,1,0,,,,,,,,,
1085975,2017,2017-07-23,Lord's,1,26.2,England,India,NR Sciver,SJ Taylor,S Pandey,0,0,,,,,,,,,
1085975,2017,2017-07-23,Lord's,1,26.3,England,India,NR Sciver,SJ Taylor,S Pandey,0,0,,,,,,,,,
1085975,2017,2017-07-23,Lord's,1,26.4,England,India,NR Sciver,SJ Taylor,S Pandey,1,0,,,,,,,,,
1085975,2017,2017-07-23,Lord's,1,26.5,England,India,SJ Taylor,NR Sciver,S Pandey,1,0,,,,,,,,,
1085975,2017,2017-07-23,Lord's,1,26.6,England,India,NR Sciver,SJ Taylor,S Pandey,4,0,,,,,,,,,
1085975,2017,2017-07-23,Lord's,1,27.1,England,India,SJ Taylor,NR Sciver,DB Sharma,1,0,,,,,,,,,
1085975,2017,2017-07-23,Lord's,1,27.2,England,India,NR Sciver,SJ Taylor,DB Sharma,0,0,,,,,,,,,
1085975,2017,2017-07-23,Lord's,1,27.3,England,India,NR Sciver,SJ Taylor,DB Sharma,1,0,,,,,,,,,
1085975,2017,2017-07-23,Lord's,1,27.4,England,India,SJ Taylor,NR Sciver,DB Sharma,0,0,,,,,,,,,
1085975,2017,2017-07-23,Lord's,1,27.5,England,India,SJ Taylor,NR Sciver,DB Sharma,1,0,,,,,,,,,
1085975,2017,2017-07-23,Lord's,1,27.6,England,India,NR Sciver,SJ Taylor,DB Sharma,1,0,,,,,,,,,
1085975,2017,2017-07-23,Lord's,1,28.1,England,India,NR Sciver,SJ Taylor,H Kaur,0,1,,,,1,,,,,
1085975,2017,2017-07-23,Lord's,1,28.2,England,India,SJ Taylor,NR Sciver,H Kaur,2,0,,,,,,,,,
1085975,2017,2017-07-23,Lord's,1,28.3,England,India,SJ Taylor,NR Sciver,H Kaur,1,0,,,,,,,,,
1085975,2017,2017-07-23,Lord's,1,28.4,England,India,NR Sciver,SJ Taylor,H Kaur,4,0,,,,,,,,,
1085975,2017,2017-07-23,Lord's,1,28.5,England,India,NR Sciver,SJ Taylor,H Kaur,1,0,,,,,,,,,
1085975,2017,2017-07-23,Lord's,1,28.6,England,India,SJ Taylor,NR Sciver,H Kaur,1,0,,,,,,,,,
1085975,2017,2017-07-23,Lord's,1,29.1,England,India,SJ Taylor,NR Sciver,DB Sharma,1,0,,,,,,,,,
1085975,2017,2017-07-23,Lord's,1,29.2,England,India,NR Sciver,SJ Taylor,DB Sharma,2,0,,,,,,,,,
1085975,2017,2017-07-23,Lord's,1,29.3,England,India,NR Sciver,SJ Taylor,DB Sharma,0,0,,,,,,,,,
1085975,2017,2017-07-23,Lord's,1,29.4,England,India,NR Sciver,SJ Taylor,DB Sharma,1,0,,,,,,,,,
1085975,2017,2017-07-23,Lord's,1,29.5,England,India,SJ Taylor,NR Sciver,DB Sharma,0,0,,,,,,,,,
1085975,2017,2017-07-23,Lord's,1,29.6,England,India,SJ Taylor,NR Sciver,DB Sharma,1,0,,,,,,,,,
1085975,2017,2017-07-23,Lord's,1,30.1,England,India,SJ Taylor,NR Sciver,J Goswami,0,0,,,,,,,,,
1085975,2017,2017-07-23,Lord's,1,30.2,England,India,SJ Taylor,NR Sciver,J Goswami,1,0,,,,,,,,,
1085975,2017,2017-07-23,Lord's,1,30.3,England,India,NR Sciver,SJ Taylor,J Goswami,0,3,3,,,,,,,,
1085975,2017,2017-07-23,Lord's,1,30.4,England,India,NR Sciver,SJ Taylor,J Goswami,1,0,,,,,,,,,
1085975,2017,2017-07-23,Lord's,1,30.5,England,India,SJ Taylor,NR Sciver,J Goswami,1,0,,,,,,,,,
1085975,2017,2017-07-23,Lord's,1,30.6,England,India,NR Sciver,SJ Taylor,J Goswami,0,0,,,,,,,,,
1085975,2017,2017-07-23,Lord's,1,30.7,England,India,NR Sciver,SJ Taylor,J Goswami,1,0,,,,,,,,,
1085975,2017,2017-07-23,Lord's,1,31.1,England,India,NR Sciver,SJ Taylor,Poonam Yadav,1,0,,,,,,,,,
1085975,2017,2017-07-23,Lord's,1,31.2,England,India,SJ Taylor,NR Sciver,Poonam Yadav,0,0,,,,,,,,,
1085975,2017,2017-07-23,Lord's,1,31.3,England,India,SJ Taylor,NR Sciver,Poonam Yadav,1,0,,,,,,,,,
1085975,2017,2017-07-23,Lord's,1,31.4,England,India,NR Sciver,SJ Taylor,Poonam Yadav,0,0,,,,,,,,,
1085975,2017,2017-07-23,Lord's,1,31.5,England,India,NR Sciver,SJ Taylor,Poonam Yadav,1,0,,,,,,,,,
1085975,2017,2017-07-23,Lord's,1,31.6,England,India,SJ Taylor,NR Sciver,Poonam Yadav,1,0,,,,,,,,,
1085975,2017,2017-07-23,Lord's,1,32.1,England,India,SJ Taylor,NR Sciver,J Goswami,0,0,,,,,,,,,
1085975,2017,2017-07-23,Lord's,1,32.2,England,India,SJ Taylor,NR Sciver,J Goswami,2,0,,,,,,,,,
1085975,2017,2017-07-23,Lord's,1,32.3,England,India,SJ Taylor,NR Sciver,J Goswami,0,0,,,,,,,,,
1085975,2017,2017-07-23,Lord's,1,32.4,England,India,SJ Taylor,NR Sciver,J Goswami,0,0,,,,,,caught,SJ Taylor,,
1085975,2017,2017-07-23,Lord's,1,32.5,England,India,FC Wilson,NR Sciver,J Goswami,0,0,,,,,,lbw,FC Wilson,,
1085975,2017,2017-07-23,Lord's,1,32.6,England,India,KH Brunt,NR Sciver,J Goswami,0,0,,,,,,,,,
1085975,2017,2017-07-23,Lord's,1,33.1,England,India,NR Sciver,KH Brunt,Poonam Yadav,1,0,,,,,,,,,
1085975,2017,2017-07-23,Lord's,1,33.2,England,India,KH Brunt,NR Sciver,Poonam Yadav,0,0,,,,,,,,,
1085975,2017,2017-07-23,Lord's,1,33.3,England,India,KH Brunt,NR Sciver,Poonam Yadav,2,0,,,,,,,,,
1085975,2017,2017-07-23,Lord's,1,33.4,England,India,KH Brunt,NR Sciver,Poonam Yadav,0,0,,,,,,,,,
1085975,2017,2017-07-23,Lord's,1,33.5,England,India,KH Brunt,NR Sciver,Poonam Yadav,1,0,,,,,,,,,
1085975,2017,2017-07-23,Lord's,1,33.6,England,India,NR Sciver,KH Brunt,Poonam Yadav,1,0,,,,,,,,,
1085975,2017,2017-07-23,Lord's,1,34.1,England,India,NR Sciver,KH Brunt,H Kaur,0,0,,,,,,,,,
1085975,2017,2017-07-23,Lord's,1,34.2,England,India,NR Sciver,KH Brunt,H Kaur,1,0,,,,,,,,,
1085975,2017,2017-07-23,Lord's,1,34.3,England,India,KH Brunt,NR Sciver,H Kaur,1,0,,,,,,,,,
1085975,2017,2017-07-23,Lord's,1,34.4,England,India,NR Sciver,KH Brunt,H Kaur,2,0,,,,,,,,,
1085975,2017,2017-07-23,Lord's,1,34.5,England,India,NR Sciver,KH Brunt,H Kaur,0,0,,,,,,,,,
1085975,2017,2017-07-23,Lord's,1,34.6,England,India,NR Sciver,KH Brunt,H Kaur,0,0,,,,,,,,,
1085975,2017,2017-07-23,Lord's,1,35.1,England,India,KH Brunt,NR Sciver,J Goswami,1,0,,,,,,,,,
1085975,2017,2017-07-23,Lord's,1,35.2,England,India,NR Sciver,KH Brunt,J Goswami,0,0,,,,,,,,,
1085975,2017,2017-07-23,Lord's,1,35.3,England,India,NR Sciver,KH Brunt,J Goswami,1,0,,,,,,,,,
1085975,2017,2017-07-23,Lord's,1,35.4,England,India,KH Brunt,NR Sciver,J Goswami,0,0,,,,,,,,,
1085975,2017,2017-07-23,Lord's,1,35.5,England,India,KH Brunt,NR Sciver,J Goswami,0,0,,,,,,,,,
1085975,2017,2017-07-23,Lord's,1,35.6,England,India,KH Brunt,NR Sciver,J Goswami,0,0,,,,,,,,,
1085975,2017,2017-07-23,Lord's,1,36.1,England,India,NR Sciver,KH Brunt,S Pandey,1,0,,,,,,,,,
1085975,2017,2017-07-23,Lord's,1,36.2,England,India,KH Brunt,NR Sciver,S Pandey,0,0,,,,,,,,,
1085975,2017,2017-07-23,Lord's,1,36.3,England,India,KH Brunt,NR Sciver,S Pandey,1,0,,,,,,,,,
1085975,2017,2017-07-23,Lord's,1,36.4,England,India,NR Sciver,KH Brunt,S Pandey,0,0,,,,,,,,,
1085975,2017,2017-07-23,Lord's,1,36.5,England,India,NR Sciver,KH Brunt,S Pandey,1,0,,,,,,,,,
1085975,2017,2017-07-23,Lord's,1,36.6,England,India,KH Brunt,NR Sciver,S Pandey,4,0,,,,,,,,,
1085975,2017,2017-07-23,Lord's,1,37.1,England,India,NR Sciver,KH Brunt,J Goswami,0,0,,,,,,lbw,NR Sciver,,
1085975,2017,2017-07-23,Lord's,1,37.2,England,India,JL Gunn,KH Brunt,J Goswami,0,0,,,,,,,,,
1085975,2017,2017-07-23,Lord's,1,37.3,England,India,JL Gunn,KH Brunt,J Goswami,0,0,,,,,,,,,
1085975,2017,2017-07-23,Lord's,1,37.4,England,India,JL Gunn,KH Brunt,J Goswami,0,0,,,,,,,,,
1085975,2017,2017-07-23,Lord's,1,37.5,England,India,JL Gunn,KH Brunt,J Goswami,0,0,,,,,,,,,
1085975,2017,2017-07-23,Lord's,1,37.6,England,India,JL Gunn,KH Brunt,J Goswami,0,0,,,,,,,,,
1085975,2017,2017-07-23,Lord's,1,38.1,England,India,KH Brunt,JL Gunn,RS Gayakwad,1,0,,,,,,,,,
1085975,2017,2017-07-23,Lord's,1,38.2,England,India,JL Gunn,KH Brunt,RS Gayakwad,0,0,,,,,,,,,
1085975,2017,2017-07-23,Lord's,1,38.3,England,India,JL Gunn,KH Brunt,RS Gayakwad,0,0,,,,,,,,,
1085975,2017,2017-07-23,Lord's,1,38.4,England,India,JL Gunn,KH Brunt,RS Gayakwad,0,0,,,,,,,,,
1085975,2017,2017-07-23,Lord's,1,38.5,England,India,JL Gunn,KH Brunt,RS Gayakwad,0,0,,,,,,,,,
1085975,2017,2017-07-23,Lord's,1,38.6,England,India,JL Gunn,KH Brunt,RS Gayakwad,0,0,,,,,,,,,
1085975,2017,2017-07-23,Lord's,1,39.1,England,India,KH Brunt,JL Gunn,J Goswami,0,0,,,,,,,,,
1085975,2017,2017-07-23,Lord's,1,39.2,England,India,KH Brunt,JL Gunn,J Goswami,1,0,,,,,,,,,
1085975,2017,2017-07-23,Lord's,1,39.3,England,India,JL Gunn,KH Brunt,J Goswami,0,0,,,,,,,,,
1085975,2017,2017-07-23,Lord's,1,39.4,England,India,JL Gunn,KH Brunt,J Goswami,0,0,,,,,,,,,
1085975,2017,2017-07-23,Lord's,1,39.5,England,India,JL Gunn,KH Brunt,J Goswami,1,0,,,,,,,,,
1085975,2017,2017-07-23,Lord's,1,39.6,England,India,KH Brunt,JL Gunn,J Goswami,1,0,,,,,,,,,
1085975,2017,2017-07-23,Lord's,1,40.1,England,India,KH Brunt,JL Gunn,RS Gayakwad,0,0,,,,,,,,,
1085975,2017,2017-07-23,Lord's,1,40.2,England,India,KH Brunt,JL Gunn,RS Gayakwad,0,0,,,,,,,,,
1085975,2017,2017-07-23,Lord's,1,40.3,England,India,KH Brunt,JL Gunn,RS Gayakwad,1,0,,,,,,,,,
1085975,2017,2017-07-23,Lord's,1,40.4,England,India,JL Gunn,KH Brunt,RS Gayakwad,1,0,,,,,,,,,
1085975,2017,2017-07-23,Lord's,1,40.5,England,India,KH Brunt,JL Gunn,RS Gayakwad,1,0,,,,,,,,,
1085975,2017,2017-07-23,Lord's,1,40.6,England,India,JL Gunn,KH Brunt,RS Gayakwad,0,0,,,,,,,,,
1085975,2017,2017-07-23,Lord's,1,41.1,England,India,KH Brunt,JL Gunn,Poonam Yadav,0,0,,,,,,,,,
1085975,2017,2017-07-23,Lord's,1,41.2,England,India,KH Brunt,JL Gunn,Poonam Yadav,0,0,,,,,,,,,
1085975,2017,2017-07-23,Lord's,1,41.3,England,India,KH Brunt,JL Gunn,Poonam Yadav,2,0,,,,,,,,,
1085975,2017,2017-07-23,Lord's,1,41.4,England,India,KH Brunt,JL Gunn,Poonam Yadav,0,0,,,,,,,,,
1085975,2017,2017-07-23,Lord's,1,41.5,England,India,KH Brunt,JL Gunn,Poonam Yadav,1,0,,,,,,,,,
1085975,2017,2017-07-23,Lord's,1,41.6,England,India,JL Gunn,KH Brunt,Poonam Yadav,0,0,,,,,,,,,
1085975,2017,2017-07-23,Lord's,1,42.1,England,India,KH Brunt,JL Gunn,RS Gayakwad,0,0,,,,,,,,,
1085975,2017,2017-07-23,Lord's,1,42.2,England,India,KH Brunt,JL Gunn,RS Gayakwad,0,0,,,,,,,,,
1085975,2017,2017-07-23,Lord's,1,42.3,England,India,KH Brunt,JL Gunn,RS Gayakwad,2,0,,,,,,,,,
1085975,2017,2017-07-23,Lord's,1,42.4,England,India,KH Brunt,JL Gunn,RS Gayakwad,0,0,,,,,,,,,
1085975,2017,2017-07-23,Lord's,1,42.5,England,India,KH Brunt,JL Gunn,RS Gayakwad,2,0,,,,,,,,,
1085975,2017,2017-07-23,Lord's,1,42.6,England,India,KH Brunt,JL Gunn,RS Gayakwad,1,0,,,,,,,,,
1085975,2017,2017-07-23,Lord's,1,43.1,England,India,KH Brunt,JL Gunn,DB Sharma,1,0,,,,,,,,,
1085975,2017,2017-07-23,Lord's,1,43.2,England,India,JL Gunn,KH Brunt,DB Sharma,1,0,,,,,,,,,
1085975,2017,2017-07-23,Lord's,1,43.3,England,India,KH Brunt,JL Gunn,DB Sharma,1,0,,,,,,,,,
1085975,2017,2017-07-23,Lord's,1,43.4,England,India,JL Gunn,KH Brunt,DB Sharma,1,0,,,,,,,,,
1085975,2017,2017-07-23,Lord's,1,43.5,England,India,KH Brunt,JL Gunn,DB Sharma,4,0,,,,,,,,,
1085975,2017,2017-07-23,Lord's,1,43.6,England,India,KH Brunt,JL Gunn,DB Sharma,1,0,,,,,,,,,
1085975,2017,2017-07-23,Lord's,1,44.1,England,India,KH Brunt,JL Gunn,Poonam Yadav,0,0,,,,,,,,,
1085975,2017,2017-07-23,Lord's,1,44.2,England,India,KH Brunt,JL Gunn,Poonam Yadav,0,0,,,,,,,,,
1085975,2017,2017-07-23,Lord's,1,44.3,England,India,KH Brunt,JL Gunn,Poonam Yadav,1,0,,,,,,,,,
1085975,2017,2017-07-23,Lord's,1,44.4,England,India,JL Gunn,KH Brunt,Poonam Yadav,1,0,,,,,,,,,
1085975,2017,2017-07-23,Lord's,1,44.5,England,India,KH Brunt,JL Gunn,Poonam Yadav,1,0,,,,,,,,,
1085975,2017,2017-07-23,Lord's,1,44.6,England,India,JL Gunn,KH Brunt,Poonam Yadav,1,0,,,,,,,,,
1085975,2017,2017-07-23,Lord's,1,45.1,England,India,JL Gunn,KH Brunt,S Pandey,1,0,,,,,,,,,
1085975,2017,2017-07-23,Lord's,1,45.2,England,India,KH Brunt,JL Gunn,S Pandey,1,0,,,,,,,,,
1085975,2017,2017-07-23,Lord's,1,45.3,England,India,JL Gunn,KH Brunt,S Pandey,1,0,,,,,,,,,
1085975,2017,2017-07-23,Lord's,1,45.4,England,India,KH Brunt,JL Gunn,S Pandey,1,0,,,,,,,,,
1085975,2017,2017-07-23,Lord's,1,45.5,England,India,JL Gunn,KH Brunt,S Pandey,0,0,,,,,,,,,
1085975,2017,2017-07-23,Lord's,1,45.6,England,India,JL Gunn,KH Brunt,S Pandey,0,0,,,,,,run out,KH Brunt,,
1085975,2017,2017-07-23,Lord's,1,46.1,England,India,JL Gunn,LA Marsh,RS Gayakwad,0,0,,,,,,,,,
1085975,2017,2017-07-23,Lord's,1,46.2,England,India,JL Gunn,LA Marsh,RS Gayakwad,0,0,,,,,,,,,
1085975,2017,2017-07-23,Lord's,1,46.3,England,India,JL Gunn,LA Marsh,RS Gayakwad,1,0,,,,,,,,,
1085975,2017,2017-07-23,Lord's,1,46.4,England,India,LA Marsh,JL Gunn,RS Gayakwad,1,0,,,,,,,,,
1085975,2017,2017-07-23,Lord's,1,46.5,England,India,JL Gunn,LA Marsh,RS Gayakwad,1,0,,,,,,,,,
1085975,2017,2017-07-23,Lord's,1,46.6,England,India,LA Marsh,JL Gunn,RS Gayakwad,2,0,,,,,,,,,
1085975,2017,2017-07-23,Lord's,1,47.1,England,India,JL Gunn,LA Marsh,S Pandey,4,0,,,,,,,,,
1085975,2017,2017-07-23,Lord's,1,47.2,England,India,JL Gunn,LA Marsh,S Pandey,1,0,,,,,,,,,
1085975,2017,2017-07-23,Lord's,1,47.3,England,India,LA Marsh,JL Gunn,S Pandey,0,0,,,,,,,,,
1085975,2017,2017-07-23,Lord's,1,47.4,England,India,LA Marsh,JL Gunn,S Pandey,1,0,,,,,,,,,
1085975,2017,2017-07-23,Lord's,1,47.5,England,India,JL Gunn,LA Marsh,S Pandey,2,1,,1,,,,,,,
1085975,2017,2017-07-23,Lord's,1,47.6,England,India,JL Gunn,LA Marsh,S Pandey,1,0,,,,,,,,,
1085975,2017,2017-07-23,Lord's,1,47.7,England,India,LA Marsh,JL Gunn,S Pandey,4,0,,,,,,,,,
1085975,2017,2017-07-23,Lord's,1,48.1,England,India,JL Gunn,LA Marsh,RS Gayakwad,1,0,,,,,,,,,
1085975,2017,2017-07-23,Lord's,1,48.2,England,India,LA Marsh,JL Gunn,RS Gayakwad,1,0,,,,,,,,,
1085975,2017,2017-07-23,Lord's,1,48.3,England,India,JL Gunn,LA Marsh,RS Gayakwad,1,0,,,,,,,,,
1085975,2017,2017-07-23,Lord's,1,48.4,England,India,LA Marsh,JL Gunn,RS Gayakwad,1,0,,,,,,,,,
1085975,2017,2017-07-23,Lord's,1,48.5,England,India,JL Gunn,LA Marsh,RS Gayakwad,1,0,,,,,,,,,
1085975,2017,2017-07-23,Lord's,1,48.6,England,India,LA Marsh,JL Gunn,RS Gayakwad,1,0,,,,,,,,,
1085975,2017,2017-07-23,Lord's,1,49.1,England,India,LA Marsh,JL Gunn,DB Sharma,1,0,,,,,,,,,
1085975,2017,2017-07-23,Lord's,1,49.2,England,India,JL Gunn,LA Marsh,DB Sharma,2,0,,,,,,,,,
1085975,2017,2017-07-23,Lord's,1,49.3,England,India,JL Gunn,LA Marsh,DB Sharma,1,0,,,,,,,,,
1085975,2017,2017-07-23,Lord's,1,49.4,England,India,LA Marsh,JL Gunn,DB Sharma,1,0,,,,,,,,,
1085975,2017,2017-07-23,Lord's,1,49.5,England,India,JL Gunn,LA Marsh,DB Sharma,1,0,,,,,,,,,
1085975,2017,2017-07-23,Lord's,1,49.6,England,India,LA Marsh,JL Gunn,DB Sharma,1,0,,,,,,,,,
1085975,2017,2017-07-23,Lord's,2,0.1,India,England,PG Raut,S Mandhana,KH Brunt,0,0,,,,,,,,,
1085975,2017,2017-07-23,Lord's,2,0.2,India,England,PG Raut,S Mandhana,KH Brunt,0,0,,,,,,,,,
1085975,2017,2017-07-23,Lord's,2,0.3,India,England,PG Raut,S Mandhana,KH Brunt,0,0,,,,,,,,,
1085975,2017,2017-07-23,Lord's,2,0.4,India,England,PG Raut,S Mandhana,KH Brunt,0,0,,,,,,,,,
1085975,2017,2017-07-23,Lord's,2,0.5,India,England,PG Raut,S Mandhana,KH Brunt,1,0,,,,,,,,,
1085975,2017,2017-07-23,Lord's,2,0.6,India,England,S Mandhana,PG Raut,KH Brunt,0,0,,,,,,,,,
1085975,2017,2017-07-23,Lord's,2,1.1,India,England,PG Raut,S Mandhana,A Shrubsole,0,1,1,,,,,,,,
1085975,2017,2017-07-23,Lord's,2,1.2,India,England,PG Raut,S Mandhana,A Shrubsole,1,0,,,,,,,,,
1085975,2017,2017-07-23,Lord's,2,1.3,India,England,S Mandhana,PG Raut,A Shrubsole,0,0,,,,,,,,,
1085975,2017,2017-07-23,Lord's,2,1.4,India,England,S Mandhana,PG Raut,A Shrubsole,0,1,1,,,,,,,,
1085975,2017,2017-07-23,Lord's,2,1.5,India,England,S Mandhana,PG Raut,A Shrubsole,0,0,,,,,,,,,
1085975,2017,2017-07-23,Lord's,2,1.6,India,England,S Mandhana,PG Raut,A Shrubsole,0,1,1,,,,,,,,
1085975,2017,2017-07-23,Lord's,2,1.7,India,England,S Mandhana,PG Raut,A Shrubsole,0,0,,,,,,bowled,S Mandhana,,
1085975,2017,2017-07-23,Lord's,2,1.8,India,England,M Raj,PG Raut,A Shrubsole,1,0,,,,,,,,,
1085975,2017,2017-07-23,Lord's,2,1.9,India,England,PG Raut,M Raj,A Shrubsole,0,0,,,,,,,,,
1085975,2017,2017-07-23,Lord's,2,2.1,India,England,M Raj,PG Raut,KH Brunt,1,0,,,,,,,,,
1085975,2017,2017-07-23,Lord's,2,2.2,India,England,PG Raut,M Raj,KH Brunt,0,0,,,,,,,,,
1085975,2017,2017-07-23,Lord's,2,2.3,India,England,PG Raut,M Raj,KH Brunt,0,0,,,,,,,,,
1085975,2017,2017-07-23,Lord's,2,2.4,India,England,PG Raut,M Raj,KH Brunt,0,0,,,,,,,,,
1085975,2017,2017-07-23,Lord's,2,2.5,India,England,PG Raut,M Raj,KH Brunt,1,0,,,,,,,,,
1085975,2017,2017-07-23,Lord's,2,2.6,India,England,M Raj,PG Raut,KH Brunt,0,0,,,,,,,,,
1085975,2017,2017-07-23,Lord's,2,3.1,India,England,PG Raut,M Raj,A Shrubsole,0,0,,,,,,,,,
1085975,2017,2017-07-23,Lord's,2,3.2,India,England,PG Raut,M Raj,A Shrubsole,0,0,,,,,,,,,
1085975,2017,2017-07-23,Lord's,2,3.3,India,England,PG Raut,M Raj,A Shrubsole,4,0,,,,,,,,,
1085975,2017,2017-07-23,Lord's,2,3.4,India,England,PG Raut,M Raj,A Shrubsole,1,0,,,,,,,,,
1085975,2017,2017-07-23,Lord's,2,3.5,India,England,M Raj,PG Raut,A Shrubsole,0,0,,,,,,,,,
1085975,2017,2017-07-23,Lord's,2,3.6,India,England,M Raj,PG Raut,A Shrubsole,0,0,,,,,,,,,
1085975,2017,2017-07-23,Lord's,2,4.1,India,England,PG Raut,M Raj,KH Brunt,1,0,,,,,,,,,
1085975,2017,2017-07-23,Lord's,2,4.2,India,England,M Raj,PG Raut,KH Brunt,0,0,,,,,,,,,
1085975,2017,2017-07-23,Lord's,2,4.3,India,England,M Raj,PG Raut,KH Brunt,0,0,,,,,,,,,
1085975,2017,2017-07-23,Lord's,2,4.4,India,England,M Raj,PG Raut,KH Brunt,0,0,,,,,,,,,
1085975,2017,2017-07-23,Lord's,2,4.5,India,England,M Raj,PG Raut,KH Brunt,0,0,,,,,,,,,
1085975,2017,2017-07-23,Lord's,2,4.6,India,England,M Raj,PG Raut,KH Brunt,4,0,,,,,,,,,
1085975,2017,2017-07-23,Lord's,2,5.1,India,England,PG Raut,M Raj,A Shrubsole,1,0,,,,,,,,,
1085975,2017,2017-07-23,Lord's,2,5.2,India,England,M Raj,PG Raut,A Shrubsole,1,0,,,,,,,,,
1085975,2017,2017-07-23,Lord's,2,5.3,India,England,PG Raut,M Raj,A Shrubsole,0,0,,,,,,,,,
1085975,2017,2017-07-23,Lord's,2,5.4,India,England,PG Raut,M Raj,A Shrubsole,0,0,,,,,,,,,
1085975,2017,2017-07-23,Lord's,2,5.5,India,England,PG Raut,M Raj,A Shrubsole,0,0,,,,,,,,,
1085975,2017,2017-07-23,Lord's,2,5.6,India,England,PG Raut,M Raj,A Shrubsole,0,0,,,,,,,,,
1085975,2017,2017-07-23,Lord's,2,6.1,India,England,M Raj,PG Raut,KH Brunt,4,0,,,,,,,,,
1085975,2017,2017-07-23,Lord's,2,6.2,India,England,M Raj,PG Raut,KH Brunt,0,0,,,,,,,,,
1085975,2017,2017-07-23,Lord's,2,6.3,India,England,M Raj,PG Raut,KH Brunt,0,0,,,,,,,,,
1085975,2017,2017-07-23,Lord's,2,6.4,India,England,M Raj,PG Raut,KH Brunt,0,0,,,,,,,,,
1085975,2017,2017-07-23,Lord's,2,6.5,India,England,M Raj,PG Raut,KH Brunt,0,0,,,,,,,,,
1085975,2017,2017-07-23,Lord's,2,6.6,India,England,M Raj,PG Raut,KH Brunt,0,0,,,,,,,,,
1085975,2017,2017-07-23,Lord's,2,7.1,India,England,PG Raut,M Raj,A Shrubsole,0,0,,,,,,,,,
1085975,2017,2017-07-23,Lord's,2,7.2,India,England,PG Raut,M Raj,A Shrubsole,0,0,,,,,,,,,
1085975,2017,2017-07-23,Lord's,2,7.3,India,England,PG Raut,M Raj,A Shrubsole,6,0,,,,,,,,,
1085975,2017,2017-07-23,Lord's,2,7.4,India,England,PG Raut,M Raj,A Shrubsole,0,0,,,,,,,,,
1085975,2017,2017-07-23,Lord's,2,7.5,India,England,PG Raut,M Raj,A Shrubsole,1,0,,,,,,,,,
1085975,2017,2017-07-23,Lord's,2,7.6,India,England,M Raj,PG Raut,A Shrubsole,0,0,,,,,,,,,
1085975,2017,2017-07-23,Lord's,2,8.1,India,England,PG Raut,M Raj,NR Sciver,0,0,,,,,,,,,
1085975,2017,2017-07-23,Lord's,2,8.2,India,England,PG Raut,M Raj,NR Sciver,0,0,,,,,,,,,
1085975,2017,2017-07-23,Lord's,2,8.3,India,England,PG Raut,M Raj,NR Sciver,0,0,,,,,,,,,
1085975,2017,2017-07-23,Lord's,2,8.4,India,England,PG Raut,M Raj,NR Sciver,0,0,,,,,,,,,
1085975,2017,2017-07-23,Lord's,2,8.5,India,England,PG Raut,M Raj,NR Sciver,0,0,,,,,,,,,
1085975,2017,2017-07-23,Lord's,2,8.6,India,England,PG Raut,M Raj,NR Sciver,0,0,,,,,,,,,
1085975,2017,2017-07-23,Lord's,2,9.1,India,England,M Raj,PG Raut,JL Gunn,0,0,,,,,,,,,
1085975,2017,2017-07-23,Lord's,2,9.2,India,England,M Raj,PG Raut,JL Gunn,0,0,,,,,,,,,
1085975,2017,2017-07-23,Lord's,2,9.3,India,England,M Raj,PG Raut,JL Gunn,0,0,,,,,,,,,
1085975,2017,2017-07-23,Lord's,2,9.4,India,England,M Raj,PG Raut,JL Gunn,0,0,,,,,,,,,
1085975,2017,2017-07-23,Lord's,2,9.5,India,England,M Raj,PG Raut,JL Gunn,0,0,,,,,,,,,
1085975,2017,2017-07-23,Lord's,2,9.6,India,England,M Raj,PG Raut,JL Gunn,0,0,,,,,,,,,
1085975,2017,2017-07-23,Lord's,2,10.1,India,England,PG Raut,M Raj,NR Sciver,0,0,,,,,,,,,
1085975,2017,2017-07-23,Lord's,2,10.2,India,England,PG Raut,M Raj,NR Sciver,4,0,,,,,,,,,
1085975,2017,2017-07-23,Lord's,2,10.3,India,England,PG Raut,M Raj,NR Sciver,1,0,,,,,,,,,
1085975,2017,2017-07-23,Lord's,2,10.4,India,England,M Raj,PG Raut,NR Sciver,4,0,,,,,,,,,
1085975,2017,2017-07-23,Lord's,2,10.5,India,England,M Raj,PG Raut,NR Sciver,1,0,,,,,,,,,
1085975,2017,2017-07-23,Lord's,2,10.6,India,England,PG Raut,M Raj,NR Sciver,0,0,,,,,,,,,
1085975,2017,2017-07-23,Lord's,2,11.1,India,England,M Raj,PG Raut,JL Gunn,0,0,,,,,,,,,
1085975,2017,2017-07-23,Lord's,2,11.2,India,England,M Raj,PG Raut,JL Gunn,0,0,,,,,,,,,
1085975,2017,2017-07-23,Lord's,2,11.3,India,England,M Raj,PG Raut,JL Gunn,1,0,,,,,,,,,
1085975,2017,2017-07-23,Lord's,2,11.4,India,England,PG Raut,M Raj,JL Gunn,1,0,,,,,,,,,
1085975,2017,2017-07-23,Lord's,2,11.5,India,England,M Raj,PG Raut,JL Gunn,0,0,,,,,,,,,
1085975,2017,2017-07-23,Lord's,2,11.6,India,England,M Raj,PG Raut,JL Gunn,0,0,,,,,,,,,
1085975,2017,2017-07-23,Lord's,2,12.1,India,England,PG Raut,M Raj,LA Marsh,0,0,,,,,,run out,M Raj,,
1085975,2017,2017-07-23,Lord's,2,12.2,India,England,H Kaur,PG Raut,LA Marsh,0,0,,,,,,,,,
1085975,2017,2017-07-23,Lord's,2,12.3,India,England,H Kaur,PG Raut,LA Marsh,0,0,,,,,,,,,
1085975,2017,2017-07-23,Lord's,2,12.4,India,England,H Kaur,PG Raut,LA Marsh,0,0,,,,,,,,,
1085975,2017,2017-07-23,Lord's,2,12.5,India,England,H Kaur,PG Raut,LA Marsh,0,0,,,,,,,,,
1085975,2017,2017-07-23,Lord's,2,12.6,India,England,H Kaur,PG Raut,LA Marsh,0,0,,,,,,,,,
1085975,2017,2017-07-23,Lord's,2,13.1,India,England,PG Raut,H Kaur,JL Gunn,1,0,,,,,,,,,
1085975,2017,2017-07-23,Lord's,2,13.2,India,England,H Kaur,PG Raut,JL Gunn,0,0,,,,,,,,,
1085975,2017,2017-07-23,Lord's,2,13.3,India,England,H Kaur,PG Raut,JL Gunn,0,0,,,,,,,,,
1085975,2017,2017-07-23,Lord's,2,13.4,India,England,H Kaur,PG Raut,JL Gunn,0,0,,,,,,,,,
1085975,2017,2017-07-23,Lord's,2,13.5,India,England,H Kaur,PG Raut,JL Gunn,1,0,,,,,,,,,
1085975,2017,2017-07-23,Lord's,2,13.6,India,England,PG Raut,H Kaur,JL Gunn,0,0,,,,,,,,,
1085975,2017,2017-07-23,Lord's,2,14.1,India,England,H Kaur,PG Raut,LA Marsh,0,0,,,,,,,,,
1085975,2017,2017-07-23,Lord's,2,14.2,India,England,H Kaur,PG Raut,LA Marsh,0,0,,,,,,,,,
1085975,2017,2017-07-23,Lord's,2,14.3,India,England,H Kaur,PG Raut,LA Marsh,4,0,,,,,,,,,
1085975,2017,2017-07-23,Lord's,2,14.4,India,England,H Kaur,PG Raut,LA Marsh,0,0,,,,,,,,,
1085975,2017,2017-07-23,Lord's,2,14.5,India,England,H Kaur,PG Raut,LA Marsh,1,0,,,,,,,,,
1085975,2017,2017-07-23,Lord's,2,14.6,India,England,PG Raut,H Kaur,LA Marsh,0,0,,,,,,,,,
1085975,2017,2017-07-23,Lord's,2,15.1,India,England,H Kaur,PG Raut,JL Gunn,0,0,,,,,,,,,
1085975,2017,2017-07-23,Lord's,2,15.2,India,England,H Kaur,PG Raut,JL Gunn,0,0,,,,,,,,,
1085975,2017,2017-07-23,Lord's,2,15.3,India,England,H Kaur,PG Raut,JL Gunn,0,0,,,,,,,,,
1085975,2017,2017-07-23,Lord's,2,15.4,India,England,H Kaur,PG Raut,JL Gunn,0,0,,,,,,,,,
1085975,2017,2017-07-23,Lord's,2,15.5,India,England,H Kaur,PG Raut,JL Gunn,0,0,,,,,,,,,
1085975,2017,2017-07-23,Lord's,2,15.6,India,England,H Kaur,PG Raut,JL Gunn,0,0,,,,,,,,,
1085975,2017,2017-07-23,Lord's,2,16.1,India,England,PG Raut,H Kaur,LA Marsh,0,0,,,,,,,,,
1085975,2017,2017-07-23,Lord's,2,16.2,India,England,PG Raut,H Kaur,LA Marsh,1,0,,,,,,,,,
1085975,2017,2017-07-23,Lord's,2,16.3,India,England,H Kaur,PG Raut,LA Marsh,0,0,,,,,,,,,
1085975,2017,2017-07-23,Lord's,2,16.4,India,England,H Kaur,PG Raut,LA Marsh,0,0,,,,,,,,,
1085975,2017,2017-07-23,Lord's,2,16.5,India,England,H Kaur,PG Raut,LA Marsh,1,0,,,,,,,,,
1085975,2017,2017-07-23,Lord's,2,16.6,India,England,PG Raut,H Kaur,LA Marsh,2,0,,,,,,,,,
1085975,2017,2017-07-23,Lord's,2,17.1,India,England,H Kaur,PG Raut,A Hartley,0,0,,,,,,,,,
1085975,2017,2017-07-23,Lord's,2,17.2,India,England,H Kaur,PG Raut,A Hartley,0,0,,,,,,,,,
1085975,2017,2017-07-23,Lord's,2,17.3,India,England,H Kaur,PG Raut,A Hartley,0,0,,,,,,,,,
1085975,2017,2017-07-23,Lord's,2,17.4,India,England,H Kaur,PG Raut,A Hartley,0,0,,,,,,,,,
1085975,2017,2017-07-23,Lord's,2,17.5,India,England,H Kaur,PG Raut,A Hartley,0,0,,,,,,,,,
1085975,2017,2017-07-23,Lord's,2,17.6,India,England,H Kaur,PG Raut,A Hartley,1,0,,,,,,,,,
1085975,2017,2017-07-23,Lord's,2,18.1,India,England,H Kaur,PG Raut,LA Marsh,0,0,,,,,,,,,
1085975,2017,2017-07-23,Lord's,2,18.2,India,England,H Kaur,PG Raut,LA Marsh,1,0,,,,,,,,,
1085975,2017,2017-07-23,Lord's,2,18.3,India,England,PG Raut,H Kaur,LA Marsh,1,0,,,,,,,,,
1085975,2017,2017-07-23,Lord's,2,18.4,India,England,H Kaur,PG Raut,LA Marsh,0,0,,,,,,,,,
1085975,2017,2017-07-23,Lord's,2,18.5,India,England,H Kaur,PG Raut,LA Marsh,0,0,,,,,,,,,
1085975,2017,2017-07-23,Lord's,2,18.6,India,England,H Kaur,PG Raut,LA Marsh,0,1,1,,,,,,,,
1085975,2017,2017-07-23,Lord's,2,18.7,India,England,H Kaur,PG Raut,LA Marsh,1,0,,,,,,,,,
1085975,2017,2017-07-23,Lord's,2,19.1,India,England,H Kaur,PG Raut,A Hartley,0,0,,,,,,,,,
1085975,2017,2017-07-23,Lord's,2,19.2,India,England,H Kaur,PG Raut,A Hartley,1,0,,,,,,,,,
1085975,2017,2017-07-23,Lord's,2,19.3,India,England,PG Raut,H Kaur,A Hartley,2,0,,,,,,,,,
1085975,2017,2017-07-23,Lord's,2,19.4,India,England,PG Raut,H Kaur,A Hartley,0,0,,,,,,,,,
1085975,2017,2017-07-23,Lord's,2,19.5,India,England,PG Raut,H Kaur,A Hartley,1,0,,,,,,,,,
1085975,2017,2017-07-23,Lord's,2,19.6,India,England,H Kaur,PG Raut,A Hartley,6,0,,,,,,,,,
1085975,2017,2017-07-23,Lord's,2,20.1,India,England,PG Raut,H Kaur,LA Marsh,0,0,,,,,,,,,
1085975,2017,2017-07-23,Lord's,2,20.2,India,England,PG Raut,H Kaur,LA Marsh,1,0,,,,,,,,,
1085975,2017,2017-07-23,Lord's,2,20.3,India,England,H Kaur,PG Raut,LA Marsh,0,0,,,,,,,,,
1085975,2017,2017-07-23,Lord's,2,20.4,India,England,H Kaur,PG Raut,LA Marsh,1,0,,,,,,,,,
1085975,2017,2017-07-23,Lord's,2,20.5,India,England,PG Raut,H Kaur,LA Marsh,1,0,,,,,,,,,
1085975,2017,2017-07-23,Lord's,2,20.6,India,England,H Kaur,PG Raut,LA Marsh,1,0,,,,,,,,,
1085975,2017,2017-07-23,Lord's,2,21.1,India,England,H Kaur,PG Raut,A Hartley,0,0,,,,,,,,,
1085975,2017,2017-07-23,Lord's,2,21.2,India,England,H Kaur,PG Raut,A Hartley,0,0,,,,,,,,,
1085975,2017,2017-07-23,Lord's,2,21.3,India,England,H Kaur,PG Raut,A Hartley,1,0,,,,,,,,,
1085975,2017,2017-07-23,Lord's,2,21.4,India,England,PG Raut,H Kaur,A Hartley,0,0,,,,,,,,,
1085975,2017,2017-07-23,Lord's,2,21.5,India,England,PG Raut,H Kaur,A Hartley,1,0,,,,,,,,,
1085975,2017,2017-07-23,Lord's,2,21.6,India,England,H Kaur,PG Raut,A Hartley,0,0,,,,,,,,,
1085975,2017,2017-07-23,Lord's,2,22.1,India,England,PG Raut,H Kaur,LA Marsh,1,0,,,,,,,,,
1085975,2017,2017-07-23,Lord's,2,22.2,India,England,H Kaur,PG Raut,LA Marsh,1,0,,,,,,,,,
1085975,2017,2017-07-23,Lord's,2,22.3,India,England,PG Raut,H Kaur,LA Marsh,0,0,,,,,,,,,
1085975,2017,2017-07-23,Lord's,2,22.4,India,England,PG Raut,H Kaur,LA Marsh,1,0,,,,,,,,,
1085975,2017,2017-07-23,Lord's,2,22.5,India,England,H Kaur,PG Raut,LA Marsh,1,0,,,,,,,,,
1085975,2017,2017-07-23,Lord's,2,22.6,India,England,PG Raut,H Kaur,LA Marsh,0,0,,,,,,,,,
1085975,2017,2017-07-23,Lord's,2,23.1,India,England,H Kaur,PG Raut,A Hartley,0,0,,,,,,,,,
1085975,2017,2017-07-23,Lord's,2,23.2,India,England,H Kaur,PG Raut,A Hartley,0,0,,,,,,,,,
1085975,2017,2017-07-23,Lord's,2,23.3,India,England,H Kaur,PG Raut,A Hartley,1,0,,,,,,,,,
1085975,2017,2017-07-23,Lord's,2,23.4,India,England,PG Raut,H Kaur,A Hartley,1,0,,,,,,,,,
1085975,2017,2017-07-23,Lord's,2,23.5,India,England,H Kaur,PG Raut,A Hartley,6,0,,,,,,,,,
1085975,2017,2017-07-23,Lord's,2,23.6,India,England,H Kaur,PG Raut,A Hartley,1,0,,,,,,,,,
1085975,2017,2017-07-23,Lord's,2,24.1,India,England,H Kaur,PG Raut,NR Sciver,1,0,,,,,,,,,
1085975,2017,2017-07-23,Lord's,2,24.2,India,England,PG Raut,H Kaur,NR Sciver,1,0,,,,,,,,,
1085975,2017,2017-07-23,Lord's,2,24.3,India,England,H Kaur,PG Raut,NR Sciver,1,0,,,,,,,,,
1085975,2017,2017-07-23,Lord's,2,24.4,India,England,PG Raut,H Kaur,NR Sciver,0,0,,,,,,,,,
1085975,2017,2017-07-23,Lord's,2,24.5,India,England,PG Raut,H Kaur,NR Sciver,0,0,,,,,,,,,
1085975,2017,2017-07-23,Lord's,2,24.6,India,England,PG Raut,H Kaur,NR Sciver,1,0,,,,,,,,,
1085975,2017,2017-07-23,Lord's,2,25.1,India,England,PG Raut,H Kaur,HC Knight,1,0,,,,,,,,,
1085975,2017,2017-07-23,Lord's,2,25.2,India,England,H Kaur,PG Raut,HC Knight,0,0,,,,,,,,,
1085975,2017,2017-07-23,Lord's,2,25.3,India,England,H Kaur,PG Raut,HC Knight,0,0,,,,,,,,,
1085975,2017,2017-07-23,Lord's,2,25.4,India,England,H Kaur,PG Raut,HC Knight,1,0,,,,,,,,,
1085975,2017,2017-07-23,Lord's,2,25.5,India,England,PG Raut,H Kaur,HC Knight,0,1,,1,,,,,,,
1085975,2017,2017-07-23,Lord's,2,25.6,India,England,PG Raut,H Kaur,HC Knight,2,0,,,,,,,,,
1085975,2017,2017-07-23,Lord's,2,25.7,India,England,PG Raut,H Kaur,HC Knight,2,0,,,,,,,,,
1085975,2017,2017-07-23,Lord's,2,26.1,India,England,H Kaur,PG Raut,NR Sciver,1,0,,,,,,,,,
1085975,2017,2017-07-23,Lord's,2,26.2,India,England,PG Raut,H Kaur,NR Sciver,0,0,,,,,,,,,
1085975,2017,2017-07-23,Lord's,2,26.3,India,England,PG Raut,H Kaur,NR Sciver,0,0,,,,,,,,,
1085975,2017,2017-07-23,Lord's,2,26.4,India,England,PG Raut,H Kaur,NR Sciver,1,0,,,,,,,,,
1085975,2017,2017-07-23,Lord's,2,26.5,India,England,H Kaur,PG Raut,NR Sciver,4,0,,,,,,,,,
1085975,2017,2017-07-23,Lord's,2,26.6,India,England,H Kaur,PG Raut,NR Sciver,1,0,,,,,,,,,
1085975,2017,2017-07-23,Lord's,2,27.1,India,England,H Kaur,PG Raut,A Shrubsole,0,0,,,,,,,,,
1085975,2017,2017-07-23,Lord's,2,27.2,India,England,H Kaur,PG Raut,A Shrubsole,0,0,,,,,,,,,
1085975,2017,2017-07-23,Lord's,2,27.3,India,England,H Kaur,PG Raut,A Shrubsole,0,0,,,,,,,,,
1085975,2017,2017-07-23,Lord's,2,27.4,India,England,H Kaur,PG Raut,A Shrubsole,1,0,,,,,,,,,
1085975,2017,2017-07-23,Lord's,2,27.5,India,England,PG Raut,H Kaur,A Shrubsole,1,0,,,,,,,,,
1085975,2017,2017-07-23,Lord's,2,27.6,India,England,H Kaur,PG Raut,A Shrubsole,0,0,,,,,,,,,
1085975,2017,2017-07-23,Lord's,2,28.1,India,England,PG Raut,H Kaur,NR Sciver,0,1,,,,1,,,,,
1085975,2017,2017-07-23,Lord's,2,28.2,India,England,H Kaur,PG Raut,NR Sciver,0,0,,,,,,,,,
1085975,2017,2017-07-23,Lord's,2,28.3,India,England,H Kaur,PG Raut,NR Sciver,0,0,,,,,,,,,
1085975,2017,2017-07-23,Lord's,2,28.4,India,England,H Kaur,PG Raut,NR Sciver,4,0,,,,,,,,,
1085975,2017,2017-07-23,Lord's,2,28.5,India,England,H Kaur,PG Raut,NR Sciver,1,0,,,,,,,,,
1085975,2017,2017-07-23,Lord's,2,28.6,India,England,PG Raut,H Kaur,NR Sciver,0,0,,,,,,,,,
1085975,2017,2017-07-23,Lord's,2,29.1,India,England,H Kaur,PG Raut,A Shrubsole,0,1,,,,1,,,,,
1085975,2017,2017-07-23,Lord's,2,29.2,India,England,PG Raut,H Kaur,A Shrubsole,2,0,,,,,,,,,
1085975,2017,2017-07-23,Lord's,2,29.3,India,England,PG Raut,H Kaur,A Shrubsole,1,0,,,,,,,,,
1085975,2017,2017-07-23,Lord's,2,29.4,India,England,H Kaur,PG Raut,A Shrubsole,0,0,,,,,,,,,
1085975,2017,2017-07-23,Lord's,2,29.5,India,England,H Kaur,PG Raut,A Shrubsole,1,0,,,,,,,,,
1085975,2017,2017-07-23,Lord's,2,29.6,India,England,PG Raut,H Kaur,A Shrubsole,1,0,,,,,,,,,
1085975,2017,2017-07-23,Lord's,2,30.1,India,England,PG Raut,H Kaur,KH Brunt,2,0,,,,,,,,,
1085975,2017,2017-07-23,Lord's,2,30.2,India,England,PG Raut,H Kaur,KH Brunt,1,0,,,,,,,,,
1085975,2017,2017-07-23,Lord's,2,30.3,India,England,H Kaur,PG Raut,KH Brunt,1,0,,,,,,,,,
1085975,2017,2017-07-23,Lord's,2,30.4,India,England,PG Raut,H Kaur,KH Brunt,2,0,,,,,,,,,
1085975,2017,2017-07-23,Lord's,2,30.5,India,England,PG Raut,H Kaur,KH Brunt,1,0,,,,,,,,,
1085975,2017,2017-07-23,Lord's,2,30.6,India,England,H Kaur,PG Raut,KH Brunt,0,0,,,,,,,,,
1085975,2017,2017-07-23,Lord's,2,31.1,India,England,PG Raut,H Kaur,A Hartley,0,0,,,,,,,,,
1085975,2017,2017-07-23,Lord's,2,31.2,India,England,PG Raut,H Kaur,A Hartley,4,0,,,,,,,,,
1085975,2017,2017-07-23,Lord's,2,31.3,India,England,PG Raut,H Kaur,A Hartley,1,0,,,,,,,,,
1085975,2017,2017-07-23,Lord's,2,31.4,India,England,H Kaur,PG Raut,A Hartley,0,0,,,,,,,,,
1085975,2017,2017-07-23,Lord's,2,31.5,India,England,H Kaur,PG Raut,A Hartley,1,0,,,,,,,,,
1085975,2017,2017-07-23,Lord's,2,31.6,India,England,PG Raut,H Kaur,A Hartley,0,0,,,,,,,,,
1085975,2017,2017-07-23,Lord's,2,32.1,India,England,H Kaur,PG Raut,KH Brunt,1,0,,,,,,,,,
1085975,2017,2017-07-23,Lord's,2,32.2,India,England,PG Raut,H Kaur,KH Brunt,0,0,,,,,,,,,
1085975,2017,2017-07-23,Lord's,2,32.3,India,England,PG Raut,H Kaur,KH Brunt,1,0,,,,,,,,,
1085975,2017,2017-07-23,Lord's,2,32.4,India,England,H Kaur,PG Raut,KH Brunt,0,0,,,,,,,,,
1085975,2017,2017-07-23,Lord's,2,32.5,India,England,H Kaur,PG Raut,KH Brunt,1,0,,,,,,,,,
1085975,2017,2017-07-23,Lord's,2,32.6,India,England,PG Raut,H Kaur,KH Brunt,0,0,,,,,,,,,
1085975,2017,2017-07-23,Lord's,2,33.1,India,England,H Kaur,PG Raut,A Hartley,1,0,,,,,,,,,
1085975,2017,2017-07-23,Lord's,2,33.2,India,England,PG Raut,H Kaur,A Hartley,1,0,,,,,,,,,
1085975,2017,2017-07-23,Lord's,2,33.3,India,England,H Kaur,PG Raut,A Hartley,0,0,,,,,,caught,H Kaur,,
1085975,2017,2017-07-23,Lord's,2,33.4,India,England,V Krishnamurthy,PG Raut,A Hartley,0,0,,,,,,,,,
1085975,2017,2017-07-23,Lord's,2,33.5,India,England,V Krishnamurthy,PG Raut,A Hartley,0,0,,,,,,,,,
1085975,2017,2017-07-23,Lord's,2,33.6,India,England,V Krishnamurthy,PG Raut,A Hartley,0,0,,,,,,,,,
1085975,2017,2017-07-23,Lord's,2,34.1,India,England,PG Raut,V Krishnamurthy,LA Marsh,0,0,,,,,,,,,
1085975,2017,2017-07-23,Lord's,2,34.2,India,England,PG Raut,V Krishnamurthy,LA Marsh,1,0,,,,,,,,,
1085975,2017,2017-07-23,Lord's,2,34.3,India,England,V Krishnamurthy,PG Raut,LA Marsh,4,0,,,,,,,,,
1085975,2017,2017-07-23,Lord's,2,34.4,India,England,V Krishnamurthy,PG Raut,LA Marsh,1,0,,,,,,,,,
1085975,2017,2017-07-23,Lord's,2,34.5,India,England,PG Raut,V Krishnamurthy,LA Marsh,0,0,,,,,,,,,
1085975,2017,2017-07-23,Lord's,2,34.6,India,England,PG Raut,V Krishnamurthy,LA Marsh,1,0,,,,,,,,,
1085975,2017,2017-07-23,Lord's,2,35.1,India,England,PG Raut,V Krishnamurthy,A Hartley,2,0,,,,,,,,,
1085975,2017,2017-07-23,Lord's,2,35.2,India,England,PG Raut,V Krishnamurthy,A Hartley,1,0,,,,,,,,,
1085975,2017,2017-07-23,Lord's,2,35.3,India,England,V Krishnamurthy,PG Raut,A Hartley,2,0,,,,,,,,,
1085975,2017,2017-07-23,Lord's,2,35.4,India,England,V Krishnamurthy,PG Raut,A Hartley,0,0,,,,,,,,,
1085975,2017,2017-07-23,Lord's,2,35.5,India,England,V Krishnamurthy,PG Raut,A Hartley,4,0,,,,,,,,,
1085975,2017,2017-07-23,Lord's,2,35.6,India,England,V Krishnamurthy,PG Raut,A Hartley,0,1,1,,,,,,,,
1085975,2017,2017-07-23,Lord's,2,35.7,India,England,V Krishnamurthy,PG Raut,A Hartley,0,0,,,,,,,,,
1085975,2017,2017-07-23,Lord's,2,36.1,India,England,PG Raut,V Krishnamurthy,LA Marsh,0,0,,,,,,,,,
1085975,2017,2017-07-23,Lord's,2,36.2,India,England,PG Raut,V Krishnamurthy,LA Marsh,4,0,,,,,,,,,
1085975,2017,2017-07-23,Lord's,2,36.3,India,England,PG Raut,V Krishnamurthy,LA Marsh,0,0,,,,,,,,,
1085975,2017,2017-07-23,Lord's,2,36.4,India,England,PG Raut,V Krishnamurthy,LA Marsh,1,0,,,,,,,,,
1085975,2017,2017-07-23,Lord's,2,36.5,India,England,V Krishnamurthy,PG Raut,LA Marsh,1,0,,,,,,,,,
1085975,2017,2017-07-23,Lord's,2,36.6,India,England,PG Raut,V Krishnamurthy,LA Marsh,0,0,,,,,,,,,
1085975,2017,2017-07-23,Lord's,2,37.1,India,England,V Krishnamurthy,PG Raut,JL Gunn,2,0,,,,,,,,,
1085975,2017,2017-07-23,Lord's,2,37.2,India,England,V Krishnamurthy,PG Raut,JL Gunn,0,0,,,,,,,,,
1085975,2017,2017-07-23,Lord's,2,37.3,India,England,V Krishnamurthy,PG Raut,JL Gunn,0,0,,,,,,,,,
1085975,2017,2017-07-23,Lord's,2,37.4,India,England,V Krishnamurthy,PG Raut,JL Gunn,0,0,,,,,,,,,
1085975,2017,2017-07-23,Lord's,2,37.5,India,England,V Krishnamurthy,PG Raut,JL Gunn,1,0,,,,,,,,,
1085975,2017,2017-07-23,Lord's,2,37.6,India,England,PG Raut,V Krishnamurthy,JL Gunn,1,0,,,,,,,,,
1085975,2017,2017-07-23,Lord's,2,38.1,India,England,PG Raut,V Krishnamurthy,LA Marsh,0,0,,,,,,,,,
1085975,2017,2017-07-23,Lord's,2,38.2,India,England,PG Raut,V Krishnamurthy,LA Marsh,0,0,,,,,,,,,
1085975,2017,2017-07-23,Lord's,2,38.3,India,England,PG Raut,V Krishnamurthy,LA Marsh,0,0,,,,,,,,,
1085975,2017,2017-07-23,Lord's,2,38.4,India,England,PG Raut,V Krishnamurthy,LA Marsh,0,0,,,,,,,,,
1085975,2017,2017-07-23,Lord's,2,38.5,India,England,PG Raut,V Krishnamurthy,LA Marsh,1,0,,,,,,,,,
1085975,2017,2017-07-23,Lord's,2,38.6,India,England,V Krishnamurthy,PG Raut,LA Marsh,0,0,,,,,,,,,
1085975,2017,2017-07-23,Lord's,2,39.1,India,England,PG Raut,V Krishnamurthy,JL Gunn,1,0,,,,,,,,,
1085975,2017,2017-07-23,Lord's,2,39.2,India,England,V Krishnamurthy,PG Raut,JL Gunn,0,0,,,,,,,,,
1085975,2017,2017-07-23,Lord's,2,39.3,India,England,V Krishnamurthy,PG Raut,JL Gunn,0,1,,,,1,,,,,
1085975,2017,2017-07-23,Lord's,2,39.4,India,England,PG Raut,V Krishnamurthy,JL Gunn,1,0,,,,,,,,,
1085975,2017,2017-07-23,Lord's,2,39.5,India,England,V Krishnamurthy,PG Raut,JL Gunn,1,0,,,,,,,,,
1085975,2017,2017-07-23,Lord's,2,39.6,India,England,PG Raut,V Krishnamurthy,JL Gunn,3,0,,,,,,,,,
1085975,2017,2017-07-23,Lord's,2,40.1,India,England,PG Raut,V Krishnamurthy,LA Marsh,1,0,,,,,,,,,
1085975,2017,2017-07-23,Lord's,2,40.2,India,England,V Krishnamurthy,PG Raut,LA Marsh,1,0,,,,,,,,,
1085975,2017,2017-07-23,Lord's,2,40.3,India,England,PG Raut,V Krishnamurthy,LA Marsh,0,0,,,,,,,,,
1085975,2017,2017-07-23,Lord's,2,40.4,India,England,PG Raut,V Krishnamurthy,LA Marsh,2,0,,,,,,,,,
1085975,2017,2017-07-23,Lord's,2,40.5,India,England,PG Raut,V Krishnamurthy,LA Marsh,0,0,,,,,,,,,
1085975,2017,2017-07-23,Lord's,2,40.6,India,England,PG Raut,V Krishnamurthy,LA Marsh,1,0,,,,,,,,,
1085975,2017,2017-07-23,Lord's,2,41.1,India,England,PG Raut,V Krishnamurthy,A Hartley,1,0,,,,,,,,,
1085975,2017,2017-07-23,Lord's,2,41.2,India,England,V Krishnamurthy,PG Raut,A Hartley,1,0,,,,,,,,,
1085975,2017,2017-07-23,Lord's,2,41.3,India,England,PG Raut,V Krishnamurthy,A Hartley,1,0,,,,,,,,,
1085975,2017,2017-07-23,Lord's,2,41.4,India,England,V Krishnamurthy,PG Raut,A Hartley,0,0,,,,,,,,,
1085975,2017,2017-07-23,Lord's,2,41.5,India,England,V Krishnamurthy,PG Raut,A Hartley,0,0,,,,,,,,,
1085975,2017,2017-07-23,Lord's,2,41.6,India,England,V Krishnamurthy,PG Raut,A Hartley,1,0,,,,,,,,,
1085975,2017,2017-07-23,Lord's,2,42.1,India,England,V Krishnamurthy,PG Raut,A Shrubsole,4,0,,,,,,,,,
1085975,2017,2017-07-23,Lord's,2,42.2,India,England,V Krishnamurthy,PG Raut,A Shrubsole,4,0,,,,,,,,,
1085975,2017,2017-07-23,Lord's,2,42.3,India,England,V Krishnamurthy,PG Raut,A Shrubsole,0,0,,,,,,,,,
1085975,2017,2017-07-23,Lord's,2,42.4,India,England,V Krishnamurthy,PG Raut,A Shrubsole,1,0,,,,,,,,,
1085975,2017,2017-07-23,Lord's,2,42.5,India,England,PG Raut,V Krishnamurthy,A Shrubsole,0,0,,,,,,lbw,PG Raut,,
1085975,2017,2017-07-23,Lord's,2,42.6,India,England,S Verma,V Krishnamurthy,A Shrubsole,0,0,,,,,,,,,
1085975,2017,2017-07-23,Lord's,2,43.1,India,England,V Krishnamurthy,S Verma,A Hartley,4,0,,,,,,,,,
1085975,2017,2017-07-23,Lord's,2,43.2,India,England,V Krishnamurthy,S Verma,A Hartley,1,0,,,,,,,,,
1085975,2017,2017-07-23,Lord's,2,43.3,India,England,S Verma,V Krishnamurthy,A Hartley,0,0,,,,,,bowled,S Verma,,
1085975,2017,2017-07-23,Lord's,2,43.4,India,England,DB Sharma,V Krishnamurthy,A Hartley,0,0,,,,,,,,,
1085975,2017,2017-07-23,Lord's,2,43.5,India,England,DB Sharma,V Krishnamurthy,A Hartley,1,0,,,,,,,,,
1085975,2017,2017-07-23,Lord's,2,43.6,India,England,V Krishnamurthy,DB Sharma,A Hartley,1,0,,,,,,,,,
1085975,2017,2017-07-23,Lord's,2,44.1,India,England,V Krishnamurthy,DB Sharma,A Shrubsole,0,0,,,,,,,,,
1085975,2017,2017-07-23,Lord's,2,44.2,India,England,V Krishnamurthy,DB Sharma,A Shrubsole,1,0,,,,,,,,,
1085975,2017,2017-07-23,Lord's,2,44.3,India,England,DB Sharma,V Krishnamurthy,A Shrubsole,1,0,,,,,,,,,
1085975,2017,2017-07-23,Lord's,2,44.4,India,England,V Krishnamurthy,DB Sharma,A Shrubsole,0,0,,,,,,caught,V Krishnamurthy,,
1085975,2017,2017-07-23,Lord's,2,44.5,India,England,DB Sharma,J Goswami,A Shrubsole,1,0,,,,,,,,,
1085975,2017,2017-07-23,Lord's,2,44.6,India,England,J Goswami,DB Sharma,A Shrubsole,0,0,,,,,,bowled,J Goswami,,
1085975,2017,2017-07-23,Lord's,2,45.1,India,England,DB Sharma,S Pandey,A Hartley,4,0,,,,,,,,,
1085975,2017,2017-07-23,Lord's,2,45.2,India,England,DB Sharma,S Pandey,A Hartley,1,0,,,,,,,,,
1085975,2017,2017-07-23,Lord's,2,45.3,India,England,S Pandey,DB Sharma,A Hartley,0,0,,,,,,,,,
1085975,2017,2017-07-23,Lord's,2,45.4,India,England,S Pandey,DB Sharma,A Hartley,1,0,,,,,,,,,
1085975,2017,2017-07-23,Lord's,2,45.5,India,England,DB Sharma,S Pandey,A Hartley,1,0,,,,,,,,,
1085975,2017,2017-07-23,Lord's,2,45.6,India,England,S Pandey,DB Sharma,A Hartley,0,0,,,,,,,,,
1085975,2017,2017-07-23,Lord's,2,46.1,India,England,DB Sharma,S Pandey,A Shrubsole,1,0,,,,,,,,,
1085975,2017,2017-07-23,Lord's,2,46.2,India,England,S Pandey,DB Sharma,A Shrubsole,1,0,,,,,,,,,
1085975,2017,2017-07-23,Lord's,2,46.3,India,England,DB Sharma,S Pandey,A Shrubsole,2,0,,,,,,,,,
1085975,2017,2017-07-23,Lord's,2,46.4,India,England,DB Sharma,S Pandey,A Shrubsole,0,1,1,,,,,,,,
1085975,2017,2017-07-23,Lord's,2,46.5,India,England,DB Sharma,S Pandey,A Shrubsole,1,0,,,,,,,,,
1085975,2017,2017-07-23,Lord's,2,46.6,India,England,S Pandey,DB Sharma,A Shrubsole,0,0,,,,,,,,,
1085975,2017,2017-07-23,Lord's,2,46.7,India,England,S Pandey,DB Sharma,A Shrubsole,1,0,,,,,,,,,
1085975,2017,2017-07-23,Lord's,2,47.1,India,England,S Pandey,DB Sharma,JL Gunn,1,0,,,,,,,,,
1085975,2017,2017-07-23,Lord's,2,47.2,India,England,DB Sharma,S Pandey,JL Gunn,1,0,,,,,,,,,
1085975,2017,2017-07-23,Lord's,2,47.3,India,England,S Pandey,DB Sharma,JL Gunn,0,1,1,,,,,,,,
1085975,2017,2017-07-23,Lord's,2,47.4,India,England,S Pandey,DB Sharma,JL Gunn,0,0,,,,,,run out,S Pandey,,
1085975,2017,2017-07-23,Lord's,2,47.5,India,England,Poonam Yadav,DB Sharma,JL Gunn,0,0,,,,,,,,,
1085975,2017,2017-07-23,Lord's,2,47.6,India,England,Poonam Yadav,DB Sharma,JL Gunn,0,0,,,,,,,,,
1085975,2017,2017-07-23,Lord's,2,47.7,India,England,Poonam Yadav,DB Sharma,JL Gunn,0,0,,,,,,,,,
1085975,2017,2017-07-23,Lord's,2,48.1,India,England,DB Sharma,Poonam Yadav,A Shrubsole,0,0,,,,,,caught,DB Sharma,,
1085975,2017,2017-07-23,Lord's,2,48.2,India,England,Poonam Yadav,RS Gayakwad,A Shrubsole,0,0,,,,,,,,,
1085975,2017,2017-07-23,Lord's,2,48.3,India,England,Poonam Yadav,RS Gayakwad,A Shrubsole,1,0,,,,,,,,,
1085975,2017,2017-07-23,Lord's,2,48.4,India,England,RS Gayakwad,Poonam Yadav,A Shrubsole,0,0,,,,,,bowled,RS Gayakwad,,
