match_id,season,start_date,venue,innings,ball,batting_team,bowling_team,striker,non_striker,bowler,runs_off_bat,extras,wides,noballs,byes,legbyes,penalty,wicket_type,player_dismissed,other_wicket_type,other_player_dismissed
1085949,2017,2017-06-27,Grace Road,1,0.1,England,Pakistan,TT Beaumont,SJ Taylor,Asmavia Iqbal,1,0,,,,,,,,,
1085949,2017,2017-06-27,Grace Road,1,0.2,England,Pakistan,SJ Taylor,TT Beaumont,Asmavia Iqbal,0,0,,,,,,,,,
1085949,2017,2017-06-27,Grace Road,1,0.3,England,Pakistan,SJ Taylor,TT Beaumont,Asmavia Iqbal,0,0,,,,,,,,,
1085949,2017,2017-06-27,Grace Road,1,0.4,England,Pakistan,SJ Taylor,TT Beaumont,Asmavia Iqbal,4,0,,,,,,,,,
1085949,2017,2017-06-27,Grace Road,1,0.5,England,Pakistan,SJ Taylor,TT Beaumont,Asmavia Iqbal,0,0,,,,,,,,,
1085949,2017,2017-06-27,Grace Road,1,0.6,England,Pakistan,SJ Taylor,TT Beaumont,Asmavia Iqbal,0,1,1,,,,,,,,
1085949,2017,2017-06-27,Grace Road,1,0.7,England,Pakistan,SJ Taylor,TT Beaumont,Asmavia Iqbal,1,0,,,,,,,,,
1085949,2017,2017-06-27,Grace Road,1,1.1,England,Pakistan,SJ Taylor,TT Beaumont,Kainat Imtiaz,0,0,,,,,,,,,
1085949,2017,2017-06-27,Grace Road,1,1.2,England,Pakistan,SJ Taylor,TT Beaumont,Kainat Imtiaz,1,0,,,,,,,,,
1085949,2017,2017-06-27,Grace Road,1,1.3,England,Pakistan,TT Beaumont,SJ Taylor,Kainat Imtiaz,0,0,,,,,,,,,
1085949,2017,2017-06-27,Grace Road,1,1.4,England,Pakistan,TT Beaumont,SJ Taylor,Kainat Imtiaz,0,0,,,,,,,,,
1085949,2017,2017-06-27,Grace Road,1,1.5,England,Pakistan,TT Beaumont,SJ Taylor,Kainat Imtiaz,0,0,,,,,,,,,
1085949,2017,2017-06-27,Grace Road,1,1.6,England,Pakistan,TT Beaumont,SJ Taylor,Kainat Imtiaz,0,0,,,,,,,,,
1085949,2017,2017-06-27,Grace Road,1,2.1,England,Pakistan,SJ Taylor,TT Beaumont,Asmavia Iqbal,1,0,,,,,,,,,
1085949,2017,2017-06-27,Grace Road,1,2.2,England,Pakistan,TT Beaumont,SJ Taylor,Asmavia Iqbal,0,0,,,,,,,,,
1085949,2017,2017-06-27,Grace Road,1,2.3,England,Pakistan,TT Beaumont,SJ Taylor,Asmavia Iqbal,1,0,,,,,,,,,
1085949,2017,2017-06-27,Grace Road,1,2.4,England,Pakistan,SJ Taylor,TT Beaumont,Asmavia Iqbal,0,0,,,,,,,,,
1085949,2017,2017-06-27,Grace Road,1,2.5,England,Pakistan,SJ Taylor,TT Beaumont,Asmavia Iqbal,0,0,,,,,,,,,
1085949,2017,2017-06-27,Grace Road,1,2.6,England,Pakistan,SJ Taylor,TT Beaumont,Asmavia Iqbal,0,0,,,,,,,,,
1085949,2017,2017-06-27,Grace Road,1,3.1,England,Pakistan,TT Beaumont,SJ Taylor,Kainat Imtiaz,4,0,,,,,,,,,
1085949,2017,2017-06-27,Grace Road,1,3.2,England,Pakistan,TT Beaumont,SJ Taylor,Kainat Imtiaz,0,1,1,,,,,,,,
1085949,2017,2017-06-27,Grace Road,1,3.3,England,Pakistan,TT Beaumont,SJ Taylor,Kainat Imtiaz,0,1,1,,,,,,,,
1085949,2017,2017-06-27,Grace Road,1,3.4,England,Pakistan,TT Beaumont,SJ Taylor,Kainat Imtiaz,0,1,1,,,,,,,,
1085949,2017,2017-06-27,Grace Road,1,3.5,England,Pakistan,TT Beaumont,SJ Taylor,Kainat Imtiaz,1,0,,,,,,,,,
1085949,2017,2017-06-27,Grace Road,1,3.6,England,Pakistan,SJ Taylor,TT Beaumont,Kainat Imtiaz,4,0,,,,,,,,,
1085949,2017,2017-06-27,Grace Road,1,3.7,England,Pakistan,SJ Taylor,TT Beaumont,Kainat Imtiaz,0,0,,,,,,,,,
1085949,2017,2017-06-27,Grace Road,1,3.8,England,Pakistan,SJ Taylor,TT Beaumont,Kainat Imtiaz,0,0,,,,,,lbw,SJ Taylor,,
1085949,2017,2017-06-27,Grace Road,1,3.9,England,Pakistan,HC Knight,TT Beaumont,Kainat Imtiaz,0,0,,,,,,,,,
1085949,2017,2017-06-27,Grace Road,1,4.1,England,Pakistan,TT Beaumont,HC Knight,Asmavia Iqbal,0,0,,,,,,,,,
1085949,2017,2017-06-27,Grace Road,1,4.2,England,Pakistan,TT Beaumont,HC Knight,Asmavia Iqbal,0,0,,,,,,,,,
1085949,2017,2017-06-27,Grace Road,1,4.3,England,Pakistan,TT Beaumont,HC Knight,Asmavia Iqbal,0,0,,,,,,,,,
1085949,2017,2017-06-27,Grace Road,1,4.4,England,Pakistan,TT Beaumont,HC Knight,Asmavia Iqbal,0,0,,,,,,,,,
1085949,2017,2017-06-27,Grace Road,1,4.5,England,Pakistan,TT Beaumont,HC Knight,Asmavia Iqbal,0,0,,,,,,,,,
1085949,2017,2017-06-27,Grace Road,1,4.6,England,Pakistan,TT Beaumont,HC Knight,Asmavia Iqbal,0,1,1,,,,,,,,
1085949,2017,2017-06-27,Grace Road,1,4.7,England,Pakistan,TT Beaumont,HC Knight,Asmavia Iqbal,0,0,,,,,,,,,
1085949,2017,2017-06-27,Grace Road,1,5.1,England,Pakistan,HC Knight,TT Beaumont,Kainat Imtiaz,0,0,,,,,,,,,
1085949,2017,2017-06-27,Grace Road,1,5.2,England,Pakistan,HC Knight,TT Beaumont,Kainat Imtiaz,4,0,,,,,,,,,
1085949,2017,2017-06-27,Grace Road,1,5.3,England,Pakistan,HC Knight,TT Beaumont,Kainat Imtiaz,0,0,,,,,,,,,
1085949,2017,2017-06-27,Grace Road,1,5.4,England,Pakistan,HC Knight,TT Beaumont,Kainat Imtiaz,0,0,,,,,,,,,
1085949,2017,2017-06-27,Grace Road,1,5.5,England,Pakistan,HC Knight,TT Beaumont,Kainat Imtiaz,0,1,1,,,,,,,,
1085949,2017,2017-06-27,Grace Road,1,5.6,England,Pakistan,HC Knight,TT Beaumont,Kainat Imtiaz,0,0,,,,,,,,,
1085949,2017,2017-06-27,Grace Road,1,5.7,England,Pakistan,HC Knight,TT Beaumont,Kainat Imtiaz,0,0,,,,,,,,,
1085949,2017,2017-06-27,Grace Road,1,6.1,England,Pakistan,TT Beaumont,HC Knight,Asmavia Iqbal,0,0,,,,,,,,,
1085949,2017,2017-06-27,Grace Road,1,6.2,England,Pakistan,TT Beaumont,HC Knight,Asmavia Iqbal,0,0,,,,,,,,,
1085949,2017,2017-06-27,Grace Road,1,6.3,England,Pakistan,TT Beaumont,HC Knight,Asmavia Iqbal,2,0,,,,,,,,,
1085949,2017,2017-06-27,Grace Road,1,6.4,England,Pakistan,TT Beaumont,HC Knight,Asmavia Iqbal,0,0,,,,,,,,,
1085949,2017,2017-06-27,Grace Road,1,6.5,England,Pakistan,TT Beaumont,HC Knight,Asmavia Iqbal,0,0,,,,,,,,,
1085949,2017,2017-06-27,Grace Road,1,6.6,England,Pakistan,TT Beaumont,HC Knight,Asmavia Iqbal,0,0,,,,,,,,,
1085949,2017,2017-06-27,Grace Road,1,7.1,England,Pakistan,HC Knight,TT Beaumont,Kainat Imtiaz,0,1,1,,,,,,,,
1085949,2017,2017-06-27,Grace Road,1,7.2,England,Pakistan,HC Knight,TT Beaumont,Kainat Imtiaz,0,0,,,,,,,,,
1085949,2017,2017-06-27,Grace Road,1,7.3,England,Pakistan,HC Knight,TT Beaumont,Kainat Imtiaz,1,0,,,,,,,,,
1085949,2017,2017-06-27,Grace Road,1,7.4,England,Pakistan,TT Beaumont,HC Knight,Kainat Imtiaz,0,0,,,,,,,,,
1085949,2017,2017-06-27,Grace Road,1,7.5,England,Pakistan,TT Beaumont,HC Knight,Kainat Imtiaz,0,0,,,,,,,,,
1085949,2017,2017-06-27,Grace Road,1,7.6,England,Pakistan,TT Beaumont,HC Knight,Kainat Imtiaz,0,1,,,,1,,,,,
1085949,2017,2017-06-27,Grace Road,1,7.7,England,Pakistan,HC Knight,TT Beaumont,Kainat Imtiaz,1,0,,,,,,,,,
1085949,2017,2017-06-27,Grace Road,1,8.1,England,Pakistan,HC Knight,TT Beaumont,Asmavia Iqbal,2,0,,,,,,,,,
1085949,2017,2017-06-27,Grace Road,1,8.2,England,Pakistan,HC Knight,TT Beaumont,Asmavia Iqbal,1,0,,,,,,,,,
1085949,2017,2017-06-27,Grace Road,1,8.3,England,Pakistan,TT Beaumont,HC Knight,Asmavia Iqbal,4,0,,,,,,,,,
1085949,2017,2017-06-27,Grace Road,1,8.4,England,Pakistan,TT Beaumont,HC Knight,Asmavia Iqbal,1,0,,,,,,,,,
1085949,2017,2017-06-27,Grace Road,1,8.5,England,Pakistan,HC Knight,TT Beaumont,Asmavia Iqbal,0,0,,,,,,,,,
1085949,2017,2017-06-27,Grace Road,1,8.6,England,Pakistan,HC Knight,TT Beaumont,Asmavia Iqbal,0,0,,,,,,,,,
1085949,2017,2017-06-27,Grace Road,1,9.1,England,Pakistan,TT Beaumont,HC Knight,Kainat Imtiaz,0,0,,,,,,caught,TT Beaumont,,
1085949,2017,2017-06-27,Grace Road,1,9.2,England,Pakistan,NR Sciver,HC Knight,Kainat Imtiaz,0,0,,,,,,,,,
1085949,2017,2017-06-27,Grace Road,1,9.3,England,Pakistan,NR Sciver,HC Knight,Kainat Imtiaz,2,0,,,,,,,,,
1085949,2017,2017-06-27,Grace Road,1,9.4,England,Pakistan,NR Sciver,HC Knight,Kainat Imtiaz,4,0,,,,,,,,,
1085949,2017,2017-06-27,Grace Road,1,9.5,England,Pakistan,NR Sciver,HC Knight,Kainat Imtiaz,0,0,,,,,,,,,
1085949,2017,2017-06-27,Grace Road,1,9.6,England,Pakistan,NR Sciver,HC Knight,Kainat Imtiaz,0,0,,,,,,,,,
1085949,2017,2017-06-27,Grace Road,1,10.1,England,Pakistan,HC Knight,NR Sciver,Asmavia Iqbal,0,0,,,,,,,,,
1085949,2017,2017-06-27,Grace Road,1,10.2,England,Pakistan,HC Knight,NR Sciver,Asmavia Iqbal,0,0,,,,,,,,,
1085949,2017,2017-06-27,Grace Road,1,10.3,England,Pakistan,HC Knight,NR Sciver,Asmavia Iqbal,0,0,,,,,,,,,
1085949,2017,2017-06-27,Grace Road,1,10.4,England,Pakistan,HC Knight,NR Sciver,Asmavia Iqbal,0,0,,,,,,,,,
1085949,2017,2017-06-27,Grace Road,1,10.5,England,Pakistan,HC Knight,NR Sciver,Asmavia Iqbal,0,0,,,,,,,,,
1085949,2017,2017-06-27,Grace Road,1,10.6,England,Pakistan,HC Knight,NR Sciver,Asmavia Iqbal,0,0,,,,,,,,,
1085949,2017,2017-06-27,Grace Road,1,11.1,England,Pakistan,NR Sciver,HC Knight,Kainat Imtiaz,4,0,,,,,,,,,
1085949,2017,2017-06-27,Grace Road,1,11.2,England,Pakistan,NR Sciver,HC Knight,Kainat Imtiaz,1,0,,,,,,,,,
1085949,2017,2017-06-27,Grace Road,1,11.3,England,Pakistan,HC Knight,NR Sciver,Kainat Imtiaz,0,0,,,,,,,,,
1085949,2017,2017-06-27,Grace Road,1,11.4,England,Pakistan,HC Knight,NR Sciver,Kainat Imtiaz,0,0,,,,,,,,,
1085949,2017,2017-06-27,Grace Road,1,11.5,England,Pakistan,HC Knight,NR Sciver,Kainat Imtiaz,4,0,,,,,,,,,
1085949,2017,2017-06-27,Grace Road,1,11.6,England,Pakistan,HC Knight,NR Sciver,Kainat Imtiaz,0,0,,,,,,,,,
1085949,2017,2017-06-27,Grace Road,1,12.1,England,Pakistan,NR Sciver,HC Knight,Asmavia Iqbal,1,0,,,,,,,,,
1085949,2017,2017-06-27,Grace Road,1,12.2,England,Pakistan,HC Knight,NR Sciver,Asmavia Iqbal,0,0,,,,,,,,,
1085949,2017,2017-06-27,Grace Road,1,12.3,England,Pakistan,HC Knight,NR Sciver,Asmavia Iqbal,0,0,,,,,,,,,
1085949,2017,2017-06-27,Grace Road,1,12.4,England,Pakistan,HC Knight,NR Sciver,Asmavia Iqbal,0,0,,,,,,,,,
1085949,2017,2017-06-27,Grace Road,1,12.5,England,Pakistan,HC Knight,NR Sciver,Asmavia Iqbal,0,0,,,,,,,,,
1085949,2017,2017-06-27,Grace Road,1,12.6,England,Pakistan,HC Knight,NR Sciver,Asmavia Iqbal,1,0,,,,,,,,,
1085949,2017,2017-06-27,Grace Road,1,13.1,England,Pakistan,HC Knight,NR Sciver,Sana Mir,1,0,,,,,,,,,
1085949,2017,2017-06-27,Grace Road,1,13.2,England,Pakistan,NR Sciver,HC Knight,Sana Mir,1,0,,,,,,,,,
1085949,2017,2017-06-27,Grace Road,1,13.3,England,Pakistan,HC Knight,NR Sciver,Sana Mir,4,0,,,,,,,,,
1085949,2017,2017-06-27,Grace Road,1,13.4,England,Pakistan,HC Knight,NR Sciver,Sana Mir,0,0,,,,,,,,,
1085949,2017,2017-06-27,Grace Road,1,13.5,England,Pakistan,HC Knight,NR Sciver,Sana Mir,0,0,,,,,,,,,
1085949,2017,2017-06-27,Grace Road,1,13.6,England,Pakistan,HC Knight,NR Sciver,Sana Mir,1,0,,,,,,,,,
1085949,2017,2017-06-27,Grace Road,1,14.1,England,Pakistan,HC Knight,NR Sciver,Nashra Sandhu,0,0,,,,,,,,,
1085949,2017,2017-06-27,Grace Road,1,14.2,England,Pakistan,HC Knight,NR Sciver,Nashra Sandhu,0,0,,,,,,,,,
1085949,2017,2017-06-27,Grace Road,1,14.3,England,Pakistan,HC Knight,NR Sciver,Nashra Sandhu,4,0,,,,,,,,,
1085949,2017,2017-06-27,Grace Road,1,14.4,England,Pakistan,HC Knight,NR Sciver,Nashra Sandhu,0,0,,,,,,,,,
1085949,2017,2017-06-27,Grace Road,1,14.5,England,Pakistan,HC Knight,NR Sciver,Nashra Sandhu,0,0,,,,,,,,,
1085949,2017,2017-06-27,Grace Road,1,14.6,England,Pakistan,HC Knight,NR Sciver,Nashra Sandhu,1,0,,,,,,,,,
1085949,2017,2017-06-27,Grace Road,1,15.1,England,Pakistan,HC Knight,NR Sciver,Sana Mir,4,0,,,,,,,,,
1085949,2017,2017-06-27,Grace Road,1,15.2,England,Pakistan,HC Knight,NR Sciver,Sana Mir,4,0,,,,,,,,,
1085949,2017,2017-06-27,Grace Road,1,15.3,England,Pakistan,HC Knight,NR Sciver,Sana Mir,0,0,,,,,,,,,
1085949,2017,2017-06-27,Grace Road,1,15.4,England,Pakistan,HC Knight,NR Sciver,Sana Mir,1,0,,,,,,,,,
1085949,2017,2017-06-27,Grace Road,1,15.5,England,Pakistan,NR Sciver,HC Knight,Sana Mir,4,0,,,,,,,,,
1085949,2017,2017-06-27,Grace Road,1,15.6,England,Pakistan,NR Sciver,HC Knight,Sana Mir,1,0,,,,,,,,,
1085949,2017,2017-06-27,Grace Road,1,16.1,England,Pakistan,NR Sciver,HC Knight,Nashra Sandhu,0,0,,,,,,,,,
1085949,2017,2017-06-27,Grace Road,1,16.2,England,Pakistan,NR Sciver,HC Knight,Nashra Sandhu,1,0,,,,,,,,,
1085949,2017,2017-06-27,Grace Road,1,16.3,England,Pakistan,HC Knight,NR Sciver,Nashra Sandhu,0,0,,,,,,,,,
1085949,2017,2017-06-27,Grace Road,1,16.4,England,Pakistan,HC Knight,NR Sciver,Nashra Sandhu,1,0,,,,,,,,,
1085949,2017,2017-06-27,Grace Road,1,16.5,England,Pakistan,NR Sciver,HC Knight,Nashra Sandhu,0,0,,,,,,,,,
1085949,2017,2017-06-27,Grace Road,1,16.6,England,Pakistan,NR Sciver,HC Knight,Nashra Sandhu,1,0,,,,,,,,,
1085949,2017,2017-06-27,Grace Road,1,17.1,England,Pakistan,NR Sciver,HC Knight,Sadia Yousuf,1,0,,,,,,,,,
1085949,2017,2017-06-27,Grace Road,1,17.2,England,Pakistan,HC Knight,NR Sciver,Sadia Yousuf,0,0,,,,,,,,,
1085949,2017,2017-06-27,Grace Road,1,17.3,England,Pakistan,HC Knight,NR Sciver,Sadia Yousuf,1,0,,,,,,,,,
1085949,2017,2017-06-27,Grace Road,1,17.4,England,Pakistan,NR Sciver,HC Knight,Sadia Yousuf,2,0,,,,,,,,,
1085949,2017,2017-06-27,Grace Road,1,17.5,England,Pakistan,NR Sciver,HC Knight,Sadia Yousuf,0,0,,,,,,,,,
1085949,2017,2017-06-27,Grace Road,1,17.6,England,Pakistan,NR Sciver,HC Knight,Sadia Yousuf,0,0,,,,,,,,,
1085949,2017,2017-06-27,Grace Road,1,18.1,England,Pakistan,HC Knight,NR Sciver,Nashra Sandhu,0,0,,,,,,,,,
1085949,2017,2017-06-27,Grace Road,1,18.2,England,Pakistan,HC Knight,NR Sciver,Nashra Sandhu,1,0,,,,,,,,,
1085949,2017,2017-06-27,Grace Road,1,18.3,England,Pakistan,NR Sciver,HC Knight,Nashra Sandhu,1,0,,,,,,,,,
1085949,2017,2017-06-27,Grace Road,1,18.4,England,Pakistan,HC Knight,NR Sciver,Nashra Sandhu,1,0,,,,,,,,,
1085949,2017,2017-06-27,Grace Road,1,18.5,England,Pakistan,NR Sciver,HC Knight,Nashra Sandhu,0,0,,,,,,,,,
1085949,2017,2017-06-27,Grace Road,1,18.6,England,Pakistan,NR Sciver,HC Knight,Nashra Sandhu,1,0,,,,,,,,,
1085949,2017,2017-06-27,Grace Road,1,19.1,England,Pakistan,NR Sciver,HC Knight,Sadia Yousuf,1,0,,,,,,,,,
1085949,2017,2017-06-27,Grace Road,1,19.2,England,Pakistan,HC Knight,NR Sciver,Sadia Yousuf,0,0,,,,,,,,,
1085949,2017,2017-06-27,Grace Road,1,19.3,England,Pakistan,HC Knight,NR Sciver,Sadia Yousuf,1,0,,,,,,,,,
1085949,2017,2017-06-27,Grace Road,1,19.4,England,Pakistan,NR Sciver,HC Knight,Sadia Yousuf,4,0,,,,,,,,,
1085949,2017,2017-06-27,Grace Road,1,19.5,England,Pakistan,NR Sciver,HC Knight,Sadia Yousuf,1,0,,,,,,,,,
1085949,2017,2017-06-27,Grace Road,1,19.6,England,Pakistan,HC Knight,NR Sciver,Sadia Yousuf,0,0,,,,,,,,,
1085949,2017,2017-06-27,Grace Road,1,20.1,England,Pakistan,NR Sciver,HC Knight,Nashra Sandhu,1,0,,,,,,,,,
1085949,2017,2017-06-27,Grace Road,1,20.2,England,Pakistan,HC Knight,NR Sciver,Nashra Sandhu,0,0,,,,,,,,,
1085949,2017,2017-06-27,Grace Road,1,20.3,England,Pakistan,HC Knight,NR Sciver,Nashra Sandhu,1,0,,,,,,,,,
1085949,2017,2017-06-27,Grace Road,1,20.4,England,Pakistan,NR Sciver,HC Knight,Nashra Sandhu,4,0,,,,,,,,,
1085949,2017,2017-06-27,Grace Road,1,20.5,England,Pakistan,NR Sciver,HC Knight,Nashra Sandhu,1,0,,,,,,,,,
1085949,2017,2017-06-27,Grace Road,1,20.6,England,Pakistan,HC Knight,NR Sciver,Nashra Sandhu,4,0,,,,,,,,,
1085949,2017,2017-06-27,Grace Road,1,21.1,England,Pakistan,NR Sciver,HC Knight,Sana Mir,0,0,,,,,,,,,
1085949,2017,2017-06-27,Grace Road,1,21.2,England,Pakistan,NR Sciver,HC Knight,Sana Mir,0,0,,,,,,,,,
1085949,2017,2017-06-27,Grace Road,1,21.3,England,Pakistan,NR Sciver,HC Knight,Sana Mir,1,0,,,,,,,,,
1085949,2017,2017-06-27,Grace Road,1,21.4,England,Pakistan,HC Knight,NR Sciver,Sana Mir,1,0,,,,,,,,,
1085949,2017,2017-06-27,Grace Road,1,21.5,England,Pakistan,NR Sciver,HC Knight,Sana Mir,1,0,,,,,,,,,
1085949,2017,2017-06-27,Grace Road,1,21.6,England,Pakistan,HC Knight,NR Sciver,Sana Mir,0,0,,,,,,,,,
1085949,2017,2017-06-27,Grace Road,1,22.1,England,Pakistan,NR Sciver,HC Knight,Nashra Sandhu,4,0,,,,,,,,,
1085949,2017,2017-06-27,Grace Road,1,22.2,England,Pakistan,NR Sciver,HC Knight,Nashra Sandhu,4,0,,,,,,,,,
1085949,2017,2017-06-27,Grace Road,1,22.3,England,Pakistan,NR Sciver,HC Knight,Nashra Sandhu,4,0,,,,,,,,,
1085949,2017,2017-06-27,Grace Road,1,22.4,England,Pakistan,NR Sciver,HC Knight,Nashra Sandhu,4,0,,,,,,,,,
1085949,2017,2017-06-27,Grace Road,1,22.5,England,Pakistan,NR Sciver,HC Knight,Nashra Sandhu,0,0,,,,,,,,,
1085949,2017,2017-06-27,Grace Road,1,22.6,England,Pakistan,NR Sciver,HC Knight,Nashra Sandhu,1,0,,,,,,,,,
1085949,2017,2017-06-27,Grace Road,1,23.1,England,Pakistan,NR Sciver,HC Knight,Nahida Khan,0,0,,,,,,,,,
1085949,2017,2017-06-27,Grace Road,1,23.2,England,Pakistan,NR Sciver,HC Knight,Nahida Khan,2,0,,,,,,,,,
1085949,2017,2017-06-27,Grace Road,1,23.3,England,Pakistan,NR Sciver,HC Knight,Nahida Khan,1,0,,,,,,,,,
1085949,2017,2017-06-27,Grace Road,1,23.4,England,Pakistan,HC Knight,NR Sciver,Nahida Khan,1,0,,,,,,,,,
1085949,2017,2017-06-27,Grace Road,1,23.5,England,Pakistan,NR Sciver,HC Knight,Nahida Khan,1,0,,,,,,,,,
1085949,2017,2017-06-27,Grace Road,1,23.6,England,Pakistan,HC Knight,NR Sciver,Nahida Khan,0,0,,,,,,,,,
1085949,2017,2017-06-27,Grace Road,1,24.1,England,Pakistan,NR Sciver,HC Knight,Sana Mir,0,0,,,,,,,,,
1085949,2017,2017-06-27,Grace Road,1,24.2,England,Pakistan,NR Sciver,HC Knight,Sana Mir,1,0,,,,,,,,,
1085949,2017,2017-06-27,Grace Road,1,24.3,England,Pakistan,HC Knight,NR Sciver,Sana Mir,1,0,,,,,,,,,
1085949,2017,2017-06-27,Grace Road,1,24.4,England,Pakistan,NR Sciver,HC Knight,Sana Mir,1,0,,,,,,,,,
1085949,2017,2017-06-27,Grace Road,1,24.5,England,Pakistan,HC Knight,NR Sciver,Sana Mir,2,0,,,,,,,,,
1085949,2017,2017-06-27,Grace Road,1,24.6,England,Pakistan,HC Knight,NR Sciver,Sana Mir,0,0,,,,,,,,,
1085949,2017,2017-06-27,Grace Road,1,25.1,England,Pakistan,NR Sciver,HC Knight,Nahida Khan,2,0,,,,,,,,,
1085949,2017,2017-06-27,Grace Road,1,25.2,England,Pakistan,NR Sciver,HC Knight,Nahida Khan,1,0,,,,,,,,,
1085949,2017,2017-06-27,Grace Road,1,25.3,England,Pakistan,HC Knight,NR Sciver,Nahida Khan,1,0,,,,,,,,,
1085949,2017,2017-06-27,Grace Road,1,25.4,England,Pakistan,NR Sciver,HC Knight,Nahida Khan,1,0,,,,,,,,,
1085949,2017,2017-06-27,Grace Road,1,25.5,England,Pakistan,HC Knight,NR Sciver,Nahida Khan,1,0,,,,,,,,,
1085949,2017,2017-06-27,Grace Road,1,25.6,England,Pakistan,NR Sciver,HC Knight,Nahida Khan,1,0,,,,,,,,,
1085949,2017,2017-06-27,Grace Road,1,26.1,England,Pakistan,NR Sciver,HC Knight,Sana Mir,1,0,,,,,,,,,
1085949,2017,2017-06-27,Grace Road,1,26.2,England,Pakistan,HC Knight,NR Sciver,Sana Mir,0,0,,,,,,,,,
1085949,2017,2017-06-27,Grace Road,1,26.3,England,Pakistan,HC Knight,NR Sciver,Sana Mir,0,1,1,,,,,,,,
1085949,2017,2017-06-27,Grace Road,1,26.4,England,Pakistan,HC Knight,NR Sciver,Sana Mir,3,0,,,,,,,,,
1085949,2017,2017-06-27,Grace Road,1,26.5,England,Pakistan,NR Sciver,HC Knight,Sana Mir,1,0,,,,,,,,,
1085949,2017,2017-06-27,Grace Road,1,26.6,England,Pakistan,HC Knight,NR Sciver,Sana Mir,1,0,,,,,,,,,
1085949,2017,2017-06-27,Grace Road,1,26.7,England,Pakistan,NR Sciver,HC Knight,Sana Mir,4,0,,,,,,,,,
1085949,2017,2017-06-27,Grace Road,1,27.1,England,Pakistan,HC Knight,NR Sciver,Kainat Imtiaz,0,0,,,,,,,,,
1085949,2017,2017-06-27,Grace Road,1,27.2,England,Pakistan,HC Knight,NR Sciver,Kainat Imtiaz,1,0,,,,,,,,,
1085949,2017,2017-06-27,Grace Road,1,27.3,England,Pakistan,NR Sciver,HC Knight,Kainat Imtiaz,4,0,,,,,,,,,
1085949,2017,2017-06-27,Grace Road,1,27.4,England,Pakistan,NR Sciver,HC Knight,Kainat Imtiaz,4,0,,,,,,,,,
1085949,2017,2017-06-27,Grace Road,1,27.5,England,Pakistan,NR Sciver,HC Knight,Kainat Imtiaz,1,0,,,,,,,,,
1085949,2017,2017-06-27,Grace Road,1,27.6,England,Pakistan,HC Knight,NR Sciver,Kainat Imtiaz,1,0,,,,,,,,,
1085949,2017,2017-06-27,Grace Road,1,28.1,England,Pakistan,HC Knight,NR Sciver,Sadia Yousuf,0,0,,,,,,,,,
1085949,2017,2017-06-27,Grace Road,1,28.2,England,Pakistan,HC Knight,NR Sciver,Sadia Yousuf,1,0,,,,,,,,,
1085949,2017,2017-06-27,Grace Road,1,28.3,England,Pakistan,NR Sciver,HC Knight,Sadia Yousuf,1,0,,,,,,,,,
1085949,2017,2017-06-27,Grace Road,1,28.4,England,Pakistan,HC Knight,NR Sciver,Sadia Yousuf,4,0,,,,,,,,,
1085949,2017,2017-06-27,Grace Road,1,28.5,England,Pakistan,HC Knight,NR Sciver,Sadia Yousuf,0,0,,,,,,,,,
1085949,2017,2017-06-27,Grace Road,1,28.6,England,Pakistan,HC Knight,NR Sciver,Sadia Yousuf,0,0,,,,,,,,,
1085949,2017,2017-06-27,Grace Road,1,29.1,England,Pakistan,NR Sciver,HC Knight,Kainat Imtiaz,1,0,,,,,,,,,
1085949,2017,2017-06-27,Grace Road,1,29.2,England,Pakistan,HC Knight,NR Sciver,Kainat Imtiaz,4,0,,,,,,,,,
1085949,2017,2017-06-27,Grace Road,1,29.3,England,Pakistan,HC Knight,NR Sciver,Kainat Imtiaz,1,0,,,,,,,,,
1085949,2017,2017-06-27,Grace Road,1,29.4,England,Pakistan,NR Sciver,HC Knight,Kainat Imtiaz,0,0,,,,,,,,,
1085949,2017,2017-06-27,Grace Road,1,29.5,England,Pakistan,NR Sciver,HC Knight,Kainat Imtiaz,1,0,,,,,,,,,
1085949,2017,2017-06-27,Grace Road,1,29.6,England,Pakistan,HC Knight,NR Sciver,Kainat Imtiaz,1,0,,,,,,,,,
1085949,2017,2017-06-27,Grace Road,1,30.1,England,Pakistan,HC Knight,NR Sciver,Sadia Yousuf,0,0,,,,,,,,,
1085949,2017,2017-06-27,Grace Road,1,30.2,England,Pakistan,HC Knight,NR Sciver,Sadia Yousuf,1,0,,,,,,,,,
1085949,2017,2017-06-27,Grace Road,1,30.3,England,Pakistan,NR Sciver,HC Knight,Sadia Yousuf,0,1,1,,,,,,,,
1085949,2017,2017-06-27,Grace Road,1,30.4,England,Pakistan,NR Sciver,HC Knight,Sadia Yousuf,0,0,,,,,,,,,
1085949,2017,2017-06-27,Grace Road,1,30.5,England,Pakistan,NR Sciver,HC Knight,Sadia Yousuf,4,0,,,,,,,,,
1085949,2017,2017-06-27,Grace Road,1,30.6,England,Pakistan,NR Sciver,HC Knight,Sadia Yousuf,0,0,,,,,,,,,
1085949,2017,2017-06-27,Grace Road,1,30.7,England,Pakistan,NR Sciver,HC Knight,Sadia Yousuf,1,0,,,,,,,,,
1085949,2017,2017-06-27,Grace Road,1,31.1,England,Pakistan,NR Sciver,HC Knight,Nashra Sandhu,0,0,,,,,,,,,
1085949,2017,2017-06-27,Grace Road,1,31.2,England,Pakistan,NR Sciver,HC Knight,Nashra Sandhu,1,0,,,,,,,,,
1085949,2017,2017-06-27,Grace Road,1,31.3,England,Pakistan,HC Knight,NR Sciver,Nashra Sandhu,1,0,,,,,,,,,
1085949,2017,2017-06-27,Grace Road,1,31.4,England,Pakistan,NR Sciver,HC Knight,Nashra Sandhu,1,0,,,,,,,,,
1085949,2017,2017-06-27,Grace Road,1,31.5,England,Pakistan,HC Knight,NR Sciver,Nashra Sandhu,1,0,,,,,,,,,
1085949,2017,2017-06-27,Grace Road,1,31.6,England,Pakistan,NR Sciver,HC Knight,Nashra Sandhu,0,0,,,,,,,,,
1085949,2017,2017-06-27,Grace Road,1,32.1,England,Pakistan,HC Knight,NR Sciver,Sadia Yousuf,4,0,,,,,,,,,
1085949,2017,2017-06-27,Grace Road,1,32.2,England,Pakistan,HC Knight,NR Sciver,Sadia Yousuf,1,0,,,,,,,,,
1085949,2017,2017-06-27,Grace Road,1,32.3,England,Pakistan,NR Sciver,HC Knight,Sadia Yousuf,1,0,,,,,,,,,
1085949,2017,2017-06-27,Grace Road,1,32.4,England,Pakistan,HC Knight,NR Sciver,Sadia Yousuf,6,0,,,,,,,,,
1085949,2017,2017-06-27,Grace Road,1,32.5,England,Pakistan,HC Knight,NR Sciver,Sadia Yousuf,1,0,,,,,,,,,
1085949,2017,2017-06-27,Grace Road,1,32.6,England,Pakistan,NR Sciver,HC Knight,Sadia Yousuf,1,0,,,,,,,,,
1085949,2017,2017-06-27,Grace Road,1,33.1,England,Pakistan,NR Sciver,HC Knight,Nashra Sandhu,0,0,,,,,,,,,
1085949,2017,2017-06-27,Grace Road,1,33.2,England,Pakistan,NR Sciver,HC Knight,Nashra Sandhu,1,0,,,,,,,,,
1085949,2017,2017-06-27,Grace Road,1,33.3,England,Pakistan,HC Knight,NR Sciver,Nashra Sandhu,1,0,,,,,,,,,
1085949,2017,2017-06-27,Grace Road,1,33.4,England,Pakistan,NR Sciver,HC Knight,Nashra Sandhu,1,0,,,,,,,,,
1085949,2017,2017-06-27,Grace Road,1,33.5,England,Pakistan,HC Knight,NR Sciver,Nashra Sandhu,0,0,,,,,,,,,
1085949,2017,2017-06-27,Grace Road,1,33.6,England,Pakistan,HC Knight,NR Sciver,Nashra Sandhu,0,0,,,,,,,,,
1085949,2017,2017-06-27,Grace Road,1,34.1,England,Pakistan,NR Sciver,HC Knight,Sadia Yousuf,1,0,,,,,,,,,
1085949,2017,2017-06-27,Grace Road,1,34.2,England,Pakistan,HC Knight,NR Sciver,Sadia Yousuf,0,0,,,,,,,,,
1085949,2017,2017-06-27,Grace Road,1,34.3,England,Pakistan,HC Knight,NR Sciver,Sadia Yousuf,1,0,,,,,,,,,
1085949,2017,2017-06-27,Grace Road,1,34.4,England,Pakistan,NR Sciver,HC Knight,Sadia Yousuf,1,0,,,,,,,,,
1085949,2017,2017-06-27,Grace Road,1,34.5,England,Pakistan,HC Knight,NR Sciver,Sadia Yousuf,0,0,,,,,,,,,
1085949,2017,2017-06-27,Grace Road,1,34.6,England,Pakistan,HC Knight,NR Sciver,Sadia Yousuf,1,0,,,,,,,,,
1085949,2017,2017-06-27,Grace Road,1,35.1,England,Pakistan,HC Knight,NR Sciver,Sana Mir,0,0,,,,,,,,,
1085949,2017,2017-06-27,Grace Road,1,35.2,England,Pakistan,HC Knight,NR Sciver,Sana Mir,6,0,,,,,,,,,
1085949,2017,2017-06-27,Grace Road,1,35.3,England,Pakistan,HC Knight,NR Sciver,Sana Mir,0,0,,,,,,,,,
1085949,2017,2017-06-27,Grace Road,1,35.4,England,Pakistan,HC Knight,NR Sciver,Sana Mir,0,0,,,,,,,,,
1085949,2017,2017-06-27,Grace Road,1,35.5,England,Pakistan,HC Knight,NR Sciver,Sana Mir,1,0,,,,,,,,,
1085949,2017,2017-06-27,Grace Road,1,35.6,England,Pakistan,NR Sciver,HC Knight,Sana Mir,1,0,,,,,,,,,
1085949,2017,2017-06-27,Grace Road,1,36.1,England,Pakistan,NR Sciver,HC Knight,Sadia Yousuf,1,0,,,,,,,,,
1085949,2017,2017-06-27,Grace Road,1,36.2,England,Pakistan,HC Knight,NR Sciver,Sadia Yousuf,1,0,,,,,,,,,
1085949,2017,2017-06-27,Grace Road,1,36.3,England,Pakistan,NR Sciver,HC Knight,Sadia Yousuf,0,0,,,,,,,,,
1085949,2017,2017-06-27,Grace Road,1,36.4,England,Pakistan,NR Sciver,HC Knight,Sadia Yousuf,0,0,,,,,,,,,
1085949,2017,2017-06-27,Grace Road,1,36.5,England,Pakistan,NR Sciver,HC Knight,Sadia Yousuf,1,0,,,,,,,,,
1085949,2017,2017-06-27,Grace Road,1,36.6,England,Pakistan,HC Knight,NR Sciver,Sadia Yousuf,1,0,,,,,,,,,
1085949,2017,2017-06-27,Grace Road,1,37.1,England,Pakistan,HC Knight,NR Sciver,Sana Mir,1,0,,,,,,,,,
1085949,2017,2017-06-27,Grace Road,1,37.2,England,Pakistan,NR Sciver,HC Knight,Sana Mir,0,0,,,,,,,,,
1085949,2017,2017-06-27,Grace Road,1,37.3,England,Pakistan,NR Sciver,HC Knight,Sana Mir,6,0,,,,,,,,,
1085949,2017,2017-06-27,Grace Road,1,37.4,England,Pakistan,NR Sciver,HC Knight,Sana Mir,1,0,,,,,,,,,
1085949,2017,2017-06-27,Grace Road,1,37.5,England,Pakistan,HC Knight,NR Sciver,Sana Mir,1,0,,,,,,,,,
1085949,2017,2017-06-27,Grace Road,1,37.6,England,Pakistan,NR Sciver,HC Knight,Sana Mir,4,0,,,,,,,,,
1085949,2017,2017-06-27,Grace Road,1,38.1,England,Pakistan,HC Knight,NR Sciver,Sadia Yousuf,4,0,,,,,,,,,
1085949,2017,2017-06-27,Grace Road,1,38.2,England,Pakistan,HC Knight,NR Sciver,Sadia Yousuf,4,0,,,,,,,,,
1085949,2017,2017-06-27,Grace Road,1,38.3,England,Pakistan,HC Knight,NR Sciver,Sadia Yousuf,0,0,,,,,,,,,
1085949,2017,2017-06-27,Grace Road,1,38.4,England,Pakistan,HC Knight,NR Sciver,Sadia Yousuf,1,0,,,,,,,,,
1085949,2017,2017-06-27,Grace Road,1,38.5,England,Pakistan,NR Sciver,HC Knight,Sadia Yousuf,0,0,,,,,,,,,
1085949,2017,2017-06-27,Grace Road,1,38.6,England,Pakistan,NR Sciver,HC Knight,Sadia Yousuf,2,0,,,,,,,,,
1085949,2017,2017-06-27,Grace Road,1,39.1,England,Pakistan,HC Knight,NR Sciver,Asmavia Iqbal,0,0,,,,,,caught,HC Knight,,
1085949,2017,2017-06-27,Grace Road,1,39.2,England,Pakistan,NR Sciver,DN Wyatt,Asmavia Iqbal,2,0,,,,,,,,,
1085949,2017,2017-06-27,Grace Road,1,39.3,England,Pakistan,NR Sciver,DN Wyatt,Asmavia Iqbal,0,1,1,,,,,,,,
1085949,2017,2017-06-27,Grace Road,1,39.4,England,Pakistan,NR Sciver,DN Wyatt,Asmavia Iqbal,6,0,,,,,,,,,
1085949,2017,2017-06-27,Grace Road,1,39.5,England,Pakistan,NR Sciver,DN Wyatt,Asmavia Iqbal,6,0,,,,,,,,,
1085949,2017,2017-06-27,Grace Road,1,39.6,England,Pakistan,NR Sciver,DN Wyatt,Asmavia Iqbal,6,0,,,,,,,,,
1085949,2017,2017-06-27,Grace Road,1,39.7,England,Pakistan,NR Sciver,DN Wyatt,Asmavia Iqbal,1,0,,,,,,,,,
1085949,2017,2017-06-27,Grace Road,1,40.1,England,Pakistan,NR Sciver,DN Wyatt,Sana Mir,2,0,,,,,,,,,
1085949,2017,2017-06-27,Grace Road,1,40.2,England,Pakistan,NR Sciver,DN Wyatt,Sana Mir,0,0,,,,,,caught,NR Sciver,,
1085949,2017,2017-06-27,Grace Road,1,40.3,England,Pakistan,DN Wyatt,KH Brunt,Sana Mir,0,0,,,,,,,,,
1085949,2017,2017-06-27,Grace Road,1,40.4,England,Pakistan,DN Wyatt,KH Brunt,Sana Mir,0,0,,,,,,,,,
1085949,2017,2017-06-27,Grace Road,1,40.5,England,Pakistan,DN Wyatt,KH Brunt,Sana Mir,1,0,,,,,,,,,
1085949,2017,2017-06-27,Grace Road,1,40.6,England,Pakistan,KH Brunt,DN Wyatt,Sana Mir,0,0,,,,,,,,,
1085949,2017,2017-06-27,Grace Road,1,41.1,England,Pakistan,DN Wyatt,KH Brunt,Asmavia Iqbal,1,0,,,,,,,,,
1085949,2017,2017-06-27,Grace Road,1,41.2,England,Pakistan,KH Brunt,DN Wyatt,Asmavia Iqbal,1,0,,,,,,,,,
1085949,2017,2017-06-27,Grace Road,1,41.3,England,Pakistan,DN Wyatt,KH Brunt,Asmavia Iqbal,0,0,,,,,,,,,
1085949,2017,2017-06-27,Grace Road,1,41.4,England,Pakistan,DN Wyatt,KH Brunt,Asmavia Iqbal,4,0,,,,,,,,,
1085949,2017,2017-06-27,Grace Road,1,41.5,England,Pakistan,DN Wyatt,KH Brunt,Asmavia Iqbal,4,0,,,,,,,,,
1085949,2017,2017-06-27,Grace Road,1,41.6,England,Pakistan,DN Wyatt,KH Brunt,Asmavia Iqbal,0,0,,,,,,,,,
1085949,2017,2017-06-27,Grace Road,1,42.1,England,Pakistan,KH Brunt,DN Wyatt,Nashra Sandhu,4,0,,,,,,,,,
1085949,2017,2017-06-27,Grace Road,1,42.2,England,Pakistan,KH Brunt,DN Wyatt,Nashra Sandhu,4,0,,,,,,,,,
1085949,2017,2017-06-27,Grace Road,1,42.3,England,Pakistan,KH Brunt,DN Wyatt,Nashra Sandhu,0,0,,,,,,bowled,KH Brunt,,
1085949,2017,2017-06-27,Grace Road,1,42.4,England,Pakistan,FC Wilson,DN Wyatt,Nashra Sandhu,0,0,,,,,,,,,
1085949,2017,2017-06-27,Grace Road,1,42.5,England,Pakistan,FC Wilson,DN Wyatt,Nashra Sandhu,1,0,,,,,,,,,
1085949,2017,2017-06-27,Grace Road,1,42.6,England,Pakistan,DN Wyatt,FC Wilson,Nashra Sandhu,1,0,,,,,,,,,
1085949,2017,2017-06-27,Grace Road,1,43.1,England,Pakistan,DN Wyatt,FC Wilson,Sadia Yousuf,0,1,1,,,,,,,,
1085949,2017,2017-06-27,Grace Road,1,43.2,England,Pakistan,DN Wyatt,FC Wilson,Sadia Yousuf,4,0,,,,,,,,,
1085949,2017,2017-06-27,Grace Road,1,43.3,England,Pakistan,DN Wyatt,FC Wilson,Sadia Yousuf,1,0,,,,,,,,,
1085949,2017,2017-06-27,Grace Road,1,43.4,England,Pakistan,FC Wilson,DN Wyatt,Sadia Yousuf,1,0,,,,,,,,,
1085949,2017,2017-06-27,Grace Road,1,43.5,England,Pakistan,DN Wyatt,FC Wilson,Sadia Yousuf,1,0,,,,,,,,,
1085949,2017,2017-06-27,Grace Road,1,43.6,England,Pakistan,FC Wilson,DN Wyatt,Sadia Yousuf,1,0,,,,,,,,,
1085949,2017,2017-06-27,Grace Road,1,43.7,England,Pakistan,DN Wyatt,FC Wilson,Sadia Yousuf,0,0,,,,,,,,,
1085949,2017,2017-06-27,Grace Road,1,44.1,England,Pakistan,FC Wilson,DN Wyatt,Nashra Sandhu,1,0,,,,,,,,,
1085949,2017,2017-06-27,Grace Road,1,44.2,England,Pakistan,DN Wyatt,FC Wilson,Nashra Sandhu,1,0,,,,,,,,,
1085949,2017,2017-06-27,Grace Road,1,44.3,England,Pakistan,FC Wilson,DN Wyatt,Nashra Sandhu,4,0,,,,,,,,,
1085949,2017,2017-06-27,Grace Road,1,44.4,England,Pakistan,FC Wilson,DN Wyatt,Nashra Sandhu,1,0,,,,,,,,,
1085949,2017,2017-06-27,Grace Road,1,44.5,England,Pakistan,DN Wyatt,FC Wilson,Nashra Sandhu,4,0,,,,,,,,,
1085949,2017,2017-06-27,Grace Road,1,44.6,England,Pakistan,DN Wyatt,FC Wilson,Nashra Sandhu,2,0,,,,,,,,,
1085949,2017,2017-06-27,Grace Road,1,45.1,England,Pakistan,FC Wilson,DN Wyatt,Sadia Yousuf,1,0,,,,,,,,,
1085949,2017,2017-06-27,Grace Road,1,45.2,England,Pakistan,DN Wyatt,FC Wilson,Sadia Yousuf,1,0,,,,,,,,,
1085949,2017,2017-06-27,Grace Road,1,45.3,England,Pakistan,FC Wilson,DN Wyatt,Sadia Yousuf,1,0,,,,,,,,,
1085949,2017,2017-06-27,Grace Road,1,45.4,England,Pakistan,DN Wyatt,FC Wilson,Sadia Yousuf,1,0,,,,,,,,,
1085949,2017,2017-06-27,Grace Road,1,45.5,England,Pakistan,FC Wilson,DN Wyatt,Sadia Yousuf,0,0,,,,,,,,,
1085949,2017,2017-06-27,Grace Road,1,45.6,England,Pakistan,FC Wilson,DN Wyatt,Sadia Yousuf,4,0,,,,,,,,,
1085949,2017,2017-06-27,Grace Road,1,46.1,England,Pakistan,DN Wyatt,FC Wilson,Nashra Sandhu,0,0,,,,,,,,,
1085949,2017,2017-06-27,Grace Road,1,46.2,England,Pakistan,DN Wyatt,FC Wilson,Nashra Sandhu,6,0,,,,,,,,,
1085949,2017,2017-06-27,Grace Road,1,46.3,England,Pakistan,DN Wyatt,FC Wilson,Nashra Sandhu,0,0,,,,,,,,,
1085949,2017,2017-06-27,Grace Road,1,46.4,England,Pakistan,DN Wyatt,FC Wilson,Nashra Sandhu,1,0,,,,,,,,,
1085949,2017,2017-06-27,Grace Road,1,46.5,England,Pakistan,FC Wilson,DN Wyatt,Nashra Sandhu,4,0,,,,,,,,,
1085949,2017,2017-06-27,Grace Road,1,46.6,England,Pakistan,FC Wilson,DN Wyatt,Nashra Sandhu,1,0,,,,,,,,,
1085949,2017,2017-06-27,Grace Road,1,47.1,England,Pakistan,FC Wilson,DN Wyatt,Sana Mir,1,0,,,,,,,,,
1085949,2017,2017-06-27,Grace Road,1,47.2,England,Pakistan,DN Wyatt,FC Wilson,Sana Mir,1,0,,,,,,,,,
1085949,2017,2017-06-27,Grace Road,1,47.3,England,Pakistan,FC Wilson,DN Wyatt,Sana Mir,4,0,,,,,,,,,
1085949,2017,2017-06-27,Grace Road,1,47.4,England,Pakistan,FC Wilson,DN Wyatt,Sana Mir,4,0,,,,,,,,,
1085949,2017,2017-06-27,Grace Road,1,47.5,England,Pakistan,FC Wilson,DN Wyatt,Sana Mir,4,0,,,,,,,,,
1085949,2017,2017-06-27,Grace Road,1,47.6,England,Pakistan,FC Wilson,DN Wyatt,Sana Mir,0,0,,,,,,,,,
1085949,2017,2017-06-27,Grace Road,1,48.1,England,Pakistan,DN Wyatt,FC Wilson,Asmavia Iqbal,1,0,,,,,,,,,
1085949,2017,2017-06-27,Grace Road,1,48.2,England,Pakistan,FC Wilson,DN Wyatt,Asmavia Iqbal,0,0,,,,,,bowled,FC Wilson,,
1085949,2017,2017-06-27,Grace Road,1,48.3,England,Pakistan,JL Gunn,DN Wyatt,Asmavia Iqbal,0,0,,,,,,caught,JL Gunn,,
1085949,2017,2017-06-27,Grace Road,1,48.4,England,Pakistan,A Shrubsole,DN Wyatt,Asmavia Iqbal,4,0,,,,,,,,,
1085949,2017,2017-06-27,Grace Road,1,48.5,England,Pakistan,A Shrubsole,DN Wyatt,Asmavia Iqbal,0,0,,,,,,,,,
1085949,2017,2017-06-27,Grace Road,1,48.6,England,Pakistan,A Shrubsole,DN Wyatt,Asmavia Iqbal,3,0,,,,,,,,,
1085949,2017,2017-06-27,Grace Road,1,49.1,England,Pakistan,A Shrubsole,DN Wyatt,Kainat Imtiaz,2,0,,,,,,,,,
1085949,2017,2017-06-27,Grace Road,1,49.2,England,Pakistan,A Shrubsole,DN Wyatt,Kainat Imtiaz,1,0,,,,,,,,,
1085949,2017,2017-06-27,Grace Road,1,49.3,England,Pakistan,DN Wyatt,A Shrubsole,Kainat Imtiaz,4,0,,,,,,,,,
1085949,2017,2017-06-27,Grace Road,1,49.4,England,Pakistan,DN Wyatt,A Shrubsole,Kainat Imtiaz,2,0,,,,,,,,,
1085949,2017,2017-06-27,Grace Road,1,49.5,England,Pakistan,DN Wyatt,A Shrubsole,Kainat Imtiaz,1,0,,,,,,,,,
1085949,2017,2017-06-27,Grace Road,1,49.6,England,Pakistan,A Shrubsole,DN Wyatt,Kainat Imtiaz,0,1,1,,,,,,,,
1085949,2017,2017-06-27,Grace Road,1,49.7,England,Pakistan,A Shrubsole,DN Wyatt,Kainat Imtiaz,2,0,,,,,,,,,
1085949,2017,2017-06-27,Grace Road,2,0.1,Pakistan,England,Ayesha Zafar,Nahida Khan,KH Brunt,0,0,,,,,,,,,
1085949,2017,2017-06-27,Grace Road,2,0.2,Pakistan,England,Ayesha Zafar,Nahida Khan,KH Brunt,0,0,,,,,,,,,
1085949,2017,2017-06-27,Grace Road,2,0.3,Pakistan,England,Ayesha Zafar,Nahida Khan,KH Brunt,2,0,,,,,,,,,
1085949,2017,2017-06-27,Grace Road,2,0.4,Pakistan,England,Ayesha Zafar,Nahida Khan,KH Brunt,0,0,,,,,,,,,
1085949,2017,2017-06-27,Grace Road,2,0.5,Pakistan,England,Ayesha Zafar,Nahida Khan,KH Brunt,1,0,,,,,,,,,
1085949,2017,2017-06-27,Grace Road,2,0.6,Pakistan,England,Nahida Khan,Ayesha Zafar,KH Brunt,0,0,,,,,,,,,
1085949,2017,2017-06-27,Grace Road,2,1.1,Pakistan,England,Ayesha Zafar,Nahida Khan,A Shrubsole,0,0,,,,,,,,,
1085949,2017,2017-06-27,Grace Road,2,1.2,Pakistan,England,Ayesha Zafar,Nahida Khan,A Shrubsole,0,1,,,,1,,,,,
1085949,2017,2017-06-27,Grace Road,2,1.3,Pakistan,England,Nahida Khan,Ayesha Zafar,A Shrubsole,0,0,,,,,,,,,
1085949,2017,2017-06-27,Grace Road,2,1.4,Pakistan,England,Nahida Khan,Ayesha Zafar,A Shrubsole,0,0,,,,,,,,,
1085949,2017,2017-06-27,Grace Road,2,1.5,Pakistan,England,Nahida Khan,Ayesha Zafar,A Shrubsole,2,0,,,,,,,,,
1085949,2017,2017-06-27,Grace Road,2,1.6,Pakistan,England,Nahida Khan,Ayesha Zafar,A Shrubsole,1,0,,,,,,,,,
1085949,2017,2017-06-27,Grace Road,2,2.1,Pakistan,England,Nahida Khan,Ayesha Zafar,KH Brunt,0,0,,,,,,caught,Nahida Khan,,
1085949,2017,2017-06-27,Grace Road,2,2.2,Pakistan,England,Javeria Khan,Ayesha Zafar,KH Brunt,0,0,,,,,,,,,
1085949,2017,2017-06-27,Grace Road,2,2.3,Pakistan,England,Javeria Khan,Ayesha Zafar,KH Brunt,0,0,,,,,,,,,
1085949,2017,2017-06-27,Grace Road,2,2.4,Pakistan,England,Javeria Khan,Ayesha Zafar,KH Brunt,0,0,,,,,,,,,
1085949,2017,2017-06-27,Grace Road,2,2.5,Pakistan,England,Javeria Khan,Ayesha Zafar,KH Brunt,0,0,,,,,,,,,
1085949,2017,2017-06-27,Grace Road,2,2.6,Pakistan,England,Javeria Khan,Ayesha Zafar,KH Brunt,0,0,,,,,,,,,
1085949,2017,2017-06-27,Grace Road,2,3.1,Pakistan,England,Ayesha Zafar,Javeria Khan,A Shrubsole,0,0,,,,,,,,,
1085949,2017,2017-06-27,Grace Road,2,3.2,Pakistan,England,Ayesha Zafar,Javeria Khan,A Shrubsole,1,0,,,,,,,,,
1085949,2017,2017-06-27,Grace Road,2,3.3,Pakistan,England,Javeria Khan,Ayesha Zafar,A Shrubsole,0,0,,,,,,,,,
1085949,2017,2017-06-27,Grace Road,2,3.4,Pakistan,England,Javeria Khan,Ayesha Zafar,A Shrubsole,0,0,,,,,,,,,
1085949,2017,2017-06-27,Grace Road,2,3.5,Pakistan,England,Javeria Khan,Ayesha Zafar,A Shrubsole,1,0,,,,,,,,,
1085949,2017,2017-06-27,Grace Road,2,3.6,Pakistan,England,Ayesha Zafar,Javeria Khan,A Shrubsole,0,0,,,,,,,,,
1085949,2017,2017-06-27,Grace Road,2,4.1,Pakistan,England,Javeria Khan,Ayesha Zafar,KH Brunt,0,0,,,,,,,,,
1085949,2017,2017-06-27,Grace Road,2,4.2,Pakistan,England,Javeria Khan,Ayesha Zafar,KH Brunt,0,0,,,,,,,,,
1085949,2017,2017-06-27,Grace Road,2,4.3,Pakistan,England,Javeria Khan,Ayesha Zafar,KH Brunt,1,0,,,,,,,,,
1085949,2017,2017-06-27,Grace Road,2,4.4,Pakistan,England,Ayesha Zafar,Javeria Khan,KH Brunt,0,0,,,,,,,,,
1085949,2017,2017-06-27,Grace Road,2,4.5,Pakistan,England,Ayesha Zafar,Javeria Khan,KH Brunt,2,0,,,,,,,,,
1085949,2017,2017-06-27,Grace Road,2,4.6,Pakistan,England,Ayesha Zafar,Javeria Khan,KH Brunt,0,0,,,,,,,,,
1085949,2017,2017-06-27,Grace Road,2,5.1,Pakistan,England,Javeria Khan,Ayesha Zafar,A Shrubsole,0,0,,,,,,,,,
1085949,2017,2017-06-27,Grace Road,2,5.2,Pakistan,England,Javeria Khan,Ayesha Zafar,A Shrubsole,0,0,,,,,,,,,
1085949,2017,2017-06-27,Grace Road,2,5.3,Pakistan,England,Javeria Khan,Ayesha Zafar,A Shrubsole,2,0,,,,,,,,,
1085949,2017,2017-06-27,Grace Road,2,5.4,Pakistan,England,Javeria Khan,Ayesha Zafar,A Shrubsole,1,0,,,,,,,,,
1085949,2017,2017-06-27,Grace Road,2,5.5,Pakistan,England,Ayesha Zafar,Javeria Khan,A Shrubsole,0,0,,,,,,,,,
1085949,2017,2017-06-27,Grace Road,2,5.6,Pakistan,England,Ayesha Zafar,Javeria Khan,A Shrubsole,4,0,,,,,,,,,
1085949,2017,2017-06-27,Grace Road,2,6.1,Pakistan,England,Javeria Khan,Ayesha Zafar,KH Brunt,0,0,,,,,,,,,
1085949,2017,2017-06-27,Grace Road,2,6.2,Pakistan,England,Javeria Khan,Ayesha Zafar,KH Brunt,0,0,,,,,,,,,
1085949,2017,2017-06-27,Grace Road,2,6.3,Pakistan,England,Javeria Khan,Ayesha Zafar,KH Brunt,0,0,,,,,,,,,
1085949,2017,2017-06-27,Grace Road,2,6.4,Pakistan,England,Javeria Khan,Ayesha Zafar,KH Brunt,0,0,,,,,,,,,
1085949,2017,2017-06-27,Grace Road,2,6.5,Pakistan,England,Javeria Khan,Ayesha Zafar,KH Brunt,1,0,,,,,,,,,
1085949,2017,2017-06-27,Grace Road,2,6.6,Pakistan,England,Ayesha Zafar,Javeria Khan,KH Brunt,0,0,,,,,,,,,
1085949,2017,2017-06-27,Grace Road,2,7.1,Pakistan,England,Javeria Khan,Ayesha Zafar,A Shrubsole,0,0,,,,,,,,,
1085949,2017,2017-06-27,Grace Road,2,7.2,Pakistan,England,Javeria Khan,Ayesha Zafar,A Shrubsole,0,0,,,,,,,,,
1085949,2017,2017-06-27,Grace Road,2,7.3,Pakistan,England,Javeria Khan,Ayesha Zafar,A Shrubsole,0,0,,,,,,,,,
1085949,2017,2017-06-27,Grace Road,2,7.4,Pakistan,England,Javeria Khan,Ayesha Zafar,A Shrubsole,0,0,,,,,,,,,
1085949,2017,2017-06-27,Grace Road,2,7.5,Pakistan,England,Javeria Khan,Ayesha Zafar,A Shrubsole,0,0,,,,,,,,,
1085949,2017,2017-06-27,Grace Road,2,7.6,Pakistan,England,Javeria Khan,Ayesha Zafar,A Shrubsole,1,0,,,,,,,,,
1085949,2017,2017-06-27,Grace Road,2,8.1,Pakistan,England,Javeria Khan,Ayesha Zafar,KH Brunt,0,1,1,,,,,,,,
1085949,2017,2017-06-27,Grace Road,2,8.2,Pakistan,England,Javeria Khan,Ayesha Zafar,KH Brunt,4,0,,,,,,,,,
1085949,2017,2017-06-27,Grace Road,2,8.3,Pakistan,England,Javeria Khan,Ayesha Zafar,KH Brunt,0,0,,,,,,,,,
1085949,2017,2017-06-27,Grace Road,2,8.4,Pakistan,England,Javeria Khan,Ayesha Zafar,KH Brunt,0,0,,,,,,,,,
1085949,2017,2017-06-27,Grace Road,2,8.5,Pakistan,England,Javeria Khan,Ayesha Zafar,KH Brunt,0,0,,,,,,bowled,Javeria Khan,,
1085949,2017,2017-06-27,Grace Road,2,8.6,Pakistan,England,Asmavia Iqbal,Ayesha Zafar,KH Brunt,0,0,,,,,,,,,
1085949,2017,2017-06-27,Grace Road,2,8.7,Pakistan,England,Asmavia Iqbal,Ayesha Zafar,KH Brunt,0,0,,,,,,,,,
1085949,2017,2017-06-27,Grace Road,2,9.1,Pakistan,England,Ayesha Zafar,Asmavia Iqbal,A Shrubsole,1,0,,,,,,,,,
1085949,2017,2017-06-27,Grace Road,2,9.2,Pakistan,England,Asmavia Iqbal,Ayesha Zafar,A Shrubsole,0,0,,,,,,,,,
1085949,2017,2017-06-27,Grace Road,2,9.3,Pakistan,England,Asmavia Iqbal,Ayesha Zafar,A Shrubsole,1,0,,,,,,,,,
1085949,2017,2017-06-27,Grace Road,2,9.4,Pakistan,England,Ayesha Zafar,Asmavia Iqbal,A Shrubsole,0,0,,,,,,,,,
1085949,2017,2017-06-27,Grace Road,2,9.5,Pakistan,England,Ayesha Zafar,Asmavia Iqbal,A Shrubsole,0,0,,,,,,,,,
1085949,2017,2017-06-27,Grace Road,2,9.6,Pakistan,England,Ayesha Zafar,Asmavia Iqbal,A Shrubsole,1,0,,,,,,,,,
1085949,2017,2017-06-27,Grace Road,2,10.1,Pakistan,England,Ayesha Zafar,Asmavia Iqbal,KH Brunt,4,0,,,,,,,,,
1085949,2017,2017-06-27,Grace Road,2,10.2,Pakistan,England,Ayesha Zafar,Asmavia Iqbal,KH Brunt,4,0,,,,,,,,,
1085949,2017,2017-06-27,Grace Road,2,10.3,Pakistan,England,Ayesha Zafar,Asmavia Iqbal,KH Brunt,0,0,,,,,,,,,
1085949,2017,2017-06-27,Grace Road,2,10.4,Pakistan,England,Ayesha Zafar,Asmavia Iqbal,KH Brunt,0,0,,,,,,,,,
1085949,2017,2017-06-27,Grace Road,2,10.5,Pakistan,England,Ayesha Zafar,Asmavia Iqbal,KH Brunt,1,0,,,,,,,,,
1085949,2017,2017-06-27,Grace Road,2,10.6,Pakistan,England,Asmavia Iqbal,Ayesha Zafar,KH Brunt,0,0,,,,,,,,,
1085949,2017,2017-06-27,Grace Road,2,11.1,Pakistan,England,Ayesha Zafar,Asmavia Iqbal,JL Gunn,4,0,,,,,,,,,
1085949,2017,2017-06-27,Grace Road,2,11.2,Pakistan,England,Ayesha Zafar,Asmavia Iqbal,JL Gunn,1,0,,,,,,,,,
1085949,2017,2017-06-27,Grace Road,2,11.3,Pakistan,England,Asmavia Iqbal,Ayesha Zafar,JL Gunn,1,0,,,,,,,,,
1085949,2017,2017-06-27,Grace Road,2,11.4,Pakistan,England,Ayesha Zafar,Asmavia Iqbal,JL Gunn,4,0,,,,,,,,,
1085949,2017,2017-06-27,Grace Road,2,11.5,Pakistan,England,Ayesha Zafar,Asmavia Iqbal,JL Gunn,0,0,,,,,,,,,
1085949,2017,2017-06-27,Grace Road,2,11.6,Pakistan,England,Ayesha Zafar,Asmavia Iqbal,JL Gunn,0,0,,,,,,,,,
1085949,2017,2017-06-27,Grace Road,2,12.1,Pakistan,England,Asmavia Iqbal,Ayesha Zafar,D Hazell,0,0,,,,,,,,,
1085949,2017,2017-06-27,Grace Road,2,12.2,Pakistan,England,Asmavia Iqbal,Ayesha Zafar,D Hazell,1,0,,,,,,,,,
1085949,2017,2017-06-27,Grace Road,2,12.3,Pakistan,England,Ayesha Zafar,Asmavia Iqbal,D Hazell,0,0,,,,,,,,,
1085949,2017,2017-06-27,Grace Road,2,12.4,Pakistan,England,Ayesha Zafar,Asmavia Iqbal,D Hazell,0,0,,,,,,,,,
1085949,2017,2017-06-27,Grace Road,2,12.5,Pakistan,England,Ayesha Zafar,Asmavia Iqbal,D Hazell,4,0,,,,,,,,,
1085949,2017,2017-06-27,Grace Road,2,12.6,Pakistan,England,Ayesha Zafar,Asmavia Iqbal,D Hazell,0,0,,,,,,,,,
1085949,2017,2017-06-27,Grace Road,2,13.1,Pakistan,England,Asmavia Iqbal,Ayesha Zafar,JL Gunn,0,0,,,,,,,,,
1085949,2017,2017-06-27,Grace Road,2,13.2,Pakistan,England,Asmavia Iqbal,Ayesha Zafar,JL Gunn,0,0,,,,,,,,,
1085949,2017,2017-06-27,Grace Road,2,13.3,Pakistan,England,Asmavia Iqbal,Ayesha Zafar,JL Gunn,0,1,,,,1,,,,,
1085949,2017,2017-06-27,Grace Road,2,13.4,Pakistan,England,Ayesha Zafar,Asmavia Iqbal,JL Gunn,0,0,,,,,,,,,
1085949,2017,2017-06-27,Grace Road,2,13.5,Pakistan,England,Ayesha Zafar,Asmavia Iqbal,JL Gunn,1,0,,,,,,,,,
1085949,2017,2017-06-27,Grace Road,2,13.6,Pakistan,England,Asmavia Iqbal,Ayesha Zafar,JL Gunn,0,1,,,,1,,,,,
1085949,2017,2017-06-27,Grace Road,2,14.1,Pakistan,England,Asmavia Iqbal,Ayesha Zafar,D Hazell,1,0,,,,,,,,,
1085949,2017,2017-06-27,Grace Road,2,14.2,Pakistan,England,Ayesha Zafar,Asmavia Iqbal,D Hazell,0,1,1,,,,,,,,
1085949,2017,2017-06-27,Grace Road,2,14.3,Pakistan,England,Ayesha Zafar,Asmavia Iqbal,D Hazell,0,0,,,,,,,,,
1085949,2017,2017-06-27,Grace Road,2,14.4,Pakistan,England,Ayesha Zafar,Asmavia Iqbal,D Hazell,0,0,,,,,,,,,
1085949,2017,2017-06-27,Grace Road,2,14.5,Pakistan,England,Ayesha Zafar,Asmavia Iqbal,D Hazell,1,0,,,,,,,,,
1085949,2017,2017-06-27,Grace Road,2,14.6,Pakistan,England,Asmavia Iqbal,Ayesha Zafar,D Hazell,0,0,,,,,,,,,
1085949,2017,2017-06-27,Grace Road,2,14.7,Pakistan,England,Asmavia Iqbal,Ayesha Zafar,D Hazell,0,0,,,,,,,,,
1085949,2017,2017-06-27,Grace Road,2,15.1,Pakistan,England,Ayesha Zafar,Asmavia Iqbal,JL Gunn,0,1,1,,,,,,,,
1085949,2017,2017-06-27,Grace Road,2,15.2,Pakistan,England,Ayesha Zafar,Asmavia Iqbal,JL Gunn,0,0,,,,,,,,,
1085949,2017,2017-06-27,Grace Road,2,15.3,Pakistan,England,Ayesha Zafar,Asmavia Iqbal,JL Gunn,0,0,,,,,,,,,
1085949,2017,2017-06-27,Grace Road,2,15.4,Pakistan,England,Ayesha Zafar,Asmavia Iqbal,JL Gunn,4,0,,,,,,,,,
1085949,2017,2017-06-27,Grace Road,2,15.5,Pakistan,England,Ayesha Zafar,Asmavia Iqbal,JL Gunn,0,0,,,,,,,,,
1085949,2017,2017-06-27,Grace Road,2,15.6,Pakistan,England,Ayesha Zafar,Asmavia Iqbal,JL Gunn,0,0,,,,,,,,,
1085949,2017,2017-06-27,Grace Road,2,15.7,Pakistan,England,Ayesha Zafar,Asmavia Iqbal,JL Gunn,0,0,,,,,,,,,
1085949,2017,2017-06-27,Grace Road,2,16.1,Pakistan,England,Asmavia Iqbal,Ayesha Zafar,D Hazell,1,0,,,,,,,,,
1085949,2017,2017-06-27,Grace Road,2,16.2,Pakistan,England,Ayesha Zafar,Asmavia Iqbal,D Hazell,0,0,,,,,,,,,
1085949,2017,2017-06-27,Grace Road,2,16.3,Pakistan,England,Ayesha Zafar,Asmavia Iqbal,D Hazell,1,0,,,,,,,,,
1085949,2017,2017-06-27,Grace Road,2,16.4,Pakistan,England,Asmavia Iqbal,Ayesha Zafar,D Hazell,0,0,,,,,,,,,
1085949,2017,2017-06-27,Grace Road,2,16.5,Pakistan,England,Asmavia Iqbal,Ayesha Zafar,D Hazell,0,0,,,,,,,,,
1085949,2017,2017-06-27,Grace Road,2,16.6,Pakistan,England,Asmavia Iqbal,Ayesha Zafar,D Hazell,0,0,,,,,,,,,
1085949,2017,2017-06-27,Grace Road,2,17.1,Pakistan,England,Ayesha Zafar,Asmavia Iqbal,A Hartley,1,0,,,,,,,,,
1085949,2017,2017-06-27,Grace Road,2,17.2,Pakistan,England,Asmavia Iqbal,Ayesha Zafar,A Hartley,0,0,,,,,,lbw,Asmavia Iqbal,,
1085949,2017,2017-06-27,Grace Road,2,17.3,Pakistan,England,Nain Abidi,Ayesha Zafar,A Hartley,0,0,,,,,,,,,
1085949,2017,2017-06-27,Grace Road,2,17.4,Pakistan,England,Nain Abidi,Ayesha Zafar,A Hartley,0,0,,,,,,,,,
1085949,2017,2017-06-27,Grace Road,2,17.5,Pakistan,England,Nain Abidi,Ayesha Zafar,A Hartley,0,0,,,,,,,,,
1085949,2017,2017-06-27,Grace Road,2,17.6,Pakistan,England,Nain Abidi,Ayesha Zafar,A Hartley,1,0,,,,,,,,,
1085949,2017,2017-06-27,Grace Road,2,18.1,Pakistan,England,Nain Abidi,Ayesha Zafar,D Hazell,1,0,,,,,,,,,
1085949,2017,2017-06-27,Grace Road,2,18.2,Pakistan,England,Ayesha Zafar,Nain Abidi,D Hazell,0,0,,,,,,,,,
1085949,2017,2017-06-27,Grace Road,2,18.3,Pakistan,England,Ayesha Zafar,Nain Abidi,D Hazell,0,0,,,,,,,,,
1085949,2017,2017-06-27,Grace Road,2,18.4,Pakistan,England,Ayesha Zafar,Nain Abidi,D Hazell,1,0,,,,,,,,,
1085949,2017,2017-06-27,Grace Road,2,18.5,Pakistan,England,Nain Abidi,Ayesha Zafar,D Hazell,4,0,,,,,,,,,
1085949,2017,2017-06-27,Grace Road,2,18.6,Pakistan,England,Nain Abidi,Ayesha Zafar,D Hazell,1,0,,,,,,,,,
1085949,2017,2017-06-27,Grace Road,2,19.1,Pakistan,England,Nain Abidi,Ayesha Zafar,A Hartley,0,0,,,,,,,,,
1085949,2017,2017-06-27,Grace Road,2,19.2,Pakistan,England,Nain Abidi,Ayesha Zafar,A Hartley,0,0,,,,,,,,,
1085949,2017,2017-06-27,Grace Road,2,19.3,Pakistan,England,Nain Abidi,Ayesha Zafar,A Hartley,0,0,,,,,,,,,
1085949,2017,2017-06-27,Grace Road,2,19.4,Pakistan,England,Nain Abidi,Ayesha Zafar,A Hartley,0,0,,,,,,,,,
1085949,2017,2017-06-27,Grace Road,2,19.5,Pakistan,England,Nain Abidi,Ayesha Zafar,A Hartley,0,0,,,,,,,,,
1085949,2017,2017-06-27,Grace Road,2,19.6,Pakistan,England,Nain Abidi,Ayesha Zafar,A Hartley,0,0,,,,,,,,,
1085949,2017,2017-06-27,Grace Road,2,20.1,Pakistan,England,Ayesha Zafar,Nain Abidi,D Hazell,1,0,,,,,,,,,
1085949,2017,2017-06-27,Grace Road,2,20.2,Pakistan,England,Nain Abidi,Ayesha Zafar,D Hazell,0,0,,,,,,,,,
1085949,2017,2017-06-27,Grace Road,2,20.3,Pakistan,England,Nain Abidi,Ayesha Zafar,D Hazell,2,0,,,,,,,,,
1085949,2017,2017-06-27,Grace Road,2,20.4,Pakistan,England,Nain Abidi,Ayesha Zafar,D Hazell,0,0,,,,,,,,,
1085949,2017,2017-06-27,Grace Road,2,20.5,Pakistan,England,Nain Abidi,Ayesha Zafar,D Hazell,1,0,,,,,,,,,
1085949,2017,2017-06-27,Grace Road,2,20.6,Pakistan,England,Ayesha Zafar,Nain Abidi,D Hazell,0,1,1,,,,,,,,
1085949,2017,2017-06-27,Grace Road,2,20.7,Pakistan,England,Ayesha Zafar,Nain Abidi,D Hazell,0,0,,,,,,,,,
1085949,2017,2017-06-27,Grace Road,2,21.1,Pakistan,England,Nain Abidi,Ayesha Zafar,A Hartley,0,0,,,,,,,,,
1085949,2017,2017-06-27,Grace Road,2,21.2,Pakistan,England,Nain Abidi,Ayesha Zafar,A Hartley,1,0,,,,,,,,,
1085949,2017,2017-06-27,Grace Road,2,21.3,Pakistan,England,Ayesha Zafar,Nain Abidi,A Hartley,0,0,,,,,,,,,
1085949,2017,2017-06-27,Grace Road,2,21.4,Pakistan,England,Ayesha Zafar,Nain Abidi,A Hartley,1,0,,,,,,,,,
1085949,2017,2017-06-27,Grace Road,2,21.5,Pakistan,England,Nain Abidi,Ayesha Zafar,A Hartley,0,0,,,,,,,,,
1085949,2017,2017-06-27,Grace Road,2,21.6,Pakistan,England,Nain Abidi,Ayesha Zafar,A Hartley,0,0,,,,,,,,,
1085949,2017,2017-06-27,Grace Road,2,22.1,Pakistan,England,Ayesha Zafar,Nain Abidi,D Hazell,0,0,,,,,,,,,
1085949,2017,2017-06-27,Grace Road,2,22.2,Pakistan,England,Ayesha Zafar,Nain Abidi,D Hazell,1,0,,,,,,,,,
1085949,2017,2017-06-27,Grace Road,2,22.3,Pakistan,England,Nain Abidi,Ayesha Zafar,D Hazell,0,0,,,,,,,,,
1085949,2017,2017-06-27,Grace Road,2,22.4,Pakistan,England,Nain Abidi,Ayesha Zafar,D Hazell,1,0,,,,,,,,,
1085949,2017,2017-06-27,Grace Road,2,22.5,Pakistan,England,Ayesha Zafar,Nain Abidi,D Hazell,0,0,,,,,,,,,
1085949,2017,2017-06-27,Grace Road,2,22.6,Pakistan,England,Ayesha Zafar,Nain Abidi,D Hazell,1,0,,,,,,,,,
1085949,2017,2017-06-27,Grace Road,2,23.1,Pakistan,England,Ayesha Zafar,Nain Abidi,A Hartley,0,0,,,,,,,,,
1085949,2017,2017-06-27,Grace Road,2,23.2,Pakistan,England,Ayesha Zafar,Nain Abidi,A Hartley,0,0,,,,,,,,,
1085949,2017,2017-06-27,Grace Road,2,23.3,Pakistan,England,Ayesha Zafar,Nain Abidi,A Hartley,0,0,,,,,,,,,
1085949,2017,2017-06-27,Grace Road,2,23.4,Pakistan,England,Ayesha Zafar,Nain Abidi,A Hartley,1,0,,,,,,,,,
1085949,2017,2017-06-27,Grace Road,2,23.5,Pakistan,England,Nain Abidi,Ayesha Zafar,A Hartley,0,0,,,,,,,,,
1085949,2017,2017-06-27,Grace Road,2,23.6,Pakistan,England,Nain Abidi,Ayesha Zafar,A Hartley,0,0,,,,,,,,,
1085949,2017,2017-06-27,Grace Road,2,24.1,Pakistan,England,Ayesha Zafar,Nain Abidi,D Hazell,0,0,,,,,,,,,
1085949,2017,2017-06-27,Grace Road,2,24.2,Pakistan,England,Ayesha Zafar,Nain Abidi,D Hazell,1,0,,,,,,,,,
1085949,2017,2017-06-27,Grace Road,2,24.3,Pakistan,England,Nain Abidi,Ayesha Zafar,D Hazell,0,0,,,,,,,,,
1085949,2017,2017-06-27,Grace Road,2,24.4,Pakistan,England,Nain Abidi,Ayesha Zafar,D Hazell,1,0,,,,,,,,,
1085949,2017,2017-06-27,Grace Road,2,24.5,Pakistan,England,Ayesha Zafar,Nain Abidi,D Hazell,0,0,,,,,,,,,
1085949,2017,2017-06-27,Grace Road,2,24.6,Pakistan,England,Ayesha Zafar,Nain Abidi,D Hazell,1,0,,,,,,,,,
1085949,2017,2017-06-27,Grace Road,2,25.1,Pakistan,England,Ayesha Zafar,Nain Abidi,A Hartley,1,0,,,,,,,,,
1085949,2017,2017-06-27,Grace Road,2,25.2,Pakistan,England,Nain Abidi,Ayesha Zafar,A Hartley,0,0,,,,,,,,,
1085949,2017,2017-06-27,Grace Road,2,25.3,Pakistan,England,Nain Abidi,Ayesha Zafar,A Hartley,0,0,,,,,,,,,
1085949,2017,2017-06-27,Grace Road,2,25.4,Pakistan,England,Nain Abidi,Ayesha Zafar,A Hartley,2,0,,,,,,,,,
1085949,2017,2017-06-27,Grace Road,2,25.5,Pakistan,England,Nain Abidi,Ayesha Zafar,A Hartley,0,0,,,,,,,,,
1085949,2017,2017-06-27,Grace Road,2,25.6,Pakistan,England,Nain Abidi,Ayesha Zafar,A Hartley,1,0,,,,,,,,,
1085949,2017,2017-06-27,Grace Road,2,26.1,Pakistan,England,Nain Abidi,Ayesha Zafar,NR Sciver,0,1,1,,,,,,,,
1085949,2017,2017-06-27,Grace Road,2,26.2,Pakistan,England,Nain Abidi,Ayesha Zafar,NR Sciver,0,0,,,,,,,,,
1085949,2017,2017-06-27,Grace Road,2,26.3,Pakistan,England,Nain Abidi,Ayesha Zafar,NR Sciver,0,0,,,,,,,,,
1085949,2017,2017-06-27,Grace Road,2,26.4,Pakistan,England,Nain Abidi,Ayesha Zafar,NR Sciver,4,0,,,,,,,,,
1085949,2017,2017-06-27,Grace Road,2,26.5,Pakistan,England,Nain Abidi,Ayesha Zafar,NR Sciver,0,0,,,,,,,,,
1085949,2017,2017-06-27,Grace Road,2,26.6,Pakistan,England,Nain Abidi,Ayesha Zafar,NR Sciver,1,0,,,,,,,,,
1085949,2017,2017-06-27,Grace Road,2,26.7,Pakistan,England,Ayesha Zafar,Nain Abidi,NR Sciver,1,0,,,,,,,,,
1085949,2017,2017-06-27,Grace Road,2,27.1,Pakistan,England,Ayesha Zafar,Nain Abidi,A Hartley,0,0,,,,,,,,,
1085949,2017,2017-06-27,Grace Road,2,27.2,Pakistan,England,Ayesha Zafar,Nain Abidi,A Hartley,4,0,,,,,,,,,
1085949,2017,2017-06-27,Grace Road,2,27.3,Pakistan,England,Ayesha Zafar,Nain Abidi,A Hartley,0,0,,,,,,,,,
1085949,2017,2017-06-27,Grace Road,2,27.4,Pakistan,England,Ayesha Zafar,Nain Abidi,A Hartley,0,0,,,,,,,,,
1085949,2017,2017-06-27,Grace Road,2,27.5,Pakistan,England,Ayesha Zafar,Nain Abidi,A Hartley,0,0,,,,,,,,,
1085949,2017,2017-06-27,Grace Road,2,27.6,Pakistan,England,Ayesha Zafar,Nain Abidi,A Hartley,0,0,,,,,,,,,
1085949,2017,2017-06-27,Grace Road,2,28.1,Pakistan,England,Nain Abidi,Ayesha Zafar,NR Sciver,0,0,,,,,,,,,
1085949,2017,2017-06-27,Grace Road,2,28.2,Pakistan,England,Nain Abidi,Ayesha Zafar,NR Sciver,1,0,,,,,,,,,
1085949,2017,2017-06-27,Grace Road,2,28.3,Pakistan,England,Ayesha Zafar,Nain Abidi,NR Sciver,0,0,,,,,,,,,
1085949,2017,2017-06-27,Grace Road,2,28.4,Pakistan,England,Ayesha Zafar,Nain Abidi,NR Sciver,0,1,,,,1,,,,,
1085949,2017,2017-06-27,Grace Road,2,28.5,Pakistan,England,Nain Abidi,Ayesha Zafar,NR Sciver,0,0,,,,,,,,,
1085949,2017,2017-06-27,Grace Road,2,28.6,Pakistan,England,Nain Abidi,Ayesha Zafar,NR Sciver,1,0,,,,,,,,,
1085949,2017,2017-06-27,Grace Road,2,29.1,Pakistan,England,Nain Abidi,Ayesha Zafar,A Hartley,0,0,,,,,,,,,
1085949,2017,2017-06-27,Grace Road,2,29.2,Pakistan,England,Nain Abidi,Ayesha Zafar,A Hartley,0,0,,,,,,,,,
