match_id,season,start_date,venue,innings,ball,batting_team,bowling_team,striker,non_striker,bowler,runs_off_bat,extras,wides,noballs,byes,legbyes,penalty,wicket_type,player_dismissed,other_wicket_type,other_player_dismissed
1085959,2017,2017-07-05,Grace Road,1,0.1,Australia,Pakistan,NE Bolton,BL Mooney,Asmavia Iqbal,1,0,,,,,,,,,
1085959,2017,2017-07-05,Grace Road,1,0.2,Australia,Pakistan,BL Mooney,NE Bolton,Asmavia Iqbal,0,0,,,,,,,,,
1085959,2017,2017-07-05,Grace Road,1,0.3,Australia,Pakistan,BL Mooney,NE Bolton,Asmavia Iqbal,0,0,,,,,,caught,BL Mooney,,
1085959,2017,2017-07-05,Grace Road,1,0.4,Australia,Pakistan,EA Perry,NE Bolton,Asmavia Iqbal,0,0,,,,,,,,,
1085959,2017,2017-07-05,Grace Road,1,0.5,Australia,Pakistan,EA Perry,NE Bolton,Asmavia Iqbal,0,0,,,,,,,,,
1085959,2017,2017-07-05,Grace Road,1,0.6,Australia,Pakistan,EA Perry,NE Bolton,Asmavia Iqbal,0,0,,,,,,,,,
1085959,2017,2017-07-05,Grace Road,1,1.1,Australia,Pakistan,NE Bolton,EA Perry,Diana Baig,0,1,1,,,,,,,,
1085959,2017,2017-07-05,Grace Road,1,1.2,Australia,Pakistan,NE Bolton,EA Perry,Diana Baig,0,0,,,,,,,,,
1085959,2017,2017-07-05,Grace Road,1,1.3,Australia,Pakistan,NE Bolton,EA Perry,Diana Baig,0,0,,,,,,,,,
1085959,2017,2017-07-05,Grace Road,1,1.4,Australia,Pakistan,NE Bolton,EA Perry,Diana Baig,0,0,,,,,,,,,
1085959,2017,2017-07-05,Grace Road,1,1.5,Australia,Pakistan,NE Bolton,EA Perry,Diana Baig,0,0,,,,,,,,,
1085959,2017,2017-07-05,Grace Road,1,1.6,Australia,Pakistan,NE Bolton,EA Perry,Diana Baig,0,0,,,,,,,,,
1085959,2017,2017-07-05,Grace Road,1,1.7,Australia,Pakistan,NE Bolton,EA Perry,Diana Baig,1,0,,,,,,,,,
1085959,2017,2017-07-05,Grace Road,1,2.1,Australia,Pakistan,NE Bolton,EA Perry,Asmavia Iqbal,0,0,,,,,,,,,
1085959,2017,2017-07-05,Grace Road,1,2.2,Australia,Pakistan,NE Bolton,EA Perry,Asmavia Iqbal,0,0,,,,,,,,,
1085959,2017,2017-07-05,Grace Road,1,2.3,Australia,Pakistan,NE Bolton,EA Perry,Asmavia Iqbal,0,0,,,,,,,,,
1085959,2017,2017-07-05,Grace Road,1,2.4,Australia,Pakistan,NE Bolton,EA Perry,Asmavia Iqbal,0,0,,,,,,,,,
1085959,2017,2017-07-05,Grace Road,1,2.5,Australia,Pakistan,NE Bolton,EA Perry,Asmavia Iqbal,0,0,,,,,,,,,
1085959,2017,2017-07-05,Grace Road,1,2.6,Australia,Pakistan,NE Bolton,EA Perry,Asmavia Iqbal,0,0,,,,,,,,,
1085959,2017,2017-07-05,Grace Road,1,3.1,Australia,Pakistan,EA Perry,NE Bolton,Diana Baig,0,0,,,,,,,,,
1085959,2017,2017-07-05,Grace Road,1,3.2,Australia,Pakistan,EA Perry,NE Bolton,Diana Baig,0,0,,,,,,,,,
1085959,2017,2017-07-05,Grace Road,1,3.3,Australia,Pakistan,EA Perry,NE Bolton,Diana Baig,0,0,,,,,,,,,
1085959,2017,2017-07-05,Grace Road,1,3.4,Australia,Pakistan,EA Perry,NE Bolton,Diana Baig,0,0,,,,,,,,,
1085959,2017,2017-07-05,Grace Road,1,3.5,Australia,Pakistan,EA Perry,NE Bolton,Diana Baig,0,0,,,,,,,,,
1085959,2017,2017-07-05,Grace Road,1,3.6,Australia,Pakistan,EA Perry,NE Bolton,Diana Baig,0,1,1,,,,,,,,
1085959,2017,2017-07-05,Grace Road,1,3.7,Australia,Pakistan,EA Perry,NE Bolton,Diana Baig,1,0,,,,,,,,,
1085959,2017,2017-07-05,Grace Road,1,4.1,Australia,Pakistan,EA Perry,NE Bolton,Asmavia Iqbal,0,0,,,,,,,,,
1085959,2017,2017-07-05,Grace Road,1,4.2,Australia,Pakistan,EA Perry,NE Bolton,Asmavia Iqbal,1,0,,,,,,,,,
1085959,2017,2017-07-05,Grace Road,1,4.3,Australia,Pakistan,NE Bolton,EA Perry,Asmavia Iqbal,0,0,,,,,,,,,
1085959,2017,2017-07-05,Grace Road,1,4.4,Australia,Pakistan,NE Bolton,EA Perry,Asmavia Iqbal,0,0,,,,,,,,,
1085959,2017,2017-07-05,Grace Road,1,4.5,Australia,Pakistan,NE Bolton,EA Perry,Asmavia Iqbal,1,0,,,,,,,,,
1085959,2017,2017-07-05,Grace Road,1,4.6,Australia,Pakistan,EA Perry,NE Bolton,Asmavia Iqbal,0,0,,,,,,,,,
1085959,2017,2017-07-05,Grace Road,1,5.1,Australia,Pakistan,NE Bolton,EA Perry,Diana Baig,0,0,,,,,,,,,
1085959,2017,2017-07-05,Grace Road,1,5.2,Australia,Pakistan,NE Bolton,EA Perry,Diana Baig,0,0,,,,,,,,,
1085959,2017,2017-07-05,Grace Road,1,5.3,Australia,Pakistan,NE Bolton,EA Perry,Diana Baig,0,0,,,,,,,,,
1085959,2017,2017-07-05,Grace Road,1,5.4,Australia,Pakistan,NE Bolton,EA Perry,Diana Baig,0,0,,,,,,lbw,NE Bolton,,
1085959,2017,2017-07-05,Grace Road,1,5.5,Australia,Pakistan,RL Haynes,EA Perry,Diana Baig,0,0,,,,,,,,,
1085959,2017,2017-07-05,Grace Road,1,5.6,Australia,Pakistan,RL Haynes,EA Perry,Diana Baig,1,0,,,,,,,,,
1085959,2017,2017-07-05,Grace Road,1,6.1,Australia,Pakistan,RL Haynes,EA Perry,Asmavia Iqbal,0,0,,,,,,,,,
1085959,2017,2017-07-05,Grace Road,1,6.2,Australia,Pakistan,RL Haynes,EA Perry,Asmavia Iqbal,0,0,,,,,,,,,
1085959,2017,2017-07-05,Grace Road,1,6.3,Australia,Pakistan,RL Haynes,EA Perry,Asmavia Iqbal,0,0,,,,,,,,,
1085959,2017,2017-07-05,Grace Road,1,6.4,Australia,Pakistan,RL Haynes,EA Perry,Asmavia Iqbal,0,0,,,,,,,,,
1085959,2017,2017-07-05,Grace Road,1,6.5,Australia,Pakistan,RL Haynes,EA Perry,Asmavia Iqbal,0,0,,,,,,,,,
1085959,2017,2017-07-05,Grace Road,1,6.6,Australia,Pakistan,RL Haynes,EA Perry,Asmavia Iqbal,0,0,,,,,,,,,
1085959,2017,2017-07-05,Grace Road,1,7.1,Australia,Pakistan,EA Perry,RL Haynes,Diana Baig,0,0,,,,,,,,,
1085959,2017,2017-07-05,Grace Road,1,7.2,Australia,Pakistan,EA Perry,RL Haynes,Diana Baig,0,0,,,,,,,,,
1085959,2017,2017-07-05,Grace Road,1,7.3,Australia,Pakistan,EA Perry,RL Haynes,Diana Baig,0,1,1,,,,,,,,
1085959,2017,2017-07-05,Grace Road,1,7.4,Australia,Pakistan,EA Perry,RL Haynes,Diana Baig,0,0,,,,,,,,,
1085959,2017,2017-07-05,Grace Road,1,7.5,Australia,Pakistan,EA Perry,RL Haynes,Diana Baig,0,0,,,,,,,,,
1085959,2017,2017-07-05,Grace Road,1,7.6,Australia,Pakistan,EA Perry,RL Haynes,Diana Baig,0,0,,,,,,,,,
1085959,2017,2017-07-05,Grace Road,1,7.7,Australia,Pakistan,EA Perry,RL Haynes,Diana Baig,0,0,,,,,,,,,
1085959,2017,2017-07-05,Grace Road,1,8.1,Australia,Pakistan,RL Haynes,EA Perry,Asmavia Iqbal,1,0,,,,,,,,,
1085959,2017,2017-07-05,Grace Road,1,8.2,Australia,Pakistan,EA Perry,RL Haynes,Asmavia Iqbal,2,0,,,,,,,,,
1085959,2017,2017-07-05,Grace Road,1,8.3,Australia,Pakistan,EA Perry,RL Haynes,Asmavia Iqbal,1,0,,,,,,,,,
1085959,2017,2017-07-05,Grace Road,1,8.4,Australia,Pakistan,RL Haynes,EA Perry,Asmavia Iqbal,1,0,,,,,,,,,
1085959,2017,2017-07-05,Grace Road,1,8.5,Australia,Pakistan,EA Perry,RL Haynes,Asmavia Iqbal,0,0,,,,,,,,,
1085959,2017,2017-07-05,Grace Road,1,8.6,Australia,Pakistan,EA Perry,RL Haynes,Asmavia Iqbal,1,0,,,,,,,,,
1085959,2017,2017-07-05,Grace Road,1,9.1,Australia,Pakistan,EA Perry,RL Haynes,Diana Baig,0,0,,,,,,,,,
1085959,2017,2017-07-05,Grace Road,1,9.2,Australia,Pakistan,EA Perry,RL Haynes,Diana Baig,0,0,,,,,,,,,
1085959,2017,2017-07-05,Grace Road,1,9.3,Australia,Pakistan,EA Perry,RL Haynes,Diana Baig,0,0,,,,,,,,,
1085959,2017,2017-07-05,Grace Road,1,9.4,Australia,Pakistan,EA Perry,RL Haynes,Diana Baig,1,0,,,,,,,,,
1085959,2017,2017-07-05,Grace Road,1,9.5,Australia,Pakistan,RL Haynes,EA Perry,Diana Baig,0,0,,,,,,,,,
1085959,2017,2017-07-05,Grace Road,1,9.6,Australia,Pakistan,RL Haynes,EA Perry,Diana Baig,0,1,1,,,,,,,,
1085959,2017,2017-07-05,Grace Road,1,9.7,Australia,Pakistan,RL Haynes,EA Perry,Diana Baig,1,0,,,,,,,,,
1085959,2017,2017-07-05,Grace Road,1,10.1,Australia,Pakistan,RL Haynes,EA Perry,Asmavia Iqbal,0,0,,,,,,,,,
1085959,2017,2017-07-05,Grace Road,1,10.2,Australia,Pakistan,RL Haynes,EA Perry,Asmavia Iqbal,0,0,,,,,,,,,
1085959,2017,2017-07-05,Grace Road,1,10.3,Australia,Pakistan,RL Haynes,EA Perry,Asmavia Iqbal,0,0,,,,,,,,,
1085959,2017,2017-07-05,Grace Road,1,10.4,Australia,Pakistan,RL Haynes,EA Perry,Asmavia Iqbal,4,0,,,,,,,,,
1085959,2017,2017-07-05,Grace Road,1,10.5,Australia,Pakistan,RL Haynes,EA Perry,Asmavia Iqbal,1,0,,,,,,,,,
1085959,2017,2017-07-05,Grace Road,1,10.6,Australia,Pakistan,EA Perry,RL Haynes,Asmavia Iqbal,0,0,,,,,,,,,
1085959,2017,2017-07-05,Grace Road,1,11.1,Australia,Pakistan,RL Haynes,EA Perry,Diana Baig,0,0,,,,,,,,,
1085959,2017,2017-07-05,Grace Road,1,11.2,Australia,Pakistan,RL Haynes,EA Perry,Diana Baig,4,0,,,,,,,,,
1085959,2017,2017-07-05,Grace Road,1,11.3,Australia,Pakistan,RL Haynes,EA Perry,Diana Baig,0,0,,,,,,,,,
1085959,2017,2017-07-05,Grace Road,1,11.4,Australia,Pakistan,RL Haynes,EA Perry,Diana Baig,1,0,,,,,,,,,
1085959,2017,2017-07-05,Grace Road,1,11.5,Australia,Pakistan,EA Perry,RL Haynes,Diana Baig,1,0,,,,,,,,,
1085959,2017,2017-07-05,Grace Road,1,11.6,Australia,Pakistan,RL Haynes,EA Perry,Diana Baig,0,1,1,,,,,,,,
1085959,2017,2017-07-05,Grace Road,1,11.7,Australia,Pakistan,RL Haynes,EA Perry,Diana Baig,0,0,,,,,,,,,
1085959,2017,2017-07-05,Grace Road,1,12.1,Australia,Pakistan,EA Perry,RL Haynes,Asmavia Iqbal,1,0,,,,,,,,,
1085959,2017,2017-07-05,Grace Road,1,12.2,Australia,Pakistan,RL Haynes,EA Perry,Asmavia Iqbal,0,0,,,,,,,,,
1085959,2017,2017-07-05,Grace Road,1,12.3,Australia,Pakistan,RL Haynes,EA Perry,Asmavia Iqbal,0,0,,,,,,,,,
1085959,2017,2017-07-05,Grace Road,1,12.4,Australia,Pakistan,RL Haynes,EA Perry,Asmavia Iqbal,0,0,,,,,,,,,
1085959,2017,2017-07-05,Grace Road,1,12.5,Australia,Pakistan,RL Haynes,EA Perry,Asmavia Iqbal,0,0,,,,,,,,,
1085959,2017,2017-07-05,Grace Road,1,12.6,Australia,Pakistan,RL Haynes,EA Perry,Asmavia Iqbal,4,0,,,,,,,,,
1085959,2017,2017-07-05,Grace Road,1,13.1,Australia,Pakistan,EA Perry,RL Haynes,Sana Mir,0,0,,,,,,,,,
1085959,2017,2017-07-05,Grace Road,1,13.2,Australia,Pakistan,EA Perry,RL Haynes,Sana Mir,1,0,,,,,,,,,
1085959,2017,2017-07-05,Grace Road,1,13.3,Australia,Pakistan,RL Haynes,EA Perry,Sana Mir,0,0,,,,,,,,,
1085959,2017,2017-07-05,Grace Road,1,13.4,Australia,Pakistan,RL Haynes,EA Perry,Sana Mir,0,0,,,,,,,,,
1085959,2017,2017-07-05,Grace Road,1,13.5,Australia,Pakistan,RL Haynes,EA Perry,Sana Mir,0,0,,,,,,,,,
1085959,2017,2017-07-05,Grace Road,1,13.6,Australia,Pakistan,RL Haynes,EA Perry,Sana Mir,0,0,,,,,,,,,
1085959,2017,2017-07-05,Grace Road,1,14.1,Australia,Pakistan,EA Perry,RL Haynes,Asmavia Iqbal,0,0,,,,,,,,,
1085959,2017,2017-07-05,Grace Road,1,14.2,Australia,Pakistan,EA Perry,RL Haynes,Asmavia Iqbal,0,0,,,,,,,,,
1085959,2017,2017-07-05,Grace Road,1,14.3,Australia,Pakistan,EA Perry,RL Haynes,Asmavia Iqbal,4,0,,,,,,,,,
1085959,2017,2017-07-05,Grace Road,1,14.4,Australia,Pakistan,EA Perry,RL Haynes,Asmavia Iqbal,0,0,,,,,,,,,
1085959,2017,2017-07-05,Grace Road,1,14.5,Australia,Pakistan,EA Perry,RL Haynes,Asmavia Iqbal,4,0,,,,,,,,,
1085959,2017,2017-07-05,Grace Road,1,14.6,Australia,Pakistan,EA Perry,RL Haynes,Asmavia Iqbal,0,0,,,,,,,,,
1085959,2017,2017-07-05,Grace Road,1,15.1,Australia,Pakistan,RL Haynes,EA Perry,Sana Mir,1,0,,,,,,,,,
1085959,2017,2017-07-05,Grace Road,1,15.2,Australia,Pakistan,EA Perry,RL Haynes,Sana Mir,0,0,,,,,,,,,
1085959,2017,2017-07-05,Grace Road,1,15.3,Australia,Pakistan,EA Perry,RL Haynes,Sana Mir,0,0,,,,,,,,,
1085959,2017,2017-07-05,Grace Road,1,15.4,Australia,Pakistan,EA Perry,RL Haynes,Sana Mir,0,0,,,,,,,,,
1085959,2017,2017-07-05,Grace Road,1,15.5,Australia,Pakistan,EA Perry,RL Haynes,Sana Mir,0,0,,,,,,,,,
1085959,2017,2017-07-05,Grace Road,1,15.6,Australia,Pakistan,EA Perry,RL Haynes,Sana Mir,1,0,,,,,,,,,
1085959,2017,2017-07-05,Grace Road,1,16.1,Australia,Pakistan,EA Perry,RL Haynes,Nashra Sandhu,1,0,,,,,,,,,
1085959,2017,2017-07-05,Grace Road,1,16.2,Australia,Pakistan,RL Haynes,EA Perry,Nashra Sandhu,0,0,,,,,,,,,
1085959,2017,2017-07-05,Grace Road,1,16.3,Australia,Pakistan,RL Haynes,EA Perry,Nashra Sandhu,1,0,,,,,,,,,
1085959,2017,2017-07-05,Grace Road,1,16.4,Australia,Pakistan,EA Perry,RL Haynes,Nashra Sandhu,0,0,,,,,,,,,
1085959,2017,2017-07-05,Grace Road,1,16.5,Australia,Pakistan,EA Perry,RL Haynes,Nashra Sandhu,1,0,,,,,,,,,
1085959,2017,2017-07-05,Grace Road,1,16.6,Australia,Pakistan,RL Haynes,EA Perry,Nashra Sandhu,0,0,,,,,,,,,
1085959,2017,2017-07-05,Grace Road,1,17.1,Australia,Pakistan,EA Perry,RL Haynes,Sana Mir,1,0,,,,,,,,,
1085959,2017,2017-07-05,Grace Road,1,17.2,Australia,Pakistan,RL Haynes,EA Perry,Sana Mir,1,0,,,,,,,,,
1085959,2017,2017-07-05,Grace Road,1,17.3,Australia,Pakistan,EA Perry,RL Haynes,Sana Mir,1,0,,,,,,,,,
1085959,2017,2017-07-05,Grace Road,1,17.4,Australia,Pakistan,RL Haynes,EA Perry,Sana Mir,1,0,,,,,,,,,
1085959,2017,2017-07-05,Grace Road,1,17.5,Australia,Pakistan,EA Perry,RL Haynes,Sana Mir,1,0,,,,,,,,,
1085959,2017,2017-07-05,Grace Road,1,17.6,Australia,Pakistan,RL Haynes,EA Perry,Sana Mir,1,0,,,,,,,,,
1085959,2017,2017-07-05,Grace Road,1,18.1,Australia,Pakistan,RL Haynes,EA Perry,Nashra Sandhu,0,0,,,,,,,,,
1085959,2017,2017-07-05,Grace Road,1,18.2,Australia,Pakistan,RL Haynes,EA Perry,Nashra Sandhu,0,0,,,,,,,,,
1085959,2017,2017-07-05,Grace Road,1,18.3,Australia,Pakistan,RL Haynes,EA Perry,Nashra Sandhu,0,0,,,,,,,,,
1085959,2017,2017-07-05,Grace Road,1,18.4,Australia,Pakistan,RL Haynes,EA Perry,Nashra Sandhu,0,0,,,,,,,,,
1085959,2017,2017-07-05,Grace Road,1,18.5,Australia,Pakistan,RL Haynes,EA Perry,Nashra Sandhu,4,0,,,,,,,,,
1085959,2017,2017-07-05,Grace Road,1,18.6,Australia,Pakistan,RL Haynes,EA Perry,Nashra Sandhu,1,0,,,,,,,,,
1085959,2017,2017-07-05,Grace Road,1,19.1,Australia,Pakistan,RL Haynes,EA Perry,Sana Mir,0,0,,,,,,,,,
1085959,2017,2017-07-05,Grace Road,1,19.2,Australia,Pakistan,RL Haynes,EA Perry,Sana Mir,0,0,,,,,,,,,
1085959,2017,2017-07-05,Grace Road,1,19.3,Australia,Pakistan,RL Haynes,EA Perry,Sana Mir,0,0,,,,,,caught,RL Haynes,,
1085959,2017,2017-07-05,Grace Road,1,19.4,Australia,Pakistan,EJ Villani,EA Perry,Sana Mir,0,0,,,,,,,,,
1085959,2017,2017-07-05,Grace Road,1,19.5,Australia,Pakistan,EJ Villani,EA Perry,Sana Mir,0,0,,,,,,,,,
1085959,2017,2017-07-05,Grace Road,1,19.6,Australia,Pakistan,EJ Villani,EA Perry,Sana Mir,0,0,,,,,,,,,
1085959,2017,2017-07-05,Grace Road,1,20.1,Australia,Pakistan,EA Perry,EJ Villani,Nashra Sandhu,0,0,,,,,,,,,
1085959,2017,2017-07-05,Grace Road,1,20.2,Australia,Pakistan,EA Perry,EJ Villani,Nashra Sandhu,4,0,,,,,,,,,
1085959,2017,2017-07-05,Grace Road,1,20.3,Australia,Pakistan,EA Perry,EJ Villani,Nashra Sandhu,0,1,1,,,,,,,,
1085959,2017,2017-07-05,Grace Road,1,20.4,Australia,Pakistan,EA Perry,EJ Villani,Nashra Sandhu,0,0,,,,,,,,,
1085959,2017,2017-07-05,Grace Road,1,20.5,Australia,Pakistan,EA Perry,EJ Villani,Nashra Sandhu,0,0,,,,,,,,,
1085959,2017,2017-07-05,Grace Road,1,20.6,Australia,Pakistan,EA Perry,EJ Villani,Nashra Sandhu,0,0,,,,,,,,,
1085959,2017,2017-07-05,Grace Road,1,20.7,Australia,Pakistan,EA Perry,EJ Villani,Nashra Sandhu,1,0,,,,,,,,,
1085959,2017,2017-07-05,Grace Road,1,21.1,Australia,Pakistan,EA Perry,EJ Villani,Sadia Yousuf,0,0,,,,,,,,,
1085959,2017,2017-07-05,Grace Road,1,21.2,Australia,Pakistan,EA Perry,EJ Villani,Sadia Yousuf,1,0,,,,,,,,,
1085959,2017,2017-07-05,Grace Road,1,21.3,Australia,Pakistan,EJ Villani,EA Perry,Sadia Yousuf,0,0,,,,,,,,,
1085959,2017,2017-07-05,Grace Road,1,21.4,Australia,Pakistan,EJ Villani,EA Perry,Sadia Yousuf,6,0,,,,,,,,,
1085959,2017,2017-07-05,Grace Road,1,21.5,Australia,Pakistan,EJ Villani,EA Perry,Sadia Yousuf,1,0,,,,,,,,,
1085959,2017,2017-07-05,Grace Road,1,21.6,Australia,Pakistan,EA Perry,EJ Villani,Sadia Yousuf,0,0,,,,,,,,,
1085959,2017,2017-07-05,Grace Road,1,22.1,Australia,Pakistan,EJ Villani,EA Perry,Nashra Sandhu,2,0,,,,,,,,,
1085959,2017,2017-07-05,Grace Road,1,22.2,Australia,Pakistan,EJ Villani,EA Perry,Nashra Sandhu,4,0,,,,,,,,,
1085959,2017,2017-07-05,Grace Road,1,22.3,Australia,Pakistan,EJ Villani,EA Perry,Nashra Sandhu,0,0,,,,,,,,,
1085959,2017,2017-07-05,Grace Road,1,22.4,Australia,Pakistan,EJ Villani,EA Perry,Nashra Sandhu,0,0,,,,,,,,,
1085959,2017,2017-07-05,Grace Road,1,22.5,Australia,Pakistan,EJ Villani,EA Perry,Nashra Sandhu,4,0,,,,,,,,,
1085959,2017,2017-07-05,Grace Road,1,22.6,Australia,Pakistan,EJ Villani,EA Perry,Nashra Sandhu,1,0,,,,,,,,,
1085959,2017,2017-07-05,Grace Road,1,23.1,Australia,Pakistan,EJ Villani,EA Perry,Sadia Yousuf,0,0,,,,,,,,,
1085959,2017,2017-07-05,Grace Road,1,23.2,Australia,Pakistan,EJ Villani,EA Perry,Sadia Yousuf,1,0,,,,,,,,,
1085959,2017,2017-07-05,Grace Road,1,23.3,Australia,Pakistan,EA Perry,EJ Villani,Sadia Yousuf,0,0,,,,,,,,,
1085959,2017,2017-07-05,Grace Road,1,23.4,Australia,Pakistan,EA Perry,EJ Villani,Sadia Yousuf,4,0,,,,,,,,,
1085959,2017,2017-07-05,Grace Road,1,23.5,Australia,Pakistan,EA Perry,EJ Villani,Sadia Yousuf,1,0,,,,,,,,,
1085959,2017,2017-07-05,Grace Road,1,23.6,Australia,Pakistan,EJ Villani,EA Perry,Sadia Yousuf,0,0,,,,,,,,,
1085959,2017,2017-07-05,Grace Road,1,24.1,Australia,Pakistan,EA Perry,EJ Villani,Nashra Sandhu,1,0,,,,,,,,,
1085959,2017,2017-07-05,Grace Road,1,24.2,Australia,Pakistan,EJ Villani,EA Perry,Nashra Sandhu,0,0,,,,,,,,,
1085959,2017,2017-07-05,Grace Road,1,24.3,Australia,Pakistan,EJ Villani,EA Perry,Nashra Sandhu,4,0,,,,,,,,,
1085959,2017,2017-07-05,Grace Road,1,24.4,Australia,Pakistan,EJ Villani,EA Perry,Nashra Sandhu,1,0,,,,,,,,,
1085959,2017,2017-07-05,Grace Road,1,24.5,Australia,Pakistan,EA Perry,EJ Villani,Nashra Sandhu,0,0,,,,,,,,,
1085959,2017,2017-07-05,Grace Road,1,24.6,Australia,Pakistan,EA Perry,EJ Villani,Nashra Sandhu,1,0,,,,,,,,,
1085959,2017,2017-07-05,Grace Road,1,25.1,Australia,Pakistan,EA Perry,EJ Villani,Sadia Yousuf,0,0,,,,,,,,,
1085959,2017,2017-07-05,Grace Road,1,25.2,Australia,Pakistan,EA Perry,EJ Villani,Sadia Yousuf,0,1,1,,,,,,,,
1085959,2017,2017-07-05,Grace Road,1,25.3,Australia,Pakistan,EA Perry,EJ Villani,Sadia Yousuf,1,0,,,,,,,,,
1085959,2017,2017-07-05,Grace Road,1,25.4,Australia,Pakistan,EJ Villani,EA Perry,Sadia Yousuf,0,0,,,,,,,,,
1085959,2017,2017-07-05,Grace Road,1,25.5,Australia,Pakistan,EJ Villani,EA Perry,Sadia Yousuf,1,0,,,,,,,,,
1085959,2017,2017-07-05,Grace Road,1,25.6,Australia,Pakistan,EA Perry,EJ Villani,Sadia Yousuf,1,0,,,,,,,,,
1085959,2017,2017-07-05,Grace Road,1,25.7,Australia,Pakistan,EJ Villani,EA Perry,Sadia Yousuf,0,0,,,,,,,,,
1085959,2017,2017-07-05,Grace Road,1,26.1,Australia,Pakistan,EA Perry,EJ Villani,Sana Mir,1,0,,,,,,,,,
1085959,2017,2017-07-05,Grace Road,1,26.2,Australia,Pakistan,EJ Villani,EA Perry,Sana Mir,1,0,,,,,,,,,
1085959,2017,2017-07-05,Grace Road,1,26.3,Australia,Pakistan,EA Perry,EJ Villani,Sana Mir,1,0,,,,,,,,,
1085959,2017,2017-07-05,Grace Road,1,26.4,Australia,Pakistan,EJ Villani,EA Perry,Sana Mir,1,0,,,,,,,,,
1085959,2017,2017-07-05,Grace Road,1,26.5,Australia,Pakistan,EA Perry,EJ Villani,Sana Mir,1,0,,,,,,,,,
1085959,2017,2017-07-05,Grace Road,1,26.6,Australia,Pakistan,EJ Villani,EA Perry,Sana Mir,1,0,,,,,,,,,
1085959,2017,2017-07-05,Grace Road,1,27.1,Australia,Pakistan,EJ Villani,EA Perry,Sadia Yousuf,0,0,,,,,,,,,
1085959,2017,2017-07-05,Grace Road,1,27.2,Australia,Pakistan,EJ Villani,EA Perry,Sadia Yousuf,6,0,,,,,,,,,
1085959,2017,2017-07-05,Grace Road,1,27.3,Australia,Pakistan,EJ Villani,EA Perry,Sadia Yousuf,0,0,,,,,,,,,
1085959,2017,2017-07-05,Grace Road,1,27.4,Australia,Pakistan,EJ Villani,EA Perry,Sadia Yousuf,6,0,,,,,,,,,
1085959,2017,2017-07-05,Grace Road,1,27.5,Australia,Pakistan,EJ Villani,EA Perry,Sadia Yousuf,1,0,,,,,,,,,
1085959,2017,2017-07-05,Grace Road,1,27.6,Australia,Pakistan,EA Perry,EJ Villani,Sadia Yousuf,0,0,,,,,,,,,
1085959,2017,2017-07-05,Grace Road,1,28.1,Australia,Pakistan,EJ Villani,EA Perry,Marina Iqbal,4,0,,,,,,,,,
1085959,2017,2017-07-05,Grace Road,1,28.2,Australia,Pakistan,EJ Villani,EA Perry,Marina Iqbal,1,0,,,,,,,,,
1085959,2017,2017-07-05,Grace Road,1,28.3,Australia,Pakistan,EA Perry,EJ Villani,Marina Iqbal,1,0,,,,,,,,,
1085959,2017,2017-07-05,Grace Road,1,28.4,Australia,Pakistan,EJ Villani,EA Perry,Marina Iqbal,0,1,,,1,,,,,,
1085959,2017,2017-07-05,Grace Road,1,28.5,Australia,Pakistan,EA Perry,EJ Villani,Marina Iqbal,0,0,,,,,,,,,
1085959,2017,2017-07-05,Grace Road,1,28.6,Australia,Pakistan,EA Perry,EJ Villani,Marina Iqbal,1,0,,,,,,,,,
1085959,2017,2017-07-05,Grace Road,1,29.1,Australia,Pakistan,EA Perry,EJ Villani,Sana Mir,1,0,,,,,,,,,
1085959,2017,2017-07-05,Grace Road,1,29.2,Australia,Pakistan,EJ Villani,EA Perry,Sana Mir,0,0,,,,,,,,,
1085959,2017,2017-07-05,Grace Road,1,29.3,Australia,Pakistan,EJ Villani,EA Perry,Sana Mir,6,0,,,,,,,,,
1085959,2017,2017-07-05,Grace Road,1,29.4,Australia,Pakistan,EJ Villani,EA Perry,Sana Mir,0,0,,,,,,,,,
1085959,2017,2017-07-05,Grace Road,1,29.5,Australia,Pakistan,EJ Villani,EA Perry,Sana Mir,1,0,,,,,,,,,
1085959,2017,2017-07-05,Grace Road,1,29.6,Australia,Pakistan,EA Perry,EJ Villani,Sana Mir,0,0,,,,,,,,,
1085959,2017,2017-07-05,Grace Road,1,30.1,Australia,Pakistan,EJ Villani,EA Perry,Marina Iqbal,4,0,,,,,,,,,
1085959,2017,2017-07-05,Grace Road,1,30.2,Australia,Pakistan,EJ Villani,EA Perry,Marina Iqbal,2,0,,,,,,,,,
1085959,2017,2017-07-05,Grace Road,1,30.3,Australia,Pakistan,EJ Villani,EA Perry,Marina Iqbal,0,0,,,,,,,,,
1085959,2017,2017-07-05,Grace Road,1,30.4,Australia,Pakistan,EJ Villani,EA Perry,Marina Iqbal,0,0,,,,,,bowled,EJ Villani,,
1085959,2017,2017-07-05,Grace Road,1,30.5,Australia,Pakistan,AJ Blackwell,EA Perry,Marina Iqbal,0,0,,,,,,,,,
1085959,2017,2017-07-05,Grace Road,1,30.6,Australia,Pakistan,AJ Blackwell,EA Perry,Marina Iqbal,0,0,,,,,,,,,
1085959,2017,2017-07-05,Grace Road,1,31.1,Australia,Pakistan,EA Perry,AJ Blackwell,Nashra Sandhu,1,0,,,,,,,,,
1085959,2017,2017-07-05,Grace Road,1,31.2,Australia,Pakistan,AJ Blackwell,EA Perry,Nashra Sandhu,0,0,,,,,,,,,
1085959,2017,2017-07-05,Grace Road,1,31.3,Australia,Pakistan,AJ Blackwell,EA Perry,Nashra Sandhu,0,0,,,,,,,,,
1085959,2017,2017-07-05,Grace Road,1,31.4,Australia,Pakistan,AJ Blackwell,EA Perry,Nashra Sandhu,1,0,,,,,,,,,
1085959,2017,2017-07-05,Grace Road,1,31.5,Australia,Pakistan,EA Perry,AJ Blackwell,Nashra Sandhu,1,0,,,,,,,,,
1085959,2017,2017-07-05,Grace Road,1,31.6,Australia,Pakistan,AJ Blackwell,EA Perry,Nashra Sandhu,1,0,,,,,,,,,
1085959,2017,2017-07-05,Grace Road,1,32.1,Australia,Pakistan,AJ Blackwell,EA Perry,Marina Iqbal,0,0,,,,,,,,,
1085959,2017,2017-07-05,Grace Road,1,32.2,Australia,Pakistan,AJ Blackwell,EA Perry,Marina Iqbal,0,0,,,,,,,,,
1085959,2017,2017-07-05,Grace Road,1,32.3,Australia,Pakistan,AJ Blackwell,EA Perry,Marina Iqbal,1,0,,,,,,,,,
1085959,2017,2017-07-05,Grace Road,1,32.4,Australia,Pakistan,EA Perry,AJ Blackwell,Marina Iqbal,1,0,,,,,,,,,
1085959,2017,2017-07-05,Grace Road,1,32.5,Australia,Pakistan,AJ Blackwell,EA Perry,Marina Iqbal,1,0,,,,,,,,,
1085959,2017,2017-07-05,Grace Road,1,32.6,Australia,Pakistan,EA Perry,AJ Blackwell,Marina Iqbal,1,0,,,,,,,,,
1085959,2017,2017-07-05,Grace Road,1,33.1,Australia,Pakistan,EA Perry,AJ Blackwell,Nashra Sandhu,0,0,,,,,,,,,
1085959,2017,2017-07-05,Grace Road,1,33.2,Australia,Pakistan,EA Perry,AJ Blackwell,Nashra Sandhu,1,0,,,,,,,,,
1085959,2017,2017-07-05,Grace Road,1,33.3,Australia,Pakistan,AJ Blackwell,EA Perry,Nashra Sandhu,2,0,,,,,,,,,
1085959,2017,2017-07-05,Grace Road,1,33.4,Australia,Pakistan,AJ Blackwell,EA Perry,Nashra Sandhu,0,0,,,,,,,,,
1085959,2017,2017-07-05,Grace Road,1,33.5,Australia,Pakistan,AJ Blackwell,EA Perry,Nashra Sandhu,2,0,,,,,,,,,
1085959,2017,2017-07-05,Grace Road,1,33.6,Australia,Pakistan,AJ Blackwell,EA Perry,Nashra Sandhu,0,0,,,,,,,,,
1085959,2017,2017-07-05,Grace Road,1,34.1,Australia,Pakistan,EA Perry,AJ Blackwell,Marina Iqbal,1,0,,,,,,,,,
1085959,2017,2017-07-05,Grace Road,1,34.2,Australia,Pakistan,AJ Blackwell,EA Perry,Marina Iqbal,0,0,,,,,,,,,
1085959,2017,2017-07-05,Grace Road,1,34.3,Australia,Pakistan,AJ Blackwell,EA Perry,Marina Iqbal,0,0,,,,,,,,,
1085959,2017,2017-07-05,Grace Road,1,34.4,Australia,Pakistan,AJ Blackwell,EA Perry,Marina Iqbal,0,0,,,,,,,,,
1085959,2017,2017-07-05,Grace Road,1,34.5,Australia,Pakistan,AJ Blackwell,EA Perry,Marina Iqbal,4,0,,,,,,,,,
1085959,2017,2017-07-05,Grace Road,1,34.6,Australia,Pakistan,AJ Blackwell,EA Perry,Marina Iqbal,1,0,,,,,,,,,
1085959,2017,2017-07-05,Grace Road,1,35.1,Australia,Pakistan,AJ Blackwell,EA Perry,Diana Baig,4,0,,,,,,,,,
1085959,2017,2017-07-05,Grace Road,1,35.2,Australia,Pakistan,AJ Blackwell,EA Perry,Diana Baig,1,0,,,,,,,,,
1085959,2017,2017-07-05,Grace Road,1,35.3,Australia,Pakistan,EA Perry,AJ Blackwell,Diana Baig,1,0,,,,,,,,,
1085959,2017,2017-07-05,Grace Road,1,35.4,Australia,Pakistan,AJ Blackwell,EA Perry,Diana Baig,0,0,,,,,,,,,
1085959,2017,2017-07-05,Grace Road,1,35.5,Australia,Pakistan,AJ Blackwell,EA Perry,Diana Baig,1,0,,,,,,,,,
1085959,2017,2017-07-05,Grace Road,1,35.6,Australia,Pakistan,EA Perry,AJ Blackwell,Diana Baig,1,0,,,,,,,,,
1085959,2017,2017-07-05,Grace Road,1,36.1,Australia,Pakistan,EA Perry,AJ Blackwell,Sana Mir,1,0,,,,,,,,,
1085959,2017,2017-07-05,Grace Road,1,36.2,Australia,Pakistan,AJ Blackwell,EA Perry,Sana Mir,0,0,,,,,,,,,
1085959,2017,2017-07-05,Grace Road,1,36.3,Australia,Pakistan,AJ Blackwell,EA Perry,Sana Mir,4,0,,,,,,,,,
1085959,2017,2017-07-05,Grace Road,1,36.4,Australia,Pakistan,AJ Blackwell,EA Perry,Sana Mir,0,0,,,,,,,,,
1085959,2017,2017-07-05,Grace Road,1,36.5,Australia,Pakistan,AJ Blackwell,EA Perry,Sana Mir,0,0,,,,,,bowled,AJ Blackwell,,
1085959,2017,2017-07-05,Grace Road,1,36.6,Australia,Pakistan,AJ Healy,EA Perry,Sana Mir,1,0,,,,,,,,,
1085959,2017,2017-07-05,Grace Road,1,37.1,Australia,Pakistan,AJ Healy,EA Perry,Sadia Yousuf,0,0,,,,,,,,,
1085959,2017,2017-07-05,Grace Road,1,37.2,Australia,Pakistan,AJ Healy,EA Perry,Sadia Yousuf,0,0,,,,,,,,,
1085959,2017,2017-07-05,Grace Road,1,37.3,Australia,Pakistan,AJ Healy,EA Perry,Sadia Yousuf,0,0,,,,,,,,,
1085959,2017,2017-07-05,Grace Road,1,37.4,Australia,Pakistan,AJ Healy,EA Perry,Sadia Yousuf,0,0,,,,,,,,,
1085959,2017,2017-07-05,Grace Road,1,37.5,Australia,Pakistan,AJ Healy,EA Perry,Sadia Yousuf,0,0,,,,,,,,,
1085959,2017,2017-07-05,Grace Road,1,37.6,Australia,Pakistan,AJ Healy,EA Perry,Sadia Yousuf,2,0,,,,,,,,,
1085959,2017,2017-07-05,Grace Road,1,38.1,Australia,Pakistan,EA Perry,AJ Healy,Sana Mir,0,0,,,,,,,,,
1085959,2017,2017-07-05,Grace Road,1,38.2,Australia,Pakistan,EA Perry,AJ Healy,Sana Mir,1,0,,,,,,,,,
1085959,2017,2017-07-05,Grace Road,1,38.3,Australia,Pakistan,AJ Healy,EA Perry,Sana Mir,0,0,,,,,,,,,
1085959,2017,2017-07-05,Grace Road,1,38.4,Australia,Pakistan,AJ Healy,EA Perry,Sana Mir,0,0,,,,,,,,,
1085959,2017,2017-07-05,Grace Road,1,38.5,Australia,Pakistan,AJ Healy,EA Perry,Sana Mir,0,0,,,,,,,,,
1085959,2017,2017-07-05,Grace Road,1,38.6,Australia,Pakistan,AJ Healy,EA Perry,Sana Mir,0,0,,,,,,,,,
1085959,2017,2017-07-05,Grace Road,1,39.1,Australia,Pakistan,EA Perry,AJ Healy,Sadia Yousuf,2,0,,,,,,,,,
1085959,2017,2017-07-05,Grace Road,1,39.2,Australia,Pakistan,EA Perry,AJ Healy,Sadia Yousuf,0,0,,,,,,,,,
1085959,2017,2017-07-05,Grace Road,1,39.3,Australia,Pakistan,EA Perry,AJ Healy,Sadia Yousuf,0,0,,,,,,,,,
1085959,2017,2017-07-05,Grace Road,1,39.4,Australia,Pakistan,EA Perry,AJ Healy,Sadia Yousuf,1,0,,,,,,,,,
1085959,2017,2017-07-05,Grace Road,1,39.5,Australia,Pakistan,AJ Healy,EA Perry,Sadia Yousuf,2,0,,,,,,,,,
1085959,2017,2017-07-05,Grace Road,1,39.6,Australia,Pakistan,AJ Healy,EA Perry,Sadia Yousuf,4,0,,,,,,,,,
1085959,2017,2017-07-05,Grace Road,1,40.1,Australia,Pakistan,EA Perry,AJ Healy,Nashra Sandhu,0,0,,,,,,,,,
1085959,2017,2017-07-05,Grace Road,1,40.2,Australia,Pakistan,EA Perry,AJ Healy,Nashra Sandhu,4,0,,,,,,,,,
1085959,2017,2017-07-05,Grace Road,1,40.3,Australia,Pakistan,EA Perry,AJ Healy,Nashra Sandhu,1,0,,,,,,,,,
1085959,2017,2017-07-05,Grace Road,1,40.4,Australia,Pakistan,AJ Healy,EA Perry,Nashra Sandhu,0,0,,,,,,,,,
1085959,2017,2017-07-05,Grace Road,1,40.5,Australia,Pakistan,AJ Healy,EA Perry,Nashra Sandhu,4,0,,,,,,,,,
1085959,2017,2017-07-05,Grace Road,1,40.6,Australia,Pakistan,AJ Healy,EA Perry,Nashra Sandhu,1,0,,,,,,,,,
1085959,2017,2017-07-05,Grace Road,1,41.1,Australia,Pakistan,AJ Healy,EA Perry,Sadia Yousuf,1,0,,,,,,,,,
1085959,2017,2017-07-05,Grace Road,1,41.2,Australia,Pakistan,EA Perry,AJ Healy,Sadia Yousuf,2,0,,,,,,,,,
1085959,2017,2017-07-05,Grace Road,1,41.3,Australia,Pakistan,EA Perry,AJ Healy,Sadia Yousuf,1,0,,,,,,,,,
1085959,2017,2017-07-05,Grace Road,1,41.4,Australia,Pakistan,AJ Healy,EA Perry,Sadia Yousuf,1,0,,,,,,,,,
1085959,2017,2017-07-05,Grace Road,1,41.5,Australia,Pakistan,EA Perry,AJ Healy,Sadia Yousuf,0,0,,,,,,caught,EA Perry,,
1085959,2017,2017-07-05,Grace Road,1,41.6,Australia,Pakistan,JL Jonassen,AJ Healy,Sadia Yousuf,0,0,,,,,,,,,
1085959,2017,2017-07-05,Grace Road,1,42.1,Australia,Pakistan,AJ Healy,JL Jonassen,Nashra Sandhu,1,0,,,,,,,,,
1085959,2017,2017-07-05,Grace Road,1,42.2,Australia,Pakistan,JL Jonassen,AJ Healy,Nashra Sandhu,1,0,,,,,,,,,
1085959,2017,2017-07-05,Grace Road,1,42.3,Australia,Pakistan,AJ Healy,JL Jonassen,Nashra Sandhu,1,0,,,,,,,,,
1085959,2017,2017-07-05,Grace Road,1,42.4,Australia,Pakistan,JL Jonassen,AJ Healy,Nashra Sandhu,0,0,,,,,,,,,
1085959,2017,2017-07-05,Grace Road,1,42.5,Australia,Pakistan,JL Jonassen,AJ Healy,Nashra Sandhu,1,0,,,,,,,,,
1085959,2017,2017-07-05,Grace Road,1,42.6,Australia,Pakistan,AJ Healy,JL Jonassen,Nashra Sandhu,4,0,,,,,,,,,
1085959,2017,2017-07-05,Grace Road,1,43.1,Australia,Pakistan,JL Jonassen,AJ Healy,Sadia Yousuf,0,0,,,,,,,,,
1085959,2017,2017-07-05,Grace Road,1,43.2,Australia,Pakistan,JL Jonassen,AJ Healy,Sadia Yousuf,0,0,,,,,,caught,JL Jonassen,,
1085959,2017,2017-07-05,Grace Road,1,43.3,Australia,Pakistan,A Gardner,AJ Healy,Sadia Yousuf,0,0,,,,,,,,,
1085959,2017,2017-07-05,Grace Road,1,43.4,Australia,Pakistan,A Gardner,AJ Healy,Sadia Yousuf,4,0,,,,,,,,,
1085959,2017,2017-07-05,Grace Road,1,43.5,Australia,Pakistan,A Gardner,AJ Healy,Sadia Yousuf,0,0,,,,,,,,,
1085959,2017,2017-07-05,Grace Road,1,43.6,Australia,Pakistan,A Gardner,AJ Healy,Sadia Yousuf,1,0,,,,,,,,,
1085959,2017,2017-07-05,Grace Road,1,44.1,Australia,Pakistan,A Gardner,AJ Healy,Marina Iqbal,0,0,,,,,,,,,
1085959,2017,2017-07-05,Grace Road,1,44.2,Australia,Pakistan,A Gardner,AJ Healy,Marina Iqbal,4,0,,,,,,,,,
1085959,2017,2017-07-05,Grace Road,1,44.3,Australia,Pakistan,A Gardner,AJ Healy,Marina Iqbal,1,0,,,,,,,,,
1085959,2017,2017-07-05,Grace Road,1,44.4,Australia,Pakistan,AJ Healy,A Gardner,Marina Iqbal,0,1,1,,,,,,,,
1085959,2017,2017-07-05,Grace Road,1,44.5,Australia,Pakistan,AJ Healy,A Gardner,Marina Iqbal,1,0,,,,,,,,,
1085959,2017,2017-07-05,Grace Road,1,44.6,Australia,Pakistan,A Gardner,AJ Healy,Marina Iqbal,1,0,,,,,,,,,
1085959,2017,2017-07-05,Grace Road,1,44.7,Australia,Pakistan,AJ Healy,A Gardner,Marina Iqbal,1,0,,,,,,,,,
1085959,2017,2017-07-05,Grace Road,1,45.1,Australia,Pakistan,AJ Healy,A Gardner,Sadia Yousuf,1,0,,,,,,,,,
1085959,2017,2017-07-05,Grace Road,1,45.2,Australia,Pakistan,A Gardner,AJ Healy,Sadia Yousuf,6,0,,,,,,,,,
1085959,2017,2017-07-05,Grace Road,1,45.3,Australia,Pakistan,A Gardner,AJ Healy,Sadia Yousuf,0,0,,,,,,,,,
1085959,2017,2017-07-05,Grace Road,1,45.4,Australia,Pakistan,A Gardner,AJ Healy,Sadia Yousuf,4,0,,,,,,,,,
1085959,2017,2017-07-05,Grace Road,1,45.5,Australia,Pakistan,A Gardner,AJ Healy,Sadia Yousuf,1,0,,,,,,,,,
1085959,2017,2017-07-05,Grace Road,1,45.6,Australia,Pakistan,AJ Healy,A Gardner,Sadia Yousuf,2,0,,,,,,,,,
1085959,2017,2017-07-05,Grace Road,1,46.1,Australia,Pakistan,A Gardner,AJ Healy,Sana Mir,0,0,,,,,,caught,A Gardner,,
1085959,2017,2017-07-05,Grace Road,1,46.2,Australia,Pakistan,AJ Healy,SE Aley,Sana Mir,4,0,,,,,,,,,
1085959,2017,2017-07-05,Grace Road,1,46.3,Australia,Pakistan,AJ Healy,SE Aley,Sana Mir,4,0,,,,,,,,,
1085959,2017,2017-07-05,Grace Road,1,46.4,Australia,Pakistan,AJ Healy,SE Aley,Sana Mir,1,0,,,,,,,,,
1085959,2017,2017-07-05,Grace Road,1,46.5,Australia,Pakistan,SE Aley,AJ Healy,Sana Mir,1,0,,,,,,,,,
1085959,2017,2017-07-05,Grace Road,1,46.6,Australia,Pakistan,AJ Healy,SE Aley,Sana Mir,0,0,,,,,,,,,
1085959,2017,2017-07-05,Grace Road,1,47.1,Australia,Pakistan,SE Aley,AJ Healy,Diana Baig,4,0,,,,,,,,,
1085959,2017,2017-07-05,Grace Road,1,47.2,Australia,Pakistan,SE Aley,AJ Healy,Diana Baig,1,0,,,,,,,,,
1085959,2017,2017-07-05,Grace Road,1,47.3,Australia,Pakistan,AJ Healy,SE Aley,Diana Baig,0,0,,,,,,,,,
1085959,2017,2017-07-05,Grace Road,1,47.4,Australia,Pakistan,AJ Healy,SE Aley,Diana Baig,4,0,,,,,,,,,
1085959,2017,2017-07-05,Grace Road,1,47.5,Australia,Pakistan,AJ Healy,SE Aley,Diana Baig,1,0,,,,,,,,,
1085959,2017,2017-07-05,Grace Road,1,47.6,Australia,Pakistan,SE Aley,AJ Healy,Diana Baig,0,0,,,,,,,,,
1085959,2017,2017-07-05,Grace Road,1,48.1,Australia,Pakistan,AJ Healy,SE Aley,Sana Mir,1,0,,,,,,,,,
1085959,2017,2017-07-05,Grace Road,1,48.2,Australia,Pakistan,SE Aley,AJ Healy,Sana Mir,1,0,,,,,,,,,
1085959,2017,2017-07-05,Grace Road,1,48.3,Australia,Pakistan,AJ Healy,SE Aley,Sana Mir,4,0,,,,,,,,,
1085959,2017,2017-07-05,Grace Road,1,48.4,Australia,Pakistan,AJ Healy,SE Aley,Sana Mir,1,0,,,,,,,,,
1085959,2017,2017-07-05,Grace Road,1,48.5,Australia,Pakistan,SE Aley,AJ Healy,Sana Mir,1,0,,,,,,,,,
1085959,2017,2017-07-05,Grace Road,1,48.6,Australia,Pakistan,AJ Healy,SE Aley,Sana Mir,1,0,,,,,,,,,
1085959,2017,2017-07-05,Grace Road,1,49.1,Australia,Pakistan,AJ Healy,SE Aley,Diana Baig,4,0,,,,,,,,,
1085959,2017,2017-07-05,Grace Road,1,49.2,Australia,Pakistan,AJ Healy,SE Aley,Diana Baig,6,0,,,,,,,,,
1085959,2017,2017-07-05,Grace Road,1,49.3,Australia,Pakistan,AJ Healy,SE Aley,Diana Baig,4,0,,,,,,,,,
1085959,2017,2017-07-05,Grace Road,1,49.4,Australia,Pakistan,AJ Healy,SE Aley,Diana Baig,1,0,,,,,,,,,
1085959,2017,2017-07-05,Grace Road,1,49.5,Australia,Pakistan,SE Aley,AJ Healy,Diana Baig,4,0,,,,,,,,,
1085959,2017,2017-07-05,Grace Road,1,49.6,Australia,Pakistan,SE Aley,AJ Healy,Diana Baig,3,0,,,,,,,,,
1085959,2017,2017-07-05,Grace Road,2,0.1,Pakistan,Australia,Ayesha Zafar,Nahida Khan,EA Perry,2,0,,,,,,,,,
1085959,2017,2017-07-05,Grace Road,2,0.2,Pakistan,Australia,Ayesha Zafar,Nahida Khan,EA Perry,0,1,,,,1,,,,,
1085959,2017,2017-07-05,Grace Road,2,0.3,Pakistan,Australia,Nahida Khan,Ayesha Zafar,EA Perry,0,0,,,,,,,,,
1085959,2017,2017-07-05,Grace Road,2,0.4,Pakistan,Australia,Nahida Khan,Ayesha Zafar,EA Perry,0,1,,,,1,,,,,
1085959,2017,2017-07-05,Grace Road,2,0.5,Pakistan,Australia,Ayesha Zafar,Nahida Khan,EA Perry,0,0,,,,,,,,,
1085959,2017,2017-07-05,Grace Road,2,0.6,Pakistan,Australia,Ayesha Zafar,Nahida Khan,EA Perry,0,0,,,,,,,,,
1085959,2017,2017-07-05,Grace Road,2,1.1,Pakistan,Australia,Nahida Khan,Ayesha Zafar,JL Jonassen,0,0,,,,,,,,,
1085959,2017,2017-07-05,Grace Road,2,1.2,Pakistan,Australia,Nahida Khan,Ayesha Zafar,JL Jonassen,0,0,,,,,,,,,
1085959,2017,2017-07-05,Grace Road,2,1.3,Pakistan,Australia,Nahida Khan,Ayesha Zafar,JL Jonassen,0,0,,,,,,bowled,Nahida Khan,,
1085959,2017,2017-07-05,Grace Road,2,1.4,Pakistan,Australia,Marina Iqbal,Ayesha Zafar,JL Jonassen,0,0,,,,,,,,,
1085959,2017,2017-07-05,Grace Road,2,1.5,Pakistan,Australia,Marina Iqbal,Ayesha Zafar,JL Jonassen,0,0,,,,,,,,,
1085959,2017,2017-07-05,Grace Road,2,1.6,Pakistan,Australia,Marina Iqbal,Ayesha Zafar,JL Jonassen,0,0,,,,,,,,,
1085959,2017,2017-07-05,Grace Road,2,2.1,Pakistan,Australia,Ayesha Zafar,Marina Iqbal,EA Perry,0,0,,,,,,,,,
1085959,2017,2017-07-05,Grace Road,2,2.2,Pakistan,Australia,Ayesha Zafar,Marina Iqbal,EA Perry,0,1,,,,1,,,,,
1085959,2017,2017-07-05,Grace Road,2,2.3,Pakistan,Australia,Marina Iqbal,Ayesha Zafar,EA Perry,0,0,,,,,,,,,
1085959,2017,2017-07-05,Grace Road,2,2.4,Pakistan,Australia,Marina Iqbal,Ayesha Zafar,EA Perry,0,0,,,,,,,,,
1085959,2017,2017-07-05,Grace Road,2,2.5,Pakistan,Australia,Marina Iqbal,Ayesha Zafar,EA Perry,1,0,,,,,,,,,
1085959,2017,2017-07-05,Grace Road,2,2.6,Pakistan,Australia,Ayesha Zafar,Marina Iqbal,EA Perry,0,0,,,,,,,,,
1085959,2017,2017-07-05,Grace Road,2,3.1,Pakistan,Australia,Marina Iqbal,Ayesha Zafar,JL Jonassen,0,0,,,,,,,,,
1085959,2017,2017-07-05,Grace Road,2,3.2,Pakistan,Australia,Marina Iqbal,Ayesha Zafar,JL Jonassen,0,0,,,,,,,,,
1085959,2017,2017-07-05,Grace Road,2,3.3,Pakistan,Australia,Marina Iqbal,Ayesha Zafar,JL Jonassen,0,0,,,,,,,,,
1085959,2017,2017-07-05,Grace Road,2,3.4,Pakistan,Australia,Marina Iqbal,Ayesha Zafar,JL Jonassen,0,0,,,,,,,,,
1085959,2017,2017-07-05,Grace Road,2,3.5,Pakistan,Australia,Marina Iqbal,Ayesha Zafar,JL Jonassen,0,0,,,,,,,,,
1085959,2017,2017-07-05,Grace Road,2,3.6,Pakistan,Australia,Marina Iqbal,Ayesha Zafar,JL Jonassen,0,0,,,,,,,,,
1085959,2017,2017-07-05,Grace Road,2,4.1,Pakistan,Australia,Ayesha Zafar,Marina Iqbal,EA Perry,0,0,,,,,,,,,
1085959,2017,2017-07-05,Grace Road,2,4.2,Pakistan,Australia,Ayesha Zafar,Marina Iqbal,EA Perry,0,0,,,,,,,,,
1085959,2017,2017-07-05,Grace Road,2,4.3,Pakistan,Australia,Ayesha Zafar,Marina Iqbal,EA Perry,0,0,,,,,,,,,
1085959,2017,2017-07-05,Grace Road,2,4.4,Pakistan,Australia,Ayesha Zafar,Marina Iqbal,EA Perry,0,0,,,,,,,,,
1085959,2017,2017-07-05,Grace Road,2,4.5,Pakistan,Australia,Ayesha Zafar,Marina Iqbal,EA Perry,0,0,,,,,,,,,
1085959,2017,2017-07-05,Grace Road,2,4.6,Pakistan,Australia,Ayesha Zafar,Marina Iqbal,EA Perry,4,0,,,,,,,,,
1085959,2017,2017-07-05,Grace Road,2,5.1,Pakistan,Australia,Marina Iqbal,Ayesha Zafar,JL Jonassen,0,0,,,,,,,,,
1085959,2017,2017-07-05,Grace Road,2,5.2,Pakistan,Australia,Marina Iqbal,Ayesha Zafar,JL Jonassen,0,0,,,,,,,,,
1085959,2017,2017-07-05,Grace Road,2,5.3,Pakistan,Australia,Marina Iqbal,Ayesha Zafar,JL Jonassen,0,0,,,,,,,,,
1085959,2017,2017-07-05,Grace Road,2,5.4,Pakistan,Australia,Marina Iqbal,Ayesha Zafar,JL Jonassen,0,0,,,,,,,,,
1085959,2017,2017-07-05,Grace Road,2,5.5,Pakistan,Australia,Marina Iqbal,Ayesha Zafar,JL Jonassen,4,0,,,,,,,,,
1085959,2017,2017-07-05,Grace Road,2,5.6,Pakistan,Australia,Marina Iqbal,Ayesha Zafar,JL Jonassen,0,0,,,,,,,,,
1085959,2017,2017-07-05,Grace Road,2,6.1,Pakistan,Australia,Ayesha Zafar,Marina Iqbal,EA Perry,1,0,,,,,,,,,
1085959,2017,2017-07-05,Grace Road,2,6.2,Pakistan,Australia,Marina Iqbal,Ayesha Zafar,EA Perry,0,0,,,,,,,,,
1085959,2017,2017-07-05,Grace Road,2,6.3,Pakistan,Australia,Marina Iqbal,Ayesha Zafar,EA Perry,0,0,,,,,,,,,
1085959,2017,2017-07-05,Grace Road,2,6.4,Pakistan,Australia,Marina Iqbal,Ayesha Zafar,EA Perry,0,0,,,,,,,,,
1085959,2017,2017-07-05,Grace Road,2,6.5,Pakistan,Australia,Marina Iqbal,Ayesha Zafar,EA Perry,0,0,,,,,,,,,
1085959,2017,2017-07-05,Grace Road,2,6.6,Pakistan,Australia,Marina Iqbal,Ayesha Zafar,EA Perry,0,0,,,,,,,,,
1085959,2017,2017-07-05,Grace Road,2,7.1,Pakistan,Australia,Ayesha Zafar,Marina Iqbal,JL Jonassen,0,0,,,,,,,,,
1085959,2017,2017-07-05,Grace Road,2,7.2,Pakistan,Australia,Ayesha Zafar,Marina Iqbal,JL Jonassen,0,0,,,,,,,,,
1085959,2017,2017-07-05,Grace Road,2,7.3,Pakistan,Australia,Ayesha Zafar,Marina Iqbal,JL Jonassen,1,0,,,,,,,,,
1085959,2017,2017-07-05,Grace Road,2,7.4,Pakistan,Australia,Marina Iqbal,Ayesha Zafar,JL Jonassen,0,0,,,,,,,,,
1085959,2017,2017-07-05,Grace Road,2,7.5,Pakistan,Australia,Marina Iqbal,Ayesha Zafar,JL Jonassen,0,0,,,,,,,,,
1085959,2017,2017-07-05,Grace Road,2,7.6,Pakistan,Australia,Marina Iqbal,Ayesha Zafar,JL Jonassen,0,0,,,,,,,,,
1085959,2017,2017-07-05,Grace Road,2,8.1,Pakistan,Australia,Ayesha Zafar,Marina Iqbal,SE Aley,0,0,,,,,,,,,
1085959,2017,2017-07-05,Grace Road,2,8.2,Pakistan,Australia,Ayesha Zafar,Marina Iqbal,SE Aley,0,0,,,,,,caught,Ayesha Zafar,,
1085959,2017,2017-07-05,Grace Road,2,8.3,Pakistan,Australia,Nain Abidi,Marina Iqbal,SE Aley,0,0,,,,,,,,,
1085959,2017,2017-07-05,Grace Road,2,8.4,Pakistan,Australia,Nain Abidi,Marina Iqbal,SE Aley,0,0,,,,,,,,,
1085959,2017,2017-07-05,Grace Road,2,8.5,Pakistan,Australia,Nain Abidi,Marina Iqbal,SE Aley,0,0,,,,,,,,,
1085959,2017,2017-07-05,Grace Road,2,8.6,Pakistan,Australia,Nain Abidi,Marina Iqbal,SE Aley,0,1,1,,,,,,,,
1085959,2017,2017-07-05,Grace Road,2,8.7,Pakistan,Australia,Nain Abidi,Marina Iqbal,SE Aley,1,0,,,,,,,,,
1085959,2017,2017-07-05,Grace Road,2,9.1,Pakistan,Australia,Nain Abidi,Marina Iqbal,JL Jonassen,0,0,,,,,,,,,
1085959,2017,2017-07-05,Grace Road,2,9.2,Pakistan,Australia,Nain Abidi,Marina Iqbal,JL Jonassen,0,0,,,,,,,,,
1085959,2017,2017-07-05,Grace Road,2,9.3,Pakistan,Australia,Nain Abidi,Marina Iqbal,JL Jonassen,0,0,,,,,,,,,
1085959,2017,2017-07-05,Grace Road,2,9.4,Pakistan,Australia,Nain Abidi,Marina Iqbal,JL Jonassen,0,0,,,,,,,,,
1085959,2017,2017-07-05,Grace Road,2,9.5,Pakistan,Australia,Nain Abidi,Marina Iqbal,JL Jonassen,0,0,,,,,,,,,
1085959,2017,2017-07-05,Grace Road,2,9.6,Pakistan,Australia,Nain Abidi,Marina Iqbal,JL Jonassen,0,0,,,,,,,,,
1085959,2017,2017-07-05,Grace Road,2,10.1,Pakistan,Australia,Marina Iqbal,Nain Abidi,SE Aley,0,0,,,,,,,,,
1085959,2017,2017-07-05,Grace Road,2,10.2,Pakistan,Australia,Marina Iqbal,Nain Abidi,SE Aley,0,0,,,,,,,,,
1085959,2017,2017-07-05,Grace Road,2,10.3,Pakistan,Australia,Marina Iqbal,Nain Abidi,SE Aley,4,0,,,,,,,,,
1085959,2017,2017-07-05,Grace Road,2,10.4,Pakistan,Australia,Marina Iqbal,Nain Abidi,SE Aley,0,0,,,,,,,,,
1085959,2017,2017-07-05,Grace Road,2,10.5,Pakistan,Australia,Marina Iqbal,Nain Abidi,SE Aley,0,0,,,,,,,,,
1085959,2017,2017-07-05,Grace Road,2,10.6,Pakistan,Australia,Marina Iqbal,Nain Abidi,SE Aley,0,0,,,,,,,,,
1085959,2017,2017-07-05,Grace Road,2,11.1,Pakistan,Australia,Nain Abidi,Marina Iqbal,KM Beams,0,0,,,,,,,,,
1085959,2017,2017-07-05,Grace Road,2,11.2,Pakistan,Australia,Nain Abidi,Marina Iqbal,KM Beams,0,1,,,,1,,,,,
1085959,2017,2017-07-05,Grace Road,2,11.3,Pakistan,Australia,Marina Iqbal,Nain Abidi,KM Beams,0,0,,,,,,caught,Marina Iqbal,,
1085959,2017,2017-07-05,Grace Road,2,11.4,Pakistan,Australia,Iram Javed,Nain Abidi,KM Beams,0,0,,,,,,,,,
1085959,2017,2017-07-05,Grace Road,2,11.5,Pakistan,Australia,Iram Javed,Nain Abidi,KM Beams,0,0,,,,,,,,,
1085959,2017,2017-07-05,Grace Road,2,11.6,Pakistan,Australia,Iram Javed,Nain Abidi,KM Beams,0,0,,,,,,,,,
1085959,2017,2017-07-05,Grace Road,2,12.1,Pakistan,Australia,Nain Abidi,Iram Javed,SE Aley,0,0,,,,,,,,,
1085959,2017,2017-07-05,Grace Road,2,12.2,Pakistan,Australia,Nain Abidi,Iram Javed,SE Aley,0,0,,,,,,,,,
1085959,2017,2017-07-05,Grace Road,2,12.3,Pakistan,Australia,Nain Abidi,Iram Javed,SE Aley,0,0,,,,,,,,,
1085959,2017,2017-07-05,Grace Road,2,12.4,Pakistan,Australia,Nain Abidi,Iram Javed,SE Aley,0,0,,,,,,,,,
1085959,2017,2017-07-05,Grace Road,2,12.5,Pakistan,Australia,Nain Abidi,Iram Javed,SE Aley,4,0,,,,,,,,,
1085959,2017,2017-07-05,Grace Road,2,12.6,Pakistan,Australia,Nain Abidi,Iram Javed,SE Aley,0,0,,,,,,,,,
1085959,2017,2017-07-05,Grace Road,2,13.1,Pakistan,Australia,Iram Javed,Nain Abidi,KM Beams,0,0,,,,,,,,,
1085959,2017,2017-07-05,Grace Road,2,13.2,Pakistan,Australia,Iram Javed,Nain Abidi,KM Beams,0,0,,,,,,,,,
1085959,2017,2017-07-05,Grace Road,2,13.3,Pakistan,Australia,Iram Javed,Nain Abidi,KM Beams,0,0,,,,,,,,,
1085959,2017,2017-07-05,Grace Road,2,13.4,Pakistan,Australia,Iram Javed,Nain Abidi,KM Beams,0,0,,,,,,,,,
1085959,2017,2017-07-05,Grace Road,2,13.5,Pakistan,Australia,Iram Javed,Nain Abidi,KM Beams,4,0,,,,,,,,,
1085959,2017,2017-07-05,Grace Road,2,13.6,Pakistan,Australia,Iram Javed,Nain Abidi,KM Beams,0,0,,,,,,,,,
1085959,2017,2017-07-05,Grace Road,2,14.1,Pakistan,Australia,Nain Abidi,Iram Javed,SE Aley,0,0,,,,,,,,,
1085959,2017,2017-07-05,Grace Road,2,14.2,Pakistan,Australia,Nain Abidi,Iram Javed,SE Aley,0,0,,,,,,,,,
1085959,2017,2017-07-05,Grace Road,2,14.3,Pakistan,Australia,Nain Abidi,Iram Javed,SE Aley,0,0,,,,,,,,,
1085959,2017,2017-07-05,Grace Road,2,14.4,Pakistan,Australia,Nain Abidi,Iram Javed,SE Aley,2,0,,,,,,,,,
1085959,2017,2017-07-05,Grace Road,2,14.5,Pakistan,Australia,Nain Abidi,Iram Javed,SE Aley,0,0,,,,,,,,,
1085959,2017,2017-07-05,Grace Road,2,14.6,Pakistan,Australia,Nain Abidi,Iram Javed,SE Aley,0,0,,,,,,,,,
1085959,2017,2017-07-05,Grace Road,2,15.1,Pakistan,Australia,Iram Javed,Nain Abidi,KM Beams,0,1,1,,,,,,,,
1085959,2017,2017-07-05,Grace Road,2,15.2,Pakistan,Australia,Iram Javed,Nain Abidi,KM Beams,0,0,,,,,,,,,
1085959,2017,2017-07-05,Grace Road,2,15.3,Pakistan,Australia,Iram Javed,Nain Abidi,KM Beams,0,0,,,,,,,,,
1085959,2017,2017-07-05,Grace Road,2,15.4,Pakistan,Australia,Iram Javed,Nain Abidi,KM Beams,0,0,,,,,,,,,
1085959,2017,2017-07-05,Grace Road,2,15.5,Pakistan,Australia,Iram Javed,Nain Abidi,KM Beams,4,0,,,,,,,,,
1085959,2017,2017-07-05,Grace Road,2,15.6,Pakistan,Australia,Iram Javed,Nain Abidi,KM Beams,1,0,,,,,,,,,
1085959,2017,2017-07-05,Grace Road,2,15.7,Pakistan,Australia,Nain Abidi,Iram Javed,KM Beams,0,0,,,,,,,,,
1085959,2017,2017-07-05,Grace Road,2,16.1,Pakistan,Australia,Iram Javed,Nain Abidi,A Gardner,0,0,,,,,,,,,
1085959,2017,2017-07-05,Grace Road,2,16.2,Pakistan,Australia,Iram Javed,Nain Abidi,A Gardner,0,0,,,,,,,,,
1085959,2017,2017-07-05,Grace Road,2,16.3,Pakistan,Australia,Iram Javed,Nain Abidi,A Gardner,0,0,,,,,,,,,
1085959,2017,2017-07-05,Grace Road,2,16.4,Pakistan,Australia,Iram Javed,Nain Abidi,A Gardner,0,0,,,,,,,,,
1085959,2017,2017-07-05,Grace Road,2,16.5,Pakistan,Australia,Iram Javed,Nain Abidi,A Gardner,0,0,,,,,,,,,
1085959,2017,2017-07-05,Grace Road,2,16.6,Pakistan,Australia,Iram Javed,Nain Abidi,A Gardner,0,0,,,,,,,,,
1085959,2017,2017-07-05,Grace Road,2,17.1,Pakistan,Australia,Nain Abidi,Iram Javed,KM Beams,0,0,,,,,,,,,
1085959,2017,2017-07-05,Grace Road,2,17.2,Pakistan,Australia,Nain Abidi,Iram Javed,KM Beams,0,0,,,,,,,,,
1085959,2017,2017-07-05,Grace Road,2,17.3,Pakistan,Australia,Nain Abidi,Iram Javed,KM Beams,0,0,,,,,,,,,
1085959,2017,2017-07-05,Grace Road,2,17.4,Pakistan,Australia,Nain Abidi,Iram Javed,KM Beams,0,0,,,,,,caught,Nain Abidi,,
1085959,2017,2017-07-05,Grace Road,2,17.5,Pakistan,Australia,Asmavia Iqbal,Iram Javed,KM Beams,0,0,,,,,,,,,
1085959,2017,2017-07-05,Grace Road,2,17.6,Pakistan,Australia,Asmavia Iqbal,Iram Javed,KM Beams,0,1,1,,,,,,,,
1085959,2017,2017-07-05,Grace Road,2,17.7,Pakistan,Australia,Asmavia Iqbal,Iram Javed,KM Beams,0,0,,,,,,,,,
1085959,2017,2017-07-05,Grace Road,2,18.1,Pakistan,Australia,Iram Javed,Asmavia Iqbal,A Gardner,0,0,,,,,,,,,
1085959,2017,2017-07-05,Grace Road,2,18.2,Pakistan,Australia,Iram Javed,Asmavia Iqbal,A Gardner,1,0,,,,,,,,,
1085959,2017,2017-07-05,Grace Road,2,18.3,Pakistan,Australia,Asmavia Iqbal,Iram Javed,A Gardner,0,0,,,,,,,,,
1085959,2017,2017-07-05,Grace Road,2,18.4,Pakistan,Australia,Asmavia Iqbal,Iram Javed,A Gardner,0,0,,,,,,,,,
1085959,2017,2017-07-05,Grace Road,2,18.5,Pakistan,Australia,Asmavia Iqbal,Iram Javed,A Gardner,0,0,,,,,,,,,
1085959,2017,2017-07-05,Grace Road,2,18.6,Pakistan,Australia,Asmavia Iqbal,Iram Javed,A Gardner,0,0,,,,,,,,,
1085959,2017,2017-07-05,Grace Road,2,19.1,Pakistan,Australia,Iram Javed,Asmavia Iqbal,KM Beams,0,0,,,,,,,,,
1085959,2017,2017-07-05,Grace Road,2,19.2,Pakistan,Australia,Iram Javed,Asmavia Iqbal,KM Beams,0,0,,,,,,,,,
1085959,2017,2017-07-05,Grace Road,2,19.3,Pakistan,Australia,Iram Javed,Asmavia Iqbal,KM Beams,0,0,,,,,,,,,
1085959,2017,2017-07-05,Grace Road,2,19.4,Pakistan,Australia,Iram Javed,Asmavia Iqbal,KM Beams,1,0,,,,,,,,,
1085959,2017,2017-07-05,Grace Road,2,19.5,Pakistan,Australia,Asmavia Iqbal,Iram Javed,KM Beams,0,0,,,,,,,,,
1085959,2017,2017-07-05,Grace Road,2,19.6,Pakistan,Australia,Asmavia Iqbal,Iram Javed,KM Beams,0,0,,,,,,,,,
1085959,2017,2017-07-05,Grace Road,2,20.1,Pakistan,Australia,Iram Javed,Asmavia Iqbal,A Gardner,1,0,,,,,,,,,
1085959,2017,2017-07-05,Grace Road,2,20.2,Pakistan,Australia,Asmavia Iqbal,Iram Javed,A Gardner,0,0,,,,,,,,,
1085959,2017,2017-07-05,Grace Road,2,20.3,Pakistan,Australia,Asmavia Iqbal,Iram Javed,A Gardner,0,0,,,,,,,,,
1085959,2017,2017-07-05,Grace Road,2,20.4,Pakistan,Australia,Asmavia Iqbal,Iram Javed,A Gardner,0,0,,,,,,,,,
1085959,2017,2017-07-05,Grace Road,2,20.5,Pakistan,Australia,Asmavia Iqbal,Iram Javed,A Gardner,0,0,,,,,,,,,
1085959,2017,2017-07-05,Grace Road,2,20.6,Pakistan,Australia,Asmavia Iqbal,Iram Javed,A Gardner,5,0,,,,,,,,,
1085959,2017,2017-07-05,Grace Road,2,21.1,Pakistan,Australia,Asmavia Iqbal,Iram Javed,KM Beams,0,0,,,,,,,,,
1085959,2017,2017-07-05,Grace Road,2,21.2,Pakistan,Australia,Asmavia Iqbal,Iram Javed,KM Beams,0,0,,,,,,,,,
1085959,2017,2017-07-05,Grace Road,2,21.3,Pakistan,Australia,Asmavia Iqbal,Iram Javed,KM Beams,0,0,,,,,,,,,
1085959,2017,2017-07-05,Grace Road,2,21.4,Pakistan,Australia,Asmavia Iqbal,Iram Javed,KM Beams,0,0,,,,,,,,,
1085959,2017,2017-07-05,Grace Road,2,21.5,Pakistan,Australia,Asmavia Iqbal,Iram Javed,KM Beams,0,0,,,,,,,,,
1085959,2017,2017-07-05,Grace Road,2,21.6,Pakistan,Australia,Asmavia Iqbal,Iram Javed,KM Beams,0,0,,,,,,,,,
1085959,2017,2017-07-05,Grace Road,2,22.1,Pakistan,Australia,Iram Javed,Asmavia Iqbal,A Gardner,4,0,,,,,,,,,
1085959,2017,2017-07-05,Grace Road,2,22.2,Pakistan,Australia,Iram Javed,Asmavia Iqbal,A Gardner,0,0,,,,,,,,,
1085959,2017,2017-07-05,Grace Road,2,22.3,Pakistan,Australia,Iram Javed,Asmavia Iqbal,A Gardner,0,0,,,,,,,,,
1085959,2017,2017-07-05,Grace Road,2,22.4,Pakistan,Australia,Iram Javed,Asmavia Iqbal,A Gardner,0,0,,,,,,,,,
1085959,2017,2017-07-05,Grace Road,2,22.5,Pakistan,Australia,Iram Javed,Asmavia Iqbal,A Gardner,0,0,,,,,,,,,
1085959,2017,2017-07-05,Grace Road,2,22.6,Pakistan,Australia,Iram Javed,Asmavia Iqbal,A Gardner,0,0,,,,,,,,,
1085959,2017,2017-07-05,Grace Road,2,23.1,Pakistan,Australia,Asmavia Iqbal,Iram Javed,EJ Villani,4,0,,,,,,,,,
1085959,2017,2017-07-05,Grace Road,2,23.2,Pakistan,Australia,Asmavia Iqbal,Iram Javed,EJ Villani,0,0,,,,,,,,,
1085959,2017,2017-07-05,Grace Road,2,23.3,Pakistan,Australia,Asmavia Iqbal,Iram Javed,EJ Villani,0,0,,,,,,,,,
1085959,2017,2017-07-05,Grace Road,2,23.4,Pakistan,Australia,Asmavia Iqbal,Iram Javed,EJ Villani,0,1,,,,1,,,,,
1085959,2017,2017-07-05,Grace Road,2,23.5,Pakistan,Australia,Iram Javed,Asmavia Iqbal,EJ Villani,1,0,,,,,,,,,
1085959,2017,2017-07-05,Grace Road,2,23.6,Pakistan,Australia,Asmavia Iqbal,Iram Javed,EJ Villani,0,0,,,,,,,,,
1085959,2017,2017-07-05,Grace Road,2,24.1,Pakistan,Australia,Iram Javed,Asmavia Iqbal,A Gardner,4,0,,,,,,,,,
1085959,2017,2017-07-05,Grace Road,2,24.2,Pakistan,Australia,Iram Javed,Asmavia Iqbal,A Gardner,0,0,,,,,,,,,
1085959,2017,2017-07-05,Grace Road,2,24.3,Pakistan,Australia,Iram Javed,Asmavia Iqbal,A Gardner,0,0,,,,,,caught,Iram Javed,,
1085959,2017,2017-07-05,Grace Road,2,24.4,Pakistan,Australia,Asmavia Iqbal,Sana Mir,A Gardner,0,0,,,,,,,,,
1085959,2017,2017-07-05,Grace Road,2,24.5,Pakistan,Australia,Asmavia Iqbal,Sana Mir,A Gardner,0,0,,,,,,,,,
1085959,2017,2017-07-05,Grace Road,2,24.6,Pakistan,Australia,Asmavia Iqbal,Sana Mir,A Gardner,0,0,,,,,,,,,
1085959,2017,2017-07-05,Grace Road,2,25.1,Pakistan,Australia,Sana Mir,Asmavia Iqbal,EJ Villani,0,0,,,,,,,,,
1085959,2017,2017-07-05,Grace Road,2,25.2,Pakistan,Australia,Sana Mir,Asmavia Iqbal,EJ Villani,0,1,1,,,,,,,,
1085959,2017,2017-07-05,Grace Road,2,25.3,Pakistan,Australia,Sana Mir,Asmavia Iqbal,EJ Villani,0,0,,,,,,,,,
1085959,2017,2017-07-05,Grace Road,2,25.4,Pakistan,Australia,Sana Mir,Asmavia Iqbal,EJ Villani,0,0,,,,,,,,,
1085959,2017,2017-07-05,Grace Road,2,25.5,Pakistan,Australia,Sana Mir,Asmavia Iqbal,EJ Villani,0,0,,,,,,,,,
1085959,2017,2017-07-05,Grace Road,2,25.6,Pakistan,Australia,Sana Mir,Asmavia Iqbal,EJ Villani,0,0,,,,,,,,,
1085959,2017,2017-07-05,Grace Road,2,25.7,Pakistan,Australia,Sana Mir,Asmavia Iqbal,EJ Villani,0,1,1,,,,,,,,
1085959,2017,2017-07-05,Grace Road,2,25.8,Pakistan,Australia,Sana Mir,Asmavia Iqbal,EJ Villani,1,0,,,,,,,,,
1085959,2017,2017-07-05,Grace Road,2,26.1,Pakistan,Australia,Sana Mir,Asmavia Iqbal,EA Perry,0,0,,,,,,,,,
1085959,2017,2017-07-05,Grace Road,2,26.2,Pakistan,Australia,Sana Mir,Asmavia Iqbal,EA Perry,0,0,,,,,,,,,
1085959,2017,2017-07-05,Grace Road,2,26.3,Pakistan,Australia,Sana Mir,Asmavia Iqbal,EA Perry,0,1,1,,,,,,,,
1085959,2017,2017-07-05,Grace Road,2,26.4,Pakistan,Australia,Sana Mir,Asmavia Iqbal,EA Perry,0,0,,,,,,,,,
1085959,2017,2017-07-05,Grace Road,2,26.5,Pakistan,Australia,Sana Mir,Asmavia Iqbal,EA Perry,0,0,,,,,,,,,
1085959,2017,2017-07-05,Grace Road,2,26.6,Pakistan,Australia,Sana Mir,Asmavia Iqbal,EA Perry,0,1,,,1,,,,,,
1085959,2017,2017-07-05,Grace Road,2,26.7,Pakistan,Australia,Asmavia Iqbal,Sana Mir,EA Perry,0,0,,,,,,,,,
1085959,2017,2017-07-05,Grace Road,2,27.1,Pakistan,Australia,Sana Mir,Asmavia Iqbal,JL Jonassen,0,0,,,,,,,,,
1085959,2017,2017-07-05,Grace Road,2,27.2,Pakistan,Australia,Sana Mir,Asmavia Iqbal,JL Jonassen,0,0,,,,,,,,,
1085959,2017,2017-07-05,Grace Road,2,27.3,Pakistan,Australia,Sana Mir,Asmavia Iqbal,JL Jonassen,0,0,,,,,,,,,
1085959,2017,2017-07-05,Grace Road,2,27.4,Pakistan,Australia,Sana Mir,Asmavia Iqbal,JL Jonassen,0,0,,,,,,,,,
1085959,2017,2017-07-05,Grace Road,2,27.5,Pakistan,Australia,Sana Mir,Asmavia Iqbal,JL Jonassen,0,0,,,,,,,,,
1085959,2017,2017-07-05,Grace Road,2,27.6,Pakistan,Australia,Sana Mir,Asmavia Iqbal,JL Jonassen,0,1,,,,1,,,,,
1085959,2017,2017-07-05,Grace Road,2,28.1,Pakistan,Australia,Sana Mir,Asmavia Iqbal,EA Perry,0,0,,,,,,,,,
1085959,2017,2017-07-05,Grace Road,2,28.2,Pakistan,Australia,Sana Mir,Asmavia Iqbal,EA Perry,0,0,,,,,,,,,
1085959,2017,2017-07-05,Grace Road,2,28.3,Pakistan,Australia,Sana Mir,Asmavia Iqbal,EA Perry,0,0,,,,,,,,,
1085959,2017,2017-07-05,Grace Road,2,28.4,Pakistan,Australia,Sana Mir,Asmavia Iqbal,EA Perry,0,0,,,,,,,,,
1085959,2017,2017-07-05,Grace Road,2,28.5,Pakistan,Australia,Sana Mir,Asmavia Iqbal,EA Perry,1,0,,,,,,,,,
1085959,2017,2017-07-05,Grace Road,2,28.6,Pakistan,Australia,Asmavia Iqbal,Sana Mir,EA Perry,0,0,,,,,,,,,
1085959,2017,2017-07-05,Grace Road,2,29.1,Pakistan,Australia,Sana Mir,Asmavia Iqbal,JL Jonassen,2,0,,,,,,,,,
1085959,2017,2017-07-05,Grace Road,2,29.2,Pakistan,Australia,Sana Mir,Asmavia Iqbal,JL Jonassen,0,0,,,,,,,,,
1085959,2017,2017-07-05,Grace Road,2,29.3,Pakistan,Australia,Sana Mir,Asmavia Iqbal,JL Jonassen,0,0,,,,,,,,,
1085959,2017,2017-07-05,Grace Road,2,29.4,Pakistan,Australia,Sana Mir,Asmavia Iqbal,JL Jonassen,0,0,,,,,,,,,
1085959,2017,2017-07-05,Grace Road,2,29.5,Pakistan,Australia,Sana Mir,Asmavia Iqbal,JL Jonassen,0,0,,,,,,,,,
1085959,2017,2017-07-05,Grace Road,2,29.6,Pakistan,Australia,Sana Mir,Asmavia Iqbal,JL Jonassen,0,0,,,,,,,,,
1085959,2017,2017-07-05,Grace Road,2,30.1,Pakistan,Australia,Asmavia Iqbal,Sana Mir,EA Perry,0,1,1,,,,,,,,
1085959,2017,2017-07-05,Grace Road,2,30.2,Pakistan,Australia,Asmavia Iqbal,Sana Mir,EA Perry,1,0,,,,,,,,,
1085959,2017,2017-07-05,Grace Road,2,30.3,Pakistan,Australia,Sana Mir,Asmavia Iqbal,EA Perry,0,0,,,,,,,,,
1085959,2017,2017-07-05,Grace Road,2,30.4,Pakistan,Australia,Sana Mir,Asmavia Iqbal,EA Perry,0,0,,,,,,,,,
1085959,2017,2017-07-05,Grace Road,2,30.5,Pakistan,Australia,Sana Mir,Asmavia Iqbal,EA Perry,0,0,,,,,,,,,
1085959,2017,2017-07-05,Grace Road,2,30.6,Pakistan,Australia,Sana Mir,Asmavia Iqbal,EA Perry,4,0,,,,,,,,,
1085959,2017,2017-07-05,Grace Road,2,30.7,Pakistan,Australia,Sana Mir,Asmavia Iqbal,EA Perry,0,0,,,,,,,,,
1085959,2017,2017-07-05,Grace Road,2,31.1,Pakistan,Australia,Asmavia Iqbal,Sana Mir,KM Beams,0,0,,,,,,bowled,Asmavia Iqbal,,
1085959,2017,2017-07-05,Grace Road,2,31.2,Pakistan,Australia,Sidra Nawaz,Sana Mir,KM Beams,0,0,,,,,,,,,
1085959,2017,2017-07-05,Grace Road,2,31.3,Pakistan,Australia,Sidra Nawaz,Sana Mir,KM Beams,0,0,,,,,,,,,
1085959,2017,2017-07-05,Grace Road,2,31.4,Pakistan,Australia,Sidra Nawaz,Sana Mir,KM Beams,1,0,,,,,,,,,
1085959,2017,2017-07-05,Grace Road,2,31.5,Pakistan,Australia,Sana Mir,Sidra Nawaz,KM Beams,0,0,,,,,,,,,
1085959,2017,2017-07-05,Grace Road,2,31.6,Pakistan,Australia,Sana Mir,Sidra Nawaz,KM Beams,1,0,,,,,,,,,
1085959,2017,2017-07-05,Grace Road,2,32.1,Pakistan,Australia,Sana Mir,Sidra Nawaz,SE Aley,0,0,,,,,,,,,
1085959,2017,2017-07-05,Grace Road,2,32.2,Pakistan,Australia,Sana Mir,Sidra Nawaz,SE Aley,1,0,,,,,,,,,
1085959,2017,2017-07-05,Grace Road,2,32.3,Pakistan,Australia,Sidra Nawaz,Sana Mir,SE Aley,0,0,,,,,,,,,
1085959,2017,2017-07-05,Grace Road,2,32.4,Pakistan,Australia,Sidra Nawaz,Sana Mir,SE Aley,0,0,,,,,,,,,
1085959,2017,2017-07-05,Grace Road,2,32.5,Pakistan,Australia,Sidra Nawaz,Sana Mir,SE Aley,1,0,,,,,,,,,
1085959,2017,2017-07-05,Grace Road,2,32.6,Pakistan,Australia,Sana Mir,Sidra Nawaz,SE Aley,0,0,,,,,,,,,
1085959,2017,2017-07-05,Grace Road,2,33.1,Pakistan,Australia,Sidra Nawaz,Sana Mir,KM Beams,0,0,,,,,,,,,
1085959,2017,2017-07-05,Grace Road,2,33.2,Pakistan,Australia,Sidra Nawaz,Sana Mir,KM Beams,0,0,,,,,,,,,
1085959,2017,2017-07-05,Grace Road,2,33.3,Pakistan,Australia,Sidra Nawaz,Sana Mir,KM Beams,1,0,,,,,,,,,
1085959,2017,2017-07-05,Grace Road,2,33.4,Pakistan,Australia,Sana Mir,Sidra Nawaz,KM Beams,0,0,,,,,,,,,
1085959,2017,2017-07-05,Grace Road,2,33.5,Pakistan,Australia,Sana Mir,Sidra Nawaz,KM Beams,0,0,,,,,,,,,
1085959,2017,2017-07-05,Grace Road,2,33.6,Pakistan,Australia,Sana Mir,Sidra Nawaz,KM Beams,0,0,,,,,,,,,
1085959,2017,2017-07-05,Grace Road,2,34.1,Pakistan,Australia,Sidra Nawaz,Sana Mir,SE Aley,0,0,,,,,,,,,
1085959,2017,2017-07-05,Grace Road,2,34.2,Pakistan,Australia,Sidra Nawaz,Sana Mir,SE Aley,0,0,,,,,,,,,
1085959,2017,2017-07-05,Grace Road,2,34.3,Pakistan,Australia,Sidra Nawaz,Sana Mir,SE Aley,1,0,,,,,,,,,
1085959,2017,2017-07-05,Grace Road,2,34.4,Pakistan,Australia,Sana Mir,Sidra Nawaz,SE Aley,0,0,,,,,,,,,
1085959,2017,2017-07-05,Grace Road,2,34.5,Pakistan,Australia,Sana Mir,Sidra Nawaz,SE Aley,1,0,,,,,,,,,
1085959,2017,2017-07-05,Grace Road,2,34.6,Pakistan,Australia,Sidra Nawaz,Sana Mir,SE Aley,0,5,5,,,,,,,,
1085959,2017,2017-07-05,Grace Road,2,34.7,Pakistan,Australia,Sidra Nawaz,Sana Mir,SE Aley,0,0,,,,,,,,,
1085959,2017,2017-07-05,Grace Road,2,35.1,Pakistan,Australia,Sana Mir,Sidra Nawaz,KM Beams,4,0,,,,,,,,,
1085959,2017,2017-07-05,Grace Road,2,35.2,Pakistan,Australia,Sana Mir,Sidra Nawaz,KM Beams,0,0,,,,,,,,,
1085959,2017,2017-07-05,Grace Road,2,35.3,Pakistan,Australia,Sana Mir,Sidra Nawaz,KM Beams,4,0,,,,,,,,,
1085959,2017,2017-07-05,Grace Road,2,35.4,Pakistan,Australia,Sana Mir,Sidra Nawaz,KM Beams,0,0,,,,,,,,,
1085959,2017,2017-07-05,Grace Road,2,35.5,Pakistan,Australia,Sana Mir,Sidra Nawaz,KM Beams,0,0,,,,,,,,,
1085959,2017,2017-07-05,Grace Road,2,35.6,Pakistan,Australia,Sana Mir,Sidra Nawaz,KM Beams,0,0,,,,,,,,,
1085959,2017,2017-07-05,Grace Road,2,36.1,Pakistan,Australia,Sidra Nawaz,Sana Mir,SE Aley,0,0,,,,,,,,,
1085959,2017,2017-07-05,Grace Road,2,36.2,Pakistan,Australia,Sidra Nawaz,Sana Mir,SE Aley,0,0,,,,,,,,,
1085959,2017,2017-07-05,Grace Road,2,36.3,Pakistan,Australia,Sidra Nawaz,Sana Mir,SE Aley,0,0,,,,,,,,,
1085959,2017,2017-07-05,Grace Road,2,36.4,Pakistan,Australia,Sidra Nawaz,Sana Mir,SE Aley,0,0,,,,,,caught,Sidra Nawaz,,
1085959,2017,2017-07-05,Grace Road,2,36.5,Pakistan,Australia,Nashra Sandhu,Sana Mir,SE Aley,0,0,,,,,,,,,
1085959,2017,2017-07-05,Grace Road,2,36.6,Pakistan,Australia,Nashra Sandhu,Sana Mir,SE Aley,0,0,,,,,,,,,
1085959,2017,2017-07-05,Grace Road,2,37.1,Pakistan,Australia,Sana Mir,Nashra Sandhu,JL Jonassen,0,0,,,,,,,,,
1085959,2017,2017-07-05,Grace Road,2,37.2,Pakistan,Australia,Sana Mir,Nashra Sandhu,JL Jonassen,0,0,,,,,,,,,
1085959,2017,2017-07-05,Grace Road,2,37.3,Pakistan,Australia,Sana Mir,Nashra Sandhu,JL Jonassen,0,0,,,,,,,,,
1085959,2017,2017-07-05,Grace Road,2,37.4,Pakistan,Australia,Sana Mir,Nashra Sandhu,JL Jonassen,0,0,,,,,,,,,
1085959,2017,2017-07-05,Grace Road,2,37.5,Pakistan,Australia,Sana Mir,Nashra Sandhu,JL Jonassen,0,0,,,,,,,,,
1085959,2017,2017-07-05,Grace Road,2,37.6,Pakistan,Australia,Sana Mir,Nashra Sandhu,JL Jonassen,0,0,,,,,,,,,
1085959,2017,2017-07-05,Grace Road,2,38.1,Pakistan,Australia,Nashra Sandhu,Sana Mir,SE Aley,0,0,,,,,,,,,
1085959,2017,2017-07-05,Grace Road,2,38.2,Pakistan,Australia,Nashra Sandhu,Sana Mir,SE Aley,0,0,,,,,,,,,
1085959,2017,2017-07-05,Grace Road,2,38.3,Pakistan,Australia,Nashra Sandhu,Sana Mir,SE Aley,0,0,,,,,,,,,
1085959,2017,2017-07-05,Grace Road,2,38.4,Pakistan,Australia,Nashra Sandhu,Sana Mir,SE Aley,1,0,,,,,,,,,
1085959,2017,2017-07-05,Grace Road,2,38.5,Pakistan,Australia,Sana Mir,Nashra Sandhu,SE Aley,4,0,,,,,,,,,
1085959,2017,2017-07-05,Grace Road,2,38.6,Pakistan,Australia,Sana Mir,Nashra Sandhu,SE Aley,0,0,,,,,,,,,
1085959,2017,2017-07-05,Grace Road,2,39.1,Pakistan,Australia,Nashra Sandhu,Sana Mir,JL Jonassen,0,0,,,,,,,,,
1085959,2017,2017-07-05,Grace Road,2,39.2,Pakistan,Australia,Nashra Sandhu,Sana Mir,JL Jonassen,0,0,,,,,,,,,
1085959,2017,2017-07-05,Grace Road,2,39.3,Pakistan,Australia,Nashra Sandhu,Sana Mir,JL Jonassen,0,0,,,,,,,,,
1085959,2017,2017-07-05,Grace Road,2,39.4,Pakistan,Australia,Nashra Sandhu,Sana Mir,JL Jonassen,0,0,,,,,,,,,
1085959,2017,2017-07-05,Grace Road,2,39.5,Pakistan,Australia,Nashra Sandhu,Sana Mir,JL Jonassen,0,0,,,,,,,,,
1085959,2017,2017-07-05,Grace Road,2,39.6,Pakistan,Australia,Nashra Sandhu,Sana Mir,JL Jonassen,0,0,,,,,,,,,
1085959,2017,2017-07-05,Grace Road,2,40.1,Pakistan,Australia,Sana Mir,Nashra Sandhu,SE Aley,1,0,,,,,,,,,
1085959,2017,2017-07-05,Grace Road,2,40.2,Pakistan,Australia,Nashra Sandhu,Sana Mir,SE Aley,0,1,1,,,,,,,,
1085959,2017,2017-07-05,Grace Road,2,40.3,Pakistan,Australia,Nashra Sandhu,Sana Mir,SE Aley,0,0,,,,,,,,,
1085959,2017,2017-07-05,Grace Road,2,40.4,Pakistan,Australia,Nashra Sandhu,Sana Mir,SE Aley,0,0,,,,,,,,,
1085959,2017,2017-07-05,Grace Road,2,40.5,Pakistan,Australia,Nashra Sandhu,Sana Mir,SE Aley,0,0,,,,,,,,,
1085959,2017,2017-07-05,Grace Road,2,40.6,Pakistan,Australia,Nashra Sandhu,Sana Mir,SE Aley,0,0,,,,,,,,,
1085959,2017,2017-07-05,Grace Road,2,40.7,Pakistan,Australia,Nashra Sandhu,Sana Mir,SE Aley,0,0,,,,,,,,,
1085959,2017,2017-07-05,Grace Road,2,41.1,Pakistan,Australia,Sana Mir,Nashra Sandhu,JL Jonassen,4,0,,,,,,,,,
1085959,2017,2017-07-05,Grace Road,2,41.2,Pakistan,Australia,Sana Mir,Nashra Sandhu,JL Jonassen,0,0,,,,,,,,,
1085959,2017,2017-07-05,Grace Road,2,41.3,Pakistan,Australia,Sana Mir,Nashra Sandhu,JL Jonassen,0,0,,,,,,,,,
1085959,2017,2017-07-05,Grace Road,2,41.4,Pakistan,Australia,Sana Mir,Nashra Sandhu,JL Jonassen,1,0,,,,,,,,,
1085959,2017,2017-07-05,Grace Road,2,41.5,Pakistan,Australia,Nashra Sandhu,Sana Mir,JL Jonassen,0,0,,,,,,,,,
1085959,2017,2017-07-05,Grace Road,2,41.6,Pakistan,Australia,Nashra Sandhu,Sana Mir,JL Jonassen,0,0,,,,,,,,,
1085959,2017,2017-07-05,Grace Road,2,42.1,Pakistan,Australia,Sana Mir,Nashra Sandhu,SE Aley,0,0,,,,,,,,,
1085959,2017,2017-07-05,Grace Road,2,42.2,Pakistan,Australia,Sana Mir,Nashra Sandhu,SE Aley,0,0,,,,,,,,,
1085959,2017,2017-07-05,Grace Road,2,42.3,Pakistan,Australia,Sana Mir,Nashra Sandhu,SE Aley,1,0,,,,,,,,,
1085959,2017,2017-07-05,Grace Road,2,42.4,Pakistan,Australia,Nashra Sandhu,Sana Mir,SE Aley,0,0,,,,,,,,,
1085959,2017,2017-07-05,Grace Road,2,42.5,Pakistan,Australia,Nashra Sandhu,Sana Mir,SE Aley,0,0,,,,,,,,,
1085959,2017,2017-07-05,Grace Road,2,42.6,Pakistan,Australia,Nashra Sandhu,Sana Mir,SE Aley,0,0,,,,,,,,,
1085959,2017,2017-07-05,Grace Road,2,43.1,Pakistan,Australia,Sana Mir,Nashra Sandhu,A Gardner,4,0,,,,,,,,,
1085959,2017,2017-07-05,Grace Road,2,43.2,Pakistan,Australia,Sana Mir,Nashra Sandhu,A Gardner,4,0,,,,,,,,,
1085959,2017,2017-07-05,Grace Road,2,43.3,Pakistan,Australia,Sana Mir,Nashra Sandhu,A Gardner,1,0,,,,,,,,,
1085959,2017,2017-07-05,Grace Road,2,43.4,Pakistan,Australia,Nashra Sandhu,Sana Mir,A Gardner,0,0,,,,,,,,,
1085959,2017,2017-07-05,Grace Road,2,43.5,Pakistan,Australia,Nashra Sandhu,Sana Mir,A Gardner,0,0,,,,,,,,,
1085959,2017,2017-07-05,Grace Road,2,43.6,Pakistan,Australia,Nashra Sandhu,Sana Mir,A Gardner,0,0,,,,,,,,,
1085959,2017,2017-07-05,Grace Road,2,44.1,Pakistan,Australia,Sana Mir,Nashra Sandhu,EA Perry,1,0,,,,,,,,,
1085959,2017,2017-07-05,Grace Road,2,44.2,Pakistan,Australia,Nashra Sandhu,Sana Mir,EA Perry,0,0,,,,,,,,,
1085959,2017,2017-07-05,Grace Road,2,44.3,Pakistan,Australia,Nashra Sandhu,Sana Mir,EA Perry,0,0,,,,,,,,,
1085959,2017,2017-07-05,Grace Road,2,44.4,Pakistan,Australia,Nashra Sandhu,Sana Mir,EA Perry,0,0,,,,,,,,,
1085959,2017,2017-07-05,Grace Road,2,44.5,Pakistan,Australia,Nashra Sandhu,Sana Mir,EA Perry,0,0,,,,,,,,,
1085959,2017,2017-07-05,Grace Road,2,44.6,Pakistan,Australia,Nashra Sandhu,Sana Mir,EA Perry,0,0,,,,,,,,,
1085959,2017,2017-07-05,Grace Road,2,45.1,Pakistan,Australia,Sana Mir,Nashra Sandhu,A Gardner,0,0,,,,,,,,,
1085959,2017,2017-07-05,Grace Road,2,45.2,Pakistan,Australia,Sana Mir,Nashra Sandhu,A Gardner,1,0,,,,,,,,,
1085959,2017,2017-07-05,Grace Road,2,45.3,Pakistan,Australia,Nashra Sandhu,Sana Mir,A Gardner,0,0,,,,,,,,,
1085959,2017,2017-07-05,Grace Road,2,45.4,Pakistan,Australia,Nashra Sandhu,Sana Mir,A Gardner,0,0,,,,,,,,,
1085959,2017,2017-07-05,Grace Road,2,45.5,Pakistan,Australia,Nashra Sandhu,Sana Mir,A Gardner,0,0,,,,,,,,,
1085959,2017,2017-07-05,Grace Road,2,45.6,Pakistan,Australia,Nashra Sandhu,Sana Mir,A Gardner,0,0,,,,,,,,,
1085959,2017,2017-07-05,Grace Road,2,46.1,Pakistan,Australia,Sana Mir,Nashra Sandhu,EA Perry,1,0,,,,,,,,,
1085959,2017,2017-07-05,Grace Road,2,46.2,Pakistan,Australia,Nashra Sandhu,Sana Mir,EA Perry,0,0,,,,,,,,,
1085959,2017,2017-07-05,Grace Road,2,46.3,Pakistan,Australia,Nashra Sandhu,Sana Mir,EA Perry,4,0,,,,,,,,,
1085959,2017,2017-07-05,Grace Road,2,46.4,Pakistan,Australia,Nashra Sandhu,Sana Mir,EA Perry,0,0,,,,,,,,,
1085959,2017,2017-07-05,Grace Road,2,46.5,Pakistan,Australia,Nashra Sandhu,Sana Mir,EA Perry,0,0,,,,,,,,,
1085959,2017,2017-07-05,Grace Road,2,46.6,Pakistan,Australia,Nashra Sandhu,Sana Mir,EA Perry,0,1,1,,,,,,,,
1085959,2017,2017-07-05,Grace Road,2,46.7,Pakistan,Australia,Nashra Sandhu,Sana Mir,EA Perry,0,0,,,,,,,,,
1085959,2017,2017-07-05,Grace Road,2,47.1,Pakistan,Australia,Sana Mir,Nashra Sandhu,A Gardner,0,0,,,,,,,,,
1085959,2017,2017-07-05,Grace Road,2,47.2,Pakistan,Australia,Sana Mir,Nashra Sandhu,A Gardner,1,0,,,,,,,,,
1085959,2017,2017-07-05,Grace Road,2,47.3,Pakistan,Australia,Nashra Sandhu,Sana Mir,A Gardner,0,0,,,,,,,,,
1085959,2017,2017-07-05,Grace Road,2,47.4,Pakistan,Australia,Nashra Sandhu,Sana Mir,A Gardner,1,0,,,,,,,,,
1085959,2017,2017-07-05,Grace Road,2,47.5,Pakistan,Australia,Sana Mir,Nashra Sandhu,A Gardner,1,0,,,,,,,,,
1085959,2017,2017-07-05,Grace Road,2,47.6,Pakistan,Australia,Nashra Sandhu,Sana Mir,A Gardner,0,0,,,,,,lbw,Nashra Sandhu,,
1085959,2017,2017-07-05,Grace Road,2,48.1,Pakistan,Australia,Sana Mir,Sadia Yousuf,EA Perry,0,0,,,,,,,,,
1085959,2017,2017-07-05,Grace Road,2,48.2,Pakistan,Australia,Sana Mir,Sadia Yousuf,EA Perry,0,0,,,,,,,,,
1085959,2017,2017-07-05,Grace Road,2,48.3,Pakistan,Australia,Sana Mir,Sadia Yousuf,EA Perry,0,0,,,,,,,,,
1085959,2017,2017-07-05,Grace Road,2,48.4,Pakistan,Australia,Sana Mir,Sadia Yousuf,EA Perry,0,0,,,,,,,,,
1085959,2017,2017-07-05,Grace Road,2,48.5,Pakistan,Australia,Sana Mir,Sadia Yousuf,EA Perry,1,0,,,,,,,,,
1085959,2017,2017-07-05,Grace Road,2,48.6,Pakistan,Australia,Sadia Yousuf,Sana Mir,EA Perry,0,0,,,,,,,,,
1085959,2017,2017-07-05,Grace Road,2,49.1,Pakistan,Australia,Sana Mir,Sadia Yousuf,A Gardner,0,0,,,,,,,,,
1085959,2017,2017-07-05,Grace Road,2,49.2,Pakistan,Australia,Sana Mir,Sadia Yousuf,A Gardner,0,0,,,,,,,,,
1085959,2017,2017-07-05,Grace Road,2,49.3,Pakistan,Australia,Sana Mir,Sadia Yousuf,A Gardner,0,0,,,,,,,,,
1085959,2017,2017-07-05,Grace Road,2,49.4,Pakistan,Australia,Sana Mir,Sadia Yousuf,A Gardner,0,0,,,,,,,,,
1085959,2017,2017-07-05,Grace Road,2,49.5,Pakistan,Australia,Sana Mir,Sadia Yousuf,A Gardner,0,0,,,,,,bowled,Sana Mir,,
1085959,2017,2017-07-05,Grace Road,2,49.6,Pakistan,Australia,Diana Baig,Sadia Yousuf,A Gardner,0,0,,,,,,run out,Diana Baig,,
