match_id,season,start_date,venue,innings,ball,batting_team,bowling_team,striker,non_striker,bowler,runs_off_bat,extras,wides,noballs,byes,legbyes,penalty,wicket_type,player_dismissed,other_wicket_type,other_player_dismissed
1085946,2017,2017-06-24,County Ground,1,0.1,India,England,PG Raut,S Mandhana,A Shrubsole,2,0,,,,,,,,,
1085946,2017,2017-06-24,County Ground,1,0.2,India,England,PG Raut,S Mandhana,A Shrubsole,0,0,,,,,,,,,
1085946,2017,2017-06-24,County Ground,1,0.3,India,England,PG Raut,S Mandhana,A Shrubsole,0,1,1,,,,,,,,
1085946,2017,2017-06-24,County Ground,1,0.4,India,England,PG Raut,S Mandhana,A Shrubsole,0,0,,,,,,,,,
1085946,2017,2017-06-24,County Ground,1,0.5,India,England,PG Raut,S Mandhana,A Shrubsole,0,0,,,,,,,,,
1085946,2017,2017-06-24,County Ground,1,0.6,India,England,PG Raut,S Mandhana,A Shrubsole,0,0,,,,,,,,,
1085946,2017,2017-06-24,County Ground,1,0.7,India,England,PG Raut,S Mandhana,A Shrubsole,0,0,,,,,,,,,
1085946,2017,2017-06-24,County Ground,1,1.1,India,England,S Mandhana,PG Raut,KH Brunt,4,0,,,,,,,,,
1085946,2017,2017-06-24,County Ground,1,1.2,India,England,S Mandhana,PG Raut,KH Brunt,0,0,,,,,,,,,
1085946,2017,2017-06-24,County Ground,1,1.3,India,England,S Mandhana,PG Raut,KH Brunt,2,0,,,,,,,,,
1085946,2017,2017-06-24,County Ground,1,1.4,India,England,S Mandhana,PG Raut,KH Brunt,0,0,,,,,,,,,
1085946,2017,2017-06-24,County Ground,1,1.5,India,England,S Mandhana,PG Raut,KH Brunt,0,0,,,,,,,,,
1085946,2017,2017-06-24,County Ground,1,1.6,India,England,S Mandhana,PG Raut,KH Brunt,2,0,,,,,,,,,
1085946,2017,2017-06-24,County Ground,1,2.1,India,England,PG Raut,S Mandhana,A Shrubsole,0,0,,,,,,,,,
1085946,2017,2017-06-24,County Ground,1,2.2,India,England,PG Raut,S Mandhana,A Shrubsole,0,0,,,,,,,,,
1085946,2017,2017-06-24,County Ground,1,2.3,India,England,PG Raut,S Mandhana,A Shrubsole,4,0,,,,,,,,,
1085946,2017,2017-06-24,County Ground,1,2.4,India,England,PG Raut,S Mandhana,A Shrubsole,0,0,,,,,,,,,
1085946,2017,2017-06-24,County Ground,1,2.5,India,England,PG Raut,S Mandhana,A Shrubsole,0,0,,,,,,,,,
1085946,2017,2017-06-24,County Ground,1,2.6,India,England,PG Raut,S Mandhana,A Shrubsole,0,0,,,,,,,,,
1085946,2017,2017-06-24,County Ground,1,3.1,India,England,S Mandhana,PG Raut,KH Brunt,0,0,,,,,,,,,
1085946,2017,2017-06-24,County Ground,1,3.2,India,England,S Mandhana,PG Raut,KH Brunt,4,0,,,,,,,,,
1085946,2017,2017-06-24,County Ground,1,3.3,India,England,S Mandhana,PG Raut,KH Brunt,0,0,,,,,,,,,
1085946,2017,2017-06-24,County Ground,1,3.4,India,England,S Mandhana,PG Raut,KH Brunt,4,0,,,,,,,,,
1085946,2017,2017-06-24,County Ground,1,3.5,India,England,S Mandhana,PG Raut,KH Brunt,4,0,,,,,,,,,
1085946,2017,2017-06-24,County Ground,1,3.6,India,England,S Mandhana,PG Raut,KH Brunt,4,0,,,,,,,,,
1085946,2017,2017-06-24,County Ground,1,4.1,India,England,PG Raut,S Mandhana,A Shrubsole,0,0,,,,,,,,,
1085946,2017,2017-06-24,County Ground,1,4.2,India,England,PG Raut,S Mandhana,A Shrubsole,0,0,,,,,,,,,
1085946,2017,2017-06-24,County Ground,1,4.3,India,England,PG Raut,S Mandhana,A Shrubsole,0,0,,,,,,,,,
1085946,2017,2017-06-24,County Ground,1,4.4,India,England,PG Raut,S Mandhana,A Shrubsole,0,0,,,,,,,,,
1085946,2017,2017-06-24,County Ground,1,4.5,India,England,PG Raut,S Mandhana,A Shrubsole,0,0,,,,,,,,,
1085946,2017,2017-06-24,County Ground,1,4.6,India,England,PG Raut,S Mandhana,A Shrubsole,0,1,1,,,,,,,,
1085946,2017,2017-06-24,County Ground,1,4.7,India,England,PG Raut,S Mandhana,A Shrubsole,0,0,,,,,,,,,
1085946,2017,2017-06-24,County Ground,1,5.1,India,England,S Mandhana,PG Raut,NR Sciver,6,0,,,,,,,,,
1085946,2017,2017-06-24,County Ground,1,5.2,India,England,S Mandhana,PG Raut,NR Sciver,2,0,,,,,,,,,
1085946,2017,2017-06-24,County Ground,1,5.3,India,England,S Mandhana,PG Raut,NR Sciver,0,0,,,,,,,,,
1085946,2017,2017-06-24,County Ground,1,5.4,India,England,S Mandhana,PG Raut,NR Sciver,4,0,,,,,,,,,
1085946,2017,2017-06-24,County Ground,1,5.5,India,England,S Mandhana,PG Raut,NR Sciver,0,0,,,,,,,,,
1085946,2017,2017-06-24,County Ground,1,5.6,India,England,S Mandhana,PG Raut,NR Sciver,0,0,,,,,,,,,
1085946,2017,2017-06-24,County Ground,1,6.1,India,England,PG Raut,S Mandhana,A Shrubsole,0,0,,,,,,,,,
1085946,2017,2017-06-24,County Ground,1,6.2,India,England,PG Raut,S Mandhana,A Shrubsole,0,0,,,,,,,,,
1085946,2017,2017-06-24,County Ground,1,6.3,India,England,PG Raut,S Mandhana,A Shrubsole,0,0,,,,,,,,,
1085946,2017,2017-06-24,County Ground,1,6.4,India,England,PG Raut,S Mandhana,A Shrubsole,0,0,,,,,,,,,
1085946,2017,2017-06-24,County Ground,1,6.5,India,England,PG Raut,S Mandhana,A Shrubsole,0,0,,,,,,,,,
1085946,2017,2017-06-24,County Ground,1,6.6,India,England,PG Raut,S Mandhana,A Shrubsole,4,0,,,,,,,,,
1085946,2017,2017-06-24,County Ground,1,7.1,India,England,S Mandhana,PG Raut,NR Sciver,0,0,,,,,,,,,
1085946,2017,2017-06-24,County Ground,1,7.2,India,England,S Mandhana,PG Raut,NR Sciver,0,0,,,,,,,,,
1085946,2017,2017-06-24,County Ground,1,7.3,India,England,S Mandhana,PG Raut,NR Sciver,0,0,,,,,,,,,
1085946,2017,2017-06-24,County Ground,1,7.4,India,England,S Mandhana,PG Raut,NR Sciver,0,0,,,,,,,,,
1085946,2017,2017-06-24,County Ground,1,7.5,India,England,S Mandhana,PG Raut,NR Sciver,0,0,,,,,,,,,
1085946,2017,2017-06-24,County Ground,1,7.6,India,England,S Mandhana,PG Raut,NR Sciver,0,0,,,,,,,,,
1085946,2017,2017-06-24,County Ground,1,8.1,India,England,PG Raut,S Mandhana,A Shrubsole,0,0,,,,,,,,,
1085946,2017,2017-06-24,County Ground,1,8.2,India,England,PG Raut,S Mandhana,A Shrubsole,0,0,,,,,,,,,
1085946,2017,2017-06-24,County Ground,1,8.3,India,England,PG Raut,S Mandhana,A Shrubsole,0,0,,,,,,,,,
1085946,2017,2017-06-24,County Ground,1,8.4,India,England,PG Raut,S Mandhana,A Shrubsole,0,0,,,,,,,,,
1085946,2017,2017-06-24,County Ground,1,8.5,India,England,PG Raut,S Mandhana,A Shrubsole,1,0,,,,,,,,,
1085946,2017,2017-06-24,County Ground,1,8.6,India,England,S Mandhana,PG Raut,A Shrubsole,4,0,,,,,,,,,
1085946,2017,2017-06-24,County Ground,1,9.1,India,England,PG Raut,S Mandhana,NR Sciver,0,0,,,,,,,,,
1085946,2017,2017-06-24,County Ground,1,9.2,India,England,PG Raut,S Mandhana,NR Sciver,2,0,,,,,,,,,
1085946,2017,2017-06-24,County Ground,1,9.3,India,England,PG Raut,S Mandhana,NR Sciver,4,0,,,,,,,,,
1085946,2017,2017-06-24,County Ground,1,9.4,India,England,PG Raut,S Mandhana,NR Sciver,0,0,,,,,,,,,
1085946,2017,2017-06-24,County Ground,1,9.5,India,England,PG Raut,S Mandhana,NR Sciver,0,0,,,,,,,,,
1085946,2017,2017-06-24,County Ground,1,9.6,India,England,PG Raut,S Mandhana,NR Sciver,0,0,,,,,,,,,
1085946,2017,2017-06-24,County Ground,1,10.1,India,England,S Mandhana,PG Raut,D Hazell,0,0,,,,,,,,,
1085946,2017,2017-06-24,County Ground,1,10.2,India,England,S Mandhana,PG Raut,D Hazell,0,0,,,,,,,,,
1085946,2017,2017-06-24,County Ground,1,10.3,India,England,S Mandhana,PG Raut,D Hazell,1,0,,,,,,,,,
1085946,2017,2017-06-24,County Ground,1,10.4,India,England,PG Raut,S Mandhana,D Hazell,0,0,,,,,,,,,
1085946,2017,2017-06-24,County Ground,1,10.5,India,England,PG Raut,S Mandhana,D Hazell,2,0,,,,,,,,,
1085946,2017,2017-06-24,County Ground,1,10.6,India,England,PG Raut,S Mandhana,D Hazell,0,1,1,,,,,,,,
1085946,2017,2017-06-24,County Ground,1,10.7,India,England,PG Raut,S Mandhana,D Hazell,0,0,,,,,,,,,
1085946,2017,2017-06-24,County Ground,1,11.1,India,England,S Mandhana,PG Raut,JL Gunn,0,0,,,,,,,,,
1085946,2017,2017-06-24,County Ground,1,11.2,India,England,S Mandhana,PG Raut,JL Gunn,1,0,,,,,,,,,
1085946,2017,2017-06-24,County Ground,1,11.3,India,England,PG Raut,S Mandhana,JL Gunn,1,0,,,,,,,,,
1085946,2017,2017-06-24,County Ground,1,11.4,India,England,S Mandhana,PG Raut,JL Gunn,1,0,,,,,,,,,
1085946,2017,2017-06-24,County Ground,1,11.5,India,England,PG Raut,S Mandhana,JL Gunn,0,0,,,,,,,,,
1085946,2017,2017-06-24,County Ground,1,11.6,India,England,PG Raut,S Mandhana,JL Gunn,0,0,,,,,,,,,
1085946,2017,2017-06-24,County Ground,1,12.1,India,England,S Mandhana,PG Raut,D Hazell,0,0,,,,,,,,,
1085946,2017,2017-06-24,County Ground,1,12.2,India,England,S Mandhana,PG Raut,D Hazell,1,0,,,,,,,,,
1085946,2017,2017-06-24,County Ground,1,12.3,India,England,PG Raut,S Mandhana,D Hazell,0,0,,,,,,,,,
1085946,2017,2017-06-24,County Ground,1,12.4,India,England,PG Raut,S Mandhana,D Hazell,1,0,,,,,,,,,
1085946,2017,2017-06-24,County Ground,1,12.5,India,England,S Mandhana,PG Raut,D Hazell,1,0,,,,,,,,,
1085946,2017,2017-06-24,County Ground,1,12.6,India,England,PG Raut,S Mandhana,D Hazell,0,0,,,,,,,,,
1085946,2017,2017-06-24,County Ground,1,13.1,India,England,S Mandhana,PG Raut,JL Gunn,0,0,,,,,,,,,
1085946,2017,2017-06-24,County Ground,1,13.2,India,England,S Mandhana,PG Raut,JL Gunn,0,0,,,,,,,,,
1085946,2017,2017-06-24,County Ground,1,13.3,India,England,S Mandhana,PG Raut,JL Gunn,0,0,,,,,,,,,
1085946,2017,2017-06-24,County Ground,1,13.4,India,England,S Mandhana,PG Raut,JL Gunn,0,0,,,,,,,,,
1085946,2017,2017-06-24,County Ground,1,13.5,India,England,S Mandhana,PG Raut,JL Gunn,1,0,,,,,,,,,
1085946,2017,2017-06-24,County Ground,1,13.6,India,England,PG Raut,S Mandhana,JL Gunn,0,0,,,,,,,,,
1085946,2017,2017-06-24,County Ground,1,14.1,India,England,S Mandhana,PG Raut,D Hazell,0,0,,,,,,,,,
1085946,2017,2017-06-24,County Ground,1,14.2,India,England,S Mandhana,PG Raut,D Hazell,1,0,,,,,,,,,
1085946,2017,2017-06-24,County Ground,1,14.3,India,England,PG Raut,S Mandhana,D Hazell,0,0,,,,,,,,,
1085946,2017,2017-06-24,County Ground,1,14.4,India,England,PG Raut,S Mandhana,D Hazell,0,0,,,,,,,,,
1085946,2017,2017-06-24,County Ground,1,14.5,India,England,PG Raut,S Mandhana,D Hazell,0,0,,,,,,,,,
1085946,2017,2017-06-24,County Ground,1,14.6,India,England,PG Raut,S Mandhana,D Hazell,0,0,,,,,,,,,
1085946,2017,2017-06-24,County Ground,1,15.1,India,England,S Mandhana,PG Raut,JL Gunn,0,0,,,,,,,,,
1085946,2017,2017-06-24,County Ground,1,15.2,India,England,S Mandhana,PG Raut,JL Gunn,1,0,,,,,,,,,
1085946,2017,2017-06-24,County Ground,1,15.3,India,England,PG Raut,S Mandhana,JL Gunn,2,0,,,,,,,,,
1085946,2017,2017-06-24,County Ground,1,15.4,India,England,PG Raut,S Mandhana,JL Gunn,1,0,,,,,,,,,
1085946,2017,2017-06-24,County Ground,1,15.5,India,England,S Mandhana,PG Raut,JL Gunn,0,0,,,,,,,,,
1085946,2017,2017-06-24,County Ground,1,15.6,India,England,S Mandhana,PG Raut,JL Gunn,4,0,,,,,,,,,
1085946,2017,2017-06-24,County Ground,1,16.1,India,England,PG Raut,S Mandhana,D Hazell,1,0,,,,,,,,,
1085946,2017,2017-06-24,County Ground,1,16.2,India,England,S Mandhana,PG Raut,D Hazell,1,0,,,,,,,,,
1085946,2017,2017-06-24,County Ground,1,16.3,India,England,PG Raut,S Mandhana,D Hazell,0,0,,,,,,,,,
1085946,2017,2017-06-24,County Ground,1,16.4,India,England,PG Raut,S Mandhana,D Hazell,0,0,,,,,,,,,
1085946,2017,2017-06-24,County Ground,1,16.5,India,England,PG Raut,S Mandhana,D Hazell,1,0,,,,,,,,,
1085946,2017,2017-06-24,County Ground,1,16.6,India,England,S Mandhana,PG Raut,D Hazell,1,0,,,,,,,,,
1085946,2017,2017-06-24,County Ground,1,17.1,India,England,S Mandhana,PG Raut,JL Gunn,1,0,,,,,,,,,
1085946,2017,2017-06-24,County Ground,1,17.2,India,England,PG Raut,S Mandhana,JL Gunn,1,0,,,,,,,,,
1085946,2017,2017-06-24,County Ground,1,17.3,India,England,S Mandhana,PG Raut,JL Gunn,1,0,,,,,,,,,
1085946,2017,2017-06-24,County Ground,1,17.4,India,England,PG Raut,S Mandhana,JL Gunn,0,0,,,,,,,,,
1085946,2017,2017-06-24,County Ground,1,17.5,India,England,PG Raut,S Mandhana,JL Gunn,0,0,,,,,,,,,
1085946,2017,2017-06-24,County Ground,1,17.6,India,England,PG Raut,S Mandhana,JL Gunn,0,0,,,,,,,,,
1085946,2017,2017-06-24,County Ground,1,18.1,India,England,S Mandhana,PG Raut,D Hazell,1,0,,,,,,,,,
1085946,2017,2017-06-24,County Ground,1,18.2,India,England,PG Raut,S Mandhana,D Hazell,0,0,,,,,,,,,
1085946,2017,2017-06-24,County Ground,1,18.3,India,England,PG Raut,S Mandhana,D Hazell,0,0,,,,,,,,,
1085946,2017,2017-06-24,County Ground,1,18.4,India,England,PG Raut,S Mandhana,D Hazell,1,0,,,,,,,,,
1085946,2017,2017-06-24,County Ground,1,18.5,India,England,S Mandhana,PG Raut,D Hazell,1,0,,,,,,,,,
1085946,2017,2017-06-24,County Ground,1,18.6,India,England,PG Raut,S Mandhana,D Hazell,1,0,,,,,,,,,
1085946,2017,2017-06-24,County Ground,1,19.1,India,England,PG Raut,S Mandhana,JL Gunn,1,0,,,,,,,,,
1085946,2017,2017-06-24,County Ground,1,19.2,India,England,S Mandhana,PG Raut,JL Gunn,0,0,,,,,,,,,
1085946,2017,2017-06-24,County Ground,1,19.3,India,England,S Mandhana,PG Raut,JL Gunn,0,0,,,,,,,,,
1085946,2017,2017-06-24,County Ground,1,19.4,India,England,S Mandhana,PG Raut,JL Gunn,1,0,,,,,,,,,
1085946,2017,2017-06-24,County Ground,1,19.5,India,England,PG Raut,S Mandhana,JL Gunn,1,0,,,,,,,,,
1085946,2017,2017-06-24,County Ground,1,19.6,India,England,S Mandhana,PG Raut,JL Gunn,4,0,,,,,,,,,
1085946,2017,2017-06-24,County Ground,1,20.1,India,England,PG Raut,S Mandhana,D Hazell,1,0,,,,,,,,,
1085946,2017,2017-06-24,County Ground,1,20.2,India,England,S Mandhana,PG Raut,D Hazell,1,0,,,,,,,,,
1085946,2017,2017-06-24,County Ground,1,20.3,India,England,PG Raut,S Mandhana,D Hazell,0,0,,,,,,,,,
1085946,2017,2017-06-24,County Ground,1,20.4,India,England,PG Raut,S Mandhana,D Hazell,1,0,,,,,,,,,
1085946,2017,2017-06-24,County Ground,1,20.5,India,England,S Mandhana,PG Raut,D Hazell,0,0,,,,,,,,,
1085946,2017,2017-06-24,County Ground,1,20.6,India,England,S Mandhana,PG Raut,D Hazell,1,0,,,,,,,,,
1085946,2017,2017-06-24,County Ground,1,21.1,India,England,S Mandhana,PG Raut,A Hartley,1,0,,,,,,,,,
1085946,2017,2017-06-24,County Ground,1,21.2,India,England,PG Raut,S Mandhana,A Hartley,2,0,,,,,,,,,
1085946,2017,2017-06-24,County Ground,1,21.3,India,England,PG Raut,S Mandhana,A Hartley,1,0,,,,,,,,,
1085946,2017,2017-06-24,County Ground,1,21.4,India,England,S Mandhana,PG Raut,A Hartley,2,0,,,,,,,,,
1085946,2017,2017-06-24,County Ground,1,21.5,India,England,S Mandhana,PG Raut,A Hartley,1,0,,,,,,,,,
1085946,2017,2017-06-24,County Ground,1,21.6,India,England,PG Raut,S Mandhana,A Hartley,0,0,,,,,,,,,
1085946,2017,2017-06-24,County Ground,1,22.1,India,England,S Mandhana,PG Raut,HC Knight,2,0,,,,,,,,,
1085946,2017,2017-06-24,County Ground,1,22.2,India,England,S Mandhana,PG Raut,HC Knight,1,0,,,,,,,,,
1085946,2017,2017-06-24,County Ground,1,22.3,India,England,PG Raut,S Mandhana,HC Knight,1,0,,,,,,,,,
1085946,2017,2017-06-24,County Ground,1,22.4,India,England,S Mandhana,PG Raut,HC Knight,1,0,,,,,,,,,
1085946,2017,2017-06-24,County Ground,1,22.5,India,England,PG Raut,S Mandhana,HC Knight,0,0,,,,,,,,,
1085946,2017,2017-06-24,County Ground,1,22.6,India,England,PG Raut,S Mandhana,HC Knight,0,0,,,,,,,,,
1085946,2017,2017-06-24,County Ground,1,23.1,India,England,S Mandhana,PG Raut,A Shrubsole,6,0,,,,,,,,,
1085946,2017,2017-06-24,County Ground,1,23.2,India,England,S Mandhana,PG Raut,A Shrubsole,1,0,,,,,,,,,
1085946,2017,2017-06-24,County Ground,1,23.3,India,England,PG Raut,S Mandhana,A Shrubsole,4,0,,,,,,,,,
1085946,2017,2017-06-24,County Ground,1,23.4,India,England,PG Raut,S Mandhana,A Shrubsole,1,0,,,,,,,,,
1085946,2017,2017-06-24,County Ground,1,23.5,India,England,S Mandhana,PG Raut,A Shrubsole,4,0,,,,,,,,,
1085946,2017,2017-06-24,County Ground,1,23.6,India,England,S Mandhana,PG Raut,A Shrubsole,4,0,,,,,,,,,
1085946,2017,2017-06-24,County Ground,1,24.1,India,England,PG Raut,S Mandhana,HC Knight,0,0,,,,,,,,,
1085946,2017,2017-06-24,County Ground,1,24.2,India,England,PG Raut,S Mandhana,HC Knight,0,0,,,,,,,,,
1085946,2017,2017-06-24,County Ground,1,24.3,India,England,PG Raut,S Mandhana,HC Knight,2,0,,,,,,,,,
1085946,2017,2017-06-24,County Ground,1,24.4,India,England,PG Raut,S Mandhana,HC Knight,0,0,,,,,,,,,
1085946,2017,2017-06-24,County Ground,1,24.5,India,England,PG Raut,S Mandhana,HC Knight,0,0,,,,,,,,,
1085946,2017,2017-06-24,County Ground,1,24.6,India,England,PG Raut,S Mandhana,HC Knight,0,0,,,,,,,,,
1085946,2017,2017-06-24,County Ground,1,25.1,India,England,S Mandhana,PG Raut,JL Gunn,0,0,,,,,,,,,
1085946,2017,2017-06-24,County Ground,1,25.2,India,England,S Mandhana,PG Raut,JL Gunn,1,0,,,,,,,,,
1085946,2017,2017-06-24,County Ground,1,25.3,India,England,PG Raut,S Mandhana,JL Gunn,0,0,,,,,,,,,
1085946,2017,2017-06-24,County Ground,1,25.4,India,England,PG Raut,S Mandhana,JL Gunn,1,0,,,,,,,,,
1085946,2017,2017-06-24,County Ground,1,25.5,India,England,S Mandhana,PG Raut,JL Gunn,1,0,,,,,,,,,
1085946,2017,2017-06-24,County Ground,1,25.6,India,England,PG Raut,S Mandhana,JL Gunn,1,0,,,,,,,,,
1085946,2017,2017-06-24,County Ground,1,26.1,India,England,PG Raut,S Mandhana,HC Knight,4,0,,,,,,,,,
1085946,2017,2017-06-24,County Ground,1,26.2,India,England,PG Raut,S Mandhana,HC Knight,0,0,,,,,,,,,
1085946,2017,2017-06-24,County Ground,1,26.3,India,England,PG Raut,S Mandhana,HC Knight,0,0,,,,,,,,,
1085946,2017,2017-06-24,County Ground,1,26.4,India,England,PG Raut,S Mandhana,HC Knight,1,0,,,,,,,,,
1085946,2017,2017-06-24,County Ground,1,26.5,India,England,S Mandhana,PG Raut,HC Knight,0,0,,,,,,caught,S Mandhana,,
1085946,2017,2017-06-24,County Ground,1,26.6,India,England,M Raj,PG Raut,HC Knight,1,0,,,,,,,,,
1085946,2017,2017-06-24,County Ground,1,27.1,India,England,M Raj,PG Raut,JL Gunn,0,0,,,,,,,,,
1085946,2017,2017-06-24,County Ground,1,27.2,India,England,M Raj,PG Raut,JL Gunn,0,0,,,,,,,,,
1085946,2017,2017-06-24,County Ground,1,27.3,India,England,M Raj,PG Raut,JL Gunn,0,0,,,,,,,,,
1085946,2017,2017-06-24,County Ground,1,27.4,India,England,M Raj,PG Raut,JL Gunn,0,0,,,,,,,,,
1085946,2017,2017-06-24,County Ground,1,27.5,India,England,M Raj,PG Raut,JL Gunn,1,0,,,,,,,,,
1085946,2017,2017-06-24,County Ground,1,27.6,India,England,PG Raut,M Raj,JL Gunn,0,0,,,,,,,,,
1085946,2017,2017-06-24,County Ground,1,28.1,India,England,M Raj,PG Raut,KH Brunt,1,0,,,,,,,,,
1085946,2017,2017-06-24,County Ground,1,28.2,India,England,PG Raut,M Raj,KH Brunt,1,0,,,,,,,,,
1085946,2017,2017-06-24,County Ground,1,28.3,India,England,M Raj,PG Raut,KH Brunt,0,0,,,,,,,,,
1085946,2017,2017-06-24,County Ground,1,28.4,India,England,M Raj,PG Raut,KH Brunt,0,0,,,,,,,,,
1085946,2017,2017-06-24,County Ground,1,28.5,India,England,M Raj,PG Raut,KH Brunt,0,0,,,,,,,,,
1085946,2017,2017-06-24,County Ground,1,28.6,India,England,M Raj,PG Raut,KH Brunt,0,0,,,,,,,,,
1085946,2017,2017-06-24,County Ground,1,29.1,India,England,PG Raut,M Raj,A Hartley,1,0,,,,,,,,,
1085946,2017,2017-06-24,County Ground,1,29.2,India,England,M Raj,PG Raut,A Hartley,0,0,,,,,,,,,
1085946,2017,2017-06-24,County Ground,1,29.3,India,England,M Raj,PG Raut,A Hartley,1,0,,,,,,,,,
1085946,2017,2017-06-24,County Ground,1,29.4,India,England,PG Raut,M Raj,A Hartley,0,0,,,,,,,,,
1085946,2017,2017-06-24,County Ground,1,29.5,India,England,PG Raut,M Raj,A Hartley,0,0,,,,,,,,,
1085946,2017,2017-06-24,County Ground,1,29.6,India,England,PG Raut,M Raj,A Hartley,0,0,,,,,,,,,
1085946,2017,2017-06-24,County Ground,1,30.1,India,England,M Raj,PG Raut,KH Brunt,0,0,,,,,,,,,
1085946,2017,2017-06-24,County Ground,1,30.2,India,England,M Raj,PG Raut,KH Brunt,0,0,,,,,,,,,
1085946,2017,2017-06-24,County Ground,1,30.3,India,England,M Raj,PG Raut,KH Brunt,1,0,,,,,,,,,
1085946,2017,2017-06-24,County Ground,1,30.4,India,England,PG Raut,M Raj,KH Brunt,0,0,,,,,,,,,
1085946,2017,2017-06-24,County Ground,1,30.5,India,England,PG Raut,M Raj,KH Brunt,6,0,,,,,,,,,
1085946,2017,2017-06-24,County Ground,1,30.6,India,England,PG Raut,M Raj,KH Brunt,1,0,,,,,,,,,
1085946,2017,2017-06-24,County Ground,1,31.1,India,England,PG Raut,M Raj,A Hartley,1,0,,,,,,,,,
1085946,2017,2017-06-24,County Ground,1,31.2,India,England,M Raj,PG Raut,A Hartley,1,0,,,,,,,,,
1085946,2017,2017-06-24,County Ground,1,31.3,India,England,PG Raut,M Raj,A Hartley,0,0,,,,,,,,,
1085946,2017,2017-06-24,County Ground,1,31.4,India,England,PG Raut,M Raj,A Hartley,1,0,,,,,,,,,
1085946,2017,2017-06-24,County Ground,1,31.5,India,England,M Raj,PG Raut,A Hartley,0,0,,,,,,,,,
1085946,2017,2017-06-24,County Ground,1,31.6,India,England,M Raj,PG Raut,A Hartley,4,0,,,,,,,,,
1085946,2017,2017-06-24,County Ground,1,32.1,India,England,PG Raut,M Raj,KH Brunt,0,0,,,,,,,,,
1085946,2017,2017-06-24,County Ground,1,32.2,India,England,PG Raut,M Raj,KH Brunt,0,0,,,,,,,,,
1085946,2017,2017-06-24,County Ground,1,32.3,India,England,PG Raut,M Raj,KH Brunt,0,0,,,,,,,,,
1085946,2017,2017-06-24,County Ground,1,32.4,India,England,PG Raut,M Raj,KH Brunt,0,0,,,,,,,,,
1085946,2017,2017-06-24,County Ground,1,32.5,India,England,PG Raut,M Raj,KH Brunt,0,0,,,,,,,,,
1085946,2017,2017-06-24,County Ground,1,32.6,India,England,PG Raut,M Raj,KH Brunt,0,0,,,,,,,,,
1085946,2017,2017-06-24,County Ground,1,33.1,India,England,M Raj,PG Raut,A Hartley,1,0,,,,,,,,,
1085946,2017,2017-06-24,County Ground,1,33.2,India,England,PG Raut,M Raj,A Hartley,1,0,,,,,,,,,
1085946,2017,2017-06-24,County Ground,1,33.3,India,England,M Raj,PG Raut,A Hartley,1,0,,,,,,,,,
1085946,2017,2017-06-24,County Ground,1,33.4,India,England,PG Raut,M Raj,A Hartley,1,0,,,,,,,,,
1085946,2017,2017-06-24,County Ground,1,33.5,India,England,M Raj,PG Raut,A Hartley,0,0,,,,,,,,,
1085946,2017,2017-06-24,County Ground,1,33.6,India,England,M Raj,PG Raut,A Hartley,0,0,,,,,,,,,
1085946,2017,2017-06-24,County Ground,1,34.1,India,England,PG Raut,M Raj,KH Brunt,0,0,,,,,,,,,
1085946,2017,2017-06-24,County Ground,1,34.2,India,England,PG Raut,M Raj,KH Brunt,1,0,,,,,,,,,
1085946,2017,2017-06-24,County Ground,1,34.3,India,England,M Raj,PG Raut,KH Brunt,4,0,,,,,,,,,
1085946,2017,2017-06-24,County Ground,1,34.4,India,England,M Raj,PG Raut,KH Brunt,0,0,,,,,,,,,
1085946,2017,2017-06-24,County Ground,1,34.5,India,England,M Raj,PG Raut,KH Brunt,0,1,1,,,,,,,,
1085946,2017,2017-06-24,County Ground,1,34.6,India,England,M Raj,PG Raut,KH Brunt,1,0,,,,,,,,,
1085946,2017,2017-06-24,County Ground,1,34.7,India,England,PG Raut,M Raj,KH Brunt,0,0,,,,,,,,,
1085946,2017,2017-06-24,County Ground,1,35.1,India,England,M Raj,PG Raut,A Hartley,1,0,,,,,,,,,
1085946,2017,2017-06-24,County Ground,1,35.2,India,England,PG Raut,M Raj,A Hartley,2,0,,,,,,,,,
1085946,2017,2017-06-24,County Ground,1,35.3,India,England,PG Raut,M Raj,A Hartley,1,0,,,,,,,,,
1085946,2017,2017-06-24,County Ground,1,35.4,India,England,M Raj,PG Raut,A Hartley,1,0,,,,,,,,,
1085946,2017,2017-06-24,County Ground,1,35.5,India,England,PG Raut,M Raj,A Hartley,1,0,,,,,,,,,
1085946,2017,2017-06-24,County Ground,1,35.6,India,England,M Raj,PG Raut,A Hartley,1,0,,,,,,,,,
1085946,2017,2017-06-24,County Ground,1,36.1,India,England,M Raj,PG Raut,KH Brunt,4,0,,,,,,,,,
1085946,2017,2017-06-24,County Ground,1,36.2,India,England,M Raj,PG Raut,KH Brunt,0,0,,,,,,,,,
1085946,2017,2017-06-24,County Ground,1,36.3,India,England,M Raj,PG Raut,KH Brunt,0,0,,,,,,,,,
1085946,2017,2017-06-24,County Ground,1,36.4,India,England,M Raj,PG Raut,KH Brunt,0,0,,,,,,,,,
1085946,2017,2017-06-24,County Ground,1,36.5,India,England,M Raj,PG Raut,KH Brunt,1,0,,,,,,,,,
1085946,2017,2017-06-24,County Ground,1,36.6,India,England,PG Raut,M Raj,KH Brunt,4,0,,,,,,,,,
1085946,2017,2017-06-24,County Ground,1,37.1,India,England,M Raj,PG Raut,A Hartley,4,0,,,,,,,,,
1085946,2017,2017-06-24,County Ground,1,37.2,India,England,M Raj,PG Raut,A Hartley,0,0,,,,,,,,,
1085946,2017,2017-06-24,County Ground,1,37.3,India,England,M Raj,PG Raut,A Hartley,1,0,,,,,,,,,
1085946,2017,2017-06-24,County Ground,1,37.4,India,England,PG Raut,M Raj,A Hartley,0,0,,,,,,,,,
1085946,2017,2017-06-24,County Ground,1,37.5,India,England,PG Raut,M Raj,A Hartley,1,0,,,,,,,,,
1085946,2017,2017-06-24,County Ground,1,37.6,India,England,M Raj,PG Raut,A Hartley,1,0,,,,,,,,,
1085946,2017,2017-06-24,County Ground,1,38.1,India,England,M Raj,PG Raut,HC Knight,1,0,,,,,,,,,
1085946,2017,2017-06-24,County Ground,1,38.2,India,England,PG Raut,M Raj,HC Knight,0,0,,,,,,,,,
1085946,2017,2017-06-24,County Ground,1,38.3,India,England,PG Raut,M Raj,HC Knight,1,0,,,,,,,,,
1085946,2017,2017-06-24,County Ground,1,38.4,India,England,M Raj,PG Raut,HC Knight,1,0,,,,,,,,,
1085946,2017,2017-06-24,County Ground,1,38.5,India,England,PG Raut,M Raj,HC Knight,0,0,,,,,,,,,
1085946,2017,2017-06-24,County Ground,1,38.6,India,England,PG Raut,M Raj,HC Knight,1,0,,,,,,,,,
1085946,2017,2017-06-24,County Ground,1,39.1,India,England,PG Raut,M Raj,A Hartley,1,0,,,,,,,,,
1085946,2017,2017-06-24,County Ground,1,39.2,India,England,M Raj,PG Raut,A Hartley,0,0,,,,,,,,,
1085946,2017,2017-06-24,County Ground,1,39.3,India,England,M Raj,PG Raut,A Hartley,0,0,,,,,,,,,
1085946,2017,2017-06-24,County Ground,1,39.4,India,England,M Raj,PG Raut,A Hartley,0,0,,,,,,,,,
1085946,2017,2017-06-24,County Ground,1,39.5,India,England,M Raj,PG Raut,A Hartley,1,0,,,,,,,,,
1085946,2017,2017-06-24,County Ground,1,39.6,India,England,PG Raut,M Raj,A Hartley,2,0,,,,,,,,,
1085946,2017,2017-06-24,County Ground,1,40.1,India,England,M Raj,PG Raut,HC Knight,0,0,,,,,,,,,
1085946,2017,2017-06-24,County Ground,1,40.2,India,England,M Raj,PG Raut,HC Knight,1,0,,,,,,,,,
1085946,2017,2017-06-24,County Ground,1,40.3,India,England,PG Raut,M Raj,HC Knight,0,0,,,,,,,,,
1085946,2017,2017-06-24,County Ground,1,40.4,India,England,PG Raut,M Raj,HC Knight,1,0,,,,,,,,,
1085946,2017,2017-06-24,County Ground,1,40.5,India,England,M Raj,PG Raut,HC Knight,4,0,,,,,,,,,
1085946,2017,2017-06-24,County Ground,1,40.6,India,England,M Raj,PG Raut,HC Knight,2,0,,,,,,,,,
1085946,2017,2017-06-24,County Ground,1,41.1,India,England,PG Raut,M Raj,JL Gunn,4,0,,,,,,,,,
1085946,2017,2017-06-24,County Ground,1,41.2,India,England,PG Raut,M Raj,JL Gunn,0,0,,,,,,,,,
1085946,2017,2017-06-24,County Ground,1,41.3,India,England,PG Raut,M Raj,JL Gunn,1,0,,,,,,,,,
1085946,2017,2017-06-24,County Ground,1,41.4,India,England,M Raj,PG Raut,JL Gunn,1,0,,,,,,,,,
1085946,2017,2017-06-24,County Ground,1,41.5,India,England,PG Raut,M Raj,JL Gunn,0,0,,,,,,,,,
1085946,2017,2017-06-24,County Ground,1,41.6,India,England,PG Raut,M Raj,JL Gunn,1,0,,,,,,,,,
1085946,2017,2017-06-24,County Ground,1,42.1,India,England,PG Raut,M Raj,D Hazell,0,0,,,,,,,,,
1085946,2017,2017-06-24,County Ground,1,42.2,India,England,PG Raut,M Raj,D Hazell,0,0,,,,,,,,,
1085946,2017,2017-06-24,County Ground,1,42.3,India,England,PG Raut,M Raj,D Hazell,0,0,,,,,,caught,PG Raut,,
1085946,2017,2017-06-24,County Ground,1,42.4,India,England,M Raj,H Kaur,D Hazell,1,0,,,,,,,,,
1085946,2017,2017-06-24,County Ground,1,42.5,India,England,H Kaur,M Raj,D Hazell,0,0,,,,,,,,,
1085946,2017,2017-06-24,County Ground,1,42.6,India,England,H Kaur,M Raj,D Hazell,0,0,,,,,,,,,
1085946,2017,2017-06-24,County Ground,1,43.1,India,England,M Raj,H Kaur,JL Gunn,1,0,,,,,,,,,
1085946,2017,2017-06-24,County Ground,1,43.2,India,England,H Kaur,M Raj,JL Gunn,0,0,,,,,,,,,
1085946,2017,2017-06-24,County Ground,1,43.3,India,England,H Kaur,M Raj,JL Gunn,1,1,,1,,,,,,,
1085946,2017,2017-06-24,County Ground,1,43.4,India,England,M Raj,H Kaur,JL Gunn,1,0,,,,,,,,,
1085946,2017,2017-06-24,County Ground,1,43.5,India,England,H Kaur,M Raj,JL Gunn,0,0,,,,,,,,,
1085946,2017,2017-06-24,County Ground,1,43.6,India,England,H Kaur,M Raj,JL Gunn,0,0,,,,,,,,,
1085946,2017,2017-06-24,County Ground,1,43.7,India,England,H Kaur,M Raj,JL Gunn,2,0,,,,,,,,,
1085946,2017,2017-06-24,County Ground,1,44.1,India,England,M Raj,H Kaur,D Hazell,0,0,,,,,,,,,
1085946,2017,2017-06-24,County Ground,1,44.2,India,England,M Raj,H Kaur,D Hazell,0,0,,,,,,,,,
1085946,2017,2017-06-24,County Ground,1,44.3,India,England,M Raj,H Kaur,D Hazell,1,0,,,,,,,,,
1085946,2017,2017-06-24,County Ground,1,44.4,India,England,H Kaur,M Raj,D Hazell,1,0,,,,,,,,,
1085946,2017,2017-06-24,County Ground,1,44.5,India,England,M Raj,H Kaur,D Hazell,4,0,,,,,,,,,
1085946,2017,2017-06-24,County Ground,1,44.6,India,England,M Raj,H Kaur,D Hazell,0,0,,,,,,,,,
1085946,2017,2017-06-24,County Ground,1,45.1,India,England,H Kaur,M Raj,JL Gunn,1,0,,,,,,,,,
1085946,2017,2017-06-24,County Ground,1,45.2,India,England,M Raj,H Kaur,JL Gunn,1,0,,,,,,,,,
1085946,2017,2017-06-24,County Ground,1,45.3,India,England,H Kaur,M Raj,JL Gunn,1,0,,,,,,,,,
1085946,2017,2017-06-24,County Ground,1,45.4,India,England,M Raj,H Kaur,JL Gunn,1,0,,,,,,,,,
1085946,2017,2017-06-24,County Ground,1,45.5,India,England,H Kaur,M Raj,JL Gunn,0,0,,,,,,,,,
1085946,2017,2017-06-24,County Ground,1,45.6,India,England,H Kaur,M Raj,JL Gunn,2,0,,,,,,,,,
1085946,2017,2017-06-24,County Ground,1,46.1,India,England,M Raj,H Kaur,D Hazell,0,0,,,,,,,,,
1085946,2017,2017-06-24,County Ground,1,46.2,India,England,M Raj,H Kaur,D Hazell,4,0,,,,,,,,,
1085946,2017,2017-06-24,County Ground,1,46.3,India,England,M Raj,H Kaur,D Hazell,1,0,,,,,,,,,
1085946,2017,2017-06-24,County Ground,1,46.4,India,England,H Kaur,M Raj,D Hazell,0,0,,,,,,,,,
1085946,2017,2017-06-24,County Ground,1,46.5,India,England,H Kaur,M Raj,D Hazell,0,5,5,,,,,,,,
1085946,2017,2017-06-24,County Ground,1,46.6,India,England,H Kaur,M Raj,D Hazell,1,0,,,,,,,,,
1085946,2017,2017-06-24,County Ground,1,46.7,India,England,M Raj,H Kaur,D Hazell,1,0,,,,,,,,,
1085946,2017,2017-06-24,County Ground,1,47.1,India,England,M Raj,H Kaur,HC Knight,1,0,,,,,,,,,
1085946,2017,2017-06-24,County Ground,1,47.2,India,England,H Kaur,M Raj,HC Knight,0,0,,,,,,,,,
1085946,2017,2017-06-24,County Ground,1,47.3,India,England,H Kaur,M Raj,HC Knight,4,0,,,,,,,,,
1085946,2017,2017-06-24,County Ground,1,47.4,India,England,H Kaur,M Raj,HC Knight,1,0,,,,,,,,,
1085946,2017,2017-06-24,County Ground,1,47.5,India,England,M Raj,H Kaur,HC Knight,2,0,,,,,,,,,
1085946,2017,2017-06-24,County Ground,1,47.6,India,England,M Raj,H Kaur,HC Knight,1,0,,,,,,,,,
1085946,2017,2017-06-24,County Ground,1,48.1,India,England,M Raj,H Kaur,D Hazell,1,0,,,,,,,,,
1085946,2017,2017-06-24,County Ground,1,48.2,India,England,H Kaur,M Raj,D Hazell,6,0,,,,,,,,,
1085946,2017,2017-06-24,County Ground,1,48.3,India,England,H Kaur,M Raj,D Hazell,1,0,,,,,,,,,
1085946,2017,2017-06-24,County Ground,1,48.4,India,England,M Raj,H Kaur,D Hazell,2,0,,,,,,,,,
1085946,2017,2017-06-24,County Ground,1,48.5,India,England,M Raj,H Kaur,D Hazell,1,0,,,,,,,,,
1085946,2017,2017-06-24,County Ground,1,48.6,India,England,H Kaur,M Raj,D Hazell,1,0,,,,,,,,,
1085946,2017,2017-06-24,County Ground,1,49.1,India,England,H Kaur,M Raj,HC Knight,1,0,,,,,,,,,
1085946,2017,2017-06-24,County Ground,1,49.2,India,England,M Raj,H Kaur,HC Knight,4,0,,,,,,,,,
1085946,2017,2017-06-24,County Ground,1,49.3,India,England,M Raj,H Kaur,HC Knight,1,0,,,,,,,,,
1085946,2017,2017-06-24,County Ground,1,49.4,India,England,H Kaur,M Raj,HC Knight,1,0,,,,,,,,,
1085946,2017,2017-06-24,County Ground,1,49.5,India,England,M Raj,H Kaur,HC Knight,0,0,,,,,,,,,
1085946,2017,2017-06-24,County Ground,1,49.6,India,England,M Raj,H Kaur,HC Knight,0,0,,,,,,caught,M Raj,,
1085946,2017,2017-06-24,County Ground,2,0.1,England,India,TT Beaumont,SJ Taylor,J Goswami,0,0,,,,,,,,,
1085946,2017,2017-06-24,County Ground,2,0.2,England,India,TT Beaumont,SJ Taylor,J Goswami,0,0,,,,,,,,,
1085946,2017,2017-06-24,County Ground,2,0.3,England,India,TT Beaumont,SJ Taylor,J Goswami,1,0,,,,,,,,,
1085946,2017,2017-06-24,County Ground,2,0.4,England,India,SJ Taylor,TT Beaumont,J Goswami,0,0,,,,,,,,,
1085946,2017,2017-06-24,County Ground,2,0.5,England,India,SJ Taylor,TT Beaumont,J Goswami,0,0,,,,,,,,,
1085946,2017,2017-06-24,County Ground,2,0.6,England,India,SJ Taylor,TT Beaumont,J Goswami,0,0,,,,,,,,,
1085946,2017,2017-06-24,County Ground,2,1.1,England,India,TT Beaumont,SJ Taylor,E Bisht,0,0,,,,,,,,,
1085946,2017,2017-06-24,County Ground,2,1.2,England,India,TT Beaumont,SJ Taylor,E Bisht,1,0,,,,,,,,,
1085946,2017,2017-06-24,County Ground,2,1.3,England,India,SJ Taylor,TT Beaumont,E Bisht,0,0,,,,,,,,,
1085946,2017,2017-06-24,County Ground,2,1.4,England,India,SJ Taylor,TT Beaumont,E Bisht,1,0,,,,,,,,,
1085946,2017,2017-06-24,County Ground,2,1.5,England,India,TT Beaumont,SJ Taylor,E Bisht,0,0,,,,,,,,,
1085946,2017,2017-06-24,County Ground,2,1.6,England,India,TT Beaumont,SJ Taylor,E Bisht,2,0,,,,,,,,,
1085946,2017,2017-06-24,County Ground,2,2.1,England,India,SJ Taylor,TT Beaumont,J Goswami,0,0,,,,,,,,,
1085946,2017,2017-06-24,County Ground,2,2.2,England,India,SJ Taylor,TT Beaumont,J Goswami,4,0,,,,,,,,,
1085946,2017,2017-06-24,County Ground,2,2.3,England,India,SJ Taylor,TT Beaumont,J Goswami,0,0,,,,,,,,,
1085946,2017,2017-06-24,County Ground,2,2.4,England,India,SJ Taylor,TT Beaumont,J Goswami,4,0,,,,,,,,,
1085946,2017,2017-06-24,County Ground,2,2.5,England,India,SJ Taylor,TT Beaumont,J Goswami,0,0,,,,,,,,,
1085946,2017,2017-06-24,County Ground,2,2.6,England,India,SJ Taylor,TT Beaumont,J Goswami,0,0,,,,,,,,,
1085946,2017,2017-06-24,County Ground,2,3.1,England,India,TT Beaumont,SJ Taylor,E Bisht,0,0,,,,,,,,,
1085946,2017,2017-06-24,County Ground,2,3.2,England,India,TT Beaumont,SJ Taylor,E Bisht,0,0,,,,,,,,,
1085946,2017,2017-06-24,County Ground,2,3.3,England,India,TT Beaumont,SJ Taylor,E Bisht,0,0,,,,,,,,,
1085946,2017,2017-06-24,County Ground,2,3.4,England,India,TT Beaumont,SJ Taylor,E Bisht,4,0,,,,,,,,,
1085946,2017,2017-06-24,County Ground,2,3.5,England,India,TT Beaumont,SJ Taylor,E Bisht,0,0,,,,,,,,,
1085946,2017,2017-06-24,County Ground,2,3.6,England,India,TT Beaumont,SJ Taylor,E Bisht,0,0,,,,,,,,,
1085946,2017,2017-06-24,County Ground,2,4.1,England,India,SJ Taylor,TT Beaumont,S Pandey,0,0,,,,,,,,,
1085946,2017,2017-06-24,County Ground,2,4.2,England,India,SJ Taylor,TT Beaumont,S Pandey,0,0,,,,,,,,,
1085946,2017,2017-06-24,County Ground,2,4.3,England,India,SJ Taylor,TT Beaumont,S Pandey,0,1,1,,,,,,,,
1085946,2017,2017-06-24,County Ground,2,4.4,England,India,SJ Taylor,TT Beaumont,S Pandey,1,0,,,,,,,,,
1085946,2017,2017-06-24,County Ground,2,4.5,England,India,TT Beaumont,SJ Taylor,S Pandey,0,0,,,,,,,,,
1085946,2017,2017-06-24,County Ground,2,4.6,England,India,TT Beaumont,SJ Taylor,S Pandey,4,0,,,,,,,,,
1085946,2017,2017-06-24,County Ground,2,4.7,England,India,TT Beaumont,SJ Taylor,S Pandey,0,0,,,,,,,,,
1085946,2017,2017-06-24,County Ground,2,5.1,England,India,SJ Taylor,TT Beaumont,J Goswami,1,0,,,,,,,,,
1085946,2017,2017-06-24,County Ground,2,5.2,England,India,TT Beaumont,SJ Taylor,J Goswami,0,0,,,,,,,,,
1085946,2017,2017-06-24,County Ground,2,5.3,England,India,TT Beaumont,SJ Taylor,J Goswami,1,0,,,,,,,,,
1085946,2017,2017-06-24,County Ground,2,5.4,England,India,SJ Taylor,TT Beaumont,J Goswami,1,0,,,,,,,,,
1085946,2017,2017-06-24,County Ground,2,5.5,England,India,TT Beaumont,SJ Taylor,J Goswami,0,0,,,,,,,,,
1085946,2017,2017-06-24,County Ground,2,5.6,England,India,TT Beaumont,SJ Taylor,J Goswami,0,0,,,,,,,,,
1085946,2017,2017-06-24,County Ground,2,6.1,England,India,SJ Taylor,TT Beaumont,S Pandey,1,0,,,,,,,,,
1085946,2017,2017-06-24,County Ground,2,6.2,England,India,TT Beaumont,SJ Taylor,S Pandey,0,0,,,,,,,,,
1085946,2017,2017-06-24,County Ground,2,6.3,England,India,TT Beaumont,SJ Taylor,S Pandey,0,0,,,,,,,,,
1085946,2017,2017-06-24,County Ground,2,6.4,England,India,TT Beaumont,SJ Taylor,S Pandey,1,0,,,,,,,,,
1085946,2017,2017-06-24,County Ground,2,6.5,England,India,SJ Taylor,TT Beaumont,S Pandey,0,0,,,,,,,,,
1085946,2017,2017-06-24,County Ground,2,6.6,England,India,SJ Taylor,TT Beaumont,S Pandey,1,0,,,,,,,,,
1085946,2017,2017-06-24,County Ground,2,7.1,England,India,SJ Taylor,TT Beaumont,J Goswami,0,0,,,,,,,,,
1085946,2017,2017-06-24,County Ground,2,7.2,England,India,SJ Taylor,TT Beaumont,J Goswami,0,0,,,,,,,,,
1085946,2017,2017-06-24,County Ground,2,7.3,England,India,SJ Taylor,TT Beaumont,J Goswami,0,0,,,,,,,,,
1085946,2017,2017-06-24,County Ground,2,7.4,England,India,SJ Taylor,TT Beaumont,J Goswami,4,0,,,,,,,,,
1085946,2017,2017-06-24,County Ground,2,7.5,England,India,SJ Taylor,TT Beaumont,J Goswami,0,0,,,,,,,,,
1085946,2017,2017-06-24,County Ground,2,7.6,England,India,SJ Taylor,TT Beaumont,J Goswami,0,0,,,,,,,,,
1085946,2017,2017-06-24,County Ground,2,8.1,England,India,TT Beaumont,SJ Taylor,S Pandey,0,0,,,,,,caught,TT Beaumont,,
1085946,2017,2017-06-24,County Ground,2,8.2,England,India,HC Knight,SJ Taylor,S Pandey,0,0,,,,,,,,,
1085946,2017,2017-06-24,County Ground,2,8.3,England,India,HC Knight,SJ Taylor,S Pandey,0,0,,,,,,,,,
1085946,2017,2017-06-24,County Ground,2,8.4,England,India,HC Knight,SJ Taylor,S Pandey,0,0,,,,,,,,,
1085946,2017,2017-06-24,County Ground,2,8.5,England,India,HC Knight,SJ Taylor,S Pandey,0,0,,,,,,,,,
1085946,2017,2017-06-24,County Ground,2,8.6,England,India,HC Knight,SJ Taylor,S Pandey,0,0,,,,,,,,,
1085946,2017,2017-06-24,County Ground,2,9.1,England,India,SJ Taylor,HC Knight,J Goswami,2,0,,,,,,,,,
1085946,2017,2017-06-24,County Ground,2,9.2,England,India,SJ Taylor,HC Knight,J Goswami,1,0,,,,,,,,,
1085946,2017,2017-06-24,County Ground,2,9.3,England,India,HC Knight,SJ Taylor,J Goswami,0,0,,,,,,,,,
1085946,2017,2017-06-24,County Ground,2,9.4,England,India,HC Knight,SJ Taylor,J Goswami,0,0,,,,,,,,,
1085946,2017,2017-06-24,County Ground,2,9.5,England,India,HC Knight,SJ Taylor,J Goswami,0,0,,,,,,,,,
1085946,2017,2017-06-24,County Ground,2,9.6,England,India,HC Knight,SJ Taylor,J Goswami,4,0,,,,,,,,,
1085946,2017,2017-06-24,County Ground,2,10.1,England,India,SJ Taylor,HC Knight,S Pandey,0,0,,,,,,,,,
1085946,2017,2017-06-24,County Ground,2,10.2,England,India,SJ Taylor,HC Knight,S Pandey,0,0,,,,,,,,,
1085946,2017,2017-06-24,County Ground,2,10.3,England,India,SJ Taylor,HC Knight,S Pandey,1,0,,,,,,,,,
1085946,2017,2017-06-24,County Ground,2,10.4,England,India,HC Knight,SJ Taylor,S Pandey,1,0,,,,,,,,,
1085946,2017,2017-06-24,County Ground,2,10.5,England,India,SJ Taylor,HC Knight,S Pandey,0,0,,,,,,caught,SJ Taylor,,
1085946,2017,2017-06-24,County Ground,2,10.6,England,India,NR Sciver,HC Knight,S Pandey,0,0,,,,,,,,,
1085946,2017,2017-06-24,County Ground,2,11.1,England,India,HC Knight,NR Sciver,Poonam Yadav,0,0,,,,,,,,,
1085946,2017,2017-06-24,County Ground,2,11.2,England,India,HC Knight,NR Sciver,Poonam Yadav,0,0,,,,,,,,,
1085946,2017,2017-06-24,County Ground,2,11.3,England,India,HC Knight,NR Sciver,Poonam Yadav,0,0,,,,,,,,,
1085946,2017,2017-06-24,County Ground,2,11.4,England,India,HC Knight,NR Sciver,Poonam Yadav,0,0,,,,,,,,,
1085946,2017,2017-06-24,County Ground,2,11.5,England,India,HC Knight,NR Sciver,Poonam Yadav,1,0,,,,,,,,,
1085946,2017,2017-06-24,County Ground,2,11.6,England,India,NR Sciver,HC Knight,Poonam Yadav,1,0,,,,,,,,,
1085946,2017,2017-06-24,County Ground,2,12.1,England,India,NR Sciver,HC Knight,S Pandey,0,0,,,,,,,,,
1085946,2017,2017-06-24,County Ground,2,12.2,England,India,NR Sciver,HC Knight,S Pandey,0,0,,,,,,,,,
1085946,2017,2017-06-24,County Ground,2,12.3,England,India,NR Sciver,HC Knight,S Pandey,1,0,,,,,,,,,
1085946,2017,2017-06-24,County Ground,2,12.4,England,India,HC Knight,NR Sciver,S Pandey,0,0,,,,,,,,,
1085946,2017,2017-06-24,County Ground,2,12.5,England,India,HC Knight,NR Sciver,S Pandey,0,0,,,,,,,,,
1085946,2017,2017-06-24,County Ground,2,12.6,England,India,HC Knight,NR Sciver,S Pandey,0,0,,,,,,,,,
1085946,2017,2017-06-24,County Ground,2,13.1,England,India,NR Sciver,HC Knight,Poonam Yadav,0,0,,,,,,,,,
1085946,2017,2017-06-24,County Ground,2,13.2,England,India,NR Sciver,HC Knight,Poonam Yadav,1,0,,,,,,,,,
1085946,2017,2017-06-24,County Ground,2,13.3,England,India,HC Knight,NR Sciver,Poonam Yadav,1,0,,,,,,,,,
1085946,2017,2017-06-24,County Ground,2,13.4,England,India,NR Sciver,HC Knight,Poonam Yadav,0,0,,,,,,,,,
1085946,2017,2017-06-24,County Ground,2,13.5,England,India,NR Sciver,HC Knight,Poonam Yadav,0,0,,,,,,,,,
1085946,2017,2017-06-24,County Ground,2,13.6,England,India,NR Sciver,HC Knight,Poonam Yadav,4,0,,,,,,,,,
1085946,2017,2017-06-24,County Ground,2,14.1,England,India,HC Knight,NR Sciver,E Bisht,1,0,,,,,,,,,
1085946,2017,2017-06-24,County Ground,2,14.2,England,India,NR Sciver,HC Knight,E Bisht,1,0,,,,,,,,,
1085946,2017,2017-06-24,County Ground,2,14.3,England,India,HC Knight,NR Sciver,E Bisht,0,0,,,,,,,,,
1085946,2017,2017-06-24,County Ground,2,14.4,England,India,HC Knight,NR Sciver,E Bisht,1,0,,,,,,,,,
1085946,2017,2017-06-24,County Ground,2,14.5,England,India,NR Sciver,HC Knight,E Bisht,0,0,,,,,,,,,
1085946,2017,2017-06-24,County Ground,2,14.6,England,India,NR Sciver,HC Knight,E Bisht,0,0,,,,,,,,,
1085946,2017,2017-06-24,County Ground,2,15.1,England,India,HC Knight,NR Sciver,Poonam Yadav,1,0,,,,,,,,,
1085946,2017,2017-06-24,County Ground,2,15.2,England,India,NR Sciver,HC Knight,Poonam Yadav,2,0,,,,,,,,,
1085946,2017,2017-06-24,County Ground,2,15.3,England,India,NR Sciver,HC Knight,Poonam Yadav,2,0,,,,,,,,,
1085946,2017,2017-06-24,County Ground,2,15.4,England,India,NR Sciver,HC Knight,Poonam Yadav,1,0,,,,,,,,,
1085946,2017,2017-06-24,County Ground,2,15.5,England,India,HC Knight,NR Sciver,Poonam Yadav,0,0,,,,,,,,,
1085946,2017,2017-06-24,County Ground,2,15.6,England,India,HC Knight,NR Sciver,Poonam Yadav,1,0,,,,,,,,,
1085946,2017,2017-06-24,County Ground,2,16.1,England,India,HC Knight,NR Sciver,H Kaur,1,0,,,,,,,,,
1085946,2017,2017-06-24,County Ground,2,16.2,England,India,NR Sciver,HC Knight,H Kaur,0,0,,,,,,,,,
1085946,2017,2017-06-24,County Ground,2,16.3,England,India,NR Sciver,HC Knight,H Kaur,0,0,,,,,,,,,
1085946,2017,2017-06-24,County Ground,2,16.4,England,India,NR Sciver,HC Knight,H Kaur,4,0,,,,,,,,,
1085946,2017,2017-06-24,County Ground,2,16.5,England,India,NR Sciver,HC Knight,H Kaur,0,0,,,,,,,,,
1085946,2017,2017-06-24,County Ground,2,16.6,England,India,NR Sciver,HC Knight,H Kaur,1,0,,,,,,,,,
1085946,2017,2017-06-24,County Ground,2,17.1,England,India,NR Sciver,HC Knight,DB Sharma,0,0,,,,,,caught,NR Sciver,,
1085946,2017,2017-06-24,County Ground,2,17.2,England,India,FC Wilson,HC Knight,DB Sharma,0,0,,,,,,,,,
1085946,2017,2017-06-24,County Ground,2,17.3,England,India,FC Wilson,HC Knight,DB Sharma,0,0,,,,,,,,,
1085946,2017,2017-06-24,County Ground,2,17.4,England,India,FC Wilson,HC Knight,DB Sharma,0,0,,,,,,,,,
1085946,2017,2017-06-24,County Ground,2,17.5,England,India,FC Wilson,HC Knight,DB Sharma,2,0,,,,,,,,,
1085946,2017,2017-06-24,County Ground,2,17.6,England,India,FC Wilson,HC Knight,DB Sharma,0,0,,,,,,,,,
1085946,2017,2017-06-24,County Ground,2,18.1,England,India,HC Knight,FC Wilson,Poonam Yadav,0,0,,,,,,,,,
1085946,2017,2017-06-24,County Ground,2,18.2,England,India,HC Knight,FC Wilson,Poonam Yadav,0,0,,,,,,,,,
1085946,2017,2017-06-24,County Ground,2,18.3,England,India,HC Knight,FC Wilson,Poonam Yadav,0,0,,,,,,,,,
1085946,2017,2017-06-24,County Ground,2,18.4,England,India,HC Knight,FC Wilson,Poonam Yadav,0,0,,,,,,,,,
1085946,2017,2017-06-24,County Ground,2,18.5,England,India,HC Knight,FC Wilson,Poonam Yadav,0,0,,,,,,,,,
1085946,2017,2017-06-24,County Ground,2,18.6,England,India,HC Knight,FC Wilson,Poonam Yadav,1,0,,,,,,,,,
1085946,2017,2017-06-24,County Ground,2,19.1,England,India,HC Knight,FC Wilson,DB Sharma,0,0,,,,,,,,,
1085946,2017,2017-06-24,County Ground,2,19.2,England,India,HC Knight,FC Wilson,DB Sharma,0,0,,,,,,,,,
1085946,2017,2017-06-24,County Ground,2,19.3,England,India,HC Knight,FC Wilson,DB Sharma,1,0,,,,,,,,,
1085946,2017,2017-06-24,County Ground,2,19.4,England,India,FC Wilson,HC Knight,DB Sharma,2,0,,,,,,,,,
1085946,2017,2017-06-24,County Ground,2,19.5,England,India,FC Wilson,HC Knight,DB Sharma,1,0,,,,,,,,,
1085946,2017,2017-06-24,County Ground,2,19.6,England,India,HC Knight,FC Wilson,DB Sharma,1,0,,,,,,,,,
1085946,2017,2017-06-24,County Ground,2,20.1,England,India,HC Knight,FC Wilson,Poonam Yadav,0,0,,,,,,,,,
1085946,2017,2017-06-24,County Ground,2,20.2,England,India,HC Knight,FC Wilson,Poonam Yadav,1,0,,,,,,,,,
1085946,2017,2017-06-24,County Ground,2,20.3,England,India,FC Wilson,HC Knight,Poonam Yadav,0,0,,,,,,,,,
1085946,2017,2017-06-24,County Ground,2,20.4,England,India,FC Wilson,HC Knight,Poonam Yadav,1,0,,,,,,,,,
1085946,2017,2017-06-24,County Ground,2,20.5,England,India,HC Knight,FC Wilson,Poonam Yadav,1,0,,,,,,,,,
1085946,2017,2017-06-24,County Ground,2,20.6,England,India,FC Wilson,HC Knight,Poonam Yadav,0,0,,,,,,,,,
1085946,2017,2017-06-24,County Ground,2,21.1,England,India,HC Knight,FC Wilson,DB Sharma,0,0,,,,,,,,,
1085946,2017,2017-06-24,County Ground,2,21.2,England,India,HC Knight,FC Wilson,DB Sharma,0,0,,,,,,,,,
1085946,2017,2017-06-24,County Ground,2,21.3,England,India,HC Knight,FC Wilson,DB Sharma,1,0,,,,,,,,,
1085946,2017,2017-06-24,County Ground,2,21.4,England,India,FC Wilson,HC Knight,DB Sharma,1,0,,,,,,,,,
1085946,2017,2017-06-24,County Ground,2,21.5,England,India,HC Knight,FC Wilson,DB Sharma,1,0,,,,,,,,,
1085946,2017,2017-06-24,County Ground,2,21.6,England,India,FC Wilson,HC Knight,DB Sharma,1,0,,,,,,,,,
1085946,2017,2017-06-24,County Ground,2,22.1,England,India,FC Wilson,HC Knight,H Kaur,1,0,,,,,,,,,
1085946,2017,2017-06-24,County Ground,2,22.2,England,India,HC Knight,FC Wilson,H Kaur,1,0,,,,,,,,,
1085946,2017,2017-06-24,County Ground,2,22.3,England,India,FC Wilson,HC Knight,H Kaur,0,0,,,,,,,,,
1085946,2017,2017-06-24,County Ground,2,22.4,England,India,FC Wilson,HC Knight,H Kaur,1,0,,,,,,,,,
1085946,2017,2017-06-24,County Ground,2,22.5,England,India,HC Knight,FC Wilson,H Kaur,0,0,,,,,,,,,
1085946,2017,2017-06-24,County Ground,2,22.6,England,India,HC Knight,FC Wilson,H Kaur,1,0,,,,,,,,,
1085946,2017,2017-06-24,County Ground,2,23.1,England,India,HC Knight,FC Wilson,E Bisht,0,0,,,,,,,,,
1085946,2017,2017-06-24,County Ground,2,23.2,England,India,HC Knight,FC Wilson,E Bisht,1,0,,,,,,,,,
1085946,2017,2017-06-24,County Ground,2,23.3,England,India,FC Wilson,HC Knight,E Bisht,0,0,,,,,,,,,
1085946,2017,2017-06-24,County Ground,2,23.4,England,India,FC Wilson,HC Knight,E Bisht,2,0,,,,,,,,,
1085946,2017,2017-06-24,County Ground,2,23.5,England,India,FC Wilson,HC Knight,E Bisht,0,0,,,,,,,,,
1085946,2017,2017-06-24,County Ground,2,23.6,England,India,FC Wilson,HC Knight,E Bisht,1,0,,,,,,,,,
1085946,2017,2017-06-24,County Ground,2,24.1,England,India,FC Wilson,HC Knight,H Kaur,0,0,,,,,,,,,
1085946,2017,2017-06-24,County Ground,2,24.2,England,India,FC Wilson,HC Knight,H Kaur,1,0,,,,,,,,,
1085946,2017,2017-06-24,County Ground,2,24.3,England,India,HC Knight,FC Wilson,H Kaur,0,0,,,,,,,,,
1085946,2017,2017-06-24,County Ground,2,24.4,England,India,HC Knight,FC Wilson,H Kaur,0,0,,,,,,,,,
1085946,2017,2017-06-24,County Ground,2,24.5,England,India,HC Knight,FC Wilson,H Kaur,0,0,,,,,,,,,
1085946,2017,2017-06-24,County Ground,2,24.6,England,India,HC Knight,FC Wilson,H Kaur,0,0,,,,,,,,,
1085946,2017,2017-06-24,County Ground,2,25.1,England,India,FC Wilson,HC Knight,E Bisht,0,0,,,,,,,,,
1085946,2017,2017-06-24,County Ground,2,25.2,England,India,FC Wilson,HC Knight,E Bisht,2,0,,,,,,,,,
1085946,2017,2017-06-24,County Ground,2,25.3,England,India,FC Wilson,HC Knight,E Bisht,2,0,,,,,,,,,
1085946,2017,2017-06-24,County Ground,2,25.4,England,India,FC Wilson,HC Knight,E Bisht,1,0,,,,,,,,,
1085946,2017,2017-06-24,County Ground,2,25.5,England,India,HC Knight,FC Wilson,E Bisht,1,0,,,,,,,,,
1085946,2017,2017-06-24,County Ground,2,25.6,England,India,FC Wilson,HC Knight,E Bisht,1,0,,,,,,,,,
1085946,2017,2017-06-24,County Ground,2,26.1,England,India,FC Wilson,HC Knight,H Kaur,0,0,,,,,,,,,
1085946,2017,2017-06-24,County Ground,2,26.2,England,India,FC Wilson,HC Knight,H Kaur,1,0,,,,,,,,,
1085946,2017,2017-06-24,County Ground,2,26.3,England,India,HC Knight,FC Wilson,H Kaur,1,0,,,,,,,,,
1085946,2017,2017-06-24,County Ground,2,26.4,England,India,FC Wilson,HC Knight,H Kaur,1,0,,,,,,,,,
1085946,2017,2017-06-24,County Ground,2,26.5,England,India,HC Knight,FC Wilson,H Kaur,1,0,,,,,,,,,
1085946,2017,2017-06-24,County Ground,2,26.6,England,India,FC Wilson,HC Knight,H Kaur,1,0,,,,,,,,,
1085946,2017,2017-06-24,County Ground,2,27.1,England,India,FC Wilson,HC Knight,S Pandey,0,0,,,,,,,,,
1085946,2017,2017-06-24,County Ground,2,27.2,England,India,FC Wilson,HC Knight,S Pandey,2,0,,,,,,,,,
1085946,2017,2017-06-24,County Ground,2,27.3,England,India,FC Wilson,HC Knight,S Pandey,1,0,,,,,,,,,
1085946,2017,2017-06-24,County Ground,2,27.4,England,India,HC Knight,FC Wilson,S Pandey,1,0,,,,,,,,,
1085946,2017,2017-06-24,County Ground,2,27.5,England,India,FC Wilson,HC Knight,S Pandey,1,0,,,,,,,,,
1085946,2017,2017-06-24,County Ground,2,27.6,England,India,HC Knight,FC Wilson,S Pandey,1,0,,,,,,,,,
1085946,2017,2017-06-24,County Ground,2,28.1,England,India,HC Knight,FC Wilson,DB Sharma,0,0,,,,,,,,,
1085946,2017,2017-06-24,County Ground,2,28.2,England,India,HC Knight,FC Wilson,DB Sharma,1,0,,,,,,,,,
1085946,2017,2017-06-24,County Ground,2,28.3,England,India,FC Wilson,HC Knight,DB Sharma,0,0,,,,,,,,,
1085946,2017,2017-06-24,County Ground,2,28.4,England,India,FC Wilson,HC Knight,DB Sharma,1,0,,,,,,,,,
1085946,2017,2017-06-24,County Ground,2,28.5,England,India,HC Knight,FC Wilson,DB Sharma,1,0,,,,,,,,,
1085946,2017,2017-06-24,County Ground,2,28.6,England,India,FC Wilson,HC Knight,DB Sharma,2,0,,,,,,,,,
1085946,2017,2017-06-24,County Ground,2,29.1,England,India,HC Knight,FC Wilson,Poonam Yadav,6,0,,,,,,,,,
1085946,2017,2017-06-24,County Ground,2,29.2,England,India,HC Knight,FC Wilson,Poonam Yadav,1,0,,,,,,,,,
1085946,2017,2017-06-24,County Ground,2,29.3,England,India,FC Wilson,HC Knight,Poonam Yadav,1,0,,,,,,,,,
1085946,2017,2017-06-24,County Ground,2,29.4,England,India,HC Knight,FC Wilson,Poonam Yadav,6,0,,,,,,,,,
1085946,2017,2017-06-24,County Ground,2,29.5,England,India,HC Knight,FC Wilson,Poonam Yadav,0,0,,,,,,,,,
1085946,2017,2017-06-24,County Ground,2,29.6,England,India,HC Knight,FC Wilson,Poonam Yadav,1,0,,,,,,,,,
1085946,2017,2017-06-24,County Ground,2,30.1,England,India,HC Knight,FC Wilson,DB Sharma,1,0,,,,,,,,,
1085946,2017,2017-06-24,County Ground,2,30.2,England,India,FC Wilson,HC Knight,DB Sharma,0,0,,,,,,,,,
1085946,2017,2017-06-24,County Ground,2,30.3,England,India,FC Wilson,HC Knight,DB Sharma,1,0,,,,,,,,,
1085946,2017,2017-06-24,County Ground,2,30.4,England,India,HC Knight,FC Wilson,DB Sharma,1,0,,,,,,,,,
1085946,2017,2017-06-24,County Ground,2,30.5,England,India,FC Wilson,HC Knight,DB Sharma,1,0,,,,,,,,,
1085946,2017,2017-06-24,County Ground,2,30.6,England,India,HC Knight,FC Wilson,DB Sharma,1,0,,,,,,,,,
1085946,2017,2017-06-24,County Ground,2,31.1,England,India,HC Knight,FC Wilson,H Kaur,0,0,,,,,,run out,HC Knight,,
1085946,2017,2017-06-24,County Ground,2,31.2,England,India,FC Wilson,DN Wyatt,H Kaur,0,0,,,,,,,,,
1085946,2017,2017-06-24,County Ground,2,31.3,England,India,FC Wilson,DN Wyatt,H Kaur,1,0,,,,,,,,,
1085946,2017,2017-06-24,County Ground,2,31.4,England,India,DN Wyatt,FC Wilson,H Kaur,1,0,,,,,,,,,
1085946,2017,2017-06-24,County Ground,2,31.5,England,India,FC Wilson,DN Wyatt,H Kaur,2,0,,,,,,,,,
1085946,2017,2017-06-24,County Ground,2,31.6,England,India,FC Wilson,DN Wyatt,H Kaur,1,0,,,,,,,,,
1085946,2017,2017-06-24,County Ground,2,32.1,England,India,FC Wilson,DN Wyatt,DB Sharma,0,0,,,,,,,,,
1085946,2017,2017-06-24,County Ground,2,32.2,England,India,FC Wilson,DN Wyatt,DB Sharma,1,0,,,,,,,,,
1085946,2017,2017-06-24,County Ground,2,32.3,England,India,DN Wyatt,FC Wilson,DB Sharma,0,0,,,,,,,,,
1085946,2017,2017-06-24,County Ground,2,32.4,England,India,DN Wyatt,FC Wilson,DB Sharma,1,0,,,,,,,,,
1085946,2017,2017-06-24,County Ground,2,32.5,England,India,FC Wilson,DN Wyatt,DB Sharma,1,0,,,,,,,,,
1085946,2017,2017-06-24,County Ground,2,32.6,England,India,DN Wyatt,FC Wilson,DB Sharma,4,0,,,,,,,,,
1085946,2017,2017-06-24,County Ground,2,33.1,England,India,FC Wilson,DN Wyatt,H Kaur,4,0,,,,,,,,,
1085946,2017,2017-06-24,County Ground,2,33.2,England,India,FC Wilson,DN Wyatt,H Kaur,0,0,,,,,,,,,
1085946,2017,2017-06-24,County Ground,2,33.3,England,India,FC Wilson,DN Wyatt,H Kaur,0,0,,,,,,,,,
1085946,2017,2017-06-24,County Ground,2,33.4,England,India,FC Wilson,DN Wyatt,H Kaur,1,0,,,,,,,,,
1085946,2017,2017-06-24,County Ground,2,33.5,England,India,DN Wyatt,FC Wilson,H Kaur,0,0,,,,,,,,,
1085946,2017,2017-06-24,County Ground,2,33.6,England,India,DN Wyatt,FC Wilson,H Kaur,1,0,,,,,,,,,
1085946,2017,2017-06-24,County Ground,2,34.1,England,India,DN Wyatt,FC Wilson,DB Sharma,2,0,,,,,,,,,
1085946,2017,2017-06-24,County Ground,2,34.2,England,India,DN Wyatt,FC Wilson,DB Sharma,0,0,,,,,,,,,
1085946,2017,2017-06-24,County Ground,2,34.3,England,India,DN Wyatt,FC Wilson,DB Sharma,0,0,,,,,,caught and bowled,DN Wyatt,,
1085946,2017,2017-06-24,County Ground,2,34.4,England,India,KH Brunt,FC Wilson,DB Sharma,1,0,,,,,,,,,
1085946,2017,2017-06-24,County Ground,2,34.5,England,India,FC Wilson,KH Brunt,DB Sharma,2,0,,,,,,,,,
1085946,2017,2017-06-24,County Ground,2,34.6,England,India,FC Wilson,KH Brunt,DB Sharma,2,0,,,,,,,,,
1085946,2017,2017-06-24,County Ground,2,35.1,England,India,KH Brunt,FC Wilson,J Goswami,1,0,,,,,,,,,
1085946,2017,2017-06-24,County Ground,2,35.2,England,India,FC Wilson,KH Brunt,J Goswami,1,0,,,,,,,,,
1085946,2017,2017-06-24,County Ground,2,35.3,England,India,KH Brunt,FC Wilson,J Goswami,1,0,,,,,,,,,
1085946,2017,2017-06-24,County Ground,2,35.4,England,India,FC Wilson,KH Brunt,J Goswami,0,2,,,,2,,,,,
1085946,2017,2017-06-24,County Ground,2,35.5,England,India,FC Wilson,KH Brunt,J Goswami,4,0,,,,,,,,,
1085946,2017,2017-06-24,County Ground,2,35.6,England,India,FC Wilson,KH Brunt,J Goswami,1,0,,,,,,,,,
1085946,2017,2017-06-24,County Ground,2,36.1,England,India,FC Wilson,KH Brunt,E Bisht,1,0,,,,,,,,,
1085946,2017,2017-06-24,County Ground,2,36.2,England,India,KH Brunt,FC Wilson,E Bisht,0,0,,,,,,,,,
1085946,2017,2017-06-24,County Ground,2,36.3,England,India,KH Brunt,FC Wilson,E Bisht,0,0,,,,,,,,,
1085946,2017,2017-06-24,County Ground,2,36.4,England,India,KH Brunt,FC Wilson,E Bisht,1,0,,,,,,,,,
1085946,2017,2017-06-24,County Ground,2,36.5,England,India,FC Wilson,KH Brunt,E Bisht,1,0,,,,,,,,,
1085946,2017,2017-06-24,County Ground,2,36.6,England,India,KH Brunt,FC Wilson,E Bisht,0,0,,,,,,,,,
1085946,2017,2017-06-24,County Ground,2,37.1,England,India,FC Wilson,KH Brunt,J Goswami,1,0,,,,,,,,,
1085946,2017,2017-06-24,County Ground,2,37.2,England,India,KH Brunt,FC Wilson,J Goswami,2,0,,,,,,,,,
1085946,2017,2017-06-24,County Ground,2,37.3,England,India,KH Brunt,FC Wilson,J Goswami,0,0,,,,,,,,,
1085946,2017,2017-06-24,County Ground,2,37.4,England,India,KH Brunt,FC Wilson,J Goswami,1,0,,,,,,,,,
1085946,2017,2017-06-24,County Ground,2,37.5,England,India,FC Wilson,KH Brunt,J Goswami,0,2,,,,2,,,,,
1085946,2017,2017-06-24,County Ground,2,37.6,England,India,FC Wilson,KH Brunt,J Goswami,4,0,,,,,,,,,
1085946,2017,2017-06-24,County Ground,2,38.1,England,India,KH Brunt,FC Wilson,E Bisht,1,0,,,,,,,,,
1085946,2017,2017-06-24,County Ground,2,38.2,England,India,FC Wilson,KH Brunt,E Bisht,4,0,,,,,,,,,
1085946,2017,2017-06-24,County Ground,2,38.3,England,India,FC Wilson,KH Brunt,E Bisht,1,0,,,,,,,,,
1085946,2017,2017-06-24,County Ground,2,38.4,England,India,KH Brunt,FC Wilson,E Bisht,0,0,,,,,,,,,
1085946,2017,2017-06-24,County Ground,2,38.5,England,India,KH Brunt,FC Wilson,E Bisht,0,0,,,,,,,,,
1085946,2017,2017-06-24,County Ground,2,38.6,England,India,KH Brunt,FC Wilson,E Bisht,1,0,,,,,,,,,
1085946,2017,2017-06-24,County Ground,2,39.1,England,India,KH Brunt,FC Wilson,S Pandey,4,0,,,,,,,,,
1085946,2017,2017-06-24,County Ground,2,39.2,England,India,KH Brunt,FC Wilson,S Pandey,0,0,,,,,,,,,
1085946,2017,2017-06-24,County Ground,2,39.3,England,India,KH Brunt,FC Wilson,S Pandey,4,0,,,,,,,,,
1085946,2017,2017-06-24,County Ground,2,39.4,England,India,KH Brunt,FC Wilson,S Pandey,1,0,,,,,,,,,
1085946,2017,2017-06-24,County Ground,2,39.5,England,India,FC Wilson,KH Brunt,S Pandey,4,0,,,,,,,,,
1085946,2017,2017-06-24,County Ground,2,39.6,England,India,FC Wilson,KH Brunt,S Pandey,4,0,,,,,,,,,
1085946,2017,2017-06-24,County Ground,2,40.1,England,India,KH Brunt,FC Wilson,Poonam Yadav,1,0,,,,,,,,,
1085946,2017,2017-06-24,County Ground,2,40.2,England,India,FC Wilson,KH Brunt,Poonam Yadav,1,0,,,,,,,,,
1085946,2017,2017-06-24,County Ground,2,40.3,England,India,KH Brunt,FC Wilson,Poonam Yadav,2,0,,,,,,,,,
1085946,2017,2017-06-24,County Ground,2,40.4,England,India,KH Brunt,FC Wilson,Poonam Yadav,0,1,1,,,,,,,,
1085946,2017,2017-06-24,County Ground,2,40.5,England,India,KH Brunt,FC Wilson,Poonam Yadav,1,0,,,,,,,,,
1085946,2017,2017-06-24,County Ground,2,40.6,England,India,FC Wilson,KH Brunt,Poonam Yadav,1,0,,,,,,,,,
1085946,2017,2017-06-24,County Ground,2,40.7,England,India,KH Brunt,FC Wilson,Poonam Yadav,1,0,,,,,,,,,
1085946,2017,2017-06-24,County Ground,2,41.1,England,India,KH Brunt,FC Wilson,E Bisht,1,0,,,,,,,,,
1085946,2017,2017-06-24,County Ground,2,41.2,England,India,FC Wilson,KH Brunt,E Bisht,1,0,,,,,,,,,
1085946,2017,2017-06-24,County Ground,2,41.3,England,India,KH Brunt,FC Wilson,E Bisht,0,0,,,,,,run out,KH Brunt,,
1085946,2017,2017-06-24,County Ground,2,41.4,England,India,FC Wilson,JL Gunn,E Bisht,0,0,,,,,,,,,
1085946,2017,2017-06-24,County Ground,2,41.5,England,India,FC Wilson,JL Gunn,E Bisht,1,0,,,,,,,,,
1085946,2017,2017-06-24,County Ground,2,41.6,England,India,JL Gunn,FC Wilson,E Bisht,1,0,,,,,,,,,
1085946,2017,2017-06-24,County Ground,2,42.1,England,India,JL Gunn,FC Wilson,Poonam Yadav,0,0,,,,,,,,,
1085946,2017,2017-06-24,County Ground,2,42.2,England,India,JL Gunn,FC Wilson,Poonam Yadav,0,0,,,,,,,,,
1085946,2017,2017-06-24,County Ground,2,42.3,England,India,JL Gunn,FC Wilson,Poonam Yadav,0,0,,,,,,,,,
1085946,2017,2017-06-24,County Ground,2,42.4,England,India,JL Gunn,FC Wilson,Poonam Yadav,2,0,,,,,,,,,
1085946,2017,2017-06-24,County Ground,2,42.5,England,India,JL Gunn,FC Wilson,Poonam Yadav,1,0,,,,,,,,,
1085946,2017,2017-06-24,County Ground,2,42.6,England,India,FC Wilson,JL Gunn,Poonam Yadav,1,0,,,,,,,,,
1085946,2017,2017-06-24,County Ground,2,43.1,England,India,FC Wilson,JL Gunn,E Bisht,1,0,,,,,,,,,
1085946,2017,2017-06-24,County Ground,2,43.2,England,India,JL Gunn,FC Wilson,E Bisht,1,0,,,,,,,,,
1085946,2017,2017-06-24,County Ground,2,43.3,England,India,FC Wilson,JL Gunn,E Bisht,1,0,,,,,,,,,
1085946,2017,2017-06-24,County Ground,2,43.4,England,India,JL Gunn,FC Wilson,E Bisht,4,0,,,,,,,,,
1085946,2017,2017-06-24,County Ground,2,43.5,England,India,JL Gunn,FC Wilson,E Bisht,0,0,,,,,,run out,FC Wilson,,
1085946,2017,2017-06-24,County Ground,2,43.6,England,India,JL Gunn,A Shrubsole,E Bisht,0,0,,,,,,,,,
1085946,2017,2017-06-24,County Ground,2,44.1,England,India,A Shrubsole,JL Gunn,Poonam Yadav,0,0,,,,,,,,,
1085946,2017,2017-06-24,County Ground,2,44.2,England,India,A Shrubsole,JL Gunn,Poonam Yadav,0,0,,,,,,run out,JL Gunn,,
1085946,2017,2017-06-24,County Ground,2,44.3,England,India,D Hazell,A Shrubsole,Poonam Yadav,0,0,,,,,,,,,
1085946,2017,2017-06-24,County Ground,2,44.4,England,India,D Hazell,A Shrubsole,Poonam Yadav,1,0,,,,,,,,,
1085946,2017,2017-06-24,County Ground,2,44.5,England,India,A Shrubsole,D Hazell,Poonam Yadav,1,0,,,,,,,,,
1085946,2017,2017-06-24,County Ground,2,44.6,England,India,D Hazell,A Shrubsole,Poonam Yadav,1,0,,,,,,,,,
1085946,2017,2017-06-24,County Ground,2,45.1,England,India,D Hazell,A Shrubsole,DB Sharma,1,0,,,,,,,,,
1085946,2017,2017-06-24,County Ground,2,45.2,England,India,A Shrubsole,D Hazell,DB Sharma,1,0,,,,,,,,,
1085946,2017,2017-06-24,County Ground,2,45.3,England,India,D Hazell,A Shrubsole,DB Sharma,0,1,1,,,,,,,,
1085946,2017,2017-06-24,County Ground,2,45.4,England,India,D Hazell,A Shrubsole,DB Sharma,0,0,,,,,,,,,
1085946,2017,2017-06-24,County Ground,2,45.5,England,India,D Hazell,A Shrubsole,DB Sharma,1,0,,,,,,,,,
1085946,2017,2017-06-24,County Ground,2,45.6,England,India,A Shrubsole,D Hazell,DB Sharma,0,0,,,,,,,,,
1085946,2017,2017-06-24,County Ground,2,45.7,England,India,A Shrubsole,D Hazell,DB Sharma,0,0,,,,,,,,,
1085946,2017,2017-06-24,County Ground,2,46.1,England,India,D Hazell,A Shrubsole,Poonam Yadav,0,0,,,,,,,,,
1085946,2017,2017-06-24,County Ground,2,46.2,England,India,D Hazell,A Shrubsole,Poonam Yadav,0,0,,,,,,bowled,D Hazell,,
1085946,2017,2017-06-24,County Ground,2,46.3,England,India,A Hartley,A Shrubsole,Poonam Yadav,0,0,,,,,,,,,
1085946,2017,2017-06-24,County Ground,2,46.4,England,India,A Hartley,A Shrubsole,Poonam Yadav,1,0,,,,,,,,,
1085946,2017,2017-06-24,County Ground,2,46.5,England,India,A Shrubsole,A Hartley,Poonam Yadav,0,0,,,,,,,,,
1085946,2017,2017-06-24,County Ground,2,46.6,England,India,A Shrubsole,A Hartley,Poonam Yadav,1,0,,,,,,,,,
1085946,2017,2017-06-24,County Ground,2,47.1,England,India,A Shrubsole,A Hartley,DB Sharma,2,0,,,,,,,,,
1085946,2017,2017-06-24,County Ground,2,47.2,England,India,A Shrubsole,A Hartley,DB Sharma,6,0,,,,,,,,,
1085946,2017,2017-06-24,County Ground,2,47.3,England,India,A Shrubsole,A Hartley,DB Sharma,0,0,,,,,,caught,A Shrubsole,,
