match_id,season,start_date,venue,innings,ball,batting_team,bowling_team,striker,non_striker,bowler,runs_off_bat,extras,wides,noballs,byes,legbyes,penalty,wicket_type,player_dismissed,other_wicket_type,other_player_dismissed
1085962,2017,2017-07-08,Grace Road,1,0.1,South Africa,India,L Wolvaardt,L Lee,J Goswami,1,0,,,,,,,,,
1085962,2017,2017-07-08,Grace Road,1,0.2,South Africa,India,L Lee,L Wolvaardt,J Goswami,0,0,,,,,,,,,
1085962,2017,2017-07-08,Grace Road,1,0.3,South Africa,India,L Lee,L Wolvaardt,J Goswami,0,0,,,,,,,,,
1085962,2017,2017-07-08,Grace Road,1,0.4,South Africa,India,L Lee,L Wolvaardt,J Goswami,0,0,,,,,,,,,
1085962,2017,2017-07-08,Grace Road,1,0.5,South Africa,India,L Lee,L Wolvaardt,J Goswami,0,0,,,,,,,,,
1085962,2017,2017-07-08,Grace Road,1,0.6,South Africa,India,L Lee,L Wolvaardt,J Goswami,0,0,,,,,,,,,
1085962,2017,2017-07-08,Grace Road,1,1.1,South Africa,India,L Wolvaardt,L Lee,S Pandey,0,0,,,,,,,,,
1085962,2017,2017-07-08,Grace Road,1,1.2,South Africa,India,L Wolvaardt,L Lee,S Pandey,0,0,,,,,,bowled,L Wolvaardt,,
1085962,2017,2017-07-08,Grace Road,1,1.3,South Africa,India,T Chetty,L Lee,S Pandey,0,1,1,,,,,,,,
1085962,2017,2017-07-08,Grace Road,1,1.4,South Africa,India,T Chetty,L Lee,S Pandey,0,0,,,,,,,,,
1085962,2017,2017-07-08,Grace Road,1,1.5,South Africa,India,T Chetty,L Lee,S Pandey,4,0,,,,,,,,,
1085962,2017,2017-07-08,Grace Road,1,1.6,South Africa,India,T Chetty,L Lee,S Pandey,0,0,,,,,,,,,
1085962,2017,2017-07-08,Grace Road,1,1.7,South Africa,India,T Chetty,L Lee,S Pandey,1,0,,,,,,,,,
1085962,2017,2017-07-08,Grace Road,1,2.1,South Africa,India,T Chetty,L Lee,J Goswami,1,0,,,,,,,,,
1085962,2017,2017-07-08,Grace Road,1,2.2,South Africa,India,L Lee,T Chetty,J Goswami,0,0,,,,,,,,,
1085962,2017,2017-07-08,Grace Road,1,2.3,South Africa,India,L Lee,T Chetty,J Goswami,0,0,,,,,,,,,
1085962,2017,2017-07-08,Grace Road,1,2.4,South Africa,India,L Lee,T Chetty,J Goswami,0,0,,,,,,,,,
1085962,2017,2017-07-08,Grace Road,1,2.5,South Africa,India,L Lee,T Chetty,J Goswami,0,1,,,,1,,,,,
1085962,2017,2017-07-08,Grace Road,1,2.6,South Africa,India,T Chetty,L Lee,J Goswami,0,0,,,,,,,,,
1085962,2017,2017-07-08,Grace Road,1,3.1,South Africa,India,L Lee,T Chetty,S Pandey,0,0,,,,,,,,,
1085962,2017,2017-07-08,Grace Road,1,3.2,South Africa,India,L Lee,T Chetty,S Pandey,1,0,,,,,,,,,
1085962,2017,2017-07-08,Grace Road,1,3.3,South Africa,India,T Chetty,L Lee,S Pandey,0,0,,,,,,,,,
1085962,2017,2017-07-08,Grace Road,1,3.4,South Africa,India,T Chetty,L Lee,S Pandey,0,0,,,,,,,,,
1085962,2017,2017-07-08,Grace Road,1,3.5,South Africa,India,T Chetty,L Lee,S Pandey,0,0,,,,,,,,,
1085962,2017,2017-07-08,Grace Road,1,3.6,South Africa,India,T Chetty,L Lee,S Pandey,0,0,,,,,,,,,
1085962,2017,2017-07-08,Grace Road,1,4.1,South Africa,India,L Lee,T Chetty,J Goswami,1,0,,,,,,,,,
1085962,2017,2017-07-08,Grace Road,1,4.2,South Africa,India,T Chetty,L Lee,J Goswami,0,0,,,,,,,,,
1085962,2017,2017-07-08,Grace Road,1,4.3,South Africa,India,T Chetty,L Lee,J Goswami,4,0,,,,,,,,,
1085962,2017,2017-07-08,Grace Road,1,4.4,South Africa,India,T Chetty,L Lee,J Goswami,1,0,,,,,,,,,
1085962,2017,2017-07-08,Grace Road,1,4.5,South Africa,India,L Lee,T Chetty,J Goswami,0,0,,,,,,,,,
1085962,2017,2017-07-08,Grace Road,1,4.6,South Africa,India,L Lee,T Chetty,J Goswami,0,0,,,,,,,,,
1085962,2017,2017-07-08,Grace Road,1,5.1,South Africa,India,T Chetty,L Lee,S Pandey,0,0,,,,,,,,,
1085962,2017,2017-07-08,Grace Road,1,5.2,South Africa,India,T Chetty,L Lee,S Pandey,1,0,,,,,,,,,
1085962,2017,2017-07-08,Grace Road,1,5.3,South Africa,India,L Lee,T Chetty,S Pandey,4,0,,,,,,,,,
1085962,2017,2017-07-08,Grace Road,1,5.4,South Africa,India,L Lee,T Chetty,S Pandey,6,0,,,,,,,,,
1085962,2017,2017-07-08,Grace Road,1,5.5,South Africa,India,L Lee,T Chetty,S Pandey,4,1,,1,,,,,,,
1085962,2017,2017-07-08,Grace Road,1,5.6,South Africa,India,L Lee,T Chetty,S Pandey,0,0,,,,,,,,,
1085962,2017,2017-07-08,Grace Road,1,5.7,South Africa,India,L Lee,T Chetty,S Pandey,0,0,,,,,,,,,
1085962,2017,2017-07-08,Grace Road,1,6.1,South Africa,India,T Chetty,L Lee,J Goswami,1,0,,,,,,,,,
1085962,2017,2017-07-08,Grace Road,1,6.2,South Africa,India,L Lee,T Chetty,J Goswami,0,0,,,,,,,,,
1085962,2017,2017-07-08,Grace Road,1,6.3,South Africa,India,L Lee,T Chetty,J Goswami,0,1,1,,,,,,,,
1085962,2017,2017-07-08,Grace Road,1,6.4,South Africa,India,L Lee,T Chetty,J Goswami,1,0,,,,,,,,,
1085962,2017,2017-07-08,Grace Road,1,6.5,South Africa,India,T Chetty,L Lee,J Goswami,0,0,,,,,,,,,
1085962,2017,2017-07-08,Grace Road,1,6.6,South Africa,India,T Chetty,L Lee,J Goswami,0,0,,,,,,,,,
1085962,2017,2017-07-08,Grace Road,1,6.7,South Africa,India,T Chetty,L Lee,J Goswami,1,0,,,,,,,,,
1085962,2017,2017-07-08,Grace Road,1,7.1,South Africa,India,T Chetty,L Lee,E Bisht,0,0,,,,,,,,,
1085962,2017,2017-07-08,Grace Road,1,7.2,South Africa,India,T Chetty,L Lee,E Bisht,0,0,,,,,,,,,
1085962,2017,2017-07-08,Grace Road,1,7.3,South Africa,India,T Chetty,L Lee,E Bisht,0,0,,,,,,,,,
1085962,2017,2017-07-08,Grace Road,1,7.4,South Africa,India,T Chetty,L Lee,E Bisht,0,0,,,,,,,,,
1085962,2017,2017-07-08,Grace Road,1,7.5,South Africa,India,T Chetty,L Lee,E Bisht,0,0,,,,,,,,,
1085962,2017,2017-07-08,Grace Road,1,7.6,South Africa,India,T Chetty,L Lee,E Bisht,4,0,,,,,,,,,
1085962,2017,2017-07-08,Grace Road,1,8.1,South Africa,India,L Lee,T Chetty,J Goswami,4,0,,,,,,,,,
1085962,2017,2017-07-08,Grace Road,1,8.2,South Africa,India,L Lee,T Chetty,J Goswami,0,0,,,,,,,,,
1085962,2017,2017-07-08,Grace Road,1,8.3,South Africa,India,L Lee,T Chetty,J Goswami,4,0,,,,,,,,,
1085962,2017,2017-07-08,Grace Road,1,8.4,South Africa,India,L Lee,T Chetty,J Goswami,0,0,,,,,,,,,
1085962,2017,2017-07-08,Grace Road,1,8.5,South Africa,India,L Lee,T Chetty,J Goswami,6,0,,,,,,,,,
1085962,2017,2017-07-08,Grace Road,1,8.6,South Africa,India,L Lee,T Chetty,J Goswami,1,0,,,,,,,,,
1085962,2017,2017-07-08,Grace Road,1,9.1,South Africa,India,L Lee,T Chetty,E Bisht,6,0,,,,,,,,,
1085962,2017,2017-07-08,Grace Road,1,9.2,South Africa,India,L Lee,T Chetty,E Bisht,0,0,,,,,,,,,
1085962,2017,2017-07-08,Grace Road,1,9.3,South Africa,India,L Lee,T Chetty,E Bisht,4,0,,,,,,,,,
1085962,2017,2017-07-08,Grace Road,1,9.4,South Africa,India,L Lee,T Chetty,E Bisht,0,0,,,,,,,,,
1085962,2017,2017-07-08,Grace Road,1,9.5,South Africa,India,L Lee,T Chetty,E Bisht,0,0,,,,,,,,,
1085962,2017,2017-07-08,Grace Road,1,9.6,South Africa,India,L Lee,T Chetty,E Bisht,6,0,,,,,,,,,
1085962,2017,2017-07-08,Grace Road,1,10.1,South Africa,India,T Chetty,L Lee,Poonam Yadav,0,0,,,,,,,,,
1085962,2017,2017-07-08,Grace Road,1,10.2,South Africa,India,T Chetty,L Lee,Poonam Yadav,0,0,,,,,,,,,
1085962,2017,2017-07-08,Grace Road,1,10.3,South Africa,India,T Chetty,L Lee,Poonam Yadav,0,0,,,,,,,,,
1085962,2017,2017-07-08,Grace Road,1,10.4,South Africa,India,T Chetty,L Lee,Poonam Yadav,0,0,,,,,,,,,
1085962,2017,2017-07-08,Grace Road,1,10.5,South Africa,India,T Chetty,L Lee,Poonam Yadav,1,0,,,,,,,,,
1085962,2017,2017-07-08,Grace Road,1,10.6,South Africa,India,L Lee,T Chetty,Poonam Yadav,0,0,,,,,,,,,
1085962,2017,2017-07-08,Grace Road,1,11.1,South Africa,India,T Chetty,L Lee,DB Sharma,1,0,,,,,,,,,
1085962,2017,2017-07-08,Grace Road,1,11.2,South Africa,India,L Lee,T Chetty,DB Sharma,0,0,,,,,,,,,
1085962,2017,2017-07-08,Grace Road,1,11.3,South Africa,India,L Lee,T Chetty,DB Sharma,0,0,,,,,,,,,
1085962,2017,2017-07-08,Grace Road,1,11.4,South Africa,India,L Lee,T Chetty,DB Sharma,0,0,,,,,,,,,
1085962,2017,2017-07-08,Grace Road,1,11.5,South Africa,India,L Lee,T Chetty,DB Sharma,0,0,,,,,,,,,
1085962,2017,2017-07-08,Grace Road,1,11.6,South Africa,India,L Lee,T Chetty,DB Sharma,0,0,,,,,,,,,
1085962,2017,2017-07-08,Grace Road,1,12.1,South Africa,India,T Chetty,L Lee,Poonam Yadav,0,0,,,,,,,,,
1085962,2017,2017-07-08,Grace Road,1,12.2,South Africa,India,T Chetty,L Lee,Poonam Yadav,0,0,,,,,,,,,
1085962,2017,2017-07-08,Grace Road,1,12.3,South Africa,India,T Chetty,L Lee,Poonam Yadav,1,0,,,,,,,,,
1085962,2017,2017-07-08,Grace Road,1,12.4,South Africa,India,L Lee,T Chetty,Poonam Yadav,0,0,,,,,,,,,
1085962,2017,2017-07-08,Grace Road,1,12.5,South Africa,India,L Lee,T Chetty,Poonam Yadav,0,0,,,,,,,,,
1085962,2017,2017-07-08,Grace Road,1,12.6,South Africa,India,L Lee,T Chetty,Poonam Yadav,1,0,,,,,,,,,
1085962,2017,2017-07-08,Grace Road,1,13.1,South Africa,India,L Lee,T Chetty,DB Sharma,0,0,,,,,,,,,
1085962,2017,2017-07-08,Grace Road,1,13.2,South Africa,India,L Lee,T Chetty,DB Sharma,1,0,,,,,,,,,
1085962,2017,2017-07-08,Grace Road,1,13.3,South Africa,India,T Chetty,L Lee,DB Sharma,1,0,,,,,,,,,
1085962,2017,2017-07-08,Grace Road,1,13.4,South Africa,India,L Lee,T Chetty,DB Sharma,6,0,,,,,,,,,
1085962,2017,2017-07-08,Grace Road,1,13.5,South Africa,India,L Lee,T Chetty,DB Sharma,0,0,,,,,,,,,
1085962,2017,2017-07-08,Grace Road,1,13.6,South Africa,India,L Lee,T Chetty,DB Sharma,6,0,,,,,,,,,
1085962,2017,2017-07-08,Grace Road,1,14.1,South Africa,India,T Chetty,L Lee,Poonam Yadav,0,0,,,,,,,,,
1085962,2017,2017-07-08,Grace Road,1,14.2,South Africa,India,T Chetty,L Lee,Poonam Yadav,0,0,,,,,,,,,
1085962,2017,2017-07-08,Grace Road,1,14.3,South Africa,India,T Chetty,L Lee,Poonam Yadav,0,0,,,,,,,,,
1085962,2017,2017-07-08,Grace Road,1,14.4,South Africa,India,T Chetty,L Lee,Poonam Yadav,0,0,,,,,,,,,
1085962,2017,2017-07-08,Grace Road,1,14.5,South Africa,India,T Chetty,L Lee,Poonam Yadav,0,0,,,,,,,,,
1085962,2017,2017-07-08,Grace Road,1,14.6,South Africa,India,T Chetty,L Lee,Poonam Yadav,1,0,,,,,,,,,
1085962,2017,2017-07-08,Grace Road,1,15.1,South Africa,India,T Chetty,L Lee,E Bisht,0,0,,,,,,,,,
1085962,2017,2017-07-08,Grace Road,1,15.2,South Africa,India,T Chetty,L Lee,E Bisht,0,0,,,,,,,,,
1085962,2017,2017-07-08,Grace Road,1,15.3,South Africa,India,T Chetty,L Lee,E Bisht,1,0,,,,,,,,,
1085962,2017,2017-07-08,Grace Road,1,15.4,South Africa,India,L Lee,T Chetty,E Bisht,1,0,,,,,,,,,
1085962,2017,2017-07-08,Grace Road,1,15.5,South Africa,India,T Chetty,L Lee,E Bisht,0,0,,,,,,caught,T Chetty,,
1085962,2017,2017-07-08,Grace Road,1,15.6,South Africa,India,M du Preez,L Lee,E Bisht,0,0,,,,,,,,,
1085962,2017,2017-07-08,Grace Road,1,16.1,South Africa,India,L Lee,M du Preez,Poonam Yadav,0,0,,,,,,,,,
1085962,2017,2017-07-08,Grace Road,1,16.2,South Africa,India,L Lee,M du Preez,Poonam Yadav,0,0,,,,,,,,,
1085962,2017,2017-07-08,Grace Road,1,16.3,South Africa,India,L Lee,M du Preez,Poonam Yadav,1,0,,,,,,,,,
1085962,2017,2017-07-08,Grace Road,1,16.4,South Africa,India,M du Preez,L Lee,Poonam Yadav,4,0,,,,,,,,,
1085962,2017,2017-07-08,Grace Road,1,16.5,South Africa,India,M du Preez,L Lee,Poonam Yadav,4,0,,,,,,,,,
1085962,2017,2017-07-08,Grace Road,1,16.6,South Africa,India,M du Preez,L Lee,Poonam Yadav,1,0,,,,,,,,,
1085962,2017,2017-07-08,Grace Road,1,17.1,South Africa,India,M du Preez,L Lee,E Bisht,0,0,,,,,,,,,
1085962,2017,2017-07-08,Grace Road,1,17.2,South Africa,India,M du Preez,L Lee,E Bisht,1,0,,,,,,,,,
1085962,2017,2017-07-08,Grace Road,1,17.3,South Africa,India,L Lee,M du Preez,E Bisht,0,0,,,,,,,,,
1085962,2017,2017-07-08,Grace Road,1,17.4,South Africa,India,L Lee,M du Preez,E Bisht,4,0,,,,,,,,,
1085962,2017,2017-07-08,Grace Road,1,17.5,South Africa,India,L Lee,M du Preez,E Bisht,0,0,,,,,,,,,
1085962,2017,2017-07-08,Grace Road,1,17.6,South Africa,India,L Lee,M du Preez,E Bisht,4,0,,,,,,,,,
1085962,2017,2017-07-08,Grace Road,1,18.1,South Africa,India,M du Preez,L Lee,DB Sharma,1,0,,,,,,,,,
1085962,2017,2017-07-08,Grace Road,1,18.2,South Africa,India,L Lee,M du Preez,DB Sharma,4,0,,,,,,,,,
1085962,2017,2017-07-08,Grace Road,1,18.3,South Africa,India,L Lee,M du Preez,DB Sharma,1,0,,,,,,,,,
1085962,2017,2017-07-08,Grace Road,1,18.4,South Africa,India,M du Preez,L Lee,DB Sharma,1,0,,,,,,,,,
1085962,2017,2017-07-08,Grace Road,1,18.5,South Africa,India,L Lee,M du Preez,DB Sharma,0,0,,,,,,,,,
1085962,2017,2017-07-08,Grace Road,1,18.6,South Africa,India,L Lee,M du Preez,DB Sharma,6,0,,,,,,,,,
1085962,2017,2017-07-08,Grace Road,1,19.1,South Africa,India,M du Preez,L Lee,S Pandey,0,0,,,,,,,,,
1085962,2017,2017-07-08,Grace Road,1,19.2,South Africa,India,M du Preez,L Lee,S Pandey,0,0,,,,,,,,,
1085962,2017,2017-07-08,Grace Road,1,19.3,South Africa,India,M du Preez,L Lee,S Pandey,0,0,,,,,,,,,
1085962,2017,2017-07-08,Grace Road,1,19.4,South Africa,India,M du Preez,L Lee,S Pandey,1,0,,,,,,,,,
1085962,2017,2017-07-08,Grace Road,1,19.5,South Africa,India,L Lee,M du Preez,S Pandey,0,0,,,,,,,,,
1085962,2017,2017-07-08,Grace Road,1,19.6,South Africa,India,L Lee,M du Preez,S Pandey,1,0,,,,,,,,,
1085962,2017,2017-07-08,Grace Road,1,20.1,South Africa,India,L Lee,M du Preez,H Kaur,4,0,,,,,,,,,
1085962,2017,2017-07-08,Grace Road,1,20.2,South Africa,India,L Lee,M du Preez,H Kaur,0,0,,,,,,,,,
1085962,2017,2017-07-08,Grace Road,1,20.3,South Africa,India,L Lee,M du Preez,H Kaur,4,0,,,,,,,,,
1085962,2017,2017-07-08,Grace Road,1,20.4,South Africa,India,L Lee,M du Preez,H Kaur,0,0,,,,,,lbw,L Lee,,
1085962,2017,2017-07-08,Grace Road,1,20.5,South Africa,India,M Kapp,M du Preez,H Kaur,0,0,,,,,,,,,
1085962,2017,2017-07-08,Grace Road,1,20.6,South Africa,India,M Kapp,M du Preez,H Kaur,0,0,,,,,,,,,
1085962,2017,2017-07-08,Grace Road,1,21.1,South Africa,India,M du Preez,M Kapp,S Pandey,0,0,,,,,,,,,
1085962,2017,2017-07-08,Grace Road,1,21.2,South Africa,India,M du Preez,M Kapp,S Pandey,0,0,,,,,,,,,
1085962,2017,2017-07-08,Grace Road,1,21.3,South Africa,India,M du Preez,M Kapp,S Pandey,0,0,,,,,,,,,
1085962,2017,2017-07-08,Grace Road,1,21.4,South Africa,India,M du Preez,M Kapp,S Pandey,0,0,,,,,,,,,
1085962,2017,2017-07-08,Grace Road,1,21.5,South Africa,India,M du Preez,M Kapp,S Pandey,1,0,,,,,,,,,
1085962,2017,2017-07-08,Grace Road,1,21.6,South Africa,India,M Kapp,M du Preez,S Pandey,0,0,,,,,,,,,
1085962,2017,2017-07-08,Grace Road,1,22.1,South Africa,India,M du Preez,M Kapp,DB Sharma,1,0,,,,,,,,,
1085962,2017,2017-07-08,Grace Road,1,22.2,South Africa,India,M Kapp,M du Preez,DB Sharma,0,0,,,,,,,,,
1085962,2017,2017-07-08,Grace Road,1,22.3,South Africa,India,M Kapp,M du Preez,DB Sharma,0,0,,,,,,,,,
1085962,2017,2017-07-08,Grace Road,1,22.4,South Africa,India,M Kapp,M du Preez,DB Sharma,1,0,,,,,,,,,
1085962,2017,2017-07-08,Grace Road,1,22.5,South Africa,India,M du Preez,M Kapp,DB Sharma,0,0,,,,,,,,,
1085962,2017,2017-07-08,Grace Road,1,22.6,South Africa,India,M du Preez,M Kapp,DB Sharma,2,0,,,,,,,,,
1085962,2017,2017-07-08,Grace Road,1,23.1,South Africa,India,M Kapp,M du Preez,S Pandey,0,0,,,,,,,,,
1085962,2017,2017-07-08,Grace Road,1,23.2,South Africa,India,M Kapp,M du Preez,S Pandey,0,0,,,,,,,,,
1085962,2017,2017-07-08,Grace Road,1,23.3,South Africa,India,M Kapp,M du Preez,S Pandey,0,0,,,,,,,,,
1085962,2017,2017-07-08,Grace Road,1,23.4,South Africa,India,M Kapp,M du Preez,S Pandey,0,0,,,,,,,,,
1085962,2017,2017-07-08,Grace Road,1,23.5,South Africa,India,M Kapp,M du Preez,S Pandey,1,0,,,,,,,,,
1085962,2017,2017-07-08,Grace Road,1,23.6,South Africa,India,M du Preez,M Kapp,S Pandey,1,0,,,,,,,,,
1085962,2017,2017-07-08,Grace Road,1,24.1,South Africa,India,M du Preez,M Kapp,DB Sharma,1,0,,,,,,,,,
1085962,2017,2017-07-08,Grace Road,1,24.2,South Africa,India,M Kapp,M du Preez,DB Sharma,1,0,,,,,,,,,
1085962,2017,2017-07-08,Grace Road,1,24.3,South Africa,India,M du Preez,M Kapp,DB Sharma,0,0,,,,,,,,,
1085962,2017,2017-07-08,Grace Road,1,24.4,South Africa,India,M du Preez,M Kapp,DB Sharma,0,0,,,,,,,,,
1085962,2017,2017-07-08,Grace Road,1,24.5,South Africa,India,M du Preez,M Kapp,DB Sharma,1,0,,,,,,,,,
1085962,2017,2017-07-08,Grace Road,1,24.6,South Africa,India,M Kapp,M du Preez,DB Sharma,1,0,,,,,,,,,
1085962,2017,2017-07-08,Grace Road,1,25.1,South Africa,India,M Kapp,M du Preez,S Pandey,2,0,,,,,,,,,
1085962,2017,2017-07-08,Grace Road,1,25.2,South Africa,India,M Kapp,M du Preez,S Pandey,0,0,,,,,,,,,
1085962,2017,2017-07-08,Grace Road,1,25.3,South Africa,India,M Kapp,M du Preez,S Pandey,0,0,,,,,,,,,
1085962,2017,2017-07-08,Grace Road,1,25.4,South Africa,India,M Kapp,M du Preez,S Pandey,1,0,,,,,,,,,
1085962,2017,2017-07-08,Grace Road,1,25.5,South Africa,India,M du Preez,M Kapp,S Pandey,1,0,,,,,,,,,
1085962,2017,2017-07-08,Grace Road,1,25.6,South Africa,India,M Kapp,M du Preez,S Pandey,0,0,,,,,,,,,
1085962,2017,2017-07-08,Grace Road,1,26.1,South Africa,India,M du Preez,M Kapp,E Bisht,1,0,,,,,,,,,
1085962,2017,2017-07-08,Grace Road,1,26.2,South Africa,India,M Kapp,M du Preez,E Bisht,0,0,,,,,,,,,
1085962,2017,2017-07-08,Grace Road,1,26.3,South Africa,India,M Kapp,M du Preez,E Bisht,0,0,,,,,,,,,
1085962,2017,2017-07-08,Grace Road,1,26.4,South Africa,India,M Kapp,M du Preez,E Bisht,2,0,,,,,,,,,
1085962,2017,2017-07-08,Grace Road,1,26.5,South Africa,India,M Kapp,M du Preez,E Bisht,3,0,,,,,,,,,
1085962,2017,2017-07-08,Grace Road,1,26.6,South Africa,India,M du Preez,M Kapp,E Bisht,0,0,,,,,,,,,
1085962,2017,2017-07-08,Grace Road,1,27.1,South Africa,India,M Kapp,M du Preez,Poonam Yadav,4,0,,,,,,,,,
1085962,2017,2017-07-08,Grace Road,1,27.2,South Africa,India,M Kapp,M du Preez,Poonam Yadav,1,0,,,,,,,,,
1085962,2017,2017-07-08,Grace Road,1,27.3,South Africa,India,M du Preez,M Kapp,Poonam Yadav,0,0,,,,,,stumped,M du Preez,,
1085962,2017,2017-07-08,Grace Road,1,27.4,South Africa,India,D van Niekerk,M Kapp,Poonam Yadav,0,0,,,,,,,,,
1085962,2017,2017-07-08,Grace Road,1,27.5,South Africa,India,D van Niekerk,M Kapp,Poonam Yadav,0,0,,,,,,,,,
1085962,2017,2017-07-08,Grace Road,1,27.6,South Africa,India,D van Niekerk,M Kapp,Poonam Yadav,0,0,,,,,,,,,
1085962,2017,2017-07-08,Grace Road,1,28.1,South Africa,India,M Kapp,D van Niekerk,H Kaur,0,0,,,,,,,,,
1085962,2017,2017-07-08,Grace Road,1,28.2,South Africa,India,M Kapp,D van Niekerk,H Kaur,0,0,,,,,,,,,
1085962,2017,2017-07-08,Grace Road,1,28.3,South Africa,India,M Kapp,D van Niekerk,H Kaur,0,0,,,,,,,,,
1085962,2017,2017-07-08,Grace Road,1,28.4,South Africa,India,M Kapp,D van Niekerk,H Kaur,0,0,,,,,,,,,
1085962,2017,2017-07-08,Grace Road,1,28.5,South Africa,India,M Kapp,D van Niekerk,H Kaur,2,0,,,,,,,,,
1085962,2017,2017-07-08,Grace Road,1,28.6,South Africa,India,M Kapp,D van Niekerk,H Kaur,0,0,,,,,,bowled,M Kapp,,
1085962,2017,2017-07-08,Grace Road,1,29.1,South Africa,India,D van Niekerk,S Luus,Poonam Yadav,1,0,,,,,,,,,
1085962,2017,2017-07-08,Grace Road,1,29.2,South Africa,India,S Luus,D van Niekerk,Poonam Yadav,0,0,,,,,,,,,
1085962,2017,2017-07-08,Grace Road,1,29.3,South Africa,India,S Luus,D van Niekerk,Poonam Yadav,0,0,,,,,,,,,
1085962,2017,2017-07-08,Grace Road,1,29.4,South Africa,India,S Luus,D van Niekerk,Poonam Yadav,0,0,,,,,,,,,
1085962,2017,2017-07-08,Grace Road,1,29.5,South Africa,India,S Luus,D van Niekerk,Poonam Yadav,0,0,,,,,,,,,
1085962,2017,2017-07-08,Grace Road,1,29.6,South Africa,India,S Luus,D van Niekerk,Poonam Yadav,0,0,,,,,,,,,
1085962,2017,2017-07-08,Grace Road,1,30.1,South Africa,India,D van Niekerk,S Luus,H Kaur,0,0,,,,,,,,,
1085962,2017,2017-07-08,Grace Road,1,30.2,South Africa,India,D van Niekerk,S Luus,H Kaur,1,0,,,,,,,,,
1085962,2017,2017-07-08,Grace Road,1,30.3,South Africa,India,S Luus,D van Niekerk,H Kaur,0,0,,,,,,,,,
1085962,2017,2017-07-08,Grace Road,1,30.4,South Africa,India,S Luus,D van Niekerk,H Kaur,0,0,,,,,,,,,
1085962,2017,2017-07-08,Grace Road,1,30.5,South Africa,India,S Luus,D van Niekerk,H Kaur,0,0,,,,,,,,,
1085962,2017,2017-07-08,Grace Road,1,30.6,South Africa,India,S Luus,D van Niekerk,H Kaur,1,0,,,,,,,,,
1085962,2017,2017-07-08,Grace Road,1,31.1,South Africa,India,S Luus,D van Niekerk,Poonam Yadav,0,0,,,,,,,,,
1085962,2017,2017-07-08,Grace Road,1,31.2,South Africa,India,S Luus,D van Niekerk,Poonam Yadav,1,0,,,,,,,,,
1085962,2017,2017-07-08,Grace Road,1,31.3,South Africa,India,D van Niekerk,S Luus,Poonam Yadav,0,0,,,,,,,,,
1085962,2017,2017-07-08,Grace Road,1,31.4,South Africa,India,D van Niekerk,S Luus,Poonam Yadav,0,0,,,,,,,,,
1085962,2017,2017-07-08,Grace Road,1,31.5,South Africa,India,D van Niekerk,S Luus,Poonam Yadav,0,0,,,,,,,,,
1085962,2017,2017-07-08,Grace Road,1,31.6,South Africa,India,D van Niekerk,S Luus,Poonam Yadav,0,0,,,,,,,,,
1085962,2017,2017-07-08,Grace Road,1,32.1,South Africa,India,S Luus,D van Niekerk,DB Sharma,1,0,,,,,,,,,
1085962,2017,2017-07-08,Grace Road,1,32.2,South Africa,India,D van Niekerk,S Luus,DB Sharma,4,0,,,,,,,,,
1085962,2017,2017-07-08,Grace Road,1,32.3,South Africa,India,D van Niekerk,S Luus,DB Sharma,0,0,,,,,,,,,
1085962,2017,2017-07-08,Grace Road,1,32.4,South Africa,India,D van Niekerk,S Luus,DB Sharma,0,0,,,,,,,,,
1085962,2017,2017-07-08,Grace Road,1,32.5,South Africa,India,D van Niekerk,S Luus,DB Sharma,1,0,,,,,,,,,
1085962,2017,2017-07-08,Grace Road,1,32.6,South Africa,India,S Luus,D van Niekerk,DB Sharma,1,0,,,,,,,,,
1085962,2017,2017-07-08,Grace Road,1,33.1,South Africa,India,S Luus,D van Niekerk,H Kaur,1,0,,,,,,,,,
1085962,2017,2017-07-08,Grace Road,1,33.2,South Africa,India,D van Niekerk,S Luus,H Kaur,0,0,,,,,,,,,
1085962,2017,2017-07-08,Grace Road,1,33.3,South Africa,India,D van Niekerk,S Luus,H Kaur,0,0,,,,,,,,,
1085962,2017,2017-07-08,Grace Road,1,33.4,South Africa,India,D van Niekerk,S Luus,H Kaur,0,0,,,,,,,,,
1085962,2017,2017-07-08,Grace Road,1,33.5,South Africa,India,D van Niekerk,S Luus,H Kaur,1,0,,,,,,,,,
1085962,2017,2017-07-08,Grace Road,1,33.6,South Africa,India,S Luus,D van Niekerk,H Kaur,4,0,,,,,,,,,
1085962,2017,2017-07-08,Grace Road,1,34.1,South Africa,India,D van Niekerk,S Luus,DB Sharma,0,0,,,,,,,,,
1085962,2017,2017-07-08,Grace Road,1,34.2,South Africa,India,D van Niekerk,S Luus,DB Sharma,4,0,,,,,,,,,
1085962,2017,2017-07-08,Grace Road,1,34.3,South Africa,India,D van Niekerk,S Luus,DB Sharma,0,0,,,,,,,,,
1085962,2017,2017-07-08,Grace Road,1,34.4,South Africa,India,D van Niekerk,S Luus,DB Sharma,4,0,,,,,,,,,
1085962,2017,2017-07-08,Grace Road,1,34.5,South Africa,India,D van Niekerk,S Luus,DB Sharma,1,0,,,,,,,,,
1085962,2017,2017-07-08,Grace Road,1,34.6,South Africa,India,S Luus,D van Niekerk,DB Sharma,1,0,,,,,,,,,
1085962,2017,2017-07-08,Grace Road,1,35.1,South Africa,India,S Luus,D van Niekerk,J Goswami,0,0,,,,,,,,,
1085962,2017,2017-07-08,Grace Road,1,35.2,South Africa,India,S Luus,D van Niekerk,J Goswami,0,0,,,,,,,,,
1085962,2017,2017-07-08,Grace Road,1,35.3,South Africa,India,S Luus,D van Niekerk,J Goswami,1,0,,,,,,,,,
1085962,2017,2017-07-08,Grace Road,1,35.4,South Africa,India,D van Niekerk,S Luus,J Goswami,0,0,,,,,,,,,
1085962,2017,2017-07-08,Grace Road,1,35.5,South Africa,India,D van Niekerk,S Luus,J Goswami,4,0,,,,,,,,,
1085962,2017,2017-07-08,Grace Road,1,35.6,South Africa,India,D van Niekerk,S Luus,J Goswami,0,0,,,,,,,,,
1085962,2017,2017-07-08,Grace Road,1,36.1,South Africa,India,S Luus,D van Niekerk,E Bisht,0,0,,,,,,,,,
1085962,2017,2017-07-08,Grace Road,1,36.2,South Africa,India,S Luus,D van Niekerk,E Bisht,1,0,,,,,,,,,
1085962,2017,2017-07-08,Grace Road,1,36.3,South Africa,India,D van Niekerk,S Luus,E Bisht,1,0,,,,,,,,,
1085962,2017,2017-07-08,Grace Road,1,36.4,South Africa,India,S Luus,D van Niekerk,E Bisht,0,0,,,,,,,,,
1085962,2017,2017-07-08,Grace Road,1,36.5,South Africa,India,S Luus,D van Niekerk,E Bisht,1,0,,,,,,,,,
1085962,2017,2017-07-08,Grace Road,1,36.6,South Africa,India,D van Niekerk,S Luus,E Bisht,0,0,,,,,,,,,
1085962,2017,2017-07-08,Grace Road,1,37.1,South Africa,India,S Luus,D van Niekerk,J Goswami,0,0,,,,,,,,,
1085962,2017,2017-07-08,Grace Road,1,37.2,South Africa,India,S Luus,D van Niekerk,J Goswami,1,0,,,,,,,,,
1085962,2017,2017-07-08,Grace Road,1,37.3,South Africa,India,D van Niekerk,S Luus,J Goswami,1,0,,,,,,,,,
1085962,2017,2017-07-08,Grace Road,1,37.4,South Africa,India,S Luus,D van Niekerk,J Goswami,1,0,,,,,,,,,
1085962,2017,2017-07-08,Grace Road,1,37.5,South Africa,India,D van Niekerk,S Luus,J Goswami,1,0,,,,,,,,,
1085962,2017,2017-07-08,Grace Road,1,37.6,South Africa,India,S Luus,D van Niekerk,J Goswami,0,0,,,,,,,,,
1085962,2017,2017-07-08,Grace Road,1,38.1,South Africa,India,D van Niekerk,S Luus,E Bisht,0,0,,,,,,,,,
1085962,2017,2017-07-08,Grace Road,1,38.2,South Africa,India,D van Niekerk,S Luus,E Bisht,0,0,,,,,,,,,
1085962,2017,2017-07-08,Grace Road,1,38.3,South Africa,India,D van Niekerk,S Luus,E Bisht,0,0,,,,,,,,,
1085962,2017,2017-07-08,Grace Road,1,38.4,South Africa,India,D van Niekerk,S Luus,E Bisht,0,0,,,,,,,,,
1085962,2017,2017-07-08,Grace Road,1,38.5,South Africa,India,D van Niekerk,S Luus,E Bisht,0,0,,,,,,,,,
1085962,2017,2017-07-08,Grace Road,1,38.6,South Africa,India,D van Niekerk,S Luus,E Bisht,0,0,,,,,,,,,
1085962,2017,2017-07-08,Grace Road,1,39.1,South Africa,India,S Luus,D van Niekerk,J Goswami,0,0,,,,,,,,,
1085962,2017,2017-07-08,Grace Road,1,39.2,South Africa,India,S Luus,D van Niekerk,J Goswami,0,0,,,,,,,,,
1085962,2017,2017-07-08,Grace Road,1,39.3,South Africa,India,S Luus,D van Niekerk,J Goswami,1,0,,,,,,,,,
1085962,2017,2017-07-08,Grace Road,1,39.4,South Africa,India,D van Niekerk,S Luus,J Goswami,0,0,,,,,,,,,
1085962,2017,2017-07-08,Grace Road,1,39.5,South Africa,India,D van Niekerk,S Luus,J Goswami,1,0,,,,,,,,,
1085962,2017,2017-07-08,Grace Road,1,39.6,South Africa,India,S Luus,D van Niekerk,J Goswami,0,0,,,,,,caught,S Luus,,
1085962,2017,2017-07-08,Grace Road,1,40.1,South Africa,India,D van Niekerk,CL Tryon,Poonam Yadav,1,0,,,,,,,,,
1085962,2017,2017-07-08,Grace Road,1,40.2,South Africa,India,CL Tryon,D van Niekerk,Poonam Yadav,0,0,,,,,,,,,
1085962,2017,2017-07-08,Grace Road,1,40.3,South Africa,India,CL Tryon,D van Niekerk,Poonam Yadav,0,0,,,,,,,,,
1085962,2017,2017-07-08,Grace Road,1,40.4,South Africa,India,CL Tryon,D van Niekerk,Poonam Yadav,1,0,,,,,,,,,
1085962,2017,2017-07-08,Grace Road,1,40.5,South Africa,India,D van Niekerk,CL Tryon,Poonam Yadav,2,0,,,,,,,,,
1085962,2017,2017-07-08,Grace Road,1,40.6,South Africa,India,D van Niekerk,CL Tryon,Poonam Yadav,1,0,,,,,,,,,
1085962,2017,2017-07-08,Grace Road,1,41.1,South Africa,India,D van Niekerk,CL Tryon,J Goswami,1,0,,,,,,,,,
1085962,2017,2017-07-08,Grace Road,1,41.2,South Africa,India,CL Tryon,D van Niekerk,J Goswami,4,0,,,,,,,,,
1085962,2017,2017-07-08,Grace Road,1,41.3,South Africa,India,CL Tryon,D van Niekerk,J Goswami,0,0,,,,,,,,,
1085962,2017,2017-07-08,Grace Road,1,41.4,South Africa,India,CL Tryon,D van Niekerk,J Goswami,0,1,,,,1,,,,,
1085962,2017,2017-07-08,Grace Road,1,41.5,South Africa,India,D van Niekerk,CL Tryon,J Goswami,1,0,,,,,,,,,
1085962,2017,2017-07-08,Grace Road,1,41.6,South Africa,India,CL Tryon,D van Niekerk,J Goswami,0,0,,,,,,,,,
1085962,2017,2017-07-08,Grace Road,1,42.1,South Africa,India,D van Niekerk,CL Tryon,Poonam Yadav,0,0,,,,,,,,,
1085962,2017,2017-07-08,Grace Road,1,42.2,South Africa,India,D van Niekerk,CL Tryon,Poonam Yadav,0,0,,,,,,,,,
1085962,2017,2017-07-08,Grace Road,1,42.3,South Africa,India,D van Niekerk,CL Tryon,Poonam Yadav,0,0,,,,,,,,,
1085962,2017,2017-07-08,Grace Road,1,42.4,South Africa,India,D van Niekerk,CL Tryon,Poonam Yadav,0,0,,,,,,,,,
1085962,2017,2017-07-08,Grace Road,1,42.5,South Africa,India,D van Niekerk,CL Tryon,Poonam Yadav,0,0,,,,,,,,,
1085962,2017,2017-07-08,Grace Road,1,42.6,South Africa,India,D van Niekerk,CL Tryon,Poonam Yadav,0,0,,,,,,,,,
1085962,2017,2017-07-08,Grace Road,1,43.1,South Africa,India,CL Tryon,D van Niekerk,J Goswami,0,0,,,,,,,,,
1085962,2017,2017-07-08,Grace Road,1,43.2,South Africa,India,CL Tryon,D van Niekerk,J Goswami,0,0,,,,,,,,,
1085962,2017,2017-07-08,Grace Road,1,43.3,South Africa,India,CL Tryon,D van Niekerk,J Goswami,1,0,,,,,,,,,
1085962,2017,2017-07-08,Grace Road,1,43.4,South Africa,India,D van Niekerk,CL Tryon,J Goswami,0,0,,,,,,,,,
1085962,2017,2017-07-08,Grace Road,1,43.5,South Africa,India,D van Niekerk,CL Tryon,J Goswami,4,0,,,,,,,,,
1085962,2017,2017-07-08,Grace Road,1,43.6,South Africa,India,D van Niekerk,CL Tryon,J Goswami,4,0,,,,,,,,,
1085962,2017,2017-07-08,Grace Road,1,44.1,South Africa,India,CL Tryon,D van Niekerk,Poonam Yadav,1,0,,,,,,,,,
1085962,2017,2017-07-08,Grace Road,1,44.2,South Africa,India,D van Niekerk,CL Tryon,Poonam Yadav,1,0,,,,,,,,,
1085962,2017,2017-07-08,Grace Road,1,44.3,South Africa,India,CL Tryon,D van Niekerk,Poonam Yadav,1,0,,,,,,,,,
1085962,2017,2017-07-08,Grace Road,1,44.4,South Africa,India,D van Niekerk,CL Tryon,Poonam Yadav,0,0,,,,,,,,,
1085962,2017,2017-07-08,Grace Road,1,44.5,South Africa,India,D van Niekerk,CL Tryon,Poonam Yadav,1,0,,,,,,,,,
1085962,2017,2017-07-08,Grace Road,1,44.6,South Africa,India,CL Tryon,D van Niekerk,Poonam Yadav,1,0,,,,,,,,,
1085962,2017,2017-07-08,Grace Road,1,45.1,South Africa,India,CL Tryon,D van Niekerk,E Bisht,1,0,,,,,,,,,
1085962,2017,2017-07-08,Grace Road,1,45.2,South Africa,India,D van Niekerk,CL Tryon,E Bisht,6,0,,,,,,,,,
1085962,2017,2017-07-08,Grace Road,1,45.3,South Africa,India,D van Niekerk,CL Tryon,E Bisht,0,0,,,,,,,,,
1085962,2017,2017-07-08,Grace Road,1,45.4,South Africa,India,D van Niekerk,CL Tryon,E Bisht,1,0,,,,,,,,,
1085962,2017,2017-07-08,Grace Road,1,45.5,South Africa,India,CL Tryon,D van Niekerk,E Bisht,6,0,,,,,,,,,
1085962,2017,2017-07-08,Grace Road,1,45.6,South Africa,India,CL Tryon,D van Niekerk,E Bisht,6,0,,,,,,,,,
1085962,2017,2017-07-08,Grace Road,1,46.1,South Africa,India,D van Niekerk,CL Tryon,S Pandey,0,0,,,,,,,,,
1085962,2017,2017-07-08,Grace Road,1,46.2,South Africa,India,D van Niekerk,CL Tryon,S Pandey,1,0,,,,,,,,,
1085962,2017,2017-07-08,Grace Road,1,46.3,South Africa,India,CL Tryon,D van Niekerk,S Pandey,2,0,,,,,,,,,
1085962,2017,2017-07-08,Grace Road,1,46.4,South Africa,India,CL Tryon,D van Niekerk,S Pandey,0,0,,,,,,caught,CL Tryon,,
1085962,2017,2017-07-08,Grace Road,1,46.5,South Africa,India,S Ismail,D van Niekerk,S Pandey,0,0,,,,,,,,,
1085962,2017,2017-07-08,Grace Road,1,46.6,South Africa,India,S Ismail,D van Niekerk,S Pandey,1,0,,,,,,,,,
1085962,2017,2017-07-08,Grace Road,1,47.1,South Africa,India,S Ismail,D van Niekerk,DB Sharma,0,0,,,,,,,,,
1085962,2017,2017-07-08,Grace Road,1,47.2,South Africa,India,S Ismail,D van Niekerk,DB Sharma,1,0,,,,,,,,,
1085962,2017,2017-07-08,Grace Road,1,47.3,South Africa,India,D van Niekerk,S Ismail,DB Sharma,2,0,,,,,,,,,
1085962,2017,2017-07-08,Grace Road,1,47.4,South Africa,India,D van Niekerk,S Ismail,DB Sharma,0,0,,,,,,,,,
1085962,2017,2017-07-08,Grace Road,1,47.5,South Africa,India,D van Niekerk,S Ismail,DB Sharma,4,0,,,,,,,,,
1085962,2017,2017-07-08,Grace Road,1,47.6,South Africa,India,D van Niekerk,S Ismail,DB Sharma,1,0,,,,,,,,,
1085962,2017,2017-07-08,Grace Road,1,48.1,South Africa,India,D van Niekerk,S Ismail,S Pandey,1,0,,,,,,,,,
1085962,2017,2017-07-08,Grace Road,1,48.2,South Africa,India,S Ismail,D van Niekerk,S Pandey,2,0,,,,,,,,,
1085962,2017,2017-07-08,Grace Road,1,48.3,South Africa,India,S Ismail,D van Niekerk,S Pandey,1,0,,,,,,,,,
1085962,2017,2017-07-08,Grace Road,1,48.4,South Africa,India,D van Niekerk,S Ismail,S Pandey,0,0,,,,,,caught,D van Niekerk,,
1085962,2017,2017-07-08,Grace Road,1,48.5,South Africa,India,A Khaka,S Ismail,S Pandey,0,0,,,,,,,,,
1085962,2017,2017-07-08,Grace Road,1,48.6,South Africa,India,A Khaka,S Ismail,S Pandey,0,0,,,,,,,,,
1085962,2017,2017-07-08,Grace Road,1,49.1,South Africa,India,S Ismail,A Khaka,E Bisht,0,0,,,,,,,,,
1085962,2017,2017-07-08,Grace Road,1,49.2,South Africa,India,S Ismail,A Khaka,E Bisht,0,0,,,,,,stumped,S Ismail,,
1085962,2017,2017-07-08,Grace Road,1,49.3,South Africa,India,M Daniels,A Khaka,E Bisht,0,0,,,,,,,,,
1085962,2017,2017-07-08,Grace Road,1,49.4,South Africa,India,M Daniels,A Khaka,E Bisht,1,0,,,,,,,,,
1085962,2017,2017-07-08,Grace Road,1,49.5,South Africa,India,A Khaka,M Daniels,E Bisht,4,0,,,,,,,,,
1085962,2017,2017-07-08,Grace Road,1,49.6,South Africa,India,A Khaka,M Daniels,E Bisht,3,0,,,,,,,,,
1085962,2017,2017-07-08,Grace Road,2,0.1,India,South Africa,PG Raut,S Mandhana,S Ismail,0,0,,,,,,,,,
1085962,2017,2017-07-08,Grace Road,2,0.2,India,South Africa,PG Raut,S Mandhana,S Ismail,0,0,,,,,,,,,
1085962,2017,2017-07-08,Grace Road,2,0.3,India,South Africa,PG Raut,S Mandhana,S Ismail,0,0,,,,,,,,,
1085962,2017,2017-07-08,Grace Road,2,0.4,India,South Africa,PG Raut,S Mandhana,S Ismail,0,0,,,,,,,,,
1085962,2017,2017-07-08,Grace Road,2,0.5,India,South Africa,PG Raut,S Mandhana,S Ismail,0,0,,,,,,,,,
1085962,2017,2017-07-08,Grace Road,2,0.6,India,South Africa,PG Raut,S Mandhana,S Ismail,0,0,,,,,,,,,
1085962,2017,2017-07-08,Grace Road,2,1.1,India,South Africa,S Mandhana,PG Raut,M Kapp,4,0,,,,,,,,,
1085962,2017,2017-07-08,Grace Road,2,1.2,India,South Africa,S Mandhana,PG Raut,M Kapp,0,0,,,,,,caught,S Mandhana,,
1085962,2017,2017-07-08,Grace Road,2,1.3,India,South Africa,DB Sharma,PG Raut,M Kapp,0,0,,,,,,,,,
1085962,2017,2017-07-08,Grace Road,2,1.4,India,South Africa,DB Sharma,PG Raut,M Kapp,1,0,,,,,,,,,
1085962,2017,2017-07-08,Grace Road,2,1.5,India,South Africa,PG Raut,DB Sharma,M Kapp,0,0,,,,,,,,,
1085962,2017,2017-07-08,Grace Road,2,1.6,India,South Africa,PG Raut,DB Sharma,M Kapp,0,0,,,,,,,,,
1085962,2017,2017-07-08,Grace Road,2,2.1,India,South Africa,DB Sharma,PG Raut,S Ismail,0,0,,,,,,,,,
1085962,2017,2017-07-08,Grace Road,2,2.2,India,South Africa,DB Sharma,PG Raut,S Ismail,0,0,,,,,,,,,
1085962,2017,2017-07-08,Grace Road,2,2.3,India,South Africa,DB Sharma,PG Raut,S Ismail,0,0,,,,,,,,,
1085962,2017,2017-07-08,Grace Road,2,2.4,India,South Africa,DB Sharma,PG Raut,S Ismail,0,0,,,,,,,,,
1085962,2017,2017-07-08,Grace Road,2,2.5,India,South Africa,DB Sharma,PG Raut,S Ismail,1,0,,,,,,,,,
1085962,2017,2017-07-08,Grace Road,2,2.6,India,South Africa,PG Raut,DB Sharma,S Ismail,1,0,,,,,,,,,
1085962,2017,2017-07-08,Grace Road,2,3.1,India,South Africa,PG Raut,DB Sharma,M Kapp,0,0,,,,,,,,,
1085962,2017,2017-07-08,Grace Road,2,3.2,India,South Africa,PG Raut,DB Sharma,M Kapp,0,0,,,,,,,,,
1085962,2017,2017-07-08,Grace Road,2,3.3,India,South Africa,PG Raut,DB Sharma,M Kapp,0,0,,,,,,,,,
1085962,2017,2017-07-08,Grace Road,2,3.4,India,South Africa,PG Raut,DB Sharma,M Kapp,0,0,,,,,,,,,
1085962,2017,2017-07-08,Grace Road,2,3.5,India,South Africa,PG Raut,DB Sharma,M Kapp,0,0,,,,,,,,,
1085962,2017,2017-07-08,Grace Road,2,3.6,India,South Africa,PG Raut,DB Sharma,M Kapp,4,0,,,,,,,,,
1085962,2017,2017-07-08,Grace Road,2,4.1,India,South Africa,DB Sharma,PG Raut,S Ismail,0,0,,,,,,,,,
1085962,2017,2017-07-08,Grace Road,2,4.2,India,South Africa,DB Sharma,PG Raut,S Ismail,0,0,,,,,,,,,
1085962,2017,2017-07-08,Grace Road,2,4.3,India,South Africa,DB Sharma,PG Raut,S Ismail,0,0,,,,,,,,,
1085962,2017,2017-07-08,Grace Road,2,4.4,India,South Africa,DB Sharma,PG Raut,S Ismail,1,0,,,,,,,,,
1085962,2017,2017-07-08,Grace Road,2,4.5,India,South Africa,PG Raut,DB Sharma,S Ismail,0,0,,,,,,,,,
1085962,2017,2017-07-08,Grace Road,2,4.6,India,South Africa,PG Raut,DB Sharma,S Ismail,0,0,,,,,,,,,
1085962,2017,2017-07-08,Grace Road,2,5.1,India,South Africa,DB Sharma,PG Raut,M Kapp,0,0,,,,,,,,,
1085962,2017,2017-07-08,Grace Road,2,5.2,India,South Africa,DB Sharma,PG Raut,M Kapp,1,0,,,,,,,,,
1085962,2017,2017-07-08,Grace Road,2,5.3,India,South Africa,PG Raut,DB Sharma,M Kapp,4,0,,,,,,,,,
1085962,2017,2017-07-08,Grace Road,2,5.4,India,South Africa,PG Raut,DB Sharma,M Kapp,1,0,,,,,,,,,
1085962,2017,2017-07-08,Grace Road,2,5.5,India,South Africa,DB Sharma,PG Raut,M Kapp,0,0,,,,,,,,,
1085962,2017,2017-07-08,Grace Road,2,5.6,India,South Africa,DB Sharma,PG Raut,M Kapp,1,0,,,,,,,,,
1085962,2017,2017-07-08,Grace Road,2,6.1,India,South Africa,DB Sharma,PG Raut,S Ismail,0,0,,,,,,,,,
1085962,2017,2017-07-08,Grace Road,2,6.2,India,South Africa,DB Sharma,PG Raut,S Ismail,0,0,,,,,,,,,
1085962,2017,2017-07-08,Grace Road,2,6.3,India,South Africa,DB Sharma,PG Raut,S Ismail,1,1,,1,,,,,,,
1085962,2017,2017-07-08,Grace Road,2,6.4,India,South Africa,PG Raut,DB Sharma,S Ismail,0,0,,,,,,,,,
1085962,2017,2017-07-08,Grace Road,2,6.5,India,South Africa,PG Raut,DB Sharma,S Ismail,0,0,,,,,,,,,
1085962,2017,2017-07-08,Grace Road,2,6.6,India,South Africa,PG Raut,DB Sharma,S Ismail,0,0,,,,,,,,,
1085962,2017,2017-07-08,Grace Road,2,6.7,India,South Africa,PG Raut,DB Sharma,S Ismail,0,0,,,,,,,,,
1085962,2017,2017-07-08,Grace Road,2,7.1,India,South Africa,DB Sharma,PG Raut,A Khaka,0,0,,,,,,,,,
1085962,2017,2017-07-08,Grace Road,2,7.2,India,South Africa,DB Sharma,PG Raut,A Khaka,1,0,,,,,,,,,
1085962,2017,2017-07-08,Grace Road,2,7.3,India,South Africa,PG Raut,DB Sharma,A Khaka,0,0,,,,,,,,,
1085962,2017,2017-07-08,Grace Road,2,7.4,India,South Africa,PG Raut,DB Sharma,A Khaka,0,0,,,,,,,,,
1085962,2017,2017-07-08,Grace Road,2,7.5,India,South Africa,PG Raut,DB Sharma,A Khaka,6,0,,,,,,,,,
1085962,2017,2017-07-08,Grace Road,2,7.6,India,South Africa,PG Raut,DB Sharma,A Khaka,0,0,,,,,,,,,
1085962,2017,2017-07-08,Grace Road,2,8.1,India,South Africa,DB Sharma,PG Raut,M Daniels,0,0,,,,,,,,,
1085962,2017,2017-07-08,Grace Road,2,8.2,India,South Africa,DB Sharma,PG Raut,M Daniels,4,0,,,,,,,,,
1085962,2017,2017-07-08,Grace Road,2,8.3,India,South Africa,DB Sharma,PG Raut,M Daniels,4,0,,,,,,,,,
1085962,2017,2017-07-08,Grace Road,2,8.4,India,South Africa,DB Sharma,PG Raut,M Daniels,1,0,,,,,,,,,
1085962,2017,2017-07-08,Grace Road,2,8.5,India,South Africa,PG Raut,DB Sharma,M Daniels,1,0,,,,,,,,,
1085962,2017,2017-07-08,Grace Road,2,8.6,India,South Africa,DB Sharma,PG Raut,M Daniels,0,0,,,,,,,,,
1085962,2017,2017-07-08,Grace Road,2,9.1,India,South Africa,PG Raut,DB Sharma,A Khaka,0,0,,,,,,,,,
1085962,2017,2017-07-08,Grace Road,2,9.2,India,South Africa,PG Raut,DB Sharma,A Khaka,0,0,,,,,,,,,
1085962,2017,2017-07-08,Grace Road,2,9.3,India,South Africa,PG Raut,DB Sharma,A Khaka,1,0,,,,,,,,,
1085962,2017,2017-07-08,Grace Road,2,9.4,India,South Africa,DB Sharma,PG Raut,A Khaka,0,0,,,,,,,,,
1085962,2017,2017-07-08,Grace Road,2,9.5,India,South Africa,DB Sharma,PG Raut,A Khaka,0,0,,,,,,,,,
1085962,2017,2017-07-08,Grace Road,2,9.6,India,South Africa,DB Sharma,PG Raut,A Khaka,1,0,,,,,,,,,
1085962,2017,2017-07-08,Grace Road,2,10.1,India,South Africa,DB Sharma,PG Raut,M Daniels,0,0,,,,,,,,,
1085962,2017,2017-07-08,Grace Road,2,10.2,India,South Africa,DB Sharma,PG Raut,M Daniels,1,0,,,,,,,,,
1085962,2017,2017-07-08,Grace Road,2,10.3,India,South Africa,PG Raut,DB Sharma,M Daniels,0,0,,,,,,,,,
1085962,2017,2017-07-08,Grace Road,2,10.4,India,South Africa,PG Raut,DB Sharma,M Daniels,4,0,,,,,,,,,
1085962,2017,2017-07-08,Grace Road,2,10.5,India,South Africa,PG Raut,DB Sharma,M Daniels,0,0,,,,,,,,,
1085962,2017,2017-07-08,Grace Road,2,10.6,India,South Africa,PG Raut,DB Sharma,M Daniels,0,1,1,,,,,,,,
1085962,2017,2017-07-08,Grace Road,2,10.7,India,South Africa,PG Raut,DB Sharma,M Daniels,0,0,,,,,,,,,
1085962,2017,2017-07-08,Grace Road,2,11.1,India,South Africa,DB Sharma,PG Raut,A Khaka,0,0,,,,,,,,,
1085962,2017,2017-07-08,Grace Road,2,11.2,India,South Africa,DB Sharma,PG Raut,A Khaka,0,0,,,,,,,,,
1085962,2017,2017-07-08,Grace Road,2,11.3,India,South Africa,DB Sharma,PG Raut,A Khaka,0,0,,,,,,,,,
1085962,2017,2017-07-08,Grace Road,2,11.4,India,South Africa,DB Sharma,PG Raut,A Khaka,1,0,,,,,,,,,
1085962,2017,2017-07-08,Grace Road,2,11.5,India,South Africa,PG Raut,DB Sharma,A Khaka,0,0,,,,,,,,,
1085962,2017,2017-07-08,Grace Road,2,11.6,India,South Africa,PG Raut,DB Sharma,A Khaka,0,0,,,,,,bowled,PG Raut,,
1085962,2017,2017-07-08,Grace Road,2,12.1,India,South Africa,DB Sharma,M Raj,D van Niekerk,1,0,,,,,,,,,
1085962,2017,2017-07-08,Grace Road,2,12.2,India,South Africa,M Raj,DB Sharma,D van Niekerk,0,0,,,,,,bowled,M Raj,,
1085962,2017,2017-07-08,Grace Road,2,12.3,India,South Africa,H Kaur,DB Sharma,D van Niekerk,0,0,,,,,,,,,
1085962,2017,2017-07-08,Grace Road,2,12.4,India,South Africa,H Kaur,DB Sharma,D van Niekerk,0,0,,,,,,lbw,H Kaur,,
1085962,2017,2017-07-08,Grace Road,2,12.5,India,South Africa,V Krishnamurthy,DB Sharma,D van Niekerk,0,0,,,,,,,,,
1085962,2017,2017-07-08,Grace Road,2,12.6,India,South Africa,V Krishnamurthy,DB Sharma,D van Niekerk,1,0,,,,,,,,,
1085962,2017,2017-07-08,Grace Road,2,13.1,India,South Africa,V Krishnamurthy,DB Sharma,A Khaka,0,0,,,,,,,,,
1085962,2017,2017-07-08,Grace Road,2,13.2,India,South Africa,V Krishnamurthy,DB Sharma,A Khaka,0,0,,,,,,,,,
1085962,2017,2017-07-08,Grace Road,2,13.3,India,South Africa,V Krishnamurthy,DB Sharma,A Khaka,0,0,,,,,,,,,
1085962,2017,2017-07-08,Grace Road,2,13.4,India,South Africa,V Krishnamurthy,DB Sharma,A Khaka,0,0,,,,,,,,,
1085962,2017,2017-07-08,Grace Road,2,13.5,India,South Africa,V Krishnamurthy,DB Sharma,A Khaka,0,0,,,,,,,,,
1085962,2017,2017-07-08,Grace Road,2,13.6,India,South Africa,V Krishnamurthy,DB Sharma,A Khaka,0,0,,,,,,,,,
1085962,2017,2017-07-08,Grace Road,2,14.1,India,South Africa,DB Sharma,V Krishnamurthy,D van Niekerk,0,0,,,,,,,,,
1085962,2017,2017-07-08,Grace Road,2,14.2,India,South Africa,DB Sharma,V Krishnamurthy,D van Niekerk,1,0,,,,,,,,,
1085962,2017,2017-07-08,Grace Road,2,14.3,India,South Africa,V Krishnamurthy,DB Sharma,D van Niekerk,0,0,,,,,,,,,
1085962,2017,2017-07-08,Grace Road,2,14.4,India,South Africa,V Krishnamurthy,DB Sharma,D van Niekerk,0,0,,,,,,,,,
1085962,2017,2017-07-08,Grace Road,2,14.5,India,South Africa,V Krishnamurthy,DB Sharma,D van Niekerk,1,0,,,,,,,,,
1085962,2017,2017-07-08,Grace Road,2,14.6,India,South Africa,DB Sharma,V Krishnamurthy,D van Niekerk,0,0,,,,,,,,,
1085962,2017,2017-07-08,Grace Road,2,15.1,India,South Africa,V Krishnamurthy,DB Sharma,A Khaka,1,0,,,,,,,,,
1085962,2017,2017-07-08,Grace Road,2,15.2,India,South Africa,DB Sharma,V Krishnamurthy,A Khaka,0,0,,,,,,,,,
1085962,2017,2017-07-08,Grace Road,2,15.3,India,South Africa,DB Sharma,V Krishnamurthy,A Khaka,1,0,,,,,,,,,
1085962,2017,2017-07-08,Grace Road,2,15.4,India,South Africa,V Krishnamurthy,DB Sharma,A Khaka,0,0,,,,,,,,,
1085962,2017,2017-07-08,Grace Road,2,15.5,India,South Africa,V Krishnamurthy,DB Sharma,A Khaka,0,0,,,,,,bowled,V Krishnamurthy,,
1085962,2017,2017-07-08,Grace Road,2,15.6,India,South Africa,S Pandey,DB Sharma,A Khaka,0,0,,,,,,,,,
1085962,2017,2017-07-08,Grace Road,2,16.1,India,South Africa,DB Sharma,S Pandey,D van Niekerk,1,0,,,,,,,,,
1085962,2017,2017-07-08,Grace Road,2,16.2,India,South Africa,S Pandey,DB Sharma,D van Niekerk,0,2,,,,2,,,,,
1085962,2017,2017-07-08,Grace Road,2,16.3,India,South Africa,S Pandey,DB Sharma,D van Niekerk,0,0,,,,,,stumped,S Pandey,,
1085962,2017,2017-07-08,Grace Road,2,16.4,India,South Africa,S Verma,DB Sharma,D van Niekerk,0,0,,,,,,,,,
1085962,2017,2017-07-08,Grace Road,2,16.5,India,South Africa,S Verma,DB Sharma,D van Niekerk,1,0,,,,,,,,,
1085962,2017,2017-07-08,Grace Road,2,16.6,India,South Africa,DB Sharma,S Verma,D van Niekerk,4,0,,,,,,,,,
1085962,2017,2017-07-08,Grace Road,2,17.1,India,South Africa,S Verma,DB Sharma,M Kapp,0,0,,,,,,,,,
1085962,2017,2017-07-08,Grace Road,2,17.2,India,South Africa,S Verma,DB Sharma,M Kapp,0,1,,,,1,,,,,
1085962,2017,2017-07-08,Grace Road,2,17.3,India,South Africa,DB Sharma,S Verma,M Kapp,0,0,,,,,,,,,
1085962,2017,2017-07-08,Grace Road,2,17.4,India,South Africa,DB Sharma,S Verma,M Kapp,1,0,,,,,,,,,
1085962,2017,2017-07-08,Grace Road,2,17.5,India,South Africa,S Verma,DB Sharma,M Kapp,0,0,,,,,,,,,
1085962,2017,2017-07-08,Grace Road,2,17.6,India,South Africa,S Verma,DB Sharma,M Kapp,0,0,,,,,,,,,
1085962,2017,2017-07-08,Grace Road,2,18.1,India,South Africa,DB Sharma,S Verma,D van Niekerk,0,0,,,,,,,,,
1085962,2017,2017-07-08,Grace Road,2,18.2,India,South Africa,DB Sharma,S Verma,D van Niekerk,0,0,,,,,,,,,
1085962,2017,2017-07-08,Grace Road,2,18.3,India,South Africa,DB Sharma,S Verma,D van Niekerk,0,0,,,,,,,,,
1085962,2017,2017-07-08,Grace Road,2,18.4,India,South Africa,DB Sharma,S Verma,D van Niekerk,0,0,,,,,,,,,
1085962,2017,2017-07-08,Grace Road,2,18.5,India,South Africa,DB Sharma,S Verma,D van Niekerk,1,0,,,,,,,,,
1085962,2017,2017-07-08,Grace Road,2,18.6,India,South Africa,S Verma,DB Sharma,D van Niekerk,0,0,,,,,,,,,
1085962,2017,2017-07-08,Grace Road,2,19.1,India,South Africa,DB Sharma,S Verma,S Ismail,0,0,,,,,,,,,
1085962,2017,2017-07-08,Grace Road,2,19.2,India,South Africa,DB Sharma,S Verma,S Ismail,0,0,,,,,,,,,
1085962,2017,2017-07-08,Grace Road,2,19.3,India,South Africa,DB Sharma,S Verma,S Ismail,0,0,,,,,,,,,
1085962,2017,2017-07-08,Grace Road,2,19.4,India,South Africa,DB Sharma,S Verma,S Ismail,1,0,,,,,,,,,
1085962,2017,2017-07-08,Grace Road,2,19.5,India,South Africa,S Verma,DB Sharma,S Ismail,0,0,,,,,,run out,S Verma,,
1085962,2017,2017-07-08,Grace Road,2,19.6,India,South Africa,J Goswami,DB Sharma,S Ismail,0,0,,,,,,,,,
1085962,2017,2017-07-08,Grace Road,2,20.1,India,South Africa,DB Sharma,J Goswami,D van Niekerk,1,0,,,,,,,,,
1085962,2017,2017-07-08,Grace Road,2,20.2,India,South Africa,J Goswami,DB Sharma,D van Niekerk,0,0,,,,,,,,,
1085962,2017,2017-07-08,Grace Road,2,20.3,India,South Africa,J Goswami,DB Sharma,D van Niekerk,0,0,,,,,,,,,
1085962,2017,2017-07-08,Grace Road,2,20.4,India,South Africa,J Goswami,DB Sharma,D van Niekerk,0,0,,,,,,,,,
1085962,2017,2017-07-08,Grace Road,2,20.5,India,South Africa,J Goswami,DB Sharma,D van Niekerk,0,0,,,,,,,,,
1085962,2017,2017-07-08,Grace Road,2,20.6,India,South Africa,J Goswami,DB Sharma,D van Niekerk,1,0,,,,,,,,,
1085962,2017,2017-07-08,Grace Road,2,21.1,India,South Africa,J Goswami,DB Sharma,S Ismail,0,0,,,,,,,,,
1085962,2017,2017-07-08,Grace Road,2,21.2,India,South Africa,J Goswami,DB Sharma,S Ismail,0,0,,,,,,,,,
1085962,2017,2017-07-08,Grace Road,2,21.3,India,South Africa,J Goswami,DB Sharma,S Ismail,1,0,,,,,,,,,
1085962,2017,2017-07-08,Grace Road,2,21.4,India,South Africa,DB Sharma,J Goswami,S Ismail,1,0,,,,,,,,,
1085962,2017,2017-07-08,Grace Road,2,21.5,India,South Africa,J Goswami,DB Sharma,S Ismail,0,1,,1,,,,,,,
1085962,2017,2017-07-08,Grace Road,2,21.6,India,South Africa,J Goswami,DB Sharma,S Ismail,0,0,,,,,,,,,
1085962,2017,2017-07-08,Grace Road,2,21.7,India,South Africa,J Goswami,DB Sharma,S Ismail,0,0,,,,,,,,,
1085962,2017,2017-07-08,Grace Road,2,22.1,India,South Africa,DB Sharma,J Goswami,S Luus,4,0,,,,,,,,,
1085962,2017,2017-07-08,Grace Road,2,22.2,India,South Africa,DB Sharma,J Goswami,S Luus,1,0,,,,,,,,,
1085962,2017,2017-07-08,Grace Road,2,22.3,India,South Africa,J Goswami,DB Sharma,S Luus,0,0,,,,,,,,,
1085962,2017,2017-07-08,Grace Road,2,22.4,India,South Africa,J Goswami,DB Sharma,S Luus,0,0,,,,,,,,,
1085962,2017,2017-07-08,Grace Road,2,22.5,India,South Africa,J Goswami,DB Sharma,S Luus,0,0,,,,,,,,,
1085962,2017,2017-07-08,Grace Road,2,22.6,India,South Africa,J Goswami,DB Sharma,S Luus,0,0,,,,,,,,,
1085962,2017,2017-07-08,Grace Road,2,23.1,India,South Africa,DB Sharma,J Goswami,M Daniels,4,0,,,,,,,,,
1085962,2017,2017-07-08,Grace Road,2,23.2,India,South Africa,DB Sharma,J Goswami,M Daniels,0,0,,,,,,,,,
1085962,2017,2017-07-08,Grace Road,2,23.3,India,South Africa,DB Sharma,J Goswami,M Daniels,0,0,,,,,,,,,
1085962,2017,2017-07-08,Grace Road,2,23.4,India,South Africa,DB Sharma,J Goswami,M Daniels,1,0,,,,,,,,,
1085962,2017,2017-07-08,Grace Road,2,23.5,India,South Africa,J Goswami,DB Sharma,M Daniels,0,0,,,,,,,,,
1085962,2017,2017-07-08,Grace Road,2,23.6,India,South Africa,J Goswami,DB Sharma,M Daniels,0,0,,,,,,,,,
1085962,2017,2017-07-08,Grace Road,2,24.1,India,South Africa,DB Sharma,J Goswami,S Luus,1,0,,,,,,,,,
1085962,2017,2017-07-08,Grace Road,2,24.2,India,South Africa,J Goswami,DB Sharma,S Luus,1,0,,,,,,,,,
1085962,2017,2017-07-08,Grace Road,2,24.3,India,South Africa,DB Sharma,J Goswami,S Luus,0,0,,,,,,,,,
1085962,2017,2017-07-08,Grace Road,2,24.4,India,South Africa,DB Sharma,J Goswami,S Luus,0,0,,,,,,,,,
1085962,2017,2017-07-08,Grace Road,2,24.5,India,South Africa,DB Sharma,J Goswami,S Luus,1,0,,,,,,,,,
1085962,2017,2017-07-08,Grace Road,2,24.6,India,South Africa,J Goswami,DB Sharma,S Luus,0,0,,,,,,,,,
1085962,2017,2017-07-08,Grace Road,2,25.1,India,South Africa,DB Sharma,J Goswami,A Khaka,0,0,,,,,,,,,
1085962,2017,2017-07-08,Grace Road,2,25.2,India,South Africa,DB Sharma,J Goswami,A Khaka,0,0,,,,,,,,,
1085962,2017,2017-07-08,Grace Road,2,25.3,India,South Africa,DB Sharma,J Goswami,A Khaka,2,0,,,,,,,,,
1085962,2017,2017-07-08,Grace Road,2,25.4,India,South Africa,DB Sharma,J Goswami,A Khaka,0,0,,,,,,,,,
1085962,2017,2017-07-08,Grace Road,2,25.5,India,South Africa,DB Sharma,J Goswami,A Khaka,1,0,,,,,,,,,
1085962,2017,2017-07-08,Grace Road,2,25.6,India,South Africa,J Goswami,DB Sharma,A Khaka,0,0,,,,,,,,,
1085962,2017,2017-07-08,Grace Road,2,26.1,India,South Africa,DB Sharma,J Goswami,M Kapp,0,0,,,,,,,,,
1085962,2017,2017-07-08,Grace Road,2,26.2,India,South Africa,DB Sharma,J Goswami,M Kapp,0,0,,,,,,,,,
1085962,2017,2017-07-08,Grace Road,2,26.3,India,South Africa,DB Sharma,J Goswami,M Kapp,0,1,,,,1,,,,,
1085962,2017,2017-07-08,Grace Road,2,26.4,India,South Africa,J Goswami,DB Sharma,M Kapp,0,0,,,,,,,,,
1085962,2017,2017-07-08,Grace Road,2,26.5,India,South Africa,J Goswami,DB Sharma,M Kapp,0,0,,,,,,,,,
1085962,2017,2017-07-08,Grace Road,2,26.6,India,South Africa,J Goswami,DB Sharma,M Kapp,0,0,,,,,,,,,
1085962,2017,2017-07-08,Grace Road,2,27.1,India,South Africa,DB Sharma,J Goswami,A Khaka,0,0,,,,,,,,,
1085962,2017,2017-07-08,Grace Road,2,27.2,India,South Africa,DB Sharma,J Goswami,A Khaka,0,0,,,,,,,,,
1085962,2017,2017-07-08,Grace Road,2,27.3,India,South Africa,DB Sharma,J Goswami,A Khaka,0,0,,,,,,,,,
1085962,2017,2017-07-08,Grace Road,2,27.4,India,South Africa,DB Sharma,J Goswami,A Khaka,0,0,,,,,,,,,
1085962,2017,2017-07-08,Grace Road,2,27.5,India,South Africa,DB Sharma,J Goswami,A Khaka,2,0,,,,,,,,,
1085962,2017,2017-07-08,Grace Road,2,27.6,India,South Africa,DB Sharma,J Goswami,A Khaka,1,0,,,,,,,,,
1085962,2017,2017-07-08,Grace Road,2,28.1,India,South Africa,DB Sharma,J Goswami,M Kapp,0,0,,,,,,,,,
1085962,2017,2017-07-08,Grace Road,2,28.2,India,South Africa,DB Sharma,J Goswami,M Kapp,0,0,,,,,,,,,
1085962,2017,2017-07-08,Grace Road,2,28.3,India,South Africa,DB Sharma,J Goswami,M Kapp,0,0,,,,,,,,,
1085962,2017,2017-07-08,Grace Road,2,28.4,India,South Africa,DB Sharma,J Goswami,M Kapp,1,0,,,,,,,,,
1085962,2017,2017-07-08,Grace Road,2,28.5,India,South Africa,J Goswami,DB Sharma,M Kapp,0,0,,,,,,,,,
1085962,2017,2017-07-08,Grace Road,2,28.6,India,South Africa,J Goswami,DB Sharma,M Kapp,1,0,,,,,,,,,
1085962,2017,2017-07-08,Grace Road,2,29.1,India,South Africa,J Goswami,DB Sharma,A Khaka,0,0,,,,,,,,,
1085962,2017,2017-07-08,Grace Road,2,29.2,India,South Africa,J Goswami,DB Sharma,A Khaka,1,0,,,,,,,,,
1085962,2017,2017-07-08,Grace Road,2,29.3,India,South Africa,DB Sharma,J Goswami,A Khaka,0,0,,,,,,,,,
1085962,2017,2017-07-08,Grace Road,2,29.4,India,South Africa,DB Sharma,J Goswami,A Khaka,0,0,,,,,,,,,
1085962,2017,2017-07-08,Grace Road,2,29.5,India,South Africa,DB Sharma,J Goswami,A Khaka,1,0,,,,,,,,,
1085962,2017,2017-07-08,Grace Road,2,29.6,India,South Africa,J Goswami,DB Sharma,A Khaka,0,0,,,,,,,,,
1085962,2017,2017-07-08,Grace Road,2,30.1,India,South Africa,DB Sharma,J Goswami,D van Niekerk,0,0,,,,,,,,,
1085962,2017,2017-07-08,Grace Road,2,30.2,India,South Africa,DB Sharma,J Goswami,D van Niekerk,1,0,,,,,,,,,
1085962,2017,2017-07-08,Grace Road,2,30.3,India,South Africa,J Goswami,DB Sharma,D van Niekerk,0,0,,,,,,,,,
1085962,2017,2017-07-08,Grace Road,2,30.4,India,South Africa,J Goswami,DB Sharma,D van Niekerk,0,0,,,,,,,,,
1085962,2017,2017-07-08,Grace Road,2,30.5,India,South Africa,J Goswami,DB Sharma,D van Niekerk,0,0,,,,,,,,,
1085962,2017,2017-07-08,Grace Road,2,30.6,India,South Africa,J Goswami,DB Sharma,D van Niekerk,0,0,,,,,,,,,
1085962,2017,2017-07-08,Grace Road,2,31.1,India,South Africa,DB Sharma,J Goswami,S Ismail,0,0,,,,,,,,,
1085962,2017,2017-07-08,Grace Road,2,31.2,India,South Africa,DB Sharma,J Goswami,S Ismail,0,1,,1,,,,,,,
1085962,2017,2017-07-08,Grace Road,2,31.3,India,South Africa,DB Sharma,J Goswami,S Ismail,1,0,,,,,,,,,
1085962,2017,2017-07-08,Grace Road,2,31.4,India,South Africa,J Goswami,DB Sharma,S Ismail,0,1,,,,1,,,,,
1085962,2017,2017-07-08,Grace Road,2,31.5,India,South Africa,DB Sharma,J Goswami,S Ismail,1,0,,,,,,,,,
1085962,2017,2017-07-08,Grace Road,2,31.6,India,South Africa,J Goswami,DB Sharma,S Ismail,0,0,,,,,,,,,
1085962,2017,2017-07-08,Grace Road,2,31.7,India,South Africa,J Goswami,DB Sharma,S Ismail,0,0,,,,,,,,,
1085962,2017,2017-07-08,Grace Road,2,32.1,India,South Africa,DB Sharma,J Goswami,D van Niekerk,0,0,,,,,,,,,
1085962,2017,2017-07-08,Grace Road,2,32.2,India,South Africa,DB Sharma,J Goswami,D van Niekerk,0,0,,,,,,,,,
1085962,2017,2017-07-08,Grace Road,2,32.3,India,South Africa,DB Sharma,J Goswami,D van Niekerk,1,0,,,,,,,,,
1085962,2017,2017-07-08,Grace Road,2,32.4,India,South Africa,J Goswami,DB Sharma,D van Niekerk,1,0,,,,,,,,,
1085962,2017,2017-07-08,Grace Road,2,32.5,India,South Africa,DB Sharma,J Goswami,D van Niekerk,0,0,,,,,,,,,
1085962,2017,2017-07-08,Grace Road,2,32.6,India,South Africa,DB Sharma,J Goswami,D van Niekerk,0,0,,,,,,,,,
1085962,2017,2017-07-08,Grace Road,2,33.1,India,South Africa,J Goswami,DB Sharma,S Luus,4,0,,,,,,,,,
1085962,2017,2017-07-08,Grace Road,2,33.2,India,South Africa,J Goswami,DB Sharma,S Luus,0,0,,,,,,,,,
1085962,2017,2017-07-08,Grace Road,2,33.3,India,South Africa,J Goswami,DB Sharma,S Luus,0,0,,,,,,,,,
1085962,2017,2017-07-08,Grace Road,2,33.4,India,South Africa,J Goswami,DB Sharma,S Luus,0,0,,,,,,,,,
1085962,2017,2017-07-08,Grace Road,2,33.5,India,South Africa,J Goswami,DB Sharma,S Luus,4,0,,,,,,,,,
1085962,2017,2017-07-08,Grace Road,2,33.6,India,South Africa,J Goswami,DB Sharma,S Luus,0,0,,,,,,,,,
1085962,2017,2017-07-08,Grace Road,2,34.1,India,South Africa,DB Sharma,J Goswami,D van Niekerk,0,0,,,,,,,,,
1085962,2017,2017-07-08,Grace Road,2,34.2,India,South Africa,DB Sharma,J Goswami,D van Niekerk,0,0,,,,,,,,,
1085962,2017,2017-07-08,Grace Road,2,34.3,India,South Africa,DB Sharma,J Goswami,D van Niekerk,0,0,,,,,,,,,
1085962,2017,2017-07-08,Grace Road,2,34.4,India,South Africa,DB Sharma,J Goswami,D van Niekerk,1,0,,,,,,,,,
1085962,2017,2017-07-08,Grace Road,2,34.5,India,South Africa,J Goswami,DB Sharma,D van Niekerk,0,0,,,,,,,,,
1085962,2017,2017-07-08,Grace Road,2,34.6,India,South Africa,J Goswami,DB Sharma,D van Niekerk,0,1,,,,1,,,,,
1085962,2017,2017-07-08,Grace Road,2,35.1,India,South Africa,J Goswami,DB Sharma,M Kapp,0,0,,,,,,,,,
1085962,2017,2017-07-08,Grace Road,2,35.2,India,South Africa,J Goswami,DB Sharma,M Kapp,1,0,,,,,,,,,
1085962,2017,2017-07-08,Grace Road,2,35.3,India,South Africa,DB Sharma,J Goswami,M Kapp,0,1,1,,,,,,,,
1085962,2017,2017-07-08,Grace Road,2,35.4,India,South Africa,DB Sharma,J Goswami,M Kapp,0,0,,,,,,,,,
1085962,2017,2017-07-08,Grace Road,2,35.5,India,South Africa,DB Sharma,J Goswami,M Kapp,0,0,,,,,,,,,
1085962,2017,2017-07-08,Grace Road,2,35.6,India,South Africa,DB Sharma,J Goswami,M Kapp,0,0,,,,,,,,,
1085962,2017,2017-07-08,Grace Road,2,35.7,India,South Africa,DB Sharma,J Goswami,M Kapp,0,0,,,,,,,,,
1085962,2017,2017-07-08,Grace Road,2,36.1,India,South Africa,J Goswami,DB Sharma,D van Niekerk,0,0,,,,,,,,,
1085962,2017,2017-07-08,Grace Road,2,36.2,India,South Africa,J Goswami,DB Sharma,D van Niekerk,0,0,,,,,,,,,
1085962,2017,2017-07-08,Grace Road,2,36.3,India,South Africa,J Goswami,DB Sharma,D van Niekerk,0,0,,,,,,,,,
1085962,2017,2017-07-08,Grace Road,2,36.4,India,South Africa,J Goswami,DB Sharma,D van Niekerk,1,0,,,,,,,,,
1085962,2017,2017-07-08,Grace Road,2,36.5,India,South Africa,DB Sharma,J Goswami,D van Niekerk,0,0,,,,,,,,,
1085962,2017,2017-07-08,Grace Road,2,36.6,India,South Africa,DB Sharma,J Goswami,D van Niekerk,1,0,,,,,,,,,
1085962,2017,2017-07-08,Grace Road,2,37.1,India,South Africa,DB Sharma,J Goswami,S Ismail,1,0,,,,,,,,,
1085962,2017,2017-07-08,Grace Road,2,37.2,India,South Africa,J Goswami,DB Sharma,S Ismail,1,0,,,,,,,,,
1085962,2017,2017-07-08,Grace Road,2,37.3,India,South Africa,DB Sharma,J Goswami,S Ismail,0,0,,,,,,,,,
1085962,2017,2017-07-08,Grace Road,2,37.4,India,South Africa,DB Sharma,J Goswami,S Ismail,1,0,,,,,,,,,
1085962,2017,2017-07-08,Grace Road,2,37.5,India,South Africa,J Goswami,DB Sharma,S Ismail,0,0,,,,,,,,,
1085962,2017,2017-07-08,Grace Road,2,37.6,India,South Africa,J Goswami,DB Sharma,S Ismail,0,0,,,,,,,,,
1085962,2017,2017-07-08,Grace Road,2,38.1,India,South Africa,DB Sharma,J Goswami,D van Niekerk,0,0,,,,,,caught,DB Sharma,,
1085962,2017,2017-07-08,Grace Road,2,38.2,India,South Africa,E Bisht,J Goswami,D van Niekerk,0,0,,,,,,,,,
1085962,2017,2017-07-08,Grace Road,2,38.3,India,South Africa,E Bisht,J Goswami,D van Niekerk,1,0,,,,,,,,,
1085962,2017,2017-07-08,Grace Road,2,38.4,India,South Africa,J Goswami,E Bisht,D van Niekerk,1,0,,,,,,,,,
1085962,2017,2017-07-08,Grace Road,2,38.5,India,South Africa,E Bisht,J Goswami,D van Niekerk,1,0,,,,,,,,,
1085962,2017,2017-07-08,Grace Road,2,38.6,India,South Africa,J Goswami,E Bisht,D van Niekerk,0,0,,,,,,,,,
1085962,2017,2017-07-08,Grace Road,2,39.1,India,South Africa,E Bisht,J Goswami,A Khaka,0,1,1,,,,,,,,
1085962,2017,2017-07-08,Grace Road,2,39.2,India,South Africa,E Bisht,J Goswami,A Khaka,0,0,,,,,,,,,
1085962,2017,2017-07-08,Grace Road,2,39.3,India,South Africa,E Bisht,J Goswami,A Khaka,1,0,,,,,,,,,
1085962,2017,2017-07-08,Grace Road,2,39.4,India,South Africa,J Goswami,E Bisht,A Khaka,4,0,,,,,,,,,
1085962,2017,2017-07-08,Grace Road,2,39.5,India,South Africa,J Goswami,E Bisht,A Khaka,0,0,,,,,,,,,
1085962,2017,2017-07-08,Grace Road,2,39.6,India,South Africa,J Goswami,E Bisht,A Khaka,0,0,,,,,,,,,
1085962,2017,2017-07-08,Grace Road,2,39.7,India,South Africa,J Goswami,E Bisht,A Khaka,1,0,,,,,,,,,
1085962,2017,2017-07-08,Grace Road,2,40.1,India,South Africa,J Goswami,E Bisht,S Luus,0,0,,,,,,,,,
1085962,2017,2017-07-08,Grace Road,2,40.2,India,South Africa,J Goswami,E Bisht,S Luus,4,0,,,,,,,,,
1085962,2017,2017-07-08,Grace Road,2,40.3,India,South Africa,J Goswami,E Bisht,S Luus,1,0,,,,,,,,,
1085962,2017,2017-07-08,Grace Road,2,40.4,India,South Africa,E Bisht,J Goswami,S Luus,1,0,,,,,,,,,
1085962,2017,2017-07-08,Grace Road,2,40.5,India,South Africa,J Goswami,E Bisht,S Luus,0,0,,,,,,,,,
1085962,2017,2017-07-08,Grace Road,2,40.6,India,South Africa,J Goswami,E Bisht,S Luus,0,0,,,,,,,,,
1085962,2017,2017-07-08,Grace Road,2,41.1,India,South Africa,E Bisht,J Goswami,A Khaka,0,0,,,,,,,,,
1085962,2017,2017-07-08,Grace Road,2,41.2,India,South Africa,E Bisht,J Goswami,A Khaka,4,0,,,,,,,,,
1085962,2017,2017-07-08,Grace Road,2,41.3,India,South Africa,E Bisht,J Goswami,A Khaka,1,0,,,,,,,,,
1085962,2017,2017-07-08,Grace Road,2,41.4,India,South Africa,J Goswami,E Bisht,A Khaka,1,0,,,,,,,,,
1085962,2017,2017-07-08,Grace Road,2,41.5,India,South Africa,E Bisht,J Goswami,A Khaka,0,0,,,,,,,,,
1085962,2017,2017-07-08,Grace Road,2,41.6,India,South Africa,E Bisht,J Goswami,A Khaka,0,0,,,,,,,,,
1085962,2017,2017-07-08,Grace Road,2,42.1,India,South Africa,J Goswami,E Bisht,S Luus,0,0,,,,,,,,,
1085962,2017,2017-07-08,Grace Road,2,42.2,India,South Africa,J Goswami,E Bisht,S Luus,0,0,,,,,,,,,
1085962,2017,2017-07-08,Grace Road,2,42.3,India,South Africa,J Goswami,E Bisht,S Luus,1,0,,,,,,,,,
1085962,2017,2017-07-08,Grace Road,2,42.4,India,South Africa,E Bisht,J Goswami,S Luus,2,0,,,,,,,,,
1085962,2017,2017-07-08,Grace Road,2,42.5,India,South Africa,E Bisht,J Goswami,S Luus,1,0,,,,,,,,,
1085962,2017,2017-07-08,Grace Road,2,42.6,India,South Africa,J Goswami,E Bisht,S Luus,1,0,,,,,,,,,
1085962,2017,2017-07-08,Grace Road,2,43.1,India,South Africa,J Goswami,E Bisht,M Kapp,4,0,,,,,,,,,
1085962,2017,2017-07-08,Grace Road,2,43.2,India,South Africa,J Goswami,E Bisht,M Kapp,4,0,,,,,,,,,
1085962,2017,2017-07-08,Grace Road,2,43.3,India,South Africa,J Goswami,E Bisht,M Kapp,0,0,,,,,,,,,
1085962,2017,2017-07-08,Grace Road,2,43.4,India,South Africa,J Goswami,E Bisht,M Kapp,1,0,,,,,,,,,
1085962,2017,2017-07-08,Grace Road,2,43.5,India,South Africa,E Bisht,J Goswami,M Kapp,1,0,,,,,,,,,
1085962,2017,2017-07-08,Grace Road,2,43.6,India,South Africa,J Goswami,E Bisht,M Kapp,0,0,,,,,,,,,
1085962,2017,2017-07-08,Grace Road,2,44.1,India,South Africa,E Bisht,J Goswami,S Luus,0,0,,,,,,caught,E Bisht,,
1085962,2017,2017-07-08,Grace Road,2,44.2,India,South Africa,Poonam Yadav,J Goswami,S Luus,0,0,,,,,,,,,
1085962,2017,2017-07-08,Grace Road,2,44.3,India,South Africa,Poonam Yadav,J Goswami,S Luus,0,0,,,,,,,,,
1085962,2017,2017-07-08,Grace Road,2,44.4,India,South Africa,Poonam Yadav,J Goswami,S Luus,0,0,,,,,,,,,
1085962,2017,2017-07-08,Grace Road,2,44.5,India,South Africa,Poonam Yadav,J Goswami,S Luus,0,0,,,,,,,,,
1085962,2017,2017-07-08,Grace Road,2,44.6,India,South Africa,Poonam Yadav,J Goswami,S Luus,0,0,,,,,,,,,
1085962,2017,2017-07-08,Grace Road,2,45.1,India,South Africa,J Goswami,Poonam Yadav,S Ismail,0,0,,,,,,,,,
1085962,2017,2017-07-08,Grace Road,2,45.2,India,South Africa,J Goswami,Poonam Yadav,S Ismail,2,0,,,,,,,,,
1085962,2017,2017-07-08,Grace Road,2,45.3,India,South Africa,J Goswami,Poonam Yadav,S Ismail,0,0,,,,,,,,,
1085962,2017,2017-07-08,Grace Road,2,45.4,India,South Africa,J Goswami,Poonam Yadav,S Ismail,1,0,,,,,,,,,
1085962,2017,2017-07-08,Grace Road,2,45.5,India,South Africa,Poonam Yadav,J Goswami,S Ismail,0,0,,,,,,,,,
1085962,2017,2017-07-08,Grace Road,2,45.6,India,South Africa,Poonam Yadav,J Goswami,S Ismail,0,0,,,,,,caught,Poonam Yadav,,
