match_id,season,start_date,venue,innings,ball,batting_team,bowling_team,striker,non_striker,bowler,runs_off_bat,extras,wides,noballs,byes,legbyes,penalty,wicket_type,player_dismissed,other_wicket_type,other_player_dismissed
1085945,2017,2017-06-24,County Ground,1,0.1,Sri Lanka,New Zealand,MDN Hansika,PRCS Kumarihami,LMM Tahuhu,0,0,,,,,,,,,
1085945,2017,2017-06-24,County Ground,1,0.2,Sri Lanka,New Zealand,MDN Hansika,PRCS Kumarihami,LMM Tahuhu,0,0,,,,,,,,,
1085945,2017,2017-06-24,County Ground,1,0.3,Sri Lanka,New Zealand,MDN Hansika,PRCS Kumarihami,LMM Tahuhu,0,1,1,,,,,,,,
1085945,2017,2017-06-24,County Ground,1,0.4,Sri Lanka,New Zealand,MDN Hansika,PRCS Kumarihami,LMM Tahuhu,0,0,,,,,,,,,
1085945,2017,2017-06-24,County Ground,1,0.5,Sri Lanka,New Zealand,MDN Hansika,PRCS Kumarihami,LMM Tahuhu,1,0,,,,,,,,,
1085945,2017,2017-06-24,County Ground,1,0.6,Sri Lanka,New Zealand,PRCS Kumarihami,MDN Hansika,LMM Tahuhu,0,0,,,,,,,,,
1085945,2017,2017-06-24,County Ground,1,0.7,Sri Lanka,New Zealand,PRCS Kumarihami,MDN Hansika,LMM Tahuhu,0,0,,,,,,,,,
1085945,2017,2017-06-24,County Ground,1,1.1,Sri Lanka,New Zealand,MDN Hansika,PRCS Kumarihami,HR Huddleston,0,0,,,,,,,,,
1085945,2017,2017-06-24,County Ground,1,1.2,Sri Lanka,New Zealand,MDN Hansika,PRCS Kumarihami,HR Huddleston,0,0,,,,,,,,,
1085945,2017,2017-06-24,County Ground,1,1.3,Sri Lanka,New Zealand,MDN Hansika,PRCS Kumarihami,HR Huddleston,0,0,,,,,,,,,
1085945,2017,2017-06-24,County Ground,1,1.4,Sri Lanka,New Zealand,MDN Hansika,PRCS Kumarihami,HR Huddleston,0,0,,,,,,,,,
1085945,2017,2017-06-24,County Ground,1,1.5,Sri Lanka,New Zealand,MDN Hansika,PRCS Kumarihami,HR Huddleston,0,0,,,,,,,,,
1085945,2017,2017-06-24,County Ground,1,1.6,Sri Lanka,New Zealand,MDN Hansika,PRCS Kumarihami,HR Huddleston,0,1,,,,1,,,,,
1085945,2017,2017-06-24,County Ground,1,2.1,Sri Lanka,New Zealand,MDN Hansika,PRCS Kumarihami,LMM Tahuhu,0,0,,,,,,,,,
1085945,2017,2017-06-24,County Ground,1,2.2,Sri Lanka,New Zealand,MDN Hansika,PRCS Kumarihami,LMM Tahuhu,4,0,,,,,,,,,
1085945,2017,2017-06-24,County Ground,1,2.3,Sri Lanka,New Zealand,MDN Hansika,PRCS Kumarihami,LMM Tahuhu,0,0,,,,,,,,,
1085945,2017,2017-06-24,County Ground,1,2.4,Sri Lanka,New Zealand,MDN Hansika,PRCS Kumarihami,LMM Tahuhu,1,0,,,,,,,,,
1085945,2017,2017-06-24,County Ground,1,2.5,Sri Lanka,New Zealand,PRCS Kumarihami,MDN Hansika,LMM Tahuhu,0,0,,,,,,,,,
1085945,2017,2017-06-24,County Ground,1,2.6,Sri Lanka,New Zealand,PRCS Kumarihami,MDN Hansika,LMM Tahuhu,1,0,,,,,,,,,
1085945,2017,2017-06-24,County Ground,1,3.1,Sri Lanka,New Zealand,PRCS Kumarihami,MDN Hansika,HR Huddleston,1,0,,,,,,,,,
1085945,2017,2017-06-24,County Ground,1,3.2,Sri Lanka,New Zealand,MDN Hansika,PRCS Kumarihami,HR Huddleston,0,0,,,,,,,,,
1085945,2017,2017-06-24,County Ground,1,3.3,Sri Lanka,New Zealand,MDN Hansika,PRCS Kumarihami,HR Huddleston,1,0,,,,,,,,,
1085945,2017,2017-06-24,County Ground,1,3.4,Sri Lanka,New Zealand,PRCS Kumarihami,MDN Hansika,HR Huddleston,0,0,,,,,,,,,
1085945,2017,2017-06-24,County Ground,1,3.5,Sri Lanka,New Zealand,PRCS Kumarihami,MDN Hansika,HR Huddleston,0,0,,,,,,,,,
1085945,2017,2017-06-24,County Ground,1,3.6,Sri Lanka,New Zealand,PRCS Kumarihami,MDN Hansika,HR Huddleston,0,0,,,,,,,,,
1085945,2017,2017-06-24,County Ground,1,4.1,Sri Lanka,New Zealand,MDN Hansika,PRCS Kumarihami,LMM Tahuhu,2,0,,,,,,,,,
1085945,2017,2017-06-24,County Ground,1,4.2,Sri Lanka,New Zealand,MDN Hansika,PRCS Kumarihami,LMM Tahuhu,2,0,,,,,,,,,
1085945,2017,2017-06-24,County Ground,1,4.3,Sri Lanka,New Zealand,MDN Hansika,PRCS Kumarihami,LMM Tahuhu,1,0,,,,,,,,,
1085945,2017,2017-06-24,County Ground,1,4.4,Sri Lanka,New Zealand,PRCS Kumarihami,MDN Hansika,LMM Tahuhu,0,0,,,,,,,,,
1085945,2017,2017-06-24,County Ground,1,4.5,Sri Lanka,New Zealand,PRCS Kumarihami,MDN Hansika,LMM Tahuhu,0,0,,,,,,,,,
1085945,2017,2017-06-24,County Ground,1,4.6,Sri Lanka,New Zealand,PRCS Kumarihami,MDN Hansika,LMM Tahuhu,0,0,,,,,,,,,
1085945,2017,2017-06-24,County Ground,1,5.1,Sri Lanka,New Zealand,MDN Hansika,PRCS Kumarihami,HR Huddleston,4,0,,,,,,,,,
1085945,2017,2017-06-24,County Ground,1,5.2,Sri Lanka,New Zealand,MDN Hansika,PRCS Kumarihami,HR Huddleston,0,0,,,,,,,,,
1085945,2017,2017-06-24,County Ground,1,5.3,Sri Lanka,New Zealand,MDN Hansika,PRCS Kumarihami,HR Huddleston,4,0,,,,,,,,,
1085945,2017,2017-06-24,County Ground,1,5.4,Sri Lanka,New Zealand,MDN Hansika,PRCS Kumarihami,HR Huddleston,0,0,,,,,,,,,
1085945,2017,2017-06-24,County Ground,1,5.5,Sri Lanka,New Zealand,MDN Hansika,PRCS Kumarihami,HR Huddleston,4,0,,,,,,,,,
1085945,2017,2017-06-24,County Ground,1,5.6,Sri Lanka,New Zealand,MDN Hansika,PRCS Kumarihami,HR Huddleston,0,0,,,,,,,,,
1085945,2017,2017-06-24,County Ground,1,6.1,Sri Lanka,New Zealand,PRCS Kumarihami,MDN Hansika,SFM Devine,0,0,,,,,,,,,
1085945,2017,2017-06-24,County Ground,1,6.2,Sri Lanka,New Zealand,PRCS Kumarihami,MDN Hansika,SFM Devine,0,0,,,,,,,,,
1085945,2017,2017-06-24,County Ground,1,6.3,Sri Lanka,New Zealand,PRCS Kumarihami,MDN Hansika,SFM Devine,0,0,,,,,,,,,
1085945,2017,2017-06-24,County Ground,1,6.4,Sri Lanka,New Zealand,PRCS Kumarihami,MDN Hansika,SFM Devine,0,0,,,,,,,,,
1085945,2017,2017-06-24,County Ground,1,6.5,Sri Lanka,New Zealand,PRCS Kumarihami,MDN Hansika,SFM Devine,4,0,,,,,,,,,
1085945,2017,2017-06-24,County Ground,1,6.6,Sri Lanka,New Zealand,PRCS Kumarihami,MDN Hansika,SFM Devine,0,0,,,,,,,,,
1085945,2017,2017-06-24,County Ground,1,7.1,Sri Lanka,New Zealand,MDN Hansika,PRCS Kumarihami,AM Peterson,0,0,,,,,,,,,
1085945,2017,2017-06-24,County Ground,1,7.2,Sri Lanka,New Zealand,MDN Hansika,PRCS Kumarihami,AM Peterson,0,0,,,,,,,,,
1085945,2017,2017-06-24,County Ground,1,7.3,Sri Lanka,New Zealand,MDN Hansika,PRCS Kumarihami,AM Peterson,1,0,,,,,,,,,
1085945,2017,2017-06-24,County Ground,1,7.4,Sri Lanka,New Zealand,PRCS Kumarihami,MDN Hansika,AM Peterson,0,0,,,,,,,,,
1085945,2017,2017-06-24,County Ground,1,7.5,Sri Lanka,New Zealand,PRCS Kumarihami,MDN Hansika,AM Peterson,0,0,,,,,,,,,
1085945,2017,2017-06-24,County Ground,1,7.6,Sri Lanka,New Zealand,PRCS Kumarihami,MDN Hansika,AM Peterson,1,0,,,,,,,,,
1085945,2017,2017-06-24,County Ground,1,8.1,Sri Lanka,New Zealand,PRCS Kumarihami,MDN Hansika,SFM Devine,0,0,,,,,,,,,
1085945,2017,2017-06-24,County Ground,1,8.2,Sri Lanka,New Zealand,PRCS Kumarihami,MDN Hansika,SFM Devine,0,0,,,,,,,,,
1085945,2017,2017-06-24,County Ground,1,8.3,Sri Lanka,New Zealand,PRCS Kumarihami,MDN Hansika,SFM Devine,4,0,,,,,,,,,
1085945,2017,2017-06-24,County Ground,1,8.4,Sri Lanka,New Zealand,PRCS Kumarihami,MDN Hansika,SFM Devine,0,0,,,,,,,,,
1085945,2017,2017-06-24,County Ground,1,8.5,Sri Lanka,New Zealand,PRCS Kumarihami,MDN Hansika,SFM Devine,0,1,1,,,,,,,,
1085945,2017,2017-06-24,County Ground,1,8.6,Sri Lanka,New Zealand,PRCS Kumarihami,MDN Hansika,SFM Devine,0,0,,,,,,,,,
1085945,2017,2017-06-24,County Ground,1,8.7,Sri Lanka,New Zealand,PRCS Kumarihami,MDN Hansika,SFM Devine,2,0,,,,,,,,,
1085945,2017,2017-06-24,County Ground,1,9.1,Sri Lanka,New Zealand,MDN Hansika,PRCS Kumarihami,AM Peterson,0,0,,,,,,,,,
1085945,2017,2017-06-24,County Ground,1,9.2,Sri Lanka,New Zealand,MDN Hansika,PRCS Kumarihami,AM Peterson,1,0,,,,,,,,,
1085945,2017,2017-06-24,County Ground,1,9.3,Sri Lanka,New Zealand,PRCS Kumarihami,MDN Hansika,AM Peterson,0,0,,,,,,,,,
1085945,2017,2017-06-24,County Ground,1,9.4,Sri Lanka,New Zealand,PRCS Kumarihami,MDN Hansika,AM Peterson,0,0,,,,,,,,,
1085945,2017,2017-06-24,County Ground,1,9.5,Sri Lanka,New Zealand,PRCS Kumarihami,MDN Hansika,AM Peterson,0,0,,,,,,,,,
1085945,2017,2017-06-24,County Ground,1,9.6,Sri Lanka,New Zealand,PRCS Kumarihami,MDN Hansika,AM Peterson,0,0,,,,,,,,,
1085945,2017,2017-06-24,County Ground,1,10.1,Sri Lanka,New Zealand,MDN Hansika,PRCS Kumarihami,SFM Devine,0,0,,,,,,,,,
1085945,2017,2017-06-24,County Ground,1,10.2,Sri Lanka,New Zealand,MDN Hansika,PRCS Kumarihami,SFM Devine,1,0,,,,,,,,,
1085945,2017,2017-06-24,County Ground,1,10.3,Sri Lanka,New Zealand,PRCS Kumarihami,MDN Hansika,SFM Devine,0,0,,,,,,,,,
1085945,2017,2017-06-24,County Ground,1,10.4,Sri Lanka,New Zealand,PRCS Kumarihami,MDN Hansika,SFM Devine,0,0,,,,,,,,,
1085945,2017,2017-06-24,County Ground,1,10.5,Sri Lanka,New Zealand,PRCS Kumarihami,MDN Hansika,SFM Devine,0,0,,,,,,,,,
1085945,2017,2017-06-24,County Ground,1,10.6,Sri Lanka,New Zealand,PRCS Kumarihami,MDN Hansika,SFM Devine,0,0,,,,,,,,,
1085945,2017,2017-06-24,County Ground,1,11.1,Sri Lanka,New Zealand,MDN Hansika,PRCS Kumarihami,AM Peterson,0,0,,,,,,,,,
1085945,2017,2017-06-24,County Ground,1,11.2,Sri Lanka,New Zealand,MDN Hansika,PRCS Kumarihami,AM Peterson,0,0,,,,,,,,,
1085945,2017,2017-06-24,County Ground,1,11.3,Sri Lanka,New Zealand,MDN Hansika,PRCS Kumarihami,AM Peterson,0,0,,,,,,,,,
1085945,2017,2017-06-24,County Ground,1,11.4,Sri Lanka,New Zealand,MDN Hansika,PRCS Kumarihami,AM Peterson,0,0,,,,,,,,,
1085945,2017,2017-06-24,County Ground,1,11.5,Sri Lanka,New Zealand,MDN Hansika,PRCS Kumarihami,AM Peterson,0,0,,,,,,,,,
1085945,2017,2017-06-24,County Ground,1,11.6,Sri Lanka,New Zealand,MDN Hansika,PRCS Kumarihami,AM Peterson,1,0,,,,,,,,,
1085945,2017,2017-06-24,County Ground,1,12.1,Sri Lanka,New Zealand,MDN Hansika,PRCS Kumarihami,SFM Devine,1,0,,,,,,,,,
1085945,2017,2017-06-24,County Ground,1,12.2,Sri Lanka,New Zealand,PRCS Kumarihami,MDN Hansika,SFM Devine,1,0,,,,,,,,,
1085945,2017,2017-06-24,County Ground,1,12.3,Sri Lanka,New Zealand,MDN Hansika,PRCS Kumarihami,SFM Devine,0,0,,,,,,,,,
1085945,2017,2017-06-24,County Ground,1,12.4,Sri Lanka,New Zealand,MDN Hansika,PRCS Kumarihami,SFM Devine,0,0,,,,,,,,,
1085945,2017,2017-06-24,County Ground,1,12.5,Sri Lanka,New Zealand,MDN Hansika,PRCS Kumarihami,SFM Devine,1,0,,,,,,,,,
1085945,2017,2017-06-24,County Ground,1,12.6,Sri Lanka,New Zealand,PRCS Kumarihami,MDN Hansika,SFM Devine,0,0,,,,,,,,,
1085945,2017,2017-06-24,County Ground,1,13.1,Sri Lanka,New Zealand,MDN Hansika,PRCS Kumarihami,AC Kerr,0,0,,,,,,,,,
1085945,2017,2017-06-24,County Ground,1,13.2,Sri Lanka,New Zealand,MDN Hansika,PRCS Kumarihami,AC Kerr,1,0,,,,,,,,,
1085945,2017,2017-06-24,County Ground,1,13.3,Sri Lanka,New Zealand,PRCS Kumarihami,MDN Hansika,AC Kerr,0,0,,,,,,,,,
1085945,2017,2017-06-24,County Ground,1,13.4,Sri Lanka,New Zealand,PRCS Kumarihami,MDN Hansika,AC Kerr,0,0,,,,,,,,,
1085945,2017,2017-06-24,County Ground,1,13.5,Sri Lanka,New Zealand,PRCS Kumarihami,MDN Hansika,AC Kerr,1,0,,,,,,,,,
1085945,2017,2017-06-24,County Ground,1,13.6,Sri Lanka,New Zealand,MDN Hansika,PRCS Kumarihami,AC Kerr,0,0,,,,,,caught,MDN Hansika,,
1085945,2017,2017-06-24,County Ground,1,14.1,Sri Lanka,New Zealand,AC Jayangani,PRCS Kumarihami,LMM Tahuhu,0,0,,,,,,,,,
1085945,2017,2017-06-24,County Ground,1,14.2,Sri Lanka,New Zealand,AC Jayangani,PRCS Kumarihami,LMM Tahuhu,0,0,,,,,,,,,
1085945,2017,2017-06-24,County Ground,1,14.3,Sri Lanka,New Zealand,AC Jayangani,PRCS Kumarihami,LMM Tahuhu,0,0,,,,,,,,,
1085945,2017,2017-06-24,County Ground,1,14.4,Sri Lanka,New Zealand,AC Jayangani,PRCS Kumarihami,LMM Tahuhu,0,0,,,,,,,,,
1085945,2017,2017-06-24,County Ground,1,14.5,Sri Lanka,New Zealand,AC Jayangani,PRCS Kumarihami,LMM Tahuhu,1,0,,,,,,,,,
1085945,2017,2017-06-24,County Ground,1,14.6,Sri Lanka,New Zealand,PRCS Kumarihami,AC Jayangani,LMM Tahuhu,0,0,,,,,,,,,
1085945,2017,2017-06-24,County Ground,1,15.1,Sri Lanka,New Zealand,AC Jayangani,PRCS Kumarihami,AC Kerr,0,0,,,,,,,,,
1085945,2017,2017-06-24,County Ground,1,15.2,Sri Lanka,New Zealand,AC Jayangani,PRCS Kumarihami,AC Kerr,1,0,,,,,,,,,
1085945,2017,2017-06-24,County Ground,1,15.3,Sri Lanka,New Zealand,PRCS Kumarihami,AC Jayangani,AC Kerr,0,0,,,,,,,,,
1085945,2017,2017-06-24,County Ground,1,15.4,Sri Lanka,New Zealand,PRCS Kumarihami,AC Jayangani,AC Kerr,0,0,,,,,,,,,
1085945,2017,2017-06-24,County Ground,1,15.5,Sri Lanka,New Zealand,PRCS Kumarihami,AC Jayangani,AC Kerr,0,0,,,,,,,,,
1085945,2017,2017-06-24,County Ground,1,15.6,Sri Lanka,New Zealand,PRCS Kumarihami,AC Jayangani,AC Kerr,1,0,,,,,,,,,
1085945,2017,2017-06-24,County Ground,1,16.1,Sri Lanka,New Zealand,PRCS Kumarihami,AC Jayangani,LMM Tahuhu,0,1,1,,,,,,,,
1085945,2017,2017-06-24,County Ground,1,16.2,Sri Lanka,New Zealand,PRCS Kumarihami,AC Jayangani,LMM Tahuhu,1,0,,,,,,,,,
1085945,2017,2017-06-24,County Ground,1,16.3,Sri Lanka,New Zealand,AC Jayangani,PRCS Kumarihami,LMM Tahuhu,0,0,,,,,,,,,
1085945,2017,2017-06-24,County Ground,1,16.4,Sri Lanka,New Zealand,AC Jayangani,PRCS Kumarihami,LMM Tahuhu,0,0,,,,,,,,,
1085945,2017,2017-06-24,County Ground,1,16.5,Sri Lanka,New Zealand,AC Jayangani,PRCS Kumarihami,LMM Tahuhu,0,0,,,,,,,,,
1085945,2017,2017-06-24,County Ground,1,16.6,Sri Lanka,New Zealand,AC Jayangani,PRCS Kumarihami,LMM Tahuhu,1,0,,,,,,,,,
1085945,2017,2017-06-24,County Ground,1,16.7,Sri Lanka,New Zealand,PRCS Kumarihami,AC Jayangani,LMM Tahuhu,0,0,,,,,,,,,
1085945,2017,2017-06-24,County Ground,1,17.1,Sri Lanka,New Zealand,AC Jayangani,PRCS Kumarihami,AC Kerr,1,0,,,,,,,,,
1085945,2017,2017-06-24,County Ground,1,17.2,Sri Lanka,New Zealand,PRCS Kumarihami,AC Jayangani,AC Kerr,1,0,,,,,,,,,
1085945,2017,2017-06-24,County Ground,1,17.3,Sri Lanka,New Zealand,AC Jayangani,PRCS Kumarihami,AC Kerr,0,0,,,,,,,,,
1085945,2017,2017-06-24,County Ground,1,17.4,Sri Lanka,New Zealand,AC Jayangani,PRCS Kumarihami,AC Kerr,1,0,,,,,,,,,
1085945,2017,2017-06-24,County Ground,1,17.5,Sri Lanka,New Zealand,PRCS Kumarihami,AC Jayangani,AC Kerr,0,0,,,,,,,,,
1085945,2017,2017-06-24,County Ground,1,17.6,Sri Lanka,New Zealand,PRCS Kumarihami,AC Jayangani,AC Kerr,0,1,1,,,,,,,,
1085945,2017,2017-06-24,County Ground,1,17.7,Sri Lanka,New Zealand,PRCS Kumarihami,AC Jayangani,AC Kerr,1,0,,,,,,,,,
1085945,2017,2017-06-24,County Ground,1,18.1,Sri Lanka,New Zealand,PRCS Kumarihami,AC Jayangani,LMM Tahuhu,0,1,1,,,,,,,,
1085945,2017,2017-06-24,County Ground,1,18.2,Sri Lanka,New Zealand,PRCS Kumarihami,AC Jayangani,LMM Tahuhu,0,0,,,,,,,,,
1085945,2017,2017-06-24,County Ground,1,18.3,Sri Lanka,New Zealand,PRCS Kumarihami,AC Jayangani,LMM Tahuhu,4,0,,,,,,,,,
1085945,2017,2017-06-24,County Ground,1,18.4,Sri Lanka,New Zealand,PRCS Kumarihami,AC Jayangani,LMM Tahuhu,0,1,1,,,,,,,,
1085945,2017,2017-06-24,County Ground,1,18.5,Sri Lanka,New Zealand,PRCS Kumarihami,AC Jayangani,LMM Tahuhu,0,0,,,,,,,,,
1085945,2017,2017-06-24,County Ground,1,18.6,Sri Lanka,New Zealand,PRCS Kumarihami,AC Jayangani,LMM Tahuhu,1,0,,,,,,,,,
1085945,2017,2017-06-24,County Ground,1,18.7,Sri Lanka,New Zealand,AC Jayangani,PRCS Kumarihami,LMM Tahuhu,0,0,,,,,,,,,
1085945,2017,2017-06-24,County Ground,1,18.8,Sri Lanka,New Zealand,AC Jayangani,PRCS Kumarihami,LMM Tahuhu,1,0,,,,,,,,,
1085945,2017,2017-06-24,County Ground,1,19.1,Sri Lanka,New Zealand,AC Jayangani,PRCS Kumarihami,AM Peterson,2,0,,,,,,,,,
1085945,2017,2017-06-24,County Ground,1,19.2,Sri Lanka,New Zealand,AC Jayangani,PRCS Kumarihami,AM Peterson,0,0,,,,,,,,,
1085945,2017,2017-06-24,County Ground,1,19.3,Sri Lanka,New Zealand,AC Jayangani,PRCS Kumarihami,AM Peterson,1,0,,,,,,,,,
1085945,2017,2017-06-24,County Ground,1,19.4,Sri Lanka,New Zealand,PRCS Kumarihami,AC Jayangani,AM Peterson,0,1,1,,,,,,,,
1085945,2017,2017-06-24,County Ground,1,19.5,Sri Lanka,New Zealand,PRCS Kumarihami,AC Jayangani,AM Peterson,1,0,,,,,,,,,
1085945,2017,2017-06-24,County Ground,1,19.6,Sri Lanka,New Zealand,AC Jayangani,PRCS Kumarihami,AM Peterson,0,0,,,,,,,,,
1085945,2017,2017-06-24,County Ground,1,19.7,Sri Lanka,New Zealand,AC Jayangani,PRCS Kumarihami,AM Peterson,0,0,,,,,,,,,
1085945,2017,2017-06-24,County Ground,1,20.1,Sri Lanka,New Zealand,PRCS Kumarihami,AC Jayangani,AE Satterthwaite,0,0,,,,,,,,,
1085945,2017,2017-06-24,County Ground,1,20.2,Sri Lanka,New Zealand,PRCS Kumarihami,AC Jayangani,AE Satterthwaite,0,0,,,,,,,,,
1085945,2017,2017-06-24,County Ground,1,20.3,Sri Lanka,New Zealand,PRCS Kumarihami,AC Jayangani,AE Satterthwaite,0,0,,,,,,,,,
1085945,2017,2017-06-24,County Ground,1,20.4,Sri Lanka,New Zealand,PRCS Kumarihami,AC Jayangani,AE Satterthwaite,2,0,,,,,,,,,
1085945,2017,2017-06-24,County Ground,1,20.5,Sri Lanka,New Zealand,PRCS Kumarihami,AC Jayangani,AE Satterthwaite,0,0,,,,,,,,,
1085945,2017,2017-06-24,County Ground,1,20.6,Sri Lanka,New Zealand,PRCS Kumarihami,AC Jayangani,AE Satterthwaite,1,0,,,,,,,,,
1085945,2017,2017-06-24,County Ground,1,21.1,Sri Lanka,New Zealand,PRCS Kumarihami,AC Jayangani,EM Bermingham,1,0,,,,,,,,,
1085945,2017,2017-06-24,County Ground,1,21.2,Sri Lanka,New Zealand,AC Jayangani,PRCS Kumarihami,EM Bermingham,1,0,,,,,,,,,
1085945,2017,2017-06-24,County Ground,1,21.3,Sri Lanka,New Zealand,PRCS Kumarihami,AC Jayangani,EM Bermingham,1,0,,,,,,,,,
1085945,2017,2017-06-24,County Ground,1,21.4,Sri Lanka,New Zealand,AC Jayangani,PRCS Kumarihami,EM Bermingham,0,0,,,,,,,,,
1085945,2017,2017-06-24,County Ground,1,21.5,Sri Lanka,New Zealand,AC Jayangani,PRCS Kumarihami,EM Bermingham,0,0,,,,,,,,,
1085945,2017,2017-06-24,County Ground,1,21.6,Sri Lanka,New Zealand,AC Jayangani,PRCS Kumarihami,EM Bermingham,0,0,,,,,,,,,
1085945,2017,2017-06-24,County Ground,1,22.1,Sri Lanka,New Zealand,PRCS Kumarihami,AC Jayangani,AE Satterthwaite,0,0,,,,,,,,,
1085945,2017,2017-06-24,County Ground,1,22.2,Sri Lanka,New Zealand,PRCS Kumarihami,AC Jayangani,AE Satterthwaite,0,0,,,,,,,,,
1085945,2017,2017-06-24,County Ground,1,22.3,Sri Lanka,New Zealand,PRCS Kumarihami,AC Jayangani,AE Satterthwaite,0,0,,,,,,,,,
1085945,2017,2017-06-24,County Ground,1,22.4,Sri Lanka,New Zealand,PRCS Kumarihami,AC Jayangani,AE Satterthwaite,0,0,,,,,,,,,
1085945,2017,2017-06-24,County Ground,1,22.5,Sri Lanka,New Zealand,PRCS Kumarihami,AC Jayangani,AE Satterthwaite,1,0,,,,,,,,,
1085945,2017,2017-06-24,County Ground,1,22.6,Sri Lanka,New Zealand,AC Jayangani,PRCS Kumarihami,AE Satterthwaite,1,0,,,,,,,,,
1085945,2017,2017-06-24,County Ground,1,23.1,Sri Lanka,New Zealand,AC Jayangani,PRCS Kumarihami,EM Bermingham,4,0,,,,,,,,,
1085945,2017,2017-06-24,County Ground,1,23.2,Sri Lanka,New Zealand,AC Jayangani,PRCS Kumarihami,EM Bermingham,0,0,,,,,,,,,
1085945,2017,2017-06-24,County Ground,1,23.3,Sri Lanka,New Zealand,AC Jayangani,PRCS Kumarihami,EM Bermingham,0,0,,,,,,,,,
1085945,2017,2017-06-24,County Ground,1,23.4,Sri Lanka,New Zealand,AC Jayangani,PRCS Kumarihami,EM Bermingham,0,1,1,,,,,,,,
1085945,2017,2017-06-24,County Ground,1,23.5,Sri Lanka,New Zealand,AC Jayangani,PRCS Kumarihami,EM Bermingham,0,0,,,,,,,,,
1085945,2017,2017-06-24,County Ground,1,23.6,Sri Lanka,New Zealand,AC Jayangani,PRCS Kumarihami,EM Bermingham,0,0,,,,,,,,,
1085945,2017,2017-06-24,County Ground,1,23.7,Sri Lanka,New Zealand,AC Jayangani,PRCS Kumarihami,EM Bermingham,4,0,,,,,,,,,
1085945,2017,2017-06-24,County Ground,1,24.1,Sri Lanka,New Zealand,PRCS Kumarihami,AC Jayangani,AE Satterthwaite,1,0,,,,,,,,,
1085945,2017,2017-06-24,County Ground,1,24.2,Sri Lanka,New Zealand,AC Jayangani,PRCS Kumarihami,AE Satterthwaite,1,0,,,,,,,,,
1085945,2017,2017-06-24,County Ground,1,24.3,Sri Lanka,New Zealand,PRCS Kumarihami,AC Jayangani,AE Satterthwaite,2,0,,,,,,,,,
1085945,2017,2017-06-24,County Ground,1,24.4,Sri Lanka,New Zealand,PRCS Kumarihami,AC Jayangani,AE Satterthwaite,0,0,,,,,,,,,
1085945,2017,2017-06-24,County Ground,1,24.5,Sri Lanka,New Zealand,PRCS Kumarihami,AC Jayangani,AE Satterthwaite,0,0,,,,,,,,,
1085945,2017,2017-06-24,County Ground,1,24.6,Sri Lanka,New Zealand,PRCS Kumarihami,AC Jayangani,AE Satterthwaite,0,0,,,,,,,,,
1085945,2017,2017-06-24,County Ground,1,25.1,Sri Lanka,New Zealand,AC Jayangani,PRCS Kumarihami,EM Bermingham,1,0,,,,,,,,,
1085945,2017,2017-06-24,County Ground,1,25.2,Sri Lanka,New Zealand,PRCS Kumarihami,AC Jayangani,EM Bermingham,1,0,,,,,,,,,
1085945,2017,2017-06-24,County Ground,1,25.3,Sri Lanka,New Zealand,AC Jayangani,PRCS Kumarihami,EM Bermingham,0,0,,,,,,,,,
1085945,2017,2017-06-24,County Ground,1,25.4,Sri Lanka,New Zealand,AC Jayangani,PRCS Kumarihami,EM Bermingham,4,0,,,,,,,,,
1085945,2017,2017-06-24,County Ground,1,25.5,Sri Lanka,New Zealand,AC Jayangani,PRCS Kumarihami,EM Bermingham,1,0,,,,,,,,,
1085945,2017,2017-06-24,County Ground,1,25.6,Sri Lanka,New Zealand,PRCS Kumarihami,AC Jayangani,EM Bermingham,1,0,,,,,,,,,
1085945,2017,2017-06-24,County Ground,1,26.1,Sri Lanka,New Zealand,PRCS Kumarihami,AC Jayangani,AE Satterthwaite,0,0,,,,,,,,,
1085945,2017,2017-06-24,County Ground,1,26.2,Sri Lanka,New Zealand,PRCS Kumarihami,AC Jayangani,AE Satterthwaite,2,0,,,,,,,,,
1085945,2017,2017-06-24,County Ground,1,26.3,Sri Lanka,New Zealand,PRCS Kumarihami,AC Jayangani,AE Satterthwaite,0,0,,,,,,,,,
1085945,2017,2017-06-24,County Ground,1,26.4,Sri Lanka,New Zealand,PRCS Kumarihami,AC Jayangani,AE Satterthwaite,0,0,,,,,,,,,
1085945,2017,2017-06-24,County Ground,1,26.5,Sri Lanka,New Zealand,PRCS Kumarihami,AC Jayangani,AE Satterthwaite,0,0,,,,,,,,,
1085945,2017,2017-06-24,County Ground,1,26.6,Sri Lanka,New Zealand,PRCS Kumarihami,AC Jayangani,AE Satterthwaite,0,0,,,,,,,,,
1085945,2017,2017-06-24,County Ground,1,27.1,Sri Lanka,New Zealand,AC Jayangani,PRCS Kumarihami,SW Bates,0,0,,,,,,,,,
1085945,2017,2017-06-24,County Ground,1,27.2,Sri Lanka,New Zealand,AC Jayangani,PRCS Kumarihami,SW Bates,0,0,,,,,,,,,
1085945,2017,2017-06-24,County Ground,1,27.3,Sri Lanka,New Zealand,AC Jayangani,PRCS Kumarihami,SW Bates,0,0,,,,,,,,,
1085945,2017,2017-06-24,County Ground,1,27.4,Sri Lanka,New Zealand,AC Jayangani,PRCS Kumarihami,SW Bates,0,0,,,,,,,,,
1085945,2017,2017-06-24,County Ground,1,27.5,Sri Lanka,New Zealand,AC Jayangani,PRCS Kumarihami,SW Bates,0,0,,,,,,,,,
1085945,2017,2017-06-24,County Ground,1,27.6,Sri Lanka,New Zealand,AC Jayangani,PRCS Kumarihami,SW Bates,0,0,,,,,,,,,
1085945,2017,2017-06-24,County Ground,1,28.1,Sri Lanka,New Zealand,PRCS Kumarihami,AC Jayangani,AE Satterthwaite,0,0,,,,,,,,,
1085945,2017,2017-06-24,County Ground,1,28.2,Sri Lanka,New Zealand,PRCS Kumarihami,AC Jayangani,AE Satterthwaite,0,0,,,,,,,,,
1085945,2017,2017-06-24,County Ground,1,28.3,Sri Lanka,New Zealand,PRCS Kumarihami,AC Jayangani,AE Satterthwaite,0,0,,,,,,,,,
1085945,2017,2017-06-24,County Ground,1,28.4,Sri Lanka,New Zealand,PRCS Kumarihami,AC Jayangani,AE Satterthwaite,0,0,,,,,,,,,
1085945,2017,2017-06-24,County Ground,1,28.5,Sri Lanka,New Zealand,PRCS Kumarihami,AC Jayangani,AE Satterthwaite,0,0,,,,,,,,,
1085945,2017,2017-06-24,County Ground,1,28.6,Sri Lanka,New Zealand,PRCS Kumarihami,AC Jayangani,AE Satterthwaite,1,0,,,,,,,,,
1085945,2017,2017-06-24,County Ground,1,29.1,Sri Lanka,New Zealand,PRCS Kumarihami,AC Jayangani,SW Bates,0,0,,,,,,,,,
1085945,2017,2017-06-24,County Ground,1,29.2,Sri Lanka,New Zealand,PRCS Kumarihami,AC Jayangani,SW Bates,1,0,,,,,,,,,
1085945,2017,2017-06-24,County Ground,1,29.3,Sri Lanka,New Zealand,AC Jayangani,PRCS Kumarihami,SW Bates,4,0,,,,,,,,,
1085945,2017,2017-06-24,County Ground,1,29.4,Sri Lanka,New Zealand,AC Jayangani,PRCS Kumarihami,SW Bates,1,0,,,,,,,,,
1085945,2017,2017-06-24,County Ground,1,29.5,Sri Lanka,New Zealand,PRCS Kumarihami,AC Jayangani,SW Bates,0,0,,,,,,,,,
1085945,2017,2017-06-24,County Ground,1,29.6,Sri Lanka,New Zealand,PRCS Kumarihami,AC Jayangani,SW Bates,0,0,,,,,,,,,
1085945,2017,2017-06-24,County Ground,1,30.1,Sri Lanka,New Zealand,AC Jayangani,PRCS Kumarihami,AE Satterthwaite,2,0,,,,,,,,,
1085945,2017,2017-06-24,County Ground,1,30.2,Sri Lanka,New Zealand,AC Jayangani,PRCS Kumarihami,AE Satterthwaite,1,0,,,,,,,,,
1085945,2017,2017-06-24,County Ground,1,30.3,Sri Lanka,New Zealand,PRCS Kumarihami,AC Jayangani,AE Satterthwaite,0,0,,,,,,,,,
1085945,2017,2017-06-24,County Ground,1,30.4,Sri Lanka,New Zealand,PRCS Kumarihami,AC Jayangani,AE Satterthwaite,0,0,,,,,,,,,
1085945,2017,2017-06-24,County Ground,1,30.5,Sri Lanka,New Zealand,PRCS Kumarihami,AC Jayangani,AE Satterthwaite,0,0,,,,,,,,,
1085945,2017,2017-06-24,County Ground,1,30.6,Sri Lanka,New Zealand,PRCS Kumarihami,AC Jayangani,AE Satterthwaite,0,0,,,,,,,,,
1085945,2017,2017-06-24,County Ground,1,31.1,Sri Lanka,New Zealand,AC Jayangani,PRCS Kumarihami,SW Bates,1,0,,,,,,,,,
1085945,2017,2017-06-24,County Ground,1,31.2,Sri Lanka,New Zealand,PRCS Kumarihami,AC Jayangani,SW Bates,1,0,,,,,,,,,
1085945,2017,2017-06-24,County Ground,1,31.3,Sri Lanka,New Zealand,AC Jayangani,PRCS Kumarihami,SW Bates,1,0,,,,,,,,,
1085945,2017,2017-06-24,County Ground,1,31.4,Sri Lanka,New Zealand,PRCS Kumarihami,AC Jayangani,SW Bates,1,0,,,,,,,,,
1085945,2017,2017-06-24,County Ground,1,31.5,Sri Lanka,New Zealand,AC Jayangani,PRCS Kumarihami,SW Bates,1,0,,,,,,,,,
1085945,2017,2017-06-24,County Ground,1,31.6,Sri Lanka,New Zealand,PRCS Kumarihami,AC Jayangani,SW Bates,0,0,,,,,,,,,
1085945,2017,2017-06-24,County Ground,1,32.1,Sri Lanka,New Zealand,AC Jayangani,PRCS Kumarihami,AE Satterthwaite,1,0,,,,,,,,,
1085945,2017,2017-06-24,County Ground,1,32.2,Sri Lanka,New Zealand,PRCS Kumarihami,AC Jayangani,AE Satterthwaite,1,0,,,,,,,,,
1085945,2017,2017-06-24,County Ground,1,32.3,Sri Lanka,New Zealand,AC Jayangani,PRCS Kumarihami,AE Satterthwaite,1,0,,,,,,,,,
1085945,2017,2017-06-24,County Ground,1,32.4,Sri Lanka,New Zealand,PRCS Kumarihami,AC Jayangani,AE Satterthwaite,0,0,,,,,,,,,
1085945,2017,2017-06-24,County Ground,1,32.5,Sri Lanka,New Zealand,PRCS Kumarihami,AC Jayangani,AE Satterthwaite,1,0,,,,,,,,,
1085945,2017,2017-06-24,County Ground,1,32.6,Sri Lanka,New Zealand,AC Jayangani,PRCS Kumarihami,AE Satterthwaite,1,0,,,,,,,,,
1085945,2017,2017-06-24,County Ground,1,33.1,Sri Lanka,New Zealand,AC Jayangani,PRCS Kumarihami,SFM Devine,0,0,,,,,,,,,
1085945,2017,2017-06-24,County Ground,1,33.2,Sri Lanka,New Zealand,AC Jayangani,PRCS Kumarihami,SFM Devine,4,0,,,,,,,,,
1085945,2017,2017-06-24,County Ground,1,33.3,Sri Lanka,New Zealand,AC Jayangani,PRCS Kumarihami,SFM Devine,1,0,,,,,,,,,
1085945,2017,2017-06-24,County Ground,1,33.4,Sri Lanka,New Zealand,PRCS Kumarihami,AC Jayangani,SFM Devine,1,0,,,,,,,,,
1085945,2017,2017-06-24,County Ground,1,33.5,Sri Lanka,New Zealand,AC Jayangani,PRCS Kumarihami,SFM Devine,0,0,,,,,,,,,
1085945,2017,2017-06-24,County Ground,1,33.6,Sri Lanka,New Zealand,AC Jayangani,PRCS Kumarihami,SFM Devine,4,0,,,,,,,,,
1085945,2017,2017-06-24,County Ground,1,34.1,Sri Lanka,New Zealand,PRCS Kumarihami,AC Jayangani,AE Satterthwaite,1,0,,,,,,,,,
1085945,2017,2017-06-24,County Ground,1,34.2,Sri Lanka,New Zealand,AC Jayangani,PRCS Kumarihami,AE Satterthwaite,0,0,,,,,,,,,
1085945,2017,2017-06-24,County Ground,1,34.3,Sri Lanka,New Zealand,AC Jayangani,PRCS Kumarihami,AE Satterthwaite,0,0,,,,,,,,,
1085945,2017,2017-06-24,County Ground,1,34.4,Sri Lanka,New Zealand,AC Jayangani,PRCS Kumarihami,AE Satterthwaite,0,0,,,,,,,,,
1085945,2017,2017-06-24,County Ground,1,34.5,Sri Lanka,New Zealand,AC Jayangani,PRCS Kumarihami,AE Satterthwaite,0,0,,,,,,,,,
1085945,2017,2017-06-24,County Ground,1,34.6,Sri Lanka,New Zealand,AC Jayangani,PRCS Kumarihami,AE Satterthwaite,0,0,,,,,,,,,
1085945,2017,2017-06-24,County Ground,1,35.1,Sri Lanka,New Zealand,PRCS Kumarihami,AC Jayangani,SFM Devine,0,1,1,,,,,,,,
1085945,2017,2017-06-24,County Ground,1,35.2,Sri Lanka,New Zealand,PRCS Kumarihami,AC Jayangani,SFM Devine,1,0,,,,,,,,,
1085945,2017,2017-06-24,County Ground,1,35.3,Sri Lanka,New Zealand,AC Jayangani,PRCS Kumarihami,SFM Devine,4,0,,,,,,,,,
1085945,2017,2017-06-24,County Ground,1,35.4,Sri Lanka,New Zealand,AC Jayangani,PRCS Kumarihami,SFM Devine,0,0,,,,,,,,,
1085945,2017,2017-06-24,County Ground,1,35.5,Sri Lanka,New Zealand,AC Jayangani,PRCS Kumarihami,SFM Devine,0,0,,,,,,caught,AC Jayangani,,
1085945,2017,2017-06-24,County Ground,1,35.6,Sri Lanka,New Zealand,LE Kaushalya,PRCS Kumarihami,SFM Devine,0,0,,,,,,,,,
1085945,2017,2017-06-24,County Ground,1,35.7,Sri Lanka,New Zealand,LE Kaushalya,PRCS Kumarihami,SFM Devine,0,0,,,,,,,,,
1085945,2017,2017-06-24,County Ground,1,36.1,Sri Lanka,New Zealand,PRCS Kumarihami,LE Kaushalya,AC Kerr,0,0,,,,,,,,,
1085945,2017,2017-06-24,County Ground,1,36.2,Sri Lanka,New Zealand,PRCS Kumarihami,LE Kaushalya,AC Kerr,0,0,,,,,,,,,
1085945,2017,2017-06-24,County Ground,1,36.3,Sri Lanka,New Zealand,PRCS Kumarihami,LE Kaushalya,AC Kerr,0,0,,,,,,,,,
1085945,2017,2017-06-24,County Ground,1,36.4,Sri Lanka,New Zealand,PRCS Kumarihami,LE Kaushalya,AC Kerr,0,0,,,,,,,,,
1085945,2017,2017-06-24,County Ground,1,36.5,Sri Lanka,New Zealand,PRCS Kumarihami,LE Kaushalya,AC Kerr,0,0,,,,,,,,,
1085945,2017,2017-06-24,County Ground,1,36.6,Sri Lanka,New Zealand,PRCS Kumarihami,LE Kaushalya,AC Kerr,1,0,,,,,,,,,
1085945,2017,2017-06-24,County Ground,1,37.1,Sri Lanka,New Zealand,PRCS Kumarihami,LE Kaushalya,HR Huddleston,0,0,,,,,,,,,
1085945,2017,2017-06-24,County Ground,1,37.2,Sri Lanka,New Zealand,PRCS Kumarihami,LE Kaushalya,HR Huddleston,0,0,,,,,,,,,
1085945,2017,2017-06-24,County Ground,1,37.3,Sri Lanka,New Zealand,PRCS Kumarihami,LE Kaushalya,HR Huddleston,1,0,,,,,,,,,
1085945,2017,2017-06-24,County Ground,1,37.4,Sri Lanka,New Zealand,LE Kaushalya,PRCS Kumarihami,HR Huddleston,1,0,,,,,,,,,
1085945,2017,2017-06-24,County Ground,1,37.5,Sri Lanka,New Zealand,PRCS Kumarihami,LE Kaushalya,HR Huddleston,0,0,,,,,,caught,PRCS Kumarihami,,
1085945,2017,2017-06-24,County Ground,1,37.6,Sri Lanka,New Zealand,MADD Surangika,LE Kaushalya,HR Huddleston,0,0,,,,,,,,,
1085945,2017,2017-06-24,County Ground,1,38.1,Sri Lanka,New Zealand,LE Kaushalya,MADD Surangika,AC Kerr,2,0,,,,,,,,,
1085945,2017,2017-06-24,County Ground,1,38.2,Sri Lanka,New Zealand,LE Kaushalya,MADD Surangika,AC Kerr,0,0,,,,,,,,,
1085945,2017,2017-06-24,County Ground,1,38.3,Sri Lanka,New Zealand,LE Kaushalya,MADD Surangika,AC Kerr,0,0,,,,,,,,,
1085945,2017,2017-06-24,County Ground,1,38.4,Sri Lanka,New Zealand,LE Kaushalya,MADD Surangika,AC Kerr,0,0,,,,,,,,,
1085945,2017,2017-06-24,County Ground,1,38.5,Sri Lanka,New Zealand,LE Kaushalya,MADD Surangika,AC Kerr,0,0,,,,,,,,,
1085945,2017,2017-06-24,County Ground,1,38.6,Sri Lanka,New Zealand,LE Kaushalya,MADD Surangika,AC Kerr,1,0,,,,,,run out,MADD Surangika,,
1085945,2017,2017-06-24,County Ground,1,39.1,Sri Lanka,New Zealand,LE Kaushalya,HASD Siriwardene,HR Huddleston,0,0,,,,,,,,,
1085945,2017,2017-06-24,County Ground,1,39.2,Sri Lanka,New Zealand,LE Kaushalya,HASD Siriwardene,HR Huddleston,0,0,,,,,,,,,
1085945,2017,2017-06-24,County Ground,1,39.3,Sri Lanka,New Zealand,LE Kaushalya,HASD Siriwardene,HR Huddleston,0,0,,,,,,,,,
1085945,2017,2017-06-24,County Ground,1,39.4,Sri Lanka,New Zealand,LE Kaushalya,HASD Siriwardene,HR Huddleston,1,0,,,,,,,,,
1085945,2017,2017-06-24,County Ground,1,39.5,Sri Lanka,New Zealand,HASD Siriwardene,LE Kaushalya,HR Huddleston,0,0,,,,,,,,,
1085945,2017,2017-06-24,County Ground,1,39.6,Sri Lanka,New Zealand,HASD Siriwardene,LE Kaushalya,HR Huddleston,0,0,,,,,,,,,
1085945,2017,2017-06-24,County Ground,1,40.1,Sri Lanka,New Zealand,LE Kaushalya,HASD Siriwardene,LMM Tahuhu,0,1,1,,,,,,,,
1085945,2017,2017-06-24,County Ground,1,40.2,Sri Lanka,New Zealand,LE Kaushalya,HASD Siriwardene,LMM Tahuhu,0,0,,,,,,bowled,LE Kaushalya,,
1085945,2017,2017-06-24,County Ground,1,40.3,Sri Lanka,New Zealand,PM Weerakkody,HASD Siriwardene,LMM Tahuhu,4,0,,,,,,,,,
1085945,2017,2017-06-24,County Ground,1,40.4,Sri Lanka,New Zealand,PM Weerakkody,HASD Siriwardene,LMM Tahuhu,0,0,,,,,,,,,
1085945,2017,2017-06-24,County Ground,1,40.5,Sri Lanka,New Zealand,PM Weerakkody,HASD Siriwardene,LMM Tahuhu,1,0,,,,,,,,,
1085945,2017,2017-06-24,County Ground,1,40.6,Sri Lanka,New Zealand,HASD Siriwardene,PM Weerakkody,LMM Tahuhu,1,0,,,,,,,,,
1085945,2017,2017-06-24,County Ground,1,40.7,Sri Lanka,New Zealand,PM Weerakkody,HASD Siriwardene,LMM Tahuhu,0,0,,,,,,,,,
1085945,2017,2017-06-24,County Ground,1,41.1,Sri Lanka,New Zealand,HASD Siriwardene,PM Weerakkody,HR Huddleston,0,0,,,,,,,,,
1085945,2017,2017-06-24,County Ground,1,41.2,Sri Lanka,New Zealand,HASD Siriwardene,PM Weerakkody,HR Huddleston,0,0,,,,,,,,,
1085945,2017,2017-06-24,County Ground,1,41.3,Sri Lanka,New Zealand,HASD Siriwardene,PM Weerakkody,HR Huddleston,0,0,,,,,,,,,
1085945,2017,2017-06-24,County Ground,1,41.4,Sri Lanka,New Zealand,HASD Siriwardene,PM Weerakkody,HR Huddleston,1,0,,,,,,,,,
1085945,2017,2017-06-24,County Ground,1,41.5,Sri Lanka,New Zealand,PM Weerakkody,HASD Siriwardene,HR Huddleston,0,0,,,,,,caught,PM Weerakkody,,
1085945,2017,2017-06-24,County Ground,1,41.6,Sri Lanka,New Zealand,SS Weerakkody,HASD Siriwardene,HR Huddleston,0,0,,,,,,,,,
1085945,2017,2017-06-24,County Ground,1,42.1,Sri Lanka,New Zealand,HASD Siriwardene,SS Weerakkody,LMM Tahuhu,0,0,,,,,,,,,
1085945,2017,2017-06-24,County Ground,1,42.2,Sri Lanka,New Zealand,HASD Siriwardene,SS Weerakkody,LMM Tahuhu,0,0,,,,,,,,,
1085945,2017,2017-06-24,County Ground,1,42.3,Sri Lanka,New Zealand,HASD Siriwardene,SS Weerakkody,LMM Tahuhu,1,0,,,,,,,,,
1085945,2017,2017-06-24,County Ground,1,42.4,Sri Lanka,New Zealand,SS Weerakkody,HASD Siriwardene,LMM Tahuhu,0,0,,,,,,,,,
1085945,2017,2017-06-24,County Ground,1,42.5,Sri Lanka,New Zealand,SS Weerakkody,HASD Siriwardene,LMM Tahuhu,0,0,,,,,,,,,
1085945,2017,2017-06-24,County Ground,1,42.6,Sri Lanka,New Zealand,SS Weerakkody,HASD Siriwardene,LMM Tahuhu,0,0,,,,,,,,,
1085945,2017,2017-06-24,County Ground,1,43.1,Sri Lanka,New Zealand,HASD Siriwardene,SS Weerakkody,HR Huddleston,0,0,,,,,,,,,
1085945,2017,2017-06-24,County Ground,1,43.2,Sri Lanka,New Zealand,HASD Siriwardene,SS Weerakkody,HR Huddleston,0,0,,,,,,,,,
1085945,2017,2017-06-24,County Ground,1,43.3,Sri Lanka,New Zealand,HASD Siriwardene,SS Weerakkody,HR Huddleston,1,0,,,,,,,,,
1085945,2017,2017-06-24,County Ground,1,43.4,Sri Lanka,New Zealand,SS Weerakkody,HASD Siriwardene,HR Huddleston,0,0,,,,,,,,,
1085945,2017,2017-06-24,County Ground,1,43.5,Sri Lanka,New Zealand,SS Weerakkody,HASD Siriwardene,HR Huddleston,0,0,,,,,,,,,
1085945,2017,2017-06-24,County Ground,1,43.6,Sri Lanka,New Zealand,SS Weerakkody,HASD Siriwardene,HR Huddleston,4,0,,,,,,,,,
1085945,2017,2017-06-24,County Ground,1,44.1,Sri Lanka,New Zealand,HASD Siriwardene,SS Weerakkody,LMM Tahuhu,0,0,,,,,,,,,
1085945,2017,2017-06-24,County Ground,1,44.2,Sri Lanka,New Zealand,HASD Siriwardene,SS Weerakkody,LMM Tahuhu,0,0,,,,,,,,,
1085945,2017,2017-06-24,County Ground,1,44.3,Sri Lanka,New Zealand,HASD Siriwardene,SS Weerakkody,LMM Tahuhu,4,0,,,,,,,,,
1085945,2017,2017-06-24,County Ground,1,44.4,Sri Lanka,New Zealand,HASD Siriwardene,SS Weerakkody,LMM Tahuhu,1,0,,,,,,,,,
1085945,2017,2017-06-24,County Ground,1,44.5,Sri Lanka,New Zealand,SS Weerakkody,HASD Siriwardene,LMM Tahuhu,1,0,,,,,,,,,
1085945,2017,2017-06-24,County Ground,1,44.6,Sri Lanka,New Zealand,HASD Siriwardene,SS Weerakkody,LMM Tahuhu,0,0,,,,,,,,,
1085945,2017,2017-06-24,County Ground,1,45.1,Sri Lanka,New Zealand,SS Weerakkody,HASD Siriwardene,HR Huddleston,1,0,,,,,,,,,
1085945,2017,2017-06-24,County Ground,1,45.2,Sri Lanka,New Zealand,HASD Siriwardene,SS Weerakkody,HR Huddleston,1,0,,,,,,,,,
1085945,2017,2017-06-24,County Ground,1,45.3,Sri Lanka,New Zealand,SS Weerakkody,HASD Siriwardene,HR Huddleston,0,0,,,,,,caught,SS Weerakkody,,
1085945,2017,2017-06-24,County Ground,1,45.4,Sri Lanka,New Zealand,HASD Siriwardene,KDU Prabodhani,HR Huddleston,0,0,,,,,,,,,
1085945,2017,2017-06-24,County Ground,1,45.5,Sri Lanka,New Zealand,HASD Siriwardene,KDU Prabodhani,HR Huddleston,1,0,,,,,,,,,
1085945,2017,2017-06-24,County Ground,1,45.6,Sri Lanka,New Zealand,KDU Prabodhani,HASD Siriwardene,HR Huddleston,0,0,,,,,,,,,
1085945,2017,2017-06-24,County Ground,1,46.1,Sri Lanka,New Zealand,HASD Siriwardene,KDU Prabodhani,EM Bermingham,4,0,,,,,,,,,
1085945,2017,2017-06-24,County Ground,1,46.2,Sri Lanka,New Zealand,HASD Siriwardene,KDU Prabodhani,EM Bermingham,1,0,,,,,,,,,
1085945,2017,2017-06-24,County Ground,1,46.3,Sri Lanka,New Zealand,KDU Prabodhani,HASD Siriwardene,EM Bermingham,0,0,,,,,,,,,
1085945,2017,2017-06-24,County Ground,1,46.4,Sri Lanka,New Zealand,KDU Prabodhani,HASD Siriwardene,EM Bermingham,0,0,,,,,,,,,
1085945,2017,2017-06-24,County Ground,1,46.5,Sri Lanka,New Zealand,KDU Prabodhani,HASD Siriwardene,EM Bermingham,0,0,,,,,,,,,
1085945,2017,2017-06-24,County Ground,1,46.6,Sri Lanka,New Zealand,KDU Prabodhani,HASD Siriwardene,EM Bermingham,0,0,,,,,,,,,
1085945,2017,2017-06-24,County Ground,1,47.1,Sri Lanka,New Zealand,HASD Siriwardene,KDU Prabodhani,HR Huddleston,0,0,,,,,,,,,
1085945,2017,2017-06-24,County Ground,1,47.2,Sri Lanka,New Zealand,HASD Siriwardene,KDU Prabodhani,HR Huddleston,0,0,,,,,,,,,
1085945,2017,2017-06-24,County Ground,1,47.3,Sri Lanka,New Zealand,HASD Siriwardene,KDU Prabodhani,HR Huddleston,0,0,,,,,,caught,HASD Siriwardene,,
1085945,2017,2017-06-24,County Ground,1,47.4,Sri Lanka,New Zealand,I Ranaweera,KDU Prabodhani,HR Huddleston,0,0,,,,,,,,,
1085945,2017,2017-06-24,County Ground,1,47.5,Sri Lanka,New Zealand,I Ranaweera,KDU Prabodhani,HR Huddleston,4,0,,,,,,,,,
1085945,2017,2017-06-24,County Ground,1,47.6,Sri Lanka,New Zealand,I Ranaweera,KDU Prabodhani,HR Huddleston,0,0,,,,,,,,,
1085945,2017,2017-06-24,County Ground,1,48.1,Sri Lanka,New Zealand,KDU Prabodhani,I Ranaweera,EM Bermingham,0,1,,,,1,,,,,
1085945,2017,2017-06-24,County Ground,1,48.2,Sri Lanka,New Zealand,I Ranaweera,KDU Prabodhani,EM Bermingham,1,0,,,,,,,,,
1085945,2017,2017-06-24,County Ground,1,48.3,Sri Lanka,New Zealand,KDU Prabodhani,I Ranaweera,EM Bermingham,0,0,,,,,,,,,
1085945,2017,2017-06-24,County Ground,1,48.4,Sri Lanka,New Zealand,KDU Prabodhani,I Ranaweera,EM Bermingham,1,0,,,,,,,,,
1085945,2017,2017-06-24,County Ground,1,48.5,Sri Lanka,New Zealand,I Ranaweera,KDU Prabodhani,EM Bermingham,0,0,,,,,,,,,
1085945,2017,2017-06-24,County Ground,1,48.6,Sri Lanka,New Zealand,I Ranaweera,KDU Prabodhani,EM Bermingham,0,0,,,,,,,,,
1085945,2017,2017-06-24,County Ground,1,49.1,Sri Lanka,New Zealand,KDU Prabodhani,I Ranaweera,HR Huddleston,1,0,,,,,,,,,
1085945,2017,2017-06-24,County Ground,1,49.2,Sri Lanka,New Zealand,I Ranaweera,KDU Prabodhani,HR Huddleston,1,0,,,,,,,,,
1085945,2017,2017-06-24,County Ground,1,49.3,Sri Lanka,New Zealand,KDU Prabodhani,I Ranaweera,HR Huddleston,0,0,,,,,,,,,
1085945,2017,2017-06-24,County Ground,1,49.4,Sri Lanka,New Zealand,KDU Prabodhani,I Ranaweera,HR Huddleston,2,0,,,,,,,,,
1085945,2017,2017-06-24,County Ground,1,49.5,Sri Lanka,New Zealand,KDU Prabodhani,I Ranaweera,HR Huddleston,0,0,,,,,,bowled,KDU Prabodhani,,
1085945,2017,2017-06-24,County Ground,1,49.6,Sri Lanka,New Zealand,HHC Gunaratne,I Ranaweera,HR Huddleston,1,0,,,,,,,,,
1085945,2017,2017-06-24,County Ground,2,0.1,New Zealand,Sri Lanka,SW Bates,RH Priest,KDU Prabodhani,4,0,,,,,,,,,
1085945,2017,2017-06-24,County Ground,2,0.2,New Zealand,Sri Lanka,SW Bates,RH Priest,KDU Prabodhani,1,0,,,,,,,,,
1085945,2017,2017-06-24,County Ground,2,0.3,New Zealand,Sri Lanka,RH Priest,SW Bates,KDU Prabodhani,0,0,,,,,,,,,
1085945,2017,2017-06-24,County Ground,2,0.4,New Zealand,Sri Lanka,RH Priest,SW Bates,KDU Prabodhani,0,0,,,,,,,,,
1085945,2017,2017-06-24,County Ground,2,0.5,New Zealand,Sri Lanka,RH Priest,SW Bates,KDU Prabodhani,0,0,,,,,,,,,
1085945,2017,2017-06-24,County Ground,2,0.6,New Zealand,Sri Lanka,RH Priest,SW Bates,KDU Prabodhani,0,0,,,,,,,,,
1085945,2017,2017-06-24,County Ground,2,1.1,New Zealand,Sri Lanka,SW Bates,RH Priest,HHC Gunaratne,2,0,,,,,,,,,
1085945,2017,2017-06-24,County Ground,2,1.2,New Zealand,Sri Lanka,SW Bates,RH Priest,HHC Gunaratne,0,0,,,,,,,,,
1085945,2017,2017-06-24,County Ground,2,1.3,New Zealand,Sri Lanka,SW Bates,RH Priest,HHC Gunaratne,0,0,,,,,,,,,
1085945,2017,2017-06-24,County Ground,2,1.4,New Zealand,Sri Lanka,SW Bates,RH Priest,HHC Gunaratne,0,0,,,,,,,,,
1085945,2017,2017-06-24,County Ground,2,1.5,New Zealand,Sri Lanka,SW Bates,RH Priest,HHC Gunaratne,0,0,,,,,,,,,
1085945,2017,2017-06-24,County Ground,2,1.6,New Zealand,Sri Lanka,SW Bates,RH Priest,HHC Gunaratne,0,0,,,,,,,,,
1085945,2017,2017-06-24,County Ground,2,2.1,New Zealand,Sri Lanka,RH Priest,SW Bates,KDU Prabodhani,1,0,,,,,,,,,
1085945,2017,2017-06-24,County Ground,2,2.2,New Zealand,Sri Lanka,SW Bates,RH Priest,KDU Prabodhani,4,0,,,,,,,,,
1085945,2017,2017-06-24,County Ground,2,2.3,New Zealand,Sri Lanka,SW Bates,RH Priest,KDU Prabodhani,1,0,,,,,,,,,
1085945,2017,2017-06-24,County Ground,2,2.4,New Zealand,Sri Lanka,RH Priest,SW Bates,KDU Prabodhani,0,0,,,,,,,,,
1085945,2017,2017-06-24,County Ground,2,2.5,New Zealand,Sri Lanka,RH Priest,SW Bates,KDU Prabodhani,0,0,,,,,,,,,
1085945,2017,2017-06-24,County Ground,2,2.6,New Zealand,Sri Lanka,RH Priest,SW Bates,KDU Prabodhani,0,0,,,,,,,,,
1085945,2017,2017-06-24,County Ground,2,3.1,New Zealand,Sri Lanka,SW Bates,RH Priest,HHC Gunaratne,1,0,,,,,,,,,
1085945,2017,2017-06-24,County Ground,2,3.2,New Zealand,Sri Lanka,RH Priest,SW Bates,HHC Gunaratne,0,0,,,,,,,,,
1085945,2017,2017-06-24,County Ground,2,3.3,New Zealand,Sri Lanka,RH Priest,SW Bates,HHC Gunaratne,0,0,,,,,,,,,
1085945,2017,2017-06-24,County Ground,2,3.4,New Zealand,Sri Lanka,RH Priest,SW Bates,HHC Gunaratne,1,0,,,,,,,,,
1085945,2017,2017-06-24,County Ground,2,3.5,New Zealand,Sri Lanka,SW Bates,RH Priest,HHC Gunaratne,0,0,,,,,,,,,
1085945,2017,2017-06-24,County Ground,2,3.6,New Zealand,Sri Lanka,SW Bates,RH Priest,HHC Gunaratne,1,0,,,,,,,,,
1085945,2017,2017-06-24,County Ground,2,4.1,New Zealand,Sri Lanka,SW Bates,RH Priest,KDU Prabodhani,0,0,,,,,,,,,
1085945,2017,2017-06-24,County Ground,2,4.2,New Zealand,Sri Lanka,SW Bates,RH Priest,KDU Prabodhani,0,0,,,,,,,,,
1085945,2017,2017-06-24,County Ground,2,4.3,New Zealand,Sri Lanka,SW Bates,RH Priest,KDU Prabodhani,0,0,,,,,,,,,
1085945,2017,2017-06-24,County Ground,2,4.4,New Zealand,Sri Lanka,SW Bates,RH Priest,KDU Prabodhani,0,0,,,,,,,,,
1085945,2017,2017-06-24,County Ground,2,4.5,New Zealand,Sri Lanka,SW Bates,RH Priest,KDU Prabodhani,1,0,,,,,,,,,
1085945,2017,2017-06-24,County Ground,2,4.6,New Zealand,Sri Lanka,RH Priest,SW Bates,KDU Prabodhani,0,0,,,,,,,,,
1085945,2017,2017-06-24,County Ground,2,5.1,New Zealand,Sri Lanka,SW Bates,RH Priest,HHC Gunaratne,1,0,,,,,,,,,
1085945,2017,2017-06-24,County Ground,2,5.2,New Zealand,Sri Lanka,RH Priest,SW Bates,HHC Gunaratne,0,0,,,,,,,,,
1085945,2017,2017-06-24,County Ground,2,5.3,New Zealand,Sri Lanka,RH Priest,SW Bates,HHC Gunaratne,0,1,1,,,,,,,,
1085945,2017,2017-06-24,County Ground,2,5.4,New Zealand,Sri Lanka,RH Priest,SW Bates,HHC Gunaratne,0,0,,,,,,lbw,RH Priest,,
1085945,2017,2017-06-24,County Ground,2,5.5,New Zealand,Sri Lanka,AE Satterthwaite,SW Bates,HHC Gunaratne,0,0,,,,,,,,,
1085945,2017,2017-06-24,County Ground,2,5.6,New Zealand,Sri Lanka,AE Satterthwaite,SW Bates,HHC Gunaratne,1,0,,,,,,,,,
1085945,2017,2017-06-24,County Ground,2,5.7,New Zealand,Sri Lanka,SW Bates,AE Satterthwaite,HHC Gunaratne,4,0,,,,,,,,,
1085945,2017,2017-06-24,County Ground,2,6.1,New Zealand,Sri Lanka,AE Satterthwaite,SW Bates,KDU Prabodhani,0,0,,,,,,,,,
1085945,2017,2017-06-24,County Ground,2,6.2,New Zealand,Sri Lanka,AE Satterthwaite,SW Bates,KDU Prabodhani,0,0,,,,,,,,,
1085945,2017,2017-06-24,County Ground,2,6.3,New Zealand,Sri Lanka,AE Satterthwaite,SW Bates,KDU Prabodhani,4,0,,,,,,,,,
1085945,2017,2017-06-24,County Ground,2,6.4,New Zealand,Sri Lanka,AE Satterthwaite,SW Bates,KDU Prabodhani,0,0,,,,,,,,,
1085945,2017,2017-06-24,County Ground,2,6.5,New Zealand,Sri Lanka,AE Satterthwaite,SW Bates,KDU Prabodhani,0,0,,,,,,,,,
1085945,2017,2017-06-24,County Ground,2,6.6,New Zealand,Sri Lanka,AE Satterthwaite,SW Bates,KDU Prabodhani,1,0,,,,,,,,,
1085945,2017,2017-06-24,County Ground,2,7.1,New Zealand,Sri Lanka,AE Satterthwaite,SW Bates,HHC Gunaratne,0,0,,,,,,,,,
1085945,2017,2017-06-24,County Ground,2,7.2,New Zealand,Sri Lanka,AE Satterthwaite,SW Bates,HHC Gunaratne,0,0,,,,,,,,,
1085945,2017,2017-06-24,County Ground,2,7.3,New Zealand,Sri Lanka,AE Satterthwaite,SW Bates,HHC Gunaratne,1,0,,,,,,,,,
1085945,2017,2017-06-24,County Ground,2,7.4,New Zealand,Sri Lanka,SW Bates,AE Satterthwaite,HHC Gunaratne,0,0,,,,,,,,,
1085945,2017,2017-06-24,County Ground,2,7.5,New Zealand,Sri Lanka,SW Bates,AE Satterthwaite,HHC Gunaratne,4,0,,,,,,,,,
1085945,2017,2017-06-24,County Ground,2,7.6,New Zealand,Sri Lanka,SW Bates,AE Satterthwaite,HHC Gunaratne,1,0,,,,,,,,,
1085945,2017,2017-06-24,County Ground,2,8.1,New Zealand,Sri Lanka,SW Bates,AE Satterthwaite,KDU Prabodhani,0,0,,,,,,,,,
1085945,2017,2017-06-24,County Ground,2,8.2,New Zealand,Sri Lanka,SW Bates,AE Satterthwaite,KDU Prabodhani,1,0,,,,,,,,,
1085945,2017,2017-06-24,County Ground,2,8.3,New Zealand,Sri Lanka,AE Satterthwaite,SW Bates,KDU Prabodhani,0,0,,,,,,,,,
1085945,2017,2017-06-24,County Ground,2,8.4,New Zealand,Sri Lanka,AE Satterthwaite,SW Bates,KDU Prabodhani,0,0,,,,,,,,,
1085945,2017,2017-06-24,County Ground,2,8.5,New Zealand,Sri Lanka,AE Satterthwaite,SW Bates,KDU Prabodhani,4,0,,,,,,,,,
1085945,2017,2017-06-24,County Ground,2,8.6,New Zealand,Sri Lanka,AE Satterthwaite,SW Bates,KDU Prabodhani,4,0,,,,,,,,,
1085945,2017,2017-06-24,County Ground,2,9.1,New Zealand,Sri Lanka,SW Bates,AE Satterthwaite,HHC Gunaratne,0,0,,,,,,,,,
1085945,2017,2017-06-24,County Ground,2,9.2,New Zealand,Sri Lanka,SW Bates,AE Satterthwaite,HHC Gunaratne,1,0,,,,,,,,,
1085945,2017,2017-06-24,County Ground,2,9.3,New Zealand,Sri Lanka,AE Satterthwaite,SW Bates,HHC Gunaratne,0,0,,,,,,,,,
1085945,2017,2017-06-24,County Ground,2,9.4,New Zealand,Sri Lanka,AE Satterthwaite,SW Bates,HHC Gunaratne,0,0,,,,,,,,,
1085945,2017,2017-06-24,County Ground,2,9.5,New Zealand,Sri Lanka,AE Satterthwaite,SW Bates,HHC Gunaratne,0,0,,,,,,,,,
1085945,2017,2017-06-24,County Ground,2,9.6,New Zealand,Sri Lanka,AE Satterthwaite,SW Bates,HHC Gunaratne,1,0,,,,,,,,,
1085945,2017,2017-06-24,County Ground,2,10.1,New Zealand,Sri Lanka,AE Satterthwaite,SW Bates,KDU Prabodhani,0,0,,,,,,,,,
1085945,2017,2017-06-24,County Ground,2,10.2,New Zealand,Sri Lanka,AE Satterthwaite,SW Bates,KDU Prabodhani,1,0,,,,,,,,,
1085945,2017,2017-06-24,County Ground,2,10.3,New Zealand,Sri Lanka,SW Bates,AE Satterthwaite,KDU Prabodhani,1,0,,,,,,,,,
1085945,2017,2017-06-24,County Ground,2,10.4,New Zealand,Sri Lanka,AE Satterthwaite,SW Bates,KDU Prabodhani,0,0,,,,,,,,,
1085945,2017,2017-06-24,County Ground,2,10.5,New Zealand,Sri Lanka,AE Satterthwaite,SW Bates,KDU Prabodhani,0,0,,,,,,,,,
1085945,2017,2017-06-24,County Ground,2,10.6,New Zealand,Sri Lanka,AE Satterthwaite,SW Bates,KDU Prabodhani,0,0,,,,,,,,,
1085945,2017,2017-06-24,County Ground,2,11.1,New Zealand,Sri Lanka,SW Bates,AE Satterthwaite,HASD Siriwardene,0,0,,,,,,,,,
1085945,2017,2017-06-24,County Ground,2,11.2,New Zealand,Sri Lanka,SW Bates,AE Satterthwaite,HASD Siriwardene,1,0,,,,,,,,,
1085945,2017,2017-06-24,County Ground,2,11.3,New Zealand,Sri Lanka,AE Satterthwaite,SW Bates,HASD Siriwardene,0,0,,,,,,,,,
1085945,2017,2017-06-24,County Ground,2,11.4,New Zealand,Sri Lanka,AE Satterthwaite,SW Bates,HASD Siriwardene,0,0,,,,,,,,,
1085945,2017,2017-06-24,County Ground,2,11.5,New Zealand,Sri Lanka,AE Satterthwaite,SW Bates,HASD Siriwardene,0,0,,,,,,,,,
1085945,2017,2017-06-24,County Ground,2,11.6,New Zealand,Sri Lanka,AE Satterthwaite,SW Bates,HASD Siriwardene,4,0,,,,,,,,,
1085945,2017,2017-06-24,County Ground,2,12.1,New Zealand,Sri Lanka,SW Bates,AE Satterthwaite,KDU Prabodhani,0,0,,,,,,,,,
1085945,2017,2017-06-24,County Ground,2,12.2,New Zealand,Sri Lanka,SW Bates,AE Satterthwaite,KDU Prabodhani,0,0,,,,,,,,,
1085945,2017,2017-06-24,County Ground,2,12.3,New Zealand,Sri Lanka,SW Bates,AE Satterthwaite,KDU Prabodhani,0,0,,,,,,,,,
1085945,2017,2017-06-24,County Ground,2,12.4,New Zealand,Sri Lanka,SW Bates,AE Satterthwaite,KDU Prabodhani,1,0,,,,,,,,,
1085945,2017,2017-06-24,County Ground,2,12.5,New Zealand,Sri Lanka,AE Satterthwaite,SW Bates,KDU Prabodhani,0,0,,,,,,,,,
1085945,2017,2017-06-24,County Ground,2,12.6,New Zealand,Sri Lanka,AE Satterthwaite,SW Bates,KDU Prabodhani,0,0,,,,,,,,,
1085945,2017,2017-06-24,County Ground,2,13.1,New Zealand,Sri Lanka,SW Bates,AE Satterthwaite,HASD Siriwardene,0,1,,,,1,,,,,
1085945,2017,2017-06-24,County Ground,2,13.2,New Zealand,Sri Lanka,AE Satterthwaite,SW Bates,HASD Siriwardene,0,0,,,,,,,,,
1085945,2017,2017-06-24,County Ground,2,13.3,New Zealand,Sri Lanka,AE Satterthwaite,SW Bates,HASD Siriwardene,2,0,,,,,,,,,
1085945,2017,2017-06-24,County Ground,2,13.4,New Zealand,Sri Lanka,AE Satterthwaite,SW Bates,HASD Siriwardene,0,0,,,,,,,,,
1085945,2017,2017-06-24,County Ground,2,13.5,New Zealand,Sri Lanka,AE Satterthwaite,SW Bates,HASD Siriwardene,1,0,,,,,,,,,
1085945,2017,2017-06-24,County Ground,2,13.6,New Zealand,Sri Lanka,SW Bates,AE Satterthwaite,HASD Siriwardene,1,0,,,,,,,,,
1085945,2017,2017-06-24,County Ground,2,14.1,New Zealand,Sri Lanka,SW Bates,AE Satterthwaite,SS Weerakkody,2,0,,,,,,,,,
1085945,2017,2017-06-24,County Ground,2,14.2,New Zealand,Sri Lanka,SW Bates,AE Satterthwaite,SS Weerakkody,1,0,,,,,,,,,
1085945,2017,2017-06-24,County Ground,2,14.3,New Zealand,Sri Lanka,AE Satterthwaite,SW Bates,SS Weerakkody,0,0,,,,,,,,,
1085945,2017,2017-06-24,County Ground,2,14.4,New Zealand,Sri Lanka,AE Satterthwaite,SW Bates,SS Weerakkody,0,0,,,,,,,,,
1085945,2017,2017-06-24,County Ground,2,14.5,New Zealand,Sri Lanka,AE Satterthwaite,SW Bates,SS Weerakkody,0,0,,,,,,,,,
1085945,2017,2017-06-24,County Ground,2,14.6,New Zealand,Sri Lanka,AE Satterthwaite,SW Bates,SS Weerakkody,0,0,,,,,,,,,
1085945,2017,2017-06-24,County Ground,2,15.1,New Zealand,Sri Lanka,SW Bates,AE Satterthwaite,HASD Siriwardene,1,0,,,,,,,,,
1085945,2017,2017-06-24,County Ground,2,15.2,New Zealand,Sri Lanka,AE Satterthwaite,SW Bates,HASD Siriwardene,1,0,,,,,,,,,
1085945,2017,2017-06-24,County Ground,2,15.3,New Zealand,Sri Lanka,SW Bates,AE Satterthwaite,HASD Siriwardene,2,0,,,,,,,,,
1085945,2017,2017-06-24,County Ground,2,15.4,New Zealand,Sri Lanka,SW Bates,AE Satterthwaite,HASD Siriwardene,4,0,,,,,,,,,
1085945,2017,2017-06-24,County Ground,2,15.5,New Zealand,Sri Lanka,SW Bates,AE Satterthwaite,HASD Siriwardene,0,0,,,,,,,,,
1085945,2017,2017-06-24,County Ground,2,15.6,New Zealand,Sri Lanka,SW Bates,AE Satterthwaite,HASD Siriwardene,4,0,,,,,,,,,
1085945,2017,2017-06-24,County Ground,2,16.1,New Zealand,Sri Lanka,AE Satterthwaite,SW Bates,SS Weerakkody,0,0,,,,,,,,,
1085945,2017,2017-06-24,County Ground,2,16.2,New Zealand,Sri Lanka,AE Satterthwaite,SW Bates,SS Weerakkody,1,0,,,,,,,,,
1085945,2017,2017-06-24,County Ground,2,16.3,New Zealand,Sri Lanka,SW Bates,AE Satterthwaite,SS Weerakkody,0,0,,,,,,,,,
1085945,2017,2017-06-24,County Ground,2,16.4,New Zealand,Sri Lanka,SW Bates,AE Satterthwaite,SS Weerakkody,1,0,,,,,,,,,
1085945,2017,2017-06-24,County Ground,2,16.5,New Zealand,Sri Lanka,AE Satterthwaite,SW Bates,SS Weerakkody,0,0,,,,,,,,,
1085945,2017,2017-06-24,County Ground,2,16.6,New Zealand,Sri Lanka,AE Satterthwaite,SW Bates,SS Weerakkody,1,0,,,,,,,,,
1085945,2017,2017-06-24,County Ground,2,17.1,New Zealand,Sri Lanka,AE Satterthwaite,SW Bates,I Ranaweera,4,0,,,,,,,,,
1085945,2017,2017-06-24,County Ground,2,17.2,New Zealand,Sri Lanka,AE Satterthwaite,SW Bates,I Ranaweera,0,0,,,,,,,,,
1085945,2017,2017-06-24,County Ground,2,17.3,New Zealand,Sri Lanka,AE Satterthwaite,SW Bates,I Ranaweera,0,0,,,,,,,,,
1085945,2017,2017-06-24,County Ground,2,17.4,New Zealand,Sri Lanka,AE Satterthwaite,SW Bates,I Ranaweera,0,0,,,,,,,,,
1085945,2017,2017-06-24,County Ground,2,17.5,New Zealand,Sri Lanka,AE Satterthwaite,SW Bates,I Ranaweera,1,0,,,,,,,,,
1085945,2017,2017-06-24,County Ground,2,17.6,New Zealand,Sri Lanka,SW Bates,AE Satterthwaite,I Ranaweera,0,0,,,,,,,,,
1085945,2017,2017-06-24,County Ground,2,18.1,New Zealand,Sri Lanka,AE Satterthwaite,SW Bates,SS Weerakkody,0,0,,,,,,,,,
1085945,2017,2017-06-24,County Ground,2,18.2,New Zealand,Sri Lanka,AE Satterthwaite,SW Bates,SS Weerakkody,1,0,,,,,,,,,
1085945,2017,2017-06-24,County Ground,2,18.3,New Zealand,Sri Lanka,SW Bates,AE Satterthwaite,SS Weerakkody,0,0,,,,,,,,,
1085945,2017,2017-06-24,County Ground,2,18.4,New Zealand,Sri Lanka,SW Bates,AE Satterthwaite,SS Weerakkody,0,0,,,,,,,,,
1085945,2017,2017-06-24,County Ground,2,18.5,New Zealand,Sri Lanka,SW Bates,AE Satterthwaite,SS Weerakkody,0,0,,,,,,,,,
1085945,2017,2017-06-24,County Ground,2,18.6,New Zealand,Sri Lanka,SW Bates,AE Satterthwaite,SS Weerakkody,0,0,,,,,,,,,
1085945,2017,2017-06-24,County Ground,2,19.1,New Zealand,Sri Lanka,AE Satterthwaite,SW Bates,I Ranaweera,1,0,,,,,,,,,
1085945,2017,2017-06-24,County Ground,2,19.2,New Zealand,Sri Lanka,SW Bates,AE Satterthwaite,I Ranaweera,0,0,,,,,,,,,
1085945,2017,2017-06-24,County Ground,2,19.3,New Zealand,Sri Lanka,SW Bates,AE Satterthwaite,I Ranaweera,0,0,,,,,,,,,
1085945,2017,2017-06-24,County Ground,2,19.4,New Zealand,Sri Lanka,SW Bates,AE Satterthwaite,I Ranaweera,0,0,,,,,,,,,
1085945,2017,2017-06-24,County Ground,2,19.5,New Zealand,Sri Lanka,SW Bates,AE Satterthwaite,I Ranaweera,0,0,,,,,,,,,
1085945,2017,2017-06-24,County Ground,2,19.6,New Zealand,Sri Lanka,SW Bates,AE Satterthwaite,I Ranaweera,0,0,,,,,,,,,
1085945,2017,2017-06-24,County Ground,2,20.1,New Zealand,Sri Lanka,AE Satterthwaite,SW Bates,SS Weerakkody,0,0,,,,,,,,,
1085945,2017,2017-06-24,County Ground,2,20.2,New Zealand,Sri Lanka,AE Satterthwaite,SW Bates,SS Weerakkody,0,0,,,,,,,,,
1085945,2017,2017-06-24,County Ground,2,20.3,New Zealand,Sri Lanka,AE Satterthwaite,SW Bates,SS Weerakkody,1,0,,,,,,,,,
1085945,2017,2017-06-24,County Ground,2,20.4,New Zealand,Sri Lanka,SW Bates,AE Satterthwaite,SS Weerakkody,0,0,,,,,,,,,
1085945,2017,2017-06-24,County Ground,2,20.5,New Zealand,Sri Lanka,SW Bates,AE Satterthwaite,SS Weerakkody,1,0,,,,,,,,,
1085945,2017,2017-06-24,County Ground,2,20.6,New Zealand,Sri Lanka,AE Satterthwaite,SW Bates,SS Weerakkody,0,0,,,,,,,,,
1085945,2017,2017-06-24,County Ground,2,21.1,New Zealand,Sri Lanka,SW Bates,AE Satterthwaite,I Ranaweera,1,0,,,,,,,,,
1085945,2017,2017-06-24,County Ground,2,21.2,New Zealand,Sri Lanka,AE Satterthwaite,SW Bates,I Ranaweera,0,0,,,,,,,,,
1085945,2017,2017-06-24,County Ground,2,21.3,New Zealand,Sri Lanka,AE Satterthwaite,SW Bates,I Ranaweera,3,0,,,,,,,,,
1085945,2017,2017-06-24,County Ground,2,21.4,New Zealand,Sri Lanka,SW Bates,AE Satterthwaite,I Ranaweera,6,0,,,,,,,,,
1085945,2017,2017-06-24,County Ground,2,21.5,New Zealand,Sri Lanka,SW Bates,AE Satterthwaite,I Ranaweera,0,0,,,,,,,,,
1085945,2017,2017-06-24,County Ground,2,21.6,New Zealand,Sri Lanka,SW Bates,AE Satterthwaite,I Ranaweera,0,0,,,,,,,,,
1085945,2017,2017-06-24,County Ground,2,22.1,New Zealand,Sri Lanka,AE Satterthwaite,SW Bates,SS Weerakkody,0,0,,,,,,,,,
1085945,2017,2017-06-24,County Ground,2,22.2,New Zealand,Sri Lanka,AE Satterthwaite,SW Bates,SS Weerakkody,3,0,,,,,,,,,
1085945,2017,2017-06-24,County Ground,2,22.3,New Zealand,Sri Lanka,SW Bates,AE Satterthwaite,SS Weerakkody,1,0,,,,,,,,,
1085945,2017,2017-06-24,County Ground,2,22.4,New Zealand,Sri Lanka,AE Satterthwaite,SW Bates,SS Weerakkody,1,0,,,,,,,,,
1085945,2017,2017-06-24,County Ground,2,22.5,New Zealand,Sri Lanka,SW Bates,AE Satterthwaite,SS Weerakkody,0,0,,,,,,,,,
1085945,2017,2017-06-24,County Ground,2,22.6,New Zealand,Sri Lanka,SW Bates,AE Satterthwaite,SS Weerakkody,0,0,,,,,,,,,
1085945,2017,2017-06-24,County Ground,2,23.1,New Zealand,Sri Lanka,AE Satterthwaite,SW Bates,I Ranaweera,4,0,,,,,,,,,
1085945,2017,2017-06-24,County Ground,2,23.2,New Zealand,Sri Lanka,AE Satterthwaite,SW Bates,I Ranaweera,1,0,,,,,,,,,
1085945,2017,2017-06-24,County Ground,2,23.3,New Zealand,Sri Lanka,SW Bates,AE Satterthwaite,I Ranaweera,0,0,,,,,,,,,
1085945,2017,2017-06-24,County Ground,2,23.4,New Zealand,Sri Lanka,SW Bates,AE Satterthwaite,I Ranaweera,1,0,,,,,,,,,
1085945,2017,2017-06-24,County Ground,2,23.5,New Zealand,Sri Lanka,AE Satterthwaite,SW Bates,I Ranaweera,1,0,,,,,,,,,
1085945,2017,2017-06-24,County Ground,2,23.6,New Zealand,Sri Lanka,SW Bates,AE Satterthwaite,I Ranaweera,1,0,,,,,,,,,
1085945,2017,2017-06-24,County Ground,2,24.1,New Zealand,Sri Lanka,SW Bates,AE Satterthwaite,SS Weerakkody,0,0,,,,,,,,,
1085945,2017,2017-06-24,County Ground,2,24.2,New Zealand,Sri Lanka,SW Bates,AE Satterthwaite,SS Weerakkody,0,0,,,,,,,,,
1085945,2017,2017-06-24,County Ground,2,24.3,New Zealand,Sri Lanka,SW Bates,AE Satterthwaite,SS Weerakkody,1,0,,,,,,,,,
1085945,2017,2017-06-24,County Ground,2,24.4,New Zealand,Sri Lanka,AE Satterthwaite,SW Bates,SS Weerakkody,0,0,,,,,,,,,
1085945,2017,2017-06-24,County Ground,2,24.5,New Zealand,Sri Lanka,AE Satterthwaite,SW Bates,SS Weerakkody,1,0,,,,,,,,,
1085945,2017,2017-06-24,County Ground,2,24.6,New Zealand,Sri Lanka,SW Bates,AE Satterthwaite,SS Weerakkody,1,0,,,,,,,,,
1085945,2017,2017-06-24,County Ground,2,25.1,New Zealand,Sri Lanka,SW Bates,AE Satterthwaite,AC Jayangani,2,0,,,,,,,,,
1085945,2017,2017-06-24,County Ground,2,25.2,New Zealand,Sri Lanka,SW Bates,AE Satterthwaite,AC Jayangani,1,0,,,,,,,,,
1085945,2017,2017-06-24,County Ground,2,25.3,New Zealand,Sri Lanka,AE Satterthwaite,SW Bates,AC Jayangani,1,0,,,,,,,,,
1085945,2017,2017-06-24,County Ground,2,25.4,New Zealand,Sri Lanka,SW Bates,AE Satterthwaite,AC Jayangani,1,0,,,,,,,,,
1085945,2017,2017-06-24,County Ground,2,25.5,New Zealand,Sri Lanka,AE Satterthwaite,SW Bates,AC Jayangani,1,0,,,,,,,,,
1085945,2017,2017-06-24,County Ground,2,25.6,New Zealand,Sri Lanka,SW Bates,AE Satterthwaite,AC Jayangani,0,0,,,,,,,,,
1085945,2017,2017-06-24,County Ground,2,26.1,New Zealand,Sri Lanka,AE Satterthwaite,SW Bates,HASD Siriwardene,1,0,,,,,,,,,
1085945,2017,2017-06-24,County Ground,2,26.2,New Zealand,Sri Lanka,SW Bates,AE Satterthwaite,HASD Siriwardene,2,0,,,,,,,,,
1085945,2017,2017-06-24,County Ground,2,26.3,New Zealand,Sri Lanka,SW Bates,AE Satterthwaite,HASD Siriwardene,1,0,,,,,,,,,
1085945,2017,2017-06-24,County Ground,2,26.4,New Zealand,Sri Lanka,AE Satterthwaite,SW Bates,HASD Siriwardene,3,0,,,,,,,,,
1085945,2017,2017-06-24,County Ground,2,26.5,New Zealand,Sri Lanka,SW Bates,AE Satterthwaite,HASD Siriwardene,1,0,,,,,,,,,
1085945,2017,2017-06-24,County Ground,2,26.6,New Zealand,Sri Lanka,AE Satterthwaite,SW Bates,HASD Siriwardene,2,0,,,,,,,,,
1085945,2017,2017-06-24,County Ground,2,27.1,New Zealand,Sri Lanka,SW Bates,AE Satterthwaite,AC Jayangani,0,0,,,,,,,,,
1085945,2017,2017-06-24,County Ground,2,27.2,New Zealand,Sri Lanka,SW Bates,AE Satterthwaite,AC Jayangani,0,0,,,,,,,,,
1085945,2017,2017-06-24,County Ground,2,27.3,New Zealand,Sri Lanka,SW Bates,AE Satterthwaite,AC Jayangani,1,0,,,,,,,,,
1085945,2017,2017-06-24,County Ground,2,27.4,New Zealand,Sri Lanka,AE Satterthwaite,SW Bates,AC Jayangani,1,0,,,,,,,,,
1085945,2017,2017-06-24,County Ground,2,27.5,New Zealand,Sri Lanka,SW Bates,AE Satterthwaite,AC Jayangani,0,0,,,,,,,,,
1085945,2017,2017-06-24,County Ground,2,27.6,New Zealand,Sri Lanka,SW Bates,AE Satterthwaite,AC Jayangani,0,0,,,,,,,,,
1085945,2017,2017-06-24,County Ground,2,28.1,New Zealand,Sri Lanka,AE Satterthwaite,SW Bates,HASD Siriwardene,0,0,,,,,,,,,
1085945,2017,2017-06-24,County Ground,2,28.2,New Zealand,Sri Lanka,AE Satterthwaite,SW Bates,HASD Siriwardene,0,0,,,,,,,,,
1085945,2017,2017-06-24,County Ground,2,28.3,New Zealand,Sri Lanka,AE Satterthwaite,SW Bates,HASD Siriwardene,0,0,,,,,,,,,
1085945,2017,2017-06-24,County Ground,2,28.4,New Zealand,Sri Lanka,AE Satterthwaite,SW Bates,HASD Siriwardene,0,0,,,,,,,,,
1085945,2017,2017-06-24,County Ground,2,28.5,New Zealand,Sri Lanka,AE Satterthwaite,SW Bates,HASD Siriwardene,1,0,,,,,,,,,
1085945,2017,2017-06-24,County Ground,2,28.6,New Zealand,Sri Lanka,SW Bates,AE Satterthwaite,HASD Siriwardene,1,0,,,,,,,,,
1085945,2017,2017-06-24,County Ground,2,29.1,New Zealand,Sri Lanka,SW Bates,AE Satterthwaite,AC Jayangani,1,0,,,,,,,,,
1085945,2017,2017-06-24,County Ground,2,29.2,New Zealand,Sri Lanka,AE Satterthwaite,SW Bates,AC Jayangani,0,1,1,,,,,,,,
1085945,2017,2017-06-24,County Ground,2,29.3,New Zealand,Sri Lanka,AE Satterthwaite,SW Bates,AC Jayangani,2,0,,,,,,,,,
1085945,2017,2017-06-24,County Ground,2,29.4,New Zealand,Sri Lanka,AE Satterthwaite,SW Bates,AC Jayangani,1,0,,,,,,,,,
1085945,2017,2017-06-24,County Ground,2,29.5,New Zealand,Sri Lanka,SW Bates,AE Satterthwaite,AC Jayangani,0,0,,,,,,,,,
1085945,2017,2017-06-24,County Ground,2,29.6,New Zealand,Sri Lanka,SW Bates,AE Satterthwaite,AC Jayangani,1,0,,,,,,,,,
1085945,2017,2017-06-24,County Ground,2,29.7,New Zealand,Sri Lanka,AE Satterthwaite,SW Bates,AC Jayangani,0,0,,,,,,,,,
1085945,2017,2017-06-24,County Ground,2,30.1,New Zealand,Sri Lanka,SW Bates,AE Satterthwaite,PRCS Kumarihami,2,0,,,,,,,,,
1085945,2017,2017-06-24,County Ground,2,30.2,New Zealand,Sri Lanka,SW Bates,AE Satterthwaite,PRCS Kumarihami,0,0,,,,,,,,,
1085945,2017,2017-06-24,County Ground,2,30.3,New Zealand,Sri Lanka,SW Bates,AE Satterthwaite,PRCS Kumarihami,1,0,,,,,,,,,
1085945,2017,2017-06-24,County Ground,2,30.4,New Zealand,Sri Lanka,AE Satterthwaite,SW Bates,PRCS Kumarihami,0,0,,,,,,,,,
1085945,2017,2017-06-24,County Ground,2,30.5,New Zealand,Sri Lanka,AE Satterthwaite,SW Bates,PRCS Kumarihami,0,0,,,,,,,,,
1085945,2017,2017-06-24,County Ground,2,30.6,New Zealand,Sri Lanka,AE Satterthwaite,SW Bates,PRCS Kumarihami,1,0,,,,,,,,,
1085945,2017,2017-06-24,County Ground,2,31.1,New Zealand,Sri Lanka,AE Satterthwaite,SW Bates,AC Jayangani,4,0,,,,,,,,,
1085945,2017,2017-06-24,County Ground,2,31.2,New Zealand,Sri Lanka,AE Satterthwaite,SW Bates,AC Jayangani,1,0,,,,,,,,,
1085945,2017,2017-06-24,County Ground,2,31.3,New Zealand,Sri Lanka,SW Bates,AE Satterthwaite,AC Jayangani,4,0,,,,,,,,,
1085945,2017,2017-06-24,County Ground,2,31.4,New Zealand,Sri Lanka,SW Bates,AE Satterthwaite,AC Jayangani,4,0,,,,,,,,,
1085945,2017,2017-06-24,County Ground,2,31.5,New Zealand,Sri Lanka,SW Bates,AE Satterthwaite,AC Jayangani,0,0,,,,,,,,,
1085945,2017,2017-06-24,County Ground,2,31.6,New Zealand,Sri Lanka,SW Bates,AE Satterthwaite,AC Jayangani,0,0,,,,,,,,,
1085945,2017,2017-06-24,County Ground,2,32.1,New Zealand,Sri Lanka,AE Satterthwaite,SW Bates,PRCS Kumarihami,0,0,,,,,,,,,
1085945,2017,2017-06-24,County Ground,2,32.2,New Zealand,Sri Lanka,AE Satterthwaite,SW Bates,PRCS Kumarihami,0,0,,,,,,,,,
1085945,2017,2017-06-24,County Ground,2,32.3,New Zealand,Sri Lanka,AE Satterthwaite,SW Bates,PRCS Kumarihami,1,0,,,,,,,,,
1085945,2017,2017-06-24,County Ground,2,32.4,New Zealand,Sri Lanka,SW Bates,AE Satterthwaite,PRCS Kumarihami,1,0,,,,,,,,,
1085945,2017,2017-06-24,County Ground,2,32.5,New Zealand,Sri Lanka,AE Satterthwaite,SW Bates,PRCS Kumarihami,0,0,,,,,,,,,
1085945,2017,2017-06-24,County Ground,2,32.6,New Zealand,Sri Lanka,AE Satterthwaite,SW Bates,PRCS Kumarihami,1,0,,,,,,,,,
1085945,2017,2017-06-24,County Ground,2,33.1,New Zealand,Sri Lanka,AE Satterthwaite,SW Bates,LE Kaushalya,0,0,,,,,,,,,
1085945,2017,2017-06-24,County Ground,2,33.2,New Zealand,Sri Lanka,AE Satterthwaite,SW Bates,LE Kaushalya,0,0,,,,,,,,,
1085945,2017,2017-06-24,County Ground,2,33.3,New Zealand,Sri Lanka,AE Satterthwaite,SW Bates,LE Kaushalya,2,0,,,,,,,,,
1085945,2017,2017-06-24,County Ground,2,33.4,New Zealand,Sri Lanka,AE Satterthwaite,SW Bates,LE Kaushalya,1,0,,,,,,,,,
1085945,2017,2017-06-24,County Ground,2,33.5,New Zealand,Sri Lanka,SW Bates,AE Satterthwaite,LE Kaushalya,1,0,,,,,,,,,
1085945,2017,2017-06-24,County Ground,2,33.6,New Zealand,Sri Lanka,AE Satterthwaite,SW Bates,LE Kaushalya,0,0,,,,,,,,,
1085945,2017,2017-06-24,County Ground,2,34.1,New Zealand,Sri Lanka,SW Bates,AE Satterthwaite,PRCS Kumarihami,4,0,,,,,,,,,
1085945,2017,2017-06-24,County Ground,2,34.2,New Zealand,Sri Lanka,SW Bates,AE Satterthwaite,PRCS Kumarihami,2,0,,,,,,,,,
1085945,2017,2017-06-24,County Ground,2,34.3,New Zealand,Sri Lanka,SW Bates,AE Satterthwaite,PRCS Kumarihami,0,0,,,,,,,,,
1085945,2017,2017-06-24,County Ground,2,34.4,New Zealand,Sri Lanka,SW Bates,AE Satterthwaite,PRCS Kumarihami,1,0,,,,,,,,,
1085945,2017,2017-06-24,County Ground,2,34.5,New Zealand,Sri Lanka,AE Satterthwaite,SW Bates,PRCS Kumarihami,0,0,,,,,,,,,
1085945,2017,2017-06-24,County Ground,2,34.6,New Zealand,Sri Lanka,AE Satterthwaite,SW Bates,PRCS Kumarihami,1,0,,,,,,,,,
1085945,2017,2017-06-24,County Ground,2,35.1,New Zealand,Sri Lanka,AE Satterthwaite,SW Bates,LE Kaushalya,1,0,,,,,,,,,
1085945,2017,2017-06-24,County Ground,2,35.2,New Zealand,Sri Lanka,SW Bates,AE Satterthwaite,LE Kaushalya,1,0,,,,,,,,,
1085945,2017,2017-06-24,County Ground,2,35.3,New Zealand,Sri Lanka,AE Satterthwaite,SW Bates,LE Kaushalya,1,0,,,,,,,,,
1085945,2017,2017-06-24,County Ground,2,35.4,New Zealand,Sri Lanka,SW Bates,AE Satterthwaite,LE Kaushalya,4,0,,,,,,,,,
1085945,2017,2017-06-24,County Ground,2,35.5,New Zealand,Sri Lanka,SW Bates,AE Satterthwaite,LE Kaushalya,1,0,,,,,,,,,
1085945,2017,2017-06-24,County Ground,2,35.6,New Zealand,Sri Lanka,AE Satterthwaite,SW Bates,LE Kaushalya,0,0,,,,,,,,,
1085945,2017,2017-06-24,County Ground,2,36.1,New Zealand,Sri Lanka,SW Bates,AE Satterthwaite,PRCS Kumarihami,1,0,,,,,,,,,
1085945,2017,2017-06-24,County Ground,2,36.2,New Zealand,Sri Lanka,AE Satterthwaite,SW Bates,PRCS Kumarihami,1,0,,,,,,,,,
1085945,2017,2017-06-24,County Ground,2,36.3,New Zealand,Sri Lanka,SW Bates,AE Satterthwaite,PRCS Kumarihami,0,0,,,,,,,,,
1085945,2017,2017-06-24,County Ground,2,36.4,New Zealand,Sri Lanka,SW Bates,AE Satterthwaite,PRCS Kumarihami,1,0,,,,,,,,,
1085945,2017,2017-06-24,County Ground,2,36.5,New Zealand,Sri Lanka,AE Satterthwaite,SW Bates,PRCS Kumarihami,0,0,,,,,,,,,
1085945,2017,2017-06-24,County Ground,2,36.6,New Zealand,Sri Lanka,AE Satterthwaite,SW Bates,PRCS Kumarihami,0,0,,,,,,,,,
1085945,2017,2017-06-24,County Ground,2,37.1,New Zealand,Sri Lanka,SW Bates,AE Satterthwaite,LE Kaushalya,1,0,,,,,,,,,
1085945,2017,2017-06-24,County Ground,2,37.2,New Zealand,Sri Lanka,AE Satterthwaite,SW Bates,LE Kaushalya,1,0,,,,,,,,,
1085945,2017,2017-06-24,County Ground,2,37.3,New Zealand,Sri Lanka,SW Bates,AE Satterthwaite,LE Kaushalya,4,0,,,,,,,,,
1085945,2017,2017-06-24,County Ground,2,37.4,New Zealand,Sri Lanka,SW Bates,AE Satterthwaite,LE Kaushalya,2,0,,,,,,,,,
