match_id,season,start_date,venue,innings,ball,batting_team,bowling_team,striker,non_striker,bowler,runs_off_bat,extras,wides,noballs,byes,legbyes,penalty,wicket_type,player_dismissed,other_wicket_type,other_player_dismissed
1085955,2017,2017-07-02,County Ground,1,0.1,India,Pakistan,PG Raut,S Mandhana,Asmavia Iqbal,0,0,,,,,,,,,
1085955,2017,2017-07-02,County Ground,1,0.2,India,Pakistan,PG Raut,S Mandhana,Asmavia Iqbal,0,0,,,,,,,,,
1085955,2017,2017-07-02,County Ground,1,0.3,India,Pakistan,PG Raut,S Mandhana,Asmavia Iqbal,0,0,,,,,,,,,
1085955,2017,2017-07-02,County Ground,1,0.4,India,Pakistan,PG Raut,S Mandhana,Asmavia Iqbal,0,0,,,,,,,,,
1085955,2017,2017-07-02,County Ground,1,0.5,India,Pakistan,PG Raut,S Mandhana,Asmavia Iqbal,2,0,,,,,,,,,
1085955,2017,2017-07-02,County Ground,1,0.6,India,Pakistan,PG Raut,S Mandhana,Asmavia Iqbal,0,0,,,,,,,,,
1085955,2017,2017-07-02,County Ground,1,1.1,India,Pakistan,S Mandhana,PG Raut,Diana Baig,0,0,,,,,,,,,
1085955,2017,2017-07-02,County Ground,1,1.2,India,Pakistan,S Mandhana,PG Raut,Diana Baig,2,0,,,,,,,,,
1085955,2017,2017-07-02,County Ground,1,1.3,India,Pakistan,S Mandhana,PG Raut,Diana Baig,0,0,,,,,,,,,
1085955,2017,2017-07-02,County Ground,1,1.4,India,Pakistan,S Mandhana,PG Raut,Diana Baig,0,0,,,,,,,,,
1085955,2017,2017-07-02,County Ground,1,1.5,India,Pakistan,S Mandhana,PG Raut,Diana Baig,0,0,,,,,,,,,
1085955,2017,2017-07-02,County Ground,1,1.6,India,Pakistan,S Mandhana,PG Raut,Diana Baig,0,0,,,,,,,,,
1085955,2017,2017-07-02,County Ground,1,2.1,India,Pakistan,PG Raut,S Mandhana,Asmavia Iqbal,0,1,1,,,,,,,,
1085955,2017,2017-07-02,County Ground,1,2.2,India,Pakistan,PG Raut,S Mandhana,Asmavia Iqbal,0,0,,,,,,,,,
1085955,2017,2017-07-02,County Ground,1,2.3,India,Pakistan,PG Raut,S Mandhana,Asmavia Iqbal,0,0,,,,,,,,,
1085955,2017,2017-07-02,County Ground,1,2.4,India,Pakistan,PG Raut,S Mandhana,Asmavia Iqbal,0,0,,,,,,,,,
1085955,2017,2017-07-02,County Ground,1,2.5,India,Pakistan,PG Raut,S Mandhana,Asmavia Iqbal,0,0,,,,,,,,,
1085955,2017,2017-07-02,County Ground,1,2.6,India,Pakistan,PG Raut,S Mandhana,Asmavia Iqbal,2,0,,,,,,,,,
1085955,2017,2017-07-02,County Ground,1,2.7,India,Pakistan,PG Raut,S Mandhana,Asmavia Iqbal,0,0,,,,,,,,,
1085955,2017,2017-07-02,County Ground,1,3.1,India,Pakistan,S Mandhana,PG Raut,Diana Baig,0,0,,,,,,,,,
1085955,2017,2017-07-02,County Ground,1,3.2,India,Pakistan,S Mandhana,PG Raut,Diana Baig,0,0,,,,,,,,,
1085955,2017,2017-07-02,County Ground,1,3.3,India,Pakistan,S Mandhana,PG Raut,Diana Baig,0,0,,,,,,lbw,S Mandhana,,
1085955,2017,2017-07-02,County Ground,1,3.4,India,Pakistan,DB Sharma,PG Raut,Diana Baig,1,0,,,,,,,,,
1085955,2017,2017-07-02,County Ground,1,3.5,India,Pakistan,PG Raut,DB Sharma,Diana Baig,0,0,,,,,,,,,
1085955,2017,2017-07-02,County Ground,1,3.6,India,Pakistan,PG Raut,DB Sharma,Diana Baig,0,0,,,,,,,,,
1085955,2017,2017-07-02,County Ground,1,4.1,India,Pakistan,DB Sharma,PG Raut,Asmavia Iqbal,0,0,,,,,,,,,
1085955,2017,2017-07-02,County Ground,1,4.2,India,Pakistan,DB Sharma,PG Raut,Asmavia Iqbal,0,0,,,,,,,,,
1085955,2017,2017-07-02,County Ground,1,4.3,India,Pakistan,DB Sharma,PG Raut,Asmavia Iqbal,0,0,,,,,,,,,
1085955,2017,2017-07-02,County Ground,1,4.4,India,Pakistan,DB Sharma,PG Raut,Asmavia Iqbal,0,1,1,,,,,,,,
1085955,2017,2017-07-02,County Ground,1,4.5,India,Pakistan,DB Sharma,PG Raut,Asmavia Iqbal,1,0,,,,,,,,,
1085955,2017,2017-07-02,County Ground,1,4.6,India,Pakistan,PG Raut,DB Sharma,Asmavia Iqbal,0,0,,,,,,,,,
1085955,2017,2017-07-02,County Ground,1,4.7,India,Pakistan,PG Raut,DB Sharma,Asmavia Iqbal,0,0,,,,,,,,,
1085955,2017,2017-07-02,County Ground,1,5.1,India,Pakistan,DB Sharma,PG Raut,Diana Baig,0,0,,,,,,,,,
1085955,2017,2017-07-02,County Ground,1,5.2,India,Pakistan,DB Sharma,PG Raut,Diana Baig,0,0,,,,,,,,,
1085955,2017,2017-07-02,County Ground,1,5.3,India,Pakistan,DB Sharma,PG Raut,Diana Baig,0,0,,,,,,,,,
1085955,2017,2017-07-02,County Ground,1,5.4,India,Pakistan,DB Sharma,PG Raut,Diana Baig,0,0,,,,,,,,,
1085955,2017,2017-07-02,County Ground,1,5.5,India,Pakistan,DB Sharma,PG Raut,Diana Baig,0,0,,,,,,,,,
1085955,2017,2017-07-02,County Ground,1,5.6,India,Pakistan,DB Sharma,PG Raut,Diana Baig,0,0,,,,,,,,,
1085955,2017,2017-07-02,County Ground,1,6.1,India,Pakistan,PG Raut,DB Sharma,Asmavia Iqbal,0,0,,,,,,,,,
1085955,2017,2017-07-02,County Ground,1,6.2,India,Pakistan,PG Raut,DB Sharma,Asmavia Iqbal,0,0,,,,,,,,,
1085955,2017,2017-07-02,County Ground,1,6.3,India,Pakistan,PG Raut,DB Sharma,Asmavia Iqbal,0,0,,,,,,,,,
1085955,2017,2017-07-02,County Ground,1,6.4,India,Pakistan,PG Raut,DB Sharma,Asmavia Iqbal,0,0,,,,,,,,,
1085955,2017,2017-07-02,County Ground,1,6.5,India,Pakistan,PG Raut,DB Sharma,Asmavia Iqbal,1,0,,,,,,,,,
1085955,2017,2017-07-02,County Ground,1,6.6,India,Pakistan,DB Sharma,PG Raut,Asmavia Iqbal,0,0,,,,,,,,,
1085955,2017,2017-07-02,County Ground,1,7.1,India,Pakistan,PG Raut,DB Sharma,Diana Baig,0,0,,,,,,,,,
1085955,2017,2017-07-02,County Ground,1,7.2,India,Pakistan,PG Raut,DB Sharma,Diana Baig,0,0,,,,,,,,,
1085955,2017,2017-07-02,County Ground,1,7.3,India,Pakistan,PG Raut,DB Sharma,Diana Baig,0,0,,,,,,,,,
1085955,2017,2017-07-02,County Ground,1,7.4,India,Pakistan,PG Raut,DB Sharma,Diana Baig,0,0,,,,,,,,,
1085955,2017,2017-07-02,County Ground,1,7.5,India,Pakistan,PG Raut,DB Sharma,Diana Baig,0,0,,,,,,,,,
1085955,2017,2017-07-02,County Ground,1,7.6,India,Pakistan,PG Raut,DB Sharma,Diana Baig,0,0,,,,,,,,,
1085955,2017,2017-07-02,County Ground,1,8.1,India,Pakistan,DB Sharma,PG Raut,Asmavia Iqbal,0,0,,,,,,,,,
1085955,2017,2017-07-02,County Ground,1,8.2,India,Pakistan,DB Sharma,PG Raut,Asmavia Iqbal,0,1,1,,,,,,,,
1085955,2017,2017-07-02,County Ground,1,8.3,India,Pakistan,DB Sharma,PG Raut,Asmavia Iqbal,0,0,,,,,,,,,
1085955,2017,2017-07-02,County Ground,1,8.4,India,Pakistan,DB Sharma,PG Raut,Asmavia Iqbal,0,0,,,,,,,,,
1085955,2017,2017-07-02,County Ground,1,8.5,India,Pakistan,DB Sharma,PG Raut,Asmavia Iqbal,0,0,,,,,,,,,
1085955,2017,2017-07-02,County Ground,1,8.6,India,Pakistan,DB Sharma,PG Raut,Asmavia Iqbal,4,0,,,,,,,,,
1085955,2017,2017-07-02,County Ground,1,8.7,India,Pakistan,DB Sharma,PG Raut,Asmavia Iqbal,1,0,,,,,,,,,
1085955,2017,2017-07-02,County Ground,1,9.1,India,Pakistan,DB Sharma,PG Raut,Diana Baig,0,0,,,,,,,,,
1085955,2017,2017-07-02,County Ground,1,9.2,India,Pakistan,DB Sharma,PG Raut,Diana Baig,0,0,,,,,,,,,
1085955,2017,2017-07-02,County Ground,1,9.3,India,Pakistan,DB Sharma,PG Raut,Diana Baig,0,0,,,,,,,,,
1085955,2017,2017-07-02,County Ground,1,9.4,India,Pakistan,DB Sharma,PG Raut,Diana Baig,0,0,,,,,,,,,
1085955,2017,2017-07-02,County Ground,1,9.5,India,Pakistan,DB Sharma,PG Raut,Diana Baig,0,0,,,,,,,,,
1085955,2017,2017-07-02,County Ground,1,9.6,India,Pakistan,DB Sharma,PG Raut,Diana Baig,0,0,,,,,,,,,
1085955,2017,2017-07-02,County Ground,1,10.1,India,Pakistan,PG Raut,DB Sharma,Asmavia Iqbal,0,0,,,,,,,,,
1085955,2017,2017-07-02,County Ground,1,10.2,India,Pakistan,PG Raut,DB Sharma,Asmavia Iqbal,4,0,,,,,,,,,
1085955,2017,2017-07-02,County Ground,1,10.3,India,Pakistan,PG Raut,DB Sharma,Asmavia Iqbal,0,0,,,,,,,,,
1085955,2017,2017-07-02,County Ground,1,10.4,India,Pakistan,PG Raut,DB Sharma,Asmavia Iqbal,0,0,,,,,,,,,
1085955,2017,2017-07-02,County Ground,1,10.5,India,Pakistan,PG Raut,DB Sharma,Asmavia Iqbal,0,0,,,,,,,,,
1085955,2017,2017-07-02,County Ground,1,10.6,India,Pakistan,PG Raut,DB Sharma,Asmavia Iqbal,1,0,,,,,,,,,
1085955,2017,2017-07-02,County Ground,1,11.1,India,Pakistan,PG Raut,DB Sharma,Diana Baig,4,0,,,,,,,,,
1085955,2017,2017-07-02,County Ground,1,11.2,India,Pakistan,PG Raut,DB Sharma,Diana Baig,4,0,,,,,,,,,
1085955,2017,2017-07-02,County Ground,1,11.3,India,Pakistan,PG Raut,DB Sharma,Diana Baig,3,0,,,,,,,,,
1085955,2017,2017-07-02,County Ground,1,11.4,India,Pakistan,DB Sharma,PG Raut,Diana Baig,0,0,,,,,,,,,
1085955,2017,2017-07-02,County Ground,1,11.5,India,Pakistan,DB Sharma,PG Raut,Diana Baig,0,0,,,,,,,,,
1085955,2017,2017-07-02,County Ground,1,11.6,India,Pakistan,DB Sharma,PG Raut,Diana Baig,1,0,,,,,,,,,
1085955,2017,2017-07-02,County Ground,1,12.1,India,Pakistan,DB Sharma,PG Raut,Nashra Sandhu,1,0,,,,,,,,,
1085955,2017,2017-07-02,County Ground,1,12.2,India,Pakistan,PG Raut,DB Sharma,Nashra Sandhu,0,0,,,,,,,,,
1085955,2017,2017-07-02,County Ground,1,12.3,India,Pakistan,PG Raut,DB Sharma,Nashra Sandhu,1,0,,,,,,,,,
1085955,2017,2017-07-02,County Ground,1,12.4,India,Pakistan,DB Sharma,PG Raut,Nashra Sandhu,0,0,,,,,,,,,
1085955,2017,2017-07-02,County Ground,1,12.5,India,Pakistan,DB Sharma,PG Raut,Nashra Sandhu,0,0,,,,,,,,,
1085955,2017,2017-07-02,County Ground,1,12.6,India,Pakistan,DB Sharma,PG Raut,Nashra Sandhu,0,0,,,,,,,,,
1085955,2017,2017-07-02,County Ground,1,13.1,India,Pakistan,PG Raut,DB Sharma,Sana Mir,2,0,,,,,,,,,
1085955,2017,2017-07-02,County Ground,1,13.2,India,Pakistan,PG Raut,DB Sharma,Sana Mir,0,0,,,,,,,,,
1085955,2017,2017-07-02,County Ground,1,13.3,India,Pakistan,PG Raut,DB Sharma,Sana Mir,1,0,,,,,,,,,
1085955,2017,2017-07-02,County Ground,1,13.4,India,Pakistan,DB Sharma,PG Raut,Sana Mir,0,0,,,,,,,,,
1085955,2017,2017-07-02,County Ground,1,13.5,India,Pakistan,DB Sharma,PG Raut,Sana Mir,0,0,,,,,,,,,
1085955,2017,2017-07-02,County Ground,1,13.6,India,Pakistan,DB Sharma,PG Raut,Sana Mir,0,0,,,,,,,,,
1085955,2017,2017-07-02,County Ground,1,14.1,India,Pakistan,PG Raut,DB Sharma,Nashra Sandhu,0,0,,,,,,,,,
1085955,2017,2017-07-02,County Ground,1,14.2,India,Pakistan,PG Raut,DB Sharma,Nashra Sandhu,0,0,,,,,,,,,
1085955,2017,2017-07-02,County Ground,1,14.3,India,Pakistan,PG Raut,DB Sharma,Nashra Sandhu,0,0,,,,,,,,,
1085955,2017,2017-07-02,County Ground,1,14.4,India,Pakistan,PG Raut,DB Sharma,Nashra Sandhu,0,0,,,,,,,,,
1085955,2017,2017-07-02,County Ground,1,14.5,India,Pakistan,PG Raut,DB Sharma,Nashra Sandhu,0,0,,,,,,,,,
1085955,2017,2017-07-02,County Ground,1,14.6,India,Pakistan,PG Raut,DB Sharma,Nashra Sandhu,1,0,,,,,,,,,
1085955,2017,2017-07-02,County Ground,1,15.1,India,Pakistan,PG Raut,DB Sharma,Sana Mir,2,0,,,,,,,,,
1085955,2017,2017-07-02,County Ground,1,15.2,India,Pakistan,PG Raut,DB Sharma,Sana Mir,1,0,,,,,,,,,
1085955,2017,2017-07-02,County Ground,1,15.3,India,Pakistan,DB Sharma,PG Raut,Sana Mir,0,0,,,,,,,,,
1085955,2017,2017-07-02,County Ground,1,15.4,India,Pakistan,DB Sharma,PG Raut,Sana Mir,0,4,,,4,,,,,,
1085955,2017,2017-07-02,County Ground,1,15.5,India,Pakistan,DB Sharma,PG Raut,Sana Mir,0,0,,,,,,,,,
1085955,2017,2017-07-02,County Ground,1,15.6,India,Pakistan,DB Sharma,PG Raut,Sana Mir,0,0,,,,,,,,,
1085955,2017,2017-07-02,County Ground,1,16.1,India,Pakistan,PG Raut,DB Sharma,Nashra Sandhu,0,0,,,,,,,,,
1085955,2017,2017-07-02,County Ground,1,16.2,India,Pakistan,PG Raut,DB Sharma,Nashra Sandhu,1,0,,,,,,,,,
1085955,2017,2017-07-02,County Ground,1,16.3,India,Pakistan,DB Sharma,PG Raut,Nashra Sandhu,0,0,,,,,,,,,
1085955,2017,2017-07-02,County Ground,1,16.4,India,Pakistan,DB Sharma,PG Raut,Nashra Sandhu,0,0,,,,,,,,,
1085955,2017,2017-07-02,County Ground,1,16.5,India,Pakistan,DB Sharma,PG Raut,Nashra Sandhu,0,0,,,,,,,,,
1085955,2017,2017-07-02,County Ground,1,16.6,India,Pakistan,DB Sharma,PG Raut,Nashra Sandhu,0,0,,,,,,,,,
1085955,2017,2017-07-02,County Ground,1,17.1,India,Pakistan,PG Raut,DB Sharma,Sana Mir,0,0,,,,,,,,,
1085955,2017,2017-07-02,County Ground,1,17.2,India,Pakistan,PG Raut,DB Sharma,Sana Mir,0,0,,,,,,,,,
1085955,2017,2017-07-02,County Ground,1,17.3,India,Pakistan,PG Raut,DB Sharma,Sana Mir,1,0,,,,,,,,,
1085955,2017,2017-07-02,County Ground,1,17.4,India,Pakistan,DB Sharma,PG Raut,Sana Mir,0,0,,,,,,,,,
1085955,2017,2017-07-02,County Ground,1,17.5,India,Pakistan,DB Sharma,PG Raut,Sana Mir,1,0,,,,,,,,,
1085955,2017,2017-07-02,County Ground,1,17.6,India,Pakistan,PG Raut,DB Sharma,Sana Mir,1,0,,,,,,,,,
1085955,2017,2017-07-02,County Ground,1,18.1,India,Pakistan,PG Raut,DB Sharma,Nashra Sandhu,0,0,,,,,,,,,
1085955,2017,2017-07-02,County Ground,1,18.2,India,Pakistan,PG Raut,DB Sharma,Nashra Sandhu,1,0,,,,,,,,,
1085955,2017,2017-07-02,County Ground,1,18.3,India,Pakistan,DB Sharma,PG Raut,Nashra Sandhu,1,0,,,,,,,,,
1085955,2017,2017-07-02,County Ground,1,18.4,India,Pakistan,PG Raut,DB Sharma,Nashra Sandhu,0,0,,,,,,,,,
1085955,2017,2017-07-02,County Ground,1,18.5,India,Pakistan,PG Raut,DB Sharma,Nashra Sandhu,0,0,,,,,,,,,
1085955,2017,2017-07-02,County Ground,1,18.6,India,Pakistan,PG Raut,DB Sharma,Nashra Sandhu,0,0,,,,,,,,,
1085955,2017,2017-07-02,County Ground,1,19.1,India,Pakistan,DB Sharma,PG Raut,Sana Mir,1,0,,,,,,,,,
1085955,2017,2017-07-02,County Ground,1,19.2,India,Pakistan,PG Raut,DB Sharma,Sana Mir,1,0,,,,,,,,,
1085955,2017,2017-07-02,County Ground,1,19.3,India,Pakistan,DB Sharma,PG Raut,Sana Mir,0,0,,,,,,,,,
1085955,2017,2017-07-02,County Ground,1,19.4,India,Pakistan,DB Sharma,PG Raut,Sana Mir,1,0,,,,,,,,,
1085955,2017,2017-07-02,County Ground,1,19.5,India,Pakistan,PG Raut,DB Sharma,Sana Mir,0,0,,,,,,,,,
1085955,2017,2017-07-02,County Ground,1,19.6,India,Pakistan,PG Raut,DB Sharma,Sana Mir,2,0,,,,,,,,,
1085955,2017,2017-07-02,County Ground,1,20.1,India,Pakistan,DB Sharma,PG Raut,Nashra Sandhu,1,0,,,,,,,,,
1085955,2017,2017-07-02,County Ground,1,20.2,India,Pakistan,PG Raut,DB Sharma,Nashra Sandhu,0,0,,,,,,,,,
1085955,2017,2017-07-02,County Ground,1,20.3,India,Pakistan,PG Raut,DB Sharma,Nashra Sandhu,0,1,1,,,,,,,,
1085955,2017,2017-07-02,County Ground,1,20.4,India,Pakistan,PG Raut,DB Sharma,Nashra Sandhu,0,0,,,,,,,,,
1085955,2017,2017-07-02,County Ground,1,20.5,India,Pakistan,PG Raut,DB Sharma,Nashra Sandhu,4,0,,,,,,,,,
1085955,2017,2017-07-02,County Ground,1,20.6,India,Pakistan,PG Raut,DB Sharma,Nashra Sandhu,1,0,,,,,,,,,
1085955,2017,2017-07-02,County Ground,1,20.7,India,Pakistan,DB Sharma,PG Raut,Nashra Sandhu,0,0,,,,,,,,,
1085955,2017,2017-07-02,County Ground,1,21.1,India,Pakistan,PG Raut,DB Sharma,Sana Mir,1,0,,,,,,,,,
1085955,2017,2017-07-02,County Ground,1,21.2,India,Pakistan,DB Sharma,PG Raut,Sana Mir,1,0,,,,,,,,,
1085955,2017,2017-07-02,County Ground,1,21.3,India,Pakistan,PG Raut,DB Sharma,Sana Mir,0,0,,,,,,,,,
1085955,2017,2017-07-02,County Ground,1,21.4,India,Pakistan,PG Raut,DB Sharma,Sana Mir,1,0,,,,,,,,,
1085955,2017,2017-07-02,County Ground,1,21.5,India,Pakistan,DB Sharma,PG Raut,Sana Mir,1,0,,,,,,,,,
1085955,2017,2017-07-02,County Ground,1,21.6,India,Pakistan,PG Raut,DB Sharma,Sana Mir,4,0,,,,,,,,,
1085955,2017,2017-07-02,County Ground,1,22.1,India,Pakistan,DB Sharma,PG Raut,Nashra Sandhu,1,0,,,,,,,,,
1085955,2017,2017-07-02,County Ground,1,22.2,India,Pakistan,PG Raut,DB Sharma,Nashra Sandhu,0,0,,,,,,caught and bowled,PG Raut,,
1085955,2017,2017-07-02,County Ground,1,22.3,India,Pakistan,M Raj,DB Sharma,Nashra Sandhu,4,0,,,,,,,,,
1085955,2017,2017-07-02,County Ground,1,22.4,India,Pakistan,M Raj,DB Sharma,Nashra Sandhu,0,0,,,,,,,,,
1085955,2017,2017-07-02,County Ground,1,22.5,India,Pakistan,M Raj,DB Sharma,Nashra Sandhu,0,0,,,,,,,,,
1085955,2017,2017-07-02,County Ground,1,22.6,India,Pakistan,M Raj,DB Sharma,Nashra Sandhu,0,0,,,,,,,,,
1085955,2017,2017-07-02,County Ground,1,23.1,India,Pakistan,DB Sharma,M Raj,Sadia Yousuf,0,0,,,,,,,,,
1085955,2017,2017-07-02,County Ground,1,23.2,India,Pakistan,DB Sharma,M Raj,Sadia Yousuf,2,0,,,,,,,,,
1085955,2017,2017-07-02,County Ground,1,23.3,India,Pakistan,M Raj,DB Sharma,Sadia Yousuf,0,0,,,,,,,,,
1085955,2017,2017-07-02,County Ground,1,23.4,India,Pakistan,M Raj,DB Sharma,Sadia Yousuf,1,0,,,,,,,,,
1085955,2017,2017-07-02,County Ground,1,23.5,India,Pakistan,DB Sharma,M Raj,Sadia Yousuf,0,0,,,,,,,,,
1085955,2017,2017-07-02,County Ground,1,23.6,India,Pakistan,DB Sharma,M Raj,Sadia Yousuf,1,0,,,,,,,,,
1085955,2017,2017-07-02,County Ground,1,24.1,India,Pakistan,DB Sharma,M Raj,Nashra Sandhu,1,0,,,,,,,,,
1085955,2017,2017-07-02,County Ground,1,24.2,India,Pakistan,M Raj,DB Sharma,Nashra Sandhu,0,0,,,,,,,,,
1085955,2017,2017-07-02,County Ground,1,24.3,India,Pakistan,M Raj,DB Sharma,Nashra Sandhu,0,0,,,,,,,,,
1085955,2017,2017-07-02,County Ground,1,24.4,India,Pakistan,M Raj,DB Sharma,Nashra Sandhu,1,0,,,,,,,,,
1085955,2017,2017-07-02,County Ground,1,24.5,India,Pakistan,DB Sharma,M Raj,Nashra Sandhu,1,0,,,,,,,,,
1085955,2017,2017-07-02,County Ground,1,24.6,India,Pakistan,M Raj,DB Sharma,Nashra Sandhu,0,0,,,,,,,,,
1085955,2017,2017-07-02,County Ground,1,25.1,India,Pakistan,DB Sharma,M Raj,Sadia Yousuf,1,0,,,,,,,,,
1085955,2017,2017-07-02,County Ground,1,25.2,India,Pakistan,M Raj,DB Sharma,Sadia Yousuf,0,0,,,,,,,,,
1085955,2017,2017-07-02,County Ground,1,25.3,India,Pakistan,M Raj,DB Sharma,Sadia Yousuf,1,0,,,,,,,,,
1085955,2017,2017-07-02,County Ground,1,25.4,India,Pakistan,DB Sharma,M Raj,Sadia Yousuf,1,0,,,,,,,,,
1085955,2017,2017-07-02,County Ground,1,25.5,India,Pakistan,M Raj,DB Sharma,Sadia Yousuf,1,0,,,,,,,,,
1085955,2017,2017-07-02,County Ground,1,25.6,India,Pakistan,DB Sharma,M Raj,Sadia Yousuf,4,0,,,,,,,,,
1085955,2017,2017-07-02,County Ground,1,26.1,India,Pakistan,M Raj,DB Sharma,Nashra Sandhu,0,0,,,,,,lbw,M Raj,,
1085955,2017,2017-07-02,County Ground,1,26.2,India,Pakistan,H Kaur,DB Sharma,Nashra Sandhu,1,0,,,,,,,,,
1085955,2017,2017-07-02,County Ground,1,26.3,India,Pakistan,DB Sharma,H Kaur,Nashra Sandhu,0,0,,,,,,caught,DB Sharma,,
1085955,2017,2017-07-02,County Ground,1,26.4,India,Pakistan,MR Meshram,H Kaur,Nashra Sandhu,0,0,,,,,,,,,
1085955,2017,2017-07-02,County Ground,1,26.5,India,Pakistan,MR Meshram,H Kaur,Nashra Sandhu,0,0,,,,,,,,,
1085955,2017,2017-07-02,County Ground,1,26.6,India,Pakistan,MR Meshram,H Kaur,Nashra Sandhu,0,0,,,,,,,,,
1085955,2017,2017-07-02,County Ground,1,27.1,India,Pakistan,H Kaur,MR Meshram,Diana Baig,0,0,,,,,,,,,
1085955,2017,2017-07-02,County Ground,1,27.2,India,Pakistan,H Kaur,MR Meshram,Diana Baig,0,0,,,,,,,,,
1085955,2017,2017-07-02,County Ground,1,27.3,India,Pakistan,H Kaur,MR Meshram,Diana Baig,0,0,,,,,,,,,
1085955,2017,2017-07-02,County Ground,1,27.4,India,Pakistan,H Kaur,MR Meshram,Diana Baig,1,0,,,,,,,,,
1085955,2017,2017-07-02,County Ground,1,27.5,India,Pakistan,MR Meshram,H Kaur,Diana Baig,1,0,,,,,,,,,
1085955,2017,2017-07-02,County Ground,1,27.6,India,Pakistan,H Kaur,MR Meshram,Diana Baig,0,0,,,,,,,,,
1085955,2017,2017-07-02,County Ground,1,28.1,India,Pakistan,MR Meshram,H Kaur,Nashra Sandhu,0,0,,,,,,,,,
1085955,2017,2017-07-02,County Ground,1,28.2,India,Pakistan,MR Meshram,H Kaur,Nashra Sandhu,0,0,,,,,,,,,
1085955,2017,2017-07-02,County Ground,1,28.3,India,Pakistan,MR Meshram,H Kaur,Nashra Sandhu,0,0,,,,,,,,,
1085955,2017,2017-07-02,County Ground,1,28.4,India,Pakistan,MR Meshram,H Kaur,Nashra Sandhu,0,0,,,,,,,,,
1085955,2017,2017-07-02,County Ground,1,28.5,India,Pakistan,MR Meshram,H Kaur,Nashra Sandhu,0,0,,,,,,,,,
1085955,2017,2017-07-02,County Ground,1,28.6,India,Pakistan,MR Meshram,H Kaur,Nashra Sandhu,0,0,,,,,,,,,
1085955,2017,2017-07-02,County Ground,1,29.1,India,Pakistan,H Kaur,MR Meshram,Diana Baig,0,0,,,,,,,,,
1085955,2017,2017-07-02,County Ground,1,29.2,India,Pakistan,H Kaur,MR Meshram,Diana Baig,0,0,,,,,,,,,
1085955,2017,2017-07-02,County Ground,1,29.3,India,Pakistan,H Kaur,MR Meshram,Diana Baig,1,0,,,,,,,,,
1085955,2017,2017-07-02,County Ground,1,29.4,India,Pakistan,MR Meshram,H Kaur,Diana Baig,1,0,,,,,,,,,
1085955,2017,2017-07-02,County Ground,1,29.5,India,Pakistan,H Kaur,MR Meshram,Diana Baig,1,0,,,,,,,,,
1085955,2017,2017-07-02,County Ground,1,29.6,India,Pakistan,MR Meshram,H Kaur,Diana Baig,0,0,,,,,,,,,
1085955,2017,2017-07-02,County Ground,1,30.1,India,Pakistan,H Kaur,MR Meshram,Sadia Yousuf,0,0,,,,,,,,,
1085955,2017,2017-07-02,County Ground,1,30.2,India,Pakistan,H Kaur,MR Meshram,Sadia Yousuf,3,0,,,,,,,,,
1085955,2017,2017-07-02,County Ground,1,30.3,India,Pakistan,MR Meshram,H Kaur,Sadia Yousuf,0,0,,,,,,,,,
1085955,2017,2017-07-02,County Ground,1,30.4,India,Pakistan,MR Meshram,H Kaur,Sadia Yousuf,0,0,,,,,,,,,
1085955,2017,2017-07-02,County Ground,1,30.5,India,Pakistan,MR Meshram,H Kaur,Sadia Yousuf,0,0,,,,,,,,,
1085955,2017,2017-07-02,County Ground,1,30.6,India,Pakistan,MR Meshram,H Kaur,Sadia Yousuf,0,0,,,,,,,,,
1085955,2017,2017-07-02,County Ground,1,31.1,India,Pakistan,H Kaur,MR Meshram,Sana Mir,1,0,,,,,,,,,
1085955,2017,2017-07-02,County Ground,1,31.2,India,Pakistan,MR Meshram,H Kaur,Sana Mir,0,0,,,,,,,,,
1085955,2017,2017-07-02,County Ground,1,31.3,India,Pakistan,MR Meshram,H Kaur,Sana Mir,0,0,,,,,,,,,
1085955,2017,2017-07-02,County Ground,1,31.4,India,Pakistan,MR Meshram,H Kaur,Sana Mir,0,0,,,,,,,,,
1085955,2017,2017-07-02,County Ground,1,31.5,India,Pakistan,MR Meshram,H Kaur,Sana Mir,0,0,,,,,,,,,
1085955,2017,2017-07-02,County Ground,1,31.6,India,Pakistan,MR Meshram,H Kaur,Sana Mir,0,0,,,,,,,,,
1085955,2017,2017-07-02,County Ground,1,32.1,India,Pakistan,H Kaur,MR Meshram,Sadia Yousuf,0,0,,,,,,,,,
1085955,2017,2017-07-02,County Ground,1,32.2,India,Pakistan,H Kaur,MR Meshram,Sadia Yousuf,0,0,,,,,,,,,
1085955,2017,2017-07-02,County Ground,1,32.3,India,Pakistan,H Kaur,MR Meshram,Sadia Yousuf,0,0,,,,,,,,,
1085955,2017,2017-07-02,County Ground,1,32.4,India,Pakistan,H Kaur,MR Meshram,Sadia Yousuf,1,0,,,,,,,,,
1085955,2017,2017-07-02,County Ground,1,32.5,India,Pakistan,MR Meshram,H Kaur,Sadia Yousuf,0,0,,,,,,,,,
1085955,2017,2017-07-02,County Ground,1,32.6,India,Pakistan,MR Meshram,H Kaur,Sadia Yousuf,1,0,,,,,,,,,
1085955,2017,2017-07-02,County Ground,1,33.1,India,Pakistan,MR Meshram,H Kaur,Asmavia Iqbal,1,0,,,,,,,,,
1085955,2017,2017-07-02,County Ground,1,33.2,India,Pakistan,H Kaur,MR Meshram,Asmavia Iqbal,0,0,,,,,,,,,
1085955,2017,2017-07-02,County Ground,1,33.3,India,Pakistan,H Kaur,MR Meshram,Asmavia Iqbal,0,0,,,,,,,,,
1085955,2017,2017-07-02,County Ground,1,33.4,India,Pakistan,H Kaur,MR Meshram,Asmavia Iqbal,1,0,,,,,,,,,
1085955,2017,2017-07-02,County Ground,1,33.5,India,Pakistan,MR Meshram,H Kaur,Asmavia Iqbal,0,0,,,,,,,,,
1085955,2017,2017-07-02,County Ground,1,33.6,India,Pakistan,MR Meshram,H Kaur,Asmavia Iqbal,0,0,,,,,,,,,
1085955,2017,2017-07-02,County Ground,1,34.1,India,Pakistan,H Kaur,MR Meshram,Sadia Yousuf,0,0,,,,,,,,,
1085955,2017,2017-07-02,County Ground,1,34.2,India,Pakistan,H Kaur,MR Meshram,Sadia Yousuf,0,0,,,,,,,,,
1085955,2017,2017-07-02,County Ground,1,34.3,India,Pakistan,H Kaur,MR Meshram,Sadia Yousuf,0,0,,,,,,caught,H Kaur,,
1085955,2017,2017-07-02,County Ground,1,34.4,India,Pakistan,S Verma,MR Meshram,Sadia Yousuf,0,0,,,,,,,,,
1085955,2017,2017-07-02,County Ground,1,34.5,India,Pakistan,S Verma,MR Meshram,Sadia Yousuf,0,0,,,,,,,,,
1085955,2017,2017-07-02,County Ground,1,34.6,India,Pakistan,S Verma,MR Meshram,Sadia Yousuf,0,0,,,,,,,,,
1085955,2017,2017-07-02,County Ground,1,35.1,India,Pakistan,MR Meshram,S Verma,Asmavia Iqbal,1,0,,,,,,,,,
1085955,2017,2017-07-02,County Ground,1,35.2,India,Pakistan,S Verma,MR Meshram,Asmavia Iqbal,1,0,,,,,,,,,
1085955,2017,2017-07-02,County Ground,1,35.3,India,Pakistan,MR Meshram,S Verma,Asmavia Iqbal,0,0,,,,,,,,,
1085955,2017,2017-07-02,County Ground,1,35.4,India,Pakistan,MR Meshram,S Verma,Asmavia Iqbal,1,0,,,,,,,,,
1085955,2017,2017-07-02,County Ground,1,35.5,India,Pakistan,S Verma,MR Meshram,Asmavia Iqbal,0,0,,,,,,,,,
1085955,2017,2017-07-02,County Ground,1,35.6,India,Pakistan,S Verma,MR Meshram,Asmavia Iqbal,0,0,,,,,,,,,
1085955,2017,2017-07-02,County Ground,1,36.1,India,Pakistan,MR Meshram,S Verma,Sadia Yousuf,0,1,1,,,,,,,,
1085955,2017,2017-07-02,County Ground,1,36.2,India,Pakistan,MR Meshram,S Verma,Sadia Yousuf,0,0,,,,,,,,,
1085955,2017,2017-07-02,County Ground,1,36.3,India,Pakistan,MR Meshram,S Verma,Sadia Yousuf,0,0,,,,,,,,,
1085955,2017,2017-07-02,County Ground,1,36.4,India,Pakistan,MR Meshram,S Verma,Sadia Yousuf,0,0,,,,,,,,,
1085955,2017,2017-07-02,County Ground,1,36.5,India,Pakistan,MR Meshram,S Verma,Sadia Yousuf,0,0,,,,,,,,,
1085955,2017,2017-07-02,County Ground,1,36.6,India,Pakistan,MR Meshram,S Verma,Sadia Yousuf,0,0,,,,,,,,,
1085955,2017,2017-07-02,County Ground,1,36.7,India,Pakistan,MR Meshram,S Verma,Sadia Yousuf,0,0,,,,,,bowled,MR Meshram,,
1085955,2017,2017-07-02,County Ground,1,37.1,India,Pakistan,S Verma,J Goswami,Sana Mir,1,0,,,,,,,,,
1085955,2017,2017-07-02,County Ground,1,37.2,India,Pakistan,J Goswami,S Verma,Sana Mir,0,0,,,,,,,,,
1085955,2017,2017-07-02,County Ground,1,37.3,India,Pakistan,J Goswami,S Verma,Sana Mir,0,0,,,,,,,,,
1085955,2017,2017-07-02,County Ground,1,37.4,India,Pakistan,J Goswami,S Verma,Sana Mir,0,0,,,,,,,,,
1085955,2017,2017-07-02,County Ground,1,37.5,India,Pakistan,J Goswami,S Verma,Sana Mir,0,0,,,,,,,,,
1085955,2017,2017-07-02,County Ground,1,37.6,India,Pakistan,J Goswami,S Verma,Sana Mir,0,0,,,,,,,,,
1085955,2017,2017-07-02,County Ground,1,38.1,India,Pakistan,S Verma,J Goswami,Sadia Yousuf,0,0,,,,,,,,,
1085955,2017,2017-07-02,County Ground,1,38.2,India,Pakistan,S Verma,J Goswami,Sadia Yousuf,0,0,,,,,,,,,
1085955,2017,2017-07-02,County Ground,1,38.3,India,Pakistan,S Verma,J Goswami,Sadia Yousuf,0,0,,,,,,,,,
1085955,2017,2017-07-02,County Ground,1,38.4,India,Pakistan,S Verma,J Goswami,Sadia Yousuf,0,0,,,,,,,,,
1085955,2017,2017-07-02,County Ground,1,38.5,India,Pakistan,S Verma,J Goswami,Sadia Yousuf,0,0,,,,,,,,,
1085955,2017,2017-07-02,County Ground,1,38.6,India,Pakistan,S Verma,J Goswami,Sadia Yousuf,0,0,,,,,,,,,
1085955,2017,2017-07-02,County Ground,1,39.1,India,Pakistan,J Goswami,S Verma,Diana Baig,0,0,,,,,,,,,
1085955,2017,2017-07-02,County Ground,1,39.2,India,Pakistan,J Goswami,S Verma,Diana Baig,0,0,,,,,,,,,
1085955,2017,2017-07-02,County Ground,1,39.3,India,Pakistan,J Goswami,S Verma,Diana Baig,0,0,,,,,,,,,
1085955,2017,2017-07-02,County Ground,1,39.4,India,Pakistan,J Goswami,S Verma,Diana Baig,1,0,,,,,,,,,
1085955,2017,2017-07-02,County Ground,1,39.5,India,Pakistan,S Verma,J Goswami,Diana Baig,1,0,,,,,,,,,
1085955,2017,2017-07-02,County Ground,1,39.6,India,Pakistan,J Goswami,S Verma,Diana Baig,0,0,,,,,,,,,
1085955,2017,2017-07-02,County Ground,1,40.1,India,Pakistan,S Verma,J Goswami,Sadia Yousuf,1,0,,,,,,,,,
1085955,2017,2017-07-02,County Ground,1,40.2,India,Pakistan,J Goswami,S Verma,Sadia Yousuf,0,0,,,,,,,,,
1085955,2017,2017-07-02,County Ground,1,40.3,India,Pakistan,J Goswami,S Verma,Sadia Yousuf,0,0,,,,,,,,,
1085955,2017,2017-07-02,County Ground,1,40.4,India,Pakistan,J Goswami,S Verma,Sadia Yousuf,1,0,,,,,,,,,
1085955,2017,2017-07-02,County Ground,1,40.5,India,Pakistan,S Verma,J Goswami,Sadia Yousuf,1,0,,,,,,,,,
1085955,2017,2017-07-02,County Ground,1,40.6,India,Pakistan,J Goswami,S Verma,Sadia Yousuf,1,0,,,,,,,,,
1085955,2017,2017-07-02,County Ground,1,41.1,India,Pakistan,J Goswami,S Verma,Sana Mir,0,0,,,,,,,,,
1085955,2017,2017-07-02,County Ground,1,41.2,India,Pakistan,J Goswami,S Verma,Sana Mir,0,0,,,,,,,,,
1085955,2017,2017-07-02,County Ground,1,41.3,India,Pakistan,J Goswami,S Verma,Sana Mir,0,0,,,,,,,,,
1085955,2017,2017-07-02,County Ground,1,41.4,India,Pakistan,J Goswami,S Verma,Sana Mir,1,0,,,,,,,,,
1085955,2017,2017-07-02,County Ground,1,41.5,India,Pakistan,S Verma,J Goswami,Sana Mir,1,0,,,,,,,,,
1085955,2017,2017-07-02,County Ground,1,41.6,India,Pakistan,J Goswami,S Verma,Sana Mir,1,0,,,,,,,,,
1085955,2017,2017-07-02,County Ground,1,42.1,India,Pakistan,J Goswami,S Verma,Sadia Yousuf,0,0,,,,,,,,,
1085955,2017,2017-07-02,County Ground,1,42.2,India,Pakistan,J Goswami,S Verma,Sadia Yousuf,1,0,,,,,,,,,
1085955,2017,2017-07-02,County Ground,1,42.3,India,Pakistan,S Verma,J Goswami,Sadia Yousuf,1,0,,,,,,,,,
1085955,2017,2017-07-02,County Ground,1,42.4,India,Pakistan,J Goswami,S Verma,Sadia Yousuf,0,0,,,,,,,,,
1085955,2017,2017-07-02,County Ground,1,42.5,India,Pakistan,J Goswami,S Verma,Sadia Yousuf,0,0,,,,,,,,,
1085955,2017,2017-07-02,County Ground,1,42.6,India,Pakistan,J Goswami,S Verma,Sadia Yousuf,2,0,,,,,,,,,
1085955,2017,2017-07-02,County Ground,1,43.1,India,Pakistan,S Verma,J Goswami,Sana Mir,0,0,,,,,,,,,
1085955,2017,2017-07-02,County Ground,1,43.2,India,Pakistan,S Verma,J Goswami,Sana Mir,1,0,,,,,,,,,
1085955,2017,2017-07-02,County Ground,1,43.3,India,Pakistan,J Goswami,S Verma,Sana Mir,0,0,,,,,,,,,
1085955,2017,2017-07-02,County Ground,1,43.4,India,Pakistan,J Goswami,S Verma,Sana Mir,0,0,,,,,,,,,
1085955,2017,2017-07-02,County Ground,1,43.5,India,Pakistan,J Goswami,S Verma,Sana Mir,1,0,,,,,,,,,
1085955,2017,2017-07-02,County Ground,1,43.6,India,Pakistan,S Verma,J Goswami,Sana Mir,1,0,,,,,,,,,
1085955,2017,2017-07-02,County Ground,1,44.1,India,Pakistan,S Verma,J Goswami,Sadia Yousuf,0,0,,,,,,,,,
1085955,2017,2017-07-02,County Ground,1,44.2,India,Pakistan,S Verma,J Goswami,Sadia Yousuf,1,0,,,,,,,,,
1085955,2017,2017-07-02,County Ground,1,44.3,India,Pakistan,J Goswami,S Verma,Sadia Yousuf,0,0,,,,,,,,,
1085955,2017,2017-07-02,County Ground,1,44.4,India,Pakistan,J Goswami,S Verma,Sadia Yousuf,1,0,,,,,,,,,
1085955,2017,2017-07-02,County Ground,1,44.5,India,Pakistan,S Verma,J Goswami,Sadia Yousuf,1,0,,,,,,,,,
1085955,2017,2017-07-02,County Ground,1,44.6,India,Pakistan,J Goswami,S Verma,Sadia Yousuf,1,0,,,,,,,,,
1085955,2017,2017-07-02,County Ground,1,45.1,India,Pakistan,J Goswami,S Verma,Asmavia Iqbal,0,0,,,,,,,,,
1085955,2017,2017-07-02,County Ground,1,45.2,India,Pakistan,J Goswami,S Verma,Asmavia Iqbal,1,0,,,,,,,,,
1085955,2017,2017-07-02,County Ground,1,45.3,India,Pakistan,S Verma,J Goswami,Asmavia Iqbal,0,0,,,,,,,,,
1085955,2017,2017-07-02,County Ground,1,45.4,India,Pakistan,S Verma,J Goswami,Asmavia Iqbal,4,0,,,,,,,,,
1085955,2017,2017-07-02,County Ground,1,45.5,India,Pakistan,S Verma,J Goswami,Asmavia Iqbal,4,0,,,,,,,,,
1085955,2017,2017-07-02,County Ground,1,45.6,India,Pakistan,S Verma,J Goswami,Asmavia Iqbal,0,0,,,,,,,,,
1085955,2017,2017-07-02,County Ground,1,46.1,India,Pakistan,J Goswami,S Verma,Nashra Sandhu,0,0,,,,,,,,,
1085955,2017,2017-07-02,County Ground,1,46.2,India,Pakistan,J Goswami,S Verma,Nashra Sandhu,1,0,,,,,,,,,
1085955,2017,2017-07-02,County Ground,1,46.3,India,Pakistan,S Verma,J Goswami,Nashra Sandhu,1,0,,,,,,,,,
1085955,2017,2017-07-02,County Ground,1,46.4,India,Pakistan,J Goswami,S Verma,Nashra Sandhu,1,0,,,,,,,,,
1085955,2017,2017-07-02,County Ground,1,46.5,India,Pakistan,S Verma,J Goswami,Nashra Sandhu,1,0,,,,,,,,,
1085955,2017,2017-07-02,County Ground,1,46.6,India,Pakistan,J Goswami,S Verma,Nashra Sandhu,0,0,,,,,,bowled,J Goswami,,
1085955,2017,2017-07-02,County Ground,1,47.1,India,Pakistan,S Verma,M Joshi,Asmavia Iqbal,2,0,,,,,,,,,
1085955,2017,2017-07-02,County Ground,1,47.2,India,Pakistan,S Verma,M Joshi,Asmavia Iqbal,4,0,,,,,,,,,
1085955,2017,2017-07-02,County Ground,1,47.3,India,Pakistan,S Verma,M Joshi,Asmavia Iqbal,6,0,,,,,,,,,
1085955,2017,2017-07-02,County Ground,1,47.4,India,Pakistan,S Verma,M Joshi,Asmavia Iqbal,0,1,,,,1,,,,,
1085955,2017,2017-07-02,County Ground,1,47.5,India,Pakistan,M Joshi,S Verma,Asmavia Iqbal,1,0,,,,,,,,,
1085955,2017,2017-07-02,County Ground,1,47.6,India,Pakistan,S Verma,M Joshi,Asmavia Iqbal,0,0,,,,,,caught,S Verma,,
1085955,2017,2017-07-02,County Ground,1,48.1,India,Pakistan,E Bisht,M Joshi,Sana Mir,1,0,,,,,,,,,
1085955,2017,2017-07-02,County Ground,1,48.2,India,Pakistan,M Joshi,E Bisht,Sana Mir,1,0,,,,,,run out,E Bisht,,
1085955,2017,2017-07-02,County Ground,1,48.3,India,Pakistan,M Joshi,Poonam Yadav,Sana Mir,0,0,,,,,,,,,
1085955,2017,2017-07-02,County Ground,1,48.4,India,Pakistan,M Joshi,Poonam Yadav,Sana Mir,1,0,,,,,,,,,
1085955,2017,2017-07-02,County Ground,1,48.5,India,Pakistan,Poonam Yadav,M Joshi,Sana Mir,1,0,,,,,,,,,
1085955,2017,2017-07-02,County Ground,1,48.6,India,Pakistan,M Joshi,Poonam Yadav,Sana Mir,0,0,,,,,,,,,
1085955,2017,2017-07-02,County Ground,1,49.1,India,Pakistan,Poonam Yadav,M Joshi,Diana Baig,1,0,,,,,,,,,
1085955,2017,2017-07-02,County Ground,1,49.2,India,Pakistan,M Joshi,Poonam Yadav,Diana Baig,0,0,,,,,,,,,
1085955,2017,2017-07-02,County Ground,1,49.3,India,Pakistan,M Joshi,Poonam Yadav,Diana Baig,0,0,,,,,,,,,
1085955,2017,2017-07-02,County Ground,1,49.4,India,Pakistan,M Joshi,Poonam Yadav,Diana Baig,1,0,,,,,,,,,
1085955,2017,2017-07-02,County Ground,1,49.5,India,Pakistan,Poonam Yadav,M Joshi,Diana Baig,2,0,,,,,,,,,
1085955,2017,2017-07-02,County Ground,1,49.6,India,Pakistan,Poonam Yadav,M Joshi,Diana Baig,2,0,,,,,,,,,
1085955,2017,2017-07-02,County Ground,2,0.1,Pakistan,India,Ayesha Zafar,Nahida Khan,J Goswami,0,0,,,,,,,,,
1085955,2017,2017-07-02,County Ground,2,0.2,Pakistan,India,Ayesha Zafar,Nahida Khan,J Goswami,0,0,,,,,,,,,
1085955,2017,2017-07-02,County Ground,2,0.3,Pakistan,India,Ayesha Zafar,Nahida Khan,J Goswami,1,0,,,,,,,,,
1085955,2017,2017-07-02,County Ground,2,0.4,Pakistan,India,Nahida Khan,Ayesha Zafar,J Goswami,0,0,,,,,,,,,
1085955,2017,2017-07-02,County Ground,2,0.5,Pakistan,India,Nahida Khan,Ayesha Zafar,J Goswami,0,0,,,,,,,,,
1085955,2017,2017-07-02,County Ground,2,0.6,Pakistan,India,Nahida Khan,Ayesha Zafar,J Goswami,0,0,,,,,,,,,
1085955,2017,2017-07-02,County Ground,2,1.1,Pakistan,India,Ayesha Zafar,Nahida Khan,E Bisht,0,0,,,,,,,,,
1085955,2017,2017-07-02,County Ground,2,1.2,Pakistan,India,Ayesha Zafar,Nahida Khan,E Bisht,0,0,,,,,,,,,
1085955,2017,2017-07-02,County Ground,2,1.3,Pakistan,India,Ayesha Zafar,Nahida Khan,E Bisht,0,0,,,,,,,,,
1085955,2017,2017-07-02,County Ground,2,1.4,Pakistan,India,Ayesha Zafar,Nahida Khan,E Bisht,0,0,,,,,,lbw,Ayesha Zafar,,
1085955,2017,2017-07-02,County Ground,2,1.5,Pakistan,India,Javeria Khan,Nahida Khan,E Bisht,0,0,,,,,,,,,
1085955,2017,2017-07-02,County Ground,2,1.6,Pakistan,India,Javeria Khan,Nahida Khan,E Bisht,0,0,,,,,,,,,
1085955,2017,2017-07-02,County Ground,2,2.1,Pakistan,India,Nahida Khan,Javeria Khan,J Goswami,0,0,,,,,,,,,
1085955,2017,2017-07-02,County Ground,2,2.2,Pakistan,India,Nahida Khan,Javeria Khan,J Goswami,1,0,,,,,,,,,
1085955,2017,2017-07-02,County Ground,2,2.3,Pakistan,India,Javeria Khan,Nahida Khan,J Goswami,0,0,,,,,,,,,
1085955,2017,2017-07-02,County Ground,2,2.4,Pakistan,India,Javeria Khan,Nahida Khan,J Goswami,0,0,,,,,,,,,
1085955,2017,2017-07-02,County Ground,2,2.5,Pakistan,India,Javeria Khan,Nahida Khan,J Goswami,0,0,,,,,,,,,
1085955,2017,2017-07-02,County Ground,2,2.6,Pakistan,India,Javeria Khan,Nahida Khan,J Goswami,1,0,,,,,,,,,
1085955,2017,2017-07-02,County Ground,2,3.1,Pakistan,India,Javeria Khan,Nahida Khan,E Bisht,0,0,,,,,,,,,
1085955,2017,2017-07-02,County Ground,2,3.2,Pakistan,India,Javeria Khan,Nahida Khan,E Bisht,0,0,,,,,,,,,
1085955,2017,2017-07-02,County Ground,2,3.3,Pakistan,India,Javeria Khan,Nahida Khan,E Bisht,0,0,,,,,,,,,
1085955,2017,2017-07-02,County Ground,2,3.4,Pakistan,India,Javeria Khan,Nahida Khan,E Bisht,1,0,,,,,,,,,
1085955,2017,2017-07-02,County Ground,2,3.5,Pakistan,India,Nahida Khan,Javeria Khan,E Bisht,0,0,,,,,,,,,
1085955,2017,2017-07-02,County Ground,2,3.6,Pakistan,India,Nahida Khan,Javeria Khan,E Bisht,0,0,,,,,,,,,
1085955,2017,2017-07-02,County Ground,2,4.1,Pakistan,India,Javeria Khan,Nahida Khan,J Goswami,4,0,,,,,,,,,
1085955,2017,2017-07-02,County Ground,2,4.2,Pakistan,India,Javeria Khan,Nahida Khan,J Goswami,0,0,,,,,,,,,
1085955,2017,2017-07-02,County Ground,2,4.3,Pakistan,India,Javeria Khan,Nahida Khan,J Goswami,0,0,,,,,,lbw,Javeria Khan,,
1085955,2017,2017-07-02,County Ground,2,4.4,Pakistan,India,Sidra Nawaz,Nahida Khan,J Goswami,0,0,,,,,,,,,
1085955,2017,2017-07-02,County Ground,2,4.5,Pakistan,India,Sidra Nawaz,Nahida Khan,J Goswami,0,0,,,,,,,,,
1085955,2017,2017-07-02,County Ground,2,4.6,Pakistan,India,Sidra Nawaz,Nahida Khan,J Goswami,0,0,,,,,,,,,
1085955,2017,2017-07-02,County Ground,2,5.1,Pakistan,India,Nahida Khan,Sidra Nawaz,E Bisht,0,0,,,,,,,,,
1085955,2017,2017-07-02,County Ground,2,5.2,Pakistan,India,Nahida Khan,Sidra Nawaz,E Bisht,0,0,,,,,,,,,
1085955,2017,2017-07-02,County Ground,2,5.3,Pakistan,India,Nahida Khan,Sidra Nawaz,E Bisht,1,0,,,,,,,,,
1085955,2017,2017-07-02,County Ground,2,5.4,Pakistan,India,Sidra Nawaz,Nahida Khan,E Bisht,0,0,,,,,,lbw,Sidra Nawaz,,
1085955,2017,2017-07-02,County Ground,2,5.5,Pakistan,India,Iram Javed,Nahida Khan,E Bisht,0,0,,,,,,,,,
1085955,2017,2017-07-02,County Ground,2,5.6,Pakistan,India,Iram Javed,Nahida Khan,E Bisht,0,0,,,,,,,,,
1085955,2017,2017-07-02,County Ground,2,6.1,Pakistan,India,Nahida Khan,Iram Javed,J Goswami,0,0,,,,,,,,,
1085955,2017,2017-07-02,County Ground,2,6.2,Pakistan,India,Nahida Khan,Iram Javed,J Goswami,0,0,,,,,,,,,
1085955,2017,2017-07-02,County Ground,2,6.3,Pakistan,India,Nahida Khan,Iram Javed,J Goswami,4,0,,,,,,,,,
1085955,2017,2017-07-02,County Ground,2,6.4,Pakistan,India,Nahida Khan,Iram Javed,J Goswami,0,0,,,,,,,,,
1085955,2017,2017-07-02,County Ground,2,6.5,Pakistan,India,Nahida Khan,Iram Javed,J Goswami,0,0,,,,,,,,,
1085955,2017,2017-07-02,County Ground,2,6.6,Pakistan,India,Nahida Khan,Iram Javed,J Goswami,0,0,,,,,,,,,
1085955,2017,2017-07-02,County Ground,2,7.1,Pakistan,India,Iram Javed,Nahida Khan,E Bisht,0,1,1,,,,,,,,
1085955,2017,2017-07-02,County Ground,2,7.2,Pakistan,India,Iram Javed,Nahida Khan,E Bisht,0,0,,,,,,lbw,Iram Javed,,
1085955,2017,2017-07-02,County Ground,2,7.3,Pakistan,India,Nain Abidi,Nahida Khan,E Bisht,0,0,,,,,,,,,
1085955,2017,2017-07-02,County Ground,2,7.4,Pakistan,India,Nain Abidi,Nahida Khan,E Bisht,0,0,,,,,,,,,
1085955,2017,2017-07-02,County Ground,2,7.5,Pakistan,India,Nain Abidi,Nahida Khan,E Bisht,1,0,,,,,,,,,
1085955,2017,2017-07-02,County Ground,2,7.6,Pakistan,India,Nahida Khan,Nain Abidi,E Bisht,0,0,,,,,,,,,
1085955,2017,2017-07-02,County Ground,2,7.7,Pakistan,India,Nahida Khan,Nain Abidi,E Bisht,0,0,,,,,,,,,
1085955,2017,2017-07-02,County Ground,2,8.1,Pakistan,India,Nain Abidi,Nahida Khan,J Goswami,0,0,,,,,,,,,
1085955,2017,2017-07-02,County Ground,2,8.2,Pakistan,India,Nain Abidi,Nahida Khan,J Goswami,0,0,,,,,,,,,
1085955,2017,2017-07-02,County Ground,2,8.3,Pakistan,India,Nain Abidi,Nahida Khan,J Goswami,0,0,,,,,,,,,
1085955,2017,2017-07-02,County Ground,2,8.4,Pakistan,India,Nain Abidi,Nahida Khan,J Goswami,1,0,,,,,,,,,
1085955,2017,2017-07-02,County Ground,2,8.5,Pakistan,India,Nahida Khan,Nain Abidi,J Goswami,0,0,,,,,,,,,
1085955,2017,2017-07-02,County Ground,2,8.6,Pakistan,India,Nahida Khan,Nain Abidi,J Goswami,0,0,,,,,,,,,
1085955,2017,2017-07-02,County Ground,2,9.1,Pakistan,India,Nain Abidi,Nahida Khan,DB Sharma,0,0,,,,,,,,,
1085955,2017,2017-07-02,County Ground,2,9.2,Pakistan,India,Nain Abidi,Nahida Khan,DB Sharma,0,3,3,,,,,,,,
1085955,2017,2017-07-02,County Ground,2,9.3,Pakistan,India,Nain Abidi,Nahida Khan,DB Sharma,0,0,,,,,,,,,
1085955,2017,2017-07-02,County Ground,2,9.4,Pakistan,India,Nain Abidi,Nahida Khan,DB Sharma,0,0,,,,,,,,,
1085955,2017,2017-07-02,County Ground,2,9.5,Pakistan,India,Nain Abidi,Nahida Khan,DB Sharma,0,0,,,,,,,,,
1085955,2017,2017-07-02,County Ground,2,9.6,Pakistan,India,Nain Abidi,Nahida Khan,DB Sharma,1,0,,,,,,,,,
1085955,2017,2017-07-02,County Ground,2,9.7,Pakistan,India,Nahida Khan,Nain Abidi,DB Sharma,0,0,,,,,,,,,
1085955,2017,2017-07-02,County Ground,2,10.1,Pakistan,India,Nain Abidi,Nahida Khan,M Joshi,0,0,,,,,,,,,
1085955,2017,2017-07-02,County Ground,2,10.2,Pakistan,India,Nain Abidi,Nahida Khan,M Joshi,0,0,,,,,,,,,
1085955,2017,2017-07-02,County Ground,2,10.3,Pakistan,India,Nain Abidi,Nahida Khan,M Joshi,1,0,,,,,,,,,
1085955,2017,2017-07-02,County Ground,2,10.4,Pakistan,India,Nahida Khan,Nain Abidi,M Joshi,0,1,1,,,,,,,,
1085955,2017,2017-07-02,County Ground,2,10.5,Pakistan,India,Nahida Khan,Nain Abidi,M Joshi,0,0,,,,,,,,,
1085955,2017,2017-07-02,County Ground,2,10.6,Pakistan,India,Nahida Khan,Nain Abidi,M Joshi,0,0,,,,,,,,,
1085955,2017,2017-07-02,County Ground,2,10.7,Pakistan,India,Nahida Khan,Nain Abidi,M Joshi,0,0,,,,,,,,,
1085955,2017,2017-07-02,County Ground,2,11.1,Pakistan,India,Nain Abidi,Nahida Khan,DB Sharma,0,0,,,,,,,,,
1085955,2017,2017-07-02,County Ground,2,11.2,Pakistan,India,Nain Abidi,Nahida Khan,DB Sharma,0,0,,,,,,,,,
1085955,2017,2017-07-02,County Ground,2,11.3,Pakistan,India,Nain Abidi,Nahida Khan,DB Sharma,1,0,,,,,,,,,
1085955,2017,2017-07-02,County Ground,2,11.4,Pakistan,India,Nahida Khan,Nain Abidi,DB Sharma,0,0,,,,,,,,,
1085955,2017,2017-07-02,County Ground,2,11.5,Pakistan,India,Nahida Khan,Nain Abidi,DB Sharma,0,0,,,,,,,,,
1085955,2017,2017-07-02,County Ground,2,11.6,Pakistan,India,Nahida Khan,Nain Abidi,DB Sharma,1,0,,,,,,,,,
1085955,2017,2017-07-02,County Ground,2,12.1,Pakistan,India,Nahida Khan,Nain Abidi,M Joshi,0,0,,,,,,,,,
1085955,2017,2017-07-02,County Ground,2,12.2,Pakistan,India,Nahida Khan,Nain Abidi,M Joshi,0,0,,,,,,,,,
1085955,2017,2017-07-02,County Ground,2,12.3,Pakistan,India,Nahida Khan,Nain Abidi,M Joshi,0,0,,,,,,,,,
1085955,2017,2017-07-02,County Ground,2,12.4,Pakistan,India,Nahida Khan,Nain Abidi,M Joshi,0,0,,,,,,,,,
1085955,2017,2017-07-02,County Ground,2,12.5,Pakistan,India,Nahida Khan,Nain Abidi,M Joshi,0,0,,,,,,,,,
1085955,2017,2017-07-02,County Ground,2,12.6,Pakistan,India,Nahida Khan,Nain Abidi,M Joshi,0,0,,,,,,,,,
1085955,2017,2017-07-02,County Ground,2,13.1,Pakistan,India,Nain Abidi,Nahida Khan,DB Sharma,0,0,,,,,,bowled,Nain Abidi,,
1085955,2017,2017-07-02,County Ground,2,13.2,Pakistan,India,Asmavia Iqbal,Nahida Khan,DB Sharma,0,0,,,,,,,,,
1085955,2017,2017-07-02,County Ground,2,13.3,Pakistan,India,Asmavia Iqbal,Nahida Khan,DB Sharma,0,0,,,,,,,,,
1085955,2017,2017-07-02,County Ground,2,13.4,Pakistan,India,Asmavia Iqbal,Nahida Khan,DB Sharma,0,0,,,,,,,,,
1085955,2017,2017-07-02,County Ground,2,13.5,Pakistan,India,Asmavia Iqbal,Nahida Khan,DB Sharma,0,0,,,,,,,,,
1085955,2017,2017-07-02,County Ground,2,13.6,Pakistan,India,Asmavia Iqbal,Nahida Khan,DB Sharma,0,0,,,,,,,,,
1085955,2017,2017-07-02,County Ground,2,14.1,Pakistan,India,Nahida Khan,Asmavia Iqbal,M Joshi,0,0,,,,,,,,,
1085955,2017,2017-07-02,County Ground,2,14.2,Pakistan,India,Nahida Khan,Asmavia Iqbal,M Joshi,1,0,,,,,,,,,
1085955,2017,2017-07-02,County Ground,2,14.3,Pakistan,India,Asmavia Iqbal,Nahida Khan,M Joshi,0,0,,,,,,,,,
1085955,2017,2017-07-02,County Ground,2,14.4,Pakistan,India,Asmavia Iqbal,Nahida Khan,M Joshi,0,1,1,,,,,,,,
1085955,2017,2017-07-02,County Ground,2,14.5,Pakistan,India,Asmavia Iqbal,Nahida Khan,M Joshi,0,0,,,,,,,,,
1085955,2017,2017-07-02,County Ground,2,14.6,Pakistan,India,Asmavia Iqbal,Nahida Khan,M Joshi,0,0,,,,,,,,,
1085955,2017,2017-07-02,County Ground,2,14.7,Pakistan,India,Asmavia Iqbal,Nahida Khan,M Joshi,0,0,,,,,,caught,Asmavia Iqbal,,
1085955,2017,2017-07-02,County Ground,2,15.1,Pakistan,India,Nahida Khan,Sana Mir,DB Sharma,2,0,,,,,,,,,
1085955,2017,2017-07-02,County Ground,2,15.2,Pakistan,India,Nahida Khan,Sana Mir,DB Sharma,0,0,,,,,,,,,
1085955,2017,2017-07-02,County Ground,2,15.3,Pakistan,India,Nahida Khan,Sana Mir,DB Sharma,1,0,,,,,,,,,
1085955,2017,2017-07-02,County Ground,2,15.4,Pakistan,India,Sana Mir,Nahida Khan,DB Sharma,0,0,,,,,,,,,
1085955,2017,2017-07-02,County Ground,2,15.5,Pakistan,India,Sana Mir,Nahida Khan,DB Sharma,0,0,,,,,,,,,
1085955,2017,2017-07-02,County Ground,2,15.6,Pakistan,India,Sana Mir,Nahida Khan,DB Sharma,0,0,,,,,,,,,
1085955,2017,2017-07-02,County Ground,2,16.1,Pakistan,India,Nahida Khan,Sana Mir,M Joshi,0,0,,,,,,,,,
1085955,2017,2017-07-02,County Ground,2,16.2,Pakistan,India,Nahida Khan,Sana Mir,M Joshi,0,0,,,,,,,,,
1085955,2017,2017-07-02,County Ground,2,16.3,Pakistan,India,Nahida Khan,Sana Mir,M Joshi,0,0,,,,,,,,,
1085955,2017,2017-07-02,County Ground,2,16.4,Pakistan,India,Nahida Khan,Sana Mir,M Joshi,0,0,,,,,,,,,
1085955,2017,2017-07-02,County Ground,2,16.5,Pakistan,India,Nahida Khan,Sana Mir,M Joshi,0,0,,,,,,,,,
1085955,2017,2017-07-02,County Ground,2,16.6,Pakistan,India,Nahida Khan,Sana Mir,M Joshi,0,0,,,,,,,,,
1085955,2017,2017-07-02,County Ground,2,17.1,Pakistan,India,Sana Mir,Nahida Khan,DB Sharma,0,0,,,,,,,,,
1085955,2017,2017-07-02,County Ground,2,17.2,Pakistan,India,Sana Mir,Nahida Khan,DB Sharma,0,0,,,,,,,,,
1085955,2017,2017-07-02,County Ground,2,17.3,Pakistan,India,Sana Mir,Nahida Khan,DB Sharma,0,0,,,,,,,,,
1085955,2017,2017-07-02,County Ground,2,17.4,Pakistan,India,Sana Mir,Nahida Khan,DB Sharma,0,0,,,,,,,,,
1085955,2017,2017-07-02,County Ground,2,17.5,Pakistan,India,Sana Mir,Nahida Khan,DB Sharma,0,0,,,,,,,,,
1085955,2017,2017-07-02,County Ground,2,17.6,Pakistan,India,Sana Mir,Nahida Khan,DB Sharma,0,0,,,,,,,,,
1085955,2017,2017-07-02,County Ground,2,18.1,Pakistan,India,Nahida Khan,Sana Mir,Poonam Yadav,0,0,,,,,,,,,
1085955,2017,2017-07-02,County Ground,2,18.2,Pakistan,India,Nahida Khan,Sana Mir,Poonam Yadav,1,0,,,,,,,,,
1085955,2017,2017-07-02,County Ground,2,18.3,Pakistan,India,Sana Mir,Nahida Khan,Poonam Yadav,0,0,,,,,,,,,
1085955,2017,2017-07-02,County Ground,2,18.4,Pakistan,India,Sana Mir,Nahida Khan,Poonam Yadav,0,0,,,,,,,,,
1085955,2017,2017-07-02,County Ground,2,18.5,Pakistan,India,Sana Mir,Nahida Khan,Poonam Yadav,1,0,,,,,,,,,
1085955,2017,2017-07-02,County Ground,2,18.6,Pakistan,India,Nahida Khan,Sana Mir,Poonam Yadav,0,0,,,,,,,,,
1085955,2017,2017-07-02,County Ground,2,19.1,Pakistan,India,Sana Mir,Nahida Khan,DB Sharma,0,0,,,,,,,,,
1085955,2017,2017-07-02,County Ground,2,19.2,Pakistan,India,Sana Mir,Nahida Khan,DB Sharma,0,0,,,,,,,,,
1085955,2017,2017-07-02,County Ground,2,19.3,Pakistan,India,Sana Mir,Nahida Khan,DB Sharma,0,0,,,,,,,,,
1085955,2017,2017-07-02,County Ground,2,19.4,Pakistan,India,Sana Mir,Nahida Khan,DB Sharma,1,0,,,,,,,,,
1085955,2017,2017-07-02,County Ground,2,19.5,Pakistan,India,Nahida Khan,Sana Mir,DB Sharma,0,0,,,,,,,,,
1085955,2017,2017-07-02,County Ground,2,19.6,Pakistan,India,Nahida Khan,Sana Mir,DB Sharma,4,0,,,,,,,,,
1085955,2017,2017-07-02,County Ground,2,20.1,Pakistan,India,Sana Mir,Nahida Khan,Poonam Yadav,0,0,,,,,,,,,
1085955,2017,2017-07-02,County Ground,2,20.2,Pakistan,India,Sana Mir,Nahida Khan,Poonam Yadav,0,0,,,,,,,,,
1085955,2017,2017-07-02,County Ground,2,20.3,Pakistan,India,Sana Mir,Nahida Khan,Poonam Yadav,0,0,,,,,,,,,
1085955,2017,2017-07-02,County Ground,2,20.4,Pakistan,India,Sana Mir,Nahida Khan,Poonam Yadav,0,0,,,,,,,,,
1085955,2017,2017-07-02,County Ground,2,20.5,Pakistan,India,Sana Mir,Nahida Khan,Poonam Yadav,0,0,,,,,,,,,
1085955,2017,2017-07-02,County Ground,2,20.6,Pakistan,India,Sana Mir,Nahida Khan,Poonam Yadav,0,0,,,,,,,,,
1085955,2017,2017-07-02,County Ground,2,21.1,Pakistan,India,Nahida Khan,Sana Mir,H Kaur,0,0,,,,,,,,,
1085955,2017,2017-07-02,County Ground,2,21.2,Pakistan,India,Nahida Khan,Sana Mir,H Kaur,4,0,,,,,,,,,
1085955,2017,2017-07-02,County Ground,2,21.3,Pakistan,India,Nahida Khan,Sana Mir,H Kaur,0,0,,,,,,,,,
1085955,2017,2017-07-02,County Ground,2,21.4,Pakistan,India,Nahida Khan,Sana Mir,H Kaur,0,0,,,,,,,,,
1085955,2017,2017-07-02,County Ground,2,21.5,Pakistan,India,Nahida Khan,Sana Mir,H Kaur,0,0,,,,,,,,,
1085955,2017,2017-07-02,County Ground,2,21.6,Pakistan,India,Nahida Khan,Sana Mir,H Kaur,1,0,,,,,,,,,
1085955,2017,2017-07-02,County Ground,2,22.1,Pakistan,India,Nahida Khan,Sana Mir,Poonam Yadav,0,0,,,,,,,,,
1085955,2017,2017-07-02,County Ground,2,22.2,Pakistan,India,Nahida Khan,Sana Mir,Poonam Yadav,0,0,,,,,,,,,
1085955,2017,2017-07-02,County Ground,2,22.3,Pakistan,India,Nahida Khan,Sana Mir,Poonam Yadav,0,0,,,,,,,,,
1085955,2017,2017-07-02,County Ground,2,22.4,Pakistan,India,Nahida Khan,Sana Mir,Poonam Yadav,0,0,,,,,,,,,
1085955,2017,2017-07-02,County Ground,2,22.5,Pakistan,India,Nahida Khan,Sana Mir,Poonam Yadav,0,0,,,,,,,,,
1085955,2017,2017-07-02,County Ground,2,22.6,Pakistan,India,Nahida Khan,Sana Mir,Poonam Yadav,2,0,,,,,,,,,
1085955,2017,2017-07-02,County Ground,2,23.1,Pakistan,India,Sana Mir,Nahida Khan,H Kaur,0,0,,,,,,,,,
1085955,2017,2017-07-02,County Ground,2,23.2,Pakistan,India,Sana Mir,Nahida Khan,H Kaur,1,0,,,,,,,,,
1085955,2017,2017-07-02,County Ground,2,23.3,Pakistan,India,Nahida Khan,Sana Mir,H Kaur,0,0,,,,,,caught,Nahida Khan,,
1085955,2017,2017-07-02,County Ground,2,23.4,Pakistan,India,Nashra Sandhu,Sana Mir,H Kaur,0,0,,,,,,,,,
1085955,2017,2017-07-02,County Ground,2,23.5,Pakistan,India,Nashra Sandhu,Sana Mir,H Kaur,0,0,,,,,,,,,
1085955,2017,2017-07-02,County Ground,2,23.6,Pakistan,India,Nashra Sandhu,Sana Mir,H Kaur,0,0,,,,,,,,,
1085955,2017,2017-07-02,County Ground,2,24.1,Pakistan,India,Sana Mir,Nashra Sandhu,Poonam Yadav,0,0,,,,,,,,,
1085955,2017,2017-07-02,County Ground,2,24.2,Pakistan,India,Sana Mir,Nashra Sandhu,Poonam Yadav,0,0,,,,,,,,,
1085955,2017,2017-07-02,County Ground,2,24.3,Pakistan,India,Sana Mir,Nashra Sandhu,Poonam Yadav,0,0,,,,,,,,,
1085955,2017,2017-07-02,County Ground,2,24.4,Pakistan,India,Sana Mir,Nashra Sandhu,Poonam Yadav,1,0,,,,,,,,,
1085955,2017,2017-07-02,County Ground,2,24.5,Pakistan,India,Nashra Sandhu,Sana Mir,Poonam Yadav,0,0,,,,,,,,,
1085955,2017,2017-07-02,County Ground,2,24.6,Pakistan,India,Nashra Sandhu,Sana Mir,Poonam Yadav,0,0,,,,,,,,,
1085955,2017,2017-07-02,County Ground,2,25.1,Pakistan,India,Sana Mir,Nashra Sandhu,DB Sharma,0,0,,,,,,,,,
1085955,2017,2017-07-02,County Ground,2,25.2,Pakistan,India,Sana Mir,Nashra Sandhu,DB Sharma,0,0,,,,,,,,,
1085955,2017,2017-07-02,County Ground,2,25.3,Pakistan,India,Sana Mir,Nashra Sandhu,DB Sharma,0,0,,,,,,,,,
1085955,2017,2017-07-02,County Ground,2,25.4,Pakistan,India,Sana Mir,Nashra Sandhu,DB Sharma,0,0,,,,,,,,,
1085955,2017,2017-07-02,County Ground,2,25.5,Pakistan,India,Sana Mir,Nashra Sandhu,DB Sharma,1,0,,,,,,,,,
1085955,2017,2017-07-02,County Ground,2,25.6,Pakistan,India,Nashra Sandhu,Sana Mir,DB Sharma,0,0,,,,,,,,,
1085955,2017,2017-07-02,County Ground,2,26.1,Pakistan,India,Sana Mir,Nashra Sandhu,E Bisht,0,0,,,,,,,,,
1085955,2017,2017-07-02,County Ground,2,26.2,Pakistan,India,Sana Mir,Nashra Sandhu,E Bisht,0,0,,,,,,,,,
1085955,2017,2017-07-02,County Ground,2,26.3,Pakistan,India,Sana Mir,Nashra Sandhu,E Bisht,0,0,,,,,,,,,
1085955,2017,2017-07-02,County Ground,2,26.4,Pakistan,India,Sana Mir,Nashra Sandhu,E Bisht,0,0,,,,,,,,,
1085955,2017,2017-07-02,County Ground,2,26.5,Pakistan,India,Sana Mir,Nashra Sandhu,E Bisht,4,0,,,,,,,,,
1085955,2017,2017-07-02,County Ground,2,26.6,Pakistan,India,Sana Mir,Nashra Sandhu,E Bisht,0,0,,,,,,,,,
1085955,2017,2017-07-02,County Ground,2,27.1,Pakistan,India,Nashra Sandhu,Sana Mir,DB Sharma,0,0,,,,,,,,,
1085955,2017,2017-07-02,County Ground,2,27.2,Pakistan,India,Nashra Sandhu,Sana Mir,DB Sharma,0,0,,,,,,,,,
1085955,2017,2017-07-02,County Ground,2,27.3,Pakistan,India,Nashra Sandhu,Sana Mir,DB Sharma,1,0,,,,,,,,,
1085955,2017,2017-07-02,County Ground,2,27.4,Pakistan,India,Sana Mir,Nashra Sandhu,DB Sharma,0,0,,,,,,,,,
1085955,2017,2017-07-02,County Ground,2,27.5,Pakistan,India,Sana Mir,Nashra Sandhu,DB Sharma,0,0,,,,,,,,,
1085955,2017,2017-07-02,County Ground,2,27.6,Pakistan,India,Sana Mir,Nashra Sandhu,DB Sharma,0,0,,,,,,,,,
1085955,2017,2017-07-02,County Ground,2,28.1,Pakistan,India,Nashra Sandhu,Sana Mir,E Bisht,0,0,,,,,,,,,
1085955,2017,2017-07-02,County Ground,2,28.2,Pakistan,India,Nashra Sandhu,Sana Mir,E Bisht,0,0,,,,,,,,,
1085955,2017,2017-07-02,County Ground,2,28.3,Pakistan,India,Nashra Sandhu,Sana Mir,E Bisht,0,0,,,,,,caught,Nashra Sandhu,,
1085955,2017,2017-07-02,County Ground,2,28.4,Pakistan,India,Diana Baig,Sana Mir,E Bisht,0,0,,,,,,bowled,Diana Baig,,
1085955,2017,2017-07-02,County Ground,2,28.5,Pakistan,India,Sadia Yousuf,Sana Mir,E Bisht,0,0,,,,,,,,,
1085955,2017,2017-07-02,County Ground,2,28.6,Pakistan,India,Sadia Yousuf,Sana Mir,E Bisht,0,0,,,,,,,,,
1085955,2017,2017-07-02,County Ground,2,29.1,Pakistan,India,Sana Mir,Sadia Yousuf,DB Sharma,1,0,,,,,,,,,
1085955,2017,2017-07-02,County Ground,2,29.2,Pakistan,India,Sadia Yousuf,Sana Mir,DB Sharma,0,0,,,,,,,,,
1085955,2017,2017-07-02,County Ground,2,29.3,Pakistan,India,Sadia Yousuf,Sana Mir,DB Sharma,0,0,,,,,,,,,
1085955,2017,2017-07-02,County Ground,2,29.4,Pakistan,India,Sadia Yousuf,Sana Mir,DB Sharma,0,0,,,,,,,,,
1085955,2017,2017-07-02,County Ground,2,29.5,Pakistan,India,Sadia Yousuf,Sana Mir,DB Sharma,1,0,,,,,,,,,
1085955,2017,2017-07-02,County Ground,2,29.6,Pakistan,India,Sana Mir,Sadia Yousuf,DB Sharma,0,0,,,,,,,,,
1085955,2017,2017-07-02,County Ground,2,30.1,Pakistan,India,Sadia Yousuf,Sana Mir,E Bisht,1,0,,,,,,,,,
1085955,2017,2017-07-02,County Ground,2,30.2,Pakistan,India,Sana Mir,Sadia Yousuf,E Bisht,0,0,,,,,,,,,
1085955,2017,2017-07-02,County Ground,2,30.3,Pakistan,India,Sana Mir,Sadia Yousuf,E Bisht,0,0,,,,,,,,,
1085955,2017,2017-07-02,County Ground,2,30.4,Pakistan,India,Sana Mir,Sadia Yousuf,E Bisht,4,0,,,,,,,,,
1085955,2017,2017-07-02,County Ground,2,30.5,Pakistan,India,Sana Mir,Sadia Yousuf,E Bisht,1,0,,,,,,,,,
1085955,2017,2017-07-02,County Ground,2,30.6,Pakistan,India,Sadia Yousuf,Sana Mir,E Bisht,0,0,,,,,,,,,
1085955,2017,2017-07-02,County Ground,2,31.1,Pakistan,India,Sana Mir,Sadia Yousuf,DB Sharma,0,0,,,,,,,,,
1085955,2017,2017-07-02,County Ground,2,31.2,Pakistan,India,Sana Mir,Sadia Yousuf,DB Sharma,2,0,,,,,,,,,
1085955,2017,2017-07-02,County Ground,2,31.3,Pakistan,India,Sana Mir,Sadia Yousuf,DB Sharma,0,0,,,,,,,,,
1085955,2017,2017-07-02,County Ground,2,31.4,Pakistan,India,Sana Mir,Sadia Yousuf,DB Sharma,1,0,,,,,,,,,
1085955,2017,2017-07-02,County Ground,2,31.5,Pakistan,India,Sadia Yousuf,Sana Mir,DB Sharma,0,0,,,,,,,,,
1085955,2017,2017-07-02,County Ground,2,31.6,Pakistan,India,Sadia Yousuf,Sana Mir,DB Sharma,0,0,,,,,,,,,
1085955,2017,2017-07-02,County Ground,2,32.1,Pakistan,India,Sana Mir,Sadia Yousuf,Poonam Yadav,0,0,,,,,,,,,
1085955,2017,2017-07-02,County Ground,2,32.2,Pakistan,India,Sana Mir,Sadia Yousuf,Poonam Yadav,2,0,,,,,,,,,
1085955,2017,2017-07-02,County Ground,2,32.3,Pakistan,India,Sana Mir,Sadia Yousuf,Poonam Yadav,0,0,,,,,,,,,
1085955,2017,2017-07-02,County Ground,2,32.4,Pakistan,India,Sana Mir,Sadia Yousuf,Poonam Yadav,1,0,,,,,,,,,
1085955,2017,2017-07-02,County Ground,2,32.5,Pakistan,India,Sadia Yousuf,Sana Mir,Poonam Yadav,0,0,,,,,,,,,
1085955,2017,2017-07-02,County Ground,2,32.6,Pakistan,India,Sadia Yousuf,Sana Mir,Poonam Yadav,0,0,,,,,,,,,
1085955,2017,2017-07-02,County Ground,2,33.1,Pakistan,India,Sana Mir,Sadia Yousuf,E Bisht,0,0,,,,,,,,,
1085955,2017,2017-07-02,County Ground,2,33.2,Pakistan,India,Sana Mir,Sadia Yousuf,E Bisht,0,0,,,,,,,,,
1085955,2017,2017-07-02,County Ground,2,33.3,Pakistan,India,Sana Mir,Sadia Yousuf,E Bisht,0,0,,,,,,,,,
1085955,2017,2017-07-02,County Ground,2,33.4,Pakistan,India,Sana Mir,Sadia Yousuf,E Bisht,1,0,,,,,,,,,
1085955,2017,2017-07-02,County Ground,2,33.5,Pakistan,India,Sadia Yousuf,Sana Mir,E Bisht,0,0,,,,,,,,,
1085955,2017,2017-07-02,County Ground,2,33.6,Pakistan,India,Sadia Yousuf,Sana Mir,E Bisht,0,0,,,,,,,,,
1085955,2017,2017-07-02,County Ground,2,34.1,Pakistan,India,Sana Mir,Sadia Yousuf,M Joshi,0,0,,,,,,,,,
1085955,2017,2017-07-02,County Ground,2,34.2,Pakistan,India,Sana Mir,Sadia Yousuf,M Joshi,0,0,,,,,,,,,
1085955,2017,2017-07-02,County Ground,2,34.3,Pakistan,India,Sana Mir,Sadia Yousuf,M Joshi,4,0,,,,,,,,,
1085955,2017,2017-07-02,County Ground,2,34.4,Pakistan,India,Sana Mir,Sadia Yousuf,M Joshi,0,0,,,,,,,,,
1085955,2017,2017-07-02,County Ground,2,34.5,Pakistan,India,Sana Mir,Sadia Yousuf,M Joshi,0,0,,,,,,,,,
1085955,2017,2017-07-02,County Ground,2,34.6,Pakistan,India,Sana Mir,Sadia Yousuf,M Joshi,0,0,,,,,,,,,
1085955,2017,2017-07-02,County Ground,2,35.1,Pakistan,India,Sadia Yousuf,Sana Mir,E Bisht,0,0,,,,,,,,,
1085955,2017,2017-07-02,County Ground,2,35.2,Pakistan,India,Sadia Yousuf,Sana Mir,E Bisht,0,0,,,,,,,,,
1085955,2017,2017-07-02,County Ground,2,35.3,Pakistan,India,Sadia Yousuf,Sana Mir,E Bisht,1,0,,,,,,,,,
1085955,2017,2017-07-02,County Ground,2,35.4,Pakistan,India,Sana Mir,Sadia Yousuf,E Bisht,0,0,,,,,,,,,
1085955,2017,2017-07-02,County Ground,2,35.5,Pakistan,India,Sana Mir,Sadia Yousuf,E Bisht,1,0,,,,,,,,,
1085955,2017,2017-07-02,County Ground,2,35.6,Pakistan,India,Sadia Yousuf,Sana Mir,E Bisht,0,0,,,,,,,,,
1085955,2017,2017-07-02,County Ground,2,36.1,Pakistan,India,Sana Mir,Sadia Yousuf,M Joshi,0,0,,,,,,,,,
1085955,2017,2017-07-02,County Ground,2,36.2,Pakistan,India,Sana Mir,Sadia Yousuf,M Joshi,0,0,,,,,,,,,
1085955,2017,2017-07-02,County Ground,2,36.3,Pakistan,India,Sana Mir,Sadia Yousuf,M Joshi,1,0,,,,,,,,,
1085955,2017,2017-07-02,County Ground,2,36.4,Pakistan,India,Sadia Yousuf,Sana Mir,M Joshi,0,0,,,,,,,,,
1085955,2017,2017-07-02,County Ground,2,36.5,Pakistan,India,Sadia Yousuf,Sana Mir,M Joshi,0,0,,,,,,,,,
1085955,2017,2017-07-02,County Ground,2,36.6,Pakistan,India,Sadia Yousuf,Sana Mir,M Joshi,0,0,,,,,,,,,
1085955,2017,2017-07-02,County Ground,2,37.1,Pakistan,India,Sana Mir,Sadia Yousuf,E Bisht,1,0,,,,,,,,,
1085955,2017,2017-07-02,County Ground,2,37.2,Pakistan,India,Sadia Yousuf,Sana Mir,E Bisht,0,0,,,,,,,,,
1085955,2017,2017-07-02,County Ground,2,37.3,Pakistan,India,Sadia Yousuf,Sana Mir,E Bisht,0,0,,,,,,,,,
1085955,2017,2017-07-02,County Ground,2,37.4,Pakistan,India,Sadia Yousuf,Sana Mir,E Bisht,0,0,,,,,,,,,
1085955,2017,2017-07-02,County Ground,2,37.5,Pakistan,India,Sadia Yousuf,Sana Mir,E Bisht,0,0,,,,,,,,,
1085955,2017,2017-07-02,County Ground,2,37.6,Pakistan,India,Sadia Yousuf,Sana Mir,E Bisht,0,0,,,,,,,,,
1085955,2017,2017-07-02,County Ground,2,38.1,Pakistan,India,Sana Mir,Sadia Yousuf,M Joshi,0,0,,,,,,bowled,Sana Mir,,
