match_id,season,start_date,venue,innings,ball,batting_team,bowling_team,striker,non_striker,bowler,runs_off_bat,extras,wides,noballs,byes,legbyes,penalty,wicket_type,player_dismissed,other_wicket_type,other_player_dismissed
1085968,2017,2017-07-12,County Ground,1,0.1,England,New Zealand,L Winfield,TT Beaumont,LMM Tahuhu,0,0,,,,,,,,,
1085968,2017,2017-07-12,County Ground,1,0.2,England,New Zealand,L Winfield,TT Beaumont,LMM Tahuhu,0,0,,,,,,,,,
1085968,2017,2017-07-12,County Ground,1,0.3,England,New Zealand,L Winfield,TT Beaumont,LMM Tahuhu,0,0,,,,,,,,,
1085968,2017,2017-07-12,County Ground,1,0.4,England,New Zealand,L Winfield,TT Beaumont,LMM Tahuhu,0,0,,,,,,,,,
1085968,2017,2017-07-12,County Ground,1,0.5,England,New Zealand,L Winfield,TT Beaumont,LMM Tahuhu,0,0,,,,,,,,,
1085968,2017,2017-07-12,County Ground,1,0.6,England,New Zealand,L Winfield,TT Beaumont,LMM Tahuhu,0,0,,,,,,,,,
1085968,2017,2017-07-12,County Ground,1,1.1,England,New Zealand,TT Beaumont,L Winfield,LM Kasperek,0,0,,,,,,,,,
1085968,2017,2017-07-12,County Ground,1,1.2,England,New Zealand,TT Beaumont,L Winfield,LM Kasperek,0,0,,,,,,,,,
1085968,2017,2017-07-12,County Ground,1,1.3,England,New Zealand,TT Beaumont,L Winfield,LM Kasperek,0,0,,,,,,,,,
1085968,2017,2017-07-12,County Ground,1,1.4,England,New Zealand,TT Beaumont,L Winfield,LM Kasperek,0,0,,,,,,,,,
1085968,2017,2017-07-12,County Ground,1,1.5,England,New Zealand,TT Beaumont,L Winfield,LM Kasperek,0,0,,,,,,,,,
1085968,2017,2017-07-12,County Ground,1,1.6,England,New Zealand,TT Beaumont,L Winfield,LM Kasperek,0,1,1,,,,,,,,
1085968,2017,2017-07-12,County Ground,1,1.7,England,New Zealand,TT Beaumont,L Winfield,LM Kasperek,0,0,,,,,,,,,
1085968,2017,2017-07-12,County Ground,1,2.1,England,New Zealand,L Winfield,TT Beaumont,LMM Tahuhu,4,0,,,,,,,,,
1085968,2017,2017-07-12,County Ground,1,2.2,England,New Zealand,L Winfield,TT Beaumont,LMM Tahuhu,0,0,,,,,,,,,
1085968,2017,2017-07-12,County Ground,1,2.3,England,New Zealand,L Winfield,TT Beaumont,LMM Tahuhu,0,0,,,,,,,,,
1085968,2017,2017-07-12,County Ground,1,2.4,England,New Zealand,L Winfield,TT Beaumont,LMM Tahuhu,0,0,,,,,,,,,
1085968,2017,2017-07-12,County Ground,1,2.5,England,New Zealand,L Winfield,TT Beaumont,LMM Tahuhu,1,0,,,,,,,,,
1085968,2017,2017-07-12,County Ground,1,2.6,England,New Zealand,TT Beaumont,L Winfield,LMM Tahuhu,0,0,,,,,,,,,
1085968,2017,2017-07-12,County Ground,1,3.1,England,New Zealand,L Winfield,TT Beaumont,LM Kasperek,0,0,,,,,,,,,
1085968,2017,2017-07-12,County Ground,1,3.2,England,New Zealand,L Winfield,TT Beaumont,LM Kasperek,1,0,,,,,,,,,
1085968,2017,2017-07-12,County Ground,1,3.3,England,New Zealand,TT Beaumont,L Winfield,LM Kasperek,1,0,,,,,,,,,
1085968,2017,2017-07-12,County Ground,1,3.4,England,New Zealand,L Winfield,TT Beaumont,LM Kasperek,4,0,,,,,,,,,
1085968,2017,2017-07-12,County Ground,1,3.5,England,New Zealand,L Winfield,TT Beaumont,LM Kasperek,0,0,,,,,,,,,
1085968,2017,2017-07-12,County Ground,1,3.6,England,New Zealand,L Winfield,TT Beaumont,LM Kasperek,1,0,,,,,,,,,
1085968,2017,2017-07-12,County Ground,1,4.1,England,New Zealand,L Winfield,TT Beaumont,LMM Tahuhu,0,0,,,,,,caught,L Winfield,,
1085968,2017,2017-07-12,County Ground,1,4.2,England,New Zealand,SJ Taylor,TT Beaumont,LMM Tahuhu,0,0,,,,,,,,,
1085968,2017,2017-07-12,County Ground,1,4.3,England,New Zealand,SJ Taylor,TT Beaumont,LMM Tahuhu,4,0,,,,,,,,,
1085968,2017,2017-07-12,County Ground,1,4.4,England,New Zealand,SJ Taylor,TT Beaumont,LMM Tahuhu,0,0,,,,,,,,,
1085968,2017,2017-07-12,County Ground,1,4.5,England,New Zealand,SJ Taylor,TT Beaumont,LMM Tahuhu,0,0,,,,,,,,,
1085968,2017,2017-07-12,County Ground,1,4.6,England,New Zealand,SJ Taylor,TT Beaumont,LMM Tahuhu,1,0,,,,,,,,,
1085968,2017,2017-07-12,County Ground,1,5.1,England,New Zealand,SJ Taylor,TT Beaumont,LM Kasperek,0,0,,,,,,,,,
1085968,2017,2017-07-12,County Ground,1,5.2,England,New Zealand,SJ Taylor,TT Beaumont,LM Kasperek,1,0,,,,,,,,,
1085968,2017,2017-07-12,County Ground,1,5.3,England,New Zealand,TT Beaumont,SJ Taylor,LM Kasperek,0,0,,,,,,,,,
1085968,2017,2017-07-12,County Ground,1,5.4,England,New Zealand,TT Beaumont,SJ Taylor,LM Kasperek,1,0,,,,,,,,,
1085968,2017,2017-07-12,County Ground,1,5.5,England,New Zealand,SJ Taylor,TT Beaumont,LM Kasperek,0,0,,,,,,,,,
1085968,2017,2017-07-12,County Ground,1,5.6,England,New Zealand,SJ Taylor,TT Beaumont,LM Kasperek,1,0,,,,,,,,,
1085968,2017,2017-07-12,County Ground,1,6.1,England,New Zealand,SJ Taylor,TT Beaumont,HR Huddleston,0,0,,,,,,,,,
1085968,2017,2017-07-12,County Ground,1,6.2,England,New Zealand,SJ Taylor,TT Beaumont,HR Huddleston,1,0,,,,,,,,,
1085968,2017,2017-07-12,County Ground,1,6.3,England,New Zealand,TT Beaumont,SJ Taylor,HR Huddleston,0,0,,,,,,,,,
1085968,2017,2017-07-12,County Ground,1,6.4,England,New Zealand,TT Beaumont,SJ Taylor,HR Huddleston,0,0,,,,,,,,,
1085968,2017,2017-07-12,County Ground,1,6.5,England,New Zealand,TT Beaumont,SJ Taylor,HR Huddleston,0,0,,,,,,,,,
1085968,2017,2017-07-12,County Ground,1,6.6,England,New Zealand,TT Beaumont,SJ Taylor,HR Huddleston,0,0,,,,,,,,,
1085968,2017,2017-07-12,County Ground,1,7.1,England,New Zealand,SJ Taylor,TT Beaumont,LM Kasperek,0,0,,,,,,caught and bowled,SJ Taylor,,
1085968,2017,2017-07-12,County Ground,1,7.2,England,New Zealand,HC Knight,TT Beaumont,LM Kasperek,0,0,,,,,,,,,
1085968,2017,2017-07-12,County Ground,1,7.3,England,New Zealand,HC Knight,TT Beaumont,LM Kasperek,0,0,,,,,,,,,
1085968,2017,2017-07-12,County Ground,1,7.4,England,New Zealand,HC Knight,TT Beaumont,LM Kasperek,0,0,,,,,,,,,
1085968,2017,2017-07-12,County Ground,1,7.5,England,New Zealand,HC Knight,TT Beaumont,LM Kasperek,0,0,,,,,,,,,
1085968,2017,2017-07-12,County Ground,1,7.6,England,New Zealand,HC Knight,TT Beaumont,LM Kasperek,1,0,,,,,,,,,
1085968,2017,2017-07-12,County Ground,1,8.1,England,New Zealand,HC Knight,TT Beaumont,LMM Tahuhu,0,0,,,,,,,,,
1085968,2017,2017-07-12,County Ground,1,8.2,England,New Zealand,HC Knight,TT Beaumont,LMM Tahuhu,0,0,,,,,,,,,
1085968,2017,2017-07-12,County Ground,1,8.3,England,New Zealand,HC Knight,TT Beaumont,LMM Tahuhu,1,0,,,,,,,,,
1085968,2017,2017-07-12,County Ground,1,8.4,England,New Zealand,TT Beaumont,HC Knight,LMM Tahuhu,4,0,,,,,,,,,
1085968,2017,2017-07-12,County Ground,1,8.5,England,New Zealand,TT Beaumont,HC Knight,LMM Tahuhu,1,0,,,,,,,,,
1085968,2017,2017-07-12,County Ground,1,8.6,England,New Zealand,HC Knight,TT Beaumont,LMM Tahuhu,0,0,,,,,,,,,
1085968,2017,2017-07-12,County Ground,1,9.1,England,New Zealand,TT Beaumont,HC Knight,LM Kasperek,4,0,,,,,,,,,
1085968,2017,2017-07-12,County Ground,1,9.2,England,New Zealand,TT Beaumont,HC Knight,LM Kasperek,1,0,,,,,,,,,
1085968,2017,2017-07-12,County Ground,1,9.3,England,New Zealand,HC Knight,TT Beaumont,LM Kasperek,0,0,,,,,,,,,
1085968,2017,2017-07-12,County Ground,1,9.4,England,New Zealand,HC Knight,TT Beaumont,LM Kasperek,1,0,,,,,,,,,
1085968,2017,2017-07-12,County Ground,1,9.5,England,New Zealand,TT Beaumont,HC Knight,LM Kasperek,0,0,,,,,,,,,
1085968,2017,2017-07-12,County Ground,1,9.6,England,New Zealand,TT Beaumont,HC Knight,LM Kasperek,1,0,,,,,,,,,
1085968,2017,2017-07-12,County Ground,1,10.1,England,New Zealand,TT Beaumont,HC Knight,LMM Tahuhu,0,0,,,,,,,,,
1085968,2017,2017-07-12,County Ground,1,10.2,England,New Zealand,TT Beaumont,HC Knight,LMM Tahuhu,4,0,,,,,,,,,
1085968,2017,2017-07-12,County Ground,1,10.3,England,New Zealand,TT Beaumont,HC Knight,LMM Tahuhu,4,0,,,,,,,,,
1085968,2017,2017-07-12,County Ground,1,10.4,England,New Zealand,TT Beaumont,HC Knight,LMM Tahuhu,0,0,,,,,,,,,
1085968,2017,2017-07-12,County Ground,1,10.5,England,New Zealand,TT Beaumont,HC Knight,LMM Tahuhu,1,0,,,,,,,,,
1085968,2017,2017-07-12,County Ground,1,10.6,England,New Zealand,HC Knight,TT Beaumont,LMM Tahuhu,1,0,,,,,,,,,
1085968,2017,2017-07-12,County Ground,1,11.1,England,New Zealand,HC Knight,TT Beaumont,SW Bates,0,0,,,,,,,,,
1085968,2017,2017-07-12,County Ground,1,11.2,England,New Zealand,HC Knight,TT Beaumont,SW Bates,0,0,,,,,,,,,
1085968,2017,2017-07-12,County Ground,1,11.3,England,New Zealand,HC Knight,TT Beaumont,SW Bates,0,0,,,,,,,,,
1085968,2017,2017-07-12,County Ground,1,11.4,England,New Zealand,HC Knight,TT Beaumont,SW Bates,1,0,,,,,,,,,
1085968,2017,2017-07-12,County Ground,1,11.5,England,New Zealand,TT Beaumont,HC Knight,SW Bates,0,1,,,,1,,,,,
1085968,2017,2017-07-12,County Ground,1,11.6,England,New Zealand,HC Knight,TT Beaumont,SW Bates,1,0,,,,,,,,,
1085968,2017,2017-07-12,County Ground,1,12.1,England,New Zealand,HC Knight,TT Beaumont,HR Huddleston,0,0,,,,,,,,,
1085968,2017,2017-07-12,County Ground,1,12.2,England,New Zealand,HC Knight,TT Beaumont,HR Huddleston,0,0,,,,,,,,,
1085968,2017,2017-07-12,County Ground,1,12.3,England,New Zealand,HC Knight,TT Beaumont,HR Huddleston,0,0,,,,,,,,,
1085968,2017,2017-07-12,County Ground,1,12.4,England,New Zealand,HC Knight,TT Beaumont,HR Huddleston,0,0,,,,,,,,,
1085968,2017,2017-07-12,County Ground,1,12.5,England,New Zealand,HC Knight,TT Beaumont,HR Huddleston,0,0,,,,,,,,,
1085968,2017,2017-07-12,County Ground,1,12.6,England,New Zealand,HC Knight,TT Beaumont,HR Huddleston,1,0,,,,,,,,,
1085968,2017,2017-07-12,County Ground,1,13.1,England,New Zealand,HC Knight,TT Beaumont,SW Bates,0,0,,,,,,,,,
1085968,2017,2017-07-12,County Ground,1,13.2,England,New Zealand,HC Knight,TT Beaumont,SW Bates,0,0,,,,,,,,,
1085968,2017,2017-07-12,County Ground,1,13.3,England,New Zealand,HC Knight,TT Beaumont,SW Bates,1,0,,,,,,,,,
1085968,2017,2017-07-12,County Ground,1,13.4,England,New Zealand,TT Beaumont,HC Knight,SW Bates,1,0,,,,,,,,,
1085968,2017,2017-07-12,County Ground,1,13.5,England,New Zealand,HC Knight,TT Beaumont,SW Bates,0,0,,,,,,lbw,HC Knight,,
1085968,2017,2017-07-12,County Ground,1,13.6,England,New Zealand,NR Sciver,TT Beaumont,SW Bates,0,0,,,,,,,,,
1085968,2017,2017-07-12,County Ground,1,14.1,England,New Zealand,TT Beaumont,NR Sciver,HR Huddleston,1,0,,,,,,,,,
1085968,2017,2017-07-12,County Ground,1,14.2,England,New Zealand,NR Sciver,TT Beaumont,HR Huddleston,0,0,,,,,,,,,
1085968,2017,2017-07-12,County Ground,1,14.3,England,New Zealand,NR Sciver,TT Beaumont,HR Huddleston,0,0,,,,,,,,,
1085968,2017,2017-07-12,County Ground,1,14.4,England,New Zealand,NR Sciver,TT Beaumont,HR Huddleston,0,0,,,,,,,,,
1085968,2017,2017-07-12,County Ground,1,14.5,England,New Zealand,NR Sciver,TT Beaumont,HR Huddleston,1,0,,,,,,,,,
1085968,2017,2017-07-12,County Ground,1,14.6,England,New Zealand,TT Beaumont,NR Sciver,HR Huddleston,4,0,,,,,,,,,
1085968,2017,2017-07-12,County Ground,1,15.1,England,New Zealand,NR Sciver,TT Beaumont,SW Bates,0,0,,,,,,,,,
1085968,2017,2017-07-12,County Ground,1,15.2,England,New Zealand,NR Sciver,TT Beaumont,SW Bates,0,0,,,,,,,,,
1085968,2017,2017-07-12,County Ground,1,15.3,England,New Zealand,NR Sciver,TT Beaumont,SW Bates,0,0,,,,,,,,,
1085968,2017,2017-07-12,County Ground,1,15.4,England,New Zealand,NR Sciver,TT Beaumont,SW Bates,0,0,,,,,,,,,
1085968,2017,2017-07-12,County Ground,1,15.5,England,New Zealand,NR Sciver,TT Beaumont,SW Bates,1,0,,,,,,,,,
1085968,2017,2017-07-12,County Ground,1,15.6,England,New Zealand,TT Beaumont,NR Sciver,SW Bates,0,0,,,,,,,,,
1085968,2017,2017-07-12,County Ground,1,16.1,England,New Zealand,NR Sciver,TT Beaumont,HR Huddleston,4,0,,,,,,,,,
1085968,2017,2017-07-12,County Ground,1,16.2,England,New Zealand,NR Sciver,TT Beaumont,HR Huddleston,1,0,,,,,,,,,
1085968,2017,2017-07-12,County Ground,1,16.3,England,New Zealand,TT Beaumont,NR Sciver,HR Huddleston,1,0,,,,,,,,,
1085968,2017,2017-07-12,County Ground,1,16.4,England,New Zealand,NR Sciver,TT Beaumont,HR Huddleston,0,1,,,,1,,,,,
1085968,2017,2017-07-12,County Ground,1,16.5,England,New Zealand,TT Beaumont,NR Sciver,HR Huddleston,1,0,,,,,,,,,
1085968,2017,2017-07-12,County Ground,1,16.6,England,New Zealand,NR Sciver,TT Beaumont,HR Huddleston,0,0,,,,,,,,,
1085968,2017,2017-07-12,County Ground,1,17.1,England,New Zealand,TT Beaumont,NR Sciver,SW Bates,1,0,,,,,,,,,
1085968,2017,2017-07-12,County Ground,1,17.2,England,New Zealand,NR Sciver,TT Beaumont,SW Bates,0,0,,,,,,,,,
1085968,2017,2017-07-12,County Ground,1,17.3,England,New Zealand,NR Sciver,TT Beaumont,SW Bates,0,0,,,,,,,,,
1085968,2017,2017-07-12,County Ground,1,17.4,England,New Zealand,NR Sciver,TT Beaumont,SW Bates,2,0,,,,,,,,,
1085968,2017,2017-07-12,County Ground,1,17.5,England,New Zealand,NR Sciver,TT Beaumont,SW Bates,4,0,,,,,,,,,
1085968,2017,2017-07-12,County Ground,1,17.6,England,New Zealand,NR Sciver,TT Beaumont,SW Bates,1,0,,,,,,,,,
1085968,2017,2017-07-12,County Ground,1,18.1,England,New Zealand,NR Sciver,TT Beaumont,AC Kerr,0,0,,,,,,,,,
1085968,2017,2017-07-12,County Ground,1,18.2,England,New Zealand,NR Sciver,TT Beaumont,AC Kerr,1,0,,,,,,,,,
1085968,2017,2017-07-12,County Ground,1,18.3,England,New Zealand,TT Beaumont,NR Sciver,AC Kerr,0,0,,,,,,,,,
1085968,2017,2017-07-12,County Ground,1,18.4,England,New Zealand,TT Beaumont,NR Sciver,AC Kerr,0,1,1,,,,,,,,
1085968,2017,2017-07-12,County Ground,1,18.5,England,New Zealand,TT Beaumont,NR Sciver,AC Kerr,1,0,,,,,,,,,
1085968,2017,2017-07-12,County Ground,1,18.6,England,New Zealand,NR Sciver,TT Beaumont,AC Kerr,0,0,,,,,,,,,
1085968,2017,2017-07-12,County Ground,1,18.7,England,New Zealand,NR Sciver,TT Beaumont,AC Kerr,1,0,,,,,,,,,
1085968,2017,2017-07-12,County Ground,1,19.1,England,New Zealand,NR Sciver,TT Beaumont,EM Bermingham,1,0,,,,,,,,,
1085968,2017,2017-07-12,County Ground,1,19.2,England,New Zealand,TT Beaumont,NR Sciver,EM Bermingham,0,0,,,,,,,,,
1085968,2017,2017-07-12,County Ground,1,19.3,England,New Zealand,TT Beaumont,NR Sciver,EM Bermingham,0,0,,,,,,,,,
1085968,2017,2017-07-12,County Ground,1,19.4,England,New Zealand,TT Beaumont,NR Sciver,EM Bermingham,0,0,,,,,,,,,
1085968,2017,2017-07-12,County Ground,1,19.5,England,New Zealand,TT Beaumont,NR Sciver,EM Bermingham,4,0,,,,,,,,,
1085968,2017,2017-07-12,County Ground,1,19.6,England,New Zealand,TT Beaumont,NR Sciver,EM Bermingham,0,0,,,,,,,,,
1085968,2017,2017-07-12,County Ground,1,20.1,England,New Zealand,NR Sciver,TT Beaumont,AC Kerr,0,0,,,,,,,,,
1085968,2017,2017-07-12,County Ground,1,20.2,England,New Zealand,NR Sciver,TT Beaumont,AC Kerr,4,0,,,,,,,,,
1085968,2017,2017-07-12,County Ground,1,20.3,England,New Zealand,NR Sciver,TT Beaumont,AC Kerr,1,0,,,,,,,,,
1085968,2017,2017-07-12,County Ground,1,20.4,England,New Zealand,TT Beaumont,NR Sciver,AC Kerr,0,0,,,,,,,,,
1085968,2017,2017-07-12,County Ground,1,20.5,England,New Zealand,TT Beaumont,NR Sciver,AC Kerr,2,0,,,,,,,,,
1085968,2017,2017-07-12,County Ground,1,20.6,England,New Zealand,TT Beaumont,NR Sciver,AC Kerr,0,0,,,,,,,,,
1085968,2017,2017-07-12,County Ground,1,21.1,England,New Zealand,NR Sciver,TT Beaumont,EM Bermingham,0,0,,,,,,,,,
1085968,2017,2017-07-12,County Ground,1,21.2,England,New Zealand,NR Sciver,TT Beaumont,EM Bermingham,0,0,,,,,,,,,
1085968,2017,2017-07-12,County Ground,1,21.3,England,New Zealand,NR Sciver,TT Beaumont,EM Bermingham,1,0,,,,,,,,,
1085968,2017,2017-07-12,County Ground,1,21.4,England,New Zealand,TT Beaumont,NR Sciver,EM Bermingham,0,0,,,,,,,,,
1085968,2017,2017-07-12,County Ground,1,21.5,England,New Zealand,TT Beaumont,NR Sciver,EM Bermingham,0,0,,,,,,,,,
1085968,2017,2017-07-12,County Ground,1,21.6,England,New Zealand,TT Beaumont,NR Sciver,EM Bermingham,0,0,,,,,,,,,
1085968,2017,2017-07-12,County Ground,1,22.1,England,New Zealand,NR Sciver,TT Beaumont,AC Kerr,1,0,,,,,,,,,
1085968,2017,2017-07-12,County Ground,1,22.2,England,New Zealand,TT Beaumont,NR Sciver,AC Kerr,0,0,,,,,,,,,
1085968,2017,2017-07-12,County Ground,1,22.3,England,New Zealand,TT Beaumont,NR Sciver,AC Kerr,0,0,,,,,,,,,
1085968,2017,2017-07-12,County Ground,1,22.4,England,New Zealand,TT Beaumont,NR Sciver,AC Kerr,1,0,,,,,,,,,
1085968,2017,2017-07-12,County Ground,1,22.5,England,New Zealand,NR Sciver,TT Beaumont,AC Kerr,0,0,,,,,,,,,
1085968,2017,2017-07-12,County Ground,1,22.6,England,New Zealand,NR Sciver,TT Beaumont,AC Kerr,1,0,,,,,,,,,
1085968,2017,2017-07-12,County Ground,1,23.1,England,New Zealand,NR Sciver,TT Beaumont,EM Bermingham,0,0,,,,,,,,,
1085968,2017,2017-07-12,County Ground,1,23.2,England,New Zealand,NR Sciver,TT Beaumont,EM Bermingham,1,0,,,,,,,,,
1085968,2017,2017-07-12,County Ground,1,23.3,England,New Zealand,TT Beaumont,NR Sciver,EM Bermingham,2,0,,,,,,,,,
1085968,2017,2017-07-12,County Ground,1,23.4,England,New Zealand,TT Beaumont,NR Sciver,EM Bermingham,0,1,1,,,,,,,,
1085968,2017,2017-07-12,County Ground,1,23.5,England,New Zealand,TT Beaumont,NR Sciver,EM Bermingham,0,0,,,,,,,,,
1085968,2017,2017-07-12,County Ground,1,23.6,England,New Zealand,TT Beaumont,NR Sciver,EM Bermingham,0,0,,,,,,,,,
1085968,2017,2017-07-12,County Ground,1,23.7,England,New Zealand,TT Beaumont,NR Sciver,EM Bermingham,1,0,,,,,,,,,
1085968,2017,2017-07-12,County Ground,1,24.1,England,New Zealand,TT Beaumont,NR Sciver,AC Kerr,4,0,,,,,,,,,
1085968,2017,2017-07-12,County Ground,1,24.2,England,New Zealand,TT Beaumont,NR Sciver,AC Kerr,0,0,,,,,,,,,
1085968,2017,2017-07-12,County Ground,1,24.3,England,New Zealand,TT Beaumont,NR Sciver,AC Kerr,1,0,,,,,,,,,
1085968,2017,2017-07-12,County Ground,1,24.4,England,New Zealand,NR Sciver,TT Beaumont,AC Kerr,1,0,,,,,,,,,
1085968,2017,2017-07-12,County Ground,1,24.5,England,New Zealand,TT Beaumont,NR Sciver,AC Kerr,1,0,,,,,,,,,
1085968,2017,2017-07-12,County Ground,1,24.6,England,New Zealand,NR Sciver,TT Beaumont,AC Kerr,0,0,,,,,,,,,
1085968,2017,2017-07-12,County Ground,1,25.1,England,New Zealand,TT Beaumont,NR Sciver,EM Bermingham,1,0,,,,,,,,,
1085968,2017,2017-07-12,County Ground,1,25.2,England,New Zealand,NR Sciver,TT Beaumont,EM Bermingham,1,0,,,,,,,,,
1085968,2017,2017-07-12,County Ground,1,25.3,England,New Zealand,TT Beaumont,NR Sciver,EM Bermingham,1,0,,,,,,,,,
1085968,2017,2017-07-12,County Ground,1,25.4,England,New Zealand,NR Sciver,TT Beaumont,EM Bermingham,1,0,,,,,,,,,
1085968,2017,2017-07-12,County Ground,1,25.5,England,New Zealand,TT Beaumont,NR Sciver,EM Bermingham,0,0,,,,,,,,,
1085968,2017,2017-07-12,County Ground,1,25.6,England,New Zealand,TT Beaumont,NR Sciver,EM Bermingham,1,0,,,,,,,,,
1085968,2017,2017-07-12,County Ground,1,26.1,England,New Zealand,TT Beaumont,NR Sciver,HR Huddleston,1,0,,,,,,,,,
1085968,2017,2017-07-12,County Ground,1,26.2,England,New Zealand,NR Sciver,TT Beaumont,HR Huddleston,1,0,,,,,,,,,
1085968,2017,2017-07-12,County Ground,1,26.3,England,New Zealand,TT Beaumont,NR Sciver,HR Huddleston,0,0,,,,,,,,,
1085968,2017,2017-07-12,County Ground,1,26.4,England,New Zealand,TT Beaumont,NR Sciver,HR Huddleston,1,0,,,,,,,,,
1085968,2017,2017-07-12,County Ground,1,26.5,England,New Zealand,NR Sciver,TT Beaumont,HR Huddleston,2,0,,,,,,,,,
1085968,2017,2017-07-12,County Ground,1,26.6,England,New Zealand,NR Sciver,TT Beaumont,HR Huddleston,0,0,,,,,,,,,
1085968,2017,2017-07-12,County Ground,1,27.1,England,New Zealand,TT Beaumont,NR Sciver,LM Kasperek,0,1,1,,,,,,,,
1085968,2017,2017-07-12,County Ground,1,27.2,England,New Zealand,TT Beaumont,NR Sciver,LM Kasperek,0,0,,,,,,,,,
1085968,2017,2017-07-12,County Ground,1,27.3,England,New Zealand,TT Beaumont,NR Sciver,LM Kasperek,1,0,,,,,,,,,
1085968,2017,2017-07-12,County Ground,1,27.4,England,New Zealand,NR Sciver,TT Beaumont,LM Kasperek,1,0,,,,,,,,,
1085968,2017,2017-07-12,County Ground,1,27.5,England,New Zealand,TT Beaumont,NR Sciver,LM Kasperek,0,0,,,,,,,,,
1085968,2017,2017-07-12,County Ground,1,27.6,England,New Zealand,TT Beaumont,NR Sciver,LM Kasperek,1,0,,,,,,,,,
1085968,2017,2017-07-12,County Ground,1,27.7,England,New Zealand,NR Sciver,TT Beaumont,LM Kasperek,1,0,,,,,,,,,
1085968,2017,2017-07-12,County Ground,1,28.1,England,New Zealand,NR Sciver,TT Beaumont,HR Huddleston,0,0,,,,,,,,,
1085968,2017,2017-07-12,County Ground,1,28.2,England,New Zealand,NR Sciver,TT Beaumont,HR Huddleston,1,0,,,,,,,,,
1085968,2017,2017-07-12,County Ground,1,28.3,England,New Zealand,TT Beaumont,NR Sciver,HR Huddleston,0,0,,,,,,,,,
1085968,2017,2017-07-12,County Ground,1,28.4,England,New Zealand,TT Beaumont,NR Sciver,HR Huddleston,0,0,,,,,,,,,
1085968,2017,2017-07-12,County Ground,1,28.5,England,New Zealand,TT Beaumont,NR Sciver,HR Huddleston,2,0,,,,,,,,,
1085968,2017,2017-07-12,County Ground,1,28.6,England,New Zealand,TT Beaumont,NR Sciver,HR Huddleston,0,0,,,,,,,,,
1085968,2017,2017-07-12,County Ground,1,29.1,England,New Zealand,NR Sciver,TT Beaumont,LM Kasperek,2,0,,,,,,,,,
1085968,2017,2017-07-12,County Ground,1,29.2,England,New Zealand,NR Sciver,TT Beaumont,LM Kasperek,0,0,,,,,,,,,
1085968,2017,2017-07-12,County Ground,1,29.3,England,New Zealand,NR Sciver,TT Beaumont,LM Kasperek,1,0,,,,,,,,,
1085968,2017,2017-07-12,County Ground,1,29.4,England,New Zealand,TT Beaumont,NR Sciver,LM Kasperek,1,0,,,,,,,,,
1085968,2017,2017-07-12,County Ground,1,29.5,England,New Zealand,NR Sciver,TT Beaumont,LM Kasperek,4,0,,,,,,,,,
1085968,2017,2017-07-12,County Ground,1,29.6,England,New Zealand,NR Sciver,TT Beaumont,LM Kasperek,0,0,,,,,,,,,
1085968,2017,2017-07-12,County Ground,1,30.1,England,New Zealand,TT Beaumont,NR Sciver,HR Huddleston,0,1,,,,1,,,,,
1085968,2017,2017-07-12,County Ground,1,30.2,England,New Zealand,NR Sciver,TT Beaumont,HR Huddleston,0,0,,,,,,,,,
1085968,2017,2017-07-12,County Ground,1,30.3,England,New Zealand,NR Sciver,TT Beaumont,HR Huddleston,4,0,,,,,,,,,
1085968,2017,2017-07-12,County Ground,1,30.4,England,New Zealand,NR Sciver,TT Beaumont,HR Huddleston,1,0,,,,,,,,,
1085968,2017,2017-07-12,County Ground,1,30.5,England,New Zealand,TT Beaumont,NR Sciver,HR Huddleston,4,0,,,,,,,,,
1085968,2017,2017-07-12,County Ground,1,30.6,England,New Zealand,TT Beaumont,NR Sciver,HR Huddleston,0,0,,,,,,,,,
1085968,2017,2017-07-12,County Ground,1,31.1,England,New Zealand,NR Sciver,TT Beaumont,SW Bates,3,0,,,,,,,,,
1085968,2017,2017-07-12,County Ground,1,31.2,England,New Zealand,TT Beaumont,NR Sciver,SW Bates,1,0,,,,,,,,,
1085968,2017,2017-07-12,County Ground,1,31.3,England,New Zealand,NR Sciver,TT Beaumont,SW Bates,1,0,,,,,,,,,
1085968,2017,2017-07-12,County Ground,1,31.4,England,New Zealand,TT Beaumont,NR Sciver,SW Bates,1,0,,,,,,,,,
1085968,2017,2017-07-12,County Ground,1,31.5,England,New Zealand,NR Sciver,TT Beaumont,SW Bates,1,0,,,,,,,,,
1085968,2017,2017-07-12,County Ground,1,31.6,England,New Zealand,TT Beaumont,NR Sciver,SW Bates,0,0,,,,,,,,,
1085968,2017,2017-07-12,County Ground,1,32.1,England,New Zealand,NR Sciver,TT Beaumont,LMM Tahuhu,0,0,,,,,,,,,
1085968,2017,2017-07-12,County Ground,1,32.2,England,New Zealand,NR Sciver,TT Beaumont,LMM Tahuhu,2,0,,,,,,,,,
1085968,2017,2017-07-12,County Ground,1,32.3,England,New Zealand,NR Sciver,TT Beaumont,LMM Tahuhu,1,0,,,,,,,,,
1085968,2017,2017-07-12,County Ground,1,32.4,England,New Zealand,TT Beaumont,NR Sciver,LMM Tahuhu,0,0,,,,,,,,,
1085968,2017,2017-07-12,County Ground,1,32.5,England,New Zealand,TT Beaumont,NR Sciver,LMM Tahuhu,1,0,,,,,,,,,
1085968,2017,2017-07-12,County Ground,1,32.6,England,New Zealand,NR Sciver,TT Beaumont,LMM Tahuhu,2,0,,,,,,,,,
1085968,2017,2017-07-12,County Ground,1,33.1,England,New Zealand,TT Beaumont,NR Sciver,SW Bates,1,0,,,,,,,,,
1085968,2017,2017-07-12,County Ground,1,33.2,England,New Zealand,NR Sciver,TT Beaumont,SW Bates,1,0,,,,,,,,,
1085968,2017,2017-07-12,County Ground,1,33.3,England,New Zealand,TT Beaumont,NR Sciver,SW Bates,1,0,,,,,,,,,
1085968,2017,2017-07-12,County Ground,1,33.4,England,New Zealand,NR Sciver,TT Beaumont,SW Bates,4,0,,,,,,,,,
1085968,2017,2017-07-12,County Ground,1,33.5,England,New Zealand,NR Sciver,TT Beaumont,SW Bates,1,0,,,,,,,,,
1085968,2017,2017-07-12,County Ground,1,33.6,England,New Zealand,TT Beaumont,NR Sciver,SW Bates,1,0,,,,,,,,,
1085968,2017,2017-07-12,County Ground,1,34.1,England,New Zealand,TT Beaumont,NR Sciver,LMM Tahuhu,1,0,,,,,,,,,
1085968,2017,2017-07-12,County Ground,1,34.2,England,New Zealand,NR Sciver,TT Beaumont,LMM Tahuhu,0,0,,,,,,,,,
1085968,2017,2017-07-12,County Ground,1,34.3,England,New Zealand,NR Sciver,TT Beaumont,LMM Tahuhu,1,0,,,,,,,,,
1085968,2017,2017-07-12,County Ground,1,34.4,England,New Zealand,TT Beaumont,NR Sciver,LMM Tahuhu,1,0,,,,,,,,,
1085968,2017,2017-07-12,County Ground,1,34.5,England,New Zealand,NR Sciver,TT Beaumont,LMM Tahuhu,0,0,,,,,,,,,
1085968,2017,2017-07-12,County Ground,1,34.6,England,New Zealand,NR Sciver,TT Beaumont,LMM Tahuhu,1,0,,,,,,,,,
1085968,2017,2017-07-12,County Ground,1,35.1,England,New Zealand,NR Sciver,TT Beaumont,SW Bates,1,0,,,,,,,,,
1085968,2017,2017-07-12,County Ground,1,35.2,England,New Zealand,TT Beaumont,NR Sciver,SW Bates,4,0,,,,,,,,,
1085968,2017,2017-07-12,County Ground,1,35.3,England,New Zealand,TT Beaumont,NR Sciver,SW Bates,4,0,,,,,,,,,
1085968,2017,2017-07-12,County Ground,1,35.4,England,New Zealand,TT Beaumont,NR Sciver,SW Bates,1,0,,,,,,,,,
1085968,2017,2017-07-12,County Ground,1,35.5,England,New Zealand,NR Sciver,TT Beaumont,SW Bates,1,0,,,,,,,,,
1085968,2017,2017-07-12,County Ground,1,35.6,England,New Zealand,TT Beaumont,NR Sciver,SW Bates,1,0,,,,,,,,,
1085968,2017,2017-07-12,County Ground,1,36.1,England,New Zealand,TT Beaumont,NR Sciver,LMM Tahuhu,6,0,,,,,,,,,
1085968,2017,2017-07-12,County Ground,1,36.2,England,New Zealand,TT Beaumont,NR Sciver,LMM Tahuhu,1,0,,,,,,,,,
1085968,2017,2017-07-12,County Ground,1,36.3,England,New Zealand,NR Sciver,TT Beaumont,LMM Tahuhu,0,0,,,,,,,,,
1085968,2017,2017-07-12,County Ground,1,36.4,England,New Zealand,NR Sciver,TT Beaumont,LMM Tahuhu,1,0,,,,,,,,,
1085968,2017,2017-07-12,County Ground,1,36.5,England,New Zealand,TT Beaumont,NR Sciver,LMM Tahuhu,1,0,,,,,,,,,
1085968,2017,2017-07-12,County Ground,1,36.6,England,New Zealand,NR Sciver,TT Beaumont,LMM Tahuhu,1,0,,,,,,,,,
1085968,2017,2017-07-12,County Ground,1,37.1,England,New Zealand,NR Sciver,TT Beaumont,SW Bates,4,0,,,,,,,,,
1085968,2017,2017-07-12,County Ground,1,37.2,England,New Zealand,NR Sciver,TT Beaumont,SW Bates,3,0,,,,,,,,,
1085968,2017,2017-07-12,County Ground,1,37.3,England,New Zealand,TT Beaumont,NR Sciver,SW Bates,0,1,1,,,,,,,,
1085968,2017,2017-07-12,County Ground,1,37.4,England,New Zealand,TT Beaumont,NR Sciver,SW Bates,0,0,,,,,,,,,
1085968,2017,2017-07-12,County Ground,1,37.5,England,New Zealand,TT Beaumont,NR Sciver,SW Bates,1,0,,,,,,,,,
1085968,2017,2017-07-12,County Ground,1,37.6,England,New Zealand,NR Sciver,TT Beaumont,SW Bates,1,0,,,,,,,,,
1085968,2017,2017-07-12,County Ground,1,37.7,England,New Zealand,TT Beaumont,NR Sciver,SW Bates,0,0,,,,,,,,,
1085968,2017,2017-07-12,County Ground,1,38.1,England,New Zealand,NR Sciver,TT Beaumont,HR Huddleston,2,0,,,,,,,,,
1085968,2017,2017-07-12,County Ground,1,38.2,England,New Zealand,NR Sciver,TT Beaumont,HR Huddleston,0,0,,,,,,,,,
1085968,2017,2017-07-12,County Ground,1,38.3,England,New Zealand,NR Sciver,TT Beaumont,HR Huddleston,2,0,,,,,,,,,
1085968,2017,2017-07-12,County Ground,1,38.4,England,New Zealand,NR Sciver,TT Beaumont,HR Huddleston,4,0,,,,,,,,,
1085968,2017,2017-07-12,County Ground,1,38.5,England,New Zealand,NR Sciver,TT Beaumont,HR Huddleston,0,0,,,,,,,,,
1085968,2017,2017-07-12,County Ground,1,38.6,England,New Zealand,NR Sciver,TT Beaumont,HR Huddleston,2,0,,,,,,,,,
1085968,2017,2017-07-12,County Ground,1,39.1,England,New Zealand,TT Beaumont,NR Sciver,LM Kasperek,1,0,,,,,,,,,
1085968,2017,2017-07-12,County Ground,1,39.2,England,New Zealand,NR Sciver,TT Beaumont,LM Kasperek,1,0,,,,,,,,,
1085968,2017,2017-07-12,County Ground,1,39.3,England,New Zealand,TT Beaumont,NR Sciver,LM Kasperek,1,0,,,,,,,,,
1085968,2017,2017-07-12,County Ground,1,39.4,England,New Zealand,NR Sciver,TT Beaumont,LM Kasperek,1,0,,,,,,,,,
1085968,2017,2017-07-12,County Ground,1,39.5,England,New Zealand,TT Beaumont,NR Sciver,LM Kasperek,1,0,,,,,,,,,
1085968,2017,2017-07-12,County Ground,1,39.6,England,New Zealand,NR Sciver,TT Beaumont,LM Kasperek,1,0,,,,,,,,,
1085968,2017,2017-07-12,County Ground,1,40.1,England,New Zealand,NR Sciver,TT Beaumont,AC Kerr,1,0,,,,,,,,,
1085968,2017,2017-07-12,County Ground,1,40.2,England,New Zealand,TT Beaumont,NR Sciver,AC Kerr,1,0,,,,,,,,,
1085968,2017,2017-07-12,County Ground,1,40.3,England,New Zealand,NR Sciver,TT Beaumont,AC Kerr,2,0,,,,,,,,,
1085968,2017,2017-07-12,County Ground,1,40.4,England,New Zealand,NR Sciver,TT Beaumont,AC Kerr,1,0,,,,,,,,,
1085968,2017,2017-07-12,County Ground,1,40.5,England,New Zealand,TT Beaumont,NR Sciver,AC Kerr,0,0,,,,,,,,,
1085968,2017,2017-07-12,County Ground,1,40.6,England,New Zealand,TT Beaumont,NR Sciver,AC Kerr,0,0,,,,,,caught,TT Beaumont,,
1085968,2017,2017-07-12,County Ground,1,41.1,England,New Zealand,FC Wilson,NR Sciver,LM Kasperek,0,0,,,,,,,,,
1085968,2017,2017-07-12,County Ground,1,41.2,England,New Zealand,FC Wilson,NR Sciver,LM Kasperek,1,0,,,,,,,,,
1085968,2017,2017-07-12,County Ground,1,41.3,England,New Zealand,NR Sciver,FC Wilson,LM Kasperek,2,0,,,,,,,,,
1085968,2017,2017-07-12,County Ground,1,41.4,England,New Zealand,NR Sciver,FC Wilson,LM Kasperek,1,0,,,,,,,,,
1085968,2017,2017-07-12,County Ground,1,41.5,England,New Zealand,FC Wilson,NR Sciver,LM Kasperek,0,0,,,,,,,,,
1085968,2017,2017-07-12,County Ground,1,41.6,England,New Zealand,FC Wilson,NR Sciver,LM Kasperek,2,0,,,,,,,,,
1085968,2017,2017-07-12,County Ground,1,42.1,England,New Zealand,NR Sciver,FC Wilson,AC Kerr,1,0,,,,,,,,,
1085968,2017,2017-07-12,County Ground,1,42.2,England,New Zealand,FC Wilson,NR Sciver,AC Kerr,1,0,,,,,,,,,
1085968,2017,2017-07-12,County Ground,1,42.3,England,New Zealand,NR Sciver,FC Wilson,AC Kerr,2,0,,,,,,,,,
1085968,2017,2017-07-12,County Ground,1,42.4,England,New Zealand,NR Sciver,FC Wilson,AC Kerr,1,0,,,,,,,,,
1085968,2017,2017-07-12,County Ground,1,42.5,England,New Zealand,FC Wilson,NR Sciver,AC Kerr,2,0,,,,,,,,,
1085968,2017,2017-07-12,County Ground,1,42.6,England,New Zealand,FC Wilson,NR Sciver,AC Kerr,1,0,,,,,,,,,
1085968,2017,2017-07-12,County Ground,1,43.1,England,New Zealand,FC Wilson,NR Sciver,LM Kasperek,2,0,,,,,,,,,
1085968,2017,2017-07-12,County Ground,1,43.2,England,New Zealand,FC Wilson,NR Sciver,LM Kasperek,1,0,,,,,,,,,
1085968,2017,2017-07-12,County Ground,1,43.3,England,New Zealand,NR Sciver,FC Wilson,LM Kasperek,1,0,,,,,,,,,
1085968,2017,2017-07-12,County Ground,1,43.4,England,New Zealand,FC Wilson,NR Sciver,LM Kasperek,0,0,,,,,,caught,FC Wilson,,
1085968,2017,2017-07-12,County Ground,1,43.5,England,New Zealand,NR Sciver,KH Brunt,LM Kasperek,0,0,,,,,,,,,
1085968,2017,2017-07-12,County Ground,1,43.6,England,New Zealand,NR Sciver,KH Brunt,LM Kasperek,1,0,,,,,,,,,
1085968,2017,2017-07-12,County Ground,1,44.1,England,New Zealand,NR Sciver,KH Brunt,AC Kerr,0,0,,,,,,,,,
1085968,2017,2017-07-12,County Ground,1,44.2,England,New Zealand,NR Sciver,KH Brunt,AC Kerr,2,0,,,,,,,,,
1085968,2017,2017-07-12,County Ground,1,44.3,England,New Zealand,NR Sciver,KH Brunt,AC Kerr,2,0,,,,,,,,,
1085968,2017,2017-07-12,County Ground,1,44.4,England,New Zealand,NR Sciver,KH Brunt,AC Kerr,4,0,,,,,,,,,
1085968,2017,2017-07-12,County Ground,1,44.5,England,New Zealand,NR Sciver,KH Brunt,AC Kerr,0,0,,,,,,,,,
1085968,2017,2017-07-12,County Ground,1,44.6,England,New Zealand,NR Sciver,KH Brunt,AC Kerr,1,0,,,,,,,,,
1085968,2017,2017-07-12,County Ground,1,45.1,England,New Zealand,NR Sciver,KH Brunt,EM Bermingham,1,0,,,,,,,,,
1085968,2017,2017-07-12,County Ground,1,45.2,England,New Zealand,KH Brunt,NR Sciver,EM Bermingham,1,0,,,,,,,,,
1085968,2017,2017-07-12,County Ground,1,45.3,England,New Zealand,NR Sciver,KH Brunt,EM Bermingham,4,0,,,,,,,,,
1085968,2017,2017-07-12,County Ground,1,45.4,England,New Zealand,NR Sciver,KH Brunt,EM Bermingham,4,0,,,,,,,,,
1085968,2017,2017-07-12,County Ground,1,45.5,England,New Zealand,NR Sciver,KH Brunt,EM Bermingham,2,0,,,,,,,,,
1085968,2017,2017-07-12,County Ground,1,45.6,England,New Zealand,NR Sciver,KH Brunt,EM Bermingham,1,0,,,,,,,,,
1085968,2017,2017-07-12,County Ground,1,46.1,England,New Zealand,NR Sciver,KH Brunt,AC Kerr,2,0,,,,,,,,,
1085968,2017,2017-07-12,County Ground,1,46.2,England,New Zealand,NR Sciver,KH Brunt,AC Kerr,2,0,,,,,,,,,
1085968,2017,2017-07-12,County Ground,1,46.3,England,New Zealand,NR Sciver,KH Brunt,AC Kerr,1,0,,,,,,,,,
1085968,2017,2017-07-12,County Ground,1,46.4,England,New Zealand,KH Brunt,NR Sciver,AC Kerr,1,0,,,,,,,,,
1085968,2017,2017-07-12,County Ground,1,46.5,England,New Zealand,NR Sciver,KH Brunt,AC Kerr,0,0,,,,,,caught,NR Sciver,,
1085968,2017,2017-07-12,County Ground,1,46.6,England,New Zealand,KH Brunt,JL Gunn,AC Kerr,1,0,,,,,,,,,
1085968,2017,2017-07-12,County Ground,1,47.1,England,New Zealand,KH Brunt,JL Gunn,EM Bermingham,1,0,,,,,,,,,
1085968,2017,2017-07-12,County Ground,1,47.2,England,New Zealand,JL Gunn,KH Brunt,EM Bermingham,0,0,,,,,,,,,
1085968,2017,2017-07-12,County Ground,1,47.3,England,New Zealand,JL Gunn,KH Brunt,EM Bermingham,1,0,,,,,,,,,
1085968,2017,2017-07-12,County Ground,1,47.4,England,New Zealand,KH Brunt,JL Gunn,EM Bermingham,4,0,,,,,,,,,
1085968,2017,2017-07-12,County Ground,1,47.5,England,New Zealand,KH Brunt,JL Gunn,EM Bermingham,1,0,,,,,,,,,
1085968,2017,2017-07-12,County Ground,1,47.6,England,New Zealand,JL Gunn,KH Brunt,EM Bermingham,0,0,,,,,,stumped,JL Gunn,,
1085968,2017,2017-07-12,County Ground,1,48.1,England,New Zealand,KH Brunt,A Shrubsole,AC Kerr,0,0,,,,,,,,,
1085968,2017,2017-07-12,County Ground,1,48.2,England,New Zealand,KH Brunt,A Shrubsole,AC Kerr,0,0,,,,,,caught,KH Brunt,,
1085968,2017,2017-07-12,County Ground,1,48.3,England,New Zealand,LA Marsh,A Shrubsole,AC Kerr,1,0,,,,,,,,,
1085968,2017,2017-07-12,County Ground,1,48.4,England,New Zealand,A Shrubsole,LA Marsh,AC Kerr,0,0,,,,,,bowled,A Shrubsole,,
1085968,2017,2017-07-12,County Ground,1,48.5,England,New Zealand,A Hartley,LA Marsh,AC Kerr,0,0,,,,,,,,,
1085968,2017,2017-07-12,County Ground,1,48.6,England,New Zealand,A Hartley,LA Marsh,AC Kerr,0,0,,,,,,,,,
1085968,2017,2017-07-12,County Ground,1,49.1,England,New Zealand,LA Marsh,A Hartley,EM Bermingham,1,0,,,,,,,,,
1085968,2017,2017-07-12,County Ground,1,49.2,England,New Zealand,A Hartley,LA Marsh,EM Bermingham,1,0,,,,,,,,,
1085968,2017,2017-07-12,County Ground,1,49.3,England,New Zealand,LA Marsh,A Hartley,EM Bermingham,1,0,,,,,,,,,
1085968,2017,2017-07-12,County Ground,1,49.4,England,New Zealand,A Hartley,LA Marsh,EM Bermingham,0,0,,,,,,,,,
1085968,2017,2017-07-12,County Ground,1,49.5,England,New Zealand,A Hartley,LA Marsh,EM Bermingham,0,1,,,,1,,,,,
1085968,2017,2017-07-12,County Ground,1,49.6,England,New Zealand,LA Marsh,A Hartley,EM Bermingham,2,0,,,,,,,,,
1085968,2017,2017-07-12,County Ground,2,0.1,New Zealand,England,SW Bates,RH Priest,KH Brunt,0,0,,,,,,,,,
1085968,2017,2017-07-12,County Ground,2,0.2,New Zealand,England,SW Bates,RH Priest,KH Brunt,0,0,,,,,,,,,
1085968,2017,2017-07-12,County Ground,2,0.3,New Zealand,England,SW Bates,RH Priest,KH Brunt,0,0,,,,,,,,,
1085968,2017,2017-07-12,County Ground,2,0.4,New Zealand,England,SW Bates,RH Priest,KH Brunt,0,0,,,,,,,,,
1085968,2017,2017-07-12,County Ground,2,0.5,New Zealand,England,SW Bates,RH Priest,KH Brunt,0,1,,,,1,,,,,
1085968,2017,2017-07-12,County Ground,2,0.6,New Zealand,England,RH Priest,SW Bates,KH Brunt,4,0,,,,,,,,,
1085968,2017,2017-07-12,County Ground,2,1.1,New Zealand,England,SW Bates,RH Priest,A Shrubsole,1,0,,,,,,,,,
1085968,2017,2017-07-12,County Ground,2,1.2,New Zealand,England,RH Priest,SW Bates,A Shrubsole,4,0,,,,,,,,,
1085968,2017,2017-07-12,County Ground,2,1.3,New Zealand,England,RH Priest,SW Bates,A Shrubsole,0,0,,,,,,,,,
1085968,2017,2017-07-12,County Ground,2,1.4,New Zealand,England,RH Priest,SW Bates,A Shrubsole,4,0,,,,,,,,,
1085968,2017,2017-07-12,County Ground,2,1.5,New Zealand,England,RH Priest,SW Bates,A Shrubsole,0,0,,,,,,bowled,RH Priest,,
1085968,2017,2017-07-12,County Ground,2,1.6,New Zealand,England,AE Satterthwaite,SW Bates,A Shrubsole,0,0,,,,,,,,,
1085968,2017,2017-07-12,County Ground,2,2.1,New Zealand,England,SW Bates,AE Satterthwaite,KH Brunt,0,0,,,,,,,,,
1085968,2017,2017-07-12,County Ground,2,2.2,New Zealand,England,SW Bates,AE Satterthwaite,KH Brunt,0,0,,,,,,,,,
1085968,2017,2017-07-12,County Ground,2,2.3,New Zealand,England,SW Bates,AE Satterthwaite,KH Brunt,0,0,,,,,,,,,
1085968,2017,2017-07-12,County Ground,2,2.4,New Zealand,England,SW Bates,AE Satterthwaite,KH Brunt,2,0,,,,,,,,,
1085968,2017,2017-07-12,County Ground,2,2.5,New Zealand,England,SW Bates,AE Satterthwaite,KH Brunt,0,0,,,,,,,,,
1085968,2017,2017-07-12,County Ground,2,2.6,New Zealand,England,SW Bates,AE Satterthwaite,KH Brunt,1,0,,,,,,,,,
1085968,2017,2017-07-12,County Ground,2,3.1,New Zealand,England,SW Bates,AE Satterthwaite,A Shrubsole,0,0,,,,,,,,,
1085968,2017,2017-07-12,County Ground,2,3.2,New Zealand,England,SW Bates,AE Satterthwaite,A Shrubsole,0,0,,,,,,,,,
1085968,2017,2017-07-12,County Ground,2,3.3,New Zealand,England,SW Bates,AE Satterthwaite,A Shrubsole,0,0,,,,,,,,,
1085968,2017,2017-07-12,County Ground,2,3.4,New Zealand,England,SW Bates,AE Satterthwaite,A Shrubsole,0,0,,,,,,,,,
1085968,2017,2017-07-12,County Ground,2,3.5,New Zealand,England,SW Bates,AE Satterthwaite,A Shrubsole,0,0,,,,,,,,,
1085968,2017,2017-07-12,County Ground,2,3.6,New Zealand,England,SW Bates,AE Satterthwaite,A Shrubsole,0,0,,,,,,,,,
1085968,2017,2017-07-12,County Ground,2,4.1,New Zealand,England,AE Satterthwaite,SW Bates,KH Brunt,2,0,,,,,,,,,
1085968,2017,2017-07-12,County Ground,2,4.2,New Zealand,England,AE Satterthwaite,SW Bates,KH Brunt,0,0,,,,,,,,,
1085968,2017,2017-07-12,County Ground,2,4.3,New Zealand,England,AE Satterthwaite,SW Bates,KH Brunt,0,0,,,,,,,,,
1085968,2017,2017-07-12,County Ground,2,4.4,New Zealand,England,AE Satterthwaite,SW Bates,KH Brunt,0,0,,,,,,,,,
1085968,2017,2017-07-12,County Ground,2,4.5,New Zealand,England,AE Satterthwaite,SW Bates,KH Brunt,0,0,,,,,,,,,
1085968,2017,2017-07-12,County Ground,2,4.6,New Zealand,England,AE Satterthwaite,SW Bates,KH Brunt,0,0,,,,,,,,,
1085968,2017,2017-07-12,County Ground,2,5.1,New Zealand,England,SW Bates,AE Satterthwaite,A Shrubsole,0,0,,,,,,,,,
1085968,2017,2017-07-12,County Ground,2,5.2,New Zealand,England,SW Bates,AE Satterthwaite,A Shrubsole,0,0,,,,,,,,,
1085968,2017,2017-07-12,County Ground,2,5.3,New Zealand,England,SW Bates,AE Satterthwaite,A Shrubsole,0,0,,,,,,,,,
1085968,2017,2017-07-12,County Ground,2,5.4,New Zealand,England,SW Bates,AE Satterthwaite,A Shrubsole,0,0,,,,,,,,,
1085968,2017,2017-07-12,County Ground,2,5.5,New Zealand,England,SW Bates,AE Satterthwaite,A Shrubsole,0,0,,,,,,,,,
1085968,2017,2017-07-12,County Ground,2,5.6,New Zealand,England,SW Bates,AE Satterthwaite,A Shrubsole,0,0,,,,,,,,,
1085968,2017,2017-07-12,County Ground,2,6.1,New Zealand,England,AE Satterthwaite,SW Bates,KH Brunt,0,0,,,,,,,,,
1085968,2017,2017-07-12,County Ground,2,6.2,New Zealand,England,AE Satterthwaite,SW Bates,KH Brunt,0,0,,,,,,,,,
1085968,2017,2017-07-12,County Ground,2,6.3,New Zealand,England,AE Satterthwaite,SW Bates,KH Brunt,0,0,,,,,,,,,
1085968,2017,2017-07-12,County Ground,2,6.4,New Zealand,England,AE Satterthwaite,SW Bates,KH Brunt,1,0,,,,,,,,,
1085968,2017,2017-07-12,County Ground,2,6.5,New Zealand,England,SW Bates,AE Satterthwaite,KH Brunt,4,0,,,,,,,,,
1085968,2017,2017-07-12,County Ground,2,6.6,New Zealand,England,SW Bates,AE Satterthwaite,KH Brunt,1,0,,,,,,,,,
1085968,2017,2017-07-12,County Ground,2,7.1,New Zealand,England,SW Bates,AE Satterthwaite,A Shrubsole,0,0,,,,,,,,,
1085968,2017,2017-07-12,County Ground,2,7.2,New Zealand,England,SW Bates,AE Satterthwaite,A Shrubsole,0,0,,,,,,,,,
1085968,2017,2017-07-12,County Ground,2,7.3,New Zealand,England,SW Bates,AE Satterthwaite,A Shrubsole,1,0,,,,,,,,,
1085968,2017,2017-07-12,County Ground,2,7.4,New Zealand,England,AE Satterthwaite,SW Bates,A Shrubsole,0,0,,,,,,,,,
1085968,2017,2017-07-12,County Ground,2,7.5,New Zealand,England,AE Satterthwaite,SW Bates,A Shrubsole,1,0,,,,,,,,,
1085968,2017,2017-07-12,County Ground,2,7.6,New Zealand,England,SW Bates,AE Satterthwaite,A Shrubsole,0,0,,,,,,,,,
1085968,2017,2017-07-12,County Ground,2,8.1,New Zealand,England,AE Satterthwaite,SW Bates,KH Brunt,4,0,,,,,,,,,
1085968,2017,2017-07-12,County Ground,2,8.2,New Zealand,England,AE Satterthwaite,SW Bates,KH Brunt,0,0,,,,,,,,,
1085968,2017,2017-07-12,County Ground,2,8.3,New Zealand,England,AE Satterthwaite,SW Bates,KH Brunt,0,0,,,,,,,,,
1085968,2017,2017-07-12,County Ground,2,8.4,New Zealand,England,AE Satterthwaite,SW Bates,KH Brunt,0,0,,,,,,,,,
1085968,2017,2017-07-12,County Ground,2,8.5,New Zealand,England,AE Satterthwaite,SW Bates,KH Brunt,0,0,,,,,,,,,
1085968,2017,2017-07-12,County Ground,2,8.6,New Zealand,England,AE Satterthwaite,SW Bates,KH Brunt,0,0,,,,,,,,,
1085968,2017,2017-07-12,County Ground,2,9.1,New Zealand,England,SW Bates,AE Satterthwaite,A Shrubsole,0,0,,,,,,,,,
1085968,2017,2017-07-12,County Ground,2,9.2,New Zealand,England,SW Bates,AE Satterthwaite,A Shrubsole,4,0,,,,,,,,,
1085968,2017,2017-07-12,County Ground,2,9.3,New Zealand,England,SW Bates,AE Satterthwaite,A Shrubsole,0,0,,,,,,,,,
1085968,2017,2017-07-12,County Ground,2,9.4,New Zealand,England,SW Bates,AE Satterthwaite,A Shrubsole,0,0,,,,,,,,,
1085968,2017,2017-07-12,County Ground,2,9.5,New Zealand,England,SW Bates,AE Satterthwaite,A Shrubsole,1,0,,,,,,,,,
1085968,2017,2017-07-12,County Ground,2,9.6,New Zealand,England,AE Satterthwaite,SW Bates,A Shrubsole,0,0,,,,,,,,,
1085968,2017,2017-07-12,County Ground,2,10.1,New Zealand,England,SW Bates,AE Satterthwaite,LA Marsh,1,0,,,,,,,,,
1085968,2017,2017-07-12,County Ground,2,10.2,New Zealand,England,AE Satterthwaite,SW Bates,LA Marsh,1,0,,,,,,,,,
1085968,2017,2017-07-12,County Ground,2,10.3,New Zealand,England,SW Bates,AE Satterthwaite,LA Marsh,1,0,,,,,,,,,
1085968,2017,2017-07-12,County Ground,2,10.4,New Zealand,England,AE Satterthwaite,SW Bates,LA Marsh,0,0,,,,,,,,,
1085968,2017,2017-07-12,County Ground,2,10.5,New Zealand,England,AE Satterthwaite,SW Bates,LA Marsh,0,0,,,,,,,,,
1085968,2017,2017-07-12,County Ground,2,10.6,New Zealand,England,AE Satterthwaite,SW Bates,LA Marsh,0,0,,,,,,,,,
1085968,2017,2017-07-12,County Ground,2,11.1,New Zealand,England,SW Bates,AE Satterthwaite,JL Gunn,0,0,,,,,,,,,
1085968,2017,2017-07-12,County Ground,2,11.2,New Zealand,England,SW Bates,AE Satterthwaite,JL Gunn,0,0,,,,,,,,,
1085968,2017,2017-07-12,County Ground,2,11.3,New Zealand,England,SW Bates,AE Satterthwaite,JL Gunn,1,0,,,,,,,,,
1085968,2017,2017-07-12,County Ground,2,11.4,New Zealand,England,AE Satterthwaite,SW Bates,JL Gunn,0,0,,,,,,,,,
1085968,2017,2017-07-12,County Ground,2,11.5,New Zealand,England,AE Satterthwaite,SW Bates,JL Gunn,4,0,,,,,,,,,
1085968,2017,2017-07-12,County Ground,2,11.6,New Zealand,England,AE Satterthwaite,SW Bates,JL Gunn,0,0,,,,,,,,,
1085968,2017,2017-07-12,County Ground,2,12.1,New Zealand,England,SW Bates,AE Satterthwaite,LA Marsh,2,0,,,,,,,,,
1085968,2017,2017-07-12,County Ground,2,12.2,New Zealand,England,SW Bates,AE Satterthwaite,LA Marsh,4,0,,,,,,,,,
1085968,2017,2017-07-12,County Ground,2,12.3,New Zealand,England,SW Bates,AE Satterthwaite,LA Marsh,0,0,,,,,,,,,
1085968,2017,2017-07-12,County Ground,2,12.4,New Zealand,England,SW Bates,AE Satterthwaite,LA Marsh,1,0,,,,,,,,,
1085968,2017,2017-07-12,County Ground,2,12.5,New Zealand,England,AE Satterthwaite,SW Bates,LA Marsh,0,0,,,,,,,,,
1085968,2017,2017-07-12,County Ground,2,12.6,New Zealand,England,AE Satterthwaite,SW Bates,LA Marsh,1,0,,,,,,,,,
1085968,2017,2017-07-12,County Ground,2,13.1,New Zealand,England,AE Satterthwaite,SW Bates,JL Gunn,4,0,,,,,,,,,
1085968,2017,2017-07-12,County Ground,2,13.2,New Zealand,England,AE Satterthwaite,SW Bates,JL Gunn,0,0,,,,,,,,,
1085968,2017,2017-07-12,County Ground,2,13.3,New Zealand,England,AE Satterthwaite,SW Bates,JL Gunn,0,0,,,,,,,,,
1085968,2017,2017-07-12,County Ground,2,13.4,New Zealand,England,AE Satterthwaite,SW Bates,JL Gunn,0,0,,,,,,,,,
1085968,2017,2017-07-12,County Ground,2,13.5,New Zealand,England,AE Satterthwaite,SW Bates,JL Gunn,1,0,,,,,,,,,
1085968,2017,2017-07-12,County Ground,2,13.6,New Zealand,England,SW Bates,AE Satterthwaite,JL Gunn,1,0,,,,,,,,,
1085968,2017,2017-07-12,County Ground,2,14.1,New Zealand,England,SW Bates,AE Satterthwaite,LA Marsh,0,0,,,,,,,,,
1085968,2017,2017-07-12,County Ground,2,14.2,New Zealand,England,SW Bates,AE Satterthwaite,LA Marsh,1,0,,,,,,,,,
1085968,2017,2017-07-12,County Ground,2,14.3,New Zealand,England,AE Satterthwaite,SW Bates,LA Marsh,0,0,,,,,,,,,
1085968,2017,2017-07-12,County Ground,2,14.4,New Zealand,England,AE Satterthwaite,SW Bates,LA Marsh,4,0,,,,,,,,,
1085968,2017,2017-07-12,County Ground,2,14.5,New Zealand,England,AE Satterthwaite,SW Bates,LA Marsh,0,0,,,,,,,,,
1085968,2017,2017-07-12,County Ground,2,14.6,New Zealand,England,AE Satterthwaite,SW Bates,LA Marsh,1,0,,,,,,,,,
1085968,2017,2017-07-12,County Ground,2,15.1,New Zealand,England,AE Satterthwaite,SW Bates,A Hartley,1,0,,,,,,,,,
1085968,2017,2017-07-12,County Ground,2,15.2,New Zealand,England,SW Bates,AE Satterthwaite,A Hartley,4,0,,,,,,,,,
1085968,2017,2017-07-12,County Ground,2,15.3,New Zealand,England,SW Bates,AE Satterthwaite,A Hartley,4,0,,,,,,,,,
1085968,2017,2017-07-12,County Ground,2,15.4,New Zealand,England,SW Bates,AE Satterthwaite,A Hartley,0,0,,,,,,,,,
1085968,2017,2017-07-12,County Ground,2,15.5,New Zealand,England,SW Bates,AE Satterthwaite,A Hartley,0,0,,,,,,,,,
1085968,2017,2017-07-12,County Ground,2,15.6,New Zealand,England,SW Bates,AE Satterthwaite,A Hartley,1,0,,,,,,,,,
1085968,2017,2017-07-12,County Ground,2,16.1,New Zealand,England,SW Bates,AE Satterthwaite,LA Marsh,0,0,,,,,,,,,
1085968,2017,2017-07-12,County Ground,2,16.2,New Zealand,England,SW Bates,AE Satterthwaite,LA Marsh,0,0,,,,,,,,,
1085968,2017,2017-07-12,County Ground,2,16.3,New Zealand,England,SW Bates,AE Satterthwaite,LA Marsh,0,0,,,,,,,,,
1085968,2017,2017-07-12,County Ground,2,16.4,New Zealand,England,SW Bates,AE Satterthwaite,LA Marsh,1,0,,,,,,,,,
1085968,2017,2017-07-12,County Ground,2,16.5,New Zealand,England,AE Satterthwaite,SW Bates,LA Marsh,0,0,,,,,,,,,
1085968,2017,2017-07-12,County Ground,2,16.6,New Zealand,England,AE Satterthwaite,SW Bates,LA Marsh,4,0,,,,,,,,,
1085968,2017,2017-07-12,County Ground,2,17.1,New Zealand,England,SW Bates,AE Satterthwaite,A Hartley,0,0,,,,,,,,,
1085968,2017,2017-07-12,County Ground,2,17.2,New Zealand,England,SW Bates,AE Satterthwaite,A Hartley,0,0,,,,,,,,,
1085968,2017,2017-07-12,County Ground,2,17.3,New Zealand,England,SW Bates,AE Satterthwaite,A Hartley,0,0,,,,,,,,,
1085968,2017,2017-07-12,County Ground,2,17.4,New Zealand,England,SW Bates,AE Satterthwaite,A Hartley,0,0,,,,,,,,,
1085968,2017,2017-07-12,County Ground,2,17.5,New Zealand,England,SW Bates,AE Satterthwaite,A Hartley,0,0,,,,,,,,,
1085968,2017,2017-07-12,County Ground,2,17.6,New Zealand,England,SW Bates,AE Satterthwaite,A Hartley,0,0,,,,,,,,,
1085968,2017,2017-07-12,County Ground,2,18.1,New Zealand,England,AE Satterthwaite,SW Bates,NR Sciver,1,0,,,,,,,,,
1085968,2017,2017-07-12,County Ground,2,18.2,New Zealand,England,SW Bates,AE Satterthwaite,NR Sciver,1,0,,,,,,,,,
1085968,2017,2017-07-12,County Ground,2,18.3,New Zealand,England,AE Satterthwaite,SW Bates,NR Sciver,1,0,,,,,,,,,
1085968,2017,2017-07-12,County Ground,2,18.4,New Zealand,England,SW Bates,AE Satterthwaite,NR Sciver,1,0,,,,,,,,,
1085968,2017,2017-07-12,County Ground,2,18.5,New Zealand,England,AE Satterthwaite,SW Bates,NR Sciver,1,0,,,,,,,,,
1085968,2017,2017-07-12,County Ground,2,18.6,New Zealand,England,SW Bates,AE Satterthwaite,NR Sciver,1,0,,,,,,,,,
1085968,2017,2017-07-12,County Ground,2,19.1,New Zealand,England,SW Bates,AE Satterthwaite,A Hartley,4,0,,,,,,,,,
1085968,2017,2017-07-12,County Ground,2,19.2,New Zealand,England,SW Bates,AE Satterthwaite,A Hartley,0,0,,,,,,,,,
1085968,2017,2017-07-12,County Ground,2,19.3,New Zealand,England,SW Bates,AE Satterthwaite,A Hartley,0,0,,,,,,stumped,SW Bates,,
1085968,2017,2017-07-12,County Ground,2,19.4,New Zealand,England,KJ Martin,AE Satterthwaite,A Hartley,1,0,,,,,,,,,
1085968,2017,2017-07-12,County Ground,2,19.5,New Zealand,England,AE Satterthwaite,KJ Martin,A Hartley,0,0,,,,,,,,,
1085968,2017,2017-07-12,County Ground,2,19.6,New Zealand,England,AE Satterthwaite,KJ Martin,A Hartley,0,0,,,,,,,,,
1085968,2017,2017-07-12,County Ground,2,20.1,New Zealand,England,KJ Martin,AE Satterthwaite,NR Sciver,1,0,,,,,,,,,
1085968,2017,2017-07-12,County Ground,2,20.2,New Zealand,England,AE Satterthwaite,KJ Martin,NR Sciver,1,0,,,,,,,,,
1085968,2017,2017-07-12,County Ground,2,20.3,New Zealand,England,KJ Martin,AE Satterthwaite,NR Sciver,0,0,,,,,,,,,
1085968,2017,2017-07-12,County Ground,2,20.4,New Zealand,England,KJ Martin,AE Satterthwaite,NR Sciver,0,0,,,,,,,,,
1085968,2017,2017-07-12,County Ground,2,20.5,New Zealand,England,KJ Martin,AE Satterthwaite,NR Sciver,0,0,,,,,,,,,
1085968,2017,2017-07-12,County Ground,2,20.6,New Zealand,England,KJ Martin,AE Satterthwaite,NR Sciver,4,0,,,,,,,,,
1085968,2017,2017-07-12,County Ground,2,21.1,New Zealand,England,AE Satterthwaite,KJ Martin,A Hartley,1,0,,,,,,,,,
1085968,2017,2017-07-12,County Ground,2,21.2,New Zealand,England,KJ Martin,AE Satterthwaite,A Hartley,0,0,,,,,,,,,
1085968,2017,2017-07-12,County Ground,2,21.3,New Zealand,England,KJ Martin,AE Satterthwaite,A Hartley,0,0,,,,,,,,,
1085968,2017,2017-07-12,County Ground,2,21.4,New Zealand,England,KJ Martin,AE Satterthwaite,A Hartley,1,0,,,,,,,,,
1085968,2017,2017-07-12,County Ground,2,21.5,New Zealand,England,AE Satterthwaite,KJ Martin,A Hartley,1,0,,,,,,,,,
1085968,2017,2017-07-12,County Ground,2,21.6,New Zealand,England,KJ Martin,AE Satterthwaite,A Hartley,0,0,,,,,,,,,
1085968,2017,2017-07-12,County Ground,2,22.1,New Zealand,England,AE Satterthwaite,KJ Martin,LA Marsh,0,0,,,,,,caught and bowled,AE Satterthwaite,,
1085968,2017,2017-07-12,County Ground,2,22.2,New Zealand,England,SFM Devine,KJ Martin,LA Marsh,0,0,,,,,,,,,
1085968,2017,2017-07-12,County Ground,2,22.3,New Zealand,England,SFM Devine,KJ Martin,LA Marsh,0,0,,,,,,,,,
1085968,2017,2017-07-12,County Ground,2,22.4,New Zealand,England,SFM Devine,KJ Martin,LA Marsh,0,0,,,,,,,,,
1085968,2017,2017-07-12,County Ground,2,22.5,New Zealand,England,SFM Devine,KJ Martin,LA Marsh,1,0,,,,,,,,,
1085968,2017,2017-07-12,County Ground,2,22.6,New Zealand,England,KJ Martin,SFM Devine,LA Marsh,0,0,,,,,,,,,
1085968,2017,2017-07-12,County Ground,2,23.1,New Zealand,England,SFM Devine,KJ Martin,A Hartley,4,0,,,,,,,,,
1085968,2017,2017-07-12,County Ground,2,23.2,New Zealand,England,SFM Devine,KJ Martin,A Hartley,0,0,,,,,,,,,
1085968,2017,2017-07-12,County Ground,2,23.3,New Zealand,England,SFM Devine,KJ Martin,A Hartley,1,0,,,,,,,,,
1085968,2017,2017-07-12,County Ground,2,23.4,New Zealand,England,KJ Martin,SFM Devine,A Hartley,0,0,,,,,,,,,
1085968,2017,2017-07-12,County Ground,2,23.5,New Zealand,England,KJ Martin,SFM Devine,A Hartley,0,0,,,,,,,,,
1085968,2017,2017-07-12,County Ground,2,23.6,New Zealand,England,KJ Martin,SFM Devine,A Hartley,1,0,,,,,,,,,
1085968,2017,2017-07-12,County Ground,2,24.1,New Zealand,England,KJ Martin,SFM Devine,LA Marsh,0,5,5,,,,,,,,
1085968,2017,2017-07-12,County Ground,2,24.2,New Zealand,England,KJ Martin,SFM Devine,LA Marsh,0,0,,,,,,,,,
1085968,2017,2017-07-12,County Ground,2,24.3,New Zealand,England,KJ Martin,SFM Devine,LA Marsh,0,0,,,,,,,,,
1085968,2017,2017-07-12,County Ground,2,24.4,New Zealand,England,KJ Martin,SFM Devine,LA Marsh,1,0,,,,,,,,,
1085968,2017,2017-07-12,County Ground,2,24.5,New Zealand,England,SFM Devine,KJ Martin,LA Marsh,1,0,,,,,,,,,
1085968,2017,2017-07-12,County Ground,2,24.6,New Zealand,England,KJ Martin,SFM Devine,LA Marsh,1,0,,,,,,,,,
1085968,2017,2017-07-12,County Ground,2,24.7,New Zealand,England,SFM Devine,KJ Martin,LA Marsh,1,0,,,,,,,,,
1085968,2017,2017-07-12,County Ground,2,25.1,New Zealand,England,SFM Devine,KJ Martin,A Hartley,0,0,,,,,,caught,SFM Devine,,
1085968,2017,2017-07-12,County Ground,2,25.2,New Zealand,England,KJ Martin,KT Perkins,A Hartley,1,0,,,,,,,,,
1085968,2017,2017-07-12,County Ground,2,25.3,New Zealand,England,KT Perkins,KJ Martin,A Hartley,0,1,,,,1,,,,,
1085968,2017,2017-07-12,County Ground,2,25.4,New Zealand,England,KJ Martin,KT Perkins,A Hartley,0,0,,,,,,,,,
1085968,2017,2017-07-12,County Ground,2,25.5,New Zealand,England,KJ Martin,KT Perkins,A Hartley,2,0,,,,,,,,,
1085968,2017,2017-07-12,County Ground,2,25.6,New Zealand,England,KJ Martin,KT Perkins,A Hartley,0,0,,,,,,,,,
1085968,2017,2017-07-12,County Ground,2,26.1,New Zealand,England,KT Perkins,KJ Martin,LA Marsh,0,0,,,,,,,,,
1085968,2017,2017-07-12,County Ground,2,26.2,New Zealand,England,KT Perkins,KJ Martin,LA Marsh,0,0,,,,,,,,,
1085968,2017,2017-07-12,County Ground,2,26.3,New Zealand,England,KT Perkins,KJ Martin,LA Marsh,1,0,,,,,,,,,
1085968,2017,2017-07-12,County Ground,2,26.4,New Zealand,England,KJ Martin,KT Perkins,LA Marsh,1,0,,,,,,,,,
1085968,2017,2017-07-12,County Ground,2,26.5,New Zealand,England,KT Perkins,KJ Martin,LA Marsh,0,0,,,,,,,,,
1085968,2017,2017-07-12,County Ground,2,26.6,New Zealand,England,KT Perkins,KJ Martin,LA Marsh,0,0,,,,,,,,,
1085968,2017,2017-07-12,County Ground,2,27.1,New Zealand,England,KJ Martin,KT Perkins,A Hartley,4,0,,,,,,,,,
1085968,2017,2017-07-12,County Ground,2,27.2,New Zealand,England,KJ Martin,KT Perkins,A Hartley,1,0,,,,,,,,,
1085968,2017,2017-07-12,County Ground,2,27.3,New Zealand,England,KT Perkins,KJ Martin,A Hartley,0,0,,,,,,,,,
1085968,2017,2017-07-12,County Ground,2,27.4,New Zealand,England,KT Perkins,KJ Martin,A Hartley,0,0,,,,,,,,,
1085968,2017,2017-07-12,County Ground,2,27.5,New Zealand,England,KT Perkins,KJ Martin,A Hartley,3,0,,,,,,,,,
1085968,2017,2017-07-12,County Ground,2,27.6,New Zealand,England,KJ Martin,KT Perkins,A Hartley,1,0,,,,,,,,,
1085968,2017,2017-07-12,County Ground,2,28.1,New Zealand,England,KJ Martin,KT Perkins,LA Marsh,0,0,,,,,,,,,
1085968,2017,2017-07-12,County Ground,2,28.2,New Zealand,England,KJ Martin,KT Perkins,LA Marsh,1,0,,,,,,,,,
1085968,2017,2017-07-12,County Ground,2,28.3,New Zealand,England,KT Perkins,KJ Martin,LA Marsh,0,0,,,,,,,,,
1085968,2017,2017-07-12,County Ground,2,28.4,New Zealand,England,KT Perkins,KJ Martin,LA Marsh,0,0,,,,,,,,,
1085968,2017,2017-07-12,County Ground,2,28.5,New Zealand,England,KT Perkins,KJ Martin,LA Marsh,1,0,,,,,,,,,
1085968,2017,2017-07-12,County Ground,2,28.6,New Zealand,England,KJ Martin,KT Perkins,LA Marsh,0,0,,,,,,,,,
1085968,2017,2017-07-12,County Ground,2,29.1,New Zealand,England,KT Perkins,KJ Martin,HC Knight,1,0,,,,,,,,,
1085968,2017,2017-07-12,County Ground,2,29.2,New Zealand,England,KJ Martin,KT Perkins,HC Knight,0,0,,,,,,bowled,KJ Martin,,
1085968,2017,2017-07-12,County Ground,2,29.3,New Zealand,England,EM Bermingham,KT Perkins,HC Knight,1,1,,1,,,,,,,
1085968,2017,2017-07-12,County Ground,2,29.4,New Zealand,England,KT Perkins,EM Bermingham,HC Knight,1,0,,,,,,,,,
1085968,2017,2017-07-12,County Ground,2,29.5,New Zealand,England,EM Bermingham,KT Perkins,HC Knight,1,0,,,,,,,,,
1085968,2017,2017-07-12,County Ground,2,29.6,New Zealand,England,KT Perkins,EM Bermingham,HC Knight,1,0,,,,,,,,,
1085968,2017,2017-07-12,County Ground,2,29.7,New Zealand,England,EM Bermingham,KT Perkins,HC Knight,0,0,,,,,,,,,
1085968,2017,2017-07-12,County Ground,2,30.1,New Zealand,England,KT Perkins,EM Bermingham,LA Marsh,0,0,,,,,,,,,
1085968,2017,2017-07-12,County Ground,2,30.2,New Zealand,England,KT Perkins,EM Bermingham,LA Marsh,1,0,,,,,,,,,
1085968,2017,2017-07-12,County Ground,2,30.3,New Zealand,England,EM Bermingham,KT Perkins,LA Marsh,4,0,,,,,,,,,
1085968,2017,2017-07-12,County Ground,2,30.4,New Zealand,England,EM Bermingham,KT Perkins,LA Marsh,0,0,,,,,,,,,
1085968,2017,2017-07-12,County Ground,2,30.5,New Zealand,England,EM Bermingham,KT Perkins,LA Marsh,0,0,,,,,,,,,
1085968,2017,2017-07-12,County Ground,2,30.6,New Zealand,England,EM Bermingham,KT Perkins,LA Marsh,0,0,,,,,,,,,
1085968,2017,2017-07-12,County Ground,2,31.1,New Zealand,England,KT Perkins,EM Bermingham,HC Knight,1,0,,,,,,,,,
1085968,2017,2017-07-12,County Ground,2,31.2,New Zealand,England,EM Bermingham,KT Perkins,HC Knight,0,0,,,,,,,,,
1085968,2017,2017-07-12,County Ground,2,31.3,New Zealand,England,EM Bermingham,KT Perkins,HC Knight,0,0,,,,,,,,,
1085968,2017,2017-07-12,County Ground,2,31.4,New Zealand,England,EM Bermingham,KT Perkins,HC Knight,0,0,,,,,,,,,
1085968,2017,2017-07-12,County Ground,2,31.5,New Zealand,England,EM Bermingham,KT Perkins,HC Knight,0,0,,,,,,,,,
1085968,2017,2017-07-12,County Ground,2,31.6,New Zealand,England,EM Bermingham,KT Perkins,HC Knight,1,0,,,,,,,,,
1085968,2017,2017-07-12,County Ground,2,32.1,New Zealand,England,EM Bermingham,KT Perkins,LA Marsh,0,0,,,,,,,,,
1085968,2017,2017-07-12,County Ground,2,32.2,New Zealand,England,EM Bermingham,KT Perkins,LA Marsh,4,0,,,,,,,,,
1085968,2017,2017-07-12,County Ground,2,32.3,New Zealand,England,EM Bermingham,KT Perkins,LA Marsh,1,0,,,,,,,,,
1085968,2017,2017-07-12,County Ground,2,32.4,New Zealand,England,KT Perkins,EM Bermingham,LA Marsh,0,0,,,,,,,,,
1085968,2017,2017-07-12,County Ground,2,32.5,New Zealand,England,KT Perkins,EM Bermingham,LA Marsh,1,0,,,,,,,,,
1085968,2017,2017-07-12,County Ground,2,32.6,New Zealand,England,EM Bermingham,KT Perkins,LA Marsh,1,0,,,,,,,,,
1085968,2017,2017-07-12,County Ground,2,33.1,New Zealand,England,EM Bermingham,KT Perkins,HC Knight,0,0,,,,,,,,,
1085968,2017,2017-07-12,County Ground,2,33.2,New Zealand,England,EM Bermingham,KT Perkins,HC Knight,6,0,,,,,,,,,
1085968,2017,2017-07-12,County Ground,2,33.3,New Zealand,England,EM Bermingham,KT Perkins,HC Knight,0,0,,,,,,,,,
1085968,2017,2017-07-12,County Ground,2,33.4,New Zealand,England,EM Bermingham,KT Perkins,HC Knight,0,0,,,,,,,,,
1085968,2017,2017-07-12,County Ground,2,33.5,New Zealand,England,EM Bermingham,KT Perkins,HC Knight,0,0,,,,,,,,,
1085968,2017,2017-07-12,County Ground,2,33.6,New Zealand,England,EM Bermingham,KT Perkins,HC Knight,0,0,,,,,,,,,
1085968,2017,2017-07-12,County Ground,2,34.1,New Zealand,England,KT Perkins,EM Bermingham,JL Gunn,0,0,,,,,,,,,
1085968,2017,2017-07-12,County Ground,2,34.2,New Zealand,England,KT Perkins,EM Bermingham,JL Gunn,1,0,,,,,,,,,
1085968,2017,2017-07-12,County Ground,2,34.3,New Zealand,England,EM Bermingham,KT Perkins,JL Gunn,0,0,,,,,,,,,
1085968,2017,2017-07-12,County Ground,2,34.4,New Zealand,England,EM Bermingham,KT Perkins,JL Gunn,0,0,,,,,,caught,EM Bermingham,,
1085968,2017,2017-07-12,County Ground,2,34.5,New Zealand,England,KT Perkins,LM Kasperek,JL Gunn,0,0,,,,,,,,,
1085968,2017,2017-07-12,County Ground,2,34.6,New Zealand,England,KT Perkins,LM Kasperek,JL Gunn,0,0,,,,,,,,,
1085968,2017,2017-07-12,County Ground,2,35.1,New Zealand,England,LM Kasperek,KT Perkins,HC Knight,0,0,,,,,,,,,
1085968,2017,2017-07-12,County Ground,2,35.2,New Zealand,England,LM Kasperek,KT Perkins,HC Knight,1,0,,,,,,,,,
1085968,2017,2017-07-12,County Ground,2,35.3,New Zealand,England,KT Perkins,LM Kasperek,HC Knight,1,0,,,,,,,,,
1085968,2017,2017-07-12,County Ground,2,35.4,New Zealand,England,LM Kasperek,KT Perkins,HC Knight,0,0,,,,,,,,,
1085968,2017,2017-07-12,County Ground,2,35.5,New Zealand,England,LM Kasperek,KT Perkins,HC Knight,1,0,,,,,,,,,
1085968,2017,2017-07-12,County Ground,2,35.6,New Zealand,England,KT Perkins,LM Kasperek,HC Knight,3,0,,,,,,,,,
1085968,2017,2017-07-12,County Ground,2,36.1,New Zealand,England,KT Perkins,LM Kasperek,JL Gunn,2,0,,,,,,,,,
1085968,2017,2017-07-12,County Ground,2,36.2,New Zealand,England,KT Perkins,LM Kasperek,JL Gunn,0,0,,,,,,,,,
1085968,2017,2017-07-12,County Ground,2,36.3,New Zealand,England,KT Perkins,LM Kasperek,JL Gunn,1,0,,,,,,,,,
1085968,2017,2017-07-12,County Ground,2,36.4,New Zealand,England,LM Kasperek,KT Perkins,JL Gunn,1,0,,,,,,,,,
1085968,2017,2017-07-12,County Ground,2,36.5,New Zealand,England,KT Perkins,LM Kasperek,JL Gunn,1,0,,,,,,,,,
1085968,2017,2017-07-12,County Ground,2,36.6,New Zealand,England,LM Kasperek,KT Perkins,JL Gunn,0,0,,,,,,bowled,LM Kasperek,,
1085968,2017,2017-07-12,County Ground,2,37.1,New Zealand,England,KT Perkins,AC Kerr,HC Knight,0,0,,,,,,run out,AC Kerr,,
1085968,2017,2017-07-12,County Ground,2,37.2,New Zealand,England,LMM Tahuhu,KT Perkins,HC Knight,0,0,,,,,,,,,
1085968,2017,2017-07-12,County Ground,2,37.3,New Zealand,England,LMM Tahuhu,KT Perkins,HC Knight,0,0,,,,,,,,,
1085968,2017,2017-07-12,County Ground,2,37.4,New Zealand,England,LMM Tahuhu,KT Perkins,HC Knight,2,0,,,,,,,,,
1085968,2017,2017-07-12,County Ground,2,37.5,New Zealand,England,LMM Tahuhu,KT Perkins,HC Knight,0,0,,,,,,,,,
1085968,2017,2017-07-12,County Ground,2,37.6,New Zealand,England,LMM Tahuhu,KT Perkins,HC Knight,0,0,,,,,,,,,
1085968,2017,2017-07-12,County Ground,2,38.1,New Zealand,England,KT Perkins,LMM Tahuhu,JL Gunn,1,0,,,,,,,,,
1085968,2017,2017-07-12,County Ground,2,38.2,New Zealand,England,LMM Tahuhu,KT Perkins,JL Gunn,1,0,,,,,,,,,
1085968,2017,2017-07-12,County Ground,2,38.3,New Zealand,England,KT Perkins,LMM Tahuhu,JL Gunn,0,2,2,,,,,,,,
1085968,2017,2017-07-12,County Ground,2,38.4,New Zealand,England,LMM Tahuhu,KT Perkins,JL Gunn,0,0,,,,,,,,,
1085968,2017,2017-07-12,County Ground,2,38.5,New Zealand,England,LMM Tahuhu,KT Perkins,JL Gunn,4,0,,,,,,,,,
1085968,2017,2017-07-12,County Ground,2,38.6,New Zealand,England,LMM Tahuhu,KT Perkins,JL Gunn,0,0,,,,,,,,,
1085968,2017,2017-07-12,County Ground,2,38.7,New Zealand,England,LMM Tahuhu,KT Perkins,JL Gunn,0,0,,,,,,,,,
1085968,2017,2017-07-12,County Ground,2,39.1,New Zealand,England,KT Perkins,LMM Tahuhu,HC Knight,1,0,,,,,,,,,
1085968,2017,2017-07-12,County Ground,2,39.2,New Zealand,England,LMM Tahuhu,KT Perkins,HC Knight,1,0,,,,,,,,,
1085968,2017,2017-07-12,County Ground,2,39.3,New Zealand,England,KT Perkins,LMM Tahuhu,HC Knight,0,0,,,,,,,,,
1085968,2017,2017-07-12,County Ground,2,39.4,New Zealand,England,KT Perkins,LMM Tahuhu,HC Knight,0,0,,,,,,,,,
1085968,2017,2017-07-12,County Ground,2,39.5,New Zealand,England,KT Perkins,LMM Tahuhu,HC Knight,1,0,,,,,,,,,
1085968,2017,2017-07-12,County Ground,2,39.6,New Zealand,England,LMM Tahuhu,KT Perkins,HC Knight,0,0,,,,,,,,,
1085968,2017,2017-07-12,County Ground,2,40.1,New Zealand,England,KT Perkins,LMM Tahuhu,JL Gunn,0,0,,,,,,,,,
1085968,2017,2017-07-12,County Ground,2,40.2,New Zealand,England,KT Perkins,LMM Tahuhu,JL Gunn,1,0,,,,,,,,,
1085968,2017,2017-07-12,County Ground,2,40.3,New Zealand,England,LMM Tahuhu,KT Perkins,JL Gunn,0,0,,,,,,,,,
1085968,2017,2017-07-12,County Ground,2,40.4,New Zealand,England,LMM Tahuhu,KT Perkins,JL Gunn,1,0,,,,,,,,,
1085968,2017,2017-07-12,County Ground,2,40.5,New Zealand,England,KT Perkins,LMM Tahuhu,JL Gunn,4,0,,,,,,,,,
1085968,2017,2017-07-12,County Ground,2,40.6,New Zealand,England,KT Perkins,LMM Tahuhu,JL Gunn,1,0,,,,,,,,,
1085968,2017,2017-07-12,County Ground,2,41.1,New Zealand,England,KT Perkins,LMM Tahuhu,HC Knight,4,0,,,,,,,,,
1085968,2017,2017-07-12,County Ground,2,41.2,New Zealand,England,KT Perkins,LMM Tahuhu,HC Knight,0,0,,,,,,,,,
1085968,2017,2017-07-12,County Ground,2,41.3,New Zealand,England,KT Perkins,LMM Tahuhu,HC Knight,1,0,,,,,,,,,
1085968,2017,2017-07-12,County Ground,2,41.4,New Zealand,England,LMM Tahuhu,KT Perkins,HC Knight,0,0,,,,,,,,,
1085968,2017,2017-07-12,County Ground,2,41.5,New Zealand,England,LMM Tahuhu,KT Perkins,HC Knight,0,3,3,,,,,,,,
1085968,2017,2017-07-12,County Ground,2,41.6,New Zealand,England,LMM Tahuhu,KT Perkins,HC Knight,0,0,,,,,,,,,
1085968,2017,2017-07-12,County Ground,2,41.7,New Zealand,England,LMM Tahuhu,KT Perkins,HC Knight,0,0,,,,,,,,,
1085968,2017,2017-07-12,County Ground,2,42.1,New Zealand,England,KT Perkins,LMM Tahuhu,A Hartley,1,0,,,,,,,,,
1085968,2017,2017-07-12,County Ground,2,42.2,New Zealand,England,LMM Tahuhu,KT Perkins,A Hartley,0,0,,,,,,,,,
1085968,2017,2017-07-12,County Ground,2,42.3,New Zealand,England,LMM Tahuhu,KT Perkins,A Hartley,1,0,,,,,,,,,
1085968,2017,2017-07-12,County Ground,2,42.4,New Zealand,England,KT Perkins,LMM Tahuhu,A Hartley,2,0,,,,,,,,,
1085968,2017,2017-07-12,County Ground,2,42.5,New Zealand,England,KT Perkins,LMM Tahuhu,A Hartley,2,0,,,,,,,,,
1085968,2017,2017-07-12,County Ground,2,42.6,New Zealand,England,KT Perkins,LMM Tahuhu,A Hartley,0,0,,,,,,,,,
1085968,2017,2017-07-12,County Ground,2,43.1,New Zealand,England,LMM Tahuhu,KT Perkins,A Shrubsole,1,0,,,,,,,,,
1085968,2017,2017-07-12,County Ground,2,43.2,New Zealand,England,KT Perkins,LMM Tahuhu,A Shrubsole,0,0,,,,,,,,,
1085968,2017,2017-07-12,County Ground,2,43.3,New Zealand,England,KT Perkins,LMM Tahuhu,A Shrubsole,1,0,,,,,,,,,
1085968,2017,2017-07-12,County Ground,2,43.4,New Zealand,England,LMM Tahuhu,KT Perkins,A Shrubsole,0,0,,,,,,,,,
1085968,2017,2017-07-12,County Ground,2,43.5,New Zealand,England,LMM Tahuhu,KT Perkins,A Shrubsole,0,0,,,,,,bowled,LMM Tahuhu,,
1085968,2017,2017-07-12,County Ground,2,43.6,New Zealand,England,HR Huddleston,KT Perkins,A Shrubsole,0,0,,,,,,,,,
1085968,2017,2017-07-12,County Ground,2,44.1,New Zealand,England,KT Perkins,HR Huddleston,A Hartley,1,0,,,,,,,,,
1085968,2017,2017-07-12,County Ground,2,44.2,New Zealand,England,HR Huddleston,KT Perkins,A Hartley,0,0,,,,,,,,,
1085968,2017,2017-07-12,County Ground,2,44.3,New Zealand,England,HR Huddleston,KT Perkins,A Hartley,0,0,,,,,,,,,
1085968,2017,2017-07-12,County Ground,2,44.4,New Zealand,England,HR Huddleston,KT Perkins,A Hartley,0,0,,,,,,,,,
1085968,2017,2017-07-12,County Ground,2,44.5,New Zealand,England,HR Huddleston,KT Perkins,A Hartley,0,0,,,,,,,,,
1085968,2017,2017-07-12,County Ground,2,44.6,New Zealand,England,HR Huddleston,KT Perkins,A Hartley,0,0,,,,,,,,,
1085968,2017,2017-07-12,County Ground,2,45.1,New Zealand,England,KT Perkins,HR Huddleston,A Shrubsole,0,0,,,,,,,,,
1085968,2017,2017-07-12,County Ground,2,45.2,New Zealand,England,KT Perkins,HR Huddleston,A Shrubsole,1,0,,,,,,,,,
1085968,2017,2017-07-12,County Ground,2,45.3,New Zealand,England,HR Huddleston,KT Perkins,A Shrubsole,0,0,,,,,,,,,
1085968,2017,2017-07-12,County Ground,2,45.4,New Zealand,England,HR Huddleston,KT Perkins,A Shrubsole,0,0,,,,,,,,,
1085968,2017,2017-07-12,County Ground,2,45.5,New Zealand,England,HR Huddleston,KT Perkins,A Shrubsole,0,0,,,,,,,,,
1085968,2017,2017-07-12,County Ground,2,45.6,New Zealand,England,HR Huddleston,KT Perkins,A Shrubsole,0,0,,,,,,,,,
1085968,2017,2017-07-12,County Ground,2,46.1,New Zealand,England,KT Perkins,HR Huddleston,A Hartley,1,0,,,,,,,,,
1085968,2017,2017-07-12,County Ground,2,46.2,New Zealand,England,HR Huddleston,KT Perkins,A Hartley,0,0,,,,,,,,,
1085968,2017,2017-07-12,County Ground,2,46.3,New Zealand,England,HR Huddleston,KT Perkins,A Hartley,0,0,,,,,,,,,
1085968,2017,2017-07-12,County Ground,2,46.4,New Zealand,England,HR Huddleston,KT Perkins,A Hartley,0,0,,,,,,lbw,HR Huddleston,,
