match_id,season,start_date,venue,innings,ball,batting_team,bowling_team,striker,non_striker,bowler,runs_off_bat,extras,wides,noballs,byes,legbyes,penalty,wicket_type,player_dismissed,other_wicket_type,other_player_dismissed
1085948,2017,2017-06-26,County Ground,1,0.1,West Indies,Australia,HK Matthews,F Walters,JL Jonassen,0,0,,,,,,,,,
1085948,2017,2017-06-26,County Ground,1,0.2,West Indies,Australia,HK Matthews,F Walters,JL Jonassen,0,0,,,,,,,,,
1085948,2017,2017-06-26,County Ground,1,0.3,West Indies,Australia,HK Matthews,F Walters,JL Jonassen,0,0,,,,,,,,,
1085948,2017,2017-06-26,County Ground,1,0.4,West Indies,Australia,HK Matthews,F Walters,JL Jonassen,4,0,,,,,,,,,
1085948,2017,2017-06-26,County Ground,1,0.5,West Indies,Australia,HK Matthews,F Walters,JL Jonassen,0,0,,,,,,,,,
1085948,2017,2017-06-26,County Ground,1,0.6,West Indies,Australia,HK Matthews,F Walters,JL Jonassen,0,0,,,,,,,,,
1085948,2017,2017-06-26,County Ground,1,1.1,West Indies,Australia,F Walters,HK Matthews,ML Schutt,0,0,,,,,,,,,
1085948,2017,2017-06-26,County Ground,1,1.2,West Indies,Australia,F Walters,HK Matthews,ML Schutt,0,2,,,,2,,,,,
1085948,2017,2017-06-26,County Ground,1,1.3,West Indies,Australia,F Walters,HK Matthews,ML Schutt,1,0,,,,,,,,,
1085948,2017,2017-06-26,County Ground,1,1.4,West Indies,Australia,HK Matthews,F Walters,ML Schutt,1,0,,,,,,,,,
1085948,2017,2017-06-26,County Ground,1,1.5,West Indies,Australia,F Walters,HK Matthews,ML Schutt,1,0,,,,,,,,,
1085948,2017,2017-06-26,County Ground,1,1.6,West Indies,Australia,HK Matthews,F Walters,ML Schutt,0,0,,,,,,,,,
1085948,2017,2017-06-26,County Ground,1,2.1,West Indies,Australia,F Walters,HK Matthews,JL Jonassen,0,0,,,,,,,,,
1085948,2017,2017-06-26,County Ground,1,2.2,West Indies,Australia,F Walters,HK Matthews,JL Jonassen,0,0,,,,,,,,,
1085948,2017,2017-06-26,County Ground,1,2.3,West Indies,Australia,F Walters,HK Matthews,JL Jonassen,0,0,,,,,,,,,
1085948,2017,2017-06-26,County Ground,1,2.4,West Indies,Australia,F Walters,HK Matthews,JL Jonassen,1,0,,,,,,,,,
1085948,2017,2017-06-26,County Ground,1,2.5,West Indies,Australia,HK Matthews,F Walters,JL Jonassen,1,0,,,,,,,,,
1085948,2017,2017-06-26,County Ground,1,2.6,West Indies,Australia,F Walters,HK Matthews,JL Jonassen,0,0,,,,,,,,,
1085948,2017,2017-06-26,County Ground,1,3.1,West Indies,Australia,HK Matthews,F Walters,ML Schutt,0,0,,,,,,,,,
1085948,2017,2017-06-26,County Ground,1,3.2,West Indies,Australia,HK Matthews,F Walters,ML Schutt,0,0,,,,,,,,,
1085948,2017,2017-06-26,County Ground,1,3.3,West Indies,Australia,HK Matthews,F Walters,ML Schutt,0,0,,,,,,,,,
1085948,2017,2017-06-26,County Ground,1,3.4,West Indies,Australia,HK Matthews,F Walters,ML Schutt,0,0,,,,,,,,,
1085948,2017,2017-06-26,County Ground,1,3.5,West Indies,Australia,HK Matthews,F Walters,ML Schutt,0,0,,,,,,,,,
1085948,2017,2017-06-26,County Ground,1,3.6,West Indies,Australia,HK Matthews,F Walters,ML Schutt,0,0,,,,,,,,,
1085948,2017,2017-06-26,County Ground,1,4.1,West Indies,Australia,F Walters,HK Matthews,JL Jonassen,0,0,,,,,,,,,
1085948,2017,2017-06-26,County Ground,1,4.2,West Indies,Australia,F Walters,HK Matthews,JL Jonassen,1,0,,,,,,,,,
1085948,2017,2017-06-26,County Ground,1,4.3,West Indies,Australia,HK Matthews,F Walters,JL Jonassen,0,3,3,,,,,,,,
1085948,2017,2017-06-26,County Ground,1,4.4,West Indies,Australia,HK Matthews,F Walters,JL Jonassen,0,0,,,,,,,,,
1085948,2017,2017-06-26,County Ground,1,4.5,West Indies,Australia,HK Matthews,F Walters,JL Jonassen,0,0,,,,,,,,,
1085948,2017,2017-06-26,County Ground,1,4.6,West Indies,Australia,HK Matthews,F Walters,JL Jonassen,0,0,,,,,,,,,
1085948,2017,2017-06-26,County Ground,1,4.7,West Indies,Australia,HK Matthews,F Walters,JL Jonassen,0,0,,,,,,,,,
1085948,2017,2017-06-26,County Ground,1,5.1,West Indies,Australia,F Walters,HK Matthews,ML Schutt,0,0,,,,,,,,,
1085948,2017,2017-06-26,County Ground,1,5.2,West Indies,Australia,F Walters,HK Matthews,ML Schutt,1,0,,,,,,,,,
1085948,2017,2017-06-26,County Ground,1,5.3,West Indies,Australia,HK Matthews,F Walters,ML Schutt,0,0,,,,,,,,,
1085948,2017,2017-06-26,County Ground,1,5.4,West Indies,Australia,HK Matthews,F Walters,ML Schutt,1,0,,,,,,,,,
1085948,2017,2017-06-26,County Ground,1,5.5,West Indies,Australia,F Walters,HK Matthews,ML Schutt,1,0,,,,,,,,,
1085948,2017,2017-06-26,County Ground,1,5.6,West Indies,Australia,HK Matthews,F Walters,ML Schutt,1,0,,,,,,,,,
1085948,2017,2017-06-26,County Ground,1,6.1,West Indies,Australia,HK Matthews,F Walters,EA Perry,0,0,,,,,,,,,
1085948,2017,2017-06-26,County Ground,1,6.2,West Indies,Australia,HK Matthews,F Walters,EA Perry,1,0,,,,,,,,,
1085948,2017,2017-06-26,County Ground,1,6.3,West Indies,Australia,F Walters,HK Matthews,EA Perry,1,0,,,,,,,,,
1085948,2017,2017-06-26,County Ground,1,6.4,West Indies,Australia,HK Matthews,F Walters,EA Perry,4,0,,,,,,,,,
1085948,2017,2017-06-26,County Ground,1,6.5,West Indies,Australia,HK Matthews,F Walters,EA Perry,0,0,,,,,,,,,
1085948,2017,2017-06-26,County Ground,1,6.6,West Indies,Australia,HK Matthews,F Walters,EA Perry,4,0,,,,,,,,,
1085948,2017,2017-06-26,County Ground,1,7.1,West Indies,Australia,F Walters,HK Matthews,ML Schutt,0,0,,,,,,,,,
1085948,2017,2017-06-26,County Ground,1,7.2,West Indies,Australia,F Walters,HK Matthews,ML Schutt,0,0,,,,,,,,,
1085948,2017,2017-06-26,County Ground,1,7.3,West Indies,Australia,F Walters,HK Matthews,ML Schutt,0,0,,,,,,,,,
1085948,2017,2017-06-26,County Ground,1,7.4,West Indies,Australia,F Walters,HK Matthews,ML Schutt,0,0,,,,,,,,,
1085948,2017,2017-06-26,County Ground,1,7.5,West Indies,Australia,F Walters,HK Matthews,ML Schutt,0,0,,,,,,,,,
1085948,2017,2017-06-26,County Ground,1,7.6,West Indies,Australia,F Walters,HK Matthews,ML Schutt,0,0,,,,,,,,,
1085948,2017,2017-06-26,County Ground,1,8.1,West Indies,Australia,HK Matthews,F Walters,EA Perry,1,0,,,,,,,,,
1085948,2017,2017-06-26,County Ground,1,8.2,West Indies,Australia,F Walters,HK Matthews,EA Perry,0,0,,,,,,,,,
1085948,2017,2017-06-26,County Ground,1,8.3,West Indies,Australia,F Walters,HK Matthews,EA Perry,0,0,,,,,,,,,
1085948,2017,2017-06-26,County Ground,1,8.4,West Indies,Australia,F Walters,HK Matthews,EA Perry,0,0,,,,,,,,,
1085948,2017,2017-06-26,County Ground,1,8.5,West Indies,Australia,F Walters,HK Matthews,EA Perry,0,0,,,,,,,,,
1085948,2017,2017-06-26,County Ground,1,8.6,West Indies,Australia,F Walters,HK Matthews,EA Perry,0,0,,,,,,,,,
1085948,2017,2017-06-26,County Ground,1,9.1,West Indies,Australia,HK Matthews,F Walters,ML Schutt,0,0,,,,,,,,,
1085948,2017,2017-06-26,County Ground,1,9.2,West Indies,Australia,HK Matthews,F Walters,ML Schutt,0,0,,,,,,,,,
1085948,2017,2017-06-26,County Ground,1,9.3,West Indies,Australia,HK Matthews,F Walters,ML Schutt,4,0,,,,,,,,,
1085948,2017,2017-06-26,County Ground,1,9.4,West Indies,Australia,HK Matthews,F Walters,ML Schutt,0,0,,,,,,,,,
1085948,2017,2017-06-26,County Ground,1,9.5,West Indies,Australia,HK Matthews,F Walters,ML Schutt,0,0,,,,,,,,,
1085948,2017,2017-06-26,County Ground,1,9.6,West Indies,Australia,HK Matthews,F Walters,ML Schutt,0,0,,,,,,,,,
1085948,2017,2017-06-26,County Ground,1,10.1,West Indies,Australia,F Walters,HK Matthews,EA Perry,0,0,,,,,,,,,
1085948,2017,2017-06-26,County Ground,1,10.2,West Indies,Australia,F Walters,HK Matthews,EA Perry,0,0,,,,,,,,,
1085948,2017,2017-06-26,County Ground,1,10.3,West Indies,Australia,F Walters,HK Matthews,EA Perry,0,0,,,,,,,,,
1085948,2017,2017-06-26,County Ground,1,10.4,West Indies,Australia,F Walters,HK Matthews,EA Perry,0,0,,,,,,caught,F Walters,,
1085948,2017,2017-06-26,County Ground,1,10.5,West Indies,Australia,CN Nation,HK Matthews,EA Perry,0,0,,,,,,,,,
1085948,2017,2017-06-26,County Ground,1,10.6,West Indies,Australia,CN Nation,HK Matthews,EA Perry,0,0,,,,,,,,,
1085948,2017,2017-06-26,County Ground,1,11.1,West Indies,Australia,HK Matthews,CN Nation,KM Beams,0,0,,,,,,,,,
1085948,2017,2017-06-26,County Ground,1,11.2,West Indies,Australia,HK Matthews,CN Nation,KM Beams,0,0,,,,,,,,,
1085948,2017,2017-06-26,County Ground,1,11.3,West Indies,Australia,HK Matthews,CN Nation,KM Beams,1,0,,,,,,,,,
1085948,2017,2017-06-26,County Ground,1,11.4,West Indies,Australia,CN Nation,HK Matthews,KM Beams,0,0,,,,,,,,,
1085948,2017,2017-06-26,County Ground,1,11.5,West Indies,Australia,CN Nation,HK Matthews,KM Beams,0,0,,,,,,,,,
1085948,2017,2017-06-26,County Ground,1,11.6,West Indies,Australia,CN Nation,HK Matthews,KM Beams,0,0,,,,,,,,,
1085948,2017,2017-06-26,County Ground,1,12.1,West Indies,Australia,HK Matthews,CN Nation,EA Perry,0,1,,,,1,,,,,
1085948,2017,2017-06-26,County Ground,1,12.2,West Indies,Australia,CN Nation,HK Matthews,EA Perry,0,0,,,,,,,,,
1085948,2017,2017-06-26,County Ground,1,12.3,West Indies,Australia,CN Nation,HK Matthews,EA Perry,0,0,,,,,,,,,
1085948,2017,2017-06-26,County Ground,1,12.4,West Indies,Australia,CN Nation,HK Matthews,EA Perry,1,0,,,,,,,,,
1085948,2017,2017-06-26,County Ground,1,12.5,West Indies,Australia,HK Matthews,CN Nation,EA Perry,1,0,,,,,,,,,
1085948,2017,2017-06-26,County Ground,1,12.6,West Indies,Australia,CN Nation,HK Matthews,EA Perry,1,0,,,,,,,,,
1085948,2017,2017-06-26,County Ground,1,13.1,West Indies,Australia,CN Nation,HK Matthews,KM Beams,0,0,,,,,,,,,
1085948,2017,2017-06-26,County Ground,1,13.2,West Indies,Australia,CN Nation,HK Matthews,KM Beams,2,0,,,,,,,,,
1085948,2017,2017-06-26,County Ground,1,13.3,West Indies,Australia,CN Nation,HK Matthews,KM Beams,0,0,,,,,,,,,
1085948,2017,2017-06-26,County Ground,1,13.4,West Indies,Australia,CN Nation,HK Matthews,KM Beams,0,0,,,,,,,,,
1085948,2017,2017-06-26,County Ground,1,13.5,West Indies,Australia,CN Nation,HK Matthews,KM Beams,1,0,,,,,,,,,
1085948,2017,2017-06-26,County Ground,1,13.6,West Indies,Australia,HK Matthews,CN Nation,KM Beams,1,0,,,,,,,,,
1085948,2017,2017-06-26,County Ground,1,14.1,West Indies,Australia,HK Matthews,CN Nation,JL Jonassen,0,0,,,,,,,,,
1085948,2017,2017-06-26,County Ground,1,14.2,West Indies,Australia,HK Matthews,CN Nation,JL Jonassen,1,0,,,,,,,,,
1085948,2017,2017-06-26,County Ground,1,14.3,West Indies,Australia,CN Nation,HK Matthews,JL Jonassen,0,0,,,,,,,,,
1085948,2017,2017-06-26,County Ground,1,14.4,West Indies,Australia,CN Nation,HK Matthews,JL Jonassen,0,0,,,,,,,,,
1085948,2017,2017-06-26,County Ground,1,14.5,West Indies,Australia,CN Nation,HK Matthews,JL Jonassen,0,0,,,,,,,,,
1085948,2017,2017-06-26,County Ground,1,14.6,West Indies,Australia,CN Nation,HK Matthews,JL Jonassen,0,0,,,,,,,,,
1085948,2017,2017-06-26,County Ground,1,15.1,West Indies,Australia,HK Matthews,CN Nation,KM Beams,0,0,,,,,,,,,
1085948,2017,2017-06-26,County Ground,1,15.2,West Indies,Australia,HK Matthews,CN Nation,KM Beams,0,0,,,,,,,,,
1085948,2017,2017-06-26,County Ground,1,15.3,West Indies,Australia,HK Matthews,CN Nation,KM Beams,1,0,,,,,,,,,
1085948,2017,2017-06-26,County Ground,1,15.4,West Indies,Australia,CN Nation,HK Matthews,KM Beams,0,0,,,,,,,,,
1085948,2017,2017-06-26,County Ground,1,15.5,West Indies,Australia,CN Nation,HK Matthews,KM Beams,0,0,,,,,,,,,
1085948,2017,2017-06-26,County Ground,1,15.6,West Indies,Australia,CN Nation,HK Matthews,KM Beams,0,0,,,,,,,,,
1085948,2017,2017-06-26,County Ground,1,16.1,West Indies,Australia,HK Matthews,CN Nation,JL Jonassen,1,0,,,,,,,,,
1085948,2017,2017-06-26,County Ground,1,16.2,West Indies,Australia,CN Nation,HK Matthews,JL Jonassen,0,0,,,,,,,,,
1085948,2017,2017-06-26,County Ground,1,16.3,West Indies,Australia,CN Nation,HK Matthews,JL Jonassen,0,0,,,,,,,,,
1085948,2017,2017-06-26,County Ground,1,16.4,West Indies,Australia,CN Nation,HK Matthews,JL Jonassen,0,0,,,,,,,,,
1085948,2017,2017-06-26,County Ground,1,16.5,West Indies,Australia,CN Nation,HK Matthews,JL Jonassen,1,0,,,,,,,,,
1085948,2017,2017-06-26,County Ground,1,16.6,West Indies,Australia,HK Matthews,CN Nation,JL Jonassen,0,2,2,,,,,,,,
1085948,2017,2017-06-26,County Ground,1,16.7,West Indies,Australia,CN Nation,HK Matthews,JL Jonassen,1,0,,,,,,,,,
1085948,2017,2017-06-26,County Ground,1,17.1,West Indies,Australia,CN Nation,HK Matthews,KM Beams,0,0,,,,,,,,,
1085948,2017,2017-06-26,County Ground,1,17.2,West Indies,Australia,CN Nation,HK Matthews,KM Beams,2,0,,,,,,,,,
1085948,2017,2017-06-26,County Ground,1,17.3,West Indies,Australia,CN Nation,HK Matthews,KM Beams,0,0,,,,,,,,,
1085948,2017,2017-06-26,County Ground,1,17.4,West Indies,Australia,CN Nation,HK Matthews,KM Beams,0,0,,,,,,,,,
1085948,2017,2017-06-26,County Ground,1,17.5,West Indies,Australia,CN Nation,HK Matthews,KM Beams,0,0,,,,,,,,,
1085948,2017,2017-06-26,County Ground,1,17.6,West Indies,Australia,CN Nation,HK Matthews,KM Beams,0,0,,,,,,,,,
1085948,2017,2017-06-26,County Ground,1,18.1,West Indies,Australia,HK Matthews,CN Nation,A Gardner,0,0,,,,,,,,,
1085948,2017,2017-06-26,County Ground,1,18.2,West Indies,Australia,HK Matthews,CN Nation,A Gardner,0,0,,,,,,,,,
1085948,2017,2017-06-26,County Ground,1,18.3,West Indies,Australia,HK Matthews,CN Nation,A Gardner,4,0,,,,,,,,,
1085948,2017,2017-06-26,County Ground,1,18.4,West Indies,Australia,HK Matthews,CN Nation,A Gardner,0,1,1,,,,,,,,
1085948,2017,2017-06-26,County Ground,1,18.5,West Indies,Australia,HK Matthews,CN Nation,A Gardner,1,0,,,,,,,,,
1085948,2017,2017-06-26,County Ground,1,18.6,West Indies,Australia,CN Nation,HK Matthews,A Gardner,0,0,,,,,,,,,
1085948,2017,2017-06-26,County Ground,1,18.7,West Indies,Australia,CN Nation,HK Matthews,A Gardner,0,2,,,2,,,,,,
1085948,2017,2017-06-26,County Ground,1,19.1,West Indies,Australia,HK Matthews,CN Nation,EJ Villani,0,0,,,,,,,,,
1085948,2017,2017-06-26,County Ground,1,19.2,West Indies,Australia,HK Matthews,CN Nation,EJ Villani,0,0,,,,,,,,,
1085948,2017,2017-06-26,County Ground,1,19.3,West Indies,Australia,HK Matthews,CN Nation,EJ Villani,4,0,,,,,,,,,
1085948,2017,2017-06-26,County Ground,1,19.4,West Indies,Australia,HK Matthews,CN Nation,EJ Villani,1,0,,,,,,,,,
1085948,2017,2017-06-26,County Ground,1,19.5,West Indies,Australia,CN Nation,HK Matthews,EJ Villani,1,0,,,,,,,,,
1085948,2017,2017-06-26,County Ground,1,19.6,West Indies,Australia,HK Matthews,CN Nation,EJ Villani,0,0,,,,,,,,,
1085948,2017,2017-06-26,County Ground,1,20.1,West Indies,Australia,CN Nation,HK Matthews,A Gardner,0,0,,,,,,,,,
1085948,2017,2017-06-26,County Ground,1,20.2,West Indies,Australia,CN Nation,HK Matthews,A Gardner,4,0,,,,,,,,,
1085948,2017,2017-06-26,County Ground,1,20.3,West Indies,Australia,CN Nation,HK Matthews,A Gardner,0,0,,,,,,,,,
1085948,2017,2017-06-26,County Ground,1,20.4,West Indies,Australia,CN Nation,HK Matthews,A Gardner,0,0,,,,,,,,,
1085948,2017,2017-06-26,County Ground,1,20.5,West Indies,Australia,CN Nation,HK Matthews,A Gardner,0,0,,,,,,,,,
1085948,2017,2017-06-26,County Ground,1,20.6,West Indies,Australia,CN Nation,HK Matthews,A Gardner,0,0,,,,,,,,,
1085948,2017,2017-06-26,County Ground,1,21.1,West Indies,Australia,HK Matthews,CN Nation,EJ Villani,1,0,,,,,,,,,
1085948,2017,2017-06-26,County Ground,1,21.2,West Indies,Australia,CN Nation,HK Matthews,EJ Villani,0,0,,,,,,,,,
1085948,2017,2017-06-26,County Ground,1,21.3,West Indies,Australia,CN Nation,HK Matthews,EJ Villani,1,0,,,,,,,,,
1085948,2017,2017-06-26,County Ground,1,21.4,West Indies,Australia,HK Matthews,CN Nation,EJ Villani,1,0,,,,,,,,,
1085948,2017,2017-06-26,County Ground,1,21.5,West Indies,Australia,CN Nation,HK Matthews,EJ Villani,4,0,,,,,,,,,
1085948,2017,2017-06-26,County Ground,1,21.6,West Indies,Australia,CN Nation,HK Matthews,EJ Villani,1,0,,,,,,,,,
1085948,2017,2017-06-26,County Ground,1,22.1,West Indies,Australia,CN Nation,HK Matthews,A Gardner,0,0,,,,,,,,,
1085948,2017,2017-06-26,County Ground,1,22.2,West Indies,Australia,CN Nation,HK Matthews,A Gardner,0,0,,,,,,,,,
1085948,2017,2017-06-26,County Ground,1,22.3,West Indies,Australia,CN Nation,HK Matthews,A Gardner,0,0,,,,,,,,,
1085948,2017,2017-06-26,County Ground,1,22.4,West Indies,Australia,CN Nation,HK Matthews,A Gardner,0,0,,,,,,,,,
1085948,2017,2017-06-26,County Ground,1,22.5,West Indies,Australia,CN Nation,HK Matthews,A Gardner,1,0,,,,,,,,,
1085948,2017,2017-06-26,County Ground,1,22.6,West Indies,Australia,HK Matthews,CN Nation,A Gardner,1,0,,,,,,,,,
1085948,2017,2017-06-26,County Ground,1,23.1,West Indies,Australia,HK Matthews,CN Nation,JL Jonassen,4,0,,,,,,,,,
1085948,2017,2017-06-26,County Ground,1,23.2,West Indies,Australia,HK Matthews,CN Nation,JL Jonassen,0,0,,,,,,,,,
1085948,2017,2017-06-26,County Ground,1,23.3,West Indies,Australia,HK Matthews,CN Nation,JL Jonassen,0,0,,,,,,,,,
1085948,2017,2017-06-26,County Ground,1,23.4,West Indies,Australia,HK Matthews,CN Nation,JL Jonassen,1,0,,,,,,,,,
1085948,2017,2017-06-26,County Ground,1,23.5,West Indies,Australia,CN Nation,HK Matthews,JL Jonassen,1,0,,,,,,,,,
1085948,2017,2017-06-26,County Ground,1,23.6,West Indies,Australia,HK Matthews,CN Nation,JL Jonassen,0,0,,,,,,bowled,HK Matthews,,
1085948,2017,2017-06-26,County Ground,1,24.1,West Indies,Australia,CN Nation,SR Taylor,A Gardner,1,0,,,,,,,,,
1085948,2017,2017-06-26,County Ground,1,24.2,West Indies,Australia,SR Taylor,CN Nation,A Gardner,2,0,,,,,,,,,
1085948,2017,2017-06-26,County Ground,1,24.3,West Indies,Australia,SR Taylor,CN Nation,A Gardner,1,0,,,,,,,,,
1085948,2017,2017-06-26,County Ground,1,24.4,West Indies,Australia,CN Nation,SR Taylor,A Gardner,1,0,,,,,,,,,
1085948,2017,2017-06-26,County Ground,1,24.5,West Indies,Australia,SR Taylor,CN Nation,A Gardner,0,0,,,,,,,,,
1085948,2017,2017-06-26,County Ground,1,24.6,West Indies,Australia,SR Taylor,CN Nation,A Gardner,1,0,,,,,,,,,
1085948,2017,2017-06-26,County Ground,1,25.1,West Indies,Australia,SR Taylor,CN Nation,EA Perry,1,0,,,,,,,,,
1085948,2017,2017-06-26,County Ground,1,25.2,West Indies,Australia,CN Nation,SR Taylor,EA Perry,0,0,,,,,,,,,
1085948,2017,2017-06-26,County Ground,1,25.3,West Indies,Australia,CN Nation,SR Taylor,EA Perry,1,0,,,,,,,,,
1085948,2017,2017-06-26,County Ground,1,25.4,West Indies,Australia,SR Taylor,CN Nation,EA Perry,1,0,,,,,,,,,
1085948,2017,2017-06-26,County Ground,1,25.5,West Indies,Australia,CN Nation,SR Taylor,EA Perry,0,0,,,,,,,,,
1085948,2017,2017-06-26,County Ground,1,25.6,West Indies,Australia,CN Nation,SR Taylor,EA Perry,0,0,,,,,,,,,
1085948,2017,2017-06-26,County Ground,1,26.1,West Indies,Australia,SR Taylor,CN Nation,A Gardner,0,0,,,,,,,,,
1085948,2017,2017-06-26,County Ground,1,26.2,West Indies,Australia,SR Taylor,CN Nation,A Gardner,1,0,,,,,,,,,
1085948,2017,2017-06-26,County Ground,1,26.3,West Indies,Australia,CN Nation,SR Taylor,A Gardner,0,0,,,,,,,,,
1085948,2017,2017-06-26,County Ground,1,26.4,West Indies,Australia,CN Nation,SR Taylor,A Gardner,0,0,,,,,,,,,
1085948,2017,2017-06-26,County Ground,1,26.5,West Indies,Australia,CN Nation,SR Taylor,A Gardner,1,0,,,,,,,,,
1085948,2017,2017-06-26,County Ground,1,26.6,West Indies,Australia,SR Taylor,CN Nation,A Gardner,0,0,,,,,,,,,
1085948,2017,2017-06-26,County Ground,1,27.1,West Indies,Australia,CN Nation,SR Taylor,EA Perry,1,0,,,,,,,,,
1085948,2017,2017-06-26,County Ground,1,27.2,West Indies,Australia,SR Taylor,CN Nation,EA Perry,0,1,1,,,,,,,,
1085948,2017,2017-06-26,County Ground,1,27.3,West Indies,Australia,SR Taylor,CN Nation,EA Perry,1,0,,,,,,,,,
1085948,2017,2017-06-26,County Ground,1,27.4,West Indies,Australia,CN Nation,SR Taylor,EA Perry,0,1,,,,1,,,,,
1085948,2017,2017-06-26,County Ground,1,27.5,West Indies,Australia,SR Taylor,CN Nation,EA Perry,1,0,,,,,,,,,
1085948,2017,2017-06-26,County Ground,1,27.6,West Indies,Australia,CN Nation,SR Taylor,EA Perry,6,0,,,,,,,,,
1085948,2017,2017-06-26,County Ground,1,27.7,West Indies,Australia,CN Nation,SR Taylor,EA Perry,0,1,,,,1,,,,,
1085948,2017,2017-06-26,County Ground,1,28.1,West Indies,Australia,CN Nation,SR Taylor,KM Beams,1,0,,,,,,,,,
1085948,2017,2017-06-26,County Ground,1,28.2,West Indies,Australia,SR Taylor,CN Nation,KM Beams,0,0,,,,,,,,,
1085948,2017,2017-06-26,County Ground,1,28.3,West Indies,Australia,SR Taylor,CN Nation,KM Beams,0,0,,,,,,,,,
1085948,2017,2017-06-26,County Ground,1,28.4,West Indies,Australia,SR Taylor,CN Nation,KM Beams,1,0,,,,,,,,,
1085948,2017,2017-06-26,County Ground,1,28.5,West Indies,Australia,CN Nation,SR Taylor,KM Beams,1,0,,,,,,,,,
1085948,2017,2017-06-26,County Ground,1,28.6,West Indies,Australia,SR Taylor,CN Nation,KM Beams,1,0,,,,,,,,,
1085948,2017,2017-06-26,County Ground,1,29.1,West Indies,Australia,SR Taylor,CN Nation,ML Schutt,1,0,,,,,,,,,
1085948,2017,2017-06-26,County Ground,1,29.2,West Indies,Australia,CN Nation,SR Taylor,ML Schutt,1,0,,,,,,,,,
1085948,2017,2017-06-26,County Ground,1,29.3,West Indies,Australia,SR Taylor,CN Nation,ML Schutt,1,0,,,,,,,,,
1085948,2017,2017-06-26,County Ground,1,29.4,West Indies,Australia,CN Nation,SR Taylor,ML Schutt,0,0,,,,,,,,,
1085948,2017,2017-06-26,County Ground,1,29.5,West Indies,Australia,CN Nation,SR Taylor,ML Schutt,1,0,,,,,,,,,
1085948,2017,2017-06-26,County Ground,1,29.6,West Indies,Australia,SR Taylor,CN Nation,ML Schutt,1,0,,,,,,,,,
1085948,2017,2017-06-26,County Ground,1,30.1,West Indies,Australia,SR Taylor,CN Nation,KM Beams,1,0,,,,,,,,,
1085948,2017,2017-06-26,County Ground,1,30.2,West Indies,Australia,CN Nation,SR Taylor,KM Beams,1,0,,,,,,,,,
1085948,2017,2017-06-26,County Ground,1,30.3,West Indies,Australia,SR Taylor,CN Nation,KM Beams,0,0,,,,,,,,,
1085948,2017,2017-06-26,County Ground,1,30.4,West Indies,Australia,SR Taylor,CN Nation,KM Beams,0,0,,,,,,,,,
1085948,2017,2017-06-26,County Ground,1,30.5,West Indies,Australia,SR Taylor,CN Nation,KM Beams,1,0,,,,,,,,,
1085948,2017,2017-06-26,County Ground,1,30.6,West Indies,Australia,CN Nation,SR Taylor,KM Beams,0,0,,,,,,,,,
1085948,2017,2017-06-26,County Ground,1,31.1,West Indies,Australia,SR Taylor,CN Nation,ML Schutt,0,0,,,,,,,,,
1085948,2017,2017-06-26,County Ground,1,31.2,West Indies,Australia,SR Taylor,CN Nation,ML Schutt,0,0,,,,,,,,,
1085948,2017,2017-06-26,County Ground,1,31.3,West Indies,Australia,SR Taylor,CN Nation,ML Schutt,1,0,,,,,,,,,
1085948,2017,2017-06-26,County Ground,1,31.4,West Indies,Australia,CN Nation,SR Taylor,ML Schutt,1,0,,,,,,,,,
1085948,2017,2017-06-26,County Ground,1,31.5,West Indies,Australia,SR Taylor,CN Nation,ML Schutt,0,0,,,,,,,,,
1085948,2017,2017-06-26,County Ground,1,31.6,West Indies,Australia,SR Taylor,CN Nation,ML Schutt,0,0,,,,,,,,,
1085948,2017,2017-06-26,County Ground,1,32.1,West Indies,Australia,CN Nation,SR Taylor,KM Beams,0,0,,,,,,caught,CN Nation,,
1085948,2017,2017-06-26,County Ground,1,32.2,West Indies,Australia,DJS Dottin,SR Taylor,KM Beams,0,0,,,,,,,,,
1085948,2017,2017-06-26,County Ground,1,32.3,West Indies,Australia,DJS Dottin,SR Taylor,KM Beams,0,0,,,,,,,,,
1085948,2017,2017-06-26,County Ground,1,32.4,West Indies,Australia,DJS Dottin,SR Taylor,KM Beams,1,0,,,,,,,,,
1085948,2017,2017-06-26,County Ground,1,32.5,West Indies,Australia,SR Taylor,DJS Dottin,KM Beams,0,0,,,,,,,,,
1085948,2017,2017-06-26,County Ground,1,32.6,West Indies,Australia,SR Taylor,DJS Dottin,KM Beams,1,0,,,,,,,,,
1085948,2017,2017-06-26,County Ground,1,33.1,West Indies,Australia,SR Taylor,DJS Dottin,EJ Villani,0,0,,,,,,,,,
1085948,2017,2017-06-26,County Ground,1,33.2,West Indies,Australia,SR Taylor,DJS Dottin,EJ Villani,1,0,,,,,,,,,
1085948,2017,2017-06-26,County Ground,1,33.3,West Indies,Australia,DJS Dottin,SR Taylor,EJ Villani,0,0,,,,,,,,,
1085948,2017,2017-06-26,County Ground,1,33.4,West Indies,Australia,DJS Dottin,SR Taylor,EJ Villani,4,0,,,,,,,,,
1085948,2017,2017-06-26,County Ground,1,33.5,West Indies,Australia,DJS Dottin,SR Taylor,EJ Villani,4,0,,,,,,,,,
1085948,2017,2017-06-26,County Ground,1,33.6,West Indies,Australia,DJS Dottin,SR Taylor,EJ Villani,1,0,,,,,,,,,
1085948,2017,2017-06-26,County Ground,1,34.1,West Indies,Australia,DJS Dottin,SR Taylor,EA Perry,4,0,,,,,,,,,
1085948,2017,2017-06-26,County Ground,1,34.2,West Indies,Australia,DJS Dottin,SR Taylor,EA Perry,0,0,,,,,,,,,
1085948,2017,2017-06-26,County Ground,1,34.3,West Indies,Australia,DJS Dottin,SR Taylor,EA Perry,0,0,,,,,,,,,
1085948,2017,2017-06-26,County Ground,1,34.4,West Indies,Australia,DJS Dottin,SR Taylor,EA Perry,0,0,,,,,,,,,
1085948,2017,2017-06-26,County Ground,1,34.5,West Indies,Australia,DJS Dottin,SR Taylor,EA Perry,0,0,,,,,,,,,
1085948,2017,2017-06-26,County Ground,1,34.6,West Indies,Australia,DJS Dottin,SR Taylor,EA Perry,0,0,,,,,,,,,
1085948,2017,2017-06-26,County Ground,1,35.1,West Indies,Australia,SR Taylor,DJS Dottin,JL Jonassen,0,0,,,,,,,,,
1085948,2017,2017-06-26,County Ground,1,35.2,West Indies,Australia,SR Taylor,DJS Dottin,JL Jonassen,0,0,,,,,,,,,
1085948,2017,2017-06-26,County Ground,1,35.3,West Indies,Australia,SR Taylor,DJS Dottin,JL Jonassen,1,0,,,,,,,,,
1085948,2017,2017-06-26,County Ground,1,35.4,West Indies,Australia,DJS Dottin,SR Taylor,JL Jonassen,4,0,,,,,,,,,
1085948,2017,2017-06-26,County Ground,1,35.5,West Indies,Australia,DJS Dottin,SR Taylor,JL Jonassen,0,0,,,,,,,,,
1085948,2017,2017-06-26,County Ground,1,35.6,West Indies,Australia,DJS Dottin,SR Taylor,JL Jonassen,2,0,,,,,,,,,
1085948,2017,2017-06-26,County Ground,1,36.1,West Indies,Australia,SR Taylor,DJS Dottin,EA Perry,1,0,,,,,,,,,
1085948,2017,2017-06-26,County Ground,1,36.2,West Indies,Australia,DJS Dottin,SR Taylor,EA Perry,1,0,,,,,,,,,
1085948,2017,2017-06-26,County Ground,1,36.3,West Indies,Australia,SR Taylor,DJS Dottin,EA Perry,1,0,,,,,,,,,
1085948,2017,2017-06-26,County Ground,1,36.4,West Indies,Australia,DJS Dottin,SR Taylor,EA Perry,4,0,,,,,,,,,
1085948,2017,2017-06-26,County Ground,1,36.5,West Indies,Australia,DJS Dottin,SR Taylor,EA Perry,4,0,,,,,,,,,
1085948,2017,2017-06-26,County Ground,1,36.6,West Indies,Australia,DJS Dottin,SR Taylor,EA Perry,0,0,,,,,,bowled,DJS Dottin,,
1085948,2017,2017-06-26,County Ground,1,37.1,West Indies,Australia,SR Taylor,MR Aguilleira,JL Jonassen,0,0,,,,,,,,,
1085948,2017,2017-06-26,County Ground,1,37.2,West Indies,Australia,SR Taylor,MR Aguilleira,JL Jonassen,2,0,,,,,,,,,
1085948,2017,2017-06-26,County Ground,1,37.3,West Indies,Australia,SR Taylor,MR Aguilleira,JL Jonassen,1,0,,,,,,,,,
1085948,2017,2017-06-26,County Ground,1,37.4,West Indies,Australia,MR Aguilleira,SR Taylor,JL Jonassen,0,0,,,,,,,,,
1085948,2017,2017-06-26,County Ground,1,37.5,West Indies,Australia,MR Aguilleira,SR Taylor,JL Jonassen,0,0,,,,,,,,,
1085948,2017,2017-06-26,County Ground,1,37.6,West Indies,Australia,MR Aguilleira,SR Taylor,JL Jonassen,1,0,,,,,,,,,
1085948,2017,2017-06-26,County Ground,1,38.1,West Indies,Australia,MR Aguilleira,SR Taylor,ML Schutt,0,0,,,,,,,,,
1085948,2017,2017-06-26,County Ground,1,38.2,West Indies,Australia,MR Aguilleira,SR Taylor,ML Schutt,0,0,,,,,,caught,MR Aguilleira,,
1085948,2017,2017-06-26,County Ground,1,38.3,West Indies,Australia,SR Taylor,SF Daley,ML Schutt,1,0,,,,,,,,,
1085948,2017,2017-06-26,County Ground,1,38.4,West Indies,Australia,SF Daley,SR Taylor,ML Schutt,1,0,,,,,,,,,
1085948,2017,2017-06-26,County Ground,1,38.5,West Indies,Australia,SR Taylor,SF Daley,ML Schutt,0,0,,,,,,,,,
1085948,2017,2017-06-26,County Ground,1,38.6,West Indies,Australia,SR Taylor,SF Daley,ML Schutt,0,0,,,,,,,,,
1085948,2017,2017-06-26,County Ground,1,39.1,West Indies,Australia,SF Daley,SR Taylor,A Gardner,0,0,,,,,,,,,
1085948,2017,2017-06-26,County Ground,1,39.2,West Indies,Australia,SF Daley,SR Taylor,A Gardner,0,0,,,,,,,,,
1085948,2017,2017-06-26,County Ground,1,39.3,West Indies,Australia,SF Daley,SR Taylor,A Gardner,4,0,,,,,,,,,
1085948,2017,2017-06-26,County Ground,1,39.4,West Indies,Australia,SF Daley,SR Taylor,A Gardner,0,0,,,,,,,,,
1085948,2017,2017-06-26,County Ground,1,39.5,West Indies,Australia,SF Daley,SR Taylor,A Gardner,0,0,,,,,,,,,
1085948,2017,2017-06-26,County Ground,1,39.6,West Indies,Australia,SF Daley,SR Taylor,A Gardner,1,0,,,,,,,,,
1085948,2017,2017-06-26,County Ground,1,40.1,West Indies,Australia,SF Daley,SR Taylor,KM Beams,0,0,,,,,,caught,SF Daley,,
1085948,2017,2017-06-26,County Ground,1,40.2,West Indies,Australia,SR Taylor,A Mohammed,KM Beams,1,0,,,,,,,,,
1085948,2017,2017-06-26,County Ground,1,40.3,West Indies,Australia,A Mohammed,SR Taylor,KM Beams,0,0,,,,,,,,,
1085948,2017,2017-06-26,County Ground,1,40.4,West Indies,Australia,A Mohammed,SR Taylor,KM Beams,0,0,,,,,,,,,
1085948,2017,2017-06-26,County Ground,1,40.5,West Indies,Australia,A Mohammed,SR Taylor,KM Beams,0,0,,,,,,,,,
1085948,2017,2017-06-26,County Ground,1,40.6,West Indies,Australia,A Mohammed,SR Taylor,KM Beams,1,0,,,,,,,,,
1085948,2017,2017-06-26,County Ground,1,41.1,West Indies,Australia,A Mohammed,SR Taylor,A Gardner,0,0,,,,,,,,,
1085948,2017,2017-06-26,County Ground,1,41.2,West Indies,Australia,A Mohammed,SR Taylor,A Gardner,0,0,,,,,,,,,
1085948,2017,2017-06-26,County Ground,1,41.3,West Indies,Australia,A Mohammed,SR Taylor,A Gardner,0,0,,,,,,,,,
1085948,2017,2017-06-26,County Ground,1,41.4,West Indies,Australia,A Mohammed,SR Taylor,A Gardner,0,0,,,,,,,,,
1085948,2017,2017-06-26,County Ground,1,41.5,West Indies,Australia,A Mohammed,SR Taylor,A Gardner,1,0,,,,,,,,,
1085948,2017,2017-06-26,County Ground,1,41.6,West Indies,Australia,SR Taylor,A Mohammed,A Gardner,1,0,,,,,,,,,
1085948,2017,2017-06-26,County Ground,1,42.1,West Indies,Australia,SR Taylor,A Mohammed,KM Beams,1,0,,,,,,,,,
1085948,2017,2017-06-26,County Ground,1,42.2,West Indies,Australia,A Mohammed,SR Taylor,KM Beams,0,0,,,,,,,,,
1085948,2017,2017-06-26,County Ground,1,42.3,West Indies,Australia,A Mohammed,SR Taylor,KM Beams,1,0,,,,,,,,,
1085948,2017,2017-06-26,County Ground,1,42.4,West Indies,Australia,SR Taylor,A Mohammed,KM Beams,0,0,,,,,,,,,
1085948,2017,2017-06-26,County Ground,1,42.5,West Indies,Australia,SR Taylor,A Mohammed,KM Beams,0,0,,,,,,,,,
1085948,2017,2017-06-26,County Ground,1,42.6,West Indies,Australia,SR Taylor,A Mohammed,KM Beams,2,0,,,,,,,,,
1085948,2017,2017-06-26,County Ground,1,43.1,West Indies,Australia,A Mohammed,SR Taylor,A Gardner,1,0,,,,,,,,,
1085948,2017,2017-06-26,County Ground,1,43.2,West Indies,Australia,SR Taylor,A Mohammed,A Gardner,0,0,,,,,,,,,
1085948,2017,2017-06-26,County Ground,1,43.3,West Indies,Australia,SR Taylor,A Mohammed,A Gardner,6,0,,,,,,,,,
1085948,2017,2017-06-26,County Ground,1,43.4,West Indies,Australia,SR Taylor,A Mohammed,A Gardner,0,0,,,,,,,,,
1085948,2017,2017-06-26,County Ground,1,43.5,West Indies,Australia,SR Taylor,A Mohammed,A Gardner,1,0,,,,,,,,,
1085948,2017,2017-06-26,County Ground,1,43.6,West Indies,Australia,A Mohammed,SR Taylor,A Gardner,0,0,,,,,,,,,
1085948,2017,2017-06-26,County Ground,1,44.1,West Indies,Australia,SR Taylor,A Mohammed,KM Beams,1,0,,,,,,,,,
1085948,2017,2017-06-26,County Ground,1,44.2,West Indies,Australia,A Mohammed,SR Taylor,KM Beams,4,0,,,,,,,,,
1085948,2017,2017-06-26,County Ground,1,44.3,West Indies,Australia,A Mohammed,SR Taylor,KM Beams,0,0,,,,,,,,,
1085948,2017,2017-06-26,County Ground,1,44.4,West Indies,Australia,A Mohammed,SR Taylor,KM Beams,1,0,,,,,,,,,
1085948,2017,2017-06-26,County Ground,1,44.5,West Indies,Australia,SR Taylor,A Mohammed,KM Beams,1,0,,,,,,,,,
1085948,2017,2017-06-26,County Ground,1,44.6,West Indies,Australia,A Mohammed,SR Taylor,KM Beams,0,0,,,,,,,,,
1085948,2017,2017-06-26,County Ground,1,45.1,West Indies,Australia,SR Taylor,A Mohammed,JL Jonassen,4,0,,,,,,,,,
1085948,2017,2017-06-26,County Ground,1,45.2,West Indies,Australia,SR Taylor,A Mohammed,JL Jonassen,1,0,,,,,,,,,
1085948,2017,2017-06-26,County Ground,1,45.3,West Indies,Australia,A Mohammed,SR Taylor,JL Jonassen,0,0,,,,,,,,,
1085948,2017,2017-06-26,County Ground,1,45.4,West Indies,Australia,A Mohammed,SR Taylor,JL Jonassen,0,0,,,,,,run out,A Mohammed,,
1085948,2017,2017-06-26,County Ground,1,45.5,West Indies,Australia,SR Taylor,ASS Fletcher,JL Jonassen,0,0,,,,,,caught,SR Taylor,,
1085948,2017,2017-06-26,County Ground,1,45.6,West Indies,Australia,ASS Fletcher,SC Selman,JL Jonassen,1,0,,,,,,,,,
1085948,2017,2017-06-26,County Ground,1,46.1,West Indies,Australia,ASS Fletcher,SC Selman,EA Perry,1,0,,,,,,,,,
1085948,2017,2017-06-26,County Ground,1,46.2,West Indies,Australia,SC Selman,ASS Fletcher,EA Perry,0,0,,,,,,,,,
1085948,2017,2017-06-26,County Ground,1,46.3,West Indies,Australia,SC Selman,ASS Fletcher,EA Perry,1,0,,,,,,,,,
1085948,2017,2017-06-26,County Ground,1,46.4,West Indies,Australia,ASS Fletcher,SC Selman,EA Perry,0,1,1,,,,,,,,
1085948,2017,2017-06-26,County Ground,1,46.5,West Indies,Australia,ASS Fletcher,SC Selman,EA Perry,1,0,,,,,,,,,
1085948,2017,2017-06-26,County Ground,1,46.6,West Indies,Australia,SC Selman,ASS Fletcher,EA Perry,1,0,,,,,,,,,
1085948,2017,2017-06-26,County Ground,1,46.7,West Indies,Australia,ASS Fletcher,SC Selman,EA Perry,0,0,,,,,,bowled,ASS Fletcher,,
1085948,2017,2017-06-26,County Ground,1,47.1,West Indies,Australia,SC Selman,SS Connell,ML Schutt,1,0,,,,,,,,,
1085948,2017,2017-06-26,County Ground,1,47.2,West Indies,Australia,SS Connell,SC Selman,ML Schutt,0,0,,,,,,,,,
1085948,2017,2017-06-26,County Ground,1,47.3,West Indies,Australia,SS Connell,SC Selman,ML Schutt,1,0,,,,,,,,,
1085948,2017,2017-06-26,County Ground,1,47.4,West Indies,Australia,SC Selman,SS Connell,ML Schutt,0,0,,,,,,,,,
1085948,2017,2017-06-26,County Ground,1,47.5,West Indies,Australia,SC Selman,SS Connell,ML Schutt,0,0,,,,,,run out,SS Connell,,
1085948,2017,2017-06-26,County Ground,2,0.1,Australia,West Indies,BL Mooney,NE Bolton,SC Selman,0,0,,,,,,,,,
1085948,2017,2017-06-26,County Ground,2,0.2,Australia,West Indies,BL Mooney,NE Bolton,SC Selman,0,0,,,,,,,,,
1085948,2017,2017-06-26,County Ground,2,0.3,Australia,West Indies,BL Mooney,NE Bolton,SC Selman,0,0,,,,,,,,,
1085948,2017,2017-06-26,County Ground,2,0.4,Australia,West Indies,BL Mooney,NE Bolton,SC Selman,1,0,,,,,,,,,
1085948,2017,2017-06-26,County Ground,2,0.5,Australia,West Indies,NE Bolton,BL Mooney,SC Selman,0,0,,,,,,,,,
1085948,2017,2017-06-26,County Ground,2,0.6,Australia,West Indies,NE Bolton,BL Mooney,SC Selman,4,0,,,,,,,,,
1085948,2017,2017-06-26,County Ground,2,1.1,Australia,West Indies,BL Mooney,NE Bolton,SS Connell,0,0,,,,,,,,,
1085948,2017,2017-06-26,County Ground,2,1.2,Australia,West Indies,BL Mooney,NE Bolton,SS Connell,0,0,,,,,,,,,
1085948,2017,2017-06-26,County Ground,2,1.3,Australia,West Indies,BL Mooney,NE Bolton,SS Connell,4,0,,,,,,,,,
1085948,2017,2017-06-26,County Ground,2,1.4,Australia,West Indies,BL Mooney,NE Bolton,SS Connell,0,0,,,,,,,,,
1085948,2017,2017-06-26,County Ground,2,1.5,Australia,West Indies,BL Mooney,NE Bolton,SS Connell,0,0,,,,,,,,,
1085948,2017,2017-06-26,County Ground,2,1.6,Australia,West Indies,BL Mooney,NE Bolton,SS Connell,0,0,,,,,,,,,
1085948,2017,2017-06-26,County Ground,2,2.1,Australia,West Indies,NE Bolton,BL Mooney,SC Selman,0,0,,,,,,,,,
1085948,2017,2017-06-26,County Ground,2,2.2,Australia,West Indies,NE Bolton,BL Mooney,SC Selman,0,0,,,,,,,,,
1085948,2017,2017-06-26,County Ground,2,2.3,Australia,West Indies,NE Bolton,BL Mooney,SC Selman,0,0,,,,,,,,,
1085948,2017,2017-06-26,County Ground,2,2.4,Australia,West Indies,NE Bolton,BL Mooney,SC Selman,4,0,,,,,,,,,
1085948,2017,2017-06-26,County Ground,2,2.5,Australia,West Indies,NE Bolton,BL Mooney,SC Selman,0,0,,,,,,,,,
1085948,2017,2017-06-26,County Ground,2,2.6,Australia,West Indies,NE Bolton,BL Mooney,SC Selman,0,0,,,,,,,,,
1085948,2017,2017-06-26,County Ground,2,3.1,Australia,West Indies,BL Mooney,NE Bolton,SS Connell,0,0,,,,,,,,,
1085948,2017,2017-06-26,County Ground,2,3.2,Australia,West Indies,BL Mooney,NE Bolton,SS Connell,0,0,,,,,,,,,
1085948,2017,2017-06-26,County Ground,2,3.3,Australia,West Indies,BL Mooney,NE Bolton,SS Connell,0,0,,,,,,,,,
1085948,2017,2017-06-26,County Ground,2,3.4,Australia,West Indies,BL Mooney,NE Bolton,SS Connell,0,0,,,,,,,,,
1085948,2017,2017-06-26,County Ground,2,3.5,Australia,West Indies,BL Mooney,NE Bolton,SS Connell,0,0,,,,,,,,,
1085948,2017,2017-06-26,County Ground,2,3.6,Australia,West Indies,BL Mooney,NE Bolton,SS Connell,0,0,,,,,,,,,
1085948,2017,2017-06-26,County Ground,2,4.1,Australia,West Indies,NE Bolton,BL Mooney,SC Selman,0,0,,,,,,,,,
1085948,2017,2017-06-26,County Ground,2,4.2,Australia,West Indies,NE Bolton,BL Mooney,SC Selman,1,0,,,,,,,,,
1085948,2017,2017-06-26,County Ground,2,4.3,Australia,West Indies,BL Mooney,NE Bolton,SC Selman,0,0,,,,,,,,,
1085948,2017,2017-06-26,County Ground,2,4.4,Australia,West Indies,BL Mooney,NE Bolton,SC Selman,0,0,,,,,,,,,
1085948,2017,2017-06-26,County Ground,2,4.5,Australia,West Indies,BL Mooney,NE Bolton,SC Selman,0,0,,,,,,,,,
1085948,2017,2017-06-26,County Ground,2,4.6,Australia,West Indies,BL Mooney,NE Bolton,SC Selman,0,1,,,,1,,,,,
1085948,2017,2017-06-26,County Ground,2,5.1,Australia,West Indies,BL Mooney,NE Bolton,SS Connell,0,0,,,,,,,,,
1085948,2017,2017-06-26,County Ground,2,5.2,Australia,West Indies,BL Mooney,NE Bolton,SS Connell,4,0,,,,,,,,,
1085948,2017,2017-06-26,County Ground,2,5.3,Australia,West Indies,BL Mooney,NE Bolton,SS Connell,0,0,,,,,,,,,
1085948,2017,2017-06-26,County Ground,2,5.4,Australia,West Indies,BL Mooney,NE Bolton,SS Connell,0,0,,,,,,,,,
1085948,2017,2017-06-26,County Ground,2,5.5,Australia,West Indies,BL Mooney,NE Bolton,SS Connell,4,0,,,,,,,,,
1085948,2017,2017-06-26,County Ground,2,5.6,Australia,West Indies,BL Mooney,NE Bolton,SS Connell,0,0,,,,,,,,,
1085948,2017,2017-06-26,County Ground,2,6.1,Australia,West Indies,NE Bolton,BL Mooney,SC Selman,0,1,1,,,,,,,,
1085948,2017,2017-06-26,County Ground,2,6.2,Australia,West Indies,NE Bolton,BL Mooney,SC Selman,0,0,,,,,,,,,
1085948,2017,2017-06-26,County Ground,2,6.3,Australia,West Indies,NE Bolton,BL Mooney,SC Selman,0,0,,,,,,,,,
1085948,2017,2017-06-26,County Ground,2,6.4,Australia,West Indies,NE Bolton,BL Mooney,SC Selman,0,0,,,,,,,,,
1085948,2017,2017-06-26,County Ground,2,6.5,Australia,West Indies,NE Bolton,BL Mooney,SC Selman,4,0,,,,,,,,,
1085948,2017,2017-06-26,County Ground,2,6.6,Australia,West Indies,NE Bolton,BL Mooney,SC Selman,1,0,,,,,,,,,
1085948,2017,2017-06-26,County Ground,2,6.7,Australia,West Indies,BL Mooney,NE Bolton,SC Selman,0,1,1,,,,,,,,
1085948,2017,2017-06-26,County Ground,2,6.8,Australia,West Indies,BL Mooney,NE Bolton,SC Selman,2,0,,,,,,,,,
1085948,2017,2017-06-26,County Ground,2,7.1,Australia,West Indies,NE Bolton,BL Mooney,SR Taylor,0,0,,,,,,,,,
1085948,2017,2017-06-26,County Ground,2,7.2,Australia,West Indies,NE Bolton,BL Mooney,SR Taylor,1,0,,,,,,,,,
1085948,2017,2017-06-26,County Ground,2,7.3,Australia,West Indies,BL Mooney,NE Bolton,SR Taylor,0,0,,,,,,,,,
1085948,2017,2017-06-26,County Ground,2,7.4,Australia,West Indies,BL Mooney,NE Bolton,SR Taylor,0,0,,,,,,,,,
1085948,2017,2017-06-26,County Ground,2,7.5,Australia,West Indies,BL Mooney,NE Bolton,SR Taylor,0,0,,,,,,,,,
1085948,2017,2017-06-26,County Ground,2,7.6,Australia,West Indies,BL Mooney,NE Bolton,SR Taylor,0,0,,,,,,,,,
1085948,2017,2017-06-26,County Ground,2,8.1,Australia,West Indies,NE Bolton,BL Mooney,SF Daley,0,0,,,,,,,,,
1085948,2017,2017-06-26,County Ground,2,8.2,Australia,West Indies,NE Bolton,BL Mooney,SF Daley,0,0,,,,,,,,,
1085948,2017,2017-06-26,County Ground,2,8.3,Australia,West Indies,NE Bolton,BL Mooney,SF Daley,0,0,,,,,,,,,
1085948,2017,2017-06-26,County Ground,2,8.4,Australia,West Indies,NE Bolton,BL Mooney,SF Daley,0,0,,,,,,,,,
1085948,2017,2017-06-26,County Ground,2,8.5,Australia,West Indies,NE Bolton,BL Mooney,SF Daley,0,0,,,,,,,,,
1085948,2017,2017-06-26,County Ground,2,8.6,Australia,West Indies,NE Bolton,BL Mooney,SF Daley,2,0,,,,,,,,,
1085948,2017,2017-06-26,County Ground,2,9.1,Australia,West Indies,BL Mooney,NE Bolton,SR Taylor,0,0,,,,,,,,,
1085948,2017,2017-06-26,County Ground,2,9.2,Australia,West Indies,BL Mooney,NE Bolton,SR Taylor,0,0,,,,,,,,,
1085948,2017,2017-06-26,County Ground,2,9.3,Australia,West Indies,BL Mooney,NE Bolton,SR Taylor,0,0,,,,,,,,,
1085948,2017,2017-06-26,County Ground,2,9.4,Australia,West Indies,BL Mooney,NE Bolton,SR Taylor,0,0,,,,,,,,,
1085948,2017,2017-06-26,County Ground,2,9.5,Australia,West Indies,BL Mooney,NE Bolton,SR Taylor,0,0,,,,,,,,,
1085948,2017,2017-06-26,County Ground,2,9.6,Australia,West Indies,BL Mooney,NE Bolton,SR Taylor,4,0,,,,,,,,,
1085948,2017,2017-06-26,County Ground,2,10.1,Australia,West Indies,NE Bolton,BL Mooney,SF Daley,1,0,,,,,,,,,
1085948,2017,2017-06-26,County Ground,2,10.2,Australia,West Indies,BL Mooney,NE Bolton,SF Daley,1,0,,,,,,,,,
1085948,2017,2017-06-26,County Ground,2,10.3,Australia,West Indies,NE Bolton,BL Mooney,SF Daley,1,0,,,,,,,,,
1085948,2017,2017-06-26,County Ground,2,10.4,Australia,West Indies,BL Mooney,NE Bolton,SF Daley,1,0,,,,,,,,,
1085948,2017,2017-06-26,County Ground,2,10.5,Australia,West Indies,NE Bolton,BL Mooney,SF Daley,2,0,,,,,,,,,
1085948,2017,2017-06-26,County Ground,2,10.6,Australia,West Indies,NE Bolton,BL Mooney,SF Daley,0,0,,,,,,,,,
1085948,2017,2017-06-26,County Ground,2,11.1,Australia,West Indies,BL Mooney,NE Bolton,SR Taylor,4,0,,,,,,,,,
1085948,2017,2017-06-26,County Ground,2,11.2,Australia,West Indies,BL Mooney,NE Bolton,SR Taylor,1,0,,,,,,,,,
1085948,2017,2017-06-26,County Ground,2,11.3,Australia,West Indies,NE Bolton,BL Mooney,SR Taylor,0,0,,,,,,,,,
1085948,2017,2017-06-26,County Ground,2,11.4,Australia,West Indies,NE Bolton,BL Mooney,SR Taylor,1,0,,,,,,,,,
1085948,2017,2017-06-26,County Ground,2,11.5,Australia,West Indies,BL Mooney,NE Bolton,SR Taylor,1,0,,,,,,,,,
1085948,2017,2017-06-26,County Ground,2,11.6,Australia,West Indies,NE Bolton,BL Mooney,SR Taylor,1,0,,,,,,,,,
1085948,2017,2017-06-26,County Ground,2,12.1,Australia,West Indies,NE Bolton,BL Mooney,SF Daley,1,0,,,,,,,,,
1085948,2017,2017-06-26,County Ground,2,12.2,Australia,West Indies,BL Mooney,NE Bolton,SF Daley,1,0,,,,,,,,,
1085948,2017,2017-06-26,County Ground,2,12.3,Australia,West Indies,NE Bolton,BL Mooney,SF Daley,0,0,,,,,,,,,
1085948,2017,2017-06-26,County Ground,2,12.4,Australia,West Indies,NE Bolton,BL Mooney,SF Daley,1,0,,,,,,,,,
1085948,2017,2017-06-26,County Ground,2,12.5,Australia,West Indies,BL Mooney,NE Bolton,SF Daley,0,0,,,,,,,,,
1085948,2017,2017-06-26,County Ground,2,12.6,Australia,West Indies,BL Mooney,NE Bolton,SF Daley,1,0,,,,,,,,,
1085948,2017,2017-06-26,County Ground,2,13.1,Australia,West Indies,BL Mooney,NE Bolton,A Mohammed,0,0,,,,,,,,,
1085948,2017,2017-06-26,County Ground,2,13.2,Australia,West Indies,BL Mooney,NE Bolton,A Mohammed,0,0,,,,,,,,,
1085948,2017,2017-06-26,County Ground,2,13.3,Australia,West Indies,BL Mooney,NE Bolton,A Mohammed,1,0,,,,,,,,,
1085948,2017,2017-06-26,County Ground,2,13.4,Australia,West Indies,NE Bolton,BL Mooney,A Mohammed,1,0,,,,,,,,,
1085948,2017,2017-06-26,County Ground,2,13.5,Australia,West Indies,BL Mooney,NE Bolton,A Mohammed,1,0,,,,,,,,,
1085948,2017,2017-06-26,County Ground,2,13.6,Australia,West Indies,NE Bolton,BL Mooney,A Mohammed,1,0,,,,,,,,,
1085948,2017,2017-06-26,County Ground,2,14.1,Australia,West Indies,NE Bolton,BL Mooney,SF Daley,0,0,,,,,,,,,
1085948,2017,2017-06-26,County Ground,2,14.2,Australia,West Indies,NE Bolton,BL Mooney,SF Daley,4,0,,,,,,,,,
1085948,2017,2017-06-26,County Ground,2,14.3,Australia,West Indies,NE Bolton,BL Mooney,SF Daley,0,0,,,,,,,,,
1085948,2017,2017-06-26,County Ground,2,14.4,Australia,West Indies,NE Bolton,BL Mooney,SF Daley,0,0,,,,,,,,,
1085948,2017,2017-06-26,County Ground,2,14.5,Australia,West Indies,NE Bolton,BL Mooney,SF Daley,1,0,,,,,,,,,
1085948,2017,2017-06-26,County Ground,2,14.6,Australia,West Indies,BL Mooney,NE Bolton,SF Daley,0,0,,,,,,,,,
1085948,2017,2017-06-26,County Ground,2,15.1,Australia,West Indies,NE Bolton,BL Mooney,A Mohammed,0,0,,,,,,,,,
1085948,2017,2017-06-26,County Ground,2,15.2,Australia,West Indies,NE Bolton,BL Mooney,A Mohammed,0,0,,,,,,,,,
1085948,2017,2017-06-26,County Ground,2,15.3,Australia,West Indies,NE Bolton,BL Mooney,A Mohammed,0,0,,,,,,,,,
1085948,2017,2017-06-26,County Ground,2,15.4,Australia,West Indies,NE Bolton,BL Mooney,A Mohammed,1,0,,,,,,,,,
1085948,2017,2017-06-26,County Ground,2,15.5,Australia,West Indies,BL Mooney,NE Bolton,A Mohammed,1,0,,,,,,,,,
1085948,2017,2017-06-26,County Ground,2,15.6,Australia,West Indies,NE Bolton,BL Mooney,A Mohammed,0,0,,,,,,,,,
1085948,2017,2017-06-26,County Ground,2,16.1,Australia,West Indies,BL Mooney,NE Bolton,DJS Dottin,0,0,,,,,,,,,
1085948,2017,2017-06-26,County Ground,2,16.2,Australia,West Indies,BL Mooney,NE Bolton,DJS Dottin,0,1,1,,,,,,,,
1085948,2017,2017-06-26,County Ground,2,16.3,Australia,West Indies,BL Mooney,NE Bolton,DJS Dottin,4,0,,,,,,,,,
1085948,2017,2017-06-26,County Ground,2,16.4,Australia,West Indies,BL Mooney,NE Bolton,DJS Dottin,1,0,,,,,,,,,
1085948,2017,2017-06-26,County Ground,2,16.5,Australia,West Indies,NE Bolton,BL Mooney,DJS Dottin,0,0,,,,,,,,,
1085948,2017,2017-06-26,County Ground,2,16.6,Australia,West Indies,NE Bolton,BL Mooney,DJS Dottin,1,0,,,,,,,,,
1085948,2017,2017-06-26,County Ground,2,16.7,Australia,West Indies,BL Mooney,NE Bolton,DJS Dottin,2,0,,,,,,,,,
1085948,2017,2017-06-26,County Ground,2,17.1,Australia,West Indies,NE Bolton,BL Mooney,A Mohammed,0,0,,,,,,,,,
1085948,2017,2017-06-26,County Ground,2,17.2,Australia,West Indies,NE Bolton,BL Mooney,A Mohammed,0,1,,,,1,,,,,
1085948,2017,2017-06-26,County Ground,2,17.3,Australia,West Indies,BL Mooney,NE Bolton,A Mohammed,2,0,,,,,,,,,
1085948,2017,2017-06-26,County Ground,2,17.4,Australia,West Indies,BL Mooney,NE Bolton,A Mohammed,1,0,,,,,,,,,
1085948,2017,2017-06-26,County Ground,2,17.5,Australia,West Indies,NE Bolton,BL Mooney,A Mohammed,1,0,,,,,,,,,
1085948,2017,2017-06-26,County Ground,2,17.6,Australia,West Indies,BL Mooney,NE Bolton,A Mohammed,1,0,,,,,,,,,
1085948,2017,2017-06-26,County Ground,2,18.1,Australia,West Indies,BL Mooney,NE Bolton,DJS Dottin,1,0,,,,,,,,,
1085948,2017,2017-06-26,County Ground,2,18.2,Australia,West Indies,NE Bolton,BL Mooney,DJS Dottin,0,0,,,,,,,,,
1085948,2017,2017-06-26,County Ground,2,18.3,Australia,West Indies,NE Bolton,BL Mooney,DJS Dottin,0,0,,,,,,,,,
1085948,2017,2017-06-26,County Ground,2,18.4,Australia,West Indies,NE Bolton,BL Mooney,DJS Dottin,0,0,,,,,,,,,
1085948,2017,2017-06-26,County Ground,2,18.5,Australia,West Indies,NE Bolton,BL Mooney,DJS Dottin,0,0,,,,,,,,,
1085948,2017,2017-06-26,County Ground,2,18.6,Australia,West Indies,NE Bolton,BL Mooney,DJS Dottin,1,0,,,,,,,,,
1085948,2017,2017-06-26,County Ground,2,19.1,Australia,West Indies,NE Bolton,BL Mooney,SR Taylor,1,0,,,,,,,,,
1085948,2017,2017-06-26,County Ground,2,19.2,Australia,West Indies,BL Mooney,NE Bolton,SR Taylor,1,0,,,,,,,,,
1085948,2017,2017-06-26,County Ground,2,19.3,Australia,West Indies,NE Bolton,BL Mooney,SR Taylor,1,0,,,,,,,,,
1085948,2017,2017-06-26,County Ground,2,19.4,Australia,West Indies,BL Mooney,NE Bolton,SR Taylor,0,0,,,,,,,,,
1085948,2017,2017-06-26,County Ground,2,19.5,Australia,West Indies,BL Mooney,NE Bolton,SR Taylor,2,0,,,,,,,,,
1085948,2017,2017-06-26,County Ground,2,19.6,Australia,West Indies,BL Mooney,NE Bolton,SR Taylor,0,0,,,,,,,,,
1085948,2017,2017-06-26,County Ground,2,20.1,Australia,West Indies,NE Bolton,BL Mooney,DJS Dottin,0,0,,,,,,,,,
1085948,2017,2017-06-26,County Ground,2,20.2,Australia,West Indies,NE Bolton,BL Mooney,DJS Dottin,2,0,,,,,,,,,
1085948,2017,2017-06-26,County Ground,2,20.3,Australia,West Indies,NE Bolton,BL Mooney,DJS Dottin,0,0,,,,,,,,,
1085948,2017,2017-06-26,County Ground,2,20.4,Australia,West Indies,NE Bolton,BL Mooney,DJS Dottin,1,0,,,,,,,,,
1085948,2017,2017-06-26,County Ground,2,20.5,Australia,West Indies,BL Mooney,NE Bolton,DJS Dottin,1,0,,,,,,,,,
1085948,2017,2017-06-26,County Ground,2,20.6,Australia,West Indies,NE Bolton,BL Mooney,DJS Dottin,1,0,,,,,,,,,
1085948,2017,2017-06-26,County Ground,2,21.1,Australia,West Indies,NE Bolton,BL Mooney,HK Matthews,1,0,,,,,,,,,
1085948,2017,2017-06-26,County Ground,2,21.2,Australia,West Indies,BL Mooney,NE Bolton,HK Matthews,0,0,,,,,,,,,
1085948,2017,2017-06-26,County Ground,2,21.3,Australia,West Indies,BL Mooney,NE Bolton,HK Matthews,1,0,,,,,,,,,
1085948,2017,2017-06-26,County Ground,2,21.4,Australia,West Indies,NE Bolton,BL Mooney,HK Matthews,0,0,,,,,,,,,
1085948,2017,2017-06-26,County Ground,2,21.5,Australia,West Indies,NE Bolton,BL Mooney,HK Matthews,1,0,,,,,,,,,
1085948,2017,2017-06-26,County Ground,2,21.6,Australia,West Indies,BL Mooney,NE Bolton,HK Matthews,1,0,,,,,,,,,
1085948,2017,2017-06-26,County Ground,2,22.1,Australia,West Indies,BL Mooney,NE Bolton,A Mohammed,0,0,,,,,,,,,
1085948,2017,2017-06-26,County Ground,2,22.2,Australia,West Indies,BL Mooney,NE Bolton,A Mohammed,2,0,,,,,,,,,
1085948,2017,2017-06-26,County Ground,2,22.3,Australia,West Indies,BL Mooney,NE Bolton,A Mohammed,4,0,,,,,,,,,
1085948,2017,2017-06-26,County Ground,2,22.4,Australia,West Indies,BL Mooney,NE Bolton,A Mohammed,0,0,,,,,,,,,
1085948,2017,2017-06-26,County Ground,2,22.5,Australia,West Indies,BL Mooney,NE Bolton,A Mohammed,1,0,,,,,,,,,
1085948,2017,2017-06-26,County Ground,2,22.6,Australia,West Indies,NE Bolton,BL Mooney,A Mohammed,0,0,,,,,,,,,
1085948,2017,2017-06-26,County Ground,2,23.1,Australia,West Indies,BL Mooney,NE Bolton,HK Matthews,6,0,,,,,,,,,
1085948,2017,2017-06-26,County Ground,2,23.2,Australia,West Indies,BL Mooney,NE Bolton,HK Matthews,0,0,,,,,,,,,
1085948,2017,2017-06-26,County Ground,2,23.3,Australia,West Indies,BL Mooney,NE Bolton,HK Matthews,0,0,,,,,,,,,
1085948,2017,2017-06-26,County Ground,2,23.4,Australia,West Indies,BL Mooney,NE Bolton,HK Matthews,1,0,,,,,,,,,
1085948,2017,2017-06-26,County Ground,2,23.5,Australia,West Indies,NE Bolton,BL Mooney,HK Matthews,0,0,,,,,,,,,
1085948,2017,2017-06-26,County Ground,2,23.6,Australia,West Indies,NE Bolton,BL Mooney,HK Matthews,1,0,,,,,,,,,
1085948,2017,2017-06-26,County Ground,2,24.1,Australia,West Indies,NE Bolton,BL Mooney,A Mohammed,0,0,,,,,,,,,
1085948,2017,2017-06-26,County Ground,2,24.2,Australia,West Indies,NE Bolton,BL Mooney,A Mohammed,4,0,,,,,,,,,
1085948,2017,2017-06-26,County Ground,2,24.3,Australia,West Indies,NE Bolton,BL Mooney,A Mohammed,0,0,,,,,,,,,
1085948,2017,2017-06-26,County Ground,2,24.4,Australia,West Indies,NE Bolton,BL Mooney,A Mohammed,0,0,,,,,,,,,
1085948,2017,2017-06-26,County Ground,2,24.5,Australia,West Indies,NE Bolton,BL Mooney,A Mohammed,1,0,,,,,,,,,
1085948,2017,2017-06-26,County Ground,2,24.6,Australia,West Indies,BL Mooney,NE Bolton,A Mohammed,0,0,,,,,,,,,
1085948,2017,2017-06-26,County Ground,2,25.1,Australia,West Indies,NE Bolton,BL Mooney,HK Matthews,0,4,,,4,,,,,,
1085948,2017,2017-06-26,County Ground,2,25.2,Australia,West Indies,NE Bolton,BL Mooney,HK Matthews,4,0,,,,,,,,,
1085948,2017,2017-06-26,County Ground,2,25.3,Australia,West Indies,NE Bolton,BL Mooney,HK Matthews,0,0,,,,,,,,,
1085948,2017,2017-06-26,County Ground,2,25.4,Australia,West Indies,NE Bolton,BL Mooney,HK Matthews,4,0,,,,,,,,,
1085948,2017,2017-06-26,County Ground,2,25.5,Australia,West Indies,NE Bolton,BL Mooney,HK Matthews,1,0,,,,,,,,,
1085948,2017,2017-06-26,County Ground,2,25.6,Australia,West Indies,BL Mooney,NE Bolton,HK Matthews,1,0,,,,,,,,,
1085948,2017,2017-06-26,County Ground,2,26.1,Australia,West Indies,BL Mooney,NE Bolton,ASS Fletcher,1,0,,,,,,,,,
1085948,2017,2017-06-26,County Ground,2,26.2,Australia,West Indies,NE Bolton,BL Mooney,ASS Fletcher,0,0,,,,,,,,,
1085948,2017,2017-06-26,County Ground,2,26.3,Australia,West Indies,NE Bolton,BL Mooney,ASS Fletcher,1,0,,,,,,,,,
1085948,2017,2017-06-26,County Ground,2,26.4,Australia,West Indies,BL Mooney,NE Bolton,ASS Fletcher,1,0,,,,,,,,,
1085948,2017,2017-06-26,County Ground,2,26.5,Australia,West Indies,NE Bolton,BL Mooney,ASS Fletcher,4,0,,,,,,,,,
1085948,2017,2017-06-26,County Ground,2,26.6,Australia,West Indies,NE Bolton,BL Mooney,ASS Fletcher,1,0,,,,,,,,,
1085948,2017,2017-06-26,County Ground,2,27.1,Australia,West Indies,NE Bolton,BL Mooney,SF Daley,4,0,,,,,,,,,
1085948,2017,2017-06-26,County Ground,2,27.2,Australia,West Indies,NE Bolton,BL Mooney,SF Daley,0,0,,,,,,,,,
1085948,2017,2017-06-26,County Ground,2,27.3,Australia,West Indies,NE Bolton,BL Mooney,SF Daley,4,0,,,,,,,,,
1085948,2017,2017-06-26,County Ground,2,27.4,Australia,West Indies,NE Bolton,BL Mooney,SF Daley,1,0,,,,,,,,,
1085948,2017,2017-06-26,County Ground,2,27.5,Australia,West Indies,BL Mooney,NE Bolton,SF Daley,0,0,,,,,,,,,
1085948,2017,2017-06-26,County Ground,2,27.6,Australia,West Indies,BL Mooney,NE Bolton,SF Daley,1,0,,,,,,,,,
1085948,2017,2017-06-26,County Ground,2,28.1,Australia,West Indies,BL Mooney,NE Bolton,ASS Fletcher,1,0,,,,,,,,,
1085948,2017,2017-06-26,County Ground,2,28.2,Australia,West Indies,NE Bolton,BL Mooney,ASS Fletcher,4,0,,,,,,,,,
1085948,2017,2017-06-26,County Ground,2,28.3,Australia,West Indies,NE Bolton,BL Mooney,ASS Fletcher,4,0,,,,,,,,,
1085948,2017,2017-06-26,County Ground,2,28.4,Australia,West Indies,NE Bolton,BL Mooney,ASS Fletcher,0,0,,,,,,,,,
1085948,2017,2017-06-26,County Ground,2,28.5,Australia,West Indies,NE Bolton,BL Mooney,ASS Fletcher,2,0,,,,,,,,,
1085948,2017,2017-06-26,County Ground,2,28.6,Australia,West Indies,NE Bolton,BL Mooney,ASS Fletcher,1,0,,,,,,,,,
1085948,2017,2017-06-26,County Ground,2,29.1,Australia,West Indies,NE Bolton,BL Mooney,SS Connell,0,0,,,,,,,,,
1085948,2017,2017-06-26,County Ground,2,29.2,Australia,West Indies,NE Bolton,BL Mooney,SS Connell,1,0,,,,,,,,,
1085948,2017,2017-06-26,County Ground,2,29.3,Australia,West Indies,BL Mooney,NE Bolton,SS Connell,1,0,,,,,,,,,
1085948,2017,2017-06-26,County Ground,2,29.4,Australia,West Indies,NE Bolton,BL Mooney,SS Connell,0,0,,,,,,,,,
1085948,2017,2017-06-26,County Ground,2,29.5,Australia,West Indies,NE Bolton,BL Mooney,SS Connell,2,0,,,,,,,,,
1085948,2017,2017-06-26,County Ground,2,29.6,Australia,West Indies,NE Bolton,BL Mooney,SS Connell,4,0,,,,,,,,,
1085948,2017,2017-06-26,County Ground,2,30.1,Australia,West Indies,BL Mooney,NE Bolton,SR Taylor,0,0,,,,,,bowled,BL Mooney,,
1085948,2017,2017-06-26,County Ground,2,30.2,Australia,West Indies,MM Lanning,NE Bolton,SR Taylor,0,0,,,,,,,,,
1085948,2017,2017-06-26,County Ground,2,30.3,Australia,West Indies,MM Lanning,NE Bolton,SR Taylor,0,0,,,,,,,,,
1085948,2017,2017-06-26,County Ground,2,30.4,Australia,West Indies,MM Lanning,NE Bolton,SR Taylor,0,0,,,,,,,,,
1085948,2017,2017-06-26,County Ground,2,30.5,Australia,West Indies,MM Lanning,NE Bolton,SR Taylor,0,0,,,,,,,,,
1085948,2017,2017-06-26,County Ground,2,30.6,Australia,West Indies,MM Lanning,NE Bolton,SR Taylor,4,0,,,,,,,,,
1085948,2017,2017-06-26,County Ground,2,31.1,Australia,West Indies,NE Bolton,MM Lanning,SS Connell,1,0,,,,,,,,,
1085948,2017,2017-06-26,County Ground,2,31.2,Australia,West Indies,MM Lanning,NE Bolton,SS Connell,0,0,,,,,,,,,
1085948,2017,2017-06-26,County Ground,2,31.3,Australia,West Indies,MM Lanning,NE Bolton,SS Connell,1,0,,,,,,,,,
1085948,2017,2017-06-26,County Ground,2,31.4,Australia,West Indies,NE Bolton,MM Lanning,SS Connell,0,0,,,,,,,,,
1085948,2017,2017-06-26,County Ground,2,31.5,Australia,West Indies,NE Bolton,MM Lanning,SS Connell,1,0,,,,,,,,,
1085948,2017,2017-06-26,County Ground,2,31.6,Australia,West Indies,MM Lanning,NE Bolton,SS Connell,0,0,,,,,,,,,
1085948,2017,2017-06-26,County Ground,2,32.1,Australia,West Indies,NE Bolton,MM Lanning,SR Taylor,0,0,,,,,,,,,
1085948,2017,2017-06-26,County Ground,2,32.2,Australia,West Indies,NE Bolton,MM Lanning,SR Taylor,1,0,,,,,,,,,
1085948,2017,2017-06-26,County Ground,2,32.3,Australia,West Indies,MM Lanning,NE Bolton,SR Taylor,1,0,,,,,,,,,
1085948,2017,2017-06-26,County Ground,2,32.4,Australia,West Indies,NE Bolton,MM Lanning,SR Taylor,0,0,,,,,,,,,
1085948,2017,2017-06-26,County Ground,2,32.5,Australia,West Indies,NE Bolton,MM Lanning,SR Taylor,2,0,,,,,,,,,
1085948,2017,2017-06-26,County Ground,2,32.6,Australia,West Indies,NE Bolton,MM Lanning,SR Taylor,0,0,,,,,,,,,
1085948,2017,2017-06-26,County Ground,2,33.1,Australia,West Indies,MM Lanning,NE Bolton,SS Connell,0,0,,,,,,,,,
1085948,2017,2017-06-26,County Ground,2,33.2,Australia,West Indies,MM Lanning,NE Bolton,SS Connell,4,0,,,,,,,,,
1085948,2017,2017-06-26,County Ground,2,33.3,Australia,West Indies,MM Lanning,NE Bolton,SS Connell,0,0,,,,,,,,,
1085948,2017,2017-06-26,County Ground,2,33.4,Australia,West Indies,MM Lanning,NE Bolton,SS Connell,1,0,,,,,,,,,
1085948,2017,2017-06-26,County Ground,2,33.5,Australia,West Indies,NE Bolton,MM Lanning,SS Connell,1,0,,,,,,,,,
1085948,2017,2017-06-26,County Ground,2,33.6,Australia,West Indies,MM Lanning,NE Bolton,SS Connell,1,0,,,,,,,,,
1085948,2017,2017-06-26,County Ground,2,34.1,Australia,West Indies,MM Lanning,NE Bolton,SR Taylor,0,0,,,,,,caught,MM Lanning,,
1085948,2017,2017-06-26,County Ground,2,34.2,Australia,West Indies,NE Bolton,EA Perry,SR Taylor,1,0,,,,,,,,,
1085948,2017,2017-06-26,County Ground,2,34.3,Australia,West Indies,EA Perry,NE Bolton,SR Taylor,1,0,,,,,,,,,
1085948,2017,2017-06-26,County Ground,2,34.4,Australia,West Indies,NE Bolton,EA Perry,SR Taylor,0,0,,,,,,,,,
1085948,2017,2017-06-26,County Ground,2,34.5,Australia,West Indies,NE Bolton,EA Perry,SR Taylor,1,0,,,,,,,,,
1085948,2017,2017-06-26,County Ground,2,34.6,Australia,West Indies,EA Perry,NE Bolton,SR Taylor,0,0,,,,,,,,,
1085948,2017,2017-06-26,County Ground,2,35.1,Australia,West Indies,NE Bolton,EA Perry,DJS Dottin,0,0,,,,,,,,,
1085948,2017,2017-06-26,County Ground,2,35.2,Australia,West Indies,NE Bolton,EA Perry,DJS Dottin,1,0,,,,,,,,,
1085948,2017,2017-06-26,County Ground,2,35.3,Australia,West Indies,EA Perry,NE Bolton,DJS Dottin,0,0,,,,,,,,,
1085948,2017,2017-06-26,County Ground,2,35.4,Australia,West Indies,EA Perry,NE Bolton,DJS Dottin,1,0,,,,,,,,,
1085948,2017,2017-06-26,County Ground,2,35.5,Australia,West Indies,NE Bolton,EA Perry,DJS Dottin,4,0,,,,,,,,,
1085948,2017,2017-06-26,County Ground,2,35.6,Australia,West Indies,NE Bolton,EA Perry,DJS Dottin,0,0,,,,,,,,,
1085948,2017,2017-06-26,County Ground,2,36.1,Australia,West Indies,EA Perry,NE Bolton,SR Taylor,1,0,,,,,,,,,
1085948,2017,2017-06-26,County Ground,2,36.2,Australia,West Indies,NE Bolton,EA Perry,SR Taylor,0,0,,,,,,,,,
1085948,2017,2017-06-26,County Ground,2,36.3,Australia,West Indies,NE Bolton,EA Perry,SR Taylor,1,0,,,,,,,,,
1085948,2017,2017-06-26,County Ground,2,36.4,Australia,West Indies,EA Perry,NE Bolton,SR Taylor,0,0,,,,,,,,,
1085948,2017,2017-06-26,County Ground,2,36.5,Australia,West Indies,EA Perry,NE Bolton,SR Taylor,0,1,1,,,,,,,,
1085948,2017,2017-06-26,County Ground,2,36.6,Australia,West Indies,EA Perry,NE Bolton,SR Taylor,0,0,,,,,,,,,
1085948,2017,2017-06-26,County Ground,2,36.7,Australia,West Indies,EA Perry,NE Bolton,SR Taylor,0,0,,,,,,,,,
1085948,2017,2017-06-26,County Ground,2,37.1,Australia,West Indies,NE Bolton,EA Perry,DJS Dottin,1,0,,,,,,,,,
1085948,2017,2017-06-26,County Ground,2,37.2,Australia,West Indies,EA Perry,NE Bolton,DJS Dottin,0,0,,,,,,,,,
1085948,2017,2017-06-26,County Ground,2,37.3,Australia,West Indies,EA Perry,NE Bolton,DJS Dottin,0,1,1,,,,,,,,
1085948,2017,2017-06-26,County Ground,2,37.4,Australia,West Indies,EA Perry,NE Bolton,DJS Dottin,0,0,,,,,,,,,
1085948,2017,2017-06-26,County Ground,2,37.5,Australia,West Indies,EA Perry,NE Bolton,DJS Dottin,0,0,,,,,,,,,
1085948,2017,2017-06-26,County Ground,2,37.6,Australia,West Indies,EA Perry,NE Bolton,DJS Dottin,1,0,,,,,,,,,
1085948,2017,2017-06-26,County Ground,2,37.7,Australia,West Indies,NE Bolton,EA Perry,DJS Dottin,0,0,,,,,,,,,
1085948,2017,2017-06-26,County Ground,2,38.1,Australia,West Indies,EA Perry,NE Bolton,SR Taylor,1,0,,,,,,,,,
