match_id,season,start_date,venue,innings,ball,batting_team,bowling_team,striker,non_striker,bowler,runs_off_bat,extras,wides,noballs,byes,legbyes,penalty,wicket_type,player_dismissed,other_wicket_type,other_player_dismissed
1085967,2017,2017-07-12,County Ground,1,0.1,India,Australia,PG Raut,S Mandhana,ML Schutt,0,0,,,,,,,,,
1085967,2017,2017-07-12,County Ground,1,0.2,India,Australia,PG Raut,S Mandhana,ML Schutt,0,0,,,,,,,,,
1085967,2017,2017-07-12,County Ground,1,0.3,India,Australia,PG Raut,S Mandhana,ML Schutt,1,0,,,,,,,,,
1085967,2017,2017-07-12,County Ground,1,0.4,India,Australia,S Mandhana,PG Raut,ML Schutt,1,0,,,,,,,,,
1085967,2017,2017-07-12,County Ground,1,0.5,India,Australia,PG Raut,S Mandhana,ML Schutt,0,0,,,,,,,,,
1085967,2017,2017-07-12,County Ground,1,0.6,India,Australia,PG Raut,S Mandhana,ML Schutt,0,0,,,,,,,,,
1085967,2017,2017-07-12,County Ground,1,1.1,India,Australia,S Mandhana,PG Raut,A Gardner,0,0,,,,,,,,,
1085967,2017,2017-07-12,County Ground,1,1.2,India,Australia,S Mandhana,PG Raut,A Gardner,1,0,,,,,,,,,
1085967,2017,2017-07-12,County Ground,1,1.3,India,Australia,PG Raut,S Mandhana,A Gardner,0,1,1,,,,,,,,
1085967,2017,2017-07-12,County Ground,1,1.4,India,Australia,PG Raut,S Mandhana,A Gardner,0,0,,,,,,,,,
1085967,2017,2017-07-12,County Ground,1,1.5,India,Australia,PG Raut,S Mandhana,A Gardner,0,0,,,,,,,,,
1085967,2017,2017-07-12,County Ground,1,1.6,India,Australia,PG Raut,S Mandhana,A Gardner,0,0,,,,,,,,,
1085967,2017,2017-07-12,County Ground,1,1.7,India,Australia,PG Raut,S Mandhana,A Gardner,0,0,,,,,,,,,
1085967,2017,2017-07-12,County Ground,1,2.1,India,Australia,S Mandhana,PG Raut,ML Schutt,0,0,,,,,,,,,
1085967,2017,2017-07-12,County Ground,1,2.2,India,Australia,S Mandhana,PG Raut,ML Schutt,0,0,,,,,,,,,
1085967,2017,2017-07-12,County Ground,1,2.3,India,Australia,S Mandhana,PG Raut,ML Schutt,0,0,,,,,,,,,
1085967,2017,2017-07-12,County Ground,1,2.4,India,Australia,S Mandhana,PG Raut,ML Schutt,0,0,,,,,,,,,
1085967,2017,2017-07-12,County Ground,1,2.5,India,Australia,S Mandhana,PG Raut,ML Schutt,1,0,,,,,,,,,
1085967,2017,2017-07-12,County Ground,1,2.6,India,Australia,PG Raut,S Mandhana,ML Schutt,4,0,,,,,,,,,
1085967,2017,2017-07-12,County Ground,1,3.1,India,Australia,S Mandhana,PG Raut,A Gardner,0,0,,,,,,,,,
1085967,2017,2017-07-12,County Ground,1,3.2,India,Australia,S Mandhana,PG Raut,A Gardner,0,0,,,,,,caught,S Mandhana,,
1085967,2017,2017-07-12,County Ground,1,3.3,India,Australia,M Raj,PG Raut,A Gardner,0,0,,,,,,,,,
1085967,2017,2017-07-12,County Ground,1,3.4,India,Australia,M Raj,PG Raut,A Gardner,0,0,,,,,,,,,
1085967,2017,2017-07-12,County Ground,1,3.5,India,Australia,M Raj,PG Raut,A Gardner,0,0,,,,,,,,,
1085967,2017,2017-07-12,County Ground,1,3.6,India,Australia,M Raj,PG Raut,A Gardner,0,0,,,,,,,,,
1085967,2017,2017-07-12,County Ground,1,4.1,India,Australia,PG Raut,M Raj,ML Schutt,0,0,,,,,,,,,
1085967,2017,2017-07-12,County Ground,1,4.2,India,Australia,PG Raut,M Raj,ML Schutt,0,0,,,,,,,,,
1085967,2017,2017-07-12,County Ground,1,4.3,India,Australia,PG Raut,M Raj,ML Schutt,0,0,,,,,,,,,
1085967,2017,2017-07-12,County Ground,1,4.4,India,Australia,PG Raut,M Raj,ML Schutt,1,0,,,,,,,,,
1085967,2017,2017-07-12,County Ground,1,4.5,India,Australia,M Raj,PG Raut,ML Schutt,1,0,,,,,,,,,
1085967,2017,2017-07-12,County Ground,1,4.6,India,Australia,PG Raut,M Raj,ML Schutt,0,0,,,,,,,,,
1085967,2017,2017-07-12,County Ground,1,5.1,India,Australia,M Raj,PG Raut,A Gardner,0,0,,,,,,,,,
1085967,2017,2017-07-12,County Ground,1,5.2,India,Australia,M Raj,PG Raut,A Gardner,0,0,,,,,,,,,
1085967,2017,2017-07-12,County Ground,1,5.3,India,Australia,M Raj,PG Raut,A Gardner,1,0,,,,,,,,,
1085967,2017,2017-07-12,County Ground,1,5.4,India,Australia,PG Raut,M Raj,A Gardner,0,0,,,,,,,,,
1085967,2017,2017-07-12,County Ground,1,5.5,India,Australia,PG Raut,M Raj,A Gardner,1,0,,,,,,,,,
1085967,2017,2017-07-12,County Ground,1,5.6,India,Australia,M Raj,PG Raut,A Gardner,0,0,,,,,,,,,
1085967,2017,2017-07-12,County Ground,1,6.1,India,Australia,PG Raut,M Raj,ML Schutt,0,0,,,,,,,,,
1085967,2017,2017-07-12,County Ground,1,6.2,India,Australia,PG Raut,M Raj,ML Schutt,2,0,,,,,,,,,
1085967,2017,2017-07-12,County Ground,1,6.3,India,Australia,PG Raut,M Raj,ML Schutt,0,0,,,,,,,,,
1085967,2017,2017-07-12,County Ground,1,6.4,India,Australia,PG Raut,M Raj,ML Schutt,0,0,,,,,,,,,
1085967,2017,2017-07-12,County Ground,1,6.5,India,Australia,PG Raut,M Raj,ML Schutt,0,0,,,,,,,,,
1085967,2017,2017-07-12,County Ground,1,6.6,India,Australia,PG Raut,M Raj,ML Schutt,0,0,,,,,,,,,
1085967,2017,2017-07-12,County Ground,1,7.1,India,Australia,M Raj,PG Raut,JL Jonassen,0,0,,,,,,,,,
1085967,2017,2017-07-12,County Ground,1,7.2,India,Australia,M Raj,PG Raut,JL Jonassen,0,0,,,,,,,,,
1085967,2017,2017-07-12,County Ground,1,7.3,India,Australia,M Raj,PG Raut,JL Jonassen,0,0,,,,,,,,,
1085967,2017,2017-07-12,County Ground,1,7.4,India,Australia,M Raj,PG Raut,JL Jonassen,0,0,,,,,,,,,
1085967,2017,2017-07-12,County Ground,1,7.5,India,Australia,M Raj,PG Raut,JL Jonassen,0,0,,,,,,,,,
1085967,2017,2017-07-12,County Ground,1,7.6,India,Australia,M Raj,PG Raut,JL Jonassen,2,0,,,,,,,,,
1085967,2017,2017-07-12,County Ground,1,8.1,India,Australia,PG Raut,M Raj,ML Schutt,4,0,,,,,,,,,
1085967,2017,2017-07-12,County Ground,1,8.2,India,Australia,PG Raut,M Raj,ML Schutt,0,0,,,,,,,,,
1085967,2017,2017-07-12,County Ground,1,8.3,India,Australia,PG Raut,M Raj,ML Schutt,0,0,,,,,,,,,
1085967,2017,2017-07-12,County Ground,1,8.4,India,Australia,PG Raut,M Raj,ML Schutt,0,0,,,,,,,,,
1085967,2017,2017-07-12,County Ground,1,8.5,India,Australia,PG Raut,M Raj,ML Schutt,0,0,,,,,,,,,
1085967,2017,2017-07-12,County Ground,1,8.6,India,Australia,PG Raut,M Raj,ML Schutt,4,0,,,,,,,,,
1085967,2017,2017-07-12,County Ground,1,9.1,India,Australia,M Raj,PG Raut,JL Jonassen,0,0,,,,,,,,,
1085967,2017,2017-07-12,County Ground,1,9.2,India,Australia,M Raj,PG Raut,JL Jonassen,0,0,,,,,,,,,
1085967,2017,2017-07-12,County Ground,1,9.3,India,Australia,M Raj,PG Raut,JL Jonassen,0,0,,,,,,,,,
1085967,2017,2017-07-12,County Ground,1,9.4,India,Australia,M Raj,PG Raut,JL Jonassen,0,0,,,,,,,,,
1085967,2017,2017-07-12,County Ground,1,9.5,India,Australia,M Raj,PG Raut,JL Jonassen,0,0,,,,,,,,,
1085967,2017,2017-07-12,County Ground,1,9.6,India,Australia,M Raj,PG Raut,JL Jonassen,0,0,,,,,,,,,
1085967,2017,2017-07-12,County Ground,1,10.1,India,Australia,PG Raut,M Raj,EA Perry,0,1,1,,,,,,,,
1085967,2017,2017-07-12,County Ground,1,10.2,India,Australia,PG Raut,M Raj,EA Perry,0,0,,,,,,,,,
1085967,2017,2017-07-12,County Ground,1,10.3,India,Australia,PG Raut,M Raj,EA Perry,0,0,,,,,,,,,
1085967,2017,2017-07-12,County Ground,1,10.4,India,Australia,PG Raut,M Raj,EA Perry,0,0,,,,,,,,,
1085967,2017,2017-07-12,County Ground,1,10.5,India,Australia,PG Raut,M Raj,EA Perry,1,0,,,,,,,,,
1085967,2017,2017-07-12,County Ground,1,10.6,India,Australia,M Raj,PG Raut,EA Perry,0,0,,,,,,,,,
1085967,2017,2017-07-12,County Ground,1,10.7,India,Australia,M Raj,PG Raut,EA Perry,0,0,,,,,,,,,
1085967,2017,2017-07-12,County Ground,1,11.1,India,Australia,PG Raut,M Raj,KM Beams,0,0,,,,,,,,,
1085967,2017,2017-07-12,County Ground,1,11.2,India,Australia,PG Raut,M Raj,KM Beams,0,0,,,,,,,,,
1085967,2017,2017-07-12,County Ground,1,11.3,India,Australia,PG Raut,M Raj,KM Beams,1,0,,,,,,,,,
1085967,2017,2017-07-12,County Ground,1,11.4,India,Australia,M Raj,PG Raut,KM Beams,1,0,,,,,,,,,
1085967,2017,2017-07-12,County Ground,1,11.5,India,Australia,PG Raut,M Raj,KM Beams,1,0,,,,,,,,,
1085967,2017,2017-07-12,County Ground,1,11.6,India,Australia,M Raj,PG Raut,KM Beams,0,0,,,,,,,,,
1085967,2017,2017-07-12,County Ground,1,12.1,India,Australia,PG Raut,M Raj,EA Perry,0,0,,,,,,,,,
1085967,2017,2017-07-12,County Ground,1,12.2,India,Australia,PG Raut,M Raj,EA Perry,0,0,,,,,,,,,
1085967,2017,2017-07-12,County Ground,1,12.3,India,Australia,PG Raut,M Raj,EA Perry,1,0,,,,,,,,,
1085967,2017,2017-07-12,County Ground,1,12.4,India,Australia,M Raj,PG Raut,EA Perry,4,0,,,,,,,,,
1085967,2017,2017-07-12,County Ground,1,12.5,India,Australia,M Raj,PG Raut,EA Perry,0,0,,,,,,,,,
1085967,2017,2017-07-12,County Ground,1,12.6,India,Australia,M Raj,PG Raut,EA Perry,0,0,,,,,,,,,
1085967,2017,2017-07-12,County Ground,1,13.1,India,Australia,PG Raut,M Raj,KM Beams,0,0,,,,,,,,,
1085967,2017,2017-07-12,County Ground,1,13.2,India,Australia,PG Raut,M Raj,KM Beams,0,0,,,,,,,,,
1085967,2017,2017-07-12,County Ground,1,13.3,India,Australia,PG Raut,M Raj,KM Beams,0,0,,,,,,,,,
1085967,2017,2017-07-12,County Ground,1,13.4,India,Australia,PG Raut,M Raj,KM Beams,0,0,,,,,,,,,
1085967,2017,2017-07-12,County Ground,1,13.5,India,Australia,PG Raut,M Raj,KM Beams,0,0,,,,,,,,,
1085967,2017,2017-07-12,County Ground,1,13.6,India,Australia,PG Raut,M Raj,KM Beams,2,0,,,,,,,,,
1085967,2017,2017-07-12,County Ground,1,14.1,India,Australia,M Raj,PG Raut,EA Perry,0,0,,,,,,,,,
1085967,2017,2017-07-12,County Ground,1,14.2,India,Australia,M Raj,PG Raut,EA Perry,1,0,,,,,,,,,
1085967,2017,2017-07-12,County Ground,1,14.3,India,Australia,PG Raut,M Raj,EA Perry,0,0,,,,,,,,,
1085967,2017,2017-07-12,County Ground,1,14.4,India,Australia,PG Raut,M Raj,EA Perry,1,0,,,,,,,,,
1085967,2017,2017-07-12,County Ground,1,14.5,India,Australia,M Raj,PG Raut,EA Perry,0,0,,,,,,,,,
1085967,2017,2017-07-12,County Ground,1,14.6,India,Australia,M Raj,PG Raut,EA Perry,0,0,,,,,,,,,
1085967,2017,2017-07-12,County Ground,1,15.1,India,Australia,PG Raut,M Raj,KM Beams,0,0,,,,,,,,,
1085967,2017,2017-07-12,County Ground,1,15.2,India,Australia,PG Raut,M Raj,KM Beams,1,0,,,,,,,,,
1085967,2017,2017-07-12,County Ground,1,15.3,India,Australia,M Raj,PG Raut,KM Beams,0,0,,,,,,,,,
1085967,2017,2017-07-12,County Ground,1,15.4,India,Australia,M Raj,PG Raut,KM Beams,0,0,,,,,,,,,
1085967,2017,2017-07-12,County Ground,1,15.5,India,Australia,M Raj,PG Raut,KM Beams,1,0,,,,,,,,,
1085967,2017,2017-07-12,County Ground,1,15.6,India,Australia,PG Raut,M Raj,KM Beams,1,0,,,,,,,,,
1085967,2017,2017-07-12,County Ground,1,16.1,India,Australia,PG Raut,M Raj,JL Jonassen,1,0,,,,,,,,,
1085967,2017,2017-07-12,County Ground,1,16.2,India,Australia,M Raj,PG Raut,JL Jonassen,0,0,,,,,,,,,
1085967,2017,2017-07-12,County Ground,1,16.3,India,Australia,M Raj,PG Raut,JL Jonassen,0,0,,,,,,,,,
1085967,2017,2017-07-12,County Ground,1,16.4,India,Australia,M Raj,PG Raut,JL Jonassen,0,0,,,,,,,,,
1085967,2017,2017-07-12,County Ground,1,16.5,India,Australia,M Raj,PG Raut,JL Jonassen,0,0,,,,,,,,,
1085967,2017,2017-07-12,County Ground,1,16.6,India,Australia,M Raj,PG Raut,JL Jonassen,0,0,,,,,,,,,
1085967,2017,2017-07-12,County Ground,1,17.1,India,Australia,PG Raut,M Raj,KM Beams,1,0,,,,,,,,,
1085967,2017,2017-07-12,County Ground,1,17.2,India,Australia,M Raj,PG Raut,KM Beams,1,0,,,,,,,,,
1085967,2017,2017-07-12,County Ground,1,17.3,India,Australia,PG Raut,M Raj,KM Beams,1,0,,,,,,,,,
1085967,2017,2017-07-12,County Ground,1,17.4,India,Australia,M Raj,PG Raut,KM Beams,0,0,,,,,,,,,
1085967,2017,2017-07-12,County Ground,1,17.5,India,Australia,M Raj,PG Raut,KM Beams,0,0,,,,,,,,,
1085967,2017,2017-07-12,County Ground,1,17.6,India,Australia,M Raj,PG Raut,KM Beams,4,0,,,,,,,,,
1085967,2017,2017-07-12,County Ground,1,18.1,India,Australia,PG Raut,M Raj,JL Jonassen,0,0,,,,,,,,,
1085967,2017,2017-07-12,County Ground,1,18.2,India,Australia,PG Raut,M Raj,JL Jonassen,1,0,,,,,,,,,
1085967,2017,2017-07-12,County Ground,1,18.3,India,Australia,M Raj,PG Raut,JL Jonassen,0,0,,,,,,,,,
1085967,2017,2017-07-12,County Ground,1,18.4,India,Australia,M Raj,PG Raut,JL Jonassen,0,0,,,,,,,,,
1085967,2017,2017-07-12,County Ground,1,18.5,India,Australia,M Raj,PG Raut,JL Jonassen,0,0,,,,,,,,,
1085967,2017,2017-07-12,County Ground,1,18.6,India,Australia,M Raj,PG Raut,JL Jonassen,0,0,,,,,,,,,
1085967,2017,2017-07-12,County Ground,1,19.1,India,Australia,PG Raut,M Raj,A Gardner,0,0,,,,,,,,,
1085967,2017,2017-07-12,County Ground,1,19.2,India,Australia,PG Raut,M Raj,A Gardner,0,0,,,,,,,,,
1085967,2017,2017-07-12,County Ground,1,19.3,India,Australia,PG Raut,M Raj,A Gardner,0,0,,,,,,,,,
1085967,2017,2017-07-12,County Ground,1,19.4,India,Australia,PG Raut,M Raj,A Gardner,0,0,,,,,,,,,
1085967,2017,2017-07-12,County Ground,1,19.5,India,Australia,PG Raut,M Raj,A Gardner,4,0,,,,,,,,,
1085967,2017,2017-07-12,County Ground,1,19.6,India,Australia,PG Raut,M Raj,A Gardner,0,0,,,,,,,,,
1085967,2017,2017-07-12,County Ground,1,20.1,India,Australia,M Raj,PG Raut,JL Jonassen,0,0,,,,,,,,,
1085967,2017,2017-07-12,County Ground,1,20.2,India,Australia,M Raj,PG Raut,JL Jonassen,0,0,,,,,,,,,
1085967,2017,2017-07-12,County Ground,1,20.3,India,Australia,M Raj,PG Raut,JL Jonassen,0,0,,,,,,,,,
1085967,2017,2017-07-12,County Ground,1,20.4,India,Australia,M Raj,PG Raut,JL Jonassen,0,0,,,,,,,,,
1085967,2017,2017-07-12,County Ground,1,20.5,India,Australia,M Raj,PG Raut,JL Jonassen,2,0,,,,,,,,,
1085967,2017,2017-07-12,County Ground,1,20.6,India,Australia,M Raj,PG Raut,JL Jonassen,2,0,,,,,,,,,
1085967,2017,2017-07-12,County Ground,1,21.1,India,Australia,PG Raut,M Raj,A Gardner,0,0,,,,,,,,,
1085967,2017,2017-07-12,County Ground,1,21.2,India,Australia,PG Raut,M Raj,A Gardner,4,0,,,,,,,,,
1085967,2017,2017-07-12,County Ground,1,21.3,India,Australia,PG Raut,M Raj,A Gardner,0,0,,,,,,,,,
1085967,2017,2017-07-12,County Ground,1,21.4,India,Australia,PG Raut,M Raj,A Gardner,4,0,,,,,,,,,
1085967,2017,2017-07-12,County Ground,1,21.5,India,Australia,PG Raut,M Raj,A Gardner,0,0,,,,,,,,,
1085967,2017,2017-07-12,County Ground,1,21.6,India,Australia,PG Raut,M Raj,A Gardner,0,0,,,,,,,,,
1085967,2017,2017-07-12,County Ground,1,22.1,India,Australia,M Raj,PG Raut,EA Perry,0,0,,,,,,,,,
1085967,2017,2017-07-12,County Ground,1,22.2,India,Australia,M Raj,PG Raut,EA Perry,0,0,,,,,,,,,
1085967,2017,2017-07-12,County Ground,1,22.3,India,Australia,M Raj,PG Raut,EA Perry,0,0,,,,,,,,,
1085967,2017,2017-07-12,County Ground,1,22.4,India,Australia,M Raj,PG Raut,EA Perry,0,0,,,,,,,,,
1085967,2017,2017-07-12,County Ground,1,22.5,India,Australia,M Raj,PG Raut,EA Perry,1,0,,,,,,,,,
1085967,2017,2017-07-12,County Ground,1,22.6,India,Australia,PG Raut,M Raj,EA Perry,0,0,,,,,,,,,
1085967,2017,2017-07-12,County Ground,1,23.1,India,Australia,M Raj,PG Raut,A Gardner,0,0,,,,,,,,,
1085967,2017,2017-07-12,County Ground,1,23.2,India,Australia,M Raj,PG Raut,A Gardner,0,0,,,,,,,,,
1085967,2017,2017-07-12,County Ground,1,23.3,India,Australia,M Raj,PG Raut,A Gardner,1,0,,,,,,,,,
1085967,2017,2017-07-12,County Ground,1,23.4,India,Australia,PG Raut,M Raj,A Gardner,0,0,,,,,,,,,
1085967,2017,2017-07-12,County Ground,1,23.5,India,Australia,PG Raut,M Raj,A Gardner,4,0,,,,,,,,,
1085967,2017,2017-07-12,County Ground,1,23.6,India,Australia,PG Raut,M Raj,A Gardner,0,0,,,,,,,,,
1085967,2017,2017-07-12,County Ground,1,24.1,India,Australia,M Raj,PG Raut,EA Perry,0,0,,,,,,,,,
1085967,2017,2017-07-12,County Ground,1,24.2,India,Australia,M Raj,PG Raut,EA Perry,1,0,,,,,,,,,
1085967,2017,2017-07-12,County Ground,1,24.3,India,Australia,PG Raut,M Raj,EA Perry,0,0,,,,,,,,,
1085967,2017,2017-07-12,County Ground,1,24.4,India,Australia,PG Raut,M Raj,EA Perry,4,0,,,,,,,,,
1085967,2017,2017-07-12,County Ground,1,24.5,India,Australia,PG Raut,M Raj,EA Perry,1,0,,,,,,,,,
1085967,2017,2017-07-12,County Ground,1,24.6,India,Australia,M Raj,PG Raut,EA Perry,0,0,,,,,,,,,
1085967,2017,2017-07-12,County Ground,1,25.1,India,Australia,PG Raut,M Raj,KM Beams,0,0,,,,,,,,,
1085967,2017,2017-07-12,County Ground,1,25.2,India,Australia,PG Raut,M Raj,KM Beams,1,0,,,,,,,,,
1085967,2017,2017-07-12,County Ground,1,25.3,India,Australia,M Raj,PG Raut,KM Beams,4,0,,,,,,,,,
1085967,2017,2017-07-12,County Ground,1,25.4,India,Australia,M Raj,PG Raut,KM Beams,0,0,,,,,,,,,
1085967,2017,2017-07-12,County Ground,1,25.5,India,Australia,M Raj,PG Raut,KM Beams,1,0,,,,,,,,,
1085967,2017,2017-07-12,County Ground,1,25.6,India,Australia,PG Raut,M Raj,KM Beams,0,0,,,,,,,,,
1085967,2017,2017-07-12,County Ground,1,26.1,India,Australia,M Raj,PG Raut,EA Perry,0,0,,,,,,,,,
1085967,2017,2017-07-12,County Ground,1,26.2,India,Australia,M Raj,PG Raut,EA Perry,0,0,,,,,,,,,
1085967,2017,2017-07-12,County Ground,1,26.3,India,Australia,M Raj,PG Raut,EA Perry,0,0,,,,,,,,,
1085967,2017,2017-07-12,County Ground,1,26.4,India,Australia,M Raj,PG Raut,EA Perry,0,0,,,,,,,,,
1085967,2017,2017-07-12,County Ground,1,26.5,India,Australia,M Raj,PG Raut,EA Perry,0,0,,,,,,,,,
1085967,2017,2017-07-12,County Ground,1,26.6,India,Australia,M Raj,PG Raut,EA Perry,1,0,,,,,,,,,
1085967,2017,2017-07-12,County Ground,1,27.1,India,Australia,M Raj,PG Raut,KM Beams,2,0,,,,,,,,,
1085967,2017,2017-07-12,County Ground,1,27.2,India,Australia,M Raj,PG Raut,KM Beams,0,0,,,,,,,,,
1085967,2017,2017-07-12,County Ground,1,27.3,India,Australia,M Raj,PG Raut,KM Beams,1,0,,,,,,,,,
1085967,2017,2017-07-12,County Ground,1,27.4,India,Australia,PG Raut,M Raj,KM Beams,1,0,,,,,,,,,
1085967,2017,2017-07-12,County Ground,1,27.5,India,Australia,M Raj,PG Raut,KM Beams,1,0,,,,,,,,,
1085967,2017,2017-07-12,County Ground,1,27.6,India,Australia,PG Raut,M Raj,KM Beams,0,0,,,,,,,,,
1085967,2017,2017-07-12,County Ground,1,28.1,India,Australia,M Raj,PG Raut,EA Perry,0,0,,,,,,,,,
1085967,2017,2017-07-12,County Ground,1,28.2,India,Australia,M Raj,PG Raut,EA Perry,0,0,,,,,,,,,
1085967,2017,2017-07-12,County Ground,1,28.3,India,Australia,M Raj,PG Raut,EA Perry,0,0,,,,,,,,,
1085967,2017,2017-07-12,County Ground,1,28.4,India,Australia,M Raj,PG Raut,EA Perry,1,0,,,,,,,,,
1085967,2017,2017-07-12,County Ground,1,28.5,India,Australia,PG Raut,M Raj,EA Perry,1,0,,,,,,,,,
1085967,2017,2017-07-12,County Ground,1,28.6,India,Australia,M Raj,PG Raut,EA Perry,1,0,,,,,,,,,
1085967,2017,2017-07-12,County Ground,1,29.1,India,Australia,M Raj,PG Raut,KM Beams,1,0,,,,,,,,,
1085967,2017,2017-07-12,County Ground,1,29.2,India,Australia,PG Raut,M Raj,KM Beams,1,0,,,,,,,,,
1085967,2017,2017-07-12,County Ground,1,29.3,India,Australia,M Raj,PG Raut,KM Beams,6,0,,,,,,,,,
1085967,2017,2017-07-12,County Ground,1,29.4,India,Australia,M Raj,PG Raut,KM Beams,0,0,,,,,,,,,
1085967,2017,2017-07-12,County Ground,1,29.5,India,Australia,M Raj,PG Raut,KM Beams,1,0,,,,,,,,,
1085967,2017,2017-07-12,County Ground,1,29.6,India,Australia,PG Raut,M Raj,KM Beams,0,0,,,,,,,,,
1085967,2017,2017-07-12,County Ground,1,30.1,India,Australia,M Raj,PG Raut,ML Schutt,0,0,,,,,,,,,
1085967,2017,2017-07-12,County Ground,1,30.2,India,Australia,M Raj,PG Raut,ML Schutt,0,0,,,,,,,,,
1085967,2017,2017-07-12,County Ground,1,30.3,India,Australia,M Raj,PG Raut,ML Schutt,1,0,,,,,,,,,
1085967,2017,2017-07-12,County Ground,1,30.4,India,Australia,PG Raut,M Raj,ML Schutt,0,0,,,,,,,,,
1085967,2017,2017-07-12,County Ground,1,30.5,India,Australia,PG Raut,M Raj,ML Schutt,4,0,,,,,,,,,
1085967,2017,2017-07-12,County Ground,1,30.6,India,Australia,PG Raut,M Raj,ML Schutt,0,0,,,,,,,,,
1085967,2017,2017-07-12,County Ground,1,31.1,India,Australia,M Raj,PG Raut,EJ Villani,2,0,,,,,,,,,
1085967,2017,2017-07-12,County Ground,1,31.2,India,Australia,M Raj,PG Raut,EJ Villani,1,0,,,,,,,,,
1085967,2017,2017-07-12,County Ground,1,31.3,India,Australia,PG Raut,M Raj,EJ Villani,1,0,,,,,,,,,
1085967,2017,2017-07-12,County Ground,1,31.4,India,Australia,M Raj,PG Raut,EJ Villani,1,0,,,,,,,,,
1085967,2017,2017-07-12,County Ground,1,31.5,India,Australia,PG Raut,M Raj,EJ Villani,0,1,1,,,,,,,,
1085967,2017,2017-07-12,County Ground,1,31.6,India,Australia,PG Raut,M Raj,EJ Villani,1,0,,,,,,,,,
1085967,2017,2017-07-12,County Ground,1,31.7,India,Australia,M Raj,PG Raut,EJ Villani,1,0,,,,,,,,,
1085967,2017,2017-07-12,County Ground,1,32.1,India,Australia,M Raj,PG Raut,ML Schutt,0,0,,,,,,,,,
1085967,2017,2017-07-12,County Ground,1,32.2,India,Australia,M Raj,PG Raut,ML Schutt,1,0,,,,,,,,,
1085967,2017,2017-07-12,County Ground,1,32.3,India,Australia,PG Raut,M Raj,ML Schutt,1,0,,,,,,,,,
1085967,2017,2017-07-12,County Ground,1,32.4,India,Australia,M Raj,PG Raut,ML Schutt,1,0,,,,,,,,,
1085967,2017,2017-07-12,County Ground,1,32.5,India,Australia,PG Raut,M Raj,ML Schutt,4,0,,,,,,,,,
1085967,2017,2017-07-12,County Ground,1,32.6,India,Australia,PG Raut,M Raj,ML Schutt,1,0,,,,,,,,,
1085967,2017,2017-07-12,County Ground,1,33.1,India,Australia,PG Raut,M Raj,A Gardner,1,0,,,,,,,,,
1085967,2017,2017-07-12,County Ground,1,33.2,India,Australia,M Raj,PG Raut,A Gardner,0,0,,,,,,,,,
1085967,2017,2017-07-12,County Ground,1,33.3,India,Australia,M Raj,PG Raut,A Gardner,1,0,,,,,,,,,
1085967,2017,2017-07-12,County Ground,1,33.4,India,Australia,PG Raut,M Raj,A Gardner,0,0,,,,,,,,,
1085967,2017,2017-07-12,County Ground,1,33.5,India,Australia,PG Raut,M Raj,A Gardner,0,1,1,,,,,,,,
1085967,2017,2017-07-12,County Ground,1,33.6,India,Australia,PG Raut,M Raj,A Gardner,0,0,,,,,,,,,
1085967,2017,2017-07-12,County Ground,1,33.7,India,Australia,PG Raut,M Raj,A Gardner,0,0,,,,,,,,,
1085967,2017,2017-07-12,County Ground,1,34.1,India,Australia,M Raj,PG Raut,JL Jonassen,1,0,,,,,,,,,
1085967,2017,2017-07-12,County Ground,1,34.2,India,Australia,PG Raut,M Raj,JL Jonassen,0,0,,,,,,,,,
1085967,2017,2017-07-12,County Ground,1,34.3,India,Australia,PG Raut,M Raj,JL Jonassen,0,0,,,,,,,,,
1085967,2017,2017-07-12,County Ground,1,34.4,India,Australia,PG Raut,M Raj,JL Jonassen,0,0,,,,,,,,,
1085967,2017,2017-07-12,County Ground,1,34.5,India,Australia,PG Raut,M Raj,JL Jonassen,2,0,,,,,,,,,
1085967,2017,2017-07-12,County Ground,1,34.6,India,Australia,PG Raut,M Raj,JL Jonassen,1,0,,,,,,,,,
1085967,2017,2017-07-12,County Ground,1,35.1,India,Australia,PG Raut,M Raj,A Gardner,1,0,,,,,,,,,
1085967,2017,2017-07-12,County Ground,1,35.2,India,Australia,M Raj,PG Raut,A Gardner,1,0,,,,,,,,,
1085967,2017,2017-07-12,County Ground,1,35.3,India,Australia,PG Raut,M Raj,A Gardner,2,0,,,,,,,,,
1085967,2017,2017-07-12,County Ground,1,35.4,India,Australia,PG Raut,M Raj,A Gardner,0,0,,,,,,,,,
1085967,2017,2017-07-12,County Ground,1,35.5,India,Australia,PG Raut,M Raj,A Gardner,2,0,,,,,,,,,
1085967,2017,2017-07-12,County Ground,1,35.6,India,Australia,PG Raut,M Raj,A Gardner,0,0,,,,,,,,,
1085967,2017,2017-07-12,County Ground,1,36.1,India,Australia,M Raj,PG Raut,JL Jonassen,1,0,,,,,,,,,
1085967,2017,2017-07-12,County Ground,1,36.2,India,Australia,PG Raut,M Raj,JL Jonassen,0,0,,,,,,,,,
1085967,2017,2017-07-12,County Ground,1,36.3,India,Australia,PG Raut,M Raj,JL Jonassen,0,0,,,,,,,,,
1085967,2017,2017-07-12,County Ground,1,36.4,India,Australia,PG Raut,M Raj,JL Jonassen,1,0,,,,,,,,,
1085967,2017,2017-07-12,County Ground,1,36.5,India,Australia,M Raj,PG Raut,JL Jonassen,1,0,,,,,,,,,
1085967,2017,2017-07-12,County Ground,1,36.6,India,Australia,PG Raut,M Raj,JL Jonassen,1,0,,,,,,,,,
1085967,2017,2017-07-12,County Ground,1,37.1,India,Australia,PG Raut,M Raj,A Gardner,2,0,,,,,,,,,
1085967,2017,2017-07-12,County Ground,1,37.2,India,Australia,PG Raut,M Raj,A Gardner,1,0,,,,,,,,,
1085967,2017,2017-07-12,County Ground,1,37.3,India,Australia,M Raj,PG Raut,A Gardner,1,0,,,,,,,,,
1085967,2017,2017-07-12,County Ground,1,37.4,India,Australia,PG Raut,M Raj,A Gardner,1,0,,,,,,,,,
1085967,2017,2017-07-12,County Ground,1,37.5,India,Australia,M Raj,PG Raut,A Gardner,4,0,,,,,,,,,
1085967,2017,2017-07-12,County Ground,1,37.6,India,Australia,M Raj,PG Raut,A Gardner,1,0,,,,,,,,,
1085967,2017,2017-07-12,County Ground,1,38.1,India,Australia,M Raj,PG Raut,JL Jonassen,1,0,,,,,,,,,
1085967,2017,2017-07-12,County Ground,1,38.2,India,Australia,PG Raut,M Raj,JL Jonassen,1,0,,,,,,,,,
1085967,2017,2017-07-12,County Ground,1,38.3,India,Australia,M Raj,PG Raut,JL Jonassen,0,0,,,,,,,,,
1085967,2017,2017-07-12,County Ground,1,38.4,India,Australia,M Raj,PG Raut,JL Jonassen,2,0,,,,,,,,,
1085967,2017,2017-07-12,County Ground,1,38.5,India,Australia,M Raj,PG Raut,JL Jonassen,1,0,,,,,,,,,
1085967,2017,2017-07-12,County Ground,1,38.6,India,Australia,PG Raut,M Raj,JL Jonassen,1,0,,,,,,,,,
1085967,2017,2017-07-12,County Ground,1,39.1,India,Australia,PG Raut,M Raj,ML Schutt,3,0,,,,,,,,,
1085967,2017,2017-07-12,County Ground,1,39.2,India,Australia,M Raj,PG Raut,ML Schutt,1,0,,,,,,,,,
1085967,2017,2017-07-12,County Ground,1,39.3,India,Australia,PG Raut,M Raj,ML Schutt,0,1,1,,,,,,,,
1085967,2017,2017-07-12,County Ground,1,39.4,India,Australia,PG Raut,M Raj,ML Schutt,0,0,,,,,,,,,
1085967,2017,2017-07-12,County Ground,1,39.5,India,Australia,PG Raut,M Raj,ML Schutt,0,0,,,,,,,,,
1085967,2017,2017-07-12,County Ground,1,39.6,India,Australia,PG Raut,M Raj,ML Schutt,1,0,,,,,,,,,
1085967,2017,2017-07-12,County Ground,1,39.7,India,Australia,M Raj,PG Raut,ML Schutt,1,0,,,,,,,,,
1085967,2017,2017-07-12,County Ground,1,40.1,India,Australia,M Raj,PG Raut,KM Beams,1,0,,,,,,,,,
1085967,2017,2017-07-12,County Ground,1,40.2,India,Australia,PG Raut,M Raj,KM Beams,1,0,,,,,,,,,
1085967,2017,2017-07-12,County Ground,1,40.3,India,Australia,M Raj,PG Raut,KM Beams,0,0,,,,,,caught and bowled,M Raj,,
1085967,2017,2017-07-12,County Ground,1,40.4,India,Australia,H Kaur,PG Raut,KM Beams,0,0,,,,,,,,,
1085967,2017,2017-07-12,County Ground,1,40.5,India,Australia,H Kaur,PG Raut,KM Beams,0,0,,,,,,,,,
1085967,2017,2017-07-12,County Ground,1,40.6,India,Australia,H Kaur,PG Raut,KM Beams,0,0,,,,,,,,,
1085967,2017,2017-07-12,County Ground,1,41.1,India,Australia,PG Raut,H Kaur,A Gardner,1,0,,,,,,,,,
1085967,2017,2017-07-12,County Ground,1,41.2,India,Australia,H Kaur,PG Raut,A Gardner,0,0,,,,,,,,,
1085967,2017,2017-07-12,County Ground,1,41.3,India,Australia,H Kaur,PG Raut,A Gardner,4,0,,,,,,,,,
1085967,2017,2017-07-12,County Ground,1,41.4,India,Australia,H Kaur,PG Raut,A Gardner,1,0,,,,,,,,,
1085967,2017,2017-07-12,County Ground,1,41.5,India,Australia,PG Raut,H Kaur,A Gardner,1,0,,,,,,,,,
1085967,2017,2017-07-12,County Ground,1,41.6,India,Australia,H Kaur,PG Raut,A Gardner,1,0,,,,,,,,,
1085967,2017,2017-07-12,County Ground,1,42.1,India,Australia,H Kaur,PG Raut,KM Beams,1,0,,,,,,,,,
1085967,2017,2017-07-12,County Ground,1,42.2,India,Australia,PG Raut,H Kaur,KM Beams,1,0,,,,,,,,,
1085967,2017,2017-07-12,County Ground,1,42.3,India,Australia,H Kaur,PG Raut,KM Beams,1,0,,,,,,,,,
1085967,2017,2017-07-12,County Ground,1,42.4,India,Australia,PG Raut,H Kaur,KM Beams,1,0,,,,,,,,,
1085967,2017,2017-07-12,County Ground,1,42.5,India,Australia,H Kaur,PG Raut,KM Beams,1,0,,,,,,,,,
1085967,2017,2017-07-12,County Ground,1,42.6,India,Australia,PG Raut,H Kaur,KM Beams,1,0,,,,,,,,,
1085967,2017,2017-07-12,County Ground,1,43.1,India,Australia,PG Raut,H Kaur,JL Jonassen,4,0,,,,,,,,,
1085967,2017,2017-07-12,County Ground,1,43.2,India,Australia,PG Raut,H Kaur,JL Jonassen,0,0,,,,,,,,,
1085967,2017,2017-07-12,County Ground,1,43.3,India,Australia,PG Raut,H Kaur,JL Jonassen,1,0,,,,,,,,,
1085967,2017,2017-07-12,County Ground,1,43.4,India,Australia,H Kaur,PG Raut,JL Jonassen,1,0,,,,,,,,,
1085967,2017,2017-07-12,County Ground,1,43.5,India,Australia,PG Raut,H Kaur,JL Jonassen,0,0,,,,,,,,,
1085967,2017,2017-07-12,County Ground,1,43.6,India,Australia,PG Raut,H Kaur,JL Jonassen,1,0,,,,,,,,,
1085967,2017,2017-07-12,County Ground,1,44.1,India,Australia,PG Raut,H Kaur,EA Perry,2,0,,,,,,,,,
1085967,2017,2017-07-12,County Ground,1,44.2,India,Australia,PG Raut,H Kaur,EA Perry,2,0,,,,,,,,,
1085967,2017,2017-07-12,County Ground,1,44.3,India,Australia,PG Raut,H Kaur,EA Perry,1,0,,,,,,,,,
1085967,2017,2017-07-12,County Ground,1,44.4,India,Australia,H Kaur,PG Raut,EA Perry,1,0,,,,,,,,,
1085967,2017,2017-07-12,County Ground,1,44.5,India,Australia,PG Raut,H Kaur,EA Perry,0,0,,,,,,,,,
1085967,2017,2017-07-12,County Ground,1,44.6,India,Australia,PG Raut,H Kaur,EA Perry,0,0,,,,,,,,,
1085967,2017,2017-07-12,County Ground,1,45.1,India,Australia,H Kaur,PG Raut,JL Jonassen,0,0,,,,,,,,,
1085967,2017,2017-07-12,County Ground,1,45.2,India,Australia,H Kaur,PG Raut,JL Jonassen,1,0,,,,,,,,,
1085967,2017,2017-07-12,County Ground,1,45.3,India,Australia,PG Raut,H Kaur,JL Jonassen,1,0,,,,,,,,,
1085967,2017,2017-07-12,County Ground,1,45.4,India,Australia,H Kaur,PG Raut,JL Jonassen,6,0,,,,,,,,,
1085967,2017,2017-07-12,County Ground,1,45.5,India,Australia,H Kaur,PG Raut,JL Jonassen,0,0,,,,,,,,,
1085967,2017,2017-07-12,County Ground,1,45.6,India,Australia,H Kaur,PG Raut,JL Jonassen,1,0,,,,,,,,,
1085967,2017,2017-07-12,County Ground,1,46.1,India,Australia,H Kaur,PG Raut,EA Perry,1,0,,,,,,,,,
1085967,2017,2017-07-12,County Ground,1,46.2,India,Australia,PG Raut,H Kaur,EA Perry,0,0,,,,,,caught,PG Raut,,
1085967,2017,2017-07-12,County Ground,1,46.3,India,Australia,H Kaur,V Krishnamurthy,EA Perry,1,0,,,,,,run out,V Krishnamurthy,,
1085967,2017,2017-07-12,County Ground,1,46.4,India,Australia,S Verma,H Kaur,EA Perry,0,0,,,,,,,,,
1085967,2017,2017-07-12,County Ground,1,46.5,India,Australia,S Verma,H Kaur,EA Perry,1,0,,,,,,,,,
1085967,2017,2017-07-12,County Ground,1,46.6,India,Australia,H Kaur,S Verma,EA Perry,1,0,,,,,,,,,
1085967,2017,2017-07-12,County Ground,1,47.1,India,Australia,H Kaur,S Verma,ML Schutt,1,0,,,,,,,,,
1085967,2017,2017-07-12,County Ground,1,47.2,India,Australia,S Verma,H Kaur,ML Schutt,1,0,,,,,,,,,
1085967,2017,2017-07-12,County Ground,1,47.3,India,Australia,H Kaur,S Verma,ML Schutt,0,0,,,,,,stumped,H Kaur,,
1085967,2017,2017-07-12,County Ground,1,47.4,India,Australia,J Goswami,S Verma,ML Schutt,1,0,,,,,,,,,
1085967,2017,2017-07-12,County Ground,1,47.5,India,Australia,S Verma,J Goswami,ML Schutt,1,0,,,,,,,,,
1085967,2017,2017-07-12,County Ground,1,47.6,India,Australia,J Goswami,S Verma,ML Schutt,1,0,,,,,,,,,
1085967,2017,2017-07-12,County Ground,1,48.1,India,Australia,J Goswami,S Verma,EA Perry,0,0,,,,,,bowled,J Goswami,,
1085967,2017,2017-07-12,County Ground,1,48.2,India,Australia,S Pandey,S Verma,EA Perry,0,0,,,,,,,,,
1085967,2017,2017-07-12,County Ground,1,48.3,India,Australia,S Pandey,S Verma,EA Perry,1,0,,,,,,,,,
1085967,2017,2017-07-12,County Ground,1,48.4,India,Australia,S Verma,S Pandey,EA Perry,1,0,,,,,,,,,
1085967,2017,2017-07-12,County Ground,1,48.5,India,Australia,S Verma,S Pandey,EA Perry,1,0,,,,,,,,,
1085967,2017,2017-07-12,County Ground,1,48.6,India,Australia,S Pandey,S Verma,EA Perry,4,0,,,,,,,,,
1085967,2017,2017-07-12,County Ground,1,49.1,India,Australia,S Verma,S Pandey,ML Schutt,1,0,,,,,,,,,
1085967,2017,2017-07-12,County Ground,1,49.2,India,Australia,S Pandey,S Verma,ML Schutt,1,0,,,,,,,,,
1085967,2017,2017-07-12,County Ground,1,49.3,India,Australia,S Verma,S Pandey,ML Schutt,0,0,,,,,,bowled,S Verma,,
1085967,2017,2017-07-12,County Ground,1,49.4,India,Australia,DB Sharma,S Pandey,ML Schutt,1,0,,,,,,,,,
1085967,2017,2017-07-12,County Ground,1,49.5,India,Australia,S Pandey,DB Sharma,ML Schutt,1,0,,,,,,,,,
1085967,2017,2017-07-12,County Ground,1,49.6,India,Australia,DB Sharma,S Pandey,ML Schutt,4,0,,,,,,,,,
1085967,2017,2017-07-12,County Ground,2,0.1,Australia,India,NE Bolton,BL Mooney,J Goswami,0,0,,,,,,,,,
1085967,2017,2017-07-12,County Ground,2,0.2,Australia,India,NE Bolton,BL Mooney,J Goswami,0,0,,,,,,,,,
1085967,2017,2017-07-12,County Ground,2,0.3,Australia,India,NE Bolton,BL Mooney,J Goswami,0,0,,,,,,,,,
1085967,2017,2017-07-12,County Ground,2,0.4,Australia,India,NE Bolton,BL Mooney,J Goswami,0,0,,,,,,,,,
1085967,2017,2017-07-12,County Ground,2,0.5,Australia,India,NE Bolton,BL Mooney,J Goswami,0,0,,,,,,,,,
1085967,2017,2017-07-12,County Ground,2,0.6,Australia,India,NE Bolton,BL Mooney,J Goswami,0,0,,,,,,,,,
1085967,2017,2017-07-12,County Ground,2,1.1,Australia,India,BL Mooney,NE Bolton,DB Sharma,0,0,,,,,,,,,
1085967,2017,2017-07-12,County Ground,2,1.2,Australia,India,BL Mooney,NE Bolton,DB Sharma,0,0,,,,,,,,,
1085967,2017,2017-07-12,County Ground,2,1.3,Australia,India,BL Mooney,NE Bolton,DB Sharma,0,0,,,,,,,,,
1085967,2017,2017-07-12,County Ground,2,1.4,Australia,India,BL Mooney,NE Bolton,DB Sharma,0,0,,,,,,,,,
1085967,2017,2017-07-12,County Ground,2,1.5,Australia,India,BL Mooney,NE Bolton,DB Sharma,0,0,,,,,,,,,
1085967,2017,2017-07-12,County Ground,2,1.6,Australia,India,BL Mooney,NE Bolton,DB Sharma,0,0,,,,,,,,,
1085967,2017,2017-07-12,County Ground,2,2.1,Australia,India,NE Bolton,BL Mooney,J Goswami,0,0,,,,,,,,,
1085967,2017,2017-07-12,County Ground,2,2.2,Australia,India,NE Bolton,BL Mooney,J Goswami,0,0,,,,,,,,,
1085967,2017,2017-07-12,County Ground,2,2.3,Australia,India,NE Bolton,BL Mooney,J Goswami,0,0,,,,,,,,,
1085967,2017,2017-07-12,County Ground,2,2.4,Australia,India,NE Bolton,BL Mooney,J Goswami,4,0,,,,,,,,,
1085967,2017,2017-07-12,County Ground,2,2.5,Australia,India,NE Bolton,BL Mooney,J Goswami,0,0,,,,,,,,,
1085967,2017,2017-07-12,County Ground,2,2.6,Australia,India,NE Bolton,BL Mooney,J Goswami,0,0,,,,,,,,,
1085967,2017,2017-07-12,County Ground,2,3.1,Australia,India,BL Mooney,NE Bolton,DB Sharma,0,0,,,,,,,,,
1085967,2017,2017-07-12,County Ground,2,3.2,Australia,India,BL Mooney,NE Bolton,DB Sharma,0,0,,,,,,,,,
1085967,2017,2017-07-12,County Ground,2,3.3,Australia,India,BL Mooney,NE Bolton,DB Sharma,0,0,,,,,,,,,
1085967,2017,2017-07-12,County Ground,2,3.4,Australia,India,BL Mooney,NE Bolton,DB Sharma,4,0,,,,,,,,,
1085967,2017,2017-07-12,County Ground,2,3.5,Australia,India,BL Mooney,NE Bolton,DB Sharma,4,0,,,,,,,,,
1085967,2017,2017-07-12,County Ground,2,3.6,Australia,India,BL Mooney,NE Bolton,DB Sharma,0,0,,,,,,,,,
1085967,2017,2017-07-12,County Ground,2,4.1,Australia,India,NE Bolton,BL Mooney,J Goswami,0,0,,,,,,,,,
1085967,2017,2017-07-12,County Ground,2,4.2,Australia,India,NE Bolton,BL Mooney,J Goswami,0,0,,,,,,,,,
1085967,2017,2017-07-12,County Ground,2,4.3,Australia,India,NE Bolton,BL Mooney,J Goswami,0,0,,,,,,,,,
1085967,2017,2017-07-12,County Ground,2,4.4,Australia,India,NE Bolton,BL Mooney,J Goswami,1,0,,,,,,,,,
1085967,2017,2017-07-12,County Ground,2,4.5,Australia,India,BL Mooney,NE Bolton,J Goswami,1,0,,,,,,,,,
1085967,2017,2017-07-12,County Ground,2,4.6,Australia,India,NE Bolton,BL Mooney,J Goswami,4,0,,,,,,,,,
1085967,2017,2017-07-12,County Ground,2,5.1,Australia,India,BL Mooney,NE Bolton,S Pandey,0,0,,,,,,,,,
1085967,2017,2017-07-12,County Ground,2,5.2,Australia,India,BL Mooney,NE Bolton,S Pandey,0,0,,,,,,,,,
1085967,2017,2017-07-12,County Ground,2,5.3,Australia,India,BL Mooney,NE Bolton,S Pandey,0,0,,,,,,,,,
1085967,2017,2017-07-12,County Ground,2,5.4,Australia,India,BL Mooney,NE Bolton,S Pandey,0,0,,,,,,,,,
1085967,2017,2017-07-12,County Ground,2,5.5,Australia,India,BL Mooney,NE Bolton,S Pandey,0,0,,,,,,,,,
1085967,2017,2017-07-12,County Ground,2,5.6,Australia,India,BL Mooney,NE Bolton,S Pandey,0,0,,,,,,,,,
1085967,2017,2017-07-12,County Ground,2,6.1,Australia,India,NE Bolton,BL Mooney,H Kaur,0,0,,,,,,,,,
1085967,2017,2017-07-12,County Ground,2,6.2,Australia,India,NE Bolton,BL Mooney,H Kaur,3,0,,,,,,,,,
1085967,2017,2017-07-12,County Ground,2,6.3,Australia,India,BL Mooney,NE Bolton,H Kaur,0,0,,,,,,,,,
1085967,2017,2017-07-12,County Ground,2,6.4,Australia,India,BL Mooney,NE Bolton,H Kaur,1,0,,,,,,,,,
1085967,2017,2017-07-12,County Ground,2,6.5,Australia,India,NE Bolton,BL Mooney,H Kaur,0,0,,,,,,,,,
1085967,2017,2017-07-12,County Ground,2,6.6,Australia,India,NE Bolton,BL Mooney,H Kaur,1,0,,,,,,,,,
1085967,2017,2017-07-12,County Ground,2,7.1,Australia,India,NE Bolton,BL Mooney,S Pandey,0,0,,,,,,,,,
1085967,2017,2017-07-12,County Ground,2,7.2,Australia,India,NE Bolton,BL Mooney,S Pandey,0,1,,,,1,,,,,
1085967,2017,2017-07-12,County Ground,2,7.3,Australia,India,BL Mooney,NE Bolton,S Pandey,0,0,,,,,,,,,
1085967,2017,2017-07-12,County Ground,2,7.4,Australia,India,BL Mooney,NE Bolton,S Pandey,0,0,,,,,,,,,
1085967,2017,2017-07-12,County Ground,2,7.5,Australia,India,BL Mooney,NE Bolton,S Pandey,1,0,,,,,,,,,
1085967,2017,2017-07-12,County Ground,2,7.6,Australia,India,NE Bolton,BL Mooney,S Pandey,0,0,,,,,,,,,
1085967,2017,2017-07-12,County Ground,2,8.1,Australia,India,BL Mooney,NE Bolton,H Kaur,2,0,,,,,,,,,
1085967,2017,2017-07-12,County Ground,2,8.2,Australia,India,BL Mooney,NE Bolton,H Kaur,2,0,,,,,,,,,
1085967,2017,2017-07-12,County Ground,2,8.3,Australia,India,BL Mooney,NE Bolton,H Kaur,0,0,,,,,,,,,
1085967,2017,2017-07-12,County Ground,2,8.4,Australia,India,BL Mooney,NE Bolton,H Kaur,0,0,,,,,,,,,
1085967,2017,2017-07-12,County Ground,2,8.5,Australia,India,BL Mooney,NE Bolton,H Kaur,1,0,,,,,,,,,
1085967,2017,2017-07-12,County Ground,2,8.6,Australia,India,NE Bolton,BL Mooney,H Kaur,1,0,,,,,,,,,
1085967,2017,2017-07-12,County Ground,2,9.1,Australia,India,NE Bolton,BL Mooney,S Pandey,0,1,1,,,,,,,,
1085967,2017,2017-07-12,County Ground,2,9.2,Australia,India,NE Bolton,BL Mooney,S Pandey,1,0,,,,,,,,,
1085967,2017,2017-07-12,County Ground,2,9.3,Australia,India,BL Mooney,NE Bolton,S Pandey,0,0,,,,,,,,,
1085967,2017,2017-07-12,County Ground,2,9.4,Australia,India,BL Mooney,NE Bolton,S Pandey,0,0,,,,,,,,,
1085967,2017,2017-07-12,County Ground,2,9.5,Australia,India,BL Mooney,NE Bolton,S Pandey,1,0,,,,,,,,,
1085967,2017,2017-07-12,County Ground,2,9.6,Australia,India,NE Bolton,BL Mooney,S Pandey,0,0,,,,,,,,,
1085967,2017,2017-07-12,County Ground,2,9.7,Australia,India,NE Bolton,BL Mooney,S Pandey,0,0,,,,,,,,,
1085967,2017,2017-07-12,County Ground,2,10.1,Australia,India,BL Mooney,NE Bolton,E Bisht,1,0,,,,,,,,,
1085967,2017,2017-07-12,County Ground,2,10.2,Australia,India,NE Bolton,BL Mooney,E Bisht,0,0,,,,,,,,,
1085967,2017,2017-07-12,County Ground,2,10.3,Australia,India,NE Bolton,BL Mooney,E Bisht,0,0,,,,,,,,,
1085967,2017,2017-07-12,County Ground,2,10.4,Australia,India,NE Bolton,BL Mooney,E Bisht,4,0,,,,,,,,,
1085967,2017,2017-07-12,County Ground,2,10.5,Australia,India,NE Bolton,BL Mooney,E Bisht,4,0,,,,,,,,,
1085967,2017,2017-07-12,County Ground,2,10.6,Australia,India,NE Bolton,BL Mooney,E Bisht,4,0,,,,,,,,,
1085967,2017,2017-07-12,County Ground,2,11.1,Australia,India,BL Mooney,NE Bolton,DB Sharma,0,0,,,,,,,,,
1085967,2017,2017-07-12,County Ground,2,11.2,Australia,India,BL Mooney,NE Bolton,DB Sharma,0,0,,,,,,,,,
1085967,2017,2017-07-12,County Ground,2,11.3,Australia,India,BL Mooney,NE Bolton,DB Sharma,0,0,,,,,,,,,
1085967,2017,2017-07-12,County Ground,2,11.4,Australia,India,BL Mooney,NE Bolton,DB Sharma,0,0,,,,,,,,,
1085967,2017,2017-07-12,County Ground,2,11.5,Australia,India,BL Mooney,NE Bolton,DB Sharma,0,0,,,,,,,,,
1085967,2017,2017-07-12,County Ground,2,11.6,Australia,India,BL Mooney,NE Bolton,DB Sharma,1,0,,,,,,,,,
1085967,2017,2017-07-12,County Ground,2,12.1,Australia,India,BL Mooney,NE Bolton,H Kaur,1,0,,,,,,,,,
1085967,2017,2017-07-12,County Ground,2,12.2,Australia,India,NE Bolton,BL Mooney,H Kaur,0,0,,,,,,,,,
1085967,2017,2017-07-12,County Ground,2,12.3,Australia,India,NE Bolton,BL Mooney,H Kaur,1,0,,,,,,,,,
1085967,2017,2017-07-12,County Ground,2,12.4,Australia,India,BL Mooney,NE Bolton,H Kaur,1,0,,,,,,,,,
1085967,2017,2017-07-12,County Ground,2,12.5,Australia,India,NE Bolton,BL Mooney,H Kaur,0,0,,,,,,,,,
1085967,2017,2017-07-12,County Ground,2,12.6,Australia,India,NE Bolton,BL Mooney,H Kaur,0,0,,,,,,,,,
1085967,2017,2017-07-12,County Ground,2,13.1,Australia,India,BL Mooney,NE Bolton,Poonam Yadav,1,0,,,,,,,,,
1085967,2017,2017-07-12,County Ground,2,13.2,Australia,India,NE Bolton,BL Mooney,Poonam Yadav,2,0,,,,,,,,,
1085967,2017,2017-07-12,County Ground,2,13.3,Australia,India,NE Bolton,BL Mooney,Poonam Yadav,1,0,,,,,,,,,
1085967,2017,2017-07-12,County Ground,2,13.4,Australia,India,BL Mooney,NE Bolton,Poonam Yadav,1,0,,,,,,,,,
1085967,2017,2017-07-12,County Ground,2,13.5,Australia,India,NE Bolton,BL Mooney,Poonam Yadav,1,0,,,,,,,,,
1085967,2017,2017-07-12,County Ground,2,13.6,Australia,India,BL Mooney,NE Bolton,Poonam Yadav,0,0,,,,,,,,,
1085967,2017,2017-07-12,County Ground,2,14.1,Australia,India,NE Bolton,BL Mooney,DB Sharma,0,0,,,,,,,,,
1085967,2017,2017-07-12,County Ground,2,14.2,Australia,India,NE Bolton,BL Mooney,DB Sharma,0,0,,,,,,,,,
1085967,2017,2017-07-12,County Ground,2,14.3,Australia,India,NE Bolton,BL Mooney,DB Sharma,0,0,,,,,,,,,
1085967,2017,2017-07-12,County Ground,2,14.4,Australia,India,NE Bolton,BL Mooney,DB Sharma,0,0,,,,,,,,,
1085967,2017,2017-07-12,County Ground,2,14.5,Australia,India,NE Bolton,BL Mooney,DB Sharma,0,0,,,,,,,,,
1085967,2017,2017-07-12,County Ground,2,14.6,Australia,India,NE Bolton,BL Mooney,DB Sharma,0,0,,,,,,,,,
1085967,2017,2017-07-12,County Ground,2,15.1,Australia,India,BL Mooney,NE Bolton,Poonam Yadav,0,0,,,,,,,,,
1085967,2017,2017-07-12,County Ground,2,15.2,Australia,India,BL Mooney,NE Bolton,Poonam Yadav,1,0,,,,,,,,,
1085967,2017,2017-07-12,County Ground,2,15.3,Australia,India,NE Bolton,BL Mooney,Poonam Yadav,4,0,,,,,,,,,
1085967,2017,2017-07-12,County Ground,2,15.4,Australia,India,NE Bolton,BL Mooney,Poonam Yadav,0,0,,,,,,caught,NE Bolton,,
1085967,2017,2017-07-12,County Ground,2,15.5,Australia,India,MM Lanning,BL Mooney,Poonam Yadav,0,0,,,,,,,,,
1085967,2017,2017-07-12,County Ground,2,15.6,Australia,India,MM Lanning,BL Mooney,Poonam Yadav,0,0,,,,,,,,,
1085967,2017,2017-07-12,County Ground,2,16.1,Australia,India,BL Mooney,MM Lanning,DB Sharma,4,0,,,,,,,,,
1085967,2017,2017-07-12,County Ground,2,16.2,Australia,India,BL Mooney,MM Lanning,DB Sharma,0,0,,,,,,,,,
1085967,2017,2017-07-12,County Ground,2,16.3,Australia,India,BL Mooney,MM Lanning,DB Sharma,4,0,,,,,,,,,
1085967,2017,2017-07-12,County Ground,2,16.4,Australia,India,BL Mooney,MM Lanning,DB Sharma,0,0,,,,,,,,,
1085967,2017,2017-07-12,County Ground,2,16.5,Australia,India,BL Mooney,MM Lanning,DB Sharma,0,0,,,,,,,,,
1085967,2017,2017-07-12,County Ground,2,16.6,Australia,India,BL Mooney,MM Lanning,DB Sharma,0,0,,,,,,,,,
1085967,2017,2017-07-12,County Ground,2,17.1,Australia,India,MM Lanning,BL Mooney,Poonam Yadav,1,0,,,,,,,,,
1085967,2017,2017-07-12,County Ground,2,17.2,Australia,India,BL Mooney,MM Lanning,Poonam Yadav,0,0,,,,,,,,,
1085967,2017,2017-07-12,County Ground,2,17.3,Australia,India,BL Mooney,MM Lanning,Poonam Yadav,1,0,,,,,,,,,
1085967,2017,2017-07-12,County Ground,2,17.4,Australia,India,MM Lanning,BL Mooney,Poonam Yadav,6,0,,,,,,,,,
1085967,2017,2017-07-12,County Ground,2,17.5,Australia,India,MM Lanning,BL Mooney,Poonam Yadav,0,0,,,,,,,,,
1085967,2017,2017-07-12,County Ground,2,17.6,Australia,India,MM Lanning,BL Mooney,Poonam Yadav,4,0,,,,,,,,,
1085967,2017,2017-07-12,County Ground,2,18.1,Australia,India,BL Mooney,MM Lanning,DB Sharma,1,0,,,,,,,,,
1085967,2017,2017-07-12,County Ground,2,18.2,Australia,India,MM Lanning,BL Mooney,DB Sharma,0,0,,,,,,,,,
1085967,2017,2017-07-12,County Ground,2,18.3,Australia,India,MM Lanning,BL Mooney,DB Sharma,0,0,,,,,,,,,
1085967,2017,2017-07-12,County Ground,2,18.4,Australia,India,MM Lanning,BL Mooney,DB Sharma,0,0,,,,,,,,,
1085967,2017,2017-07-12,County Ground,2,18.5,Australia,India,MM Lanning,BL Mooney,DB Sharma,0,0,,,,,,,,,
1085967,2017,2017-07-12,County Ground,2,18.6,Australia,India,MM Lanning,BL Mooney,DB Sharma,0,0,,,,,,,,,
1085967,2017,2017-07-12,County Ground,2,19.1,Australia,India,BL Mooney,MM Lanning,Poonam Yadav,0,0,,,,,,,,,
1085967,2017,2017-07-12,County Ground,2,19.2,Australia,India,BL Mooney,MM Lanning,Poonam Yadav,0,0,,,,,,,,,
1085967,2017,2017-07-12,County Ground,2,19.3,Australia,India,BL Mooney,MM Lanning,Poonam Yadav,1,0,,,,,,,,,
1085967,2017,2017-07-12,County Ground,2,19.4,Australia,India,MM Lanning,BL Mooney,Poonam Yadav,1,0,,,,,,,,,
1085967,2017,2017-07-12,County Ground,2,19.5,Australia,India,BL Mooney,MM Lanning,Poonam Yadav,1,0,,,,,,,,,
1085967,2017,2017-07-12,County Ground,2,19.6,Australia,India,MM Lanning,BL Mooney,Poonam Yadav,0,0,,,,,,,,,
1085967,2017,2017-07-12,County Ground,2,20.1,Australia,India,BL Mooney,MM Lanning,E Bisht,0,0,,,,,,,,,
1085967,2017,2017-07-12,County Ground,2,20.2,Australia,India,BL Mooney,MM Lanning,E Bisht,1,0,,,,,,,,,
1085967,2017,2017-07-12,County Ground,2,20.3,Australia,India,MM Lanning,BL Mooney,E Bisht,0,0,,,,,,,,,
1085967,2017,2017-07-12,County Ground,2,20.4,Australia,India,MM Lanning,BL Mooney,E Bisht,1,0,,,,,,,,,
1085967,2017,2017-07-12,County Ground,2,20.5,Australia,India,BL Mooney,MM Lanning,E Bisht,1,0,,,,,,,,,
1085967,2017,2017-07-12,County Ground,2,20.6,Australia,India,MM Lanning,BL Mooney,E Bisht,0,0,,,,,,,,,
1085967,2017,2017-07-12,County Ground,2,21.1,Australia,India,BL Mooney,MM Lanning,Poonam Yadav,1,0,,,,,,,,,
1085967,2017,2017-07-12,County Ground,2,21.2,Australia,India,MM Lanning,BL Mooney,Poonam Yadav,1,0,,,,,,,,,
1085967,2017,2017-07-12,County Ground,2,21.3,Australia,India,BL Mooney,MM Lanning,Poonam Yadav,0,0,,,,,,,,,
1085967,2017,2017-07-12,County Ground,2,21.4,Australia,India,BL Mooney,MM Lanning,Poonam Yadav,4,0,,,,,,,,,
1085967,2017,2017-07-12,County Ground,2,21.5,Australia,India,BL Mooney,MM Lanning,Poonam Yadav,1,0,,,,,,,,,
1085967,2017,2017-07-12,County Ground,2,21.6,Australia,India,MM Lanning,BL Mooney,Poonam Yadav,0,0,,,,,,,,,
1085967,2017,2017-07-12,County Ground,2,22.1,Australia,India,BL Mooney,MM Lanning,E Bisht,1,0,,,,,,,,,
1085967,2017,2017-07-12,County Ground,2,22.2,Australia,India,MM Lanning,BL Mooney,E Bisht,1,0,,,,,,,,,
1085967,2017,2017-07-12,County Ground,2,22.3,Australia,India,BL Mooney,MM Lanning,E Bisht,0,5,5,,,,,,,,
1085967,2017,2017-07-12,County Ground,2,22.4,Australia,India,BL Mooney,MM Lanning,E Bisht,0,0,,,,,,run out,BL Mooney,,
1085967,2017,2017-07-12,County Ground,2,22.5,Australia,India,MM Lanning,EA Perry,E Bisht,4,0,,,,,,,,,
1085967,2017,2017-07-12,County Ground,2,22.6,Australia,India,MM Lanning,EA Perry,E Bisht,1,0,,,,,,,,,
1085967,2017,2017-07-12,County Ground,2,22.7,Australia,India,EA Perry,MM Lanning,E Bisht,0,0,,,,,,,,,
1085967,2017,2017-07-12,County Ground,2,23.1,Australia,India,MM Lanning,EA Perry,S Pandey,0,0,,,,,,,,,
1085967,2017,2017-07-12,County Ground,2,23.2,Australia,India,MM Lanning,EA Perry,S Pandey,0,0,,,,,,,,,
1085967,2017,2017-07-12,County Ground,2,23.3,Australia,India,MM Lanning,EA Perry,S Pandey,2,0,,,,,,,,,
1085967,2017,2017-07-12,County Ground,2,23.4,Australia,India,MM Lanning,EA Perry,S Pandey,1,0,,,,,,,,,
1085967,2017,2017-07-12,County Ground,2,23.5,Australia,India,EA Perry,MM Lanning,S Pandey,0,0,,,,,,,,,
1085967,2017,2017-07-12,County Ground,2,23.6,Australia,India,EA Perry,MM Lanning,S Pandey,0,0,,,,,,,,,
1085967,2017,2017-07-12,County Ground,2,24.1,Australia,India,MM Lanning,EA Perry,E Bisht,0,0,,,,,,,,,
1085967,2017,2017-07-12,County Ground,2,24.2,Australia,India,MM Lanning,EA Perry,E Bisht,1,0,,,,,,,,,
1085967,2017,2017-07-12,County Ground,2,24.3,Australia,India,EA Perry,MM Lanning,E Bisht,0,0,,,,,,,,,
1085967,2017,2017-07-12,County Ground,2,24.4,Australia,India,EA Perry,MM Lanning,E Bisht,0,0,,,,,,,,,
1085967,2017,2017-07-12,County Ground,2,24.5,Australia,India,EA Perry,MM Lanning,E Bisht,0,0,,,,,,,,,
1085967,2017,2017-07-12,County Ground,2,24.6,Australia,India,EA Perry,MM Lanning,E Bisht,0,0,,,,,,,,,
1085967,2017,2017-07-12,County Ground,2,25.1,Australia,India,MM Lanning,EA Perry,S Pandey,1,0,,,,,,,,,
1085967,2017,2017-07-12,County Ground,2,25.2,Australia,India,EA Perry,MM Lanning,S Pandey,1,0,,,,,,,,,
1085967,2017,2017-07-12,County Ground,2,25.3,Australia,India,MM Lanning,EA Perry,S Pandey,1,0,,,,,,,,,
1085967,2017,2017-07-12,County Ground,2,25.4,Australia,India,EA Perry,MM Lanning,S Pandey,0,0,,,,,,,,,
1085967,2017,2017-07-12,County Ground,2,25.5,Australia,India,EA Perry,MM Lanning,S Pandey,0,0,,,,,,,,,
1085967,2017,2017-07-12,County Ground,2,25.6,Australia,India,EA Perry,MM Lanning,S Pandey,0,0,,,,,,,,,
1085967,2017,2017-07-12,County Ground,2,26.1,Australia,India,MM Lanning,EA Perry,E Bisht,1,0,,,,,,,,,
1085967,2017,2017-07-12,County Ground,2,26.2,Australia,India,EA Perry,MM Lanning,E Bisht,0,0,,,,,,,,,
1085967,2017,2017-07-12,County Ground,2,26.3,Australia,India,EA Perry,MM Lanning,E Bisht,1,0,,,,,,,,,
1085967,2017,2017-07-12,County Ground,2,26.4,Australia,India,MM Lanning,EA Perry,E Bisht,0,0,,,,,,,,,
1085967,2017,2017-07-12,County Ground,2,26.5,Australia,India,MM Lanning,EA Perry,E Bisht,2,0,,,,,,,,,
1085967,2017,2017-07-12,County Ground,2,26.6,Australia,India,MM Lanning,EA Perry,E Bisht,0,0,,,,,,,,,
1085967,2017,2017-07-12,County Ground,2,27.1,Australia,India,EA Perry,MM Lanning,S Pandey,0,0,,,,,,,,,
1085967,2017,2017-07-12,County Ground,2,27.2,Australia,India,EA Perry,MM Lanning,S Pandey,1,0,,,,,,,,,
1085967,2017,2017-07-12,County Ground,2,27.3,Australia,India,MM Lanning,EA Perry,S Pandey,1,0,,,,,,,,,
1085967,2017,2017-07-12,County Ground,2,27.4,Australia,India,EA Perry,MM Lanning,S Pandey,4,0,,,,,,,,,
1085967,2017,2017-07-12,County Ground,2,27.5,Australia,India,EA Perry,MM Lanning,S Pandey,0,0,,,,,,,,,
1085967,2017,2017-07-12,County Ground,2,27.6,Australia,India,EA Perry,MM Lanning,S Pandey,0,0,,,,,,,,,
1085967,2017,2017-07-12,County Ground,2,28.1,Australia,India,MM Lanning,EA Perry,DB Sharma,4,0,,,,,,,,,
1085967,2017,2017-07-12,County Ground,2,28.2,Australia,India,MM Lanning,EA Perry,DB Sharma,2,0,,,,,,,,,
1085967,2017,2017-07-12,County Ground,2,28.3,Australia,India,MM Lanning,EA Perry,DB Sharma,1,0,,,,,,,,,
1085967,2017,2017-07-12,County Ground,2,28.4,Australia,India,EA Perry,MM Lanning,DB Sharma,0,0,,,,,,,,,
1085967,2017,2017-07-12,County Ground,2,28.5,Australia,India,EA Perry,MM Lanning,DB Sharma,0,0,,,,,,,,,
1085967,2017,2017-07-12,County Ground,2,28.6,Australia,India,EA Perry,MM Lanning,DB Sharma,0,0,,,,,,,,,
1085967,2017,2017-07-12,County Ground,2,29.1,Australia,India,MM Lanning,EA Perry,E Bisht,4,0,,,,,,,,,
1085967,2017,2017-07-12,County Ground,2,29.2,Australia,India,MM Lanning,EA Perry,E Bisht,0,0,,,,,,,,,
1085967,2017,2017-07-12,County Ground,2,29.3,Australia,India,MM Lanning,EA Perry,E Bisht,1,0,,,,,,,,,
1085967,2017,2017-07-12,County Ground,2,29.4,Australia,India,EA Perry,MM Lanning,E Bisht,0,2,2,,,,,,,,
1085967,2017,2017-07-12,County Ground,2,29.5,Australia,India,MM Lanning,EA Perry,E Bisht,0,0,,,,,,,,,
1085967,2017,2017-07-12,County Ground,2,29.6,Australia,India,MM Lanning,EA Perry,E Bisht,1,0,,,,,,,,,
1085967,2017,2017-07-12,County Ground,2,29.7,Australia,India,EA Perry,MM Lanning,E Bisht,0,0,,,,,,,,,
1085967,2017,2017-07-12,County Ground,2,30.1,Australia,India,MM Lanning,EA Perry,DB Sharma,0,0,,,,,,,,,
1085967,2017,2017-07-12,County Ground,2,30.2,Australia,India,MM Lanning,EA Perry,DB Sharma,1,0,,,,,,,,,
1085967,2017,2017-07-12,County Ground,2,30.3,Australia,India,EA Perry,MM Lanning,DB Sharma,1,0,,,,,,,,,
1085967,2017,2017-07-12,County Ground,2,30.4,Australia,India,MM Lanning,EA Perry,DB Sharma,1,0,,,,,,,,,
1085967,2017,2017-07-12,County Ground,2,30.5,Australia,India,EA Perry,MM Lanning,DB Sharma,4,0,,,,,,,,,
1085967,2017,2017-07-12,County Ground,2,30.6,Australia,India,EA Perry,MM Lanning,DB Sharma,1,0,,,,,,,,,
1085967,2017,2017-07-12,County Ground,2,31.1,Australia,India,EA Perry,MM Lanning,E Bisht,4,0,,,,,,,,,
1085967,2017,2017-07-12,County Ground,2,31.2,Australia,India,EA Perry,MM Lanning,E Bisht,1,0,,,,,,,,,
1085967,2017,2017-07-12,County Ground,2,31.3,Australia,India,MM Lanning,EA Perry,E Bisht,0,0,,,,,,,,,
1085967,2017,2017-07-12,County Ground,2,31.4,Australia,India,MM Lanning,EA Perry,E Bisht,1,0,,,,,,,,,
1085967,2017,2017-07-12,County Ground,2,31.5,Australia,India,EA Perry,MM Lanning,E Bisht,1,0,,,,,,,,,
1085967,2017,2017-07-12,County Ground,2,31.6,Australia,India,MM Lanning,EA Perry,E Bisht,0,0,,,,,,,,,
1085967,2017,2017-07-12,County Ground,2,32.1,Australia,India,EA Perry,MM Lanning,J Goswami,0,0,,,,,,,,,
1085967,2017,2017-07-12,County Ground,2,32.2,Australia,India,EA Perry,MM Lanning,J Goswami,1,0,,,,,,,,,
1085967,2017,2017-07-12,County Ground,2,32.3,Australia,India,MM Lanning,EA Perry,J Goswami,0,0,,,,,,,,,
1085967,2017,2017-07-12,County Ground,2,32.4,Australia,India,MM Lanning,EA Perry,J Goswami,0,0,,,,,,,,,
1085967,2017,2017-07-12,County Ground,2,32.5,Australia,India,MM Lanning,EA Perry,J Goswami,1,0,,,,,,,,,
1085967,2017,2017-07-12,County Ground,2,32.6,Australia,India,EA Perry,MM Lanning,J Goswami,1,0,,,,,,,,,
1085967,2017,2017-07-12,County Ground,2,33.1,Australia,India,EA Perry,MM Lanning,Poonam Yadav,1,0,,,,,,,,,
1085967,2017,2017-07-12,County Ground,2,33.2,Australia,India,MM Lanning,EA Perry,Poonam Yadav,0,0,,,,,,,,,
1085967,2017,2017-07-12,County Ground,2,33.3,Australia,India,MM Lanning,EA Perry,Poonam Yadav,1,0,,,,,,,,,
1085967,2017,2017-07-12,County Ground,2,33.4,Australia,India,EA Perry,MM Lanning,Poonam Yadav,0,0,,,,,,,,,
1085967,2017,2017-07-12,County Ground,2,33.5,Australia,India,EA Perry,MM Lanning,Poonam Yadav,1,0,,,,,,,,,
1085967,2017,2017-07-12,County Ground,2,33.6,Australia,India,MM Lanning,EA Perry,Poonam Yadav,1,0,,,,,,,,,
1085967,2017,2017-07-12,County Ground,2,34.1,Australia,India,MM Lanning,EA Perry,J Goswami,1,0,,,,,,,,,
1085967,2017,2017-07-12,County Ground,2,34.2,Australia,India,EA Perry,MM Lanning,J Goswami,2,0,,,,,,,,,
1085967,2017,2017-07-12,County Ground,2,34.3,Australia,India,EA Perry,MM Lanning,J Goswami,1,0,,,,,,,,,
1085967,2017,2017-07-12,County Ground,2,34.4,Australia,India,MM Lanning,EA Perry,J Goswami,4,0,,,,,,,,,
1085967,2017,2017-07-12,County Ground,2,34.5,Australia,India,MM Lanning,EA Perry,J Goswami,0,0,,,,,,,,,
1085967,2017,2017-07-12,County Ground,2,34.6,Australia,India,MM Lanning,EA Perry,J Goswami,0,1,1,,,,,,,,
1085967,2017,2017-07-12,County Ground,2,34.7,Australia,India,MM Lanning,EA Perry,J Goswami,1,0,,,,,,,,,
1085967,2017,2017-07-12,County Ground,2,35.1,Australia,India,MM Lanning,EA Perry,E Bisht,0,0,,,,,,,,,
1085967,2017,2017-07-12,County Ground,2,35.2,Australia,India,MM Lanning,EA Perry,E Bisht,0,0,,,,,,,,,
1085967,2017,2017-07-12,County Ground,2,35.3,Australia,India,MM Lanning,EA Perry,E Bisht,0,0,,,,,,,,,
1085967,2017,2017-07-12,County Ground,2,35.4,Australia,India,MM Lanning,EA Perry,E Bisht,0,0,,,,,,,,,
1085967,2017,2017-07-12,County Ground,2,35.5,Australia,India,MM Lanning,EA Perry,E Bisht,0,0,,,,,,,,,
1085967,2017,2017-07-12,County Ground,2,35.6,Australia,India,MM Lanning,EA Perry,E Bisht,0,0,,,,,,,,,
1085967,2017,2017-07-12,County Ground,2,36.1,Australia,India,EA Perry,MM Lanning,H Kaur,4,0,,,,,,,,,
1085967,2017,2017-07-12,County Ground,2,36.2,Australia,India,EA Perry,MM Lanning,H Kaur,1,0,,,,,,,,,
1085967,2017,2017-07-12,County Ground,2,36.3,Australia,India,MM Lanning,EA Perry,H Kaur,1,0,,,,,,,,,
1085967,2017,2017-07-12,County Ground,2,36.4,Australia,India,EA Perry,MM Lanning,H Kaur,0,0,,,,,,,,,
1085967,2017,2017-07-12,County Ground,2,36.5,Australia,India,EA Perry,MM Lanning,H Kaur,1,0,,,,,,,,,
1085967,2017,2017-07-12,County Ground,2,36.6,Australia,India,MM Lanning,EA Perry,H Kaur,0,0,,,,,,,,,
1085967,2017,2017-07-12,County Ground,2,37.1,Australia,India,EA Perry,MM Lanning,E Bisht,0,0,,,,,,,,,
1085967,2017,2017-07-12,County Ground,2,37.2,Australia,India,EA Perry,MM Lanning,E Bisht,4,0,,,,,,,,,
1085967,2017,2017-07-12,County Ground,2,37.3,Australia,India,EA Perry,MM Lanning,E Bisht,0,0,,,,,,,,,
1085967,2017,2017-07-12,County Ground,2,37.4,Australia,India,EA Perry,MM Lanning,E Bisht,0,0,,,,,,,,,
1085967,2017,2017-07-12,County Ground,2,37.5,Australia,India,EA Perry,MM Lanning,E Bisht,0,0,,,,,,,,,
1085967,2017,2017-07-12,County Ground,2,37.6,Australia,India,EA Perry,MM Lanning,E Bisht,0,0,,,,,,,,,
1085967,2017,2017-07-12,County Ground,2,38.1,Australia,India,MM Lanning,EA Perry,DB Sharma,0,0,,,,,,,,,
1085967,2017,2017-07-12,County Ground,2,38.2,Australia,India,MM Lanning,EA Perry,DB Sharma,0,0,,,,,,,,,
1085967,2017,2017-07-12,County Ground,2,38.3,Australia,India,MM Lanning,EA Perry,DB Sharma,2,0,,,,,,,,,
1085967,2017,2017-07-12,County Ground,2,38.4,Australia,India,MM Lanning,EA Perry,DB Sharma,0,0,,,,,,,,,
1085967,2017,2017-07-12,County Ground,2,38.5,Australia,India,MM Lanning,EA Perry,DB Sharma,1,0,,,,,,,,,
1085967,2017,2017-07-12,County Ground,2,38.6,Australia,India,EA Perry,MM Lanning,DB Sharma,0,0,,,,,,,,,
1085967,2017,2017-07-12,County Ground,2,39.1,Australia,India,MM Lanning,EA Perry,H Kaur,1,0,,,,,,,,,
1085967,2017,2017-07-12,County Ground,2,39.2,Australia,India,EA Perry,MM Lanning,H Kaur,2,0,,,,,,,,,
1085967,2017,2017-07-12,County Ground,2,39.3,Australia,India,EA Perry,MM Lanning,H Kaur,1,0,,,,,,,,,
1085967,2017,2017-07-12,County Ground,2,39.4,Australia,India,MM Lanning,EA Perry,H Kaur,0,0,,,,,,,,,
1085967,2017,2017-07-12,County Ground,2,39.5,Australia,India,MM Lanning,EA Perry,H Kaur,4,0,,,,,,,,,
1085967,2017,2017-07-12,County Ground,2,39.6,Australia,India,MM Lanning,EA Perry,H Kaur,1,0,,,,,,,,,
1085967,2017,2017-07-12,County Ground,2,40.1,Australia,India,MM Lanning,EA Perry,DB Sharma,0,0,,,,,,,,,
1085967,2017,2017-07-12,County Ground,2,40.2,Australia,India,MM Lanning,EA Perry,DB Sharma,4,0,,,,,,,,,
1085967,2017,2017-07-12,County Ground,2,40.3,Australia,India,MM Lanning,EA Perry,DB Sharma,1,0,,,,,,,,,
1085967,2017,2017-07-12,County Ground,2,40.4,Australia,India,EA Perry,MM Lanning,DB Sharma,3,0,,,,,,,,,
1085967,2017,2017-07-12,County Ground,2,40.5,Australia,India,MM Lanning,EA Perry,DB Sharma,0,0,,,,,,,,,
1085967,2017,2017-07-12,County Ground,2,40.6,Australia,India,MM Lanning,EA Perry,DB Sharma,0,0,,,,,,,,,
1085967,2017,2017-07-12,County Ground,2,41.1,Australia,India,EA Perry,MM Lanning,H Kaur,0,0,,,,,,,,,
1085967,2017,2017-07-12,County Ground,2,41.2,Australia,India,EA Perry,MM Lanning,H Kaur,1,0,,,,,,,,,
1085967,2017,2017-07-12,County Ground,2,41.3,Australia,India,MM Lanning,EA Perry,H Kaur,2,0,,,,,,,,,
1085967,2017,2017-07-12,County Ground,2,41.4,Australia,India,MM Lanning,EA Perry,H Kaur,0,0,,,,,,,,,
1085967,2017,2017-07-12,County Ground,2,41.5,Australia,India,MM Lanning,EA Perry,H Kaur,1,0,,,,,,,,,
1085967,2017,2017-07-12,County Ground,2,41.6,Australia,India,EA Perry,MM Lanning,H Kaur,4,0,,,,,,,,,
1085967,2017,2017-07-12,County Ground,2,42.1,Australia,India,MM Lanning,EA Perry,Poonam Yadav,1,0,,,,,,,,,
1085967,2017,2017-07-12,County Ground,2,42.2,Australia,India,EA Perry,MM Lanning,Poonam Yadav,0,0,,,,,,,,,
1085967,2017,2017-07-12,County Ground,2,42.3,Australia,India,EA Perry,MM Lanning,Poonam Yadav,1,0,,,,,,,,,
1085967,2017,2017-07-12,County Ground,2,42.4,Australia,India,MM Lanning,EA Perry,Poonam Yadav,0,0,,,,,,,,,
1085967,2017,2017-07-12,County Ground,2,42.5,Australia,India,MM Lanning,EA Perry,Poonam Yadav,0,0,,,,,,,,,
1085967,2017,2017-07-12,County Ground,2,42.6,Australia,India,MM Lanning,EA Perry,Poonam Yadav,2,0,,,,,,,,,
1085967,2017,2017-07-12,County Ground,2,43.1,Australia,India,EA Perry,MM Lanning,E Bisht,0,0,,,,,,,,,
1085967,2017,2017-07-12,County Ground,2,43.2,Australia,India,EA Perry,MM Lanning,E Bisht,0,0,,,,,,,,,
1085967,2017,2017-07-12,County Ground,2,43.3,Australia,India,EA Perry,MM Lanning,E Bisht,0,0,,,,,,,,,
1085967,2017,2017-07-12,County Ground,2,43.4,Australia,India,EA Perry,MM Lanning,E Bisht,2,0,,,,,,,,,
1085967,2017,2017-07-12,County Ground,2,43.5,Australia,India,EA Perry,MM Lanning,E Bisht,1,0,,,,,,,,,
1085967,2017,2017-07-12,County Ground,2,43.6,Australia,India,MM Lanning,EA Perry,E Bisht,0,0,,,,,,,,,
1085967,2017,2017-07-12,County Ground,2,44.1,Australia,India,EA Perry,MM Lanning,Poonam Yadav,0,0,,,,,,,,,
1085967,2017,2017-07-12,County Ground,2,44.2,Australia,India,EA Perry,MM Lanning,Poonam Yadav,0,0,,,,,,,,,
1085967,2017,2017-07-12,County Ground,2,44.3,Australia,India,EA Perry,MM Lanning,Poonam Yadav,0,0,,,,,,,,,
1085967,2017,2017-07-12,County Ground,2,44.4,Australia,India,EA Perry,MM Lanning,Poonam Yadav,4,0,,,,,,,,,
1085967,2017,2017-07-12,County Ground,2,44.5,Australia,India,EA Perry,MM Lanning,Poonam Yadav,0,0,,,,,,,,,
1085967,2017,2017-07-12,County Ground,2,44.6,Australia,India,EA Perry,MM Lanning,Poonam Yadav,1,0,,,,,,,,,
1085967,2017,2017-07-12,County Ground,2,45.1,Australia,India,EA Perry,MM Lanning,J Goswami,4,0,,,,,,,,,
