match_id,season,start_date,venue,innings,ball,batting_team,bowling_team,striker,non_striker,bowler,runs_off_bat,extras,wides,noballs,byes,legbyes,penalty,wicket_type,player_dismissed,other_wicket_type,other_player_dismissed
1085951,2017,2017-06-29,County Ground,1,0.1,West Indies,India,HK Matthews,F Walters,J Goswami,1,0,,,,,,,,,
1085951,2017,2017-06-29,County Ground,1,0.2,West Indies,India,F Walters,HK Matthews,J Goswami,1,0,,,,,,,,,
1085951,2017,2017-06-29,County Ground,1,0.3,West Indies,India,HK Matthews,F Walters,J Goswami,0,0,,,,,,,,,
1085951,2017,2017-06-29,County Ground,1,0.4,West Indies,India,HK Matthews,F Walters,J Goswami,0,0,,,,,,,,,
1085951,2017,2017-06-29,County Ground,1,0.5,West Indies,India,HK Matthews,F Walters,J Goswami,0,0,,,,,,,,,
1085951,2017,2017-06-29,County Ground,1,0.6,West Indies,India,HK Matthews,F Walters,J Goswami,0,0,,,,,,,,,
1085951,2017,2017-06-29,County Ground,1,1.1,West Indies,India,F Walters,HK Matthews,S Pandey,0,0,,,,,,,,,
1085951,2017,2017-06-29,County Ground,1,1.2,West Indies,India,F Walters,HK Matthews,S Pandey,0,0,,,,,,,,,
1085951,2017,2017-06-29,County Ground,1,1.3,West Indies,India,F Walters,HK Matthews,S Pandey,0,0,,,,,,,,,
1085951,2017,2017-06-29,County Ground,1,1.4,West Indies,India,F Walters,HK Matthews,S Pandey,0,0,,,,,,,,,
1085951,2017,2017-06-29,County Ground,1,1.5,West Indies,India,F Walters,HK Matthews,S Pandey,0,0,,,,,,,,,
1085951,2017,2017-06-29,County Ground,1,1.6,West Indies,India,F Walters,HK Matthews,S Pandey,1,0,,,,,,,,,
1085951,2017,2017-06-29,County Ground,1,2.1,West Indies,India,F Walters,HK Matthews,J Goswami,1,0,,,,,,,,,
1085951,2017,2017-06-29,County Ground,1,2.2,West Indies,India,HK Matthews,F Walters,J Goswami,0,0,,,,,,,,,
1085951,2017,2017-06-29,County Ground,1,2.3,West Indies,India,HK Matthews,F Walters,J Goswami,0,0,,,,,,,,,
1085951,2017,2017-06-29,County Ground,1,2.4,West Indies,India,HK Matthews,F Walters,J Goswami,1,0,,,,,,,,,
1085951,2017,2017-06-29,County Ground,1,2.5,West Indies,India,F Walters,HK Matthews,J Goswami,4,0,,,,,,,,,
1085951,2017,2017-06-29,County Ground,1,2.6,West Indies,India,F Walters,HK Matthews,J Goswami,0,0,,,,,,,,,
1085951,2017,2017-06-29,County Ground,1,3.1,West Indies,India,HK Matthews,F Walters,S Pandey,0,0,,,,,,,,,
1085951,2017,2017-06-29,County Ground,1,3.2,West Indies,India,HK Matthews,F Walters,S Pandey,1,0,,,,,,,,,
1085951,2017,2017-06-29,County Ground,1,3.3,West Indies,India,F Walters,HK Matthews,S Pandey,1,0,,,,,,,,,
1085951,2017,2017-06-29,County Ground,1,3.4,West Indies,India,HK Matthews,F Walters,S Pandey,1,0,,,,,,,,,
1085951,2017,2017-06-29,County Ground,1,3.5,West Indies,India,F Walters,HK Matthews,S Pandey,0,0,,,,,,,,,
1085951,2017,2017-06-29,County Ground,1,3.6,West Indies,India,F Walters,HK Matthews,S Pandey,0,0,,,,,,,,,
1085951,2017,2017-06-29,County Ground,1,4.1,West Indies,India,HK Matthews,F Walters,J Goswami,0,0,,,,,,,,,
1085951,2017,2017-06-29,County Ground,1,4.2,West Indies,India,HK Matthews,F Walters,J Goswami,0,0,,,,,,,,,
1085951,2017,2017-06-29,County Ground,1,4.3,West Indies,India,HK Matthews,F Walters,J Goswami,4,0,,,,,,,,,
1085951,2017,2017-06-29,County Ground,1,4.4,West Indies,India,HK Matthews,F Walters,J Goswami,0,0,,,,,,,,,
1085951,2017,2017-06-29,County Ground,1,4.5,West Indies,India,HK Matthews,F Walters,J Goswami,4,0,,,,,,,,,
1085951,2017,2017-06-29,County Ground,1,4.6,West Indies,India,HK Matthews,F Walters,J Goswami,0,0,,,,,,,,,
1085951,2017,2017-06-29,County Ground,1,5.1,West Indies,India,F Walters,HK Matthews,S Pandey,0,0,,,,,,,,,
1085951,2017,2017-06-29,County Ground,1,5.2,West Indies,India,F Walters,HK Matthews,S Pandey,0,0,,,,,,,,,
1085951,2017,2017-06-29,County Ground,1,5.3,West Indies,India,F Walters,HK Matthews,S Pandey,0,0,,,,,,,,,
1085951,2017,2017-06-29,County Ground,1,5.4,West Indies,India,F Walters,HK Matthews,S Pandey,1,0,,,,,,,,,
1085951,2017,2017-06-29,County Ground,1,5.5,West Indies,India,HK Matthews,F Walters,S Pandey,4,0,,,,,,,,,
1085951,2017,2017-06-29,County Ground,1,5.6,West Indies,India,HK Matthews,F Walters,S Pandey,4,0,,,,,,,,,
1085951,2017,2017-06-29,County Ground,1,6.1,West Indies,India,F Walters,HK Matthews,E Bisht,0,0,,,,,,caught,F Walters,,
1085951,2017,2017-06-29,County Ground,1,6.2,West Indies,India,SR Taylor,HK Matthews,E Bisht,0,0,,,,,,,,,
1085951,2017,2017-06-29,County Ground,1,6.3,West Indies,India,SR Taylor,HK Matthews,E Bisht,0,0,,,,,,,,,
1085951,2017,2017-06-29,County Ground,1,6.4,West Indies,India,SR Taylor,HK Matthews,E Bisht,0,0,,,,,,,,,
1085951,2017,2017-06-29,County Ground,1,6.5,West Indies,India,SR Taylor,HK Matthews,E Bisht,0,0,,,,,,,,,
1085951,2017,2017-06-29,County Ground,1,6.6,West Indies,India,SR Taylor,HK Matthews,E Bisht,0,0,,,,,,,,,
1085951,2017,2017-06-29,County Ground,1,7.1,West Indies,India,HK Matthews,SR Taylor,J Goswami,2,0,,,,,,,,,
1085951,2017,2017-06-29,County Ground,1,7.2,West Indies,India,HK Matthews,SR Taylor,J Goswami,4,0,,,,,,,,,
1085951,2017,2017-06-29,County Ground,1,7.3,West Indies,India,HK Matthews,SR Taylor,J Goswami,0,0,,,,,,,,,
1085951,2017,2017-06-29,County Ground,1,7.4,West Indies,India,HK Matthews,SR Taylor,J Goswami,1,0,,,,,,,,,
1085951,2017,2017-06-29,County Ground,1,7.5,West Indies,India,SR Taylor,HK Matthews,J Goswami,1,0,,,,,,,,,
1085951,2017,2017-06-29,County Ground,1,7.6,West Indies,India,HK Matthews,SR Taylor,J Goswami,0,0,,,,,,,,,
1085951,2017,2017-06-29,County Ground,1,8.1,West Indies,India,SR Taylor,HK Matthews,E Bisht,0,0,,,,,,,,,
1085951,2017,2017-06-29,County Ground,1,8.2,West Indies,India,SR Taylor,HK Matthews,E Bisht,1,0,,,,,,,,,
1085951,2017,2017-06-29,County Ground,1,8.3,West Indies,India,HK Matthews,SR Taylor,E Bisht,0,0,,,,,,,,,
1085951,2017,2017-06-29,County Ground,1,8.4,West Indies,India,HK Matthews,SR Taylor,E Bisht,0,0,,,,,,,,,
1085951,2017,2017-06-29,County Ground,1,8.5,West Indies,India,HK Matthews,SR Taylor,E Bisht,0,0,,,,,,,,,
1085951,2017,2017-06-29,County Ground,1,8.6,West Indies,India,HK Matthews,SR Taylor,E Bisht,0,0,,,,,,,,,
1085951,2017,2017-06-29,County Ground,1,9.1,West Indies,India,SR Taylor,HK Matthews,J Goswami,0,0,,,,,,,,,
1085951,2017,2017-06-29,County Ground,1,9.2,West Indies,India,SR Taylor,HK Matthews,J Goswami,0,0,,,,,,,,,
1085951,2017,2017-06-29,County Ground,1,9.3,West Indies,India,SR Taylor,HK Matthews,J Goswami,1,0,,,,,,,,,
1085951,2017,2017-06-29,County Ground,1,9.4,West Indies,India,HK Matthews,SR Taylor,J Goswami,0,0,,,,,,,,,
1085951,2017,2017-06-29,County Ground,1,9.5,West Indies,India,HK Matthews,SR Taylor,J Goswami,4,0,,,,,,,,,
1085951,2017,2017-06-29,County Ground,1,9.6,West Indies,India,HK Matthews,SR Taylor,J Goswami,0,0,,,,,,,,,
1085951,2017,2017-06-29,County Ground,1,10.1,West Indies,India,SR Taylor,HK Matthews,E Bisht,0,0,,,,,,,,,
1085951,2017,2017-06-29,County Ground,1,10.2,West Indies,India,SR Taylor,HK Matthews,E Bisht,1,0,,,,,,,,,
1085951,2017,2017-06-29,County Ground,1,10.3,West Indies,India,HK Matthews,SR Taylor,E Bisht,1,0,,,,,,,,,
1085951,2017,2017-06-29,County Ground,1,10.4,West Indies,India,SR Taylor,HK Matthews,E Bisht,0,0,,,,,,,,,
1085951,2017,2017-06-29,County Ground,1,10.5,West Indies,India,SR Taylor,HK Matthews,E Bisht,0,0,,,,,,,,,
1085951,2017,2017-06-29,County Ground,1,10.6,West Indies,India,SR Taylor,HK Matthews,E Bisht,0,0,,,,,,,,,
1085951,2017,2017-06-29,County Ground,1,11.1,West Indies,India,HK Matthews,SR Taylor,DB Sharma,0,0,,,,,,,,,
1085951,2017,2017-06-29,County Ground,1,11.2,West Indies,India,HK Matthews,SR Taylor,DB Sharma,0,1,,,1,,,,,,
1085951,2017,2017-06-29,County Ground,1,11.3,West Indies,India,SR Taylor,HK Matthews,DB Sharma,0,0,,,,,,,,,
1085951,2017,2017-06-29,County Ground,1,11.4,West Indies,India,SR Taylor,HK Matthews,DB Sharma,1,0,,,,,,,,,
1085951,2017,2017-06-29,County Ground,1,11.5,West Indies,India,HK Matthews,SR Taylor,DB Sharma,1,0,,,,,,,,,
1085951,2017,2017-06-29,County Ground,1,11.6,West Indies,India,SR Taylor,HK Matthews,DB Sharma,1,0,,,,,,,,,
1085951,2017,2017-06-29,County Ground,1,12.1,West Indies,India,SR Taylor,HK Matthews,MR Meshram,0,0,,,,,,,,,
1085951,2017,2017-06-29,County Ground,1,12.2,West Indies,India,SR Taylor,HK Matthews,MR Meshram,2,0,,,,,,,,,
1085951,2017,2017-06-29,County Ground,1,12.3,West Indies,India,SR Taylor,HK Matthews,MR Meshram,1,0,,,,,,,,,
1085951,2017,2017-06-29,County Ground,1,12.4,West Indies,India,HK Matthews,SR Taylor,MR Meshram,2,0,,,,,,,,,
1085951,2017,2017-06-29,County Ground,1,12.5,West Indies,India,HK Matthews,SR Taylor,MR Meshram,1,0,,,,,,,,,
1085951,2017,2017-06-29,County Ground,1,12.6,West Indies,India,SR Taylor,HK Matthews,MR Meshram,0,0,,,,,,,,,
1085951,2017,2017-06-29,County Ground,1,13.1,West Indies,India,HK Matthews,SR Taylor,DB Sharma,0,0,,,,,,,,,
1085951,2017,2017-06-29,County Ground,1,13.2,West Indies,India,HK Matthews,SR Taylor,DB Sharma,1,0,,,,,,,,,
1085951,2017,2017-06-29,County Ground,1,13.3,West Indies,India,SR Taylor,HK Matthews,DB Sharma,0,0,,,,,,,,,
1085951,2017,2017-06-29,County Ground,1,13.4,West Indies,India,SR Taylor,HK Matthews,DB Sharma,0,0,,,,,,,,,
1085951,2017,2017-06-29,County Ground,1,13.5,West Indies,India,SR Taylor,HK Matthews,DB Sharma,0,0,,,,,,,,,
1085951,2017,2017-06-29,County Ground,1,13.6,West Indies,India,SR Taylor,HK Matthews,DB Sharma,0,0,,,,,,,,,
1085951,2017,2017-06-29,County Ground,1,14.1,West Indies,India,HK Matthews,SR Taylor,MR Meshram,0,0,,,,,,,,,
1085951,2017,2017-06-29,County Ground,1,14.2,West Indies,India,HK Matthews,SR Taylor,MR Meshram,0,0,,,,,,,,,
1085951,2017,2017-06-29,County Ground,1,14.3,West Indies,India,HK Matthews,SR Taylor,MR Meshram,0,0,,,,,,,,,
1085951,2017,2017-06-29,County Ground,1,14.4,West Indies,India,HK Matthews,SR Taylor,MR Meshram,4,0,,,,,,,,,
1085951,2017,2017-06-29,County Ground,1,14.5,West Indies,India,HK Matthews,SR Taylor,MR Meshram,1,0,,,,,,,,,
1085951,2017,2017-06-29,County Ground,1,14.6,West Indies,India,SR Taylor,HK Matthews,MR Meshram,1,0,,,,,,,,,
1085951,2017,2017-06-29,County Ground,1,15.1,West Indies,India,SR Taylor,HK Matthews,DB Sharma,0,0,,,,,,,,,
1085951,2017,2017-06-29,County Ground,1,15.2,West Indies,India,SR Taylor,HK Matthews,DB Sharma,0,0,,,,,,,,,
1085951,2017,2017-06-29,County Ground,1,15.3,West Indies,India,SR Taylor,HK Matthews,DB Sharma,1,0,,,,,,,,,
1085951,2017,2017-06-29,County Ground,1,15.4,West Indies,India,HK Matthews,SR Taylor,DB Sharma,0,0,,,,,,,,,
1085951,2017,2017-06-29,County Ground,1,15.5,West Indies,India,HK Matthews,SR Taylor,DB Sharma,0,0,,,,,,,,,
1085951,2017,2017-06-29,County Ground,1,15.6,West Indies,India,HK Matthews,SR Taylor,DB Sharma,0,0,,,,,,,,,
1085951,2017,2017-06-29,County Ground,1,16.1,West Indies,India,SR Taylor,HK Matthews,MR Meshram,0,0,,,,,,,,,
1085951,2017,2017-06-29,County Ground,1,16.2,West Indies,India,SR Taylor,HK Matthews,MR Meshram,1,0,,,,,,,,,
1085951,2017,2017-06-29,County Ground,1,16.3,West Indies,India,HK Matthews,SR Taylor,MR Meshram,0,0,,,,,,,,,
1085951,2017,2017-06-29,County Ground,1,16.4,West Indies,India,HK Matthews,SR Taylor,MR Meshram,0,0,,,,,,,,,
1085951,2017,2017-06-29,County Ground,1,16.5,West Indies,India,HK Matthews,SR Taylor,MR Meshram,1,0,,,,,,,,,
1085951,2017,2017-06-29,County Ground,1,16.6,West Indies,India,SR Taylor,HK Matthews,MR Meshram,1,0,,,,,,,,,
1085951,2017,2017-06-29,County Ground,1,17.1,West Indies,India,SR Taylor,HK Matthews,Poonam Yadav,0,0,,,,,,,,,
1085951,2017,2017-06-29,County Ground,1,17.2,West Indies,India,SR Taylor,HK Matthews,Poonam Yadav,0,0,,,,,,,,,
1085951,2017,2017-06-29,County Ground,1,17.3,West Indies,India,SR Taylor,HK Matthews,Poonam Yadav,1,0,,,,,,,,,
1085951,2017,2017-06-29,County Ground,1,17.4,West Indies,India,HK Matthews,SR Taylor,Poonam Yadav,0,0,,,,,,,,,
1085951,2017,2017-06-29,County Ground,1,17.5,West Indies,India,HK Matthews,SR Taylor,Poonam Yadav,0,0,,,,,,,,,
1085951,2017,2017-06-29,County Ground,1,17.6,West Indies,India,HK Matthews,SR Taylor,Poonam Yadav,0,1,1,,,,,,,,
1085951,2017,2017-06-29,County Ground,1,17.7,West Indies,India,HK Matthews,SR Taylor,Poonam Yadav,0,0,,,,,,,,,
1085951,2017,2017-06-29,County Ground,1,18.1,West Indies,India,SR Taylor,HK Matthews,DB Sharma,0,0,,,,,,,,,
1085951,2017,2017-06-29,County Ground,1,18.2,West Indies,India,SR Taylor,HK Matthews,DB Sharma,1,0,,,,,,,,,
1085951,2017,2017-06-29,County Ground,1,18.3,West Indies,India,HK Matthews,SR Taylor,DB Sharma,0,0,,,,,,,,,
1085951,2017,2017-06-29,County Ground,1,18.4,West Indies,India,HK Matthews,SR Taylor,DB Sharma,0,0,,,,,,,,,
1085951,2017,2017-06-29,County Ground,1,18.5,West Indies,India,HK Matthews,SR Taylor,DB Sharma,0,0,,,,,,,,,
1085951,2017,2017-06-29,County Ground,1,18.6,West Indies,India,HK Matthews,SR Taylor,DB Sharma,0,0,,,,,,caught and bowled,HK Matthews,,
1085951,2017,2017-06-29,County Ground,1,19.1,West Indies,India,SR Taylor,DJS Dottin,Poonam Yadav,0,0,,,,,,,,,
1085951,2017,2017-06-29,County Ground,1,19.2,West Indies,India,SR Taylor,DJS Dottin,Poonam Yadav,1,0,,,,,,,,,
1085951,2017,2017-06-29,County Ground,1,19.3,West Indies,India,DJS Dottin,SR Taylor,Poonam Yadav,0,0,,,,,,,,,
1085951,2017,2017-06-29,County Ground,1,19.4,West Indies,India,DJS Dottin,SR Taylor,Poonam Yadav,0,0,,,,,,,,,
1085951,2017,2017-06-29,County Ground,1,19.5,West Indies,India,DJS Dottin,SR Taylor,Poonam Yadav,0,0,,,,,,,,,
1085951,2017,2017-06-29,County Ground,1,19.6,West Indies,India,DJS Dottin,SR Taylor,Poonam Yadav,0,0,,,,,,,,,
1085951,2017,2017-06-29,County Ground,1,20.1,West Indies,India,SR Taylor,DJS Dottin,DB Sharma,0,0,,,,,,run out,SR Taylor,,
1085951,2017,2017-06-29,County Ground,1,20.2,West Indies,India,DJS Dottin,MR Aguilleira,DB Sharma,0,0,,,,,,,,,
1085951,2017,2017-06-29,County Ground,1,20.3,West Indies,India,DJS Dottin,MR Aguilleira,DB Sharma,0,0,,,,,,,,,
1085951,2017,2017-06-29,County Ground,1,20.4,West Indies,India,DJS Dottin,MR Aguilleira,DB Sharma,0,0,,,,,,,,,
1085951,2017,2017-06-29,County Ground,1,20.5,West Indies,India,DJS Dottin,MR Aguilleira,DB Sharma,0,0,,,,,,,,,
1085951,2017,2017-06-29,County Ground,1,20.6,West Indies,India,DJS Dottin,MR Aguilleira,DB Sharma,0,0,,,,,,,,,
1085951,2017,2017-06-29,County Ground,1,21.1,West Indies,India,MR Aguilleira,DJS Dottin,Poonam Yadav,1,0,,,,,,,,,
1085951,2017,2017-06-29,County Ground,1,21.2,West Indies,India,DJS Dottin,MR Aguilleira,Poonam Yadav,0,0,,,,,,,,,
1085951,2017,2017-06-29,County Ground,1,21.3,West Indies,India,DJS Dottin,MR Aguilleira,Poonam Yadav,1,0,,,,,,,,,
1085951,2017,2017-06-29,County Ground,1,21.4,West Indies,India,MR Aguilleira,DJS Dottin,Poonam Yadav,0,0,,,,,,,,,
1085951,2017,2017-06-29,County Ground,1,21.5,West Indies,India,MR Aguilleira,DJS Dottin,Poonam Yadav,1,0,,,,,,,,,
1085951,2017,2017-06-29,County Ground,1,21.6,West Indies,India,DJS Dottin,MR Aguilleira,Poonam Yadav,0,0,,,,,,,,,
1085951,2017,2017-06-29,County Ground,1,22.1,West Indies,India,MR Aguilleira,DJS Dottin,DB Sharma,0,0,,,,,,,,,
1085951,2017,2017-06-29,County Ground,1,22.2,West Indies,India,MR Aguilleira,DJS Dottin,DB Sharma,0,0,,,,,,,,,
1085951,2017,2017-06-29,County Ground,1,22.3,West Indies,India,MR Aguilleira,DJS Dottin,DB Sharma,1,0,,,,,,,,,
1085951,2017,2017-06-29,County Ground,1,22.4,West Indies,India,DJS Dottin,MR Aguilleira,DB Sharma,0,0,,,,,,,,,
1085951,2017,2017-06-29,County Ground,1,22.5,West Indies,India,DJS Dottin,MR Aguilleira,DB Sharma,0,0,,,,,,,,,
1085951,2017,2017-06-29,County Ground,1,22.6,West Indies,India,DJS Dottin,MR Aguilleira,DB Sharma,0,0,,,,,,,,,
1085951,2017,2017-06-29,County Ground,1,23.1,West Indies,India,MR Aguilleira,DJS Dottin,Poonam Yadav,1,0,,,,,,,,,
1085951,2017,2017-06-29,County Ground,1,23.2,West Indies,India,DJS Dottin,MR Aguilleira,Poonam Yadav,0,0,,,,,,,,,
1085951,2017,2017-06-29,County Ground,1,23.3,West Indies,India,DJS Dottin,MR Aguilleira,Poonam Yadav,0,0,,,,,,,,,
1085951,2017,2017-06-29,County Ground,1,23.4,West Indies,India,DJS Dottin,MR Aguilleira,Poonam Yadav,0,0,,,,,,,,,
1085951,2017,2017-06-29,County Ground,1,23.5,West Indies,India,DJS Dottin,MR Aguilleira,Poonam Yadav,1,0,,,,,,,,,
1085951,2017,2017-06-29,County Ground,1,23.6,West Indies,India,MR Aguilleira,DJS Dottin,Poonam Yadav,0,0,,,,,,,,,
1085951,2017,2017-06-29,County Ground,1,24.1,West Indies,India,DJS Dottin,MR Aguilleira,E Bisht,0,0,,,,,,,,,
1085951,2017,2017-06-29,County Ground,1,24.2,West Indies,India,DJS Dottin,MR Aguilleira,E Bisht,0,0,,,,,,,,,
1085951,2017,2017-06-29,County Ground,1,24.3,West Indies,India,DJS Dottin,MR Aguilleira,E Bisht,0,0,,,,,,,,,
1085951,2017,2017-06-29,County Ground,1,24.4,West Indies,India,DJS Dottin,MR Aguilleira,E Bisht,1,0,,,,,,,,,
1085951,2017,2017-06-29,County Ground,1,24.5,West Indies,India,MR Aguilleira,DJS Dottin,E Bisht,0,0,,,,,,,,,
1085951,2017,2017-06-29,County Ground,1,24.6,West Indies,India,MR Aguilleira,DJS Dottin,E Bisht,0,0,,,,,,,,,
1085951,2017,2017-06-29,County Ground,1,25.1,West Indies,India,DJS Dottin,MR Aguilleira,Poonam Yadav,0,0,,,,,,,,,
1085951,2017,2017-06-29,County Ground,1,25.2,West Indies,India,DJS Dottin,MR Aguilleira,Poonam Yadav,0,0,,,,,,,,,
1085951,2017,2017-06-29,County Ground,1,25.3,West Indies,India,DJS Dottin,MR Aguilleira,Poonam Yadav,0,0,,,,,,,,,
1085951,2017,2017-06-29,County Ground,1,25.4,West Indies,India,DJS Dottin,MR Aguilleira,Poonam Yadav,0,0,,,,,,,,,
1085951,2017,2017-06-29,County Ground,1,25.5,West Indies,India,DJS Dottin,MR Aguilleira,Poonam Yadav,0,0,,,,,,,,,
1085951,2017,2017-06-29,County Ground,1,25.6,West Indies,India,DJS Dottin,MR Aguilleira,Poonam Yadav,0,0,,,,,,,,,
1085951,2017,2017-06-29,County Ground,1,26.1,West Indies,India,MR Aguilleira,DJS Dottin,E Bisht,0,0,,,,,,,,,
1085951,2017,2017-06-29,County Ground,1,26.2,West Indies,India,MR Aguilleira,DJS Dottin,E Bisht,0,0,,,,,,,,,
1085951,2017,2017-06-29,County Ground,1,26.3,West Indies,India,MR Aguilleira,DJS Dottin,E Bisht,0,0,,,,,,,,,
1085951,2017,2017-06-29,County Ground,1,26.4,West Indies,India,MR Aguilleira,DJS Dottin,E Bisht,0,0,,,,,,,,,
1085951,2017,2017-06-29,County Ground,1,26.5,West Indies,India,MR Aguilleira,DJS Dottin,E Bisht,0,0,,,,,,,,,
1085951,2017,2017-06-29,County Ground,1,26.6,West Indies,India,MR Aguilleira,DJS Dottin,E Bisht,0,0,,,,,,,,,
1085951,2017,2017-06-29,County Ground,1,27.1,West Indies,India,DJS Dottin,MR Aguilleira,Poonam Yadav,1,0,,,,,,,,,
1085951,2017,2017-06-29,County Ground,1,27.2,West Indies,India,MR Aguilleira,DJS Dottin,Poonam Yadav,2,0,,,,,,,,,
1085951,2017,2017-06-29,County Ground,1,27.3,West Indies,India,MR Aguilleira,DJS Dottin,Poonam Yadav,0,0,,,,,,stumped,MR Aguilleira,,
1085951,2017,2017-06-29,County Ground,1,27.4,West Indies,India,Kyshona A Knight,DJS Dottin,Poonam Yadav,0,0,,,,,,,,,
1085951,2017,2017-06-29,County Ground,1,27.5,West Indies,India,Kyshona A Knight,DJS Dottin,Poonam Yadav,0,0,,,,,,,,,
1085951,2017,2017-06-29,County Ground,1,27.6,West Indies,India,Kyshona A Knight,DJS Dottin,Poonam Yadav,0,0,,,,,,,,,
1085951,2017,2017-06-29,County Ground,1,28.1,West Indies,India,DJS Dottin,Kyshona A Knight,MR Meshram,0,0,,,,,,,,,
1085951,2017,2017-06-29,County Ground,1,28.2,West Indies,India,DJS Dottin,Kyshona A Knight,MR Meshram,0,1,1,,,,,,,,
1085951,2017,2017-06-29,County Ground,1,28.3,West Indies,India,DJS Dottin,Kyshona A Knight,MR Meshram,0,0,,,,,,,,,
1085951,2017,2017-06-29,County Ground,1,28.4,West Indies,India,DJS Dottin,Kyshona A Knight,MR Meshram,0,1,1,,,,,,,,
1085951,2017,2017-06-29,County Ground,1,28.5,West Indies,India,DJS Dottin,Kyshona A Knight,MR Meshram,0,0,,,,,,,,,
1085951,2017,2017-06-29,County Ground,1,28.6,West Indies,India,DJS Dottin,Kyshona A Knight,MR Meshram,0,0,,,,,,,,,
1085951,2017,2017-06-29,County Ground,1,28.7,West Indies,India,DJS Dottin,Kyshona A Knight,MR Meshram,2,0,,,,,,,,,
1085951,2017,2017-06-29,County Ground,1,28.8,West Indies,India,DJS Dottin,Kyshona A Knight,MR Meshram,1,0,,,,,,,,,
1085951,2017,2017-06-29,County Ground,1,29.1,West Indies,India,DJS Dottin,Kyshona A Knight,Poonam Yadav,0,0,,,,,,,,,
1085951,2017,2017-06-29,County Ground,1,29.2,West Indies,India,DJS Dottin,Kyshona A Knight,Poonam Yadav,0,0,,,,,,,,,
1085951,2017,2017-06-29,County Ground,1,29.3,West Indies,India,DJS Dottin,Kyshona A Knight,Poonam Yadav,0,0,,,,,,,,,
1085951,2017,2017-06-29,County Ground,1,29.4,West Indies,India,DJS Dottin,Kyshona A Knight,Poonam Yadav,0,0,,,,,,,,,
1085951,2017,2017-06-29,County Ground,1,29.5,West Indies,India,DJS Dottin,Kyshona A Knight,Poonam Yadav,0,0,,,,,,,,,
1085951,2017,2017-06-29,County Ground,1,29.6,West Indies,India,DJS Dottin,Kyshona A Knight,Poonam Yadav,0,0,,,,,,,,,
1085951,2017,2017-06-29,County Ground,1,30.1,West Indies,India,Kyshona A Knight,DJS Dottin,H Kaur,0,0,,,,,,,,,
1085951,2017,2017-06-29,County Ground,1,30.2,West Indies,India,Kyshona A Knight,DJS Dottin,H Kaur,0,0,,,,,,,,,
1085951,2017,2017-06-29,County Ground,1,30.3,West Indies,India,Kyshona A Knight,DJS Dottin,H Kaur,0,0,,,,,,,,,
1085951,2017,2017-06-29,County Ground,1,30.4,West Indies,India,Kyshona A Knight,DJS Dottin,H Kaur,1,0,,,,,,,,,
1085951,2017,2017-06-29,County Ground,1,30.5,West Indies,India,DJS Dottin,Kyshona A Knight,H Kaur,0,0,,,,,,,,,
1085951,2017,2017-06-29,County Ground,1,30.6,West Indies,India,DJS Dottin,Kyshona A Knight,H Kaur,0,0,,,,,,,,,
1085951,2017,2017-06-29,County Ground,1,31.1,West Indies,India,Kyshona A Knight,DJS Dottin,Poonam Yadav,0,0,,,,,,,,,
1085951,2017,2017-06-29,County Ground,1,31.2,West Indies,India,Kyshona A Knight,DJS Dottin,Poonam Yadav,0,0,,,,,,,,,
1085951,2017,2017-06-29,County Ground,1,31.3,West Indies,India,Kyshona A Knight,DJS Dottin,Poonam Yadav,0,0,,,,,,,,,
1085951,2017,2017-06-29,County Ground,1,31.4,West Indies,India,Kyshona A Knight,DJS Dottin,Poonam Yadav,0,0,,,,,,,,,
1085951,2017,2017-06-29,County Ground,1,31.5,West Indies,India,Kyshona A Knight,DJS Dottin,Poonam Yadav,1,0,,,,,,,,,
1085951,2017,2017-06-29,County Ground,1,31.6,West Indies,India,DJS Dottin,Kyshona A Knight,Poonam Yadav,0,0,,,,,,,,,
1085951,2017,2017-06-29,County Ground,1,32.1,West Indies,India,Kyshona A Knight,DJS Dottin,H Kaur,0,0,,,,,,,,,
1085951,2017,2017-06-29,County Ground,1,32.2,West Indies,India,Kyshona A Knight,DJS Dottin,H Kaur,0,0,,,,,,,,,
1085951,2017,2017-06-29,County Ground,1,32.3,West Indies,India,Kyshona A Knight,DJS Dottin,H Kaur,0,0,,,,,,,,,
1085951,2017,2017-06-29,County Ground,1,32.4,West Indies,India,Kyshona A Knight,DJS Dottin,H Kaur,1,0,,,,,,,,,
1085951,2017,2017-06-29,County Ground,1,32.5,West Indies,India,DJS Dottin,Kyshona A Knight,H Kaur,0,0,,,,,,,,,
1085951,2017,2017-06-29,County Ground,1,32.6,West Indies,India,DJS Dottin,Kyshona A Knight,H Kaur,0,0,,,,,,,,,
1085951,2017,2017-06-29,County Ground,1,33.1,West Indies,India,Kyshona A Knight,DJS Dottin,Poonam Yadav,2,0,,,,,,,,,
1085951,2017,2017-06-29,County Ground,1,33.2,West Indies,India,Kyshona A Knight,DJS Dottin,Poonam Yadav,0,1,,,1,,,,,,
1085951,2017,2017-06-29,County Ground,1,33.3,West Indies,India,DJS Dottin,Kyshona A Knight,Poonam Yadav,0,0,,,,,,caught,DJS Dottin,,
1085951,2017,2017-06-29,County Ground,1,33.4,West Indies,India,CN Nation,Kyshona A Knight,Poonam Yadav,0,0,,,,,,,,,
1085951,2017,2017-06-29,County Ground,1,33.5,West Indies,India,CN Nation,Kyshona A Knight,Poonam Yadav,0,0,,,,,,,,,
1085951,2017,2017-06-29,County Ground,1,33.6,West Indies,India,CN Nation,Kyshona A Knight,Poonam Yadav,0,0,,,,,,,,,
1085951,2017,2017-06-29,County Ground,1,34.1,West Indies,India,Kyshona A Knight,CN Nation,H Kaur,0,0,,,,,,,,,
1085951,2017,2017-06-29,County Ground,1,34.2,West Indies,India,Kyshona A Knight,CN Nation,H Kaur,0,0,,,,,,caught,Kyshona A Knight,,
1085951,2017,2017-06-29,County Ground,1,34.3,West Indies,India,SF Daley,CN Nation,H Kaur,1,0,,,,,,,,,
1085951,2017,2017-06-29,County Ground,1,34.4,West Indies,India,CN Nation,SF Daley,H Kaur,1,0,,,,,,,,,
1085951,2017,2017-06-29,County Ground,1,34.5,West Indies,India,SF Daley,CN Nation,H Kaur,1,0,,,,,,,,,
1085951,2017,2017-06-29,County Ground,1,34.6,West Indies,India,CN Nation,SF Daley,H Kaur,0,0,,,,,,,,,
1085951,2017,2017-06-29,County Ground,1,35.1,West Indies,India,SF Daley,CN Nation,J Goswami,0,0,,,,,,,,,
1085951,2017,2017-06-29,County Ground,1,35.2,West Indies,India,SF Daley,CN Nation,J Goswami,0,0,,,,,,,,,
1085951,2017,2017-06-29,County Ground,1,35.3,West Indies,India,SF Daley,CN Nation,J Goswami,4,0,,,,,,,,,
1085951,2017,2017-06-29,County Ground,1,35.4,West Indies,India,SF Daley,CN Nation,J Goswami,0,0,,,,,,,,,
1085951,2017,2017-06-29,County Ground,1,35.5,West Indies,India,SF Daley,CN Nation,J Goswami,0,0,,,,,,,,,
1085951,2017,2017-06-29,County Ground,1,35.6,West Indies,India,SF Daley,CN Nation,J Goswami,4,0,,,,,,,,,
1085951,2017,2017-06-29,County Ground,1,36.1,West Indies,India,CN Nation,SF Daley,E Bisht,0,0,,,,,,,,,
1085951,2017,2017-06-29,County Ground,1,36.2,West Indies,India,CN Nation,SF Daley,E Bisht,0,0,,,,,,,,,
1085951,2017,2017-06-29,County Ground,1,36.3,West Indies,India,CN Nation,SF Daley,E Bisht,0,0,,,,,,,,,
1085951,2017,2017-06-29,County Ground,1,36.4,West Indies,India,CN Nation,SF Daley,E Bisht,0,0,,,,,,,,,
1085951,2017,2017-06-29,County Ground,1,36.5,West Indies,India,CN Nation,SF Daley,E Bisht,0,0,,,,,,,,,
1085951,2017,2017-06-29,County Ground,1,36.6,West Indies,India,CN Nation,SF Daley,E Bisht,1,0,,,,,,,,,
1085951,2017,2017-06-29,County Ground,1,37.1,West Indies,India,CN Nation,SF Daley,DB Sharma,0,0,,,,,,,,,
1085951,2017,2017-06-29,County Ground,1,37.2,West Indies,India,CN Nation,SF Daley,DB Sharma,1,0,,,,,,,,,
1085951,2017,2017-06-29,County Ground,1,37.3,West Indies,India,SF Daley,CN Nation,DB Sharma,1,0,,,,,,,,,
1085951,2017,2017-06-29,County Ground,1,37.4,West Indies,India,CN Nation,SF Daley,DB Sharma,4,0,,,,,,,,,
1085951,2017,2017-06-29,County Ground,1,37.5,West Indies,India,CN Nation,SF Daley,DB Sharma,4,0,,,,,,,,,
1085951,2017,2017-06-29,County Ground,1,37.6,West Indies,India,CN Nation,SF Daley,DB Sharma,0,0,,,,,,,,,
1085951,2017,2017-06-29,County Ground,1,38.1,West Indies,India,SF Daley,CN Nation,E Bisht,1,0,,,,,,,,,
1085951,2017,2017-06-29,County Ground,1,38.2,West Indies,India,CN Nation,SF Daley,E Bisht,0,0,,,,,,,,,
1085951,2017,2017-06-29,County Ground,1,38.3,West Indies,India,CN Nation,SF Daley,E Bisht,1,0,,,,,,,,,
1085951,2017,2017-06-29,County Ground,1,38.4,West Indies,India,SF Daley,CN Nation,E Bisht,1,0,,,,,,,,,
1085951,2017,2017-06-29,County Ground,1,38.5,West Indies,India,CN Nation,SF Daley,E Bisht,0,0,,,,,,,,,
1085951,2017,2017-06-29,County Ground,1,38.6,West Indies,India,CN Nation,SF Daley,E Bisht,0,0,,,,,,,,,
1085951,2017,2017-06-29,County Ground,1,39.1,West Indies,India,SF Daley,CN Nation,H Kaur,0,0,,,,,,,,,
1085951,2017,2017-06-29,County Ground,1,39.2,West Indies,India,SF Daley,CN Nation,H Kaur,0,0,,,,,,,,,
1085951,2017,2017-06-29,County Ground,1,39.3,West Indies,India,SF Daley,CN Nation,H Kaur,0,0,,,,,,,,,
1085951,2017,2017-06-29,County Ground,1,39.4,West Indies,India,SF Daley,CN Nation,H Kaur,4,0,,,,,,,,,
1085951,2017,2017-06-29,County Ground,1,39.5,West Indies,India,SF Daley,CN Nation,H Kaur,1,0,,,,,,,,,
1085951,2017,2017-06-29,County Ground,1,39.6,West Indies,India,CN Nation,SF Daley,H Kaur,0,0,,,,,,stumped,CN Nation,,
1085951,2017,2017-06-29,County Ground,1,40.1,West Indies,India,SF Daley,ASS Fletcher,DB Sharma,0,0,,,,,,,,,
1085951,2017,2017-06-29,County Ground,1,40.2,West Indies,India,SF Daley,ASS Fletcher,DB Sharma,0,0,,,,,,,,,
1085951,2017,2017-06-29,County Ground,1,40.3,West Indies,India,SF Daley,ASS Fletcher,DB Sharma,0,0,,,,,,,,,
1085951,2017,2017-06-29,County Ground,1,40.4,West Indies,India,SF Daley,ASS Fletcher,DB Sharma,2,0,,,,,,,,,
1085951,2017,2017-06-29,County Ground,1,40.5,West Indies,India,SF Daley,ASS Fletcher,DB Sharma,1,0,,,,,,,,,
1085951,2017,2017-06-29,County Ground,1,40.6,West Indies,India,ASS Fletcher,SF Daley,DB Sharma,1,0,,,,,,,,,
1085951,2017,2017-06-29,County Ground,1,41.1,West Indies,India,ASS Fletcher,SF Daley,Poonam Yadav,0,0,,,,,,,,,
1085951,2017,2017-06-29,County Ground,1,41.2,West Indies,India,ASS Fletcher,SF Daley,Poonam Yadav,1,0,,,,,,,,,
1085951,2017,2017-06-29,County Ground,1,41.3,West Indies,India,SF Daley,ASS Fletcher,Poonam Yadav,4,0,,,,,,,,,
1085951,2017,2017-06-29,County Ground,1,41.4,West Indies,India,SF Daley,ASS Fletcher,Poonam Yadav,0,0,,,,,,,,,
1085951,2017,2017-06-29,County Ground,1,41.5,West Indies,India,SF Daley,ASS Fletcher,Poonam Yadav,0,0,,,,,,,,,
1085951,2017,2017-06-29,County Ground,1,41.6,West Indies,India,SF Daley,ASS Fletcher,Poonam Yadav,0,0,,,,,,,,,
1085951,2017,2017-06-29,County Ground,1,42.1,West Indies,India,ASS Fletcher,SF Daley,DB Sharma,0,0,,,,,,,,,
1085951,2017,2017-06-29,County Ground,1,42.2,West Indies,India,ASS Fletcher,SF Daley,DB Sharma,4,0,,,,,,,,,
1085951,2017,2017-06-29,County Ground,1,42.3,West Indies,India,ASS Fletcher,SF Daley,DB Sharma,0,0,,,,,,,,,
1085951,2017,2017-06-29,County Ground,1,42.4,West Indies,India,ASS Fletcher,SF Daley,DB Sharma,1,0,,,,,,,,,
1085951,2017,2017-06-29,County Ground,1,42.5,West Indies,India,SF Daley,ASS Fletcher,DB Sharma,0,0,,,,,,,,,
1085951,2017,2017-06-29,County Ground,1,42.6,West Indies,India,SF Daley,ASS Fletcher,DB Sharma,0,0,,,,,,,,,
1085951,2017,2017-06-29,County Ground,1,43.1,West Indies,India,ASS Fletcher,SF Daley,E Bisht,1,0,,,,,,,,,
1085951,2017,2017-06-29,County Ground,1,43.2,West Indies,India,SF Daley,ASS Fletcher,E Bisht,0,0,,,,,,,,,
1085951,2017,2017-06-29,County Ground,1,43.3,West Indies,India,SF Daley,ASS Fletcher,E Bisht,4,0,,,,,,,,,
1085951,2017,2017-06-29,County Ground,1,43.4,West Indies,India,SF Daley,ASS Fletcher,E Bisht,1,0,,,,,,,,,
1085951,2017,2017-06-29,County Ground,1,43.5,West Indies,India,ASS Fletcher,SF Daley,E Bisht,1,0,,,,,,,,,
1085951,2017,2017-06-29,County Ground,1,43.6,West Indies,India,SF Daley,ASS Fletcher,E Bisht,0,0,,,,,,,,,
1085951,2017,2017-06-29,County Ground,1,44.1,West Indies,India,ASS Fletcher,SF Daley,H Kaur,1,0,,,,,,,,,
1085951,2017,2017-06-29,County Ground,1,44.2,West Indies,India,SF Daley,ASS Fletcher,H Kaur,2,0,,,,,,,,,
1085951,2017,2017-06-29,County Ground,1,44.3,West Indies,India,SF Daley,ASS Fletcher,H Kaur,0,0,,,,,,,,,
1085951,2017,2017-06-29,County Ground,1,44.4,West Indies,India,SF Daley,ASS Fletcher,H Kaur,0,0,,,,,,,,,
1085951,2017,2017-06-29,County Ground,1,44.5,West Indies,India,SF Daley,ASS Fletcher,H Kaur,0,0,,,,,,,,,
1085951,2017,2017-06-29,County Ground,1,44.6,West Indies,India,SF Daley,ASS Fletcher,H Kaur,1,0,,,,,,,,,
1085951,2017,2017-06-29,County Ground,1,45.1,West Indies,India,SF Daley,ASS Fletcher,DB Sharma,0,0,,,,,,stumped,SF Daley,,
1085951,2017,2017-06-29,County Ground,1,45.2,West Indies,India,A Mohammed,ASS Fletcher,DB Sharma,0,0,,,,,,,,,
1085951,2017,2017-06-29,County Ground,1,45.3,West Indies,India,A Mohammed,ASS Fletcher,DB Sharma,0,0,,,,,,,,,
1085951,2017,2017-06-29,County Ground,1,45.4,West Indies,India,A Mohammed,ASS Fletcher,DB Sharma,0,0,,,,,,,,,
1085951,2017,2017-06-29,County Ground,1,45.5,West Indies,India,A Mohammed,ASS Fletcher,DB Sharma,0,0,,,,,,,,,
1085951,2017,2017-06-29,County Ground,1,45.6,West Indies,India,A Mohammed,ASS Fletcher,DB Sharma,1,0,,,,,,,,,
1085951,2017,2017-06-29,County Ground,1,46.1,West Indies,India,A Mohammed,ASS Fletcher,E Bisht,0,0,,,,,,,,,
1085951,2017,2017-06-29,County Ground,1,46.2,West Indies,India,A Mohammed,ASS Fletcher,E Bisht,2,0,,,,,,,,,
1085951,2017,2017-06-29,County Ground,1,46.3,West Indies,India,A Mohammed,ASS Fletcher,E Bisht,0,0,,,,,,,,,
1085951,2017,2017-06-29,County Ground,1,46.4,West Indies,India,A Mohammed,ASS Fletcher,E Bisht,0,0,,,,,,,,,
1085951,2017,2017-06-29,County Ground,1,46.5,West Indies,India,A Mohammed,ASS Fletcher,E Bisht,0,0,,,,,,,,,
1085951,2017,2017-06-29,County Ground,1,46.6,West Indies,India,A Mohammed,ASS Fletcher,E Bisht,0,0,,,,,,,,,
1085951,2017,2017-06-29,County Ground,1,47.1,West Indies,India,ASS Fletcher,A Mohammed,H Kaur,2,0,,,,,,,,,
1085951,2017,2017-06-29,County Ground,1,47.2,West Indies,India,ASS Fletcher,A Mohammed,H Kaur,0,0,,,,,,,,,
1085951,2017,2017-06-29,County Ground,1,47.3,West Indies,India,ASS Fletcher,A Mohammed,H Kaur,2,0,,,,,,,,,
1085951,2017,2017-06-29,County Ground,1,47.4,West Indies,India,ASS Fletcher,A Mohammed,H Kaur,1,0,,,,,,,,,
1085951,2017,2017-06-29,County Ground,1,47.5,West Indies,India,A Mohammed,ASS Fletcher,H Kaur,4,0,,,,,,,,,
1085951,2017,2017-06-29,County Ground,1,47.6,West Indies,India,A Mohammed,ASS Fletcher,H Kaur,1,0,,,,,,,,,
1085951,2017,2017-06-29,County Ground,1,48.1,West Indies,India,A Mohammed,ASS Fletcher,E Bisht,1,0,,,,,,,,,
1085951,2017,2017-06-29,County Ground,1,48.2,West Indies,India,ASS Fletcher,A Mohammed,E Bisht,1,0,,,,,,,,,
1085951,2017,2017-06-29,County Ground,1,48.3,West Indies,India,A Mohammed,ASS Fletcher,E Bisht,1,0,,,,,,,,,
1085951,2017,2017-06-29,County Ground,1,48.4,West Indies,India,ASS Fletcher,A Mohammed,E Bisht,1,0,,,,,,,,,
1085951,2017,2017-06-29,County Ground,1,48.5,West Indies,India,A Mohammed,ASS Fletcher,E Bisht,1,0,,,,,,,,,
1085951,2017,2017-06-29,County Ground,1,48.6,West Indies,India,ASS Fletcher,A Mohammed,E Bisht,1,0,,,,,,,,,
1085951,2017,2017-06-29,County Ground,1,49.1,West Indies,India,ASS Fletcher,A Mohammed,H Kaur,2,0,,,,,,,,,
1085951,2017,2017-06-29,County Ground,1,49.2,West Indies,India,ASS Fletcher,A Mohammed,H Kaur,2,0,,,,,,,,,
1085951,2017,2017-06-29,County Ground,1,49.3,West Indies,India,ASS Fletcher,A Mohammed,H Kaur,2,0,,,,,,,,,
1085951,2017,2017-06-29,County Ground,1,49.4,West Indies,India,ASS Fletcher,A Mohammed,H Kaur,4,0,,,,,,,,,
1085951,2017,2017-06-29,County Ground,1,49.5,West Indies,India,ASS Fletcher,A Mohammed,H Kaur,4,0,,,,,,,,,
1085951,2017,2017-06-29,County Ground,1,49.6,West Indies,India,ASS Fletcher,A Mohammed,H Kaur,4,0,,,,,,,,,
1085951,2017,2017-06-29,County Ground,2,0.1,India,West Indies,PG Raut,S Mandhana,SS Connell,0,0,,,,,,,,,
1085951,2017,2017-06-29,County Ground,2,0.2,India,West Indies,PG Raut,S Mandhana,SS Connell,0,0,,,,,,,,,
1085951,2017,2017-06-29,County Ground,2,0.3,India,West Indies,PG Raut,S Mandhana,SS Connell,0,0,,,,,,,,,
1085951,2017,2017-06-29,County Ground,2,0.4,India,West Indies,PG Raut,S Mandhana,SS Connell,0,0,,,,,,,,,
1085951,2017,2017-06-29,County Ground,2,0.5,India,West Indies,PG Raut,S Mandhana,SS Connell,0,0,,,,,,caught,PG Raut,,
1085951,2017,2017-06-29,County Ground,2,0.6,India,West Indies,DB Sharma,S Mandhana,SS Connell,0,1,1,,,,,,,,
1085951,2017,2017-06-29,County Ground,2,0.7,India,West Indies,DB Sharma,S Mandhana,SS Connell,0,0,,,,,,,,,
1085951,2017,2017-06-29,County Ground,2,1.1,India,West Indies,S Mandhana,DB Sharma,DJS Dottin,1,0,,,,,,,,,
1085951,2017,2017-06-29,County Ground,2,1.2,India,West Indies,DB Sharma,S Mandhana,DJS Dottin,1,0,,,,,,,,,
1085951,2017,2017-06-29,County Ground,2,1.3,India,West Indies,S Mandhana,DB Sharma,DJS Dottin,1,0,,,,,,,,,
1085951,2017,2017-06-29,County Ground,2,1.4,India,West Indies,DB Sharma,S Mandhana,DJS Dottin,0,0,,,,,,,,,
1085951,2017,2017-06-29,County Ground,2,1.5,India,West Indies,DB Sharma,S Mandhana,DJS Dottin,0,0,,,,,,,,,
1085951,2017,2017-06-29,County Ground,2,1.6,India,West Indies,DB Sharma,S Mandhana,DJS Dottin,0,0,,,,,,,,,
1085951,2017,2017-06-29,County Ground,2,2.1,India,West Indies,S Mandhana,DB Sharma,SS Connell,0,0,,,,,,,,,
1085951,2017,2017-06-29,County Ground,2,2.2,India,West Indies,S Mandhana,DB Sharma,SS Connell,0,0,,,,,,,,,
1085951,2017,2017-06-29,County Ground,2,2.3,India,West Indies,S Mandhana,DB Sharma,SS Connell,4,0,,,,,,,,,
1085951,2017,2017-06-29,County Ground,2,2.4,India,West Indies,S Mandhana,DB Sharma,SS Connell,1,0,,,,,,,,,
1085951,2017,2017-06-29,County Ground,2,2.5,India,West Indies,DB Sharma,S Mandhana,SS Connell,0,1,1,,,,,,,,
1085951,2017,2017-06-29,County Ground,2,2.6,India,West Indies,DB Sharma,S Mandhana,SS Connell,0,0,,,,,,,,,
1085951,2017,2017-06-29,County Ground,2,2.7,India,West Indies,DB Sharma,S Mandhana,SS Connell,0,0,,,,,,,,,
1085951,2017,2017-06-29,County Ground,2,3.1,India,West Indies,S Mandhana,DB Sharma,DJS Dottin,1,0,,,,,,,,,
1085951,2017,2017-06-29,County Ground,2,3.2,India,West Indies,DB Sharma,S Mandhana,DJS Dottin,0,0,,,,,,,,,
1085951,2017,2017-06-29,County Ground,2,3.3,India,West Indies,DB Sharma,S Mandhana,DJS Dottin,0,0,,,,,,,,,
1085951,2017,2017-06-29,County Ground,2,3.4,India,West Indies,DB Sharma,S Mandhana,DJS Dottin,0,0,,,,,,,,,
1085951,2017,2017-06-29,County Ground,2,3.5,India,West Indies,DB Sharma,S Mandhana,DJS Dottin,0,1,,1,,,,,,,
1085951,2017,2017-06-29,County Ground,2,3.6,India,West Indies,DB Sharma,S Mandhana,DJS Dottin,4,0,,,,,,,,,
1085951,2017,2017-06-29,County Ground,2,3.7,India,West Indies,DB Sharma,S Mandhana,DJS Dottin,0,0,,,,,,,,,
1085951,2017,2017-06-29,County Ground,2,4.1,India,West Indies,S Mandhana,DB Sharma,SS Connell,0,0,,,,,,,,,
1085951,2017,2017-06-29,County Ground,2,4.2,India,West Indies,S Mandhana,DB Sharma,SS Connell,0,0,,,,,,,,,
1085951,2017,2017-06-29,County Ground,2,4.3,India,West Indies,S Mandhana,DB Sharma,SS Connell,6,0,,,,,,,,,
1085951,2017,2017-06-29,County Ground,2,4.4,India,West Indies,S Mandhana,DB Sharma,SS Connell,0,0,,,,,,,,,
1085951,2017,2017-06-29,County Ground,2,4.5,India,West Indies,S Mandhana,DB Sharma,SS Connell,4,0,,,,,,,,,
1085951,2017,2017-06-29,County Ground,2,4.6,India,West Indies,S Mandhana,DB Sharma,SS Connell,0,0,,,,,,,,,
1085951,2017,2017-06-29,County Ground,2,5.1,India,West Indies,DB Sharma,S Mandhana,SR Taylor,0,0,,,,,,,,,
1085951,2017,2017-06-29,County Ground,2,5.2,India,West Indies,DB Sharma,S Mandhana,SR Taylor,0,0,,,,,,,,,
1085951,2017,2017-06-29,County Ground,2,5.3,India,West Indies,DB Sharma,S Mandhana,SR Taylor,0,0,,,,,,,,,
1085951,2017,2017-06-29,County Ground,2,5.4,India,West Indies,DB Sharma,S Mandhana,SR Taylor,0,0,,,,,,,,,
1085951,2017,2017-06-29,County Ground,2,5.5,India,West Indies,DB Sharma,S Mandhana,SR Taylor,0,0,,,,,,,,,
1085951,2017,2017-06-29,County Ground,2,5.6,India,West Indies,DB Sharma,S Mandhana,SR Taylor,0,1,1,,,,,,,,
1085951,2017,2017-06-29,County Ground,2,5.7,India,West Indies,DB Sharma,S Mandhana,SR Taylor,0,0,,,,,,,,,
1085951,2017,2017-06-29,County Ground,2,6.1,India,West Indies,S Mandhana,DB Sharma,SS Connell,4,0,,,,,,,,,
1085951,2017,2017-06-29,County Ground,2,6.2,India,West Indies,S Mandhana,DB Sharma,SS Connell,0,0,,,,,,,,,
1085951,2017,2017-06-29,County Ground,2,6.3,India,West Indies,S Mandhana,DB Sharma,SS Connell,1,0,,,,,,,,,
1085951,2017,2017-06-29,County Ground,2,6.4,India,West Indies,DB Sharma,S Mandhana,SS Connell,0,0,,,,,,,,,
1085951,2017,2017-06-29,County Ground,2,6.5,India,West Indies,DB Sharma,S Mandhana,SS Connell,1,0,,,,,,,,,
1085951,2017,2017-06-29,County Ground,2,6.6,India,West Indies,S Mandhana,DB Sharma,SS Connell,0,0,,,,,,,,,
1085951,2017,2017-06-29,County Ground,2,7.1,India,West Indies,DB Sharma,S Mandhana,SR Taylor,0,0,,,,,,,,,
1085951,2017,2017-06-29,County Ground,2,7.2,India,West Indies,DB Sharma,S Mandhana,SR Taylor,0,0,,,,,,bowled,DB Sharma,,
1085951,2017,2017-06-29,County Ground,2,7.3,India,West Indies,M Raj,S Mandhana,SR Taylor,0,0,,,,,,,,,
1085951,2017,2017-06-29,County Ground,2,7.4,India,West Indies,M Raj,S Mandhana,SR Taylor,0,0,,,,,,,,,
1085951,2017,2017-06-29,County Ground,2,7.5,India,West Indies,M Raj,S Mandhana,SR Taylor,0,0,,,,,,,,,
1085951,2017,2017-06-29,County Ground,2,7.6,India,West Indies,M Raj,S Mandhana,SR Taylor,0,0,,,,,,,,,
1085951,2017,2017-06-29,County Ground,2,8.1,India,West Indies,S Mandhana,M Raj,SF Daley,1,0,,,,,,,,,
1085951,2017,2017-06-29,County Ground,2,8.2,India,West Indies,M Raj,S Mandhana,SF Daley,1,0,,,,,,,,,
1085951,2017,2017-06-29,County Ground,2,8.3,India,West Indies,S Mandhana,M Raj,SF Daley,0,0,,,,,,,,,
1085951,2017,2017-06-29,County Ground,2,8.4,India,West Indies,S Mandhana,M Raj,SF Daley,0,0,,,,,,,,,
1085951,2017,2017-06-29,County Ground,2,8.5,India,West Indies,S Mandhana,M Raj,SF Daley,0,0,,,,,,,,,
1085951,2017,2017-06-29,County Ground,2,8.6,India,West Indies,S Mandhana,M Raj,SF Daley,0,0,,,,,,,,,
1085951,2017,2017-06-29,County Ground,2,9.1,India,West Indies,M Raj,S Mandhana,SR Taylor,2,0,,,,,,,,,
1085951,2017,2017-06-29,County Ground,2,9.2,India,West Indies,M Raj,S Mandhana,SR Taylor,1,0,,,,,,,,,
1085951,2017,2017-06-29,County Ground,2,9.3,India,West Indies,S Mandhana,M Raj,SR Taylor,0,0,,,,,,,,,
1085951,2017,2017-06-29,County Ground,2,9.4,India,West Indies,S Mandhana,M Raj,SR Taylor,0,0,,,,,,,,,
1085951,2017,2017-06-29,County Ground,2,9.5,India,West Indies,S Mandhana,M Raj,SR Taylor,0,0,,,,,,,,,
1085951,2017,2017-06-29,County Ground,2,9.6,India,West Indies,S Mandhana,M Raj,SR Taylor,4,0,,,,,,,,,
1085951,2017,2017-06-29,County Ground,2,10.1,India,West Indies,M Raj,S Mandhana,SF Daley,0,0,,,,,,,,,
1085951,2017,2017-06-29,County Ground,2,10.2,India,West Indies,M Raj,S Mandhana,SF Daley,0,0,,,,,,,,,
1085951,2017,2017-06-29,County Ground,2,10.3,India,West Indies,M Raj,S Mandhana,SF Daley,0,0,,,,,,,,,
1085951,2017,2017-06-29,County Ground,2,10.4,India,West Indies,M Raj,S Mandhana,SF Daley,0,0,,,,,,,,,
1085951,2017,2017-06-29,County Ground,2,10.5,India,West Indies,M Raj,S Mandhana,SF Daley,0,0,,,,,,,,,
1085951,2017,2017-06-29,County Ground,2,10.6,India,West Indies,M Raj,S Mandhana,SF Daley,1,0,,,,,,,,,
1085951,2017,2017-06-29,County Ground,2,11.1,India,West Indies,M Raj,S Mandhana,SR Taylor,0,0,,,,,,,,,
1085951,2017,2017-06-29,County Ground,2,11.2,India,West Indies,M Raj,S Mandhana,SR Taylor,0,0,,,,,,,,,
1085951,2017,2017-06-29,County Ground,2,11.3,India,West Indies,M Raj,S Mandhana,SR Taylor,0,0,,,,,,,,,
1085951,2017,2017-06-29,County Ground,2,11.4,India,West Indies,M Raj,S Mandhana,SR Taylor,0,0,,,,,,,,,
1085951,2017,2017-06-29,County Ground,2,11.5,India,West Indies,M Raj,S Mandhana,SR Taylor,1,0,,,,,,,,,
1085951,2017,2017-06-29,County Ground,2,11.6,India,West Indies,S Mandhana,M Raj,SR Taylor,0,0,,,,,,,,,
1085951,2017,2017-06-29,County Ground,2,12.1,India,West Indies,M Raj,S Mandhana,SF Daley,1,0,,,,,,,,,
1085951,2017,2017-06-29,County Ground,2,12.2,India,West Indies,S Mandhana,M Raj,SF Daley,0,1,1,,,,,,,,
1085951,2017,2017-06-29,County Ground,2,12.3,India,West Indies,S Mandhana,M Raj,SF Daley,1,0,,,,,,,,,
1085951,2017,2017-06-29,County Ground,2,12.4,India,West Indies,M Raj,S Mandhana,SF Daley,0,0,,,,,,,,,
1085951,2017,2017-06-29,County Ground,2,12.5,India,West Indies,M Raj,S Mandhana,SF Daley,0,0,,,,,,,,,
1085951,2017,2017-06-29,County Ground,2,12.6,India,West Indies,M Raj,S Mandhana,SF Daley,0,0,,,,,,,,,
1085951,2017,2017-06-29,County Ground,2,12.7,India,West Indies,M Raj,S Mandhana,SF Daley,1,0,,,,,,,,,
1085951,2017,2017-06-29,County Ground,2,13.1,India,West Indies,M Raj,S Mandhana,SR Taylor,1,0,,,,,,,,,
1085951,2017,2017-06-29,County Ground,2,13.2,India,West Indies,S Mandhana,M Raj,SR Taylor,0,0,,,,,,,,,
1085951,2017,2017-06-29,County Ground,2,13.3,India,West Indies,S Mandhana,M Raj,SR Taylor,0,0,,,,,,,,,
1085951,2017,2017-06-29,County Ground,2,13.4,India,West Indies,S Mandhana,M Raj,SR Taylor,1,0,,,,,,,,,
1085951,2017,2017-06-29,County Ground,2,13.5,India,West Indies,M Raj,S Mandhana,SR Taylor,0,0,,,,,,,,,
1085951,2017,2017-06-29,County Ground,2,13.6,India,West Indies,M Raj,S Mandhana,SR Taylor,0,0,,,,,,,,,
1085951,2017,2017-06-29,County Ground,2,14.1,India,West Indies,S Mandhana,M Raj,SF Daley,0,1,1,,,,,,,,
1085951,2017,2017-06-29,County Ground,2,14.2,India,West Indies,S Mandhana,M Raj,SF Daley,0,0,,,,,,,,,
1085951,2017,2017-06-29,County Ground,2,14.3,India,West Indies,S Mandhana,M Raj,SF Daley,0,0,,,,,,,,,
1085951,2017,2017-06-29,County Ground,2,14.4,India,West Indies,S Mandhana,M Raj,SF Daley,4,0,,,,,,,,,
1085951,2017,2017-06-29,County Ground,2,14.5,India,West Indies,S Mandhana,M Raj,SF Daley,1,0,,,,,,,,,
1085951,2017,2017-06-29,County Ground,2,14.6,India,West Indies,M Raj,S Mandhana,SF Daley,0,0,,,,,,,,,
1085951,2017,2017-06-29,County Ground,2,14.7,India,West Indies,M Raj,S Mandhana,SF Daley,0,0,,,,,,,,,
1085951,2017,2017-06-29,County Ground,2,15.1,India,West Indies,S Mandhana,M Raj,A Mohammed,1,0,,,,,,,,,
1085951,2017,2017-06-29,County Ground,2,15.2,India,West Indies,M Raj,S Mandhana,A Mohammed,2,0,,,,,,,,,
1085951,2017,2017-06-29,County Ground,2,15.3,India,West Indies,M Raj,S Mandhana,A Mohammed,0,0,,,,,,,,,
1085951,2017,2017-06-29,County Ground,2,15.4,India,West Indies,M Raj,S Mandhana,A Mohammed,0,0,,,,,,,,,
1085951,2017,2017-06-29,County Ground,2,15.5,India,West Indies,M Raj,S Mandhana,A Mohammed,0,0,,,,,,,,,
1085951,2017,2017-06-29,County Ground,2,15.6,India,West Indies,M Raj,S Mandhana,A Mohammed,0,0,,,,,,,,,
1085951,2017,2017-06-29,County Ground,2,16.1,India,West Indies,S Mandhana,M Raj,ASS Fletcher,0,0,,,,,,,,,
1085951,2017,2017-06-29,County Ground,2,16.2,India,West Indies,S Mandhana,M Raj,ASS Fletcher,1,0,,,,,,,,,
1085951,2017,2017-06-29,County Ground,2,16.3,India,West Indies,M Raj,S Mandhana,ASS Fletcher,1,0,,,,,,,,,
1085951,2017,2017-06-29,County Ground,2,16.4,India,West Indies,S Mandhana,M Raj,ASS Fletcher,2,0,,,,,,,,,
1085951,2017,2017-06-29,County Ground,2,16.5,India,West Indies,S Mandhana,M Raj,ASS Fletcher,1,0,,,,,,,,,
1085951,2017,2017-06-29,County Ground,2,16.6,India,West Indies,M Raj,S Mandhana,ASS Fletcher,0,0,,,,,,,,,
1085951,2017,2017-06-29,County Ground,2,17.1,India,West Indies,S Mandhana,M Raj,A Mohammed,1,0,,,,,,,,,
1085951,2017,2017-06-29,County Ground,2,17.2,India,West Indies,M Raj,S Mandhana,A Mohammed,0,0,,,,,,,,,
1085951,2017,2017-06-29,County Ground,2,17.3,India,West Indies,M Raj,S Mandhana,A Mohammed,1,0,,,,,,,,,
1085951,2017,2017-06-29,County Ground,2,17.4,India,West Indies,S Mandhana,M Raj,A Mohammed,0,0,,,,,,,,,
1085951,2017,2017-06-29,County Ground,2,17.5,India,West Indies,S Mandhana,M Raj,A Mohammed,1,0,,,,,,,,,
1085951,2017,2017-06-29,County Ground,2,17.6,India,West Indies,M Raj,S Mandhana,A Mohammed,4,0,,,,,,,,,
1085951,2017,2017-06-29,County Ground,2,18.1,India,West Indies,S Mandhana,M Raj,ASS Fletcher,0,0,,,,,,,,,
1085951,2017,2017-06-29,County Ground,2,18.2,India,West Indies,S Mandhana,M Raj,ASS Fletcher,0,0,,,,,,,,,
1085951,2017,2017-06-29,County Ground,2,18.3,India,West Indies,S Mandhana,M Raj,ASS Fletcher,0,0,,,,,,,,,
1085951,2017,2017-06-29,County Ground,2,18.4,India,West Indies,S Mandhana,M Raj,ASS Fletcher,0,0,,,,,,,,,
1085951,2017,2017-06-29,County Ground,2,18.5,India,West Indies,S Mandhana,M Raj,ASS Fletcher,0,0,,,,,,,,,
1085951,2017,2017-06-29,County Ground,2,18.6,India,West Indies,S Mandhana,M Raj,ASS Fletcher,1,0,,,,,,,,,
1085951,2017,2017-06-29,County Ground,2,19.1,India,West Indies,S Mandhana,M Raj,A Mohammed,0,0,,,,,,,,,
1085951,2017,2017-06-29,County Ground,2,19.2,India,West Indies,S Mandhana,M Raj,A Mohammed,1,0,,,,,,,,,
1085951,2017,2017-06-29,County Ground,2,19.3,India,West Indies,M Raj,S Mandhana,A Mohammed,0,0,,,,,,,,,
1085951,2017,2017-06-29,County Ground,2,19.4,India,West Indies,M Raj,S Mandhana,A Mohammed,0,0,,,,,,,,,
1085951,2017,2017-06-29,County Ground,2,19.5,India,West Indies,M Raj,S Mandhana,A Mohammed,0,0,,,,,,,,,
1085951,2017,2017-06-29,County Ground,2,19.6,India,West Indies,M Raj,S Mandhana,A Mohammed,1,0,,,,,,,,,
1085951,2017,2017-06-29,County Ground,2,20.1,India,West Indies,M Raj,S Mandhana,ASS Fletcher,0,0,,,,,,,,,
1085951,2017,2017-06-29,County Ground,2,20.2,India,West Indies,M Raj,S Mandhana,ASS Fletcher,0,0,,,,,,,,,
1085951,2017,2017-06-29,County Ground,2,20.3,India,West Indies,M Raj,S Mandhana,ASS Fletcher,1,0,,,,,,,,,
1085951,2017,2017-06-29,County Ground,2,20.4,India,West Indies,S Mandhana,M Raj,ASS Fletcher,4,0,,,,,,,,,
1085951,2017,2017-06-29,County Ground,2,20.5,India,West Indies,S Mandhana,M Raj,ASS Fletcher,0,0,,,,,,,,,
1085951,2017,2017-06-29,County Ground,2,20.6,India,West Indies,S Mandhana,M Raj,ASS Fletcher,0,0,,,,,,,,,
1085951,2017,2017-06-29,County Ground,2,21.1,India,West Indies,M Raj,S Mandhana,DJS Dottin,0,0,,,,,,,,,
1085951,2017,2017-06-29,County Ground,2,21.2,India,West Indies,M Raj,S Mandhana,DJS Dottin,0,0,,,,,,,,,
1085951,2017,2017-06-29,County Ground,2,21.3,India,West Indies,M Raj,S Mandhana,DJS Dottin,0,0,,,,,,,,,
1085951,2017,2017-06-29,County Ground,2,21.4,India,West Indies,M Raj,S Mandhana,DJS Dottin,2,0,,,,,,,,,
1085951,2017,2017-06-29,County Ground,2,21.5,India,West Indies,M Raj,S Mandhana,DJS Dottin,1,0,,,,,,,,,
1085951,2017,2017-06-29,County Ground,2,21.6,India,West Indies,S Mandhana,M Raj,DJS Dottin,1,0,,,,,,,,,
1085951,2017,2017-06-29,County Ground,2,22.1,India,West Indies,S Mandhana,M Raj,SR Taylor,0,0,,,,,,,,,
1085951,2017,2017-06-29,County Ground,2,22.2,India,West Indies,S Mandhana,M Raj,SR Taylor,1,0,,,,,,,,,
1085951,2017,2017-06-29,County Ground,2,22.3,India,West Indies,M Raj,S Mandhana,SR Taylor,0,0,,,,,,,,,
1085951,2017,2017-06-29,County Ground,2,22.4,India,West Indies,M Raj,S Mandhana,SR Taylor,0,0,,,,,,,,,
1085951,2017,2017-06-29,County Ground,2,22.5,India,West Indies,M Raj,S Mandhana,SR Taylor,0,0,,,,,,,,,
1085951,2017,2017-06-29,County Ground,2,22.6,India,West Indies,M Raj,S Mandhana,SR Taylor,1,0,,,,,,,,,
1085951,2017,2017-06-29,County Ground,2,23.1,India,West Indies,M Raj,S Mandhana,CN Nation,0,0,,,,,,,,,
1085951,2017,2017-06-29,County Ground,2,23.2,India,West Indies,M Raj,S Mandhana,CN Nation,2,0,,,,,,,,,
1085951,2017,2017-06-29,County Ground,2,23.3,India,West Indies,M Raj,S Mandhana,CN Nation,0,0,,,,,,,,,
1085951,2017,2017-06-29,County Ground,2,23.4,India,West Indies,M Raj,S Mandhana,CN Nation,1,0,,,,,,,,,
1085951,2017,2017-06-29,County Ground,2,23.5,India,West Indies,S Mandhana,M Raj,CN Nation,6,0,,,,,,,,,
1085951,2017,2017-06-29,County Ground,2,23.6,India,West Indies,S Mandhana,M Raj,CN Nation,0,0,,,,,,,,,
1085951,2017,2017-06-29,County Ground,2,24.1,India,West Indies,M Raj,S Mandhana,SR Taylor,1,0,,,,,,,,,
1085951,2017,2017-06-29,County Ground,2,24.2,India,West Indies,S Mandhana,M Raj,SR Taylor,0,0,,,,,,,,,
1085951,2017,2017-06-29,County Ground,2,24.3,India,West Indies,S Mandhana,M Raj,SR Taylor,0,0,,,,,,,,,
1085951,2017,2017-06-29,County Ground,2,24.4,India,West Indies,S Mandhana,M Raj,SR Taylor,1,0,,,,,,,,,
1085951,2017,2017-06-29,County Ground,2,24.5,India,West Indies,M Raj,S Mandhana,SR Taylor,0,0,,,,,,,,,
1085951,2017,2017-06-29,County Ground,2,24.6,India,West Indies,M Raj,S Mandhana,SR Taylor,0,0,,,,,,,,,
1085951,2017,2017-06-29,County Ground,2,25.1,India,West Indies,S Mandhana,M Raj,HK Matthews,1,0,,,,,,,,,
1085951,2017,2017-06-29,County Ground,2,25.2,India,West Indies,M Raj,S Mandhana,HK Matthews,1,0,,,,,,,,,
1085951,2017,2017-06-29,County Ground,2,25.3,India,West Indies,S Mandhana,M Raj,HK Matthews,1,0,,,,,,,,,
1085951,2017,2017-06-29,County Ground,2,25.4,India,West Indies,M Raj,S Mandhana,HK Matthews,0,2,,,2,,,,,,
1085951,2017,2017-06-29,County Ground,2,25.5,India,West Indies,M Raj,S Mandhana,HK Matthews,0,0,,,,,,,,,
1085951,2017,2017-06-29,County Ground,2,25.6,India,West Indies,M Raj,S Mandhana,HK Matthews,0,0,,,,,,,,,
1085951,2017,2017-06-29,County Ground,2,26.1,India,West Indies,S Mandhana,M Raj,A Mohammed,0,0,,,,,,,,,
1085951,2017,2017-06-29,County Ground,2,26.2,India,West Indies,S Mandhana,M Raj,A Mohammed,1,0,,,,,,,,,
1085951,2017,2017-06-29,County Ground,2,26.3,India,West Indies,M Raj,S Mandhana,A Mohammed,1,0,,,,,,,,,
1085951,2017,2017-06-29,County Ground,2,26.4,India,West Indies,S Mandhana,M Raj,A Mohammed,0,1,,,1,,,,,,
1085951,2017,2017-06-29,County Ground,2,26.5,India,West Indies,M Raj,S Mandhana,A Mohammed,0,0,,,,,,,,,
1085951,2017,2017-06-29,County Ground,2,26.6,India,West Indies,M Raj,S Mandhana,A Mohammed,1,0,,,,,,,,,
1085951,2017,2017-06-29,County Ground,2,27.1,India,West Indies,M Raj,S Mandhana,HK Matthews,0,0,,,,,,,,,
1085951,2017,2017-06-29,County Ground,2,27.2,India,West Indies,M Raj,S Mandhana,HK Matthews,1,0,,,,,,,,,
1085951,2017,2017-06-29,County Ground,2,27.3,India,West Indies,S Mandhana,M Raj,HK Matthews,1,0,,,,,,,,,
1085951,2017,2017-06-29,County Ground,2,27.4,India,West Indies,M Raj,S Mandhana,HK Matthews,0,0,,,,,,,,,
1085951,2017,2017-06-29,County Ground,2,27.5,India,West Indies,M Raj,S Mandhana,HK Matthews,0,0,,,,,,,,,
1085951,2017,2017-06-29,County Ground,2,27.6,India,West Indies,M Raj,S Mandhana,HK Matthews,1,0,,,,,,,,,
1085951,2017,2017-06-29,County Ground,2,28.1,India,West Indies,M Raj,S Mandhana,A Mohammed,4,0,,,,,,,,,
1085951,2017,2017-06-29,County Ground,2,28.2,India,West Indies,M Raj,S Mandhana,A Mohammed,1,0,,,,,,,,,
1085951,2017,2017-06-29,County Ground,2,28.3,India,West Indies,S Mandhana,M Raj,A Mohammed,0,0,,,,,,,,,
1085951,2017,2017-06-29,County Ground,2,28.4,India,West Indies,S Mandhana,M Raj,A Mohammed,0,0,,,,,,,,,
1085951,2017,2017-06-29,County Ground,2,28.5,India,West Indies,S Mandhana,M Raj,A Mohammed,1,0,,,,,,,,,
1085951,2017,2017-06-29,County Ground,2,28.6,India,West Indies,M Raj,S Mandhana,A Mohammed,0,0,,,,,,,,,
1085951,2017,2017-06-29,County Ground,2,29.1,India,West Indies,S Mandhana,M Raj,HK Matthews,4,0,,,,,,,,,
1085951,2017,2017-06-29,County Ground,2,29.2,India,West Indies,S Mandhana,M Raj,HK Matthews,0,0,,,,,,,,,
1085951,2017,2017-06-29,County Ground,2,29.3,India,West Indies,S Mandhana,M Raj,HK Matthews,0,0,,,,,,,,,
1085951,2017,2017-06-29,County Ground,2,29.4,India,West Indies,S Mandhana,M Raj,HK Matthews,1,0,,,,,,,,,
1085951,2017,2017-06-29,County Ground,2,29.5,India,West Indies,M Raj,S Mandhana,HK Matthews,4,0,,,,,,,,,
1085951,2017,2017-06-29,County Ground,2,29.6,India,West Indies,M Raj,S Mandhana,HK Matthews,0,0,,,,,,,,,
1085951,2017,2017-06-29,County Ground,2,30.1,India,West Indies,S Mandhana,M Raj,SF Daley,0,0,,,,,,,,,
1085951,2017,2017-06-29,County Ground,2,30.2,India,West Indies,S Mandhana,M Raj,SF Daley,4,0,,,,,,,,,
1085951,2017,2017-06-29,County Ground,2,30.3,India,West Indies,S Mandhana,M Raj,SF Daley,1,0,,,,,,,,,
1085951,2017,2017-06-29,County Ground,2,30.4,India,West Indies,M Raj,S Mandhana,SF Daley,1,0,,,,,,,,,
1085951,2017,2017-06-29,County Ground,2,30.5,India,West Indies,S Mandhana,M Raj,SF Daley,4,0,,,,,,,,,
1085951,2017,2017-06-29,County Ground,2,30.6,India,West Indies,S Mandhana,M Raj,SF Daley,1,0,,,,,,,,,
1085951,2017,2017-06-29,County Ground,2,31.1,India,West Indies,S Mandhana,M Raj,HK Matthews,0,0,,,,,,,,,
1085951,2017,2017-06-29,County Ground,2,31.2,India,West Indies,S Mandhana,M Raj,HK Matthews,0,0,,,,,,,,,
1085951,2017,2017-06-29,County Ground,2,31.3,India,West Indies,S Mandhana,M Raj,HK Matthews,1,0,,,,,,,,,
1085951,2017,2017-06-29,County Ground,2,31.4,India,West Indies,M Raj,S Mandhana,HK Matthews,0,0,,,,,,,,,
1085951,2017,2017-06-29,County Ground,2,31.5,India,West Indies,M Raj,S Mandhana,HK Matthews,2,0,,,,,,,,,
1085951,2017,2017-06-29,County Ground,2,31.6,India,West Indies,M Raj,S Mandhana,HK Matthews,1,0,,,,,,,,,
1085951,2017,2017-06-29,County Ground,2,32.1,India,West Indies,M Raj,S Mandhana,SR Taylor,0,0,,,,,,,,,
1085951,2017,2017-06-29,County Ground,2,32.2,India,West Indies,M Raj,S Mandhana,SR Taylor,1,0,,,,,,,,,
1085951,2017,2017-06-29,County Ground,2,32.3,India,West Indies,S Mandhana,M Raj,SR Taylor,1,0,,,,,,,,,
1085951,2017,2017-06-29,County Ground,2,32.4,India,West Indies,M Raj,S Mandhana,SR Taylor,0,0,,,,,,,,,
1085951,2017,2017-06-29,County Ground,2,32.5,India,West Indies,M Raj,S Mandhana,SR Taylor,0,0,,,,,,,,,
1085951,2017,2017-06-29,County Ground,2,32.6,India,West Indies,M Raj,S Mandhana,SR Taylor,0,0,,,,,,,,,
1085951,2017,2017-06-29,County Ground,2,33.1,India,West Indies,S Mandhana,M Raj,HK Matthews,1,0,,,,,,,,,
1085951,2017,2017-06-29,County Ground,2,33.2,India,West Indies,M Raj,S Mandhana,HK Matthews,0,0,,,,,,caught,M Raj,,
1085951,2017,2017-06-29,County Ground,2,33.3,India,West Indies,MR Meshram,S Mandhana,HK Matthews,0,0,,,,,,,,,
1085951,2017,2017-06-29,County Ground,2,33.4,India,West Indies,MR Meshram,S Mandhana,HK Matthews,0,0,,,,,,,,,
1085951,2017,2017-06-29,County Ground,2,33.5,India,West Indies,MR Meshram,S Mandhana,HK Matthews,0,0,,,,,,,,,
1085951,2017,2017-06-29,County Ground,2,33.6,India,West Indies,MR Meshram,S Mandhana,HK Matthews,0,0,,,,,,,,,
1085951,2017,2017-06-29,County Ground,2,34.1,India,West Indies,S Mandhana,MR Meshram,ASS Fletcher,4,0,,,,,,,,,
1085951,2017,2017-06-29,County Ground,2,34.2,India,West Indies,S Mandhana,MR Meshram,ASS Fletcher,1,0,,,,,,,,,
1085951,2017,2017-06-29,County Ground,2,34.3,India,West Indies,MR Meshram,S Mandhana,ASS Fletcher,0,0,,,,,,,,,
1085951,2017,2017-06-29,County Ground,2,34.4,India,West Indies,MR Meshram,S Mandhana,ASS Fletcher,0,0,,,,,,,,,
1085951,2017,2017-06-29,County Ground,2,34.5,India,West Indies,MR Meshram,S Mandhana,ASS Fletcher,1,0,,,,,,,,,
1085951,2017,2017-06-29,County Ground,2,34.6,India,West Indies,S Mandhana,MR Meshram,ASS Fletcher,1,0,,,,,,,,,
1085951,2017,2017-06-29,County Ground,2,35.1,India,West Indies,S Mandhana,MR Meshram,HK Matthews,0,0,,,,,,,,,
1085951,2017,2017-06-29,County Ground,2,35.2,India,West Indies,S Mandhana,MR Meshram,HK Matthews,1,0,,,,,,,,,
1085951,2017,2017-06-29,County Ground,2,35.3,India,West Indies,MR Meshram,S Mandhana,HK Matthews,0,0,,,,,,,,,
1085951,2017,2017-06-29,County Ground,2,35.4,India,West Indies,MR Meshram,S Mandhana,HK Matthews,0,0,,,,,,,,,
1085951,2017,2017-06-29,County Ground,2,35.5,India,West Indies,MR Meshram,S Mandhana,HK Matthews,0,0,,,,,,,,,
1085951,2017,2017-06-29,County Ground,2,35.6,India,West Indies,MR Meshram,S Mandhana,HK Matthews,0,0,,,,,,,,,
1085951,2017,2017-06-29,County Ground,2,36.1,India,West Indies,S Mandhana,MR Meshram,SR Taylor,0,0,,,,,,,,,
1085951,2017,2017-06-29,County Ground,2,36.2,India,West Indies,S Mandhana,MR Meshram,SR Taylor,0,0,,,,,,,,,
1085951,2017,2017-06-29,County Ground,2,36.3,India,West Indies,S Mandhana,MR Meshram,SR Taylor,0,0,,,,,,,,,
1085951,2017,2017-06-29,County Ground,2,36.4,India,West Indies,S Mandhana,MR Meshram,SR Taylor,0,0,,,,,,,,,
1085951,2017,2017-06-29,County Ground,2,36.5,India,West Indies,S Mandhana,MR Meshram,SR Taylor,1,0,,,,,,,,,
1085951,2017,2017-06-29,County Ground,2,36.6,India,West Indies,MR Meshram,S Mandhana,SR Taylor,1,0,,,,,,,,,
1085951,2017,2017-06-29,County Ground,2,37.1,India,West Indies,MR Meshram,S Mandhana,HK Matthews,0,0,,,,,,,,,
1085951,2017,2017-06-29,County Ground,2,37.2,India,West Indies,MR Meshram,S Mandhana,HK Matthews,0,0,,,,,,,,,
1085951,2017,2017-06-29,County Ground,2,37.3,India,West Indies,MR Meshram,S Mandhana,HK Matthews,0,0,,,,,,,,,
1085951,2017,2017-06-29,County Ground,2,37.4,India,West Indies,MR Meshram,S Mandhana,HK Matthews,2,0,,,,,,,,,
1085951,2017,2017-06-29,County Ground,2,37.5,India,West Indies,MR Meshram,S Mandhana,HK Matthews,0,0,,,,,,,,,
1085951,2017,2017-06-29,County Ground,2,37.6,India,West Indies,MR Meshram,S Mandhana,HK Matthews,1,0,,,,,,,,,
1085951,2017,2017-06-29,County Ground,2,38.1,India,West Indies,MR Meshram,S Mandhana,DJS Dottin,4,0,,,,,,,,,
1085951,2017,2017-06-29,County Ground,2,38.2,India,West Indies,MR Meshram,S Mandhana,DJS Dottin,1,0,,,,,,,,,
1085951,2017,2017-06-29,County Ground,2,38.3,India,West Indies,S Mandhana,MR Meshram,DJS Dottin,4,0,,,,,,,,,
1085951,2017,2017-06-29,County Ground,2,38.4,India,West Indies,S Mandhana,MR Meshram,DJS Dottin,0,1,1,,,,,,,,
1085951,2017,2017-06-29,County Ground,2,38.5,India,West Indies,S Mandhana,MR Meshram,DJS Dottin,1,0,,,,,,,,,
1085951,2017,2017-06-29,County Ground,2,38.6,India,West Indies,MR Meshram,S Mandhana,DJS Dottin,1,0,,,,,,,,,
1085951,2017,2017-06-29,County Ground,2,38.7,India,West Indies,S Mandhana,MR Meshram,DJS Dottin,0,0,,,,,,,,,
1085951,2017,2017-06-29,County Ground,2,39.1,India,West Indies,MR Meshram,S Mandhana,A Mohammed,1,0,,,,,,,,,
1085951,2017,2017-06-29,County Ground,2,39.2,India,West Indies,S Mandhana,MR Meshram,A Mohammed,0,0,,,,,,,,,
1085951,2017,2017-06-29,County Ground,2,39.3,India,West Indies,S Mandhana,MR Meshram,A Mohammed,0,0,,,,,,,,,
1085951,2017,2017-06-29,County Ground,2,39.4,India,West Indies,S Mandhana,MR Meshram,A Mohammed,1,0,,,,,,,,,
1085951,2017,2017-06-29,County Ground,2,39.5,India,West Indies,MR Meshram,S Mandhana,A Mohammed,1,0,,,,,,,,,
1085951,2017,2017-06-29,County Ground,2,39.6,India,West Indies,S Mandhana,MR Meshram,A Mohammed,1,0,,,,,,,,,
1085951,2017,2017-06-29,County Ground,2,40.1,India,West Indies,S Mandhana,MR Meshram,HK Matthews,1,0,,,,,,,,,
1085951,2017,2017-06-29,County Ground,2,40.2,India,West Indies,MR Meshram,S Mandhana,HK Matthews,0,0,,,,,,,,,
1085951,2017,2017-06-29,County Ground,2,40.3,India,West Indies,MR Meshram,S Mandhana,HK Matthews,4,0,,,,,,,,,
1085951,2017,2017-06-29,County Ground,2,40.4,India,West Indies,MR Meshram,S Mandhana,HK Matthews,0,0,,,,,,,,,
1085951,2017,2017-06-29,County Ground,2,40.5,India,West Indies,MR Meshram,S Mandhana,HK Matthews,0,0,,,,,,,,,
1085951,2017,2017-06-29,County Ground,2,40.6,India,West Indies,MR Meshram,S Mandhana,HK Matthews,0,0,,,,,,,,,
1085951,2017,2017-06-29,County Ground,2,41.1,India,West Indies,S Mandhana,MR Meshram,SR Taylor,0,0,,,,,,,,,
1085951,2017,2017-06-29,County Ground,2,41.2,India,West Indies,S Mandhana,MR Meshram,SR Taylor,4,0,,,,,,,,,
1085951,2017,2017-06-29,County Ground,2,41.3,India,West Indies,S Mandhana,MR Meshram,SR Taylor,1,0,,,,,,,,,
1085951,2017,2017-06-29,County Ground,2,41.4,India,West Indies,MR Meshram,S Mandhana,SR Taylor,0,0,,,,,,,,,
1085951,2017,2017-06-29,County Ground,2,41.5,India,West Indies,MR Meshram,S Mandhana,SR Taylor,0,0,,,,,,,,,
1085951,2017,2017-06-29,County Ground,2,41.6,India,West Indies,MR Meshram,S Mandhana,SR Taylor,0,0,,,,,,,,,
1085951,2017,2017-06-29,County Ground,2,42.1,India,West Indies,S Mandhana,MR Meshram,HK Matthews,1,0,,,,,,,,,
1085951,2017,2017-06-29,County Ground,2,42.2,India,West Indies,MR Meshram,S Mandhana,HK Matthews,1,0,,,,,,,,,
1085951,2017,2017-06-29,County Ground,2,42.3,India,West Indies,S Mandhana,MR Meshram,HK Matthews,4,0,,,,,,,,,
