match_id,season,start_date,venue,innings,ball,batting_team,bowling_team,striker,non_striker,bowler,runs_off_bat,extras,wides,noballs,byes,legbyes,penalty,wicket_type,player_dismissed,other_wicket_type,other_player_dismissed
1085969,2017,2017-07-15,County Ground,1,0.1,Australia,South Africa,BL Mooney,NE Bolton,S Ismail,1,0,,,,,,,,,
1085969,2017,2017-07-15,County Ground,1,0.2,Australia,South Africa,NE Bolton,BL Mooney,S Ismail,0,0,,,,,,,,,
1085969,2017,2017-07-15,County Ground,1,0.3,Australia,South Africa,NE Bolton,BL Mooney,S Ismail,0,0,,,,,,,,,
1085969,2017,2017-07-15,County Ground,1,0.4,Australia,South Africa,NE Bolton,BL Mooney,S Ismail,0,0,,,,,,,,,
1085969,2017,2017-07-15,County Ground,1,0.5,Australia,South Africa,NE Bolton,BL Mooney,S Ismail,0,0,,,,,,,,,
1085969,2017,2017-07-15,County Ground,1,0.6,Australia,South Africa,NE Bolton,BL Mooney,S Ismail,0,0,,,,,,,,,
1085969,2017,2017-07-15,County Ground,1,1.1,Australia,South Africa,BL Mooney,NE Bolton,M Kapp,1,0,,,,,,,,,
1085969,2017,2017-07-15,County Ground,1,1.2,Australia,South Africa,NE Bolton,BL Mooney,M Kapp,0,0,,,,,,,,,
1085969,2017,2017-07-15,County Ground,1,1.3,Australia,South Africa,NE Bolton,BL Mooney,M Kapp,0,0,,,,,,,,,
1085969,2017,2017-07-15,County Ground,1,1.4,Australia,South Africa,NE Bolton,BL Mooney,M Kapp,0,0,,,,,,,,,
1085969,2017,2017-07-15,County Ground,1,1.5,Australia,South Africa,NE Bolton,BL Mooney,M Kapp,0,0,,,,,,,,,
1085969,2017,2017-07-15,County Ground,1,1.6,Australia,South Africa,NE Bolton,BL Mooney,M Kapp,0,0,,,,,,,,,
1085969,2017,2017-07-15,County Ground,1,2.1,Australia,South Africa,BL Mooney,NE Bolton,S Ismail,0,0,,,,,,,,,
1085969,2017,2017-07-15,County Ground,1,2.2,Australia,South Africa,BL Mooney,NE Bolton,S Ismail,0,0,,,,,,,,,
1085969,2017,2017-07-15,County Ground,1,2.3,Australia,South Africa,BL Mooney,NE Bolton,S Ismail,0,0,,,,,,,,,
1085969,2017,2017-07-15,County Ground,1,2.4,Australia,South Africa,BL Mooney,NE Bolton,S Ismail,0,0,,,,,,,,,
1085969,2017,2017-07-15,County Ground,1,2.5,Australia,South Africa,BL Mooney,NE Bolton,S Ismail,1,0,,,,,,,,,
1085969,2017,2017-07-15,County Ground,1,2.6,Australia,South Africa,NE Bolton,BL Mooney,S Ismail,0,0,,,,,,,,,
1085969,2017,2017-07-15,County Ground,1,3.1,Australia,South Africa,BL Mooney,NE Bolton,M Kapp,0,0,,,,,,,,,
1085969,2017,2017-07-15,County Ground,1,3.2,Australia,South Africa,BL Mooney,NE Bolton,M Kapp,0,0,,,,,,,,,
1085969,2017,2017-07-15,County Ground,1,3.3,Australia,South Africa,BL Mooney,NE Bolton,M Kapp,1,0,,,,,,,,,
1085969,2017,2017-07-15,County Ground,1,3.4,Australia,South Africa,NE Bolton,BL Mooney,M Kapp,1,0,,,,,,,,,
1085969,2017,2017-07-15,County Ground,1,3.5,Australia,South Africa,BL Mooney,NE Bolton,M Kapp,0,0,,,,,,,,,
1085969,2017,2017-07-15,County Ground,1,3.6,Australia,South Africa,BL Mooney,NE Bolton,M Kapp,1,0,,,,,,,,,
1085969,2017,2017-07-15,County Ground,1,4.1,Australia,South Africa,BL Mooney,NE Bolton,S Ismail,4,0,,,,,,,,,
1085969,2017,2017-07-15,County Ground,1,4.2,Australia,South Africa,BL Mooney,NE Bolton,S Ismail,0,0,,,,,,,,,
1085969,2017,2017-07-15,County Ground,1,4.3,Australia,South Africa,BL Mooney,NE Bolton,S Ismail,0,0,,,,,,,,,
1085969,2017,2017-07-15,County Ground,1,4.4,Australia,South Africa,BL Mooney,NE Bolton,S Ismail,1,0,,,,,,,,,
1085969,2017,2017-07-15,County Ground,1,4.5,Australia,South Africa,NE Bolton,BL Mooney,S Ismail,4,0,,,,,,,,,
1085969,2017,2017-07-15,County Ground,1,4.6,Australia,South Africa,NE Bolton,BL Mooney,S Ismail,0,0,,,,,,,,,
1085969,2017,2017-07-15,County Ground,1,5.1,Australia,South Africa,BL Mooney,NE Bolton,M Kapp,0,0,,,,,,,,,
1085969,2017,2017-07-15,County Ground,1,5.2,Australia,South Africa,BL Mooney,NE Bolton,M Kapp,0,0,,,,,,,,,
1085969,2017,2017-07-15,County Ground,1,5.3,Australia,South Africa,BL Mooney,NE Bolton,M Kapp,1,0,,,,,,,,,
1085969,2017,2017-07-15,County Ground,1,5.4,Australia,South Africa,NE Bolton,BL Mooney,M Kapp,0,0,,,,,,,,,
1085969,2017,2017-07-15,County Ground,1,5.5,Australia,South Africa,NE Bolton,BL Mooney,M Kapp,1,0,,,,,,,,,
1085969,2017,2017-07-15,County Ground,1,5.6,Australia,South Africa,BL Mooney,NE Bolton,M Kapp,4,0,,,,,,,,,
1085969,2017,2017-07-15,County Ground,1,6.1,Australia,South Africa,NE Bolton,BL Mooney,S Ismail,1,0,,,,,,,,,
1085969,2017,2017-07-15,County Ground,1,6.2,Australia,South Africa,BL Mooney,NE Bolton,S Ismail,0,0,,,,,,,,,
1085969,2017,2017-07-15,County Ground,1,6.3,Australia,South Africa,BL Mooney,NE Bolton,S Ismail,1,0,,,,,,,,,
1085969,2017,2017-07-15,County Ground,1,6.4,Australia,South Africa,NE Bolton,BL Mooney,S Ismail,1,0,,,,,,,,,
1085969,2017,2017-07-15,County Ground,1,6.5,Australia,South Africa,BL Mooney,NE Bolton,S Ismail,0,0,,,,,,,,,
1085969,2017,2017-07-15,County Ground,1,6.6,Australia,South Africa,BL Mooney,NE Bolton,S Ismail,0,0,,,,,,,,,
1085969,2017,2017-07-15,County Ground,1,7.1,Australia,South Africa,NE Bolton,BL Mooney,M Kapp,0,0,,,,,,,,,
1085969,2017,2017-07-15,County Ground,1,7.2,Australia,South Africa,NE Bolton,BL Mooney,M Kapp,0,0,,,,,,,,,
1085969,2017,2017-07-15,County Ground,1,7.3,Australia,South Africa,NE Bolton,BL Mooney,M Kapp,4,0,,,,,,,,,
1085969,2017,2017-07-15,County Ground,1,7.4,Australia,South Africa,NE Bolton,BL Mooney,M Kapp,0,0,,,,,,,,,
1085969,2017,2017-07-15,County Ground,1,7.5,Australia,South Africa,NE Bolton,BL Mooney,M Kapp,1,0,,,,,,,,,
1085969,2017,2017-07-15,County Ground,1,7.6,Australia,South Africa,BL Mooney,NE Bolton,M Kapp,0,0,,,,,,,,,
1085969,2017,2017-07-15,County Ground,1,8.1,Australia,South Africa,NE Bolton,BL Mooney,A Khaka,0,0,,,,,,,,,
1085969,2017,2017-07-15,County Ground,1,8.2,Australia,South Africa,NE Bolton,BL Mooney,A Khaka,0,1,,,,1,,,,,
1085969,2017,2017-07-15,County Ground,1,8.3,Australia,South Africa,BL Mooney,NE Bolton,A Khaka,0,0,,,,,,,,,
1085969,2017,2017-07-15,County Ground,1,8.4,Australia,South Africa,BL Mooney,NE Bolton,A Khaka,1,0,,,,,,,,,
1085969,2017,2017-07-15,County Ground,1,8.5,Australia,South Africa,NE Bolton,BL Mooney,A Khaka,0,0,,,,,,,,,
1085969,2017,2017-07-15,County Ground,1,8.6,Australia,South Africa,NE Bolton,BL Mooney,A Khaka,2,0,,,,,,,,,
1085969,2017,2017-07-15,County Ground,1,9.1,Australia,South Africa,BL Mooney,NE Bolton,M Daniels,1,0,,,,,,,,,
1085969,2017,2017-07-15,County Ground,1,9.2,Australia,South Africa,NE Bolton,BL Mooney,M Daniels,0,0,,,,,,,,,
1085969,2017,2017-07-15,County Ground,1,9.3,Australia,South Africa,NE Bolton,BL Mooney,M Daniels,2,0,,,,,,,,,
1085969,2017,2017-07-15,County Ground,1,9.4,Australia,South Africa,NE Bolton,BL Mooney,M Daniels,0,1,1,,,,,,,,
1085969,2017,2017-07-15,County Ground,1,9.5,Australia,South Africa,NE Bolton,BL Mooney,M Daniels,0,0,,,,,,,,,
1085969,2017,2017-07-15,County Ground,1,9.6,Australia,South Africa,NE Bolton,BL Mooney,M Daniels,2,0,,,,,,,,,
1085969,2017,2017-07-15,County Ground,1,9.7,Australia,South Africa,NE Bolton,BL Mooney,M Daniels,1,0,,,,,,,,,
1085969,2017,2017-07-15,County Ground,1,10.1,Australia,South Africa,NE Bolton,BL Mooney,A Khaka,0,0,,,,,,,,,
1085969,2017,2017-07-15,County Ground,1,10.2,Australia,South Africa,NE Bolton,BL Mooney,A Khaka,0,0,,,,,,,,,
1085969,2017,2017-07-15,County Ground,1,10.3,Australia,South Africa,NE Bolton,BL Mooney,A Khaka,0,0,,,,,,,,,
1085969,2017,2017-07-15,County Ground,1,10.4,Australia,South Africa,NE Bolton,BL Mooney,A Khaka,1,0,,,,,,,,,
1085969,2017,2017-07-15,County Ground,1,10.5,Australia,South Africa,BL Mooney,NE Bolton,A Khaka,0,0,,,,,,,,,
1085969,2017,2017-07-15,County Ground,1,10.6,Australia,South Africa,BL Mooney,NE Bolton,A Khaka,1,0,,,,,,,,,
1085969,2017,2017-07-15,County Ground,1,11.1,Australia,South Africa,BL Mooney,NE Bolton,M Daniels,0,0,,,,,,,,,
1085969,2017,2017-07-15,County Ground,1,11.2,Australia,South Africa,BL Mooney,NE Bolton,M Daniels,0,0,,,,,,,,,
1085969,2017,2017-07-15,County Ground,1,11.3,Australia,South Africa,BL Mooney,NE Bolton,M Daniels,4,0,,,,,,,,,
1085969,2017,2017-07-15,County Ground,1,11.4,Australia,South Africa,BL Mooney,NE Bolton,M Daniels,0,0,,,,,,,,,
1085969,2017,2017-07-15,County Ground,1,11.5,Australia,South Africa,BL Mooney,NE Bolton,M Daniels,0,0,,,,,,,,,
1085969,2017,2017-07-15,County Ground,1,11.6,Australia,South Africa,BL Mooney,NE Bolton,M Daniels,0,0,,,,,,,,,
1085969,2017,2017-07-15,County Ground,1,12.1,Australia,South Africa,NE Bolton,BL Mooney,A Khaka,0,0,,,,,,,,,
1085969,2017,2017-07-15,County Ground,1,12.2,Australia,South Africa,NE Bolton,BL Mooney,A Khaka,0,0,,,,,,,,,
1085969,2017,2017-07-15,County Ground,1,12.3,Australia,South Africa,NE Bolton,BL Mooney,A Khaka,0,0,,,,,,,,,
1085969,2017,2017-07-15,County Ground,1,12.4,Australia,South Africa,NE Bolton,BL Mooney,A Khaka,0,0,,,,,,,,,
1085969,2017,2017-07-15,County Ground,1,12.5,Australia,South Africa,NE Bolton,BL Mooney,A Khaka,0,0,,,,,,,,,
1085969,2017,2017-07-15,County Ground,1,12.6,Australia,South Africa,NE Bolton,BL Mooney,A Khaka,0,0,,,,,,,,,
1085969,2017,2017-07-15,County Ground,1,13.1,Australia,South Africa,BL Mooney,NE Bolton,M Klaas,1,0,,,,,,,,,
1085969,2017,2017-07-15,County Ground,1,13.2,Australia,South Africa,NE Bolton,BL Mooney,M Klaas,1,0,,,,,,,,,
1085969,2017,2017-07-15,County Ground,1,13.3,Australia,South Africa,BL Mooney,NE Bolton,M Klaas,4,0,,,,,,,,,
1085969,2017,2017-07-15,County Ground,1,13.4,Australia,South Africa,BL Mooney,NE Bolton,M Klaas,0,0,,,,,,,,,
1085969,2017,2017-07-15,County Ground,1,13.5,Australia,South Africa,BL Mooney,NE Bolton,M Klaas,0,0,,,,,,,,,
1085969,2017,2017-07-15,County Ground,1,13.6,Australia,South Africa,BL Mooney,NE Bolton,M Klaas,0,0,,,,,,,,,
1085969,2017,2017-07-15,County Ground,1,14.1,Australia,South Africa,NE Bolton,BL Mooney,A Khaka,4,0,,,,,,,,,
1085969,2017,2017-07-15,County Ground,1,14.2,Australia,South Africa,NE Bolton,BL Mooney,A Khaka,0,0,,,,,,,,,
1085969,2017,2017-07-15,County Ground,1,14.3,Australia,South Africa,NE Bolton,BL Mooney,A Khaka,2,0,,,,,,,,,
1085969,2017,2017-07-15,County Ground,1,14.4,Australia,South Africa,NE Bolton,BL Mooney,A Khaka,2,0,,,,,,,,,
1085969,2017,2017-07-15,County Ground,1,14.5,Australia,South Africa,NE Bolton,BL Mooney,A Khaka,4,0,,,,,,,,,
1085969,2017,2017-07-15,County Ground,1,14.6,Australia,South Africa,NE Bolton,BL Mooney,A Khaka,1,0,,,,,,,,,
1085969,2017,2017-07-15,County Ground,1,15.1,Australia,South Africa,NE Bolton,BL Mooney,M Klaas,0,0,,,,,,,,,
1085969,2017,2017-07-15,County Ground,1,15.2,Australia,South Africa,NE Bolton,BL Mooney,M Klaas,0,0,,,,,,,,,
1085969,2017,2017-07-15,County Ground,1,15.3,Australia,South Africa,NE Bolton,BL Mooney,M Klaas,1,0,,,,,,,,,
1085969,2017,2017-07-15,County Ground,1,15.4,Australia,South Africa,BL Mooney,NE Bolton,M Klaas,4,0,,,,,,,,,
1085969,2017,2017-07-15,County Ground,1,15.5,Australia,South Africa,BL Mooney,NE Bolton,M Klaas,0,0,,,,,,,,,
1085969,2017,2017-07-15,County Ground,1,15.6,Australia,South Africa,BL Mooney,NE Bolton,M Klaas,0,0,,,,,,,,,
1085969,2017,2017-07-15,County Ground,1,16.1,Australia,South Africa,NE Bolton,BL Mooney,S Luus,4,0,,,,,,,,,
1085969,2017,2017-07-15,County Ground,1,16.2,Australia,South Africa,NE Bolton,BL Mooney,S Luus,0,0,,,,,,,,,
1085969,2017,2017-07-15,County Ground,1,16.3,Australia,South Africa,NE Bolton,BL Mooney,S Luus,1,0,,,,,,,,,
1085969,2017,2017-07-15,County Ground,1,16.4,Australia,South Africa,BL Mooney,NE Bolton,S Luus,1,0,,,,,,,,,
1085969,2017,2017-07-15,County Ground,1,16.5,Australia,South Africa,NE Bolton,BL Mooney,S Luus,1,0,,,,,,,,,
1085969,2017,2017-07-15,County Ground,1,16.6,Australia,South Africa,BL Mooney,NE Bolton,S Luus,0,0,,,,,,,,,
1085969,2017,2017-07-15,County Ground,1,17.1,Australia,South Africa,NE Bolton,BL Mooney,M Klaas,4,0,,,,,,,,,
1085969,2017,2017-07-15,County Ground,1,17.2,Australia,South Africa,NE Bolton,BL Mooney,M Klaas,0,0,,,,,,,,,
1085969,2017,2017-07-15,County Ground,1,17.3,Australia,South Africa,NE Bolton,BL Mooney,M Klaas,0,0,,,,,,,,,
1085969,2017,2017-07-15,County Ground,1,17.4,Australia,South Africa,NE Bolton,BL Mooney,M Klaas,0,0,,,,,,,,,
1085969,2017,2017-07-15,County Ground,1,17.5,Australia,South Africa,NE Bolton,BL Mooney,M Klaas,4,0,,,,,,,,,
1085969,2017,2017-07-15,County Ground,1,17.6,Australia,South Africa,NE Bolton,BL Mooney,M Klaas,4,0,,,,,,,,,
1085969,2017,2017-07-15,County Ground,1,18.1,Australia,South Africa,BL Mooney,NE Bolton,S Luus,4,0,,,,,,,,,
1085969,2017,2017-07-15,County Ground,1,18.2,Australia,South Africa,BL Mooney,NE Bolton,S Luus,4,0,,,,,,,,,
1085969,2017,2017-07-15,County Ground,1,18.3,Australia,South Africa,BL Mooney,NE Bolton,S Luus,3,0,,,,,,,,,
1085969,2017,2017-07-15,County Ground,1,18.4,Australia,South Africa,NE Bolton,BL Mooney,S Luus,1,0,,,,,,,,,
1085969,2017,2017-07-15,County Ground,1,18.5,Australia,South Africa,BL Mooney,NE Bolton,S Luus,0,0,,,,,,,,,
1085969,2017,2017-07-15,County Ground,1,18.6,Australia,South Africa,BL Mooney,NE Bolton,S Luus,4,0,,,,,,,,,
1085969,2017,2017-07-15,County Ground,1,19.1,Australia,South Africa,NE Bolton,BL Mooney,A Khaka,1,0,,,,,,,,,
1085969,2017,2017-07-15,County Ground,1,19.2,Australia,South Africa,BL Mooney,NE Bolton,A Khaka,2,0,,,,,,,,,
1085969,2017,2017-07-15,County Ground,1,19.3,Australia,South Africa,BL Mooney,NE Bolton,A Khaka,1,0,,,,,,,,,
1085969,2017,2017-07-15,County Ground,1,19.4,Australia,South Africa,NE Bolton,BL Mooney,A Khaka,0,0,,,,,,,,,
1085969,2017,2017-07-15,County Ground,1,19.5,Australia,South Africa,NE Bolton,BL Mooney,A Khaka,0,0,,,,,,,,,
1085969,2017,2017-07-15,County Ground,1,19.6,Australia,South Africa,NE Bolton,BL Mooney,A Khaka,0,0,,,,,,,,,
1085969,2017,2017-07-15,County Ground,1,20.1,Australia,South Africa,BL Mooney,NE Bolton,D van Niekerk,1,0,,,,,,,,,
1085969,2017,2017-07-15,County Ground,1,20.2,Australia,South Africa,NE Bolton,BL Mooney,D van Niekerk,1,0,,,,,,,,,
1085969,2017,2017-07-15,County Ground,1,20.3,Australia,South Africa,BL Mooney,NE Bolton,D van Niekerk,1,0,,,,,,,,,
1085969,2017,2017-07-15,County Ground,1,20.4,Australia,South Africa,NE Bolton,BL Mooney,D van Niekerk,1,0,,,,,,,,,
1085969,2017,2017-07-15,County Ground,1,20.5,Australia,South Africa,BL Mooney,NE Bolton,D van Niekerk,0,0,,,,,,,,,
1085969,2017,2017-07-15,County Ground,1,20.6,Australia,South Africa,BL Mooney,NE Bolton,D van Niekerk,0,0,,,,,,,,,
1085969,2017,2017-07-15,County Ground,1,21.1,Australia,South Africa,NE Bolton,BL Mooney,A Khaka,0,0,,,,,,,,,
1085969,2017,2017-07-15,County Ground,1,21.2,Australia,South Africa,NE Bolton,BL Mooney,A Khaka,1,0,,,,,,,,,
1085969,2017,2017-07-15,County Ground,1,21.3,Australia,South Africa,BL Mooney,NE Bolton,A Khaka,0,0,,,,,,bowled,BL Mooney,,
1085969,2017,2017-07-15,County Ground,1,21.4,Australia,South Africa,RL Haynes,NE Bolton,A Khaka,0,0,,,,,,,,,
1085969,2017,2017-07-15,County Ground,1,21.5,Australia,South Africa,RL Haynes,NE Bolton,A Khaka,0,0,,,,,,,,,
1085969,2017,2017-07-15,County Ground,1,21.6,Australia,South Africa,RL Haynes,NE Bolton,A Khaka,0,0,,,,,,,,,
1085969,2017,2017-07-15,County Ground,1,22.1,Australia,South Africa,NE Bolton,RL Haynes,D van Niekerk,0,0,,,,,,,,,
1085969,2017,2017-07-15,County Ground,1,22.2,Australia,South Africa,NE Bolton,RL Haynes,D van Niekerk,2,0,,,,,,,,,
1085969,2017,2017-07-15,County Ground,1,22.3,Australia,South Africa,NE Bolton,RL Haynes,D van Niekerk,1,0,,,,,,,,,
1085969,2017,2017-07-15,County Ground,1,22.4,Australia,South Africa,RL Haynes,NE Bolton,D van Niekerk,0,0,,,,,,,,,
1085969,2017,2017-07-15,County Ground,1,22.5,Australia,South Africa,RL Haynes,NE Bolton,D van Niekerk,0,0,,,,,,,,,
1085969,2017,2017-07-15,County Ground,1,22.6,Australia,South Africa,RL Haynes,NE Bolton,D van Niekerk,0,0,,,,,,caught and bowled,RL Haynes,,
1085969,2017,2017-07-15,County Ground,1,23.1,Australia,South Africa,NE Bolton,EA Perry,A Khaka,2,0,,,,,,,,,
1085969,2017,2017-07-15,County Ground,1,23.2,Australia,South Africa,NE Bolton,EA Perry,A Khaka,1,0,,,,,,,,,
1085969,2017,2017-07-15,County Ground,1,23.3,Australia,South Africa,EA Perry,NE Bolton,A Khaka,0,0,,,,,,,,,
1085969,2017,2017-07-15,County Ground,1,23.4,Australia,South Africa,EA Perry,NE Bolton,A Khaka,1,0,,,,,,,,,
1085969,2017,2017-07-15,County Ground,1,23.5,Australia,South Africa,NE Bolton,EA Perry,A Khaka,1,0,,,,,,,,,
1085969,2017,2017-07-15,County Ground,1,23.6,Australia,South Africa,EA Perry,NE Bolton,A Khaka,0,0,,,,,,,,,
1085969,2017,2017-07-15,County Ground,1,24.1,Australia,South Africa,NE Bolton,EA Perry,D van Niekerk,4,0,,,,,,,,,
1085969,2017,2017-07-15,County Ground,1,24.2,Australia,South Africa,NE Bolton,EA Perry,D van Niekerk,0,0,,,,,,,,,
1085969,2017,2017-07-15,County Ground,1,24.3,Australia,South Africa,NE Bolton,EA Perry,D van Niekerk,1,0,,,,,,,,,
1085969,2017,2017-07-15,County Ground,1,24.4,Australia,South Africa,EA Perry,NE Bolton,D van Niekerk,0,5,5,,,,,,,,
1085969,2017,2017-07-15,County Ground,1,24.5,Australia,South Africa,EA Perry,NE Bolton,D van Niekerk,0,0,,,,,,,,,
1085969,2017,2017-07-15,County Ground,1,24.6,Australia,South Africa,EA Perry,NE Bolton,D van Niekerk,0,0,,,,,,,,,
1085969,2017,2017-07-15,County Ground,1,24.7,Australia,South Africa,EA Perry,NE Bolton,D van Niekerk,1,0,,,,,,,,,
1085969,2017,2017-07-15,County Ground,1,25.1,Australia,South Africa,EA Perry,NE Bolton,A Khaka,0,0,,,,,,,,,
1085969,2017,2017-07-15,County Ground,1,25.2,Australia,South Africa,EA Perry,NE Bolton,A Khaka,1,0,,,,,,,,,
1085969,2017,2017-07-15,County Ground,1,25.3,Australia,South Africa,NE Bolton,EA Perry,A Khaka,1,0,,,,,,,,,
1085969,2017,2017-07-15,County Ground,1,25.4,Australia,South Africa,EA Perry,NE Bolton,A Khaka,0,0,,,,,,,,,
1085969,2017,2017-07-15,County Ground,1,25.5,Australia,South Africa,EA Perry,NE Bolton,A Khaka,0,0,,,,,,,,,
1085969,2017,2017-07-15,County Ground,1,25.6,Australia,South Africa,EA Perry,NE Bolton,A Khaka,4,0,,,,,,,,,
1085969,2017,2017-07-15,County Ground,1,26.1,Australia,South Africa,NE Bolton,EA Perry,D van Niekerk,1,0,,,,,,,,,
1085969,2017,2017-07-15,County Ground,1,26.2,Australia,South Africa,EA Perry,NE Bolton,D van Niekerk,0,0,,,,,,,,,
1085969,2017,2017-07-15,County Ground,1,26.3,Australia,South Africa,EA Perry,NE Bolton,D van Niekerk,0,0,,,,,,,,,
1085969,2017,2017-07-15,County Ground,1,26.4,Australia,South Africa,EA Perry,NE Bolton,D van Niekerk,0,1,,1,,,,,,,
1085969,2017,2017-07-15,County Ground,1,26.5,Australia,South Africa,EA Perry,NE Bolton,D van Niekerk,4,0,,,,,,,,,
1085969,2017,2017-07-15,County Ground,1,26.6,Australia,South Africa,EA Perry,NE Bolton,D van Niekerk,0,0,,,,,,,,,
1085969,2017,2017-07-15,County Ground,1,26.7,Australia,South Africa,EA Perry,NE Bolton,D van Niekerk,0,0,,,,,,,,,
1085969,2017,2017-07-15,County Ground,1,27.1,Australia,South Africa,NE Bolton,EA Perry,M Daniels,0,0,,,,,,,,,
1085969,2017,2017-07-15,County Ground,1,27.2,Australia,South Africa,NE Bolton,EA Perry,M Daniels,4,0,,,,,,,,,
1085969,2017,2017-07-15,County Ground,1,27.3,Australia,South Africa,NE Bolton,EA Perry,M Daniels,1,0,,,,,,,,,
1085969,2017,2017-07-15,County Ground,1,27.4,Australia,South Africa,EA Perry,NE Bolton,M Daniels,0,0,,,,,,,,,
1085969,2017,2017-07-15,County Ground,1,27.5,Australia,South Africa,EA Perry,NE Bolton,M Daniels,0,0,,,,,,,,,
1085969,2017,2017-07-15,County Ground,1,27.6,Australia,South Africa,EA Perry,NE Bolton,M Daniels,1,0,,,,,,,,,
1085969,2017,2017-07-15,County Ground,1,28.1,Australia,South Africa,EA Perry,NE Bolton,S Luus,1,0,,,,,,,,,
1085969,2017,2017-07-15,County Ground,1,28.2,Australia,South Africa,NE Bolton,EA Perry,S Luus,1,0,,,,,,,,,
1085969,2017,2017-07-15,County Ground,1,28.3,Australia,South Africa,EA Perry,NE Bolton,S Luus,0,0,,,,,,,,,
1085969,2017,2017-07-15,County Ground,1,28.4,Australia,South Africa,EA Perry,NE Bolton,S Luus,1,0,,,,,,,,,
1085969,2017,2017-07-15,County Ground,1,28.5,Australia,South Africa,NE Bolton,EA Perry,S Luus,0,0,,,,,,caught,NE Bolton,,
1085969,2017,2017-07-15,County Ground,1,28.6,Australia,South Africa,EJ Villani,EA Perry,S Luus,0,0,,,,,,bowled,EJ Villani,,
1085969,2017,2017-07-15,County Ground,1,29.1,Australia,South Africa,EA Perry,AJ Blackwell,M Daniels,0,0,,,,,,,,,
1085969,2017,2017-07-15,County Ground,1,29.2,Australia,South Africa,EA Perry,AJ Blackwell,M Daniels,0,0,,,,,,,,,
1085969,2017,2017-07-15,County Ground,1,29.3,Australia,South Africa,EA Perry,AJ Blackwell,M Daniels,0,0,,,,,,,,,
1085969,2017,2017-07-15,County Ground,1,29.4,Australia,South Africa,EA Perry,AJ Blackwell,M Daniels,4,0,,,,,,,,,
1085969,2017,2017-07-15,County Ground,1,29.5,Australia,South Africa,EA Perry,AJ Blackwell,M Daniels,1,0,,,,,,,,,
1085969,2017,2017-07-15,County Ground,1,29.6,Australia,South Africa,AJ Blackwell,EA Perry,M Daniels,0,0,,,,,,,,,
1085969,2017,2017-07-15,County Ground,1,30.1,Australia,South Africa,EA Perry,AJ Blackwell,S Luus,1,0,,,,,,,,,
1085969,2017,2017-07-15,County Ground,1,30.2,Australia,South Africa,AJ Blackwell,EA Perry,S Luus,0,0,,,,,,,,,
1085969,2017,2017-07-15,County Ground,1,30.3,Australia,South Africa,AJ Blackwell,EA Perry,S Luus,0,0,,,,,,,,,
1085969,2017,2017-07-15,County Ground,1,30.4,Australia,South Africa,AJ Blackwell,EA Perry,S Luus,0,0,,,,,,,,,
1085969,2017,2017-07-15,County Ground,1,30.5,Australia,South Africa,AJ Blackwell,EA Perry,S Luus,0,0,,,,,,,,,
1085969,2017,2017-07-15,County Ground,1,30.6,Australia,South Africa,AJ Blackwell,EA Perry,S Luus,1,0,,,,,,,,,
1085969,2017,2017-07-15,County Ground,1,31.1,Australia,South Africa,AJ Blackwell,EA Perry,M Daniels,0,0,,,,,,,,,
1085969,2017,2017-07-15,County Ground,1,31.2,Australia,South Africa,AJ Blackwell,EA Perry,M Daniels,1,0,,,,,,,,,
1085969,2017,2017-07-15,County Ground,1,31.3,Australia,South Africa,EA Perry,AJ Blackwell,M Daniels,0,0,,,,,,,,,
1085969,2017,2017-07-15,County Ground,1,31.4,Australia,South Africa,EA Perry,AJ Blackwell,M Daniels,1,0,,,,,,,,,
1085969,2017,2017-07-15,County Ground,1,31.5,Australia,South Africa,AJ Blackwell,EA Perry,M Daniels,0,0,,,,,,,,,
1085969,2017,2017-07-15,County Ground,1,31.6,Australia,South Africa,AJ Blackwell,EA Perry,M Daniels,0,0,,,,,,,,,
1085969,2017,2017-07-15,County Ground,1,32.1,Australia,South Africa,EA Perry,AJ Blackwell,S Luus,1,0,,,,,,,,,
1085969,2017,2017-07-15,County Ground,1,32.2,Australia,South Africa,AJ Blackwell,EA Perry,S Luus,0,0,,,,,,,,,
1085969,2017,2017-07-15,County Ground,1,32.3,Australia,South Africa,AJ Blackwell,EA Perry,S Luus,4,0,,,,,,,,,
1085969,2017,2017-07-15,County Ground,1,32.4,Australia,South Africa,AJ Blackwell,EA Perry,S Luus,1,0,,,,,,,,,
1085969,2017,2017-07-15,County Ground,1,32.5,Australia,South Africa,EA Perry,AJ Blackwell,S Luus,0,0,,,,,,,,,
1085969,2017,2017-07-15,County Ground,1,32.6,Australia,South Africa,EA Perry,AJ Blackwell,S Luus,0,0,,,,,,,,,
1085969,2017,2017-07-15,County Ground,1,33.1,Australia,South Africa,AJ Blackwell,EA Perry,M Klaas,0,0,,,,,,,,,
1085969,2017,2017-07-15,County Ground,1,33.2,Australia,South Africa,AJ Blackwell,EA Perry,M Klaas,0,0,,,,,,,,,
1085969,2017,2017-07-15,County Ground,1,33.3,Australia,South Africa,AJ Blackwell,EA Perry,M Klaas,0,0,,,,,,,,,
1085969,2017,2017-07-15,County Ground,1,33.4,Australia,South Africa,AJ Blackwell,EA Perry,M Klaas,1,0,,,,,,,,,
1085969,2017,2017-07-15,County Ground,1,33.5,Australia,South Africa,EA Perry,AJ Blackwell,M Klaas,1,0,,,,,,,,,
1085969,2017,2017-07-15,County Ground,1,33.6,Australia,South Africa,AJ Blackwell,EA Perry,M Klaas,0,0,,,,,,,,,
1085969,2017,2017-07-15,County Ground,1,34.1,Australia,South Africa,EA Perry,AJ Blackwell,S Luus,6,0,,,,,,,,,
1085969,2017,2017-07-15,County Ground,1,34.2,Australia,South Africa,EA Perry,AJ Blackwell,S Luus,1,0,,,,,,,,,
1085969,2017,2017-07-15,County Ground,1,34.3,Australia,South Africa,AJ Blackwell,EA Perry,S Luus,0,0,,,,,,,,,
1085969,2017,2017-07-15,County Ground,1,34.4,Australia,South Africa,AJ Blackwell,EA Perry,S Luus,1,0,,,,,,,,,
1085969,2017,2017-07-15,County Ground,1,34.5,Australia,South Africa,EA Perry,AJ Blackwell,S Luus,1,0,,,,,,,,,
1085969,2017,2017-07-15,County Ground,1,34.6,Australia,South Africa,AJ Blackwell,EA Perry,S Luus,1,0,,,,,,,,,
1085969,2017,2017-07-15,County Ground,1,35.1,Australia,South Africa,AJ Blackwell,EA Perry,M Klaas,1,0,,,,,,,,,
1085969,2017,2017-07-15,County Ground,1,35.2,Australia,South Africa,EA Perry,AJ Blackwell,M Klaas,1,0,,,,,,,,,
1085969,2017,2017-07-15,County Ground,1,35.3,Australia,South Africa,AJ Blackwell,EA Perry,M Klaas,1,0,,,,,,,,,
1085969,2017,2017-07-15,County Ground,1,35.4,Australia,South Africa,EA Perry,AJ Blackwell,M Klaas,0,0,,,,,,,,,
1085969,2017,2017-07-15,County Ground,1,35.5,Australia,South Africa,EA Perry,AJ Blackwell,M Klaas,4,1,,1,,,,,,,
1085969,2017,2017-07-15,County Ground,1,35.6,Australia,South Africa,EA Perry,AJ Blackwell,M Klaas,1,0,,,,,,,,,
1085969,2017,2017-07-15,County Ground,1,35.7,Australia,South Africa,AJ Blackwell,EA Perry,M Klaas,0,0,,,,,,,,,
1085969,2017,2017-07-15,County Ground,1,36.1,Australia,South Africa,EA Perry,AJ Blackwell,S Ismail,4,0,,,,,,,,,
1085969,2017,2017-07-15,County Ground,1,36.2,Australia,South Africa,EA Perry,AJ Blackwell,S Ismail,2,0,,,,,,,,,
1085969,2017,2017-07-15,County Ground,1,36.3,Australia,South Africa,EA Perry,AJ Blackwell,S Ismail,1,0,,,,,,,,,
1085969,2017,2017-07-15,County Ground,1,36.4,Australia,South Africa,AJ Blackwell,EA Perry,S Ismail,1,0,,,,,,,,,
1085969,2017,2017-07-15,County Ground,1,36.5,Australia,South Africa,EA Perry,AJ Blackwell,S Ismail,0,0,,,,,,,,,
1085969,2017,2017-07-15,County Ground,1,36.6,Australia,South Africa,EA Perry,AJ Blackwell,S Ismail,4,0,,,,,,,,,
1085969,2017,2017-07-15,County Ground,1,37.1,Australia,South Africa,AJ Blackwell,EA Perry,M Kapp,0,0,,,,,,,,,
1085969,2017,2017-07-15,County Ground,1,37.2,Australia,South Africa,AJ Blackwell,EA Perry,M Kapp,0,0,,,,,,,,,
1085969,2017,2017-07-15,County Ground,1,37.3,Australia,South Africa,AJ Blackwell,EA Perry,M Kapp,0,1,1,,,,,,,,
1085969,2017,2017-07-15,County Ground,1,37.4,Australia,South Africa,AJ Blackwell,EA Perry,M Kapp,1,0,,,,,,,,,
1085969,2017,2017-07-15,County Ground,1,37.5,Australia,South Africa,EA Perry,AJ Blackwell,M Kapp,0,1,1,,,,,,,,
1085969,2017,2017-07-15,County Ground,1,37.6,Australia,South Africa,EA Perry,AJ Blackwell,M Kapp,0,0,,,,,,,,,
1085969,2017,2017-07-15,County Ground,1,37.7,Australia,South Africa,EA Perry,AJ Blackwell,M Kapp,1,0,,,,,,,,,
1085969,2017,2017-07-15,County Ground,1,37.8,Australia,South Africa,AJ Blackwell,EA Perry,M Kapp,1,0,,,,,,,,,
1085969,2017,2017-07-15,County Ground,1,38.1,Australia,South Africa,AJ Blackwell,EA Perry,M Klaas,4,0,,,,,,,,,
1085969,2017,2017-07-15,County Ground,1,38.2,Australia,South Africa,AJ Blackwell,EA Perry,M Klaas,4,1,,1,,,,,,,
1085969,2017,2017-07-15,County Ground,1,38.3,Australia,South Africa,AJ Blackwell,EA Perry,M Daniels,1,0,,,,,,,,,
1085969,2017,2017-07-15,County Ground,1,38.4,Australia,South Africa,EA Perry,AJ Blackwell,M Daniels,0,0,,,,,,,,,
1085969,2017,2017-07-15,County Ground,1,38.5,Australia,South Africa,EA Perry,AJ Blackwell,M Daniels,1,0,,,,,,,,,
1085969,2017,2017-07-15,County Ground,1,38.6,Australia,South Africa,AJ Blackwell,EA Perry,M Daniels,4,0,,,,,,,,,
1085969,2017,2017-07-15,County Ground,1,38.7,Australia,South Africa,AJ Blackwell,EA Perry,M Daniels,1,0,,,,,,,,,
1085969,2017,2017-07-15,County Ground,1,39.1,Australia,South Africa,AJ Blackwell,EA Perry,M Kapp,1,0,,,,,,,,,
1085969,2017,2017-07-15,County Ground,1,39.2,Australia,South Africa,EA Perry,AJ Blackwell,M Kapp,0,0,,,,,,,,,
1085969,2017,2017-07-15,County Ground,1,39.3,Australia,South Africa,EA Perry,AJ Blackwell,M Kapp,0,0,,,,,,,,,
1085969,2017,2017-07-15,County Ground,1,39.4,Australia,South Africa,EA Perry,AJ Blackwell,M Kapp,0,0,,,,,,,,,
1085969,2017,2017-07-15,County Ground,1,39.5,Australia,South Africa,EA Perry,AJ Blackwell,M Kapp,4,0,,,,,,,,,
1085969,2017,2017-07-15,County Ground,1,39.6,Australia,South Africa,EA Perry,AJ Blackwell,M Kapp,1,0,,,,,,,,,
1085969,2017,2017-07-15,County Ground,1,40.1,Australia,South Africa,EA Perry,AJ Blackwell,S Luus,0,0,,,,,,,,,
1085969,2017,2017-07-15,County Ground,1,40.2,Australia,South Africa,EA Perry,AJ Blackwell,S Luus,0,0,,,,,,caught,EA Perry,,
1085969,2017,2017-07-15,County Ground,1,40.3,Australia,South Africa,AJ Healy,AJ Blackwell,S Luus,1,0,,,,,,,,,
1085969,2017,2017-07-15,County Ground,1,40.4,Australia,South Africa,AJ Blackwell,AJ Healy,S Luus,1,0,,,,,,,,,
1085969,2017,2017-07-15,County Ground,1,40.5,Australia,South Africa,AJ Healy,AJ Blackwell,S Luus,0,0,,,,,,,,,
1085969,2017,2017-07-15,County Ground,1,40.6,Australia,South Africa,AJ Healy,AJ Blackwell,S Luus,1,0,,,,,,,,,
1085969,2017,2017-07-15,County Ground,1,41.1,Australia,South Africa,AJ Healy,AJ Blackwell,D van Niekerk,0,0,,,,,,,,,
1085969,2017,2017-07-15,County Ground,1,41.2,Australia,South Africa,AJ Healy,AJ Blackwell,D van Niekerk,1,0,,,,,,,,,
1085969,2017,2017-07-15,County Ground,1,41.3,Australia,South Africa,AJ Blackwell,AJ Healy,D van Niekerk,0,0,,,,,,,,,
1085969,2017,2017-07-15,County Ground,1,41.4,Australia,South Africa,AJ Blackwell,AJ Healy,D van Niekerk,2,0,,,,,,,,,
1085969,2017,2017-07-15,County Ground,1,41.5,Australia,South Africa,AJ Blackwell,AJ Healy,D van Niekerk,0,0,,,,,,,,,
1085969,2017,2017-07-15,County Ground,1,41.6,Australia,South Africa,AJ Blackwell,AJ Healy,D van Niekerk,0,0,,,,,,caught,AJ Blackwell,,
1085969,2017,2017-07-15,County Ground,1,42.1,Australia,South Africa,AJ Healy,A Gardner,S Luus,1,0,,,,,,,,,
1085969,2017,2017-07-15,County Ground,1,42.2,Australia,South Africa,A Gardner,AJ Healy,S Luus,0,1,1,,,,,,,,
1085969,2017,2017-07-15,County Ground,1,42.3,Australia,South Africa,A Gardner,AJ Healy,S Luus,1,0,,,,,,,,,
1085969,2017,2017-07-15,County Ground,1,42.4,Australia,South Africa,AJ Healy,A Gardner,S Luus,4,0,,,,,,,,,
1085969,2017,2017-07-15,County Ground,1,42.5,Australia,South Africa,AJ Healy,A Gardner,S Luus,4,0,,,,,,,,,
1085969,2017,2017-07-15,County Ground,1,42.6,Australia,South Africa,AJ Healy,A Gardner,S Luus,4,0,,,,,,,,,
1085969,2017,2017-07-15,County Ground,1,42.7,Australia,South Africa,AJ Healy,A Gardner,S Luus,0,0,,,,,,caught,AJ Healy,,
1085969,2017,2017-07-15,County Ground,1,43.1,Australia,South Africa,JL Jonassen,A Gardner,D van Niekerk,0,0,,,,,,,,,
1085969,2017,2017-07-15,County Ground,1,43.2,Australia,South Africa,JL Jonassen,A Gardner,D van Niekerk,1,0,,,,,,,,,
1085969,2017,2017-07-15,County Ground,1,43.3,Australia,South Africa,A Gardner,JL Jonassen,D van Niekerk,0,0,,,,,,,,,
1085969,2017,2017-07-15,County Ground,1,43.4,Australia,South Africa,A Gardner,JL Jonassen,D van Niekerk,0,0,,,,,,,,,
1085969,2017,2017-07-15,County Ground,1,43.5,Australia,South Africa,A Gardner,JL Jonassen,D van Niekerk,1,0,,,,,,,,,
1085969,2017,2017-07-15,County Ground,1,43.6,Australia,South Africa,JL Jonassen,A Gardner,D van Niekerk,0,0,,,,,,,,,
1085969,2017,2017-07-15,County Ground,1,44.1,Australia,South Africa,A Gardner,JL Jonassen,S Luus,0,0,,,,,,,,,
1085969,2017,2017-07-15,County Ground,1,44.2,Australia,South Africa,A Gardner,JL Jonassen,S Luus,2,0,,,,,,,,,
1085969,2017,2017-07-15,County Ground,1,44.3,Australia,South Africa,A Gardner,JL Jonassen,S Luus,0,0,,,,,,caught,A Gardner,,
1085969,2017,2017-07-15,County Ground,1,44.4,Australia,South Africa,JL Jonassen,ML Schutt,S Luus,0,0,,,,,,,,,
1085969,2017,2017-07-15,County Ground,1,44.5,Australia,South Africa,JL Jonassen,ML Schutt,S Luus,0,0,,,,,,,,,
1085969,2017,2017-07-15,County Ground,1,44.6,Australia,South Africa,JL Jonassen,ML Schutt,S Luus,0,0,,,,,,,,,
1085969,2017,2017-07-15,County Ground,1,45.1,Australia,South Africa,ML Schutt,JL Jonassen,D van Niekerk,0,0,,,,,,,,,
1085969,2017,2017-07-15,County Ground,1,45.2,Australia,South Africa,ML Schutt,JL Jonassen,D van Niekerk,0,0,,,,,,,,,
1085969,2017,2017-07-15,County Ground,1,45.3,Australia,South Africa,ML Schutt,JL Jonassen,D van Niekerk,4,0,,,,,,,,,
1085969,2017,2017-07-15,County Ground,1,45.4,Australia,South Africa,ML Schutt,JL Jonassen,D van Niekerk,0,0,,,,,,,,,
1085969,2017,2017-07-15,County Ground,1,45.5,Australia,South Africa,ML Schutt,JL Jonassen,D van Niekerk,0,0,,,,,,,,,
1085969,2017,2017-07-15,County Ground,1,45.6,Australia,South Africa,ML Schutt,JL Jonassen,D van Niekerk,0,0,,,,,,,,,
1085969,2017,2017-07-15,County Ground,1,46.1,Australia,South Africa,JL Jonassen,ML Schutt,S Luus,0,0,,,,,,,,,
1085969,2017,2017-07-15,County Ground,1,46.2,Australia,South Africa,JL Jonassen,ML Schutt,S Luus,1,0,,,,,,,,,
1085969,2017,2017-07-15,County Ground,1,46.3,Australia,South Africa,ML Schutt,JL Jonassen,S Luus,1,0,,,,,,,,,
1085969,2017,2017-07-15,County Ground,1,46.4,Australia,South Africa,JL Jonassen,ML Schutt,S Luus,1,0,,,,,,,,,
1085969,2017,2017-07-15,County Ground,1,46.5,Australia,South Africa,ML Schutt,JL Jonassen,S Luus,0,0,,,,,,,,,
1085969,2017,2017-07-15,County Ground,1,46.6,Australia,South Africa,ML Schutt,JL Jonassen,S Luus,0,0,,,,,,,,,
1085969,2017,2017-07-15,County Ground,1,47.1,Australia,South Africa,JL Jonassen,ML Schutt,D van Niekerk,1,0,,,,,,,,,
1085969,2017,2017-07-15,County Ground,1,47.2,Australia,South Africa,ML Schutt,JL Jonassen,D van Niekerk,4,0,,,,,,,,,
1085969,2017,2017-07-15,County Ground,1,47.3,Australia,South Africa,ML Schutt,JL Jonassen,D van Niekerk,0,0,,,,,,,,,
1085969,2017,2017-07-15,County Ground,1,47.4,Australia,South Africa,ML Schutt,JL Jonassen,D van Niekerk,1,0,,,,,,,,,
1085969,2017,2017-07-15,County Ground,1,47.5,Australia,South Africa,JL Jonassen,ML Schutt,D van Niekerk,1,0,,,,,,,,,
1085969,2017,2017-07-15,County Ground,1,47.6,Australia,South Africa,ML Schutt,JL Jonassen,D van Niekerk,1,0,,,,,,,,,
1085969,2017,2017-07-15,County Ground,1,48.1,Australia,South Africa,ML Schutt,JL Jonassen,M Kapp,0,0,,,,,,,,,
1085969,2017,2017-07-15,County Ground,1,48.2,Australia,South Africa,ML Schutt,JL Jonassen,M Kapp,0,0,,,,,,bowled,ML Schutt,,
1085969,2017,2017-07-15,County Ground,1,48.3,Australia,South Africa,KM Beams,JL Jonassen,M Kapp,0,0,,,,,,lbw,KM Beams,,
1085969,2017,2017-07-15,County Ground,2,0.1,South Africa,Australia,L Wolvaardt,L Lee,ML Schutt,0,0,,,,,,,,,
1085969,2017,2017-07-15,County Ground,2,0.2,South Africa,Australia,L Wolvaardt,L Lee,ML Schutt,0,0,,,,,,,,,
1085969,2017,2017-07-15,County Ground,2,0.3,South Africa,Australia,L Wolvaardt,L Lee,ML Schutt,0,0,,,,,,,,,
1085969,2017,2017-07-15,County Ground,2,0.4,South Africa,Australia,L Wolvaardt,L Lee,ML Schutt,0,0,,,,,,,,,
1085969,2017,2017-07-15,County Ground,2,0.5,South Africa,Australia,L Wolvaardt,L Lee,ML Schutt,0,0,,,,,,,,,
1085969,2017,2017-07-15,County Ground,2,0.6,South Africa,Australia,L Wolvaardt,L Lee,ML Schutt,4,0,,,,,,,,,
1085969,2017,2017-07-15,County Ground,2,1.1,South Africa,Australia,L Lee,L Wolvaardt,JL Jonassen,0,0,,,,,,,,,
1085969,2017,2017-07-15,County Ground,2,1.2,South Africa,Australia,L Lee,L Wolvaardt,JL Jonassen,1,0,,,,,,,,,
1085969,2017,2017-07-15,County Ground,2,1.3,South Africa,Australia,L Wolvaardt,L Lee,JL Jonassen,4,0,,,,,,,,,
1085969,2017,2017-07-15,County Ground,2,1.4,South Africa,Australia,L Wolvaardt,L Lee,JL Jonassen,0,0,,,,,,,,,
1085969,2017,2017-07-15,County Ground,2,1.5,South Africa,Australia,L Wolvaardt,L Lee,JL Jonassen,0,0,,,,,,,,,
1085969,2017,2017-07-15,County Ground,2,1.6,South Africa,Australia,L Wolvaardt,L Lee,JL Jonassen,1,0,,,,,,,,,
1085969,2017,2017-07-15,County Ground,2,2.1,South Africa,Australia,L Wolvaardt,L Lee,ML Schutt,0,0,,,,,,,,,
1085969,2017,2017-07-15,County Ground,2,2.2,South Africa,Australia,L Wolvaardt,L Lee,ML Schutt,0,0,,,,,,,,,
1085969,2017,2017-07-15,County Ground,2,2.3,South Africa,Australia,L Wolvaardt,L Lee,ML Schutt,0,0,,,,,,,,,
1085969,2017,2017-07-15,County Ground,2,2.4,South Africa,Australia,L Wolvaardt,L Lee,ML Schutt,4,0,,,,,,,,,
1085969,2017,2017-07-15,County Ground,2,2.5,South Africa,Australia,L Wolvaardt,L Lee,ML Schutt,1,0,,,,,,,,,
1085969,2017,2017-07-15,County Ground,2,2.6,South Africa,Australia,L Lee,L Wolvaardt,ML Schutt,0,0,,,,,,,,,
1085969,2017,2017-07-15,County Ground,2,3.1,South Africa,Australia,L Wolvaardt,L Lee,JL Jonassen,0,0,,,,,,,,,
1085969,2017,2017-07-15,County Ground,2,3.2,South Africa,Australia,L Wolvaardt,L Lee,JL Jonassen,0,0,,,,,,,,,
1085969,2017,2017-07-15,County Ground,2,3.3,South Africa,Australia,L Wolvaardt,L Lee,JL Jonassen,0,0,,,,,,,,,
1085969,2017,2017-07-15,County Ground,2,3.4,South Africa,Australia,L Wolvaardt,L Lee,JL Jonassen,0,0,,,,,,,,,
1085969,2017,2017-07-15,County Ground,2,3.5,South Africa,Australia,L Wolvaardt,L Lee,JL Jonassen,0,0,,,,,,,,,
1085969,2017,2017-07-15,County Ground,2,3.6,South Africa,Australia,L Wolvaardt,L Lee,JL Jonassen,1,0,,,,,,,,,
1085969,2017,2017-07-15,County Ground,2,4.1,South Africa,Australia,L Wolvaardt,L Lee,ML Schutt,0,0,,,,,,,,,
1085969,2017,2017-07-15,County Ground,2,4.2,South Africa,Australia,L Wolvaardt,L Lee,ML Schutt,0,0,,,,,,,,,
1085969,2017,2017-07-15,County Ground,2,4.3,South Africa,Australia,L Wolvaardt,L Lee,ML Schutt,4,0,,,,,,,,,
1085969,2017,2017-07-15,County Ground,2,4.4,South Africa,Australia,L Wolvaardt,L Lee,ML Schutt,0,0,,,,,,,,,
1085969,2017,2017-07-15,County Ground,2,4.5,South Africa,Australia,L Wolvaardt,L Lee,ML Schutt,4,0,,,,,,,,,
1085969,2017,2017-07-15,County Ground,2,4.6,South Africa,Australia,L Wolvaardt,L Lee,ML Schutt,0,0,,,,,,,,,
1085969,2017,2017-07-15,County Ground,2,5.1,South Africa,Australia,L Lee,L Wolvaardt,JL Jonassen,0,0,,,,,,,,,
1085969,2017,2017-07-15,County Ground,2,5.2,South Africa,Australia,L Lee,L Wolvaardt,JL Jonassen,4,0,,,,,,,,,
1085969,2017,2017-07-15,County Ground,2,5.3,South Africa,Australia,L Lee,L Wolvaardt,JL Jonassen,4,0,,,,,,,,,
1085969,2017,2017-07-15,County Ground,2,5.4,South Africa,Australia,L Lee,L Wolvaardt,JL Jonassen,0,0,,,,,,,,,
1085969,2017,2017-07-15,County Ground,2,5.5,South Africa,Australia,L Lee,L Wolvaardt,JL Jonassen,0,0,,,,,,caught,L Lee,,
1085969,2017,2017-07-15,County Ground,2,5.6,South Africa,Australia,T Chetty,L Wolvaardt,JL Jonassen,0,0,,,,,,,,,
1085969,2017,2017-07-15,County Ground,2,6.1,South Africa,Australia,L Wolvaardt,T Chetty,ML Schutt,0,0,,,,,,,,,
1085969,2017,2017-07-15,County Ground,2,6.2,South Africa,Australia,L Wolvaardt,T Chetty,ML Schutt,4,0,,,,,,,,,
1085969,2017,2017-07-15,County Ground,2,6.3,South Africa,Australia,L Wolvaardt,T Chetty,ML Schutt,1,0,,,,,,,,,
1085969,2017,2017-07-15,County Ground,2,6.4,South Africa,Australia,T Chetty,L Wolvaardt,ML Schutt,0,0,,,,,,,,,
1085969,2017,2017-07-15,County Ground,2,6.5,South Africa,Australia,T Chetty,L Wolvaardt,ML Schutt,1,0,,,,,,,,,
1085969,2017,2017-07-15,County Ground,2,6.6,South Africa,Australia,L Wolvaardt,T Chetty,ML Schutt,4,0,,,,,,,,,
1085969,2017,2017-07-15,County Ground,2,7.1,South Africa,Australia,T Chetty,L Wolvaardt,EA Perry,0,0,,,,,,,,,
1085969,2017,2017-07-15,County Ground,2,7.2,South Africa,Australia,T Chetty,L Wolvaardt,EA Perry,0,0,,,,,,,,,
1085969,2017,2017-07-15,County Ground,2,7.3,South Africa,Australia,T Chetty,L Wolvaardt,EA Perry,0,0,,,,,,,,,
1085969,2017,2017-07-15,County Ground,2,7.4,South Africa,Australia,T Chetty,L Wolvaardt,EA Perry,0,0,,,,,,,,,
1085969,2017,2017-07-15,County Ground,2,7.5,South Africa,Australia,T Chetty,L Wolvaardt,EA Perry,0,0,,,,,,,,,
1085969,2017,2017-07-15,County Ground,2,7.6,South Africa,Australia,T Chetty,L Wolvaardt,EA Perry,4,0,,,,,,,,,
1085969,2017,2017-07-15,County Ground,2,8.1,South Africa,Australia,L Wolvaardt,T Chetty,A Gardner,1,0,,,,,,,,,
1085969,2017,2017-07-15,County Ground,2,8.2,South Africa,Australia,T Chetty,L Wolvaardt,A Gardner,0,0,,,,,,,,,
1085969,2017,2017-07-15,County Ground,2,8.3,South Africa,Australia,T Chetty,L Wolvaardt,A Gardner,0,0,,,,,,,,,
1085969,2017,2017-07-15,County Ground,2,8.4,South Africa,Australia,T Chetty,L Wolvaardt,A Gardner,0,0,,,,,,,,,
1085969,2017,2017-07-15,County Ground,2,8.5,South Africa,Australia,T Chetty,L Wolvaardt,A Gardner,0,0,,,,,,,,,
1085969,2017,2017-07-15,County Ground,2,8.6,South Africa,Australia,T Chetty,L Wolvaardt,A Gardner,1,0,,,,,,,,,
1085969,2017,2017-07-15,County Ground,2,9.1,South Africa,Australia,T Chetty,L Wolvaardt,EA Perry,1,0,,,,,,,,,
1085969,2017,2017-07-15,County Ground,2,9.2,South Africa,Australia,L Wolvaardt,T Chetty,EA Perry,0,0,,,,,,,,,
1085969,2017,2017-07-15,County Ground,2,9.3,South Africa,Australia,L Wolvaardt,T Chetty,EA Perry,0,0,,,,,,,,,
1085969,2017,2017-07-15,County Ground,2,9.4,South Africa,Australia,L Wolvaardt,T Chetty,EA Perry,2,0,,,,,,,,,
1085969,2017,2017-07-15,County Ground,2,9.5,South Africa,Australia,L Wolvaardt,T Chetty,EA Perry,0,0,,,,,,,,,
1085969,2017,2017-07-15,County Ground,2,9.6,South Africa,Australia,L Wolvaardt,T Chetty,EA Perry,0,0,,,,,,,,,
1085969,2017,2017-07-15,County Ground,2,10.1,South Africa,Australia,T Chetty,L Wolvaardt,A Gardner,2,0,,,,,,,,,
1085969,2017,2017-07-15,County Ground,2,10.2,South Africa,Australia,T Chetty,L Wolvaardt,A Gardner,0,0,,,,,,,,,
1085969,2017,2017-07-15,County Ground,2,10.3,South Africa,Australia,T Chetty,L Wolvaardt,A Gardner,0,0,,,,,,,,,
1085969,2017,2017-07-15,County Ground,2,10.4,South Africa,Australia,T Chetty,L Wolvaardt,A Gardner,0,0,,,,,,,,,
1085969,2017,2017-07-15,County Ground,2,10.5,South Africa,Australia,T Chetty,L Wolvaardt,A Gardner,0,0,,,,,,,,,
1085969,2017,2017-07-15,County Ground,2,10.6,South Africa,Australia,T Chetty,L Wolvaardt,A Gardner,1,0,,,,,,,,,
1085969,2017,2017-07-15,County Ground,2,11.1,South Africa,Australia,T Chetty,L Wolvaardt,EA Perry,0,0,,,,,,,,,
1085969,2017,2017-07-15,County Ground,2,11.2,South Africa,Australia,T Chetty,L Wolvaardt,EA Perry,4,0,,,,,,,,,
1085969,2017,2017-07-15,County Ground,2,11.3,South Africa,Australia,T Chetty,L Wolvaardt,EA Perry,1,0,,,,,,,,,
1085969,2017,2017-07-15,County Ground,2,11.4,South Africa,Australia,L Wolvaardt,T Chetty,EA Perry,0,0,,,,,,,,,
1085969,2017,2017-07-15,County Ground,2,11.5,South Africa,Australia,L Wolvaardt,T Chetty,EA Perry,0,0,,,,,,,,,
1085969,2017,2017-07-15,County Ground,2,11.6,South Africa,Australia,L Wolvaardt,T Chetty,EA Perry,0,0,,,,,,,,,
1085969,2017,2017-07-15,County Ground,2,12.1,South Africa,Australia,T Chetty,L Wolvaardt,A Gardner,1,0,,,,,,,,,
1085969,2017,2017-07-15,County Ground,2,12.2,South Africa,Australia,L Wolvaardt,T Chetty,A Gardner,1,0,,,,,,,,,
1085969,2017,2017-07-15,County Ground,2,12.3,South Africa,Australia,T Chetty,L Wolvaardt,A Gardner,1,0,,,,,,,,,
1085969,2017,2017-07-15,County Ground,2,12.4,South Africa,Australia,L Wolvaardt,T Chetty,A Gardner,1,0,,,,,,,,,
1085969,2017,2017-07-15,County Ground,2,12.5,South Africa,Australia,T Chetty,L Wolvaardt,A Gardner,0,0,,,,,,,,,
1085969,2017,2017-07-15,County Ground,2,12.6,South Africa,Australia,T Chetty,L Wolvaardt,A Gardner,1,0,,,,,,,,,
1085969,2017,2017-07-15,County Ground,2,13.1,South Africa,Australia,T Chetty,L Wolvaardt,EA Perry,1,0,,,,,,,,,
1085969,2017,2017-07-15,County Ground,2,13.2,South Africa,Australia,L Wolvaardt,T Chetty,EA Perry,1,0,,,,,,,,,
1085969,2017,2017-07-15,County Ground,2,13.3,South Africa,Australia,T Chetty,L Wolvaardt,EA Perry,1,0,,,,,,,,,
1085969,2017,2017-07-15,County Ground,2,13.4,South Africa,Australia,L Wolvaardt,T Chetty,EA Perry,1,0,,,,,,,,,
1085969,2017,2017-07-15,County Ground,2,13.5,South Africa,Australia,T Chetty,L Wolvaardt,EA Perry,0,0,,,,,,,,,
1085969,2017,2017-07-15,County Ground,2,13.6,South Africa,Australia,T Chetty,L Wolvaardt,EA Perry,0,0,,,,,,,,,
1085969,2017,2017-07-15,County Ground,2,14.1,South Africa,Australia,L Wolvaardt,T Chetty,A Gardner,0,0,,,,,,,,,
1085969,2017,2017-07-15,County Ground,2,14.2,South Africa,Australia,L Wolvaardt,T Chetty,A Gardner,1,0,,,,,,,,,
1085969,2017,2017-07-15,County Ground,2,14.3,South Africa,Australia,T Chetty,L Wolvaardt,A Gardner,0,0,,,,,,,,,
1085969,2017,2017-07-15,County Ground,2,14.4,South Africa,Australia,T Chetty,L Wolvaardt,A Gardner,1,0,,,,,,,,,
1085969,2017,2017-07-15,County Ground,2,14.5,South Africa,Australia,L Wolvaardt,T Chetty,A Gardner,1,0,,,,,,,,,
1085969,2017,2017-07-15,County Ground,2,14.6,South Africa,Australia,T Chetty,L Wolvaardt,A Gardner,2,0,,,,,,,,,
1085969,2017,2017-07-15,County Ground,2,15.1,South Africa,Australia,L Wolvaardt,T Chetty,KM Beams,0,0,,,,,,,,,
1085969,2017,2017-07-15,County Ground,2,15.2,South Africa,Australia,L Wolvaardt,T Chetty,KM Beams,1,0,,,,,,,,,
1085969,2017,2017-07-15,County Ground,2,15.3,South Africa,Australia,T Chetty,L Wolvaardt,KM Beams,0,0,,,,,,,,,
1085969,2017,2017-07-15,County Ground,2,15.4,South Africa,Australia,T Chetty,L Wolvaardt,KM Beams,1,0,,,,,,,,,
1085969,2017,2017-07-15,County Ground,2,15.5,South Africa,Australia,L Wolvaardt,T Chetty,KM Beams,1,0,,,,,,,,,
1085969,2017,2017-07-15,County Ground,2,15.6,South Africa,Australia,T Chetty,L Wolvaardt,KM Beams,1,0,,,,,,,,,
1085969,2017,2017-07-15,County Ground,2,16.1,South Africa,Australia,T Chetty,L Wolvaardt,A Gardner,1,0,,,,,,,,,
1085969,2017,2017-07-15,County Ground,2,16.2,South Africa,Australia,L Wolvaardt,T Chetty,A Gardner,0,0,,,,,,,,,
1085969,2017,2017-07-15,County Ground,2,16.3,South Africa,Australia,L Wolvaardt,T Chetty,A Gardner,0,0,,,,,,,,,
1085969,2017,2017-07-15,County Ground,2,16.4,South Africa,Australia,L Wolvaardt,T Chetty,A Gardner,0,0,,,,,,,,,
1085969,2017,2017-07-15,County Ground,2,16.5,South Africa,Australia,L Wolvaardt,T Chetty,A Gardner,0,0,,,,,,,,,
1085969,2017,2017-07-15,County Ground,2,16.6,South Africa,Australia,L Wolvaardt,T Chetty,A Gardner,1,0,,,,,,,,,
1085969,2017,2017-07-15,County Ground,2,17.1,South Africa,Australia,L Wolvaardt,T Chetty,KM Beams,1,0,,,,,,,,,
1085969,2017,2017-07-15,County Ground,2,17.2,South Africa,Australia,T Chetty,L Wolvaardt,KM Beams,0,0,,,,,,,,,
1085969,2017,2017-07-15,County Ground,2,17.3,South Africa,Australia,T Chetty,L Wolvaardt,KM Beams,1,0,,,,,,,,,
1085969,2017,2017-07-15,County Ground,2,17.4,South Africa,Australia,L Wolvaardt,T Chetty,KM Beams,1,0,,,,,,,,,
1085969,2017,2017-07-15,County Ground,2,17.5,South Africa,Australia,T Chetty,L Wolvaardt,KM Beams,2,0,,,,,,,,,
1085969,2017,2017-07-15,County Ground,2,17.6,South Africa,Australia,T Chetty,L Wolvaardt,KM Beams,0,0,,,,,,,,,
1085969,2017,2017-07-15,County Ground,2,18.1,South Africa,Australia,L Wolvaardt,T Chetty,EJ Villani,1,0,,,,,,,,,
1085969,2017,2017-07-15,County Ground,2,18.2,South Africa,Australia,T Chetty,L Wolvaardt,EJ Villani,1,0,,,,,,,,,
1085969,2017,2017-07-15,County Ground,2,18.3,South Africa,Australia,L Wolvaardt,T Chetty,EJ Villani,1,0,,,,,,,,,
1085969,2017,2017-07-15,County Ground,2,18.4,South Africa,Australia,T Chetty,L Wolvaardt,EJ Villani,2,0,,,,,,,,,
1085969,2017,2017-07-15,County Ground,2,18.5,South Africa,Australia,T Chetty,L Wolvaardt,EJ Villani,1,0,,,,,,,,,
1085969,2017,2017-07-15,County Ground,2,18.6,South Africa,Australia,L Wolvaardt,T Chetty,EJ Villani,1,0,,,,,,,,,
1085969,2017,2017-07-15,County Ground,2,19.1,South Africa,Australia,L Wolvaardt,T Chetty,KM Beams,1,0,,,,,,,,,
1085969,2017,2017-07-15,County Ground,2,19.2,South Africa,Australia,T Chetty,L Wolvaardt,KM Beams,0,0,,,,,,,,,
1085969,2017,2017-07-15,County Ground,2,19.3,South Africa,Australia,T Chetty,L Wolvaardt,KM Beams,0,0,,,,,,,,,
1085969,2017,2017-07-15,County Ground,2,19.4,South Africa,Australia,T Chetty,L Wolvaardt,KM Beams,1,0,,,,,,,,,
1085969,2017,2017-07-15,County Ground,2,19.5,South Africa,Australia,L Wolvaardt,T Chetty,KM Beams,0,0,,,,,,,,,
1085969,2017,2017-07-15,County Ground,2,19.6,South Africa,Australia,L Wolvaardt,T Chetty,KM Beams,0,0,,,,,,,,,
1085969,2017,2017-07-15,County Ground,2,20.1,South Africa,Australia,T Chetty,L Wolvaardt,EJ Villani,1,0,,,,,,,,,
1085969,2017,2017-07-15,County Ground,2,20.2,South Africa,Australia,L Wolvaardt,T Chetty,EJ Villani,0,0,,,,,,,,,
1085969,2017,2017-07-15,County Ground,2,20.3,South Africa,Australia,L Wolvaardt,T Chetty,EJ Villani,2,0,,,,,,,,,
1085969,2017,2017-07-15,County Ground,2,20.4,South Africa,Australia,L Wolvaardt,T Chetty,EJ Villani,1,0,,,,,,,,,
1085969,2017,2017-07-15,County Ground,2,20.5,South Africa,Australia,T Chetty,L Wolvaardt,EJ Villani,0,0,,,,,,,,,
1085969,2017,2017-07-15,County Ground,2,20.6,South Africa,Australia,T Chetty,L Wolvaardt,EJ Villani,1,0,,,,,,,,,
1085969,2017,2017-07-15,County Ground,2,21.1,South Africa,Australia,T Chetty,L Wolvaardt,KM Beams,0,0,,,,,,,,,
1085969,2017,2017-07-15,County Ground,2,21.2,South Africa,Australia,T Chetty,L Wolvaardt,KM Beams,1,0,,,,,,run out,T Chetty,,
1085969,2017,2017-07-15,County Ground,2,21.3,South Africa,Australia,M du Preez,L Wolvaardt,KM Beams,0,0,,,,,,,,,
1085969,2017,2017-07-15,County Ground,2,21.4,South Africa,Australia,M du Preez,L Wolvaardt,KM Beams,0,0,,,,,,,,,
1085969,2017,2017-07-15,County Ground,2,21.5,South Africa,Australia,M du Preez,L Wolvaardt,KM Beams,0,0,,,,,,,,,
1085969,2017,2017-07-15,County Ground,2,21.6,South Africa,Australia,M du Preez,L Wolvaardt,KM Beams,0,0,,,,,,,,,
1085969,2017,2017-07-15,County Ground,2,22.1,South Africa,Australia,L Wolvaardt,M du Preez,ML Schutt,1,0,,,,,,,,,
1085969,2017,2017-07-15,County Ground,2,22.2,South Africa,Australia,M du Preez,L Wolvaardt,ML Schutt,4,0,,,,,,,,,
1085969,2017,2017-07-15,County Ground,2,22.3,South Africa,Australia,M du Preez,L Wolvaardt,ML Schutt,1,0,,,,,,,,,
1085969,2017,2017-07-15,County Ground,2,22.4,South Africa,Australia,L Wolvaardt,M du Preez,ML Schutt,0,0,,,,,,,,,
1085969,2017,2017-07-15,County Ground,2,22.5,South Africa,Australia,L Wolvaardt,M du Preez,ML Schutt,1,0,,,,,,,,,
1085969,2017,2017-07-15,County Ground,2,22.6,South Africa,Australia,M du Preez,L Wolvaardt,ML Schutt,1,0,,,,,,,,,
1085969,2017,2017-07-15,County Ground,2,23.1,South Africa,Australia,M du Preez,L Wolvaardt,KM Beams,0,0,,,,,,,,,
1085969,2017,2017-07-15,County Ground,2,23.2,South Africa,Australia,M du Preez,L Wolvaardt,KM Beams,0,0,,,,,,,,,
1085969,2017,2017-07-15,County Ground,2,23.3,South Africa,Australia,M du Preez,L Wolvaardt,KM Beams,1,0,,,,,,,,,
1085969,2017,2017-07-15,County Ground,2,23.4,South Africa,Australia,L Wolvaardt,M du Preez,KM Beams,0,0,,,,,,,,,
1085969,2017,2017-07-15,County Ground,2,23.5,South Africa,Australia,L Wolvaardt,M du Preez,KM Beams,0,0,,,,,,,,,
1085969,2017,2017-07-15,County Ground,2,23.6,South Africa,Australia,L Wolvaardt,M du Preez,KM Beams,0,0,,,,,,,,,
1085969,2017,2017-07-15,County Ground,2,24.1,South Africa,Australia,M du Preez,L Wolvaardt,JL Jonassen,0,0,,,,,,,,,
1085969,2017,2017-07-15,County Ground,2,24.2,South Africa,Australia,M du Preez,L Wolvaardt,JL Jonassen,2,0,,,,,,,,,
1085969,2017,2017-07-15,County Ground,2,24.3,South Africa,Australia,M du Preez,L Wolvaardt,JL Jonassen,0,0,,,,,,,,,
1085969,2017,2017-07-15,County Ground,2,24.4,South Africa,Australia,M du Preez,L Wolvaardt,JL Jonassen,1,0,,,,,,,,,
1085969,2017,2017-07-15,County Ground,2,24.5,South Africa,Australia,L Wolvaardt,M du Preez,JL Jonassen,1,0,,,,,,,,,
1085969,2017,2017-07-15,County Ground,2,24.6,South Africa,Australia,M du Preez,L Wolvaardt,JL Jonassen,0,0,,,,,,,,,
1085969,2017,2017-07-15,County Ground,2,25.1,South Africa,Australia,L Wolvaardt,M du Preez,A Gardner,0,0,,,,,,,,,
1085969,2017,2017-07-15,County Ground,2,25.2,South Africa,Australia,L Wolvaardt,M du Preez,A Gardner,1,0,,,,,,,,,
1085969,2017,2017-07-15,County Ground,2,25.3,South Africa,Australia,M du Preez,L Wolvaardt,A Gardner,1,0,,,,,,,,,
1085969,2017,2017-07-15,County Ground,2,25.4,South Africa,Australia,L Wolvaardt,M du Preez,A Gardner,0,0,,,,,,,,,
1085969,2017,2017-07-15,County Ground,2,25.5,South Africa,Australia,L Wolvaardt,M du Preez,A Gardner,1,0,,,,,,,,,
1085969,2017,2017-07-15,County Ground,2,25.6,South Africa,Australia,M du Preez,L Wolvaardt,A Gardner,1,0,,,,,,,,,
1085969,2017,2017-07-15,County Ground,2,26.1,South Africa,Australia,M du Preez,L Wolvaardt,JL Jonassen,4,0,,,,,,,,,
1085969,2017,2017-07-15,County Ground,2,26.2,South Africa,Australia,M du Preez,L Wolvaardt,JL Jonassen,0,0,,,,,,,,,
1085969,2017,2017-07-15,County Ground,2,26.3,South Africa,Australia,M du Preez,L Wolvaardt,JL Jonassen,0,0,,,,,,,,,
1085969,2017,2017-07-15,County Ground,2,26.4,South Africa,Australia,M du Preez,L Wolvaardt,JL Jonassen,1,0,,,,,,,,,
1085969,2017,2017-07-15,County Ground,2,26.5,South Africa,Australia,L Wolvaardt,M du Preez,JL Jonassen,1,0,,,,,,,,,
1085969,2017,2017-07-15,County Ground,2,26.6,South Africa,Australia,M du Preez,L Wolvaardt,JL Jonassen,0,0,,,,,,,,,
1085969,2017,2017-07-15,County Ground,2,27.1,South Africa,Australia,L Wolvaardt,M du Preez,A Gardner,0,0,,,,,,,,,
1085969,2017,2017-07-15,County Ground,2,27.2,South Africa,Australia,L Wolvaardt,M du Preez,A Gardner,1,0,,,,,,,,,
1085969,2017,2017-07-15,County Ground,2,27.3,South Africa,Australia,M du Preez,L Wolvaardt,A Gardner,1,0,,,,,,,,,
1085969,2017,2017-07-15,County Ground,2,27.4,South Africa,Australia,L Wolvaardt,M du Preez,A Gardner,0,0,,,,,,,,,
1085969,2017,2017-07-15,County Ground,2,27.5,South Africa,Australia,L Wolvaardt,M du Preez,A Gardner,1,0,,,,,,,,,
1085969,2017,2017-07-15,County Ground,2,27.6,South Africa,Australia,M du Preez,L Wolvaardt,A Gardner,0,1,,,1,,,,,,
1085969,2017,2017-07-15,County Ground,2,28.1,South Africa,Australia,M du Preez,L Wolvaardt,JL Jonassen,0,0,,,,,,,,,
1085969,2017,2017-07-15,County Ground,2,28.2,South Africa,Australia,M du Preez,L Wolvaardt,JL Jonassen,0,0,,,,,,,,,
1085969,2017,2017-07-15,County Ground,2,28.3,South Africa,Australia,M du Preez,L Wolvaardt,JL Jonassen,1,0,,,,,,,,,
1085969,2017,2017-07-15,County Ground,2,28.4,South Africa,Australia,L Wolvaardt,M du Preez,JL Jonassen,1,0,,,,,,,,,
1085969,2017,2017-07-15,County Ground,2,28.5,South Africa,Australia,M du Preez,L Wolvaardt,JL Jonassen,0,0,,,,,,,,,
1085969,2017,2017-07-15,County Ground,2,28.6,South Africa,Australia,M du Preez,L Wolvaardt,JL Jonassen,0,0,,,,,,,,,
1085969,2017,2017-07-15,County Ground,2,29.1,South Africa,Australia,L Wolvaardt,M du Preez,A Gardner,0,0,,,,,,,,,
1085969,2017,2017-07-15,County Ground,2,29.2,South Africa,Australia,L Wolvaardt,M du Preez,A Gardner,2,0,,,,,,,,,
1085969,2017,2017-07-15,County Ground,2,29.3,South Africa,Australia,L Wolvaardt,M du Preez,A Gardner,1,0,,,,,,,,,
1085969,2017,2017-07-15,County Ground,2,29.4,South Africa,Australia,M du Preez,L Wolvaardt,A Gardner,0,0,,,,,,,,,
1085969,2017,2017-07-15,County Ground,2,29.5,South Africa,Australia,M du Preez,L Wolvaardt,A Gardner,0,0,,,,,,,,,
1085969,2017,2017-07-15,County Ground,2,29.6,South Africa,Australia,M du Preez,L Wolvaardt,A Gardner,1,0,,,,,,,,,
1085969,2017,2017-07-15,County Ground,2,30.1,South Africa,Australia,M du Preez,L Wolvaardt,RL Haynes,0,0,,,,,,caught,M du Preez,,
1085969,2017,2017-07-15,County Ground,2,30.2,South Africa,Australia,L Wolvaardt,M Kapp,RL Haynes,0,0,,,,,,,,,
1085969,2017,2017-07-15,County Ground,2,30.3,South Africa,Australia,L Wolvaardt,M Kapp,RL Haynes,1,0,,,,,,,,,
1085969,2017,2017-07-15,County Ground,2,30.4,South Africa,Australia,M Kapp,L Wolvaardt,RL Haynes,1,0,,,,,,,,,
1085969,2017,2017-07-15,County Ground,2,30.5,South Africa,Australia,L Wolvaardt,M Kapp,RL Haynes,1,0,,,,,,,,,
1085969,2017,2017-07-15,County Ground,2,30.6,South Africa,Australia,M Kapp,L Wolvaardt,RL Haynes,0,0,,,,,,,,,
1085969,2017,2017-07-15,County Ground,2,31.1,South Africa,Australia,L Wolvaardt,M Kapp,KM Beams,0,0,,,,,,,,,
1085969,2017,2017-07-15,County Ground,2,31.2,South Africa,Australia,L Wolvaardt,M Kapp,KM Beams,1,0,,,,,,,,,
1085969,2017,2017-07-15,County Ground,2,31.3,South Africa,Australia,M Kapp,L Wolvaardt,KM Beams,0,0,,,,,,,,,
1085969,2017,2017-07-15,County Ground,2,31.4,South Africa,Australia,M Kapp,L Wolvaardt,KM Beams,0,0,,,,,,,,,
1085969,2017,2017-07-15,County Ground,2,31.5,South Africa,Australia,M Kapp,L Wolvaardt,KM Beams,0,0,,,,,,,,,
1085969,2017,2017-07-15,County Ground,2,31.6,South Africa,Australia,M Kapp,L Wolvaardt,KM Beams,4,0,,,,,,,,,
1085969,2017,2017-07-15,County Ground,2,32.1,South Africa,Australia,L Wolvaardt,M Kapp,RL Haynes,2,0,,,,,,,,,
1085969,2017,2017-07-15,County Ground,2,32.2,South Africa,Australia,L Wolvaardt,M Kapp,RL Haynes,1,0,,,,,,,,,
1085969,2017,2017-07-15,County Ground,2,32.3,South Africa,Australia,M Kapp,L Wolvaardt,RL Haynes,4,0,,,,,,,,,
1085969,2017,2017-07-15,County Ground,2,32.4,South Africa,Australia,M Kapp,L Wolvaardt,RL Haynes,1,0,,,,,,,,,
1085969,2017,2017-07-15,County Ground,2,32.5,South Africa,Australia,L Wolvaardt,M Kapp,RL Haynes,0,0,,,,,,caught,L Wolvaardt,,
1085969,2017,2017-07-15,County Ground,2,32.6,South Africa,Australia,M Kapp,S Luus,RL Haynes,1,0,,,,,,,,,
1085969,2017,2017-07-15,County Ground,2,33.1,South Africa,Australia,M Kapp,S Luus,KM Beams,1,0,,,,,,,,,
1085969,2017,2017-07-15,County Ground,2,33.2,South Africa,Australia,S Luus,M Kapp,KM Beams,0,0,,,,,,,,,
1085969,2017,2017-07-15,County Ground,2,33.3,South Africa,Australia,S Luus,M Kapp,KM Beams,0,0,,,,,,,,,
1085969,2017,2017-07-15,County Ground,2,33.4,South Africa,Australia,S Luus,M Kapp,KM Beams,0,0,,,,,,,,,
1085969,2017,2017-07-15,County Ground,2,33.5,South Africa,Australia,S Luus,M Kapp,KM Beams,0,0,,,,,,,,,
1085969,2017,2017-07-15,County Ground,2,33.6,South Africa,Australia,S Luus,M Kapp,KM Beams,0,0,,,,,,,,,
1085969,2017,2017-07-15,County Ground,2,34.1,South Africa,Australia,M Kapp,S Luus,EA Perry,1,0,,,,,,,,,
1085969,2017,2017-07-15,County Ground,2,34.2,South Africa,Australia,S Luus,M Kapp,EA Perry,2,0,,,,,,,,,
1085969,2017,2017-07-15,County Ground,2,34.3,South Africa,Australia,S Luus,M Kapp,EA Perry,0,0,,,,,,,,,
1085969,2017,2017-07-15,County Ground,2,34.4,South Africa,Australia,S Luus,M Kapp,EA Perry,0,0,,,,,,,,,
1085969,2017,2017-07-15,County Ground,2,34.5,South Africa,Australia,S Luus,M Kapp,EA Perry,0,0,,,,,,,,,
1085969,2017,2017-07-15,County Ground,2,34.6,South Africa,Australia,S Luus,M Kapp,EA Perry,1,0,,,,,,,,,
1085969,2017,2017-07-15,County Ground,2,35.1,South Africa,Australia,S Luus,M Kapp,JL Jonassen,1,0,,,,,,,,,
1085969,2017,2017-07-15,County Ground,2,35.2,South Africa,Australia,M Kapp,S Luus,JL Jonassen,1,0,,,,,,,,,
1085969,2017,2017-07-15,County Ground,2,35.3,South Africa,Australia,S Luus,M Kapp,JL Jonassen,1,0,,,,,,,,,
1085969,2017,2017-07-15,County Ground,2,35.4,South Africa,Australia,M Kapp,S Luus,JL Jonassen,4,0,,,,,,,,,
1085969,2017,2017-07-15,County Ground,2,35.5,South Africa,Australia,M Kapp,S Luus,JL Jonassen,1,0,,,,,,,,,
1085969,2017,2017-07-15,County Ground,2,35.6,South Africa,Australia,S Luus,M Kapp,JL Jonassen,0,0,,,,,,,,,
1085969,2017,2017-07-15,County Ground,2,36.1,South Africa,Australia,M Kapp,S Luus,EA Perry,0,0,,,,,,,,,
1085969,2017,2017-07-15,County Ground,2,36.2,South Africa,Australia,M Kapp,S Luus,EA Perry,0,0,,,,,,run out,M Kapp,,
1085969,2017,2017-07-15,County Ground,2,36.3,South Africa,Australia,S Luus,D van Niekerk,EA Perry,1,0,,,,,,,,,
1085969,2017,2017-07-15,County Ground,2,36.4,South Africa,Australia,D van Niekerk,S Luus,EA Perry,0,0,,,,,,,,,
1085969,2017,2017-07-15,County Ground,2,36.5,South Africa,Australia,D van Niekerk,S Luus,EA Perry,1,0,,,,,,,,,
1085969,2017,2017-07-15,County Ground,2,36.6,South Africa,Australia,S Luus,D van Niekerk,EA Perry,0,0,,,,,,,,,
1085969,2017,2017-07-15,County Ground,2,37.1,South Africa,Australia,D van Niekerk,S Luus,JL Jonassen,0,0,,,,,,,,,
1085969,2017,2017-07-15,County Ground,2,37.2,South Africa,Australia,D van Niekerk,S Luus,JL Jonassen,0,0,,,,,,,,,
1085969,2017,2017-07-15,County Ground,2,37.3,South Africa,Australia,D van Niekerk,S Luus,JL Jonassen,0,0,,,,,,bowled,D van Niekerk,,
1085969,2017,2017-07-15,County Ground,2,37.4,South Africa,Australia,S Ismail,S Luus,JL Jonassen,0,0,,,,,,,,,
1085969,2017,2017-07-15,County Ground,2,37.5,South Africa,Australia,S Ismail,S Luus,JL Jonassen,0,0,,,,,,,,,
1085969,2017,2017-07-15,County Ground,2,37.6,South Africa,Australia,S Ismail,S Luus,JL Jonassen,0,0,,,,,,,,,
1085969,2017,2017-07-15,County Ground,2,38.1,South Africa,Australia,S Luus,S Ismail,EA Perry,0,0,,,,,,caught,S Luus,,
1085969,2017,2017-07-15,County Ground,2,38.2,South Africa,Australia,A Khaka,S Ismail,EA Perry,0,1,1,,,,,,,,
1085969,2017,2017-07-15,County Ground,2,38.3,South Africa,Australia,A Khaka,S Ismail,EA Perry,0,0,,,,,,lbw,A Khaka,,
1085969,2017,2017-07-15,County Ground,2,38.4,South Africa,Australia,M Klaas,S Ismail,EA Perry,1,0,,,,,,,,,
1085969,2017,2017-07-15,County Ground,2,38.5,South Africa,Australia,S Ismail,M Klaas,EA Perry,0,0,,,,,,,,,
1085969,2017,2017-07-15,County Ground,2,38.6,South Africa,Australia,S Ismail,M Klaas,EA Perry,1,0,,,,,,,,,
1085969,2017,2017-07-15,County Ground,2,38.7,South Africa,Australia,M Klaas,S Ismail,EA Perry,0,1,,,,1,,,,,
1085969,2017,2017-07-15,County Ground,2,39.1,South Africa,Australia,M Klaas,S Ismail,JL Jonassen,1,0,,,,,,,,,
1085969,2017,2017-07-15,County Ground,2,39.2,South Africa,Australia,S Ismail,M Klaas,JL Jonassen,0,0,,,,,,,,,
1085969,2017,2017-07-15,County Ground,2,39.3,South Africa,Australia,S Ismail,M Klaas,JL Jonassen,0,0,,,,,,,,,
1085969,2017,2017-07-15,County Ground,2,39.4,South Africa,Australia,S Ismail,M Klaas,JL Jonassen,1,0,,,,,,,,,
1085969,2017,2017-07-15,County Ground,2,39.5,South Africa,Australia,M Klaas,S Ismail,JL Jonassen,1,0,,,,,,,,,
1085969,2017,2017-07-15,County Ground,2,39.6,South Africa,Australia,S Ismail,M Klaas,JL Jonassen,0,0,,,,,,,,,
1085969,2017,2017-07-15,County Ground,2,40.1,South Africa,Australia,M Klaas,S Ismail,EA Perry,1,0,,,,,,,,,
1085969,2017,2017-07-15,County Ground,2,40.2,South Africa,Australia,S Ismail,M Klaas,EA Perry,0,0,,,,,,,,,
1085969,2017,2017-07-15,County Ground,2,40.3,South Africa,Australia,S Ismail,M Klaas,EA Perry,1,0,,,,,,,,,
1085969,2017,2017-07-15,County Ground,2,40.4,South Africa,Australia,M Klaas,S Ismail,EA Perry,1,0,,,,,,,,,
1085969,2017,2017-07-15,County Ground,2,40.5,South Africa,Australia,S Ismail,M Klaas,EA Perry,2,0,,,,,,,,,
1085969,2017,2017-07-15,County Ground,2,40.6,South Africa,Australia,S Ismail,M Klaas,EA Perry,0,0,,,,,,,,,
1085969,2017,2017-07-15,County Ground,2,41.1,South Africa,Australia,M Klaas,S Ismail,JL Jonassen,0,0,,,,,,,,,
1085969,2017,2017-07-15,County Ground,2,41.2,South Africa,Australia,M Klaas,S Ismail,JL Jonassen,0,0,,,,,,,,,
1085969,2017,2017-07-15,County Ground,2,41.3,South Africa,Australia,M Klaas,S Ismail,JL Jonassen,0,0,,,,,,,,,
1085969,2017,2017-07-15,County Ground,2,41.4,South Africa,Australia,M Klaas,S Ismail,JL Jonassen,0,0,,,,,,,,,
1085969,2017,2017-07-15,County Ground,2,41.5,South Africa,Australia,M Klaas,S Ismail,JL Jonassen,1,0,,,,,,,,,
1085969,2017,2017-07-15,County Ground,2,41.6,South Africa,Australia,S Ismail,M Klaas,JL Jonassen,1,0,,,,,,,,,
1085969,2017,2017-07-15,County Ground,2,42.1,South Africa,Australia,S Ismail,M Klaas,A Gardner,0,0,,,,,,,,,
1085969,2017,2017-07-15,County Ground,2,42.2,South Africa,Australia,S Ismail,M Klaas,A Gardner,0,0,,,,,,,,,
1085969,2017,2017-07-15,County Ground,2,42.3,South Africa,Australia,S Ismail,M Klaas,A Gardner,0,0,,,,,,,,,
1085969,2017,2017-07-15,County Ground,2,42.4,South Africa,Australia,S Ismail,M Klaas,A Gardner,1,0,,,,,,,,,
1085969,2017,2017-07-15,County Ground,2,42.5,South Africa,Australia,M Klaas,S Ismail,A Gardner,1,0,,,,,,,,,
1085969,2017,2017-07-15,County Ground,2,42.6,South Africa,Australia,S Ismail,M Klaas,A Gardner,0,0,,,,,,,,,
1085969,2017,2017-07-15,County Ground,2,43.1,South Africa,Australia,M Klaas,S Ismail,KM Beams,0,0,,,,,,,,,
1085969,2017,2017-07-15,County Ground,2,43.2,South Africa,Australia,M Klaas,S Ismail,KM Beams,0,0,,,,,,,,,
1085969,2017,2017-07-15,County Ground,2,43.3,South Africa,Australia,M Klaas,S Ismail,KM Beams,0,0,,,,,,,,,
1085969,2017,2017-07-15,County Ground,2,43.4,South Africa,Australia,M Klaas,S Ismail,KM Beams,2,0,,,,,,,,,
1085969,2017,2017-07-15,County Ground,2,43.5,South Africa,Australia,M Klaas,S Ismail,KM Beams,0,0,,,,,,,,,
1085969,2017,2017-07-15,County Ground,2,43.6,South Africa,Australia,M Klaas,S Ismail,KM Beams,0,0,,,,,,,,,
1085969,2017,2017-07-15,County Ground,2,44.1,South Africa,Australia,S Ismail,M Klaas,A Gardner,0,0,,,,,,,,,
1085969,2017,2017-07-15,County Ground,2,44.2,South Africa,Australia,S Ismail,M Klaas,A Gardner,0,0,,,,,,,,,
1085969,2017,2017-07-15,County Ground,2,44.3,South Africa,Australia,S Ismail,M Klaas,A Gardner,0,0,,,,,,,,,
1085969,2017,2017-07-15,County Ground,2,44.4,South Africa,Australia,S Ismail,M Klaas,A Gardner,0,0,,,,,,,,,
1085969,2017,2017-07-15,County Ground,2,44.5,South Africa,Australia,S Ismail,M Klaas,A Gardner,1,0,,,,,,,,,
1085969,2017,2017-07-15,County Ground,2,44.6,South Africa,Australia,M Klaas,S Ismail,A Gardner,0,0,,,,,,,,,
1085969,2017,2017-07-15,County Ground,2,45.1,South Africa,Australia,S Ismail,M Klaas,KM Beams,0,0,,,,,,,,,
1085969,2017,2017-07-15,County Ground,2,45.2,South Africa,Australia,S Ismail,M Klaas,KM Beams,1,0,,,,,,,,,
1085969,2017,2017-07-15,County Ground,2,45.3,South Africa,Australia,M Klaas,S Ismail,KM Beams,0,0,,,,,,bowled,M Klaas,,
1085969,2017,2017-07-15,County Ground,2,45.4,South Africa,Australia,M Daniels,S Ismail,KM Beams,0,0,,,,,,,,,
1085969,2017,2017-07-15,County Ground,2,45.5,South Africa,Australia,M Daniels,S Ismail,KM Beams,0,0,,,,,,,,,
1085969,2017,2017-07-15,County Ground,2,45.6,South Africa,Australia,M Daniels,S Ismail,KM Beams,0,0,,,,,,,,,
1085969,2017,2017-07-15,County Ground,2,46.1,South Africa,Australia,S Ismail,M Daniels,EA Perry,4,0,,,,,,,,,
1085969,2017,2017-07-15,County Ground,2,46.2,South Africa,Australia,S Ismail,M Daniels,EA Perry,0,0,,,,,,,,,
1085969,2017,2017-07-15,County Ground,2,46.3,South Africa,Australia,S Ismail,M Daniels,EA Perry,0,0,,,,,,,,,
1085969,2017,2017-07-15,County Ground,2,46.4,South Africa,Australia,S Ismail,M Daniels,EA Perry,0,0,,,,,,,,,
1085969,2017,2017-07-15,County Ground,2,46.5,South Africa,Australia,S Ismail,M Daniels,EA Perry,1,0,,,,,,,,,
1085969,2017,2017-07-15,County Ground,2,46.6,South Africa,Australia,M Daniels,S Ismail,EA Perry,0,0,,,,,,,,,
1085969,2017,2017-07-15,County Ground,2,47.1,South Africa,Australia,S Ismail,M Daniels,KM Beams,0,0,,,,,,,,,
1085969,2017,2017-07-15,County Ground,2,47.2,South Africa,Australia,S Ismail,M Daniels,KM Beams,0,0,,,,,,,,,
1085969,2017,2017-07-15,County Ground,2,47.3,South Africa,Australia,S Ismail,M Daniels,KM Beams,4,0,,,,,,,,,
1085969,2017,2017-07-15,County Ground,2,47.4,South Africa,Australia,S Ismail,M Daniels,KM Beams,1,0,,,,,,,,,
1085969,2017,2017-07-15,County Ground,2,47.5,South Africa,Australia,M Daniels,S Ismail,KM Beams,0,0,,,,,,,,,
1085969,2017,2017-07-15,County Ground,2,47.6,South Africa,Australia,M Daniels,S Ismail,KM Beams,1,0,,,,,,,,,
1085969,2017,2017-07-15,County Ground,2,48.1,South Africa,Australia,M Daniels,S Ismail,EA Perry,0,0,,,,,,,,,
1085969,2017,2017-07-15,County Ground,2,48.2,South Africa,Australia,M Daniels,S Ismail,EA Perry,4,0,,,,,,,,,
1085969,2017,2017-07-15,County Ground,2,48.3,South Africa,Australia,M Daniels,S Ismail,EA Perry,0,1,1,,,,,,,,
1085969,2017,2017-07-15,County Ground,2,48.4,South Africa,Australia,M Daniels,S Ismail,EA Perry,0,0,,,,,,,,,
1085969,2017,2017-07-15,County Ground,2,48.5,South Africa,Australia,M Daniels,S Ismail,EA Perry,1,0,,,,,,,,,
1085969,2017,2017-07-15,County Ground,2,48.6,South Africa,Australia,S Ismail,M Daniels,EA Perry,2,0,,,,,,,,,
1085969,2017,2017-07-15,County Ground,2,48.7,South Africa,Australia,S Ismail,M Daniels,EA Perry,4,0,,,,,,,,,
1085969,2017,2017-07-15,County Ground,2,49.1,South Africa,Australia,M Daniels,S Ismail,ML Schutt,1,0,,,,,,,,,
1085969,2017,2017-07-15,County Ground,2,49.2,South Africa,Australia,S Ismail,M Daniels,ML Schutt,0,0,,,,,,,,,
1085969,2017,2017-07-15,County Ground,2,49.3,South Africa,Australia,S Ismail,M Daniels,ML Schutt,1,0,,,,,,,,,
1085969,2017,2017-07-15,County Ground,2,49.4,South Africa,Australia,M Daniels,S Ismail,ML Schutt,0,1,,,,1,,,,,
1085969,2017,2017-07-15,County Ground,2,49.5,South Africa,Australia,S Ismail,M Daniels,ML Schutt,0,0,,,,,,,,,
1085969,2017,2017-07-15,County Ground,2,49.6,South Africa,Australia,S Ismail,M Daniels,ML Schutt,0,0,,,,,,caught,S Ismail,,
