match_id,season,start_date,venue,innings,ball,batting_team,bowling_team,striker,non_striker,bowler,runs_off_bat,extras,wides,noballs,byes,legbyes,penalty,wicket_type,player_dismissed,other_wicket_type,other_player_dismissed
1089530,2017,2017-05-19,North-West University No1 Ground,1,0.1,South Africa,Ireland,A Steyn,S Luus,L Little,0,0,,,,,,,,,
1089530,2017,2017-05-19,North-West University No1 Ground,1,0.2,South Africa,Ireland,A Steyn,S Luus,L Little,0,0,,,,,,,,,
1089530,2017,2017-05-19,North-West University No1 Ground,1,0.3,South Africa,Ireland,A Steyn,S Luus,L Little,0,0,,,,,,,,,
1089530,2017,2017-05-19,North-West University No1 Ground,1,0.4,South Africa,Ireland,A Steyn,S Luus,L Little,1,0,,,,,,,,,
1089530,2017,2017-05-19,North-West University No1 Ground,1,0.5,South Africa,Ireland,S Luus,A Steyn,L Little,0,0,,,,,,,,,
1089530,2017,2017-05-19,North-West University No1 Ground,1,0.6,South Africa,Ireland,S Luus,A Steyn,L Little,0,1,1,,,,,,,,
1089530,2017,2017-05-19,North-West University No1 Ground,1,0.7,South Africa,Ireland,S Luus,A Steyn,L Little,0,0,,,,,,,,,
1089530,2017,2017-05-19,North-West University No1 Ground,1,1.1,South Africa,Ireland,A Steyn,S Luus,A Beggs,0,0,,,,,,,,,
1089530,2017,2017-05-19,North-West University No1 Ground,1,1.2,South Africa,Ireland,A Steyn,S Luus,A Beggs,0,0,,,,,,,,,
1089530,2017,2017-05-19,North-West University No1 Ground,1,1.3,South Africa,Ireland,A Steyn,S Luus,A Beggs,0,0,,,,,,,,,
1089530,2017,2017-05-19,North-West University No1 Ground,1,1.4,South Africa,Ireland,A Steyn,S Luus,A Beggs,0,0,,,,,,,,,
1089530,2017,2017-05-19,North-West University No1 Ground,1,1.5,South Africa,Ireland,A Steyn,S Luus,A Beggs,0,0,,,,,,,,,
1089530,2017,2017-05-19,North-West University No1 Ground,1,1.6,South Africa,Ireland,A Steyn,S Luus,A Beggs,4,0,,,,,,,,,
1089530,2017,2017-05-19,North-West University No1 Ground,1,2.1,South Africa,Ireland,S Luus,A Steyn,L Little,1,0,,,,,,,,,
1089530,2017,2017-05-19,North-West University No1 Ground,1,2.2,South Africa,Ireland,A Steyn,S Luus,L Little,2,0,,,,,,,,,
1089530,2017,2017-05-19,North-West University No1 Ground,1,2.3,South Africa,Ireland,A Steyn,S Luus,L Little,0,0,,,,,,,,,
1089530,2017,2017-05-19,North-West University No1 Ground,1,2.4,South Africa,Ireland,A Steyn,S Luus,L Little,0,0,,,,,,,,,
1089530,2017,2017-05-19,North-West University No1 Ground,1,2.5,South Africa,Ireland,A Steyn,S Luus,L Little,0,1,1,,,,,,,,
1089530,2017,2017-05-19,North-West University No1 Ground,1,2.6,South Africa,Ireland,A Steyn,S Luus,L Little,0,0,,,,,,,,,
1089530,2017,2017-05-19,North-West University No1 Ground,1,2.7,South Africa,Ireland,A Steyn,S Luus,L Little,0,0,,,,,,,,,
1089530,2017,2017-05-19,North-West University No1 Ground,1,3.1,South Africa,Ireland,S Luus,A Steyn,A Beggs,0,0,,,,,,,,,
1089530,2017,2017-05-19,North-West University No1 Ground,1,3.2,South Africa,Ireland,S Luus,A Steyn,A Beggs,0,0,,,,,,,,,
1089530,2017,2017-05-19,North-West University No1 Ground,1,3.3,South Africa,Ireland,S Luus,A Steyn,A Beggs,0,0,,,,,,,,,
1089530,2017,2017-05-19,North-West University No1 Ground,1,3.4,South Africa,Ireland,S Luus,A Steyn,A Beggs,0,0,,,,,,,,,
1089530,2017,2017-05-19,North-West University No1 Ground,1,3.5,South Africa,Ireland,S Luus,A Steyn,A Beggs,1,0,,,,,,,,,
1089530,2017,2017-05-19,North-West University No1 Ground,1,3.6,South Africa,Ireland,A Steyn,S Luus,A Beggs,0,1,1,,,,,,,,
1089530,2017,2017-05-19,North-West University No1 Ground,1,3.7,South Africa,Ireland,A Steyn,S Luus,A Beggs,0,0,,,,,,,,,
1089530,2017,2017-05-19,North-West University No1 Ground,1,4.1,South Africa,Ireland,S Luus,A Steyn,L Little,0,0,,,,,,,,,
1089530,2017,2017-05-19,North-West University No1 Ground,1,4.2,South Africa,Ireland,S Luus,A Steyn,L Little,1,0,,,,,,,,,
1089530,2017,2017-05-19,North-West University No1 Ground,1,4.3,South Africa,Ireland,A Steyn,S Luus,L Little,0,0,,,,,,,,,
1089530,2017,2017-05-19,North-West University No1 Ground,1,4.4,South Africa,Ireland,A Steyn,S Luus,L Little,0,0,,,,,,,,,
1089530,2017,2017-05-19,North-West University No1 Ground,1,4.5,South Africa,Ireland,A Steyn,S Luus,L Little,0,0,,,,,,,,,
1089530,2017,2017-05-19,North-West University No1 Ground,1,4.6,South Africa,Ireland,A Steyn,S Luus,L Little,4,0,,,,,,,,,
1089530,2017,2017-05-19,North-West University No1 Ground,1,5.1,South Africa,Ireland,S Luus,A Steyn,A Beggs,2,0,,,,,,,,,
1089530,2017,2017-05-19,North-West University No1 Ground,1,5.2,South Africa,Ireland,S Luus,A Steyn,A Beggs,1,0,,,,,,,,,
1089530,2017,2017-05-19,North-West University No1 Ground,1,5.3,South Africa,Ireland,A Steyn,S Luus,A Beggs,1,0,,,,,,,,,
1089530,2017,2017-05-19,North-West University No1 Ground,1,5.4,South Africa,Ireland,S Luus,A Steyn,A Beggs,0,0,,,,,,,,,
1089530,2017,2017-05-19,North-West University No1 Ground,1,5.5,South Africa,Ireland,S Luus,A Steyn,A Beggs,1,0,,,,,,,,,
1089530,2017,2017-05-19,North-West University No1 Ground,1,5.6,South Africa,Ireland,A Steyn,S Luus,A Beggs,1,0,,,,,,,,,
1089530,2017,2017-05-19,North-West University No1 Ground,1,6.1,South Africa,Ireland,A Steyn,S Luus,L Little,4,0,,,,,,,,,
1089530,2017,2017-05-19,North-West University No1 Ground,1,6.2,South Africa,Ireland,A Steyn,S Luus,L Little,2,0,,,,,,,,,
1089530,2017,2017-05-19,North-West University No1 Ground,1,6.3,South Africa,Ireland,A Steyn,S Luus,L Little,0,0,,,,,,,,,
1089530,2017,2017-05-19,North-West University No1 Ground,1,6.4,South Africa,Ireland,A Steyn,S Luus,L Little,0,0,,,,,,,,,
1089530,2017,2017-05-19,North-West University No1 Ground,1,6.5,South Africa,Ireland,A Steyn,S Luus,L Little,4,0,,,,,,,,,
1089530,2017,2017-05-19,North-West University No1 Ground,1,6.6,South Africa,Ireland,A Steyn,S Luus,L Little,4,0,,,,,,,,,
1089530,2017,2017-05-19,North-West University No1 Ground,1,7.1,South Africa,Ireland,S Luus,A Steyn,A Beggs,0,0,,,,,,,,,
1089530,2017,2017-05-19,North-West University No1 Ground,1,7.2,South Africa,Ireland,S Luus,A Steyn,A Beggs,1,0,,,,,,,,,
1089530,2017,2017-05-19,North-West University No1 Ground,1,7.3,South Africa,Ireland,A Steyn,S Luus,A Beggs,1,0,,,,,,,,,
1089530,2017,2017-05-19,North-West University No1 Ground,1,7.4,South Africa,Ireland,S Luus,A Steyn,A Beggs,0,0,,,,,,,,,
1089530,2017,2017-05-19,North-West University No1 Ground,1,7.5,South Africa,Ireland,S Luus,A Steyn,A Beggs,6,0,,,,,,,,,
1089530,2017,2017-05-19,North-West University No1 Ground,1,7.6,South Africa,Ireland,S Luus,A Steyn,A Beggs,0,0,,,,,,,,,
1089530,2017,2017-05-19,North-West University No1 Ground,1,8.1,South Africa,Ireland,A Steyn,S Luus,Rachel Delaney,2,0,,,,,,,,,
1089530,2017,2017-05-19,North-West University No1 Ground,1,8.2,South Africa,Ireland,A Steyn,S Luus,Rachel Delaney,1,0,,,,,,,,,
1089530,2017,2017-05-19,North-West University No1 Ground,1,8.3,South Africa,Ireland,S Luus,A Steyn,Rachel Delaney,1,0,,,,,,,,,
1089530,2017,2017-05-19,North-West University No1 Ground,1,8.4,South Africa,Ireland,A Steyn,S Luus,Rachel Delaney,1,0,,,,,,,,,
1089530,2017,2017-05-19,North-West University No1 Ground,1,8.5,South Africa,Ireland,S Luus,A Steyn,Rachel Delaney,1,0,,,,,,,,,
1089530,2017,2017-05-19,North-West University No1 Ground,1,8.6,South Africa,Ireland,A Steyn,S Luus,Rachel Delaney,0,0,,,,,,,,,
1089530,2017,2017-05-19,North-West University No1 Ground,1,9.1,South Africa,Ireland,S Luus,A Steyn,A Beggs,4,0,,,,,,,,,
1089530,2017,2017-05-19,North-West University No1 Ground,1,9.2,South Africa,Ireland,S Luus,A Steyn,A Beggs,1,0,,,,,,,,,
1089530,2017,2017-05-19,North-West University No1 Ground,1,9.3,South Africa,Ireland,A Steyn,S Luus,A Beggs,0,0,,,,,,,,,
1089530,2017,2017-05-19,North-West University No1 Ground,1,9.4,South Africa,Ireland,A Steyn,S Luus,A Beggs,1,0,,,,,,,,,
1089530,2017,2017-05-19,North-West University No1 Ground,1,9.5,South Africa,Ireland,S Luus,A Steyn,A Beggs,4,0,,,,,,,,,
1089530,2017,2017-05-19,North-West University No1 Ground,1,9.6,South Africa,Ireland,S Luus,A Steyn,A Beggs,0,0,,,,,,,,,
1089530,2017,2017-05-19,North-West University No1 Ground,1,10.1,South Africa,Ireland,A Steyn,S Luus,Rachel Delaney,1,0,,,,,,,,,
1089530,2017,2017-05-19,North-West University No1 Ground,1,10.2,South Africa,Ireland,S Luus,A Steyn,Rachel Delaney,0,0,,,,,,,,,
1089530,2017,2017-05-19,North-West University No1 Ground,1,10.3,South Africa,Ireland,S Luus,A Steyn,Rachel Delaney,1,0,,,,,,,,,
1089530,2017,2017-05-19,North-West University No1 Ground,1,10.4,South Africa,Ireland,A Steyn,S Luus,Rachel Delaney,4,0,,,,,,,,,
1089530,2017,2017-05-19,North-West University No1 Ground,1,10.5,South Africa,Ireland,A Steyn,S Luus,Rachel Delaney,0,0,,,,,,,,,
1089530,2017,2017-05-19,North-West University No1 Ground,1,10.6,South Africa,Ireland,A Steyn,S Luus,Rachel Delaney,0,0,,,,,,,,,
1089530,2017,2017-05-19,North-West University No1 Ground,1,11.1,South Africa,Ireland,S Luus,A Steyn,A Beggs,1,0,,,,,,,,,
1089530,2017,2017-05-19,North-West University No1 Ground,1,11.2,South Africa,Ireland,A Steyn,S Luus,A Beggs,1,0,,,,,,,,,
1089530,2017,2017-05-19,North-West University No1 Ground,1,11.3,South Africa,Ireland,S Luus,A Steyn,A Beggs,0,0,,,,,,,,,
1089530,2017,2017-05-19,North-West University No1 Ground,1,11.4,South Africa,Ireland,S Luus,A Steyn,A Beggs,0,1,1,,,,,,,,
1089530,2017,2017-05-19,North-West University No1 Ground,1,11.5,South Africa,Ireland,S Luus,A Steyn,A Beggs,1,0,,,,,,,,,
1089530,2017,2017-05-19,North-West University No1 Ground,1,11.6,South Africa,Ireland,A Steyn,S Luus,A Beggs,0,0,,,,,,,,,
1089530,2017,2017-05-19,North-West University No1 Ground,1,11.7,South Africa,Ireland,A Steyn,S Luus,A Beggs,1,0,,,,,,,,,
1089530,2017,2017-05-19,North-West University No1 Ground,1,12.1,South Africa,Ireland,A Steyn,S Luus,Rachel Delaney,2,0,,,,,,,,,
1089530,2017,2017-05-19,North-West University No1 Ground,1,12.2,South Africa,Ireland,A Steyn,S Luus,Rachel Delaney,0,0,,,,,,,,,
1089530,2017,2017-05-19,North-West University No1 Ground,1,12.3,South Africa,Ireland,A Steyn,S Luus,Rachel Delaney,1,0,,,,,,,,,
1089530,2017,2017-05-19,North-West University No1 Ground,1,12.4,South Africa,Ireland,S Luus,A Steyn,Rachel Delaney,1,0,,,,,,,,,
1089530,2017,2017-05-19,North-West University No1 Ground,1,12.5,South Africa,Ireland,A Steyn,S Luus,Rachel Delaney,1,0,,,,,,,,,
1089530,2017,2017-05-19,North-West University No1 Ground,1,12.6,South Africa,Ireland,S Luus,A Steyn,Rachel Delaney,0,0,,,,,,,,,
1089530,2017,2017-05-19,North-West University No1 Ground,1,13.1,South Africa,Ireland,A Steyn,S Luus,SM Kavanagh,0,0,,,,,,,,,
1089530,2017,2017-05-19,North-West University No1 Ground,1,13.2,South Africa,Ireland,A Steyn,S Luus,SM Kavanagh,4,0,,,,,,,,,
1089530,2017,2017-05-19,North-West University No1 Ground,1,13.3,South Africa,Ireland,A Steyn,S Luus,SM Kavanagh,0,0,,,,,,,,,
1089530,2017,2017-05-19,North-West University No1 Ground,1,13.4,South Africa,Ireland,A Steyn,S Luus,SM Kavanagh,1,0,,,,,,,,,
1089530,2017,2017-05-19,North-West University No1 Ground,1,13.5,South Africa,Ireland,S Luus,A Steyn,SM Kavanagh,0,1,1,,,,,,,,
1089530,2017,2017-05-19,North-West University No1 Ground,1,13.6,South Africa,Ireland,S Luus,A Steyn,SM Kavanagh,1,0,,,,,,,,,
1089530,2017,2017-05-19,North-West University No1 Ground,1,13.7,South Africa,Ireland,A Steyn,S Luus,SM Kavanagh,0,1,1,,,,,,,,
1089530,2017,2017-05-19,North-West University No1 Ground,1,13.8,South Africa,Ireland,A Steyn,S Luus,SM Kavanagh,4,0,,,,,,,,,
1089530,2017,2017-05-19,North-West University No1 Ground,1,14.1,South Africa,Ireland,S Luus,A Steyn,Rachel Delaney,1,0,,,,,,,,,
1089530,2017,2017-05-19,North-West University No1 Ground,1,14.2,South Africa,Ireland,A Steyn,S Luus,Rachel Delaney,1,0,,,,,,,,,
1089530,2017,2017-05-19,North-West University No1 Ground,1,14.3,South Africa,Ireland,S Luus,A Steyn,Rachel Delaney,1,0,,,,,,,,,
1089530,2017,2017-05-19,North-West University No1 Ground,1,14.4,South Africa,Ireland,A Steyn,S Luus,Rachel Delaney,0,1,1,,,,,,,,
1089530,2017,2017-05-19,North-West University No1 Ground,1,14.5,South Africa,Ireland,A Steyn,S Luus,Rachel Delaney,1,0,,,,,,,,,
1089530,2017,2017-05-19,North-West University No1 Ground,1,14.6,South Africa,Ireland,S Luus,A Steyn,Rachel Delaney,1,0,,,,,,,,,
1089530,2017,2017-05-19,North-West University No1 Ground,1,14.7,South Africa,Ireland,A Steyn,S Luus,Rachel Delaney,0,0,,,,,,,,,
1089530,2017,2017-05-19,North-West University No1 Ground,1,15.1,South Africa,Ireland,S Luus,A Steyn,SM Kavanagh,1,0,,,,,,,,,
1089530,2017,2017-05-19,North-West University No1 Ground,1,15.2,South Africa,Ireland,A Steyn,S Luus,SM Kavanagh,0,0,,,,,,,,,
1089530,2017,2017-05-19,North-West University No1 Ground,1,15.3,South Africa,Ireland,A Steyn,S Luus,SM Kavanagh,1,0,,,,,,,,,
1089530,2017,2017-05-19,North-West University No1 Ground,1,15.4,South Africa,Ireland,S Luus,A Steyn,SM Kavanagh,1,0,,,,,,,,,
1089530,2017,2017-05-19,North-West University No1 Ground,1,15.5,South Africa,Ireland,A Steyn,S Luus,SM Kavanagh,4,0,,,,,,,,,
1089530,2017,2017-05-19,North-West University No1 Ground,1,15.6,South Africa,Ireland,A Steyn,S Luus,SM Kavanagh,4,0,,,,,,,,,
1089530,2017,2017-05-19,North-West University No1 Ground,1,16.1,South Africa,Ireland,S Luus,A Steyn,Rachel Delaney,0,0,,,,,,,,,
1089530,2017,2017-05-19,North-West University No1 Ground,1,16.2,South Africa,Ireland,S Luus,A Steyn,Rachel Delaney,0,1,1,,,,,,,,
1089530,2017,2017-05-19,North-West University No1 Ground,1,16.3,South Africa,Ireland,S Luus,A Steyn,Rachel Delaney,2,0,,,,,,,,,
1089530,2017,2017-05-19,North-West University No1 Ground,1,16.4,South Africa,Ireland,S Luus,A Steyn,Rachel Delaney,0,0,,,,,,,,,
1089530,2017,2017-05-19,North-West University No1 Ground,1,16.5,South Africa,Ireland,S Luus,A Steyn,Rachel Delaney,0,0,,,,,,,,,
1089530,2017,2017-05-19,North-West University No1 Ground,1,16.6,South Africa,Ireland,S Luus,A Steyn,Rachel Delaney,1,0,,,,,,,,,
1089530,2017,2017-05-19,North-West University No1 Ground,1,16.7,South Africa,Ireland,A Steyn,S Luus,Rachel Delaney,0,0,,,,,,,,,
1089530,2017,2017-05-19,North-West University No1 Ground,1,17.1,South Africa,Ireland,S Luus,A Steyn,S MacMahon,0,0,,,,,,,,,
1089530,2017,2017-05-19,North-West University No1 Ground,1,17.2,South Africa,Ireland,S Luus,A Steyn,S MacMahon,0,0,,,,,,,,,
1089530,2017,2017-05-19,North-West University No1 Ground,1,17.3,South Africa,Ireland,S Luus,A Steyn,S MacMahon,0,0,,,,,,,,,
1089530,2017,2017-05-19,North-West University No1 Ground,1,17.4,South Africa,Ireland,S Luus,A Steyn,S MacMahon,0,0,,,,,,,,,
1089530,2017,2017-05-19,North-West University No1 Ground,1,17.5,South Africa,Ireland,S Luus,A Steyn,S MacMahon,0,0,,,,,,,,,
1089530,2017,2017-05-19,North-West University No1 Ground,1,17.6,South Africa,Ireland,S Luus,A Steyn,S MacMahon,1,0,,,,,,,,,
1089530,2017,2017-05-19,North-West University No1 Ground,1,18.1,South Africa,Ireland,S Luus,A Steyn,Rachel Delaney,0,0,,,,,,,,,
1089530,2017,2017-05-19,North-West University No1 Ground,1,18.2,South Africa,Ireland,S Luus,A Steyn,Rachel Delaney,0,0,,,,,,,,,
1089530,2017,2017-05-19,North-West University No1 Ground,1,18.3,South Africa,Ireland,S Luus,A Steyn,Rachel Delaney,1,0,,,,,,,,,
1089530,2017,2017-05-19,North-West University No1 Ground,1,18.4,South Africa,Ireland,A Steyn,S Luus,Rachel Delaney,0,0,,,,,,,,,
1089530,2017,2017-05-19,North-West University No1 Ground,1,18.5,South Africa,Ireland,A Steyn,S Luus,Rachel Delaney,0,0,,,,,,,,,
1089530,2017,2017-05-19,North-West University No1 Ground,1,18.6,South Africa,Ireland,A Steyn,S Luus,Rachel Delaney,1,0,,,,,,,,,
1089530,2017,2017-05-19,North-West University No1 Ground,1,19.1,South Africa,Ireland,A Steyn,S Luus,S MacMahon,0,1,1,,,,,,,,
1089530,2017,2017-05-19,North-West University No1 Ground,1,19.2,South Africa,Ireland,A Steyn,S Luus,S MacMahon,0,0,,,,,,,,,
1089530,2017,2017-05-19,North-West University No1 Ground,1,19.3,South Africa,Ireland,A Steyn,S Luus,S MacMahon,1,1,,1,,,,,,,
1089530,2017,2017-05-19,North-West University No1 Ground,1,19.4,South Africa,Ireland,S Luus,A Steyn,S MacMahon,2,0,,,,,,,,,
1089530,2017,2017-05-19,North-West University No1 Ground,1,19.5,South Africa,Ireland,S Luus,A Steyn,S MacMahon,1,0,,,,,,,,,
1089530,2017,2017-05-19,North-West University No1 Ground,1,19.6,South Africa,Ireland,A Steyn,S Luus,S MacMahon,0,0,,,,,,,,,
1089530,2017,2017-05-19,North-West University No1 Ground,1,19.7,South Africa,Ireland,A Steyn,S Luus,S MacMahon,0,0,,,,,,,,,
1089530,2017,2017-05-19,North-West University No1 Ground,1,19.8,South Africa,Ireland,A Steyn,S Luus,S MacMahon,1,0,,,,,,,,,
1089530,2017,2017-05-19,North-West University No1 Ground,1,20.1,South Africa,Ireland,A Steyn,S Luus,GH Lewis,0,0,,,,,,,,,
1089530,2017,2017-05-19,North-West University No1 Ground,1,20.2,South Africa,Ireland,A Steyn,S Luus,GH Lewis,4,0,,,,,,,,,
1089530,2017,2017-05-19,North-West University No1 Ground,1,20.3,South Africa,Ireland,A Steyn,S Luus,GH Lewis,1,0,,,,,,,,,
1089530,2017,2017-05-19,North-West University No1 Ground,1,20.4,South Africa,Ireland,S Luus,A Steyn,GH Lewis,0,0,,,,,,,,,
1089530,2017,2017-05-19,North-West University No1 Ground,1,20.5,South Africa,Ireland,S Luus,A Steyn,GH Lewis,0,1,1,,,,,,,,
1089530,2017,2017-05-19,North-West University No1 Ground,1,20.6,South Africa,Ireland,S Luus,A Steyn,GH Lewis,0,0,,,,,,,,,
1089530,2017,2017-05-19,North-West University No1 Ground,1,20.7,South Africa,Ireland,S Luus,A Steyn,GH Lewis,1,0,,,,,,,,,
1089530,2017,2017-05-19,North-West University No1 Ground,1,21.1,South Africa,Ireland,S Luus,A Steyn,S MacMahon,0,0,,,,,,,,,
1089530,2017,2017-05-19,North-West University No1 Ground,1,21.2,South Africa,Ireland,S Luus,A Steyn,S MacMahon,0,0,,,,,,,,,
1089530,2017,2017-05-19,North-West University No1 Ground,1,21.3,South Africa,Ireland,S Luus,A Steyn,S MacMahon,1,0,,,,,,,,,
1089530,2017,2017-05-19,North-West University No1 Ground,1,21.4,South Africa,Ireland,A Steyn,S Luus,S MacMahon,0,0,,,,,,,,,
1089530,2017,2017-05-19,North-West University No1 Ground,1,21.5,South Africa,Ireland,A Steyn,S Luus,S MacMahon,0,1,1,,,,,,,,
1089530,2017,2017-05-19,North-West University No1 Ground,1,21.6,South Africa,Ireland,A Steyn,S Luus,S MacMahon,0,0,,,,,,,,,
1089530,2017,2017-05-19,North-West University No1 Ground,1,21.7,South Africa,Ireland,A Steyn,S Luus,S MacMahon,1,0,,,,,,,,,
1089530,2017,2017-05-19,North-West University No1 Ground,1,22.1,South Africa,Ireland,A Steyn,S Luus,GH Lewis,0,0,,,,,,,,,
1089530,2017,2017-05-19,North-West University No1 Ground,1,22.2,South Africa,Ireland,A Steyn,S Luus,GH Lewis,1,0,,,,,,,,,
1089530,2017,2017-05-19,North-West University No1 Ground,1,22.3,South Africa,Ireland,S Luus,A Steyn,GH Lewis,1,0,,,,,,,,,
1089530,2017,2017-05-19,North-West University No1 Ground,1,22.4,South Africa,Ireland,A Steyn,S Luus,GH Lewis,4,0,,,,,,,,,
1089530,2017,2017-05-19,North-West University No1 Ground,1,22.5,South Africa,Ireland,A Steyn,S Luus,GH Lewis,0,0,,,,,,,,,
1089530,2017,2017-05-19,North-West University No1 Ground,1,22.6,South Africa,Ireland,A Steyn,S Luus,GH Lewis,1,0,,,,,,,,,
1089530,2017,2017-05-19,North-West University No1 Ground,1,23.1,South Africa,Ireland,A Steyn,S Luus,S MacMahon,0,0,,,,,,,,,
1089530,2017,2017-05-19,North-West University No1 Ground,1,23.2,South Africa,Ireland,A Steyn,S Luus,S MacMahon,1,0,,,,,,,,,
1089530,2017,2017-05-19,North-West University No1 Ground,1,23.3,South Africa,Ireland,S Luus,A Steyn,S MacMahon,0,0,,,,,,,,,
1089530,2017,2017-05-19,North-West University No1 Ground,1,23.4,South Africa,Ireland,S Luus,A Steyn,S MacMahon,4,0,,,,,,,,,
1089530,2017,2017-05-19,North-West University No1 Ground,1,23.5,South Africa,Ireland,S Luus,A Steyn,S MacMahon,0,0,,,,,,,,,
1089530,2017,2017-05-19,North-West University No1 Ground,1,23.6,South Africa,Ireland,S Luus,A Steyn,S MacMahon,0,0,,,,,,,,,
1089530,2017,2017-05-19,North-West University No1 Ground,1,24.1,South Africa,Ireland,A Steyn,S Luus,GH Lewis,0,0,,,,,,,,,
1089530,2017,2017-05-19,North-West University No1 Ground,1,24.2,South Africa,Ireland,A Steyn,S Luus,GH Lewis,0,0,,,,,,,,,
1089530,2017,2017-05-19,North-West University No1 Ground,1,24.3,South Africa,Ireland,A Steyn,S Luus,GH Lewis,1,0,,,,,,,,,
1089530,2017,2017-05-19,North-West University No1 Ground,1,24.4,South Africa,Ireland,S Luus,A Steyn,GH Lewis,1,0,,,,,,,,,
1089530,2017,2017-05-19,North-West University No1 Ground,1,24.5,South Africa,Ireland,A Steyn,S Luus,GH Lewis,0,2,2,,,,,,,,
1089530,2017,2017-05-19,North-West University No1 Ground,1,24.6,South Africa,Ireland,S Luus,A Steyn,GH Lewis,1,0,,,,,,,,,
1089530,2017,2017-05-19,North-West University No1 Ground,1,24.7,South Africa,Ireland,A Steyn,S Luus,GH Lewis,1,0,,,,,,,,,
1089530,2017,2017-05-19,North-West University No1 Ground,1,25.1,South Africa,Ireland,A Steyn,S Luus,S MacMahon,0,0,,,,,,,,,
1089530,2017,2017-05-19,North-West University No1 Ground,1,25.2,South Africa,Ireland,A Steyn,S Luus,S MacMahon,1,0,,,,,,,,,
1089530,2017,2017-05-19,North-West University No1 Ground,1,25.3,South Africa,Ireland,S Luus,A Steyn,S MacMahon,0,0,,,,,,,,,
1089530,2017,2017-05-19,North-West University No1 Ground,1,25.4,South Africa,Ireland,S Luus,A Steyn,S MacMahon,0,0,,,,,,,,,
1089530,2017,2017-05-19,North-West University No1 Ground,1,25.5,South Africa,Ireland,S Luus,A Steyn,S MacMahon,0,0,,,,,,,,,
1089530,2017,2017-05-19,North-West University No1 Ground,1,25.6,South Africa,Ireland,S Luus,A Steyn,S MacMahon,1,0,,,,,,,,,
1089530,2017,2017-05-19,North-West University No1 Ground,1,26.1,South Africa,Ireland,S Luus,A Steyn,L Paul,1,0,,,,,,,,,
1089530,2017,2017-05-19,North-West University No1 Ground,1,26.2,South Africa,Ireland,A Steyn,S Luus,L Paul,1,0,,,,,,,,,
1089530,2017,2017-05-19,North-West University No1 Ground,1,26.3,South Africa,Ireland,S Luus,A Steyn,L Paul,0,0,,,,,,,,,
1089530,2017,2017-05-19,North-West University No1 Ground,1,26.4,South Africa,Ireland,S Luus,A Steyn,L Paul,1,0,,,,,,,,,
1089530,2017,2017-05-19,North-West University No1 Ground,1,26.5,South Africa,Ireland,A Steyn,S Luus,L Paul,0,0,,,,,,,,,
1089530,2017,2017-05-19,North-West University No1 Ground,1,26.6,South Africa,Ireland,A Steyn,S Luus,L Paul,0,0,,,,,,,,,
1089530,2017,2017-05-19,North-West University No1 Ground,1,27.1,South Africa,Ireland,S Luus,A Steyn,S MacMahon,2,0,,,,,,,,,
1089530,2017,2017-05-19,North-West University No1 Ground,1,27.2,South Africa,Ireland,S Luus,A Steyn,S MacMahon,0,0,,,,,,,,,
1089530,2017,2017-05-19,North-West University No1 Ground,1,27.3,South Africa,Ireland,S Luus,A Steyn,S MacMahon,1,0,,,,,,,,,
1089530,2017,2017-05-19,North-West University No1 Ground,1,27.4,South Africa,Ireland,A Steyn,S Luus,S MacMahon,1,0,,,,,,,,,
1089530,2017,2017-05-19,North-West University No1 Ground,1,27.5,South Africa,Ireland,S Luus,A Steyn,S MacMahon,1,0,,,,,,,,,
1089530,2017,2017-05-19,North-West University No1 Ground,1,27.6,South Africa,Ireland,A Steyn,S Luus,S MacMahon,1,0,,,,,,,,,
1089530,2017,2017-05-19,North-West University No1 Ground,1,28.1,South Africa,Ireland,A Steyn,S Luus,L Paul,1,0,,,,,,,,,
1089530,2017,2017-05-19,North-West University No1 Ground,1,28.2,South Africa,Ireland,S Luus,A Steyn,L Paul,0,0,,,,,,,,,
1089530,2017,2017-05-19,North-West University No1 Ground,1,28.3,South Africa,Ireland,S Luus,A Steyn,L Paul,0,0,,,,,,,,,
1089530,2017,2017-05-19,North-West University No1 Ground,1,28.4,South Africa,Ireland,S Luus,A Steyn,L Paul,1,0,,,,,,,,,
1089530,2017,2017-05-19,North-West University No1 Ground,1,28.5,South Africa,Ireland,A Steyn,S Luus,L Paul,0,0,,,,,,,,,
1089530,2017,2017-05-19,North-West University No1 Ground,1,28.6,South Africa,Ireland,A Steyn,S Luus,L Paul,1,0,,,,,,,,,
1089530,2017,2017-05-19,North-West University No1 Ground,1,29.1,South Africa,Ireland,A Steyn,S Luus,S MacMahon,1,0,,,,,,,,,
1089530,2017,2017-05-19,North-West University No1 Ground,1,29.2,South Africa,Ireland,S Luus,A Steyn,S MacMahon,1,0,,,,,,,,,
1089530,2017,2017-05-19,North-West University No1 Ground,1,29.3,South Africa,Ireland,A Steyn,S Luus,S MacMahon,0,0,,,,,,,,,
1089530,2017,2017-05-19,North-West University No1 Ground,1,29.4,South Africa,Ireland,A Steyn,S Luus,S MacMahon,1,0,,,,,,,,,
1089530,2017,2017-05-19,North-West University No1 Ground,1,29.5,South Africa,Ireland,S Luus,A Steyn,S MacMahon,1,0,,,,,,,,,
1089530,2017,2017-05-19,North-West University No1 Ground,1,29.6,South Africa,Ireland,A Steyn,S Luus,S MacMahon,0,0,,,,,,,,,
1089530,2017,2017-05-19,North-West University No1 Ground,1,30.1,South Africa,Ireland,S Luus,A Steyn,L Paul,0,1,,1,,,,,,,
1089530,2017,2017-05-19,North-West University No1 Ground,1,30.2,South Africa,Ireland,S Luus,A Steyn,L Paul,1,0,,,,,,,,,
1089530,2017,2017-05-19,North-West University No1 Ground,1,30.3,South Africa,Ireland,A Steyn,S Luus,L Paul,0,0,,,,,,,,,
1089530,2017,2017-05-19,North-West University No1 Ground,1,30.4,South Africa,Ireland,A Steyn,S Luus,L Paul,2,0,,,,,,,,,
1089530,2017,2017-05-19,North-West University No1 Ground,1,30.5,South Africa,Ireland,A Steyn,S Luus,L Paul,0,0,,,,,,,,,
1089530,2017,2017-05-19,North-West University No1 Ground,1,30.6,South Africa,Ireland,A Steyn,S Luus,L Paul,0,0,,,,,,,,,
1089530,2017,2017-05-19,North-West University No1 Ground,1,30.7,South Africa,Ireland,A Steyn,S Luus,L Paul,0,0,,,,,,,,,
1089530,2017,2017-05-19,North-West University No1 Ground,1,31.1,South Africa,Ireland,S Luus,A Steyn,S MacMahon,0,0,,,,,,,,,
1089530,2017,2017-05-19,North-West University No1 Ground,1,31.2,South Africa,Ireland,S Luus,A Steyn,S MacMahon,0,0,,,,,,,,,
1089530,2017,2017-05-19,North-West University No1 Ground,1,31.3,South Africa,Ireland,S Luus,A Steyn,S MacMahon,4,0,,,,,,,,,
1089530,2017,2017-05-19,North-West University No1 Ground,1,31.4,South Africa,Ireland,S Luus,A Steyn,S MacMahon,0,0,,,,,,,,,
1089530,2017,2017-05-19,North-West University No1 Ground,1,31.5,South Africa,Ireland,S Luus,A Steyn,S MacMahon,0,0,,,,,,,,,
1089530,2017,2017-05-19,North-West University No1 Ground,1,31.6,South Africa,Ireland,S Luus,A Steyn,S MacMahon,1,0,,,,,,,,,
1089530,2017,2017-05-19,North-West University No1 Ground,1,32.1,South Africa,Ireland,S Luus,A Steyn,L Little,1,0,,,,,,,,,
1089530,2017,2017-05-19,North-West University No1 Ground,1,32.2,South Africa,Ireland,A Steyn,S Luus,L Little,0,0,,,,,,,,,
1089530,2017,2017-05-19,North-West University No1 Ground,1,32.3,South Africa,Ireland,A Steyn,S Luus,L Little,0,0,,,,,,,,,
1089530,2017,2017-05-19,North-West University No1 Ground,1,32.4,South Africa,Ireland,A Steyn,S Luus,L Little,1,0,,,,,,,,,
1089530,2017,2017-05-19,North-West University No1 Ground,1,32.5,South Africa,Ireland,S Luus,A Steyn,L Little,0,0,,,,,,,,,
1089530,2017,2017-05-19,North-West University No1 Ground,1,32.6,South Africa,Ireland,S Luus,A Steyn,L Little,1,0,,,,,,,,,
1089530,2017,2017-05-19,North-West University No1 Ground,1,33.1,South Africa,Ireland,S Luus,A Steyn,LC Boylan,4,0,,,,,,,,,
1089530,2017,2017-05-19,North-West University No1 Ground,1,33.2,South Africa,Ireland,S Luus,A Steyn,LC Boylan,1,0,,,,,,,,,
1089530,2017,2017-05-19,North-West University No1 Ground,1,33.3,South Africa,Ireland,A Steyn,S Luus,LC Boylan,1,0,,,,,,,,,
1089530,2017,2017-05-19,North-West University No1 Ground,1,33.4,South Africa,Ireland,S Luus,A Steyn,LC Boylan,0,5,5,,,,,,,,
1089530,2017,2017-05-19,North-West University No1 Ground,1,33.5,South Africa,Ireland,S Luus,A Steyn,LC Boylan,0,0,,,,,,,,,
1089530,2017,2017-05-19,North-West University No1 Ground,1,33.6,South Africa,Ireland,S Luus,A Steyn,LC Boylan,2,0,,,,,,,,,
1089530,2017,2017-05-19,North-West University No1 Ground,1,33.7,South Africa,Ireland,S Luus,A Steyn,LC Boylan,0,0,,,,,,,,,
1089530,2017,2017-05-19,North-West University No1 Ground,1,34.1,South Africa,Ireland,A Steyn,S Luus,L Little,0,0,,,,,,,,,
1089530,2017,2017-05-19,North-West University No1 Ground,1,34.2,South Africa,Ireland,A Steyn,S Luus,L Little,0,0,,,,,,,,,
1089530,2017,2017-05-19,North-West University No1 Ground,1,34.3,South Africa,Ireland,A Steyn,S Luus,L Little,0,1,1,,,,,,,,
1089530,2017,2017-05-19,North-West University No1 Ground,1,34.4,South Africa,Ireland,A Steyn,S Luus,L Little,0,0,,,,,,,,,
1089530,2017,2017-05-19,North-West University No1 Ground,1,34.5,South Africa,Ireland,A Steyn,S Luus,L Little,2,0,,,,,,,,,
1089530,2017,2017-05-19,North-West University No1 Ground,1,34.6,South Africa,Ireland,A Steyn,S Luus,L Little,2,0,,,,,,,,,
1089530,2017,2017-05-19,North-West University No1 Ground,1,34.7,South Africa,Ireland,A Steyn,S Luus,L Little,0,2,2,,,,,,,,
1089530,2017,2017-05-19,North-West University No1 Ground,1,34.8,South Africa,Ireland,S Luus,A Steyn,L Little,2,0,,,,,,,,,
1089530,2017,2017-05-19,North-West University No1 Ground,1,35.1,South Africa,Ireland,A Steyn,S Luus,LC Boylan,4,0,,,,,,,,,
1089530,2017,2017-05-19,North-West University No1 Ground,1,35.2,South Africa,Ireland,A Steyn,S Luus,LC Boylan,1,0,,,,,,,,,
1089530,2017,2017-05-19,North-West University No1 Ground,1,35.3,South Africa,Ireland,S Luus,A Steyn,LC Boylan,4,0,,,,,,,,,
1089530,2017,2017-05-19,North-West University No1 Ground,1,35.4,South Africa,Ireland,S Luus,A Steyn,LC Boylan,0,0,,,,,,caught,S Luus,,
1089530,2017,2017-05-19,North-West University No1 Ground,1,35.5,South Africa,Ireland,M du Preez,A Steyn,LC Boylan,1,0,,,,,,,,,
1089530,2017,2017-05-19,North-West University No1 Ground,1,35.6,South Africa,Ireland,A Steyn,M du Preez,LC Boylan,4,0,,,,,,,,,
1089530,2017,2017-05-19,North-West University No1 Ground,1,36.1,South Africa,Ireland,M du Preez,A Steyn,L Little,1,0,,,,,,,,,
1089530,2017,2017-05-19,North-West University No1 Ground,1,36.2,South Africa,Ireland,A Steyn,M du Preez,L Little,0,0,,,,,,,,,
1089530,2017,2017-05-19,North-West University No1 Ground,1,36.3,South Africa,Ireland,A Steyn,M du Preez,L Little,0,0,,,,,,,,,
1089530,2017,2017-05-19,North-West University No1 Ground,1,36.4,South Africa,Ireland,A Steyn,M du Preez,L Little,1,0,,,,,,,,,
1089530,2017,2017-05-19,North-West University No1 Ground,1,36.5,South Africa,Ireland,M du Preez,A Steyn,L Little,0,0,,,,,,,,,
1089530,2017,2017-05-19,North-West University No1 Ground,1,36.6,South Africa,Ireland,M du Preez,A Steyn,L Little,2,0,,,,,,,,,
1089530,2017,2017-05-19,North-West University No1 Ground,1,37.1,South Africa,Ireland,A Steyn,M du Preez,LC Boylan,4,0,,,,,,,,,
1089530,2017,2017-05-19,North-West University No1 Ground,1,37.2,South Africa,Ireland,A Steyn,M du Preez,LC Boylan,1,0,,,,,,,,,
1089530,2017,2017-05-19,North-West University No1 Ground,1,37.3,South Africa,Ireland,M du Preez,A Steyn,LC Boylan,1,0,,,,,,,,,
1089530,2017,2017-05-19,North-West University No1 Ground,1,37.4,South Africa,Ireland,A Steyn,M du Preez,LC Boylan,4,0,,,,,,,,,
1089530,2017,2017-05-19,North-West University No1 Ground,1,37.5,South Africa,Ireland,A Steyn,M du Preez,LC Boylan,0,0,,,,,,,,,
1089530,2017,2017-05-19,North-West University No1 Ground,1,37.6,South Africa,Ireland,A Steyn,M du Preez,LC Boylan,0,0,,,,,,lbw,A Steyn,,
1089530,2017,2017-05-19,North-West University No1 Ground,1,38.1,South Africa,Ireland,M du Preez,N de Klerk,L Little,4,0,,,,,,,,,
1089530,2017,2017-05-19,North-West University No1 Ground,1,38.2,South Africa,Ireland,M du Preez,N de Klerk,L Little,1,0,,,,,,,,,
1089530,2017,2017-05-19,North-West University No1 Ground,1,38.3,South Africa,Ireland,N de Klerk,M du Preez,L Little,0,1,1,,,,,,,,
1089530,2017,2017-05-19,North-West University No1 Ground,1,38.4,South Africa,Ireland,N de Klerk,M du Preez,L Little,0,0,,,,,,,,,
1089530,2017,2017-05-19,North-West University No1 Ground,1,38.5,South Africa,Ireland,N de Klerk,M du Preez,L Little,0,0,,,,,,,,,
1089530,2017,2017-05-19,North-West University No1 Ground,1,38.6,South Africa,Ireland,N de Klerk,M du Preez,L Little,1,0,,,,,,,,,
1089530,2017,2017-05-19,North-West University No1 Ground,1,38.7,South Africa,Ireland,M du Preez,N de Klerk,L Little,0,0,,,,,,,,,
1089530,2017,2017-05-19,North-West University No1 Ground,1,39.1,South Africa,Ireland,N de Klerk,M du Preez,S MacMahon,1,0,,,,,,,,,
1089530,2017,2017-05-19,North-West University No1 Ground,1,39.2,South Africa,Ireland,M du Preez,N de Klerk,S MacMahon,4,0,,,,,,,,,
1089530,2017,2017-05-19,North-West University No1 Ground,1,39.3,South Africa,Ireland,M du Preez,N de Klerk,S MacMahon,1,0,,,,,,,,,
1089530,2017,2017-05-19,North-West University No1 Ground,1,39.4,South Africa,Ireland,N de Klerk,M du Preez,S MacMahon,0,0,,,,,,caught,N de Klerk,,
1089530,2017,2017-05-19,North-West University No1 Ground,1,39.5,South Africa,Ireland,M du Preez,CL Tryon,S MacMahon,1,0,,,,,,,,,
1089530,2017,2017-05-19,North-West University No1 Ground,1,39.6,South Africa,Ireland,CL Tryon,M du Preez,S MacMahon,1,0,,,,,,,,,
1089530,2017,2017-05-19,North-West University No1 Ground,1,40.1,South Africa,Ireland,CL Tryon,M du Preez,Rachel Delaney,2,0,,,,,,,,,
1089530,2017,2017-05-19,North-West University No1 Ground,1,40.2,South Africa,Ireland,CL Tryon,M du Preez,Rachel Delaney,1,0,,,,,,,,,
1089530,2017,2017-05-19,North-West University No1 Ground,1,40.3,South Africa,Ireland,M du Preez,CL Tryon,Rachel Delaney,0,0,,,,,,,,,
1089530,2017,2017-05-19,North-West University No1 Ground,1,40.4,South Africa,Ireland,M du Preez,CL Tryon,Rachel Delaney,0,0,,,,,,,,,
1089530,2017,2017-05-19,North-West University No1 Ground,1,40.5,South Africa,Ireland,M du Preez,CL Tryon,Rachel Delaney,0,1,1,,,,,,,,
1089530,2017,2017-05-19,North-West University No1 Ground,1,40.6,South Africa,Ireland,M du Preez,CL Tryon,Rachel Delaney,0,0,,,,,,stumped,M du Preez,,
1089530,2017,2017-05-19,North-West University No1 Ground,1,40.7,South Africa,Ireland,T Chetty,CL Tryon,Rachel Delaney,4,0,,,,,,,,,
1089530,2017,2017-05-19,North-West University No1 Ground,1,41.1,South Africa,Ireland,CL Tryon,T Chetty,S MacMahon,1,0,,,,,,,,,
1089530,2017,2017-05-19,North-West University No1 Ground,1,41.2,South Africa,Ireland,T Chetty,CL Tryon,S MacMahon,4,0,,,,,,,,,
1089530,2017,2017-05-19,North-West University No1 Ground,1,41.3,South Africa,Ireland,T Chetty,CL Tryon,S MacMahon,1,0,,,,,,,,,
1089530,2017,2017-05-19,North-West University No1 Ground,1,41.4,South Africa,Ireland,CL Tryon,T Chetty,S MacMahon,0,0,,,,,,,,,
1089530,2017,2017-05-19,North-West University No1 Ground,1,41.5,South Africa,Ireland,CL Tryon,T Chetty,S MacMahon,1,0,,,,,,,,,
1089530,2017,2017-05-19,North-West University No1 Ground,1,41.6,South Africa,Ireland,T Chetty,CL Tryon,S MacMahon,1,0,,,,,,,,,
1089530,2017,2017-05-19,North-West University No1 Ground,1,42.1,South Africa,Ireland,T Chetty,CL Tryon,Rachel Delaney,0,0,,,,,,,,,
1089530,2017,2017-05-19,North-West University No1 Ground,1,42.2,South Africa,Ireland,T Chetty,CL Tryon,Rachel Delaney,1,0,,,,,,,,,
1089530,2017,2017-05-19,North-West University No1 Ground,1,42.3,South Africa,Ireland,CL Tryon,T Chetty,Rachel Delaney,6,0,,,,,,,,,
1089530,2017,2017-05-19,North-West University No1 Ground,1,42.4,South Africa,Ireland,CL Tryon,T Chetty,Rachel Delaney,6,0,,,,,,,,,
1089530,2017,2017-05-19,North-West University No1 Ground,1,42.5,South Africa,Ireland,CL Tryon,T Chetty,Rachel Delaney,4,0,,,,,,,,,
1089530,2017,2017-05-19,North-West University No1 Ground,1,42.6,South Africa,Ireland,CL Tryon,T Chetty,Rachel Delaney,6,0,,,,,,,,,
1089530,2017,2017-05-19,North-West University No1 Ground,1,43.1,South Africa,Ireland,T Chetty,CL Tryon,A Beggs,1,0,,,,,,,,,
1089530,2017,2017-05-19,North-West University No1 Ground,1,43.2,South Africa,Ireland,CL Tryon,T Chetty,A Beggs,0,0,,,,,,caught,CL Tryon,,
1089530,2017,2017-05-19,North-West University No1 Ground,1,43.3,South Africa,Ireland,T Chetty,M Kapp,A Beggs,0,0,,,,,,,,,
1089530,2017,2017-05-19,North-West University No1 Ground,1,43.4,South Africa,Ireland,T Chetty,M Kapp,A Beggs,0,0,,,,,,,,,
1089530,2017,2017-05-19,North-West University No1 Ground,1,43.5,South Africa,Ireland,T Chetty,M Kapp,A Beggs,2,0,,,,,,,,,
1089530,2017,2017-05-19,North-West University No1 Ground,1,43.6,South Africa,Ireland,T Chetty,M Kapp,A Beggs,0,0,,,,,,,,,
1089530,2017,2017-05-19,North-West University No1 Ground,1,44.1,South Africa,Ireland,M Kapp,T Chetty,Rachel Delaney,1,0,,,,,,,,,
1089530,2017,2017-05-19,North-West University No1 Ground,1,44.2,South Africa,Ireland,T Chetty,M Kapp,Rachel Delaney,1,0,,,,,,,,,
1089530,2017,2017-05-19,North-West University No1 Ground,1,44.3,South Africa,Ireland,M Kapp,T Chetty,Rachel Delaney,0,0,,,,,,caught,M Kapp,,
1089530,2017,2017-05-19,North-West University No1 Ground,1,44.4,South Africa,Ireland,T Chetty,S Ismail,Rachel Delaney,0,0,,,,,,,,,
1089530,2017,2017-05-19,North-West University No1 Ground,1,44.5,South Africa,Ireland,T Chetty,S Ismail,Rachel Delaney,4,0,,,,,,,,,
1089530,2017,2017-05-19,North-West University No1 Ground,1,44.6,South Africa,Ireland,T Chetty,S Ismail,Rachel Delaney,1,0,,,,,,,,,
1089530,2017,2017-05-19,North-West University No1 Ground,1,45.1,South Africa,Ireland,T Chetty,S Ismail,A Beggs,0,0,,,,,,,,,
1089530,2017,2017-05-19,North-West University No1 Ground,1,45.2,South Africa,Ireland,T Chetty,S Ismail,A Beggs,1,0,,,,,,,,,
1089530,2017,2017-05-19,North-West University No1 Ground,1,45.3,South Africa,Ireland,S Ismail,T Chetty,A Beggs,0,0,,,,,,,,,
1089530,2017,2017-05-19,North-West University No1 Ground,1,45.4,South Africa,Ireland,S Ismail,T Chetty,A Beggs,4,0,,,,,,,,,
1089530,2017,2017-05-19,North-West University No1 Ground,1,45.5,South Africa,Ireland,S Ismail,T Chetty,A Beggs,1,0,,,,,,,,,
1089530,2017,2017-05-19,North-West University No1 Ground,1,45.6,South Africa,Ireland,T Chetty,S Ismail,A Beggs,0,0,,,,,,,,,
1089530,2017,2017-05-19,North-West University No1 Ground,1,46.1,South Africa,Ireland,S Ismail,T Chetty,Rachel Delaney,1,0,,,,,,,,,
1089530,2017,2017-05-19,North-West University No1 Ground,1,46.2,South Africa,Ireland,T Chetty,S Ismail,Rachel Delaney,1,0,,,,,,,,,
1089530,2017,2017-05-19,North-West University No1 Ground,1,46.3,South Africa,Ireland,S Ismail,T Chetty,Rachel Delaney,0,0,,,,,,,,,
1089530,2017,2017-05-19,North-West University No1 Ground,1,46.4,South Africa,Ireland,S Ismail,T Chetty,Rachel Delaney,0,0,,,,,,caught and bowled,S Ismail,,
1089530,2017,2017-05-19,North-West University No1 Ground,1,46.5,South Africa,Ireland,M Klaas,T Chetty,Rachel Delaney,0,0,,,,,,,,,
1089530,2017,2017-05-19,North-West University No1 Ground,1,46.6,South Africa,Ireland,M Klaas,T Chetty,Rachel Delaney,1,0,,,,,,,,,
1089530,2017,2017-05-19,North-West University No1 Ground,1,47.1,South Africa,Ireland,M Klaas,T Chetty,A Beggs,0,0,,,,,,,,,
1089530,2017,2017-05-19,North-West University No1 Ground,1,47.2,South Africa,Ireland,M Klaas,T Chetty,A Beggs,1,0,,,,,,,,,
1089530,2017,2017-05-19,North-West University No1 Ground,1,47.3,South Africa,Ireland,T Chetty,M Klaas,A Beggs,2,0,,,,,,,,,
1089530,2017,2017-05-19,North-West University No1 Ground,1,47.4,South Africa,Ireland,T Chetty,M Klaas,A Beggs,1,0,,,,,,,,,
1089530,2017,2017-05-19,North-West University No1 Ground,1,47.5,South Africa,Ireland,M Klaas,T Chetty,A Beggs,0,1,,1,,,,,,,
1089530,2017,2017-05-19,North-West University No1 Ground,1,47.6,South Africa,Ireland,M Klaas,T Chetty,A Beggs,0,0,,,,,,,,,
1089530,2017,2017-05-19,North-West University No1 Ground,1,47.7,South Africa,Ireland,M Klaas,T Chetty,A Beggs,1,0,,,,,,,,,
1089530,2017,2017-05-19,North-West University No1 Ground,1,48.1,South Africa,Ireland,M Klaas,T Chetty,GH Lewis,1,0,,,,,,,,,
1089530,2017,2017-05-19,North-West University No1 Ground,1,48.2,South Africa,Ireland,T Chetty,M Klaas,GH Lewis,1,0,,,,,,,,,
1089530,2017,2017-05-19,North-West University No1 Ground,1,48.3,South Africa,Ireland,M Klaas,T Chetty,GH Lewis,0,0,,,,,,,,,
1089530,2017,2017-05-19,North-West University No1 Ground,1,48.4,South Africa,Ireland,M Klaas,T Chetty,GH Lewis,0,1,1,,,,,,,,
1089530,2017,2017-05-19,North-West University No1 Ground,1,48.5,South Africa,Ireland,M Klaas,T Chetty,GH Lewis,1,0,,,,,,,,,
1089530,2017,2017-05-19,North-West University No1 Ground,1,48.6,South Africa,Ireland,T Chetty,M Klaas,GH Lewis,6,0,,,,,,,,,
1089530,2017,2017-05-19,North-West University No1 Ground,1,48.7,South Africa,Ireland,T Chetty,M Klaas,GH Lewis,0,0,,,,,,,,,
1089530,2017,2017-05-19,North-West University No1 Ground,1,49.1,South Africa,Ireland,M Klaas,T Chetty,A Beggs,1,0,,,,,,,,,
1089530,2017,2017-05-19,North-West University No1 Ground,1,49.2,South Africa,Ireland,T Chetty,M Klaas,A Beggs,0,1,1,,,,,,,,
1089530,2017,2017-05-19,North-West University No1 Ground,1,49.3,South Africa,Ireland,T Chetty,M Klaas,A Beggs,1,0,,,,,,,,,
1089530,2017,2017-05-19,North-West University No1 Ground,1,49.4,South Africa,Ireland,M Klaas,T Chetty,A Beggs,1,0,,,,,,,,,
1089530,2017,2017-05-19,North-West University No1 Ground,1,49.5,South Africa,Ireland,T Chetty,M Klaas,A Beggs,0,0,,,,,,caught,T Chetty,,
1089530,2017,2017-05-19,North-West University No1 Ground,1,49.6,South Africa,Ireland,M Klaas,A Khaka,A Beggs,1,0,,,,,,,,,
1089530,2017,2017-05-19,North-West University No1 Ground,1,49.7,South Africa,Ireland,A Khaka,M Klaas,A Beggs,1,0,,,,,,,,,
1089530,2017,2017-05-19,North-West University No1 Ground,2,0.1,Ireland,South Africa,MV Waldron,L Paul,S Ismail,0,0,,,,,,,,,
1089530,2017,2017-05-19,North-West University No1 Ground,2,0.2,Ireland,South Africa,MV Waldron,L Paul,S Ismail,0,0,,,,,,,,,
1089530,2017,2017-05-19,North-West University No1 Ground,2,0.3,Ireland,South Africa,MV Waldron,L Paul,S Ismail,0,0,,,,,,,,,
1089530,2017,2017-05-19,North-West University No1 Ground,2,0.4,Ireland,South Africa,MV Waldron,L Paul,S Ismail,0,0,,,,,,,,,
1089530,2017,2017-05-19,North-West University No1 Ground,2,0.5,Ireland,South Africa,MV Waldron,L Paul,S Ismail,0,0,,,,,,,,,
1089530,2017,2017-05-19,North-West University No1 Ground,2,0.6,Ireland,South Africa,MV Waldron,L Paul,S Ismail,0,1,,,,1,,,,,
1089530,2017,2017-05-19,North-West University No1 Ground,2,1.1,Ireland,South Africa,MV Waldron,L Paul,M Kapp,0,0,,,,,,,,,
1089530,2017,2017-05-19,North-West University No1 Ground,2,1.2,Ireland,South Africa,MV Waldron,L Paul,M Kapp,0,0,,,,,,,,,
1089530,2017,2017-05-19,North-West University No1 Ground,2,1.3,Ireland,South Africa,MV Waldron,L Paul,M Kapp,0,0,,,,,,,,,
1089530,2017,2017-05-19,North-West University No1 Ground,2,1.4,Ireland,South Africa,MV Waldron,L Paul,M Kapp,0,0,,,,,,,,,
1089530,2017,2017-05-19,North-West University No1 Ground,2,1.5,Ireland,South Africa,MV Waldron,L Paul,M Kapp,4,0,,,,,,,,,
1089530,2017,2017-05-19,North-West University No1 Ground,2,1.6,Ireland,South Africa,MV Waldron,L Paul,M Kapp,1,0,,,,,,,,,
1089530,2017,2017-05-19,North-West University No1 Ground,2,2.1,Ireland,South Africa,MV Waldron,L Paul,S Ismail,0,0,,,,,,,,,
1089530,2017,2017-05-19,North-West University No1 Ground,2,2.2,Ireland,South Africa,MV Waldron,L Paul,S Ismail,0,0,,,,,,,,,
1089530,2017,2017-05-19,North-West University No1 Ground,2,2.3,Ireland,South Africa,MV Waldron,L Paul,S Ismail,1,0,,,,,,,,,
1089530,2017,2017-05-19,North-West University No1 Ground,2,2.4,Ireland,South Africa,L Paul,MV Waldron,S Ismail,0,0,,,,,,,,,
1089530,2017,2017-05-19,North-West University No1 Ground,2,2.5,Ireland,South Africa,L Paul,MV Waldron,S Ismail,0,0,,,,,,,,,
1089530,2017,2017-05-19,North-West University No1 Ground,2,2.6,Ireland,South Africa,L Paul,MV Waldron,S Ismail,0,0,,,,,,,,,
1089530,2017,2017-05-19,North-West University No1 Ground,2,3.1,Ireland,South Africa,MV Waldron,L Paul,M Kapp,0,0,,,,,,,,,
1089530,2017,2017-05-19,North-West University No1 Ground,2,3.2,Ireland,South Africa,MV Waldron,L Paul,M Kapp,0,0,,,,,,,,,
1089530,2017,2017-05-19,North-West University No1 Ground,2,3.3,Ireland,South Africa,MV Waldron,L Paul,M Kapp,0,0,,,,,,,,,
1089530,2017,2017-05-19,North-West University No1 Ground,2,3.4,Ireland,South Africa,MV Waldron,L Paul,M Kapp,4,0,,,,,,,,,
1089530,2017,2017-05-19,North-West University No1 Ground,2,3.5,Ireland,South Africa,MV Waldron,L Paul,M Kapp,0,0,,,,,,,,,
1089530,2017,2017-05-19,North-West University No1 Ground,2,3.6,Ireland,South Africa,MV Waldron,L Paul,M Kapp,1,0,,,,,,,,,
1089530,2017,2017-05-19,North-West University No1 Ground,2,4.1,Ireland,South Africa,MV Waldron,L Paul,S Ismail,0,0,,,,,,,,,
1089530,2017,2017-05-19,North-West University No1 Ground,2,4.2,Ireland,South Africa,MV Waldron,L Paul,S Ismail,0,1,,1,,,,,,,
1089530,2017,2017-05-19,North-West University No1 Ground,2,4.3,Ireland,South Africa,MV Waldron,L Paul,S Ismail,0,0,,,,,,,,,
1089530,2017,2017-05-19,North-West University No1 Ground,2,4.4,Ireland,South Africa,MV Waldron,L Paul,S Ismail,0,0,,,,,,,,,
1089530,2017,2017-05-19,North-West University No1 Ground,2,4.5,Ireland,South Africa,MV Waldron,L Paul,S Ismail,0,0,,,,,,,,,
1089530,2017,2017-05-19,North-West University No1 Ground,2,4.6,Ireland,South Africa,MV Waldron,L Paul,S Ismail,1,0,,,,,,,,,
1089530,2017,2017-05-19,North-West University No1 Ground,2,4.7,Ireland,South Africa,L Paul,MV Waldron,S Ismail,0,0,,,,,,,,,
1089530,2017,2017-05-19,North-West University No1 Ground,2,5.1,Ireland,South Africa,MV Waldron,L Paul,M Kapp,1,0,,,,,,,,,
1089530,2017,2017-05-19,North-West University No1 Ground,2,5.2,Ireland,South Africa,L Paul,MV Waldron,M Kapp,0,0,,,,,,,,,
1089530,2017,2017-05-19,North-West University No1 Ground,2,5.3,Ireland,South Africa,L Paul,MV Waldron,M Kapp,0,0,,,,,,,,,
1089530,2017,2017-05-19,North-West University No1 Ground,2,5.4,Ireland,South Africa,L Paul,MV Waldron,M Kapp,0,0,,,,,,,,,
1089530,2017,2017-05-19,North-West University No1 Ground,2,5.5,Ireland,South Africa,L Paul,MV Waldron,M Kapp,1,0,,,,,,,,,
1089530,2017,2017-05-19,North-West University No1 Ground,2,5.6,Ireland,South Africa,MV Waldron,L Paul,M Kapp,0,0,,,,,,,,,
1089530,2017,2017-05-19,North-West University No1 Ground,2,6.1,Ireland,South Africa,L Paul,MV Waldron,S Ismail,0,0,,,,,,,,,
1089530,2017,2017-05-19,North-West University No1 Ground,2,6.2,Ireland,South Africa,L Paul,MV Waldron,S Ismail,0,0,,,,,,,,,
1089530,2017,2017-05-19,North-West University No1 Ground,2,6.3,Ireland,South Africa,L Paul,MV Waldron,S Ismail,0,0,,,,,,,,,
1089530,2017,2017-05-19,North-West University No1 Ground,2,6.4,Ireland,South Africa,L Paul,MV Waldron,S Ismail,0,0,,,,,,,,,
1089530,2017,2017-05-19,North-West University No1 Ground,2,6.5,Ireland,South Africa,L Paul,MV Waldron,S Ismail,0,0,,,,,,,,,
1089530,2017,2017-05-19,North-West University No1 Ground,2,6.6,Ireland,South Africa,L Paul,MV Waldron,S Ismail,0,0,,,,,,,,,
1089530,2017,2017-05-19,North-West University No1 Ground,2,7.1,Ireland,South Africa,MV Waldron,L Paul,M Kapp,4,0,,,,,,,,,
1089530,2017,2017-05-19,North-West University No1 Ground,2,7.2,Ireland,South Africa,MV Waldron,L Paul,M Klaas,0,0,,,,,,,,,
1089530,2017,2017-05-19,North-West University No1 Ground,2,7.3,Ireland,South Africa,MV Waldron,L Paul,M Klaas,1,0,,,,,,,,,
1089530,2017,2017-05-19,North-West University No1 Ground,2,7.4,Ireland,South Africa,L Paul,MV Waldron,M Klaas,0,0,,,,,,,,,
1089530,2017,2017-05-19,North-West University No1 Ground,2,7.5,Ireland,South Africa,L Paul,MV Waldron,M Klaas,0,0,,,,,,,,,
1089530,2017,2017-05-19,North-West University No1 Ground,2,7.6,Ireland,South Africa,L Paul,MV Waldron,M Klaas,0,0,,,,,,,,,
1089530,2017,2017-05-19,North-West University No1 Ground,2,8.1,Ireland,South Africa,MV Waldron,L Paul,S Ismail,0,0,,,,,,,,,
1089530,2017,2017-05-19,North-West University No1 Ground,2,8.2,Ireland,South Africa,MV Waldron,L Paul,S Ismail,4,0,,,,,,,,,
1089530,2017,2017-05-19,North-West University No1 Ground,2,8.3,Ireland,South Africa,MV Waldron,L Paul,S Ismail,4,0,,,,,,,,,
1089530,2017,2017-05-19,North-West University No1 Ground,2,8.4,Ireland,South Africa,MV Waldron,L Paul,S Ismail,0,0,,,,,,,,,
1089530,2017,2017-05-19,North-West University No1 Ground,2,8.5,Ireland,South Africa,MV Waldron,L Paul,S Ismail,0,0,,,,,,,,,
1089530,2017,2017-05-19,North-West University No1 Ground,2,8.6,Ireland,South Africa,MV Waldron,L Paul,S Ismail,0,0,,,,,,,,,
1089530,2017,2017-05-19,North-West University No1 Ground,2,9.1,Ireland,South Africa,L Paul,MV Waldron,M Klaas,0,0,,,,,,,,,
1089530,2017,2017-05-19,North-West University No1 Ground,2,9.2,Ireland,South Africa,L Paul,MV Waldron,M Klaas,0,0,,,,,,,,,
1089530,2017,2017-05-19,North-West University No1 Ground,2,9.3,Ireland,South Africa,L Paul,MV Waldron,M Klaas,0,0,,,,,,,,,
1089530,2017,2017-05-19,North-West University No1 Ground,2,9.4,Ireland,South Africa,L Paul,MV Waldron,M Klaas,0,0,,,,,,,,,
1089530,2017,2017-05-19,North-West University No1 Ground,2,9.5,Ireland,South Africa,L Paul,MV Waldron,M Klaas,0,0,,,,,,,,,
1089530,2017,2017-05-19,North-West University No1 Ground,2,9.6,Ireland,South Africa,L Paul,MV Waldron,M Klaas,0,0,,,,,,,,,
1089530,2017,2017-05-19,North-West University No1 Ground,2,10.1,Ireland,South Africa,MV Waldron,L Paul,S Luus,0,0,,,,,,,,,
1089530,2017,2017-05-19,North-West University No1 Ground,2,10.2,Ireland,South Africa,MV Waldron,L Paul,S Luus,4,0,,,,,,,,,
1089530,2017,2017-05-19,North-West University No1 Ground,2,10.3,Ireland,South Africa,MV Waldron,L Paul,S Luus,0,0,,,,,,,,,
1089530,2017,2017-05-19,North-West University No1 Ground,2,10.4,Ireland,South Africa,MV Waldron,L Paul,S Luus,1,0,,,,,,,,,
1089530,2017,2017-05-19,North-West University No1 Ground,2,10.5,Ireland,South Africa,L Paul,MV Waldron,S Luus,0,0,,,,,,,,,
1089530,2017,2017-05-19,North-West University No1 Ground,2,10.6,Ireland,South Africa,L Paul,MV Waldron,S Luus,1,0,,,,,,,,,
1089530,2017,2017-05-19,North-West University No1 Ground,2,11.1,Ireland,South Africa,L Paul,MV Waldron,M Klaas,0,0,,,,,,,,,
1089530,2017,2017-05-19,North-West University No1 Ground,2,11.2,Ireland,South Africa,L Paul,MV Waldron,M Klaas,0,0,,,,,,,,,
1089530,2017,2017-05-19,North-West University No1 Ground,2,11.3,Ireland,South Africa,L Paul,MV Waldron,M Klaas,0,0,,,,,,,,,
1089530,2017,2017-05-19,North-West University No1 Ground,2,11.4,Ireland,South Africa,L Paul,MV Waldron,M Klaas,0,0,,,,,,,,,
1089530,2017,2017-05-19,North-West University No1 Ground,2,11.5,Ireland,South Africa,L Paul,MV Waldron,M Klaas,0,0,,,,,,,,,
1089530,2017,2017-05-19,North-West University No1 Ground,2,11.6,Ireland,South Africa,L Paul,MV Waldron,M Klaas,0,0,,,,,,,,,
1089530,2017,2017-05-19,North-West University No1 Ground,2,12.1,Ireland,South Africa,MV Waldron,L Paul,S Luus,1,0,,,,,,,,,
1089530,2017,2017-05-19,North-West University No1 Ground,2,12.2,Ireland,South Africa,L Paul,MV Waldron,S Luus,1,0,,,,,,,,,
1089530,2017,2017-05-19,North-West University No1 Ground,2,12.3,Ireland,South Africa,MV Waldron,L Paul,S Luus,0,0,,,,,,,,,
1089530,2017,2017-05-19,North-West University No1 Ground,2,12.4,Ireland,South Africa,MV Waldron,L Paul,S Luus,1,0,,,,,,,,,
1089530,2017,2017-05-19,North-West University No1 Ground,2,12.5,Ireland,South Africa,L Paul,MV Waldron,S Luus,0,0,,,,,,,,,
1089530,2017,2017-05-19,North-West University No1 Ground,2,12.6,Ireland,South Africa,L Paul,MV Waldron,S Luus,1,0,,,,,,,,,
1089530,2017,2017-05-19,North-West University No1 Ground,2,13.1,Ireland,South Africa,L Paul,MV Waldron,A Khaka,0,0,,,,,,,,,
1089530,2017,2017-05-19,North-West University No1 Ground,2,13.2,Ireland,South Africa,L Paul,MV Waldron,A Khaka,2,0,,,,,,,,,
1089530,2017,2017-05-19,North-West University No1 Ground,2,13.3,Ireland,South Africa,L Paul,MV Waldron,A Khaka,0,0,,,,,,,,,
1089530,2017,2017-05-19,North-West University No1 Ground,2,13.4,Ireland,South Africa,L Paul,MV Waldron,A Khaka,0,0,,,,,,,,,
1089530,2017,2017-05-19,North-West University No1 Ground,2,13.5,Ireland,South Africa,L Paul,MV Waldron,A Khaka,0,0,,,,,,,,,
1089530,2017,2017-05-19,North-West University No1 Ground,2,13.6,Ireland,South Africa,L Paul,MV Waldron,A Khaka,4,0,,,,,,,,,
1089530,2017,2017-05-19,North-West University No1 Ground,2,14.1,Ireland,South Africa,MV Waldron,L Paul,S Luus,4,0,,,,,,,,,
1089530,2017,2017-05-19,North-West University No1 Ground,2,14.2,Ireland,South Africa,MV Waldron,L Paul,S Luus,0,0,,,,,,,,,
1089530,2017,2017-05-19,North-West University No1 Ground,2,14.3,Ireland,South Africa,MV Waldron,L Paul,S Luus,0,0,,,,,,,,,
1089530,2017,2017-05-19,North-West University No1 Ground,2,14.4,Ireland,South Africa,MV Waldron,L Paul,S Luus,2,0,,,,,,,,,
1089530,2017,2017-05-19,North-West University No1 Ground,2,14.5,Ireland,South Africa,MV Waldron,L Paul,S Luus,1,0,,,,,,,,,
1089530,2017,2017-05-19,North-West University No1 Ground,2,14.6,Ireland,South Africa,L Paul,MV Waldron,S Luus,0,0,,,,,,,,,
1089530,2017,2017-05-19,North-West University No1 Ground,2,15.1,Ireland,South Africa,MV Waldron,L Paul,A Khaka,1,0,,,,,,,,,
1089530,2017,2017-05-19,North-West University No1 Ground,2,15.2,Ireland,South Africa,L Paul,MV Waldron,A Khaka,1,0,,,,,,,,,
1089530,2017,2017-05-19,North-West University No1 Ground,2,15.3,Ireland,South Africa,MV Waldron,L Paul,A Khaka,0,0,,,,,,lbw,MV Waldron,,
1089530,2017,2017-05-19,North-West University No1 Ground,2,15.4,Ireland,South Africa,GH Lewis,L Paul,A Khaka,0,0,,,,,,,,,
1089530,2017,2017-05-19,North-West University No1 Ground,2,15.5,Ireland,South Africa,GH Lewis,L Paul,A Khaka,0,0,,,,,,,,,
1089530,2017,2017-05-19,North-West University No1 Ground,2,15.6,Ireland,South Africa,GH Lewis,L Paul,A Khaka,0,0,,,,,,,,,
1089530,2017,2017-05-19,North-West University No1 Ground,2,16.1,Ireland,South Africa,L Paul,GH Lewis,S Luus,0,0,,,,,,,,,
1089530,2017,2017-05-19,North-West University No1 Ground,2,16.2,Ireland,South Africa,L Paul,GH Lewis,S Luus,1,0,,,,,,,,,
1089530,2017,2017-05-19,North-West University No1 Ground,2,16.3,Ireland,South Africa,GH Lewis,L Paul,S Luus,1,0,,,,,,,,,
1089530,2017,2017-05-19,North-West University No1 Ground,2,16.4,Ireland,South Africa,L Paul,GH Lewis,S Luus,4,0,,,,,,,,,
1089530,2017,2017-05-19,North-West University No1 Ground,2,16.5,Ireland,South Africa,L Paul,GH Lewis,S Luus,1,1,,1,,,,,,,
1089530,2017,2017-05-19,North-West University No1 Ground,2,16.6,Ireland,South Africa,GH Lewis,L Paul,S Luus,0,1,,,,1,,,,,
1089530,2017,2017-05-19,North-West University No1 Ground,2,16.7,Ireland,South Africa,L Paul,GH Lewis,S Luus,0,4,,,4,,,,,,
1089530,2017,2017-05-19,North-West University No1 Ground,2,17.1,Ireland,South Africa,GH Lewis,L Paul,A Khaka,0,0,,,,,,,,,
1089530,2017,2017-05-19,North-West University No1 Ground,2,17.2,Ireland,South Africa,GH Lewis,L Paul,A Khaka,1,0,,,,,,,,,
1089530,2017,2017-05-19,North-West University No1 Ground,2,17.3,Ireland,South Africa,L Paul,GH Lewis,A Khaka,0,0,,,,,,,,,
1089530,2017,2017-05-19,North-West University No1 Ground,2,17.4,Ireland,South Africa,L Paul,GH Lewis,A Khaka,0,0,,,,,,lbw,L Paul,,
1089530,2017,2017-05-19,North-West University No1 Ground,2,17.5,Ireland,South Africa,R Stokell,GH Lewis,A Khaka,0,0,,,,,,,,,
1089530,2017,2017-05-19,North-West University No1 Ground,2,17.6,Ireland,South Africa,R Stokell,GH Lewis,A Khaka,0,0,,,,,,,,,
1089530,2017,2017-05-19,North-West University No1 Ground,2,18.1,Ireland,South Africa,GH Lewis,R Stokell,R Ntozakhe,0,0,,,,,,,,,
1089530,2017,2017-05-19,North-West University No1 Ground,2,18.2,Ireland,South Africa,GH Lewis,R Stokell,R Ntozakhe,0,0,,,,,,,,,
1089530,2017,2017-05-19,North-West University No1 Ground,2,18.3,Ireland,South Africa,GH Lewis,R Stokell,R Ntozakhe,0,0,,,,,,,,,
1089530,2017,2017-05-19,North-West University No1 Ground,2,18.4,Ireland,South Africa,GH Lewis,R Stokell,R Ntozakhe,0,0,,,,,,,,,
1089530,2017,2017-05-19,North-West University No1 Ground,2,18.5,Ireland,South Africa,GH Lewis,R Stokell,R Ntozakhe,1,0,,,,,,,,,
1089530,2017,2017-05-19,North-West University No1 Ground,2,18.6,Ireland,South Africa,R Stokell,GH Lewis,R Ntozakhe,0,0,,,,,,,,,
1089530,2017,2017-05-19,North-West University No1 Ground,2,19.1,Ireland,South Africa,GH Lewis,R Stokell,M Klaas,0,0,,,,,,,,,
1089530,2017,2017-05-19,North-West University No1 Ground,2,19.2,Ireland,South Africa,GH Lewis,R Stokell,M Klaas,1,0,,,,,,,,,
1089530,2017,2017-05-19,North-West University No1 Ground,2,19.3,Ireland,South Africa,R Stokell,GH Lewis,M Klaas,0,0,,,,,,,,,
1089530,2017,2017-05-19,North-West University No1 Ground,2,19.4,Ireland,South Africa,R Stokell,GH Lewis,M Klaas,0,0,,,,,,,,,
1089530,2017,2017-05-19,North-West University No1 Ground,2,19.5,Ireland,South Africa,R Stokell,GH Lewis,M Klaas,0,0,,,,,,,,,
1089530,2017,2017-05-19,North-West University No1 Ground,2,19.6,Ireland,South Africa,R Stokell,GH Lewis,M Klaas,4,0,,,,,,,,,
1089530,2017,2017-05-19,North-West University No1 Ground,2,20.1,Ireland,South Africa,GH Lewis,R Stokell,R Ntozakhe,0,0,,,,,,,,,
1089530,2017,2017-05-19,North-West University No1 Ground,2,20.2,Ireland,South Africa,GH Lewis,R Stokell,R Ntozakhe,1,0,,,,,,,,,
1089530,2017,2017-05-19,North-West University No1 Ground,2,20.3,Ireland,South Africa,R Stokell,GH Lewis,R Ntozakhe,0,0,,,,,,,,,
1089530,2017,2017-05-19,North-West University No1 Ground,2,20.4,Ireland,South Africa,R Stokell,GH Lewis,R Ntozakhe,0,0,,,,,,,,,
1089530,2017,2017-05-19,North-West University No1 Ground,2,20.5,Ireland,South Africa,R Stokell,GH Lewis,R Ntozakhe,0,0,,,,,,,,,
1089530,2017,2017-05-19,North-West University No1 Ground,2,20.6,Ireland,South Africa,R Stokell,GH Lewis,R Ntozakhe,2,0,,,,,,,,,
1089530,2017,2017-05-19,North-West University No1 Ground,2,21.1,Ireland,South Africa,GH Lewis,R Stokell,M Klaas,0,0,,,,,,,,,
1089530,2017,2017-05-19,North-West University No1 Ground,2,21.2,Ireland,South Africa,GH Lewis,R Stokell,M Klaas,0,0,,,,,,,,,
1089530,2017,2017-05-19,North-West University No1 Ground,2,21.3,Ireland,South Africa,GH Lewis,R Stokell,M Klaas,0,0,,,,,,,,,
1089530,2017,2017-05-19,North-West University No1 Ground,2,21.4,Ireland,South Africa,GH Lewis,R Stokell,M Klaas,4,0,,,,,,,,,
1089530,2017,2017-05-19,North-West University No1 Ground,2,21.5,Ireland,South Africa,GH Lewis,R Stokell,M Klaas,4,0,,,,,,,,,
1089530,2017,2017-05-19,North-West University No1 Ground,2,21.6,Ireland,South Africa,GH Lewis,R Stokell,M Klaas,0,0,,,,,,,,,
1089530,2017,2017-05-19,North-West University No1 Ground,2,22.1,Ireland,South Africa,R Stokell,GH Lewis,R Ntozakhe,0,0,,,,,,,,,
1089530,2017,2017-05-19,North-West University No1 Ground,2,22.2,Ireland,South Africa,R Stokell,GH Lewis,R Ntozakhe,0,0,,,,,,,,,
1089530,2017,2017-05-19,North-West University No1 Ground,2,22.3,Ireland,South Africa,R Stokell,GH Lewis,R Ntozakhe,0,0,,,,,,,,,
1089530,2017,2017-05-19,North-West University No1 Ground,2,22.4,Ireland,South Africa,R Stokell,GH Lewis,R Ntozakhe,0,0,,,,,,,,,
1089530,2017,2017-05-19,North-West University No1 Ground,2,22.5,Ireland,South Africa,R Stokell,GH Lewis,R Ntozakhe,0,0,,,,,,,,,
1089530,2017,2017-05-19,North-West University No1 Ground,2,22.6,Ireland,South Africa,R Stokell,GH Lewis,R Ntozakhe,0,0,,,,,,,,,
1089530,2017,2017-05-19,North-West University No1 Ground,2,23.1,Ireland,South Africa,GH Lewis,R Stokell,N de Klerk,4,0,,,,,,,,,
1089530,2017,2017-05-19,North-West University No1 Ground,2,23.2,Ireland,South Africa,GH Lewis,R Stokell,N de Klerk,0,0,,,,,,,,,
1089530,2017,2017-05-19,North-West University No1 Ground,2,23.3,Ireland,South Africa,GH Lewis,R Stokell,N de Klerk,1,0,,,,,,,,,
1089530,2017,2017-05-19,North-West University No1 Ground,2,23.4,Ireland,South Africa,R Stokell,GH Lewis,N de Klerk,0,1,1,,,,,,,,
1089530,2017,2017-05-19,North-West University No1 Ground,2,23.5,Ireland,South Africa,R Stokell,GH Lewis,N de Klerk,0,0,,,,,,,,,
1089530,2017,2017-05-19,North-West University No1 Ground,2,23.6,Ireland,South Africa,R Stokell,GH Lewis,N de Klerk,0,1,1,,,,,,,,
1089530,2017,2017-05-19,North-West University No1 Ground,2,23.7,Ireland,South Africa,R Stokell,GH Lewis,N de Klerk,1,0,,,,,,,,,
1089530,2017,2017-05-19,North-West University No1 Ground,2,23.8,Ireland,South Africa,GH Lewis,R Stokell,N de Klerk,0,0,,,,,,,,,
1089530,2017,2017-05-19,North-West University No1 Ground,2,24.1,Ireland,South Africa,R Stokell,GH Lewis,R Ntozakhe,4,0,,,,,,,,,
1089530,2017,2017-05-19,North-West University No1 Ground,2,24.2,Ireland,South Africa,R Stokell,GH Lewis,R Ntozakhe,4,0,,,,,,,,,
1089530,2017,2017-05-19,North-West University No1 Ground,2,24.3,Ireland,South Africa,R Stokell,GH Lewis,R Ntozakhe,1,0,,,,,,,,,
1089530,2017,2017-05-19,North-West University No1 Ground,2,24.4,Ireland,South Africa,GH Lewis,R Stokell,R Ntozakhe,0,0,,,,,,,,,
1089530,2017,2017-05-19,North-West University No1 Ground,2,24.5,Ireland,South Africa,GH Lewis,R Stokell,R Ntozakhe,0,0,,,,,,,,,
1089530,2017,2017-05-19,North-West University No1 Ground,2,24.6,Ireland,South Africa,GH Lewis,R Stokell,R Ntozakhe,1,0,,,,,,,,,
1089530,2017,2017-05-19,North-West University No1 Ground,2,25.1,Ireland,South Africa,GH Lewis,R Stokell,N de Klerk,0,0,,,,,,,,,
1089530,2017,2017-05-19,North-West University No1 Ground,2,25.2,Ireland,South Africa,GH Lewis,R Stokell,N de Klerk,0,0,,,,,,,,,
1089530,2017,2017-05-19,North-West University No1 Ground,2,25.3,Ireland,South Africa,GH Lewis,R Stokell,N de Klerk,4,0,,,,,,,,,
1089530,2017,2017-05-19,North-West University No1 Ground,2,25.4,Ireland,South Africa,GH Lewis,R Stokell,N de Klerk,0,0,,,,,,,,,
1089530,2017,2017-05-19,North-West University No1 Ground,2,25.5,Ireland,South Africa,GH Lewis,R Stokell,N de Klerk,0,1,1,,,,,,,,
1089530,2017,2017-05-19,North-West University No1 Ground,2,25.6,Ireland,South Africa,GH Lewis,R Stokell,N de Klerk,0,0,,,,,,,,,
1089530,2017,2017-05-19,North-West University No1 Ground,2,25.7,Ireland,South Africa,GH Lewis,R Stokell,N de Klerk,0,0,,,,,,run out,R Stokell,,
1089530,2017,2017-05-19,North-West University No1 Ground,2,26.1,Ireland,South Africa,GH Lewis,SM Kavanagh,R Ntozakhe,0,0,,,,,,,,,
1089530,2017,2017-05-19,North-West University No1 Ground,2,26.2,Ireland,South Africa,GH Lewis,SM Kavanagh,R Ntozakhe,1,0,,,,,,,,,
1089530,2017,2017-05-19,North-West University No1 Ground,2,26.3,Ireland,South Africa,SM Kavanagh,GH Lewis,R Ntozakhe,4,0,,,,,,,,,
1089530,2017,2017-05-19,North-West University No1 Ground,2,26.4,Ireland,South Africa,SM Kavanagh,GH Lewis,R Ntozakhe,0,0,,,,,,,,,
1089530,2017,2017-05-19,North-West University No1 Ground,2,26.5,Ireland,South Africa,SM Kavanagh,GH Lewis,R Ntozakhe,0,0,,,,,,,,,
1089530,2017,2017-05-19,North-West University No1 Ground,2,26.6,Ireland,South Africa,SM Kavanagh,GH Lewis,R Ntozakhe,0,0,,,,,,,,,
1089530,2017,2017-05-19,North-West University No1 Ground,2,27.1,Ireland,South Africa,GH Lewis,SM Kavanagh,A Khaka,2,0,,,,,,,,,
1089530,2017,2017-05-19,North-West University No1 Ground,2,27.2,Ireland,South Africa,GH Lewis,SM Kavanagh,A Khaka,0,0,,,,,,,,,
1089530,2017,2017-05-19,North-West University No1 Ground,2,27.3,Ireland,South Africa,GH Lewis,SM Kavanagh,A Khaka,0,0,,,,,,,,,
1089530,2017,2017-05-19,North-West University No1 Ground,2,27.4,Ireland,South Africa,GH Lewis,SM Kavanagh,A Khaka,0,0,,,,,,,,,
1089530,2017,2017-05-19,North-West University No1 Ground,2,27.5,Ireland,South Africa,GH Lewis,SM Kavanagh,A Khaka,0,0,,,,,,caught,GH Lewis,,
1089530,2017,2017-05-19,North-West University No1 Ground,2,27.6,Ireland,South Africa,J Gray,SM Kavanagh,A Khaka,2,0,,,,,,,,,
1089530,2017,2017-05-19,North-West University No1 Ground,2,28.1,Ireland,South Africa,SM Kavanagh,J Gray,S Luus,0,0,,,,,,,,,
1089530,2017,2017-05-19,North-West University No1 Ground,2,28.2,Ireland,South Africa,SM Kavanagh,J Gray,S Luus,0,0,,,,,,,,,
1089530,2017,2017-05-19,North-West University No1 Ground,2,28.3,Ireland,South Africa,SM Kavanagh,J Gray,S Luus,1,0,,,,,,,,,
1089530,2017,2017-05-19,North-West University No1 Ground,2,28.4,Ireland,South Africa,J Gray,SM Kavanagh,S Luus,0,1,1,,,,,,,,
1089530,2017,2017-05-19,North-West University No1 Ground,2,28.5,Ireland,South Africa,J Gray,SM Kavanagh,S Luus,0,0,,,,,,,,,
1089530,2017,2017-05-19,North-West University No1 Ground,2,28.6,Ireland,South Africa,J Gray,SM Kavanagh,S Luus,3,0,,,,,,,,,
1089530,2017,2017-05-19,North-West University No1 Ground,2,28.7,Ireland,South Africa,SM Kavanagh,J Gray,S Luus,1,0,,,,,,,,,
1089530,2017,2017-05-19,North-West University No1 Ground,2,29.1,Ireland,South Africa,SM Kavanagh,J Gray,A Khaka,0,0,,,,,,,,,
1089530,2017,2017-05-19,North-West University No1 Ground,2,29.2,Ireland,South Africa,SM Kavanagh,J Gray,A Khaka,0,0,,,,,,,,,
1089530,2017,2017-05-19,North-West University No1 Ground,2,29.3,Ireland,South Africa,SM Kavanagh,J Gray,A Khaka,1,0,,,,,,,,,
1089530,2017,2017-05-19,North-West University No1 Ground,2,29.4,Ireland,South Africa,J Gray,SM Kavanagh,A Khaka,1,0,,,,,,,,,
1089530,2017,2017-05-19,North-West University No1 Ground,2,29.5,Ireland,South Africa,SM Kavanagh,J Gray,A Khaka,0,0,,,,,,,,,
1089530,2017,2017-05-19,North-West University No1 Ground,2,29.6,Ireland,South Africa,SM Kavanagh,J Gray,A Khaka,0,0,,,,,,,,,
1089530,2017,2017-05-19,North-West University No1 Ground,2,30.1,Ireland,South Africa,J Gray,SM Kavanagh,S Luus,1,0,,,,,,,,,
1089530,2017,2017-05-19,North-West University No1 Ground,2,30.2,Ireland,South Africa,SM Kavanagh,J Gray,S Luus,1,0,,,,,,,,,
1089530,2017,2017-05-19,North-West University No1 Ground,2,30.3,Ireland,South Africa,J Gray,SM Kavanagh,S Luus,0,0,,,,,,,,,
1089530,2017,2017-05-19,North-West University No1 Ground,2,30.4,Ireland,South Africa,J Gray,SM Kavanagh,S Luus,0,0,,,,,,,,,
1089530,2017,2017-05-19,North-West University No1 Ground,2,30.5,Ireland,South Africa,J Gray,SM Kavanagh,S Luus,0,0,,,,,,,,,
1089530,2017,2017-05-19,North-West University No1 Ground,2,30.6,Ireland,South Africa,J Gray,SM Kavanagh,S Luus,2,0,,,,,,,,,
1089530,2017,2017-05-19,North-West University No1 Ground,2,31.1,Ireland,South Africa,SM Kavanagh,J Gray,N de Klerk,0,0,,,,,,,,,
1089530,2017,2017-05-19,North-West University No1 Ground,2,31.2,Ireland,South Africa,SM Kavanagh,J Gray,N de Klerk,0,0,,,,,,,,,
1089530,2017,2017-05-19,North-West University No1 Ground,2,31.3,Ireland,South Africa,SM Kavanagh,J Gray,N de Klerk,0,0,,,,,,,,,
1089530,2017,2017-05-19,North-West University No1 Ground,2,31.4,Ireland,South Africa,SM Kavanagh,J Gray,N de Klerk,0,0,,,,,,,,,
1089530,2017,2017-05-19,North-West University No1 Ground,2,31.5,Ireland,South Africa,SM Kavanagh,J Gray,N de Klerk,0,0,,,,,,,,,
1089530,2017,2017-05-19,North-West University No1 Ground,2,31.6,Ireland,South Africa,SM Kavanagh,J Gray,N de Klerk,0,0,,,,,,,,,
1089530,2017,2017-05-19,North-West University No1 Ground,2,32.1,Ireland,South Africa,J Gray,SM Kavanagh,S Luus,0,0,,,,,,,,,
1089530,2017,2017-05-19,North-West University No1 Ground,2,32.2,Ireland,South Africa,J Gray,SM Kavanagh,S Luus,1,0,,,,,,,,,
1089530,2017,2017-05-19,North-West University No1 Ground,2,32.3,Ireland,South Africa,SM Kavanagh,J Gray,S Luus,1,0,,,,,,,,,
1089530,2017,2017-05-19,North-West University No1 Ground,2,32.4,Ireland,South Africa,J Gray,SM Kavanagh,S Luus,0,0,,,,,,,,,
1089530,2017,2017-05-19,North-West University No1 Ground,2,32.5,Ireland,South Africa,J Gray,SM Kavanagh,S Luus,0,0,,,,,,,,,
1089530,2017,2017-05-19,North-West University No1 Ground,2,32.6,Ireland,South Africa,J Gray,SM Kavanagh,S Luus,0,0,,,,,,,,,
1089530,2017,2017-05-19,North-West University No1 Ground,2,33.1,Ireland,South Africa,SM Kavanagh,J Gray,N de Klerk,0,0,,,,,,,,,
1089530,2017,2017-05-19,North-West University No1 Ground,2,33.2,Ireland,South Africa,SM Kavanagh,J Gray,N de Klerk,0,0,,,,,,,,,
1089530,2017,2017-05-19,North-West University No1 Ground,2,33.3,Ireland,South Africa,SM Kavanagh,J Gray,N de Klerk,0,0,,,,,,,,,
1089530,2017,2017-05-19,North-West University No1 Ground,2,33.4,Ireland,South Africa,SM Kavanagh,J Gray,N de Klerk,4,0,,,,,,,,,
1089530,2017,2017-05-19,North-West University No1 Ground,2,33.5,Ireland,South Africa,SM Kavanagh,J Gray,N de Klerk,4,0,,,,,,,,,
1089530,2017,2017-05-19,North-West University No1 Ground,2,33.6,Ireland,South Africa,SM Kavanagh,J Gray,N de Klerk,0,0,,,,,,,,,
1089530,2017,2017-05-19,North-West University No1 Ground,2,34.1,Ireland,South Africa,J Gray,SM Kavanagh,S Luus,0,0,,,,,,,,,
1089530,2017,2017-05-19,North-West University No1 Ground,2,34.2,Ireland,South Africa,J Gray,SM Kavanagh,S Luus,0,2,,,2,,,,,,
1089530,2017,2017-05-19,North-West University No1 Ground,2,34.3,Ireland,South Africa,J Gray,SM Kavanagh,S Luus,2,0,,,,,,,,,
1089530,2017,2017-05-19,North-West University No1 Ground,2,34.4,Ireland,South Africa,J Gray,SM Kavanagh,S Luus,1,0,,,,,,,,,
1089530,2017,2017-05-19,North-West University No1 Ground,2,34.5,Ireland,South Africa,SM Kavanagh,J Gray,S Luus,1,0,,,,,,,,,
1089530,2017,2017-05-19,North-West University No1 Ground,2,34.6,Ireland,South Africa,J Gray,SM Kavanagh,S Luus,0,0,,,,,,,,,
1089530,2017,2017-05-19,North-West University No1 Ground,2,35.1,Ireland,South Africa,SM Kavanagh,J Gray,N de Klerk,0,0,,,,,,,,,
1089530,2017,2017-05-19,North-West University No1 Ground,2,35.2,Ireland,South Africa,SM Kavanagh,J Gray,N de Klerk,0,0,,,,,,,,,
1089530,2017,2017-05-19,North-West University No1 Ground,2,35.3,Ireland,South Africa,SM Kavanagh,J Gray,N de Klerk,0,0,,,,,,,,,
1089530,2017,2017-05-19,North-West University No1 Ground,2,35.4,Ireland,South Africa,SM Kavanagh,J Gray,N de Klerk,0,0,,,,,,,,,
1089530,2017,2017-05-19,North-West University No1 Ground,2,35.5,Ireland,South Africa,SM Kavanagh,J Gray,N de Klerk,0,0,,,,,,,,,
1089530,2017,2017-05-19,North-West University No1 Ground,2,35.6,Ireland,South Africa,SM Kavanagh,J Gray,N de Klerk,0,0,,,,,,,,,
1089530,2017,2017-05-19,North-West University No1 Ground,2,36.1,Ireland,South Africa,J Gray,SM Kavanagh,R Ntozakhe,0,0,,,,,,,,,
1089530,2017,2017-05-19,North-West University No1 Ground,2,36.2,Ireland,South Africa,J Gray,SM Kavanagh,R Ntozakhe,4,0,,,,,,,,,
1089530,2017,2017-05-19,North-West University No1 Ground,2,36.3,Ireland,South Africa,J Gray,SM Kavanagh,R Ntozakhe,0,4,,,4,,,,,,
1089530,2017,2017-05-19,North-West University No1 Ground,2,36.4,Ireland,South Africa,J Gray,SM Kavanagh,R Ntozakhe,0,0,,,,,,,,,
1089530,2017,2017-05-19,North-West University No1 Ground,2,36.5,Ireland,South Africa,J Gray,SM Kavanagh,R Ntozakhe,0,0,,,,,,,,,
1089530,2017,2017-05-19,North-West University No1 Ground,2,36.6,Ireland,South Africa,J Gray,SM Kavanagh,R Ntozakhe,0,0,,,,,,,,,
1089530,2017,2017-05-19,North-West University No1 Ground,2,37.1,Ireland,South Africa,SM Kavanagh,J Gray,N de Klerk,0,0,,,,,,,,,
1089530,2017,2017-05-19,North-West University No1 Ground,2,37.2,Ireland,South Africa,SM Kavanagh,J Gray,N de Klerk,0,0,,,,,,,,,
1089530,2017,2017-05-19,North-West University No1 Ground,2,37.3,Ireland,South Africa,SM Kavanagh,J Gray,N de Klerk,0,0,,,,,,,,,
1089530,2017,2017-05-19,North-West University No1 Ground,2,37.4,Ireland,South Africa,SM Kavanagh,J Gray,N de Klerk,0,0,,,,,,,,,
1089530,2017,2017-05-19,North-West University No1 Ground,2,37.5,Ireland,South Africa,SM Kavanagh,J Gray,N de Klerk,0,0,,,,,,,,,
1089530,2017,2017-05-19,North-West University No1 Ground,2,37.6,Ireland,South Africa,SM Kavanagh,J Gray,N de Klerk,0,0,,,,,,,,,
1089530,2017,2017-05-19,North-West University No1 Ground,2,38.1,Ireland,South Africa,J Gray,SM Kavanagh,R Ntozakhe,0,0,,,,,,,,,
1089530,2017,2017-05-19,North-West University No1 Ground,2,38.2,Ireland,South Africa,J Gray,SM Kavanagh,R Ntozakhe,0,0,,,,,,,,,
1089530,2017,2017-05-19,North-West University No1 Ground,2,38.3,Ireland,South Africa,J Gray,SM Kavanagh,R Ntozakhe,1,0,,,,,,,,,
1089530,2017,2017-05-19,North-West University No1 Ground,2,38.4,Ireland,South Africa,SM Kavanagh,J Gray,R Ntozakhe,0,0,,,,,,,,,
1089530,2017,2017-05-19,North-West University No1 Ground,2,38.5,Ireland,South Africa,SM Kavanagh,J Gray,R Ntozakhe,0,0,,,,,,,,,
1089530,2017,2017-05-19,North-West University No1 Ground,2,38.6,Ireland,South Africa,SM Kavanagh,J Gray,R Ntozakhe,0,0,,,,,,,,,
1089530,2017,2017-05-19,North-West University No1 Ground,2,39.1,Ireland,South Africa,J Gray,SM Kavanagh,N de Klerk,0,0,,,,,,,,,
1089530,2017,2017-05-19,North-West University No1 Ground,2,39.2,Ireland,South Africa,J Gray,SM Kavanagh,N de Klerk,0,0,,,,,,,,,
1089530,2017,2017-05-19,North-West University No1 Ground,2,39.3,Ireland,South Africa,J Gray,SM Kavanagh,N de Klerk,0,0,,,,,,caught,J Gray,,
1089530,2017,2017-05-19,North-West University No1 Ground,2,39.4,Ireland,South Africa,LC Boylan,SM Kavanagh,N de Klerk,0,0,,,,,,,,,
1089530,2017,2017-05-19,North-West University No1 Ground,2,39.5,Ireland,South Africa,LC Boylan,SM Kavanagh,N de Klerk,2,0,,,,,,,,,
1089530,2017,2017-05-19,North-West University No1 Ground,2,39.6,Ireland,South Africa,LC Boylan,SM Kavanagh,N de Klerk,0,0,,,,,,,,,
1089530,2017,2017-05-19,North-West University No1 Ground,2,40.1,Ireland,South Africa,SM Kavanagh,LC Boylan,R Ntozakhe,0,0,,,,,,,,,
1089530,2017,2017-05-19,North-West University No1 Ground,2,40.2,Ireland,South Africa,SM Kavanagh,LC Boylan,R Ntozakhe,0,0,,,,,,,,,
1089530,2017,2017-05-19,North-West University No1 Ground,2,40.3,Ireland,South Africa,SM Kavanagh,LC Boylan,R Ntozakhe,0,0,,,,,,,,,
1089530,2017,2017-05-19,North-West University No1 Ground,2,40.4,Ireland,South Africa,SM Kavanagh,LC Boylan,R Ntozakhe,4,0,,,,,,,,,
1089530,2017,2017-05-19,North-West University No1 Ground,2,40.5,Ireland,South Africa,SM Kavanagh,LC Boylan,R Ntozakhe,2,0,,,,,,,,,
1089530,2017,2017-05-19,North-West University No1 Ground,2,40.6,Ireland,South Africa,SM Kavanagh,LC Boylan,R Ntozakhe,0,0,,,,,,,,,
1089530,2017,2017-05-19,North-West University No1 Ground,2,41.1,Ireland,South Africa,LC Boylan,SM Kavanagh,N de Klerk,0,0,,,,,,,,,
1089530,2017,2017-05-19,North-West University No1 Ground,2,41.2,Ireland,South Africa,LC Boylan,SM Kavanagh,N de Klerk,0,0,,,,,,,,,
1089530,2017,2017-05-19,North-West University No1 Ground,2,41.3,Ireland,South Africa,LC Boylan,SM Kavanagh,N de Klerk,0,0,,,,,,,,,
1089530,2017,2017-05-19,North-West University No1 Ground,2,41.4,Ireland,South Africa,LC Boylan,SM Kavanagh,N de Klerk,0,0,,,,,,,,,
1089530,2017,2017-05-19,North-West University No1 Ground,2,41.5,Ireland,South Africa,LC Boylan,SM Kavanagh,N de Klerk,0,0,,,,,,,,,
1089530,2017,2017-05-19,North-West University No1 Ground,2,41.6,Ireland,South Africa,LC Boylan,SM Kavanagh,N de Klerk,0,0,,,,,,,,,
1089530,2017,2017-05-19,North-West University No1 Ground,2,42.1,Ireland,South Africa,SM Kavanagh,LC Boylan,S Luus,0,0,,,,,,bowled,SM Kavanagh,,
1089530,2017,2017-05-19,North-West University No1 Ground,2,42.2,Ireland,South Africa,Rachel Delaney,LC Boylan,S Luus,0,0,,,,,,,,,
1089530,2017,2017-05-19,North-West University No1 Ground,2,42.3,Ireland,South Africa,Rachel Delaney,LC Boylan,S Luus,1,0,,,,,,,,,
1089530,2017,2017-05-19,North-West University No1 Ground,2,42.4,Ireland,South Africa,LC Boylan,Rachel Delaney,S Luus,0,0,,,,,,,,,
1089530,2017,2017-05-19,North-West University No1 Ground,2,42.5,Ireland,South Africa,LC Boylan,Rachel Delaney,S Luus,0,0,,,,,,,,,
1089530,2017,2017-05-19,North-West University No1 Ground,2,42.6,Ireland,South Africa,LC Boylan,Rachel Delaney,S Luus,0,0,,,,,,,,,
1089530,2017,2017-05-19,North-West University No1 Ground,2,43.1,Ireland,South Africa,Rachel Delaney,LC Boylan,N de Klerk,0,0,,,,,,,,,
1089530,2017,2017-05-19,North-West University No1 Ground,2,43.2,Ireland,South Africa,Rachel Delaney,LC Boylan,N de Klerk,0,0,,,,,,,,,
1089530,2017,2017-05-19,North-West University No1 Ground,2,43.3,Ireland,South Africa,Rachel Delaney,LC Boylan,N de Klerk,0,0,,,,,,,,,
1089530,2017,2017-05-19,North-West University No1 Ground,2,43.4,Ireland,South Africa,Rachel Delaney,LC Boylan,N de Klerk,4,0,,,,,,,,,
1089530,2017,2017-05-19,North-West University No1 Ground,2,43.5,Ireland,South Africa,Rachel Delaney,LC Boylan,N de Klerk,0,0,,,,,,,,,
1089530,2017,2017-05-19,North-West University No1 Ground,2,43.6,Ireland,South Africa,Rachel Delaney,LC Boylan,N de Klerk,0,0,,,,,,,,,
1089530,2017,2017-05-19,North-West University No1 Ground,2,44.1,Ireland,South Africa,LC Boylan,Rachel Delaney,S Luus,0,0,,,,,,,,,
1089530,2017,2017-05-19,North-West University No1 Ground,2,44.2,Ireland,South Africa,LC Boylan,Rachel Delaney,S Luus,1,0,,,,,,,,,
1089530,2017,2017-05-19,North-West University No1 Ground,2,44.3,Ireland,South Africa,Rachel Delaney,LC Boylan,S Luus,1,0,,,,,,,,,
1089530,2017,2017-05-19,North-West University No1 Ground,2,44.4,Ireland,South Africa,LC Boylan,Rachel Delaney,S Luus,1,0,,,,,,,,,
1089530,2017,2017-05-19,North-West University No1 Ground,2,44.5,Ireland,South Africa,Rachel Delaney,LC Boylan,S Luus,0,0,,,,,,,,,
1089530,2017,2017-05-19,North-West University No1 Ground,2,44.6,Ireland,South Africa,Rachel Delaney,LC Boylan,S Luus,1,0,,,,,,,,,
1089530,2017,2017-05-19,North-West University No1 Ground,2,45.1,Ireland,South Africa,Rachel Delaney,LC Boylan,N de Klerk,0,0,,,,,,,,,
1089530,2017,2017-05-19,North-West University No1 Ground,2,45.2,Ireland,South Africa,Rachel Delaney,LC Boylan,N de Klerk,0,0,,,,,,,,,
1089530,2017,2017-05-19,North-West University No1 Ground,2,45.3,Ireland,South Africa,Rachel Delaney,LC Boylan,N de Klerk,0,0,,,,,,,,,
1089530,2017,2017-05-19,North-West University No1 Ground,2,45.4,Ireland,South Africa,Rachel Delaney,LC Boylan,N de Klerk,0,0,,,,,,,,,
1089530,2017,2017-05-19,North-West University No1 Ground,2,45.5,Ireland,South Africa,Rachel Delaney,LC Boylan,N de Klerk,0,0,,,,,,,,,
1089530,2017,2017-05-19,North-West University No1 Ground,2,45.6,Ireland,South Africa,Rachel Delaney,LC Boylan,N de Klerk,0,0,,,,,,,,,
1089530,2017,2017-05-19,North-West University No1 Ground,2,46.1,Ireland,South Africa,LC Boylan,Rachel Delaney,R Ntozakhe,0,1,1,,,,,,,,
1089530,2017,2017-05-19,North-West University No1 Ground,2,46.2,Ireland,South Africa,LC Boylan,Rachel Delaney,R Ntozakhe,0,0,,,,,,,,,
1089530,2017,2017-05-19,North-West University No1 Ground,2,46.3,Ireland,South Africa,LC Boylan,Rachel Delaney,R Ntozakhe,0,0,,,,,,,,,
1089530,2017,2017-05-19,North-West University No1 Ground,2,46.4,Ireland,South Africa,LC Boylan,Rachel Delaney,R Ntozakhe,4,0,,,,,,,,,
1089530,2017,2017-05-19,North-West University No1 Ground,2,46.5,Ireland,South Africa,LC Boylan,Rachel Delaney,R Ntozakhe,0,0,,,,,,,,,
1089530,2017,2017-05-19,North-West University No1 Ground,2,46.6,Ireland,South Africa,LC Boylan,Rachel Delaney,R Ntozakhe,0,0,,,,,,,,,
1089530,2017,2017-05-19,North-West University No1 Ground,2,46.7,Ireland,South Africa,LC Boylan,Rachel Delaney,R Ntozakhe,0,0,,,,,,,,,
1089530,2017,2017-05-19,North-West University No1 Ground,2,47.1,Ireland,South Africa,Rachel Delaney,LC Boylan,M Klaas,1,0,,,,,,,,,
1089530,2017,2017-05-19,North-West University No1 Ground,2,47.2,Ireland,South Africa,LC Boylan,Rachel Delaney,M Klaas,4,0,,,,,,,,,
1089530,2017,2017-05-19,North-West University No1 Ground,2,47.3,Ireland,South Africa,LC Boylan,Rachel Delaney,M Klaas,0,0,,,,,,,,,
1089530,2017,2017-05-19,North-West University No1 Ground,2,47.4,Ireland,South Africa,LC Boylan,Rachel Delaney,M Klaas,0,0,,,,,,,,,
1089530,2017,2017-05-19,North-West University No1 Ground,2,47.5,Ireland,South Africa,LC Boylan,Rachel Delaney,M Klaas,1,0,,,,,,,,,
1089530,2017,2017-05-19,North-West University No1 Ground,2,47.6,Ireland,South Africa,Rachel Delaney,LC Boylan,M Klaas,0,0,,,,,,,,,
1089530,2017,2017-05-19,North-West University No1 Ground,2,48.1,Ireland,South Africa,LC Boylan,Rachel Delaney,R Ntozakhe,1,0,,,,,,,,,
1089530,2017,2017-05-19,North-West University No1 Ground,2,48.2,Ireland,South Africa,Rachel Delaney,LC Boylan,R Ntozakhe,4,0,,,,,,,,,
1089530,2017,2017-05-19,North-West University No1 Ground,2,48.3,Ireland,South Africa,Rachel Delaney,LC Boylan,R Ntozakhe,4,0,,,,,,,,,
1089530,2017,2017-05-19,North-West University No1 Ground,2,48.4,Ireland,South Africa,Rachel Delaney,LC Boylan,R Ntozakhe,0,0,,,,,,,,,
1089530,2017,2017-05-19,North-West University No1 Ground,2,48.5,Ireland,South Africa,Rachel Delaney,LC Boylan,R Ntozakhe,0,0,,,,,,,,,
1089530,2017,2017-05-19,North-West University No1 Ground,2,48.6,Ireland,South Africa,Rachel Delaney,LC Boylan,R Ntozakhe,0,0,,,,,,,,,
1089530,2017,2017-05-19,North-West University No1 Ground,2,49.1,Ireland,South Africa,LC Boylan,Rachel Delaney,M Klaas,4,0,,,,,,,,,
1089530,2017,2017-05-19,North-West University No1 Ground,2,49.2,Ireland,South Africa,LC Boylan,Rachel Delaney,M Klaas,2,0,,,,,,,,,
1089530,2017,2017-05-19,North-West University No1 Ground,2,49.3,Ireland,South Africa,LC Boylan,Rachel Delaney,M Klaas,4,0,,,,,,,,,
1089530,2017,2017-05-19,North-West University No1 Ground,2,49.4,Ireland,South Africa,LC Boylan,Rachel Delaney,M Klaas,0,0,,,,,,,,,
1089530,2017,2017-05-19,North-West University No1 Ground,2,49.5,Ireland,South Africa,LC Boylan,Rachel Delaney,M Klaas,1,0,,,,,,,,,
1089530,2017,2017-05-19,North-West University No1 Ground,2,49.6,Ireland,South Africa,Rachel Delaney,LC Boylan,M Klaas,1,0,,,,,,,,,
