match_id,season,start_date,venue,innings,ball,batting_team,bowling_team,striker,non_striker,bowler,runs_off_bat,extras,wides,noballs,byes,legbyes,penalty,wicket_type,player_dismissed,other_wicket_type,other_player_dismissed
1089522,2017,2017-05-09,North-West University No1 Ground,1,0.1,South Africa,India,L Lee,L Wolvaardt,J Goswami,1,0,,,,,,,,,
1089522,2017,2017-05-09,North-West University No1 Ground,1,0.2,South Africa,India,L Wolvaardt,L Lee,J Goswami,0,0,,,,,,,,,
1089522,2017,2017-05-09,North-West University No1 Ground,1,0.3,South Africa,India,L Wolvaardt,L Lee,J Goswami,0,0,,,,,,,,,
1089522,2017,2017-05-09,North-West University No1 Ground,1,0.4,South Africa,India,L Wolvaardt,L Lee,J Goswami,1,0,,,,,,,,,
1089522,2017,2017-05-09,North-West University No1 Ground,1,0.5,South Africa,India,L Lee,L Wolvaardt,J Goswami,0,0,,,,,,,,,
1089522,2017,2017-05-09,North-West University No1 Ground,1,0.6,South Africa,India,L Lee,L Wolvaardt,J Goswami,0,0,,,,,,,,,
1089522,2017,2017-05-09,North-West University No1 Ground,1,1.1,South Africa,India,L Wolvaardt,L Lee,S Pandey,0,0,,,,,,,,,
1089522,2017,2017-05-09,North-West University No1 Ground,1,1.2,South Africa,India,L Wolvaardt,L Lee,S Pandey,1,0,,,,,,,,,
1089522,2017,2017-05-09,North-West University No1 Ground,1,1.3,South Africa,India,L Lee,L Wolvaardt,S Pandey,0,0,,,,,,lbw,L Lee,,
1089522,2017,2017-05-09,North-West University No1 Ground,1,1.4,South Africa,India,T Chetty,L Wolvaardt,S Pandey,0,0,,,,,,,,,
1089522,2017,2017-05-09,North-West University No1 Ground,1,1.5,South Africa,India,T Chetty,L Wolvaardt,S Pandey,0,1,1,,,,,,,,
1089522,2017,2017-05-09,North-West University No1 Ground,1,1.6,South Africa,India,T Chetty,L Wolvaardt,S Pandey,0,0,,,,,,,,,
1089522,2017,2017-05-09,North-West University No1 Ground,1,1.7,South Africa,India,T Chetty,L Wolvaardt,S Pandey,0,0,,,,,,,,,
1089522,2017,2017-05-09,North-West University No1 Ground,1,2.1,South Africa,India,L Wolvaardt,T Chetty,J Goswami,0,0,,,,,,,,,
1089522,2017,2017-05-09,North-West University No1 Ground,1,2.2,South Africa,India,L Wolvaardt,T Chetty,J Goswami,0,0,,,,,,,,,
1089522,2017,2017-05-09,North-West University No1 Ground,1,2.3,South Africa,India,L Wolvaardt,T Chetty,J Goswami,0,0,,,,,,,,,
1089522,2017,2017-05-09,North-West University No1 Ground,1,2.4,South Africa,India,L Wolvaardt,T Chetty,J Goswami,4,0,,,,,,,,,
1089522,2017,2017-05-09,North-West University No1 Ground,1,2.5,South Africa,India,L Wolvaardt,T Chetty,J Goswami,0,0,,,,,,,,,
1089522,2017,2017-05-09,North-West University No1 Ground,1,2.6,South Africa,India,L Wolvaardt,T Chetty,J Goswami,0,0,,,,,,,,,
1089522,2017,2017-05-09,North-West University No1 Ground,1,3.1,South Africa,India,T Chetty,L Wolvaardt,S Pandey,2,0,,,,,,,,,
1089522,2017,2017-05-09,North-West University No1 Ground,1,3.2,South Africa,India,T Chetty,L Wolvaardt,S Pandey,0,0,,,,,,,,,
1089522,2017,2017-05-09,North-West University No1 Ground,1,3.3,South Africa,India,T Chetty,L Wolvaardt,S Pandey,1,0,,,,,,,,,
1089522,2017,2017-05-09,North-West University No1 Ground,1,3.4,South Africa,India,L Wolvaardt,T Chetty,S Pandey,1,0,,,,,,,,,
1089522,2017,2017-05-09,North-West University No1 Ground,1,3.5,South Africa,India,T Chetty,L Wolvaardt,S Pandey,1,0,,,,,,,,,
1089522,2017,2017-05-09,North-West University No1 Ground,1,3.6,South Africa,India,L Wolvaardt,T Chetty,S Pandey,0,0,,,,,,,,,
1089522,2017,2017-05-09,North-West University No1 Ground,1,4.1,South Africa,India,T Chetty,L Wolvaardt,J Goswami,0,0,,,,,,,,,
1089522,2017,2017-05-09,North-West University No1 Ground,1,4.2,South Africa,India,T Chetty,L Wolvaardt,J Goswami,0,0,,,,,,,,,
1089522,2017,2017-05-09,North-West University No1 Ground,1,4.3,South Africa,India,T Chetty,L Wolvaardt,J Goswami,0,0,,,,,,,,,
1089522,2017,2017-05-09,North-West University No1 Ground,1,4.4,South Africa,India,T Chetty,L Wolvaardt,J Goswami,0,0,,,,,,,,,
1089522,2017,2017-05-09,North-West University No1 Ground,1,4.5,South Africa,India,T Chetty,L Wolvaardt,J Goswami,0,1,1,,,,,,,,
1089522,2017,2017-05-09,North-West University No1 Ground,1,4.6,South Africa,India,T Chetty,L Wolvaardt,J Goswami,0,0,,,,,,,,,
1089522,2017,2017-05-09,North-West University No1 Ground,1,4.7,South Africa,India,T Chetty,L Wolvaardt,J Goswami,0,0,,,,,,,,,
1089522,2017,2017-05-09,North-West University No1 Ground,1,5.1,South Africa,India,L Wolvaardt,T Chetty,S Pandey,0,0,,,,,,,,,
1089522,2017,2017-05-09,North-West University No1 Ground,1,5.2,South Africa,India,L Wolvaardt,T Chetty,S Pandey,1,0,,,,,,,,,
1089522,2017,2017-05-09,North-West University No1 Ground,1,5.3,South Africa,India,T Chetty,L Wolvaardt,S Pandey,0,0,,,,,,,,,
1089522,2017,2017-05-09,North-West University No1 Ground,1,5.4,South Africa,India,T Chetty,L Wolvaardt,S Pandey,1,0,,,,,,,,,
1089522,2017,2017-05-09,North-West University No1 Ground,1,5.5,South Africa,India,L Wolvaardt,T Chetty,S Pandey,0,0,,,,,,,,,
1089522,2017,2017-05-09,North-West University No1 Ground,1,5.6,South Africa,India,L Wolvaardt,T Chetty,S Pandey,1,0,,,,,,,,,
1089522,2017,2017-05-09,North-West University No1 Ground,1,6.1,South Africa,India,L Wolvaardt,T Chetty,J Goswami,0,0,,,,,,,,,
1089522,2017,2017-05-09,North-West University No1 Ground,1,6.2,South Africa,India,L Wolvaardt,T Chetty,J Goswami,0,0,,,,,,,,,
1089522,2017,2017-05-09,North-West University No1 Ground,1,6.3,South Africa,India,L Wolvaardt,T Chetty,J Goswami,0,0,,,,,,,,,
1089522,2017,2017-05-09,North-West University No1 Ground,1,6.4,South Africa,India,L Wolvaardt,T Chetty,J Goswami,0,0,,,,,,,,,
1089522,2017,2017-05-09,North-West University No1 Ground,1,6.5,South Africa,India,L Wolvaardt,T Chetty,J Goswami,4,0,,,,,,,,,
1089522,2017,2017-05-09,North-West University No1 Ground,1,6.6,South Africa,India,L Wolvaardt,T Chetty,J Goswami,0,0,,,,,,,,,
1089522,2017,2017-05-09,North-West University No1 Ground,1,7.1,South Africa,India,T Chetty,L Wolvaardt,S Pandey,1,0,,,,,,,,,
1089522,2017,2017-05-09,North-West University No1 Ground,1,7.2,South Africa,India,L Wolvaardt,T Chetty,S Pandey,4,0,,,,,,,,,
1089522,2017,2017-05-09,North-West University No1 Ground,1,7.3,South Africa,India,L Wolvaardt,T Chetty,S Pandey,0,0,,,,,,,,,
1089522,2017,2017-05-09,North-West University No1 Ground,1,7.4,South Africa,India,L Wolvaardt,T Chetty,S Pandey,0,0,,,,,,,,,
1089522,2017,2017-05-09,North-West University No1 Ground,1,7.5,South Africa,India,L Wolvaardt,T Chetty,S Pandey,0,0,,,,,,,,,
1089522,2017,2017-05-09,North-West University No1 Ground,1,7.6,South Africa,India,L Wolvaardt,T Chetty,S Pandey,0,0,,,,,,bowled,L Wolvaardt,,
1089522,2017,2017-05-09,North-West University No1 Ground,1,8.1,South Africa,India,T Chetty,M du Preez,J Goswami,0,0,,,,,,,,,
1089522,2017,2017-05-09,North-West University No1 Ground,1,8.2,South Africa,India,T Chetty,M du Preez,J Goswami,4,0,,,,,,,,,
1089522,2017,2017-05-09,North-West University No1 Ground,1,8.3,South Africa,India,T Chetty,M du Preez,J Goswami,0,0,,,,,,,,,
1089522,2017,2017-05-09,North-West University No1 Ground,1,8.4,South Africa,India,T Chetty,M du Preez,J Goswami,0,0,,,,,,,,,
1089522,2017,2017-05-09,North-West University No1 Ground,1,8.5,South Africa,India,T Chetty,M du Preez,J Goswami,0,0,,,,,,,,,
1089522,2017,2017-05-09,North-West University No1 Ground,1,8.6,South Africa,India,T Chetty,M du Preez,J Goswami,0,1,,,,1,,,,,
1089522,2017,2017-05-09,North-West University No1 Ground,1,9.1,South Africa,India,T Chetty,M du Preez,S Pandey,0,0,,,,,,,,,
1089522,2017,2017-05-09,North-West University No1 Ground,1,9.2,South Africa,India,T Chetty,M du Preez,S Pandey,0,0,,,,,,,,,
1089522,2017,2017-05-09,North-West University No1 Ground,1,9.3,South Africa,India,T Chetty,M du Preez,S Pandey,4,0,,,,,,,,,
1089522,2017,2017-05-09,North-West University No1 Ground,1,9.4,South Africa,India,T Chetty,M du Preez,S Pandey,0,0,,,,,,,,,
1089522,2017,2017-05-09,North-West University No1 Ground,1,9.5,South Africa,India,T Chetty,M du Preez,S Pandey,0,0,,,,,,,,,
1089522,2017,2017-05-09,North-West University No1 Ground,1,9.6,South Africa,India,T Chetty,M du Preez,S Pandey,1,0,,,,,,,,,
1089522,2017,2017-05-09,North-West University No1 Ground,1,10.1,South Africa,India,T Chetty,M du Preez,E Bisht,0,0,,,,,,,,,
1089522,2017,2017-05-09,North-West University No1 Ground,1,10.2,South Africa,India,T Chetty,M du Preez,E Bisht,0,0,,,,,,,,,
1089522,2017,2017-05-09,North-West University No1 Ground,1,10.3,South Africa,India,T Chetty,M du Preez,E Bisht,0,0,,,,,,,,,
1089522,2017,2017-05-09,North-West University No1 Ground,1,10.4,South Africa,India,T Chetty,M du Preez,E Bisht,0,0,,,,,,,,,
1089522,2017,2017-05-09,North-West University No1 Ground,1,10.5,South Africa,India,T Chetty,M du Preez,E Bisht,0,0,,,,,,,,,
1089522,2017,2017-05-09,North-West University No1 Ground,1,10.6,South Africa,India,T Chetty,M du Preez,E Bisht,0,0,,,,,,,,,
1089522,2017,2017-05-09,North-West University No1 Ground,1,11.1,South Africa,India,M du Preez,T Chetty,DB Sharma,0,0,,,,,,,,,
1089522,2017,2017-05-09,North-West University No1 Ground,1,11.2,South Africa,India,M du Preez,T Chetty,DB Sharma,0,0,,,,,,,,,
1089522,2017,2017-05-09,North-West University No1 Ground,1,11.3,South Africa,India,M du Preez,T Chetty,DB Sharma,0,0,,,,,,,,,
1089522,2017,2017-05-09,North-West University No1 Ground,1,11.4,South Africa,India,M du Preez,T Chetty,DB Sharma,1,0,,,,,,,,,
1089522,2017,2017-05-09,North-West University No1 Ground,1,11.5,South Africa,India,T Chetty,M du Preez,DB Sharma,0,0,,,,,,,,,
1089522,2017,2017-05-09,North-West University No1 Ground,1,11.6,South Africa,India,T Chetty,M du Preez,DB Sharma,3,0,,,,,,,,,
1089522,2017,2017-05-09,North-West University No1 Ground,1,12.1,South Africa,India,T Chetty,M du Preez,E Bisht,0,0,,,,,,,,,
1089522,2017,2017-05-09,North-West University No1 Ground,1,12.2,South Africa,India,T Chetty,M du Preez,E Bisht,0,0,,,,,,,,,
1089522,2017,2017-05-09,North-West University No1 Ground,1,12.3,South Africa,India,T Chetty,M du Preez,E Bisht,4,0,,,,,,,,,
1089522,2017,2017-05-09,North-West University No1 Ground,1,12.4,South Africa,India,T Chetty,M du Preez,E Bisht,0,0,,,,,,,,,
1089522,2017,2017-05-09,North-West University No1 Ground,1,12.5,South Africa,India,T Chetty,M du Preez,E Bisht,2,0,,,,,,,,,
1089522,2017,2017-05-09,North-West University No1 Ground,1,12.6,South Africa,India,T Chetty,M du Preez,E Bisht,0,0,,,,,,,,,
1089522,2017,2017-05-09,North-West University No1 Ground,1,13.1,South Africa,India,M du Preez,T Chetty,Poonam Yadav,0,0,,,,,,,,,
1089522,2017,2017-05-09,North-West University No1 Ground,1,13.2,South Africa,India,M du Preez,T Chetty,Poonam Yadav,1,0,,,,,,,,,
1089522,2017,2017-05-09,North-West University No1 Ground,1,13.3,South Africa,India,T Chetty,M du Preez,Poonam Yadav,0,0,,,,,,,,,
1089522,2017,2017-05-09,North-West University No1 Ground,1,13.4,South Africa,India,T Chetty,M du Preez,Poonam Yadav,0,0,,,,,,,,,
1089522,2017,2017-05-09,North-West University No1 Ground,1,13.5,South Africa,India,T Chetty,M du Preez,Poonam Yadav,0,0,,,,,,,,,
1089522,2017,2017-05-09,North-West University No1 Ground,1,13.6,South Africa,India,T Chetty,M du Preez,Poonam Yadav,4,0,,,,,,,,,
1089522,2017,2017-05-09,North-West University No1 Ground,1,14.1,South Africa,India,M du Preez,T Chetty,E Bisht,0,0,,,,,,,,,
1089522,2017,2017-05-09,North-West University No1 Ground,1,14.2,South Africa,India,M du Preez,T Chetty,E Bisht,0,0,,,,,,,,,
1089522,2017,2017-05-09,North-West University No1 Ground,1,14.3,South Africa,India,M du Preez,T Chetty,E Bisht,0,0,,,,,,,,,
1089522,2017,2017-05-09,North-West University No1 Ground,1,14.4,South Africa,India,M du Preez,T Chetty,E Bisht,0,0,,,,,,,,,
1089522,2017,2017-05-09,North-West University No1 Ground,1,14.5,South Africa,India,M du Preez,T Chetty,E Bisht,1,0,,,,,,,,,
1089522,2017,2017-05-09,North-West University No1 Ground,1,14.6,South Africa,India,T Chetty,M du Preez,E Bisht,0,0,,,,,,,,,
1089522,2017,2017-05-09,North-West University No1 Ground,1,15.1,South Africa,India,M du Preez,T Chetty,Poonam Yadav,4,0,,,,,,,,,
1089522,2017,2017-05-09,North-West University No1 Ground,1,15.2,South Africa,India,M du Preez,T Chetty,Poonam Yadav,0,0,,,,,,,,,
1089522,2017,2017-05-09,North-West University No1 Ground,1,15.3,South Africa,India,M du Preez,T Chetty,Poonam Yadav,0,0,,,,,,,,,
1089522,2017,2017-05-09,North-West University No1 Ground,1,15.4,South Africa,India,M du Preez,T Chetty,Poonam Yadav,0,0,,,,,,,,,
1089522,2017,2017-05-09,North-West University No1 Ground,1,15.5,South Africa,India,M du Preez,T Chetty,Poonam Yadav,0,0,,,,,,,,,
1089522,2017,2017-05-09,North-West University No1 Ground,1,15.6,South Africa,India,M du Preez,T Chetty,Poonam Yadav,1,0,,,,,,,,,
1089522,2017,2017-05-09,North-West University No1 Ground,1,16.1,South Africa,India,M du Preez,T Chetty,DB Sharma,0,1,1,,,,,,,,
1089522,2017,2017-05-09,North-West University No1 Ground,1,16.2,South Africa,India,M du Preez,T Chetty,DB Sharma,1,0,,,,,,,,,
1089522,2017,2017-05-09,North-West University No1 Ground,1,16.3,South Africa,India,T Chetty,M du Preez,DB Sharma,0,0,,,,,,lbw,T Chetty,,
1089522,2017,2017-05-09,North-West University No1 Ground,1,16.4,South Africa,India,M Kapp,M du Preez,DB Sharma,0,0,,,,,,,,,
1089522,2017,2017-05-09,North-West University No1 Ground,1,16.5,South Africa,India,M Kapp,M du Preez,DB Sharma,4,0,,,,,,,,,
1089522,2017,2017-05-09,North-West University No1 Ground,1,16.6,South Africa,India,M Kapp,M du Preez,DB Sharma,0,0,,,,,,,,,
1089522,2017,2017-05-09,North-West University No1 Ground,1,16.7,South Africa,India,M Kapp,M du Preez,DB Sharma,1,0,,,,,,,,,
1089522,2017,2017-05-09,North-West University No1 Ground,1,17.1,South Africa,India,M Kapp,M du Preez,E Bisht,0,0,,,,,,,,,
1089522,2017,2017-05-09,North-West University No1 Ground,1,17.2,South Africa,India,M Kapp,M du Preez,E Bisht,0,0,,,,,,,,,
1089522,2017,2017-05-09,North-West University No1 Ground,1,17.3,South Africa,India,M Kapp,M du Preez,E Bisht,0,0,,,,,,,,,
1089522,2017,2017-05-09,North-West University No1 Ground,1,17.4,South Africa,India,M Kapp,M du Preez,E Bisht,0,0,,,,,,,,,
1089522,2017,2017-05-09,North-West University No1 Ground,1,17.5,South Africa,India,M Kapp,M du Preez,E Bisht,0,0,,,,,,,,,
1089522,2017,2017-05-09,North-West University No1 Ground,1,17.6,South Africa,India,M Kapp,M du Preez,E Bisht,2,0,,,,,,,,,
1089522,2017,2017-05-09,North-West University No1 Ground,1,18.1,South Africa,India,M du Preez,M Kapp,DB Sharma,0,0,,,,,,,,,
1089522,2017,2017-05-09,North-West University No1 Ground,1,18.2,South Africa,India,M du Preez,M Kapp,DB Sharma,0,0,,,,,,,,,
1089522,2017,2017-05-09,North-West University No1 Ground,1,18.3,South Africa,India,M du Preez,M Kapp,DB Sharma,0,0,,,,,,,,,
1089522,2017,2017-05-09,North-West University No1 Ground,1,18.4,South Africa,India,M du Preez,M Kapp,DB Sharma,4,0,,,,,,,,,
1089522,2017,2017-05-09,North-West University No1 Ground,1,18.5,South Africa,India,M du Preez,M Kapp,DB Sharma,0,0,,,,,,,,,
1089522,2017,2017-05-09,North-West University No1 Ground,1,18.6,South Africa,India,M du Preez,M Kapp,DB Sharma,0,0,,,,,,,,,
1089522,2017,2017-05-09,North-West University No1 Ground,1,19.1,South Africa,India,M Kapp,M du Preez,E Bisht,1,0,,,,,,,,,
1089522,2017,2017-05-09,North-West University No1 Ground,1,19.2,South Africa,India,M du Preez,M Kapp,E Bisht,0,0,,,,,,,,,
1089522,2017,2017-05-09,North-West University No1 Ground,1,19.3,South Africa,India,M du Preez,M Kapp,E Bisht,2,0,,,,,,,,,
1089522,2017,2017-05-09,North-West University No1 Ground,1,19.4,South Africa,India,M du Preez,M Kapp,E Bisht,0,0,,,,,,,,,
1089522,2017,2017-05-09,North-West University No1 Ground,1,19.5,South Africa,India,M du Preez,M Kapp,E Bisht,0,0,,,,,,,,,
1089522,2017,2017-05-09,North-West University No1 Ground,1,19.6,South Africa,India,M du Preez,M Kapp,E Bisht,0,0,,,,,,,,,
1089522,2017,2017-05-09,North-West University No1 Ground,1,20.1,South Africa,India,M Kapp,M du Preez,DB Sharma,0,0,,,,,,,,,
1089522,2017,2017-05-09,North-West University No1 Ground,1,20.2,South Africa,India,M Kapp,M du Preez,DB Sharma,0,0,,,,,,,,,
1089522,2017,2017-05-09,North-West University No1 Ground,1,20.3,South Africa,India,M Kapp,M du Preez,DB Sharma,1,0,,,,,,,,,
1089522,2017,2017-05-09,North-West University No1 Ground,1,20.4,South Africa,India,M du Preez,M Kapp,DB Sharma,1,0,,,,,,,,,
1089522,2017,2017-05-09,North-West University No1 Ground,1,20.5,South Africa,India,M Kapp,M du Preez,DB Sharma,0,0,,,,,,,,,
1089522,2017,2017-05-09,North-West University No1 Ground,1,20.6,South Africa,India,M Kapp,M du Preez,DB Sharma,0,0,,,,,,,,,
1089522,2017,2017-05-09,North-West University No1 Ground,1,21.1,South Africa,India,M du Preez,M Kapp,Poonam Yadav,1,0,,,,,,,,,
1089522,2017,2017-05-09,North-West University No1 Ground,1,21.2,South Africa,India,M Kapp,M du Preez,Poonam Yadav,0,0,,,,,,,,,
1089522,2017,2017-05-09,North-West University No1 Ground,1,21.3,South Africa,India,M Kapp,M du Preez,Poonam Yadav,0,0,,,,,,,,,
1089522,2017,2017-05-09,North-West University No1 Ground,1,21.4,South Africa,India,M Kapp,M du Preez,Poonam Yadav,0,0,,,,,,,,,
1089522,2017,2017-05-09,North-West University No1 Ground,1,21.5,South Africa,India,M Kapp,M du Preez,Poonam Yadav,1,0,,,,,,,,,
1089522,2017,2017-05-09,North-West University No1 Ground,1,21.6,South Africa,India,M du Preez,M Kapp,Poonam Yadav,0,0,,,,,,,,,
1089522,2017,2017-05-09,North-West University No1 Ground,1,22.1,South Africa,India,M Kapp,M du Preez,DB Sharma,1,0,,,,,,,,,
1089522,2017,2017-05-09,North-West University No1 Ground,1,22.2,South Africa,India,M du Preez,M Kapp,DB Sharma,1,0,,,,,,,,,
1089522,2017,2017-05-09,North-West University No1 Ground,1,22.3,South Africa,India,M Kapp,M du Preez,DB Sharma,1,0,,,,,,,,,
1089522,2017,2017-05-09,North-West University No1 Ground,1,22.4,South Africa,India,M du Preez,M Kapp,DB Sharma,1,0,,,,,,,,,
1089522,2017,2017-05-09,North-West University No1 Ground,1,22.5,South Africa,India,M Kapp,M du Preez,DB Sharma,1,0,,,,,,,,,
1089522,2017,2017-05-09,North-West University No1 Ground,1,22.6,South Africa,India,M du Preez,M Kapp,DB Sharma,0,0,,,,,,,,,
1089522,2017,2017-05-09,North-West University No1 Ground,1,23.1,South Africa,India,M Kapp,M du Preez,H Kaur,1,0,,,,,,,,,
1089522,2017,2017-05-09,North-West University No1 Ground,1,23.2,South Africa,India,M du Preez,M Kapp,H Kaur,0,2,,,,2,,,,,
1089522,2017,2017-05-09,North-West University No1 Ground,1,23.3,South Africa,India,M du Preez,M Kapp,H Kaur,0,0,,,,,,,,,
1089522,2017,2017-05-09,North-West University No1 Ground,1,23.4,South Africa,India,M du Preez,M Kapp,H Kaur,0,0,,,,,,,,,
1089522,2017,2017-05-09,North-West University No1 Ground,1,23.5,South Africa,India,M du Preez,M Kapp,H Kaur,1,0,,,,,,,,,
1089522,2017,2017-05-09,North-West University No1 Ground,1,23.6,South Africa,India,M Kapp,M du Preez,H Kaur,1,0,,,,,,,,,
1089522,2017,2017-05-09,North-West University No1 Ground,1,24.1,South Africa,India,M Kapp,M du Preez,Poonam Yadav,0,0,,,,,,,,,
1089522,2017,2017-05-09,North-West University No1 Ground,1,24.2,South Africa,India,M Kapp,M du Preez,Poonam Yadav,1,0,,,,,,,,,
1089522,2017,2017-05-09,North-West University No1 Ground,1,24.3,South Africa,India,M du Preez,M Kapp,Poonam Yadav,1,0,,,,,,,,,
1089522,2017,2017-05-09,North-West University No1 Ground,1,24.4,South Africa,India,M Kapp,M du Preez,Poonam Yadav,1,0,,,,,,,,,
1089522,2017,2017-05-09,North-West University No1 Ground,1,24.5,South Africa,India,M du Preez,M Kapp,Poonam Yadav,1,0,,,,,,,,,
1089522,2017,2017-05-09,North-West University No1 Ground,1,24.6,South Africa,India,M Kapp,M du Preez,Poonam Yadav,0,0,,,,,,,,,
1089522,2017,2017-05-09,North-West University No1 Ground,1,25.1,South Africa,India,M du Preez,M Kapp,H Kaur,1,0,,,,,,,,,
1089522,2017,2017-05-09,North-West University No1 Ground,1,25.2,South Africa,India,M Kapp,M du Preez,H Kaur,0,0,,,,,,,,,
1089522,2017,2017-05-09,North-West University No1 Ground,1,25.3,South Africa,India,M Kapp,M du Preez,H Kaur,2,0,,,,,,,,,
1089522,2017,2017-05-09,North-West University No1 Ground,1,25.4,South Africa,India,M Kapp,M du Preez,H Kaur,1,0,,,,,,,,,
1089522,2017,2017-05-09,North-West University No1 Ground,1,25.5,South Africa,India,M du Preez,M Kapp,H Kaur,1,0,,,,,,,,,
1089522,2017,2017-05-09,North-West University No1 Ground,1,25.6,South Africa,India,M Kapp,M du Preez,H Kaur,1,0,,,,,,,,,
1089522,2017,2017-05-09,North-West University No1 Ground,1,26.1,South Africa,India,M Kapp,M du Preez,Poonam Yadav,0,0,,,,,,,,,
1089522,2017,2017-05-09,North-West University No1 Ground,1,26.2,South Africa,India,M Kapp,M du Preez,Poonam Yadav,1,0,,,,,,,,,
1089522,2017,2017-05-09,North-West University No1 Ground,1,26.3,South Africa,India,M du Preez,M Kapp,Poonam Yadav,1,0,,,,,,,,,
1089522,2017,2017-05-09,North-West University No1 Ground,1,26.4,South Africa,India,M Kapp,M du Preez,Poonam Yadav,0,0,,,,,,,,,
1089522,2017,2017-05-09,North-West University No1 Ground,1,26.5,South Africa,India,M Kapp,M du Preez,Poonam Yadav,1,0,,,,,,,,,
1089522,2017,2017-05-09,North-West University No1 Ground,1,26.6,South Africa,India,M du Preez,M Kapp,Poonam Yadav,0,0,,,,,,,,,
1089522,2017,2017-05-09,North-West University No1 Ground,1,27.1,South Africa,India,M Kapp,M du Preez,S Pandey,0,0,,,,,,caught,M Kapp,,
1089522,2017,2017-05-09,North-West University No1 Ground,1,27.2,South Africa,India,S Luus,M du Preez,S Pandey,0,0,,,,,,,,,
1089522,2017,2017-05-09,North-West University No1 Ground,1,27.3,South Africa,India,S Luus,M du Preez,S Pandey,0,0,,,,,,,,,
1089522,2017,2017-05-09,North-West University No1 Ground,1,27.4,South Africa,India,S Luus,M du Preez,S Pandey,1,0,,,,,,,,,
1089522,2017,2017-05-09,North-West University No1 Ground,1,27.5,South Africa,India,M du Preez,S Luus,S Pandey,0,0,,,,,,,,,
1089522,2017,2017-05-09,North-West University No1 Ground,1,27.6,South Africa,India,M du Preez,S Luus,S Pandey,0,0,,,,,,,,,
1089522,2017,2017-05-09,North-West University No1 Ground,1,28.1,South Africa,India,S Luus,M du Preez,Poonam Yadav,0,0,,,,,,,,,
1089522,2017,2017-05-09,North-West University No1 Ground,1,28.2,South Africa,India,S Luus,M du Preez,Poonam Yadav,0,0,,,,,,,,,
1089522,2017,2017-05-09,North-West University No1 Ground,1,28.3,South Africa,India,S Luus,M du Preez,Poonam Yadav,0,0,,,,,,,,,
1089522,2017,2017-05-09,North-West University No1 Ground,1,28.4,South Africa,India,S Luus,M du Preez,Poonam Yadav,0,0,,,,,,,,,
1089522,2017,2017-05-09,North-West University No1 Ground,1,28.5,South Africa,India,S Luus,M du Preez,Poonam Yadav,0,0,,,,,,,,,
1089522,2017,2017-05-09,North-West University No1 Ground,1,28.6,South Africa,India,S Luus,M du Preez,Poonam Yadav,0,0,,,,,,,,,
1089522,2017,2017-05-09,North-West University No1 Ground,1,29.1,South Africa,India,M du Preez,S Luus,S Pandey,0,0,,,,,,,,,
1089522,2017,2017-05-09,North-West University No1 Ground,1,29.2,South Africa,India,M du Preez,S Luus,S Pandey,0,0,,,,,,,,,
1089522,2017,2017-05-09,North-West University No1 Ground,1,29.3,South Africa,India,M du Preez,S Luus,S Pandey,0,0,,,,,,,,,
1089522,2017,2017-05-09,North-West University No1 Ground,1,29.4,South Africa,India,M du Preez,S Luus,S Pandey,1,0,,,,,,,,,
1089522,2017,2017-05-09,North-West University No1 Ground,1,29.5,South Africa,India,S Luus,M du Preez,S Pandey,0,0,,,,,,,,,
1089522,2017,2017-05-09,North-West University No1 Ground,1,29.6,South Africa,India,S Luus,M du Preez,S Pandey,0,0,,,,,,,,,
1089522,2017,2017-05-09,North-West University No1 Ground,1,30.1,South Africa,India,M du Preez,S Luus,Poonam Yadav,0,0,,,,,,,,,
1089522,2017,2017-05-09,North-West University No1 Ground,1,30.2,South Africa,India,M du Preez,S Luus,Poonam Yadav,4,0,,,,,,,,,
1089522,2017,2017-05-09,North-West University No1 Ground,1,30.3,South Africa,India,M du Preez,S Luus,Poonam Yadav,1,0,,,,,,,,,
1089522,2017,2017-05-09,North-West University No1 Ground,1,30.4,South Africa,India,S Luus,M du Preez,Poonam Yadav,0,0,,,,,,stumped,S Luus,,
1089522,2017,2017-05-09,North-West University No1 Ground,1,30.5,South Africa,India,N de Klerk,M du Preez,Poonam Yadav,1,0,,,,,,,,,
1089522,2017,2017-05-09,North-West University No1 Ground,1,30.6,South Africa,India,M du Preez,N de Klerk,Poonam Yadav,0,0,,,,,,,,,
1089522,2017,2017-05-09,North-West University No1 Ground,1,31.1,South Africa,India,N de Klerk,M du Preez,DB Sharma,0,0,,,,,,,,,
1089522,2017,2017-05-09,North-West University No1 Ground,1,31.2,South Africa,India,N de Klerk,M du Preez,DB Sharma,4,0,,,,,,,,,
1089522,2017,2017-05-09,North-West University No1 Ground,1,31.3,South Africa,India,N de Klerk,M du Preez,DB Sharma,1,0,,,,,,,,,
1089522,2017,2017-05-09,North-West University No1 Ground,1,31.4,South Africa,India,M du Preez,N de Klerk,DB Sharma,0,0,,,,,,,,,
1089522,2017,2017-05-09,North-West University No1 Ground,1,31.5,South Africa,India,M du Preez,N de Klerk,DB Sharma,0,0,,,,,,run out,M du Preez,,
1089522,2017,2017-05-09,North-West University No1 Ground,1,31.6,South Africa,India,S Ismail,N de Klerk,DB Sharma,0,0,,,,,,,,,
1089522,2017,2017-05-09,North-West University No1 Ground,1,32.1,South Africa,India,N de Klerk,S Ismail,Poonam Yadav,0,0,,,,,,,,,
1089522,2017,2017-05-09,North-West University No1 Ground,1,32.2,South Africa,India,N de Klerk,S Ismail,Poonam Yadav,0,0,,,,,,,,,
1089522,2017,2017-05-09,North-West University No1 Ground,1,32.3,South Africa,India,N de Klerk,S Ismail,Poonam Yadav,0,0,,,,,,,,,
1089522,2017,2017-05-09,North-West University No1 Ground,1,32.4,South Africa,India,N de Klerk,S Ismail,Poonam Yadav,0,0,,,,,,,,,
1089522,2017,2017-05-09,North-West University No1 Ground,1,32.5,South Africa,India,N de Klerk,S Ismail,Poonam Yadav,1,0,,,,,,,,,
1089522,2017,2017-05-09,North-West University No1 Ground,1,32.6,South Africa,India,S Ismail,N de Klerk,Poonam Yadav,0,0,,,,,,,,,
1089522,2017,2017-05-09,North-West University No1 Ground,1,33.1,South Africa,India,N de Klerk,S Ismail,DB Sharma,0,0,,,,,,,,,
1089522,2017,2017-05-09,North-West University No1 Ground,1,33.2,South Africa,India,N de Klerk,S Ismail,DB Sharma,0,0,,,,,,,,,
1089522,2017,2017-05-09,North-West University No1 Ground,1,33.3,South Africa,India,N de Klerk,S Ismail,DB Sharma,0,0,,,,,,,,,
1089522,2017,2017-05-09,North-West University No1 Ground,1,33.4,South Africa,India,N de Klerk,S Ismail,DB Sharma,0,0,,,,,,,,,
1089522,2017,2017-05-09,North-West University No1 Ground,1,33.5,South Africa,India,N de Klerk,S Ismail,DB Sharma,0,0,,,,,,,,,
1089522,2017,2017-05-09,North-West University No1 Ground,1,33.6,South Africa,India,N de Klerk,S Ismail,DB Sharma,0,0,,,,,,,,,
1089522,2017,2017-05-09,North-West University No1 Ground,1,34.1,South Africa,India,S Ismail,N de Klerk,E Bisht,0,0,,,,,,,,,
1089522,2017,2017-05-09,North-West University No1 Ground,1,34.2,South Africa,India,S Ismail,N de Klerk,E Bisht,0,0,,,,,,,,,
1089522,2017,2017-05-09,North-West University No1 Ground,1,34.3,South Africa,India,S Ismail,N de Klerk,E Bisht,0,0,,,,,,,,,
1089522,2017,2017-05-09,North-West University No1 Ground,1,34.4,South Africa,India,S Ismail,N de Klerk,E Bisht,0,0,,,,,,,,,
1089522,2017,2017-05-09,North-West University No1 Ground,1,34.5,South Africa,India,S Ismail,N de Klerk,E Bisht,0,0,,,,,,,,,
1089522,2017,2017-05-09,North-West University No1 Ground,1,34.6,South Africa,India,S Ismail,N de Klerk,E Bisht,0,0,,,,,,,,,
1089522,2017,2017-05-09,North-West University No1 Ground,1,35.1,South Africa,India,N de Klerk,S Ismail,J Goswami,0,0,,,,,,,,,
1089522,2017,2017-05-09,North-West University No1 Ground,1,35.2,South Africa,India,N de Klerk,S Ismail,J Goswami,0,0,,,,,,,,,
1089522,2017,2017-05-09,North-West University No1 Ground,1,35.3,South Africa,India,N de Klerk,S Ismail,J Goswami,0,0,,,,,,lbw,N de Klerk,,
1089522,2017,2017-05-09,North-West University No1 Ground,1,35.4,South Africa,India,M Klaas,S Ismail,J Goswami,0,0,,,,,,,,,
1089522,2017,2017-05-09,North-West University No1 Ground,1,35.5,South Africa,India,M Klaas,S Ismail,J Goswami,0,0,,,,,,,,,
1089522,2017,2017-05-09,North-West University No1 Ground,1,35.6,South Africa,India,M Klaas,S Ismail,J Goswami,0,0,,,,,,,,,
1089522,2017,2017-05-09,North-West University No1 Ground,1,36.1,South Africa,India,S Ismail,M Klaas,E Bisht,0,0,,,,,,,,,
1089522,2017,2017-05-09,North-West University No1 Ground,1,36.2,South Africa,India,S Ismail,M Klaas,E Bisht,0,0,,,,,,,,,
1089522,2017,2017-05-09,North-West University No1 Ground,1,36.3,South Africa,India,S Ismail,M Klaas,E Bisht,0,0,,,,,,,,,
1089522,2017,2017-05-09,North-West University No1 Ground,1,36.4,South Africa,India,S Ismail,M Klaas,E Bisht,0,0,,,,,,,,,
1089522,2017,2017-05-09,North-West University No1 Ground,1,36.5,South Africa,India,S Ismail,M Klaas,E Bisht,0,0,,,,,,,,,
1089522,2017,2017-05-09,North-West University No1 Ground,1,36.6,South Africa,India,S Ismail,M Klaas,E Bisht,0,0,,,,,,,,,
1089522,2017,2017-05-09,North-West University No1 Ground,1,37.1,South Africa,India,M Klaas,S Ismail,J Goswami,0,0,,,,,,,,,
1089522,2017,2017-05-09,North-West University No1 Ground,1,37.2,South Africa,India,M Klaas,S Ismail,J Goswami,0,0,,,,,,,,,
1089522,2017,2017-05-09,North-West University No1 Ground,1,37.3,South Africa,India,M Klaas,S Ismail,J Goswami,4,0,,,,,,,,,
1089522,2017,2017-05-09,North-West University No1 Ground,1,37.4,South Africa,India,M Klaas,S Ismail,J Goswami,0,0,,,,,,,,,
1089522,2017,2017-05-09,North-West University No1 Ground,1,37.5,South Africa,India,M Klaas,S Ismail,J Goswami,0,0,,,,,,bowled,M Klaas,,
1089522,2017,2017-05-09,North-West University No1 Ground,1,37.6,South Africa,India,M Daniels,S Ismail,J Goswami,0,0,,,,,,,,,
1089522,2017,2017-05-09,North-West University No1 Ground,1,38.1,South Africa,India,S Ismail,M Daniels,E Bisht,0,0,,,,,,stumped,S Ismail,,
1089522,2017,2017-05-09,North-West University No1 Ground,1,38.2,South Africa,India,R Ntozakhe,M Daniels,E Bisht,0,0,,,,,,,,,
1089522,2017,2017-05-09,North-West University No1 Ground,1,38.3,South Africa,India,R Ntozakhe,M Daniels,E Bisht,0,0,,,,,,,,,
1089522,2017,2017-05-09,North-West University No1 Ground,1,38.4,South Africa,India,R Ntozakhe,M Daniels,E Bisht,0,0,,,,,,,,,
1089522,2017,2017-05-09,North-West University No1 Ground,1,38.5,South Africa,India,R Ntozakhe,M Daniels,E Bisht,0,0,,,,,,,,,
1089522,2017,2017-05-09,North-West University No1 Ground,1,38.6,South Africa,India,R Ntozakhe,M Daniels,E Bisht,0,0,,,,,,,,,
1089522,2017,2017-05-09,North-West University No1 Ground,1,39.1,South Africa,India,M Daniels,R Ntozakhe,J Goswami,0,0,,,,,,,,,
1089522,2017,2017-05-09,North-West University No1 Ground,1,39.2,South Africa,India,M Daniels,R Ntozakhe,J Goswami,1,0,,,,,,,,,
1089522,2017,2017-05-09,North-West University No1 Ground,1,39.3,South Africa,India,R Ntozakhe,M Daniels,J Goswami,0,0,,,,,,lbw,R Ntozakhe,,
1089522,2017,2017-05-09,North-West University No1 Ground,2,0.1,India,South Africa,DB Sharma,PG Raut,S Ismail,0,0,,,,,,,,,
1089522,2017,2017-05-09,North-West University No1 Ground,2,0.2,India,South Africa,DB Sharma,PG Raut,S Ismail,0,0,,,,,,,,,
1089522,2017,2017-05-09,North-West University No1 Ground,2,0.3,India,South Africa,DB Sharma,PG Raut,S Ismail,0,0,,,,,,,,,
1089522,2017,2017-05-09,North-West University No1 Ground,2,0.4,India,South Africa,DB Sharma,PG Raut,S Ismail,0,0,,,,,,caught,DB Sharma,,
1089522,2017,2017-05-09,North-West University No1 Ground,2,0.5,India,South Africa,MR Meshram,PG Raut,S Ismail,0,0,,,,,,,,,
1089522,2017,2017-05-09,North-West University No1 Ground,2,0.6,India,South Africa,MR Meshram,PG Raut,S Ismail,0,0,,,,,,,,,
1089522,2017,2017-05-09,North-West University No1 Ground,2,1.1,India,South Africa,PG Raut,MR Meshram,M Kapp,1,0,,,,,,,,,
1089522,2017,2017-05-09,North-West University No1 Ground,2,1.2,India,South Africa,MR Meshram,PG Raut,M Kapp,0,0,,,,,,,,,
1089522,2017,2017-05-09,North-West University No1 Ground,2,1.3,India,South Africa,MR Meshram,PG Raut,M Kapp,0,0,,,,,,,,,
1089522,2017,2017-05-09,North-West University No1 Ground,2,1.4,India,South Africa,MR Meshram,PG Raut,M Kapp,0,0,,,,,,,,,
1089522,2017,2017-05-09,North-West University No1 Ground,2,1.5,India,South Africa,MR Meshram,PG Raut,M Kapp,0,0,,,,,,,,,
1089522,2017,2017-05-09,North-West University No1 Ground,2,1.6,India,South Africa,MR Meshram,PG Raut,M Kapp,1,0,,,,,,,,,
1089522,2017,2017-05-09,North-West University No1 Ground,2,2.1,India,South Africa,MR Meshram,PG Raut,S Ismail,0,0,,,,,,,,,
1089522,2017,2017-05-09,North-West University No1 Ground,2,2.2,India,South Africa,MR Meshram,PG Raut,S Ismail,0,0,,,,,,,,,
1089522,2017,2017-05-09,North-West University No1 Ground,2,2.3,India,South Africa,MR Meshram,PG Raut,S Ismail,0,0,,,,,,,,,
1089522,2017,2017-05-09,North-West University No1 Ground,2,2.4,India,South Africa,MR Meshram,PG Raut,S Ismail,0,0,,,,,,,,,
1089522,2017,2017-05-09,North-West University No1 Ground,2,2.5,India,South Africa,MR Meshram,PG Raut,S Ismail,0,0,,,,,,,,,
1089522,2017,2017-05-09,North-West University No1 Ground,2,2.6,India,South Africa,MR Meshram,PG Raut,S Ismail,0,0,,,,,,,,,
1089522,2017,2017-05-09,North-West University No1 Ground,2,3.1,India,South Africa,PG Raut,MR Meshram,M Kapp,1,0,,,,,,,,,
1089522,2017,2017-05-09,North-West University No1 Ground,2,3.2,India,South Africa,MR Meshram,PG Raut,M Kapp,1,0,,,,,,,,,
1089522,2017,2017-05-09,North-West University No1 Ground,2,3.3,India,South Africa,PG Raut,MR Meshram,M Kapp,0,0,,,,,,,,,
1089522,2017,2017-05-09,North-West University No1 Ground,2,3.4,India,South Africa,PG Raut,MR Meshram,M Kapp,0,0,,,,,,,,,
1089522,2017,2017-05-09,North-West University No1 Ground,2,3.5,India,South Africa,PG Raut,MR Meshram,M Kapp,0,0,,,,,,,,,
1089522,2017,2017-05-09,North-West University No1 Ground,2,3.6,India,South Africa,PG Raut,MR Meshram,M Kapp,0,0,,,,,,,,,
1089522,2017,2017-05-09,North-West University No1 Ground,2,4.1,India,South Africa,MR Meshram,PG Raut,S Ismail,0,0,,,,,,,,,
1089522,2017,2017-05-09,North-West University No1 Ground,2,4.2,India,South Africa,MR Meshram,PG Raut,S Ismail,0,0,,,,,,,,,
1089522,2017,2017-05-09,North-West University No1 Ground,2,4.3,India,South Africa,MR Meshram,PG Raut,S Ismail,0,0,,,,,,,,,
1089522,2017,2017-05-09,North-West University No1 Ground,2,4.4,India,South Africa,MR Meshram,PG Raut,S Ismail,1,0,,,,,,,,,
1089522,2017,2017-05-09,North-West University No1 Ground,2,4.5,India,South Africa,PG Raut,MR Meshram,S Ismail,0,4,,,,4,,,,,
1089522,2017,2017-05-09,North-West University No1 Ground,2,4.6,India,South Africa,PG Raut,MR Meshram,S Ismail,0,0,,,,,,,,,
1089522,2017,2017-05-09,North-West University No1 Ground,2,5.1,India,South Africa,MR Meshram,PG Raut,M Kapp,0,0,,,,,,,,,
1089522,2017,2017-05-09,North-West University No1 Ground,2,5.2,India,South Africa,MR Meshram,PG Raut,M Kapp,0,0,,,,,,,,,
1089522,2017,2017-05-09,North-West University No1 Ground,2,5.3,India,South Africa,MR Meshram,PG Raut,M Kapp,0,0,,,,,,,,,
1089522,2017,2017-05-09,North-West University No1 Ground,2,5.4,India,South Africa,MR Meshram,PG Raut,M Kapp,0,0,,,,,,,,,
1089522,2017,2017-05-09,North-West University No1 Ground,2,5.5,India,South Africa,MR Meshram,PG Raut,M Kapp,0,0,,,,,,,,,
1089522,2017,2017-05-09,North-West University No1 Ground,2,5.6,India,South Africa,MR Meshram,PG Raut,M Kapp,0,0,,,,,,,,,
1089522,2017,2017-05-09,North-West University No1 Ground,2,6.1,India,South Africa,PG Raut,MR Meshram,S Ismail,0,0,,,,,,,,,
1089522,2017,2017-05-09,North-West University No1 Ground,2,6.2,India,South Africa,PG Raut,MR Meshram,S Ismail,1,0,,,,,,,,,
1089522,2017,2017-05-09,North-West University No1 Ground,2,6.3,India,South Africa,MR Meshram,PG Raut,S Ismail,0,0,,,,,,,,,
1089522,2017,2017-05-09,North-West University No1 Ground,2,6.4,India,South Africa,MR Meshram,PG Raut,S Ismail,1,0,,,,,,,,,
1089522,2017,2017-05-09,North-West University No1 Ground,2,6.5,India,South Africa,PG Raut,MR Meshram,S Ismail,0,0,,,,,,,,,
1089522,2017,2017-05-09,North-West University No1 Ground,2,6.6,India,South Africa,PG Raut,MR Meshram,S Ismail,0,0,,,,,,,,,
1089522,2017,2017-05-09,North-West University No1 Ground,2,7.1,India,South Africa,MR Meshram,PG Raut,M Kapp,0,0,,,,,,,,,
1089522,2017,2017-05-09,North-West University No1 Ground,2,7.2,India,South Africa,MR Meshram,PG Raut,M Kapp,1,0,,,,,,,,,
1089522,2017,2017-05-09,North-West University No1 Ground,2,7.3,India,South Africa,PG Raut,MR Meshram,M Kapp,1,0,,,,,,,,,
1089522,2017,2017-05-09,North-West University No1 Ground,2,7.4,India,South Africa,MR Meshram,PG Raut,M Kapp,0,0,,,,,,,,,
1089522,2017,2017-05-09,North-West University No1 Ground,2,7.5,India,South Africa,MR Meshram,PG Raut,M Kapp,0,0,,,,,,,,,
1089522,2017,2017-05-09,North-West University No1 Ground,2,7.6,India,South Africa,MR Meshram,PG Raut,M Kapp,0,0,,,,,,,,,
1089522,2017,2017-05-09,North-West University No1 Ground,2,8.1,India,South Africa,PG Raut,MR Meshram,S Ismail,4,0,,,,,,,,,
1089522,2017,2017-05-09,North-West University No1 Ground,2,8.2,India,South Africa,PG Raut,MR Meshram,S Ismail,1,0,,,,,,,,,
1089522,2017,2017-05-09,North-West University No1 Ground,2,8.3,India,South Africa,MR Meshram,PG Raut,S Ismail,0,0,,,,,,,,,
1089522,2017,2017-05-09,North-West University No1 Ground,2,8.4,India,South Africa,MR Meshram,PG Raut,S Ismail,0,0,,,,,,,,,
1089522,2017,2017-05-09,North-West University No1 Ground,2,8.5,India,South Africa,MR Meshram,PG Raut,S Ismail,0,0,,,,,,,,,
1089522,2017,2017-05-09,North-West University No1 Ground,2,8.6,India,South Africa,MR Meshram,PG Raut,S Ismail,1,0,,,,,,,,,
1089522,2017,2017-05-09,North-West University No1 Ground,2,9.1,India,South Africa,MR Meshram,PG Raut,M Kapp,0,0,,,,,,,,,
1089522,2017,2017-05-09,North-West University No1 Ground,2,9.2,India,South Africa,MR Meshram,PG Raut,M Kapp,1,0,,,,,,,,,
1089522,2017,2017-05-09,North-West University No1 Ground,2,9.3,India,South Africa,PG Raut,MR Meshram,M Kapp,0,0,,,,,,,,,
1089522,2017,2017-05-09,North-West University No1 Ground,2,9.4,India,South Africa,PG Raut,MR Meshram,M Kapp,0,0,,,,,,,,,
1089522,2017,2017-05-09,North-West University No1 Ground,2,9.5,India,South Africa,PG Raut,MR Meshram,M Kapp,0,0,,,,,,,,,
1089522,2017,2017-05-09,North-West University No1 Ground,2,9.6,India,South Africa,PG Raut,MR Meshram,M Kapp,0,0,,,,,,,,,
1089522,2017,2017-05-09,North-West University No1 Ground,2,10.1,India,South Africa,MR Meshram,PG Raut,S Ismail,0,0,,,,,,,,,
1089522,2017,2017-05-09,North-West University No1 Ground,2,10.2,India,South Africa,MR Meshram,PG Raut,S Ismail,0,0,,,,,,,,,
1089522,2017,2017-05-09,North-West University No1 Ground,2,10.3,India,South Africa,MR Meshram,PG Raut,S Ismail,0,0,,,,,,,,,
1089522,2017,2017-05-09,North-West University No1 Ground,2,10.4,India,South Africa,MR Meshram,PG Raut,S Ismail,1,0,,,,,,,,,
1089522,2017,2017-05-09,North-West University No1 Ground,2,10.5,India,South Africa,PG Raut,MR Meshram,S Ismail,0,0,,,,,,,,,
1089522,2017,2017-05-09,North-West University No1 Ground,2,10.6,India,South Africa,PG Raut,MR Meshram,S Ismail,0,0,,,,,,,,,
1089522,2017,2017-05-09,North-West University No1 Ground,2,11.1,India,South Africa,MR Meshram,PG Raut,M Kapp,0,0,,,,,,,,,
1089522,2017,2017-05-09,North-West University No1 Ground,2,11.2,India,South Africa,MR Meshram,PG Raut,M Kapp,0,0,,,,,,,,,
1089522,2017,2017-05-09,North-West University No1 Ground,2,11.3,India,South Africa,MR Meshram,PG Raut,M Kapp,0,0,,,,,,,,,
1089522,2017,2017-05-09,North-West University No1 Ground,2,11.4,India,South Africa,MR Meshram,PG Raut,M Kapp,0,0,,,,,,,,,
1089522,2017,2017-05-09,North-West University No1 Ground,2,11.5,India,South Africa,MR Meshram,PG Raut,M Kapp,0,0,,,,,,,,,
1089522,2017,2017-05-09,North-West University No1 Ground,2,11.6,India,South Africa,MR Meshram,PG Raut,M Kapp,0,0,,,,,,,,,
1089522,2017,2017-05-09,North-West University No1 Ground,2,12.1,India,South Africa,PG Raut,MR Meshram,S Ismail,0,0,,,,,,,,,
1089522,2017,2017-05-09,North-West University No1 Ground,2,12.2,India,South Africa,PG Raut,MR Meshram,S Ismail,0,0,,,,,,,,,
1089522,2017,2017-05-09,North-West University No1 Ground,2,12.3,India,South Africa,PG Raut,MR Meshram,S Ismail,1,0,,,,,,,,,
1089522,2017,2017-05-09,North-West University No1 Ground,2,12.4,India,South Africa,MR Meshram,PG Raut,S Ismail,0,0,,,,,,,,,
1089522,2017,2017-05-09,North-West University No1 Ground,2,12.5,India,South Africa,MR Meshram,PG Raut,S Ismail,2,0,,,,,,,,,
1089522,2017,2017-05-09,North-West University No1 Ground,2,12.6,India,South Africa,MR Meshram,PG Raut,S Ismail,4,0,,,,,,,,,
1089522,2017,2017-05-09,North-West University No1 Ground,2,13.1,India,South Africa,PG Raut,MR Meshram,M Kapp,1,0,,,,,,,,,
1089522,2017,2017-05-09,North-West University No1 Ground,2,13.2,India,South Africa,MR Meshram,PG Raut,M Kapp,0,0,,,,,,,,,
1089522,2017,2017-05-09,North-West University No1 Ground,2,13.3,India,South Africa,MR Meshram,PG Raut,M Kapp,1,0,,,,,,,,,
1089522,2017,2017-05-09,North-West University No1 Ground,2,13.4,India,South Africa,PG Raut,MR Meshram,M Kapp,0,0,,,,,,,,,
1089522,2017,2017-05-09,North-West University No1 Ground,2,13.5,India,South Africa,PG Raut,MR Meshram,M Kapp,0,0,,,,,,,,,
1089522,2017,2017-05-09,North-West University No1 Ground,2,13.6,India,South Africa,PG Raut,MR Meshram,M Kapp,0,0,,,,,,,,,
1089522,2017,2017-05-09,North-West University No1 Ground,2,14.1,India,South Africa,MR Meshram,PG Raut,M Daniels,0,1,1,,,,,,,,
1089522,2017,2017-05-09,North-West University No1 Ground,2,14.2,India,South Africa,MR Meshram,PG Raut,M Daniels,0,0,,,,,,,,,
1089522,2017,2017-05-09,North-West University No1 Ground,2,14.3,India,South Africa,MR Meshram,PG Raut,M Daniels,0,0,,,,,,,,,
1089522,2017,2017-05-09,North-West University No1 Ground,2,14.4,India,South Africa,MR Meshram,PG Raut,M Daniels,0,0,,,,,,,,,
1089522,2017,2017-05-09,North-West University No1 Ground,2,14.5,India,South Africa,MR Meshram,PG Raut,M Daniels,0,0,,,,,,,,,
1089522,2017,2017-05-09,North-West University No1 Ground,2,14.6,India,South Africa,MR Meshram,PG Raut,M Daniels,0,0,,,,,,,,,
1089522,2017,2017-05-09,North-West University No1 Ground,2,14.7,India,South Africa,MR Meshram,PG Raut,M Daniels,1,0,,,,,,,,,
1089522,2017,2017-05-09,North-West University No1 Ground,2,15.1,India,South Africa,MR Meshram,PG Raut,M Klaas,0,0,,,,,,,,,
1089522,2017,2017-05-09,North-West University No1 Ground,2,15.2,India,South Africa,MR Meshram,PG Raut,M Klaas,4,0,,,,,,,,,
1089522,2017,2017-05-09,North-West University No1 Ground,2,15.3,India,South Africa,MR Meshram,PG Raut,M Klaas,1,0,,,,,,,,,
1089522,2017,2017-05-09,North-West University No1 Ground,2,15.4,India,South Africa,PG Raut,MR Meshram,M Klaas,0,0,,,,,,,,,
1089522,2017,2017-05-09,North-West University No1 Ground,2,15.5,India,South Africa,PG Raut,MR Meshram,M Klaas,1,0,,,,,,,,,
1089522,2017,2017-05-09,North-West University No1 Ground,2,15.6,India,South Africa,MR Meshram,PG Raut,M Klaas,0,0,,,,,,,,,
1089522,2017,2017-05-09,North-West University No1 Ground,2,16.1,India,South Africa,PG Raut,MR Meshram,M Daniels,0,0,,,,,,,,,
1089522,2017,2017-05-09,North-West University No1 Ground,2,16.2,India,South Africa,PG Raut,MR Meshram,M Daniels,0,0,,,,,,,,,
1089522,2017,2017-05-09,North-West University No1 Ground,2,16.3,India,South Africa,PG Raut,MR Meshram,M Daniels,0,0,,,,,,caught,PG Raut,,
1089522,2017,2017-05-09,North-West University No1 Ground,2,16.4,India,South Africa,M Raj,MR Meshram,M Daniels,0,0,,,,,,,,,
1089522,2017,2017-05-09,North-West University No1 Ground,2,16.5,India,South Africa,M Raj,MR Meshram,M Daniels,1,0,,,,,,,,,
1089522,2017,2017-05-09,North-West University No1 Ground,2,16.6,India,South Africa,MR Meshram,M Raj,M Daniels,0,0,,,,,,,,,
1089522,2017,2017-05-09,North-West University No1 Ground,2,17.1,India,South Africa,M Raj,MR Meshram,M Klaas,0,0,,,,,,,,,
1089522,2017,2017-05-09,North-West University No1 Ground,2,17.2,India,South Africa,M Raj,MR Meshram,M Klaas,0,0,,,,,,,,,
1089522,2017,2017-05-09,North-West University No1 Ground,2,17.3,India,South Africa,M Raj,MR Meshram,M Klaas,4,0,,,,,,,,,
1089522,2017,2017-05-09,North-West University No1 Ground,2,17.4,India,South Africa,M Raj,MR Meshram,M Klaas,0,0,,,,,,,,,
1089522,2017,2017-05-09,North-West University No1 Ground,2,17.5,India,South Africa,M Raj,MR Meshram,M Klaas,0,0,,,,,,,,,
1089522,2017,2017-05-09,North-West University No1 Ground,2,17.6,India,South Africa,M Raj,MR Meshram,M Klaas,4,0,,,,,,,,,
1089522,2017,2017-05-09,North-West University No1 Ground,2,18.1,India,South Africa,MR Meshram,M Raj,M Daniels,0,0,,,,,,,,,
1089522,2017,2017-05-09,North-West University No1 Ground,2,18.2,India,South Africa,MR Meshram,M Raj,M Daniels,0,0,,,,,,,,,
1089522,2017,2017-05-09,North-West University No1 Ground,2,18.3,India,South Africa,MR Meshram,M Raj,M Daniels,1,0,,,,,,,,,
1089522,2017,2017-05-09,North-West University No1 Ground,2,18.4,India,South Africa,M Raj,MR Meshram,M Daniels,0,0,,,,,,,,,
1089522,2017,2017-05-09,North-West University No1 Ground,2,18.5,India,South Africa,M Raj,MR Meshram,M Daniels,0,0,,,,,,,,,
1089522,2017,2017-05-09,North-West University No1 Ground,2,18.6,India,South Africa,M Raj,MR Meshram,M Daniels,0,0,,,,,,,,,
1089522,2017,2017-05-09,North-West University No1 Ground,2,19.1,India,South Africa,MR Meshram,M Raj,S Luus,4,0,,,,,,,,,
1089522,2017,2017-05-09,North-West University No1 Ground,2,19.2,India,South Africa,MR Meshram,M Raj,S Luus,2,0,,,,,,,,,
1089522,2017,2017-05-09,North-West University No1 Ground,2,19.3,India,South Africa,MR Meshram,M Raj,S Luus,0,0,,,,,,,,,
1089522,2017,2017-05-09,North-West University No1 Ground,2,19.4,India,South Africa,MR Meshram,M Raj,S Luus,1,0,,,,,,,,,
1089522,2017,2017-05-09,North-West University No1 Ground,2,19.5,India,South Africa,M Raj,MR Meshram,S Luus,0,0,,,,,,,,,
1089522,2017,2017-05-09,North-West University No1 Ground,2,19.6,India,South Africa,M Raj,MR Meshram,S Luus,0,0,,,,,,,,,
1089522,2017,2017-05-09,North-West University No1 Ground,2,20.1,India,South Africa,MR Meshram,M Raj,M Daniels,0,0,,,,,,,,,
1089522,2017,2017-05-09,North-West University No1 Ground,2,20.2,India,South Africa,MR Meshram,M Raj,M Daniels,1,0,,,,,,,,,
1089522,2017,2017-05-09,North-West University No1 Ground,2,20.3,India,South Africa,M Raj,MR Meshram,M Daniels,1,0,,,,,,,,,
1089522,2017,2017-05-09,North-West University No1 Ground,2,20.4,India,South Africa,MR Meshram,M Raj,M Daniels,0,0,,,,,,,,,
1089522,2017,2017-05-09,North-West University No1 Ground,2,20.5,India,South Africa,MR Meshram,M Raj,M Daniels,0,0,,,,,,,,,
1089522,2017,2017-05-09,North-West University No1 Ground,2,20.6,India,South Africa,MR Meshram,M Raj,M Daniels,0,0,,,,,,,,,
1089522,2017,2017-05-09,North-West University No1 Ground,2,21.1,India,South Africa,M Raj,MR Meshram,S Luus,0,0,,,,,,,,,
1089522,2017,2017-05-09,North-West University No1 Ground,2,21.2,India,South Africa,M Raj,MR Meshram,S Luus,0,0,,,,,,,,,
1089522,2017,2017-05-09,North-West University No1 Ground,2,21.3,India,South Africa,M Raj,MR Meshram,S Luus,1,0,,,,,,,,,
1089522,2017,2017-05-09,North-West University No1 Ground,2,21.4,India,South Africa,MR Meshram,M Raj,S Luus,4,0,,,,,,,,,
1089522,2017,2017-05-09,North-West University No1 Ground,2,21.5,India,South Africa,MR Meshram,M Raj,S Luus,0,0,,,,,,,,,
1089522,2017,2017-05-09,North-West University No1 Ground,2,21.6,India,South Africa,MR Meshram,M Raj,S Luus,0,0,,,,,,,,,
1089522,2017,2017-05-09,North-West University No1 Ground,2,22.1,India,South Africa,M Raj,MR Meshram,M Daniels,0,0,,,,,,,,,
1089522,2017,2017-05-09,North-West University No1 Ground,2,22.2,India,South Africa,M Raj,MR Meshram,M Daniels,0,0,,,,,,,,,
1089522,2017,2017-05-09,North-West University No1 Ground,2,22.3,India,South Africa,M Raj,MR Meshram,M Daniels,4,0,,,,,,,,,
1089522,2017,2017-05-09,North-West University No1 Ground,2,22.4,India,South Africa,M Raj,MR Meshram,M Daniels,0,0,,,,,,,,,
1089522,2017,2017-05-09,North-West University No1 Ground,2,22.5,India,South Africa,M Raj,MR Meshram,M Daniels,0,0,,,,,,,,,
1089522,2017,2017-05-09,North-West University No1 Ground,2,22.6,India,South Africa,M Raj,MR Meshram,M Daniels,0,0,,,,,,,,,
1089522,2017,2017-05-09,North-West University No1 Ground,2,23.1,India,South Africa,MR Meshram,M Raj,R Ntozakhe,0,0,,,,,,,,,
1089522,2017,2017-05-09,North-West University No1 Ground,2,23.2,India,South Africa,MR Meshram,M Raj,R Ntozakhe,0,0,,,,,,,,,
1089522,2017,2017-05-09,North-West University No1 Ground,2,23.3,India,South Africa,MR Meshram,M Raj,R Ntozakhe,1,0,,,,,,,,,
1089522,2017,2017-05-09,North-West University No1 Ground,2,23.4,India,South Africa,M Raj,MR Meshram,R Ntozakhe,1,0,,,,,,,,,
1089522,2017,2017-05-09,North-West University No1 Ground,2,23.5,India,South Africa,MR Meshram,M Raj,R Ntozakhe,0,0,,,,,,,,,
1089522,2017,2017-05-09,North-West University No1 Ground,2,23.6,India,South Africa,MR Meshram,M Raj,R Ntozakhe,1,0,,,,,,,,,
1089522,2017,2017-05-09,North-West University No1 Ground,2,24.1,India,South Africa,MR Meshram,M Raj,M Daniels,0,0,,,,,,,,,
1089522,2017,2017-05-09,North-West University No1 Ground,2,24.2,India,South Africa,MR Meshram,M Raj,M Daniels,0,0,,,,,,,,,
1089522,2017,2017-05-09,North-West University No1 Ground,2,24.3,India,South Africa,MR Meshram,M Raj,M Daniels,0,0,,,,,,,,,
1089522,2017,2017-05-09,North-West University No1 Ground,2,24.4,India,South Africa,MR Meshram,M Raj,M Daniels,0,0,,,,,,,,,
1089522,2017,2017-05-09,North-West University No1 Ground,2,24.5,India,South Africa,MR Meshram,M Raj,M Daniels,0,0,,,,,,,,,
1089522,2017,2017-05-09,North-West University No1 Ground,2,24.6,India,South Africa,MR Meshram,M Raj,M Daniels,1,0,,,,,,,,,
1089522,2017,2017-05-09,North-West University No1 Ground,2,25.1,India,South Africa,MR Meshram,M Raj,R Ntozakhe,0,0,,,,,,,,,
1089522,2017,2017-05-09,North-West University No1 Ground,2,25.2,India,South Africa,MR Meshram,M Raj,R Ntozakhe,0,0,,,,,,,,,
1089522,2017,2017-05-09,North-West University No1 Ground,2,25.3,India,South Africa,MR Meshram,M Raj,R Ntozakhe,1,0,,,,,,,,,
1089522,2017,2017-05-09,North-West University No1 Ground,2,25.4,India,South Africa,M Raj,MR Meshram,R Ntozakhe,0,0,,,,,,,,,
1089522,2017,2017-05-09,North-West University No1 Ground,2,25.5,India,South Africa,M Raj,MR Meshram,R Ntozakhe,0,0,,,,,,,,,
1089522,2017,2017-05-09,North-West University No1 Ground,2,25.6,India,South Africa,M Raj,MR Meshram,R Ntozakhe,0,0,,,,,,,,,
1089522,2017,2017-05-09,North-West University No1 Ground,2,26.1,India,South Africa,MR Meshram,M Raj,S Ismail,0,0,,,,,,caught,MR Meshram,,
1089522,2017,2017-05-09,North-West University No1 Ground,2,26.2,India,South Africa,H Kaur,M Raj,S Ismail,0,0,,,,,,,,,
1089522,2017,2017-05-09,North-West University No1 Ground,2,26.3,India,South Africa,H Kaur,M Raj,S Ismail,0,0,,,,,,,,,
1089522,2017,2017-05-09,North-West University No1 Ground,2,26.4,India,South Africa,H Kaur,M Raj,S Ismail,0,0,,,,,,,,,
1089522,2017,2017-05-09,North-West University No1 Ground,2,26.5,India,South Africa,H Kaur,M Raj,S Ismail,0,0,,,,,,,,,
1089522,2017,2017-05-09,North-West University No1 Ground,2,26.6,India,South Africa,H Kaur,M Raj,S Ismail,0,0,,,,,,,,,
1089522,2017,2017-05-09,North-West University No1 Ground,2,27.1,India,South Africa,M Raj,H Kaur,R Ntozakhe,4,0,,,,,,,,,
1089522,2017,2017-05-09,North-West University No1 Ground,2,27.2,India,South Africa,M Raj,H Kaur,R Ntozakhe,0,0,,,,,,,,,
1089522,2017,2017-05-09,North-West University No1 Ground,2,27.3,India,South Africa,M Raj,H Kaur,R Ntozakhe,0,0,,,,,,,,,
1089522,2017,2017-05-09,North-West University No1 Ground,2,27.4,India,South Africa,M Raj,H Kaur,R Ntozakhe,1,0,,,,,,,,,
1089522,2017,2017-05-09,North-West University No1 Ground,2,27.5,India,South Africa,H Kaur,M Raj,R Ntozakhe,0,0,,,,,,,,,
1089522,2017,2017-05-09,North-West University No1 Ground,2,27.6,India,South Africa,H Kaur,M Raj,R Ntozakhe,0,0,,,,,,,,,
1089522,2017,2017-05-09,North-West University No1 Ground,2,28.1,India,South Africa,M Raj,H Kaur,M Kapp,0,0,,,,,,,,,
1089522,2017,2017-05-09,North-West University No1 Ground,2,28.2,India,South Africa,M Raj,H Kaur,M Kapp,0,0,,,,,,,,,
1089522,2017,2017-05-09,North-West University No1 Ground,2,28.3,India,South Africa,M Raj,H Kaur,M Kapp,0,0,,,,,,,,,
1089522,2017,2017-05-09,North-West University No1 Ground,2,28.4,India,South Africa,M Raj,H Kaur,M Kapp,0,0,,,,,,,,,
1089522,2017,2017-05-09,North-West University No1 Ground,2,28.5,India,South Africa,M Raj,H Kaur,M Kapp,0,1,,,1,,,,,,
1089522,2017,2017-05-09,North-West University No1 Ground,2,28.6,India,South Africa,H Kaur,M Raj,M Kapp,1,0,,,,,,,,,
1089522,2017,2017-05-09,North-West University No1 Ground,2,29.1,India,South Africa,H Kaur,M Raj,R Ntozakhe,0,0,,,,,,,,,
1089522,2017,2017-05-09,North-West University No1 Ground,2,29.2,India,South Africa,H Kaur,M Raj,R Ntozakhe,0,0,,,,,,,,,
1089522,2017,2017-05-09,North-West University No1 Ground,2,29.3,India,South Africa,H Kaur,M Raj,R Ntozakhe,4,0,,,,,,,,,
1089522,2017,2017-05-09,North-West University No1 Ground,2,29.4,India,South Africa,H Kaur,M Raj,R Ntozakhe,0,0,,,,,,,,,
1089522,2017,2017-05-09,North-West University No1 Ground,2,29.5,India,South Africa,H Kaur,M Raj,R Ntozakhe,0,0,,,,,,,,,
1089522,2017,2017-05-09,North-West University No1 Ground,2,29.6,India,South Africa,H Kaur,M Raj,R Ntozakhe,0,0,,,,,,,,,
1089522,2017,2017-05-09,North-West University No1 Ground,2,30.1,India,South Africa,M Raj,H Kaur,S Luus,1,0,,,,,,,,,
1089522,2017,2017-05-09,North-West University No1 Ground,2,30.2,India,South Africa,H Kaur,M Raj,S Luus,0,0,,,,,,,,,
1089522,2017,2017-05-09,North-West University No1 Ground,2,30.3,India,South Africa,H Kaur,M Raj,S Luus,1,0,,,,,,,,,
1089522,2017,2017-05-09,North-West University No1 Ground,2,30.4,India,South Africa,M Raj,H Kaur,S Luus,0,0,,,,,,,,,
1089522,2017,2017-05-09,North-West University No1 Ground,2,30.5,India,South Africa,M Raj,H Kaur,S Luus,1,0,,,,,,,,,
1089522,2017,2017-05-09,North-West University No1 Ground,2,30.6,India,South Africa,H Kaur,M Raj,S Luus,1,0,,,,,,,,,
1089522,2017,2017-05-09,North-West University No1 Ground,2,31.1,India,South Africa,H Kaur,M Raj,R Ntozakhe,0,0,,,,,,,,,
1089522,2017,2017-05-09,North-West University No1 Ground,2,31.2,India,South Africa,H Kaur,M Raj,R Ntozakhe,0,0,,,,,,,,,
1089522,2017,2017-05-09,North-West University No1 Ground,2,31.3,India,South Africa,H Kaur,M Raj,R Ntozakhe,0,0,,,,,,,,,
1089522,2017,2017-05-09,North-West University No1 Ground,2,31.4,India,South Africa,H Kaur,M Raj,R Ntozakhe,0,0,,,,,,,,,
1089522,2017,2017-05-09,North-West University No1 Ground,2,31.5,India,South Africa,H Kaur,M Raj,R Ntozakhe,0,0,,,,,,,,,
1089522,2017,2017-05-09,North-West University No1 Ground,2,31.6,India,South Africa,H Kaur,M Raj,R Ntozakhe,0,0,,,,,,,,,
1089522,2017,2017-05-09,North-West University No1 Ground,2,32.1,India,South Africa,M Raj,H Kaur,N de Klerk,0,0,,,,,,,,,
1089522,2017,2017-05-09,North-West University No1 Ground,2,32.2,India,South Africa,M Raj,H Kaur,N de Klerk,0,0,,,,,,,,,
1089522,2017,2017-05-09,North-West University No1 Ground,2,32.3,India,South Africa,M Raj,H Kaur,N de Klerk,0,0,,,,,,,,,
1089522,2017,2017-05-09,North-West University No1 Ground,2,32.4,India,South Africa,M Raj,H Kaur,N de Klerk,0,0,,,,,,,,,
1089522,2017,2017-05-09,North-West University No1 Ground,2,32.5,India,South Africa,M Raj,H Kaur,N de Klerk,0,0,,,,,,,,,
1089522,2017,2017-05-09,North-West University No1 Ground,2,32.6,India,South Africa,M Raj,H Kaur,N de Klerk,0,0,,,,,,,,,
1089522,2017,2017-05-09,North-West University No1 Ground,2,33.1,India,South Africa,H Kaur,M Raj,R Ntozakhe,0,0,,,,,,,,,
1089522,2017,2017-05-09,North-West University No1 Ground,2,33.2,India,South Africa,H Kaur,M Raj,R Ntozakhe,4,0,,,,,,,,,
1089522,2017,2017-05-09,North-West University No1 Ground,2,33.3,India,South Africa,H Kaur,M Raj,R Ntozakhe,0,0,,,,,,,,,
1089522,2017,2017-05-09,North-West University No1 Ground,2,33.4,India,South Africa,H Kaur,M Raj,R Ntozakhe,0,0,,,,,,,,,
1089522,2017,2017-05-09,North-West University No1 Ground,2,33.5,India,South Africa,H Kaur,M Raj,R Ntozakhe,0,0,,,,,,,,,
1089522,2017,2017-05-09,North-West University No1 Ground,2,33.6,India,South Africa,H Kaur,M Raj,R Ntozakhe,0,0,,,,,,,,,
1089522,2017,2017-05-09,North-West University No1 Ground,2,34.1,India,South Africa,M Raj,H Kaur,N de Klerk,4,0,,,,,,,,,
1089522,2017,2017-05-09,North-West University No1 Ground,2,34.2,India,South Africa,M Raj,H Kaur,N de Klerk,0,0,,,,,,,,,
1089522,2017,2017-05-09,North-West University No1 Ground,2,34.3,India,South Africa,M Raj,H Kaur,N de Klerk,0,0,,,,,,,,,
1089522,2017,2017-05-09,North-West University No1 Ground,2,34.4,India,South Africa,M Raj,H Kaur,N de Klerk,0,0,,,,,,,,,
1089522,2017,2017-05-09,North-West University No1 Ground,2,34.5,India,South Africa,M Raj,H Kaur,N de Klerk,2,0,,,,,,,,,
1089522,2017,2017-05-09,North-West University No1 Ground,2,34.6,India,South Africa,M Raj,H Kaur,N de Klerk,0,0,,,,,,,,,
1089522,2017,2017-05-09,North-West University No1 Ground,2,35.1,India,South Africa,H Kaur,M Raj,R Ntozakhe,0,0,,,,,,,,,
1089522,2017,2017-05-09,North-West University No1 Ground,2,35.2,India,South Africa,H Kaur,M Raj,R Ntozakhe,0,0,,,,,,,,,
1089522,2017,2017-05-09,North-West University No1 Ground,2,35.3,India,South Africa,H Kaur,M Raj,R Ntozakhe,0,0,,,,,,,,,
1089522,2017,2017-05-09,North-West University No1 Ground,2,35.4,India,South Africa,H Kaur,M Raj,R Ntozakhe,0,0,,,,,,,,,
1089522,2017,2017-05-09,North-West University No1 Ground,2,35.5,India,South Africa,H Kaur,M Raj,R Ntozakhe,0,0,,,,,,,,,
1089522,2017,2017-05-09,North-West University No1 Ground,2,35.6,India,South Africa,H Kaur,M Raj,R Ntozakhe,0,0,,,,,,,,,
1089522,2017,2017-05-09,North-West University No1 Ground,2,36.1,India,South Africa,M Raj,H Kaur,N de Klerk,6,0,,,,,,,,,
1089522,2017,2017-05-09,North-West University No1 Ground,2,36.2,India,South Africa,M Raj,H Kaur,N de Klerk,4,0,,,,,,,,,
1089522,2017,2017-05-09,North-West University No1 Ground,2,36.3,India,South Africa,M Raj,H Kaur,N de Klerk,1,0,,,,,,,,,
1089522,2017,2017-05-09,North-West University No1 Ground,2,36.4,India,South Africa,H Kaur,M Raj,N de Klerk,0,0,,,,,,,,,
1089522,2017,2017-05-09,North-West University No1 Ground,2,36.5,India,South Africa,H Kaur,M Raj,N de Klerk,0,0,,,,,,,,,
1089522,2017,2017-05-09,North-West University No1 Ground,2,36.6,India,South Africa,H Kaur,M Raj,N de Klerk,0,0,,,,,,,,,
1089522,2017,2017-05-09,North-West University No1 Ground,2,37.1,India,South Africa,M Raj,H Kaur,M Klaas,0,0,,,,,,,,,
1089522,2017,2017-05-09,North-West University No1 Ground,2,37.2,India,South Africa,M Raj,H Kaur,M Klaas,0,0,,,,,,,,,
1089522,2017,2017-05-09,North-West University No1 Ground,2,37.3,India,South Africa,M Raj,H Kaur,M Klaas,0,0,,,,,,,,,
1089522,2017,2017-05-09,North-West University No1 Ground,2,37.4,India,South Africa,M Raj,H Kaur,M Klaas,2,0,,,,,,,,,
1089522,2017,2017-05-09,North-West University No1 Ground,2,37.5,India,South Africa,M Raj,H Kaur,M Klaas,0,0,,,,,,,,,
1089522,2017,2017-05-09,North-West University No1 Ground,2,37.6,India,South Africa,M Raj,H Kaur,M Klaas,0,0,,,,,,,,,
1089522,2017,2017-05-09,North-West University No1 Ground,2,38.1,India,South Africa,H Kaur,M Raj,M Daniels,1,0,,,,,,,,,
1089522,2017,2017-05-09,North-West University No1 Ground,2,38.2,India,South Africa,M Raj,H Kaur,M Daniels,1,0,,,,,,,,,
1089522,2017,2017-05-09,North-West University No1 Ground,2,38.3,India,South Africa,H Kaur,M Raj,M Daniels,0,0,,,,,,,,,
1089522,2017,2017-05-09,North-West University No1 Ground,2,38.4,India,South Africa,H Kaur,M Raj,M Daniels,0,0,,,,,,,,,
1089522,2017,2017-05-09,North-West University No1 Ground,2,38.5,India,South Africa,H Kaur,M Raj,M Daniels,1,0,,,,,,,,,
1089522,2017,2017-05-09,North-West University No1 Ground,2,38.6,India,South Africa,M Raj,H Kaur,M Daniels,0,0,,,,,,,,,
1089522,2017,2017-05-09,North-West University No1 Ground,2,39.1,India,South Africa,H Kaur,M Raj,M Klaas,0,0,,,,,,,,,
1089522,2017,2017-05-09,North-West University No1 Ground,2,39.2,India,South Africa,H Kaur,M Raj,M Klaas,0,0,,,,,,,,,
1089522,2017,2017-05-09,North-West University No1 Ground,2,39.3,India,South Africa,H Kaur,M Raj,M Klaas,0,0,,,,,,,,,
1089522,2017,2017-05-09,North-West University No1 Ground,2,39.4,India,South Africa,H Kaur,M Raj,M Klaas,1,0,,,,,,,,,
1089522,2017,2017-05-09,North-West University No1 Ground,2,39.5,India,South Africa,M Raj,H Kaur,M Klaas,1,0,,,,,,,,,
1089522,2017,2017-05-09,North-West University No1 Ground,2,39.6,India,South Africa,H Kaur,M Raj,M Klaas,0,0,,,,,,,,,
1089522,2017,2017-05-09,North-West University No1 Ground,2,40.1,India,South Africa,M Raj,H Kaur,M Daniels,1,0,,,,,,,,,
1089522,2017,2017-05-09,North-West University No1 Ground,2,40.2,India,South Africa,H Kaur,M Raj,M Daniels,0,0,,,,,,,,,
1089522,2017,2017-05-09,North-West University No1 Ground,2,40.3,India,South Africa,H Kaur,M Raj,M Daniels,0,0,,,,,,,,,
1089522,2017,2017-05-09,North-West University No1 Ground,2,40.4,India,South Africa,H Kaur,M Raj,M Daniels,0,0,,,,,,,,,
1089522,2017,2017-05-09,North-West University No1 Ground,2,40.5,India,South Africa,H Kaur,M Raj,M Daniels,0,0,,,,,,,,,
1089522,2017,2017-05-09,North-West University No1 Ground,2,40.6,India,South Africa,H Kaur,M Raj,M Daniels,0,0,,,,,,,,,
1089522,2017,2017-05-09,North-West University No1 Ground,2,41.1,India,South Africa,M Raj,H Kaur,M Klaas,0,0,,,,,,,,,
1089522,2017,2017-05-09,North-West University No1 Ground,2,41.2,India,South Africa,M Raj,H Kaur,M Klaas,6,0,,,,,,,,,
