match_id,season,start_date,venue,innings,ball,batting_team,bowling_team,striker,non_striker,bowler,runs_off_bat,extras,wides,noballs,byes,legbyes,penalty,wicket_type,player_dismissed,other_wicket_type,other_player_dismissed
1109607,2017,2017-08-27,Pallekele International Cricket Stadium,1,0.1,Sri Lanka,India,N Dickwella,LD Chandimal,B Kumar,4,0,,,,,,,,,
1109607,2017,2017-08-27,Pallekele International Cricket Stadium,1,0.2,Sri Lanka,India,N Dickwella,LD Chandimal,B Kumar,1,0,,,,,,,,,
1109607,2017,2017-08-27,Pallekele International Cricket Stadium,1,0.3,Sri Lanka,India,LD Chandimal,N Dickwella,B Kumar,0,1,1,,,,,,,,
1109607,2017,2017-08-27,Pallekele International Cricket Stadium,1,0.4,Sri Lanka,India,LD Chandimal,N Dickwella,B Kumar,0,0,,,,,,,,,
1109607,2017,2017-08-27,Pallekele International Cricket Stadium,1,0.5,Sri Lanka,India,LD Chandimal,N Dickwella,B Kumar,0,0,,,,,,,,,
1109607,2017,2017-08-27,Pallekele International Cricket Stadium,1,0.6,Sri Lanka,India,LD Chandimal,N Dickwella,B Kumar,0,0,,,,,,,,,
1109607,2017,2017-08-27,Pallekele International Cricket Stadium,1,0.7,Sri Lanka,India,LD Chandimal,N Dickwella,B Kumar,0,0,,,,,,,,,
1109607,2017,2017-08-27,Pallekele International Cricket Stadium,1,1.1,Sri Lanka,India,N Dickwella,LD Chandimal,JJ Bumrah,2,0,,,,,,,,,
1109607,2017,2017-08-27,Pallekele International Cricket Stadium,1,1.2,Sri Lanka,India,N Dickwella,LD Chandimal,JJ Bumrah,0,0,,,,,,,,,
1109607,2017,2017-08-27,Pallekele International Cricket Stadium,1,1.3,Sri Lanka,India,N Dickwella,LD Chandimal,JJ Bumrah,1,0,,,,,,,,,
1109607,2017,2017-08-27,Pallekele International Cricket Stadium,1,1.4,Sri Lanka,India,LD Chandimal,N Dickwella,JJ Bumrah,1,0,,,,,,,,,
1109607,2017,2017-08-27,Pallekele International Cricket Stadium,1,1.5,Sri Lanka,India,N Dickwella,LD Chandimal,JJ Bumrah,0,0,,,,,,,,,
1109607,2017,2017-08-27,Pallekele International Cricket Stadium,1,1.6,Sri Lanka,India,N Dickwella,LD Chandimal,JJ Bumrah,0,0,,,,,,,,,
1109607,2017,2017-08-27,Pallekele International Cricket Stadium,1,2.1,Sri Lanka,India,LD Chandimal,N Dickwella,B Kumar,2,0,,,,,,,,,
1109607,2017,2017-08-27,Pallekele International Cricket Stadium,1,2.2,Sri Lanka,India,LD Chandimal,N Dickwella,B Kumar,1,0,,,,,,,,,
1109607,2017,2017-08-27,Pallekele International Cricket Stadium,1,2.3,Sri Lanka,India,N Dickwella,LD Chandimal,B Kumar,0,0,,,,,,,,,
1109607,2017,2017-08-27,Pallekele International Cricket Stadium,1,2.4,Sri Lanka,India,N Dickwella,LD Chandimal,B Kumar,4,0,,,,,,,,,
1109607,2017,2017-08-27,Pallekele International Cricket Stadium,1,2.5,Sri Lanka,India,N Dickwella,LD Chandimal,B Kumar,0,0,,,,,,,,,
1109607,2017,2017-08-27,Pallekele International Cricket Stadium,1,2.6,Sri Lanka,India,N Dickwella,LD Chandimal,B Kumar,1,0,,,,,,,,,
1109607,2017,2017-08-27,Pallekele International Cricket Stadium,1,3.1,Sri Lanka,India,N Dickwella,LD Chandimal,JJ Bumrah,0,0,,,,,,,,,
1109607,2017,2017-08-27,Pallekele International Cricket Stadium,1,3.2,Sri Lanka,India,N Dickwella,LD Chandimal,JJ Bumrah,0,0,,,,,,,,,
1109607,2017,2017-08-27,Pallekele International Cricket Stadium,1,3.3,Sri Lanka,India,N Dickwella,LD Chandimal,JJ Bumrah,0,0,,,,,,,,,
1109607,2017,2017-08-27,Pallekele International Cricket Stadium,1,3.4,Sri Lanka,India,N Dickwella,LD Chandimal,JJ Bumrah,0,0,,,,,,lbw,N Dickwella,,
1109607,2017,2017-08-27,Pallekele International Cricket Stadium,1,3.5,Sri Lanka,India,BKG Mendis,LD Chandimal,JJ Bumrah,0,0,,,,,,,,,
1109607,2017,2017-08-27,Pallekele International Cricket Stadium,1,3.6,Sri Lanka,India,BKG Mendis,LD Chandimal,JJ Bumrah,0,0,,,,,,,,,
1109607,2017,2017-08-27,Pallekele International Cricket Stadium,1,4.1,Sri Lanka,India,LD Chandimal,BKG Mendis,B Kumar,0,0,,,,,,,,,
1109607,2017,2017-08-27,Pallekele International Cricket Stadium,1,4.2,Sri Lanka,India,LD Chandimal,BKG Mendis,B Kumar,4,0,,,,,,,,,
1109607,2017,2017-08-27,Pallekele International Cricket Stadium,1,4.3,Sri Lanka,India,LD Chandimal,BKG Mendis,B Kumar,0,0,,,,,,,,,
1109607,2017,2017-08-27,Pallekele International Cricket Stadium,1,4.4,Sri Lanka,India,LD Chandimal,BKG Mendis,B Kumar,0,0,,,,,,,,,
1109607,2017,2017-08-27,Pallekele International Cricket Stadium,1,4.5,Sri Lanka,India,LD Chandimal,BKG Mendis,B Kumar,0,0,,,,,,,,,
1109607,2017,2017-08-27,Pallekele International Cricket Stadium,1,4.6,Sri Lanka,India,LD Chandimal,BKG Mendis,B Kumar,0,0,,,,,,,,,
1109607,2017,2017-08-27,Pallekele International Cricket Stadium,1,5.1,Sri Lanka,India,BKG Mendis,LD Chandimal,JJ Bumrah,0,0,,,,,,,,,
1109607,2017,2017-08-27,Pallekele International Cricket Stadium,1,5.2,Sri Lanka,India,BKG Mendis,LD Chandimal,JJ Bumrah,0,0,,,,,,,,,
1109607,2017,2017-08-27,Pallekele International Cricket Stadium,1,5.3,Sri Lanka,India,BKG Mendis,LD Chandimal,JJ Bumrah,0,0,,,,,,,,,
1109607,2017,2017-08-27,Pallekele International Cricket Stadium,1,5.4,Sri Lanka,India,BKG Mendis,LD Chandimal,JJ Bumrah,0,0,,,,,,,,,
1109607,2017,2017-08-27,Pallekele International Cricket Stadium,1,5.5,Sri Lanka,India,BKG Mendis,LD Chandimal,JJ Bumrah,0,0,,,,,,,,,
1109607,2017,2017-08-27,Pallekele International Cricket Stadium,1,5.6,Sri Lanka,India,BKG Mendis,LD Chandimal,JJ Bumrah,0,0,,,,,,,,,
1109607,2017,2017-08-27,Pallekele International Cricket Stadium,1,6.1,Sri Lanka,India,LD Chandimal,BKG Mendis,B Kumar,0,0,,,,,,,,,
1109607,2017,2017-08-27,Pallekele International Cricket Stadium,1,6.2,Sri Lanka,India,LD Chandimal,BKG Mendis,B Kumar,0,4,,,,4,,,,,
1109607,2017,2017-08-27,Pallekele International Cricket Stadium,1,6.3,Sri Lanka,India,LD Chandimal,BKG Mendis,B Kumar,0,0,,,,,,,,,
1109607,2017,2017-08-27,Pallekele International Cricket Stadium,1,6.4,Sri Lanka,India,LD Chandimal,BKG Mendis,B Kumar,0,0,,,,,,,,,
1109607,2017,2017-08-27,Pallekele International Cricket Stadium,1,6.5,Sri Lanka,India,LD Chandimal,BKG Mendis,B Kumar,0,0,,,,,,,,,
1109607,2017,2017-08-27,Pallekele International Cricket Stadium,1,6.6,Sri Lanka,India,LD Chandimal,BKG Mendis,B Kumar,0,0,,,,,,,,,
1109607,2017,2017-08-27,Pallekele International Cricket Stadium,1,7.1,Sri Lanka,India,BKG Mendis,LD Chandimal,JJ Bumrah,1,0,,,,,,,,,
1109607,2017,2017-08-27,Pallekele International Cricket Stadium,1,7.2,Sri Lanka,India,LD Chandimal,BKG Mendis,JJ Bumrah,0,0,,,,,,,,,
1109607,2017,2017-08-27,Pallekele International Cricket Stadium,1,7.3,Sri Lanka,India,LD Chandimal,BKG Mendis,JJ Bumrah,1,0,,,,,,,,,
1109607,2017,2017-08-27,Pallekele International Cricket Stadium,1,7.4,Sri Lanka,India,BKG Mendis,LD Chandimal,JJ Bumrah,0,0,,,,,,caught,BKG Mendis,,
1109607,2017,2017-08-27,Pallekele International Cricket Stadium,1,7.5,Sri Lanka,India,HDRL Thirimanne,LD Chandimal,JJ Bumrah,1,0,,,,,,,,,
1109607,2017,2017-08-27,Pallekele International Cricket Stadium,1,7.6,Sri Lanka,India,LD Chandimal,HDRL Thirimanne,JJ Bumrah,1,0,,,,,,,,,
1109607,2017,2017-08-27,Pallekele International Cricket Stadium,1,8.1,Sri Lanka,India,LD Chandimal,HDRL Thirimanne,B Kumar,4,0,,,,,,,,,
1109607,2017,2017-08-27,Pallekele International Cricket Stadium,1,8.2,Sri Lanka,India,LD Chandimal,HDRL Thirimanne,B Kumar,0,0,,,,,,,,,
1109607,2017,2017-08-27,Pallekele International Cricket Stadium,1,8.3,Sri Lanka,India,LD Chandimal,HDRL Thirimanne,B Kumar,0,0,,,,,,,,,
1109607,2017,2017-08-27,Pallekele International Cricket Stadium,1,8.4,Sri Lanka,India,LD Chandimal,HDRL Thirimanne,B Kumar,0,0,,,,,,,,,
1109607,2017,2017-08-27,Pallekele International Cricket Stadium,1,8.5,Sri Lanka,India,LD Chandimal,HDRL Thirimanne,B Kumar,0,1,1,,,,,,,,
1109607,2017,2017-08-27,Pallekele International Cricket Stadium,1,8.6,Sri Lanka,India,LD Chandimal,HDRL Thirimanne,B Kumar,1,0,,,,,,,,,
1109607,2017,2017-08-27,Pallekele International Cricket Stadium,1,8.7,Sri Lanka,India,HDRL Thirimanne,LD Chandimal,B Kumar,0,0,,,,,,,,,
1109607,2017,2017-08-27,Pallekele International Cricket Stadium,1,9.1,Sri Lanka,India,LD Chandimal,HDRL Thirimanne,JJ Bumrah,1,0,,,,,,,,,
1109607,2017,2017-08-27,Pallekele International Cricket Stadium,1,9.2,Sri Lanka,India,HDRL Thirimanne,LD Chandimal,JJ Bumrah,0,0,,,,,,,,,
1109607,2017,2017-08-27,Pallekele International Cricket Stadium,1,9.3,Sri Lanka,India,HDRL Thirimanne,LD Chandimal,JJ Bumrah,0,0,,,,,,,,,
1109607,2017,2017-08-27,Pallekele International Cricket Stadium,1,9.4,Sri Lanka,India,HDRL Thirimanne,LD Chandimal,JJ Bumrah,0,0,,,,,,,,,
1109607,2017,2017-08-27,Pallekele International Cricket Stadium,1,9.5,Sri Lanka,India,HDRL Thirimanne,LD Chandimal,JJ Bumrah,0,0,,,,,,,,,
1109607,2017,2017-08-27,Pallekele International Cricket Stadium,1,9.6,Sri Lanka,India,HDRL Thirimanne,LD Chandimal,JJ Bumrah,0,0,,,,,,,,,
1109607,2017,2017-08-27,Pallekele International Cricket Stadium,1,10.1,Sri Lanka,India,LD Chandimal,HDRL Thirimanne,B Kumar,0,0,,,,,,,,,
1109607,2017,2017-08-27,Pallekele International Cricket Stadium,1,10.2,Sri Lanka,India,LD Chandimal,HDRL Thirimanne,B Kumar,0,0,,,,,,,,,
1109607,2017,2017-08-27,Pallekele International Cricket Stadium,1,10.3,Sri Lanka,India,LD Chandimal,HDRL Thirimanne,B Kumar,4,0,,,,,,,,,
1109607,2017,2017-08-27,Pallekele International Cricket Stadium,1,10.4,Sri Lanka,India,LD Chandimal,HDRL Thirimanne,B Kumar,0,0,,,,,,,,,
1109607,2017,2017-08-27,Pallekele International Cricket Stadium,1,10.5,Sri Lanka,India,LD Chandimal,HDRL Thirimanne,B Kumar,0,0,,,,,,,,,
1109607,2017,2017-08-27,Pallekele International Cricket Stadium,1,10.6,Sri Lanka,India,LD Chandimal,HDRL Thirimanne,B Kumar,0,0,,,,,,,,,
1109607,2017,2017-08-27,Pallekele International Cricket Stadium,1,11.1,Sri Lanka,India,HDRL Thirimanne,LD Chandimal,YS Chahal,0,0,,,,,,,,,
1109607,2017,2017-08-27,Pallekele International Cricket Stadium,1,11.2,Sri Lanka,India,HDRL Thirimanne,LD Chandimal,YS Chahal,0,0,,,,,,,,,
1109607,2017,2017-08-27,Pallekele International Cricket Stadium,1,11.3,Sri Lanka,India,HDRL Thirimanne,LD Chandimal,YS Chahal,0,0,,,,,,,,,
1109607,2017,2017-08-27,Pallekele International Cricket Stadium,1,11.4,Sri Lanka,India,HDRL Thirimanne,LD Chandimal,YS Chahal,0,0,,,,,,,,,
1109607,2017,2017-08-27,Pallekele International Cricket Stadium,1,11.5,Sri Lanka,India,HDRL Thirimanne,LD Chandimal,YS Chahal,1,0,,,,,,,,,
1109607,2017,2017-08-27,Pallekele International Cricket Stadium,1,11.6,Sri Lanka,India,LD Chandimal,HDRL Thirimanne,YS Chahal,0,0,,,,,,,,,
1109607,2017,2017-08-27,Pallekele International Cricket Stadium,1,12.1,Sri Lanka,India,HDRL Thirimanne,LD Chandimal,HH Pandya,1,0,,,,,,,,,
1109607,2017,2017-08-27,Pallekele International Cricket Stadium,1,12.2,Sri Lanka,India,LD Chandimal,HDRL Thirimanne,HH Pandya,1,0,,,,,,,,,
1109607,2017,2017-08-27,Pallekele International Cricket Stadium,1,12.3,Sri Lanka,India,HDRL Thirimanne,LD Chandimal,HH Pandya,4,0,,,,,,,,,
1109607,2017,2017-08-27,Pallekele International Cricket Stadium,1,12.4,Sri Lanka,India,HDRL Thirimanne,LD Chandimal,HH Pandya,0,0,,,,,,,,,
1109607,2017,2017-08-27,Pallekele International Cricket Stadium,1,12.5,Sri Lanka,India,HDRL Thirimanne,LD Chandimal,HH Pandya,0,0,,,,,,,,,
1109607,2017,2017-08-27,Pallekele International Cricket Stadium,1,12.6,Sri Lanka,India,HDRL Thirimanne,LD Chandimal,HH Pandya,0,0,,,,,,,,,
1109607,2017,2017-08-27,Pallekele International Cricket Stadium,1,13.1,Sri Lanka,India,LD Chandimal,HDRL Thirimanne,YS Chahal,0,0,,,,,,,,,
1109607,2017,2017-08-27,Pallekele International Cricket Stadium,1,13.2,Sri Lanka,India,LD Chandimal,HDRL Thirimanne,YS Chahal,0,0,,,,,,,,,
1109607,2017,2017-08-27,Pallekele International Cricket Stadium,1,13.3,Sri Lanka,India,LD Chandimal,HDRL Thirimanne,YS Chahal,1,0,,,,,,,,,
1109607,2017,2017-08-27,Pallekele International Cricket Stadium,1,13.4,Sri Lanka,India,HDRL Thirimanne,LD Chandimal,YS Chahal,0,0,,,,,,,,,
1109607,2017,2017-08-27,Pallekele International Cricket Stadium,1,13.5,Sri Lanka,India,HDRL Thirimanne,LD Chandimal,YS Chahal,1,0,,,,,,,,,
1109607,2017,2017-08-27,Pallekele International Cricket Stadium,1,13.6,Sri Lanka,India,LD Chandimal,HDRL Thirimanne,YS Chahal,0,0,,,,,,,,,
1109607,2017,2017-08-27,Pallekele International Cricket Stadium,1,14.1,Sri Lanka,India,HDRL Thirimanne,LD Chandimal,HH Pandya,0,0,,,,,,,,,
1109607,2017,2017-08-27,Pallekele International Cricket Stadium,1,14.2,Sri Lanka,India,HDRL Thirimanne,LD Chandimal,HH Pandya,1,0,,,,,,,,,
1109607,2017,2017-08-27,Pallekele International Cricket Stadium,1,14.3,Sri Lanka,India,LD Chandimal,HDRL Thirimanne,HH Pandya,0,1,,,,1,,,,,
1109607,2017,2017-08-27,Pallekele International Cricket Stadium,1,14.4,Sri Lanka,India,HDRL Thirimanne,LD Chandimal,HH Pandya,1,0,,,,,,,,,
1109607,2017,2017-08-27,Pallekele International Cricket Stadium,1,14.5,Sri Lanka,India,LD Chandimal,HDRL Thirimanne,HH Pandya,0,0,,,,,,,,,
1109607,2017,2017-08-27,Pallekele International Cricket Stadium,1,14.6,Sri Lanka,India,LD Chandimal,HDRL Thirimanne,HH Pandya,1,0,,,,,,,,,
1109607,2017,2017-08-27,Pallekele International Cricket Stadium,1,15.1,Sri Lanka,India,LD Chandimal,HDRL Thirimanne,YS Chahal,1,0,,,,,,,,,
1109607,2017,2017-08-27,Pallekele International Cricket Stadium,1,15.2,Sri Lanka,India,HDRL Thirimanne,LD Chandimal,YS Chahal,1,0,,,,,,,,,
1109607,2017,2017-08-27,Pallekele International Cricket Stadium,1,15.3,Sri Lanka,India,LD Chandimal,HDRL Thirimanne,YS Chahal,1,0,,,,,,,,,
1109607,2017,2017-08-27,Pallekele International Cricket Stadium,1,15.4,Sri Lanka,India,HDRL Thirimanne,LD Chandimal,YS Chahal,2,0,,,,,,,,,
1109607,2017,2017-08-27,Pallekele International Cricket Stadium,1,15.5,Sri Lanka,India,HDRL Thirimanne,LD Chandimal,YS Chahal,1,0,,,,,,,,,
1109607,2017,2017-08-27,Pallekele International Cricket Stadium,1,15.6,Sri Lanka,India,LD Chandimal,HDRL Thirimanne,YS Chahal,0,0,,,,,,,,,
1109607,2017,2017-08-27,Pallekele International Cricket Stadium,1,16.1,Sri Lanka,India,HDRL Thirimanne,LD Chandimal,HH Pandya,4,0,,,,,,,,,
1109607,2017,2017-08-27,Pallekele International Cricket Stadium,1,16.2,Sri Lanka,India,HDRL Thirimanne,LD Chandimal,HH Pandya,1,0,,,,,,,,,
1109607,2017,2017-08-27,Pallekele International Cricket Stadium,1,16.3,Sri Lanka,India,LD Chandimal,HDRL Thirimanne,HH Pandya,0,0,,,,,,,,,
1109607,2017,2017-08-27,Pallekele International Cricket Stadium,1,16.4,Sri Lanka,India,LD Chandimal,HDRL Thirimanne,HH Pandya,0,0,,,,,,,,,
1109607,2017,2017-08-27,Pallekele International Cricket Stadium,1,16.5,Sri Lanka,India,LD Chandimal,HDRL Thirimanne,HH Pandya,0,0,,,,,,,,,
1109607,2017,2017-08-27,Pallekele International Cricket Stadium,1,16.6,Sri Lanka,India,LD Chandimal,HDRL Thirimanne,HH Pandya,0,0,,,,,,,,,
1109607,2017,2017-08-27,Pallekele International Cricket Stadium,1,17.1,Sri Lanka,India,HDRL Thirimanne,LD Chandimal,YS Chahal,1,0,,,,,,,,,
1109607,2017,2017-08-27,Pallekele International Cricket Stadium,1,17.2,Sri Lanka,India,LD Chandimal,HDRL Thirimanne,YS Chahal,1,0,,,,,,,,,
1109607,2017,2017-08-27,Pallekele International Cricket Stadium,1,17.3,Sri Lanka,India,HDRL Thirimanne,LD Chandimal,YS Chahal,1,0,,,,,,,,,
1109607,2017,2017-08-27,Pallekele International Cricket Stadium,1,17.4,Sri Lanka,India,LD Chandimal,HDRL Thirimanne,YS Chahal,0,0,,,,,,,,,
1109607,2017,2017-08-27,Pallekele International Cricket Stadium,1,17.5,Sri Lanka,India,LD Chandimal,HDRL Thirimanne,YS Chahal,0,0,,,,,,,,,
1109607,2017,2017-08-27,Pallekele International Cricket Stadium,1,17.6,Sri Lanka,India,LD Chandimal,HDRL Thirimanne,YS Chahal,0,0,,,,,,,,,
1109607,2017,2017-08-27,Pallekele International Cricket Stadium,1,18.1,Sri Lanka,India,HDRL Thirimanne,LD Chandimal,HH Pandya,1,0,,,,,,,,,
1109607,2017,2017-08-27,Pallekele International Cricket Stadium,1,18.2,Sri Lanka,India,LD Chandimal,HDRL Thirimanne,HH Pandya,0,1,1,,,,,,,,
1109607,2017,2017-08-27,Pallekele International Cricket Stadium,1,18.3,Sri Lanka,India,LD Chandimal,HDRL Thirimanne,HH Pandya,1,0,,,,,,,,,
1109607,2017,2017-08-27,Pallekele International Cricket Stadium,1,18.4,Sri Lanka,India,HDRL Thirimanne,LD Chandimal,HH Pandya,0,0,,,,,,,,,
1109607,2017,2017-08-27,Pallekele International Cricket Stadium,1,18.5,Sri Lanka,India,HDRL Thirimanne,LD Chandimal,HH Pandya,4,0,,,,,,,,,
1109607,2017,2017-08-27,Pallekele International Cricket Stadium,1,18.6,Sri Lanka,India,HDRL Thirimanne,LD Chandimal,HH Pandya,0,0,,,,,,,,,
1109607,2017,2017-08-27,Pallekele International Cricket Stadium,1,18.7,Sri Lanka,India,HDRL Thirimanne,LD Chandimal,HH Pandya,1,0,,,,,,,,,
1109607,2017,2017-08-27,Pallekele International Cricket Stadium,1,19.1,Sri Lanka,India,HDRL Thirimanne,LD Chandimal,YS Chahal,0,0,,,,,,,,,
1109607,2017,2017-08-27,Pallekele International Cricket Stadium,1,19.2,Sri Lanka,India,HDRL Thirimanne,LD Chandimal,YS Chahal,0,0,,,,,,,,,
1109607,2017,2017-08-27,Pallekele International Cricket Stadium,1,19.3,Sri Lanka,India,HDRL Thirimanne,LD Chandimal,YS Chahal,1,0,,,,,,,,,
1109607,2017,2017-08-27,Pallekele International Cricket Stadium,1,19.4,Sri Lanka,India,LD Chandimal,HDRL Thirimanne,YS Chahal,1,0,,,,,,,,,
1109607,2017,2017-08-27,Pallekele International Cricket Stadium,1,19.5,Sri Lanka,India,HDRL Thirimanne,LD Chandimal,YS Chahal,0,0,,,,,,,,,
1109607,2017,2017-08-27,Pallekele International Cricket Stadium,1,19.6,Sri Lanka,India,HDRL Thirimanne,LD Chandimal,YS Chahal,1,0,,,,,,,,,
1109607,2017,2017-08-27,Pallekele International Cricket Stadium,1,20.1,Sri Lanka,India,HDRL Thirimanne,LD Chandimal,AR Patel,1,0,,,,,,,,,
1109607,2017,2017-08-27,Pallekele International Cricket Stadium,1,20.2,Sri Lanka,India,LD Chandimal,HDRL Thirimanne,AR Patel,0,0,,,,,,,,,
1109607,2017,2017-08-27,Pallekele International Cricket Stadium,1,20.3,Sri Lanka,India,LD Chandimal,HDRL Thirimanne,AR Patel,1,0,,,,,,,,,
1109607,2017,2017-08-27,Pallekele International Cricket Stadium,1,20.4,Sri Lanka,India,HDRL Thirimanne,LD Chandimal,AR Patel,0,0,,,,,,,,,
1109607,2017,2017-08-27,Pallekele International Cricket Stadium,1,20.5,Sri Lanka,India,HDRL Thirimanne,LD Chandimal,AR Patel,0,0,,,,,,,,,
1109607,2017,2017-08-27,Pallekele International Cricket Stadium,1,20.6,Sri Lanka,India,HDRL Thirimanne,LD Chandimal,AR Patel,1,0,,,,,,,,,
1109607,2017,2017-08-27,Pallekele International Cricket Stadium,1,21.1,Sri Lanka,India,HDRL Thirimanne,LD Chandimal,YS Chahal,2,0,,,,,,,,,
1109607,2017,2017-08-27,Pallekele International Cricket Stadium,1,21.2,Sri Lanka,India,HDRL Thirimanne,LD Chandimal,YS Chahal,0,0,,,,,,,,,
1109607,2017,2017-08-27,Pallekele International Cricket Stadium,1,21.3,Sri Lanka,India,HDRL Thirimanne,LD Chandimal,YS Chahal,0,0,,,,,,,,,
1109607,2017,2017-08-27,Pallekele International Cricket Stadium,1,21.4,Sri Lanka,India,HDRL Thirimanne,LD Chandimal,YS Chahal,0,0,,,,,,,,,
1109607,2017,2017-08-27,Pallekele International Cricket Stadium,1,21.5,Sri Lanka,India,HDRL Thirimanne,LD Chandimal,YS Chahal,1,0,,,,,,,,,
1109607,2017,2017-08-27,Pallekele International Cricket Stadium,1,21.6,Sri Lanka,India,LD Chandimal,HDRL Thirimanne,YS Chahal,0,0,,,,,,,,,
1109607,2017,2017-08-27,Pallekele International Cricket Stadium,1,22.1,Sri Lanka,India,HDRL Thirimanne,LD Chandimal,AR Patel,0,0,,,,,,,,,
1109607,2017,2017-08-27,Pallekele International Cricket Stadium,1,22.2,Sri Lanka,India,HDRL Thirimanne,LD Chandimal,AR Patel,0,0,,,,,,,,,
1109607,2017,2017-08-27,Pallekele International Cricket Stadium,1,22.3,Sri Lanka,India,HDRL Thirimanne,LD Chandimal,AR Patel,2,0,,,,,,,,,
1109607,2017,2017-08-27,Pallekele International Cricket Stadium,1,22.4,Sri Lanka,India,HDRL Thirimanne,LD Chandimal,AR Patel,0,0,,,,,,,,,
1109607,2017,2017-08-27,Pallekele International Cricket Stadium,1,22.5,Sri Lanka,India,HDRL Thirimanne,LD Chandimal,AR Patel,1,0,,,,,,,,,
1109607,2017,2017-08-27,Pallekele International Cricket Stadium,1,22.6,Sri Lanka,India,LD Chandimal,HDRL Thirimanne,AR Patel,0,0,,,,,,,,,
1109607,2017,2017-08-27,Pallekele International Cricket Stadium,1,23.1,Sri Lanka,India,HDRL Thirimanne,LD Chandimal,HH Pandya,0,1,1,,,,,,,,
1109607,2017,2017-08-27,Pallekele International Cricket Stadium,1,23.2,Sri Lanka,India,HDRL Thirimanne,LD Chandimal,HH Pandya,0,0,,,,,,,,,
1109607,2017,2017-08-27,Pallekele International Cricket Stadium,1,23.3,Sri Lanka,India,HDRL Thirimanne,LD Chandimal,HH Pandya,1,0,,,,,,,,,
1109607,2017,2017-08-27,Pallekele International Cricket Stadium,1,23.4,Sri Lanka,India,LD Chandimal,HDRL Thirimanne,HH Pandya,0,0,,,,,,,,,
1109607,2017,2017-08-27,Pallekele International Cricket Stadium,1,23.5,Sri Lanka,India,LD Chandimal,HDRL Thirimanne,HH Pandya,2,0,,,,,,,,,
1109607,2017,2017-08-27,Pallekele International Cricket Stadium,1,23.6,Sri Lanka,India,LD Chandimal,HDRL Thirimanne,HH Pandya,0,0,,,,,,,,,
1109607,2017,2017-08-27,Pallekele International Cricket Stadium,1,23.7,Sri Lanka,India,LD Chandimal,HDRL Thirimanne,HH Pandya,4,0,,,,,,,,,
1109607,2017,2017-08-27,Pallekele International Cricket Stadium,1,24.1,Sri Lanka,India,HDRL Thirimanne,LD Chandimal,AR Patel,1,0,,,,,,,,,
1109607,2017,2017-08-27,Pallekele International Cricket Stadium,1,24.2,Sri Lanka,India,LD Chandimal,HDRL Thirimanne,AR Patel,0,0,,,,,,,,,
1109607,2017,2017-08-27,Pallekele International Cricket Stadium,1,24.3,Sri Lanka,India,LD Chandimal,HDRL Thirimanne,AR Patel,0,0,,,,,,,,,
1109607,2017,2017-08-27,Pallekele International Cricket Stadium,1,24.4,Sri Lanka,India,LD Chandimal,HDRL Thirimanne,AR Patel,0,0,,,,,,,,,
1109607,2017,2017-08-27,Pallekele International Cricket Stadium,1,24.5,Sri Lanka,India,LD Chandimal,HDRL Thirimanne,AR Patel,0,0,,,,,,,,,
1109607,2017,2017-08-27,Pallekele International Cricket Stadium,1,24.6,Sri Lanka,India,LD Chandimal,HDRL Thirimanne,AR Patel,0,0,,,,,,,,,
1109607,2017,2017-08-27,Pallekele International Cricket Stadium,1,25.1,Sri Lanka,India,HDRL Thirimanne,LD Chandimal,HH Pandya,1,0,,,,,,,,,
1109607,2017,2017-08-27,Pallekele International Cricket Stadium,1,25.2,Sri Lanka,India,LD Chandimal,HDRL Thirimanne,HH Pandya,1,0,,,,,,,,,
1109607,2017,2017-08-27,Pallekele International Cricket Stadium,1,25.3,Sri Lanka,India,HDRL Thirimanne,LD Chandimal,HH Pandya,1,0,,,,,,,,,
1109607,2017,2017-08-27,Pallekele International Cricket Stadium,1,25.4,Sri Lanka,India,LD Chandimal,HDRL Thirimanne,HH Pandya,0,0,,,,,,caught,LD Chandimal,,
1109607,2017,2017-08-27,Pallekele International Cricket Stadium,1,25.5,Sri Lanka,India,HDRL Thirimanne,AD Mathews,HH Pandya,1,0,,,,,,,,,
1109607,2017,2017-08-27,Pallekele International Cricket Stadium,1,25.6,Sri Lanka,India,AD Mathews,HDRL Thirimanne,HH Pandya,0,1,,,,1,,,,,
1109607,2017,2017-08-27,Pallekele International Cricket Stadium,1,26.1,Sri Lanka,India,AD Mathews,HDRL Thirimanne,AR Patel,0,0,,,,,,,,,
1109607,2017,2017-08-27,Pallekele International Cricket Stadium,1,26.2,Sri Lanka,India,AD Mathews,HDRL Thirimanne,AR Patel,0,0,,,,,,,,,
1109607,2017,2017-08-27,Pallekele International Cricket Stadium,1,26.3,Sri Lanka,India,AD Mathews,HDRL Thirimanne,AR Patel,0,0,,,,,,,,,
1109607,2017,2017-08-27,Pallekele International Cricket Stadium,1,26.4,Sri Lanka,India,AD Mathews,HDRL Thirimanne,AR Patel,0,0,,,,,,,,,
1109607,2017,2017-08-27,Pallekele International Cricket Stadium,1,26.5,Sri Lanka,India,AD Mathews,HDRL Thirimanne,AR Patel,0,0,,,,,,,,,
1109607,2017,2017-08-27,Pallekele International Cricket Stadium,1,26.6,Sri Lanka,India,AD Mathews,HDRL Thirimanne,AR Patel,0,0,,,,,,,,,
1109607,2017,2017-08-27,Pallekele International Cricket Stadium,1,27.1,Sri Lanka,India,HDRL Thirimanne,AD Mathews,HH Pandya,0,0,,,,,,,,,
1109607,2017,2017-08-27,Pallekele International Cricket Stadium,1,27.2,Sri Lanka,India,HDRL Thirimanne,AD Mathews,HH Pandya,0,0,,,,,,,,,
1109607,2017,2017-08-27,Pallekele International Cricket Stadium,1,27.3,Sri Lanka,India,HDRL Thirimanne,AD Mathews,HH Pandya,0,0,,,,,,,,,
1109607,2017,2017-08-27,Pallekele International Cricket Stadium,1,27.4,Sri Lanka,India,HDRL Thirimanne,AD Mathews,HH Pandya,4,0,,,,,,,,,
1109607,2017,2017-08-27,Pallekele International Cricket Stadium,1,27.5,Sri Lanka,India,HDRL Thirimanne,AD Mathews,HH Pandya,1,0,,,,,,,,,
1109607,2017,2017-08-27,Pallekele International Cricket Stadium,1,27.6,Sri Lanka,India,AD Mathews,HDRL Thirimanne,HH Pandya,0,0,,,,,,,,,
1109607,2017,2017-08-27,Pallekele International Cricket Stadium,1,28.1,Sri Lanka,India,HDRL Thirimanne,AD Mathews,AR Patel,0,0,,,,,,,,,
1109607,2017,2017-08-27,Pallekele International Cricket Stadium,1,28.2,Sri Lanka,India,HDRL Thirimanne,AD Mathews,AR Patel,1,0,,,,,,,,,
1109607,2017,2017-08-27,Pallekele International Cricket Stadium,1,28.3,Sri Lanka,India,AD Mathews,HDRL Thirimanne,AR Patel,0,0,,,,,,,,,
1109607,2017,2017-08-27,Pallekele International Cricket Stadium,1,28.4,Sri Lanka,India,AD Mathews,HDRL Thirimanne,AR Patel,1,0,,,,,,,,,
1109607,2017,2017-08-27,Pallekele International Cricket Stadium,1,28.5,Sri Lanka,India,HDRL Thirimanne,AD Mathews,AR Patel,0,0,,,,,,,,,
1109607,2017,2017-08-27,Pallekele International Cricket Stadium,1,28.6,Sri Lanka,India,HDRL Thirimanne,AD Mathews,AR Patel,1,0,,,,,,,,,
1109607,2017,2017-08-27,Pallekele International Cricket Stadium,1,29.1,Sri Lanka,India,HDRL Thirimanne,AD Mathews,HH Pandya,1,0,,,,,,,,,
1109607,2017,2017-08-27,Pallekele International Cricket Stadium,1,29.2,Sri Lanka,India,AD Mathews,HDRL Thirimanne,HH Pandya,0,0,,,,,,,,,
1109607,2017,2017-08-27,Pallekele International Cricket Stadium,1,29.3,Sri Lanka,India,AD Mathews,HDRL Thirimanne,HH Pandya,0,0,,,,,,,,,
1109607,2017,2017-08-27,Pallekele International Cricket Stadium,1,29.4,Sri Lanka,India,AD Mathews,HDRL Thirimanne,HH Pandya,0,0,,,,,,,,,
1109607,2017,2017-08-27,Pallekele International Cricket Stadium,1,29.5,Sri Lanka,India,AD Mathews,HDRL Thirimanne,HH Pandya,1,0,,,,,,,,,
1109607,2017,2017-08-27,Pallekele International Cricket Stadium,1,29.6,Sri Lanka,India,HDRL Thirimanne,AD Mathews,HH Pandya,1,0,,,,,,,,,
1109607,2017,2017-08-27,Pallekele International Cricket Stadium,1,30.1,Sri Lanka,India,HDRL Thirimanne,AD Mathews,AR Patel,1,0,,,,,,,,,
1109607,2017,2017-08-27,Pallekele International Cricket Stadium,1,30.2,Sri Lanka,India,AD Mathews,HDRL Thirimanne,AR Patel,0,0,,,,,,,,,
1109607,2017,2017-08-27,Pallekele International Cricket Stadium,1,30.3,Sri Lanka,India,AD Mathews,HDRL Thirimanne,AR Patel,1,0,,,,,,,,,
1109607,2017,2017-08-27,Pallekele International Cricket Stadium,1,30.4,Sri Lanka,India,HDRL Thirimanne,AD Mathews,AR Patel,0,0,,,,,,,,,
1109607,2017,2017-08-27,Pallekele International Cricket Stadium,1,30.5,Sri Lanka,India,HDRL Thirimanne,AD Mathews,AR Patel,0,0,,,,,,,,,
1109607,2017,2017-08-27,Pallekele International Cricket Stadium,1,30.6,Sri Lanka,India,HDRL Thirimanne,AD Mathews,AR Patel,2,0,,,,,,,,,
1109607,2017,2017-08-27,Pallekele International Cricket Stadium,1,31.1,Sri Lanka,India,AD Mathews,HDRL Thirimanne,YS Chahal,0,0,,,,,,,,,
1109607,2017,2017-08-27,Pallekele International Cricket Stadium,1,31.2,Sri Lanka,India,AD Mathews,HDRL Thirimanne,YS Chahal,1,0,,,,,,,,,
1109607,2017,2017-08-27,Pallekele International Cricket Stadium,1,31.3,Sri Lanka,India,HDRL Thirimanne,AD Mathews,YS Chahal,1,0,,,,,,,,,
1109607,2017,2017-08-27,Pallekele International Cricket Stadium,1,31.4,Sri Lanka,India,AD Mathews,HDRL Thirimanne,YS Chahal,4,0,,,,,,,,,
1109607,2017,2017-08-27,Pallekele International Cricket Stadium,1,31.5,Sri Lanka,India,AD Mathews,HDRL Thirimanne,YS Chahal,1,0,,,,,,,,,
1109607,2017,2017-08-27,Pallekele International Cricket Stadium,1,31.6,Sri Lanka,India,HDRL Thirimanne,AD Mathews,YS Chahal,1,0,,,,,,,,,
1109607,2017,2017-08-27,Pallekele International Cricket Stadium,1,32.1,Sri Lanka,India,HDRL Thirimanne,AD Mathews,KM Jadhav,0,0,,,,,,,,,
1109607,2017,2017-08-27,Pallekele International Cricket Stadium,1,32.2,Sri Lanka,India,HDRL Thirimanne,AD Mathews,KM Jadhav,0,0,,,,,,,,,
1109607,2017,2017-08-27,Pallekele International Cricket Stadium,1,32.3,Sri Lanka,India,HDRL Thirimanne,AD Mathews,KM Jadhav,0,0,,,,,,,,,
1109607,2017,2017-08-27,Pallekele International Cricket Stadium,1,32.4,Sri Lanka,India,HDRL Thirimanne,AD Mathews,KM Jadhav,0,0,,,,,,,,,
1109607,2017,2017-08-27,Pallekele International Cricket Stadium,1,32.5,Sri Lanka,India,HDRL Thirimanne,AD Mathews,KM Jadhav,0,0,,,,,,,,,
1109607,2017,2017-08-27,Pallekele International Cricket Stadium,1,32.6,Sri Lanka,India,HDRL Thirimanne,AD Mathews,KM Jadhav,1,0,,,,,,,,,
1109607,2017,2017-08-27,Pallekele International Cricket Stadium,1,33.1,Sri Lanka,India,HDRL Thirimanne,AD Mathews,YS Chahal,0,0,,,,,,,,,
1109607,2017,2017-08-27,Pallekele International Cricket Stadium,1,33.2,Sri Lanka,India,HDRL Thirimanne,AD Mathews,YS Chahal,0,0,,,,,,,,,
1109607,2017,2017-08-27,Pallekele International Cricket Stadium,1,33.3,Sri Lanka,India,HDRL Thirimanne,AD Mathews,YS Chahal,6,0,,,,,,,,,
1109607,2017,2017-08-27,Pallekele International Cricket Stadium,1,33.4,Sri Lanka,India,HDRL Thirimanne,AD Mathews,YS Chahal,1,0,,,,,,,,,
1109607,2017,2017-08-27,Pallekele International Cricket Stadium,1,33.5,Sri Lanka,India,AD Mathews,HDRL Thirimanne,YS Chahal,1,0,,,,,,,,,
1109607,2017,2017-08-27,Pallekele International Cricket Stadium,1,33.6,Sri Lanka,India,HDRL Thirimanne,AD Mathews,YS Chahal,1,0,,,,,,,,,
1109607,2017,2017-08-27,Pallekele International Cricket Stadium,1,34.1,Sri Lanka,India,HDRL Thirimanne,AD Mathews,KM Jadhav,1,0,,,,,,,,,
1109607,2017,2017-08-27,Pallekele International Cricket Stadium,1,34.2,Sri Lanka,India,AD Mathews,HDRL Thirimanne,KM Jadhav,1,0,,,,,,,,,
1109607,2017,2017-08-27,Pallekele International Cricket Stadium,1,34.3,Sri Lanka,India,HDRL Thirimanne,AD Mathews,KM Jadhav,1,0,,,,,,,,,
1109607,2017,2017-08-27,Pallekele International Cricket Stadium,1,34.4,Sri Lanka,India,AD Mathews,HDRL Thirimanne,KM Jadhav,0,0,,,,,,lbw,AD Mathews,,
1109607,2017,2017-08-27,Pallekele International Cricket Stadium,1,34.5,Sri Lanka,India,CK Kapugedera,HDRL Thirimanne,KM Jadhav,0,1,1,,,,,,,,
1109607,2017,2017-08-27,Pallekele International Cricket Stadium,1,34.6,Sri Lanka,India,CK Kapugedera,HDRL Thirimanne,KM Jadhav,1,0,,,,,,,,,
1109607,2017,2017-08-27,Pallekele International Cricket Stadium,1,34.7,Sri Lanka,India,HDRL Thirimanne,CK Kapugedera,KM Jadhav,0,0,,,,,,,,,
1109607,2017,2017-08-27,Pallekele International Cricket Stadium,1,35.1,Sri Lanka,India,CK Kapugedera,HDRL Thirimanne,AR Patel,0,0,,,,,,,,,
1109607,2017,2017-08-27,Pallekele International Cricket Stadium,1,35.2,Sri Lanka,India,CK Kapugedera,HDRL Thirimanne,AR Patel,0,0,,,,,,,,,
1109607,2017,2017-08-27,Pallekele International Cricket Stadium,1,35.3,Sri Lanka,India,CK Kapugedera,HDRL Thirimanne,AR Patel,1,0,,,,,,,,,
1109607,2017,2017-08-27,Pallekele International Cricket Stadium,1,35.4,Sri Lanka,India,HDRL Thirimanne,CK Kapugedera,AR Patel,1,0,,,,,,,,,
1109607,2017,2017-08-27,Pallekele International Cricket Stadium,1,35.5,Sri Lanka,India,CK Kapugedera,HDRL Thirimanne,AR Patel,0,0,,,,,,,,,
1109607,2017,2017-08-27,Pallekele International Cricket Stadium,1,35.6,Sri Lanka,India,CK Kapugedera,HDRL Thirimanne,AR Patel,0,0,,,,,,,,,
1109607,2017,2017-08-27,Pallekele International Cricket Stadium,1,36.1,Sri Lanka,India,HDRL Thirimanne,CK Kapugedera,KM Jadhav,1,0,,,,,,,,,
1109607,2017,2017-08-27,Pallekele International Cricket Stadium,1,36.2,Sri Lanka,India,CK Kapugedera,HDRL Thirimanne,KM Jadhav,1,0,,,,,,,,,
1109607,2017,2017-08-27,Pallekele International Cricket Stadium,1,36.3,Sri Lanka,India,HDRL Thirimanne,CK Kapugedera,KM Jadhav,0,0,,,,,,,,,
1109607,2017,2017-08-27,Pallekele International Cricket Stadium,1,36.4,Sri Lanka,India,HDRL Thirimanne,CK Kapugedera,KM Jadhav,2,0,,,,,,,,,
1109607,2017,2017-08-27,Pallekele International Cricket Stadium,1,36.5,Sri Lanka,India,HDRL Thirimanne,CK Kapugedera,KM Jadhav,2,0,,,,,,,,,
1109607,2017,2017-08-27,Pallekele International Cricket Stadium,1,36.6,Sri Lanka,India,HDRL Thirimanne,CK Kapugedera,KM Jadhav,0,1,,,,1,,,,,
1109607,2017,2017-08-27,Pallekele International Cricket Stadium,1,37.1,Sri Lanka,India,HDRL Thirimanne,CK Kapugedera,JJ Bumrah,0,0,,,,,,,,,
1109607,2017,2017-08-27,Pallekele International Cricket Stadium,1,37.2,Sri Lanka,India,HDRL Thirimanne,CK Kapugedera,JJ Bumrah,0,0,,,,,,,,,
1109607,2017,2017-08-27,Pallekele International Cricket Stadium,1,37.3,Sri Lanka,India,HDRL Thirimanne,CK Kapugedera,JJ Bumrah,0,0,,,,,,,,,
1109607,2017,2017-08-27,Pallekele International Cricket Stadium,1,37.4,Sri Lanka,India,HDRL Thirimanne,CK Kapugedera,JJ Bumrah,1,0,,,,,,,,,
1109607,2017,2017-08-27,Pallekele International Cricket Stadium,1,37.5,Sri Lanka,India,CK Kapugedera,HDRL Thirimanne,JJ Bumrah,0,0,,,,,,,,,
1109607,2017,2017-08-27,Pallekele International Cricket Stadium,1,37.6,Sri Lanka,India,CK Kapugedera,HDRL Thirimanne,JJ Bumrah,0,0,,,,,,,,,
1109607,2017,2017-08-27,Pallekele International Cricket Stadium,1,38.1,Sri Lanka,India,HDRL Thirimanne,CK Kapugedera,AR Patel,4,0,,,,,,,,,
1109607,2017,2017-08-27,Pallekele International Cricket Stadium,1,38.2,Sri Lanka,India,HDRL Thirimanne,CK Kapugedera,AR Patel,0,0,,,,,,,,,
1109607,2017,2017-08-27,Pallekele International Cricket Stadium,1,38.3,Sri Lanka,India,HDRL Thirimanne,CK Kapugedera,AR Patel,1,0,,,,,,,,,
1109607,2017,2017-08-27,Pallekele International Cricket Stadium,1,38.4,Sri Lanka,India,CK Kapugedera,HDRL Thirimanne,AR Patel,1,0,,,,,,,,,
1109607,2017,2017-08-27,Pallekele International Cricket Stadium,1,38.5,Sri Lanka,India,HDRL Thirimanne,CK Kapugedera,AR Patel,1,0,,,,,,,,,
1109607,2017,2017-08-27,Pallekele International Cricket Stadium,1,38.6,Sri Lanka,India,CK Kapugedera,HDRL Thirimanne,AR Patel,1,0,,,,,,,,,
1109607,2017,2017-08-27,Pallekele International Cricket Stadium,1,39.1,Sri Lanka,India,CK Kapugedera,HDRL Thirimanne,JJ Bumrah,0,0,,,,,,,,,
1109607,2017,2017-08-27,Pallekele International Cricket Stadium,1,39.2,Sri Lanka,India,CK Kapugedera,HDRL Thirimanne,JJ Bumrah,1,0,,,,,,,,,
1109607,2017,2017-08-27,Pallekele International Cricket Stadium,1,39.3,Sri Lanka,India,HDRL Thirimanne,CK Kapugedera,JJ Bumrah,0,0,,,,,,caught,HDRL Thirimanne,,
1109607,2017,2017-08-27,Pallekele International Cricket Stadium,1,39.4,Sri Lanka,India,TAM Siriwardana,CK Kapugedera,JJ Bumrah,0,0,,,,,,,,,
1109607,2017,2017-08-27,Pallekele International Cricket Stadium,1,39.5,Sri Lanka,India,TAM Siriwardana,CK Kapugedera,JJ Bumrah,0,0,,,,,,,,,
1109607,2017,2017-08-27,Pallekele International Cricket Stadium,1,39.6,Sri Lanka,India,TAM Siriwardana,CK Kapugedera,JJ Bumrah,0,0,,,,,,,,,
1109607,2017,2017-08-27,Pallekele International Cricket Stadium,1,40.1,Sri Lanka,India,CK Kapugedera,TAM Siriwardana,B Kumar,0,0,,,,,,,,,
1109607,2017,2017-08-27,Pallekele International Cricket Stadium,1,40.2,Sri Lanka,India,CK Kapugedera,TAM Siriwardana,B Kumar,0,0,,,,,,,,,
1109607,2017,2017-08-27,Pallekele International Cricket Stadium,1,40.3,Sri Lanka,India,CK Kapugedera,TAM Siriwardana,B Kumar,1,0,,,,,,,,,
1109607,2017,2017-08-27,Pallekele International Cricket Stadium,1,40.4,Sri Lanka,India,TAM Siriwardana,CK Kapugedera,B Kumar,1,0,,,,,,,,,
1109607,2017,2017-08-27,Pallekele International Cricket Stadium,1,40.5,Sri Lanka,India,CK Kapugedera,TAM Siriwardana,B Kumar,0,0,,,,,,,,,
1109607,2017,2017-08-27,Pallekele International Cricket Stadium,1,40.6,Sri Lanka,India,CK Kapugedera,TAM Siriwardana,B Kumar,4,0,,,,,,,,,
1109607,2017,2017-08-27,Pallekele International Cricket Stadium,1,41.1,Sri Lanka,India,TAM Siriwardana,CK Kapugedera,AR Patel,4,0,,,,,,,,,
1109607,2017,2017-08-27,Pallekele International Cricket Stadium,1,41.2,Sri Lanka,India,TAM Siriwardana,CK Kapugedera,AR Patel,0,1,1,,,,,,,,
1109607,2017,2017-08-27,Pallekele International Cricket Stadium,1,41.3,Sri Lanka,India,TAM Siriwardana,CK Kapugedera,AR Patel,0,0,,,,,,,,,
1109607,2017,2017-08-27,Pallekele International Cricket Stadium,1,41.4,Sri Lanka,India,TAM Siriwardana,CK Kapugedera,AR Patel,0,0,,,,,,,,,
1109607,2017,2017-08-27,Pallekele International Cricket Stadium,1,41.5,Sri Lanka,India,TAM Siriwardana,CK Kapugedera,AR Patel,2,0,,,,,,,,,
1109607,2017,2017-08-27,Pallekele International Cricket Stadium,1,41.6,Sri Lanka,India,TAM Siriwardana,CK Kapugedera,AR Patel,0,0,,,,,,,,,
1109607,2017,2017-08-27,Pallekele International Cricket Stadium,1,41.7,Sri Lanka,India,TAM Siriwardana,CK Kapugedera,AR Patel,1,0,,,,,,,,,
1109607,2017,2017-08-27,Pallekele International Cricket Stadium,1,42.1,Sri Lanka,India,TAM Siriwardana,CK Kapugedera,YS Chahal,0,0,,,,,,,,,
1109607,2017,2017-08-27,Pallekele International Cricket Stadium,1,42.2,Sri Lanka,India,TAM Siriwardana,CK Kapugedera,YS Chahal,1,0,,,,,,,,,
1109607,2017,2017-08-27,Pallekele International Cricket Stadium,1,42.3,Sri Lanka,India,CK Kapugedera,TAM Siriwardana,YS Chahal,1,0,,,,,,,,,
1109607,2017,2017-08-27,Pallekele International Cricket Stadium,1,42.4,Sri Lanka,India,TAM Siriwardana,CK Kapugedera,YS Chahal,1,0,,,,,,,,,
1109607,2017,2017-08-27,Pallekele International Cricket Stadium,1,42.5,Sri Lanka,India,CK Kapugedera,TAM Siriwardana,YS Chahal,1,0,,,,,,,,,
1109607,2017,2017-08-27,Pallekele International Cricket Stadium,1,42.6,Sri Lanka,India,TAM Siriwardana,CK Kapugedera,YS Chahal,1,0,,,,,,,,,
1109607,2017,2017-08-27,Pallekele International Cricket Stadium,1,43.1,Sri Lanka,India,TAM Siriwardana,CK Kapugedera,AR Patel,0,0,,,,,,,,,
1109607,2017,2017-08-27,Pallekele International Cricket Stadium,1,43.2,Sri Lanka,India,TAM Siriwardana,CK Kapugedera,AR Patel,1,0,,,,,,,,,
1109607,2017,2017-08-27,Pallekele International Cricket Stadium,1,43.3,Sri Lanka,India,CK Kapugedera,TAM Siriwardana,AR Patel,1,0,,,,,,,,,
1109607,2017,2017-08-27,Pallekele International Cricket Stadium,1,43.4,Sri Lanka,India,TAM Siriwardana,CK Kapugedera,AR Patel,0,0,,,,,,,,,
1109607,2017,2017-08-27,Pallekele International Cricket Stadium,1,43.5,Sri Lanka,India,TAM Siriwardana,CK Kapugedera,AR Patel,1,0,,,,,,,,,
1109607,2017,2017-08-27,Pallekele International Cricket Stadium,1,43.6,Sri Lanka,India,CK Kapugedera,TAM Siriwardana,AR Patel,0,0,,,,,,bowled,CK Kapugedera,,
1109607,2017,2017-08-27,Pallekele International Cricket Stadium,1,44.1,Sri Lanka,India,TAM Siriwardana,A Dananjaya,YS Chahal,1,0,,,,,,,,,
1109607,2017,2017-08-27,Pallekele International Cricket Stadium,1,44.2,Sri Lanka,India,A Dananjaya,TAM Siriwardana,YS Chahal,1,0,,,,,,,,,
1109607,2017,2017-08-27,Pallekele International Cricket Stadium,1,44.3,Sri Lanka,India,TAM Siriwardana,A Dananjaya,YS Chahal,4,0,,,,,,,,,
1109607,2017,2017-08-27,Pallekele International Cricket Stadium,1,44.4,Sri Lanka,India,TAM Siriwardana,A Dananjaya,YS Chahal,1,0,,,,,,,,,
1109607,2017,2017-08-27,Pallekele International Cricket Stadium,1,44.5,Sri Lanka,India,A Dananjaya,TAM Siriwardana,YS Chahal,1,0,,,,,,,,,
1109607,2017,2017-08-27,Pallekele International Cricket Stadium,1,44.6,Sri Lanka,India,TAM Siriwardana,A Dananjaya,YS Chahal,1,0,,,,,,,,,
1109607,2017,2017-08-27,Pallekele International Cricket Stadium,1,45.1,Sri Lanka,India,TAM Siriwardana,A Dananjaya,JJ Bumrah,1,0,,,,,,,,,
1109607,2017,2017-08-27,Pallekele International Cricket Stadium,1,45.2,Sri Lanka,India,A Dananjaya,TAM Siriwardana,JJ Bumrah,0,0,,,,,,,,,
1109607,2017,2017-08-27,Pallekele International Cricket Stadium,1,45.3,Sri Lanka,India,A Dananjaya,TAM Siriwardana,JJ Bumrah,0,0,,,,,,,,,
1109607,2017,2017-08-27,Pallekele International Cricket Stadium,1,45.4,Sri Lanka,India,A Dananjaya,TAM Siriwardana,JJ Bumrah,0,0,,,,,,,,,
1109607,2017,2017-08-27,Pallekele International Cricket Stadium,1,45.5,Sri Lanka,India,A Dananjaya,TAM Siriwardana,JJ Bumrah,0,0,,,,,,bowled,A Dananjaya,,
1109607,2017,2017-08-27,Pallekele International Cricket Stadium,1,45.6,Sri Lanka,India,PVD Chameera,TAM Siriwardana,JJ Bumrah,1,0,,,,,,,,,
1109607,2017,2017-08-27,Pallekele International Cricket Stadium,1,46.1,Sri Lanka,India,PVD Chameera,TAM Siriwardana,B Kumar,0,0,,,,,,,,,
1109607,2017,2017-08-27,Pallekele International Cricket Stadium,1,46.2,Sri Lanka,India,PVD Chameera,TAM Siriwardana,B Kumar,0,0,,,,,,,,,
1109607,2017,2017-08-27,Pallekele International Cricket Stadium,1,46.3,Sri Lanka,India,PVD Chameera,TAM Siriwardana,B Kumar,0,0,,,,,,,,,
1109607,2017,2017-08-27,Pallekele International Cricket Stadium,1,46.4,Sri Lanka,India,PVD Chameera,TAM Siriwardana,B Kumar,0,0,,,,,,,,,
1109607,2017,2017-08-27,Pallekele International Cricket Stadium,1,46.5,Sri Lanka,India,PVD Chameera,TAM Siriwardana,B Kumar,0,0,,,,,,,,,
1109607,2017,2017-08-27,Pallekele International Cricket Stadium,1,46.6,Sri Lanka,India,PVD Chameera,TAM Siriwardana,B Kumar,0,0,,,,,,,,,
1109607,2017,2017-08-27,Pallekele International Cricket Stadium,1,47.1,Sri Lanka,India,TAM Siriwardana,PVD Chameera,JJ Bumrah,0,0,,,,,,,,,
1109607,2017,2017-08-27,Pallekele International Cricket Stadium,1,47.2,Sri Lanka,India,TAM Siriwardana,PVD Chameera,JJ Bumrah,4,0,,,,,,,,,
1109607,2017,2017-08-27,Pallekele International Cricket Stadium,1,47.3,Sri Lanka,India,TAM Siriwardana,PVD Chameera,JJ Bumrah,4,0,,,,,,,,,
1109607,2017,2017-08-27,Pallekele International Cricket Stadium,1,47.4,Sri Lanka,India,TAM Siriwardana,PVD Chameera,JJ Bumrah,0,1,1,,,,,,,,
1109607,2017,2017-08-27,Pallekele International Cricket Stadium,1,47.5,Sri Lanka,India,TAM Siriwardana,PVD Chameera,JJ Bumrah,0,0,,,,,,bowled,TAM Siriwardana,,
1109607,2017,2017-08-27,Pallekele International Cricket Stadium,1,47.6,Sri Lanka,India,MVT Fernando,PVD Chameera,JJ Bumrah,2,0,,,,,,,,,
1109607,2017,2017-08-27,Pallekele International Cricket Stadium,1,47.7,Sri Lanka,India,MVT Fernando,PVD Chameera,JJ Bumrah,0,0,,,,,,,,,
1109607,2017,2017-08-27,Pallekele International Cricket Stadium,1,48.1,Sri Lanka,India,PVD Chameera,MVT Fernando,B Kumar,4,0,,,,,,,,,
1109607,2017,2017-08-27,Pallekele International Cricket Stadium,1,48.2,Sri Lanka,India,PVD Chameera,MVT Fernando,B Kumar,1,0,,,,,,,,,
1109607,2017,2017-08-27,Pallekele International Cricket Stadium,1,48.3,Sri Lanka,India,MVT Fernando,PVD Chameera,B Kumar,1,0,,,,,,,,,
1109607,2017,2017-08-27,Pallekele International Cricket Stadium,1,48.4,Sri Lanka,India,PVD Chameera,MVT Fernando,B Kumar,0,0,,,,,,,,,
1109607,2017,2017-08-27,Pallekele International Cricket Stadium,1,48.5,Sri Lanka,India,PVD Chameera,MVT Fernando,B Kumar,0,1,1,,,,,run out,PVD Chameera,,
1109607,2017,2017-08-27,Pallekele International Cricket Stadium,1,48.6,Sri Lanka,India,MVT Fernando,SL Malinga,B Kumar,0,0,,,,,,,,,
1109607,2017,2017-08-27,Pallekele International Cricket Stadium,1,48.7,Sri Lanka,India,MVT Fernando,SL Malinga,B Kumar,0,0,,,,,,,,,
1109607,2017,2017-08-27,Pallekele International Cricket Stadium,1,49.1,Sri Lanka,India,SL Malinga,MVT Fernando,JJ Bumrah,0,0,,,,,,,,,
1109607,2017,2017-08-27,Pallekele International Cricket Stadium,1,49.2,Sri Lanka,India,SL Malinga,MVT Fernando,JJ Bumrah,0,0,,,,,,,,,
1109607,2017,2017-08-27,Pallekele International Cricket Stadium,1,49.3,Sri Lanka,India,SL Malinga,MVT Fernando,JJ Bumrah,0,0,,,,,,,,,
1109607,2017,2017-08-27,Pallekele International Cricket Stadium,1,49.4,Sri Lanka,India,SL Malinga,MVT Fernando,JJ Bumrah,0,4,,,4,,,,,,
1109607,2017,2017-08-27,Pallekele International Cricket Stadium,1,49.5,Sri Lanka,India,SL Malinga,MVT Fernando,JJ Bumrah,1,0,,,,,,,,,
1109607,2017,2017-08-27,Pallekele International Cricket Stadium,1,49.6,Sri Lanka,India,MVT Fernando,SL Malinga,JJ Bumrah,2,0,,,,,,,,,
1109607,2017,2017-08-27,Pallekele International Cricket Stadium,2,0.1,India,Sri Lanka,RG Sharma,S Dhawan,SL Malinga,0,0,,,,,,,,,
1109607,2017,2017-08-27,Pallekele International Cricket Stadium,2,0.2,India,Sri Lanka,RG Sharma,S Dhawan,SL Malinga,0,0,,,,,,,,,
1109607,2017,2017-08-27,Pallekele International Cricket Stadium,2,0.3,India,Sri Lanka,RG Sharma,S Dhawan,SL Malinga,4,0,,,,,,,,,
1109607,2017,2017-08-27,Pallekele International Cricket Stadium,2,0.4,India,Sri Lanka,RG Sharma,S Dhawan,SL Malinga,0,0,,,,,,,,,
1109607,2017,2017-08-27,Pallekele International Cricket Stadium,2,0.5,India,Sri Lanka,RG Sharma,S Dhawan,SL Malinga,0,0,,,,,,,,,
1109607,2017,2017-08-27,Pallekele International Cricket Stadium,2,0.6,India,Sri Lanka,RG Sharma,S Dhawan,SL Malinga,0,0,,,,,,,,,
1109607,2017,2017-08-27,Pallekele International Cricket Stadium,2,1.1,India,Sri Lanka,S Dhawan,RG Sharma,MVT Fernando,4,0,,,,,,,,,
1109607,2017,2017-08-27,Pallekele International Cricket Stadium,2,1.2,India,Sri Lanka,S Dhawan,RG Sharma,MVT Fernando,1,0,,,,,,,,,
1109607,2017,2017-08-27,Pallekele International Cricket Stadium,2,1.3,India,Sri Lanka,RG Sharma,S Dhawan,MVT Fernando,0,0,,,,,,,,,
1109607,2017,2017-08-27,Pallekele International Cricket Stadium,2,1.4,India,Sri Lanka,RG Sharma,S Dhawan,MVT Fernando,0,0,,,,,,,,,
1109607,2017,2017-08-27,Pallekele International Cricket Stadium,2,1.5,India,Sri Lanka,RG Sharma,S Dhawan,MVT Fernando,0,0,,,,,,,,,
1109607,2017,2017-08-27,Pallekele International Cricket Stadium,2,1.6,India,Sri Lanka,RG Sharma,S Dhawan,MVT Fernando,0,0,,,,,,,,,
1109607,2017,2017-08-27,Pallekele International Cricket Stadium,2,2.1,India,Sri Lanka,S Dhawan,RG Sharma,SL Malinga,0,0,,,,,,bowled,S Dhawan,,
1109607,2017,2017-08-27,Pallekele International Cricket Stadium,2,2.2,India,Sri Lanka,V Kohli,RG Sharma,SL Malinga,1,0,,,,,,,,,
1109607,2017,2017-08-27,Pallekele International Cricket Stadium,2,2.3,India,Sri Lanka,RG Sharma,V Kohli,SL Malinga,0,0,,,,,,,,,
1109607,2017,2017-08-27,Pallekele International Cricket Stadium,2,2.4,India,Sri Lanka,RG Sharma,V Kohli,SL Malinga,0,0,,,,,,,,,
1109607,2017,2017-08-27,Pallekele International Cricket Stadium,2,2.5,India,Sri Lanka,RG Sharma,V Kohli,SL Malinga,0,0,,,,,,,,,
1109607,2017,2017-08-27,Pallekele International Cricket Stadium,2,2.6,India,Sri Lanka,RG Sharma,V Kohli,SL Malinga,0,0,,,,,,,,,
1109607,2017,2017-08-27,Pallekele International Cricket Stadium,2,3.1,India,Sri Lanka,V Kohli,RG Sharma,MVT Fernando,0,0,,,,,,,,,
1109607,2017,2017-08-27,Pallekele International Cricket Stadium,2,3.2,India,Sri Lanka,V Kohli,RG Sharma,MVT Fernando,0,0,,,,,,,,,
1109607,2017,2017-08-27,Pallekele International Cricket Stadium,2,3.3,India,Sri Lanka,V Kohli,RG Sharma,MVT Fernando,0,0,,,,,,,,,
1109607,2017,2017-08-27,Pallekele International Cricket Stadium,2,3.4,India,Sri Lanka,V Kohli,RG Sharma,MVT Fernando,0,0,,,,,,,,,
1109607,2017,2017-08-27,Pallekele International Cricket Stadium,2,3.5,India,Sri Lanka,V Kohli,RG Sharma,MVT Fernando,0,0,,,,,,,,,
1109607,2017,2017-08-27,Pallekele International Cricket Stadium,2,3.6,India,Sri Lanka,V Kohli,RG Sharma,MVT Fernando,0,0,,,,,,,,,
1109607,2017,2017-08-27,Pallekele International Cricket Stadium,2,4.1,India,Sri Lanka,RG Sharma,V Kohli,SL Malinga,1,0,,,,,,,,,
1109607,2017,2017-08-27,Pallekele International Cricket Stadium,2,4.2,India,Sri Lanka,V Kohli,RG Sharma,SL Malinga,0,0,,,,,,,,,
1109607,2017,2017-08-27,Pallekele International Cricket Stadium,2,4.3,India,Sri Lanka,V Kohli,RG Sharma,SL Malinga,1,0,,,,,,,,,
1109607,2017,2017-08-27,Pallekele International Cricket Stadium,2,4.4,India,Sri Lanka,RG Sharma,V Kohli,SL Malinga,4,0,,,,,,,,,
1109607,2017,2017-08-27,Pallekele International Cricket Stadium,2,4.5,India,Sri Lanka,RG Sharma,V Kohli,SL Malinga,1,0,,,,,,,,,
1109607,2017,2017-08-27,Pallekele International Cricket Stadium,2,4.6,India,Sri Lanka,V Kohli,RG Sharma,SL Malinga,0,1,1,,,,,,,,
1109607,2017,2017-08-27,Pallekele International Cricket Stadium,2,4.7,India,Sri Lanka,V Kohli,RG Sharma,SL Malinga,1,0,,,,,,,,,
1109607,2017,2017-08-27,Pallekele International Cricket Stadium,2,5.1,India,Sri Lanka,V Kohli,RG Sharma,MVT Fernando,0,0,,,,,,caught,V Kohli,,
1109607,2017,2017-08-27,Pallekele International Cricket Stadium,2,5.2,India,Sri Lanka,KL Rahul,RG Sharma,MVT Fernando,0,0,,,,,,,,,
1109607,2017,2017-08-27,Pallekele International Cricket Stadium,2,5.3,India,Sri Lanka,KL Rahul,RG Sharma,MVT Fernando,0,0,,,,,,,,,
1109607,2017,2017-08-27,Pallekele International Cricket Stadium,2,5.4,India,Sri Lanka,KL Rahul,RG Sharma,MVT Fernando,0,0,,,,,,,,,
1109607,2017,2017-08-27,Pallekele International Cricket Stadium,2,5.5,India,Sri Lanka,KL Rahul,RG Sharma,MVT Fernando,0,0,,,,,,,,,
1109607,2017,2017-08-27,Pallekele International Cricket Stadium,2,5.6,India,Sri Lanka,KL Rahul,RG Sharma,MVT Fernando,0,0,,,,,,,,,
1109607,2017,2017-08-27,Pallekele International Cricket Stadium,2,6.1,India,Sri Lanka,RG Sharma,KL Rahul,PVD Chameera,0,0,,,,,,,,,
1109607,2017,2017-08-27,Pallekele International Cricket Stadium,2,6.2,India,Sri Lanka,RG Sharma,KL Rahul,PVD Chameera,0,0,,,,,,,,,
1109607,2017,2017-08-27,Pallekele International Cricket Stadium,2,6.3,India,Sri Lanka,RG Sharma,KL Rahul,PVD Chameera,4,0,,,,,,,,,
1109607,2017,2017-08-27,Pallekele International Cricket Stadium,2,6.4,India,Sri Lanka,RG Sharma,KL Rahul,PVD Chameera,2,0,,,,,,,,,
1109607,2017,2017-08-27,Pallekele International Cricket Stadium,2,6.5,India,Sri Lanka,RG Sharma,KL Rahul,PVD Chameera,0,0,,,,,,,,,
1109607,2017,2017-08-27,Pallekele International Cricket Stadium,2,6.6,India,Sri Lanka,RG Sharma,KL Rahul,PVD Chameera,0,0,,,,,,,,,
1109607,2017,2017-08-27,Pallekele International Cricket Stadium,2,7.1,India,Sri Lanka,KL Rahul,RG Sharma,MVT Fernando,0,0,,,,,,,,,
1109607,2017,2017-08-27,Pallekele International Cricket Stadium,2,7.2,India,Sri Lanka,KL Rahul,RG Sharma,MVT Fernando,0,0,,,,,,,,,
1109607,2017,2017-08-27,Pallekele International Cricket Stadium,2,7.3,India,Sri Lanka,KL Rahul,RG Sharma,MVT Fernando,2,0,,,,,,,,,
1109607,2017,2017-08-27,Pallekele International Cricket Stadium,2,7.4,India,Sri Lanka,KL Rahul,RG Sharma,MVT Fernando,1,0,,,,,,,,,
1109607,2017,2017-08-27,Pallekele International Cricket Stadium,2,7.5,India,Sri Lanka,RG Sharma,KL Rahul,MVT Fernando,0,1,,,,1,,,,,
1109607,2017,2017-08-27,Pallekele International Cricket Stadium,2,7.6,India,Sri Lanka,KL Rahul,RG Sharma,MVT Fernando,0,0,,,,,,,,,
1109607,2017,2017-08-27,Pallekele International Cricket Stadium,2,8.1,India,Sri Lanka,RG Sharma,KL Rahul,AD Mathews,0,0,,,,,,,,,
1109607,2017,2017-08-27,Pallekele International Cricket Stadium,2,8.2,India,Sri Lanka,RG Sharma,KL Rahul,AD Mathews,0,0,,,,,,,,,
1109607,2017,2017-08-27,Pallekele International Cricket Stadium,2,8.3,India,Sri Lanka,RG Sharma,KL Rahul,AD Mathews,0,0,,,,,,,,,
1109607,2017,2017-08-27,Pallekele International Cricket Stadium,2,8.4,India,Sri Lanka,RG Sharma,KL Rahul,AD Mathews,0,0,,,,,,,,,
1109607,2017,2017-08-27,Pallekele International Cricket Stadium,2,8.5,India,Sri Lanka,RG Sharma,KL Rahul,AD Mathews,0,0,,,,,,,,,
1109607,2017,2017-08-27,Pallekele International Cricket Stadium,2,8.6,India,Sri Lanka,RG Sharma,KL Rahul,AD Mathews,4,0,,,,,,,,,
1109607,2017,2017-08-27,Pallekele International Cricket Stadium,2,9.1,India,Sri Lanka,KL Rahul,RG Sharma,MVT Fernando,0,0,,,,,,,,,
1109607,2017,2017-08-27,Pallekele International Cricket Stadium,2,9.2,India,Sri Lanka,KL Rahul,RG Sharma,MVT Fernando,1,0,,,,,,,,,
1109607,2017,2017-08-27,Pallekele International Cricket Stadium,2,9.3,India,Sri Lanka,RG Sharma,KL Rahul,MVT Fernando,0,0,,,,,,,,,
1109607,2017,2017-08-27,Pallekele International Cricket Stadium,2,9.4,India,Sri Lanka,RG Sharma,KL Rahul,MVT Fernando,0,0,,,,,,,,,
1109607,2017,2017-08-27,Pallekele International Cricket Stadium,2,9.5,India,Sri Lanka,RG Sharma,KL Rahul,MVT Fernando,0,0,,,,,,,,,
1109607,2017,2017-08-27,Pallekele International Cricket Stadium,2,9.6,India,Sri Lanka,RG Sharma,KL Rahul,MVT Fernando,1,0,,,,,,,,,
1109607,2017,2017-08-27,Pallekele International Cricket Stadium,2,10.1,India,Sri Lanka,RG Sharma,KL Rahul,AD Mathews,4,0,,,,,,,,,
1109607,2017,2017-08-27,Pallekele International Cricket Stadium,2,10.2,India,Sri Lanka,RG Sharma,KL Rahul,AD Mathews,1,0,,,,,,,,,
1109607,2017,2017-08-27,Pallekele International Cricket Stadium,2,10.3,India,Sri Lanka,KL Rahul,RG Sharma,AD Mathews,0,0,,,,,,,,,
1109607,2017,2017-08-27,Pallekele International Cricket Stadium,2,10.4,India,Sri Lanka,KL Rahul,RG Sharma,AD Mathews,0,0,,,,,,,,,
1109607,2017,2017-08-27,Pallekele International Cricket Stadium,2,10.5,India,Sri Lanka,KL Rahul,RG Sharma,AD Mathews,1,0,,,,,,,,,
1109607,2017,2017-08-27,Pallekele International Cricket Stadium,2,10.6,India,Sri Lanka,RG Sharma,KL Rahul,AD Mathews,0,0,,,,,,,,,
1109607,2017,2017-08-27,Pallekele International Cricket Stadium,2,11.1,India,Sri Lanka,KL Rahul,RG Sharma,MVT Fernando,4,0,,,,,,,,,
1109607,2017,2017-08-27,Pallekele International Cricket Stadium,2,11.2,India,Sri Lanka,KL Rahul,RG Sharma,MVT Fernando,1,0,,,,,,,,,
1109607,2017,2017-08-27,Pallekele International Cricket Stadium,2,11.3,India,Sri Lanka,RG Sharma,KL Rahul,MVT Fernando,0,0,,,,,,,,,
1109607,2017,2017-08-27,Pallekele International Cricket Stadium,2,11.4,India,Sri Lanka,RG Sharma,KL Rahul,MVT Fernando,1,0,,,,,,,,,
1109607,2017,2017-08-27,Pallekele International Cricket Stadium,2,11.5,India,Sri Lanka,KL Rahul,RG Sharma,MVT Fernando,0,0,,,,,,,,,
1109607,2017,2017-08-27,Pallekele International Cricket Stadium,2,11.6,India,Sri Lanka,KL Rahul,RG Sharma,MVT Fernando,4,0,,,,,,,,,
1109607,2017,2017-08-27,Pallekele International Cricket Stadium,2,12.1,India,Sri Lanka,RG Sharma,KL Rahul,AD Mathews,0,0,,,,,,,,,
1109607,2017,2017-08-27,Pallekele International Cricket Stadium,2,12.2,India,Sri Lanka,RG Sharma,KL Rahul,AD Mathews,4,0,,,,,,,,,
1109607,2017,2017-08-27,Pallekele International Cricket Stadium,2,12.3,India,Sri Lanka,RG Sharma,KL Rahul,AD Mathews,0,0,,,,,,,,,
1109607,2017,2017-08-27,Pallekele International Cricket Stadium,2,12.4,India,Sri Lanka,RG Sharma,KL Rahul,AD Mathews,1,0,,,,,,,,,
1109607,2017,2017-08-27,Pallekele International Cricket Stadium,2,12.5,India,Sri Lanka,KL Rahul,RG Sharma,AD Mathews,1,0,,,,,,,,,
1109607,2017,2017-08-27,Pallekele International Cricket Stadium,2,12.6,India,Sri Lanka,RG Sharma,KL Rahul,AD Mathews,1,0,,,,,,,,,
1109607,2017,2017-08-27,Pallekele International Cricket Stadium,2,13.1,India,Sri Lanka,RG Sharma,KL Rahul,A Dananjaya,1,0,,,,,,,,,
1109607,2017,2017-08-27,Pallekele International Cricket Stadium,2,13.2,India,Sri Lanka,KL Rahul,RG Sharma,A Dananjaya,0,0,,,,,,,,,
1109607,2017,2017-08-27,Pallekele International Cricket Stadium,2,13.3,India,Sri Lanka,KL Rahul,RG Sharma,A Dananjaya,0,0,,,,,,,,,
1109607,2017,2017-08-27,Pallekele International Cricket Stadium,2,13.4,India,Sri Lanka,KL Rahul,RG Sharma,A Dananjaya,2,0,,,,,,,,,
1109607,2017,2017-08-27,Pallekele International Cricket Stadium,2,13.5,India,Sri Lanka,KL Rahul,RG Sharma,A Dananjaya,0,0,,,,,,caught,KL Rahul,,
1109607,2017,2017-08-27,Pallekele International Cricket Stadium,2,13.6,India,Sri Lanka,KM Jadhav,RG Sharma,A Dananjaya,0,0,,,,,,,,,
1109607,2017,2017-08-27,Pallekele International Cricket Stadium,2,14.1,India,Sri Lanka,RG Sharma,KM Jadhav,PVD Chameera,0,0,,,,,,,,,
1109607,2017,2017-08-27,Pallekele International Cricket Stadium,2,14.2,India,Sri Lanka,RG Sharma,KM Jadhav,PVD Chameera,0,0,,,,,,,,,
1109607,2017,2017-08-27,Pallekele International Cricket Stadium,2,14.3,India,Sri Lanka,RG Sharma,KM Jadhav,PVD Chameera,0,0,,,,,,,,,
1109607,2017,2017-08-27,Pallekele International Cricket Stadium,2,14.4,India,Sri Lanka,RG Sharma,KM Jadhav,PVD Chameera,0,0,,,,,,,,,
1109607,2017,2017-08-27,Pallekele International Cricket Stadium,2,14.5,India,Sri Lanka,RG Sharma,KM Jadhav,PVD Chameera,0,0,,,,,,,,,
1109607,2017,2017-08-27,Pallekele International Cricket Stadium,2,14.6,India,Sri Lanka,RG Sharma,KM Jadhav,PVD Chameera,0,0,,,,,,,,,
1109607,2017,2017-08-27,Pallekele International Cricket Stadium,2,15.1,India,Sri Lanka,KM Jadhav,RG Sharma,A Dananjaya,0,0,,,,,,lbw,KM Jadhav,,
1109607,2017,2017-08-27,Pallekele International Cricket Stadium,2,15.2,India,Sri Lanka,MS Dhoni,RG Sharma,A Dananjaya,1,0,,,,,,,,,
1109607,2017,2017-08-27,Pallekele International Cricket Stadium,2,15.3,India,Sri Lanka,RG Sharma,MS Dhoni,A Dananjaya,1,0,,,,,,,,,
1109607,2017,2017-08-27,Pallekele International Cricket Stadium,2,15.4,India,Sri Lanka,MS Dhoni,RG Sharma,A Dananjaya,0,0,,,,,,,,,
1109607,2017,2017-08-27,Pallekele International Cricket Stadium,2,15.5,India,Sri Lanka,MS Dhoni,RG Sharma,A Dananjaya,0,0,,,,,,,,,
1109607,2017,2017-08-27,Pallekele International Cricket Stadium,2,15.6,India,Sri Lanka,MS Dhoni,RG Sharma,A Dananjaya,0,0,,,,,,,,,
1109607,2017,2017-08-27,Pallekele International Cricket Stadium,2,16.1,India,Sri Lanka,RG Sharma,MS Dhoni,PVD Chameera,0,0,,,,,,,,,
1109607,2017,2017-08-27,Pallekele International Cricket Stadium,2,16.2,India,Sri Lanka,RG Sharma,MS Dhoni,PVD Chameera,0,0,,,,,,,,,
1109607,2017,2017-08-27,Pallekele International Cricket Stadium,2,16.3,India,Sri Lanka,RG Sharma,MS Dhoni,PVD Chameera,0,0,,,,,,,,,
1109607,2017,2017-08-27,Pallekele International Cricket Stadium,2,16.4,India,Sri Lanka,RG Sharma,MS Dhoni,PVD Chameera,1,0,,,,,,,,,
1109607,2017,2017-08-27,Pallekele International Cricket Stadium,2,16.5,India,Sri Lanka,MS Dhoni,RG Sharma,PVD Chameera,0,0,,,,,,,,,
1109607,2017,2017-08-27,Pallekele International Cricket Stadium,2,16.6,India,Sri Lanka,MS Dhoni,RG Sharma,PVD Chameera,0,0,,,,,,,,,
1109607,2017,2017-08-27,Pallekele International Cricket Stadium,2,17.1,India,Sri Lanka,RG Sharma,MS Dhoni,A Dananjaya,0,0,,,,,,,,,
1109607,2017,2017-08-27,Pallekele International Cricket Stadium,2,17.2,India,Sri Lanka,RG Sharma,MS Dhoni,A Dananjaya,1,0,,,,,,,,,
1109607,2017,2017-08-27,Pallekele International Cricket Stadium,2,17.3,India,Sri Lanka,MS Dhoni,RG Sharma,A Dananjaya,1,0,,,,,,,,,
1109607,2017,2017-08-27,Pallekele International Cricket Stadium,2,17.4,India,Sri Lanka,RG Sharma,MS Dhoni,A Dananjaya,0,0,,,,,,,,,
1109607,2017,2017-08-27,Pallekele International Cricket Stadium,2,17.5,India,Sri Lanka,RG Sharma,MS Dhoni,A Dananjaya,2,0,,,,,,,,,
1109607,2017,2017-08-27,Pallekele International Cricket Stadium,2,17.6,India,Sri Lanka,RG Sharma,MS Dhoni,A Dananjaya,4,0,,,,,,,,,
1109607,2017,2017-08-27,Pallekele International Cricket Stadium,2,18.1,India,Sri Lanka,MS Dhoni,RG Sharma,PVD Chameera,1,0,,,,,,,,,
1109607,2017,2017-08-27,Pallekele International Cricket Stadium,2,18.2,India,Sri Lanka,RG Sharma,MS Dhoni,PVD Chameera,0,0,,,,,,,,,
1109607,2017,2017-08-27,Pallekele International Cricket Stadium,2,18.3,India,Sri Lanka,RG Sharma,MS Dhoni,PVD Chameera,4,0,,,,,,,,,
1109607,2017,2017-08-27,Pallekele International Cricket Stadium,2,18.4,India,Sri Lanka,RG Sharma,MS Dhoni,PVD Chameera,4,0,,,,,,,,,
1109607,2017,2017-08-27,Pallekele International Cricket Stadium,2,18.5,India,Sri Lanka,RG Sharma,MS Dhoni,PVD Chameera,4,0,,,,,,,,,
1109607,2017,2017-08-27,Pallekele International Cricket Stadium,2,18.6,India,Sri Lanka,RG Sharma,MS Dhoni,PVD Chameera,0,0,,,,,,,,,
1109607,2017,2017-08-27,Pallekele International Cricket Stadium,2,19.1,India,Sri Lanka,MS Dhoni,RG Sharma,A Dananjaya,0,0,,,,,,,,,
1109607,2017,2017-08-27,Pallekele International Cricket Stadium,2,19.2,India,Sri Lanka,MS Dhoni,RG Sharma,A Dananjaya,1,0,,,,,,,,,
1109607,2017,2017-08-27,Pallekele International Cricket Stadium,2,19.3,India,Sri Lanka,RG Sharma,MS Dhoni,A Dananjaya,1,0,,,,,,,,,
1109607,2017,2017-08-27,Pallekele International Cricket Stadium,2,19.4,India,Sri Lanka,MS Dhoni,RG Sharma,A Dananjaya,0,0,,,,,,,,,
1109607,2017,2017-08-27,Pallekele International Cricket Stadium,2,19.5,India,Sri Lanka,MS Dhoni,RG Sharma,A Dananjaya,0,0,,,,,,,,,
1109607,2017,2017-08-27,Pallekele International Cricket Stadium,2,19.6,India,Sri Lanka,MS Dhoni,RG Sharma,A Dananjaya,0,0,,,,,,,,,
1109607,2017,2017-08-27,Pallekele International Cricket Stadium,2,20.1,India,Sri Lanka,RG Sharma,MS Dhoni,TAM Siriwardana,0,0,,,,,,,,,
1109607,2017,2017-08-27,Pallekele International Cricket Stadium,2,20.2,India,Sri Lanka,RG Sharma,MS Dhoni,TAM Siriwardana,0,0,,,,,,,,,
1109607,2017,2017-08-27,Pallekele International Cricket Stadium,2,20.3,India,Sri Lanka,RG Sharma,MS Dhoni,TAM Siriwardana,0,0,,,,,,,,,
1109607,2017,2017-08-27,Pallekele International Cricket Stadium,2,20.4,India,Sri Lanka,RG Sharma,MS Dhoni,TAM Siriwardana,4,0,,,,,,,,,
1109607,2017,2017-08-27,Pallekele International Cricket Stadium,2,20.5,India,Sri Lanka,RG Sharma,MS Dhoni,TAM Siriwardana,1,0,,,,,,,,,
1109607,2017,2017-08-27,Pallekele International Cricket Stadium,2,20.6,India,Sri Lanka,MS Dhoni,RG Sharma,TAM Siriwardana,0,0,,,,,,,,,
1109607,2017,2017-08-27,Pallekele International Cricket Stadium,2,21.1,India,Sri Lanka,RG Sharma,MS Dhoni,A Dananjaya,2,0,,,,,,,,,
1109607,2017,2017-08-27,Pallekele International Cricket Stadium,2,21.2,India,Sri Lanka,RG Sharma,MS Dhoni,A Dananjaya,0,0,,,,,,,,,
1109607,2017,2017-08-27,Pallekele International Cricket Stadium,2,21.3,India,Sri Lanka,RG Sharma,MS Dhoni,A Dananjaya,0,0,,,,,,,,,
1109607,2017,2017-08-27,Pallekele International Cricket Stadium,2,21.4,India,Sri Lanka,RG Sharma,MS Dhoni,A Dananjaya,0,0,,,,,,,,,
1109607,2017,2017-08-27,Pallekele International Cricket Stadium,2,21.5,India,Sri Lanka,RG Sharma,MS Dhoni,A Dananjaya,0,0,,,,,,,,,
1109607,2017,2017-08-27,Pallekele International Cricket Stadium,2,21.6,India,Sri Lanka,RG Sharma,MS Dhoni,A Dananjaya,0,0,,,,,,,,,
1109607,2017,2017-08-27,Pallekele International Cricket Stadium,2,22.1,India,Sri Lanka,MS Dhoni,RG Sharma,TAM Siriwardana,1,0,,,,,,,,,
1109607,2017,2017-08-27,Pallekele International Cricket Stadium,2,22.2,India,Sri Lanka,RG Sharma,MS Dhoni,TAM Siriwardana,4,0,,,,,,,,,
1109607,2017,2017-08-27,Pallekele International Cricket Stadium,2,22.3,India,Sri Lanka,RG Sharma,MS Dhoni,TAM Siriwardana,1,0,,,,,,,,,
1109607,2017,2017-08-27,Pallekele International Cricket Stadium,2,22.4,India,Sri Lanka,MS Dhoni,RG Sharma,TAM Siriwardana,1,0,,,,,,,,,
1109607,2017,2017-08-27,Pallekele International Cricket Stadium,2,22.5,India,Sri Lanka,RG Sharma,MS Dhoni,TAM Siriwardana,0,0,,,,,,,,,
1109607,2017,2017-08-27,Pallekele International Cricket Stadium,2,22.6,India,Sri Lanka,RG Sharma,MS Dhoni,TAM Siriwardana,1,0,,,,,,,,,
1109607,2017,2017-08-27,Pallekele International Cricket Stadium,2,23.1,India,Sri Lanka,RG Sharma,MS Dhoni,A Dananjaya,0,0,,,,,,,,,
1109607,2017,2017-08-27,Pallekele International Cricket Stadium,2,23.2,India,Sri Lanka,RG Sharma,MS Dhoni,A Dananjaya,1,0,,,,,,,,,
1109607,2017,2017-08-27,Pallekele International Cricket Stadium,2,23.3,India,Sri Lanka,MS Dhoni,RG Sharma,A Dananjaya,1,0,,,,,,,,,
1109607,2017,2017-08-27,Pallekele International Cricket Stadium,2,23.4,India,Sri Lanka,RG Sharma,MS Dhoni,A Dananjaya,4,0,,,,,,,,,
1109607,2017,2017-08-27,Pallekele International Cricket Stadium,2,23.5,India,Sri Lanka,RG Sharma,MS Dhoni,A Dananjaya,0,0,,,,,,,,,
1109607,2017,2017-08-27,Pallekele International Cricket Stadium,2,23.6,India,Sri Lanka,RG Sharma,MS Dhoni,A Dananjaya,0,0,,,,,,,,,
1109607,2017,2017-08-27,Pallekele International Cricket Stadium,2,24.1,India,Sri Lanka,MS Dhoni,RG Sharma,TAM Siriwardana,1,0,,,,,,,,,
1109607,2017,2017-08-27,Pallekele International Cricket Stadium,2,24.2,India,Sri Lanka,RG Sharma,MS Dhoni,TAM Siriwardana,1,0,,,,,,,,,
1109607,2017,2017-08-27,Pallekele International Cricket Stadium,2,24.3,India,Sri Lanka,MS Dhoni,RG Sharma,TAM Siriwardana,1,0,,,,,,,,,
1109607,2017,2017-08-27,Pallekele International Cricket Stadium,2,24.4,India,Sri Lanka,RG Sharma,MS Dhoni,TAM Siriwardana,1,0,,,,,,,,,
1109607,2017,2017-08-27,Pallekele International Cricket Stadium,2,24.5,India,Sri Lanka,MS Dhoni,RG Sharma,TAM Siriwardana,0,0,,,,,,,,,
1109607,2017,2017-08-27,Pallekele International Cricket Stadium,2,24.6,India,Sri Lanka,MS Dhoni,RG Sharma,TAM Siriwardana,1,0,,,,,,,,,
1109607,2017,2017-08-27,Pallekele International Cricket Stadium,2,25.1,India,Sri Lanka,MS Dhoni,RG Sharma,SL Malinga,1,0,,,,,,,,,
1109607,2017,2017-08-27,Pallekele International Cricket Stadium,2,25.2,India,Sri Lanka,RG Sharma,MS Dhoni,SL Malinga,1,0,,,,,,,,,
1109607,2017,2017-08-27,Pallekele International Cricket Stadium,2,25.3,India,Sri Lanka,MS Dhoni,RG Sharma,SL Malinga,0,0,,,,,,,,,
1109607,2017,2017-08-27,Pallekele International Cricket Stadium,2,25.4,India,Sri Lanka,MS Dhoni,RG Sharma,SL Malinga,0,0,,,,,,,,,
1109607,2017,2017-08-27,Pallekele International Cricket Stadium,2,25.5,India,Sri Lanka,MS Dhoni,RG Sharma,SL Malinga,1,0,,,,,,,,,
1109607,2017,2017-08-27,Pallekele International Cricket Stadium,2,25.6,India,Sri Lanka,RG Sharma,MS Dhoni,SL Malinga,0,0,,,,,,,,,
1109607,2017,2017-08-27,Pallekele International Cricket Stadium,2,26.1,India,Sri Lanka,MS Dhoni,RG Sharma,TAM Siriwardana,0,0,,,,,,,,,
1109607,2017,2017-08-27,Pallekele International Cricket Stadium,2,26.2,India,Sri Lanka,MS Dhoni,RG Sharma,TAM Siriwardana,0,0,,,,,,,,,
1109607,2017,2017-08-27,Pallekele International Cricket Stadium,2,26.3,India,Sri Lanka,MS Dhoni,RG Sharma,TAM Siriwardana,0,0,,,,,,,,,
1109607,2017,2017-08-27,Pallekele International Cricket Stadium,2,26.4,India,Sri Lanka,MS Dhoni,RG Sharma,TAM Siriwardana,0,0,,,,,,,,,
1109607,2017,2017-08-27,Pallekele International Cricket Stadium,2,26.5,India,Sri Lanka,MS Dhoni,RG Sharma,TAM Siriwardana,1,0,,,,,,,,,
1109607,2017,2017-08-27,Pallekele International Cricket Stadium,2,26.6,India,Sri Lanka,RG Sharma,MS Dhoni,TAM Siriwardana,0,0,,,,,,,,,
1109607,2017,2017-08-27,Pallekele International Cricket Stadium,2,27.1,India,Sri Lanka,MS Dhoni,RG Sharma,SL Malinga,2,0,,,,,,,,,
1109607,2017,2017-08-27,Pallekele International Cricket Stadium,2,27.2,India,Sri Lanka,MS Dhoni,RG Sharma,SL Malinga,4,0,,,,,,,,,
1109607,2017,2017-08-27,Pallekele International Cricket Stadium,2,27.3,India,Sri Lanka,MS Dhoni,RG Sharma,SL Malinga,0,0,,,,,,,,,
1109607,2017,2017-08-27,Pallekele International Cricket Stadium,2,27.4,India,Sri Lanka,MS Dhoni,RG Sharma,SL Malinga,1,0,,,,,,,,,
1109607,2017,2017-08-27,Pallekele International Cricket Stadium,2,27.5,India,Sri Lanka,RG Sharma,MS Dhoni,SL Malinga,0,0,,,,,,,,,
1109607,2017,2017-08-27,Pallekele International Cricket Stadium,2,27.6,India,Sri Lanka,RG Sharma,MS Dhoni,SL Malinga,1,0,,,,,,,,,
1109607,2017,2017-08-27,Pallekele International Cricket Stadium,2,28.1,India,Sri Lanka,RG Sharma,MS Dhoni,TAM Siriwardana,1,0,,,,,,,,,
1109607,2017,2017-08-27,Pallekele International Cricket Stadium,2,28.2,India,Sri Lanka,MS Dhoni,RG Sharma,TAM Siriwardana,0,0,,,,,,,,,
1109607,2017,2017-08-27,Pallekele International Cricket Stadium,2,28.3,India,Sri Lanka,MS Dhoni,RG Sharma,TAM Siriwardana,1,0,,,,,,,,,
1109607,2017,2017-08-27,Pallekele International Cricket Stadium,2,28.4,India,Sri Lanka,RG Sharma,MS Dhoni,TAM Siriwardana,1,0,,,,,,,,,
1109607,2017,2017-08-27,Pallekele International Cricket Stadium,2,28.5,India,Sri Lanka,MS Dhoni,RG Sharma,TAM Siriwardana,2,0,,,,,,,,,
1109607,2017,2017-08-27,Pallekele International Cricket Stadium,2,28.6,India,Sri Lanka,MS Dhoni,RG Sharma,TAM Siriwardana,0,0,,,,,,,,,
1109607,2017,2017-08-27,Pallekele International Cricket Stadium,2,29.1,India,Sri Lanka,RG Sharma,MS Dhoni,PVD Chameera,0,0,,,,,,,,,
1109607,2017,2017-08-27,Pallekele International Cricket Stadium,2,29.2,India,Sri Lanka,RG Sharma,MS Dhoni,PVD Chameera,0,0,,,,,,,,,
1109607,2017,2017-08-27,Pallekele International Cricket Stadium,2,29.3,India,Sri Lanka,RG Sharma,MS Dhoni,PVD Chameera,2,0,,,,,,,,,
1109607,2017,2017-08-27,Pallekele International Cricket Stadium,2,29.4,India,Sri Lanka,RG Sharma,MS Dhoni,PVD Chameera,0,0,,,,,,,,,
1109607,2017,2017-08-27,Pallekele International Cricket Stadium,2,29.5,India,Sri Lanka,RG Sharma,MS Dhoni,PVD Chameera,4,0,,,,,,,,,
1109607,2017,2017-08-27,Pallekele International Cricket Stadium,2,29.6,India,Sri Lanka,RG Sharma,MS Dhoni,PVD Chameera,1,0,,,,,,,,,
1109607,2017,2017-08-27,Pallekele International Cricket Stadium,2,30.1,India,Sri Lanka,RG Sharma,MS Dhoni,TAM Siriwardana,0,0,,,,,,,,,
1109607,2017,2017-08-27,Pallekele International Cricket Stadium,2,30.2,India,Sri Lanka,RG Sharma,MS Dhoni,TAM Siriwardana,1,0,,,,,,,,,
1109607,2017,2017-08-27,Pallekele International Cricket Stadium,2,30.3,India,Sri Lanka,MS Dhoni,RG Sharma,TAM Siriwardana,0,0,,,,,,,,,
1109607,2017,2017-08-27,Pallekele International Cricket Stadium,2,30.4,India,Sri Lanka,MS Dhoni,RG Sharma,TAM Siriwardana,1,0,,,,,,,,,
1109607,2017,2017-08-27,Pallekele International Cricket Stadium,2,30.5,India,Sri Lanka,RG Sharma,MS Dhoni,TAM Siriwardana,0,0,,,,,,,,,
1109607,2017,2017-08-27,Pallekele International Cricket Stadium,2,30.6,India,Sri Lanka,RG Sharma,MS Dhoni,TAM Siriwardana,0,0,,,,,,,,,
1109607,2017,2017-08-27,Pallekele International Cricket Stadium,2,31.1,India,Sri Lanka,MS Dhoni,RG Sharma,A Dananjaya,1,0,,,,,,,,,
1109607,2017,2017-08-27,Pallekele International Cricket Stadium,2,31.2,India,Sri Lanka,RG Sharma,MS Dhoni,A Dananjaya,0,0,,,,,,,,,
1109607,2017,2017-08-27,Pallekele International Cricket Stadium,2,31.3,India,Sri Lanka,RG Sharma,MS Dhoni,A Dananjaya,6,0,,,,,,,,,
1109607,2017,2017-08-27,Pallekele International Cricket Stadium,2,31.4,India,Sri Lanka,RG Sharma,MS Dhoni,A Dananjaya,1,0,,,,,,,,,
1109607,2017,2017-08-27,Pallekele International Cricket Stadium,2,31.5,India,Sri Lanka,MS Dhoni,RG Sharma,A Dananjaya,0,0,,,,,,,,,
1109607,2017,2017-08-27,Pallekele International Cricket Stadium,2,31.6,India,Sri Lanka,MS Dhoni,RG Sharma,A Dananjaya,1,0,,,,,,,,,
1109607,2017,2017-08-27,Pallekele International Cricket Stadium,2,32.1,India,Sri Lanka,MS Dhoni,RG Sharma,PVD Chameera,0,0,,,,,,,,,
1109607,2017,2017-08-27,Pallekele International Cricket Stadium,2,32.2,India,Sri Lanka,MS Dhoni,RG Sharma,PVD Chameera,1,0,,,,,,,,,
1109607,2017,2017-08-27,Pallekele International Cricket Stadium,2,32.3,India,Sri Lanka,RG Sharma,MS Dhoni,PVD Chameera,1,0,,,,,,,,,
1109607,2017,2017-08-27,Pallekele International Cricket Stadium,2,32.4,India,Sri Lanka,MS Dhoni,RG Sharma,PVD Chameera,1,0,,,,,,,,,
1109607,2017,2017-08-27,Pallekele International Cricket Stadium,2,32.5,India,Sri Lanka,RG Sharma,MS Dhoni,PVD Chameera,1,0,,,,,,,,,
1109607,2017,2017-08-27,Pallekele International Cricket Stadium,2,32.6,India,Sri Lanka,MS Dhoni,RG Sharma,PVD Chameera,0,0,,,,,,,,,
1109607,2017,2017-08-27,Pallekele International Cricket Stadium,2,33.1,India,Sri Lanka,RG Sharma,MS Dhoni,A Dananjaya,0,0,,,,,,,,,
1109607,2017,2017-08-27,Pallekele International Cricket Stadium,2,33.2,India,Sri Lanka,RG Sharma,MS Dhoni,A Dananjaya,0,0,,,,,,,,,
1109607,2017,2017-08-27,Pallekele International Cricket Stadium,2,33.3,India,Sri Lanka,RG Sharma,MS Dhoni,A Dananjaya,0,0,,,,,,,,,
1109607,2017,2017-08-27,Pallekele International Cricket Stadium,2,33.4,India,Sri Lanka,RG Sharma,MS Dhoni,A Dananjaya,0,0,,,,,,,,,
1109607,2017,2017-08-27,Pallekele International Cricket Stadium,2,33.5,India,Sri Lanka,RG Sharma,MS Dhoni,A Dananjaya,2,0,,,,,,,,,
1109607,2017,2017-08-27,Pallekele International Cricket Stadium,2,33.6,India,Sri Lanka,RG Sharma,MS Dhoni,A Dananjaya,0,0,,,,,,,,,
1109607,2017,2017-08-27,Pallekele International Cricket Stadium,2,34.1,India,Sri Lanka,MS Dhoni,RG Sharma,PVD Chameera,4,0,,,,,,,,,
1109607,2017,2017-08-27,Pallekele International Cricket Stadium,2,34.2,India,Sri Lanka,MS Dhoni,RG Sharma,PVD Chameera,0,0,,,,,,,,,
1109607,2017,2017-08-27,Pallekele International Cricket Stadium,2,34.3,India,Sri Lanka,MS Dhoni,RG Sharma,PVD Chameera,0,0,,,,,,,,,
1109607,2017,2017-08-27,Pallekele International Cricket Stadium,2,34.4,India,Sri Lanka,MS Dhoni,RG Sharma,PVD Chameera,0,0,,,,,,,,,
1109607,2017,2017-08-27,Pallekele International Cricket Stadium,2,34.5,India,Sri Lanka,MS Dhoni,RG Sharma,PVD Chameera,1,0,,,,,,,,,
1109607,2017,2017-08-27,Pallekele International Cricket Stadium,2,34.6,India,Sri Lanka,RG Sharma,MS Dhoni,PVD Chameera,1,0,,,,,,,,,
1109607,2017,2017-08-27,Pallekele International Cricket Stadium,2,35.1,India,Sri Lanka,RG Sharma,MS Dhoni,MVT Fernando,6,0,,,,,,,,,
1109607,2017,2017-08-27,Pallekele International Cricket Stadium,2,35.2,India,Sri Lanka,RG Sharma,MS Dhoni,MVT Fernando,0,0,,,,,,,,,
1109607,2017,2017-08-27,Pallekele International Cricket Stadium,2,35.3,India,Sri Lanka,RG Sharma,MS Dhoni,MVT Fernando,1,0,,,,,,,,,
1109607,2017,2017-08-27,Pallekele International Cricket Stadium,2,35.4,India,Sri Lanka,MS Dhoni,RG Sharma,MVT Fernando,0,0,,,,,,,,,
1109607,2017,2017-08-27,Pallekele International Cricket Stadium,2,35.5,India,Sri Lanka,MS Dhoni,RG Sharma,MVT Fernando,1,0,,,,,,,,,
1109607,2017,2017-08-27,Pallekele International Cricket Stadium,2,35.6,India,Sri Lanka,RG Sharma,MS Dhoni,MVT Fernando,0,0,,,,,,,,,
1109607,2017,2017-08-27,Pallekele International Cricket Stadium,2,36.1,India,Sri Lanka,MS Dhoni,RG Sharma,PVD Chameera,0,0,,,,,,,,,
1109607,2017,2017-08-27,Pallekele International Cricket Stadium,2,36.2,India,Sri Lanka,MS Dhoni,RG Sharma,PVD Chameera,4,0,,,,,,,,,
1109607,2017,2017-08-27,Pallekele International Cricket Stadium,2,36.3,India,Sri Lanka,MS Dhoni,RG Sharma,PVD Chameera,2,0,,,,,,,,,
1109607,2017,2017-08-27,Pallekele International Cricket Stadium,2,36.4,India,Sri Lanka,MS Dhoni,RG Sharma,PVD Chameera,1,0,,,,,,,,,
1109607,2017,2017-08-27,Pallekele International Cricket Stadium,2,36.5,India,Sri Lanka,RG Sharma,MS Dhoni,PVD Chameera,0,0,,,,,,,,,
1109607,2017,2017-08-27,Pallekele International Cricket Stadium,2,36.6,India,Sri Lanka,RG Sharma,MS Dhoni,PVD Chameera,1,0,,,,,,,,,
1109607,2017,2017-08-27,Pallekele International Cricket Stadium,2,37.1,India,Sri Lanka,RG Sharma,MS Dhoni,MVT Fernando,1,0,,,,,,,,,
1109607,2017,2017-08-27,Pallekele International Cricket Stadium,2,37.2,India,Sri Lanka,MS Dhoni,RG Sharma,MVT Fernando,1,0,,,,,,,,,
1109607,2017,2017-08-27,Pallekele International Cricket Stadium,2,37.3,India,Sri Lanka,RG Sharma,MS Dhoni,MVT Fernando,4,0,,,,,,,,,
1109607,2017,2017-08-27,Pallekele International Cricket Stadium,2,37.4,India,Sri Lanka,RG Sharma,MS Dhoni,MVT Fernando,0,0,,,,,,,,,
1109607,2017,2017-08-27,Pallekele International Cricket Stadium,2,37.5,India,Sri Lanka,RG Sharma,MS Dhoni,MVT Fernando,0,0,,,,,,,,,
1109607,2017,2017-08-27,Pallekele International Cricket Stadium,2,37.6,India,Sri Lanka,RG Sharma,MS Dhoni,MVT Fernando,0,0,,,,,,,,,
1109607,2017,2017-08-27,Pallekele International Cricket Stadium,2,38.1,India,Sri Lanka,MS Dhoni,RG Sharma,A Dananjaya,0,0,,,,,,,,,
1109607,2017,2017-08-27,Pallekele International Cricket Stadium,2,38.2,India,Sri Lanka,MS Dhoni,RG Sharma,A Dananjaya,0,0,,,,,,,,,
1109607,2017,2017-08-27,Pallekele International Cricket Stadium,2,38.3,India,Sri Lanka,MS Dhoni,RG Sharma,A Dananjaya,1,0,,,,,,,,,
1109607,2017,2017-08-27,Pallekele International Cricket Stadium,2,38.4,India,Sri Lanka,RG Sharma,MS Dhoni,A Dananjaya,0,0,,,,,,,,,
1109607,2017,2017-08-27,Pallekele International Cricket Stadium,2,38.5,India,Sri Lanka,RG Sharma,MS Dhoni,A Dananjaya,0,0,,,,,,,,,
1109607,2017,2017-08-27,Pallekele International Cricket Stadium,2,38.6,India,Sri Lanka,RG Sharma,MS Dhoni,A Dananjaya,0,0,,,,,,,,,
1109607,2017,2017-08-27,Pallekele International Cricket Stadium,2,39.1,India,Sri Lanka,MS Dhoni,RG Sharma,TAM Siriwardana,0,0,,,,,,,,,
1109607,2017,2017-08-27,Pallekele International Cricket Stadium,2,39.2,India,Sri Lanka,MS Dhoni,RG Sharma,TAM Siriwardana,0,0,,,,,,,,,
1109607,2017,2017-08-27,Pallekele International Cricket Stadium,2,39.3,India,Sri Lanka,MS Dhoni,RG Sharma,TAM Siriwardana,1,0,,,,,,,,,
1109607,2017,2017-08-27,Pallekele International Cricket Stadium,2,39.4,India,Sri Lanka,RG Sharma,MS Dhoni,TAM Siriwardana,0,0,,,,,,,,,
1109607,2017,2017-08-27,Pallekele International Cricket Stadium,2,39.5,India,Sri Lanka,RG Sharma,MS Dhoni,TAM Siriwardana,1,0,,,,,,,,,
1109607,2017,2017-08-27,Pallekele International Cricket Stadium,2,39.6,India,Sri Lanka,MS Dhoni,RG Sharma,TAM Siriwardana,1,0,,,,,,,,,
1109607,2017,2017-08-27,Pallekele International Cricket Stadium,2,40.1,India,Sri Lanka,MS Dhoni,RG Sharma,A Dananjaya,0,0,,,,,,,,,
1109607,2017,2017-08-27,Pallekele International Cricket Stadium,2,40.2,India,Sri Lanka,MS Dhoni,RG Sharma,A Dananjaya,0,0,,,,,,,,,
1109607,2017,2017-08-27,Pallekele International Cricket Stadium,2,40.3,India,Sri Lanka,MS Dhoni,RG Sharma,A Dananjaya,1,0,,,,,,,,,
1109607,2017,2017-08-27,Pallekele International Cricket Stadium,2,40.4,India,Sri Lanka,RG Sharma,MS Dhoni,A Dananjaya,0,0,,,,,,,,,
1109607,2017,2017-08-27,Pallekele International Cricket Stadium,2,40.5,India,Sri Lanka,RG Sharma,MS Dhoni,A Dananjaya,1,0,,,,,,,,,
1109607,2017,2017-08-27,Pallekele International Cricket Stadium,2,40.6,India,Sri Lanka,MS Dhoni,RG Sharma,A Dananjaya,1,0,,,,,,,,,
1109607,2017,2017-08-27,Pallekele International Cricket Stadium,2,41.1,India,Sri Lanka,MS Dhoni,RG Sharma,TAM Siriwardana,0,0,,,,,,,,,
1109607,2017,2017-08-27,Pallekele International Cricket Stadium,2,41.2,India,Sri Lanka,MS Dhoni,RG Sharma,TAM Siriwardana,1,0,,,,,,,,,
1109607,2017,2017-08-27,Pallekele International Cricket Stadium,2,41.3,India,Sri Lanka,RG Sharma,MS Dhoni,TAM Siriwardana,0,0,,,,,,,,,
1109607,2017,2017-08-27,Pallekele International Cricket Stadium,2,41.4,India,Sri Lanka,RG Sharma,MS Dhoni,TAM Siriwardana,0,0,,,,,,,,,
1109607,2017,2017-08-27,Pallekele International Cricket Stadium,2,41.5,India,Sri Lanka,RG Sharma,MS Dhoni,TAM Siriwardana,1,0,,,,,,,,,
1109607,2017,2017-08-27,Pallekele International Cricket Stadium,2,41.6,India,Sri Lanka,MS Dhoni,RG Sharma,TAM Siriwardana,0,0,,,,,,,,,
1109607,2017,2017-08-27,Pallekele International Cricket Stadium,2,42.1,India,Sri Lanka,RG Sharma,MS Dhoni,PVD Chameera,1,0,,,,,,,,,
1109607,2017,2017-08-27,Pallekele International Cricket Stadium,2,42.2,India,Sri Lanka,MS Dhoni,RG Sharma,PVD Chameera,4,0,,,,,,,,,
1109607,2017,2017-08-27,Pallekele International Cricket Stadium,2,42.3,India,Sri Lanka,MS Dhoni,RG Sharma,PVD Chameera,0,0,,,,,,,,,
1109607,2017,2017-08-27,Pallekele International Cricket Stadium,2,42.4,India,Sri Lanka,MS Dhoni,RG Sharma,PVD Chameera,0,0,,,,,,,,,
1109607,2017,2017-08-27,Pallekele International Cricket Stadium,2,42.5,India,Sri Lanka,MS Dhoni,RG Sharma,PVD Chameera,0,0,,,,,,,,,
1109607,2017,2017-08-27,Pallekele International Cricket Stadium,2,42.6,India,Sri Lanka,MS Dhoni,RG Sharma,PVD Chameera,2,0,,,,,,,,,
1109607,2017,2017-08-27,Pallekele International Cricket Stadium,2,43.1,India,Sri Lanka,RG Sharma,MS Dhoni,TAM Siriwardana,0,0,,,,,,,,,
1109607,2017,2017-08-27,Pallekele International Cricket Stadium,2,43.2,India,Sri Lanka,RG Sharma,MS Dhoni,TAM Siriwardana,4,0,,,,,,,,,
1109607,2017,2017-08-27,Pallekele International Cricket Stadium,2,43.3,India,Sri Lanka,RG Sharma,MS Dhoni,TAM Siriwardana,1,0,,,,,,,,,
1109607,2017,2017-08-27,Pallekele International Cricket Stadium,2,43.4,India,Sri Lanka,MS Dhoni,RG Sharma,TAM Siriwardana,6,0,,,,,,,,,
1109607,2017,2017-08-27,Pallekele International Cricket Stadium,2,43.5,India,Sri Lanka,MS Dhoni,RG Sharma,TAM Siriwardana,0,0,,,,,,,,,
1109607,2017,2017-08-27,Pallekele International Cricket Stadium,2,43.6,India,Sri Lanka,MS Dhoni,RG Sharma,TAM Siriwardana,1,0,,,,,,,,,
1109607,2017,2017-08-27,Pallekele International Cricket Stadium,2,44.1,India,Sri Lanka,MS Dhoni,RG Sharma,PVD Chameera,1,0,,,,,,,,,
1109607,2017,2017-08-27,Pallekele International Cricket Stadium,2,44.2,India,Sri Lanka,RG Sharma,MS Dhoni,PVD Chameera,1,0,,,,,,,,,
1109607,2017,2017-08-27,Pallekele International Cricket Stadium,2,44.3,India,Sri Lanka,MS Dhoni,RG Sharma,PVD Chameera,2,0,,,,,,,,,
1109607,2017,2017-08-27,Pallekele International Cricket Stadium,2,44.4,India,Sri Lanka,MS Dhoni,RG Sharma,PVD Chameera,1,0,,,,,,,,,
1109607,2017,2017-08-27,Pallekele International Cricket Stadium,2,44.5,India,Sri Lanka,RG Sharma,MS Dhoni,PVD Chameera,1,0,,,,,,,,,
1109607,2017,2017-08-27,Pallekele International Cricket Stadium,2,44.6,India,Sri Lanka,MS Dhoni,RG Sharma,PVD Chameera,1,0,,,,,,,,,
1109607,2017,2017-08-27,Pallekele International Cricket Stadium,2,45.1,India,Sri Lanka,MS Dhoni,RG Sharma,MVT Fernando,1,0,,,,,,,,,
