version,2.1.0
info,balls_per_over,6
info,team,New Zealand
info,team,Pakistan
info,gender,male
info,season,2017/18
info,date,2018/01/06
info,event,Pakistan tour of New Zealand
info,match_number,1
info,venue,Basin Reserve
info,city,Wellington
info,toss_winner,Pakistan
info,toss_decision,field
info,player_of_match,KS Williamson
info,umpire,WR Knights
info,umpire,RSA Palliyaguruge
info,reserve_umpire,CM Brown
info,tv_umpire,RK Illingworth
info,match_referee,RB Richardson
info,winner,New Zealand
info,winner_runs,61
info,method,D/L
info,player,New Zealand,MJ Guptill
info,player,New Zealand,C Munro
info,player,New Zealand,KS Williamson
info,player,New Zealand,LRPL Taylor
info,player,New Zealand,TWM Latham
info,player,New Zealand,HM Nicholls
info,player,New Zealand,MJ Santner
info,player,New Zealand,TG Southee
info,player,New Zealand,TD Astle
info,player,New Zealand,LH Ferguson
info,player,New Zealand,TA Boult
info,player,Pakistan,Azhar Ali
info,player,Pakistan,Fakhar Zaman
info,player,Pakistan,Babar Azam
info,player,Pakistan,Mohammad Hafeez
info,player,Pakistan,Shoaib Malik
info,player,Pakistan,Sarfraz Ahmed
info,player,Pakistan,Shadab Khan
info,player,Pakistan,Faheem Ashraf
info,player,Pakistan,Mohammad Amir
info,player,Pakistan,Hasan Ali
info,player,Pakistan,Rumman Raees
info,registry,people,Azhar Ali,211de69f
info,registry,people,Babar Azam,8a75e999
info,registry,people,C Munro,af2c687b
info,registry,people,CM Brown,448f4f1c
info,registry,people,Faheem Ashraf,bd4ea627
info,registry,people,Fakhar Zaman,1777c020
info,registry,people,HM Nicholls,03521fd3
info,registry,people,Hasan Ali,2911de16
info,registry,people,KS Williamson,d027ba9f
info,registry,people,LH Ferguson,2f9d0389
info,registry,people,LRPL Taylor,b61a3e1a
info,registry,people,MJ Guptill,2be41edb
info,registry,people,MJ Santner,e4a0deae
info,registry,people,Mohammad Amir,e174dadd
info,registry,people,Mohammad Hafeez,9ab63e7b
info,registry,people,RB Richardson,410e2f12
info,registry,people,RK Illingworth,20672246
info,registry,people,RSA Palliyaguruge,4339c19d
info,registry,people,Rumman Raees,1c790f4f
info,registry,people,Sarfraz Ahmed,2254ab79
info,registry,people,Shadab Khan,9de62878
info,registry,people,Shoaib Malik,64c34cd0
info,registry,people,TA Boult,a818c1be
info,registry,people,TD Astle,383dd431
info,registry,people,TG Southee,13c35c9e
info,registry,people,TWM Latham,e824e6ee
info,registry,people,WR Knights,63cbf8d8
