match_id,season,start_date,venue,innings,ball,batting_team,bowling_team,striker,non_striker,bowler,runs_off_bat,extras,wides,noballs,byes,legbyes,penalty,wicket_type,player_dismissed,other_wicket_type,other_player_dismissed
1115803,2017/18,2018-01-09,Saxton Oval,1,0.1,Pakistan,New Zealand,Azhar Ali,Imam-ul-Haq,TG Southee,0,0,,,,,,,,,
1115803,2017/18,2018-01-09,Saxton Oval,1,0.2,Pakistan,New Zealand,Azhar Ali,Imam-ul-Haq,TG Southee,0,0,,,,,,,,,
1115803,2017/18,2018-01-09,Saxton Oval,1,0.3,Pakistan,New Zealand,Azhar Ali,Imam-ul-Haq,TG Southee,0,0,,,,,,,,,
1115803,2017/18,2018-01-09,Saxton Oval,1,0.4,Pakistan,New Zealand,Azhar Ali,Imam-ul-Haq,TG Southee,0,0,,,,,,,,,
1115803,2017/18,2018-01-09,Saxton Oval,1,0.5,Pakistan,New Zealand,Azhar Ali,Imam-ul-Haq,TG Southee,0,1,1,,,,,,,,
1115803,2017/18,2018-01-09,Saxton Oval,1,0.6,Pakistan,New Zealand,Azhar Ali,Imam-ul-Haq,TG Southee,0,0,,,,,,,,,
1115803,2017/18,2018-01-09,Saxton Oval,1,0.7,Pakistan,New Zealand,Azhar Ali,Imam-ul-Haq,TG Southee,0,0,,,,,,,,,
1115803,2017/18,2018-01-09,Saxton Oval,1,1.1,Pakistan,New Zealand,Imam-ul-Haq,Azhar Ali,TA Boult,0,0,,,,,,,,,
1115803,2017/18,2018-01-09,Saxton Oval,1,1.2,Pakistan,New Zealand,Imam-ul-Haq,Azhar Ali,TA Boult,0,0,,,,,,,,,
1115803,2017/18,2018-01-09,Saxton Oval,1,1.3,Pakistan,New Zealand,Imam-ul-Haq,Azhar Ali,TA Boult,1,0,,,,,,,,,
1115803,2017/18,2018-01-09,Saxton Oval,1,1.4,Pakistan,New Zealand,Azhar Ali,Imam-ul-Haq,TA Boult,0,0,,,,,,,,,
1115803,2017/18,2018-01-09,Saxton Oval,1,1.5,Pakistan,New Zealand,Azhar Ali,Imam-ul-Haq,TA Boult,1,0,,,,,,,,,
1115803,2017/18,2018-01-09,Saxton Oval,1,1.6,Pakistan,New Zealand,Imam-ul-Haq,Azhar Ali,TA Boult,1,0,,,,,,,,,
1115803,2017/18,2018-01-09,Saxton Oval,1,2.1,Pakistan,New Zealand,Imam-ul-Haq,Azhar Ali,TG Southee,0,0,,,,,,,,,
1115803,2017/18,2018-01-09,Saxton Oval,1,2.2,Pakistan,New Zealand,Imam-ul-Haq,Azhar Ali,TG Southee,0,0,,,,,,,,,
1115803,2017/18,2018-01-09,Saxton Oval,1,2.3,Pakistan,New Zealand,Imam-ul-Haq,Azhar Ali,TG Southee,0,0,,,,,,,,,
1115803,2017/18,2018-01-09,Saxton Oval,1,2.4,Pakistan,New Zealand,Imam-ul-Haq,Azhar Ali,TG Southee,0,0,,,,,,,,,
1115803,2017/18,2018-01-09,Saxton Oval,1,2.5,Pakistan,New Zealand,Imam-ul-Haq,Azhar Ali,TG Southee,0,0,,,,,,,,,
1115803,2017/18,2018-01-09,Saxton Oval,1,2.6,Pakistan,New Zealand,Imam-ul-Haq,Azhar Ali,TG Southee,0,0,,,,,,,,,
1115803,2017/18,2018-01-09,Saxton Oval,1,3.1,Pakistan,New Zealand,Azhar Ali,Imam-ul-Haq,TA Boult,0,0,,,,,,,,,
1115803,2017/18,2018-01-09,Saxton Oval,1,3.2,Pakistan,New Zealand,Azhar Ali,Imam-ul-Haq,TA Boult,0,0,,,,,,,,,
1115803,2017/18,2018-01-09,Saxton Oval,1,3.3,Pakistan,New Zealand,Azhar Ali,Imam-ul-Haq,TA Boult,0,0,,,,,,,,,
1115803,2017/18,2018-01-09,Saxton Oval,1,3.4,Pakistan,New Zealand,Azhar Ali,Imam-ul-Haq,TA Boult,1,0,,,,,,,,,
1115803,2017/18,2018-01-09,Saxton Oval,1,3.5,Pakistan,New Zealand,Imam-ul-Haq,Azhar Ali,TA Boult,0,0,,,,,,caught,Imam-ul-Haq,,
1115803,2017/18,2018-01-09,Saxton Oval,1,3.6,Pakistan,New Zealand,Babar Azam,Azhar Ali,TA Boult,0,0,,,,,,,,,
1115803,2017/18,2018-01-09,Saxton Oval,1,4.1,Pakistan,New Zealand,Azhar Ali,Babar Azam,TG Southee,0,0,,,,,,,,,
1115803,2017/18,2018-01-09,Saxton Oval,1,4.2,Pakistan,New Zealand,Azhar Ali,Babar Azam,TG Southee,0,0,,,,,,,,,
1115803,2017/18,2018-01-09,Saxton Oval,1,4.3,Pakistan,New Zealand,Azhar Ali,Babar Azam,TG Southee,4,0,,,,,,,,,
1115803,2017/18,2018-01-09,Saxton Oval,1,4.4,Pakistan,New Zealand,Azhar Ali,Babar Azam,TG Southee,0,5,5,,,,,,,,
1115803,2017/18,2018-01-09,Saxton Oval,1,4.5,Pakistan,New Zealand,Azhar Ali,Babar Azam,TG Southee,0,0,,,,,,lbw,Azhar Ali,,
1115803,2017/18,2018-01-09,Saxton Oval,1,4.6,Pakistan,New Zealand,Mohammad Hafeez,Babar Azam,TG Southee,1,0,,,,,,,,,
1115803,2017/18,2018-01-09,Saxton Oval,1,4.7,Pakistan,New Zealand,Babar Azam,Mohammad Hafeez,TG Southee,0,0,,,,,,,,,
1115803,2017/18,2018-01-09,Saxton Oval,1,5.1,Pakistan,New Zealand,Mohammad Hafeez,Babar Azam,TA Boult,1,0,,,,,,,,,
1115803,2017/18,2018-01-09,Saxton Oval,1,5.2,Pakistan,New Zealand,Babar Azam,Mohammad Hafeez,TA Boult,0,0,,,,,,,,,
1115803,2017/18,2018-01-09,Saxton Oval,1,5.3,Pakistan,New Zealand,Babar Azam,Mohammad Hafeez,TA Boult,0,0,,,,,,,,,
1115803,2017/18,2018-01-09,Saxton Oval,1,5.4,Pakistan,New Zealand,Babar Azam,Mohammad Hafeez,TA Boult,0,0,,,,,,,,,
1115803,2017/18,2018-01-09,Saxton Oval,1,5.5,Pakistan,New Zealand,Babar Azam,Mohammad Hafeez,TA Boult,1,0,,,,,,,,,
1115803,2017/18,2018-01-09,Saxton Oval,1,5.6,Pakistan,New Zealand,Mohammad Hafeez,Babar Azam,TA Boult,1,0,,,,,,,,,
1115803,2017/18,2018-01-09,Saxton Oval,1,6.1,Pakistan,New Zealand,Mohammad Hafeez,Babar Azam,TG Southee,0,0,,,,,,,,,
1115803,2017/18,2018-01-09,Saxton Oval,1,6.2,Pakistan,New Zealand,Mohammad Hafeez,Babar Azam,TG Southee,2,0,,,,,,,,,
1115803,2017/18,2018-01-09,Saxton Oval,1,6.3,Pakistan,New Zealand,Mohammad Hafeez,Babar Azam,TG Southee,0,0,,,,,,,,,
1115803,2017/18,2018-01-09,Saxton Oval,1,6.4,Pakistan,New Zealand,Mohammad Hafeez,Babar Azam,TG Southee,2,0,,,,,,,,,
1115803,2017/18,2018-01-09,Saxton Oval,1,6.5,Pakistan,New Zealand,Mohammad Hafeez,Babar Azam,TG Southee,4,0,,,,,,,,,
1115803,2017/18,2018-01-09,Saxton Oval,1,6.6,Pakistan,New Zealand,Mohammad Hafeez,Babar Azam,TG Southee,0,0,,,,,,,,,
1115803,2017/18,2018-01-09,Saxton Oval,1,7.1,Pakistan,New Zealand,Babar Azam,Mohammad Hafeez,TA Boult,4,0,,,,,,,,,
1115803,2017/18,2018-01-09,Saxton Oval,1,7.2,Pakistan,New Zealand,Babar Azam,Mohammad Hafeez,TA Boult,0,0,,,,,,,,,
1115803,2017/18,2018-01-09,Saxton Oval,1,7.3,Pakistan,New Zealand,Babar Azam,Mohammad Hafeez,TA Boult,1,0,,,,,,,,,
1115803,2017/18,2018-01-09,Saxton Oval,1,7.4,Pakistan,New Zealand,Mohammad Hafeez,Babar Azam,TA Boult,4,0,,,,,,,,,
1115803,2017/18,2018-01-09,Saxton Oval,1,7.5,Pakistan,New Zealand,Mohammad Hafeez,Babar Azam,TA Boult,0,0,,,,,,,,,
1115803,2017/18,2018-01-09,Saxton Oval,1,7.6,Pakistan,New Zealand,Mohammad Hafeez,Babar Azam,TA Boult,0,0,,,,,,,,,
1115803,2017/18,2018-01-09,Saxton Oval,1,8.1,Pakistan,New Zealand,Babar Azam,Mohammad Hafeez,TG Southee,4,0,,,,,,,,,
1115803,2017/18,2018-01-09,Saxton Oval,1,8.2,Pakistan,New Zealand,Babar Azam,Mohammad Hafeez,TG Southee,0,0,,,,,,,,,
1115803,2017/18,2018-01-09,Saxton Oval,1,8.3,Pakistan,New Zealand,Babar Azam,Mohammad Hafeez,TG Southee,0,0,,,,,,,,,
1115803,2017/18,2018-01-09,Saxton Oval,1,8.4,Pakistan,New Zealand,Babar Azam,Mohammad Hafeez,TG Southee,0,0,,,,,,,,,
1115803,2017/18,2018-01-09,Saxton Oval,1,8.5,Pakistan,New Zealand,Babar Azam,Mohammad Hafeez,TG Southee,0,0,,,,,,,,,
1115803,2017/18,2018-01-09,Saxton Oval,1,8.6,Pakistan,New Zealand,Babar Azam,Mohammad Hafeez,TG Southee,0,0,,,,,,,,,
1115803,2017/18,2018-01-09,Saxton Oval,1,9.1,Pakistan,New Zealand,Mohammad Hafeez,Babar Azam,MJ Santner,0,0,,,,,,,,,
1115803,2017/18,2018-01-09,Saxton Oval,1,9.2,Pakistan,New Zealand,Mohammad Hafeez,Babar Azam,MJ Santner,0,0,,,,,,,,,
1115803,2017/18,2018-01-09,Saxton Oval,1,9.3,Pakistan,New Zealand,Mohammad Hafeez,Babar Azam,MJ Santner,0,0,,,,,,,,,
1115803,2017/18,2018-01-09,Saxton Oval,1,9.4,Pakistan,New Zealand,Mohammad Hafeez,Babar Azam,MJ Santner,0,0,,,,,,,,,
1115803,2017/18,2018-01-09,Saxton Oval,1,9.5,Pakistan,New Zealand,Mohammad Hafeez,Babar Azam,MJ Santner,0,0,,,,,,,,,
1115803,2017/18,2018-01-09,Saxton Oval,1,9.6,Pakistan,New Zealand,Mohammad Hafeez,Babar Azam,MJ Santner,0,0,,,,,,,,,
1115803,2017/18,2018-01-09,Saxton Oval,1,10.1,Pakistan,New Zealand,Babar Azam,Mohammad Hafeez,LH Ferguson,0,0,,,,,,,,,
1115803,2017/18,2018-01-09,Saxton Oval,1,10.2,Pakistan,New Zealand,Babar Azam,Mohammad Hafeez,LH Ferguson,0,0,,,,,,caught,Babar Azam,,
1115803,2017/18,2018-01-09,Saxton Oval,1,10.3,Pakistan,New Zealand,Shoaib Malik,Mohammad Hafeez,LH Ferguson,0,0,,,,,,,,,
1115803,2017/18,2018-01-09,Saxton Oval,1,10.4,Pakistan,New Zealand,Shoaib Malik,Mohammad Hafeez,LH Ferguson,0,1,,,1,,,,,,
1115803,2017/18,2018-01-09,Saxton Oval,1,10.5,Pakistan,New Zealand,Mohammad Hafeez,Shoaib Malik,LH Ferguson,0,0,,,,,,,,,
1115803,2017/18,2018-01-09,Saxton Oval,1,10.6,Pakistan,New Zealand,Mohammad Hafeez,Shoaib Malik,LH Ferguson,1,0,,,,,,,,,
1115803,2017/18,2018-01-09,Saxton Oval,1,11.1,Pakistan,New Zealand,Mohammad Hafeez,Shoaib Malik,MJ Santner,0,0,,,,,,,,,
1115803,2017/18,2018-01-09,Saxton Oval,1,11.2,Pakistan,New Zealand,Mohammad Hafeez,Shoaib Malik,MJ Santner,0,0,,,,,,,,,
1115803,2017/18,2018-01-09,Saxton Oval,1,11.3,Pakistan,New Zealand,Mohammad Hafeez,Shoaib Malik,MJ Santner,1,0,,,,,,,,,
1115803,2017/18,2018-01-09,Saxton Oval,1,11.4,Pakistan,New Zealand,Shoaib Malik,Mohammad Hafeez,MJ Santner,0,0,,,,,,,,,
1115803,2017/18,2018-01-09,Saxton Oval,1,11.5,Pakistan,New Zealand,Shoaib Malik,Mohammad Hafeez,MJ Santner,0,0,,,,,,,,,
1115803,2017/18,2018-01-09,Saxton Oval,1,11.6,Pakistan,New Zealand,Shoaib Malik,Mohammad Hafeez,MJ Santner,0,0,,,,,,,,,
1115803,2017/18,2018-01-09,Saxton Oval,1,12.1,Pakistan,New Zealand,Mohammad Hafeez,Shoaib Malik,LH Ferguson,0,0,,,,,,,,,
1115803,2017/18,2018-01-09,Saxton Oval,1,12.2,Pakistan,New Zealand,Mohammad Hafeez,Shoaib Malik,LH Ferguson,1,0,,,,,,,,,
1115803,2017/18,2018-01-09,Saxton Oval,1,12.3,Pakistan,New Zealand,Shoaib Malik,Mohammad Hafeez,LH Ferguson,1,0,,,,,,,,,
1115803,2017/18,2018-01-09,Saxton Oval,1,12.4,Pakistan,New Zealand,Mohammad Hafeez,Shoaib Malik,LH Ferguson,0,0,,,,,,,,,
1115803,2017/18,2018-01-09,Saxton Oval,1,12.5,Pakistan,New Zealand,Mohammad Hafeez,Shoaib Malik,LH Ferguson,4,0,,,,,,,,,
1115803,2017/18,2018-01-09,Saxton Oval,1,12.6,Pakistan,New Zealand,Mohammad Hafeez,Shoaib Malik,LH Ferguson,0,0,,,,,,,,,
1115803,2017/18,2018-01-09,Saxton Oval,1,13.1,Pakistan,New Zealand,Shoaib Malik,Mohammad Hafeez,MJ Santner,0,0,,,,,,,,,
1115803,2017/18,2018-01-09,Saxton Oval,1,13.2,Pakistan,New Zealand,Shoaib Malik,Mohammad Hafeez,MJ Santner,0,0,,,,,,,,,
1115803,2017/18,2018-01-09,Saxton Oval,1,13.3,Pakistan,New Zealand,Shoaib Malik,Mohammad Hafeez,MJ Santner,1,0,,,,,,,,,
1115803,2017/18,2018-01-09,Saxton Oval,1,13.4,Pakistan,New Zealand,Mohammad Hafeez,Shoaib Malik,MJ Santner,0,0,,,,,,,,,
1115803,2017/18,2018-01-09,Saxton Oval,1,13.5,Pakistan,New Zealand,Mohammad Hafeez,Shoaib Malik,MJ Santner,0,0,,,,,,,,,
1115803,2017/18,2018-01-09,Saxton Oval,1,13.6,Pakistan,New Zealand,Mohammad Hafeez,Shoaib Malik,MJ Santner,0,0,,,,,,,,,
1115803,2017/18,2018-01-09,Saxton Oval,1,14.1,Pakistan,New Zealand,Shoaib Malik,Mohammad Hafeez,LH Ferguson,0,0,,,,,,,,,
1115803,2017/18,2018-01-09,Saxton Oval,1,14.2,Pakistan,New Zealand,Shoaib Malik,Mohammad Hafeez,LH Ferguson,0,0,,,,,,,,,
1115803,2017/18,2018-01-09,Saxton Oval,1,14.3,Pakistan,New Zealand,Shoaib Malik,Mohammad Hafeez,LH Ferguson,2,0,,,,,,,,,
1115803,2017/18,2018-01-09,Saxton Oval,1,14.4,Pakistan,New Zealand,Shoaib Malik,Mohammad Hafeez,LH Ferguson,0,0,,,,,,,,,
1115803,2017/18,2018-01-09,Saxton Oval,1,14.5,Pakistan,New Zealand,Shoaib Malik,Mohammad Hafeez,LH Ferguson,0,0,,,,,,,,,
1115803,2017/18,2018-01-09,Saxton Oval,1,14.6,Pakistan,New Zealand,Shoaib Malik,Mohammad Hafeez,LH Ferguson,1,0,,,,,,,,,
1115803,2017/18,2018-01-09,Saxton Oval,1,15.1,Pakistan,New Zealand,Shoaib Malik,Mohammad Hafeez,MJ Santner,0,0,,,,,,,,,
1115803,2017/18,2018-01-09,Saxton Oval,1,15.2,Pakistan,New Zealand,Shoaib Malik,Mohammad Hafeez,MJ Santner,0,0,,,,,,,,,
1115803,2017/18,2018-01-09,Saxton Oval,1,15.3,Pakistan,New Zealand,Shoaib Malik,Mohammad Hafeez,MJ Santner,6,0,,,,,,,,,
1115803,2017/18,2018-01-09,Saxton Oval,1,15.4,Pakistan,New Zealand,Shoaib Malik,Mohammad Hafeez,MJ Santner,1,0,,,,,,,,,
1115803,2017/18,2018-01-09,Saxton Oval,1,15.5,Pakistan,New Zealand,Mohammad Hafeez,Shoaib Malik,MJ Santner,1,0,,,,,,,,,
1115803,2017/18,2018-01-09,Saxton Oval,1,15.6,Pakistan,New Zealand,Shoaib Malik,Mohammad Hafeez,MJ Santner,1,0,,,,,,,,,
1115803,2017/18,2018-01-09,Saxton Oval,1,16.1,Pakistan,New Zealand,Shoaib Malik,Mohammad Hafeez,LH Ferguson,0,0,,,,,,,,,
1115803,2017/18,2018-01-09,Saxton Oval,1,16.2,Pakistan,New Zealand,Shoaib Malik,Mohammad Hafeez,LH Ferguson,0,0,,,,,,,,,
1115803,2017/18,2018-01-09,Saxton Oval,1,16.3,Pakistan,New Zealand,Shoaib Malik,Mohammad Hafeez,LH Ferguson,0,0,,,,,,,,,
1115803,2017/18,2018-01-09,Saxton Oval,1,16.4,Pakistan,New Zealand,Shoaib Malik,Mohammad Hafeez,LH Ferguson,0,0,,,,,,,,,
1115803,2017/18,2018-01-09,Saxton Oval,1,16.5,Pakistan,New Zealand,Shoaib Malik,Mohammad Hafeez,LH Ferguson,0,0,,,,,,,,,
1115803,2017/18,2018-01-09,Saxton Oval,1,16.6,Pakistan,New Zealand,Shoaib Malik,Mohammad Hafeez,LH Ferguson,4,0,,,,,,,,,
1115803,2017/18,2018-01-09,Saxton Oval,1,17.1,Pakistan,New Zealand,Mohammad Hafeez,Shoaib Malik,TD Astle,1,0,,,,,,,,,
1115803,2017/18,2018-01-09,Saxton Oval,1,17.2,Pakistan,New Zealand,Shoaib Malik,Mohammad Hafeez,TD Astle,0,0,,,,,,,,,
1115803,2017/18,2018-01-09,Saxton Oval,1,17.3,Pakistan,New Zealand,Shoaib Malik,Mohammad Hafeez,TD Astle,0,0,,,,,,,,,
1115803,2017/18,2018-01-09,Saxton Oval,1,17.4,Pakistan,New Zealand,Shoaib Malik,Mohammad Hafeez,TD Astle,0,0,,,,,,,,,
1115803,2017/18,2018-01-09,Saxton Oval,1,17.5,Pakistan,New Zealand,Shoaib Malik,Mohammad Hafeez,TD Astle,0,0,,,,,,,,,
1115803,2017/18,2018-01-09,Saxton Oval,1,17.6,Pakistan,New Zealand,Shoaib Malik,Mohammad Hafeez,TD Astle,0,0,,,,,,,,,
1115803,2017/18,2018-01-09,Saxton Oval,1,18.1,Pakistan,New Zealand,Mohammad Hafeez,Shoaib Malik,C Munro,1,0,,,,,,,,,
1115803,2017/18,2018-01-09,Saxton Oval,1,18.2,Pakistan,New Zealand,Shoaib Malik,Mohammad Hafeez,C Munro,0,0,,,,,,,,,
1115803,2017/18,2018-01-09,Saxton Oval,1,18.3,Pakistan,New Zealand,Shoaib Malik,Mohammad Hafeez,C Munro,0,0,,,,,,,,,
1115803,2017/18,2018-01-09,Saxton Oval,1,18.4,Pakistan,New Zealand,Shoaib Malik,Mohammad Hafeez,C Munro,0,0,,,,,,,,,
1115803,2017/18,2018-01-09,Saxton Oval,1,18.5,Pakistan,New Zealand,Shoaib Malik,Mohammad Hafeez,C Munro,0,0,,,,,,,,,
1115803,2017/18,2018-01-09,Saxton Oval,1,18.6,Pakistan,New Zealand,Shoaib Malik,Mohammad Hafeez,C Munro,1,0,,,,,,,,,
1115803,2017/18,2018-01-09,Saxton Oval,1,19.1,Pakistan,New Zealand,Shoaib Malik,Mohammad Hafeez,TD Astle,6,0,,,,,,,,,
1115803,2017/18,2018-01-09,Saxton Oval,1,19.2,Pakistan,New Zealand,Shoaib Malik,Mohammad Hafeez,TD Astle,1,0,,,,,,,,,
1115803,2017/18,2018-01-09,Saxton Oval,1,19.3,Pakistan,New Zealand,Mohammad Hafeez,Shoaib Malik,TD Astle,0,0,,,,,,,,,
1115803,2017/18,2018-01-09,Saxton Oval,1,19.4,Pakistan,New Zealand,Mohammad Hafeez,Shoaib Malik,TD Astle,0,0,,,,,,,,,
1115803,2017/18,2018-01-09,Saxton Oval,1,19.5,Pakistan,New Zealand,Mohammad Hafeez,Shoaib Malik,TD Astle,0,0,,,,,,,,,
1115803,2017/18,2018-01-09,Saxton Oval,1,19.6,Pakistan,New Zealand,Mohammad Hafeez,Shoaib Malik,TD Astle,4,0,,,,,,,,,
1115803,2017/18,2018-01-09,Saxton Oval,1,20.1,Pakistan,New Zealand,Shoaib Malik,Mohammad Hafeez,C Munro,0,0,,,,,,,,,
1115803,2017/18,2018-01-09,Saxton Oval,1,20.2,Pakistan,New Zealand,Shoaib Malik,Mohammad Hafeez,C Munro,1,0,,,,,,,,,
1115803,2017/18,2018-01-09,Saxton Oval,1,20.3,Pakistan,New Zealand,Mohammad Hafeez,Shoaib Malik,C Munro,0,0,,,,,,,,,
1115803,2017/18,2018-01-09,Saxton Oval,1,20.4,Pakistan,New Zealand,Mohammad Hafeez,Shoaib Malik,C Munro,1,0,,,,,,,,,
1115803,2017/18,2018-01-09,Saxton Oval,1,20.5,Pakistan,New Zealand,Shoaib Malik,Mohammad Hafeez,C Munro,1,0,,,,,,,,,
1115803,2017/18,2018-01-09,Saxton Oval,1,20.6,Pakistan,New Zealand,Mohammad Hafeez,Shoaib Malik,C Munro,1,0,,,,,,,,,
1115803,2017/18,2018-01-09,Saxton Oval,1,21.1,Pakistan,New Zealand,Mohammad Hafeez,Shoaib Malik,TD Astle,1,0,,,,,,,,,
1115803,2017/18,2018-01-09,Saxton Oval,1,21.2,Pakistan,New Zealand,Shoaib Malik,Mohammad Hafeez,TD Astle,0,0,,,,,,,,,
1115803,2017/18,2018-01-09,Saxton Oval,1,21.3,Pakistan,New Zealand,Shoaib Malik,Mohammad Hafeez,TD Astle,0,0,,,,,,,,,
1115803,2017/18,2018-01-09,Saxton Oval,1,21.4,Pakistan,New Zealand,Shoaib Malik,Mohammad Hafeez,TD Astle,0,0,,,,,,,,,
1115803,2017/18,2018-01-09,Saxton Oval,1,21.5,Pakistan,New Zealand,Shoaib Malik,Mohammad Hafeez,TD Astle,0,0,,,,,,,,,
1115803,2017/18,2018-01-09,Saxton Oval,1,21.6,Pakistan,New Zealand,Shoaib Malik,Mohammad Hafeez,TD Astle,0,0,,,,,,caught,Shoaib Malik,,
1115803,2017/18,2018-01-09,Saxton Oval,1,22.1,Pakistan,New Zealand,Mohammad Hafeez,Sarfraz Ahmed,TA Boult,4,0,,,,,,,,,
1115803,2017/18,2018-01-09,Saxton Oval,1,22.2,Pakistan,New Zealand,Mohammad Hafeez,Sarfraz Ahmed,TA Boult,0,0,,,,,,,,,
1115803,2017/18,2018-01-09,Saxton Oval,1,22.3,Pakistan,New Zealand,Mohammad Hafeez,Sarfraz Ahmed,TA Boult,0,0,,,,,,,,,
1115803,2017/18,2018-01-09,Saxton Oval,1,22.4,Pakistan,New Zealand,Mohammad Hafeez,Sarfraz Ahmed,TA Boult,1,0,,,,,,,,,
1115803,2017/18,2018-01-09,Saxton Oval,1,22.5,Pakistan,New Zealand,Sarfraz Ahmed,Mohammad Hafeez,TA Boult,0,0,,,,,,,,,
1115803,2017/18,2018-01-09,Saxton Oval,1,22.6,Pakistan,New Zealand,Sarfraz Ahmed,Mohammad Hafeez,TA Boult,0,0,,,,,,,,,
1115803,2017/18,2018-01-09,Saxton Oval,1,23.1,Pakistan,New Zealand,Mohammad Hafeez,Sarfraz Ahmed,TD Astle,0,0,,,,,,,,,
1115803,2017/18,2018-01-09,Saxton Oval,1,23.2,Pakistan,New Zealand,Mohammad Hafeez,Sarfraz Ahmed,TD Astle,0,0,,,,,,,,,
1115803,2017/18,2018-01-09,Saxton Oval,1,23.3,Pakistan,New Zealand,Mohammad Hafeez,Sarfraz Ahmed,TD Astle,0,0,,,,,,,,,
1115803,2017/18,2018-01-09,Saxton Oval,1,23.4,Pakistan,New Zealand,Mohammad Hafeez,Sarfraz Ahmed,TD Astle,4,0,,,,,,,,,
1115803,2017/18,2018-01-09,Saxton Oval,1,23.5,Pakistan,New Zealand,Mohammad Hafeez,Sarfraz Ahmed,TD Astle,1,0,,,,,,,,,
1115803,2017/18,2018-01-09,Saxton Oval,1,23.6,Pakistan,New Zealand,Sarfraz Ahmed,Mohammad Hafeez,TD Astle,2,0,,,,,,,,,
1115803,2017/18,2018-01-09,Saxton Oval,1,24.1,Pakistan,New Zealand,Mohammad Hafeez,Sarfraz Ahmed,TA Boult,2,0,,,,,,,,,
1115803,2017/18,2018-01-09,Saxton Oval,1,24.2,Pakistan,New Zealand,Mohammad Hafeez,Sarfraz Ahmed,TA Boult,1,0,,,,,,,,,
1115803,2017/18,2018-01-09,Saxton Oval,1,24.3,Pakistan,New Zealand,Sarfraz Ahmed,Mohammad Hafeez,TA Boult,1,0,,,,,,,,,
1115803,2017/18,2018-01-09,Saxton Oval,1,24.4,Pakistan,New Zealand,Mohammad Hafeez,Sarfraz Ahmed,TA Boult,4,0,,,,,,,,,
1115803,2017/18,2018-01-09,Saxton Oval,1,24.5,Pakistan,New Zealand,Mohammad Hafeez,Sarfraz Ahmed,TA Boult,0,0,,,,,,,,,
1115803,2017/18,2018-01-09,Saxton Oval,1,24.6,Pakistan,New Zealand,Mohammad Hafeez,Sarfraz Ahmed,TA Boult,4,0,,,,,,,,,
1115803,2017/18,2018-01-09,Saxton Oval,1,25.1,Pakistan,New Zealand,Sarfraz Ahmed,Mohammad Hafeez,TD Astle,0,0,,,,,,,,,
1115803,2017/18,2018-01-09,Saxton Oval,1,25.2,Pakistan,New Zealand,Sarfraz Ahmed,Mohammad Hafeez,TD Astle,0,0,,,,,,stumped,Sarfraz Ahmed,,
1115803,2017/18,2018-01-09,Saxton Oval,1,25.3,Pakistan,New Zealand,Shadab Khan,Mohammad Hafeez,TD Astle,2,0,,,,,,,,,
1115803,2017/18,2018-01-09,Saxton Oval,1,25.4,Pakistan,New Zealand,Shadab Khan,Mohammad Hafeez,TD Astle,1,0,,,,,,,,,
1115803,2017/18,2018-01-09,Saxton Oval,1,25.5,Pakistan,New Zealand,Mohammad Hafeez,Shadab Khan,TD Astle,0,0,,,,,,,,,
1115803,2017/18,2018-01-09,Saxton Oval,1,25.6,Pakistan,New Zealand,Mohammad Hafeez,Shadab Khan,TD Astle,0,0,,,,,,,,,
1115803,2017/18,2018-01-09,Saxton Oval,1,26.1,Pakistan,New Zealand,Shadab Khan,Mohammad Hafeez,LH Ferguson,0,0,,,,,,,,,
1115803,2017/18,2018-01-09,Saxton Oval,1,26.2,Pakistan,New Zealand,Shadab Khan,Mohammad Hafeez,LH Ferguson,0,0,,,,,,,,,
1115803,2017/18,2018-01-09,Saxton Oval,1,26.3,Pakistan,New Zealand,Shadab Khan,Mohammad Hafeez,LH Ferguson,2,0,,,,,,,,,
1115803,2017/18,2018-01-09,Saxton Oval,1,26.4,Pakistan,New Zealand,Shadab Khan,Mohammad Hafeez,LH Ferguson,0,0,,,,,,,,,
1115803,2017/18,2018-01-09,Saxton Oval,1,26.5,Pakistan,New Zealand,Shadab Khan,Mohammad Hafeez,LH Ferguson,0,0,,,,,,,,,
1115803,2017/18,2018-01-09,Saxton Oval,1,26.6,Pakistan,New Zealand,Shadab Khan,Mohammad Hafeez,LH Ferguson,1,0,,,,,,,,,
1115803,2017/18,2018-01-09,Saxton Oval,1,27.1,Pakistan,New Zealand,Shadab Khan,Mohammad Hafeez,TD Astle,1,0,,,,,,,,,
1115803,2017/18,2018-01-09,Saxton Oval,1,27.2,Pakistan,New Zealand,Mohammad Hafeez,Shadab Khan,TD Astle,1,0,,,,,,,,,
1115803,2017/18,2018-01-09,Saxton Oval,1,27.3,Pakistan,New Zealand,Shadab Khan,Mohammad Hafeez,TD Astle,1,0,,,,,,,,,
1115803,2017/18,2018-01-09,Saxton Oval,1,27.4,Pakistan,New Zealand,Mohammad Hafeez,Shadab Khan,TD Astle,1,0,,,,,,,,,
1115803,2017/18,2018-01-09,Saxton Oval,1,27.5,Pakistan,New Zealand,Shadab Khan,Mohammad Hafeez,TD Astle,1,0,,,,,,,,,
1115803,2017/18,2018-01-09,Saxton Oval,1,27.6,Pakistan,New Zealand,Mohammad Hafeez,Shadab Khan,TD Astle,1,0,,,,,,,,,
1115803,2017/18,2018-01-09,Saxton Oval,1,28.1,Pakistan,New Zealand,Mohammad Hafeez,Shadab Khan,LH Ferguson,1,0,,,,,,,,,
1115803,2017/18,2018-01-09,Saxton Oval,1,28.2,Pakistan,New Zealand,Shadab Khan,Mohammad Hafeez,LH Ferguson,1,0,,,,,,,,,
1115803,2017/18,2018-01-09,Saxton Oval,1,28.3,Pakistan,New Zealand,Mohammad Hafeez,Shadab Khan,LH Ferguson,0,0,,,,,,,,,
1115803,2017/18,2018-01-09,Saxton Oval,1,28.4,Pakistan,New Zealand,Mohammad Hafeez,Shadab Khan,LH Ferguson,0,0,,,,,,,,,
1115803,2017/18,2018-01-09,Saxton Oval,1,28.5,Pakistan,New Zealand,Mohammad Hafeez,Shadab Khan,LH Ferguson,1,0,,,,,,,,,
1115803,2017/18,2018-01-09,Saxton Oval,1,28.6,Pakistan,New Zealand,Shadab Khan,Mohammad Hafeez,LH Ferguson,0,0,,,,,,,,,
1115803,2017/18,2018-01-09,Saxton Oval,1,29.1,Pakistan,New Zealand,Mohammad Hafeez,Shadab Khan,MJ Santner,0,0,,,,,,,,,
1115803,2017/18,2018-01-09,Saxton Oval,1,29.2,Pakistan,New Zealand,Mohammad Hafeez,Shadab Khan,MJ Santner,0,0,,,,,,,,,
1115803,2017/18,2018-01-09,Saxton Oval,1,29.3,Pakistan,New Zealand,Mohammad Hafeez,Shadab Khan,MJ Santner,1,0,,,,,,,,,
1115803,2017/18,2018-01-09,Saxton Oval,1,29.4,Pakistan,New Zealand,Shadab Khan,Mohammad Hafeez,MJ Santner,0,0,,,,,,,,,
1115803,2017/18,2018-01-09,Saxton Oval,1,29.5,Pakistan,New Zealand,Shadab Khan,Mohammad Hafeez,MJ Santner,1,0,,,,,,,,,
1115803,2017/18,2018-01-09,Saxton Oval,1,29.6,Pakistan,New Zealand,Mohammad Hafeez,Shadab Khan,MJ Santner,0,0,,,,,,,,,
1115803,2017/18,2018-01-09,Saxton Oval,1,30.1,Pakistan,New Zealand,Shadab Khan,Mohammad Hafeez,TG Southee,0,0,,,,,,,,,
1115803,2017/18,2018-01-09,Saxton Oval,1,30.2,Pakistan,New Zealand,Shadab Khan,Mohammad Hafeez,TG Southee,0,0,,,,,,,,,
1115803,2017/18,2018-01-09,Saxton Oval,1,30.3,Pakistan,New Zealand,Shadab Khan,Mohammad Hafeez,TG Southee,0,0,,,,,,,,,
1115803,2017/18,2018-01-09,Saxton Oval,1,30.4,Pakistan,New Zealand,Shadab Khan,Mohammad Hafeez,TG Southee,1,0,,,,,,,,,
1115803,2017/18,2018-01-09,Saxton Oval,1,30.5,Pakistan,New Zealand,Mohammad Hafeez,Shadab Khan,TG Southee,1,0,,,,,,,,,
1115803,2017/18,2018-01-09,Saxton Oval,1,30.6,Pakistan,New Zealand,Shadab Khan,Mohammad Hafeez,TG Southee,0,0,,,,,,,,,
1115803,2017/18,2018-01-09,Saxton Oval,1,31.1,Pakistan,New Zealand,Mohammad Hafeez,Shadab Khan,MJ Santner,0,0,,,,,,caught,Mohammad Hafeez,,
1115803,2017/18,2018-01-09,Saxton Oval,1,31.2,Pakistan,New Zealand,Faheem Ashraf,Shadab Khan,MJ Santner,0,0,,,,,,,,,
1115803,2017/18,2018-01-09,Saxton Oval,1,31.3,Pakistan,New Zealand,Faheem Ashraf,Shadab Khan,MJ Santner,0,0,,,,,,,,,
1115803,2017/18,2018-01-09,Saxton Oval,1,31.4,Pakistan,New Zealand,Faheem Ashraf,Shadab Khan,MJ Santner,1,0,,,,,,,,,
1115803,2017/18,2018-01-09,Saxton Oval,1,31.5,Pakistan,New Zealand,Shadab Khan,Faheem Ashraf,MJ Santner,1,0,,,,,,,,,
1115803,2017/18,2018-01-09,Saxton Oval,1,31.6,Pakistan,New Zealand,Faheem Ashraf,Shadab Khan,MJ Santner,1,0,,,,,,,,,
1115803,2017/18,2018-01-09,Saxton Oval,1,32.1,Pakistan,New Zealand,Faheem Ashraf,Shadab Khan,TG Southee,4,0,,,,,,,,,
1115803,2017/18,2018-01-09,Saxton Oval,1,32.2,Pakistan,New Zealand,Faheem Ashraf,Shadab Khan,TG Southee,0,1,1,,,,,,,,
1115803,2017/18,2018-01-09,Saxton Oval,1,32.3,Pakistan,New Zealand,Faheem Ashraf,Shadab Khan,TG Southee,0,0,,,,,,,,,
1115803,2017/18,2018-01-09,Saxton Oval,1,32.4,Pakistan,New Zealand,Faheem Ashraf,Shadab Khan,TG Southee,0,0,,,,,,,,,
1115803,2017/18,2018-01-09,Saxton Oval,1,32.5,Pakistan,New Zealand,Faheem Ashraf,Shadab Khan,TG Southee,0,0,,,,,,,,,
1115803,2017/18,2018-01-09,Saxton Oval,1,32.6,Pakistan,New Zealand,Faheem Ashraf,Shadab Khan,TG Southee,0,0,,,,,,,,,
1115803,2017/18,2018-01-09,Saxton Oval,1,32.7,Pakistan,New Zealand,Faheem Ashraf,Shadab Khan,TG Southee,0,0,,,,,,,,,
1115803,2017/18,2018-01-09,Saxton Oval,1,33.1,Pakistan,New Zealand,Shadab Khan,Faheem Ashraf,MJ Santner,0,0,,,,,,,,,
1115803,2017/18,2018-01-09,Saxton Oval,1,33.2,Pakistan,New Zealand,Shadab Khan,Faheem Ashraf,MJ Santner,0,0,,,,,,,,,
1115803,2017/18,2018-01-09,Saxton Oval,1,33.3,Pakistan,New Zealand,Shadab Khan,Faheem Ashraf,MJ Santner,1,0,,,,,,,,,
1115803,2017/18,2018-01-09,Saxton Oval,1,33.4,Pakistan,New Zealand,Faheem Ashraf,Shadab Khan,MJ Santner,0,0,,,,,,,,,
1115803,2017/18,2018-01-09,Saxton Oval,1,33.5,Pakistan,New Zealand,Faheem Ashraf,Shadab Khan,MJ Santner,0,0,,,,,,,,,
1115803,2017/18,2018-01-09,Saxton Oval,1,33.6,Pakistan,New Zealand,Faheem Ashraf,Shadab Khan,MJ Santner,0,0,,,,,,,,,
1115803,2017/18,2018-01-09,Saxton Oval,1,34.1,Pakistan,New Zealand,Shadab Khan,Faheem Ashraf,TG Southee,0,0,,,,,,,,,
1115803,2017/18,2018-01-09,Saxton Oval,1,34.2,Pakistan,New Zealand,Shadab Khan,Faheem Ashraf,TG Southee,0,0,,,,,,,,,
1115803,2017/18,2018-01-09,Saxton Oval,1,34.3,Pakistan,New Zealand,Shadab Khan,Faheem Ashraf,TG Southee,0,0,,,,,,,,,
1115803,2017/18,2018-01-09,Saxton Oval,1,34.4,Pakistan,New Zealand,Shadab Khan,Faheem Ashraf,TG Southee,0,0,,,,,,,,,
1115803,2017/18,2018-01-09,Saxton Oval,1,34.5,Pakistan,New Zealand,Shadab Khan,Faheem Ashraf,TG Southee,0,0,,,,,,,,,
1115803,2017/18,2018-01-09,Saxton Oval,1,34.6,Pakistan,New Zealand,Shadab Khan,Faheem Ashraf,TG Southee,1,0,,,,,,,,,
1115803,2017/18,2018-01-09,Saxton Oval,1,35.1,Pakistan,New Zealand,Shadab Khan,Faheem Ashraf,MJ Santner,1,0,,,,,,,,,
1115803,2017/18,2018-01-09,Saxton Oval,1,35.2,Pakistan,New Zealand,Faheem Ashraf,Shadab Khan,MJ Santner,1,0,,,,,,,,,
1115803,2017/18,2018-01-09,Saxton Oval,1,35.3,Pakistan,New Zealand,Shadab Khan,Faheem Ashraf,MJ Santner,0,0,,,,,,,,,
1115803,2017/18,2018-01-09,Saxton Oval,1,35.4,Pakistan,New Zealand,Shadab Khan,Faheem Ashraf,MJ Santner,1,0,,,,,,,,,
1115803,2017/18,2018-01-09,Saxton Oval,1,35.5,Pakistan,New Zealand,Faheem Ashraf,Shadab Khan,MJ Santner,0,0,,,,,,,,,
1115803,2017/18,2018-01-09,Saxton Oval,1,35.6,Pakistan,New Zealand,Faheem Ashraf,Shadab Khan,MJ Santner,0,0,,,,,,,,,
1115803,2017/18,2018-01-09,Saxton Oval,1,36.1,Pakistan,New Zealand,Shadab Khan,Faheem Ashraf,LH Ferguson,0,0,,,,,,,,,
1115803,2017/18,2018-01-09,Saxton Oval,1,36.2,Pakistan,New Zealand,Shadab Khan,Faheem Ashraf,LH Ferguson,1,0,,,,,,,,,
1115803,2017/18,2018-01-09,Saxton Oval,1,36.3,Pakistan,New Zealand,Faheem Ashraf,Shadab Khan,LH Ferguson,0,0,,,,,,,,,
1115803,2017/18,2018-01-09,Saxton Oval,1,36.4,Pakistan,New Zealand,Faheem Ashraf,Shadab Khan,LH Ferguson,0,0,,,,,,caught,Faheem Ashraf,,
1115803,2017/18,2018-01-09,Saxton Oval,1,36.5,Pakistan,New Zealand,Hasan Ali,Shadab Khan,LH Ferguson,0,0,,,,,,,,,
1115803,2017/18,2018-01-09,Saxton Oval,1,36.6,Pakistan,New Zealand,Hasan Ali,Shadab Khan,LH Ferguson,1,0,,,,,,,,,
1115803,2017/18,2018-01-09,Saxton Oval,1,37.1,Pakistan,New Zealand,Hasan Ali,Shadab Khan,MJ Santner,0,0,,,,,,,,,
1115803,2017/18,2018-01-09,Saxton Oval,1,37.2,Pakistan,New Zealand,Hasan Ali,Shadab Khan,MJ Santner,0,0,,,,,,,,,
1115803,2017/18,2018-01-09,Saxton Oval,1,37.3,Pakistan,New Zealand,Hasan Ali,Shadab Khan,MJ Santner,0,0,,,,,,,,,
1115803,2017/18,2018-01-09,Saxton Oval,1,37.4,Pakistan,New Zealand,Hasan Ali,Shadab Khan,MJ Santner,6,0,,,,,,,,,
1115803,2017/18,2018-01-09,Saxton Oval,1,37.5,Pakistan,New Zealand,Hasan Ali,Shadab Khan,MJ Santner,6,0,,,,,,,,,
1115803,2017/18,2018-01-09,Saxton Oval,1,37.6,Pakistan,New Zealand,Hasan Ali,Shadab Khan,MJ Santner,1,0,,,,,,,,,
1115803,2017/18,2018-01-09,Saxton Oval,1,38.1,Pakistan,New Zealand,Hasan Ali,Shadab Khan,LH Ferguson,0,0,,,,,,,,,
1115803,2017/18,2018-01-09,Saxton Oval,1,38.2,Pakistan,New Zealand,Hasan Ali,Shadab Khan,LH Ferguson,0,0,,,,,,,,,
1115803,2017/18,2018-01-09,Saxton Oval,1,38.3,Pakistan,New Zealand,Hasan Ali,Shadab Khan,LH Ferguson,4,0,,,,,,,,,
1115803,2017/18,2018-01-09,Saxton Oval,1,38.4,Pakistan,New Zealand,Hasan Ali,Shadab Khan,LH Ferguson,0,0,,,,,,,,,
1115803,2017/18,2018-01-09,Saxton Oval,1,38.5,Pakistan,New Zealand,Hasan Ali,Shadab Khan,LH Ferguson,0,0,,,,,,,,,
1115803,2017/18,2018-01-09,Saxton Oval,1,38.6,Pakistan,New Zealand,Hasan Ali,Shadab Khan,LH Ferguson,0,0,,,,,,,,,
1115803,2017/18,2018-01-09,Saxton Oval,1,39.1,Pakistan,New Zealand,Shadab Khan,Hasan Ali,MJ Santner,0,0,,,,,,,,,
1115803,2017/18,2018-01-09,Saxton Oval,1,39.2,Pakistan,New Zealand,Shadab Khan,Hasan Ali,MJ Santner,0,0,,,,,,,,,
1115803,2017/18,2018-01-09,Saxton Oval,1,39.3,Pakistan,New Zealand,Shadab Khan,Hasan Ali,MJ Santner,0,0,,,,,,,,,
1115803,2017/18,2018-01-09,Saxton Oval,1,39.4,Pakistan,New Zealand,Shadab Khan,Hasan Ali,MJ Santner,0,0,,,,,,,,,
1115803,2017/18,2018-01-09,Saxton Oval,1,39.5,Pakistan,New Zealand,Shadab Khan,Hasan Ali,MJ Santner,1,0,,,,,,,,,
1115803,2017/18,2018-01-09,Saxton Oval,1,39.6,Pakistan,New Zealand,Hasan Ali,Shadab Khan,MJ Santner,0,0,,,,,,,,,
1115803,2017/18,2018-01-09,Saxton Oval,1,40.1,Pakistan,New Zealand,Shadab Khan,Hasan Ali,LH Ferguson,0,0,,,,,,,,,
1115803,2017/18,2018-01-09,Saxton Oval,1,40.2,Pakistan,New Zealand,Shadab Khan,Hasan Ali,LH Ferguson,0,1,1,,,,,,,,
1115803,2017/18,2018-01-09,Saxton Oval,1,40.3,Pakistan,New Zealand,Shadab Khan,Hasan Ali,LH Ferguson,1,0,,,,,,,,,
1115803,2017/18,2018-01-09,Saxton Oval,1,40.4,Pakistan,New Zealand,Hasan Ali,Shadab Khan,LH Ferguson,0,0,,,,,,,,,
1115803,2017/18,2018-01-09,Saxton Oval,1,40.5,Pakistan,New Zealand,Hasan Ali,Shadab Khan,LH Ferguson,1,0,,,,,,,,,
1115803,2017/18,2018-01-09,Saxton Oval,1,40.6,Pakistan,New Zealand,Shadab Khan,Hasan Ali,LH Ferguson,0,0,,,,,,,,,
1115803,2017/18,2018-01-09,Saxton Oval,1,40.7,Pakistan,New Zealand,Shadab Khan,Hasan Ali,LH Ferguson,0,1,1,,,,,,,,
1115803,2017/18,2018-01-09,Saxton Oval,1,40.8,Pakistan,New Zealand,Shadab Khan,Hasan Ali,LH Ferguson,0,0,,,,,,,,,
1115803,2017/18,2018-01-09,Saxton Oval,1,41.1,Pakistan,New Zealand,Hasan Ali,Shadab Khan,TA Boult,1,0,,,,,,,,,
1115803,2017/18,2018-01-09,Saxton Oval,1,41.2,Pakistan,New Zealand,Shadab Khan,Hasan Ali,TA Boult,1,0,,,,,,,,,
1115803,2017/18,2018-01-09,Saxton Oval,1,41.3,Pakistan,New Zealand,Hasan Ali,Shadab Khan,TA Boult,1,0,,,,,,,,,
1115803,2017/18,2018-01-09,Saxton Oval,1,41.4,Pakistan,New Zealand,Shadab Khan,Hasan Ali,TA Boult,2,0,,,,,,,,,
1115803,2017/18,2018-01-09,Saxton Oval,1,41.5,Pakistan,New Zealand,Shadab Khan,Hasan Ali,TA Boult,1,0,,,,,,,,,
1115803,2017/18,2018-01-09,Saxton Oval,1,41.6,Pakistan,New Zealand,Hasan Ali,Shadab Khan,TA Boult,1,0,,,,,,,,,
1115803,2017/18,2018-01-09,Saxton Oval,1,42.1,Pakistan,New Zealand,Hasan Ali,Shadab Khan,TD Astle,4,0,,,,,,,,,
1115803,2017/18,2018-01-09,Saxton Oval,1,42.2,Pakistan,New Zealand,Hasan Ali,Shadab Khan,TD Astle,0,1,1,,,,,,,,
1115803,2017/18,2018-01-09,Saxton Oval,1,42.3,Pakistan,New Zealand,Hasan Ali,Shadab Khan,TD Astle,6,0,,,,,,,,,
1115803,2017/18,2018-01-09,Saxton Oval,1,42.4,Pakistan,New Zealand,Hasan Ali,Shadab Khan,TD Astle,1,0,,,,,,,,,
1115803,2017/18,2018-01-09,Saxton Oval,1,42.5,Pakistan,New Zealand,Shadab Khan,Hasan Ali,TD Astle,4,0,,,,,,,,,
1115803,2017/18,2018-01-09,Saxton Oval,1,42.6,Pakistan,New Zealand,Shadab Khan,Hasan Ali,TD Astle,1,0,,,,,,,,,
1115803,2017/18,2018-01-09,Saxton Oval,1,42.7,Pakistan,New Zealand,Hasan Ali,Shadab Khan,TD Astle,4,0,,,,,,,,,
1115803,2017/18,2018-01-09,Saxton Oval,1,43.1,Pakistan,New Zealand,Shadab Khan,Hasan Ali,TA Boult,0,0,,,,,,,,,
1115803,2017/18,2018-01-09,Saxton Oval,1,43.2,Pakistan,New Zealand,Shadab Khan,Hasan Ali,TA Boult,1,0,,,,,,,,,
1115803,2017/18,2018-01-09,Saxton Oval,1,43.3,Pakistan,New Zealand,Hasan Ali,Shadab Khan,TA Boult,1,0,,,,,,,,,
1115803,2017/18,2018-01-09,Saxton Oval,1,43.4,Pakistan,New Zealand,Shadab Khan,Hasan Ali,TA Boult,1,0,,,,,,,,,
1115803,2017/18,2018-01-09,Saxton Oval,1,43.5,Pakistan,New Zealand,Hasan Ali,Shadab Khan,TA Boult,1,1,,1,,,,,,,
1115803,2017/18,2018-01-09,Saxton Oval,1,43.6,Pakistan,New Zealand,Shadab Khan,Hasan Ali,TA Boult,1,0,,,,,,,,,
1115803,2017/18,2018-01-09,Saxton Oval,1,43.7,Pakistan,New Zealand,Hasan Ali,Shadab Khan,TA Boult,0,0,,,,,,,,,
1115803,2017/18,2018-01-09,Saxton Oval,1,44.1,Pakistan,New Zealand,Shadab Khan,Hasan Ali,TG Southee,1,0,,,,,,,,,
1115803,2017/18,2018-01-09,Saxton Oval,1,44.2,Pakistan,New Zealand,Hasan Ali,Shadab Khan,TG Southee,4,0,,,,,,,,,
1115803,2017/18,2018-01-09,Saxton Oval,1,44.3,Pakistan,New Zealand,Hasan Ali,Shadab Khan,TG Southee,6,0,,,,,,,,,
1115803,2017/18,2018-01-09,Saxton Oval,1,44.4,Pakistan,New Zealand,Hasan Ali,Shadab Khan,TG Southee,2,0,,,,,,,,,
1115803,2017/18,2018-01-09,Saxton Oval,1,44.5,Pakistan,New Zealand,Hasan Ali,Shadab Khan,TG Southee,0,0,,,,,,caught,Hasan Ali,,
1115803,2017/18,2018-01-09,Saxton Oval,1,44.6,Pakistan,New Zealand,Shadab Khan,Mohammad Amir,TG Southee,0,0,,,,,,,,,
1115803,2017/18,2018-01-09,Saxton Oval,1,45.1,Pakistan,New Zealand,Mohammad Amir,Shadab Khan,TA Boult,0,0,,,,,,,,,
1115803,2017/18,2018-01-09,Saxton Oval,1,45.2,Pakistan,New Zealand,Mohammad Amir,Shadab Khan,TA Boult,0,0,,,,,,,,,
1115803,2017/18,2018-01-09,Saxton Oval,1,45.3,Pakistan,New Zealand,Mohammad Amir,Shadab Khan,TA Boult,0,0,,,,,,,,,
1115803,2017/18,2018-01-09,Saxton Oval,1,45.4,Pakistan,New Zealand,Mohammad Amir,Shadab Khan,TA Boult,0,0,,,,,,,,,
1115803,2017/18,2018-01-09,Saxton Oval,1,45.5,Pakistan,New Zealand,Mohammad Amir,Shadab Khan,TA Boult,1,0,,,,,,,,,
1115803,2017/18,2018-01-09,Saxton Oval,1,45.6,Pakistan,New Zealand,Shadab Khan,Mohammad Amir,TA Boult,1,0,,,,,,,,,
1115803,2017/18,2018-01-09,Saxton Oval,1,46.1,Pakistan,New Zealand,Shadab Khan,Mohammad Amir,TG Southee,1,0,,,,,,,,,
1115803,2017/18,2018-01-09,Saxton Oval,1,46.2,Pakistan,New Zealand,Mohammad Amir,Shadab Khan,TG Southee,0,0,,,,,,,,,
1115803,2017/18,2018-01-09,Saxton Oval,1,46.3,Pakistan,New Zealand,Mohammad Amir,Shadab Khan,TG Southee,1,0,,,,,,,,,
1115803,2017/18,2018-01-09,Saxton Oval,1,46.4,Pakistan,New Zealand,Shadab Khan,Mohammad Amir,TG Southee,6,0,,,,,,,,,
1115803,2017/18,2018-01-09,Saxton Oval,1,46.5,Pakistan,New Zealand,Shadab Khan,Mohammad Amir,TG Southee,4,0,,,,,,,,,
1115803,2017/18,2018-01-09,Saxton Oval,1,46.6,Pakistan,New Zealand,Shadab Khan,Mohammad Amir,TG Southee,1,0,,,,,,,,,
1115803,2017/18,2018-01-09,Saxton Oval,1,47.1,Pakistan,New Zealand,Shadab Khan,Mohammad Amir,TA Boult,0,0,,,,,,,,,
1115803,2017/18,2018-01-09,Saxton Oval,1,47.2,Pakistan,New Zealand,Shadab Khan,Mohammad Amir,TA Boult,4,0,,,,,,,,,
1115803,2017/18,2018-01-09,Saxton Oval,1,47.3,Pakistan,New Zealand,Shadab Khan,Mohammad Amir,TA Boult,0,0,,,,,,,,,
1115803,2017/18,2018-01-09,Saxton Oval,1,47.4,Pakistan,New Zealand,Shadab Khan,Mohammad Amir,TA Boult,0,0,,,,,,,,,
1115803,2017/18,2018-01-09,Saxton Oval,1,47.5,Pakistan,New Zealand,Shadab Khan,Mohammad Amir,TA Boult,1,0,,,,,,,,,
1115803,2017/18,2018-01-09,Saxton Oval,1,47.6,Pakistan,New Zealand,Mohammad Amir,Shadab Khan,TA Boult,1,0,,,,,,,,,
1115803,2017/18,2018-01-09,Saxton Oval,1,48.1,Pakistan,New Zealand,Mohammad Amir,Shadab Khan,C Munro,2,0,,,,,,,,,
1115803,2017/18,2018-01-09,Saxton Oval,1,48.2,Pakistan,New Zealand,Mohammad Amir,Shadab Khan,C Munro,0,0,,,,,,,,,
1115803,2017/18,2018-01-09,Saxton Oval,1,48.3,Pakistan,New Zealand,Mohammad Amir,Shadab Khan,C Munro,0,0,,,,,,,,,
1115803,2017/18,2018-01-09,Saxton Oval,1,48.4,Pakistan,New Zealand,Mohammad Amir,Shadab Khan,C Munro,1,0,,,,,,,,,
1115803,2017/18,2018-01-09,Saxton Oval,1,48.5,Pakistan,New Zealand,Shadab Khan,Mohammad Amir,C Munro,1,0,,,,,,,,,
1115803,2017/18,2018-01-09,Saxton Oval,1,48.6,Pakistan,New Zealand,Mohammad Amir,Shadab Khan,C Munro,1,0,,,,,,,,,
1115803,2017/18,2018-01-09,Saxton Oval,1,49.1,Pakistan,New Zealand,Mohammad Amir,Shadab Khan,LH Ferguson,1,0,,,,,,,,,
1115803,2017/18,2018-01-09,Saxton Oval,1,49.2,Pakistan,New Zealand,Shadab Khan,Mohammad Amir,LH Ferguson,0,0,,,,,,,,,
1115803,2017/18,2018-01-09,Saxton Oval,1,49.3,Pakistan,New Zealand,Shadab Khan,Mohammad Amir,LH Ferguson,0,1,1,,,,,,,,
1115803,2017/18,2018-01-09,Saxton Oval,1,49.4,Pakistan,New Zealand,Shadab Khan,Mohammad Amir,LH Ferguson,0,0,,,,,,caught,Shadab Khan,,
1115803,2017/18,2018-01-09,Saxton Oval,1,49.5,Pakistan,New Zealand,Rumman Raees,Mohammad Amir,LH Ferguson,4,0,,,,,,,,,
1115803,2017/18,2018-01-09,Saxton Oval,1,49.6,Pakistan,New Zealand,Rumman Raees,Mohammad Amir,LH Ferguson,2,0,,,,,,,,,
1115803,2017/18,2018-01-09,Saxton Oval,1,49.7,Pakistan,New Zealand,Rumman Raees,Mohammad Amir,LH Ferguson,0,1,1,,,,,,,,
1115803,2017/18,2018-01-09,Saxton Oval,1,49.8,Pakistan,New Zealand,Rumman Raees,Mohammad Amir,LH Ferguson,0,0,,,,,,,,,
1115803,2017/18,2018-01-09,Saxton Oval,2,0.1,New Zealand,Pakistan,MJ Guptill,C Munro,Mohammad Amir,1,0,,,,,,,,,
1115803,2017/18,2018-01-09,Saxton Oval,2,0.2,New Zealand,Pakistan,C Munro,MJ Guptill,Mohammad Amir,0,0,,,,,,,,,
1115803,2017/18,2018-01-09,Saxton Oval,2,0.3,New Zealand,Pakistan,C Munro,MJ Guptill,Mohammad Amir,0,0,,,,,,caught,C Munro,,
1115803,2017/18,2018-01-09,Saxton Oval,2,0.4,New Zealand,Pakistan,MJ Guptill,KS Williamson,Mohammad Amir,0,0,,,,,,,,,
1115803,2017/18,2018-01-09,Saxton Oval,2,0.5,New Zealand,Pakistan,MJ Guptill,KS Williamson,Mohammad Amir,1,0,,,,,,,,,
1115803,2017/18,2018-01-09,Saxton Oval,2,0.6,New Zealand,Pakistan,KS Williamson,MJ Guptill,Mohammad Amir,0,0,,,,,,,,,
1115803,2017/18,2018-01-09,Saxton Oval,2,1.1,New Zealand,Pakistan,MJ Guptill,KS Williamson,Rumman Raees,0,0,,,,,,,,,
1115803,2017/18,2018-01-09,Saxton Oval,2,1.2,New Zealand,Pakistan,MJ Guptill,KS Williamson,Rumman Raees,2,0,,,,,,,,,
1115803,2017/18,2018-01-09,Saxton Oval,2,1.3,New Zealand,Pakistan,MJ Guptill,KS Williamson,Rumman Raees,0,0,,,,,,,,,
1115803,2017/18,2018-01-09,Saxton Oval,2,1.4,New Zealand,Pakistan,MJ Guptill,KS Williamson,Rumman Raees,0,0,,,,,,,,,
1115803,2017/18,2018-01-09,Saxton Oval,2,1.5,New Zealand,Pakistan,MJ Guptill,KS Williamson,Rumman Raees,0,0,,,,,,,,,
1115803,2017/18,2018-01-09,Saxton Oval,2,1.6,New Zealand,Pakistan,MJ Guptill,KS Williamson,Rumman Raees,0,0,,,,,,,,,
1115803,2017/18,2018-01-09,Saxton Oval,2,2.1,New Zealand,Pakistan,KS Williamson,MJ Guptill,Mohammad Amir,0,0,,,,,,,,,
1115803,2017/18,2018-01-09,Saxton Oval,2,2.2,New Zealand,Pakistan,KS Williamson,MJ Guptill,Mohammad Amir,0,0,,,,,,,,,
1115803,2017/18,2018-01-09,Saxton Oval,2,2.3,New Zealand,Pakistan,KS Williamson,MJ Guptill,Mohammad Amir,0,0,,,,,,,,,
1115803,2017/18,2018-01-09,Saxton Oval,2,2.4,New Zealand,Pakistan,KS Williamson,MJ Guptill,Mohammad Amir,0,0,,,,,,,,,
1115803,2017/18,2018-01-09,Saxton Oval,2,2.5,New Zealand,Pakistan,KS Williamson,MJ Guptill,Mohammad Amir,0,0,,,,,,,,,
1115803,2017/18,2018-01-09,Saxton Oval,2,2.6,New Zealand,Pakistan,KS Williamson,MJ Guptill,Mohammad Amir,0,0,,,,,,,,,
1115803,2017/18,2018-01-09,Saxton Oval,2,3.1,New Zealand,Pakistan,MJ Guptill,KS Williamson,Rumman Raees,0,0,,,,,,,,,
1115803,2017/18,2018-01-09,Saxton Oval,2,3.2,New Zealand,Pakistan,MJ Guptill,KS Williamson,Rumman Raees,1,0,,,,,,,,,
1115803,2017/18,2018-01-09,Saxton Oval,2,3.3,New Zealand,Pakistan,KS Williamson,MJ Guptill,Rumman Raees,1,0,,,,,,,,,
1115803,2017/18,2018-01-09,Saxton Oval,2,3.4,New Zealand,Pakistan,MJ Guptill,KS Williamson,Rumman Raees,0,0,,,,,,,,,
1115803,2017/18,2018-01-09,Saxton Oval,2,3.5,New Zealand,Pakistan,MJ Guptill,KS Williamson,Rumman Raees,4,0,,,,,,,,,
1115803,2017/18,2018-01-09,Saxton Oval,2,3.6,New Zealand,Pakistan,MJ Guptill,KS Williamson,Rumman Raees,2,0,,,,,,,,,
1115803,2017/18,2018-01-09,Saxton Oval,2,4.1,New Zealand,Pakistan,KS Williamson,MJ Guptill,Mohammad Amir,1,0,,,,,,,,,
1115803,2017/18,2018-01-09,Saxton Oval,2,4.2,New Zealand,Pakistan,MJ Guptill,KS Williamson,Mohammad Amir,3,0,,,,,,,,,
1115803,2017/18,2018-01-09,Saxton Oval,2,4.3,New Zealand,Pakistan,KS Williamson,MJ Guptill,Mohammad Amir,5,0,,,,,,,,,
1115803,2017/18,2018-01-09,Saxton Oval,2,4.4,New Zealand,Pakistan,MJ Guptill,KS Williamson,Mohammad Amir,1,0,,,,,,,,,
1115803,2017/18,2018-01-09,Saxton Oval,2,4.5,New Zealand,Pakistan,KS Williamson,MJ Guptill,Mohammad Amir,0,0,,,,,,,,,
1115803,2017/18,2018-01-09,Saxton Oval,2,4.6,New Zealand,Pakistan,KS Williamson,MJ Guptill,Mohammad Amir,0,0,,,,,,,,,
1115803,2017/18,2018-01-09,Saxton Oval,2,5.1,New Zealand,Pakistan,MJ Guptill,KS Williamson,Rumman Raees,4,0,,,,,,,,,
1115803,2017/18,2018-01-09,Saxton Oval,2,5.2,New Zealand,Pakistan,MJ Guptill,KS Williamson,Rumman Raees,0,0,,,,,,,,,
1115803,2017/18,2018-01-09,Saxton Oval,2,5.3,New Zealand,Pakistan,MJ Guptill,KS Williamson,Rumman Raees,0,0,,,,,,,,,
1115803,2017/18,2018-01-09,Saxton Oval,2,5.4,New Zealand,Pakistan,MJ Guptill,KS Williamson,Rumman Raees,4,0,,,,,,,,,
1115803,2017/18,2018-01-09,Saxton Oval,2,5.5,New Zealand,Pakistan,MJ Guptill,KS Williamson,Rumman Raees,0,0,,,,,,,,,
1115803,2017/18,2018-01-09,Saxton Oval,2,5.6,New Zealand,Pakistan,MJ Guptill,KS Williamson,Rumman Raees,2,0,,,,,,,,,
1115803,2017/18,2018-01-09,Saxton Oval,2,6.1,New Zealand,Pakistan,KS Williamson,MJ Guptill,Mohammad Amir,4,0,,,,,,,,,
1115803,2017/18,2018-01-09,Saxton Oval,2,6.2,New Zealand,Pakistan,KS Williamson,MJ Guptill,Mohammad Amir,0,0,,,,,,,,,
1115803,2017/18,2018-01-09,Saxton Oval,2,6.3,New Zealand,Pakistan,KS Williamson,MJ Guptill,Mohammad Amir,0,0,,,,,,,,,
1115803,2017/18,2018-01-09,Saxton Oval,2,6.4,New Zealand,Pakistan,KS Williamson,MJ Guptill,Mohammad Amir,0,0,,,,,,,,,
1115803,2017/18,2018-01-09,Saxton Oval,2,6.5,New Zealand,Pakistan,KS Williamson,MJ Guptill,Mohammad Amir,0,0,,,,,,,,,
1115803,2017/18,2018-01-09,Saxton Oval,2,6.6,New Zealand,Pakistan,KS Williamson,MJ Guptill,Mohammad Amir,0,0,,,,,,,,,
1115803,2017/18,2018-01-09,Saxton Oval,2,7.1,New Zealand,Pakistan,MJ Guptill,KS Williamson,Faheem Ashraf,1,0,,,,,,,,,
1115803,2017/18,2018-01-09,Saxton Oval,2,7.2,New Zealand,Pakistan,KS Williamson,MJ Guptill,Faheem Ashraf,1,0,,,,,,,,,
1115803,2017/18,2018-01-09,Saxton Oval,2,7.3,New Zealand,Pakistan,MJ Guptill,KS Williamson,Faheem Ashraf,1,0,,,,,,,,,
1115803,2017/18,2018-01-09,Saxton Oval,2,7.4,New Zealand,Pakistan,KS Williamson,MJ Guptill,Faheem Ashraf,0,0,,,,,,,,,
1115803,2017/18,2018-01-09,Saxton Oval,2,7.5,New Zealand,Pakistan,KS Williamson,MJ Guptill,Faheem Ashraf,0,0,,,,,,,,,
1115803,2017/18,2018-01-09,Saxton Oval,2,7.6,New Zealand,Pakistan,KS Williamson,MJ Guptill,Faheem Ashraf,2,0,,,,,,,,,
1115803,2017/18,2018-01-09,Saxton Oval,2,8.1,New Zealand,Pakistan,MJ Guptill,KS Williamson,Mohammad Amir,0,0,,,,,,,,,
1115803,2017/18,2018-01-09,Saxton Oval,2,8.2,New Zealand,Pakistan,MJ Guptill,KS Williamson,Mohammad Amir,0,0,,,,,,,,,
1115803,2017/18,2018-01-09,Saxton Oval,2,8.3,New Zealand,Pakistan,MJ Guptill,KS Williamson,Mohammad Amir,1,0,,,,,,,,,
1115803,2017/18,2018-01-09,Saxton Oval,2,8.4,New Zealand,Pakistan,KS Williamson,MJ Guptill,Mohammad Amir,0,0,,,,,,,,,
1115803,2017/18,2018-01-09,Saxton Oval,2,8.5,New Zealand,Pakistan,KS Williamson,MJ Guptill,Mohammad Amir,0,0,,,,,,,,,
1115803,2017/18,2018-01-09,Saxton Oval,2,8.6,New Zealand,Pakistan,KS Williamson,MJ Guptill,Mohammad Amir,1,0,,,,,,,,,
1115803,2017/18,2018-01-09,Saxton Oval,2,9.1,New Zealand,Pakistan,KS Williamson,MJ Guptill,Faheem Ashraf,4,0,,,,,,,,,
1115803,2017/18,2018-01-09,Saxton Oval,2,9.2,New Zealand,Pakistan,KS Williamson,MJ Guptill,Faheem Ashraf,0,0,,,,,,,,,
1115803,2017/18,2018-01-09,Saxton Oval,2,9.3,New Zealand,Pakistan,KS Williamson,MJ Guptill,Faheem Ashraf,0,0,,,,,,caught,KS Williamson,,
1115803,2017/18,2018-01-09,Saxton Oval,2,9.4,New Zealand,Pakistan,LRPL Taylor,MJ Guptill,Faheem Ashraf,0,0,,,,,,,,,
1115803,2017/18,2018-01-09,Saxton Oval,2,9.5,New Zealand,Pakistan,LRPL Taylor,MJ Guptill,Faheem Ashraf,1,0,,,,,,,,,
1115803,2017/18,2018-01-09,Saxton Oval,2,9.6,New Zealand,Pakistan,MJ Guptill,LRPL Taylor,Faheem Ashraf,0,0,,,,,,,,,
1115803,2017/18,2018-01-09,Saxton Oval,2,10.1,New Zealand,Pakistan,LRPL Taylor,MJ Guptill,Hasan Ali,0,0,,,,,,,,,
1115803,2017/18,2018-01-09,Saxton Oval,2,10.2,New Zealand,Pakistan,LRPL Taylor,MJ Guptill,Hasan Ali,0,0,,,,,,,,,
1115803,2017/18,2018-01-09,Saxton Oval,2,10.3,New Zealand,Pakistan,LRPL Taylor,MJ Guptill,Hasan Ali,0,0,,,,,,,,,
1115803,2017/18,2018-01-09,Saxton Oval,2,10.4,New Zealand,Pakistan,LRPL Taylor,MJ Guptill,Hasan Ali,1,0,,,,,,,,,
1115803,2017/18,2018-01-09,Saxton Oval,2,10.5,New Zealand,Pakistan,MJ Guptill,LRPL Taylor,Hasan Ali,0,0,,,,,,,,,
1115803,2017/18,2018-01-09,Saxton Oval,2,10.6,New Zealand,Pakistan,MJ Guptill,LRPL Taylor,Hasan Ali,0,0,,,,,,,,,
1115803,2017/18,2018-01-09,Saxton Oval,2,11.1,New Zealand,Pakistan,LRPL Taylor,MJ Guptill,Faheem Ashraf,1,0,,,,,,,,,
1115803,2017/18,2018-01-09,Saxton Oval,2,11.2,New Zealand,Pakistan,MJ Guptill,LRPL Taylor,Faheem Ashraf,0,0,,,,,,,,,
1115803,2017/18,2018-01-09,Saxton Oval,2,11.3,New Zealand,Pakistan,MJ Guptill,LRPL Taylor,Faheem Ashraf,1,0,,,,,,,,,
1115803,2017/18,2018-01-09,Saxton Oval,2,11.4,New Zealand,Pakistan,LRPL Taylor,MJ Guptill,Faheem Ashraf,4,0,,,,,,,,,
1115803,2017/18,2018-01-09,Saxton Oval,2,11.5,New Zealand,Pakistan,LRPL Taylor,MJ Guptill,Faheem Ashraf,4,0,,,,,,,,,
1115803,2017/18,2018-01-09,Saxton Oval,2,11.6,New Zealand,Pakistan,LRPL Taylor,MJ Guptill,Faheem Ashraf,1,0,,,,,,,,,
1115803,2017/18,2018-01-09,Saxton Oval,2,12.1,New Zealand,Pakistan,LRPL Taylor,MJ Guptill,Hasan Ali,0,0,,,,,,,,,
1115803,2017/18,2018-01-09,Saxton Oval,2,12.2,New Zealand,Pakistan,LRPL Taylor,MJ Guptill,Hasan Ali,1,0,,,,,,,,,
1115803,2017/18,2018-01-09,Saxton Oval,2,12.3,New Zealand,Pakistan,MJ Guptill,LRPL Taylor,Hasan Ali,0,0,,,,,,,,,
1115803,2017/18,2018-01-09,Saxton Oval,2,12.4,New Zealand,Pakistan,MJ Guptill,LRPL Taylor,Hasan Ali,0,0,,,,,,,,,
1115803,2017/18,2018-01-09,Saxton Oval,2,12.5,New Zealand,Pakistan,MJ Guptill,LRPL Taylor,Hasan Ali,1,0,,,,,,,,,
1115803,2017/18,2018-01-09,Saxton Oval,2,12.6,New Zealand,Pakistan,LRPL Taylor,MJ Guptill,Hasan Ali,0,0,,,,,,,,,
1115803,2017/18,2018-01-09,Saxton Oval,2,13.1,New Zealand,Pakistan,MJ Guptill,LRPL Taylor,Faheem Ashraf,0,0,,,,,,,,,
1115803,2017/18,2018-01-09,Saxton Oval,2,13.2,New Zealand,Pakistan,MJ Guptill,LRPL Taylor,Faheem Ashraf,0,0,,,,,,,,,
1115803,2017/18,2018-01-09,Saxton Oval,2,13.3,New Zealand,Pakistan,MJ Guptill,LRPL Taylor,Faheem Ashraf,0,0,,,,,,,,,
1115803,2017/18,2018-01-09,Saxton Oval,2,13.4,New Zealand,Pakistan,MJ Guptill,LRPL Taylor,Faheem Ashraf,1,0,,,,,,,,,
1115803,2017/18,2018-01-09,Saxton Oval,2,13.5,New Zealand,Pakistan,LRPL Taylor,MJ Guptill,Faheem Ashraf,1,0,,,,,,,,,
1115803,2017/18,2018-01-09,Saxton Oval,2,13.6,New Zealand,Pakistan,MJ Guptill,LRPL Taylor,Faheem Ashraf,0,0,,,,,,,,,
1115803,2017/18,2018-01-09,Saxton Oval,2,14.1,New Zealand,Pakistan,LRPL Taylor,MJ Guptill,Shadab Khan,0,0,,,,,,,,,
1115803,2017/18,2018-01-09,Saxton Oval,2,14.2,New Zealand,Pakistan,LRPL Taylor,MJ Guptill,Shadab Khan,0,0,,,,,,,,,
1115803,2017/18,2018-01-09,Saxton Oval,2,14.3,New Zealand,Pakistan,LRPL Taylor,MJ Guptill,Shadab Khan,2,0,,,,,,,,,
1115803,2017/18,2018-01-09,Saxton Oval,2,14.4,New Zealand,Pakistan,LRPL Taylor,MJ Guptill,Shadab Khan,1,0,,,,,,,,,
1115803,2017/18,2018-01-09,Saxton Oval,2,14.5,New Zealand,Pakistan,MJ Guptill,LRPL Taylor,Shadab Khan,0,0,,,,,,,,,
1115803,2017/18,2018-01-09,Saxton Oval,2,14.6,New Zealand,Pakistan,MJ Guptill,LRPL Taylor,Shadab Khan,1,0,,,,,,,,,
1115803,2017/18,2018-01-09,Saxton Oval,2,15.1,New Zealand,Pakistan,MJ Guptill,LRPL Taylor,Hasan Ali,6,0,,,,,,,,,
1115803,2017/18,2018-01-09,Saxton Oval,2,15.2,New Zealand,Pakistan,MJ Guptill,LRPL Taylor,Hasan Ali,6,0,,,,,,,,,
1115803,2017/18,2018-01-09,Saxton Oval,2,15.3,New Zealand,Pakistan,MJ Guptill,LRPL Taylor,Hasan Ali,1,0,,,,,,,,,
1115803,2017/18,2018-01-09,Saxton Oval,2,15.4,New Zealand,Pakistan,LRPL Taylor,MJ Guptill,Hasan Ali,1,0,,,,,,,,,
1115803,2017/18,2018-01-09,Saxton Oval,2,15.5,New Zealand,Pakistan,MJ Guptill,LRPL Taylor,Hasan Ali,0,0,,,,,,,,,
1115803,2017/18,2018-01-09,Saxton Oval,2,15.6,New Zealand,Pakistan,MJ Guptill,LRPL Taylor,Hasan Ali,1,0,,,,,,,,,
1115803,2017/18,2018-01-09,Saxton Oval,2,16.1,New Zealand,Pakistan,MJ Guptill,LRPL Taylor,Shadab Khan,0,0,,,,,,,,,
1115803,2017/18,2018-01-09,Saxton Oval,2,16.2,New Zealand,Pakistan,MJ Guptill,LRPL Taylor,Shadab Khan,2,0,,,,,,,,,
1115803,2017/18,2018-01-09,Saxton Oval,2,16.3,New Zealand,Pakistan,MJ Guptill,LRPL Taylor,Shadab Khan,6,0,,,,,,,,,
1115803,2017/18,2018-01-09,Saxton Oval,2,16.4,New Zealand,Pakistan,MJ Guptill,LRPL Taylor,Shadab Khan,0,0,,,,,,,,,
1115803,2017/18,2018-01-09,Saxton Oval,2,16.5,New Zealand,Pakistan,MJ Guptill,LRPL Taylor,Shadab Khan,0,0,,,,,,,,,
1115803,2017/18,2018-01-09,Saxton Oval,2,16.6,New Zealand,Pakistan,MJ Guptill,LRPL Taylor,Shadab Khan,4,0,,,,,,,,,
1115803,2017/18,2018-01-09,Saxton Oval,2,17.1,New Zealand,Pakistan,LRPL Taylor,MJ Guptill,Rumman Raees,0,0,,,,,,,,,
1115803,2017/18,2018-01-09,Saxton Oval,2,17.2,New Zealand,Pakistan,LRPL Taylor,MJ Guptill,Rumman Raees,1,0,,,,,,,,,
1115803,2017/18,2018-01-09,Saxton Oval,2,17.3,New Zealand,Pakistan,MJ Guptill,LRPL Taylor,Rumman Raees,1,0,,,,,,,,,
1115803,2017/18,2018-01-09,Saxton Oval,2,17.4,New Zealand,Pakistan,LRPL Taylor,MJ Guptill,Rumman Raees,2,0,,,,,,,,,
1115803,2017/18,2018-01-09,Saxton Oval,2,17.5,New Zealand,Pakistan,LRPL Taylor,MJ Guptill,Rumman Raees,4,1,,1,,,,,,,
1115803,2017/18,2018-01-09,Saxton Oval,2,17.6,New Zealand,Pakistan,LRPL Taylor,MJ Guptill,Rumman Raees,4,0,,,,,,,,,
1115803,2017/18,2018-01-09,Saxton Oval,2,17.7,New Zealand,Pakistan,LRPL Taylor,MJ Guptill,Rumman Raees,1,0,,,,,,,,,
1115803,2017/18,2018-01-09,Saxton Oval,2,18.1,New Zealand,Pakistan,LRPL Taylor,MJ Guptill,Faheem Ashraf,1,0,,,,,,,,,
1115803,2017/18,2018-01-09,Saxton Oval,2,18.2,New Zealand,Pakistan,MJ Guptill,LRPL Taylor,Faheem Ashraf,1,0,,,,,,,,,
1115803,2017/18,2018-01-09,Saxton Oval,2,18.3,New Zealand,Pakistan,LRPL Taylor,MJ Guptill,Faheem Ashraf,1,0,,,,,,,,,
1115803,2017/18,2018-01-09,Saxton Oval,2,18.4,New Zealand,Pakistan,MJ Guptill,LRPL Taylor,Faheem Ashraf,2,0,,,,,,,,,
1115803,2017/18,2018-01-09,Saxton Oval,2,18.5,New Zealand,Pakistan,MJ Guptill,LRPL Taylor,Faheem Ashraf,1,0,,,,,,,,,
1115803,2017/18,2018-01-09,Saxton Oval,2,18.6,New Zealand,Pakistan,LRPL Taylor,MJ Guptill,Faheem Ashraf,1,0,,,,,,,,,
1115803,2017/18,2018-01-09,Saxton Oval,2,19.1,New Zealand,Pakistan,LRPL Taylor,MJ Guptill,Hasan Ali,2,0,,,,,,,,,
1115803,2017/18,2018-01-09,Saxton Oval,2,19.2,New Zealand,Pakistan,LRPL Taylor,MJ Guptill,Hasan Ali,1,0,,,,,,,,,
1115803,2017/18,2018-01-09,Saxton Oval,2,19.3,New Zealand,Pakistan,MJ Guptill,LRPL Taylor,Hasan Ali,4,0,,,,,,,,,
1115803,2017/18,2018-01-09,Saxton Oval,2,19.4,New Zealand,Pakistan,MJ Guptill,LRPL Taylor,Hasan Ali,0,0,,,,,,,,,
1115803,2017/18,2018-01-09,Saxton Oval,2,19.5,New Zealand,Pakistan,MJ Guptill,LRPL Taylor,Hasan Ali,1,0,,,,,,,,,
1115803,2017/18,2018-01-09,Saxton Oval,2,19.6,New Zealand,Pakistan,LRPL Taylor,MJ Guptill,Hasan Ali,0,0,,,,,,,,,
1115803,2017/18,2018-01-09,Saxton Oval,2,20.1,New Zealand,Pakistan,MJ Guptill,LRPL Taylor,Shadab Khan,6,0,,,,,,,,,
1115803,2017/18,2018-01-09,Saxton Oval,2,20.2,New Zealand,Pakistan,MJ Guptill,LRPL Taylor,Shadab Khan,1,0,,,,,,,,,
1115803,2017/18,2018-01-09,Saxton Oval,2,20.3,New Zealand,Pakistan,LRPL Taylor,MJ Guptill,Shadab Khan,1,0,,,,,,,,,
1115803,2017/18,2018-01-09,Saxton Oval,2,20.4,New Zealand,Pakistan,MJ Guptill,LRPL Taylor,Shadab Khan,1,0,,,,,,,,,
1115803,2017/18,2018-01-09,Saxton Oval,2,20.5,New Zealand,Pakistan,LRPL Taylor,MJ Guptill,Shadab Khan,1,0,,,,,,,,,
1115803,2017/18,2018-01-09,Saxton Oval,2,20.6,New Zealand,Pakistan,MJ Guptill,LRPL Taylor,Shadab Khan,0,0,,,,,,,,,
1115803,2017/18,2018-01-09,Saxton Oval,2,21.1,New Zealand,Pakistan,LRPL Taylor,MJ Guptill,Hasan Ali,2,0,,,,,,,,,
1115803,2017/18,2018-01-09,Saxton Oval,2,21.2,New Zealand,Pakistan,LRPL Taylor,MJ Guptill,Hasan Ali,1,0,,,,,,,,,
1115803,2017/18,2018-01-09,Saxton Oval,2,21.3,New Zealand,Pakistan,MJ Guptill,LRPL Taylor,Hasan Ali,0,0,,,,,,,,,
1115803,2017/18,2018-01-09,Saxton Oval,2,21.4,New Zealand,Pakistan,MJ Guptill,LRPL Taylor,Hasan Ali,2,0,,,,,,,,,
1115803,2017/18,2018-01-09,Saxton Oval,2,21.5,New Zealand,Pakistan,MJ Guptill,LRPL Taylor,Hasan Ali,0,0,,,,,,,,,
1115803,2017/18,2018-01-09,Saxton Oval,2,21.6,New Zealand,Pakistan,MJ Guptill,LRPL Taylor,Hasan Ali,6,0,,,,,,,,,
1115803,2017/18,2018-01-09,Saxton Oval,2,22.1,New Zealand,Pakistan,LRPL Taylor,MJ Guptill,Shadab Khan,0,0,,,,,,,,,
1115803,2017/18,2018-01-09,Saxton Oval,2,22.2,New Zealand,Pakistan,LRPL Taylor,MJ Guptill,Shadab Khan,0,0,,,,,,,,,
1115803,2017/18,2018-01-09,Saxton Oval,2,22.3,New Zealand,Pakistan,LRPL Taylor,MJ Guptill,Shadab Khan,1,0,,,,,,,,,
1115803,2017/18,2018-01-09,Saxton Oval,2,22.4,New Zealand,Pakistan,MJ Guptill,LRPL Taylor,Shadab Khan,0,0,,,,,,,,,
1115803,2017/18,2018-01-09,Saxton Oval,2,22.5,New Zealand,Pakistan,MJ Guptill,LRPL Taylor,Shadab Khan,1,0,,,,,,,,,
1115803,2017/18,2018-01-09,Saxton Oval,2,22.6,New Zealand,Pakistan,LRPL Taylor,MJ Guptill,Shadab Khan,1,0,,,,,,,,,
1115803,2017/18,2018-01-09,Saxton Oval,2,23.1,New Zealand,Pakistan,LRPL Taylor,MJ Guptill,Rumman Raees,0,0,,,,,,,,,
1115803,2017/18,2018-01-09,Saxton Oval,2,23.2,New Zealand,Pakistan,LRPL Taylor,MJ Guptill,Rumman Raees,0,0,,,,,,,,,
1115803,2017/18,2018-01-09,Saxton Oval,2,23.3,New Zealand,Pakistan,LRPL Taylor,MJ Guptill,Rumman Raees,1,0,,,,,,,,,
1115803,2017/18,2018-01-09,Saxton Oval,2,23.4,New Zealand,Pakistan,MJ Guptill,LRPL Taylor,Rumman Raees,1,0,,,,,,,,,
1115803,2017/18,2018-01-09,Saxton Oval,2,23.5,New Zealand,Pakistan,LRPL Taylor,MJ Guptill,Rumman Raees,1,0,,,,,,,,,
