match_id,season,start_date,venue,innings,ball,batting_team,bowling_team,striker,non_striker,bowler,runs_off_bat,extras,wides,noballs,byes,legbyes,penalty,wicket_type,player_dismissed,other_wicket_type,other_player_dismissed
1119497,2017/18,2017-09-21,Eden Gardens,1,0.1,India,Australia,AM Rahane,RG Sharma,PJ Cummins,0,0,,,,,,,,,
1119497,2017/18,2017-09-21,Eden Gardens,1,0.2,India,Australia,AM Rahane,RG Sharma,PJ Cummins,0,0,,,,,,,,,
1119497,2017/18,2017-09-21,Eden Gardens,1,0.3,India,Australia,AM Rahane,RG Sharma,PJ Cummins,1,0,,,,,,,,,
1119497,2017/18,2017-09-21,Eden Gardens,1,0.4,India,Australia,RG Sharma,AM Rahane,PJ Cummins,1,0,,,,,,,,,
1119497,2017/18,2017-09-21,Eden Gardens,1,0.5,India,Australia,AM Rahane,RG Sharma,PJ Cummins,1,0,,,,,,,,,
1119497,2017/18,2017-09-21,Eden Gardens,1,0.6,India,Australia,RG Sharma,AM Rahane,PJ Cummins,0,0,,,,,,,,,
1119497,2017/18,2017-09-21,Eden Gardens,1,1.1,India,Australia,AM Rahane,RG Sharma,NM Coulter-Nile,1,0,,,,,,,,,
1119497,2017/18,2017-09-21,Eden Gardens,1,1.2,India,Australia,RG Sharma,AM Rahane,NM Coulter-Nile,0,0,,,,,,,,,
1119497,2017/18,2017-09-21,Eden Gardens,1,1.3,India,Australia,RG Sharma,AM Rahane,NM Coulter-Nile,0,0,,,,,,,,,
1119497,2017/18,2017-09-21,Eden Gardens,1,1.4,India,Australia,RG Sharma,AM Rahane,NM Coulter-Nile,1,0,,,,,,,,,
1119497,2017/18,2017-09-21,Eden Gardens,1,1.5,India,Australia,AM Rahane,RG Sharma,NM Coulter-Nile,0,0,,,,,,,,,
1119497,2017/18,2017-09-21,Eden Gardens,1,1.6,India,Australia,AM Rahane,RG Sharma,NM Coulter-Nile,0,0,,,,,,,,,
1119497,2017/18,2017-09-21,Eden Gardens,1,2.1,India,Australia,RG Sharma,AM Rahane,PJ Cummins,0,0,,,,,,,,,
1119497,2017/18,2017-09-21,Eden Gardens,1,2.2,India,Australia,RG Sharma,AM Rahane,PJ Cummins,0,0,,,,,,,,,
1119497,2017/18,2017-09-21,Eden Gardens,1,2.3,India,Australia,RG Sharma,AM Rahane,PJ Cummins,4,0,,,,,,,,,
1119497,2017/18,2017-09-21,Eden Gardens,1,2.4,India,Australia,RG Sharma,AM Rahane,PJ Cummins,0,0,,,,,,,,,
1119497,2017/18,2017-09-21,Eden Gardens,1,2.5,India,Australia,RG Sharma,AM Rahane,PJ Cummins,0,0,,,,,,,,,
1119497,2017/18,2017-09-21,Eden Gardens,1,2.6,India,Australia,RG Sharma,AM Rahane,PJ Cummins,0,0,,,,,,,,,
1119497,2017/18,2017-09-21,Eden Gardens,1,3.1,India,Australia,AM Rahane,RG Sharma,NM Coulter-Nile,4,0,,,,,,,,,
1119497,2017/18,2017-09-21,Eden Gardens,1,3.2,India,Australia,AM Rahane,RG Sharma,NM Coulter-Nile,0,1,1,,,,,,,,
1119497,2017/18,2017-09-21,Eden Gardens,1,3.3,India,Australia,AM Rahane,RG Sharma,NM Coulter-Nile,4,0,,,,,,,,,
1119497,2017/18,2017-09-21,Eden Gardens,1,3.4,India,Australia,AM Rahane,RG Sharma,NM Coulter-Nile,0,0,,,,,,,,,
1119497,2017/18,2017-09-21,Eden Gardens,1,3.5,India,Australia,AM Rahane,RG Sharma,NM Coulter-Nile,0,0,,,,,,,,,
1119497,2017/18,2017-09-21,Eden Gardens,1,3.6,India,Australia,AM Rahane,RG Sharma,NM Coulter-Nile,0,0,,,,,,,,,
1119497,2017/18,2017-09-21,Eden Gardens,1,3.7,India,Australia,AM Rahane,RG Sharma,NM Coulter-Nile,0,0,,,,,,,,,
1119497,2017/18,2017-09-21,Eden Gardens,1,4.1,India,Australia,RG Sharma,AM Rahane,PJ Cummins,0,0,,,,,,,,,
1119497,2017/18,2017-09-21,Eden Gardens,1,4.2,India,Australia,RG Sharma,AM Rahane,PJ Cummins,1,0,,,,,,,,,
1119497,2017/18,2017-09-21,Eden Gardens,1,4.3,India,Australia,AM Rahane,RG Sharma,PJ Cummins,0,0,,,,,,,,,
1119497,2017/18,2017-09-21,Eden Gardens,1,4.4,India,Australia,AM Rahane,RG Sharma,PJ Cummins,0,0,,,,,,,,,
1119497,2017/18,2017-09-21,Eden Gardens,1,4.5,India,Australia,AM Rahane,RG Sharma,PJ Cummins,0,0,,,,,,,,,
1119497,2017/18,2017-09-21,Eden Gardens,1,4.6,India,Australia,AM Rahane,RG Sharma,PJ Cummins,0,0,,,,,,,,,
1119497,2017/18,2017-09-21,Eden Gardens,1,5.1,India,Australia,RG Sharma,AM Rahane,NM Coulter-Nile,0,0,,,,,,caught and bowled,RG Sharma,,
1119497,2017/18,2017-09-21,Eden Gardens,1,5.2,India,Australia,V Kohli,AM Rahane,NM Coulter-Nile,0,0,,,,,,,,,
1119497,2017/18,2017-09-21,Eden Gardens,1,5.3,India,Australia,V Kohli,AM Rahane,NM Coulter-Nile,0,0,,,,,,,,,
1119497,2017/18,2017-09-21,Eden Gardens,1,5.4,India,Australia,V Kohli,AM Rahane,NM Coulter-Nile,1,0,,,,,,,,,
1119497,2017/18,2017-09-21,Eden Gardens,1,5.5,India,Australia,AM Rahane,V Kohli,NM Coulter-Nile,0,1,1,,,,,,,,
1119497,2017/18,2017-09-21,Eden Gardens,1,5.6,India,Australia,AM Rahane,V Kohli,NM Coulter-Nile,0,0,,,,,,,,,
1119497,2017/18,2017-09-21,Eden Gardens,1,5.7,India,Australia,AM Rahane,V Kohli,NM Coulter-Nile,0,1,1,,,,,,,,
1119497,2017/18,2017-09-21,Eden Gardens,1,5.8,India,Australia,AM Rahane,V Kohli,NM Coulter-Nile,4,0,,,,,,,,,
1119497,2017/18,2017-09-21,Eden Gardens,1,6.1,India,Australia,V Kohli,AM Rahane,PJ Cummins,0,0,,,,,,,,,
1119497,2017/18,2017-09-21,Eden Gardens,1,6.2,India,Australia,V Kohli,AM Rahane,PJ Cummins,0,0,,,,,,,,,
1119497,2017/18,2017-09-21,Eden Gardens,1,6.3,India,Australia,V Kohli,AM Rahane,PJ Cummins,0,0,,,,,,,,,
1119497,2017/18,2017-09-21,Eden Gardens,1,6.4,India,Australia,V Kohli,AM Rahane,PJ Cummins,0,0,,,,,,,,,
1119497,2017/18,2017-09-21,Eden Gardens,1,6.5,India,Australia,V Kohli,AM Rahane,PJ Cummins,0,0,,,,,,,,,
1119497,2017/18,2017-09-21,Eden Gardens,1,6.6,India,Australia,V Kohli,AM Rahane,PJ Cummins,0,0,,,,,,,,,
1119497,2017/18,2017-09-21,Eden Gardens,1,7.1,India,Australia,AM Rahane,V Kohli,NM Coulter-Nile,4,0,,,,,,,,,
1119497,2017/18,2017-09-21,Eden Gardens,1,7.2,India,Australia,AM Rahane,V Kohli,NM Coulter-Nile,0,0,,,,,,,,,
1119497,2017/18,2017-09-21,Eden Gardens,1,7.3,India,Australia,AM Rahane,V Kohli,NM Coulter-Nile,0,0,,,,,,,,,
1119497,2017/18,2017-09-21,Eden Gardens,1,7.4,India,Australia,AM Rahane,V Kohli,NM Coulter-Nile,0,0,,,,,,,,,
1119497,2017/18,2017-09-21,Eden Gardens,1,7.5,India,Australia,AM Rahane,V Kohli,NM Coulter-Nile,4,0,,,,,,,,,
1119497,2017/18,2017-09-21,Eden Gardens,1,7.6,India,Australia,AM Rahane,V Kohli,NM Coulter-Nile,0,0,,,,,,,,,
1119497,2017/18,2017-09-21,Eden Gardens,1,8.1,India,Australia,V Kohli,AM Rahane,KW Richardson,0,0,,,,,,,,,
1119497,2017/18,2017-09-21,Eden Gardens,1,8.2,India,Australia,V Kohli,AM Rahane,KW Richardson,4,0,,,,,,,,,
1119497,2017/18,2017-09-21,Eden Gardens,1,8.3,India,Australia,V Kohli,AM Rahane,KW Richardson,0,0,,,,,,,,,
1119497,2017/18,2017-09-21,Eden Gardens,1,8.4,India,Australia,V Kohli,AM Rahane,KW Richardson,1,0,,,,,,,,,
1119497,2017/18,2017-09-21,Eden Gardens,1,8.5,India,Australia,AM Rahane,V Kohli,KW Richardson,0,0,,,,,,,,,
1119497,2017/18,2017-09-21,Eden Gardens,1,8.6,India,Australia,AM Rahane,V Kohli,KW Richardson,4,0,,,,,,,,,
1119497,2017/18,2017-09-21,Eden Gardens,1,9.1,India,Australia,V Kohli,AM Rahane,MP Stoinis,0,0,,,,,,,,,
1119497,2017/18,2017-09-21,Eden Gardens,1,9.2,India,Australia,V Kohli,AM Rahane,MP Stoinis,0,0,,,,,,,,,
1119497,2017/18,2017-09-21,Eden Gardens,1,9.3,India,Australia,V Kohli,AM Rahane,MP Stoinis,0,0,,,,,,,,,
1119497,2017/18,2017-09-21,Eden Gardens,1,9.4,India,Australia,V Kohli,AM Rahane,MP Stoinis,0,0,,,,,,,,,
1119497,2017/18,2017-09-21,Eden Gardens,1,9.5,India,Australia,V Kohli,AM Rahane,MP Stoinis,1,0,,,,,,,,,
1119497,2017/18,2017-09-21,Eden Gardens,1,9.6,India,Australia,AM Rahane,V Kohli,MP Stoinis,0,0,,,,,,,,,
1119497,2017/18,2017-09-21,Eden Gardens,1,10.1,India,Australia,V Kohli,AM Rahane,KW Richardson,0,0,,,,,,,,,
1119497,2017/18,2017-09-21,Eden Gardens,1,10.2,India,Australia,V Kohli,AM Rahane,KW Richardson,0,0,,,,,,,,,
1119497,2017/18,2017-09-21,Eden Gardens,1,10.3,India,Australia,V Kohli,AM Rahane,KW Richardson,1,0,,,,,,,,,
1119497,2017/18,2017-09-21,Eden Gardens,1,10.4,India,Australia,AM Rahane,V Kohli,KW Richardson,1,0,,,,,,,,,
1119497,2017/18,2017-09-21,Eden Gardens,1,10.5,India,Australia,V Kohli,AM Rahane,KW Richardson,0,0,,,,,,,,,
1119497,2017/18,2017-09-21,Eden Gardens,1,10.6,India,Australia,V Kohli,AM Rahane,KW Richardson,4,0,,,,,,,,,
1119497,2017/18,2017-09-21,Eden Gardens,1,11.1,India,Australia,AM Rahane,V Kohli,MP Stoinis,0,0,,,,,,,,,
1119497,2017/18,2017-09-21,Eden Gardens,1,11.2,India,Australia,AM Rahane,V Kohli,MP Stoinis,1,0,,,,,,,,,
1119497,2017/18,2017-09-21,Eden Gardens,1,11.3,India,Australia,V Kohli,AM Rahane,MP Stoinis,2,0,,,,,,,,,
1119497,2017/18,2017-09-21,Eden Gardens,1,11.4,India,Australia,V Kohli,AM Rahane,MP Stoinis,2,0,,,,,,,,,
1119497,2017/18,2017-09-21,Eden Gardens,1,11.5,India,Australia,V Kohli,AM Rahane,MP Stoinis,1,0,,,,,,,,,
1119497,2017/18,2017-09-21,Eden Gardens,1,11.6,India,Australia,AM Rahane,V Kohli,MP Stoinis,0,0,,,,,,,,,
1119497,2017/18,2017-09-21,Eden Gardens,1,12.1,India,Australia,V Kohli,AM Rahane,KW Richardson,1,0,,,,,,,,,
1119497,2017/18,2017-09-21,Eden Gardens,1,12.2,India,Australia,AM Rahane,V Kohli,KW Richardson,1,0,,,,,,,,,
1119497,2017/18,2017-09-21,Eden Gardens,1,12.3,India,Australia,V Kohli,AM Rahane,KW Richardson,4,0,,,,,,,,,
1119497,2017/18,2017-09-21,Eden Gardens,1,12.4,India,Australia,V Kohli,AM Rahane,KW Richardson,0,0,,,,,,,,,
1119497,2017/18,2017-09-21,Eden Gardens,1,12.5,India,Australia,V Kohli,AM Rahane,KW Richardson,1,0,,,,,,,,,
1119497,2017/18,2017-09-21,Eden Gardens,1,12.6,India,Australia,AM Rahane,V Kohli,KW Richardson,1,0,,,,,,,,,
1119497,2017/18,2017-09-21,Eden Gardens,1,13.1,India,Australia,AM Rahane,V Kohli,AC Agar,1,0,,,,,,,,,
1119497,2017/18,2017-09-21,Eden Gardens,1,13.2,India,Australia,V Kohli,AM Rahane,AC Agar,2,0,,,,,,,,,
1119497,2017/18,2017-09-21,Eden Gardens,1,13.3,India,Australia,V Kohli,AM Rahane,AC Agar,1,0,,,,,,,,,
1119497,2017/18,2017-09-21,Eden Gardens,1,13.4,India,Australia,AM Rahane,V Kohli,AC Agar,1,0,,,,,,,,,
1119497,2017/18,2017-09-21,Eden Gardens,1,13.5,India,Australia,V Kohli,AM Rahane,AC Agar,1,0,,,,,,,,,
1119497,2017/18,2017-09-21,Eden Gardens,1,13.6,India,Australia,AM Rahane,V Kohli,AC Agar,0,0,,,,,,,,,
1119497,2017/18,2017-09-21,Eden Gardens,1,14.1,India,Australia,V Kohli,AM Rahane,KW Richardson,0,0,,,,,,,,,
1119497,2017/18,2017-09-21,Eden Gardens,1,14.2,India,Australia,V Kohli,AM Rahane,KW Richardson,0,0,,,,,,,,,
1119497,2017/18,2017-09-21,Eden Gardens,1,14.3,India,Australia,V Kohli,AM Rahane,KW Richardson,0,0,,,,,,,,,
1119497,2017/18,2017-09-21,Eden Gardens,1,14.4,India,Australia,V Kohli,AM Rahane,KW Richardson,0,0,,,,,,,,,
1119497,2017/18,2017-09-21,Eden Gardens,1,14.5,India,Australia,V Kohli,AM Rahane,KW Richardson,1,0,,,,,,,,,
1119497,2017/18,2017-09-21,Eden Gardens,1,14.6,India,Australia,AM Rahane,V Kohli,KW Richardson,1,0,,,,,,,,,
1119497,2017/18,2017-09-21,Eden Gardens,1,15.1,India,Australia,AM Rahane,V Kohli,AC Agar,0,0,,,,,,,,,
1119497,2017/18,2017-09-21,Eden Gardens,1,15.2,India,Australia,AM Rahane,V Kohli,AC Agar,2,0,,,,,,,,,
1119497,2017/18,2017-09-21,Eden Gardens,1,15.3,India,Australia,AM Rahane,V Kohli,AC Agar,1,0,,,,,,,,,
1119497,2017/18,2017-09-21,Eden Gardens,1,15.4,India,Australia,V Kohli,AM Rahane,AC Agar,0,0,,,,,,,,,
1119497,2017/18,2017-09-21,Eden Gardens,1,15.5,India,Australia,V Kohli,AM Rahane,AC Agar,1,0,,,,,,,,,
1119497,2017/18,2017-09-21,Eden Gardens,1,15.6,India,Australia,AM Rahane,V Kohli,AC Agar,1,0,,,,,,,,,
1119497,2017/18,2017-09-21,Eden Gardens,1,16.1,India,Australia,AM Rahane,V Kohli,MP Stoinis,0,0,,,,,,,,,
1119497,2017/18,2017-09-21,Eden Gardens,1,16.2,India,Australia,AM Rahane,V Kohli,MP Stoinis,0,1,1,,,,,,,,
1119497,2017/18,2017-09-21,Eden Gardens,1,16.3,India,Australia,AM Rahane,V Kohli,MP Stoinis,2,0,,,,,,,,,
1119497,2017/18,2017-09-21,Eden Gardens,1,16.4,India,Australia,AM Rahane,V Kohli,MP Stoinis,0,0,,,,,,,,,
1119497,2017/18,2017-09-21,Eden Gardens,1,16.5,India,Australia,AM Rahane,V Kohli,MP Stoinis,1,0,,,,,,,,,
1119497,2017/18,2017-09-21,Eden Gardens,1,16.6,India,Australia,V Kohli,AM Rahane,MP Stoinis,0,0,,,,,,,,,
1119497,2017/18,2017-09-21,Eden Gardens,1,16.7,India,Australia,V Kohli,AM Rahane,MP Stoinis,1,0,,,,,,,,,
1119497,2017/18,2017-09-21,Eden Gardens,1,17.1,India,Australia,V Kohli,AM Rahane,AC Agar,0,0,,,,,,,,,
1119497,2017/18,2017-09-21,Eden Gardens,1,17.2,India,Australia,V Kohli,AM Rahane,AC Agar,1,0,,,,,,,,,
1119497,2017/18,2017-09-21,Eden Gardens,1,17.3,India,Australia,AM Rahane,V Kohli,AC Agar,0,0,,,,,,,,,
1119497,2017/18,2017-09-21,Eden Gardens,1,17.4,India,Australia,AM Rahane,V Kohli,AC Agar,0,0,,,,,,,,,
1119497,2017/18,2017-09-21,Eden Gardens,1,17.5,India,Australia,AM Rahane,V Kohli,AC Agar,0,0,,,,,,,,,
1119497,2017/18,2017-09-21,Eden Gardens,1,17.6,India,Australia,AM Rahane,V Kohli,AC Agar,0,0,,,,,,,,,
1119497,2017/18,2017-09-21,Eden Gardens,1,18.1,India,Australia,V Kohli,AM Rahane,MP Stoinis,4,0,,,,,,,,,
1119497,2017/18,2017-09-21,Eden Gardens,1,18.2,India,Australia,V Kohli,AM Rahane,MP Stoinis,0,0,,,,,,,,,
1119497,2017/18,2017-09-21,Eden Gardens,1,18.3,India,Australia,V Kohli,AM Rahane,MP Stoinis,0,0,,,,,,,,,
1119497,2017/18,2017-09-21,Eden Gardens,1,18.4,India,Australia,V Kohli,AM Rahane,MP Stoinis,0,0,,,,,,,,,
1119497,2017/18,2017-09-21,Eden Gardens,1,18.5,India,Australia,V Kohli,AM Rahane,MP Stoinis,2,0,,,,,,,,,
1119497,2017/18,2017-09-21,Eden Gardens,1,18.6,India,Australia,V Kohli,AM Rahane,MP Stoinis,2,0,,,,,,,,,
1119497,2017/18,2017-09-21,Eden Gardens,1,19.1,India,Australia,AM Rahane,V Kohli,AC Agar,1,0,,,,,,,,,
1119497,2017/18,2017-09-21,Eden Gardens,1,19.2,India,Australia,V Kohli,AM Rahane,AC Agar,1,0,,,,,,,,,
1119497,2017/18,2017-09-21,Eden Gardens,1,19.3,India,Australia,AM Rahane,V Kohli,AC Agar,2,0,,,,,,,,,
1119497,2017/18,2017-09-21,Eden Gardens,1,19.4,India,Australia,AM Rahane,V Kohli,AC Agar,1,0,,,,,,,,,
1119497,2017/18,2017-09-21,Eden Gardens,1,19.5,India,Australia,V Kohli,AM Rahane,AC Agar,4,0,,,,,,,,,
1119497,2017/18,2017-09-21,Eden Gardens,1,19.6,India,Australia,V Kohli,AM Rahane,AC Agar,1,0,,,,,,,,,
1119497,2017/18,2017-09-21,Eden Gardens,1,20.1,India,Australia,V Kohli,AM Rahane,PJ Cummins,1,0,,,,,,,,,
1119497,2017/18,2017-09-21,Eden Gardens,1,20.2,India,Australia,AM Rahane,V Kohli,PJ Cummins,0,0,,,,,,,,,
1119497,2017/18,2017-09-21,Eden Gardens,1,20.3,India,Australia,AM Rahane,V Kohli,PJ Cummins,1,0,,,,,,,,,
1119497,2017/18,2017-09-21,Eden Gardens,1,20.4,India,Australia,V Kohli,AM Rahane,PJ Cummins,0,0,,,,,,,,,
1119497,2017/18,2017-09-21,Eden Gardens,1,20.5,India,Australia,V Kohli,AM Rahane,PJ Cummins,1,0,,,,,,,,,
1119497,2017/18,2017-09-21,Eden Gardens,1,20.6,India,Australia,AM Rahane,V Kohli,PJ Cummins,0,0,,,,,,,,,
1119497,2017/18,2017-09-21,Eden Gardens,1,21.1,India,Australia,V Kohli,AM Rahane,AC Agar,0,0,,,,,,,,,
1119497,2017/18,2017-09-21,Eden Gardens,1,21.2,India,Australia,V Kohli,AM Rahane,AC Agar,1,0,,,,,,,,,
1119497,2017/18,2017-09-21,Eden Gardens,1,21.3,India,Australia,AM Rahane,V Kohli,AC Agar,1,0,,,,,,,,,
1119497,2017/18,2017-09-21,Eden Gardens,1,21.4,India,Australia,V Kohli,AM Rahane,AC Agar,1,0,,,,,,,,,
1119497,2017/18,2017-09-21,Eden Gardens,1,21.5,India,Australia,AM Rahane,V Kohli,AC Agar,0,2,2,,,,,,,,
1119497,2017/18,2017-09-21,Eden Gardens,1,21.6,India,Australia,V Kohli,AM Rahane,AC Agar,1,0,,,,,,,,,
1119497,2017/18,2017-09-21,Eden Gardens,1,21.7,India,Australia,AM Rahane,V Kohli,AC Agar,1,0,,,,,,,,,
1119497,2017/18,2017-09-21,Eden Gardens,1,22.1,India,Australia,AM Rahane,V Kohli,PJ Cummins,0,0,,,,,,,,,
1119497,2017/18,2017-09-21,Eden Gardens,1,22.2,India,Australia,AM Rahane,V Kohli,PJ Cummins,1,0,,,,,,,,,
1119497,2017/18,2017-09-21,Eden Gardens,1,22.3,India,Australia,V Kohli,AM Rahane,PJ Cummins,1,0,,,,,,,,,
1119497,2017/18,2017-09-21,Eden Gardens,1,22.4,India,Australia,AM Rahane,V Kohli,PJ Cummins,0,0,,,,,,,,,
1119497,2017/18,2017-09-21,Eden Gardens,1,22.5,India,Australia,AM Rahane,V Kohli,PJ Cummins,1,0,,,,,,,,,
1119497,2017/18,2017-09-21,Eden Gardens,1,22.6,India,Australia,V Kohli,AM Rahane,PJ Cummins,1,0,,,,,,,,,
1119497,2017/18,2017-09-21,Eden Gardens,1,23.1,India,Australia,V Kohli,AM Rahane,TM Head,0,0,,,,,,,,,
1119497,2017/18,2017-09-21,Eden Gardens,1,23.2,India,Australia,V Kohli,AM Rahane,TM Head,1,0,,,,,,,,,
1119497,2017/18,2017-09-21,Eden Gardens,1,23.3,India,Australia,AM Rahane,V Kohli,TM Head,4,0,,,,,,,,,
1119497,2017/18,2017-09-21,Eden Gardens,1,23.4,India,Australia,AM Rahane,V Kohli,TM Head,1,0,,,,,,run out,AM Rahane,,
1119497,2017/18,2017-09-21,Eden Gardens,1,23.5,India,Australia,MK Pandey,V Kohli,TM Head,0,0,,,,,,,,,
1119497,2017/18,2017-09-21,Eden Gardens,1,23.6,India,Australia,MK Pandey,V Kohli,TM Head,0,0,,,,,,,,,
1119497,2017/18,2017-09-21,Eden Gardens,1,24.1,India,Australia,V Kohli,MK Pandey,NM Coulter-Nile,1,0,,,,,,,,,
1119497,2017/18,2017-09-21,Eden Gardens,1,24.2,India,Australia,MK Pandey,V Kohli,NM Coulter-Nile,0,0,,,,,,,,,
1119497,2017/18,2017-09-21,Eden Gardens,1,24.3,India,Australia,MK Pandey,V Kohli,NM Coulter-Nile,0,0,,,,,,,,,
1119497,2017/18,2017-09-21,Eden Gardens,1,24.4,India,Australia,MK Pandey,V Kohli,NM Coulter-Nile,1,0,,,,,,,,,
1119497,2017/18,2017-09-21,Eden Gardens,1,24.5,India,Australia,V Kohli,MK Pandey,NM Coulter-Nile,0,0,,,,,,,,,
1119497,2017/18,2017-09-21,Eden Gardens,1,24.6,India,Australia,V Kohli,MK Pandey,NM Coulter-Nile,0,1,1,,,,,,,,
1119497,2017/18,2017-09-21,Eden Gardens,1,24.7,India,Australia,V Kohli,MK Pandey,NM Coulter-Nile,0,0,,,,,,,,,
1119497,2017/18,2017-09-21,Eden Gardens,1,25.1,India,Australia,MK Pandey,V Kohli,TM Head,0,0,,,,,,,,,
1119497,2017/18,2017-09-21,Eden Gardens,1,25.2,India,Australia,MK Pandey,V Kohli,TM Head,1,0,,,,,,,,,
1119497,2017/18,2017-09-21,Eden Gardens,1,25.3,India,Australia,V Kohli,MK Pandey,TM Head,0,0,,,,,,,,,
1119497,2017/18,2017-09-21,Eden Gardens,1,25.4,India,Australia,V Kohli,MK Pandey,TM Head,2,0,,,,,,,,,
1119497,2017/18,2017-09-21,Eden Gardens,1,25.5,India,Australia,V Kohli,MK Pandey,TM Head,0,1,1,,,,,,,,
1119497,2017/18,2017-09-21,Eden Gardens,1,25.6,India,Australia,V Kohli,MK Pandey,TM Head,0,0,,,,,,,,,
1119497,2017/18,2017-09-21,Eden Gardens,1,25.7,India,Australia,V Kohli,MK Pandey,TM Head,1,0,,,,,,,,,
1119497,2017/18,2017-09-21,Eden Gardens,1,26.1,India,Australia,V Kohli,MK Pandey,NM Coulter-Nile,1,0,,,,,,,,,
1119497,2017/18,2017-09-21,Eden Gardens,1,26.2,India,Australia,MK Pandey,V Kohli,NM Coulter-Nile,0,0,,,,,,,,,
1119497,2017/18,2017-09-21,Eden Gardens,1,26.3,India,Australia,MK Pandey,V Kohli,NM Coulter-Nile,0,0,,,,,,,,,
1119497,2017/18,2017-09-21,Eden Gardens,1,26.4,India,Australia,MK Pandey,V Kohli,NM Coulter-Nile,0,0,,,,,,,,,
1119497,2017/18,2017-09-21,Eden Gardens,1,26.5,India,Australia,MK Pandey,V Kohli,NM Coulter-Nile,1,0,,,,,,,,,
1119497,2017/18,2017-09-21,Eden Gardens,1,26.6,India,Australia,V Kohli,MK Pandey,NM Coulter-Nile,0,0,,,,,,,,,
1119497,2017/18,2017-09-21,Eden Gardens,1,27.1,India,Australia,MK Pandey,V Kohli,AC Agar,0,0,,,,,,,,,
1119497,2017/18,2017-09-21,Eden Gardens,1,27.2,India,Australia,MK Pandey,V Kohli,AC Agar,0,0,,,,,,bowled,MK Pandey,,
1119497,2017/18,2017-09-21,Eden Gardens,1,27.3,India,Australia,KM Jadhav,V Kohli,AC Agar,0,1,1,,,,,,,,
1119497,2017/18,2017-09-21,Eden Gardens,1,27.4,India,Australia,KM Jadhav,V Kohli,AC Agar,0,0,,,,,,,,,
1119497,2017/18,2017-09-21,Eden Gardens,1,27.5,India,Australia,KM Jadhav,V Kohli,AC Agar,1,0,,,,,,,,,
1119497,2017/18,2017-09-21,Eden Gardens,1,27.6,India,Australia,V Kohli,KM Jadhav,AC Agar,0,0,,,,,,,,,
1119497,2017/18,2017-09-21,Eden Gardens,1,27.7,India,Australia,V Kohli,KM Jadhav,AC Agar,1,0,,,,,,,,,
1119497,2017/18,2017-09-21,Eden Gardens,1,28.1,India,Australia,V Kohli,KM Jadhav,KW Richardson,4,0,,,,,,,,,
1119497,2017/18,2017-09-21,Eden Gardens,1,28.2,India,Australia,V Kohli,KM Jadhav,KW Richardson,1,0,,,,,,,,,
1119497,2017/18,2017-09-21,Eden Gardens,1,28.3,India,Australia,KM Jadhav,V Kohli,KW Richardson,1,0,,,,,,,,,
1119497,2017/18,2017-09-21,Eden Gardens,1,28.4,India,Australia,V Kohli,KM Jadhav,KW Richardson,0,0,,,,,,,,,
1119497,2017/18,2017-09-21,Eden Gardens,1,28.5,India,Australia,V Kohli,KM Jadhav,KW Richardson,1,0,,,,,,,,,
1119497,2017/18,2017-09-21,Eden Gardens,1,28.6,India,Australia,KM Jadhav,V Kohli,KW Richardson,0,0,,,,,,,,,
1119497,2017/18,2017-09-21,Eden Gardens,1,29.1,India,Australia,V Kohli,KM Jadhav,AC Agar,1,0,,,,,,,,,
1119497,2017/18,2017-09-21,Eden Gardens,1,29.2,India,Australia,KM Jadhav,V Kohli,AC Agar,1,0,,,,,,,,,
1119497,2017/18,2017-09-21,Eden Gardens,1,29.3,India,Australia,V Kohli,KM Jadhav,AC Agar,1,0,,,,,,,,,
1119497,2017/18,2017-09-21,Eden Gardens,1,29.4,India,Australia,KM Jadhav,V Kohli,AC Agar,2,0,,,,,,,,,
1119497,2017/18,2017-09-21,Eden Gardens,1,29.5,India,Australia,KM Jadhav,V Kohli,AC Agar,1,0,,,,,,,,,
1119497,2017/18,2017-09-21,Eden Gardens,1,29.6,India,Australia,V Kohli,KM Jadhav,AC Agar,1,0,,,,,,,,,
1119497,2017/18,2017-09-21,Eden Gardens,1,30.1,India,Australia,V Kohli,KM Jadhav,KW Richardson,1,0,,,,,,,,,
1119497,2017/18,2017-09-21,Eden Gardens,1,30.2,India,Australia,KM Jadhav,V Kohli,KW Richardson,1,0,,,,,,,,,
1119497,2017/18,2017-09-21,Eden Gardens,1,30.3,India,Australia,V Kohli,KM Jadhav,KW Richardson,2,0,,,,,,,,,
1119497,2017/18,2017-09-21,Eden Gardens,1,30.4,India,Australia,V Kohli,KM Jadhav,KW Richardson,1,0,,,,,,,,,
1119497,2017/18,2017-09-21,Eden Gardens,1,30.5,India,Australia,KM Jadhav,V Kohli,KW Richardson,0,0,,,,,,,,,
1119497,2017/18,2017-09-21,Eden Gardens,1,30.6,India,Australia,KM Jadhav,V Kohli,KW Richardson,0,1,1,,,,,,,,
1119497,2017/18,2017-09-21,Eden Gardens,1,30.7,India,Australia,KM Jadhav,V Kohli,KW Richardson,0,0,,,,,,,,,
1119497,2017/18,2017-09-21,Eden Gardens,1,31.1,India,Australia,V Kohli,KM Jadhav,AC Agar,1,0,,,,,,,,,
1119497,2017/18,2017-09-21,Eden Gardens,1,31.2,India,Australia,KM Jadhav,V Kohli,AC Agar,0,0,,,,,,,,,
1119497,2017/18,2017-09-21,Eden Gardens,1,31.3,India,Australia,KM Jadhav,V Kohli,AC Agar,1,0,,,,,,,,,
1119497,2017/18,2017-09-21,Eden Gardens,1,31.4,India,Australia,V Kohli,KM Jadhav,AC Agar,0,0,,,,,,,,,
1119497,2017/18,2017-09-21,Eden Gardens,1,31.5,India,Australia,V Kohli,KM Jadhav,AC Agar,1,0,,,,,,,,,
1119497,2017/18,2017-09-21,Eden Gardens,1,31.6,India,Australia,KM Jadhav,V Kohli,AC Agar,1,0,,,,,,,,,
1119497,2017/18,2017-09-21,Eden Gardens,1,32.1,India,Australia,KM Jadhav,V Kohli,MP Stoinis,0,0,,,,,,,,,
1119497,2017/18,2017-09-21,Eden Gardens,1,32.2,India,Australia,KM Jadhav,V Kohli,MP Stoinis,0,0,,,,,,,,,
1119497,2017/18,2017-09-21,Eden Gardens,1,32.3,India,Australia,KM Jadhav,V Kohli,MP Stoinis,0,0,,,,,,,,,
1119497,2017/18,2017-09-21,Eden Gardens,1,32.4,India,Australia,KM Jadhav,V Kohli,MP Stoinis,0,1,1,,,,,,,,
1119497,2017/18,2017-09-21,Eden Gardens,1,32.5,India,Australia,KM Jadhav,V Kohli,MP Stoinis,0,1,,,1,,,,,,
1119497,2017/18,2017-09-21,Eden Gardens,1,32.6,India,Australia,V Kohli,KM Jadhav,MP Stoinis,4,0,,,,,,,,,
1119497,2017/18,2017-09-21,Eden Gardens,1,32.7,India,Australia,V Kohli,KM Jadhav,MP Stoinis,1,0,,,,,,,,,
1119497,2017/18,2017-09-21,Eden Gardens,1,33.1,India,Australia,V Kohli,KM Jadhav,AC Agar,2,0,,,,,,,,,
1119497,2017/18,2017-09-21,Eden Gardens,1,33.2,India,Australia,V Kohli,KM Jadhav,AC Agar,0,0,,,,,,,,,
1119497,2017/18,2017-09-21,Eden Gardens,1,33.3,India,Australia,V Kohli,KM Jadhav,AC Agar,1,0,,,,,,,,,
1119497,2017/18,2017-09-21,Eden Gardens,1,33.4,India,Australia,KM Jadhav,V Kohli,AC Agar,0,0,,,,,,,,,
1119497,2017/18,2017-09-21,Eden Gardens,1,33.5,India,Australia,KM Jadhav,V Kohli,AC Agar,4,0,,,,,,,,,
1119497,2017/18,2017-09-21,Eden Gardens,1,33.6,India,Australia,KM Jadhav,V Kohli,AC Agar,4,0,,,,,,,,,
1119497,2017/18,2017-09-21,Eden Gardens,1,34.1,India,Australia,V Kohli,KM Jadhav,MP Stoinis,1,0,,,,,,,,,
1119497,2017/18,2017-09-21,Eden Gardens,1,34.2,India,Australia,KM Jadhav,V Kohli,MP Stoinis,6,0,,,,,,,,,
1119497,2017/18,2017-09-21,Eden Gardens,1,34.3,India,Australia,KM Jadhav,V Kohli,MP Stoinis,0,0,,,,,,,,,
1119497,2017/18,2017-09-21,Eden Gardens,1,34.4,India,Australia,KM Jadhav,V Kohli,MP Stoinis,1,0,,,,,,,,,
1119497,2017/18,2017-09-21,Eden Gardens,1,34.5,India,Australia,V Kohli,KM Jadhav,MP Stoinis,0,0,,,,,,,,,
1119497,2017/18,2017-09-21,Eden Gardens,1,34.6,India,Australia,V Kohli,KM Jadhav,MP Stoinis,1,0,,,,,,,,,
1119497,2017/18,2017-09-21,Eden Gardens,1,35.1,India,Australia,V Kohli,KM Jadhav,NM Coulter-Nile,0,0,,,,,,,,,
1119497,2017/18,2017-09-21,Eden Gardens,1,35.2,India,Australia,V Kohli,KM Jadhav,NM Coulter-Nile,1,0,,,,,,,,,
1119497,2017/18,2017-09-21,Eden Gardens,1,35.3,India,Australia,KM Jadhav,V Kohli,NM Coulter-Nile,0,0,,,,,,caught,KM Jadhav,,
1119497,2017/18,2017-09-21,Eden Gardens,1,35.4,India,Australia,MS Dhoni,V Kohli,NM Coulter-Nile,0,0,,,,,,,,,
1119497,2017/18,2017-09-21,Eden Gardens,1,35.5,India,Australia,MS Dhoni,V Kohli,NM Coulter-Nile,4,0,,,,,,,,,
1119497,2017/18,2017-09-21,Eden Gardens,1,35.6,India,Australia,MS Dhoni,V Kohli,NM Coulter-Nile,0,0,,,,,,,,,
1119497,2017/18,2017-09-21,Eden Gardens,1,36.1,India,Australia,V Kohli,MS Dhoni,MP Stoinis,0,0,,,,,,,,,
1119497,2017/18,2017-09-21,Eden Gardens,1,36.2,India,Australia,V Kohli,MS Dhoni,MP Stoinis,4,0,,,,,,,,,
1119497,2017/18,2017-09-21,Eden Gardens,1,36.3,India,Australia,V Kohli,MS Dhoni,MP Stoinis,0,0,,,,,,,,,
1119497,2017/18,2017-09-21,Eden Gardens,1,36.4,India,Australia,V Kohli,MS Dhoni,MP Stoinis,1,0,,,,,,,,,
1119497,2017/18,2017-09-21,Eden Gardens,1,36.5,India,Australia,MS Dhoni,V Kohli,MP Stoinis,0,0,,,,,,,,,
1119497,2017/18,2017-09-21,Eden Gardens,1,36.6,India,Australia,MS Dhoni,V Kohli,MP Stoinis,0,0,,,,,,,,,
1119497,2017/18,2017-09-21,Eden Gardens,1,37.1,India,Australia,V Kohli,MS Dhoni,NM Coulter-Nile,0,0,,,,,,,,,
1119497,2017/18,2017-09-21,Eden Gardens,1,37.2,India,Australia,V Kohli,MS Dhoni,NM Coulter-Nile,0,0,,,,,,,,,
1119497,2017/18,2017-09-21,Eden Gardens,1,37.3,India,Australia,V Kohli,MS Dhoni,NM Coulter-Nile,0,0,,,,,,,,,
1119497,2017/18,2017-09-21,Eden Gardens,1,37.4,India,Australia,V Kohli,MS Dhoni,NM Coulter-Nile,2,0,,,,,,,,,
1119497,2017/18,2017-09-21,Eden Gardens,1,37.5,India,Australia,V Kohli,MS Dhoni,NM Coulter-Nile,0,0,,,,,,bowled,V Kohli,,
1119497,2017/18,2017-09-21,Eden Gardens,1,37.6,India,Australia,HH Pandya,MS Dhoni,NM Coulter-Nile,4,0,,,,,,,,,
1119497,2017/18,2017-09-21,Eden Gardens,1,38.1,India,Australia,MS Dhoni,HH Pandya,PJ Cummins,0,0,,,,,,,,,
1119497,2017/18,2017-09-21,Eden Gardens,1,38.2,India,Australia,MS Dhoni,HH Pandya,PJ Cummins,0,0,,,,,,,,,
1119497,2017/18,2017-09-21,Eden Gardens,1,38.3,India,Australia,MS Dhoni,HH Pandya,PJ Cummins,0,0,,,,,,,,,
1119497,2017/18,2017-09-21,Eden Gardens,1,38.4,India,Australia,MS Dhoni,HH Pandya,PJ Cummins,1,0,,,,,,,,,
1119497,2017/18,2017-09-21,Eden Gardens,1,38.5,India,Australia,HH Pandya,MS Dhoni,PJ Cummins,0,0,,,,,,,,,
1119497,2017/18,2017-09-21,Eden Gardens,1,38.6,India,Australia,HH Pandya,MS Dhoni,PJ Cummins,2,0,,,,,,,,,
1119497,2017/18,2017-09-21,Eden Gardens,1,39.1,India,Australia,MS Dhoni,HH Pandya,KW Richardson,0,0,,,,,,caught,MS Dhoni,,
1119497,2017/18,2017-09-21,Eden Gardens,1,39.2,India,Australia,B Kumar,HH Pandya,KW Richardson,1,0,,,,,,,,,
1119497,2017/18,2017-09-21,Eden Gardens,1,39.3,India,Australia,HH Pandya,B Kumar,KW Richardson,0,0,,,,,,,,,
1119497,2017/18,2017-09-21,Eden Gardens,1,39.4,India,Australia,HH Pandya,B Kumar,KW Richardson,1,0,,,,,,,,,
1119497,2017/18,2017-09-21,Eden Gardens,1,39.5,India,Australia,B Kumar,HH Pandya,KW Richardson,0,0,,,,,,,,,
1119497,2017/18,2017-09-21,Eden Gardens,1,39.6,India,Australia,B Kumar,HH Pandya,KW Richardson,1,0,,,,,,,,,
1119497,2017/18,2017-09-21,Eden Gardens,1,40.1,India,Australia,B Kumar,HH Pandya,PJ Cummins,0,0,,,,,,,,,
1119497,2017/18,2017-09-21,Eden Gardens,1,40.2,India,Australia,B Kumar,HH Pandya,PJ Cummins,0,0,,,,,,,,,
1119497,2017/18,2017-09-21,Eden Gardens,1,40.3,India,Australia,B Kumar,HH Pandya,PJ Cummins,0,0,,,,,,,,,
1119497,2017/18,2017-09-21,Eden Gardens,1,40.4,India,Australia,B Kumar,HH Pandya,PJ Cummins,0,0,,,,,,,,,
1119497,2017/18,2017-09-21,Eden Gardens,1,40.5,India,Australia,B Kumar,HH Pandya,PJ Cummins,1,0,,,,,,,,,
1119497,2017/18,2017-09-21,Eden Gardens,1,40.6,India,Australia,HH Pandya,B Kumar,PJ Cummins,0,0,,,,,,,,,
1119497,2017/18,2017-09-21,Eden Gardens,1,41.1,India,Australia,B Kumar,HH Pandya,KW Richardson,0,0,,,,,,,,,
1119497,2017/18,2017-09-21,Eden Gardens,1,41.2,India,Australia,B Kumar,HH Pandya,KW Richardson,1,0,,,,,,,,,
1119497,2017/18,2017-09-21,Eden Gardens,1,41.3,India,Australia,HH Pandya,B Kumar,KW Richardson,0,0,,,,,,,,,
1119497,2017/18,2017-09-21,Eden Gardens,1,41.4,India,Australia,HH Pandya,B Kumar,KW Richardson,0,0,,,,,,,,,
1119497,2017/18,2017-09-21,Eden Gardens,1,41.5,India,Australia,HH Pandya,B Kumar,KW Richardson,0,0,,,,,,,,,
1119497,2017/18,2017-09-21,Eden Gardens,1,41.6,India,Australia,HH Pandya,B Kumar,KW Richardson,1,0,,,,,,,,,
1119497,2017/18,2017-09-21,Eden Gardens,1,42.1,India,Australia,HH Pandya,B Kumar,PJ Cummins,4,0,,,,,,,,,
1119497,2017/18,2017-09-21,Eden Gardens,1,42.2,India,Australia,HH Pandya,B Kumar,PJ Cummins,1,0,,,,,,,,,
1119497,2017/18,2017-09-21,Eden Gardens,1,42.3,India,Australia,B Kumar,HH Pandya,PJ Cummins,1,0,,,,,,,,,
1119497,2017/18,2017-09-21,Eden Gardens,1,42.4,India,Australia,HH Pandya,B Kumar,PJ Cummins,0,0,,,,,,,,,
1119497,2017/18,2017-09-21,Eden Gardens,1,42.5,India,Australia,HH Pandya,B Kumar,PJ Cummins,2,0,,,,,,,,,
1119497,2017/18,2017-09-21,Eden Gardens,1,42.6,India,Australia,HH Pandya,B Kumar,PJ Cummins,0,0,,,,,,,,,
1119497,2017/18,2017-09-21,Eden Gardens,1,43.1,India,Australia,B Kumar,HH Pandya,MP Stoinis,0,0,,,,,,,,,
1119497,2017/18,2017-09-21,Eden Gardens,1,43.2,India,Australia,B Kumar,HH Pandya,MP Stoinis,0,0,,,,,,,,,
1119497,2017/18,2017-09-21,Eden Gardens,1,43.3,India,Australia,B Kumar,HH Pandya,MP Stoinis,0,0,,,,,,,,,
1119497,2017/18,2017-09-21,Eden Gardens,1,43.4,India,Australia,B Kumar,HH Pandya,MP Stoinis,0,0,,,,,,,,,
1119497,2017/18,2017-09-21,Eden Gardens,1,43.5,India,Australia,B Kumar,HH Pandya,MP Stoinis,2,0,,,,,,,,,
1119497,2017/18,2017-09-21,Eden Gardens,1,43.6,India,Australia,B Kumar,HH Pandya,MP Stoinis,0,0,,,,,,,,,
1119497,2017/18,2017-09-21,Eden Gardens,1,44.1,India,Australia,HH Pandya,B Kumar,NM Coulter-Nile,0,0,,,,,,,,,
1119497,2017/18,2017-09-21,Eden Gardens,1,44.2,India,Australia,HH Pandya,B Kumar,NM Coulter-Nile,0,0,,,,,,,,,
1119497,2017/18,2017-09-21,Eden Gardens,1,44.3,India,Australia,HH Pandya,B Kumar,NM Coulter-Nile,1,0,,,,,,,,,
1119497,2017/18,2017-09-21,Eden Gardens,1,44.4,India,Australia,B Kumar,HH Pandya,NM Coulter-Nile,0,0,,,,,,,,,
1119497,2017/18,2017-09-21,Eden Gardens,1,44.5,India,Australia,B Kumar,HH Pandya,NM Coulter-Nile,0,0,,,,,,,,,
1119497,2017/18,2017-09-21,Eden Gardens,1,44.6,India,Australia,B Kumar,HH Pandya,NM Coulter-Nile,1,0,,,,,,,,,
1119497,2017/18,2017-09-21,Eden Gardens,1,45.1,India,Australia,B Kumar,HH Pandya,MP Stoinis,1,0,,,,,,,,,
1119497,2017/18,2017-09-21,Eden Gardens,1,45.2,India,Australia,HH Pandya,B Kumar,MP Stoinis,1,0,,,,,,,,,
1119497,2017/18,2017-09-21,Eden Gardens,1,45.3,India,Australia,B Kumar,HH Pandya,MP Stoinis,1,0,,,,,,,,,
1119497,2017/18,2017-09-21,Eden Gardens,1,45.4,India,Australia,HH Pandya,B Kumar,MP Stoinis,0,0,,,,,,,,,
1119497,2017/18,2017-09-21,Eden Gardens,1,45.5,India,Australia,HH Pandya,B Kumar,MP Stoinis,1,0,,,,,,,,,
1119497,2017/18,2017-09-21,Eden Gardens,1,45.6,India,Australia,B Kumar,HH Pandya,MP Stoinis,0,0,,,,,,,,,
1119497,2017/18,2017-09-21,Eden Gardens,1,46.1,India,Australia,HH Pandya,B Kumar,NM Coulter-Nile,1,0,,,,,,,,,
1119497,2017/18,2017-09-21,Eden Gardens,1,46.2,India,Australia,B Kumar,HH Pandya,NM Coulter-Nile,4,0,,,,,,,,,
1119497,2017/18,2017-09-21,Eden Gardens,1,46.3,India,Australia,B Kumar,HH Pandya,NM Coulter-Nile,0,0,,,,,,,,,
1119497,2017/18,2017-09-21,Eden Gardens,1,46.4,India,Australia,B Kumar,HH Pandya,NM Coulter-Nile,0,0,,,,,,,,,
1119497,2017/18,2017-09-21,Eden Gardens,1,46.5,India,Australia,B Kumar,HH Pandya,NM Coulter-Nile,0,1,1,,,,,,,,
1119497,2017/18,2017-09-21,Eden Gardens,1,46.6,India,Australia,B Kumar,HH Pandya,NM Coulter-Nile,1,0,,,,,,,,,
1119497,2017/18,2017-09-21,Eden Gardens,1,46.7,India,Australia,HH Pandya,B Kumar,NM Coulter-Nile,0,0,,,,,,,,,
1119497,2017/18,2017-09-21,Eden Gardens,1,47.1,India,Australia,B Kumar,HH Pandya,KW Richardson,2,0,,,,,,,,,
1119497,2017/18,2017-09-21,Eden Gardens,1,47.2,India,Australia,B Kumar,HH Pandya,KW Richardson,0,0,,,,,,,,,
1119497,2017/18,2017-09-21,Eden Gardens,1,47.3,India,Australia,B Kumar,HH Pandya,KW Richardson,1,0,,,,,,,,,
1119497,2017/18,2017-09-21,Eden Gardens,1,47.4,India,Australia,HH Pandya,B Kumar,KW Richardson,0,1,,1,,,,,,,
1119497,2017/18,2017-09-21,Eden Gardens,1,47.5,India,Australia,B Kumar,HH Pandya,KW Richardson,0,0,,,,,,,,,
1119497,2017/18,2017-09-21,Eden Gardens,1,47.6,India,Australia,B Kumar,HH Pandya,KW Richardson,2,0,,,,,,,,,
1119497,2017/18,2017-09-21,Eden Gardens,1,47.7,India,Australia,B Kumar,HH Pandya,KW Richardson,0,0,,,,,,caught,B Kumar,,
1119497,2017/18,2017-09-21,Eden Gardens,1,48.1,India,Australia,Kuldeep Yadav,HH Pandya,PJ Cummins,0,0,,,,,,,,,
1119497,2017/18,2017-09-21,Eden Gardens,1,48.2,India,Australia,Kuldeep Yadav,HH Pandya,PJ Cummins,0,0,,,,,,caught,Kuldeep Yadav,,
1119497,2017/18,2017-09-21,Eden Gardens,1,48.3,India,Australia,JJ Bumrah,HH Pandya,PJ Cummins,0,0,,,,,,,,,
1119497,2017/18,2017-09-21,Eden Gardens,1,48.4,India,Australia,JJ Bumrah,HH Pandya,PJ Cummins,0,1,1,,,,,,,,
1119497,2017/18,2017-09-21,Eden Gardens,1,48.5,India,Australia,JJ Bumrah,HH Pandya,PJ Cummins,4,0,,,,,,,,,
1119497,2017/18,2017-09-21,Eden Gardens,1,48.6,India,Australia,JJ Bumrah,HH Pandya,PJ Cummins,1,0,,,,,,,,,
1119497,2017/18,2017-09-21,Eden Gardens,1,48.7,India,Australia,HH Pandya,JJ Bumrah,PJ Cummins,1,0,,,,,,,,,
1119497,2017/18,2017-09-21,Eden Gardens,1,49.1,India,Australia,HH Pandya,JJ Bumrah,KW Richardson,0,0,,,,,,caught,HH Pandya,,
1119497,2017/18,2017-09-21,Eden Gardens,1,49.2,India,Australia,YS Chahal,JJ Bumrah,KW Richardson,1,0,,,,,,,,,
1119497,2017/18,2017-09-21,Eden Gardens,1,49.3,India,Australia,JJ Bumrah,YS Chahal,KW Richardson,0,0,,,,,,,,,
1119497,2017/18,2017-09-21,Eden Gardens,1,49.4,India,Australia,JJ Bumrah,YS Chahal,KW Richardson,4,0,,,,,,,,,
1119497,2017/18,2017-09-21,Eden Gardens,1,49.5,India,Australia,JJ Bumrah,YS Chahal,KW Richardson,1,0,,,,,,,,,
1119497,2017/18,2017-09-21,Eden Gardens,1,49.6,India,Australia,YS Chahal,JJ Bumrah,KW Richardson,0,0,,,,,,run out,YS Chahal,,
1119497,2017/18,2017-09-21,Eden Gardens,2,0.1,Australia,India,HWR Cartwright,DA Warner,B Kumar,0,0,,,,,,,,,
1119497,2017/18,2017-09-21,Eden Gardens,2,0.2,Australia,India,HWR Cartwright,DA Warner,B Kumar,0,0,,,,,,,,,
1119497,2017/18,2017-09-21,Eden Gardens,2,0.3,Australia,India,HWR Cartwright,DA Warner,B Kumar,0,0,,,,,,,,,
1119497,2017/18,2017-09-21,Eden Gardens,2,0.4,Australia,India,HWR Cartwright,DA Warner,B Kumar,1,0,,,,,,,,,
1119497,2017/18,2017-09-21,Eden Gardens,2,0.5,Australia,India,DA Warner,HWR Cartwright,B Kumar,0,0,,,,,,,,,
1119497,2017/18,2017-09-21,Eden Gardens,2,0.6,Australia,India,DA Warner,HWR Cartwright,B Kumar,0,0,,,,,,,,,
1119497,2017/18,2017-09-21,Eden Gardens,2,1.1,Australia,India,HWR Cartwright,DA Warner,JJ Bumrah,0,0,,,,,,,,,
1119497,2017/18,2017-09-21,Eden Gardens,2,1.2,Australia,India,HWR Cartwright,DA Warner,JJ Bumrah,0,0,,,,,,,,,
1119497,2017/18,2017-09-21,Eden Gardens,2,1.3,Australia,India,HWR Cartwright,DA Warner,JJ Bumrah,0,0,,,,,,,,,
1119497,2017/18,2017-09-21,Eden Gardens,2,1.4,Australia,India,HWR Cartwright,DA Warner,JJ Bumrah,0,0,,,,,,,,,
1119497,2017/18,2017-09-21,Eden Gardens,2,1.5,Australia,India,HWR Cartwright,DA Warner,JJ Bumrah,0,1,,,,1,,,,,
1119497,2017/18,2017-09-21,Eden Gardens,2,1.6,Australia,India,DA Warner,HWR Cartwright,JJ Bumrah,0,0,,,,,,,,,
1119497,2017/18,2017-09-21,Eden Gardens,2,2.1,Australia,India,HWR Cartwright,DA Warner,B Kumar,0,0,,,,,,,,,
1119497,2017/18,2017-09-21,Eden Gardens,2,2.2,Australia,India,HWR Cartwright,DA Warner,B Kumar,0,0,,,,,,,,,
1119497,2017/18,2017-09-21,Eden Gardens,2,2.3,Australia,India,HWR Cartwright,DA Warner,B Kumar,0,0,,,,,,,,,
1119497,2017/18,2017-09-21,Eden Gardens,2,2.4,Australia,India,HWR Cartwright,DA Warner,B Kumar,0,0,,,,,,,,,
1119497,2017/18,2017-09-21,Eden Gardens,2,2.5,Australia,India,HWR Cartwright,DA Warner,B Kumar,0,0,,,,,,,,,
1119497,2017/18,2017-09-21,Eden Gardens,2,2.6,Australia,India,HWR Cartwright,DA Warner,B Kumar,0,0,,,,,,bowled,HWR Cartwright,,
1119497,2017/18,2017-09-21,Eden Gardens,2,3.1,Australia,India,DA Warner,SPD Smith,JJ Bumrah,1,0,,,,,,,,,
1119497,2017/18,2017-09-21,Eden Gardens,2,3.2,Australia,India,SPD Smith,DA Warner,JJ Bumrah,2,0,,,,,,,,,
1119497,2017/18,2017-09-21,Eden Gardens,2,3.3,Australia,India,SPD Smith,DA Warner,JJ Bumrah,0,0,,,,,,,,,
1119497,2017/18,2017-09-21,Eden Gardens,2,3.4,Australia,India,SPD Smith,DA Warner,JJ Bumrah,0,0,,,,,,,,,
1119497,2017/18,2017-09-21,Eden Gardens,2,3.5,Australia,India,SPD Smith,DA Warner,JJ Bumrah,4,0,,,,,,,,,
1119497,2017/18,2017-09-21,Eden Gardens,2,3.6,Australia,India,SPD Smith,DA Warner,JJ Bumrah,0,0,,,,,,,,,
1119497,2017/18,2017-09-21,Eden Gardens,2,4.1,Australia,India,DA Warner,SPD Smith,B Kumar,0,0,,,,,,,,,
1119497,2017/18,2017-09-21,Eden Gardens,2,4.2,Australia,India,DA Warner,SPD Smith,B Kumar,0,0,,,,,,,,,
1119497,2017/18,2017-09-21,Eden Gardens,2,4.3,Australia,India,DA Warner,SPD Smith,B Kumar,0,0,,,,,,,,,
1119497,2017/18,2017-09-21,Eden Gardens,2,4.4,Australia,India,DA Warner,SPD Smith,B Kumar,0,0,,,,,,,,,
1119497,2017/18,2017-09-21,Eden Gardens,2,4.5,Australia,India,DA Warner,SPD Smith,B Kumar,0,0,,,,,,caught,DA Warner,,
1119497,2017/18,2017-09-21,Eden Gardens,2,4.6,Australia,India,TM Head,SPD Smith,B Kumar,0,1,,,,1,,,,,
1119497,2017/18,2017-09-21,Eden Gardens,2,5.1,Australia,India,TM Head,SPD Smith,JJ Bumrah,4,0,,,,,,,,,
1119497,2017/18,2017-09-21,Eden Gardens,2,5.2,Australia,India,TM Head,SPD Smith,JJ Bumrah,4,0,,,,,,,,,
1119497,2017/18,2017-09-21,Eden Gardens,2,5.3,Australia,India,TM Head,SPD Smith,JJ Bumrah,0,0,,,,,,,,,
1119497,2017/18,2017-09-21,Eden Gardens,2,5.4,Australia,India,TM Head,SPD Smith,JJ Bumrah,3,0,,,,,,,,,
1119497,2017/18,2017-09-21,Eden Gardens,2,5.5,Australia,India,SPD Smith,TM Head,JJ Bumrah,1,0,,,,,,,,,
1119497,2017/18,2017-09-21,Eden Gardens,2,5.6,Australia,India,TM Head,SPD Smith,JJ Bumrah,0,0,,,,,,,,,
1119497,2017/18,2017-09-21,Eden Gardens,2,6.1,Australia,India,SPD Smith,TM Head,B Kumar,0,0,,,,,,,,,
1119497,2017/18,2017-09-21,Eden Gardens,2,6.2,Australia,India,SPD Smith,TM Head,B Kumar,1,0,,,,,,,,,
1119497,2017/18,2017-09-21,Eden Gardens,2,6.3,Australia,India,TM Head,SPD Smith,B Kumar,0,0,,,,,,,,,
1119497,2017/18,2017-09-21,Eden Gardens,2,6.4,Australia,India,TM Head,SPD Smith,B Kumar,0,0,,,,,,,,,
1119497,2017/18,2017-09-21,Eden Gardens,2,6.5,Australia,India,TM Head,SPD Smith,B Kumar,4,0,,,,,,,,,
1119497,2017/18,2017-09-21,Eden Gardens,2,6.6,Australia,India,TM Head,SPD Smith,B Kumar,0,0,,,,,,,,,
1119497,2017/18,2017-09-21,Eden Gardens,2,7.1,Australia,India,SPD Smith,TM Head,JJ Bumrah,0,0,,,,,,,,,
1119497,2017/18,2017-09-21,Eden Gardens,2,7.2,Australia,India,SPD Smith,TM Head,JJ Bumrah,0,0,,,,,,,,,
1119497,2017/18,2017-09-21,Eden Gardens,2,7.3,Australia,India,SPD Smith,TM Head,JJ Bumrah,4,0,,,,,,,,,
1119497,2017/18,2017-09-21,Eden Gardens,2,7.4,Australia,India,SPD Smith,TM Head,JJ Bumrah,4,0,,,,,,,,,
1119497,2017/18,2017-09-21,Eden Gardens,2,7.5,Australia,India,SPD Smith,TM Head,JJ Bumrah,0,0,,,,,,,,,
1119497,2017/18,2017-09-21,Eden Gardens,2,7.6,Australia,India,SPD Smith,TM Head,JJ Bumrah,0,4,,,4,,,,,,
1119497,2017/18,2017-09-21,Eden Gardens,2,8.1,Australia,India,TM Head,SPD Smith,B Kumar,0,0,,,,,,,,,
1119497,2017/18,2017-09-21,Eden Gardens,2,8.2,Australia,India,TM Head,SPD Smith,B Kumar,0,0,,,,,,,,,
1119497,2017/18,2017-09-21,Eden Gardens,2,8.3,Australia,India,TM Head,SPD Smith,B Kumar,0,0,,,,,,,,,
1119497,2017/18,2017-09-21,Eden Gardens,2,8.4,Australia,India,TM Head,SPD Smith,B Kumar,0,0,,,,,,,,,
1119497,2017/18,2017-09-21,Eden Gardens,2,8.5,Australia,India,TM Head,SPD Smith,B Kumar,1,0,,,,,,,,,
1119497,2017/18,2017-09-21,Eden Gardens,2,8.6,Australia,India,SPD Smith,TM Head,B Kumar,0,0,,,,,,,,,
1119497,2017/18,2017-09-21,Eden Gardens,2,9.1,Australia,India,TM Head,SPD Smith,HH Pandya,0,0,,,,,,,,,
1119497,2017/18,2017-09-21,Eden Gardens,2,9.2,Australia,India,TM Head,SPD Smith,HH Pandya,0,0,,,,,,,,,
1119497,2017/18,2017-09-21,Eden Gardens,2,9.3,Australia,India,TM Head,SPD Smith,HH Pandya,4,0,,,,,,,,,
1119497,2017/18,2017-09-21,Eden Gardens,2,9.4,Australia,India,TM Head,SPD Smith,HH Pandya,3,0,,,,,,,,,
1119497,2017/18,2017-09-21,Eden Gardens,2,9.5,Australia,India,SPD Smith,TM Head,HH Pandya,0,0,,,,,,,,,
1119497,2017/18,2017-09-21,Eden Gardens,2,9.6,Australia,India,SPD Smith,TM Head,HH Pandya,0,0,,,,,,,,,
1119497,2017/18,2017-09-21,Eden Gardens,2,10.1,Australia,India,TM Head,SPD Smith,B Kumar,0,0,,,,,,,,,
1119497,2017/18,2017-09-21,Eden Gardens,2,10.2,Australia,India,TM Head,SPD Smith,B Kumar,1,0,,,,,,,,,
1119497,2017/18,2017-09-21,Eden Gardens,2,10.3,Australia,India,SPD Smith,TM Head,B Kumar,0,0,,,,,,,,,
1119497,2017/18,2017-09-21,Eden Gardens,2,10.4,Australia,India,SPD Smith,TM Head,B Kumar,0,0,,,,,,,,,
1119497,2017/18,2017-09-21,Eden Gardens,2,10.5,Australia,India,SPD Smith,TM Head,B Kumar,0,0,,,,,,,,,
1119497,2017/18,2017-09-21,Eden Gardens,2,10.6,Australia,India,SPD Smith,TM Head,B Kumar,1,0,,,,,,,,,
1119497,2017/18,2017-09-21,Eden Gardens,2,11.1,Australia,India,SPD Smith,TM Head,HH Pandya,0,0,,,,,,,,,
1119497,2017/18,2017-09-21,Eden Gardens,2,11.2,Australia,India,SPD Smith,TM Head,HH Pandya,4,0,,,,,,,,,
1119497,2017/18,2017-09-21,Eden Gardens,2,11.3,Australia,India,SPD Smith,TM Head,HH Pandya,0,0,,,,,,,,,
1119497,2017/18,2017-09-21,Eden Gardens,2,11.4,Australia,India,SPD Smith,TM Head,HH Pandya,4,0,,,,,,,,,
1119497,2017/18,2017-09-21,Eden Gardens,2,11.5,Australia,India,SPD Smith,TM Head,HH Pandya,0,0,,,,,,,,,
1119497,2017/18,2017-09-21,Eden Gardens,2,11.6,Australia,India,SPD Smith,TM Head,HH Pandya,0,4,,,,4,,,,,
1119497,2017/18,2017-09-21,Eden Gardens,2,12.1,Australia,India,TM Head,SPD Smith,YS Chahal,1,0,,,,,,,,,
1119497,2017/18,2017-09-21,Eden Gardens,2,12.2,Australia,India,SPD Smith,TM Head,YS Chahal,0,0,,,,,,,,,
1119497,2017/18,2017-09-21,Eden Gardens,2,12.3,Australia,India,SPD Smith,TM Head,YS Chahal,0,0,,,,,,,,,
1119497,2017/18,2017-09-21,Eden Gardens,2,12.4,Australia,India,SPD Smith,TM Head,YS Chahal,1,0,,,,,,,,,
1119497,2017/18,2017-09-21,Eden Gardens,2,12.5,Australia,India,TM Head,SPD Smith,YS Chahal,0,0,,,,,,,,,
1119497,2017/18,2017-09-21,Eden Gardens,2,12.6,Australia,India,TM Head,SPD Smith,YS Chahal,1,0,,,,,,,,,
1119497,2017/18,2017-09-21,Eden Gardens,2,13.1,Australia,India,TM Head,SPD Smith,HH Pandya,2,0,,,,,,,,,
1119497,2017/18,2017-09-21,Eden Gardens,2,13.2,Australia,India,TM Head,SPD Smith,HH Pandya,0,0,,,,,,,,,
1119497,2017/18,2017-09-21,Eden Gardens,2,13.3,Australia,India,TM Head,SPD Smith,HH Pandya,4,0,,,,,,,,,
1119497,2017/18,2017-09-21,Eden Gardens,2,13.4,Australia,India,TM Head,SPD Smith,HH Pandya,1,0,,,,,,,,,
1119497,2017/18,2017-09-21,Eden Gardens,2,13.5,Australia,India,SPD Smith,TM Head,HH Pandya,2,0,,,,,,,,,
1119497,2017/18,2017-09-21,Eden Gardens,2,13.6,Australia,India,SPD Smith,TM Head,HH Pandya,0,0,,,,,,,,,
1119497,2017/18,2017-09-21,Eden Gardens,2,14.1,Australia,India,TM Head,SPD Smith,YS Chahal,1,0,,,,,,,,,
1119497,2017/18,2017-09-21,Eden Gardens,2,14.2,Australia,India,SPD Smith,TM Head,YS Chahal,0,0,,,,,,,,,
1119497,2017/18,2017-09-21,Eden Gardens,2,14.3,Australia,India,SPD Smith,TM Head,YS Chahal,0,0,,,,,,,,,
1119497,2017/18,2017-09-21,Eden Gardens,2,14.4,Australia,India,SPD Smith,TM Head,YS Chahal,1,0,,,,,,,,,
1119497,2017/18,2017-09-21,Eden Gardens,2,14.5,Australia,India,TM Head,SPD Smith,YS Chahal,0,0,,,,,,,,,
1119497,2017/18,2017-09-21,Eden Gardens,2,14.6,Australia,India,TM Head,SPD Smith,YS Chahal,1,0,,,,,,,,,
1119497,2017/18,2017-09-21,Eden Gardens,2,15.1,Australia,India,TM Head,SPD Smith,Kuldeep Yadav,0,0,,,,,,,,,
1119497,2017/18,2017-09-21,Eden Gardens,2,15.2,Australia,India,TM Head,SPD Smith,Kuldeep Yadav,1,0,,,,,,,,,
1119497,2017/18,2017-09-21,Eden Gardens,2,15.3,Australia,India,SPD Smith,TM Head,Kuldeep Yadav,2,0,,,,,,,,,
1119497,2017/18,2017-09-21,Eden Gardens,2,15.4,Australia,India,SPD Smith,TM Head,Kuldeep Yadav,1,0,,,,,,,,,
1119497,2017/18,2017-09-21,Eden Gardens,2,15.5,Australia,India,TM Head,SPD Smith,Kuldeep Yadav,0,0,,,,,,,,,
1119497,2017/18,2017-09-21,Eden Gardens,2,15.6,Australia,India,TM Head,SPD Smith,Kuldeep Yadav,0,0,,,,,,,,,
1119497,2017/18,2017-09-21,Eden Gardens,2,16.1,Australia,India,SPD Smith,TM Head,YS Chahal,1,0,,,,,,,,,
1119497,2017/18,2017-09-21,Eden Gardens,2,16.2,Australia,India,TM Head,SPD Smith,YS Chahal,0,0,,,,,,,,,
1119497,2017/18,2017-09-21,Eden Gardens,2,16.3,Australia,India,TM Head,SPD Smith,YS Chahal,2,0,,,,,,,,,
1119497,2017/18,2017-09-21,Eden Gardens,2,16.4,Australia,India,TM Head,SPD Smith,YS Chahal,1,0,,,,,,,,,
1119497,2017/18,2017-09-21,Eden Gardens,2,16.5,Australia,India,SPD Smith,TM Head,YS Chahal,1,0,,,,,,,,,
1119497,2017/18,2017-09-21,Eden Gardens,2,16.6,Australia,India,TM Head,SPD Smith,YS Chahal,0,0,,,,,,caught,TM Head,,
1119497,2017/18,2017-09-21,Eden Gardens,2,17.1,Australia,India,SPD Smith,GJ Maxwell,Kuldeep Yadav,0,0,,,,,,,,,
1119497,2017/18,2017-09-21,Eden Gardens,2,17.2,Australia,India,SPD Smith,GJ Maxwell,Kuldeep Yadav,0,0,,,,,,,,,
1119497,2017/18,2017-09-21,Eden Gardens,2,17.3,Australia,India,SPD Smith,GJ Maxwell,Kuldeep Yadav,0,0,,,,,,,,,
1119497,2017/18,2017-09-21,Eden Gardens,2,17.4,Australia,India,SPD Smith,GJ Maxwell,Kuldeep Yadav,2,0,,,,,,,,,
1119497,2017/18,2017-09-21,Eden Gardens,2,17.5,Australia,India,SPD Smith,GJ Maxwell,Kuldeep Yadav,1,0,,,,,,,,,
1119497,2017/18,2017-09-21,Eden Gardens,2,17.6,Australia,India,GJ Maxwell,SPD Smith,Kuldeep Yadav,0,0,,,,,,,,,
1119497,2017/18,2017-09-21,Eden Gardens,2,18.1,Australia,India,SPD Smith,GJ Maxwell,YS Chahal,0,0,,,,,,,,,
1119497,2017/18,2017-09-21,Eden Gardens,2,18.2,Australia,India,SPD Smith,GJ Maxwell,YS Chahal,0,0,,,,,,,,,
1119497,2017/18,2017-09-21,Eden Gardens,2,18.3,Australia,India,SPD Smith,GJ Maxwell,YS Chahal,0,0,,,,,,,,,
1119497,2017/18,2017-09-21,Eden Gardens,2,18.4,Australia,India,SPD Smith,GJ Maxwell,YS Chahal,0,0,,,,,,,,,
1119497,2017/18,2017-09-21,Eden Gardens,2,18.5,Australia,India,SPD Smith,GJ Maxwell,YS Chahal,0,0,,,,,,,,,
1119497,2017/18,2017-09-21,Eden Gardens,2,18.6,Australia,India,SPD Smith,GJ Maxwell,YS Chahal,1,0,,,,,,,,,
1119497,2017/18,2017-09-21,Eden Gardens,2,19.1,Australia,India,SPD Smith,GJ Maxwell,Kuldeep Yadav,1,0,,,,,,,,,
1119497,2017/18,2017-09-21,Eden Gardens,2,19.2,Australia,India,GJ Maxwell,SPD Smith,Kuldeep Yadav,0,0,,,,,,,,,
1119497,2017/18,2017-09-21,Eden Gardens,2,19.3,Australia,India,GJ Maxwell,SPD Smith,Kuldeep Yadav,6,0,,,,,,,,,
1119497,2017/18,2017-09-21,Eden Gardens,2,19.4,Australia,India,GJ Maxwell,SPD Smith,Kuldeep Yadav,6,0,,,,,,,,,
1119497,2017/18,2017-09-21,Eden Gardens,2,19.5,Australia,India,GJ Maxwell,SPD Smith,Kuldeep Yadav,0,0,,,,,,,,,
1119497,2017/18,2017-09-21,Eden Gardens,2,19.6,Australia,India,GJ Maxwell,SPD Smith,Kuldeep Yadav,0,0,,,,,,,,,
1119497,2017/18,2017-09-21,Eden Gardens,2,20.1,Australia,India,SPD Smith,GJ Maxwell,YS Chahal,0,0,,,,,,,,,
1119497,2017/18,2017-09-21,Eden Gardens,2,20.2,Australia,India,SPD Smith,GJ Maxwell,YS Chahal,1,0,,,,,,,,,
1119497,2017/18,2017-09-21,Eden Gardens,2,20.3,Australia,India,GJ Maxwell,SPD Smith,YS Chahal,0,1,1,,,,,,,,
1119497,2017/18,2017-09-21,Eden Gardens,2,20.4,Australia,India,GJ Maxwell,SPD Smith,YS Chahal,0,0,,,,,,,,,
1119497,2017/18,2017-09-21,Eden Gardens,2,20.5,Australia,India,GJ Maxwell,SPD Smith,YS Chahal,1,0,,,,,,,,,
1119497,2017/18,2017-09-21,Eden Gardens,2,20.6,Australia,India,SPD Smith,GJ Maxwell,YS Chahal,0,0,,,,,,,,,
1119497,2017/18,2017-09-21,Eden Gardens,2,20.7,Australia,India,SPD Smith,GJ Maxwell,YS Chahal,0,0,,,,,,,,,
1119497,2017/18,2017-09-21,Eden Gardens,2,21.1,Australia,India,GJ Maxwell,SPD Smith,JJ Bumrah,0,0,,,,,,,,,
1119497,2017/18,2017-09-21,Eden Gardens,2,21.2,Australia,India,GJ Maxwell,SPD Smith,JJ Bumrah,0,0,,,,,,,,,
1119497,2017/18,2017-09-21,Eden Gardens,2,21.3,Australia,India,GJ Maxwell,SPD Smith,JJ Bumrah,0,0,,,,,,,,,
1119497,2017/18,2017-09-21,Eden Gardens,2,21.4,Australia,India,GJ Maxwell,SPD Smith,JJ Bumrah,0,0,,,,,,,,,
1119497,2017/18,2017-09-21,Eden Gardens,2,21.5,Australia,India,GJ Maxwell,SPD Smith,JJ Bumrah,1,0,,,,,,,,,
1119497,2017/18,2017-09-21,Eden Gardens,2,21.6,Australia,India,SPD Smith,GJ Maxwell,JJ Bumrah,0,0,,,,,,,,,
1119497,2017/18,2017-09-21,Eden Gardens,2,22.1,Australia,India,GJ Maxwell,SPD Smith,YS Chahal,0,0,,,,,,,,,
1119497,2017/18,2017-09-21,Eden Gardens,2,22.2,Australia,India,GJ Maxwell,SPD Smith,YS Chahal,0,0,,,,,,,,,
1119497,2017/18,2017-09-21,Eden Gardens,2,22.3,Australia,India,GJ Maxwell,SPD Smith,YS Chahal,0,0,,,,,,,,,
1119497,2017/18,2017-09-21,Eden Gardens,2,22.4,Australia,India,GJ Maxwell,SPD Smith,YS Chahal,0,0,,,,,,,,,
1119497,2017/18,2017-09-21,Eden Gardens,2,22.5,Australia,India,GJ Maxwell,SPD Smith,YS Chahal,0,0,,,,,,stumped,GJ Maxwell,,
1119497,2017/18,2017-09-21,Eden Gardens,2,22.6,Australia,India,MP Stoinis,SPD Smith,YS Chahal,0,0,,,,,,,,,
1119497,2017/18,2017-09-21,Eden Gardens,2,23.1,Australia,India,SPD Smith,MP Stoinis,Kuldeep Yadav,2,0,,,,,,,,,
1119497,2017/18,2017-09-21,Eden Gardens,2,23.2,Australia,India,SPD Smith,MP Stoinis,Kuldeep Yadav,1,0,,,,,,,,,
1119497,2017/18,2017-09-21,Eden Gardens,2,23.3,Australia,India,MP Stoinis,SPD Smith,Kuldeep Yadav,1,0,,,,,,,,,
1119497,2017/18,2017-09-21,Eden Gardens,2,23.4,Australia,India,SPD Smith,MP Stoinis,Kuldeep Yadav,4,0,,,,,,,,,
1119497,2017/18,2017-09-21,Eden Gardens,2,23.5,Australia,India,SPD Smith,MP Stoinis,Kuldeep Yadav,2,0,,,,,,,,,
1119497,2017/18,2017-09-21,Eden Gardens,2,23.6,Australia,India,SPD Smith,MP Stoinis,Kuldeep Yadav,0,0,,,,,,,,,
1119497,2017/18,2017-09-21,Eden Gardens,2,24.1,Australia,India,MP Stoinis,SPD Smith,HH Pandya,0,0,,,,,,,,,
1119497,2017/18,2017-09-21,Eden Gardens,2,24.2,Australia,India,MP Stoinis,SPD Smith,HH Pandya,0,0,,,,,,,,,
1119497,2017/18,2017-09-21,Eden Gardens,2,24.3,Australia,India,MP Stoinis,SPD Smith,HH Pandya,0,0,,,,,,,,,
1119497,2017/18,2017-09-21,Eden Gardens,2,24.4,Australia,India,MP Stoinis,SPD Smith,HH Pandya,4,0,,,,,,,,,
1119497,2017/18,2017-09-21,Eden Gardens,2,24.5,Australia,India,MP Stoinis,SPD Smith,HH Pandya,0,0,,,,,,,,,
1119497,2017/18,2017-09-21,Eden Gardens,2,24.6,Australia,India,MP Stoinis,SPD Smith,HH Pandya,0,0,,,,,,,,,
1119497,2017/18,2017-09-21,Eden Gardens,2,25.1,Australia,India,SPD Smith,MP Stoinis,Kuldeep Yadav,0,0,,,,,,,,,
1119497,2017/18,2017-09-21,Eden Gardens,2,25.2,Australia,India,SPD Smith,MP Stoinis,Kuldeep Yadav,0,0,,,,,,,,,
1119497,2017/18,2017-09-21,Eden Gardens,2,25.3,Australia,India,SPD Smith,MP Stoinis,Kuldeep Yadav,0,0,,,,,,,,,
1119497,2017/18,2017-09-21,Eden Gardens,2,25.4,Australia,India,SPD Smith,MP Stoinis,Kuldeep Yadav,1,0,,,,,,,,,
1119497,2017/18,2017-09-21,Eden Gardens,2,25.5,Australia,India,MP Stoinis,SPD Smith,Kuldeep Yadav,0,0,,,,,,,,,
1119497,2017/18,2017-09-21,Eden Gardens,2,25.6,Australia,India,MP Stoinis,SPD Smith,Kuldeep Yadav,0,0,,,,,,,,,
1119497,2017/18,2017-09-21,Eden Gardens,2,26.1,Australia,India,SPD Smith,MP Stoinis,HH Pandya,0,0,,,,,,,,,
1119497,2017/18,2017-09-21,Eden Gardens,2,26.2,Australia,India,SPD Smith,MP Stoinis,HH Pandya,0,0,,,,,,,,,
1119497,2017/18,2017-09-21,Eden Gardens,2,26.3,Australia,India,SPD Smith,MP Stoinis,HH Pandya,0,0,,,,,,,,,
1119497,2017/18,2017-09-21,Eden Gardens,2,26.4,Australia,India,SPD Smith,MP Stoinis,HH Pandya,0,0,,,,,,,,,
1119497,2017/18,2017-09-21,Eden Gardens,2,26.5,Australia,India,SPD Smith,MP Stoinis,HH Pandya,0,0,,,,,,,,,
1119497,2017/18,2017-09-21,Eden Gardens,2,26.6,Australia,India,SPD Smith,MP Stoinis,HH Pandya,4,0,,,,,,,,,
1119497,2017/18,2017-09-21,Eden Gardens,2,27.1,Australia,India,MP Stoinis,SPD Smith,Kuldeep Yadav,1,0,,,,,,,,,
1119497,2017/18,2017-09-21,Eden Gardens,2,27.2,Australia,India,SPD Smith,MP Stoinis,Kuldeep Yadav,1,0,,,,,,,,,
1119497,2017/18,2017-09-21,Eden Gardens,2,27.3,Australia,India,MP Stoinis,SPD Smith,Kuldeep Yadav,0,0,,,,,,,,,
1119497,2017/18,2017-09-21,Eden Gardens,2,27.4,Australia,India,MP Stoinis,SPD Smith,Kuldeep Yadav,4,0,,,,,,,,,
1119497,2017/18,2017-09-21,Eden Gardens,2,27.5,Australia,India,MP Stoinis,SPD Smith,Kuldeep Yadav,0,0,,,,,,,,,
1119497,2017/18,2017-09-21,Eden Gardens,2,27.6,Australia,India,MP Stoinis,SPD Smith,Kuldeep Yadav,1,0,,,,,,,,,
1119497,2017/18,2017-09-21,Eden Gardens,2,28.1,Australia,India,MP Stoinis,SPD Smith,YS Chahal,0,0,,,,,,,,,
1119497,2017/18,2017-09-21,Eden Gardens,2,28.2,Australia,India,MP Stoinis,SPD Smith,YS Chahal,0,0,,,,,,,,,
1119497,2017/18,2017-09-21,Eden Gardens,2,28.3,Australia,India,MP Stoinis,SPD Smith,YS Chahal,0,0,,,,,,,,,
1119497,2017/18,2017-09-21,Eden Gardens,2,28.4,Australia,India,MP Stoinis,SPD Smith,YS Chahal,0,0,,,,,,,,,
1119497,2017/18,2017-09-21,Eden Gardens,2,28.5,Australia,India,MP Stoinis,SPD Smith,YS Chahal,1,0,,,,,,,,,
1119497,2017/18,2017-09-21,Eden Gardens,2,28.6,Australia,India,SPD Smith,MP Stoinis,YS Chahal,0,0,,,,,,,,,
1119497,2017/18,2017-09-21,Eden Gardens,2,29.1,Australia,India,MP Stoinis,SPD Smith,HH Pandya,0,0,,,,,,,,,
1119497,2017/18,2017-09-21,Eden Gardens,2,29.2,Australia,India,MP Stoinis,SPD Smith,HH Pandya,1,0,,,,,,,,,
1119497,2017/18,2017-09-21,Eden Gardens,2,29.3,Australia,India,SPD Smith,MP Stoinis,HH Pandya,4,0,,,,,,,,,
1119497,2017/18,2017-09-21,Eden Gardens,2,29.4,Australia,India,SPD Smith,MP Stoinis,HH Pandya,0,0,,,,,,,,,
1119497,2017/18,2017-09-21,Eden Gardens,2,29.5,Australia,India,SPD Smith,MP Stoinis,HH Pandya,0,0,,,,,,caught,SPD Smith,,
1119497,2017/18,2017-09-21,Eden Gardens,2,29.6,Australia,India,MS Wade,MP Stoinis,HH Pandya,0,0,,,,,,,,,
1119497,2017/18,2017-09-21,Eden Gardens,2,30.1,Australia,India,MP Stoinis,MS Wade,Kuldeep Yadav,0,0,,,,,,,,,
1119497,2017/18,2017-09-21,Eden Gardens,2,30.2,Australia,India,MP Stoinis,MS Wade,Kuldeep Yadav,0,0,,,,,,,,,
1119497,2017/18,2017-09-21,Eden Gardens,2,30.3,Australia,India,MP Stoinis,MS Wade,Kuldeep Yadav,1,0,,,,,,,,,
1119497,2017/18,2017-09-21,Eden Gardens,2,30.4,Australia,India,MS Wade,MP Stoinis,Kuldeep Yadav,0,0,,,,,,,,,
1119497,2017/18,2017-09-21,Eden Gardens,2,30.5,Australia,India,MS Wade,MP Stoinis,Kuldeep Yadav,0,0,,,,,,,,,
1119497,2017/18,2017-09-21,Eden Gardens,2,30.6,Australia,India,MS Wade,MP Stoinis,Kuldeep Yadav,0,0,,,,,,,,,
1119497,2017/18,2017-09-21,Eden Gardens,2,31.1,Australia,India,MP Stoinis,MS Wade,HH Pandya,1,0,,,,,,,,,
1119497,2017/18,2017-09-21,Eden Gardens,2,31.2,Australia,India,MS Wade,MP Stoinis,HH Pandya,1,0,,,,,,,,,
1119497,2017/18,2017-09-21,Eden Gardens,2,31.3,Australia,India,MP Stoinis,MS Wade,HH Pandya,1,0,,,,,,,,,
1119497,2017/18,2017-09-21,Eden Gardens,2,31.4,Australia,India,MS Wade,MP Stoinis,HH Pandya,1,0,,,,,,,,,
1119497,2017/18,2017-09-21,Eden Gardens,2,31.5,Australia,India,MP Stoinis,MS Wade,HH Pandya,0,1,1,,,,,,,,
1119497,2017/18,2017-09-21,Eden Gardens,2,31.6,Australia,India,MP Stoinis,MS Wade,HH Pandya,4,0,,,,,,,,,
1119497,2017/18,2017-09-21,Eden Gardens,2,31.7,Australia,India,MP Stoinis,MS Wade,HH Pandya,0,0,,,,,,,,,
1119497,2017/18,2017-09-21,Eden Gardens,2,32.1,Australia,India,MS Wade,MP Stoinis,Kuldeep Yadav,0,0,,,,,,,,,
1119497,2017/18,2017-09-21,Eden Gardens,2,32.2,Australia,India,MS Wade,MP Stoinis,Kuldeep Yadav,0,0,,,,,,bowled,MS Wade,,
1119497,2017/18,2017-09-21,Eden Gardens,2,32.3,Australia,India,AC Agar,MP Stoinis,Kuldeep Yadav,0,0,,,,,,lbw,AC Agar,,
1119497,2017/18,2017-09-21,Eden Gardens,2,32.4,Australia,India,PJ Cummins,MP Stoinis,Kuldeep Yadav,0,0,,,,,,caught,PJ Cummins,,
1119497,2017/18,2017-09-21,Eden Gardens,2,32.5,Australia,India,NM Coulter-Nile,MP Stoinis,Kuldeep Yadav,0,0,,,,,,,,,
1119497,2017/18,2017-09-21,Eden Gardens,2,32.6,Australia,India,NM Coulter-Nile,MP Stoinis,Kuldeep Yadav,0,0,,,,,,,,,
1119497,2017/18,2017-09-21,Eden Gardens,2,33.1,Australia,India,MP Stoinis,NM Coulter-Nile,YS Chahal,1,0,,,,,,,,,
1119497,2017/18,2017-09-21,Eden Gardens,2,33.2,Australia,India,NM Coulter-Nile,MP Stoinis,YS Chahal,0,0,,,,,,,,,
1119497,2017/18,2017-09-21,Eden Gardens,2,33.3,Australia,India,NM Coulter-Nile,MP Stoinis,YS Chahal,1,0,,,,,,,,,
1119497,2017/18,2017-09-21,Eden Gardens,2,33.4,Australia,India,MP Stoinis,NM Coulter-Nile,YS Chahal,1,0,,,,,,,,,
1119497,2017/18,2017-09-21,Eden Gardens,2,33.5,Australia,India,NM Coulter-Nile,MP Stoinis,YS Chahal,0,0,,,,,,,,,
1119497,2017/18,2017-09-21,Eden Gardens,2,33.6,Australia,India,NM Coulter-Nile,MP Stoinis,YS Chahal,1,0,,,,,,,,,
1119497,2017/18,2017-09-21,Eden Gardens,2,34.1,Australia,India,NM Coulter-Nile,MP Stoinis,Kuldeep Yadav,0,1,1,,,,,,,,
1119497,2017/18,2017-09-21,Eden Gardens,2,34.2,Australia,India,NM Coulter-Nile,MP Stoinis,Kuldeep Yadav,0,0,,,,,,,,,
1119497,2017/18,2017-09-21,Eden Gardens,2,34.3,Australia,India,NM Coulter-Nile,MP Stoinis,Kuldeep Yadav,0,0,,,,,,,,,
1119497,2017/18,2017-09-21,Eden Gardens,2,34.4,Australia,India,NM Coulter-Nile,MP Stoinis,Kuldeep Yadav,3,0,,,,,,,,,
1119497,2017/18,2017-09-21,Eden Gardens,2,34.5,Australia,India,MP Stoinis,NM Coulter-Nile,Kuldeep Yadav,0,0,,,,,,,,,
1119497,2017/18,2017-09-21,Eden Gardens,2,34.6,Australia,India,MP Stoinis,NM Coulter-Nile,Kuldeep Yadav,1,0,,,,,,,,,
1119497,2017/18,2017-09-21,Eden Gardens,2,34.7,Australia,India,NM Coulter-Nile,MP Stoinis,Kuldeep Yadav,0,0,,,,,,,,,
1119497,2017/18,2017-09-21,Eden Gardens,2,35.1,Australia,India,MP Stoinis,NM Coulter-Nile,JJ Bumrah,1,0,,,,,,,,,
1119497,2017/18,2017-09-21,Eden Gardens,2,35.2,Australia,India,NM Coulter-Nile,MP Stoinis,JJ Bumrah,1,0,,,,,,,,,
1119497,2017/18,2017-09-21,Eden Gardens,2,35.3,Australia,India,MP Stoinis,NM Coulter-Nile,JJ Bumrah,0,0,,,,,,,,,
1119497,2017/18,2017-09-21,Eden Gardens,2,35.4,Australia,India,MP Stoinis,NM Coulter-Nile,JJ Bumrah,2,0,,,,,,,,,
1119497,2017/18,2017-09-21,Eden Gardens,2,35.5,Australia,India,MP Stoinis,NM Coulter-Nile,JJ Bumrah,0,0,,,,,,,,,
1119497,2017/18,2017-09-21,Eden Gardens,2,35.6,Australia,India,MP Stoinis,NM Coulter-Nile,JJ Bumrah,1,0,,,,,,,,,
1119497,2017/18,2017-09-21,Eden Gardens,2,36.1,Australia,India,MP Stoinis,NM Coulter-Nile,Kuldeep Yadav,4,0,,,,,,,,,
1119497,2017/18,2017-09-21,Eden Gardens,2,36.2,Australia,India,MP Stoinis,NM Coulter-Nile,Kuldeep Yadav,4,0,,,,,,,,,
1119497,2017/18,2017-09-21,Eden Gardens,2,36.3,Australia,India,MP Stoinis,NM Coulter-Nile,Kuldeep Yadav,0,0,,,,,,,,,
1119497,2017/18,2017-09-21,Eden Gardens,2,36.4,Australia,India,MP Stoinis,NM Coulter-Nile,Kuldeep Yadav,0,1,1,,,,,,,,
1119497,2017/18,2017-09-21,Eden Gardens,2,36.5,Australia,India,MP Stoinis,NM Coulter-Nile,Kuldeep Yadav,1,0,,,,,,,,,
1119497,2017/18,2017-09-21,Eden Gardens,2,36.6,Australia,India,NM Coulter-Nile,MP Stoinis,Kuldeep Yadav,0,0,,,,,,,,,
1119497,2017/18,2017-09-21,Eden Gardens,2,36.7,Australia,India,NM Coulter-Nile,MP Stoinis,Kuldeep Yadav,0,0,,,,,,,,,
1119497,2017/18,2017-09-21,Eden Gardens,2,37.1,Australia,India,MP Stoinis,NM Coulter-Nile,HH Pandya,0,0,,,,,,,,,
1119497,2017/18,2017-09-21,Eden Gardens,2,37.2,Australia,India,MP Stoinis,NM Coulter-Nile,HH Pandya,1,0,,,,,,,,,
1119497,2017/18,2017-09-21,Eden Gardens,2,37.3,Australia,India,NM Coulter-Nile,MP Stoinis,HH Pandya,0,0,,,,,,,,,
1119497,2017/18,2017-09-21,Eden Gardens,2,37.4,Australia,India,NM Coulter-Nile,MP Stoinis,HH Pandya,0,0,,,,,,,,,
1119497,2017/18,2017-09-21,Eden Gardens,2,37.5,Australia,India,NM Coulter-Nile,MP Stoinis,HH Pandya,1,0,,,,,,,,,
1119497,2017/18,2017-09-21,Eden Gardens,2,37.6,Australia,India,MP Stoinis,NM Coulter-Nile,HH Pandya,0,0,,,,,,,,,
1119497,2017/18,2017-09-21,Eden Gardens,2,38.1,Australia,India,NM Coulter-Nile,MP Stoinis,YS Chahal,1,0,,,,,,,,,
1119497,2017/18,2017-09-21,Eden Gardens,2,38.2,Australia,India,MP Stoinis,NM Coulter-Nile,YS Chahal,0,0,,,,,,,,,
1119497,2017/18,2017-09-21,Eden Gardens,2,38.3,Australia,India,MP Stoinis,NM Coulter-Nile,YS Chahal,0,0,,,,,,,,,
1119497,2017/18,2017-09-21,Eden Gardens,2,38.4,Australia,India,MP Stoinis,NM Coulter-Nile,YS Chahal,4,0,,,,,,,,,
1119497,2017/18,2017-09-21,Eden Gardens,2,38.5,Australia,India,MP Stoinis,NM Coulter-Nile,YS Chahal,0,2,2,,,,,,,,
1119497,2017/18,2017-09-21,Eden Gardens,2,38.6,Australia,India,NM Coulter-Nile,MP Stoinis,YS Chahal,0,0,,,,,,,,,
1119497,2017/18,2017-09-21,Eden Gardens,2,38.7,Australia,India,NM Coulter-Nile,MP Stoinis,YS Chahal,0,0,,,,,,,,,
1119497,2017/18,2017-09-21,Eden Gardens,2,39.1,Australia,India,MP Stoinis,NM Coulter-Nile,HH Pandya,0,0,,,,,,,,,
1119497,2017/18,2017-09-21,Eden Gardens,2,39.2,Australia,India,MP Stoinis,NM Coulter-Nile,HH Pandya,0,0,,,,,,,,,
1119497,2017/18,2017-09-21,Eden Gardens,2,39.3,Australia,India,MP Stoinis,NM Coulter-Nile,HH Pandya,1,0,,,,,,,,,
1119497,2017/18,2017-09-21,Eden Gardens,2,39.4,Australia,India,NM Coulter-Nile,MP Stoinis,HH Pandya,0,0,,,,,,caught and bowled,NM Coulter-Nile,,
1119497,2017/18,2017-09-21,Eden Gardens,2,39.5,Australia,India,KW Richardson,MP Stoinis,HH Pandya,0,0,,,,,,,,,
1119497,2017/18,2017-09-21,Eden Gardens,2,39.6,Australia,India,KW Richardson,MP Stoinis,HH Pandya,0,0,,,,,,,,,
1119497,2017/18,2017-09-21,Eden Gardens,2,40.1,Australia,India,MP Stoinis,KW Richardson,YS Chahal,0,0,,,,,,,,,
1119497,2017/18,2017-09-21,Eden Gardens,2,40.2,Australia,India,MP Stoinis,KW Richardson,YS Chahal,0,0,,,,,,,,,
1119497,2017/18,2017-09-21,Eden Gardens,2,40.3,Australia,India,MP Stoinis,KW Richardson,YS Chahal,6,0,,,,,,,,,
1119497,2017/18,2017-09-21,Eden Gardens,2,40.4,Australia,India,MP Stoinis,KW Richardson,YS Chahal,1,0,,,,,,,,,
1119497,2017/18,2017-09-21,Eden Gardens,2,40.5,Australia,India,KW Richardson,MP Stoinis,YS Chahal,0,0,,,,,,,,,
1119497,2017/18,2017-09-21,Eden Gardens,2,40.6,Australia,India,KW Richardson,MP Stoinis,YS Chahal,0,0,,,,,,,,,
1119497,2017/18,2017-09-21,Eden Gardens,2,41.1,Australia,India,MP Stoinis,KW Richardson,HH Pandya,0,0,,,,,,,,,
1119497,2017/18,2017-09-21,Eden Gardens,2,41.2,Australia,India,MP Stoinis,KW Richardson,HH Pandya,0,0,,,,,,,,,
1119497,2017/18,2017-09-21,Eden Gardens,2,41.3,Australia,India,MP Stoinis,KW Richardson,HH Pandya,6,0,,,,,,,,,
1119497,2017/18,2017-09-21,Eden Gardens,2,41.4,Australia,India,MP Stoinis,KW Richardson,HH Pandya,1,0,,,,,,,,,
1119497,2017/18,2017-09-21,Eden Gardens,2,41.5,Australia,India,KW Richardson,MP Stoinis,HH Pandya,0,0,,,,,,,,,
1119497,2017/18,2017-09-21,Eden Gardens,2,41.6,Australia,India,KW Richardson,MP Stoinis,HH Pandya,0,0,,,,,,,,,
1119497,2017/18,2017-09-21,Eden Gardens,2,42.1,Australia,India,MP Stoinis,KW Richardson,JJ Bumrah,0,0,,,,,,,,,
1119497,2017/18,2017-09-21,Eden Gardens,2,42.2,Australia,India,MP Stoinis,KW Richardson,JJ Bumrah,0,0,,,,,,,,,
1119497,2017/18,2017-09-21,Eden Gardens,2,42.3,Australia,India,MP Stoinis,KW Richardson,JJ Bumrah,6,0,,,,,,,,,
1119497,2017/18,2017-09-21,Eden Gardens,2,42.4,Australia,India,MP Stoinis,KW Richardson,JJ Bumrah,0,0,,,,,,,,,
1119497,2017/18,2017-09-21,Eden Gardens,2,42.5,Australia,India,MP Stoinis,KW Richardson,JJ Bumrah,0,0,,,,,,,,,
1119497,2017/18,2017-09-21,Eden Gardens,2,42.6,Australia,India,MP Stoinis,KW Richardson,JJ Bumrah,0,0,,,,,,,,,
1119497,2017/18,2017-09-21,Eden Gardens,2,43.1,Australia,India,KW Richardson,MP Stoinis,B Kumar,0,0,,,,,,lbw,KW Richardson,,
