match_id,season,start_date,venue,innings,ball,batting_team,bowling_team,striker,non_striker,bowler,runs_off_bat,extras,wides,noballs,byes,legbyes,penalty,wicket_type,player_dismissed,other_wicket_type,other_player_dismissed
1120289,2017/18,2017-10-20,Sharjah Cricket Stadium,1,0.1,Sri Lanka,Pakistan,N Dickwella,WU Tharanga,Junaid Khan,0,0,,,,,,,,,
1120289,2017/18,2017-10-20,Sharjah Cricket Stadium,1,0.2,Sri Lanka,Pakistan,N Dickwella,WU Tharanga,Junaid Khan,1,0,,,,,,,,,
1120289,2017/18,2017-10-20,Sharjah Cricket Stadium,1,0.3,Sri Lanka,Pakistan,WU Tharanga,N Dickwella,Junaid Khan,0,0,,,,,,,,,
1120289,2017/18,2017-10-20,Sharjah Cricket Stadium,1,0.4,Sri Lanka,Pakistan,WU Tharanga,N Dickwella,Junaid Khan,0,0,,,,,,,,,
1120289,2017/18,2017-10-20,Sharjah Cricket Stadium,1,0.5,Sri Lanka,Pakistan,WU Tharanga,N Dickwella,Junaid Khan,0,0,,,,,,,,,
1120289,2017/18,2017-10-20,Sharjah Cricket Stadium,1,0.6,Sri Lanka,Pakistan,WU Tharanga,N Dickwella,Junaid Khan,0,0,,,,,,,,,
1120289,2017/18,2017-10-20,Sharjah Cricket Stadium,1,1.1,Sri Lanka,Pakistan,N Dickwella,WU Tharanga,Usman Shinwari,1,0,,,,,,,,,
1120289,2017/18,2017-10-20,Sharjah Cricket Stadium,1,1.2,Sri Lanka,Pakistan,WU Tharanga,N Dickwella,Usman Shinwari,0,0,,,,,,bowled,WU Tharanga,,
1120289,2017/18,2017-10-20,Sharjah Cricket Stadium,1,1.3,Sri Lanka,Pakistan,LD Chandimal,N Dickwella,Usman Shinwari,0,0,,,,,,,,,
1120289,2017/18,2017-10-20,Sharjah Cricket Stadium,1,1.4,Sri Lanka,Pakistan,LD Chandimal,N Dickwella,Usman Shinwari,0,0,,,,,,,,,
1120289,2017/18,2017-10-20,Sharjah Cricket Stadium,1,1.5,Sri Lanka,Pakistan,LD Chandimal,N Dickwella,Usman Shinwari,0,0,,,,,,,,,
1120289,2017/18,2017-10-20,Sharjah Cricket Stadium,1,1.6,Sri Lanka,Pakistan,LD Chandimal,N Dickwella,Usman Shinwari,0,0,,,,,,,,,
1120289,2017/18,2017-10-20,Sharjah Cricket Stadium,1,2.1,Sri Lanka,Pakistan,N Dickwella,LD Chandimal,Junaid Khan,4,0,,,,,,,,,
1120289,2017/18,2017-10-20,Sharjah Cricket Stadium,1,2.2,Sri Lanka,Pakistan,N Dickwella,LD Chandimal,Junaid Khan,4,0,,,,,,,,,
1120289,2017/18,2017-10-20,Sharjah Cricket Stadium,1,2.3,Sri Lanka,Pakistan,N Dickwella,LD Chandimal,Junaid Khan,0,4,,,4,,,,,,
1120289,2017/18,2017-10-20,Sharjah Cricket Stadium,1,2.4,Sri Lanka,Pakistan,N Dickwella,LD Chandimal,Junaid Khan,1,0,,,,,,,,,
1120289,2017/18,2017-10-20,Sharjah Cricket Stadium,1,2.5,Sri Lanka,Pakistan,LD Chandimal,N Dickwella,Junaid Khan,0,0,,,,,,,,,
1120289,2017/18,2017-10-20,Sharjah Cricket Stadium,1,2.6,Sri Lanka,Pakistan,LD Chandimal,N Dickwella,Junaid Khan,0,0,,,,,,,,,
1120289,2017/18,2017-10-20,Sharjah Cricket Stadium,1,3.1,Sri Lanka,Pakistan,N Dickwella,LD Chandimal,Usman Shinwari,0,0,,,,,,,,,
1120289,2017/18,2017-10-20,Sharjah Cricket Stadium,1,3.2,Sri Lanka,Pakistan,N Dickwella,LD Chandimal,Usman Shinwari,4,0,,,,,,,,,
1120289,2017/18,2017-10-20,Sharjah Cricket Stadium,1,3.3,Sri Lanka,Pakistan,N Dickwella,LD Chandimal,Usman Shinwari,1,0,,,,,,,,,
1120289,2017/18,2017-10-20,Sharjah Cricket Stadium,1,3.4,Sri Lanka,Pakistan,LD Chandimal,N Dickwella,Usman Shinwari,0,0,,,,,,,,,
1120289,2017/18,2017-10-20,Sharjah Cricket Stadium,1,3.5,Sri Lanka,Pakistan,LD Chandimal,N Dickwella,Usman Shinwari,4,0,,,,,,,,,
1120289,2017/18,2017-10-20,Sharjah Cricket Stadium,1,3.6,Sri Lanka,Pakistan,LD Chandimal,N Dickwella,Usman Shinwari,0,0,,,,,,,,,
1120289,2017/18,2017-10-20,Sharjah Cricket Stadium,1,4.1,Sri Lanka,Pakistan,N Dickwella,LD Chandimal,Junaid Khan,0,0,,,,,,,,,
1120289,2017/18,2017-10-20,Sharjah Cricket Stadium,1,4.2,Sri Lanka,Pakistan,N Dickwella,LD Chandimal,Junaid Khan,0,0,,,,,,,,,
1120289,2017/18,2017-10-20,Sharjah Cricket Stadium,1,4.3,Sri Lanka,Pakistan,N Dickwella,LD Chandimal,Junaid Khan,6,0,,,,,,,,,
1120289,2017/18,2017-10-20,Sharjah Cricket Stadium,1,4.4,Sri Lanka,Pakistan,N Dickwella,LD Chandimal,Junaid Khan,0,0,,,,,,,,,
1120289,2017/18,2017-10-20,Sharjah Cricket Stadium,1,4.5,Sri Lanka,Pakistan,N Dickwella,LD Chandimal,Junaid Khan,0,0,,,,,,,,,
1120289,2017/18,2017-10-20,Sharjah Cricket Stadium,1,4.6,Sri Lanka,Pakistan,N Dickwella,LD Chandimal,Junaid Khan,0,0,,,,,,caught,N Dickwella,,
1120289,2017/18,2017-10-20,Sharjah Cricket Stadium,1,5.1,Sri Lanka,Pakistan,LD Chandimal,HDRL Thirimanne,Usman Shinwari,1,0,,,,,,,,,
1120289,2017/18,2017-10-20,Sharjah Cricket Stadium,1,5.2,Sri Lanka,Pakistan,HDRL Thirimanne,LD Chandimal,Usman Shinwari,0,0,,,,,,,,,
1120289,2017/18,2017-10-20,Sharjah Cricket Stadium,1,5.3,Sri Lanka,Pakistan,HDRL Thirimanne,LD Chandimal,Usman Shinwari,0,0,,,,,,,,,
1120289,2017/18,2017-10-20,Sharjah Cricket Stadium,1,5.4,Sri Lanka,Pakistan,HDRL Thirimanne,LD Chandimal,Usman Shinwari,1,0,,,,,,,,,
1120289,2017/18,2017-10-20,Sharjah Cricket Stadium,1,5.5,Sri Lanka,Pakistan,LD Chandimal,HDRL Thirimanne,Usman Shinwari,0,0,,,,,,,,,
1120289,2017/18,2017-10-20,Sharjah Cricket Stadium,1,5.6,Sri Lanka,Pakistan,LD Chandimal,HDRL Thirimanne,Usman Shinwari,0,0,,,,,,,,,
1120289,2017/18,2017-10-20,Sharjah Cricket Stadium,1,6.1,Sri Lanka,Pakistan,HDRL Thirimanne,LD Chandimal,Junaid Khan,0,0,,,,,,,,,
1120289,2017/18,2017-10-20,Sharjah Cricket Stadium,1,6.2,Sri Lanka,Pakistan,HDRL Thirimanne,LD Chandimal,Junaid Khan,0,0,,,,,,,,,
1120289,2017/18,2017-10-20,Sharjah Cricket Stadium,1,6.3,Sri Lanka,Pakistan,HDRL Thirimanne,LD Chandimal,Junaid Khan,1,0,,,,,,,,,
1120289,2017/18,2017-10-20,Sharjah Cricket Stadium,1,6.4,Sri Lanka,Pakistan,LD Chandimal,HDRL Thirimanne,Junaid Khan,4,0,,,,,,,,,
1120289,2017/18,2017-10-20,Sharjah Cricket Stadium,1,6.5,Sri Lanka,Pakistan,LD Chandimal,HDRL Thirimanne,Junaid Khan,1,0,,,,,,,,,
1120289,2017/18,2017-10-20,Sharjah Cricket Stadium,1,6.6,Sri Lanka,Pakistan,HDRL Thirimanne,LD Chandimal,Junaid Khan,0,0,,,,,,,,,
1120289,2017/18,2017-10-20,Sharjah Cricket Stadium,1,7.1,Sri Lanka,Pakistan,LD Chandimal,HDRL Thirimanne,Usman Shinwari,2,0,,,,,,,,,
1120289,2017/18,2017-10-20,Sharjah Cricket Stadium,1,7.2,Sri Lanka,Pakistan,LD Chandimal,HDRL Thirimanne,Usman Shinwari,1,0,,,,,,,,,
1120289,2017/18,2017-10-20,Sharjah Cricket Stadium,1,7.3,Sri Lanka,Pakistan,HDRL Thirimanne,LD Chandimal,Usman Shinwari,4,0,,,,,,,,,
1120289,2017/18,2017-10-20,Sharjah Cricket Stadium,1,7.4,Sri Lanka,Pakistan,HDRL Thirimanne,LD Chandimal,Usman Shinwari,0,5,5,,,,,,,,
1120289,2017/18,2017-10-20,Sharjah Cricket Stadium,1,7.5,Sri Lanka,Pakistan,HDRL Thirimanne,LD Chandimal,Usman Shinwari,0,0,,,,,,,,,
1120289,2017/18,2017-10-20,Sharjah Cricket Stadium,1,7.6,Sri Lanka,Pakistan,HDRL Thirimanne,LD Chandimal,Usman Shinwari,1,0,,,,,,,,,
1120289,2017/18,2017-10-20,Sharjah Cricket Stadium,1,7.7,Sri Lanka,Pakistan,LD Chandimal,HDRL Thirimanne,Usman Shinwari,1,0,,,,,,,,,
1120289,2017/18,2017-10-20,Sharjah Cricket Stadium,1,8.1,Sri Lanka,Pakistan,LD Chandimal,HDRL Thirimanne,Imad Wasim,0,0,,,,,,,,,
1120289,2017/18,2017-10-20,Sharjah Cricket Stadium,1,8.2,Sri Lanka,Pakistan,LD Chandimal,HDRL Thirimanne,Imad Wasim,0,0,,,,,,,,,
1120289,2017/18,2017-10-20,Sharjah Cricket Stadium,1,8.3,Sri Lanka,Pakistan,LD Chandimal,HDRL Thirimanne,Imad Wasim,0,0,,,,,,,,,
1120289,2017/18,2017-10-20,Sharjah Cricket Stadium,1,8.4,Sri Lanka,Pakistan,LD Chandimal,HDRL Thirimanne,Imad Wasim,0,0,,,,,,,,,
1120289,2017/18,2017-10-20,Sharjah Cricket Stadium,1,8.5,Sri Lanka,Pakistan,LD Chandimal,HDRL Thirimanne,Imad Wasim,1,0,,,,,,,,,
1120289,2017/18,2017-10-20,Sharjah Cricket Stadium,1,8.6,Sri Lanka,Pakistan,HDRL Thirimanne,LD Chandimal,Imad Wasim,0,1,1,,,,,,,,
1120289,2017/18,2017-10-20,Sharjah Cricket Stadium,1,8.7,Sri Lanka,Pakistan,HDRL Thirimanne,LD Chandimal,Imad Wasim,1,0,,,,,,,,,
1120289,2017/18,2017-10-20,Sharjah Cricket Stadium,1,9.1,Sri Lanka,Pakistan,HDRL Thirimanne,LD Chandimal,Usman Shinwari,0,0,,,,,,,,,
1120289,2017/18,2017-10-20,Sharjah Cricket Stadium,1,9.2,Sri Lanka,Pakistan,HDRL Thirimanne,LD Chandimal,Usman Shinwari,0,0,,,,,,,,,
1120289,2017/18,2017-10-20,Sharjah Cricket Stadium,1,9.3,Sri Lanka,Pakistan,HDRL Thirimanne,LD Chandimal,Usman Shinwari,0,0,,,,,,,,,
1120289,2017/18,2017-10-20,Sharjah Cricket Stadium,1,9.4,Sri Lanka,Pakistan,HDRL Thirimanne,LD Chandimal,Mohammad Hafeez,1,0,,,,,,,,,
1120289,2017/18,2017-10-20,Sharjah Cricket Stadium,1,9.5,Sri Lanka,Pakistan,LD Chandimal,HDRL Thirimanne,Mohammad Hafeez,1,0,,,,,,,,,
1120289,2017/18,2017-10-20,Sharjah Cricket Stadium,1,9.6,Sri Lanka,Pakistan,HDRL Thirimanne,LD Chandimal,Mohammad Hafeez,1,0,,,,,,,,,
1120289,2017/18,2017-10-20,Sharjah Cricket Stadium,1,10.1,Sri Lanka,Pakistan,HDRL Thirimanne,LD Chandimal,Imad Wasim,0,0,,,,,,,,,
1120289,2017/18,2017-10-20,Sharjah Cricket Stadium,1,10.2,Sri Lanka,Pakistan,HDRL Thirimanne,LD Chandimal,Imad Wasim,1,0,,,,,,,,,
1120289,2017/18,2017-10-20,Sharjah Cricket Stadium,1,10.3,Sri Lanka,Pakistan,LD Chandimal,HDRL Thirimanne,Imad Wasim,0,0,,,,,,run out,LD Chandimal,,
1120289,2017/18,2017-10-20,Sharjah Cricket Stadium,1,10.4,Sri Lanka,Pakistan,S Samarawickrama,HDRL Thirimanne,Imad Wasim,0,0,,,,,,,,,
1120289,2017/18,2017-10-20,Sharjah Cricket Stadium,1,10.5,Sri Lanka,Pakistan,S Samarawickrama,HDRL Thirimanne,Imad Wasim,0,0,,,,,,bowled,S Samarawickrama,,
1120289,2017/18,2017-10-20,Sharjah Cricket Stadium,1,10.6,Sri Lanka,Pakistan,TAM Siriwardana,HDRL Thirimanne,Imad Wasim,1,0,,,,,,,,,
1120289,2017/18,2017-10-20,Sharjah Cricket Stadium,1,11.1,Sri Lanka,Pakistan,TAM Siriwardana,HDRL Thirimanne,Mohammad Hafeez,1,0,,,,,,,,,
1120289,2017/18,2017-10-20,Sharjah Cricket Stadium,1,11.2,Sri Lanka,Pakistan,HDRL Thirimanne,TAM Siriwardana,Mohammad Hafeez,0,0,,,,,,,,,
1120289,2017/18,2017-10-20,Sharjah Cricket Stadium,1,11.3,Sri Lanka,Pakistan,HDRL Thirimanne,TAM Siriwardana,Mohammad Hafeez,0,0,,,,,,,,,
1120289,2017/18,2017-10-20,Sharjah Cricket Stadium,1,11.4,Sri Lanka,Pakistan,HDRL Thirimanne,TAM Siriwardana,Mohammad Hafeez,0,0,,,,,,,,,
1120289,2017/18,2017-10-20,Sharjah Cricket Stadium,1,11.5,Sri Lanka,Pakistan,HDRL Thirimanne,TAM Siriwardana,Mohammad Hafeez,0,0,,,,,,,,,
1120289,2017/18,2017-10-20,Sharjah Cricket Stadium,1,11.6,Sri Lanka,Pakistan,HDRL Thirimanne,TAM Siriwardana,Mohammad Hafeez,1,0,,,,,,,,,
1120289,2017/18,2017-10-20,Sharjah Cricket Stadium,1,12.1,Sri Lanka,Pakistan,HDRL Thirimanne,TAM Siriwardana,Imad Wasim,0,0,,,,,,,,,
1120289,2017/18,2017-10-20,Sharjah Cricket Stadium,1,12.2,Sri Lanka,Pakistan,HDRL Thirimanne,TAM Siriwardana,Imad Wasim,1,0,,,,,,,,,
1120289,2017/18,2017-10-20,Sharjah Cricket Stadium,1,12.3,Sri Lanka,Pakistan,TAM Siriwardana,HDRL Thirimanne,Imad Wasim,0,0,,,,,,,,,
1120289,2017/18,2017-10-20,Sharjah Cricket Stadium,1,12.4,Sri Lanka,Pakistan,TAM Siriwardana,HDRL Thirimanne,Imad Wasim,0,0,,,,,,,,,
1120289,2017/18,2017-10-20,Sharjah Cricket Stadium,1,12.5,Sri Lanka,Pakistan,TAM Siriwardana,HDRL Thirimanne,Imad Wasim,0,0,,,,,,,,,
1120289,2017/18,2017-10-20,Sharjah Cricket Stadium,1,12.6,Sri Lanka,Pakistan,TAM Siriwardana,HDRL Thirimanne,Imad Wasim,1,0,,,,,,,,,
1120289,2017/18,2017-10-20,Sharjah Cricket Stadium,1,13.1,Sri Lanka,Pakistan,TAM Siriwardana,HDRL Thirimanne,Mohammad Hafeez,1,0,,,,,,,,,
1120289,2017/18,2017-10-20,Sharjah Cricket Stadium,1,13.2,Sri Lanka,Pakistan,HDRL Thirimanne,TAM Siriwardana,Mohammad Hafeez,1,0,,,,,,,,,
1120289,2017/18,2017-10-20,Sharjah Cricket Stadium,1,13.3,Sri Lanka,Pakistan,TAM Siriwardana,HDRL Thirimanne,Mohammad Hafeez,0,0,,,,,,,,,
1120289,2017/18,2017-10-20,Sharjah Cricket Stadium,1,13.4,Sri Lanka,Pakistan,TAM Siriwardana,HDRL Thirimanne,Mohammad Hafeez,0,0,,,,,,,,,
1120289,2017/18,2017-10-20,Sharjah Cricket Stadium,1,13.5,Sri Lanka,Pakistan,TAM Siriwardana,HDRL Thirimanne,Mohammad Hafeez,0,0,,,,,,,,,
1120289,2017/18,2017-10-20,Sharjah Cricket Stadium,1,13.6,Sri Lanka,Pakistan,TAM Siriwardana,HDRL Thirimanne,Mohammad Hafeez,1,0,,,,,,,,,
1120289,2017/18,2017-10-20,Sharjah Cricket Stadium,1,14.1,Sri Lanka,Pakistan,TAM Siriwardana,HDRL Thirimanne,Imad Wasim,0,0,,,,,,,,,
1120289,2017/18,2017-10-20,Sharjah Cricket Stadium,1,14.2,Sri Lanka,Pakistan,TAM Siriwardana,HDRL Thirimanne,Imad Wasim,0,0,,,,,,,,,
1120289,2017/18,2017-10-20,Sharjah Cricket Stadium,1,14.3,Sri Lanka,Pakistan,TAM Siriwardana,HDRL Thirimanne,Imad Wasim,0,1,,,,1,,,,,
1120289,2017/18,2017-10-20,Sharjah Cricket Stadium,1,14.4,Sri Lanka,Pakistan,HDRL Thirimanne,TAM Siriwardana,Imad Wasim,0,0,,,,,,,,,
1120289,2017/18,2017-10-20,Sharjah Cricket Stadium,1,14.5,Sri Lanka,Pakistan,HDRL Thirimanne,TAM Siriwardana,Imad Wasim,1,0,,,,,,,,,
1120289,2017/18,2017-10-20,Sharjah Cricket Stadium,1,14.6,Sri Lanka,Pakistan,TAM Siriwardana,HDRL Thirimanne,Imad Wasim,1,0,,,,,,,,,
1120289,2017/18,2017-10-20,Sharjah Cricket Stadium,1,15.1,Sri Lanka,Pakistan,TAM Siriwardana,HDRL Thirimanne,Mohammad Hafeez,0,0,,,,,,,,,
1120289,2017/18,2017-10-20,Sharjah Cricket Stadium,1,15.2,Sri Lanka,Pakistan,TAM Siriwardana,HDRL Thirimanne,Mohammad Hafeez,0,0,,,,,,,,,
1120289,2017/18,2017-10-20,Sharjah Cricket Stadium,1,15.3,Sri Lanka,Pakistan,TAM Siriwardana,HDRL Thirimanne,Mohammad Hafeez,1,0,,,,,,,,,
1120289,2017/18,2017-10-20,Sharjah Cricket Stadium,1,15.4,Sri Lanka,Pakistan,HDRL Thirimanne,TAM Siriwardana,Mohammad Hafeez,0,0,,,,,,,,,
1120289,2017/18,2017-10-20,Sharjah Cricket Stadium,1,15.5,Sri Lanka,Pakistan,HDRL Thirimanne,TAM Siriwardana,Mohammad Hafeez,0,0,,,,,,,,,
1120289,2017/18,2017-10-20,Sharjah Cricket Stadium,1,15.6,Sri Lanka,Pakistan,HDRL Thirimanne,TAM Siriwardana,Mohammad Hafeez,1,0,,,,,,,,,
1120289,2017/18,2017-10-20,Sharjah Cricket Stadium,1,16.1,Sri Lanka,Pakistan,HDRL Thirimanne,TAM Siriwardana,Hasan Ali,4,0,,,,,,,,,
1120289,2017/18,2017-10-20,Sharjah Cricket Stadium,1,16.2,Sri Lanka,Pakistan,HDRL Thirimanne,TAM Siriwardana,Hasan Ali,1,0,,,,,,,,,
1120289,2017/18,2017-10-20,Sharjah Cricket Stadium,1,16.3,Sri Lanka,Pakistan,TAM Siriwardana,HDRL Thirimanne,Hasan Ali,0,0,,,,,,,,,
1120289,2017/18,2017-10-20,Sharjah Cricket Stadium,1,16.4,Sri Lanka,Pakistan,TAM Siriwardana,HDRL Thirimanne,Hasan Ali,2,0,,,,,,,,,
1120289,2017/18,2017-10-20,Sharjah Cricket Stadium,1,16.5,Sri Lanka,Pakistan,TAM Siriwardana,HDRL Thirimanne,Hasan Ali,0,0,,,,,,,,,
1120289,2017/18,2017-10-20,Sharjah Cricket Stadium,1,16.6,Sri Lanka,Pakistan,TAM Siriwardana,HDRL Thirimanne,Hasan Ali,0,0,,,,,,,,,
1120289,2017/18,2017-10-20,Sharjah Cricket Stadium,1,17.1,Sri Lanka,Pakistan,HDRL Thirimanne,TAM Siriwardana,Mohammad Hafeez,0,0,,,,,,,,,
1120289,2017/18,2017-10-20,Sharjah Cricket Stadium,1,17.2,Sri Lanka,Pakistan,HDRL Thirimanne,TAM Siriwardana,Mohammad Hafeez,0,0,,,,,,,,,
1120289,2017/18,2017-10-20,Sharjah Cricket Stadium,1,17.3,Sri Lanka,Pakistan,HDRL Thirimanne,TAM Siriwardana,Mohammad Hafeez,0,0,,,,,,,,,
1120289,2017/18,2017-10-20,Sharjah Cricket Stadium,1,17.4,Sri Lanka,Pakistan,HDRL Thirimanne,TAM Siriwardana,Mohammad Hafeez,1,0,,,,,,,,,
1120289,2017/18,2017-10-20,Sharjah Cricket Stadium,1,17.5,Sri Lanka,Pakistan,TAM Siriwardana,HDRL Thirimanne,Mohammad Hafeez,1,0,,,,,,,,,
1120289,2017/18,2017-10-20,Sharjah Cricket Stadium,1,17.6,Sri Lanka,Pakistan,HDRL Thirimanne,TAM Siriwardana,Mohammad Hafeez,1,0,,,,,,,,,
1120289,2017/18,2017-10-20,Sharjah Cricket Stadium,1,18.1,Sri Lanka,Pakistan,HDRL Thirimanne,TAM Siriwardana,Hasan Ali,1,0,,,,,,,,,
1120289,2017/18,2017-10-20,Sharjah Cricket Stadium,1,18.2,Sri Lanka,Pakistan,TAM Siriwardana,HDRL Thirimanne,Hasan Ali,1,0,,,,,,,,,
1120289,2017/18,2017-10-20,Sharjah Cricket Stadium,1,18.3,Sri Lanka,Pakistan,HDRL Thirimanne,TAM Siriwardana,Hasan Ali,1,0,,,,,,,,,
1120289,2017/18,2017-10-20,Sharjah Cricket Stadium,1,18.4,Sri Lanka,Pakistan,TAM Siriwardana,HDRL Thirimanne,Hasan Ali,1,0,,,,,,,,,
1120289,2017/18,2017-10-20,Sharjah Cricket Stadium,1,18.5,Sri Lanka,Pakistan,HDRL Thirimanne,TAM Siriwardana,Hasan Ali,1,0,,,,,,,,,
1120289,2017/18,2017-10-20,Sharjah Cricket Stadium,1,18.6,Sri Lanka,Pakistan,TAM Siriwardana,HDRL Thirimanne,Hasan Ali,0,0,,,,,,,,,
1120289,2017/18,2017-10-20,Sharjah Cricket Stadium,1,19.1,Sri Lanka,Pakistan,HDRL Thirimanne,TAM Siriwardana,Mohammad Hafeez,1,0,,,,,,,,,
1120289,2017/18,2017-10-20,Sharjah Cricket Stadium,1,19.2,Sri Lanka,Pakistan,TAM Siriwardana,HDRL Thirimanne,Mohammad Hafeez,1,0,,,,,,,,,
1120289,2017/18,2017-10-20,Sharjah Cricket Stadium,1,19.3,Sri Lanka,Pakistan,HDRL Thirimanne,TAM Siriwardana,Mohammad Hafeez,1,0,,,,,,,,,
1120289,2017/18,2017-10-20,Sharjah Cricket Stadium,1,19.4,Sri Lanka,Pakistan,TAM Siriwardana,HDRL Thirimanne,Mohammad Hafeez,0,0,,,,,,,,,
1120289,2017/18,2017-10-20,Sharjah Cricket Stadium,1,19.5,Sri Lanka,Pakistan,TAM Siriwardana,HDRL Thirimanne,Mohammad Hafeez,0,0,,,,,,,,,
1120289,2017/18,2017-10-20,Sharjah Cricket Stadium,1,19.6,Sri Lanka,Pakistan,TAM Siriwardana,HDRL Thirimanne,Mohammad Hafeez,0,0,,,,,,,,,
1120289,2017/18,2017-10-20,Sharjah Cricket Stadium,1,20.1,Sri Lanka,Pakistan,HDRL Thirimanne,TAM Siriwardana,Hasan Ali,0,0,,,,,,,,,
1120289,2017/18,2017-10-20,Sharjah Cricket Stadium,1,20.2,Sri Lanka,Pakistan,HDRL Thirimanne,TAM Siriwardana,Hasan Ali,0,0,,,,,,,,,
1120289,2017/18,2017-10-20,Sharjah Cricket Stadium,1,20.3,Sri Lanka,Pakistan,HDRL Thirimanne,TAM Siriwardana,Hasan Ali,1,0,,,,,,,,,
1120289,2017/18,2017-10-20,Sharjah Cricket Stadium,1,20.4,Sri Lanka,Pakistan,TAM Siriwardana,HDRL Thirimanne,Hasan Ali,0,0,,,,,,,,,
1120289,2017/18,2017-10-20,Sharjah Cricket Stadium,1,20.5,Sri Lanka,Pakistan,TAM Siriwardana,HDRL Thirimanne,Hasan Ali,0,0,,,,,,caught,TAM Siriwardana,,
1120289,2017/18,2017-10-20,Sharjah Cricket Stadium,1,20.6,Sri Lanka,Pakistan,S Prasanna,HDRL Thirimanne,Hasan Ali,2,0,,,,,,,,,
1120289,2017/18,2017-10-20,Sharjah Cricket Stadium,1,21.1,Sri Lanka,Pakistan,HDRL Thirimanne,S Prasanna,Mohammad Hafeez,1,0,,,,,,,,,
1120289,2017/18,2017-10-20,Sharjah Cricket Stadium,1,21.2,Sri Lanka,Pakistan,S Prasanna,HDRL Thirimanne,Mohammad Hafeez,1,0,,,,,,,,,
1120289,2017/18,2017-10-20,Sharjah Cricket Stadium,1,21.3,Sri Lanka,Pakistan,HDRL Thirimanne,S Prasanna,Mohammad Hafeez,0,0,,,,,,,,,
1120289,2017/18,2017-10-20,Sharjah Cricket Stadium,1,21.4,Sri Lanka,Pakistan,HDRL Thirimanne,S Prasanna,Mohammad Hafeez,0,0,,,,,,,,,
1120289,2017/18,2017-10-20,Sharjah Cricket Stadium,1,21.5,Sri Lanka,Pakistan,HDRL Thirimanne,S Prasanna,Mohammad Hafeez,1,0,,,,,,,,,
1120289,2017/18,2017-10-20,Sharjah Cricket Stadium,1,21.6,Sri Lanka,Pakistan,S Prasanna,HDRL Thirimanne,Mohammad Hafeez,0,0,,,,,,,,,
1120289,2017/18,2017-10-20,Sharjah Cricket Stadium,1,22.1,Sri Lanka,Pakistan,HDRL Thirimanne,S Prasanna,Hasan Ali,1,0,,,,,,,,,
1120289,2017/18,2017-10-20,Sharjah Cricket Stadium,1,22.2,Sri Lanka,Pakistan,S Prasanna,HDRL Thirimanne,Hasan Ali,0,0,,,,,,,,,
1120289,2017/18,2017-10-20,Sharjah Cricket Stadium,1,22.3,Sri Lanka,Pakistan,S Prasanna,HDRL Thirimanne,Hasan Ali,0,0,,,,,,,,,
1120289,2017/18,2017-10-20,Sharjah Cricket Stadium,1,22.4,Sri Lanka,Pakistan,S Prasanna,HDRL Thirimanne,Hasan Ali,0,0,,,,,,,,,
1120289,2017/18,2017-10-20,Sharjah Cricket Stadium,1,22.5,Sri Lanka,Pakistan,S Prasanna,HDRL Thirimanne,Hasan Ali,1,0,,,,,,,,,
1120289,2017/18,2017-10-20,Sharjah Cricket Stadium,1,22.6,Sri Lanka,Pakistan,HDRL Thirimanne,S Prasanna,Hasan Ali,0,0,,,,,,,,,
1120289,2017/18,2017-10-20,Sharjah Cricket Stadium,1,23.1,Sri Lanka,Pakistan,S Prasanna,HDRL Thirimanne,Imad Wasim,0,0,,,,,,,,,
1120289,2017/18,2017-10-20,Sharjah Cricket Stadium,1,23.2,Sri Lanka,Pakistan,S Prasanna,HDRL Thirimanne,Imad Wasim,0,0,,,,,,,,,
1120289,2017/18,2017-10-20,Sharjah Cricket Stadium,1,23.3,Sri Lanka,Pakistan,S Prasanna,HDRL Thirimanne,Imad Wasim,0,0,,,,,,,,,
1120289,2017/18,2017-10-20,Sharjah Cricket Stadium,1,23.4,Sri Lanka,Pakistan,S Prasanna,HDRL Thirimanne,Imad Wasim,0,0,,,,,,,,,
1120289,2017/18,2017-10-20,Sharjah Cricket Stadium,1,23.5,Sri Lanka,Pakistan,S Prasanna,HDRL Thirimanne,Imad Wasim,1,0,,,,,,,,,
1120289,2017/18,2017-10-20,Sharjah Cricket Stadium,1,23.6,Sri Lanka,Pakistan,HDRL Thirimanne,S Prasanna,Imad Wasim,0,0,,,,,,,,,
1120289,2017/18,2017-10-20,Sharjah Cricket Stadium,1,24.1,Sri Lanka,Pakistan,S Prasanna,HDRL Thirimanne,Shadab Khan,0,0,,,,,,bowled,S Prasanna,,
1120289,2017/18,2017-10-20,Sharjah Cricket Stadium,1,24.2,Sri Lanka,Pakistan,NLTC Perera,HDRL Thirimanne,Shadab Khan,0,0,,,,,,caught,NLTC Perera,,
1120289,2017/18,2017-10-20,Sharjah Cricket Stadium,1,24.3,Sri Lanka,Pakistan,A Dananjaya,HDRL Thirimanne,Shadab Khan,1,0,,,,,,,,,
1120289,2017/18,2017-10-20,Sharjah Cricket Stadium,1,24.4,Sri Lanka,Pakistan,HDRL Thirimanne,A Dananjaya,Shadab Khan,0,0,,,,,,,,,
1120289,2017/18,2017-10-20,Sharjah Cricket Stadium,1,24.5,Sri Lanka,Pakistan,HDRL Thirimanne,A Dananjaya,Shadab Khan,0,0,,,,,,,,,
1120289,2017/18,2017-10-20,Sharjah Cricket Stadium,1,24.6,Sri Lanka,Pakistan,HDRL Thirimanne,A Dananjaya,Shadab Khan,0,0,,,,,,,,,
1120289,2017/18,2017-10-20,Sharjah Cricket Stadium,1,25.1,Sri Lanka,Pakistan,A Dananjaya,HDRL Thirimanne,Mohammad Hafeez,0,0,,,,,,,,,
1120289,2017/18,2017-10-20,Sharjah Cricket Stadium,1,25.2,Sri Lanka,Pakistan,A Dananjaya,HDRL Thirimanne,Mohammad Hafeez,0,0,,,,,,,,,
1120289,2017/18,2017-10-20,Sharjah Cricket Stadium,1,25.3,Sri Lanka,Pakistan,A Dananjaya,HDRL Thirimanne,Mohammad Hafeez,0,0,,,,,,,,,
1120289,2017/18,2017-10-20,Sharjah Cricket Stadium,1,25.4,Sri Lanka,Pakistan,A Dananjaya,HDRL Thirimanne,Mohammad Hafeez,0,0,,,,,,,,,
1120289,2017/18,2017-10-20,Sharjah Cricket Stadium,1,25.5,Sri Lanka,Pakistan,A Dananjaya,HDRL Thirimanne,Mohammad Hafeez,0,0,,,,,,,,,
1120289,2017/18,2017-10-20,Sharjah Cricket Stadium,1,25.6,Sri Lanka,Pakistan,A Dananjaya,HDRL Thirimanne,Mohammad Hafeez,0,0,,,,,,,,,
1120289,2017/18,2017-10-20,Sharjah Cricket Stadium,1,26.1,Sri Lanka,Pakistan,HDRL Thirimanne,A Dananjaya,Shadab Khan,1,0,,,,,,,,,
1120289,2017/18,2017-10-20,Sharjah Cricket Stadium,1,26.2,Sri Lanka,Pakistan,A Dananjaya,HDRL Thirimanne,Shadab Khan,0,0,,,,,,,,,
1120289,2017/18,2017-10-20,Sharjah Cricket Stadium,1,26.3,Sri Lanka,Pakistan,A Dananjaya,HDRL Thirimanne,Shadab Khan,1,0,,,,,,,,,
1120289,2017/18,2017-10-20,Sharjah Cricket Stadium,1,26.4,Sri Lanka,Pakistan,HDRL Thirimanne,A Dananjaya,Shadab Khan,0,0,,,,,,,,,
1120289,2017/18,2017-10-20,Sharjah Cricket Stadium,1,26.5,Sri Lanka,Pakistan,HDRL Thirimanne,A Dananjaya,Shadab Khan,1,0,,,,,,,,,
1120289,2017/18,2017-10-20,Sharjah Cricket Stadium,1,26.6,Sri Lanka,Pakistan,A Dananjaya,HDRL Thirimanne,Shadab Khan,0,0,,,,,,,,,
1120289,2017/18,2017-10-20,Sharjah Cricket Stadium,1,27.1,Sri Lanka,Pakistan,HDRL Thirimanne,A Dananjaya,Mohammad Hafeez,1,0,,,,,,,,,
1120289,2017/18,2017-10-20,Sharjah Cricket Stadium,1,27.2,Sri Lanka,Pakistan,A Dananjaya,HDRL Thirimanne,Mohammad Hafeez,0,0,,,,,,,,,
1120289,2017/18,2017-10-20,Sharjah Cricket Stadium,1,27.3,Sri Lanka,Pakistan,A Dananjaya,HDRL Thirimanne,Mohammad Hafeez,0,0,,,,,,,,,
1120289,2017/18,2017-10-20,Sharjah Cricket Stadium,1,27.4,Sri Lanka,Pakistan,A Dananjaya,HDRL Thirimanne,Mohammad Hafeez,1,0,,,,,,,,,
1120289,2017/18,2017-10-20,Sharjah Cricket Stadium,1,27.5,Sri Lanka,Pakistan,HDRL Thirimanne,A Dananjaya,Mohammad Hafeez,1,0,,,,,,,,,
1120289,2017/18,2017-10-20,Sharjah Cricket Stadium,1,27.6,Sri Lanka,Pakistan,A Dananjaya,HDRL Thirimanne,Mohammad Hafeez,1,0,,,,,,,,,
1120289,2017/18,2017-10-20,Sharjah Cricket Stadium,1,28.1,Sri Lanka,Pakistan,A Dananjaya,HDRL Thirimanne,Shadab Khan,4,0,,,,,,,,,
1120289,2017/18,2017-10-20,Sharjah Cricket Stadium,1,28.2,Sri Lanka,Pakistan,A Dananjaya,HDRL Thirimanne,Shadab Khan,1,0,,,,,,,,,
1120289,2017/18,2017-10-20,Sharjah Cricket Stadium,1,28.3,Sri Lanka,Pakistan,HDRL Thirimanne,A Dananjaya,Shadab Khan,1,0,,,,,,,,,
1120289,2017/18,2017-10-20,Sharjah Cricket Stadium,1,28.4,Sri Lanka,Pakistan,A Dananjaya,HDRL Thirimanne,Shadab Khan,0,0,,,,,,,,,
1120289,2017/18,2017-10-20,Sharjah Cricket Stadium,1,28.5,Sri Lanka,Pakistan,A Dananjaya,HDRL Thirimanne,Shadab Khan,1,0,,,,,,,,,
1120289,2017/18,2017-10-20,Sharjah Cricket Stadium,1,28.6,Sri Lanka,Pakistan,HDRL Thirimanne,A Dananjaya,Shadab Khan,0,0,,,,,,,,,
1120289,2017/18,2017-10-20,Sharjah Cricket Stadium,1,29.1,Sri Lanka,Pakistan,A Dananjaya,HDRL Thirimanne,Mohammad Hafeez,1,0,,,,,,,,,
1120289,2017/18,2017-10-20,Sharjah Cricket Stadium,1,29.2,Sri Lanka,Pakistan,HDRL Thirimanne,A Dananjaya,Mohammad Hafeez,0,0,,,,,,,,,
1120289,2017/18,2017-10-20,Sharjah Cricket Stadium,1,29.3,Sri Lanka,Pakistan,HDRL Thirimanne,A Dananjaya,Mohammad Hafeez,0,0,,,,,,,,,
1120289,2017/18,2017-10-20,Sharjah Cricket Stadium,1,29.4,Sri Lanka,Pakistan,HDRL Thirimanne,A Dananjaya,Mohammad Hafeez,4,0,,,,,,,,,
1120289,2017/18,2017-10-20,Sharjah Cricket Stadium,1,29.5,Sri Lanka,Pakistan,HDRL Thirimanne,A Dananjaya,Mohammad Hafeez,0,0,,,,,,,,,
1120289,2017/18,2017-10-20,Sharjah Cricket Stadium,1,29.6,Sri Lanka,Pakistan,HDRL Thirimanne,A Dananjaya,Mohammad Hafeez,1,0,,,,,,,,,
1120289,2017/18,2017-10-20,Sharjah Cricket Stadium,1,30.1,Sri Lanka,Pakistan,HDRL Thirimanne,A Dananjaya,Shadab Khan,1,0,,,,,,,,,
1120289,2017/18,2017-10-20,Sharjah Cricket Stadium,1,30.2,Sri Lanka,Pakistan,A Dananjaya,HDRL Thirimanne,Shadab Khan,0,0,,,,,,,,,
1120289,2017/18,2017-10-20,Sharjah Cricket Stadium,1,30.3,Sri Lanka,Pakistan,A Dananjaya,HDRL Thirimanne,Shadab Khan,0,1,1,,,,,,,,
1120289,2017/18,2017-10-20,Sharjah Cricket Stadium,1,30.4,Sri Lanka,Pakistan,A Dananjaya,HDRL Thirimanne,Shadab Khan,0,0,,,,,,,,,
1120289,2017/18,2017-10-20,Sharjah Cricket Stadium,1,30.5,Sri Lanka,Pakistan,A Dananjaya,HDRL Thirimanne,Shadab Khan,1,0,,,,,,,,,
1120289,2017/18,2017-10-20,Sharjah Cricket Stadium,1,30.6,Sri Lanka,Pakistan,HDRL Thirimanne,A Dananjaya,Shadab Khan,0,0,,,,,,,,,
1120289,2017/18,2017-10-20,Sharjah Cricket Stadium,1,30.7,Sri Lanka,Pakistan,HDRL Thirimanne,A Dananjaya,Shadab Khan,1,0,,,,,,,,,
1120289,2017/18,2017-10-20,Sharjah Cricket Stadium,1,31.1,Sri Lanka,Pakistan,HDRL Thirimanne,A Dananjaya,Usman Shinwari,1,0,,,,,,,,,
1120289,2017/18,2017-10-20,Sharjah Cricket Stadium,1,31.2,Sri Lanka,Pakistan,A Dananjaya,HDRL Thirimanne,Usman Shinwari,0,0,,,,,,,,,
1120289,2017/18,2017-10-20,Sharjah Cricket Stadium,1,31.3,Sri Lanka,Pakistan,A Dananjaya,HDRL Thirimanne,Usman Shinwari,0,0,,,,,,,,,
1120289,2017/18,2017-10-20,Sharjah Cricket Stadium,1,31.4,Sri Lanka,Pakistan,A Dananjaya,HDRL Thirimanne,Usman Shinwari,1,0,,,,,,,,,
1120289,2017/18,2017-10-20,Sharjah Cricket Stadium,1,31.5,Sri Lanka,Pakistan,HDRL Thirimanne,A Dananjaya,Usman Shinwari,2,0,,,,,,,,,
1120289,2017/18,2017-10-20,Sharjah Cricket Stadium,1,31.6,Sri Lanka,Pakistan,HDRL Thirimanne,A Dananjaya,Usman Shinwari,0,0,,,,,,,,,
1120289,2017/18,2017-10-20,Sharjah Cricket Stadium,1,32.1,Sri Lanka,Pakistan,A Dananjaya,HDRL Thirimanne,Shadab Khan,0,0,,,,,,,,,
1120289,2017/18,2017-10-20,Sharjah Cricket Stadium,1,32.2,Sri Lanka,Pakistan,A Dananjaya,HDRL Thirimanne,Shadab Khan,0,0,,,,,,,,,
1120289,2017/18,2017-10-20,Sharjah Cricket Stadium,1,32.3,Sri Lanka,Pakistan,A Dananjaya,HDRL Thirimanne,Shadab Khan,0,0,,,,,,,,,
1120289,2017/18,2017-10-20,Sharjah Cricket Stadium,1,32.4,Sri Lanka,Pakistan,A Dananjaya,HDRL Thirimanne,Shadab Khan,1,0,,,,,,,,,
1120289,2017/18,2017-10-20,Sharjah Cricket Stadium,1,32.5,Sri Lanka,Pakistan,HDRL Thirimanne,A Dananjaya,Shadab Khan,0,0,,,,,,,,,
1120289,2017/18,2017-10-20,Sharjah Cricket Stadium,1,32.6,Sri Lanka,Pakistan,HDRL Thirimanne,A Dananjaya,Shadab Khan,0,0,,,,,,,,,
1120289,2017/18,2017-10-20,Sharjah Cricket Stadium,1,33.1,Sri Lanka,Pakistan,A Dananjaya,HDRL Thirimanne,Usman Shinwari,1,0,,,,,,,,,
1120289,2017/18,2017-10-20,Sharjah Cricket Stadium,1,33.2,Sri Lanka,Pakistan,HDRL Thirimanne,A Dananjaya,Usman Shinwari,1,0,,,,,,,,,
1120289,2017/18,2017-10-20,Sharjah Cricket Stadium,1,33.3,Sri Lanka,Pakistan,A Dananjaya,HDRL Thirimanne,Usman Shinwari,0,1,1,,,,,,,,
1120289,2017/18,2017-10-20,Sharjah Cricket Stadium,1,33.4,Sri Lanka,Pakistan,A Dananjaya,HDRL Thirimanne,Usman Shinwari,0,0,,,,,,,,,
1120289,2017/18,2017-10-20,Sharjah Cricket Stadium,1,33.5,Sri Lanka,Pakistan,A Dananjaya,HDRL Thirimanne,Usman Shinwari,0,0,,,,,,,,,
1120289,2017/18,2017-10-20,Sharjah Cricket Stadium,1,33.6,Sri Lanka,Pakistan,A Dananjaya,HDRL Thirimanne,Usman Shinwari,1,0,,,,,,,,,
1120289,2017/18,2017-10-20,Sharjah Cricket Stadium,1,33.7,Sri Lanka,Pakistan,HDRL Thirimanne,A Dananjaya,Usman Shinwari,4,0,,,,,,,,,
1120289,2017/18,2017-10-20,Sharjah Cricket Stadium,1,34.1,Sri Lanka,Pakistan,A Dananjaya,HDRL Thirimanne,Shadab Khan,1,0,,,,,,,,,
1120289,2017/18,2017-10-20,Sharjah Cricket Stadium,1,34.2,Sri Lanka,Pakistan,HDRL Thirimanne,A Dananjaya,Shadab Khan,0,0,,,,,,,,,
1120289,2017/18,2017-10-20,Sharjah Cricket Stadium,1,34.3,Sri Lanka,Pakistan,HDRL Thirimanne,A Dananjaya,Shadab Khan,1,0,,,,,,,,,
1120289,2017/18,2017-10-20,Sharjah Cricket Stadium,1,34.4,Sri Lanka,Pakistan,A Dananjaya,HDRL Thirimanne,Shadab Khan,0,0,,,,,,,,,
1120289,2017/18,2017-10-20,Sharjah Cricket Stadium,1,34.5,Sri Lanka,Pakistan,A Dananjaya,HDRL Thirimanne,Shadab Khan,1,0,,,,,,,,,
1120289,2017/18,2017-10-20,Sharjah Cricket Stadium,1,34.6,Sri Lanka,Pakistan,HDRL Thirimanne,A Dananjaya,Shadab Khan,1,0,,,,,,,,,
1120289,2017/18,2017-10-20,Sharjah Cricket Stadium,1,35.1,Sri Lanka,Pakistan,HDRL Thirimanne,A Dananjaya,Hasan Ali,1,0,,,,,,,,,
1120289,2017/18,2017-10-20,Sharjah Cricket Stadium,1,35.2,Sri Lanka,Pakistan,A Dananjaya,HDRL Thirimanne,Hasan Ali,0,0,,,,,,caught,A Dananjaya,,
1120289,2017/18,2017-10-20,Sharjah Cricket Stadium,1,35.3,Sri Lanka,Pakistan,RAS Lakmal,HDRL Thirimanne,Hasan Ali,1,0,,,,,,,,,
1120289,2017/18,2017-10-20,Sharjah Cricket Stadium,1,35.4,Sri Lanka,Pakistan,HDRL Thirimanne,RAS Lakmal,Hasan Ali,1,0,,,,,,,,,
1120289,2017/18,2017-10-20,Sharjah Cricket Stadium,1,35.5,Sri Lanka,Pakistan,RAS Lakmal,HDRL Thirimanne,Hasan Ali,4,0,,,,,,,,,
1120289,2017/18,2017-10-20,Sharjah Cricket Stadium,1,35.6,Sri Lanka,Pakistan,RAS Lakmal,HDRL Thirimanne,Hasan Ali,0,0,,,,,,,,,
1120289,2017/18,2017-10-20,Sharjah Cricket Stadium,1,36.1,Sri Lanka,Pakistan,HDRL Thirimanne,RAS Lakmal,Shadab Khan,1,0,,,,,,,,,
1120289,2017/18,2017-10-20,Sharjah Cricket Stadium,1,36.2,Sri Lanka,Pakistan,RAS Lakmal,HDRL Thirimanne,Shadab Khan,1,0,,,,,,,,,
1120289,2017/18,2017-10-20,Sharjah Cricket Stadium,1,36.3,Sri Lanka,Pakistan,HDRL Thirimanne,RAS Lakmal,Shadab Khan,0,0,,,,,,,,,
1120289,2017/18,2017-10-20,Sharjah Cricket Stadium,1,36.4,Sri Lanka,Pakistan,HDRL Thirimanne,RAS Lakmal,Shadab Khan,0,0,,,,,,,,,
1120289,2017/18,2017-10-20,Sharjah Cricket Stadium,1,36.5,Sri Lanka,Pakistan,HDRL Thirimanne,RAS Lakmal,Shadab Khan,1,0,,,,,,,,,
1120289,2017/18,2017-10-20,Sharjah Cricket Stadium,1,36.6,Sri Lanka,Pakistan,RAS Lakmal,HDRL Thirimanne,Shadab Khan,0,0,,,,,,,,,
1120289,2017/18,2017-10-20,Sharjah Cricket Stadium,1,37.1,Sri Lanka,Pakistan,HDRL Thirimanne,RAS Lakmal,Hasan Ali,0,0,,,,,,,,,
1120289,2017/18,2017-10-20,Sharjah Cricket Stadium,1,37.2,Sri Lanka,Pakistan,HDRL Thirimanne,RAS Lakmal,Hasan Ali,1,0,,,,,,,,,
1120289,2017/18,2017-10-20,Sharjah Cricket Stadium,1,37.3,Sri Lanka,Pakistan,RAS Lakmal,HDRL Thirimanne,Hasan Ali,2,0,,,,,,,,,
1120289,2017/18,2017-10-20,Sharjah Cricket Stadium,1,37.4,Sri Lanka,Pakistan,RAS Lakmal,HDRL Thirimanne,Hasan Ali,0,0,,,,,,,,,
1120289,2017/18,2017-10-20,Sharjah Cricket Stadium,1,37.5,Sri Lanka,Pakistan,RAS Lakmal,HDRL Thirimanne,Hasan Ali,0,0,,,,,,,,,
1120289,2017/18,2017-10-20,Sharjah Cricket Stadium,1,37.6,Sri Lanka,Pakistan,RAS Lakmal,HDRL Thirimanne,Hasan Ali,1,0,,,,,,,,,
1120289,2017/18,2017-10-20,Sharjah Cricket Stadium,1,38.1,Sri Lanka,Pakistan,RAS Lakmal,HDRL Thirimanne,Shadab Khan,4,0,,,,,,,,,
1120289,2017/18,2017-10-20,Sharjah Cricket Stadium,1,38.2,Sri Lanka,Pakistan,RAS Lakmal,HDRL Thirimanne,Shadab Khan,1,0,,,,,,,,,
1120289,2017/18,2017-10-20,Sharjah Cricket Stadium,1,38.3,Sri Lanka,Pakistan,HDRL Thirimanne,RAS Lakmal,Shadab Khan,1,0,,,,,,,,,
1120289,2017/18,2017-10-20,Sharjah Cricket Stadium,1,38.4,Sri Lanka,Pakistan,RAS Lakmal,HDRL Thirimanne,Shadab Khan,0,0,,,,,,,,,
1120289,2017/18,2017-10-20,Sharjah Cricket Stadium,1,38.5,Sri Lanka,Pakistan,RAS Lakmal,HDRL Thirimanne,Shadab Khan,0,0,,,,,,,,,
1120289,2017/18,2017-10-20,Sharjah Cricket Stadium,1,38.6,Sri Lanka,Pakistan,RAS Lakmal,HDRL Thirimanne,Shadab Khan,0,0,,,,,,,,,
1120289,2017/18,2017-10-20,Sharjah Cricket Stadium,1,39.1,Sri Lanka,Pakistan,HDRL Thirimanne,RAS Lakmal,Hasan Ali,1,0,,,,,,,,,
1120289,2017/18,2017-10-20,Sharjah Cricket Stadium,1,39.2,Sri Lanka,Pakistan,RAS Lakmal,HDRL Thirimanne,Hasan Ali,0,0,,,,,,,,,
1120289,2017/18,2017-10-20,Sharjah Cricket Stadium,1,39.3,Sri Lanka,Pakistan,RAS Lakmal,HDRL Thirimanne,Hasan Ali,1,0,,,,,,,,,
1120289,2017/18,2017-10-20,Sharjah Cricket Stadium,1,39.4,Sri Lanka,Pakistan,HDRL Thirimanne,RAS Lakmal,Hasan Ali,0,0,,,,,,,,,
1120289,2017/18,2017-10-20,Sharjah Cricket Stadium,1,39.5,Sri Lanka,Pakistan,HDRL Thirimanne,RAS Lakmal,Hasan Ali,1,0,,,,,,,,,
1120289,2017/18,2017-10-20,Sharjah Cricket Stadium,1,39.6,Sri Lanka,Pakistan,RAS Lakmal,HDRL Thirimanne,Hasan Ali,0,0,,,,,,,,,
1120289,2017/18,2017-10-20,Sharjah Cricket Stadium,1,40.1,Sri Lanka,Pakistan,HDRL Thirimanne,RAS Lakmal,Imad Wasim,0,0,,,,,,caught,HDRL Thirimanne,,
1120289,2017/18,2017-10-20,Sharjah Cricket Stadium,1,40.2,Sri Lanka,Pakistan,PLS Gamage,RAS Lakmal,Imad Wasim,1,0,,,,,,,,,
1120289,2017/18,2017-10-20,Sharjah Cricket Stadium,1,40.3,Sri Lanka,Pakistan,RAS Lakmal,PLS Gamage,Imad Wasim,0,0,,,,,,,,,
1120289,2017/18,2017-10-20,Sharjah Cricket Stadium,1,40.4,Sri Lanka,Pakistan,RAS Lakmal,PLS Gamage,Imad Wasim,0,0,,,,,,,,,
1120289,2017/18,2017-10-20,Sharjah Cricket Stadium,1,40.5,Sri Lanka,Pakistan,RAS Lakmal,PLS Gamage,Imad Wasim,0,0,,,,,,,,,
1120289,2017/18,2017-10-20,Sharjah Cricket Stadium,1,40.6,Sri Lanka,Pakistan,RAS Lakmal,PLS Gamage,Imad Wasim,1,0,,,,,,,,,
1120289,2017/18,2017-10-20,Sharjah Cricket Stadium,1,41.1,Sri Lanka,Pakistan,RAS Lakmal,PLS Gamage,Hasan Ali,0,0,,,,,,,,,
1120289,2017/18,2017-10-20,Sharjah Cricket Stadium,1,41.2,Sri Lanka,Pakistan,RAS Lakmal,PLS Gamage,Hasan Ali,0,0,,,,,,,,,
1120289,2017/18,2017-10-20,Sharjah Cricket Stadium,1,41.3,Sri Lanka,Pakistan,RAS Lakmal,PLS Gamage,Hasan Ali,1,0,,,,,,,,,
1120289,2017/18,2017-10-20,Sharjah Cricket Stadium,1,41.4,Sri Lanka,Pakistan,PLS Gamage,RAS Lakmal,Hasan Ali,0,0,,,,,,,,,
1120289,2017/18,2017-10-20,Sharjah Cricket Stadium,1,41.5,Sri Lanka,Pakistan,PLS Gamage,RAS Lakmal,Hasan Ali,0,0,,,,,,,,,
1120289,2017/18,2017-10-20,Sharjah Cricket Stadium,1,41.6,Sri Lanka,Pakistan,PLS Gamage,RAS Lakmal,Hasan Ali,0,0,,,,,,,,,
1120289,2017/18,2017-10-20,Sharjah Cricket Stadium,1,42.1,Sri Lanka,Pakistan,RAS Lakmal,PLS Gamage,Imad Wasim,0,0,,,,,,,,,
1120289,2017/18,2017-10-20,Sharjah Cricket Stadium,1,42.2,Sri Lanka,Pakistan,RAS Lakmal,PLS Gamage,Imad Wasim,0,0,,,,,,,,,
1120289,2017/18,2017-10-20,Sharjah Cricket Stadium,1,42.3,Sri Lanka,Pakistan,RAS Lakmal,PLS Gamage,Imad Wasim,0,0,,,,,,,,,
1120289,2017/18,2017-10-20,Sharjah Cricket Stadium,1,42.4,Sri Lanka,Pakistan,RAS Lakmal,PLS Gamage,Imad Wasim,1,0,,,,,,,,,
1120289,2017/18,2017-10-20,Sharjah Cricket Stadium,1,42.5,Sri Lanka,Pakistan,PLS Gamage,RAS Lakmal,Imad Wasim,0,0,,,,,,,,,
1120289,2017/18,2017-10-20,Sharjah Cricket Stadium,1,42.6,Sri Lanka,Pakistan,PLS Gamage,RAS Lakmal,Imad Wasim,0,0,,,,,,,,,
1120289,2017/18,2017-10-20,Sharjah Cricket Stadium,1,43.1,Sri Lanka,Pakistan,RAS Lakmal,PLS Gamage,Hasan Ali,4,0,,,,,,,,,
1120289,2017/18,2017-10-20,Sharjah Cricket Stadium,1,43.2,Sri Lanka,Pakistan,RAS Lakmal,PLS Gamage,Hasan Ali,1,0,,,,,,,,,
1120289,2017/18,2017-10-20,Sharjah Cricket Stadium,1,43.3,Sri Lanka,Pakistan,PLS Gamage,RAS Lakmal,Hasan Ali,0,0,,,,,,,,,
1120289,2017/18,2017-10-20,Sharjah Cricket Stadium,1,43.4,Sri Lanka,Pakistan,PLS Gamage,RAS Lakmal,Hasan Ali,0,0,,,,,,bowled,PLS Gamage,,
1120289,2017/18,2017-10-20,Sharjah Cricket Stadium,2,0.1,Pakistan,Sri Lanka,Imam-ul-Haq,Fakhar Zaman,RAS Lakmal,1,0,,,,,,,,,
1120289,2017/18,2017-10-20,Sharjah Cricket Stadium,2,0.2,Pakistan,Sri Lanka,Fakhar Zaman,Imam-ul-Haq,RAS Lakmal,0,0,,,,,,,,,
1120289,2017/18,2017-10-20,Sharjah Cricket Stadium,2,0.3,Pakistan,Sri Lanka,Fakhar Zaman,Imam-ul-Haq,RAS Lakmal,0,0,,,,,,,,,
1120289,2017/18,2017-10-20,Sharjah Cricket Stadium,2,0.4,Pakistan,Sri Lanka,Fakhar Zaman,Imam-ul-Haq,RAS Lakmal,0,0,,,,,,,,,
1120289,2017/18,2017-10-20,Sharjah Cricket Stadium,2,0.5,Pakistan,Sri Lanka,Fakhar Zaman,Imam-ul-Haq,RAS Lakmal,0,0,,,,,,,,,
1120289,2017/18,2017-10-20,Sharjah Cricket Stadium,2,0.6,Pakistan,Sri Lanka,Fakhar Zaman,Imam-ul-Haq,RAS Lakmal,0,0,,,,,,,,,
1120289,2017/18,2017-10-20,Sharjah Cricket Stadium,2,1.1,Pakistan,Sri Lanka,Imam-ul-Haq,Fakhar Zaman,PLS Gamage,0,5,5,,,,,,,,
1120289,2017/18,2017-10-20,Sharjah Cricket Stadium,2,1.2,Pakistan,Sri Lanka,Imam-ul-Haq,Fakhar Zaman,PLS Gamage,1,0,,,,,,,,,
1120289,2017/18,2017-10-20,Sharjah Cricket Stadium,2,1.3,Pakistan,Sri Lanka,Fakhar Zaman,Imam-ul-Haq,PLS Gamage,4,0,,,,,,,,,
1120289,2017/18,2017-10-20,Sharjah Cricket Stadium,2,1.4,Pakistan,Sri Lanka,Fakhar Zaman,Imam-ul-Haq,PLS Gamage,1,0,,,,,,,,,
1120289,2017/18,2017-10-20,Sharjah Cricket Stadium,2,1.5,Pakistan,Sri Lanka,Imam-ul-Haq,Fakhar Zaman,PLS Gamage,0,0,,,,,,lbw,Imam-ul-Haq,,
1120289,2017/18,2017-10-20,Sharjah Cricket Stadium,2,1.6,Pakistan,Sri Lanka,Babar Azam,Fakhar Zaman,PLS Gamage,0,0,,,,,,,,,
1120289,2017/18,2017-10-20,Sharjah Cricket Stadium,2,1.7,Pakistan,Sri Lanka,Babar Azam,Fakhar Zaman,PLS Gamage,2,0,,,,,,,,,
1120289,2017/18,2017-10-20,Sharjah Cricket Stadium,2,2.1,Pakistan,Sri Lanka,Fakhar Zaman,Babar Azam,RAS Lakmal,0,0,,,,,,,,,
1120289,2017/18,2017-10-20,Sharjah Cricket Stadium,2,2.2,Pakistan,Sri Lanka,Fakhar Zaman,Babar Azam,RAS Lakmal,0,0,,,,,,,,,
1120289,2017/18,2017-10-20,Sharjah Cricket Stadium,2,2.3,Pakistan,Sri Lanka,Fakhar Zaman,Babar Azam,RAS Lakmal,0,0,,,,,,,,,
1120289,2017/18,2017-10-20,Sharjah Cricket Stadium,2,2.4,Pakistan,Sri Lanka,Fakhar Zaman,Babar Azam,RAS Lakmal,2,0,,,,,,,,,
1120289,2017/18,2017-10-20,Sharjah Cricket Stadium,2,2.5,Pakistan,Sri Lanka,Fakhar Zaman,Babar Azam,RAS Lakmal,2,0,,,,,,,,,
1120289,2017/18,2017-10-20,Sharjah Cricket Stadium,2,2.6,Pakistan,Sri Lanka,Fakhar Zaman,Babar Azam,RAS Lakmal,1,0,,,,,,,,,
1120289,2017/18,2017-10-20,Sharjah Cricket Stadium,2,3.1,Pakistan,Sri Lanka,Fakhar Zaman,Babar Azam,PLS Gamage,0,0,,,,,,,,,
1120289,2017/18,2017-10-20,Sharjah Cricket Stadium,2,3.2,Pakistan,Sri Lanka,Fakhar Zaman,Babar Azam,PLS Gamage,0,0,,,,,,,,,
1120289,2017/18,2017-10-20,Sharjah Cricket Stadium,2,3.3,Pakistan,Sri Lanka,Fakhar Zaman,Babar Azam,PLS Gamage,1,0,,,,,,,,,
1120289,2017/18,2017-10-20,Sharjah Cricket Stadium,2,3.4,Pakistan,Sri Lanka,Babar Azam,Fakhar Zaman,PLS Gamage,0,0,,,,,,,,,
1120289,2017/18,2017-10-20,Sharjah Cricket Stadium,2,3.5,Pakistan,Sri Lanka,Babar Azam,Fakhar Zaman,PLS Gamage,0,0,,,,,,,,,
1120289,2017/18,2017-10-20,Sharjah Cricket Stadium,2,3.6,Pakistan,Sri Lanka,Babar Azam,Fakhar Zaman,PLS Gamage,0,0,,,,,,,,,
1120289,2017/18,2017-10-20,Sharjah Cricket Stadium,2,4.1,Pakistan,Sri Lanka,Fakhar Zaman,Babar Azam,RAS Lakmal,0,0,,,,,,,,,
1120289,2017/18,2017-10-20,Sharjah Cricket Stadium,2,4.2,Pakistan,Sri Lanka,Fakhar Zaman,Babar Azam,RAS Lakmal,0,0,,,,,,,,,
1120289,2017/18,2017-10-20,Sharjah Cricket Stadium,2,4.3,Pakistan,Sri Lanka,Fakhar Zaman,Babar Azam,RAS Lakmal,1,0,,,,,,,,,
1120289,2017/18,2017-10-20,Sharjah Cricket Stadium,2,4.4,Pakistan,Sri Lanka,Babar Azam,Fakhar Zaman,RAS Lakmal,0,0,,,,,,,,,
1120289,2017/18,2017-10-20,Sharjah Cricket Stadium,2,4.5,Pakistan,Sri Lanka,Babar Azam,Fakhar Zaman,RAS Lakmal,0,0,,,,,,,,,
1120289,2017/18,2017-10-20,Sharjah Cricket Stadium,2,4.6,Pakistan,Sri Lanka,Babar Azam,Fakhar Zaman,RAS Lakmal,0,0,,,,,,,,,
1120289,2017/18,2017-10-20,Sharjah Cricket Stadium,2,5.1,Pakistan,Sri Lanka,Fakhar Zaman,Babar Azam,PLS Gamage,0,0,,,,,,,,,
1120289,2017/18,2017-10-20,Sharjah Cricket Stadium,2,5.2,Pakistan,Sri Lanka,Fakhar Zaman,Babar Azam,PLS Gamage,0,0,,,,,,,,,
1120289,2017/18,2017-10-20,Sharjah Cricket Stadium,2,5.3,Pakistan,Sri Lanka,Fakhar Zaman,Babar Azam,PLS Gamage,0,0,,,,,,,,,
1120289,2017/18,2017-10-20,Sharjah Cricket Stadium,2,5.4,Pakistan,Sri Lanka,Fakhar Zaman,Babar Azam,PLS Gamage,0,0,,,,,,,,,
1120289,2017/18,2017-10-20,Sharjah Cricket Stadium,2,5.5,Pakistan,Sri Lanka,Fakhar Zaman,Babar Azam,PLS Gamage,0,0,,,,,,,,,
1120289,2017/18,2017-10-20,Sharjah Cricket Stadium,2,5.6,Pakistan,Sri Lanka,Fakhar Zaman,Babar Azam,PLS Gamage,4,0,,,,,,,,,
1120289,2017/18,2017-10-20,Sharjah Cricket Stadium,2,6.1,Pakistan,Sri Lanka,Babar Azam,Fakhar Zaman,RAS Lakmal,0,0,,,,,,,,,
1120289,2017/18,2017-10-20,Sharjah Cricket Stadium,2,6.2,Pakistan,Sri Lanka,Babar Azam,Fakhar Zaman,RAS Lakmal,0,1,1,,,,,,,,
1120289,2017/18,2017-10-20,Sharjah Cricket Stadium,2,6.3,Pakistan,Sri Lanka,Babar Azam,Fakhar Zaman,RAS Lakmal,4,0,,,,,,,,,
1120289,2017/18,2017-10-20,Sharjah Cricket Stadium,2,6.4,Pakistan,Sri Lanka,Babar Azam,Fakhar Zaman,RAS Lakmal,0,0,,,,,,,,,
1120289,2017/18,2017-10-20,Sharjah Cricket Stadium,2,6.5,Pakistan,Sri Lanka,Babar Azam,Fakhar Zaman,RAS Lakmal,0,0,,,,,,,,,
1120289,2017/18,2017-10-20,Sharjah Cricket Stadium,2,6.6,Pakistan,Sri Lanka,Babar Azam,Fakhar Zaman,RAS Lakmal,0,0,,,,,,,,,
1120289,2017/18,2017-10-20,Sharjah Cricket Stadium,2,6.7,Pakistan,Sri Lanka,Babar Azam,Fakhar Zaman,RAS Lakmal,0,0,,,,,,,,,
1120289,2017/18,2017-10-20,Sharjah Cricket Stadium,2,7.1,Pakistan,Sri Lanka,Fakhar Zaman,Babar Azam,PLS Gamage,0,0,,,,,,,,,
1120289,2017/18,2017-10-20,Sharjah Cricket Stadium,2,7.2,Pakistan,Sri Lanka,Fakhar Zaman,Babar Azam,PLS Gamage,0,0,,,,,,,,,
1120289,2017/18,2017-10-20,Sharjah Cricket Stadium,2,7.3,Pakistan,Sri Lanka,Fakhar Zaman,Babar Azam,PLS Gamage,1,0,,,,,,,,,
1120289,2017/18,2017-10-20,Sharjah Cricket Stadium,2,7.4,Pakistan,Sri Lanka,Babar Azam,Fakhar Zaman,PLS Gamage,0,0,,,,,,,,,
1120289,2017/18,2017-10-20,Sharjah Cricket Stadium,2,7.5,Pakistan,Sri Lanka,Babar Azam,Fakhar Zaman,PLS Gamage,4,0,,,,,,,,,
1120289,2017/18,2017-10-20,Sharjah Cricket Stadium,2,7.6,Pakistan,Sri Lanka,Babar Azam,Fakhar Zaman,PLS Gamage,1,0,,,,,,,,,
1120289,2017/18,2017-10-20,Sharjah Cricket Stadium,2,8.1,Pakistan,Sri Lanka,Babar Azam,Fakhar Zaman,A Dananjaya,0,0,,,,,,,,,
1120289,2017/18,2017-10-20,Sharjah Cricket Stadium,2,8.2,Pakistan,Sri Lanka,Babar Azam,Fakhar Zaman,A Dananjaya,0,0,,,,,,,,,
1120289,2017/18,2017-10-20,Sharjah Cricket Stadium,2,8.3,Pakistan,Sri Lanka,Babar Azam,Fakhar Zaman,A Dananjaya,1,0,,,,,,,,,
1120289,2017/18,2017-10-20,Sharjah Cricket Stadium,2,8.4,Pakistan,Sri Lanka,Fakhar Zaman,Babar Azam,A Dananjaya,0,0,,,,,,,,,
1120289,2017/18,2017-10-20,Sharjah Cricket Stadium,2,8.5,Pakistan,Sri Lanka,Fakhar Zaman,Babar Azam,A Dananjaya,0,0,,,,,,stumped,Fakhar Zaman,,
1120289,2017/18,2017-10-20,Sharjah Cricket Stadium,2,8.6,Pakistan,Sri Lanka,Mohammad Hafeez,Babar Azam,A Dananjaya,0,0,,,,,,,,,
1120289,2017/18,2017-10-20,Sharjah Cricket Stadium,2,9.1,Pakistan,Sri Lanka,Babar Azam,Mohammad Hafeez,PLS Gamage,1,0,,,,,,,,,
1120289,2017/18,2017-10-20,Sharjah Cricket Stadium,2,9.2,Pakistan,Sri Lanka,Mohammad Hafeez,Babar Azam,PLS Gamage,0,0,,,,,,,,,
1120289,2017/18,2017-10-20,Sharjah Cricket Stadium,2,9.3,Pakistan,Sri Lanka,Mohammad Hafeez,Babar Azam,PLS Gamage,0,0,,,,,,,,,
1120289,2017/18,2017-10-20,Sharjah Cricket Stadium,2,9.4,Pakistan,Sri Lanka,Mohammad Hafeez,Babar Azam,PLS Gamage,0,0,,,,,,,,,
1120289,2017/18,2017-10-20,Sharjah Cricket Stadium,2,9.5,Pakistan,Sri Lanka,Mohammad Hafeez,Babar Azam,PLS Gamage,0,0,,,,,,,,,
1120289,2017/18,2017-10-20,Sharjah Cricket Stadium,2,9.6,Pakistan,Sri Lanka,Mohammad Hafeez,Babar Azam,PLS Gamage,2,0,,,,,,,,,
1120289,2017/18,2017-10-20,Sharjah Cricket Stadium,2,10.1,Pakistan,Sri Lanka,Babar Azam,Mohammad Hafeez,A Dananjaya,0,0,,,,,,,,,
1120289,2017/18,2017-10-20,Sharjah Cricket Stadium,2,10.2,Pakistan,Sri Lanka,Babar Azam,Mohammad Hafeez,A Dananjaya,0,0,,,,,,,,,
1120289,2017/18,2017-10-20,Sharjah Cricket Stadium,2,10.3,Pakistan,Sri Lanka,Babar Azam,Mohammad Hafeez,A Dananjaya,1,0,,,,,,,,,
1120289,2017/18,2017-10-20,Sharjah Cricket Stadium,2,10.4,Pakistan,Sri Lanka,Mohammad Hafeez,Babar Azam,A Dananjaya,0,0,,,,,,,,,
1120289,2017/18,2017-10-20,Sharjah Cricket Stadium,2,10.5,Pakistan,Sri Lanka,Mohammad Hafeez,Babar Azam,A Dananjaya,0,0,,,,,,,,,
1120289,2017/18,2017-10-20,Sharjah Cricket Stadium,2,10.6,Pakistan,Sri Lanka,Mohammad Hafeez,Babar Azam,A Dananjaya,0,0,,,,,,,,,
1120289,2017/18,2017-10-20,Sharjah Cricket Stadium,2,11.1,Pakistan,Sri Lanka,Babar Azam,Mohammad Hafeez,S Prasanna,1,0,,,,,,,,,
1120289,2017/18,2017-10-20,Sharjah Cricket Stadium,2,11.2,Pakistan,Sri Lanka,Mohammad Hafeez,Babar Azam,S Prasanna,1,0,,,,,,,,,
1120289,2017/18,2017-10-20,Sharjah Cricket Stadium,2,11.3,Pakistan,Sri Lanka,Babar Azam,Mohammad Hafeez,S Prasanna,0,0,,,,,,,,,
1120289,2017/18,2017-10-20,Sharjah Cricket Stadium,2,11.4,Pakistan,Sri Lanka,Babar Azam,Mohammad Hafeez,S Prasanna,1,0,,,,,,,,,
1120289,2017/18,2017-10-20,Sharjah Cricket Stadium,2,11.5,Pakistan,Sri Lanka,Mohammad Hafeez,Babar Azam,S Prasanna,0,0,,,,,,,,,
1120289,2017/18,2017-10-20,Sharjah Cricket Stadium,2,11.6,Pakistan,Sri Lanka,Mohammad Hafeez,Babar Azam,S Prasanna,1,0,,,,,,,,,
1120289,2017/18,2017-10-20,Sharjah Cricket Stadium,2,12.1,Pakistan,Sri Lanka,Mohammad Hafeez,Babar Azam,A Dananjaya,0,0,,,,,,,,,
1120289,2017/18,2017-10-20,Sharjah Cricket Stadium,2,12.2,Pakistan,Sri Lanka,Mohammad Hafeez,Babar Azam,A Dananjaya,3,0,,,,,,,,,
1120289,2017/18,2017-10-20,Sharjah Cricket Stadium,2,12.3,Pakistan,Sri Lanka,Babar Azam,Mohammad Hafeez,A Dananjaya,0,0,,,,,,,,,
1120289,2017/18,2017-10-20,Sharjah Cricket Stadium,2,12.4,Pakistan,Sri Lanka,Babar Azam,Mohammad Hafeez,A Dananjaya,1,0,,,,,,,,,
1120289,2017/18,2017-10-20,Sharjah Cricket Stadium,2,12.5,Pakistan,Sri Lanka,Mohammad Hafeez,Babar Azam,A Dananjaya,1,0,,,,,,,,,
1120289,2017/18,2017-10-20,Sharjah Cricket Stadium,2,12.6,Pakistan,Sri Lanka,Babar Azam,Mohammad Hafeez,A Dananjaya,4,0,,,,,,,,,
1120289,2017/18,2017-10-20,Sharjah Cricket Stadium,2,13.1,Pakistan,Sri Lanka,Mohammad Hafeez,Babar Azam,S Prasanna,0,2,,,,2,,,,,
1120289,2017/18,2017-10-20,Sharjah Cricket Stadium,2,13.2,Pakistan,Sri Lanka,Mohammad Hafeez,Babar Azam,S Prasanna,0,0,,,,,,,,,
1120289,2017/18,2017-10-20,Sharjah Cricket Stadium,2,13.3,Pakistan,Sri Lanka,Mohammad Hafeez,Babar Azam,S Prasanna,1,0,,,,,,,,,
1120289,2017/18,2017-10-20,Sharjah Cricket Stadium,2,13.4,Pakistan,Sri Lanka,Babar Azam,Mohammad Hafeez,S Prasanna,0,0,,,,,,,,,
1120289,2017/18,2017-10-20,Sharjah Cricket Stadium,2,13.5,Pakistan,Sri Lanka,Babar Azam,Mohammad Hafeez,S Prasanna,1,0,,,,,,,,,
1120289,2017/18,2017-10-20,Sharjah Cricket Stadium,2,13.6,Pakistan,Sri Lanka,Mohammad Hafeez,Babar Azam,S Prasanna,0,0,,,,,,caught,Mohammad Hafeez,,
1120289,2017/18,2017-10-20,Sharjah Cricket Stadium,2,14.1,Pakistan,Sri Lanka,Babar Azam,Shoaib Malik,A Dananjaya,1,0,,,,,,,,,
1120289,2017/18,2017-10-20,Sharjah Cricket Stadium,2,14.2,Pakistan,Sri Lanka,Shoaib Malik,Babar Azam,A Dananjaya,0,0,,,,,,,,,
1120289,2017/18,2017-10-20,Sharjah Cricket Stadium,2,14.3,Pakistan,Sri Lanka,Shoaib Malik,Babar Azam,A Dananjaya,1,0,,,,,,,,,
1120289,2017/18,2017-10-20,Sharjah Cricket Stadium,2,14.4,Pakistan,Sri Lanka,Babar Azam,Shoaib Malik,A Dananjaya,0,0,,,,,,,,,
1120289,2017/18,2017-10-20,Sharjah Cricket Stadium,2,14.5,Pakistan,Sri Lanka,Babar Azam,Shoaib Malik,A Dananjaya,0,0,,,,,,,,,
1120289,2017/18,2017-10-20,Sharjah Cricket Stadium,2,14.6,Pakistan,Sri Lanka,Babar Azam,Shoaib Malik,A Dananjaya,1,0,,,,,,,,,
1120289,2017/18,2017-10-20,Sharjah Cricket Stadium,2,15.1,Pakistan,Sri Lanka,Babar Azam,Shoaib Malik,S Prasanna,1,0,,,,,,,,,
1120289,2017/18,2017-10-20,Sharjah Cricket Stadium,2,15.2,Pakistan,Sri Lanka,Shoaib Malik,Babar Azam,S Prasanna,0,0,,,,,,,,,
1120289,2017/18,2017-10-20,Sharjah Cricket Stadium,2,15.3,Pakistan,Sri Lanka,Shoaib Malik,Babar Azam,S Prasanna,1,0,,,,,,,,,
1120289,2017/18,2017-10-20,Sharjah Cricket Stadium,2,15.4,Pakistan,Sri Lanka,Babar Azam,Shoaib Malik,S Prasanna,1,0,,,,,,,,,
1120289,2017/18,2017-10-20,Sharjah Cricket Stadium,2,15.5,Pakistan,Sri Lanka,Shoaib Malik,Babar Azam,S Prasanna,0,0,,,,,,,,,
1120289,2017/18,2017-10-20,Sharjah Cricket Stadium,2,15.6,Pakistan,Sri Lanka,Shoaib Malik,Babar Azam,S Prasanna,0,0,,,,,,,,,
1120289,2017/18,2017-10-20,Sharjah Cricket Stadium,2,16.1,Pakistan,Sri Lanka,Babar Azam,Shoaib Malik,A Dananjaya,1,0,,,,,,,,,
1120289,2017/18,2017-10-20,Sharjah Cricket Stadium,2,16.2,Pakistan,Sri Lanka,Shoaib Malik,Babar Azam,A Dananjaya,1,0,,,,,,,,,
1120289,2017/18,2017-10-20,Sharjah Cricket Stadium,2,16.3,Pakistan,Sri Lanka,Babar Azam,Shoaib Malik,A Dananjaya,0,1,1,,,,,,,,
1120289,2017/18,2017-10-20,Sharjah Cricket Stadium,2,16.4,Pakistan,Sri Lanka,Babar Azam,Shoaib Malik,A Dananjaya,0,0,,,,,,,,,
1120289,2017/18,2017-10-20,Sharjah Cricket Stadium,2,16.5,Pakistan,Sri Lanka,Babar Azam,Shoaib Malik,A Dananjaya,0,0,,,,,,,,,
1120289,2017/18,2017-10-20,Sharjah Cricket Stadium,2,16.6,Pakistan,Sri Lanka,Babar Azam,Shoaib Malik,A Dananjaya,1,0,,,,,,,,,
1120289,2017/18,2017-10-20,Sharjah Cricket Stadium,2,16.7,Pakistan,Sri Lanka,Shoaib Malik,Babar Azam,A Dananjaya,0,0,,,,,,,,,
1120289,2017/18,2017-10-20,Sharjah Cricket Stadium,2,17.1,Pakistan,Sri Lanka,Babar Azam,Shoaib Malik,S Prasanna,1,0,,,,,,,,,
1120289,2017/18,2017-10-20,Sharjah Cricket Stadium,2,17.2,Pakistan,Sri Lanka,Shoaib Malik,Babar Azam,S Prasanna,2,0,,,,,,,,,
1120289,2017/18,2017-10-20,Sharjah Cricket Stadium,2,17.3,Pakistan,Sri Lanka,Shoaib Malik,Babar Azam,S Prasanna,0,0,,,,,,,,,
1120289,2017/18,2017-10-20,Sharjah Cricket Stadium,2,17.4,Pakistan,Sri Lanka,Shoaib Malik,Babar Azam,S Prasanna,0,0,,,,,,,,,
1120289,2017/18,2017-10-20,Sharjah Cricket Stadium,2,17.5,Pakistan,Sri Lanka,Shoaib Malik,Babar Azam,S Prasanna,0,0,,,,,,,,,
1120289,2017/18,2017-10-20,Sharjah Cricket Stadium,2,17.6,Pakistan,Sri Lanka,Shoaib Malik,Babar Azam,S Prasanna,1,0,,,,,,,,,
1120289,2017/18,2017-10-20,Sharjah Cricket Stadium,2,18.1,Pakistan,Sri Lanka,Shoaib Malik,Babar Azam,RAS Lakmal,1,0,,,,,,,,,
1120289,2017/18,2017-10-20,Sharjah Cricket Stadium,2,18.2,Pakistan,Sri Lanka,Babar Azam,Shoaib Malik,RAS Lakmal,0,0,,,,,,,,,
1120289,2017/18,2017-10-20,Sharjah Cricket Stadium,2,18.3,Pakistan,Sri Lanka,Babar Azam,Shoaib Malik,RAS Lakmal,1,0,,,,,,,,,
1120289,2017/18,2017-10-20,Sharjah Cricket Stadium,2,18.4,Pakistan,Sri Lanka,Shoaib Malik,Babar Azam,RAS Lakmal,0,0,,,,,,,,,
1120289,2017/18,2017-10-20,Sharjah Cricket Stadium,2,18.5,Pakistan,Sri Lanka,Shoaib Malik,Babar Azam,RAS Lakmal,1,0,,,,,,,,,
1120289,2017/18,2017-10-20,Sharjah Cricket Stadium,2,18.6,Pakistan,Sri Lanka,Babar Azam,Shoaib Malik,RAS Lakmal,0,0,,,,,,,,,
1120289,2017/18,2017-10-20,Sharjah Cricket Stadium,2,19.1,Pakistan,Sri Lanka,Shoaib Malik,Babar Azam,S Prasanna,0,0,,,,,,,,,
1120289,2017/18,2017-10-20,Sharjah Cricket Stadium,2,19.2,Pakistan,Sri Lanka,Shoaib Malik,Babar Azam,S Prasanna,0,0,,,,,,,,,
1120289,2017/18,2017-10-20,Sharjah Cricket Stadium,2,19.3,Pakistan,Sri Lanka,Shoaib Malik,Babar Azam,S Prasanna,1,0,,,,,,,,,
1120289,2017/18,2017-10-20,Sharjah Cricket Stadium,2,19.4,Pakistan,Sri Lanka,Babar Azam,Shoaib Malik,S Prasanna,1,0,,,,,,,,,
1120289,2017/18,2017-10-20,Sharjah Cricket Stadium,2,19.5,Pakistan,Sri Lanka,Shoaib Malik,Babar Azam,S Prasanna,0,0,,,,,,,,,
1120289,2017/18,2017-10-20,Sharjah Cricket Stadium,2,19.6,Pakistan,Sri Lanka,Shoaib Malik,Babar Azam,S Prasanna,3,0,,,,,,,,,
1120289,2017/18,2017-10-20,Sharjah Cricket Stadium,2,20.1,Pakistan,Sri Lanka,Shoaib Malik,Babar Azam,RAS Lakmal,3,0,,,,,,,,,
1120289,2017/18,2017-10-20,Sharjah Cricket Stadium,2,20.2,Pakistan,Sri Lanka,Babar Azam,Shoaib Malik,RAS Lakmal,1,0,,,,,,,,,
1120289,2017/18,2017-10-20,Sharjah Cricket Stadium,2,20.3,Pakistan,Sri Lanka,Shoaib Malik,Babar Azam,RAS Lakmal,1,0,,,,,,,,,
1120289,2017/18,2017-10-20,Sharjah Cricket Stadium,2,20.4,Pakistan,Sri Lanka,Babar Azam,Shoaib Malik,RAS Lakmal,0,0,,,,,,,,,
1120289,2017/18,2017-10-20,Sharjah Cricket Stadium,2,20.5,Pakistan,Sri Lanka,Babar Azam,Shoaib Malik,RAS Lakmal,0,0,,,,,,,,,
1120289,2017/18,2017-10-20,Sharjah Cricket Stadium,2,20.6,Pakistan,Sri Lanka,Babar Azam,Shoaib Malik,RAS Lakmal,0,0,,,,,,,,,
1120289,2017/18,2017-10-20,Sharjah Cricket Stadium,2,21.1,Pakistan,Sri Lanka,Shoaib Malik,Babar Azam,S Prasanna,1,0,,,,,,,,,
1120289,2017/18,2017-10-20,Sharjah Cricket Stadium,2,21.2,Pakistan,Sri Lanka,Babar Azam,Shoaib Malik,S Prasanna,0,0,,,,,,,,,
1120289,2017/18,2017-10-20,Sharjah Cricket Stadium,2,21.3,Pakistan,Sri Lanka,Babar Azam,Shoaib Malik,S Prasanna,1,0,,,,,,,,,
1120289,2017/18,2017-10-20,Sharjah Cricket Stadium,2,21.4,Pakistan,Sri Lanka,Shoaib Malik,Babar Azam,S Prasanna,0,0,,,,,,,,,
1120289,2017/18,2017-10-20,Sharjah Cricket Stadium,2,21.5,Pakistan,Sri Lanka,Shoaib Malik,Babar Azam,S Prasanna,0,0,,,,,,,,,
1120289,2017/18,2017-10-20,Sharjah Cricket Stadium,2,21.6,Pakistan,Sri Lanka,Shoaib Malik,Babar Azam,S Prasanna,0,0,,,,,,,,,
1120289,2017/18,2017-10-20,Sharjah Cricket Stadium,2,22.1,Pakistan,Sri Lanka,Babar Azam,Shoaib Malik,RAS Lakmal,3,0,,,,,,,,,
1120289,2017/18,2017-10-20,Sharjah Cricket Stadium,2,22.2,Pakistan,Sri Lanka,Shoaib Malik,Babar Azam,RAS Lakmal,0,0,,,,,,,,,
1120289,2017/18,2017-10-20,Sharjah Cricket Stadium,2,22.3,Pakistan,Sri Lanka,Shoaib Malik,Babar Azam,RAS Lakmal,0,0,,,,,,,,,
1120289,2017/18,2017-10-20,Sharjah Cricket Stadium,2,22.4,Pakistan,Sri Lanka,Shoaib Malik,Babar Azam,RAS Lakmal,1,0,,,,,,,,,
1120289,2017/18,2017-10-20,Sharjah Cricket Stadium,2,22.5,Pakistan,Sri Lanka,Babar Azam,Shoaib Malik,RAS Lakmal,1,0,,,,,,,,,
1120289,2017/18,2017-10-20,Sharjah Cricket Stadium,2,22.6,Pakistan,Sri Lanka,Shoaib Malik,Babar Azam,RAS Lakmal,0,0,,,,,,,,,
1120289,2017/18,2017-10-20,Sharjah Cricket Stadium,2,23.1,Pakistan,Sri Lanka,Babar Azam,Shoaib Malik,S Prasanna,0,0,,,,,,,,,
1120289,2017/18,2017-10-20,Sharjah Cricket Stadium,2,23.2,Pakistan,Sri Lanka,Babar Azam,Shoaib Malik,S Prasanna,1,0,,,,,,,,,
1120289,2017/18,2017-10-20,Sharjah Cricket Stadium,2,23.3,Pakistan,Sri Lanka,Shoaib Malik,Babar Azam,S Prasanna,1,0,,,,,,,,,
1120289,2017/18,2017-10-20,Sharjah Cricket Stadium,2,23.4,Pakistan,Sri Lanka,Babar Azam,Shoaib Malik,S Prasanna,2,0,,,,,,,,,
1120289,2017/18,2017-10-20,Sharjah Cricket Stadium,2,23.5,Pakistan,Sri Lanka,Babar Azam,Shoaib Malik,S Prasanna,0,0,,,,,,,,,
1120289,2017/18,2017-10-20,Sharjah Cricket Stadium,2,23.6,Pakistan,Sri Lanka,Babar Azam,Shoaib Malik,S Prasanna,0,0,,,,,,,,,
1120289,2017/18,2017-10-20,Sharjah Cricket Stadium,2,24.1,Pakistan,Sri Lanka,Shoaib Malik,Babar Azam,A Dananjaya,0,0,,,,,,,,,
1120289,2017/18,2017-10-20,Sharjah Cricket Stadium,2,24.2,Pakistan,Sri Lanka,Shoaib Malik,Babar Azam,A Dananjaya,0,0,,,,,,,,,
1120289,2017/18,2017-10-20,Sharjah Cricket Stadium,2,24.3,Pakistan,Sri Lanka,Shoaib Malik,Babar Azam,A Dananjaya,0,0,,,,,,,,,
1120289,2017/18,2017-10-20,Sharjah Cricket Stadium,2,24.4,Pakistan,Sri Lanka,Shoaib Malik,Babar Azam,A Dananjaya,0,0,,,,,,,,,
1120289,2017/18,2017-10-20,Sharjah Cricket Stadium,2,24.5,Pakistan,Sri Lanka,Shoaib Malik,Babar Azam,A Dananjaya,0,0,,,,,,,,,
1120289,2017/18,2017-10-20,Sharjah Cricket Stadium,2,24.6,Pakistan,Sri Lanka,Shoaib Malik,Babar Azam,A Dananjaya,0,0,,,,,,,,,
1120289,2017/18,2017-10-20,Sharjah Cricket Stadium,2,25.1,Pakistan,Sri Lanka,Babar Azam,Shoaib Malik,NLTC Perera,1,0,,,,,,,,,
1120289,2017/18,2017-10-20,Sharjah Cricket Stadium,2,25.2,Pakistan,Sri Lanka,Shoaib Malik,Babar Azam,NLTC Perera,0,0,,,,,,,,,
1120289,2017/18,2017-10-20,Sharjah Cricket Stadium,2,25.3,Pakistan,Sri Lanka,Shoaib Malik,Babar Azam,NLTC Perera,0,0,,,,,,,,,
1120289,2017/18,2017-10-20,Sharjah Cricket Stadium,2,25.4,Pakistan,Sri Lanka,Shoaib Malik,Babar Azam,NLTC Perera,1,0,,,,,,,,,
1120289,2017/18,2017-10-20,Sharjah Cricket Stadium,2,25.5,Pakistan,Sri Lanka,Babar Azam,Shoaib Malik,NLTC Perera,0,0,,,,,,,,,
1120289,2017/18,2017-10-20,Sharjah Cricket Stadium,2,25.6,Pakistan,Sri Lanka,Babar Azam,Shoaib Malik,NLTC Perera,1,0,,,,,,,,,
1120289,2017/18,2017-10-20,Sharjah Cricket Stadium,2,26.1,Pakistan,Sri Lanka,Babar Azam,Shoaib Malik,A Dananjaya,1,0,,,,,,,,,
1120289,2017/18,2017-10-20,Sharjah Cricket Stadium,2,26.2,Pakistan,Sri Lanka,Shoaib Malik,Babar Azam,A Dananjaya,6,0,,,,,,,,,
1120289,2017/18,2017-10-20,Sharjah Cricket Stadium,2,26.3,Pakistan,Sri Lanka,Shoaib Malik,Babar Azam,A Dananjaya,1,0,,,,,,,,,
1120289,2017/18,2017-10-20,Sharjah Cricket Stadium,2,26.4,Pakistan,Sri Lanka,Babar Azam,Shoaib Malik,A Dananjaya,0,0,,,,,,,,,
1120289,2017/18,2017-10-20,Sharjah Cricket Stadium,2,26.5,Pakistan,Sri Lanka,Babar Azam,Shoaib Malik,A Dananjaya,0,0,,,,,,,,,
1120289,2017/18,2017-10-20,Sharjah Cricket Stadium,2,26.6,Pakistan,Sri Lanka,Babar Azam,Shoaib Malik,A Dananjaya,0,0,,,,,,,,,
1120289,2017/18,2017-10-20,Sharjah Cricket Stadium,2,27.1,Pakistan,Sri Lanka,Shoaib Malik,Babar Azam,NLTC Perera,1,0,,,,,,,,,
1120289,2017/18,2017-10-20,Sharjah Cricket Stadium,2,27.2,Pakistan,Sri Lanka,Babar Azam,Shoaib Malik,NLTC Perera,0,0,,,,,,,,,
1120289,2017/18,2017-10-20,Sharjah Cricket Stadium,2,27.3,Pakistan,Sri Lanka,Babar Azam,Shoaib Malik,NLTC Perera,0,0,,,,,,,,,
1120289,2017/18,2017-10-20,Sharjah Cricket Stadium,2,27.4,Pakistan,Sri Lanka,Babar Azam,Shoaib Malik,NLTC Perera,1,0,,,,,,,,,
1120289,2017/18,2017-10-20,Sharjah Cricket Stadium,2,27.5,Pakistan,Sri Lanka,Shoaib Malik,Babar Azam,NLTC Perera,0,0,,,,,,,,,
1120289,2017/18,2017-10-20,Sharjah Cricket Stadium,2,27.6,Pakistan,Sri Lanka,Shoaib Malik,Babar Azam,NLTC Perera,0,0,,,,,,,,,
1120289,2017/18,2017-10-20,Sharjah Cricket Stadium,2,28.1,Pakistan,Sri Lanka,Babar Azam,Shoaib Malik,A Dananjaya,0,0,,,,,,,,,
1120289,2017/18,2017-10-20,Sharjah Cricket Stadium,2,28.2,Pakistan,Sri Lanka,Babar Azam,Shoaib Malik,A Dananjaya,0,0,,,,,,,,,
1120289,2017/18,2017-10-20,Sharjah Cricket Stadium,2,28.3,Pakistan,Sri Lanka,Babar Azam,Shoaib Malik,A Dananjaya,0,0,,,,,,,,,
1120289,2017/18,2017-10-20,Sharjah Cricket Stadium,2,28.4,Pakistan,Sri Lanka,Babar Azam,Shoaib Malik,A Dananjaya,1,0,,,,,,,,,
1120289,2017/18,2017-10-20,Sharjah Cricket Stadium,2,28.5,Pakistan,Sri Lanka,Shoaib Malik,Babar Azam,A Dananjaya,2,0,,,,,,,,,
1120289,2017/18,2017-10-20,Sharjah Cricket Stadium,2,28.6,Pakistan,Sri Lanka,Shoaib Malik,Babar Azam,A Dananjaya,0,0,,,,,,,,,
1120289,2017/18,2017-10-20,Sharjah Cricket Stadium,2,29.1,Pakistan,Sri Lanka,Babar Azam,Shoaib Malik,NLTC Perera,0,0,,,,,,,,,
1120289,2017/18,2017-10-20,Sharjah Cricket Stadium,2,29.2,Pakistan,Sri Lanka,Babar Azam,Shoaib Malik,NLTC Perera,0,0,,,,,,,,,
1120289,2017/18,2017-10-20,Sharjah Cricket Stadium,2,29.3,Pakistan,Sri Lanka,Babar Azam,Shoaib Malik,NLTC Perera,0,0,,,,,,,,,
1120289,2017/18,2017-10-20,Sharjah Cricket Stadium,2,29.4,Pakistan,Sri Lanka,Babar Azam,Shoaib Malik,NLTC Perera,0,0,,,,,,,,,
1120289,2017/18,2017-10-20,Sharjah Cricket Stadium,2,29.5,Pakistan,Sri Lanka,Babar Azam,Shoaib Malik,NLTC Perera,0,0,,,,,,,,,
1120289,2017/18,2017-10-20,Sharjah Cricket Stadium,2,29.6,Pakistan,Sri Lanka,Babar Azam,Shoaib Malik,NLTC Perera,1,0,,,,,,,,,
1120289,2017/18,2017-10-20,Sharjah Cricket Stadium,2,30.1,Pakistan,Sri Lanka,Babar Azam,Shoaib Malik,TAM Siriwardana,0,0,,,,,,,,,
1120289,2017/18,2017-10-20,Sharjah Cricket Stadium,2,30.2,Pakistan,Sri Lanka,Babar Azam,Shoaib Malik,TAM Siriwardana,1,0,,,,,,,,,
1120289,2017/18,2017-10-20,Sharjah Cricket Stadium,2,30.3,Pakistan,Sri Lanka,Shoaib Malik,Babar Azam,TAM Siriwardana,1,0,,,,,,,,,
1120289,2017/18,2017-10-20,Sharjah Cricket Stadium,2,30.4,Pakistan,Sri Lanka,Babar Azam,Shoaib Malik,TAM Siriwardana,0,0,,,,,,,,,
1120289,2017/18,2017-10-20,Sharjah Cricket Stadium,2,30.5,Pakistan,Sri Lanka,Babar Azam,Shoaib Malik,TAM Siriwardana,4,0,,,,,,,,,
1120289,2017/18,2017-10-20,Sharjah Cricket Stadium,2,30.6,Pakistan,Sri Lanka,Babar Azam,Shoaib Malik,TAM Siriwardana,2,0,,,,,,,,,
1120289,2017/18,2017-10-20,Sharjah Cricket Stadium,2,31.1,Pakistan,Sri Lanka,Shoaib Malik,Babar Azam,NLTC Perera,2,0,,,,,,,,,
1120289,2017/18,2017-10-20,Sharjah Cricket Stadium,2,31.2,Pakistan,Sri Lanka,Shoaib Malik,Babar Azam,NLTC Perera,1,0,,,,,,,,,
1120289,2017/18,2017-10-20,Sharjah Cricket Stadium,2,31.3,Pakistan,Sri Lanka,Babar Azam,Shoaib Malik,NLTC Perera,1,0,,,,,,,,,
1120289,2017/18,2017-10-20,Sharjah Cricket Stadium,2,31.4,Pakistan,Sri Lanka,Shoaib Malik,Babar Azam,NLTC Perera,4,0,,,,,,,,,
1120289,2017/18,2017-10-20,Sharjah Cricket Stadium,2,31.5,Pakistan,Sri Lanka,Shoaib Malik,Babar Azam,NLTC Perera,1,0,,,,,,,,,
1120289,2017/18,2017-10-20,Sharjah Cricket Stadium,2,31.6,Pakistan,Sri Lanka,Babar Azam,Shoaib Malik,NLTC Perera,1,0,,,,,,,,,
1120289,2017/18,2017-10-20,Sharjah Cricket Stadium,2,32.1,Pakistan,Sri Lanka,Babar Azam,Shoaib Malik,TAM Siriwardana,1,0,,,,,,,,,
1120289,2017/18,2017-10-20,Sharjah Cricket Stadium,2,32.2,Pakistan,Sri Lanka,Shoaib Malik,Babar Azam,TAM Siriwardana,0,0,,,,,,,,,
1120289,2017/18,2017-10-20,Sharjah Cricket Stadium,2,32.3,Pakistan,Sri Lanka,Shoaib Malik,Babar Azam,TAM Siriwardana,1,0,,,,,,,,,
1120289,2017/18,2017-10-20,Sharjah Cricket Stadium,2,32.4,Pakistan,Sri Lanka,Babar Azam,Shoaib Malik,TAM Siriwardana,1,0,,,,,,,,,
1120289,2017/18,2017-10-20,Sharjah Cricket Stadium,2,32.5,Pakistan,Sri Lanka,Shoaib Malik,Babar Azam,TAM Siriwardana,2,0,,,,,,,,,
1120289,2017/18,2017-10-20,Sharjah Cricket Stadium,2,32.6,Pakistan,Sri Lanka,Shoaib Malik,Babar Azam,TAM Siriwardana,1,0,,,,,,,,,
1120289,2017/18,2017-10-20,Sharjah Cricket Stadium,2,33.1,Pakistan,Sri Lanka,Shoaib Malik,Babar Azam,S Prasanna,0,0,,,,,,,,,
1120289,2017/18,2017-10-20,Sharjah Cricket Stadium,2,33.2,Pakistan,Sri Lanka,Shoaib Malik,Babar Azam,S Prasanna,0,0,,,,,,,,,
1120289,2017/18,2017-10-20,Sharjah Cricket Stadium,2,33.3,Pakistan,Sri Lanka,Shoaib Malik,Babar Azam,S Prasanna,0,0,,,,,,,,,
1120289,2017/18,2017-10-20,Sharjah Cricket Stadium,2,33.4,Pakistan,Sri Lanka,Shoaib Malik,Babar Azam,S Prasanna,1,0,,,,,,,,,
1120289,2017/18,2017-10-20,Sharjah Cricket Stadium,2,33.5,Pakistan,Sri Lanka,Babar Azam,Shoaib Malik,S Prasanna,1,0,,,,,,,,,
1120289,2017/18,2017-10-20,Sharjah Cricket Stadium,2,33.6,Pakistan,Sri Lanka,Shoaib Malik,Babar Azam,S Prasanna,1,0,,,,,,,,,
1120289,2017/18,2017-10-20,Sharjah Cricket Stadium,2,34.1,Pakistan,Sri Lanka,Shoaib Malik,Babar Azam,TAM Siriwardana,0,0,,,,,,,,,
1120289,2017/18,2017-10-20,Sharjah Cricket Stadium,2,34.2,Pakistan,Sri Lanka,Shoaib Malik,Babar Azam,TAM Siriwardana,0,0,,,,,,,,,
1120289,2017/18,2017-10-20,Sharjah Cricket Stadium,2,34.3,Pakistan,Sri Lanka,Shoaib Malik,Babar Azam,TAM Siriwardana,0,0,,,,,,,,,
1120289,2017/18,2017-10-20,Sharjah Cricket Stadium,2,34.4,Pakistan,Sri Lanka,Shoaib Malik,Babar Azam,TAM Siriwardana,0,0,,,,,,,,,
1120289,2017/18,2017-10-20,Sharjah Cricket Stadium,2,34.5,Pakistan,Sri Lanka,Shoaib Malik,Babar Azam,TAM Siriwardana,1,0,,,,,,,,,
1120289,2017/18,2017-10-20,Sharjah Cricket Stadium,2,34.6,Pakistan,Sri Lanka,Babar Azam,Shoaib Malik,TAM Siriwardana,0,2,2,,,,,,,,
1120289,2017/18,2017-10-20,Sharjah Cricket Stadium,2,34.7,Pakistan,Sri Lanka,Shoaib Malik,Babar Azam,TAM Siriwardana,1,0,,,,,,,,,
1120289,2017/18,2017-10-20,Sharjah Cricket Stadium,2,35.1,Pakistan,Sri Lanka,Shoaib Malik,Babar Azam,S Prasanna,0,0,,,,,,,,,
1120289,2017/18,2017-10-20,Sharjah Cricket Stadium,2,35.2,Pakistan,Sri Lanka,Shoaib Malik,Babar Azam,S Prasanna,1,0,,,,,,,,,
1120289,2017/18,2017-10-20,Sharjah Cricket Stadium,2,35.3,Pakistan,Sri Lanka,Babar Azam,Shoaib Malik,S Prasanna,1,0,,,,,,,,,
1120289,2017/18,2017-10-20,Sharjah Cricket Stadium,2,35.4,Pakistan,Sri Lanka,Shoaib Malik,Babar Azam,S Prasanna,1,0,,,,,,,,,
1120289,2017/18,2017-10-20,Sharjah Cricket Stadium,2,35.5,Pakistan,Sri Lanka,Babar Azam,Shoaib Malik,S Prasanna,0,0,,,,,,,,,
1120289,2017/18,2017-10-20,Sharjah Cricket Stadium,2,35.6,Pakistan,Sri Lanka,Babar Azam,Shoaib Malik,S Prasanna,0,0,,,,,,,,,
1120289,2017/18,2017-10-20,Sharjah Cricket Stadium,2,36.1,Pakistan,Sri Lanka,Shoaib Malik,Babar Azam,TAM Siriwardana,1,0,,,,,,,,,
1120289,2017/18,2017-10-20,Sharjah Cricket Stadium,2,36.2,Pakistan,Sri Lanka,Babar Azam,Shoaib Malik,TAM Siriwardana,1,0,,,,,,,,,
1120289,2017/18,2017-10-20,Sharjah Cricket Stadium,2,36.3,Pakistan,Sri Lanka,Shoaib Malik,Babar Azam,TAM Siriwardana,0,0,,,,,,,,,
1120289,2017/18,2017-10-20,Sharjah Cricket Stadium,2,36.4,Pakistan,Sri Lanka,Shoaib Malik,Babar Azam,TAM Siriwardana,0,0,,,,,,,,,
1120289,2017/18,2017-10-20,Sharjah Cricket Stadium,2,36.5,Pakistan,Sri Lanka,Shoaib Malik,Babar Azam,TAM Siriwardana,1,0,,,,,,,,,
1120289,2017/18,2017-10-20,Sharjah Cricket Stadium,2,36.6,Pakistan,Sri Lanka,Babar Azam,Shoaib Malik,TAM Siriwardana,1,0,,,,,,,,,
1120289,2017/18,2017-10-20,Sharjah Cricket Stadium,2,37.1,Pakistan,Sri Lanka,Babar Azam,Shoaib Malik,S Prasanna,4,0,,,,,,,,,
1120289,2017/18,2017-10-20,Sharjah Cricket Stadium,2,37.2,Pakistan,Sri Lanka,Babar Azam,Shoaib Malik,S Prasanna,1,0,,,,,,,,,
1120289,2017/18,2017-10-20,Sharjah Cricket Stadium,2,37.3,Pakistan,Sri Lanka,Shoaib Malik,Babar Azam,S Prasanna,6,0,,,,,,,,,
1120289,2017/18,2017-10-20,Sharjah Cricket Stadium,2,37.4,Pakistan,Sri Lanka,Shoaib Malik,Babar Azam,S Prasanna,1,0,,,,,,,,,
1120289,2017/18,2017-10-20,Sharjah Cricket Stadium,2,37.5,Pakistan,Sri Lanka,Babar Azam,Shoaib Malik,S Prasanna,2,0,,,,,,,,,
1120289,2017/18,2017-10-20,Sharjah Cricket Stadium,2,37.6,Pakistan,Sri Lanka,Babar Azam,Shoaib Malik,S Prasanna,0,0,,,,,,,,,
1120289,2017/18,2017-10-20,Sharjah Cricket Stadium,2,38.1,Pakistan,Sri Lanka,Shoaib Malik,Babar Azam,TAM Siriwardana,1,0,,,,,,,,,
1120289,2017/18,2017-10-20,Sharjah Cricket Stadium,2,38.2,Pakistan,Sri Lanka,Babar Azam,Shoaib Malik,TAM Siriwardana,0,0,,,,,,,,,
1120289,2017/18,2017-10-20,Sharjah Cricket Stadium,2,38.3,Pakistan,Sri Lanka,Babar Azam,Shoaib Malik,TAM Siriwardana,1,0,,,,,,,,,
1120289,2017/18,2017-10-20,Sharjah Cricket Stadium,2,38.4,Pakistan,Sri Lanka,Shoaib Malik,Babar Azam,TAM Siriwardana,0,0,,,,,,,,,
1120289,2017/18,2017-10-20,Sharjah Cricket Stadium,2,38.5,Pakistan,Sri Lanka,Shoaib Malik,Babar Azam,TAM Siriwardana,4,0,,,,,,,,,
1120289,2017/18,2017-10-20,Sharjah Cricket Stadium,2,38.6,Pakistan,Sri Lanka,Shoaib Malik,Babar Azam,TAM Siriwardana,6,0,,,,,,,,,
