version,2.1.0
info,balls_per_over,6
info,team,Sri Lanka
info,team,Pakistan
info,gender,male
info,season,2017/18
info,date,2017/10/23
info,event,Pakistan tour of United Arab Emirates
info,match_number,5
info,venue,Sharjah Cricket Stadium
info,city,
info,toss_winner,Sri Lanka
info,toss_decision,bat
info,player_of_match,Usman Shinwari
info,umpire,Ahsan Raza
info,umpire,S Ravi
info,reserve_umpire,Shozab Raza
info,tv_umpire,RA Kettleborough
info,match_referee,AJ Pycroft
info,winner,Pakistan
info,winner_wickets,9
info,player,Sri Lanka,WU Tharanga
info,player,Sri Lanka,S Samarawickrama
info,player,Sri Lanka,LD Chandimal
info,player,Sri Lanka,HDRL Thirimanne
info,player,Sri Lanka,N Dickwella
info,player,Sri Lanka,TAM Siriwardana
info,player,Sri Lanka,S Prasanna
info,player,Sri Lanka,NLTC Perera
info,player,Sri Lanka,JDF Vandersay
info,player,Sri Lanka,PVD Chameera
info,player,Sri Lanka,MVT Fernando
info,player,Pakistan,Imam-ul-Haq
info,player,Pakistan,Fakhar Zaman
info,player,Pakistan,Faheem Ashraf
info,player,Pakistan,Babar Azam
info,player,Pakistan,Mohammad Hafeez
info,player,Pakistan,Shoaib Malik
info,player,Pakistan,Sarfraz Ahmed
info,player,Pakistan,Imad Wasim
info,player,Pakistan,Shadab Khan
info,player,Pakistan,Hasan Ali
info,player,Pakistan,Usman Shinwari
info,registry,people,AJ Pycroft,685d3f80
info,registry,people,Ahsan Raza,e0e5b209
info,registry,people,Babar Azam,8a75e999
info,registry,people,Faheem Ashraf,bd4ea627
info,registry,people,Fakhar Zaman,1777c020
info,registry,people,HDRL Thirimanne,c5928dec
info,registry,people,Hasan Ali,2911de16
info,registry,people,Imad Wasim,9cb8d7a6
info,registry,people,Imam-ul-Haq,40c041ea
info,registry,people,JDF Vandersay,aceb7654
info,registry,people,LD Chandimal,8dd02a98
info,registry,people,MVT Fernando,5eef2118
info,registry,people,Mohammad Hafeez,9ab63e7b
info,registry,people,N Dickwella,45963d9e
info,registry,people,NLTC Perera,0f12f9df
info,registry,people,PVD Chameera,327b58d3
info,registry,people,RA Kettleborough,4017868f
info,registry,people,S Prasanna,f78e7113
info,registry,people,S Ravi,9b9ee0df
info,registry,people,S Samarawickrama,9ab2914d
info,registry,people,Sarfraz Ahmed,2254ab79
info,registry,people,Shadab Khan,9de62878
info,registry,people,Shoaib Malik,64c34cd0
info,registry,people,Shozab Raza,153c67dc
info,registry,people,TAM Siriwardana,bf7842c9
info,registry,people,Usman Shinwari,f0e722e0
info,registry,people,WU Tharanga,7ed9fd56
