match_id,season,start_date,venue,innings,ball,batting_team,bowling_team,striker,non_striker,bowler,runs_off_bat,extras,wides,noballs,byes,legbyes,penalty,wicket_type,player_dismissed,other_wicket_type,other_player_dismissed
1120287,2017/18,2017-10-16,Sheikh Zayed Stadium,1,0.1,Pakistan,Sri Lanka,Fakhar Zaman,Ahmed Shehzad,RAS Lakmal,0,1,1,,,,,,,,
1120287,2017/18,2017-10-16,Sheikh Zayed Stadium,1,0.2,Pakistan,Sri Lanka,Fakhar Zaman,Ahmed Shehzad,RAS Lakmal,0,0,,,,,,,,,
1120287,2017/18,2017-10-16,Sheikh Zayed Stadium,1,0.3,Pakistan,Sri Lanka,Fakhar Zaman,Ahmed Shehzad,RAS Lakmal,0,1,,,,1,,,,,
1120287,2017/18,2017-10-16,Sheikh Zayed Stadium,1,0.4,Pakistan,Sri Lanka,Ahmed Shehzad,Fakhar Zaman,RAS Lakmal,0,0,,,,,,,,,
1120287,2017/18,2017-10-16,Sheikh Zayed Stadium,1,0.5,Pakistan,Sri Lanka,Ahmed Shehzad,Fakhar Zaman,RAS Lakmal,0,0,,,,,,,,,
1120287,2017/18,2017-10-16,Sheikh Zayed Stadium,1,0.6,Pakistan,Sri Lanka,Ahmed Shehzad,Fakhar Zaman,RAS Lakmal,0,0,,,,,,,,,
1120287,2017/18,2017-10-16,Sheikh Zayed Stadium,1,0.7,Pakistan,Sri Lanka,Ahmed Shehzad,Fakhar Zaman,RAS Lakmal,0,0,,,,,,,,,
1120287,2017/18,2017-10-16,Sheikh Zayed Stadium,1,1.1,Pakistan,Sri Lanka,Fakhar Zaman,Ahmed Shehzad,PLS Gamage,0,0,,,,,,,,,
1120287,2017/18,2017-10-16,Sheikh Zayed Stadium,1,1.2,Pakistan,Sri Lanka,Fakhar Zaman,Ahmed Shehzad,PLS Gamage,0,0,,,,,,,,,
1120287,2017/18,2017-10-16,Sheikh Zayed Stadium,1,1.3,Pakistan,Sri Lanka,Fakhar Zaman,Ahmed Shehzad,PLS Gamage,0,0,,,,,,,,,
1120287,2017/18,2017-10-16,Sheikh Zayed Stadium,1,1.4,Pakistan,Sri Lanka,Fakhar Zaman,Ahmed Shehzad,PLS Gamage,0,0,,,,,,,,,
1120287,2017/18,2017-10-16,Sheikh Zayed Stadium,1,1.5,Pakistan,Sri Lanka,Fakhar Zaman,Ahmed Shehzad,PLS Gamage,2,0,,,,,,,,,
1120287,2017/18,2017-10-16,Sheikh Zayed Stadium,1,1.6,Pakistan,Sri Lanka,Fakhar Zaman,Ahmed Shehzad,PLS Gamage,1,0,,,,,,,,,
1120287,2017/18,2017-10-16,Sheikh Zayed Stadium,1,2.1,Pakistan,Sri Lanka,Fakhar Zaman,Ahmed Shehzad,RAS Lakmal,4,0,,,,,,,,,
1120287,2017/18,2017-10-16,Sheikh Zayed Stadium,1,2.2,Pakistan,Sri Lanka,Fakhar Zaman,Ahmed Shehzad,RAS Lakmal,0,1,1,,,,,,,,
1120287,2017/18,2017-10-16,Sheikh Zayed Stadium,1,2.3,Pakistan,Sri Lanka,Fakhar Zaman,Ahmed Shehzad,RAS Lakmal,0,0,,,,,,,,,
1120287,2017/18,2017-10-16,Sheikh Zayed Stadium,1,2.4,Pakistan,Sri Lanka,Fakhar Zaman,Ahmed Shehzad,RAS Lakmal,0,1,,,,1,,,,,
1120287,2017/18,2017-10-16,Sheikh Zayed Stadium,1,2.5,Pakistan,Sri Lanka,Ahmed Shehzad,Fakhar Zaman,RAS Lakmal,0,0,,,,,,,,,
1120287,2017/18,2017-10-16,Sheikh Zayed Stadium,1,2.6,Pakistan,Sri Lanka,Ahmed Shehzad,Fakhar Zaman,RAS Lakmal,1,0,,,,,,,,,
1120287,2017/18,2017-10-16,Sheikh Zayed Stadium,1,2.7,Pakistan,Sri Lanka,Fakhar Zaman,Ahmed Shehzad,RAS Lakmal,4,0,,,,,,,,,
1120287,2017/18,2017-10-16,Sheikh Zayed Stadium,1,3.1,Pakistan,Sri Lanka,Ahmed Shehzad,Fakhar Zaman,PLS Gamage,0,0,,,,,,,,,
1120287,2017/18,2017-10-16,Sheikh Zayed Stadium,1,3.2,Pakistan,Sri Lanka,Ahmed Shehzad,Fakhar Zaman,PLS Gamage,1,0,,,,,,,,,
1120287,2017/18,2017-10-16,Sheikh Zayed Stadium,1,3.3,Pakistan,Sri Lanka,Fakhar Zaman,Ahmed Shehzad,PLS Gamage,0,0,,,,,,caught,Fakhar Zaman,,
1120287,2017/18,2017-10-16,Sheikh Zayed Stadium,1,3.4,Pakistan,Sri Lanka,Babar Azam,Ahmed Shehzad,PLS Gamage,0,0,,,,,,,,,
1120287,2017/18,2017-10-16,Sheikh Zayed Stadium,1,3.5,Pakistan,Sri Lanka,Babar Azam,Ahmed Shehzad,PLS Gamage,0,0,,,,,,,,,
1120287,2017/18,2017-10-16,Sheikh Zayed Stadium,1,3.6,Pakistan,Sri Lanka,Babar Azam,Ahmed Shehzad,PLS Gamage,0,0,,,,,,,,,
1120287,2017/18,2017-10-16,Sheikh Zayed Stadium,1,4.1,Pakistan,Sri Lanka,Ahmed Shehzad,Babar Azam,RAS Lakmal,0,0,,,,,,,,,
1120287,2017/18,2017-10-16,Sheikh Zayed Stadium,1,4.2,Pakistan,Sri Lanka,Ahmed Shehzad,Babar Azam,RAS Lakmal,0,0,,,,,,,,,
1120287,2017/18,2017-10-16,Sheikh Zayed Stadium,1,4.3,Pakistan,Sri Lanka,Ahmed Shehzad,Babar Azam,RAS Lakmal,0,0,,,,,,,,,
1120287,2017/18,2017-10-16,Sheikh Zayed Stadium,1,4.4,Pakistan,Sri Lanka,Ahmed Shehzad,Babar Azam,RAS Lakmal,1,0,,,,,,,,,
1120287,2017/18,2017-10-16,Sheikh Zayed Stadium,1,4.5,Pakistan,Sri Lanka,Babar Azam,Ahmed Shehzad,RAS Lakmal,0,0,,,,,,,,,
1120287,2017/18,2017-10-16,Sheikh Zayed Stadium,1,4.6,Pakistan,Sri Lanka,Babar Azam,Ahmed Shehzad,RAS Lakmal,0,0,,,,,,,,,
1120287,2017/18,2017-10-16,Sheikh Zayed Stadium,1,5.1,Pakistan,Sri Lanka,Ahmed Shehzad,Babar Azam,PLS Gamage,2,0,,,,,,,,,
1120287,2017/18,2017-10-16,Sheikh Zayed Stadium,1,5.2,Pakistan,Sri Lanka,Ahmed Shehzad,Babar Azam,PLS Gamage,1,0,,,,,,,,,
1120287,2017/18,2017-10-16,Sheikh Zayed Stadium,1,5.3,Pakistan,Sri Lanka,Babar Azam,Ahmed Shehzad,PLS Gamage,0,0,,,,,,,,,
1120287,2017/18,2017-10-16,Sheikh Zayed Stadium,1,5.4,Pakistan,Sri Lanka,Babar Azam,Ahmed Shehzad,PLS Gamage,0,0,,,,,,,,,
1120287,2017/18,2017-10-16,Sheikh Zayed Stadium,1,5.5,Pakistan,Sri Lanka,Babar Azam,Ahmed Shehzad,PLS Gamage,4,0,,,,,,,,,
1120287,2017/18,2017-10-16,Sheikh Zayed Stadium,1,5.6,Pakistan,Sri Lanka,Babar Azam,Ahmed Shehzad,PLS Gamage,0,0,,,,,,,,,
1120287,2017/18,2017-10-16,Sheikh Zayed Stadium,1,6.1,Pakistan,Sri Lanka,Ahmed Shehzad,Babar Azam,RAS Lakmal,2,0,,,,,,,,,
1120287,2017/18,2017-10-16,Sheikh Zayed Stadium,1,6.2,Pakistan,Sri Lanka,Ahmed Shehzad,Babar Azam,RAS Lakmal,0,0,,,,,,,,,
1120287,2017/18,2017-10-16,Sheikh Zayed Stadium,1,6.3,Pakistan,Sri Lanka,Ahmed Shehzad,Babar Azam,RAS Lakmal,0,0,,,,,,caught,Ahmed Shehzad,,
1120287,2017/18,2017-10-16,Sheikh Zayed Stadium,1,6.4,Pakistan,Sri Lanka,Mohammad Hafeez,Babar Azam,RAS Lakmal,0,0,,,,,,,,,
1120287,2017/18,2017-10-16,Sheikh Zayed Stadium,1,6.5,Pakistan,Sri Lanka,Mohammad Hafeez,Babar Azam,RAS Lakmal,0,0,,,,,,,,,
1120287,2017/18,2017-10-16,Sheikh Zayed Stadium,1,6.6,Pakistan,Sri Lanka,Mohammad Hafeez,Babar Azam,RAS Lakmal,0,0,,,,,,,,,
1120287,2017/18,2017-10-16,Sheikh Zayed Stadium,1,7.1,Pakistan,Sri Lanka,Babar Azam,Mohammad Hafeez,PLS Gamage,0,0,,,,,,,,,
1120287,2017/18,2017-10-16,Sheikh Zayed Stadium,1,7.2,Pakistan,Sri Lanka,Babar Azam,Mohammad Hafeez,PLS Gamage,0,0,,,,,,,,,
1120287,2017/18,2017-10-16,Sheikh Zayed Stadium,1,7.3,Pakistan,Sri Lanka,Babar Azam,Mohammad Hafeez,PLS Gamage,0,0,,,,,,,,,
1120287,2017/18,2017-10-16,Sheikh Zayed Stadium,1,7.4,Pakistan,Sri Lanka,Babar Azam,Mohammad Hafeez,PLS Gamage,0,0,,,,,,,,,
1120287,2017/18,2017-10-16,Sheikh Zayed Stadium,1,7.5,Pakistan,Sri Lanka,Babar Azam,Mohammad Hafeez,PLS Gamage,1,0,,,,,,,,,
1120287,2017/18,2017-10-16,Sheikh Zayed Stadium,1,7.6,Pakistan,Sri Lanka,Mohammad Hafeez,Babar Azam,PLS Gamage,0,0,,,,,,,,,
1120287,2017/18,2017-10-16,Sheikh Zayed Stadium,1,8.1,Pakistan,Sri Lanka,Babar Azam,Mohammad Hafeez,RAS Lakmal,0,0,,,,,,,,,
1120287,2017/18,2017-10-16,Sheikh Zayed Stadium,1,8.2,Pakistan,Sri Lanka,Babar Azam,Mohammad Hafeez,RAS Lakmal,1,0,,,,,,,,,
1120287,2017/18,2017-10-16,Sheikh Zayed Stadium,1,8.3,Pakistan,Sri Lanka,Mohammad Hafeez,Babar Azam,RAS Lakmal,0,0,,,,,,,,,
1120287,2017/18,2017-10-16,Sheikh Zayed Stadium,1,8.4,Pakistan,Sri Lanka,Mohammad Hafeez,Babar Azam,RAS Lakmal,1,0,,,,,,,,,
1120287,2017/18,2017-10-16,Sheikh Zayed Stadium,1,8.5,Pakistan,Sri Lanka,Babar Azam,Mohammad Hafeez,RAS Lakmal,0,0,,,,,,,,,
1120287,2017/18,2017-10-16,Sheikh Zayed Stadium,1,8.6,Pakistan,Sri Lanka,Babar Azam,Mohammad Hafeez,RAS Lakmal,0,0,,,,,,,,,
1120287,2017/18,2017-10-16,Sheikh Zayed Stadium,1,9.1,Pakistan,Sri Lanka,Mohammad Hafeez,Babar Azam,PLS Gamage,1,0,,,,,,,,,
1120287,2017/18,2017-10-16,Sheikh Zayed Stadium,1,9.2,Pakistan,Sri Lanka,Babar Azam,Mohammad Hafeez,PLS Gamage,3,0,,,,,,,,,
1120287,2017/18,2017-10-16,Sheikh Zayed Stadium,1,9.3,Pakistan,Sri Lanka,Mohammad Hafeez,Babar Azam,PLS Gamage,0,0,,,,,,,,,
1120287,2017/18,2017-10-16,Sheikh Zayed Stadium,1,9.4,Pakistan,Sri Lanka,Mohammad Hafeez,Babar Azam,PLS Gamage,0,0,,,,,,,,,
1120287,2017/18,2017-10-16,Sheikh Zayed Stadium,1,9.5,Pakistan,Sri Lanka,Mohammad Hafeez,Babar Azam,PLS Gamage,6,0,,,,,,,,,
1120287,2017/18,2017-10-16,Sheikh Zayed Stadium,1,9.6,Pakistan,Sri Lanka,Mohammad Hafeez,Babar Azam,PLS Gamage,0,0,,,,,,caught,Mohammad Hafeez,,
1120287,2017/18,2017-10-16,Sheikh Zayed Stadium,1,10.1,Pakistan,Sri Lanka,Babar Azam,Shoaib Malik,RAS Lakmal,0,0,,,,,,,,,
1120287,2017/18,2017-10-16,Sheikh Zayed Stadium,1,10.2,Pakistan,Sri Lanka,Babar Azam,Shoaib Malik,RAS Lakmal,0,0,,,,,,,,,
1120287,2017/18,2017-10-16,Sheikh Zayed Stadium,1,10.3,Pakistan,Sri Lanka,Babar Azam,Shoaib Malik,RAS Lakmal,0,0,,,,,,,,,
1120287,2017/18,2017-10-16,Sheikh Zayed Stadium,1,10.4,Pakistan,Sri Lanka,Babar Azam,Shoaib Malik,RAS Lakmal,1,0,,,,,,,,,
1120287,2017/18,2017-10-16,Sheikh Zayed Stadium,1,10.5,Pakistan,Sri Lanka,Shoaib Malik,Babar Azam,RAS Lakmal,0,0,,,,,,,,,
1120287,2017/18,2017-10-16,Sheikh Zayed Stadium,1,10.6,Pakistan,Sri Lanka,Shoaib Malik,Babar Azam,RAS Lakmal,0,0,,,,,,,,,
1120287,2017/18,2017-10-16,Sheikh Zayed Stadium,1,11.1,Pakistan,Sri Lanka,Babar Azam,Shoaib Malik,PLS Gamage,0,0,,,,,,,,,
1120287,2017/18,2017-10-16,Sheikh Zayed Stadium,1,11.2,Pakistan,Sri Lanka,Babar Azam,Shoaib Malik,PLS Gamage,0,0,,,,,,,,,
1120287,2017/18,2017-10-16,Sheikh Zayed Stadium,1,11.3,Pakistan,Sri Lanka,Babar Azam,Shoaib Malik,PLS Gamage,0,1,1,,,,,,,,
1120287,2017/18,2017-10-16,Sheikh Zayed Stadium,1,11.4,Pakistan,Sri Lanka,Babar Azam,Shoaib Malik,PLS Gamage,4,0,,,,,,,,,
1120287,2017/18,2017-10-16,Sheikh Zayed Stadium,1,11.5,Pakistan,Sri Lanka,Babar Azam,Shoaib Malik,PLS Gamage,2,0,,,,,,,,,
1120287,2017/18,2017-10-16,Sheikh Zayed Stadium,1,11.6,Pakistan,Sri Lanka,Babar Azam,Shoaib Malik,PLS Gamage,0,0,,,,,,,,,
1120287,2017/18,2017-10-16,Sheikh Zayed Stadium,1,11.7,Pakistan,Sri Lanka,Babar Azam,Shoaib Malik,PLS Gamage,0,0,,,,,,,,,
1120287,2017/18,2017-10-16,Sheikh Zayed Stadium,1,12.1,Pakistan,Sri Lanka,Shoaib Malik,Babar Azam,JDF Vandersay,1,0,,,,,,,,,
1120287,2017/18,2017-10-16,Sheikh Zayed Stadium,1,12.2,Pakistan,Sri Lanka,Babar Azam,Shoaib Malik,JDF Vandersay,1,0,,,,,,,,,
1120287,2017/18,2017-10-16,Sheikh Zayed Stadium,1,12.3,Pakistan,Sri Lanka,Shoaib Malik,Babar Azam,JDF Vandersay,1,0,,,,,,,,,
1120287,2017/18,2017-10-16,Sheikh Zayed Stadium,1,12.4,Pakistan,Sri Lanka,Babar Azam,Shoaib Malik,JDF Vandersay,0,0,,,,,,,,,
1120287,2017/18,2017-10-16,Sheikh Zayed Stadium,1,12.5,Pakistan,Sri Lanka,Babar Azam,Shoaib Malik,JDF Vandersay,4,0,,,,,,,,,
1120287,2017/18,2017-10-16,Sheikh Zayed Stadium,1,12.6,Pakistan,Sri Lanka,Babar Azam,Shoaib Malik,JDF Vandersay,0,0,,,,,,,,,
1120287,2017/18,2017-10-16,Sheikh Zayed Stadium,1,13.1,Pakistan,Sri Lanka,Shoaib Malik,Babar Azam,PLS Gamage,0,0,,,,,,,,,
1120287,2017/18,2017-10-16,Sheikh Zayed Stadium,1,13.2,Pakistan,Sri Lanka,Shoaib Malik,Babar Azam,PLS Gamage,0,0,,,,,,,,,
1120287,2017/18,2017-10-16,Sheikh Zayed Stadium,1,13.3,Pakistan,Sri Lanka,Shoaib Malik,Babar Azam,PLS Gamage,0,0,,,,,,,,,
1120287,2017/18,2017-10-16,Sheikh Zayed Stadium,1,13.4,Pakistan,Sri Lanka,Shoaib Malik,Babar Azam,PLS Gamage,1,0,,,,,,,,,
1120287,2017/18,2017-10-16,Sheikh Zayed Stadium,1,13.5,Pakistan,Sri Lanka,Babar Azam,Shoaib Malik,PLS Gamage,1,0,,,,,,,,,
1120287,2017/18,2017-10-16,Sheikh Zayed Stadium,1,13.6,Pakistan,Sri Lanka,Shoaib Malik,Babar Azam,PLS Gamage,1,0,,,,,,,,,
1120287,2017/18,2017-10-16,Sheikh Zayed Stadium,1,14.1,Pakistan,Sri Lanka,Shoaib Malik,Babar Azam,JDF Vandersay,1,0,,,,,,,,,
1120287,2017/18,2017-10-16,Sheikh Zayed Stadium,1,14.2,Pakistan,Sri Lanka,Babar Azam,Shoaib Malik,JDF Vandersay,0,0,,,,,,,,,
1120287,2017/18,2017-10-16,Sheikh Zayed Stadium,1,14.3,Pakistan,Sri Lanka,Babar Azam,Shoaib Malik,JDF Vandersay,1,0,,,,,,,,,
1120287,2017/18,2017-10-16,Sheikh Zayed Stadium,1,14.4,Pakistan,Sri Lanka,Shoaib Malik,Babar Azam,JDF Vandersay,4,0,,,,,,,,,
1120287,2017/18,2017-10-16,Sheikh Zayed Stadium,1,14.5,Pakistan,Sri Lanka,Shoaib Malik,Babar Azam,JDF Vandersay,1,0,,,,,,,,,
1120287,2017/18,2017-10-16,Sheikh Zayed Stadium,1,14.6,Pakistan,Sri Lanka,Babar Azam,Shoaib Malik,JDF Vandersay,1,0,,,,,,,,,
1120287,2017/18,2017-10-16,Sheikh Zayed Stadium,1,15.1,Pakistan,Sri Lanka,Babar Azam,Shoaib Malik,NLTC Perera,0,0,,,,,,,,,
1120287,2017/18,2017-10-16,Sheikh Zayed Stadium,1,15.2,Pakistan,Sri Lanka,Babar Azam,Shoaib Malik,NLTC Perera,0,0,,,,,,,,,
1120287,2017/18,2017-10-16,Sheikh Zayed Stadium,1,15.3,Pakistan,Sri Lanka,Babar Azam,Shoaib Malik,NLTC Perera,0,0,,,,,,,,,
1120287,2017/18,2017-10-16,Sheikh Zayed Stadium,1,15.4,Pakistan,Sri Lanka,Babar Azam,Shoaib Malik,NLTC Perera,0,0,,,,,,,,,
1120287,2017/18,2017-10-16,Sheikh Zayed Stadium,1,15.5,Pakistan,Sri Lanka,Babar Azam,Shoaib Malik,NLTC Perera,2,0,,,,,,,,,
1120287,2017/18,2017-10-16,Sheikh Zayed Stadium,1,15.6,Pakistan,Sri Lanka,Babar Azam,Shoaib Malik,NLTC Perera,1,0,,,,,,,,,
1120287,2017/18,2017-10-16,Sheikh Zayed Stadium,1,16.1,Pakistan,Sri Lanka,Babar Azam,Shoaib Malik,JDF Vandersay,0,0,,,,,,,,,
1120287,2017/18,2017-10-16,Sheikh Zayed Stadium,1,16.2,Pakistan,Sri Lanka,Babar Azam,Shoaib Malik,JDF Vandersay,0,0,,,,,,,,,
1120287,2017/18,2017-10-16,Sheikh Zayed Stadium,1,16.3,Pakistan,Sri Lanka,Babar Azam,Shoaib Malik,JDF Vandersay,0,0,,,,,,,,,
1120287,2017/18,2017-10-16,Sheikh Zayed Stadium,1,16.4,Pakistan,Sri Lanka,Babar Azam,Shoaib Malik,JDF Vandersay,1,0,,,,,,,,,
1120287,2017/18,2017-10-16,Sheikh Zayed Stadium,1,16.5,Pakistan,Sri Lanka,Shoaib Malik,Babar Azam,JDF Vandersay,0,0,,,,,,,,,
1120287,2017/18,2017-10-16,Sheikh Zayed Stadium,1,16.6,Pakistan,Sri Lanka,Shoaib Malik,Babar Azam,JDF Vandersay,1,0,,,,,,,,,
1120287,2017/18,2017-10-16,Sheikh Zayed Stadium,1,17.1,Pakistan,Sri Lanka,Shoaib Malik,Babar Azam,NLTC Perera,0,0,,,,,,caught,Shoaib Malik,,
1120287,2017/18,2017-10-16,Sheikh Zayed Stadium,1,17.2,Pakistan,Sri Lanka,Sarfraz Ahmed,Babar Azam,NLTC Perera,0,0,,,,,,,,,
1120287,2017/18,2017-10-16,Sheikh Zayed Stadium,1,17.3,Pakistan,Sri Lanka,Sarfraz Ahmed,Babar Azam,NLTC Perera,0,0,,,,,,,,,
1120287,2017/18,2017-10-16,Sheikh Zayed Stadium,1,17.4,Pakistan,Sri Lanka,Sarfraz Ahmed,Babar Azam,NLTC Perera,0,0,,,,,,,,,
1120287,2017/18,2017-10-16,Sheikh Zayed Stadium,1,17.5,Pakistan,Sri Lanka,Sarfraz Ahmed,Babar Azam,NLTC Perera,0,0,,,,,,,,,
1120287,2017/18,2017-10-16,Sheikh Zayed Stadium,1,17.6,Pakistan,Sri Lanka,Sarfraz Ahmed,Babar Azam,NLTC Perera,1,0,,,,,,,,,
1120287,2017/18,2017-10-16,Sheikh Zayed Stadium,1,18.1,Pakistan,Sri Lanka,Sarfraz Ahmed,Babar Azam,JDF Vandersay,1,0,,,,,,,,,
1120287,2017/18,2017-10-16,Sheikh Zayed Stadium,1,18.2,Pakistan,Sri Lanka,Babar Azam,Sarfraz Ahmed,JDF Vandersay,1,0,,,,,,,,,
1120287,2017/18,2017-10-16,Sheikh Zayed Stadium,1,18.3,Pakistan,Sri Lanka,Sarfraz Ahmed,Babar Azam,JDF Vandersay,1,0,,,,,,,,,
1120287,2017/18,2017-10-16,Sheikh Zayed Stadium,1,18.4,Pakistan,Sri Lanka,Babar Azam,Sarfraz Ahmed,JDF Vandersay,1,0,,,,,,,,,
1120287,2017/18,2017-10-16,Sheikh Zayed Stadium,1,18.5,Pakistan,Sri Lanka,Sarfraz Ahmed,Babar Azam,JDF Vandersay,0,0,,,,,,,,,
1120287,2017/18,2017-10-16,Sheikh Zayed Stadium,1,18.6,Pakistan,Sri Lanka,Sarfraz Ahmed,Babar Azam,JDF Vandersay,0,0,,,,,,,,,
1120287,2017/18,2017-10-16,Sheikh Zayed Stadium,1,19.1,Pakistan,Sri Lanka,Babar Azam,Sarfraz Ahmed,NLTC Perera,1,0,,,,,,,,,
1120287,2017/18,2017-10-16,Sheikh Zayed Stadium,1,19.2,Pakistan,Sri Lanka,Sarfraz Ahmed,Babar Azam,NLTC Perera,0,0,,,,,,,,,
1120287,2017/18,2017-10-16,Sheikh Zayed Stadium,1,19.3,Pakistan,Sri Lanka,Sarfraz Ahmed,Babar Azam,NLTC Perera,0,0,,,,,,,,,
1120287,2017/18,2017-10-16,Sheikh Zayed Stadium,1,19.4,Pakistan,Sri Lanka,Sarfraz Ahmed,Babar Azam,NLTC Perera,0,0,,,,,,,,,
1120287,2017/18,2017-10-16,Sheikh Zayed Stadium,1,19.5,Pakistan,Sri Lanka,Sarfraz Ahmed,Babar Azam,NLTC Perera,2,0,,,,,,,,,
1120287,2017/18,2017-10-16,Sheikh Zayed Stadium,1,19.6,Pakistan,Sri Lanka,Sarfraz Ahmed,Babar Azam,NLTC Perera,0,0,,,,,,bowled,Sarfraz Ahmed,,
1120287,2017/18,2017-10-16,Sheikh Zayed Stadium,1,20.1,Pakistan,Sri Lanka,Babar Azam,Imad Wasim,A Dananjaya,1,0,,,,,,,,,
1120287,2017/18,2017-10-16,Sheikh Zayed Stadium,1,20.2,Pakistan,Sri Lanka,Imad Wasim,Babar Azam,A Dananjaya,0,0,,,,,,,,,
1120287,2017/18,2017-10-16,Sheikh Zayed Stadium,1,20.3,Pakistan,Sri Lanka,Imad Wasim,Babar Azam,A Dananjaya,0,0,,,,,,,,,
1120287,2017/18,2017-10-16,Sheikh Zayed Stadium,1,20.4,Pakistan,Sri Lanka,Imad Wasim,Babar Azam,A Dananjaya,0,0,,,,,,,,,
1120287,2017/18,2017-10-16,Sheikh Zayed Stadium,1,20.5,Pakistan,Sri Lanka,Imad Wasim,Babar Azam,A Dananjaya,0,0,,,,,,,,,
1120287,2017/18,2017-10-16,Sheikh Zayed Stadium,1,20.6,Pakistan,Sri Lanka,Imad Wasim,Babar Azam,A Dananjaya,0,0,,,,,,,,,
1120287,2017/18,2017-10-16,Sheikh Zayed Stadium,1,21.1,Pakistan,Sri Lanka,Babar Azam,Imad Wasim,NLTC Perera,1,0,,,,,,,,,
1120287,2017/18,2017-10-16,Sheikh Zayed Stadium,1,21.2,Pakistan,Sri Lanka,Imad Wasim,Babar Azam,NLTC Perera,0,0,,,,,,,,,
1120287,2017/18,2017-10-16,Sheikh Zayed Stadium,1,21.3,Pakistan,Sri Lanka,Imad Wasim,Babar Azam,NLTC Perera,0,0,,,,,,,,,
1120287,2017/18,2017-10-16,Sheikh Zayed Stadium,1,21.4,Pakistan,Sri Lanka,Imad Wasim,Babar Azam,NLTC Perera,0,0,,,,,,,,,
1120287,2017/18,2017-10-16,Sheikh Zayed Stadium,1,21.5,Pakistan,Sri Lanka,Imad Wasim,Babar Azam,NLTC Perera,1,0,,,,,,,,,
1120287,2017/18,2017-10-16,Sheikh Zayed Stadium,1,21.6,Pakistan,Sri Lanka,Babar Azam,Imad Wasim,NLTC Perera,1,0,,,,,,,,,
1120287,2017/18,2017-10-16,Sheikh Zayed Stadium,1,22.1,Pakistan,Sri Lanka,Babar Azam,Imad Wasim,A Dananjaya,0,0,,,,,,,,,
1120287,2017/18,2017-10-16,Sheikh Zayed Stadium,1,22.2,Pakistan,Sri Lanka,Babar Azam,Imad Wasim,A Dananjaya,0,0,,,,,,,,,
1120287,2017/18,2017-10-16,Sheikh Zayed Stadium,1,22.3,Pakistan,Sri Lanka,Babar Azam,Imad Wasim,A Dananjaya,0,0,,,,,,,,,
1120287,2017/18,2017-10-16,Sheikh Zayed Stadium,1,22.4,Pakistan,Sri Lanka,Babar Azam,Imad Wasim,A Dananjaya,0,0,,,,,,,,,
1120287,2017/18,2017-10-16,Sheikh Zayed Stadium,1,22.5,Pakistan,Sri Lanka,Babar Azam,Imad Wasim,A Dananjaya,1,0,,,,,,,,,
1120287,2017/18,2017-10-16,Sheikh Zayed Stadium,1,22.6,Pakistan,Sri Lanka,Imad Wasim,Babar Azam,A Dananjaya,0,0,,,,,,,,,
1120287,2017/18,2017-10-16,Sheikh Zayed Stadium,1,23.1,Pakistan,Sri Lanka,Babar Azam,Imad Wasim,NLTC Perera,0,0,,,,,,,,,
1120287,2017/18,2017-10-16,Sheikh Zayed Stadium,1,23.2,Pakistan,Sri Lanka,Babar Azam,Imad Wasim,NLTC Perera,0,0,,,,,,,,,
1120287,2017/18,2017-10-16,Sheikh Zayed Stadium,1,23.3,Pakistan,Sri Lanka,Babar Azam,Imad Wasim,NLTC Perera,0,0,,,,,,,,,
1120287,2017/18,2017-10-16,Sheikh Zayed Stadium,1,23.4,Pakistan,Sri Lanka,Babar Azam,Imad Wasim,NLTC Perera,1,0,,,,,,,,,
1120287,2017/18,2017-10-16,Sheikh Zayed Stadium,1,23.5,Pakistan,Sri Lanka,Imad Wasim,Babar Azam,NLTC Perera,0,0,,,,,,,,,
1120287,2017/18,2017-10-16,Sheikh Zayed Stadium,1,23.6,Pakistan,Sri Lanka,Imad Wasim,Babar Azam,NLTC Perera,1,0,,,,,,,,,
1120287,2017/18,2017-10-16,Sheikh Zayed Stadium,1,24.1,Pakistan,Sri Lanka,Imad Wasim,Babar Azam,A Dananjaya,0,0,,,,,,,,,
1120287,2017/18,2017-10-16,Sheikh Zayed Stadium,1,24.2,Pakistan,Sri Lanka,Imad Wasim,Babar Azam,A Dananjaya,0,0,,,,,,,,,
1120287,2017/18,2017-10-16,Sheikh Zayed Stadium,1,24.3,Pakistan,Sri Lanka,Imad Wasim,Babar Azam,A Dananjaya,0,0,,,,,,,,,
1120287,2017/18,2017-10-16,Sheikh Zayed Stadium,1,24.4,Pakistan,Sri Lanka,Imad Wasim,Babar Azam,A Dananjaya,1,0,,,,,,,,,
1120287,2017/18,2017-10-16,Sheikh Zayed Stadium,1,24.5,Pakistan,Sri Lanka,Babar Azam,Imad Wasim,A Dananjaya,1,0,,,,,,,,,
1120287,2017/18,2017-10-16,Sheikh Zayed Stadium,1,24.6,Pakistan,Sri Lanka,Imad Wasim,Babar Azam,A Dananjaya,1,0,,,,,,,,,
1120287,2017/18,2017-10-16,Sheikh Zayed Stadium,1,25.1,Pakistan,Sri Lanka,Imad Wasim,Babar Azam,NLTC Perera,0,0,,,,,,,,,
1120287,2017/18,2017-10-16,Sheikh Zayed Stadium,1,25.2,Pakistan,Sri Lanka,Imad Wasim,Babar Azam,NLTC Perera,1,0,,,,,,,,,
1120287,2017/18,2017-10-16,Sheikh Zayed Stadium,1,25.3,Pakistan,Sri Lanka,Babar Azam,Imad Wasim,NLTC Perera,1,0,,,,,,,,,
1120287,2017/18,2017-10-16,Sheikh Zayed Stadium,1,25.4,Pakistan,Sri Lanka,Imad Wasim,Babar Azam,NLTC Perera,1,0,,,,,,,,,
1120287,2017/18,2017-10-16,Sheikh Zayed Stadium,1,25.5,Pakistan,Sri Lanka,Babar Azam,Imad Wasim,NLTC Perera,1,0,,,,,,,,,
1120287,2017/18,2017-10-16,Sheikh Zayed Stadium,1,25.6,Pakistan,Sri Lanka,Imad Wasim,Babar Azam,NLTC Perera,1,0,,,,,,,,,
1120287,2017/18,2017-10-16,Sheikh Zayed Stadium,1,26.1,Pakistan,Sri Lanka,Imad Wasim,Babar Azam,A Dananjaya,1,0,,,,,,,,,
1120287,2017/18,2017-10-16,Sheikh Zayed Stadium,1,26.2,Pakistan,Sri Lanka,Babar Azam,Imad Wasim,A Dananjaya,1,0,,,,,,,,,
1120287,2017/18,2017-10-16,Sheikh Zayed Stadium,1,26.3,Pakistan,Sri Lanka,Imad Wasim,Babar Azam,A Dananjaya,1,0,,,,,,,,,
1120287,2017/18,2017-10-16,Sheikh Zayed Stadium,1,26.4,Pakistan,Sri Lanka,Babar Azam,Imad Wasim,A Dananjaya,1,0,,,,,,,,,
1120287,2017/18,2017-10-16,Sheikh Zayed Stadium,1,26.5,Pakistan,Sri Lanka,Imad Wasim,Babar Azam,A Dananjaya,1,0,,,,,,,,,
1120287,2017/18,2017-10-16,Sheikh Zayed Stadium,1,26.6,Pakistan,Sri Lanka,Babar Azam,Imad Wasim,A Dananjaya,1,0,,,,,,,,,
1120287,2017/18,2017-10-16,Sheikh Zayed Stadium,1,27.1,Pakistan,Sri Lanka,Babar Azam,Imad Wasim,JDF Vandersay,1,0,,,,,,,,,
1120287,2017/18,2017-10-16,Sheikh Zayed Stadium,1,27.2,Pakistan,Sri Lanka,Imad Wasim,Babar Azam,JDF Vandersay,0,0,,,,,,,,,
1120287,2017/18,2017-10-16,Sheikh Zayed Stadium,1,27.3,Pakistan,Sri Lanka,Imad Wasim,Babar Azam,JDF Vandersay,0,0,,,,,,lbw,Imad Wasim,,
1120287,2017/18,2017-10-16,Sheikh Zayed Stadium,1,27.4,Pakistan,Sri Lanka,Shadab Khan,Babar Azam,JDF Vandersay,1,0,,,,,,,,,
1120287,2017/18,2017-10-16,Sheikh Zayed Stadium,1,27.5,Pakistan,Sri Lanka,Babar Azam,Shadab Khan,JDF Vandersay,0,0,,,,,,,,,
1120287,2017/18,2017-10-16,Sheikh Zayed Stadium,1,27.6,Pakistan,Sri Lanka,Babar Azam,Shadab Khan,JDF Vandersay,0,0,,,,,,,,,
1120287,2017/18,2017-10-16,Sheikh Zayed Stadium,1,28.1,Pakistan,Sri Lanka,Shadab Khan,Babar Azam,A Dananjaya,0,0,,,,,,,,,
1120287,2017/18,2017-10-16,Sheikh Zayed Stadium,1,28.2,Pakistan,Sri Lanka,Shadab Khan,Babar Azam,A Dananjaya,0,0,,,,,,,,,
1120287,2017/18,2017-10-16,Sheikh Zayed Stadium,1,28.3,Pakistan,Sri Lanka,Shadab Khan,Babar Azam,A Dananjaya,0,0,,,,,,,,,
1120287,2017/18,2017-10-16,Sheikh Zayed Stadium,1,28.4,Pakistan,Sri Lanka,Shadab Khan,Babar Azam,A Dananjaya,1,0,,,,,,,,,
1120287,2017/18,2017-10-16,Sheikh Zayed Stadium,1,28.5,Pakistan,Sri Lanka,Babar Azam,Shadab Khan,A Dananjaya,1,0,,,,,,,,,
1120287,2017/18,2017-10-16,Sheikh Zayed Stadium,1,28.6,Pakistan,Sri Lanka,Shadab Khan,Babar Azam,A Dananjaya,0,0,,,,,,,,,
1120287,2017/18,2017-10-16,Sheikh Zayed Stadium,1,29.1,Pakistan,Sri Lanka,Babar Azam,Shadab Khan,JDF Vandersay,1,0,,,,,,,,,
1120287,2017/18,2017-10-16,Sheikh Zayed Stadium,1,29.2,Pakistan,Sri Lanka,Shadab Khan,Babar Azam,JDF Vandersay,0,0,,,,,,,,,
1120287,2017/18,2017-10-16,Sheikh Zayed Stadium,1,29.3,Pakistan,Sri Lanka,Shadab Khan,Babar Azam,JDF Vandersay,0,0,,,,,,,,,
1120287,2017/18,2017-10-16,Sheikh Zayed Stadium,1,29.4,Pakistan,Sri Lanka,Shadab Khan,Babar Azam,JDF Vandersay,1,0,,,,,,,,,
1120287,2017/18,2017-10-16,Sheikh Zayed Stadium,1,29.5,Pakistan,Sri Lanka,Babar Azam,Shadab Khan,JDF Vandersay,0,0,,,,,,,,,
1120287,2017/18,2017-10-16,Sheikh Zayed Stadium,1,29.6,Pakistan,Sri Lanka,Babar Azam,Shadab Khan,JDF Vandersay,1,0,,,,,,,,,
1120287,2017/18,2017-10-16,Sheikh Zayed Stadium,1,30.1,Pakistan,Sri Lanka,Babar Azam,Shadab Khan,A Dananjaya,0,0,,,,,,,,,
1120287,2017/18,2017-10-16,Sheikh Zayed Stadium,1,30.2,Pakistan,Sri Lanka,Babar Azam,Shadab Khan,A Dananjaya,1,0,,,,,,,,,
1120287,2017/18,2017-10-16,Sheikh Zayed Stadium,1,30.3,Pakistan,Sri Lanka,Shadab Khan,Babar Azam,A Dananjaya,0,0,,,,,,,,,
1120287,2017/18,2017-10-16,Sheikh Zayed Stadium,1,30.4,Pakistan,Sri Lanka,Shadab Khan,Babar Azam,A Dananjaya,0,0,,,,,,,,,
1120287,2017/18,2017-10-16,Sheikh Zayed Stadium,1,30.5,Pakistan,Sri Lanka,Shadab Khan,Babar Azam,A Dananjaya,0,0,,,,,,,,,
1120287,2017/18,2017-10-16,Sheikh Zayed Stadium,1,30.6,Pakistan,Sri Lanka,Shadab Khan,Babar Azam,A Dananjaya,2,0,,,,,,,,,
1120287,2017/18,2017-10-16,Sheikh Zayed Stadium,1,31.1,Pakistan,Sri Lanka,Babar Azam,Shadab Khan,JDF Vandersay,2,0,,,,,,,,,
1120287,2017/18,2017-10-16,Sheikh Zayed Stadium,1,31.2,Pakistan,Sri Lanka,Babar Azam,Shadab Khan,JDF Vandersay,0,0,,,,,,,,,
1120287,2017/18,2017-10-16,Sheikh Zayed Stadium,1,31.3,Pakistan,Sri Lanka,Babar Azam,Shadab Khan,JDF Vandersay,0,0,,,,,,,,,
1120287,2017/18,2017-10-16,Sheikh Zayed Stadium,1,31.4,Pakistan,Sri Lanka,Babar Azam,Shadab Khan,JDF Vandersay,0,0,,,,,,,,,
1120287,2017/18,2017-10-16,Sheikh Zayed Stadium,1,31.5,Pakistan,Sri Lanka,Babar Azam,Shadab Khan,JDF Vandersay,1,0,,,,,,,,,
1120287,2017/18,2017-10-16,Sheikh Zayed Stadium,1,31.6,Pakistan,Sri Lanka,Shadab Khan,Babar Azam,JDF Vandersay,0,0,,,,,,,,,
1120287,2017/18,2017-10-16,Sheikh Zayed Stadium,1,32.1,Pakistan,Sri Lanka,Babar Azam,Shadab Khan,A Dananjaya,1,0,,,,,,,,,
1120287,2017/18,2017-10-16,Sheikh Zayed Stadium,1,32.2,Pakistan,Sri Lanka,Shadab Khan,Babar Azam,A Dananjaya,1,0,,,,,,,,,
1120287,2017/18,2017-10-16,Sheikh Zayed Stadium,1,32.3,Pakistan,Sri Lanka,Babar Azam,Shadab Khan,A Dananjaya,0,0,,,,,,,,,
1120287,2017/18,2017-10-16,Sheikh Zayed Stadium,1,32.4,Pakistan,Sri Lanka,Babar Azam,Shadab Khan,A Dananjaya,1,0,,,,,,,,,
1120287,2017/18,2017-10-16,Sheikh Zayed Stadium,1,32.5,Pakistan,Sri Lanka,Shadab Khan,Babar Azam,A Dananjaya,0,0,,,,,,,,,
1120287,2017/18,2017-10-16,Sheikh Zayed Stadium,1,32.6,Pakistan,Sri Lanka,Shadab Khan,Babar Azam,A Dananjaya,0,0,,,,,,,,,
1120287,2017/18,2017-10-16,Sheikh Zayed Stadium,1,33.1,Pakistan,Sri Lanka,Babar Azam,Shadab Khan,JDF Vandersay,4,0,,,,,,,,,
1120287,2017/18,2017-10-16,Sheikh Zayed Stadium,1,33.2,Pakistan,Sri Lanka,Babar Azam,Shadab Khan,JDF Vandersay,1,0,,,,,,,,,
1120287,2017/18,2017-10-16,Sheikh Zayed Stadium,1,33.3,Pakistan,Sri Lanka,Shadab Khan,Babar Azam,JDF Vandersay,0,0,,,,,,,,,
1120287,2017/18,2017-10-16,Sheikh Zayed Stadium,1,33.4,Pakistan,Sri Lanka,Shadab Khan,Babar Azam,JDF Vandersay,0,0,,,,,,,,,
1120287,2017/18,2017-10-16,Sheikh Zayed Stadium,1,33.5,Pakistan,Sri Lanka,Shadab Khan,Babar Azam,JDF Vandersay,1,0,,,,,,,,,
1120287,2017/18,2017-10-16,Sheikh Zayed Stadium,1,33.6,Pakistan,Sri Lanka,Babar Azam,Shadab Khan,JDF Vandersay,1,0,,,,,,,,,
1120287,2017/18,2017-10-16,Sheikh Zayed Stadium,1,34.1,Pakistan,Sri Lanka,Babar Azam,Shadab Khan,RAS Lakmal,1,0,,,,,,,,,
1120287,2017/18,2017-10-16,Sheikh Zayed Stadium,1,34.2,Pakistan,Sri Lanka,Shadab Khan,Babar Azam,RAS Lakmal,1,0,,,,,,,,,
1120287,2017/18,2017-10-16,Sheikh Zayed Stadium,1,34.3,Pakistan,Sri Lanka,Babar Azam,Shadab Khan,RAS Lakmal,0,0,,,,,,,,,
1120287,2017/18,2017-10-16,Sheikh Zayed Stadium,1,34.4,Pakistan,Sri Lanka,Babar Azam,Shadab Khan,RAS Lakmal,1,0,,,,,,,,,
1120287,2017/18,2017-10-16,Sheikh Zayed Stadium,1,34.5,Pakistan,Sri Lanka,Shadab Khan,Babar Azam,RAS Lakmal,2,0,,,,,,,,,
1120287,2017/18,2017-10-16,Sheikh Zayed Stadium,1,34.6,Pakistan,Sri Lanka,Shadab Khan,Babar Azam,RAS Lakmal,0,0,,,,,,,,,
1120287,2017/18,2017-10-16,Sheikh Zayed Stadium,1,35.1,Pakistan,Sri Lanka,Babar Azam,Shadab Khan,JDF Vandersay,4,0,,,,,,,,,
1120287,2017/18,2017-10-16,Sheikh Zayed Stadium,1,35.2,Pakistan,Sri Lanka,Babar Azam,Shadab Khan,JDF Vandersay,1,0,,,,,,,,,
1120287,2017/18,2017-10-16,Sheikh Zayed Stadium,1,35.3,Pakistan,Sri Lanka,Shadab Khan,Babar Azam,JDF Vandersay,1,0,,,,,,,,,
1120287,2017/18,2017-10-16,Sheikh Zayed Stadium,1,35.4,Pakistan,Sri Lanka,Babar Azam,Shadab Khan,JDF Vandersay,1,0,,,,,,,,,
1120287,2017/18,2017-10-16,Sheikh Zayed Stadium,1,35.5,Pakistan,Sri Lanka,Shadab Khan,Babar Azam,JDF Vandersay,1,0,,,,,,,,,
1120287,2017/18,2017-10-16,Sheikh Zayed Stadium,1,35.6,Pakistan,Sri Lanka,Babar Azam,Shadab Khan,JDF Vandersay,0,0,,,,,,,,,
1120287,2017/18,2017-10-16,Sheikh Zayed Stadium,1,36.1,Pakistan,Sri Lanka,Shadab Khan,Babar Azam,RAS Lakmal,1,0,,,,,,,,,
1120287,2017/18,2017-10-16,Sheikh Zayed Stadium,1,36.2,Pakistan,Sri Lanka,Babar Azam,Shadab Khan,RAS Lakmal,0,0,,,,,,,,,
1120287,2017/18,2017-10-16,Sheikh Zayed Stadium,1,36.3,Pakistan,Sri Lanka,Babar Azam,Shadab Khan,RAS Lakmal,2,0,,,,,,,,,
1120287,2017/18,2017-10-16,Sheikh Zayed Stadium,1,36.4,Pakistan,Sri Lanka,Babar Azam,Shadab Khan,RAS Lakmal,1,0,,,,,,,,,
1120287,2017/18,2017-10-16,Sheikh Zayed Stadium,1,36.5,Pakistan,Sri Lanka,Shadab Khan,Babar Azam,RAS Lakmal,0,0,,,,,,,,,
1120287,2017/18,2017-10-16,Sheikh Zayed Stadium,1,36.6,Pakistan,Sri Lanka,Shadab Khan,Babar Azam,RAS Lakmal,0,0,,,,,,,,,
1120287,2017/18,2017-10-16,Sheikh Zayed Stadium,1,37.1,Pakistan,Sri Lanka,Babar Azam,Shadab Khan,TAM Siriwardana,1,0,,,,,,,,,
1120287,2017/18,2017-10-16,Sheikh Zayed Stadium,1,37.2,Pakistan,Sri Lanka,Shadab Khan,Babar Azam,TAM Siriwardana,1,0,,,,,,,,,
1120287,2017/18,2017-10-16,Sheikh Zayed Stadium,1,37.3,Pakistan,Sri Lanka,Babar Azam,Shadab Khan,TAM Siriwardana,1,0,,,,,,,,,
1120287,2017/18,2017-10-16,Sheikh Zayed Stadium,1,37.4,Pakistan,Sri Lanka,Shadab Khan,Babar Azam,TAM Siriwardana,0,0,,,,,,,,,
1120287,2017/18,2017-10-16,Sheikh Zayed Stadium,1,37.5,Pakistan,Sri Lanka,Shadab Khan,Babar Azam,TAM Siriwardana,0,0,,,,,,,,,
1120287,2017/18,2017-10-16,Sheikh Zayed Stadium,1,37.6,Pakistan,Sri Lanka,Shadab Khan,Babar Azam,TAM Siriwardana,0,0,,,,,,,,,
1120287,2017/18,2017-10-16,Sheikh Zayed Stadium,1,38.1,Pakistan,Sri Lanka,Babar Azam,Shadab Khan,NLTC Perera,0,0,,,,,,,,,
1120287,2017/18,2017-10-16,Sheikh Zayed Stadium,1,38.2,Pakistan,Sri Lanka,Babar Azam,Shadab Khan,NLTC Perera,0,0,,,,,,,,,
1120287,2017/18,2017-10-16,Sheikh Zayed Stadium,1,38.3,Pakistan,Sri Lanka,Babar Azam,Shadab Khan,NLTC Perera,0,0,,,,,,,,,
1120287,2017/18,2017-10-16,Sheikh Zayed Stadium,1,38.4,Pakistan,Sri Lanka,Babar Azam,Shadab Khan,NLTC Perera,0,0,,,,,,,,,
1120287,2017/18,2017-10-16,Sheikh Zayed Stadium,1,38.5,Pakistan,Sri Lanka,Babar Azam,Shadab Khan,NLTC Perera,0,0,,,,,,,,,
1120287,2017/18,2017-10-16,Sheikh Zayed Stadium,1,38.6,Pakistan,Sri Lanka,Babar Azam,Shadab Khan,NLTC Perera,1,0,,,,,,,,,
1120287,2017/18,2017-10-16,Sheikh Zayed Stadium,1,39.1,Pakistan,Sri Lanka,Babar Azam,Shadab Khan,TAM Siriwardana,1,0,,,,,,,,,
1120287,2017/18,2017-10-16,Sheikh Zayed Stadium,1,39.2,Pakistan,Sri Lanka,Shadab Khan,Babar Azam,TAM Siriwardana,0,0,,,,,,,,,
1120287,2017/18,2017-10-16,Sheikh Zayed Stadium,1,39.3,Pakistan,Sri Lanka,Shadab Khan,Babar Azam,TAM Siriwardana,2,0,,,,,,,,,
1120287,2017/18,2017-10-16,Sheikh Zayed Stadium,1,39.4,Pakistan,Sri Lanka,Shadab Khan,Babar Azam,TAM Siriwardana,2,0,,,,,,,,,
1120287,2017/18,2017-10-16,Sheikh Zayed Stadium,1,39.5,Pakistan,Sri Lanka,Shadab Khan,Babar Azam,TAM Siriwardana,1,0,,,,,,,,,
1120287,2017/18,2017-10-16,Sheikh Zayed Stadium,1,39.6,Pakistan,Sri Lanka,Babar Azam,Shadab Khan,TAM Siriwardana,0,0,,,,,,,,,
1120287,2017/18,2017-10-16,Sheikh Zayed Stadium,1,40.1,Pakistan,Sri Lanka,Shadab Khan,Babar Azam,NLTC Perera,2,0,,,,,,,,,
1120287,2017/18,2017-10-16,Sheikh Zayed Stadium,1,40.2,Pakistan,Sri Lanka,Shadab Khan,Babar Azam,NLTC Perera,1,0,,,,,,,,,
1120287,2017/18,2017-10-16,Sheikh Zayed Stadium,1,40.3,Pakistan,Sri Lanka,Babar Azam,Shadab Khan,NLTC Perera,1,0,,,,,,,,,
1120287,2017/18,2017-10-16,Sheikh Zayed Stadium,1,40.4,Pakistan,Sri Lanka,Shadab Khan,Babar Azam,NLTC Perera,0,0,,,,,,,,,
1120287,2017/18,2017-10-16,Sheikh Zayed Stadium,1,40.5,Pakistan,Sri Lanka,Shadab Khan,Babar Azam,NLTC Perera,0,0,,,,,,,,,
1120287,2017/18,2017-10-16,Sheikh Zayed Stadium,1,40.6,Pakistan,Sri Lanka,Shadab Khan,Babar Azam,NLTC Perera,1,0,,,,,,,,,
1120287,2017/18,2017-10-16,Sheikh Zayed Stadium,1,41.1,Pakistan,Sri Lanka,Shadab Khan,Babar Azam,PLS Gamage,1,0,,,,,,,,,
1120287,2017/18,2017-10-16,Sheikh Zayed Stadium,1,41.2,Pakistan,Sri Lanka,Babar Azam,Shadab Khan,PLS Gamage,1,0,,,,,,,,,
1120287,2017/18,2017-10-16,Sheikh Zayed Stadium,1,41.3,Pakistan,Sri Lanka,Shadab Khan,Babar Azam,PLS Gamage,1,0,,,,,,,,,
1120287,2017/18,2017-10-16,Sheikh Zayed Stadium,1,41.4,Pakistan,Sri Lanka,Babar Azam,Shadab Khan,PLS Gamage,0,0,,,,,,,,,
1120287,2017/18,2017-10-16,Sheikh Zayed Stadium,1,41.5,Pakistan,Sri Lanka,Babar Azam,Shadab Khan,PLS Gamage,1,0,,,,,,,,,
1120287,2017/18,2017-10-16,Sheikh Zayed Stadium,1,41.6,Pakistan,Sri Lanka,Shadab Khan,Babar Azam,PLS Gamage,2,0,,,,,,,,,
1120287,2017/18,2017-10-16,Sheikh Zayed Stadium,1,42.1,Pakistan,Sri Lanka,Babar Azam,Shadab Khan,A Dananjaya,2,0,,,,,,,,,
1120287,2017/18,2017-10-16,Sheikh Zayed Stadium,1,42.2,Pakistan,Sri Lanka,Babar Azam,Shadab Khan,A Dananjaya,0,0,,,,,,,,,
1120287,2017/18,2017-10-16,Sheikh Zayed Stadium,1,42.3,Pakistan,Sri Lanka,Babar Azam,Shadab Khan,A Dananjaya,1,0,,,,,,,,,
1120287,2017/18,2017-10-16,Sheikh Zayed Stadium,1,42.4,Pakistan,Sri Lanka,Shadab Khan,Babar Azam,A Dananjaya,1,0,,,,,,,,,
1120287,2017/18,2017-10-16,Sheikh Zayed Stadium,1,42.5,Pakistan,Sri Lanka,Babar Azam,Shadab Khan,A Dananjaya,2,0,,,,,,,,,
1120287,2017/18,2017-10-16,Sheikh Zayed Stadium,1,42.6,Pakistan,Sri Lanka,Babar Azam,Shadab Khan,A Dananjaya,0,0,,,,,,,,,
1120287,2017/18,2017-10-16,Sheikh Zayed Stadium,1,43.1,Pakistan,Sri Lanka,Shadab Khan,Babar Azam,PLS Gamage,1,0,,,,,,,,,
1120287,2017/18,2017-10-16,Sheikh Zayed Stadium,1,43.2,Pakistan,Sri Lanka,Babar Azam,Shadab Khan,PLS Gamage,2,0,,,,,,,,,
1120287,2017/18,2017-10-16,Sheikh Zayed Stadium,1,43.3,Pakistan,Sri Lanka,Babar Azam,Shadab Khan,PLS Gamage,1,0,,,,,,,,,
1120287,2017/18,2017-10-16,Sheikh Zayed Stadium,1,43.4,Pakistan,Sri Lanka,Shadab Khan,Babar Azam,PLS Gamage,1,0,,,,,,,,,
1120287,2017/18,2017-10-16,Sheikh Zayed Stadium,1,43.5,Pakistan,Sri Lanka,Babar Azam,Shadab Khan,PLS Gamage,4,0,,,,,,,,,
1120287,2017/18,2017-10-16,Sheikh Zayed Stadium,1,43.6,Pakistan,Sri Lanka,Babar Azam,Shadab Khan,PLS Gamage,1,0,,,,,,,,,
1120287,2017/18,2017-10-16,Sheikh Zayed Stadium,1,44.1,Pakistan,Sri Lanka,Babar Azam,Shadab Khan,A Dananjaya,1,0,,,,,,,,,
1120287,2017/18,2017-10-16,Sheikh Zayed Stadium,1,44.2,Pakistan,Sri Lanka,Shadab Khan,Babar Azam,A Dananjaya,2,0,,,,,,,,,
1120287,2017/18,2017-10-16,Sheikh Zayed Stadium,1,44.3,Pakistan,Sri Lanka,Shadab Khan,Babar Azam,A Dananjaya,0,0,,,,,,,,,
1120287,2017/18,2017-10-16,Sheikh Zayed Stadium,1,44.4,Pakistan,Sri Lanka,Shadab Khan,Babar Azam,A Dananjaya,1,0,,,,,,,,,
1120287,2017/18,2017-10-16,Sheikh Zayed Stadium,1,44.5,Pakistan,Sri Lanka,Babar Azam,Shadab Khan,A Dananjaya,1,0,,,,,,,,,
1120287,2017/18,2017-10-16,Sheikh Zayed Stadium,1,44.6,Pakistan,Sri Lanka,Shadab Khan,Babar Azam,A Dananjaya,0,0,,,,,,,,,
1120287,2017/18,2017-10-16,Sheikh Zayed Stadium,1,45.1,Pakistan,Sri Lanka,Babar Azam,Shadab Khan,NLTC Perera,1,0,,,,,,,,,
1120287,2017/18,2017-10-16,Sheikh Zayed Stadium,1,45.2,Pakistan,Sri Lanka,Shadab Khan,Babar Azam,NLTC Perera,2,0,,,,,,,,,
1120287,2017/18,2017-10-16,Sheikh Zayed Stadium,1,45.3,Pakistan,Sri Lanka,Shadab Khan,Babar Azam,NLTC Perera,0,0,,,,,,,,,
1120287,2017/18,2017-10-16,Sheikh Zayed Stadium,1,45.4,Pakistan,Sri Lanka,Shadab Khan,Babar Azam,NLTC Perera,1,0,,,,,,,,,
1120287,2017/18,2017-10-16,Sheikh Zayed Stadium,1,45.5,Pakistan,Sri Lanka,Babar Azam,Shadab Khan,NLTC Perera,1,0,,,,,,,,,
1120287,2017/18,2017-10-16,Sheikh Zayed Stadium,1,45.6,Pakistan,Sri Lanka,Shadab Khan,Babar Azam,NLTC Perera,1,0,,,,,,,,,
1120287,2017/18,2017-10-16,Sheikh Zayed Stadium,1,46.1,Pakistan,Sri Lanka,Shadab Khan,Babar Azam,RAS Lakmal,1,0,,,,,,,,,
1120287,2017/18,2017-10-16,Sheikh Zayed Stadium,1,46.2,Pakistan,Sri Lanka,Babar Azam,Shadab Khan,RAS Lakmal,1,0,,,,,,,,,
1120287,2017/18,2017-10-16,Sheikh Zayed Stadium,1,46.3,Pakistan,Sri Lanka,Shadab Khan,Babar Azam,RAS Lakmal,1,0,,,,,,,,,
1120287,2017/18,2017-10-16,Sheikh Zayed Stadium,1,46.4,Pakistan,Sri Lanka,Babar Azam,Shadab Khan,RAS Lakmal,1,0,,,,,,,,,
1120287,2017/18,2017-10-16,Sheikh Zayed Stadium,1,46.5,Pakistan,Sri Lanka,Shadab Khan,Babar Azam,RAS Lakmal,1,0,,,,,,,,,
1120287,2017/18,2017-10-16,Sheikh Zayed Stadium,1,46.6,Pakistan,Sri Lanka,Babar Azam,Shadab Khan,RAS Lakmal,2,0,,,,,,,,,
1120287,2017/18,2017-10-16,Sheikh Zayed Stadium,1,47.1,Pakistan,Sri Lanka,Shadab Khan,Babar Azam,NLTC Perera,1,0,,,,,,,,,
1120287,2017/18,2017-10-16,Sheikh Zayed Stadium,1,47.2,Pakistan,Sri Lanka,Babar Azam,Shadab Khan,NLTC Perera,1,0,,,,,,,,,
1120287,2017/18,2017-10-16,Sheikh Zayed Stadium,1,47.3,Pakistan,Sri Lanka,Shadab Khan,Babar Azam,NLTC Perera,0,0,,,,,,,,,
1120287,2017/18,2017-10-16,Sheikh Zayed Stadium,1,47.4,Pakistan,Sri Lanka,Shadab Khan,Babar Azam,NLTC Perera,2,0,,,,,,,,,
1120287,2017/18,2017-10-16,Sheikh Zayed Stadium,1,47.5,Pakistan,Sri Lanka,Shadab Khan,Babar Azam,NLTC Perera,0,0,,,,,,,,,
1120287,2017/18,2017-10-16,Sheikh Zayed Stadium,1,47.6,Pakistan,Sri Lanka,Shadab Khan,Babar Azam,NLTC Perera,1,0,,,,,,,,,
1120287,2017/18,2017-10-16,Sheikh Zayed Stadium,1,48.1,Pakistan,Sri Lanka,Shadab Khan,Babar Azam,RAS Lakmal,1,0,,,,,,,,,
1120287,2017/18,2017-10-16,Sheikh Zayed Stadium,1,48.2,Pakistan,Sri Lanka,Babar Azam,Shadab Khan,RAS Lakmal,2,0,,,,,,,,,
1120287,2017/18,2017-10-16,Sheikh Zayed Stadium,1,48.3,Pakistan,Sri Lanka,Babar Azam,Shadab Khan,RAS Lakmal,0,1,,,,1,,,,,
1120287,2017/18,2017-10-16,Sheikh Zayed Stadium,1,48.4,Pakistan,Sri Lanka,Shadab Khan,Babar Azam,RAS Lakmal,4,0,,,,,,,,,
1120287,2017/18,2017-10-16,Sheikh Zayed Stadium,1,48.5,Pakistan,Sri Lanka,Shadab Khan,Babar Azam,RAS Lakmal,1,0,,,,,,,,,
1120287,2017/18,2017-10-16,Sheikh Zayed Stadium,1,48.6,Pakistan,Sri Lanka,Babar Azam,Shadab Khan,RAS Lakmal,1,0,,,,,,,,,
1120287,2017/18,2017-10-16,Sheikh Zayed Stadium,1,49.1,Pakistan,Sri Lanka,Babar Azam,Shadab Khan,PLS Gamage,0,0,,,,,,caught,Babar Azam,,
1120287,2017/18,2017-10-16,Sheikh Zayed Stadium,1,49.2,Pakistan,Sri Lanka,Shadab Khan,Hasan Ali,PLS Gamage,1,0,,,,,,,,,
1120287,2017/18,2017-10-16,Sheikh Zayed Stadium,1,49.3,Pakistan,Sri Lanka,Hasan Ali,Shadab Khan,PLS Gamage,6,0,,,,,,,,,
1120287,2017/18,2017-10-16,Sheikh Zayed Stadium,1,49.4,Pakistan,Sri Lanka,Hasan Ali,Shadab Khan,PLS Gamage,1,0,,,,,,run out,Hasan Ali,,
1120287,2017/18,2017-10-16,Sheikh Zayed Stadium,1,49.5,Pakistan,Sri Lanka,Rumman Raees,Shadab Khan,PLS Gamage,0,0,,,,,,caught,Rumman Raees,,
1120287,2017/18,2017-10-16,Sheikh Zayed Stadium,1,49.6,Pakistan,Sri Lanka,Shadab Khan,Junaid Khan,PLS Gamage,1,0,,,,,,,,,
1120287,2017/18,2017-10-16,Sheikh Zayed Stadium,2,0.1,Sri Lanka,Pakistan,N Dickwella,WU Tharanga,Junaid Khan,1,0,,,,,,,,,
1120287,2017/18,2017-10-16,Sheikh Zayed Stadium,2,0.2,Sri Lanka,Pakistan,WU Tharanga,N Dickwella,Junaid Khan,0,4,,,,4,,,,,
1120287,2017/18,2017-10-16,Sheikh Zayed Stadium,2,0.3,Sri Lanka,Pakistan,WU Tharanga,N Dickwella,Junaid Khan,0,0,,,,,,,,,
1120287,2017/18,2017-10-16,Sheikh Zayed Stadium,2,0.4,Sri Lanka,Pakistan,WU Tharanga,N Dickwella,Junaid Khan,1,0,,,,,,,,,
1120287,2017/18,2017-10-16,Sheikh Zayed Stadium,2,0.5,Sri Lanka,Pakistan,N Dickwella,WU Tharanga,Junaid Khan,1,0,,,,,,,,,
1120287,2017/18,2017-10-16,Sheikh Zayed Stadium,2,0.6,Sri Lanka,Pakistan,WU Tharanga,N Dickwella,Junaid Khan,0,0,,,,,,,,,
1120287,2017/18,2017-10-16,Sheikh Zayed Stadium,2,1.1,Sri Lanka,Pakistan,N Dickwella,WU Tharanga,Rumman Raees,0,0,,,,,,,,,
1120287,2017/18,2017-10-16,Sheikh Zayed Stadium,2,1.2,Sri Lanka,Pakistan,N Dickwella,WU Tharanga,Rumman Raees,0,0,,,,,,,,,
1120287,2017/18,2017-10-16,Sheikh Zayed Stadium,2,1.3,Sri Lanka,Pakistan,N Dickwella,WU Tharanga,Rumman Raees,0,0,,,,,,,,,
1120287,2017/18,2017-10-16,Sheikh Zayed Stadium,2,1.4,Sri Lanka,Pakistan,N Dickwella,WU Tharanga,Rumman Raees,1,0,,,,,,,,,
1120287,2017/18,2017-10-16,Sheikh Zayed Stadium,2,1.5,Sri Lanka,Pakistan,WU Tharanga,N Dickwella,Rumman Raees,0,0,,,,,,,,,
1120287,2017/18,2017-10-16,Sheikh Zayed Stadium,2,1.6,Sri Lanka,Pakistan,WU Tharanga,N Dickwella,Rumman Raees,1,0,,,,,,,,,
1120287,2017/18,2017-10-16,Sheikh Zayed Stadium,2,2.1,Sri Lanka,Pakistan,WU Tharanga,N Dickwella,Junaid Khan,1,0,,,,,,,,,
1120287,2017/18,2017-10-16,Sheikh Zayed Stadium,2,2.2,Sri Lanka,Pakistan,N Dickwella,WU Tharanga,Junaid Khan,0,0,,,,,,lbw,N Dickwella,,
1120287,2017/18,2017-10-16,Sheikh Zayed Stadium,2,2.3,Sri Lanka,Pakistan,BKG Mendis,WU Tharanga,Junaid Khan,0,0,,,,,,,,,
1120287,2017/18,2017-10-16,Sheikh Zayed Stadium,2,2.4,Sri Lanka,Pakistan,BKG Mendis,WU Tharanga,Junaid Khan,0,0,,,,,,,,,
1120287,2017/18,2017-10-16,Sheikh Zayed Stadium,2,2.5,Sri Lanka,Pakistan,BKG Mendis,WU Tharanga,Junaid Khan,0,0,,,,,,,,,
1120287,2017/18,2017-10-16,Sheikh Zayed Stadium,2,2.6,Sri Lanka,Pakistan,BKG Mendis,WU Tharanga,Junaid Khan,0,0,,,,,,,,,
1120287,2017/18,2017-10-16,Sheikh Zayed Stadium,2,3.1,Sri Lanka,Pakistan,WU Tharanga,BKG Mendis,Rumman Raees,0,0,,,,,,,,,
1120287,2017/18,2017-10-16,Sheikh Zayed Stadium,2,3.2,Sri Lanka,Pakistan,WU Tharanga,BKG Mendis,Rumman Raees,0,0,,,,,,,,,
1120287,2017/18,2017-10-16,Sheikh Zayed Stadium,2,3.3,Sri Lanka,Pakistan,WU Tharanga,BKG Mendis,Rumman Raees,0,0,,,,,,,,,
1120287,2017/18,2017-10-16,Sheikh Zayed Stadium,2,3.4,Sri Lanka,Pakistan,WU Tharanga,BKG Mendis,Rumman Raees,4,0,,,,,,,,,
1120287,2017/18,2017-10-16,Sheikh Zayed Stadium,2,3.5,Sri Lanka,Pakistan,WU Tharanga,BKG Mendis,Rumman Raees,4,0,,,,,,,,,
1120287,2017/18,2017-10-16,Sheikh Zayed Stadium,2,3.6,Sri Lanka,Pakistan,WU Tharanga,BKG Mendis,Rumman Raees,0,0,,,,,,,,,
1120287,2017/18,2017-10-16,Sheikh Zayed Stadium,2,4.1,Sri Lanka,Pakistan,BKG Mendis,WU Tharanga,Junaid Khan,1,0,,,,,,,,,
1120287,2017/18,2017-10-16,Sheikh Zayed Stadium,2,4.2,Sri Lanka,Pakistan,WU Tharanga,BKG Mendis,Junaid Khan,0,0,,,,,,,,,
1120287,2017/18,2017-10-16,Sheikh Zayed Stadium,2,4.3,Sri Lanka,Pakistan,WU Tharanga,BKG Mendis,Junaid Khan,1,0,,,,,,,,,
1120287,2017/18,2017-10-16,Sheikh Zayed Stadium,2,4.4,Sri Lanka,Pakistan,BKG Mendis,WU Tharanga,Junaid Khan,0,0,,,,,,,,,
1120287,2017/18,2017-10-16,Sheikh Zayed Stadium,2,4.5,Sri Lanka,Pakistan,BKG Mendis,WU Tharanga,Junaid Khan,0,0,,,,,,,,,
1120287,2017/18,2017-10-16,Sheikh Zayed Stadium,2,4.6,Sri Lanka,Pakistan,BKG Mendis,WU Tharanga,Junaid Khan,0,0,,,,,,,,,
1120287,2017/18,2017-10-16,Sheikh Zayed Stadium,2,5.1,Sri Lanka,Pakistan,WU Tharanga,BKG Mendis,Rumman Raees,0,0,,,,,,,,,
1120287,2017/18,2017-10-16,Sheikh Zayed Stadium,2,5.2,Sri Lanka,Pakistan,WU Tharanga,BKG Mendis,Rumman Raees,0,0,,,,,,,,,
1120287,2017/18,2017-10-16,Sheikh Zayed Stadium,2,5.3,Sri Lanka,Pakistan,WU Tharanga,BKG Mendis,Rumman Raees,0,0,,,,,,,,,
1120287,2017/18,2017-10-16,Sheikh Zayed Stadium,2,5.4,Sri Lanka,Pakistan,WU Tharanga,BKG Mendis,Rumman Raees,0,0,,,,,,,,,
1120287,2017/18,2017-10-16,Sheikh Zayed Stadium,2,5.5,Sri Lanka,Pakistan,WU Tharanga,BKG Mendis,Rumman Raees,0,0,,,,,,,,,
1120287,2017/18,2017-10-16,Sheikh Zayed Stadium,2,5.6,Sri Lanka,Pakistan,WU Tharanga,BKG Mendis,Rumman Raees,0,0,,,,,,,,,
1120287,2017/18,2017-10-16,Sheikh Zayed Stadium,2,6.1,Sri Lanka,Pakistan,BKG Mendis,WU Tharanga,Junaid Khan,0,0,,,,,,,,,
1120287,2017/18,2017-10-16,Sheikh Zayed Stadium,2,6.2,Sri Lanka,Pakistan,BKG Mendis,WU Tharanga,Junaid Khan,0,0,,,,,,,,,
1120287,2017/18,2017-10-16,Sheikh Zayed Stadium,2,6.3,Sri Lanka,Pakistan,BKG Mendis,WU Tharanga,Junaid Khan,1,0,,,,,,,,,
1120287,2017/18,2017-10-16,Sheikh Zayed Stadium,2,6.4,Sri Lanka,Pakistan,WU Tharanga,BKG Mendis,Junaid Khan,0,0,,,,,,,,,
1120287,2017/18,2017-10-16,Sheikh Zayed Stadium,2,6.5,Sri Lanka,Pakistan,WU Tharanga,BKG Mendis,Junaid Khan,0,0,,,,,,,,,
1120287,2017/18,2017-10-16,Sheikh Zayed Stadium,2,6.6,Sri Lanka,Pakistan,WU Tharanga,BKG Mendis,Junaid Khan,0,0,,,,,,,,,
1120287,2017/18,2017-10-16,Sheikh Zayed Stadium,2,7.1,Sri Lanka,Pakistan,BKG Mendis,WU Tharanga,Rumman Raees,0,0,,,,,,,,,
1120287,2017/18,2017-10-16,Sheikh Zayed Stadium,2,7.2,Sri Lanka,Pakistan,BKG Mendis,WU Tharanga,Rumman Raees,4,0,,,,,,,,,
1120287,2017/18,2017-10-16,Sheikh Zayed Stadium,2,7.3,Sri Lanka,Pakistan,BKG Mendis,WU Tharanga,Rumman Raees,0,0,,,,,,,,,
1120287,2017/18,2017-10-16,Sheikh Zayed Stadium,2,7.4,Sri Lanka,Pakistan,BKG Mendis,WU Tharanga,Rumman Raees,0,0,,,,,,,,,
1120287,2017/18,2017-10-16,Sheikh Zayed Stadium,2,7.5,Sri Lanka,Pakistan,BKG Mendis,WU Tharanga,Rumman Raees,2,0,,,,,,,,,
1120287,2017/18,2017-10-16,Sheikh Zayed Stadium,2,7.6,Sri Lanka,Pakistan,BKG Mendis,WU Tharanga,Rumman Raees,0,0,,,,,,,,,
1120287,2017/18,2017-10-16,Sheikh Zayed Stadium,2,8.1,Sri Lanka,Pakistan,WU Tharanga,BKG Mendis,Hasan Ali,0,0,,,,,,,,,
1120287,2017/18,2017-10-16,Sheikh Zayed Stadium,2,8.2,Sri Lanka,Pakistan,WU Tharanga,BKG Mendis,Hasan Ali,0,0,,,,,,,,,
1120287,2017/18,2017-10-16,Sheikh Zayed Stadium,2,8.3,Sri Lanka,Pakistan,WU Tharanga,BKG Mendis,Hasan Ali,0,0,,,,,,,,,
1120287,2017/18,2017-10-16,Sheikh Zayed Stadium,2,8.4,Sri Lanka,Pakistan,WU Tharanga,BKG Mendis,Hasan Ali,0,0,,,,,,,,,
1120287,2017/18,2017-10-16,Sheikh Zayed Stadium,2,8.5,Sri Lanka,Pakistan,WU Tharanga,BKG Mendis,Hasan Ali,0,0,,,,,,,,,
1120287,2017/18,2017-10-16,Sheikh Zayed Stadium,2,8.6,Sri Lanka,Pakistan,WU Tharanga,BKG Mendis,Hasan Ali,0,0,,,,,,,,,
1120287,2017/18,2017-10-16,Sheikh Zayed Stadium,2,9.1,Sri Lanka,Pakistan,BKG Mendis,WU Tharanga,Imad Wasim,1,0,,,,,,,,,
1120287,2017/18,2017-10-16,Sheikh Zayed Stadium,2,9.2,Sri Lanka,Pakistan,WU Tharanga,BKG Mendis,Imad Wasim,0,0,,,,,,,,,
1120287,2017/18,2017-10-16,Sheikh Zayed Stadium,2,9.3,Sri Lanka,Pakistan,WU Tharanga,BKG Mendis,Imad Wasim,0,0,,,,,,,,,
1120287,2017/18,2017-10-16,Sheikh Zayed Stadium,2,9.4,Sri Lanka,Pakistan,WU Tharanga,BKG Mendis,Imad Wasim,1,0,,,,,,,,,
1120287,2017/18,2017-10-16,Sheikh Zayed Stadium,2,9.5,Sri Lanka,Pakistan,BKG Mendis,WU Tharanga,Imad Wasim,1,0,,,,,,,,,
1120287,2017/18,2017-10-16,Sheikh Zayed Stadium,2,9.6,Sri Lanka,Pakistan,WU Tharanga,BKG Mendis,Imad Wasim,0,0,,,,,,,,,
1120287,2017/18,2017-10-16,Sheikh Zayed Stadium,2,10.1,Sri Lanka,Pakistan,BKG Mendis,WU Tharanga,Hasan Ali,0,0,,,,,,,,,
1120287,2017/18,2017-10-16,Sheikh Zayed Stadium,2,10.2,Sri Lanka,Pakistan,BKG Mendis,WU Tharanga,Hasan Ali,0,0,,,,,,,,,
1120287,2017/18,2017-10-16,Sheikh Zayed Stadium,2,10.3,Sri Lanka,Pakistan,BKG Mendis,WU Tharanga,Hasan Ali,0,0,,,,,,,,,
1120287,2017/18,2017-10-16,Sheikh Zayed Stadium,2,10.4,Sri Lanka,Pakistan,BKG Mendis,WU Tharanga,Hasan Ali,0,0,,,,,,,,,
1120287,2017/18,2017-10-16,Sheikh Zayed Stadium,2,10.5,Sri Lanka,Pakistan,BKG Mendis,WU Tharanga,Hasan Ali,0,0,,,,,,caught,BKG Mendis,,
1120287,2017/18,2017-10-16,Sheikh Zayed Stadium,2,10.6,Sri Lanka,Pakistan,HDRL Thirimanne,WU Tharanga,Hasan Ali,0,0,,,,,,,,,
1120287,2017/18,2017-10-16,Sheikh Zayed Stadium,2,11.1,Sri Lanka,Pakistan,WU Tharanga,HDRL Thirimanne,Mohammad Hafeez,0,0,,,,,,,,,
1120287,2017/18,2017-10-16,Sheikh Zayed Stadium,2,11.2,Sri Lanka,Pakistan,WU Tharanga,HDRL Thirimanne,Mohammad Hafeez,0,0,,,,,,,,,
1120287,2017/18,2017-10-16,Sheikh Zayed Stadium,2,11.3,Sri Lanka,Pakistan,WU Tharanga,HDRL Thirimanne,Mohammad Hafeez,0,0,,,,,,,,,
1120287,2017/18,2017-10-16,Sheikh Zayed Stadium,2,11.4,Sri Lanka,Pakistan,WU Tharanga,HDRL Thirimanne,Mohammad Hafeez,1,0,,,,,,,,,
1120287,2017/18,2017-10-16,Sheikh Zayed Stadium,2,11.5,Sri Lanka,Pakistan,HDRL Thirimanne,WU Tharanga,Mohammad Hafeez,0,0,,,,,,,,,
1120287,2017/18,2017-10-16,Sheikh Zayed Stadium,2,11.6,Sri Lanka,Pakistan,HDRL Thirimanne,WU Tharanga,Mohammad Hafeez,1,0,,,,,,,,,
1120287,2017/18,2017-10-16,Sheikh Zayed Stadium,2,12.1,Sri Lanka,Pakistan,HDRL Thirimanne,WU Tharanga,Hasan Ali,0,0,,,,,,,,,
1120287,2017/18,2017-10-16,Sheikh Zayed Stadium,2,12.2,Sri Lanka,Pakistan,HDRL Thirimanne,WU Tharanga,Hasan Ali,0,0,,,,,,,,,
1120287,2017/18,2017-10-16,Sheikh Zayed Stadium,2,12.3,Sri Lanka,Pakistan,HDRL Thirimanne,WU Tharanga,Hasan Ali,1,0,,,,,,,,,
1120287,2017/18,2017-10-16,Sheikh Zayed Stadium,2,12.4,Sri Lanka,Pakistan,WU Tharanga,HDRL Thirimanne,Hasan Ali,0,0,,,,,,,,,
1120287,2017/18,2017-10-16,Sheikh Zayed Stadium,2,12.5,Sri Lanka,Pakistan,WU Tharanga,HDRL Thirimanne,Hasan Ali,4,0,,,,,,,,,
1120287,2017/18,2017-10-16,Sheikh Zayed Stadium,2,12.6,Sri Lanka,Pakistan,WU Tharanga,HDRL Thirimanne,Hasan Ali,0,0,,,,,,,,,
1120287,2017/18,2017-10-16,Sheikh Zayed Stadium,2,13.1,Sri Lanka,Pakistan,HDRL Thirimanne,WU Tharanga,Mohammad Hafeez,0,0,,,,,,,,,
1120287,2017/18,2017-10-16,Sheikh Zayed Stadium,2,13.2,Sri Lanka,Pakistan,HDRL Thirimanne,WU Tharanga,Mohammad Hafeez,0,0,,,,,,,,,
1120287,2017/18,2017-10-16,Sheikh Zayed Stadium,2,13.3,Sri Lanka,Pakistan,HDRL Thirimanne,WU Tharanga,Mohammad Hafeez,1,0,,,,,,,,,
1120287,2017/18,2017-10-16,Sheikh Zayed Stadium,2,13.4,Sri Lanka,Pakistan,WU Tharanga,HDRL Thirimanne,Mohammad Hafeez,0,0,,,,,,,,,
1120287,2017/18,2017-10-16,Sheikh Zayed Stadium,2,13.5,Sri Lanka,Pakistan,WU Tharanga,HDRL Thirimanne,Mohammad Hafeez,1,0,,,,,,,,,
1120287,2017/18,2017-10-16,Sheikh Zayed Stadium,2,13.6,Sri Lanka,Pakistan,HDRL Thirimanne,WU Tharanga,Mohammad Hafeez,0,0,,,,,,,,,
1120287,2017/18,2017-10-16,Sheikh Zayed Stadium,2,14.1,Sri Lanka,Pakistan,WU Tharanga,HDRL Thirimanne,Hasan Ali,0,0,,,,,,,,,
1120287,2017/18,2017-10-16,Sheikh Zayed Stadium,2,14.2,Sri Lanka,Pakistan,WU Tharanga,HDRL Thirimanne,Hasan Ali,0,0,,,,,,,,,
1120287,2017/18,2017-10-16,Sheikh Zayed Stadium,2,14.3,Sri Lanka,Pakistan,WU Tharanga,HDRL Thirimanne,Hasan Ali,1,0,,,,,,,,,
1120287,2017/18,2017-10-16,Sheikh Zayed Stadium,2,14.4,Sri Lanka,Pakistan,HDRL Thirimanne,WU Tharanga,Hasan Ali,0,0,,,,,,,,,
1120287,2017/18,2017-10-16,Sheikh Zayed Stadium,2,14.5,Sri Lanka,Pakistan,HDRL Thirimanne,WU Tharanga,Hasan Ali,0,1,1,,,,,,,,
1120287,2017/18,2017-10-16,Sheikh Zayed Stadium,2,14.6,Sri Lanka,Pakistan,HDRL Thirimanne,WU Tharanga,Hasan Ali,0,0,,,,,,,,,
1120287,2017/18,2017-10-16,Sheikh Zayed Stadium,2,14.7,Sri Lanka,Pakistan,HDRL Thirimanne,WU Tharanga,Hasan Ali,1,0,,,,,,,,,
1120287,2017/18,2017-10-16,Sheikh Zayed Stadium,2,15.1,Sri Lanka,Pakistan,HDRL Thirimanne,WU Tharanga,Mohammad Hafeez,0,0,,,,,,,,,
1120287,2017/18,2017-10-16,Sheikh Zayed Stadium,2,15.2,Sri Lanka,Pakistan,HDRL Thirimanne,WU Tharanga,Mohammad Hafeez,0,0,,,,,,,,,
1120287,2017/18,2017-10-16,Sheikh Zayed Stadium,2,15.3,Sri Lanka,Pakistan,HDRL Thirimanne,WU Tharanga,Mohammad Hafeez,0,0,,,,,,,,,
1120287,2017/18,2017-10-16,Sheikh Zayed Stadium,2,15.4,Sri Lanka,Pakistan,HDRL Thirimanne,WU Tharanga,Mohammad Hafeez,0,0,,,,,,,,,
1120287,2017/18,2017-10-16,Sheikh Zayed Stadium,2,15.5,Sri Lanka,Pakistan,HDRL Thirimanne,WU Tharanga,Mohammad Hafeez,0,0,,,,,,,,,
1120287,2017/18,2017-10-16,Sheikh Zayed Stadium,2,15.6,Sri Lanka,Pakistan,HDRL Thirimanne,WU Tharanga,Mohammad Hafeez,1,0,,,,,,,,,
1120287,2017/18,2017-10-16,Sheikh Zayed Stadium,2,16.1,Sri Lanka,Pakistan,HDRL Thirimanne,WU Tharanga,Shoaib Malik,1,0,,,,,,,,,
1120287,2017/18,2017-10-16,Sheikh Zayed Stadium,2,16.2,Sri Lanka,Pakistan,WU Tharanga,HDRL Thirimanne,Shoaib Malik,0,0,,,,,,,,,
1120287,2017/18,2017-10-16,Sheikh Zayed Stadium,2,16.3,Sri Lanka,Pakistan,WU Tharanga,HDRL Thirimanne,Shoaib Malik,0,0,,,,,,,,,
1120287,2017/18,2017-10-16,Sheikh Zayed Stadium,2,16.4,Sri Lanka,Pakistan,WU Tharanga,HDRL Thirimanne,Shoaib Malik,0,0,,,,,,,,,
1120287,2017/18,2017-10-16,Sheikh Zayed Stadium,2,16.5,Sri Lanka,Pakistan,WU Tharanga,HDRL Thirimanne,Shoaib Malik,3,0,,,,,,,,,
1120287,2017/18,2017-10-16,Sheikh Zayed Stadium,2,16.6,Sri Lanka,Pakistan,HDRL Thirimanne,WU Tharanga,Shoaib Malik,0,0,,,,,,,,,
1120287,2017/18,2017-10-16,Sheikh Zayed Stadium,2,17.1,Sri Lanka,Pakistan,WU Tharanga,HDRL Thirimanne,Mohammad Hafeez,0,0,,,,,,,,,
1120287,2017/18,2017-10-16,Sheikh Zayed Stadium,2,17.2,Sri Lanka,Pakistan,WU Tharanga,HDRL Thirimanne,Mohammad Hafeez,0,0,,,,,,,,,
1120287,2017/18,2017-10-16,Sheikh Zayed Stadium,2,17.3,Sri Lanka,Pakistan,WU Tharanga,HDRL Thirimanne,Mohammad Hafeez,0,0,,,,,,,,,
1120287,2017/18,2017-10-16,Sheikh Zayed Stadium,2,17.4,Sri Lanka,Pakistan,WU Tharanga,HDRL Thirimanne,Mohammad Hafeez,0,0,,,,,,,,,
1120287,2017/18,2017-10-16,Sheikh Zayed Stadium,2,17.5,Sri Lanka,Pakistan,WU Tharanga,HDRL Thirimanne,Mohammad Hafeez,1,0,,,,,,,,,
1120287,2017/18,2017-10-16,Sheikh Zayed Stadium,2,17.6,Sri Lanka,Pakistan,HDRL Thirimanne,WU Tharanga,Mohammad Hafeez,1,0,,,,,,,,,
1120287,2017/18,2017-10-16,Sheikh Zayed Stadium,2,18.1,Sri Lanka,Pakistan,HDRL Thirimanne,WU Tharanga,Shoaib Malik,1,0,,,,,,,,,
1120287,2017/18,2017-10-16,Sheikh Zayed Stadium,2,18.2,Sri Lanka,Pakistan,WU Tharanga,HDRL Thirimanne,Shoaib Malik,0,0,,,,,,,,,
1120287,2017/18,2017-10-16,Sheikh Zayed Stadium,2,18.3,Sri Lanka,Pakistan,WU Tharanga,HDRL Thirimanne,Shoaib Malik,0,0,,,,,,,,,
1120287,2017/18,2017-10-16,Sheikh Zayed Stadium,2,18.4,Sri Lanka,Pakistan,WU Tharanga,HDRL Thirimanne,Shoaib Malik,0,0,,,,,,,,,
1120287,2017/18,2017-10-16,Sheikh Zayed Stadium,2,18.5,Sri Lanka,Pakistan,WU Tharanga,HDRL Thirimanne,Shoaib Malik,0,0,,,,,,,,,
1120287,2017/18,2017-10-16,Sheikh Zayed Stadium,2,18.6,Sri Lanka,Pakistan,WU Tharanga,HDRL Thirimanne,Shoaib Malik,0,2,,,,2,,,,,
1120287,2017/18,2017-10-16,Sheikh Zayed Stadium,2,19.1,Sri Lanka,Pakistan,HDRL Thirimanne,WU Tharanga,Mohammad Hafeez,0,0,,,,,,,,,
1120287,2017/18,2017-10-16,Sheikh Zayed Stadium,2,19.2,Sri Lanka,Pakistan,HDRL Thirimanne,WU Tharanga,Mohammad Hafeez,1,0,,,,,,,,,
1120287,2017/18,2017-10-16,Sheikh Zayed Stadium,2,19.3,Sri Lanka,Pakistan,WU Tharanga,HDRL Thirimanne,Mohammad Hafeez,1,0,,,,,,,,,
1120287,2017/18,2017-10-16,Sheikh Zayed Stadium,2,19.4,Sri Lanka,Pakistan,HDRL Thirimanne,WU Tharanga,Mohammad Hafeez,0,0,,,,,,,,,
1120287,2017/18,2017-10-16,Sheikh Zayed Stadium,2,19.5,Sri Lanka,Pakistan,HDRL Thirimanne,WU Tharanga,Mohammad Hafeez,1,0,,,,,,,,,
1120287,2017/18,2017-10-16,Sheikh Zayed Stadium,2,19.6,Sri Lanka,Pakistan,WU Tharanga,HDRL Thirimanne,Mohammad Hafeez,0,0,,,,,,,,,
1120287,2017/18,2017-10-16,Sheikh Zayed Stadium,2,20.1,Sri Lanka,Pakistan,HDRL Thirimanne,WU Tharanga,Shoaib Malik,1,0,,,,,,,,,
1120287,2017/18,2017-10-16,Sheikh Zayed Stadium,2,20.2,Sri Lanka,Pakistan,WU Tharanga,HDRL Thirimanne,Shoaib Malik,4,0,,,,,,,,,
1120287,2017/18,2017-10-16,Sheikh Zayed Stadium,2,20.3,Sri Lanka,Pakistan,WU Tharanga,HDRL Thirimanne,Shoaib Malik,0,0,,,,,,,,,
1120287,2017/18,2017-10-16,Sheikh Zayed Stadium,2,20.4,Sri Lanka,Pakistan,WU Tharanga,HDRL Thirimanne,Shoaib Malik,0,0,,,,,,,,,
1120287,2017/18,2017-10-16,Sheikh Zayed Stadium,2,20.5,Sri Lanka,Pakistan,WU Tharanga,HDRL Thirimanne,Shoaib Malik,0,0,,,,,,,,,
1120287,2017/18,2017-10-16,Sheikh Zayed Stadium,2,20.6,Sri Lanka,Pakistan,WU Tharanga,HDRL Thirimanne,Shoaib Malik,4,0,,,,,,,,,
1120287,2017/18,2017-10-16,Sheikh Zayed Stadium,2,21.1,Sri Lanka,Pakistan,HDRL Thirimanne,WU Tharanga,Mohammad Hafeez,0,0,,,,,,,,,
1120287,2017/18,2017-10-16,Sheikh Zayed Stadium,2,21.2,Sri Lanka,Pakistan,HDRL Thirimanne,WU Tharanga,Mohammad Hafeez,1,0,,,,,,,,,
1120287,2017/18,2017-10-16,Sheikh Zayed Stadium,2,21.3,Sri Lanka,Pakistan,WU Tharanga,HDRL Thirimanne,Mohammad Hafeez,0,1,1,,,,,,,,
1120287,2017/18,2017-10-16,Sheikh Zayed Stadium,2,21.4,Sri Lanka,Pakistan,WU Tharanga,HDRL Thirimanne,Mohammad Hafeez,0,0,,,,,,,,,
1120287,2017/18,2017-10-16,Sheikh Zayed Stadium,2,21.5,Sri Lanka,Pakistan,WU Tharanga,HDRL Thirimanne,Mohammad Hafeez,3,0,,,,,,,,,
1120287,2017/18,2017-10-16,Sheikh Zayed Stadium,2,21.6,Sri Lanka,Pakistan,HDRL Thirimanne,WU Tharanga,Mohammad Hafeez,0,0,,,,,,,,,
1120287,2017/18,2017-10-16,Sheikh Zayed Stadium,2,21.7,Sri Lanka,Pakistan,HDRL Thirimanne,WU Tharanga,Mohammad Hafeez,0,0,,,,,,,,,
1120287,2017/18,2017-10-16,Sheikh Zayed Stadium,2,22.1,Sri Lanka,Pakistan,WU Tharanga,HDRL Thirimanne,Shoaib Malik,0,0,,,,,,,,,
1120287,2017/18,2017-10-16,Sheikh Zayed Stadium,2,22.2,Sri Lanka,Pakistan,WU Tharanga,HDRL Thirimanne,Shoaib Malik,0,0,,,,,,,,,
1120287,2017/18,2017-10-16,Sheikh Zayed Stadium,2,22.3,Sri Lanka,Pakistan,WU Tharanga,HDRL Thirimanne,Shoaib Malik,1,0,,,,,,,,,
1120287,2017/18,2017-10-16,Sheikh Zayed Stadium,2,22.4,Sri Lanka,Pakistan,HDRL Thirimanne,WU Tharanga,Shoaib Malik,0,0,,,,,,,,,
1120287,2017/18,2017-10-16,Sheikh Zayed Stadium,2,22.5,Sri Lanka,Pakistan,HDRL Thirimanne,WU Tharanga,Shoaib Malik,0,0,,,,,,lbw,HDRL Thirimanne,,
1120287,2017/18,2017-10-16,Sheikh Zayed Stadium,2,22.6,Sri Lanka,Pakistan,LD Chandimal,WU Tharanga,Shoaib Malik,2,0,,,,,,,,,
1120287,2017/18,2017-10-16,Sheikh Zayed Stadium,2,23.1,Sri Lanka,Pakistan,WU Tharanga,LD Chandimal,Mohammad Hafeez,0,0,,,,,,,,,
1120287,2017/18,2017-10-16,Sheikh Zayed Stadium,2,23.2,Sri Lanka,Pakistan,WU Tharanga,LD Chandimal,Mohammad Hafeez,0,0,,,,,,,,,
1120287,2017/18,2017-10-16,Sheikh Zayed Stadium,2,23.3,Sri Lanka,Pakistan,WU Tharanga,LD Chandimal,Mohammad Hafeez,0,1,1,,,,,,,,
1120287,2017/18,2017-10-16,Sheikh Zayed Stadium,2,23.4,Sri Lanka,Pakistan,WU Tharanga,LD Chandimal,Mohammad Hafeez,0,0,,,,,,,,,
1120287,2017/18,2017-10-16,Sheikh Zayed Stadium,2,23.5,Sri Lanka,Pakistan,WU Tharanga,LD Chandimal,Mohammad Hafeez,1,0,,,,,,,,,
1120287,2017/18,2017-10-16,Sheikh Zayed Stadium,2,23.6,Sri Lanka,Pakistan,LD Chandimal,WU Tharanga,Mohammad Hafeez,0,0,,,,,,,,,
1120287,2017/18,2017-10-16,Sheikh Zayed Stadium,2,23.7,Sri Lanka,Pakistan,LD Chandimal,WU Tharanga,Mohammad Hafeez,0,0,,,,,,,,,
1120287,2017/18,2017-10-16,Sheikh Zayed Stadium,2,24.1,Sri Lanka,Pakistan,WU Tharanga,LD Chandimal,Shadab Khan,0,0,,,,,,,,,
1120287,2017/18,2017-10-16,Sheikh Zayed Stadium,2,24.2,Sri Lanka,Pakistan,WU Tharanga,LD Chandimal,Shadab Khan,0,0,,,,,,,,,
1120287,2017/18,2017-10-16,Sheikh Zayed Stadium,2,24.3,Sri Lanka,Pakistan,WU Tharanga,LD Chandimal,Shadab Khan,4,0,,,,,,,,,
1120287,2017/18,2017-10-16,Sheikh Zayed Stadium,2,24.4,Sri Lanka,Pakistan,WU Tharanga,LD Chandimal,Shadab Khan,1,0,,,,,,,,,
1120287,2017/18,2017-10-16,Sheikh Zayed Stadium,2,24.5,Sri Lanka,Pakistan,LD Chandimal,WU Tharanga,Shadab Khan,0,0,,,,,,bowled,LD Chandimal,,
1120287,2017/18,2017-10-16,Sheikh Zayed Stadium,2,24.6,Sri Lanka,Pakistan,TAM Siriwardana,WU Tharanga,Shadab Khan,0,0,,,,,,,,,
1120287,2017/18,2017-10-16,Sheikh Zayed Stadium,2,25.1,Sri Lanka,Pakistan,WU Tharanga,TAM Siriwardana,Mohammad Hafeez,1,0,,,,,,,,,
1120287,2017/18,2017-10-16,Sheikh Zayed Stadium,2,25.2,Sri Lanka,Pakistan,TAM Siriwardana,WU Tharanga,Mohammad Hafeez,2,0,,,,,,,,,
1120287,2017/18,2017-10-16,Sheikh Zayed Stadium,2,25.3,Sri Lanka,Pakistan,TAM Siriwardana,WU Tharanga,Mohammad Hafeez,0,0,,,,,,,,,
1120287,2017/18,2017-10-16,Sheikh Zayed Stadium,2,25.4,Sri Lanka,Pakistan,TAM Siriwardana,WU Tharanga,Mohammad Hafeez,1,0,,,,,,,,,
1120287,2017/18,2017-10-16,Sheikh Zayed Stadium,2,25.5,Sri Lanka,Pakistan,WU Tharanga,TAM Siriwardana,Mohammad Hafeez,0,0,,,,,,,,,
1120287,2017/18,2017-10-16,Sheikh Zayed Stadium,2,25.6,Sri Lanka,Pakistan,WU Tharanga,TAM Siriwardana,Mohammad Hafeez,0,0,,,,,,,,,
1120287,2017/18,2017-10-16,Sheikh Zayed Stadium,2,26.1,Sri Lanka,Pakistan,TAM Siriwardana,WU Tharanga,Shadab Khan,0,0,,,,,,caught,TAM Siriwardana,,
1120287,2017/18,2017-10-16,Sheikh Zayed Stadium,2,26.2,Sri Lanka,Pakistan,NLTC Perera,WU Tharanga,Shadab Khan,0,0,,,,,,,,,
1120287,2017/18,2017-10-16,Sheikh Zayed Stadium,2,26.3,Sri Lanka,Pakistan,NLTC Perera,WU Tharanga,Shadab Khan,3,0,,,,,,,,,
1120287,2017/18,2017-10-16,Sheikh Zayed Stadium,2,26.4,Sri Lanka,Pakistan,WU Tharanga,NLTC Perera,Shadab Khan,1,0,,,,,,,,,
1120287,2017/18,2017-10-16,Sheikh Zayed Stadium,2,26.5,Sri Lanka,Pakistan,NLTC Perera,WU Tharanga,Shadab Khan,4,0,,,,,,,,,
1120287,2017/18,2017-10-16,Sheikh Zayed Stadium,2,26.6,Sri Lanka,Pakistan,NLTC Perera,WU Tharanga,Shadab Khan,0,0,,,,,,,,,
1120287,2017/18,2017-10-16,Sheikh Zayed Stadium,2,27.1,Sri Lanka,Pakistan,WU Tharanga,NLTC Perera,Mohammad Hafeez,1,0,,,,,,,,,
1120287,2017/18,2017-10-16,Sheikh Zayed Stadium,2,27.2,Sri Lanka,Pakistan,NLTC Perera,WU Tharanga,Mohammad Hafeez,0,0,,,,,,caught,NLTC Perera,,
1120287,2017/18,2017-10-16,Sheikh Zayed Stadium,2,27.3,Sri Lanka,Pakistan,A Dananjaya,WU Tharanga,Mohammad Hafeez,1,0,,,,,,,,,
1120287,2017/18,2017-10-16,Sheikh Zayed Stadium,2,27.4,Sri Lanka,Pakistan,WU Tharanga,A Dananjaya,Mohammad Hafeez,0,0,,,,,,,,,
1120287,2017/18,2017-10-16,Sheikh Zayed Stadium,2,27.5,Sri Lanka,Pakistan,WU Tharanga,A Dananjaya,Mohammad Hafeez,0,0,,,,,,,,,
1120287,2017/18,2017-10-16,Sheikh Zayed Stadium,2,27.6,Sri Lanka,Pakistan,WU Tharanga,A Dananjaya,Mohammad Hafeez,0,0,,,,,,,,,
1120287,2017/18,2017-10-16,Sheikh Zayed Stadium,2,28.1,Sri Lanka,Pakistan,A Dananjaya,WU Tharanga,Shadab Khan,0,0,,,,,,bowled,A Dananjaya,,
1120287,2017/18,2017-10-16,Sheikh Zayed Stadium,2,28.2,Sri Lanka,Pakistan,JDF Vandersay,WU Tharanga,Shadab Khan,0,0,,,,,,,,,
1120287,2017/18,2017-10-16,Sheikh Zayed Stadium,2,28.3,Sri Lanka,Pakistan,JDF Vandersay,WU Tharanga,Shadab Khan,0,0,,,,,,,,,
1120287,2017/18,2017-10-16,Sheikh Zayed Stadium,2,28.4,Sri Lanka,Pakistan,JDF Vandersay,WU Tharanga,Shadab Khan,0,0,,,,,,,,,
1120287,2017/18,2017-10-16,Sheikh Zayed Stadium,2,28.5,Sri Lanka,Pakistan,JDF Vandersay,WU Tharanga,Shadab Khan,1,0,,,,,,,,,
1120287,2017/18,2017-10-16,Sheikh Zayed Stadium,2,28.6,Sri Lanka,Pakistan,WU Tharanga,JDF Vandersay,Shadab Khan,0,0,,,,,,,,,
1120287,2017/18,2017-10-16,Sheikh Zayed Stadium,2,29.1,Sri Lanka,Pakistan,JDF Vandersay,WU Tharanga,Mohammad Hafeez,0,0,,,,,,,,,
1120287,2017/18,2017-10-16,Sheikh Zayed Stadium,2,29.2,Sri Lanka,Pakistan,JDF Vandersay,WU Tharanga,Mohammad Hafeez,0,0,,,,,,,,,
1120287,2017/18,2017-10-16,Sheikh Zayed Stadium,2,29.3,Sri Lanka,Pakistan,JDF Vandersay,WU Tharanga,Mohammad Hafeez,0,0,,,,,,,,,
1120287,2017/18,2017-10-16,Sheikh Zayed Stadium,2,29.4,Sri Lanka,Pakistan,JDF Vandersay,WU Tharanga,Mohammad Hafeez,0,0,,,,,,,,,
1120287,2017/18,2017-10-16,Sheikh Zayed Stadium,2,29.5,Sri Lanka,Pakistan,JDF Vandersay,WU Tharanga,Mohammad Hafeez,0,0,,,,,,,,,
1120287,2017/18,2017-10-16,Sheikh Zayed Stadium,2,29.6,Sri Lanka,Pakistan,JDF Vandersay,WU Tharanga,Mohammad Hafeez,1,0,,,,,,,,,
1120287,2017/18,2017-10-16,Sheikh Zayed Stadium,2,30.1,Sri Lanka,Pakistan,JDF Vandersay,WU Tharanga,Shadab Khan,1,0,,,,,,,,,
1120287,2017/18,2017-10-16,Sheikh Zayed Stadium,2,30.2,Sri Lanka,Pakistan,WU Tharanga,JDF Vandersay,Shadab Khan,0,0,,,,,,,,,
1120287,2017/18,2017-10-16,Sheikh Zayed Stadium,2,30.3,Sri Lanka,Pakistan,WU Tharanga,JDF Vandersay,Shadab Khan,4,0,,,,,,,,,
1120287,2017/18,2017-10-16,Sheikh Zayed Stadium,2,30.4,Sri Lanka,Pakistan,WU Tharanga,JDF Vandersay,Shadab Khan,1,0,,,,,,,,,
1120287,2017/18,2017-10-16,Sheikh Zayed Stadium,2,30.5,Sri Lanka,Pakistan,JDF Vandersay,WU Tharanga,Shadab Khan,1,0,,,,,,,,,
1120287,2017/18,2017-10-16,Sheikh Zayed Stadium,2,30.6,Sri Lanka,Pakistan,WU Tharanga,JDF Vandersay,Shadab Khan,0,0,,,,,,,,,
1120287,2017/18,2017-10-16,Sheikh Zayed Stadium,2,31.1,Sri Lanka,Pakistan,JDF Vandersay,WU Tharanga,Hasan Ali,0,0,,,,,,,,,
1120287,2017/18,2017-10-16,Sheikh Zayed Stadium,2,31.2,Sri Lanka,Pakistan,JDF Vandersay,WU Tharanga,Hasan Ali,0,0,,,,,,,,,
1120287,2017/18,2017-10-16,Sheikh Zayed Stadium,2,31.3,Sri Lanka,Pakistan,JDF Vandersay,WU Tharanga,Hasan Ali,0,0,,,,,,,,,
1120287,2017/18,2017-10-16,Sheikh Zayed Stadium,2,31.4,Sri Lanka,Pakistan,JDF Vandersay,WU Tharanga,Hasan Ali,0,1,1,,,,,,,,
1120287,2017/18,2017-10-16,Sheikh Zayed Stadium,2,31.5,Sri Lanka,Pakistan,JDF Vandersay,WU Tharanga,Hasan Ali,1,0,,,,,,,,,
1120287,2017/18,2017-10-16,Sheikh Zayed Stadium,2,31.6,Sri Lanka,Pakistan,WU Tharanga,JDF Vandersay,Hasan Ali,0,0,,,,,,,,,
1120287,2017/18,2017-10-16,Sheikh Zayed Stadium,2,31.7,Sri Lanka,Pakistan,WU Tharanga,JDF Vandersay,Hasan Ali,0,0,,,,,,,,,
1120287,2017/18,2017-10-16,Sheikh Zayed Stadium,2,32.1,Sri Lanka,Pakistan,JDF Vandersay,WU Tharanga,Junaid Khan,1,0,,,,,,,,,
1120287,2017/18,2017-10-16,Sheikh Zayed Stadium,2,32.2,Sri Lanka,Pakistan,WU Tharanga,JDF Vandersay,Junaid Khan,4,0,,,,,,,,,
1120287,2017/18,2017-10-16,Sheikh Zayed Stadium,2,32.3,Sri Lanka,Pakistan,WU Tharanga,JDF Vandersay,Junaid Khan,1,0,,,,,,,,,
1120287,2017/18,2017-10-16,Sheikh Zayed Stadium,2,32.4,Sri Lanka,Pakistan,JDF Vandersay,WU Tharanga,Junaid Khan,1,0,,,,,,,,,
1120287,2017/18,2017-10-16,Sheikh Zayed Stadium,2,32.5,Sri Lanka,Pakistan,WU Tharanga,JDF Vandersay,Junaid Khan,0,0,,,,,,,,,
1120287,2017/18,2017-10-16,Sheikh Zayed Stadium,2,32.6,Sri Lanka,Pakistan,WU Tharanga,JDF Vandersay,Junaid Khan,2,0,,,,,,,,,
1120287,2017/18,2017-10-16,Sheikh Zayed Stadium,2,33.1,Sri Lanka,Pakistan,JDF Vandersay,WU Tharanga,Hasan Ali,0,0,,,,,,,,,
1120287,2017/18,2017-10-16,Sheikh Zayed Stadium,2,33.2,Sri Lanka,Pakistan,JDF Vandersay,WU Tharanga,Hasan Ali,1,0,,,,,,,,,
1120287,2017/18,2017-10-16,Sheikh Zayed Stadium,2,33.3,Sri Lanka,Pakistan,WU Tharanga,JDF Vandersay,Hasan Ali,0,0,,,,,,,,,
1120287,2017/18,2017-10-16,Sheikh Zayed Stadium,2,33.4,Sri Lanka,Pakistan,WU Tharanga,JDF Vandersay,Hasan Ali,0,0,,,,,,,,,
1120287,2017/18,2017-10-16,Sheikh Zayed Stadium,2,33.5,Sri Lanka,Pakistan,WU Tharanga,JDF Vandersay,Hasan Ali,1,0,,,,,,,,,
1120287,2017/18,2017-10-16,Sheikh Zayed Stadium,2,33.6,Sri Lanka,Pakistan,JDF Vandersay,WU Tharanga,Hasan Ali,0,0,,,,,,,,,
1120287,2017/18,2017-10-16,Sheikh Zayed Stadium,2,34.1,Sri Lanka,Pakistan,WU Tharanga,JDF Vandersay,Shadab Khan,1,0,,,,,,,,,
1120287,2017/18,2017-10-16,Sheikh Zayed Stadium,2,34.2,Sri Lanka,Pakistan,JDF Vandersay,WU Tharanga,Shadab Khan,0,0,,,,,,,,,
1120287,2017/18,2017-10-16,Sheikh Zayed Stadium,2,34.3,Sri Lanka,Pakistan,JDF Vandersay,WU Tharanga,Shadab Khan,0,0,,,,,,,,,
1120287,2017/18,2017-10-16,Sheikh Zayed Stadium,2,34.4,Sri Lanka,Pakistan,JDF Vandersay,WU Tharanga,Shadab Khan,2,0,,,,,,,,,
1120287,2017/18,2017-10-16,Sheikh Zayed Stadium,2,34.5,Sri Lanka,Pakistan,JDF Vandersay,WU Tharanga,Shadab Khan,0,0,,,,,,,,,
1120287,2017/18,2017-10-16,Sheikh Zayed Stadium,2,34.6,Sri Lanka,Pakistan,JDF Vandersay,WU Tharanga,Shadab Khan,0,0,,,,,,,,,
1120287,2017/18,2017-10-16,Sheikh Zayed Stadium,2,35.1,Sri Lanka,Pakistan,WU Tharanga,JDF Vandersay,Hasan Ali,1,0,,,,,,,,,
1120287,2017/18,2017-10-16,Sheikh Zayed Stadium,2,35.2,Sri Lanka,Pakistan,JDF Vandersay,WU Tharanga,Hasan Ali,0,0,,,,,,,,,
1120287,2017/18,2017-10-16,Sheikh Zayed Stadium,2,35.3,Sri Lanka,Pakistan,JDF Vandersay,WU Tharanga,Hasan Ali,0,0,,,,,,,,,
1120287,2017/18,2017-10-16,Sheikh Zayed Stadium,2,35.4,Sri Lanka,Pakistan,JDF Vandersay,WU Tharanga,Hasan Ali,1,0,,,,,,,,,
1120287,2017/18,2017-10-16,Sheikh Zayed Stadium,2,35.5,Sri Lanka,Pakistan,WU Tharanga,JDF Vandersay,Hasan Ali,0,0,,,,,,,,,
1120287,2017/18,2017-10-16,Sheikh Zayed Stadium,2,35.6,Sri Lanka,Pakistan,WU Tharanga,JDF Vandersay,Hasan Ali,0,0,,,,,,,,,
1120287,2017/18,2017-10-16,Sheikh Zayed Stadium,2,36.1,Sri Lanka,Pakistan,JDF Vandersay,WU Tharanga,Shadab Khan,0,0,,,,,,,,,
1120287,2017/18,2017-10-16,Sheikh Zayed Stadium,2,36.2,Sri Lanka,Pakistan,JDF Vandersay,WU Tharanga,Shadab Khan,0,0,,,,,,,,,
1120287,2017/18,2017-10-16,Sheikh Zayed Stadium,2,36.3,Sri Lanka,Pakistan,JDF Vandersay,WU Tharanga,Shadab Khan,0,0,,,,,,,,,
1120287,2017/18,2017-10-16,Sheikh Zayed Stadium,2,36.4,Sri Lanka,Pakistan,JDF Vandersay,WU Tharanga,Shadab Khan,0,0,,,,,,,,,
1120287,2017/18,2017-10-16,Sheikh Zayed Stadium,2,36.5,Sri Lanka,Pakistan,JDF Vandersay,WU Tharanga,Shadab Khan,0,0,,,,,,,,,
1120287,2017/18,2017-10-16,Sheikh Zayed Stadium,2,36.6,Sri Lanka,Pakistan,JDF Vandersay,WU Tharanga,Shadab Khan,0,0,,,,,,,,,
1120287,2017/18,2017-10-16,Sheikh Zayed Stadium,2,37.1,Sri Lanka,Pakistan,WU Tharanga,JDF Vandersay,Rumman Raees,1,0,,,,,,,,,
1120287,2017/18,2017-10-16,Sheikh Zayed Stadium,2,37.2,Sri Lanka,Pakistan,JDF Vandersay,WU Tharanga,Rumman Raees,1,0,,,,,,,,,
1120287,2017/18,2017-10-16,Sheikh Zayed Stadium,2,37.3,Sri Lanka,Pakistan,WU Tharanga,JDF Vandersay,Rumman Raees,0,0,,,,,,,,,
1120287,2017/18,2017-10-16,Sheikh Zayed Stadium,2,37.4,Sri Lanka,Pakistan,WU Tharanga,JDF Vandersay,Rumman Raees,0,0,,,,,,,,,
1120287,2017/18,2017-10-16,Sheikh Zayed Stadium,2,37.5,Sri Lanka,Pakistan,WU Tharanga,JDF Vandersay,Rumman Raees,4,0,,,,,,,,,
1120287,2017/18,2017-10-16,Sheikh Zayed Stadium,2,37.6,Sri Lanka,Pakistan,WU Tharanga,JDF Vandersay,Rumman Raees,0,0,,,,,,,,,
1120287,2017/18,2017-10-16,Sheikh Zayed Stadium,2,38.1,Sri Lanka,Pakistan,JDF Vandersay,WU Tharanga,Shadab Khan,0,0,,,,,,,,,
1120287,2017/18,2017-10-16,Sheikh Zayed Stadium,2,38.2,Sri Lanka,Pakistan,JDF Vandersay,WU Tharanga,Shadab Khan,0,0,,,,,,,,,
1120287,2017/18,2017-10-16,Sheikh Zayed Stadium,2,38.3,Sri Lanka,Pakistan,JDF Vandersay,WU Tharanga,Shadab Khan,1,0,,,,,,,,,
1120287,2017/18,2017-10-16,Sheikh Zayed Stadium,2,38.4,Sri Lanka,Pakistan,WU Tharanga,JDF Vandersay,Shadab Khan,0,0,,,,,,,,,
1120287,2017/18,2017-10-16,Sheikh Zayed Stadium,2,38.5,Sri Lanka,Pakistan,WU Tharanga,JDF Vandersay,Shadab Khan,1,0,,,,,,,,,
1120287,2017/18,2017-10-16,Sheikh Zayed Stadium,2,38.6,Sri Lanka,Pakistan,JDF Vandersay,WU Tharanga,Shadab Khan,0,0,,,,,,,,,
1120287,2017/18,2017-10-16,Sheikh Zayed Stadium,2,39.1,Sri Lanka,Pakistan,WU Tharanga,JDF Vandersay,Rumman Raees,4,0,,,,,,,,,
1120287,2017/18,2017-10-16,Sheikh Zayed Stadium,2,39.2,Sri Lanka,Pakistan,WU Tharanga,JDF Vandersay,Rumman Raees,0,0,,,,,,,,,
1120287,2017/18,2017-10-16,Sheikh Zayed Stadium,2,39.3,Sri Lanka,Pakistan,WU Tharanga,JDF Vandersay,Rumman Raees,2,0,,,,,,,,,
1120287,2017/18,2017-10-16,Sheikh Zayed Stadium,2,39.4,Sri Lanka,Pakistan,WU Tharanga,JDF Vandersay,Rumman Raees,1,0,,,,,,,,,
1120287,2017/18,2017-10-16,Sheikh Zayed Stadium,2,39.5,Sri Lanka,Pakistan,JDF Vandersay,WU Tharanga,Rumman Raees,1,0,,,,,,,,,
1120287,2017/18,2017-10-16,Sheikh Zayed Stadium,2,39.6,Sri Lanka,Pakistan,WU Tharanga,JDF Vandersay,Rumman Raees,1,0,,,,,,,,,
1120287,2017/18,2017-10-16,Sheikh Zayed Stadium,2,40.1,Sri Lanka,Pakistan,WU Tharanga,JDF Vandersay,Shadab Khan,0,0,,,,,,,,,
1120287,2017/18,2017-10-16,Sheikh Zayed Stadium,2,40.2,Sri Lanka,Pakistan,WU Tharanga,JDF Vandersay,Shadab Khan,4,0,,,,,,,,,
1120287,2017/18,2017-10-16,Sheikh Zayed Stadium,2,40.3,Sri Lanka,Pakistan,WU Tharanga,JDF Vandersay,Shadab Khan,4,0,,,,,,,,,
1120287,2017/18,2017-10-16,Sheikh Zayed Stadium,2,40.4,Sri Lanka,Pakistan,WU Tharanga,JDF Vandersay,Shadab Khan,2,0,,,,,,,,,
1120287,2017/18,2017-10-16,Sheikh Zayed Stadium,2,40.5,Sri Lanka,Pakistan,WU Tharanga,JDF Vandersay,Shadab Khan,1,0,,,,,,,,,
1120287,2017/18,2017-10-16,Sheikh Zayed Stadium,2,40.6,Sri Lanka,Pakistan,JDF Vandersay,WU Tharanga,Shadab Khan,1,0,,,,,,,,,
1120287,2017/18,2017-10-16,Sheikh Zayed Stadium,2,41.1,Sri Lanka,Pakistan,JDF Vandersay,WU Tharanga,Hasan Ali,0,0,,,,,,,,,
1120287,2017/18,2017-10-16,Sheikh Zayed Stadium,2,41.2,Sri Lanka,Pakistan,JDF Vandersay,WU Tharanga,Hasan Ali,0,0,,,,,,,,,
1120287,2017/18,2017-10-16,Sheikh Zayed Stadium,2,41.3,Sri Lanka,Pakistan,JDF Vandersay,WU Tharanga,Hasan Ali,1,0,,,,,,,,,
1120287,2017/18,2017-10-16,Sheikh Zayed Stadium,2,41.4,Sri Lanka,Pakistan,WU Tharanga,JDF Vandersay,Hasan Ali,2,0,,,,,,,,,
1120287,2017/18,2017-10-16,Sheikh Zayed Stadium,2,41.5,Sri Lanka,Pakistan,WU Tharanga,JDF Vandersay,Hasan Ali,1,0,,,,,,,,,
1120287,2017/18,2017-10-16,Sheikh Zayed Stadium,2,41.6,Sri Lanka,Pakistan,JDF Vandersay,WU Tharanga,Hasan Ali,0,0,,,,,,,,,
1120287,2017/18,2017-10-16,Sheikh Zayed Stadium,2,42.1,Sri Lanka,Pakistan,WU Tharanga,JDF Vandersay,Shadab Khan,4,0,,,,,,,,,
1120287,2017/18,2017-10-16,Sheikh Zayed Stadium,2,42.2,Sri Lanka,Pakistan,WU Tharanga,JDF Vandersay,Shadab Khan,0,1,1,,,,,,,,
1120287,2017/18,2017-10-16,Sheikh Zayed Stadium,2,42.3,Sri Lanka,Pakistan,WU Tharanga,JDF Vandersay,Shadab Khan,1,0,,,,,,,,,
1120287,2017/18,2017-10-16,Sheikh Zayed Stadium,2,42.4,Sri Lanka,Pakistan,JDF Vandersay,WU Tharanga,Shadab Khan,0,0,,,,,,,,,
1120287,2017/18,2017-10-16,Sheikh Zayed Stadium,2,42.5,Sri Lanka,Pakistan,JDF Vandersay,WU Tharanga,Shadab Khan,1,0,,,,,,,,,
1120287,2017/18,2017-10-16,Sheikh Zayed Stadium,2,42.6,Sri Lanka,Pakistan,WU Tharanga,JDF Vandersay,Shadab Khan,1,0,,,,,,,,,
1120287,2017/18,2017-10-16,Sheikh Zayed Stadium,2,42.7,Sri Lanka,Pakistan,JDF Vandersay,WU Tharanga,Shadab Khan,1,0,,,,,,,,,
1120287,2017/18,2017-10-16,Sheikh Zayed Stadium,2,43.1,Sri Lanka,Pakistan,JDF Vandersay,WU Tharanga,Hasan Ali,0,0,,,,,,,,,
1120287,2017/18,2017-10-16,Sheikh Zayed Stadium,2,43.2,Sri Lanka,Pakistan,JDF Vandersay,WU Tharanga,Hasan Ali,2,0,,,,,,,,,
1120287,2017/18,2017-10-16,Sheikh Zayed Stadium,2,43.3,Sri Lanka,Pakistan,JDF Vandersay,WU Tharanga,Hasan Ali,0,0,,,,,,,,,
1120287,2017/18,2017-10-16,Sheikh Zayed Stadium,2,43.4,Sri Lanka,Pakistan,JDF Vandersay,WU Tharanga,Hasan Ali,1,0,,,,,,,,,
1120287,2017/18,2017-10-16,Sheikh Zayed Stadium,2,43.5,Sri Lanka,Pakistan,WU Tharanga,JDF Vandersay,Hasan Ali,0,0,,,,,,,,,
1120287,2017/18,2017-10-16,Sheikh Zayed Stadium,2,43.6,Sri Lanka,Pakistan,WU Tharanga,JDF Vandersay,Hasan Ali,1,0,,,,,,,,,
1120287,2017/18,2017-10-16,Sheikh Zayed Stadium,2,44.1,Sri Lanka,Pakistan,WU Tharanga,JDF Vandersay,Rumman Raees,0,0,,,,,,,,,
1120287,2017/18,2017-10-16,Sheikh Zayed Stadium,2,44.2,Sri Lanka,Pakistan,WU Tharanga,JDF Vandersay,Rumman Raees,1,0,,,,,,,,,
1120287,2017/18,2017-10-16,Sheikh Zayed Stadium,2,44.3,Sri Lanka,Pakistan,JDF Vandersay,WU Tharanga,Rumman Raees,1,0,,,,,,,,,
1120287,2017/18,2017-10-16,Sheikh Zayed Stadium,2,44.4,Sri Lanka,Pakistan,WU Tharanga,JDF Vandersay,Rumman Raees,1,0,,,,,,,,,
1120287,2017/18,2017-10-16,Sheikh Zayed Stadium,2,44.5,Sri Lanka,Pakistan,JDF Vandersay,WU Tharanga,Rumman Raees,0,0,,,,,,caught,JDF Vandersay,,
1120287,2017/18,2017-10-16,Sheikh Zayed Stadium,2,44.6,Sri Lanka,Pakistan,RAS Lakmal,WU Tharanga,Rumman Raees,0,0,,,,,,,,,
1120287,2017/18,2017-10-16,Sheikh Zayed Stadium,2,45.1,Sri Lanka,Pakistan,WU Tharanga,RAS Lakmal,Junaid Khan,1,0,,,,,,,,,
1120287,2017/18,2017-10-16,Sheikh Zayed Stadium,2,45.2,Sri Lanka,Pakistan,RAS Lakmal,WU Tharanga,Junaid Khan,1,0,,,,,,,,,
1120287,2017/18,2017-10-16,Sheikh Zayed Stadium,2,45.3,Sri Lanka,Pakistan,WU Tharanga,RAS Lakmal,Junaid Khan,1,0,,,,,,run out,RAS Lakmal,,
1120287,2017/18,2017-10-16,Sheikh Zayed Stadium,2,45.4,Sri Lanka,Pakistan,PLS Gamage,WU Tharanga,Junaid Khan,0,0,,,,,,,,,
1120287,2017/18,2017-10-16,Sheikh Zayed Stadium,2,45.5,Sri Lanka,Pakistan,PLS Gamage,WU Tharanga,Junaid Khan,1,0,,,,,,,,,
1120287,2017/18,2017-10-16,Sheikh Zayed Stadium,2,45.6,Sri Lanka,Pakistan,WU Tharanga,PLS Gamage,Junaid Khan,1,0,,,,,,,,,
1120287,2017/18,2017-10-16,Sheikh Zayed Stadium,2,46.1,Sri Lanka,Pakistan,WU Tharanga,PLS Gamage,Rumman Raees,1,0,,,,,,,,,
1120287,2017/18,2017-10-16,Sheikh Zayed Stadium,2,46.2,Sri Lanka,Pakistan,PLS Gamage,WU Tharanga,Rumman Raees,0,0,,,,,,,,,
1120287,2017/18,2017-10-16,Sheikh Zayed Stadium,2,46.3,Sri Lanka,Pakistan,PLS Gamage,WU Tharanga,Rumman Raees,1,0,,,,,,,,,
1120287,2017/18,2017-10-16,Sheikh Zayed Stadium,2,46.4,Sri Lanka,Pakistan,WU Tharanga,PLS Gamage,Rumman Raees,0,0,,,,,,,,,
1120287,2017/18,2017-10-16,Sheikh Zayed Stadium,2,46.5,Sri Lanka,Pakistan,WU Tharanga,PLS Gamage,Rumman Raees,1,0,,,,,,,,,
1120287,2017/18,2017-10-16,Sheikh Zayed Stadium,2,46.6,Sri Lanka,Pakistan,PLS Gamage,WU Tharanga,Rumman Raees,0,0,,,,,,,,,
1120287,2017/18,2017-10-16,Sheikh Zayed Stadium,2,47.1,Sri Lanka,Pakistan,WU Tharanga,PLS Gamage,Hasan Ali,2,0,,,,,,,,,
1120287,2017/18,2017-10-16,Sheikh Zayed Stadium,2,47.2,Sri Lanka,Pakistan,WU Tharanga,PLS Gamage,Hasan Ali,0,0,,,,,,,,,
1120287,2017/18,2017-10-16,Sheikh Zayed Stadium,2,47.3,Sri Lanka,Pakistan,WU Tharanga,PLS Gamage,Hasan Ali,2,0,,,,,,,,,
1120287,2017/18,2017-10-16,Sheikh Zayed Stadium,2,47.4,Sri Lanka,Pakistan,WU Tharanga,PLS Gamage,Hasan Ali,4,0,,,,,,,,,
1120287,2017/18,2017-10-16,Sheikh Zayed Stadium,2,47.5,Sri Lanka,Pakistan,WU Tharanga,PLS Gamage,Hasan Ali,1,0,,,,,,,,,
1120287,2017/18,2017-10-16,Sheikh Zayed Stadium,2,47.6,Sri Lanka,Pakistan,PLS Gamage,WU Tharanga,Hasan Ali,1,0,,,,,,run out,PLS Gamage,,
