match_id,season,start_date,venue,innings,ball,batting_team,bowling_team,striker,non_striker,bowler,runs_off_bat,extras,wides,noballs,byes,legbyes,penalty,wicket_type,player_dismissed,other_wicket_type,other_player_dismissed
1122284,2017/18,2018-02-16,SuperSport Park,1,0.1,South Africa,India,AK Markram,HM Amla,SN Thakur,0,0,,,,,,,,,
1122284,2017/18,2018-02-16,SuperSport Park,1,0.2,South Africa,India,AK Markram,HM Amla,SN Thakur,4,0,,,,,,,,,
1122284,2017/18,2018-02-16,SuperSport Park,1,0.3,South Africa,India,AK Markram,HM Amla,SN Thakur,4,0,,,,,,,,,
1122284,2017/18,2018-02-16,SuperSport Park,1,0.4,South Africa,India,AK Markram,HM Amla,SN Thakur,0,0,,,,,,,,,
1122284,2017/18,2018-02-16,SuperSport Park,1,0.5,South Africa,India,AK Markram,HM Amla,SN Thakur,0,0,,,,,,,,,
1122284,2017/18,2018-02-16,SuperSport Park,1,0.6,South Africa,India,AK Markram,HM Amla,SN Thakur,0,0,,,,,,,,,
1122284,2017/18,2018-02-16,SuperSport Park,1,1.1,South Africa,India,HM Amla,AK Markram,JJ Bumrah,0,0,,,,,,,,,
1122284,2017/18,2018-02-16,SuperSport Park,1,1.2,South Africa,India,HM Amla,AK Markram,JJ Bumrah,1,0,,,,,,,,,
1122284,2017/18,2018-02-16,SuperSport Park,1,1.3,South Africa,India,AK Markram,HM Amla,JJ Bumrah,0,0,,,,,,,,,
1122284,2017/18,2018-02-16,SuperSport Park,1,1.4,South Africa,India,AK Markram,HM Amla,JJ Bumrah,0,0,,,,,,,,,
1122284,2017/18,2018-02-16,SuperSport Park,1,1.5,South Africa,India,AK Markram,HM Amla,JJ Bumrah,0,0,,,,,,,,,
1122284,2017/18,2018-02-16,SuperSport Park,1,1.6,South Africa,India,AK Markram,HM Amla,JJ Bumrah,0,0,,,,,,,,,
1122284,2017/18,2018-02-16,SuperSport Park,1,2.1,South Africa,India,HM Amla,AK Markram,SN Thakur,0,0,,,,,,,,,
1122284,2017/18,2018-02-16,SuperSport Park,1,2.2,South Africa,India,HM Amla,AK Markram,SN Thakur,0,0,,,,,,,,,
1122284,2017/18,2018-02-16,SuperSport Park,1,2.3,South Africa,India,HM Amla,AK Markram,SN Thakur,0,0,,,,,,,,,
1122284,2017/18,2018-02-16,SuperSport Park,1,2.4,South Africa,India,HM Amla,AK Markram,SN Thakur,0,0,,,,,,,,,
1122284,2017/18,2018-02-16,SuperSport Park,1,2.5,South Africa,India,HM Amla,AK Markram,SN Thakur,0,0,,,,,,,,,
1122284,2017/18,2018-02-16,SuperSport Park,1,2.6,South Africa,India,HM Amla,AK Markram,SN Thakur,4,0,,,,,,,,,
1122284,2017/18,2018-02-16,SuperSport Park,1,3.1,South Africa,India,AK Markram,HM Amla,JJ Bumrah,0,0,,,,,,,,,
1122284,2017/18,2018-02-16,SuperSport Park,1,3.2,South Africa,India,AK Markram,HM Amla,JJ Bumrah,0,0,,,,,,,,,
1122284,2017/18,2018-02-16,SuperSport Park,1,3.3,South Africa,India,AK Markram,HM Amla,JJ Bumrah,0,0,,,,,,,,,
1122284,2017/18,2018-02-16,SuperSport Park,1,3.4,South Africa,India,AK Markram,HM Amla,JJ Bumrah,0,0,,,,,,,,,
1122284,2017/18,2018-02-16,SuperSport Park,1,3.5,South Africa,India,AK Markram,HM Amla,JJ Bumrah,0,0,,,,,,,,,
1122284,2017/18,2018-02-16,SuperSport Park,1,3.6,South Africa,India,AK Markram,HM Amla,JJ Bumrah,0,0,,,,,,,,,
1122284,2017/18,2018-02-16,SuperSport Park,1,4.1,South Africa,India,HM Amla,AK Markram,SN Thakur,0,0,,,,,,,,,
1122284,2017/18,2018-02-16,SuperSport Park,1,4.2,South Africa,India,HM Amla,AK Markram,SN Thakur,0,0,,,,,,,,,
1122284,2017/18,2018-02-16,SuperSport Park,1,4.3,South Africa,India,HM Amla,AK Markram,SN Thakur,0,0,,,,,,,,,
1122284,2017/18,2018-02-16,SuperSport Park,1,4.4,South Africa,India,HM Amla,AK Markram,SN Thakur,1,0,,,,,,,,,
1122284,2017/18,2018-02-16,SuperSport Park,1,4.5,South Africa,India,AK Markram,HM Amla,SN Thakur,4,0,,,,,,,,,
1122284,2017/18,2018-02-16,SuperSport Park,1,4.6,South Africa,India,AK Markram,HM Amla,SN Thakur,0,0,,,,,,,,,
1122284,2017/18,2018-02-16,SuperSport Park,1,5.1,South Africa,India,HM Amla,AK Markram,JJ Bumrah,0,0,,,,,,,,,
1122284,2017/18,2018-02-16,SuperSport Park,1,5.2,South Africa,India,HM Amla,AK Markram,JJ Bumrah,0,0,,,,,,,,,
1122284,2017/18,2018-02-16,SuperSport Park,1,5.3,South Africa,India,HM Amla,AK Markram,JJ Bumrah,0,0,,,,,,,,,
1122284,2017/18,2018-02-16,SuperSport Park,1,5.4,South Africa,India,HM Amla,AK Markram,JJ Bumrah,0,0,,,,,,,,,
1122284,2017/18,2018-02-16,SuperSport Park,1,5.5,South Africa,India,HM Amla,AK Markram,JJ Bumrah,0,0,,,,,,,,,
1122284,2017/18,2018-02-16,SuperSport Park,1,5.6,South Africa,India,HM Amla,AK Markram,JJ Bumrah,4,0,,,,,,,,,
1122284,2017/18,2018-02-16,SuperSport Park,1,6.1,South Africa,India,AK Markram,HM Amla,SN Thakur,0,0,,,,,,,,,
1122284,2017/18,2018-02-16,SuperSport Park,1,6.2,South Africa,India,AK Markram,HM Amla,SN Thakur,1,0,,,,,,,,,
1122284,2017/18,2018-02-16,SuperSport Park,1,6.3,South Africa,India,HM Amla,AK Markram,SN Thakur,0,0,,,,,,caught,HM Amla,,
1122284,2017/18,2018-02-16,SuperSport Park,1,6.4,South Africa,India,AB de Villiers,AK Markram,SN Thakur,0,1,1,,,,,,,,
1122284,2017/18,2018-02-16,SuperSport Park,1,6.5,South Africa,India,AB de Villiers,AK Markram,SN Thakur,0,0,,,,,,,,,
1122284,2017/18,2018-02-16,SuperSport Park,1,6.6,South Africa,India,AB de Villiers,AK Markram,SN Thakur,1,0,,,,,,,,,
1122284,2017/18,2018-02-16,SuperSport Park,1,6.7,South Africa,India,AK Markram,AB de Villiers,SN Thakur,2,0,,,,,,,,,
1122284,2017/18,2018-02-16,SuperSport Park,1,7.1,South Africa,India,AB de Villiers,AK Markram,JJ Bumrah,0,0,,,,,,,,,
1122284,2017/18,2018-02-16,SuperSport Park,1,7.2,South Africa,India,AB de Villiers,AK Markram,JJ Bumrah,0,0,,,,,,,,,
1122284,2017/18,2018-02-16,SuperSport Park,1,7.3,South Africa,India,AB de Villiers,AK Markram,JJ Bumrah,4,0,,,,,,,,,
1122284,2017/18,2018-02-16,SuperSport Park,1,7.4,South Africa,India,AB de Villiers,AK Markram,JJ Bumrah,1,0,,,,,,,,,
1122284,2017/18,2018-02-16,SuperSport Park,1,7.5,South Africa,India,AK Markram,AB de Villiers,JJ Bumrah,1,0,,,,,,,,,
1122284,2017/18,2018-02-16,SuperSport Park,1,7.6,South Africa,India,AB de Villiers,AK Markram,JJ Bumrah,0,0,,,,,,,,,
1122284,2017/18,2018-02-16,SuperSport Park,1,8.1,South Africa,India,AK Markram,AB de Villiers,HH Pandya,0,0,,,,,,,,,
1122284,2017/18,2018-02-16,SuperSport Park,1,8.2,South Africa,India,AK Markram,AB de Villiers,HH Pandya,1,0,,,,,,,,,
1122284,2017/18,2018-02-16,SuperSport Park,1,8.3,South Africa,India,AB de Villiers,AK Markram,HH Pandya,0,0,,,,,,,,,
1122284,2017/18,2018-02-16,SuperSport Park,1,8.4,South Africa,India,AB de Villiers,AK Markram,HH Pandya,1,0,,,,,,,,,
1122284,2017/18,2018-02-16,SuperSport Park,1,8.5,South Africa,India,AK Markram,AB de Villiers,HH Pandya,1,0,,,,,,,,,
1122284,2017/18,2018-02-16,SuperSport Park,1,8.6,South Africa,India,AB de Villiers,AK Markram,HH Pandya,0,0,,,,,,,,,
1122284,2017/18,2018-02-16,SuperSport Park,1,9.1,South Africa,India,AK Markram,AB de Villiers,SN Thakur,0,1,1,,,,,,,,
1122284,2017/18,2018-02-16,SuperSport Park,1,9.2,South Africa,India,AK Markram,AB de Villiers,SN Thakur,6,0,,,,,,,,,
1122284,2017/18,2018-02-16,SuperSport Park,1,9.3,South Africa,India,AK Markram,AB de Villiers,SN Thakur,0,0,,,,,,,,,
1122284,2017/18,2018-02-16,SuperSport Park,1,9.4,South Africa,India,AK Markram,AB de Villiers,SN Thakur,0,0,,,,,,,,,
1122284,2017/18,2018-02-16,SuperSport Park,1,9.5,South Africa,India,AK Markram,AB de Villiers,SN Thakur,0,0,,,,,,,,,
1122284,2017/18,2018-02-16,SuperSport Park,1,9.6,South Africa,India,AK Markram,AB de Villiers,SN Thakur,0,0,,,,,,caught,AK Markram,,
1122284,2017/18,2018-02-16,SuperSport Park,1,9.7,South Africa,India,K Zondo,AB de Villiers,SN Thakur,1,0,,,,,,,,,
1122284,2017/18,2018-02-16,SuperSport Park,1,10.1,South Africa,India,K Zondo,AB de Villiers,HH Pandya,0,0,,,,,,,,,
1122284,2017/18,2018-02-16,SuperSport Park,1,10.2,South Africa,India,K Zondo,AB de Villiers,HH Pandya,0,0,,,,,,,,,
1122284,2017/18,2018-02-16,SuperSport Park,1,10.3,South Africa,India,K Zondo,AB de Villiers,HH Pandya,0,0,,,,,,,,,
1122284,2017/18,2018-02-16,SuperSport Park,1,10.4,South Africa,India,K Zondo,AB de Villiers,HH Pandya,0,0,,,,,,,,,
1122284,2017/18,2018-02-16,SuperSport Park,1,10.5,South Africa,India,K Zondo,AB de Villiers,HH Pandya,1,0,,,,,,,,,
1122284,2017/18,2018-02-16,SuperSport Park,1,10.6,South Africa,India,AB de Villiers,K Zondo,HH Pandya,0,0,,,,,,,,,
1122284,2017/18,2018-02-16,SuperSport Park,1,11.1,South Africa,India,K Zondo,AB de Villiers,Kuldeep Yadav,1,0,,,,,,,,,
1122284,2017/18,2018-02-16,SuperSport Park,1,11.2,South Africa,India,AB de Villiers,K Zondo,Kuldeep Yadav,0,0,,,,,,,,,
1122284,2017/18,2018-02-16,SuperSport Park,1,11.3,South Africa,India,AB de Villiers,K Zondo,Kuldeep Yadav,1,0,,,,,,,,,
1122284,2017/18,2018-02-16,SuperSport Park,1,11.4,South Africa,India,K Zondo,AB de Villiers,Kuldeep Yadav,0,0,,,,,,,,,
1122284,2017/18,2018-02-16,SuperSport Park,1,11.5,South Africa,India,K Zondo,AB de Villiers,Kuldeep Yadav,1,0,,,,,,,,,
1122284,2017/18,2018-02-16,SuperSport Park,1,11.6,South Africa,India,AB de Villiers,K Zondo,Kuldeep Yadav,1,0,,,,,,,,,
1122284,2017/18,2018-02-16,SuperSport Park,1,12.1,South Africa,India,AB de Villiers,K Zondo,HH Pandya,1,0,,,,,,,,,
1122284,2017/18,2018-02-16,SuperSport Park,1,12.2,South Africa,India,K Zondo,AB de Villiers,HH Pandya,4,0,,,,,,,,,
1122284,2017/18,2018-02-16,SuperSport Park,1,12.3,South Africa,India,K Zondo,AB de Villiers,HH Pandya,0,0,,,,,,,,,
1122284,2017/18,2018-02-16,SuperSport Park,1,12.4,South Africa,India,K Zondo,AB de Villiers,HH Pandya,0,0,,,,,,,,,
1122284,2017/18,2018-02-16,SuperSport Park,1,12.5,South Africa,India,K Zondo,AB de Villiers,HH Pandya,1,0,,,,,,,,,
1122284,2017/18,2018-02-16,SuperSport Park,1,12.6,South Africa,India,AB de Villiers,K Zondo,HH Pandya,0,0,,,,,,,,,
1122284,2017/18,2018-02-16,SuperSport Park,1,13.1,South Africa,India,K Zondo,AB de Villiers,Kuldeep Yadav,0,0,,,,,,,,,
1122284,2017/18,2018-02-16,SuperSport Park,1,13.2,South Africa,India,K Zondo,AB de Villiers,Kuldeep Yadav,0,0,,,,,,,,,
1122284,2017/18,2018-02-16,SuperSport Park,1,13.3,South Africa,India,K Zondo,AB de Villiers,Kuldeep Yadav,0,0,,,,,,,,,
1122284,2017/18,2018-02-16,SuperSport Park,1,13.4,South Africa,India,K Zondo,AB de Villiers,Kuldeep Yadav,1,0,,,,,,,,,
1122284,2017/18,2018-02-16,SuperSport Park,1,13.5,South Africa,India,AB de Villiers,K Zondo,Kuldeep Yadav,0,0,,,,,,,,,
1122284,2017/18,2018-02-16,SuperSport Park,1,13.6,South Africa,India,AB de Villiers,K Zondo,Kuldeep Yadav,0,0,,,,,,,,,
1122284,2017/18,2018-02-16,SuperSport Park,1,14.1,South Africa,India,K Zondo,AB de Villiers,HH Pandya,1,0,,,,,,,,,
1122284,2017/18,2018-02-16,SuperSport Park,1,14.2,South Africa,India,AB de Villiers,K Zondo,HH Pandya,0,0,,,,,,,,,
1122284,2017/18,2018-02-16,SuperSport Park,1,14.3,South Africa,India,AB de Villiers,K Zondo,HH Pandya,0,0,,,,,,,,,
1122284,2017/18,2018-02-16,SuperSport Park,1,14.4,South Africa,India,AB de Villiers,K Zondo,HH Pandya,0,0,,,,,,,,,
1122284,2017/18,2018-02-16,SuperSport Park,1,14.5,South Africa,India,AB de Villiers,K Zondo,HH Pandya,1,0,,,,,,,,,
1122284,2017/18,2018-02-16,SuperSport Park,1,14.6,South Africa,India,K Zondo,AB de Villiers,HH Pandya,1,0,,,,,,,,,
1122284,2017/18,2018-02-16,SuperSport Park,1,15.1,South Africa,India,K Zondo,AB de Villiers,Kuldeep Yadav,4,0,,,,,,,,,
1122284,2017/18,2018-02-16,SuperSport Park,1,15.2,South Africa,India,K Zondo,AB de Villiers,Kuldeep Yadav,4,0,,,,,,,,,
1122284,2017/18,2018-02-16,SuperSport Park,1,15.3,South Africa,India,K Zondo,AB de Villiers,Kuldeep Yadav,0,0,,,,,,,,,
1122284,2017/18,2018-02-16,SuperSport Park,1,15.4,South Africa,India,K Zondo,AB de Villiers,Kuldeep Yadav,0,0,,,,,,,,,
1122284,2017/18,2018-02-16,SuperSport Park,1,15.5,South Africa,India,K Zondo,AB de Villiers,Kuldeep Yadav,0,0,,,,,,,,,
1122284,2017/18,2018-02-16,SuperSport Park,1,15.6,South Africa,India,K Zondo,AB de Villiers,Kuldeep Yadav,0,0,,,,,,,,,
1122284,2017/18,2018-02-16,SuperSport Park,1,16.1,South Africa,India,AB de Villiers,K Zondo,YS Chahal,1,0,,,,,,,,,
1122284,2017/18,2018-02-16,SuperSport Park,1,16.2,South Africa,India,K Zondo,AB de Villiers,YS Chahal,0,0,,,,,,,,,
1122284,2017/18,2018-02-16,SuperSport Park,1,16.3,South Africa,India,K Zondo,AB de Villiers,YS Chahal,2,0,,,,,,,,,
1122284,2017/18,2018-02-16,SuperSport Park,1,16.4,South Africa,India,K Zondo,AB de Villiers,YS Chahal,0,0,,,,,,,,,
1122284,2017/18,2018-02-16,SuperSport Park,1,16.5,South Africa,India,K Zondo,AB de Villiers,YS Chahal,1,0,,,,,,,,,
1122284,2017/18,2018-02-16,SuperSport Park,1,16.6,South Africa,India,AB de Villiers,K Zondo,YS Chahal,1,0,,,,,,,,,
1122284,2017/18,2018-02-16,SuperSport Park,1,17.1,South Africa,India,AB de Villiers,K Zondo,Kuldeep Yadav,1,0,,,,,,,,,
1122284,2017/18,2018-02-16,SuperSport Park,1,17.2,South Africa,India,K Zondo,AB de Villiers,Kuldeep Yadav,1,0,,,,,,,,,
1122284,2017/18,2018-02-16,SuperSport Park,1,17.3,South Africa,India,AB de Villiers,K Zondo,Kuldeep Yadav,2,0,,,,,,,,,
1122284,2017/18,2018-02-16,SuperSport Park,1,17.4,South Africa,India,AB de Villiers,K Zondo,Kuldeep Yadav,4,0,,,,,,,,,
1122284,2017/18,2018-02-16,SuperSport Park,1,17.5,South Africa,India,AB de Villiers,K Zondo,Kuldeep Yadav,4,0,,,,,,,,,
1122284,2017/18,2018-02-16,SuperSport Park,1,17.6,South Africa,India,AB de Villiers,K Zondo,Kuldeep Yadav,4,0,,,,,,,,,
1122284,2017/18,2018-02-16,SuperSport Park,1,18.1,South Africa,India,K Zondo,AB de Villiers,YS Chahal,0,0,,,,,,,,,
1122284,2017/18,2018-02-16,SuperSport Park,1,18.2,South Africa,India,K Zondo,AB de Villiers,YS Chahal,0,0,,,,,,,,,
1122284,2017/18,2018-02-16,SuperSport Park,1,18.3,South Africa,India,K Zondo,AB de Villiers,YS Chahal,6,0,,,,,,,,,
1122284,2017/18,2018-02-16,SuperSport Park,1,18.4,South Africa,India,K Zondo,AB de Villiers,YS Chahal,0,0,,,,,,,,,
1122284,2017/18,2018-02-16,SuperSport Park,1,18.5,South Africa,India,K Zondo,AB de Villiers,YS Chahal,0,0,,,,,,,,,
1122284,2017/18,2018-02-16,SuperSport Park,1,18.6,South Africa,India,K Zondo,AB de Villiers,YS Chahal,6,0,,,,,,,,,
1122284,2017/18,2018-02-16,SuperSport Park,1,19.1,South Africa,India,AB de Villiers,K Zondo,Kuldeep Yadav,1,0,,,,,,,,,
1122284,2017/18,2018-02-16,SuperSport Park,1,19.2,South Africa,India,K Zondo,AB de Villiers,Kuldeep Yadav,1,0,,,,,,,,,
1122284,2017/18,2018-02-16,SuperSport Park,1,19.3,South Africa,India,AB de Villiers,K Zondo,Kuldeep Yadav,1,0,,,,,,,,,
1122284,2017/18,2018-02-16,SuperSport Park,1,19.4,South Africa,India,K Zondo,AB de Villiers,Kuldeep Yadav,0,0,,,,,,,,,
1122284,2017/18,2018-02-16,SuperSport Park,1,19.5,South Africa,India,K Zondo,AB de Villiers,Kuldeep Yadav,1,0,,,,,,,,,
1122284,2017/18,2018-02-16,SuperSport Park,1,19.6,South Africa,India,AB de Villiers,K Zondo,Kuldeep Yadav,0,0,,,,,,,,,
1122284,2017/18,2018-02-16,SuperSport Park,1,20.1,South Africa,India,K Zondo,AB de Villiers,YS Chahal,0,0,,,,,,,,,
1122284,2017/18,2018-02-16,SuperSport Park,1,20.2,South Africa,India,K Zondo,AB de Villiers,YS Chahal,0,0,,,,,,,,,
1122284,2017/18,2018-02-16,SuperSport Park,1,20.3,South Africa,India,K Zondo,AB de Villiers,YS Chahal,1,0,,,,,,,,,
1122284,2017/18,2018-02-16,SuperSport Park,1,20.4,South Africa,India,AB de Villiers,K Zondo,YS Chahal,0,0,,,,,,,,,
1122284,2017/18,2018-02-16,SuperSport Park,1,20.5,South Africa,India,AB de Villiers,K Zondo,YS Chahal,0,0,,,,,,bowled,AB de Villiers,,
1122284,2017/18,2018-02-16,SuperSport Park,1,20.6,South Africa,India,H Klaasen,K Zondo,YS Chahal,1,0,,,,,,,,,
1122284,2017/18,2018-02-16,SuperSport Park,1,21.1,South Africa,India,H Klaasen,K Zondo,Kuldeep Yadav,0,0,,,,,,,,,
1122284,2017/18,2018-02-16,SuperSport Park,1,21.2,South Africa,India,H Klaasen,K Zondo,Kuldeep Yadav,0,0,,,,,,,,,
1122284,2017/18,2018-02-16,SuperSport Park,1,21.3,South Africa,India,H Klaasen,K Zondo,Kuldeep Yadav,0,0,,,,,,,,,
1122284,2017/18,2018-02-16,SuperSport Park,1,21.4,South Africa,India,H Klaasen,K Zondo,Kuldeep Yadav,1,0,,,,,,,,,
1122284,2017/18,2018-02-16,SuperSport Park,1,21.5,South Africa,India,K Zondo,H Klaasen,Kuldeep Yadav,0,0,,,,,,,,,
1122284,2017/18,2018-02-16,SuperSport Park,1,21.6,South Africa,India,K Zondo,H Klaasen,Kuldeep Yadav,1,0,,,,,,,,,
1122284,2017/18,2018-02-16,SuperSport Park,1,22.1,South Africa,India,K Zondo,H Klaasen,YS Chahal,0,0,,,,,,,,,
1122284,2017/18,2018-02-16,SuperSport Park,1,22.2,South Africa,India,K Zondo,H Klaasen,YS Chahal,0,0,,,,,,,,,
1122284,2017/18,2018-02-16,SuperSport Park,1,22.3,South Africa,India,K Zondo,H Klaasen,YS Chahal,0,0,,,,,,,,,
1122284,2017/18,2018-02-16,SuperSport Park,1,22.4,South Africa,India,K Zondo,H Klaasen,YS Chahal,0,0,,,,,,,,,
1122284,2017/18,2018-02-16,SuperSport Park,1,22.5,South Africa,India,K Zondo,H Klaasen,YS Chahal,1,0,,,,,,,,,
1122284,2017/18,2018-02-16,SuperSport Park,1,22.6,South Africa,India,H Klaasen,K Zondo,YS Chahal,0,0,,,,,,,,,
1122284,2017/18,2018-02-16,SuperSport Park,1,23.1,South Africa,India,K Zondo,H Klaasen,HH Pandya,0,0,,,,,,,,,
1122284,2017/18,2018-02-16,SuperSport Park,1,23.2,South Africa,India,K Zondo,H Klaasen,HH Pandya,1,0,,,,,,,,,
1122284,2017/18,2018-02-16,SuperSport Park,1,23.3,South Africa,India,H Klaasen,K Zondo,HH Pandya,0,0,,,,,,,,,
1122284,2017/18,2018-02-16,SuperSport Park,1,23.4,South Africa,India,H Klaasen,K Zondo,HH Pandya,0,0,,,,,,,,,
1122284,2017/18,2018-02-16,SuperSport Park,1,23.5,South Africa,India,H Klaasen,K Zondo,HH Pandya,0,0,,,,,,,,,
1122284,2017/18,2018-02-16,SuperSport Park,1,23.6,South Africa,India,H Klaasen,K Zondo,HH Pandya,1,0,,,,,,,,,
1122284,2017/18,2018-02-16,SuperSport Park,1,24.1,South Africa,India,H Klaasen,K Zondo,YS Chahal,1,0,,,,,,,,,
1122284,2017/18,2018-02-16,SuperSport Park,1,24.2,South Africa,India,K Zondo,H Klaasen,YS Chahal,1,0,,,,,,,,,
1122284,2017/18,2018-02-16,SuperSport Park,1,24.3,South Africa,India,H Klaasen,K Zondo,YS Chahal,1,0,,,,,,,,,
1122284,2017/18,2018-02-16,SuperSport Park,1,24.4,South Africa,India,K Zondo,H Klaasen,YS Chahal,0,0,,,,,,,,,
1122284,2017/18,2018-02-16,SuperSport Park,1,24.5,South Africa,India,K Zondo,H Klaasen,YS Chahal,1,0,,,,,,,,,
1122284,2017/18,2018-02-16,SuperSport Park,1,24.6,South Africa,India,H Klaasen,K Zondo,YS Chahal,1,0,,,,,,,,,
1122284,2017/18,2018-02-16,SuperSport Park,1,25.1,South Africa,India,H Klaasen,K Zondo,HH Pandya,0,0,,,,,,,,,
1122284,2017/18,2018-02-16,SuperSport Park,1,25.2,South Africa,India,H Klaasen,K Zondo,HH Pandya,0,0,,,,,,,,,
1122284,2017/18,2018-02-16,SuperSport Park,1,25.3,South Africa,India,H Klaasen,K Zondo,HH Pandya,0,0,,,,,,,,,
1122284,2017/18,2018-02-16,SuperSport Park,1,25.4,South Africa,India,H Klaasen,K Zondo,HH Pandya,0,0,,,,,,,,,
1122284,2017/18,2018-02-16,SuperSport Park,1,25.5,South Africa,India,H Klaasen,K Zondo,HH Pandya,0,0,,,,,,,,,
1122284,2017/18,2018-02-16,SuperSport Park,1,25.6,South Africa,India,H Klaasen,K Zondo,HH Pandya,1,0,,,,,,,,,
1122284,2017/18,2018-02-16,SuperSport Park,1,26.1,South Africa,India,H Klaasen,K Zondo,YS Chahal,0,0,,,,,,,,,
1122284,2017/18,2018-02-16,SuperSport Park,1,26.2,South Africa,India,H Klaasen,K Zondo,YS Chahal,0,0,,,,,,,,,
1122284,2017/18,2018-02-16,SuperSport Park,1,26.3,South Africa,India,H Klaasen,K Zondo,YS Chahal,0,0,,,,,,,,,
1122284,2017/18,2018-02-16,SuperSport Park,1,26.4,South Africa,India,H Klaasen,K Zondo,YS Chahal,1,0,,,,,,,,,
1122284,2017/18,2018-02-16,SuperSport Park,1,26.5,South Africa,India,K Zondo,H Klaasen,YS Chahal,1,0,,,,,,,,,
1122284,2017/18,2018-02-16,SuperSport Park,1,26.6,South Africa,India,H Klaasen,K Zondo,YS Chahal,0,0,,,,,,,,,
1122284,2017/18,2018-02-16,SuperSport Park,1,27.1,South Africa,India,K Zondo,H Klaasen,HH Pandya,1,0,,,,,,,,,
1122284,2017/18,2018-02-16,SuperSport Park,1,27.2,South Africa,India,H Klaasen,K Zondo,HH Pandya,0,0,,,,,,,,,
1122284,2017/18,2018-02-16,SuperSport Park,1,27.3,South Africa,India,H Klaasen,K Zondo,HH Pandya,1,0,,,,,,,,,
1122284,2017/18,2018-02-16,SuperSport Park,1,27.4,South Africa,India,K Zondo,H Klaasen,HH Pandya,0,0,,,,,,,,,
1122284,2017/18,2018-02-16,SuperSport Park,1,27.5,South Africa,India,K Zondo,H Klaasen,HH Pandya,0,0,,,,,,,,,
1122284,2017/18,2018-02-16,SuperSport Park,1,27.6,South Africa,India,K Zondo,H Klaasen,HH Pandya,0,0,,,,,,,,,
1122284,2017/18,2018-02-16,SuperSport Park,1,28.1,South Africa,India,H Klaasen,K Zondo,JJ Bumrah,0,0,,,,,,,,,
1122284,2017/18,2018-02-16,SuperSport Park,1,28.2,South Africa,India,H Klaasen,K Zondo,JJ Bumrah,0,0,,,,,,,,,
1122284,2017/18,2018-02-16,SuperSport Park,1,28.3,South Africa,India,H Klaasen,K Zondo,JJ Bumrah,0,0,,,,,,,,,
1122284,2017/18,2018-02-16,SuperSport Park,1,28.4,South Africa,India,H Klaasen,K Zondo,JJ Bumrah,4,0,,,,,,,,,
1122284,2017/18,2018-02-16,SuperSport Park,1,28.5,South Africa,India,H Klaasen,K Zondo,JJ Bumrah,0,0,,,,,,,,,
1122284,2017/18,2018-02-16,SuperSport Park,1,28.6,South Africa,India,H Klaasen,K Zondo,JJ Bumrah,4,0,,,,,,,,,
1122284,2017/18,2018-02-16,SuperSport Park,1,29.1,South Africa,India,K Zondo,H Klaasen,SN Thakur,1,0,,,,,,,,,
1122284,2017/18,2018-02-16,SuperSport Park,1,29.2,South Africa,India,H Klaasen,K Zondo,SN Thakur,0,0,,,,,,,,,
1122284,2017/18,2018-02-16,SuperSport Park,1,29.3,South Africa,India,H Klaasen,K Zondo,SN Thakur,0,0,,,,,,,,,
1122284,2017/18,2018-02-16,SuperSport Park,1,29.4,South Africa,India,H Klaasen,K Zondo,SN Thakur,4,0,,,,,,,,,
1122284,2017/18,2018-02-16,SuperSport Park,1,29.5,South Africa,India,H Klaasen,K Zondo,SN Thakur,0,0,,,,,,,,,
1122284,2017/18,2018-02-16,SuperSport Park,1,29.6,South Africa,India,H Klaasen,K Zondo,SN Thakur,1,0,,,,,,,,,
1122284,2017/18,2018-02-16,SuperSport Park,1,30.1,South Africa,India,H Klaasen,K Zondo,JJ Bumrah,0,0,,,,,,,,,
1122284,2017/18,2018-02-16,SuperSport Park,1,30.2,South Africa,India,H Klaasen,K Zondo,JJ Bumrah,0,0,,,,,,,,,
1122284,2017/18,2018-02-16,SuperSport Park,1,30.3,South Africa,India,H Klaasen,K Zondo,JJ Bumrah,0,0,,,,,,caught,H Klaasen,,
1122284,2017/18,2018-02-16,SuperSport Park,1,30.4,South Africa,India,F Behardien,K Zondo,JJ Bumrah,0,0,,,,,,,,,
1122284,2017/18,2018-02-16,SuperSport Park,1,30.5,South Africa,India,F Behardien,K Zondo,JJ Bumrah,0,0,,,,,,,,,
1122284,2017/18,2018-02-16,SuperSport Park,1,30.6,South Africa,India,F Behardien,K Zondo,JJ Bumrah,1,0,,,,,,,,,
1122284,2017/18,2018-02-16,SuperSport Park,1,31.1,South Africa,India,F Behardien,K Zondo,SN Thakur,0,0,,,,,,,,,
1122284,2017/18,2018-02-16,SuperSport Park,1,31.2,South Africa,India,F Behardien,K Zondo,SN Thakur,0,0,,,,,,caught,F Behardien,,
1122284,2017/18,2018-02-16,SuperSport Park,1,31.3,South Africa,India,CH Morris,K Zondo,SN Thakur,0,0,,,,,,,,,
1122284,2017/18,2018-02-16,SuperSport Park,1,31.4,South Africa,India,CH Morris,K Zondo,SN Thakur,0,0,,,,,,,,,
1122284,2017/18,2018-02-16,SuperSport Park,1,31.5,South Africa,India,CH Morris,K Zondo,SN Thakur,1,0,,,,,,,,,
1122284,2017/18,2018-02-16,SuperSport Park,1,31.6,South Africa,India,K Zondo,CH Morris,SN Thakur,0,0,,,,,,,,,
1122284,2017/18,2018-02-16,SuperSport Park,1,32.1,South Africa,India,CH Morris,K Zondo,HH Pandya,0,0,,,,,,,,,
1122284,2017/18,2018-02-16,SuperSport Park,1,32.2,South Africa,India,CH Morris,K Zondo,HH Pandya,0,0,,,,,,,,,
1122284,2017/18,2018-02-16,SuperSport Park,1,32.3,South Africa,India,CH Morris,K Zondo,HH Pandya,1,0,,,,,,,,,
1122284,2017/18,2018-02-16,SuperSport Park,1,32.4,South Africa,India,K Zondo,CH Morris,HH Pandya,0,0,,,,,,,,,
1122284,2017/18,2018-02-16,SuperSport Park,1,32.5,South Africa,India,K Zondo,CH Morris,HH Pandya,0,0,,,,,,,,,
1122284,2017/18,2018-02-16,SuperSport Park,1,32.6,South Africa,India,K Zondo,CH Morris,HH Pandya,1,0,,,,,,,,,
1122284,2017/18,2018-02-16,SuperSport Park,1,33.1,South Africa,India,K Zondo,CH Morris,Kuldeep Yadav,1,0,,,,,,,,,
1122284,2017/18,2018-02-16,SuperSport Park,1,33.2,South Africa,India,CH Morris,K Zondo,Kuldeep Yadav,2,0,,,,,,,,,
1122284,2017/18,2018-02-16,SuperSport Park,1,33.3,South Africa,India,CH Morris,K Zondo,Kuldeep Yadav,0,0,,,,,,caught,CH Morris,,
1122284,2017/18,2018-02-16,SuperSport Park,1,33.4,South Africa,India,K Zondo,AL Phehlukwayo,Kuldeep Yadav,0,0,,,,,,,,,
1122284,2017/18,2018-02-16,SuperSport Park,1,33.5,South Africa,India,K Zondo,AL Phehlukwayo,Kuldeep Yadav,1,0,,,,,,,,,
1122284,2017/18,2018-02-16,SuperSport Park,1,33.6,South Africa,India,AL Phehlukwayo,K Zondo,Kuldeep Yadav,0,0,,,,,,,,,
1122284,2017/18,2018-02-16,SuperSport Park,1,34.1,South Africa,India,K Zondo,AL Phehlukwayo,YS Chahal,1,0,,,,,,,,,
1122284,2017/18,2018-02-16,SuperSport Park,1,34.2,South Africa,India,AL Phehlukwayo,K Zondo,YS Chahal,0,0,,,,,,,,,
1122284,2017/18,2018-02-16,SuperSport Park,1,34.3,South Africa,India,AL Phehlukwayo,K Zondo,YS Chahal,0,0,,,,,,,,,
1122284,2017/18,2018-02-16,SuperSport Park,1,34.4,South Africa,India,AL Phehlukwayo,K Zondo,YS Chahal,0,0,,,,,,,,,
1122284,2017/18,2018-02-16,SuperSport Park,1,34.5,South Africa,India,AL Phehlukwayo,K Zondo,YS Chahal,1,0,,,,,,,,,
1122284,2017/18,2018-02-16,SuperSport Park,1,34.6,South Africa,India,K Zondo,AL Phehlukwayo,YS Chahal,0,0,,,,,,,,,
1122284,2017/18,2018-02-16,SuperSport Park,1,35.1,South Africa,India,AL Phehlukwayo,K Zondo,Kuldeep Yadav,1,0,,,,,,,,,
1122284,2017/18,2018-02-16,SuperSport Park,1,35.2,South Africa,India,K Zondo,AL Phehlukwayo,Kuldeep Yadav,1,0,,,,,,,,,
1122284,2017/18,2018-02-16,SuperSport Park,1,35.3,South Africa,India,AL Phehlukwayo,K Zondo,Kuldeep Yadav,0,0,,,,,,,,,
1122284,2017/18,2018-02-16,SuperSport Park,1,35.4,South Africa,India,AL Phehlukwayo,K Zondo,Kuldeep Yadav,0,0,,,,,,,,,
1122284,2017/18,2018-02-16,SuperSport Park,1,35.5,South Africa,India,AL Phehlukwayo,K Zondo,Kuldeep Yadav,0,0,,,,,,,,,
1122284,2017/18,2018-02-16,SuperSport Park,1,35.6,South Africa,India,AL Phehlukwayo,K Zondo,Kuldeep Yadav,1,0,,,,,,,,,
1122284,2017/18,2018-02-16,SuperSport Park,1,36.1,South Africa,India,AL Phehlukwayo,K Zondo,YS Chahal,0,0,,,,,,,,,
1122284,2017/18,2018-02-16,SuperSport Park,1,36.2,South Africa,India,AL Phehlukwayo,K Zondo,YS Chahal,1,0,,,,,,,,,
1122284,2017/18,2018-02-16,SuperSport Park,1,36.3,South Africa,India,K Zondo,AL Phehlukwayo,YS Chahal,0,0,,,,,,,,,
1122284,2017/18,2018-02-16,SuperSport Park,1,36.4,South Africa,India,K Zondo,AL Phehlukwayo,YS Chahal,2,0,,,,,,,,,
1122284,2017/18,2018-02-16,SuperSport Park,1,36.5,South Africa,India,K Zondo,AL Phehlukwayo,YS Chahal,0,0,,,,,,,,,
1122284,2017/18,2018-02-16,SuperSport Park,1,36.6,South Africa,India,K Zondo,AL Phehlukwayo,YS Chahal,0,0,,,,,,caught,K Zondo,,
1122284,2017/18,2018-02-16,SuperSport Park,1,37.1,South Africa,India,M Morkel,AL Phehlukwayo,Kuldeep Yadav,0,0,,,,,,,,,
1122284,2017/18,2018-02-16,SuperSport Park,1,37.2,South Africa,India,M Morkel,AL Phehlukwayo,Kuldeep Yadav,0,0,,,,,,,,,
1122284,2017/18,2018-02-16,SuperSport Park,1,37.3,South Africa,India,M Morkel,AL Phehlukwayo,Kuldeep Yadav,0,0,,,,,,,,,
1122284,2017/18,2018-02-16,SuperSport Park,1,37.4,South Africa,India,M Morkel,AL Phehlukwayo,Kuldeep Yadav,0,0,,,,,,,,,
1122284,2017/18,2018-02-16,SuperSport Park,1,37.5,South Africa,India,M Morkel,AL Phehlukwayo,Kuldeep Yadav,6,0,,,,,,,,,
1122284,2017/18,2018-02-16,SuperSport Park,1,37.6,South Africa,India,M Morkel,AL Phehlukwayo,Kuldeep Yadav,1,0,,,,,,,,,
1122284,2017/18,2018-02-16,SuperSport Park,1,38.1,South Africa,India,M Morkel,AL Phehlukwayo,YS Chahal,1,0,,,,,,,,,
1122284,2017/18,2018-02-16,SuperSport Park,1,38.2,South Africa,India,AL Phehlukwayo,M Morkel,YS Chahal,0,0,,,,,,,,,
1122284,2017/18,2018-02-16,SuperSport Park,1,38.3,South Africa,India,AL Phehlukwayo,M Morkel,YS Chahal,0,0,,,,,,,,,
1122284,2017/18,2018-02-16,SuperSport Park,1,38.4,South Africa,India,AL Phehlukwayo,M Morkel,YS Chahal,1,0,,,,,,,,,
1122284,2017/18,2018-02-16,SuperSport Park,1,38.5,South Africa,India,M Morkel,AL Phehlukwayo,YS Chahal,0,0,,,,,,,,,
1122284,2017/18,2018-02-16,SuperSport Park,1,38.6,South Africa,India,M Morkel,AL Phehlukwayo,YS Chahal,0,0,,,,,,,,,
1122284,2017/18,2018-02-16,SuperSport Park,1,39.1,South Africa,India,AL Phehlukwayo,M Morkel,Kuldeep Yadav,0,0,,,,,,,,,
1122284,2017/18,2018-02-16,SuperSport Park,1,39.2,South Africa,India,AL Phehlukwayo,M Morkel,Kuldeep Yadav,0,0,,,,,,,,,
1122284,2017/18,2018-02-16,SuperSport Park,1,39.3,South Africa,India,AL Phehlukwayo,M Morkel,Kuldeep Yadav,0,0,,,,,,,,,
1122284,2017/18,2018-02-16,SuperSport Park,1,39.4,South Africa,India,AL Phehlukwayo,M Morkel,Kuldeep Yadav,1,0,,,,,,,,,
1122284,2017/18,2018-02-16,SuperSport Park,1,39.5,South Africa,India,M Morkel,AL Phehlukwayo,Kuldeep Yadav,1,0,,,,,,,,,
1122284,2017/18,2018-02-16,SuperSport Park,1,39.6,South Africa,India,AL Phehlukwayo,M Morkel,Kuldeep Yadav,0,0,,,,,,,,,
1122284,2017/18,2018-02-16,SuperSport Park,1,40.1,South Africa,India,M Morkel,AL Phehlukwayo,YS Chahal,1,0,,,,,,,,,
1122284,2017/18,2018-02-16,SuperSport Park,1,40.2,South Africa,India,AL Phehlukwayo,M Morkel,YS Chahal,2,0,,,,,,,,,
1122284,2017/18,2018-02-16,SuperSport Park,1,40.3,South Africa,India,AL Phehlukwayo,M Morkel,YS Chahal,0,0,,,,,,,,,
1122284,2017/18,2018-02-16,SuperSport Park,1,40.4,South Africa,India,AL Phehlukwayo,M Morkel,YS Chahal,0,0,,,,,,,,,
1122284,2017/18,2018-02-16,SuperSport Park,1,40.5,South Africa,India,AL Phehlukwayo,M Morkel,YS Chahal,0,0,,,,,,,,,
1122284,2017/18,2018-02-16,SuperSport Park,1,40.6,South Africa,India,AL Phehlukwayo,M Morkel,YS Chahal,1,0,,,,,,,,,
1122284,2017/18,2018-02-16,SuperSport Park,1,41.1,South Africa,India,AL Phehlukwayo,M Morkel,HH Pandya,1,0,,,,,,,,,
1122284,2017/18,2018-02-16,SuperSport Park,1,41.2,South Africa,India,M Morkel,AL Phehlukwayo,HH Pandya,1,0,,,,,,,,,
1122284,2017/18,2018-02-16,SuperSport Park,1,41.3,South Africa,India,AL Phehlukwayo,M Morkel,HH Pandya,4,0,,,,,,,,,
1122284,2017/18,2018-02-16,SuperSport Park,1,41.4,South Africa,India,AL Phehlukwayo,M Morkel,HH Pandya,0,0,,,,,,,,,
1122284,2017/18,2018-02-16,SuperSport Park,1,41.5,South Africa,India,AL Phehlukwayo,M Morkel,HH Pandya,0,0,,,,,,,,,
1122284,2017/18,2018-02-16,SuperSport Park,1,41.6,South Africa,India,AL Phehlukwayo,M Morkel,HH Pandya,4,0,,,,,,,,,
1122284,2017/18,2018-02-16,SuperSport Park,1,42.1,South Africa,India,M Morkel,AL Phehlukwayo,JJ Bumrah,0,0,,,,,,,,,
1122284,2017/18,2018-02-16,SuperSport Park,1,42.2,South Africa,India,M Morkel,AL Phehlukwayo,JJ Bumrah,0,0,,,,,,,,,
1122284,2017/18,2018-02-16,SuperSport Park,1,42.3,South Africa,India,M Morkel,AL Phehlukwayo,JJ Bumrah,1,0,,,,,,,,,
1122284,2017/18,2018-02-16,SuperSport Park,1,42.4,South Africa,India,AL Phehlukwayo,M Morkel,JJ Bumrah,0,0,,,,,,,,,
1122284,2017/18,2018-02-16,SuperSport Park,1,42.5,South Africa,India,AL Phehlukwayo,M Morkel,JJ Bumrah,1,0,,,,,,,,,
1122284,2017/18,2018-02-16,SuperSport Park,1,42.6,South Africa,India,M Morkel,AL Phehlukwayo,JJ Bumrah,1,0,,,,,,,,,
1122284,2017/18,2018-02-16,SuperSport Park,1,43.1,South Africa,India,M Morkel,AL Phehlukwayo,HH Pandya,6,0,,,,,,,,,
1122284,2017/18,2018-02-16,SuperSport Park,1,43.2,South Africa,India,M Morkel,AL Phehlukwayo,HH Pandya,1,0,,,,,,,,,
1122284,2017/18,2018-02-16,SuperSport Park,1,43.3,South Africa,India,AL Phehlukwayo,M Morkel,HH Pandya,1,0,,,,,,,,,
1122284,2017/18,2018-02-16,SuperSport Park,1,43.4,South Africa,India,M Morkel,AL Phehlukwayo,HH Pandya,0,0,,,,,,caught,M Morkel,,
1122284,2017/18,2018-02-16,SuperSport Park,1,43.5,South Africa,India,Imran Tahir,AL Phehlukwayo,HH Pandya,1,0,,,,,,,,,
1122284,2017/18,2018-02-16,SuperSport Park,1,43.6,South Africa,India,AL Phehlukwayo,Imran Tahir,HH Pandya,0,0,,,,,,,,,
1122284,2017/18,2018-02-16,SuperSport Park,1,44.1,South Africa,India,Imran Tahir,AL Phehlukwayo,SN Thakur,0,0,,,,,,,,,
1122284,2017/18,2018-02-16,SuperSport Park,1,44.2,South Africa,India,Imran Tahir,AL Phehlukwayo,SN Thakur,0,0,,,,,,,,,
1122284,2017/18,2018-02-16,SuperSport Park,1,44.3,South Africa,India,Imran Tahir,AL Phehlukwayo,SN Thakur,0,1,1,,,,,,,,
1122284,2017/18,2018-02-16,SuperSport Park,1,44.4,South Africa,India,Imran Tahir,AL Phehlukwayo,SN Thakur,1,0,,,,,,,,,
1122284,2017/18,2018-02-16,SuperSport Park,1,44.5,South Africa,India,AL Phehlukwayo,Imran Tahir,SN Thakur,1,0,,,,,,,,,
1122284,2017/18,2018-02-16,SuperSport Park,1,44.6,South Africa,India,Imran Tahir,AL Phehlukwayo,SN Thakur,0,0,,,,,,,,,
1122284,2017/18,2018-02-16,SuperSport Park,1,44.7,South Africa,India,Imran Tahir,AL Phehlukwayo,SN Thakur,0,0,,,,,,,,,
1122284,2017/18,2018-02-16,SuperSport Park,1,45.1,South Africa,India,AL Phehlukwayo,Imran Tahir,JJ Bumrah,0,0,,,,,,,,,
1122284,2017/18,2018-02-16,SuperSport Park,1,45.2,South Africa,India,AL Phehlukwayo,Imran Tahir,JJ Bumrah,1,0,,,,,,,,,
1122284,2017/18,2018-02-16,SuperSport Park,1,45.3,South Africa,India,Imran Tahir,AL Phehlukwayo,JJ Bumrah,0,0,,,,,,,,,
1122284,2017/18,2018-02-16,SuperSport Park,1,45.4,South Africa,India,Imran Tahir,AL Phehlukwayo,JJ Bumrah,0,0,,,,,,caught,Imran Tahir,,
1122284,2017/18,2018-02-16,SuperSport Park,1,45.5,South Africa,India,L Ngidi,AL Phehlukwayo,JJ Bumrah,0,0,,,,,,,,,
1122284,2017/18,2018-02-16,SuperSport Park,1,45.6,South Africa,India,L Ngidi,AL Phehlukwayo,JJ Bumrah,0,0,,,,,,,,,
1122284,2017/18,2018-02-16,SuperSport Park,1,46.1,South Africa,India,AL Phehlukwayo,L Ngidi,SN Thakur,0,0,,,,,,,,,
1122284,2017/18,2018-02-16,SuperSport Park,1,46.2,South Africa,India,AL Phehlukwayo,L Ngidi,SN Thakur,6,0,,,,,,,,,
1122284,2017/18,2018-02-16,SuperSport Park,1,46.3,South Africa,India,AL Phehlukwayo,L Ngidi,SN Thakur,6,0,,,,,,,,,
1122284,2017/18,2018-02-16,SuperSport Park,1,46.4,South Africa,India,AL Phehlukwayo,L Ngidi,SN Thakur,0,0,,,,,,,,,
1122284,2017/18,2018-02-16,SuperSport Park,1,46.5,South Africa,India,AL Phehlukwayo,L Ngidi,SN Thakur,0,0,,,,,,caught and bowled,AL Phehlukwayo,,
1122284,2017/18,2018-02-16,SuperSport Park,2,0.1,India,South Africa,S Dhawan,RG Sharma,M Morkel,1,0,,,,,,,,,
1122284,2017/18,2018-02-16,SuperSport Park,2,0.2,India,South Africa,RG Sharma,S Dhawan,M Morkel,0,0,,,,,,,,,
1122284,2017/18,2018-02-16,SuperSport Park,2,0.3,India,South Africa,RG Sharma,S Dhawan,M Morkel,0,0,,,,,,,,,
1122284,2017/18,2018-02-16,SuperSport Park,2,0.4,India,South Africa,RG Sharma,S Dhawan,M Morkel,0,0,,,,,,,,,
1122284,2017/18,2018-02-16,SuperSport Park,2,0.5,India,South Africa,RG Sharma,S Dhawan,M Morkel,4,0,,,,,,,,,
1122284,2017/18,2018-02-16,SuperSport Park,2,0.6,India,South Africa,RG Sharma,S Dhawan,M Morkel,4,0,,,,,,,,,
1122284,2017/18,2018-02-16,SuperSport Park,2,1.1,India,South Africa,S Dhawan,RG Sharma,L Ngidi,0,0,,,,,,,,,
1122284,2017/18,2018-02-16,SuperSport Park,2,1.2,India,South Africa,S Dhawan,RG Sharma,L Ngidi,0,0,,,,,,,,,
1122284,2017/18,2018-02-16,SuperSport Park,2,1.3,India,South Africa,S Dhawan,RG Sharma,L Ngidi,0,0,,,,,,,,,
1122284,2017/18,2018-02-16,SuperSport Park,2,1.4,India,South Africa,S Dhawan,RG Sharma,L Ngidi,0,0,,,,,,,,,
1122284,2017/18,2018-02-16,SuperSport Park,2,1.5,India,South Africa,S Dhawan,RG Sharma,L Ngidi,0,0,,,,,,,,,
1122284,2017/18,2018-02-16,SuperSport Park,2,1.6,India,South Africa,S Dhawan,RG Sharma,L Ngidi,0,0,,,,,,,,,
1122284,2017/18,2018-02-16,SuperSport Park,2,2.1,India,South Africa,RG Sharma,S Dhawan,M Morkel,1,0,,,,,,,,,
1122284,2017/18,2018-02-16,SuperSport Park,2,2.2,India,South Africa,S Dhawan,RG Sharma,M Morkel,0,1,1,,,,,,,,
1122284,2017/18,2018-02-16,SuperSport Park,2,2.3,India,South Africa,S Dhawan,RG Sharma,M Morkel,1,0,,,,,,,,,
1122284,2017/18,2018-02-16,SuperSport Park,2,2.4,India,South Africa,RG Sharma,S Dhawan,M Morkel,0,0,,,,,,,,,
1122284,2017/18,2018-02-16,SuperSport Park,2,2.5,India,South Africa,RG Sharma,S Dhawan,M Morkel,4,0,,,,,,,,,
1122284,2017/18,2018-02-16,SuperSport Park,2,2.6,India,South Africa,RG Sharma,S Dhawan,M Morkel,0,0,,,,,,,,,
1122284,2017/18,2018-02-16,SuperSport Park,2,2.7,India,South Africa,RG Sharma,S Dhawan,M Morkel,0,0,,,,,,,,,
1122284,2017/18,2018-02-16,SuperSport Park,2,3.1,India,South Africa,S Dhawan,RG Sharma,L Ngidi,1,0,,,,,,,,,
1122284,2017/18,2018-02-16,SuperSport Park,2,3.2,India,South Africa,RG Sharma,S Dhawan,L Ngidi,2,0,,,,,,,,,
1122284,2017/18,2018-02-16,SuperSport Park,2,3.3,India,South Africa,RG Sharma,S Dhawan,L Ngidi,0,0,,,,,,,,,
1122284,2017/18,2018-02-16,SuperSport Park,2,3.4,India,South Africa,RG Sharma,S Dhawan,L Ngidi,0,0,,,,,,caught,RG Sharma,,
1122284,2017/18,2018-02-16,SuperSport Park,2,3.5,India,South Africa,V Kohli,S Dhawan,L Ngidi,0,0,,,,,,,,,
1122284,2017/18,2018-02-16,SuperSport Park,2,3.6,India,South Africa,V Kohli,S Dhawan,L Ngidi,0,1,1,,,,,,,,
1122284,2017/18,2018-02-16,SuperSport Park,2,3.7,India,South Africa,V Kohli,S Dhawan,L Ngidi,0,0,,,,,,,,,
1122284,2017/18,2018-02-16,SuperSport Park,2,4.1,India,South Africa,S Dhawan,V Kohli,M Morkel,0,0,,,,,,,,,
1122284,2017/18,2018-02-16,SuperSport Park,2,4.2,India,South Africa,S Dhawan,V Kohli,M Morkel,0,0,,,,,,,,,
1122284,2017/18,2018-02-16,SuperSport Park,2,4.3,India,South Africa,S Dhawan,V Kohli,M Morkel,0,0,,,,,,,,,
1122284,2017/18,2018-02-16,SuperSport Park,2,4.4,India,South Africa,S Dhawan,V Kohli,M Morkel,0,1,1,,,,,,,,
1122284,2017/18,2018-02-16,SuperSport Park,2,4.5,India,South Africa,S Dhawan,V Kohli,M Morkel,0,0,,,,,,,,,
1122284,2017/18,2018-02-16,SuperSport Park,2,4.6,India,South Africa,S Dhawan,V Kohli,M Morkel,1,0,,,,,,,,,
1122284,2017/18,2018-02-16,SuperSport Park,2,4.7,India,South Africa,V Kohli,S Dhawan,M Morkel,0,0,,,,,,,,,
1122284,2017/18,2018-02-16,SuperSport Park,2,5.1,India,South Africa,S Dhawan,V Kohli,L Ngidi,1,0,,,,,,,,,
1122284,2017/18,2018-02-16,SuperSport Park,2,5.2,India,South Africa,V Kohli,S Dhawan,L Ngidi,0,1,1,,,,,,,,
1122284,2017/18,2018-02-16,SuperSport Park,2,5.3,India,South Africa,V Kohli,S Dhawan,L Ngidi,0,0,,,,,,,,,
1122284,2017/18,2018-02-16,SuperSport Park,2,5.4,India,South Africa,V Kohli,S Dhawan,L Ngidi,4,0,,,,,,,,,
1122284,2017/18,2018-02-16,SuperSport Park,2,5.5,India,South Africa,V Kohli,S Dhawan,L Ngidi,1,0,,,,,,,,,
1122284,2017/18,2018-02-16,SuperSport Park,2,5.6,India,South Africa,S Dhawan,V Kohli,L Ngidi,0,4,,,4,,,,,,
1122284,2017/18,2018-02-16,SuperSport Park,2,5.7,India,South Africa,S Dhawan,V Kohli,L Ngidi,0,0,,,,,,,,,
1122284,2017/18,2018-02-16,SuperSport Park,2,6.1,India,South Africa,V Kohli,S Dhawan,M Morkel,4,0,,,,,,,,,
1122284,2017/18,2018-02-16,SuperSport Park,2,6.2,India,South Africa,V Kohli,S Dhawan,M Morkel,4,0,,,,,,,,,
1122284,2017/18,2018-02-16,SuperSport Park,2,6.3,India,South Africa,V Kohli,S Dhawan,M Morkel,1,0,,,,,,,,,
1122284,2017/18,2018-02-16,SuperSport Park,2,6.4,India,South Africa,S Dhawan,V Kohli,M Morkel,0,0,,,,,,,,,
1122284,2017/18,2018-02-16,SuperSport Park,2,6.5,India,South Africa,S Dhawan,V Kohli,M Morkel,0,0,,,,,,,,,
1122284,2017/18,2018-02-16,SuperSport Park,2,6.6,India,South Africa,S Dhawan,V Kohli,M Morkel,0,0,,,,,,,,,
1122284,2017/18,2018-02-16,SuperSport Park,2,7.1,India,South Africa,V Kohli,S Dhawan,L Ngidi,1,0,,,,,,,,,
1122284,2017/18,2018-02-16,SuperSport Park,2,7.2,India,South Africa,S Dhawan,V Kohli,L Ngidi,1,0,,,,,,,,,
1122284,2017/18,2018-02-16,SuperSport Park,2,7.3,India,South Africa,V Kohli,S Dhawan,L Ngidi,0,0,,,,,,,,,
1122284,2017/18,2018-02-16,SuperSport Park,2,7.4,India,South Africa,V Kohli,S Dhawan,L Ngidi,4,0,,,,,,,,,
1122284,2017/18,2018-02-16,SuperSport Park,2,7.5,India,South Africa,V Kohli,S Dhawan,L Ngidi,4,0,,,,,,,,,
1122284,2017/18,2018-02-16,SuperSport Park,2,7.6,India,South Africa,V Kohli,S Dhawan,L Ngidi,1,0,,,,,,,,,
1122284,2017/18,2018-02-16,SuperSport Park,2,8.1,India,South Africa,V Kohli,S Dhawan,M Morkel,1,0,,,,,,,,,
1122284,2017/18,2018-02-16,SuperSport Park,2,8.2,India,South Africa,S Dhawan,V Kohli,M Morkel,0,0,,,,,,,,,
1122284,2017/18,2018-02-16,SuperSport Park,2,8.3,India,South Africa,S Dhawan,V Kohli,M Morkel,4,0,,,,,,,,,
1122284,2017/18,2018-02-16,SuperSport Park,2,8.4,India,South Africa,S Dhawan,V Kohli,M Morkel,0,1,,,,1,,,,,
1122284,2017/18,2018-02-16,SuperSport Park,2,8.5,India,South Africa,V Kohli,S Dhawan,M Morkel,0,0,,,,,,,,,
1122284,2017/18,2018-02-16,SuperSport Park,2,8.6,India,South Africa,V Kohli,S Dhawan,M Morkel,0,0,,,,,,,,,
1122284,2017/18,2018-02-16,SuperSport Park,2,9.1,India,South Africa,S Dhawan,V Kohli,CH Morris,0,0,,,,,,,,,
1122284,2017/18,2018-02-16,SuperSport Park,2,9.2,India,South Africa,S Dhawan,V Kohli,CH Morris,1,0,,,,,,,,,
1122284,2017/18,2018-02-16,SuperSport Park,2,9.3,India,South Africa,V Kohli,S Dhawan,CH Morris,0,0,,,,,,,,,
1122284,2017/18,2018-02-16,SuperSport Park,2,9.4,India,South Africa,V Kohli,S Dhawan,CH Morris,0,0,,,,,,,,,
1122284,2017/18,2018-02-16,SuperSport Park,2,9.5,India,South Africa,V Kohli,S Dhawan,CH Morris,3,0,,,,,,,,,
1122284,2017/18,2018-02-16,SuperSport Park,2,9.6,India,South Africa,S Dhawan,V Kohli,CH Morris,0,0,,,,,,,,,
1122284,2017/18,2018-02-16,SuperSport Park,2,10.1,India,South Africa,V Kohli,S Dhawan,L Ngidi,0,0,,,,,,,,,
1122284,2017/18,2018-02-16,SuperSport Park,2,10.2,India,South Africa,V Kohli,S Dhawan,L Ngidi,2,0,,,,,,,,,
1122284,2017/18,2018-02-16,SuperSport Park,2,10.3,India,South Africa,V Kohli,S Dhawan,L Ngidi,4,0,,,,,,,,,
1122284,2017/18,2018-02-16,SuperSport Park,2,10.4,India,South Africa,V Kohli,S Dhawan,L Ngidi,2,0,,,,,,,,,
1122284,2017/18,2018-02-16,SuperSport Park,2,10.5,India,South Africa,V Kohli,S Dhawan,L Ngidi,1,0,,,,,,,,,
1122284,2017/18,2018-02-16,SuperSport Park,2,10.6,India,South Africa,S Dhawan,V Kohli,L Ngidi,1,0,,,,,,,,,
1122284,2017/18,2018-02-16,SuperSport Park,2,11.1,India,South Africa,S Dhawan,V Kohli,CH Morris,1,0,,,,,,,,,
1122284,2017/18,2018-02-16,SuperSport Park,2,11.2,India,South Africa,V Kohli,S Dhawan,CH Morris,1,0,,,,,,,,,
1122284,2017/18,2018-02-16,SuperSport Park,2,11.3,India,South Africa,S Dhawan,V Kohli,CH Morris,1,0,,,,,,,,,
1122284,2017/18,2018-02-16,SuperSport Park,2,11.4,India,South Africa,V Kohli,S Dhawan,CH Morris,0,0,,,,,,,,,
1122284,2017/18,2018-02-16,SuperSport Park,2,11.5,India,South Africa,V Kohli,S Dhawan,CH Morris,0,0,,,,,,,,,
1122284,2017/18,2018-02-16,SuperSport Park,2,11.6,India,South Africa,V Kohli,S Dhawan,CH Morris,0,0,,,,,,,,,
1122284,2017/18,2018-02-16,SuperSport Park,2,12.1,India,South Africa,S Dhawan,V Kohli,L Ngidi,4,0,,,,,,,,,
1122284,2017/18,2018-02-16,SuperSport Park,2,12.2,India,South Africa,S Dhawan,V Kohli,L Ngidi,0,0,,,,,,,,,
1122284,2017/18,2018-02-16,SuperSport Park,2,12.3,India,South Africa,S Dhawan,V Kohli,L Ngidi,0,0,,,,,,,,,
1122284,2017/18,2018-02-16,SuperSport Park,2,12.4,India,South Africa,S Dhawan,V Kohli,L Ngidi,0,0,,,,,,caught,S Dhawan,,
1122284,2017/18,2018-02-16,SuperSport Park,2,12.5,India,South Africa,AM Rahane,V Kohli,L Ngidi,1,0,,,,,,,,,
1122284,2017/18,2018-02-16,SuperSport Park,2,12.6,India,South Africa,V Kohli,AM Rahane,L Ngidi,4,0,,,,,,,,,
1122284,2017/18,2018-02-16,SuperSport Park,2,13.1,India,South Africa,AM Rahane,V Kohli,CH Morris,0,0,,,,,,,,,
1122284,2017/18,2018-02-16,SuperSport Park,2,13.2,India,South Africa,AM Rahane,V Kohli,CH Morris,1,0,,,,,,,,,
1122284,2017/18,2018-02-16,SuperSport Park,2,13.3,India,South Africa,V Kohli,AM Rahane,CH Morris,0,0,,,,,,,,,
1122284,2017/18,2018-02-16,SuperSport Park,2,13.4,India,South Africa,V Kohli,AM Rahane,CH Morris,4,0,,,,,,,,,
1122284,2017/18,2018-02-16,SuperSport Park,2,13.5,India,South Africa,V Kohli,AM Rahane,CH Morris,1,0,,,,,,,,,
1122284,2017/18,2018-02-16,SuperSport Park,2,13.6,India,South Africa,AM Rahane,V Kohli,CH Morris,3,0,,,,,,,,,
1122284,2017/18,2018-02-16,SuperSport Park,2,14.1,India,South Africa,AM Rahane,V Kohli,M Morkel,4,0,,,,,,,,,
1122284,2017/18,2018-02-16,SuperSport Park,2,14.2,India,South Africa,AM Rahane,V Kohli,M Morkel,1,0,,,,,,,,,
1122284,2017/18,2018-02-16,SuperSport Park,2,14.3,India,South Africa,V Kohli,AM Rahane,M Morkel,1,0,,,,,,,,,
1122284,2017/18,2018-02-16,SuperSport Park,2,14.4,India,South Africa,AM Rahane,V Kohli,M Morkel,0,0,,,,,,,,,
1122284,2017/18,2018-02-16,SuperSport Park,2,14.5,India,South Africa,AM Rahane,V Kohli,M Morkel,0,0,,,,,,,,,
1122284,2017/18,2018-02-16,SuperSport Park,2,14.6,India,South Africa,AM Rahane,V Kohli,M Morkel,1,0,,,,,,,,,
1122284,2017/18,2018-02-16,SuperSport Park,2,15.1,India,South Africa,AM Rahane,V Kohli,CH Morris,1,0,,,,,,,,,
1122284,2017/18,2018-02-16,SuperSport Park,2,15.2,India,South Africa,V Kohli,AM Rahane,CH Morris,0,0,,,,,,,,,
1122284,2017/18,2018-02-16,SuperSport Park,2,15.3,India,South Africa,V Kohli,AM Rahane,CH Morris,4,0,,,,,,,,,
1122284,2017/18,2018-02-16,SuperSport Park,2,15.4,India,South Africa,V Kohli,AM Rahane,CH Morris,0,0,,,,,,,,,
1122284,2017/18,2018-02-16,SuperSport Park,2,15.5,India,South Africa,V Kohli,AM Rahane,CH Morris,4,0,,,,,,,,,
1122284,2017/18,2018-02-16,SuperSport Park,2,15.6,India,South Africa,V Kohli,AM Rahane,CH Morris,0,0,,,,,,,,,
1122284,2017/18,2018-02-16,SuperSport Park,2,16.1,India,South Africa,AM Rahane,V Kohli,M Morkel,1,0,,,,,,,,,
1122284,2017/18,2018-02-16,SuperSport Park,2,16.2,India,South Africa,V Kohli,AM Rahane,M Morkel,0,0,,,,,,,,,
1122284,2017/18,2018-02-16,SuperSport Park,2,16.3,India,South Africa,V Kohli,AM Rahane,M Morkel,0,0,,,,,,,,,
1122284,2017/18,2018-02-16,SuperSport Park,2,16.4,India,South Africa,V Kohli,AM Rahane,M Morkel,0,0,,,,,,,,,
1122284,2017/18,2018-02-16,SuperSport Park,2,16.5,India,South Africa,V Kohli,AM Rahane,M Morkel,2,0,,,,,,,,,
1122284,2017/18,2018-02-16,SuperSport Park,2,16.6,India,South Africa,V Kohli,AM Rahane,M Morkel,0,0,,,,,,,,,
1122284,2017/18,2018-02-16,SuperSport Park,2,17.1,India,South Africa,AM Rahane,V Kohli,AL Phehlukwayo,0,0,,,,,,,,,
1122284,2017/18,2018-02-16,SuperSport Park,2,17.2,India,South Africa,AM Rahane,V Kohli,AL Phehlukwayo,0,0,,,,,,,,,
1122284,2017/18,2018-02-16,SuperSport Park,2,17.3,India,South Africa,AM Rahane,V Kohli,AL Phehlukwayo,1,0,,,,,,,,,
1122284,2017/18,2018-02-16,SuperSport Park,2,17.4,India,South Africa,V Kohli,AM Rahane,AL Phehlukwayo,4,0,,,,,,,,,
1122284,2017/18,2018-02-16,SuperSport Park,2,17.5,India,South Africa,V Kohli,AM Rahane,AL Phehlukwayo,0,0,,,,,,,,,
1122284,2017/18,2018-02-16,SuperSport Park,2,17.6,India,South Africa,V Kohli,AM Rahane,AL Phehlukwayo,0,0,,,,,,,,,
1122284,2017/18,2018-02-16,SuperSport Park,2,18.1,India,South Africa,AM Rahane,V Kohli,Imran Tahir,0,0,,,,,,,,,
1122284,2017/18,2018-02-16,SuperSport Park,2,18.2,India,South Africa,AM Rahane,V Kohli,Imran Tahir,0,0,,,,,,,,,
1122284,2017/18,2018-02-16,SuperSport Park,2,18.3,India,South Africa,AM Rahane,V Kohli,Imran Tahir,0,0,,,,,,,,,
1122284,2017/18,2018-02-16,SuperSport Park,2,18.4,India,South Africa,AM Rahane,V Kohli,Imran Tahir,1,0,,,,,,,,,
1122284,2017/18,2018-02-16,SuperSport Park,2,18.5,India,South Africa,V Kohli,AM Rahane,Imran Tahir,0,0,,,,,,,,,
1122284,2017/18,2018-02-16,SuperSport Park,2,18.6,India,South Africa,V Kohli,AM Rahane,Imran Tahir,1,0,,,,,,,,,
1122284,2017/18,2018-02-16,SuperSport Park,2,19.1,India,South Africa,V Kohli,AM Rahane,AL Phehlukwayo,4,0,,,,,,,,,
1122284,2017/18,2018-02-16,SuperSport Park,2,19.2,India,South Africa,V Kohli,AM Rahane,AL Phehlukwayo,4,0,,,,,,,,,
1122284,2017/18,2018-02-16,SuperSport Park,2,19.3,India,South Africa,V Kohli,AM Rahane,AL Phehlukwayo,1,0,,,,,,,,,
1122284,2017/18,2018-02-16,SuperSport Park,2,19.4,India,South Africa,AM Rahane,V Kohli,AL Phehlukwayo,1,0,,,,,,,,,
1122284,2017/18,2018-02-16,SuperSport Park,2,19.5,India,South Africa,V Kohli,AM Rahane,AL Phehlukwayo,0,0,,,,,,,,,
1122284,2017/18,2018-02-16,SuperSport Park,2,19.6,India,South Africa,V Kohli,AM Rahane,AL Phehlukwayo,0,0,,,,,,,,,
1122284,2017/18,2018-02-16,SuperSport Park,2,20.1,India,South Africa,AM Rahane,V Kohli,Imran Tahir,1,0,,,,,,,,,
1122284,2017/18,2018-02-16,SuperSport Park,2,20.2,India,South Africa,V Kohli,AM Rahane,Imran Tahir,1,0,,,,,,,,,
1122284,2017/18,2018-02-16,SuperSport Park,2,20.3,India,South Africa,AM Rahane,V Kohli,Imran Tahir,0,0,,,,,,,,,
1122284,2017/18,2018-02-16,SuperSport Park,2,20.4,India,South Africa,AM Rahane,V Kohli,Imran Tahir,1,0,,,,,,,,,
1122284,2017/18,2018-02-16,SuperSport Park,2,20.5,India,South Africa,V Kohli,AM Rahane,Imran Tahir,1,0,,,,,,,,,
1122284,2017/18,2018-02-16,SuperSport Park,2,20.6,India,South Africa,AM Rahane,V Kohli,Imran Tahir,0,0,,,,,,,,,
1122284,2017/18,2018-02-16,SuperSport Park,2,21.1,India,South Africa,V Kohli,AM Rahane,AL Phehlukwayo,2,0,,,,,,,,,
1122284,2017/18,2018-02-16,SuperSport Park,2,21.2,India,South Africa,V Kohli,AM Rahane,AL Phehlukwayo,0,0,,,,,,,,,
1122284,2017/18,2018-02-16,SuperSport Park,2,21.3,India,South Africa,V Kohli,AM Rahane,AL Phehlukwayo,0,0,,,,,,,,,
1122284,2017/18,2018-02-16,SuperSport Park,2,21.4,India,South Africa,V Kohli,AM Rahane,AL Phehlukwayo,1,0,,,,,,,,,
1122284,2017/18,2018-02-16,SuperSport Park,2,21.5,India,South Africa,AM Rahane,V Kohli,AL Phehlukwayo,0,0,,,,,,,,,
1122284,2017/18,2018-02-16,SuperSport Park,2,21.6,India,South Africa,AM Rahane,V Kohli,AL Phehlukwayo,0,0,,,,,,,,,
1122284,2017/18,2018-02-16,SuperSport Park,2,22.1,India,South Africa,V Kohli,AM Rahane,Imran Tahir,0,0,,,,,,,,,
1122284,2017/18,2018-02-16,SuperSport Park,2,22.2,India,South Africa,V Kohli,AM Rahane,Imran Tahir,0,0,,,,,,,,,
1122284,2017/18,2018-02-16,SuperSport Park,2,22.3,India,South Africa,V Kohli,AM Rahane,Imran Tahir,1,0,,,,,,,,,
1122284,2017/18,2018-02-16,SuperSport Park,2,22.4,India,South Africa,AM Rahane,V Kohli,Imran Tahir,1,0,,,,,,,,,
1122284,2017/18,2018-02-16,SuperSport Park,2,22.5,India,South Africa,V Kohli,AM Rahane,Imran Tahir,1,0,,,,,,,,,
1122284,2017/18,2018-02-16,SuperSport Park,2,22.6,India,South Africa,AM Rahane,V Kohli,Imran Tahir,0,0,,,,,,,,,
1122284,2017/18,2018-02-16,SuperSport Park,2,23.1,India,South Africa,V Kohli,AM Rahane,AL Phehlukwayo,0,0,,,,,,,,,
1122284,2017/18,2018-02-16,SuperSport Park,2,23.2,India,South Africa,V Kohli,AM Rahane,AL Phehlukwayo,2,0,,,,,,,,,
1122284,2017/18,2018-02-16,SuperSport Park,2,23.3,India,South Africa,V Kohli,AM Rahane,AL Phehlukwayo,0,0,,,,,,,,,
1122284,2017/18,2018-02-16,SuperSport Park,2,23.4,India,South Africa,V Kohli,AM Rahane,AL Phehlukwayo,4,0,,,,,,,,,
1122284,2017/18,2018-02-16,SuperSport Park,2,23.5,India,South Africa,V Kohli,AM Rahane,AL Phehlukwayo,2,0,,,,,,,,,
1122284,2017/18,2018-02-16,SuperSport Park,2,23.6,India,South Africa,V Kohli,AM Rahane,AL Phehlukwayo,1,0,,,,,,,,,
1122284,2017/18,2018-02-16,SuperSport Park,2,24.1,India,South Africa,V Kohli,AM Rahane,Imran Tahir,0,0,,,,,,,,,
1122284,2017/18,2018-02-16,SuperSport Park,2,24.2,India,South Africa,V Kohli,AM Rahane,Imran Tahir,4,0,,,,,,,,,
1122284,2017/18,2018-02-16,SuperSport Park,2,24.3,India,South Africa,V Kohli,AM Rahane,Imran Tahir,0,0,,,,,,,,,
1122284,2017/18,2018-02-16,SuperSport Park,2,24.4,India,South Africa,V Kohli,AM Rahane,Imran Tahir,0,0,,,,,,,,,
1122284,2017/18,2018-02-16,SuperSport Park,2,24.5,India,South Africa,V Kohli,AM Rahane,Imran Tahir,1,0,,,,,,,,,
1122284,2017/18,2018-02-16,SuperSport Park,2,24.6,India,South Africa,AM Rahane,V Kohli,Imran Tahir,0,0,,,,,,,,,
1122284,2017/18,2018-02-16,SuperSport Park,2,25.1,India,South Africa,V Kohli,AM Rahane,CH Morris,0,0,,,,,,,,,
1122284,2017/18,2018-02-16,SuperSport Park,2,25.2,India,South Africa,V Kohli,AM Rahane,CH Morris,4,0,,,,,,,,,
1122284,2017/18,2018-02-16,SuperSport Park,2,25.3,India,South Africa,V Kohli,AM Rahane,CH Morris,0,0,,,,,,,,,
1122284,2017/18,2018-02-16,SuperSport Park,2,25.4,India,South Africa,V Kohli,AM Rahane,CH Morris,2,0,,,,,,,,,
1122284,2017/18,2018-02-16,SuperSport Park,2,25.5,India,South Africa,V Kohli,AM Rahane,CH Morris,0,0,,,,,,,,,
1122284,2017/18,2018-02-16,SuperSport Park,2,25.6,India,South Africa,V Kohli,AM Rahane,CH Morris,0,0,,,,,,,,,
1122284,2017/18,2018-02-16,SuperSport Park,2,26.1,India,South Africa,AM Rahane,V Kohli,Imran Tahir,0,0,,,,,,,,,
1122284,2017/18,2018-02-16,SuperSport Park,2,26.2,India,South Africa,AM Rahane,V Kohli,Imran Tahir,0,0,,,,,,,,,
1122284,2017/18,2018-02-16,SuperSport Park,2,26.3,India,South Africa,AM Rahane,V Kohli,Imran Tahir,0,0,,,,,,,,,
1122284,2017/18,2018-02-16,SuperSport Park,2,26.4,India,South Africa,AM Rahane,V Kohli,Imran Tahir,0,0,,,,,,,,,
1122284,2017/18,2018-02-16,SuperSport Park,2,26.5,India,South Africa,AM Rahane,V Kohli,Imran Tahir,1,0,,,,,,,,,
1122284,2017/18,2018-02-16,SuperSport Park,2,26.6,India,South Africa,V Kohli,AM Rahane,Imran Tahir,4,0,,,,,,,,,
1122284,2017/18,2018-02-16,SuperSport Park,2,27.1,India,South Africa,AM Rahane,V Kohli,CH Morris,0,0,,,,,,,,,
1122284,2017/18,2018-02-16,SuperSport Park,2,27.2,India,South Africa,AM Rahane,V Kohli,CH Morris,0,0,,,,,,,,,
1122284,2017/18,2018-02-16,SuperSport Park,2,27.3,India,South Africa,AM Rahane,V Kohli,CH Morris,0,0,,,,,,,,,
1122284,2017/18,2018-02-16,SuperSport Park,2,27.4,India,South Africa,AM Rahane,V Kohli,CH Morris,0,0,,,,,,,,,
1122284,2017/18,2018-02-16,SuperSport Park,2,27.5,India,South Africa,AM Rahane,V Kohli,CH Morris,4,0,,,,,,,,,
1122284,2017/18,2018-02-16,SuperSport Park,2,27.6,India,South Africa,AM Rahane,V Kohli,CH Morris,1,0,,,,,,,,,
1122284,2017/18,2018-02-16,SuperSport Park,2,28.1,India,South Africa,AM Rahane,V Kohli,Imran Tahir,1,0,,,,,,,,,
1122284,2017/18,2018-02-16,SuperSport Park,2,28.2,India,South Africa,V Kohli,AM Rahane,Imran Tahir,1,0,,,,,,,,,
1122284,2017/18,2018-02-16,SuperSport Park,2,28.3,India,South Africa,AM Rahane,V Kohli,Imran Tahir,1,0,,,,,,,,,
1122284,2017/18,2018-02-16,SuperSport Park,2,28.4,India,South Africa,V Kohli,AM Rahane,Imran Tahir,1,0,,,,,,,,,
1122284,2017/18,2018-02-16,SuperSport Park,2,28.5,India,South Africa,AM Rahane,V Kohli,Imran Tahir,0,0,,,,,,,,,
1122284,2017/18,2018-02-16,SuperSport Park,2,28.6,India,South Africa,AM Rahane,V Kohli,Imran Tahir,0,0,,,,,,,,,
1122284,2017/18,2018-02-16,SuperSport Park,2,29.1,India,South Africa,V Kohli,AM Rahane,L Ngidi,0,0,,,,,,,,,
1122284,2017/18,2018-02-16,SuperSport Park,2,29.2,India,South Africa,V Kohli,AM Rahane,L Ngidi,0,0,,,,,,,,,
1122284,2017/18,2018-02-16,SuperSport Park,2,29.3,India,South Africa,V Kohli,AM Rahane,L Ngidi,0,0,,,,,,,,,
1122284,2017/18,2018-02-16,SuperSport Park,2,29.4,India,South Africa,V Kohli,AM Rahane,L Ngidi,4,0,,,,,,,,,
1122284,2017/18,2018-02-16,SuperSport Park,2,29.5,India,South Africa,V Kohli,AM Rahane,L Ngidi,1,0,,,,,,,,,
1122284,2017/18,2018-02-16,SuperSport Park,2,29.6,India,South Africa,AM Rahane,V Kohli,L Ngidi,1,0,,,,,,,,,
1122284,2017/18,2018-02-16,SuperSport Park,2,30.1,India,South Africa,AM Rahane,V Kohli,Imran Tahir,0,0,,,,,,,,,
1122284,2017/18,2018-02-16,SuperSport Park,2,30.2,India,South Africa,AM Rahane,V Kohli,Imran Tahir,1,0,,,,,,,,,
1122284,2017/18,2018-02-16,SuperSport Park,2,30.3,India,South Africa,V Kohli,AM Rahane,Imran Tahir,2,0,,,,,,,,,
1122284,2017/18,2018-02-16,SuperSport Park,2,30.4,India,South Africa,V Kohli,AM Rahane,Imran Tahir,6,0,,,,,,,,,
1122284,2017/18,2018-02-16,SuperSport Park,2,30.5,India,South Africa,V Kohli,AM Rahane,Imran Tahir,6,0,,,,,,,,,
1122284,2017/18,2018-02-16,SuperSport Park,2,30.6,India,South Africa,V Kohli,AM Rahane,Imran Tahir,0,0,,,,,,,,,
1122284,2017/18,2018-02-16,SuperSport Park,2,31.1,India,South Africa,AM Rahane,V Kohli,L Ngidi,0,1,1,,,,,,,,
1122284,2017/18,2018-02-16,SuperSport Park,2,31.2,India,South Africa,AM Rahane,V Kohli,L Ngidi,0,0,,,,,,,,,
1122284,2017/18,2018-02-16,SuperSport Park,2,31.3,India,South Africa,AM Rahane,V Kohli,L Ngidi,0,0,,,,,,,,,
1122284,2017/18,2018-02-16,SuperSport Park,2,31.4,India,South Africa,AM Rahane,V Kohli,L Ngidi,1,0,,,,,,,,,
1122284,2017/18,2018-02-16,SuperSport Park,2,31.5,India,South Africa,V Kohli,AM Rahane,L Ngidi,0,0,,,,,,,,,
1122284,2017/18,2018-02-16,SuperSport Park,2,31.6,India,South Africa,V Kohli,AM Rahane,L Ngidi,1,0,,,,,,,,,
1122284,2017/18,2018-02-16,SuperSport Park,2,31.7,India,South Africa,AM Rahane,V Kohli,L Ngidi,4,0,,,,,,,,,
1122284,2017/18,2018-02-16,SuperSport Park,2,32.1,India,South Africa,V Kohli,AM Rahane,Imran Tahir,4,0,,,,,,,,,
