match_id,season,start_date,venue,innings,ball,batting_team,bowling_team,striker,non_striker,bowler,runs_off_bat,extras,wides,noballs,byes,legbyes,penalty,wicket_type,player_dismissed,other_wicket_type,other_player_dismissed
1122281,2017/18,2018-02-07,Newlands,1,0.1,India,South Africa,RG Sharma,S Dhawan,K Rabada,0,0,,,,,,,,,
1122281,2017/18,2018-02-07,Newlands,1,0.2,India,South Africa,RG Sharma,S Dhawan,K Rabada,0,0,,,,,,,,,
1122281,2017/18,2018-02-07,Newlands,1,0.3,India,South Africa,RG Sharma,S Dhawan,K Rabada,0,0,,,,,,,,,
1122281,2017/18,2018-02-07,Newlands,1,0.4,India,South Africa,RG Sharma,S Dhawan,K Rabada,0,0,,,,,,,,,
1122281,2017/18,2018-02-07,Newlands,1,0.5,India,South Africa,RG Sharma,S Dhawan,K Rabada,0,0,,,,,,,,,
1122281,2017/18,2018-02-07,Newlands,1,0.6,India,South Africa,RG Sharma,S Dhawan,K Rabada,0,0,,,,,,caught,RG Sharma,,
1122281,2017/18,2018-02-07,Newlands,1,1.1,India,South Africa,S Dhawan,V Kohli,L Ngidi,4,0,,,,,,,,,
1122281,2017/18,2018-02-07,Newlands,1,1.2,India,South Africa,S Dhawan,V Kohli,L Ngidi,0,0,,,,,,,,,
1122281,2017/18,2018-02-07,Newlands,1,1.3,India,South Africa,S Dhawan,V Kohli,L Ngidi,0,0,,,,,,,,,
1122281,2017/18,2018-02-07,Newlands,1,1.4,India,South Africa,S Dhawan,V Kohli,L Ngidi,0,0,,,,,,,,,
1122281,2017/18,2018-02-07,Newlands,1,1.5,India,South Africa,S Dhawan,V Kohli,L Ngidi,0,0,,,,,,,,,
1122281,2017/18,2018-02-07,Newlands,1,1.6,India,South Africa,S Dhawan,V Kohli,L Ngidi,0,0,,,,,,,,,
1122281,2017/18,2018-02-07,Newlands,1,2.1,India,South Africa,V Kohli,S Dhawan,K Rabada,0,0,,,,,,,,,
1122281,2017/18,2018-02-07,Newlands,1,2.2,India,South Africa,V Kohli,S Dhawan,K Rabada,0,0,,,,,,,,,
1122281,2017/18,2018-02-07,Newlands,1,2.3,India,South Africa,V Kohli,S Dhawan,K Rabada,0,0,,,,,,,,,
1122281,2017/18,2018-02-07,Newlands,1,2.4,India,South Africa,V Kohli,S Dhawan,K Rabada,0,0,,,,,,,,,
1122281,2017/18,2018-02-07,Newlands,1,2.5,India,South Africa,V Kohli,S Dhawan,K Rabada,0,0,,,,,,,,,
1122281,2017/18,2018-02-07,Newlands,1,2.6,India,South Africa,V Kohli,S Dhawan,K Rabada,4,0,,,,,,,,,
1122281,2017/18,2018-02-07,Newlands,1,3.1,India,South Africa,S Dhawan,V Kohli,L Ngidi,4,0,,,,,,,,,
1122281,2017/18,2018-02-07,Newlands,1,3.2,India,South Africa,S Dhawan,V Kohli,L Ngidi,1,0,,,,,,,,,
1122281,2017/18,2018-02-07,Newlands,1,3.3,India,South Africa,V Kohli,S Dhawan,L Ngidi,1,0,,,,,,,,,
1122281,2017/18,2018-02-07,Newlands,1,3.4,India,South Africa,S Dhawan,V Kohli,L Ngidi,4,0,,,,,,,,,
1122281,2017/18,2018-02-07,Newlands,1,3.5,India,South Africa,S Dhawan,V Kohli,L Ngidi,0,0,,,,,,,,,
1122281,2017/18,2018-02-07,Newlands,1,3.6,India,South Africa,S Dhawan,V Kohli,L Ngidi,0,0,,,,,,,,,
1122281,2017/18,2018-02-07,Newlands,1,4.1,India,South Africa,V Kohli,S Dhawan,K Rabada,0,0,,,,,,,,,
1122281,2017/18,2018-02-07,Newlands,1,4.2,India,South Africa,V Kohli,S Dhawan,K Rabada,0,0,,,,,,,,,
1122281,2017/18,2018-02-07,Newlands,1,4.3,India,South Africa,V Kohli,S Dhawan,K Rabada,0,1,1,,,,,,,,
1122281,2017/18,2018-02-07,Newlands,1,4.4,India,South Africa,V Kohli,S Dhawan,K Rabada,0,0,,,,,,,,,
1122281,2017/18,2018-02-07,Newlands,1,4.5,India,South Africa,V Kohli,S Dhawan,K Rabada,4,0,,,,,,,,,
1122281,2017/18,2018-02-07,Newlands,1,4.6,India,South Africa,V Kohli,S Dhawan,K Rabada,0,0,,,,,,,,,
1122281,2017/18,2018-02-07,Newlands,1,4.7,India,South Africa,V Kohli,S Dhawan,K Rabada,0,0,,,,,,,,,
1122281,2017/18,2018-02-07,Newlands,1,5.1,India,South Africa,S Dhawan,V Kohli,L Ngidi,1,0,,,,,,,,,
1122281,2017/18,2018-02-07,Newlands,1,5.2,India,South Africa,V Kohli,S Dhawan,L Ngidi,0,0,,,,,,,,,
1122281,2017/18,2018-02-07,Newlands,1,5.3,India,South Africa,V Kohli,S Dhawan,L Ngidi,4,0,,,,,,,,,
1122281,2017/18,2018-02-07,Newlands,1,5.4,India,South Africa,V Kohli,S Dhawan,L Ngidi,0,0,,,,,,,,,
1122281,2017/18,2018-02-07,Newlands,1,5.5,India,South Africa,V Kohli,S Dhawan,L Ngidi,0,0,,,,,,,,,
1122281,2017/18,2018-02-07,Newlands,1,5.6,India,South Africa,V Kohli,S Dhawan,L Ngidi,0,0,,,,,,,,,
1122281,2017/18,2018-02-07,Newlands,1,6.1,India,South Africa,S Dhawan,V Kohli,K Rabada,0,0,,,,,,,,,
1122281,2017/18,2018-02-07,Newlands,1,6.2,India,South Africa,S Dhawan,V Kohli,K Rabada,0,0,,,,,,,,,
1122281,2017/18,2018-02-07,Newlands,1,6.3,India,South Africa,S Dhawan,V Kohli,K Rabada,1,0,,,,,,,,,
1122281,2017/18,2018-02-07,Newlands,1,6.4,India,South Africa,V Kohli,S Dhawan,K Rabada,0,0,,,,,,,,,
1122281,2017/18,2018-02-07,Newlands,1,6.5,India,South Africa,V Kohli,S Dhawan,K Rabada,0,0,,,,,,,,,
1122281,2017/18,2018-02-07,Newlands,1,6.6,India,South Africa,V Kohli,S Dhawan,K Rabada,0,0,,,,,,,,,
1122281,2017/18,2018-02-07,Newlands,1,7.1,India,South Africa,S Dhawan,V Kohli,L Ngidi,1,0,,,,,,,,,
1122281,2017/18,2018-02-07,Newlands,1,7.2,India,South Africa,V Kohli,S Dhawan,L Ngidi,0,0,,,,,,,,,
1122281,2017/18,2018-02-07,Newlands,1,7.3,India,South Africa,V Kohli,S Dhawan,L Ngidi,4,0,,,,,,,,,
1122281,2017/18,2018-02-07,Newlands,1,7.4,India,South Africa,V Kohli,S Dhawan,L Ngidi,1,0,,,,,,,,,
1122281,2017/18,2018-02-07,Newlands,1,7.5,India,South Africa,S Dhawan,V Kohli,L Ngidi,0,0,,,,,,,,,
1122281,2017/18,2018-02-07,Newlands,1,7.6,India,South Africa,S Dhawan,V Kohli,L Ngidi,4,0,,,,,,,,,
1122281,2017/18,2018-02-07,Newlands,1,8.1,India,South Africa,V Kohli,S Dhawan,K Rabada,0,0,,,,,,,,,
1122281,2017/18,2018-02-07,Newlands,1,8.2,India,South Africa,V Kohli,S Dhawan,K Rabada,0,0,,,,,,,,,
1122281,2017/18,2018-02-07,Newlands,1,8.3,India,South Africa,V Kohli,S Dhawan,K Rabada,0,0,,,,,,,,,
1122281,2017/18,2018-02-07,Newlands,1,8.4,India,South Africa,V Kohli,S Dhawan,K Rabada,0,0,,,,,,,,,
1122281,2017/18,2018-02-07,Newlands,1,8.5,India,South Africa,V Kohli,S Dhawan,K Rabada,1,0,,,,,,,,,
1122281,2017/18,2018-02-07,Newlands,1,8.6,India,South Africa,S Dhawan,V Kohli,K Rabada,4,0,,,,,,,,,
1122281,2017/18,2018-02-07,Newlands,1,9.1,India,South Africa,V Kohli,S Dhawan,CH Morris,0,0,,,,,,,,,
1122281,2017/18,2018-02-07,Newlands,1,9.2,India,South Africa,V Kohli,S Dhawan,CH Morris,0,0,,,,,,,,,
1122281,2017/18,2018-02-07,Newlands,1,9.3,India,South Africa,V Kohli,S Dhawan,CH Morris,2,0,,,,,,,,,
1122281,2017/18,2018-02-07,Newlands,1,9.4,India,South Africa,V Kohli,S Dhawan,CH Morris,0,0,,,,,,,,,
1122281,2017/18,2018-02-07,Newlands,1,9.5,India,South Africa,V Kohli,S Dhawan,CH Morris,0,0,,,,,,,,,
1122281,2017/18,2018-02-07,Newlands,1,9.6,India,South Africa,V Kohli,S Dhawan,CH Morris,4,0,,,,,,,,,
1122281,2017/18,2018-02-07,Newlands,1,10.1,India,South Africa,S Dhawan,V Kohli,AL Phehlukwayo,1,0,,,,,,,,,
1122281,2017/18,2018-02-07,Newlands,1,10.2,India,South Africa,V Kohli,S Dhawan,AL Phehlukwayo,0,0,,,,,,,,,
1122281,2017/18,2018-02-07,Newlands,1,10.3,India,South Africa,V Kohli,S Dhawan,AL Phehlukwayo,1,0,,,,,,,,,
1122281,2017/18,2018-02-07,Newlands,1,10.4,India,South Africa,S Dhawan,V Kohli,AL Phehlukwayo,0,0,,,,,,,,,
1122281,2017/18,2018-02-07,Newlands,1,10.5,India,South Africa,S Dhawan,V Kohli,AL Phehlukwayo,0,0,,,,,,,,,
1122281,2017/18,2018-02-07,Newlands,1,10.6,India,South Africa,S Dhawan,V Kohli,AL Phehlukwayo,0,0,,,,,,,,,
1122281,2017/18,2018-02-07,Newlands,1,11.1,India,South Africa,V Kohli,S Dhawan,CH Morris,2,0,,,,,,,,,
1122281,2017/18,2018-02-07,Newlands,1,11.2,India,South Africa,V Kohli,S Dhawan,CH Morris,0,0,,,,,,,,,
1122281,2017/18,2018-02-07,Newlands,1,11.3,India,South Africa,V Kohli,S Dhawan,CH Morris,1,0,,,,,,,,,
1122281,2017/18,2018-02-07,Newlands,1,11.4,India,South Africa,S Dhawan,V Kohli,CH Morris,0,0,,,,,,,,,
1122281,2017/18,2018-02-07,Newlands,1,11.5,India,South Africa,S Dhawan,V Kohli,CH Morris,1,0,,,,,,,,,
1122281,2017/18,2018-02-07,Newlands,1,11.6,India,South Africa,V Kohli,S Dhawan,CH Morris,1,0,,,,,,,,,
1122281,2017/18,2018-02-07,Newlands,1,12.1,India,South Africa,V Kohli,S Dhawan,AL Phehlukwayo,1,0,,,,,,,,,
1122281,2017/18,2018-02-07,Newlands,1,12.2,India,South Africa,S Dhawan,V Kohli,AL Phehlukwayo,0,2,2,,,,,,,,
1122281,2017/18,2018-02-07,Newlands,1,12.3,India,South Africa,V Kohli,S Dhawan,AL Phehlukwayo,0,0,,,,,,,,,
1122281,2017/18,2018-02-07,Newlands,1,12.4,India,South Africa,V Kohli,S Dhawan,AL Phehlukwayo,1,0,,,,,,,,,
1122281,2017/18,2018-02-07,Newlands,1,12.5,India,South Africa,S Dhawan,V Kohli,AL Phehlukwayo,2,0,,,,,,,,,
1122281,2017/18,2018-02-07,Newlands,1,12.6,India,South Africa,S Dhawan,V Kohli,AL Phehlukwayo,0,0,,,,,,,,,
1122281,2017/18,2018-02-07,Newlands,1,12.7,India,South Africa,S Dhawan,V Kohli,AL Phehlukwayo,4,0,,,,,,,,,
1122281,2017/18,2018-02-07,Newlands,1,13.1,India,South Africa,V Kohli,S Dhawan,CH Morris,0,0,,,,,,,,,
1122281,2017/18,2018-02-07,Newlands,1,13.2,India,South Africa,V Kohli,S Dhawan,CH Morris,1,0,,,,,,,,,
1122281,2017/18,2018-02-07,Newlands,1,13.3,India,South Africa,S Dhawan,V Kohli,CH Morris,0,0,,,,,,,,,
1122281,2017/18,2018-02-07,Newlands,1,13.4,India,South Africa,S Dhawan,V Kohli,CH Morris,0,0,,,,,,,,,
1122281,2017/18,2018-02-07,Newlands,1,13.5,India,South Africa,S Dhawan,V Kohli,CH Morris,0,0,,,,,,,,,
1122281,2017/18,2018-02-07,Newlands,1,13.6,India,South Africa,S Dhawan,V Kohli,CH Morris,1,0,,,,,,,,,
1122281,2017/18,2018-02-07,Newlands,1,14.1,India,South Africa,S Dhawan,V Kohli,AL Phehlukwayo,2,0,,,,,,,,,
1122281,2017/18,2018-02-07,Newlands,1,14.2,India,South Africa,S Dhawan,V Kohli,AL Phehlukwayo,4,0,,,,,,,,,
1122281,2017/18,2018-02-07,Newlands,1,14.3,India,South Africa,S Dhawan,V Kohli,AL Phehlukwayo,1,0,,,,,,,,,
1122281,2017/18,2018-02-07,Newlands,1,14.4,India,South Africa,V Kohli,S Dhawan,AL Phehlukwayo,1,0,,,,,,,,,
1122281,2017/18,2018-02-07,Newlands,1,14.5,India,South Africa,S Dhawan,V Kohli,AL Phehlukwayo,1,0,,,,,,,,,
1122281,2017/18,2018-02-07,Newlands,1,14.6,India,South Africa,V Kohli,S Dhawan,AL Phehlukwayo,1,0,,,,,,,,,
1122281,2017/18,2018-02-07,Newlands,1,15.1,India,South Africa,V Kohli,S Dhawan,CH Morris,1,0,,,,,,,,,
1122281,2017/18,2018-02-07,Newlands,1,15.2,India,South Africa,S Dhawan,V Kohli,CH Morris,1,0,,,,,,,,,
1122281,2017/18,2018-02-07,Newlands,1,15.3,India,South Africa,V Kohli,S Dhawan,CH Morris,1,0,,,,,,,,,
1122281,2017/18,2018-02-07,Newlands,1,15.4,India,South Africa,S Dhawan,V Kohli,CH Morris,0,0,,,,,,,,,
1122281,2017/18,2018-02-07,Newlands,1,15.5,India,South Africa,S Dhawan,V Kohli,CH Morris,4,0,,,,,,,,,
1122281,2017/18,2018-02-07,Newlands,1,15.6,India,South Africa,S Dhawan,V Kohli,CH Morris,1,0,,,,,,,,,
1122281,2017/18,2018-02-07,Newlands,1,16.1,India,South Africa,S Dhawan,V Kohli,Imran Tahir,0,0,,,,,,,,,
1122281,2017/18,2018-02-07,Newlands,1,16.2,India,South Africa,S Dhawan,V Kohli,Imran Tahir,4,0,,,,,,,,,
1122281,2017/18,2018-02-07,Newlands,1,16.3,India,South Africa,S Dhawan,V Kohli,Imran Tahir,2,0,,,,,,,,,
1122281,2017/18,2018-02-07,Newlands,1,16.4,India,South Africa,S Dhawan,V Kohli,Imran Tahir,0,0,,,,,,,,,
1122281,2017/18,2018-02-07,Newlands,1,16.5,India,South Africa,S Dhawan,V Kohli,Imran Tahir,4,0,,,,,,,,,
1122281,2017/18,2018-02-07,Newlands,1,16.6,India,South Africa,S Dhawan,V Kohli,Imran Tahir,0,0,,,,,,,,,
1122281,2017/18,2018-02-07,Newlands,1,17.1,India,South Africa,V Kohli,S Dhawan,L Ngidi,2,0,,,,,,,,,
1122281,2017/18,2018-02-07,Newlands,1,17.2,India,South Africa,V Kohli,S Dhawan,L Ngidi,1,0,,,,,,,,,
1122281,2017/18,2018-02-07,Newlands,1,17.3,India,South Africa,S Dhawan,V Kohli,L Ngidi,0,1,1,,,,,,,,
1122281,2017/18,2018-02-07,Newlands,1,17.4,India,South Africa,S Dhawan,V Kohli,L Ngidi,1,0,,,,,,,,,
1122281,2017/18,2018-02-07,Newlands,1,17.5,India,South Africa,V Kohli,S Dhawan,L Ngidi,0,0,,,,,,,,,
1122281,2017/18,2018-02-07,Newlands,1,17.6,India,South Africa,V Kohli,S Dhawan,L Ngidi,1,0,,,,,,,,,
1122281,2017/18,2018-02-07,Newlands,1,17.7,India,South Africa,S Dhawan,V Kohli,L Ngidi,0,1,1,,,,,,,,
1122281,2017/18,2018-02-07,Newlands,1,17.8,India,South Africa,S Dhawan,V Kohli,L Ngidi,1,0,,,,,,,,,
1122281,2017/18,2018-02-07,Newlands,1,18.1,India,South Africa,S Dhawan,V Kohli,Imran Tahir,1,0,,,,,,,,,
1122281,2017/18,2018-02-07,Newlands,1,18.2,India,South Africa,V Kohli,S Dhawan,Imran Tahir,1,0,,,,,,,,,
1122281,2017/18,2018-02-07,Newlands,1,18.3,India,South Africa,S Dhawan,V Kohli,Imran Tahir,0,0,,,,,,,,,
1122281,2017/18,2018-02-07,Newlands,1,18.4,India,South Africa,S Dhawan,V Kohli,Imran Tahir,1,0,,,,,,,,,
1122281,2017/18,2018-02-07,Newlands,1,18.5,India,South Africa,V Kohli,S Dhawan,Imran Tahir,0,0,,,,,,,,,
1122281,2017/18,2018-02-07,Newlands,1,18.6,India,South Africa,V Kohli,S Dhawan,Imran Tahir,0,0,,,,,,,,,
1122281,2017/18,2018-02-07,Newlands,1,19.1,India,South Africa,S Dhawan,V Kohli,L Ngidi,4,0,,,,,,,,,
1122281,2017/18,2018-02-07,Newlands,1,19.2,India,South Africa,S Dhawan,V Kohli,L Ngidi,1,0,,,,,,,,,
1122281,2017/18,2018-02-07,Newlands,1,19.3,India,South Africa,V Kohli,S Dhawan,L Ngidi,1,0,,,,,,,,,
1122281,2017/18,2018-02-07,Newlands,1,19.4,India,South Africa,S Dhawan,V Kohli,L Ngidi,1,0,,,,,,,,,
1122281,2017/18,2018-02-07,Newlands,1,19.5,India,South Africa,V Kohli,S Dhawan,L Ngidi,2,0,,,,,,,,,
1122281,2017/18,2018-02-07,Newlands,1,19.6,India,South Africa,V Kohli,S Dhawan,L Ngidi,1,0,,,,,,,,,
1122281,2017/18,2018-02-07,Newlands,1,20.1,India,South Africa,V Kohli,S Dhawan,Imran Tahir,1,0,,,,,,,,,
1122281,2017/18,2018-02-07,Newlands,1,20.2,India,South Africa,S Dhawan,V Kohli,Imran Tahir,1,0,,,,,,,,,
1122281,2017/18,2018-02-07,Newlands,1,20.3,India,South Africa,V Kohli,S Dhawan,Imran Tahir,1,0,,,,,,,,,
1122281,2017/18,2018-02-07,Newlands,1,20.4,India,South Africa,S Dhawan,V Kohli,Imran Tahir,4,0,,,,,,,,,
1122281,2017/18,2018-02-07,Newlands,1,20.5,India,South Africa,S Dhawan,V Kohli,Imran Tahir,1,0,,,,,,,,,
1122281,2017/18,2018-02-07,Newlands,1,20.6,India,South Africa,V Kohli,S Dhawan,Imran Tahir,1,0,,,,,,,,,
1122281,2017/18,2018-02-07,Newlands,1,21.1,India,South Africa,V Kohli,S Dhawan,JP Duminy,1,0,,,,,,,,,
1122281,2017/18,2018-02-07,Newlands,1,21.2,India,South Africa,S Dhawan,V Kohli,JP Duminy,1,0,,,,,,,,,
1122281,2017/18,2018-02-07,Newlands,1,21.3,India,South Africa,V Kohli,S Dhawan,JP Duminy,0,0,,,,,,,,,
1122281,2017/18,2018-02-07,Newlands,1,21.4,India,South Africa,V Kohli,S Dhawan,JP Duminy,0,0,,,,,,,,,
1122281,2017/18,2018-02-07,Newlands,1,21.5,India,South Africa,V Kohli,S Dhawan,JP Duminy,3,0,,,,,,,,,
1122281,2017/18,2018-02-07,Newlands,1,21.6,India,South Africa,S Dhawan,V Kohli,JP Duminy,0,0,,,,,,,,,
1122281,2017/18,2018-02-07,Newlands,1,22.1,India,South Africa,V Kohli,S Dhawan,Imran Tahir,4,0,,,,,,,,,
1122281,2017/18,2018-02-07,Newlands,1,22.2,India,South Africa,V Kohli,S Dhawan,Imran Tahir,1,0,,,,,,,,,
1122281,2017/18,2018-02-07,Newlands,1,22.3,India,South Africa,S Dhawan,V Kohli,Imran Tahir,0,0,,,,,,,,,
1122281,2017/18,2018-02-07,Newlands,1,22.4,India,South Africa,S Dhawan,V Kohli,Imran Tahir,1,0,,,,,,,,,
1122281,2017/18,2018-02-07,Newlands,1,22.5,India,South Africa,V Kohli,S Dhawan,Imran Tahir,1,0,,,,,,,,,
1122281,2017/18,2018-02-07,Newlands,1,22.6,India,South Africa,S Dhawan,V Kohli,Imran Tahir,1,0,,,,,,,,,
1122281,2017/18,2018-02-07,Newlands,1,23.1,India,South Africa,S Dhawan,V Kohli,JP Duminy,0,0,,,,,,caught,S Dhawan,,
1122281,2017/18,2018-02-07,Newlands,1,23.2,India,South Africa,AM Rahane,V Kohli,JP Duminy,1,0,,,,,,,,,
1122281,2017/18,2018-02-07,Newlands,1,23.3,India,South Africa,V Kohli,AM Rahane,JP Duminy,1,0,,,,,,,,,
1122281,2017/18,2018-02-07,Newlands,1,23.4,India,South Africa,AM Rahane,V Kohli,JP Duminy,1,0,,,,,,,,,
1122281,2017/18,2018-02-07,Newlands,1,23.5,India,South Africa,V Kohli,AM Rahane,JP Duminy,1,0,,,,,,,,,
1122281,2017/18,2018-02-07,Newlands,1,23.6,India,South Africa,AM Rahane,V Kohli,JP Duminy,1,0,,,,,,,,,
1122281,2017/18,2018-02-07,Newlands,1,24.1,India,South Africa,AM Rahane,V Kohli,Imran Tahir,1,0,,,,,,,,,
1122281,2017/18,2018-02-07,Newlands,1,24.2,India,South Africa,V Kohli,AM Rahane,Imran Tahir,1,0,,,,,,,,,
1122281,2017/18,2018-02-07,Newlands,1,24.3,India,South Africa,AM Rahane,V Kohli,Imran Tahir,1,0,,,,,,,,,
1122281,2017/18,2018-02-07,Newlands,1,24.4,India,South Africa,V Kohli,AM Rahane,Imran Tahir,0,0,,,,,,,,,
1122281,2017/18,2018-02-07,Newlands,1,24.5,India,South Africa,V Kohli,AM Rahane,Imran Tahir,1,0,,,,,,,,,
1122281,2017/18,2018-02-07,Newlands,1,24.6,India,South Africa,AM Rahane,V Kohli,Imran Tahir,1,0,,,,,,,,,
1122281,2017/18,2018-02-07,Newlands,1,25.1,India,South Africa,AM Rahane,V Kohli,JP Duminy,1,0,,,,,,,,,
1122281,2017/18,2018-02-07,Newlands,1,25.2,India,South Africa,V Kohli,AM Rahane,JP Duminy,1,0,,,,,,,,,
1122281,2017/18,2018-02-07,Newlands,1,25.3,India,South Africa,AM Rahane,V Kohli,JP Duminy,1,0,,,,,,,,,
1122281,2017/18,2018-02-07,Newlands,1,25.4,India,South Africa,V Kohli,AM Rahane,JP Duminy,0,0,,,,,,,,,
1122281,2017/18,2018-02-07,Newlands,1,25.5,India,South Africa,V Kohli,AM Rahane,JP Duminy,0,0,,,,,,,,,
1122281,2017/18,2018-02-07,Newlands,1,25.6,India,South Africa,V Kohli,AM Rahane,JP Duminy,1,0,,,,,,,,,
1122281,2017/18,2018-02-07,Newlands,1,26.1,India,South Africa,V Kohli,AM Rahane,Imran Tahir,0,0,,,,,,,,,
1122281,2017/18,2018-02-07,Newlands,1,26.2,India,South Africa,V Kohli,AM Rahane,Imran Tahir,1,0,,,,,,,,,
1122281,2017/18,2018-02-07,Newlands,1,26.3,India,South Africa,AM Rahane,V Kohli,Imran Tahir,1,0,,,,,,,,,
1122281,2017/18,2018-02-07,Newlands,1,26.4,India,South Africa,V Kohli,AM Rahane,Imran Tahir,1,0,,,,,,,,,
1122281,2017/18,2018-02-07,Newlands,1,26.5,India,South Africa,AM Rahane,V Kohli,Imran Tahir,1,0,,,,,,,,,
1122281,2017/18,2018-02-07,Newlands,1,26.6,India,South Africa,V Kohli,AM Rahane,Imran Tahir,0,0,,,,,,,,,
1122281,2017/18,2018-02-07,Newlands,1,27.1,India,South Africa,AM Rahane,V Kohli,JP Duminy,1,0,,,,,,,,,
1122281,2017/18,2018-02-07,Newlands,1,27.2,India,South Africa,V Kohli,AM Rahane,JP Duminy,1,0,,,,,,,,,
1122281,2017/18,2018-02-07,Newlands,1,27.3,India,South Africa,AM Rahane,V Kohli,JP Duminy,0,0,,,,,,,,,
1122281,2017/18,2018-02-07,Newlands,1,27.4,India,South Africa,AM Rahane,V Kohli,JP Duminy,0,0,,,,,,caught,AM Rahane,,
1122281,2017/18,2018-02-07,Newlands,1,27.5,India,South Africa,V Kohli,HH Pandya,JP Duminy,1,0,,,,,,,,,
1122281,2017/18,2018-02-07,Newlands,1,27.6,India,South Africa,HH Pandya,V Kohli,JP Duminy,0,0,,,,,,,,,
1122281,2017/18,2018-02-07,Newlands,1,28.1,India,South Africa,V Kohli,HH Pandya,K Rabada,0,0,,,,,,,,,
1122281,2017/18,2018-02-07,Newlands,1,28.2,India,South Africa,V Kohli,HH Pandya,K Rabada,1,0,,,,,,,,,
1122281,2017/18,2018-02-07,Newlands,1,28.3,India,South Africa,HH Pandya,V Kohli,K Rabada,0,0,,,,,,,,,
1122281,2017/18,2018-02-07,Newlands,1,28.4,India,South Africa,HH Pandya,V Kohli,K Rabada,1,0,,,,,,,,,
1122281,2017/18,2018-02-07,Newlands,1,28.5,India,South Africa,V Kohli,HH Pandya,K Rabada,0,0,,,,,,,,,
1122281,2017/18,2018-02-07,Newlands,1,28.6,India,South Africa,V Kohli,HH Pandya,K Rabada,1,0,,,,,,,,,
1122281,2017/18,2018-02-07,Newlands,1,29.1,India,South Africa,V Kohli,HH Pandya,JP Duminy,0,0,,,,,,,,,
1122281,2017/18,2018-02-07,Newlands,1,29.2,India,South Africa,V Kohli,HH Pandya,JP Duminy,1,0,,,,,,,,,
1122281,2017/18,2018-02-07,Newlands,1,29.3,India,South Africa,HH Pandya,V Kohli,JP Duminy,1,0,,,,,,,,,
1122281,2017/18,2018-02-07,Newlands,1,29.4,India,South Africa,V Kohli,HH Pandya,JP Duminy,1,0,,,,,,,,,
1122281,2017/18,2018-02-07,Newlands,1,29.5,India,South Africa,HH Pandya,V Kohli,JP Duminy,2,0,,,,,,,,,
1122281,2017/18,2018-02-07,Newlands,1,29.6,India,South Africa,HH Pandya,V Kohli,JP Duminy,1,0,,,,,,,,,
1122281,2017/18,2018-02-07,Newlands,1,30.1,India,South Africa,HH Pandya,V Kohli,K Rabada,1,0,,,,,,,,,
1122281,2017/18,2018-02-07,Newlands,1,30.2,India,South Africa,V Kohli,HH Pandya,K Rabada,2,0,,,,,,,,,
1122281,2017/18,2018-02-07,Newlands,1,30.3,India,South Africa,V Kohli,HH Pandya,K Rabada,0,0,,,,,,,,,
1122281,2017/18,2018-02-07,Newlands,1,30.4,India,South Africa,V Kohli,HH Pandya,K Rabada,2,0,,,,,,,,,
1122281,2017/18,2018-02-07,Newlands,1,30.5,India,South Africa,V Kohli,HH Pandya,K Rabada,1,0,,,,,,,,,
1122281,2017/18,2018-02-07,Newlands,1,30.6,India,South Africa,HH Pandya,V Kohli,K Rabada,0,0,,,,,,,,,
1122281,2017/18,2018-02-07,Newlands,1,31.1,India,South Africa,V Kohli,HH Pandya,JP Duminy,2,0,,,,,,,,,
1122281,2017/18,2018-02-07,Newlands,1,31.2,India,South Africa,V Kohli,HH Pandya,JP Duminy,1,0,,,,,,,,,
1122281,2017/18,2018-02-07,Newlands,1,31.3,India,South Africa,HH Pandya,V Kohli,JP Duminy,6,0,,,,,,,,,
1122281,2017/18,2018-02-07,Newlands,1,31.4,India,South Africa,HH Pandya,V Kohli,JP Duminy,0,0,,,,,,,,,
1122281,2017/18,2018-02-07,Newlands,1,31.5,India,South Africa,HH Pandya,V Kohli,JP Duminy,1,0,,,,,,,,,
1122281,2017/18,2018-02-07,Newlands,1,31.6,India,South Africa,V Kohli,HH Pandya,JP Duminy,0,0,,,,,,,,,
1122281,2017/18,2018-02-07,Newlands,1,32.1,India,South Africa,HH Pandya,V Kohli,CH Morris,1,0,,,,,,,,,
1122281,2017/18,2018-02-07,Newlands,1,32.2,India,South Africa,V Kohli,HH Pandya,CH Morris,1,0,,,,,,,,,
1122281,2017/18,2018-02-07,Newlands,1,32.3,India,South Africa,HH Pandya,V Kohli,CH Morris,0,0,,,,,,,,,
1122281,2017/18,2018-02-07,Newlands,1,32.4,India,South Africa,HH Pandya,V Kohli,CH Morris,0,0,,,,,,,,,
1122281,2017/18,2018-02-07,Newlands,1,32.5,India,South Africa,HH Pandya,V Kohli,CH Morris,0,0,,,,,,caught,HH Pandya,,
1122281,2017/18,2018-02-07,Newlands,1,32.6,India,South Africa,MS Dhoni,V Kohli,CH Morris,0,0,,,,,,,,,
1122281,2017/18,2018-02-07,Newlands,1,33.1,India,South Africa,V Kohli,MS Dhoni,JP Duminy,0,0,,,,,,,,,
1122281,2017/18,2018-02-07,Newlands,1,33.2,India,South Africa,V Kohli,MS Dhoni,JP Duminy,1,0,,,,,,,,,
1122281,2017/18,2018-02-07,Newlands,1,33.3,India,South Africa,MS Dhoni,V Kohli,JP Duminy,0,0,,,,,,,,,
1122281,2017/18,2018-02-07,Newlands,1,33.4,India,South Africa,MS Dhoni,V Kohli,JP Duminy,0,0,,,,,,,,,
1122281,2017/18,2018-02-07,Newlands,1,33.5,India,South Africa,MS Dhoni,V Kohli,JP Duminy,1,0,,,,,,,,,
1122281,2017/18,2018-02-07,Newlands,1,33.6,India,South Africa,V Kohli,MS Dhoni,JP Duminy,1,0,,,,,,,,,
1122281,2017/18,2018-02-07,Newlands,1,34.1,India,South Africa,V Kohli,MS Dhoni,CH Morris,0,0,,,,,,,,,
1122281,2017/18,2018-02-07,Newlands,1,34.2,India,South Africa,V Kohli,MS Dhoni,CH Morris,1,0,,,,,,,,,
1122281,2017/18,2018-02-07,Newlands,1,34.3,India,South Africa,MS Dhoni,V Kohli,CH Morris,1,0,,,,,,,,,
1122281,2017/18,2018-02-07,Newlands,1,34.4,India,South Africa,V Kohli,MS Dhoni,CH Morris,0,0,,,,,,,,,
1122281,2017/18,2018-02-07,Newlands,1,34.5,India,South Africa,V Kohli,MS Dhoni,CH Morris,0,0,,,,,,,,,
1122281,2017/18,2018-02-07,Newlands,1,34.6,India,South Africa,V Kohli,MS Dhoni,CH Morris,1,0,,,,,,,,,
1122281,2017/18,2018-02-07,Newlands,1,35.1,India,South Africa,V Kohli,MS Dhoni,JP Duminy,1,0,,,,,,,,,
1122281,2017/18,2018-02-07,Newlands,1,35.2,India,South Africa,MS Dhoni,V Kohli,JP Duminy,1,0,,,,,,,,,
1122281,2017/18,2018-02-07,Newlands,1,35.3,India,South Africa,V Kohli,MS Dhoni,JP Duminy,1,0,,,,,,,,,
1122281,2017/18,2018-02-07,Newlands,1,35.4,India,South Africa,MS Dhoni,V Kohli,JP Duminy,0,0,,,,,,,,,
1122281,2017/18,2018-02-07,Newlands,1,35.5,India,South Africa,MS Dhoni,V Kohli,JP Duminy,1,0,,,,,,,,,
1122281,2017/18,2018-02-07,Newlands,1,35.6,India,South Africa,V Kohli,MS Dhoni,JP Duminy,2,0,,,,,,,,,
1122281,2017/18,2018-02-07,Newlands,1,36.1,India,South Africa,MS Dhoni,V Kohli,CH Morris,0,0,,,,,,,,,
1122281,2017/18,2018-02-07,Newlands,1,36.2,India,South Africa,MS Dhoni,V Kohli,CH Morris,0,0,,,,,,,,,
1122281,2017/18,2018-02-07,Newlands,1,36.3,India,South Africa,MS Dhoni,V Kohli,CH Morris,0,0,,,,,,,,,
1122281,2017/18,2018-02-07,Newlands,1,36.4,India,South Africa,MS Dhoni,V Kohli,CH Morris,1,0,,,,,,,,,
1122281,2017/18,2018-02-07,Newlands,1,36.5,India,South Africa,V Kohli,MS Dhoni,CH Morris,1,0,,,,,,,,,
1122281,2017/18,2018-02-07,Newlands,1,36.6,India,South Africa,MS Dhoni,V Kohli,CH Morris,0,0,,,,,,,,,
1122281,2017/18,2018-02-07,Newlands,1,37.1,India,South Africa,V Kohli,MS Dhoni,JP Duminy,4,0,,,,,,,,,
1122281,2017/18,2018-02-07,Newlands,1,37.2,India,South Africa,V Kohli,MS Dhoni,JP Duminy,1,0,,,,,,,,,
1122281,2017/18,2018-02-07,Newlands,1,37.3,India,South Africa,MS Dhoni,V Kohli,JP Duminy,1,0,,,,,,,,,
1122281,2017/18,2018-02-07,Newlands,1,37.4,India,South Africa,V Kohli,MS Dhoni,JP Duminy,1,0,,,,,,,,,
1122281,2017/18,2018-02-07,Newlands,1,37.5,India,South Africa,MS Dhoni,V Kohli,JP Duminy,0,0,,,,,,,,,
1122281,2017/18,2018-02-07,Newlands,1,37.6,India,South Africa,MS Dhoni,V Kohli,JP Duminy,0,0,,,,,,,,,
1122281,2017/18,2018-02-07,Newlands,1,38.1,India,South Africa,V Kohli,MS Dhoni,Imran Tahir,0,0,,,,,,,,,
1122281,2017/18,2018-02-07,Newlands,1,38.2,India,South Africa,V Kohli,MS Dhoni,Imran Tahir,1,0,,,,,,,,,
1122281,2017/18,2018-02-07,Newlands,1,38.3,India,South Africa,MS Dhoni,V Kohli,Imran Tahir,1,0,,,,,,,,,
1122281,2017/18,2018-02-07,Newlands,1,38.4,India,South Africa,V Kohli,MS Dhoni,Imran Tahir,1,0,,,,,,,,,
1122281,2017/18,2018-02-07,Newlands,1,38.5,India,South Africa,MS Dhoni,V Kohli,Imran Tahir,0,0,,,,,,,,,
1122281,2017/18,2018-02-07,Newlands,1,38.6,India,South Africa,MS Dhoni,V Kohli,Imran Tahir,0,0,,,,,,,,,
1122281,2017/18,2018-02-07,Newlands,1,39.1,India,South Africa,V Kohli,MS Dhoni,JP Duminy,2,0,,,,,,,,,
1122281,2017/18,2018-02-07,Newlands,1,39.2,India,South Africa,V Kohli,MS Dhoni,JP Duminy,2,0,,,,,,,,,
1122281,2017/18,2018-02-07,Newlands,1,39.3,India,South Africa,V Kohli,MS Dhoni,JP Duminy,4,0,,,,,,,,,
1122281,2017/18,2018-02-07,Newlands,1,39.4,India,South Africa,V Kohli,MS Dhoni,JP Duminy,0,0,,,,,,,,,
1122281,2017/18,2018-02-07,Newlands,1,39.5,India,South Africa,V Kohli,MS Dhoni,JP Duminy,1,0,,,,,,,,,
1122281,2017/18,2018-02-07,Newlands,1,39.6,India,South Africa,MS Dhoni,V Kohli,JP Duminy,2,0,,,,,,,,,
1122281,2017/18,2018-02-07,Newlands,1,40.1,India,South Africa,V Kohli,MS Dhoni,AL Phehlukwayo,1,0,,,,,,,,,
1122281,2017/18,2018-02-07,Newlands,1,40.2,India,South Africa,MS Dhoni,V Kohli,AL Phehlukwayo,1,0,,,,,,,,,
1122281,2017/18,2018-02-07,Newlands,1,40.3,India,South Africa,V Kohli,MS Dhoni,AL Phehlukwayo,0,0,,,,,,,,,
1122281,2017/18,2018-02-07,Newlands,1,40.4,India,South Africa,V Kohli,MS Dhoni,AL Phehlukwayo,0,0,,,,,,,,,
1122281,2017/18,2018-02-07,Newlands,1,40.5,India,South Africa,V Kohli,MS Dhoni,AL Phehlukwayo,0,1,1,,,,,,,,
1122281,2017/18,2018-02-07,Newlands,1,40.6,India,South Africa,V Kohli,MS Dhoni,AL Phehlukwayo,0,0,,,,,,,,,
1122281,2017/18,2018-02-07,Newlands,1,40.7,India,South Africa,V Kohli,MS Dhoni,AL Phehlukwayo,1,0,,,,,,,,,
1122281,2017/18,2018-02-07,Newlands,1,41.1,India,South Africa,V Kohli,MS Dhoni,Imran Tahir,0,0,,,,,,,,,
1122281,2017/18,2018-02-07,Newlands,1,41.2,India,South Africa,V Kohli,MS Dhoni,Imran Tahir,1,0,,,,,,,,,
1122281,2017/18,2018-02-07,Newlands,1,41.3,India,South Africa,MS Dhoni,V Kohli,Imran Tahir,0,0,,,,,,caught,MS Dhoni,,
1122281,2017/18,2018-02-07,Newlands,1,41.4,India,South Africa,KM Jadhav,V Kohli,Imran Tahir,1,0,,,,,,,,,
1122281,2017/18,2018-02-07,Newlands,1,41.5,India,South Africa,V Kohli,KM Jadhav,Imran Tahir,1,0,,,,,,,,,
1122281,2017/18,2018-02-07,Newlands,1,41.6,India,South Africa,KM Jadhav,V Kohli,Imran Tahir,0,0,,,,,,,,,
1122281,2017/18,2018-02-07,Newlands,1,42.1,India,South Africa,V Kohli,KM Jadhav,AL Phehlukwayo,0,0,,,,,,,,,
1122281,2017/18,2018-02-07,Newlands,1,42.2,India,South Africa,V Kohli,KM Jadhav,AL Phehlukwayo,4,0,,,,,,,,,
1122281,2017/18,2018-02-07,Newlands,1,42.3,India,South Africa,V Kohli,KM Jadhav,AL Phehlukwayo,1,0,,,,,,,,,
1122281,2017/18,2018-02-07,Newlands,1,42.4,India,South Africa,KM Jadhav,V Kohli,AL Phehlukwayo,0,1,1,,,,,,,,
1122281,2017/18,2018-02-07,Newlands,1,42.5,India,South Africa,KM Jadhav,V Kohli,AL Phehlukwayo,0,0,,,,,,caught,KM Jadhav,,
1122281,2017/18,2018-02-07,Newlands,1,42.6,India,South Africa,B Kumar,V Kohli,AL Phehlukwayo,0,0,,,,,,,,,
1122281,2017/18,2018-02-07,Newlands,1,42.7,India,South Africa,B Kumar,V Kohli,AL Phehlukwayo,0,0,,,,,,,,,
1122281,2017/18,2018-02-07,Newlands,1,43.1,India,South Africa,V Kohli,B Kumar,Imran Tahir,1,0,,,,,,,,,
1122281,2017/18,2018-02-07,Newlands,1,43.2,India,South Africa,B Kumar,V Kohli,Imran Tahir,1,0,,,,,,,,,
1122281,2017/18,2018-02-07,Newlands,1,43.3,India,South Africa,V Kohli,B Kumar,Imran Tahir,4,0,,,,,,,,,
1122281,2017/18,2018-02-07,Newlands,1,43.4,India,South Africa,V Kohli,B Kumar,Imran Tahir,1,0,,,,,,,,,
1122281,2017/18,2018-02-07,Newlands,1,43.5,India,South Africa,B Kumar,V Kohli,Imran Tahir,0,2,,,,2,,,,,
1122281,2017/18,2018-02-07,Newlands,1,43.6,India,South Africa,B Kumar,V Kohli,Imran Tahir,0,0,,,,,,,,,
1122281,2017/18,2018-02-07,Newlands,1,44.1,India,South Africa,V Kohli,B Kumar,AL Phehlukwayo,0,1,1,,,,,,,,
1122281,2017/18,2018-02-07,Newlands,1,44.2,India,South Africa,V Kohli,B Kumar,AL Phehlukwayo,1,0,,,,,,,,,
1122281,2017/18,2018-02-07,Newlands,1,44.3,India,South Africa,B Kumar,V Kohli,AL Phehlukwayo,0,1,,,,1,,,,,
1122281,2017/18,2018-02-07,Newlands,1,44.4,India,South Africa,V Kohli,B Kumar,AL Phehlukwayo,4,0,,,,,,,,,
1122281,2017/18,2018-02-07,Newlands,1,44.5,India,South Africa,V Kohli,B Kumar,AL Phehlukwayo,0,1,1,,,,,,,,
1122281,2017/18,2018-02-07,Newlands,1,44.6,India,South Africa,V Kohli,B Kumar,AL Phehlukwayo,1,0,,,,,,,,,
1122281,2017/18,2018-02-07,Newlands,1,44.7,India,South Africa,B Kumar,V Kohli,AL Phehlukwayo,1,0,,,,,,,,,
1122281,2017/18,2018-02-07,Newlands,1,44.8,India,South Africa,V Kohli,B Kumar,AL Phehlukwayo,1,0,,,,,,,,,
1122281,2017/18,2018-02-07,Newlands,1,45.1,India,South Africa,V Kohli,B Kumar,K Rabada,2,0,,,,,,,,,
1122281,2017/18,2018-02-07,Newlands,1,45.2,India,South Africa,V Kohli,B Kumar,K Rabada,0,0,,,,,,,,,
1122281,2017/18,2018-02-07,Newlands,1,45.3,India,South Africa,V Kohli,B Kumar,K Rabada,1,0,,,,,,,,,
1122281,2017/18,2018-02-07,Newlands,1,45.4,India,South Africa,B Kumar,V Kohli,K Rabada,4,0,,,,,,,,,
1122281,2017/18,2018-02-07,Newlands,1,45.5,India,South Africa,B Kumar,V Kohli,K Rabada,1,0,,,,,,,,,
1122281,2017/18,2018-02-07,Newlands,1,45.6,India,South Africa,V Kohli,B Kumar,K Rabada,1,0,,,,,,,,,
1122281,2017/18,2018-02-07,Newlands,1,46.1,India,South Africa,V Kohli,B Kumar,CH Morris,1,0,,,,,,,,,
1122281,2017/18,2018-02-07,Newlands,1,46.2,India,South Africa,B Kumar,V Kohli,CH Morris,1,0,,,,,,,,,
1122281,2017/18,2018-02-07,Newlands,1,46.3,India,South Africa,V Kohli,B Kumar,CH Morris,1,0,,,,,,,,,
1122281,2017/18,2018-02-07,Newlands,1,46.4,India,South Africa,B Kumar,V Kohli,CH Morris,1,0,,,,,,,,,
1122281,2017/18,2018-02-07,Newlands,1,46.5,India,South Africa,V Kohli,B Kumar,CH Morris,1,0,,,,,,,,,
1122281,2017/18,2018-02-07,Newlands,1,46.6,India,South Africa,B Kumar,V Kohli,CH Morris,0,0,,,,,,,,,
1122281,2017/18,2018-02-07,Newlands,1,47.1,India,South Africa,V Kohli,B Kumar,K Rabada,1,0,,,,,,,,,
1122281,2017/18,2018-02-07,Newlands,1,47.2,India,South Africa,B Kumar,V Kohli,K Rabada,1,0,,,,,,,,,
1122281,2017/18,2018-02-07,Newlands,1,47.3,India,South Africa,V Kohli,B Kumar,K Rabada,0,1,1,,,,,,,,
1122281,2017/18,2018-02-07,Newlands,1,47.4,India,South Africa,V Kohli,B Kumar,K Rabada,0,0,,,,,,,,,
1122281,2017/18,2018-02-07,Newlands,1,47.5,India,South Africa,V Kohli,B Kumar,K Rabada,1,0,,,,,,,,,
1122281,2017/18,2018-02-07,Newlands,1,47.6,India,South Africa,B Kumar,V Kohli,K Rabada,1,0,,,,,,,,,
1122281,2017/18,2018-02-07,Newlands,1,47.7,India,South Africa,V Kohli,B Kumar,K Rabada,1,0,,,,,,,,,
1122281,2017/18,2018-02-07,Newlands,1,48.1,India,South Africa,V Kohli,B Kumar,CH Morris,1,0,,,,,,,,,
1122281,2017/18,2018-02-07,Newlands,1,48.2,India,South Africa,B Kumar,V Kohli,CH Morris,1,0,,,,,,,,,
1122281,2017/18,2018-02-07,Newlands,1,48.3,India,South Africa,V Kohli,B Kumar,CH Morris,6,0,,,,,,,,,
1122281,2017/18,2018-02-07,Newlands,1,48.4,India,South Africa,V Kohli,B Kumar,CH Morris,1,0,,,,,,,,,
1122281,2017/18,2018-02-07,Newlands,1,48.5,India,South Africa,B Kumar,V Kohli,CH Morris,1,0,,,,,,,,,
1122281,2017/18,2018-02-07,Newlands,1,48.6,India,South Africa,V Kohli,B Kumar,CH Morris,0,1,1,,,,,,,,
1122281,2017/18,2018-02-07,Newlands,1,48.7,India,South Africa,V Kohli,B Kumar,CH Morris,1,0,,,,,,,,,
1122281,2017/18,2018-02-07,Newlands,1,49.1,India,South Africa,V Kohli,B Kumar,K Rabada,1,0,,,,,,,,,
1122281,2017/18,2018-02-07,Newlands,1,49.2,India,South Africa,B Kumar,V Kohli,K Rabada,0,0,,,,,,,,,
1122281,2017/18,2018-02-07,Newlands,1,49.3,India,South Africa,B Kumar,V Kohli,K Rabada,2,0,,,,,,,,,
1122281,2017/18,2018-02-07,Newlands,1,49.4,India,South Africa,B Kumar,V Kohli,K Rabada,0,1,1,,,,,,,,
1122281,2017/18,2018-02-07,Newlands,1,49.5,India,South Africa,B Kumar,V Kohli,K Rabada,1,0,,,,,,,,,
1122281,2017/18,2018-02-07,Newlands,1,49.6,India,South Africa,V Kohli,B Kumar,K Rabada,6,0,,,,,,,,,
1122281,2017/18,2018-02-07,Newlands,1,49.7,India,South Africa,V Kohli,B Kumar,K Rabada,4,0,,,,,,,,,
1122281,2017/18,2018-02-07,Newlands,2,0.1,South Africa,India,HM Amla,AK Markram,B Kumar,1,0,,,,,,,,,
1122281,2017/18,2018-02-07,Newlands,2,0.2,South Africa,India,AK Markram,HM Amla,B Kumar,0,0,,,,,,,,,
1122281,2017/18,2018-02-07,Newlands,2,0.3,South Africa,India,AK Markram,HM Amla,B Kumar,0,0,,,,,,,,,
1122281,2017/18,2018-02-07,Newlands,2,0.4,South Africa,India,AK Markram,HM Amla,B Kumar,0,0,,,,,,,,,
1122281,2017/18,2018-02-07,Newlands,2,0.5,South Africa,India,AK Markram,HM Amla,B Kumar,0,0,,,,,,,,,
1122281,2017/18,2018-02-07,Newlands,2,0.6,South Africa,India,AK Markram,HM Amla,B Kumar,0,0,,,,,,,,,
1122281,2017/18,2018-02-07,Newlands,2,1.1,South Africa,India,HM Amla,AK Markram,JJ Bumrah,0,0,,,,,,lbw,HM Amla,,
1122281,2017/18,2018-02-07,Newlands,2,1.2,South Africa,India,JP Duminy,AK Markram,JJ Bumrah,0,0,,,,,,,,,
1122281,2017/18,2018-02-07,Newlands,2,1.3,South Africa,India,JP Duminy,AK Markram,JJ Bumrah,4,0,,,,,,,,,
1122281,2017/18,2018-02-07,Newlands,2,1.4,South Africa,India,JP Duminy,AK Markram,JJ Bumrah,1,0,,,,,,,,,
1122281,2017/18,2018-02-07,Newlands,2,1.5,South Africa,India,AK Markram,JP Duminy,JJ Bumrah,0,0,,,,,,,,,
1122281,2017/18,2018-02-07,Newlands,2,1.6,South Africa,India,AK Markram,JP Duminy,JJ Bumrah,0,0,,,,,,,,,
1122281,2017/18,2018-02-07,Newlands,2,2.1,South Africa,India,JP Duminy,AK Markram,B Kumar,0,0,,,,,,,,,
1122281,2017/18,2018-02-07,Newlands,2,2.2,South Africa,India,JP Duminy,AK Markram,B Kumar,0,0,,,,,,,,,
1122281,2017/18,2018-02-07,Newlands,2,2.3,South Africa,India,JP Duminy,AK Markram,B Kumar,0,0,,,,,,,,,
1122281,2017/18,2018-02-07,Newlands,2,2.4,South Africa,India,JP Duminy,AK Markram,B Kumar,2,0,,,,,,,,,
1122281,2017/18,2018-02-07,Newlands,2,2.5,South Africa,India,JP Duminy,AK Markram,B Kumar,1,0,,,,,,,,,
1122281,2017/18,2018-02-07,Newlands,2,2.6,South Africa,India,AK Markram,JP Duminy,B Kumar,1,0,,,,,,,,,
1122281,2017/18,2018-02-07,Newlands,2,3.1,South Africa,India,AK Markram,JP Duminy,JJ Bumrah,0,0,,,,,,,,,
1122281,2017/18,2018-02-07,Newlands,2,3.2,South Africa,India,AK Markram,JP Duminy,JJ Bumrah,1,0,,,,,,,,,
1122281,2017/18,2018-02-07,Newlands,2,3.3,South Africa,India,JP Duminy,AK Markram,JJ Bumrah,0,0,,,,,,,,,
1122281,2017/18,2018-02-07,Newlands,2,3.4,South Africa,India,JP Duminy,AK Markram,JJ Bumrah,0,0,,,,,,,,,
1122281,2017/18,2018-02-07,Newlands,2,3.5,South Africa,India,JP Duminy,AK Markram,JJ Bumrah,0,0,,,,,,,,,
1122281,2017/18,2018-02-07,Newlands,2,3.6,South Africa,India,JP Duminy,AK Markram,JJ Bumrah,4,0,,,,,,,,,
1122281,2017/18,2018-02-07,Newlands,2,4.1,South Africa,India,AK Markram,JP Duminy,B Kumar,0,0,,,,,,,,,
1122281,2017/18,2018-02-07,Newlands,2,4.2,South Africa,India,AK Markram,JP Duminy,B Kumar,6,0,,,,,,,,,
1122281,2017/18,2018-02-07,Newlands,2,4.3,South Africa,India,AK Markram,JP Duminy,B Kumar,4,0,,,,,,,,,
1122281,2017/18,2018-02-07,Newlands,2,4.4,South Africa,India,AK Markram,JP Duminy,B Kumar,1,0,,,,,,,,,
1122281,2017/18,2018-02-07,Newlands,2,4.5,South Africa,India,JP Duminy,AK Markram,B Kumar,0,0,,,,,,,,,
1122281,2017/18,2018-02-07,Newlands,2,4.6,South Africa,India,JP Duminy,AK Markram,B Kumar,0,0,,,,,,,,,
1122281,2017/18,2018-02-07,Newlands,2,5.1,South Africa,India,AK Markram,JP Duminy,JJ Bumrah,2,0,,,,,,,,,
1122281,2017/18,2018-02-07,Newlands,2,5.2,South Africa,India,AK Markram,JP Duminy,JJ Bumrah,0,0,,,,,,,,,
1122281,2017/18,2018-02-07,Newlands,2,5.3,South Africa,India,AK Markram,JP Duminy,JJ Bumrah,0,0,,,,,,,,,
1122281,2017/18,2018-02-07,Newlands,2,5.4,South Africa,India,AK Markram,JP Duminy,JJ Bumrah,0,0,,,,,,,,,
1122281,2017/18,2018-02-07,Newlands,2,5.5,South Africa,India,AK Markram,JP Duminy,JJ Bumrah,0,0,,,,,,,,,
1122281,2017/18,2018-02-07,Newlands,2,5.6,South Africa,India,AK Markram,JP Duminy,JJ Bumrah,0,0,,,,,,,,,
1122281,2017/18,2018-02-07,Newlands,2,6.1,South Africa,India,JP Duminy,AK Markram,B Kumar,0,0,,,,,,,,,
1122281,2017/18,2018-02-07,Newlands,2,6.2,South Africa,India,JP Duminy,AK Markram,B Kumar,2,0,,,,,,,,,
1122281,2017/18,2018-02-07,Newlands,2,6.3,South Africa,India,JP Duminy,AK Markram,B Kumar,0,0,,,,,,,,,
1122281,2017/18,2018-02-07,Newlands,2,6.4,South Africa,India,JP Duminy,AK Markram,B Kumar,4,0,,,,,,,,,
1122281,2017/18,2018-02-07,Newlands,2,6.5,South Africa,India,JP Duminy,AK Markram,B Kumar,0,0,,,,,,,,,
1122281,2017/18,2018-02-07,Newlands,2,6.6,South Africa,India,JP Duminy,AK Markram,B Kumar,0,0,,,,,,,,,
1122281,2017/18,2018-02-07,Newlands,2,7.1,South Africa,India,AK Markram,JP Duminy,JJ Bumrah,1,0,,,,,,,,,
1122281,2017/18,2018-02-07,Newlands,2,7.2,South Africa,India,JP Duminy,AK Markram,JJ Bumrah,0,0,,,,,,,,,
1122281,2017/18,2018-02-07,Newlands,2,7.3,South Africa,India,JP Duminy,AK Markram,JJ Bumrah,0,0,,,,,,,,,
1122281,2017/18,2018-02-07,Newlands,2,7.4,South Africa,India,JP Duminy,AK Markram,JJ Bumrah,3,0,,,,,,,,,
1122281,2017/18,2018-02-07,Newlands,2,7.5,South Africa,India,AK Markram,JP Duminy,JJ Bumrah,0,0,,,,,,,,,
1122281,2017/18,2018-02-07,Newlands,2,7.6,South Africa,India,AK Markram,JP Duminy,JJ Bumrah,2,0,,,,,,,,,
1122281,2017/18,2018-02-07,Newlands,2,8.1,South Africa,India,JP Duminy,AK Markram,B Kumar,1,0,,,,,,,,,
1122281,2017/18,2018-02-07,Newlands,2,8.2,South Africa,India,AK Markram,JP Duminy,B Kumar,1,0,,,,,,,,,
1122281,2017/18,2018-02-07,Newlands,2,8.3,South Africa,India,JP Duminy,AK Markram,B Kumar,4,0,,,,,,,,,
1122281,2017/18,2018-02-07,Newlands,2,8.4,South Africa,India,JP Duminy,AK Markram,B Kumar,0,0,,,,,,,,,
1122281,2017/18,2018-02-07,Newlands,2,8.5,South Africa,India,JP Duminy,AK Markram,B Kumar,0,0,,,,,,,,,
1122281,2017/18,2018-02-07,Newlands,2,8.6,South Africa,India,JP Duminy,AK Markram,B Kumar,1,0,,,,,,,,,
1122281,2017/18,2018-02-07,Newlands,2,9.1,South Africa,India,JP Duminy,AK Markram,HH Pandya,1,0,,,,,,,,,
1122281,2017/18,2018-02-07,Newlands,2,9.2,South Africa,India,AK Markram,JP Duminy,HH Pandya,0,0,,,,,,,,,
1122281,2017/18,2018-02-07,Newlands,2,9.3,South Africa,India,AK Markram,JP Duminy,HH Pandya,0,0,,,,,,,,,
1122281,2017/18,2018-02-07,Newlands,2,9.4,South Africa,India,AK Markram,JP Duminy,HH Pandya,0,0,,,,,,,,,
1122281,2017/18,2018-02-07,Newlands,2,9.5,South Africa,India,AK Markram,JP Duminy,HH Pandya,0,0,,,,,,,,,
1122281,2017/18,2018-02-07,Newlands,2,9.6,South Africa,India,AK Markram,JP Duminy,HH Pandya,0,0,,,,,,,,,
1122281,2017/18,2018-02-07,Newlands,2,10.1,South Africa,India,JP Duminy,AK Markram,YS Chahal,1,0,,,,,,,,,
1122281,2017/18,2018-02-07,Newlands,2,10.2,South Africa,India,AK Markram,JP Duminy,YS Chahal,0,0,,,,,,,,,
1122281,2017/18,2018-02-07,Newlands,2,10.3,South Africa,India,AK Markram,JP Duminy,YS Chahal,1,0,,,,,,,,,
1122281,2017/18,2018-02-07,Newlands,2,10.4,South Africa,India,JP Duminy,AK Markram,YS Chahal,0,0,,,,,,,,,
1122281,2017/18,2018-02-07,Newlands,2,10.5,South Africa,India,JP Duminy,AK Markram,YS Chahal,0,0,,,,,,,,,
1122281,2017/18,2018-02-07,Newlands,2,10.6,South Africa,India,JP Duminy,AK Markram,YS Chahal,1,0,,,,,,,,,
1122281,2017/18,2018-02-07,Newlands,2,11.1,South Africa,India,JP Duminy,AK Markram,HH Pandya,0,0,,,,,,,,,
1122281,2017/18,2018-02-07,Newlands,2,11.2,South Africa,India,JP Duminy,AK Markram,HH Pandya,1,0,,,,,,,,,
1122281,2017/18,2018-02-07,Newlands,2,11.3,South Africa,India,AK Markram,JP Duminy,HH Pandya,1,0,,,,,,,,,
1122281,2017/18,2018-02-07,Newlands,2,11.4,South Africa,India,JP Duminy,AK Markram,HH Pandya,1,0,,,,,,,,,
1122281,2017/18,2018-02-07,Newlands,2,11.5,South Africa,India,AK Markram,JP Duminy,HH Pandya,1,0,,,,,,,,,
1122281,2017/18,2018-02-07,Newlands,2,11.6,South Africa,India,JP Duminy,AK Markram,HH Pandya,0,0,,,,,,,,,
1122281,2017/18,2018-02-07,Newlands,2,12.1,South Africa,India,AK Markram,JP Duminy,YS Chahal,0,0,,,,,,,,,
1122281,2017/18,2018-02-07,Newlands,2,12.2,South Africa,India,AK Markram,JP Duminy,YS Chahal,1,0,,,,,,,,,
1122281,2017/18,2018-02-07,Newlands,2,12.3,South Africa,India,JP Duminy,AK Markram,YS Chahal,2,0,,,,,,,,,
1122281,2017/18,2018-02-07,Newlands,2,12.4,South Africa,India,JP Duminy,AK Markram,YS Chahal,0,0,,,,,,,,,
1122281,2017/18,2018-02-07,Newlands,2,12.5,South Africa,India,JP Duminy,AK Markram,YS Chahal,0,1,,,,1,,,,,
1122281,2017/18,2018-02-07,Newlands,2,12.6,South Africa,India,AK Markram,JP Duminy,YS Chahal,1,0,,,,,,,,,
1122281,2017/18,2018-02-07,Newlands,2,13.1,South Africa,India,AK Markram,JP Duminy,HH Pandya,1,0,,,,,,,,,
1122281,2017/18,2018-02-07,Newlands,2,13.2,South Africa,India,JP Duminy,AK Markram,HH Pandya,2,0,,,,,,,,,
1122281,2017/18,2018-02-07,Newlands,2,13.3,South Africa,India,JP Duminy,AK Markram,HH Pandya,0,0,,,,,,,,,
1122281,2017/18,2018-02-07,Newlands,2,13.4,South Africa,India,JP Duminy,AK Markram,HH Pandya,0,0,,,,,,,,,
1122281,2017/18,2018-02-07,Newlands,2,13.5,South Africa,India,JP Duminy,AK Markram,HH Pandya,1,0,,,,,,,,,
1122281,2017/18,2018-02-07,Newlands,2,13.6,South Africa,India,AK Markram,JP Duminy,HH Pandya,4,0,,,,,,,,,
1122281,2017/18,2018-02-07,Newlands,2,14.1,South Africa,India,JP Duminy,AK Markram,YS Chahal,1,0,,,,,,,,,
1122281,2017/18,2018-02-07,Newlands,2,14.2,South Africa,India,AK Markram,JP Duminy,YS Chahal,1,0,,,,,,,,,
1122281,2017/18,2018-02-07,Newlands,2,14.3,South Africa,India,JP Duminy,AK Markram,YS Chahal,2,0,,,,,,,,,
1122281,2017/18,2018-02-07,Newlands,2,14.4,South Africa,India,JP Duminy,AK Markram,YS Chahal,0,0,,,,,,,,,
1122281,2017/18,2018-02-07,Newlands,2,14.5,South Africa,India,JP Duminy,AK Markram,YS Chahal,1,0,,,,,,,,,
1122281,2017/18,2018-02-07,Newlands,2,14.6,South Africa,India,AK Markram,JP Duminy,YS Chahal,1,0,,,,,,,,,
1122281,2017/18,2018-02-07,Newlands,2,15.1,South Africa,India,AK Markram,JP Duminy,HH Pandya,1,0,,,,,,,,,
1122281,2017/18,2018-02-07,Newlands,2,15.2,South Africa,India,JP Duminy,AK Markram,HH Pandya,2,0,,,,,,,,,
1122281,2017/18,2018-02-07,Newlands,2,15.3,South Africa,India,JP Duminy,AK Markram,HH Pandya,0,0,,,,,,,,,
1122281,2017/18,2018-02-07,Newlands,2,15.4,South Africa,India,JP Duminy,AK Markram,HH Pandya,0,0,,,,,,,,,
1122281,2017/18,2018-02-07,Newlands,2,15.5,South Africa,India,JP Duminy,AK Markram,HH Pandya,0,0,,,,,,,,,
1122281,2017/18,2018-02-07,Newlands,2,15.6,South Africa,India,JP Duminy,AK Markram,HH Pandya,1,0,,,,,,,,,
1122281,2017/18,2018-02-07,Newlands,2,16.1,South Africa,India,JP Duminy,AK Markram,Kuldeep Yadav,1,0,,,,,,,,,
1122281,2017/18,2018-02-07,Newlands,2,16.2,South Africa,India,AK Markram,JP Duminy,Kuldeep Yadav,0,0,,,,,,stumped,AK Markram,,
1122281,2017/18,2018-02-07,Newlands,2,16.3,South Africa,India,H Klaasen,JP Duminy,Kuldeep Yadav,0,0,,,,,,,,,
1122281,2017/18,2018-02-07,Newlands,2,16.4,South Africa,India,H Klaasen,JP Duminy,Kuldeep Yadav,0,0,,,,,,,,,
1122281,2017/18,2018-02-07,Newlands,2,16.5,South Africa,India,H Klaasen,JP Duminy,Kuldeep Yadav,0,0,,,,,,,,,
1122281,2017/18,2018-02-07,Newlands,2,16.6,South Africa,India,H Klaasen,JP Duminy,Kuldeep Yadav,0,0,,,,,,,,,
1122281,2017/18,2018-02-07,Newlands,2,17.1,South Africa,India,JP Duminy,H Klaasen,HH Pandya,1,0,,,,,,,,,
1122281,2017/18,2018-02-07,Newlands,2,17.2,South Africa,India,H Klaasen,JP Duminy,HH Pandya,1,0,,,,,,,,,
1122281,2017/18,2018-02-07,Newlands,2,17.3,South Africa,India,JP Duminy,H Klaasen,HH Pandya,0,0,,,,,,,,,
1122281,2017/18,2018-02-07,Newlands,2,17.4,South Africa,India,JP Duminy,H Klaasen,HH Pandya,0,0,,,,,,,,,
1122281,2017/18,2018-02-07,Newlands,2,17.5,South Africa,India,JP Duminy,H Klaasen,HH Pandya,2,0,,,,,,,,,
1122281,2017/18,2018-02-07,Newlands,2,17.6,South Africa,India,JP Duminy,H Klaasen,HH Pandya,0,0,,,,,,,,,
1122281,2017/18,2018-02-07,Newlands,2,18.1,South Africa,India,H Klaasen,JP Duminy,Kuldeep Yadav,0,0,,,,,,,,,
1122281,2017/18,2018-02-07,Newlands,2,18.2,South Africa,India,H Klaasen,JP Duminy,Kuldeep Yadav,4,0,,,,,,,,,
1122281,2017/18,2018-02-07,Newlands,2,18.3,South Africa,India,H Klaasen,JP Duminy,Kuldeep Yadav,0,0,,,,,,,,,
1122281,2017/18,2018-02-07,Newlands,2,18.4,South Africa,India,H Klaasen,JP Duminy,Kuldeep Yadav,0,0,,,,,,,,,
1122281,2017/18,2018-02-07,Newlands,2,18.5,South Africa,India,H Klaasen,JP Duminy,Kuldeep Yadav,1,0,,,,,,,,,
1122281,2017/18,2018-02-07,Newlands,2,18.6,South Africa,India,JP Duminy,H Klaasen,Kuldeep Yadav,0,0,,,,,,,,,
1122281,2017/18,2018-02-07,Newlands,2,19.1,South Africa,India,H Klaasen,JP Duminy,YS Chahal,0,0,,,,,,,,,
1122281,2017/18,2018-02-07,Newlands,2,19.2,South Africa,India,H Klaasen,JP Duminy,YS Chahal,0,0,,,,,,lbw,H Klaasen,,
1122281,2017/18,2018-02-07,Newlands,2,19.3,South Africa,India,DA Miller,JP Duminy,YS Chahal,1,0,,,,,,,,,
1122281,2017/18,2018-02-07,Newlands,2,19.4,South Africa,India,JP Duminy,DA Miller,YS Chahal,1,0,,,,,,,,,
1122281,2017/18,2018-02-07,Newlands,2,19.5,South Africa,India,DA Miller,JP Duminy,YS Chahal,0,0,,,,,,,,,
1122281,2017/18,2018-02-07,Newlands,2,19.6,South Africa,India,DA Miller,JP Duminy,YS Chahal,0,0,,,,,,,,,
1122281,2017/18,2018-02-07,Newlands,2,20.1,South Africa,India,JP Duminy,DA Miller,Kuldeep Yadav,0,0,,,,,,,,,
1122281,2017/18,2018-02-07,Newlands,2,20.2,South Africa,India,JP Duminy,DA Miller,Kuldeep Yadav,0,0,,,,,,,,,
1122281,2017/18,2018-02-07,Newlands,2,20.3,South Africa,India,JP Duminy,DA Miller,Kuldeep Yadav,1,0,,,,,,,,,
1122281,2017/18,2018-02-07,Newlands,2,20.4,South Africa,India,DA Miller,JP Duminy,Kuldeep Yadav,0,0,,,,,,,,,
1122281,2017/18,2018-02-07,Newlands,2,20.5,South Africa,India,DA Miller,JP Duminy,Kuldeep Yadav,0,0,,,,,,,,,
1122281,2017/18,2018-02-07,Newlands,2,20.6,South Africa,India,DA Miller,JP Duminy,Kuldeep Yadav,0,0,,,,,,,,,
1122281,2017/18,2018-02-07,Newlands,2,21.1,South Africa,India,JP Duminy,DA Miller,YS Chahal,0,0,,,,,,,,,
1122281,2017/18,2018-02-07,Newlands,2,21.2,South Africa,India,JP Duminy,DA Miller,YS Chahal,1,0,,,,,,,,,
1122281,2017/18,2018-02-07,Newlands,2,21.3,South Africa,India,DA Miller,JP Duminy,YS Chahal,2,0,,,,,,,,,
1122281,2017/18,2018-02-07,Newlands,2,21.4,South Africa,India,DA Miller,JP Duminy,YS Chahal,1,0,,,,,,,,,
1122281,2017/18,2018-02-07,Newlands,2,21.5,South Africa,India,JP Duminy,DA Miller,YS Chahal,0,0,,,,,,lbw,JP Duminy,,
1122281,2017/18,2018-02-07,Newlands,2,21.6,South Africa,India,K Zondo,DA Miller,YS Chahal,1,0,,,,,,,,,
1122281,2017/18,2018-02-07,Newlands,2,22.1,South Africa,India,K Zondo,DA Miller,Kuldeep Yadav,0,0,,,,,,,,,
1122281,2017/18,2018-02-07,Newlands,2,22.2,South Africa,India,K Zondo,DA Miller,Kuldeep Yadav,0,0,,,,,,,,,
1122281,2017/18,2018-02-07,Newlands,2,22.3,South Africa,India,K Zondo,DA Miller,Kuldeep Yadav,0,0,,,,,,,,,
1122281,2017/18,2018-02-07,Newlands,2,22.4,South Africa,India,K Zondo,DA Miller,Kuldeep Yadav,0,0,,,,,,,,,
1122281,2017/18,2018-02-07,Newlands,2,22.5,South Africa,India,K Zondo,DA Miller,Kuldeep Yadav,0,0,,,,,,,,,
1122281,2017/18,2018-02-07,Newlands,2,22.6,South Africa,India,K Zondo,DA Miller,Kuldeep Yadav,0,0,,,,,,,,,
1122281,2017/18,2018-02-07,Newlands,2,23.1,South Africa,India,DA Miller,K Zondo,YS Chahal,0,0,,,,,,,,,
1122281,2017/18,2018-02-07,Newlands,2,23.2,South Africa,India,DA Miller,K Zondo,YS Chahal,0,0,,,,,,,,,
1122281,2017/18,2018-02-07,Newlands,2,23.3,South Africa,India,DA Miller,K Zondo,YS Chahal,2,0,,,,,,,,,
1122281,2017/18,2018-02-07,Newlands,2,23.4,South Africa,India,DA Miller,K Zondo,YS Chahal,1,0,,,,,,,,,
1122281,2017/18,2018-02-07,Newlands,2,23.5,South Africa,India,K Zondo,DA Miller,YS Chahal,0,0,,,,,,,,,
1122281,2017/18,2018-02-07,Newlands,2,23.6,South Africa,India,K Zondo,DA Miller,YS Chahal,1,0,,,,,,,,,
1122281,2017/18,2018-02-07,Newlands,2,24.1,South Africa,India,K Zondo,DA Miller,Kuldeep Yadav,1,0,,,,,,,,,
1122281,2017/18,2018-02-07,Newlands,2,24.2,South Africa,India,DA Miller,K Zondo,Kuldeep Yadav,1,0,,,,,,,,,
1122281,2017/18,2018-02-07,Newlands,2,24.3,South Africa,India,K Zondo,DA Miller,Kuldeep Yadav,0,0,,,,,,,,,
1122281,2017/18,2018-02-07,Newlands,2,24.4,South Africa,India,K Zondo,DA Miller,Kuldeep Yadav,0,0,,,,,,,,,
1122281,2017/18,2018-02-07,Newlands,2,24.5,South Africa,India,K Zondo,DA Miller,Kuldeep Yadav,0,0,,,,,,,,,
1122281,2017/18,2018-02-07,Newlands,2,24.6,South Africa,India,K Zondo,DA Miller,Kuldeep Yadav,0,0,,,,,,,,,
1122281,2017/18,2018-02-07,Newlands,2,25.1,South Africa,India,DA Miller,K Zondo,YS Chahal,1,0,,,,,,,,,
1122281,2017/18,2018-02-07,Newlands,2,25.2,South Africa,India,K Zondo,DA Miller,YS Chahal,1,0,,,,,,,,,
1122281,2017/18,2018-02-07,Newlands,2,25.3,South Africa,India,DA Miller,K Zondo,YS Chahal,1,0,,,,,,,,,
1122281,2017/18,2018-02-07,Newlands,2,25.4,South Africa,India,K Zondo,DA Miller,YS Chahal,1,0,,,,,,,,,
1122281,2017/18,2018-02-07,Newlands,2,25.5,South Africa,India,DA Miller,K Zondo,YS Chahal,0,0,,,,,,,,,
1122281,2017/18,2018-02-07,Newlands,2,25.6,South Africa,India,DA Miller,K Zondo,YS Chahal,1,0,,,,,,,,,
1122281,2017/18,2018-02-07,Newlands,2,26.1,South Africa,India,DA Miller,K Zondo,Kuldeep Yadav,0,0,,,,,,,,,
1122281,2017/18,2018-02-07,Newlands,2,26.2,South Africa,India,DA Miller,K Zondo,Kuldeep Yadav,0,0,,,,,,,,,
1122281,2017/18,2018-02-07,Newlands,2,26.3,South Africa,India,DA Miller,K Zondo,Kuldeep Yadav,0,0,,,,,,,,,
1122281,2017/18,2018-02-07,Newlands,2,26.4,South Africa,India,DA Miller,K Zondo,Kuldeep Yadav,0,0,,,,,,,,,
1122281,2017/18,2018-02-07,Newlands,2,26.5,South Africa,India,DA Miller,K Zondo,Kuldeep Yadav,0,0,,,,,,,,,
1122281,2017/18,2018-02-07,Newlands,2,26.6,South Africa,India,DA Miller,K Zondo,Kuldeep Yadav,1,0,,,,,,,,,
1122281,2017/18,2018-02-07,Newlands,2,27.1,South Africa,India,DA Miller,K Zondo,HH Pandya,1,0,,,,,,,,,
1122281,2017/18,2018-02-07,Newlands,2,27.2,South Africa,India,K Zondo,DA Miller,HH Pandya,1,0,,,,,,,,,
1122281,2017/18,2018-02-07,Newlands,2,27.3,South Africa,India,DA Miller,K Zondo,HH Pandya,0,0,,,,,,,,,
1122281,2017/18,2018-02-07,Newlands,2,27.4,South Africa,India,DA Miller,K Zondo,HH Pandya,0,0,,,,,,,,,
1122281,2017/18,2018-02-07,Newlands,2,27.5,South Africa,India,DA Miller,K Zondo,HH Pandya,0,0,,,,,,,,,
1122281,2017/18,2018-02-07,Newlands,2,27.6,South Africa,India,DA Miller,K Zondo,HH Pandya,1,0,,,,,,,,,
1122281,2017/18,2018-02-07,Newlands,2,28.1,South Africa,India,DA Miller,K Zondo,JJ Bumrah,2,0,,,,,,,,,
1122281,2017/18,2018-02-07,Newlands,2,28.2,South Africa,India,DA Miller,K Zondo,JJ Bumrah,0,0,,,,,,,,,
1122281,2017/18,2018-02-07,Newlands,2,28.3,South Africa,India,DA Miller,K Zondo,JJ Bumrah,4,0,,,,,,,,,
1122281,2017/18,2018-02-07,Newlands,2,28.4,South Africa,India,DA Miller,K Zondo,JJ Bumrah,1,0,,,,,,,,,
1122281,2017/18,2018-02-07,Newlands,2,28.5,South Africa,India,K Zondo,DA Miller,JJ Bumrah,0,0,,,,,,,,,
1122281,2017/18,2018-02-07,Newlands,2,28.6,South Africa,India,K Zondo,DA Miller,JJ Bumrah,0,0,,,,,,,,,
1122281,2017/18,2018-02-07,Newlands,2,29.1,South Africa,India,DA Miller,K Zondo,HH Pandya,0,0,,,,,,,,,
1122281,2017/18,2018-02-07,Newlands,2,29.2,South Africa,India,DA Miller,K Zondo,HH Pandya,1,0,,,,,,,,,
1122281,2017/18,2018-02-07,Newlands,2,29.3,South Africa,India,K Zondo,DA Miller,HH Pandya,0,1,1,,,,,,,,
1122281,2017/18,2018-02-07,Newlands,2,29.4,South Africa,India,K Zondo,DA Miller,HH Pandya,2,0,,,,,,,,,
1122281,2017/18,2018-02-07,Newlands,2,29.5,South Africa,India,K Zondo,DA Miller,HH Pandya,0,0,,,,,,,,,
1122281,2017/18,2018-02-07,Newlands,2,29.6,South Africa,India,K Zondo,DA Miller,HH Pandya,0,0,,,,,,,,,
1122281,2017/18,2018-02-07,Newlands,2,29.7,South Africa,India,K Zondo,DA Miller,HH Pandya,0,0,,,,,,,,,
1122281,2017/18,2018-02-07,Newlands,2,30.1,South Africa,India,DA Miller,K Zondo,JJ Bumrah,1,0,,,,,,,,,
1122281,2017/18,2018-02-07,Newlands,2,30.2,South Africa,India,K Zondo,DA Miller,JJ Bumrah,0,1,1,,,,,,,,
1122281,2017/18,2018-02-07,Newlands,2,30.3,South Africa,India,K Zondo,DA Miller,JJ Bumrah,1,0,,,,,,,,,
1122281,2017/18,2018-02-07,Newlands,2,30.4,South Africa,India,DA Miller,K Zondo,JJ Bumrah,0,0,,,,,,,,,
1122281,2017/18,2018-02-07,Newlands,2,30.5,South Africa,India,DA Miller,K Zondo,JJ Bumrah,0,0,,,,,,,,,
1122281,2017/18,2018-02-07,Newlands,2,30.6,South Africa,India,DA Miller,K Zondo,JJ Bumrah,0,0,,,,,,,,,
1122281,2017/18,2018-02-07,Newlands,2,30.7,South Africa,India,DA Miller,K Zondo,JJ Bumrah,0,0,,,,,,,,,
1122281,2017/18,2018-02-07,Newlands,2,31.1,South Africa,India,K Zondo,DA Miller,B Kumar,0,0,,,,,,,,,
1122281,2017/18,2018-02-07,Newlands,2,31.2,South Africa,India,K Zondo,DA Miller,B Kumar,0,0,,,,,,,,,
1122281,2017/18,2018-02-07,Newlands,2,31.3,South Africa,India,K Zondo,DA Miller,B Kumar,0,0,,,,,,,,,
1122281,2017/18,2018-02-07,Newlands,2,31.4,South Africa,India,K Zondo,DA Miller,B Kumar,1,0,,,,,,,,,
1122281,2017/18,2018-02-07,Newlands,2,31.5,South Africa,India,DA Miller,K Zondo,B Kumar,0,0,,,,,,,,,
1122281,2017/18,2018-02-07,Newlands,2,31.6,South Africa,India,DA Miller,K Zondo,B Kumar,2,0,,,,,,,,,
1122281,2017/18,2018-02-07,Newlands,2,32.1,South Africa,India,K Zondo,DA Miller,JJ Bumrah,0,0,,,,,,,,,
1122281,2017/18,2018-02-07,Newlands,2,32.2,South Africa,India,K Zondo,DA Miller,JJ Bumrah,0,1,,,,1,,,,,
1122281,2017/18,2018-02-07,Newlands,2,32.3,South Africa,India,DA Miller,K Zondo,JJ Bumrah,0,0,,,,,,caught,DA Miller,,
1122281,2017/18,2018-02-07,Newlands,2,32.4,South Africa,India,CH Morris,K Zondo,JJ Bumrah,0,0,,,,,,,,,
1122281,2017/18,2018-02-07,Newlands,2,32.5,South Africa,India,CH Morris,K Zondo,JJ Bumrah,3,0,,,,,,,,,
1122281,2017/18,2018-02-07,Newlands,2,32.6,South Africa,India,K Zondo,CH Morris,JJ Bumrah,1,0,,,,,,,,,
1122281,2017/18,2018-02-07,Newlands,2,33.1,South Africa,India,K Zondo,CH Morris,B Kumar,1,0,,,,,,,,,
1122281,2017/18,2018-02-07,Newlands,2,33.2,South Africa,India,CH Morris,K Zondo,B Kumar,4,0,,,,,,,,,
1122281,2017/18,2018-02-07,Newlands,2,33.3,South Africa,India,CH Morris,K Zondo,B Kumar,2,0,,,,,,,,,
1122281,2017/18,2018-02-07,Newlands,2,33.4,South Africa,India,CH Morris,K Zondo,B Kumar,0,0,,,,,,,,,
1122281,2017/18,2018-02-07,Newlands,2,33.5,South Africa,India,CH Morris,K Zondo,B Kumar,1,0,,,,,,,,,
1122281,2017/18,2018-02-07,Newlands,2,33.6,South Africa,India,K Zondo,CH Morris,B Kumar,1,0,,,,,,,,,
1122281,2017/18,2018-02-07,Newlands,2,34.1,South Africa,India,K Zondo,CH Morris,HH Pandya,1,0,,,,,,,,,
1122281,2017/18,2018-02-07,Newlands,2,34.2,South Africa,India,CH Morris,K Zondo,HH Pandya,1,0,,,,,,,,,
1122281,2017/18,2018-02-07,Newlands,2,34.3,South Africa,India,K Zondo,CH Morris,HH Pandya,1,0,,,,,,,,,
1122281,2017/18,2018-02-07,Newlands,2,34.4,South Africa,India,CH Morris,K Zondo,HH Pandya,2,0,,,,,,,,,
1122281,2017/18,2018-02-07,Newlands,2,34.5,South Africa,India,CH Morris,K Zondo,HH Pandya,1,0,,,,,,,,,
1122281,2017/18,2018-02-07,Newlands,2,34.6,South Africa,India,K Zondo,CH Morris,HH Pandya,1,0,,,,,,,,,
1122281,2017/18,2018-02-07,Newlands,2,35.1,South Africa,India,K Zondo,CH Morris,Kuldeep Yadav,1,0,,,,,,,,,
1122281,2017/18,2018-02-07,Newlands,2,35.2,South Africa,India,CH Morris,K Zondo,Kuldeep Yadav,0,0,,,,,,lbw,CH Morris,,
1122281,2017/18,2018-02-07,Newlands,2,35.3,South Africa,India,AL Phehlukwayo,K Zondo,Kuldeep Yadav,0,0,,,,,,,,,
1122281,2017/18,2018-02-07,Newlands,2,35.4,South Africa,India,AL Phehlukwayo,K Zondo,Kuldeep Yadav,0,0,,,,,,,,,
1122281,2017/18,2018-02-07,Newlands,2,35.5,South Africa,India,AL Phehlukwayo,K Zondo,Kuldeep Yadav,0,0,,,,,,,,,
1122281,2017/18,2018-02-07,Newlands,2,35.6,South Africa,India,AL Phehlukwayo,K Zondo,Kuldeep Yadav,0,0,,,,,,,,,
1122281,2017/18,2018-02-07,Newlands,2,36.1,South Africa,India,K Zondo,AL Phehlukwayo,YS Chahal,0,0,,,,,,caught,K Zondo,,
1122281,2017/18,2018-02-07,Newlands,2,36.2,South Africa,India,K Rabada,AL Phehlukwayo,YS Chahal,0,0,,,,,,,,,
1122281,2017/18,2018-02-07,Newlands,2,36.3,South Africa,India,K Rabada,AL Phehlukwayo,YS Chahal,0,0,,,,,,,,,
1122281,2017/18,2018-02-07,Newlands,2,36.4,South Africa,India,K Rabada,AL Phehlukwayo,YS Chahal,1,0,,,,,,,,,
1122281,2017/18,2018-02-07,Newlands,2,36.5,South Africa,India,AL Phehlukwayo,K Rabada,YS Chahal,1,0,,,,,,,,,
1122281,2017/18,2018-02-07,Newlands,2,36.6,South Africa,India,K Rabada,AL Phehlukwayo,YS Chahal,4,0,,,,,,,,,
1122281,2017/18,2018-02-07,Newlands,2,37.1,South Africa,India,AL Phehlukwayo,K Rabada,Kuldeep Yadav,2,0,,,,,,,,,
1122281,2017/18,2018-02-07,Newlands,2,37.2,South Africa,India,AL Phehlukwayo,K Rabada,Kuldeep Yadav,0,0,,,,,,,,,
1122281,2017/18,2018-02-07,Newlands,2,37.3,South Africa,India,AL Phehlukwayo,K Rabada,Kuldeep Yadav,0,0,,,,,,caught,AL Phehlukwayo,,
1122281,2017/18,2018-02-07,Newlands,2,37.4,South Africa,India,Imran Tahir,K Rabada,Kuldeep Yadav,4,0,,,,,,,,,
1122281,2017/18,2018-02-07,Newlands,2,37.5,South Africa,India,Imran Tahir,K Rabada,Kuldeep Yadav,0,0,,,,,,,,,
1122281,2017/18,2018-02-07,Newlands,2,37.6,South Africa,India,Imran Tahir,K Rabada,Kuldeep Yadav,0,0,,,,,,,,,
1122281,2017/18,2018-02-07,Newlands,2,38.1,South Africa,India,K Rabada,Imran Tahir,YS Chahal,1,0,,,,,,,,,
1122281,2017/18,2018-02-07,Newlands,2,38.2,South Africa,India,Imran Tahir,K Rabada,YS Chahal,4,0,,,,,,,,,
1122281,2017/18,2018-02-07,Newlands,2,38.3,South Africa,India,Imran Tahir,K Rabada,YS Chahal,0,0,,,,,,,,,
1122281,2017/18,2018-02-07,Newlands,2,38.4,South Africa,India,Imran Tahir,K Rabada,YS Chahal,0,0,,,,,,caught,Imran Tahir,,
1122281,2017/18,2018-02-07,Newlands,2,38.5,South Africa,India,K Rabada,L Ngidi,YS Chahal,6,0,,,,,,,,,
1122281,2017/18,2018-02-07,Newlands,2,38.6,South Africa,India,K Rabada,L Ngidi,YS Chahal,0,0,,,,,,,,,
1122281,2017/18,2018-02-07,Newlands,2,39.1,South Africa,India,L Ngidi,K Rabada,Kuldeep Yadav,0,0,,,,,,,,,
1122281,2017/18,2018-02-07,Newlands,2,39.2,South Africa,India,L Ngidi,K Rabada,Kuldeep Yadav,0,0,,,,,,,,,
1122281,2017/18,2018-02-07,Newlands,2,39.3,South Africa,India,L Ngidi,K Rabada,Kuldeep Yadav,2,0,,,,,,,,,
1122281,2017/18,2018-02-07,Newlands,2,39.4,South Africa,India,L Ngidi,K Rabada,Kuldeep Yadav,0,0,,,,,,,,,
1122281,2017/18,2018-02-07,Newlands,2,39.5,South Africa,India,L Ngidi,K Rabada,Kuldeep Yadav,4,0,,,,,,,,,
1122281,2017/18,2018-02-07,Newlands,2,39.6,South Africa,India,L Ngidi,K Rabada,Kuldeep Yadav,0,0,,,,,,lbw,L Ngidi,,
