match_id,season,start_date,venue,innings,ball,batting_team,bowling_team,striker,non_striker,bowler,runs_off_bat,extras,wides,noballs,byes,legbyes,penalty,wicket_type,player_dismissed,other_wicket_type,other_player_dismissed
1122905,2017/18,2017-11-02,Sharjah Cricket Stadium,1,0.1,Pakistan,New Zealand,Ayesha Zafar,Nahida Khan,LMM Tahuhu,1,0,,,,,,,,,
1122905,2017/18,2017-11-02,Sharjah Cricket Stadium,1,0.2,Pakistan,New Zealand,Nahida Khan,Ayesha Zafar,LMM Tahuhu,0,0,,,,,,,,,
1122905,2017/18,2017-11-02,Sharjah Cricket Stadium,1,0.3,Pakistan,New Zealand,Nahida Khan,Ayesha Zafar,LMM Tahuhu,1,0,,,,,,,,,
1122905,2017/18,2017-11-02,Sharjah Cricket Stadium,1,0.4,Pakistan,New Zealand,Ayesha Zafar,Nahida Khan,LMM Tahuhu,0,0,,,,,,,,,
1122905,2017/18,2017-11-02,Sharjah Cricket Stadium,1,0.5,Pakistan,New Zealand,Ayesha Zafar,Nahida Khan,LMM Tahuhu,0,0,,,,,,,,,
1122905,2017/18,2017-11-02,Sharjah Cricket Stadium,1,0.6,Pakistan,New Zealand,Ayesha Zafar,Nahida Khan,LMM Tahuhu,0,0,,,,,,,,,
1122905,2017/18,2017-11-02,Sharjah Cricket Stadium,1,1.1,Pakistan,New Zealand,Nahida Khan,Ayesha Zafar,AM Peterson,0,0,,,,,,,,,
1122905,2017/18,2017-11-02,Sharjah Cricket Stadium,1,1.2,Pakistan,New Zealand,Nahida Khan,Ayesha Zafar,AM Peterson,0,0,,,,,,,,,
1122905,2017/18,2017-11-02,Sharjah Cricket Stadium,1,1.3,Pakistan,New Zealand,Nahida Khan,Ayesha Zafar,AM Peterson,0,0,,,,,,,,,
1122905,2017/18,2017-11-02,Sharjah Cricket Stadium,1,1.4,Pakistan,New Zealand,Nahida Khan,Ayesha Zafar,AM Peterson,0,0,,,,,,,,,
1122905,2017/18,2017-11-02,Sharjah Cricket Stadium,1,1.5,Pakistan,New Zealand,Nahida Khan,Ayesha Zafar,AM Peterson,0,0,,,,,,,,,
1122905,2017/18,2017-11-02,Sharjah Cricket Stadium,1,1.6,Pakistan,New Zealand,Nahida Khan,Ayesha Zafar,AM Peterson,0,0,,,,,,,,,
1122905,2017/18,2017-11-02,Sharjah Cricket Stadium,1,2.1,Pakistan,New Zealand,Ayesha Zafar,Nahida Khan,LMM Tahuhu,0,0,,,,,,,,,
1122905,2017/18,2017-11-02,Sharjah Cricket Stadium,1,2.2,Pakistan,New Zealand,Ayesha Zafar,Nahida Khan,LMM Tahuhu,0,0,,,,,,,,,
1122905,2017/18,2017-11-02,Sharjah Cricket Stadium,1,2.3,Pakistan,New Zealand,Ayesha Zafar,Nahida Khan,LMM Tahuhu,0,0,,,,,,,,,
1122905,2017/18,2017-11-02,Sharjah Cricket Stadium,1,2.4,Pakistan,New Zealand,Ayesha Zafar,Nahida Khan,LMM Tahuhu,0,0,,,,,,,,,
1122905,2017/18,2017-11-02,Sharjah Cricket Stadium,1,2.5,Pakistan,New Zealand,Ayesha Zafar,Nahida Khan,LMM Tahuhu,0,0,,,,,,,,,
1122905,2017/18,2017-11-02,Sharjah Cricket Stadium,1,2.6,Pakistan,New Zealand,Ayesha Zafar,Nahida Khan,LMM Tahuhu,0,0,,,,,,,,,
1122905,2017/18,2017-11-02,Sharjah Cricket Stadium,1,3.1,Pakistan,New Zealand,Nahida Khan,Ayesha Zafar,AM Peterson,0,0,,,,,,,,,
1122905,2017/18,2017-11-02,Sharjah Cricket Stadium,1,3.2,Pakistan,New Zealand,Nahida Khan,Ayesha Zafar,AM Peterson,0,0,,,,,,,,,
1122905,2017/18,2017-11-02,Sharjah Cricket Stadium,1,3.3,Pakistan,New Zealand,Nahida Khan,Ayesha Zafar,AM Peterson,0,0,,,,,,,,,
1122905,2017/18,2017-11-02,Sharjah Cricket Stadium,1,3.4,Pakistan,New Zealand,Nahida Khan,Ayesha Zafar,AM Peterson,0,0,,,,,,,,,
1122905,2017/18,2017-11-02,Sharjah Cricket Stadium,1,3.5,Pakistan,New Zealand,Nahida Khan,Ayesha Zafar,AM Peterson,0,0,,,,,,,,,
1122905,2017/18,2017-11-02,Sharjah Cricket Stadium,1,3.6,Pakistan,New Zealand,Nahida Khan,Ayesha Zafar,AM Peterson,1,0,,,,,,,,,
1122905,2017/18,2017-11-02,Sharjah Cricket Stadium,1,4.1,Pakistan,New Zealand,Nahida Khan,Ayesha Zafar,LMM Tahuhu,0,0,,,,,,,,,
1122905,2017/18,2017-11-02,Sharjah Cricket Stadium,1,4.2,Pakistan,New Zealand,Nahida Khan,Ayesha Zafar,LMM Tahuhu,0,0,,,,,,,,,
1122905,2017/18,2017-11-02,Sharjah Cricket Stadium,1,4.3,Pakistan,New Zealand,Nahida Khan,Ayesha Zafar,LMM Tahuhu,0,0,,,,,,,,,
1122905,2017/18,2017-11-02,Sharjah Cricket Stadium,1,4.4,Pakistan,New Zealand,Nahida Khan,Ayesha Zafar,LMM Tahuhu,0,1,1,,,,,,,,
1122905,2017/18,2017-11-02,Sharjah Cricket Stadium,1,4.5,Pakistan,New Zealand,Nahida Khan,Ayesha Zafar,LMM Tahuhu,0,0,,,,,,,,,
1122905,2017/18,2017-11-02,Sharjah Cricket Stadium,1,4.6,Pakistan,New Zealand,Nahida Khan,Ayesha Zafar,LMM Tahuhu,1,0,,,,,,,,,
1122905,2017/18,2017-11-02,Sharjah Cricket Stadium,1,4.7,Pakistan,New Zealand,Ayesha Zafar,Nahida Khan,LMM Tahuhu,0,0,,,,,,,,,
1122905,2017/18,2017-11-02,Sharjah Cricket Stadium,1,5.1,Pakistan,New Zealand,Nahida Khan,Ayesha Zafar,AM Peterson,0,0,,,,,,,,,
1122905,2017/18,2017-11-02,Sharjah Cricket Stadium,1,5.2,Pakistan,New Zealand,Nahida Khan,Ayesha Zafar,AM Peterson,0,0,,,,,,,,,
1122905,2017/18,2017-11-02,Sharjah Cricket Stadium,1,5.3,Pakistan,New Zealand,Nahida Khan,Ayesha Zafar,AM Peterson,0,0,,,,,,,,,
1122905,2017/18,2017-11-02,Sharjah Cricket Stadium,1,5.4,Pakistan,New Zealand,Nahida Khan,Ayesha Zafar,AM Peterson,1,0,,,,,,,,,
1122905,2017/18,2017-11-02,Sharjah Cricket Stadium,1,5.5,Pakistan,New Zealand,Ayesha Zafar,Nahida Khan,AM Peterson,1,0,,,,,,,,,
1122905,2017/18,2017-11-02,Sharjah Cricket Stadium,1,5.6,Pakistan,New Zealand,Nahida Khan,Ayesha Zafar,AM Peterson,0,0,,,,,,,,,
1122905,2017/18,2017-11-02,Sharjah Cricket Stadium,1,6.1,Pakistan,New Zealand,Ayesha Zafar,Nahida Khan,HM Rowe,0,0,,,,,,,,,
1122905,2017/18,2017-11-02,Sharjah Cricket Stadium,1,6.2,Pakistan,New Zealand,Ayesha Zafar,Nahida Khan,HM Rowe,0,0,,,,,,,,,
1122905,2017/18,2017-11-02,Sharjah Cricket Stadium,1,6.3,Pakistan,New Zealand,Ayesha Zafar,Nahida Khan,HM Rowe,0,0,,,,,,,,,
1122905,2017/18,2017-11-02,Sharjah Cricket Stadium,1,6.4,Pakistan,New Zealand,Ayesha Zafar,Nahida Khan,HM Rowe,0,0,,,,,,,,,
1122905,2017/18,2017-11-02,Sharjah Cricket Stadium,1,6.5,Pakistan,New Zealand,Ayesha Zafar,Nahida Khan,HM Rowe,0,0,,,,,,,,,
1122905,2017/18,2017-11-02,Sharjah Cricket Stadium,1,6.6,Pakistan,New Zealand,Ayesha Zafar,Nahida Khan,HM Rowe,0,0,,,,,,caught,Ayesha Zafar,,
1122905,2017/18,2017-11-02,Sharjah Cricket Stadium,1,7.1,Pakistan,New Zealand,Nahida Khan,Javeria Khan,AM Peterson,0,0,,,,,,,,,
1122905,2017/18,2017-11-02,Sharjah Cricket Stadium,1,7.2,Pakistan,New Zealand,Nahida Khan,Javeria Khan,AM Peterson,0,0,,,,,,,,,
1122905,2017/18,2017-11-02,Sharjah Cricket Stadium,1,7.3,Pakistan,New Zealand,Nahida Khan,Javeria Khan,AM Peterson,0,0,,,,,,,,,
1122905,2017/18,2017-11-02,Sharjah Cricket Stadium,1,7.4,Pakistan,New Zealand,Nahida Khan,Javeria Khan,AM Peterson,2,0,,,,,,,,,
1122905,2017/18,2017-11-02,Sharjah Cricket Stadium,1,7.5,Pakistan,New Zealand,Nahida Khan,Javeria Khan,AM Peterson,2,0,,,,,,,,,
1122905,2017/18,2017-11-02,Sharjah Cricket Stadium,1,7.6,Pakistan,New Zealand,Nahida Khan,Javeria Khan,AM Peterson,0,0,,,,,,,,,
1122905,2017/18,2017-11-02,Sharjah Cricket Stadium,1,8.1,Pakistan,New Zealand,Javeria Khan,Nahida Khan,HM Rowe,1,0,,,,,,,,,
1122905,2017/18,2017-11-02,Sharjah Cricket Stadium,1,8.2,Pakistan,New Zealand,Nahida Khan,Javeria Khan,HM Rowe,0,0,,,,,,,,,
1122905,2017/18,2017-11-02,Sharjah Cricket Stadium,1,8.3,Pakistan,New Zealand,Nahida Khan,Javeria Khan,HM Rowe,1,0,,,,,,,,,
1122905,2017/18,2017-11-02,Sharjah Cricket Stadium,1,8.4,Pakistan,New Zealand,Javeria Khan,Nahida Khan,HM Rowe,0,0,,,,,,,,,
1122905,2017/18,2017-11-02,Sharjah Cricket Stadium,1,8.5,Pakistan,New Zealand,Javeria Khan,Nahida Khan,HM Rowe,1,0,,,,,,,,,
1122905,2017/18,2017-11-02,Sharjah Cricket Stadium,1,8.6,Pakistan,New Zealand,Nahida Khan,Javeria Khan,HM Rowe,0,0,,,,,,,,,
1122905,2017/18,2017-11-02,Sharjah Cricket Stadium,1,9.1,Pakistan,New Zealand,Javeria Khan,Nahida Khan,AM Peterson,0,0,,,,,,,,,
1122905,2017/18,2017-11-02,Sharjah Cricket Stadium,1,9.2,Pakistan,New Zealand,Javeria Khan,Nahida Khan,AM Peterson,1,0,,,,,,,,,
1122905,2017/18,2017-11-02,Sharjah Cricket Stadium,1,9.3,Pakistan,New Zealand,Nahida Khan,Javeria Khan,AM Peterson,1,0,,,,,,,,,
1122905,2017/18,2017-11-02,Sharjah Cricket Stadium,1,9.4,Pakistan,New Zealand,Javeria Khan,Nahida Khan,AM Peterson,0,0,,,,,,,,,
1122905,2017/18,2017-11-02,Sharjah Cricket Stadium,1,9.5,Pakistan,New Zealand,Javeria Khan,Nahida Khan,AM Peterson,1,0,,,,,,,,,
1122905,2017/18,2017-11-02,Sharjah Cricket Stadium,1,9.6,Pakistan,New Zealand,Nahida Khan,Javeria Khan,AM Peterson,0,0,,,,,,,,,
1122905,2017/18,2017-11-02,Sharjah Cricket Stadium,1,10.1,Pakistan,New Zealand,Javeria Khan,Nahida Khan,HM Rowe,0,0,,,,,,,,,
1122905,2017/18,2017-11-02,Sharjah Cricket Stadium,1,10.2,Pakistan,New Zealand,Javeria Khan,Nahida Khan,HM Rowe,0,0,,,,,,,,,
1122905,2017/18,2017-11-02,Sharjah Cricket Stadium,1,10.3,Pakistan,New Zealand,Javeria Khan,Nahida Khan,HM Rowe,0,0,,,,,,,,,
1122905,2017/18,2017-11-02,Sharjah Cricket Stadium,1,10.4,Pakistan,New Zealand,Javeria Khan,Nahida Khan,HM Rowe,1,0,,,,,,,,,
1122905,2017/18,2017-11-02,Sharjah Cricket Stadium,1,10.5,Pakistan,New Zealand,Nahida Khan,Javeria Khan,HM Rowe,0,0,,,,,,,,,
1122905,2017/18,2017-11-02,Sharjah Cricket Stadium,1,10.6,Pakistan,New Zealand,Nahida Khan,Javeria Khan,HM Rowe,4,0,,,,,,,,,
1122905,2017/18,2017-11-02,Sharjah Cricket Stadium,1,11.1,Pakistan,New Zealand,Javeria Khan,Nahida Khan,SW Bates,1,0,,,,,,,,,
1122905,2017/18,2017-11-02,Sharjah Cricket Stadium,1,11.2,Pakistan,New Zealand,Nahida Khan,Javeria Khan,SW Bates,1,0,,,,,,,,,
1122905,2017/18,2017-11-02,Sharjah Cricket Stadium,1,11.3,Pakistan,New Zealand,Javeria Khan,Nahida Khan,SW Bates,0,0,,,,,,,,,
1122905,2017/18,2017-11-02,Sharjah Cricket Stadium,1,11.4,Pakistan,New Zealand,Javeria Khan,Nahida Khan,SW Bates,4,0,,,,,,,,,
1122905,2017/18,2017-11-02,Sharjah Cricket Stadium,1,11.5,Pakistan,New Zealand,Javeria Khan,Nahida Khan,SW Bates,0,0,,,,,,run out,Javeria Khan,,
1122905,2017/18,2017-11-02,Sharjah Cricket Stadium,1,11.6,Pakistan,New Zealand,Bismah Maroof,Nahida Khan,SW Bates,0,0,,,,,,,,,
1122905,2017/18,2017-11-02,Sharjah Cricket Stadium,1,12.1,Pakistan,New Zealand,Nahida Khan,Bismah Maroof,LMM Tahuhu,0,0,,,,,,,,,
1122905,2017/18,2017-11-02,Sharjah Cricket Stadium,1,12.2,Pakistan,New Zealand,Nahida Khan,Bismah Maroof,LMM Tahuhu,0,0,,,,,,,,,
1122905,2017/18,2017-11-02,Sharjah Cricket Stadium,1,12.3,Pakistan,New Zealand,Nahida Khan,Bismah Maroof,LMM Tahuhu,0,0,,,,,,,,,
1122905,2017/18,2017-11-02,Sharjah Cricket Stadium,1,12.4,Pakistan,New Zealand,Nahida Khan,Bismah Maroof,LMM Tahuhu,4,0,,,,,,,,,
1122905,2017/18,2017-11-02,Sharjah Cricket Stadium,1,12.5,Pakistan,New Zealand,Nahida Khan,Bismah Maroof,LMM Tahuhu,0,1,1,,,,,,,,
1122905,2017/18,2017-11-02,Sharjah Cricket Stadium,1,12.6,Pakistan,New Zealand,Nahida Khan,Bismah Maroof,LMM Tahuhu,0,0,,,,,,,,,
1122905,2017/18,2017-11-02,Sharjah Cricket Stadium,1,12.7,Pakistan,New Zealand,Nahida Khan,Bismah Maroof,LMM Tahuhu,1,0,,,,,,,,,
1122905,2017/18,2017-11-02,Sharjah Cricket Stadium,1,13.1,Pakistan,New Zealand,Nahida Khan,Bismah Maroof,AM Peterson,0,0,,,,,,,,,
1122905,2017/18,2017-11-02,Sharjah Cricket Stadium,1,13.2,Pakistan,New Zealand,Nahida Khan,Bismah Maroof,AM Peterson,0,0,,,,,,,,,
1122905,2017/18,2017-11-02,Sharjah Cricket Stadium,1,13.3,Pakistan,New Zealand,Nahida Khan,Bismah Maroof,AM Peterson,0,0,,,,,,,,,
1122905,2017/18,2017-11-02,Sharjah Cricket Stadium,1,13.4,Pakistan,New Zealand,Nahida Khan,Bismah Maroof,AM Peterson,1,0,,,,,,,,,
1122905,2017/18,2017-11-02,Sharjah Cricket Stadium,1,13.5,Pakistan,New Zealand,Bismah Maroof,Nahida Khan,AM Peterson,0,0,,,,,,,,,
1122905,2017/18,2017-11-02,Sharjah Cricket Stadium,1,13.6,Pakistan,New Zealand,Bismah Maroof,Nahida Khan,AM Peterson,0,0,,,,,,,,,
1122905,2017/18,2017-11-02,Sharjah Cricket Stadium,1,14.1,Pakistan,New Zealand,Nahida Khan,Bismah Maroof,LMM Tahuhu,0,0,,,,,,,,,
1122905,2017/18,2017-11-02,Sharjah Cricket Stadium,1,14.2,Pakistan,New Zealand,Nahida Khan,Bismah Maroof,LMM Tahuhu,1,0,,,,,,,,,
1122905,2017/18,2017-11-02,Sharjah Cricket Stadium,1,14.3,Pakistan,New Zealand,Bismah Maroof,Nahida Khan,LMM Tahuhu,0,0,,,,,,,,,
1122905,2017/18,2017-11-02,Sharjah Cricket Stadium,1,14.4,Pakistan,New Zealand,Bismah Maroof,Nahida Khan,LMM Tahuhu,0,0,,,,,,,,,
1122905,2017/18,2017-11-02,Sharjah Cricket Stadium,1,14.5,Pakistan,New Zealand,Bismah Maroof,Nahida Khan,LMM Tahuhu,0,0,,,,,,,,,
1122905,2017/18,2017-11-02,Sharjah Cricket Stadium,1,14.6,Pakistan,New Zealand,Bismah Maroof,Nahida Khan,LMM Tahuhu,0,0,,,,,,,,,
1122905,2017/18,2017-11-02,Sharjah Cricket Stadium,1,15.1,Pakistan,New Zealand,Nahida Khan,Bismah Maroof,AM Peterson,1,0,,,,,,,,,
1122905,2017/18,2017-11-02,Sharjah Cricket Stadium,1,15.2,Pakistan,New Zealand,Bismah Maroof,Nahida Khan,AM Peterson,0,0,,,,,,,,,
1122905,2017/18,2017-11-02,Sharjah Cricket Stadium,1,15.3,Pakistan,New Zealand,Bismah Maroof,Nahida Khan,AM Peterson,2,0,,,,,,,,,
1122905,2017/18,2017-11-02,Sharjah Cricket Stadium,1,15.4,Pakistan,New Zealand,Bismah Maroof,Nahida Khan,AM Peterson,0,0,,,,,,,,,
1122905,2017/18,2017-11-02,Sharjah Cricket Stadium,1,15.5,Pakistan,New Zealand,Bismah Maroof,Nahida Khan,AM Peterson,0,0,,,,,,,,,
1122905,2017/18,2017-11-02,Sharjah Cricket Stadium,1,15.6,Pakistan,New Zealand,Bismah Maroof,Nahida Khan,AM Peterson,1,0,,,,,,,,,
1122905,2017/18,2017-11-02,Sharjah Cricket Stadium,1,16.1,Pakistan,New Zealand,Bismah Maroof,Nahida Khan,AC Kerr,1,0,,,,,,,,,
1122905,2017/18,2017-11-02,Sharjah Cricket Stadium,1,16.2,Pakistan,New Zealand,Nahida Khan,Bismah Maroof,AC Kerr,1,0,,,,,,,,,
1122905,2017/18,2017-11-02,Sharjah Cricket Stadium,1,16.3,Pakistan,New Zealand,Bismah Maroof,Nahida Khan,AC Kerr,1,0,,,,,,,,,
1122905,2017/18,2017-11-02,Sharjah Cricket Stadium,1,16.4,Pakistan,New Zealand,Nahida Khan,Bismah Maroof,AC Kerr,1,0,,,,,,,,,
1122905,2017/18,2017-11-02,Sharjah Cricket Stadium,1,16.5,Pakistan,New Zealand,Bismah Maroof,Nahida Khan,AC Kerr,1,0,,,,,,,,,
1122905,2017/18,2017-11-02,Sharjah Cricket Stadium,1,16.6,Pakistan,New Zealand,Nahida Khan,Bismah Maroof,AC Kerr,1,0,,,,,,,,,
1122905,2017/18,2017-11-02,Sharjah Cricket Stadium,1,17.1,Pakistan,New Zealand,Nahida Khan,Bismah Maroof,LM Kasperek,0,0,,,,,,,,,
1122905,2017/18,2017-11-02,Sharjah Cricket Stadium,1,17.2,Pakistan,New Zealand,Nahida Khan,Bismah Maroof,LM Kasperek,1,0,,,,,,,,,
1122905,2017/18,2017-11-02,Sharjah Cricket Stadium,1,17.3,Pakistan,New Zealand,Bismah Maroof,Nahida Khan,LM Kasperek,0,1,,,,1,,,,,
1122905,2017/18,2017-11-02,Sharjah Cricket Stadium,1,17.4,Pakistan,New Zealand,Nahida Khan,Bismah Maroof,LM Kasperek,2,0,,,,,,,,,
1122905,2017/18,2017-11-02,Sharjah Cricket Stadium,1,17.5,Pakistan,New Zealand,Nahida Khan,Bismah Maroof,LM Kasperek,0,0,,,,,,,,,
1122905,2017/18,2017-11-02,Sharjah Cricket Stadium,1,17.6,Pakistan,New Zealand,Nahida Khan,Bismah Maroof,LM Kasperek,1,0,,,,,,,,,
1122905,2017/18,2017-11-02,Sharjah Cricket Stadium,1,18.1,Pakistan,New Zealand,Nahida Khan,Bismah Maroof,AC Kerr,2,0,,,,,,,,,
1122905,2017/18,2017-11-02,Sharjah Cricket Stadium,1,18.2,Pakistan,New Zealand,Nahida Khan,Bismah Maroof,AC Kerr,1,0,,,,,,,,,
1122905,2017/18,2017-11-02,Sharjah Cricket Stadium,1,18.3,Pakistan,New Zealand,Bismah Maroof,Nahida Khan,AC Kerr,1,0,,,,,,,,,
1122905,2017/18,2017-11-02,Sharjah Cricket Stadium,1,18.4,Pakistan,New Zealand,Nahida Khan,Bismah Maroof,AC Kerr,0,0,,,,,,,,,
1122905,2017/18,2017-11-02,Sharjah Cricket Stadium,1,18.5,Pakistan,New Zealand,Nahida Khan,Bismah Maroof,AC Kerr,0,0,,,,,,,,,
1122905,2017/18,2017-11-02,Sharjah Cricket Stadium,1,18.6,Pakistan,New Zealand,Nahida Khan,Bismah Maroof,AC Kerr,1,0,,,,,,,,,
1122905,2017/18,2017-11-02,Sharjah Cricket Stadium,1,19.1,Pakistan,New Zealand,Nahida Khan,Bismah Maroof,LM Kasperek,0,0,,,,,,,,,
1122905,2017/18,2017-11-02,Sharjah Cricket Stadium,1,19.2,Pakistan,New Zealand,Nahida Khan,Bismah Maroof,LM Kasperek,1,0,,,,,,,,,
1122905,2017/18,2017-11-02,Sharjah Cricket Stadium,1,19.3,Pakistan,New Zealand,Bismah Maroof,Nahida Khan,LM Kasperek,0,0,,,,,,,,,
1122905,2017/18,2017-11-02,Sharjah Cricket Stadium,1,19.4,Pakistan,New Zealand,Bismah Maroof,Nahida Khan,LM Kasperek,0,1,1,,,,,,,,
1122905,2017/18,2017-11-02,Sharjah Cricket Stadium,1,19.5,Pakistan,New Zealand,Bismah Maroof,Nahida Khan,LM Kasperek,0,0,,,,,,,,,
1122905,2017/18,2017-11-02,Sharjah Cricket Stadium,1,19.6,Pakistan,New Zealand,Bismah Maroof,Nahida Khan,LM Kasperek,2,0,,,,,,,,,
1122905,2017/18,2017-11-02,Sharjah Cricket Stadium,1,19.7,Pakistan,New Zealand,Bismah Maroof,Nahida Khan,LM Kasperek,0,0,,,,,,,,,
1122905,2017/18,2017-11-02,Sharjah Cricket Stadium,1,20.1,Pakistan,New Zealand,Nahida Khan,Bismah Maroof,AC Kerr,1,0,,,,,,,,,
1122905,2017/18,2017-11-02,Sharjah Cricket Stadium,1,20.2,Pakistan,New Zealand,Bismah Maroof,Nahida Khan,AC Kerr,1,0,,,,,,,,,
1122905,2017/18,2017-11-02,Sharjah Cricket Stadium,1,20.3,Pakistan,New Zealand,Nahida Khan,Bismah Maroof,AC Kerr,1,0,,,,,,,,,
1122905,2017/18,2017-11-02,Sharjah Cricket Stadium,1,20.4,Pakistan,New Zealand,Bismah Maroof,Nahida Khan,AC Kerr,1,0,,,,,,,,,
1122905,2017/18,2017-11-02,Sharjah Cricket Stadium,1,20.5,Pakistan,New Zealand,Nahida Khan,Bismah Maroof,AC Kerr,1,0,,,,,,,,,
1122905,2017/18,2017-11-02,Sharjah Cricket Stadium,1,20.6,Pakistan,New Zealand,Bismah Maroof,Nahida Khan,AC Kerr,4,0,,,,,,,,,
1122905,2017/18,2017-11-02,Sharjah Cricket Stadium,1,21.1,Pakistan,New Zealand,Nahida Khan,Bismah Maroof,LM Kasperek,1,0,,,,,,,,,
1122905,2017/18,2017-11-02,Sharjah Cricket Stadium,1,21.2,Pakistan,New Zealand,Bismah Maroof,Nahida Khan,LM Kasperek,0,0,,,,,,,,,
1122905,2017/18,2017-11-02,Sharjah Cricket Stadium,1,21.3,Pakistan,New Zealand,Bismah Maroof,Nahida Khan,LM Kasperek,0,0,,,,,,,,,
1122905,2017/18,2017-11-02,Sharjah Cricket Stadium,1,21.4,Pakistan,New Zealand,Bismah Maroof,Nahida Khan,LM Kasperek,0,0,,,,,,,,,
1122905,2017/18,2017-11-02,Sharjah Cricket Stadium,1,21.5,Pakistan,New Zealand,Bismah Maroof,Nahida Khan,LM Kasperek,0,0,,,,,,,,,
1122905,2017/18,2017-11-02,Sharjah Cricket Stadium,1,21.6,Pakistan,New Zealand,Bismah Maroof,Nahida Khan,LM Kasperek,1,0,,,,,,,,,
1122905,2017/18,2017-11-02,Sharjah Cricket Stadium,1,22.1,Pakistan,New Zealand,Bismah Maroof,Nahida Khan,SW Bates,0,0,,,,,,,,,
1122905,2017/18,2017-11-02,Sharjah Cricket Stadium,1,22.2,Pakistan,New Zealand,Bismah Maroof,Nahida Khan,SW Bates,1,0,,,,,,,,,
1122905,2017/18,2017-11-02,Sharjah Cricket Stadium,1,22.3,Pakistan,New Zealand,Nahida Khan,Bismah Maroof,SW Bates,0,0,,,,,,,,,
1122905,2017/18,2017-11-02,Sharjah Cricket Stadium,1,22.4,Pakistan,New Zealand,Nahida Khan,Bismah Maroof,SW Bates,0,0,,,,,,,,,
1122905,2017/18,2017-11-02,Sharjah Cricket Stadium,1,22.5,Pakistan,New Zealand,Nahida Khan,Bismah Maroof,SW Bates,0,0,,,,,,,,,
1122905,2017/18,2017-11-02,Sharjah Cricket Stadium,1,22.6,Pakistan,New Zealand,Nahida Khan,Bismah Maroof,SW Bates,0,0,,,,,,,,,
1122905,2017/18,2017-11-02,Sharjah Cricket Stadium,1,23.1,Pakistan,New Zealand,Bismah Maroof,Nahida Khan,LM Kasperek,0,0,,,,,,,,,
1122905,2017/18,2017-11-02,Sharjah Cricket Stadium,1,23.2,Pakistan,New Zealand,Bismah Maroof,Nahida Khan,LM Kasperek,0,0,,,,,,,,,
1122905,2017/18,2017-11-02,Sharjah Cricket Stadium,1,23.3,Pakistan,New Zealand,Bismah Maroof,Nahida Khan,LM Kasperek,0,0,,,,,,,,,
1122905,2017/18,2017-11-02,Sharjah Cricket Stadium,1,23.4,Pakistan,New Zealand,Bismah Maroof,Nahida Khan,LM Kasperek,0,0,,,,,,,,,
1122905,2017/18,2017-11-02,Sharjah Cricket Stadium,1,23.5,Pakistan,New Zealand,Bismah Maroof,Nahida Khan,LM Kasperek,0,0,,,,,,,,,
1122905,2017/18,2017-11-02,Sharjah Cricket Stadium,1,23.6,Pakistan,New Zealand,Bismah Maroof,Nahida Khan,LM Kasperek,2,0,,,,,,,,,
1122905,2017/18,2017-11-02,Sharjah Cricket Stadium,1,24.1,Pakistan,New Zealand,Nahida Khan,Bismah Maroof,SW Bates,0,0,,,,,,,,,
1122905,2017/18,2017-11-02,Sharjah Cricket Stadium,1,24.2,Pakistan,New Zealand,Nahida Khan,Bismah Maroof,SW Bates,0,0,,,,,,caught,Nahida Khan,,
1122905,2017/18,2017-11-02,Sharjah Cricket Stadium,1,24.3,Pakistan,New Zealand,Sidra Ameen,Bismah Maroof,SW Bates,0,0,,,,,,,,,
1122905,2017/18,2017-11-02,Sharjah Cricket Stadium,1,24.4,Pakistan,New Zealand,Sidra Ameen,Bismah Maroof,SW Bates,0,0,,,,,,,,,
1122905,2017/18,2017-11-02,Sharjah Cricket Stadium,1,24.5,Pakistan,New Zealand,Sidra Ameen,Bismah Maroof,SW Bates,0,0,,,,,,,,,
1122905,2017/18,2017-11-02,Sharjah Cricket Stadium,1,24.6,Pakistan,New Zealand,Sidra Ameen,Bismah Maroof,SW Bates,0,0,,,,,,,,,
1122905,2017/18,2017-11-02,Sharjah Cricket Stadium,1,25.1,Pakistan,New Zealand,Bismah Maroof,Sidra Ameen,LM Kasperek,0,0,,,,,,,,,
1122905,2017/18,2017-11-02,Sharjah Cricket Stadium,1,25.2,Pakistan,New Zealand,Bismah Maroof,Sidra Ameen,LM Kasperek,0,0,,,,,,,,,
1122905,2017/18,2017-11-02,Sharjah Cricket Stadium,1,25.3,Pakistan,New Zealand,Bismah Maroof,Sidra Ameen,LM Kasperek,0,0,,,,,,,,,
1122905,2017/18,2017-11-02,Sharjah Cricket Stadium,1,25.4,Pakistan,New Zealand,Bismah Maroof,Sidra Ameen,LM Kasperek,0,0,,,,,,,,,
1122905,2017/18,2017-11-02,Sharjah Cricket Stadium,1,25.5,Pakistan,New Zealand,Bismah Maroof,Sidra Ameen,LM Kasperek,0,0,,,,,,,,,
1122905,2017/18,2017-11-02,Sharjah Cricket Stadium,1,25.6,Pakistan,New Zealand,Bismah Maroof,Sidra Ameen,LM Kasperek,1,0,,,,,,,,,
1122905,2017/18,2017-11-02,Sharjah Cricket Stadium,1,26.1,Pakistan,New Zealand,Bismah Maroof,Sidra Ameen,SW Bates,1,0,,,,,,,,,
1122905,2017/18,2017-11-02,Sharjah Cricket Stadium,1,26.2,Pakistan,New Zealand,Sidra Ameen,Bismah Maroof,SW Bates,0,0,,,,,,,,,
1122905,2017/18,2017-11-02,Sharjah Cricket Stadium,1,26.3,Pakistan,New Zealand,Sidra Ameen,Bismah Maroof,SW Bates,0,0,,,,,,,,,
1122905,2017/18,2017-11-02,Sharjah Cricket Stadium,1,26.4,Pakistan,New Zealand,Sidra Ameen,Bismah Maroof,SW Bates,0,0,,,,,,,,,
1122905,2017/18,2017-11-02,Sharjah Cricket Stadium,1,26.5,Pakistan,New Zealand,Sidra Ameen,Bismah Maroof,SW Bates,1,0,,,,,,,,,
1122905,2017/18,2017-11-02,Sharjah Cricket Stadium,1,26.6,Pakistan,New Zealand,Bismah Maroof,Sidra Ameen,SW Bates,0,0,,,,,,,,,
1122905,2017/18,2017-11-02,Sharjah Cricket Stadium,1,27.1,Pakistan,New Zealand,Sidra Ameen,Bismah Maroof,LM Kasperek,0,0,,,,,,bowled,Sidra Ameen,,
1122905,2017/18,2017-11-02,Sharjah Cricket Stadium,1,27.2,Pakistan,New Zealand,Iram Javed,Bismah Maroof,LM Kasperek,0,0,,,,,,,,,
1122905,2017/18,2017-11-02,Sharjah Cricket Stadium,1,27.3,Pakistan,New Zealand,Iram Javed,Bismah Maroof,LM Kasperek,0,0,,,,,,,,,
1122905,2017/18,2017-11-02,Sharjah Cricket Stadium,1,27.4,Pakistan,New Zealand,Iram Javed,Bismah Maroof,LM Kasperek,0,0,,,,,,,,,
1122905,2017/18,2017-11-02,Sharjah Cricket Stadium,1,27.5,Pakistan,New Zealand,Iram Javed,Bismah Maroof,LM Kasperek,0,0,,,,,,,,,
1122905,2017/18,2017-11-02,Sharjah Cricket Stadium,1,27.6,Pakistan,New Zealand,Iram Javed,Bismah Maroof,LM Kasperek,0,0,,,,,,,,,
1122905,2017/18,2017-11-02,Sharjah Cricket Stadium,1,28.1,Pakistan,New Zealand,Bismah Maroof,Iram Javed,SW Bates,0,0,,,,,,,,,
1122905,2017/18,2017-11-02,Sharjah Cricket Stadium,1,28.2,Pakistan,New Zealand,Bismah Maroof,Iram Javed,SW Bates,0,1,1,,,,,,,,
1122905,2017/18,2017-11-02,Sharjah Cricket Stadium,1,28.3,Pakistan,New Zealand,Bismah Maroof,Iram Javed,SW Bates,2,0,,,,,,,,,
1122905,2017/18,2017-11-02,Sharjah Cricket Stadium,1,28.4,Pakistan,New Zealand,Bismah Maroof,Iram Javed,SW Bates,4,0,,,,,,,,,
1122905,2017/18,2017-11-02,Sharjah Cricket Stadium,1,28.5,Pakistan,New Zealand,Bismah Maroof,Iram Javed,SW Bates,1,0,,,,,,,,,
1122905,2017/18,2017-11-02,Sharjah Cricket Stadium,1,28.6,Pakistan,New Zealand,Iram Javed,Bismah Maroof,SW Bates,0,0,,,,,,,,,
1122905,2017/18,2017-11-02,Sharjah Cricket Stadium,1,28.7,Pakistan,New Zealand,Iram Javed,Bismah Maroof,SW Bates,0,0,,,,,,,,,
1122905,2017/18,2017-11-02,Sharjah Cricket Stadium,1,29.1,Pakistan,New Zealand,Bismah Maroof,Iram Javed,LM Kasperek,1,0,,,,,,,,,
1122905,2017/18,2017-11-02,Sharjah Cricket Stadium,1,29.2,Pakistan,New Zealand,Iram Javed,Bismah Maroof,LM Kasperek,0,0,,,,,,,,,
1122905,2017/18,2017-11-02,Sharjah Cricket Stadium,1,29.3,Pakistan,New Zealand,Iram Javed,Bismah Maroof,LM Kasperek,2,0,,,,,,,,,
1122905,2017/18,2017-11-02,Sharjah Cricket Stadium,1,29.4,Pakistan,New Zealand,Iram Javed,Bismah Maroof,LM Kasperek,0,0,,,,,,,,,
1122905,2017/18,2017-11-02,Sharjah Cricket Stadium,1,29.5,Pakistan,New Zealand,Iram Javed,Bismah Maroof,LM Kasperek,6,0,,,,,,,,,
1122905,2017/18,2017-11-02,Sharjah Cricket Stadium,1,29.6,Pakistan,New Zealand,Iram Javed,Bismah Maroof,LM Kasperek,0,0,,,,,,,,,
1122905,2017/18,2017-11-02,Sharjah Cricket Stadium,1,30.1,Pakistan,New Zealand,Bismah Maroof,Iram Javed,HM Rowe,2,0,,,,,,,,,
1122905,2017/18,2017-11-02,Sharjah Cricket Stadium,1,30.2,Pakistan,New Zealand,Bismah Maroof,Iram Javed,HM Rowe,0,0,,,,,,,,,
1122905,2017/18,2017-11-02,Sharjah Cricket Stadium,1,30.3,Pakistan,New Zealand,Bismah Maroof,Iram Javed,HM Rowe,2,0,,,,,,,,,
1122905,2017/18,2017-11-02,Sharjah Cricket Stadium,1,30.4,Pakistan,New Zealand,Bismah Maroof,Iram Javed,HM Rowe,0,0,,,,,,,,,
1122905,2017/18,2017-11-02,Sharjah Cricket Stadium,1,30.5,Pakistan,New Zealand,Bismah Maroof,Iram Javed,HM Rowe,0,0,,,,,,,,,
1122905,2017/18,2017-11-02,Sharjah Cricket Stadium,1,30.6,Pakistan,New Zealand,Bismah Maroof,Iram Javed,HM Rowe,1,0,,,,,,,,,
1122905,2017/18,2017-11-02,Sharjah Cricket Stadium,1,31.1,Pakistan,New Zealand,Bismah Maroof,Iram Javed,AC Kerr,1,0,,,,,,,,,
1122905,2017/18,2017-11-02,Sharjah Cricket Stadium,1,31.2,Pakistan,New Zealand,Iram Javed,Bismah Maroof,AC Kerr,0,0,,,,,,,,,
1122905,2017/18,2017-11-02,Sharjah Cricket Stadium,1,31.3,Pakistan,New Zealand,Iram Javed,Bismah Maroof,AC Kerr,1,0,,,,,,,,,
1122905,2017/18,2017-11-02,Sharjah Cricket Stadium,1,31.4,Pakistan,New Zealand,Bismah Maroof,Iram Javed,AC Kerr,0,0,,,,,,,,,
1122905,2017/18,2017-11-02,Sharjah Cricket Stadium,1,31.5,Pakistan,New Zealand,Bismah Maroof,Iram Javed,AC Kerr,0,0,,,,,,,,,
1122905,2017/18,2017-11-02,Sharjah Cricket Stadium,1,31.6,Pakistan,New Zealand,Bismah Maroof,Iram Javed,AC Kerr,1,0,,,,,,,,,
1122905,2017/18,2017-11-02,Sharjah Cricket Stadium,1,32.1,Pakistan,New Zealand,Bismah Maroof,Iram Javed,HM Rowe,0,1,1,,,,,,,,
1122905,2017/18,2017-11-02,Sharjah Cricket Stadium,1,32.2,Pakistan,New Zealand,Bismah Maroof,Iram Javed,HM Rowe,0,0,,,,,,,,,
1122905,2017/18,2017-11-02,Sharjah Cricket Stadium,1,32.3,Pakistan,New Zealand,Bismah Maroof,Iram Javed,HM Rowe,0,0,,,,,,lbw,Bismah Maroof,,
1122905,2017/18,2017-11-02,Sharjah Cricket Stadium,1,32.4,Pakistan,New Zealand,Sana Mir,Iram Javed,HM Rowe,0,0,,,,,,,,,
1122905,2017/18,2017-11-02,Sharjah Cricket Stadium,1,32.5,Pakistan,New Zealand,Sana Mir,Iram Javed,HM Rowe,0,0,,,,,,,,,
1122905,2017/18,2017-11-02,Sharjah Cricket Stadium,1,32.6,Pakistan,New Zealand,Sana Mir,Iram Javed,HM Rowe,1,0,,,,,,,,,
1122905,2017/18,2017-11-02,Sharjah Cricket Stadium,1,32.7,Pakistan,New Zealand,Iram Javed,Sana Mir,HM Rowe,0,0,,,,,,,,,
1122905,2017/18,2017-11-02,Sharjah Cricket Stadium,1,33.1,Pakistan,New Zealand,Sana Mir,Iram Javed,AC Kerr,0,0,,,,,,,,,
1122905,2017/18,2017-11-02,Sharjah Cricket Stadium,1,33.2,Pakistan,New Zealand,Sana Mir,Iram Javed,AC Kerr,0,1,1,,,,,,,,
1122905,2017/18,2017-11-02,Sharjah Cricket Stadium,1,33.3,Pakistan,New Zealand,Sana Mir,Iram Javed,AC Kerr,0,0,,,,,,,,,
1122905,2017/18,2017-11-02,Sharjah Cricket Stadium,1,33.4,Pakistan,New Zealand,Sana Mir,Iram Javed,AC Kerr,0,0,,,,,,,,,
1122905,2017/18,2017-11-02,Sharjah Cricket Stadium,1,33.5,Pakistan,New Zealand,Sana Mir,Iram Javed,AC Kerr,1,0,,,,,,,,,
1122905,2017/18,2017-11-02,Sharjah Cricket Stadium,1,33.6,Pakistan,New Zealand,Iram Javed,Sana Mir,AC Kerr,0,0,,,,,,,,,
1122905,2017/18,2017-11-02,Sharjah Cricket Stadium,1,33.7,Pakistan,New Zealand,Iram Javed,Sana Mir,AC Kerr,1,0,,,,,,,,,
1122905,2017/18,2017-11-02,Sharjah Cricket Stadium,1,34.1,Pakistan,New Zealand,Iram Javed,Sana Mir,HM Rowe,0,0,,,,,,,,,
1122905,2017/18,2017-11-02,Sharjah Cricket Stadium,1,34.2,Pakistan,New Zealand,Iram Javed,Sana Mir,HM Rowe,0,0,,,,,,,,,
1122905,2017/18,2017-11-02,Sharjah Cricket Stadium,1,34.3,Pakistan,New Zealand,Iram Javed,Sana Mir,HM Rowe,0,0,,,,,,,,,
1122905,2017/18,2017-11-02,Sharjah Cricket Stadium,1,34.4,Pakistan,New Zealand,Iram Javed,Sana Mir,HM Rowe,0,0,,,,,,,,,
1122905,2017/18,2017-11-02,Sharjah Cricket Stadium,1,34.5,Pakistan,New Zealand,Iram Javed,Sana Mir,HM Rowe,1,0,,,,,,,,,
1122905,2017/18,2017-11-02,Sharjah Cricket Stadium,1,34.6,Pakistan,New Zealand,Sana Mir,Iram Javed,HM Rowe,1,0,,,,,,,,,
1122905,2017/18,2017-11-02,Sharjah Cricket Stadium,1,35.1,Pakistan,New Zealand,Sana Mir,Iram Javed,AC Kerr,0,0,,,,,,,,,
1122905,2017/18,2017-11-02,Sharjah Cricket Stadium,1,35.2,Pakistan,New Zealand,Sana Mir,Iram Javed,AC Kerr,0,1,1,,,,,,,,
1122905,2017/18,2017-11-02,Sharjah Cricket Stadium,1,35.3,Pakistan,New Zealand,Sana Mir,Iram Javed,AC Kerr,0,0,,,,,,,,,
1122905,2017/18,2017-11-02,Sharjah Cricket Stadium,1,35.4,Pakistan,New Zealand,Sana Mir,Iram Javed,AC Kerr,0,0,,,,,,,,,
1122905,2017/18,2017-11-02,Sharjah Cricket Stadium,1,35.5,Pakistan,New Zealand,Sana Mir,Iram Javed,AC Kerr,1,0,,,,,,,,,
1122905,2017/18,2017-11-02,Sharjah Cricket Stadium,1,35.6,Pakistan,New Zealand,Iram Javed,Sana Mir,AC Kerr,0,0,,,,,,,,,
1122905,2017/18,2017-11-02,Sharjah Cricket Stadium,1,35.7,Pakistan,New Zealand,Iram Javed,Sana Mir,AC Kerr,0,0,,,,,,,,,
1122905,2017/18,2017-11-02,Sharjah Cricket Stadium,1,36.1,Pakistan,New Zealand,Sana Mir,Iram Javed,LMM Tahuhu,1,0,,,,,,,,,
1122905,2017/18,2017-11-02,Sharjah Cricket Stadium,1,36.2,Pakistan,New Zealand,Iram Javed,Sana Mir,LMM Tahuhu,0,0,,,,,,,,,
1122905,2017/18,2017-11-02,Sharjah Cricket Stadium,1,36.3,Pakistan,New Zealand,Iram Javed,Sana Mir,LMM Tahuhu,0,0,,,,,,,,,
1122905,2017/18,2017-11-02,Sharjah Cricket Stadium,1,36.4,Pakistan,New Zealand,Iram Javed,Sana Mir,LMM Tahuhu,0,0,,,,,,,,,
1122905,2017/18,2017-11-02,Sharjah Cricket Stadium,1,36.5,Pakistan,New Zealand,Iram Javed,Sana Mir,LMM Tahuhu,0,0,,,,,,,,,
1122905,2017/18,2017-11-02,Sharjah Cricket Stadium,1,36.6,Pakistan,New Zealand,Iram Javed,Sana Mir,LMM Tahuhu,1,0,,,,,,,,,
1122905,2017/18,2017-11-02,Sharjah Cricket Stadium,1,37.1,Pakistan,New Zealand,Iram Javed,Sana Mir,AC Kerr,0,0,,,,,,,,,
1122905,2017/18,2017-11-02,Sharjah Cricket Stadium,1,37.2,Pakistan,New Zealand,Iram Javed,Sana Mir,AC Kerr,0,0,,,,,,,,,
1122905,2017/18,2017-11-02,Sharjah Cricket Stadium,1,37.3,Pakistan,New Zealand,Iram Javed,Sana Mir,AC Kerr,0,0,,,,,,bowled,Iram Javed,,
1122905,2017/18,2017-11-02,Sharjah Cricket Stadium,1,37.4,Pakistan,New Zealand,Sidra Nawaz,Sana Mir,AC Kerr,0,0,,,,,,caught,Sidra Nawaz,,
1122905,2017/18,2017-11-02,Sharjah Cricket Stadium,1,37.5,Pakistan,New Zealand,Diana Baig,Sana Mir,AC Kerr,0,0,,,,,,,,,
1122905,2017/18,2017-11-02,Sharjah Cricket Stadium,1,37.6,Pakistan,New Zealand,Diana Baig,Sana Mir,AC Kerr,0,0,,,,,,,,,
1122905,2017/18,2017-11-02,Sharjah Cricket Stadium,1,38.1,Pakistan,New Zealand,Sana Mir,Diana Baig,LMM Tahuhu,0,0,,,,,,,,,
1122905,2017/18,2017-11-02,Sharjah Cricket Stadium,1,38.2,Pakistan,New Zealand,Sana Mir,Diana Baig,LMM Tahuhu,0,0,,,,,,,,,
1122905,2017/18,2017-11-02,Sharjah Cricket Stadium,1,38.3,Pakistan,New Zealand,Sana Mir,Diana Baig,LMM Tahuhu,0,0,,,,,,,,,
1122905,2017/18,2017-11-02,Sharjah Cricket Stadium,1,38.4,Pakistan,New Zealand,Sana Mir,Diana Baig,LMM Tahuhu,1,0,,,,,,,,,
1122905,2017/18,2017-11-02,Sharjah Cricket Stadium,1,38.5,Pakistan,New Zealand,Diana Baig,Sana Mir,LMM Tahuhu,0,0,,,,,,,,,
1122905,2017/18,2017-11-02,Sharjah Cricket Stadium,1,38.6,Pakistan,New Zealand,Diana Baig,Sana Mir,LMM Tahuhu,0,0,,,,,,,,,
1122905,2017/18,2017-11-02,Sharjah Cricket Stadium,1,39.1,Pakistan,New Zealand,Sana Mir,Diana Baig,AC Kerr,1,0,,,,,,,,,
1122905,2017/18,2017-11-02,Sharjah Cricket Stadium,1,39.2,Pakistan,New Zealand,Diana Baig,Sana Mir,AC Kerr,0,0,,,,,,,,,
1122905,2017/18,2017-11-02,Sharjah Cricket Stadium,1,39.3,Pakistan,New Zealand,Diana Baig,Sana Mir,AC Kerr,0,0,,,,,,,,,
1122905,2017/18,2017-11-02,Sharjah Cricket Stadium,1,39.4,Pakistan,New Zealand,Diana Baig,Sana Mir,AC Kerr,0,0,,,,,,,,,
1122905,2017/18,2017-11-02,Sharjah Cricket Stadium,1,39.5,Pakistan,New Zealand,Diana Baig,Sana Mir,AC Kerr,0,0,,,,,,,,,
1122905,2017/18,2017-11-02,Sharjah Cricket Stadium,1,39.6,Pakistan,New Zealand,Diana Baig,Sana Mir,AC Kerr,0,0,,,,,,,,,
1122905,2017/18,2017-11-02,Sharjah Cricket Stadium,1,40.1,Pakistan,New Zealand,Sana Mir,Diana Baig,AM Peterson,4,0,,,,,,,,,
1122905,2017/18,2017-11-02,Sharjah Cricket Stadium,1,40.2,Pakistan,New Zealand,Sana Mir,Diana Baig,AM Peterson,0,0,,,,,,,,,
1122905,2017/18,2017-11-02,Sharjah Cricket Stadium,1,40.3,Pakistan,New Zealand,Sana Mir,Diana Baig,AM Peterson,1,0,,,,,,,,,
1122905,2017/18,2017-11-02,Sharjah Cricket Stadium,1,40.4,Pakistan,New Zealand,Diana Baig,Sana Mir,AM Peterson,4,0,,,,,,,,,
1122905,2017/18,2017-11-02,Sharjah Cricket Stadium,1,40.5,Pakistan,New Zealand,Diana Baig,Sana Mir,AM Peterson,0,0,,,,,,,,,
1122905,2017/18,2017-11-02,Sharjah Cricket Stadium,1,40.6,Pakistan,New Zealand,Diana Baig,Sana Mir,AM Peterson,0,0,,,,,,,,,
1122905,2017/18,2017-11-02,Sharjah Cricket Stadium,1,41.1,Pakistan,New Zealand,Sana Mir,Diana Baig,AC Kerr,0,0,,,,,,,,,
1122905,2017/18,2017-11-02,Sharjah Cricket Stadium,1,41.2,Pakistan,New Zealand,Sana Mir,Diana Baig,AC Kerr,0,0,,,,,,,,,
1122905,2017/18,2017-11-02,Sharjah Cricket Stadium,1,41.3,Pakistan,New Zealand,Sana Mir,Diana Baig,AC Kerr,4,0,,,,,,,,,
1122905,2017/18,2017-11-02,Sharjah Cricket Stadium,1,41.4,Pakistan,New Zealand,Sana Mir,Diana Baig,AC Kerr,0,0,,,,,,,,,
1122905,2017/18,2017-11-02,Sharjah Cricket Stadium,1,41.5,Pakistan,New Zealand,Sana Mir,Diana Baig,AC Kerr,1,0,,,,,,,,,
1122905,2017/18,2017-11-02,Sharjah Cricket Stadium,1,41.6,Pakistan,New Zealand,Diana Baig,Sana Mir,AC Kerr,1,0,,,,,,,,,
1122905,2017/18,2017-11-02,Sharjah Cricket Stadium,1,42.1,Pakistan,New Zealand,Diana Baig,Sana Mir,SW Bates,0,0,,,,,,,,,
1122905,2017/18,2017-11-02,Sharjah Cricket Stadium,1,42.2,Pakistan,New Zealand,Diana Baig,Sana Mir,SW Bates,0,0,,,,,,,,,
1122905,2017/18,2017-11-02,Sharjah Cricket Stadium,1,42.3,Pakistan,New Zealand,Diana Baig,Sana Mir,SW Bates,0,0,,,,,,,,,
1122905,2017/18,2017-11-02,Sharjah Cricket Stadium,1,42.4,Pakistan,New Zealand,Diana Baig,Sana Mir,SW Bates,0,0,,,,,,,,,
1122905,2017/18,2017-11-02,Sharjah Cricket Stadium,1,42.5,Pakistan,New Zealand,Diana Baig,Sana Mir,SW Bates,0,0,,,,,,,,,
1122905,2017/18,2017-11-02,Sharjah Cricket Stadium,1,42.6,Pakistan,New Zealand,Diana Baig,Sana Mir,SW Bates,0,0,,,,,,,,,
1122905,2017/18,2017-11-02,Sharjah Cricket Stadium,1,43.1,Pakistan,New Zealand,Sana Mir,Diana Baig,LM Kasperek,0,0,,,,,,,,,
1122905,2017/18,2017-11-02,Sharjah Cricket Stadium,1,43.2,Pakistan,New Zealand,Sana Mir,Diana Baig,LM Kasperek,1,0,,,,,,,,,
1122905,2017/18,2017-11-02,Sharjah Cricket Stadium,1,43.3,Pakistan,New Zealand,Diana Baig,Sana Mir,LM Kasperek,0,0,,,,,,,,,
1122905,2017/18,2017-11-02,Sharjah Cricket Stadium,1,43.4,Pakistan,New Zealand,Diana Baig,Sana Mir,LM Kasperek,0,0,,,,,,,,,
1122905,2017/18,2017-11-02,Sharjah Cricket Stadium,1,43.5,Pakistan,New Zealand,Diana Baig,Sana Mir,LM Kasperek,0,0,,,,,,,,,
1122905,2017/18,2017-11-02,Sharjah Cricket Stadium,1,43.6,Pakistan,New Zealand,Diana Baig,Sana Mir,LM Kasperek,0,0,,,,,,,,,
1122905,2017/18,2017-11-02,Sharjah Cricket Stadium,1,44.1,Pakistan,New Zealand,Sana Mir,Diana Baig,SW Bates,0,0,,,,,,,,,
1122905,2017/18,2017-11-02,Sharjah Cricket Stadium,1,44.2,Pakistan,New Zealand,Sana Mir,Diana Baig,SW Bates,0,0,,,,,,,,,
1122905,2017/18,2017-11-02,Sharjah Cricket Stadium,1,44.3,Pakistan,New Zealand,Sana Mir,Diana Baig,SW Bates,0,0,,,,,,,,,
1122905,2017/18,2017-11-02,Sharjah Cricket Stadium,1,44.4,Pakistan,New Zealand,Sana Mir,Diana Baig,SW Bates,1,0,,,,,,,,,
1122905,2017/18,2017-11-02,Sharjah Cricket Stadium,1,44.5,Pakistan,New Zealand,Diana Baig,Sana Mir,SW Bates,1,0,,,,,,,,,
1122905,2017/18,2017-11-02,Sharjah Cricket Stadium,1,44.6,Pakistan,New Zealand,Sana Mir,Diana Baig,SW Bates,0,0,,,,,,,,,
1122905,2017/18,2017-11-02,Sharjah Cricket Stadium,1,45.1,Pakistan,New Zealand,Diana Baig,Sana Mir,LM Kasperek,1,0,,,,,,,,,
1122905,2017/18,2017-11-02,Sharjah Cricket Stadium,1,45.2,Pakistan,New Zealand,Sana Mir,Diana Baig,LM Kasperek,4,0,,,,,,,,,
1122905,2017/18,2017-11-02,Sharjah Cricket Stadium,1,45.3,Pakistan,New Zealand,Sana Mir,Diana Baig,LM Kasperek,0,0,,,,,,,,,
1122905,2017/18,2017-11-02,Sharjah Cricket Stadium,1,45.4,Pakistan,New Zealand,Sana Mir,Diana Baig,LM Kasperek,2,0,,,,,,,,,
1122905,2017/18,2017-11-02,Sharjah Cricket Stadium,1,45.5,Pakistan,New Zealand,Sana Mir,Diana Baig,LM Kasperek,0,0,,,,,,,,,
1122905,2017/18,2017-11-02,Sharjah Cricket Stadium,1,45.6,Pakistan,New Zealand,Sana Mir,Diana Baig,LM Kasperek,1,0,,,,,,,,,
1122905,2017/18,2017-11-02,Sharjah Cricket Stadium,1,46.1,Pakistan,New Zealand,Sana Mir,Diana Baig,SW Bates,0,0,,,,,,,,,
1122905,2017/18,2017-11-02,Sharjah Cricket Stadium,1,46.2,Pakistan,New Zealand,Sana Mir,Diana Baig,SW Bates,0,0,,,,,,,,,
1122905,2017/18,2017-11-02,Sharjah Cricket Stadium,1,46.3,Pakistan,New Zealand,Sana Mir,Diana Baig,SW Bates,1,0,,,,,,,,,
1122905,2017/18,2017-11-02,Sharjah Cricket Stadium,1,46.4,Pakistan,New Zealand,Diana Baig,Sana Mir,SW Bates,1,0,,,,,,,,,
1122905,2017/18,2017-11-02,Sharjah Cricket Stadium,1,46.5,Pakistan,New Zealand,Sana Mir,Diana Baig,SW Bates,4,0,,,,,,,,,
1122905,2017/18,2017-11-02,Sharjah Cricket Stadium,1,46.6,Pakistan,New Zealand,Sana Mir,Diana Baig,SW Bates,0,0,,,,,,,,,
1122905,2017/18,2017-11-02,Sharjah Cricket Stadium,1,47.1,Pakistan,New Zealand,Diana Baig,Sana Mir,LM Kasperek,0,0,,,,,,stumped,Diana Baig,,
1122905,2017/18,2017-11-02,Sharjah Cricket Stadium,1,47.2,Pakistan,New Zealand,Nashra Sandhu,Sana Mir,LM Kasperek,0,0,,,,,,,,,
1122905,2017/18,2017-11-02,Sharjah Cricket Stadium,1,47.3,Pakistan,New Zealand,Nashra Sandhu,Sana Mir,LM Kasperek,0,0,,,,,,,,,
1122905,2017/18,2017-11-02,Sharjah Cricket Stadium,1,47.4,Pakistan,New Zealand,Nashra Sandhu,Sana Mir,LM Kasperek,0,0,,,,,,,,,
1122905,2017/18,2017-11-02,Sharjah Cricket Stadium,1,47.5,Pakistan,New Zealand,Nashra Sandhu,Sana Mir,LM Kasperek,0,0,,,,,,,,,
1122905,2017/18,2017-11-02,Sharjah Cricket Stadium,1,47.6,Pakistan,New Zealand,Nashra Sandhu,Sana Mir,LM Kasperek,0,0,,,,,,,,,
1122905,2017/18,2017-11-02,Sharjah Cricket Stadium,1,48.1,Pakistan,New Zealand,Sana Mir,Nashra Sandhu,AC Kerr,0,0,,,,,,,,,
1122905,2017/18,2017-11-02,Sharjah Cricket Stadium,1,48.2,Pakistan,New Zealand,Sana Mir,Nashra Sandhu,AC Kerr,0,0,,,,,,,,,
1122905,2017/18,2017-11-02,Sharjah Cricket Stadium,1,48.3,Pakistan,New Zealand,Sana Mir,Nashra Sandhu,AC Kerr,0,0,,,,,,caught and bowled,Sana Mir,,
1122905,2017/18,2017-11-02,Sharjah Cricket Stadium,1,48.4,Pakistan,New Zealand,Sadia Yousuf,Nashra Sandhu,AC Kerr,0,0,,,,,,,,,
1122905,2017/18,2017-11-02,Sharjah Cricket Stadium,1,48.5,Pakistan,New Zealand,Sadia Yousuf,Nashra Sandhu,AC Kerr,0,0,,,,,,,,,
1122905,2017/18,2017-11-02,Sharjah Cricket Stadium,1,48.6,Pakistan,New Zealand,Sadia Yousuf,Nashra Sandhu,AC Kerr,0,0,,,,,,,,,
1122905,2017/18,2017-11-02,Sharjah Cricket Stadium,1,49.1,Pakistan,New Zealand,Nashra Sandhu,Sadia Yousuf,LMM Tahuhu,0,0,,,,,,bowled,Nashra Sandhu,,
1122905,2017/18,2017-11-02,Sharjah Cricket Stadium,2,0.1,New Zealand,Pakistan,SW Bates,SFM Devine,Nashra Sandhu,0,0,,,,,,,,,
1122905,2017/18,2017-11-02,Sharjah Cricket Stadium,2,0.2,New Zealand,Pakistan,SW Bates,SFM Devine,Nashra Sandhu,0,0,,,,,,,,,
1122905,2017/18,2017-11-02,Sharjah Cricket Stadium,2,0.3,New Zealand,Pakistan,SW Bates,SFM Devine,Nashra Sandhu,0,1,1,,,,,,,,
1122905,2017/18,2017-11-02,Sharjah Cricket Stadium,2,0.4,New Zealand,Pakistan,SW Bates,SFM Devine,Nashra Sandhu,4,0,,,,,,,,,
1122905,2017/18,2017-11-02,Sharjah Cricket Stadium,2,0.5,New Zealand,Pakistan,SW Bates,SFM Devine,Nashra Sandhu,0,0,,,,,,,,,
1122905,2017/18,2017-11-02,Sharjah Cricket Stadium,2,0.6,New Zealand,Pakistan,SW Bates,SFM Devine,Nashra Sandhu,0,0,,,,,,,,,
1122905,2017/18,2017-11-02,Sharjah Cricket Stadium,2,0.7,New Zealand,Pakistan,SW Bates,SFM Devine,Nashra Sandhu,0,0,,,,,,,,,
1122905,2017/18,2017-11-02,Sharjah Cricket Stadium,2,1.1,New Zealand,Pakistan,SFM Devine,SW Bates,Sana Mir,4,0,,,,,,,,,
1122905,2017/18,2017-11-02,Sharjah Cricket Stadium,2,1.2,New Zealand,Pakistan,SFM Devine,SW Bates,Sana Mir,0,0,,,,,,,,,
1122905,2017/18,2017-11-02,Sharjah Cricket Stadium,2,1.3,New Zealand,Pakistan,SFM Devine,SW Bates,Sana Mir,2,0,,,,,,,,,
1122905,2017/18,2017-11-02,Sharjah Cricket Stadium,2,1.4,New Zealand,Pakistan,SFM Devine,SW Bates,Sana Mir,1,0,,,,,,,,,
1122905,2017/18,2017-11-02,Sharjah Cricket Stadium,2,1.5,New Zealand,Pakistan,SW Bates,SFM Devine,Sana Mir,0,0,,,,,,,,,
1122905,2017/18,2017-11-02,Sharjah Cricket Stadium,2,1.6,New Zealand,Pakistan,SW Bates,SFM Devine,Sana Mir,4,0,,,,,,,,,
1122905,2017/18,2017-11-02,Sharjah Cricket Stadium,2,2.1,New Zealand,Pakistan,SFM Devine,SW Bates,Nashra Sandhu,0,0,,,,,,,,,
1122905,2017/18,2017-11-02,Sharjah Cricket Stadium,2,2.2,New Zealand,Pakistan,SFM Devine,SW Bates,Nashra Sandhu,1,0,,,,,,,,,
1122905,2017/18,2017-11-02,Sharjah Cricket Stadium,2,2.3,New Zealand,Pakistan,SW Bates,SFM Devine,Nashra Sandhu,1,0,,,,,,,,,
1122905,2017/18,2017-11-02,Sharjah Cricket Stadium,2,2.4,New Zealand,Pakistan,SFM Devine,SW Bates,Nashra Sandhu,0,0,,,,,,,,,
1122905,2017/18,2017-11-02,Sharjah Cricket Stadium,2,2.5,New Zealand,Pakistan,SFM Devine,SW Bates,Nashra Sandhu,1,0,,,,,,,,,
1122905,2017/18,2017-11-02,Sharjah Cricket Stadium,2,2.6,New Zealand,Pakistan,SW Bates,SFM Devine,Nashra Sandhu,0,0,,,,,,,,,
1122905,2017/18,2017-11-02,Sharjah Cricket Stadium,2,3.1,New Zealand,Pakistan,SFM Devine,SW Bates,Sana Mir,1,0,,,,,,,,,
1122905,2017/18,2017-11-02,Sharjah Cricket Stadium,2,3.2,New Zealand,Pakistan,SW Bates,SFM Devine,Sana Mir,0,0,,,,,,,,,
1122905,2017/18,2017-11-02,Sharjah Cricket Stadium,2,3.3,New Zealand,Pakistan,SW Bates,SFM Devine,Sana Mir,0,0,,,,,,,,,
1122905,2017/18,2017-11-02,Sharjah Cricket Stadium,2,3.4,New Zealand,Pakistan,SW Bates,SFM Devine,Sana Mir,0,0,,,,,,,,,
1122905,2017/18,2017-11-02,Sharjah Cricket Stadium,2,3.5,New Zealand,Pakistan,SW Bates,SFM Devine,Sana Mir,0,0,,,,,,,,,
1122905,2017/18,2017-11-02,Sharjah Cricket Stadium,2,3.6,New Zealand,Pakistan,SW Bates,SFM Devine,Sana Mir,4,0,,,,,,,,,
1122905,2017/18,2017-11-02,Sharjah Cricket Stadium,2,4.1,New Zealand,Pakistan,SFM Devine,SW Bates,Nashra Sandhu,0,0,,,,,,,,,
1122905,2017/18,2017-11-02,Sharjah Cricket Stadium,2,4.2,New Zealand,Pakistan,SFM Devine,SW Bates,Nashra Sandhu,1,0,,,,,,,,,
1122905,2017/18,2017-11-02,Sharjah Cricket Stadium,2,4.3,New Zealand,Pakistan,SW Bates,SFM Devine,Nashra Sandhu,0,0,,,,,,,,,
1122905,2017/18,2017-11-02,Sharjah Cricket Stadium,2,4.4,New Zealand,Pakistan,SW Bates,SFM Devine,Nashra Sandhu,4,0,,,,,,,,,
1122905,2017/18,2017-11-02,Sharjah Cricket Stadium,2,4.5,New Zealand,Pakistan,SW Bates,SFM Devine,Nashra Sandhu,0,0,,,,,,,,,
1122905,2017/18,2017-11-02,Sharjah Cricket Stadium,2,4.6,New Zealand,Pakistan,SW Bates,SFM Devine,Nashra Sandhu,0,0,,,,,,,,,
1122905,2017/18,2017-11-02,Sharjah Cricket Stadium,2,5.1,New Zealand,Pakistan,SFM Devine,SW Bates,Diana Baig,1,0,,,,,,,,,
1122905,2017/18,2017-11-02,Sharjah Cricket Stadium,2,5.2,New Zealand,Pakistan,SW Bates,SFM Devine,Diana Baig,1,0,,,,,,,,,
1122905,2017/18,2017-11-02,Sharjah Cricket Stadium,2,5.3,New Zealand,Pakistan,SFM Devine,SW Bates,Diana Baig,4,0,,,,,,,,,
1122905,2017/18,2017-11-02,Sharjah Cricket Stadium,2,5.4,New Zealand,Pakistan,SFM Devine,SW Bates,Diana Baig,0,0,,,,,,,,,
1122905,2017/18,2017-11-02,Sharjah Cricket Stadium,2,5.5,New Zealand,Pakistan,SFM Devine,SW Bates,Diana Baig,4,0,,,,,,,,,
1122905,2017/18,2017-11-02,Sharjah Cricket Stadium,2,5.6,New Zealand,Pakistan,SFM Devine,SW Bates,Diana Baig,0,0,,,,,,,,,
1122905,2017/18,2017-11-02,Sharjah Cricket Stadium,2,6.1,New Zealand,Pakistan,SW Bates,SFM Devine,Sadia Yousuf,0,1,1,,,,,,,,
1122905,2017/18,2017-11-02,Sharjah Cricket Stadium,2,6.2,New Zealand,Pakistan,SW Bates,SFM Devine,Sadia Yousuf,0,0,,,,,,,,,
1122905,2017/18,2017-11-02,Sharjah Cricket Stadium,2,6.3,New Zealand,Pakistan,SW Bates,SFM Devine,Sadia Yousuf,0,0,,,,,,,,,
1122905,2017/18,2017-11-02,Sharjah Cricket Stadium,2,6.4,New Zealand,Pakistan,SW Bates,SFM Devine,Sadia Yousuf,1,0,,,,,,,,,
1122905,2017/18,2017-11-02,Sharjah Cricket Stadium,2,6.5,New Zealand,Pakistan,SFM Devine,SW Bates,Sadia Yousuf,1,0,,,,,,,,,
1122905,2017/18,2017-11-02,Sharjah Cricket Stadium,2,6.6,New Zealand,Pakistan,SW Bates,SFM Devine,Sadia Yousuf,1,0,,,,,,,,,
1122905,2017/18,2017-11-02,Sharjah Cricket Stadium,2,6.7,New Zealand,Pakistan,SFM Devine,SW Bates,Sadia Yousuf,1,0,,,,,,,,,
1122905,2017/18,2017-11-02,Sharjah Cricket Stadium,2,7.1,New Zealand,Pakistan,SFM Devine,SW Bates,Diana Baig,4,0,,,,,,,,,
1122905,2017/18,2017-11-02,Sharjah Cricket Stadium,2,7.2,New Zealand,Pakistan,SFM Devine,SW Bates,Diana Baig,1,0,,,,,,,,,
1122905,2017/18,2017-11-02,Sharjah Cricket Stadium,2,7.3,New Zealand,Pakistan,SW Bates,SFM Devine,Diana Baig,0,0,,,,,,,,,
1122905,2017/18,2017-11-02,Sharjah Cricket Stadium,2,7.4,New Zealand,Pakistan,SW Bates,SFM Devine,Diana Baig,2,0,,,,,,,,,
1122905,2017/18,2017-11-02,Sharjah Cricket Stadium,2,7.5,New Zealand,Pakistan,SW Bates,SFM Devine,Diana Baig,0,0,,,,,,,,,
1122905,2017/18,2017-11-02,Sharjah Cricket Stadium,2,7.6,New Zealand,Pakistan,SW Bates,SFM Devine,Diana Baig,1,0,,,,,,,,,
1122905,2017/18,2017-11-02,Sharjah Cricket Stadium,2,8.1,New Zealand,Pakistan,SW Bates,SFM Devine,Sadia Yousuf,1,0,,,,,,,,,
1122905,2017/18,2017-11-02,Sharjah Cricket Stadium,2,8.2,New Zealand,Pakistan,SFM Devine,SW Bates,Sadia Yousuf,1,0,,,,,,,,,
1122905,2017/18,2017-11-02,Sharjah Cricket Stadium,2,8.3,New Zealand,Pakistan,SW Bates,SFM Devine,Sadia Yousuf,1,0,,,,,,,,,
1122905,2017/18,2017-11-02,Sharjah Cricket Stadium,2,8.4,New Zealand,Pakistan,SFM Devine,SW Bates,Sadia Yousuf,0,0,,,,,,,,,
1122905,2017/18,2017-11-02,Sharjah Cricket Stadium,2,8.5,New Zealand,Pakistan,SFM Devine,SW Bates,Sadia Yousuf,1,0,,,,,,,,,
1122905,2017/18,2017-11-02,Sharjah Cricket Stadium,2,8.6,New Zealand,Pakistan,SW Bates,SFM Devine,Sadia Yousuf,0,0,,,,,,,,,
1122905,2017/18,2017-11-02,Sharjah Cricket Stadium,2,9.1,New Zealand,Pakistan,SFM Devine,SW Bates,Sana Mir,1,0,,,,,,,,,
1122905,2017/18,2017-11-02,Sharjah Cricket Stadium,2,9.2,New Zealand,Pakistan,SW Bates,SFM Devine,Sana Mir,0,0,,,,,,,,,
1122905,2017/18,2017-11-02,Sharjah Cricket Stadium,2,9.3,New Zealand,Pakistan,SW Bates,SFM Devine,Sana Mir,0,0,,,,,,,,,
1122905,2017/18,2017-11-02,Sharjah Cricket Stadium,2,9.4,New Zealand,Pakistan,SW Bates,SFM Devine,Sana Mir,1,0,,,,,,,,,
1122905,2017/18,2017-11-02,Sharjah Cricket Stadium,2,9.5,New Zealand,Pakistan,SFM Devine,SW Bates,Sana Mir,2,0,,,,,,,,,
1122905,2017/18,2017-11-02,Sharjah Cricket Stadium,2,9.6,New Zealand,Pakistan,SFM Devine,SW Bates,Sana Mir,0,0,,,,,,,,,
1122905,2017/18,2017-11-02,Sharjah Cricket Stadium,2,10.1,New Zealand,Pakistan,SW Bates,SFM Devine,Sadia Yousuf,1,0,,,,,,,,,
1122905,2017/18,2017-11-02,Sharjah Cricket Stadium,2,10.2,New Zealand,Pakistan,SFM Devine,SW Bates,Sadia Yousuf,4,0,,,,,,,,,
1122905,2017/18,2017-11-02,Sharjah Cricket Stadium,2,10.3,New Zealand,Pakistan,SFM Devine,SW Bates,Sadia Yousuf,0,0,,,,,,,,,
1122905,2017/18,2017-11-02,Sharjah Cricket Stadium,2,10.4,New Zealand,Pakistan,SFM Devine,SW Bates,Sadia Yousuf,1,0,,,,,,,,,
1122905,2017/18,2017-11-02,Sharjah Cricket Stadium,2,10.5,New Zealand,Pakistan,SW Bates,SFM Devine,Sadia Yousuf,2,0,,,,,,,,,
1122905,2017/18,2017-11-02,Sharjah Cricket Stadium,2,10.6,New Zealand,Pakistan,SW Bates,SFM Devine,Sadia Yousuf,0,0,,,,,,,,,
1122905,2017/18,2017-11-02,Sharjah Cricket Stadium,2,11.1,New Zealand,Pakistan,SFM Devine,SW Bates,Sana Mir,0,0,,,,,,,,,
1122905,2017/18,2017-11-02,Sharjah Cricket Stadium,2,11.2,New Zealand,Pakistan,SFM Devine,SW Bates,Sana Mir,2,0,,,,,,,,,
1122905,2017/18,2017-11-02,Sharjah Cricket Stadium,2,11.3,New Zealand,Pakistan,SFM Devine,SW Bates,Sana Mir,0,0,,,,,,,,,
1122905,2017/18,2017-11-02,Sharjah Cricket Stadium,2,11.4,New Zealand,Pakistan,SFM Devine,SW Bates,Sana Mir,1,0,,,,,,,,,
1122905,2017/18,2017-11-02,Sharjah Cricket Stadium,2,11.5,New Zealand,Pakistan,SW Bates,SFM Devine,Sana Mir,2,0,,,,,,,,,
1122905,2017/18,2017-11-02,Sharjah Cricket Stadium,2,11.6,New Zealand,Pakistan,SW Bates,SFM Devine,Sana Mir,1,0,,,,,,,,,
1122905,2017/18,2017-11-02,Sharjah Cricket Stadium,2,12.1,New Zealand,Pakistan,SW Bates,SFM Devine,Sadia Yousuf,0,0,,,,,,,,,
1122905,2017/18,2017-11-02,Sharjah Cricket Stadium,2,12.2,New Zealand,Pakistan,SW Bates,SFM Devine,Sadia Yousuf,1,0,,,,,,,,,
1122905,2017/18,2017-11-02,Sharjah Cricket Stadium,2,12.3,New Zealand,Pakistan,SFM Devine,SW Bates,Sadia Yousuf,4,0,,,,,,,,,
1122905,2017/18,2017-11-02,Sharjah Cricket Stadium,2,12.4,New Zealand,Pakistan,SFM Devine,SW Bates,Sadia Yousuf,1,0,,,,,,,,,
1122905,2017/18,2017-11-02,Sharjah Cricket Stadium,2,12.5,New Zealand,Pakistan,SW Bates,SFM Devine,Sadia Yousuf,0,0,,,,,,caught,SW Bates,,
1122905,2017/18,2017-11-02,Sharjah Cricket Stadium,2,12.6,New Zealand,Pakistan,AE Satterthwaite,SFM Devine,Sadia Yousuf,1,0,,,,,,,,,
1122905,2017/18,2017-11-02,Sharjah Cricket Stadium,2,13.1,New Zealand,Pakistan,AE Satterthwaite,SFM Devine,Sana Mir,0,0,,,,,,,,,
1122905,2017/18,2017-11-02,Sharjah Cricket Stadium,2,13.2,New Zealand,Pakistan,AE Satterthwaite,SFM Devine,Sana Mir,0,0,,,,,,,,,
1122905,2017/18,2017-11-02,Sharjah Cricket Stadium,2,13.3,New Zealand,Pakistan,AE Satterthwaite,SFM Devine,Sana Mir,4,0,,,,,,,,,
1122905,2017/18,2017-11-02,Sharjah Cricket Stadium,2,13.4,New Zealand,Pakistan,AE Satterthwaite,SFM Devine,Sana Mir,1,0,,,,,,,,,
1122905,2017/18,2017-11-02,Sharjah Cricket Stadium,2,13.5,New Zealand,Pakistan,SFM Devine,AE Satterthwaite,Sana Mir,0,0,,,,,,,,,
1122905,2017/18,2017-11-02,Sharjah Cricket Stadium,2,13.6,New Zealand,Pakistan,SFM Devine,AE Satterthwaite,Sana Mir,1,0,,,,,,,,,
1122905,2017/18,2017-11-02,Sharjah Cricket Stadium,2,14.1,New Zealand,Pakistan,SFM Devine,AE Satterthwaite,Sadia Yousuf,1,0,,,,,,,,,
1122905,2017/18,2017-11-02,Sharjah Cricket Stadium,2,14.2,New Zealand,Pakistan,AE Satterthwaite,SFM Devine,Sadia Yousuf,0,0,,,,,,,,,
1122905,2017/18,2017-11-02,Sharjah Cricket Stadium,2,14.3,New Zealand,Pakistan,AE Satterthwaite,SFM Devine,Sadia Yousuf,0,0,,,,,,,,,
1122905,2017/18,2017-11-02,Sharjah Cricket Stadium,2,14.4,New Zealand,Pakistan,AE Satterthwaite,SFM Devine,Sadia Yousuf,4,0,,,,,,,,,
1122905,2017/18,2017-11-02,Sharjah Cricket Stadium,2,14.5,New Zealand,Pakistan,AE Satterthwaite,SFM Devine,Sadia Yousuf,2,0,,,,,,,,,
1122905,2017/18,2017-11-02,Sharjah Cricket Stadium,2,14.6,New Zealand,Pakistan,AE Satterthwaite,SFM Devine,Sadia Yousuf,0,0,,,,,,,,,
1122905,2017/18,2017-11-02,Sharjah Cricket Stadium,2,15.1,New Zealand,Pakistan,SFM Devine,AE Satterthwaite,Sana Mir,1,0,,,,,,,,,
1122905,2017/18,2017-11-02,Sharjah Cricket Stadium,2,15.2,New Zealand,Pakistan,AE Satterthwaite,SFM Devine,Sana Mir,0,0,,,,,,,,,
1122905,2017/18,2017-11-02,Sharjah Cricket Stadium,2,15.3,New Zealand,Pakistan,AE Satterthwaite,SFM Devine,Sana Mir,4,0,,,,,,,,,
1122905,2017/18,2017-11-02,Sharjah Cricket Stadium,2,15.4,New Zealand,Pakistan,AE Satterthwaite,SFM Devine,Sana Mir,0,0,,,,,,,,,
1122905,2017/18,2017-11-02,Sharjah Cricket Stadium,2,15.5,New Zealand,Pakistan,AE Satterthwaite,SFM Devine,Sana Mir,0,0,,,,,,,,,
1122905,2017/18,2017-11-02,Sharjah Cricket Stadium,2,15.6,New Zealand,Pakistan,AE Satterthwaite,SFM Devine,Sana Mir,0,0,,,,,,,,,
1122905,2017/18,2017-11-02,Sharjah Cricket Stadium,2,16.1,New Zealand,Pakistan,SFM Devine,AE Satterthwaite,Sadia Yousuf,4,0,,,,,,,,,
1122905,2017/18,2017-11-02,Sharjah Cricket Stadium,2,16.2,New Zealand,Pakistan,SFM Devine,AE Satterthwaite,Sadia Yousuf,1,0,,,,,,,,,
1122905,2017/18,2017-11-02,Sharjah Cricket Stadium,2,16.3,New Zealand,Pakistan,AE Satterthwaite,SFM Devine,Sadia Yousuf,0,0,,,,,,,,,
1122905,2017/18,2017-11-02,Sharjah Cricket Stadium,2,16.4,New Zealand,Pakistan,AE Satterthwaite,SFM Devine,Sadia Yousuf,0,0,,,,,,,,,
1122905,2017/18,2017-11-02,Sharjah Cricket Stadium,2,16.5,New Zealand,Pakistan,AE Satterthwaite,SFM Devine,Sadia Yousuf,0,0,,,,,,,,,
1122905,2017/18,2017-11-02,Sharjah Cricket Stadium,2,16.6,New Zealand,Pakistan,AE Satterthwaite,SFM Devine,Sadia Yousuf,1,0,,,,,,,,,
1122905,2017/18,2017-11-02,Sharjah Cricket Stadium,2,17.1,New Zealand,Pakistan,AE Satterthwaite,SFM Devine,Iram Javed,0,5,5,,,,,,,,
1122905,2017/18,2017-11-02,Sharjah Cricket Stadium,2,17.2,New Zealand,Pakistan,AE Satterthwaite,SFM Devine,Iram Javed,1,0,,,,,,,,,
1122905,2017/18,2017-11-02,Sharjah Cricket Stadium,2,17.3,New Zealand,Pakistan,SFM Devine,AE Satterthwaite,Iram Javed,1,0,,,,,,,,,
1122905,2017/18,2017-11-02,Sharjah Cricket Stadium,2,17.4,New Zealand,Pakistan,AE Satterthwaite,SFM Devine,Iram Javed,0,0,,,,,,,,,
1122905,2017/18,2017-11-02,Sharjah Cricket Stadium,2,17.5,New Zealand,Pakistan,AE Satterthwaite,SFM Devine,Iram Javed,0,1,,,,1,,,,,
1122905,2017/18,2017-11-02,Sharjah Cricket Stadium,2,17.6,New Zealand,Pakistan,SFM Devine,AE Satterthwaite,Iram Javed,4,0,,,,,,,,,
1122905,2017/18,2017-11-02,Sharjah Cricket Stadium,2,17.7,New Zealand,Pakistan,SFM Devine,AE Satterthwaite,Iram Javed,2,0,,,,,,,,,
1122905,2017/18,2017-11-02,Sharjah Cricket Stadium,2,18.1,New Zealand,Pakistan,AE Satterthwaite,SFM Devine,Nashra Sandhu,1,0,,,,,,,,,
1122905,2017/18,2017-11-02,Sharjah Cricket Stadium,2,18.2,New Zealand,Pakistan,SFM Devine,AE Satterthwaite,Nashra Sandhu,1,0,,,,,,,,,
1122905,2017/18,2017-11-02,Sharjah Cricket Stadium,2,18.3,New Zealand,Pakistan,AE Satterthwaite,SFM Devine,Nashra Sandhu,1,0,,,,,,,,,
1122905,2017/18,2017-11-02,Sharjah Cricket Stadium,2,18.4,New Zealand,Pakistan,SFM Devine,AE Satterthwaite,Nashra Sandhu,0,0,,,,,,,,,
1122905,2017/18,2017-11-02,Sharjah Cricket Stadium,2,18.5,New Zealand,Pakistan,SFM Devine,AE Satterthwaite,Nashra Sandhu,1,0,,,,,,,,,
1122905,2017/18,2017-11-02,Sharjah Cricket Stadium,2,18.6,New Zealand,Pakistan,AE Satterthwaite,SFM Devine,Nashra Sandhu,1,0,,,,,,,,,
1122905,2017/18,2017-11-02,Sharjah Cricket Stadium,2,19.1,New Zealand,Pakistan,AE Satterthwaite,SFM Devine,Javeria Khan,0,0,,,,,,,,,
1122905,2017/18,2017-11-02,Sharjah Cricket Stadium,2,19.2,New Zealand,Pakistan,AE Satterthwaite,SFM Devine,Javeria Khan,0,0,,,,,,,,,
1122905,2017/18,2017-11-02,Sharjah Cricket Stadium,2,19.3,New Zealand,Pakistan,AE Satterthwaite,SFM Devine,Javeria Khan,1,0,,,,,,,,,
1122905,2017/18,2017-11-02,Sharjah Cricket Stadium,2,19.4,New Zealand,Pakistan,SFM Devine,AE Satterthwaite,Javeria Khan,0,0,,,,,,lbw,SFM Devine,,
1122905,2017/18,2017-11-02,Sharjah Cricket Stadium,2,19.5,New Zealand,Pakistan,KJ Martin,AE Satterthwaite,Javeria Khan,0,2,,,,2,,,,,
1122905,2017/18,2017-11-02,Sharjah Cricket Stadium,2,19.6,New Zealand,Pakistan,KJ Martin,AE Satterthwaite,Javeria Khan,0,0,,,,,,,,,
1122905,2017/18,2017-11-02,Sharjah Cricket Stadium,2,20.1,New Zealand,Pakistan,AE Satterthwaite,KJ Martin,Nashra Sandhu,1,0,,,,,,,,,
1122905,2017/18,2017-11-02,Sharjah Cricket Stadium,2,20.2,New Zealand,Pakistan,KJ Martin,AE Satterthwaite,Nashra Sandhu,4,0,,,,,,,,,
1122905,2017/18,2017-11-02,Sharjah Cricket Stadium,2,20.3,New Zealand,Pakistan,KJ Martin,AE Satterthwaite,Nashra Sandhu,0,0,,,,,,,,,
1122905,2017/18,2017-11-02,Sharjah Cricket Stadium,2,20.4,New Zealand,Pakistan,KJ Martin,AE Satterthwaite,Nashra Sandhu,4,0,,,,,,,,,
1122905,2017/18,2017-11-02,Sharjah Cricket Stadium,2,20.5,New Zealand,Pakistan,KJ Martin,AE Satterthwaite,Nashra Sandhu,0,0,,,,,,,,,
1122905,2017/18,2017-11-02,Sharjah Cricket Stadium,2,20.6,New Zealand,Pakistan,KJ Martin,AE Satterthwaite,Nashra Sandhu,0,0,,,,,,,,,
1122905,2017/18,2017-11-02,Sharjah Cricket Stadium,2,21.1,New Zealand,Pakistan,AE Satterthwaite,KJ Martin,Javeria Khan,1,0,,,,,,,,,
1122905,2017/18,2017-11-02,Sharjah Cricket Stadium,2,21.2,New Zealand,Pakistan,KJ Martin,AE Satterthwaite,Javeria Khan,0,0,,,,,,bowled,KJ Martin,,
1122905,2017/18,2017-11-02,Sharjah Cricket Stadium,2,21.3,New Zealand,Pakistan,ML Green,AE Satterthwaite,Javeria Khan,1,0,,,,,,,,,
1122905,2017/18,2017-11-02,Sharjah Cricket Stadium,2,21.4,New Zealand,Pakistan,AE Satterthwaite,ML Green,Javeria Khan,0,0,,,,,,,,,
1122905,2017/18,2017-11-02,Sharjah Cricket Stadium,2,21.5,New Zealand,Pakistan,AE Satterthwaite,ML Green,Javeria Khan,0,0,,,,,,,,,
1122905,2017/18,2017-11-02,Sharjah Cricket Stadium,2,21.6,New Zealand,Pakistan,AE Satterthwaite,ML Green,Javeria Khan,0,0,,,,,,,,,
1122905,2017/18,2017-11-02,Sharjah Cricket Stadium,2,22.1,New Zealand,Pakistan,ML Green,AE Satterthwaite,Sana Mir,1,0,,,,,,,,,
1122905,2017/18,2017-11-02,Sharjah Cricket Stadium,2,22.2,New Zealand,Pakistan,AE Satterthwaite,ML Green,Sana Mir,1,0,,,,,,,,,
1122905,2017/18,2017-11-02,Sharjah Cricket Stadium,2,22.3,New Zealand,Pakistan,ML Green,AE Satterthwaite,Sana Mir,4,0,,,,,,,,,
1122905,2017/18,2017-11-02,Sharjah Cricket Stadium,2,22.4,New Zealand,Pakistan,ML Green,AE Satterthwaite,Sana Mir,0,0,,,,,,,,,
1122905,2017/18,2017-11-02,Sharjah Cricket Stadium,2,22.5,New Zealand,Pakistan,ML Green,AE Satterthwaite,Sana Mir,0,0,,,,,,,,,
1122905,2017/18,2017-11-02,Sharjah Cricket Stadium,2,22.6,New Zealand,Pakistan,ML Green,AE Satterthwaite,Sana Mir,1,0,,,,,,,,,
1122905,2017/18,2017-11-02,Sharjah Cricket Stadium,2,23.1,New Zealand,Pakistan,ML Green,AE Satterthwaite,Javeria Khan,0,0,,,,,,,,,
1122905,2017/18,2017-11-02,Sharjah Cricket Stadium,2,23.2,New Zealand,Pakistan,ML Green,AE Satterthwaite,Javeria Khan,2,0,,,,,,,,,
1122905,2017/18,2017-11-02,Sharjah Cricket Stadium,2,23.3,New Zealand,Pakistan,ML Green,AE Satterthwaite,Javeria Khan,0,0,,,,,,,,,
1122905,2017/18,2017-11-02,Sharjah Cricket Stadium,2,23.4,New Zealand,Pakistan,ML Green,AE Satterthwaite,Javeria Khan,0,0,,,,,,,,,
1122905,2017/18,2017-11-02,Sharjah Cricket Stadium,2,23.5,New Zealand,Pakistan,ML Green,AE Satterthwaite,Javeria Khan,0,0,,,,,,,,,
1122905,2017/18,2017-11-02,Sharjah Cricket Stadium,2,23.6,New Zealand,Pakistan,ML Green,AE Satterthwaite,Javeria Khan,1,0,,,,,,,,,
