match_id,season,start_date,venue,innings,ball,batting_team,bowling_team,striker,non_striker,bowler,runs_off_bat,extras,wides,noballs,byes,legbyes,penalty,wicket_type,player_dismissed,other_wicket_type,other_player_dismissed
1122904,2017/18,2017-10-31,Sharjah Cricket Stadium,1,0.1,New Zealand,Pakistan,SFM Devine,SW Bates,Diana Baig,0,0,,,,,,,,,
1122904,2017/18,2017-10-31,Sharjah Cricket Stadium,1,0.2,New Zealand,Pakistan,SFM Devine,SW Bates,Diana Baig,0,0,,,,,,,,,
1122904,2017/18,2017-10-31,Sharjah Cricket Stadium,1,0.3,New Zealand,Pakistan,SFM Devine,SW Bates,Diana Baig,0,0,,,,,,,,,
1122904,2017/18,2017-10-31,Sharjah Cricket Stadium,1,0.4,New Zealand,Pakistan,SFM Devine,SW Bates,Diana Baig,0,0,,,,,,,,,
1122904,2017/18,2017-10-31,Sharjah Cricket Stadium,1,0.5,New Zealand,Pakistan,SFM Devine,SW Bates,Diana Baig,4,0,,,,,,,,,
1122904,2017/18,2017-10-31,Sharjah Cricket Stadium,1,0.6,New Zealand,Pakistan,SFM Devine,SW Bates,Diana Baig,0,0,,,,,,,,,
1122904,2017/18,2017-10-31,Sharjah Cricket Stadium,1,1.1,New Zealand,Pakistan,SW Bates,SFM Devine,Sana Mir,0,0,,,,,,,,,
1122904,2017/18,2017-10-31,Sharjah Cricket Stadium,1,1.2,New Zealand,Pakistan,SW Bates,SFM Devine,Sana Mir,0,0,,,,,,,,,
1122904,2017/18,2017-10-31,Sharjah Cricket Stadium,1,1.3,New Zealand,Pakistan,SW Bates,SFM Devine,Sana Mir,1,0,,,,,,,,,
1122904,2017/18,2017-10-31,Sharjah Cricket Stadium,1,1.4,New Zealand,Pakistan,SFM Devine,SW Bates,Sana Mir,0,0,,,,,,,,,
1122904,2017/18,2017-10-31,Sharjah Cricket Stadium,1,1.5,New Zealand,Pakistan,SFM Devine,SW Bates,Sana Mir,1,0,,,,,,,,,
1122904,2017/18,2017-10-31,Sharjah Cricket Stadium,1,1.6,New Zealand,Pakistan,SW Bates,SFM Devine,Sana Mir,1,0,,,,,,,,,
1122904,2017/18,2017-10-31,Sharjah Cricket Stadium,1,2.1,New Zealand,Pakistan,SW Bates,SFM Devine,Diana Baig,0,0,,,,,,,,,
1122904,2017/18,2017-10-31,Sharjah Cricket Stadium,1,2.2,New Zealand,Pakistan,SW Bates,SFM Devine,Diana Baig,0,0,,,,,,,,,
1122904,2017/18,2017-10-31,Sharjah Cricket Stadium,1,2.3,New Zealand,Pakistan,SW Bates,SFM Devine,Diana Baig,4,0,,,,,,,,,
1122904,2017/18,2017-10-31,Sharjah Cricket Stadium,1,2.4,New Zealand,Pakistan,SW Bates,SFM Devine,Diana Baig,0,0,,,,,,,,,
1122904,2017/18,2017-10-31,Sharjah Cricket Stadium,1,2.5,New Zealand,Pakistan,SW Bates,SFM Devine,Diana Baig,4,0,,,,,,,,,
1122904,2017/18,2017-10-31,Sharjah Cricket Stadium,1,2.6,New Zealand,Pakistan,SW Bates,SFM Devine,Diana Baig,0,1,1,,,,,,,,
1122904,2017/18,2017-10-31,Sharjah Cricket Stadium,1,2.7,New Zealand,Pakistan,SW Bates,SFM Devine,Diana Baig,0,1,1,,,,,,,,
1122904,2017/18,2017-10-31,Sharjah Cricket Stadium,1,2.8,New Zealand,Pakistan,SW Bates,SFM Devine,Diana Baig,0,0,,,,,,,,,
1122904,2017/18,2017-10-31,Sharjah Cricket Stadium,1,3.1,New Zealand,Pakistan,SFM Devine,SW Bates,Sana Mir,4,0,,,,,,,,,
1122904,2017/18,2017-10-31,Sharjah Cricket Stadium,1,3.2,New Zealand,Pakistan,SFM Devine,SW Bates,Sana Mir,0,0,,,,,,,,,
1122904,2017/18,2017-10-31,Sharjah Cricket Stadium,1,3.3,New Zealand,Pakistan,SFM Devine,SW Bates,Sana Mir,1,0,,,,,,,,,
1122904,2017/18,2017-10-31,Sharjah Cricket Stadium,1,3.4,New Zealand,Pakistan,SW Bates,SFM Devine,Sana Mir,0,0,,,,,,,,,
1122904,2017/18,2017-10-31,Sharjah Cricket Stadium,1,3.5,New Zealand,Pakistan,SW Bates,SFM Devine,Sana Mir,1,0,,,,,,,,,
1122904,2017/18,2017-10-31,Sharjah Cricket Stadium,1,3.6,New Zealand,Pakistan,SFM Devine,SW Bates,Sana Mir,0,0,,,,,,,,,
1122904,2017/18,2017-10-31,Sharjah Cricket Stadium,1,4.1,New Zealand,Pakistan,SW Bates,SFM Devine,Diana Baig,0,0,,,,,,,,,
1122904,2017/18,2017-10-31,Sharjah Cricket Stadium,1,4.2,New Zealand,Pakistan,SW Bates,SFM Devine,Diana Baig,0,0,,,,,,,,,
1122904,2017/18,2017-10-31,Sharjah Cricket Stadium,1,4.3,New Zealand,Pakistan,SW Bates,SFM Devine,Diana Baig,0,0,,,,,,,,,
1122904,2017/18,2017-10-31,Sharjah Cricket Stadium,1,4.4,New Zealand,Pakistan,SW Bates,SFM Devine,Diana Baig,4,0,,,,,,,,,
1122904,2017/18,2017-10-31,Sharjah Cricket Stadium,1,4.5,New Zealand,Pakistan,SW Bates,SFM Devine,Diana Baig,1,0,,,,,,,,,
1122904,2017/18,2017-10-31,Sharjah Cricket Stadium,1,4.6,New Zealand,Pakistan,SFM Devine,SW Bates,Diana Baig,0,0,,,,,,,,,
1122904,2017/18,2017-10-31,Sharjah Cricket Stadium,1,5.1,New Zealand,Pakistan,SW Bates,SFM Devine,Sana Mir,0,0,,,,,,,,,
1122904,2017/18,2017-10-31,Sharjah Cricket Stadium,1,5.2,New Zealand,Pakistan,SW Bates,SFM Devine,Sana Mir,4,0,,,,,,,,,
1122904,2017/18,2017-10-31,Sharjah Cricket Stadium,1,5.3,New Zealand,Pakistan,SW Bates,SFM Devine,Sana Mir,1,0,,,,,,,,,
1122904,2017/18,2017-10-31,Sharjah Cricket Stadium,1,5.4,New Zealand,Pakistan,SFM Devine,SW Bates,Sana Mir,1,0,,,,,,,,,
1122904,2017/18,2017-10-31,Sharjah Cricket Stadium,1,5.5,New Zealand,Pakistan,SW Bates,SFM Devine,Sana Mir,0,0,,,,,,,,,
1122904,2017/18,2017-10-31,Sharjah Cricket Stadium,1,5.6,New Zealand,Pakistan,SW Bates,SFM Devine,Sana Mir,1,0,,,,,,,,,
1122904,2017/18,2017-10-31,Sharjah Cricket Stadium,1,6.1,New Zealand,Pakistan,SW Bates,SFM Devine,Diana Baig,1,0,,,,,,,,,
1122904,2017/18,2017-10-31,Sharjah Cricket Stadium,1,6.2,New Zealand,Pakistan,SFM Devine,SW Bates,Diana Baig,0,0,,,,,,,,,
1122904,2017/18,2017-10-31,Sharjah Cricket Stadium,1,6.3,New Zealand,Pakistan,SFM Devine,SW Bates,Diana Baig,0,0,,,,,,,,,
1122904,2017/18,2017-10-31,Sharjah Cricket Stadium,1,6.4,New Zealand,Pakistan,SFM Devine,SW Bates,Diana Baig,4,0,,,,,,,,,
1122904,2017/18,2017-10-31,Sharjah Cricket Stadium,1,6.5,New Zealand,Pakistan,SFM Devine,SW Bates,Diana Baig,0,0,,,,,,,,,
1122904,2017/18,2017-10-31,Sharjah Cricket Stadium,1,6.6,New Zealand,Pakistan,SFM Devine,SW Bates,Diana Baig,0,1,1,,,,,,,,
1122904,2017/18,2017-10-31,Sharjah Cricket Stadium,1,6.7,New Zealand,Pakistan,SFM Devine,SW Bates,Diana Baig,0,0,,,,,,,,,
1122904,2017/18,2017-10-31,Sharjah Cricket Stadium,1,7.1,New Zealand,Pakistan,SW Bates,SFM Devine,Sana Mir,0,0,,,,,,,,,
1122904,2017/18,2017-10-31,Sharjah Cricket Stadium,1,7.2,New Zealand,Pakistan,SW Bates,SFM Devine,Sana Mir,2,0,,,,,,,,,
1122904,2017/18,2017-10-31,Sharjah Cricket Stadium,1,7.3,New Zealand,Pakistan,SW Bates,SFM Devine,Sana Mir,1,0,,,,,,,,,
1122904,2017/18,2017-10-31,Sharjah Cricket Stadium,1,7.4,New Zealand,Pakistan,SFM Devine,SW Bates,Sana Mir,0,0,,,,,,,,,
1122904,2017/18,2017-10-31,Sharjah Cricket Stadium,1,7.5,New Zealand,Pakistan,SFM Devine,SW Bates,Sana Mir,0,0,,,,,,,,,
1122904,2017/18,2017-10-31,Sharjah Cricket Stadium,1,7.6,New Zealand,Pakistan,SFM Devine,SW Bates,Sana Mir,0,0,,,,,,,,,
1122904,2017/18,2017-10-31,Sharjah Cricket Stadium,1,8.1,New Zealand,Pakistan,SW Bates,SFM Devine,Diana Baig,0,0,,,,,,,,,
1122904,2017/18,2017-10-31,Sharjah Cricket Stadium,1,8.2,New Zealand,Pakistan,SW Bates,SFM Devine,Diana Baig,1,0,,,,,,,,,
1122904,2017/18,2017-10-31,Sharjah Cricket Stadium,1,8.3,New Zealand,Pakistan,SFM Devine,SW Bates,Diana Baig,0,0,,,,,,,,,
1122904,2017/18,2017-10-31,Sharjah Cricket Stadium,1,8.4,New Zealand,Pakistan,SFM Devine,SW Bates,Diana Baig,0,0,,,,,,,,,
1122904,2017/18,2017-10-31,Sharjah Cricket Stadium,1,8.5,New Zealand,Pakistan,SFM Devine,SW Bates,Diana Baig,4,0,,,,,,,,,
1122904,2017/18,2017-10-31,Sharjah Cricket Stadium,1,8.6,New Zealand,Pakistan,SFM Devine,SW Bates,Diana Baig,0,0,,,,,,,,,
1122904,2017/18,2017-10-31,Sharjah Cricket Stadium,1,9.1,New Zealand,Pakistan,SW Bates,SFM Devine,Nashra Sandhu,4,0,,,,,,,,,
1122904,2017/18,2017-10-31,Sharjah Cricket Stadium,1,9.2,New Zealand,Pakistan,SW Bates,SFM Devine,Nashra Sandhu,1,0,,,,,,,,,
1122904,2017/18,2017-10-31,Sharjah Cricket Stadium,1,9.3,New Zealand,Pakistan,SFM Devine,SW Bates,Nashra Sandhu,0,0,,,,,,,,,
1122904,2017/18,2017-10-31,Sharjah Cricket Stadium,1,9.4,New Zealand,Pakistan,SFM Devine,SW Bates,Nashra Sandhu,1,0,,,,,,,,,
1122904,2017/18,2017-10-31,Sharjah Cricket Stadium,1,9.5,New Zealand,Pakistan,SW Bates,SFM Devine,Nashra Sandhu,0,0,,,,,,,,,
1122904,2017/18,2017-10-31,Sharjah Cricket Stadium,1,9.6,New Zealand,Pakistan,SW Bates,SFM Devine,Nashra Sandhu,0,0,,,,,,,,,
1122904,2017/18,2017-10-31,Sharjah Cricket Stadium,1,10.1,New Zealand,Pakistan,SFM Devine,SW Bates,Sadia Yousuf,1,0,,,,,,,,,
1122904,2017/18,2017-10-31,Sharjah Cricket Stadium,1,10.2,New Zealand,Pakistan,SW Bates,SFM Devine,Sadia Yousuf,1,0,,,,,,,,,
1122904,2017/18,2017-10-31,Sharjah Cricket Stadium,1,10.3,New Zealand,Pakistan,SFM Devine,SW Bates,Sadia Yousuf,0,0,,,,,,,,,
1122904,2017/18,2017-10-31,Sharjah Cricket Stadium,1,10.4,New Zealand,Pakistan,SFM Devine,SW Bates,Sadia Yousuf,0,0,,,,,,,,,
1122904,2017/18,2017-10-31,Sharjah Cricket Stadium,1,10.5,New Zealand,Pakistan,SFM Devine,SW Bates,Sadia Yousuf,1,0,,,,,,,,,
1122904,2017/18,2017-10-31,Sharjah Cricket Stadium,1,10.6,New Zealand,Pakistan,SW Bates,SFM Devine,Sadia Yousuf,0,0,,,,,,,,,
1122904,2017/18,2017-10-31,Sharjah Cricket Stadium,1,11.1,New Zealand,Pakistan,SFM Devine,SW Bates,Nashra Sandhu,0,1,1,,,,,,,,
1122904,2017/18,2017-10-31,Sharjah Cricket Stadium,1,11.2,New Zealand,Pakistan,SFM Devine,SW Bates,Nashra Sandhu,0,0,,,,,,,,,
1122904,2017/18,2017-10-31,Sharjah Cricket Stadium,1,11.3,New Zealand,Pakistan,SFM Devine,SW Bates,Nashra Sandhu,1,0,,,,,,,,,
1122904,2017/18,2017-10-31,Sharjah Cricket Stadium,1,11.4,New Zealand,Pakistan,SW Bates,SFM Devine,Nashra Sandhu,0,0,,,,,,,,,
1122904,2017/18,2017-10-31,Sharjah Cricket Stadium,1,11.5,New Zealand,Pakistan,SW Bates,SFM Devine,Nashra Sandhu,1,0,,,,,,,,,
1122904,2017/18,2017-10-31,Sharjah Cricket Stadium,1,11.6,New Zealand,Pakistan,SFM Devine,SW Bates,Nashra Sandhu,1,0,,,,,,,,,
1122904,2017/18,2017-10-31,Sharjah Cricket Stadium,1,11.7,New Zealand,Pakistan,SW Bates,SFM Devine,Nashra Sandhu,1,0,,,,,,,,,
1122904,2017/18,2017-10-31,Sharjah Cricket Stadium,1,12.1,New Zealand,Pakistan,SW Bates,SFM Devine,Sadia Yousuf,1,0,,,,,,,,,
1122904,2017/18,2017-10-31,Sharjah Cricket Stadium,1,12.2,New Zealand,Pakistan,SFM Devine,SW Bates,Sadia Yousuf,1,0,,,,,,,,,
1122904,2017/18,2017-10-31,Sharjah Cricket Stadium,1,12.3,New Zealand,Pakistan,SW Bates,SFM Devine,Sadia Yousuf,0,0,,,,,,caught,SW Bates,,
1122904,2017/18,2017-10-31,Sharjah Cricket Stadium,1,12.4,New Zealand,Pakistan,AE Satterthwaite,SFM Devine,Sadia Yousuf,0,0,,,,,,,,,
1122904,2017/18,2017-10-31,Sharjah Cricket Stadium,1,12.5,New Zealand,Pakistan,AE Satterthwaite,SFM Devine,Sadia Yousuf,0,0,,,,,,,,,
1122904,2017/18,2017-10-31,Sharjah Cricket Stadium,1,12.6,New Zealand,Pakistan,AE Satterthwaite,SFM Devine,Sadia Yousuf,0,0,,,,,,,,,
1122904,2017/18,2017-10-31,Sharjah Cricket Stadium,1,13.1,New Zealand,Pakistan,SFM Devine,AE Satterthwaite,Nashra Sandhu,1,0,,,,,,,,,
1122904,2017/18,2017-10-31,Sharjah Cricket Stadium,1,13.2,New Zealand,Pakistan,AE Satterthwaite,SFM Devine,Nashra Sandhu,0,0,,,,,,,,,
1122904,2017/18,2017-10-31,Sharjah Cricket Stadium,1,13.3,New Zealand,Pakistan,AE Satterthwaite,SFM Devine,Nashra Sandhu,0,0,,,,,,,,,
1122904,2017/18,2017-10-31,Sharjah Cricket Stadium,1,13.4,New Zealand,Pakistan,AE Satterthwaite,SFM Devine,Nashra Sandhu,0,0,,,,,,,,,
1122904,2017/18,2017-10-31,Sharjah Cricket Stadium,1,13.5,New Zealand,Pakistan,AE Satterthwaite,SFM Devine,Nashra Sandhu,0,0,,,,,,,,,
1122904,2017/18,2017-10-31,Sharjah Cricket Stadium,1,13.6,New Zealand,Pakistan,AE Satterthwaite,SFM Devine,Nashra Sandhu,1,0,,,,,,,,,
1122904,2017/18,2017-10-31,Sharjah Cricket Stadium,1,14.1,New Zealand,Pakistan,AE Satterthwaite,SFM Devine,Sadia Yousuf,0,0,,,,,,,,,
1122904,2017/18,2017-10-31,Sharjah Cricket Stadium,1,14.2,New Zealand,Pakistan,AE Satterthwaite,SFM Devine,Sadia Yousuf,1,0,,,,,,,,,
1122904,2017/18,2017-10-31,Sharjah Cricket Stadium,1,14.3,New Zealand,Pakistan,SFM Devine,AE Satterthwaite,Sadia Yousuf,1,0,,,,,,,,,
1122904,2017/18,2017-10-31,Sharjah Cricket Stadium,1,14.4,New Zealand,Pakistan,AE Satterthwaite,SFM Devine,Sadia Yousuf,0,0,,,,,,,,,
1122904,2017/18,2017-10-31,Sharjah Cricket Stadium,1,14.5,New Zealand,Pakistan,AE Satterthwaite,SFM Devine,Sadia Yousuf,1,0,,,,,,,,,
1122904,2017/18,2017-10-31,Sharjah Cricket Stadium,1,14.6,New Zealand,Pakistan,SFM Devine,AE Satterthwaite,Sadia Yousuf,1,0,,,,,,,,,
1122904,2017/18,2017-10-31,Sharjah Cricket Stadium,1,15.1,New Zealand,Pakistan,SFM Devine,AE Satterthwaite,Nashra Sandhu,1,0,,,,,,,,,
1122904,2017/18,2017-10-31,Sharjah Cricket Stadium,1,15.2,New Zealand,Pakistan,AE Satterthwaite,SFM Devine,Nashra Sandhu,0,4,4,,,,,,,,
1122904,2017/18,2017-10-31,Sharjah Cricket Stadium,1,15.3,New Zealand,Pakistan,SFM Devine,AE Satterthwaite,Nashra Sandhu,1,0,,,,,,,,,
1122904,2017/18,2017-10-31,Sharjah Cricket Stadium,1,15.4,New Zealand,Pakistan,AE Satterthwaite,SFM Devine,Nashra Sandhu,0,0,,,,,,,,,
1122904,2017/18,2017-10-31,Sharjah Cricket Stadium,1,15.5,New Zealand,Pakistan,AE Satterthwaite,SFM Devine,Nashra Sandhu,0,0,,,,,,,,,
1122904,2017/18,2017-10-31,Sharjah Cricket Stadium,1,15.6,New Zealand,Pakistan,AE Satterthwaite,SFM Devine,Nashra Sandhu,1,0,,,,,,,,,
1122904,2017/18,2017-10-31,Sharjah Cricket Stadium,1,15.7,New Zealand,Pakistan,SFM Devine,AE Satterthwaite,Nashra Sandhu,0,0,,,,,,,,,
1122904,2017/18,2017-10-31,Sharjah Cricket Stadium,1,16.1,New Zealand,Pakistan,AE Satterthwaite,SFM Devine,Sadia Yousuf,0,0,,,,,,,,,
1122904,2017/18,2017-10-31,Sharjah Cricket Stadium,1,16.2,New Zealand,Pakistan,AE Satterthwaite,SFM Devine,Sadia Yousuf,0,0,,,,,,,,,
1122904,2017/18,2017-10-31,Sharjah Cricket Stadium,1,16.3,New Zealand,Pakistan,AE Satterthwaite,SFM Devine,Sadia Yousuf,1,0,,,,,,,,,
1122904,2017/18,2017-10-31,Sharjah Cricket Stadium,1,16.4,New Zealand,Pakistan,SFM Devine,AE Satterthwaite,Sadia Yousuf,4,0,,,,,,,,,
1122904,2017/18,2017-10-31,Sharjah Cricket Stadium,1,16.5,New Zealand,Pakistan,SFM Devine,AE Satterthwaite,Sadia Yousuf,0,1,,,,1,,,,,
1122904,2017/18,2017-10-31,Sharjah Cricket Stadium,1,16.6,New Zealand,Pakistan,AE Satterthwaite,SFM Devine,Sadia Yousuf,0,0,,,,,,,,,
1122904,2017/18,2017-10-31,Sharjah Cricket Stadium,1,17.1,New Zealand,Pakistan,SFM Devine,AE Satterthwaite,Javeria Khan,0,0,,,,,,,,,
1122904,2017/18,2017-10-31,Sharjah Cricket Stadium,1,17.2,New Zealand,Pakistan,SFM Devine,AE Satterthwaite,Javeria Khan,2,0,,,,,,,,,
1122904,2017/18,2017-10-31,Sharjah Cricket Stadium,1,17.3,New Zealand,Pakistan,SFM Devine,AE Satterthwaite,Javeria Khan,0,0,,,,,,,,,
1122904,2017/18,2017-10-31,Sharjah Cricket Stadium,1,17.4,New Zealand,Pakistan,SFM Devine,AE Satterthwaite,Javeria Khan,1,0,,,,,,,,,
1122904,2017/18,2017-10-31,Sharjah Cricket Stadium,1,17.5,New Zealand,Pakistan,AE Satterthwaite,SFM Devine,Javeria Khan,0,0,,,,,,,,,
1122904,2017/18,2017-10-31,Sharjah Cricket Stadium,1,17.6,New Zealand,Pakistan,AE Satterthwaite,SFM Devine,Javeria Khan,2,0,,,,,,,,,
1122904,2017/18,2017-10-31,Sharjah Cricket Stadium,1,18.1,New Zealand,Pakistan,SFM Devine,AE Satterthwaite,Sadia Yousuf,0,0,,,,,,,,,
1122904,2017/18,2017-10-31,Sharjah Cricket Stadium,1,18.2,New Zealand,Pakistan,SFM Devine,AE Satterthwaite,Sadia Yousuf,0,0,,,,,,,,,
1122904,2017/18,2017-10-31,Sharjah Cricket Stadium,1,18.3,New Zealand,Pakistan,SFM Devine,AE Satterthwaite,Sadia Yousuf,1,0,,,,,,,,,
1122904,2017/18,2017-10-31,Sharjah Cricket Stadium,1,18.4,New Zealand,Pakistan,AE Satterthwaite,SFM Devine,Sadia Yousuf,0,0,,,,,,,,,
1122904,2017/18,2017-10-31,Sharjah Cricket Stadium,1,18.5,New Zealand,Pakistan,AE Satterthwaite,SFM Devine,Sadia Yousuf,1,0,,,,,,,,,
1122904,2017/18,2017-10-31,Sharjah Cricket Stadium,1,18.6,New Zealand,Pakistan,SFM Devine,AE Satterthwaite,Sadia Yousuf,3,0,,,,,,,,,
1122904,2017/18,2017-10-31,Sharjah Cricket Stadium,1,19.1,New Zealand,Pakistan,SFM Devine,AE Satterthwaite,Javeria Khan,1,0,,,,,,,,,
1122904,2017/18,2017-10-31,Sharjah Cricket Stadium,1,19.2,New Zealand,Pakistan,AE Satterthwaite,SFM Devine,Javeria Khan,0,0,,,,,,,,,
1122904,2017/18,2017-10-31,Sharjah Cricket Stadium,1,19.3,New Zealand,Pakistan,AE Satterthwaite,SFM Devine,Javeria Khan,4,0,,,,,,,,,
1122904,2017/18,2017-10-31,Sharjah Cricket Stadium,1,19.4,New Zealand,Pakistan,AE Satterthwaite,SFM Devine,Javeria Khan,1,0,,,,,,,,,
1122904,2017/18,2017-10-31,Sharjah Cricket Stadium,1,19.5,New Zealand,Pakistan,SFM Devine,AE Satterthwaite,Javeria Khan,2,0,,,,,,,,,
1122904,2017/18,2017-10-31,Sharjah Cricket Stadium,1,19.6,New Zealand,Pakistan,SFM Devine,AE Satterthwaite,Javeria Khan,1,0,,,,,,,,,
1122904,2017/18,2017-10-31,Sharjah Cricket Stadium,1,20.1,New Zealand,Pakistan,SFM Devine,AE Satterthwaite,Sadia Yousuf,0,0,,,,,,,,,
1122904,2017/18,2017-10-31,Sharjah Cricket Stadium,1,20.2,New Zealand,Pakistan,SFM Devine,AE Satterthwaite,Sadia Yousuf,1,0,,,,,,,,,
1122904,2017/18,2017-10-31,Sharjah Cricket Stadium,1,20.3,New Zealand,Pakistan,AE Satterthwaite,SFM Devine,Sadia Yousuf,1,0,,,,,,,,,
1122904,2017/18,2017-10-31,Sharjah Cricket Stadium,1,20.4,New Zealand,Pakistan,SFM Devine,AE Satterthwaite,Sadia Yousuf,0,0,,,,,,,,,
1122904,2017/18,2017-10-31,Sharjah Cricket Stadium,1,20.5,New Zealand,Pakistan,SFM Devine,AE Satterthwaite,Sadia Yousuf,2,0,,,,,,,,,
1122904,2017/18,2017-10-31,Sharjah Cricket Stadium,1,20.6,New Zealand,Pakistan,SFM Devine,AE Satterthwaite,Sadia Yousuf,0,1,1,,,,,,,,
1122904,2017/18,2017-10-31,Sharjah Cricket Stadium,1,20.7,New Zealand,Pakistan,SFM Devine,AE Satterthwaite,Sadia Yousuf,2,0,,,,,,,,,
1122904,2017/18,2017-10-31,Sharjah Cricket Stadium,1,21.1,New Zealand,Pakistan,AE Satterthwaite,SFM Devine,Javeria Khan,0,0,,,,,,,,,
1122904,2017/18,2017-10-31,Sharjah Cricket Stadium,1,21.2,New Zealand,Pakistan,AE Satterthwaite,SFM Devine,Javeria Khan,1,0,,,,,,,,,
1122904,2017/18,2017-10-31,Sharjah Cricket Stadium,1,21.3,New Zealand,Pakistan,SFM Devine,AE Satterthwaite,Javeria Khan,1,0,,,,,,,,,
1122904,2017/18,2017-10-31,Sharjah Cricket Stadium,1,21.4,New Zealand,Pakistan,AE Satterthwaite,SFM Devine,Javeria Khan,1,0,,,,,,,,,
1122904,2017/18,2017-10-31,Sharjah Cricket Stadium,1,21.5,New Zealand,Pakistan,SFM Devine,AE Satterthwaite,Javeria Khan,1,0,,,,,,,,,
1122904,2017/18,2017-10-31,Sharjah Cricket Stadium,1,21.6,New Zealand,Pakistan,AE Satterthwaite,SFM Devine,Javeria Khan,0,0,,,,,,,,,
1122904,2017/18,2017-10-31,Sharjah Cricket Stadium,1,22.1,New Zealand,Pakistan,SFM Devine,AE Satterthwaite,Sana Mir,0,0,,,,,,,,,
1122904,2017/18,2017-10-31,Sharjah Cricket Stadium,1,22.2,New Zealand,Pakistan,SFM Devine,AE Satterthwaite,Sana Mir,0,0,,,,,,,,,
1122904,2017/18,2017-10-31,Sharjah Cricket Stadium,1,22.3,New Zealand,Pakistan,SFM Devine,AE Satterthwaite,Sana Mir,0,0,,,,,,,,,
1122904,2017/18,2017-10-31,Sharjah Cricket Stadium,1,22.4,New Zealand,Pakistan,SFM Devine,AE Satterthwaite,Sana Mir,0,0,,,,,,,,,
1122904,2017/18,2017-10-31,Sharjah Cricket Stadium,1,22.5,New Zealand,Pakistan,SFM Devine,AE Satterthwaite,Sana Mir,0,0,,,,,,,,,
1122904,2017/18,2017-10-31,Sharjah Cricket Stadium,1,22.6,New Zealand,Pakistan,SFM Devine,AE Satterthwaite,Sana Mir,1,0,,,,,,,,,
1122904,2017/18,2017-10-31,Sharjah Cricket Stadium,1,23.1,New Zealand,Pakistan,SFM Devine,AE Satterthwaite,Javeria Khan,1,0,,,,,,,,,
1122904,2017/18,2017-10-31,Sharjah Cricket Stadium,1,23.2,New Zealand,Pakistan,AE Satterthwaite,SFM Devine,Javeria Khan,0,1,1,,,,,,,,
1122904,2017/18,2017-10-31,Sharjah Cricket Stadium,1,23.3,New Zealand,Pakistan,AE Satterthwaite,SFM Devine,Javeria Khan,0,0,,,,,,,,,
1122904,2017/18,2017-10-31,Sharjah Cricket Stadium,1,23.4,New Zealand,Pakistan,AE Satterthwaite,SFM Devine,Javeria Khan,4,0,,,,,,,,,
1122904,2017/18,2017-10-31,Sharjah Cricket Stadium,1,23.5,New Zealand,Pakistan,AE Satterthwaite,SFM Devine,Javeria Khan,0,0,,,,,,caught,AE Satterthwaite,,
1122904,2017/18,2017-10-31,Sharjah Cricket Stadium,1,23.6,New Zealand,Pakistan,KJ Martin,SFM Devine,Javeria Khan,1,0,,,,,,,,,
1122904,2017/18,2017-10-31,Sharjah Cricket Stadium,1,23.7,New Zealand,Pakistan,SFM Devine,KJ Martin,Javeria Khan,4,0,,,,,,,,,
1122904,2017/18,2017-10-31,Sharjah Cricket Stadium,1,24.1,New Zealand,Pakistan,KJ Martin,SFM Devine,Sana Mir,0,0,,,,,,,,,
1122904,2017/18,2017-10-31,Sharjah Cricket Stadium,1,24.2,New Zealand,Pakistan,KJ Martin,SFM Devine,Sana Mir,0,0,,,,,,,,,
1122904,2017/18,2017-10-31,Sharjah Cricket Stadium,1,24.3,New Zealand,Pakistan,KJ Martin,SFM Devine,Sana Mir,0,0,,,,,,,,,
1122904,2017/18,2017-10-31,Sharjah Cricket Stadium,1,24.4,New Zealand,Pakistan,KJ Martin,SFM Devine,Sana Mir,0,0,,,,,,lbw,KJ Martin,,
1122904,2017/18,2017-10-31,Sharjah Cricket Stadium,1,24.5,New Zealand,Pakistan,ML Green,SFM Devine,Sana Mir,0,0,,,,,,,,,
1122904,2017/18,2017-10-31,Sharjah Cricket Stadium,1,24.6,New Zealand,Pakistan,ML Green,SFM Devine,Sana Mir,0,0,,,,,,,,,
1122904,2017/18,2017-10-31,Sharjah Cricket Stadium,1,25.1,New Zealand,Pakistan,SFM Devine,ML Green,Bismah Maroof,0,0,,,,,,,,,
1122904,2017/18,2017-10-31,Sharjah Cricket Stadium,1,25.2,New Zealand,Pakistan,SFM Devine,ML Green,Bismah Maroof,1,0,,,,,,,,,
1122904,2017/18,2017-10-31,Sharjah Cricket Stadium,1,25.3,New Zealand,Pakistan,ML Green,SFM Devine,Bismah Maroof,0,0,,,,,,,,,
1122904,2017/18,2017-10-31,Sharjah Cricket Stadium,1,25.4,New Zealand,Pakistan,ML Green,SFM Devine,Bismah Maroof,0,0,,,,,,,,,
1122904,2017/18,2017-10-31,Sharjah Cricket Stadium,1,25.5,New Zealand,Pakistan,ML Green,SFM Devine,Bismah Maroof,0,0,,,,,,,,,
1122904,2017/18,2017-10-31,Sharjah Cricket Stadium,1,25.6,New Zealand,Pakistan,ML Green,SFM Devine,Bismah Maroof,0,0,,,,,,,,,
1122904,2017/18,2017-10-31,Sharjah Cricket Stadium,1,26.1,New Zealand,Pakistan,SFM Devine,ML Green,Nashra Sandhu,0,0,,,,,,,,,
1122904,2017/18,2017-10-31,Sharjah Cricket Stadium,1,26.2,New Zealand,Pakistan,SFM Devine,ML Green,Nashra Sandhu,1,0,,,,,,,,,
1122904,2017/18,2017-10-31,Sharjah Cricket Stadium,1,26.3,New Zealand,Pakistan,ML Green,SFM Devine,Nashra Sandhu,0,0,,,,,,,,,
1122904,2017/18,2017-10-31,Sharjah Cricket Stadium,1,26.4,New Zealand,Pakistan,ML Green,SFM Devine,Nashra Sandhu,0,0,,,,,,,,,
1122904,2017/18,2017-10-31,Sharjah Cricket Stadium,1,26.5,New Zealand,Pakistan,ML Green,SFM Devine,Nashra Sandhu,0,0,,,,,,,,,
1122904,2017/18,2017-10-31,Sharjah Cricket Stadium,1,26.6,New Zealand,Pakistan,ML Green,SFM Devine,Nashra Sandhu,1,0,,,,,,,,,
1122904,2017/18,2017-10-31,Sharjah Cricket Stadium,1,27.1,New Zealand,Pakistan,ML Green,SFM Devine,Bismah Maroof,1,0,,,,,,,,,
1122904,2017/18,2017-10-31,Sharjah Cricket Stadium,1,27.2,New Zealand,Pakistan,SFM Devine,ML Green,Bismah Maroof,1,0,,,,,,,,,
1122904,2017/18,2017-10-31,Sharjah Cricket Stadium,1,27.3,New Zealand,Pakistan,ML Green,SFM Devine,Bismah Maroof,0,0,,,,,,,,,
1122904,2017/18,2017-10-31,Sharjah Cricket Stadium,1,27.4,New Zealand,Pakistan,ML Green,SFM Devine,Bismah Maroof,0,0,,,,,,,,,
1122904,2017/18,2017-10-31,Sharjah Cricket Stadium,1,27.5,New Zealand,Pakistan,ML Green,SFM Devine,Bismah Maroof,0,0,,,,,,,,,
1122904,2017/18,2017-10-31,Sharjah Cricket Stadium,1,27.6,New Zealand,Pakistan,ML Green,SFM Devine,Bismah Maroof,1,0,,,,,,,,,
1122904,2017/18,2017-10-31,Sharjah Cricket Stadium,1,28.1,New Zealand,Pakistan,ML Green,SFM Devine,Nashra Sandhu,0,0,,,,,,,,,
1122904,2017/18,2017-10-31,Sharjah Cricket Stadium,1,28.2,New Zealand,Pakistan,ML Green,SFM Devine,Nashra Sandhu,4,0,,,,,,,,,
1122904,2017/18,2017-10-31,Sharjah Cricket Stadium,1,28.3,New Zealand,Pakistan,ML Green,SFM Devine,Nashra Sandhu,0,0,,,,,,,,,
1122904,2017/18,2017-10-31,Sharjah Cricket Stadium,1,28.4,New Zealand,Pakistan,ML Green,SFM Devine,Nashra Sandhu,0,0,,,,,,,,,
1122904,2017/18,2017-10-31,Sharjah Cricket Stadium,1,28.5,New Zealand,Pakistan,ML Green,SFM Devine,Nashra Sandhu,0,0,,,,,,,,,
1122904,2017/18,2017-10-31,Sharjah Cricket Stadium,1,28.6,New Zealand,Pakistan,ML Green,SFM Devine,Nashra Sandhu,0,0,,,,,,,,,
1122904,2017/18,2017-10-31,Sharjah Cricket Stadium,1,29.1,New Zealand,Pakistan,SFM Devine,ML Green,Bismah Maroof,1,0,,,,,,,,,
1122904,2017/18,2017-10-31,Sharjah Cricket Stadium,1,29.2,New Zealand,Pakistan,ML Green,SFM Devine,Bismah Maroof,6,0,,,,,,,,,
1122904,2017/18,2017-10-31,Sharjah Cricket Stadium,1,29.3,New Zealand,Pakistan,ML Green,SFM Devine,Bismah Maroof,1,0,,,,,,,,,
1122904,2017/18,2017-10-31,Sharjah Cricket Stadium,1,29.4,New Zealand,Pakistan,SFM Devine,ML Green,Bismah Maroof,1,0,,,,,,,,,
1122904,2017/18,2017-10-31,Sharjah Cricket Stadium,1,29.5,New Zealand,Pakistan,ML Green,SFM Devine,Bismah Maroof,0,0,,,,,,,,,
1122904,2017/18,2017-10-31,Sharjah Cricket Stadium,1,29.6,New Zealand,Pakistan,ML Green,SFM Devine,Bismah Maroof,0,0,,,,,,,,,
1122904,2017/18,2017-10-31,Sharjah Cricket Stadium,1,30.1,New Zealand,Pakistan,SFM Devine,ML Green,Nashra Sandhu,0,0,,,,,,,,,
1122904,2017/18,2017-10-31,Sharjah Cricket Stadium,1,30.2,New Zealand,Pakistan,SFM Devine,ML Green,Nashra Sandhu,1,0,,,,,,,,,
1122904,2017/18,2017-10-31,Sharjah Cricket Stadium,1,30.3,New Zealand,Pakistan,ML Green,SFM Devine,Nashra Sandhu,2,0,,,,,,,,,
1122904,2017/18,2017-10-31,Sharjah Cricket Stadium,1,30.4,New Zealand,Pakistan,ML Green,SFM Devine,Nashra Sandhu,1,0,,,,,,,,,
1122904,2017/18,2017-10-31,Sharjah Cricket Stadium,1,30.5,New Zealand,Pakistan,SFM Devine,ML Green,Nashra Sandhu,0,0,,,,,,,,,
1122904,2017/18,2017-10-31,Sharjah Cricket Stadium,1,30.6,New Zealand,Pakistan,SFM Devine,ML Green,Nashra Sandhu,0,0,,,,,,,,,
1122904,2017/18,2017-10-31,Sharjah Cricket Stadium,1,31.1,New Zealand,Pakistan,ML Green,SFM Devine,Bismah Maroof,0,0,,,,,,,,,
1122904,2017/18,2017-10-31,Sharjah Cricket Stadium,1,31.2,New Zealand,Pakistan,ML Green,SFM Devine,Bismah Maroof,0,0,,,,,,,,,
1122904,2017/18,2017-10-31,Sharjah Cricket Stadium,1,31.3,New Zealand,Pakistan,ML Green,SFM Devine,Bismah Maroof,1,0,,,,,,,,,
1122904,2017/18,2017-10-31,Sharjah Cricket Stadium,1,31.4,New Zealand,Pakistan,SFM Devine,ML Green,Bismah Maroof,4,0,,,,,,,,,
1122904,2017/18,2017-10-31,Sharjah Cricket Stadium,1,31.5,New Zealand,Pakistan,SFM Devine,ML Green,Bismah Maroof,1,0,,,,,,,,,
1122904,2017/18,2017-10-31,Sharjah Cricket Stadium,1,31.6,New Zealand,Pakistan,ML Green,SFM Devine,Bismah Maroof,0,0,,,,,,,,,
1122904,2017/18,2017-10-31,Sharjah Cricket Stadium,1,32.1,New Zealand,Pakistan,SFM Devine,ML Green,Diana Baig,0,0,,,,,,,,,
1122904,2017/18,2017-10-31,Sharjah Cricket Stadium,1,32.2,New Zealand,Pakistan,SFM Devine,ML Green,Diana Baig,4,0,,,,,,,,,
1122904,2017/18,2017-10-31,Sharjah Cricket Stadium,1,32.3,New Zealand,Pakistan,SFM Devine,ML Green,Diana Baig,1,0,,,,,,,,,
1122904,2017/18,2017-10-31,Sharjah Cricket Stadium,1,32.4,New Zealand,Pakistan,ML Green,SFM Devine,Diana Baig,0,0,,,,,,,,,
1122904,2017/18,2017-10-31,Sharjah Cricket Stadium,1,32.5,New Zealand,Pakistan,ML Green,SFM Devine,Diana Baig,3,0,,,,,,,,,
1122904,2017/18,2017-10-31,Sharjah Cricket Stadium,1,32.6,New Zealand,Pakistan,SFM Devine,ML Green,Diana Baig,4,0,,,,,,,,,
1122904,2017/18,2017-10-31,Sharjah Cricket Stadium,1,33.1,New Zealand,Pakistan,ML Green,SFM Devine,Bismah Maroof,0,0,,,,,,,,,
1122904,2017/18,2017-10-31,Sharjah Cricket Stadium,1,33.2,New Zealand,Pakistan,ML Green,SFM Devine,Bismah Maroof,1,0,,,,,,,,,
1122904,2017/18,2017-10-31,Sharjah Cricket Stadium,1,33.3,New Zealand,Pakistan,SFM Devine,ML Green,Bismah Maroof,1,0,,,,,,,,,
1122904,2017/18,2017-10-31,Sharjah Cricket Stadium,1,33.4,New Zealand,Pakistan,ML Green,SFM Devine,Bismah Maroof,0,0,,,,,,caught,ML Green,,
1122904,2017/18,2017-10-31,Sharjah Cricket Stadium,1,33.5,New Zealand,Pakistan,KT Perkins,SFM Devine,Bismah Maroof,0,0,,,,,,,,,
1122904,2017/18,2017-10-31,Sharjah Cricket Stadium,1,33.6,New Zealand,Pakistan,KT Perkins,SFM Devine,Bismah Maroof,0,0,,,,,,,,,
1122904,2017/18,2017-10-31,Sharjah Cricket Stadium,1,34.1,New Zealand,Pakistan,SFM Devine,KT Perkins,Diana Baig,0,0,,,,,,,,,
1122904,2017/18,2017-10-31,Sharjah Cricket Stadium,1,34.2,New Zealand,Pakistan,SFM Devine,KT Perkins,Diana Baig,0,0,,,,,,,,,
1122904,2017/18,2017-10-31,Sharjah Cricket Stadium,1,34.3,New Zealand,Pakistan,SFM Devine,KT Perkins,Diana Baig,0,0,,,,,,,,,
1122904,2017/18,2017-10-31,Sharjah Cricket Stadium,1,34.4,New Zealand,Pakistan,SFM Devine,KT Perkins,Diana Baig,1,0,,,,,,,,,
1122904,2017/18,2017-10-31,Sharjah Cricket Stadium,1,34.5,New Zealand,Pakistan,KT Perkins,SFM Devine,Diana Baig,0,0,,,,,,,,,
1122904,2017/18,2017-10-31,Sharjah Cricket Stadium,1,34.6,New Zealand,Pakistan,KT Perkins,SFM Devine,Diana Baig,1,0,,,,,,,,,
1122904,2017/18,2017-10-31,Sharjah Cricket Stadium,1,35.1,New Zealand,Pakistan,KT Perkins,SFM Devine,Sana Mir,1,0,,,,,,,,,
1122904,2017/18,2017-10-31,Sharjah Cricket Stadium,1,35.2,New Zealand,Pakistan,SFM Devine,KT Perkins,Sana Mir,1,0,,,,,,,,,
1122904,2017/18,2017-10-31,Sharjah Cricket Stadium,1,35.3,New Zealand,Pakistan,KT Perkins,SFM Devine,Sana Mir,0,0,,,,,,,,,
1122904,2017/18,2017-10-31,Sharjah Cricket Stadium,1,35.4,New Zealand,Pakistan,KT Perkins,SFM Devine,Sana Mir,1,0,,,,,,,,,
1122904,2017/18,2017-10-31,Sharjah Cricket Stadium,1,35.5,New Zealand,Pakistan,SFM Devine,KT Perkins,Sana Mir,0,0,,,,,,,,,
1122904,2017/18,2017-10-31,Sharjah Cricket Stadium,1,35.6,New Zealand,Pakistan,SFM Devine,KT Perkins,Sana Mir,1,0,,,,,,,,,
1122904,2017/18,2017-10-31,Sharjah Cricket Stadium,1,36.1,New Zealand,Pakistan,SFM Devine,KT Perkins,Sadia Yousuf,0,0,,,,,,,,,
1122904,2017/18,2017-10-31,Sharjah Cricket Stadium,1,36.2,New Zealand,Pakistan,SFM Devine,KT Perkins,Sadia Yousuf,0,0,,,,,,,,,
1122904,2017/18,2017-10-31,Sharjah Cricket Stadium,1,36.3,New Zealand,Pakistan,SFM Devine,KT Perkins,Sadia Yousuf,2,0,,,,,,,,,
1122904,2017/18,2017-10-31,Sharjah Cricket Stadium,1,36.4,New Zealand,Pakistan,SFM Devine,KT Perkins,Sadia Yousuf,1,0,,,,,,,,,
1122904,2017/18,2017-10-31,Sharjah Cricket Stadium,1,36.5,New Zealand,Pakistan,KT Perkins,SFM Devine,Sadia Yousuf,0,0,,,,,,,,,
1122904,2017/18,2017-10-31,Sharjah Cricket Stadium,1,36.6,New Zealand,Pakistan,KT Perkins,SFM Devine,Sadia Yousuf,0,0,,,,,,,,,
1122904,2017/18,2017-10-31,Sharjah Cricket Stadium,1,37.1,New Zealand,Pakistan,SFM Devine,KT Perkins,Sana Mir,2,0,,,,,,,,,
1122904,2017/18,2017-10-31,Sharjah Cricket Stadium,1,37.2,New Zealand,Pakistan,SFM Devine,KT Perkins,Sana Mir,1,0,,,,,,,,,
1122904,2017/18,2017-10-31,Sharjah Cricket Stadium,1,37.3,New Zealand,Pakistan,KT Perkins,SFM Devine,Sana Mir,0,0,,,,,,bowled,KT Perkins,,
1122904,2017/18,2017-10-31,Sharjah Cricket Stadium,1,37.4,New Zealand,Pakistan,AC Kerr,SFM Devine,Sana Mir,0,0,,,,,,,,,
1122904,2017/18,2017-10-31,Sharjah Cricket Stadium,1,37.5,New Zealand,Pakistan,AC Kerr,SFM Devine,Sana Mir,1,0,,,,,,,,,
1122904,2017/18,2017-10-31,Sharjah Cricket Stadium,1,37.6,New Zealand,Pakistan,SFM Devine,AC Kerr,Sana Mir,0,0,,,,,,,,,
1122904,2017/18,2017-10-31,Sharjah Cricket Stadium,1,38.1,New Zealand,Pakistan,AC Kerr,SFM Devine,Sadia Yousuf,0,0,,,,,,,,,
1122904,2017/18,2017-10-31,Sharjah Cricket Stadium,1,38.2,New Zealand,Pakistan,AC Kerr,SFM Devine,Sadia Yousuf,0,0,,,,,,,,,
1122904,2017/18,2017-10-31,Sharjah Cricket Stadium,1,38.3,New Zealand,Pakistan,AC Kerr,SFM Devine,Sadia Yousuf,1,0,,,,,,,,,
1122904,2017/18,2017-10-31,Sharjah Cricket Stadium,1,38.4,New Zealand,Pakistan,SFM Devine,AC Kerr,Sadia Yousuf,1,0,,,,,,,,,
1122904,2017/18,2017-10-31,Sharjah Cricket Stadium,1,38.5,New Zealand,Pakistan,AC Kerr,SFM Devine,Sadia Yousuf,0,0,,,,,,,,,
1122904,2017/18,2017-10-31,Sharjah Cricket Stadium,1,38.6,New Zealand,Pakistan,AC Kerr,SFM Devine,Sadia Yousuf,0,0,,,,,,,,,
1122904,2017/18,2017-10-31,Sharjah Cricket Stadium,1,39.1,New Zealand,Pakistan,SFM Devine,AC Kerr,Nashra Sandhu,1,0,,,,,,,,,
1122904,2017/18,2017-10-31,Sharjah Cricket Stadium,1,39.2,New Zealand,Pakistan,AC Kerr,SFM Devine,Nashra Sandhu,0,0,,,,,,,,,
1122904,2017/18,2017-10-31,Sharjah Cricket Stadium,1,39.3,New Zealand,Pakistan,AC Kerr,SFM Devine,Nashra Sandhu,0,0,,,,,,,,,
1122904,2017/18,2017-10-31,Sharjah Cricket Stadium,1,39.4,New Zealand,Pakistan,AC Kerr,SFM Devine,Nashra Sandhu,2,0,,,,,,,,,
1122904,2017/18,2017-10-31,Sharjah Cricket Stadium,1,39.5,New Zealand,Pakistan,AC Kerr,SFM Devine,Nashra Sandhu,1,0,,,,,,,,,
1122904,2017/18,2017-10-31,Sharjah Cricket Stadium,1,39.6,New Zealand,Pakistan,SFM Devine,AC Kerr,Nashra Sandhu,1,0,,,,,,,,,
1122904,2017/18,2017-10-31,Sharjah Cricket Stadium,1,40.1,New Zealand,Pakistan,SFM Devine,AC Kerr,Sadia Yousuf,1,0,,,,,,,,,
1122904,2017/18,2017-10-31,Sharjah Cricket Stadium,1,40.2,New Zealand,Pakistan,AC Kerr,SFM Devine,Sadia Yousuf,2,0,,,,,,,,,
1122904,2017/18,2017-10-31,Sharjah Cricket Stadium,1,40.3,New Zealand,Pakistan,AC Kerr,SFM Devine,Sadia Yousuf,0,0,,,,,,,,,
1122904,2017/18,2017-10-31,Sharjah Cricket Stadium,1,40.4,New Zealand,Pakistan,AC Kerr,SFM Devine,Sadia Yousuf,1,0,,,,,,,,,
1122904,2017/18,2017-10-31,Sharjah Cricket Stadium,1,40.5,New Zealand,Pakistan,SFM Devine,AC Kerr,Sadia Yousuf,1,0,,,,,,,,,
1122904,2017/18,2017-10-31,Sharjah Cricket Stadium,1,40.6,New Zealand,Pakistan,AC Kerr,SFM Devine,Sadia Yousuf,0,0,,,,,,,,,
1122904,2017/18,2017-10-31,Sharjah Cricket Stadium,1,41.1,New Zealand,Pakistan,SFM Devine,AC Kerr,Diana Baig,1,0,,,,,,,,,
1122904,2017/18,2017-10-31,Sharjah Cricket Stadium,1,41.2,New Zealand,Pakistan,AC Kerr,SFM Devine,Diana Baig,4,0,,,,,,,,,
1122904,2017/18,2017-10-31,Sharjah Cricket Stadium,1,41.3,New Zealand,Pakistan,AC Kerr,SFM Devine,Diana Baig,1,0,,,,,,,,,
1122904,2017/18,2017-10-31,Sharjah Cricket Stadium,1,41.4,New Zealand,Pakistan,SFM Devine,AC Kerr,Diana Baig,4,0,,,,,,,,,
1122904,2017/18,2017-10-31,Sharjah Cricket Stadium,1,41.5,New Zealand,Pakistan,SFM Devine,AC Kerr,Diana Baig,1,0,,,,,,,,,
1122904,2017/18,2017-10-31,Sharjah Cricket Stadium,1,41.6,New Zealand,Pakistan,AC Kerr,SFM Devine,Diana Baig,0,0,,,,,,,,,
1122904,2017/18,2017-10-31,Sharjah Cricket Stadium,1,42.1,New Zealand,Pakistan,SFM Devine,AC Kerr,Sana Mir,0,0,,,,,,,,,
1122904,2017/18,2017-10-31,Sharjah Cricket Stadium,1,42.2,New Zealand,Pakistan,SFM Devine,AC Kerr,Sana Mir,0,0,,,,,,,,,
1122904,2017/18,2017-10-31,Sharjah Cricket Stadium,1,42.3,New Zealand,Pakistan,SFM Devine,AC Kerr,Sana Mir,0,0,,,,,,,,,
1122904,2017/18,2017-10-31,Sharjah Cricket Stadium,1,42.4,New Zealand,Pakistan,SFM Devine,AC Kerr,Sana Mir,1,0,,,,,,,,,
1122904,2017/18,2017-10-31,Sharjah Cricket Stadium,1,42.5,New Zealand,Pakistan,AC Kerr,SFM Devine,Sana Mir,1,0,,,,,,,,,
1122904,2017/18,2017-10-31,Sharjah Cricket Stadium,1,42.6,New Zealand,Pakistan,SFM Devine,AC Kerr,Sana Mir,0,0,,,,,,,,,
1122904,2017/18,2017-10-31,Sharjah Cricket Stadium,1,43.1,New Zealand,Pakistan,AC Kerr,SFM Devine,Bismah Maroof,3,0,,,,,,,,,
1122904,2017/18,2017-10-31,Sharjah Cricket Stadium,1,43.2,New Zealand,Pakistan,SFM Devine,AC Kerr,Bismah Maroof,1,0,,,,,,,,,
1122904,2017/18,2017-10-31,Sharjah Cricket Stadium,1,43.3,New Zealand,Pakistan,AC Kerr,SFM Devine,Bismah Maroof,1,0,,,,,,,,,
1122904,2017/18,2017-10-31,Sharjah Cricket Stadium,1,43.4,New Zealand,Pakistan,SFM Devine,AC Kerr,Bismah Maroof,1,0,,,,,,,,,
1122904,2017/18,2017-10-31,Sharjah Cricket Stadium,1,43.5,New Zealand,Pakistan,AC Kerr,SFM Devine,Bismah Maroof,1,0,,,,,,,,,
1122904,2017/18,2017-10-31,Sharjah Cricket Stadium,1,43.6,New Zealand,Pakistan,SFM Devine,AC Kerr,Bismah Maroof,1,0,,,,,,,,,
1122904,2017/18,2017-10-31,Sharjah Cricket Stadium,1,44.1,New Zealand,Pakistan,SFM Devine,AC Kerr,Sana Mir,0,0,,,,,,caught,SFM Devine,,
1122904,2017/18,2017-10-31,Sharjah Cricket Stadium,1,44.2,New Zealand,Pakistan,TMM Newton,AC Kerr,Sana Mir,0,0,,,,,,,,,
1122904,2017/18,2017-10-31,Sharjah Cricket Stadium,1,44.3,New Zealand,Pakistan,TMM Newton,AC Kerr,Sana Mir,0,0,,,,,,,,,
1122904,2017/18,2017-10-31,Sharjah Cricket Stadium,1,44.4,New Zealand,Pakistan,TMM Newton,AC Kerr,Sana Mir,0,0,,,,,,,,,
1122904,2017/18,2017-10-31,Sharjah Cricket Stadium,1,44.5,New Zealand,Pakistan,TMM Newton,AC Kerr,Sana Mir,1,0,,,,,,,,,
1122904,2017/18,2017-10-31,Sharjah Cricket Stadium,1,44.6,New Zealand,Pakistan,AC Kerr,TMM Newton,Sana Mir,2,0,,,,,,,,,
1122904,2017/18,2017-10-31,Sharjah Cricket Stadium,1,45.1,New Zealand,Pakistan,TMM Newton,AC Kerr,Bismah Maroof,0,0,,,,,,,,,
1122904,2017/18,2017-10-31,Sharjah Cricket Stadium,1,45.2,New Zealand,Pakistan,TMM Newton,AC Kerr,Bismah Maroof,1,0,,,,,,,,,
1122904,2017/18,2017-10-31,Sharjah Cricket Stadium,1,45.3,New Zealand,Pakistan,AC Kerr,TMM Newton,Bismah Maroof,0,0,,,,,,,,,
1122904,2017/18,2017-10-31,Sharjah Cricket Stadium,1,45.4,New Zealand,Pakistan,AC Kerr,TMM Newton,Bismah Maroof,2,0,,,,,,,,,
1122904,2017/18,2017-10-31,Sharjah Cricket Stadium,1,45.5,New Zealand,Pakistan,AC Kerr,TMM Newton,Bismah Maroof,2,0,,,,,,,,,
1122904,2017/18,2017-10-31,Sharjah Cricket Stadium,1,45.6,New Zealand,Pakistan,AC Kerr,TMM Newton,Bismah Maroof,0,0,,,,,,,,,
1122904,2017/18,2017-10-31,Sharjah Cricket Stadium,1,46.1,New Zealand,Pakistan,TMM Newton,AC Kerr,Nashra Sandhu,0,0,,,,,,,,,
1122904,2017/18,2017-10-31,Sharjah Cricket Stadium,1,46.2,New Zealand,Pakistan,TMM Newton,AC Kerr,Nashra Sandhu,0,0,,,,,,caught,TMM Newton,,
1122904,2017/18,2017-10-31,Sharjah Cricket Stadium,1,46.3,New Zealand,Pakistan,LM Kasperek,AC Kerr,Nashra Sandhu,0,0,,,,,,,,,
1122904,2017/18,2017-10-31,Sharjah Cricket Stadium,1,46.4,New Zealand,Pakistan,LM Kasperek,AC Kerr,Nashra Sandhu,2,0,,,,,,,,,
1122904,2017/18,2017-10-31,Sharjah Cricket Stadium,1,46.5,New Zealand,Pakistan,LM Kasperek,AC Kerr,Nashra Sandhu,0,0,,,,,,,,,
1122904,2017/18,2017-10-31,Sharjah Cricket Stadium,1,46.6,New Zealand,Pakistan,LM Kasperek,AC Kerr,Nashra Sandhu,2,0,,,,,,,,,
1122904,2017/18,2017-10-31,Sharjah Cricket Stadium,1,47.1,New Zealand,Pakistan,AC Kerr,LM Kasperek,Javeria Khan,1,0,,,,,,,,,
1122904,2017/18,2017-10-31,Sharjah Cricket Stadium,1,47.2,New Zealand,Pakistan,LM Kasperek,AC Kerr,Javeria Khan,1,0,,,,,,,,,
1122904,2017/18,2017-10-31,Sharjah Cricket Stadium,1,47.3,New Zealand,Pakistan,AC Kerr,LM Kasperek,Javeria Khan,4,0,,,,,,,,,
1122904,2017/18,2017-10-31,Sharjah Cricket Stadium,1,47.4,New Zealand,Pakistan,AC Kerr,LM Kasperek,Javeria Khan,0,0,,,,,,bowled,AC Kerr,,
1122904,2017/18,2017-10-31,Sharjah Cricket Stadium,1,47.5,New Zealand,Pakistan,LMM Tahuhu,LM Kasperek,Javeria Khan,1,0,,,,,,,,,
1122904,2017/18,2017-10-31,Sharjah Cricket Stadium,1,47.6,New Zealand,Pakistan,LM Kasperek,LMM Tahuhu,Javeria Khan,0,0,,,,,,,,,
1122904,2017/18,2017-10-31,Sharjah Cricket Stadium,1,48.1,New Zealand,Pakistan,LMM Tahuhu,LM Kasperek,Nashra Sandhu,0,0,,,,,,,,,
1122904,2017/18,2017-10-31,Sharjah Cricket Stadium,1,48.2,New Zealand,Pakistan,LMM Tahuhu,LM Kasperek,Nashra Sandhu,0,0,,,,,,,,,
1122904,2017/18,2017-10-31,Sharjah Cricket Stadium,1,48.3,New Zealand,Pakistan,LMM Tahuhu,LM Kasperek,Nashra Sandhu,0,0,,,,,,,,,
1122904,2017/18,2017-10-31,Sharjah Cricket Stadium,1,48.4,New Zealand,Pakistan,LMM Tahuhu,LM Kasperek,Nashra Sandhu,0,0,,,,,,,,,
1122904,2017/18,2017-10-31,Sharjah Cricket Stadium,1,48.5,New Zealand,Pakistan,LMM Tahuhu,LM Kasperek,Nashra Sandhu,1,0,,,,,,,,,
1122904,2017/18,2017-10-31,Sharjah Cricket Stadium,1,48.6,New Zealand,Pakistan,LM Kasperek,LMM Tahuhu,Nashra Sandhu,1,0,,,,,,,,,
1122904,2017/18,2017-10-31,Sharjah Cricket Stadium,1,49.1,New Zealand,Pakistan,LM Kasperek,LMM Tahuhu,Sadia Yousuf,1,0,,,,,,,,,
1122904,2017/18,2017-10-31,Sharjah Cricket Stadium,1,49.2,New Zealand,Pakistan,LMM Tahuhu,LM Kasperek,Sadia Yousuf,1,0,,,,,,,,,
1122904,2017/18,2017-10-31,Sharjah Cricket Stadium,1,49.3,New Zealand,Pakistan,LM Kasperek,LMM Tahuhu,Sadia Yousuf,0,0,,,,,,,,,
1122904,2017/18,2017-10-31,Sharjah Cricket Stadium,1,49.4,New Zealand,Pakistan,LM Kasperek,LMM Tahuhu,Sadia Yousuf,0,0,,,,,,,,,
1122904,2017/18,2017-10-31,Sharjah Cricket Stadium,1,49.5,New Zealand,Pakistan,LM Kasperek,LMM Tahuhu,Sadia Yousuf,0,0,,,,,,caught,LM Kasperek,,
1122904,2017/18,2017-10-31,Sharjah Cricket Stadium,1,49.6,New Zealand,Pakistan,LMM Tahuhu,HR Huddleston,Sadia Yousuf,2,0,,,,,,,,,
1122904,2017/18,2017-10-31,Sharjah Cricket Stadium,2,0.1,Pakistan,New Zealand,Ayesha Zafar,Nahida Khan,LMM Tahuhu,0,1,,1,,,,,,,
1122904,2017/18,2017-10-31,Sharjah Cricket Stadium,2,0.2,Pakistan,New Zealand,Ayesha Zafar,Nahida Khan,LMM Tahuhu,0,0,,,,,,,,,
1122904,2017/18,2017-10-31,Sharjah Cricket Stadium,2,0.3,Pakistan,New Zealand,Ayesha Zafar,Nahida Khan,LMM Tahuhu,0,0,,,,,,,,,
1122904,2017/18,2017-10-31,Sharjah Cricket Stadium,2,0.4,Pakistan,New Zealand,Ayesha Zafar,Nahida Khan,LMM Tahuhu,0,0,,,,,,,,,
1122904,2017/18,2017-10-31,Sharjah Cricket Stadium,2,0.5,Pakistan,New Zealand,Ayesha Zafar,Nahida Khan,LMM Tahuhu,0,0,,,,,,,,,
1122904,2017/18,2017-10-31,Sharjah Cricket Stadium,2,0.6,Pakistan,New Zealand,Ayesha Zafar,Nahida Khan,LMM Tahuhu,0,0,,,,,,,,,
1122904,2017/18,2017-10-31,Sharjah Cricket Stadium,2,0.7,Pakistan,New Zealand,Ayesha Zafar,Nahida Khan,LMM Tahuhu,0,0,,,,,,,,,
1122904,2017/18,2017-10-31,Sharjah Cricket Stadium,2,1.1,Pakistan,New Zealand,Nahida Khan,Ayesha Zafar,HR Huddleston,4,0,,,,,,,,,
1122904,2017/18,2017-10-31,Sharjah Cricket Stadium,2,1.2,Pakistan,New Zealand,Nahida Khan,Ayesha Zafar,HR Huddleston,0,0,,,,,,,,,
1122904,2017/18,2017-10-31,Sharjah Cricket Stadium,2,1.3,Pakistan,New Zealand,Nahida Khan,Ayesha Zafar,HR Huddleston,0,0,,,,,,,,,
1122904,2017/18,2017-10-31,Sharjah Cricket Stadium,2,1.4,Pakistan,New Zealand,Nahida Khan,Ayesha Zafar,HR Huddleston,1,0,,,,,,,,,
1122904,2017/18,2017-10-31,Sharjah Cricket Stadium,2,1.5,Pakistan,New Zealand,Ayesha Zafar,Nahida Khan,HR Huddleston,0,0,,,,,,,,,
1122904,2017/18,2017-10-31,Sharjah Cricket Stadium,2,1.6,Pakistan,New Zealand,Ayesha Zafar,Nahida Khan,HR Huddleston,0,0,,,,,,,,,
1122904,2017/18,2017-10-31,Sharjah Cricket Stadium,2,2.1,Pakistan,New Zealand,Nahida Khan,Ayesha Zafar,LMM Tahuhu,0,0,,,,,,,,,
1122904,2017/18,2017-10-31,Sharjah Cricket Stadium,2,2.2,Pakistan,New Zealand,Nahida Khan,Ayesha Zafar,LMM Tahuhu,0,1,1,,,,,,,,
1122904,2017/18,2017-10-31,Sharjah Cricket Stadium,2,2.3,Pakistan,New Zealand,Nahida Khan,Ayesha Zafar,LMM Tahuhu,4,0,,,,,,,,,
1122904,2017/18,2017-10-31,Sharjah Cricket Stadium,2,2.4,Pakistan,New Zealand,Nahida Khan,Ayesha Zafar,LMM Tahuhu,0,0,,,,,,,,,
1122904,2017/18,2017-10-31,Sharjah Cricket Stadium,2,2.5,Pakistan,New Zealand,Nahida Khan,Ayesha Zafar,LMM Tahuhu,4,0,,,,,,,,,
1122904,2017/18,2017-10-31,Sharjah Cricket Stadium,2,2.6,Pakistan,New Zealand,Nahida Khan,Ayesha Zafar,LMM Tahuhu,2,0,,,,,,,,,
1122904,2017/18,2017-10-31,Sharjah Cricket Stadium,2,2.7,Pakistan,New Zealand,Nahida Khan,Ayesha Zafar,LMM Tahuhu,0,0,,,,,,,,,
1122904,2017/18,2017-10-31,Sharjah Cricket Stadium,2,3.1,Pakistan,New Zealand,Ayesha Zafar,Nahida Khan,HR Huddleston,0,0,,,,,,,,,
1122904,2017/18,2017-10-31,Sharjah Cricket Stadium,2,3.2,Pakistan,New Zealand,Ayesha Zafar,Nahida Khan,HR Huddleston,0,0,,,,,,,,,
1122904,2017/18,2017-10-31,Sharjah Cricket Stadium,2,3.3,Pakistan,New Zealand,Ayesha Zafar,Nahida Khan,HR Huddleston,0,0,,,,,,bowled,Ayesha Zafar,,
1122904,2017/18,2017-10-31,Sharjah Cricket Stadium,2,3.4,Pakistan,New Zealand,Javeria Khan,Nahida Khan,HR Huddleston,0,0,,,,,,,,,
1122904,2017/18,2017-10-31,Sharjah Cricket Stadium,2,3.5,Pakistan,New Zealand,Javeria Khan,Nahida Khan,HR Huddleston,1,0,,,,,,,,,
1122904,2017/18,2017-10-31,Sharjah Cricket Stadium,2,3.6,Pakistan,New Zealand,Nahida Khan,Javeria Khan,HR Huddleston,0,0,,,,,,,,,
1122904,2017/18,2017-10-31,Sharjah Cricket Stadium,2,4.1,Pakistan,New Zealand,Javeria Khan,Nahida Khan,LMM Tahuhu,1,0,,,,,,,,,
1122904,2017/18,2017-10-31,Sharjah Cricket Stadium,2,4.2,Pakistan,New Zealand,Nahida Khan,Javeria Khan,LMM Tahuhu,4,0,,,,,,,,,
1122904,2017/18,2017-10-31,Sharjah Cricket Stadium,2,4.3,Pakistan,New Zealand,Nahida Khan,Javeria Khan,LMM Tahuhu,0,0,,,,,,,,,
1122904,2017/18,2017-10-31,Sharjah Cricket Stadium,2,4.4,Pakistan,New Zealand,Nahida Khan,Javeria Khan,LMM Tahuhu,4,0,,,,,,,,,
1122904,2017/18,2017-10-31,Sharjah Cricket Stadium,2,4.5,Pakistan,New Zealand,Nahida Khan,Javeria Khan,LMM Tahuhu,0,0,,,,,,,,,
1122904,2017/18,2017-10-31,Sharjah Cricket Stadium,2,4.6,Pakistan,New Zealand,Nahida Khan,Javeria Khan,LMM Tahuhu,0,0,,,,,,,,,
1122904,2017/18,2017-10-31,Sharjah Cricket Stadium,2,5.1,Pakistan,New Zealand,Javeria Khan,Nahida Khan,HR Huddleston,0,0,,,,,,,,,
1122904,2017/18,2017-10-31,Sharjah Cricket Stadium,2,5.2,Pakistan,New Zealand,Javeria Khan,Nahida Khan,HR Huddleston,0,0,,,,,,,,,
1122904,2017/18,2017-10-31,Sharjah Cricket Stadium,2,5.3,Pakistan,New Zealand,Javeria Khan,Nahida Khan,HR Huddleston,0,0,,,,,,,,,
1122904,2017/18,2017-10-31,Sharjah Cricket Stadium,2,5.4,Pakistan,New Zealand,Javeria Khan,Nahida Khan,HR Huddleston,1,0,,,,,,,,,
1122904,2017/18,2017-10-31,Sharjah Cricket Stadium,2,5.5,Pakistan,New Zealand,Nahida Khan,Javeria Khan,HR Huddleston,0,0,,,,,,,,,
1122904,2017/18,2017-10-31,Sharjah Cricket Stadium,2,5.6,Pakistan,New Zealand,Nahida Khan,Javeria Khan,HR Huddleston,0,0,,,,,,,,,
1122904,2017/18,2017-10-31,Sharjah Cricket Stadium,2,6.1,Pakistan,New Zealand,Javeria Khan,Nahida Khan,LM Kasperek,1,0,,,,,,,,,
1122904,2017/18,2017-10-31,Sharjah Cricket Stadium,2,6.2,Pakistan,New Zealand,Nahida Khan,Javeria Khan,LM Kasperek,0,0,,,,,,,,,
1122904,2017/18,2017-10-31,Sharjah Cricket Stadium,2,6.3,Pakistan,New Zealand,Nahida Khan,Javeria Khan,LM Kasperek,0,0,,,,,,,,,
1122904,2017/18,2017-10-31,Sharjah Cricket Stadium,2,6.4,Pakistan,New Zealand,Nahida Khan,Javeria Khan,LM Kasperek,0,0,,,,,,,,,
1122904,2017/18,2017-10-31,Sharjah Cricket Stadium,2,6.5,Pakistan,New Zealand,Nahida Khan,Javeria Khan,LM Kasperek,2,0,,,,,,,,,
1122904,2017/18,2017-10-31,Sharjah Cricket Stadium,2,6.6,Pakistan,New Zealand,Nahida Khan,Javeria Khan,LM Kasperek,0,0,,,,,,,,,
1122904,2017/18,2017-10-31,Sharjah Cricket Stadium,2,7.1,Pakistan,New Zealand,Javeria Khan,Nahida Khan,HR Huddleston,0,0,,,,,,,,,
1122904,2017/18,2017-10-31,Sharjah Cricket Stadium,2,7.2,Pakistan,New Zealand,Javeria Khan,Nahida Khan,HR Huddleston,0,1,1,,,,,,,,
1122904,2017/18,2017-10-31,Sharjah Cricket Stadium,2,7.3,Pakistan,New Zealand,Javeria Khan,Nahida Khan,HR Huddleston,0,0,,,,,,,,,
1122904,2017/18,2017-10-31,Sharjah Cricket Stadium,2,7.4,Pakistan,New Zealand,Javeria Khan,Nahida Khan,HR Huddleston,0,0,,,,,,,,,
1122904,2017/18,2017-10-31,Sharjah Cricket Stadium,2,7.5,Pakistan,New Zealand,Javeria Khan,Nahida Khan,HR Huddleston,0,0,,,,,,,,,
1122904,2017/18,2017-10-31,Sharjah Cricket Stadium,2,7.6,Pakistan,New Zealand,Javeria Khan,Nahida Khan,HR Huddleston,2,0,,,,,,,,,
1122904,2017/18,2017-10-31,Sharjah Cricket Stadium,2,7.7,Pakistan,New Zealand,Javeria Khan,Nahida Khan,HR Huddleston,0,0,,,,,,,,,
1122904,2017/18,2017-10-31,Sharjah Cricket Stadium,2,8.1,Pakistan,New Zealand,Nahida Khan,Javeria Khan,LM Kasperek,0,0,,,,,,,,,
1122904,2017/18,2017-10-31,Sharjah Cricket Stadium,2,8.2,Pakistan,New Zealand,Nahida Khan,Javeria Khan,LM Kasperek,2,0,,,,,,,,,
1122904,2017/18,2017-10-31,Sharjah Cricket Stadium,2,8.3,Pakistan,New Zealand,Nahida Khan,Javeria Khan,LM Kasperek,0,0,,,,,,,,,
1122904,2017/18,2017-10-31,Sharjah Cricket Stadium,2,8.4,Pakistan,New Zealand,Nahida Khan,Javeria Khan,LM Kasperek,0,0,,,,,,,,,
1122904,2017/18,2017-10-31,Sharjah Cricket Stadium,2,8.5,Pakistan,New Zealand,Nahida Khan,Javeria Khan,LM Kasperek,0,0,,,,,,,,,
1122904,2017/18,2017-10-31,Sharjah Cricket Stadium,2,8.6,Pakistan,New Zealand,Nahida Khan,Javeria Khan,LM Kasperek,0,0,,,,,,,,,
1122904,2017/18,2017-10-31,Sharjah Cricket Stadium,2,9.1,Pakistan,New Zealand,Javeria Khan,Nahida Khan,TMM Newton,0,0,,,,,,,,,
1122904,2017/18,2017-10-31,Sharjah Cricket Stadium,2,9.2,Pakistan,New Zealand,Javeria Khan,Nahida Khan,TMM Newton,3,0,,,,,,,,,
1122904,2017/18,2017-10-31,Sharjah Cricket Stadium,2,9.3,Pakistan,New Zealand,Nahida Khan,Javeria Khan,TMM Newton,0,1,,1,,,,,,,
1122904,2017/18,2017-10-31,Sharjah Cricket Stadium,2,9.4,Pakistan,New Zealand,Nahida Khan,Javeria Khan,TMM Newton,4,0,,,,,,,,,
1122904,2017/18,2017-10-31,Sharjah Cricket Stadium,2,9.5,Pakistan,New Zealand,Nahida Khan,Javeria Khan,TMM Newton,4,0,,,,,,,,,
1122904,2017/18,2017-10-31,Sharjah Cricket Stadium,2,9.6,Pakistan,New Zealand,Nahida Khan,Javeria Khan,TMM Newton,0,0,,,,,,,,,
1122904,2017/18,2017-10-31,Sharjah Cricket Stadium,2,9.7,Pakistan,New Zealand,Nahida Khan,Javeria Khan,TMM Newton,0,0,,,,,,,,,
1122904,2017/18,2017-10-31,Sharjah Cricket Stadium,2,10.1,Pakistan,New Zealand,Javeria Khan,Nahida Khan,LM Kasperek,1,0,,,,,,,,,
1122904,2017/18,2017-10-31,Sharjah Cricket Stadium,2,10.2,Pakistan,New Zealand,Nahida Khan,Javeria Khan,LM Kasperek,0,0,,,,,,,,,
1122904,2017/18,2017-10-31,Sharjah Cricket Stadium,2,10.3,Pakistan,New Zealand,Nahida Khan,Javeria Khan,LM Kasperek,0,1,1,,,,,,,,
1122904,2017/18,2017-10-31,Sharjah Cricket Stadium,2,10.4,Pakistan,New Zealand,Nahida Khan,Javeria Khan,LM Kasperek,1,0,,,,,,,,,
1122904,2017/18,2017-10-31,Sharjah Cricket Stadium,2,10.5,Pakistan,New Zealand,Javeria Khan,Nahida Khan,LM Kasperek,0,0,,,,,,,,,
1122904,2017/18,2017-10-31,Sharjah Cricket Stadium,2,10.6,Pakistan,New Zealand,Javeria Khan,Nahida Khan,LM Kasperek,2,0,,,,,,,,,
1122904,2017/18,2017-10-31,Sharjah Cricket Stadium,2,10.7,Pakistan,New Zealand,Javeria Khan,Nahida Khan,LM Kasperek,0,0,,,,,,,,,
1122904,2017/18,2017-10-31,Sharjah Cricket Stadium,2,11.1,Pakistan,New Zealand,Nahida Khan,Javeria Khan,TMM Newton,0,0,,,,,,,,,
1122904,2017/18,2017-10-31,Sharjah Cricket Stadium,2,11.2,Pakistan,New Zealand,Nahida Khan,Javeria Khan,TMM Newton,1,0,,,,,,,,,
1122904,2017/18,2017-10-31,Sharjah Cricket Stadium,2,11.3,Pakistan,New Zealand,Javeria Khan,Nahida Khan,TMM Newton,1,0,,,,,,,,,
1122904,2017/18,2017-10-31,Sharjah Cricket Stadium,2,11.4,Pakistan,New Zealand,Nahida Khan,Javeria Khan,TMM Newton,0,0,,,,,,,,,
1122904,2017/18,2017-10-31,Sharjah Cricket Stadium,2,11.5,Pakistan,New Zealand,Nahida Khan,Javeria Khan,TMM Newton,1,0,,,,,,,,,
1122904,2017/18,2017-10-31,Sharjah Cricket Stadium,2,11.6,Pakistan,New Zealand,Javeria Khan,Nahida Khan,TMM Newton,0,0,,,,,,,,,
1122904,2017/18,2017-10-31,Sharjah Cricket Stadium,2,12.1,Pakistan,New Zealand,Nahida Khan,Javeria Khan,LM Kasperek,0,0,,,,,,,,,
1122904,2017/18,2017-10-31,Sharjah Cricket Stadium,2,12.2,Pakistan,New Zealand,Nahida Khan,Javeria Khan,LM Kasperek,1,0,,,,,,,,,
1122904,2017/18,2017-10-31,Sharjah Cricket Stadium,2,12.3,Pakistan,New Zealand,Javeria Khan,Nahida Khan,LM Kasperek,1,0,,,,,,,,,
1122904,2017/18,2017-10-31,Sharjah Cricket Stadium,2,12.4,Pakistan,New Zealand,Nahida Khan,Javeria Khan,LM Kasperek,0,0,,,,,,,,,
1122904,2017/18,2017-10-31,Sharjah Cricket Stadium,2,12.5,Pakistan,New Zealand,Nahida Khan,Javeria Khan,LM Kasperek,0,0,,,,,,,,,
1122904,2017/18,2017-10-31,Sharjah Cricket Stadium,2,12.6,Pakistan,New Zealand,Nahida Khan,Javeria Khan,LM Kasperek,1,0,,,,,,,,,
1122904,2017/18,2017-10-31,Sharjah Cricket Stadium,2,13.1,Pakistan,New Zealand,Nahida Khan,Javeria Khan,TMM Newton,1,0,,,,,,,,,
1122904,2017/18,2017-10-31,Sharjah Cricket Stadium,2,13.2,Pakistan,New Zealand,Javeria Khan,Nahida Khan,TMM Newton,1,0,,,,,,,,,
1122904,2017/18,2017-10-31,Sharjah Cricket Stadium,2,13.3,Pakistan,New Zealand,Nahida Khan,Javeria Khan,TMM Newton,1,0,,,,,,,,,
1122904,2017/18,2017-10-31,Sharjah Cricket Stadium,2,13.4,Pakistan,New Zealand,Javeria Khan,Nahida Khan,TMM Newton,0,0,,,,,,,,,
1122904,2017/18,2017-10-31,Sharjah Cricket Stadium,2,13.5,Pakistan,New Zealand,Javeria Khan,Nahida Khan,TMM Newton,1,0,,,,,,,,,
1122904,2017/18,2017-10-31,Sharjah Cricket Stadium,2,13.6,Pakistan,New Zealand,Nahida Khan,Javeria Khan,TMM Newton,1,0,,,,,,,,,
1122904,2017/18,2017-10-31,Sharjah Cricket Stadium,2,14.1,Pakistan,New Zealand,Nahida Khan,Javeria Khan,AC Kerr,1,0,,,,,,,,,
1122904,2017/18,2017-10-31,Sharjah Cricket Stadium,2,14.2,Pakistan,New Zealand,Javeria Khan,Nahida Khan,AC Kerr,0,0,,,,,,,,,
1122904,2017/18,2017-10-31,Sharjah Cricket Stadium,2,14.3,Pakistan,New Zealand,Javeria Khan,Nahida Khan,AC Kerr,1,0,,,,,,,,,
1122904,2017/18,2017-10-31,Sharjah Cricket Stadium,2,14.4,Pakistan,New Zealand,Nahida Khan,Javeria Khan,AC Kerr,0,0,,,,,,,,,
1122904,2017/18,2017-10-31,Sharjah Cricket Stadium,2,14.5,Pakistan,New Zealand,Nahida Khan,Javeria Khan,AC Kerr,0,0,,,,,,,,,
1122904,2017/18,2017-10-31,Sharjah Cricket Stadium,2,14.6,Pakistan,New Zealand,Nahida Khan,Javeria Khan,AC Kerr,2,0,,,,,,,,,
1122904,2017/18,2017-10-31,Sharjah Cricket Stadium,2,15.1,Pakistan,New Zealand,Javeria Khan,Nahida Khan,AE Satterthwaite,0,0,,,,,,,,,
1122904,2017/18,2017-10-31,Sharjah Cricket Stadium,2,15.2,Pakistan,New Zealand,Javeria Khan,Nahida Khan,AE Satterthwaite,3,0,,,,,,,,,
1122904,2017/18,2017-10-31,Sharjah Cricket Stadium,2,15.3,Pakistan,New Zealand,Nahida Khan,Javeria Khan,AE Satterthwaite,0,0,,,,,,,,,
1122904,2017/18,2017-10-31,Sharjah Cricket Stadium,2,15.4,Pakistan,New Zealand,Nahida Khan,Javeria Khan,AE Satterthwaite,1,0,,,,,,,,,
1122904,2017/18,2017-10-31,Sharjah Cricket Stadium,2,15.5,Pakistan,New Zealand,Javeria Khan,Nahida Khan,AE Satterthwaite,0,0,,,,,,,,,
1122904,2017/18,2017-10-31,Sharjah Cricket Stadium,2,15.6,Pakistan,New Zealand,Javeria Khan,Nahida Khan,AE Satterthwaite,1,0,,,,,,,,,
1122904,2017/18,2017-10-31,Sharjah Cricket Stadium,2,16.1,Pakistan,New Zealand,Javeria Khan,Nahida Khan,AC Kerr,0,0,,,,,,,,,
1122904,2017/18,2017-10-31,Sharjah Cricket Stadium,2,16.2,Pakistan,New Zealand,Javeria Khan,Nahida Khan,AC Kerr,0,0,,,,,,,,,
1122904,2017/18,2017-10-31,Sharjah Cricket Stadium,2,16.3,Pakistan,New Zealand,Javeria Khan,Nahida Khan,AC Kerr,0,0,,,,,,,,,
1122904,2017/18,2017-10-31,Sharjah Cricket Stadium,2,16.4,Pakistan,New Zealand,Javeria Khan,Nahida Khan,AC Kerr,1,0,,,,,,,,,
1122904,2017/18,2017-10-31,Sharjah Cricket Stadium,2,16.5,Pakistan,New Zealand,Nahida Khan,Javeria Khan,AC Kerr,0,0,,,,,,,,,
1122904,2017/18,2017-10-31,Sharjah Cricket Stadium,2,16.6,Pakistan,New Zealand,Nahida Khan,Javeria Khan,AC Kerr,0,0,,,,,,,,,
1122904,2017/18,2017-10-31,Sharjah Cricket Stadium,2,17.1,Pakistan,New Zealand,Javeria Khan,Nahida Khan,AE Satterthwaite,1,0,,,,,,,,,
1122904,2017/18,2017-10-31,Sharjah Cricket Stadium,2,17.2,Pakistan,New Zealand,Nahida Khan,Javeria Khan,AE Satterthwaite,1,0,,,,,,,,,
1122904,2017/18,2017-10-31,Sharjah Cricket Stadium,2,17.3,Pakistan,New Zealand,Javeria Khan,Nahida Khan,AE Satterthwaite,4,0,,,,,,,,,
1122904,2017/18,2017-10-31,Sharjah Cricket Stadium,2,17.4,Pakistan,New Zealand,Javeria Khan,Nahida Khan,AE Satterthwaite,0,1,1,,,,,,,,
1122904,2017/18,2017-10-31,Sharjah Cricket Stadium,2,17.5,Pakistan,New Zealand,Javeria Khan,Nahida Khan,AE Satterthwaite,0,0,,,,,,,,,
1122904,2017/18,2017-10-31,Sharjah Cricket Stadium,2,17.6,Pakistan,New Zealand,Javeria Khan,Nahida Khan,AE Satterthwaite,1,0,,,,,,,,,
1122904,2017/18,2017-10-31,Sharjah Cricket Stadium,2,17.7,Pakistan,New Zealand,Nahida Khan,Javeria Khan,AE Satterthwaite,1,0,,,,,,,,,
1122904,2017/18,2017-10-31,Sharjah Cricket Stadium,2,18.1,Pakistan,New Zealand,Nahida Khan,Javeria Khan,AC Kerr,1,0,,,,,,,,,
1122904,2017/18,2017-10-31,Sharjah Cricket Stadium,2,18.2,Pakistan,New Zealand,Javeria Khan,Nahida Khan,AC Kerr,2,0,,,,,,,,,
1122904,2017/18,2017-10-31,Sharjah Cricket Stadium,2,18.3,Pakistan,New Zealand,Javeria Khan,Nahida Khan,AC Kerr,0,0,,,,,,,,,
1122904,2017/18,2017-10-31,Sharjah Cricket Stadium,2,18.4,Pakistan,New Zealand,Javeria Khan,Nahida Khan,AC Kerr,0,0,,,,,,,,,
1122904,2017/18,2017-10-31,Sharjah Cricket Stadium,2,18.5,Pakistan,New Zealand,Javeria Khan,Nahida Khan,AC Kerr,4,0,,,,,,,,,
1122904,2017/18,2017-10-31,Sharjah Cricket Stadium,2,18.6,Pakistan,New Zealand,Javeria Khan,Nahida Khan,AC Kerr,0,0,,,,,,,,,
1122904,2017/18,2017-10-31,Sharjah Cricket Stadium,2,19.1,Pakistan,New Zealand,Nahida Khan,Javeria Khan,AE Satterthwaite,1,0,,,,,,,,,
1122904,2017/18,2017-10-31,Sharjah Cricket Stadium,2,19.2,Pakistan,New Zealand,Javeria Khan,Nahida Khan,AE Satterthwaite,0,0,,,,,,,,,
1122904,2017/18,2017-10-31,Sharjah Cricket Stadium,2,19.3,Pakistan,New Zealand,Javeria Khan,Nahida Khan,AE Satterthwaite,2,0,,,,,,,,,
1122904,2017/18,2017-10-31,Sharjah Cricket Stadium,2,19.4,Pakistan,New Zealand,Javeria Khan,Nahida Khan,AE Satterthwaite,1,0,,,,,,,,,
1122904,2017/18,2017-10-31,Sharjah Cricket Stadium,2,19.5,Pakistan,New Zealand,Nahida Khan,Javeria Khan,AE Satterthwaite,0,0,,,,,,,,,
1122904,2017/18,2017-10-31,Sharjah Cricket Stadium,2,19.6,Pakistan,New Zealand,Nahida Khan,Javeria Khan,AE Satterthwaite,0,0,,,,,,caught,Nahida Khan,,
1122904,2017/18,2017-10-31,Sharjah Cricket Stadium,2,20.1,Pakistan,New Zealand,Javeria Khan,Bismah Maroof,AC Kerr,0,0,,,,,,,,,
1122904,2017/18,2017-10-31,Sharjah Cricket Stadium,2,20.2,Pakistan,New Zealand,Javeria Khan,Bismah Maroof,AC Kerr,0,0,,,,,,,,,
1122904,2017/18,2017-10-31,Sharjah Cricket Stadium,2,20.3,Pakistan,New Zealand,Javeria Khan,Bismah Maroof,AC Kerr,0,0,,,,,,,,,
1122904,2017/18,2017-10-31,Sharjah Cricket Stadium,2,20.4,Pakistan,New Zealand,Javeria Khan,Bismah Maroof,AC Kerr,0,0,,,,,,,,,
1122904,2017/18,2017-10-31,Sharjah Cricket Stadium,2,20.5,Pakistan,New Zealand,Javeria Khan,Bismah Maroof,AC Kerr,1,0,,,,,,,,,
1122904,2017/18,2017-10-31,Sharjah Cricket Stadium,2,20.6,Pakistan,New Zealand,Bismah Maroof,Javeria Khan,AC Kerr,1,0,,,,,,,,,
1122904,2017/18,2017-10-31,Sharjah Cricket Stadium,2,21.1,Pakistan,New Zealand,Bismah Maroof,Javeria Khan,AE Satterthwaite,0,0,,,,,,,,,
1122904,2017/18,2017-10-31,Sharjah Cricket Stadium,2,21.2,Pakistan,New Zealand,Bismah Maroof,Javeria Khan,AE Satterthwaite,0,0,,,,,,,,,
1122904,2017/18,2017-10-31,Sharjah Cricket Stadium,2,21.3,Pakistan,New Zealand,Bismah Maroof,Javeria Khan,AE Satterthwaite,0,0,,,,,,,,,
1122904,2017/18,2017-10-31,Sharjah Cricket Stadium,2,21.4,Pakistan,New Zealand,Bismah Maroof,Javeria Khan,AE Satterthwaite,0,0,,,,,,,,,
1122904,2017/18,2017-10-31,Sharjah Cricket Stadium,2,21.5,Pakistan,New Zealand,Bismah Maroof,Javeria Khan,AE Satterthwaite,4,0,,,,,,,,,
1122904,2017/18,2017-10-31,Sharjah Cricket Stadium,2,21.6,Pakistan,New Zealand,Bismah Maroof,Javeria Khan,AE Satterthwaite,1,0,,,,,,,,,
1122904,2017/18,2017-10-31,Sharjah Cricket Stadium,2,22.1,Pakistan,New Zealand,Bismah Maroof,Javeria Khan,AC Kerr,0,0,,,,,,,,,
1122904,2017/18,2017-10-31,Sharjah Cricket Stadium,2,22.2,Pakistan,New Zealand,Bismah Maroof,Javeria Khan,AC Kerr,1,0,,,,,,,,,
1122904,2017/18,2017-10-31,Sharjah Cricket Stadium,2,22.3,Pakistan,New Zealand,Javeria Khan,Bismah Maroof,AC Kerr,2,0,,,,,,,,,
1122904,2017/18,2017-10-31,Sharjah Cricket Stadium,2,22.4,Pakistan,New Zealand,Javeria Khan,Bismah Maroof,AC Kerr,1,0,,,,,,,,,
1122904,2017/18,2017-10-31,Sharjah Cricket Stadium,2,22.5,Pakistan,New Zealand,Bismah Maroof,Javeria Khan,AC Kerr,1,0,,,,,,,,,
1122904,2017/18,2017-10-31,Sharjah Cricket Stadium,2,22.6,Pakistan,New Zealand,Javeria Khan,Bismah Maroof,AC Kerr,0,0,,,,,,,,,
1122904,2017/18,2017-10-31,Sharjah Cricket Stadium,2,23.1,Pakistan,New Zealand,Bismah Maroof,Javeria Khan,HR Huddleston,1,0,,,,,,,,,
1122904,2017/18,2017-10-31,Sharjah Cricket Stadium,2,23.2,Pakistan,New Zealand,Javeria Khan,Bismah Maroof,HR Huddleston,0,0,,,,,,,,,
1122904,2017/18,2017-10-31,Sharjah Cricket Stadium,2,23.3,Pakistan,New Zealand,Javeria Khan,Bismah Maroof,HR Huddleston,0,0,,,,,,,,,
1122904,2017/18,2017-10-31,Sharjah Cricket Stadium,2,23.4,Pakistan,New Zealand,Javeria Khan,Bismah Maroof,HR Huddleston,4,0,,,,,,,,,
1122904,2017/18,2017-10-31,Sharjah Cricket Stadium,2,23.5,Pakistan,New Zealand,Javeria Khan,Bismah Maroof,HR Huddleston,4,0,,,,,,,,,
1122904,2017/18,2017-10-31,Sharjah Cricket Stadium,2,23.6,Pakistan,New Zealand,Javeria Khan,Bismah Maroof,HR Huddleston,0,0,,,,,,,,,
1122904,2017/18,2017-10-31,Sharjah Cricket Stadium,2,24.1,Pakistan,New Zealand,Bismah Maroof,Javeria Khan,AC Kerr,1,0,,,,,,,,,
1122904,2017/18,2017-10-31,Sharjah Cricket Stadium,2,24.2,Pakistan,New Zealand,Javeria Khan,Bismah Maroof,AC Kerr,1,0,,,,,,,,,
1122904,2017/18,2017-10-31,Sharjah Cricket Stadium,2,24.3,Pakistan,New Zealand,Bismah Maroof,Javeria Khan,AC Kerr,1,0,,,,,,,,,
1122904,2017/18,2017-10-31,Sharjah Cricket Stadium,2,24.4,Pakistan,New Zealand,Javeria Khan,Bismah Maroof,AC Kerr,1,0,,,,,,,,,
1122904,2017/18,2017-10-31,Sharjah Cricket Stadium,2,24.5,Pakistan,New Zealand,Bismah Maroof,Javeria Khan,AC Kerr,1,0,,,,,,,,,
1122904,2017/18,2017-10-31,Sharjah Cricket Stadium,2,24.6,Pakistan,New Zealand,Javeria Khan,Bismah Maroof,AC Kerr,0,0,,,,,,,,,
1122904,2017/18,2017-10-31,Sharjah Cricket Stadium,2,25.1,Pakistan,New Zealand,Bismah Maroof,Javeria Khan,HR Huddleston,0,0,,,,,,,,,
1122904,2017/18,2017-10-31,Sharjah Cricket Stadium,2,25.2,Pakistan,New Zealand,Bismah Maroof,Javeria Khan,HR Huddleston,0,0,,,,,,,,,
1122904,2017/18,2017-10-31,Sharjah Cricket Stadium,2,25.3,Pakistan,New Zealand,Bismah Maroof,Javeria Khan,HR Huddleston,0,1,,,,1,,,,,
1122904,2017/18,2017-10-31,Sharjah Cricket Stadium,2,25.4,Pakistan,New Zealand,Javeria Khan,Bismah Maroof,HR Huddleston,1,0,,,,,,,,,
1122904,2017/18,2017-10-31,Sharjah Cricket Stadium,2,25.5,Pakistan,New Zealand,Bismah Maroof,Javeria Khan,HR Huddleston,0,0,,,,,,,,,
1122904,2017/18,2017-10-31,Sharjah Cricket Stadium,2,25.6,Pakistan,New Zealand,Bismah Maroof,Javeria Khan,HR Huddleston,2,0,,,,,,,,,
1122904,2017/18,2017-10-31,Sharjah Cricket Stadium,2,26.1,Pakistan,New Zealand,Javeria Khan,Bismah Maroof,LMM Tahuhu,1,0,,,,,,,,,
1122904,2017/18,2017-10-31,Sharjah Cricket Stadium,2,26.2,Pakistan,New Zealand,Bismah Maroof,Javeria Khan,LMM Tahuhu,0,0,,,,,,,,,
1122904,2017/18,2017-10-31,Sharjah Cricket Stadium,2,26.3,Pakistan,New Zealand,Bismah Maroof,Javeria Khan,LMM Tahuhu,1,0,,,,,,,,,
1122904,2017/18,2017-10-31,Sharjah Cricket Stadium,2,26.4,Pakistan,New Zealand,Javeria Khan,Bismah Maroof,LMM Tahuhu,0,0,,,,,,,,,
1122904,2017/18,2017-10-31,Sharjah Cricket Stadium,2,26.5,Pakistan,New Zealand,Javeria Khan,Bismah Maroof,LMM Tahuhu,0,0,,,,,,,,,
1122904,2017/18,2017-10-31,Sharjah Cricket Stadium,2,26.6,Pakistan,New Zealand,Javeria Khan,Bismah Maroof,LMM Tahuhu,0,0,,,,,,,,,
1122904,2017/18,2017-10-31,Sharjah Cricket Stadium,2,27.1,Pakistan,New Zealand,Bismah Maroof,Javeria Khan,HR Huddleston,1,0,,,,,,,,,
1122904,2017/18,2017-10-31,Sharjah Cricket Stadium,2,27.2,Pakistan,New Zealand,Javeria Khan,Bismah Maroof,HR Huddleston,0,0,,,,,,,,,
1122904,2017/18,2017-10-31,Sharjah Cricket Stadium,2,27.3,Pakistan,New Zealand,Javeria Khan,Bismah Maroof,HR Huddleston,0,0,,,,,,,,,
1122904,2017/18,2017-10-31,Sharjah Cricket Stadium,2,27.4,Pakistan,New Zealand,Javeria Khan,Bismah Maroof,HR Huddleston,2,0,,,,,,,,,
1122904,2017/18,2017-10-31,Sharjah Cricket Stadium,2,27.5,Pakistan,New Zealand,Javeria Khan,Bismah Maroof,HR Huddleston,0,0,,,,,,caught,Javeria Khan,,
1122904,2017/18,2017-10-31,Sharjah Cricket Stadium,2,27.6,Pakistan,New Zealand,Bismah Maroof,Sidra Ameen,HR Huddleston,1,0,,,,,,,,,
1122904,2017/18,2017-10-31,Sharjah Cricket Stadium,2,28.1,Pakistan,New Zealand,Bismah Maroof,Sidra Ameen,LMM Tahuhu,0,0,,,,,,,,,
1122904,2017/18,2017-10-31,Sharjah Cricket Stadium,2,28.2,Pakistan,New Zealand,Bismah Maroof,Sidra Ameen,LMM Tahuhu,0,0,,,,,,,,,
1122904,2017/18,2017-10-31,Sharjah Cricket Stadium,2,28.3,Pakistan,New Zealand,Bismah Maroof,Sidra Ameen,LMM Tahuhu,4,0,,,,,,,,,
1122904,2017/18,2017-10-31,Sharjah Cricket Stadium,2,28.4,Pakistan,New Zealand,Bismah Maroof,Sidra Ameen,LMM Tahuhu,1,0,,,,,,,,,
1122904,2017/18,2017-10-31,Sharjah Cricket Stadium,2,28.5,Pakistan,New Zealand,Sidra Ameen,Bismah Maroof,LMM Tahuhu,0,1,1,,,,,,,,
1122904,2017/18,2017-10-31,Sharjah Cricket Stadium,2,28.6,Pakistan,New Zealand,Sidra Ameen,Bismah Maroof,LMM Tahuhu,1,0,,,,,,,,,
1122904,2017/18,2017-10-31,Sharjah Cricket Stadium,2,28.7,Pakistan,New Zealand,Bismah Maroof,Sidra Ameen,LMM Tahuhu,2,0,,,,,,,,,
1122904,2017/18,2017-10-31,Sharjah Cricket Stadium,2,29.1,Pakistan,New Zealand,Sidra Ameen,Bismah Maroof,LM Kasperek,0,0,,,,,,,,,
1122904,2017/18,2017-10-31,Sharjah Cricket Stadium,2,29.2,Pakistan,New Zealand,Sidra Ameen,Bismah Maroof,LM Kasperek,1,0,,,,,,,,,
1122904,2017/18,2017-10-31,Sharjah Cricket Stadium,2,29.3,Pakistan,New Zealand,Bismah Maroof,Sidra Ameen,LM Kasperek,0,0,,,,,,,,,
1122904,2017/18,2017-10-31,Sharjah Cricket Stadium,2,29.4,Pakistan,New Zealand,Bismah Maroof,Sidra Ameen,LM Kasperek,0,0,,,,,,,,,
1122904,2017/18,2017-10-31,Sharjah Cricket Stadium,2,29.5,Pakistan,New Zealand,Bismah Maroof,Sidra Ameen,LM Kasperek,0,0,,,,,,,,,
1122904,2017/18,2017-10-31,Sharjah Cricket Stadium,2,29.6,Pakistan,New Zealand,Bismah Maroof,Sidra Ameen,LM Kasperek,1,0,,,,,,,,,
1122904,2017/18,2017-10-31,Sharjah Cricket Stadium,2,30.1,Pakistan,New Zealand,Bismah Maroof,Sidra Ameen,LMM Tahuhu,0,0,,,,,,,,,
1122904,2017/18,2017-10-31,Sharjah Cricket Stadium,2,30.2,Pakistan,New Zealand,Bismah Maroof,Sidra Ameen,LMM Tahuhu,1,0,,,,,,,,,
1122904,2017/18,2017-10-31,Sharjah Cricket Stadium,2,30.3,Pakistan,New Zealand,Sidra Ameen,Bismah Maroof,LMM Tahuhu,0,0,,,,,,,,,
1122904,2017/18,2017-10-31,Sharjah Cricket Stadium,2,30.4,Pakistan,New Zealand,Sidra Ameen,Bismah Maroof,LMM Tahuhu,1,0,,,,,,,,,
1122904,2017/18,2017-10-31,Sharjah Cricket Stadium,2,30.5,Pakistan,New Zealand,Bismah Maroof,Sidra Ameen,LMM Tahuhu,0,0,,,,,,,,,
1122904,2017/18,2017-10-31,Sharjah Cricket Stadium,2,30.6,Pakistan,New Zealand,Bismah Maroof,Sidra Ameen,LMM Tahuhu,0,0,,,,,,,,,
1122904,2017/18,2017-10-31,Sharjah Cricket Stadium,2,31.1,Pakistan,New Zealand,Sidra Ameen,Bismah Maroof,LM Kasperek,0,0,,,,,,,,,
1122904,2017/18,2017-10-31,Sharjah Cricket Stadium,2,31.2,Pakistan,New Zealand,Sidra Ameen,Bismah Maroof,LM Kasperek,0,0,,,,,,,,,
1122904,2017/18,2017-10-31,Sharjah Cricket Stadium,2,31.3,Pakistan,New Zealand,Sidra Ameen,Bismah Maroof,LM Kasperek,0,0,,,,,,,,,
1122904,2017/18,2017-10-31,Sharjah Cricket Stadium,2,31.4,Pakistan,New Zealand,Sidra Ameen,Bismah Maroof,LM Kasperek,0,0,,,,,,,,,
1122904,2017/18,2017-10-31,Sharjah Cricket Stadium,2,31.5,Pakistan,New Zealand,Sidra Ameen,Bismah Maroof,LM Kasperek,1,0,,,,,,,,,
1122904,2017/18,2017-10-31,Sharjah Cricket Stadium,2,31.6,Pakistan,New Zealand,Bismah Maroof,Sidra Ameen,LM Kasperek,1,0,,,,,,,,,
1122904,2017/18,2017-10-31,Sharjah Cricket Stadium,2,32.1,Pakistan,New Zealand,Bismah Maroof,Sidra Ameen,LMM Tahuhu,1,0,,,,,,,,,
1122904,2017/18,2017-10-31,Sharjah Cricket Stadium,2,32.2,Pakistan,New Zealand,Sidra Ameen,Bismah Maroof,LMM Tahuhu,0,0,,,,,,,,,
1122904,2017/18,2017-10-31,Sharjah Cricket Stadium,2,32.3,Pakistan,New Zealand,Sidra Ameen,Bismah Maroof,LMM Tahuhu,2,0,,,,,,,,,
1122904,2017/18,2017-10-31,Sharjah Cricket Stadium,2,32.4,Pakistan,New Zealand,Sidra Ameen,Bismah Maroof,LMM Tahuhu,2,0,,,,,,,,,
1122904,2017/18,2017-10-31,Sharjah Cricket Stadium,2,32.5,Pakistan,New Zealand,Sidra Ameen,Bismah Maroof,LMM Tahuhu,2,0,,,,,,,,,
1122904,2017/18,2017-10-31,Sharjah Cricket Stadium,2,32.6,Pakistan,New Zealand,Sidra Ameen,Bismah Maroof,LMM Tahuhu,0,1,1,,,,,,,,
1122904,2017/18,2017-10-31,Sharjah Cricket Stadium,2,32.7,Pakistan,New Zealand,Sidra Ameen,Bismah Maroof,LMM Tahuhu,2,0,,,,,,,,,
1122904,2017/18,2017-10-31,Sharjah Cricket Stadium,2,33.1,Pakistan,New Zealand,Bismah Maroof,Sidra Ameen,LM Kasperek,2,0,,,,,,,,,
1122904,2017/18,2017-10-31,Sharjah Cricket Stadium,2,33.2,Pakistan,New Zealand,Bismah Maroof,Sidra Ameen,LM Kasperek,1,0,,,,,,,,,
1122904,2017/18,2017-10-31,Sharjah Cricket Stadium,2,33.3,Pakistan,New Zealand,Sidra Ameen,Bismah Maroof,LM Kasperek,0,0,,,,,,,,,
1122904,2017/18,2017-10-31,Sharjah Cricket Stadium,2,33.4,Pakistan,New Zealand,Sidra Ameen,Bismah Maroof,LM Kasperek,0,1,1,,,,,,,,
1122904,2017/18,2017-10-31,Sharjah Cricket Stadium,2,33.5,Pakistan,New Zealand,Sidra Ameen,Bismah Maroof,LM Kasperek,1,0,,,,,,,,,
1122904,2017/18,2017-10-31,Sharjah Cricket Stadium,2,33.6,Pakistan,New Zealand,Bismah Maroof,Sidra Ameen,LM Kasperek,4,0,,,,,,,,,
1122904,2017/18,2017-10-31,Sharjah Cricket Stadium,2,33.7,Pakistan,New Zealand,Bismah Maroof,Sidra Ameen,LM Kasperek,0,0,,,,,,,,,
1122904,2017/18,2017-10-31,Sharjah Cricket Stadium,2,34.1,Pakistan,New Zealand,Sidra Ameen,Bismah Maroof,AC Kerr,1,0,,,,,,,,,
1122904,2017/18,2017-10-31,Sharjah Cricket Stadium,2,34.2,Pakistan,New Zealand,Bismah Maroof,Sidra Ameen,AC Kerr,1,0,,,,,,,,,
1122904,2017/18,2017-10-31,Sharjah Cricket Stadium,2,34.3,Pakistan,New Zealand,Sidra Ameen,Bismah Maroof,AC Kerr,0,0,,,,,,,,,
1122904,2017/18,2017-10-31,Sharjah Cricket Stadium,2,34.4,Pakistan,New Zealand,Sidra Ameen,Bismah Maroof,AC Kerr,1,0,,,,,,,,,
1122904,2017/18,2017-10-31,Sharjah Cricket Stadium,2,34.5,Pakistan,New Zealand,Bismah Maroof,Sidra Ameen,AC Kerr,3,0,,,,,,,,,
1122904,2017/18,2017-10-31,Sharjah Cricket Stadium,2,34.6,Pakistan,New Zealand,Sidra Ameen,Bismah Maroof,AC Kerr,1,0,,,,,,,,,
1122904,2017/18,2017-10-31,Sharjah Cricket Stadium,2,35.1,Pakistan,New Zealand,Sidra Ameen,Bismah Maroof,HR Huddleston,0,0,,,,,,,,,
1122904,2017/18,2017-10-31,Sharjah Cricket Stadium,2,35.2,Pakistan,New Zealand,Sidra Ameen,Bismah Maroof,HR Huddleston,1,0,,,,,,,,,
1122904,2017/18,2017-10-31,Sharjah Cricket Stadium,2,35.3,Pakistan,New Zealand,Bismah Maroof,Sidra Ameen,HR Huddleston,1,0,,,,,,,,,
1122904,2017/18,2017-10-31,Sharjah Cricket Stadium,2,35.4,Pakistan,New Zealand,Sidra Ameen,Bismah Maroof,HR Huddleston,0,0,,,,,,,,,
1122904,2017/18,2017-10-31,Sharjah Cricket Stadium,2,35.5,Pakistan,New Zealand,Sidra Ameen,Bismah Maroof,HR Huddleston,0,0,,,,,,,,,
1122904,2017/18,2017-10-31,Sharjah Cricket Stadium,2,35.6,Pakistan,New Zealand,Sidra Ameen,Bismah Maroof,HR Huddleston,0,0,,,,,,,,,
1122904,2017/18,2017-10-31,Sharjah Cricket Stadium,2,36.1,Pakistan,New Zealand,Bismah Maroof,Sidra Ameen,AC Kerr,1,0,,,,,,,,,
1122904,2017/18,2017-10-31,Sharjah Cricket Stadium,2,36.2,Pakistan,New Zealand,Sidra Ameen,Bismah Maroof,AC Kerr,1,0,,,,,,,,,
1122904,2017/18,2017-10-31,Sharjah Cricket Stadium,2,36.3,Pakistan,New Zealand,Bismah Maroof,Sidra Ameen,AC Kerr,0,0,,,,,,caught,Bismah Maroof,,
1122904,2017/18,2017-10-31,Sharjah Cricket Stadium,2,36.4,Pakistan,New Zealand,Iram Javed,Sidra Ameen,AC Kerr,0,0,,,,,,,,,
1122904,2017/18,2017-10-31,Sharjah Cricket Stadium,2,36.5,Pakistan,New Zealand,Iram Javed,Sidra Ameen,AC Kerr,0,0,,,,,,,,,
1122904,2017/18,2017-10-31,Sharjah Cricket Stadium,2,36.6,Pakistan,New Zealand,Iram Javed,Sidra Ameen,AC Kerr,0,0,,,,,,,,,
1122904,2017/18,2017-10-31,Sharjah Cricket Stadium,2,37.1,Pakistan,New Zealand,Sidra Ameen,Iram Javed,HR Huddleston,1,0,,,,,,,,,
1122904,2017/18,2017-10-31,Sharjah Cricket Stadium,2,37.2,Pakistan,New Zealand,Iram Javed,Sidra Ameen,HR Huddleston,0,0,,,,,,,,,
1122904,2017/18,2017-10-31,Sharjah Cricket Stadium,2,37.3,Pakistan,New Zealand,Iram Javed,Sidra Ameen,HR Huddleston,0,0,,,,,,,,,
1122904,2017/18,2017-10-31,Sharjah Cricket Stadium,2,37.4,Pakistan,New Zealand,Iram Javed,Sidra Ameen,HR Huddleston,0,0,,,,,,,,,
1122904,2017/18,2017-10-31,Sharjah Cricket Stadium,2,37.5,Pakistan,New Zealand,Iram Javed,Sidra Ameen,HR Huddleston,0,0,,,,,,,,,
1122904,2017/18,2017-10-31,Sharjah Cricket Stadium,2,37.6,Pakistan,New Zealand,Iram Javed,Sidra Ameen,HR Huddleston,0,0,,,,,,,,,
1122904,2017/18,2017-10-31,Sharjah Cricket Stadium,2,38.1,Pakistan,New Zealand,Sidra Ameen,Iram Javed,TMM Newton,0,0,,,,,,,,,
1122904,2017/18,2017-10-31,Sharjah Cricket Stadium,2,38.2,Pakistan,New Zealand,Sidra Ameen,Iram Javed,TMM Newton,4,0,,,,,,,,,
1122904,2017/18,2017-10-31,Sharjah Cricket Stadium,2,38.3,Pakistan,New Zealand,Sidra Ameen,Iram Javed,TMM Newton,0,0,,,,,,,,,
1122904,2017/18,2017-10-31,Sharjah Cricket Stadium,2,38.4,Pakistan,New Zealand,Sidra Ameen,Iram Javed,TMM Newton,1,0,,,,,,,,,
1122904,2017/18,2017-10-31,Sharjah Cricket Stadium,2,38.5,Pakistan,New Zealand,Iram Javed,Sidra Ameen,TMM Newton,0,0,,,,,,,,,
1122904,2017/18,2017-10-31,Sharjah Cricket Stadium,2,38.6,Pakistan,New Zealand,Iram Javed,Sidra Ameen,TMM Newton,1,0,,,,,,,,,
1122904,2017/18,2017-10-31,Sharjah Cricket Stadium,2,39.1,Pakistan,New Zealand,Iram Javed,Sidra Ameen,HR Huddleston,0,0,,,,,,,,,
1122904,2017/18,2017-10-31,Sharjah Cricket Stadium,2,39.2,Pakistan,New Zealand,Iram Javed,Sidra Ameen,HR Huddleston,0,0,,,,,,,,,
1122904,2017/18,2017-10-31,Sharjah Cricket Stadium,2,39.3,Pakistan,New Zealand,Iram Javed,Sidra Ameen,HR Huddleston,0,0,,,,,,,,,
1122904,2017/18,2017-10-31,Sharjah Cricket Stadium,2,39.4,Pakistan,New Zealand,Iram Javed,Sidra Ameen,HR Huddleston,1,0,,,,,,,,,
1122904,2017/18,2017-10-31,Sharjah Cricket Stadium,2,39.5,Pakistan,New Zealand,Sidra Ameen,Iram Javed,HR Huddleston,1,0,,,,,,,,,
1122904,2017/18,2017-10-31,Sharjah Cricket Stadium,2,39.6,Pakistan,New Zealand,Iram Javed,Sidra Ameen,HR Huddleston,1,0,,,,,,,,,
1122904,2017/18,2017-10-31,Sharjah Cricket Stadium,2,40.1,Pakistan,New Zealand,Iram Javed,Sidra Ameen,TMM Newton,0,0,,,,,,,,,
1122904,2017/18,2017-10-31,Sharjah Cricket Stadium,2,40.2,Pakistan,New Zealand,Iram Javed,Sidra Ameen,TMM Newton,0,0,,,,,,,,,
1122904,2017/18,2017-10-31,Sharjah Cricket Stadium,2,40.3,Pakistan,New Zealand,Iram Javed,Sidra Ameen,TMM Newton,1,0,,,,,,,,,
1122904,2017/18,2017-10-31,Sharjah Cricket Stadium,2,40.4,Pakistan,New Zealand,Sidra Ameen,Iram Javed,TMM Newton,1,0,,,,,,,,,
1122904,2017/18,2017-10-31,Sharjah Cricket Stadium,2,40.5,Pakistan,New Zealand,Iram Javed,Sidra Ameen,TMM Newton,1,0,,,,,,,,,
1122904,2017/18,2017-10-31,Sharjah Cricket Stadium,2,40.6,Pakistan,New Zealand,Sidra Ameen,Iram Javed,TMM Newton,2,0,,,,,,,,,
1122904,2017/18,2017-10-31,Sharjah Cricket Stadium,2,41.1,Pakistan,New Zealand,Iram Javed,Sidra Ameen,AE Satterthwaite,1,0,,,,,,,,,
1122904,2017/18,2017-10-31,Sharjah Cricket Stadium,2,41.2,Pakistan,New Zealand,Sidra Ameen,Iram Javed,AE Satterthwaite,0,0,,,,,,,,,
1122904,2017/18,2017-10-31,Sharjah Cricket Stadium,2,41.3,Pakistan,New Zealand,Sidra Ameen,Iram Javed,AE Satterthwaite,1,0,,,,,,,,,
1122904,2017/18,2017-10-31,Sharjah Cricket Stadium,2,41.4,Pakistan,New Zealand,Iram Javed,Sidra Ameen,AE Satterthwaite,0,0,,,,,,,,,
1122904,2017/18,2017-10-31,Sharjah Cricket Stadium,2,41.5,Pakistan,New Zealand,Iram Javed,Sidra Ameen,AE Satterthwaite,1,0,,,,,,,,,
1122904,2017/18,2017-10-31,Sharjah Cricket Stadium,2,41.6,Pakistan,New Zealand,Sidra Ameen,Iram Javed,AE Satterthwaite,4,0,,,,,,,,,
1122904,2017/18,2017-10-31,Sharjah Cricket Stadium,2,42.1,Pakistan,New Zealand,Iram Javed,Sidra Ameen,TMM Newton,0,0,,,,,,,,,
1122904,2017/18,2017-10-31,Sharjah Cricket Stadium,2,42.2,Pakistan,New Zealand,Iram Javed,Sidra Ameen,TMM Newton,1,0,,,,,,,,,
1122904,2017/18,2017-10-31,Sharjah Cricket Stadium,2,42.3,Pakistan,New Zealand,Sidra Ameen,Iram Javed,TMM Newton,0,1,1,,,,,,,,
1122904,2017/18,2017-10-31,Sharjah Cricket Stadium,2,42.4,Pakistan,New Zealand,Sidra Ameen,Iram Javed,TMM Newton,0,0,,,,,,caught,Sidra Ameen,,
1122904,2017/18,2017-10-31,Sharjah Cricket Stadium,2,42.5,Pakistan,New Zealand,Iram Javed,Sana Mir,TMM Newton,1,0,,,,,,,,,
1122904,2017/18,2017-10-31,Sharjah Cricket Stadium,2,42.6,Pakistan,New Zealand,Sana Mir,Iram Javed,TMM Newton,1,0,,,,,,,,,
1122904,2017/18,2017-10-31,Sharjah Cricket Stadium,2,42.7,Pakistan,New Zealand,Iram Javed,Sana Mir,TMM Newton,0,1,1,,,,,,,,
1122904,2017/18,2017-10-31,Sharjah Cricket Stadium,2,42.8,Pakistan,New Zealand,Iram Javed,Sana Mir,TMM Newton,1,0,,,,,,,,,
1122904,2017/18,2017-10-31,Sharjah Cricket Stadium,2,43.1,Pakistan,New Zealand,Iram Javed,Sana Mir,AE Satterthwaite,1,0,,,,,,,,,
1122904,2017/18,2017-10-31,Sharjah Cricket Stadium,2,43.2,Pakistan,New Zealand,Sana Mir,Iram Javed,AE Satterthwaite,0,0,,,,,,,,,
1122904,2017/18,2017-10-31,Sharjah Cricket Stadium,2,43.3,Pakistan,New Zealand,Sana Mir,Iram Javed,AE Satterthwaite,0,1,1,,,,,,,,
1122904,2017/18,2017-10-31,Sharjah Cricket Stadium,2,43.4,Pakistan,New Zealand,Sana Mir,Iram Javed,AE Satterthwaite,0,0,,,,,,,,,
1122904,2017/18,2017-10-31,Sharjah Cricket Stadium,2,43.5,Pakistan,New Zealand,Sana Mir,Iram Javed,AE Satterthwaite,1,0,,,,,,,,,
1122904,2017/18,2017-10-31,Sharjah Cricket Stadium,2,43.6,Pakistan,New Zealand,Iram Javed,Sana Mir,AE Satterthwaite,6,0,,,,,,,,,
1122904,2017/18,2017-10-31,Sharjah Cricket Stadium,2,43.7,Pakistan,New Zealand,Iram Javed,Sana Mir,AE Satterthwaite,1,0,,,,,,,,,
1122904,2017/18,2017-10-31,Sharjah Cricket Stadium,2,44.1,Pakistan,New Zealand,Iram Javed,Sana Mir,AC Kerr,0,0,,,,,,,,,
1122904,2017/18,2017-10-31,Sharjah Cricket Stadium,2,44.2,Pakistan,New Zealand,Iram Javed,Sana Mir,AC Kerr,0,1,1,,,,,,,,
1122904,2017/18,2017-10-31,Sharjah Cricket Stadium,2,44.3,Pakistan,New Zealand,Iram Javed,Sana Mir,AC Kerr,0,0,,,,,,,,,
1122904,2017/18,2017-10-31,Sharjah Cricket Stadium,2,44.4,Pakistan,New Zealand,Iram Javed,Sana Mir,AC Kerr,1,0,,,,,,,,,
1122904,2017/18,2017-10-31,Sharjah Cricket Stadium,2,44.5,Pakistan,New Zealand,Sana Mir,Iram Javed,AC Kerr,0,0,,,,,,,,,
1122904,2017/18,2017-10-31,Sharjah Cricket Stadium,2,44.6,Pakistan,New Zealand,Sana Mir,Iram Javed,AC Kerr,0,0,,,,,,,,,
1122904,2017/18,2017-10-31,Sharjah Cricket Stadium,2,44.7,Pakistan,New Zealand,Sana Mir,Iram Javed,AC Kerr,1,0,,,,,,,,,
1122904,2017/18,2017-10-31,Sharjah Cricket Stadium,2,45.1,Pakistan,New Zealand,Sana Mir,Iram Javed,LM Kasperek,1,0,,,,,,,,,
1122904,2017/18,2017-10-31,Sharjah Cricket Stadium,2,45.2,Pakistan,New Zealand,Iram Javed,Sana Mir,LM Kasperek,0,0,,,,,,,,,
1122904,2017/18,2017-10-31,Sharjah Cricket Stadium,2,45.3,Pakistan,New Zealand,Iram Javed,Sana Mir,LM Kasperek,0,0,,,,,,caught,Iram Javed,,
1122904,2017/18,2017-10-31,Sharjah Cricket Stadium,2,45.4,Pakistan,New Zealand,Sana Mir,Sidra Nawaz,LM Kasperek,4,0,,,,,,,,,
1122904,2017/18,2017-10-31,Sharjah Cricket Stadium,2,45.5,Pakistan,New Zealand,Sana Mir,Sidra Nawaz,LM Kasperek,0,1,,,1,,,,,,
1122904,2017/18,2017-10-31,Sharjah Cricket Stadium,2,45.6,Pakistan,New Zealand,Sidra Nawaz,Sana Mir,LM Kasperek,1,0,,,,,,,,,
1122904,2017/18,2017-10-31,Sharjah Cricket Stadium,2,46.1,Pakistan,New Zealand,Sidra Nawaz,Sana Mir,LMM Tahuhu,0,1,1,,,,,,,,
1122904,2017/18,2017-10-31,Sharjah Cricket Stadium,2,46.2,Pakistan,New Zealand,Sidra Nawaz,Sana Mir,LMM Tahuhu,0,0,,,,,,,,,
1122904,2017/18,2017-10-31,Sharjah Cricket Stadium,2,46.3,Pakistan,New Zealand,Sidra Nawaz,Sana Mir,LMM Tahuhu,0,0,,,,,,run out,Sana Mir,,
1122904,2017/18,2017-10-31,Sharjah Cricket Stadium,2,46.4,Pakistan,New Zealand,Diana Baig,Sidra Nawaz,LMM Tahuhu,0,0,,,,,,,,,
1122904,2017/18,2017-10-31,Sharjah Cricket Stadium,2,46.5,Pakistan,New Zealand,Diana Baig,Sidra Nawaz,LMM Tahuhu,0,0,,,,,,,,,
1122904,2017/18,2017-10-31,Sharjah Cricket Stadium,2,46.6,Pakistan,New Zealand,Diana Baig,Sidra Nawaz,LMM Tahuhu,1,0,,,,,,,,,
1122904,2017/18,2017-10-31,Sharjah Cricket Stadium,2,46.7,Pakistan,New Zealand,Sidra Nawaz,Diana Baig,LMM Tahuhu,4,0,,,,,,,,,
1122904,2017/18,2017-10-31,Sharjah Cricket Stadium,2,47.1,Pakistan,New Zealand,Diana Baig,Sidra Nawaz,LM Kasperek,1,0,,,,,,,,,
1122904,2017/18,2017-10-31,Sharjah Cricket Stadium,2,47.2,Pakistan,New Zealand,Sidra Nawaz,Diana Baig,LM Kasperek,0,0,,,,,,,,,
1122904,2017/18,2017-10-31,Sharjah Cricket Stadium,2,47.3,Pakistan,New Zealand,Sidra Nawaz,Diana Baig,LM Kasperek,1,0,,,,,,,,,
1122904,2017/18,2017-10-31,Sharjah Cricket Stadium,2,47.4,Pakistan,New Zealand,Diana Baig,Sidra Nawaz,LM Kasperek,1,0,,,,,,,,,
1122904,2017/18,2017-10-31,Sharjah Cricket Stadium,2,47.5,Pakistan,New Zealand,Sidra Nawaz,Diana Baig,LM Kasperek,0,0,,,,,,bowled,Sidra Nawaz,,
1122904,2017/18,2017-10-31,Sharjah Cricket Stadium,2,47.6,Pakistan,New Zealand,Nashra Sandhu,Diana Baig,LM Kasperek,0,0,,,,,,,,,
1122904,2017/18,2017-10-31,Sharjah Cricket Stadium,2,48.1,Pakistan,New Zealand,Diana Baig,Nashra Sandhu,AC Kerr,0,0,,,,,,,,,
1122904,2017/18,2017-10-31,Sharjah Cricket Stadium,2,48.2,Pakistan,New Zealand,Diana Baig,Nashra Sandhu,AC Kerr,0,0,,,,,,stumped,Diana Baig,,
1122904,2017/18,2017-10-31,Sharjah Cricket Stadium,2,48.3,Pakistan,New Zealand,Sadia Yousuf,Nashra Sandhu,AC Kerr,0,0,,,,,,run out,Sadia Yousuf,,
