match_id,season,start_date,venue,innings,ball,batting_team,bowling_team,striker,non_striker,bowler,runs_off_bat,extras,wides,noballs,byes,legbyes,penalty,wicket_type,player_dismissed,other_wicket_type,other_player_dismissed
1122726,2017/18,2017-12-10,Himachal Pradesh Cricket Association Stadium,1,0.1,India,Sri Lanka,RG Sharma,S Dhawan,RAS Lakmal,0,0,,,,,,,,,
1122726,2017/18,2017-12-10,Himachal Pradesh Cricket Association Stadium,1,0.2,India,Sri Lanka,RG Sharma,S Dhawan,RAS Lakmal,0,0,,,,,,,,,
1122726,2017/18,2017-12-10,Himachal Pradesh Cricket Association Stadium,1,0.3,India,Sri Lanka,RG Sharma,S Dhawan,RAS Lakmal,0,0,,,,,,,,,
1122726,2017/18,2017-12-10,Himachal Pradesh Cricket Association Stadium,1,0.4,India,Sri Lanka,RG Sharma,S Dhawan,RAS Lakmal,0,0,,,,,,,,,
1122726,2017/18,2017-12-10,Himachal Pradesh Cricket Association Stadium,1,0.5,India,Sri Lanka,RG Sharma,S Dhawan,RAS Lakmal,0,0,,,,,,,,,
1122726,2017/18,2017-12-10,Himachal Pradesh Cricket Association Stadium,1,0.6,India,Sri Lanka,RG Sharma,S Dhawan,RAS Lakmal,0,0,,,,,,,,,
1122726,2017/18,2017-12-10,Himachal Pradesh Cricket Association Stadium,1,1.1,India,Sri Lanka,S Dhawan,RG Sharma,AD Mathews,0,0,,,,,,,,,
1122726,2017/18,2017-12-10,Himachal Pradesh Cricket Association Stadium,1,1.2,India,Sri Lanka,S Dhawan,RG Sharma,AD Mathews,0,0,,,,,,,,,
1122726,2017/18,2017-12-10,Himachal Pradesh Cricket Association Stadium,1,1.3,India,Sri Lanka,S Dhawan,RG Sharma,AD Mathews,0,0,,,,,,,,,
1122726,2017/18,2017-12-10,Himachal Pradesh Cricket Association Stadium,1,1.4,India,Sri Lanka,S Dhawan,RG Sharma,AD Mathews,0,0,,,,,,,,,
1122726,2017/18,2017-12-10,Himachal Pradesh Cricket Association Stadium,1,1.5,India,Sri Lanka,S Dhawan,RG Sharma,AD Mathews,0,0,,,,,,,,,
1122726,2017/18,2017-12-10,Himachal Pradesh Cricket Association Stadium,1,1.6,India,Sri Lanka,S Dhawan,RG Sharma,AD Mathews,0,0,,,,,,lbw,S Dhawan,,
1122726,2017/18,2017-12-10,Himachal Pradesh Cricket Association Stadium,1,2.1,India,Sri Lanka,RG Sharma,SS Iyer,RAS Lakmal,0,0,,,,,,,,,
1122726,2017/18,2017-12-10,Himachal Pradesh Cricket Association Stadium,1,2.2,India,Sri Lanka,RG Sharma,SS Iyer,RAS Lakmal,0,0,,,,,,,,,
1122726,2017/18,2017-12-10,Himachal Pradesh Cricket Association Stadium,1,2.3,India,Sri Lanka,RG Sharma,SS Iyer,RAS Lakmal,0,0,,,,,,,,,
1122726,2017/18,2017-12-10,Himachal Pradesh Cricket Association Stadium,1,2.4,India,Sri Lanka,RG Sharma,SS Iyer,RAS Lakmal,2,0,,,,,,,,,
1122726,2017/18,2017-12-10,Himachal Pradesh Cricket Association Stadium,1,2.5,India,Sri Lanka,RG Sharma,SS Iyer,RAS Lakmal,0,0,,,,,,,,,
1122726,2017/18,2017-12-10,Himachal Pradesh Cricket Association Stadium,1,2.6,India,Sri Lanka,RG Sharma,SS Iyer,RAS Lakmal,0,0,,,,,,,,,
1122726,2017/18,2017-12-10,Himachal Pradesh Cricket Association Stadium,1,3.1,India,Sri Lanka,SS Iyer,RG Sharma,AD Mathews,0,0,,,,,,,,,
1122726,2017/18,2017-12-10,Himachal Pradesh Cricket Association Stadium,1,3.2,India,Sri Lanka,SS Iyer,RG Sharma,AD Mathews,0,0,,,,,,,,,
1122726,2017/18,2017-12-10,Himachal Pradesh Cricket Association Stadium,1,3.3,India,Sri Lanka,SS Iyer,RG Sharma,AD Mathews,0,0,,,,,,,,,
1122726,2017/18,2017-12-10,Himachal Pradesh Cricket Association Stadium,1,3.4,India,Sri Lanka,SS Iyer,RG Sharma,AD Mathews,0,0,,,,,,,,,
1122726,2017/18,2017-12-10,Himachal Pradesh Cricket Association Stadium,1,3.5,India,Sri Lanka,SS Iyer,RG Sharma,AD Mathews,0,0,,,,,,,,,
1122726,2017/18,2017-12-10,Himachal Pradesh Cricket Association Stadium,1,3.6,India,Sri Lanka,SS Iyer,RG Sharma,AD Mathews,0,0,,,,,,,,,
1122726,2017/18,2017-12-10,Himachal Pradesh Cricket Association Stadium,1,4.1,India,Sri Lanka,RG Sharma,SS Iyer,RAS Lakmal,0,0,,,,,,caught,RG Sharma,,
1122726,2017/18,2017-12-10,Himachal Pradesh Cricket Association Stadium,1,4.2,India,Sri Lanka,KD Karthik,SS Iyer,RAS Lakmal,0,0,,,,,,,,,
1122726,2017/18,2017-12-10,Himachal Pradesh Cricket Association Stadium,1,4.3,India,Sri Lanka,KD Karthik,SS Iyer,RAS Lakmal,0,0,,,,,,,,,
1122726,2017/18,2017-12-10,Himachal Pradesh Cricket Association Stadium,1,4.4,India,Sri Lanka,KD Karthik,SS Iyer,RAS Lakmal,0,0,,,,,,,,,
1122726,2017/18,2017-12-10,Himachal Pradesh Cricket Association Stadium,1,4.5,India,Sri Lanka,KD Karthik,SS Iyer,RAS Lakmal,0,0,,,,,,,,,
1122726,2017/18,2017-12-10,Himachal Pradesh Cricket Association Stadium,1,4.6,India,Sri Lanka,KD Karthik,SS Iyer,RAS Lakmal,0,0,,,,,,,,,
1122726,2017/18,2017-12-10,Himachal Pradesh Cricket Association Stadium,1,5.1,India,Sri Lanka,SS Iyer,KD Karthik,AD Mathews,0,0,,,,,,,,,
1122726,2017/18,2017-12-10,Himachal Pradesh Cricket Association Stadium,1,5.2,India,Sri Lanka,SS Iyer,KD Karthik,AD Mathews,0,0,,,,,,,,,
1122726,2017/18,2017-12-10,Himachal Pradesh Cricket Association Stadium,1,5.3,India,Sri Lanka,SS Iyer,KD Karthik,AD Mathews,0,0,,,,,,,,,
1122726,2017/18,2017-12-10,Himachal Pradesh Cricket Association Stadium,1,5.4,India,Sri Lanka,SS Iyer,KD Karthik,AD Mathews,0,0,,,,,,,,,
1122726,2017/18,2017-12-10,Himachal Pradesh Cricket Association Stadium,1,5.5,India,Sri Lanka,SS Iyer,KD Karthik,AD Mathews,4,0,,,,,,,,,
1122726,2017/18,2017-12-10,Himachal Pradesh Cricket Association Stadium,1,5.6,India,Sri Lanka,SS Iyer,KD Karthik,AD Mathews,0,0,,,,,,,,,
1122726,2017/18,2017-12-10,Himachal Pradesh Cricket Association Stadium,1,6.1,India,Sri Lanka,KD Karthik,SS Iyer,RAS Lakmal,0,0,,,,,,,,,
1122726,2017/18,2017-12-10,Himachal Pradesh Cricket Association Stadium,1,6.2,India,Sri Lanka,KD Karthik,SS Iyer,RAS Lakmal,0,0,,,,,,,,,
1122726,2017/18,2017-12-10,Himachal Pradesh Cricket Association Stadium,1,6.3,India,Sri Lanka,KD Karthik,SS Iyer,RAS Lakmal,0,0,,,,,,,,,
1122726,2017/18,2017-12-10,Himachal Pradesh Cricket Association Stadium,1,6.4,India,Sri Lanka,KD Karthik,SS Iyer,RAS Lakmal,0,0,,,,,,,,,
1122726,2017/18,2017-12-10,Himachal Pradesh Cricket Association Stadium,1,6.5,India,Sri Lanka,KD Karthik,SS Iyer,RAS Lakmal,0,0,,,,,,,,,
1122726,2017/18,2017-12-10,Himachal Pradesh Cricket Association Stadium,1,6.6,India,Sri Lanka,KD Karthik,SS Iyer,RAS Lakmal,0,0,,,,,,,,,
1122726,2017/18,2017-12-10,Himachal Pradesh Cricket Association Stadium,1,7.1,India,Sri Lanka,SS Iyer,KD Karthik,AD Mathews,0,0,,,,,,,,,
1122726,2017/18,2017-12-10,Himachal Pradesh Cricket Association Stadium,1,7.2,India,Sri Lanka,SS Iyer,KD Karthik,AD Mathews,0,0,,,,,,,,,
1122726,2017/18,2017-12-10,Himachal Pradesh Cricket Association Stadium,1,7.3,India,Sri Lanka,SS Iyer,KD Karthik,AD Mathews,1,0,,,,,,,,,
1122726,2017/18,2017-12-10,Himachal Pradesh Cricket Association Stadium,1,7.4,India,Sri Lanka,KD Karthik,SS Iyer,AD Mathews,0,0,,,,,,,,,
1122726,2017/18,2017-12-10,Himachal Pradesh Cricket Association Stadium,1,7.5,India,Sri Lanka,KD Karthik,SS Iyer,AD Mathews,0,0,,,,,,,,,
1122726,2017/18,2017-12-10,Himachal Pradesh Cricket Association Stadium,1,7.6,India,Sri Lanka,KD Karthik,SS Iyer,AD Mathews,0,0,,,,,,,,,
1122726,2017/18,2017-12-10,Himachal Pradesh Cricket Association Stadium,1,8.1,India,Sri Lanka,SS Iyer,KD Karthik,RAS Lakmal,1,0,,,,,,,,,
1122726,2017/18,2017-12-10,Himachal Pradesh Cricket Association Stadium,1,8.2,India,Sri Lanka,KD Karthik,SS Iyer,RAS Lakmal,0,0,,,,,,,,,
1122726,2017/18,2017-12-10,Himachal Pradesh Cricket Association Stadium,1,8.3,India,Sri Lanka,KD Karthik,SS Iyer,RAS Lakmal,0,0,,,,,,,,,
1122726,2017/18,2017-12-10,Himachal Pradesh Cricket Association Stadium,1,8.4,India,Sri Lanka,KD Karthik,SS Iyer,RAS Lakmal,0,0,,,,,,,,,
1122726,2017/18,2017-12-10,Himachal Pradesh Cricket Association Stadium,1,8.5,India,Sri Lanka,KD Karthik,SS Iyer,RAS Lakmal,0,0,,,,,,lbw,KD Karthik,,
1122726,2017/18,2017-12-10,Himachal Pradesh Cricket Association Stadium,1,8.6,India,Sri Lanka,MK Pandey,SS Iyer,RAS Lakmal,0,0,,,,,,,,,
1122726,2017/18,2017-12-10,Himachal Pradesh Cricket Association Stadium,1,9.1,India,Sri Lanka,SS Iyer,MK Pandey,AD Mathews,0,0,,,,,,,,,
1122726,2017/18,2017-12-10,Himachal Pradesh Cricket Association Stadium,1,9.2,India,Sri Lanka,SS Iyer,MK Pandey,AD Mathews,0,2,2,,,,,,,,
1122726,2017/18,2017-12-10,Himachal Pradesh Cricket Association Stadium,1,9.3,India,Sri Lanka,MK Pandey,SS Iyer,AD Mathews,0,0,,,,,,,,,
1122726,2017/18,2017-12-10,Himachal Pradesh Cricket Association Stadium,1,9.4,India,Sri Lanka,MK Pandey,SS Iyer,AD Mathews,0,0,,,,,,,,,
1122726,2017/18,2017-12-10,Himachal Pradesh Cricket Association Stadium,1,9.5,India,Sri Lanka,MK Pandey,SS Iyer,AD Mathews,0,0,,,,,,,,,
1122726,2017/18,2017-12-10,Himachal Pradesh Cricket Association Stadium,1,9.6,India,Sri Lanka,MK Pandey,SS Iyer,AD Mathews,0,0,,,,,,,,,
1122726,2017/18,2017-12-10,Himachal Pradesh Cricket Association Stadium,1,9.7,India,Sri Lanka,MK Pandey,SS Iyer,AD Mathews,1,0,,,,,,,,,
1122726,2017/18,2017-12-10,Himachal Pradesh Cricket Association Stadium,1,10.1,India,Sri Lanka,MK Pandey,SS Iyer,RAS Lakmal,0,1,1,,,,,,,,
1122726,2017/18,2017-12-10,Himachal Pradesh Cricket Association Stadium,1,10.2,India,Sri Lanka,MK Pandey,SS Iyer,RAS Lakmal,0,0,,,,,,,,,
1122726,2017/18,2017-12-10,Himachal Pradesh Cricket Association Stadium,1,10.3,India,Sri Lanka,MK Pandey,SS Iyer,RAS Lakmal,0,0,,,,,,,,,
1122726,2017/18,2017-12-10,Himachal Pradesh Cricket Association Stadium,1,10.4,India,Sri Lanka,MK Pandey,SS Iyer,RAS Lakmal,0,0,,,,,,,,,
1122726,2017/18,2017-12-10,Himachal Pradesh Cricket Association Stadium,1,10.5,India,Sri Lanka,MK Pandey,SS Iyer,RAS Lakmal,0,0,,,,,,,,,
1122726,2017/18,2017-12-10,Himachal Pradesh Cricket Association Stadium,1,10.6,India,Sri Lanka,MK Pandey,SS Iyer,RAS Lakmal,0,0,,,,,,,,,
1122726,2017/18,2017-12-10,Himachal Pradesh Cricket Association Stadium,1,10.7,India,Sri Lanka,MK Pandey,SS Iyer,RAS Lakmal,0,0,,,,,,,,,
1122726,2017/18,2017-12-10,Himachal Pradesh Cricket Association Stadium,1,11.1,India,Sri Lanka,SS Iyer,MK Pandey,N Pradeep,0,0,,,,,,,,,
1122726,2017/18,2017-12-10,Himachal Pradesh Cricket Association Stadium,1,11.2,India,Sri Lanka,SS Iyer,MK Pandey,N Pradeep,2,0,,,,,,,,,
1122726,2017/18,2017-12-10,Himachal Pradesh Cricket Association Stadium,1,11.3,India,Sri Lanka,SS Iyer,MK Pandey,N Pradeep,0,0,,,,,,,,,
1122726,2017/18,2017-12-10,Himachal Pradesh Cricket Association Stadium,1,11.4,India,Sri Lanka,SS Iyer,MK Pandey,N Pradeep,0,0,,,,,,,,,
1122726,2017/18,2017-12-10,Himachal Pradesh Cricket Association Stadium,1,11.5,India,Sri Lanka,SS Iyer,MK Pandey,N Pradeep,0,0,,,,,,,,,
1122726,2017/18,2017-12-10,Himachal Pradesh Cricket Association Stadium,1,11.6,India,Sri Lanka,SS Iyer,MK Pandey,N Pradeep,0,0,,,,,,,,,
1122726,2017/18,2017-12-10,Himachal Pradesh Cricket Association Stadium,1,12.1,India,Sri Lanka,MK Pandey,SS Iyer,RAS Lakmal,1,0,,,,,,,,,
1122726,2017/18,2017-12-10,Himachal Pradesh Cricket Association Stadium,1,12.2,India,Sri Lanka,SS Iyer,MK Pandey,RAS Lakmal,0,0,,,,,,,,,
1122726,2017/18,2017-12-10,Himachal Pradesh Cricket Association Stadium,1,12.3,India,Sri Lanka,SS Iyer,MK Pandey,RAS Lakmal,1,0,,,,,,,,,
1122726,2017/18,2017-12-10,Himachal Pradesh Cricket Association Stadium,1,12.4,India,Sri Lanka,MK Pandey,SS Iyer,RAS Lakmal,0,0,,,,,,,,,
1122726,2017/18,2017-12-10,Himachal Pradesh Cricket Association Stadium,1,12.5,India,Sri Lanka,MK Pandey,SS Iyer,RAS Lakmal,0,0,,,,,,caught,MK Pandey,,
1122726,2017/18,2017-12-10,Himachal Pradesh Cricket Association Stadium,1,12.6,India,Sri Lanka,MS Dhoni,SS Iyer,RAS Lakmal,0,0,,,,,,,,,
1122726,2017/18,2017-12-10,Himachal Pradesh Cricket Association Stadium,1,13.1,India,Sri Lanka,SS Iyer,MS Dhoni,N Pradeep,0,0,,,,,,,,,
1122726,2017/18,2017-12-10,Himachal Pradesh Cricket Association Stadium,1,13.2,India,Sri Lanka,SS Iyer,MS Dhoni,N Pradeep,0,0,,,,,,bowled,SS Iyer,,
1122726,2017/18,2017-12-10,Himachal Pradesh Cricket Association Stadium,1,13.3,India,Sri Lanka,HH Pandya,MS Dhoni,N Pradeep,0,0,,,,,,,,,
1122726,2017/18,2017-12-10,Himachal Pradesh Cricket Association Stadium,1,13.4,India,Sri Lanka,HH Pandya,MS Dhoni,N Pradeep,0,0,,,,,,,,,
1122726,2017/18,2017-12-10,Himachal Pradesh Cricket Association Stadium,1,13.5,India,Sri Lanka,HH Pandya,MS Dhoni,N Pradeep,0,0,,,,,,,,,
1122726,2017/18,2017-12-10,Himachal Pradesh Cricket Association Stadium,1,13.6,India,Sri Lanka,HH Pandya,MS Dhoni,N Pradeep,4,0,,,,,,,,,
1122726,2017/18,2017-12-10,Himachal Pradesh Cricket Association Stadium,1,14.1,India,Sri Lanka,MS Dhoni,HH Pandya,RAS Lakmal,0,1,,,,1,,,,,
1122726,2017/18,2017-12-10,Himachal Pradesh Cricket Association Stadium,1,14.2,India,Sri Lanka,HH Pandya,MS Dhoni,RAS Lakmal,0,0,,,,,,,,,
1122726,2017/18,2017-12-10,Himachal Pradesh Cricket Association Stadium,1,14.3,India,Sri Lanka,HH Pandya,MS Dhoni,RAS Lakmal,0,0,,,,,,,,,
1122726,2017/18,2017-12-10,Himachal Pradesh Cricket Association Stadium,1,14.4,India,Sri Lanka,HH Pandya,MS Dhoni,RAS Lakmal,4,0,,,,,,,,,
1122726,2017/18,2017-12-10,Himachal Pradesh Cricket Association Stadium,1,14.5,India,Sri Lanka,HH Pandya,MS Dhoni,RAS Lakmal,0,0,,,,,,,,,
1122726,2017/18,2017-12-10,Himachal Pradesh Cricket Association Stadium,1,14.6,India,Sri Lanka,HH Pandya,MS Dhoni,RAS Lakmal,2,0,,,,,,,,,
1122726,2017/18,2017-12-10,Himachal Pradesh Cricket Association Stadium,1,15.1,India,Sri Lanka,MS Dhoni,HH Pandya,N Pradeep,1,0,,,,,,,,,
1122726,2017/18,2017-12-10,Himachal Pradesh Cricket Association Stadium,1,15.2,India,Sri Lanka,HH Pandya,MS Dhoni,N Pradeep,0,0,,,,,,caught,HH Pandya,,
1122726,2017/18,2017-12-10,Himachal Pradesh Cricket Association Stadium,1,15.3,India,Sri Lanka,B Kumar,MS Dhoni,N Pradeep,0,0,,,,,,,,,
1122726,2017/18,2017-12-10,Himachal Pradesh Cricket Association Stadium,1,15.4,India,Sri Lanka,B Kumar,MS Dhoni,N Pradeep,0,0,,,,,,,,,
1122726,2017/18,2017-12-10,Himachal Pradesh Cricket Association Stadium,1,15.5,India,Sri Lanka,B Kumar,MS Dhoni,N Pradeep,0,0,,,,,,,,,
1122726,2017/18,2017-12-10,Himachal Pradesh Cricket Association Stadium,1,15.6,India,Sri Lanka,B Kumar,MS Dhoni,N Pradeep,0,0,,,,,,,,,
1122726,2017/18,2017-12-10,Himachal Pradesh Cricket Association Stadium,1,16.1,India,Sri Lanka,MS Dhoni,B Kumar,RAS Lakmal,0,0,,,,,,,,,
1122726,2017/18,2017-12-10,Himachal Pradesh Cricket Association Stadium,1,16.2,India,Sri Lanka,MS Dhoni,B Kumar,RAS Lakmal,0,0,,,,,,,,,
1122726,2017/18,2017-12-10,Himachal Pradesh Cricket Association Stadium,1,16.3,India,Sri Lanka,MS Dhoni,B Kumar,RAS Lakmal,1,0,,,,,,,,,
1122726,2017/18,2017-12-10,Himachal Pradesh Cricket Association Stadium,1,16.4,India,Sri Lanka,B Kumar,MS Dhoni,RAS Lakmal,0,0,,,,,,caught,B Kumar,,
1122726,2017/18,2017-12-10,Himachal Pradesh Cricket Association Stadium,1,16.5,India,Sri Lanka,Kuldeep Yadav,MS Dhoni,RAS Lakmal,0,0,,,,,,,,,
1122726,2017/18,2017-12-10,Himachal Pradesh Cricket Association Stadium,1,16.6,India,Sri Lanka,Kuldeep Yadav,MS Dhoni,RAS Lakmal,0,0,,,,,,,,,
1122726,2017/18,2017-12-10,Himachal Pradesh Cricket Association Stadium,1,17.1,India,Sri Lanka,MS Dhoni,Kuldeep Yadav,N Pradeep,0,0,,,,,,,,,
1122726,2017/18,2017-12-10,Himachal Pradesh Cricket Association Stadium,1,17.2,India,Sri Lanka,MS Dhoni,Kuldeep Yadav,N Pradeep,0,0,,,,,,,,,
1122726,2017/18,2017-12-10,Himachal Pradesh Cricket Association Stadium,1,17.3,India,Sri Lanka,MS Dhoni,Kuldeep Yadav,N Pradeep,0,0,,,,,,,,,
1122726,2017/18,2017-12-10,Himachal Pradesh Cricket Association Stadium,1,17.4,India,Sri Lanka,MS Dhoni,Kuldeep Yadav,N Pradeep,0,0,,,,,,,,,
1122726,2017/18,2017-12-10,Himachal Pradesh Cricket Association Stadium,1,17.5,India,Sri Lanka,MS Dhoni,Kuldeep Yadav,N Pradeep,0,0,,,,,,,,,
1122726,2017/18,2017-12-10,Himachal Pradesh Cricket Association Stadium,1,17.6,India,Sri Lanka,MS Dhoni,Kuldeep Yadav,N Pradeep,0,0,,,,,,,,,
1122726,2017/18,2017-12-10,Himachal Pradesh Cricket Association Stadium,1,18.1,India,Sri Lanka,Kuldeep Yadav,MS Dhoni,RAS Lakmal,0,0,,,,,,,,,
1122726,2017/18,2017-12-10,Himachal Pradesh Cricket Association Stadium,1,18.2,India,Sri Lanka,Kuldeep Yadav,MS Dhoni,RAS Lakmal,0,0,,,,,,,,,
1122726,2017/18,2017-12-10,Himachal Pradesh Cricket Association Stadium,1,18.3,India,Sri Lanka,Kuldeep Yadav,MS Dhoni,RAS Lakmal,0,0,,,,,,,,,
1122726,2017/18,2017-12-10,Himachal Pradesh Cricket Association Stadium,1,18.4,India,Sri Lanka,Kuldeep Yadav,MS Dhoni,RAS Lakmal,0,0,,,,,,,,,
1122726,2017/18,2017-12-10,Himachal Pradesh Cricket Association Stadium,1,18.5,India,Sri Lanka,Kuldeep Yadav,MS Dhoni,RAS Lakmal,0,0,,,,,,,,,
1122726,2017/18,2017-12-10,Himachal Pradesh Cricket Association Stadium,1,18.6,India,Sri Lanka,Kuldeep Yadav,MS Dhoni,RAS Lakmal,0,0,,,,,,,,,
1122726,2017/18,2017-12-10,Himachal Pradesh Cricket Association Stadium,1,19.1,India,Sri Lanka,MS Dhoni,Kuldeep Yadav,N Pradeep,0,0,,,,,,,,,
1122726,2017/18,2017-12-10,Himachal Pradesh Cricket Association Stadium,1,19.2,India,Sri Lanka,MS Dhoni,Kuldeep Yadav,N Pradeep,0,0,,,,,,,,,
1122726,2017/18,2017-12-10,Himachal Pradesh Cricket Association Stadium,1,19.3,India,Sri Lanka,MS Dhoni,Kuldeep Yadav,N Pradeep,0,0,,,,,,,,,
1122726,2017/18,2017-12-10,Himachal Pradesh Cricket Association Stadium,1,19.4,India,Sri Lanka,MS Dhoni,Kuldeep Yadav,N Pradeep,0,0,,,,,,,,,
1122726,2017/18,2017-12-10,Himachal Pradesh Cricket Association Stadium,1,19.5,India,Sri Lanka,MS Dhoni,Kuldeep Yadav,N Pradeep,0,0,,,,,,,,,
1122726,2017/18,2017-12-10,Himachal Pradesh Cricket Association Stadium,1,19.6,India,Sri Lanka,MS Dhoni,Kuldeep Yadav,N Pradeep,0,0,,,,,,,,,
1122726,2017/18,2017-12-10,Himachal Pradesh Cricket Association Stadium,1,20.1,India,Sri Lanka,Kuldeep Yadav,MS Dhoni,NLTC Perera,0,0,,,,,,,,,
1122726,2017/18,2017-12-10,Himachal Pradesh Cricket Association Stadium,1,20.2,India,Sri Lanka,Kuldeep Yadav,MS Dhoni,NLTC Perera,1,0,,,,,,,,,
1122726,2017/18,2017-12-10,Himachal Pradesh Cricket Association Stadium,1,20.3,India,Sri Lanka,MS Dhoni,Kuldeep Yadav,NLTC Perera,4,0,,,,,,,,,
1122726,2017/18,2017-12-10,Himachal Pradesh Cricket Association Stadium,1,20.4,India,Sri Lanka,MS Dhoni,Kuldeep Yadav,NLTC Perera,0,0,,,,,,,,,
1122726,2017/18,2017-12-10,Himachal Pradesh Cricket Association Stadium,1,20.5,India,Sri Lanka,MS Dhoni,Kuldeep Yadav,NLTC Perera,1,0,,,,,,,,,
1122726,2017/18,2017-12-10,Himachal Pradesh Cricket Association Stadium,1,20.6,India,Sri Lanka,Kuldeep Yadav,MS Dhoni,NLTC Perera,0,0,,,,,,,,,
1122726,2017/18,2017-12-10,Himachal Pradesh Cricket Association Stadium,1,21.1,India,Sri Lanka,MS Dhoni,Kuldeep Yadav,N Pradeep,0,0,,,,,,,,,
1122726,2017/18,2017-12-10,Himachal Pradesh Cricket Association Stadium,1,21.2,India,Sri Lanka,MS Dhoni,Kuldeep Yadav,N Pradeep,1,0,,,,,,,,,
1122726,2017/18,2017-12-10,Himachal Pradesh Cricket Association Stadium,1,21.3,India,Sri Lanka,Kuldeep Yadav,MS Dhoni,N Pradeep,4,0,,,,,,,,,
1122726,2017/18,2017-12-10,Himachal Pradesh Cricket Association Stadium,1,21.4,India,Sri Lanka,Kuldeep Yadav,MS Dhoni,N Pradeep,0,0,,,,,,,,,
1122726,2017/18,2017-12-10,Himachal Pradesh Cricket Association Stadium,1,21.5,India,Sri Lanka,Kuldeep Yadav,MS Dhoni,N Pradeep,4,0,,,,,,,,,
1122726,2017/18,2017-12-10,Himachal Pradesh Cricket Association Stadium,1,21.6,India,Sri Lanka,Kuldeep Yadav,MS Dhoni,N Pradeep,0,0,,,,,,,,,
1122726,2017/18,2017-12-10,Himachal Pradesh Cricket Association Stadium,1,22.1,India,Sri Lanka,MS Dhoni,Kuldeep Yadav,NLTC Perera,4,0,,,,,,,,,
1122726,2017/18,2017-12-10,Himachal Pradesh Cricket Association Stadium,1,22.2,India,Sri Lanka,MS Dhoni,Kuldeep Yadav,NLTC Perera,0,0,,,,,,,,,
1122726,2017/18,2017-12-10,Himachal Pradesh Cricket Association Stadium,1,22.3,India,Sri Lanka,MS Dhoni,Kuldeep Yadav,NLTC Perera,1,0,,,,,,,,,
1122726,2017/18,2017-12-10,Himachal Pradesh Cricket Association Stadium,1,22.4,India,Sri Lanka,Kuldeep Yadav,MS Dhoni,NLTC Perera,0,0,,,,,,,,,
1122726,2017/18,2017-12-10,Himachal Pradesh Cricket Association Stadium,1,22.5,India,Sri Lanka,Kuldeep Yadav,MS Dhoni,NLTC Perera,1,0,,,,,,,,,
1122726,2017/18,2017-12-10,Himachal Pradesh Cricket Association Stadium,1,22.6,India,Sri Lanka,MS Dhoni,Kuldeep Yadav,NLTC Perera,0,0,,,,,,,,,
1122726,2017/18,2017-12-10,Himachal Pradesh Cricket Association Stadium,1,23.1,India,Sri Lanka,Kuldeep Yadav,MS Dhoni,N Pradeep,1,0,,,,,,,,,
1122726,2017/18,2017-12-10,Himachal Pradesh Cricket Association Stadium,1,23.2,India,Sri Lanka,MS Dhoni,Kuldeep Yadav,N Pradeep,4,0,,,,,,,,,
1122726,2017/18,2017-12-10,Himachal Pradesh Cricket Association Stadium,1,23.3,India,Sri Lanka,MS Dhoni,Kuldeep Yadav,N Pradeep,0,0,,,,,,,,,
1122726,2017/18,2017-12-10,Himachal Pradesh Cricket Association Stadium,1,23.4,India,Sri Lanka,MS Dhoni,Kuldeep Yadav,N Pradeep,1,0,,,,,,,,,
1122726,2017/18,2017-12-10,Himachal Pradesh Cricket Association Stadium,1,23.5,India,Sri Lanka,Kuldeep Yadav,MS Dhoni,N Pradeep,0,0,,,,,,,,,
1122726,2017/18,2017-12-10,Himachal Pradesh Cricket Association Stadium,1,23.6,India,Sri Lanka,Kuldeep Yadav,MS Dhoni,N Pradeep,4,0,,,,,,,,,
1122726,2017/18,2017-12-10,Himachal Pradesh Cricket Association Stadium,1,24.1,India,Sri Lanka,MS Dhoni,Kuldeep Yadav,NLTC Perera,4,0,,,,,,,,,
1122726,2017/18,2017-12-10,Himachal Pradesh Cricket Association Stadium,1,24.2,India,Sri Lanka,MS Dhoni,Kuldeep Yadav,NLTC Perera,0,0,,,,,,,,,
1122726,2017/18,2017-12-10,Himachal Pradesh Cricket Association Stadium,1,24.3,India,Sri Lanka,MS Dhoni,Kuldeep Yadav,NLTC Perera,1,0,,,,,,,,,
1122726,2017/18,2017-12-10,Himachal Pradesh Cricket Association Stadium,1,24.4,India,Sri Lanka,Kuldeep Yadav,MS Dhoni,NLTC Perera,0,0,,,,,,,,,
1122726,2017/18,2017-12-10,Himachal Pradesh Cricket Association Stadium,1,24.5,India,Sri Lanka,Kuldeep Yadav,MS Dhoni,NLTC Perera,4,0,,,,,,,,,
1122726,2017/18,2017-12-10,Himachal Pradesh Cricket Association Stadium,1,24.6,India,Sri Lanka,Kuldeep Yadav,MS Dhoni,NLTC Perera,0,0,,,,,,,,,
1122726,2017/18,2017-12-10,Himachal Pradesh Cricket Association Stadium,1,25.1,India,Sri Lanka,MS Dhoni,Kuldeep Yadav,A Dananjaya,1,0,,,,,,,,,
1122726,2017/18,2017-12-10,Himachal Pradesh Cricket Association Stadium,1,25.2,India,Sri Lanka,Kuldeep Yadav,MS Dhoni,A Dananjaya,0,0,,,,,,,,,
1122726,2017/18,2017-12-10,Himachal Pradesh Cricket Association Stadium,1,25.3,India,Sri Lanka,Kuldeep Yadav,MS Dhoni,A Dananjaya,0,0,,,,,,stumped,Kuldeep Yadav,,
1122726,2017/18,2017-12-10,Himachal Pradesh Cricket Association Stadium,1,25.4,India,Sri Lanka,JJ Bumrah,MS Dhoni,A Dananjaya,0,0,,,,,,,,,
1122726,2017/18,2017-12-10,Himachal Pradesh Cricket Association Stadium,1,25.5,India,Sri Lanka,JJ Bumrah,MS Dhoni,A Dananjaya,0,0,,,,,,,,,
1122726,2017/18,2017-12-10,Himachal Pradesh Cricket Association Stadium,1,25.6,India,Sri Lanka,JJ Bumrah,MS Dhoni,A Dananjaya,0,0,,,,,,,,,
1122726,2017/18,2017-12-10,Himachal Pradesh Cricket Association Stadium,1,26.1,India,Sri Lanka,MS Dhoni,JJ Bumrah,NLTC Perera,4,0,,,,,,,,,
1122726,2017/18,2017-12-10,Himachal Pradesh Cricket Association Stadium,1,26.2,India,Sri Lanka,MS Dhoni,JJ Bumrah,NLTC Perera,0,0,,,,,,,,,
1122726,2017/18,2017-12-10,Himachal Pradesh Cricket Association Stadium,1,26.3,India,Sri Lanka,MS Dhoni,JJ Bumrah,NLTC Perera,0,0,,,,,,,,,
1122726,2017/18,2017-12-10,Himachal Pradesh Cricket Association Stadium,1,26.4,India,Sri Lanka,MS Dhoni,JJ Bumrah,NLTC Perera,0,0,,,,,,,,,
1122726,2017/18,2017-12-10,Himachal Pradesh Cricket Association Stadium,1,26.5,India,Sri Lanka,MS Dhoni,JJ Bumrah,NLTC Perera,0,0,,,,,,,,,
1122726,2017/18,2017-12-10,Himachal Pradesh Cricket Association Stadium,1,26.6,India,Sri Lanka,MS Dhoni,JJ Bumrah,NLTC Perera,0,1,,,,1,,,,,
1122726,2017/18,2017-12-10,Himachal Pradesh Cricket Association Stadium,1,27.1,India,Sri Lanka,MS Dhoni,JJ Bumrah,A Dananjaya,0,0,,,,,,,,,
1122726,2017/18,2017-12-10,Himachal Pradesh Cricket Association Stadium,1,27.2,India,Sri Lanka,MS Dhoni,JJ Bumrah,A Dananjaya,4,0,,,,,,,,,
1122726,2017/18,2017-12-10,Himachal Pradesh Cricket Association Stadium,1,27.3,India,Sri Lanka,MS Dhoni,JJ Bumrah,A Dananjaya,0,0,,,,,,,,,
1122726,2017/18,2017-12-10,Himachal Pradesh Cricket Association Stadium,1,27.4,India,Sri Lanka,MS Dhoni,JJ Bumrah,A Dananjaya,0,0,,,,,,,,,
1122726,2017/18,2017-12-10,Himachal Pradesh Cricket Association Stadium,1,27.5,India,Sri Lanka,MS Dhoni,JJ Bumrah,A Dananjaya,1,0,,,,,,,,,
1122726,2017/18,2017-12-10,Himachal Pradesh Cricket Association Stadium,1,27.6,India,Sri Lanka,JJ Bumrah,MS Dhoni,A Dananjaya,0,0,,,,,,,,,
1122726,2017/18,2017-12-10,Himachal Pradesh Cricket Association Stadium,1,28.1,India,Sri Lanka,MS Dhoni,JJ Bumrah,N Pradeep,0,0,,,,,,,,,
1122726,2017/18,2017-12-10,Himachal Pradesh Cricket Association Stadium,1,28.2,India,Sri Lanka,MS Dhoni,JJ Bumrah,N Pradeep,0,0,,,,,,,,,
1122726,2017/18,2017-12-10,Himachal Pradesh Cricket Association Stadium,1,28.3,India,Sri Lanka,MS Dhoni,JJ Bumrah,N Pradeep,0,0,,,,,,,,,
1122726,2017/18,2017-12-10,Himachal Pradesh Cricket Association Stadium,1,28.4,India,Sri Lanka,MS Dhoni,JJ Bumrah,N Pradeep,0,0,,,,,,,,,
1122726,2017/18,2017-12-10,Himachal Pradesh Cricket Association Stadium,1,28.5,India,Sri Lanka,MS Dhoni,JJ Bumrah,N Pradeep,0,0,,,,,,,,,
1122726,2017/18,2017-12-10,Himachal Pradesh Cricket Association Stadium,1,28.6,India,Sri Lanka,MS Dhoni,JJ Bumrah,N Pradeep,0,0,,,,,,,,,
1122726,2017/18,2017-12-10,Himachal Pradesh Cricket Association Stadium,1,29.1,India,Sri Lanka,JJ Bumrah,MS Dhoni,A Dananjaya,0,0,,,,,,,,,
1122726,2017/18,2017-12-10,Himachal Pradesh Cricket Association Stadium,1,29.2,India,Sri Lanka,JJ Bumrah,MS Dhoni,A Dananjaya,0,0,,,,,,,,,
1122726,2017/18,2017-12-10,Himachal Pradesh Cricket Association Stadium,1,29.3,India,Sri Lanka,JJ Bumrah,MS Dhoni,A Dananjaya,0,0,,,,,,,,,
1122726,2017/18,2017-12-10,Himachal Pradesh Cricket Association Stadium,1,29.4,India,Sri Lanka,JJ Bumrah,MS Dhoni,A Dananjaya,0,0,,,,,,,,,
1122726,2017/18,2017-12-10,Himachal Pradesh Cricket Association Stadium,1,29.5,India,Sri Lanka,JJ Bumrah,MS Dhoni,A Dananjaya,0,0,,,,,,,,,
1122726,2017/18,2017-12-10,Himachal Pradesh Cricket Association Stadium,1,29.6,India,Sri Lanka,JJ Bumrah,MS Dhoni,A Dananjaya,0,0,,,,,,,,,
1122726,2017/18,2017-12-10,Himachal Pradesh Cricket Association Stadium,1,30.1,India,Sri Lanka,MS Dhoni,JJ Bumrah,SS Pathirana,0,0,,,,,,,,,
1122726,2017/18,2017-12-10,Himachal Pradesh Cricket Association Stadium,1,30.2,India,Sri Lanka,MS Dhoni,JJ Bumrah,SS Pathirana,0,0,,,,,,,,,
1122726,2017/18,2017-12-10,Himachal Pradesh Cricket Association Stadium,1,30.3,India,Sri Lanka,MS Dhoni,JJ Bumrah,SS Pathirana,4,0,,,,,,,,,
1122726,2017/18,2017-12-10,Himachal Pradesh Cricket Association Stadium,1,30.4,India,Sri Lanka,MS Dhoni,JJ Bumrah,SS Pathirana,0,0,,,,,,,,,
1122726,2017/18,2017-12-10,Himachal Pradesh Cricket Association Stadium,1,30.5,India,Sri Lanka,MS Dhoni,JJ Bumrah,SS Pathirana,0,0,,,,,,,,,
1122726,2017/18,2017-12-10,Himachal Pradesh Cricket Association Stadium,1,30.6,India,Sri Lanka,MS Dhoni,JJ Bumrah,SS Pathirana,1,0,,,,,,,,,
1122726,2017/18,2017-12-10,Himachal Pradesh Cricket Association Stadium,1,31.1,India,Sri Lanka,MS Dhoni,JJ Bumrah,A Dananjaya,0,0,,,,,,,,,
1122726,2017/18,2017-12-10,Himachal Pradesh Cricket Association Stadium,1,31.2,India,Sri Lanka,MS Dhoni,JJ Bumrah,A Dananjaya,0,0,,,,,,,,,
1122726,2017/18,2017-12-10,Himachal Pradesh Cricket Association Stadium,1,31.3,India,Sri Lanka,MS Dhoni,JJ Bumrah,A Dananjaya,0,0,,,,,,,,,
1122726,2017/18,2017-12-10,Himachal Pradesh Cricket Association Stadium,1,31.4,India,Sri Lanka,MS Dhoni,JJ Bumrah,A Dananjaya,0,0,,,,,,,,,
1122726,2017/18,2017-12-10,Himachal Pradesh Cricket Association Stadium,1,31.5,India,Sri Lanka,MS Dhoni,JJ Bumrah,A Dananjaya,0,0,,,,,,,,,
1122726,2017/18,2017-12-10,Himachal Pradesh Cricket Association Stadium,1,31.6,India,Sri Lanka,MS Dhoni,JJ Bumrah,A Dananjaya,1,0,,,,,,,,,
1122726,2017/18,2017-12-10,Himachal Pradesh Cricket Association Stadium,1,32.1,India,Sri Lanka,MS Dhoni,JJ Bumrah,SS Pathirana,0,0,,,,,,,,,
1122726,2017/18,2017-12-10,Himachal Pradesh Cricket Association Stadium,1,32.2,India,Sri Lanka,MS Dhoni,JJ Bumrah,SS Pathirana,0,0,,,,,,,,,
1122726,2017/18,2017-12-10,Himachal Pradesh Cricket Association Stadium,1,32.3,India,Sri Lanka,MS Dhoni,JJ Bumrah,SS Pathirana,0,0,,,,,,,,,
1122726,2017/18,2017-12-10,Himachal Pradesh Cricket Association Stadium,1,32.4,India,Sri Lanka,MS Dhoni,JJ Bumrah,SS Pathirana,1,0,,,,,,,,,
1122726,2017/18,2017-12-10,Himachal Pradesh Cricket Association Stadium,1,32.5,India,Sri Lanka,JJ Bumrah,MS Dhoni,SS Pathirana,0,0,,,,,,,,,
1122726,2017/18,2017-12-10,Himachal Pradesh Cricket Association Stadium,1,32.6,India,Sri Lanka,JJ Bumrah,MS Dhoni,SS Pathirana,0,0,,,,,,,,,
1122726,2017/18,2017-12-10,Himachal Pradesh Cricket Association Stadium,1,33.1,India,Sri Lanka,MS Dhoni,JJ Bumrah,A Dananjaya,0,0,,,,,,,,,
1122726,2017/18,2017-12-10,Himachal Pradesh Cricket Association Stadium,1,33.2,India,Sri Lanka,MS Dhoni,JJ Bumrah,A Dananjaya,0,0,,,,,,,,,
1122726,2017/18,2017-12-10,Himachal Pradesh Cricket Association Stadium,1,33.3,India,Sri Lanka,MS Dhoni,JJ Bumrah,A Dananjaya,0,0,,,,,,,,,
1122726,2017/18,2017-12-10,Himachal Pradesh Cricket Association Stadium,1,33.4,India,Sri Lanka,MS Dhoni,JJ Bumrah,A Dananjaya,0,0,,,,,,,,,
1122726,2017/18,2017-12-10,Himachal Pradesh Cricket Association Stadium,1,33.5,India,Sri Lanka,MS Dhoni,JJ Bumrah,A Dananjaya,0,0,,,,,,,,,
1122726,2017/18,2017-12-10,Himachal Pradesh Cricket Association Stadium,1,33.6,India,Sri Lanka,MS Dhoni,JJ Bumrah,A Dananjaya,0,0,,,,,,,,,
1122726,2017/18,2017-12-10,Himachal Pradesh Cricket Association Stadium,1,34.1,India,Sri Lanka,JJ Bumrah,MS Dhoni,SS Pathirana,0,0,,,,,,,,,
1122726,2017/18,2017-12-10,Himachal Pradesh Cricket Association Stadium,1,34.2,India,Sri Lanka,JJ Bumrah,MS Dhoni,SS Pathirana,0,0,,,,,,,,,
1122726,2017/18,2017-12-10,Himachal Pradesh Cricket Association Stadium,1,34.3,India,Sri Lanka,JJ Bumrah,MS Dhoni,SS Pathirana,0,0,,,,,,bowled,JJ Bumrah,,
1122726,2017/18,2017-12-10,Himachal Pradesh Cricket Association Stadium,1,34.4,India,Sri Lanka,YS Chahal,MS Dhoni,SS Pathirana,0,0,,,,,,,,,
1122726,2017/18,2017-12-10,Himachal Pradesh Cricket Association Stadium,1,34.5,India,Sri Lanka,YS Chahal,MS Dhoni,SS Pathirana,0,0,,,,,,,,,
1122726,2017/18,2017-12-10,Himachal Pradesh Cricket Association Stadium,1,34.6,India,Sri Lanka,YS Chahal,MS Dhoni,SS Pathirana,0,0,,,,,,,,,
1122726,2017/18,2017-12-10,Himachal Pradesh Cricket Association Stadium,1,35.1,India,Sri Lanka,MS Dhoni,YS Chahal,N Pradeep,6,0,,,,,,,,,
1122726,2017/18,2017-12-10,Himachal Pradesh Cricket Association Stadium,1,35.2,India,Sri Lanka,MS Dhoni,YS Chahal,N Pradeep,0,0,,,,,,,,,
1122726,2017/18,2017-12-10,Himachal Pradesh Cricket Association Stadium,1,35.3,India,Sri Lanka,MS Dhoni,YS Chahal,N Pradeep,0,0,,,,,,,,,
1122726,2017/18,2017-12-10,Himachal Pradesh Cricket Association Stadium,1,35.4,India,Sri Lanka,MS Dhoni,YS Chahal,N Pradeep,0,0,,,,,,,,,
1122726,2017/18,2017-12-10,Himachal Pradesh Cricket Association Stadium,1,35.5,India,Sri Lanka,MS Dhoni,YS Chahal,N Pradeep,4,0,,,,,,,,,
1122726,2017/18,2017-12-10,Himachal Pradesh Cricket Association Stadium,1,35.6,India,Sri Lanka,MS Dhoni,YS Chahal,N Pradeep,1,0,,,,,,,,,
1122726,2017/18,2017-12-10,Himachal Pradesh Cricket Association Stadium,1,36.1,India,Sri Lanka,MS Dhoni,YS Chahal,SS Pathirana,0,0,,,,,,,,,
1122726,2017/18,2017-12-10,Himachal Pradesh Cricket Association Stadium,1,36.2,India,Sri Lanka,MS Dhoni,YS Chahal,SS Pathirana,0,0,,,,,,,,,
1122726,2017/18,2017-12-10,Himachal Pradesh Cricket Association Stadium,1,36.3,India,Sri Lanka,MS Dhoni,YS Chahal,SS Pathirana,6,0,,,,,,,,,
1122726,2017/18,2017-12-10,Himachal Pradesh Cricket Association Stadium,1,36.4,India,Sri Lanka,MS Dhoni,YS Chahal,SS Pathirana,0,0,,,,,,,,,
1122726,2017/18,2017-12-10,Himachal Pradesh Cricket Association Stadium,1,36.5,India,Sri Lanka,MS Dhoni,YS Chahal,SS Pathirana,0,0,,,,,,,,,
1122726,2017/18,2017-12-10,Himachal Pradesh Cricket Association Stadium,1,36.6,India,Sri Lanka,MS Dhoni,YS Chahal,SS Pathirana,4,0,,,,,,,,,
1122726,2017/18,2017-12-10,Himachal Pradesh Cricket Association Stadium,1,37.1,India,Sri Lanka,YS Chahal,MS Dhoni,N Pradeep,0,0,,,,,,,,,
1122726,2017/18,2017-12-10,Himachal Pradesh Cricket Association Stadium,1,37.2,India,Sri Lanka,YS Chahal,MS Dhoni,N Pradeep,0,0,,,,,,,,,
1122726,2017/18,2017-12-10,Himachal Pradesh Cricket Association Stadium,1,37.3,India,Sri Lanka,YS Chahal,MS Dhoni,N Pradeep,0,0,,,,,,,,,
1122726,2017/18,2017-12-10,Himachal Pradesh Cricket Association Stadium,1,37.4,India,Sri Lanka,YS Chahal,MS Dhoni,N Pradeep,0,0,,,,,,,,,
1122726,2017/18,2017-12-10,Himachal Pradesh Cricket Association Stadium,1,37.5,India,Sri Lanka,YS Chahal,MS Dhoni,N Pradeep,0,0,,,,,,,,,
1122726,2017/18,2017-12-10,Himachal Pradesh Cricket Association Stadium,1,37.6,India,Sri Lanka,YS Chahal,MS Dhoni,N Pradeep,0,0,,,,,,,,,
1122726,2017/18,2017-12-10,Himachal Pradesh Cricket Association Stadium,1,38.1,India,Sri Lanka,MS Dhoni,YS Chahal,NLTC Perera,4,0,,,,,,,,,
1122726,2017/18,2017-12-10,Himachal Pradesh Cricket Association Stadium,1,38.2,India,Sri Lanka,MS Dhoni,YS Chahal,NLTC Perera,0,0,,,,,,caught,MS Dhoni,,
1122726,2017/18,2017-12-10,Himachal Pradesh Cricket Association Stadium,2,0.1,Sri Lanka,India,MD Gunathilaka,WU Tharanga,B Kumar,0,0,,,,,,,,,
1122726,2017/18,2017-12-10,Himachal Pradesh Cricket Association Stadium,2,0.2,Sri Lanka,India,MD Gunathilaka,WU Tharanga,B Kumar,0,0,,,,,,,,,
1122726,2017/18,2017-12-10,Himachal Pradesh Cricket Association Stadium,2,0.3,Sri Lanka,India,MD Gunathilaka,WU Tharanga,B Kumar,1,0,,,,,,,,,
1122726,2017/18,2017-12-10,Himachal Pradesh Cricket Association Stadium,2,0.4,Sri Lanka,India,WU Tharanga,MD Gunathilaka,B Kumar,0,0,,,,,,,,,
1122726,2017/18,2017-12-10,Himachal Pradesh Cricket Association Stadium,2,0.5,Sri Lanka,India,WU Tharanga,MD Gunathilaka,B Kumar,1,0,,,,,,,,,
1122726,2017/18,2017-12-10,Himachal Pradesh Cricket Association Stadium,2,0.6,Sri Lanka,India,MD Gunathilaka,WU Tharanga,B Kumar,0,0,,,,,,,,,
1122726,2017/18,2017-12-10,Himachal Pradesh Cricket Association Stadium,2,1.1,Sri Lanka,India,WU Tharanga,MD Gunathilaka,JJ Bumrah,0,0,,,,,,,,,
1122726,2017/18,2017-12-10,Himachal Pradesh Cricket Association Stadium,2,1.2,Sri Lanka,India,WU Tharanga,MD Gunathilaka,JJ Bumrah,0,0,,,,,,,,,
1122726,2017/18,2017-12-10,Himachal Pradesh Cricket Association Stadium,2,1.3,Sri Lanka,India,WU Tharanga,MD Gunathilaka,JJ Bumrah,1,0,,,,,,,,,
1122726,2017/18,2017-12-10,Himachal Pradesh Cricket Association Stadium,2,1.4,Sri Lanka,India,MD Gunathilaka,WU Tharanga,JJ Bumrah,0,0,,,,,,,,,
1122726,2017/18,2017-12-10,Himachal Pradesh Cricket Association Stadium,2,1.5,Sri Lanka,India,MD Gunathilaka,WU Tharanga,JJ Bumrah,0,0,,,,,,,,,
1122726,2017/18,2017-12-10,Himachal Pradesh Cricket Association Stadium,2,1.6,Sri Lanka,India,MD Gunathilaka,WU Tharanga,JJ Bumrah,0,0,,,,,,,,,
1122726,2017/18,2017-12-10,Himachal Pradesh Cricket Association Stadium,2,2.1,Sri Lanka,India,WU Tharanga,MD Gunathilaka,B Kumar,0,0,,,,,,,,,
1122726,2017/18,2017-12-10,Himachal Pradesh Cricket Association Stadium,2,2.2,Sri Lanka,India,WU Tharanga,MD Gunathilaka,B Kumar,0,0,,,,,,,,,
1122726,2017/18,2017-12-10,Himachal Pradesh Cricket Association Stadium,2,2.3,Sri Lanka,India,WU Tharanga,MD Gunathilaka,B Kumar,0,0,,,,,,,,,
1122726,2017/18,2017-12-10,Himachal Pradesh Cricket Association Stadium,2,2.4,Sri Lanka,India,WU Tharanga,MD Gunathilaka,B Kumar,4,0,,,,,,,,,
1122726,2017/18,2017-12-10,Himachal Pradesh Cricket Association Stadium,2,2.5,Sri Lanka,India,WU Tharanga,MD Gunathilaka,B Kumar,0,0,,,,,,,,,
1122726,2017/18,2017-12-10,Himachal Pradesh Cricket Association Stadium,2,2.6,Sri Lanka,India,WU Tharanga,MD Gunathilaka,B Kumar,0,0,,,,,,,,,
1122726,2017/18,2017-12-10,Himachal Pradesh Cricket Association Stadium,2,3.1,Sri Lanka,India,MD Gunathilaka,WU Tharanga,JJ Bumrah,0,0,,,,,,,,,
1122726,2017/18,2017-12-10,Himachal Pradesh Cricket Association Stadium,2,3.2,Sri Lanka,India,MD Gunathilaka,WU Tharanga,JJ Bumrah,0,0,,,,,,,,,
1122726,2017/18,2017-12-10,Himachal Pradesh Cricket Association Stadium,2,3.3,Sri Lanka,India,MD Gunathilaka,WU Tharanga,JJ Bumrah,0,0,,,,,,,,,
1122726,2017/18,2017-12-10,Himachal Pradesh Cricket Association Stadium,2,3.4,Sri Lanka,India,MD Gunathilaka,WU Tharanga,JJ Bumrah,0,0,,,,,,caught,MD Gunathilaka,,
1122726,2017/18,2017-12-10,Himachal Pradesh Cricket Association Stadium,2,3.5,Sri Lanka,India,HDRL Thirimanne,WU Tharanga,JJ Bumrah,0,0,,,,,,,,,
1122726,2017/18,2017-12-10,Himachal Pradesh Cricket Association Stadium,2,3.6,Sri Lanka,India,HDRL Thirimanne,WU Tharanga,JJ Bumrah,0,0,,,,,,,,,
1122726,2017/18,2017-12-10,Himachal Pradesh Cricket Association Stadium,2,4.1,Sri Lanka,India,WU Tharanga,HDRL Thirimanne,B Kumar,0,0,,,,,,,,,
1122726,2017/18,2017-12-10,Himachal Pradesh Cricket Association Stadium,2,4.2,Sri Lanka,India,WU Tharanga,HDRL Thirimanne,B Kumar,4,0,,,,,,,,,
1122726,2017/18,2017-12-10,Himachal Pradesh Cricket Association Stadium,2,4.3,Sri Lanka,India,WU Tharanga,HDRL Thirimanne,B Kumar,0,0,,,,,,,,,
1122726,2017/18,2017-12-10,Himachal Pradesh Cricket Association Stadium,2,4.4,Sri Lanka,India,WU Tharanga,HDRL Thirimanne,B Kumar,0,0,,,,,,,,,
1122726,2017/18,2017-12-10,Himachal Pradesh Cricket Association Stadium,2,4.5,Sri Lanka,India,WU Tharanga,HDRL Thirimanne,B Kumar,0,0,,,,,,,,,
1122726,2017/18,2017-12-10,Himachal Pradesh Cricket Association Stadium,2,4.6,Sri Lanka,India,WU Tharanga,HDRL Thirimanne,B Kumar,1,0,,,,,,,,,
1122726,2017/18,2017-12-10,Himachal Pradesh Cricket Association Stadium,2,5.1,Sri Lanka,India,WU Tharanga,HDRL Thirimanne,JJ Bumrah,0,1,1,,,,,,,,
1122726,2017/18,2017-12-10,Himachal Pradesh Cricket Association Stadium,2,5.2,Sri Lanka,India,WU Tharanga,HDRL Thirimanne,JJ Bumrah,0,0,,,,,,,,,
1122726,2017/18,2017-12-10,Himachal Pradesh Cricket Association Stadium,2,5.3,Sri Lanka,India,WU Tharanga,HDRL Thirimanne,JJ Bumrah,0,0,,,,,,,,,
1122726,2017/18,2017-12-10,Himachal Pradesh Cricket Association Stadium,2,5.4,Sri Lanka,India,WU Tharanga,HDRL Thirimanne,JJ Bumrah,0,0,,,,,,,,,
1122726,2017/18,2017-12-10,Himachal Pradesh Cricket Association Stadium,2,5.5,Sri Lanka,India,WU Tharanga,HDRL Thirimanne,JJ Bumrah,0,0,,,,,,,,,
1122726,2017/18,2017-12-10,Himachal Pradesh Cricket Association Stadium,2,5.6,Sri Lanka,India,WU Tharanga,HDRL Thirimanne,JJ Bumrah,0,1,1,,,,,,,,
1122726,2017/18,2017-12-10,Himachal Pradesh Cricket Association Stadium,2,5.7,Sri Lanka,India,WU Tharanga,HDRL Thirimanne,JJ Bumrah,0,1,,1,,,,,,,
1122726,2017/18,2017-12-10,Himachal Pradesh Cricket Association Stadium,2,5.8,Sri Lanka,India,WU Tharanga,HDRL Thirimanne,JJ Bumrah,4,0,,,,,,,,,
1122726,2017/18,2017-12-10,Himachal Pradesh Cricket Association Stadium,2,5.9,Sri Lanka,India,WU Tharanga,HDRL Thirimanne,JJ Bumrah,0,0,,,,,,,,,
1122726,2017/18,2017-12-10,Himachal Pradesh Cricket Association Stadium,2,6.1,Sri Lanka,India,HDRL Thirimanne,WU Tharanga,B Kumar,0,0,,,,,,bowled,HDRL Thirimanne,,
1122726,2017/18,2017-12-10,Himachal Pradesh Cricket Association Stadium,2,6.2,Sri Lanka,India,AD Mathews,WU Tharanga,B Kumar,0,0,,,,,,,,,
1122726,2017/18,2017-12-10,Himachal Pradesh Cricket Association Stadium,2,6.3,Sri Lanka,India,AD Mathews,WU Tharanga,B Kumar,0,0,,,,,,,,,
1122726,2017/18,2017-12-10,Himachal Pradesh Cricket Association Stadium,2,6.4,Sri Lanka,India,AD Mathews,WU Tharanga,B Kumar,0,0,,,,,,,,,
1122726,2017/18,2017-12-10,Himachal Pradesh Cricket Association Stadium,2,6.5,Sri Lanka,India,AD Mathews,WU Tharanga,B Kumar,0,0,,,,,,,,,
1122726,2017/18,2017-12-10,Himachal Pradesh Cricket Association Stadium,2,6.6,Sri Lanka,India,AD Mathews,WU Tharanga,B Kumar,0,0,,,,,,,,,
1122726,2017/18,2017-12-10,Himachal Pradesh Cricket Association Stadium,2,7.1,Sri Lanka,India,WU Tharanga,AD Mathews,JJ Bumrah,0,0,,,,,,,,,
1122726,2017/18,2017-12-10,Himachal Pradesh Cricket Association Stadium,2,7.2,Sri Lanka,India,WU Tharanga,AD Mathews,JJ Bumrah,0,0,,,,,,,,,
1122726,2017/18,2017-12-10,Himachal Pradesh Cricket Association Stadium,2,7.3,Sri Lanka,India,WU Tharanga,AD Mathews,JJ Bumrah,1,0,,,,,,,,,
1122726,2017/18,2017-12-10,Himachal Pradesh Cricket Association Stadium,2,7.4,Sri Lanka,India,AD Mathews,WU Tharanga,JJ Bumrah,0,0,,,,,,,,,
1122726,2017/18,2017-12-10,Himachal Pradesh Cricket Association Stadium,2,7.5,Sri Lanka,India,AD Mathews,WU Tharanga,JJ Bumrah,0,0,,,,,,,,,
1122726,2017/18,2017-12-10,Himachal Pradesh Cricket Association Stadium,2,7.6,Sri Lanka,India,AD Mathews,WU Tharanga,JJ Bumrah,0,0,,,,,,,,,
1122726,2017/18,2017-12-10,Himachal Pradesh Cricket Association Stadium,2,8.1,Sri Lanka,India,WU Tharanga,AD Mathews,B Kumar,4,0,,,,,,,,,
1122726,2017/18,2017-12-10,Himachal Pradesh Cricket Association Stadium,2,8.2,Sri Lanka,India,WU Tharanga,AD Mathews,B Kumar,4,0,,,,,,,,,
1122726,2017/18,2017-12-10,Himachal Pradesh Cricket Association Stadium,2,8.3,Sri Lanka,India,WU Tharanga,AD Mathews,B Kumar,2,0,,,,,,,,,
1122726,2017/18,2017-12-10,Himachal Pradesh Cricket Association Stadium,2,8.4,Sri Lanka,India,WU Tharanga,AD Mathews,B Kumar,1,0,,,,,,,,,
1122726,2017/18,2017-12-10,Himachal Pradesh Cricket Association Stadium,2,8.5,Sri Lanka,India,AD Mathews,WU Tharanga,B Kumar,0,0,,,,,,,,,
1122726,2017/18,2017-12-10,Himachal Pradesh Cricket Association Stadium,2,8.6,Sri Lanka,India,AD Mathews,WU Tharanga,B Kumar,0,0,,,,,,,,,
1122726,2017/18,2017-12-10,Himachal Pradesh Cricket Association Stadium,2,9.1,Sri Lanka,India,WU Tharanga,AD Mathews,JJ Bumrah,0,1,,1,,,,,,,
1122726,2017/18,2017-12-10,Himachal Pradesh Cricket Association Stadium,2,9.2,Sri Lanka,India,WU Tharanga,AD Mathews,JJ Bumrah,4,0,,,,,,,,,
1122726,2017/18,2017-12-10,Himachal Pradesh Cricket Association Stadium,2,9.3,Sri Lanka,India,WU Tharanga,AD Mathews,JJ Bumrah,0,0,,,,,,,,,
1122726,2017/18,2017-12-10,Himachal Pradesh Cricket Association Stadium,2,9.4,Sri Lanka,India,WU Tharanga,AD Mathews,JJ Bumrah,0,1,,,,1,,,,,
1122726,2017/18,2017-12-10,Himachal Pradesh Cricket Association Stadium,2,9.5,Sri Lanka,India,AD Mathews,WU Tharanga,JJ Bumrah,1,0,,,,,,,,,
1122726,2017/18,2017-12-10,Himachal Pradesh Cricket Association Stadium,2,9.6,Sri Lanka,India,WU Tharanga,AD Mathews,JJ Bumrah,0,0,,,,,,,,,
1122726,2017/18,2017-12-10,Himachal Pradesh Cricket Association Stadium,2,9.7,Sri Lanka,India,WU Tharanga,AD Mathews,JJ Bumrah,4,0,,,,,,,,,
1122726,2017/18,2017-12-10,Himachal Pradesh Cricket Association Stadium,2,10.1,Sri Lanka,India,AD Mathews,WU Tharanga,HH Pandya,0,0,,,,,,,,,
1122726,2017/18,2017-12-10,Himachal Pradesh Cricket Association Stadium,2,10.2,Sri Lanka,India,AD Mathews,WU Tharanga,HH Pandya,0,0,,,,,,,,,
1122726,2017/18,2017-12-10,Himachal Pradesh Cricket Association Stadium,2,10.3,Sri Lanka,India,AD Mathews,WU Tharanga,HH Pandya,1,0,,,,,,,,,
1122726,2017/18,2017-12-10,Himachal Pradesh Cricket Association Stadium,2,10.4,Sri Lanka,India,WU Tharanga,AD Mathews,HH Pandya,4,0,,,,,,,,,
1122726,2017/18,2017-12-10,Himachal Pradesh Cricket Association Stadium,2,10.5,Sri Lanka,India,WU Tharanga,AD Mathews,HH Pandya,4,0,,,,,,,,,
1122726,2017/18,2017-12-10,Himachal Pradesh Cricket Association Stadium,2,10.6,Sri Lanka,India,WU Tharanga,AD Mathews,HH Pandya,0,5,5,,,,,,,,
1122726,2017/18,2017-12-10,Himachal Pradesh Cricket Association Stadium,2,10.7,Sri Lanka,India,WU Tharanga,AD Mathews,HH Pandya,0,0,,,,,,,,,
1122726,2017/18,2017-12-10,Himachal Pradesh Cricket Association Stadium,2,11.1,Sri Lanka,India,AD Mathews,WU Tharanga,B Kumar,1,0,,,,,,,,,
1122726,2017/18,2017-12-10,Himachal Pradesh Cricket Association Stadium,2,11.2,Sri Lanka,India,WU Tharanga,AD Mathews,B Kumar,0,0,,,,,,,,,
1122726,2017/18,2017-12-10,Himachal Pradesh Cricket Association Stadium,2,11.3,Sri Lanka,India,WU Tharanga,AD Mathews,B Kumar,1,0,,,,,,,,,
1122726,2017/18,2017-12-10,Himachal Pradesh Cricket Association Stadium,2,11.4,Sri Lanka,India,AD Mathews,WU Tharanga,B Kumar,0,0,,,,,,,,,
1122726,2017/18,2017-12-10,Himachal Pradesh Cricket Association Stadium,2,11.5,Sri Lanka,India,AD Mathews,WU Tharanga,B Kumar,1,0,,,,,,,,,
1122726,2017/18,2017-12-10,Himachal Pradesh Cricket Association Stadium,2,11.6,Sri Lanka,India,WU Tharanga,AD Mathews,B Kumar,1,0,,,,,,,,,
1122726,2017/18,2017-12-10,Himachal Pradesh Cricket Association Stadium,2,12.1,Sri Lanka,India,WU Tharanga,AD Mathews,HH Pandya,0,1,1,,,,,,,,
1122726,2017/18,2017-12-10,Himachal Pradesh Cricket Association Stadium,2,12.2,Sri Lanka,India,WU Tharanga,AD Mathews,HH Pandya,4,0,,,,,,,,,
1122726,2017/18,2017-12-10,Himachal Pradesh Cricket Association Stadium,2,12.3,Sri Lanka,India,WU Tharanga,AD Mathews,HH Pandya,0,0,,,,,,,,,
1122726,2017/18,2017-12-10,Himachal Pradesh Cricket Association Stadium,2,12.4,Sri Lanka,India,WU Tharanga,AD Mathews,HH Pandya,0,0,,,,,,caught,WU Tharanga,,
1122726,2017/18,2017-12-10,Himachal Pradesh Cricket Association Stadium,2,12.5,Sri Lanka,India,N Dickwella,AD Mathews,HH Pandya,1,0,,,,,,,,,
1122726,2017/18,2017-12-10,Himachal Pradesh Cricket Association Stadium,2,12.6,Sri Lanka,India,AD Mathews,N Dickwella,HH Pandya,0,0,,,,,,,,,
1122726,2017/18,2017-12-10,Himachal Pradesh Cricket Association Stadium,2,12.7,Sri Lanka,India,AD Mathews,N Dickwella,HH Pandya,0,0,,,,,,,,,
1122726,2017/18,2017-12-10,Himachal Pradesh Cricket Association Stadium,2,13.1,Sri Lanka,India,N Dickwella,AD Mathews,B Kumar,0,0,,,,,,,,,
1122726,2017/18,2017-12-10,Himachal Pradesh Cricket Association Stadium,2,13.2,Sri Lanka,India,N Dickwella,AD Mathews,B Kumar,0,0,,,,,,,,,
1122726,2017/18,2017-12-10,Himachal Pradesh Cricket Association Stadium,2,13.3,Sri Lanka,India,N Dickwella,AD Mathews,B Kumar,0,0,,,,,,,,,
1122726,2017/18,2017-12-10,Himachal Pradesh Cricket Association Stadium,2,13.4,Sri Lanka,India,N Dickwella,AD Mathews,B Kumar,0,0,,,,,,,,,
1122726,2017/18,2017-12-10,Himachal Pradesh Cricket Association Stadium,2,13.5,Sri Lanka,India,N Dickwella,AD Mathews,B Kumar,4,0,,,,,,,,,
1122726,2017/18,2017-12-10,Himachal Pradesh Cricket Association Stadium,2,13.6,Sri Lanka,India,N Dickwella,AD Mathews,B Kumar,2,0,,,,,,,,,
1122726,2017/18,2017-12-10,Himachal Pradesh Cricket Association Stadium,2,14.1,Sri Lanka,India,AD Mathews,N Dickwella,HH Pandya,0,0,,,,,,,,,
1122726,2017/18,2017-12-10,Himachal Pradesh Cricket Association Stadium,2,14.2,Sri Lanka,India,AD Mathews,N Dickwella,HH Pandya,0,0,,,,,,,,,
1122726,2017/18,2017-12-10,Himachal Pradesh Cricket Association Stadium,2,14.3,Sri Lanka,India,AD Mathews,N Dickwella,HH Pandya,0,0,,,,,,,,,
1122726,2017/18,2017-12-10,Himachal Pradesh Cricket Association Stadium,2,14.4,Sri Lanka,India,AD Mathews,N Dickwella,HH Pandya,0,0,,,,,,,,,
1122726,2017/18,2017-12-10,Himachal Pradesh Cricket Association Stadium,2,14.5,Sri Lanka,India,AD Mathews,N Dickwella,HH Pandya,0,0,,,,,,,,,
1122726,2017/18,2017-12-10,Himachal Pradesh Cricket Association Stadium,2,14.6,Sri Lanka,India,AD Mathews,N Dickwella,HH Pandya,4,0,,,,,,,,,
1122726,2017/18,2017-12-10,Himachal Pradesh Cricket Association Stadium,2,15.1,Sri Lanka,India,N Dickwella,AD Mathews,JJ Bumrah,0,0,,,,,,,,,
1122726,2017/18,2017-12-10,Himachal Pradesh Cricket Association Stadium,2,15.2,Sri Lanka,India,N Dickwella,AD Mathews,JJ Bumrah,1,0,,,,,,,,,
1122726,2017/18,2017-12-10,Himachal Pradesh Cricket Association Stadium,2,15.3,Sri Lanka,India,AD Mathews,N Dickwella,JJ Bumrah,4,0,,,,,,,,,
1122726,2017/18,2017-12-10,Himachal Pradesh Cricket Association Stadium,2,15.4,Sri Lanka,India,AD Mathews,N Dickwella,JJ Bumrah,0,0,,,,,,,,,
1122726,2017/18,2017-12-10,Himachal Pradesh Cricket Association Stadium,2,15.5,Sri Lanka,India,AD Mathews,N Dickwella,JJ Bumrah,4,0,,,,,,,,,
1122726,2017/18,2017-12-10,Himachal Pradesh Cricket Association Stadium,2,15.6,Sri Lanka,India,AD Mathews,N Dickwella,JJ Bumrah,0,0,,,,,,,,,
1122726,2017/18,2017-12-10,Himachal Pradesh Cricket Association Stadium,2,16.1,Sri Lanka,India,N Dickwella,AD Mathews,HH Pandya,1,0,,,,,,,,,
1122726,2017/18,2017-12-10,Himachal Pradesh Cricket Association Stadium,2,16.2,Sri Lanka,India,AD Mathews,N Dickwella,HH Pandya,1,0,,,,,,,,,
1122726,2017/18,2017-12-10,Himachal Pradesh Cricket Association Stadium,2,16.3,Sri Lanka,India,N Dickwella,AD Mathews,HH Pandya,0,0,,,,,,,,,
1122726,2017/18,2017-12-10,Himachal Pradesh Cricket Association Stadium,2,16.4,Sri Lanka,India,N Dickwella,AD Mathews,HH Pandya,0,0,,,,,,,,,
1122726,2017/18,2017-12-10,Himachal Pradesh Cricket Association Stadium,2,16.5,Sri Lanka,India,N Dickwella,AD Mathews,HH Pandya,0,0,,,,,,,,,
1122726,2017/18,2017-12-10,Himachal Pradesh Cricket Association Stadium,2,16.6,Sri Lanka,India,N Dickwella,AD Mathews,HH Pandya,4,0,,,,,,,,,
1122726,2017/18,2017-12-10,Himachal Pradesh Cricket Association Stadium,2,17.1,Sri Lanka,India,AD Mathews,N Dickwella,JJ Bumrah,0,0,,,,,,,,,
1122726,2017/18,2017-12-10,Himachal Pradesh Cricket Association Stadium,2,17.2,Sri Lanka,India,AD Mathews,N Dickwella,JJ Bumrah,0,0,,,,,,,,,
1122726,2017/18,2017-12-10,Himachal Pradesh Cricket Association Stadium,2,17.3,Sri Lanka,India,AD Mathews,N Dickwella,JJ Bumrah,0,0,,,,,,,,,
1122726,2017/18,2017-12-10,Himachal Pradesh Cricket Association Stadium,2,17.4,Sri Lanka,India,AD Mathews,N Dickwella,JJ Bumrah,0,0,,,,,,,,,
1122726,2017/18,2017-12-10,Himachal Pradesh Cricket Association Stadium,2,17.5,Sri Lanka,India,AD Mathews,N Dickwella,JJ Bumrah,4,0,,,,,,,,,
1122726,2017/18,2017-12-10,Himachal Pradesh Cricket Association Stadium,2,17.6,Sri Lanka,India,AD Mathews,N Dickwella,JJ Bumrah,0,0,,,,,,,,,
1122726,2017/18,2017-12-10,Himachal Pradesh Cricket Association Stadium,2,18.1,Sri Lanka,India,N Dickwella,AD Mathews,B Kumar,0,0,,,,,,,,,
1122726,2017/18,2017-12-10,Himachal Pradesh Cricket Association Stadium,2,18.2,Sri Lanka,India,N Dickwella,AD Mathews,B Kumar,0,0,,,,,,,,,
1122726,2017/18,2017-12-10,Himachal Pradesh Cricket Association Stadium,2,18.3,Sri Lanka,India,N Dickwella,AD Mathews,B Kumar,4,0,,,,,,,,,
1122726,2017/18,2017-12-10,Himachal Pradesh Cricket Association Stadium,2,18.4,Sri Lanka,India,N Dickwella,AD Mathews,B Kumar,1,0,,,,,,,,,
1122726,2017/18,2017-12-10,Himachal Pradesh Cricket Association Stadium,2,18.5,Sri Lanka,India,AD Mathews,N Dickwella,B Kumar,0,0,,,,,,,,,
1122726,2017/18,2017-12-10,Himachal Pradesh Cricket Association Stadium,2,18.6,Sri Lanka,India,AD Mathews,N Dickwella,B Kumar,0,0,,,,,,,,,
1122726,2017/18,2017-12-10,Himachal Pradesh Cricket Association Stadium,2,19.1,Sri Lanka,India,N Dickwella,AD Mathews,HH Pandya,4,0,,,,,,,,,
1122726,2017/18,2017-12-10,Himachal Pradesh Cricket Association Stadium,2,19.2,Sri Lanka,India,N Dickwella,AD Mathews,HH Pandya,4,0,,,,,,,,,
1122726,2017/18,2017-12-10,Himachal Pradesh Cricket Association Stadium,2,19.3,Sri Lanka,India,N Dickwella,AD Mathews,HH Pandya,0,0,,,,,,,,,
1122726,2017/18,2017-12-10,Himachal Pradesh Cricket Association Stadium,2,19.4,Sri Lanka,India,N Dickwella,AD Mathews,HH Pandya,0,0,,,,,,,,,
1122726,2017/18,2017-12-10,Himachal Pradesh Cricket Association Stadium,2,19.5,Sri Lanka,India,N Dickwella,AD Mathews,HH Pandya,0,1,1,,,,,,,,
1122726,2017/18,2017-12-10,Himachal Pradesh Cricket Association Stadium,2,19.6,Sri Lanka,India,N Dickwella,AD Mathews,HH Pandya,0,0,,,,,,,,,
1122726,2017/18,2017-12-10,Himachal Pradesh Cricket Association Stadium,2,19.7,Sri Lanka,India,N Dickwella,AD Mathews,HH Pandya,0,0,,,,,,,,,
1122726,2017/18,2017-12-10,Himachal Pradesh Cricket Association Stadium,2,20.1,Sri Lanka,India,AD Mathews,N Dickwella,B Kumar,0,0,,,,,,,,,
1122726,2017/18,2017-12-10,Himachal Pradesh Cricket Association Stadium,2,20.2,Sri Lanka,India,AD Mathews,N Dickwella,B Kumar,0,0,,,,,,,,,
1122726,2017/18,2017-12-10,Himachal Pradesh Cricket Association Stadium,2,20.3,Sri Lanka,India,AD Mathews,N Dickwella,B Kumar,0,0,,,,,,,,,
1122726,2017/18,2017-12-10,Himachal Pradesh Cricket Association Stadium,2,20.4,Sri Lanka,India,AD Mathews,N Dickwella,B Kumar,0,1,1,,,,,,,,
1122726,2017/18,2017-12-10,Himachal Pradesh Cricket Association Stadium,2,20.5,Sri Lanka,India,AD Mathews,N Dickwella,B Kumar,4,0,,,,,,,,,
