match_id,season,start_date,venue,innings,ball,batting_team,bowling_team,striker,non_striker,bowler,runs_off_bat,extras,wides,noballs,byes,legbyes,penalty,wicket_type,player_dismissed,other_wicket_type,other_player_dismissed
1126727,2018,2018-07-07,Headingley,1,0.1,England,New Zealand,AE Jones,TT Beaumont,LMM Tahuhu,0,1,1,,,,,,,,
1126727,2018,2018-07-07,Headingley,1,0.2,England,New Zealand,AE Jones,TT Beaumont,LMM Tahuhu,4,0,,,,,,,,,
1126727,2018,2018-07-07,Headingley,1,0.3,England,New Zealand,AE Jones,TT Beaumont,LMM Tahuhu,0,0,,,,,,,,,
1126727,2018,2018-07-07,Headingley,1,0.4,England,New Zealand,AE Jones,TT Beaumont,LMM Tahuhu,0,0,,,,,,,,,
1126727,2018,2018-07-07,Headingley,1,0.5,England,New Zealand,AE Jones,TT Beaumont,LMM Tahuhu,0,0,,,,,,,,,
1126727,2018,2018-07-07,Headingley,1,0.6,England,New Zealand,AE Jones,TT Beaumont,LMM Tahuhu,0,0,,,,,,,,,
1126727,2018,2018-07-07,Headingley,1,0.7,England,New Zealand,AE Jones,TT Beaumont,LMM Tahuhu,0,0,,,,,,,,,
1126727,2018,2018-07-07,Headingley,1,1.1,England,New Zealand,TT Beaumont,AE Jones,HR Huddleston,0,0,,,,,,,,,
1126727,2018,2018-07-07,Headingley,1,1.2,England,New Zealand,TT Beaumont,AE Jones,HR Huddleston,0,0,,,,,,,,,
1126727,2018,2018-07-07,Headingley,1,1.3,England,New Zealand,TT Beaumont,AE Jones,HR Huddleston,0,0,,,,,,,,,
1126727,2018,2018-07-07,Headingley,1,1.4,England,New Zealand,TT Beaumont,AE Jones,HR Huddleston,0,0,,,,,,,,,
1126727,2018,2018-07-07,Headingley,1,1.5,England,New Zealand,TT Beaumont,AE Jones,HR Huddleston,0,0,,,,,,,,,
1126727,2018,2018-07-07,Headingley,1,1.6,England,New Zealand,TT Beaumont,AE Jones,HR Huddleston,2,0,,,,,,,,,
1126727,2018,2018-07-07,Headingley,1,2.1,England,New Zealand,AE Jones,TT Beaumont,LMM Tahuhu,0,0,,,,,,,,,
1126727,2018,2018-07-07,Headingley,1,2.2,England,New Zealand,AE Jones,TT Beaumont,LMM Tahuhu,0,0,,,,,,,,,
1126727,2018,2018-07-07,Headingley,1,2.3,England,New Zealand,AE Jones,TT Beaumont,LMM Tahuhu,4,0,,,,,,,,,
1126727,2018,2018-07-07,Headingley,1,2.4,England,New Zealand,AE Jones,TT Beaumont,LMM Tahuhu,4,0,,,,,,,,,
1126727,2018,2018-07-07,Headingley,1,2.5,England,New Zealand,AE Jones,TT Beaumont,LMM Tahuhu,1,1,,1,,,,,,,
1126727,2018,2018-07-07,Headingley,1,2.6,England,New Zealand,TT Beaumont,AE Jones,LMM Tahuhu,0,1,1,,,,,,,,
1126727,2018,2018-07-07,Headingley,1,2.7,England,New Zealand,TT Beaumont,AE Jones,LMM Tahuhu,0,0,,,,,,,,,
1126727,2018,2018-07-07,Headingley,1,2.8,England,New Zealand,TT Beaumont,AE Jones,LMM Tahuhu,0,0,,,,,,,,,
1126727,2018,2018-07-07,Headingley,1,3.1,England,New Zealand,AE Jones,TT Beaumont,HR Huddleston,0,0,,,,,,,,,
1126727,2018,2018-07-07,Headingley,1,3.2,England,New Zealand,AE Jones,TT Beaumont,HR Huddleston,0,0,,,,,,,,,
1126727,2018,2018-07-07,Headingley,1,3.3,England,New Zealand,AE Jones,TT Beaumont,HR Huddleston,0,0,,,,,,,,,
1126727,2018,2018-07-07,Headingley,1,3.4,England,New Zealand,AE Jones,TT Beaumont,HR Huddleston,0,0,,,,,,,,,
1126727,2018,2018-07-07,Headingley,1,3.5,England,New Zealand,AE Jones,TT Beaumont,HR Huddleston,0,1,,1,,,,,,,
1126727,2018,2018-07-07,Headingley,1,3.6,England,New Zealand,AE Jones,TT Beaumont,HR Huddleston,1,0,,,,,,,,,
1126727,2018,2018-07-07,Headingley,1,3.7,England,New Zealand,TT Beaumont,AE Jones,HR Huddleston,1,0,,,,,,,,,
1126727,2018,2018-07-07,Headingley,1,4.1,England,New Zealand,TT Beaumont,AE Jones,LMM Tahuhu,0,0,,,,,,,,,
1126727,2018,2018-07-07,Headingley,1,4.2,England,New Zealand,TT Beaumont,AE Jones,LMM Tahuhu,0,0,,,,,,,,,
1126727,2018,2018-07-07,Headingley,1,4.3,England,New Zealand,TT Beaumont,AE Jones,LMM Tahuhu,2,0,,,,,,,,,
1126727,2018,2018-07-07,Headingley,1,4.4,England,New Zealand,TT Beaumont,AE Jones,LMM Tahuhu,0,1,,,,1,,,,,
1126727,2018,2018-07-07,Headingley,1,4.5,England,New Zealand,AE Jones,TT Beaumont,LMM Tahuhu,1,0,,,,,,,,,
1126727,2018,2018-07-07,Headingley,1,4.6,England,New Zealand,TT Beaumont,AE Jones,LMM Tahuhu,0,0,,,,,,,,,
1126727,2018,2018-07-07,Headingley,1,5.1,England,New Zealand,AE Jones,TT Beaumont,HR Huddleston,0,0,,,,,,,,,
1126727,2018,2018-07-07,Headingley,1,5.2,England,New Zealand,AE Jones,TT Beaumont,HR Huddleston,2,0,,,,,,,,,
1126727,2018,2018-07-07,Headingley,1,5.3,England,New Zealand,AE Jones,TT Beaumont,HR Huddleston,0,0,,,,,,,,,
1126727,2018,2018-07-07,Headingley,1,5.4,England,New Zealand,AE Jones,TT Beaumont,HR Huddleston,0,0,,,,,,,,,
1126727,2018,2018-07-07,Headingley,1,5.5,England,New Zealand,AE Jones,TT Beaumont,HR Huddleston,4,0,,,,,,,,,
1126727,2018,2018-07-07,Headingley,1,5.6,England,New Zealand,AE Jones,TT Beaumont,HR Huddleston,0,0,,,,,,,,,
1126727,2018,2018-07-07,Headingley,1,6.1,England,New Zealand,TT Beaumont,AE Jones,SFM Devine,0,1,1,,,,,,,,
1126727,2018,2018-07-07,Headingley,1,6.2,England,New Zealand,TT Beaumont,AE Jones,SFM Devine,0,0,,,,,,,,,
1126727,2018,2018-07-07,Headingley,1,6.3,England,New Zealand,TT Beaumont,AE Jones,SFM Devine,0,0,,,,,,,,,
1126727,2018,2018-07-07,Headingley,1,6.4,England,New Zealand,TT Beaumont,AE Jones,SFM Devine,0,0,,,,,,,,,
1126727,2018,2018-07-07,Headingley,1,6.5,England,New Zealand,TT Beaumont,AE Jones,SFM Devine,0,0,,,,,,,,,
1126727,2018,2018-07-07,Headingley,1,6.6,England,New Zealand,TT Beaumont,AE Jones,SFM Devine,0,0,,,,,,,,,
1126727,2018,2018-07-07,Headingley,1,6.7,England,New Zealand,TT Beaumont,AE Jones,SFM Devine,0,0,,,,,,,,,
1126727,2018,2018-07-07,Headingley,1,7.1,England,New Zealand,AE Jones,TT Beaumont,HR Huddleston,0,0,,,,,,,,,
1126727,2018,2018-07-07,Headingley,1,7.2,England,New Zealand,AE Jones,TT Beaumont,HR Huddleston,0,0,,,,,,,,,
1126727,2018,2018-07-07,Headingley,1,7.3,England,New Zealand,AE Jones,TT Beaumont,HR Huddleston,0,0,,,,,,,,,
1126727,2018,2018-07-07,Headingley,1,7.4,England,New Zealand,AE Jones,TT Beaumont,HR Huddleston,1,0,,,,,,,,,
1126727,2018,2018-07-07,Headingley,1,7.5,England,New Zealand,TT Beaumont,AE Jones,HR Huddleston,1,0,,,,,,,,,
1126727,2018,2018-07-07,Headingley,1,7.6,England,New Zealand,AE Jones,TT Beaumont,HR Huddleston,1,0,,,,,,,,,
1126727,2018,2018-07-07,Headingley,1,8.1,England,New Zealand,AE Jones,TT Beaumont,SFM Devine,0,0,,,,,,,,,
1126727,2018,2018-07-07,Headingley,1,8.2,England,New Zealand,AE Jones,TT Beaumont,SFM Devine,4,0,,,,,,,,,
1126727,2018,2018-07-07,Headingley,1,8.3,England,New Zealand,AE Jones,TT Beaumont,SFM Devine,0,0,,,,,,,,,
1126727,2018,2018-07-07,Headingley,1,8.4,England,New Zealand,AE Jones,TT Beaumont,SFM Devine,0,0,,,,,,,,,
1126727,2018,2018-07-07,Headingley,1,8.5,England,New Zealand,AE Jones,TT Beaumont,SFM Devine,4,0,,,,,,,,,
1126727,2018,2018-07-07,Headingley,1,8.6,England,New Zealand,AE Jones,TT Beaumont,SFM Devine,0,0,,,,,,,,,
1126727,2018,2018-07-07,Headingley,1,9.1,England,New Zealand,TT Beaumont,AE Jones,HR Huddleston,0,0,,,,,,,,,
1126727,2018,2018-07-07,Headingley,1,9.2,England,New Zealand,TT Beaumont,AE Jones,HR Huddleston,0,1,1,,,,,,,,
1126727,2018,2018-07-07,Headingley,1,9.3,England,New Zealand,TT Beaumont,AE Jones,HR Huddleston,4,0,,,,,,,,,
1126727,2018,2018-07-07,Headingley,1,9.4,England,New Zealand,TT Beaumont,AE Jones,HR Huddleston,2,0,,,,,,,,,
1126727,2018,2018-07-07,Headingley,1,9.5,England,New Zealand,TT Beaumont,AE Jones,HR Huddleston,2,0,,,,,,,,,
1126727,2018,2018-07-07,Headingley,1,9.6,England,New Zealand,TT Beaumont,AE Jones,HR Huddleston,0,0,,,,,,,,,
1126727,2018,2018-07-07,Headingley,1,9.7,England,New Zealand,TT Beaumont,AE Jones,HR Huddleston,4,0,,,,,,,,,
1126727,2018,2018-07-07,Headingley,1,10.1,England,New Zealand,AE Jones,TT Beaumont,SFM Devine,0,0,,,,,,,,,
1126727,2018,2018-07-07,Headingley,1,10.2,England,New Zealand,AE Jones,TT Beaumont,SFM Devine,0,0,,,,,,,,,
1126727,2018,2018-07-07,Headingley,1,10.3,England,New Zealand,AE Jones,TT Beaumont,SFM Devine,0,0,,,,,,,,,
1126727,2018,2018-07-07,Headingley,1,10.4,England,New Zealand,AE Jones,TT Beaumont,SFM Devine,1,0,,,,,,,,,
1126727,2018,2018-07-07,Headingley,1,10.5,England,New Zealand,TT Beaumont,AE Jones,SFM Devine,0,1,1,,,,,,,,
1126727,2018,2018-07-07,Headingley,1,10.6,England,New Zealand,TT Beaumont,AE Jones,SFM Devine,0,0,,,,,,,,,
1126727,2018,2018-07-07,Headingley,1,10.7,England,New Zealand,TT Beaumont,AE Jones,SFM Devine,0,0,,,,,,,,,
1126727,2018,2018-07-07,Headingley,1,11.1,England,New Zealand,AE Jones,TT Beaumont,LM Kasperek,1,0,,,,,,,,,
1126727,2018,2018-07-07,Headingley,1,11.2,England,New Zealand,TT Beaumont,AE Jones,LM Kasperek,1,0,,,,,,,,,
1126727,2018,2018-07-07,Headingley,1,11.3,England,New Zealand,AE Jones,TT Beaumont,LM Kasperek,4,0,,,,,,,,,
1126727,2018,2018-07-07,Headingley,1,11.4,England,New Zealand,AE Jones,TT Beaumont,LM Kasperek,0,0,,,,,,,,,
1126727,2018,2018-07-07,Headingley,1,11.5,England,New Zealand,AE Jones,TT Beaumont,LM Kasperek,0,0,,,,,,,,,
1126727,2018,2018-07-07,Headingley,1,11.6,England,New Zealand,AE Jones,TT Beaumont,LM Kasperek,1,0,,,,,,,,,
1126727,2018,2018-07-07,Headingley,1,12.1,England,New Zealand,AE Jones,TT Beaumont,AC Kerr,2,0,,,,,,,,,
1126727,2018,2018-07-07,Headingley,1,12.2,England,New Zealand,AE Jones,TT Beaumont,AC Kerr,0,1,,,1,,,,,,
1126727,2018,2018-07-07,Headingley,1,12.3,England,New Zealand,TT Beaumont,AE Jones,AC Kerr,3,0,,,,,,,,,
1126727,2018,2018-07-07,Headingley,1,12.4,England,New Zealand,AE Jones,TT Beaumont,AC Kerr,2,0,,,,,,,,,
1126727,2018,2018-07-07,Headingley,1,12.5,England,New Zealand,AE Jones,TT Beaumont,AC Kerr,1,0,,,,,,,,,
1126727,2018,2018-07-07,Headingley,1,12.6,England,New Zealand,TT Beaumont,AE Jones,AC Kerr,0,1,1,,,,,,,,
1126727,2018,2018-07-07,Headingley,1,12.7,England,New Zealand,TT Beaumont,AE Jones,AC Kerr,0,0,,,,,,,,,
1126727,2018,2018-07-07,Headingley,1,13.1,England,New Zealand,AE Jones,TT Beaumont,LM Kasperek,0,0,,,,,,,,,
1126727,2018,2018-07-07,Headingley,1,13.2,England,New Zealand,AE Jones,TT Beaumont,LM Kasperek,0,0,,,,,,,,,
1126727,2018,2018-07-07,Headingley,1,13.3,England,New Zealand,AE Jones,TT Beaumont,LM Kasperek,1,0,,,,,,,,,
1126727,2018,2018-07-07,Headingley,1,13.4,England,New Zealand,TT Beaumont,AE Jones,LM Kasperek,1,0,,,,,,,,,
1126727,2018,2018-07-07,Headingley,1,13.5,England,New Zealand,AE Jones,TT Beaumont,LM Kasperek,0,0,,,,,,,,,
1126727,2018,2018-07-07,Headingley,1,13.6,England,New Zealand,AE Jones,TT Beaumont,LM Kasperek,4,0,,,,,,,,,
1126727,2018,2018-07-07,Headingley,1,14.1,England,New Zealand,TT Beaumont,AE Jones,AC Kerr,0,0,,,,,,,,,
1126727,2018,2018-07-07,Headingley,1,14.2,England,New Zealand,TT Beaumont,AE Jones,AC Kerr,1,0,,,,,,,,,
1126727,2018,2018-07-07,Headingley,1,14.3,England,New Zealand,AE Jones,TT Beaumont,AC Kerr,1,0,,,,,,,,,
1126727,2018,2018-07-07,Headingley,1,14.4,England,New Zealand,TT Beaumont,AE Jones,AC Kerr,1,0,,,,,,,,,
1126727,2018,2018-07-07,Headingley,1,14.5,England,New Zealand,AE Jones,TT Beaumont,AC Kerr,0,0,,,,,,,,,
1126727,2018,2018-07-07,Headingley,1,14.6,England,New Zealand,AE Jones,TT Beaumont,AC Kerr,1,0,,,,,,,,,
1126727,2018,2018-07-07,Headingley,1,15.1,England,New Zealand,AE Jones,TT Beaumont,LM Kasperek,1,0,,,,,,,,,
1126727,2018,2018-07-07,Headingley,1,15.2,England,New Zealand,TT Beaumont,AE Jones,LM Kasperek,1,0,,,,,,,,,
1126727,2018,2018-07-07,Headingley,1,15.3,England,New Zealand,AE Jones,TT Beaumont,LM Kasperek,0,0,,,,,,,,,
1126727,2018,2018-07-07,Headingley,1,15.4,England,New Zealand,AE Jones,TT Beaumont,LM Kasperek,0,0,,,,,,,,,
1126727,2018,2018-07-07,Headingley,1,15.5,England,New Zealand,AE Jones,TT Beaumont,LM Kasperek,1,0,,,,,,,,,
1126727,2018,2018-07-07,Headingley,1,15.6,England,New Zealand,TT Beaumont,AE Jones,LM Kasperek,1,0,,,,,,,,,
1126727,2018,2018-07-07,Headingley,1,16.1,England,New Zealand,TT Beaumont,AE Jones,AC Kerr,1,0,,,,,,,,,
1126727,2018,2018-07-07,Headingley,1,16.2,England,New Zealand,AE Jones,TT Beaumont,AC Kerr,1,0,,,,,,,,,
1126727,2018,2018-07-07,Headingley,1,16.3,England,New Zealand,TT Beaumont,AE Jones,AC Kerr,1,0,,,,,,,,,
1126727,2018,2018-07-07,Headingley,1,16.4,England,New Zealand,AE Jones,TT Beaumont,AC Kerr,1,0,,,,,,,,,
1126727,2018,2018-07-07,Headingley,1,16.5,England,New Zealand,TT Beaumont,AE Jones,AC Kerr,0,0,,,,,,,,,
1126727,2018,2018-07-07,Headingley,1,16.6,England,New Zealand,TT Beaumont,AE Jones,AC Kerr,0,0,,,,,,,,,
1126727,2018,2018-07-07,Headingley,1,17.1,England,New Zealand,AE Jones,TT Beaumont,LM Kasperek,1,0,,,,,,,,,
1126727,2018,2018-07-07,Headingley,1,17.2,England,New Zealand,TT Beaumont,AE Jones,LM Kasperek,0,0,,,,,,,,,
1126727,2018,2018-07-07,Headingley,1,17.3,England,New Zealand,TT Beaumont,AE Jones,LM Kasperek,1,0,,,,,,,,,
1126727,2018,2018-07-07,Headingley,1,17.4,England,New Zealand,AE Jones,TT Beaumont,LM Kasperek,1,0,,,,,,,,,
1126727,2018,2018-07-07,Headingley,1,17.5,England,New Zealand,TT Beaumont,AE Jones,LM Kasperek,0,0,,,,,,,,,
1126727,2018,2018-07-07,Headingley,1,17.6,England,New Zealand,TT Beaumont,AE Jones,LM Kasperek,1,0,,,,,,,,,
1126727,2018,2018-07-07,Headingley,1,18.1,England,New Zealand,TT Beaumont,AE Jones,AC Kerr,1,0,,,,,,,,,
1126727,2018,2018-07-07,Headingley,1,18.2,England,New Zealand,AE Jones,TT Beaumont,AC Kerr,1,0,,,,,,,,,
1126727,2018,2018-07-07,Headingley,1,18.3,England,New Zealand,TT Beaumont,AE Jones,AC Kerr,0,0,,,,,,,,,
1126727,2018,2018-07-07,Headingley,1,18.4,England,New Zealand,TT Beaumont,AE Jones,AC Kerr,1,0,,,,,,,,,
1126727,2018,2018-07-07,Headingley,1,18.5,England,New Zealand,AE Jones,TT Beaumont,AC Kerr,1,0,,,,,,,,,
1126727,2018,2018-07-07,Headingley,1,18.6,England,New Zealand,TT Beaumont,AE Jones,AC Kerr,0,0,,,,,,,,,
1126727,2018,2018-07-07,Headingley,1,19.1,England,New Zealand,AE Jones,TT Beaumont,SW Bates,0,0,,,,,,,,,
1126727,2018,2018-07-07,Headingley,1,19.2,England,New Zealand,AE Jones,TT Beaumont,SW Bates,1,0,,,,,,,,,
1126727,2018,2018-07-07,Headingley,1,19.3,England,New Zealand,TT Beaumont,AE Jones,SW Bates,0,0,,,,,,,,,
1126727,2018,2018-07-07,Headingley,1,19.4,England,New Zealand,TT Beaumont,AE Jones,SW Bates,0,0,,,,,,,,,
1126727,2018,2018-07-07,Headingley,1,19.5,England,New Zealand,TT Beaumont,AE Jones,SW Bates,1,0,,,,,,,,,
1126727,2018,2018-07-07,Headingley,1,19.6,England,New Zealand,AE Jones,TT Beaumont,SW Bates,0,0,,,,,,,,,
1126727,2018,2018-07-07,Headingley,1,20.1,England,New Zealand,TT Beaumont,AE Jones,AC Kerr,0,0,,,,,,,,,
1126727,2018,2018-07-07,Headingley,1,20.2,England,New Zealand,TT Beaumont,AE Jones,AC Kerr,0,0,,,,,,,,,
1126727,2018,2018-07-07,Headingley,1,20.3,England,New Zealand,TT Beaumont,AE Jones,AC Kerr,0,0,,,,,,,,,
1126727,2018,2018-07-07,Headingley,1,20.4,England,New Zealand,TT Beaumont,AE Jones,AC Kerr,0,0,,,,,,,,,
1126727,2018,2018-07-07,Headingley,1,20.5,England,New Zealand,TT Beaumont,AE Jones,AC Kerr,0,0,,,,,,,,,
1126727,2018,2018-07-07,Headingley,1,20.6,England,New Zealand,TT Beaumont,AE Jones,AC Kerr,1,0,,,,,,,,,
1126727,2018,2018-07-07,Headingley,1,21.1,England,New Zealand,TT Beaumont,AE Jones,SW Bates,4,0,,,,,,,,,
1126727,2018,2018-07-07,Headingley,1,21.2,England,New Zealand,TT Beaumont,AE Jones,SW Bates,0,0,,,,,,,,,
1126727,2018,2018-07-07,Headingley,1,21.3,England,New Zealand,TT Beaumont,AE Jones,SW Bates,0,0,,,,,,,,,
1126727,2018,2018-07-07,Headingley,1,21.4,England,New Zealand,TT Beaumont,AE Jones,SW Bates,0,1,1,,,,,,,,
1126727,2018,2018-07-07,Headingley,1,21.5,England,New Zealand,TT Beaumont,AE Jones,SW Bates,0,0,,,,,,,,,
1126727,2018,2018-07-07,Headingley,1,21.6,England,New Zealand,TT Beaumont,AE Jones,SW Bates,1,0,,,,,,,,,
1126727,2018,2018-07-07,Headingley,1,21.7,England,New Zealand,AE Jones,TT Beaumont,SW Bates,0,0,,,,,,,,,
1126727,2018,2018-07-07,Headingley,1,22.1,England,New Zealand,TT Beaumont,AE Jones,LMM Tahuhu,0,1,1,,,,,,,,
1126727,2018,2018-07-07,Headingley,1,22.2,England,New Zealand,TT Beaumont,AE Jones,LMM Tahuhu,0,0,,,,,,,,,
1126727,2018,2018-07-07,Headingley,1,22.3,England,New Zealand,TT Beaumont,AE Jones,LMM Tahuhu,0,0,,,,,,,,,
1126727,2018,2018-07-07,Headingley,1,22.4,England,New Zealand,TT Beaumont,AE Jones,LMM Tahuhu,0,0,,,,,,caught,TT Beaumont,,
1126727,2018,2018-07-07,Headingley,1,22.5,England,New Zealand,SJ Taylor,AE Jones,LMM Tahuhu,4,0,,,,,,,,,
1126727,2018,2018-07-07,Headingley,1,22.6,England,New Zealand,SJ Taylor,AE Jones,LMM Tahuhu,0,0,,,,,,,,,
1126727,2018,2018-07-07,Headingley,1,22.7,England,New Zealand,SJ Taylor,AE Jones,LMM Tahuhu,0,0,,,,,,,,,
1126727,2018,2018-07-07,Headingley,1,23.1,England,New Zealand,AE Jones,SJ Taylor,SW Bates,0,0,,,,,,,,,
1126727,2018,2018-07-07,Headingley,1,23.2,England,New Zealand,AE Jones,SJ Taylor,SW Bates,1,0,,,,,,,,,
1126727,2018,2018-07-07,Headingley,1,23.3,England,New Zealand,SJ Taylor,AE Jones,SW Bates,0,0,,,,,,,,,
1126727,2018,2018-07-07,Headingley,1,23.4,England,New Zealand,SJ Taylor,AE Jones,SW Bates,0,0,,,,,,,,,
1126727,2018,2018-07-07,Headingley,1,23.5,England,New Zealand,SJ Taylor,AE Jones,SW Bates,4,0,,,,,,,,,
1126727,2018,2018-07-07,Headingley,1,23.6,England,New Zealand,SJ Taylor,AE Jones,SW Bates,0,1,1,,,,,,,,
1126727,2018,2018-07-07,Headingley,1,23.7,England,New Zealand,SJ Taylor,AE Jones,SW Bates,0,0,,,,,,,,,
1126727,2018,2018-07-07,Headingley,1,24.1,England,New Zealand,AE Jones,SJ Taylor,LMM Tahuhu,0,0,,,,,,,,,
1126727,2018,2018-07-07,Headingley,1,24.2,England,New Zealand,AE Jones,SJ Taylor,LMM Tahuhu,0,0,,,,,,,,,
1126727,2018,2018-07-07,Headingley,1,24.3,England,New Zealand,AE Jones,SJ Taylor,LMM Tahuhu,1,0,,,,,,,,,
1126727,2018,2018-07-07,Headingley,1,24.4,England,New Zealand,SJ Taylor,AE Jones,LMM Tahuhu,0,0,,,,,,,,,
1126727,2018,2018-07-07,Headingley,1,24.5,England,New Zealand,SJ Taylor,AE Jones,LMM Tahuhu,1,0,,,,,,,,,
1126727,2018,2018-07-07,Headingley,1,24.6,England,New Zealand,AE Jones,SJ Taylor,LMM Tahuhu,1,0,,,,,,,,,
1126727,2018,2018-07-07,Headingley,1,25.1,England,New Zealand,AE Jones,SJ Taylor,JM Watkin,1,0,,,,,,,,,
1126727,2018,2018-07-07,Headingley,1,25.2,England,New Zealand,SJ Taylor,AE Jones,JM Watkin,0,0,,,,,,,,,
1126727,2018,2018-07-07,Headingley,1,25.3,England,New Zealand,SJ Taylor,AE Jones,JM Watkin,1,0,,,,,,,,,
1126727,2018,2018-07-07,Headingley,1,25.4,England,New Zealand,AE Jones,SJ Taylor,JM Watkin,0,1,,,1,,,,,,
1126727,2018,2018-07-07,Headingley,1,25.5,England,New Zealand,SJ Taylor,AE Jones,JM Watkin,0,0,,,,,,,,,
1126727,2018,2018-07-07,Headingley,1,25.6,England,New Zealand,SJ Taylor,AE Jones,JM Watkin,1,0,,,,,,,,,
1126727,2018,2018-07-07,Headingley,1,26.1,England,New Zealand,SJ Taylor,AE Jones,AC Kerr,1,0,,,,,,,,,
1126727,2018,2018-07-07,Headingley,1,26.2,England,New Zealand,AE Jones,SJ Taylor,AC Kerr,0,0,,,,,,,,,
1126727,2018,2018-07-07,Headingley,1,26.3,England,New Zealand,AE Jones,SJ Taylor,AC Kerr,0,0,,,,,,stumped,AE Jones,,
1126727,2018,2018-07-07,Headingley,1,26.4,England,New Zealand,HC Knight,SJ Taylor,AC Kerr,0,0,,,,,,,,,
1126727,2018,2018-07-07,Headingley,1,26.5,England,New Zealand,HC Knight,SJ Taylor,AC Kerr,0,0,,,,,,,,,
1126727,2018,2018-07-07,Headingley,1,26.6,England,New Zealand,HC Knight,SJ Taylor,AC Kerr,1,0,,,,,,,,,
1126727,2018,2018-07-07,Headingley,1,27.1,England,New Zealand,HC Knight,SJ Taylor,JM Watkin,1,0,,,,,,,,,
1126727,2018,2018-07-07,Headingley,1,27.2,England,New Zealand,SJ Taylor,HC Knight,JM Watkin,1,0,,,,,,,,,
1126727,2018,2018-07-07,Headingley,1,27.3,England,New Zealand,HC Knight,SJ Taylor,JM Watkin,0,0,,,,,,,,,
1126727,2018,2018-07-07,Headingley,1,27.4,England,New Zealand,HC Knight,SJ Taylor,JM Watkin,1,0,,,,,,,,,
1126727,2018,2018-07-07,Headingley,1,27.5,England,New Zealand,SJ Taylor,HC Knight,JM Watkin,1,0,,,,,,,,,
1126727,2018,2018-07-07,Headingley,1,27.6,England,New Zealand,HC Knight,SJ Taylor,JM Watkin,0,0,,,,,,,,,
1126727,2018,2018-07-07,Headingley,1,28.1,England,New Zealand,SJ Taylor,HC Knight,AC Kerr,0,0,,,,,,,,,
1126727,2018,2018-07-07,Headingley,1,28.2,England,New Zealand,SJ Taylor,HC Knight,AC Kerr,1,0,,,,,,,,,
1126727,2018,2018-07-07,Headingley,1,28.3,England,New Zealand,HC Knight,SJ Taylor,AC Kerr,0,0,,,,,,,,,
1126727,2018,2018-07-07,Headingley,1,28.4,England,New Zealand,HC Knight,SJ Taylor,AC Kerr,0,0,,,,,,,,,
1126727,2018,2018-07-07,Headingley,1,28.5,England,New Zealand,HC Knight,SJ Taylor,AC Kerr,1,0,,,,,,,,,
1126727,2018,2018-07-07,Headingley,1,28.6,England,New Zealand,SJ Taylor,HC Knight,AC Kerr,1,0,,,,,,,,,
1126727,2018,2018-07-07,Headingley,1,29.1,England,New Zealand,SJ Taylor,HC Knight,JM Watkin,4,0,,,,,,,,,
1126727,2018,2018-07-07,Headingley,1,29.2,England,New Zealand,SJ Taylor,HC Knight,JM Watkin,4,0,,,,,,,,,
1126727,2018,2018-07-07,Headingley,1,29.3,England,New Zealand,SJ Taylor,HC Knight,JM Watkin,1,0,,,,,,,,,
1126727,2018,2018-07-07,Headingley,1,29.4,England,New Zealand,HC Knight,SJ Taylor,JM Watkin,0,0,,,,,,,,,
1126727,2018,2018-07-07,Headingley,1,29.5,England,New Zealand,HC Knight,SJ Taylor,JM Watkin,1,0,,,,,,,,,
1126727,2018,2018-07-07,Headingley,1,29.6,England,New Zealand,SJ Taylor,HC Knight,JM Watkin,1,0,,,,,,,,,
1126727,2018,2018-07-07,Headingley,1,30.1,England,New Zealand,SJ Taylor,HC Knight,AC Kerr,0,0,,,,,,caught,SJ Taylor,,
1126727,2018,2018-07-07,Headingley,1,30.2,England,New Zealand,NR Sciver,HC Knight,AC Kerr,0,0,,,,,,,,,
1126727,2018,2018-07-07,Headingley,1,30.3,England,New Zealand,NR Sciver,HC Knight,AC Kerr,2,0,,,,,,,,,
1126727,2018,2018-07-07,Headingley,1,30.4,England,New Zealand,NR Sciver,HC Knight,AC Kerr,0,0,,,,,,,,,
1126727,2018,2018-07-07,Headingley,1,30.5,England,New Zealand,NR Sciver,HC Knight,AC Kerr,1,0,,,,,,,,,
1126727,2018,2018-07-07,Headingley,1,30.6,England,New Zealand,HC Knight,NR Sciver,AC Kerr,0,0,,,,,,,,,
1126727,2018,2018-07-07,Headingley,1,31.1,England,New Zealand,NR Sciver,HC Knight,SFM Devine,0,0,,,,,,,,,
1126727,2018,2018-07-07,Headingley,1,31.2,England,New Zealand,NR Sciver,HC Knight,SFM Devine,4,0,,,,,,,,,
1126727,2018,2018-07-07,Headingley,1,31.3,England,New Zealand,NR Sciver,HC Knight,SFM Devine,0,0,,,,,,,,,
1126727,2018,2018-07-07,Headingley,1,31.4,England,New Zealand,NR Sciver,HC Knight,SFM Devine,2,0,,,,,,,,,
1126727,2018,2018-07-07,Headingley,1,31.5,England,New Zealand,NR Sciver,HC Knight,SFM Devine,0,0,,,,,,,,,
1126727,2018,2018-07-07,Headingley,1,31.6,England,New Zealand,NR Sciver,HC Knight,SFM Devine,1,0,,,,,,,,,
1126727,2018,2018-07-07,Headingley,1,32.1,England,New Zealand,NR Sciver,HC Knight,AC Kerr,0,0,,,,,,,,,
1126727,2018,2018-07-07,Headingley,1,32.2,England,New Zealand,NR Sciver,HC Knight,AC Kerr,0,0,,,,,,,,,
1126727,2018,2018-07-07,Headingley,1,32.3,England,New Zealand,NR Sciver,HC Knight,AC Kerr,0,0,,,,,,,,,
1126727,2018,2018-07-07,Headingley,1,32.4,England,New Zealand,NR Sciver,HC Knight,AC Kerr,0,0,,,,,,,,,
1126727,2018,2018-07-07,Headingley,1,32.5,England,New Zealand,NR Sciver,HC Knight,AC Kerr,0,0,,,,,,,,,
1126727,2018,2018-07-07,Headingley,1,32.6,England,New Zealand,NR Sciver,HC Knight,AC Kerr,0,0,,,,,,,,,
1126727,2018,2018-07-07,Headingley,1,33.1,England,New Zealand,HC Knight,NR Sciver,SFM Devine,0,1,,,,1,,,,,
1126727,2018,2018-07-07,Headingley,1,33.2,England,New Zealand,NR Sciver,HC Knight,SFM Devine,1,0,,,,,,,,,
1126727,2018,2018-07-07,Headingley,1,33.3,England,New Zealand,HC Knight,NR Sciver,SFM Devine,0,0,,,,,,,,,
1126727,2018,2018-07-07,Headingley,1,33.4,England,New Zealand,HC Knight,NR Sciver,SFM Devine,1,0,,,,,,,,,
1126727,2018,2018-07-07,Headingley,1,33.5,England,New Zealand,NR Sciver,HC Knight,SFM Devine,1,0,,,,,,,,,
1126727,2018,2018-07-07,Headingley,1,33.6,England,New Zealand,HC Knight,NR Sciver,SFM Devine,1,0,,,,,,,,,
1126727,2018,2018-07-07,Headingley,1,34.1,England,New Zealand,HC Knight,NR Sciver,HR Huddleston,4,0,,,,,,,,,
1126727,2018,2018-07-07,Headingley,1,34.2,England,New Zealand,HC Knight,NR Sciver,HR Huddleston,2,0,,,,,,,,,
1126727,2018,2018-07-07,Headingley,1,34.3,England,New Zealand,HC Knight,NR Sciver,HR Huddleston,1,0,,,,,,,,,
1126727,2018,2018-07-07,Headingley,1,34.4,England,New Zealand,NR Sciver,HC Knight,HR Huddleston,0,0,,,,,,,,,
1126727,2018,2018-07-07,Headingley,1,34.5,England,New Zealand,NR Sciver,HC Knight,HR Huddleston,0,0,,,,,,,,,
1126727,2018,2018-07-07,Headingley,1,34.6,England,New Zealand,NR Sciver,HC Knight,HR Huddleston,0,0,,,,,,,,,
1126727,2018,2018-07-07,Headingley,1,35.1,England,New Zealand,HC Knight,NR Sciver,SFM Devine,0,0,,,,,,,,,
1126727,2018,2018-07-07,Headingley,1,35.2,England,New Zealand,HC Knight,NR Sciver,SFM Devine,1,0,,,,,,,,,
1126727,2018,2018-07-07,Headingley,1,35.3,England,New Zealand,NR Sciver,HC Knight,SFM Devine,4,0,,,,,,,,,
1126727,2018,2018-07-07,Headingley,1,35.4,England,New Zealand,NR Sciver,HC Knight,SFM Devine,0,0,,,,,,,,,
1126727,2018,2018-07-07,Headingley,1,35.5,England,New Zealand,NR Sciver,HC Knight,SFM Devine,1,0,,,,,,,,,
1126727,2018,2018-07-07,Headingley,1,35.6,England,New Zealand,HC Knight,NR Sciver,SFM Devine,0,0,,,,,,,,,
1126727,2018,2018-07-07,Headingley,1,36.1,England,New Zealand,NR Sciver,HC Knight,JM Watkin,0,1,1,,,,,,,,
1126727,2018,2018-07-07,Headingley,1,36.2,England,New Zealand,NR Sciver,HC Knight,JM Watkin,0,0,,,,,,,,,
1126727,2018,2018-07-07,Headingley,1,36.3,England,New Zealand,NR Sciver,HC Knight,JM Watkin,1,0,,,,,,,,,
1126727,2018,2018-07-07,Headingley,1,36.4,England,New Zealand,HC Knight,NR Sciver,JM Watkin,0,0,,,,,,,,,
1126727,2018,2018-07-07,Headingley,1,36.5,England,New Zealand,HC Knight,NR Sciver,JM Watkin,1,0,,,,,,,,,
1126727,2018,2018-07-07,Headingley,1,36.6,England,New Zealand,NR Sciver,HC Knight,JM Watkin,4,0,,,,,,,,,
1126727,2018,2018-07-07,Headingley,1,36.7,England,New Zealand,NR Sciver,HC Knight,JM Watkin,0,0,,,,,,,,,
1126727,2018,2018-07-07,Headingley,1,37.1,England,New Zealand,HC Knight,NR Sciver,AC Kerr,0,0,,,,,,,,,
1126727,2018,2018-07-07,Headingley,1,37.2,England,New Zealand,HC Knight,NR Sciver,AC Kerr,0,1,1,,,,,,,,
1126727,2018,2018-07-07,Headingley,1,37.3,England,New Zealand,HC Knight,NR Sciver,AC Kerr,1,0,,,,,,,,,
1126727,2018,2018-07-07,Headingley,1,37.4,England,New Zealand,NR Sciver,HC Knight,AC Kerr,2,0,,,,,,,,,
1126727,2018,2018-07-07,Headingley,1,37.5,England,New Zealand,NR Sciver,HC Knight,AC Kerr,1,0,,,,,,,,,
1126727,2018,2018-07-07,Headingley,1,37.6,England,New Zealand,HC Knight,NR Sciver,AC Kerr,0,0,,,,,,,,,
1126727,2018,2018-07-07,Headingley,1,37.7,England,New Zealand,HC Knight,NR Sciver,AC Kerr,1,0,,,,,,,,,
1126727,2018,2018-07-07,Headingley,1,38.1,England,New Zealand,HC Knight,NR Sciver,SW Bates,1,0,,,,,,,,,
1126727,2018,2018-07-07,Headingley,1,38.2,England,New Zealand,NR Sciver,HC Knight,SW Bates,4,0,,,,,,,,,
1126727,2018,2018-07-07,Headingley,1,38.3,England,New Zealand,NR Sciver,HC Knight,SW Bates,0,1,1,,,,,,,,
1126727,2018,2018-07-07,Headingley,1,38.4,England,New Zealand,NR Sciver,HC Knight,SW Bates,4,0,,,,,,,,,
1126727,2018,2018-07-07,Headingley,1,38.5,England,New Zealand,NR Sciver,HC Knight,SW Bates,1,0,,,,,,,,,
1126727,2018,2018-07-07,Headingley,1,38.6,England,New Zealand,HC Knight,NR Sciver,SW Bates,1,0,,,,,,,,,
1126727,2018,2018-07-07,Headingley,1,38.7,England,New Zealand,NR Sciver,HC Knight,SW Bates,2,0,,,,,,,,,
1126727,2018,2018-07-07,Headingley,1,39.1,England,New Zealand,HC Knight,NR Sciver,SFM Devine,0,0,,,,,,,,,
1126727,2018,2018-07-07,Headingley,1,39.2,England,New Zealand,HC Knight,NR Sciver,SFM Devine,4,0,,,,,,,,,
1126727,2018,2018-07-07,Headingley,1,39.3,England,New Zealand,HC Knight,NR Sciver,SFM Devine,1,0,,,,,,,,,
1126727,2018,2018-07-07,Headingley,1,39.4,England,New Zealand,NR Sciver,HC Knight,SFM Devine,1,0,,,,,,,,,
1126727,2018,2018-07-07,Headingley,1,39.5,England,New Zealand,HC Knight,NR Sciver,SFM Devine,4,0,,,,,,,,,
1126727,2018,2018-07-07,Headingley,1,39.6,England,New Zealand,HC Knight,NR Sciver,SFM Devine,1,0,,,,,,,,,
1126727,2018,2018-07-07,Headingley,1,40.1,England,New Zealand,HC Knight,NR Sciver,LMM Tahuhu,1,0,,,,,,,,,
1126727,2018,2018-07-07,Headingley,1,40.2,England,New Zealand,NR Sciver,HC Knight,LMM Tahuhu,0,0,,,,,,lbw,NR Sciver,,
1126727,2018,2018-07-07,Headingley,1,40.3,England,New Zealand,KH Brunt,HC Knight,LMM Tahuhu,1,0,,,,,,,,,
1126727,2018,2018-07-07,Headingley,1,40.4,England,New Zealand,HC Knight,KH Brunt,LMM Tahuhu,2,0,,,,,,,,,
1126727,2018,2018-07-07,Headingley,1,40.5,England,New Zealand,HC Knight,KH Brunt,LMM Tahuhu,1,0,,,,,,,,,
1126727,2018,2018-07-07,Headingley,1,40.6,England,New Zealand,KH Brunt,HC Knight,LMM Tahuhu,0,0,,,,,,,,,
1126727,2018,2018-07-07,Headingley,1,41.1,England,New Zealand,HC Knight,KH Brunt,LM Kasperek,1,0,,,,,,,,,
1126727,2018,2018-07-07,Headingley,1,41.2,England,New Zealand,KH Brunt,HC Knight,LM Kasperek,1,0,,,,,,,,,
1126727,2018,2018-07-07,Headingley,1,41.3,England,New Zealand,HC Knight,KH Brunt,LM Kasperek,1,0,,,,,,,,,
1126727,2018,2018-07-07,Headingley,1,41.4,England,New Zealand,KH Brunt,HC Knight,LM Kasperek,0,0,,,,,,,,,
1126727,2018,2018-07-07,Headingley,1,41.5,England,New Zealand,KH Brunt,HC Knight,LM Kasperek,1,0,,,,,,,,,
1126727,2018,2018-07-07,Headingley,1,41.6,England,New Zealand,HC Knight,KH Brunt,LM Kasperek,0,0,,,,,,,,,
1126727,2018,2018-07-07,Headingley,1,42.1,England,New Zealand,KH Brunt,HC Knight,LMM Tahuhu,0,0,,,,,,,,,
1126727,2018,2018-07-07,Headingley,1,42.2,England,New Zealand,KH Brunt,HC Knight,LMM Tahuhu,0,0,,,,,,,,,
1126727,2018,2018-07-07,Headingley,1,42.3,England,New Zealand,KH Brunt,HC Knight,LMM Tahuhu,0,1,,,,1,,,,,
1126727,2018,2018-07-07,Headingley,1,42.4,England,New Zealand,HC Knight,KH Brunt,LMM Tahuhu,1,0,,,,,,,,,
1126727,2018,2018-07-07,Headingley,1,42.5,England,New Zealand,KH Brunt,HC Knight,LMM Tahuhu,0,0,,,,,,,,,
1126727,2018,2018-07-07,Headingley,1,42.6,England,New Zealand,KH Brunt,HC Knight,LMM Tahuhu,0,1,1,,,,,,,,
1126727,2018,2018-07-07,Headingley,1,42.7,England,New Zealand,KH Brunt,HC Knight,LMM Tahuhu,2,0,,,,,,,,,
1126727,2018,2018-07-07,Headingley,1,43.1,England,New Zealand,HC Knight,KH Brunt,LM Kasperek,4,0,,,,,,,,,
1126727,2018,2018-07-07,Headingley,1,43.2,England,New Zealand,HC Knight,KH Brunt,LM Kasperek,1,0,,,,,,,,,
1126727,2018,2018-07-07,Headingley,1,43.3,England,New Zealand,KH Brunt,HC Knight,LM Kasperek,0,0,,,,,,,,,
1126727,2018,2018-07-07,Headingley,1,43.4,England,New Zealand,KH Brunt,HC Knight,LM Kasperek,0,0,,,,,,,,,
1126727,2018,2018-07-07,Headingley,1,43.5,England,New Zealand,KH Brunt,HC Knight,LM Kasperek,1,0,,,,,,,,,
1126727,2018,2018-07-07,Headingley,1,43.6,England,New Zealand,HC Knight,KH Brunt,LM Kasperek,1,0,,,,,,,,,
1126727,2018,2018-07-07,Headingley,1,44.1,England,New Zealand,HC Knight,KH Brunt,LMM Tahuhu,0,0,,,,,,,,,
1126727,2018,2018-07-07,Headingley,1,44.2,England,New Zealand,HC Knight,KH Brunt,LMM Tahuhu,0,0,,,,,,,,,
1126727,2018,2018-07-07,Headingley,1,44.3,England,New Zealand,HC Knight,KH Brunt,LMM Tahuhu,0,1,1,,,,,,,,
1126727,2018,2018-07-07,Headingley,1,44.4,England,New Zealand,HC Knight,KH Brunt,LMM Tahuhu,4,0,,,,,,,,,
1126727,2018,2018-07-07,Headingley,1,44.5,England,New Zealand,HC Knight,KH Brunt,LMM Tahuhu,4,0,,,,,,,,,
1126727,2018,2018-07-07,Headingley,1,44.6,England,New Zealand,HC Knight,KH Brunt,LMM Tahuhu,1,0,,,,,,,,,
1126727,2018,2018-07-07,Headingley,1,44.7,England,New Zealand,KH Brunt,HC Knight,LMM Tahuhu,0,0,,,,,,,,,
1126727,2018,2018-07-07,Headingley,1,45.1,England,New Zealand,HC Knight,KH Brunt,LM Kasperek,0,0,,,,,,,,,
1126727,2018,2018-07-07,Headingley,1,45.2,England,New Zealand,HC Knight,KH Brunt,LM Kasperek,1,0,,,,,,,,,
1126727,2018,2018-07-07,Headingley,1,45.3,England,New Zealand,KH Brunt,HC Knight,LM Kasperek,1,0,,,,,,,,,
1126727,2018,2018-07-07,Headingley,1,45.4,England,New Zealand,HC Knight,KH Brunt,LM Kasperek,1,0,,,,,,,,,
1126727,2018,2018-07-07,Headingley,1,45.5,England,New Zealand,KH Brunt,HC Knight,LM Kasperek,0,0,,,,,,,,,
1126727,2018,2018-07-07,Headingley,1,45.6,England,New Zealand,KH Brunt,HC Knight,LM Kasperek,1,0,,,,,,,,,
1126727,2018,2018-07-07,Headingley,1,46.1,England,New Zealand,KH Brunt,HC Knight,SFM Devine,3,0,,,,,,,,,
1126727,2018,2018-07-07,Headingley,1,46.2,England,New Zealand,HC Knight,KH Brunt,SFM Devine,1,0,,,,,,,,,
1126727,2018,2018-07-07,Headingley,1,46.3,England,New Zealand,KH Brunt,HC Knight,SFM Devine,4,0,,,,,,,,,
1126727,2018,2018-07-07,Headingley,1,46.4,England,New Zealand,KH Brunt,HC Knight,SFM Devine,2,0,,,,,,,,,
1126727,2018,2018-07-07,Headingley,1,46.5,England,New Zealand,KH Brunt,HC Knight,SFM Devine,1,0,,,,,,,,,
1126727,2018,2018-07-07,Headingley,1,46.6,England,New Zealand,HC Knight,KH Brunt,SFM Devine,4,0,,,,,,,,,
1126727,2018,2018-07-07,Headingley,1,47.1,England,New Zealand,KH Brunt,HC Knight,LM Kasperek,1,0,,,,,,,,,
1126727,2018,2018-07-07,Headingley,1,47.2,England,New Zealand,HC Knight,KH Brunt,LM Kasperek,4,0,,,,,,,,,
1126727,2018,2018-07-07,Headingley,1,47.3,England,New Zealand,HC Knight,KH Brunt,LM Kasperek,0,0,,,,,,caught,HC Knight,,
1126727,2018,2018-07-07,Headingley,1,47.4,England,New Zealand,L Winfield,KH Brunt,LM Kasperek,1,0,,,,,,,,,
1126727,2018,2018-07-07,Headingley,1,47.5,England,New Zealand,KH Brunt,L Winfield,LM Kasperek,1,0,,,,,,,,,
1126727,2018,2018-07-07,Headingley,1,47.6,England,New Zealand,L Winfield,KH Brunt,LM Kasperek,0,0,,,,,,,,,
1126727,2018,2018-07-07,Headingley,1,48.1,England,New Zealand,KH Brunt,L Winfield,LMM Tahuhu,0,1,1,,,,,,,,
1126727,2018,2018-07-07,Headingley,1,48.2,England,New Zealand,KH Brunt,L Winfield,LMM Tahuhu,0,0,,,,,,,,,
1126727,2018,2018-07-07,Headingley,1,48.3,England,New Zealand,KH Brunt,L Winfield,LMM Tahuhu,2,0,,,,,,,,,
1126727,2018,2018-07-07,Headingley,1,48.4,England,New Zealand,KH Brunt,L Winfield,LMM Tahuhu,2,0,,,,,,,,,
1126727,2018,2018-07-07,Headingley,1,48.5,England,New Zealand,KH Brunt,L Winfield,LMM Tahuhu,2,0,,,,,,,,,
1126727,2018,2018-07-07,Headingley,1,48.6,England,New Zealand,KH Brunt,L Winfield,LMM Tahuhu,1,0,,,,,,,,,
1126727,2018,2018-07-07,Headingley,1,48.7,England,New Zealand,L Winfield,KH Brunt,LMM Tahuhu,3,0,,,,,,,,,
1126727,2018,2018-07-07,Headingley,1,49.1,England,New Zealand,L Winfield,KH Brunt,LM Kasperek,3,0,,,,,,,,,
1126727,2018,2018-07-07,Headingley,1,49.2,England,New Zealand,KH Brunt,L Winfield,LM Kasperek,1,0,,,,,,,,,
1126727,2018,2018-07-07,Headingley,1,49.3,England,New Zealand,L Winfield,KH Brunt,LM Kasperek,1,0,,,,,,,,,
1126727,2018,2018-07-07,Headingley,1,49.4,England,New Zealand,KH Brunt,L Winfield,LM Kasperek,1,0,,,,,,,,,
1126727,2018,2018-07-07,Headingley,1,49.5,England,New Zealand,L Winfield,KH Brunt,LM Kasperek,1,0,,,,,,,,,
1126727,2018,2018-07-07,Headingley,1,49.6,England,New Zealand,KH Brunt,L Winfield,LM Kasperek,1,0,,,,,,,,,
1126727,2018,2018-07-07,Headingley,2,0.1,New Zealand,England,SW Bates,SFM Devine,KH Brunt,0,0,,,,,,,,,
1126727,2018,2018-07-07,Headingley,2,0.2,New Zealand,England,SW Bates,SFM Devine,KH Brunt,1,0,,,,,,,,,
1126727,2018,2018-07-07,Headingley,2,0.3,New Zealand,England,SFM Devine,SW Bates,KH Brunt,1,0,,,,,,,,,
1126727,2018,2018-07-07,Headingley,2,0.4,New Zealand,England,SW Bates,SFM Devine,KH Brunt,1,0,,,,,,,,,
1126727,2018,2018-07-07,Headingley,2,0.5,New Zealand,England,SFM Devine,SW Bates,KH Brunt,0,0,,,,,,,,,
1126727,2018,2018-07-07,Headingley,2,0.6,New Zealand,England,SFM Devine,SW Bates,KH Brunt,0,0,,,,,,,,,
1126727,2018,2018-07-07,Headingley,2,1.1,New Zealand,England,SW Bates,SFM Devine,KL George,1,0,,,,,,,,,
1126727,2018,2018-07-07,Headingley,2,1.2,New Zealand,England,SFM Devine,SW Bates,KL George,1,0,,,,,,,,,
1126727,2018,2018-07-07,Headingley,2,1.3,New Zealand,England,SW Bates,SFM Devine,KL George,0,2,2,,,,,,,,
1126727,2018,2018-07-07,Headingley,2,1.4,New Zealand,England,SFM Devine,SW Bates,KL George,5,0,,,,,,,,,
1126727,2018,2018-07-07,Headingley,2,1.5,New Zealand,England,SW Bates,SFM Devine,KL George,0,1,1,,,,,,,,
1126727,2018,2018-07-07,Headingley,2,1.6,New Zealand,England,SW Bates,SFM Devine,KL George,1,0,,,,,,,,,
1126727,2018,2018-07-07,Headingley,2,1.7,New Zealand,England,SFM Devine,SW Bates,KL George,0,0,,,,,,,,,
1126727,2018,2018-07-07,Headingley,2,1.8,New Zealand,England,SFM Devine,SW Bates,KL George,0,0,,,,,,,,,
1126727,2018,2018-07-07,Headingley,2,2.1,New Zealand,England,SW Bates,SFM Devine,KH Brunt,0,0,,,,,,,,,
1126727,2018,2018-07-07,Headingley,2,2.2,New Zealand,England,SW Bates,SFM Devine,KH Brunt,0,0,,,,,,,,,
1126727,2018,2018-07-07,Headingley,2,2.3,New Zealand,England,SW Bates,SFM Devine,KH Brunt,0,0,,,,,,,,,
1126727,2018,2018-07-07,Headingley,2,2.4,New Zealand,England,SW Bates,SFM Devine,KH Brunt,0,0,,,,,,,,,
1126727,2018,2018-07-07,Headingley,2,2.5,New Zealand,England,SW Bates,SFM Devine,KH Brunt,0,0,,,,,,,,,
1126727,2018,2018-07-07,Headingley,2,2.6,New Zealand,England,SW Bates,SFM Devine,KH Brunt,0,0,,,,,,,,,
1126727,2018,2018-07-07,Headingley,2,3.1,New Zealand,England,SFM Devine,SW Bates,KL George,0,0,,,,,,,,,
1126727,2018,2018-07-07,Headingley,2,3.2,New Zealand,England,SFM Devine,SW Bates,KL George,1,0,,,,,,,,,
1126727,2018,2018-07-07,Headingley,2,3.3,New Zealand,England,SW Bates,SFM Devine,KL George,0,0,,,,,,,,,
1126727,2018,2018-07-07,Headingley,2,3.4,New Zealand,England,SW Bates,SFM Devine,KL George,0,0,,,,,,,,,
1126727,2018,2018-07-07,Headingley,2,3.5,New Zealand,England,SW Bates,SFM Devine,KL George,1,0,,,,,,,,,
1126727,2018,2018-07-07,Headingley,2,3.6,New Zealand,England,SFM Devine,SW Bates,KL George,1,0,,,,,,,,,
1126727,2018,2018-07-07,Headingley,2,4.1,New Zealand,England,SFM Devine,SW Bates,KH Brunt,0,0,,,,,,,,,
1126727,2018,2018-07-07,Headingley,2,4.2,New Zealand,England,SFM Devine,SW Bates,KH Brunt,0,4,,,,4,,,,,
1126727,2018,2018-07-07,Headingley,2,4.3,New Zealand,England,SFM Devine,SW Bates,KH Brunt,0,0,,,,,,,,,
1126727,2018,2018-07-07,Headingley,2,4.4,New Zealand,England,SFM Devine,SW Bates,KH Brunt,1,0,,,,,,,,,
1126727,2018,2018-07-07,Headingley,2,4.5,New Zealand,England,SW Bates,SFM Devine,KH Brunt,0,0,,,,,,,,,
1126727,2018,2018-07-07,Headingley,2,4.6,New Zealand,England,SW Bates,SFM Devine,KH Brunt,1,0,,,,,,,,,
1126727,2018,2018-07-07,Headingley,2,5.1,New Zealand,England,SW Bates,SFM Devine,KL George,0,0,,,,,,,,,
1126727,2018,2018-07-07,Headingley,2,5.2,New Zealand,England,SW Bates,SFM Devine,KL George,1,0,,,,,,,,,
1126727,2018,2018-07-07,Headingley,2,5.3,New Zealand,England,SFM Devine,SW Bates,KL George,0,0,,,,,,,,,
1126727,2018,2018-07-07,Headingley,2,5.4,New Zealand,England,SFM Devine,SW Bates,KL George,0,0,,,,,,,,,
1126727,2018,2018-07-07,Headingley,2,5.5,New Zealand,England,SFM Devine,SW Bates,KL George,0,0,,,,,,,,,
1126727,2018,2018-07-07,Headingley,2,5.6,New Zealand,England,SFM Devine,SW Bates,KL George,0,0,,,,,,,,,
1126727,2018,2018-07-07,Headingley,2,6.1,New Zealand,England,SW Bates,SFM Devine,KH Brunt,0,0,,,,,,,,,
1126727,2018,2018-07-07,Headingley,2,6.2,New Zealand,England,SW Bates,SFM Devine,KH Brunt,4,0,,,,,,,,,
1126727,2018,2018-07-07,Headingley,2,6.3,New Zealand,England,SW Bates,SFM Devine,KH Brunt,0,0,,,,,,,,,
1126727,2018,2018-07-07,Headingley,2,6.4,New Zealand,England,SW Bates,SFM Devine,KH Brunt,0,0,,,,,,,,,
1126727,2018,2018-07-07,Headingley,2,6.5,New Zealand,England,SW Bates,SFM Devine,KH Brunt,0,0,,,,,,,,,
1126727,2018,2018-07-07,Headingley,2,6.6,New Zealand,England,SW Bates,SFM Devine,KH Brunt,1,0,,,,,,,,,
1126727,2018,2018-07-07,Headingley,2,7.1,New Zealand,England,SW Bates,SFM Devine,KL George,1,0,,,,,,,,,
1126727,2018,2018-07-07,Headingley,2,7.2,New Zealand,England,SFM Devine,SW Bates,KL George,0,1,1,,,,,,,,
1126727,2018,2018-07-07,Headingley,2,7.3,New Zealand,England,SFM Devine,SW Bates,KL George,4,0,,,,,,,,,
1126727,2018,2018-07-07,Headingley,2,7.4,New Zealand,England,SFM Devine,SW Bates,KL George,4,0,,,,,,,,,
1126727,2018,2018-07-07,Headingley,2,7.5,New Zealand,England,SFM Devine,SW Bates,KL George,0,1,1,,,,,,,,
1126727,2018,2018-07-07,Headingley,2,7.6,New Zealand,England,SFM Devine,SW Bates,KL George,0,0,,,,,,,,,
1126727,2018,2018-07-07,Headingley,2,7.7,New Zealand,England,SFM Devine,SW Bates,KL George,1,0,,,,,,,,,
1126727,2018,2018-07-07,Headingley,2,7.8,New Zealand,England,SW Bates,SFM Devine,KL George,0,0,,,,,,,,,
1126727,2018,2018-07-07,Headingley,2,8.1,New Zealand,England,SFM Devine,SW Bates,KH Brunt,1,0,,,,,,,,,
1126727,2018,2018-07-07,Headingley,2,8.2,New Zealand,England,SW Bates,SFM Devine,KH Brunt,0,0,,,,,,,,,
1126727,2018,2018-07-07,Headingley,2,8.3,New Zealand,England,SW Bates,SFM Devine,KH Brunt,0,0,,,,,,,,,
1126727,2018,2018-07-07,Headingley,2,8.4,New Zealand,England,SW Bates,SFM Devine,KH Brunt,0,0,,,,,,,,,
1126727,2018,2018-07-07,Headingley,2,8.5,New Zealand,England,SW Bates,SFM Devine,KH Brunt,4,0,,,,,,,,,
1126727,2018,2018-07-07,Headingley,2,8.6,New Zealand,England,SW Bates,SFM Devine,KH Brunt,0,0,,,,,,,,,
1126727,2018,2018-07-07,Headingley,2,9.1,New Zealand,England,SFM Devine,SW Bates,S Ecclestone,4,0,,,,,,,,,
1126727,2018,2018-07-07,Headingley,2,9.2,New Zealand,England,SFM Devine,SW Bates,S Ecclestone,0,0,,,,,,,,,
1126727,2018,2018-07-07,Headingley,2,9.3,New Zealand,England,SFM Devine,SW Bates,S Ecclestone,0,0,,,,,,,,,
1126727,2018,2018-07-07,Headingley,2,9.4,New Zealand,England,SFM Devine,SW Bates,S Ecclestone,0,0,,,,,,,,,
1126727,2018,2018-07-07,Headingley,2,9.5,New Zealand,England,SFM Devine,SW Bates,S Ecclestone,0,0,,,,,,,,,
1126727,2018,2018-07-07,Headingley,2,9.6,New Zealand,England,SFM Devine,SW Bates,S Ecclestone,0,0,,,,,,,,,
1126727,2018,2018-07-07,Headingley,2,10.1,New Zealand,England,SW Bates,SFM Devine,GA Elwiss,0,0,,,,,,,,,
1126727,2018,2018-07-07,Headingley,2,10.2,New Zealand,England,SW Bates,SFM Devine,GA Elwiss,1,0,,,,,,,,,
1126727,2018,2018-07-07,Headingley,2,10.3,New Zealand,England,SFM Devine,SW Bates,GA Elwiss,0,0,,,,,,,,,
1126727,2018,2018-07-07,Headingley,2,10.4,New Zealand,England,SFM Devine,SW Bates,GA Elwiss,1,0,,,,,,,,,
1126727,2018,2018-07-07,Headingley,2,10.5,New Zealand,England,SW Bates,SFM Devine,GA Elwiss,0,0,,,,,,,,,
1126727,2018,2018-07-07,Headingley,2,10.6,New Zealand,England,SW Bates,SFM Devine,GA Elwiss,1,0,,,,,,,,,
1126727,2018,2018-07-07,Headingley,2,11.1,New Zealand,England,SW Bates,SFM Devine,S Ecclestone,1,0,,,,,,,,,
1126727,2018,2018-07-07,Headingley,2,11.2,New Zealand,England,SFM Devine,SW Bates,S Ecclestone,0,0,,,,,,,,,
1126727,2018,2018-07-07,Headingley,2,11.3,New Zealand,England,SFM Devine,SW Bates,S Ecclestone,1,0,,,,,,,,,
1126727,2018,2018-07-07,Headingley,2,11.4,New Zealand,England,SW Bates,SFM Devine,S Ecclestone,0,1,1,,,,,,,,
1126727,2018,2018-07-07,Headingley,2,11.5,New Zealand,England,SW Bates,SFM Devine,S Ecclestone,0,0,,,,,,,,,
1126727,2018,2018-07-07,Headingley,2,11.6,New Zealand,England,SW Bates,SFM Devine,S Ecclestone,4,0,,,,,,,,,
1126727,2018,2018-07-07,Headingley,2,11.7,New Zealand,England,SW Bates,SFM Devine,S Ecclestone,1,0,,,,,,,,,
1126727,2018,2018-07-07,Headingley,2,12.1,New Zealand,England,SW Bates,SFM Devine,GA Elwiss,1,0,,,,,,,,,
1126727,2018,2018-07-07,Headingley,2,12.2,New Zealand,England,SFM Devine,SW Bates,GA Elwiss,0,0,,,,,,,,,
1126727,2018,2018-07-07,Headingley,2,12.3,New Zealand,England,SFM Devine,SW Bates,GA Elwiss,0,0,,,,,,,,,
1126727,2018,2018-07-07,Headingley,2,12.4,New Zealand,England,SFM Devine,SW Bates,GA Elwiss,0,0,,,,,,,,,
1126727,2018,2018-07-07,Headingley,2,12.5,New Zealand,England,SFM Devine,SW Bates,GA Elwiss,0,0,,,,,,,,,
1126727,2018,2018-07-07,Headingley,2,12.6,New Zealand,England,SFM Devine,SW Bates,GA Elwiss,0,0,,,,,,,,,
1126727,2018,2018-07-07,Headingley,2,13.1,New Zealand,England,SW Bates,SFM Devine,S Ecclestone,0,0,,,,,,,,,
1126727,2018,2018-07-07,Headingley,2,13.2,New Zealand,England,SW Bates,SFM Devine,S Ecclestone,1,0,,,,,,,,,
1126727,2018,2018-07-07,Headingley,2,13.3,New Zealand,England,SFM Devine,SW Bates,S Ecclestone,0,0,,,,,,,,,
1126727,2018,2018-07-07,Headingley,2,13.4,New Zealand,England,SFM Devine,SW Bates,S Ecclestone,2,0,,,,,,,,,
1126727,2018,2018-07-07,Headingley,2,13.5,New Zealand,England,SFM Devine,SW Bates,S Ecclestone,4,0,,,,,,,,,
1126727,2018,2018-07-07,Headingley,2,13.6,New Zealand,England,SFM Devine,SW Bates,S Ecclestone,1,0,,,,,,,,,
1126727,2018,2018-07-07,Headingley,2,14.1,New Zealand,England,SFM Devine,SW Bates,GA Elwiss,0,0,,,,,,caught,SFM Devine,,
1126727,2018,2018-07-07,Headingley,2,14.2,New Zealand,England,SW Bates,AE Satterthwaite,GA Elwiss,0,0,,,,,,,,,
1126727,2018,2018-07-07,Headingley,2,14.3,New Zealand,England,SW Bates,AE Satterthwaite,GA Elwiss,0,0,,,,,,,,,
1126727,2018,2018-07-07,Headingley,2,14.4,New Zealand,England,SW Bates,AE Satterthwaite,GA Elwiss,0,0,,,,,,,,,
1126727,2018,2018-07-07,Headingley,2,14.5,New Zealand,England,SW Bates,AE Satterthwaite,GA Elwiss,0,0,,,,,,,,,
1126727,2018,2018-07-07,Headingley,2,14.6,New Zealand,England,SW Bates,AE Satterthwaite,GA Elwiss,1,0,,,,,,,,,
1126727,2018,2018-07-07,Headingley,2,15.1,New Zealand,England,SW Bates,AE Satterthwaite,NR Sciver,0,0,,,,,,caught,SW Bates,,
1126727,2018,2018-07-07,Headingley,2,15.2,New Zealand,England,KJ Martin,AE Satterthwaite,NR Sciver,1,0,,,,,,,,,
1126727,2018,2018-07-07,Headingley,2,15.3,New Zealand,England,AE Satterthwaite,KJ Martin,NR Sciver,1,0,,,,,,,,,
1126727,2018,2018-07-07,Headingley,2,15.4,New Zealand,England,KJ Martin,AE Satterthwaite,NR Sciver,0,0,,,,,,,,,
1126727,2018,2018-07-07,Headingley,2,15.5,New Zealand,England,KJ Martin,AE Satterthwaite,NR Sciver,0,0,,,,,,,,,
1126727,2018,2018-07-07,Headingley,2,15.6,New Zealand,England,KJ Martin,AE Satterthwaite,NR Sciver,0,0,,,,,,caught,KJ Martin,,
1126727,2018,2018-07-07,Headingley,2,16.1,New Zealand,England,AE Satterthwaite,ML Green,GA Elwiss,0,0,,,,,,,,,
1126727,2018,2018-07-07,Headingley,2,16.2,New Zealand,England,AE Satterthwaite,ML Green,GA Elwiss,0,0,,,,,,,,,
1126727,2018,2018-07-07,Headingley,2,16.3,New Zealand,England,AE Satterthwaite,ML Green,GA Elwiss,1,0,,,,,,,,,
1126727,2018,2018-07-07,Headingley,2,16.4,New Zealand,England,ML Green,AE Satterthwaite,GA Elwiss,1,0,,,,,,,,,
1126727,2018,2018-07-07,Headingley,2,16.5,New Zealand,England,AE Satterthwaite,ML Green,GA Elwiss,0,0,,,,,,lbw,AE Satterthwaite,,
1126727,2018,2018-07-07,Headingley,2,16.6,New Zealand,England,AC Kerr,ML Green,GA Elwiss,0,0,,,,,,,,,
1126727,2018,2018-07-07,Headingley,2,17.1,New Zealand,England,ML Green,AC Kerr,NR Sciver,0,0,,,,,,,,,
1126727,2018,2018-07-07,Headingley,2,17.2,New Zealand,England,ML Green,AC Kerr,NR Sciver,0,0,,,,,,,,,
1126727,2018,2018-07-07,Headingley,2,17.3,New Zealand,England,ML Green,AC Kerr,NR Sciver,0,1,,,,1,,,,,
1126727,2018,2018-07-07,Headingley,2,17.4,New Zealand,England,AC Kerr,ML Green,NR Sciver,1,0,,,,,,,,,
1126727,2018,2018-07-07,Headingley,2,17.5,New Zealand,England,ML Green,AC Kerr,NR Sciver,1,0,,,,,,,,,
1126727,2018,2018-07-07,Headingley,2,17.6,New Zealand,England,AC Kerr,ML Green,NR Sciver,0,0,,,,,,,,,
1126727,2018,2018-07-07,Headingley,2,18.1,New Zealand,England,ML Green,AC Kerr,GA Elwiss,0,0,,,,,,,,,
1126727,2018,2018-07-07,Headingley,2,18.2,New Zealand,England,ML Green,AC Kerr,GA Elwiss,1,0,,,,,,,,,
1126727,2018,2018-07-07,Headingley,2,18.3,New Zealand,England,AC Kerr,ML Green,GA Elwiss,1,0,,,,,,,,,
1126727,2018,2018-07-07,Headingley,2,18.4,New Zealand,England,ML Green,AC Kerr,GA Elwiss,0,0,,,,,,,,,
1126727,2018,2018-07-07,Headingley,2,18.5,New Zealand,England,ML Green,AC Kerr,GA Elwiss,0,0,,,,,,,,,
1126727,2018,2018-07-07,Headingley,2,18.6,New Zealand,England,ML Green,AC Kerr,GA Elwiss,1,0,,,,,,,,,
1126727,2018,2018-07-07,Headingley,2,19.1,New Zealand,England,ML Green,AC Kerr,NR Sciver,1,0,,,,,,,,,
1126727,2018,2018-07-07,Headingley,2,19.2,New Zealand,England,AC Kerr,ML Green,NR Sciver,1,0,,,,,,,,,
1126727,2018,2018-07-07,Headingley,2,19.3,New Zealand,England,ML Green,AC Kerr,NR Sciver,0,0,,,,,,,,,
1126727,2018,2018-07-07,Headingley,2,19.4,New Zealand,England,ML Green,AC Kerr,NR Sciver,4,0,,,,,,,,,
1126727,2018,2018-07-07,Headingley,2,19.5,New Zealand,England,ML Green,AC Kerr,NR Sciver,4,0,,,,,,,,,
1126727,2018,2018-07-07,Headingley,2,19.6,New Zealand,England,ML Green,AC Kerr,NR Sciver,0,3,3,,,,,,,,
1126727,2018,2018-07-07,Headingley,2,19.7,New Zealand,England,ML Green,AC Kerr,NR Sciver,0,0,,,,,,,,,
1126727,2018,2018-07-07,Headingley,2,20.1,New Zealand,England,AC Kerr,ML Green,GA Elwiss,1,0,,,,,,,,,
1126727,2018,2018-07-07,Headingley,2,20.2,New Zealand,England,ML Green,AC Kerr,GA Elwiss,1,0,,,,,,,,,
1126727,2018,2018-07-07,Headingley,2,20.3,New Zealand,England,AC Kerr,ML Green,GA Elwiss,0,0,,,,,,,,,
1126727,2018,2018-07-07,Headingley,2,20.4,New Zealand,England,AC Kerr,ML Green,GA Elwiss,0,0,,,,,,,,,
1126727,2018,2018-07-07,Headingley,2,20.5,New Zealand,England,AC Kerr,ML Green,GA Elwiss,0,0,,,,,,,,,
1126727,2018,2018-07-07,Headingley,2,20.6,New Zealand,England,AC Kerr,ML Green,GA Elwiss,4,0,,,,,,,,,
1126727,2018,2018-07-07,Headingley,2,21.1,New Zealand,England,ML Green,AC Kerr,NR Sciver,1,0,,,,,,,,,
1126727,2018,2018-07-07,Headingley,2,21.2,New Zealand,England,AC Kerr,ML Green,NR Sciver,0,0,,,,,,,,,
1126727,2018,2018-07-07,Headingley,2,21.3,New Zealand,England,AC Kerr,ML Green,NR Sciver,0,0,,,,,,,,,
1126727,2018,2018-07-07,Headingley,2,21.4,New Zealand,England,AC Kerr,ML Green,NR Sciver,0,0,,,,,,,,,
1126727,2018,2018-07-07,Headingley,2,21.5,New Zealand,England,AC Kerr,ML Green,NR Sciver,0,0,,,,,,caught,AC Kerr,,
1126727,2018,2018-07-07,Headingley,2,21.6,New Zealand,England,KE Ebrahim,ML Green,NR Sciver,0,0,,,,,,,,,
1126727,2018,2018-07-07,Headingley,2,22.1,New Zealand,England,ML Green,KE Ebrahim,LA Marsh,0,0,,,,,,,,,
1126727,2018,2018-07-07,Headingley,2,22.2,New Zealand,England,ML Green,KE Ebrahim,LA Marsh,0,0,,,,,,,,,
1126727,2018,2018-07-07,Headingley,2,22.3,New Zealand,England,ML Green,KE Ebrahim,LA Marsh,0,0,,,,,,,,,
1126727,2018,2018-07-07,Headingley,2,22.4,New Zealand,England,ML Green,KE Ebrahim,LA Marsh,0,0,,,,,,,,,
1126727,2018,2018-07-07,Headingley,2,22.5,New Zealand,England,ML Green,KE Ebrahim,LA Marsh,0,0,,,,,,,,,
1126727,2018,2018-07-07,Headingley,2,22.6,New Zealand,England,ML Green,KE Ebrahim,LA Marsh,1,0,,,,,,,,,
1126727,2018,2018-07-07,Headingley,2,23.1,New Zealand,England,ML Green,KE Ebrahim,S Ecclestone,0,0,,,,,,,,,
1126727,2018,2018-07-07,Headingley,2,23.2,New Zealand,England,ML Green,KE Ebrahim,S Ecclestone,1,0,,,,,,,,,
1126727,2018,2018-07-07,Headingley,2,23.3,New Zealand,England,KE Ebrahim,ML Green,S Ecclestone,0,0,,,,,,,,,
1126727,2018,2018-07-07,Headingley,2,23.4,New Zealand,England,KE Ebrahim,ML Green,S Ecclestone,0,0,,,,,,,,,
1126727,2018,2018-07-07,Headingley,2,23.5,New Zealand,England,KE Ebrahim,ML Green,S Ecclestone,0,0,,,,,,,,,
1126727,2018,2018-07-07,Headingley,2,23.6,New Zealand,England,KE Ebrahim,ML Green,S Ecclestone,1,0,,,,,,,,,
1126727,2018,2018-07-07,Headingley,2,24.1,New Zealand,England,KE Ebrahim,ML Green,LA Marsh,0,0,,,,,,,,,
1126727,2018,2018-07-07,Headingley,2,24.2,New Zealand,England,KE Ebrahim,ML Green,LA Marsh,0,0,,,,,,,,,
1126727,2018,2018-07-07,Headingley,2,24.3,New Zealand,England,KE Ebrahim,ML Green,LA Marsh,1,0,,,,,,,,,
1126727,2018,2018-07-07,Headingley,2,24.4,New Zealand,England,ML Green,KE Ebrahim,LA Marsh,1,0,,,,,,,,,
1126727,2018,2018-07-07,Headingley,2,24.5,New Zealand,England,KE Ebrahim,ML Green,LA Marsh,0,0,,,,,,,,,
1126727,2018,2018-07-07,Headingley,2,24.6,New Zealand,England,KE Ebrahim,ML Green,LA Marsh,1,0,,,,,,,,,
1126727,2018,2018-07-07,Headingley,2,25.1,New Zealand,England,KE Ebrahim,ML Green,S Ecclestone,1,0,,,,,,,,,
1126727,2018,2018-07-07,Headingley,2,25.2,New Zealand,England,ML Green,KE Ebrahim,S Ecclestone,0,0,,,,,,,,,
1126727,2018,2018-07-07,Headingley,2,25.3,New Zealand,England,ML Green,KE Ebrahim,S Ecclestone,0,0,,,,,,,,,
1126727,2018,2018-07-07,Headingley,2,25.4,New Zealand,England,ML Green,KE Ebrahim,S Ecclestone,0,0,,,,,,,,,
1126727,2018,2018-07-07,Headingley,2,25.5,New Zealand,England,ML Green,KE Ebrahim,S Ecclestone,1,0,,,,,,,,,
1126727,2018,2018-07-07,Headingley,2,25.6,New Zealand,England,KE Ebrahim,ML Green,S Ecclestone,0,0,,,,,,,,,
1126727,2018,2018-07-07,Headingley,2,26.1,New Zealand,England,ML Green,KE Ebrahim,LA Marsh,1,0,,,,,,,,,
1126727,2018,2018-07-07,Headingley,2,26.2,New Zealand,England,KE Ebrahim,ML Green,LA Marsh,1,0,,,,,,,,,
1126727,2018,2018-07-07,Headingley,2,26.3,New Zealand,England,ML Green,KE Ebrahim,LA Marsh,0,0,,,,,,,,,
1126727,2018,2018-07-07,Headingley,2,26.4,New Zealand,England,ML Green,KE Ebrahim,LA Marsh,0,0,,,,,,,,,
1126727,2018,2018-07-07,Headingley,2,26.5,New Zealand,England,ML Green,KE Ebrahim,LA Marsh,1,0,,,,,,,,,
1126727,2018,2018-07-07,Headingley,2,26.6,New Zealand,England,KE Ebrahim,ML Green,LA Marsh,0,0,,,,,,,,,
1126727,2018,2018-07-07,Headingley,2,27.1,New Zealand,England,ML Green,KE Ebrahim,S Ecclestone,0,0,,,,,,caught,ML Green,,
1126727,2018,2018-07-07,Headingley,2,27.2,New Zealand,England,JM Watkin,KE Ebrahim,S Ecclestone,0,0,,,,,,,,,
1126727,2018,2018-07-07,Headingley,2,27.3,New Zealand,England,JM Watkin,KE Ebrahim,S Ecclestone,0,0,,,,,,,,,
1126727,2018,2018-07-07,Headingley,2,27.4,New Zealand,England,JM Watkin,KE Ebrahim,S Ecclestone,0,0,,,,,,,,,
1126727,2018,2018-07-07,Headingley,2,27.5,New Zealand,England,JM Watkin,KE Ebrahim,S Ecclestone,0,0,,,,,,,,,
1126727,2018,2018-07-07,Headingley,2,27.6,New Zealand,England,JM Watkin,KE Ebrahim,S Ecclestone,0,0,,,,,,,,,
1126727,2018,2018-07-07,Headingley,2,28.1,New Zealand,England,KE Ebrahim,JM Watkin,LA Marsh,1,0,,,,,,,,,
1126727,2018,2018-07-07,Headingley,2,28.2,New Zealand,England,JM Watkin,KE Ebrahim,LA Marsh,0,0,,,,,,,,,
1126727,2018,2018-07-07,Headingley,2,28.3,New Zealand,England,JM Watkin,KE Ebrahim,LA Marsh,1,0,,,,,,,,,
1126727,2018,2018-07-07,Headingley,2,28.4,New Zealand,England,KE Ebrahim,JM Watkin,LA Marsh,0,0,,,,,,,,,
1126727,2018,2018-07-07,Headingley,2,28.5,New Zealand,England,KE Ebrahim,JM Watkin,LA Marsh,1,0,,,,,,,,,
1126727,2018,2018-07-07,Headingley,2,28.6,New Zealand,England,JM Watkin,KE Ebrahim,LA Marsh,0,0,,,,,,lbw,JM Watkin,,
1126727,2018,2018-07-07,Headingley,2,29.1,New Zealand,England,KE Ebrahim,LM Kasperek,S Ecclestone,0,0,,,,,,,,,
1126727,2018,2018-07-07,Headingley,2,29.2,New Zealand,England,KE Ebrahim,LM Kasperek,S Ecclestone,0,1,,,,1,,,,,
1126727,2018,2018-07-07,Headingley,2,29.3,New Zealand,England,LM Kasperek,KE Ebrahim,S Ecclestone,0,0,,,,,,,,,
1126727,2018,2018-07-07,Headingley,2,29.4,New Zealand,England,LM Kasperek,KE Ebrahim,S Ecclestone,0,0,,,,,,,,,
1126727,2018,2018-07-07,Headingley,2,29.5,New Zealand,England,LM Kasperek,KE Ebrahim,S Ecclestone,1,0,,,,,,,,,
1126727,2018,2018-07-07,Headingley,2,29.6,New Zealand,England,KE Ebrahim,LM Kasperek,S Ecclestone,0,0,,,,,,,,,
1126727,2018,2018-07-07,Headingley,2,30.1,New Zealand,England,LM Kasperek,KE Ebrahim,LA Marsh,0,0,,,,,,,,,
1126727,2018,2018-07-07,Headingley,2,30.2,New Zealand,England,LM Kasperek,KE Ebrahim,LA Marsh,1,0,,,,,,,,,
1126727,2018,2018-07-07,Headingley,2,30.3,New Zealand,England,KE Ebrahim,LM Kasperek,LA Marsh,1,0,,,,,,,,,
1126727,2018,2018-07-07,Headingley,2,30.4,New Zealand,England,LM Kasperek,KE Ebrahim,LA Marsh,0,0,,,,,,,,,
1126727,2018,2018-07-07,Headingley,2,30.5,New Zealand,England,LM Kasperek,KE Ebrahim,LA Marsh,0,1,,,,1,,,,,
1126727,2018,2018-07-07,Headingley,2,30.6,New Zealand,England,KE Ebrahim,LM Kasperek,LA Marsh,4,0,,,,,,,,,
1126727,2018,2018-07-07,Headingley,2,31.1,New Zealand,England,LM Kasperek,KE Ebrahim,S Ecclestone,0,0,,,,,,,,,
1126727,2018,2018-07-07,Headingley,2,31.2,New Zealand,England,LM Kasperek,KE Ebrahim,S Ecclestone,0,0,,,,,,,,,
1126727,2018,2018-07-07,Headingley,2,31.3,New Zealand,England,LM Kasperek,KE Ebrahim,S Ecclestone,4,0,,,,,,,,,
1126727,2018,2018-07-07,Headingley,2,31.4,New Zealand,England,LM Kasperek,KE Ebrahim,S Ecclestone,0,0,,,,,,,,,
1126727,2018,2018-07-07,Headingley,2,31.5,New Zealand,England,LM Kasperek,KE Ebrahim,S Ecclestone,4,0,,,,,,,,,
1126727,2018,2018-07-07,Headingley,2,31.6,New Zealand,England,LM Kasperek,KE Ebrahim,S Ecclestone,0,0,,,,,,,,,
1126727,2018,2018-07-07,Headingley,2,32.1,New Zealand,England,KE Ebrahim,LM Kasperek,LA Marsh,0,0,,,,,,,,,
1126727,2018,2018-07-07,Headingley,2,32.2,New Zealand,England,KE Ebrahim,LM Kasperek,LA Marsh,1,0,,,,,,,,,
1126727,2018,2018-07-07,Headingley,2,32.3,New Zealand,England,LM Kasperek,KE Ebrahim,LA Marsh,0,0,,,,,,,,,
1126727,2018,2018-07-07,Headingley,2,32.4,New Zealand,England,LM Kasperek,KE Ebrahim,LA Marsh,2,0,,,,,,,,,
1126727,2018,2018-07-07,Headingley,2,32.5,New Zealand,England,LM Kasperek,KE Ebrahim,LA Marsh,2,0,,,,,,,,,
1126727,2018,2018-07-07,Headingley,2,32.6,New Zealand,England,LM Kasperek,KE Ebrahim,LA Marsh,0,0,,,,,,lbw,LM Kasperek,,
1126727,2018,2018-07-07,Headingley,2,33.1,New Zealand,England,KE Ebrahim,LMM Tahuhu,KL George,1,0,,,,,,,,,
1126727,2018,2018-07-07,Headingley,2,33.2,New Zealand,England,LMM Tahuhu,KE Ebrahim,KL George,1,0,,,,,,,,,
1126727,2018,2018-07-07,Headingley,2,33.3,New Zealand,England,KE Ebrahim,LMM Tahuhu,KL George,1,0,,,,,,,,,
1126727,2018,2018-07-07,Headingley,2,33.4,New Zealand,England,LMM Tahuhu,KE Ebrahim,KL George,4,0,,,,,,,,,
1126727,2018,2018-07-07,Headingley,2,33.5,New Zealand,England,LMM Tahuhu,KE Ebrahim,KL George,0,0,,,,,,,,,
1126727,2018,2018-07-07,Headingley,2,33.6,New Zealand,England,LMM Tahuhu,KE Ebrahim,KL George,0,1,,,,1,,,,,
1126727,2018,2018-07-07,Headingley,2,34.1,New Zealand,England,LMM Tahuhu,KE Ebrahim,LA Marsh,1,0,,,,,,,,,
1126727,2018,2018-07-07,Headingley,2,34.2,New Zealand,England,KE Ebrahim,LMM Tahuhu,LA Marsh,1,0,,,,,,,,,
1126727,2018,2018-07-07,Headingley,2,34.3,New Zealand,England,LMM Tahuhu,KE Ebrahim,LA Marsh,0,0,,,,,,,,,
1126727,2018,2018-07-07,Headingley,2,34.4,New Zealand,England,LMM Tahuhu,KE Ebrahim,LA Marsh,0,0,,,,,,bowled,LMM Tahuhu,,
1126727,2018,2018-07-07,Headingley,2,34.5,New Zealand,England,HR Huddleston,KE Ebrahim,LA Marsh,0,0,,,,,,,,,
1126727,2018,2018-07-07,Headingley,2,34.6,New Zealand,England,HR Huddleston,KE Ebrahim,LA Marsh,1,0,,,,,,,,,
1126727,2018,2018-07-07,Headingley,2,35.1,New Zealand,England,HR Huddleston,KE Ebrahim,KL George,0,0,,,,,,,,,
1126727,2018,2018-07-07,Headingley,2,35.2,New Zealand,England,HR Huddleston,KE Ebrahim,KL George,0,0,,,,,,,,,
1126727,2018,2018-07-07,Headingley,2,35.3,New Zealand,England,HR Huddleston,KE Ebrahim,KL George,0,0,,,,,,lbw,HR Huddleston,,
