match_id,season,start_date,venue,innings,ball,batting_team,bowling_team,striker,non_striker,bowler,runs_off_bat,extras,wides,noballs,byes,legbyes,penalty,wicket_type,player_dismissed,other_wicket_type,other_player_dismissed
1126729,2018,2018-07-13,Grace Road,1,0.1,England,New Zealand,AE Jones,TT Beaumont,HR Huddleston,0,0,,,,,,,,,
1126729,2018,2018-07-13,Grace Road,1,0.2,England,New Zealand,AE Jones,TT Beaumont,HR Huddleston,3,0,,,,,,,,,
1126729,2018,2018-07-13,Grace Road,1,0.3,England,New Zealand,TT Beaumont,AE Jones,HR Huddleston,0,0,,,,,,,,,
1126729,2018,2018-07-13,Grace Road,1,0.4,England,New Zealand,TT Beaumont,AE Jones,HR Huddleston,0,0,,,,,,,,,
1126729,2018,2018-07-13,Grace Road,1,0.5,England,New Zealand,TT Beaumont,AE Jones,HR Huddleston,0,0,,,,,,,,,
1126729,2018,2018-07-13,Grace Road,1,0.6,England,New Zealand,TT Beaumont,AE Jones,HR Huddleston,4,0,,,,,,,,,
1126729,2018,2018-07-13,Grace Road,1,1.1,England,New Zealand,AE Jones,TT Beaumont,SFM Devine,0,0,,,,,,,,,
1126729,2018,2018-07-13,Grace Road,1,1.2,England,New Zealand,AE Jones,TT Beaumont,SFM Devine,2,0,,,,,,,,,
1126729,2018,2018-07-13,Grace Road,1,1.3,England,New Zealand,AE Jones,TT Beaumont,SFM Devine,1,0,,,,,,,,,
1126729,2018,2018-07-13,Grace Road,1,1.4,England,New Zealand,TT Beaumont,AE Jones,SFM Devine,0,0,,,,,,,,,
1126729,2018,2018-07-13,Grace Road,1,1.5,England,New Zealand,TT Beaumont,AE Jones,SFM Devine,0,0,,,,,,,,,
1126729,2018,2018-07-13,Grace Road,1,1.6,England,New Zealand,TT Beaumont,AE Jones,SFM Devine,1,0,,,,,,,,,
1126729,2018,2018-07-13,Grace Road,1,2.1,England,New Zealand,TT Beaumont,AE Jones,HR Huddleston,0,1,,1,,,,,,,
1126729,2018,2018-07-13,Grace Road,1,2.2,England,New Zealand,TT Beaumont,AE Jones,HR Huddleston,4,1,,1,,,,,,,
1126729,2018,2018-07-13,Grace Road,1,2.3,England,New Zealand,TT Beaumont,AE Jones,HR Huddleston,0,0,,,,,,,,,
1126729,2018,2018-07-13,Grace Road,1,2.4,England,New Zealand,TT Beaumont,AE Jones,HR Huddleston,0,0,,,,,,,,,
1126729,2018,2018-07-13,Grace Road,1,2.5,England,New Zealand,TT Beaumont,AE Jones,HR Huddleston,0,0,,,,,,,,,
1126729,2018,2018-07-13,Grace Road,1,2.6,England,New Zealand,TT Beaumont,AE Jones,HR Huddleston,1,0,,,,,,,,,
1126729,2018,2018-07-13,Grace Road,1,2.7,England,New Zealand,AE Jones,TT Beaumont,HR Huddleston,1,0,,,,,,,,,
1126729,2018,2018-07-13,Grace Road,1,2.8,England,New Zealand,TT Beaumont,AE Jones,HR Huddleston,0,0,,,,,,,,,
1126729,2018,2018-07-13,Grace Road,1,3.1,England,New Zealand,AE Jones,TT Beaumont,SFM Devine,0,0,,,,,,,,,
1126729,2018,2018-07-13,Grace Road,1,3.2,England,New Zealand,AE Jones,TT Beaumont,SFM Devine,0,0,,,,,,,,,
1126729,2018,2018-07-13,Grace Road,1,3.3,England,New Zealand,AE Jones,TT Beaumont,SFM Devine,2,0,,,,,,,,,
1126729,2018,2018-07-13,Grace Road,1,3.4,England,New Zealand,AE Jones,TT Beaumont,SFM Devine,1,0,,,,,,,,,
1126729,2018,2018-07-13,Grace Road,1,3.5,England,New Zealand,TT Beaumont,AE Jones,SFM Devine,4,0,,,,,,,,,
1126729,2018,2018-07-13,Grace Road,1,3.6,England,New Zealand,TT Beaumont,AE Jones,SFM Devine,2,0,,,,,,,,,
1126729,2018,2018-07-13,Grace Road,1,4.1,England,New Zealand,AE Jones,TT Beaumont,HNK Jensen,0,0,,,,,,,,,
1126729,2018,2018-07-13,Grace Road,1,4.2,England,New Zealand,AE Jones,TT Beaumont,HNK Jensen,0,0,,,,,,,,,
1126729,2018,2018-07-13,Grace Road,1,4.3,England,New Zealand,AE Jones,TT Beaumont,HNK Jensen,0,0,,,,,,,,,
1126729,2018,2018-07-13,Grace Road,1,4.4,England,New Zealand,AE Jones,TT Beaumont,HNK Jensen,1,0,,,,,,,,,
1126729,2018,2018-07-13,Grace Road,1,4.5,England,New Zealand,TT Beaumont,AE Jones,HNK Jensen,0,0,,,,,,,,,
1126729,2018,2018-07-13,Grace Road,1,4.6,England,New Zealand,TT Beaumont,AE Jones,HNK Jensen,1,0,,,,,,,,,
1126729,2018,2018-07-13,Grace Road,1,5.1,England,New Zealand,TT Beaumont,AE Jones,SFM Devine,0,0,,,,,,,,,
1126729,2018,2018-07-13,Grace Road,1,5.2,England,New Zealand,TT Beaumont,AE Jones,SFM Devine,0,0,,,,,,,,,
1126729,2018,2018-07-13,Grace Road,1,5.3,England,New Zealand,TT Beaumont,AE Jones,SFM Devine,4,0,,,,,,,,,
1126729,2018,2018-07-13,Grace Road,1,5.4,England,New Zealand,TT Beaumont,AE Jones,SFM Devine,0,1,,,,1,,,,,
1126729,2018,2018-07-13,Grace Road,1,5.5,England,New Zealand,AE Jones,TT Beaumont,SFM Devine,0,0,,,,,,,,,
1126729,2018,2018-07-13,Grace Road,1,5.6,England,New Zealand,AE Jones,TT Beaumont,SFM Devine,1,0,,,,,,,,,
1126729,2018,2018-07-13,Grace Road,1,6.1,England,New Zealand,AE Jones,TT Beaumont,HNK Jensen,0,0,,,,,,,,,
1126729,2018,2018-07-13,Grace Road,1,6.2,England,New Zealand,AE Jones,TT Beaumont,HNK Jensen,1,0,,,,,,,,,
1126729,2018,2018-07-13,Grace Road,1,6.3,England,New Zealand,TT Beaumont,AE Jones,HNK Jensen,0,0,,,,,,,,,
1126729,2018,2018-07-13,Grace Road,1,6.4,England,New Zealand,TT Beaumont,AE Jones,HNK Jensen,0,0,,,,,,,,,
1126729,2018,2018-07-13,Grace Road,1,6.5,England,New Zealand,TT Beaumont,AE Jones,HNK Jensen,0,0,,,,,,,,,
1126729,2018,2018-07-13,Grace Road,1,6.6,England,New Zealand,TT Beaumont,AE Jones,HNK Jensen,0,0,,,,,,,,,
1126729,2018,2018-07-13,Grace Road,1,7.1,England,New Zealand,AE Jones,TT Beaumont,SFM Devine,0,0,,,,,,,,,
1126729,2018,2018-07-13,Grace Road,1,7.2,England,New Zealand,AE Jones,TT Beaumont,SFM Devine,0,0,,,,,,,,,
1126729,2018,2018-07-13,Grace Road,1,7.3,England,New Zealand,AE Jones,TT Beaumont,SFM Devine,0,0,,,,,,,,,
1126729,2018,2018-07-13,Grace Road,1,7.4,England,New Zealand,AE Jones,TT Beaumont,SFM Devine,0,0,,,,,,,,,
1126729,2018,2018-07-13,Grace Road,1,7.5,England,New Zealand,AE Jones,TT Beaumont,SFM Devine,0,0,,,,,,,,,
1126729,2018,2018-07-13,Grace Road,1,7.6,England,New Zealand,AE Jones,TT Beaumont,SFM Devine,0,1,1,,,,,,,,
1126729,2018,2018-07-13,Grace Road,1,7.7,England,New Zealand,AE Jones,TT Beaumont,SFM Devine,0,0,,,,,,,,,
1126729,2018,2018-07-13,Grace Road,1,8.1,England,New Zealand,TT Beaumont,AE Jones,HNK Jensen,0,0,,,,,,,,,
1126729,2018,2018-07-13,Grace Road,1,8.2,England,New Zealand,TT Beaumont,AE Jones,HNK Jensen,1,0,,,,,,,,,
1126729,2018,2018-07-13,Grace Road,1,8.3,England,New Zealand,AE Jones,TT Beaumont,HNK Jensen,0,0,,,,,,,,,
1126729,2018,2018-07-13,Grace Road,1,8.4,England,New Zealand,AE Jones,TT Beaumont,HNK Jensen,1,0,,,,,,,,,
1126729,2018,2018-07-13,Grace Road,1,8.5,England,New Zealand,TT Beaumont,AE Jones,HNK Jensen,0,0,,,,,,,,,
1126729,2018,2018-07-13,Grace Road,1,8.6,England,New Zealand,TT Beaumont,AE Jones,HNK Jensen,0,0,,,,,,,,,
1126729,2018,2018-07-13,Grace Road,1,9.1,England,New Zealand,AE Jones,TT Beaumont,JM Watkin,4,0,,,,,,,,,
1126729,2018,2018-07-13,Grace Road,1,9.2,England,New Zealand,AE Jones,TT Beaumont,JM Watkin,0,0,,,,,,,,,
1126729,2018,2018-07-13,Grace Road,1,9.3,England,New Zealand,AE Jones,TT Beaumont,JM Watkin,4,0,,,,,,,,,
1126729,2018,2018-07-13,Grace Road,1,9.4,England,New Zealand,AE Jones,TT Beaumont,JM Watkin,3,0,,,,,,,,,
1126729,2018,2018-07-13,Grace Road,1,9.5,England,New Zealand,TT Beaumont,AE Jones,JM Watkin,0,0,,,,,,,,,
1126729,2018,2018-07-13,Grace Road,1,9.6,England,New Zealand,TT Beaumont,AE Jones,JM Watkin,1,0,,,,,,,,,
1126729,2018,2018-07-13,Grace Road,1,10.1,England,New Zealand,TT Beaumont,AE Jones,HNK Jensen,1,0,,,,,,,,,
1126729,2018,2018-07-13,Grace Road,1,10.2,England,New Zealand,AE Jones,TT Beaumont,HNK Jensen,0,0,,,,,,,,,
1126729,2018,2018-07-13,Grace Road,1,10.3,England,New Zealand,AE Jones,TT Beaumont,HNK Jensen,0,0,,,,,,,,,
1126729,2018,2018-07-13,Grace Road,1,10.4,England,New Zealand,AE Jones,TT Beaumont,HNK Jensen,1,0,,,,,,,,,
1126729,2018,2018-07-13,Grace Road,1,10.5,England,New Zealand,TT Beaumont,AE Jones,HNK Jensen,0,0,,,,,,,,,
1126729,2018,2018-07-13,Grace Road,1,10.6,England,New Zealand,TT Beaumont,AE Jones,HNK Jensen,0,0,,,,,,,,,
1126729,2018,2018-07-13,Grace Road,1,11.1,England,New Zealand,AE Jones,TT Beaumont,JM Watkin,0,0,,,,,,,,,
1126729,2018,2018-07-13,Grace Road,1,11.2,England,New Zealand,AE Jones,TT Beaumont,JM Watkin,1,0,,,,,,,,,
1126729,2018,2018-07-13,Grace Road,1,11.3,England,New Zealand,TT Beaumont,AE Jones,JM Watkin,4,0,,,,,,,,,
1126729,2018,2018-07-13,Grace Road,1,11.4,England,New Zealand,TT Beaumont,AE Jones,JM Watkin,1,0,,,,,,,,,
1126729,2018,2018-07-13,Grace Road,1,11.5,England,New Zealand,AE Jones,TT Beaumont,JM Watkin,4,0,,,,,,,,,
1126729,2018,2018-07-13,Grace Road,1,11.6,England,New Zealand,AE Jones,TT Beaumont,JM Watkin,2,0,,,,,,,,,
1126729,2018,2018-07-13,Grace Road,1,12.1,England,New Zealand,TT Beaumont,AE Jones,HNK Jensen,0,0,,,,,,,,,
1126729,2018,2018-07-13,Grace Road,1,12.2,England,New Zealand,TT Beaumont,AE Jones,HNK Jensen,0,0,,,,,,,,,
1126729,2018,2018-07-13,Grace Road,1,12.3,England,New Zealand,TT Beaumont,AE Jones,HNK Jensen,0,0,,,,,,,,,
1126729,2018,2018-07-13,Grace Road,1,12.4,England,New Zealand,TT Beaumont,AE Jones,HNK Jensen,1,0,,,,,,,,,
1126729,2018,2018-07-13,Grace Road,1,12.5,England,New Zealand,AE Jones,TT Beaumont,HNK Jensen,0,0,,,,,,,,,
1126729,2018,2018-07-13,Grace Road,1,12.6,England,New Zealand,AE Jones,TT Beaumont,HNK Jensen,0,0,,,,,,,,,
1126729,2018,2018-07-13,Grace Road,1,13.1,England,New Zealand,TT Beaumont,AE Jones,AC Kerr,1,0,,,,,,,,,
1126729,2018,2018-07-13,Grace Road,1,13.2,England,New Zealand,AE Jones,TT Beaumont,AC Kerr,0,0,,,,,,,,,
1126729,2018,2018-07-13,Grace Road,1,13.3,England,New Zealand,AE Jones,TT Beaumont,AC Kerr,1,0,,,,,,,,,
1126729,2018,2018-07-13,Grace Road,1,13.4,England,New Zealand,TT Beaumont,AE Jones,AC Kerr,0,0,,,,,,,,,
1126729,2018,2018-07-13,Grace Road,1,13.5,England,New Zealand,TT Beaumont,AE Jones,AC Kerr,1,0,,,,,,,,,
1126729,2018,2018-07-13,Grace Road,1,13.6,England,New Zealand,AE Jones,TT Beaumont,AC Kerr,1,0,,,,,,,,,
1126729,2018,2018-07-13,Grace Road,1,14.1,England,New Zealand,AE Jones,TT Beaumont,HR Huddleston,0,0,,,,,,,,,
1126729,2018,2018-07-13,Grace Road,1,14.2,England,New Zealand,AE Jones,TT Beaumont,HR Huddleston,4,0,,,,,,,,,
1126729,2018,2018-07-13,Grace Road,1,14.3,England,New Zealand,AE Jones,TT Beaumont,HR Huddleston,0,0,,,,,,,,,
1126729,2018,2018-07-13,Grace Road,1,14.4,England,New Zealand,AE Jones,TT Beaumont,HR Huddleston,1,0,,,,,,,,,
1126729,2018,2018-07-13,Grace Road,1,14.5,England,New Zealand,TT Beaumont,AE Jones,HR Huddleston,0,0,,,,,,,,,
1126729,2018,2018-07-13,Grace Road,1,14.6,England,New Zealand,TT Beaumont,AE Jones,HR Huddleston,1,0,,,,,,,,,
1126729,2018,2018-07-13,Grace Road,1,15.1,England,New Zealand,TT Beaumont,AE Jones,AC Kerr,0,0,,,,,,,,,
1126729,2018,2018-07-13,Grace Road,1,15.2,England,New Zealand,TT Beaumont,AE Jones,AC Kerr,1,0,,,,,,,,,
1126729,2018,2018-07-13,Grace Road,1,15.3,England,New Zealand,AE Jones,TT Beaumont,AC Kerr,0,0,,,,,,,,,
1126729,2018,2018-07-13,Grace Road,1,15.4,England,New Zealand,AE Jones,TT Beaumont,AC Kerr,0,0,,,,,,,,,
1126729,2018,2018-07-13,Grace Road,1,15.5,England,New Zealand,AE Jones,TT Beaumont,AC Kerr,0,0,,,,,,,,,
1126729,2018,2018-07-13,Grace Road,1,15.6,England,New Zealand,AE Jones,TT Beaumont,AC Kerr,0,0,,,,,,,,,
1126729,2018,2018-07-13,Grace Road,1,16.1,England,New Zealand,TT Beaumont,AE Jones,HR Huddleston,0,0,,,,,,,,,
1126729,2018,2018-07-13,Grace Road,1,16.2,England,New Zealand,TT Beaumont,AE Jones,HR Huddleston,0,0,,,,,,,,,
1126729,2018,2018-07-13,Grace Road,1,16.3,England,New Zealand,TT Beaumont,AE Jones,HR Huddleston,1,0,,,,,,,,,
1126729,2018,2018-07-13,Grace Road,1,16.4,England,New Zealand,AE Jones,TT Beaumont,HR Huddleston,0,0,,,,,,,,,
1126729,2018,2018-07-13,Grace Road,1,16.5,England,New Zealand,AE Jones,TT Beaumont,HR Huddleston,1,0,,,,,,,,,
1126729,2018,2018-07-13,Grace Road,1,16.6,England,New Zealand,TT Beaumont,AE Jones,HR Huddleston,2,0,,,,,,,,,
1126729,2018,2018-07-13,Grace Road,1,17.1,England,New Zealand,AE Jones,TT Beaumont,AC Kerr,1,0,,,,,,,,,
1126729,2018,2018-07-13,Grace Road,1,17.2,England,New Zealand,TT Beaumont,AE Jones,AC Kerr,0,0,,,,,,,,,
1126729,2018,2018-07-13,Grace Road,1,17.3,England,New Zealand,TT Beaumont,AE Jones,AC Kerr,2,0,,,,,,,,,
1126729,2018,2018-07-13,Grace Road,1,17.4,England,New Zealand,TT Beaumont,AE Jones,AC Kerr,1,0,,,,,,,,,
1126729,2018,2018-07-13,Grace Road,1,17.5,England,New Zealand,AE Jones,TT Beaumont,AC Kerr,0,0,,,,,,,,,
1126729,2018,2018-07-13,Grace Road,1,17.6,England,New Zealand,AE Jones,TT Beaumont,AC Kerr,0,0,,,,,,,,,
1126729,2018,2018-07-13,Grace Road,1,18.1,England,New Zealand,TT Beaumont,AE Jones,HR Huddleston,4,0,,,,,,,,,
1126729,2018,2018-07-13,Grace Road,1,18.2,England,New Zealand,TT Beaumont,AE Jones,HR Huddleston,0,0,,,,,,,,,
1126729,2018,2018-07-13,Grace Road,1,18.3,England,New Zealand,TT Beaumont,AE Jones,HR Huddleston,0,0,,,,,,,,,
1126729,2018,2018-07-13,Grace Road,1,18.4,England,New Zealand,TT Beaumont,AE Jones,HR Huddleston,1,0,,,,,,,,,
1126729,2018,2018-07-13,Grace Road,1,18.5,England,New Zealand,AE Jones,TT Beaumont,HR Huddleston,1,0,,,,,,,,,
1126729,2018,2018-07-13,Grace Road,1,18.6,England,New Zealand,TT Beaumont,AE Jones,HR Huddleston,1,0,,,,,,,,,
1126729,2018,2018-07-13,Grace Road,1,19.1,England,New Zealand,TT Beaumont,AE Jones,AC Kerr,4,0,,,,,,,,,
1126729,2018,2018-07-13,Grace Road,1,19.2,England,New Zealand,TT Beaumont,AE Jones,AC Kerr,0,0,,,,,,,,,
1126729,2018,2018-07-13,Grace Road,1,19.3,England,New Zealand,TT Beaumont,AE Jones,AC Kerr,1,0,,,,,,,,,
1126729,2018,2018-07-13,Grace Road,1,19.4,England,New Zealand,AE Jones,TT Beaumont,AC Kerr,1,0,,,,,,,,,
1126729,2018,2018-07-13,Grace Road,1,19.5,England,New Zealand,TT Beaumont,AE Jones,AC Kerr,1,0,,,,,,,,,
1126729,2018,2018-07-13,Grace Road,1,19.6,England,New Zealand,AE Jones,TT Beaumont,AC Kerr,2,0,,,,,,,,,
1126729,2018,2018-07-13,Grace Road,1,20.1,England,New Zealand,TT Beaumont,AE Jones,LM Kasperek,1,0,,,,,,,,,
1126729,2018,2018-07-13,Grace Road,1,20.2,England,New Zealand,AE Jones,TT Beaumont,LM Kasperek,1,0,,,,,,,,,
1126729,2018,2018-07-13,Grace Road,1,20.3,England,New Zealand,TT Beaumont,AE Jones,LM Kasperek,0,0,,,,,,caught,TT Beaumont,,
1126729,2018,2018-07-13,Grace Road,1,20.4,England,New Zealand,L Winfield,AE Jones,LM Kasperek,0,0,,,,,,,,,
1126729,2018,2018-07-13,Grace Road,1,20.5,England,New Zealand,L Winfield,AE Jones,LM Kasperek,0,0,,,,,,,,,
1126729,2018,2018-07-13,Grace Road,1,20.6,England,New Zealand,L Winfield,AE Jones,LM Kasperek,0,0,,,,,,,,,
1126729,2018,2018-07-13,Grace Road,1,21.1,England,New Zealand,AE Jones,L Winfield,AC Kerr,1,0,,,,,,,,,
1126729,2018,2018-07-13,Grace Road,1,21.2,England,New Zealand,L Winfield,AE Jones,AC Kerr,0,0,,,,,,,,,
1126729,2018,2018-07-13,Grace Road,1,21.3,England,New Zealand,L Winfield,AE Jones,AC Kerr,1,0,,,,,,,,,
1126729,2018,2018-07-13,Grace Road,1,21.4,England,New Zealand,AE Jones,L Winfield,AC Kerr,1,0,,,,,,,,,
1126729,2018,2018-07-13,Grace Road,1,21.5,England,New Zealand,L Winfield,AE Jones,AC Kerr,0,0,,,,,,,,,
1126729,2018,2018-07-13,Grace Road,1,21.6,England,New Zealand,L Winfield,AE Jones,AC Kerr,0,0,,,,,,,,,
1126729,2018,2018-07-13,Grace Road,1,22.1,England,New Zealand,AE Jones,L Winfield,LM Kasperek,0,0,,,,,,,,,
1126729,2018,2018-07-13,Grace Road,1,22.2,England,New Zealand,AE Jones,L Winfield,LM Kasperek,2,0,,,,,,,,,
1126729,2018,2018-07-13,Grace Road,1,22.3,England,New Zealand,AE Jones,L Winfield,LM Kasperek,1,0,,,,,,,,,
1126729,2018,2018-07-13,Grace Road,1,22.4,England,New Zealand,L Winfield,AE Jones,LM Kasperek,4,0,,,,,,,,,
1126729,2018,2018-07-13,Grace Road,1,22.5,England,New Zealand,L Winfield,AE Jones,LM Kasperek,0,0,,,,,,caught,L Winfield,,
1126729,2018,2018-07-13,Grace Road,1,22.6,England,New Zealand,AE Jones,HC Knight,LM Kasperek,0,0,,,,,,,,,
1126729,2018,2018-07-13,Grace Road,1,23.1,England,New Zealand,HC Knight,AE Jones,SW Bates,0,0,,,,,,,,,
1126729,2018,2018-07-13,Grace Road,1,23.2,England,New Zealand,HC Knight,AE Jones,SW Bates,0,0,,,,,,,,,
1126729,2018,2018-07-13,Grace Road,1,23.3,England,New Zealand,HC Knight,AE Jones,SW Bates,1,0,,,,,,,,,
1126729,2018,2018-07-13,Grace Road,1,23.4,England,New Zealand,AE Jones,HC Knight,SW Bates,0,0,,,,,,,,,
1126729,2018,2018-07-13,Grace Road,1,23.5,England,New Zealand,AE Jones,HC Knight,SW Bates,1,0,,,,,,,,,
1126729,2018,2018-07-13,Grace Road,1,23.6,England,New Zealand,HC Knight,AE Jones,SW Bates,1,0,,,,,,,,,
1126729,2018,2018-07-13,Grace Road,1,24.1,England,New Zealand,HC Knight,AE Jones,LM Kasperek,0,0,,,,,,,,,
1126729,2018,2018-07-13,Grace Road,1,24.2,England,New Zealand,HC Knight,AE Jones,LM Kasperek,0,1,1,,,,,,,,
1126729,2018,2018-07-13,Grace Road,1,24.3,England,New Zealand,HC Knight,AE Jones,LM Kasperek,0,0,,,,,,,,,
1126729,2018,2018-07-13,Grace Road,1,24.4,England,New Zealand,HC Knight,AE Jones,LM Kasperek,0,0,,,,,,,,,
1126729,2018,2018-07-13,Grace Road,1,24.5,England,New Zealand,HC Knight,AE Jones,LM Kasperek,1,0,,,,,,,,,
1126729,2018,2018-07-13,Grace Road,1,24.6,England,New Zealand,AE Jones,HC Knight,LM Kasperek,0,0,,,,,,,,,
1126729,2018,2018-07-13,Grace Road,1,24.7,England,New Zealand,AE Jones,HC Knight,LM Kasperek,1,0,,,,,,,,,
1126729,2018,2018-07-13,Grace Road,1,25.1,England,New Zealand,AE Jones,HC Knight,SW Bates,4,0,,,,,,,,,
1126729,2018,2018-07-13,Grace Road,1,25.2,England,New Zealand,AE Jones,HC Knight,SW Bates,0,0,,,,,,,,,
1126729,2018,2018-07-13,Grace Road,1,25.3,England,New Zealand,AE Jones,HC Knight,SW Bates,1,0,,,,,,,,,
1126729,2018,2018-07-13,Grace Road,1,25.4,England,New Zealand,HC Knight,AE Jones,SW Bates,1,0,,,,,,,,,
1126729,2018,2018-07-13,Grace Road,1,25.5,England,New Zealand,AE Jones,HC Knight,SW Bates,0,0,,,,,,,,,
1126729,2018,2018-07-13,Grace Road,1,25.6,England,New Zealand,AE Jones,HC Knight,SW Bates,1,0,,,,,,,,,
1126729,2018,2018-07-13,Grace Road,1,26.1,England,New Zealand,AE Jones,HC Knight,LM Kasperek,2,0,,,,,,,,,
1126729,2018,2018-07-13,Grace Road,1,26.2,England,New Zealand,AE Jones,HC Knight,LM Kasperek,0,0,,,,,,,,,
1126729,2018,2018-07-13,Grace Road,1,26.3,England,New Zealand,AE Jones,HC Knight,LM Kasperek,1,0,,,,,,,,,
1126729,2018,2018-07-13,Grace Road,1,26.4,England,New Zealand,HC Knight,AE Jones,LM Kasperek,0,0,,,,,,,,,
1126729,2018,2018-07-13,Grace Road,1,26.5,England,New Zealand,HC Knight,AE Jones,LM Kasperek,1,0,,,,,,,,,
1126729,2018,2018-07-13,Grace Road,1,26.6,England,New Zealand,AE Jones,HC Knight,LM Kasperek,1,0,,,,,,,,,
1126729,2018,2018-07-13,Grace Road,1,27.1,England,New Zealand,AE Jones,HC Knight,SFM Devine,0,0,,,,,,,,,
1126729,2018,2018-07-13,Grace Road,1,27.2,England,New Zealand,AE Jones,HC Knight,SFM Devine,4,0,,,,,,,,,
1126729,2018,2018-07-13,Grace Road,1,27.3,England,New Zealand,AE Jones,HC Knight,SFM Devine,0,0,,,,,,,,,
1126729,2018,2018-07-13,Grace Road,1,27.4,England,New Zealand,AE Jones,HC Knight,SFM Devine,0,0,,,,,,,,,
1126729,2018,2018-07-13,Grace Road,1,27.5,England,New Zealand,AE Jones,HC Knight,SFM Devine,1,0,,,,,,,,,
1126729,2018,2018-07-13,Grace Road,1,27.6,England,New Zealand,HC Knight,AE Jones,SFM Devine,1,0,,,,,,,,,
1126729,2018,2018-07-13,Grace Road,1,28.1,England,New Zealand,HC Knight,AE Jones,AC Kerr,2,0,,,,,,,,,
1126729,2018,2018-07-13,Grace Road,1,28.2,England,New Zealand,HC Knight,AE Jones,AC Kerr,1,0,,,,,,,,,
1126729,2018,2018-07-13,Grace Road,1,28.3,England,New Zealand,AE Jones,HC Knight,AC Kerr,0,0,,,,,,,,,
1126729,2018,2018-07-13,Grace Road,1,28.4,England,New Zealand,AE Jones,HC Knight,AC Kerr,1,0,,,,,,,,,
1126729,2018,2018-07-13,Grace Road,1,28.5,England,New Zealand,HC Knight,AE Jones,AC Kerr,1,0,,,,,,,,,
1126729,2018,2018-07-13,Grace Road,1,28.6,England,New Zealand,AE Jones,HC Knight,AC Kerr,1,0,,,,,,,,,
1126729,2018,2018-07-13,Grace Road,1,29.1,England,New Zealand,AE Jones,HC Knight,JM Watkin,0,0,,,,,,,,,
1126729,2018,2018-07-13,Grace Road,1,29.2,England,New Zealand,AE Jones,HC Knight,JM Watkin,2,0,,,,,,,,,
1126729,2018,2018-07-13,Grace Road,1,29.3,England,New Zealand,AE Jones,HC Knight,JM Watkin,1,0,,,,,,,,,
1126729,2018,2018-07-13,Grace Road,1,29.4,England,New Zealand,HC Knight,AE Jones,JM Watkin,0,0,,,,,,,,,
1126729,2018,2018-07-13,Grace Road,1,29.5,England,New Zealand,HC Knight,AE Jones,JM Watkin,1,0,,,,,,,,,
1126729,2018,2018-07-13,Grace Road,1,29.6,England,New Zealand,AE Jones,HC Knight,JM Watkin,0,0,,,,,,,,,
1126729,2018,2018-07-13,Grace Road,1,30.1,England,New Zealand,HC Knight,AE Jones,AC Kerr,0,0,,,,,,,,,
1126729,2018,2018-07-13,Grace Road,1,30.2,England,New Zealand,HC Knight,AE Jones,AC Kerr,0,0,,,,,,,,,
1126729,2018,2018-07-13,Grace Road,1,30.3,England,New Zealand,HC Knight,AE Jones,AC Kerr,1,0,,,,,,,,,
1126729,2018,2018-07-13,Grace Road,1,30.4,England,New Zealand,AE Jones,HC Knight,AC Kerr,1,0,,,,,,,,,
1126729,2018,2018-07-13,Grace Road,1,30.5,England,New Zealand,HC Knight,AE Jones,AC Kerr,1,0,,,,,,,,,
1126729,2018,2018-07-13,Grace Road,1,30.6,England,New Zealand,AE Jones,HC Knight,AC Kerr,1,0,,,,,,,,,
1126729,2018,2018-07-13,Grace Road,1,31.1,England,New Zealand,AE Jones,HC Knight,JM Watkin,1,0,,,,,,,,,
1126729,2018,2018-07-13,Grace Road,1,31.2,England,New Zealand,HC Knight,AE Jones,JM Watkin,1,0,,,,,,,,,
1126729,2018,2018-07-13,Grace Road,1,31.3,England,New Zealand,AE Jones,HC Knight,JM Watkin,1,0,,,,,,,,,
1126729,2018,2018-07-13,Grace Road,1,31.4,England,New Zealand,HC Knight,AE Jones,JM Watkin,1,0,,,,,,,,,
1126729,2018,2018-07-13,Grace Road,1,31.5,England,New Zealand,AE Jones,HC Knight,JM Watkin,0,0,,,,,,stumped,AE Jones,,
1126729,2018,2018-07-13,Grace Road,1,31.6,England,New Zealand,NR Sciver,HC Knight,JM Watkin,0,0,,,,,,,,,
1126729,2018,2018-07-13,Grace Road,1,32.1,England,New Zealand,HC Knight,NR Sciver,HNK Jensen,0,0,,,,,,,,,
1126729,2018,2018-07-13,Grace Road,1,32.2,England,New Zealand,HC Knight,NR Sciver,HNK Jensen,0,0,,,,,,,,,
1126729,2018,2018-07-13,Grace Road,1,32.3,England,New Zealand,HC Knight,NR Sciver,HNK Jensen,1,0,,,,,,,,,
1126729,2018,2018-07-13,Grace Road,1,32.4,England,New Zealand,NR Sciver,HC Knight,HNK Jensen,2,0,,,,,,,,,
1126729,2018,2018-07-13,Grace Road,1,32.5,England,New Zealand,NR Sciver,HC Knight,HNK Jensen,1,0,,,,,,,,,
1126729,2018,2018-07-13,Grace Road,1,32.6,England,New Zealand,HC Knight,NR Sciver,HNK Jensen,0,0,,,,,,bowled,HC Knight,,
1126729,2018,2018-07-13,Grace Road,1,33.1,England,New Zealand,NR Sciver,DN Wyatt,AC Kerr,0,0,,,,,,,,,
1126729,2018,2018-07-13,Grace Road,1,33.2,England,New Zealand,NR Sciver,DN Wyatt,AC Kerr,0,0,,,,,,,,,
1126729,2018,2018-07-13,Grace Road,1,33.3,England,New Zealand,NR Sciver,DN Wyatt,AC Kerr,1,0,,,,,,,,,
1126729,2018,2018-07-13,Grace Road,1,33.4,England,New Zealand,DN Wyatt,NR Sciver,AC Kerr,1,0,,,,,,,,,
1126729,2018,2018-07-13,Grace Road,1,33.5,England,New Zealand,NR Sciver,DN Wyatt,AC Kerr,0,0,,,,,,,,,
1126729,2018,2018-07-13,Grace Road,1,33.6,England,New Zealand,NR Sciver,DN Wyatt,AC Kerr,1,0,,,,,,,,,
1126729,2018,2018-07-13,Grace Road,1,34.1,England,New Zealand,NR Sciver,DN Wyatt,HNK Jensen,4,0,,,,,,,,,
1126729,2018,2018-07-13,Grace Road,1,34.2,England,New Zealand,NR Sciver,DN Wyatt,HNK Jensen,0,0,,,,,,,,,
1126729,2018,2018-07-13,Grace Road,1,34.3,England,New Zealand,NR Sciver,DN Wyatt,HNK Jensen,1,0,,,,,,,,,
1126729,2018,2018-07-13,Grace Road,1,34.4,England,New Zealand,DN Wyatt,NR Sciver,HNK Jensen,0,0,,,,,,,,,
1126729,2018,2018-07-13,Grace Road,1,34.5,England,New Zealand,DN Wyatt,NR Sciver,HNK Jensen,2,0,,,,,,,,,
1126729,2018,2018-07-13,Grace Road,1,34.6,England,New Zealand,DN Wyatt,NR Sciver,HNK Jensen,0,0,,,,,,,,,
1126729,2018,2018-07-13,Grace Road,1,35.1,England,New Zealand,NR Sciver,DN Wyatt,LM Kasperek,1,0,,,,,,,,,
1126729,2018,2018-07-13,Grace Road,1,35.2,England,New Zealand,DN Wyatt,NR Sciver,LM Kasperek,0,0,,,,,,,,,
1126729,2018,2018-07-13,Grace Road,1,35.3,England,New Zealand,DN Wyatt,NR Sciver,LM Kasperek,0,0,,,,,,run out,NR Sciver,,
1126729,2018,2018-07-13,Grace Road,1,35.4,England,New Zealand,DN Wyatt,KH Brunt,LM Kasperek,0,0,,,,,,,,,
1126729,2018,2018-07-13,Grace Road,1,35.5,England,New Zealand,DN Wyatt,KH Brunt,LM Kasperek,1,0,,,,,,,,,
1126729,2018,2018-07-13,Grace Road,1,35.6,England,New Zealand,KH Brunt,DN Wyatt,LM Kasperek,1,0,,,,,,,,,
1126729,2018,2018-07-13,Grace Road,1,36.1,England,New Zealand,KH Brunt,DN Wyatt,AC Kerr,1,0,,,,,,,,,
1126729,2018,2018-07-13,Grace Road,1,36.2,England,New Zealand,DN Wyatt,KH Brunt,AC Kerr,0,0,,,,,,,,,
1126729,2018,2018-07-13,Grace Road,1,36.3,England,New Zealand,DN Wyatt,KH Brunt,AC Kerr,1,0,,,,,,,,,
1126729,2018,2018-07-13,Grace Road,1,36.4,England,New Zealand,KH Brunt,DN Wyatt,AC Kerr,0,0,,,,,,,,,
1126729,2018,2018-07-13,Grace Road,1,36.5,England,New Zealand,KH Brunt,DN Wyatt,AC Kerr,1,0,,,,,,,,,
1126729,2018,2018-07-13,Grace Road,1,36.6,England,New Zealand,DN Wyatt,KH Brunt,AC Kerr,1,0,,,,,,,,,
1126729,2018,2018-07-13,Grace Road,1,37.1,England,New Zealand,DN Wyatt,KH Brunt,LM Kasperek,1,0,,,,,,,,,
1126729,2018,2018-07-13,Grace Road,1,37.2,England,New Zealand,KH Brunt,DN Wyatt,LM Kasperek,0,0,,,,,,,,,
1126729,2018,2018-07-13,Grace Road,1,37.3,England,New Zealand,KH Brunt,DN Wyatt,LM Kasperek,0,0,,,,,,,,,
1126729,2018,2018-07-13,Grace Road,1,37.4,England,New Zealand,KH Brunt,DN Wyatt,LM Kasperek,1,0,,,,,,,,,
1126729,2018,2018-07-13,Grace Road,1,37.5,England,New Zealand,DN Wyatt,KH Brunt,LM Kasperek,1,0,,,,,,,,,
1126729,2018,2018-07-13,Grace Road,1,37.6,England,New Zealand,KH Brunt,DN Wyatt,LM Kasperek,0,0,,,,,,,,,
1126729,2018,2018-07-13,Grace Road,1,38.1,England,New Zealand,DN Wyatt,KH Brunt,AC Kerr,2,0,,,,,,,,,
1126729,2018,2018-07-13,Grace Road,1,38.2,England,New Zealand,DN Wyatt,KH Brunt,AC Kerr,4,0,,,,,,,,,
1126729,2018,2018-07-13,Grace Road,1,38.3,England,New Zealand,DN Wyatt,KH Brunt,AC Kerr,1,0,,,,,,,,,
1126729,2018,2018-07-13,Grace Road,1,38.4,England,New Zealand,KH Brunt,DN Wyatt,AC Kerr,0,0,,,,,,,,,
1126729,2018,2018-07-13,Grace Road,1,38.5,England,New Zealand,KH Brunt,DN Wyatt,AC Kerr,1,0,,,,,,,,,
1126729,2018,2018-07-13,Grace Road,1,38.6,England,New Zealand,DN Wyatt,KH Brunt,AC Kerr,0,0,,,,,,,,,
1126729,2018,2018-07-13,Grace Road,1,39.1,England,New Zealand,KH Brunt,DN Wyatt,LM Kasperek,0,0,,,,,,,,,
1126729,2018,2018-07-13,Grace Road,1,39.2,England,New Zealand,KH Brunt,DN Wyatt,LM Kasperek,0,0,,,,,,caught,KH Brunt,,
1126729,2018,2018-07-13,Grace Road,1,39.3,England,New Zealand,GA Elwiss,DN Wyatt,LM Kasperek,0,0,,,,,,,,,
1126729,2018,2018-07-13,Grace Road,1,39.4,England,New Zealand,GA Elwiss,DN Wyatt,LM Kasperek,1,0,,,,,,,,,
1126729,2018,2018-07-13,Grace Road,1,39.5,England,New Zealand,DN Wyatt,GA Elwiss,LM Kasperek,1,0,,,,,,,,,
1126729,2018,2018-07-13,Grace Road,1,39.6,England,New Zealand,GA Elwiss,DN Wyatt,LM Kasperek,1,0,,,,,,,,,
1126729,2018,2018-07-13,Grace Road,1,40.1,England,New Zealand,GA Elwiss,DN Wyatt,HNK Jensen,0,0,,,,,,,,,
1126729,2018,2018-07-13,Grace Road,1,40.2,England,New Zealand,GA Elwiss,DN Wyatt,HNK Jensen,0,0,,,,,,,,,
1126729,2018,2018-07-13,Grace Road,1,40.3,England,New Zealand,GA Elwiss,DN Wyatt,HNK Jensen,0,0,,,,,,,,,
1126729,2018,2018-07-13,Grace Road,1,40.4,England,New Zealand,GA Elwiss,DN Wyatt,HNK Jensen,0,0,,,,,,,,,
1126729,2018,2018-07-13,Grace Road,1,40.5,England,New Zealand,GA Elwiss,DN Wyatt,HNK Jensen,1,0,,,,,,,,,
1126729,2018,2018-07-13,Grace Road,1,40.6,England,New Zealand,DN Wyatt,GA Elwiss,HNK Jensen,0,0,,,,,,,,,
1126729,2018,2018-07-13,Grace Road,1,41.1,England,New Zealand,GA Elwiss,DN Wyatt,LM Kasperek,0,0,,,,,,,,,
1126729,2018,2018-07-13,Grace Road,1,41.2,England,New Zealand,GA Elwiss,DN Wyatt,LM Kasperek,0,0,,,,,,,,,
1126729,2018,2018-07-13,Grace Road,1,41.3,England,New Zealand,GA Elwiss,DN Wyatt,LM Kasperek,4,0,,,,,,,,,
1126729,2018,2018-07-13,Grace Road,1,41.4,England,New Zealand,GA Elwiss,DN Wyatt,LM Kasperek,3,0,,,,,,,,,
1126729,2018,2018-07-13,Grace Road,1,41.5,England,New Zealand,DN Wyatt,GA Elwiss,LM Kasperek,1,0,,,,,,,,,
1126729,2018,2018-07-13,Grace Road,1,41.6,England,New Zealand,GA Elwiss,DN Wyatt,LM Kasperek,1,0,,,,,,,,,
1126729,2018,2018-07-13,Grace Road,1,42.1,England,New Zealand,GA Elwiss,DN Wyatt,HNK Jensen,0,0,,,,,,,,,
1126729,2018,2018-07-13,Grace Road,1,42.2,England,New Zealand,GA Elwiss,DN Wyatt,HNK Jensen,0,0,,,,,,caught,GA Elwiss,,
1126729,2018,2018-07-13,Grace Road,1,42.3,England,New Zealand,LA Marsh,DN Wyatt,HNK Jensen,0,0,,,,,,,,,
1126729,2018,2018-07-13,Grace Road,1,42.4,England,New Zealand,LA Marsh,DN Wyatt,HNK Jensen,0,0,,,,,,,,,
1126729,2018,2018-07-13,Grace Road,1,42.5,England,New Zealand,LA Marsh,DN Wyatt,HNK Jensen,0,0,,,,,,,,,
1126729,2018,2018-07-13,Grace Road,1,42.6,England,New Zealand,LA Marsh,DN Wyatt,HNK Jensen,2,0,,,,,,,,,
1126729,2018,2018-07-13,Grace Road,1,43.1,England,New Zealand,DN Wyatt,LA Marsh,JM Watkin,1,0,,,,,,,,,
1126729,2018,2018-07-13,Grace Road,1,43.2,England,New Zealand,LA Marsh,DN Wyatt,JM Watkin,0,0,,,,,,,,,
1126729,2018,2018-07-13,Grace Road,1,43.3,England,New Zealand,LA Marsh,DN Wyatt,JM Watkin,2,0,,,,,,,,,
1126729,2018,2018-07-13,Grace Road,1,43.4,England,New Zealand,LA Marsh,DN Wyatt,JM Watkin,1,0,,,,,,,,,
1126729,2018,2018-07-13,Grace Road,1,43.5,England,New Zealand,DN Wyatt,LA Marsh,JM Watkin,0,0,,,,,,caught,DN Wyatt,,
1126729,2018,2018-07-13,Grace Road,1,43.6,England,New Zealand,S Ecclestone,LA Marsh,JM Watkin,0,0,,,,,,,,,
1126729,2018,2018-07-13,Grace Road,1,44.1,England,New Zealand,LA Marsh,S Ecclestone,HNK Jensen,1,0,,,,,,,,,
1126729,2018,2018-07-13,Grace Road,1,44.2,England,New Zealand,S Ecclestone,LA Marsh,HNK Jensen,1,0,,,,,,,,,
1126729,2018,2018-07-13,Grace Road,1,44.3,England,New Zealand,LA Marsh,S Ecclestone,HNK Jensen,0,0,,,,,,,,,
1126729,2018,2018-07-13,Grace Road,1,44.4,England,New Zealand,LA Marsh,S Ecclestone,HNK Jensen,1,0,,,,,,,,,
1126729,2018,2018-07-13,Grace Road,1,44.5,England,New Zealand,S Ecclestone,LA Marsh,HNK Jensen,0,1,1,,,,,,,,
1126729,2018,2018-07-13,Grace Road,1,44.6,England,New Zealand,S Ecclestone,LA Marsh,HNK Jensen,0,0,,,,,,,,,
1126729,2018,2018-07-13,Grace Road,1,44.7,England,New Zealand,S Ecclestone,LA Marsh,HNK Jensen,0,0,,,,,,,,,
1126729,2018,2018-07-13,Grace Road,1,45.1,England,New Zealand,LA Marsh,S Ecclestone,LM Kasperek,1,0,,,,,,,,,
1126729,2018,2018-07-13,Grace Road,1,45.2,England,New Zealand,S Ecclestone,LA Marsh,LM Kasperek,0,0,,,,,,lbw,S Ecclestone,,
1126729,2018,2018-07-13,Grace Road,1,45.3,England,New Zealand,KL Cross,LA Marsh,LM Kasperek,0,0,,,,,,,,,
1126729,2018,2018-07-13,Grace Road,1,45.4,England,New Zealand,KL Cross,LA Marsh,LM Kasperek,0,0,,,,,,,,,
1126729,2018,2018-07-13,Grace Road,1,45.5,England,New Zealand,KL Cross,LA Marsh,LM Kasperek,1,0,,,,,,,,,
1126729,2018,2018-07-13,Grace Road,1,45.6,England,New Zealand,LA Marsh,KL Cross,LM Kasperek,0,0,,,,,,,,,
1126729,2018,2018-07-13,Grace Road,1,46.1,England,New Zealand,KL Cross,LA Marsh,JM Watkin,0,1,,,1,,,,,,
1126729,2018,2018-07-13,Grace Road,1,46.2,England,New Zealand,LA Marsh,KL Cross,JM Watkin,0,0,,,,,,,,,
1126729,2018,2018-07-13,Grace Road,1,46.3,England,New Zealand,LA Marsh,KL Cross,JM Watkin,1,0,,,,,,,,,
1126729,2018,2018-07-13,Grace Road,1,46.4,England,New Zealand,KL Cross,LA Marsh,JM Watkin,1,0,,,,,,,,,
1126729,2018,2018-07-13,Grace Road,1,46.5,England,New Zealand,LA Marsh,KL Cross,JM Watkin,0,0,,,,,,,,,
1126729,2018,2018-07-13,Grace Road,1,46.6,England,New Zealand,LA Marsh,KL Cross,JM Watkin,0,0,,,,,,,,,
1126729,2018,2018-07-13,Grace Road,1,47.1,England,New Zealand,KL Cross,LA Marsh,LM Kasperek,1,0,,,,,,,,,
1126729,2018,2018-07-13,Grace Road,1,47.2,England,New Zealand,LA Marsh,KL Cross,LM Kasperek,0,1,,,,1,,,,,
1126729,2018,2018-07-13,Grace Road,1,47.3,England,New Zealand,KL Cross,LA Marsh,LM Kasperek,1,0,,,,,,,,,
1126729,2018,2018-07-13,Grace Road,1,47.4,England,New Zealand,LA Marsh,KL Cross,LM Kasperek,0,0,,,,,,bowled,LA Marsh,,
1126729,2018,2018-07-13,Grace Road,2,0.1,New Zealand,England,JM Watkin,SFM Devine,KH Brunt,0,1,1,,,,,,,,
1126729,2018,2018-07-13,Grace Road,2,0.2,New Zealand,England,JM Watkin,SFM Devine,KH Brunt,0,0,,,,,,,,,
1126729,2018,2018-07-13,Grace Road,2,0.3,New Zealand,England,JM Watkin,SFM Devine,KH Brunt,0,0,,,,,,,,,
1126729,2018,2018-07-13,Grace Road,2,0.4,New Zealand,England,JM Watkin,SFM Devine,KH Brunt,0,1,1,,,,,,,,
1126729,2018,2018-07-13,Grace Road,2,0.5,New Zealand,England,JM Watkin,SFM Devine,KH Brunt,0,0,,,,,,,,,
1126729,2018,2018-07-13,Grace Road,2,0.6,New Zealand,England,JM Watkin,SFM Devine,KH Brunt,0,0,,,,,,lbw,JM Watkin,,
1126729,2018,2018-07-13,Grace Road,2,0.7,New Zealand,England,ML Green,SFM Devine,KH Brunt,0,1,1,,,,,,,,
1126729,2018,2018-07-13,Grace Road,2,0.8,New Zealand,England,ML Green,SFM Devine,KH Brunt,0,0,,,,,,,,,
1126729,2018,2018-07-13,Grace Road,2,0.9,New Zealand,England,ML Green,SFM Devine,KH Brunt,0,1,,,,1,,,,,
1126729,2018,2018-07-13,Grace Road,2,1.1,New Zealand,England,ML Green,SFM Devine,KL Cross,0,0,,,,,,,,,
1126729,2018,2018-07-13,Grace Road,2,1.2,New Zealand,England,ML Green,SFM Devine,KL Cross,0,0,,,,,,,,,
1126729,2018,2018-07-13,Grace Road,2,1.3,New Zealand,England,ML Green,SFM Devine,KL Cross,0,0,,,,,,,,,
1126729,2018,2018-07-13,Grace Road,2,1.4,New Zealand,England,ML Green,SFM Devine,KL Cross,1,0,,,,,,,,,
1126729,2018,2018-07-13,Grace Road,2,1.5,New Zealand,England,SFM Devine,ML Green,KL Cross,0,0,,,,,,,,,
1126729,2018,2018-07-13,Grace Road,2,1.6,New Zealand,England,SFM Devine,ML Green,KL Cross,0,0,,,,,,,,,
1126729,2018,2018-07-13,Grace Road,2,2.1,New Zealand,England,ML Green,SFM Devine,KH Brunt,0,1,,,,1,,,,,
1126729,2018,2018-07-13,Grace Road,2,2.2,New Zealand,England,SFM Devine,ML Green,KH Brunt,0,0,,,,,,,,,
1126729,2018,2018-07-13,Grace Road,2,2.3,New Zealand,England,SFM Devine,ML Green,KH Brunt,0,0,,,,,,,,,
1126729,2018,2018-07-13,Grace Road,2,2.4,New Zealand,England,SFM Devine,ML Green,KH Brunt,4,0,,,,,,,,,
1126729,2018,2018-07-13,Grace Road,2,2.5,New Zealand,England,SFM Devine,ML Green,KH Brunt,0,0,,,,,,,,,
1126729,2018,2018-07-13,Grace Road,2,2.6,New Zealand,England,SFM Devine,ML Green,KH Brunt,0,0,,,,,,,,,
1126729,2018,2018-07-13,Grace Road,2,3.1,New Zealand,England,ML Green,SFM Devine,KL Cross,1,0,,,,,,,,,
1126729,2018,2018-07-13,Grace Road,2,3.2,New Zealand,England,SFM Devine,ML Green,KL Cross,4,0,,,,,,,,,
1126729,2018,2018-07-13,Grace Road,2,3.3,New Zealand,England,SFM Devine,ML Green,KL Cross,1,0,,,,,,,,,
1126729,2018,2018-07-13,Grace Road,2,3.4,New Zealand,England,ML Green,SFM Devine,KL Cross,0,0,,,,,,,,,
1126729,2018,2018-07-13,Grace Road,2,3.5,New Zealand,England,ML Green,SFM Devine,KL Cross,0,0,,,,,,,,,
1126729,2018,2018-07-13,Grace Road,2,3.6,New Zealand,England,ML Green,SFM Devine,KL Cross,0,0,,,,,,,,,
1126729,2018,2018-07-13,Grace Road,2,4.1,New Zealand,England,SFM Devine,ML Green,KH Brunt,1,0,,,,,,,,,
1126729,2018,2018-07-13,Grace Road,2,4.2,New Zealand,England,ML Green,SFM Devine,KH Brunt,0,0,,,,,,,,,
1126729,2018,2018-07-13,Grace Road,2,4.3,New Zealand,England,ML Green,SFM Devine,KH Brunt,0,0,,,,,,,,,
1126729,2018,2018-07-13,Grace Road,2,4.4,New Zealand,England,ML Green,SFM Devine,KH Brunt,0,0,,,,,,,,,
1126729,2018,2018-07-13,Grace Road,2,4.5,New Zealand,England,ML Green,SFM Devine,KH Brunt,0,0,,,,,,,,,
1126729,2018,2018-07-13,Grace Road,2,4.6,New Zealand,England,ML Green,SFM Devine,KH Brunt,0,0,,,,,,,,,
1126729,2018,2018-07-13,Grace Road,2,5.1,New Zealand,England,SFM Devine,ML Green,KL Cross,0,0,,,,,,,,,
1126729,2018,2018-07-13,Grace Road,2,5.2,New Zealand,England,SFM Devine,ML Green,KL Cross,0,0,,,,,,,,,
1126729,2018,2018-07-13,Grace Road,2,5.3,New Zealand,England,SFM Devine,ML Green,KL Cross,1,0,,,,,,,,,
1126729,2018,2018-07-13,Grace Road,2,5.4,New Zealand,England,ML Green,SFM Devine,KL Cross,0,0,,,,,,,,,
1126729,2018,2018-07-13,Grace Road,2,5.5,New Zealand,England,ML Green,SFM Devine,KL Cross,0,0,,,,,,,,,
1126729,2018,2018-07-13,Grace Road,2,5.6,New Zealand,England,ML Green,SFM Devine,KL Cross,0,0,,,,,,,,,
1126729,2018,2018-07-13,Grace Road,2,6.1,New Zealand,England,SFM Devine,ML Green,KH Brunt,0,0,,,,,,,,,
1126729,2018,2018-07-13,Grace Road,2,6.2,New Zealand,England,SFM Devine,ML Green,KH Brunt,4,0,,,,,,,,,
1126729,2018,2018-07-13,Grace Road,2,6.3,New Zealand,England,SFM Devine,ML Green,KH Brunt,1,0,,,,,,,,,
1126729,2018,2018-07-13,Grace Road,2,6.4,New Zealand,England,ML Green,SFM Devine,KH Brunt,0,0,,,,,,,,,
1126729,2018,2018-07-13,Grace Road,2,6.5,New Zealand,England,ML Green,SFM Devine,KH Brunt,4,0,,,,,,,,,
1126729,2018,2018-07-13,Grace Road,2,6.6,New Zealand,England,ML Green,SFM Devine,KH Brunt,0,0,,,,,,,,,
1126729,2018,2018-07-13,Grace Road,2,7.1,New Zealand,England,SFM Devine,ML Green,KL Cross,2,0,,,,,,,,,
1126729,2018,2018-07-13,Grace Road,2,7.2,New Zealand,England,SFM Devine,ML Green,KL Cross,1,0,,,,,,,,,
1126729,2018,2018-07-13,Grace Road,2,7.3,New Zealand,England,ML Green,SFM Devine,KL Cross,0,0,,,,,,,,,
1126729,2018,2018-07-13,Grace Road,2,7.4,New Zealand,England,ML Green,SFM Devine,KL Cross,0,0,,,,,,,,,
1126729,2018,2018-07-13,Grace Road,2,7.5,New Zealand,England,ML Green,SFM Devine,KL Cross,1,0,,,,,,,,,
1126729,2018,2018-07-13,Grace Road,2,7.6,New Zealand,England,SFM Devine,ML Green,KL Cross,4,0,,,,,,,,,
1126729,2018,2018-07-13,Grace Road,2,8.1,New Zealand,England,ML Green,SFM Devine,GA Elwiss,0,0,,,,,,,,,
1126729,2018,2018-07-13,Grace Road,2,8.2,New Zealand,England,ML Green,SFM Devine,GA Elwiss,0,0,,,,,,,,,
1126729,2018,2018-07-13,Grace Road,2,8.3,New Zealand,England,ML Green,SFM Devine,GA Elwiss,1,0,,,,,,,,,
1126729,2018,2018-07-13,Grace Road,2,8.4,New Zealand,England,SFM Devine,ML Green,GA Elwiss,0,1,,,,1,,,,,
1126729,2018,2018-07-13,Grace Road,2,8.5,New Zealand,England,ML Green,SFM Devine,GA Elwiss,0,0,,,,,,,,,
1126729,2018,2018-07-13,Grace Road,2,8.6,New Zealand,England,ML Green,SFM Devine,GA Elwiss,0,0,,,,,,,,,
1126729,2018,2018-07-13,Grace Road,2,9.1,New Zealand,England,SFM Devine,ML Green,KL Cross,3,0,,,,,,,,,
1126729,2018,2018-07-13,Grace Road,2,9.2,New Zealand,England,ML Green,SFM Devine,KL Cross,1,0,,,,,,,,,
1126729,2018,2018-07-13,Grace Road,2,9.3,New Zealand,England,SFM Devine,ML Green,KL Cross,4,0,,,,,,,,,
1126729,2018,2018-07-13,Grace Road,2,9.4,New Zealand,England,SFM Devine,ML Green,KL Cross,0,0,,,,,,,,,
1126729,2018,2018-07-13,Grace Road,2,9.5,New Zealand,England,SFM Devine,ML Green,KL Cross,0,0,,,,,,,,,
1126729,2018,2018-07-13,Grace Road,2,9.6,New Zealand,England,SFM Devine,ML Green,KL Cross,0,0,,,,,,,,,
1126729,2018,2018-07-13,Grace Road,2,10.1,New Zealand,England,ML Green,SFM Devine,GA Elwiss,0,0,,,,,,,,,
1126729,2018,2018-07-13,Grace Road,2,10.2,New Zealand,England,ML Green,SFM Devine,GA Elwiss,1,0,,,,,,,,,
1126729,2018,2018-07-13,Grace Road,2,10.3,New Zealand,England,SFM Devine,ML Green,GA Elwiss,0,0,,,,,,,,,
1126729,2018,2018-07-13,Grace Road,2,10.4,New Zealand,England,SFM Devine,ML Green,GA Elwiss,1,0,,,,,,,,,
1126729,2018,2018-07-13,Grace Road,2,10.5,New Zealand,England,ML Green,SFM Devine,GA Elwiss,0,0,,,,,,,,,
1126729,2018,2018-07-13,Grace Road,2,10.6,New Zealand,England,ML Green,SFM Devine,GA Elwiss,4,0,,,,,,,,,
1126729,2018,2018-07-13,Grace Road,2,11.1,New Zealand,England,SFM Devine,ML Green,S Ecclestone,2,0,,,,,,,,,
1126729,2018,2018-07-13,Grace Road,2,11.2,New Zealand,England,SFM Devine,ML Green,S Ecclestone,1,0,,,,,,,,,
1126729,2018,2018-07-13,Grace Road,2,11.3,New Zealand,England,ML Green,SFM Devine,S Ecclestone,0,0,,,,,,,,,
1126729,2018,2018-07-13,Grace Road,2,11.4,New Zealand,England,ML Green,SFM Devine,S Ecclestone,1,0,,,,,,,,,
1126729,2018,2018-07-13,Grace Road,2,11.5,New Zealand,England,SFM Devine,ML Green,S Ecclestone,0,0,,,,,,,,,
1126729,2018,2018-07-13,Grace Road,2,11.6,New Zealand,England,SFM Devine,ML Green,S Ecclestone,2,0,,,,,,,,,
1126729,2018,2018-07-13,Grace Road,2,12.1,New Zealand,England,ML Green,SFM Devine,GA Elwiss,0,0,,,,,,,,,
1126729,2018,2018-07-13,Grace Road,2,12.2,New Zealand,England,ML Green,SFM Devine,GA Elwiss,0,0,,,,,,,,,
1126729,2018,2018-07-13,Grace Road,2,12.3,New Zealand,England,ML Green,SFM Devine,GA Elwiss,0,0,,,,,,,,,
1126729,2018,2018-07-13,Grace Road,2,12.4,New Zealand,England,ML Green,SFM Devine,GA Elwiss,0,0,,,,,,,,,
1126729,2018,2018-07-13,Grace Road,2,12.5,New Zealand,England,ML Green,SFM Devine,GA Elwiss,1,0,,,,,,,,,
1126729,2018,2018-07-13,Grace Road,2,12.6,New Zealand,England,SFM Devine,ML Green,GA Elwiss,0,0,,,,,,,,,
1126729,2018,2018-07-13,Grace Road,2,13.1,New Zealand,England,ML Green,SFM Devine,S Ecclestone,1,0,,,,,,,,,
1126729,2018,2018-07-13,Grace Road,2,13.2,New Zealand,England,SFM Devine,ML Green,S Ecclestone,0,0,,,,,,,,,
1126729,2018,2018-07-13,Grace Road,2,13.3,New Zealand,England,SFM Devine,ML Green,S Ecclestone,1,0,,,,,,,,,
1126729,2018,2018-07-13,Grace Road,2,13.4,New Zealand,England,ML Green,SFM Devine,S Ecclestone,1,0,,,,,,,,,
1126729,2018,2018-07-13,Grace Road,2,13.5,New Zealand,England,SFM Devine,ML Green,S Ecclestone,0,0,,,,,,,,,
1126729,2018,2018-07-13,Grace Road,2,13.6,New Zealand,England,SFM Devine,ML Green,S Ecclestone,3,0,,,,,,,,,
1126729,2018,2018-07-13,Grace Road,2,14.1,New Zealand,England,SFM Devine,ML Green,GA Elwiss,2,0,,,,,,,,,
1126729,2018,2018-07-13,Grace Road,2,14.2,New Zealand,England,SFM Devine,ML Green,GA Elwiss,0,0,,,,,,,,,
1126729,2018,2018-07-13,Grace Road,2,14.3,New Zealand,England,SFM Devine,ML Green,GA Elwiss,1,0,,,,,,,,,
1126729,2018,2018-07-13,Grace Road,2,14.4,New Zealand,England,ML Green,SFM Devine,GA Elwiss,1,0,,,,,,,,,
1126729,2018,2018-07-13,Grace Road,2,14.5,New Zealand,England,SFM Devine,ML Green,GA Elwiss,0,0,,,,,,,,,
1126729,2018,2018-07-13,Grace Road,2,14.6,New Zealand,England,SFM Devine,ML Green,GA Elwiss,0,0,,,,,,,,,
1126729,2018,2018-07-13,Grace Road,2,15.1,New Zealand,England,ML Green,SFM Devine,S Ecclestone,1,0,,,,,,,,,
1126729,2018,2018-07-13,Grace Road,2,15.2,New Zealand,England,SFM Devine,ML Green,S Ecclestone,2,0,,,,,,,,,
1126729,2018,2018-07-13,Grace Road,2,15.3,New Zealand,England,SFM Devine,ML Green,S Ecclestone,0,0,,,,,,,,,
1126729,2018,2018-07-13,Grace Road,2,15.4,New Zealand,England,SFM Devine,ML Green,S Ecclestone,1,0,,,,,,,,,
1126729,2018,2018-07-13,Grace Road,2,15.5,New Zealand,England,ML Green,SFM Devine,S Ecclestone,1,0,,,,,,,,,
1126729,2018,2018-07-13,Grace Road,2,15.6,New Zealand,England,SFM Devine,ML Green,S Ecclestone,0,0,,,,,,,,,
1126729,2018,2018-07-13,Grace Road,2,16.1,New Zealand,England,ML Green,SFM Devine,LA Marsh,1,0,,,,,,,,,
1126729,2018,2018-07-13,Grace Road,2,16.2,New Zealand,England,SFM Devine,ML Green,LA Marsh,1,0,,,,,,,,,
1126729,2018,2018-07-13,Grace Road,2,16.3,New Zealand,England,ML Green,SFM Devine,LA Marsh,0,0,,,,,,,,,
1126729,2018,2018-07-13,Grace Road,2,16.4,New Zealand,England,ML Green,SFM Devine,LA Marsh,0,0,,,,,,,,,
1126729,2018,2018-07-13,Grace Road,2,16.5,New Zealand,England,ML Green,SFM Devine,LA Marsh,1,0,,,,,,,,,
1126729,2018,2018-07-13,Grace Road,2,16.6,New Zealand,England,SFM Devine,ML Green,LA Marsh,0,0,,,,,,,,,
1126729,2018,2018-07-13,Grace Road,2,17.1,New Zealand,England,ML Green,SFM Devine,S Ecclestone,0,0,,,,,,bowled,ML Green,,
1126729,2018,2018-07-13,Grace Road,2,17.2,New Zealand,England,SW Bates,SFM Devine,S Ecclestone,0,0,,,,,,,,,
1126729,2018,2018-07-13,Grace Road,2,17.3,New Zealand,England,SW Bates,SFM Devine,S Ecclestone,0,0,,,,,,,,,
1126729,2018,2018-07-13,Grace Road,2,17.4,New Zealand,England,SW Bates,SFM Devine,S Ecclestone,0,0,,,,,,,,,
1126729,2018,2018-07-13,Grace Road,2,17.5,New Zealand,England,SW Bates,SFM Devine,S Ecclestone,0,0,,,,,,,,,
1126729,2018,2018-07-13,Grace Road,2,17.6,New Zealand,England,SW Bates,SFM Devine,S Ecclestone,0,0,,,,,,,,,
1126729,2018,2018-07-13,Grace Road,2,18.1,New Zealand,England,SFM Devine,SW Bates,LA Marsh,0,0,,,,,,,,,
1126729,2018,2018-07-13,Grace Road,2,18.2,New Zealand,England,SFM Devine,SW Bates,LA Marsh,1,0,,,,,,,,,
1126729,2018,2018-07-13,Grace Road,2,18.3,New Zealand,England,SW Bates,SFM Devine,LA Marsh,1,0,,,,,,,,,
1126729,2018,2018-07-13,Grace Road,2,18.4,New Zealand,England,SFM Devine,SW Bates,LA Marsh,1,0,,,,,,,,,
1126729,2018,2018-07-13,Grace Road,2,18.5,New Zealand,England,SW Bates,SFM Devine,LA Marsh,0,5,5,,,,,,,,
1126729,2018,2018-07-13,Grace Road,2,18.6,New Zealand,England,SW Bates,SFM Devine,LA Marsh,0,0,,,,,,,,,
1126729,2018,2018-07-13,Grace Road,2,18.7,New Zealand,England,SW Bates,SFM Devine,LA Marsh,0,0,,,,,,bowled,SW Bates,,
1126729,2018,2018-07-13,Grace Road,2,19.1,New Zealand,England,SFM Devine,AE Satterthwaite,S Ecclestone,0,0,,,,,,,,,
1126729,2018,2018-07-13,Grace Road,2,19.2,New Zealand,England,SFM Devine,AE Satterthwaite,S Ecclestone,0,0,,,,,,,,,
1126729,2018,2018-07-13,Grace Road,2,19.3,New Zealand,England,SFM Devine,AE Satterthwaite,S Ecclestone,0,0,,,,,,,,,
1126729,2018,2018-07-13,Grace Road,2,19.4,New Zealand,England,SFM Devine,AE Satterthwaite,S Ecclestone,1,0,,,,,,,,,
1126729,2018,2018-07-13,Grace Road,2,19.5,New Zealand,England,AE Satterthwaite,SFM Devine,S Ecclestone,0,0,,,,,,,,,
1126729,2018,2018-07-13,Grace Road,2,19.6,New Zealand,England,AE Satterthwaite,SFM Devine,S Ecclestone,0,0,,,,,,,,,
1126729,2018,2018-07-13,Grace Road,2,20.1,New Zealand,England,SFM Devine,AE Satterthwaite,LA Marsh,6,0,,,,,,,,,
1126729,2018,2018-07-13,Grace Road,2,20.2,New Zealand,England,SFM Devine,AE Satterthwaite,LA Marsh,0,0,,,,,,,,,
1126729,2018,2018-07-13,Grace Road,2,20.3,New Zealand,England,SFM Devine,AE Satterthwaite,LA Marsh,0,0,,,,,,,,,
1126729,2018,2018-07-13,Grace Road,2,20.4,New Zealand,England,SFM Devine,AE Satterthwaite,LA Marsh,0,0,,,,,,,,,
1126729,2018,2018-07-13,Grace Road,2,20.5,New Zealand,England,SFM Devine,AE Satterthwaite,LA Marsh,1,0,,,,,,,,,
1126729,2018,2018-07-13,Grace Road,2,20.6,New Zealand,England,AE Satterthwaite,SFM Devine,LA Marsh,0,0,,,,,,,,,
1126729,2018,2018-07-13,Grace Road,2,21.1,New Zealand,England,SFM Devine,AE Satterthwaite,S Ecclestone,0,0,,,,,,,,,
1126729,2018,2018-07-13,Grace Road,2,21.2,New Zealand,England,SFM Devine,AE Satterthwaite,S Ecclestone,1,0,,,,,,,,,
1126729,2018,2018-07-13,Grace Road,2,21.3,New Zealand,England,AE Satterthwaite,SFM Devine,S Ecclestone,0,0,,,,,,,,,
1126729,2018,2018-07-13,Grace Road,2,21.4,New Zealand,England,AE Satterthwaite,SFM Devine,S Ecclestone,1,0,,,,,,,,,
1126729,2018,2018-07-13,Grace Road,2,21.5,New Zealand,England,SFM Devine,AE Satterthwaite,S Ecclestone,1,0,,,,,,,,,
1126729,2018,2018-07-13,Grace Road,2,21.6,New Zealand,England,AE Satterthwaite,SFM Devine,S Ecclestone,0,0,,,,,,,,,
1126729,2018,2018-07-13,Grace Road,2,22.1,New Zealand,England,SFM Devine,AE Satterthwaite,LA Marsh,0,0,,,,,,,,,
1126729,2018,2018-07-13,Grace Road,2,22.2,New Zealand,England,SFM Devine,AE Satterthwaite,LA Marsh,4,0,,,,,,,,,
1126729,2018,2018-07-13,Grace Road,2,22.3,New Zealand,England,SFM Devine,AE Satterthwaite,LA Marsh,1,0,,,,,,,,,
1126729,2018,2018-07-13,Grace Road,2,22.4,New Zealand,England,AE Satterthwaite,SFM Devine,LA Marsh,2,0,,,,,,,,,
1126729,2018,2018-07-13,Grace Road,2,22.5,New Zealand,England,AE Satterthwaite,SFM Devine,LA Marsh,2,0,,,,,,,,,
1126729,2018,2018-07-13,Grace Road,2,22.6,New Zealand,England,AE Satterthwaite,SFM Devine,LA Marsh,0,0,,,,,,,,,
1126729,2018,2018-07-13,Grace Road,2,23.1,New Zealand,England,SFM Devine,AE Satterthwaite,S Ecclestone,1,0,,,,,,,,,
1126729,2018,2018-07-13,Grace Road,2,23.2,New Zealand,England,AE Satterthwaite,SFM Devine,S Ecclestone,0,0,,,,,,,,,
1126729,2018,2018-07-13,Grace Road,2,23.3,New Zealand,England,AE Satterthwaite,SFM Devine,S Ecclestone,0,0,,,,,,,,,
1126729,2018,2018-07-13,Grace Road,2,23.4,New Zealand,England,AE Satterthwaite,SFM Devine,S Ecclestone,1,0,,,,,,,,,
1126729,2018,2018-07-13,Grace Road,2,23.5,New Zealand,England,SFM Devine,AE Satterthwaite,S Ecclestone,0,0,,,,,,,,,
1126729,2018,2018-07-13,Grace Road,2,23.6,New Zealand,England,SFM Devine,AE Satterthwaite,S Ecclestone,4,0,,,,,,,,,
1126729,2018,2018-07-13,Grace Road,2,24.1,New Zealand,England,AE Satterthwaite,SFM Devine,LA Marsh,4,0,,,,,,,,,
1126729,2018,2018-07-13,Grace Road,2,24.2,New Zealand,England,AE Satterthwaite,SFM Devine,LA Marsh,1,0,,,,,,,,,
1126729,2018,2018-07-13,Grace Road,2,24.3,New Zealand,England,SFM Devine,AE Satterthwaite,LA Marsh,0,1,,,,1,,,,,
1126729,2018,2018-07-13,Grace Road,2,24.4,New Zealand,England,AE Satterthwaite,SFM Devine,LA Marsh,0,0,,,,,,,,,
1126729,2018,2018-07-13,Grace Road,2,24.5,New Zealand,England,AE Satterthwaite,SFM Devine,LA Marsh,1,0,,,,,,,,,
1126729,2018,2018-07-13,Grace Road,2,24.6,New Zealand,England,SFM Devine,AE Satterthwaite,LA Marsh,0,0,,,,,,,,,
1126729,2018,2018-07-13,Grace Road,2,25.1,New Zealand,England,AE Satterthwaite,SFM Devine,GA Elwiss,0,0,,,,,,,,,
1126729,2018,2018-07-13,Grace Road,2,25.2,New Zealand,England,AE Satterthwaite,SFM Devine,GA Elwiss,0,0,,,,,,,,,
1126729,2018,2018-07-13,Grace Road,2,25.3,New Zealand,England,AE Satterthwaite,SFM Devine,GA Elwiss,0,0,,,,,,,,,
1126729,2018,2018-07-13,Grace Road,2,25.4,New Zealand,England,AE Satterthwaite,SFM Devine,GA Elwiss,0,0,,,,,,,,,
1126729,2018,2018-07-13,Grace Road,2,25.5,New Zealand,England,AE Satterthwaite,SFM Devine,GA Elwiss,1,0,,,,,,,,,
1126729,2018,2018-07-13,Grace Road,2,25.6,New Zealand,England,SFM Devine,AE Satterthwaite,GA Elwiss,4,0,,,,,,,,,
1126729,2018,2018-07-13,Grace Road,2,26.1,New Zealand,England,AE Satterthwaite,SFM Devine,KH Brunt,1,0,,,,,,,,,
1126729,2018,2018-07-13,Grace Road,2,26.2,New Zealand,England,SFM Devine,AE Satterthwaite,KH Brunt,0,1,,,,1,,,,,
1126729,2018,2018-07-13,Grace Road,2,26.3,New Zealand,England,AE Satterthwaite,SFM Devine,KH Brunt,0,0,,,,,,,,,
1126729,2018,2018-07-13,Grace Road,2,26.4,New Zealand,England,AE Satterthwaite,SFM Devine,KH Brunt,1,0,,,,,,,,,
1126729,2018,2018-07-13,Grace Road,2,26.5,New Zealand,England,SFM Devine,AE Satterthwaite,KH Brunt,1,0,,,,,,,,,
1126729,2018,2018-07-13,Grace Road,2,26.6,New Zealand,England,AE Satterthwaite,SFM Devine,KH Brunt,1,0,,,,,,,,,
1126729,2018,2018-07-13,Grace Road,2,27.1,New Zealand,England,AE Satterthwaite,SFM Devine,GA Elwiss,1,0,,,,,,,,,
1126729,2018,2018-07-13,Grace Road,2,27.2,New Zealand,England,SFM Devine,AE Satterthwaite,GA Elwiss,4,0,,,,,,,,,
1126729,2018,2018-07-13,Grace Road,2,27.3,New Zealand,England,SFM Devine,AE Satterthwaite,GA Elwiss,1,0,,,,,,,,,
1126729,2018,2018-07-13,Grace Road,2,27.4,New Zealand,England,AE Satterthwaite,SFM Devine,GA Elwiss,4,0,,,,,,,,,
1126729,2018,2018-07-13,Grace Road,2,27.5,New Zealand,England,AE Satterthwaite,SFM Devine,GA Elwiss,4,0,,,,,,,,,
1126729,2018,2018-07-13,Grace Road,2,27.6,New Zealand,England,AE Satterthwaite,SFM Devine,GA Elwiss,0,0,,,,,,,,,
1126729,2018,2018-07-13,Grace Road,2,28.1,New Zealand,England,SFM Devine,AE Satterthwaite,KH Brunt,1,0,,,,,,,,,
1126729,2018,2018-07-13,Grace Road,2,28.2,New Zealand,England,AE Satterthwaite,SFM Devine,KH Brunt,0,0,,,,,,bowled,AE Satterthwaite,,
1126729,2018,2018-07-13,Grace Road,2,28.3,New Zealand,England,B Bezuidenhout,SFM Devine,KH Brunt,0,0,,,,,,,,,
1126729,2018,2018-07-13,Grace Road,2,28.4,New Zealand,England,B Bezuidenhout,SFM Devine,KH Brunt,0,0,,,,,,,,,
1126729,2018,2018-07-13,Grace Road,2,28.5,New Zealand,England,B Bezuidenhout,SFM Devine,KH Brunt,1,0,,,,,,,,,
1126729,2018,2018-07-13,Grace Road,2,28.6,New Zealand,England,SFM Devine,B Bezuidenhout,KH Brunt,0,0,,,,,,,,,
1126729,2018,2018-07-13,Grace Road,2,29.1,New Zealand,England,B Bezuidenhout,SFM Devine,S Ecclestone,0,0,,,,,,,,,
1126729,2018,2018-07-13,Grace Road,2,29.2,New Zealand,England,B Bezuidenhout,SFM Devine,S Ecclestone,2,0,,,,,,,,,
1126729,2018,2018-07-13,Grace Road,2,29.3,New Zealand,England,B Bezuidenhout,SFM Devine,S Ecclestone,0,0,,,,,,,,,
1126729,2018,2018-07-13,Grace Road,2,29.4,New Zealand,England,B Bezuidenhout,SFM Devine,S Ecclestone,0,0,,,,,,,,,
1126729,2018,2018-07-13,Grace Road,2,29.5,New Zealand,England,B Bezuidenhout,SFM Devine,S Ecclestone,0,0,,,,,,,,,
1126729,2018,2018-07-13,Grace Road,2,29.6,New Zealand,England,B Bezuidenhout,SFM Devine,S Ecclestone,0,0,,,,,,,,,
1126729,2018,2018-07-13,Grace Road,2,30.1,New Zealand,England,SFM Devine,B Bezuidenhout,KH Brunt,1,0,,,,,,,,,
1126729,2018,2018-07-13,Grace Road,2,30.2,New Zealand,England,B Bezuidenhout,SFM Devine,KH Brunt,0,2,2,,,,,,,,
1126729,2018,2018-07-13,Grace Road,2,30.3,New Zealand,England,SFM Devine,B Bezuidenhout,KH Brunt,0,0,,,,,,,,,
1126729,2018,2018-07-13,Grace Road,2,30.4,New Zealand,England,SFM Devine,B Bezuidenhout,KH Brunt,1,0,,,,,,,,,
1126729,2018,2018-07-13,Grace Road,2,30.5,New Zealand,England,B Bezuidenhout,SFM Devine,KH Brunt,0,0,,,,,,,,,
1126729,2018,2018-07-13,Grace Road,2,30.6,New Zealand,England,B Bezuidenhout,SFM Devine,KH Brunt,0,0,,,,,,,,,
1126729,2018,2018-07-13,Grace Road,2,30.7,New Zealand,England,B Bezuidenhout,SFM Devine,KH Brunt,1,0,,,,,,,,,
1126729,2018,2018-07-13,Grace Road,2,31.1,New Zealand,England,B Bezuidenhout,SFM Devine,S Ecclestone,0,0,,,,,,,,,
1126729,2018,2018-07-13,Grace Road,2,31.2,New Zealand,England,B Bezuidenhout,SFM Devine,S Ecclestone,0,0,,,,,,,,,
1126729,2018,2018-07-13,Grace Road,2,31.3,New Zealand,England,B Bezuidenhout,SFM Devine,S Ecclestone,0,0,,,,,,,,,
1126729,2018,2018-07-13,Grace Road,2,31.4,New Zealand,England,B Bezuidenhout,SFM Devine,S Ecclestone,0,0,,,,,,lbw,B Bezuidenhout,,
1126729,2018,2018-07-13,Grace Road,2,31.5,New Zealand,England,KJ Martin,SFM Devine,S Ecclestone,0,0,,,,,,,,,
1126729,2018,2018-07-13,Grace Road,2,31.6,New Zealand,England,KJ Martin,SFM Devine,S Ecclestone,4,0,,,,,,,,,
1126729,2018,2018-07-13,Grace Road,2,32.1,New Zealand,England,SFM Devine,KJ Martin,KL Cross,0,0,,,,,,,,,
1126729,2018,2018-07-13,Grace Road,2,32.2,New Zealand,England,SFM Devine,KJ Martin,KL Cross,1,0,,,,,,,,,
1126729,2018,2018-07-13,Grace Road,2,32.3,New Zealand,England,KJ Martin,SFM Devine,KL Cross,0,0,,,,,,,,,
1126729,2018,2018-07-13,Grace Road,2,32.4,New Zealand,England,KJ Martin,SFM Devine,KL Cross,0,0,,,,,,,,,
1126729,2018,2018-07-13,Grace Road,2,32.5,New Zealand,England,KJ Martin,SFM Devine,KL Cross,0,0,,,,,,,,,
1126729,2018,2018-07-13,Grace Road,2,32.6,New Zealand,England,KJ Martin,SFM Devine,KL Cross,0,0,,,,,,,,,
1126729,2018,2018-07-13,Grace Road,2,33.1,New Zealand,England,SFM Devine,KJ Martin,S Ecclestone,0,0,,,,,,,,,
1126729,2018,2018-07-13,Grace Road,2,33.2,New Zealand,England,SFM Devine,KJ Martin,S Ecclestone,0,1,1,,,,,,,,
1126729,2018,2018-07-13,Grace Road,2,33.3,New Zealand,England,SFM Devine,KJ Martin,S Ecclestone,0,0,,,,,,,,,
1126729,2018,2018-07-13,Grace Road,2,33.4,New Zealand,England,SFM Devine,KJ Martin,S Ecclestone,4,0,,,,,,,,,
1126729,2018,2018-07-13,Grace Road,2,33.5,New Zealand,England,SFM Devine,KJ Martin,S Ecclestone,1,0,,,,,,,,,
1126729,2018,2018-07-13,Grace Road,2,33.6,New Zealand,England,KJ Martin,SFM Devine,S Ecclestone,0,0,,,,,,,,,
1126729,2018,2018-07-13,Grace Road,2,33.7,New Zealand,England,KJ Martin,SFM Devine,S Ecclestone,0,0,,,,,,,,,
1126729,2018,2018-07-13,Grace Road,2,34.1,New Zealand,England,SFM Devine,KJ Martin,KL Cross,1,0,,,,,,,,,
1126729,2018,2018-07-13,Grace Road,2,34.2,New Zealand,England,KJ Martin,SFM Devine,KL Cross,4,0,,,,,,,,,
1126729,2018,2018-07-13,Grace Road,2,34.3,New Zealand,England,KJ Martin,SFM Devine,KL Cross,1,0,,,,,,,,,
1126729,2018,2018-07-13,Grace Road,2,34.4,New Zealand,England,SFM Devine,KJ Martin,KL Cross,0,0,,,,,,,,,
1126729,2018,2018-07-13,Grace Road,2,34.5,New Zealand,England,SFM Devine,KJ Martin,KL Cross,0,0,,,,,,,,,
1126729,2018,2018-07-13,Grace Road,2,34.6,New Zealand,England,SFM Devine,KJ Martin,KL Cross,0,1,,,,1,,,,,
1126729,2018,2018-07-13,Grace Road,2,35.1,New Zealand,England,SFM Devine,KJ Martin,NR Sciver,0,0,,,,,,,,,
1126729,2018,2018-07-13,Grace Road,2,35.2,New Zealand,England,SFM Devine,KJ Martin,NR Sciver,1,0,,,,,,,,,
1126729,2018,2018-07-13,Grace Road,2,35.3,New Zealand,England,KJ Martin,SFM Devine,NR Sciver,1,0,,,,,,,,,
1126729,2018,2018-07-13,Grace Road,2,35.4,New Zealand,England,SFM Devine,KJ Martin,NR Sciver,0,0,,,,,,,,,
1126729,2018,2018-07-13,Grace Road,2,35.5,New Zealand,England,SFM Devine,KJ Martin,NR Sciver,1,0,,,,,,,,,
1126729,2018,2018-07-13,Grace Road,2,35.6,New Zealand,England,KJ Martin,SFM Devine,NR Sciver,0,0,,,,,,,,,
1126729,2018,2018-07-13,Grace Road,2,36.1,New Zealand,England,SFM Devine,KJ Martin,LA Marsh,0,0,,,,,,,,,
1126729,2018,2018-07-13,Grace Road,2,36.2,New Zealand,England,SFM Devine,KJ Martin,LA Marsh,1,0,,,,,,,,,
1126729,2018,2018-07-13,Grace Road,2,36.3,New Zealand,England,KJ Martin,SFM Devine,LA Marsh,3,0,,,,,,,,,
1126729,2018,2018-07-13,Grace Road,2,36.4,New Zealand,England,SFM Devine,KJ Martin,LA Marsh,1,0,,,,,,,,,
1126729,2018,2018-07-13,Grace Road,2,36.5,New Zealand,England,KJ Martin,SFM Devine,LA Marsh,0,0,,,,,,,,,
1126729,2018,2018-07-13,Grace Road,2,36.6,New Zealand,England,KJ Martin,SFM Devine,LA Marsh,0,0,,,,,,,,,
1126729,2018,2018-07-13,Grace Road,2,37.1,New Zealand,England,SFM Devine,KJ Martin,NR Sciver,4,0,,,,,,,,,
1126729,2018,2018-07-13,Grace Road,2,37.2,New Zealand,England,SFM Devine,KJ Martin,NR Sciver,0,0,,,,,,,,,
1126729,2018,2018-07-13,Grace Road,2,37.3,New Zealand,England,SFM Devine,KJ Martin,NR Sciver,2,0,,,,,,,,,
1126729,2018,2018-07-13,Grace Road,2,37.4,New Zealand,England,SFM Devine,KJ Martin,NR Sciver,1,0,,,,,,,,,
1126729,2018,2018-07-13,Grace Road,2,37.5,New Zealand,England,KJ Martin,SFM Devine,NR Sciver,1,0,,,,,,,,,
1126729,2018,2018-07-13,Grace Road,2,37.6,New Zealand,England,SFM Devine,KJ Martin,NR Sciver,1,0,,,,,,,,,
1126729,2018,2018-07-13,Grace Road,2,38.1,New Zealand,England,SFM Devine,KJ Martin,LA Marsh,1,0,,,,,,,,,
1126729,2018,2018-07-13,Grace Road,2,38.2,New Zealand,England,KJ Martin,SFM Devine,LA Marsh,4,0,,,,,,,,,
1126729,2018,2018-07-13,Grace Road,2,38.3,New Zealand,England,KJ Martin,SFM Devine,LA Marsh,0,0,,,,,,,,,
1126729,2018,2018-07-13,Grace Road,2,38.4,New Zealand,England,KJ Martin,SFM Devine,LA Marsh,0,0,,,,,,,,,
1126729,2018,2018-07-13,Grace Road,2,38.5,New Zealand,England,KJ Martin,SFM Devine,LA Marsh,0,0,,,,,,,,,
1126729,2018,2018-07-13,Grace Road,2,38.6,New Zealand,England,KJ Martin,SFM Devine,LA Marsh,4,0,,,,,,,,,
1126729,2018,2018-07-13,Grace Road,2,39.1,New Zealand,England,SFM Devine,KJ Martin,GA Elwiss,1,0,,,,,,,,,
1126729,2018,2018-07-13,Grace Road,2,39.2,New Zealand,England,KJ Martin,SFM Devine,GA Elwiss,0,0,,,,,,,,,
1126729,2018,2018-07-13,Grace Road,2,39.3,New Zealand,England,KJ Martin,SFM Devine,GA Elwiss,1,0,,,,,,run out,KJ Martin,,
1126729,2018,2018-07-13,Grace Road,2,39.4,New Zealand,England,AC Kerr,SFM Devine,GA Elwiss,0,0,,,,,,,,,
1126729,2018,2018-07-13,Grace Road,2,39.5,New Zealand,England,AC Kerr,SFM Devine,GA Elwiss,1,0,,,,,,,,,
1126729,2018,2018-07-13,Grace Road,2,39.6,New Zealand,England,SFM Devine,AC Kerr,GA Elwiss,0,0,,,,,,,,,
1126729,2018,2018-07-13,Grace Road,2,40.1,New Zealand,England,AC Kerr,SFM Devine,LA Marsh,0,0,,,,,,,,,
1126729,2018,2018-07-13,Grace Road,2,40.2,New Zealand,England,AC Kerr,SFM Devine,LA Marsh,0,0,,,,,,,,,
1126729,2018,2018-07-13,Grace Road,2,40.3,New Zealand,England,AC Kerr,SFM Devine,LA Marsh,0,0,,,,,,,,,
1126729,2018,2018-07-13,Grace Road,2,40.4,New Zealand,England,AC Kerr,SFM Devine,LA Marsh,0,0,,,,,,,,,
1126729,2018,2018-07-13,Grace Road,2,40.5,New Zealand,England,AC Kerr,SFM Devine,LA Marsh,2,0,,,,,,,,,
1126729,2018,2018-07-13,Grace Road,2,40.6,New Zealand,England,AC Kerr,SFM Devine,LA Marsh,0,0,,,,,,,,,
1126729,2018,2018-07-13,Grace Road,2,41.1,New Zealand,England,SFM Devine,AC Kerr,GA Elwiss,4,0,,,,,,,,,
1126729,2018,2018-07-13,Grace Road,2,41.2,New Zealand,England,SFM Devine,AC Kerr,GA Elwiss,1,0,,,,,,,,,
1126729,2018,2018-07-13,Grace Road,2,41.3,New Zealand,England,AC Kerr,SFM Devine,GA Elwiss,1,0,,,,,,,,,
1126729,2018,2018-07-13,Grace Road,2,41.4,New Zealand,England,SFM Devine,AC Kerr,GA Elwiss,1,0,,,,,,,,,
1126729,2018,2018-07-13,Grace Road,2,41.5,New Zealand,England,AC Kerr,SFM Devine,GA Elwiss,1,0,,,,,,,,,
1126729,2018,2018-07-13,Grace Road,2,41.6,New Zealand,England,SFM Devine,AC Kerr,GA Elwiss,0,0,,,,,,,,,
1126729,2018,2018-07-13,Grace Road,2,42.1,New Zealand,England,AC Kerr,SFM Devine,KH Brunt,2,0,,,,,,,,,
1126729,2018,2018-07-13,Grace Road,2,42.2,New Zealand,England,AC Kerr,SFM Devine,KH Brunt,0,0,,,,,,,,,
1126729,2018,2018-07-13,Grace Road,2,42.3,New Zealand,England,AC Kerr,SFM Devine,KH Brunt,0,0,,,,,,,,,
1126729,2018,2018-07-13,Grace Road,2,42.4,New Zealand,England,AC Kerr,SFM Devine,KH Brunt,1,0,,,,,,,,,
1126729,2018,2018-07-13,Grace Road,2,42.5,New Zealand,England,SFM Devine,AC Kerr,KH Brunt,0,1,1,,,,,,,,
1126729,2018,2018-07-13,Grace Road,2,42.6,New Zealand,England,SFM Devine,AC Kerr,KH Brunt,1,0,,,,,,,,,
1126729,2018,2018-07-13,Grace Road,2,42.7,New Zealand,England,AC Kerr,SFM Devine,KH Brunt,0,0,,,,,,,,,
1126729,2018,2018-07-13,Grace Road,2,43.1,New Zealand,England,SFM Devine,AC Kerr,LA Marsh,0,0,,,,,,,,,
1126729,2018,2018-07-13,Grace Road,2,43.2,New Zealand,England,SFM Devine,AC Kerr,LA Marsh,1,0,,,,,,,,,
1126729,2018,2018-07-13,Grace Road,2,43.3,New Zealand,England,AC Kerr,SFM Devine,LA Marsh,0,0,,,,,,,,,
1126729,2018,2018-07-13,Grace Road,2,43.4,New Zealand,England,AC Kerr,SFM Devine,LA Marsh,0,0,,,,,,,,,
1126729,2018,2018-07-13,Grace Road,2,43.5,New Zealand,England,AC Kerr,SFM Devine,LA Marsh,0,0,,,,,,,,,
1126729,2018,2018-07-13,Grace Road,2,43.6,New Zealand,England,AC Kerr,SFM Devine,LA Marsh,4,0,,,,,,,,,
1126729,2018,2018-07-13,Grace Road,2,44.1,New Zealand,England,SFM Devine,AC Kerr,KH Brunt,0,0,,,,,,,,,
1126729,2018,2018-07-13,Grace Road,2,44.2,New Zealand,England,SFM Devine,AC Kerr,KH Brunt,0,0,,,,,,,,,
1126729,2018,2018-07-13,Grace Road,2,44.3,New Zealand,England,SFM Devine,AC Kerr,KH Brunt,0,1,1,,,,,,,,
1126729,2018,2018-07-13,Grace Road,2,44.4,New Zealand,England,SFM Devine,AC Kerr,KH Brunt,0,0,,,,,,,,,
1126729,2018,2018-07-13,Grace Road,2,44.5,New Zealand,England,SFM Devine,AC Kerr,KH Brunt,6,0,,,,,,,,,
