version,2.1.0
info,balls_per_over,6
info,team,England
info,team,New Zealand
info,gender,female
info,season,2018
info,date,2018/07/07
info,event,ICC Women's Championship
info,venue,Headingley
info,city,Leeds
info,toss_winner,England
info,toss_decision,bat
info,umpire,M Burns
info,umpire,DJ Millns
info,winner,England
info,winner_runs,142
info,player,England,AE Jones
info,player,England,TT Beaumont
info,player,England,SJ Taylor
info,player,England,HC Knight
info,player,England,NR Sciver
info,player,England,KH Brunt
info,player,England,L Winfield
info,player,England,GA Elwiss
info,player,England,S Ecclestone
info,player,England,LA Marsh
info,player,England,KL George
info,player,New Zealand,SW Bates
info,player,New Zealand,SFM Devine
info,player,New Zealand,AE Satterthwaite
info,player,New Zealand,KJ Martin
info,player,New Zealand,ML Green
info,player,New Zealand,AC Kerr
info,player,New Zealand,KE Ebrahim
info,player,New Zealand,JM Watkin
info,player,New Zealand,LM Kasperek
info,player,New Zealand,LMM Tahuhu
info,player,New Zealand,HR Huddleston
info,registry,people,AC Kerr,7673c908
info,registry,people,AE Jones,b05e45e4
info,registry,people,AE Satterthwaite,72b7ed1e
info,registry,people,DJ Millns,46ecfe40
info,registry,people,GA Elwiss,287ed3a0
info,registry,people,HC Knight,4ba0289e
info,registry,people,HR Huddleston,8d6b36e3
info,registry,people,JM Watkin,7239a365
info,registry,people,KE Ebrahim,7c0055c1
info,registry,people,KH Brunt,6a434bd3
info,registry,people,KJ Martin,cf75a839
info,registry,people,KL George,e69dbbef
info,registry,people,L Winfield,5230a33d
info,registry,people,LA Marsh,9706e64b
info,registry,people,LM Kasperek,9b73d523
info,registry,people,LMM Tahuhu,60471339
info,registry,people,M Burns,b3bd0666
info,registry,people,ML Green,865eae1f
info,registry,people,NR Sciver,f3a18a0c
info,registry,people,S Ecclestone,cdb82f1c
info,registry,people,SFM Devine,de69af96
info,registry,people,SJ Taylor,e6f36f83
info,registry,people,SW Bates,89bbc67a
info,registry,people,TT Beaumont,b2664905
