match_id,season,start_date,venue,innings,ball,batting_team,bowling_team,striker,non_striker,bowler,runs_off_bat,extras,wides,noballs,byes,legbyes,penalty,wicket_type,player_dismissed,other_wicket_type,other_player_dismissed
1043989,2016/17,2017-02-17,Melbourne Cricket Ground,1,0.1,Australia,New Zealand,MM Lanning,BL Mooney,LMM Tahuhu,1,0,,,,,,,,,
1043989,2016/17,2017-02-17,Melbourne Cricket Ground,1,0.2,Australia,New Zealand,BL Mooney,MM Lanning,LMM Tahuhu,0,0,,,,,,,,,
1043989,2016/17,2017-02-17,Melbourne Cricket Ground,1,0.3,Australia,New Zealand,BL Mooney,MM Lanning,LMM Tahuhu,0,0,,,,,,,,,
1043989,2016/17,2017-02-17,Melbourne Cricket Ground,1,0.4,Australia,New Zealand,BL Mooney,MM Lanning,LMM Tahuhu,1,0,,,,,,,,,
1043989,2016/17,2017-02-17,Melbourne Cricket Ground,1,0.5,Australia,New Zealand,MM Lanning,BL Mooney,LMM Tahuhu,0,0,,,,,,,,,
1043989,2016/17,2017-02-17,Melbourne Cricket Ground,1,0.6,Australia,New Zealand,MM Lanning,BL Mooney,LMM Tahuhu,1,0,,,,,,,,,
1043989,2016/17,2017-02-17,Melbourne Cricket Ground,1,1.1,Australia,New Zealand,MM Lanning,BL Mooney,HR Huddleston,0,0,,,,,,,,,
1043989,2016/17,2017-02-17,Melbourne Cricket Ground,1,1.2,Australia,New Zealand,MM Lanning,BL Mooney,HR Huddleston,1,0,,,,,,,,,
1043989,2016/17,2017-02-17,Melbourne Cricket Ground,1,1.3,Australia,New Zealand,BL Mooney,MM Lanning,HR Huddleston,0,1,,1,,,,,,,
1043989,2016/17,2017-02-17,Melbourne Cricket Ground,1,1.4,Australia,New Zealand,BL Mooney,MM Lanning,HR Huddleston,0,4,,,4,,,,,,
1043989,2016/17,2017-02-17,Melbourne Cricket Ground,1,1.5,Australia,New Zealand,BL Mooney,MM Lanning,HR Huddleston,0,0,,,,,,,,,
1043989,2016/17,2017-02-17,Melbourne Cricket Ground,1,1.6,Australia,New Zealand,BL Mooney,MM Lanning,HR Huddleston,0,0,,,,,,,,,
1043989,2016/17,2017-02-17,Melbourne Cricket Ground,1,1.7,Australia,New Zealand,BL Mooney,MM Lanning,HR Huddleston,0,0,,,,,,,,,
1043989,2016/17,2017-02-17,Melbourne Cricket Ground,1,2.1,Australia,New Zealand,MM Lanning,BL Mooney,LMM Tahuhu,0,0,,,,,,,,,
1043989,2016/17,2017-02-17,Melbourne Cricket Ground,1,2.2,Australia,New Zealand,MM Lanning,BL Mooney,LMM Tahuhu,0,0,,,,,,,,,
1043989,2016/17,2017-02-17,Melbourne Cricket Ground,1,2.3,Australia,New Zealand,MM Lanning,BL Mooney,LMM Tahuhu,1,0,,,,,,,,,
1043989,2016/17,2017-02-17,Melbourne Cricket Ground,1,2.4,Australia,New Zealand,BL Mooney,MM Lanning,LMM Tahuhu,0,0,,,,,,,,,
1043989,2016/17,2017-02-17,Melbourne Cricket Ground,1,2.5,Australia,New Zealand,BL Mooney,MM Lanning,LMM Tahuhu,0,0,,,,,,,,,
1043989,2016/17,2017-02-17,Melbourne Cricket Ground,1,2.6,Australia,New Zealand,BL Mooney,MM Lanning,LMM Tahuhu,0,0,,,,,,caught,BL Mooney,,
1043989,2016/17,2017-02-17,Melbourne Cricket Ground,1,3.1,Australia,New Zealand,MM Lanning,A Gardner,HR Huddleston,0,1,1,,,,,,,,
1043989,2016/17,2017-02-17,Melbourne Cricket Ground,1,3.2,Australia,New Zealand,MM Lanning,A Gardner,HR Huddleston,4,0,,,,,,,,,
1043989,2016/17,2017-02-17,Melbourne Cricket Ground,1,3.3,Australia,New Zealand,MM Lanning,A Gardner,HR Huddleston,4,0,,,,,,,,,
1043989,2016/17,2017-02-17,Melbourne Cricket Ground,1,3.4,Australia,New Zealand,MM Lanning,A Gardner,HR Huddleston,0,0,,,,,,,,,
1043989,2016/17,2017-02-17,Melbourne Cricket Ground,1,3.5,Australia,New Zealand,MM Lanning,A Gardner,HR Huddleston,0,0,,,,,,,,,
1043989,2016/17,2017-02-17,Melbourne Cricket Ground,1,3.6,Australia,New Zealand,MM Lanning,A Gardner,HR Huddleston,1,0,,,,,,,,,
1043989,2016/17,2017-02-17,Melbourne Cricket Ground,1,3.7,Australia,New Zealand,A Gardner,MM Lanning,HR Huddleston,0,0,,,,,,run out,A Gardner,,
1043989,2016/17,2017-02-17,Melbourne Cricket Ground,1,4.1,Australia,New Zealand,MM Lanning,EJ Villani,LMM Tahuhu,4,0,,,,,,,,,
1043989,2016/17,2017-02-17,Melbourne Cricket Ground,1,4.2,Australia,New Zealand,MM Lanning,EJ Villani,LMM Tahuhu,1,0,,,,,,,,,
1043989,2016/17,2017-02-17,Melbourne Cricket Ground,1,4.3,Australia,New Zealand,EJ Villani,MM Lanning,LMM Tahuhu,1,0,,,,,,,,,
1043989,2016/17,2017-02-17,Melbourne Cricket Ground,1,4.4,Australia,New Zealand,MM Lanning,EJ Villani,LMM Tahuhu,0,0,,,,,,,,,
1043989,2016/17,2017-02-17,Melbourne Cricket Ground,1,4.5,Australia,New Zealand,MM Lanning,EJ Villani,LMM Tahuhu,0,0,,,,,,,,,
1043989,2016/17,2017-02-17,Melbourne Cricket Ground,1,4.6,Australia,New Zealand,MM Lanning,EJ Villani,LMM Tahuhu,1,0,,,,,,,,,
1043989,2016/17,2017-02-17,Melbourne Cricket Ground,1,5.1,Australia,New Zealand,MM Lanning,EJ Villani,EM Bermingham,0,0,,,,,,,,,
1043989,2016/17,2017-02-17,Melbourne Cricket Ground,1,5.2,Australia,New Zealand,MM Lanning,EJ Villani,EM Bermingham,0,0,,,,,,,,,
1043989,2016/17,2017-02-17,Melbourne Cricket Ground,1,5.3,Australia,New Zealand,MM Lanning,EJ Villani,EM Bermingham,1,0,,,,,,,,,
1043989,2016/17,2017-02-17,Melbourne Cricket Ground,1,5.4,Australia,New Zealand,EJ Villani,MM Lanning,EM Bermingham,2,0,,,,,,,,,
1043989,2016/17,2017-02-17,Melbourne Cricket Ground,1,5.5,Australia,New Zealand,EJ Villani,MM Lanning,EM Bermingham,1,0,,,,,,,,,
1043989,2016/17,2017-02-17,Melbourne Cricket Ground,1,5.6,Australia,New Zealand,MM Lanning,EJ Villani,EM Bermingham,1,0,,,,,,,,,
1043989,2016/17,2017-02-17,Melbourne Cricket Ground,1,6.1,Australia,New Zealand,MM Lanning,EJ Villani,SW Bates,1,0,,,,,,,,,
1043989,2016/17,2017-02-17,Melbourne Cricket Ground,1,6.2,Australia,New Zealand,EJ Villani,MM Lanning,SW Bates,1,0,,,,,,,,,
1043989,2016/17,2017-02-17,Melbourne Cricket Ground,1,6.3,Australia,New Zealand,MM Lanning,EJ Villani,SW Bates,0,0,,,,,,,,,
1043989,2016/17,2017-02-17,Melbourne Cricket Ground,1,6.4,Australia,New Zealand,MM Lanning,EJ Villani,SW Bates,0,0,,,,,,,,,
1043989,2016/17,2017-02-17,Melbourne Cricket Ground,1,6.5,Australia,New Zealand,MM Lanning,EJ Villani,SW Bates,2,0,,,,,,,,,
1043989,2016/17,2017-02-17,Melbourne Cricket Ground,1,6.6,Australia,New Zealand,MM Lanning,EJ Villani,SW Bates,4,0,,,,,,,,,
1043989,2016/17,2017-02-17,Melbourne Cricket Ground,1,7.1,Australia,New Zealand,EJ Villani,MM Lanning,EM Bermingham,0,0,,,,,,,,,
1043989,2016/17,2017-02-17,Melbourne Cricket Ground,1,7.2,Australia,New Zealand,EJ Villani,MM Lanning,EM Bermingham,2,0,,,,,,,,,
1043989,2016/17,2017-02-17,Melbourne Cricket Ground,1,7.3,Australia,New Zealand,EJ Villani,MM Lanning,EM Bermingham,2,0,,,,,,,,,
1043989,2016/17,2017-02-17,Melbourne Cricket Ground,1,7.4,Australia,New Zealand,EJ Villani,MM Lanning,EM Bermingham,0,0,,,,,,,,,
1043989,2016/17,2017-02-17,Melbourne Cricket Ground,1,7.5,Australia,New Zealand,EJ Villani,MM Lanning,EM Bermingham,1,0,,,,,,,,,
1043989,2016/17,2017-02-17,Melbourne Cricket Ground,1,7.6,Australia,New Zealand,MM Lanning,EJ Villani,EM Bermingham,0,0,,,,,,,,,
1043989,2016/17,2017-02-17,Melbourne Cricket Ground,1,8.1,Australia,New Zealand,EJ Villani,MM Lanning,AE Satterthwaite,1,0,,,,,,,,,
1043989,2016/17,2017-02-17,Melbourne Cricket Ground,1,8.2,Australia,New Zealand,MM Lanning,EJ Villani,AE Satterthwaite,1,0,,,,,,,,,
1043989,2016/17,2017-02-17,Melbourne Cricket Ground,1,8.3,Australia,New Zealand,EJ Villani,MM Lanning,AE Satterthwaite,2,0,,,,,,,,,
1043989,2016/17,2017-02-17,Melbourne Cricket Ground,1,8.4,Australia,New Zealand,EJ Villani,MM Lanning,AE Satterthwaite,1,0,,,,,,,,,
1043989,2016/17,2017-02-17,Melbourne Cricket Ground,1,8.5,Australia,New Zealand,MM Lanning,EJ Villani,AE Satterthwaite,0,0,,,,,,,,,
1043989,2016/17,2017-02-17,Melbourne Cricket Ground,1,8.6,Australia,New Zealand,MM Lanning,EJ Villani,AE Satterthwaite,4,0,,,,,,,,,
1043989,2016/17,2017-02-17,Melbourne Cricket Ground,1,9.1,Australia,New Zealand,EJ Villani,MM Lanning,EM Bermingham,6,0,,,,,,,,,
1043989,2016/17,2017-02-17,Melbourne Cricket Ground,1,9.2,Australia,New Zealand,EJ Villani,MM Lanning,EM Bermingham,4,0,,,,,,,,,
1043989,2016/17,2017-02-17,Melbourne Cricket Ground,1,9.3,Australia,New Zealand,EJ Villani,MM Lanning,EM Bermingham,1,0,,,,,,,,,
1043989,2016/17,2017-02-17,Melbourne Cricket Ground,1,9.4,Australia,New Zealand,MM Lanning,EJ Villani,EM Bermingham,2,0,,,,,,,,,
1043989,2016/17,2017-02-17,Melbourne Cricket Ground,1,9.5,Australia,New Zealand,MM Lanning,EJ Villani,EM Bermingham,1,0,,,,,,,,,
1043989,2016/17,2017-02-17,Melbourne Cricket Ground,1,9.6,Australia,New Zealand,EJ Villani,MM Lanning,EM Bermingham,1,0,,,,,,,,,
1043989,2016/17,2017-02-17,Melbourne Cricket Ground,1,10.1,Australia,New Zealand,EJ Villani,MM Lanning,AE Satterthwaite,2,0,,,,,,,,,
1043989,2016/17,2017-02-17,Melbourne Cricket Ground,1,10.2,Australia,New Zealand,EJ Villani,MM Lanning,AE Satterthwaite,2,0,,,,,,,,,
1043989,2016/17,2017-02-17,Melbourne Cricket Ground,1,10.3,Australia,New Zealand,EJ Villani,MM Lanning,AE Satterthwaite,1,0,,,,,,,,,
1043989,2016/17,2017-02-17,Melbourne Cricket Ground,1,10.4,Australia,New Zealand,MM Lanning,EJ Villani,AE Satterthwaite,2,0,,,,,,,,,
1043989,2016/17,2017-02-17,Melbourne Cricket Ground,1,10.5,Australia,New Zealand,MM Lanning,EJ Villani,AE Satterthwaite,1,0,,,,,,,,,
1043989,2016/17,2017-02-17,Melbourne Cricket Ground,1,10.6,Australia,New Zealand,EJ Villani,MM Lanning,AE Satterthwaite,4,0,,,,,,,,,
1043989,2016/17,2017-02-17,Melbourne Cricket Ground,1,11.1,Australia,New Zealand,MM Lanning,EJ Villani,SW Bates,1,0,,,,,,,,,
1043989,2016/17,2017-02-17,Melbourne Cricket Ground,1,11.2,Australia,New Zealand,EJ Villani,MM Lanning,SW Bates,1,0,,,,,,,,,
1043989,2016/17,2017-02-17,Melbourne Cricket Ground,1,11.3,Australia,New Zealand,MM Lanning,EJ Villani,SW Bates,0,0,,,,,,,,,
1043989,2016/17,2017-02-17,Melbourne Cricket Ground,1,11.4,Australia,New Zealand,MM Lanning,EJ Villani,SW Bates,1,0,,,,,,,,,
1043989,2016/17,2017-02-17,Melbourne Cricket Ground,1,11.5,Australia,New Zealand,EJ Villani,MM Lanning,SW Bates,1,0,,,,,,,,,
1043989,2016/17,2017-02-17,Melbourne Cricket Ground,1,11.6,Australia,New Zealand,MM Lanning,EJ Villani,SW Bates,4,0,,,,,,,,,
1043989,2016/17,2017-02-17,Melbourne Cricket Ground,1,12.1,Australia,New Zealand,EJ Villani,MM Lanning,LM Kasperek,1,0,,,,,,,,,
1043989,2016/17,2017-02-17,Melbourne Cricket Ground,1,12.2,Australia,New Zealand,MM Lanning,EJ Villani,LM Kasperek,1,0,,,,,,,,,
1043989,2016/17,2017-02-17,Melbourne Cricket Ground,1,12.3,Australia,New Zealand,EJ Villani,MM Lanning,LM Kasperek,1,0,,,,,,,,,
1043989,2016/17,2017-02-17,Melbourne Cricket Ground,1,12.4,Australia,New Zealand,MM Lanning,EJ Villani,LM Kasperek,4,0,,,,,,,,,
1043989,2016/17,2017-02-17,Melbourne Cricket Ground,1,12.5,Australia,New Zealand,MM Lanning,EJ Villani,LM Kasperek,1,0,,,,,,,,,
1043989,2016/17,2017-02-17,Melbourne Cricket Ground,1,12.6,Australia,New Zealand,EJ Villani,MM Lanning,LM Kasperek,3,0,,,,,,,,,
1043989,2016/17,2017-02-17,Melbourne Cricket Ground,1,13.1,Australia,New Zealand,EJ Villani,MM Lanning,LMM Tahuhu,1,0,,,,,,,,,
1043989,2016/17,2017-02-17,Melbourne Cricket Ground,1,13.2,Australia,New Zealand,MM Lanning,EJ Villani,LMM Tahuhu,4,0,,,,,,,,,
1043989,2016/17,2017-02-17,Melbourne Cricket Ground,1,13.3,Australia,New Zealand,MM Lanning,EJ Villani,LMM Tahuhu,1,0,,,,,,,,,
1043989,2016/17,2017-02-17,Melbourne Cricket Ground,1,13.4,Australia,New Zealand,EJ Villani,MM Lanning,LMM Tahuhu,4,0,,,,,,,,,
1043989,2016/17,2017-02-17,Melbourne Cricket Ground,1,13.5,Australia,New Zealand,EJ Villani,MM Lanning,LMM Tahuhu,0,0,,,,,,,,,
1043989,2016/17,2017-02-17,Melbourne Cricket Ground,1,13.6,Australia,New Zealand,EJ Villani,MM Lanning,LMM Tahuhu,1,0,,,,,,,,,
1043989,2016/17,2017-02-17,Melbourne Cricket Ground,1,14.1,Australia,New Zealand,EJ Villani,MM Lanning,LM Kasperek,1,0,,,,,,,,,
1043989,2016/17,2017-02-17,Melbourne Cricket Ground,1,14.2,Australia,New Zealand,MM Lanning,EJ Villani,LM Kasperek,1,0,,,,,,,,,
1043989,2016/17,2017-02-17,Melbourne Cricket Ground,1,14.3,Australia,New Zealand,EJ Villani,MM Lanning,LM Kasperek,2,0,,,,,,,,,
1043989,2016/17,2017-02-17,Melbourne Cricket Ground,1,14.4,Australia,New Zealand,EJ Villani,MM Lanning,LM Kasperek,0,0,,,,,,,,,
1043989,2016/17,2017-02-17,Melbourne Cricket Ground,1,14.5,Australia,New Zealand,EJ Villani,MM Lanning,LM Kasperek,2,0,,,,,,,,,
1043989,2016/17,2017-02-17,Melbourne Cricket Ground,1,14.6,Australia,New Zealand,EJ Villani,MM Lanning,LM Kasperek,4,0,,,,,,,,,
1043989,2016/17,2017-02-17,Melbourne Cricket Ground,1,15.1,Australia,New Zealand,MM Lanning,EJ Villani,HR Huddleston,1,0,,,,,,,,,
1043989,2016/17,2017-02-17,Melbourne Cricket Ground,1,15.2,Australia,New Zealand,EJ Villani,MM Lanning,HR Huddleston,1,0,,,,,,,,,
1043989,2016/17,2017-02-17,Melbourne Cricket Ground,1,15.3,Australia,New Zealand,MM Lanning,EJ Villani,HR Huddleston,0,0,,,,,,,,,
1043989,2016/17,2017-02-17,Melbourne Cricket Ground,1,15.4,Australia,New Zealand,MM Lanning,EJ Villani,HR Huddleston,1,0,,,,,,,,,
1043989,2016/17,2017-02-17,Melbourne Cricket Ground,1,15.5,Australia,New Zealand,EJ Villani,MM Lanning,HR Huddleston,1,0,,,,,,,,,
1043989,2016/17,2017-02-17,Melbourne Cricket Ground,1,15.6,Australia,New Zealand,MM Lanning,EJ Villani,HR Huddleston,0,2,,,2,,,,,,
1043989,2016/17,2017-02-17,Melbourne Cricket Ground,1,16.1,Australia,New Zealand,EJ Villani,MM Lanning,SW Bates,1,0,,,,,,,,,
1043989,2016/17,2017-02-17,Melbourne Cricket Ground,1,16.2,Australia,New Zealand,MM Lanning,EJ Villani,SW Bates,0,0,,,,,,,,,
1043989,2016/17,2017-02-17,Melbourne Cricket Ground,1,16.3,Australia,New Zealand,MM Lanning,EJ Villani,SW Bates,1,0,,,,,,,,,
1043989,2016/17,2017-02-17,Melbourne Cricket Ground,1,16.4,Australia,New Zealand,EJ Villani,MM Lanning,SW Bates,1,0,,,,,,,,,
1043989,2016/17,2017-02-17,Melbourne Cricket Ground,1,16.5,Australia,New Zealand,MM Lanning,EJ Villani,SW Bates,0,0,,,,,,caught,MM Lanning,,
1043989,2016/17,2017-02-17,Melbourne Cricket Ground,1,16.6,Australia,New Zealand,EJ Villani,AJ Blackwell,SW Bates,1,0,,,,,,,,,
1043989,2016/17,2017-02-17,Melbourne Cricket Ground,1,17.1,Australia,New Zealand,EJ Villani,AJ Blackwell,HR Huddleston,1,0,,,,,,,,,
1043989,2016/17,2017-02-17,Melbourne Cricket Ground,1,17.2,Australia,New Zealand,AJ Blackwell,EJ Villani,HR Huddleston,1,0,,,,,,,,,
1043989,2016/17,2017-02-17,Melbourne Cricket Ground,1,17.3,Australia,New Zealand,EJ Villani,AJ Blackwell,HR Huddleston,0,1,,,,1,,,,,
1043989,2016/17,2017-02-17,Melbourne Cricket Ground,1,17.4,Australia,New Zealand,AJ Blackwell,EJ Villani,HR Huddleston,1,0,,,,,,,,,
1043989,2016/17,2017-02-17,Melbourne Cricket Ground,1,17.5,Australia,New Zealand,EJ Villani,AJ Blackwell,HR Huddleston,1,0,,,,,,,,,
1043989,2016/17,2017-02-17,Melbourne Cricket Ground,1,17.6,Australia,New Zealand,AJ Blackwell,EJ Villani,HR Huddleston,1,0,,,,,,,,,
1043989,2016/17,2017-02-17,Melbourne Cricket Ground,1,18.1,Australia,New Zealand,AJ Blackwell,EJ Villani,SW Bates,1,0,,,,,,,,,
1043989,2016/17,2017-02-17,Melbourne Cricket Ground,1,18.2,Australia,New Zealand,EJ Villani,AJ Blackwell,SW Bates,1,0,,,,,,,,,
1043989,2016/17,2017-02-17,Melbourne Cricket Ground,1,18.3,Australia,New Zealand,AJ Blackwell,EJ Villani,SW Bates,0,0,,,,,,,,,
1043989,2016/17,2017-02-17,Melbourne Cricket Ground,1,18.4,Australia,New Zealand,AJ Blackwell,EJ Villani,SW Bates,0,0,,,,,,,,,
1043989,2016/17,2017-02-17,Melbourne Cricket Ground,1,18.5,Australia,New Zealand,AJ Blackwell,EJ Villani,SW Bates,1,0,,,,,,,,,
1043989,2016/17,2017-02-17,Melbourne Cricket Ground,1,18.6,Australia,New Zealand,EJ Villani,AJ Blackwell,SW Bates,2,0,,,,,,,,,
1043989,2016/17,2017-02-17,Melbourne Cricket Ground,1,19.1,Australia,New Zealand,AJ Blackwell,EJ Villani,LM Kasperek,1,0,,,,,,,,,
1043989,2016/17,2017-02-17,Melbourne Cricket Ground,1,19.2,Australia,New Zealand,EJ Villani,AJ Blackwell,LM Kasperek,4,0,,,,,,,,,
1043989,2016/17,2017-02-17,Melbourne Cricket Ground,1,19.3,Australia,New Zealand,EJ Villani,AJ Blackwell,LM Kasperek,1,0,,,,,,,,,
1043989,2016/17,2017-02-17,Melbourne Cricket Ground,1,19.4,Australia,New Zealand,AJ Blackwell,EJ Villani,LM Kasperek,1,0,,,,,,,,,
1043989,2016/17,2017-02-17,Melbourne Cricket Ground,1,19.5,Australia,New Zealand,EJ Villani,AJ Blackwell,LM Kasperek,1,0,,,,,,,,,
1043989,2016/17,2017-02-17,Melbourne Cricket Ground,1,19.6,Australia,New Zealand,AJ Blackwell,EJ Villani,LM Kasperek,1,0,,,,,,run out,AJ Blackwell,,
1043989,2016/17,2017-02-17,Melbourne Cricket Ground,2,0.1,New Zealand,Australia,SW Bates,RH Priest,ML Schutt,2,0,,,,,,,,,
1043989,2016/17,2017-02-17,Melbourne Cricket Ground,2,0.2,New Zealand,Australia,SW Bates,RH Priest,ML Schutt,0,0,,,,,,,,,
1043989,2016/17,2017-02-17,Melbourne Cricket Ground,2,0.3,New Zealand,Australia,SW Bates,RH Priest,ML Schutt,4,0,,,,,,,,,
1043989,2016/17,2017-02-17,Melbourne Cricket Ground,2,0.4,New Zealand,Australia,SW Bates,RH Priest,ML Schutt,0,0,,,,,,,,,
1043989,2016/17,2017-02-17,Melbourne Cricket Ground,2,0.5,New Zealand,Australia,SW Bates,RH Priest,ML Schutt,1,0,,,,,,,,,
1043989,2016/17,2017-02-17,Melbourne Cricket Ground,2,0.6,New Zealand,Australia,RH Priest,SW Bates,ML Schutt,1,0,,,,,,,,,
1043989,2016/17,2017-02-17,Melbourne Cricket Ground,2,1.1,New Zealand,Australia,RH Priest,SW Bates,JL Jonassen,0,0,,,,,,,,,
1043989,2016/17,2017-02-17,Melbourne Cricket Ground,2,1.2,New Zealand,Australia,RH Priest,SW Bates,JL Jonassen,1,0,,,,,,,,,
1043989,2016/17,2017-02-17,Melbourne Cricket Ground,2,1.3,New Zealand,Australia,SW Bates,RH Priest,JL Jonassen,1,0,,,,,,,,,
1043989,2016/17,2017-02-17,Melbourne Cricket Ground,2,1.4,New Zealand,Australia,RH Priest,SW Bates,JL Jonassen,0,1,,,,1,,,,,
1043989,2016/17,2017-02-17,Melbourne Cricket Ground,2,1.5,New Zealand,Australia,SW Bates,RH Priest,JL Jonassen,1,0,,,,,,,,,
1043989,2016/17,2017-02-17,Melbourne Cricket Ground,2,1.6,New Zealand,Australia,RH Priest,SW Bates,JL Jonassen,1,0,,,,,,,,,
1043989,2016/17,2017-02-17,Melbourne Cricket Ground,2,2.1,New Zealand,Australia,RH Priest,SW Bates,M Strano,0,0,,,,,,,,,
1043989,2016/17,2017-02-17,Melbourne Cricket Ground,2,2.2,New Zealand,Australia,RH Priest,SW Bates,M Strano,1,0,,,,,,,,,
1043989,2016/17,2017-02-17,Melbourne Cricket Ground,2,2.3,New Zealand,Australia,SW Bates,RH Priest,M Strano,0,0,,,,,,,,,
1043989,2016/17,2017-02-17,Melbourne Cricket Ground,2,2.4,New Zealand,Australia,SW Bates,RH Priest,M Strano,2,0,,,,,,,,,
1043989,2016/17,2017-02-17,Melbourne Cricket Ground,2,2.5,New Zealand,Australia,SW Bates,RH Priest,M Strano,0,0,,,,,,,,,
1043989,2016/17,2017-02-17,Melbourne Cricket Ground,2,2.6,New Zealand,Australia,SW Bates,RH Priest,M Strano,0,0,,,,,,,,,
1043989,2016/17,2017-02-17,Melbourne Cricket Ground,2,3.1,New Zealand,Australia,RH Priest,SW Bates,JL Jonassen,0,0,,,,,,,,,
1043989,2016/17,2017-02-17,Melbourne Cricket Ground,2,3.2,New Zealand,Australia,RH Priest,SW Bates,JL Jonassen,1,0,,,,,,,,,
1043989,2016/17,2017-02-17,Melbourne Cricket Ground,2,3.3,New Zealand,Australia,SW Bates,RH Priest,JL Jonassen,0,0,,,,,,,,,
1043989,2016/17,2017-02-17,Melbourne Cricket Ground,2,3.4,New Zealand,Australia,SW Bates,RH Priest,JL Jonassen,0,0,,,,,,,,,
1043989,2016/17,2017-02-17,Melbourne Cricket Ground,2,3.5,New Zealand,Australia,SW Bates,RH Priest,JL Jonassen,1,0,,,,,,,,,
1043989,2016/17,2017-02-17,Melbourne Cricket Ground,2,3.6,New Zealand,Australia,RH Priest,SW Bates,JL Jonassen,0,0,,,,,,,,,
1043989,2016/17,2017-02-17,Melbourne Cricket Ground,2,4.1,New Zealand,Australia,SW Bates,RH Priest,KM Beams,0,0,,,,,,,,,
1043989,2016/17,2017-02-17,Melbourne Cricket Ground,2,4.2,New Zealand,Australia,SW Bates,RH Priest,KM Beams,0,0,,,,,,,,,
1043989,2016/17,2017-02-17,Melbourne Cricket Ground,2,4.3,New Zealand,Australia,SW Bates,RH Priest,KM Beams,4,0,,,,,,,,,
1043989,2016/17,2017-02-17,Melbourne Cricket Ground,2,4.4,New Zealand,Australia,SW Bates,RH Priest,KM Beams,4,0,,,,,,,,,
1043989,2016/17,2017-02-17,Melbourne Cricket Ground,2,4.5,New Zealand,Australia,SW Bates,RH Priest,KM Beams,0,0,,,,,,,,,
1043989,2016/17,2017-02-17,Melbourne Cricket Ground,2,4.6,New Zealand,Australia,SW Bates,RH Priest,KM Beams,0,0,,,,,,,,,
1043989,2016/17,2017-02-17,Melbourne Cricket Ground,2,5.1,New Zealand,Australia,RH Priest,SW Bates,M Strano,2,0,,,,,,,,,
1043989,2016/17,2017-02-17,Melbourne Cricket Ground,2,5.2,New Zealand,Australia,RH Priest,SW Bates,M Strano,0,0,,,,,,caught,RH Priest,,
1043989,2016/17,2017-02-17,Melbourne Cricket Ground,2,5.3,New Zealand,Australia,AM Peterson,SW Bates,M Strano,1,0,,,,,,,,,
1043989,2016/17,2017-02-17,Melbourne Cricket Ground,2,5.4,New Zealand,Australia,SW Bates,AM Peterson,M Strano,0,0,,,,,,,,,
1043989,2016/17,2017-02-17,Melbourne Cricket Ground,2,5.5,New Zealand,Australia,SW Bates,AM Peterson,M Strano,1,0,,,,,,,,,
1043989,2016/17,2017-02-17,Melbourne Cricket Ground,2,5.6,New Zealand,Australia,AM Peterson,SW Bates,M Strano,0,0,,,,,,,,,
1043989,2016/17,2017-02-17,Melbourne Cricket Ground,2,6.1,New Zealand,Australia,SW Bates,AM Peterson,JL Jonassen,0,0,,,,,,,,,
1043989,2016/17,2017-02-17,Melbourne Cricket Ground,2,6.2,New Zealand,Australia,SW Bates,AM Peterson,JL Jonassen,0,0,,,,,,,,,
1043989,2016/17,2017-02-17,Melbourne Cricket Ground,2,6.3,New Zealand,Australia,SW Bates,AM Peterson,JL Jonassen,1,0,,,,,,,,,
1043989,2016/17,2017-02-17,Melbourne Cricket Ground,2,6.4,New Zealand,Australia,AM Peterson,SW Bates,JL Jonassen,0,0,,,,,,bowled,AM Peterson,,
1043989,2016/17,2017-02-17,Melbourne Cricket Ground,2,6.5,New Zealand,Australia,AE Satterthwaite,SW Bates,JL Jonassen,0,1,,,,1,,,,,
1043989,2016/17,2017-02-17,Melbourne Cricket Ground,2,6.6,New Zealand,Australia,SW Bates,AE Satterthwaite,JL Jonassen,1,0,,,,,,,,,
1043989,2016/17,2017-02-17,Melbourne Cricket Ground,2,7.1,New Zealand,Australia,SW Bates,AE Satterthwaite,A Wellington,0,0,,,,,,,,,
1043989,2016/17,2017-02-17,Melbourne Cricket Ground,2,7.2,New Zealand,Australia,SW Bates,AE Satterthwaite,A Wellington,1,0,,,,,,,,,
1043989,2016/17,2017-02-17,Melbourne Cricket Ground,2,7.3,New Zealand,Australia,AE Satterthwaite,SW Bates,A Wellington,0,0,,,,,,,,,
1043989,2016/17,2017-02-17,Melbourne Cricket Ground,2,7.4,New Zealand,Australia,AE Satterthwaite,SW Bates,A Wellington,2,0,,,,,,,,,
1043989,2016/17,2017-02-17,Melbourne Cricket Ground,2,7.5,New Zealand,Australia,AE Satterthwaite,SW Bates,A Wellington,0,0,,,,,,,,,
1043989,2016/17,2017-02-17,Melbourne Cricket Ground,2,7.6,New Zealand,Australia,AE Satterthwaite,SW Bates,A Wellington,1,0,,,,,,,,,
1043989,2016/17,2017-02-17,Melbourne Cricket Ground,2,8.1,New Zealand,Australia,AE Satterthwaite,SW Bates,ML Schutt,0,0,,,,,,,,,
1043989,2016/17,2017-02-17,Melbourne Cricket Ground,2,8.2,New Zealand,Australia,AE Satterthwaite,SW Bates,ML Schutt,0,0,,,,,,,,,
1043989,2016/17,2017-02-17,Melbourne Cricket Ground,2,8.3,New Zealand,Australia,AE Satterthwaite,SW Bates,ML Schutt,0,0,,,,,,,,,
1043989,2016/17,2017-02-17,Melbourne Cricket Ground,2,8.4,New Zealand,Australia,AE Satterthwaite,SW Bates,ML Schutt,1,0,,,,,,,,,
1043989,2016/17,2017-02-17,Melbourne Cricket Ground,2,8.5,New Zealand,Australia,SW Bates,AE Satterthwaite,ML Schutt,1,0,,,,,,,,,
1043989,2016/17,2017-02-17,Melbourne Cricket Ground,2,8.6,New Zealand,Australia,AE Satterthwaite,SW Bates,ML Schutt,1,0,,,,,,,,,
1043989,2016/17,2017-02-17,Melbourne Cricket Ground,2,9.1,New Zealand,Australia,AE Satterthwaite,SW Bates,A Wellington,1,0,,,,,,,,,
1043989,2016/17,2017-02-17,Melbourne Cricket Ground,2,9.2,New Zealand,Australia,SW Bates,AE Satterthwaite,A Wellington,0,0,,,,,,,,,
1043989,2016/17,2017-02-17,Melbourne Cricket Ground,2,9.3,New Zealand,Australia,SW Bates,AE Satterthwaite,A Wellington,0,0,,,,,,,,,
1043989,2016/17,2017-02-17,Melbourne Cricket Ground,2,9.4,New Zealand,Australia,SW Bates,AE Satterthwaite,A Wellington,1,0,,,,,,,,,
1043989,2016/17,2017-02-17,Melbourne Cricket Ground,2,9.5,New Zealand,Australia,AE Satterthwaite,SW Bates,A Wellington,0,0,,,,,,,,,
1043989,2016/17,2017-02-17,Melbourne Cricket Ground,2,9.6,New Zealand,Australia,AE Satterthwaite,SW Bates,A Wellington,1,0,,,,,,,,,
1043989,2016/17,2017-02-17,Melbourne Cricket Ground,2,10.1,New Zealand,Australia,AE Satterthwaite,SW Bates,KM Beams,0,0,,,,,,,,,
1043989,2016/17,2017-02-17,Melbourne Cricket Ground,2,10.2,New Zealand,Australia,AE Satterthwaite,SW Bates,KM Beams,2,0,,,,,,,,,
1043989,2016/17,2017-02-17,Melbourne Cricket Ground,2,10.3,New Zealand,Australia,AE Satterthwaite,SW Bates,KM Beams,1,0,,,,,,,,,
1043989,2016/17,2017-02-17,Melbourne Cricket Ground,2,10.4,New Zealand,Australia,SW Bates,AE Satterthwaite,KM Beams,0,0,,,,,,caught,SW Bates,,
1043989,2016/17,2017-02-17,Melbourne Cricket Ground,2,10.5,New Zealand,Australia,KJ Martin,AE Satterthwaite,KM Beams,2,0,,,,,,,,,
1043989,2016/17,2017-02-17,Melbourne Cricket Ground,2,10.6,New Zealand,Australia,KJ Martin,AE Satterthwaite,KM Beams,2,0,,,,,,,,,
1043989,2016/17,2017-02-17,Melbourne Cricket Ground,2,11.1,New Zealand,Australia,AE Satterthwaite,KJ Martin,A Wellington,1,0,,,,,,,,,
1043989,2016/17,2017-02-17,Melbourne Cricket Ground,2,11.2,New Zealand,Australia,KJ Martin,AE Satterthwaite,A Wellington,0,0,,,,,,caught,KJ Martin,,
1043989,2016/17,2017-02-17,Melbourne Cricket Ground,2,11.3,New Zealand,Australia,EM Bermingham,AE Satterthwaite,A Wellington,3,0,,,,,,,,,
1043989,2016/17,2017-02-17,Melbourne Cricket Ground,2,11.4,New Zealand,Australia,AE Satterthwaite,EM Bermingham,A Wellington,1,0,,,,,,,,,
1043989,2016/17,2017-02-17,Melbourne Cricket Ground,2,11.5,New Zealand,Australia,EM Bermingham,AE Satterthwaite,A Wellington,0,0,,,,,,,,,
1043989,2016/17,2017-02-17,Melbourne Cricket Ground,2,11.6,New Zealand,Australia,EM Bermingham,AE Satterthwaite,A Wellington,0,0,,,,,,,,,
1043989,2016/17,2017-02-17,Melbourne Cricket Ground,2,12.1,New Zealand,Australia,AE Satterthwaite,EM Bermingham,KM Beams,0,3,,,3,,,,,,
1043989,2016/17,2017-02-17,Melbourne Cricket Ground,2,12.2,New Zealand,Australia,EM Bermingham,AE Satterthwaite,KM Beams,0,0,,,,,,lbw,EM Bermingham,,
1043989,2016/17,2017-02-17,Melbourne Cricket Ground,2,12.3,New Zealand,Australia,KT Perkins,AE Satterthwaite,KM Beams,0,0,,,,,,,,,
1043989,2016/17,2017-02-17,Melbourne Cricket Ground,2,12.4,New Zealand,Australia,KT Perkins,AE Satterthwaite,KM Beams,1,0,,,,,,,,,
1043989,2016/17,2017-02-17,Melbourne Cricket Ground,2,12.5,New Zealand,Australia,AE Satterthwaite,KT Perkins,KM Beams,1,0,,,,,,,,,
1043989,2016/17,2017-02-17,Melbourne Cricket Ground,2,12.6,New Zealand,Australia,KT Perkins,AE Satterthwaite,KM Beams,0,0,,,,,,,,,
1043989,2016/17,2017-02-17,Melbourne Cricket Ground,2,13.1,New Zealand,Australia,AE Satterthwaite,KT Perkins,A Wellington,1,0,,,,,,,,,
1043989,2016/17,2017-02-17,Melbourne Cricket Ground,2,13.2,New Zealand,Australia,KT Perkins,AE Satterthwaite,A Wellington,0,0,,,,,,caught,KT Perkins,,
1043989,2016/17,2017-02-17,Melbourne Cricket Ground,2,13.3,New Zealand,Australia,EC Perry,AE Satterthwaite,A Wellington,0,0,,,,,,,,,
1043989,2016/17,2017-02-17,Melbourne Cricket Ground,2,13.4,New Zealand,Australia,EC Perry,AE Satterthwaite,A Wellington,2,0,,,,,,,,,
1043989,2016/17,2017-02-17,Melbourne Cricket Ground,2,13.5,New Zealand,Australia,EC Perry,AE Satterthwaite,A Wellington,0,0,,,,,,,,,
1043989,2016/17,2017-02-17,Melbourne Cricket Ground,2,13.6,New Zealand,Australia,EC Perry,AE Satterthwaite,A Wellington,0,0,,,,,,stumped,EC Perry,,
1043989,2016/17,2017-02-17,Melbourne Cricket Ground,2,14.1,New Zealand,Australia,AE Satterthwaite,HR Huddleston,ML Schutt,0,0,,,,,,,,,
1043989,2016/17,2017-02-17,Melbourne Cricket Ground,2,14.2,New Zealand,Australia,AE Satterthwaite,HR Huddleston,ML Schutt,1,0,,,,,,,,,
1043989,2016/17,2017-02-17,Melbourne Cricket Ground,2,14.3,New Zealand,Australia,HR Huddleston,AE Satterthwaite,ML Schutt,0,0,,,,,,,,,
1043989,2016/17,2017-02-17,Melbourne Cricket Ground,2,14.4,New Zealand,Australia,HR Huddleston,AE Satterthwaite,ML Schutt,0,0,,,,,,,,,
1043989,2016/17,2017-02-17,Melbourne Cricket Ground,2,14.5,New Zealand,Australia,HR Huddleston,AE Satterthwaite,ML Schutt,0,0,,,,,,,,,
1043989,2016/17,2017-02-17,Melbourne Cricket Ground,2,14.6,New Zealand,Australia,HR Huddleston,AE Satterthwaite,ML Schutt,1,0,,,,,,,,,
1043989,2016/17,2017-02-17,Melbourne Cricket Ground,2,15.1,New Zealand,Australia,HR Huddleston,AE Satterthwaite,M Strano,0,0,,,,,,,,,
1043989,2016/17,2017-02-17,Melbourne Cricket Ground,2,15.2,New Zealand,Australia,HR Huddleston,AE Satterthwaite,M Strano,1,0,,,,,,,,,
1043989,2016/17,2017-02-17,Melbourne Cricket Ground,2,15.3,New Zealand,Australia,AE Satterthwaite,HR Huddleston,M Strano,0,0,,,,,,,,,
1043989,2016/17,2017-02-17,Melbourne Cricket Ground,2,15.4,New Zealand,Australia,AE Satterthwaite,HR Huddleston,M Strano,0,0,,,,,,,,,
1043989,2016/17,2017-02-17,Melbourne Cricket Ground,2,15.5,New Zealand,Australia,AE Satterthwaite,HR Huddleston,M Strano,0,0,,,,,,,,,
1043989,2016/17,2017-02-17,Melbourne Cricket Ground,2,15.6,New Zealand,Australia,AE Satterthwaite,HR Huddleston,M Strano,4,0,,,,,,,,,
1043989,2016/17,2017-02-17,Melbourne Cricket Ground,2,16.1,New Zealand,Australia,HR Huddleston,AE Satterthwaite,KM Beams,0,0,,,,,,,,,
1043989,2016/17,2017-02-17,Melbourne Cricket Ground,2,16.2,New Zealand,Australia,HR Huddleston,AE Satterthwaite,KM Beams,0,1,,,,1,,,,,
1043989,2016/17,2017-02-17,Melbourne Cricket Ground,2,16.3,New Zealand,Australia,AE Satterthwaite,HR Huddleston,KM Beams,1,0,,,,,,,,,
1043989,2016/17,2017-02-17,Melbourne Cricket Ground,2,16.4,New Zealand,Australia,HR Huddleston,AE Satterthwaite,KM Beams,0,4,4,,,,,,,,
1043989,2016/17,2017-02-17,Melbourne Cricket Ground,2,16.5,New Zealand,Australia,AE Satterthwaite,HR Huddleston,KM Beams,0,0,,,,,,,,,
1043989,2016/17,2017-02-17,Melbourne Cricket Ground,2,16.6,New Zealand,Australia,AE Satterthwaite,HR Huddleston,KM Beams,1,0,,,,,,,,,
1043989,2016/17,2017-02-17,Melbourne Cricket Ground,2,16.7,New Zealand,Australia,HR Huddleston,AE Satterthwaite,KM Beams,1,0,,,,,,,,,
1043989,2016/17,2017-02-17,Melbourne Cricket Ground,2,17.1,New Zealand,Australia,HR Huddleston,AE Satterthwaite,ML Schutt,0,0,,,,,,,,,
1043989,2016/17,2017-02-17,Melbourne Cricket Ground,2,17.2,New Zealand,Australia,HR Huddleston,AE Satterthwaite,ML Schutt,2,0,,,,,,,,,
1043989,2016/17,2017-02-17,Melbourne Cricket Ground,2,17.3,New Zealand,Australia,HR Huddleston,AE Satterthwaite,ML Schutt,0,0,,,,,,,,,
1043989,2016/17,2017-02-17,Melbourne Cricket Ground,2,17.4,New Zealand,Australia,HR Huddleston,AE Satterthwaite,ML Schutt,0,2,,,2,,,,,,
1043989,2016/17,2017-02-17,Melbourne Cricket Ground,2,17.5,New Zealand,Australia,HR Huddleston,AE Satterthwaite,ML Schutt,0,0,,,,,,bowled,HR Huddleston,,
1043989,2016/17,2017-02-17,Melbourne Cricket Ground,2,17.6,New Zealand,Australia,LMM Tahuhu,AE Satterthwaite,ML Schutt,2,0,,,,,,,,,
1043989,2016/17,2017-02-17,Melbourne Cricket Ground,2,18.1,New Zealand,Australia,AE Satterthwaite,LMM Tahuhu,M Strano,0,0,,,,,,,,,
1043989,2016/17,2017-02-17,Melbourne Cricket Ground,2,18.2,New Zealand,Australia,AE Satterthwaite,LMM Tahuhu,M Strano,1,0,,,,,,,,,
1043989,2016/17,2017-02-17,Melbourne Cricket Ground,2,18.3,New Zealand,Australia,LMM Tahuhu,AE Satterthwaite,M Strano,2,0,,,,,,,,,
1043989,2016/17,2017-02-17,Melbourne Cricket Ground,2,18.4,New Zealand,Australia,LMM Tahuhu,AE Satterthwaite,M Strano,1,0,,,,,,,,,
1043989,2016/17,2017-02-17,Melbourne Cricket Ground,2,18.5,New Zealand,Australia,AE Satterthwaite,LMM Tahuhu,M Strano,2,0,,,,,,,,,
1043989,2016/17,2017-02-17,Melbourne Cricket Ground,2,18.6,New Zealand,Australia,AE Satterthwaite,LMM Tahuhu,M Strano,4,0,,,,,,,,,
1043989,2016/17,2017-02-17,Melbourne Cricket Ground,2,19.1,New Zealand,Australia,LMM Tahuhu,AE Satterthwaite,JL Jonassen,4,0,,,,,,,,,
1043989,2016/17,2017-02-17,Melbourne Cricket Ground,2,19.2,New Zealand,Australia,LMM Tahuhu,AE Satterthwaite,JL Jonassen,1,0,,,,,,,,,
1043989,2016/17,2017-02-17,Melbourne Cricket Ground,2,19.3,New Zealand,Australia,AE Satterthwaite,LMM Tahuhu,JL Jonassen,4,0,,,,,,,,,
1043989,2016/17,2017-02-17,Melbourne Cricket Ground,2,19.4,New Zealand,Australia,AE Satterthwaite,LMM Tahuhu,JL Jonassen,4,0,,,,,,,,,
1043989,2016/17,2017-02-17,Melbourne Cricket Ground,2,19.5,New Zealand,Australia,AE Satterthwaite,LMM Tahuhu,JL Jonassen,2,0,,,,,,,,,
1043989,2016/17,2017-02-17,Melbourne Cricket Ground,2,19.6,New Zealand,Australia,AE Satterthwaite,LMM Tahuhu,JL Jonassen,2,0,,,,,,,,,
