match_id,season,start_date,venue,innings,ball,batting_team,bowling_team,striker,non_striker,bowler,runs_off_bat,extras,wides,noballs,byes,legbyes,penalty,wicket_type,player_dismissed,other_wicket_type,other_player_dismissed
1050615,2016/17,2016-11-21,Saxton Oval,1,0.1,New Zealand,Pakistan,SW Bates,RH Priest,Iram Javed,0,1,1,,,,,,,,
1050615,2016/17,2016-11-21,Saxton Oval,1,0.2,New Zealand,Pakistan,SW Bates,RH Priest,Iram Javed,0,1,1,,,,,,,,
1050615,2016/17,2016-11-21,Saxton Oval,1,0.3,New Zealand,Pakistan,SW Bates,RH Priest,Iram Javed,0,1,1,,,,,,,,
1050615,2016/17,2016-11-21,Saxton Oval,1,0.4,New Zealand,Pakistan,SW Bates,RH Priest,Iram Javed,0,0,,,,,,caught,SW Bates,,
1050615,2016/17,2016-11-21,Saxton Oval,1,0.5,New Zealand,Pakistan,SFM Devine,RH Priest,Iram Javed,0,0,,,,,,,,,
1050615,2016/17,2016-11-21,Saxton Oval,1,0.6,New Zealand,Pakistan,SFM Devine,RH Priest,Iram Javed,1,0,,,,,,,,,
1050615,2016/17,2016-11-21,Saxton Oval,1,0.7,New Zealand,Pakistan,RH Priest,SFM Devine,Iram Javed,1,0,,,,,,,,,
1050615,2016/17,2016-11-21,Saxton Oval,1,0.8,New Zealand,Pakistan,SFM Devine,RH Priest,Iram Javed,0,1,1,,,,,,,,
1050615,2016/17,2016-11-21,Saxton Oval,1,0.9,New Zealand,Pakistan,SFM Devine,RH Priest,Iram Javed,0,0,,,,,,,,,
1050615,2016/17,2016-11-21,Saxton Oval,1,0.10,New Zealand,Pakistan,SFM Devine,RH Priest,Iram Javed,1,0,,,,,,,,,
1050615,2016/17,2016-11-21,Saxton Oval,1,1.1,New Zealand,Pakistan,SFM Devine,RH Priest,Asmavia Iqbal,1,0,,,,,,,,,
1050615,2016/17,2016-11-21,Saxton Oval,1,1.2,New Zealand,Pakistan,RH Priest,SFM Devine,Asmavia Iqbal,0,0,,,,,,bowled,RH Priest,,
1050615,2016/17,2016-11-21,Saxton Oval,1,1.3,New Zealand,Pakistan,AE Satterthwaite,SFM Devine,Asmavia Iqbal,0,0,,,,,,,,,
1050615,2016/17,2016-11-21,Saxton Oval,1,1.4,New Zealand,Pakistan,AE Satterthwaite,SFM Devine,Asmavia Iqbal,2,0,,,,,,,,,
1050615,2016/17,2016-11-21,Saxton Oval,1,1.5,New Zealand,Pakistan,AE Satterthwaite,SFM Devine,Asmavia Iqbal,1,0,,,,,,,,,
1050615,2016/17,2016-11-21,Saxton Oval,1,1.6,New Zealand,Pakistan,SFM Devine,AE Satterthwaite,Asmavia Iqbal,0,0,,,,,,,,,
1050615,2016/17,2016-11-21,Saxton Oval,1,2.1,New Zealand,Pakistan,AE Satterthwaite,SFM Devine,Iram Javed,0,1,1,,,,,,,,
1050615,2016/17,2016-11-21,Saxton Oval,1,2.2,New Zealand,Pakistan,AE Satterthwaite,SFM Devine,Iram Javed,0,1,1,,,,,,,,
1050615,2016/17,2016-11-21,Saxton Oval,1,2.3,New Zealand,Pakistan,AE Satterthwaite,SFM Devine,Iram Javed,4,0,,,,,,,,,
1050615,2016/17,2016-11-21,Saxton Oval,1,2.4,New Zealand,Pakistan,AE Satterthwaite,SFM Devine,Iram Javed,0,0,,,,,,,,,
1050615,2016/17,2016-11-21,Saxton Oval,1,2.5,New Zealand,Pakistan,AE Satterthwaite,SFM Devine,Iram Javed,4,0,,,,,,,,,
1050615,2016/17,2016-11-21,Saxton Oval,1,2.6,New Zealand,Pakistan,AE Satterthwaite,SFM Devine,Iram Javed,1,0,,,,,,,,,
1050615,2016/17,2016-11-21,Saxton Oval,1,2.7,New Zealand,Pakistan,SFM Devine,AE Satterthwaite,Iram Javed,1,0,,,,,,,,,
1050615,2016/17,2016-11-21,Saxton Oval,1,2.8,New Zealand,Pakistan,AE Satterthwaite,SFM Devine,Iram Javed,0,0,,,,,,,,,
1050615,2016/17,2016-11-21,Saxton Oval,1,3.1,New Zealand,Pakistan,SFM Devine,AE Satterthwaite,Asmavia Iqbal,4,0,,,,,,,,,
1050615,2016/17,2016-11-21,Saxton Oval,1,3.2,New Zealand,Pakistan,SFM Devine,AE Satterthwaite,Asmavia Iqbal,1,0,,,,,,,,,
1050615,2016/17,2016-11-21,Saxton Oval,1,3.3,New Zealand,Pakistan,AE Satterthwaite,SFM Devine,Asmavia Iqbal,1,0,,,,,,,,,
1050615,2016/17,2016-11-21,Saxton Oval,1,3.4,New Zealand,Pakistan,SFM Devine,AE Satterthwaite,Asmavia Iqbal,0,0,,,,,,,,,
1050615,2016/17,2016-11-21,Saxton Oval,1,3.5,New Zealand,Pakistan,SFM Devine,AE Satterthwaite,Asmavia Iqbal,0,0,,,,,,,,,
1050615,2016/17,2016-11-21,Saxton Oval,1,3.6,New Zealand,Pakistan,SFM Devine,AE Satterthwaite,Asmavia Iqbal,4,0,,,,,,,,,
1050615,2016/17,2016-11-21,Saxton Oval,1,4.1,New Zealand,Pakistan,AE Satterthwaite,SFM Devine,Sana Mir,0,0,,,,,,,,,
1050615,2016/17,2016-11-21,Saxton Oval,1,4.2,New Zealand,Pakistan,AE Satterthwaite,SFM Devine,Sana Mir,1,0,,,,,,,,,
1050615,2016/17,2016-11-21,Saxton Oval,1,4.3,New Zealand,Pakistan,SFM Devine,AE Satterthwaite,Sana Mir,0,1,1,,,,,,,,
1050615,2016/17,2016-11-21,Saxton Oval,1,4.4,New Zealand,Pakistan,SFM Devine,AE Satterthwaite,Sana Mir,1,0,,,,,,,,,
1050615,2016/17,2016-11-21,Saxton Oval,1,4.5,New Zealand,Pakistan,AE Satterthwaite,SFM Devine,Sana Mir,0,0,,,,,,caught,AE Satterthwaite,,
1050615,2016/17,2016-11-21,Saxton Oval,1,4.6,New Zealand,Pakistan,SFM Devine,KJ Martin,Sana Mir,0,0,,,,,,bowled,SFM Devine,,
1050615,2016/17,2016-11-21,Saxton Oval,1,4.7,New Zealand,Pakistan,TMM Newton,KJ Martin,Sana Mir,0,0,,,,,,,,,
1050615,2016/17,2016-11-21,Saxton Oval,1,5.1,New Zealand,Pakistan,KJ Martin,TMM Newton,Asmavia Iqbal,1,0,,,,,,,,,
1050615,2016/17,2016-11-21,Saxton Oval,1,5.2,New Zealand,Pakistan,TMM Newton,KJ Martin,Asmavia Iqbal,0,0,,,,,,,,,
1050615,2016/17,2016-11-21,Saxton Oval,1,5.3,New Zealand,Pakistan,TMM Newton,KJ Martin,Asmavia Iqbal,0,1,,,,1,,,,,
1050615,2016/17,2016-11-21,Saxton Oval,1,5.4,New Zealand,Pakistan,KJ Martin,TMM Newton,Asmavia Iqbal,4,0,,,,,,,,,
1050615,2016/17,2016-11-21,Saxton Oval,1,5.5,New Zealand,Pakistan,KJ Martin,TMM Newton,Asmavia Iqbal,0,0,,,,,,,,,
1050615,2016/17,2016-11-21,Saxton Oval,1,5.6,New Zealand,Pakistan,KJ Martin,TMM Newton,Asmavia Iqbal,1,0,,,,,,,,,
1050615,2016/17,2016-11-21,Saxton Oval,1,6.1,New Zealand,Pakistan,KJ Martin,TMM Newton,Sana Mir,1,0,,,,,,,,,
1050615,2016/17,2016-11-21,Saxton Oval,1,6.2,New Zealand,Pakistan,TMM Newton,KJ Martin,Sana Mir,0,0,,,,,,,,,
1050615,2016/17,2016-11-21,Saxton Oval,1,6.3,New Zealand,Pakistan,TMM Newton,KJ Martin,Sana Mir,1,0,,,,,,,,,
1050615,2016/17,2016-11-21,Saxton Oval,1,6.4,New Zealand,Pakistan,KJ Martin,TMM Newton,Sana Mir,0,0,,,,,,,,,
1050615,2016/17,2016-11-21,Saxton Oval,1,6.5,New Zealand,Pakistan,KJ Martin,TMM Newton,Sana Mir,0,0,,,,,,,,,
1050615,2016/17,2016-11-21,Saxton Oval,1,6.6,New Zealand,Pakistan,KJ Martin,TMM Newton,Sana Mir,0,0,,,,,,,,,
1050615,2016/17,2016-11-21,Saxton Oval,1,7.1,New Zealand,Pakistan,TMM Newton,KJ Martin,Sadia Yousuf,0,0,,,,,,,,,
1050615,2016/17,2016-11-21,Saxton Oval,1,7.2,New Zealand,Pakistan,TMM Newton,KJ Martin,Sadia Yousuf,0,0,,,,,,run out,TMM Newton,,
1050615,2016/17,2016-11-21,Saxton Oval,1,7.3,New Zealand,Pakistan,KJ Martin,EC Perry,Sadia Yousuf,0,0,,,,,,,,,
1050615,2016/17,2016-11-21,Saxton Oval,1,7.4,New Zealand,Pakistan,KJ Martin,EC Perry,Sadia Yousuf,0,0,,,,,,,,,
1050615,2016/17,2016-11-21,Saxton Oval,1,7.5,New Zealand,Pakistan,KJ Martin,EC Perry,Sadia Yousuf,0,0,,,,,,,,,
1050615,2016/17,2016-11-21,Saxton Oval,1,7.6,New Zealand,Pakistan,KJ Martin,EC Perry,Sadia Yousuf,1,0,,,,,,,,,
1050615,2016/17,2016-11-21,Saxton Oval,1,8.1,New Zealand,Pakistan,KJ Martin,EC Perry,Nida Dar,1,0,,,,,,,,,
1050615,2016/17,2016-11-21,Saxton Oval,1,8.2,New Zealand,Pakistan,EC Perry,KJ Martin,Nida Dar,0,0,,,,,,,,,
1050615,2016/17,2016-11-21,Saxton Oval,1,8.3,New Zealand,Pakistan,EC Perry,KJ Martin,Nida Dar,1,0,,,,,,,,,
1050615,2016/17,2016-11-21,Saxton Oval,1,8.4,New Zealand,Pakistan,KJ Martin,EC Perry,Nida Dar,0,0,,,,,,,,,
1050615,2016/17,2016-11-21,Saxton Oval,1,8.5,New Zealand,Pakistan,KJ Martin,EC Perry,Nida Dar,2,0,,,,,,,,,
1050615,2016/17,2016-11-21,Saxton Oval,1,8.6,New Zealand,Pakistan,KJ Martin,EC Perry,Nida Dar,1,0,,,,,,,,,
1050615,2016/17,2016-11-21,Saxton Oval,1,9.1,New Zealand,Pakistan,KJ Martin,EC Perry,Sadia Yousuf,1,0,,,,,,,,,
1050615,2016/17,2016-11-21,Saxton Oval,1,9.2,New Zealand,Pakistan,EC Perry,KJ Martin,Sadia Yousuf,2,0,,,,,,,,,
1050615,2016/17,2016-11-21,Saxton Oval,1,9.3,New Zealand,Pakistan,EC Perry,KJ Martin,Sadia Yousuf,2,0,,,,,,,,,
1050615,2016/17,2016-11-21,Saxton Oval,1,9.4,New Zealand,Pakistan,EC Perry,KJ Martin,Sadia Yousuf,1,0,,,,,,,,,
1050615,2016/17,2016-11-21,Saxton Oval,1,9.5,New Zealand,Pakistan,KJ Martin,EC Perry,Sadia Yousuf,1,0,,,,,,,,,
1050615,2016/17,2016-11-21,Saxton Oval,1,9.6,New Zealand,Pakistan,EC Perry,KJ Martin,Sadia Yousuf,1,0,,,,,,,,,
1050615,2016/17,2016-11-21,Saxton Oval,1,10.1,New Zealand,Pakistan,EC Perry,KJ Martin,Nida Dar,1,0,,,,,,,,,
1050615,2016/17,2016-11-21,Saxton Oval,1,10.2,New Zealand,Pakistan,KJ Martin,EC Perry,Nida Dar,4,0,,,,,,,,,
1050615,2016/17,2016-11-21,Saxton Oval,1,10.3,New Zealand,Pakistan,KJ Martin,EC Perry,Nida Dar,1,0,,,,,,,,,
1050615,2016/17,2016-11-21,Saxton Oval,1,10.4,New Zealand,Pakistan,EC Perry,KJ Martin,Nida Dar,2,0,,,,,,,,,
1050615,2016/17,2016-11-21,Saxton Oval,1,10.5,New Zealand,Pakistan,EC Perry,KJ Martin,Nida Dar,0,0,,,,,,,,,
1050615,2016/17,2016-11-21,Saxton Oval,1,10.6,New Zealand,Pakistan,EC Perry,KJ Martin,Nida Dar,4,0,,,,,,,,,
1050615,2016/17,2016-11-21,Saxton Oval,1,11.1,New Zealand,Pakistan,KJ Martin,EC Perry,Sadia Yousuf,0,0,,,,,,caught,KJ Martin,,
1050615,2016/17,2016-11-21,Saxton Oval,1,11.2,New Zealand,Pakistan,KT Perkins,EC Perry,Sadia Yousuf,0,0,,,,,,,,,
1050615,2016/17,2016-11-21,Saxton Oval,1,11.3,New Zealand,Pakistan,KT Perkins,EC Perry,Sadia Yousuf,0,0,,,,,,,,,
1050615,2016/17,2016-11-21,Saxton Oval,1,11.4,New Zealand,Pakistan,KT Perkins,EC Perry,Sadia Yousuf,2,0,,,,,,,,,
1050615,2016/17,2016-11-21,Saxton Oval,1,11.5,New Zealand,Pakistan,KT Perkins,EC Perry,Sadia Yousuf,0,0,,,,,,,,,
1050615,2016/17,2016-11-21,Saxton Oval,1,11.6,New Zealand,Pakistan,KT Perkins,EC Perry,Sadia Yousuf,0,0,,,,,,,,,
1050615,2016/17,2016-11-21,Saxton Oval,1,12.1,New Zealand,Pakistan,EC Perry,KT Perkins,Aliya Riaz,0,0,,,,,,,,,
1050615,2016/17,2016-11-21,Saxton Oval,1,12.2,New Zealand,Pakistan,EC Perry,KT Perkins,Aliya Riaz,1,0,,,,,,,,,
1050615,2016/17,2016-11-21,Saxton Oval,1,12.3,New Zealand,Pakistan,KT Perkins,EC Perry,Aliya Riaz,0,0,,,,,,,,,
1050615,2016/17,2016-11-21,Saxton Oval,1,12.4,New Zealand,Pakistan,KT Perkins,EC Perry,Aliya Riaz,0,0,,,,,,,,,
1050615,2016/17,2016-11-21,Saxton Oval,1,12.5,New Zealand,Pakistan,KT Perkins,EC Perry,Aliya Riaz,1,0,,,,,,,,,
1050615,2016/17,2016-11-21,Saxton Oval,1,12.6,New Zealand,Pakistan,EC Perry,KT Perkins,Aliya Riaz,0,0,,,,,,,,,
1050615,2016/17,2016-11-21,Saxton Oval,1,13.1,New Zealand,Pakistan,KT Perkins,EC Perry,Nida Dar,1,0,,,,,,,,,
1050615,2016/17,2016-11-21,Saxton Oval,1,13.2,New Zealand,Pakistan,EC Perry,KT Perkins,Nida Dar,1,0,,,,,,,,,
1050615,2016/17,2016-11-21,Saxton Oval,1,13.3,New Zealand,Pakistan,KT Perkins,EC Perry,Nida Dar,0,0,,,,,,,,,
1050615,2016/17,2016-11-21,Saxton Oval,1,13.4,New Zealand,Pakistan,KT Perkins,EC Perry,Nida Dar,0,0,,,,,,,,,
1050615,2016/17,2016-11-21,Saxton Oval,1,13.5,New Zealand,Pakistan,KT Perkins,EC Perry,Nida Dar,1,0,,,,,,,,,
1050615,2016/17,2016-11-21,Saxton Oval,1,13.6,New Zealand,Pakistan,EC Perry,KT Perkins,Nida Dar,1,0,,,,,,,,,
1050615,2016/17,2016-11-21,Saxton Oval,1,14.1,New Zealand,Pakistan,EC Perry,KT Perkins,Aliya Riaz,0,0,,,,,,,,,
1050615,2016/17,2016-11-21,Saxton Oval,1,14.2,New Zealand,Pakistan,EC Perry,KT Perkins,Aliya Riaz,1,0,,,,,,,,,
1050615,2016/17,2016-11-21,Saxton Oval,1,14.3,New Zealand,Pakistan,KT Perkins,EC Perry,Aliya Riaz,1,0,,,,,,,,,
1050615,2016/17,2016-11-21,Saxton Oval,1,14.4,New Zealand,Pakistan,EC Perry,KT Perkins,Aliya Riaz,4,0,,,,,,,,,
1050615,2016/17,2016-11-21,Saxton Oval,1,14.5,New Zealand,Pakistan,EC Perry,KT Perkins,Aliya Riaz,4,0,,,,,,,,,
1050615,2016/17,2016-11-21,Saxton Oval,1,14.6,New Zealand,Pakistan,EC Perry,KT Perkins,Aliya Riaz,0,0,,,,,,,,,
1050615,2016/17,2016-11-21,Saxton Oval,1,15.1,New Zealand,Pakistan,KT Perkins,EC Perry,Nida Dar,0,0,,,,,,,,,
1050615,2016/17,2016-11-21,Saxton Oval,1,15.2,New Zealand,Pakistan,KT Perkins,EC Perry,Nida Dar,1,0,,,,,,,,,
1050615,2016/17,2016-11-21,Saxton Oval,1,15.3,New Zealand,Pakistan,EC Perry,KT Perkins,Nida Dar,0,0,,,,,,caught,EC Perry,,
1050615,2016/17,2016-11-21,Saxton Oval,1,15.4,New Zealand,Pakistan,LMM Tahuhu,KT Perkins,Nida Dar,1,0,,,,,,,,,
1050615,2016/17,2016-11-21,Saxton Oval,1,15.5,New Zealand,Pakistan,KT Perkins,LMM Tahuhu,Nida Dar,2,0,,,,,,,,,
1050615,2016/17,2016-11-21,Saxton Oval,1,15.6,New Zealand,Pakistan,KT Perkins,LMM Tahuhu,Nida Dar,0,0,,,,,,,,,
1050615,2016/17,2016-11-21,Saxton Oval,1,16.1,New Zealand,Pakistan,LMM Tahuhu,KT Perkins,Sana Mir,0,0,,,,,,,,,
1050615,2016/17,2016-11-21,Saxton Oval,1,16.2,New Zealand,Pakistan,LMM Tahuhu,KT Perkins,Sana Mir,0,0,,,,,,,,,
1050615,2016/17,2016-11-21,Saxton Oval,1,16.3,New Zealand,Pakistan,LMM Tahuhu,KT Perkins,Sana Mir,0,0,,,,,,,,,
1050615,2016/17,2016-11-21,Saxton Oval,1,16.4,New Zealand,Pakistan,LMM Tahuhu,KT Perkins,Sana Mir,1,0,,,,,,,,,
1050615,2016/17,2016-11-21,Saxton Oval,1,16.5,New Zealand,Pakistan,KT Perkins,LMM Tahuhu,Sana Mir,1,0,,,,,,,,,
1050615,2016/17,2016-11-21,Saxton Oval,1,16.6,New Zealand,Pakistan,LMM Tahuhu,KT Perkins,Sana Mir,1,0,,,,,,,,,
1050615,2016/17,2016-11-21,Saxton Oval,1,17.1,New Zealand,Pakistan,LMM Tahuhu,KT Perkins,Sadia Yousuf,0,0,,,,,,,,,
1050615,2016/17,2016-11-21,Saxton Oval,1,17.2,New Zealand,Pakistan,LMM Tahuhu,KT Perkins,Sadia Yousuf,1,0,,,,,,,,,
1050615,2016/17,2016-11-21,Saxton Oval,1,17.3,New Zealand,Pakistan,KT Perkins,LMM Tahuhu,Sadia Yousuf,0,0,,,,,,,,,
1050615,2016/17,2016-11-21,Saxton Oval,1,17.4,New Zealand,Pakistan,KT Perkins,LMM Tahuhu,Sadia Yousuf,0,0,,,,,,,,,
1050615,2016/17,2016-11-21,Saxton Oval,1,17.5,New Zealand,Pakistan,KT Perkins,LMM Tahuhu,Sadia Yousuf,1,0,,,,,,,,,
1050615,2016/17,2016-11-21,Saxton Oval,1,17.6,New Zealand,Pakistan,LMM Tahuhu,KT Perkins,Sadia Yousuf,0,0,,,,,,,,,
1050615,2016/17,2016-11-21,Saxton Oval,1,18.1,New Zealand,Pakistan,KT Perkins,LMM Tahuhu,Sana Mir,1,0,,,,,,,,,
1050615,2016/17,2016-11-21,Saxton Oval,1,18.2,New Zealand,Pakistan,LMM Tahuhu,KT Perkins,Sana Mir,3,0,,,,,,,,,
1050615,2016/17,2016-11-21,Saxton Oval,1,18.3,New Zealand,Pakistan,KT Perkins,LMM Tahuhu,Sana Mir,4,0,,,,,,,,,
1050615,2016/17,2016-11-21,Saxton Oval,1,18.4,New Zealand,Pakistan,KT Perkins,LMM Tahuhu,Sana Mir,1,0,,,,,,,,,
1050615,2016/17,2016-11-21,Saxton Oval,1,18.5,New Zealand,Pakistan,LMM Tahuhu,KT Perkins,Sana Mir,0,0,,,,,,,,,
1050615,2016/17,2016-11-21,Saxton Oval,1,18.6,New Zealand,Pakistan,LMM Tahuhu,KT Perkins,Sana Mir,1,0,,,,,,,,,
1050615,2016/17,2016-11-21,Saxton Oval,1,19.1,New Zealand,Pakistan,LMM Tahuhu,KT Perkins,Asmavia Iqbal,2,0,,,,,,,,,
1050615,2016/17,2016-11-21,Saxton Oval,1,19.2,New Zealand,Pakistan,LMM Tahuhu,KT Perkins,Asmavia Iqbal,4,0,,,,,,,,,
1050615,2016/17,2016-11-21,Saxton Oval,1,19.3,New Zealand,Pakistan,LMM Tahuhu,KT Perkins,Asmavia Iqbal,0,1,1,,,,,,,,
1050615,2016/17,2016-11-21,Saxton Oval,1,19.4,New Zealand,Pakistan,LMM Tahuhu,KT Perkins,Asmavia Iqbal,2,0,,,,,,,,,
1050615,2016/17,2016-11-21,Saxton Oval,1,19.5,New Zealand,Pakistan,LMM Tahuhu,KT Perkins,Asmavia Iqbal,0,0,,,,,,run out,LMM Tahuhu,,
1050615,2016/17,2016-11-21,Saxton Oval,1,19.6,New Zealand,Pakistan,KT Perkins,AC Kerr,Asmavia Iqbal,0,0,,,,,,caught,KT Perkins,,
1050615,2016/17,2016-11-21,Saxton Oval,1,19.7,New Zealand,Pakistan,AC Kerr,MJG Nielsen,Asmavia Iqbal,1,0,,,,,,,,,
1050615,2016/17,2016-11-21,Saxton Oval,2,0.1,Pakistan,New Zealand,Ayesha Zafar,Javeria Khan,MJG Nielsen,0,0,,,,,,,,,
1050615,2016/17,2016-11-21,Saxton Oval,2,0.2,Pakistan,New Zealand,Ayesha Zafar,Javeria Khan,MJG Nielsen,1,0,,,,,,,,,
1050615,2016/17,2016-11-21,Saxton Oval,2,0.3,Pakistan,New Zealand,Javeria Khan,Ayesha Zafar,MJG Nielsen,0,0,,,,,,,,,
1050615,2016/17,2016-11-21,Saxton Oval,2,0.4,Pakistan,New Zealand,Javeria Khan,Ayesha Zafar,MJG Nielsen,1,0,,,,,,,,,
1050615,2016/17,2016-11-21,Saxton Oval,2,0.5,Pakistan,New Zealand,Ayesha Zafar,Javeria Khan,MJG Nielsen,0,0,,,,,,,,,
1050615,2016/17,2016-11-21,Saxton Oval,2,0.6,Pakistan,New Zealand,Ayesha Zafar,Javeria Khan,MJG Nielsen,0,0,,,,,,,,,
1050615,2016/17,2016-11-21,Saxton Oval,2,1.1,Pakistan,New Zealand,Javeria Khan,Ayesha Zafar,LMM Tahuhu,0,0,,,,,,caught,Javeria Khan,,
1050615,2016/17,2016-11-21,Saxton Oval,2,1.2,Pakistan,New Zealand,Ayesha Zafar,Bismah Maroof,LMM Tahuhu,0,0,,,,,,,,,
1050615,2016/17,2016-11-21,Saxton Oval,2,1.3,Pakistan,New Zealand,Ayesha Zafar,Bismah Maroof,LMM Tahuhu,4,0,,,,,,,,,
1050615,2016/17,2016-11-21,Saxton Oval,2,1.4,Pakistan,New Zealand,Ayesha Zafar,Bismah Maroof,LMM Tahuhu,4,0,,,,,,,,,
1050615,2016/17,2016-11-21,Saxton Oval,2,1.5,Pakistan,New Zealand,Ayesha Zafar,Bismah Maroof,LMM Tahuhu,1,0,,,,,,,,,
1050615,2016/17,2016-11-21,Saxton Oval,2,1.6,Pakistan,New Zealand,Bismah Maroof,Ayesha Zafar,LMM Tahuhu,0,0,,,,,,,,,
1050615,2016/17,2016-11-21,Saxton Oval,2,2.1,Pakistan,New Zealand,Ayesha Zafar,Bismah Maroof,MJG Nielsen,0,1,1,,,,,,,,
1050615,2016/17,2016-11-21,Saxton Oval,2,2.2,Pakistan,New Zealand,Ayesha Zafar,Bismah Maroof,MJG Nielsen,0,1,1,,,,,,,,
1050615,2016/17,2016-11-21,Saxton Oval,2,2.3,Pakistan,New Zealand,Ayesha Zafar,Bismah Maroof,MJG Nielsen,1,0,,,,,,,,,
1050615,2016/17,2016-11-21,Saxton Oval,2,2.4,Pakistan,New Zealand,Bismah Maroof,Ayesha Zafar,MJG Nielsen,0,0,,,,,,,,,
1050615,2016/17,2016-11-21,Saxton Oval,2,2.5,Pakistan,New Zealand,Bismah Maroof,Ayesha Zafar,MJG Nielsen,1,0,,,,,,,,,
1050615,2016/17,2016-11-21,Saxton Oval,2,2.6,Pakistan,New Zealand,Ayesha Zafar,Bismah Maroof,MJG Nielsen,1,0,,,,,,,,,
1050615,2016/17,2016-11-21,Saxton Oval,2,2.7,Pakistan,New Zealand,Bismah Maroof,Ayesha Zafar,MJG Nielsen,0,0,,,,,,run out,Bismah Maroof,,
1050615,2016/17,2016-11-21,Saxton Oval,2,2.8,Pakistan,New Zealand,Ayesha Zafar,Nain Abidi,MJG Nielsen,0,0,,,,,,,,,
1050615,2016/17,2016-11-21,Saxton Oval,2,3.1,Pakistan,New Zealand,Nain Abidi,Ayesha Zafar,LMM Tahuhu,0,0,,,,,,,,,
1050615,2016/17,2016-11-21,Saxton Oval,2,3.2,Pakistan,New Zealand,Nain Abidi,Ayesha Zafar,LMM Tahuhu,0,0,,,,,,bowled,Nain Abidi,,
1050615,2016/17,2016-11-21,Saxton Oval,2,3.3,Pakistan,New Zealand,Iram Javed,Ayesha Zafar,LMM Tahuhu,0,0,,,,,,,,,
1050615,2016/17,2016-11-21,Saxton Oval,2,3.4,Pakistan,New Zealand,Iram Javed,Ayesha Zafar,LMM Tahuhu,0,1,1,,,,,,,,
1050615,2016/17,2016-11-21,Saxton Oval,2,3.5,Pakistan,New Zealand,Iram Javed,Ayesha Zafar,LMM Tahuhu,0,0,,,,,,,,,
1050615,2016/17,2016-11-21,Saxton Oval,2,3.6,Pakistan,New Zealand,Iram Javed,Ayesha Zafar,LMM Tahuhu,0,0,,,,,,,,,
1050615,2016/17,2016-11-21,Saxton Oval,2,3.7,Pakistan,New Zealand,Iram Javed,Ayesha Zafar,LMM Tahuhu,0,1,1,,,,,,,,
1050615,2016/17,2016-11-21,Saxton Oval,2,3.8,Pakistan,New Zealand,Iram Javed,Ayesha Zafar,LMM Tahuhu,0,0,,,,,,,,,
1050615,2016/17,2016-11-21,Saxton Oval,2,4.1,Pakistan,New Zealand,Ayesha Zafar,Iram Javed,AE Satterthwaite,0,0,,,,,,,,,
1050615,2016/17,2016-11-21,Saxton Oval,2,4.2,Pakistan,New Zealand,Ayesha Zafar,Iram Javed,AE Satterthwaite,1,0,,,,,,,,,
1050615,2016/17,2016-11-21,Saxton Oval,2,4.3,Pakistan,New Zealand,Iram Javed,Ayesha Zafar,AE Satterthwaite,1,0,,,,,,,,,
1050615,2016/17,2016-11-21,Saxton Oval,2,4.4,Pakistan,New Zealand,Ayesha Zafar,Iram Javed,AE Satterthwaite,1,0,,,,,,,,,
1050615,2016/17,2016-11-21,Saxton Oval,2,4.5,Pakistan,New Zealand,Iram Javed,Ayesha Zafar,AE Satterthwaite,0,0,,,,,,,,,
1050615,2016/17,2016-11-21,Saxton Oval,2,4.6,Pakistan,New Zealand,Iram Javed,Ayesha Zafar,AE Satterthwaite,0,0,,,,,,,,,
1050615,2016/17,2016-11-21,Saxton Oval,2,5.1,Pakistan,New Zealand,Ayesha Zafar,Iram Javed,LMM Tahuhu,0,0,,,,,,,,,
1050615,2016/17,2016-11-21,Saxton Oval,2,5.2,Pakistan,New Zealand,Ayesha Zafar,Iram Javed,LMM Tahuhu,0,1,1,,,,,,,,
1050615,2016/17,2016-11-21,Saxton Oval,2,5.3,Pakistan,New Zealand,Ayesha Zafar,Iram Javed,LMM Tahuhu,0,0,,,,,,caught,Ayesha Zafar,,
1050615,2016/17,2016-11-21,Saxton Oval,2,5.4,Pakistan,New Zealand,Iram Javed,Nida Dar,LMM Tahuhu,1,0,,,,,,,,,
1050615,2016/17,2016-11-21,Saxton Oval,2,5.5,Pakistan,New Zealand,Nida Dar,Iram Javed,LMM Tahuhu,0,0,,,,,,,,,
1050615,2016/17,2016-11-21,Saxton Oval,2,5.6,Pakistan,New Zealand,Nida Dar,Iram Javed,LMM Tahuhu,0,0,,,,,,,,,
1050615,2016/17,2016-11-21,Saxton Oval,2,5.7,Pakistan,New Zealand,Nida Dar,Iram Javed,LMM Tahuhu,1,0,,,,,,,,,
1050615,2016/17,2016-11-21,Saxton Oval,2,6.1,Pakistan,New Zealand,Nida Dar,Iram Javed,AE Satterthwaite,0,0,,,,,,,,,
1050615,2016/17,2016-11-21,Saxton Oval,2,6.2,Pakistan,New Zealand,Nida Dar,Iram Javed,AE Satterthwaite,1,0,,,,,,,,,
1050615,2016/17,2016-11-21,Saxton Oval,2,6.3,Pakistan,New Zealand,Iram Javed,Nida Dar,AE Satterthwaite,0,0,,,,,,,,,
1050615,2016/17,2016-11-21,Saxton Oval,2,6.4,Pakistan,New Zealand,Iram Javed,Nida Dar,AE Satterthwaite,0,0,,,,,,,,,
1050615,2016/17,2016-11-21,Saxton Oval,2,6.5,Pakistan,New Zealand,Iram Javed,Nida Dar,AE Satterthwaite,1,0,,,,,,,,,
1050615,2016/17,2016-11-21,Saxton Oval,2,6.6,Pakistan,New Zealand,Nida Dar,Iram Javed,AE Satterthwaite,0,0,,,,,,,,,
1050615,2016/17,2016-11-21,Saxton Oval,2,7.1,Pakistan,New Zealand,Iram Javed,Nida Dar,LMM Tahuhu,0,0,,,,,,,,,
1050615,2016/17,2016-11-21,Saxton Oval,2,7.2,Pakistan,New Zealand,Iram Javed,Nida Dar,LMM Tahuhu,1,0,,,,,,,,,
1050615,2016/17,2016-11-21,Saxton Oval,2,7.3,Pakistan,New Zealand,Nida Dar,Iram Javed,LMM Tahuhu,0,0,,,,,,,,,
1050615,2016/17,2016-11-21,Saxton Oval,2,7.4,Pakistan,New Zealand,Nida Dar,Iram Javed,LMM Tahuhu,1,0,,,,,,,,,
1050615,2016/17,2016-11-21,Saxton Oval,2,7.5,Pakistan,New Zealand,Iram Javed,Nida Dar,LMM Tahuhu,0,0,,,,,,,,,
1050615,2016/17,2016-11-21,Saxton Oval,2,7.6,Pakistan,New Zealand,Iram Javed,Nida Dar,LMM Tahuhu,1,0,,,,,,,,,
1050615,2016/17,2016-11-21,Saxton Oval,2,8.1,Pakistan,New Zealand,Iram Javed,Nida Dar,TMM Newton,0,0,,,,,,,,,
1050615,2016/17,2016-11-21,Saxton Oval,2,8.2,Pakistan,New Zealand,Iram Javed,Nida Dar,TMM Newton,1,0,,,,,,,,,
1050615,2016/17,2016-11-21,Saxton Oval,2,8.3,Pakistan,New Zealand,Nida Dar,Iram Javed,TMM Newton,0,0,,,,,,,,,
1050615,2016/17,2016-11-21,Saxton Oval,2,8.4,Pakistan,New Zealand,Nida Dar,Iram Javed,TMM Newton,4,0,,,,,,,,,
1050615,2016/17,2016-11-21,Saxton Oval,2,8.5,Pakistan,New Zealand,Nida Dar,Iram Javed,TMM Newton,0,0,,,,,,,,,
1050615,2016/17,2016-11-21,Saxton Oval,2,8.6,Pakistan,New Zealand,Nida Dar,Iram Javed,TMM Newton,0,0,,,,,,lbw,Nida Dar,,
1050615,2016/17,2016-11-21,Saxton Oval,2,9.1,Pakistan,New Zealand,Iram Javed,Asmavia Iqbal,SFM Devine,0,0,,,,,,,,,
1050615,2016/17,2016-11-21,Saxton Oval,2,9.2,Pakistan,New Zealand,Iram Javed,Asmavia Iqbal,SFM Devine,4,0,,,,,,,,,
1050615,2016/17,2016-11-21,Saxton Oval,2,9.3,Pakistan,New Zealand,Iram Javed,Asmavia Iqbal,SFM Devine,0,0,,,,,,,,,
1050615,2016/17,2016-11-21,Saxton Oval,2,9.4,Pakistan,New Zealand,Iram Javed,Asmavia Iqbal,SFM Devine,4,0,,,,,,,,,
1050615,2016/17,2016-11-21,Saxton Oval,2,9.5,Pakistan,New Zealand,Iram Javed,Asmavia Iqbal,SFM Devine,1,0,,,,,,,,,
1050615,2016/17,2016-11-21,Saxton Oval,2,9.6,Pakistan,New Zealand,Asmavia Iqbal,Iram Javed,SFM Devine,0,0,,,,,,,,,
1050615,2016/17,2016-11-21,Saxton Oval,2,10.1,Pakistan,New Zealand,Iram Javed,Asmavia Iqbal,TMM Newton,1,0,,,,,,,,,
1050615,2016/17,2016-11-21,Saxton Oval,2,10.2,Pakistan,New Zealand,Asmavia Iqbal,Iram Javed,TMM Newton,1,0,,,,,,,,,
1050615,2016/17,2016-11-21,Saxton Oval,2,10.3,Pakistan,New Zealand,Iram Javed,Asmavia Iqbal,TMM Newton,0,5,5,,,,,,,,
1050615,2016/17,2016-11-21,Saxton Oval,2,10.4,Pakistan,New Zealand,Iram Javed,Asmavia Iqbal,TMM Newton,0,1,1,,,,,,,,
1050615,2016/17,2016-11-21,Saxton Oval,2,10.5,Pakistan,New Zealand,Iram Javed,Asmavia Iqbal,TMM Newton,0,0,,,,,,caught,Iram Javed,,
1050615,2016/17,2016-11-21,Saxton Oval,2,10.6,Pakistan,New Zealand,Sidra Nawaz,Asmavia Iqbal,TMM Newton,0,0,,,,,,,,,
1050615,2016/17,2016-11-21,Saxton Oval,2,10.7,Pakistan,New Zealand,Sidra Nawaz,Asmavia Iqbal,TMM Newton,1,0,,,,,,,,,
1050615,2016/17,2016-11-21,Saxton Oval,2,10.8,Pakistan,New Zealand,Asmavia Iqbal,Sidra Nawaz,TMM Newton,0,0,,,,,,,,,
1050615,2016/17,2016-11-21,Saxton Oval,2,11.1,Pakistan,New Zealand,Sidra Nawaz,Asmavia Iqbal,AC Kerr,0,0,,,,,,,,,
1050615,2016/17,2016-11-21,Saxton Oval,2,11.2,Pakistan,New Zealand,Sidra Nawaz,Asmavia Iqbal,AC Kerr,1,0,,,,,,,,,
1050615,2016/17,2016-11-21,Saxton Oval,2,11.3,Pakistan,New Zealand,Asmavia Iqbal,Sidra Nawaz,AC Kerr,1,0,,,,,,,,,
1050615,2016/17,2016-11-21,Saxton Oval,2,11.4,Pakistan,New Zealand,Sidra Nawaz,Asmavia Iqbal,AC Kerr,0,0,,,,,,caught,Sidra Nawaz,,
1050615,2016/17,2016-11-21,Saxton Oval,2,11.5,Pakistan,New Zealand,Asmavia Iqbal,Sana Mir,AC Kerr,0,0,,,,,,,,,
1050615,2016/17,2016-11-21,Saxton Oval,2,11.6,Pakistan,New Zealand,Asmavia Iqbal,Sana Mir,AC Kerr,1,0,,,,,,,,,
1050615,2016/17,2016-11-21,Saxton Oval,2,12.1,Pakistan,New Zealand,Asmavia Iqbal,Sana Mir,SW Bates,0,0,,,,,,,,,
1050615,2016/17,2016-11-21,Saxton Oval,2,12.2,Pakistan,New Zealand,Asmavia Iqbal,Sana Mir,SW Bates,1,0,,,,,,,,,
1050615,2016/17,2016-11-21,Saxton Oval,2,12.3,Pakistan,New Zealand,Sana Mir,Asmavia Iqbal,SW Bates,0,0,,,,,,,,,
1050615,2016/17,2016-11-21,Saxton Oval,2,12.4,Pakistan,New Zealand,Sana Mir,Asmavia Iqbal,SW Bates,2,0,,,,,,,,,
1050615,2016/17,2016-11-21,Saxton Oval,2,12.5,Pakistan,New Zealand,Sana Mir,Asmavia Iqbal,SW Bates,1,0,,,,,,,,,
1050615,2016/17,2016-11-21,Saxton Oval,2,12.6,Pakistan,New Zealand,Asmavia Iqbal,Sana Mir,SW Bates,0,0,,,,,,,,,
1050615,2016/17,2016-11-21,Saxton Oval,2,13.1,Pakistan,New Zealand,Sana Mir,Asmavia Iqbal,AC Kerr,1,0,,,,,,,,,
1050615,2016/17,2016-11-21,Saxton Oval,2,13.2,Pakistan,New Zealand,Asmavia Iqbal,Sana Mir,AC Kerr,0,0,,,,,,lbw,Asmavia Iqbal,,
1050615,2016/17,2016-11-21,Saxton Oval,2,13.3,Pakistan,New Zealand,Aliya Riaz,Sana Mir,AC Kerr,0,0,,,,,,,,,
1050615,2016/17,2016-11-21,Saxton Oval,2,13.4,Pakistan,New Zealand,Aliya Riaz,Sana Mir,AC Kerr,0,0,,,,,,,,,
1050615,2016/17,2016-11-21,Saxton Oval,2,13.5,Pakistan,New Zealand,Aliya Riaz,Sana Mir,AC Kerr,4,0,,,,,,,,,
1050615,2016/17,2016-11-21,Saxton Oval,2,13.6,Pakistan,New Zealand,Aliya Riaz,Sana Mir,AC Kerr,0,0,,,,,,,,,
1050615,2016/17,2016-11-21,Saxton Oval,2,14.1,Pakistan,New Zealand,Sana Mir,Aliya Riaz,SW Bates,1,0,,,,,,,,,
1050615,2016/17,2016-11-21,Saxton Oval,2,14.2,Pakistan,New Zealand,Aliya Riaz,Sana Mir,SW Bates,1,0,,,,,,,,,
1050615,2016/17,2016-11-21,Saxton Oval,2,14.3,Pakistan,New Zealand,Sana Mir,Aliya Riaz,SW Bates,1,0,,,,,,,,,
1050615,2016/17,2016-11-21,Saxton Oval,2,14.4,Pakistan,New Zealand,Aliya Riaz,Sana Mir,SW Bates,2,0,,,,,,,,,
1050615,2016/17,2016-11-21,Saxton Oval,2,14.5,Pakistan,New Zealand,Aliya Riaz,Sana Mir,SW Bates,1,0,,,,,,,,,
1050615,2016/17,2016-11-21,Saxton Oval,2,14.6,Pakistan,New Zealand,Sana Mir,Aliya Riaz,SW Bates,1,0,,,,,,,,,
1050615,2016/17,2016-11-21,Saxton Oval,2,15.1,Pakistan,New Zealand,Sana Mir,Aliya Riaz,AC Kerr,0,0,,,,,,,,,
1050615,2016/17,2016-11-21,Saxton Oval,2,15.2,Pakistan,New Zealand,Sana Mir,Aliya Riaz,AC Kerr,0,0,,,,,,,,,
1050615,2016/17,2016-11-21,Saxton Oval,2,15.3,Pakistan,New Zealand,Sana Mir,Aliya Riaz,AC Kerr,1,0,,,,,,,,,
1050615,2016/17,2016-11-21,Saxton Oval,2,15.4,Pakistan,New Zealand,Aliya Riaz,Sana Mir,AC Kerr,1,0,,,,,,,,,
1050615,2016/17,2016-11-21,Saxton Oval,2,15.5,Pakistan,New Zealand,Sana Mir,Aliya Riaz,AC Kerr,1,0,,,,,,,,,
1050615,2016/17,2016-11-21,Saxton Oval,2,15.6,Pakistan,New Zealand,Aliya Riaz,Sana Mir,AC Kerr,0,0,,,,,,,,,
1050615,2016/17,2016-11-21,Saxton Oval,2,16.1,Pakistan,New Zealand,Sana Mir,Aliya Riaz,AE Satterthwaite,1,0,,,,,,,,,
1050615,2016/17,2016-11-21,Saxton Oval,2,16.2,Pakistan,New Zealand,Aliya Riaz,Sana Mir,AE Satterthwaite,4,0,,,,,,,,,
1050615,2016/17,2016-11-21,Saxton Oval,2,16.3,Pakistan,New Zealand,Aliya Riaz,Sana Mir,AE Satterthwaite,1,0,,,,,,,,,
1050615,2016/17,2016-11-21,Saxton Oval,2,16.4,Pakistan,New Zealand,Sana Mir,Aliya Riaz,AE Satterthwaite,4,0,,,,,,,,,
1050615,2016/17,2016-11-21,Saxton Oval,2,16.5,Pakistan,New Zealand,Sana Mir,Aliya Riaz,AE Satterthwaite,1,0,,,,,,,,,
1050615,2016/17,2016-11-21,Saxton Oval,2,16.6,Pakistan,New Zealand,Aliya Riaz,Sana Mir,AE Satterthwaite,0,0,,,,,,,,,
1050615,2016/17,2016-11-21,Saxton Oval,2,17.1,Pakistan,New Zealand,Sana Mir,Aliya Riaz,AC Kerr,0,1,,1,,,,,,,
1050615,2016/17,2016-11-21,Saxton Oval,2,17.2,Pakistan,New Zealand,Sana Mir,Aliya Riaz,AC Kerr,1,0,,,,,,,,,
1050615,2016/17,2016-11-21,Saxton Oval,2,17.3,Pakistan,New Zealand,Aliya Riaz,Sana Mir,AC Kerr,0,0,,,,,,,,,
1050615,2016/17,2016-11-21,Saxton Oval,2,17.4,Pakistan,New Zealand,Aliya Riaz,Sana Mir,AC Kerr,1,0,,,,,,,,,
1050615,2016/17,2016-11-21,Saxton Oval,2,17.5,Pakistan,New Zealand,Sana Mir,Aliya Riaz,AC Kerr,1,0,,,,,,,,,
1050615,2016/17,2016-11-21,Saxton Oval,2,17.6,Pakistan,New Zealand,Aliya Riaz,Sana Mir,AC Kerr,1,0,,,,,,,,,
1050615,2016/17,2016-11-21,Saxton Oval,2,17.7,Pakistan,New Zealand,Sana Mir,Aliya Riaz,AC Kerr,0,0,,,,,,bowled,Sana Mir,,
1050615,2016/17,2016-11-21,Saxton Oval,2,18.1,Pakistan,New Zealand,Aliya Riaz,Sadia Yousuf,SW Bates,0,0,,,,,,,,,
1050615,2016/17,2016-11-21,Saxton Oval,2,18.2,Pakistan,New Zealand,Aliya Riaz,Sadia Yousuf,SW Bates,1,0,,,,,,,,,
1050615,2016/17,2016-11-21,Saxton Oval,2,18.3,Pakistan,New Zealand,Sadia Yousuf,Aliya Riaz,SW Bates,1,0,,,,,,,,,
1050615,2016/17,2016-11-21,Saxton Oval,2,18.4,Pakistan,New Zealand,Aliya Riaz,Sadia Yousuf,SW Bates,1,0,,,,,,,,,
1050615,2016/17,2016-11-21,Saxton Oval,2,18.5,Pakistan,New Zealand,Sadia Yousuf,Aliya Riaz,SW Bates,0,0,,,,,,,,,
1050615,2016/17,2016-11-21,Saxton Oval,2,18.6,Pakistan,New Zealand,Sadia Yousuf,Aliya Riaz,SW Bates,0,0,,,,,,,,,
1050615,2016/17,2016-11-21,Saxton Oval,2,19.1,Pakistan,New Zealand,Aliya Riaz,Sadia Yousuf,TMM Newton,1,0,,,,,,,,,
1050615,2016/17,2016-11-21,Saxton Oval,2,19.2,Pakistan,New Zealand,Sadia Yousuf,Aliya Riaz,TMM Newton,1,0,,,,,,,,,
1050615,2016/17,2016-11-21,Saxton Oval,2,19.3,Pakistan,New Zealand,Aliya Riaz,Sadia Yousuf,TMM Newton,4,0,,,,,,,,,
1050615,2016/17,2016-11-21,Saxton Oval,2,19.4,Pakistan,New Zealand,Aliya Riaz,Sadia Yousuf,TMM Newton,4,0,,,,,,,,,
1050615,2016/17,2016-11-21,Saxton Oval,2,19.5,Pakistan,New Zealand,Aliya Riaz,Sadia Yousuf,TMM Newton,1,0,,,,,,,,,
1050615,2016/17,2016-11-21,Saxton Oval,2,19.6,Pakistan,New Zealand,Sadia Yousuf,Aliya Riaz,TMM Newton,0,0,,,,,,run out,Sadia Yousuf,,
