match_id,season,start_date,venue,innings,ball,batting_team,bowling_team,striker,non_striker,bowler,runs_off_bat,extras,wides,noballs,byes,legbyes,penalty,wicket_type,player_dismissed,other_wicket_type,other_player_dismissed
1074957,2016/17,2017-01-14,Sheikh Zayed Stadium,1,0.1,Scotland,Hong Kong,HG Munsey,KJ Coetzer,Nadeem Ahmed,0,0,,,,,,,,,
1074957,2016/17,2017-01-14,Sheikh Zayed Stadium,1,0.2,Scotland,Hong Kong,HG Munsey,KJ Coetzer,Nadeem Ahmed,0,0,,,,,,,,,
1074957,2016/17,2017-01-14,Sheikh Zayed Stadium,1,0.3,Scotland,Hong Kong,HG Munsey,KJ Coetzer,Nadeem Ahmed,1,0,,,,,,,,,
1074957,2016/17,2017-01-14,Sheikh Zayed Stadium,1,0.4,Scotland,Hong Kong,KJ Coetzer,HG Munsey,Nadeem Ahmed,3,0,,,,,,,,,
1074957,2016/17,2017-01-14,Sheikh Zayed Stadium,1,0.5,Scotland,Hong Kong,HG Munsey,KJ Coetzer,Nadeem Ahmed,2,0,,,,,,,,,
1074957,2016/17,2017-01-14,Sheikh Zayed Stadium,1,0.6,Scotland,Hong Kong,HG Munsey,KJ Coetzer,Nadeem Ahmed,1,0,,,,,,,,,
1074957,2016/17,2017-01-14,Sheikh Zayed Stadium,1,1.1,Scotland,Hong Kong,HG Munsey,KJ Coetzer,Ehsan Nawaz,4,0,,,,,,,,,
1074957,2016/17,2017-01-14,Sheikh Zayed Stadium,1,1.2,Scotland,Hong Kong,HG Munsey,KJ Coetzer,Ehsan Nawaz,1,0,,,,,,,,,
1074957,2016/17,2017-01-14,Sheikh Zayed Stadium,1,1.3,Scotland,Hong Kong,KJ Coetzer,HG Munsey,Ehsan Nawaz,0,0,,,,,,,,,
1074957,2016/17,2017-01-14,Sheikh Zayed Stadium,1,1.4,Scotland,Hong Kong,KJ Coetzer,HG Munsey,Ehsan Nawaz,1,0,,,,,,,,,
1074957,2016/17,2017-01-14,Sheikh Zayed Stadium,1,1.5,Scotland,Hong Kong,HG Munsey,KJ Coetzer,Ehsan Nawaz,0,0,,,,,,,,,
1074957,2016/17,2017-01-14,Sheikh Zayed Stadium,1,1.6,Scotland,Hong Kong,HG Munsey,KJ Coetzer,Ehsan Nawaz,0,0,,,,,,,,,
1074957,2016/17,2017-01-14,Sheikh Zayed Stadium,1,2.1,Scotland,Hong Kong,KJ Coetzer,HG Munsey,Tanveer Ahmed,4,0,,,,,,,,,
1074957,2016/17,2017-01-14,Sheikh Zayed Stadium,1,2.2,Scotland,Hong Kong,KJ Coetzer,HG Munsey,Tanveer Ahmed,0,0,,,,,,,,,
1074957,2016/17,2017-01-14,Sheikh Zayed Stadium,1,2.3,Scotland,Hong Kong,KJ Coetzer,HG Munsey,Tanveer Ahmed,2,0,,,,,,,,,
1074957,2016/17,2017-01-14,Sheikh Zayed Stadium,1,2.4,Scotland,Hong Kong,KJ Coetzer,HG Munsey,Tanveer Ahmed,2,0,,,,,,,,,
1074957,2016/17,2017-01-14,Sheikh Zayed Stadium,1,2.5,Scotland,Hong Kong,KJ Coetzer,HG Munsey,Tanveer Ahmed,0,0,,,,,,,,,
1074957,2016/17,2017-01-14,Sheikh Zayed Stadium,1,2.6,Scotland,Hong Kong,KJ Coetzer,HG Munsey,Tanveer Ahmed,0,0,,,,,,,,,
1074957,2016/17,2017-01-14,Sheikh Zayed Stadium,1,3.1,Scotland,Hong Kong,HG Munsey,KJ Coetzer,Ehsan Khan,0,0,,,,,,,,,
1074957,2016/17,2017-01-14,Sheikh Zayed Stadium,1,3.2,Scotland,Hong Kong,HG Munsey,KJ Coetzer,Ehsan Khan,0,0,,,,,,,,,
1074957,2016/17,2017-01-14,Sheikh Zayed Stadium,1,3.3,Scotland,Hong Kong,HG Munsey,KJ Coetzer,Ehsan Khan,0,1,,,1,,,,,,
1074957,2016/17,2017-01-14,Sheikh Zayed Stadium,1,3.4,Scotland,Hong Kong,KJ Coetzer,HG Munsey,Ehsan Khan,1,0,,,,,,,,,
1074957,2016/17,2017-01-14,Sheikh Zayed Stadium,1,3.5,Scotland,Hong Kong,HG Munsey,KJ Coetzer,Ehsan Khan,2,0,,,,,,,,,
1074957,2016/17,2017-01-14,Sheikh Zayed Stadium,1,3.6,Scotland,Hong Kong,HG Munsey,KJ Coetzer,Ehsan Khan,0,3,,,,3,,,,,
1074957,2016/17,2017-01-14,Sheikh Zayed Stadium,1,4.1,Scotland,Hong Kong,HG Munsey,KJ Coetzer,Nadeem Ahmed,0,0,,,,,,,,,
1074957,2016/17,2017-01-14,Sheikh Zayed Stadium,1,4.2,Scotland,Hong Kong,HG Munsey,KJ Coetzer,Nadeem Ahmed,0,0,,,,,,,,,
1074957,2016/17,2017-01-14,Sheikh Zayed Stadium,1,4.3,Scotland,Hong Kong,HG Munsey,KJ Coetzer,Nadeem Ahmed,0,0,,,,,,,,,
1074957,2016/17,2017-01-14,Sheikh Zayed Stadium,1,4.4,Scotland,Hong Kong,HG Munsey,KJ Coetzer,Nadeem Ahmed,4,0,,,,,,,,,
1074957,2016/17,2017-01-14,Sheikh Zayed Stadium,1,4.5,Scotland,Hong Kong,HG Munsey,KJ Coetzer,Nadeem Ahmed,0,0,,,,,,,,,
1074957,2016/17,2017-01-14,Sheikh Zayed Stadium,1,4.6,Scotland,Hong Kong,HG Munsey,KJ Coetzer,Nadeem Ahmed,2,0,,,,,,,,,
1074957,2016/17,2017-01-14,Sheikh Zayed Stadium,1,5.1,Scotland,Hong Kong,KJ Coetzer,HG Munsey,Ehsan Nawaz,4,0,,,,,,,,,
1074957,2016/17,2017-01-14,Sheikh Zayed Stadium,1,5.2,Scotland,Hong Kong,KJ Coetzer,HG Munsey,Ehsan Nawaz,1,0,,,,,,,,,
1074957,2016/17,2017-01-14,Sheikh Zayed Stadium,1,5.3,Scotland,Hong Kong,HG Munsey,KJ Coetzer,Ehsan Nawaz,0,0,,,,,,,,,
1074957,2016/17,2017-01-14,Sheikh Zayed Stadium,1,5.4,Scotland,Hong Kong,HG Munsey,KJ Coetzer,Ehsan Nawaz,4,0,,,,,,,,,
1074957,2016/17,2017-01-14,Sheikh Zayed Stadium,1,5.5,Scotland,Hong Kong,HG Munsey,KJ Coetzer,Ehsan Nawaz,0,4,,,4,,,,,,
1074957,2016/17,2017-01-14,Sheikh Zayed Stadium,1,5.6,Scotland,Hong Kong,HG Munsey,KJ Coetzer,Ehsan Nawaz,0,0,,,,,,,,,
1074957,2016/17,2017-01-14,Sheikh Zayed Stadium,1,6.1,Scotland,Hong Kong,KJ Coetzer,HG Munsey,Anshuman Rath,1,0,,,,,,,,,
1074957,2016/17,2017-01-14,Sheikh Zayed Stadium,1,6.2,Scotland,Hong Kong,HG Munsey,KJ Coetzer,Anshuman Rath,1,0,,,,,,,,,
1074957,2016/17,2017-01-14,Sheikh Zayed Stadium,1,6.3,Scotland,Hong Kong,KJ Coetzer,HG Munsey,Anshuman Rath,2,0,,,,,,,,,
1074957,2016/17,2017-01-14,Sheikh Zayed Stadium,1,6.4,Scotland,Hong Kong,KJ Coetzer,HG Munsey,Anshuman Rath,2,0,,,,,,,,,
1074957,2016/17,2017-01-14,Sheikh Zayed Stadium,1,6.5,Scotland,Hong Kong,KJ Coetzer,HG Munsey,Anshuman Rath,6,0,,,,,,,,,
1074957,2016/17,2017-01-14,Sheikh Zayed Stadium,1,6.6,Scotland,Hong Kong,KJ Coetzer,HG Munsey,Anshuman Rath,1,0,,,,,,,,,
1074957,2016/17,2017-01-14,Sheikh Zayed Stadium,1,7.1,Scotland,Hong Kong,KJ Coetzer,HG Munsey,Ehsan Khan,1,0,,,,,,,,,
1074957,2016/17,2017-01-14,Sheikh Zayed Stadium,1,7.2,Scotland,Hong Kong,HG Munsey,KJ Coetzer,Ehsan Khan,0,0,,,,,,lbw,HG Munsey,,
1074957,2016/17,2017-01-14,Sheikh Zayed Stadium,1,7.3,Scotland,Hong Kong,CS MacLeod,KJ Coetzer,Ehsan Khan,1,0,,,,,,,,,
1074957,2016/17,2017-01-14,Sheikh Zayed Stadium,1,7.4,Scotland,Hong Kong,KJ Coetzer,CS MacLeod,Ehsan Khan,0,0,,,,,,,,,
1074957,2016/17,2017-01-14,Sheikh Zayed Stadium,1,7.5,Scotland,Hong Kong,KJ Coetzer,CS MacLeod,Ehsan Khan,0,0,,,,,,caught,KJ Coetzer,,
1074957,2016/17,2017-01-14,Sheikh Zayed Stadium,1,7.6,Scotland,Hong Kong,RD Berrington,CS MacLeod,Ehsan Khan,0,0,,,,,,,,,
1074957,2016/17,2017-01-14,Sheikh Zayed Stadium,1,8.1,Scotland,Hong Kong,CS MacLeod,RD Berrington,Aizaz Khan,1,0,,,,,,,,,
1074957,2016/17,2017-01-14,Sheikh Zayed Stadium,1,8.2,Scotland,Hong Kong,RD Berrington,CS MacLeod,Aizaz Khan,0,0,,,,,,,,,
1074957,2016/17,2017-01-14,Sheikh Zayed Stadium,1,8.3,Scotland,Hong Kong,RD Berrington,CS MacLeod,Aizaz Khan,2,0,,,,,,,,,
1074957,2016/17,2017-01-14,Sheikh Zayed Stadium,1,8.4,Scotland,Hong Kong,RD Berrington,CS MacLeod,Aizaz Khan,0,0,,,,,,,,,
1074957,2016/17,2017-01-14,Sheikh Zayed Stadium,1,8.5,Scotland,Hong Kong,RD Berrington,CS MacLeod,Aizaz Khan,1,0,,,,,,,,,
1074957,2016/17,2017-01-14,Sheikh Zayed Stadium,1,8.6,Scotland,Hong Kong,CS MacLeod,RD Berrington,Aizaz Khan,0,0,,,,,,,,,
1074957,2016/17,2017-01-14,Sheikh Zayed Stadium,1,9.1,Scotland,Hong Kong,RD Berrington,CS MacLeod,Ehsan Khan,1,0,,,,,,,,,
1074957,2016/17,2017-01-14,Sheikh Zayed Stadium,1,9.2,Scotland,Hong Kong,CS MacLeod,RD Berrington,Ehsan Khan,4,0,,,,,,,,,
1074957,2016/17,2017-01-14,Sheikh Zayed Stadium,1,9.3,Scotland,Hong Kong,CS MacLeod,RD Berrington,Ehsan Khan,1,0,,,,,,,,,
1074957,2016/17,2017-01-14,Sheikh Zayed Stadium,1,9.4,Scotland,Hong Kong,RD Berrington,CS MacLeod,Ehsan Khan,1,0,,,,,,,,,
1074957,2016/17,2017-01-14,Sheikh Zayed Stadium,1,9.5,Scotland,Hong Kong,CS MacLeod,RD Berrington,Ehsan Khan,1,0,,,,,,,,,
1074957,2016/17,2017-01-14,Sheikh Zayed Stadium,1,9.6,Scotland,Hong Kong,RD Berrington,CS MacLeod,Ehsan Khan,1,0,,,,,,,,,
1074957,2016/17,2017-01-14,Sheikh Zayed Stadium,1,10.1,Scotland,Hong Kong,RD Berrington,CS MacLeod,Aizaz Khan,2,0,,,,,,,,,
1074957,2016/17,2017-01-14,Sheikh Zayed Stadium,1,10.2,Scotland,Hong Kong,RD Berrington,CS MacLeod,Aizaz Khan,1,0,,,,,,,,,
1074957,2016/17,2017-01-14,Sheikh Zayed Stadium,1,10.3,Scotland,Hong Kong,CS MacLeod,RD Berrington,Aizaz Khan,0,0,,,,,,,,,
1074957,2016/17,2017-01-14,Sheikh Zayed Stadium,1,10.4,Scotland,Hong Kong,CS MacLeod,RD Berrington,Aizaz Khan,0,1,1,,,,,,,,
1074957,2016/17,2017-01-14,Sheikh Zayed Stadium,1,10.5,Scotland,Hong Kong,CS MacLeod,RD Berrington,Aizaz Khan,4,0,,,,,,,,,
1074957,2016/17,2017-01-14,Sheikh Zayed Stadium,1,10.6,Scotland,Hong Kong,CS MacLeod,RD Berrington,Aizaz Khan,2,0,,,,,,,,,
1074957,2016/17,2017-01-14,Sheikh Zayed Stadium,1,10.7,Scotland,Hong Kong,CS MacLeod,RD Berrington,Aizaz Khan,0,1,1,,,,,,,,
1074957,2016/17,2017-01-14,Sheikh Zayed Stadium,1,10.8,Scotland,Hong Kong,CS MacLeod,RD Berrington,Aizaz Khan,1,0,,,,,,,,,
1074957,2016/17,2017-01-14,Sheikh Zayed Stadium,1,11.1,Scotland,Hong Kong,CS MacLeod,RD Berrington,Ehsan Khan,1,0,,,,,,,,,
1074957,2016/17,2017-01-14,Sheikh Zayed Stadium,1,11.2,Scotland,Hong Kong,RD Berrington,CS MacLeod,Ehsan Khan,0,1,1,,,,,,,,
1074957,2016/17,2017-01-14,Sheikh Zayed Stadium,1,11.3,Scotland,Hong Kong,RD Berrington,CS MacLeod,Ehsan Khan,4,0,,,,,,,,,
1074957,2016/17,2017-01-14,Sheikh Zayed Stadium,1,11.4,Scotland,Hong Kong,RD Berrington,CS MacLeod,Ehsan Khan,2,0,,,,,,,,,
1074957,2016/17,2017-01-14,Sheikh Zayed Stadium,1,11.5,Scotland,Hong Kong,RD Berrington,CS MacLeod,Ehsan Khan,0,0,,,,,,,,,
1074957,2016/17,2017-01-14,Sheikh Zayed Stadium,1,11.6,Scotland,Hong Kong,RD Berrington,CS MacLeod,Ehsan Khan,2,0,,,,,,,,,
1074957,2016/17,2017-01-14,Sheikh Zayed Stadium,1,11.7,Scotland,Hong Kong,RD Berrington,CS MacLeod,Ehsan Khan,2,0,,,,,,,,,
1074957,2016/17,2017-01-14,Sheikh Zayed Stadium,1,12.1,Scotland,Hong Kong,CS MacLeod,RD Berrington,Nadeem Ahmed,1,0,,,,,,,,,
1074957,2016/17,2017-01-14,Sheikh Zayed Stadium,1,12.2,Scotland,Hong Kong,RD Berrington,CS MacLeod,Nadeem Ahmed,1,0,,,,,,,,,
1074957,2016/17,2017-01-14,Sheikh Zayed Stadium,1,12.3,Scotland,Hong Kong,CS MacLeod,RD Berrington,Nadeem Ahmed,6,0,,,,,,,,,
1074957,2016/17,2017-01-14,Sheikh Zayed Stadium,1,12.4,Scotland,Hong Kong,CS MacLeod,RD Berrington,Nadeem Ahmed,2,0,,,,,,,,,
1074957,2016/17,2017-01-14,Sheikh Zayed Stadium,1,12.5,Scotland,Hong Kong,CS MacLeod,RD Berrington,Nadeem Ahmed,1,0,,,,,,,,,
1074957,2016/17,2017-01-14,Sheikh Zayed Stadium,1,12.6,Scotland,Hong Kong,RD Berrington,CS MacLeod,Nadeem Ahmed,1,0,,,,,,,,,
1074957,2016/17,2017-01-14,Sheikh Zayed Stadium,1,13.1,Scotland,Hong Kong,RD Berrington,CS MacLeod,Waqas Barkat,1,0,,,,,,,,,
1074957,2016/17,2017-01-14,Sheikh Zayed Stadium,1,13.2,Scotland,Hong Kong,CS MacLeod,RD Berrington,Waqas Barkat,2,0,,,,,,,,,
1074957,2016/17,2017-01-14,Sheikh Zayed Stadium,1,13.3,Scotland,Hong Kong,CS MacLeod,RD Berrington,Waqas Barkat,1,0,,,,,,,,,
1074957,2016/17,2017-01-14,Sheikh Zayed Stadium,1,13.4,Scotland,Hong Kong,RD Berrington,CS MacLeod,Waqas Barkat,0,0,,,,,,,,,
1074957,2016/17,2017-01-14,Sheikh Zayed Stadium,1,13.5,Scotland,Hong Kong,RD Berrington,CS MacLeod,Waqas Barkat,4,0,,,,,,,,,
1074957,2016/17,2017-01-14,Sheikh Zayed Stadium,1,13.6,Scotland,Hong Kong,RD Berrington,CS MacLeod,Waqas Barkat,2,0,,,,,,,,,
1074957,2016/17,2017-01-14,Sheikh Zayed Stadium,1,14.1,Scotland,Hong Kong,CS MacLeod,RD Berrington,Tanveer Ahmed,1,0,,,,,,,,,
1074957,2016/17,2017-01-14,Sheikh Zayed Stadium,1,14.2,Scotland,Hong Kong,RD Berrington,CS MacLeod,Tanveer Ahmed,1,0,,,,,,,,,
1074957,2016/17,2017-01-14,Sheikh Zayed Stadium,1,14.3,Scotland,Hong Kong,CS MacLeod,RD Berrington,Tanveer Ahmed,0,1,1,,,,,,,,
1074957,2016/17,2017-01-14,Sheikh Zayed Stadium,1,14.4,Scotland,Hong Kong,CS MacLeod,RD Berrington,Tanveer Ahmed,6,0,,,,,,,,,
1074957,2016/17,2017-01-14,Sheikh Zayed Stadium,1,14.5,Scotland,Hong Kong,CS MacLeod,RD Berrington,Tanveer Ahmed,1,0,,,,,,,,,
1074957,2016/17,2017-01-14,Sheikh Zayed Stadium,1,14.6,Scotland,Hong Kong,RD Berrington,CS MacLeod,Tanveer Ahmed,1,0,,,,,,,,,
1074957,2016/17,2017-01-14,Sheikh Zayed Stadium,1,14.7,Scotland,Hong Kong,CS MacLeod,RD Berrington,Tanveer Ahmed,1,0,,,,,,,,,
1074957,2016/17,2017-01-14,Sheikh Zayed Stadium,1,15.1,Scotland,Hong Kong,CS MacLeod,RD Berrington,Nadeem Ahmed,2,0,,,,,,,,,
1074957,2016/17,2017-01-14,Sheikh Zayed Stadium,1,15.2,Scotland,Hong Kong,CS MacLeod,RD Berrington,Nadeem Ahmed,1,0,,,,,,,,,
1074957,2016/17,2017-01-14,Sheikh Zayed Stadium,1,15.3,Scotland,Hong Kong,RD Berrington,CS MacLeod,Nadeem Ahmed,0,0,,,,,,,,,
1074957,2016/17,2017-01-14,Sheikh Zayed Stadium,1,15.4,Scotland,Hong Kong,RD Berrington,CS MacLeod,Nadeem Ahmed,1,0,,,,,,,,,
1074957,2016/17,2017-01-14,Sheikh Zayed Stadium,1,15.5,Scotland,Hong Kong,CS MacLeod,RD Berrington,Nadeem Ahmed,1,0,,,,,,,,,
1074957,2016/17,2017-01-14,Sheikh Zayed Stadium,1,15.6,Scotland,Hong Kong,RD Berrington,CS MacLeod,Nadeem Ahmed,6,0,,,,,,,,,
1074957,2016/17,2017-01-14,Sheikh Zayed Stadium,1,16.1,Scotland,Hong Kong,CS MacLeod,RD Berrington,Tanveer Ahmed,0,0,,,,,,,,,
1074957,2016/17,2017-01-14,Sheikh Zayed Stadium,1,16.2,Scotland,Hong Kong,CS MacLeod,RD Berrington,Tanveer Ahmed,2,0,,,,,,,,,
1074957,2016/17,2017-01-14,Sheikh Zayed Stadium,1,16.3,Scotland,Hong Kong,CS MacLeod,RD Berrington,Tanveer Ahmed,1,0,,,,,,,,,
1074957,2016/17,2017-01-14,Sheikh Zayed Stadium,1,16.4,Scotland,Hong Kong,RD Berrington,CS MacLeod,Tanveer Ahmed,2,0,,,,,,,,,
1074957,2016/17,2017-01-14,Sheikh Zayed Stadium,1,16.5,Scotland,Hong Kong,RD Berrington,CS MacLeod,Tanveer Ahmed,1,0,,,,,,,,,
1074957,2016/17,2017-01-14,Sheikh Zayed Stadium,1,16.6,Scotland,Hong Kong,CS MacLeod,RD Berrington,Tanveer Ahmed,0,4,,,4,,,,,,
1074957,2016/17,2017-01-14,Sheikh Zayed Stadium,1,17.1,Scotland,Hong Kong,RD Berrington,CS MacLeod,Aizaz Khan,2,0,,,,,,,,,
1074957,2016/17,2017-01-14,Sheikh Zayed Stadium,1,17.2,Scotland,Hong Kong,RD Berrington,CS MacLeod,Aizaz Khan,0,0,,,,,,,,,
1074957,2016/17,2017-01-14,Sheikh Zayed Stadium,1,17.3,Scotland,Hong Kong,RD Berrington,CS MacLeod,Aizaz Khan,2,0,,,,,,,,,
1074957,2016/17,2017-01-14,Sheikh Zayed Stadium,1,17.4,Scotland,Hong Kong,RD Berrington,CS MacLeod,Aizaz Khan,2,0,,,,,,,,,
1074957,2016/17,2017-01-14,Sheikh Zayed Stadium,1,17.5,Scotland,Hong Kong,RD Berrington,CS MacLeod,Aizaz Khan,1,0,,,,,,,,,
1074957,2016/17,2017-01-14,Sheikh Zayed Stadium,1,17.6,Scotland,Hong Kong,CS MacLeod,RD Berrington,Aizaz Khan,0,0,,,,,,,,,
1074957,2016/17,2017-01-14,Sheikh Zayed Stadium,1,18.1,Scotland,Hong Kong,RD Berrington,CS MacLeod,Tanveer Ahmed,2,0,,,,,,,,,
1074957,2016/17,2017-01-14,Sheikh Zayed Stadium,1,18.2,Scotland,Hong Kong,RD Berrington,CS MacLeod,Tanveer Ahmed,6,0,,,,,,,,,
1074957,2016/17,2017-01-14,Sheikh Zayed Stadium,1,18.3,Scotland,Hong Kong,RD Berrington,CS MacLeod,Tanveer Ahmed,1,0,,,,,,,,,
1074957,2016/17,2017-01-14,Sheikh Zayed Stadium,1,18.4,Scotland,Hong Kong,CS MacLeod,RD Berrington,Tanveer Ahmed,1,0,,,,,,,,,
1074957,2016/17,2017-01-14,Sheikh Zayed Stadium,1,18.5,Scotland,Hong Kong,RD Berrington,CS MacLeod,Tanveer Ahmed,1,0,,,,,,,,,
1074957,2016/17,2017-01-14,Sheikh Zayed Stadium,1,18.6,Scotland,Hong Kong,CS MacLeod,RD Berrington,Tanveer Ahmed,6,0,,,,,,,,,
1074957,2016/17,2017-01-14,Sheikh Zayed Stadium,1,19.1,Scotland,Hong Kong,RD Berrington,CS MacLeod,Aizaz Khan,2,0,,,,,,,,,
1074957,2016/17,2017-01-14,Sheikh Zayed Stadium,1,19.2,Scotland,Hong Kong,RD Berrington,CS MacLeod,Aizaz Khan,1,0,,,,,,,,,
1074957,2016/17,2017-01-14,Sheikh Zayed Stadium,1,19.3,Scotland,Hong Kong,CS MacLeod,RD Berrington,Ehsan Nawaz,4,0,,,,,,,,,
1074957,2016/17,2017-01-14,Sheikh Zayed Stadium,1,19.4,Scotland,Hong Kong,CS MacLeod,RD Berrington,Ehsan Nawaz,4,0,,,,,,,,,
1074957,2016/17,2017-01-14,Sheikh Zayed Stadium,1,19.5,Scotland,Hong Kong,CS MacLeod,RD Berrington,Ehsan Nawaz,0,0,,,,,,caught,CS MacLeod,,
1074957,2016/17,2017-01-14,Sheikh Zayed Stadium,1,19.6,Scotland,Hong Kong,CD Wallace,RD Berrington,Ehsan Nawaz,0,0,,,,,,,,,
1074957,2016/17,2017-01-14,Sheikh Zayed Stadium,2,0.1,Hong Kong,Scotland,Nizakat Khan,Aizaz Khan,MRJ Watt,0,0,,,,,,,,,
1074957,2016/17,2017-01-14,Sheikh Zayed Stadium,2,0.2,Hong Kong,Scotland,Nizakat Khan,Aizaz Khan,MRJ Watt,0,2,,,2,,,,,,
1074957,2016/17,2017-01-14,Sheikh Zayed Stadium,2,0.3,Hong Kong,Scotland,Nizakat Khan,Aizaz Khan,MRJ Watt,0,0,,,,,,,,,
1074957,2016/17,2017-01-14,Sheikh Zayed Stadium,2,0.4,Hong Kong,Scotland,Nizakat Khan,Aizaz Khan,MRJ Watt,0,0,,,,,,,,,
1074957,2016/17,2017-01-14,Sheikh Zayed Stadium,2,0.5,Hong Kong,Scotland,Nizakat Khan,Aizaz Khan,MRJ Watt,0,0,,,,,,,,,
1074957,2016/17,2017-01-14,Sheikh Zayed Stadium,2,0.6,Hong Kong,Scotland,Nizakat Khan,Aizaz Khan,MRJ Watt,1,0,,,,,,,,,
1074957,2016/17,2017-01-14,Sheikh Zayed Stadium,2,1.1,Hong Kong,Scotland,Nizakat Khan,Aizaz Khan,BTJ Wheal,0,0,,,,,,,,,
1074957,2016/17,2017-01-14,Sheikh Zayed Stadium,2,1.2,Hong Kong,Scotland,Nizakat Khan,Aizaz Khan,BTJ Wheal,6,0,,,,,,,,,
1074957,2016/17,2017-01-14,Sheikh Zayed Stadium,2,1.3,Hong Kong,Scotland,Nizakat Khan,Aizaz Khan,BTJ Wheal,0,0,,,,,,,,,
1074957,2016/17,2017-01-14,Sheikh Zayed Stadium,2,1.4,Hong Kong,Scotland,Nizakat Khan,Aizaz Khan,BTJ Wheal,0,0,,,,,,run out,Aizaz Khan,,
1074957,2016/17,2017-01-14,Sheikh Zayed Stadium,2,1.5,Hong Kong,Scotland,Babar Hayat,Nizakat Khan,BTJ Wheal,0,0,,,,,,,,,
1074957,2016/17,2017-01-14,Sheikh Zayed Stadium,2,1.6,Hong Kong,Scotland,Babar Hayat,Nizakat Khan,BTJ Wheal,0,0,,,,,,,,,
1074957,2016/17,2017-01-14,Sheikh Zayed Stadium,2,2.1,Hong Kong,Scotland,Nizakat Khan,Babar Hayat,JH Davey,0,0,,,,,,,,,
1074957,2016/17,2017-01-14,Sheikh Zayed Stadium,2,2.2,Hong Kong,Scotland,Nizakat Khan,Babar Hayat,JH Davey,2,0,,,,,,,,,
1074957,2016/17,2017-01-14,Sheikh Zayed Stadium,2,2.3,Hong Kong,Scotland,Nizakat Khan,Babar Hayat,JH Davey,4,0,,,,,,,,,
1074957,2016/17,2017-01-14,Sheikh Zayed Stadium,2,2.4,Hong Kong,Scotland,Nizakat Khan,Babar Hayat,JH Davey,1,0,,,,,,,,,
1074957,2016/17,2017-01-14,Sheikh Zayed Stadium,2,2.5,Hong Kong,Scotland,Babar Hayat,Nizakat Khan,JH Davey,4,0,,,,,,,,,
1074957,2016/17,2017-01-14,Sheikh Zayed Stadium,2,2.6,Hong Kong,Scotland,Babar Hayat,Nizakat Khan,JH Davey,0,1,,,,1,,,,,
1074957,2016/17,2017-01-14,Sheikh Zayed Stadium,2,3.1,Hong Kong,Scotland,Babar Hayat,Nizakat Khan,BTJ Wheal,4,0,,,,,,,,,
1074957,2016/17,2017-01-14,Sheikh Zayed Stadium,2,3.2,Hong Kong,Scotland,Babar Hayat,Nizakat Khan,BTJ Wheal,0,0,,,,,,,,,
1074957,2016/17,2017-01-14,Sheikh Zayed Stadium,2,3.3,Hong Kong,Scotland,Babar Hayat,Nizakat Khan,BTJ Wheal,0,0,,,,,,,,,
1074957,2016/17,2017-01-14,Sheikh Zayed Stadium,2,3.4,Hong Kong,Scotland,Babar Hayat,Nizakat Khan,BTJ Wheal,1,0,,,,,,,,,
1074957,2016/17,2017-01-14,Sheikh Zayed Stadium,2,3.5,Hong Kong,Scotland,Nizakat Khan,Babar Hayat,BTJ Wheal,0,0,,,,,,,,,
1074957,2016/17,2017-01-14,Sheikh Zayed Stadium,2,3.6,Hong Kong,Scotland,Nizakat Khan,Babar Hayat,BTJ Wheal,0,0,,,,,,,,,
1074957,2016/17,2017-01-14,Sheikh Zayed Stadium,2,4.1,Hong Kong,Scotland,Babar Hayat,Nizakat Khan,SM Sharif,1,0,,,,,,,,,
1074957,2016/17,2017-01-14,Sheikh Zayed Stadium,2,4.2,Hong Kong,Scotland,Nizakat Khan,Babar Hayat,SM Sharif,4,0,,,,,,,,,
1074957,2016/17,2017-01-14,Sheikh Zayed Stadium,2,4.3,Hong Kong,Scotland,Nizakat Khan,Babar Hayat,SM Sharif,1,0,,,,,,,,,
1074957,2016/17,2017-01-14,Sheikh Zayed Stadium,2,4.4,Hong Kong,Scotland,Babar Hayat,Nizakat Khan,SM Sharif,0,0,,,,,,caught,Babar Hayat,,
1074957,2016/17,2017-01-14,Sheikh Zayed Stadium,2,4.5,Hong Kong,Scotland,Anshuman Rath,Nizakat Khan,SM Sharif,0,0,,,,,,,,,
1074957,2016/17,2017-01-14,Sheikh Zayed Stadium,2,4.6,Hong Kong,Scotland,Anshuman Rath,Nizakat Khan,SM Sharif,1,0,,,,,,,,,
1074957,2016/17,2017-01-14,Sheikh Zayed Stadium,2,5.1,Hong Kong,Scotland,Anshuman Rath,Nizakat Khan,JH Davey,3,0,,,,,,,,,
1074957,2016/17,2017-01-14,Sheikh Zayed Stadium,2,5.2,Hong Kong,Scotland,Nizakat Khan,Anshuman Rath,JH Davey,0,0,,,,,,,,,
1074957,2016/17,2017-01-14,Sheikh Zayed Stadium,2,5.3,Hong Kong,Scotland,Nizakat Khan,Anshuman Rath,JH Davey,1,1,,1,,,,,,,
1074957,2016/17,2017-01-14,Sheikh Zayed Stadium,2,5.4,Hong Kong,Scotland,Anshuman Rath,Nizakat Khan,JH Davey,0,0,,,,,,,,,
1074957,2016/17,2017-01-14,Sheikh Zayed Stadium,2,5.5,Hong Kong,Scotland,Anshuman Rath,Nizakat Khan,JH Davey,1,0,,,,,,,,,
1074957,2016/17,2017-01-14,Sheikh Zayed Stadium,2,5.6,Hong Kong,Scotland,Nizakat Khan,Anshuman Rath,JH Davey,2,0,,,,,,,,,
1074957,2016/17,2017-01-14,Sheikh Zayed Stadium,2,5.7,Hong Kong,Scotland,Nizakat Khan,Anshuman Rath,JH Davey,0,0,,,,,,caught,Nizakat Khan,,
1074957,2016/17,2017-01-14,Sheikh Zayed Stadium,2,6.1,Hong Kong,Scotland,Anshuman Rath,Waqas Khan,MRJ Watt,1,0,,,,,,,,,
1074957,2016/17,2017-01-14,Sheikh Zayed Stadium,2,6.2,Hong Kong,Scotland,Waqas Khan,Anshuman Rath,MRJ Watt,0,0,,,,,,,,,
1074957,2016/17,2017-01-14,Sheikh Zayed Stadium,2,6.3,Hong Kong,Scotland,Waqas Khan,Anshuman Rath,MRJ Watt,0,0,,,,,,,,,
1074957,2016/17,2017-01-14,Sheikh Zayed Stadium,2,6.4,Hong Kong,Scotland,Waqas Khan,Anshuman Rath,MRJ Watt,1,0,,,,,,,,,
1074957,2016/17,2017-01-14,Sheikh Zayed Stadium,2,6.5,Hong Kong,Scotland,Anshuman Rath,Waqas Khan,MRJ Watt,2,0,,,,,,,,,
1074957,2016/17,2017-01-14,Sheikh Zayed Stadium,2,6.6,Hong Kong,Scotland,Anshuman Rath,Waqas Khan,MRJ Watt,1,0,,,,,,,,,
1074957,2016/17,2017-01-14,Sheikh Zayed Stadium,2,7.1,Hong Kong,Scotland,Anshuman Rath,Waqas Khan,CD de Lange,1,0,,,,,,,,,
1074957,2016/17,2017-01-14,Sheikh Zayed Stadium,2,7.2,Hong Kong,Scotland,Waqas Khan,Anshuman Rath,CD de Lange,0,0,,,,,,,,,
1074957,2016/17,2017-01-14,Sheikh Zayed Stadium,2,7.3,Hong Kong,Scotland,Waqas Khan,Anshuman Rath,CD de Lange,0,1,,,,1,,,,,
1074957,2016/17,2017-01-14,Sheikh Zayed Stadium,2,7.4,Hong Kong,Scotland,Anshuman Rath,Waqas Khan,CD de Lange,0,0,,,,,,,,,
1074957,2016/17,2017-01-14,Sheikh Zayed Stadium,2,7.5,Hong Kong,Scotland,Anshuman Rath,Waqas Khan,CD de Lange,0,0,,,,,,,,,
1074957,2016/17,2017-01-14,Sheikh Zayed Stadium,2,7.6,Hong Kong,Scotland,Anshuman Rath,Waqas Khan,CD de Lange,0,0,,,,,,,,,
1074957,2016/17,2017-01-14,Sheikh Zayed Stadium,2,8.1,Hong Kong,Scotland,Waqas Khan,Anshuman Rath,MRJ Watt,0,0,,,,,,,,,
1074957,2016/17,2017-01-14,Sheikh Zayed Stadium,2,8.2,Hong Kong,Scotland,Waqas Khan,Anshuman Rath,MRJ Watt,2,0,,,,,,,,,
1074957,2016/17,2017-01-14,Sheikh Zayed Stadium,2,8.3,Hong Kong,Scotland,Waqas Khan,Anshuman Rath,MRJ Watt,0,0,,,,,,,,,
1074957,2016/17,2017-01-14,Sheikh Zayed Stadium,2,8.4,Hong Kong,Scotland,Waqas Khan,Anshuman Rath,MRJ Watt,0,0,,,,,,lbw,Waqas Khan,,
1074957,2016/17,2017-01-14,Sheikh Zayed Stadium,2,8.5,Hong Kong,Scotland,Shahid Wasif,Anshuman Rath,MRJ Watt,0,0,,,,,,,,,
1074957,2016/17,2017-01-14,Sheikh Zayed Stadium,2,8.6,Hong Kong,Scotland,Shahid Wasif,Anshuman Rath,MRJ Watt,2,0,,,,,,,,,
1074957,2016/17,2017-01-14,Sheikh Zayed Stadium,2,9.1,Hong Kong,Scotland,Anshuman Rath,Shahid Wasif,CD de Lange,1,0,,,,,,,,,
1074957,2016/17,2017-01-14,Sheikh Zayed Stadium,2,9.2,Hong Kong,Scotland,Shahid Wasif,Anshuman Rath,CD de Lange,1,0,,,,,,,,,
1074957,2016/17,2017-01-14,Sheikh Zayed Stadium,2,9.3,Hong Kong,Scotland,Anshuman Rath,Shahid Wasif,CD de Lange,1,0,,,,,,,,,
1074957,2016/17,2017-01-14,Sheikh Zayed Stadium,2,9.4,Hong Kong,Scotland,Shahid Wasif,Anshuman Rath,CD de Lange,1,0,,,,,,,,,
1074957,2016/17,2017-01-14,Sheikh Zayed Stadium,2,9.5,Hong Kong,Scotland,Anshuman Rath,Shahid Wasif,CD de Lange,1,0,,,,,,,,,
1074957,2016/17,2017-01-14,Sheikh Zayed Stadium,2,9.6,Hong Kong,Scotland,Shahid Wasif,Anshuman Rath,CD de Lange,2,0,,,,,,,,,
1074957,2016/17,2017-01-14,Sheikh Zayed Stadium,2,10.1,Hong Kong,Scotland,Anshuman Rath,Shahid Wasif,SM Sharif,1,0,,,,,,,,,
1074957,2016/17,2017-01-14,Sheikh Zayed Stadium,2,10.2,Hong Kong,Scotland,Shahid Wasif,Anshuman Rath,SM Sharif,0,1,,,,1,,,,,
1074957,2016/17,2017-01-14,Sheikh Zayed Stadium,2,10.3,Hong Kong,Scotland,Anshuman Rath,Shahid Wasif,SM Sharif,1,0,,,,,,,,,
1074957,2016/17,2017-01-14,Sheikh Zayed Stadium,2,10.4,Hong Kong,Scotland,Shahid Wasif,Anshuman Rath,SM Sharif,1,0,,,,,,,,,
1074957,2016/17,2017-01-14,Sheikh Zayed Stadium,2,10.5,Hong Kong,Scotland,Anshuman Rath,Shahid Wasif,SM Sharif,1,0,,,,,,,,,
1074957,2016/17,2017-01-14,Sheikh Zayed Stadium,2,10.6,Hong Kong,Scotland,Shahid Wasif,Anshuman Rath,SM Sharif,0,0,,,,,,,,,
1074957,2016/17,2017-01-14,Sheikh Zayed Stadium,2,11.1,Hong Kong,Scotland,Anshuman Rath,Shahid Wasif,CS MacLeod,1,0,,,,,,,,,
1074957,2016/17,2017-01-14,Sheikh Zayed Stadium,2,11.2,Hong Kong,Scotland,Shahid Wasif,Anshuman Rath,CS MacLeod,4,0,,,,,,,,,
1074957,2016/17,2017-01-14,Sheikh Zayed Stadium,2,11.3,Hong Kong,Scotland,Shahid Wasif,Anshuman Rath,CS MacLeod,4,0,,,,,,,,,
1074957,2016/17,2017-01-14,Sheikh Zayed Stadium,2,11.4,Hong Kong,Scotland,Shahid Wasif,Anshuman Rath,CS MacLeod,1,0,,,,,,,,,
1074957,2016/17,2017-01-14,Sheikh Zayed Stadium,2,11.5,Hong Kong,Scotland,Anshuman Rath,Shahid Wasif,CS MacLeod,1,0,,,,,,,,,
1074957,2016/17,2017-01-14,Sheikh Zayed Stadium,2,11.6,Hong Kong,Scotland,Shahid Wasif,Anshuman Rath,CS MacLeod,2,0,,,,,,,,,
1074957,2016/17,2017-01-14,Sheikh Zayed Stadium,2,12.1,Hong Kong,Scotland,Anshuman Rath,Shahid Wasif,SM Sharif,4,0,,,,,,,,,
1074957,2016/17,2017-01-14,Sheikh Zayed Stadium,2,12.2,Hong Kong,Scotland,Anshuman Rath,Shahid Wasif,SM Sharif,4,0,,,,,,,,,
1074957,2016/17,2017-01-14,Sheikh Zayed Stadium,2,12.3,Hong Kong,Scotland,Anshuman Rath,Shahid Wasif,SM Sharif,1,0,,,,,,,,,
1074957,2016/17,2017-01-14,Sheikh Zayed Stadium,2,12.4,Hong Kong,Scotland,Shahid Wasif,Anshuman Rath,SM Sharif,2,0,,,,,,,,,
1074957,2016/17,2017-01-14,Sheikh Zayed Stadium,2,12.5,Hong Kong,Scotland,Shahid Wasif,Anshuman Rath,SM Sharif,1,0,,,,,,,,,
1074957,2016/17,2017-01-14,Sheikh Zayed Stadium,2,12.6,Hong Kong,Scotland,Anshuman Rath,Shahid Wasif,SM Sharif,1,0,,,,,,,,,
1074957,2016/17,2017-01-14,Sheikh Zayed Stadium,2,13.1,Hong Kong,Scotland,Anshuman Rath,Shahid Wasif,CD de Lange,1,0,,,,,,run out,Anshuman Rath,,
1074957,2016/17,2017-01-14,Sheikh Zayed Stadium,2,13.2,Hong Kong,Scotland,Shahid Wasif,Ehsan Khan,CD de Lange,1,0,,,,,,,,,
1074957,2016/17,2017-01-14,Sheikh Zayed Stadium,2,13.3,Hong Kong,Scotland,Ehsan Khan,Shahid Wasif,CD de Lange,0,0,,,,,,,,,
1074957,2016/17,2017-01-14,Sheikh Zayed Stadium,2,13.4,Hong Kong,Scotland,Ehsan Khan,Shahid Wasif,CD de Lange,1,0,,,,,,,,,
1074957,2016/17,2017-01-14,Sheikh Zayed Stadium,2,13.5,Hong Kong,Scotland,Shahid Wasif,Ehsan Khan,CD de Lange,4,0,,,,,,,,,
1074957,2016/17,2017-01-14,Sheikh Zayed Stadium,2,13.6,Hong Kong,Scotland,Shahid Wasif,Ehsan Khan,CD de Lange,1,0,,,,,,,,,
1074957,2016/17,2017-01-14,Sheikh Zayed Stadium,2,14.1,Hong Kong,Scotland,Shahid Wasif,Ehsan Khan,MRJ Watt,1,0,,,,,,,,,
1074957,2016/17,2017-01-14,Sheikh Zayed Stadium,2,14.2,Hong Kong,Scotland,Ehsan Khan,Shahid Wasif,MRJ Watt,1,0,,,,,,,,,
1074957,2016/17,2017-01-14,Sheikh Zayed Stadium,2,14.3,Hong Kong,Scotland,Shahid Wasif,Ehsan Khan,MRJ Watt,1,0,,,,,,,,,
1074957,2016/17,2017-01-14,Sheikh Zayed Stadium,2,14.4,Hong Kong,Scotland,Ehsan Khan,Shahid Wasif,MRJ Watt,4,0,,,,,,,,,
1074957,2016/17,2017-01-14,Sheikh Zayed Stadium,2,14.5,Hong Kong,Scotland,Ehsan Khan,Shahid Wasif,MRJ Watt,1,0,,,,,,,,,
1074957,2016/17,2017-01-14,Sheikh Zayed Stadium,2,14.6,Hong Kong,Scotland,Shahid Wasif,Ehsan Khan,MRJ Watt,2,0,,,,,,,,,
1074957,2016/17,2017-01-14,Sheikh Zayed Stadium,2,15.1,Hong Kong,Scotland,Ehsan Khan,Shahid Wasif,CD de Lange,3,0,,,,,,,,,
1074957,2016/17,2017-01-14,Sheikh Zayed Stadium,2,15.2,Hong Kong,Scotland,Shahid Wasif,Ehsan Khan,CD de Lange,1,0,,,,,,,,,
1074957,2016/17,2017-01-14,Sheikh Zayed Stadium,2,15.3,Hong Kong,Scotland,Ehsan Khan,Shahid Wasif,CD de Lange,1,0,,,,,,,,,
1074957,2016/17,2017-01-14,Sheikh Zayed Stadium,2,15.4,Hong Kong,Scotland,Shahid Wasif,Ehsan Khan,CD de Lange,1,0,,,,,,,,,
1074957,2016/17,2017-01-14,Sheikh Zayed Stadium,2,15.5,Hong Kong,Scotland,Ehsan Khan,Shahid Wasif,CD de Lange,0,0,,,,,,,,,
1074957,2016/17,2017-01-14,Sheikh Zayed Stadium,2,15.6,Hong Kong,Scotland,Ehsan Khan,Shahid Wasif,CD de Lange,0,2,,,,2,,,,,
1074957,2016/17,2017-01-14,Sheikh Zayed Stadium,2,16.1,Hong Kong,Scotland,Shahid Wasif,Ehsan Khan,JH Davey,1,0,,,,,,,,,
1074957,2016/17,2017-01-14,Sheikh Zayed Stadium,2,16.2,Hong Kong,Scotland,Ehsan Khan,Shahid Wasif,JH Davey,0,0,,,,,,,,,
1074957,2016/17,2017-01-14,Sheikh Zayed Stadium,2,16.3,Hong Kong,Scotland,Ehsan Khan,Shahid Wasif,JH Davey,6,0,,,,,,,,,
1074957,2016/17,2017-01-14,Sheikh Zayed Stadium,2,16.4,Hong Kong,Scotland,Ehsan Khan,Shahid Wasif,JH Davey,6,0,,,,,,,,,
1074957,2016/17,2017-01-14,Sheikh Zayed Stadium,2,16.5,Hong Kong,Scotland,Ehsan Khan,Shahid Wasif,JH Davey,0,0,,,,,,,,,
1074957,2016/17,2017-01-14,Sheikh Zayed Stadium,2,16.6,Hong Kong,Scotland,Ehsan Khan,Shahid Wasif,JH Davey,2,0,,,,,,,,,
1074957,2016/17,2017-01-14,Sheikh Zayed Stadium,2,17.1,Hong Kong,Scotland,Shahid Wasif,Ehsan Khan,BTJ Wheal,6,0,,,,,,,,,
1074957,2016/17,2017-01-14,Sheikh Zayed Stadium,2,17.2,Hong Kong,Scotland,Shahid Wasif,Ehsan Khan,BTJ Wheal,0,0,,,,,,caught,Shahid Wasif,,
1074957,2016/17,2017-01-14,Sheikh Zayed Stadium,2,17.3,Hong Kong,Scotland,Waqas Barkat,Ehsan Khan,BTJ Wheal,1,0,,,,,,,,,
1074957,2016/17,2017-01-14,Sheikh Zayed Stadium,2,17.4,Hong Kong,Scotland,Ehsan Khan,Waqas Barkat,BTJ Wheal,4,0,,,,,,,,,
1074957,2016/17,2017-01-14,Sheikh Zayed Stadium,2,17.5,Hong Kong,Scotland,Ehsan Khan,Waqas Barkat,BTJ Wheal,0,0,,,,,,,,,
1074957,2016/17,2017-01-14,Sheikh Zayed Stadium,2,17.6,Hong Kong,Scotland,Ehsan Khan,Waqas Barkat,BTJ Wheal,0,0,,,,,,,,,
1074957,2016/17,2017-01-14,Sheikh Zayed Stadium,2,18.1,Hong Kong,Scotland,Waqas Barkat,Ehsan Khan,JH Davey,1,0,,,,,,,,,
1074957,2016/17,2017-01-14,Sheikh Zayed Stadium,2,18.2,Hong Kong,Scotland,Ehsan Khan,Waqas Barkat,JH Davey,1,0,,,,,,,,,
1074957,2016/17,2017-01-14,Sheikh Zayed Stadium,2,18.3,Hong Kong,Scotland,Waqas Barkat,Ehsan Khan,JH Davey,1,0,,,,,,,,,
1074957,2016/17,2017-01-14,Sheikh Zayed Stadium,2,18.4,Hong Kong,Scotland,Ehsan Khan,Waqas Barkat,JH Davey,6,1,,1,,,,,,,
1074957,2016/17,2017-01-14,Sheikh Zayed Stadium,2,18.5,Hong Kong,Scotland,Ehsan Khan,Waqas Barkat,JH Davey,1,0,,,,,,,,,
1074957,2016/17,2017-01-14,Sheikh Zayed Stadium,2,18.6,Hong Kong,Scotland,Waqas Barkat,Ehsan Khan,JH Davey,2,0,,,,,,,,,
1074957,2016/17,2017-01-14,Sheikh Zayed Stadium,2,18.7,Hong Kong,Scotland,Waqas Barkat,Ehsan Khan,JH Davey,1,0,,,,,,,,,
1074957,2016/17,2017-01-14,Sheikh Zayed Stadium,2,19.1,Hong Kong,Scotland,Waqas Barkat,Ehsan Khan,BTJ Wheal,2,0,,,,,,,,,
1074957,2016/17,2017-01-14,Sheikh Zayed Stadium,2,19.2,Hong Kong,Scotland,Waqas Barkat,Ehsan Khan,BTJ Wheal,0,0,,,,,,,,,
1074957,2016/17,2017-01-14,Sheikh Zayed Stadium,2,19.3,Hong Kong,Scotland,Waqas Barkat,Ehsan Khan,BTJ Wheal,1,0,,,,,,,,,
1074957,2016/17,2017-01-14,Sheikh Zayed Stadium,2,19.4,Hong Kong,Scotland,Ehsan Khan,Waqas Barkat,BTJ Wheal,1,0,,,,,,,,,
1074957,2016/17,2017-01-14,Sheikh Zayed Stadium,2,19.5,Hong Kong,Scotland,Waqas Barkat,Ehsan Khan,BTJ Wheal,1,0,,,,,,,,,
1074957,2016/17,2017-01-14,Sheikh Zayed Stadium,2,19.6,Hong Kong,Scotland,Ehsan Khan,Waqas Barkat,BTJ Wheal,4,0,,,,,,,,,
