match_id,season,start_date,venue,innings,ball,batting_team,bowling_team,striker,non_striker,bowler,runs_off_bat,extras,wides,noballs,byes,legbyes,penalty,wicket_type,player_dismissed,other_wicket_type,other_player_dismissed
1074968,2016/17,2017-01-19,Dubai International Cricket Stadium,1,0.1,Oman,Scotland,Zeeshan Maqsood,A Poulose,MA Leask,0,1,1,,,,,,,,
1074968,2016/17,2017-01-19,Dubai International Cricket Stadium,1,0.2,Oman,Scotland,Zeeshan Maqsood,A Poulose,MA Leask,0,0,,,,,,,,,
1074968,2016/17,2017-01-19,Dubai International Cricket Stadium,1,0.3,Oman,Scotland,Zeeshan Maqsood,A Poulose,MA Leask,0,0,,,,,,,,,
1074968,2016/17,2017-01-19,Dubai International Cricket Stadium,1,0.4,Oman,Scotland,Zeeshan Maqsood,A Poulose,MA Leask,4,0,,,,,,,,,
1074968,2016/17,2017-01-19,Dubai International Cricket Stadium,1,0.5,Oman,Scotland,Zeeshan Maqsood,A Poulose,MA Leask,1,0,,,,,,,,,
1074968,2016/17,2017-01-19,Dubai International Cricket Stadium,1,0.6,Oman,Scotland,A Poulose,Zeeshan Maqsood,MA Leask,0,0,,,,,,,,,
1074968,2016/17,2017-01-19,Dubai International Cricket Stadium,1,0.7,Oman,Scotland,A Poulose,Zeeshan Maqsood,MA Leask,0,0,,,,,,,,,
1074968,2016/17,2017-01-19,Dubai International Cricket Stadium,1,1.1,Oman,Scotland,Zeeshan Maqsood,A Poulose,SM Sharif,0,0,,,,,,,,,
1074968,2016/17,2017-01-19,Dubai International Cricket Stadium,1,1.2,Oman,Scotland,Zeeshan Maqsood,A Poulose,SM Sharif,0,0,,,,,,,,,
1074968,2016/17,2017-01-19,Dubai International Cricket Stadium,1,1.3,Oman,Scotland,Zeeshan Maqsood,A Poulose,SM Sharif,0,0,,,,,,,,,
1074968,2016/17,2017-01-19,Dubai International Cricket Stadium,1,1.4,Oman,Scotland,Zeeshan Maqsood,A Poulose,SM Sharif,4,0,,,,,,,,,
1074968,2016/17,2017-01-19,Dubai International Cricket Stadium,1,1.5,Oman,Scotland,Zeeshan Maqsood,A Poulose,SM Sharif,0,0,,,,,,,,,
1074968,2016/17,2017-01-19,Dubai International Cricket Stadium,1,1.6,Oman,Scotland,Zeeshan Maqsood,A Poulose,SM Sharif,0,1,,1,,,,,,,
1074968,2016/17,2017-01-19,Dubai International Cricket Stadium,1,1.7,Oman,Scotland,Zeeshan Maqsood,A Poulose,SM Sharif,0,0,,,,,,,,,
1074968,2016/17,2017-01-19,Dubai International Cricket Stadium,1,2.1,Oman,Scotland,A Poulose,Zeeshan Maqsood,MRJ Watt,0,0,,,,,,lbw,A Poulose,,
1074968,2016/17,2017-01-19,Dubai International Cricket Stadium,1,2.2,Oman,Scotland,Aqib Ilyas,Zeeshan Maqsood,MRJ Watt,1,0,,,,,,,,,
1074968,2016/17,2017-01-19,Dubai International Cricket Stadium,1,2.3,Oman,Scotland,Zeeshan Maqsood,Aqib Ilyas,MRJ Watt,4,0,,,,,,,,,
1074968,2016/17,2017-01-19,Dubai International Cricket Stadium,1,2.4,Oman,Scotland,Zeeshan Maqsood,Aqib Ilyas,MRJ Watt,2,0,,,,,,,,,
1074968,2016/17,2017-01-19,Dubai International Cricket Stadium,1,2.5,Oman,Scotland,Zeeshan Maqsood,Aqib Ilyas,MRJ Watt,0,0,,,,,,,,,
1074968,2016/17,2017-01-19,Dubai International Cricket Stadium,1,2.6,Oman,Scotland,Zeeshan Maqsood,Aqib Ilyas,MRJ Watt,1,0,,,,,,,,,
1074968,2016/17,2017-01-19,Dubai International Cricket Stadium,1,3.1,Oman,Scotland,Zeeshan Maqsood,Aqib Ilyas,CB Sole,0,0,,,,,,,,,
1074968,2016/17,2017-01-19,Dubai International Cricket Stadium,1,3.2,Oman,Scotland,Zeeshan Maqsood,Aqib Ilyas,CB Sole,0,0,,,,,,,,,
1074968,2016/17,2017-01-19,Dubai International Cricket Stadium,1,3.3,Oman,Scotland,Zeeshan Maqsood,Aqib Ilyas,CB Sole,1,0,,,,,,,,,
1074968,2016/17,2017-01-19,Dubai International Cricket Stadium,1,3.4,Oman,Scotland,Aqib Ilyas,Zeeshan Maqsood,CB Sole,1,0,,,,,,,,,
1074968,2016/17,2017-01-19,Dubai International Cricket Stadium,1,3.5,Oman,Scotland,Zeeshan Maqsood,Aqib Ilyas,CB Sole,0,0,,,,,,,,,
1074968,2016/17,2017-01-19,Dubai International Cricket Stadium,1,3.6,Oman,Scotland,Zeeshan Maqsood,Aqib Ilyas,CB Sole,0,0,,,,,,,,,
1074968,2016/17,2017-01-19,Dubai International Cricket Stadium,1,4.1,Oman,Scotland,Aqib Ilyas,Zeeshan Maqsood,MRJ Watt,4,0,,,,,,,,,
1074968,2016/17,2017-01-19,Dubai International Cricket Stadium,1,4.2,Oman,Scotland,Aqib Ilyas,Zeeshan Maqsood,MRJ Watt,0,0,,,,,,,,,
1074968,2016/17,2017-01-19,Dubai International Cricket Stadium,1,4.3,Oman,Scotland,Aqib Ilyas,Zeeshan Maqsood,MRJ Watt,1,0,,,,,,,,,
1074968,2016/17,2017-01-19,Dubai International Cricket Stadium,1,4.4,Oman,Scotland,Zeeshan Maqsood,Aqib Ilyas,MRJ Watt,0,0,,,,,,,,,
1074968,2016/17,2017-01-19,Dubai International Cricket Stadium,1,4.5,Oman,Scotland,Zeeshan Maqsood,Aqib Ilyas,MRJ Watt,0,0,,,,,,caught,Zeeshan Maqsood,,
1074968,2016/17,2017-01-19,Dubai International Cricket Stadium,1,4.6,Oman,Scotland,Aqib Ilyas,Khawar Ali,MRJ Watt,0,0,,,,,,,,,
1074968,2016/17,2017-01-19,Dubai International Cricket Stadium,1,5.1,Oman,Scotland,Khawar Ali,Aqib Ilyas,CB Sole,1,0,,,,,,,,,
1074968,2016/17,2017-01-19,Dubai International Cricket Stadium,1,5.2,Oman,Scotland,Aqib Ilyas,Khawar Ali,CB Sole,1,0,,,,,,,,,
1074968,2016/17,2017-01-19,Dubai International Cricket Stadium,1,5.3,Oman,Scotland,Khawar Ali,Aqib Ilyas,CB Sole,4,0,,,,,,,,,
1074968,2016/17,2017-01-19,Dubai International Cricket Stadium,1,5.4,Oman,Scotland,Khawar Ali,Aqib Ilyas,CB Sole,1,0,,,,,,,,,
1074968,2016/17,2017-01-19,Dubai International Cricket Stadium,1,5.5,Oman,Scotland,Aqib Ilyas,Khawar Ali,CB Sole,0,0,,,,,,,,,
1074968,2016/17,2017-01-19,Dubai International Cricket Stadium,1,5.6,Oman,Scotland,Aqib Ilyas,Khawar Ali,CB Sole,0,0,,,,,,,,,
1074968,2016/17,2017-01-19,Dubai International Cricket Stadium,1,6.1,Oman,Scotland,Khawar Ali,Aqib Ilyas,CD de Lange,0,0,,,,,,,,,
1074968,2016/17,2017-01-19,Dubai International Cricket Stadium,1,6.2,Oman,Scotland,Khawar Ali,Aqib Ilyas,CD de Lange,0,0,,,,,,,,,
1074968,2016/17,2017-01-19,Dubai International Cricket Stadium,1,6.3,Oman,Scotland,Khawar Ali,Aqib Ilyas,CD de Lange,0,0,,,,,,,,,
1074968,2016/17,2017-01-19,Dubai International Cricket Stadium,1,6.4,Oman,Scotland,Khawar Ali,Aqib Ilyas,CD de Lange,0,0,,,,,,,,,
1074968,2016/17,2017-01-19,Dubai International Cricket Stadium,1,6.5,Oman,Scotland,Khawar Ali,Aqib Ilyas,CD de Lange,1,0,,,,,,,,,
1074968,2016/17,2017-01-19,Dubai International Cricket Stadium,1,6.6,Oman,Scotland,Aqib Ilyas,Khawar Ali,CD de Lange,0,0,,,,,,,,,
1074968,2016/17,2017-01-19,Dubai International Cricket Stadium,1,7.1,Oman,Scotland,Khawar Ali,Aqib Ilyas,MA Leask,1,0,,,,,,,,,
1074968,2016/17,2017-01-19,Dubai International Cricket Stadium,1,7.2,Oman,Scotland,Aqib Ilyas,Khawar Ali,MA Leask,1,0,,,,,,,,,
1074968,2016/17,2017-01-19,Dubai International Cricket Stadium,1,7.3,Oman,Scotland,Khawar Ali,Aqib Ilyas,MA Leask,1,0,,,,,,,,,
1074968,2016/17,2017-01-19,Dubai International Cricket Stadium,1,7.4,Oman,Scotland,Aqib Ilyas,Khawar Ali,MA Leask,0,0,,,,,,,,,
1074968,2016/17,2017-01-19,Dubai International Cricket Stadium,1,7.5,Oman,Scotland,Aqib Ilyas,Khawar Ali,MA Leask,1,0,,,,,,,,,
1074968,2016/17,2017-01-19,Dubai International Cricket Stadium,1,7.6,Oman,Scotland,Khawar Ali,Aqib Ilyas,MA Leask,0,0,,,,,,,,,
1074968,2016/17,2017-01-19,Dubai International Cricket Stadium,1,8.1,Oman,Scotland,Aqib Ilyas,Khawar Ali,CD de Lange,1,0,,,,,,,,,
1074968,2016/17,2017-01-19,Dubai International Cricket Stadium,1,8.2,Oman,Scotland,Khawar Ali,Aqib Ilyas,CD de Lange,1,0,,,,,,,,,
1074968,2016/17,2017-01-19,Dubai International Cricket Stadium,1,8.3,Oman,Scotland,Aqib Ilyas,Khawar Ali,CD de Lange,1,0,,,,,,,,,
1074968,2016/17,2017-01-19,Dubai International Cricket Stadium,1,8.4,Oman,Scotland,Khawar Ali,Aqib Ilyas,CD de Lange,1,0,,,,,,,,,
1074968,2016/17,2017-01-19,Dubai International Cricket Stadium,1,8.5,Oman,Scotland,Aqib Ilyas,Khawar Ali,CD de Lange,0,0,,,,,,,,,
1074968,2016/17,2017-01-19,Dubai International Cricket Stadium,1,8.6,Oman,Scotland,Aqib Ilyas,Khawar Ali,CD de Lange,0,0,,,,,,,,,
1074968,2016/17,2017-01-19,Dubai International Cricket Stadium,1,9.1,Oman,Scotland,Khawar Ali,Aqib Ilyas,SM Sharif,1,0,,,,,,,,,
1074968,2016/17,2017-01-19,Dubai International Cricket Stadium,1,9.2,Oman,Scotland,Aqib Ilyas,Khawar Ali,SM Sharif,0,0,,,,,,,,,
1074968,2016/17,2017-01-19,Dubai International Cricket Stadium,1,9.3,Oman,Scotland,Aqib Ilyas,Khawar Ali,SM Sharif,4,0,,,,,,,,,
1074968,2016/17,2017-01-19,Dubai International Cricket Stadium,1,9.4,Oman,Scotland,Aqib Ilyas,Khawar Ali,SM Sharif,2,0,,,,,,,,,
1074968,2016/17,2017-01-19,Dubai International Cricket Stadium,1,9.5,Oman,Scotland,Aqib Ilyas,Khawar Ali,SM Sharif,1,0,,,,,,,,,
1074968,2016/17,2017-01-19,Dubai International Cricket Stadium,1,9.6,Oman,Scotland,Khawar Ali,Aqib Ilyas,SM Sharif,1,0,,,,,,,,,
1074968,2016/17,2017-01-19,Dubai International Cricket Stadium,1,10.1,Oman,Scotland,Khawar Ali,Aqib Ilyas,CD de Lange,0,0,,,,,,bowled,Khawar Ali,,
1074968,2016/17,2017-01-19,Dubai International Cricket Stadium,1,10.2,Oman,Scotland,Khurram Nawaz,Aqib Ilyas,CD de Lange,0,0,,,,,,run out,Aqib Ilyas,,
1074968,2016/17,2017-01-19,Dubai International Cricket Stadium,1,10.3,Oman,Scotland,AV Lalcheta,Khurram Nawaz,CD de Lange,2,0,,,,,,,,,
1074968,2016/17,2017-01-19,Dubai International Cricket Stadium,1,10.4,Oman,Scotland,AV Lalcheta,Khurram Nawaz,CD de Lange,1,0,,,,,,,,,
1074968,2016/17,2017-01-19,Dubai International Cricket Stadium,1,10.5,Oman,Scotland,Khurram Nawaz,AV Lalcheta,CD de Lange,0,1,1,,,,,,,,
1074968,2016/17,2017-01-19,Dubai International Cricket Stadium,1,10.6,Oman,Scotland,Khurram Nawaz,AV Lalcheta,CD de Lange,4,0,,,,,,,,,
1074968,2016/17,2017-01-19,Dubai International Cricket Stadium,1,10.7,Oman,Scotland,Khurram Nawaz,AV Lalcheta,CD de Lange,0,1,1,,,,,,,,
1074968,2016/17,2017-01-19,Dubai International Cricket Stadium,1,10.8,Oman,Scotland,Khurram Nawaz,AV Lalcheta,CD de Lange,1,0,,,,,,,,,
1074968,2016/17,2017-01-19,Dubai International Cricket Stadium,1,11.1,Oman,Scotland,Khurram Nawaz,AV Lalcheta,MA Leask,1,0,,,,,,,,,
1074968,2016/17,2017-01-19,Dubai International Cricket Stadium,1,11.2,Oman,Scotland,AV Lalcheta,Khurram Nawaz,MA Leask,1,0,,,,,,,,,
1074968,2016/17,2017-01-19,Dubai International Cricket Stadium,1,11.3,Oman,Scotland,Khurram Nawaz,AV Lalcheta,MA Leask,0,1,1,,,,,,,,
1074968,2016/17,2017-01-19,Dubai International Cricket Stadium,1,11.4,Oman,Scotland,Khurram Nawaz,AV Lalcheta,MA Leask,0,0,,,,,,,,,
1074968,2016/17,2017-01-19,Dubai International Cricket Stadium,1,11.5,Oman,Scotland,Khurram Nawaz,AV Lalcheta,MA Leask,0,0,,,,,,,,,
1074968,2016/17,2017-01-19,Dubai International Cricket Stadium,1,11.6,Oman,Scotland,Khurram Nawaz,AV Lalcheta,MA Leask,0,0,,,,,,,,,
1074968,2016/17,2017-01-19,Dubai International Cricket Stadium,1,11.7,Oman,Scotland,Khurram Nawaz,AV Lalcheta,MA Leask,1,0,,,,,,,,,
1074968,2016/17,2017-01-19,Dubai International Cricket Stadium,1,12.1,Oman,Scotland,Khurram Nawaz,AV Lalcheta,CB Sole,0,0,,,,,,,,,
1074968,2016/17,2017-01-19,Dubai International Cricket Stadium,1,12.2,Oman,Scotland,Khurram Nawaz,AV Lalcheta,CB Sole,0,1,,,,1,,,,,
1074968,2016/17,2017-01-19,Dubai International Cricket Stadium,1,12.3,Oman,Scotland,AV Lalcheta,Khurram Nawaz,CB Sole,4,0,,,,,,,,,
1074968,2016/17,2017-01-19,Dubai International Cricket Stadium,1,12.4,Oman,Scotland,AV Lalcheta,Khurram Nawaz,CB Sole,0,1,1,,,,,,,,
1074968,2016/17,2017-01-19,Dubai International Cricket Stadium,1,12.5,Oman,Scotland,AV Lalcheta,Khurram Nawaz,CB Sole,0,0,,,,,,,,,
1074968,2016/17,2017-01-19,Dubai International Cricket Stadium,1,12.6,Oman,Scotland,AV Lalcheta,Khurram Nawaz,CB Sole,1,0,,,,,,,,,
1074968,2016/17,2017-01-19,Dubai International Cricket Stadium,1,12.7,Oman,Scotland,Khurram Nawaz,AV Lalcheta,CB Sole,0,1,,,,1,,,,,
1074968,2016/17,2017-01-19,Dubai International Cricket Stadium,1,13.1,Oman,Scotland,Khurram Nawaz,AV Lalcheta,MRJ Watt,0,0,,,,,,,,,
1074968,2016/17,2017-01-19,Dubai International Cricket Stadium,1,13.2,Oman,Scotland,Khurram Nawaz,AV Lalcheta,MRJ Watt,1,0,,,,,,,,,
1074968,2016/17,2017-01-19,Dubai International Cricket Stadium,1,13.3,Oman,Scotland,AV Lalcheta,Khurram Nawaz,MRJ Watt,0,0,,,,,,,,,
1074968,2016/17,2017-01-19,Dubai International Cricket Stadium,1,13.4,Oman,Scotland,AV Lalcheta,Khurram Nawaz,MRJ Watt,0,0,,,,,,,,,
1074968,2016/17,2017-01-19,Dubai International Cricket Stadium,1,13.5,Oman,Scotland,AV Lalcheta,Khurram Nawaz,MRJ Watt,0,0,,,,,,,,,
1074968,2016/17,2017-01-19,Dubai International Cricket Stadium,1,13.6,Oman,Scotland,AV Lalcheta,Khurram Nawaz,MRJ Watt,4,0,,,,,,,,,
1074968,2016/17,2017-01-19,Dubai International Cricket Stadium,1,14.1,Oman,Scotland,Khurram Nawaz,AV Lalcheta,MA Leask,0,1,,,,1,,,,,
1074968,2016/17,2017-01-19,Dubai International Cricket Stadium,1,14.2,Oman,Scotland,AV Lalcheta,Khurram Nawaz,MA Leask,6,0,,,,,,,,,
1074968,2016/17,2017-01-19,Dubai International Cricket Stadium,1,14.3,Oman,Scotland,AV Lalcheta,Khurram Nawaz,MA Leask,1,0,,,,,,,,,
1074968,2016/17,2017-01-19,Dubai International Cricket Stadium,1,14.4,Oman,Scotland,Khurram Nawaz,AV Lalcheta,MA Leask,0,1,,,,1,,,,,
1074968,2016/17,2017-01-19,Dubai International Cricket Stadium,1,14.5,Oman,Scotland,AV Lalcheta,Khurram Nawaz,MA Leask,0,0,,,,,,,,,
1074968,2016/17,2017-01-19,Dubai International Cricket Stadium,1,14.6,Oman,Scotland,AV Lalcheta,Khurram Nawaz,MA Leask,0,0,,,,,,bowled,AV Lalcheta,,
1074968,2016/17,2017-01-19,Dubai International Cricket Stadium,1,15.1,Oman,Scotland,Khurram Nawaz,Naseem Khushi,CD de Lange,1,0,,,,,,,,,
1074968,2016/17,2017-01-19,Dubai International Cricket Stadium,1,15.2,Oman,Scotland,Naseem Khushi,Khurram Nawaz,CD de Lange,0,0,,,,,,lbw,Naseem Khushi,,
1074968,2016/17,2017-01-19,Dubai International Cricket Stadium,1,15.3,Oman,Scotland,Sultan Ahmed,Khurram Nawaz,CD de Lange,1,0,,,,,,,,,
1074968,2016/17,2017-01-19,Dubai International Cricket Stadium,1,15.4,Oman,Scotland,Khurram Nawaz,Sultan Ahmed,CD de Lange,2,0,,,,,,,,,
1074968,2016/17,2017-01-19,Dubai International Cricket Stadium,1,15.5,Oman,Scotland,Khurram Nawaz,Sultan Ahmed,CD de Lange,0,0,,,,,,,,,
1074968,2016/17,2017-01-19,Dubai International Cricket Stadium,1,15.6,Oman,Scotland,Khurram Nawaz,Sultan Ahmed,CD de Lange,4,0,,,,,,,,,
1074968,2016/17,2017-01-19,Dubai International Cricket Stadium,1,16.1,Oman,Scotland,Sultan Ahmed,Khurram Nawaz,MRJ Watt,2,0,,,,,,,,,
1074968,2016/17,2017-01-19,Dubai International Cricket Stadium,1,16.2,Oman,Scotland,Sultan Ahmed,Khurram Nawaz,MRJ Watt,2,0,,,,,,,,,
1074968,2016/17,2017-01-19,Dubai International Cricket Stadium,1,16.3,Oman,Scotland,Sultan Ahmed,Khurram Nawaz,MRJ Watt,1,0,,,,,,,,,
1074968,2016/17,2017-01-19,Dubai International Cricket Stadium,1,16.4,Oman,Scotland,Khurram Nawaz,Sultan Ahmed,MRJ Watt,0,0,,,,,,,,,
1074968,2016/17,2017-01-19,Dubai International Cricket Stadium,1,16.5,Oman,Scotland,Khurram Nawaz,Sultan Ahmed,MRJ Watt,0,1,,,,1,,,,,
1074968,2016/17,2017-01-19,Dubai International Cricket Stadium,1,16.6,Oman,Scotland,Sultan Ahmed,Khurram Nawaz,MRJ Watt,0,0,,,,,,,,,
1074968,2016/17,2017-01-19,Dubai International Cricket Stadium,1,17.1,Oman,Scotland,Khurram Nawaz,Sultan Ahmed,SM Sharif,6,0,,,,,,,,,
1074968,2016/17,2017-01-19,Dubai International Cricket Stadium,1,17.2,Oman,Scotland,Khurram Nawaz,Sultan Ahmed,SM Sharif,1,0,,,,,,,,,
1074968,2016/17,2017-01-19,Dubai International Cricket Stadium,1,17.3,Oman,Scotland,Sultan Ahmed,Khurram Nawaz,SM Sharif,1,1,,1,,,,,,,
1074968,2016/17,2017-01-19,Dubai International Cricket Stadium,1,17.4,Oman,Scotland,Khurram Nawaz,Sultan Ahmed,SM Sharif,1,0,,,,,,,,,
1074968,2016/17,2017-01-19,Dubai International Cricket Stadium,1,17.5,Oman,Scotland,Sultan Ahmed,Khurram Nawaz,SM Sharif,4,0,,,,,,,,,
1074968,2016/17,2017-01-19,Dubai International Cricket Stadium,1,17.6,Oman,Scotland,Sultan Ahmed,Khurram Nawaz,SM Sharif,1,0,,,,,,,,,
1074968,2016/17,2017-01-19,Dubai International Cricket Stadium,1,17.7,Oman,Scotland,Khurram Nawaz,Sultan Ahmed,SM Sharif,0,0,,,,,,caught,Khurram Nawaz,,
1074968,2016/17,2017-01-19,Dubai International Cricket Stadium,1,18.1,Oman,Scotland,Sultan Ahmed,Mohammad Nadeem,CB Sole,0,4,,,,4,,,,,
1074968,2016/17,2017-01-19,Dubai International Cricket Stadium,1,18.2,Oman,Scotland,Sultan Ahmed,Mohammad Nadeem,CB Sole,4,0,,,,,,,,,
1074968,2016/17,2017-01-19,Dubai International Cricket Stadium,1,18.3,Oman,Scotland,Sultan Ahmed,Mohammad Nadeem,CB Sole,0,1,,,,1,,,,,
1074968,2016/17,2017-01-19,Dubai International Cricket Stadium,1,18.4,Oman,Scotland,Mohammad Nadeem,Sultan Ahmed,CB Sole,1,0,,,,,,,,,
1074968,2016/17,2017-01-19,Dubai International Cricket Stadium,1,18.5,Oman,Scotland,Sultan Ahmed,Mohammad Nadeem,CB Sole,1,0,,,,,,,,,
1074968,2016/17,2017-01-19,Dubai International Cricket Stadium,1,18.6,Oman,Scotland,Mohammad Nadeem,Sultan Ahmed,CB Sole,1,0,,,,,,,,,
1074968,2016/17,2017-01-19,Dubai International Cricket Stadium,1,19.1,Oman,Scotland,Mohammad Nadeem,Sultan Ahmed,SM Sharif,0,0,,,,,,,,,
1074968,2016/17,2017-01-19,Dubai International Cricket Stadium,1,19.2,Oman,Scotland,Mohammad Nadeem,Sultan Ahmed,SM Sharif,0,0,,,,,,bowled,Mohammad Nadeem,,
1074968,2016/17,2017-01-19,Dubai International Cricket Stadium,1,19.3,Oman,Scotland,Kaleemullah,Sultan Ahmed,SM Sharif,0,0,,,,,,bowled,Kaleemullah,,
1074968,2016/17,2017-01-19,Dubai International Cricket Stadium,1,19.4,Oman,Scotland,Bilal Khan,Sultan Ahmed,SM Sharif,4,0,,,,,,,,,
1074968,2016/17,2017-01-19,Dubai International Cricket Stadium,1,19.5,Oman,Scotland,Bilal Khan,Sultan Ahmed,SM Sharif,0,1,,,1,,,,,,
1074968,2016/17,2017-01-19,Dubai International Cricket Stadium,1,19.6,Oman,Scotland,Sultan Ahmed,Bilal Khan,SM Sharif,0,0,,,,,,run out,Sultan Ahmed,,
1074968,2016/17,2017-01-19,Dubai International Cricket Stadium,2,0.1,Scotland,Oman,HG Munsey,KJ Coetzer,Bilal Khan,1,0,,,,,,,,,
1074968,2016/17,2017-01-19,Dubai International Cricket Stadium,2,0.2,Scotland,Oman,KJ Coetzer,HG Munsey,Bilal Khan,0,1,1,,,,,,,,
1074968,2016/17,2017-01-19,Dubai International Cricket Stadium,2,0.3,Scotland,Oman,KJ Coetzer,HG Munsey,Bilal Khan,0,0,,,,,,,,,
1074968,2016/17,2017-01-19,Dubai International Cricket Stadium,2,0.4,Scotland,Oman,KJ Coetzer,HG Munsey,Bilal Khan,2,0,,,,,,,,,
1074968,2016/17,2017-01-19,Dubai International Cricket Stadium,2,0.5,Scotland,Oman,KJ Coetzer,HG Munsey,Bilal Khan,2,0,,,,,,,,,
1074968,2016/17,2017-01-19,Dubai International Cricket Stadium,2,0.6,Scotland,Oman,KJ Coetzer,HG Munsey,Bilal Khan,4,0,,,,,,,,,
1074968,2016/17,2017-01-19,Dubai International Cricket Stadium,2,0.7,Scotland,Oman,KJ Coetzer,HG Munsey,Bilal Khan,2,0,,,,,,,,,
1074968,2016/17,2017-01-19,Dubai International Cricket Stadium,2,1.1,Scotland,Oman,HG Munsey,KJ Coetzer,AV Lalcheta,0,0,,,,,,,,,
1074968,2016/17,2017-01-19,Dubai International Cricket Stadium,2,1.2,Scotland,Oman,HG Munsey,KJ Coetzer,AV Lalcheta,0,0,,,,,,,,,
1074968,2016/17,2017-01-19,Dubai International Cricket Stadium,2,1.3,Scotland,Oman,HG Munsey,KJ Coetzer,AV Lalcheta,2,0,,,,,,,,,
1074968,2016/17,2017-01-19,Dubai International Cricket Stadium,2,1.4,Scotland,Oman,HG Munsey,KJ Coetzer,AV Lalcheta,0,0,,,,,,,,,
1074968,2016/17,2017-01-19,Dubai International Cricket Stadium,2,1.5,Scotland,Oman,HG Munsey,KJ Coetzer,AV Lalcheta,0,0,,,,,,,,,
1074968,2016/17,2017-01-19,Dubai International Cricket Stadium,2,1.6,Scotland,Oman,HG Munsey,KJ Coetzer,AV Lalcheta,0,0,,,,,,,,,
1074968,2016/17,2017-01-19,Dubai International Cricket Stadium,2,2.1,Scotland,Oman,KJ Coetzer,HG Munsey,Zeeshan Maqsood,0,0,,,,,,,,,
1074968,2016/17,2017-01-19,Dubai International Cricket Stadium,2,2.2,Scotland,Oman,KJ Coetzer,HG Munsey,Zeeshan Maqsood,1,0,,,,,,,,,
1074968,2016/17,2017-01-19,Dubai International Cricket Stadium,2,2.3,Scotland,Oman,HG Munsey,KJ Coetzer,Zeeshan Maqsood,1,0,,,,,,,,,
1074968,2016/17,2017-01-19,Dubai International Cricket Stadium,2,2.4,Scotland,Oman,KJ Coetzer,HG Munsey,Zeeshan Maqsood,0,0,,,,,,,,,
1074968,2016/17,2017-01-19,Dubai International Cricket Stadium,2,2.5,Scotland,Oman,KJ Coetzer,HG Munsey,Zeeshan Maqsood,0,0,,,,,,,,,
1074968,2016/17,2017-01-19,Dubai International Cricket Stadium,2,2.6,Scotland,Oman,KJ Coetzer,HG Munsey,Zeeshan Maqsood,1,0,,,,,,,,,
1074968,2016/17,2017-01-19,Dubai International Cricket Stadium,2,3.1,Scotland,Oman,KJ Coetzer,HG Munsey,AV Lalcheta,0,0,,,,,,,,,
1074968,2016/17,2017-01-19,Dubai International Cricket Stadium,2,3.2,Scotland,Oman,KJ Coetzer,HG Munsey,AV Lalcheta,0,0,,,,,,,,,
1074968,2016/17,2017-01-19,Dubai International Cricket Stadium,2,3.3,Scotland,Oman,KJ Coetzer,HG Munsey,AV Lalcheta,0,0,,,,,,,,,
1074968,2016/17,2017-01-19,Dubai International Cricket Stadium,2,3.4,Scotland,Oman,KJ Coetzer,HG Munsey,AV Lalcheta,4,0,,,,,,,,,
1074968,2016/17,2017-01-19,Dubai International Cricket Stadium,2,3.5,Scotland,Oman,KJ Coetzer,HG Munsey,AV Lalcheta,0,0,,,,,,,,,
1074968,2016/17,2017-01-19,Dubai International Cricket Stadium,2,3.6,Scotland,Oman,KJ Coetzer,HG Munsey,AV Lalcheta,4,0,,,,,,,,,
1074968,2016/17,2017-01-19,Dubai International Cricket Stadium,2,4.1,Scotland,Oman,HG Munsey,KJ Coetzer,Bilal Khan,1,0,,,,,,,,,
1074968,2016/17,2017-01-19,Dubai International Cricket Stadium,2,4.2,Scotland,Oman,KJ Coetzer,HG Munsey,Bilal Khan,1,0,,,,,,,,,
1074968,2016/17,2017-01-19,Dubai International Cricket Stadium,2,4.3,Scotland,Oman,HG Munsey,KJ Coetzer,Bilal Khan,0,0,,,,,,,,,
1074968,2016/17,2017-01-19,Dubai International Cricket Stadium,2,4.4,Scotland,Oman,HG Munsey,KJ Coetzer,Bilal Khan,4,0,,,,,,,,,
1074968,2016/17,2017-01-19,Dubai International Cricket Stadium,2,4.5,Scotland,Oman,HG Munsey,KJ Coetzer,Bilal Khan,1,0,,,,,,,,,
1074968,2016/17,2017-01-19,Dubai International Cricket Stadium,2,4.6,Scotland,Oman,KJ Coetzer,HG Munsey,Bilal Khan,1,0,,,,,,,,,
1074968,2016/17,2017-01-19,Dubai International Cricket Stadium,2,5.1,Scotland,Oman,KJ Coetzer,HG Munsey,Kaleemullah,1,0,,,,,,,,,
1074968,2016/17,2017-01-19,Dubai International Cricket Stadium,2,5.2,Scotland,Oman,HG Munsey,KJ Coetzer,Kaleemullah,0,0,,,,,,,,,
1074968,2016/17,2017-01-19,Dubai International Cricket Stadium,2,5.3,Scotland,Oman,HG Munsey,KJ Coetzer,Kaleemullah,0,2,,,2,,,,,,
1074968,2016/17,2017-01-19,Dubai International Cricket Stadium,2,5.4,Scotland,Oman,HG Munsey,KJ Coetzer,Kaleemullah,0,1,1,,,,,,,,
1074968,2016/17,2017-01-19,Dubai International Cricket Stadium,2,5.5,Scotland,Oman,HG Munsey,KJ Coetzer,Kaleemullah,1,0,,,,,,,,,
1074968,2016/17,2017-01-19,Dubai International Cricket Stadium,2,5.6,Scotland,Oman,KJ Coetzer,HG Munsey,Kaleemullah,1,0,,,,,,,,,
1074968,2016/17,2017-01-19,Dubai International Cricket Stadium,2,5.7,Scotland,Oman,HG Munsey,KJ Coetzer,Kaleemullah,2,0,,,,,,,,,
1074968,2016/17,2017-01-19,Dubai International Cricket Stadium,2,6.1,Scotland,Oman,KJ Coetzer,HG Munsey,Zeeshan Maqsood,1,0,,,,,,,,,
1074968,2016/17,2017-01-19,Dubai International Cricket Stadium,2,6.2,Scotland,Oman,HG Munsey,KJ Coetzer,Zeeshan Maqsood,1,0,,,,,,,,,
1074968,2016/17,2017-01-19,Dubai International Cricket Stadium,2,6.3,Scotland,Oman,KJ Coetzer,HG Munsey,Zeeshan Maqsood,0,0,,,,,,lbw,KJ Coetzer,,
1074968,2016/17,2017-01-19,Dubai International Cricket Stadium,2,6.4,Scotland,Oman,MH Cross,HG Munsey,Zeeshan Maqsood,0,0,,,,,,,,,
1074968,2016/17,2017-01-19,Dubai International Cricket Stadium,2,6.5,Scotland,Oman,MH Cross,HG Munsey,Zeeshan Maqsood,0,0,,,,,,,,,
1074968,2016/17,2017-01-19,Dubai International Cricket Stadium,2,6.6,Scotland,Oman,MH Cross,HG Munsey,Zeeshan Maqsood,1,0,,,,,,,,,
1074968,2016/17,2017-01-19,Dubai International Cricket Stadium,2,7.1,Scotland,Oman,MH Cross,HG Munsey,Kaleemullah,0,0,,,,,,,,,
1074968,2016/17,2017-01-19,Dubai International Cricket Stadium,2,7.2,Scotland,Oman,MH Cross,HG Munsey,Kaleemullah,0,0,,,,,,,,,
1074968,2016/17,2017-01-19,Dubai International Cricket Stadium,2,7.3,Scotland,Oman,MH Cross,HG Munsey,Kaleemullah,0,0,,,,,,,,,
1074968,2016/17,2017-01-19,Dubai International Cricket Stadium,2,7.4,Scotland,Oman,MH Cross,HG Munsey,Kaleemullah,1,0,,,,,,,,,
1074968,2016/17,2017-01-19,Dubai International Cricket Stadium,2,7.5,Scotland,Oman,HG Munsey,MH Cross,Kaleemullah,1,0,,,,,,,,,
1074968,2016/17,2017-01-19,Dubai International Cricket Stadium,2,7.6,Scotland,Oman,MH Cross,HG Munsey,Kaleemullah,1,0,,,,,,,,,
1074968,2016/17,2017-01-19,Dubai International Cricket Stadium,2,8.1,Scotland,Oman,MH Cross,HG Munsey,Khawar Ali,0,1,,,,1,,,,,
1074968,2016/17,2017-01-19,Dubai International Cricket Stadium,2,8.2,Scotland,Oman,HG Munsey,MH Cross,Khawar Ali,0,0,,,,,,caught and bowled,HG Munsey,,
1074968,2016/17,2017-01-19,Dubai International Cricket Stadium,2,8.3,Scotland,Oman,CS MacLeod,MH Cross,Khawar Ali,0,0,,,,,,,,,
1074968,2016/17,2017-01-19,Dubai International Cricket Stadium,2,8.4,Scotland,Oman,CS MacLeod,MH Cross,Khawar Ali,1,0,,,,,,,,,
1074968,2016/17,2017-01-19,Dubai International Cricket Stadium,2,8.5,Scotland,Oman,MH Cross,CS MacLeod,Khawar Ali,2,0,,,,,,,,,
1074968,2016/17,2017-01-19,Dubai International Cricket Stadium,2,8.6,Scotland,Oman,MH Cross,CS MacLeod,Khawar Ali,0,1,1,,,,,,,,
1074968,2016/17,2017-01-19,Dubai International Cricket Stadium,2,8.7,Scotland,Oman,MH Cross,CS MacLeod,Khawar Ali,1,0,,,,,,,,,
1074968,2016/17,2017-01-19,Dubai International Cricket Stadium,2,9.1,Scotland,Oman,MH Cross,CS MacLeod,AV Lalcheta,0,0,,,,,,,,,
1074968,2016/17,2017-01-19,Dubai International Cricket Stadium,2,9.2,Scotland,Oman,MH Cross,CS MacLeod,AV Lalcheta,1,0,,,,,,,,,
1074968,2016/17,2017-01-19,Dubai International Cricket Stadium,2,9.3,Scotland,Oman,CS MacLeod,MH Cross,AV Lalcheta,0,0,,,,,,,,,
1074968,2016/17,2017-01-19,Dubai International Cricket Stadium,2,9.4,Scotland,Oman,CS MacLeod,MH Cross,AV Lalcheta,2,0,,,,,,,,,
1074968,2016/17,2017-01-19,Dubai International Cricket Stadium,2,9.5,Scotland,Oman,CS MacLeod,MH Cross,AV Lalcheta,1,0,,,,,,,,,
1074968,2016/17,2017-01-19,Dubai International Cricket Stadium,2,9.6,Scotland,Oman,MH Cross,CS MacLeod,AV Lalcheta,1,0,,,,,,,,,
1074968,2016/17,2017-01-19,Dubai International Cricket Stadium,2,10.1,Scotland,Oman,MH Cross,CS MacLeod,Khawar Ali,1,0,,,,,,,,,
1074968,2016/17,2017-01-19,Dubai International Cricket Stadium,2,10.2,Scotland,Oman,CS MacLeod,MH Cross,Khawar Ali,1,0,,,,,,,,,
1074968,2016/17,2017-01-19,Dubai International Cricket Stadium,2,10.3,Scotland,Oman,MH Cross,CS MacLeod,Khawar Ali,1,0,,,,,,,,,
1074968,2016/17,2017-01-19,Dubai International Cricket Stadium,2,10.4,Scotland,Oman,CS MacLeod,MH Cross,Khawar Ali,1,0,,,,,,,,,
1074968,2016/17,2017-01-19,Dubai International Cricket Stadium,2,10.5,Scotland,Oman,MH Cross,CS MacLeod,Khawar Ali,1,0,,,,,,,,,
1074968,2016/17,2017-01-19,Dubai International Cricket Stadium,2,10.6,Scotland,Oman,CS MacLeod,MH Cross,Khawar Ali,0,0,,,,,,,,,
1074968,2016/17,2017-01-19,Dubai International Cricket Stadium,2,11.1,Scotland,Oman,MH Cross,CS MacLeod,AV Lalcheta,0,0,,,,,,,,,
1074968,2016/17,2017-01-19,Dubai International Cricket Stadium,2,11.2,Scotland,Oman,MH Cross,CS MacLeod,AV Lalcheta,6,0,,,,,,,,,
1074968,2016/17,2017-01-19,Dubai International Cricket Stadium,2,11.3,Scotland,Oman,MH Cross,CS MacLeod,AV Lalcheta,0,0,,,,,,,,,
1074968,2016/17,2017-01-19,Dubai International Cricket Stadium,2,11.4,Scotland,Oman,MH Cross,CS MacLeod,AV Lalcheta,1,0,,,,,,,,,
1074968,2016/17,2017-01-19,Dubai International Cricket Stadium,2,11.5,Scotland,Oman,CS MacLeod,MH Cross,AV Lalcheta,0,0,,,,,,,,,
1074968,2016/17,2017-01-19,Dubai International Cricket Stadium,2,11.6,Scotland,Oman,CS MacLeod,MH Cross,AV Lalcheta,1,0,,,,,,,,,
1074968,2016/17,2017-01-19,Dubai International Cricket Stadium,2,12.1,Scotland,Oman,CS MacLeod,MH Cross,Khawar Ali,1,0,,,,,,,,,
1074968,2016/17,2017-01-19,Dubai International Cricket Stadium,2,12.2,Scotland,Oman,MH Cross,CS MacLeod,Khawar Ali,1,0,,,,,,,,,
1074968,2016/17,2017-01-19,Dubai International Cricket Stadium,2,12.3,Scotland,Oman,CS MacLeod,MH Cross,Khawar Ali,1,0,,,,,,,,,
1074968,2016/17,2017-01-19,Dubai International Cricket Stadium,2,12.4,Scotland,Oman,MH Cross,CS MacLeod,Khawar Ali,1,0,,,,,,,,,
1074968,2016/17,2017-01-19,Dubai International Cricket Stadium,2,12.5,Scotland,Oman,CS MacLeod,MH Cross,Khawar Ali,4,0,,,,,,,,,
1074968,2016/17,2017-01-19,Dubai International Cricket Stadium,2,12.6,Scotland,Oman,CS MacLeod,MH Cross,Khawar Ali,0,0,,,,,,,,,
1074968,2016/17,2017-01-19,Dubai International Cricket Stadium,2,13.1,Scotland,Oman,MH Cross,CS MacLeod,Zeeshan Maqsood,1,0,,,,,,,,,
1074968,2016/17,2017-01-19,Dubai International Cricket Stadium,2,13.2,Scotland,Oman,CS MacLeod,MH Cross,Zeeshan Maqsood,0,0,,,,,,,,,
1074968,2016/17,2017-01-19,Dubai International Cricket Stadium,2,13.3,Scotland,Oman,CS MacLeod,MH Cross,Zeeshan Maqsood,1,0,,,,,,,,,
1074968,2016/17,2017-01-19,Dubai International Cricket Stadium,2,13.4,Scotland,Oman,MH Cross,CS MacLeod,Zeeshan Maqsood,1,0,,,,,,,,,
1074968,2016/17,2017-01-19,Dubai International Cricket Stadium,2,13.5,Scotland,Oman,CS MacLeod,MH Cross,Zeeshan Maqsood,1,0,,,,,,,,,
1074968,2016/17,2017-01-19,Dubai International Cricket Stadium,2,13.6,Scotland,Oman,MH Cross,CS MacLeod,Zeeshan Maqsood,1,0,,,,,,,,,
1074968,2016/17,2017-01-19,Dubai International Cricket Stadium,2,14.1,Scotland,Oman,MH Cross,CS MacLeod,Mohammad Nadeem,0,0,,,,,,,,,
1074968,2016/17,2017-01-19,Dubai International Cricket Stadium,2,14.2,Scotland,Oman,MH Cross,CS MacLeod,Mohammad Nadeem,6,0,,,,,,,,,
1074968,2016/17,2017-01-19,Dubai International Cricket Stadium,2,14.3,Scotland,Oman,MH Cross,CS MacLeod,Mohammad Nadeem,1,0,,,,,,,,,
1074968,2016/17,2017-01-19,Dubai International Cricket Stadium,2,14.4,Scotland,Oman,CS MacLeod,MH Cross,Mohammad Nadeem,1,0,,,,,,,,,
1074968,2016/17,2017-01-19,Dubai International Cricket Stadium,2,14.5,Scotland,Oman,MH Cross,CS MacLeod,Mohammad Nadeem,4,0,,,,,,,,,
1074968,2016/17,2017-01-19,Dubai International Cricket Stadium,2,14.6,Scotland,Oman,MH Cross,CS MacLeod,Mohammad Nadeem,1,0,,,,,,,,,
1074968,2016/17,2017-01-19,Dubai International Cricket Stadium,2,15.1,Scotland,Oman,MH Cross,CS MacLeod,Zeeshan Maqsood,1,0,,,,,,,,,
1074968,2016/17,2017-01-19,Dubai International Cricket Stadium,2,15.2,Scotland,Oman,CS MacLeod,MH Cross,Zeeshan Maqsood,6,0,,,,,,,,,
1074968,2016/17,2017-01-19,Dubai International Cricket Stadium,2,15.3,Scotland,Oman,CS MacLeod,MH Cross,Zeeshan Maqsood,1,0,,,,,,,,,
1074968,2016/17,2017-01-19,Dubai International Cricket Stadium,2,15.4,Scotland,Oman,MH Cross,CS MacLeod,Zeeshan Maqsood,1,0,,,,,,,,,
1074968,2016/17,2017-01-19,Dubai International Cricket Stadium,2,15.5,Scotland,Oman,CS MacLeod,MH Cross,Zeeshan Maqsood,1,0,,,,,,,,,
1074968,2016/17,2017-01-19,Dubai International Cricket Stadium,2,15.6,Scotland,Oman,MH Cross,CS MacLeod,Zeeshan Maqsood,1,0,,,,,,,,,
1074968,2016/17,2017-01-19,Dubai International Cricket Stadium,2,16.1,Scotland,Oman,MH Cross,CS MacLeod,Bilal Khan,4,0,,,,,,,,,
1074968,2016/17,2017-01-19,Dubai International Cricket Stadium,2,16.2,Scotland,Oman,MH Cross,CS MacLeod,Bilal Khan,0,0,,,,,,,,,
1074968,2016/17,2017-01-19,Dubai International Cricket Stadium,2,16.3,Scotland,Oman,MH Cross,CS MacLeod,Bilal Khan,0,1,,1,,,,,,,
1074968,2016/17,2017-01-19,Dubai International Cricket Stadium,2,16.4,Scotland,Oman,MH Cross,CS MacLeod,Bilal Khan,4,0,,,,,,,,,
1074968,2016/17,2017-01-19,Dubai International Cricket Stadium,2,16.5,Scotland,Oman,MH Cross,CS MacLeod,Bilal Khan,1,0,,,,,,,,,
1074968,2016/17,2017-01-19,Dubai International Cricket Stadium,2,16.6,Scotland,Oman,CS MacLeod,MH Cross,Bilal Khan,1,0,,,,,,,,,
1074968,2016/17,2017-01-19,Dubai International Cricket Stadium,2,16.7,Scotland,Oman,MH Cross,CS MacLeod,Bilal Khan,0,0,,,,,,caught,MH Cross,,
1074968,2016/17,2017-01-19,Dubai International Cricket Stadium,2,17.1,Scotland,Oman,CD Wallace,CS MacLeod,Kaleemullah,1,0,,,,,,,,,
1074968,2016/17,2017-01-19,Dubai International Cricket Stadium,2,17.2,Scotland,Oman,CS MacLeod,CD Wallace,Kaleemullah,0,0,,,,,,,,,
1074968,2016/17,2017-01-19,Dubai International Cricket Stadium,2,17.3,Scotland,Oman,CS MacLeod,CD Wallace,Kaleemullah,0,0,,,,,,,,,
1074968,2016/17,2017-01-19,Dubai International Cricket Stadium,2,17.4,Scotland,Oman,CS MacLeod,CD Wallace,Kaleemullah,1,0,,,,,,,,,
1074968,2016/17,2017-01-19,Dubai International Cricket Stadium,2,17.5,Scotland,Oman,CD Wallace,CS MacLeod,Kaleemullah,1,0,,,,,,,,,
1074968,2016/17,2017-01-19,Dubai International Cricket Stadium,2,17.6,Scotland,Oman,CS MacLeod,CD Wallace,Kaleemullah,2,0,,,,,,,,,
1074968,2016/17,2017-01-19,Dubai International Cricket Stadium,2,18.1,Scotland,Oman,CD Wallace,CS MacLeod,Khawar Ali,2,0,,,,,,,,,
1074968,2016/17,2017-01-19,Dubai International Cricket Stadium,2,18.2,Scotland,Oman,CD Wallace,CS MacLeod,Khawar Ali,1,0,,,,,,,,,
1074968,2016/17,2017-01-19,Dubai International Cricket Stadium,2,18.3,Scotland,Oman,CS MacLeod,CD Wallace,Khawar Ali,4,0,,,,,,,,,
1074968,2016/17,2017-01-19,Dubai International Cricket Stadium,2,18.4,Scotland,Oman,CS MacLeod,CD Wallace,Khawar Ali,0,0,,,,,,,,,
1074968,2016/17,2017-01-19,Dubai International Cricket Stadium,2,18.5,Scotland,Oman,CS MacLeod,CD Wallace,Khawar Ali,2,0,,,,,,,,,
1074968,2016/17,2017-01-19,Dubai International Cricket Stadium,2,18.6,Scotland,Oman,CS MacLeod,CD Wallace,Khawar Ali,1,0,,,,,,,,,
