match_id,season,start_date,venue,innings,ball,batting_team,bowling_team,striker,non_striker,bowler,runs_off_bat,extras,wides,noballs,byes,legbyes,penalty,wicket_type,player_dismissed,other_wicket_type,other_player_dismissed
1086069,2017/18,2017-11-21,Manuka Oval,1,0.1,Australia,England,BL Mooney,AJ Healy,A Shrubsole,4,0,,,,,,,,,
1086069,2017/18,2017-11-21,Manuka Oval,1,0.2,Australia,England,BL Mooney,AJ Healy,A Shrubsole,0,0,,,,,,,,,
1086069,2017/18,2017-11-21,Manuka Oval,1,0.3,Australia,England,BL Mooney,AJ Healy,A Shrubsole,0,0,,,,,,,,,
1086069,2017/18,2017-11-21,Manuka Oval,1,0.4,Australia,England,BL Mooney,AJ Healy,A Shrubsole,0,1,1,,,,,,,,
1086069,2017/18,2017-11-21,Manuka Oval,1,0.5,Australia,England,BL Mooney,AJ Healy,A Shrubsole,0,0,,,,,,,,,
1086069,2017/18,2017-11-21,Manuka Oval,1,0.6,Australia,England,BL Mooney,AJ Healy,A Shrubsole,1,0,,,,,,,,,
1086069,2017/18,2017-11-21,Manuka Oval,1,0.7,Australia,England,AJ Healy,BL Mooney,A Shrubsole,1,0,,,,,,,,,
1086069,2017/18,2017-11-21,Manuka Oval,1,1.1,Australia,England,AJ Healy,BL Mooney,S Ecclestone,0,0,,,,,,,,,
1086069,2017/18,2017-11-21,Manuka Oval,1,1.2,Australia,England,AJ Healy,BL Mooney,S Ecclestone,0,0,,,,,,,,,
1086069,2017/18,2017-11-21,Manuka Oval,1,1.3,Australia,England,AJ Healy,BL Mooney,S Ecclestone,1,0,,,,,,,,,
1086069,2017/18,2017-11-21,Manuka Oval,1,1.4,Australia,England,BL Mooney,AJ Healy,S Ecclestone,0,0,,,,,,,,,
1086069,2017/18,2017-11-21,Manuka Oval,1,1.5,Australia,England,BL Mooney,AJ Healy,S Ecclestone,4,0,,,,,,,,,
1086069,2017/18,2017-11-21,Manuka Oval,1,1.6,Australia,England,BL Mooney,AJ Healy,S Ecclestone,0,0,,,,,,,,,
1086069,2017/18,2017-11-21,Manuka Oval,1,2.1,Australia,England,AJ Healy,BL Mooney,D Hazell,1,0,,,,,,,,,
1086069,2017/18,2017-11-21,Manuka Oval,1,2.2,Australia,England,BL Mooney,AJ Healy,D Hazell,4,0,,,,,,,,,
1086069,2017/18,2017-11-21,Manuka Oval,1,2.3,Australia,England,BL Mooney,AJ Healy,D Hazell,0,0,,,,,,,,,
1086069,2017/18,2017-11-21,Manuka Oval,1,2.4,Australia,England,BL Mooney,AJ Healy,D Hazell,0,0,,,,,,,,,
1086069,2017/18,2017-11-21,Manuka Oval,1,2.5,Australia,England,BL Mooney,AJ Healy,D Hazell,1,0,,,,,,,,,
1086069,2017/18,2017-11-21,Manuka Oval,1,2.6,Australia,England,AJ Healy,BL Mooney,D Hazell,1,0,,,,,,,,,
1086069,2017/18,2017-11-21,Manuka Oval,1,3.1,Australia,England,AJ Healy,BL Mooney,S Ecclestone,0,0,,,,,,,,,
1086069,2017/18,2017-11-21,Manuka Oval,1,3.2,Australia,England,AJ Healy,BL Mooney,S Ecclestone,1,0,,,,,,,,,
1086069,2017/18,2017-11-21,Manuka Oval,1,3.3,Australia,England,BL Mooney,AJ Healy,S Ecclestone,4,0,,,,,,,,,
1086069,2017/18,2017-11-21,Manuka Oval,1,3.4,Australia,England,BL Mooney,AJ Healy,S Ecclestone,4,0,,,,,,,,,
1086069,2017/18,2017-11-21,Manuka Oval,1,3.5,Australia,England,BL Mooney,AJ Healy,S Ecclestone,0,0,,,,,,,,,
1086069,2017/18,2017-11-21,Manuka Oval,1,3.6,Australia,England,BL Mooney,AJ Healy,S Ecclestone,1,0,,,,,,,,,
1086069,2017/18,2017-11-21,Manuka Oval,1,4.1,Australia,England,BL Mooney,AJ Healy,D Hazell,1,0,,,,,,,,,
1086069,2017/18,2017-11-21,Manuka Oval,1,4.2,Australia,England,AJ Healy,BL Mooney,D Hazell,4,0,,,,,,,,,
1086069,2017/18,2017-11-21,Manuka Oval,1,4.3,Australia,England,AJ Healy,BL Mooney,D Hazell,0,0,,,,,,,,,
1086069,2017/18,2017-11-21,Manuka Oval,1,4.4,Australia,England,AJ Healy,BL Mooney,D Hazell,4,0,,,,,,,,,
1086069,2017/18,2017-11-21,Manuka Oval,1,4.5,Australia,England,AJ Healy,BL Mooney,D Hazell,1,0,,,,,,,,,
1086069,2017/18,2017-11-21,Manuka Oval,1,4.6,Australia,England,BL Mooney,AJ Healy,D Hazell,1,0,,,,,,,,,
1086069,2017/18,2017-11-21,Manuka Oval,1,5.1,Australia,England,BL Mooney,AJ Healy,KH Brunt,4,0,,,,,,,,,
1086069,2017/18,2017-11-21,Manuka Oval,1,5.2,Australia,England,BL Mooney,AJ Healy,KH Brunt,2,0,,,,,,,,,
1086069,2017/18,2017-11-21,Manuka Oval,1,5.3,Australia,England,BL Mooney,AJ Healy,KH Brunt,0,0,,,,,,,,,
1086069,2017/18,2017-11-21,Manuka Oval,1,5.4,Australia,England,BL Mooney,AJ Healy,KH Brunt,0,0,,,,,,,,,
1086069,2017/18,2017-11-21,Manuka Oval,1,5.5,Australia,England,BL Mooney,AJ Healy,KH Brunt,0,0,,,,,,,,,
1086069,2017/18,2017-11-21,Manuka Oval,1,5.6,Australia,England,BL Mooney,AJ Healy,KH Brunt,1,0,,,,,,,,,
1086069,2017/18,2017-11-21,Manuka Oval,1,6.1,Australia,England,BL Mooney,AJ Healy,JL Gunn,0,0,,,,,,,,,
1086069,2017/18,2017-11-21,Manuka Oval,1,6.2,Australia,England,BL Mooney,AJ Healy,JL Gunn,1,0,,,,,,,,,
1086069,2017/18,2017-11-21,Manuka Oval,1,6.3,Australia,England,AJ Healy,BL Mooney,JL Gunn,1,0,,,,,,,,,
1086069,2017/18,2017-11-21,Manuka Oval,1,6.4,Australia,England,BL Mooney,AJ Healy,JL Gunn,4,0,,,,,,,,,
1086069,2017/18,2017-11-21,Manuka Oval,1,6.5,Australia,England,BL Mooney,AJ Healy,JL Gunn,1,0,,,,,,,,,
1086069,2017/18,2017-11-21,Manuka Oval,1,6.6,Australia,England,AJ Healy,BL Mooney,JL Gunn,0,0,,,,,,,,,
1086069,2017/18,2017-11-21,Manuka Oval,1,7.1,Australia,England,BL Mooney,AJ Healy,KH Brunt,1,0,,,,,,,,,
1086069,2017/18,2017-11-21,Manuka Oval,1,7.2,Australia,England,AJ Healy,BL Mooney,KH Brunt,4,0,,,,,,,,,
1086069,2017/18,2017-11-21,Manuka Oval,1,7.3,Australia,England,AJ Healy,BL Mooney,KH Brunt,0,0,,,,,,,,,
1086069,2017/18,2017-11-21,Manuka Oval,1,7.4,Australia,England,AJ Healy,BL Mooney,KH Brunt,0,0,,,,,,caught,AJ Healy,,
1086069,2017/18,2017-11-21,Manuka Oval,1,7.5,Australia,England,EJ Villani,BL Mooney,KH Brunt,0,1,,,,1,,,,,
1086069,2017/18,2017-11-21,Manuka Oval,1,7.6,Australia,England,BL Mooney,EJ Villani,KH Brunt,0,0,,,,,,,,,
1086069,2017/18,2017-11-21,Manuka Oval,1,8.1,Australia,England,EJ Villani,BL Mooney,A Shrubsole,0,0,,,,,,,,,
1086069,2017/18,2017-11-21,Manuka Oval,1,8.2,Australia,England,EJ Villani,BL Mooney,A Shrubsole,6,0,,,,,,,,,
1086069,2017/18,2017-11-21,Manuka Oval,1,8.3,Australia,England,EJ Villani,BL Mooney,A Shrubsole,1,0,,,,,,,,,
1086069,2017/18,2017-11-21,Manuka Oval,1,8.4,Australia,England,BL Mooney,EJ Villani,A Shrubsole,0,0,,,,,,,,,
1086069,2017/18,2017-11-21,Manuka Oval,1,8.5,Australia,England,BL Mooney,EJ Villani,A Shrubsole,4,0,,,,,,,,,
1086069,2017/18,2017-11-21,Manuka Oval,1,8.6,Australia,England,BL Mooney,EJ Villani,A Shrubsole,0,0,,,,,,,,,
1086069,2017/18,2017-11-21,Manuka Oval,1,9.1,Australia,England,EJ Villani,BL Mooney,KH Brunt,0,0,,,,,,,,,
1086069,2017/18,2017-11-21,Manuka Oval,1,9.2,Australia,England,EJ Villani,BL Mooney,KH Brunt,1,0,,,,,,,,,
1086069,2017/18,2017-11-21,Manuka Oval,1,9.3,Australia,England,BL Mooney,EJ Villani,KH Brunt,1,0,,,,,,,,,
1086069,2017/18,2017-11-21,Manuka Oval,1,9.4,Australia,England,EJ Villani,BL Mooney,KH Brunt,0,0,,,,,,,,,
1086069,2017/18,2017-11-21,Manuka Oval,1,9.5,Australia,England,EJ Villani,BL Mooney,KH Brunt,1,0,,,,,,,,,
1086069,2017/18,2017-11-21,Manuka Oval,1,9.6,Australia,England,BL Mooney,EJ Villani,KH Brunt,4,0,,,,,,,,,
1086069,2017/18,2017-11-21,Manuka Oval,1,10.1,Australia,England,EJ Villani,BL Mooney,HC Knight,1,0,,,,,,,,,
1086069,2017/18,2017-11-21,Manuka Oval,1,10.2,Australia,England,BL Mooney,EJ Villani,HC Knight,0,0,,,,,,,,,
1086069,2017/18,2017-11-21,Manuka Oval,1,10.3,Australia,England,BL Mooney,EJ Villani,HC Knight,1,0,,,,,,,,,
1086069,2017/18,2017-11-21,Manuka Oval,1,10.4,Australia,England,EJ Villani,BL Mooney,HC Knight,1,0,,,,,,,,,
1086069,2017/18,2017-11-21,Manuka Oval,1,10.5,Australia,England,BL Mooney,EJ Villani,HC Knight,1,0,,,,,,,,,
1086069,2017/18,2017-11-21,Manuka Oval,1,10.6,Australia,England,EJ Villani,BL Mooney,HC Knight,4,0,,,,,,,,,
1086069,2017/18,2017-11-21,Manuka Oval,1,11.1,Australia,England,BL Mooney,EJ Villani,S Ecclestone,4,0,,,,,,,,,
1086069,2017/18,2017-11-21,Manuka Oval,1,11.2,Australia,England,BL Mooney,EJ Villani,S Ecclestone,1,0,,,,,,,,,
1086069,2017/18,2017-11-21,Manuka Oval,1,11.3,Australia,England,EJ Villani,BL Mooney,S Ecclestone,1,0,,,,,,,,,
1086069,2017/18,2017-11-21,Manuka Oval,1,11.4,Australia,England,BL Mooney,EJ Villani,S Ecclestone,1,0,,,,,,,,,
1086069,2017/18,2017-11-21,Manuka Oval,1,11.5,Australia,England,EJ Villani,BL Mooney,S Ecclestone,0,0,,,,,,bowled,EJ Villani,,
1086069,2017/18,2017-11-21,Manuka Oval,1,11.6,Australia,England,EA Perry,BL Mooney,S Ecclestone,1,0,,,,,,,,,
1086069,2017/18,2017-11-21,Manuka Oval,1,12.1,Australia,England,EA Perry,BL Mooney,D Hazell,0,0,,,,,,,,,
1086069,2017/18,2017-11-21,Manuka Oval,1,12.2,Australia,England,EA Perry,BL Mooney,D Hazell,1,0,,,,,,,,,
1086069,2017/18,2017-11-21,Manuka Oval,1,12.3,Australia,England,BL Mooney,EA Perry,D Hazell,0,0,,,,,,,,,
1086069,2017/18,2017-11-21,Manuka Oval,1,12.4,Australia,England,BL Mooney,EA Perry,D Hazell,1,0,,,,,,,,,
1086069,2017/18,2017-11-21,Manuka Oval,1,12.5,Australia,England,EA Perry,BL Mooney,D Hazell,0,1,1,,,,,,,,
1086069,2017/18,2017-11-21,Manuka Oval,1,12.6,Australia,England,EA Perry,BL Mooney,D Hazell,0,0,,,,,,,,,
1086069,2017/18,2017-11-21,Manuka Oval,1,12.7,Australia,England,EA Perry,BL Mooney,D Hazell,0,0,,,,,,,,,
1086069,2017/18,2017-11-21,Manuka Oval,1,13.1,Australia,England,BL Mooney,EA Perry,HC Knight,0,0,,,,,,,,,
1086069,2017/18,2017-11-21,Manuka Oval,1,13.2,Australia,England,BL Mooney,EA Perry,HC Knight,4,0,,,,,,,,,
1086069,2017/18,2017-11-21,Manuka Oval,1,13.3,Australia,England,BL Mooney,EA Perry,HC Knight,2,0,,,,,,,,,
1086069,2017/18,2017-11-21,Manuka Oval,1,13.4,Australia,England,BL Mooney,EA Perry,HC Knight,4,0,,,,,,,,,
1086069,2017/18,2017-11-21,Manuka Oval,1,13.5,Australia,England,BL Mooney,EA Perry,HC Knight,1,0,,,,,,,,,
1086069,2017/18,2017-11-21,Manuka Oval,1,13.6,Australia,England,EA Perry,BL Mooney,HC Knight,1,0,,,,,,,,,
1086069,2017/18,2017-11-21,Manuka Oval,1,14.1,Australia,England,EA Perry,BL Mooney,KH Brunt,1,0,,,,,,,,,
1086069,2017/18,2017-11-21,Manuka Oval,1,14.2,Australia,England,BL Mooney,EA Perry,KH Brunt,2,0,,,,,,,,,
1086069,2017/18,2017-11-21,Manuka Oval,1,14.3,Australia,England,BL Mooney,EA Perry,KH Brunt,1,0,,,,,,,,,
1086069,2017/18,2017-11-21,Manuka Oval,1,14.4,Australia,England,EA Perry,BL Mooney,KH Brunt,0,0,,,,,,,,,
1086069,2017/18,2017-11-21,Manuka Oval,1,14.5,Australia,England,EA Perry,BL Mooney,KH Brunt,0,0,,,,,,,,,
1086069,2017/18,2017-11-21,Manuka Oval,1,14.6,Australia,England,EA Perry,BL Mooney,KH Brunt,0,1,1,,,,,,,,
1086069,2017/18,2017-11-21,Manuka Oval,1,14.7,Australia,England,EA Perry,BL Mooney,KH Brunt,1,0,,,,,,,,,
1086069,2017/18,2017-11-21,Manuka Oval,1,15.1,Australia,England,EA Perry,BL Mooney,JL Gunn,1,0,,,,,,,,,
1086069,2017/18,2017-11-21,Manuka Oval,1,15.2,Australia,England,BL Mooney,EA Perry,JL Gunn,4,0,,,,,,,,,
1086069,2017/18,2017-11-21,Manuka Oval,1,15.3,Australia,England,BL Mooney,EA Perry,JL Gunn,4,0,,,,,,,,,
1086069,2017/18,2017-11-21,Manuka Oval,1,15.4,Australia,England,BL Mooney,EA Perry,JL Gunn,1,0,,,,,,,,,
1086069,2017/18,2017-11-21,Manuka Oval,1,15.5,Australia,England,EA Perry,BL Mooney,JL Gunn,1,0,,,,,,,,,
1086069,2017/18,2017-11-21,Manuka Oval,1,15.6,Australia,England,BL Mooney,EA Perry,JL Gunn,1,0,,,,,,,,,
1086069,2017/18,2017-11-21,Manuka Oval,1,16.1,Australia,England,BL Mooney,EA Perry,S Ecclestone,1,0,,,,,,,,,
1086069,2017/18,2017-11-21,Manuka Oval,1,16.2,Australia,England,EA Perry,BL Mooney,S Ecclestone,1,0,,,,,,,,,
1086069,2017/18,2017-11-21,Manuka Oval,1,16.3,Australia,England,BL Mooney,EA Perry,S Ecclestone,2,0,,,,,,,,,
1086069,2017/18,2017-11-21,Manuka Oval,1,16.4,Australia,England,BL Mooney,EA Perry,S Ecclestone,0,0,,,,,,,,,
1086069,2017/18,2017-11-21,Manuka Oval,1,16.5,Australia,England,BL Mooney,EA Perry,S Ecclestone,6,0,,,,,,,,,
1086069,2017/18,2017-11-21,Manuka Oval,1,16.6,Australia,England,BL Mooney,EA Perry,S Ecclestone,1,0,,,,,,,,,
1086069,2017/18,2017-11-21,Manuka Oval,1,17.1,Australia,England,BL Mooney,EA Perry,JL Gunn,4,0,,,,,,,,,
1086069,2017/18,2017-11-21,Manuka Oval,1,17.2,Australia,England,BL Mooney,EA Perry,JL Gunn,0,0,,,,,,,,,
1086069,2017/18,2017-11-21,Manuka Oval,1,17.3,Australia,England,BL Mooney,EA Perry,JL Gunn,1,0,,,,,,,,,
1086069,2017/18,2017-11-21,Manuka Oval,1,17.4,Australia,England,EA Perry,BL Mooney,JL Gunn,4,0,,,,,,,,,
1086069,2017/18,2017-11-21,Manuka Oval,1,17.5,Australia,England,EA Perry,BL Mooney,JL Gunn,1,0,,,,,,,,,
1086069,2017/18,2017-11-21,Manuka Oval,1,17.6,Australia,England,BL Mooney,EA Perry,JL Gunn,2,0,,,,,,,,,
1086069,2017/18,2017-11-21,Manuka Oval,1,18.1,Australia,England,EA Perry,BL Mooney,D Hazell,1,0,,,,,,,,,
1086069,2017/18,2017-11-21,Manuka Oval,1,18.2,Australia,England,BL Mooney,EA Perry,D Hazell,1,0,,,,,,,,,
1086069,2017/18,2017-11-21,Manuka Oval,1,18.3,Australia,England,EA Perry,BL Mooney,D Hazell,2,0,,,,,,,,,
1086069,2017/18,2017-11-21,Manuka Oval,1,18.4,Australia,England,EA Perry,BL Mooney,D Hazell,1,0,,,,,,,,,
1086069,2017/18,2017-11-21,Manuka Oval,1,18.5,Australia,England,BL Mooney,EA Perry,D Hazell,1,0,,,,,,,,,
1086069,2017/18,2017-11-21,Manuka Oval,1,18.6,Australia,England,EA Perry,BL Mooney,D Hazell,4,0,,,,,,,,,
1086069,2017/18,2017-11-21,Manuka Oval,1,19.1,Australia,England,BL Mooney,EA Perry,A Shrubsole,1,0,,,,,,,,,
1086069,2017/18,2017-11-21,Manuka Oval,1,19.2,Australia,England,EA Perry,BL Mooney,A Shrubsole,1,0,,,,,,,,,
1086069,2017/18,2017-11-21,Manuka Oval,1,19.3,Australia,England,BL Mooney,EA Perry,A Shrubsole,4,0,,,,,,,,,
1086069,2017/18,2017-11-21,Manuka Oval,1,19.4,Australia,England,BL Mooney,EA Perry,A Shrubsole,4,0,,,,,,,,,
1086069,2017/18,2017-11-21,Manuka Oval,1,19.5,Australia,England,BL Mooney,EA Perry,A Shrubsole,4,0,,,,,,,,,
1086069,2017/18,2017-11-21,Manuka Oval,1,19.6,Australia,England,BL Mooney,EA Perry,A Shrubsole,4,0,,,,,,,,,
1086069,2017/18,2017-11-21,Manuka Oval,2,0.1,England,Australia,DN Wyatt,TT Beaumont,JL Jonassen,0,0,,,,,,,,,
1086069,2017/18,2017-11-21,Manuka Oval,2,0.2,England,Australia,DN Wyatt,TT Beaumont,JL Jonassen,1,0,,,,,,,,,
1086069,2017/18,2017-11-21,Manuka Oval,2,0.3,England,Australia,TT Beaumont,DN Wyatt,JL Jonassen,1,0,,,,,,,,,
1086069,2017/18,2017-11-21,Manuka Oval,2,0.4,England,Australia,DN Wyatt,TT Beaumont,JL Jonassen,1,0,,,,,,,,,
1086069,2017/18,2017-11-21,Manuka Oval,2,0.5,England,Australia,TT Beaumont,DN Wyatt,JL Jonassen,0,0,,,,,,caught,TT Beaumont,,
1086069,2017/18,2017-11-21,Manuka Oval,2,0.6,England,Australia,DN Wyatt,SJ Taylor,JL Jonassen,0,0,,,,,,,,,
1086069,2017/18,2017-11-21,Manuka Oval,2,1.1,England,Australia,SJ Taylor,DN Wyatt,ML Schutt,4,0,,,,,,,,,
1086069,2017/18,2017-11-21,Manuka Oval,2,1.2,England,Australia,SJ Taylor,DN Wyatt,ML Schutt,1,0,,,,,,,,,
1086069,2017/18,2017-11-21,Manuka Oval,2,1.3,England,Australia,DN Wyatt,SJ Taylor,ML Schutt,0,0,,,,,,,,,
1086069,2017/18,2017-11-21,Manuka Oval,2,1.4,England,Australia,DN Wyatt,SJ Taylor,ML Schutt,2,0,,,,,,,,,
1086069,2017/18,2017-11-21,Manuka Oval,2,1.5,England,Australia,DN Wyatt,SJ Taylor,ML Schutt,2,0,,,,,,,,,
1086069,2017/18,2017-11-21,Manuka Oval,2,1.6,England,Australia,DN Wyatt,SJ Taylor,ML Schutt,4,0,,,,,,,,,
1086069,2017/18,2017-11-21,Manuka Oval,2,2.1,England,Australia,SJ Taylor,DN Wyatt,JL Jonassen,0,0,,,,,,caught,SJ Taylor,,
1086069,2017/18,2017-11-21,Manuka Oval,2,2.2,England,Australia,NR Sciver,DN Wyatt,JL Jonassen,1,0,,,,,,,,,
1086069,2017/18,2017-11-21,Manuka Oval,2,2.3,England,Australia,DN Wyatt,NR Sciver,JL Jonassen,1,0,,,,,,,,,
1086069,2017/18,2017-11-21,Manuka Oval,2,2.4,England,Australia,NR Sciver,DN Wyatt,JL Jonassen,1,0,,,,,,,,,
1086069,2017/18,2017-11-21,Manuka Oval,2,2.5,England,Australia,DN Wyatt,NR Sciver,JL Jonassen,1,0,,,,,,,,,
1086069,2017/18,2017-11-21,Manuka Oval,2,2.6,England,Australia,NR Sciver,DN Wyatt,JL Jonassen,0,0,,,,,,,,,
1086069,2017/18,2017-11-21,Manuka Oval,2,3.1,England,Australia,DN Wyatt,NR Sciver,M Strano,1,0,,,,,,,,,
1086069,2017/18,2017-11-21,Manuka Oval,2,3.2,England,Australia,NR Sciver,DN Wyatt,M Strano,1,0,,,,,,,,,
1086069,2017/18,2017-11-21,Manuka Oval,2,3.3,England,Australia,DN Wyatt,NR Sciver,M Strano,1,0,,,,,,,,,
1086069,2017/18,2017-11-21,Manuka Oval,2,3.4,England,Australia,NR Sciver,DN Wyatt,M Strano,1,0,,,,,,,,,
1086069,2017/18,2017-11-21,Manuka Oval,2,3.5,England,Australia,DN Wyatt,NR Sciver,M Strano,1,0,,,,,,,,,
1086069,2017/18,2017-11-21,Manuka Oval,2,3.6,England,Australia,NR Sciver,DN Wyatt,M Strano,2,0,,,,,,,,,
1086069,2017/18,2017-11-21,Manuka Oval,2,4.1,England,Australia,DN Wyatt,NR Sciver,JL Jonassen,1,0,,,,,,,,,
1086069,2017/18,2017-11-21,Manuka Oval,2,4.2,England,Australia,NR Sciver,DN Wyatt,JL Jonassen,1,0,,,,,,,,,
1086069,2017/18,2017-11-21,Manuka Oval,2,4.3,England,Australia,DN Wyatt,NR Sciver,JL Jonassen,0,0,,,,,,,,,
1086069,2017/18,2017-11-21,Manuka Oval,2,4.4,England,Australia,DN Wyatt,NR Sciver,JL Jonassen,0,0,,,,,,,,,
1086069,2017/18,2017-11-21,Manuka Oval,2,4.5,England,Australia,DN Wyatt,NR Sciver,JL Jonassen,1,0,,,,,,,,,
1086069,2017/18,2017-11-21,Manuka Oval,2,4.6,England,Australia,NR Sciver,DN Wyatt,JL Jonassen,0,0,,,,,,run out,NR Sciver,,
1086069,2017/18,2017-11-21,Manuka Oval,2,5.1,England,Australia,HC Knight,DN Wyatt,M Strano,1,0,,,,,,,,,
1086069,2017/18,2017-11-21,Manuka Oval,2,5.2,England,Australia,DN Wyatt,HC Knight,M Strano,1,0,,,,,,,,,
1086069,2017/18,2017-11-21,Manuka Oval,2,5.3,England,Australia,HC Knight,DN Wyatt,M Strano,1,0,,,,,,,,,
1086069,2017/18,2017-11-21,Manuka Oval,2,5.4,England,Australia,DN Wyatt,HC Knight,M Strano,2,0,,,,,,,,,
1086069,2017/18,2017-11-21,Manuka Oval,2,5.5,England,Australia,DN Wyatt,HC Knight,M Strano,0,0,,,,,,,,,
1086069,2017/18,2017-11-21,Manuka Oval,2,5.6,England,Australia,DN Wyatt,HC Knight,M Strano,1,0,,,,,,,,,
1086069,2017/18,2017-11-21,Manuka Oval,2,6.1,England,Australia,DN Wyatt,HC Knight,EA Perry,0,0,,,,,,,,,
1086069,2017/18,2017-11-21,Manuka Oval,2,6.2,England,Australia,DN Wyatt,HC Knight,EA Perry,4,0,,,,,,,,,
1086069,2017/18,2017-11-21,Manuka Oval,2,6.3,England,Australia,DN Wyatt,HC Knight,EA Perry,1,0,,,,,,,,,
1086069,2017/18,2017-11-21,Manuka Oval,2,6.4,England,Australia,HC Knight,DN Wyatt,EA Perry,0,0,,,,,,,,,
1086069,2017/18,2017-11-21,Manuka Oval,2,6.5,England,Australia,HC Knight,DN Wyatt,EA Perry,1,0,,,,,,,,,
1086069,2017/18,2017-11-21,Manuka Oval,2,6.6,England,Australia,DN Wyatt,HC Knight,EA Perry,1,0,,,,,,,,,
1086069,2017/18,2017-11-21,Manuka Oval,2,7.1,England,Australia,DN Wyatt,HC Knight,A Gardner,4,0,,,,,,,,,
1086069,2017/18,2017-11-21,Manuka Oval,2,7.2,England,Australia,DN Wyatt,HC Knight,A Gardner,0,0,,,,,,,,,
1086069,2017/18,2017-11-21,Manuka Oval,2,7.3,England,Australia,DN Wyatt,HC Knight,A Gardner,1,0,,,,,,,,,
1086069,2017/18,2017-11-21,Manuka Oval,2,7.4,England,Australia,HC Knight,DN Wyatt,A Gardner,2,0,,,,,,,,,
1086069,2017/18,2017-11-21,Manuka Oval,2,7.5,England,Australia,HC Knight,DN Wyatt,A Gardner,1,0,,,,,,,,,
1086069,2017/18,2017-11-21,Manuka Oval,2,7.6,England,Australia,DN Wyatt,HC Knight,A Gardner,4,0,,,,,,,,,
1086069,2017/18,2017-11-21,Manuka Oval,2,8.1,England,Australia,HC Knight,DN Wyatt,A Wellington,2,0,,,,,,,,,
1086069,2017/18,2017-11-21,Manuka Oval,2,8.2,England,Australia,HC Knight,DN Wyatt,A Wellington,1,0,,,,,,,,,
1086069,2017/18,2017-11-21,Manuka Oval,2,8.3,England,Australia,DN Wyatt,HC Knight,A Wellington,1,0,,,,,,,,,
1086069,2017/18,2017-11-21,Manuka Oval,2,8.4,England,Australia,HC Knight,DN Wyatt,A Wellington,4,0,,,,,,,,,
1086069,2017/18,2017-11-21,Manuka Oval,2,8.5,England,Australia,HC Knight,DN Wyatt,A Wellington,1,0,,,,,,,,,
1086069,2017/18,2017-11-21,Manuka Oval,2,8.6,England,Australia,DN Wyatt,HC Knight,A Wellington,1,0,,,,,,,,,
1086069,2017/18,2017-11-21,Manuka Oval,2,9.1,England,Australia,DN Wyatt,HC Knight,ML Schutt,1,0,,,,,,,,,
1086069,2017/18,2017-11-21,Manuka Oval,2,9.2,England,Australia,HC Knight,DN Wyatt,ML Schutt,0,0,,,,,,,,,
1086069,2017/18,2017-11-21,Manuka Oval,2,9.3,England,Australia,HC Knight,DN Wyatt,ML Schutt,1,0,,,,,,,,,
1086069,2017/18,2017-11-21,Manuka Oval,2,9.4,England,Australia,DN Wyatt,HC Knight,ML Schutt,1,0,,,,,,,,,
1086069,2017/18,2017-11-21,Manuka Oval,2,9.5,England,Australia,HC Knight,DN Wyatt,ML Schutt,1,0,,,,,,,,,
1086069,2017/18,2017-11-21,Manuka Oval,2,9.6,England,Australia,DN Wyatt,HC Knight,ML Schutt,4,0,,,,,,,,,
1086069,2017/18,2017-11-21,Manuka Oval,2,10.1,England,Australia,HC Knight,DN Wyatt,A Wellington,2,0,,,,,,,,,
1086069,2017/18,2017-11-21,Manuka Oval,2,10.2,England,Australia,HC Knight,DN Wyatt,A Wellington,3,0,,,,,,,,,
1086069,2017/18,2017-11-21,Manuka Oval,2,10.3,England,Australia,DN Wyatt,HC Knight,A Wellington,1,0,,,,,,,,,
1086069,2017/18,2017-11-21,Manuka Oval,2,10.4,England,Australia,HC Knight,DN Wyatt,A Wellington,1,0,,,,,,,,,
1086069,2017/18,2017-11-21,Manuka Oval,2,10.5,England,Australia,DN Wyatt,HC Knight,A Wellington,2,0,,,,,,,,,
1086069,2017/18,2017-11-21,Manuka Oval,2,10.6,England,Australia,DN Wyatt,HC Knight,A Wellington,6,0,,,,,,,,,
1086069,2017/18,2017-11-21,Manuka Oval,2,11.1,England,Australia,HC Knight,DN Wyatt,A Gardner,1,0,,,,,,,,,
1086069,2017/18,2017-11-21,Manuka Oval,2,11.2,England,Australia,DN Wyatt,HC Knight,A Gardner,1,0,,,,,,,,,
1086069,2017/18,2017-11-21,Manuka Oval,2,11.3,England,Australia,HC Knight,DN Wyatt,A Gardner,0,0,,,,,,,,,
1086069,2017/18,2017-11-21,Manuka Oval,2,11.4,England,Australia,HC Knight,DN Wyatt,A Gardner,0,0,,,,,,,,,
1086069,2017/18,2017-11-21,Manuka Oval,2,11.5,England,Australia,HC Knight,DN Wyatt,A Gardner,1,0,,,,,,,,,
1086069,2017/18,2017-11-21,Manuka Oval,2,11.6,England,Australia,DN Wyatt,HC Knight,A Gardner,6,0,,,,,,,,,
1086069,2017/18,2017-11-21,Manuka Oval,2,12.1,England,Australia,HC Knight,DN Wyatt,DM Kimmince,1,0,,,,,,,,,
1086069,2017/18,2017-11-21,Manuka Oval,2,12.2,England,Australia,DN Wyatt,HC Knight,DM Kimmince,4,0,,,,,,,,,
1086069,2017/18,2017-11-21,Manuka Oval,2,12.3,England,Australia,DN Wyatt,HC Knight,DM Kimmince,0,1,,,,1,,,,,
1086069,2017/18,2017-11-21,Manuka Oval,2,12.4,England,Australia,HC Knight,DN Wyatt,DM Kimmince,1,0,,,,,,,,,
1086069,2017/18,2017-11-21,Manuka Oval,2,12.5,England,Australia,DN Wyatt,HC Knight,DM Kimmince,1,0,,,,,,,,,
1086069,2017/18,2017-11-21,Manuka Oval,2,12.6,England,Australia,HC Knight,DN Wyatt,DM Kimmince,1,0,,,,,,,,,
1086069,2017/18,2017-11-21,Manuka Oval,2,13.1,England,Australia,HC Knight,DN Wyatt,M Strano,1,0,,,,,,,,,
1086069,2017/18,2017-11-21,Manuka Oval,2,13.2,England,Australia,DN Wyatt,HC Knight,M Strano,4,0,,,,,,,,,
1086069,2017/18,2017-11-21,Manuka Oval,2,13.3,England,Australia,DN Wyatt,HC Knight,M Strano,2,0,,,,,,,,,
1086069,2017/18,2017-11-21,Manuka Oval,2,13.4,England,Australia,DN Wyatt,HC Knight,M Strano,4,0,,,,,,,,,
1086069,2017/18,2017-11-21,Manuka Oval,2,13.5,England,Australia,DN Wyatt,HC Knight,M Strano,1,0,,,,,,,,,
1086069,2017/18,2017-11-21,Manuka Oval,2,13.6,England,Australia,HC Knight,DN Wyatt,M Strano,2,0,,,,,,,,,
1086069,2017/18,2017-11-21,Manuka Oval,2,14.1,England,Australia,DN Wyatt,HC Knight,DM Kimmince,4,0,,,,,,,,,
1086069,2017/18,2017-11-21,Manuka Oval,2,14.2,England,Australia,DN Wyatt,HC Knight,DM Kimmince,4,0,,,,,,,,,
1086069,2017/18,2017-11-21,Manuka Oval,2,14.3,England,Australia,DN Wyatt,HC Knight,DM Kimmince,1,0,,,,,,,,,
1086069,2017/18,2017-11-21,Manuka Oval,2,14.4,England,Australia,HC Knight,DN Wyatt,DM Kimmince,1,0,,,,,,,,,
1086069,2017/18,2017-11-21,Manuka Oval,2,14.5,England,Australia,DN Wyatt,HC Knight,DM Kimmince,1,0,,,,,,,,,
1086069,2017/18,2017-11-21,Manuka Oval,2,14.6,England,Australia,HC Knight,DN Wyatt,DM Kimmince,1,0,,,,,,,,,
1086069,2017/18,2017-11-21,Manuka Oval,2,15.1,England,Australia,HC Knight,DN Wyatt,ML Schutt,4,0,,,,,,,,,
1086069,2017/18,2017-11-21,Manuka Oval,2,15.2,England,Australia,HC Knight,DN Wyatt,ML Schutt,1,0,,,,,,,,,
1086069,2017/18,2017-11-21,Manuka Oval,2,15.3,England,Australia,DN Wyatt,HC Knight,ML Schutt,1,0,,,,,,,,,
1086069,2017/18,2017-11-21,Manuka Oval,2,15.4,England,Australia,HC Knight,DN Wyatt,ML Schutt,0,5,5,,,,,,,,
1086069,2017/18,2017-11-21,Manuka Oval,2,15.5,England,Australia,HC Knight,DN Wyatt,ML Schutt,1,0,,,,,,,,,
1086069,2017/18,2017-11-21,Manuka Oval,2,15.6,England,Australia,DN Wyatt,HC Knight,ML Schutt,4,0,,,,,,,,,
1086069,2017/18,2017-11-21,Manuka Oval,2,15.7,England,Australia,DN Wyatt,HC Knight,ML Schutt,4,0,,,,,,,,,
1086069,2017/18,2017-11-21,Manuka Oval,2,16.1,England,Australia,HC Knight,DN Wyatt,JL Jonassen,4,0,,,,,,,,,
1086069,2017/18,2017-11-21,Manuka Oval,2,16.2,England,Australia,HC Knight,DN Wyatt,JL Jonassen,0,0,,,,,,,,,
1086069,2017/18,2017-11-21,Manuka Oval,2,16.3,England,Australia,HC Knight,DN Wyatt,JL Jonassen,6,0,,,,,,,,,
1086069,2017/18,2017-11-21,Manuka Oval,2,16.4,England,Australia,HC Knight,DN Wyatt,JL Jonassen,1,0,,,,,,,,,
1086069,2017/18,2017-11-21,Manuka Oval,2,16.5,England,Australia,DN Wyatt,HC Knight,JL Jonassen,0,0,,,,,,,,,
1086069,2017/18,2017-11-21,Manuka Oval,2,16.6,England,Australia,DN Wyatt,HC Knight,JL Jonassen,4,0,,,,,,,,,
1086069,2017/18,2017-11-21,Manuka Oval,2,17.1,England,Australia,HC Knight,DN Wyatt,EA Perry,2,0,,,,,,,,,
1086069,2017/18,2017-11-21,Manuka Oval,2,17.2,England,Australia,HC Knight,DN Wyatt,EA Perry,0,0,,,,,,,,,
1086069,2017/18,2017-11-21,Manuka Oval,2,17.3,England,Australia,HC Knight,DN Wyatt,EA Perry,0,0,,,,,,run out,HC Knight,,
1086069,2017/18,2017-11-21,Manuka Oval,2,17.4,England,Australia,KH Brunt,DN Wyatt,EA Perry,1,0,,,,,,,,,
1086069,2017/18,2017-11-21,Manuka Oval,2,17.5,England,Australia,DN Wyatt,KH Brunt,EA Perry,1,0,,,,,,,,,
1086069,2017/18,2017-11-21,Manuka Oval,2,17.6,England,Australia,KH Brunt,DN Wyatt,EA Perry,0,0,,,,,,,,,
1086069,2017/18,2017-11-21,Manuka Oval,2,18.1,England,Australia,DN Wyatt,KH Brunt,DM Kimmince,0,0,,,,,,bowled,DN Wyatt,,
1086069,2017/18,2017-11-21,Manuka Oval,2,18.2,England,Australia,FC Wilson,KH Brunt,DM Kimmince,0,1,1,,,,,,,,
1086069,2017/18,2017-11-21,Manuka Oval,2,18.3,England,Australia,FC Wilson,KH Brunt,DM Kimmince,0,0,,,,,,,,,
1086069,2017/18,2017-11-21,Manuka Oval,2,18.4,England,Australia,FC Wilson,KH Brunt,DM Kimmince,1,0,,,,,,,,,
1086069,2017/18,2017-11-21,Manuka Oval,2,18.5,England,Australia,KH Brunt,FC Wilson,DM Kimmince,4,0,,,,,,,,,
1086069,2017/18,2017-11-21,Manuka Oval,2,18.6,England,Australia,KH Brunt,FC Wilson,DM Kimmince,0,0,,,,,,caught,KH Brunt,,
1086069,2017/18,2017-11-21,Manuka Oval,2,18.7,England,Australia,FC Wilson,JL Gunn,DM Kimmince,4,0,,,,,,,,,
