match_id,season,start_date,venue,innings,ball,batting_team,bowling_team,striker,non_striker,bowler,runs_off_bat,extras,wides,noballs,byes,legbyes,penalty,wicket_type,player_dismissed,other_wicket_type,other_player_dismissed
1120292,2017/18,2017-10-27,Sheikh Zayed Stadium,1,0.1,Sri Lanka,Pakistan,MD Gunathilaka,EMDY Munaweera,Imad Wasim,0,0,,,,,,,,,
1120292,2017/18,2017-10-27,Sheikh Zayed Stadium,1,0.2,Sri Lanka,Pakistan,MD Gunathilaka,EMDY Munaweera,Imad Wasim,0,0,,,,,,,,,
1120292,2017/18,2017-10-27,Sheikh Zayed Stadium,1,0.3,Sri Lanka,Pakistan,MD Gunathilaka,EMDY Munaweera,Imad Wasim,1,0,,,,,,,,,
1120292,2017/18,2017-10-27,Sheikh Zayed Stadium,1,0.4,Sri Lanka,Pakistan,EMDY Munaweera,MD Gunathilaka,Imad Wasim,0,0,,,,,,,,,
1120292,2017/18,2017-10-27,Sheikh Zayed Stadium,1,0.5,Sri Lanka,Pakistan,EMDY Munaweera,MD Gunathilaka,Imad Wasim,0,0,,,,,,,,,
1120292,2017/18,2017-10-27,Sheikh Zayed Stadium,1,0.6,Sri Lanka,Pakistan,EMDY Munaweera,MD Gunathilaka,Imad Wasim,0,0,,,,,,,,,
1120292,2017/18,2017-10-27,Sheikh Zayed Stadium,1,1.1,Sri Lanka,Pakistan,MD Gunathilaka,EMDY Munaweera,Usman Shinwari,0,0,,,,,,,,,
1120292,2017/18,2017-10-27,Sheikh Zayed Stadium,1,1.2,Sri Lanka,Pakistan,MD Gunathilaka,EMDY Munaweera,Usman Shinwari,4,0,,,,,,,,,
1120292,2017/18,2017-10-27,Sheikh Zayed Stadium,1,1.3,Sri Lanka,Pakistan,MD Gunathilaka,EMDY Munaweera,Usman Shinwari,0,0,,,,,,,,,
1120292,2017/18,2017-10-27,Sheikh Zayed Stadium,1,1.4,Sri Lanka,Pakistan,MD Gunathilaka,EMDY Munaweera,Usman Shinwari,0,0,,,,,,,,,
1120292,2017/18,2017-10-27,Sheikh Zayed Stadium,1,1.5,Sri Lanka,Pakistan,MD Gunathilaka,EMDY Munaweera,Usman Shinwari,4,0,,,,,,,,,
1120292,2017/18,2017-10-27,Sheikh Zayed Stadium,1,1.6,Sri Lanka,Pakistan,MD Gunathilaka,EMDY Munaweera,Usman Shinwari,0,0,,,,,,,,,
1120292,2017/18,2017-10-27,Sheikh Zayed Stadium,1,2.1,Sri Lanka,Pakistan,EMDY Munaweera,MD Gunathilaka,Imad Wasim,0,0,,,,,,,,,
1120292,2017/18,2017-10-27,Sheikh Zayed Stadium,1,2.2,Sri Lanka,Pakistan,EMDY Munaweera,MD Gunathilaka,Imad Wasim,4,0,,,,,,,,,
1120292,2017/18,2017-10-27,Sheikh Zayed Stadium,1,2.3,Sri Lanka,Pakistan,EMDY Munaweera,MD Gunathilaka,Imad Wasim,0,1,,,,1,,,,,
1120292,2017/18,2017-10-27,Sheikh Zayed Stadium,1,2.4,Sri Lanka,Pakistan,MD Gunathilaka,EMDY Munaweera,Imad Wasim,0,0,,,,,,,,,
1120292,2017/18,2017-10-27,Sheikh Zayed Stadium,1,2.5,Sri Lanka,Pakistan,MD Gunathilaka,EMDY Munaweera,Imad Wasim,1,0,,,,,,,,,
1120292,2017/18,2017-10-27,Sheikh Zayed Stadium,1,2.6,Sri Lanka,Pakistan,EMDY Munaweera,MD Gunathilaka,Imad Wasim,1,0,,,,,,,,,
1120292,2017/18,2017-10-27,Sheikh Zayed Stadium,1,3.1,Sri Lanka,Pakistan,EMDY Munaweera,MD Gunathilaka,Usman Shinwari,4,0,,,,,,,,,
1120292,2017/18,2017-10-27,Sheikh Zayed Stadium,1,3.2,Sri Lanka,Pakistan,EMDY Munaweera,MD Gunathilaka,Usman Shinwari,0,0,,,,,,,,,
1120292,2017/18,2017-10-27,Sheikh Zayed Stadium,1,3.3,Sri Lanka,Pakistan,EMDY Munaweera,MD Gunathilaka,Usman Shinwari,1,0,,,,,,,,,
1120292,2017/18,2017-10-27,Sheikh Zayed Stadium,1,3.4,Sri Lanka,Pakistan,MD Gunathilaka,EMDY Munaweera,Usman Shinwari,1,0,,,,,,,,,
1120292,2017/18,2017-10-27,Sheikh Zayed Stadium,1,3.5,Sri Lanka,Pakistan,EMDY Munaweera,MD Gunathilaka,Usman Shinwari,0,0,,,,,,,,,
1120292,2017/18,2017-10-27,Sheikh Zayed Stadium,1,3.6,Sri Lanka,Pakistan,EMDY Munaweera,MD Gunathilaka,Usman Shinwari,4,0,,,,,,,,,
1120292,2017/18,2017-10-27,Sheikh Zayed Stadium,1,4.1,Sri Lanka,Pakistan,MD Gunathilaka,EMDY Munaweera,Imad Wasim,1,0,,,,,,,,,
1120292,2017/18,2017-10-27,Sheikh Zayed Stadium,1,4.2,Sri Lanka,Pakistan,EMDY Munaweera,MD Gunathilaka,Imad Wasim,1,0,,,,,,,,,
1120292,2017/18,2017-10-27,Sheikh Zayed Stadium,1,4.3,Sri Lanka,Pakistan,MD Gunathilaka,EMDY Munaweera,Imad Wasim,0,0,,,,,,,,,
1120292,2017/18,2017-10-27,Sheikh Zayed Stadium,1,4.4,Sri Lanka,Pakistan,MD Gunathilaka,EMDY Munaweera,Imad Wasim,1,0,,,,,,,,,
1120292,2017/18,2017-10-27,Sheikh Zayed Stadium,1,4.5,Sri Lanka,Pakistan,EMDY Munaweera,MD Gunathilaka,Imad Wasim,3,0,,,,,,,,,
1120292,2017/18,2017-10-27,Sheikh Zayed Stadium,1,4.6,Sri Lanka,Pakistan,MD Gunathilaka,EMDY Munaweera,Imad Wasim,2,0,,,,,,,,,
1120292,2017/18,2017-10-27,Sheikh Zayed Stadium,1,5.1,Sri Lanka,Pakistan,EMDY Munaweera,MD Gunathilaka,Hasan Ali,0,0,,,,,,,,,
1120292,2017/18,2017-10-27,Sheikh Zayed Stadium,1,5.2,Sri Lanka,Pakistan,EMDY Munaweera,MD Gunathilaka,Hasan Ali,1,0,,,,,,,,,
1120292,2017/18,2017-10-27,Sheikh Zayed Stadium,1,5.3,Sri Lanka,Pakistan,MD Gunathilaka,EMDY Munaweera,Hasan Ali,6,0,,,,,,,,,
1120292,2017/18,2017-10-27,Sheikh Zayed Stadium,1,5.4,Sri Lanka,Pakistan,MD Gunathilaka,EMDY Munaweera,Hasan Ali,1,0,,,,,,,,,
1120292,2017/18,2017-10-27,Sheikh Zayed Stadium,1,5.5,Sri Lanka,Pakistan,EMDY Munaweera,MD Gunathilaka,Hasan Ali,0,0,,,,,,,,,
1120292,2017/18,2017-10-27,Sheikh Zayed Stadium,1,5.6,Sri Lanka,Pakistan,EMDY Munaweera,MD Gunathilaka,Hasan Ali,0,0,,,,,,,,,
1120292,2017/18,2017-10-27,Sheikh Zayed Stadium,1,6.1,Sri Lanka,Pakistan,MD Gunathilaka,EMDY Munaweera,Faheem Ashraf,0,0,,,,,,,,,
1120292,2017/18,2017-10-27,Sheikh Zayed Stadium,1,6.2,Sri Lanka,Pakistan,MD Gunathilaka,EMDY Munaweera,Faheem Ashraf,1,0,,,,,,,,,
1120292,2017/18,2017-10-27,Sheikh Zayed Stadium,1,6.3,Sri Lanka,Pakistan,EMDY Munaweera,MD Gunathilaka,Faheem Ashraf,0,0,,,,,,,,,
1120292,2017/18,2017-10-27,Sheikh Zayed Stadium,1,6.4,Sri Lanka,Pakistan,EMDY Munaweera,MD Gunathilaka,Faheem Ashraf,0,0,,,,,,run out,EMDY Munaweera,,
1120292,2017/18,2017-10-27,Sheikh Zayed Stadium,1,6.5,Sri Lanka,Pakistan,MD Gunathilaka,S Samarawickrama,Faheem Ashraf,1,0,,,,,,,,,
1120292,2017/18,2017-10-27,Sheikh Zayed Stadium,1,6.6,Sri Lanka,Pakistan,S Samarawickrama,MD Gunathilaka,Faheem Ashraf,1,0,,,,,,,,,
1120292,2017/18,2017-10-27,Sheikh Zayed Stadium,1,7.1,Sri Lanka,Pakistan,S Samarawickrama,MD Gunathilaka,Shadab Khan,1,0,,,,,,,,,
1120292,2017/18,2017-10-27,Sheikh Zayed Stadium,1,7.2,Sri Lanka,Pakistan,MD Gunathilaka,S Samarawickrama,Shadab Khan,0,0,,,,,,,,,
1120292,2017/18,2017-10-27,Sheikh Zayed Stadium,1,7.3,Sri Lanka,Pakistan,MD Gunathilaka,S Samarawickrama,Shadab Khan,0,0,,,,,,,,,
1120292,2017/18,2017-10-27,Sheikh Zayed Stadium,1,7.4,Sri Lanka,Pakistan,MD Gunathilaka,S Samarawickrama,Shadab Khan,1,0,,,,,,,,,
1120292,2017/18,2017-10-27,Sheikh Zayed Stadium,1,7.5,Sri Lanka,Pakistan,S Samarawickrama,MD Gunathilaka,Shadab Khan,1,0,,,,,,,,,
1120292,2017/18,2017-10-27,Sheikh Zayed Stadium,1,7.6,Sri Lanka,Pakistan,MD Gunathilaka,S Samarawickrama,Shadab Khan,0,0,,,,,,,,,
1120292,2017/18,2017-10-27,Sheikh Zayed Stadium,1,8.1,Sri Lanka,Pakistan,S Samarawickrama,MD Gunathilaka,Faheem Ashraf,2,0,,,,,,,,,
1120292,2017/18,2017-10-27,Sheikh Zayed Stadium,1,8.2,Sri Lanka,Pakistan,S Samarawickrama,MD Gunathilaka,Faheem Ashraf,1,0,,,,,,,,,
1120292,2017/18,2017-10-27,Sheikh Zayed Stadium,1,8.3,Sri Lanka,Pakistan,MD Gunathilaka,S Samarawickrama,Faheem Ashraf,1,0,,,,,,,,,
1120292,2017/18,2017-10-27,Sheikh Zayed Stadium,1,8.4,Sri Lanka,Pakistan,S Samarawickrama,MD Gunathilaka,Faheem Ashraf,1,0,,,,,,,,,
1120292,2017/18,2017-10-27,Sheikh Zayed Stadium,1,8.5,Sri Lanka,Pakistan,MD Gunathilaka,S Samarawickrama,Faheem Ashraf,1,0,,,,,,,,,
1120292,2017/18,2017-10-27,Sheikh Zayed Stadium,1,8.6,Sri Lanka,Pakistan,S Samarawickrama,MD Gunathilaka,Faheem Ashraf,1,0,,,,,,,,,
1120292,2017/18,2017-10-27,Sheikh Zayed Stadium,1,9.1,Sri Lanka,Pakistan,S Samarawickrama,MD Gunathilaka,Shadab Khan,2,0,,,,,,,,,
1120292,2017/18,2017-10-27,Sheikh Zayed Stadium,1,9.2,Sri Lanka,Pakistan,S Samarawickrama,MD Gunathilaka,Shadab Khan,1,0,,,,,,,,,
1120292,2017/18,2017-10-27,Sheikh Zayed Stadium,1,9.3,Sri Lanka,Pakistan,MD Gunathilaka,S Samarawickrama,Shadab Khan,1,0,,,,,,,,,
1120292,2017/18,2017-10-27,Sheikh Zayed Stadium,1,9.4,Sri Lanka,Pakistan,S Samarawickrama,MD Gunathilaka,Shadab Khan,1,0,,,,,,,,,
1120292,2017/18,2017-10-27,Sheikh Zayed Stadium,1,9.5,Sri Lanka,Pakistan,MD Gunathilaka,S Samarawickrama,Shadab Khan,1,0,,,,,,,,,
1120292,2017/18,2017-10-27,Sheikh Zayed Stadium,1,9.6,Sri Lanka,Pakistan,S Samarawickrama,MD Gunathilaka,Shadab Khan,0,0,,,,,,,,,
1120292,2017/18,2017-10-27,Sheikh Zayed Stadium,1,10.1,Sri Lanka,Pakistan,MD Gunathilaka,S Samarawickrama,Imad Wasim,4,0,,,,,,,,,
1120292,2017/18,2017-10-27,Sheikh Zayed Stadium,1,10.2,Sri Lanka,Pakistan,MD Gunathilaka,S Samarawickrama,Imad Wasim,1,0,,,,,,,,,
1120292,2017/18,2017-10-27,Sheikh Zayed Stadium,1,10.3,Sri Lanka,Pakistan,S Samarawickrama,MD Gunathilaka,Imad Wasim,0,2,2,,,,,,,,
1120292,2017/18,2017-10-27,Sheikh Zayed Stadium,1,10.4,Sri Lanka,Pakistan,MD Gunathilaka,S Samarawickrama,Imad Wasim,0,0,,,,,,,,,
1120292,2017/18,2017-10-27,Sheikh Zayed Stadium,1,10.5,Sri Lanka,Pakistan,MD Gunathilaka,S Samarawickrama,Imad Wasim,0,0,,,,,,,,,
1120292,2017/18,2017-10-27,Sheikh Zayed Stadium,1,10.6,Sri Lanka,Pakistan,MD Gunathilaka,S Samarawickrama,Imad Wasim,0,0,,,,,,,,,
1120292,2017/18,2017-10-27,Sheikh Zayed Stadium,1,10.7,Sri Lanka,Pakistan,MD Gunathilaka,S Samarawickrama,Imad Wasim,1,0,,,,,,,,,
1120292,2017/18,2017-10-27,Sheikh Zayed Stadium,1,11.1,Sri Lanka,Pakistan,MD Gunathilaka,S Samarawickrama,Mohammad Hafeez,1,0,,,,,,,,,
1120292,2017/18,2017-10-27,Sheikh Zayed Stadium,1,11.2,Sri Lanka,Pakistan,S Samarawickrama,MD Gunathilaka,Mohammad Hafeez,0,0,,,,,,,,,
1120292,2017/18,2017-10-27,Sheikh Zayed Stadium,1,11.3,Sri Lanka,Pakistan,S Samarawickrama,MD Gunathilaka,Mohammad Hafeez,0,0,,,,,,,,,
1120292,2017/18,2017-10-27,Sheikh Zayed Stadium,1,11.4,Sri Lanka,Pakistan,S Samarawickrama,MD Gunathilaka,Mohammad Hafeez,1,0,,,,,,,,,
1120292,2017/18,2017-10-27,Sheikh Zayed Stadium,1,11.5,Sri Lanka,Pakistan,MD Gunathilaka,S Samarawickrama,Mohammad Hafeez,0,0,,,,,,,,,
1120292,2017/18,2017-10-27,Sheikh Zayed Stadium,1,11.6,Sri Lanka,Pakistan,MD Gunathilaka,S Samarawickrama,Mohammad Hafeez,2,0,,,,,,,,,
1120292,2017/18,2017-10-27,Sheikh Zayed Stadium,1,12.1,Sri Lanka,Pakistan,S Samarawickrama,MD Gunathilaka,Hasan Ali,1,0,,,,,,,,,
1120292,2017/18,2017-10-27,Sheikh Zayed Stadium,1,12.2,Sri Lanka,Pakistan,MD Gunathilaka,S Samarawickrama,Hasan Ali,1,0,,,,,,,,,
1120292,2017/18,2017-10-27,Sheikh Zayed Stadium,1,12.3,Sri Lanka,Pakistan,S Samarawickrama,MD Gunathilaka,Hasan Ali,4,0,,,,,,,,,
1120292,2017/18,2017-10-27,Sheikh Zayed Stadium,1,12.4,Sri Lanka,Pakistan,S Samarawickrama,MD Gunathilaka,Hasan Ali,1,0,,,,,,,,,
1120292,2017/18,2017-10-27,Sheikh Zayed Stadium,1,12.5,Sri Lanka,Pakistan,MD Gunathilaka,S Samarawickrama,Hasan Ali,4,0,,,,,,,,,
1120292,2017/18,2017-10-27,Sheikh Zayed Stadium,1,12.6,Sri Lanka,Pakistan,MD Gunathilaka,S Samarawickrama,Hasan Ali,2,0,,,,,,,,,
1120292,2017/18,2017-10-27,Sheikh Zayed Stadium,1,13.1,Sri Lanka,Pakistan,S Samarawickrama,MD Gunathilaka,Mohammad Hafeez,1,0,,,,,,,,,
1120292,2017/18,2017-10-27,Sheikh Zayed Stadium,1,13.2,Sri Lanka,Pakistan,MD Gunathilaka,S Samarawickrama,Mohammad Hafeez,1,0,,,,,,,,,
1120292,2017/18,2017-10-27,Sheikh Zayed Stadium,1,13.3,Sri Lanka,Pakistan,S Samarawickrama,MD Gunathilaka,Mohammad Hafeez,1,0,,,,,,,,,
1120292,2017/18,2017-10-27,Sheikh Zayed Stadium,1,13.4,Sri Lanka,Pakistan,MD Gunathilaka,S Samarawickrama,Mohammad Hafeez,1,0,,,,,,,,,
1120292,2017/18,2017-10-27,Sheikh Zayed Stadium,1,13.5,Sri Lanka,Pakistan,S Samarawickrama,MD Gunathilaka,Mohammad Hafeez,0,1,1,,,,,,,,
1120292,2017/18,2017-10-27,Sheikh Zayed Stadium,1,13.6,Sri Lanka,Pakistan,S Samarawickrama,MD Gunathilaka,Mohammad Hafeez,2,0,,,,,,,,,
1120292,2017/18,2017-10-27,Sheikh Zayed Stadium,1,13.7,Sri Lanka,Pakistan,S Samarawickrama,MD Gunathilaka,Mohammad Hafeez,2,0,,,,,,,,,
1120292,2017/18,2017-10-27,Sheikh Zayed Stadium,1,14.1,Sri Lanka,Pakistan,MD Gunathilaka,S Samarawickrama,Shadab Khan,1,0,,,,,,,,,
1120292,2017/18,2017-10-27,Sheikh Zayed Stadium,1,14.2,Sri Lanka,Pakistan,S Samarawickrama,MD Gunathilaka,Shadab Khan,0,0,,,,,,,,,
1120292,2017/18,2017-10-27,Sheikh Zayed Stadium,1,14.3,Sri Lanka,Pakistan,S Samarawickrama,MD Gunathilaka,Shadab Khan,1,0,,,,,,,,,
1120292,2017/18,2017-10-27,Sheikh Zayed Stadium,1,14.4,Sri Lanka,Pakistan,MD Gunathilaka,S Samarawickrama,Shadab Khan,1,0,,,,,,,,,
1120292,2017/18,2017-10-27,Sheikh Zayed Stadium,1,14.5,Sri Lanka,Pakistan,S Samarawickrama,MD Gunathilaka,Shadab Khan,0,0,,,,,,,,,
1120292,2017/18,2017-10-27,Sheikh Zayed Stadium,1,14.6,Sri Lanka,Pakistan,S Samarawickrama,MD Gunathilaka,Shadab Khan,0,0,,,,,,,,,
1120292,2017/18,2017-10-27,Sheikh Zayed Stadium,1,15.1,Sri Lanka,Pakistan,MD Gunathilaka,S Samarawickrama,Mohammad Hafeez,1,0,,,,,,,,,
1120292,2017/18,2017-10-27,Sheikh Zayed Stadium,1,15.2,Sri Lanka,Pakistan,S Samarawickrama,MD Gunathilaka,Mohammad Hafeez,0,0,,,,,,,,,
1120292,2017/18,2017-10-27,Sheikh Zayed Stadium,1,15.3,Sri Lanka,Pakistan,S Samarawickrama,MD Gunathilaka,Mohammad Hafeez,4,0,,,,,,,,,
1120292,2017/18,2017-10-27,Sheikh Zayed Stadium,1,15.4,Sri Lanka,Pakistan,S Samarawickrama,MD Gunathilaka,Mohammad Hafeez,1,0,,,,,,,,,
1120292,2017/18,2017-10-27,Sheikh Zayed Stadium,1,15.5,Sri Lanka,Pakistan,MD Gunathilaka,S Samarawickrama,Mohammad Hafeez,1,0,,,,,,,,,
1120292,2017/18,2017-10-27,Sheikh Zayed Stadium,1,15.6,Sri Lanka,Pakistan,S Samarawickrama,MD Gunathilaka,Mohammad Hafeez,1,0,,,,,,,,,
1120292,2017/18,2017-10-27,Sheikh Zayed Stadium,1,16.1,Sri Lanka,Pakistan,S Samarawickrama,MD Gunathilaka,Shadab Khan,0,0,,,,,,,,,
1120292,2017/18,2017-10-27,Sheikh Zayed Stadium,1,16.2,Sri Lanka,Pakistan,S Samarawickrama,MD Gunathilaka,Shadab Khan,0,0,,,,,,run out,S Samarawickrama,,
1120292,2017/18,2017-10-27,Sheikh Zayed Stadium,1,16.3,Sri Lanka,Pakistan,S Prasanna,MD Gunathilaka,Shadab Khan,0,0,,,,,,,,,
1120292,2017/18,2017-10-27,Sheikh Zayed Stadium,1,16.4,Sri Lanka,Pakistan,S Prasanna,MD Gunathilaka,Shadab Khan,1,0,,,,,,,,,
1120292,2017/18,2017-10-27,Sheikh Zayed Stadium,1,16.5,Sri Lanka,Pakistan,MD Gunathilaka,S Prasanna,Shadab Khan,0,0,,,,,,caught,MD Gunathilaka,,
1120292,2017/18,2017-10-27,Sheikh Zayed Stadium,1,16.6,Sri Lanka,Pakistan,NLTC Perera,S Prasanna,Shadab Khan,1,0,,,,,,,,,
1120292,2017/18,2017-10-27,Sheikh Zayed Stadium,1,17.1,Sri Lanka,Pakistan,NLTC Perera,S Prasanna,Hasan Ali,1,0,,,,,,,,,
1120292,2017/18,2017-10-27,Sheikh Zayed Stadium,1,17.2,Sri Lanka,Pakistan,S Prasanna,NLTC Perera,Hasan Ali,0,0,,,,,,run out,S Prasanna,,
1120292,2017/18,2017-10-27,Sheikh Zayed Stadium,1,17.3,Sri Lanka,Pakistan,NLTC Perera,MD Shanaka,Hasan Ali,1,0,,,,,,,,,
1120292,2017/18,2017-10-27,Sheikh Zayed Stadium,1,17.4,Sri Lanka,Pakistan,MD Shanaka,NLTC Perera,Hasan Ali,1,0,,,,,,,,,
1120292,2017/18,2017-10-27,Sheikh Zayed Stadium,1,17.5,Sri Lanka,Pakistan,NLTC Perera,MD Shanaka,Hasan Ali,0,0,,,,,,caught,NLTC Perera,,
1120292,2017/18,2017-10-27,Sheikh Zayed Stadium,1,17.6,Sri Lanka,Pakistan,MD Shanaka,I Udana,Hasan Ali,0,0,,,,,,,,,
1120292,2017/18,2017-10-27,Sheikh Zayed Stadium,1,18.1,Sri Lanka,Pakistan,I Udana,MD Shanaka,Faheem Ashraf,2,0,,,,,,,,,
1120292,2017/18,2017-10-27,Sheikh Zayed Stadium,1,18.2,Sri Lanka,Pakistan,I Udana,MD Shanaka,Faheem Ashraf,0,0,,,,,,,,,
1120292,2017/18,2017-10-27,Sheikh Zayed Stadium,1,18.3,Sri Lanka,Pakistan,I Udana,MD Shanaka,Faheem Ashraf,4,0,,,,,,,,,
1120292,2017/18,2017-10-27,Sheikh Zayed Stadium,1,18.4,Sri Lanka,Pakistan,I Udana,MD Shanaka,Faheem Ashraf,0,0,,,,,,caught,I Udana,,
1120292,2017/18,2017-10-27,Sheikh Zayed Stadium,1,18.5,Sri Lanka,Pakistan,ML Udawatte,MD Shanaka,Faheem Ashraf,0,0,,,,,,caught,ML Udawatte,,
1120292,2017/18,2017-10-27,Sheikh Zayed Stadium,1,18.6,Sri Lanka,Pakistan,MD Shanaka,SS Pathirana,Faheem Ashraf,0,0,,,,,,lbw,MD Shanaka,,
1120292,2017/18,2017-10-27,Sheikh Zayed Stadium,1,19.1,Sri Lanka,Pakistan,SS Pathirana,SMA Priyanjan,Hasan Ali,1,0,,,,,,,,,
1120292,2017/18,2017-10-27,Sheikh Zayed Stadium,1,19.2,Sri Lanka,Pakistan,SMA Priyanjan,SS Pathirana,Hasan Ali,1,0,,,,,,,,,
1120292,2017/18,2017-10-27,Sheikh Zayed Stadium,1,19.3,Sri Lanka,Pakistan,SS Pathirana,SMA Priyanjan,Hasan Ali,0,0,,,,,,caught,SS Pathirana,,
1120292,2017/18,2017-10-27,Sheikh Zayed Stadium,1,19.4,Sri Lanka,Pakistan,SMA Priyanjan,JRMVB Sanjaya,Hasan Ali,1,0,,,,,,,,,
1120292,2017/18,2017-10-27,Sheikh Zayed Stadium,1,19.5,Sri Lanka,Pakistan,JRMVB Sanjaya,SMA Priyanjan,Hasan Ali,4,0,,,,,,,,,
1120292,2017/18,2017-10-27,Sheikh Zayed Stadium,1,19.6,Sri Lanka,Pakistan,JRMVB Sanjaya,SMA Priyanjan,Hasan Ali,0,0,,,,,,,,,
1120292,2017/18,2017-10-27,Sheikh Zayed Stadium,2,0.1,Pakistan,Sri Lanka,Ahmed Shehzad,Fakhar Zaman,JRMVB Sanjaya,0,0,,,,,,,,,
1120292,2017/18,2017-10-27,Sheikh Zayed Stadium,2,0.2,Pakistan,Sri Lanka,Ahmed Shehzad,Fakhar Zaman,JRMVB Sanjaya,2,0,,,,,,,,,
1120292,2017/18,2017-10-27,Sheikh Zayed Stadium,2,0.3,Pakistan,Sri Lanka,Ahmed Shehzad,Fakhar Zaman,JRMVB Sanjaya,0,0,,,,,,,,,
1120292,2017/18,2017-10-27,Sheikh Zayed Stadium,2,0.4,Pakistan,Sri Lanka,Ahmed Shehzad,Fakhar Zaman,JRMVB Sanjaya,0,1,1,,,,,,,,
1120292,2017/18,2017-10-27,Sheikh Zayed Stadium,2,0.5,Pakistan,Sri Lanka,Ahmed Shehzad,Fakhar Zaman,JRMVB Sanjaya,2,0,,,,,,,,,
1120292,2017/18,2017-10-27,Sheikh Zayed Stadium,2,0.6,Pakistan,Sri Lanka,Ahmed Shehzad,Fakhar Zaman,JRMVB Sanjaya,1,0,,,,,,,,,
1120292,2017/18,2017-10-27,Sheikh Zayed Stadium,2,0.7,Pakistan,Sri Lanka,Fakhar Zaman,Ahmed Shehzad,JRMVB Sanjaya,1,0,,,,,,,,,
1120292,2017/18,2017-10-27,Sheikh Zayed Stadium,2,1.1,Pakistan,Sri Lanka,Fakhar Zaman,Ahmed Shehzad,EMDY Munaweera,1,0,,,,,,,,,
1120292,2017/18,2017-10-27,Sheikh Zayed Stadium,2,1.2,Pakistan,Sri Lanka,Ahmed Shehzad,Fakhar Zaman,EMDY Munaweera,0,0,,,,,,,,,
1120292,2017/18,2017-10-27,Sheikh Zayed Stadium,2,1.3,Pakistan,Sri Lanka,Ahmed Shehzad,Fakhar Zaman,EMDY Munaweera,1,0,,,,,,,,,
1120292,2017/18,2017-10-27,Sheikh Zayed Stadium,2,1.4,Pakistan,Sri Lanka,Fakhar Zaman,Ahmed Shehzad,EMDY Munaweera,1,0,,,,,,,,,
1120292,2017/18,2017-10-27,Sheikh Zayed Stadium,2,1.5,Pakistan,Sri Lanka,Ahmed Shehzad,Fakhar Zaman,EMDY Munaweera,0,1,1,,,,,,,,
1120292,2017/18,2017-10-27,Sheikh Zayed Stadium,2,1.6,Pakistan,Sri Lanka,Ahmed Shehzad,Fakhar Zaman,EMDY Munaweera,4,0,,,,,,,,,
1120292,2017/18,2017-10-27,Sheikh Zayed Stadium,2,1.7,Pakistan,Sri Lanka,Ahmed Shehzad,Fakhar Zaman,EMDY Munaweera,1,0,,,,,,,,,
1120292,2017/18,2017-10-27,Sheikh Zayed Stadium,2,2.1,Pakistan,Sri Lanka,Ahmed Shehzad,Fakhar Zaman,JRMVB Sanjaya,0,0,,,,,,,,,
1120292,2017/18,2017-10-27,Sheikh Zayed Stadium,2,2.2,Pakistan,Sri Lanka,Ahmed Shehzad,Fakhar Zaman,JRMVB Sanjaya,1,0,,,,,,,,,
1120292,2017/18,2017-10-27,Sheikh Zayed Stadium,2,2.3,Pakistan,Sri Lanka,Fakhar Zaman,Ahmed Shehzad,JRMVB Sanjaya,0,0,,,,,,,,,
1120292,2017/18,2017-10-27,Sheikh Zayed Stadium,2,2.4,Pakistan,Sri Lanka,Fakhar Zaman,Ahmed Shehzad,JRMVB Sanjaya,2,0,,,,,,,,,
1120292,2017/18,2017-10-27,Sheikh Zayed Stadium,2,2.5,Pakistan,Sri Lanka,Fakhar Zaman,Ahmed Shehzad,JRMVB Sanjaya,4,0,,,,,,,,,
1120292,2017/18,2017-10-27,Sheikh Zayed Stadium,2,2.6,Pakistan,Sri Lanka,Fakhar Zaman,Ahmed Shehzad,JRMVB Sanjaya,0,0,,,,,,,,,
1120292,2017/18,2017-10-27,Sheikh Zayed Stadium,2,3.1,Pakistan,Sri Lanka,Ahmed Shehzad,Fakhar Zaman,EMDY Munaweera,4,0,,,,,,,,,
1120292,2017/18,2017-10-27,Sheikh Zayed Stadium,2,3.2,Pakistan,Sri Lanka,Ahmed Shehzad,Fakhar Zaman,EMDY Munaweera,1,0,,,,,,,,,
1120292,2017/18,2017-10-27,Sheikh Zayed Stadium,2,3.3,Pakistan,Sri Lanka,Fakhar Zaman,Ahmed Shehzad,EMDY Munaweera,0,0,,,,,,,,,
1120292,2017/18,2017-10-27,Sheikh Zayed Stadium,2,3.4,Pakistan,Sri Lanka,Fakhar Zaman,Ahmed Shehzad,EMDY Munaweera,0,0,,,,,,,,,
1120292,2017/18,2017-10-27,Sheikh Zayed Stadium,2,3.5,Pakistan,Sri Lanka,Fakhar Zaman,Ahmed Shehzad,EMDY Munaweera,2,0,,,,,,run out,Fakhar Zaman,,
1120292,2017/18,2017-10-27,Sheikh Zayed Stadium,2,3.6,Pakistan,Sri Lanka,Babar Azam,Ahmed Shehzad,EMDY Munaweera,1,0,,,,,,,,,
1120292,2017/18,2017-10-27,Sheikh Zayed Stadium,2,4.1,Pakistan,Sri Lanka,Babar Azam,Ahmed Shehzad,I Udana,0,0,,,,,,lbw,Babar Azam,,
1120292,2017/18,2017-10-27,Sheikh Zayed Stadium,2,4.2,Pakistan,Sri Lanka,Shoaib Malik,Ahmed Shehzad,I Udana,0,0,,,,,,,,,
1120292,2017/18,2017-10-27,Sheikh Zayed Stadium,2,4.3,Pakistan,Sri Lanka,Shoaib Malik,Ahmed Shehzad,I Udana,0,0,,,,,,,,,
1120292,2017/18,2017-10-27,Sheikh Zayed Stadium,2,4.4,Pakistan,Sri Lanka,Shoaib Malik,Ahmed Shehzad,I Udana,0,0,,,,,,,,,
1120292,2017/18,2017-10-27,Sheikh Zayed Stadium,2,4.5,Pakistan,Sri Lanka,Shoaib Malik,Ahmed Shehzad,I Udana,0,0,,,,,,,,,
1120292,2017/18,2017-10-27,Sheikh Zayed Stadium,2,4.6,Pakistan,Sri Lanka,Shoaib Malik,Ahmed Shehzad,I Udana,1,0,,,,,,,,,
1120292,2017/18,2017-10-27,Sheikh Zayed Stadium,2,5.1,Pakistan,Sri Lanka,Shoaib Malik,Ahmed Shehzad,SS Pathirana,0,0,,,,,,,,,
1120292,2017/18,2017-10-27,Sheikh Zayed Stadium,2,5.2,Pakistan,Sri Lanka,Shoaib Malik,Ahmed Shehzad,SS Pathirana,1,0,,,,,,,,,
1120292,2017/18,2017-10-27,Sheikh Zayed Stadium,2,5.3,Pakistan,Sri Lanka,Ahmed Shehzad,Shoaib Malik,SS Pathirana,0,1,1,,,,,,,,
1120292,2017/18,2017-10-27,Sheikh Zayed Stadium,2,5.4,Pakistan,Sri Lanka,Ahmed Shehzad,Shoaib Malik,SS Pathirana,0,0,,,,,,,,,
1120292,2017/18,2017-10-27,Sheikh Zayed Stadium,2,5.5,Pakistan,Sri Lanka,Ahmed Shehzad,Shoaib Malik,SS Pathirana,1,0,,,,,,,,,
1120292,2017/18,2017-10-27,Sheikh Zayed Stadium,2,5.6,Pakistan,Sri Lanka,Shoaib Malik,Ahmed Shehzad,SS Pathirana,1,0,,,,,,,,,
1120292,2017/18,2017-10-27,Sheikh Zayed Stadium,2,5.7,Pakistan,Sri Lanka,Ahmed Shehzad,Shoaib Malik,SS Pathirana,3,0,,,,,,,,,
1120292,2017/18,2017-10-27,Sheikh Zayed Stadium,2,6.1,Pakistan,Sri Lanka,Ahmed Shehzad,Shoaib Malik,I Udana,1,0,,,,,,,,,
1120292,2017/18,2017-10-27,Sheikh Zayed Stadium,2,6.2,Pakistan,Sri Lanka,Shoaib Malik,Ahmed Shehzad,I Udana,2,0,,,,,,,,,
1120292,2017/18,2017-10-27,Sheikh Zayed Stadium,2,6.3,Pakistan,Sri Lanka,Shoaib Malik,Ahmed Shehzad,I Udana,0,0,,,,,,,,,
1120292,2017/18,2017-10-27,Sheikh Zayed Stadium,2,6.4,Pakistan,Sri Lanka,Shoaib Malik,Ahmed Shehzad,I Udana,1,0,,,,,,,,,
1120292,2017/18,2017-10-27,Sheikh Zayed Stadium,2,6.5,Pakistan,Sri Lanka,Ahmed Shehzad,Shoaib Malik,I Udana,1,0,,,,,,,,,
1120292,2017/18,2017-10-27,Sheikh Zayed Stadium,2,6.6,Pakistan,Sri Lanka,Shoaib Malik,Ahmed Shehzad,I Udana,0,0,,,,,,,,,
1120292,2017/18,2017-10-27,Sheikh Zayed Stadium,2,7.1,Pakistan,Sri Lanka,Ahmed Shehzad,Shoaib Malik,SS Pathirana,1,0,,,,,,,,,
1120292,2017/18,2017-10-27,Sheikh Zayed Stadium,2,7.2,Pakistan,Sri Lanka,Shoaib Malik,Ahmed Shehzad,SS Pathirana,0,0,,,,,,,,,
1120292,2017/18,2017-10-27,Sheikh Zayed Stadium,2,7.3,Pakistan,Sri Lanka,Shoaib Malik,Ahmed Shehzad,SS Pathirana,0,0,,,,,,,,,
1120292,2017/18,2017-10-27,Sheikh Zayed Stadium,2,7.4,Pakistan,Sri Lanka,Shoaib Malik,Ahmed Shehzad,SS Pathirana,0,0,,,,,,,,,
1120292,2017/18,2017-10-27,Sheikh Zayed Stadium,2,7.5,Pakistan,Sri Lanka,Shoaib Malik,Ahmed Shehzad,SS Pathirana,1,0,,,,,,,,,
1120292,2017/18,2017-10-27,Sheikh Zayed Stadium,2,7.6,Pakistan,Sri Lanka,Ahmed Shehzad,Shoaib Malik,SS Pathirana,1,0,,,,,,,,,
1120292,2017/18,2017-10-27,Sheikh Zayed Stadium,2,8.1,Pakistan,Sri Lanka,Ahmed Shehzad,Shoaib Malik,NLTC Perera,2,0,,,,,,,,,
1120292,2017/18,2017-10-27,Sheikh Zayed Stadium,2,8.2,Pakistan,Sri Lanka,Ahmed Shehzad,Shoaib Malik,NLTC Perera,0,0,,,,,,,,,
1120292,2017/18,2017-10-27,Sheikh Zayed Stadium,2,8.3,Pakistan,Sri Lanka,Ahmed Shehzad,Shoaib Malik,NLTC Perera,0,0,,,,,,,,,
1120292,2017/18,2017-10-27,Sheikh Zayed Stadium,2,8.4,Pakistan,Sri Lanka,Ahmed Shehzad,Shoaib Malik,NLTC Perera,0,1,1,,,,,,,,
1120292,2017/18,2017-10-27,Sheikh Zayed Stadium,2,8.5,Pakistan,Sri Lanka,Ahmed Shehzad,Shoaib Malik,NLTC Perera,0,0,,,,,,caught,Ahmed Shehzad,,
1120292,2017/18,2017-10-27,Sheikh Zayed Stadium,2,8.6,Pakistan,Sri Lanka,Mohammad Hafeez,Shoaib Malik,NLTC Perera,1,0,,,,,,,,,
1120292,2017/18,2017-10-27,Sheikh Zayed Stadium,2,8.7,Pakistan,Sri Lanka,Shoaib Malik,Mohammad Hafeez,NLTC Perera,0,0,,,,,,,,,
1120292,2017/18,2017-10-27,Sheikh Zayed Stadium,2,9.1,Pakistan,Sri Lanka,Mohammad Hafeez,Shoaib Malik,SS Pathirana,1,0,,,,,,,,,
1120292,2017/18,2017-10-27,Sheikh Zayed Stadium,2,9.2,Pakistan,Sri Lanka,Shoaib Malik,Mohammad Hafeez,SS Pathirana,1,0,,,,,,,,,
1120292,2017/18,2017-10-27,Sheikh Zayed Stadium,2,9.3,Pakistan,Sri Lanka,Mohammad Hafeez,Shoaib Malik,SS Pathirana,1,0,,,,,,,,,
1120292,2017/18,2017-10-27,Sheikh Zayed Stadium,2,9.4,Pakistan,Sri Lanka,Shoaib Malik,Mohammad Hafeez,SS Pathirana,1,0,,,,,,,,,
1120292,2017/18,2017-10-27,Sheikh Zayed Stadium,2,9.5,Pakistan,Sri Lanka,Mohammad Hafeez,Shoaib Malik,SS Pathirana,0,0,,,,,,,,,
1120292,2017/18,2017-10-27,Sheikh Zayed Stadium,2,9.6,Pakistan,Sri Lanka,Mohammad Hafeez,Shoaib Malik,SS Pathirana,0,0,,,,,,,,,
1120292,2017/18,2017-10-27,Sheikh Zayed Stadium,2,10.1,Pakistan,Sri Lanka,Shoaib Malik,Mohammad Hafeez,NLTC Perera,0,0,,,,,,caught,Shoaib Malik,,
1120292,2017/18,2017-10-27,Sheikh Zayed Stadium,2,10.2,Pakistan,Sri Lanka,Sarfraz Ahmed,Mohammad Hafeez,NLTC Perera,0,0,,,,,,,,,
1120292,2017/18,2017-10-27,Sheikh Zayed Stadium,2,10.3,Pakistan,Sri Lanka,Sarfraz Ahmed,Mohammad Hafeez,NLTC Perera,2,0,,,,,,,,,
1120292,2017/18,2017-10-27,Sheikh Zayed Stadium,2,10.4,Pakistan,Sri Lanka,Sarfraz Ahmed,Mohammad Hafeez,NLTC Perera,1,0,,,,,,,,,
1120292,2017/18,2017-10-27,Sheikh Zayed Stadium,2,10.5,Pakistan,Sri Lanka,Mohammad Hafeez,Sarfraz Ahmed,NLTC Perera,1,0,,,,,,,,,
1120292,2017/18,2017-10-27,Sheikh Zayed Stadium,2,10.6,Pakistan,Sri Lanka,Sarfraz Ahmed,Mohammad Hafeez,NLTC Perera,0,0,,,,,,,,,
1120292,2017/18,2017-10-27,Sheikh Zayed Stadium,2,11.1,Pakistan,Sri Lanka,Mohammad Hafeez,Sarfraz Ahmed,MD Shanaka,1,0,,,,,,,,,
1120292,2017/18,2017-10-27,Sheikh Zayed Stadium,2,11.2,Pakistan,Sri Lanka,Sarfraz Ahmed,Mohammad Hafeez,MD Shanaka,1,0,,,,,,,,,
1120292,2017/18,2017-10-27,Sheikh Zayed Stadium,2,11.3,Pakistan,Sri Lanka,Mohammad Hafeez,Sarfraz Ahmed,MD Shanaka,0,0,,,,,,,,,
1120292,2017/18,2017-10-27,Sheikh Zayed Stadium,2,11.4,Pakistan,Sri Lanka,Mohammad Hafeez,Sarfraz Ahmed,MD Shanaka,1,0,,,,,,,,,
1120292,2017/18,2017-10-27,Sheikh Zayed Stadium,2,11.5,Pakistan,Sri Lanka,Sarfraz Ahmed,Mohammad Hafeez,MD Shanaka,1,0,,,,,,,,,
1120292,2017/18,2017-10-27,Sheikh Zayed Stadium,2,11.6,Pakistan,Sri Lanka,Mohammad Hafeez,Sarfraz Ahmed,MD Shanaka,1,0,,,,,,,,,
1120292,2017/18,2017-10-27,Sheikh Zayed Stadium,2,12.1,Pakistan,Sri Lanka,Mohammad Hafeez,Sarfraz Ahmed,NLTC Perera,1,0,,,,,,,,,
1120292,2017/18,2017-10-27,Sheikh Zayed Stadium,2,12.2,Pakistan,Sri Lanka,Sarfraz Ahmed,Mohammad Hafeez,NLTC Perera,2,0,,,,,,,,,
1120292,2017/18,2017-10-27,Sheikh Zayed Stadium,2,12.3,Pakistan,Sri Lanka,Sarfraz Ahmed,Mohammad Hafeez,NLTC Perera,2,0,,,,,,,,,
1120292,2017/18,2017-10-27,Sheikh Zayed Stadium,2,12.4,Pakistan,Sri Lanka,Sarfraz Ahmed,Mohammad Hafeez,NLTC Perera,0,0,,,,,,,,,
1120292,2017/18,2017-10-27,Sheikh Zayed Stadium,2,12.5,Pakistan,Sri Lanka,Sarfraz Ahmed,Mohammad Hafeez,NLTC Perera,1,0,,,,,,,,,
1120292,2017/18,2017-10-27,Sheikh Zayed Stadium,2,12.6,Pakistan,Sri Lanka,Mohammad Hafeez,Sarfraz Ahmed,NLTC Perera,1,0,,,,,,,,,
1120292,2017/18,2017-10-27,Sheikh Zayed Stadium,2,13.1,Pakistan,Sri Lanka,Mohammad Hafeez,Sarfraz Ahmed,MD Shanaka,1,0,,,,,,,,,
1120292,2017/18,2017-10-27,Sheikh Zayed Stadium,2,13.2,Pakistan,Sri Lanka,Sarfraz Ahmed,Mohammad Hafeez,MD Shanaka,1,0,,,,,,,,,
1120292,2017/18,2017-10-27,Sheikh Zayed Stadium,2,13.3,Pakistan,Sri Lanka,Mohammad Hafeez,Sarfraz Ahmed,MD Shanaka,1,0,,,,,,,,,
1120292,2017/18,2017-10-27,Sheikh Zayed Stadium,2,13.4,Pakistan,Sri Lanka,Sarfraz Ahmed,Mohammad Hafeez,MD Shanaka,2,0,,,,,,,,,
1120292,2017/18,2017-10-27,Sheikh Zayed Stadium,2,13.5,Pakistan,Sri Lanka,Sarfraz Ahmed,Mohammad Hafeez,MD Shanaka,2,0,,,,,,,,,
1120292,2017/18,2017-10-27,Sheikh Zayed Stadium,2,13.6,Pakistan,Sri Lanka,Sarfraz Ahmed,Mohammad Hafeez,MD Shanaka,0,4,,,,4,,,,,
1120292,2017/18,2017-10-27,Sheikh Zayed Stadium,2,14.1,Pakistan,Sri Lanka,Mohammad Hafeez,Sarfraz Ahmed,I Udana,1,0,,,,,,,,,
1120292,2017/18,2017-10-27,Sheikh Zayed Stadium,2,14.2,Pakistan,Sri Lanka,Sarfraz Ahmed,Mohammad Hafeez,I Udana,1,0,,,,,,,,,
1120292,2017/18,2017-10-27,Sheikh Zayed Stadium,2,14.3,Pakistan,Sri Lanka,Mohammad Hafeez,Sarfraz Ahmed,I Udana,0,0,,,,,,,,,
1120292,2017/18,2017-10-27,Sheikh Zayed Stadium,2,14.4,Pakistan,Sri Lanka,Mohammad Hafeez,Sarfraz Ahmed,I Udana,1,0,,,,,,,,,
1120292,2017/18,2017-10-27,Sheikh Zayed Stadium,2,14.5,Pakistan,Sri Lanka,Sarfraz Ahmed,Mohammad Hafeez,I Udana,4,0,,,,,,,,,
1120292,2017/18,2017-10-27,Sheikh Zayed Stadium,2,14.6,Pakistan,Sri Lanka,Sarfraz Ahmed,Mohammad Hafeez,I Udana,1,0,,,,,,,,,
1120292,2017/18,2017-10-27,Sheikh Zayed Stadium,2,15.1,Pakistan,Sri Lanka,Sarfraz Ahmed,Mohammad Hafeez,SS Pathirana,0,1,1,,,,,,,,
1120292,2017/18,2017-10-27,Sheikh Zayed Stadium,2,15.2,Pakistan,Sri Lanka,Sarfraz Ahmed,Mohammad Hafeez,SS Pathirana,0,0,,,,,,,,,
1120292,2017/18,2017-10-27,Sheikh Zayed Stadium,2,15.3,Pakistan,Sri Lanka,Sarfraz Ahmed,Mohammad Hafeez,SS Pathirana,0,0,,,,,,,,,
1120292,2017/18,2017-10-27,Sheikh Zayed Stadium,2,15.4,Pakistan,Sri Lanka,Sarfraz Ahmed,Mohammad Hafeez,SS Pathirana,1,0,,,,,,,,,
1120292,2017/18,2017-10-27,Sheikh Zayed Stadium,2,15.5,Pakistan,Sri Lanka,Mohammad Hafeez,Sarfraz Ahmed,SS Pathirana,1,0,,,,,,,,,
1120292,2017/18,2017-10-27,Sheikh Zayed Stadium,2,15.6,Pakistan,Sri Lanka,Sarfraz Ahmed,Mohammad Hafeez,SS Pathirana,1,0,,,,,,,,,
1120292,2017/18,2017-10-27,Sheikh Zayed Stadium,2,15.7,Pakistan,Sri Lanka,Mohammad Hafeez,Sarfraz Ahmed,SS Pathirana,0,0,,,,,,caught,Mohammad Hafeez,,
1120292,2017/18,2017-10-27,Sheikh Zayed Stadium,2,16.1,Pakistan,Sri Lanka,Sarfraz Ahmed,Imad Wasim,JRMVB Sanjaya,1,0,,,,,,,,,
1120292,2017/18,2017-10-27,Sheikh Zayed Stadium,2,16.2,Pakistan,Sri Lanka,Imad Wasim,Sarfraz Ahmed,JRMVB Sanjaya,1,0,,,,,,,,,
1120292,2017/18,2017-10-27,Sheikh Zayed Stadium,2,16.3,Pakistan,Sri Lanka,Sarfraz Ahmed,Imad Wasim,JRMVB Sanjaya,1,0,,,,,,,,,
1120292,2017/18,2017-10-27,Sheikh Zayed Stadium,2,16.4,Pakistan,Sri Lanka,Imad Wasim,Sarfraz Ahmed,JRMVB Sanjaya,1,0,,,,,,,,,
1120292,2017/18,2017-10-27,Sheikh Zayed Stadium,2,16.5,Pakistan,Sri Lanka,Sarfraz Ahmed,Imad Wasim,JRMVB Sanjaya,2,0,,,,,,,,,
1120292,2017/18,2017-10-27,Sheikh Zayed Stadium,2,16.6,Pakistan,Sri Lanka,Sarfraz Ahmed,Imad Wasim,JRMVB Sanjaya,0,0,,,,,,,,,
1120292,2017/18,2017-10-27,Sheikh Zayed Stadium,2,17.1,Pakistan,Sri Lanka,Imad Wasim,Sarfraz Ahmed,NLTC Perera,0,0,,,,,,lbw,Imad Wasim,,
1120292,2017/18,2017-10-27,Sheikh Zayed Stadium,2,17.2,Pakistan,Sri Lanka,Faheem Ashraf,Sarfraz Ahmed,NLTC Perera,2,0,,,,,,,,,
1120292,2017/18,2017-10-27,Sheikh Zayed Stadium,2,17.3,Pakistan,Sri Lanka,Faheem Ashraf,Sarfraz Ahmed,NLTC Perera,1,0,,,,,,,,,
1120292,2017/18,2017-10-27,Sheikh Zayed Stadium,2,17.4,Pakistan,Sri Lanka,Sarfraz Ahmed,Faheem Ashraf,NLTC Perera,1,0,,,,,,run out,Sarfraz Ahmed,,
1120292,2017/18,2017-10-27,Sheikh Zayed Stadium,2,17.5,Pakistan,Sri Lanka,Shadab Khan,Faheem Ashraf,NLTC Perera,4,0,,,,,,,,,
1120292,2017/18,2017-10-27,Sheikh Zayed Stadium,2,17.6,Pakistan,Sri Lanka,Shadab Khan,Faheem Ashraf,NLTC Perera,1,0,,,,,,,,,
1120292,2017/18,2017-10-27,Sheikh Zayed Stadium,2,18.1,Pakistan,Sri Lanka,Shadab Khan,Faheem Ashraf,I Udana,0,0,,,,,,,,,
1120292,2017/18,2017-10-27,Sheikh Zayed Stadium,2,18.2,Pakistan,Sri Lanka,Shadab Khan,Faheem Ashraf,I Udana,1,0,,,,,,,,,
1120292,2017/18,2017-10-27,Sheikh Zayed Stadium,2,18.3,Pakistan,Sri Lanka,Faheem Ashraf,Shadab Khan,I Udana,1,0,,,,,,,,,
1120292,2017/18,2017-10-27,Sheikh Zayed Stadium,2,18.4,Pakistan,Sri Lanka,Shadab Khan,Faheem Ashraf,I Udana,1,0,,,,,,,,,
1120292,2017/18,2017-10-27,Sheikh Zayed Stadium,2,18.5,Pakistan,Sri Lanka,Faheem Ashraf,Shadab Khan,I Udana,0,0,,,,,,,,,
1120292,2017/18,2017-10-27,Sheikh Zayed Stadium,2,18.6,Pakistan,Sri Lanka,Faheem Ashraf,Shadab Khan,I Udana,0,1,,,,1,,,,,
1120292,2017/18,2017-10-27,Sheikh Zayed Stadium,2,19.1,Pakistan,Sri Lanka,Faheem Ashraf,Shadab Khan,JRMVB Sanjaya,0,0,,,,,,caught,Faheem Ashraf,,
1120292,2017/18,2017-10-27,Sheikh Zayed Stadium,2,19.2,Pakistan,Sri Lanka,Shadab Khan,Hasan Ali,JRMVB Sanjaya,1,0,,,,,,,,,
1120292,2017/18,2017-10-27,Sheikh Zayed Stadium,2,19.3,Pakistan,Sri Lanka,Hasan Ali,Shadab Khan,JRMVB Sanjaya,3,0,,,,,,,,,
1120292,2017/18,2017-10-27,Sheikh Zayed Stadium,2,19.4,Pakistan,Sri Lanka,Shadab Khan,Hasan Ali,JRMVB Sanjaya,6,0,,,,,,,,,
1120292,2017/18,2017-10-27,Sheikh Zayed Stadium,2,19.5,Pakistan,Sri Lanka,Shadab Khan,Hasan Ali,JRMVB Sanjaya,2,0,,,,,,,,,
