version,2.1.0
info,balls_per_over,6
info,team,Sri Lanka
info,team,India
info,gender,male
info,season,2017/18
info,date,2017/12/24
info,event,Sri Lanka tour of India
info,match_number,3
info,venue,Wankhede Stadium
info,city,Mumbai
info,toss_winner,India
info,toss_decision,field
info,player_of_match,JD Unadkat
info,umpire,AK Chaudhary
info,umpire,Nitin Menon
info,reserve_umpire,AY Dandekar
info,tv_umpire,CK Nandan
info,match_referee,JJ Crowe
info,winner,India
info,winner_wickets,5
info,player,Sri Lanka,N Dickwella
info,player,Sri Lanka,WU Tharanga
info,player,Sri Lanka,MDKJ Perera
info,player,Sri Lanka,S Samarawickrama
info,player,Sri Lanka,DAS Gunaratne
info,player,Sri Lanka,MD Gunathilaka
info,player,Sri Lanka,NLTC Perera
info,player,Sri Lanka,MD Shanaka
info,player,Sri Lanka,A Dananjaya
info,player,Sri Lanka,PVD Chameera
info,player,Sri Lanka,N Pradeep
info,player,India,RG Sharma
info,player,India,KL Rahul
info,player,India,SS Iyer
info,player,India,MK Pandey
info,player,India,HH Pandya
info,player,India,KD Karthik
info,player,India,MS Dhoni
info,player,India,Washington Sundar
info,player,India,Kuldeep Yadav
info,player,India,JD Unadkat
info,player,India,Mohammed Siraj
info,registry,people,A Dananjaya,5b16a806
info,registry,people,AK Chaudhary,fdcc6236
info,registry,people,AY Dandekar,2efc430e
info,registry,people,CK Nandan,012de9c4
info,registry,people,DAS Gunaratne,770494eb
info,registry,people,HH Pandya,dbe50b21
info,registry,people,JD Unadkat,1e66c162
info,registry,people,JJ Crowe,2e760301
info,registry,people,KD Karthik,c03f1114
info,registry,people,KL Rahul,b17e2f24
info,registry,people,Kuldeep Yadav,8d2c70ad
info,registry,people,MD Gunathilaka,509a7ca1
info,registry,people,MD Shanaka,3ff033bb
info,registry,people,MDKJ Perera,f21043a5
info,registry,people,MK Pandey,93b4fc78
info,registry,people,MS Dhoni,4a8a2e3b
info,registry,people,Mohammed Siraj,2f49c897
info,registry,people,N Dickwella,45963d9e
info,registry,people,N Pradeep,2af838ee
info,registry,people,NLTC Perera,0f12f9df
info,registry,people,Nitin Menon,e1d41d9e
info,registry,people,PVD Chameera,327b58d3
info,registry,people,RG Sharma,740742ef
info,registry,people,S Samarawickrama,9ab2914d
info,registry,people,SS Iyer,85ec8e33
info,registry,people,WU Tharanga,7ed9fd56
info,registry,people,Washington Sundar,f19ccfad
