match_id,season,start_date,venue,innings,ball,batting_team,bowling_team,striker,non_striker,bowler,runs_off_bat,extras,wides,noballs,byes,legbyes,penalty,wicket_type,player_dismissed,other_wicket_type,other_player_dismissed
1122902,2017/18,2017-10-21,Coolidge Cricket Ground,1,0.1,West Indies,Sri Lanka,HK Matthews,SR Taylor,SS Weerakkody,0,0,,,,,,,,,
1122902,2017/18,2017-10-21,Coolidge Cricket Ground,1,0.2,West Indies,Sri Lanka,HK Matthews,SR Taylor,SS Weerakkody,0,0,,,,,,,,,
1122902,2017/18,2017-10-21,Coolidge Cricket Ground,1,0.3,West Indies,Sri Lanka,HK Matthews,SR Taylor,SS Weerakkody,0,0,,,,,,caught,HK Matthews,,
1122902,2017/18,2017-10-21,Coolidge Cricket Ground,1,0.4,West Indies,Sri Lanka,DJS Dottin,SR Taylor,SS Weerakkody,1,0,,,,,,,,,
1122902,2017/18,2017-10-21,Coolidge Cricket Ground,1,0.5,West Indies,Sri Lanka,SR Taylor,DJS Dottin,SS Weerakkody,1,0,,,,,,,,,
1122902,2017/18,2017-10-21,Coolidge Cricket Ground,1,0.6,West Indies,Sri Lanka,DJS Dottin,SR Taylor,SS Weerakkody,0,0,,,,,,,,,
1122902,2017/18,2017-10-21,Coolidge Cricket Ground,1,1.1,West Indies,Sri Lanka,SR Taylor,DJS Dottin,HHC Gunaratne,0,0,,,,,,,,,
1122902,2017/18,2017-10-21,Coolidge Cricket Ground,1,1.2,West Indies,Sri Lanka,SR Taylor,DJS Dottin,HHC Gunaratne,0,0,,,,,,,,,
1122902,2017/18,2017-10-21,Coolidge Cricket Ground,1,1.3,West Indies,Sri Lanka,SR Taylor,DJS Dottin,HHC Gunaratne,0,0,,,,,,,,,
1122902,2017/18,2017-10-21,Coolidge Cricket Ground,1,1.4,West Indies,Sri Lanka,SR Taylor,DJS Dottin,HHC Gunaratne,0,1,1,,,,,,,,
1122902,2017/18,2017-10-21,Coolidge Cricket Ground,1,1.5,West Indies,Sri Lanka,SR Taylor,DJS Dottin,HHC Gunaratne,1,0,,,,,,,,,
1122902,2017/18,2017-10-21,Coolidge Cricket Ground,1,1.6,West Indies,Sri Lanka,DJS Dottin,SR Taylor,HHC Gunaratne,0,0,,,,,,,,,
1122902,2017/18,2017-10-21,Coolidge Cricket Ground,1,1.7,West Indies,Sri Lanka,DJS Dottin,SR Taylor,HHC Gunaratne,4,0,,,,,,,,,
1122902,2017/18,2017-10-21,Coolidge Cricket Ground,1,2.1,West Indies,Sri Lanka,SR Taylor,DJS Dottin,KADA Kanchana,0,0,,,,,,,,,
1122902,2017/18,2017-10-21,Coolidge Cricket Ground,1,2.2,West Indies,Sri Lanka,SR Taylor,DJS Dottin,KADA Kanchana,1,0,,,,,,,,,
1122902,2017/18,2017-10-21,Coolidge Cricket Ground,1,2.3,West Indies,Sri Lanka,DJS Dottin,SR Taylor,KADA Kanchana,4,0,,,,,,,,,
1122902,2017/18,2017-10-21,Coolidge Cricket Ground,1,2.4,West Indies,Sri Lanka,DJS Dottin,SR Taylor,KADA Kanchana,2,0,,,,,,,,,
1122902,2017/18,2017-10-21,Coolidge Cricket Ground,1,2.5,West Indies,Sri Lanka,DJS Dottin,SR Taylor,KADA Kanchana,2,0,,,,,,,,,
1122902,2017/18,2017-10-21,Coolidge Cricket Ground,1,2.6,West Indies,Sri Lanka,DJS Dottin,SR Taylor,KADA Kanchana,1,0,,,,,,,,,
1122902,2017/18,2017-10-21,Coolidge Cricket Ground,1,3.1,West Indies,Sri Lanka,DJS Dottin,SR Taylor,HHC Gunaratne,0,0,,,,,,,,,
1122902,2017/18,2017-10-21,Coolidge Cricket Ground,1,3.2,West Indies,Sri Lanka,DJS Dottin,SR Taylor,HHC Gunaratne,0,1,,,,1,,,,,
1122902,2017/18,2017-10-21,Coolidge Cricket Ground,1,3.3,West Indies,Sri Lanka,SR Taylor,DJS Dottin,HHC Gunaratne,1,0,,,,,,,,,
1122902,2017/18,2017-10-21,Coolidge Cricket Ground,1,3.4,West Indies,Sri Lanka,DJS Dottin,SR Taylor,HHC Gunaratne,1,0,,,,,,,,,
1122902,2017/18,2017-10-21,Coolidge Cricket Ground,1,3.5,West Indies,Sri Lanka,SR Taylor,DJS Dottin,HHC Gunaratne,1,0,,,,,,,,,
1122902,2017/18,2017-10-21,Coolidge Cricket Ground,1,3.6,West Indies,Sri Lanka,DJS Dottin,SR Taylor,HHC Gunaratne,1,0,,,,,,,,,
1122902,2017/18,2017-10-21,Coolidge Cricket Ground,1,4.1,West Indies,Sri Lanka,DJS Dottin,SR Taylor,SS Weerakkody,4,0,,,,,,,,,
1122902,2017/18,2017-10-21,Coolidge Cricket Ground,1,4.2,West Indies,Sri Lanka,DJS Dottin,SR Taylor,SS Weerakkody,1,0,,,,,,,,,
1122902,2017/18,2017-10-21,Coolidge Cricket Ground,1,4.3,West Indies,Sri Lanka,SR Taylor,DJS Dottin,SS Weerakkody,1,0,,,,,,,,,
1122902,2017/18,2017-10-21,Coolidge Cricket Ground,1,4.4,West Indies,Sri Lanka,DJS Dottin,SR Taylor,SS Weerakkody,1,0,,,,,,,,,
1122902,2017/18,2017-10-21,Coolidge Cricket Ground,1,4.5,West Indies,Sri Lanka,SR Taylor,DJS Dottin,SS Weerakkody,1,0,,,,,,,,,
1122902,2017/18,2017-10-21,Coolidge Cricket Ground,1,4.6,West Indies,Sri Lanka,DJS Dottin,SR Taylor,SS Weerakkody,0,0,,,,,,,,,
1122902,2017/18,2017-10-21,Coolidge Cricket Ground,1,5.1,West Indies,Sri Lanka,SR Taylor,DJS Dottin,HASD Siriwardene,0,0,,,,,,,,,
1122902,2017/18,2017-10-21,Coolidge Cricket Ground,1,5.2,West Indies,Sri Lanka,SR Taylor,DJS Dottin,HASD Siriwardene,4,0,,,,,,,,,
1122902,2017/18,2017-10-21,Coolidge Cricket Ground,1,5.3,West Indies,Sri Lanka,SR Taylor,DJS Dottin,HASD Siriwardene,1,0,,,,,,,,,
1122902,2017/18,2017-10-21,Coolidge Cricket Ground,1,5.4,West Indies,Sri Lanka,DJS Dottin,SR Taylor,HASD Siriwardene,1,0,,,,,,,,,
1122902,2017/18,2017-10-21,Coolidge Cricket Ground,1,5.5,West Indies,Sri Lanka,SR Taylor,DJS Dottin,HASD Siriwardene,1,0,,,,,,,,,
1122902,2017/18,2017-10-21,Coolidge Cricket Ground,1,5.6,West Indies,Sri Lanka,DJS Dottin,SR Taylor,HASD Siriwardene,4,0,,,,,,,,,
1122902,2017/18,2017-10-21,Coolidge Cricket Ground,1,6.1,West Indies,Sri Lanka,SR Taylor,DJS Dottin,I Ranaweera,2,0,,,,,,,,,
1122902,2017/18,2017-10-21,Coolidge Cricket Ground,1,6.2,West Indies,Sri Lanka,SR Taylor,DJS Dottin,I Ranaweera,1,0,,,,,,,,,
1122902,2017/18,2017-10-21,Coolidge Cricket Ground,1,6.3,West Indies,Sri Lanka,DJS Dottin,SR Taylor,I Ranaweera,0,0,,,,,,caught,DJS Dottin,,
1122902,2017/18,2017-10-21,Coolidge Cricket Ground,1,6.4,West Indies,Sri Lanka,SR Taylor,Kycia A Knight,I Ranaweera,0,0,,,,,,,,,
1122902,2017/18,2017-10-21,Coolidge Cricket Ground,1,6.5,West Indies,Sri Lanka,SR Taylor,Kycia A Knight,I Ranaweera,1,0,,,,,,,,,
1122902,2017/18,2017-10-21,Coolidge Cricket Ground,1,6.6,West Indies,Sri Lanka,Kycia A Knight,SR Taylor,I Ranaweera,4,0,,,,,,,,,
1122902,2017/18,2017-10-21,Coolidge Cricket Ground,1,7.1,West Indies,Sri Lanka,SR Taylor,Kycia A Knight,HASD Siriwardene,1,0,,,,,,,,,
1122902,2017/18,2017-10-21,Coolidge Cricket Ground,1,7.2,West Indies,Sri Lanka,Kycia A Knight,SR Taylor,HASD Siriwardene,0,0,,,,,,,,,
1122902,2017/18,2017-10-21,Coolidge Cricket Ground,1,7.3,West Indies,Sri Lanka,Kycia A Knight,SR Taylor,HASD Siriwardene,0,0,,,,,,,,,
1122902,2017/18,2017-10-21,Coolidge Cricket Ground,1,7.4,West Indies,Sri Lanka,Kycia A Knight,SR Taylor,HASD Siriwardene,1,0,,,,,,,,,
1122902,2017/18,2017-10-21,Coolidge Cricket Ground,1,7.5,West Indies,Sri Lanka,SR Taylor,Kycia A Knight,HASD Siriwardene,0,0,,,,,,,,,
1122902,2017/18,2017-10-21,Coolidge Cricket Ground,1,7.6,West Indies,Sri Lanka,SR Taylor,Kycia A Knight,HASD Siriwardene,2,0,,,,,,,,,
1122902,2017/18,2017-10-21,Coolidge Cricket Ground,1,8.1,West Indies,Sri Lanka,Kycia A Knight,SR Taylor,AC Jayangani,1,0,,,,,,,,,
1122902,2017/18,2017-10-21,Coolidge Cricket Ground,1,8.2,West Indies,Sri Lanka,SR Taylor,Kycia A Knight,AC Jayangani,0,1,1,,,,,,,,
1122902,2017/18,2017-10-21,Coolidge Cricket Ground,1,8.3,West Indies,Sri Lanka,SR Taylor,Kycia A Knight,AC Jayangani,4,0,,,,,,,,,
1122902,2017/18,2017-10-21,Coolidge Cricket Ground,1,8.4,West Indies,Sri Lanka,SR Taylor,Kycia A Knight,AC Jayangani,0,0,,,,,,,,,
1122902,2017/18,2017-10-21,Coolidge Cricket Ground,1,8.5,West Indies,Sri Lanka,SR Taylor,Kycia A Knight,AC Jayangani,1,0,,,,,,,,,
1122902,2017/18,2017-10-21,Coolidge Cricket Ground,1,8.6,West Indies,Sri Lanka,Kycia A Knight,SR Taylor,AC Jayangani,1,0,,,,,,,,,
1122902,2017/18,2017-10-21,Coolidge Cricket Ground,1,8.7,West Indies,Sri Lanka,SR Taylor,Kycia A Knight,AC Jayangani,2,0,,,,,,,,,
1122902,2017/18,2017-10-21,Coolidge Cricket Ground,1,9.1,West Indies,Sri Lanka,Kycia A Knight,SR Taylor,HASD Siriwardene,0,0,,,,,,,,,
1122902,2017/18,2017-10-21,Coolidge Cricket Ground,1,9.2,West Indies,Sri Lanka,Kycia A Knight,SR Taylor,HASD Siriwardene,1,0,,,,,,,,,
1122902,2017/18,2017-10-21,Coolidge Cricket Ground,1,9.3,West Indies,Sri Lanka,SR Taylor,Kycia A Knight,HASD Siriwardene,1,0,,,,,,,,,
1122902,2017/18,2017-10-21,Coolidge Cricket Ground,1,9.4,West Indies,Sri Lanka,Kycia A Knight,SR Taylor,HASD Siriwardene,1,0,,,,,,,,,
1122902,2017/18,2017-10-21,Coolidge Cricket Ground,1,9.5,West Indies,Sri Lanka,SR Taylor,Kycia A Knight,HASD Siriwardene,1,0,,,,,,,,,
1122902,2017/18,2017-10-21,Coolidge Cricket Ground,1,9.6,West Indies,Sri Lanka,Kycia A Knight,SR Taylor,HASD Siriwardene,0,0,,,,,,,,,
1122902,2017/18,2017-10-21,Coolidge Cricket Ground,1,10.1,West Indies,Sri Lanka,SR Taylor,Kycia A Knight,I Ranaweera,1,0,,,,,,,,,
1122902,2017/18,2017-10-21,Coolidge Cricket Ground,1,10.2,West Indies,Sri Lanka,Kycia A Knight,SR Taylor,I Ranaweera,0,2,,,2,,,,,,
1122902,2017/18,2017-10-21,Coolidge Cricket Ground,1,10.3,West Indies,Sri Lanka,Kycia A Knight,SR Taylor,I Ranaweera,1,0,,,,,,,,,
1122902,2017/18,2017-10-21,Coolidge Cricket Ground,1,10.4,West Indies,Sri Lanka,SR Taylor,Kycia A Knight,I Ranaweera,4,0,,,,,,,,,
1122902,2017/18,2017-10-21,Coolidge Cricket Ground,1,10.5,West Indies,Sri Lanka,SR Taylor,Kycia A Knight,I Ranaweera,0,0,,,,,,,,,
1122902,2017/18,2017-10-21,Coolidge Cricket Ground,1,10.6,West Indies,Sri Lanka,SR Taylor,Kycia A Knight,I Ranaweera,1,0,,,,,,,,,
1122902,2017/18,2017-10-21,Coolidge Cricket Ground,1,11.1,West Indies,Sri Lanka,SR Taylor,Kycia A Knight,HASD Siriwardene,1,0,,,,,,,,,
1122902,2017/18,2017-10-21,Coolidge Cricket Ground,1,11.2,West Indies,Sri Lanka,Kycia A Knight,SR Taylor,HASD Siriwardene,1,0,,,,,,,,,
1122902,2017/18,2017-10-21,Coolidge Cricket Ground,1,11.3,West Indies,Sri Lanka,SR Taylor,Kycia A Knight,HASD Siriwardene,1,0,,,,,,,,,
1122902,2017/18,2017-10-21,Coolidge Cricket Ground,1,11.4,West Indies,Sri Lanka,Kycia A Knight,SR Taylor,HASD Siriwardene,0,0,,,,,,,,,
1122902,2017/18,2017-10-21,Coolidge Cricket Ground,1,11.5,West Indies,Sri Lanka,Kycia A Knight,SR Taylor,HASD Siriwardene,0,0,,,,,,,,,
1122902,2017/18,2017-10-21,Coolidge Cricket Ground,1,11.6,West Indies,Sri Lanka,Kycia A Knight,SR Taylor,HASD Siriwardene,0,0,,,,,,,,,
1122902,2017/18,2017-10-21,Coolidge Cricket Ground,1,12.1,West Indies,Sri Lanka,SR Taylor,Kycia A Knight,I Ranaweera,6,0,,,,,,,,,
1122902,2017/18,2017-10-21,Coolidge Cricket Ground,1,12.2,West Indies,Sri Lanka,SR Taylor,Kycia A Knight,I Ranaweera,0,1,1,,,,,,,,
1122902,2017/18,2017-10-21,Coolidge Cricket Ground,1,12.3,West Indies,Sri Lanka,SR Taylor,Kycia A Knight,I Ranaweera,1,0,,,,,,,,,
1122902,2017/18,2017-10-21,Coolidge Cricket Ground,1,12.4,West Indies,Sri Lanka,Kycia A Knight,SR Taylor,I Ranaweera,1,0,,,,,,,,,
1122902,2017/18,2017-10-21,Coolidge Cricket Ground,1,12.5,West Indies,Sri Lanka,SR Taylor,Kycia A Knight,I Ranaweera,0,0,,,,,,,,,
1122902,2017/18,2017-10-21,Coolidge Cricket Ground,1,12.6,West Indies,Sri Lanka,SR Taylor,Kycia A Knight,I Ranaweera,4,0,,,,,,,,,
1122902,2017/18,2017-10-21,Coolidge Cricket Ground,1,12.7,West Indies,Sri Lanka,SR Taylor,Kycia A Knight,I Ranaweera,1,0,,,,,,,,,
1122902,2017/18,2017-10-21,Coolidge Cricket Ground,1,13.1,West Indies,Sri Lanka,SR Taylor,Kycia A Knight,KADA Kanchana,0,0,,,,,,,,,
1122902,2017/18,2017-10-21,Coolidge Cricket Ground,1,13.2,West Indies,Sri Lanka,SR Taylor,Kycia A Knight,KADA Kanchana,0,0,,,,,,caught,SR Taylor,,
1122902,2017/18,2017-10-21,Coolidge Cricket Ground,1,13.3,West Indies,Sri Lanka,Kycia A Knight,MR Aguilleira,KADA Kanchana,1,0,,,,,,,,,
1122902,2017/18,2017-10-21,Coolidge Cricket Ground,1,13.4,West Indies,Sri Lanka,MR Aguilleira,Kycia A Knight,KADA Kanchana,4,0,,,,,,,,,
1122902,2017/18,2017-10-21,Coolidge Cricket Ground,1,13.5,West Indies,Sri Lanka,MR Aguilleira,Kycia A Knight,KADA Kanchana,0,1,,,1,,,,,,
1122902,2017/18,2017-10-21,Coolidge Cricket Ground,1,13.6,West Indies,Sri Lanka,Kycia A Knight,MR Aguilleira,KADA Kanchana,1,0,,,,,,,,,
1122902,2017/18,2017-10-21,Coolidge Cricket Ground,1,14.1,West Indies,Sri Lanka,Kycia A Knight,MR Aguilleira,AC Jayangani,2,0,,,,,,,,,
1122902,2017/18,2017-10-21,Coolidge Cricket Ground,1,14.2,West Indies,Sri Lanka,Kycia A Knight,MR Aguilleira,AC Jayangani,1,0,,,,,,,,,
1122902,2017/18,2017-10-21,Coolidge Cricket Ground,1,14.3,West Indies,Sri Lanka,MR Aguilleira,Kycia A Knight,AC Jayangani,1,0,,,,,,run out,MR Aguilleira,,
1122902,2017/18,2017-10-21,Coolidge Cricket Ground,1,14.4,West Indies,Sri Lanka,B Cooper,Kycia A Knight,AC Jayangani,1,0,,,,,,,,,
1122902,2017/18,2017-10-21,Coolidge Cricket Ground,1,14.5,West Indies,Sri Lanka,Kycia A Knight,B Cooper,AC Jayangani,1,0,,,,,,,,,
1122902,2017/18,2017-10-21,Coolidge Cricket Ground,1,14.6,West Indies,Sri Lanka,B Cooper,Kycia A Knight,AC Jayangani,0,0,,,,,,,,,
1122902,2017/18,2017-10-21,Coolidge Cricket Ground,1,15.1,West Indies,Sri Lanka,Kycia A Knight,B Cooper,KADA Kanchana,1,0,,,,,,,,,
1122902,2017/18,2017-10-21,Coolidge Cricket Ground,1,15.2,West Indies,Sri Lanka,B Cooper,Kycia A Knight,KADA Kanchana,1,0,,,,,,,,,
1122902,2017/18,2017-10-21,Coolidge Cricket Ground,1,15.3,West Indies,Sri Lanka,Kycia A Knight,B Cooper,KADA Kanchana,1,0,,,,,,,,,
1122902,2017/18,2017-10-21,Coolidge Cricket Ground,1,15.4,West Indies,Sri Lanka,B Cooper,Kycia A Knight,KADA Kanchana,4,0,,,,,,,,,
1122902,2017/18,2017-10-21,Coolidge Cricket Ground,1,15.5,West Indies,Sri Lanka,B Cooper,Kycia A Knight,KADA Kanchana,0,0,,,,,,,,,
1122902,2017/18,2017-10-21,Coolidge Cricket Ground,1,15.6,West Indies,Sri Lanka,B Cooper,Kycia A Knight,KADA Kanchana,4,0,,,,,,,,,
1122902,2017/18,2017-10-21,Coolidge Cricket Ground,1,16.1,West Indies,Sri Lanka,Kycia A Knight,B Cooper,HHC Gunaratne,1,0,,,,,,,,,
1122902,2017/18,2017-10-21,Coolidge Cricket Ground,1,16.2,West Indies,Sri Lanka,B Cooper,Kycia A Knight,HHC Gunaratne,0,0,,,,,,,,,
1122902,2017/18,2017-10-21,Coolidge Cricket Ground,1,16.3,West Indies,Sri Lanka,B Cooper,Kycia A Knight,HHC Gunaratne,0,0,,,,,,,,,
1122902,2017/18,2017-10-21,Coolidge Cricket Ground,1,16.4,West Indies,Sri Lanka,B Cooper,Kycia A Knight,HHC Gunaratne,0,0,,,,,,,,,
1122902,2017/18,2017-10-21,Coolidge Cricket Ground,1,16.5,West Indies,Sri Lanka,B Cooper,Kycia A Knight,HHC Gunaratne,0,0,,,,,,,,,
1122902,2017/18,2017-10-21,Coolidge Cricket Ground,1,16.6,West Indies,Sri Lanka,B Cooper,Kycia A Knight,HHC Gunaratne,0,0,,,,,,,,,
1122902,2017/18,2017-10-21,Coolidge Cricket Ground,1,17.1,West Indies,Sri Lanka,Kycia A Knight,B Cooper,AC Jayangani,0,1,,,1,,,,,,
1122902,2017/18,2017-10-21,Coolidge Cricket Ground,1,17.2,West Indies,Sri Lanka,B Cooper,Kycia A Knight,AC Jayangani,4,0,,,,,,,,,
1122902,2017/18,2017-10-21,Coolidge Cricket Ground,1,17.3,West Indies,Sri Lanka,B Cooper,Kycia A Knight,AC Jayangani,1,0,,,,,,,,,
1122902,2017/18,2017-10-21,Coolidge Cricket Ground,1,17.4,West Indies,Sri Lanka,Kycia A Knight,B Cooper,AC Jayangani,0,0,,,,,,,,,
1122902,2017/18,2017-10-21,Coolidge Cricket Ground,1,17.5,West Indies,Sri Lanka,Kycia A Knight,B Cooper,AC Jayangani,1,0,,,,,,,,,
1122902,2017/18,2017-10-21,Coolidge Cricket Ground,1,17.6,West Indies,Sri Lanka,B Cooper,Kycia A Knight,AC Jayangani,1,0,,,,,,,,,
1122902,2017/18,2017-10-21,Coolidge Cricket Ground,1,18.1,West Indies,Sri Lanka,B Cooper,Kycia A Knight,HHC Gunaratne,1,0,,,,,,,,,
1122902,2017/18,2017-10-21,Coolidge Cricket Ground,1,18.2,West Indies,Sri Lanka,Kycia A Knight,B Cooper,HHC Gunaratne,1,0,,,,,,,,,
1122902,2017/18,2017-10-21,Coolidge Cricket Ground,1,18.3,West Indies,Sri Lanka,B Cooper,Kycia A Knight,HHC Gunaratne,2,0,,,,,,,,,
1122902,2017/18,2017-10-21,Coolidge Cricket Ground,1,18.4,West Indies,Sri Lanka,B Cooper,Kycia A Knight,HHC Gunaratne,4,0,,,,,,,,,
1122902,2017/18,2017-10-21,Coolidge Cricket Ground,1,18.5,West Indies,Sri Lanka,B Cooper,Kycia A Knight,HHC Gunaratne,0,0,,,,,,lbw,B Cooper,,
1122902,2017/18,2017-10-21,Coolidge Cricket Ground,1,18.6,West Indies,Sri Lanka,Kyshona A Knight,Kycia A Knight,HHC Gunaratne,1,0,,,,,,,,,
1122902,2017/18,2017-10-21,Coolidge Cricket Ground,1,19.1,West Indies,Sri Lanka,Kyshona A Knight,Kycia A Knight,I Ranaweera,6,0,,,,,,,,,
1122902,2017/18,2017-10-21,Coolidge Cricket Ground,1,19.2,West Indies,Sri Lanka,Kyshona A Knight,Kycia A Knight,I Ranaweera,4,0,,,,,,,,,
1122902,2017/18,2017-10-21,Coolidge Cricket Ground,1,19.3,West Indies,Sri Lanka,Kyshona A Knight,Kycia A Knight,I Ranaweera,4,0,,,,,,,,,
1122902,2017/18,2017-10-21,Coolidge Cricket Ground,1,19.4,West Indies,Sri Lanka,Kyshona A Knight,Kycia A Knight,I Ranaweera,4,0,,,,,,,,,
1122902,2017/18,2017-10-21,Coolidge Cricket Ground,1,19.5,West Indies,Sri Lanka,Kyshona A Knight,Kycia A Knight,I Ranaweera,0,0,,,,,,,,,
1122902,2017/18,2017-10-21,Coolidge Cricket Ground,1,19.6,West Indies,Sri Lanka,Kyshona A Knight,Kycia A Knight,I Ranaweera,0,0,,,,,,caught and bowled,Kyshona A Knight,,
1122902,2017/18,2017-10-21,Coolidge Cricket Ground,2,0.1,Sri Lanka,West Indies,BYA Mendis,MDN Hansika,SC Selman,0,0,,,,,,,,,
1122902,2017/18,2017-10-21,Coolidge Cricket Ground,2,0.2,Sri Lanka,West Indies,BYA Mendis,MDN Hansika,SC Selman,0,0,,,,,,,,,
1122902,2017/18,2017-10-21,Coolidge Cricket Ground,2,0.3,Sri Lanka,West Indies,BYA Mendis,MDN Hansika,SC Selman,0,1,,,,1,,,,,
1122902,2017/18,2017-10-21,Coolidge Cricket Ground,2,0.4,Sri Lanka,West Indies,MDN Hansika,BYA Mendis,SC Selman,2,0,,,,,,,,,
1122902,2017/18,2017-10-21,Coolidge Cricket Ground,2,0.5,Sri Lanka,West Indies,MDN Hansika,BYA Mendis,SC Selman,0,0,,,,,,,,,
1122902,2017/18,2017-10-21,Coolidge Cricket Ground,2,0.6,Sri Lanka,West Indies,MDN Hansika,BYA Mendis,SC Selman,2,0,,,,,,,,,
1122902,2017/18,2017-10-21,Coolidge Cricket Ground,2,1.1,Sri Lanka,West Indies,BYA Mendis,MDN Hansika,HK Matthews,4,0,,,,,,,,,
1122902,2017/18,2017-10-21,Coolidge Cricket Ground,2,1.2,Sri Lanka,West Indies,BYA Mendis,MDN Hansika,HK Matthews,0,0,,,,,,,,,
1122902,2017/18,2017-10-21,Coolidge Cricket Ground,2,1.3,Sri Lanka,West Indies,BYA Mendis,MDN Hansika,HK Matthews,0,0,,,,,,,,,
1122902,2017/18,2017-10-21,Coolidge Cricket Ground,2,1.4,Sri Lanka,West Indies,BYA Mendis,MDN Hansika,HK Matthews,2,0,,,,,,,,,
1122902,2017/18,2017-10-21,Coolidge Cricket Ground,2,1.5,Sri Lanka,West Indies,BYA Mendis,MDN Hansika,HK Matthews,0,0,,,,,,,,,
1122902,2017/18,2017-10-21,Coolidge Cricket Ground,2,1.6,Sri Lanka,West Indies,BYA Mendis,MDN Hansika,HK Matthews,4,0,,,,,,,,,
1122902,2017/18,2017-10-21,Coolidge Cricket Ground,2,2.1,Sri Lanka,West Indies,MDN Hansika,BYA Mendis,SC Selman,0,0,,,,,,,,,
1122902,2017/18,2017-10-21,Coolidge Cricket Ground,2,2.2,Sri Lanka,West Indies,MDN Hansika,BYA Mendis,SC Selman,0,0,,,,,,,,,
1122902,2017/18,2017-10-21,Coolidge Cricket Ground,2,2.3,Sri Lanka,West Indies,MDN Hansika,BYA Mendis,SC Selman,1,0,,,,,,,,,
1122902,2017/18,2017-10-21,Coolidge Cricket Ground,2,2.4,Sri Lanka,West Indies,BYA Mendis,MDN Hansika,SC Selman,0,0,,,,,,,,,
1122902,2017/18,2017-10-21,Coolidge Cricket Ground,2,2.5,Sri Lanka,West Indies,BYA Mendis,MDN Hansika,SC Selman,4,0,,,,,,,,,
1122902,2017/18,2017-10-21,Coolidge Cricket Ground,2,2.6,Sri Lanka,West Indies,BYA Mendis,MDN Hansika,SC Selman,1,0,,,,,,,,,
1122902,2017/18,2017-10-21,Coolidge Cricket Ground,2,3.1,Sri Lanka,West Indies,BYA Mendis,MDN Hansika,DJS Dottin,0,0,,,,,,,,,
1122902,2017/18,2017-10-21,Coolidge Cricket Ground,2,3.2,Sri Lanka,West Indies,BYA Mendis,MDN Hansika,DJS Dottin,4,0,,,,,,,,,
1122902,2017/18,2017-10-21,Coolidge Cricket Ground,2,3.3,Sri Lanka,West Indies,BYA Mendis,MDN Hansika,DJS Dottin,0,2,2,,,,,,,,
1122902,2017/18,2017-10-21,Coolidge Cricket Ground,2,3.4,Sri Lanka,West Indies,MDN Hansika,BYA Mendis,DJS Dottin,0,1,1,,,,,,,,
1122902,2017/18,2017-10-21,Coolidge Cricket Ground,2,3.5,Sri Lanka,West Indies,MDN Hansika,BYA Mendis,DJS Dottin,0,0,,,,,,,,,
1122902,2017/18,2017-10-21,Coolidge Cricket Ground,2,3.6,Sri Lanka,West Indies,MDN Hansika,BYA Mendis,DJS Dottin,0,0,,,,,,,,,
1122902,2017/18,2017-10-21,Coolidge Cricket Ground,2,3.7,Sri Lanka,West Indies,MDN Hansika,BYA Mendis,DJS Dottin,0,1,1,,,,,,,,
1122902,2017/18,2017-10-21,Coolidge Cricket Ground,2,3.8,Sri Lanka,West Indies,MDN Hansika,BYA Mendis,DJS Dottin,1,0,,,,,,,,,
1122902,2017/18,2017-10-21,Coolidge Cricket Ground,2,3.9,Sri Lanka,West Indies,BYA Mendis,MDN Hansika,DJS Dottin,3,0,,,,,,,,,
1122902,2017/18,2017-10-21,Coolidge Cricket Ground,2,4.1,Sri Lanka,West Indies,BYA Mendis,MDN Hansika,SC Selman,0,0,,,,,,,,,
1122902,2017/18,2017-10-21,Coolidge Cricket Ground,2,4.2,Sri Lanka,West Indies,BYA Mendis,MDN Hansika,SC Selman,0,0,,,,,,run out,MDN Hansika,,
1122902,2017/18,2017-10-21,Coolidge Cricket Ground,2,4.3,Sri Lanka,West Indies,AC Jayangani,BYA Mendis,SC Selman,2,0,,,,,,,,,
1122902,2017/18,2017-10-21,Coolidge Cricket Ground,2,4.4,Sri Lanka,West Indies,AC Jayangani,BYA Mendis,SC Selman,0,0,,,,,,,,,
1122902,2017/18,2017-10-21,Coolidge Cricket Ground,2,4.5,Sri Lanka,West Indies,AC Jayangani,BYA Mendis,SC Selman,0,1,1,,,,,,,,
1122902,2017/18,2017-10-21,Coolidge Cricket Ground,2,4.6,Sri Lanka,West Indies,AC Jayangani,BYA Mendis,SC Selman,2,0,,,,,,,,,
1122902,2017/18,2017-10-21,Coolidge Cricket Ground,2,4.7,Sri Lanka,West Indies,AC Jayangani,BYA Mendis,SC Selman,4,0,,,,,,,,,
1122902,2017/18,2017-10-21,Coolidge Cricket Ground,2,5.1,Sri Lanka,West Indies,BYA Mendis,AC Jayangani,HK Matthews,0,0,,,,,,,,,
1122902,2017/18,2017-10-21,Coolidge Cricket Ground,2,5.2,Sri Lanka,West Indies,BYA Mendis,AC Jayangani,HK Matthews,0,0,,,,,,,,,
1122902,2017/18,2017-10-21,Coolidge Cricket Ground,2,5.3,Sri Lanka,West Indies,BYA Mendis,AC Jayangani,HK Matthews,0,0,,,,,,caught,BYA Mendis,,
1122902,2017/18,2017-10-21,Coolidge Cricket Ground,2,5.4,Sri Lanka,West Indies,MADD Surangika,AC Jayangani,HK Matthews,1,0,,,,,,,,,
1122902,2017/18,2017-10-21,Coolidge Cricket Ground,2,5.5,Sri Lanka,West Indies,AC Jayangani,MADD Surangika,HK Matthews,3,0,,,,,,,,,
1122902,2017/18,2017-10-21,Coolidge Cricket Ground,2,5.6,Sri Lanka,West Indies,MADD Surangika,AC Jayangani,HK Matthews,4,0,,,,,,,,,
1122902,2017/18,2017-10-21,Coolidge Cricket Ground,2,6.1,Sri Lanka,West Indies,AC Jayangani,MADD Surangika,A Mohammed,1,0,,,,,,,,,
1122902,2017/18,2017-10-21,Coolidge Cricket Ground,2,6.2,Sri Lanka,West Indies,MADD Surangika,AC Jayangani,A Mohammed,2,0,,,,,,,,,
1122902,2017/18,2017-10-21,Coolidge Cricket Ground,2,6.3,Sri Lanka,West Indies,MADD Surangika,AC Jayangani,A Mohammed,1,0,,,,,,,,,
1122902,2017/18,2017-10-21,Coolidge Cricket Ground,2,6.4,Sri Lanka,West Indies,AC Jayangani,MADD Surangika,A Mohammed,1,0,,,,,,,,,
1122902,2017/18,2017-10-21,Coolidge Cricket Ground,2,6.5,Sri Lanka,West Indies,MADD Surangika,AC Jayangani,A Mohammed,1,0,,,,,,,,,
1122902,2017/18,2017-10-21,Coolidge Cricket Ground,2,6.6,Sri Lanka,West Indies,AC Jayangani,MADD Surangika,A Mohammed,1,0,,,,,,,,,
1122902,2017/18,2017-10-21,Coolidge Cricket Ground,2,7.1,Sri Lanka,West Indies,AC Jayangani,MADD Surangika,SR Taylor,0,0,,,,,,,,,
1122902,2017/18,2017-10-21,Coolidge Cricket Ground,2,7.2,Sri Lanka,West Indies,AC Jayangani,MADD Surangika,SR Taylor,1,0,,,,,,,,,
1122902,2017/18,2017-10-21,Coolidge Cricket Ground,2,7.3,Sri Lanka,West Indies,MADD Surangika,AC Jayangani,SR Taylor,2,0,,,,,,,,,
1122902,2017/18,2017-10-21,Coolidge Cricket Ground,2,7.4,Sri Lanka,West Indies,MADD Surangika,AC Jayangani,SR Taylor,0,0,,,,,,run out,MADD Surangika,,
1122902,2017/18,2017-10-21,Coolidge Cricket Ground,2,7.5,Sri Lanka,West Indies,AC Jayangani,RS Vandort,SR Taylor,1,0,,,,,,,,,
1122902,2017/18,2017-10-21,Coolidge Cricket Ground,2,7.6,Sri Lanka,West Indies,RS Vandort,AC Jayangani,SR Taylor,0,0,,,,,,,,,
1122902,2017/18,2017-10-21,Coolidge Cricket Ground,2,8.1,Sri Lanka,West Indies,AC Jayangani,RS Vandort,A Mohammed,0,0,,,,,,,,,
1122902,2017/18,2017-10-21,Coolidge Cricket Ground,2,8.2,Sri Lanka,West Indies,AC Jayangani,RS Vandort,A Mohammed,0,0,,,,,,,,,
1122902,2017/18,2017-10-21,Coolidge Cricket Ground,2,8.3,Sri Lanka,West Indies,AC Jayangani,RS Vandort,A Mohammed,1,0,,,,,,,,,
1122902,2017/18,2017-10-21,Coolidge Cricket Ground,2,8.4,Sri Lanka,West Indies,RS Vandort,AC Jayangani,A Mohammed,1,0,,,,,,,,,
1122902,2017/18,2017-10-21,Coolidge Cricket Ground,2,8.5,Sri Lanka,West Indies,AC Jayangani,RS Vandort,A Mohammed,1,0,,,,,,,,,
1122902,2017/18,2017-10-21,Coolidge Cricket Ground,2,8.6,Sri Lanka,West Indies,RS Vandort,AC Jayangani,A Mohammed,0,0,,,,,,,,,
1122902,2017/18,2017-10-21,Coolidge Cricket Ground,2,9.1,Sri Lanka,West Indies,AC Jayangani,RS Vandort,SR Taylor,0,0,,,,,,,,,
1122902,2017/18,2017-10-21,Coolidge Cricket Ground,2,9.2,Sri Lanka,West Indies,AC Jayangani,RS Vandort,SR Taylor,2,0,,,,,,,,,
1122902,2017/18,2017-10-21,Coolidge Cricket Ground,2,9.3,Sri Lanka,West Indies,AC Jayangani,RS Vandort,SR Taylor,0,0,,,,,,,,,
1122902,2017/18,2017-10-21,Coolidge Cricket Ground,2,9.4,Sri Lanka,West Indies,AC Jayangani,RS Vandort,SR Taylor,1,0,,,,,,,,,
1122902,2017/18,2017-10-21,Coolidge Cricket Ground,2,9.5,Sri Lanka,West Indies,RS Vandort,AC Jayangani,SR Taylor,2,0,,,,,,,,,
1122902,2017/18,2017-10-21,Coolidge Cricket Ground,2,9.6,Sri Lanka,West Indies,RS Vandort,AC Jayangani,SR Taylor,1,0,,,,,,,,,
1122902,2017/18,2017-10-21,Coolidge Cricket Ground,2,10.1,Sri Lanka,West Indies,RS Vandort,AC Jayangani,A Mohammed,0,0,,,,,,,,,
1122902,2017/18,2017-10-21,Coolidge Cricket Ground,2,10.2,Sri Lanka,West Indies,RS Vandort,AC Jayangani,A Mohammed,2,0,,,,,,,,,
1122902,2017/18,2017-10-21,Coolidge Cricket Ground,2,10.3,Sri Lanka,West Indies,RS Vandort,AC Jayangani,A Mohammed,1,0,,,,,,,,,
1122902,2017/18,2017-10-21,Coolidge Cricket Ground,2,10.4,Sri Lanka,West Indies,AC Jayangani,RS Vandort,A Mohammed,0,0,,,,,,,,,
1122902,2017/18,2017-10-21,Coolidge Cricket Ground,2,10.5,Sri Lanka,West Indies,AC Jayangani,RS Vandort,A Mohammed,0,0,,,,,,,,,
1122902,2017/18,2017-10-21,Coolidge Cricket Ground,2,10.6,Sri Lanka,West Indies,AC Jayangani,RS Vandort,A Mohammed,0,0,,,,,,,,,
1122902,2017/18,2017-10-21,Coolidge Cricket Ground,2,11.1,Sri Lanka,West Indies,RS Vandort,AC Jayangani,SR Taylor,1,0,,,,,,,,,
1122902,2017/18,2017-10-21,Coolidge Cricket Ground,2,11.2,Sri Lanka,West Indies,AC Jayangani,RS Vandort,SR Taylor,0,0,,,,,,,,,
1122902,2017/18,2017-10-21,Coolidge Cricket Ground,2,11.3,Sri Lanka,West Indies,AC Jayangani,RS Vandort,SR Taylor,1,0,,,,,,,,,
1122902,2017/18,2017-10-21,Coolidge Cricket Ground,2,11.4,Sri Lanka,West Indies,RS Vandort,AC Jayangani,SR Taylor,1,0,,,,,,,,,
1122902,2017/18,2017-10-21,Coolidge Cricket Ground,2,11.5,Sri Lanka,West Indies,AC Jayangani,RS Vandort,SR Taylor,1,0,,,,,,,,,
1122902,2017/18,2017-10-21,Coolidge Cricket Ground,2,11.6,Sri Lanka,West Indies,RS Vandort,AC Jayangani,SR Taylor,1,0,,,,,,,,,
1122902,2017/18,2017-10-21,Coolidge Cricket Ground,2,12.1,Sri Lanka,West Indies,RS Vandort,AC Jayangani,A Mohammed,2,0,,,,,,,,,
1122902,2017/18,2017-10-21,Coolidge Cricket Ground,2,12.2,Sri Lanka,West Indies,RS Vandort,AC Jayangani,A Mohammed,0,0,,,,,,,,,
1122902,2017/18,2017-10-21,Coolidge Cricket Ground,2,12.3,Sri Lanka,West Indies,RS Vandort,AC Jayangani,A Mohammed,1,0,,,,,,,,,
1122902,2017/18,2017-10-21,Coolidge Cricket Ground,2,12.4,Sri Lanka,West Indies,AC Jayangani,RS Vandort,A Mohammed,1,0,,,,,,,,,
1122902,2017/18,2017-10-21,Coolidge Cricket Ground,2,12.5,Sri Lanka,West Indies,RS Vandort,AC Jayangani,A Mohammed,1,0,,,,,,,,,
1122902,2017/18,2017-10-21,Coolidge Cricket Ground,2,12.6,Sri Lanka,West Indies,AC Jayangani,RS Vandort,A Mohammed,1,0,,,,,,,,,
1122902,2017/18,2017-10-21,Coolidge Cricket Ground,2,13.1,Sri Lanka,West Indies,AC Jayangani,RS Vandort,ASS Fletcher,1,0,,,,,,,,,
1122902,2017/18,2017-10-21,Coolidge Cricket Ground,2,13.2,Sri Lanka,West Indies,RS Vandort,AC Jayangani,ASS Fletcher,0,0,,,,,,caught,RS Vandort,,
1122902,2017/18,2017-10-21,Coolidge Cricket Ground,2,13.3,Sri Lanka,West Indies,HASD Siriwardene,AC Jayangani,ASS Fletcher,0,0,,,,,,,,,
1122902,2017/18,2017-10-21,Coolidge Cricket Ground,2,13.4,Sri Lanka,West Indies,HASD Siriwardene,AC Jayangani,ASS Fletcher,0,0,,,,,,,,,
1122902,2017/18,2017-10-21,Coolidge Cricket Ground,2,13.5,Sri Lanka,West Indies,HASD Siriwardene,AC Jayangani,ASS Fletcher,1,0,,,,,,,,,
1122902,2017/18,2017-10-21,Coolidge Cricket Ground,2,13.6,Sri Lanka,West Indies,AC Jayangani,HASD Siriwardene,ASS Fletcher,1,0,,,,,,,,,
1122902,2017/18,2017-10-21,Coolidge Cricket Ground,2,14.1,Sri Lanka,West Indies,AC Jayangani,HASD Siriwardene,HK Matthews,0,0,,,,,,,,,
1122902,2017/18,2017-10-21,Coolidge Cricket Ground,2,14.2,Sri Lanka,West Indies,AC Jayangani,HASD Siriwardene,HK Matthews,1,0,,,,,,,,,
1122902,2017/18,2017-10-21,Coolidge Cricket Ground,2,14.3,Sri Lanka,West Indies,HASD Siriwardene,AC Jayangani,HK Matthews,0,0,,,,,,,,,
1122902,2017/18,2017-10-21,Coolidge Cricket Ground,2,14.4,Sri Lanka,West Indies,HASD Siriwardene,AC Jayangani,HK Matthews,1,0,,,,,,,,,
1122902,2017/18,2017-10-21,Coolidge Cricket Ground,2,14.5,Sri Lanka,West Indies,AC Jayangani,HASD Siriwardene,HK Matthews,1,0,,,,,,,,,
1122902,2017/18,2017-10-21,Coolidge Cricket Ground,2,14.6,Sri Lanka,West Indies,HASD Siriwardene,AC Jayangani,HK Matthews,1,0,,,,,,,,,
1122902,2017/18,2017-10-21,Coolidge Cricket Ground,2,15.1,Sri Lanka,West Indies,HASD Siriwardene,AC Jayangani,ASS Fletcher,0,0,,,,,,caught and bowled,HASD Siriwardene,,
1122902,2017/18,2017-10-21,Coolidge Cricket Ground,2,15.2,Sri Lanka,West Indies,KADA Kanchana,AC Jayangani,ASS Fletcher,0,0,,,,,,,,,
1122902,2017/18,2017-10-21,Coolidge Cricket Ground,2,15.3,Sri Lanka,West Indies,KADA Kanchana,AC Jayangani,ASS Fletcher,1,0,,,,,,,,,
1122902,2017/18,2017-10-21,Coolidge Cricket Ground,2,15.4,Sri Lanka,West Indies,AC Jayangani,KADA Kanchana,ASS Fletcher,1,0,,,,,,run out,AC Jayangani,,
1122902,2017/18,2017-10-21,Coolidge Cricket Ground,2,15.5,Sri Lanka,West Indies,GWHM Perera,KADA Kanchana,ASS Fletcher,0,0,,,,,,,,,
1122902,2017/18,2017-10-21,Coolidge Cricket Ground,2,15.6,Sri Lanka,West Indies,GWHM Perera,KADA Kanchana,ASS Fletcher,0,0,,,,,,,,,
1122902,2017/18,2017-10-21,Coolidge Cricket Ground,2,16.1,Sri Lanka,West Indies,KADA Kanchana,GWHM Perera,HK Matthews,1,0,,,,,,,,,
1122902,2017/18,2017-10-21,Coolidge Cricket Ground,2,16.2,Sri Lanka,West Indies,GWHM Perera,KADA Kanchana,HK Matthews,0,1,,,,1,,,,,
1122902,2017/18,2017-10-21,Coolidge Cricket Ground,2,16.3,Sri Lanka,West Indies,KADA Kanchana,GWHM Perera,HK Matthews,1,0,,,,,,,,,
1122902,2017/18,2017-10-21,Coolidge Cricket Ground,2,16.4,Sri Lanka,West Indies,GWHM Perera,KADA Kanchana,HK Matthews,0,1,,,,1,,,,,
1122902,2017/18,2017-10-21,Coolidge Cricket Ground,2,16.5,Sri Lanka,West Indies,KADA Kanchana,GWHM Perera,HK Matthews,1,0,,,,,,,,,
1122902,2017/18,2017-10-21,Coolidge Cricket Ground,2,16.6,Sri Lanka,West Indies,GWHM Perera,KADA Kanchana,HK Matthews,0,0,,,,,,caught,GWHM Perera,,
1122902,2017/18,2017-10-21,Coolidge Cricket Ground,2,17.1,Sri Lanka,West Indies,KADA Kanchana,SS Weerakkody,ASS Fletcher,2,0,,,,,,,,,
1122902,2017/18,2017-10-21,Coolidge Cricket Ground,2,17.2,Sri Lanka,West Indies,KADA Kanchana,SS Weerakkody,ASS Fletcher,0,0,,,,,,caught,KADA Kanchana,,
1122902,2017/18,2017-10-21,Coolidge Cricket Ground,2,17.3,Sri Lanka,West Indies,SS Weerakkody,I Ranaweera,ASS Fletcher,4,0,,,,,,,,,
1122902,2017/18,2017-10-21,Coolidge Cricket Ground,2,17.4,Sri Lanka,West Indies,SS Weerakkody,I Ranaweera,ASS Fletcher,1,0,,,,,,,,,
1122902,2017/18,2017-10-21,Coolidge Cricket Ground,2,17.5,Sri Lanka,West Indies,I Ranaweera,SS Weerakkody,ASS Fletcher,0,0,,,,,,,,,
1122902,2017/18,2017-10-21,Coolidge Cricket Ground,2,17.6,Sri Lanka,West Indies,I Ranaweera,SS Weerakkody,ASS Fletcher,0,0,,,,,,,,,
1122902,2017/18,2017-10-21,Coolidge Cricket Ground,2,18.1,Sri Lanka,West Indies,SS Weerakkody,I Ranaweera,SR Taylor,1,0,,,,,,,,,
1122902,2017/18,2017-10-21,Coolidge Cricket Ground,2,18.2,Sri Lanka,West Indies,I Ranaweera,SS Weerakkody,SR Taylor,0,0,,,,,,,,,
1122902,2017/18,2017-10-21,Coolidge Cricket Ground,2,18.3,Sri Lanka,West Indies,I Ranaweera,SS Weerakkody,SR Taylor,0,0,,,,,,,,,
1122902,2017/18,2017-10-21,Coolidge Cricket Ground,2,18.4,Sri Lanka,West Indies,I Ranaweera,SS Weerakkody,SR Taylor,0,0,,,,,,,,,
1122902,2017/18,2017-10-21,Coolidge Cricket Ground,2,18.5,Sri Lanka,West Indies,I Ranaweera,SS Weerakkody,SR Taylor,0,0,,,,,,,,,
1122902,2017/18,2017-10-21,Coolidge Cricket Ground,2,18.6,Sri Lanka,West Indies,I Ranaweera,SS Weerakkody,SR Taylor,0,0,,,,,,,,,
1122902,2017/18,2017-10-21,Coolidge Cricket Ground,2,19.1,Sri Lanka,West Indies,SS Weerakkody,I Ranaweera,ASS Fletcher,0,0,,,,,,caught,SS Weerakkody,,
1122902,2017/18,2017-10-21,Coolidge Cricket Ground,2,19.2,Sri Lanka,West Indies,HHC Gunaratne,I Ranaweera,ASS Fletcher,0,0,,,,,,,,,
1122902,2017/18,2017-10-21,Coolidge Cricket Ground,2,19.3,Sri Lanka,West Indies,HHC Gunaratne,I Ranaweera,ASS Fletcher,1,0,,,,,,,,,
1122902,2017/18,2017-10-21,Coolidge Cricket Ground,2,19.4,Sri Lanka,West Indies,I Ranaweera,HHC Gunaratne,ASS Fletcher,0,0,,,,,,bowled,I Ranaweera,,
