match_id,season,start_date,venue,innings,ball,batting_team,bowling_team,striker,non_striker,bowler,runs_off_bat,extras,wides,noballs,byes,legbyes,penalty,wicket_type,player_dismissed,other_wicket_type,other_player_dismissed
1123210,2017/18,2018-02-24,Newlands,1,0.1,India,South Africa,M Raj,S Mandhana,M Kapp,0,0,,,,,,,,,
1123210,2017/18,2018-02-24,Newlands,1,0.2,India,South Africa,M Raj,S Mandhana,M Kapp,0,0,,,,,,,,,
1123210,2017/18,2018-02-24,Newlands,1,0.3,India,South Africa,M Raj,S Mandhana,M Kapp,0,4,,,,4,,,,,
1123210,2017/18,2018-02-24,Newlands,1,0.4,India,South Africa,M Raj,S Mandhana,M Kapp,0,0,,,,,,,,,
1123210,2017/18,2018-02-24,Newlands,1,0.5,India,South Africa,M Raj,S Mandhana,M Kapp,0,0,,,,,,,,,
1123210,2017/18,2018-02-24,Newlands,1,0.6,India,South Africa,M Raj,S Mandhana,M Kapp,0,0,,,,,,,,,
1123210,2017/18,2018-02-24,Newlands,1,1.1,India,South Africa,S Mandhana,M Raj,A Khaka,0,1,1,,,,,,,,
1123210,2017/18,2018-02-24,Newlands,1,1.2,India,South Africa,S Mandhana,M Raj,A Khaka,0,1,1,,,,,,,,
1123210,2017/18,2018-02-24,Newlands,1,1.3,India,South Africa,S Mandhana,M Raj,A Khaka,0,1,1,,,,,,,,
1123210,2017/18,2018-02-24,Newlands,1,1.4,India,South Africa,S Mandhana,M Raj,A Khaka,4,0,,,,,,,,,
1123210,2017/18,2018-02-24,Newlands,1,1.5,India,South Africa,S Mandhana,M Raj,A Khaka,0,0,,,,,,,,,
1123210,2017/18,2018-02-24,Newlands,1,1.6,India,South Africa,S Mandhana,M Raj,A Khaka,0,1,1,,,,,,,,
1123210,2017/18,2018-02-24,Newlands,1,1.7,India,South Africa,S Mandhana,M Raj,A Khaka,0,0,,,,,,,,,
1123210,2017/18,2018-02-24,Newlands,1,1.8,India,South Africa,S Mandhana,M Raj,A Khaka,0,0,,,,,,,,,
1123210,2017/18,2018-02-24,Newlands,1,1.9,India,South Africa,S Mandhana,M Raj,A Khaka,0,1,1,,,,,,,,
1123210,2017/18,2018-02-24,Newlands,1,1.10,India,South Africa,S Mandhana,M Raj,A Khaka,0,0,,,,,,,,,
1123210,2017/18,2018-02-24,Newlands,1,1.11,India,South Africa,S Mandhana,M Raj,A Khaka,0,1,1,,,,,,,,
1123210,2017/18,2018-02-24,Newlands,1,1.12,India,South Africa,S Mandhana,M Raj,A Khaka,1,0,,,,,,,,,
1123210,2017/18,2018-02-24,Newlands,1,2.1,India,South Africa,S Mandhana,M Raj,M Kapp,0,0,,,,,,,,,
1123210,2017/18,2018-02-24,Newlands,1,2.2,India,South Africa,S Mandhana,M Raj,M Kapp,0,0,,,,,,,,,
1123210,2017/18,2018-02-24,Newlands,1,2.3,India,South Africa,S Mandhana,M Raj,M Kapp,0,0,,,,,,,,,
1123210,2017/18,2018-02-24,Newlands,1,2.4,India,South Africa,S Mandhana,M Raj,M Kapp,4,0,,,,,,,,,
1123210,2017/18,2018-02-24,Newlands,1,2.5,India,South Africa,S Mandhana,M Raj,M Kapp,0,0,,,,,,,,,
1123210,2017/18,2018-02-24,Newlands,1,2.6,India,South Africa,S Mandhana,M Raj,M Kapp,0,0,,,,,,,,,
1123210,2017/18,2018-02-24,Newlands,1,3.1,India,South Africa,M Raj,S Mandhana,S Ismail,0,0,,,,,,,,,
1123210,2017/18,2018-02-24,Newlands,1,3.2,India,South Africa,M Raj,S Mandhana,S Ismail,4,0,,,,,,,,,
1123210,2017/18,2018-02-24,Newlands,1,3.3,India,South Africa,M Raj,S Mandhana,S Ismail,0,0,,,,,,,,,
1123210,2017/18,2018-02-24,Newlands,1,3.4,India,South Africa,M Raj,S Mandhana,S Ismail,4,0,,,,,,,,,
1123210,2017/18,2018-02-24,Newlands,1,3.5,India,South Africa,M Raj,S Mandhana,S Ismail,0,0,,,,,,,,,
1123210,2017/18,2018-02-24,Newlands,1,3.6,India,South Africa,M Raj,S Mandhana,S Ismail,0,0,,,,,,,,,
1123210,2017/18,2018-02-24,Newlands,1,4.1,India,South Africa,S Mandhana,M Raj,M Kapp,4,0,,,,,,,,,
1123210,2017/18,2018-02-24,Newlands,1,4.2,India,South Africa,S Mandhana,M Raj,M Kapp,0,1,1,,,,,,,,
1123210,2017/18,2018-02-24,Newlands,1,4.3,India,South Africa,S Mandhana,M Raj,M Kapp,0,0,,,,,,caught,S Mandhana,,
1123210,2017/18,2018-02-24,Newlands,1,4.4,India,South Africa,M Raj,JI Rodrigues,M Kapp,0,0,,,,,,,,,
1123210,2017/18,2018-02-24,Newlands,1,4.5,India,South Africa,M Raj,JI Rodrigues,M Kapp,0,0,,,,,,,,,
1123210,2017/18,2018-02-24,Newlands,1,4.6,India,South Africa,M Raj,JI Rodrigues,M Kapp,0,0,,,,,,,,,
1123210,2017/18,2018-02-24,Newlands,1,4.7,India,South Africa,M Raj,JI Rodrigues,M Kapp,4,0,,,,,,,,,
1123210,2017/18,2018-02-24,Newlands,1,5.1,India,South Africa,JI Rodrigues,M Raj,S Ismail,0,0,,,,,,,,,
1123210,2017/18,2018-02-24,Newlands,1,5.2,India,South Africa,JI Rodrigues,M Raj,S Ismail,1,0,,,,,,,,,
1123210,2017/18,2018-02-24,Newlands,1,5.3,India,South Africa,M Raj,JI Rodrigues,S Ismail,0,0,,,,,,,,,
1123210,2017/18,2018-02-24,Newlands,1,5.4,India,South Africa,M Raj,JI Rodrigues,S Ismail,1,0,,,,,,,,,
1123210,2017/18,2018-02-24,Newlands,1,5.5,India,South Africa,JI Rodrigues,M Raj,S Ismail,1,0,,,,,,,,,
1123210,2017/18,2018-02-24,Newlands,1,5.6,India,South Africa,M Raj,JI Rodrigues,S Ismail,0,0,,,,,,,,,
1123210,2017/18,2018-02-24,Newlands,1,6.1,India,South Africa,JI Rodrigues,M Raj,M Klaas,0,0,,,,,,,,,
1123210,2017/18,2018-02-24,Newlands,1,6.2,India,South Africa,JI Rodrigues,M Raj,M Klaas,1,0,,,,,,,,,
1123210,2017/18,2018-02-24,Newlands,1,6.3,India,South Africa,M Raj,JI Rodrigues,M Klaas,0,0,,,,,,,,,
1123210,2017/18,2018-02-24,Newlands,1,6.4,India,South Africa,M Raj,JI Rodrigues,M Klaas,1,0,,,,,,,,,
1123210,2017/18,2018-02-24,Newlands,1,6.5,India,South Africa,JI Rodrigues,M Raj,M Klaas,1,0,,,,,,,,,
1123210,2017/18,2018-02-24,Newlands,1,6.6,India,South Africa,M Raj,JI Rodrigues,M Klaas,4,0,,,,,,,,,
1123210,2017/18,2018-02-24,Newlands,1,7.1,India,South Africa,JI Rodrigues,M Raj,D van Niekerk,0,0,,,,,,,,,
1123210,2017/18,2018-02-24,Newlands,1,7.2,India,South Africa,JI Rodrigues,M Raj,D van Niekerk,1,0,,,,,,,,,
1123210,2017/18,2018-02-24,Newlands,1,7.3,India,South Africa,M Raj,JI Rodrigues,D van Niekerk,0,0,,,,,,,,,
1123210,2017/18,2018-02-24,Newlands,1,7.4,India,South Africa,M Raj,JI Rodrigues,D van Niekerk,1,0,,,,,,,,,
1123210,2017/18,2018-02-24,Newlands,1,7.5,India,South Africa,JI Rodrigues,M Raj,D van Niekerk,1,0,,,,,,,,,
1123210,2017/18,2018-02-24,Newlands,1,7.6,India,South Africa,M Raj,JI Rodrigues,D van Niekerk,0,0,,,,,,,,,
1123210,2017/18,2018-02-24,Newlands,1,8.1,India,South Africa,JI Rodrigues,M Raj,M Klaas,1,0,,,,,,,,,
1123210,2017/18,2018-02-24,Newlands,1,8.2,India,South Africa,M Raj,JI Rodrigues,M Klaas,6,0,,,,,,,,,
1123210,2017/18,2018-02-24,Newlands,1,8.3,India,South Africa,M Raj,JI Rodrigues,M Klaas,1,0,,,,,,,,,
1123210,2017/18,2018-02-24,Newlands,1,8.4,India,South Africa,JI Rodrigues,M Raj,M Klaas,4,0,,,,,,,,,
1123210,2017/18,2018-02-24,Newlands,1,8.5,India,South Africa,JI Rodrigues,M Raj,M Klaas,1,0,,,,,,,,,
1123210,2017/18,2018-02-24,Newlands,1,8.6,India,South Africa,M Raj,JI Rodrigues,M Klaas,1,0,,,,,,,,,
1123210,2017/18,2018-02-24,Newlands,1,9.1,India,South Africa,M Raj,JI Rodrigues,D van Niekerk,0,0,,,,,,,,,
1123210,2017/18,2018-02-24,Newlands,1,9.2,India,South Africa,M Raj,JI Rodrigues,D van Niekerk,6,0,,,,,,,,,
1123210,2017/18,2018-02-24,Newlands,1,9.3,India,South Africa,M Raj,JI Rodrigues,D van Niekerk,0,0,,,,,,,,,
1123210,2017/18,2018-02-24,Newlands,1,9.4,India,South Africa,M Raj,JI Rodrigues,D van Niekerk,0,0,,,,,,,,,
1123210,2017/18,2018-02-24,Newlands,1,9.5,India,South Africa,M Raj,JI Rodrigues,D van Niekerk,1,0,,,,,,,,,
1123210,2017/18,2018-02-24,Newlands,1,9.6,India,South Africa,JI Rodrigues,M Raj,D van Niekerk,1,0,,,,,,,,,
1123210,2017/18,2018-02-24,Newlands,1,10.1,India,South Africa,JI Rodrigues,M Raj,R Ntozakhe,1,0,,,,,,,,,
1123210,2017/18,2018-02-24,Newlands,1,10.2,India,South Africa,M Raj,JI Rodrigues,R Ntozakhe,0,0,,,,,,,,,
1123210,2017/18,2018-02-24,Newlands,1,10.3,India,South Africa,M Raj,JI Rodrigues,R Ntozakhe,0,0,,,,,,,,,
1123210,2017/18,2018-02-24,Newlands,1,10.4,India,South Africa,M Raj,JI Rodrigues,R Ntozakhe,1,0,,,,,,,,,
1123210,2017/18,2018-02-24,Newlands,1,10.5,India,South Africa,JI Rodrigues,M Raj,R Ntozakhe,1,0,,,,,,,,,
1123210,2017/18,2018-02-24,Newlands,1,10.6,India,South Africa,M Raj,JI Rodrigues,R Ntozakhe,6,0,,,,,,,,,
1123210,2017/18,2018-02-24,Newlands,1,11.1,India,South Africa,JI Rodrigues,M Raj,D van Niekerk,0,0,,,,,,,,,
1123210,2017/18,2018-02-24,Newlands,1,11.2,India,South Africa,JI Rodrigues,M Raj,D van Niekerk,1,0,,,,,,,,,
1123210,2017/18,2018-02-24,Newlands,1,11.3,India,South Africa,M Raj,JI Rodrigues,D van Niekerk,1,0,,,,,,,,,
1123210,2017/18,2018-02-24,Newlands,1,11.4,India,South Africa,JI Rodrigues,M Raj,D van Niekerk,1,0,,,,,,,,,
1123210,2017/18,2018-02-24,Newlands,1,11.5,India,South Africa,M Raj,JI Rodrigues,D van Niekerk,1,0,,,,,,,,,
1123210,2017/18,2018-02-24,Newlands,1,11.6,India,South Africa,JI Rodrigues,M Raj,D van Niekerk,1,0,,,,,,,,,
1123210,2017/18,2018-02-24,Newlands,1,12.1,India,South Africa,JI Rodrigues,M Raj,R Ntozakhe,4,0,,,,,,,,,
1123210,2017/18,2018-02-24,Newlands,1,12.2,India,South Africa,JI Rodrigues,M Raj,R Ntozakhe,0,0,,,,,,,,,
1123210,2017/18,2018-02-24,Newlands,1,12.3,India,South Africa,JI Rodrigues,M Raj,R Ntozakhe,6,0,,,,,,,,,
1123210,2017/18,2018-02-24,Newlands,1,12.4,India,South Africa,JI Rodrigues,M Raj,R Ntozakhe,1,0,,,,,,,,,
1123210,2017/18,2018-02-24,Newlands,1,12.5,India,South Africa,M Raj,JI Rodrigues,R Ntozakhe,1,0,,,,,,,,,
1123210,2017/18,2018-02-24,Newlands,1,12.6,India,South Africa,JI Rodrigues,M Raj,R Ntozakhe,0,0,,,,,,,,,
1123210,2017/18,2018-02-24,Newlands,1,13.1,India,South Africa,M Raj,JI Rodrigues,D van Niekerk,1,0,,,,,,,,,
1123210,2017/18,2018-02-24,Newlands,1,13.2,India,South Africa,JI Rodrigues,M Raj,D van Niekerk,0,0,,,,,,,,,
1123210,2017/18,2018-02-24,Newlands,1,13.3,India,South Africa,JI Rodrigues,M Raj,D van Niekerk,4,0,,,,,,,,,
1123210,2017/18,2018-02-24,Newlands,1,13.4,India,South Africa,JI Rodrigues,M Raj,D van Niekerk,0,0,,,,,,,,,
1123210,2017/18,2018-02-24,Newlands,1,13.5,India,South Africa,JI Rodrigues,M Raj,D van Niekerk,1,0,,,,,,,,,
1123210,2017/18,2018-02-24,Newlands,1,13.6,India,South Africa,M Raj,JI Rodrigues,D van Niekerk,0,0,,,,,,,,,
1123210,2017/18,2018-02-24,Newlands,1,14.1,India,South Africa,JI Rodrigues,M Raj,A Khaka,1,0,,,,,,,,,
1123210,2017/18,2018-02-24,Newlands,1,14.2,India,South Africa,M Raj,JI Rodrigues,A Khaka,4,0,,,,,,,,,
1123210,2017/18,2018-02-24,Newlands,1,14.3,India,South Africa,M Raj,JI Rodrigues,A Khaka,0,0,,,,,,,,,
1123210,2017/18,2018-02-24,Newlands,1,14.4,India,South Africa,M Raj,JI Rodrigues,A Khaka,0,0,,,,,,,,,
1123210,2017/18,2018-02-24,Newlands,1,14.5,India,South Africa,M Raj,JI Rodrigues,A Khaka,1,0,,,,,,,,,
1123210,2017/18,2018-02-24,Newlands,1,14.6,India,South Africa,JI Rodrigues,M Raj,A Khaka,1,1,,1,,,,,,,
1123210,2017/18,2018-02-24,Newlands,1,14.7,India,South Africa,M Raj,JI Rodrigues,A Khaka,4,0,,,,,,,,,
1123210,2017/18,2018-02-24,Newlands,1,15.1,India,South Africa,JI Rodrigues,M Raj,S Ismail,6,0,,,,,,,,,
1123210,2017/18,2018-02-24,Newlands,1,15.2,India,South Africa,JI Rodrigues,M Raj,S Ismail,1,0,,,,,,,,,
1123210,2017/18,2018-02-24,Newlands,1,15.3,India,South Africa,M Raj,JI Rodrigues,S Ismail,4,0,,,,,,,,,
1123210,2017/18,2018-02-24,Newlands,1,15.4,India,South Africa,M Raj,JI Rodrigues,S Ismail,4,0,,,,,,,,,
1123210,2017/18,2018-02-24,Newlands,1,15.5,India,South Africa,M Raj,JI Rodrigues,S Ismail,0,0,,,,,,caught,M Raj,,
1123210,2017/18,2018-02-24,Newlands,1,15.6,India,South Africa,H Kaur,JI Rodrigues,S Ismail,1,0,,,,,,,,,
1123210,2017/18,2018-02-24,Newlands,1,16.1,India,South Africa,H Kaur,JI Rodrigues,A Khaka,1,0,,,,,,,,,
1123210,2017/18,2018-02-24,Newlands,1,16.2,India,South Africa,JI Rodrigues,H Kaur,A Khaka,1,0,,,,,,,,,
1123210,2017/18,2018-02-24,Newlands,1,16.3,India,South Africa,H Kaur,JI Rodrigues,A Khaka,0,0,,,,,,,,,
1123210,2017/18,2018-02-24,Newlands,1,16.4,India,South Africa,H Kaur,JI Rodrigues,A Khaka,1,0,,,,,,,,,
1123210,2017/18,2018-02-24,Newlands,1,16.5,India,South Africa,JI Rodrigues,H Kaur,A Khaka,0,0,,,,,,caught and bowled,JI Rodrigues,,
1123210,2017/18,2018-02-24,Newlands,1,16.6,India,South Africa,H Kaur,V Krishnamurthy,A Khaka,0,0,,,,,,,,,
1123210,2017/18,2018-02-24,Newlands,1,17.1,India,South Africa,V Krishnamurthy,H Kaur,S Ismail,1,0,,,,,,,,,
1123210,2017/18,2018-02-24,Newlands,1,17.2,India,South Africa,H Kaur,V Krishnamurthy,S Ismail,1,0,,,,,,,,,
1123210,2017/18,2018-02-24,Newlands,1,17.3,India,South Africa,V Krishnamurthy,H Kaur,S Ismail,1,0,,,,,,,,,
1123210,2017/18,2018-02-24,Newlands,1,17.4,India,South Africa,H Kaur,V Krishnamurthy,S Ismail,0,0,,,,,,,,,
1123210,2017/18,2018-02-24,Newlands,1,17.5,India,South Africa,H Kaur,V Krishnamurthy,S Ismail,1,0,,,,,,,,,
1123210,2017/18,2018-02-24,Newlands,1,17.6,India,South Africa,V Krishnamurthy,H Kaur,S Ismail,4,0,,,,,,,,,
1123210,2017/18,2018-02-24,Newlands,1,18.1,India,South Africa,H Kaur,V Krishnamurthy,A Khaka,4,0,,,,,,,,,
1123210,2017/18,2018-02-24,Newlands,1,18.2,India,South Africa,H Kaur,V Krishnamurthy,A Khaka,2,0,,,,,,,,,
1123210,2017/18,2018-02-24,Newlands,1,18.3,India,South Africa,H Kaur,V Krishnamurthy,A Khaka,1,0,,,,,,,,,
1123210,2017/18,2018-02-24,Newlands,1,18.4,India,South Africa,V Krishnamurthy,H Kaur,A Khaka,1,0,,,,,,,,,
1123210,2017/18,2018-02-24,Newlands,1,18.5,India,South Africa,H Kaur,V Krishnamurthy,A Khaka,6,0,,,,,,,,,
1123210,2017/18,2018-02-24,Newlands,1,18.6,India,South Africa,H Kaur,V Krishnamurthy,A Khaka,1,0,,,,,,,,,
1123210,2017/18,2018-02-24,Newlands,1,19.1,India,South Africa,H Kaur,V Krishnamurthy,M Kapp,6,0,,,,,,,,,
1123210,2017/18,2018-02-24,Newlands,1,19.2,India,South Africa,H Kaur,V Krishnamurthy,M Kapp,0,0,,,,,,,,,
1123210,2017/18,2018-02-24,Newlands,1,19.3,India,South Africa,H Kaur,V Krishnamurthy,M Kapp,1,0,,,,,,,,,
1123210,2017/18,2018-02-24,Newlands,1,19.4,India,South Africa,V Krishnamurthy,H Kaur,M Kapp,1,0,,,,,,,,,
1123210,2017/18,2018-02-24,Newlands,1,19.5,India,South Africa,H Kaur,V Krishnamurthy,M Kapp,1,0,,,,,,,,,
1123210,2017/18,2018-02-24,Newlands,1,19.6,India,South Africa,V Krishnamurthy,H Kaur,M Kapp,0,0,,,,,,run out,V Krishnamurthy,,
1123210,2017/18,2018-02-24,Newlands,2,0.1,South Africa,India,L Lee,D van Niekerk,P Vastrakar,0,0,,,,,,,,,
1123210,2017/18,2018-02-24,Newlands,2,0.2,South Africa,India,L Lee,D van Niekerk,P Vastrakar,0,0,,,,,,,,,
1123210,2017/18,2018-02-24,Newlands,2,0.3,South Africa,India,L Lee,D van Niekerk,P Vastrakar,0,0,,,,,,,,,
1123210,2017/18,2018-02-24,Newlands,2,0.4,South Africa,India,L Lee,D van Niekerk,P Vastrakar,0,0,,,,,,,,,
1123210,2017/18,2018-02-24,Newlands,2,0.5,South Africa,India,L Lee,D van Niekerk,P Vastrakar,0,0,,,,,,,,,
1123210,2017/18,2018-02-24,Newlands,2,0.6,South Africa,India,L Lee,D van Niekerk,P Vastrakar,0,0,,,,,,,,,
1123210,2017/18,2018-02-24,Newlands,2,1.1,South Africa,India,D van Niekerk,L Lee,S Pandey,0,0,,,,,,,,,
1123210,2017/18,2018-02-24,Newlands,2,1.2,South Africa,India,D van Niekerk,L Lee,S Pandey,1,0,,,,,,,,,
1123210,2017/18,2018-02-24,Newlands,2,1.3,South Africa,India,L Lee,D van Niekerk,S Pandey,1,0,,,,,,,,,
1123210,2017/18,2018-02-24,Newlands,2,1.4,South Africa,India,D van Niekerk,L Lee,S Pandey,0,0,,,,,,,,,
1123210,2017/18,2018-02-24,Newlands,2,1.5,South Africa,India,D van Niekerk,L Lee,S Pandey,0,0,,,,,,,,,
1123210,2017/18,2018-02-24,Newlands,2,1.6,South Africa,India,D van Niekerk,L Lee,S Pandey,1,0,,,,,,,,,
1123210,2017/18,2018-02-24,Newlands,2,2.1,South Africa,India,D van Niekerk,L Lee,P Vastrakar,0,0,,,,,,,,,
1123210,2017/18,2018-02-24,Newlands,2,2.2,South Africa,India,D van Niekerk,L Lee,P Vastrakar,0,0,,,,,,,,,
1123210,2017/18,2018-02-24,Newlands,2,2.3,South Africa,India,D van Niekerk,L Lee,P Vastrakar,2,0,,,,,,,,,
1123210,2017/18,2018-02-24,Newlands,2,2.4,South Africa,India,D van Niekerk,L Lee,P Vastrakar,1,0,,,,,,,,,
1123210,2017/18,2018-02-24,Newlands,2,2.5,South Africa,India,L Lee,D van Niekerk,P Vastrakar,0,0,,,,,,,,,
1123210,2017/18,2018-02-24,Newlands,2,2.6,South Africa,India,L Lee,D van Niekerk,P Vastrakar,0,0,,,,,,,,,
1123210,2017/18,2018-02-24,Newlands,2,3.1,South Africa,India,D van Niekerk,L Lee,R Dhar,4,0,,,,,,,,,
1123210,2017/18,2018-02-24,Newlands,2,3.2,South Africa,India,D van Niekerk,L Lee,R Dhar,1,0,,,,,,,,,
1123210,2017/18,2018-02-24,Newlands,2,3.3,South Africa,India,L Lee,D van Niekerk,R Dhar,1,0,,,,,,,,,
1123210,2017/18,2018-02-24,Newlands,2,3.4,South Africa,India,D van Niekerk,L Lee,R Dhar,0,0,,,,,,caught,D van Niekerk,,
1123210,2017/18,2018-02-24,Newlands,2,3.5,South Africa,India,S Luus,L Lee,R Dhar,0,0,,,,,,,,,
1123210,2017/18,2018-02-24,Newlands,2,3.6,South Africa,India,S Luus,L Lee,R Dhar,1,0,,,,,,,,,
1123210,2017/18,2018-02-24,Newlands,2,4.1,South Africa,India,S Luus,L Lee,S Pandey,0,0,,,,,,,,,
1123210,2017/18,2018-02-24,Newlands,2,4.2,South Africa,India,S Luus,L Lee,S Pandey,0,0,,,,,,,,,
1123210,2017/18,2018-02-24,Newlands,2,4.3,South Africa,India,S Luus,L Lee,S Pandey,0,0,,,,,,,,,
1123210,2017/18,2018-02-24,Newlands,2,4.4,South Africa,India,S Luus,L Lee,S Pandey,0,1,1,,,,,,,,
1123210,2017/18,2018-02-24,Newlands,2,4.5,South Africa,India,S Luus,L Lee,S Pandey,0,0,,,,,,,,,
1123210,2017/18,2018-02-24,Newlands,2,4.6,South Africa,India,S Luus,L Lee,S Pandey,4,0,,,,,,,,,
1123210,2017/18,2018-02-24,Newlands,2,4.7,South Africa,India,S Luus,L Lee,S Pandey,0,0,,,,,,bowled,S Luus,,
1123210,2017/18,2018-02-24,Newlands,2,5.1,South Africa,India,L Lee,M du Preez,R Dhar,1,0,,,,,,,,,
1123210,2017/18,2018-02-24,Newlands,2,5.2,South Africa,India,M du Preez,L Lee,R Dhar,1,0,,,,,,,,,
1123210,2017/18,2018-02-24,Newlands,2,5.3,South Africa,India,L Lee,M du Preez,R Dhar,0,0,,,,,,,,,
1123210,2017/18,2018-02-24,Newlands,2,5.4,South Africa,India,L Lee,M du Preez,R Dhar,0,0,,,,,,caught,L Lee,,
1123210,2017/18,2018-02-24,Newlands,2,5.5,South Africa,India,CL Tryon,M du Preez,R Dhar,1,0,,,,,,,,,
1123210,2017/18,2018-02-24,Newlands,2,5.6,South Africa,India,M du Preez,CL Tryon,R Dhar,1,0,,,,,,,,,
1123210,2017/18,2018-02-24,Newlands,2,6.1,South Africa,India,CL Tryon,M du Preez,P Vastrakar,0,1,1,,,,,,,,
1123210,2017/18,2018-02-24,Newlands,2,6.2,South Africa,India,CL Tryon,M du Preez,P Vastrakar,0,0,,,,,,,,,
1123210,2017/18,2018-02-24,Newlands,2,6.3,South Africa,India,CL Tryon,M du Preez,P Vastrakar,1,0,,,,,,,,,
1123210,2017/18,2018-02-24,Newlands,2,6.4,South Africa,India,M du Preez,CL Tryon,P Vastrakar,0,0,,,,,,,,,
1123210,2017/18,2018-02-24,Newlands,2,6.5,South Africa,India,M du Preez,CL Tryon,P Vastrakar,4,0,,,,,,,,,
1123210,2017/18,2018-02-24,Newlands,2,6.6,South Africa,India,M du Preez,CL Tryon,P Vastrakar,4,0,,,,,,,,,
1123210,2017/18,2018-02-24,Newlands,2,6.7,South Africa,India,M du Preez,CL Tryon,P Vastrakar,1,0,,,,,,,,,
1123210,2017/18,2018-02-24,Newlands,2,7.1,South Africa,India,M du Preez,CL Tryon,Poonam Yadav,0,0,,,,,,,,,
1123210,2017/18,2018-02-24,Newlands,2,7.2,South Africa,India,M du Preez,CL Tryon,Poonam Yadav,1,0,,,,,,,,,
1123210,2017/18,2018-02-24,Newlands,2,7.3,South Africa,India,CL Tryon,M du Preez,Poonam Yadav,0,0,,,,,,,,,
1123210,2017/18,2018-02-24,Newlands,2,7.4,South Africa,India,CL Tryon,M du Preez,Poonam Yadav,0,0,,,,,,,,,
1123210,2017/18,2018-02-24,Newlands,2,7.5,South Africa,India,CL Tryon,M du Preez,Poonam Yadav,1,0,,,,,,,,,
1123210,2017/18,2018-02-24,Newlands,2,7.6,South Africa,India,M du Preez,CL Tryon,Poonam Yadav,1,0,,,,,,,,,
1123210,2017/18,2018-02-24,Newlands,2,8.1,South Africa,India,M du Preez,CL Tryon,S Pandey,4,0,,,,,,,,,
1123210,2017/18,2018-02-24,Newlands,2,8.2,South Africa,India,M du Preez,CL Tryon,S Pandey,0,0,,,,,,caught,M du Preez,,
1123210,2017/18,2018-02-24,Newlands,2,8.3,South Africa,India,N de Klerk,CL Tryon,S Pandey,0,0,,,,,,,,,
1123210,2017/18,2018-02-24,Newlands,2,8.4,South Africa,India,N de Klerk,CL Tryon,S Pandey,4,0,,,,,,,,,
1123210,2017/18,2018-02-24,Newlands,2,8.5,South Africa,India,N de Klerk,CL Tryon,S Pandey,0,0,,,,,,bowled,N de Klerk,,
1123210,2017/18,2018-02-24,Newlands,2,8.6,South Africa,India,M Kapp,CL Tryon,S Pandey,0,0,,,,,,,,,
1123210,2017/18,2018-02-24,Newlands,2,9.1,South Africa,India,CL Tryon,M Kapp,Poonam Yadav,2,0,,,,,,,,,
1123210,2017/18,2018-02-24,Newlands,2,9.2,South Africa,India,CL Tryon,M Kapp,Poonam Yadav,6,0,,,,,,,,,
1123210,2017/18,2018-02-24,Newlands,2,9.3,South Africa,India,CL Tryon,M Kapp,Poonam Yadav,0,1,1,,,,,,,,
1123210,2017/18,2018-02-24,Newlands,2,9.4,South Africa,India,CL Tryon,M Kapp,Poonam Yadav,1,0,,,,,,,,,
1123210,2017/18,2018-02-24,Newlands,2,9.5,South Africa,India,M Kapp,CL Tryon,Poonam Yadav,1,0,,,,,,,,,
1123210,2017/18,2018-02-24,Newlands,2,9.6,South Africa,India,CL Tryon,M Kapp,Poonam Yadav,1,0,,,,,,,,,
1123210,2017/18,2018-02-24,Newlands,2,9.7,South Africa,India,M Kapp,CL Tryon,Poonam Yadav,0,0,,,,,,,,,
1123210,2017/18,2018-02-24,Newlands,2,10.1,South Africa,India,CL Tryon,M Kapp,R Dhar,1,0,,,,,,,,,
1123210,2017/18,2018-02-24,Newlands,2,10.2,South Africa,India,M Kapp,CL Tryon,R Dhar,1,0,,,,,,,,,
1123210,2017/18,2018-02-24,Newlands,2,10.3,South Africa,India,CL Tryon,M Kapp,R Dhar,2,0,,,,,,,,,
1123210,2017/18,2018-02-24,Newlands,2,10.4,South Africa,India,CL Tryon,M Kapp,R Dhar,6,0,,,,,,,,,
1123210,2017/18,2018-02-24,Newlands,2,10.5,South Africa,India,CL Tryon,M Kapp,R Dhar,2,0,,,,,,,,,
1123210,2017/18,2018-02-24,Newlands,2,10.6,South Africa,India,CL Tryon,M Kapp,R Dhar,0,0,,,,,,,,,
1123210,2017/18,2018-02-24,Newlands,2,11.1,South Africa,India,M Kapp,CL Tryon,RS Gayakwad,1,0,,,,,,,,,
1123210,2017/18,2018-02-24,Newlands,2,11.2,South Africa,India,CL Tryon,M Kapp,RS Gayakwad,1,0,,,,,,,,,
1123210,2017/18,2018-02-24,Newlands,2,11.3,South Africa,India,M Kapp,CL Tryon,RS Gayakwad,0,0,,,,,,,,,
1123210,2017/18,2018-02-24,Newlands,2,11.4,South Africa,India,M Kapp,CL Tryon,RS Gayakwad,1,0,,,,,,,,,
1123210,2017/18,2018-02-24,Newlands,2,11.5,South Africa,India,CL Tryon,M Kapp,RS Gayakwad,0,0,,,,,,caught,CL Tryon,,
1123210,2017/18,2018-02-24,Newlands,2,11.6,South Africa,India,M Kapp,S Ismail,RS Gayakwad,4,0,,,,,,,,,
1123210,2017/18,2018-02-24,Newlands,2,12.1,South Africa,India,S Ismail,M Kapp,Poonam Yadav,0,0,,,,,,,,,
1123210,2017/18,2018-02-24,Newlands,2,12.2,South Africa,India,S Ismail,M Kapp,Poonam Yadav,1,0,,,,,,,,,
1123210,2017/18,2018-02-24,Newlands,2,12.3,South Africa,India,M Kapp,S Ismail,Poonam Yadav,1,0,,,,,,,,,
1123210,2017/18,2018-02-24,Newlands,2,12.4,South Africa,India,S Ismail,M Kapp,Poonam Yadav,0,0,,,,,,,,,
1123210,2017/18,2018-02-24,Newlands,2,12.5,South Africa,India,S Ismail,M Kapp,Poonam Yadav,0,0,,,,,,,,,
1123210,2017/18,2018-02-24,Newlands,2,12.6,South Africa,India,S Ismail,M Kapp,Poonam Yadav,1,0,,,,,,,,,
1123210,2017/18,2018-02-24,Newlands,2,13.1,South Africa,India,S Ismail,M Kapp,H Kaur,0,0,,,,,,,,,
1123210,2017/18,2018-02-24,Newlands,2,13.2,South Africa,India,S Ismail,M Kapp,H Kaur,2,0,,,,,,,,,
1123210,2017/18,2018-02-24,Newlands,2,13.3,South Africa,India,S Ismail,M Kapp,H Kaur,1,0,,,,,,,,,
1123210,2017/18,2018-02-24,Newlands,2,13.4,South Africa,India,M Kapp,S Ismail,H Kaur,0,0,,,,,,,,,
1123210,2017/18,2018-02-24,Newlands,2,13.5,South Africa,India,M Kapp,S Ismail,H Kaur,1,0,,,,,,,,,
1123210,2017/18,2018-02-24,Newlands,2,13.6,South Africa,India,S Ismail,M Kapp,H Kaur,1,0,,,,,,,,,
1123210,2017/18,2018-02-24,Newlands,2,14.1,South Africa,India,S Ismail,M Kapp,RS Gayakwad,1,0,,,,,,,,,
1123210,2017/18,2018-02-24,Newlands,2,14.2,South Africa,India,M Kapp,S Ismail,RS Gayakwad,6,0,,,,,,,,,
1123210,2017/18,2018-02-24,Newlands,2,14.3,South Africa,India,M Kapp,S Ismail,RS Gayakwad,6,0,,,,,,,,,
1123210,2017/18,2018-02-24,Newlands,2,14.4,South Africa,India,M Kapp,S Ismail,RS Gayakwad,1,0,,,,,,,,,
1123210,2017/18,2018-02-24,Newlands,2,14.5,South Africa,India,S Ismail,M Kapp,RS Gayakwad,1,0,,,,,,,,,
1123210,2017/18,2018-02-24,Newlands,2,14.6,South Africa,India,M Kapp,S Ismail,RS Gayakwad,1,0,,,,,,,,,
1123210,2017/18,2018-02-24,Newlands,2,15.1,South Africa,India,M Kapp,S Ismail,Poonam Yadav,1,0,,,,,,,,,
1123210,2017/18,2018-02-24,Newlands,2,15.2,South Africa,India,S Ismail,M Kapp,Poonam Yadav,0,0,,,,,,stumped,S Ismail,,
1123210,2017/18,2018-02-24,Newlands,2,15.3,South Africa,India,M Klaas,M Kapp,Poonam Yadav,4,0,,,,,,,,,
1123210,2017/18,2018-02-24,Newlands,2,15.4,South Africa,India,M Klaas,M Kapp,Poonam Yadav,0,0,,,,,,,,,
1123210,2017/18,2018-02-24,Newlands,2,15.5,South Africa,India,M Klaas,M Kapp,Poonam Yadav,1,0,,,,,,,,,
1123210,2017/18,2018-02-24,Newlands,2,15.6,South Africa,India,M Kapp,M Klaas,Poonam Yadav,1,0,,,,,,,,,
1123210,2017/18,2018-02-24,Newlands,2,16.1,South Africa,India,M Kapp,M Klaas,R Dhar,0,0,,,,,,,,,
1123210,2017/18,2018-02-24,Newlands,2,16.2,South Africa,India,M Kapp,M Klaas,R Dhar,1,0,,,,,,,,,
1123210,2017/18,2018-02-24,Newlands,2,16.3,South Africa,India,M Klaas,M Kapp,R Dhar,1,0,,,,,,,,,
1123210,2017/18,2018-02-24,Newlands,2,16.4,South Africa,India,M Kapp,M Klaas,R Dhar,0,0,,,,,,,,,
1123210,2017/18,2018-02-24,Newlands,2,16.5,South Africa,India,M Kapp,M Klaas,R Dhar,0,0,,,,,,caught,M Kapp,,
1123210,2017/18,2018-02-24,Newlands,2,16.6,South Africa,India,M Klaas,A Khaka,R Dhar,1,0,,,,,,,,,
1123210,2017/18,2018-02-24,Newlands,2,17.1,South Africa,India,M Klaas,A Khaka,RS Gayakwad,1,0,,,,,,,,,
1123210,2017/18,2018-02-24,Newlands,2,17.2,South Africa,India,A Khaka,M Klaas,RS Gayakwad,0,0,,,,,,,,,
1123210,2017/18,2018-02-24,Newlands,2,17.3,South Africa,India,A Khaka,M Klaas,RS Gayakwad,1,0,,,,,,,,,
1123210,2017/18,2018-02-24,Newlands,2,17.4,South Africa,India,M Klaas,A Khaka,RS Gayakwad,1,0,,,,,,,,,
1123210,2017/18,2018-02-24,Newlands,2,17.5,South Africa,India,A Khaka,M Klaas,RS Gayakwad,0,0,,,,,,caught,A Khaka,,
1123210,2017/18,2018-02-24,Newlands,2,17.6,South Africa,India,M Klaas,R Ntozakhe,RS Gayakwad,0,0,,,,,,stumped,M Klaas,,
