match_id,season,start_date,venue,innings,ball,batting_team,bowling_team,striker,non_striker,bowler,runs_off_bat,extras,wides,noballs,byes,legbyes,penalty,wicket_type,player_dismissed,other_wicket_type,other_player_dismissed
1126723,2018,2018-06-23,The Cooper Associates County Ground,1,0.1,England,New Zealand,DN Wyatt,TT Beaumont,AM Peterson,0,0,,,,,,,,,
1126723,2018,2018-06-23,The Cooper Associates County Ground,1,0.2,England,New Zealand,DN Wyatt,TT Beaumont,AM Peterson,0,0,,,,,,,,,
1126723,2018,2018-06-23,The Cooper Associates County Ground,1,0.3,England,New Zealand,DN Wyatt,TT Beaumont,AM Peterson,1,0,,,,,,,,,
1126723,2018,2018-06-23,The Cooper Associates County Ground,1,0.4,England,New Zealand,TT Beaumont,DN Wyatt,AM Peterson,0,0,,,,,,,,,
1126723,2018,2018-06-23,The Cooper Associates County Ground,1,0.5,England,New Zealand,TT Beaumont,DN Wyatt,AM Peterson,4,0,,,,,,,,,
1126723,2018,2018-06-23,The Cooper Associates County Ground,1,0.6,England,New Zealand,TT Beaumont,DN Wyatt,AM Peterson,4,0,,,,,,,,,
1126723,2018,2018-06-23,The Cooper Associates County Ground,1,1.1,England,New Zealand,DN Wyatt,TT Beaumont,SFM Devine,0,1,1,,,,,,,,
1126723,2018,2018-06-23,The Cooper Associates County Ground,1,1.2,England,New Zealand,DN Wyatt,TT Beaumont,SFM Devine,1,0,,,,,,,,,
1126723,2018,2018-06-23,The Cooper Associates County Ground,1,1.3,England,New Zealand,TT Beaumont,DN Wyatt,SFM Devine,0,1,1,,,,,,,,
1126723,2018,2018-06-23,The Cooper Associates County Ground,1,1.4,England,New Zealand,TT Beaumont,DN Wyatt,SFM Devine,0,0,,,,,,,,,
1126723,2018,2018-06-23,The Cooper Associates County Ground,1,1.5,England,New Zealand,TT Beaumont,DN Wyatt,SFM Devine,4,0,,,,,,,,,
1126723,2018,2018-06-23,The Cooper Associates County Ground,1,1.6,England,New Zealand,TT Beaumont,DN Wyatt,SFM Devine,0,0,,,,,,,,,
1126723,2018,2018-06-23,The Cooper Associates County Ground,1,1.7,England,New Zealand,TT Beaumont,DN Wyatt,SFM Devine,0,0,,,,,,,,,
1126723,2018,2018-06-23,The Cooper Associates County Ground,1,1.8,England,New Zealand,TT Beaumont,DN Wyatt,SFM Devine,0,1,1,,,,,,,,
1126723,2018,2018-06-23,The Cooper Associates County Ground,1,1.9,England,New Zealand,TT Beaumont,DN Wyatt,SFM Devine,4,0,,,,,,,,,
1126723,2018,2018-06-23,The Cooper Associates County Ground,1,2.1,England,New Zealand,DN Wyatt,TT Beaumont,LM Kasperek,1,0,,,,,,,,,
1126723,2018,2018-06-23,The Cooper Associates County Ground,1,2.2,England,New Zealand,TT Beaumont,DN Wyatt,LM Kasperek,0,0,,,,,,,,,
1126723,2018,2018-06-23,The Cooper Associates County Ground,1,2.3,England,New Zealand,TT Beaumont,DN Wyatt,LM Kasperek,1,0,,,,,,,,,
1126723,2018,2018-06-23,The Cooper Associates County Ground,1,2.4,England,New Zealand,DN Wyatt,TT Beaumont,LM Kasperek,4,0,,,,,,,,,
1126723,2018,2018-06-23,The Cooper Associates County Ground,1,2.5,England,New Zealand,DN Wyatt,TT Beaumont,LM Kasperek,1,0,,,,,,,,,
1126723,2018,2018-06-23,The Cooper Associates County Ground,1,2.6,England,New Zealand,TT Beaumont,DN Wyatt,LM Kasperek,0,0,,,,,,,,,
1126723,2018,2018-06-23,The Cooper Associates County Ground,1,3.1,England,New Zealand,DN Wyatt,TT Beaumont,LMM Tahuhu,2,0,,,,,,,,,
1126723,2018,2018-06-23,The Cooper Associates County Ground,1,3.2,England,New Zealand,DN Wyatt,TT Beaumont,LMM Tahuhu,4,0,,,,,,,,,
1126723,2018,2018-06-23,The Cooper Associates County Ground,1,3.3,England,New Zealand,DN Wyatt,TT Beaumont,LMM Tahuhu,0,0,,,,,,,,,
1126723,2018,2018-06-23,The Cooper Associates County Ground,1,3.4,England,New Zealand,DN Wyatt,TT Beaumont,LMM Tahuhu,1,0,,,,,,,,,
1126723,2018,2018-06-23,The Cooper Associates County Ground,1,3.5,England,New Zealand,TT Beaumont,DN Wyatt,LMM Tahuhu,0,0,,,,,,,,,
1126723,2018,2018-06-23,The Cooper Associates County Ground,1,3.6,England,New Zealand,TT Beaumont,DN Wyatt,LMM Tahuhu,1,0,,,,,,,,,
1126723,2018,2018-06-23,The Cooper Associates County Ground,1,4.1,England,New Zealand,TT Beaumont,DN Wyatt,LM Kasperek,1,0,,,,,,,,,
1126723,2018,2018-06-23,The Cooper Associates County Ground,1,4.2,England,New Zealand,DN Wyatt,TT Beaumont,LM Kasperek,0,0,,,,,,caught,DN Wyatt,,
1126723,2018,2018-06-23,The Cooper Associates County Ground,1,4.3,England,New Zealand,TT Beaumont,SJ Taylor,LM Kasperek,0,0,,,,,,,,,
1126723,2018,2018-06-23,The Cooper Associates County Ground,1,4.4,England,New Zealand,TT Beaumont,SJ Taylor,LM Kasperek,0,0,,,,,,,,,
1126723,2018,2018-06-23,The Cooper Associates County Ground,1,4.5,England,New Zealand,TT Beaumont,SJ Taylor,LM Kasperek,0,0,,,,,,,,,
1126723,2018,2018-06-23,The Cooper Associates County Ground,1,4.6,England,New Zealand,TT Beaumont,SJ Taylor,LM Kasperek,0,0,,,,,,,,,
1126723,2018,2018-06-23,The Cooper Associates County Ground,1,5.1,England,New Zealand,SJ Taylor,TT Beaumont,HNK Jensen,1,0,,,,,,,,,
1126723,2018,2018-06-23,The Cooper Associates County Ground,1,5.2,England,New Zealand,TT Beaumont,SJ Taylor,HNK Jensen,0,0,,,,,,,,,
1126723,2018,2018-06-23,The Cooper Associates County Ground,1,5.3,England,New Zealand,TT Beaumont,SJ Taylor,HNK Jensen,0,0,,,,,,,,,
1126723,2018,2018-06-23,The Cooper Associates County Ground,1,5.4,England,New Zealand,TT Beaumont,SJ Taylor,HNK Jensen,4,0,,,,,,,,,
1126723,2018,2018-06-23,The Cooper Associates County Ground,1,5.5,England,New Zealand,TT Beaumont,SJ Taylor,HNK Jensen,0,0,,,,,,run out,SJ Taylor,,
1126723,2018,2018-06-23,The Cooper Associates County Ground,1,5.6,England,New Zealand,TT Beaumont,NR Sciver,HNK Jensen,0,0,,,,,,,,,
1126723,2018,2018-06-23,The Cooper Associates County Ground,1,6.1,England,New Zealand,NR Sciver,TT Beaumont,SFM Devine,2,0,,,,,,,,,
1126723,2018,2018-06-23,The Cooper Associates County Ground,1,6.2,England,New Zealand,NR Sciver,TT Beaumont,SFM Devine,4,0,,,,,,,,,
1126723,2018,2018-06-23,The Cooper Associates County Ground,1,6.3,England,New Zealand,NR Sciver,TT Beaumont,SFM Devine,2,0,,,,,,,,,
1126723,2018,2018-06-23,The Cooper Associates County Ground,1,6.4,England,New Zealand,NR Sciver,TT Beaumont,SFM Devine,4,0,,,,,,,,,
1126723,2018,2018-06-23,The Cooper Associates County Ground,1,6.5,England,New Zealand,NR Sciver,TT Beaumont,SFM Devine,1,0,,,,,,,,,
1126723,2018,2018-06-23,The Cooper Associates County Ground,1,6.6,England,New Zealand,TT Beaumont,NR Sciver,SFM Devine,0,0,,,,,,,,,
1126723,2018,2018-06-23,The Cooper Associates County Ground,1,7.1,England,New Zealand,NR Sciver,TT Beaumont,HNK Jensen,2,0,,,,,,,,,
1126723,2018,2018-06-23,The Cooper Associates County Ground,1,7.2,England,New Zealand,NR Sciver,TT Beaumont,HNK Jensen,1,0,,,,,,,,,
1126723,2018,2018-06-23,The Cooper Associates County Ground,1,7.3,England,New Zealand,TT Beaumont,NR Sciver,HNK Jensen,0,0,,,,,,bowled,TT Beaumont,,
1126723,2018,2018-06-23,The Cooper Associates County Ground,1,7.4,England,New Zealand,HC Knight,NR Sciver,HNK Jensen,0,0,,,,,,,,,
1126723,2018,2018-06-23,The Cooper Associates County Ground,1,7.5,England,New Zealand,HC Knight,NR Sciver,HNK Jensen,1,0,,,,,,,,,
1126723,2018,2018-06-23,The Cooper Associates County Ground,1,7.6,England,New Zealand,NR Sciver,HC Knight,HNK Jensen,1,0,,,,,,,,,
1126723,2018,2018-06-23,The Cooper Associates County Ground,1,8.1,England,New Zealand,NR Sciver,HC Knight,SW Bates,0,0,,,,,,,,,
1126723,2018,2018-06-23,The Cooper Associates County Ground,1,8.2,England,New Zealand,NR Sciver,HC Knight,SW Bates,1,0,,,,,,,,,
1126723,2018,2018-06-23,The Cooper Associates County Ground,1,8.3,England,New Zealand,HC Knight,NR Sciver,SW Bates,1,0,,,,,,,,,
1126723,2018,2018-06-23,The Cooper Associates County Ground,1,8.4,England,New Zealand,NR Sciver,HC Knight,SW Bates,1,0,,,,,,,,,
1126723,2018,2018-06-23,The Cooper Associates County Ground,1,8.5,England,New Zealand,HC Knight,NR Sciver,SW Bates,2,0,,,,,,,,,
1126723,2018,2018-06-23,The Cooper Associates County Ground,1,8.6,England,New Zealand,HC Knight,NR Sciver,SW Bates,1,0,,,,,,,,,
1126723,2018,2018-06-23,The Cooper Associates County Ground,1,9.1,England,New Zealand,HC Knight,NR Sciver,AC Kerr,0,0,,,,,,,,,
1126723,2018,2018-06-23,The Cooper Associates County Ground,1,9.2,England,New Zealand,HC Knight,NR Sciver,AC Kerr,1,0,,,,,,,,,
1126723,2018,2018-06-23,The Cooper Associates County Ground,1,9.3,England,New Zealand,NR Sciver,HC Knight,AC Kerr,1,0,,,,,,,,,
1126723,2018,2018-06-23,The Cooper Associates County Ground,1,9.4,England,New Zealand,HC Knight,NR Sciver,AC Kerr,4,0,,,,,,,,,
1126723,2018,2018-06-23,The Cooper Associates County Ground,1,9.5,England,New Zealand,HC Knight,NR Sciver,AC Kerr,1,0,,,,,,,,,
1126723,2018,2018-06-23,The Cooper Associates County Ground,1,9.6,England,New Zealand,NR Sciver,HC Knight,AC Kerr,1,0,,,,,,,,,
1126723,2018,2018-06-23,The Cooper Associates County Ground,1,10.1,England,New Zealand,NR Sciver,HC Knight,SW Bates,2,0,,,,,,,,,
1126723,2018,2018-06-23,The Cooper Associates County Ground,1,10.2,England,New Zealand,NR Sciver,HC Knight,SW Bates,0,0,,,,,,,,,
1126723,2018,2018-06-23,The Cooper Associates County Ground,1,10.3,England,New Zealand,NR Sciver,HC Knight,SW Bates,4,0,,,,,,,,,
1126723,2018,2018-06-23,The Cooper Associates County Ground,1,10.4,England,New Zealand,NR Sciver,HC Knight,SW Bates,1,0,,,,,,,,,
1126723,2018,2018-06-23,The Cooper Associates County Ground,1,10.5,England,New Zealand,HC Knight,NR Sciver,SW Bates,4,0,,,,,,,,,
1126723,2018,2018-06-23,The Cooper Associates County Ground,1,10.6,England,New Zealand,HC Knight,NR Sciver,SW Bates,1,0,,,,,,,,,
1126723,2018,2018-06-23,The Cooper Associates County Ground,1,11.1,England,New Zealand,HC Knight,NR Sciver,AC Kerr,1,0,,,,,,,,,
1126723,2018,2018-06-23,The Cooper Associates County Ground,1,11.2,England,New Zealand,NR Sciver,HC Knight,AC Kerr,0,0,,,,,,,,,
1126723,2018,2018-06-23,The Cooper Associates County Ground,1,11.3,England,New Zealand,NR Sciver,HC Knight,AC Kerr,2,0,,,,,,,,,
1126723,2018,2018-06-23,The Cooper Associates County Ground,1,11.4,England,New Zealand,NR Sciver,HC Knight,AC Kerr,2,0,,,,,,,,,
1126723,2018,2018-06-23,The Cooper Associates County Ground,1,11.5,England,New Zealand,NR Sciver,HC Knight,AC Kerr,1,0,,,,,,,,,
1126723,2018,2018-06-23,The Cooper Associates County Ground,1,11.6,England,New Zealand,HC Knight,NR Sciver,AC Kerr,1,0,,,,,,,,,
1126723,2018,2018-06-23,The Cooper Associates County Ground,1,12.1,England,New Zealand,HC Knight,NR Sciver,LM Kasperek,1,0,,,,,,,,,
1126723,2018,2018-06-23,The Cooper Associates County Ground,1,12.2,England,New Zealand,NR Sciver,HC Knight,LM Kasperek,1,0,,,,,,,,,
1126723,2018,2018-06-23,The Cooper Associates County Ground,1,12.3,England,New Zealand,HC Knight,NR Sciver,LM Kasperek,0,0,,,,,,caught,HC Knight,,
1126723,2018,2018-06-23,The Cooper Associates County Ground,1,12.4,England,New Zealand,NR Sciver,KH Brunt,LM Kasperek,4,0,,,,,,,,,
1126723,2018,2018-06-23,The Cooper Associates County Ground,1,12.5,England,New Zealand,NR Sciver,KH Brunt,LM Kasperek,1,0,,,,,,,,,
1126723,2018,2018-06-23,The Cooper Associates County Ground,1,12.6,England,New Zealand,KH Brunt,NR Sciver,LM Kasperek,1,0,,,,,,,,,
1126723,2018,2018-06-23,The Cooper Associates County Ground,1,13.1,England,New Zealand,KH Brunt,NR Sciver,LMM Tahuhu,1,0,,,,,,,,,
1126723,2018,2018-06-23,The Cooper Associates County Ground,1,13.2,England,New Zealand,NR Sciver,KH Brunt,LMM Tahuhu,1,0,,,,,,,,,
1126723,2018,2018-06-23,The Cooper Associates County Ground,1,13.3,England,New Zealand,KH Brunt,NR Sciver,LMM Tahuhu,4,0,,,,,,,,,
1126723,2018,2018-06-23,The Cooper Associates County Ground,1,13.4,England,New Zealand,KH Brunt,NR Sciver,LMM Tahuhu,1,0,,,,,,,,,
1126723,2018,2018-06-23,The Cooper Associates County Ground,1,13.5,England,New Zealand,NR Sciver,KH Brunt,LMM Tahuhu,1,0,,,,,,,,,
1126723,2018,2018-06-23,The Cooper Associates County Ground,1,13.6,England,New Zealand,KH Brunt,NR Sciver,LMM Tahuhu,4,0,,,,,,,,,
1126723,2018,2018-06-23,The Cooper Associates County Ground,1,14.1,England,New Zealand,NR Sciver,KH Brunt,AC Kerr,4,0,,,,,,,,,
1126723,2018,2018-06-23,The Cooper Associates County Ground,1,14.2,England,New Zealand,NR Sciver,KH Brunt,AC Kerr,1,0,,,,,,,,,
1126723,2018,2018-06-23,The Cooper Associates County Ground,1,14.3,England,New Zealand,KH Brunt,NR Sciver,AC Kerr,0,0,,,,,,,,,
1126723,2018,2018-06-23,The Cooper Associates County Ground,1,14.4,England,New Zealand,KH Brunt,NR Sciver,AC Kerr,1,0,,,,,,,,,
1126723,2018,2018-06-23,The Cooper Associates County Ground,1,14.5,England,New Zealand,NR Sciver,KH Brunt,AC Kerr,0,0,,,,,,,,,
1126723,2018,2018-06-23,The Cooper Associates County Ground,1,14.6,England,New Zealand,NR Sciver,KH Brunt,AC Kerr,1,0,,,,,,,,,
1126723,2018,2018-06-23,The Cooper Associates County Ground,1,15.1,England,New Zealand,NR Sciver,KH Brunt,HNK Jensen,4,0,,,,,,,,,
1126723,2018,2018-06-23,The Cooper Associates County Ground,1,15.2,England,New Zealand,NR Sciver,KH Brunt,HNK Jensen,4,0,,,,,,,,,
1126723,2018,2018-06-23,The Cooper Associates County Ground,1,15.3,England,New Zealand,NR Sciver,KH Brunt,HNK Jensen,2,0,,,,,,,,,
1126723,2018,2018-06-23,The Cooper Associates County Ground,1,15.4,England,New Zealand,NR Sciver,KH Brunt,HNK Jensen,0,0,,,,,,,,,
1126723,2018,2018-06-23,The Cooper Associates County Ground,1,15.5,England,New Zealand,NR Sciver,KH Brunt,HNK Jensen,1,0,,,,,,,,,
1126723,2018,2018-06-23,The Cooper Associates County Ground,1,15.6,England,New Zealand,KH Brunt,NR Sciver,HNK Jensen,1,0,,,,,,,,,
1126723,2018,2018-06-23,The Cooper Associates County Ground,1,16.1,England,New Zealand,KH Brunt,NR Sciver,SFM Devine,1,0,,,,,,,,,
1126723,2018,2018-06-23,The Cooper Associates County Ground,1,16.2,England,New Zealand,NR Sciver,KH Brunt,SFM Devine,1,0,,,,,,,,,
1126723,2018,2018-06-23,The Cooper Associates County Ground,1,16.3,England,New Zealand,KH Brunt,NR Sciver,SFM Devine,0,0,,,,,,bowled,KH Brunt,,
1126723,2018,2018-06-23,The Cooper Associates County Ground,1,16.4,England,New Zealand,AE Jones,NR Sciver,SFM Devine,0,0,,,,,,bowled,AE Jones,,
1126723,2018,2018-06-23,The Cooper Associates County Ground,1,16.5,England,New Zealand,A Shrubsole,NR Sciver,SFM Devine,4,0,,,,,,,,,
1126723,2018,2018-06-23,The Cooper Associates County Ground,1,16.6,England,New Zealand,A Shrubsole,NR Sciver,SFM Devine,1,0,,,,,,,,,
1126723,2018,2018-06-23,The Cooper Associates County Ground,1,17.1,England,New Zealand,A Shrubsole,NR Sciver,AM Peterson,1,0,,,,,,,,,
1126723,2018,2018-06-23,The Cooper Associates County Ground,1,17.2,England,New Zealand,NR Sciver,A Shrubsole,AM Peterson,0,0,,,,,,caught,NR Sciver,,
1126723,2018,2018-06-23,The Cooper Associates County Ground,1,17.3,England,New Zealand,S Ecclestone,A Shrubsole,AM Peterson,1,0,,,,,,,,,
1126723,2018,2018-06-23,The Cooper Associates County Ground,1,17.4,England,New Zealand,A Shrubsole,S Ecclestone,AM Peterson,1,0,,,,,,,,,
1126723,2018,2018-06-23,The Cooper Associates County Ground,1,17.5,England,New Zealand,S Ecclestone,A Shrubsole,AM Peterson,1,0,,,,,,,,,
1126723,2018,2018-06-23,The Cooper Associates County Ground,1,17.6,England,New Zealand,A Shrubsole,S Ecclestone,AM Peterson,0,0,,,,,,,,,
1126723,2018,2018-06-23,The Cooper Associates County Ground,1,18.1,England,New Zealand,S Ecclestone,A Shrubsole,SFM Devine,2,0,,,,,,,,,
1126723,2018,2018-06-23,The Cooper Associates County Ground,1,18.2,England,New Zealand,S Ecclestone,A Shrubsole,SFM Devine,4,0,,,,,,,,,
1126723,2018,2018-06-23,The Cooper Associates County Ground,1,18.3,England,New Zealand,S Ecclestone,A Shrubsole,SFM Devine,0,0,,,,,,,,,
1126723,2018,2018-06-23,The Cooper Associates County Ground,1,18.4,England,New Zealand,S Ecclestone,A Shrubsole,SFM Devine,1,0,,,,,,,,,
1126723,2018,2018-06-23,The Cooper Associates County Ground,1,18.5,England,New Zealand,A Shrubsole,S Ecclestone,SFM Devine,2,0,,,,,,,,,
1126723,2018,2018-06-23,The Cooper Associates County Ground,1,18.6,England,New Zealand,A Shrubsole,S Ecclestone,SFM Devine,1,0,,,,,,,,,
1126723,2018,2018-06-23,The Cooper Associates County Ground,1,19.1,England,New Zealand,A Shrubsole,S Ecclestone,LM Kasperek,4,0,,,,,,,,,
1126723,2018,2018-06-23,The Cooper Associates County Ground,1,19.2,England,New Zealand,A Shrubsole,S Ecclestone,LM Kasperek,6,0,,,,,,,,,
1126723,2018,2018-06-23,The Cooper Associates County Ground,1,19.3,England,New Zealand,A Shrubsole,S Ecclestone,LM Kasperek,2,0,,,,,,,,,
1126723,2018,2018-06-23,The Cooper Associates County Ground,1,19.4,England,New Zealand,A Shrubsole,S Ecclestone,LM Kasperek,0,0,,,,,,caught,A Shrubsole,,
1126723,2018,2018-06-23,The Cooper Associates County Ground,1,19.5,England,New Zealand,D Hazell,S Ecclestone,LM Kasperek,4,0,,,,,,,,,
1126723,2018,2018-06-23,The Cooper Associates County Ground,1,19.6,England,New Zealand,D Hazell,S Ecclestone,LM Kasperek,3,0,,,,,,,,,
1126723,2018,2018-06-23,The Cooper Associates County Ground,2,0.1,New Zealand,England,SFM Devine,SW Bates,A Shrubsole,0,0,,,,,,,,,
1126723,2018,2018-06-23,The Cooper Associates County Ground,2,0.2,New Zealand,England,SFM Devine,SW Bates,A Shrubsole,6,0,,,,,,,,,
1126723,2018,2018-06-23,The Cooper Associates County Ground,2,0.3,New Zealand,England,SFM Devine,SW Bates,A Shrubsole,1,0,,,,,,,,,
1126723,2018,2018-06-23,The Cooper Associates County Ground,2,0.4,New Zealand,England,SW Bates,SFM Devine,A Shrubsole,0,0,,,,,,,,,
1126723,2018,2018-06-23,The Cooper Associates County Ground,2,0.5,New Zealand,England,SW Bates,SFM Devine,A Shrubsole,0,0,,,,,,,,,
1126723,2018,2018-06-23,The Cooper Associates County Ground,2,0.6,New Zealand,England,SW Bates,SFM Devine,A Shrubsole,2,0,,,,,,,,,
1126723,2018,2018-06-23,The Cooper Associates County Ground,2,1.1,New Zealand,England,SFM Devine,SW Bates,NE Farrant,0,0,,,,,,,,,
1126723,2018,2018-06-23,The Cooper Associates County Ground,2,1.2,New Zealand,England,SFM Devine,SW Bates,NE Farrant,6,0,,,,,,,,,
1126723,2018,2018-06-23,The Cooper Associates County Ground,2,1.3,New Zealand,England,SFM Devine,SW Bates,NE Farrant,0,0,,,,,,,,,
1126723,2018,2018-06-23,The Cooper Associates County Ground,2,1.4,New Zealand,England,SFM Devine,SW Bates,NE Farrant,0,0,,,,,,caught,SFM Devine,,
1126723,2018,2018-06-23,The Cooper Associates County Ground,2,1.5,New Zealand,England,SW Bates,KJ Martin,NE Farrant,4,0,,,,,,,,,
1126723,2018,2018-06-23,The Cooper Associates County Ground,2,1.6,New Zealand,England,SW Bates,KJ Martin,NE Farrant,4,0,,,,,,,,,
1126723,2018,2018-06-23,The Cooper Associates County Ground,2,2.1,New Zealand,England,KJ Martin,SW Bates,A Shrubsole,0,0,,,,,,,,,
1126723,2018,2018-06-23,The Cooper Associates County Ground,2,2.2,New Zealand,England,KJ Martin,SW Bates,A Shrubsole,1,0,,,,,,,,,
1126723,2018,2018-06-23,The Cooper Associates County Ground,2,2.3,New Zealand,England,SW Bates,KJ Martin,A Shrubsole,0,0,,,,,,,,,
1126723,2018,2018-06-23,The Cooper Associates County Ground,2,2.4,New Zealand,England,SW Bates,KJ Martin,A Shrubsole,4,0,,,,,,,,,
1126723,2018,2018-06-23,The Cooper Associates County Ground,2,2.5,New Zealand,England,SW Bates,KJ Martin,A Shrubsole,0,0,,,,,,,,,
1126723,2018,2018-06-23,The Cooper Associates County Ground,2,2.6,New Zealand,England,SW Bates,KJ Martin,A Shrubsole,4,0,,,,,,,,,
1126723,2018,2018-06-23,The Cooper Associates County Ground,2,3.1,New Zealand,England,KJ Martin,SW Bates,KH Brunt,0,0,,,,,,,,,
1126723,2018,2018-06-23,The Cooper Associates County Ground,2,3.2,New Zealand,England,KJ Martin,SW Bates,KH Brunt,1,0,,,,,,,,,
1126723,2018,2018-06-23,The Cooper Associates County Ground,2,3.3,New Zealand,England,SW Bates,KJ Martin,KH Brunt,0,0,,,,,,,,,
1126723,2018,2018-06-23,The Cooper Associates County Ground,2,3.4,New Zealand,England,SW Bates,KJ Martin,KH Brunt,0,0,,,,,,,,,
1126723,2018,2018-06-23,The Cooper Associates County Ground,2,3.5,New Zealand,England,SW Bates,KJ Martin,KH Brunt,4,0,,,,,,,,,
1126723,2018,2018-06-23,The Cooper Associates County Ground,2,3.6,New Zealand,England,SW Bates,KJ Martin,KH Brunt,0,0,,,,,,,,,
1126723,2018,2018-06-23,The Cooper Associates County Ground,2,4.1,New Zealand,England,KJ Martin,SW Bates,S Ecclestone,0,0,,,,,,,,,
1126723,2018,2018-06-23,The Cooper Associates County Ground,2,4.2,New Zealand,England,KJ Martin,SW Bates,S Ecclestone,0,0,,,,,,,,,
1126723,2018,2018-06-23,The Cooper Associates County Ground,2,4.3,New Zealand,England,KJ Martin,SW Bates,S Ecclestone,0,0,,,,,,,,,
1126723,2018,2018-06-23,The Cooper Associates County Ground,2,4.4,New Zealand,England,KJ Martin,SW Bates,S Ecclestone,0,0,,,,,,,,,
1126723,2018,2018-06-23,The Cooper Associates County Ground,2,4.5,New Zealand,England,KJ Martin,SW Bates,S Ecclestone,0,0,,,,,,,,,
1126723,2018,2018-06-23,The Cooper Associates County Ground,2,4.6,New Zealand,England,KJ Martin,SW Bates,S Ecclestone,0,0,,,,,,,,,
1126723,2018,2018-06-23,The Cooper Associates County Ground,2,5.1,New Zealand,England,SW Bates,KJ Martin,KH Brunt,0,0,,,,,,,,,
1126723,2018,2018-06-23,The Cooper Associates County Ground,2,5.2,New Zealand,England,SW Bates,KJ Martin,KH Brunt,1,0,,,,,,,,,
1126723,2018,2018-06-23,The Cooper Associates County Ground,2,5.3,New Zealand,England,KJ Martin,SW Bates,KH Brunt,1,0,,,,,,,,,
1126723,2018,2018-06-23,The Cooper Associates County Ground,2,5.4,New Zealand,England,SW Bates,KJ Martin,KH Brunt,0,0,,,,,,,,,
1126723,2018,2018-06-23,The Cooper Associates County Ground,2,5.5,New Zealand,England,SW Bates,KJ Martin,KH Brunt,0,0,,,,,,lbw,SW Bates,,
1126723,2018,2018-06-23,The Cooper Associates County Ground,2,5.6,New Zealand,England,AE Satterthwaite,KJ Martin,KH Brunt,0,0,,,,,,,,,
1126723,2018,2018-06-23,The Cooper Associates County Ground,2,6.1,New Zealand,England,KJ Martin,AE Satterthwaite,D Hazell,4,0,,,,,,,,,
1126723,2018,2018-06-23,The Cooper Associates County Ground,2,6.2,New Zealand,England,KJ Martin,AE Satterthwaite,D Hazell,0,0,,,,,,,,,
1126723,2018,2018-06-23,The Cooper Associates County Ground,2,6.3,New Zealand,England,KJ Martin,AE Satterthwaite,D Hazell,1,0,,,,,,,,,
1126723,2018,2018-06-23,The Cooper Associates County Ground,2,6.4,New Zealand,England,AE Satterthwaite,KJ Martin,D Hazell,1,0,,,,,,,,,
1126723,2018,2018-06-23,The Cooper Associates County Ground,2,6.5,New Zealand,England,KJ Martin,AE Satterthwaite,D Hazell,1,0,,,,,,,,,
1126723,2018,2018-06-23,The Cooper Associates County Ground,2,6.6,New Zealand,England,AE Satterthwaite,KJ Martin,D Hazell,1,0,,,,,,,,,
1126723,2018,2018-06-23,The Cooper Associates County Ground,2,7.1,New Zealand,England,AE Satterthwaite,KJ Martin,HC Knight,0,0,,,,,,,,,
1126723,2018,2018-06-23,The Cooper Associates County Ground,2,7.2,New Zealand,England,AE Satterthwaite,KJ Martin,HC Knight,0,0,,,,,,caught and bowled,AE Satterthwaite,,
1126723,2018,2018-06-23,The Cooper Associates County Ground,2,7.3,New Zealand,England,ML Green,KJ Martin,HC Knight,1,0,,,,,,,,,
1126723,2018,2018-06-23,The Cooper Associates County Ground,2,7.4,New Zealand,England,KJ Martin,ML Green,HC Knight,1,0,,,,,,,,,
1126723,2018,2018-06-23,The Cooper Associates County Ground,2,7.5,New Zealand,England,ML Green,KJ Martin,HC Knight,0,0,,,,,,,,,
1126723,2018,2018-06-23,The Cooper Associates County Ground,2,7.6,New Zealand,England,ML Green,KJ Martin,HC Knight,4,0,,,,,,,,,
1126723,2018,2018-06-23,The Cooper Associates County Ground,2,8.1,New Zealand,England,KJ Martin,ML Green,NE Farrant,4,0,,,,,,,,,
1126723,2018,2018-06-23,The Cooper Associates County Ground,2,8.2,New Zealand,England,KJ Martin,ML Green,NE Farrant,1,0,,,,,,,,,
1126723,2018,2018-06-23,The Cooper Associates County Ground,2,8.3,New Zealand,England,ML Green,KJ Martin,NE Farrant,1,0,,,,,,,,,
1126723,2018,2018-06-23,The Cooper Associates County Ground,2,8.4,New Zealand,England,KJ Martin,ML Green,NE Farrant,1,0,,,,,,,,,
1126723,2018,2018-06-23,The Cooper Associates County Ground,2,8.5,New Zealand,England,ML Green,KJ Martin,NE Farrant,1,0,,,,,,,,,
1126723,2018,2018-06-23,The Cooper Associates County Ground,2,8.6,New Zealand,England,KJ Martin,ML Green,NE Farrant,0,0,,,,,,,,,
1126723,2018,2018-06-23,The Cooper Associates County Ground,2,9.1,New Zealand,England,ML Green,KJ Martin,D Hazell,0,0,,,,,,,,,
1126723,2018,2018-06-23,The Cooper Associates County Ground,2,9.2,New Zealand,England,ML Green,KJ Martin,D Hazell,4,0,,,,,,,,,
1126723,2018,2018-06-23,The Cooper Associates County Ground,2,9.3,New Zealand,England,ML Green,KJ Martin,D Hazell,0,0,,,,,,,,,
1126723,2018,2018-06-23,The Cooper Associates County Ground,2,9.4,New Zealand,England,ML Green,KJ Martin,D Hazell,2,0,,,,,,,,,
1126723,2018,2018-06-23,The Cooper Associates County Ground,2,9.5,New Zealand,England,ML Green,KJ Martin,D Hazell,0,0,,,,,,,,,
1126723,2018,2018-06-23,The Cooper Associates County Ground,2,9.6,New Zealand,England,ML Green,KJ Martin,D Hazell,1,0,,,,,,,,,
1126723,2018,2018-06-23,The Cooper Associates County Ground,2,10.1,New Zealand,England,ML Green,KJ Martin,S Ecclestone,4,0,,,,,,,,,
1126723,2018,2018-06-23,The Cooper Associates County Ground,2,10.2,New Zealand,England,ML Green,KJ Martin,S Ecclestone,4,0,,,,,,,,,
1126723,2018,2018-06-23,The Cooper Associates County Ground,2,10.3,New Zealand,England,ML Green,KJ Martin,S Ecclestone,0,0,,,,,,,,,
1126723,2018,2018-06-23,The Cooper Associates County Ground,2,10.4,New Zealand,England,ML Green,KJ Martin,S Ecclestone,1,0,,,,,,,,,
1126723,2018,2018-06-23,The Cooper Associates County Ground,2,10.5,New Zealand,England,KJ Martin,ML Green,S Ecclestone,0,0,,,,,,bowled,KJ Martin,,
1126723,2018,2018-06-23,The Cooper Associates County Ground,2,10.6,New Zealand,England,AC Kerr,ML Green,S Ecclestone,0,0,,,,,,,,,
1126723,2018,2018-06-23,The Cooper Associates County Ground,2,11.1,New Zealand,England,ML Green,AC Kerr,HC Knight,0,1,,,,1,,,,,
1126723,2018,2018-06-23,The Cooper Associates County Ground,2,11.2,New Zealand,England,AC Kerr,ML Green,HC Knight,1,0,,,,,,,,,
1126723,2018,2018-06-23,The Cooper Associates County Ground,2,11.3,New Zealand,England,ML Green,AC Kerr,HC Knight,0,0,,,,,,caught,ML Green,,
1126723,2018,2018-06-23,The Cooper Associates County Ground,2,11.4,New Zealand,England,AC Kerr,B Bezuidenhout,HC Knight,1,0,,,,,,,,,
1126723,2018,2018-06-23,The Cooper Associates County Ground,2,11.5,New Zealand,England,B Bezuidenhout,AC Kerr,HC Knight,0,0,,,,,,,,,
1126723,2018,2018-06-23,The Cooper Associates County Ground,2,11.6,New Zealand,England,B Bezuidenhout,AC Kerr,HC Knight,0,0,,,,,,,,,
1126723,2018,2018-06-23,The Cooper Associates County Ground,2,12.1,New Zealand,England,AC Kerr,B Bezuidenhout,NR Sciver,0,0,,,,,,caught,AC Kerr,,
1126723,2018,2018-06-23,The Cooper Associates County Ground,2,12.2,New Zealand,England,AM Peterson,B Bezuidenhout,NR Sciver,0,0,,,,,,,,,
1126723,2018,2018-06-23,The Cooper Associates County Ground,2,12.3,New Zealand,England,AM Peterson,B Bezuidenhout,NR Sciver,2,0,,,,,,,,,
1126723,2018,2018-06-23,The Cooper Associates County Ground,2,12.4,New Zealand,England,AM Peterson,B Bezuidenhout,NR Sciver,0,0,,,,,,,,,
1126723,2018,2018-06-23,The Cooper Associates County Ground,2,12.5,New Zealand,England,AM Peterson,B Bezuidenhout,NR Sciver,1,0,,,,,,,,,
1126723,2018,2018-06-23,The Cooper Associates County Ground,2,12.6,New Zealand,England,B Bezuidenhout,AM Peterson,NR Sciver,1,0,,,,,,,,,
1126723,2018,2018-06-23,The Cooper Associates County Ground,2,13.1,New Zealand,England,B Bezuidenhout,AM Peterson,HC Knight,0,0,,,,,,,,,
1126723,2018,2018-06-23,The Cooper Associates County Ground,2,13.2,New Zealand,England,B Bezuidenhout,AM Peterson,HC Knight,1,0,,,,,,,,,
1126723,2018,2018-06-23,The Cooper Associates County Ground,2,13.3,New Zealand,England,AM Peterson,B Bezuidenhout,HC Knight,1,0,,,,,,,,,
1126723,2018,2018-06-23,The Cooper Associates County Ground,2,13.4,New Zealand,England,B Bezuidenhout,AM Peterson,HC Knight,0,0,,,,,,,,,
1126723,2018,2018-06-23,The Cooper Associates County Ground,2,13.5,New Zealand,England,B Bezuidenhout,AM Peterson,HC Knight,1,0,,,,,,,,,
1126723,2018,2018-06-23,The Cooper Associates County Ground,2,13.6,New Zealand,England,AM Peterson,B Bezuidenhout,HC Knight,0,0,,,,,,,,,
1126723,2018,2018-06-23,The Cooper Associates County Ground,2,14.1,New Zealand,England,B Bezuidenhout,AM Peterson,S Ecclestone,2,0,,,,,,,,,
1126723,2018,2018-06-23,The Cooper Associates County Ground,2,14.2,New Zealand,England,B Bezuidenhout,AM Peterson,S Ecclestone,0,2,,,2,,,,,,
1126723,2018,2018-06-23,The Cooper Associates County Ground,2,14.3,New Zealand,England,B Bezuidenhout,AM Peterson,S Ecclestone,0,0,,,,,,bowled,B Bezuidenhout,,
1126723,2018,2018-06-23,The Cooper Associates County Ground,2,14.4,New Zealand,England,LM Kasperek,AM Peterson,S Ecclestone,0,1,1,,,,,,,,
1126723,2018,2018-06-23,The Cooper Associates County Ground,2,14.5,New Zealand,England,LM Kasperek,AM Peterson,S Ecclestone,0,0,,,,,,stumped,LM Kasperek,,
1126723,2018,2018-06-23,The Cooper Associates County Ground,2,14.6,New Zealand,England,HNK Jensen,AM Peterson,S Ecclestone,0,0,,,,,,,,,
1126723,2018,2018-06-23,The Cooper Associates County Ground,2,14.7,New Zealand,England,HNK Jensen,AM Peterson,S Ecclestone,0,1,1,,,,,,,,
1126723,2018,2018-06-23,The Cooper Associates County Ground,2,14.8,New Zealand,England,HNK Jensen,AM Peterson,S Ecclestone,0,0,,,,,,,,,
1126723,2018,2018-06-23,The Cooper Associates County Ground,2,15.1,New Zealand,England,AM Peterson,HNK Jensen,D Hazell,1,0,,,,,,,,,
1126723,2018,2018-06-23,The Cooper Associates County Ground,2,15.2,New Zealand,England,HNK Jensen,AM Peterson,D Hazell,1,0,,,,,,,,,
1126723,2018,2018-06-23,The Cooper Associates County Ground,2,15.3,New Zealand,England,AM Peterson,HNK Jensen,D Hazell,0,1,1,,,,,,,,
1126723,2018,2018-06-23,The Cooper Associates County Ground,2,15.4,New Zealand,England,AM Peterson,HNK Jensen,D Hazell,1,0,,,,,,,,,
1126723,2018,2018-06-23,The Cooper Associates County Ground,2,15.5,New Zealand,England,HNK Jensen,AM Peterson,D Hazell,4,0,,,,,,,,,
1126723,2018,2018-06-23,The Cooper Associates County Ground,2,15.6,New Zealand,England,HNK Jensen,AM Peterson,D Hazell,0,0,,,,,,,,,
1126723,2018,2018-06-23,The Cooper Associates County Ground,2,15.7,New Zealand,England,HNK Jensen,AM Peterson,D Hazell,1,0,,,,,,,,,
1126723,2018,2018-06-23,The Cooper Associates County Ground,2,16.1,New Zealand,England,HNK Jensen,AM Peterson,S Ecclestone,1,0,,,,,,,,,
1126723,2018,2018-06-23,The Cooper Associates County Ground,2,16.2,New Zealand,England,AM Peterson,HNK Jensen,S Ecclestone,0,1,1,,,,,,,,
1126723,2018,2018-06-23,The Cooper Associates County Ground,2,16.3,New Zealand,England,AM Peterson,HNK Jensen,S Ecclestone,1,0,,,,,,,,,
1126723,2018,2018-06-23,The Cooper Associates County Ground,2,16.4,New Zealand,England,HNK Jensen,AM Peterson,S Ecclestone,1,0,,,,,,,,,
1126723,2018,2018-06-23,The Cooper Associates County Ground,2,16.5,New Zealand,England,AM Peterson,HNK Jensen,S Ecclestone,0,0,,,,,,caught,AM Peterson,,
1126723,2018,2018-06-23,The Cooper Associates County Ground,2,16.6,New Zealand,England,HNK Jensen,LMM Tahuhu,S Ecclestone,1,0,,,,,,,,,
1126723,2018,2018-06-23,The Cooper Associates County Ground,2,16.7,New Zealand,England,LMM Tahuhu,HNK Jensen,S Ecclestone,0,0,,,,,,,,,
1126723,2018,2018-06-23,The Cooper Associates County Ground,2,17.1,New Zealand,England,HNK Jensen,LMM Tahuhu,HC Knight,0,0,,,,,,,,,
1126723,2018,2018-06-23,The Cooper Associates County Ground,2,17.2,New Zealand,England,HNK Jensen,LMM Tahuhu,HC Knight,1,0,,,,,,,,,
1126723,2018,2018-06-23,The Cooper Associates County Ground,2,17.3,New Zealand,England,LMM Tahuhu,HNK Jensen,HC Knight,4,0,,,,,,,,,
1126723,2018,2018-06-23,The Cooper Associates County Ground,2,17.4,New Zealand,England,LMM Tahuhu,HNK Jensen,HC Knight,0,0,,,,,,,,,
1126723,2018,2018-06-23,The Cooper Associates County Ground,2,17.5,New Zealand,England,LMM Tahuhu,HNK Jensen,HC Knight,0,0,,,,,,,,,
1126723,2018,2018-06-23,The Cooper Associates County Ground,2,17.6,New Zealand,England,LMM Tahuhu,HNK Jensen,HC Knight,1,0,,,,,,,,,
1126723,2018,2018-06-23,The Cooper Associates County Ground,2,18.1,New Zealand,England,LMM Tahuhu,HNK Jensen,NE Farrant,1,0,,,,,,,,,
1126723,2018,2018-06-23,The Cooper Associates County Ground,2,18.2,New Zealand,England,HNK Jensen,LMM Tahuhu,NE Farrant,4,0,,,,,,,,,
1126723,2018,2018-06-23,The Cooper Associates County Ground,2,18.3,New Zealand,England,HNK Jensen,LMM Tahuhu,NE Farrant,0,0,,,,,,bowled,HNK Jensen,,
