match_id,season,start_date,venue,innings,ball,batting_team,bowling_team,striker,non_striker,bowler,runs_off_bat,extras,wides,noballs,byes,legbyes,penalty,wicket_type,player_dismissed,other_wicket_type,other_player_dismissed
1126720,2018,2018-06-20,The Cooper Associates County Ground,1,0.1,New Zealand,South Africa,SW Bates,SFM Devine,M Kapp,0,0,,,,,,,,,
1126720,2018,2018-06-20,The Cooper Associates County Ground,1,0.2,New Zealand,South Africa,SW Bates,SFM Devine,M Kapp,1,0,,,,,,,,,
1126720,2018,2018-06-20,The Cooper Associates County Ground,1,0.3,New Zealand,South Africa,SFM Devine,SW Bates,M Kapp,0,0,,,,,,,,,
1126720,2018,2018-06-20,The Cooper Associates County Ground,1,0.4,New Zealand,South Africa,SFM Devine,SW Bates,M Kapp,0,0,,,,,,,,,
1126720,2018,2018-06-20,The Cooper Associates County Ground,1,0.5,New Zealand,South Africa,SFM Devine,SW Bates,M Kapp,1,0,,,,,,,,,
1126720,2018,2018-06-20,The Cooper Associates County Ground,1,0.6,New Zealand,South Africa,SW Bates,SFM Devine,M Kapp,0,0,,,,,,,,,
1126720,2018,2018-06-20,The Cooper Associates County Ground,1,1.1,New Zealand,South Africa,SFM Devine,SW Bates,S Ismail,5,0,,,,,,,,,
1126720,2018,2018-06-20,The Cooper Associates County Ground,1,1.2,New Zealand,South Africa,SW Bates,SFM Devine,S Ismail,0,0,,,,,,,,,
1126720,2018,2018-06-20,The Cooper Associates County Ground,1,1.3,New Zealand,South Africa,SW Bates,SFM Devine,S Ismail,0,1,,1,,,,,,,
1126720,2018,2018-06-20,The Cooper Associates County Ground,1,1.4,New Zealand,South Africa,SW Bates,SFM Devine,S Ismail,4,0,,,,,,,,,
1126720,2018,2018-06-20,The Cooper Associates County Ground,1,1.5,New Zealand,South Africa,SW Bates,SFM Devine,S Ismail,4,0,,,,,,,,,
1126720,2018,2018-06-20,The Cooper Associates County Ground,1,1.6,New Zealand,South Africa,SW Bates,SFM Devine,S Ismail,4,0,,,,,,,,,
1126720,2018,2018-06-20,The Cooper Associates County Ground,1,1.7,New Zealand,South Africa,SW Bates,SFM Devine,S Ismail,0,0,,,,,,,,,
1126720,2018,2018-06-20,The Cooper Associates County Ground,1,2.1,New Zealand,South Africa,SFM Devine,SW Bates,M Kapp,1,0,,,,,,,,,
1126720,2018,2018-06-20,The Cooper Associates County Ground,1,2.2,New Zealand,South Africa,SW Bates,SFM Devine,M Kapp,0,0,,,,,,,,,
1126720,2018,2018-06-20,The Cooper Associates County Ground,1,2.3,New Zealand,South Africa,SW Bates,SFM Devine,M Kapp,0,0,,,,,,,,,
1126720,2018,2018-06-20,The Cooper Associates County Ground,1,2.4,New Zealand,South Africa,SW Bates,SFM Devine,M Kapp,0,0,,,,,,,,,
1126720,2018,2018-06-20,The Cooper Associates County Ground,1,2.5,New Zealand,South Africa,SW Bates,SFM Devine,M Kapp,1,0,,,,,,,,,
1126720,2018,2018-06-20,The Cooper Associates County Ground,1,2.6,New Zealand,South Africa,SFM Devine,SW Bates,M Kapp,2,0,,,,,,,,,
1126720,2018,2018-06-20,The Cooper Associates County Ground,1,3.1,New Zealand,South Africa,SW Bates,SFM Devine,S Ismail,0,0,,,,,,,,,
1126720,2018,2018-06-20,The Cooper Associates County Ground,1,3.2,New Zealand,South Africa,SW Bates,SFM Devine,S Ismail,0,0,,,,,,,,,
1126720,2018,2018-06-20,The Cooper Associates County Ground,1,3.3,New Zealand,South Africa,SW Bates,SFM Devine,S Ismail,4,0,,,,,,,,,
1126720,2018,2018-06-20,The Cooper Associates County Ground,1,3.4,New Zealand,South Africa,SW Bates,SFM Devine,S Ismail,3,0,,,,,,,,,
1126720,2018,2018-06-20,The Cooper Associates County Ground,1,3.5,New Zealand,South Africa,SFM Devine,SW Bates,S Ismail,0,1,,,1,,,,,,
1126720,2018,2018-06-20,The Cooper Associates County Ground,1,3.6,New Zealand,South Africa,SW Bates,SFM Devine,S Ismail,1,0,,,,,,,,,
1126720,2018,2018-06-20,The Cooper Associates County Ground,1,4.1,New Zealand,South Africa,SW Bates,SFM Devine,Z Mali,2,0,,,,,,,,,
1126720,2018,2018-06-20,The Cooper Associates County Ground,1,4.2,New Zealand,South Africa,SW Bates,SFM Devine,Z Mali,1,0,,,,,,,,,
1126720,2018,2018-06-20,The Cooper Associates County Ground,1,4.3,New Zealand,South Africa,SFM Devine,SW Bates,Z Mali,0,0,,,,,,,,,
1126720,2018,2018-06-20,The Cooper Associates County Ground,1,4.4,New Zealand,South Africa,SFM Devine,SW Bates,Z Mali,4,0,,,,,,,,,
1126720,2018,2018-06-20,The Cooper Associates County Ground,1,4.5,New Zealand,South Africa,SFM Devine,SW Bates,Z Mali,4,0,,,,,,,,,
1126720,2018,2018-06-20,The Cooper Associates County Ground,1,4.6,New Zealand,South Africa,SFM Devine,SW Bates,Z Mali,1,0,,,,,,,,,
1126720,2018,2018-06-20,The Cooper Associates County Ground,1,5.1,New Zealand,South Africa,SFM Devine,SW Bates,R Ntozakhe,4,0,,,,,,,,,
1126720,2018,2018-06-20,The Cooper Associates County Ground,1,5.2,New Zealand,South Africa,SFM Devine,SW Bates,R Ntozakhe,1,0,,,,,,,,,
1126720,2018,2018-06-20,The Cooper Associates County Ground,1,5.3,New Zealand,South Africa,SW Bates,SFM Devine,R Ntozakhe,1,0,,,,,,,,,
1126720,2018,2018-06-20,The Cooper Associates County Ground,1,5.4,New Zealand,South Africa,SFM Devine,SW Bates,R Ntozakhe,1,0,,,,,,,,,
1126720,2018,2018-06-20,The Cooper Associates County Ground,1,5.5,New Zealand,South Africa,SW Bates,SFM Devine,R Ntozakhe,4,0,,,,,,,,,
1126720,2018,2018-06-20,The Cooper Associates County Ground,1,5.6,New Zealand,South Africa,SW Bates,SFM Devine,R Ntozakhe,0,0,,,,,,,,,
1126720,2018,2018-06-20,The Cooper Associates County Ground,1,6.1,New Zealand,South Africa,SFM Devine,SW Bates,Z Mali,1,0,,,,,,,,,
1126720,2018,2018-06-20,The Cooper Associates County Ground,1,6.2,New Zealand,South Africa,SW Bates,SFM Devine,Z Mali,1,0,,,,,,,,,
1126720,2018,2018-06-20,The Cooper Associates County Ground,1,6.3,New Zealand,South Africa,SFM Devine,SW Bates,Z Mali,1,0,,,,,,,,,
1126720,2018,2018-06-20,The Cooper Associates County Ground,1,6.4,New Zealand,South Africa,SW Bates,SFM Devine,Z Mali,1,0,,,,,,,,,
1126720,2018,2018-06-20,The Cooper Associates County Ground,1,6.5,New Zealand,South Africa,SFM Devine,SW Bates,Z Mali,1,0,,,,,,,,,
1126720,2018,2018-06-20,The Cooper Associates County Ground,1,6.6,New Zealand,South Africa,SW Bates,SFM Devine,Z Mali,0,0,,,,,,,,,
1126720,2018,2018-06-20,The Cooper Associates County Ground,1,7.1,New Zealand,South Africa,SFM Devine,SW Bates,R Ntozakhe,6,0,,,,,,,,,
1126720,2018,2018-06-20,The Cooper Associates County Ground,1,7.2,New Zealand,South Africa,SFM Devine,SW Bates,R Ntozakhe,0,0,,,,,,,,,
1126720,2018,2018-06-20,The Cooper Associates County Ground,1,7.3,New Zealand,South Africa,SFM Devine,SW Bates,R Ntozakhe,2,0,,,,,,,,,
1126720,2018,2018-06-20,The Cooper Associates County Ground,1,7.4,New Zealand,South Africa,SFM Devine,SW Bates,R Ntozakhe,1,0,,,,,,,,,
1126720,2018,2018-06-20,The Cooper Associates County Ground,1,7.5,New Zealand,South Africa,SW Bates,SFM Devine,R Ntozakhe,2,0,,,,,,,,,
1126720,2018,2018-06-20,The Cooper Associates County Ground,1,7.6,New Zealand,South Africa,SW Bates,SFM Devine,R Ntozakhe,4,0,,,,,,,,,
1126720,2018,2018-06-20,The Cooper Associates County Ground,1,8.1,New Zealand,South Africa,SFM Devine,SW Bates,Z Mali,0,0,,,,,,,,,
1126720,2018,2018-06-20,The Cooper Associates County Ground,1,8.2,New Zealand,South Africa,SFM Devine,SW Bates,Z Mali,0,0,,,,,,,,,
1126720,2018,2018-06-20,The Cooper Associates County Ground,1,8.3,New Zealand,South Africa,SFM Devine,SW Bates,Z Mali,4,0,,,,,,,,,
1126720,2018,2018-06-20,The Cooper Associates County Ground,1,8.4,New Zealand,South Africa,SFM Devine,SW Bates,Z Mali,1,0,,,,,,,,,
1126720,2018,2018-06-20,The Cooper Associates County Ground,1,8.5,New Zealand,South Africa,SW Bates,SFM Devine,Z Mali,4,0,,,,,,,,,
1126720,2018,2018-06-20,The Cooper Associates County Ground,1,8.6,New Zealand,South Africa,SW Bates,SFM Devine,Z Mali,0,0,,,,,,,,,
1126720,2018,2018-06-20,The Cooper Associates County Ground,1,9.1,New Zealand,South Africa,SFM Devine,SW Bates,D van Niekerk,0,0,,,,,,,,,
1126720,2018,2018-06-20,The Cooper Associates County Ground,1,9.2,New Zealand,South Africa,SFM Devine,SW Bates,D van Niekerk,3,0,,,,,,,,,
1126720,2018,2018-06-20,The Cooper Associates County Ground,1,9.3,New Zealand,South Africa,SW Bates,SFM Devine,D van Niekerk,1,0,,,,,,,,,
1126720,2018,2018-06-20,The Cooper Associates County Ground,1,9.4,New Zealand,South Africa,SFM Devine,SW Bates,D van Niekerk,1,0,,,,,,,,,
1126720,2018,2018-06-20,The Cooper Associates County Ground,1,9.5,New Zealand,South Africa,SW Bates,SFM Devine,D van Niekerk,1,0,,,,,,,,,
1126720,2018,2018-06-20,The Cooper Associates County Ground,1,9.6,New Zealand,South Africa,SFM Devine,SW Bates,D van Niekerk,0,0,,,,,,,,,
1126720,2018,2018-06-20,The Cooper Associates County Ground,1,10.1,New Zealand,South Africa,SW Bates,SFM Devine,S Luus,4,0,,,,,,,,,
1126720,2018,2018-06-20,The Cooper Associates County Ground,1,10.2,New Zealand,South Africa,SW Bates,SFM Devine,S Luus,2,0,,,,,,,,,
1126720,2018,2018-06-20,The Cooper Associates County Ground,1,10.3,New Zealand,South Africa,SW Bates,SFM Devine,S Luus,1,0,,,,,,,,,
1126720,2018,2018-06-20,The Cooper Associates County Ground,1,10.4,New Zealand,South Africa,SFM Devine,SW Bates,S Luus,0,0,,,,,,,,,
1126720,2018,2018-06-20,The Cooper Associates County Ground,1,10.5,New Zealand,South Africa,SFM Devine,SW Bates,S Luus,1,0,,,,,,,,,
1126720,2018,2018-06-20,The Cooper Associates County Ground,1,10.6,New Zealand,South Africa,SW Bates,SFM Devine,S Luus,1,0,,,,,,,,,
1126720,2018,2018-06-20,The Cooper Associates County Ground,1,11.1,New Zealand,South Africa,SW Bates,SFM Devine,D van Niekerk,0,0,,,,,,,,,
1126720,2018,2018-06-20,The Cooper Associates County Ground,1,11.2,New Zealand,South Africa,SW Bates,SFM Devine,D van Niekerk,1,0,,,,,,,,,
1126720,2018,2018-06-20,The Cooper Associates County Ground,1,11.3,New Zealand,South Africa,SFM Devine,SW Bates,D van Niekerk,1,0,,,,,,,,,
1126720,2018,2018-06-20,The Cooper Associates County Ground,1,11.4,New Zealand,South Africa,SW Bates,SFM Devine,D van Niekerk,1,0,,,,,,,,,
1126720,2018,2018-06-20,The Cooper Associates County Ground,1,11.5,New Zealand,South Africa,SFM Devine,SW Bates,D van Niekerk,0,0,,,,,,,,,
1126720,2018,2018-06-20,The Cooper Associates County Ground,1,11.6,New Zealand,South Africa,SFM Devine,SW Bates,D van Niekerk,0,0,,,,,,,,,
1126720,2018,2018-06-20,The Cooper Associates County Ground,1,12.1,New Zealand,South Africa,SW Bates,SFM Devine,S Luus,4,0,,,,,,,,,
1126720,2018,2018-06-20,The Cooper Associates County Ground,1,12.2,New Zealand,South Africa,SW Bates,SFM Devine,S Luus,6,0,,,,,,,,,
1126720,2018,2018-06-20,The Cooper Associates County Ground,1,12.3,New Zealand,South Africa,SW Bates,SFM Devine,S Luus,1,0,,,,,,,,,
1126720,2018,2018-06-20,The Cooper Associates County Ground,1,12.4,New Zealand,South Africa,SFM Devine,SW Bates,S Luus,1,0,,,,,,,,,
1126720,2018,2018-06-20,The Cooper Associates County Ground,1,12.5,New Zealand,South Africa,SW Bates,SFM Devine,S Luus,4,0,,,,,,,,,
1126720,2018,2018-06-20,The Cooper Associates County Ground,1,12.6,New Zealand,South Africa,SW Bates,SFM Devine,S Luus,4,0,,,,,,,,,
1126720,2018,2018-06-20,The Cooper Associates County Ground,1,13.1,New Zealand,South Africa,SFM Devine,SW Bates,D van Niekerk,6,0,,,,,,,,,
1126720,2018,2018-06-20,The Cooper Associates County Ground,1,13.2,New Zealand,South Africa,SFM Devine,SW Bates,D van Niekerk,1,0,,,,,,,,,
1126720,2018,2018-06-20,The Cooper Associates County Ground,1,13.3,New Zealand,South Africa,SW Bates,SFM Devine,D van Niekerk,2,0,,,,,,,,,
1126720,2018,2018-06-20,The Cooper Associates County Ground,1,13.4,New Zealand,South Africa,SW Bates,SFM Devine,D van Niekerk,2,0,,,,,,,,,
1126720,2018,2018-06-20,The Cooper Associates County Ground,1,13.5,New Zealand,South Africa,SW Bates,SFM Devine,D van Niekerk,1,0,,,,,,,,,
1126720,2018,2018-06-20,The Cooper Associates County Ground,1,13.6,New Zealand,South Africa,SFM Devine,SW Bates,D van Niekerk,6,0,,,,,,,,,
1126720,2018,2018-06-20,The Cooper Associates County Ground,1,14.1,New Zealand,South Africa,SW Bates,SFM Devine,Z Mali,6,0,,,,,,,,,
1126720,2018,2018-06-20,The Cooper Associates County Ground,1,14.2,New Zealand,South Africa,SW Bates,SFM Devine,Z Mali,1,0,,,,,,,,,
1126720,2018,2018-06-20,The Cooper Associates County Ground,1,14.3,New Zealand,South Africa,SFM Devine,SW Bates,Z Mali,1,0,,,,,,,,,
1126720,2018,2018-06-20,The Cooper Associates County Ground,1,14.4,New Zealand,South Africa,SW Bates,SFM Devine,Z Mali,1,0,,,,,,,,,
1126720,2018,2018-06-20,The Cooper Associates County Ground,1,14.5,New Zealand,South Africa,SFM Devine,SW Bates,Z Mali,0,0,,,,,,,,,
1126720,2018,2018-06-20,The Cooper Associates County Ground,1,14.6,New Zealand,South Africa,SFM Devine,SW Bates,Z Mali,6,0,,,,,,,,,
1126720,2018,2018-06-20,The Cooper Associates County Ground,1,15.1,New Zealand,South Africa,SW Bates,SFM Devine,S Ismail,4,0,,,,,,,,,
1126720,2018,2018-06-20,The Cooper Associates County Ground,1,15.2,New Zealand,South Africa,SW Bates,SFM Devine,S Ismail,1,0,,,,,,,,,
1126720,2018,2018-06-20,The Cooper Associates County Ground,1,15.3,New Zealand,South Africa,SFM Devine,SW Bates,S Ismail,0,4,,,4,,,,,,
1126720,2018,2018-06-20,The Cooper Associates County Ground,1,15.4,New Zealand,South Africa,SFM Devine,SW Bates,S Ismail,1,0,,,,,,,,,
1126720,2018,2018-06-20,The Cooper Associates County Ground,1,15.5,New Zealand,South Africa,SW Bates,SFM Devine,S Ismail,0,1,1,,,,,,,,
1126720,2018,2018-06-20,The Cooper Associates County Ground,1,15.6,New Zealand,South Africa,SW Bates,SFM Devine,S Ismail,1,0,,,,,,,,,
1126720,2018,2018-06-20,The Cooper Associates County Ground,1,15.7,New Zealand,South Africa,SFM Devine,SW Bates,S Ismail,1,0,,,,,,,,,
1126720,2018,2018-06-20,The Cooper Associates County Ground,1,16.1,New Zealand,South Africa,SFM Devine,SW Bates,D van Niekerk,2,0,,,,,,,,,
1126720,2018,2018-06-20,The Cooper Associates County Ground,1,16.2,New Zealand,South Africa,SFM Devine,SW Bates,D van Niekerk,1,0,,,,,,,,,
1126720,2018,2018-06-20,The Cooper Associates County Ground,1,16.3,New Zealand,South Africa,SW Bates,SFM Devine,D van Niekerk,4,0,,,,,,,,,
1126720,2018,2018-06-20,The Cooper Associates County Ground,1,16.4,New Zealand,South Africa,SW Bates,SFM Devine,D van Niekerk,4,0,,,,,,,,,
1126720,2018,2018-06-20,The Cooper Associates County Ground,1,16.5,New Zealand,South Africa,SW Bates,SFM Devine,D van Niekerk,0,0,,,,,,,,,
1126720,2018,2018-06-20,The Cooper Associates County Ground,1,16.6,New Zealand,South Africa,SW Bates,SFM Devine,D van Niekerk,1,0,,,,,,,,,
1126720,2018,2018-06-20,The Cooper Associates County Ground,1,17.1,New Zealand,South Africa,SW Bates,SFM Devine,M Kapp,1,0,,,,,,,,,
1126720,2018,2018-06-20,The Cooper Associates County Ground,1,17.2,New Zealand,South Africa,SFM Devine,SW Bates,M Kapp,0,0,,,,,,,,,
1126720,2018,2018-06-20,The Cooper Associates County Ground,1,17.3,New Zealand,South Africa,SFM Devine,SW Bates,M Kapp,0,0,,,,,,caught,SFM Devine,,
1126720,2018,2018-06-20,The Cooper Associates County Ground,1,17.4,New Zealand,South Africa,SW Bates,KJ Martin,M Kapp,2,0,,,,,,,,,
1126720,2018,2018-06-20,The Cooper Associates County Ground,1,17.5,New Zealand,South Africa,SW Bates,KJ Martin,M Kapp,1,0,,,,,,,,,
1126720,2018,2018-06-20,The Cooper Associates County Ground,1,17.6,New Zealand,South Africa,KJ Martin,SW Bates,M Kapp,1,0,,,,,,,,,
1126720,2018,2018-06-20,The Cooper Associates County Ground,1,18.1,New Zealand,South Africa,KJ Martin,SW Bates,S Ismail,1,0,,,,,,,,,
1126720,2018,2018-06-20,The Cooper Associates County Ground,1,18.2,New Zealand,South Africa,SW Bates,KJ Martin,S Ismail,1,0,,,,,,,,,
1126720,2018,2018-06-20,The Cooper Associates County Ground,1,18.3,New Zealand,South Africa,KJ Martin,SW Bates,S Ismail,1,0,,,,,,,,,
1126720,2018,2018-06-20,The Cooper Associates County Ground,1,18.4,New Zealand,South Africa,SW Bates,KJ Martin,S Ismail,4,0,,,,,,,,,
1126720,2018,2018-06-20,The Cooper Associates County Ground,1,18.5,New Zealand,South Africa,SW Bates,KJ Martin,S Ismail,1,0,,,,,,,,,
1126720,2018,2018-06-20,The Cooper Associates County Ground,1,18.6,New Zealand,South Africa,KJ Martin,SW Bates,S Ismail,1,0,,,,,,,,,
1126720,2018,2018-06-20,The Cooper Associates County Ground,1,19.1,New Zealand,South Africa,KJ Martin,SW Bates,M Kapp,2,0,,,,,,,,,
1126720,2018,2018-06-20,The Cooper Associates County Ground,1,19.2,New Zealand,South Africa,KJ Martin,SW Bates,M Kapp,1,0,,,,,,,,,
1126720,2018,2018-06-20,The Cooper Associates County Ground,1,19.3,New Zealand,South Africa,SW Bates,KJ Martin,M Kapp,4,0,,,,,,,,,
1126720,2018,2018-06-20,The Cooper Associates County Ground,1,19.4,New Zealand,South Africa,SW Bates,KJ Martin,M Kapp,6,0,,,,,,,,,
1126720,2018,2018-06-20,The Cooper Associates County Ground,1,19.5,New Zealand,South Africa,SW Bates,KJ Martin,M Kapp,0,1,1,,,,,,,,
1126720,2018,2018-06-20,The Cooper Associates County Ground,1,19.6,New Zealand,South Africa,SW Bates,KJ Martin,M Kapp,3,0,,,,,,,,,
1126720,2018,2018-06-20,The Cooper Associates County Ground,1,19.7,New Zealand,South Africa,KJ Martin,SW Bates,M Kapp,4,0,,,,,,,,,
1126720,2018,2018-06-20,The Cooper Associates County Ground,2,0.1,South Africa,New Zealand,L Lee,L Wolvaardt,LM Kasperek,1,0,,,,,,,,,
1126720,2018,2018-06-20,The Cooper Associates County Ground,2,0.2,South Africa,New Zealand,L Wolvaardt,L Lee,LM Kasperek,0,0,,,,,,,,,
1126720,2018,2018-06-20,The Cooper Associates County Ground,2,0.3,South Africa,New Zealand,L Wolvaardt,L Lee,LM Kasperek,1,0,,,,,,,,,
1126720,2018,2018-06-20,The Cooper Associates County Ground,2,0.4,South Africa,New Zealand,L Lee,L Wolvaardt,LM Kasperek,4,0,,,,,,,,,
1126720,2018,2018-06-20,The Cooper Associates County Ground,2,0.5,South Africa,New Zealand,L Lee,L Wolvaardt,LM Kasperek,0,0,,,,,,,,,
1126720,2018,2018-06-20,The Cooper Associates County Ground,2,0.6,South Africa,New Zealand,L Lee,L Wolvaardt,LM Kasperek,0,0,,,,,,,,,
1126720,2018,2018-06-20,The Cooper Associates County Ground,2,1.1,South Africa,New Zealand,L Wolvaardt,L Lee,LMM Tahuhu,4,0,,,,,,,,,
1126720,2018,2018-06-20,The Cooper Associates County Ground,2,1.2,South Africa,New Zealand,L Wolvaardt,L Lee,LMM Tahuhu,0,0,,,,,,,,,
1126720,2018,2018-06-20,The Cooper Associates County Ground,2,1.3,South Africa,New Zealand,L Wolvaardt,L Lee,LMM Tahuhu,0,0,,,,,,,,,
1126720,2018,2018-06-20,The Cooper Associates County Ground,2,1.4,South Africa,New Zealand,L Wolvaardt,L Lee,LMM Tahuhu,4,0,,,,,,,,,
1126720,2018,2018-06-20,The Cooper Associates County Ground,2,1.5,South Africa,New Zealand,L Wolvaardt,L Lee,LMM Tahuhu,1,0,,,,,,,,,
1126720,2018,2018-06-20,The Cooper Associates County Ground,2,1.6,South Africa,New Zealand,L Lee,L Wolvaardt,LMM Tahuhu,0,0,,,,,,,,,
1126720,2018,2018-06-20,The Cooper Associates County Ground,2,2.1,South Africa,New Zealand,L Wolvaardt,L Lee,HNK Jensen,0,0,,,,,,,,,
1126720,2018,2018-06-20,The Cooper Associates County Ground,2,2.2,South Africa,New Zealand,L Wolvaardt,L Lee,HNK Jensen,4,0,,,,,,,,,
1126720,2018,2018-06-20,The Cooper Associates County Ground,2,2.3,South Africa,New Zealand,L Wolvaardt,L Lee,HNK Jensen,4,0,,,,,,,,,
1126720,2018,2018-06-20,The Cooper Associates County Ground,2,2.4,South Africa,New Zealand,L Wolvaardt,L Lee,HNK Jensen,1,0,,,,,,,,,
1126720,2018,2018-06-20,The Cooper Associates County Ground,2,2.5,South Africa,New Zealand,L Lee,L Wolvaardt,HNK Jensen,0,0,,,,,,,,,
1126720,2018,2018-06-20,The Cooper Associates County Ground,2,2.6,South Africa,New Zealand,L Lee,L Wolvaardt,HNK Jensen,1,0,,,,,,,,,
1126720,2018,2018-06-20,The Cooper Associates County Ground,2,3.1,South Africa,New Zealand,L Lee,L Wolvaardt,SFM Devine,0,0,,,,,,,,,
1126720,2018,2018-06-20,The Cooper Associates County Ground,2,3.2,South Africa,New Zealand,L Lee,L Wolvaardt,SFM Devine,4,0,,,,,,,,,
1126720,2018,2018-06-20,The Cooper Associates County Ground,2,3.3,South Africa,New Zealand,L Lee,L Wolvaardt,SFM Devine,0,0,,,,,,caught,L Lee,,
1126720,2018,2018-06-20,The Cooper Associates County Ground,2,3.4,South Africa,New Zealand,T Brits,L Wolvaardt,SFM Devine,1,0,,,,,,,,,
1126720,2018,2018-06-20,The Cooper Associates County Ground,2,3.5,South Africa,New Zealand,L Wolvaardt,T Brits,SFM Devine,1,0,,,,,,,,,
1126720,2018,2018-06-20,The Cooper Associates County Ground,2,3.6,South Africa,New Zealand,T Brits,L Wolvaardt,SFM Devine,4,0,,,,,,,,,
1126720,2018,2018-06-20,The Cooper Associates County Ground,2,4.1,South Africa,New Zealand,L Wolvaardt,T Brits,LM Kasperek,4,0,,,,,,,,,
1126720,2018,2018-06-20,The Cooper Associates County Ground,2,4.2,South Africa,New Zealand,L Wolvaardt,T Brits,LM Kasperek,0,0,,,,,,,,,
1126720,2018,2018-06-20,The Cooper Associates County Ground,2,4.3,South Africa,New Zealand,L Wolvaardt,T Brits,LM Kasperek,1,0,,,,,,,,,
1126720,2018,2018-06-20,The Cooper Associates County Ground,2,4.4,South Africa,New Zealand,T Brits,L Wolvaardt,LM Kasperek,0,0,,,,,,caught,T Brits,,
1126720,2018,2018-06-20,The Cooper Associates County Ground,2,4.5,South Africa,New Zealand,D van Niekerk,L Wolvaardt,LM Kasperek,0,0,,,,,,,,,
1126720,2018,2018-06-20,The Cooper Associates County Ground,2,4.6,South Africa,New Zealand,D van Niekerk,L Wolvaardt,LM Kasperek,0,0,,,,,,,,,
1126720,2018,2018-06-20,The Cooper Associates County Ground,2,5.1,South Africa,New Zealand,L Wolvaardt,D van Niekerk,HNK Jensen,0,0,,,,,,,,,
1126720,2018,2018-06-20,The Cooper Associates County Ground,2,5.2,South Africa,New Zealand,L Wolvaardt,D van Niekerk,HNK Jensen,0,0,,,,,,caught,L Wolvaardt,,
1126720,2018,2018-06-20,The Cooper Associates County Ground,2,5.3,South Africa,New Zealand,S Luus,D van Niekerk,HNK Jensen,0,0,,,,,,,,,
1126720,2018,2018-06-20,The Cooper Associates County Ground,2,5.4,South Africa,New Zealand,S Luus,D van Niekerk,HNK Jensen,0,0,,,,,,caught,S Luus,,
1126720,2018,2018-06-20,The Cooper Associates County Ground,2,5.5,South Africa,New Zealand,M du Preez,D van Niekerk,HNK Jensen,0,0,,,,,,,,,
1126720,2018,2018-06-20,The Cooper Associates County Ground,2,5.6,South Africa,New Zealand,M du Preez,D van Niekerk,HNK Jensen,1,0,,,,,,,,,
1126720,2018,2018-06-20,The Cooper Associates County Ground,2,6.1,South Africa,New Zealand,M du Preez,D van Niekerk,LMM Tahuhu,0,0,,,,,,,,,
1126720,2018,2018-06-20,The Cooper Associates County Ground,2,6.2,South Africa,New Zealand,M du Preez,D van Niekerk,LMM Tahuhu,1,0,,,,,,,,,
1126720,2018,2018-06-20,The Cooper Associates County Ground,2,6.3,South Africa,New Zealand,D van Niekerk,M du Preez,LMM Tahuhu,0,0,,,,,,,,,
1126720,2018,2018-06-20,The Cooper Associates County Ground,2,6.4,South Africa,New Zealand,D van Niekerk,M du Preez,LMM Tahuhu,0,0,,,,,,,,,
1126720,2018,2018-06-20,The Cooper Associates County Ground,2,6.5,South Africa,New Zealand,D van Niekerk,M du Preez,LMM Tahuhu,0,0,,,,,,,,,
1126720,2018,2018-06-20,The Cooper Associates County Ground,2,6.6,South Africa,New Zealand,D van Niekerk,M du Preez,LMM Tahuhu,0,0,,,,,,,,,
1126720,2018,2018-06-20,The Cooper Associates County Ground,2,7.1,South Africa,New Zealand,M du Preez,D van Niekerk,AC Kerr,0,0,,,,,,,,,
1126720,2018,2018-06-20,The Cooper Associates County Ground,2,7.2,South Africa,New Zealand,M du Preez,D van Niekerk,AC Kerr,0,0,,,,,,,,,
1126720,2018,2018-06-20,The Cooper Associates County Ground,2,7.3,South Africa,New Zealand,M du Preez,D van Niekerk,AC Kerr,0,0,,,,,,,,,
1126720,2018,2018-06-20,The Cooper Associates County Ground,2,7.4,South Africa,New Zealand,M du Preez,D van Niekerk,AC Kerr,1,0,,,,,,,,,
1126720,2018,2018-06-20,The Cooper Associates County Ground,2,7.5,South Africa,New Zealand,D van Niekerk,M du Preez,AC Kerr,1,0,,,,,,,,,
1126720,2018,2018-06-20,The Cooper Associates County Ground,2,7.6,South Africa,New Zealand,M du Preez,D van Niekerk,AC Kerr,1,0,,,,,,,,,
1126720,2018,2018-06-20,The Cooper Associates County Ground,2,8.1,South Africa,New Zealand,M du Preez,D van Niekerk,LMM Tahuhu,4,0,,,,,,,,,
1126720,2018,2018-06-20,The Cooper Associates County Ground,2,8.2,South Africa,New Zealand,M du Preez,D van Niekerk,LMM Tahuhu,0,0,,,,,,,,,
1126720,2018,2018-06-20,The Cooper Associates County Ground,2,8.3,South Africa,New Zealand,M du Preez,D van Niekerk,LMM Tahuhu,4,0,,,,,,,,,
1126720,2018,2018-06-20,The Cooper Associates County Ground,2,8.4,South Africa,New Zealand,M du Preez,D van Niekerk,LMM Tahuhu,4,0,,,,,,,,,
1126720,2018,2018-06-20,The Cooper Associates County Ground,2,8.5,South Africa,New Zealand,M du Preez,D van Niekerk,LMM Tahuhu,1,0,,,,,,,,,
1126720,2018,2018-06-20,The Cooper Associates County Ground,2,8.6,South Africa,New Zealand,D van Niekerk,M du Preez,LMM Tahuhu,4,0,,,,,,,,,
1126720,2018,2018-06-20,The Cooper Associates County Ground,2,9.1,South Africa,New Zealand,M du Preez,D van Niekerk,AC Kerr,4,0,,,,,,,,,
1126720,2018,2018-06-20,The Cooper Associates County Ground,2,9.2,South Africa,New Zealand,M du Preez,D van Niekerk,AC Kerr,1,0,,,,,,,,,
1126720,2018,2018-06-20,The Cooper Associates County Ground,2,9.3,South Africa,New Zealand,D van Niekerk,M du Preez,AC Kerr,1,0,,,,,,,,,
1126720,2018,2018-06-20,The Cooper Associates County Ground,2,9.4,South Africa,New Zealand,M du Preez,D van Niekerk,AC Kerr,1,0,,,,,,,,,
1126720,2018,2018-06-20,The Cooper Associates County Ground,2,9.5,South Africa,New Zealand,D van Niekerk,M du Preez,AC Kerr,1,0,,,,,,,,,
1126720,2018,2018-06-20,The Cooper Associates County Ground,2,9.6,South Africa,New Zealand,M du Preez,D van Niekerk,AC Kerr,1,0,,,,,,,,,
1126720,2018,2018-06-20,The Cooper Associates County Ground,2,10.1,South Africa,New Zealand,M du Preez,D van Niekerk,SFM Devine,1,0,,,,,,,,,
1126720,2018,2018-06-20,The Cooper Associates County Ground,2,10.2,South Africa,New Zealand,D van Niekerk,M du Preez,SFM Devine,1,0,,,,,,,,,
1126720,2018,2018-06-20,The Cooper Associates County Ground,2,10.3,South Africa,New Zealand,M du Preez,D van Niekerk,SFM Devine,1,0,,,,,,,,,
1126720,2018,2018-06-20,The Cooper Associates County Ground,2,10.4,South Africa,New Zealand,D van Niekerk,M du Preez,SFM Devine,0,0,,,,,,,,,
1126720,2018,2018-06-20,The Cooper Associates County Ground,2,10.5,South Africa,New Zealand,D van Niekerk,M du Preez,SFM Devine,0,0,,,,,,,,,
1126720,2018,2018-06-20,The Cooper Associates County Ground,2,10.6,South Africa,New Zealand,D van Niekerk,M du Preez,SFM Devine,0,0,,,,,,,,,
1126720,2018,2018-06-20,The Cooper Associates County Ground,2,11.1,South Africa,New Zealand,M du Preez,D van Niekerk,LM Kasperek,3,0,,,,,,,,,
1126720,2018,2018-06-20,The Cooper Associates County Ground,2,11.2,South Africa,New Zealand,D van Niekerk,M du Preez,LM Kasperek,4,0,,,,,,,,,
1126720,2018,2018-06-20,The Cooper Associates County Ground,2,11.3,South Africa,New Zealand,D van Niekerk,M du Preez,LM Kasperek,1,0,,,,,,,,,
1126720,2018,2018-06-20,The Cooper Associates County Ground,2,11.4,South Africa,New Zealand,M du Preez,D van Niekerk,LM Kasperek,0,0,,,,,,,,,
1126720,2018,2018-06-20,The Cooper Associates County Ground,2,11.5,South Africa,New Zealand,M du Preez,D van Niekerk,LM Kasperek,1,0,,,,,,,,,
1126720,2018,2018-06-20,The Cooper Associates County Ground,2,11.6,South Africa,New Zealand,D van Niekerk,M du Preez,LM Kasperek,4,0,,,,,,,,,
1126720,2018,2018-06-20,The Cooper Associates County Ground,2,12.1,South Africa,New Zealand,M du Preez,D van Niekerk,SFM Devine,0,0,,,,,,,,,
1126720,2018,2018-06-20,The Cooper Associates County Ground,2,12.2,South Africa,New Zealand,M du Preez,D van Niekerk,SFM Devine,1,0,,,,,,,,,
1126720,2018,2018-06-20,The Cooper Associates County Ground,2,12.3,South Africa,New Zealand,D van Niekerk,M du Preez,SFM Devine,1,0,,,,,,,,,
1126720,2018,2018-06-20,The Cooper Associates County Ground,2,12.4,South Africa,New Zealand,M du Preez,D van Niekerk,SFM Devine,1,0,,,,,,,,,
1126720,2018,2018-06-20,The Cooper Associates County Ground,2,12.5,South Africa,New Zealand,D van Niekerk,M du Preez,SFM Devine,4,0,,,,,,,,,
1126720,2018,2018-06-20,The Cooper Associates County Ground,2,12.6,South Africa,New Zealand,D van Niekerk,M du Preez,SFM Devine,1,0,,,,,,,,,
1126720,2018,2018-06-20,The Cooper Associates County Ground,2,13.1,South Africa,New Zealand,D van Niekerk,M du Preez,HNK Jensen,4,0,,,,,,,,,
1126720,2018,2018-06-20,The Cooper Associates County Ground,2,13.2,South Africa,New Zealand,D van Niekerk,M du Preez,HNK Jensen,1,0,,,,,,,,,
1126720,2018,2018-06-20,The Cooper Associates County Ground,2,13.3,South Africa,New Zealand,M du Preez,D van Niekerk,HNK Jensen,1,0,,,,,,,,,
1126720,2018,2018-06-20,The Cooper Associates County Ground,2,13.4,South Africa,New Zealand,D van Niekerk,M du Preez,HNK Jensen,0,0,,,,,,,,,
1126720,2018,2018-06-20,The Cooper Associates County Ground,2,13.5,South Africa,New Zealand,D van Niekerk,M du Preez,HNK Jensen,1,0,,,,,,,,,
1126720,2018,2018-06-20,The Cooper Associates County Ground,2,13.6,South Africa,New Zealand,M du Preez,D van Niekerk,HNK Jensen,0,0,,,,,,,,,
1126720,2018,2018-06-20,The Cooper Associates County Ground,2,14.1,South Africa,New Zealand,D van Niekerk,M du Preez,HM Rowe,0,0,,,,,,,,,
1126720,2018,2018-06-20,The Cooper Associates County Ground,2,14.2,South Africa,New Zealand,D van Niekerk,M du Preez,HM Rowe,4,0,,,,,,,,,
1126720,2018,2018-06-20,The Cooper Associates County Ground,2,14.3,South Africa,New Zealand,D van Niekerk,M du Preez,HM Rowe,4,0,,,,,,,,,
1126720,2018,2018-06-20,The Cooper Associates County Ground,2,14.4,South Africa,New Zealand,D van Niekerk,M du Preez,HM Rowe,1,0,,,,,,,,,
1126720,2018,2018-06-20,The Cooper Associates County Ground,2,14.5,South Africa,New Zealand,M du Preez,D van Niekerk,HM Rowe,1,0,,,,,,,,,
1126720,2018,2018-06-20,The Cooper Associates County Ground,2,14.6,South Africa,New Zealand,D van Niekerk,M du Preez,HM Rowe,4,0,,,,,,,,,
1126720,2018,2018-06-20,The Cooper Associates County Ground,2,15.1,South Africa,New Zealand,M du Preez,D van Niekerk,AM Peterson,1,0,,,,,,,,,
1126720,2018,2018-06-20,The Cooper Associates County Ground,2,15.2,South Africa,New Zealand,D van Niekerk,M du Preez,AM Peterson,0,0,,,,,,,,,
1126720,2018,2018-06-20,The Cooper Associates County Ground,2,15.3,South Africa,New Zealand,D van Niekerk,M du Preez,AM Peterson,1,0,,,,,,,,,
1126720,2018,2018-06-20,The Cooper Associates County Ground,2,15.4,South Africa,New Zealand,M du Preez,D van Niekerk,AM Peterson,1,0,,,,,,,,,
1126720,2018,2018-06-20,The Cooper Associates County Ground,2,15.5,South Africa,New Zealand,D van Niekerk,M du Preez,AM Peterson,0,0,,,,,,,,,
1126720,2018,2018-06-20,The Cooper Associates County Ground,2,15.6,South Africa,New Zealand,D van Niekerk,M du Preez,AM Peterson,0,0,,,,,,run out,M du Preez,,
1126720,2018,2018-06-20,The Cooper Associates County Ground,2,16.1,South Africa,New Zealand,S Lackay,D van Niekerk,AC Kerr,0,1,,,,1,,,,,
1126720,2018,2018-06-20,The Cooper Associates County Ground,2,16.2,South Africa,New Zealand,D van Niekerk,S Lackay,AC Kerr,0,1,,,,1,,,,,
1126720,2018,2018-06-20,The Cooper Associates County Ground,2,16.3,South Africa,New Zealand,S Lackay,D van Niekerk,AC Kerr,1,0,,,,,,,,,
1126720,2018,2018-06-20,The Cooper Associates County Ground,2,16.4,South Africa,New Zealand,D van Niekerk,S Lackay,AC Kerr,0,1,1,,,,,,,,
1126720,2018,2018-06-20,The Cooper Associates County Ground,2,16.5,South Africa,New Zealand,D van Niekerk,S Lackay,AC Kerr,1,0,,,,,,,,,
1126720,2018,2018-06-20,The Cooper Associates County Ground,2,16.6,South Africa,New Zealand,S Lackay,D van Niekerk,AC Kerr,0,0,,,,,,,,,
1126720,2018,2018-06-20,The Cooper Associates County Ground,2,16.7,South Africa,New Zealand,S Lackay,D van Niekerk,AC Kerr,1,0,,,,,,,,,
1126720,2018,2018-06-20,The Cooper Associates County Ground,2,17.1,South Africa,New Zealand,S Lackay,D van Niekerk,AM Peterson,2,0,,,,,,,,,
1126720,2018,2018-06-20,The Cooper Associates County Ground,2,17.2,South Africa,New Zealand,S Lackay,D van Niekerk,AM Peterson,1,0,,,,,,,,,
1126720,2018,2018-06-20,The Cooper Associates County Ground,2,17.3,South Africa,New Zealand,D van Niekerk,S Lackay,AM Peterson,0,0,,,,,,,,,
1126720,2018,2018-06-20,The Cooper Associates County Ground,2,17.4,South Africa,New Zealand,D van Niekerk,S Lackay,AM Peterson,1,0,,,,,,,,,
1126720,2018,2018-06-20,The Cooper Associates County Ground,2,17.5,South Africa,New Zealand,S Lackay,D van Niekerk,AM Peterson,1,0,,,,,,,,,
1126720,2018,2018-06-20,The Cooper Associates County Ground,2,17.6,South Africa,New Zealand,D van Niekerk,S Lackay,AM Peterson,4,0,,,,,,,,,
1126720,2018,2018-06-20,The Cooper Associates County Ground,2,18.1,South Africa,New Zealand,S Lackay,D van Niekerk,AC Kerr,1,0,,,,,,,,,
1126720,2018,2018-06-20,The Cooper Associates County Ground,2,18.2,South Africa,New Zealand,D van Niekerk,S Lackay,AC Kerr,1,0,,,,,,,,,
1126720,2018,2018-06-20,The Cooper Associates County Ground,2,18.3,South Africa,New Zealand,S Lackay,D van Niekerk,AC Kerr,2,0,,,,,,,,,
1126720,2018,2018-06-20,The Cooper Associates County Ground,2,18.4,South Africa,New Zealand,S Lackay,D van Niekerk,AC Kerr,1,0,,,,,,,,,
1126720,2018,2018-06-20,The Cooper Associates County Ground,2,18.5,South Africa,New Zealand,D van Niekerk,S Lackay,AC Kerr,0,0,,,,,,,,,
1126720,2018,2018-06-20,The Cooper Associates County Ground,2,18.6,South Africa,New Zealand,D van Niekerk,S Lackay,AC Kerr,1,0,,,,,,,,,
1126720,2018,2018-06-20,The Cooper Associates County Ground,2,19.1,South Africa,New Zealand,D van Niekerk,S Lackay,HNK Jensen,0,1,1,,,,,,,,
1126720,2018,2018-06-20,The Cooper Associates County Ground,2,19.2,South Africa,New Zealand,D van Niekerk,S Lackay,HNK Jensen,6,0,,,,,,,,,
1126720,2018,2018-06-20,The Cooper Associates County Ground,2,19.3,South Africa,New Zealand,D van Niekerk,S Lackay,HNK Jensen,1,0,,,,,,,,,
1126720,2018,2018-06-20,The Cooper Associates County Ground,2,19.4,South Africa,New Zealand,S Lackay,D van Niekerk,HNK Jensen,1,0,,,,,,,,,
1126720,2018,2018-06-20,The Cooper Associates County Ground,2,19.5,South Africa,New Zealand,D van Niekerk,S Lackay,HNK Jensen,0,0,,,,,,bowled,D van Niekerk,,
1126720,2018,2018-06-20,The Cooper Associates County Ground,2,19.6,South Africa,New Zealand,M Kapp,S Lackay,HNK Jensen,0,0,,,,,,,,,
1126720,2018,2018-06-20,The Cooper Associates County Ground,2,19.7,South Africa,New Zealand,M Kapp,S Lackay,HNK Jensen,1,0,,,,,,,,,
