match_id,season,start_date,venue,innings,ball,batting_team,bowling_team,striker,non_striker,bowler,runs_off_bat,extras,wides,noballs,byes,legbyes,penalty,wicket_type,player_dismissed,other_wicket_type,other_player_dismissed
1126725,2018,2018-06-28,County Ground,1,0.1,New Zealand,England,SFM Devine,SW Bates,A Shrubsole,0,0,,,,,,,,,
1126725,2018,2018-06-28,County Ground,1,0.2,New Zealand,England,SFM Devine,SW Bates,A Shrubsole,1,0,,,,,,,,,
1126725,2018,2018-06-28,County Ground,1,0.3,New Zealand,England,SW Bates,SFM Devine,A Shrubsole,0,0,,,,,,,,,
1126725,2018,2018-06-28,County Ground,1,0.4,New Zealand,England,SW Bates,SFM Devine,A Shrubsole,0,0,,,,,,,,,
1126725,2018,2018-06-28,County Ground,1,0.5,New Zealand,England,SW Bates,SFM Devine,A Shrubsole,0,0,,,,,,caught,SW Bates,,
1126725,2018,2018-06-28,County Ground,1,0.6,New Zealand,England,SFM Devine,KJ Martin,A Shrubsole,1,0,,,,,,,,,
1126725,2018,2018-06-28,County Ground,1,1.1,New Zealand,England,SFM Devine,KJ Martin,KL George,0,0,,,,,,,,,
1126725,2018,2018-06-28,County Ground,1,1.2,New Zealand,England,SFM Devine,KJ Martin,KL George,0,0,,,,,,,,,
1126725,2018,2018-06-28,County Ground,1,1.3,New Zealand,England,SFM Devine,KJ Martin,KL George,1,0,,,,,,,,,
1126725,2018,2018-06-28,County Ground,1,1.4,New Zealand,England,KJ Martin,SFM Devine,KL George,0,0,,,,,,,,,
1126725,2018,2018-06-28,County Ground,1,1.5,New Zealand,England,KJ Martin,SFM Devine,KL George,1,0,,,,,,,,,
1126725,2018,2018-06-28,County Ground,1,1.6,New Zealand,England,SFM Devine,KJ Martin,KL George,0,0,,,,,,,,,
1126725,2018,2018-06-28,County Ground,1,2.1,New Zealand,England,KJ Martin,SFM Devine,KH Brunt,2,0,,,,,,,,,
1126725,2018,2018-06-28,County Ground,1,2.2,New Zealand,England,KJ Martin,SFM Devine,KH Brunt,0,0,,,,,,,,,
1126725,2018,2018-06-28,County Ground,1,2.3,New Zealand,England,KJ Martin,SFM Devine,KH Brunt,1,0,,,,,,,,,
1126725,2018,2018-06-28,County Ground,1,2.4,New Zealand,England,SFM Devine,KJ Martin,KH Brunt,4,0,,,,,,,,,
1126725,2018,2018-06-28,County Ground,1,2.5,New Zealand,England,SFM Devine,KJ Martin,KH Brunt,0,0,,,,,,,,,
1126725,2018,2018-06-28,County Ground,1,2.6,New Zealand,England,SFM Devine,KJ Martin,KH Brunt,1,0,,,,,,,,,
1126725,2018,2018-06-28,County Ground,1,3.1,New Zealand,England,SFM Devine,KJ Martin,KL George,0,0,,,,,,,,,
1126725,2018,2018-06-28,County Ground,1,3.2,New Zealand,England,SFM Devine,KJ Martin,KL George,0,0,,,,,,,,,
1126725,2018,2018-06-28,County Ground,1,3.3,New Zealand,England,SFM Devine,KJ Martin,KL George,1,0,,,,,,,,,
1126725,2018,2018-06-28,County Ground,1,3.4,New Zealand,England,KJ Martin,SFM Devine,KL George,0,0,,,,,,,,,
1126725,2018,2018-06-28,County Ground,1,3.5,New Zealand,England,KJ Martin,SFM Devine,KL George,4,0,,,,,,,,,
1126725,2018,2018-06-28,County Ground,1,3.6,New Zealand,England,KJ Martin,SFM Devine,KL George,0,0,,,,,,,,,
1126725,2018,2018-06-28,County Ground,1,4.1,New Zealand,England,SFM Devine,KJ Martin,A Shrubsole,4,0,,,,,,,,,
1126725,2018,2018-06-28,County Ground,1,4.2,New Zealand,England,SFM Devine,KJ Martin,A Shrubsole,0,0,,,,,,,,,
1126725,2018,2018-06-28,County Ground,1,4.3,New Zealand,England,SFM Devine,KJ Martin,A Shrubsole,4,0,,,,,,,,,
1126725,2018,2018-06-28,County Ground,1,4.4,New Zealand,England,SFM Devine,KJ Martin,A Shrubsole,0,0,,,,,,,,,
1126725,2018,2018-06-28,County Ground,1,4.5,New Zealand,England,SFM Devine,KJ Martin,A Shrubsole,1,0,,,,,,,,,
1126725,2018,2018-06-28,County Ground,1,4.6,New Zealand,England,KJ Martin,SFM Devine,A Shrubsole,0,0,,,,,,,,,
1126725,2018,2018-06-28,County Ground,1,5.1,New Zealand,England,SFM Devine,KJ Martin,S Ecclestone,1,0,,,,,,,,,
1126725,2018,2018-06-28,County Ground,1,5.2,New Zealand,England,KJ Martin,SFM Devine,S Ecclestone,0,0,,,,,,lbw,KJ Martin,,
1126725,2018,2018-06-28,County Ground,1,5.3,New Zealand,England,AE Satterthwaite,SFM Devine,S Ecclestone,0,0,,,,,,,,,
1126725,2018,2018-06-28,County Ground,1,5.4,New Zealand,England,AE Satterthwaite,SFM Devine,S Ecclestone,4,0,,,,,,,,,
1126725,2018,2018-06-28,County Ground,1,5.5,New Zealand,England,AE Satterthwaite,SFM Devine,S Ecclestone,0,0,,,,,,,,,
1126725,2018,2018-06-28,County Ground,1,5.6,New Zealand,England,AE Satterthwaite,SFM Devine,S Ecclestone,1,0,,,,,,,,,
1126725,2018,2018-06-28,County Ground,1,6.1,New Zealand,England,AE Satterthwaite,SFM Devine,D Hazell,1,0,,,,,,,,,
1126725,2018,2018-06-28,County Ground,1,6.2,New Zealand,England,SFM Devine,AE Satterthwaite,D Hazell,0,0,,,,,,,,,
1126725,2018,2018-06-28,County Ground,1,6.3,New Zealand,England,SFM Devine,AE Satterthwaite,D Hazell,1,0,,,,,,,,,
1126725,2018,2018-06-28,County Ground,1,6.4,New Zealand,England,AE Satterthwaite,SFM Devine,D Hazell,0,0,,,,,,,,,
1126725,2018,2018-06-28,County Ground,1,6.5,New Zealand,England,AE Satterthwaite,SFM Devine,D Hazell,1,0,,,,,,,,,
1126725,2018,2018-06-28,County Ground,1,6.6,New Zealand,England,SFM Devine,AE Satterthwaite,D Hazell,1,0,,,,,,,,,
1126725,2018,2018-06-28,County Ground,1,7.1,New Zealand,England,SFM Devine,AE Satterthwaite,HC Knight,0,0,,,,,,,,,
1126725,2018,2018-06-28,County Ground,1,7.2,New Zealand,England,SFM Devine,AE Satterthwaite,HC Knight,1,0,,,,,,,,,
1126725,2018,2018-06-28,County Ground,1,7.3,New Zealand,England,AE Satterthwaite,SFM Devine,HC Knight,0,0,,,,,,,,,
1126725,2018,2018-06-28,County Ground,1,7.4,New Zealand,England,AE Satterthwaite,SFM Devine,HC Knight,2,0,,,,,,,,,
1126725,2018,2018-06-28,County Ground,1,7.5,New Zealand,England,AE Satterthwaite,SFM Devine,HC Knight,4,0,,,,,,,,,
1126725,2018,2018-06-28,County Ground,1,7.6,New Zealand,England,AE Satterthwaite,SFM Devine,HC Knight,4,0,,,,,,,,,
1126725,2018,2018-06-28,County Ground,1,8.1,New Zealand,England,SFM Devine,AE Satterthwaite,D Hazell,1,0,,,,,,,,,
1126725,2018,2018-06-28,County Ground,1,8.2,New Zealand,England,AE Satterthwaite,SFM Devine,D Hazell,2,0,,,,,,,,,
1126725,2018,2018-06-28,County Ground,1,8.3,New Zealand,England,AE Satterthwaite,SFM Devine,D Hazell,0,0,,,,,,,,,
1126725,2018,2018-06-28,County Ground,1,8.4,New Zealand,England,AE Satterthwaite,SFM Devine,D Hazell,0,0,,,,,,,,,
1126725,2018,2018-06-28,County Ground,1,8.5,New Zealand,England,AE Satterthwaite,SFM Devine,D Hazell,1,0,,,,,,,,,
1126725,2018,2018-06-28,County Ground,1,8.6,New Zealand,England,SFM Devine,AE Satterthwaite,D Hazell,2,0,,,,,,,,,
1126725,2018,2018-06-28,County Ground,1,9.1,New Zealand,England,AE Satterthwaite,SFM Devine,KH Brunt,2,0,,,,,,,,,
1126725,2018,2018-06-28,County Ground,1,9.2,New Zealand,England,AE Satterthwaite,SFM Devine,KH Brunt,4,0,,,,,,,,,
1126725,2018,2018-06-28,County Ground,1,9.3,New Zealand,England,AE Satterthwaite,SFM Devine,KH Brunt,2,0,,,,,,,,,
1126725,2018,2018-06-28,County Ground,1,9.4,New Zealand,England,AE Satterthwaite,SFM Devine,KH Brunt,1,0,,,,,,,,,
1126725,2018,2018-06-28,County Ground,1,9.5,New Zealand,England,SFM Devine,AE Satterthwaite,KH Brunt,0,1,,,,1,,,,,
1126725,2018,2018-06-28,County Ground,1,9.6,New Zealand,England,AE Satterthwaite,SFM Devine,KH Brunt,1,0,,,,,,,,,
1126725,2018,2018-06-28,County Ground,1,10.1,New Zealand,England,AE Satterthwaite,SFM Devine,D Hazell,1,0,,,,,,,,,
1126725,2018,2018-06-28,County Ground,1,10.2,New Zealand,England,SFM Devine,AE Satterthwaite,D Hazell,4,0,,,,,,,,,
1126725,2018,2018-06-28,County Ground,1,10.3,New Zealand,England,SFM Devine,AE Satterthwaite,D Hazell,1,0,,,,,,,,,
1126725,2018,2018-06-28,County Ground,1,10.4,New Zealand,England,AE Satterthwaite,SFM Devine,D Hazell,0,0,,,,,,,,,
1126725,2018,2018-06-28,County Ground,1,10.5,New Zealand,England,AE Satterthwaite,SFM Devine,D Hazell,1,0,,,,,,,,,
1126725,2018,2018-06-28,County Ground,1,10.6,New Zealand,England,SFM Devine,AE Satterthwaite,D Hazell,0,0,,,,,,,,,
1126725,2018,2018-06-28,County Ground,1,11.1,New Zealand,England,AE Satterthwaite,SFM Devine,KL George,0,1,1,,,,,,,,
1126725,2018,2018-06-28,County Ground,1,11.2,New Zealand,England,AE Satterthwaite,SFM Devine,KL George,4,0,,,,,,,,,
1126725,2018,2018-06-28,County Ground,1,11.3,New Zealand,England,AE Satterthwaite,SFM Devine,KL George,1,0,,,,,,,,,
1126725,2018,2018-06-28,County Ground,1,11.4,New Zealand,England,SFM Devine,AE Satterthwaite,KL George,4,0,,,,,,,,,
1126725,2018,2018-06-28,County Ground,1,11.5,New Zealand,England,SFM Devine,AE Satterthwaite,KL George,4,0,,,,,,,,,
1126725,2018,2018-06-28,County Ground,1,11.6,New Zealand,England,SFM Devine,AE Satterthwaite,KL George,1,0,,,,,,,,,
1126725,2018,2018-06-28,County Ground,1,11.7,New Zealand,England,AE Satterthwaite,SFM Devine,KL George,0,0,,,,,,lbw,AE Satterthwaite,,
1126725,2018,2018-06-28,County Ground,1,12.1,New Zealand,England,SFM Devine,ML Green,A Shrubsole,1,0,,,,,,,,,
1126725,2018,2018-06-28,County Ground,1,12.2,New Zealand,England,ML Green,SFM Devine,A Shrubsole,1,0,,,,,,,,,
1126725,2018,2018-06-28,County Ground,1,12.3,New Zealand,England,SFM Devine,ML Green,A Shrubsole,1,0,,,,,,,,,
1126725,2018,2018-06-28,County Ground,1,12.4,New Zealand,England,ML Green,SFM Devine,A Shrubsole,1,0,,,,,,,,,
1126725,2018,2018-06-28,County Ground,1,12.5,New Zealand,England,SFM Devine,ML Green,A Shrubsole,1,0,,,,,,,,,
1126725,2018,2018-06-28,County Ground,1,12.6,New Zealand,England,ML Green,SFM Devine,A Shrubsole,0,0,,,,,,caught,ML Green,,
1126725,2018,2018-06-28,County Ground,1,13.1,New Zealand,England,JM Watkin,SFM Devine,S Ecclestone,0,0,,,,,,,,,
1126725,2018,2018-06-28,County Ground,1,13.2,New Zealand,England,JM Watkin,SFM Devine,S Ecclestone,0,0,,,,,,,,,
1126725,2018,2018-06-28,County Ground,1,13.3,New Zealand,England,JM Watkin,SFM Devine,S Ecclestone,4,0,,,,,,,,,
1126725,2018,2018-06-28,County Ground,1,13.4,New Zealand,England,JM Watkin,SFM Devine,S Ecclestone,4,0,,,,,,,,,
1126725,2018,2018-06-28,County Ground,1,13.5,New Zealand,England,JM Watkin,SFM Devine,S Ecclestone,4,0,,,,,,,,,
1126725,2018,2018-06-28,County Ground,1,13.6,New Zealand,England,JM Watkin,SFM Devine,S Ecclestone,0,0,,,,,,,,,
1126725,2018,2018-06-28,County Ground,1,14.1,New Zealand,England,SFM Devine,JM Watkin,NR Sciver,1,0,,,,,,,,,
1126725,2018,2018-06-28,County Ground,1,14.2,New Zealand,England,JM Watkin,SFM Devine,NR Sciver,2,0,,,,,,,,,
1126725,2018,2018-06-28,County Ground,1,14.3,New Zealand,England,JM Watkin,SFM Devine,NR Sciver,2,0,,,,,,,,,
1126725,2018,2018-06-28,County Ground,1,14.4,New Zealand,England,JM Watkin,SFM Devine,NR Sciver,0,1,1,,,,,stumped,JM Watkin,,
1126725,2018,2018-06-28,County Ground,1,14.5,New Zealand,England,AC Kerr,SFM Devine,NR Sciver,0,0,,,,,,,,,
1126725,2018,2018-06-28,County Ground,1,14.6,New Zealand,England,AC Kerr,SFM Devine,NR Sciver,1,0,,,,,,,,,
1126725,2018,2018-06-28,County Ground,1,14.7,New Zealand,England,SFM Devine,AC Kerr,NR Sciver,4,0,,,,,,,,,
1126725,2018,2018-06-28,County Ground,1,15.1,New Zealand,England,AC Kerr,SFM Devine,D Hazell,4,0,,,,,,,,,
1126725,2018,2018-06-28,County Ground,1,15.2,New Zealand,England,AC Kerr,SFM Devine,D Hazell,0,0,,,,,,,,,
1126725,2018,2018-06-28,County Ground,1,15.3,New Zealand,England,AC Kerr,SFM Devine,D Hazell,0,0,,,,,,lbw,AC Kerr,,
1126725,2018,2018-06-28,County Ground,1,15.4,New Zealand,England,HM Rowe,SFM Devine,D Hazell,0,0,,,,,,,,,
1126725,2018,2018-06-28,County Ground,1,15.5,New Zealand,England,HM Rowe,SFM Devine,D Hazell,0,0,,,,,,,,,
1126725,2018,2018-06-28,County Ground,1,15.6,New Zealand,England,HM Rowe,SFM Devine,D Hazell,0,0,,,,,,lbw,HM Rowe,,
1126725,2018,2018-06-28,County Ground,1,16.1,New Zealand,England,SFM Devine,B Bezuidenhout,S Ecclestone,1,0,,,,,,,,,
1126725,2018,2018-06-28,County Ground,1,16.2,New Zealand,England,B Bezuidenhout,SFM Devine,S Ecclestone,1,0,,,,,,,,,
1126725,2018,2018-06-28,County Ground,1,16.3,New Zealand,England,SFM Devine,B Bezuidenhout,S Ecclestone,1,0,,,,,,,,,
1126725,2018,2018-06-28,County Ground,1,16.4,New Zealand,England,B Bezuidenhout,SFM Devine,S Ecclestone,4,0,,,,,,,,,
1126725,2018,2018-06-28,County Ground,1,16.5,New Zealand,England,B Bezuidenhout,SFM Devine,S Ecclestone,1,0,,,,,,,,,
1126725,2018,2018-06-28,County Ground,1,16.6,New Zealand,England,SFM Devine,B Bezuidenhout,S Ecclestone,1,0,,,,,,,,,
1126725,2018,2018-06-28,County Ground,1,17.1,New Zealand,England,SFM Devine,B Bezuidenhout,KH Brunt,1,0,,,,,,run out,B Bezuidenhout,,
1126725,2018,2018-06-28,County Ground,1,17.2,New Zealand,England,SFM Devine,KE Ebrahim,KH Brunt,0,0,,,,,,,,,
1126725,2018,2018-06-28,County Ground,1,17.3,New Zealand,England,SFM Devine,KE Ebrahim,KH Brunt,1,0,,,,,,,,,
1126725,2018,2018-06-28,County Ground,1,17.4,New Zealand,England,KE Ebrahim,SFM Devine,KH Brunt,0,0,,,,,,,,,
1126725,2018,2018-06-28,County Ground,1,17.5,New Zealand,England,KE Ebrahim,SFM Devine,KH Brunt,0,0,,,,,,bowled,KE Ebrahim,,
1126725,2018,2018-06-28,County Ground,1,17.6,New Zealand,England,HNK Jensen,SFM Devine,KH Brunt,0,0,,,,,,,,,
1126725,2018,2018-06-28,County Ground,1,18.1,New Zealand,England,SFM Devine,HNK Jensen,A Shrubsole,0,0,,,,,,caught,SFM Devine,,
1126725,2018,2018-06-28,County Ground,2,0.1,England,New Zealand,DN Wyatt,TT Beaumont,HM Rowe,1,0,,,,,,,,,
1126725,2018,2018-06-28,County Ground,2,0.2,England,New Zealand,TT Beaumont,DN Wyatt,HM Rowe,0,0,,,,,,,,,
1126725,2018,2018-06-28,County Ground,2,0.3,England,New Zealand,TT Beaumont,DN Wyatt,HM Rowe,0,0,,,,,,,,,
1126725,2018,2018-06-28,County Ground,2,0.4,England,New Zealand,TT Beaumont,DN Wyatt,HM Rowe,1,0,,,,,,,,,
1126725,2018,2018-06-28,County Ground,2,0.5,England,New Zealand,DN Wyatt,TT Beaumont,HM Rowe,1,0,,,,,,,,,
1126725,2018,2018-06-28,County Ground,2,0.6,England,New Zealand,TT Beaumont,DN Wyatt,HM Rowe,0,1,1,,,,,,,,
1126725,2018,2018-06-28,County Ground,2,0.7,England,New Zealand,TT Beaumont,DN Wyatt,HM Rowe,0,1,1,,,,,,,,
1126725,2018,2018-06-28,County Ground,2,0.8,England,New Zealand,TT Beaumont,DN Wyatt,HM Rowe,0,0,,,,,,,,,
1126725,2018,2018-06-28,County Ground,2,1.1,England,New Zealand,DN Wyatt,TT Beaumont,JM Watkin,0,0,,,,,,caught,DN Wyatt,,
1126725,2018,2018-06-28,County Ground,2,1.2,England,New Zealand,SJ Taylor,TT Beaumont,JM Watkin,1,0,,,,,,,,,
1126725,2018,2018-06-28,County Ground,2,1.3,England,New Zealand,TT Beaumont,SJ Taylor,JM Watkin,1,0,,,,,,,,,
1126725,2018,2018-06-28,County Ground,2,1.4,England,New Zealand,SJ Taylor,TT Beaumont,JM Watkin,1,0,,,,,,,,,
1126725,2018,2018-06-28,County Ground,2,1.5,England,New Zealand,TT Beaumont,SJ Taylor,JM Watkin,4,0,,,,,,,,,
1126725,2018,2018-06-28,County Ground,2,1.6,England,New Zealand,TT Beaumont,SJ Taylor,JM Watkin,0,0,,,,,,,,,
1126725,2018,2018-06-28,County Ground,2,2.1,England,New Zealand,SJ Taylor,TT Beaumont,HNK Jensen,4,0,,,,,,,,,
1126725,2018,2018-06-28,County Ground,2,2.2,England,New Zealand,SJ Taylor,TT Beaumont,HNK Jensen,0,0,,,,,,,,,
1126725,2018,2018-06-28,County Ground,2,2.3,England,New Zealand,SJ Taylor,TT Beaumont,HNK Jensen,1,0,,,,,,,,,
1126725,2018,2018-06-28,County Ground,2,2.4,England,New Zealand,TT Beaumont,SJ Taylor,HNK Jensen,0,0,,,,,,,,,
1126725,2018,2018-06-28,County Ground,2,2.5,England,New Zealand,TT Beaumont,SJ Taylor,HNK Jensen,4,0,,,,,,,,,
1126725,2018,2018-06-28,County Ground,2,2.6,England,New Zealand,TT Beaumont,SJ Taylor,HNK Jensen,1,0,,,,,,,,,
1126725,2018,2018-06-28,County Ground,2,3.1,England,New Zealand,TT Beaumont,SJ Taylor,JM Watkin,0,0,,,,,,caught,TT Beaumont,,
1126725,2018,2018-06-28,County Ground,2,3.2,England,New Zealand,SJ Taylor,NR Sciver,JM Watkin,2,0,,,,,,,,,
1126725,2018,2018-06-28,County Ground,2,3.3,England,New Zealand,SJ Taylor,NR Sciver,JM Watkin,1,0,,,,,,,,,
1126725,2018,2018-06-28,County Ground,2,3.4,England,New Zealand,NR Sciver,SJ Taylor,JM Watkin,1,0,,,,,,,,,
1126725,2018,2018-06-28,County Ground,2,3.5,England,New Zealand,SJ Taylor,NR Sciver,JM Watkin,0,0,,,,,,,,,
1126725,2018,2018-06-28,County Ground,2,3.6,England,New Zealand,SJ Taylor,NR Sciver,JM Watkin,1,0,,,,,,,,,
1126725,2018,2018-06-28,County Ground,2,4.1,England,New Zealand,SJ Taylor,NR Sciver,SW Bates,1,0,,,,,,,,,
1126725,2018,2018-06-28,County Ground,2,4.2,England,New Zealand,NR Sciver,SJ Taylor,SW Bates,1,0,,,,,,,,,
1126725,2018,2018-06-28,County Ground,2,4.3,England,New Zealand,SJ Taylor,NR Sciver,SW Bates,0,0,,,,,,,,,
1126725,2018,2018-06-28,County Ground,2,4.4,England,New Zealand,SJ Taylor,NR Sciver,SW Bates,2,0,,,,,,,,,
1126725,2018,2018-06-28,County Ground,2,4.5,England,New Zealand,SJ Taylor,NR Sciver,SW Bates,4,0,,,,,,,,,
1126725,2018,2018-06-28,County Ground,2,4.6,England,New Zealand,SJ Taylor,NR Sciver,SW Bates,0,0,,,,,,,,,
1126725,2018,2018-06-28,County Ground,2,5.1,England,New Zealand,NR Sciver,SJ Taylor,JM Watkin,0,0,,,,,,,,,
1126725,2018,2018-06-28,County Ground,2,5.2,England,New Zealand,NR Sciver,SJ Taylor,JM Watkin,1,0,,,,,,,,,
1126725,2018,2018-06-28,County Ground,2,5.3,England,New Zealand,SJ Taylor,NR Sciver,JM Watkin,1,0,,,,,,,,,
1126725,2018,2018-06-28,County Ground,2,5.4,England,New Zealand,NR Sciver,SJ Taylor,JM Watkin,4,0,,,,,,,,,
1126725,2018,2018-06-28,County Ground,2,5.5,England,New Zealand,NR Sciver,SJ Taylor,JM Watkin,1,0,,,,,,,,,
1126725,2018,2018-06-28,County Ground,2,5.6,England,New Zealand,SJ Taylor,NR Sciver,JM Watkin,1,0,,,,,,,,,
1126725,2018,2018-06-28,County Ground,2,6.1,England,New Zealand,SJ Taylor,NR Sciver,HNK Jensen,1,0,,,,,,,,,
1126725,2018,2018-06-28,County Ground,2,6.2,England,New Zealand,NR Sciver,SJ Taylor,HNK Jensen,1,0,,,,,,,,,
1126725,2018,2018-06-28,County Ground,2,6.3,England,New Zealand,SJ Taylor,NR Sciver,HNK Jensen,0,1,,,1,,,,,,
1126725,2018,2018-06-28,County Ground,2,6.4,England,New Zealand,NR Sciver,SJ Taylor,HNK Jensen,4,0,,,,,,,,,
1126725,2018,2018-06-28,County Ground,2,6.5,England,New Zealand,NR Sciver,SJ Taylor,HNK Jensen,4,0,,,,,,,,,
1126725,2018,2018-06-28,County Ground,2,6.6,England,New Zealand,NR Sciver,SJ Taylor,HNK Jensen,0,0,,,,,,,,,
1126725,2018,2018-06-28,County Ground,2,7.1,England,New Zealand,SJ Taylor,NR Sciver,AC Kerr,1,0,,,,,,,,,
1126725,2018,2018-06-28,County Ground,2,7.2,England,New Zealand,NR Sciver,SJ Taylor,AC Kerr,1,0,,,,,,,,,
1126725,2018,2018-06-28,County Ground,2,7.3,England,New Zealand,SJ Taylor,NR Sciver,AC Kerr,1,0,,,,,,,,,
1126725,2018,2018-06-28,County Ground,2,7.4,England,New Zealand,NR Sciver,SJ Taylor,AC Kerr,2,0,,,,,,,,,
1126725,2018,2018-06-28,County Ground,2,7.5,England,New Zealand,NR Sciver,SJ Taylor,AC Kerr,2,0,,,,,,,,,
1126725,2018,2018-06-28,County Ground,2,7.6,England,New Zealand,NR Sciver,SJ Taylor,AC Kerr,1,0,,,,,,,,,
1126725,2018,2018-06-28,County Ground,2,8.1,England,New Zealand,NR Sciver,SJ Taylor,HM Rowe,1,0,,,,,,,,,
1126725,2018,2018-06-28,County Ground,2,8.2,England,New Zealand,SJ Taylor,NR Sciver,HM Rowe,2,0,,,,,,,,,
1126725,2018,2018-06-28,County Ground,2,8.3,England,New Zealand,SJ Taylor,NR Sciver,HM Rowe,4,0,,,,,,,,,
1126725,2018,2018-06-28,County Ground,2,8.4,England,New Zealand,SJ Taylor,NR Sciver,HM Rowe,1,0,,,,,,,,,
1126725,2018,2018-06-28,County Ground,2,8.5,England,New Zealand,NR Sciver,SJ Taylor,HM Rowe,0,0,,,,,,,,,
1126725,2018,2018-06-28,County Ground,2,8.6,England,New Zealand,NR Sciver,SJ Taylor,HM Rowe,4,0,,,,,,,,,
1126725,2018,2018-06-28,County Ground,2,9.1,England,New Zealand,SJ Taylor,NR Sciver,JM Watkin,0,0,,,,,,,,,
1126725,2018,2018-06-28,County Ground,2,9.2,England,New Zealand,SJ Taylor,NR Sciver,JM Watkin,1,0,,,,,,,,,
1126725,2018,2018-06-28,County Ground,2,9.3,England,New Zealand,NR Sciver,SJ Taylor,JM Watkin,0,0,,,,,,,,,
1126725,2018,2018-06-28,County Ground,2,9.4,England,New Zealand,NR Sciver,SJ Taylor,JM Watkin,1,0,,,,,,,,,
1126725,2018,2018-06-28,County Ground,2,9.5,England,New Zealand,SJ Taylor,NR Sciver,JM Watkin,4,0,,,,,,,,,
1126725,2018,2018-06-28,County Ground,2,9.6,England,New Zealand,SJ Taylor,NR Sciver,JM Watkin,1,0,,,,,,,,,
1126725,2018,2018-06-28,County Ground,2,10.1,England,New Zealand,SJ Taylor,NR Sciver,AC Kerr,4,0,,,,,,,,,
1126725,2018,2018-06-28,County Ground,2,10.2,England,New Zealand,SJ Taylor,NR Sciver,AC Kerr,0,0,,,,,,,,,
1126725,2018,2018-06-28,County Ground,2,10.3,England,New Zealand,SJ Taylor,NR Sciver,AC Kerr,1,0,,,,,,,,,
1126725,2018,2018-06-28,County Ground,2,10.4,England,New Zealand,NR Sciver,SJ Taylor,AC Kerr,0,0,,,,,,,,,
1126725,2018,2018-06-28,County Ground,2,10.5,England,New Zealand,NR Sciver,SJ Taylor,AC Kerr,0,0,,,,,,,,,
1126725,2018,2018-06-28,County Ground,2,10.6,England,New Zealand,NR Sciver,SJ Taylor,AC Kerr,4,0,,,,,,,,,
1126725,2018,2018-06-28,County Ground,2,11.1,England,New Zealand,SJ Taylor,NR Sciver,KE Ebrahim,4,0,,,,,,,,,
1126725,2018,2018-06-28,County Ground,2,11.2,England,New Zealand,SJ Taylor,NR Sciver,KE Ebrahim,0,0,,,,,,,,,
1126725,2018,2018-06-28,County Ground,2,11.3,England,New Zealand,SJ Taylor,NR Sciver,KE Ebrahim,4,0,,,,,,,,,
1126725,2018,2018-06-28,County Ground,2,11.4,England,New Zealand,SJ Taylor,NR Sciver,KE Ebrahim,0,0,,,,,,,,,
1126725,2018,2018-06-28,County Ground,2,11.5,England,New Zealand,SJ Taylor,NR Sciver,KE Ebrahim,1,0,,,,,,,,,
1126725,2018,2018-06-28,County Ground,2,11.6,England,New Zealand,NR Sciver,SJ Taylor,KE Ebrahim,1,0,,,,,,,,,
1126725,2018,2018-06-28,County Ground,2,12.1,England,New Zealand,NR Sciver,SJ Taylor,AC Kerr,1,0,,,,,,,,,
1126725,2018,2018-06-28,County Ground,2,12.2,England,New Zealand,SJ Taylor,NR Sciver,AC Kerr,1,0,,,,,,,,,
1126725,2018,2018-06-28,County Ground,2,12.3,England,New Zealand,NR Sciver,SJ Taylor,AC Kerr,1,0,,,,,,,,,
1126725,2018,2018-06-28,County Ground,2,12.4,England,New Zealand,SJ Taylor,NR Sciver,AC Kerr,0,0,,,,,,stumped,SJ Taylor,,
1126725,2018,2018-06-28,County Ground,2,12.5,England,New Zealand,HC Knight,NR Sciver,AC Kerr,1,0,,,,,,,,,
1126725,2018,2018-06-28,County Ground,2,12.6,England,New Zealand,NR Sciver,HC Knight,AC Kerr,0,0,,,,,,,,,
1126725,2018,2018-06-28,County Ground,2,13.1,England,New Zealand,HC Knight,NR Sciver,SW Bates,0,0,,,,,,,,,
1126725,2018,2018-06-28,County Ground,2,13.2,England,New Zealand,HC Knight,NR Sciver,SW Bates,0,0,,,,,,,,,
1126725,2018,2018-06-28,County Ground,2,13.3,England,New Zealand,HC Knight,NR Sciver,SW Bates,4,0,,,,,,,,,
1126725,2018,2018-06-28,County Ground,2,13.4,England,New Zealand,HC Knight,NR Sciver,SW Bates,4,0,,,,,,,,,
1126725,2018,2018-06-28,County Ground,2,13.5,England,New Zealand,HC Knight,NR Sciver,SW Bates,0,0,,,,,,,,,
1126725,2018,2018-06-28,County Ground,2,13.6,England,New Zealand,HC Knight,NR Sciver,SW Bates,0,0,,,,,,,,,
1126725,2018,2018-06-28,County Ground,2,14.1,England,New Zealand,NR Sciver,HC Knight,AC Kerr,1,0,,,,,,,,,
1126725,2018,2018-06-28,County Ground,2,14.2,England,New Zealand,HC Knight,NR Sciver,AC Kerr,1,0,,,,,,,,,
1126725,2018,2018-06-28,County Ground,2,14.3,England,New Zealand,NR Sciver,HC Knight,AC Kerr,0,0,,,,,,,,,
1126725,2018,2018-06-28,County Ground,2,14.4,England,New Zealand,NR Sciver,HC Knight,AC Kerr,1,0,,,,,,,,,
1126725,2018,2018-06-28,County Ground,2,14.5,England,New Zealand,HC Knight,NR Sciver,AC Kerr,1,0,,,,,,,,,
1126725,2018,2018-06-28,County Ground,2,14.6,England,New Zealand,NR Sciver,HC Knight,AC Kerr,0,0,,,,,,,,,
1126725,2018,2018-06-28,County Ground,2,15.1,England,New Zealand,HC Knight,NR Sciver,HNK Jensen,4,0,,,,,,,,,
1126725,2018,2018-06-28,County Ground,2,15.2,England,New Zealand,HC Knight,NR Sciver,HNK Jensen,4,0,,,,,,,,,
1126725,2018,2018-06-28,County Ground,2,15.3,England,New Zealand,HC Knight,NR Sciver,HNK Jensen,4,0,,,,,,,,,
1126725,2018,2018-06-28,County Ground,2,15.4,England,New Zealand,HC Knight,NR Sciver,HNK Jensen,1,0,,,,,,,,,
1126725,2018,2018-06-28,County Ground,2,15.5,England,New Zealand,NR Sciver,HC Knight,HNK Jensen,1,0,,,,,,,,,
