match_id,season,start_date,venue,innings,ball,batting_team,bowling_team,striker,non_striker,bowler,runs_off_bat,extras,wides,noballs,byes,legbyes,penalty,wicket_type,player_dismissed,other_wicket_type,other_player_dismissed
1130747,2017/18,2018-02-18,Sylhet International Cricket Stadium,1,0.1,Sri Lanka,Bangladesh,MD Gunathilaka,BKG Mendis,Abu Jayed,1,0,,,,,,,,,
1130747,2017/18,2018-02-18,Sylhet International Cricket Stadium,1,0.2,Sri Lanka,Bangladesh,BKG Mendis,MD Gunathilaka,Abu Jayed,4,0,,,,,,,,,
1130747,2017/18,2018-02-18,Sylhet International Cricket Stadium,1,0.3,Sri Lanka,Bangladesh,BKG Mendis,MD Gunathilaka,Abu Jayed,0,1,1,,,,,,,,
1130747,2017/18,2018-02-18,Sylhet International Cricket Stadium,1,0.4,Sri Lanka,Bangladesh,BKG Mendis,MD Gunathilaka,Abu Jayed,0,0,,,,,,,,,
1130747,2017/18,2018-02-18,Sylhet International Cricket Stadium,1,0.5,Sri Lanka,Bangladesh,BKG Mendis,MD Gunathilaka,Abu Jayed,4,0,,,,,,,,,
1130747,2017/18,2018-02-18,Sylhet International Cricket Stadium,1,0.6,Sri Lanka,Bangladesh,BKG Mendis,MD Gunathilaka,Abu Jayed,0,0,,,,,,,,,
1130747,2017/18,2018-02-18,Sylhet International Cricket Stadium,1,0.7,Sri Lanka,Bangladesh,BKG Mendis,MD Gunathilaka,Abu Jayed,0,1,1,,,,,,,,
1130747,2017/18,2018-02-18,Sylhet International Cricket Stadium,1,0.8,Sri Lanka,Bangladesh,BKG Mendis,MD Gunathilaka,Abu Jayed,1,0,,,,,,,,,
1130747,2017/18,2018-02-18,Sylhet International Cricket Stadium,1,1.1,Sri Lanka,Bangladesh,BKG Mendis,MD Gunathilaka,Nazmul Islam,1,0,,,,,,,,,
1130747,2017/18,2018-02-18,Sylhet International Cricket Stadium,1,1.2,Sri Lanka,Bangladesh,MD Gunathilaka,BKG Mendis,Nazmul Islam,0,0,,,,,,,,,
1130747,2017/18,2018-02-18,Sylhet International Cricket Stadium,1,1.3,Sri Lanka,Bangladesh,MD Gunathilaka,BKG Mendis,Nazmul Islam,0,0,,,,,,,,,
1130747,2017/18,2018-02-18,Sylhet International Cricket Stadium,1,1.4,Sri Lanka,Bangladesh,MD Gunathilaka,BKG Mendis,Nazmul Islam,0,0,,,,,,,,,
1130747,2017/18,2018-02-18,Sylhet International Cricket Stadium,1,1.5,Sri Lanka,Bangladesh,MD Gunathilaka,BKG Mendis,Nazmul Islam,0,1,1,,,,,,,,
1130747,2017/18,2018-02-18,Sylhet International Cricket Stadium,1,1.6,Sri Lanka,Bangladesh,MD Gunathilaka,BKG Mendis,Nazmul Islam,1,0,,,,,,,,,
1130747,2017/18,2018-02-18,Sylhet International Cricket Stadium,1,1.7,Sri Lanka,Bangladesh,BKG Mendis,MD Gunathilaka,Nazmul Islam,0,0,,,,,,,,,
1130747,2017/18,2018-02-18,Sylhet International Cricket Stadium,1,2.1,Sri Lanka,Bangladesh,MD Gunathilaka,BKG Mendis,Mahedi Hasan,1,0,,,,,,,,,
1130747,2017/18,2018-02-18,Sylhet International Cricket Stadium,1,2.2,Sri Lanka,Bangladesh,BKG Mendis,MD Gunathilaka,Mahedi Hasan,2,0,,,,,,,,,
1130747,2017/18,2018-02-18,Sylhet International Cricket Stadium,1,2.3,Sri Lanka,Bangladesh,BKG Mendis,MD Gunathilaka,Mahedi Hasan,1,0,,,,,,,,,
1130747,2017/18,2018-02-18,Sylhet International Cricket Stadium,1,2.4,Sri Lanka,Bangladesh,MD Gunathilaka,BKG Mendis,Mahedi Hasan,0,0,,,,,,,,,
1130747,2017/18,2018-02-18,Sylhet International Cricket Stadium,1,2.5,Sri Lanka,Bangladesh,MD Gunathilaka,BKG Mendis,Mahedi Hasan,6,0,,,,,,,,,
1130747,2017/18,2018-02-18,Sylhet International Cricket Stadium,1,2.6,Sri Lanka,Bangladesh,MD Gunathilaka,BKG Mendis,Mahedi Hasan,0,0,,,,,,,,,
1130747,2017/18,2018-02-18,Sylhet International Cricket Stadium,1,3.1,Sri Lanka,Bangladesh,BKG Mendis,MD Gunathilaka,Nazmul Islam,0,0,,,,,,,,,
1130747,2017/18,2018-02-18,Sylhet International Cricket Stadium,1,3.2,Sri Lanka,Bangladesh,BKG Mendis,MD Gunathilaka,Nazmul Islam,0,0,,,,,,,,,
1130747,2017/18,2018-02-18,Sylhet International Cricket Stadium,1,3.3,Sri Lanka,Bangladesh,BKG Mendis,MD Gunathilaka,Nazmul Islam,6,0,,,,,,,,,
1130747,2017/18,2018-02-18,Sylhet International Cricket Stadium,1,3.4,Sri Lanka,Bangladesh,BKG Mendis,MD Gunathilaka,Nazmul Islam,1,0,,,,,,,,,
1130747,2017/18,2018-02-18,Sylhet International Cricket Stadium,1,3.5,Sri Lanka,Bangladesh,MD Gunathilaka,BKG Mendis,Nazmul Islam,6,0,,,,,,,,,
1130747,2017/18,2018-02-18,Sylhet International Cricket Stadium,1,3.6,Sri Lanka,Bangladesh,MD Gunathilaka,BKG Mendis,Nazmul Islam,1,0,,,,,,,,,
1130747,2017/18,2018-02-18,Sylhet International Cricket Stadium,1,4.1,Sri Lanka,Bangladesh,MD Gunathilaka,BKG Mendis,Mustafizur Rahman,4,0,,,,,,,,,
1130747,2017/18,2018-02-18,Sylhet International Cricket Stadium,1,4.2,Sri Lanka,Bangladesh,MD Gunathilaka,BKG Mendis,Mustafizur Rahman,1,0,,,,,,,,,
1130747,2017/18,2018-02-18,Sylhet International Cricket Stadium,1,4.3,Sri Lanka,Bangladesh,BKG Mendis,MD Gunathilaka,Mustafizur Rahman,1,0,,,,,,,,,
1130747,2017/18,2018-02-18,Sylhet International Cricket Stadium,1,4.4,Sri Lanka,Bangladesh,MD Gunathilaka,BKG Mendis,Mustafizur Rahman,1,0,,,,,,,,,
1130747,2017/18,2018-02-18,Sylhet International Cricket Stadium,1,4.5,Sri Lanka,Bangladesh,BKG Mendis,MD Gunathilaka,Mustafizur Rahman,1,0,,,,,,,,,
1130747,2017/18,2018-02-18,Sylhet International Cricket Stadium,1,4.6,Sri Lanka,Bangladesh,MD Gunathilaka,BKG Mendis,Mustafizur Rahman,0,0,,,,,,,,,
1130747,2017/18,2018-02-18,Sylhet International Cricket Stadium,1,5.1,Sri Lanka,Bangladesh,BKG Mendis,MD Gunathilaka,Mahedi Hasan,4,0,,,,,,,,,
1130747,2017/18,2018-02-18,Sylhet International Cricket Stadium,1,5.2,Sri Lanka,Bangladesh,BKG Mendis,MD Gunathilaka,Mahedi Hasan,4,0,,,,,,,,,
1130747,2017/18,2018-02-18,Sylhet International Cricket Stadium,1,5.3,Sri Lanka,Bangladesh,BKG Mendis,MD Gunathilaka,Mahedi Hasan,0,1,,,,1,,,,,
1130747,2017/18,2018-02-18,Sylhet International Cricket Stadium,1,5.4,Sri Lanka,Bangladesh,MD Gunathilaka,BKG Mendis,Mahedi Hasan,0,0,,,,,,,,,
1130747,2017/18,2018-02-18,Sylhet International Cricket Stadium,1,5.5,Sri Lanka,Bangladesh,MD Gunathilaka,BKG Mendis,Mahedi Hasan,1,0,,,,,,,,,
1130747,2017/18,2018-02-18,Sylhet International Cricket Stadium,1,5.6,Sri Lanka,Bangladesh,BKG Mendis,MD Gunathilaka,Mahedi Hasan,6,0,,,,,,,,,
1130747,2017/18,2018-02-18,Sylhet International Cricket Stadium,1,6.1,Sri Lanka,Bangladesh,MD Gunathilaka,BKG Mendis,Mohammad Saifuddin,0,0,,,,,,,,,
1130747,2017/18,2018-02-18,Sylhet International Cricket Stadium,1,6.2,Sri Lanka,Bangladesh,MD Gunathilaka,BKG Mendis,Mohammad Saifuddin,4,0,,,,,,,,,
1130747,2017/18,2018-02-18,Sylhet International Cricket Stadium,1,6.3,Sri Lanka,Bangladesh,MD Gunathilaka,BKG Mendis,Mohammad Saifuddin,1,0,,,,,,,,,
1130747,2017/18,2018-02-18,Sylhet International Cricket Stadium,1,6.4,Sri Lanka,Bangladesh,BKG Mendis,MD Gunathilaka,Mohammad Saifuddin,2,0,,,,,,,,,
1130747,2017/18,2018-02-18,Sylhet International Cricket Stadium,1,6.5,Sri Lanka,Bangladesh,BKG Mendis,MD Gunathilaka,Mohammad Saifuddin,1,0,,,,,,,,,
1130747,2017/18,2018-02-18,Sylhet International Cricket Stadium,1,6.6,Sri Lanka,Bangladesh,MD Gunathilaka,BKG Mendis,Mohammad Saifuddin,2,0,,,,,,,,,
1130747,2017/18,2018-02-18,Sylhet International Cricket Stadium,1,7.1,Sri Lanka,Bangladesh,BKG Mendis,MD Gunathilaka,Nazmul Islam,1,0,,,,,,,,,
1130747,2017/18,2018-02-18,Sylhet International Cricket Stadium,1,7.2,Sri Lanka,Bangladesh,MD Gunathilaka,BKG Mendis,Nazmul Islam,1,0,,,,,,,,,
1130747,2017/18,2018-02-18,Sylhet International Cricket Stadium,1,7.3,Sri Lanka,Bangladesh,BKG Mendis,MD Gunathilaka,Nazmul Islam,0,0,,,,,,,,,
1130747,2017/18,2018-02-18,Sylhet International Cricket Stadium,1,7.4,Sri Lanka,Bangladesh,BKG Mendis,MD Gunathilaka,Nazmul Islam,1,0,,,,,,,,,
1130747,2017/18,2018-02-18,Sylhet International Cricket Stadium,1,7.5,Sri Lanka,Bangladesh,MD Gunathilaka,BKG Mendis,Nazmul Islam,1,0,,,,,,,,,
1130747,2017/18,2018-02-18,Sylhet International Cricket Stadium,1,7.6,Sri Lanka,Bangladesh,BKG Mendis,MD Gunathilaka,Nazmul Islam,2,0,,,,,,,,,
1130747,2017/18,2018-02-18,Sylhet International Cricket Stadium,1,8.1,Sri Lanka,Bangladesh,MD Gunathilaka,BKG Mendis,Abu Jayed,0,1,,,,1,,,,,
1130747,2017/18,2018-02-18,Sylhet International Cricket Stadium,1,8.2,Sri Lanka,Bangladesh,BKG Mendis,MD Gunathilaka,Abu Jayed,4,0,,,,,,,,,
1130747,2017/18,2018-02-18,Sylhet International Cricket Stadium,1,8.3,Sri Lanka,Bangladesh,BKG Mendis,MD Gunathilaka,Abu Jayed,1,0,,,,,,,,,
1130747,2017/18,2018-02-18,Sylhet International Cricket Stadium,1,8.4,Sri Lanka,Bangladesh,MD Gunathilaka,BKG Mendis,Abu Jayed,0,0,,,,,,,,,
1130747,2017/18,2018-02-18,Sylhet International Cricket Stadium,1,8.5,Sri Lanka,Bangladesh,MD Gunathilaka,BKG Mendis,Abu Jayed,0,0,,,,,,,,,
1130747,2017/18,2018-02-18,Sylhet International Cricket Stadium,1,8.6,Sri Lanka,Bangladesh,MD Gunathilaka,BKG Mendis,Abu Jayed,1,0,,,,,,,,,
1130747,2017/18,2018-02-18,Sylhet International Cricket Stadium,1,9.1,Sri Lanka,Bangladesh,MD Gunathilaka,BKG Mendis,Nazmul Islam,2,0,,,,,,,,,
1130747,2017/18,2018-02-18,Sylhet International Cricket Stadium,1,9.2,Sri Lanka,Bangladesh,MD Gunathilaka,BKG Mendis,Nazmul Islam,0,0,,,,,,,,,
1130747,2017/18,2018-02-18,Sylhet International Cricket Stadium,1,9.3,Sri Lanka,Bangladesh,MD Gunathilaka,BKG Mendis,Nazmul Islam,1,0,,,,,,,,,
1130747,2017/18,2018-02-18,Sylhet International Cricket Stadium,1,9.4,Sri Lanka,Bangladesh,BKG Mendis,MD Gunathilaka,Nazmul Islam,1,0,,,,,,,,,
1130747,2017/18,2018-02-18,Sylhet International Cricket Stadium,1,9.5,Sri Lanka,Bangladesh,MD Gunathilaka,BKG Mendis,Nazmul Islam,0,0,,,,,,,,,
1130747,2017/18,2018-02-18,Sylhet International Cricket Stadium,1,9.6,Sri Lanka,Bangladesh,MD Gunathilaka,BKG Mendis,Nazmul Islam,1,0,,,,,,,,,
1130747,2017/18,2018-02-18,Sylhet International Cricket Stadium,1,10.1,Sri Lanka,Bangladesh,MD Gunathilaka,BKG Mendis,Soumya Sarkar,1,0,,,,,,,,,
1130747,2017/18,2018-02-18,Sylhet International Cricket Stadium,1,10.2,Sri Lanka,Bangladesh,BKG Mendis,MD Gunathilaka,Soumya Sarkar,1,0,,,,,,,,,
1130747,2017/18,2018-02-18,Sylhet International Cricket Stadium,1,10.3,Sri Lanka,Bangladesh,MD Gunathilaka,BKG Mendis,Soumya Sarkar,4,0,,,,,,,,,
1130747,2017/18,2018-02-18,Sylhet International Cricket Stadium,1,10.4,Sri Lanka,Bangladesh,MD Gunathilaka,BKG Mendis,Soumya Sarkar,0,0,,,,,,,,,
1130747,2017/18,2018-02-18,Sylhet International Cricket Stadium,1,10.5,Sri Lanka,Bangladesh,MD Gunathilaka,BKG Mendis,Soumya Sarkar,0,1,1,,,,,,,,
1130747,2017/18,2018-02-18,Sylhet International Cricket Stadium,1,10.6,Sri Lanka,Bangladesh,MD Gunathilaka,BKG Mendis,Soumya Sarkar,0,0,,,,,,,,,
1130747,2017/18,2018-02-18,Sylhet International Cricket Stadium,1,10.7,Sri Lanka,Bangladesh,MD Gunathilaka,BKG Mendis,Soumya Sarkar,0,0,,,,,,caught,MD Gunathilaka,,
1130747,2017/18,2018-02-18,Sylhet International Cricket Stadium,1,11.1,Sri Lanka,Bangladesh,NLTC Perera,BKG Mendis,Mohammad Saifuddin,1,0,,,,,,,,,
1130747,2017/18,2018-02-18,Sylhet International Cricket Stadium,1,11.2,Sri Lanka,Bangladesh,BKG Mendis,NLTC Perera,Mohammad Saifuddin,4,0,,,,,,,,,
1130747,2017/18,2018-02-18,Sylhet International Cricket Stadium,1,11.3,Sri Lanka,Bangladesh,BKG Mendis,NLTC Perera,Mohammad Saifuddin,2,0,,,,,,,,,
1130747,2017/18,2018-02-18,Sylhet International Cricket Stadium,1,11.4,Sri Lanka,Bangladesh,BKG Mendis,NLTC Perera,Mohammad Saifuddin,1,0,,,,,,,,,
1130747,2017/18,2018-02-18,Sylhet International Cricket Stadium,1,11.5,Sri Lanka,Bangladesh,NLTC Perera,BKG Mendis,Mohammad Saifuddin,1,0,,,,,,,,,
1130747,2017/18,2018-02-18,Sylhet International Cricket Stadium,1,11.6,Sri Lanka,Bangladesh,BKG Mendis,NLTC Perera,Mohammad Saifuddin,1,0,,,,,,,,,
1130747,2017/18,2018-02-18,Sylhet International Cricket Stadium,1,12.1,Sri Lanka,Bangladesh,BKG Mendis,NLTC Perera,Mustafizur Rahman,1,0,,,,,,,,,
1130747,2017/18,2018-02-18,Sylhet International Cricket Stadium,1,12.2,Sri Lanka,Bangladesh,NLTC Perera,BKG Mendis,Mustafizur Rahman,0,0,,,,,,,,,
1130747,2017/18,2018-02-18,Sylhet International Cricket Stadium,1,12.3,Sri Lanka,Bangladesh,NLTC Perera,BKG Mendis,Mustafizur Rahman,1,0,,,,,,,,,
1130747,2017/18,2018-02-18,Sylhet International Cricket Stadium,1,12.4,Sri Lanka,Bangladesh,BKG Mendis,NLTC Perera,Mustafizur Rahman,1,0,,,,,,,,,
1130747,2017/18,2018-02-18,Sylhet International Cricket Stadium,1,12.5,Sri Lanka,Bangladesh,NLTC Perera,BKG Mendis,Mustafizur Rahman,2,1,,1,,,,,,,
1130747,2017/18,2018-02-18,Sylhet International Cricket Stadium,1,12.6,Sri Lanka,Bangladesh,NLTC Perera,BKG Mendis,Mustafizur Rahman,4,0,,,,,,,,,
1130747,2017/18,2018-02-18,Sylhet International Cricket Stadium,1,12.7,Sri Lanka,Bangladesh,NLTC Perera,BKG Mendis,Mustafizur Rahman,1,0,,,,,,,,,
1130747,2017/18,2018-02-18,Sylhet International Cricket Stadium,1,13.1,Sri Lanka,Bangladesh,NLTC Perera,BKG Mendis,Soumya Sarkar,4,0,,,,,,,,,
1130747,2017/18,2018-02-18,Sylhet International Cricket Stadium,1,13.2,Sri Lanka,Bangladesh,NLTC Perera,BKG Mendis,Soumya Sarkar,1,0,,,,,,,,,
1130747,2017/18,2018-02-18,Sylhet International Cricket Stadium,1,13.3,Sri Lanka,Bangladesh,BKG Mendis,NLTC Perera,Soumya Sarkar,1,0,,,,,,,,,
1130747,2017/18,2018-02-18,Sylhet International Cricket Stadium,1,13.4,Sri Lanka,Bangladesh,NLTC Perera,BKG Mendis,Soumya Sarkar,6,0,,,,,,,,,
1130747,2017/18,2018-02-18,Sylhet International Cricket Stadium,1,13.5,Sri Lanka,Bangladesh,NLTC Perera,BKG Mendis,Soumya Sarkar,2,0,,,,,,,,,
1130747,2017/18,2018-02-18,Sylhet International Cricket Stadium,1,13.6,Sri Lanka,Bangladesh,NLTC Perera,BKG Mendis,Soumya Sarkar,4,0,,,,,,,,,
1130747,2017/18,2018-02-18,Sylhet International Cricket Stadium,1,14.1,Sri Lanka,Bangladesh,BKG Mendis,NLTC Perera,Mohammad Saifuddin,6,0,,,,,,,,,
1130747,2017/18,2018-02-18,Sylhet International Cricket Stadium,1,14.2,Sri Lanka,Bangladesh,BKG Mendis,NLTC Perera,Mohammad Saifuddin,1,0,,,,,,,,,
1130747,2017/18,2018-02-18,Sylhet International Cricket Stadium,1,14.3,Sri Lanka,Bangladesh,NLTC Perera,BKG Mendis,Mohammad Saifuddin,2,0,,,,,,,,,
1130747,2017/18,2018-02-18,Sylhet International Cricket Stadium,1,14.4,Sri Lanka,Bangladesh,NLTC Perera,BKG Mendis,Mohammad Saifuddin,0,0,,,,,,,,,
1130747,2017/18,2018-02-18,Sylhet International Cricket Stadium,1,14.5,Sri Lanka,Bangladesh,NLTC Perera,BKG Mendis,Mohammad Saifuddin,1,0,,,,,,,,,
1130747,2017/18,2018-02-18,Sylhet International Cricket Stadium,1,14.6,Sri Lanka,Bangladesh,BKG Mendis,NLTC Perera,Mohammad Saifuddin,0,0,,,,,,,,,
1130747,2017/18,2018-02-18,Sylhet International Cricket Stadium,1,15.1,Sri Lanka,Bangladesh,NLTC Perera,BKG Mendis,Abu Jayed,1,0,,,,,,,,,
1130747,2017/18,2018-02-18,Sylhet International Cricket Stadium,1,15.2,Sri Lanka,Bangladesh,BKG Mendis,NLTC Perera,Abu Jayed,1,0,,,,,,,,,
1130747,2017/18,2018-02-18,Sylhet International Cricket Stadium,1,15.3,Sri Lanka,Bangladesh,NLTC Perera,BKG Mendis,Abu Jayed,0,0,,,,,,caught,NLTC Perera,,
1130747,2017/18,2018-02-18,Sylhet International Cricket Stadium,1,15.4,Sri Lanka,Bangladesh,WU Tharanga,BKG Mendis,Abu Jayed,4,0,,,,,,,,,
1130747,2017/18,2018-02-18,Sylhet International Cricket Stadium,1,15.5,Sri Lanka,Bangladesh,WU Tharanga,BKG Mendis,Abu Jayed,0,1,1,,,,,,,,
1130747,2017/18,2018-02-18,Sylhet International Cricket Stadium,1,15.6,Sri Lanka,Bangladesh,WU Tharanga,BKG Mendis,Abu Jayed,0,0,,,,,,,,,
1130747,2017/18,2018-02-18,Sylhet International Cricket Stadium,1,15.7,Sri Lanka,Bangladesh,WU Tharanga,BKG Mendis,Abu Jayed,4,0,,,,,,,,,
1130747,2017/18,2018-02-18,Sylhet International Cricket Stadium,1,16.1,Sri Lanka,Bangladesh,BKG Mendis,WU Tharanga,Mustafizur Rahman,1,0,,,,,,,,,
1130747,2017/18,2018-02-18,Sylhet International Cricket Stadium,1,16.2,Sri Lanka,Bangladesh,WU Tharanga,BKG Mendis,Mustafizur Rahman,1,0,,,,,,,,,
1130747,2017/18,2018-02-18,Sylhet International Cricket Stadium,1,16.3,Sri Lanka,Bangladesh,BKG Mendis,WU Tharanga,Mustafizur Rahman,0,0,,,,,,caught,BKG Mendis,,
1130747,2017/18,2018-02-18,Sylhet International Cricket Stadium,1,16.4,Sri Lanka,Bangladesh,WU Tharanga,MD Shanaka,Mustafizur Rahman,0,0,,,,,,,,,
1130747,2017/18,2018-02-18,Sylhet International Cricket Stadium,1,16.5,Sri Lanka,Bangladesh,WU Tharanga,MD Shanaka,Mustafizur Rahman,0,0,,,,,,,,,
1130747,2017/18,2018-02-18,Sylhet International Cricket Stadium,1,16.6,Sri Lanka,Bangladesh,WU Tharanga,MD Shanaka,Mustafizur Rahman,1,0,,,,,,,,,
1130747,2017/18,2018-02-18,Sylhet International Cricket Stadium,1,17.1,Sri Lanka,Bangladesh,WU Tharanga,MD Shanaka,Abu Jayed,1,0,,,,,,,,,
1130747,2017/18,2018-02-18,Sylhet International Cricket Stadium,1,17.2,Sri Lanka,Bangladesh,MD Shanaka,WU Tharanga,Abu Jayed,1,0,,,,,,,,,
1130747,2017/18,2018-02-18,Sylhet International Cricket Stadium,1,17.3,Sri Lanka,Bangladesh,WU Tharanga,MD Shanaka,Abu Jayed,6,0,,,,,,,,,
1130747,2017/18,2018-02-18,Sylhet International Cricket Stadium,1,17.4,Sri Lanka,Bangladesh,WU Tharanga,MD Shanaka,Abu Jayed,4,0,,,,,,,,,
1130747,2017/18,2018-02-18,Sylhet International Cricket Stadium,1,17.5,Sri Lanka,Bangladesh,WU Tharanga,MD Shanaka,Abu Jayed,4,0,,,,,,,,,
1130747,2017/18,2018-02-18,Sylhet International Cricket Stadium,1,17.6,Sri Lanka,Bangladesh,WU Tharanga,MD Shanaka,Abu Jayed,0,0,,,,,,,,,
1130747,2017/18,2018-02-18,Sylhet International Cricket Stadium,1,18.1,Sri Lanka,Bangladesh,MD Shanaka,WU Tharanga,Mustafizur Rahman,4,0,,,,,,,,,
1130747,2017/18,2018-02-18,Sylhet International Cricket Stadium,1,18.2,Sri Lanka,Bangladesh,MD Shanaka,WU Tharanga,Mustafizur Rahman,0,0,,,,,,,,,
1130747,2017/18,2018-02-18,Sylhet International Cricket Stadium,1,18.3,Sri Lanka,Bangladesh,MD Shanaka,WU Tharanga,Mustafizur Rahman,4,0,,,,,,,,,
1130747,2017/18,2018-02-18,Sylhet International Cricket Stadium,1,18.4,Sri Lanka,Bangladesh,MD Shanaka,WU Tharanga,Mustafizur Rahman,4,0,,,,,,,,,
1130747,2017/18,2018-02-18,Sylhet International Cricket Stadium,1,18.5,Sri Lanka,Bangladesh,MD Shanaka,WU Tharanga,Mustafizur Rahman,4,0,,,,,,,,,
1130747,2017/18,2018-02-18,Sylhet International Cricket Stadium,1,18.6,Sri Lanka,Bangladesh,MD Shanaka,WU Tharanga,Mustafizur Rahman,1,0,,,,,,,,,
1130747,2017/18,2018-02-18,Sylhet International Cricket Stadium,1,19.1,Sri Lanka,Bangladesh,MD Shanaka,WU Tharanga,Mohammad Saifuddin,4,0,,,,,,,,,
1130747,2017/18,2018-02-18,Sylhet International Cricket Stadium,1,19.2,Sri Lanka,Bangladesh,MD Shanaka,WU Tharanga,Mohammad Saifuddin,6,0,,,,,,,,,
1130747,2017/18,2018-02-18,Sylhet International Cricket Stadium,1,19.3,Sri Lanka,Bangladesh,MD Shanaka,WU Tharanga,Mohammad Saifuddin,1,0,,,,,,,,,
1130747,2017/18,2018-02-18,Sylhet International Cricket Stadium,1,19.4,Sri Lanka,Bangladesh,WU Tharanga,MD Shanaka,Mohammad Saifuddin,0,0,,,,,,caught,WU Tharanga,,
1130747,2017/18,2018-02-18,Sylhet International Cricket Stadium,1,19.5,Sri Lanka,Bangladesh,MD Shanaka,LD Chandimal,Mohammad Saifuddin,0,1,1,,,,,,,,
1130747,2017/18,2018-02-18,Sylhet International Cricket Stadium,1,19.6,Sri Lanka,Bangladesh,MD Shanaka,LD Chandimal,Mohammad Saifuddin,0,1,1,,,,,,,,
1130747,2017/18,2018-02-18,Sylhet International Cricket Stadium,1,19.7,Sri Lanka,Bangladesh,MD Shanaka,LD Chandimal,Mohammad Saifuddin,1,0,,,,,,,,,
1130747,2017/18,2018-02-18,Sylhet International Cricket Stadium,1,19.8,Sri Lanka,Bangladesh,LD Chandimal,MD Shanaka,Mohammad Saifuddin,2,0,,,,,,,,,
1130747,2017/18,2018-02-18,Sylhet International Cricket Stadium,2,0.1,Bangladesh,Sri Lanka,Tamim Iqbal,Soumya Sarkar,DSK Madushanka,0,0,,,,,,,,,
1130747,2017/18,2018-02-18,Sylhet International Cricket Stadium,2,0.2,Bangladesh,Sri Lanka,Tamim Iqbal,Soumya Sarkar,DSK Madushanka,6,0,,,,,,,,,
1130747,2017/18,2018-02-18,Sylhet International Cricket Stadium,2,0.3,Bangladesh,Sri Lanka,Tamim Iqbal,Soumya Sarkar,DSK Madushanka,0,0,,,,,,,,,
1130747,2017/18,2018-02-18,Sylhet International Cricket Stadium,2,0.4,Bangladesh,Sri Lanka,Tamim Iqbal,Soumya Sarkar,DSK Madushanka,2,0,,,,,,,,,
1130747,2017/18,2018-02-18,Sylhet International Cricket Stadium,2,0.5,Bangladesh,Sri Lanka,Tamim Iqbal,Soumya Sarkar,DSK Madushanka,0,0,,,,,,,,,
1130747,2017/18,2018-02-18,Sylhet International Cricket Stadium,2,0.6,Bangladesh,Sri Lanka,Tamim Iqbal,Soumya Sarkar,DSK Madushanka,0,0,,,,,,,,,
1130747,2017/18,2018-02-18,Sylhet International Cricket Stadium,2,1.1,Bangladesh,Sri Lanka,Soumya Sarkar,Tamim Iqbal,A Dananjaya,0,0,,,,,,,,,
1130747,2017/18,2018-02-18,Sylhet International Cricket Stadium,2,1.2,Bangladesh,Sri Lanka,Soumya Sarkar,Tamim Iqbal,A Dananjaya,0,0,,,,,,,,,
1130747,2017/18,2018-02-18,Sylhet International Cricket Stadium,2,1.3,Bangladesh,Sri Lanka,Soumya Sarkar,Tamim Iqbal,A Dananjaya,0,0,,,,,,,,,
1130747,2017/18,2018-02-18,Sylhet International Cricket Stadium,2,1.4,Bangladesh,Sri Lanka,Soumya Sarkar,Tamim Iqbal,A Dananjaya,0,0,,,,,,caught,Soumya Sarkar,,
1130747,2017/18,2018-02-18,Sylhet International Cricket Stadium,2,1.5,Bangladesh,Sri Lanka,Tamim Iqbal,Mushfiqur Rahim,A Dananjaya,0,0,,,,,,,,,
1130747,2017/18,2018-02-18,Sylhet International Cricket Stadium,2,1.6,Bangladesh,Sri Lanka,Tamim Iqbal,Mushfiqur Rahim,A Dananjaya,0,0,,,,,,,,,
1130747,2017/18,2018-02-18,Sylhet International Cricket Stadium,2,2.1,Bangladesh,Sri Lanka,Mushfiqur Rahim,Tamim Iqbal,DSK Madushanka,0,0,,,,,,,,,
1130747,2017/18,2018-02-18,Sylhet International Cricket Stadium,2,2.2,Bangladesh,Sri Lanka,Mushfiqur Rahim,Tamim Iqbal,DSK Madushanka,6,0,,,,,,,,,
1130747,2017/18,2018-02-18,Sylhet International Cricket Stadium,2,2.3,Bangladesh,Sri Lanka,Mushfiqur Rahim,Tamim Iqbal,DSK Madushanka,0,0,,,,,,caught,Mushfiqur Rahim,,
1130747,2017/18,2018-02-18,Sylhet International Cricket Stadium,2,2.4,Bangladesh,Sri Lanka,Mohammad Mithun,Tamim Iqbal,DSK Madushanka,0,1,1,,,,,,,,
1130747,2017/18,2018-02-18,Sylhet International Cricket Stadium,2,2.5,Bangladesh,Sri Lanka,Mohammad Mithun,Tamim Iqbal,DSK Madushanka,1,0,,,,,,,,,
1130747,2017/18,2018-02-18,Sylhet International Cricket Stadium,2,2.6,Bangladesh,Sri Lanka,Tamim Iqbal,Mohammad Mithun,DSK Madushanka,0,2,2,,,,,,,,
1130747,2017/18,2018-02-18,Sylhet International Cricket Stadium,2,2.7,Bangladesh,Sri Lanka,Mohammad Mithun,Tamim Iqbal,DSK Madushanka,4,0,,,,,,,,,
1130747,2017/18,2018-02-18,Sylhet International Cricket Stadium,2,2.8,Bangladesh,Sri Lanka,Mohammad Mithun,Tamim Iqbal,DSK Madushanka,0,0,,,,,,caught,Mohammad Mithun,,
1130747,2017/18,2018-02-18,Sylhet International Cricket Stadium,2,3.1,Bangladesh,Sri Lanka,Mahmudullah,Tamim Iqbal,A Dananjaya,1,0,,,,,,,,,
1130747,2017/18,2018-02-18,Sylhet International Cricket Stadium,2,3.2,Bangladesh,Sri Lanka,Tamim Iqbal,Mahmudullah,A Dananjaya,2,0,,,,,,,,,
1130747,2017/18,2018-02-18,Sylhet International Cricket Stadium,2,3.3,Bangladesh,Sri Lanka,Tamim Iqbal,Mahmudullah,A Dananjaya,0,0,,,,,,,,,
1130747,2017/18,2018-02-18,Sylhet International Cricket Stadium,2,3.4,Bangladesh,Sri Lanka,Tamim Iqbal,Mahmudullah,A Dananjaya,6,0,,,,,,,,,
1130747,2017/18,2018-02-18,Sylhet International Cricket Stadium,2,3.5,Bangladesh,Sri Lanka,Tamim Iqbal,Mahmudullah,A Dananjaya,0,0,,,,,,,,,
1130747,2017/18,2018-02-18,Sylhet International Cricket Stadium,2,3.6,Bangladesh,Sri Lanka,Tamim Iqbal,Mahmudullah,A Dananjaya,1,0,,,,,,,,,
1130747,2017/18,2018-02-18,Sylhet International Cricket Stadium,2,4.1,Bangladesh,Sri Lanka,Tamim Iqbal,Mahmudullah,DSK Madushanka,1,0,,,,,,,,,
1130747,2017/18,2018-02-18,Sylhet International Cricket Stadium,2,4.2,Bangladesh,Sri Lanka,Mahmudullah,Tamim Iqbal,MD Shanaka,0,0,,,,,,,,,
1130747,2017/18,2018-02-18,Sylhet International Cricket Stadium,2,4.3,Bangladesh,Sri Lanka,Mahmudullah,Tamim Iqbal,MD Shanaka,0,0,,,,,,,,,
1130747,2017/18,2018-02-18,Sylhet International Cricket Stadium,2,4.4,Bangladesh,Sri Lanka,Mahmudullah,Tamim Iqbal,MD Shanaka,0,1,1,,,,,,,,
1130747,2017/18,2018-02-18,Sylhet International Cricket Stadium,2,4.5,Bangladesh,Sri Lanka,Mahmudullah,Tamim Iqbal,MD Shanaka,0,0,,,,,,,,,
1130747,2017/18,2018-02-18,Sylhet International Cricket Stadium,2,4.6,Bangladesh,Sri Lanka,Mahmudullah,Tamim Iqbal,MD Shanaka,0,0,,,,,,,,,
1130747,2017/18,2018-02-18,Sylhet International Cricket Stadium,2,4.7,Bangladesh,Sri Lanka,Mahmudullah,Tamim Iqbal,MD Shanaka,1,0,,,,,,,,,
1130747,2017/18,2018-02-18,Sylhet International Cricket Stadium,2,5.1,Bangladesh,Sri Lanka,Mahmudullah,Tamim Iqbal,A Dananjaya,0,0,,,,,,,,,
1130747,2017/18,2018-02-18,Sylhet International Cricket Stadium,2,5.2,Bangladesh,Sri Lanka,Mahmudullah,Tamim Iqbal,A Dananjaya,0,0,,,,,,,,,
1130747,2017/18,2018-02-18,Sylhet International Cricket Stadium,2,5.3,Bangladesh,Sri Lanka,Mahmudullah,Tamim Iqbal,A Dananjaya,1,0,,,,,,,,,
1130747,2017/18,2018-02-18,Sylhet International Cricket Stadium,2,5.4,Bangladesh,Sri Lanka,Tamim Iqbal,Mahmudullah,A Dananjaya,0,0,,,,,,,,,
1130747,2017/18,2018-02-18,Sylhet International Cricket Stadium,2,5.5,Bangladesh,Sri Lanka,Tamim Iqbal,Mahmudullah,A Dananjaya,4,0,,,,,,,,,
1130747,2017/18,2018-02-18,Sylhet International Cricket Stadium,2,5.6,Bangladesh,Sri Lanka,Tamim Iqbal,Mahmudullah,A Dananjaya,0,0,,,,,,,,,
1130747,2017/18,2018-02-18,Sylhet International Cricket Stadium,2,6.1,Bangladesh,Sri Lanka,Mahmudullah,Tamim Iqbal,NLTC Perera,2,0,,,,,,,,,
1130747,2017/18,2018-02-18,Sylhet International Cricket Stadium,2,6.2,Bangladesh,Sri Lanka,Mahmudullah,Tamim Iqbal,NLTC Perera,6,0,,,,,,,,,
1130747,2017/18,2018-02-18,Sylhet International Cricket Stadium,2,6.3,Bangladesh,Sri Lanka,Mahmudullah,Tamim Iqbal,NLTC Perera,0,1,1,,,,,,,,
1130747,2017/18,2018-02-18,Sylhet International Cricket Stadium,2,6.4,Bangladesh,Sri Lanka,Mahmudullah,Tamim Iqbal,NLTC Perera,1,0,,,,,,,,,
1130747,2017/18,2018-02-18,Sylhet International Cricket Stadium,2,6.5,Bangladesh,Sri Lanka,Tamim Iqbal,Mahmudullah,NLTC Perera,0,0,,,,,,,,,
1130747,2017/18,2018-02-18,Sylhet International Cricket Stadium,2,6.6,Bangladesh,Sri Lanka,Tamim Iqbal,Mahmudullah,NLTC Perera,1,0,,,,,,,,,
1130747,2017/18,2018-02-18,Sylhet International Cricket Stadium,2,6.7,Bangladesh,Sri Lanka,Mahmudullah,Tamim Iqbal,NLTC Perera,2,0,,,,,,,,,
1130747,2017/18,2018-02-18,Sylhet International Cricket Stadium,2,7.1,Bangladesh,Sri Lanka,Tamim Iqbal,Mahmudullah,MA Aponso,0,0,,,,,,,,,
1130747,2017/18,2018-02-18,Sylhet International Cricket Stadium,2,7.2,Bangladesh,Sri Lanka,Tamim Iqbal,Mahmudullah,MA Aponso,4,0,,,,,,,,,
1130747,2017/18,2018-02-18,Sylhet International Cricket Stadium,2,7.3,Bangladesh,Sri Lanka,Tamim Iqbal,Mahmudullah,MA Aponso,2,0,,,,,,,,,
1130747,2017/18,2018-02-18,Sylhet International Cricket Stadium,2,7.4,Bangladesh,Sri Lanka,Tamim Iqbal,Mahmudullah,MA Aponso,0,0,,,,,,caught,Tamim Iqbal,,
1130747,2017/18,2018-02-18,Sylhet International Cricket Stadium,2,7.5,Bangladesh,Sri Lanka,Mahmudullah,Ariful Haque,MA Aponso,1,0,,,,,,,,,
1130747,2017/18,2018-02-18,Sylhet International Cricket Stadium,2,7.6,Bangladesh,Sri Lanka,Ariful Haque,Mahmudullah,MA Aponso,1,0,,,,,,,,,
1130747,2017/18,2018-02-18,Sylhet International Cricket Stadium,2,8.1,Bangladesh,Sri Lanka,Ariful Haque,Mahmudullah,BMAJ Mendis,1,0,,,,,,,,,
1130747,2017/18,2018-02-18,Sylhet International Cricket Stadium,2,8.2,Bangladesh,Sri Lanka,Mahmudullah,Ariful Haque,BMAJ Mendis,4,0,,,,,,,,,
1130747,2017/18,2018-02-18,Sylhet International Cricket Stadium,2,8.3,Bangladesh,Sri Lanka,Mahmudullah,Ariful Haque,BMAJ Mendis,1,0,,,,,,,,,
1130747,2017/18,2018-02-18,Sylhet International Cricket Stadium,2,8.4,Bangladesh,Sri Lanka,Ariful Haque,Mahmudullah,BMAJ Mendis,0,1,1,,,,,,,,
1130747,2017/18,2018-02-18,Sylhet International Cricket Stadium,2,8.5,Bangladesh,Sri Lanka,Ariful Haque,Mahmudullah,BMAJ Mendis,0,0,,,,,,lbw,Ariful Haque,,
1130747,2017/18,2018-02-18,Sylhet International Cricket Stadium,2,8.6,Bangladesh,Sri Lanka,Mohammad Saifuddin,Mahmudullah,BMAJ Mendis,0,0,,,,,,,,,
1130747,2017/18,2018-02-18,Sylhet International Cricket Stadium,2,8.7,Bangladesh,Sri Lanka,Mohammad Saifuddin,Mahmudullah,BMAJ Mendis,1,0,,,,,,,,,
1130747,2017/18,2018-02-18,Sylhet International Cricket Stadium,2,9.1,Bangladesh,Sri Lanka,Mohammad Saifuddin,Mahmudullah,MA Aponso,0,0,,,,,,,,,
1130747,2017/18,2018-02-18,Sylhet International Cricket Stadium,2,9.2,Bangladesh,Sri Lanka,Mohammad Saifuddin,Mahmudullah,MA Aponso,6,0,,,,,,,,,
1130747,2017/18,2018-02-18,Sylhet International Cricket Stadium,2,9.3,Bangladesh,Sri Lanka,Mohammad Saifuddin,Mahmudullah,MA Aponso,1,0,,,,,,,,,
1130747,2017/18,2018-02-18,Sylhet International Cricket Stadium,2,9.4,Bangladesh,Sri Lanka,Mahmudullah,Mohammad Saifuddin,MA Aponso,1,0,,,,,,,,,
1130747,2017/18,2018-02-18,Sylhet International Cricket Stadium,2,9.5,Bangladesh,Sri Lanka,Mohammad Saifuddin,Mahmudullah,MA Aponso,1,0,,,,,,,,,
1130747,2017/18,2018-02-18,Sylhet International Cricket Stadium,2,9.6,Bangladesh,Sri Lanka,Mahmudullah,Mohammad Saifuddin,MA Aponso,1,0,,,,,,,,,
1130747,2017/18,2018-02-18,Sylhet International Cricket Stadium,2,10.1,Bangladesh,Sri Lanka,Mahmudullah,Mohammad Saifuddin,I Udana,0,0,,,,,,,,,
1130747,2017/18,2018-02-18,Sylhet International Cricket Stadium,2,10.2,Bangladesh,Sri Lanka,Mahmudullah,Mohammad Saifuddin,I Udana,0,1,1,,,,,,,,
1130747,2017/18,2018-02-18,Sylhet International Cricket Stadium,2,10.3,Bangladesh,Sri Lanka,Mahmudullah,Mohammad Saifuddin,I Udana,1,0,,,,,,,,,
1130747,2017/18,2018-02-18,Sylhet International Cricket Stadium,2,10.4,Bangladesh,Sri Lanka,Mohammad Saifuddin,Mahmudullah,I Udana,0,1,1,,,,,,,,
1130747,2017/18,2018-02-18,Sylhet International Cricket Stadium,2,10.5,Bangladesh,Sri Lanka,Mohammad Saifuddin,Mahmudullah,I Udana,1,0,,,,,,,,,
1130747,2017/18,2018-02-18,Sylhet International Cricket Stadium,2,10.6,Bangladesh,Sri Lanka,Mahmudullah,Mohammad Saifuddin,I Udana,4,0,,,,,,,,,
1130747,2017/18,2018-02-18,Sylhet International Cricket Stadium,2,10.7,Bangladesh,Sri Lanka,Mahmudullah,Mohammad Saifuddin,I Udana,0,0,,,,,,,,,
1130747,2017/18,2018-02-18,Sylhet International Cricket Stadium,2,10.8,Bangladesh,Sri Lanka,Mahmudullah,Mohammad Saifuddin,I Udana,0,0,,,,,,,,,
1130747,2017/18,2018-02-18,Sylhet International Cricket Stadium,2,11.1,Bangladesh,Sri Lanka,Mohammad Saifuddin,Mahmudullah,A Dananjaya,0,0,,,,,,,,,
1130747,2017/18,2018-02-18,Sylhet International Cricket Stadium,2,11.2,Bangladesh,Sri Lanka,Mohammad Saifuddin,Mahmudullah,A Dananjaya,1,0,,,,,,,,,
1130747,2017/18,2018-02-18,Sylhet International Cricket Stadium,2,11.3,Bangladesh,Sri Lanka,Mahmudullah,Mohammad Saifuddin,A Dananjaya,1,0,,,,,,,,,
1130747,2017/18,2018-02-18,Sylhet International Cricket Stadium,2,11.4,Bangladesh,Sri Lanka,Mohammad Saifuddin,Mahmudullah,A Dananjaya,1,0,,,,,,,,,
1130747,2017/18,2018-02-18,Sylhet International Cricket Stadium,2,11.5,Bangladesh,Sri Lanka,Mahmudullah,Mohammad Saifuddin,A Dananjaya,1,0,,,,,,,,,
1130747,2017/18,2018-02-18,Sylhet International Cricket Stadium,2,11.6,Bangladesh,Sri Lanka,Mohammad Saifuddin,Mahmudullah,A Dananjaya,1,0,,,,,,,,,
1130747,2017/18,2018-02-18,Sylhet International Cricket Stadium,2,12.1,Bangladesh,Sri Lanka,Mohammad Saifuddin,Mahmudullah,NLTC Perera,4,0,,,,,,,,,
1130747,2017/18,2018-02-18,Sylhet International Cricket Stadium,2,12.2,Bangladesh,Sri Lanka,Mohammad Saifuddin,Mahmudullah,NLTC Perera,0,0,,,,,,,,,
1130747,2017/18,2018-02-18,Sylhet International Cricket Stadium,2,12.3,Bangladesh,Sri Lanka,Mohammad Saifuddin,Mahmudullah,NLTC Perera,0,0,,,,,,,,,
1130747,2017/18,2018-02-18,Sylhet International Cricket Stadium,2,12.4,Bangladesh,Sri Lanka,Mohammad Saifuddin,Mahmudullah,NLTC Perera,1,0,,,,,,,,,
1130747,2017/18,2018-02-18,Sylhet International Cricket Stadium,2,12.5,Bangladesh,Sri Lanka,Mahmudullah,Mohammad Saifuddin,NLTC Perera,2,0,,,,,,,,,
1130747,2017/18,2018-02-18,Sylhet International Cricket Stadium,2,12.6,Bangladesh,Sri Lanka,Mahmudullah,Mohammad Saifuddin,NLTC Perera,4,0,,,,,,,,,
1130747,2017/18,2018-02-18,Sylhet International Cricket Stadium,2,13.1,Bangladesh,Sri Lanka,Mohammad Saifuddin,Mahmudullah,MA Aponso,0,0,,,,,,,,,
1130747,2017/18,2018-02-18,Sylhet International Cricket Stadium,2,13.2,Bangladesh,Sri Lanka,Mohammad Saifuddin,Mahmudullah,MA Aponso,0,0,,,,,,,,,
1130747,2017/18,2018-02-18,Sylhet International Cricket Stadium,2,13.3,Bangladesh,Sri Lanka,Mohammad Saifuddin,Mahmudullah,MA Aponso,1,0,,,,,,,,,
1130747,2017/18,2018-02-18,Sylhet International Cricket Stadium,2,13.4,Bangladesh,Sri Lanka,Mahmudullah,Mohammad Saifuddin,MA Aponso,0,0,,,,,,,,,
1130747,2017/18,2018-02-18,Sylhet International Cricket Stadium,2,13.5,Bangladesh,Sri Lanka,Mahmudullah,Mohammad Saifuddin,MA Aponso,4,0,,,,,,,,,
1130747,2017/18,2018-02-18,Sylhet International Cricket Stadium,2,13.6,Bangladesh,Sri Lanka,Mahmudullah,Mohammad Saifuddin,MA Aponso,1,0,,,,,,,,,
1130747,2017/18,2018-02-18,Sylhet International Cricket Stadium,2,14.1,Bangladesh,Sri Lanka,Mahmudullah,Mohammad Saifuddin,I Udana,1,0,,,,,,,,,
1130747,2017/18,2018-02-18,Sylhet International Cricket Stadium,2,14.2,Bangladesh,Sri Lanka,Mohammad Saifuddin,Mahmudullah,I Udana,0,0,,,,,,run out,Mahmudullah,,
1130747,2017/18,2018-02-18,Sylhet International Cricket Stadium,2,14.3,Bangladesh,Sri Lanka,Mohammad Saifuddin,Mahedi Hasan,I Udana,0,1,1,,,,,,,,
1130747,2017/18,2018-02-18,Sylhet International Cricket Stadium,2,14.4,Bangladesh,Sri Lanka,Mohammad Saifuddin,Mahedi Hasan,I Udana,1,0,,,,,,,,,
1130747,2017/18,2018-02-18,Sylhet International Cricket Stadium,2,14.5,Bangladesh,Sri Lanka,Mahedi Hasan,Mohammad Saifuddin,I Udana,1,0,,,,,,,,,
1130747,2017/18,2018-02-18,Sylhet International Cricket Stadium,2,14.6,Bangladesh,Sri Lanka,Mohammad Saifuddin,Mahedi Hasan,I Udana,0,0,,,,,,caught,Mohammad Saifuddin,,
1130747,2017/18,2018-02-18,Sylhet International Cricket Stadium,2,14.7,Bangladesh,Sri Lanka,Mustafizur Rahman,Mahedi Hasan,I Udana,0,0,,,,,,,,,
1130747,2017/18,2018-02-18,Sylhet International Cricket Stadium,2,15.1,Bangladesh,Sri Lanka,Mahedi Hasan,Mustafizur Rahman,MA Aponso,1,0,,,,,,,,,
1130747,2017/18,2018-02-18,Sylhet International Cricket Stadium,2,15.2,Bangladesh,Sri Lanka,Mustafizur Rahman,Mahedi Hasan,MA Aponso,1,0,,,,,,,,,
1130747,2017/18,2018-02-18,Sylhet International Cricket Stadium,2,15.3,Bangladesh,Sri Lanka,Mahedi Hasan,Mustafizur Rahman,MA Aponso,1,0,,,,,,,,,
1130747,2017/18,2018-02-18,Sylhet International Cricket Stadium,2,15.4,Bangladesh,Sri Lanka,Mustafizur Rahman,Mahedi Hasan,MA Aponso,4,0,,,,,,,,,
1130747,2017/18,2018-02-18,Sylhet International Cricket Stadium,2,15.5,Bangladesh,Sri Lanka,Mustafizur Rahman,Mahedi Hasan,MA Aponso,0,0,,,,,,,,,
1130747,2017/18,2018-02-18,Sylhet International Cricket Stadium,2,15.6,Bangladesh,Sri Lanka,Mustafizur Rahman,Mahedi Hasan,MA Aponso,0,0,,,,,,,,,
1130747,2017/18,2018-02-18,Sylhet International Cricket Stadium,2,16.1,Bangladesh,Sri Lanka,Mahedi Hasan,Mustafizur Rahman,NLTC Perera,1,0,,,,,,,,,
1130747,2017/18,2018-02-18,Sylhet International Cricket Stadium,2,16.2,Bangladesh,Sri Lanka,Mustafizur Rahman,Mahedi Hasan,NLTC Perera,0,1,1,,,,,,,,
1130747,2017/18,2018-02-18,Sylhet International Cricket Stadium,2,16.3,Bangladesh,Sri Lanka,Mustafizur Rahman,Mahedi Hasan,NLTC Perera,1,0,,,,,,,,,
1130747,2017/18,2018-02-18,Sylhet International Cricket Stadium,2,16.4,Bangladesh,Sri Lanka,Mahedi Hasan,Mustafizur Rahman,NLTC Perera,0,0,,,,,,,,,
1130747,2017/18,2018-02-18,Sylhet International Cricket Stadium,2,16.5,Bangladesh,Sri Lanka,Mahedi Hasan,Mustafizur Rahman,NLTC Perera,0,0,,,,,,,,,
1130747,2017/18,2018-02-18,Sylhet International Cricket Stadium,2,16.6,Bangladesh,Sri Lanka,Mahedi Hasan,Mustafizur Rahman,NLTC Perera,2,0,,,,,,,,,
1130747,2017/18,2018-02-18,Sylhet International Cricket Stadium,2,16.7,Bangladesh,Sri Lanka,Mahedi Hasan,Mustafizur Rahman,NLTC Perera,4,0,,,,,,,,,
1130747,2017/18,2018-02-18,Sylhet International Cricket Stadium,2,17.1,Bangladesh,Sri Lanka,Mustafizur Rahman,Mahedi Hasan,MD Shanaka,1,0,,,,,,,,,
1130747,2017/18,2018-02-18,Sylhet International Cricket Stadium,2,17.2,Bangladesh,Sri Lanka,Mahedi Hasan,Mustafizur Rahman,MD Shanaka,1,0,,,,,,,,,
1130747,2017/18,2018-02-18,Sylhet International Cricket Stadium,2,17.3,Bangladesh,Sri Lanka,Mustafizur Rahman,Mahedi Hasan,MD Shanaka,1,0,,,,,,,,,
1130747,2017/18,2018-02-18,Sylhet International Cricket Stadium,2,17.4,Bangladesh,Sri Lanka,Mahedi Hasan,Mustafizur Rahman,MD Shanaka,0,0,,,,,,,,,
1130747,2017/18,2018-02-18,Sylhet International Cricket Stadium,2,17.5,Bangladesh,Sri Lanka,Mahedi Hasan,Mustafizur Rahman,MD Shanaka,0,0,,,,,,caught,Mahedi Hasan,,
1130747,2017/18,2018-02-18,Sylhet International Cricket Stadium,2,17.6,Bangladesh,Sri Lanka,Abu Jayed,Mustafizur Rahman,MD Shanaka,0,0,,,,,,,,,
1130747,2017/18,2018-02-18,Sylhet International Cricket Stadium,2,18.1,Bangladesh,Sri Lanka,Mustafizur Rahman,Abu Jayed,MD Gunathilaka,0,0,,,,,,bowled,Mustafizur Rahman,,
1130747,2017/18,2018-02-18,Sylhet International Cricket Stadium,2,18.2,Bangladesh,Sri Lanka,Nazmul Islam,Abu Jayed,MD Gunathilaka,1,0,,,,,,,,,
1130747,2017/18,2018-02-18,Sylhet International Cricket Stadium,2,18.3,Bangladesh,Sri Lanka,Abu Jayed,Nazmul Islam,MD Gunathilaka,2,0,,,,,,,,,
1130747,2017/18,2018-02-18,Sylhet International Cricket Stadium,2,18.4,Bangladesh,Sri Lanka,Abu Jayed,Nazmul Islam,MD Gunathilaka,0,0,,,,,,stumped,Abu Jayed,,
