match_id,season,start_date,venue,innings,ball,batting_team,bowling_team,striker,non_striker,bowler,runs_off_bat,extras,wides,noballs,byes,legbyes,penalty,wicket_type,player_dismissed,other_wicket_type,other_player_dismissed
1131240,2017/18,2018-03-29,Brabourne Stadium,1,0.1,England,India,DN Wyatt,AE Jones,J Goswami,0,0,,,,,,,,,
1131240,2017/18,2018-03-29,Brabourne Stadium,1,0.2,England,India,DN Wyatt,AE Jones,J Goswami,0,1,,,,1,,,,,
1131240,2017/18,2018-03-29,Brabourne Stadium,1,0.3,England,India,AE Jones,DN Wyatt,J Goswami,0,0,,,,,,,,,
1131240,2017/18,2018-03-29,Brabourne Stadium,1,0.4,England,India,AE Jones,DN Wyatt,J Goswami,0,0,,,,,,,,,
1131240,2017/18,2018-03-29,Brabourne Stadium,1,0.5,England,India,AE Jones,DN Wyatt,J Goswami,0,0,,,,,,,,,
1131240,2017/18,2018-03-29,Brabourne Stadium,1,0.6,England,India,AE Jones,DN Wyatt,J Goswami,0,0,,,,,,,,,
1131240,2017/18,2018-03-29,Brabourne Stadium,1,1.1,England,India,DN Wyatt,AE Jones,P Vastrakar,0,0,,,,,,,,,
1131240,2017/18,2018-03-29,Brabourne Stadium,1,1.2,England,India,DN Wyatt,AE Jones,P Vastrakar,0,1,1,,,,,,,,
1131240,2017/18,2018-03-29,Brabourne Stadium,1,1.3,England,India,DN Wyatt,AE Jones,P Vastrakar,0,0,,,,,,,,,
1131240,2017/18,2018-03-29,Brabourne Stadium,1,1.4,England,India,DN Wyatt,AE Jones,P Vastrakar,0,1,1,,,,,,,,
1131240,2017/18,2018-03-29,Brabourne Stadium,1,1.5,England,India,DN Wyatt,AE Jones,P Vastrakar,0,0,,,,,,,,,
1131240,2017/18,2018-03-29,Brabourne Stadium,1,1.6,England,India,DN Wyatt,AE Jones,P Vastrakar,1,0,,,,,,,,,
1131240,2017/18,2018-03-29,Brabourne Stadium,1,1.7,England,India,AE Jones,DN Wyatt,P Vastrakar,1,0,,,,,,,,,
1131240,2017/18,2018-03-29,Brabourne Stadium,1,1.8,England,India,DN Wyatt,AE Jones,P Vastrakar,4,0,,,,,,,,,
1131240,2017/18,2018-03-29,Brabourne Stadium,1,2.1,England,India,AE Jones,DN Wyatt,J Goswami,4,0,,,,,,,,,
1131240,2017/18,2018-03-29,Brabourne Stadium,1,2.2,England,India,AE Jones,DN Wyatt,J Goswami,4,0,,,,,,,,,
1131240,2017/18,2018-03-29,Brabourne Stadium,1,2.3,England,India,AE Jones,DN Wyatt,J Goswami,0,0,,,,,,,,,
1131240,2017/18,2018-03-29,Brabourne Stadium,1,2.4,England,India,AE Jones,DN Wyatt,J Goswami,1,0,,,,,,,,,
1131240,2017/18,2018-03-29,Brabourne Stadium,1,2.5,England,India,DN Wyatt,AE Jones,J Goswami,1,0,,,,,,,,,
1131240,2017/18,2018-03-29,Brabourne Stadium,1,2.6,England,India,AE Jones,DN Wyatt,J Goswami,1,0,,,,,,,,,
1131240,2017/18,2018-03-29,Brabourne Stadium,1,3.1,England,India,AE Jones,DN Wyatt,P Vastrakar,4,0,,,,,,,,,
1131240,2017/18,2018-03-29,Brabourne Stadium,1,3.2,England,India,AE Jones,DN Wyatt,P Vastrakar,0,0,,,,,,caught,AE Jones,,
1131240,2017/18,2018-03-29,Brabourne Stadium,1,3.3,England,India,DN Wyatt,TT Beaumont,P Vastrakar,0,0,,,,,,,,,
1131240,2017/18,2018-03-29,Brabourne Stadium,1,3.4,England,India,DN Wyatt,TT Beaumont,P Vastrakar,0,0,,,,,,,,,
1131240,2017/18,2018-03-29,Brabourne Stadium,1,3.5,England,India,DN Wyatt,TT Beaumont,P Vastrakar,1,0,,,,,,,,,
1131240,2017/18,2018-03-29,Brabourne Stadium,1,3.6,England,India,TT Beaumont,DN Wyatt,P Vastrakar,4,0,,,,,,,,,
1131240,2017/18,2018-03-29,Brabourne Stadium,1,4.1,England,India,DN Wyatt,TT Beaumont,AA Patil,4,0,,,,,,,,,
1131240,2017/18,2018-03-29,Brabourne Stadium,1,4.2,England,India,DN Wyatt,TT Beaumont,AA Patil,4,0,,,,,,,,,
1131240,2017/18,2018-03-29,Brabourne Stadium,1,4.3,England,India,DN Wyatt,TT Beaumont,AA Patil,1,0,,,,,,,,,
1131240,2017/18,2018-03-29,Brabourne Stadium,1,4.4,England,India,TT Beaumont,DN Wyatt,AA Patil,1,0,,,,,,,,,
1131240,2017/18,2018-03-29,Brabourne Stadium,1,4.5,England,India,DN Wyatt,TT Beaumont,AA Patil,1,0,,,,,,,,,
1131240,2017/18,2018-03-29,Brabourne Stadium,1,4.6,England,India,TT Beaumont,DN Wyatt,AA Patil,0,0,,,,,,,,,
1131240,2017/18,2018-03-29,Brabourne Stadium,1,5.1,England,India,DN Wyatt,TT Beaumont,RP Yadav,0,0,,,,,,,,,
1131240,2017/18,2018-03-29,Brabourne Stadium,1,5.2,England,India,DN Wyatt,TT Beaumont,RP Yadav,4,0,,,,,,,,,
1131240,2017/18,2018-03-29,Brabourne Stadium,1,5.3,England,India,DN Wyatt,TT Beaumont,RP Yadav,2,0,,,,,,,,,
1131240,2017/18,2018-03-29,Brabourne Stadium,1,5.4,England,India,DN Wyatt,TT Beaumont,RP Yadav,1,0,,,,,,,,,
1131240,2017/18,2018-03-29,Brabourne Stadium,1,5.5,England,India,TT Beaumont,DN Wyatt,RP Yadav,1,0,,,,,,,,,
1131240,2017/18,2018-03-29,Brabourne Stadium,1,5.6,England,India,DN Wyatt,TT Beaumont,RP Yadav,6,0,,,,,,,,,
1131240,2017/18,2018-03-29,Brabourne Stadium,1,6.1,England,India,TT Beaumont,DN Wyatt,DB Sharma,1,0,,,,,,,,,
1131240,2017/18,2018-03-29,Brabourne Stadium,1,6.2,England,India,DN Wyatt,TT Beaumont,DB Sharma,1,0,,,,,,,,,
1131240,2017/18,2018-03-29,Brabourne Stadium,1,6.3,England,India,TT Beaumont,DN Wyatt,DB Sharma,2,0,,,,,,,,,
1131240,2017/18,2018-03-29,Brabourne Stadium,1,6.4,England,India,TT Beaumont,DN Wyatt,DB Sharma,1,0,,,,,,,,,
1131240,2017/18,2018-03-29,Brabourne Stadium,1,6.5,England,India,DN Wyatt,TT Beaumont,DB Sharma,0,0,,,,,,caught and bowled,DN Wyatt,,
1131240,2017/18,2018-03-29,Brabourne Stadium,1,6.6,England,India,NR Sciver,TT Beaumont,DB Sharma,1,0,,,,,,,,,
1131240,2017/18,2018-03-29,Brabourne Stadium,1,7.1,England,India,NR Sciver,TT Beaumont,Poonam Yadav,1,0,,,,,,,,,
1131240,2017/18,2018-03-29,Brabourne Stadium,1,7.2,England,India,TT Beaumont,NR Sciver,Poonam Yadav,0,0,,,,,,,,,
1131240,2017/18,2018-03-29,Brabourne Stadium,1,7.3,England,India,TT Beaumont,NR Sciver,Poonam Yadav,0,0,,,,,,caught,TT Beaumont,,
1131240,2017/18,2018-03-29,Brabourne Stadium,1,7.4,England,India,NR Sciver,HC Knight,Poonam Yadav,1,0,,,,,,,,,
1131240,2017/18,2018-03-29,Brabourne Stadium,1,7.5,England,India,HC Knight,NR Sciver,Poonam Yadav,0,0,,,,,,,,,
1131240,2017/18,2018-03-29,Brabourne Stadium,1,7.6,England,India,HC Knight,NR Sciver,Poonam Yadav,1,0,,,,,,,,,
1131240,2017/18,2018-03-29,Brabourne Stadium,1,8.1,England,India,HC Knight,NR Sciver,DB Sharma,1,0,,,,,,,,,
1131240,2017/18,2018-03-29,Brabourne Stadium,1,8.2,England,India,NR Sciver,HC Knight,DB Sharma,1,0,,,,,,,,,
1131240,2017/18,2018-03-29,Brabourne Stadium,1,8.3,England,India,HC Knight,NR Sciver,DB Sharma,1,0,,,,,,,,,
1131240,2017/18,2018-03-29,Brabourne Stadium,1,8.4,England,India,NR Sciver,HC Knight,DB Sharma,2,0,,,,,,,,,
1131240,2017/18,2018-03-29,Brabourne Stadium,1,8.5,England,India,NR Sciver,HC Knight,DB Sharma,4,0,,,,,,,,,
1131240,2017/18,2018-03-29,Brabourne Stadium,1,8.6,England,India,NR Sciver,HC Knight,DB Sharma,1,0,,,,,,,,,
1131240,2017/18,2018-03-29,Brabourne Stadium,1,9.1,England,India,NR Sciver,HC Knight,Poonam Yadav,0,0,,,,,,,,,
1131240,2017/18,2018-03-29,Brabourne Stadium,1,9.2,England,India,NR Sciver,HC Knight,Poonam Yadav,1,0,,,,,,,,,
1131240,2017/18,2018-03-29,Brabourne Stadium,1,9.3,England,India,HC Knight,NR Sciver,Poonam Yadav,0,0,,,,,,,,,
1131240,2017/18,2018-03-29,Brabourne Stadium,1,9.4,England,India,HC Knight,NR Sciver,Poonam Yadav,0,0,,,,,,,,,
1131240,2017/18,2018-03-29,Brabourne Stadium,1,9.5,England,India,HC Knight,NR Sciver,Poonam Yadav,1,0,,,,,,,,,
1131240,2017/18,2018-03-29,Brabourne Stadium,1,9.6,England,India,NR Sciver,HC Knight,Poonam Yadav,2,0,,,,,,,,,
1131240,2017/18,2018-03-29,Brabourne Stadium,1,10.1,England,India,HC Knight,NR Sciver,AA Patil,4,0,,,,,,,,,
1131240,2017/18,2018-03-29,Brabourne Stadium,1,10.2,England,India,HC Knight,NR Sciver,AA Patil,1,0,,,,,,,,,
1131240,2017/18,2018-03-29,Brabourne Stadium,1,10.3,England,India,NR Sciver,HC Knight,AA Patil,1,0,,,,,,,,,
1131240,2017/18,2018-03-29,Brabourne Stadium,1,10.4,England,India,HC Knight,NR Sciver,AA Patil,1,0,,,,,,,,,
1131240,2017/18,2018-03-29,Brabourne Stadium,1,10.5,England,India,NR Sciver,HC Knight,AA Patil,0,0,,,,,,caught,NR Sciver,,
1131240,2017/18,2018-03-29,Brabourne Stadium,1,10.6,England,India,FC Wilson,HC Knight,AA Patil,1,0,,,,,,,,,
1131240,2017/18,2018-03-29,Brabourne Stadium,1,11.1,England,India,FC Wilson,HC Knight,Poonam Yadav,0,0,,,,,,,,,
1131240,2017/18,2018-03-29,Brabourne Stadium,1,11.2,England,India,FC Wilson,HC Knight,Poonam Yadav,4,0,,,,,,,,,
1131240,2017/18,2018-03-29,Brabourne Stadium,1,11.3,England,India,FC Wilson,HC Knight,Poonam Yadav,0,0,,,,,,,,,
1131240,2017/18,2018-03-29,Brabourne Stadium,1,11.4,England,India,FC Wilson,HC Knight,Poonam Yadav,1,0,,,,,,,,,
1131240,2017/18,2018-03-29,Brabourne Stadium,1,11.5,England,India,HC Knight,FC Wilson,Poonam Yadav,1,0,,,,,,,,,
1131240,2017/18,2018-03-29,Brabourne Stadium,1,11.6,England,India,FC Wilson,HC Knight,Poonam Yadav,0,0,,,,,,,,,
1131240,2017/18,2018-03-29,Brabourne Stadium,1,12.1,England,India,HC Knight,FC Wilson,RP Yadav,0,0,,,,,,caught,HC Knight,,
1131240,2017/18,2018-03-29,Brabourne Stadium,1,12.2,England,India,AN Davidson-Richards,FC Wilson,RP Yadav,0,0,,,,,,,,,
1131240,2017/18,2018-03-29,Brabourne Stadium,1,12.3,England,India,AN Davidson-Richards,FC Wilson,RP Yadav,1,0,,,,,,,,,
1131240,2017/18,2018-03-29,Brabourne Stadium,1,12.4,England,India,FC Wilson,AN Davidson-Richards,RP Yadav,0,0,,,,,,,,,
1131240,2017/18,2018-03-29,Brabourne Stadium,1,12.5,England,India,FC Wilson,AN Davidson-Richards,RP Yadav,0,0,,,,,,,,,
1131240,2017/18,2018-03-29,Brabourne Stadium,1,12.6,England,India,FC Wilson,AN Davidson-Richards,RP Yadav,0,0,,,,,,,,,
1131240,2017/18,2018-03-29,Brabourne Stadium,1,13.1,England,India,AN Davidson-Richards,FC Wilson,Poonam Yadav,1,0,,,,,,,,,
1131240,2017/18,2018-03-29,Brabourne Stadium,1,13.2,England,India,FC Wilson,AN Davidson-Richards,Poonam Yadav,1,0,,,,,,,,,
1131240,2017/18,2018-03-29,Brabourne Stadium,1,13.3,England,India,AN Davidson-Richards,FC Wilson,Poonam Yadav,0,0,,,,,,,,,
1131240,2017/18,2018-03-29,Brabourne Stadium,1,13.4,England,India,AN Davidson-Richards,FC Wilson,Poonam Yadav,1,0,,,,,,,,,
1131240,2017/18,2018-03-29,Brabourne Stadium,1,13.5,England,India,FC Wilson,AN Davidson-Richards,Poonam Yadav,1,0,,,,,,,,,
1131240,2017/18,2018-03-29,Brabourne Stadium,1,13.6,England,India,AN Davidson-Richards,FC Wilson,Poonam Yadav,0,0,,,,,,caught,AN Davidson-Richards,,
1131240,2017/18,2018-03-29,Brabourne Stadium,1,14.1,England,India,KL George,FC Wilson,RP Yadav,0,0,,,,,,,,,
1131240,2017/18,2018-03-29,Brabourne Stadium,1,14.2,England,India,KL George,FC Wilson,RP Yadav,0,0,,,,,,lbw,KL George,,
1131240,2017/18,2018-03-29,Brabourne Stadium,1,14.3,England,India,D Hazell,FC Wilson,RP Yadav,0,0,,,,,,,,,
1131240,2017/18,2018-03-29,Brabourne Stadium,1,14.4,England,India,D Hazell,FC Wilson,RP Yadav,0,0,,,,,,,,,
1131240,2017/18,2018-03-29,Brabourne Stadium,1,14.5,England,India,D Hazell,FC Wilson,RP Yadav,1,0,,,,,,,,,
1131240,2017/18,2018-03-29,Brabourne Stadium,1,14.6,England,India,FC Wilson,D Hazell,RP Yadav,0,0,,,,,,,,,
1131240,2017/18,2018-03-29,Brabourne Stadium,1,15.1,England,India,D Hazell,FC Wilson,DB Sharma,1,0,,,,,,,,,
1131240,2017/18,2018-03-29,Brabourne Stadium,1,15.2,England,India,FC Wilson,D Hazell,DB Sharma,0,0,,,,,,,,,
1131240,2017/18,2018-03-29,Brabourne Stadium,1,15.3,England,India,FC Wilson,D Hazell,DB Sharma,1,0,,,,,,,,,
1131240,2017/18,2018-03-29,Brabourne Stadium,1,15.4,England,India,D Hazell,FC Wilson,DB Sharma,1,0,,,,,,,,,
1131240,2017/18,2018-03-29,Brabourne Stadium,1,15.5,England,India,FC Wilson,D Hazell,DB Sharma,1,0,,,,,,,,,
1131240,2017/18,2018-03-29,Brabourne Stadium,1,15.6,England,India,D Hazell,FC Wilson,DB Sharma,0,0,,,,,,,,,
1131240,2017/18,2018-03-29,Brabourne Stadium,1,16.1,England,India,FC Wilson,D Hazell,AA Patil,1,0,,,,,,,,,
1131240,2017/18,2018-03-29,Brabourne Stadium,1,16.2,England,India,D Hazell,FC Wilson,AA Patil,0,0,,,,,,caught,D Hazell,,
1131240,2017/18,2018-03-29,Brabourne Stadium,1,16.3,England,India,FC Wilson,NE Farrant,AA Patil,0,0,,,,,,,,,
1131240,2017/18,2018-03-29,Brabourne Stadium,1,16.4,England,India,FC Wilson,NE Farrant,AA Patil,1,0,,,,,,,,,
1131240,2017/18,2018-03-29,Brabourne Stadium,1,16.5,England,India,NE Farrant,FC Wilson,AA Patil,0,0,,,,,,,,,
1131240,2017/18,2018-03-29,Brabourne Stadium,1,16.6,England,India,NE Farrant,FC Wilson,AA Patil,0,0,,,,,,,,,
1131240,2017/18,2018-03-29,Brabourne Stadium,1,17.1,England,India,FC Wilson,NE Farrant,DB Sharma,0,0,,,,,,,,,
1131240,2017/18,2018-03-29,Brabourne Stadium,1,17.2,England,India,FC Wilson,NE Farrant,DB Sharma,0,0,,,,,,stumped,FC Wilson,,
1131240,2017/18,2018-03-29,Brabourne Stadium,1,17.3,England,India,A Hartley,NE Farrant,DB Sharma,1,0,,,,,,,,,
1131240,2017/18,2018-03-29,Brabourne Stadium,1,17.4,England,India,NE Farrant,A Hartley,DB Sharma,1,0,,,,,,,,,
1131240,2017/18,2018-03-29,Brabourne Stadium,1,17.5,England,India,A Hartley,NE Farrant,DB Sharma,1,0,,,,,,,,,
1131240,2017/18,2018-03-29,Brabourne Stadium,1,17.6,England,India,NE Farrant,A Hartley,DB Sharma,1,0,,,,,,,,,
1131240,2017/18,2018-03-29,Brabourne Stadium,1,18.1,England,India,NE Farrant,A Hartley,AA Patil,0,0,,,,,,,,,
1131240,2017/18,2018-03-29,Brabourne Stadium,1,18.2,England,India,NE Farrant,A Hartley,AA Patil,0,0,,,,,,,,,
1131240,2017/18,2018-03-29,Brabourne Stadium,1,18.3,England,India,NE Farrant,A Hartley,AA Patil,0,0,,,,,,,,,
1131240,2017/18,2018-03-29,Brabourne Stadium,1,18.4,England,India,NE Farrant,A Hartley,AA Patil,0,0,,,,,,,,,
1131240,2017/18,2018-03-29,Brabourne Stadium,1,18.5,England,India,NE Farrant,A Hartley,AA Patil,0,0,,,,,,lbw,NE Farrant,,
1131240,2017/18,2018-03-29,Brabourne Stadium,2,0.1,India,England,M Raj,S Mandhana,NE Farrant,0,0,,,,,,,,,
1131240,2017/18,2018-03-29,Brabourne Stadium,2,0.2,India,England,M Raj,S Mandhana,NE Farrant,0,5,5,,,,,,,,
1131240,2017/18,2018-03-29,Brabourne Stadium,2,0.3,India,England,M Raj,S Mandhana,NE Farrant,4,0,,,,,,,,,
1131240,2017/18,2018-03-29,Brabourne Stadium,2,0.4,India,England,M Raj,S Mandhana,NE Farrant,0,0,,,,,,,,,
1131240,2017/18,2018-03-29,Brabourne Stadium,2,0.5,India,England,M Raj,S Mandhana,NE Farrant,0,0,,,,,,,,,
1131240,2017/18,2018-03-29,Brabourne Stadium,2,0.6,India,England,M Raj,S Mandhana,NE Farrant,0,0,,,,,,,,,
1131240,2017/18,2018-03-29,Brabourne Stadium,2,0.7,India,England,M Raj,S Mandhana,NE Farrant,0,0,,,,,,,,,
1131240,2017/18,2018-03-29,Brabourne Stadium,2,1.1,India,England,S Mandhana,M Raj,KL George,4,0,,,,,,,,,
1131240,2017/18,2018-03-29,Brabourne Stadium,2,1.2,India,England,S Mandhana,M Raj,KL George,4,0,,,,,,,,,
1131240,2017/18,2018-03-29,Brabourne Stadium,2,1.3,India,England,S Mandhana,M Raj,KL George,4,0,,,,,,,,,
1131240,2017/18,2018-03-29,Brabourne Stadium,2,1.4,India,England,S Mandhana,M Raj,KL George,1,0,,,,,,,,,
1131240,2017/18,2018-03-29,Brabourne Stadium,2,1.5,India,England,M Raj,S Mandhana,KL George,1,0,,,,,,,,,
1131240,2017/18,2018-03-29,Brabourne Stadium,2,1.6,India,England,S Mandhana,M Raj,KL George,2,0,,,,,,,,,
1131240,2017/18,2018-03-29,Brabourne Stadium,2,2.1,India,England,M Raj,S Mandhana,NE Farrant,0,0,,,,,,,,,
1131240,2017/18,2018-03-29,Brabourne Stadium,2,2.2,India,England,M Raj,S Mandhana,NE Farrant,0,1,1,,,,,,,,
1131240,2017/18,2018-03-29,Brabourne Stadium,2,2.3,India,England,M Raj,S Mandhana,NE Farrant,0,0,,,,,,,,,
1131240,2017/18,2018-03-29,Brabourne Stadium,2,2.4,India,England,M Raj,S Mandhana,NE Farrant,0,0,,,,,,,,,
1131240,2017/18,2018-03-29,Brabourne Stadium,2,2.5,India,England,M Raj,S Mandhana,NE Farrant,0,1,1,,,,,,,,
1131240,2017/18,2018-03-29,Brabourne Stadium,2,2.6,India,England,M Raj,S Mandhana,NE Farrant,0,1,1,,,,,,,,
1131240,2017/18,2018-03-29,Brabourne Stadium,2,2.7,India,England,M Raj,S Mandhana,NE Farrant,0,1,1,,,,,,,,
1131240,2017/18,2018-03-29,Brabourne Stadium,2,2.8,India,England,M Raj,S Mandhana,NE Farrant,0,0,,,,,,,,,
1131240,2017/18,2018-03-29,Brabourne Stadium,2,2.9,India,England,M Raj,S Mandhana,NE Farrant,0,0,,,,,,,,,
1131240,2017/18,2018-03-29,Brabourne Stadium,2,2.10,India,England,M Raj,S Mandhana,NE Farrant,1,0,,,,,,,,,
1131240,2017/18,2018-03-29,Brabourne Stadium,2,3.1,India,England,M Raj,S Mandhana,D Hazell,0,0,,,,,,,,,
1131240,2017/18,2018-03-29,Brabourne Stadium,2,3.2,India,England,M Raj,S Mandhana,D Hazell,0,0,,,,,,caught,M Raj,,
1131240,2017/18,2018-03-29,Brabourne Stadium,2,3.3,India,England,JI Rodrigues,S Mandhana,D Hazell,1,0,,,,,,,,,
1131240,2017/18,2018-03-29,Brabourne Stadium,2,3.4,India,England,S Mandhana,JI Rodrigues,D Hazell,4,0,,,,,,,,,
1131240,2017/18,2018-03-29,Brabourne Stadium,2,3.5,India,England,S Mandhana,JI Rodrigues,D Hazell,4,0,,,,,,,,,
1131240,2017/18,2018-03-29,Brabourne Stadium,2,3.6,India,England,S Mandhana,JI Rodrigues,D Hazell,0,0,,,,,,,,,
1131240,2017/18,2018-03-29,Brabourne Stadium,2,4.1,India,England,JI Rodrigues,S Mandhana,HC Knight,4,0,,,,,,,,,
1131240,2017/18,2018-03-29,Brabourne Stadium,2,4.2,India,England,JI Rodrigues,S Mandhana,HC Knight,1,0,,,,,,,,,
1131240,2017/18,2018-03-29,Brabourne Stadium,2,4.3,India,England,S Mandhana,JI Rodrigues,HC Knight,3,0,,,,,,,,,
1131240,2017/18,2018-03-29,Brabourne Stadium,2,4.4,India,England,JI Rodrigues,S Mandhana,HC Knight,0,0,,,,,,,,,
1131240,2017/18,2018-03-29,Brabourne Stadium,2,4.5,India,England,JI Rodrigues,S Mandhana,HC Knight,0,0,,,,,,,,,
1131240,2017/18,2018-03-29,Brabourne Stadium,2,4.6,India,England,JI Rodrigues,S Mandhana,HC Knight,1,0,,,,,,,,,
1131240,2017/18,2018-03-29,Brabourne Stadium,2,5.1,India,England,JI Rodrigues,S Mandhana,D Hazell,0,0,,,,,,caught,JI Rodrigues,,
1131240,2017/18,2018-03-29,Brabourne Stadium,2,5.2,India,England,H Kaur,S Mandhana,D Hazell,0,0,,,,,,,,,
1131240,2017/18,2018-03-29,Brabourne Stadium,2,5.3,India,England,H Kaur,S Mandhana,D Hazell,0,0,,,,,,,,,
1131240,2017/18,2018-03-29,Brabourne Stadium,2,5.4,India,England,H Kaur,S Mandhana,D Hazell,0,0,,,,,,,,,
1131240,2017/18,2018-03-29,Brabourne Stadium,2,5.5,India,England,H Kaur,S Mandhana,D Hazell,1,0,,,,,,,,,
1131240,2017/18,2018-03-29,Brabourne Stadium,2,5.6,India,England,S Mandhana,H Kaur,D Hazell,0,0,,,,,,,,,
1131240,2017/18,2018-03-29,Brabourne Stadium,2,6.1,India,England,H Kaur,S Mandhana,A Hartley,1,0,,,,,,,,,
1131240,2017/18,2018-03-29,Brabourne Stadium,2,6.2,India,England,S Mandhana,H Kaur,A Hartley,0,0,,,,,,,,,
1131240,2017/18,2018-03-29,Brabourne Stadium,2,6.3,India,England,S Mandhana,H Kaur,A Hartley,1,0,,,,,,,,,
1131240,2017/18,2018-03-29,Brabourne Stadium,2,6.4,India,England,H Kaur,S Mandhana,A Hartley,0,0,,,,,,,,,
1131240,2017/18,2018-03-29,Brabourne Stadium,2,6.5,India,England,H Kaur,S Mandhana,A Hartley,0,0,,,,,,,,,
1131240,2017/18,2018-03-29,Brabourne Stadium,2,6.6,India,England,H Kaur,S Mandhana,A Hartley,0,0,,,,,,,,,
1131240,2017/18,2018-03-29,Brabourne Stadium,2,7.1,India,England,S Mandhana,H Kaur,NR Sciver,1,0,,,,,,,,,
1131240,2017/18,2018-03-29,Brabourne Stadium,2,7.2,India,England,H Kaur,S Mandhana,NR Sciver,1,0,,,,,,,,,
1131240,2017/18,2018-03-29,Brabourne Stadium,2,7.3,India,England,S Mandhana,H Kaur,NR Sciver,0,0,,,,,,,,,
1131240,2017/18,2018-03-29,Brabourne Stadium,2,7.4,India,England,S Mandhana,H Kaur,NR Sciver,1,0,,,,,,,,,
1131240,2017/18,2018-03-29,Brabourne Stadium,2,7.5,India,England,H Kaur,S Mandhana,NR Sciver,1,0,,,,,,,,,
1131240,2017/18,2018-03-29,Brabourne Stadium,2,7.6,India,England,S Mandhana,H Kaur,NR Sciver,0,0,,,,,,,,,
1131240,2017/18,2018-03-29,Brabourne Stadium,2,8.1,India,England,H Kaur,S Mandhana,A Hartley,1,0,,,,,,,,,
1131240,2017/18,2018-03-29,Brabourne Stadium,2,8.2,India,England,S Mandhana,H Kaur,A Hartley,1,0,,,,,,,,,
1131240,2017/18,2018-03-29,Brabourne Stadium,2,8.3,India,England,H Kaur,S Mandhana,A Hartley,1,0,,,,,,,,,
1131240,2017/18,2018-03-29,Brabourne Stadium,2,8.4,India,England,S Mandhana,H Kaur,A Hartley,1,0,,,,,,,,,
1131240,2017/18,2018-03-29,Brabourne Stadium,2,8.5,India,England,H Kaur,S Mandhana,A Hartley,1,0,,,,,,,,,
1131240,2017/18,2018-03-29,Brabourne Stadium,2,8.6,India,England,S Mandhana,H Kaur,A Hartley,1,0,,,,,,,,,
1131240,2017/18,2018-03-29,Brabourne Stadium,2,9.1,India,England,S Mandhana,H Kaur,AN Davidson-Richards,6,0,,,,,,,,,
1131240,2017/18,2018-03-29,Brabourne Stadium,2,9.2,India,England,S Mandhana,H Kaur,AN Davidson-Richards,1,0,,,,,,,,,
1131240,2017/18,2018-03-29,Brabourne Stadium,2,9.3,India,England,H Kaur,S Mandhana,AN Davidson-Richards,0,0,,,,,,,,,
1131240,2017/18,2018-03-29,Brabourne Stadium,2,9.4,India,England,H Kaur,S Mandhana,AN Davidson-Richards,0,0,,,,,,,,,
1131240,2017/18,2018-03-29,Brabourne Stadium,2,9.5,India,England,H Kaur,S Mandhana,AN Davidson-Richards,1,0,,,,,,,,,
1131240,2017/18,2018-03-29,Brabourne Stadium,2,9.6,India,England,S Mandhana,H Kaur,AN Davidson-Richards,0,1,1,,,,,,,,
1131240,2017/18,2018-03-29,Brabourne Stadium,2,9.7,India,England,S Mandhana,H Kaur,AN Davidson-Richards,0,1,1,,,,,,,,
1131240,2017/18,2018-03-29,Brabourne Stadium,2,9.8,India,England,S Mandhana,H Kaur,AN Davidson-Richards,0,0,,,,,,,,,
1131240,2017/18,2018-03-29,Brabourne Stadium,2,10.1,India,England,H Kaur,S Mandhana,DN Wyatt,0,0,,,,,,,,,
1131240,2017/18,2018-03-29,Brabourne Stadium,2,10.2,India,England,H Kaur,S Mandhana,DN Wyatt,0,0,,,,,,,,,
1131240,2017/18,2018-03-29,Brabourne Stadium,2,10.3,India,England,H Kaur,S Mandhana,DN Wyatt,0,0,,,,,,,,,
1131240,2017/18,2018-03-29,Brabourne Stadium,2,10.4,India,England,H Kaur,S Mandhana,DN Wyatt,0,0,,,,,,,,,
1131240,2017/18,2018-03-29,Brabourne Stadium,2,10.5,India,England,H Kaur,S Mandhana,DN Wyatt,4,0,,,,,,,,,
1131240,2017/18,2018-03-29,Brabourne Stadium,2,10.6,India,England,H Kaur,S Mandhana,DN Wyatt,0,0,,,,,,,,,
1131240,2017/18,2018-03-29,Brabourne Stadium,2,11.1,India,England,S Mandhana,H Kaur,A Hartley,0,0,,,,,,,,,
1131240,2017/18,2018-03-29,Brabourne Stadium,2,11.2,India,England,S Mandhana,H Kaur,A Hartley,0,0,,,,,,,,,
1131240,2017/18,2018-03-29,Brabourne Stadium,2,11.3,India,England,S Mandhana,H Kaur,A Hartley,0,1,1,,,,,,,,
1131240,2017/18,2018-03-29,Brabourne Stadium,2,11.4,India,England,S Mandhana,H Kaur,A Hartley,1,0,,,,,,,,,
1131240,2017/18,2018-03-29,Brabourne Stadium,2,11.5,India,England,H Kaur,S Mandhana,A Hartley,0,0,,,,,,,,,
1131240,2017/18,2018-03-29,Brabourne Stadium,2,11.6,India,England,H Kaur,S Mandhana,A Hartley,1,0,,,,,,,,,
1131240,2017/18,2018-03-29,Brabourne Stadium,2,11.7,India,England,S Mandhana,H Kaur,A Hartley,1,0,,,,,,,,,
1131240,2017/18,2018-03-29,Brabourne Stadium,2,12.1,India,England,S Mandhana,H Kaur,DN Wyatt,0,0,,,,,,,,,
1131240,2017/18,2018-03-29,Brabourne Stadium,2,12.2,India,England,S Mandhana,H Kaur,DN Wyatt,2,0,,,,,,,,,
1131240,2017/18,2018-03-29,Brabourne Stadium,2,12.3,India,England,S Mandhana,H Kaur,DN Wyatt,0,0,,,,,,,,,
1131240,2017/18,2018-03-29,Brabourne Stadium,2,12.4,India,England,S Mandhana,H Kaur,DN Wyatt,2,0,,,,,,,,,
1131240,2017/18,2018-03-29,Brabourne Stadium,2,12.5,India,England,S Mandhana,H Kaur,DN Wyatt,1,0,,,,,,,,,
1131240,2017/18,2018-03-29,Brabourne Stadium,2,12.6,India,England,H Kaur,S Mandhana,DN Wyatt,0,0,,,,,,,,,
1131240,2017/18,2018-03-29,Brabourne Stadium,2,13.1,India,England,S Mandhana,H Kaur,D Hazell,4,0,,,,,,,,,
1131240,2017/18,2018-03-29,Brabourne Stadium,2,13.2,India,England,S Mandhana,H Kaur,D Hazell,0,0,,,,,,,,,
1131240,2017/18,2018-03-29,Brabourne Stadium,2,13.3,India,England,S Mandhana,H Kaur,D Hazell,1,0,,,,,,,,,
1131240,2017/18,2018-03-29,Brabourne Stadium,2,13.4,India,England,H Kaur,S Mandhana,D Hazell,0,0,,,,,,,,,
1131240,2017/18,2018-03-29,Brabourne Stadium,2,13.5,India,England,H Kaur,S Mandhana,D Hazell,1,0,,,,,,,,,
1131240,2017/18,2018-03-29,Brabourne Stadium,2,13.6,India,England,S Mandhana,H Kaur,D Hazell,1,0,,,,,,,,,
1131240,2017/18,2018-03-29,Brabourne Stadium,2,14.1,India,England,S Mandhana,H Kaur,NR Sciver,1,0,,,,,,,,,
1131240,2017/18,2018-03-29,Brabourne Stadium,2,14.2,India,England,H Kaur,S Mandhana,NR Sciver,0,0,,,,,,,,,
1131240,2017/18,2018-03-29,Brabourne Stadium,2,14.3,India,England,H Kaur,S Mandhana,NR Sciver,1,0,,,,,,,,,
1131240,2017/18,2018-03-29,Brabourne Stadium,2,14.4,India,England,S Mandhana,H Kaur,NR Sciver,0,0,,,,,,,,,
1131240,2017/18,2018-03-29,Brabourne Stadium,2,14.5,India,England,S Mandhana,H Kaur,NR Sciver,0,0,,,,,,,,,
1131240,2017/18,2018-03-29,Brabourne Stadium,2,14.6,India,England,S Mandhana,H Kaur,NR Sciver,4,0,,,,,,,,,
1131240,2017/18,2018-03-29,Brabourne Stadium,2,15.1,India,England,H Kaur,S Mandhana,A Hartley,1,0,,,,,,,,,
1131240,2017/18,2018-03-29,Brabourne Stadium,2,15.2,India,England,S Mandhana,H Kaur,A Hartley,4,0,,,,,,,,,
1131240,2017/18,2018-03-29,Brabourne Stadium,2,15.3,India,England,S Mandhana,H Kaur,A Hartley,1,0,,,,,,,,,
1131240,2017/18,2018-03-29,Brabourne Stadium,2,15.4,India,England,H Kaur,S Mandhana,A Hartley,4,0,,,,,,,,,
1131240,2017/18,2018-03-29,Brabourne Stadium,2,15.5,India,England,H Kaur,S Mandhana,A Hartley,0,1,1,,,,,,,,
