match_id,season,start_date,venue,innings,ball,batting_team,bowling_team,striker,non_striker,bowler,runs_off_bat,extras,wides,noballs,byes,legbyes,penalty,wicket_type,player_dismissed,other_wicket_type,other_player_dismissed
1131237,2017/18,2018-03-25,Brabourne Stadium,1,0.1,India,England,M Raj,S Mandhana,NE Farrant,0,0,,,,,,,,,
1131237,2017/18,2018-03-25,Brabourne Stadium,1,0.2,India,England,M Raj,S Mandhana,NE Farrant,1,0,,,,,,,,,
1131237,2017/18,2018-03-25,Brabourne Stadium,1,0.3,India,England,S Mandhana,M Raj,NE Farrant,0,0,,,,,,,,,
1131237,2017/18,2018-03-25,Brabourne Stadium,1,0.4,India,England,S Mandhana,M Raj,NE Farrant,0,0,,,,,,,,,
1131237,2017/18,2018-03-25,Brabourne Stadium,1,0.5,India,England,S Mandhana,M Raj,NE Farrant,1,0,,,,,,,,,
1131237,2017/18,2018-03-25,Brabourne Stadium,1,0.6,India,England,M Raj,S Mandhana,NE Farrant,0,0,,,,,,,,,
1131237,2017/18,2018-03-25,Brabourne Stadium,1,1.1,India,England,S Mandhana,M Raj,KL George,0,0,,,,,,,,,
1131237,2017/18,2018-03-25,Brabourne Stadium,1,1.2,India,England,S Mandhana,M Raj,KL George,0,1,1,,,,,,,,
1131237,2017/18,2018-03-25,Brabourne Stadium,1,1.3,India,England,S Mandhana,M Raj,KL George,1,0,,,,,,,,,
1131237,2017/18,2018-03-25,Brabourne Stadium,1,1.4,India,England,M Raj,S Mandhana,KL George,1,0,,,,,,,,,
1131237,2017/18,2018-03-25,Brabourne Stadium,1,1.5,India,England,S Mandhana,M Raj,KL George,1,0,,,,,,,,,
1131237,2017/18,2018-03-25,Brabourne Stadium,1,1.6,India,England,M Raj,S Mandhana,KL George,0,1,1,,,,,,,,
1131237,2017/18,2018-03-25,Brabourne Stadium,1,1.7,India,England,M Raj,S Mandhana,KL George,0,0,,,,,,,,,
1131237,2017/18,2018-03-25,Brabourne Stadium,1,1.8,India,England,M Raj,S Mandhana,KL George,1,0,,,,,,,,,
1131237,2017/18,2018-03-25,Brabourne Stadium,1,2.1,India,England,M Raj,S Mandhana,NE Farrant,0,0,,,,,,,,,
1131237,2017/18,2018-03-25,Brabourne Stadium,1,2.2,India,England,M Raj,S Mandhana,NE Farrant,4,0,,,,,,,,,
1131237,2017/18,2018-03-25,Brabourne Stadium,1,2.3,India,England,M Raj,S Mandhana,NE Farrant,0,0,,,,,,,,,
1131237,2017/18,2018-03-25,Brabourne Stadium,1,2.4,India,England,M Raj,S Mandhana,NE Farrant,4,0,,,,,,,,,
1131237,2017/18,2018-03-25,Brabourne Stadium,1,2.5,India,England,M Raj,S Mandhana,NE Farrant,0,0,,,,,,,,,
1131237,2017/18,2018-03-25,Brabourne Stadium,1,2.6,India,England,M Raj,S Mandhana,NE Farrant,0,0,,,,,,,,,
1131237,2017/18,2018-03-25,Brabourne Stadium,1,3.1,India,England,S Mandhana,M Raj,KL George,0,1,1,,,,,,,,
1131237,2017/18,2018-03-25,Brabourne Stadium,1,3.2,India,England,S Mandhana,M Raj,KL George,1,0,,,,,,,,,
1131237,2017/18,2018-03-25,Brabourne Stadium,1,3.3,India,England,M Raj,S Mandhana,KL George,1,0,,,,,,,,,
1131237,2017/18,2018-03-25,Brabourne Stadium,1,3.4,India,England,S Mandhana,M Raj,KL George,0,1,1,,,,,,,,
1131237,2017/18,2018-03-25,Brabourne Stadium,1,3.5,India,England,S Mandhana,M Raj,KL George,4,0,,,,,,,,,
1131237,2017/18,2018-03-25,Brabourne Stadium,1,3.6,India,England,S Mandhana,M Raj,KL George,6,0,,,,,,,,,
1131237,2017/18,2018-03-25,Brabourne Stadium,1,3.7,India,England,S Mandhana,M Raj,KL George,2,0,,,,,,,,,
1131237,2017/18,2018-03-25,Brabourne Stadium,1,3.8,India,England,S Mandhana,M Raj,KL George,4,0,,,,,,,,,
1131237,2017/18,2018-03-25,Brabourne Stadium,1,4.1,India,England,M Raj,S Mandhana,S Ecclestone,0,0,,,,,,,,,
1131237,2017/18,2018-03-25,Brabourne Stadium,1,4.2,India,England,M Raj,S Mandhana,S Ecclestone,0,0,,,,,,,,,
1131237,2017/18,2018-03-25,Brabourne Stadium,1,4.3,India,England,M Raj,S Mandhana,S Ecclestone,1,0,,,,,,,,,
1131237,2017/18,2018-03-25,Brabourne Stadium,1,4.4,India,England,S Mandhana,M Raj,S Ecclestone,1,0,,,,,,,,,
1131237,2017/18,2018-03-25,Brabourne Stadium,1,4.5,India,England,M Raj,S Mandhana,S Ecclestone,0,0,,,,,,,,,
1131237,2017/18,2018-03-25,Brabourne Stadium,1,4.6,India,England,M Raj,S Mandhana,S Ecclestone,1,0,,,,,,,,,
1131237,2017/18,2018-03-25,Brabourne Stadium,1,5.1,India,England,M Raj,S Mandhana,NR Sciver,1,0,,,,,,,,,
1131237,2017/18,2018-03-25,Brabourne Stadium,1,5.2,India,England,S Mandhana,M Raj,NR Sciver,4,0,,,,,,,,,
1131237,2017/18,2018-03-25,Brabourne Stadium,1,5.3,India,England,S Mandhana,M Raj,NR Sciver,4,0,,,,,,,,,
1131237,2017/18,2018-03-25,Brabourne Stadium,1,5.4,India,England,S Mandhana,M Raj,NR Sciver,0,0,,,,,,,,,
1131237,2017/18,2018-03-25,Brabourne Stadium,1,5.5,India,England,S Mandhana,M Raj,NR Sciver,4,0,,,,,,,,,
1131237,2017/18,2018-03-25,Brabourne Stadium,1,5.6,India,England,S Mandhana,M Raj,NR Sciver,0,0,,,,,,,,,
1131237,2017/18,2018-03-25,Brabourne Stadium,1,6.1,India,England,M Raj,S Mandhana,S Ecclestone,1,0,,,,,,,,,
1131237,2017/18,2018-03-25,Brabourne Stadium,1,6.2,India,England,S Mandhana,M Raj,S Ecclestone,4,0,,,,,,,,,
1131237,2017/18,2018-03-25,Brabourne Stadium,1,6.3,India,England,S Mandhana,M Raj,S Ecclestone,0,0,,,,,,,,,
1131237,2017/18,2018-03-25,Brabourne Stadium,1,6.4,India,England,S Mandhana,M Raj,S Ecclestone,0,0,,,,,,,,,
1131237,2017/18,2018-03-25,Brabourne Stadium,1,6.5,India,England,S Mandhana,M Raj,S Ecclestone,6,0,,,,,,,,,
1131237,2017/18,2018-03-25,Brabourne Stadium,1,6.6,India,England,S Mandhana,M Raj,S Ecclestone,4,0,,,,,,,,,
1131237,2017/18,2018-03-25,Brabourne Stadium,1,7.1,India,England,M Raj,S Mandhana,HC Knight,1,0,,,,,,,,,
1131237,2017/18,2018-03-25,Brabourne Stadium,1,7.2,India,England,S Mandhana,M Raj,HC Knight,1,0,,,,,,,,,
1131237,2017/18,2018-03-25,Brabourne Stadium,1,7.3,India,England,M Raj,S Mandhana,HC Knight,0,0,,,,,,,,,
1131237,2017/18,2018-03-25,Brabourne Stadium,1,7.4,India,England,M Raj,S Mandhana,HC Knight,4,0,,,,,,,,,
1131237,2017/18,2018-03-25,Brabourne Stadium,1,7.5,India,England,M Raj,S Mandhana,HC Knight,1,0,,,,,,,,,
1131237,2017/18,2018-03-25,Brabourne Stadium,1,7.6,India,England,S Mandhana,M Raj,HC Knight,0,0,,,,,,,,,
1131237,2017/18,2018-03-25,Brabourne Stadium,1,8.1,India,England,M Raj,S Mandhana,JL Gunn,0,0,,,,,,,,,
1131237,2017/18,2018-03-25,Brabourne Stadium,1,8.2,India,England,M Raj,S Mandhana,JL Gunn,4,0,,,,,,,,,
1131237,2017/18,2018-03-25,Brabourne Stadium,1,8.3,India,England,M Raj,S Mandhana,JL Gunn,1,0,,,,,,,,,
1131237,2017/18,2018-03-25,Brabourne Stadium,1,8.4,India,England,S Mandhana,M Raj,JL Gunn,4,0,,,,,,,,,
1131237,2017/18,2018-03-25,Brabourne Stadium,1,8.5,India,England,S Mandhana,M Raj,JL Gunn,1,0,,,,,,,,,
1131237,2017/18,2018-03-25,Brabourne Stadium,1,8.6,India,England,M Raj,S Mandhana,JL Gunn,4,0,,,,,,,,,
1131237,2017/18,2018-03-25,Brabourne Stadium,1,9.1,India,England,S Mandhana,M Raj,HC Knight,0,1,1,,,,,,,,
1131237,2017/18,2018-03-25,Brabourne Stadium,1,9.2,India,England,S Mandhana,M Raj,HC Knight,0,0,,,,,,,,,
1131237,2017/18,2018-03-25,Brabourne Stadium,1,9.3,India,England,S Mandhana,M Raj,HC Knight,1,0,,,,,,,,,
1131237,2017/18,2018-03-25,Brabourne Stadium,1,9.4,India,England,M Raj,S Mandhana,HC Knight,1,0,,,,,,,,,
1131237,2017/18,2018-03-25,Brabourne Stadium,1,9.5,India,England,S Mandhana,M Raj,HC Knight,1,0,,,,,,,,,
1131237,2017/18,2018-03-25,Brabourne Stadium,1,9.6,India,England,M Raj,S Mandhana,HC Knight,3,0,,,,,,,,,
1131237,2017/18,2018-03-25,Brabourne Stadium,1,9.7,India,England,S Mandhana,M Raj,HC Knight,1,0,,,,,,,,,
1131237,2017/18,2018-03-25,Brabourne Stadium,1,10.1,India,England,S Mandhana,M Raj,DN Wyatt,4,0,,,,,,,,,
1131237,2017/18,2018-03-25,Brabourne Stadium,1,10.2,India,England,S Mandhana,M Raj,DN Wyatt,2,0,,,,,,,,,
1131237,2017/18,2018-03-25,Brabourne Stadium,1,10.3,India,England,S Mandhana,M Raj,DN Wyatt,4,0,,,,,,,,,
1131237,2017/18,2018-03-25,Brabourne Stadium,1,10.4,India,England,S Mandhana,M Raj,DN Wyatt,1,0,,,,,,,,,
1131237,2017/18,2018-03-25,Brabourne Stadium,1,10.5,India,England,M Raj,S Mandhana,DN Wyatt,1,0,,,,,,,,,
1131237,2017/18,2018-03-25,Brabourne Stadium,1,10.6,India,England,S Mandhana,M Raj,DN Wyatt,0,0,,,,,,,,,
1131237,2017/18,2018-03-25,Brabourne Stadium,1,11.1,India,England,M Raj,S Mandhana,HC Knight,1,0,,,,,,,,,
1131237,2017/18,2018-03-25,Brabourne Stadium,1,11.2,India,England,S Mandhana,M Raj,HC Knight,0,0,,,,,,,,,
1131237,2017/18,2018-03-25,Brabourne Stadium,1,11.3,India,England,S Mandhana,M Raj,HC Knight,1,0,,,,,,,,,
1131237,2017/18,2018-03-25,Brabourne Stadium,1,11.4,India,England,M Raj,S Mandhana,HC Knight,4,0,,,,,,,,,
1131237,2017/18,2018-03-25,Brabourne Stadium,1,11.5,India,England,M Raj,S Mandhana,HC Knight,1,0,,,,,,,,,
1131237,2017/18,2018-03-25,Brabourne Stadium,1,11.6,India,England,S Mandhana,M Raj,HC Knight,4,0,,,,,,,,,
1131237,2017/18,2018-03-25,Brabourne Stadium,1,12.1,India,England,M Raj,S Mandhana,NR Sciver,0,1,1,,,,,,,,
1131237,2017/18,2018-03-25,Brabourne Stadium,1,12.2,India,England,M Raj,S Mandhana,NR Sciver,0,0,,,,,,,,,
1131237,2017/18,2018-03-25,Brabourne Stadium,1,12.3,India,England,M Raj,S Mandhana,NR Sciver,4,0,,,,,,,,,
1131237,2017/18,2018-03-25,Brabourne Stadium,1,12.4,India,England,M Raj,S Mandhana,NR Sciver,1,0,,,,,,,,,
1131237,2017/18,2018-03-25,Brabourne Stadium,1,12.5,India,England,S Mandhana,M Raj,NR Sciver,4,0,,,,,,,,,
1131237,2017/18,2018-03-25,Brabourne Stadium,1,12.6,India,England,S Mandhana,M Raj,NR Sciver,0,0,,,,,,caught,S Mandhana,,
1131237,2017/18,2018-03-25,Brabourne Stadium,1,12.7,India,England,H Kaur,M Raj,NR Sciver,1,0,,,,,,,,,
1131237,2017/18,2018-03-25,Brabourne Stadium,1,13.1,India,England,H Kaur,M Raj,S Ecclestone,0,3,3,,,,,,,,
1131237,2017/18,2018-03-25,Brabourne Stadium,1,13.2,India,England,H Kaur,M Raj,S Ecclestone,0,0,,,,,,,,,
1131237,2017/18,2018-03-25,Brabourne Stadium,1,13.3,India,England,H Kaur,M Raj,S Ecclestone,0,0,,,,,,,,,
1131237,2017/18,2018-03-25,Brabourne Stadium,1,13.4,India,England,H Kaur,M Raj,S Ecclestone,1,0,,,,,,,,,
1131237,2017/18,2018-03-25,Brabourne Stadium,1,13.5,India,England,M Raj,H Kaur,S Ecclestone,0,0,,,,,,,,,
1131237,2017/18,2018-03-25,Brabourne Stadium,1,13.6,India,England,M Raj,H Kaur,S Ecclestone,1,0,,,,,,,,,
1131237,2017/18,2018-03-25,Brabourne Stadium,1,13.7,India,England,H Kaur,M Raj,S Ecclestone,0,0,,,,,,,,,
1131237,2017/18,2018-03-25,Brabourne Stadium,1,14.1,India,England,M Raj,H Kaur,NE Farrant,2,0,,,,,,,,,
1131237,2017/18,2018-03-25,Brabourne Stadium,1,14.2,India,England,M Raj,H Kaur,NE Farrant,1,0,,,,,,,,,
1131237,2017/18,2018-03-25,Brabourne Stadium,1,14.3,India,England,H Kaur,M Raj,NE Farrant,1,0,,,,,,,,,
1131237,2017/18,2018-03-25,Brabourne Stadium,1,14.4,India,England,M Raj,H Kaur,NE Farrant,2,0,,,,,,,,,
1131237,2017/18,2018-03-25,Brabourne Stadium,1,14.5,India,England,M Raj,H Kaur,NE Farrant,0,0,,,,,,caught,M Raj,,
1131237,2017/18,2018-03-25,Brabourne Stadium,1,14.6,India,England,H Kaur,V Krishnamurthy,NE Farrant,1,0,,,,,,,,,
1131237,2017/18,2018-03-25,Brabourne Stadium,1,15.1,India,England,H Kaur,V Krishnamurthy,JL Gunn,0,0,,,,,,,,,
1131237,2017/18,2018-03-25,Brabourne Stadium,1,15.2,India,England,H Kaur,V Krishnamurthy,JL Gunn,1,0,,,,,,,,,
1131237,2017/18,2018-03-25,Brabourne Stadium,1,15.3,India,England,V Krishnamurthy,H Kaur,JL Gunn,1,0,,,,,,,,,
1131237,2017/18,2018-03-25,Brabourne Stadium,1,15.4,India,England,H Kaur,V Krishnamurthy,JL Gunn,1,0,,,,,,,,,
1131237,2017/18,2018-03-25,Brabourne Stadium,1,15.5,India,England,V Krishnamurthy,H Kaur,JL Gunn,1,0,,,,,,,,,
1131237,2017/18,2018-03-25,Brabourne Stadium,1,15.6,India,England,H Kaur,V Krishnamurthy,JL Gunn,1,0,,,,,,,,,
1131237,2017/18,2018-03-25,Brabourne Stadium,1,16.1,India,England,H Kaur,V Krishnamurthy,S Ecclestone,1,0,,,,,,,,,
1131237,2017/18,2018-03-25,Brabourne Stadium,1,16.2,India,England,V Krishnamurthy,H Kaur,S Ecclestone,0,2,2,,,,,,,,
1131237,2017/18,2018-03-25,Brabourne Stadium,1,16.3,India,England,H Kaur,V Krishnamurthy,S Ecclestone,1,0,,,,,,,,,
1131237,2017/18,2018-03-25,Brabourne Stadium,1,16.4,India,England,V Krishnamurthy,H Kaur,S Ecclestone,1,0,,,,,,,,,
1131237,2017/18,2018-03-25,Brabourne Stadium,1,16.5,India,England,H Kaur,V Krishnamurthy,S Ecclestone,1,0,,,,,,,,,
1131237,2017/18,2018-03-25,Brabourne Stadium,1,16.6,India,England,V Krishnamurthy,H Kaur,S Ecclestone,0,0,,,,,,bowled,V Krishnamurthy,,
1131237,2017/18,2018-03-25,Brabourne Stadium,1,16.7,India,England,P Vastrakar,H Kaur,S Ecclestone,0,0,,,,,,,,,
1131237,2017/18,2018-03-25,Brabourne Stadium,1,17.1,India,England,H Kaur,P Vastrakar,JL Gunn,6,0,,,,,,,,,
1131237,2017/18,2018-03-25,Brabourne Stadium,1,17.2,India,England,H Kaur,P Vastrakar,JL Gunn,1,0,,,,,,,,,
1131237,2017/18,2018-03-25,Brabourne Stadium,1,17.3,India,England,P Vastrakar,H Kaur,JL Gunn,1,0,,,,,,,,,
1131237,2017/18,2018-03-25,Brabourne Stadium,1,17.4,India,England,H Kaur,P Vastrakar,JL Gunn,1,0,,,,,,,,,
1131237,2017/18,2018-03-25,Brabourne Stadium,1,17.5,India,England,P Vastrakar,H Kaur,JL Gunn,2,0,,,,,,,,,
1131237,2017/18,2018-03-25,Brabourne Stadium,1,17.6,India,England,P Vastrakar,H Kaur,JL Gunn,2,0,,,,,,,,,
1131237,2017/18,2018-03-25,Brabourne Stadium,1,18.1,India,England,H Kaur,P Vastrakar,NE Farrant,0,0,,,,,,,,,
1131237,2017/18,2018-03-25,Brabourne Stadium,1,18.2,India,England,H Kaur,P Vastrakar,NE Farrant,4,0,,,,,,,,,
1131237,2017/18,2018-03-25,Brabourne Stadium,1,18.3,India,England,H Kaur,P Vastrakar,NE Farrant,0,1,1,,,,,,,,
1131237,2017/18,2018-03-25,Brabourne Stadium,1,18.4,India,England,H Kaur,P Vastrakar,NE Farrant,4,0,,,,,,,,,
1131237,2017/18,2018-03-25,Brabourne Stadium,1,18.5,India,England,H Kaur,P Vastrakar,NE Farrant,4,0,,,,,,,,,
1131237,2017/18,2018-03-25,Brabourne Stadium,1,18.6,India,England,H Kaur,P Vastrakar,NE Farrant,0,0,,,,,,bowled,H Kaur,,
1131237,2017/18,2018-03-25,Brabourne Stadium,1,18.7,India,England,AA Patil,P Vastrakar,NE Farrant,2,0,,,,,,,,,
1131237,2017/18,2018-03-25,Brabourne Stadium,1,19.1,India,England,P Vastrakar,AA Patil,JL Gunn,4,0,,,,,,,,,
1131237,2017/18,2018-03-25,Brabourne Stadium,1,19.2,India,England,P Vastrakar,AA Patil,JL Gunn,4,0,,,,,,,,,
1131237,2017/18,2018-03-25,Brabourne Stadium,1,19.3,India,England,P Vastrakar,AA Patil,JL Gunn,0,0,,,,,,,,,
1131237,2017/18,2018-03-25,Brabourne Stadium,1,19.4,India,England,P Vastrakar,AA Patil,JL Gunn,4,0,,,,,,,,,
1131237,2017/18,2018-03-25,Brabourne Stadium,1,19.5,India,England,P Vastrakar,AA Patil,JL Gunn,4,0,,,,,,,,,
1131237,2017/18,2018-03-25,Brabourne Stadium,1,19.6,India,England,P Vastrakar,AA Patil,JL Gunn,1,0,,,,,,,,,
1131237,2017/18,2018-03-25,Brabourne Stadium,2,0.1,England,India,DN Wyatt,BF Smith,J Goswami,0,0,,,,,,,,,
1131237,2017/18,2018-03-25,Brabourne Stadium,2,0.2,England,India,DN Wyatt,BF Smith,J Goswami,4,0,,,,,,,,,
1131237,2017/18,2018-03-25,Brabourne Stadium,2,0.3,England,India,DN Wyatt,BF Smith,J Goswami,4,0,,,,,,,,,
1131237,2017/18,2018-03-25,Brabourne Stadium,2,0.4,England,India,DN Wyatt,BF Smith,J Goswami,0,0,,,,,,,,,
1131237,2017/18,2018-03-25,Brabourne Stadium,2,0.5,England,India,DN Wyatt,BF Smith,J Goswami,4,0,,,,,,,,,
1131237,2017/18,2018-03-25,Brabourne Stadium,2,0.6,England,India,DN Wyatt,BF Smith,J Goswami,1,0,,,,,,,,,
1131237,2017/18,2018-03-25,Brabourne Stadium,2,1.1,England,India,DN Wyatt,BF Smith,AA Patil,1,0,,,,,,,,,
1131237,2017/18,2018-03-25,Brabourne Stadium,2,1.2,England,India,BF Smith,DN Wyatt,AA Patil,1,0,,,,,,,,,
1131237,2017/18,2018-03-25,Brabourne Stadium,2,1.3,England,India,DN Wyatt,BF Smith,AA Patil,6,0,,,,,,,,,
1131237,2017/18,2018-03-25,Brabourne Stadium,2,1.4,England,India,DN Wyatt,BF Smith,AA Patil,0,0,,,,,,,,,
1131237,2017/18,2018-03-25,Brabourne Stadium,2,1.5,England,India,DN Wyatt,BF Smith,AA Patil,4,0,,,,,,,,,
1131237,2017/18,2018-03-25,Brabourne Stadium,2,1.6,England,India,DN Wyatt,BF Smith,AA Patil,1,0,,,,,,,,,
1131237,2017/18,2018-03-25,Brabourne Stadium,2,2.1,England,India,DN Wyatt,BF Smith,P Vastrakar,0,1,1,,,,,,,,
1131237,2017/18,2018-03-25,Brabourne Stadium,2,2.2,England,India,DN Wyatt,BF Smith,P Vastrakar,0,0,,,,,,,,,
1131237,2017/18,2018-03-25,Brabourne Stadium,2,2.3,England,India,DN Wyatt,BF Smith,P Vastrakar,0,0,,,,,,,,,
1131237,2017/18,2018-03-25,Brabourne Stadium,2,2.4,England,India,DN Wyatt,BF Smith,P Vastrakar,1,0,,,,,,,,,
1131237,2017/18,2018-03-25,Brabourne Stadium,2,2.5,England,India,BF Smith,DN Wyatt,P Vastrakar,0,0,,,,,,,,,
1131237,2017/18,2018-03-25,Brabourne Stadium,2,2.6,England,India,BF Smith,DN Wyatt,P Vastrakar,0,0,,,,,,,,,
1131237,2017/18,2018-03-25,Brabourne Stadium,2,2.7,England,India,BF Smith,DN Wyatt,P Vastrakar,4,0,,,,,,,,,
1131237,2017/18,2018-03-25,Brabourne Stadium,2,3.1,England,India,DN Wyatt,BF Smith,AA Patil,1,0,,,,,,,,,
1131237,2017/18,2018-03-25,Brabourne Stadium,2,3.2,England,India,BF Smith,DN Wyatt,AA Patil,0,0,,,,,,,,,
1131237,2017/18,2018-03-25,Brabourne Stadium,2,3.3,England,India,BF Smith,DN Wyatt,AA Patil,4,0,,,,,,,,,
1131237,2017/18,2018-03-25,Brabourne Stadium,2,3.4,England,India,BF Smith,DN Wyatt,AA Patil,2,0,,,,,,,,,
1131237,2017/18,2018-03-25,Brabourne Stadium,2,3.5,England,India,BF Smith,DN Wyatt,AA Patil,1,0,,,,,,,,,
1131237,2017/18,2018-03-25,Brabourne Stadium,2,3.6,England,India,DN Wyatt,BF Smith,AA Patil,4,0,,,,,,,,,
1131237,2017/18,2018-03-25,Brabourne Stadium,2,4.1,England,India,BF Smith,DN Wyatt,P Vastrakar,1,0,,,,,,,,,
1131237,2017/18,2018-03-25,Brabourne Stadium,2,4.2,England,India,DN Wyatt,BF Smith,P Vastrakar,0,0,,,,,,,,,
1131237,2017/18,2018-03-25,Brabourne Stadium,2,4.3,England,India,DN Wyatt,BF Smith,P Vastrakar,4,0,,,,,,,,,
1131237,2017/18,2018-03-25,Brabourne Stadium,2,4.4,England,India,DN Wyatt,BF Smith,P Vastrakar,4,0,,,,,,,,,
1131237,2017/18,2018-03-25,Brabourne Stadium,2,4.5,England,India,DN Wyatt,BF Smith,P Vastrakar,0,0,,,,,,,,,
1131237,2017/18,2018-03-25,Brabourne Stadium,2,4.6,England,India,DN Wyatt,BF Smith,P Vastrakar,6,0,,,,,,,,,
1131237,2017/18,2018-03-25,Brabourne Stadium,2,5.1,England,India,BF Smith,DN Wyatt,J Goswami,2,0,,,,,,,,,
1131237,2017/18,2018-03-25,Brabourne Stadium,2,5.2,England,India,BF Smith,DN Wyatt,J Goswami,0,0,,,,,,bowled,BF Smith,,
1131237,2017/18,2018-03-25,Brabourne Stadium,2,5.3,England,India,TT Beaumont,DN Wyatt,J Goswami,1,0,,,,,,,,,
1131237,2017/18,2018-03-25,Brabourne Stadium,2,5.4,England,India,DN Wyatt,TT Beaumont,J Goswami,0,0,,,,,,,,,
1131237,2017/18,2018-03-25,Brabourne Stadium,2,5.5,England,India,DN Wyatt,TT Beaumont,J Goswami,4,0,,,,,,,,,
1131237,2017/18,2018-03-25,Brabourne Stadium,2,5.6,England,India,DN Wyatt,TT Beaumont,J Goswami,1,0,,,,,,,,,
1131237,2017/18,2018-03-25,Brabourne Stadium,2,6.1,England,India,DN Wyatt,TT Beaumont,Poonam Yadav,0,0,,,,,,,,,
1131237,2017/18,2018-03-25,Brabourne Stadium,2,6.2,England,India,DN Wyatt,TT Beaumont,Poonam Yadav,1,0,,,,,,,,,
1131237,2017/18,2018-03-25,Brabourne Stadium,2,6.3,England,India,TT Beaumont,DN Wyatt,Poonam Yadav,1,0,,,,,,,,,
1131237,2017/18,2018-03-25,Brabourne Stadium,2,6.4,England,India,DN Wyatt,TT Beaumont,Poonam Yadav,1,0,,,,,,,,,
1131237,2017/18,2018-03-25,Brabourne Stadium,2,6.5,England,India,TT Beaumont,DN Wyatt,Poonam Yadav,1,0,,,,,,,,,
1131237,2017/18,2018-03-25,Brabourne Stadium,2,6.6,England,India,DN Wyatt,TT Beaumont,Poonam Yadav,1,0,,,,,,,,,
1131237,2017/18,2018-03-25,Brabourne Stadium,2,7.1,England,India,DN Wyatt,TT Beaumont,H Kaur,1,0,,,,,,,,,
1131237,2017/18,2018-03-25,Brabourne Stadium,2,7.2,England,India,TT Beaumont,DN Wyatt,H Kaur,0,0,,,,,,,,,
1131237,2017/18,2018-03-25,Brabourne Stadium,2,7.3,England,India,TT Beaumont,DN Wyatt,H Kaur,1,0,,,,,,,,,
1131237,2017/18,2018-03-25,Brabourne Stadium,2,7.4,England,India,DN Wyatt,TT Beaumont,H Kaur,4,0,,,,,,,,,
1131237,2017/18,2018-03-25,Brabourne Stadium,2,7.5,England,India,DN Wyatt,TT Beaumont,H Kaur,1,0,,,,,,,,,
1131237,2017/18,2018-03-25,Brabourne Stadium,2,7.6,England,India,TT Beaumont,DN Wyatt,H Kaur,1,0,,,,,,,,,
1131237,2017/18,2018-03-25,Brabourne Stadium,2,8.1,England,India,TT Beaumont,DN Wyatt,Poonam Yadav,2,0,,,,,,,,,
1131237,2017/18,2018-03-25,Brabourne Stadium,2,8.2,England,India,TT Beaumont,DN Wyatt,Poonam Yadav,1,0,,,,,,,,,
1131237,2017/18,2018-03-25,Brabourne Stadium,2,8.3,England,India,DN Wyatt,TT Beaumont,Poonam Yadav,6,0,,,,,,,,,
1131237,2017/18,2018-03-25,Brabourne Stadium,2,8.4,England,India,DN Wyatt,TT Beaumont,Poonam Yadav,6,0,,,,,,,,,
1131237,2017/18,2018-03-25,Brabourne Stadium,2,8.5,England,India,DN Wyatt,TT Beaumont,Poonam Yadav,0,0,,,,,,,,,
1131237,2017/18,2018-03-25,Brabourne Stadium,2,8.6,England,India,DN Wyatt,TT Beaumont,Poonam Yadav,1,0,,,,,,,,,
1131237,2017/18,2018-03-25,Brabourne Stadium,2,9.1,England,India,DN Wyatt,TT Beaumont,DB Sharma,2,0,,,,,,,,,
1131237,2017/18,2018-03-25,Brabourne Stadium,2,9.2,England,India,DN Wyatt,TT Beaumont,DB Sharma,4,0,,,,,,,,,
1131237,2017/18,2018-03-25,Brabourne Stadium,2,9.3,England,India,DN Wyatt,TT Beaumont,DB Sharma,1,0,,,,,,,,,
1131237,2017/18,2018-03-25,Brabourne Stadium,2,9.4,England,India,TT Beaumont,DN Wyatt,DB Sharma,1,0,,,,,,,,,
1131237,2017/18,2018-03-25,Brabourne Stadium,2,9.5,England,India,DN Wyatt,TT Beaumont,DB Sharma,2,0,,,,,,,,,
1131237,2017/18,2018-03-25,Brabourne Stadium,2,9.6,England,India,DN Wyatt,TT Beaumont,DB Sharma,1,0,,,,,,,,,
1131237,2017/18,2018-03-25,Brabourne Stadium,2,10.1,England,India,DN Wyatt,TT Beaumont,P Vastrakar,4,0,,,,,,,,,
1131237,2017/18,2018-03-25,Brabourne Stadium,2,10.2,England,India,DN Wyatt,TT Beaumont,P Vastrakar,1,0,,,,,,,,,
1131237,2017/18,2018-03-25,Brabourne Stadium,2,10.3,England,India,TT Beaumont,DN Wyatt,P Vastrakar,0,0,,,,,,,,,
1131237,2017/18,2018-03-25,Brabourne Stadium,2,10.4,England,India,TT Beaumont,DN Wyatt,P Vastrakar,0,1,1,,,,,,,,
1131237,2017/18,2018-03-25,Brabourne Stadium,2,10.5,England,India,TT Beaumont,DN Wyatt,P Vastrakar,4,0,,,,,,,,,
1131237,2017/18,2018-03-25,Brabourne Stadium,2,10.6,England,India,TT Beaumont,DN Wyatt,P Vastrakar,1,0,,,,,,,,,
1131237,2017/18,2018-03-25,Brabourne Stadium,2,10.7,England,India,DN Wyatt,TT Beaumont,P Vastrakar,4,0,,,,,,,,,
1131237,2017/18,2018-03-25,Brabourne Stadium,2,11.1,England,India,TT Beaumont,DN Wyatt,DB Sharma,4,0,,,,,,,,,
1131237,2017/18,2018-03-25,Brabourne Stadium,2,11.2,England,India,TT Beaumont,DN Wyatt,DB Sharma,1,0,,,,,,,,,
1131237,2017/18,2018-03-25,Brabourne Stadium,2,11.3,England,India,DN Wyatt,TT Beaumont,DB Sharma,0,0,,,,,,,,,
1131237,2017/18,2018-03-25,Brabourne Stadium,2,11.4,England,India,DN Wyatt,TT Beaumont,DB Sharma,0,0,,,,,,,,,
1131237,2017/18,2018-03-25,Brabourne Stadium,2,11.5,England,India,DN Wyatt,TT Beaumont,DB Sharma,2,0,,,,,,,,,
1131237,2017/18,2018-03-25,Brabourne Stadium,2,11.6,England,India,DN Wyatt,TT Beaumont,DB Sharma,0,0,,,,,,,,,
1131237,2017/18,2018-03-25,Brabourne Stadium,2,12.1,England,India,TT Beaumont,DN Wyatt,AA Patil,4,0,,,,,,,,,
1131237,2017/18,2018-03-25,Brabourne Stadium,2,12.2,England,India,TT Beaumont,DN Wyatt,AA Patil,1,0,,,,,,,,,
1131237,2017/18,2018-03-25,Brabourne Stadium,2,12.3,England,India,DN Wyatt,TT Beaumont,AA Patil,1,0,,,,,,,,,
1131237,2017/18,2018-03-25,Brabourne Stadium,2,12.4,England,India,TT Beaumont,DN Wyatt,AA Patil,6,0,,,,,,,,,
1131237,2017/18,2018-03-25,Brabourne Stadium,2,12.5,England,India,TT Beaumont,DN Wyatt,AA Patil,0,0,,,,,,,,,
1131237,2017/18,2018-03-25,Brabourne Stadium,2,12.6,England,India,TT Beaumont,DN Wyatt,AA Patil,0,2,2,,,,,,,,
1131237,2017/18,2018-03-25,Brabourne Stadium,2,12.7,England,India,DN Wyatt,TT Beaumont,AA Patil,1,0,,,,,,,,,
1131237,2017/18,2018-03-25,Brabourne Stadium,2,13.1,England,India,DN Wyatt,TT Beaumont,J Goswami,1,0,,,,,,,,,
1131237,2017/18,2018-03-25,Brabourne Stadium,2,13.2,England,India,TT Beaumont,DN Wyatt,J Goswami,2,0,,,,,,,,,
1131237,2017/18,2018-03-25,Brabourne Stadium,2,13.3,England,India,TT Beaumont,DN Wyatt,J Goswami,2,0,,,,,,,,,
1131237,2017/18,2018-03-25,Brabourne Stadium,2,13.4,England,India,TT Beaumont,DN Wyatt,J Goswami,0,0,,,,,,,,,
1131237,2017/18,2018-03-25,Brabourne Stadium,2,13.5,England,India,TT Beaumont,DN Wyatt,J Goswami,1,0,,,,,,,,,
1131237,2017/18,2018-03-25,Brabourne Stadium,2,13.6,England,India,DN Wyatt,TT Beaumont,J Goswami,1,0,,,,,,,,,
1131237,2017/18,2018-03-25,Brabourne Stadium,2,14.1,England,India,DN Wyatt,TT Beaumont,DB Sharma,4,0,,,,,,,,,
1131237,2017/18,2018-03-25,Brabourne Stadium,2,14.2,England,India,DN Wyatt,TT Beaumont,DB Sharma,1,0,,,,,,,,,
1131237,2017/18,2018-03-25,Brabourne Stadium,2,14.3,England,India,TT Beaumont,DN Wyatt,DB Sharma,0,1,1,,,,,,,,
1131237,2017/18,2018-03-25,Brabourne Stadium,2,14.4,England,India,TT Beaumont,DN Wyatt,DB Sharma,0,0,,,,,,caught,TT Beaumont,,
1131237,2017/18,2018-03-25,Brabourne Stadium,2,14.5,England,India,DN Wyatt,NR Sciver,DB Sharma,1,0,,,,,,,,,
1131237,2017/18,2018-03-25,Brabourne Stadium,2,14.6,England,India,NR Sciver,DN Wyatt,DB Sharma,1,0,,,,,,,,,
1131237,2017/18,2018-03-25,Brabourne Stadium,2,14.7,England,India,DN Wyatt,NR Sciver,DB Sharma,1,0,,,,,,,,,
1131237,2017/18,2018-03-25,Brabourne Stadium,2,15.1,England,India,DN Wyatt,NR Sciver,Poonam Yadav,4,0,,,,,,,,,
1131237,2017/18,2018-03-25,Brabourne Stadium,2,15.2,England,India,DN Wyatt,NR Sciver,Poonam Yadav,1,0,,,,,,,,,
1131237,2017/18,2018-03-25,Brabourne Stadium,2,15.3,England,India,NR Sciver,DN Wyatt,Poonam Yadav,1,0,,,,,,,,,
1131237,2017/18,2018-03-25,Brabourne Stadium,2,15.4,England,India,DN Wyatt,NR Sciver,Poonam Yadav,6,0,,,,,,,,,
1131237,2017/18,2018-03-25,Brabourne Stadium,2,15.5,England,India,DN Wyatt,NR Sciver,Poonam Yadav,1,0,,,,,,,,,
1131237,2017/18,2018-03-25,Brabourne Stadium,2,15.6,England,India,NR Sciver,DN Wyatt,Poonam Yadav,1,0,,,,,,,,,
1131237,2017/18,2018-03-25,Brabourne Stadium,2,16.1,England,India,NR Sciver,DN Wyatt,DB Sharma,1,0,,,,,,,,,
1131237,2017/18,2018-03-25,Brabourne Stadium,2,16.2,England,India,DN Wyatt,NR Sciver,DB Sharma,2,0,,,,,,,,,
1131237,2017/18,2018-03-25,Brabourne Stadium,2,16.3,England,India,DN Wyatt,NR Sciver,DB Sharma,4,0,,,,,,,,,
1131237,2017/18,2018-03-25,Brabourne Stadium,2,16.4,England,India,DN Wyatt,NR Sciver,DB Sharma,0,0,,,,,,,,,
1131237,2017/18,2018-03-25,Brabourne Stadium,2,16.5,England,India,DN Wyatt,NR Sciver,DB Sharma,2,0,,,,,,,,,
1131237,2017/18,2018-03-25,Brabourne Stadium,2,16.6,England,India,DN Wyatt,NR Sciver,DB Sharma,0,0,,,,,,caught,DN Wyatt,,
1131237,2017/18,2018-03-25,Brabourne Stadium,2,17.1,England,India,HC Knight,NR Sciver,H Kaur,1,0,,,,,,,,,
1131237,2017/18,2018-03-25,Brabourne Stadium,2,17.2,England,India,NR Sciver,HC Knight,H Kaur,1,0,,,,,,,,,
1131237,2017/18,2018-03-25,Brabourne Stadium,2,17.3,England,India,HC Knight,NR Sciver,H Kaur,4,0,,,,,,,,,
1131237,2017/18,2018-03-25,Brabourne Stadium,2,17.4,England,India,HC Knight,NR Sciver,H Kaur,1,0,,,,,,,,,
1131237,2017/18,2018-03-25,Brabourne Stadium,2,17.5,England,India,NR Sciver,HC Knight,H Kaur,4,0,,,,,,,,,
1131237,2017/18,2018-03-25,Brabourne Stadium,2,17.6,England,India,NR Sciver,HC Knight,H Kaur,1,0,,,,,,,,,
1131237,2017/18,2018-03-25,Brabourne Stadium,2,18.1,England,India,NR Sciver,HC Knight,J Goswami,1,0,,,,,,,,,
1131237,2017/18,2018-03-25,Brabourne Stadium,2,18.2,England,India,HC Knight,NR Sciver,J Goswami,1,0,,,,,,,,,
1131237,2017/18,2018-03-25,Brabourne Stadium,2,18.3,England,India,NR Sciver,HC Knight,J Goswami,1,0,,,,,,,,,
1131237,2017/18,2018-03-25,Brabourne Stadium,2,18.4,England,India,HC Knight,NR Sciver,J Goswami,1,0,,,,,,,,,
