match_id,season,start_date,venue,innings,ball,batting_team,bowling_team,striker,non_striker,bowler,runs_off_bat,extras,wides,noballs,byes,legbyes,penalty,wicket_type,player_dismissed,other_wicket_type,other_player_dismissed
1131239,2017/18,2018-03-28,Brabourne Stadium,1,0.1,England,Australia,DN Wyatt,AE Jones,JL Jonassen,4,0,,,,,,,,,
1131239,2017/18,2018-03-28,Brabourne Stadium,1,0.2,England,Australia,DN Wyatt,AE Jones,JL Jonassen,2,0,,,,,,,,,
1131239,2017/18,2018-03-28,Brabourne Stadium,1,0.3,England,Australia,DN Wyatt,AE Jones,JL Jonassen,0,0,,,,,,,,,
1131239,2017/18,2018-03-28,Brabourne Stadium,1,0.4,England,Australia,DN Wyatt,AE Jones,JL Jonassen,0,0,,,,,,caught,DN Wyatt,,
1131239,2017/18,2018-03-28,Brabourne Stadium,1,0.5,England,Australia,TT Beaumont,AE Jones,JL Jonassen,0,0,,,,,,,,,
1131239,2017/18,2018-03-28,Brabourne Stadium,1,0.6,England,Australia,TT Beaumont,AE Jones,JL Jonassen,1,0,,,,,,,,,
1131239,2017/18,2018-03-28,Brabourne Stadium,1,1.1,England,Australia,TT Beaumont,AE Jones,ML Schutt,0,0,,,,,,,,,
1131239,2017/18,2018-03-28,Brabourne Stadium,1,1.2,England,Australia,TT Beaumont,AE Jones,ML Schutt,4,0,,,,,,,,,
1131239,2017/18,2018-03-28,Brabourne Stadium,1,1.3,England,Australia,TT Beaumont,AE Jones,ML Schutt,1,0,,,,,,,,,
1131239,2017/18,2018-03-28,Brabourne Stadium,1,1.4,England,Australia,AE Jones,TT Beaumont,ML Schutt,1,0,,,,,,,,,
1131239,2017/18,2018-03-28,Brabourne Stadium,1,1.5,England,Australia,TT Beaumont,AE Jones,ML Schutt,1,0,,,,,,,,,
1131239,2017/18,2018-03-28,Brabourne Stadium,1,1.6,England,Australia,AE Jones,TT Beaumont,ML Schutt,1,0,,,,,,,,,
1131239,2017/18,2018-03-28,Brabourne Stadium,1,2.1,England,Australia,AE Jones,TT Beaumont,EA Perry,0,0,,,,,,,,,
1131239,2017/18,2018-03-28,Brabourne Stadium,1,2.2,England,Australia,AE Jones,TT Beaumont,EA Perry,0,0,,,,,,,,,
1131239,2017/18,2018-03-28,Brabourne Stadium,1,2.3,England,Australia,AE Jones,TT Beaumont,EA Perry,1,0,,,,,,,,,
1131239,2017/18,2018-03-28,Brabourne Stadium,1,2.4,England,Australia,TT Beaumont,AE Jones,EA Perry,0,0,,,,,,,,,
1131239,2017/18,2018-03-28,Brabourne Stadium,1,2.5,England,Australia,TT Beaumont,AE Jones,EA Perry,0,0,,,,,,,,,
1131239,2017/18,2018-03-28,Brabourne Stadium,1,2.6,England,Australia,TT Beaumont,AE Jones,EA Perry,4,0,,,,,,,,,
1131239,2017/18,2018-03-28,Brabourne Stadium,1,3.1,England,Australia,AE Jones,TT Beaumont,DM Kimmince,1,0,,,,,,,,,
1131239,2017/18,2018-03-28,Brabourne Stadium,1,3.2,England,Australia,TT Beaumont,AE Jones,DM Kimmince,4,0,,,,,,,,,
1131239,2017/18,2018-03-28,Brabourne Stadium,1,3.3,England,Australia,TT Beaumont,AE Jones,DM Kimmince,0,1,1,,,,,,,,
1131239,2017/18,2018-03-28,Brabourne Stadium,1,3.4,England,Australia,TT Beaumont,AE Jones,DM Kimmince,2,0,,,,,,,,,
1131239,2017/18,2018-03-28,Brabourne Stadium,1,3.5,England,Australia,TT Beaumont,AE Jones,DM Kimmince,0,0,,,,,,caught,TT Beaumont,,
1131239,2017/18,2018-03-28,Brabourne Stadium,1,3.6,England,Australia,NR Sciver,AE Jones,DM Kimmince,0,0,,,,,,,,,
1131239,2017/18,2018-03-28,Brabourne Stadium,1,3.7,England,Australia,NR Sciver,AE Jones,DM Kimmince,1,0,,,,,,,,,
1131239,2017/18,2018-03-28,Brabourne Stadium,1,4.1,England,Australia,NR Sciver,AE Jones,EA Perry,0,1,1,,,,,,,,
1131239,2017/18,2018-03-28,Brabourne Stadium,1,4.2,England,Australia,NR Sciver,AE Jones,EA Perry,0,0,,,,,,,,,
1131239,2017/18,2018-03-28,Brabourne Stadium,1,4.3,England,Australia,NR Sciver,AE Jones,EA Perry,0,1,,,,1,,,,,
1131239,2017/18,2018-03-28,Brabourne Stadium,1,4.4,England,Australia,AE Jones,NR Sciver,EA Perry,0,0,,,,,,,,,
1131239,2017/18,2018-03-28,Brabourne Stadium,1,4.5,England,Australia,AE Jones,NR Sciver,EA Perry,0,0,,,,,,caught,AE Jones,,
1131239,2017/18,2018-03-28,Brabourne Stadium,1,4.6,England,Australia,NR Sciver,HC Knight,EA Perry,4,0,,,,,,,,,
1131239,2017/18,2018-03-28,Brabourne Stadium,1,4.7,England,Australia,NR Sciver,HC Knight,EA Perry,1,0,,,,,,,,,
1131239,2017/18,2018-03-28,Brabourne Stadium,1,5.1,England,Australia,NR Sciver,HC Knight,ML Schutt,0,0,,,,,,,,,
1131239,2017/18,2018-03-28,Brabourne Stadium,1,5.2,England,Australia,NR Sciver,HC Knight,ML Schutt,4,0,,,,,,,,,
1131239,2017/18,2018-03-28,Brabourne Stadium,1,5.3,England,Australia,NR Sciver,HC Knight,ML Schutt,0,0,,,,,,caught,NR Sciver,,
1131239,2017/18,2018-03-28,Brabourne Stadium,1,5.4,England,Australia,FC Wilson,HC Knight,ML Schutt,0,0,,,,,,,,,
1131239,2017/18,2018-03-28,Brabourne Stadium,1,5.5,England,Australia,FC Wilson,HC Knight,ML Schutt,0,0,,,,,,,,,
1131239,2017/18,2018-03-28,Brabourne Stadium,1,5.6,England,Australia,FC Wilson,HC Knight,ML Schutt,0,0,,,,,,,,,
1131239,2017/18,2018-03-28,Brabourne Stadium,1,6.1,England,Australia,HC Knight,FC Wilson,A Wellington,0,0,,,,,,,,,
1131239,2017/18,2018-03-28,Brabourne Stadium,1,6.2,England,Australia,HC Knight,FC Wilson,A Wellington,0,0,,,,,,,,,
1131239,2017/18,2018-03-28,Brabourne Stadium,1,6.3,England,Australia,HC Knight,FC Wilson,A Wellington,0,0,,,,,,lbw,HC Knight,,
1131239,2017/18,2018-03-28,Brabourne Stadium,1,6.4,England,Australia,AN Davidson-Richards,FC Wilson,A Wellington,1,0,,,,,,,,,
1131239,2017/18,2018-03-28,Brabourne Stadium,1,6.5,England,Australia,FC Wilson,AN Davidson-Richards,A Wellington,0,0,,,,,,,,,
1131239,2017/18,2018-03-28,Brabourne Stadium,1,6.6,England,Australia,FC Wilson,AN Davidson-Richards,A Wellington,1,0,,,,,,,,,
1131239,2017/18,2018-03-28,Brabourne Stadium,1,7.1,England,Australia,FC Wilson,AN Davidson-Richards,S Molineux,1,0,,,,,,,,,
1131239,2017/18,2018-03-28,Brabourne Stadium,1,7.2,England,Australia,AN Davidson-Richards,FC Wilson,S Molineux,0,0,,,,,,,,,
1131239,2017/18,2018-03-28,Brabourne Stadium,1,7.3,England,Australia,AN Davidson-Richards,FC Wilson,S Molineux,0,0,,,,,,,,,
1131239,2017/18,2018-03-28,Brabourne Stadium,1,7.4,England,Australia,AN Davidson-Richards,FC Wilson,S Molineux,0,0,,,,,,,,,
1131239,2017/18,2018-03-28,Brabourne Stadium,1,7.5,England,Australia,AN Davidson-Richards,FC Wilson,S Molineux,1,0,,,,,,,,,
1131239,2017/18,2018-03-28,Brabourne Stadium,1,7.6,England,Australia,FC Wilson,AN Davidson-Richards,S Molineux,0,0,,,,,,,,,
1131239,2017/18,2018-03-28,Brabourne Stadium,1,8.1,England,Australia,AN Davidson-Richards,FC Wilson,DM Kimmince,0,0,,,,,,,,,
1131239,2017/18,2018-03-28,Brabourne Stadium,1,8.2,England,Australia,AN Davidson-Richards,FC Wilson,DM Kimmince,1,0,,,,,,,,,
1131239,2017/18,2018-03-28,Brabourne Stadium,1,8.3,England,Australia,FC Wilson,AN Davidson-Richards,DM Kimmince,1,0,,,,,,,,,
1131239,2017/18,2018-03-28,Brabourne Stadium,1,8.4,England,Australia,AN Davidson-Richards,FC Wilson,DM Kimmince,0,0,,,,,,,,,
1131239,2017/18,2018-03-28,Brabourne Stadium,1,8.5,England,Australia,AN Davidson-Richards,FC Wilson,DM Kimmince,1,0,,,,,,,,,
1131239,2017/18,2018-03-28,Brabourne Stadium,1,8.6,England,Australia,FC Wilson,AN Davidson-Richards,DM Kimmince,2,0,,,,,,,,,
1131239,2017/18,2018-03-28,Brabourne Stadium,1,9.1,England,Australia,AN Davidson-Richards,FC Wilson,JL Jonassen,2,0,,,,,,,,,
1131239,2017/18,2018-03-28,Brabourne Stadium,1,9.2,England,Australia,AN Davidson-Richards,FC Wilson,JL Jonassen,1,0,,,,,,,,,
1131239,2017/18,2018-03-28,Brabourne Stadium,1,9.3,England,Australia,FC Wilson,AN Davidson-Richards,JL Jonassen,0,0,,,,,,,,,
1131239,2017/18,2018-03-28,Brabourne Stadium,1,9.4,England,Australia,FC Wilson,AN Davidson-Richards,JL Jonassen,4,0,,,,,,,,,
1131239,2017/18,2018-03-28,Brabourne Stadium,1,9.5,England,Australia,FC Wilson,AN Davidson-Richards,JL Jonassen,1,0,,,,,,,,,
1131239,2017/18,2018-03-28,Brabourne Stadium,1,9.6,England,Australia,AN Davidson-Richards,FC Wilson,JL Jonassen,1,0,,,,,,,,,
1131239,2017/18,2018-03-28,Brabourne Stadium,1,10.1,England,Australia,AN Davidson-Richards,FC Wilson,A Gardner,1,0,,,,,,,,,
1131239,2017/18,2018-03-28,Brabourne Stadium,1,10.2,England,Australia,FC Wilson,AN Davidson-Richards,A Gardner,1,0,,,,,,,,,
1131239,2017/18,2018-03-28,Brabourne Stadium,1,10.3,England,Australia,AN Davidson-Richards,FC Wilson,A Gardner,1,0,,,,,,,,,
1131239,2017/18,2018-03-28,Brabourne Stadium,1,10.4,England,Australia,FC Wilson,AN Davidson-Richards,A Gardner,0,0,,,,,,,,,
1131239,2017/18,2018-03-28,Brabourne Stadium,1,10.5,England,Australia,FC Wilson,AN Davidson-Richards,A Gardner,0,0,,,,,,caught,FC Wilson,,
1131239,2017/18,2018-03-28,Brabourne Stadium,1,10.6,England,Australia,AN Davidson-Richards,JL Gunn,A Gardner,1,0,,,,,,,,,
1131239,2017/18,2018-03-28,Brabourne Stadium,1,11.1,England,Australia,AN Davidson-Richards,JL Gunn,EA Perry,1,0,,,,,,,,,
1131239,2017/18,2018-03-28,Brabourne Stadium,1,11.2,England,Australia,JL Gunn,AN Davidson-Richards,EA Perry,0,0,,,,,,,,,
1131239,2017/18,2018-03-28,Brabourne Stadium,1,11.3,England,Australia,JL Gunn,AN Davidson-Richards,EA Perry,4,0,,,,,,,,,
1131239,2017/18,2018-03-28,Brabourne Stadium,1,11.4,England,Australia,JL Gunn,AN Davidson-Richards,EA Perry,1,0,,,,,,,,,
1131239,2017/18,2018-03-28,Brabourne Stadium,1,11.5,England,Australia,AN Davidson-Richards,JL Gunn,EA Perry,4,0,,,,,,,,,
1131239,2017/18,2018-03-28,Brabourne Stadium,1,11.6,England,Australia,AN Davidson-Richards,JL Gunn,EA Perry,4,0,,,,,,,,,
1131239,2017/18,2018-03-28,Brabourne Stadium,1,12.1,England,Australia,JL Gunn,AN Davidson-Richards,JL Jonassen,0,0,,,,,,,,,
1131239,2017/18,2018-03-28,Brabourne Stadium,1,12.2,England,Australia,JL Gunn,AN Davidson-Richards,JL Jonassen,1,0,,,,,,,,,
1131239,2017/18,2018-03-28,Brabourne Stadium,1,12.3,England,Australia,AN Davidson-Richards,JL Gunn,JL Jonassen,1,0,,,,,,,,,
1131239,2017/18,2018-03-28,Brabourne Stadium,1,12.4,England,Australia,JL Gunn,AN Davidson-Richards,JL Jonassen,0,0,,,,,,,,,
1131239,2017/18,2018-03-28,Brabourne Stadium,1,12.5,England,Australia,JL Gunn,AN Davidson-Richards,JL Jonassen,1,0,,,,,,,,,
1131239,2017/18,2018-03-28,Brabourne Stadium,1,12.6,England,Australia,AN Davidson-Richards,JL Gunn,JL Jonassen,0,0,,,,,,,,,
1131239,2017/18,2018-03-28,Brabourne Stadium,1,13.1,England,Australia,JL Gunn,AN Davidson-Richards,S Molineux,4,0,,,,,,,,,
1131239,2017/18,2018-03-28,Brabourne Stadium,1,13.2,England,Australia,JL Gunn,AN Davidson-Richards,S Molineux,0,0,,,,,,,,,
1131239,2017/18,2018-03-28,Brabourne Stadium,1,13.3,England,Australia,JL Gunn,AN Davidson-Richards,S Molineux,1,0,,,,,,,,,
1131239,2017/18,2018-03-28,Brabourne Stadium,1,13.4,England,Australia,AN Davidson-Richards,JL Gunn,S Molineux,1,0,,,,,,,,,
1131239,2017/18,2018-03-28,Brabourne Stadium,1,13.5,England,Australia,JL Gunn,AN Davidson-Richards,S Molineux,0,1,,,,1,,,,,
1131239,2017/18,2018-03-28,Brabourne Stadium,1,13.6,England,Australia,AN Davidson-Richards,JL Gunn,S Molineux,1,0,,,,,,,,,
1131239,2017/18,2018-03-28,Brabourne Stadium,1,14.1,England,Australia,AN Davidson-Richards,JL Gunn,DM Kimmince,1,0,,,,,,,,,
1131239,2017/18,2018-03-28,Brabourne Stadium,1,14.2,England,Australia,JL Gunn,AN Davidson-Richards,DM Kimmince,0,0,,,,,,bowled,JL Gunn,,
1131239,2017/18,2018-03-28,Brabourne Stadium,1,14.3,England,Australia,D Hazell,AN Davidson-Richards,DM Kimmince,0,0,,,,,,,,,
1131239,2017/18,2018-03-28,Brabourne Stadium,1,14.4,England,Australia,D Hazell,AN Davidson-Richards,DM Kimmince,0,0,,,,,,,,,
1131239,2017/18,2018-03-28,Brabourne Stadium,1,14.5,England,Australia,D Hazell,AN Davidson-Richards,DM Kimmince,0,0,,,,,,bowled,D Hazell,,
1131239,2017/18,2018-03-28,Brabourne Stadium,1,14.6,England,Australia,S Ecclestone,AN Davidson-Richards,DM Kimmince,1,0,,,,,,,,,
1131239,2017/18,2018-03-28,Brabourne Stadium,1,15.1,England,Australia,S Ecclestone,AN Davidson-Richards,JL Jonassen,0,0,,,,,,,,,
1131239,2017/18,2018-03-28,Brabourne Stadium,1,15.2,England,Australia,S Ecclestone,AN Davidson-Richards,JL Jonassen,0,0,,,,,,,,,
1131239,2017/18,2018-03-28,Brabourne Stadium,1,15.3,England,Australia,S Ecclestone,AN Davidson-Richards,JL Jonassen,1,0,,,,,,,,,
1131239,2017/18,2018-03-28,Brabourne Stadium,1,15.4,England,Australia,AN Davidson-Richards,S Ecclestone,JL Jonassen,0,0,,,,,,caught,AN Davidson-Richards,,
1131239,2017/18,2018-03-28,Brabourne Stadium,1,15.5,England,Australia,S Ecclestone,NE Farrant,JL Jonassen,0,0,,,,,,,,,
1131239,2017/18,2018-03-28,Brabourne Stadium,1,15.6,England,Australia,S Ecclestone,NE Farrant,JL Jonassen,1,0,,,,,,,,,
1131239,2017/18,2018-03-28,Brabourne Stadium,1,16.1,England,Australia,S Ecclestone,NE Farrant,DM Kimmince,0,0,,,,,,,,,
1131239,2017/18,2018-03-28,Brabourne Stadium,1,16.2,England,Australia,S Ecclestone,NE Farrant,DM Kimmince,1,0,,,,,,,,,
1131239,2017/18,2018-03-28,Brabourne Stadium,1,16.3,England,Australia,NE Farrant,S Ecclestone,DM Kimmince,1,0,,,,,,,,,
1131239,2017/18,2018-03-28,Brabourne Stadium,1,16.4,England,Australia,S Ecclestone,NE Farrant,DM Kimmince,0,0,,,,,,,,,
1131239,2017/18,2018-03-28,Brabourne Stadium,1,16.5,England,Australia,S Ecclestone,NE Farrant,DM Kimmince,1,0,,,,,,,,,
1131239,2017/18,2018-03-28,Brabourne Stadium,1,16.6,England,Australia,NE Farrant,S Ecclestone,DM Kimmince,1,0,,,,,,,,,
1131239,2017/18,2018-03-28,Brabourne Stadium,1,17.1,England,Australia,NE Farrant,S Ecclestone,ML Schutt,0,0,,,,,,,,,
1131239,2017/18,2018-03-28,Brabourne Stadium,1,17.2,England,Australia,NE Farrant,S Ecclestone,ML Schutt,0,0,,,,,,,,,
1131239,2017/18,2018-03-28,Brabourne Stadium,1,17.3,England,Australia,NE Farrant,S Ecclestone,ML Schutt,1,0,,,,,,,,,
1131239,2017/18,2018-03-28,Brabourne Stadium,1,17.4,England,Australia,S Ecclestone,NE Farrant,ML Schutt,0,0,,,,,,bowled,S Ecclestone,,
1131239,2017/18,2018-03-28,Brabourne Stadium,2,0.1,Australia,England,AJ Healy,EA Perry,NR Sciver,0,1,1,,,,,,,,
1131239,2017/18,2018-03-28,Brabourne Stadium,2,0.2,Australia,England,AJ Healy,EA Perry,NR Sciver,1,0,,,,,,,,,
1131239,2017/18,2018-03-28,Brabourne Stadium,2,0.3,Australia,England,EA Perry,AJ Healy,NR Sciver,1,0,,,,,,,,,
1131239,2017/18,2018-03-28,Brabourne Stadium,2,0.4,Australia,England,AJ Healy,EA Perry,NR Sciver,1,0,,,,,,,,,
1131239,2017/18,2018-03-28,Brabourne Stadium,2,0.5,Australia,England,EA Perry,AJ Healy,NR Sciver,1,0,,,,,,,,,
1131239,2017/18,2018-03-28,Brabourne Stadium,2,0.6,Australia,England,AJ Healy,EA Perry,NR Sciver,4,0,,,,,,,,,
1131239,2017/18,2018-03-28,Brabourne Stadium,2,0.7,Australia,England,AJ Healy,EA Perry,NR Sciver,0,0,,,,,,caught,AJ Healy,,
1131239,2017/18,2018-03-28,Brabourne Stadium,2,1.1,Australia,England,EJ Villani,EA Perry,NE Farrant,1,0,,,,,,,,,
1131239,2017/18,2018-03-28,Brabourne Stadium,2,1.2,Australia,England,EA Perry,EJ Villani,NE Farrant,0,0,,,,,,,,,
1131239,2017/18,2018-03-28,Brabourne Stadium,2,1.3,Australia,England,EA Perry,EJ Villani,NE Farrant,0,0,,,,,,,,,
1131239,2017/18,2018-03-28,Brabourne Stadium,2,1.4,Australia,England,EA Perry,EJ Villani,NE Farrant,1,0,,,,,,,,,
1131239,2017/18,2018-03-28,Brabourne Stadium,2,1.5,Australia,England,EJ Villani,EA Perry,NE Farrant,0,0,,,,,,,,,
1131239,2017/18,2018-03-28,Brabourne Stadium,2,1.6,Australia,England,EJ Villani,EA Perry,NE Farrant,0,0,,,,,,,,,
1131239,2017/18,2018-03-28,Brabourne Stadium,2,2.1,Australia,England,EA Perry,EJ Villani,S Ecclestone,1,0,,,,,,,,,
1131239,2017/18,2018-03-28,Brabourne Stadium,2,2.2,Australia,England,EJ Villani,EA Perry,S Ecclestone,0,0,,,,,,,,,
1131239,2017/18,2018-03-28,Brabourne Stadium,2,2.3,Australia,England,EJ Villani,EA Perry,S Ecclestone,0,0,,,,,,caught,EJ Villani,,
1131239,2017/18,2018-03-28,Brabourne Stadium,2,2.4,Australia,England,MM Lanning,EA Perry,S Ecclestone,0,0,,,,,,,,,
1131239,2017/18,2018-03-28,Brabourne Stadium,2,2.5,Australia,England,MM Lanning,EA Perry,S Ecclestone,0,0,,,,,,,,,
1131239,2017/18,2018-03-28,Brabourne Stadium,2,2.6,Australia,England,MM Lanning,EA Perry,S Ecclestone,0,0,,,,,,,,,
1131239,2017/18,2018-03-28,Brabourne Stadium,2,3.1,Australia,England,EA Perry,MM Lanning,NE Farrant,0,0,,,,,,,,,
1131239,2017/18,2018-03-28,Brabourne Stadium,2,3.2,Australia,England,EA Perry,MM Lanning,NE Farrant,4,0,,,,,,,,,
1131239,2017/18,2018-03-28,Brabourne Stadium,2,3.3,Australia,England,EA Perry,MM Lanning,NE Farrant,0,0,,,,,,,,,
1131239,2017/18,2018-03-28,Brabourne Stadium,2,3.4,Australia,England,EA Perry,MM Lanning,NE Farrant,0,0,,,,,,,,,
1131239,2017/18,2018-03-28,Brabourne Stadium,2,3.5,Australia,England,EA Perry,MM Lanning,NE Farrant,1,0,,,,,,,,,
1131239,2017/18,2018-03-28,Brabourne Stadium,2,3.6,Australia,England,MM Lanning,EA Perry,NE Farrant,0,0,,,,,,,,,
1131239,2017/18,2018-03-28,Brabourne Stadium,2,4.1,Australia,England,EA Perry,MM Lanning,S Ecclestone,2,0,,,,,,,,,
1131239,2017/18,2018-03-28,Brabourne Stadium,2,4.2,Australia,England,EA Perry,MM Lanning,S Ecclestone,1,0,,,,,,,,,
1131239,2017/18,2018-03-28,Brabourne Stadium,2,4.3,Australia,England,MM Lanning,EA Perry,S Ecclestone,0,0,,,,,,,,,
1131239,2017/18,2018-03-28,Brabourne Stadium,2,4.4,Australia,England,MM Lanning,EA Perry,S Ecclestone,0,0,,,,,,,,,
1131239,2017/18,2018-03-28,Brabourne Stadium,2,4.5,Australia,England,MM Lanning,EA Perry,S Ecclestone,0,0,,,,,,,,,
1131239,2017/18,2018-03-28,Brabourne Stadium,2,4.6,Australia,England,MM Lanning,EA Perry,S Ecclestone,1,0,,,,,,,,,
1131239,2017/18,2018-03-28,Brabourne Stadium,2,5.1,Australia,England,MM Lanning,EA Perry,D Hazell,4,0,,,,,,,,,
1131239,2017/18,2018-03-28,Brabourne Stadium,2,5.2,Australia,England,MM Lanning,EA Perry,D Hazell,4,0,,,,,,,,,
1131239,2017/18,2018-03-28,Brabourne Stadium,2,5.3,Australia,England,MM Lanning,EA Perry,D Hazell,4,0,,,,,,,,,
1131239,2017/18,2018-03-28,Brabourne Stadium,2,5.4,Australia,England,MM Lanning,EA Perry,D Hazell,4,0,,,,,,,,,
1131239,2017/18,2018-03-28,Brabourne Stadium,2,5.5,Australia,England,MM Lanning,EA Perry,D Hazell,4,0,,,,,,,,,
1131239,2017/18,2018-03-28,Brabourne Stadium,2,5.6,Australia,England,MM Lanning,EA Perry,D Hazell,1,0,,,,,,,,,
1131239,2017/18,2018-03-28,Brabourne Stadium,2,6.1,Australia,England,MM Lanning,EA Perry,S Ecclestone,1,0,,,,,,,,,
1131239,2017/18,2018-03-28,Brabourne Stadium,2,6.2,Australia,England,EA Perry,MM Lanning,S Ecclestone,4,0,,,,,,,,,
1131239,2017/18,2018-03-28,Brabourne Stadium,2,6.3,Australia,England,EA Perry,MM Lanning,S Ecclestone,0,0,,,,,,,,,
1131239,2017/18,2018-03-28,Brabourne Stadium,2,6.4,Australia,England,EA Perry,MM Lanning,S Ecclestone,1,0,,,,,,,,,
1131239,2017/18,2018-03-28,Brabourne Stadium,2,6.5,Australia,England,MM Lanning,EA Perry,S Ecclestone,4,0,,,,,,,,,
1131239,2017/18,2018-03-28,Brabourne Stadium,2,6.6,Australia,England,MM Lanning,EA Perry,S Ecclestone,0,0,,,,,,,,,
1131239,2017/18,2018-03-28,Brabourne Stadium,2,7.1,Australia,England,EA Perry,MM Lanning,JL Gunn,0,0,,,,,,,,,
1131239,2017/18,2018-03-28,Brabourne Stadium,2,7.2,Australia,England,EA Perry,MM Lanning,JL Gunn,1,0,,,,,,,,,
1131239,2017/18,2018-03-28,Brabourne Stadium,2,7.3,Australia,England,MM Lanning,EA Perry,JL Gunn,1,0,,,,,,,,,
1131239,2017/18,2018-03-28,Brabourne Stadium,2,7.4,Australia,England,EA Perry,MM Lanning,JL Gunn,0,0,,,,,,,,,
1131239,2017/18,2018-03-28,Brabourne Stadium,2,7.5,Australia,England,EA Perry,MM Lanning,JL Gunn,0,0,,,,,,,,,
1131239,2017/18,2018-03-28,Brabourne Stadium,2,7.6,Australia,England,EA Perry,MM Lanning,JL Gunn,0,0,,,,,,,,,
1131239,2017/18,2018-03-28,Brabourne Stadium,2,8.1,Australia,England,MM Lanning,EA Perry,AN Davidson-Richards,0,0,,,,,,,,,
1131239,2017/18,2018-03-28,Brabourne Stadium,2,8.2,Australia,England,MM Lanning,EA Perry,AN Davidson-Richards,0,0,,,,,,,,,
1131239,2017/18,2018-03-28,Brabourne Stadium,2,8.3,Australia,England,MM Lanning,EA Perry,AN Davidson-Richards,2,0,,,,,,,,,
1131239,2017/18,2018-03-28,Brabourne Stadium,2,8.4,Australia,England,MM Lanning,EA Perry,AN Davidson-Richards,4,0,,,,,,,,,
1131239,2017/18,2018-03-28,Brabourne Stadium,2,8.5,Australia,England,MM Lanning,EA Perry,AN Davidson-Richards,0,0,,,,,,,,,
1131239,2017/18,2018-03-28,Brabourne Stadium,2,8.6,Australia,England,MM Lanning,EA Perry,AN Davidson-Richards,0,0,,,,,,,,,
1131239,2017/18,2018-03-28,Brabourne Stadium,2,9.1,Australia,England,EA Perry,MM Lanning,JL Gunn,0,1,1,,,,,,,,
1131239,2017/18,2018-03-28,Brabourne Stadium,2,9.2,Australia,England,EA Perry,MM Lanning,JL Gunn,4,0,,,,,,,,,
1131239,2017/18,2018-03-28,Brabourne Stadium,2,9.3,Australia,England,EA Perry,MM Lanning,JL Gunn,0,0,,,,,,,,,
1131239,2017/18,2018-03-28,Brabourne Stadium,2,9.4,Australia,England,EA Perry,MM Lanning,JL Gunn,0,0,,,,,,,,,
1131239,2017/18,2018-03-28,Brabourne Stadium,2,9.5,Australia,England,EA Perry,MM Lanning,JL Gunn,4,0,,,,,,,,,
1131239,2017/18,2018-03-28,Brabourne Stadium,2,9.6,Australia,England,EA Perry,MM Lanning,JL Gunn,4,0,,,,,,,,,
1131239,2017/18,2018-03-28,Brabourne Stadium,2,9.7,Australia,England,EA Perry,MM Lanning,JL Gunn,4,0,,,,,,,,,
1131239,2017/18,2018-03-28,Brabourne Stadium,2,10.1,Australia,England,MM Lanning,EA Perry,AN Davidson-Richards,4,0,,,,,,,,,
1131239,2017/18,2018-03-28,Brabourne Stadium,2,10.2,Australia,England,MM Lanning,EA Perry,AN Davidson-Richards,1,0,,,,,,,,,
1131239,2017/18,2018-03-28,Brabourne Stadium,2,10.3,Australia,England,EA Perry,MM Lanning,AN Davidson-Richards,0,0,,,,,,,,,
1131239,2017/18,2018-03-28,Brabourne Stadium,2,10.4,Australia,England,EA Perry,MM Lanning,AN Davidson-Richards,4,0,,,,,,,,,
1131239,2017/18,2018-03-28,Brabourne Stadium,2,10.5,Australia,England,EA Perry,MM Lanning,AN Davidson-Richards,1,0,,,,,,,,,
1131239,2017/18,2018-03-28,Brabourne Stadium,2,10.6,Australia,England,MM Lanning,EA Perry,AN Davidson-Richards,1,0,,,,,,,,,
1131239,2017/18,2018-03-28,Brabourne Stadium,2,11.1,Australia,England,MM Lanning,EA Perry,D Hazell,1,0,,,,,,,,,
1131239,2017/18,2018-03-28,Brabourne Stadium,2,11.2,Australia,England,EA Perry,MM Lanning,D Hazell,4,0,,,,,,,,,
1131239,2017/18,2018-03-28,Brabourne Stadium,2,11.3,Australia,England,EA Perry,MM Lanning,D Hazell,4,0,,,,,,,,,
