match_id,season,start_date,venue,innings,ball,batting_team,bowling_team,striker,non_striker,bowler,runs_off_bat,extras,wides,noballs,byes,legbyes,penalty,wicket_type,player_dismissed,other_wicket_type,other_player_dismissed
1131238,2017/18,2018-03-26,Brabourne Stadium,1,0.1,Australia,India,BL Mooney,AJ Healy,J Goswami,1,0,,,,,,,,,
1131238,2017/18,2018-03-26,Brabourne Stadium,1,0.2,Australia,India,AJ Healy,BL Mooney,J Goswami,0,0,,,,,,,,,
1131238,2017/18,2018-03-26,Brabourne Stadium,1,0.3,Australia,India,AJ Healy,BL Mooney,J Goswami,0,0,,,,,,,,,
1131238,2017/18,2018-03-26,Brabourne Stadium,1,0.4,Australia,India,AJ Healy,BL Mooney,J Goswami,0,0,,,,,,,,,
1131238,2017/18,2018-03-26,Brabourne Stadium,1,0.5,Australia,India,AJ Healy,BL Mooney,J Goswami,1,0,,,,,,,,,
1131238,2017/18,2018-03-26,Brabourne Stadium,1,0.6,Australia,India,BL Mooney,AJ Healy,J Goswami,1,0,,,,,,,,,
1131238,2017/18,2018-03-26,Brabourne Stadium,1,1.1,Australia,India,BL Mooney,AJ Healy,P Vastrakar,1,0,,,,,,,,,
1131238,2017/18,2018-03-26,Brabourne Stadium,1,1.2,Australia,India,AJ Healy,BL Mooney,P Vastrakar,0,0,,,,,,,,,
1131238,2017/18,2018-03-26,Brabourne Stadium,1,1.3,Australia,India,AJ Healy,BL Mooney,P Vastrakar,4,0,,,,,,,,,
1131238,2017/18,2018-03-26,Brabourne Stadium,1,1.4,Australia,India,AJ Healy,BL Mooney,P Vastrakar,4,0,,,,,,,,,
1131238,2017/18,2018-03-26,Brabourne Stadium,1,1.5,Australia,India,AJ Healy,BL Mooney,P Vastrakar,0,0,,,,,,caught,AJ Healy,,
1131238,2017/18,2018-03-26,Brabourne Stadium,1,1.6,Australia,India,BL Mooney,A Gardner,P Vastrakar,0,0,,,,,,,,,
1131238,2017/18,2018-03-26,Brabourne Stadium,1,2.1,Australia,India,A Gardner,BL Mooney,J Goswami,0,0,,,,,,,,,
1131238,2017/18,2018-03-26,Brabourne Stadium,1,2.2,Australia,India,A Gardner,BL Mooney,J Goswami,0,0,,,,,,,,,
1131238,2017/18,2018-03-26,Brabourne Stadium,1,2.3,Australia,India,A Gardner,BL Mooney,J Goswami,4,0,,,,,,,,,
1131238,2017/18,2018-03-26,Brabourne Stadium,1,2.4,Australia,India,A Gardner,BL Mooney,J Goswami,4,0,,,,,,,,,
1131238,2017/18,2018-03-26,Brabourne Stadium,1,2.5,Australia,India,A Gardner,BL Mooney,J Goswami,1,0,,,,,,,,,
1131238,2017/18,2018-03-26,Brabourne Stadium,1,2.6,Australia,India,BL Mooney,A Gardner,J Goswami,0,0,,,,,,,,,
1131238,2017/18,2018-03-26,Brabourne Stadium,1,3.1,Australia,India,A Gardner,BL Mooney,P Vastrakar,0,0,,,,,,,,,
1131238,2017/18,2018-03-26,Brabourne Stadium,1,3.2,Australia,India,A Gardner,BL Mooney,P Vastrakar,4,0,,,,,,,,,
1131238,2017/18,2018-03-26,Brabourne Stadium,1,3.3,Australia,India,A Gardner,BL Mooney,P Vastrakar,0,0,,,,,,,,,
1131238,2017/18,2018-03-26,Brabourne Stadium,1,3.4,Australia,India,A Gardner,BL Mooney,P Vastrakar,4,0,,,,,,,,,
1131238,2017/18,2018-03-26,Brabourne Stadium,1,3.5,Australia,India,A Gardner,BL Mooney,P Vastrakar,0,0,,,,,,bowled,A Gardner,,
1131238,2017/18,2018-03-26,Brabourne Stadium,1,3.6,Australia,India,EJ Villani,BL Mooney,P Vastrakar,0,0,,,,,,,,,
1131238,2017/18,2018-03-26,Brabourne Stadium,1,4.1,Australia,India,BL Mooney,EJ Villani,AA Patil,0,0,,,,,,,,,
1131238,2017/18,2018-03-26,Brabourne Stadium,1,4.2,Australia,India,BL Mooney,EJ Villani,AA Patil,2,0,,,,,,,,,
1131238,2017/18,2018-03-26,Brabourne Stadium,1,4.3,Australia,India,BL Mooney,EJ Villani,AA Patil,2,0,,,,,,,,,
1131238,2017/18,2018-03-26,Brabourne Stadium,1,4.4,Australia,India,BL Mooney,EJ Villani,AA Patil,1,0,,,,,,,,,
1131238,2017/18,2018-03-26,Brabourne Stadium,1,4.5,Australia,India,EJ Villani,BL Mooney,AA Patil,0,0,,,,,,,,,
1131238,2017/18,2018-03-26,Brabourne Stadium,1,4.6,Australia,India,EJ Villani,BL Mooney,AA Patil,1,0,,,,,,,,,
1131238,2017/18,2018-03-26,Brabourne Stadium,1,5.1,Australia,India,EJ Villani,BL Mooney,P Vastrakar,4,0,,,,,,,,,
1131238,2017/18,2018-03-26,Brabourne Stadium,1,5.2,Australia,India,EJ Villani,BL Mooney,P Vastrakar,0,0,,,,,,,,,
1131238,2017/18,2018-03-26,Brabourne Stadium,1,5.3,Australia,India,EJ Villani,BL Mooney,P Vastrakar,0,0,,,,,,,,,
1131238,2017/18,2018-03-26,Brabourne Stadium,1,5.4,Australia,India,EJ Villani,BL Mooney,P Vastrakar,1,0,,,,,,,,,
1131238,2017/18,2018-03-26,Brabourne Stadium,1,5.5,Australia,India,BL Mooney,EJ Villani,P Vastrakar,4,0,,,,,,,,,
1131238,2017/18,2018-03-26,Brabourne Stadium,1,5.6,Australia,India,BL Mooney,EJ Villani,P Vastrakar,2,0,,,,,,,,,
1131238,2017/18,2018-03-26,Brabourne Stadium,1,6.1,Australia,India,EJ Villani,BL Mooney,AA Patil,0,0,,,,,,,,,
1131238,2017/18,2018-03-26,Brabourne Stadium,1,6.2,Australia,India,EJ Villani,BL Mooney,AA Patil,4,0,,,,,,,,,
1131238,2017/18,2018-03-26,Brabourne Stadium,1,6.3,Australia,India,EJ Villani,BL Mooney,AA Patil,1,0,,,,,,,,,
1131238,2017/18,2018-03-26,Brabourne Stadium,1,6.4,Australia,India,BL Mooney,EJ Villani,AA Patil,0,0,,,,,,,,,
1131238,2017/18,2018-03-26,Brabourne Stadium,1,6.5,Australia,India,BL Mooney,EJ Villani,AA Patil,0,0,,,,,,,,,
1131238,2017/18,2018-03-26,Brabourne Stadium,1,6.6,Australia,India,BL Mooney,EJ Villani,AA Patil,1,0,,,,,,,,,
1131238,2017/18,2018-03-26,Brabourne Stadium,1,7.1,Australia,India,BL Mooney,EJ Villani,DB Sharma,1,0,,,,,,,,,
1131238,2017/18,2018-03-26,Brabourne Stadium,1,7.2,Australia,India,EJ Villani,BL Mooney,DB Sharma,1,0,,,,,,,,,
1131238,2017/18,2018-03-26,Brabourne Stadium,1,7.3,Australia,India,BL Mooney,EJ Villani,DB Sharma,4,0,,,,,,,,,
1131238,2017/18,2018-03-26,Brabourne Stadium,1,7.4,Australia,India,BL Mooney,EJ Villani,DB Sharma,4,0,,,,,,,,,
1131238,2017/18,2018-03-26,Brabourne Stadium,1,7.5,Australia,India,BL Mooney,EJ Villani,DB Sharma,0,0,,,,,,,,,
1131238,2017/18,2018-03-26,Brabourne Stadium,1,7.6,Australia,India,BL Mooney,EJ Villani,DB Sharma,4,0,,,,,,,,,
1131238,2017/18,2018-03-26,Brabourne Stadium,1,8.1,Australia,India,EJ Villani,BL Mooney,Poonam Yadav,1,0,,,,,,,,,
1131238,2017/18,2018-03-26,Brabourne Stadium,1,8.2,Australia,India,BL Mooney,EJ Villani,Poonam Yadav,2,0,,,,,,,,,
1131238,2017/18,2018-03-26,Brabourne Stadium,1,8.3,Australia,India,BL Mooney,EJ Villani,Poonam Yadav,1,0,,,,,,,,,
1131238,2017/18,2018-03-26,Brabourne Stadium,1,8.4,Australia,India,EJ Villani,BL Mooney,Poonam Yadav,1,0,,,,,,,,,
1131238,2017/18,2018-03-26,Brabourne Stadium,1,8.5,Australia,India,BL Mooney,EJ Villani,Poonam Yadav,1,0,,,,,,,,,
1131238,2017/18,2018-03-26,Brabourne Stadium,1,8.6,Australia,India,EJ Villani,BL Mooney,Poonam Yadav,0,0,,,,,,,,,
1131238,2017/18,2018-03-26,Brabourne Stadium,1,9.1,Australia,India,BL Mooney,EJ Villani,RP Yadav,1,0,,,,,,,,,
1131238,2017/18,2018-03-26,Brabourne Stadium,1,9.2,Australia,India,EJ Villani,BL Mooney,RP Yadav,0,0,,,,,,,,,
1131238,2017/18,2018-03-26,Brabourne Stadium,1,9.3,Australia,India,EJ Villani,BL Mooney,RP Yadav,2,0,,,,,,,,,
1131238,2017/18,2018-03-26,Brabourne Stadium,1,9.4,Australia,India,EJ Villani,BL Mooney,RP Yadav,4,0,,,,,,,,,
1131238,2017/18,2018-03-26,Brabourne Stadium,1,9.5,Australia,India,EJ Villani,BL Mooney,RP Yadav,0,0,,,,,,,,,
1131238,2017/18,2018-03-26,Brabourne Stadium,1,9.6,Australia,India,EJ Villani,BL Mooney,RP Yadav,0,1,1,,,,,,,,
1131238,2017/18,2018-03-26,Brabourne Stadium,1,9.7,Australia,India,EJ Villani,BL Mooney,RP Yadav,4,0,,,,,,,,,
1131238,2017/18,2018-03-26,Brabourne Stadium,1,10.1,Australia,India,BL Mooney,EJ Villani,Poonam Yadav,2,0,,,,,,,,,
1131238,2017/18,2018-03-26,Brabourne Stadium,1,10.2,Australia,India,BL Mooney,EJ Villani,Poonam Yadav,1,0,,,,,,,,,
1131238,2017/18,2018-03-26,Brabourne Stadium,1,10.3,Australia,India,EJ Villani,BL Mooney,Poonam Yadav,4,0,,,,,,,,,
1131238,2017/18,2018-03-26,Brabourne Stadium,1,10.4,Australia,India,EJ Villani,BL Mooney,Poonam Yadav,0,0,,,,,,,,,
1131238,2017/18,2018-03-26,Brabourne Stadium,1,10.5,Australia,India,EJ Villani,BL Mooney,Poonam Yadav,2,0,,,,,,,,,
1131238,2017/18,2018-03-26,Brabourne Stadium,1,10.6,Australia,India,EJ Villani,BL Mooney,Poonam Yadav,0,0,,,,,,,,,
1131238,2017/18,2018-03-26,Brabourne Stadium,1,11.1,Australia,India,BL Mooney,EJ Villani,AA Patil,1,0,,,,,,,,,
1131238,2017/18,2018-03-26,Brabourne Stadium,1,11.2,Australia,India,EJ Villani,BL Mooney,AA Patil,4,0,,,,,,,,,
1131238,2017/18,2018-03-26,Brabourne Stadium,1,11.3,Australia,India,EJ Villani,BL Mooney,AA Patil,0,1,1,,,,,,,,
1131238,2017/18,2018-03-26,Brabourne Stadium,1,11.4,Australia,India,EJ Villani,BL Mooney,AA Patil,2,0,,,,,,,,,
1131238,2017/18,2018-03-26,Brabourne Stadium,1,11.5,Australia,India,EJ Villani,BL Mooney,AA Patil,1,0,,,,,,,,,
1131238,2017/18,2018-03-26,Brabourne Stadium,1,11.6,Australia,India,BL Mooney,EJ Villani,AA Patil,1,0,,,,,,,,,
1131238,2017/18,2018-03-26,Brabourne Stadium,1,11.7,Australia,India,EJ Villani,BL Mooney,AA Patil,1,0,,,,,,,,,
1131238,2017/18,2018-03-26,Brabourne Stadium,1,12.1,Australia,India,EJ Villani,BL Mooney,RP Yadav,0,0,,,,,,,,,
1131238,2017/18,2018-03-26,Brabourne Stadium,1,12.2,Australia,India,EJ Villani,BL Mooney,RP Yadav,1,0,,,,,,,,,
1131238,2017/18,2018-03-26,Brabourne Stadium,1,12.3,Australia,India,BL Mooney,EJ Villani,RP Yadav,1,0,,,,,,,,,
1131238,2017/18,2018-03-26,Brabourne Stadium,1,12.4,Australia,India,EJ Villani,BL Mooney,RP Yadav,1,0,,,,,,,,,
1131238,2017/18,2018-03-26,Brabourne Stadium,1,12.5,Australia,India,BL Mooney,EJ Villani,RP Yadav,4,0,,,,,,,,,
1131238,2017/18,2018-03-26,Brabourne Stadium,1,12.6,Australia,India,BL Mooney,EJ Villani,RP Yadav,2,0,,,,,,,,,
1131238,2017/18,2018-03-26,Brabourne Stadium,1,13.1,Australia,India,EJ Villani,BL Mooney,Poonam Yadav,1,0,,,,,,,,,
1131238,2017/18,2018-03-26,Brabourne Stadium,1,13.2,Australia,India,BL Mooney,EJ Villani,Poonam Yadav,2,1,,1,,,,,,,
1131238,2017/18,2018-03-26,Brabourne Stadium,1,13.3,Australia,India,BL Mooney,EJ Villani,Poonam Yadav,1,0,,,,,,,,,
1131238,2017/18,2018-03-26,Brabourne Stadium,1,13.4,Australia,India,EJ Villani,BL Mooney,Poonam Yadav,0,0,,,,,,,,,
1131238,2017/18,2018-03-26,Brabourne Stadium,1,13.5,Australia,India,EJ Villani,BL Mooney,Poonam Yadav,1,0,,,,,,,,,
1131238,2017/18,2018-03-26,Brabourne Stadium,1,13.6,Australia,India,BL Mooney,EJ Villani,Poonam Yadav,1,0,,,,,,,,,
1131238,2017/18,2018-03-26,Brabourne Stadium,1,13.7,Australia,India,EJ Villani,BL Mooney,Poonam Yadav,4,0,,,,,,,,,
1131238,2017/18,2018-03-26,Brabourne Stadium,1,14.1,Australia,India,BL Mooney,EJ Villani,J Goswami,0,2,,1,,1,,,,,
1131238,2017/18,2018-03-26,Brabourne Stadium,1,14.2,Australia,India,EJ Villani,BL Mooney,J Goswami,4,0,,,,,,,,,
1131238,2017/18,2018-03-26,Brabourne Stadium,1,14.3,Australia,India,EJ Villani,BL Mooney,J Goswami,4,0,,,,,,,,,
1131238,2017/18,2018-03-26,Brabourne Stadium,1,14.4,Australia,India,EJ Villani,BL Mooney,J Goswami,4,0,,,,,,,,,
1131238,2017/18,2018-03-26,Brabourne Stadium,1,14.5,Australia,India,EJ Villani,BL Mooney,J Goswami,0,0,,,,,,,,,
1131238,2017/18,2018-03-26,Brabourne Stadium,1,14.6,Australia,India,EJ Villani,BL Mooney,J Goswami,1,0,,,,,,,,,
1131238,2017/18,2018-03-26,Brabourne Stadium,1,14.7,Australia,India,BL Mooney,EJ Villani,J Goswami,2,0,,,,,,,,,
1131238,2017/18,2018-03-26,Brabourne Stadium,1,15.1,Australia,India,EJ Villani,BL Mooney,Poonam Yadav,0,0,,,,,,,,,
1131238,2017/18,2018-03-26,Brabourne Stadium,1,15.2,Australia,India,EJ Villani,BL Mooney,Poonam Yadav,2,0,,,,,,,,,
1131238,2017/18,2018-03-26,Brabourne Stadium,1,15.3,Australia,India,EJ Villani,BL Mooney,Poonam Yadav,0,0,,,,,,caught,EJ Villani,,
1131238,2017/18,2018-03-26,Brabourne Stadium,1,15.4,Australia,India,BL Mooney,MM Lanning,Poonam Yadav,4,0,,,,,,,,,
1131238,2017/18,2018-03-26,Brabourne Stadium,1,15.5,Australia,India,BL Mooney,MM Lanning,Poonam Yadav,1,0,,,,,,,,,
1131238,2017/18,2018-03-26,Brabourne Stadium,1,15.6,Australia,India,MM Lanning,BL Mooney,Poonam Yadav,1,0,,,,,,,,,
1131238,2017/18,2018-03-26,Brabourne Stadium,1,16.1,Australia,India,MM Lanning,BL Mooney,RP Yadav,0,0,,,,,,,,,
1131238,2017/18,2018-03-26,Brabourne Stadium,1,16.2,Australia,India,MM Lanning,BL Mooney,RP Yadav,0,1,1,,,,,,,,
1131238,2017/18,2018-03-26,Brabourne Stadium,1,16.3,Australia,India,MM Lanning,BL Mooney,RP Yadav,1,0,,,,,,,,,
1131238,2017/18,2018-03-26,Brabourne Stadium,1,16.4,Australia,India,BL Mooney,MM Lanning,RP Yadav,2,0,,,,,,,,,
1131238,2017/18,2018-03-26,Brabourne Stadium,1,16.5,Australia,India,BL Mooney,MM Lanning,RP Yadav,1,0,,,,,,,,,
1131238,2017/18,2018-03-26,Brabourne Stadium,1,16.6,Australia,India,MM Lanning,BL Mooney,RP Yadav,1,0,,,,,,,,,
1131238,2017/18,2018-03-26,Brabourne Stadium,1,16.7,Australia,India,BL Mooney,MM Lanning,RP Yadav,1,0,,,,,,,,,
1131238,2017/18,2018-03-26,Brabourne Stadium,1,17.1,Australia,India,BL Mooney,MM Lanning,AA Patil,4,0,,,,,,,,,
1131238,2017/18,2018-03-26,Brabourne Stadium,1,17.2,Australia,India,BL Mooney,MM Lanning,AA Patil,1,0,,,,,,,,,
1131238,2017/18,2018-03-26,Brabourne Stadium,1,17.3,Australia,India,MM Lanning,BL Mooney,AA Patil,0,0,,,,,,,,,
1131238,2017/18,2018-03-26,Brabourne Stadium,1,17.4,Australia,India,MM Lanning,BL Mooney,AA Patil,4,0,,,,,,,,,
1131238,2017/18,2018-03-26,Brabourne Stadium,1,17.5,Australia,India,MM Lanning,BL Mooney,AA Patil,1,0,,,,,,,,,
1131238,2017/18,2018-03-26,Brabourne Stadium,1,17.6,Australia,India,BL Mooney,MM Lanning,AA Patil,2,0,,,,,,,,,
1131238,2017/18,2018-03-26,Brabourne Stadium,1,18.1,Australia,India,MM Lanning,BL Mooney,J Goswami,1,0,,,,,,,,,
1131238,2017/18,2018-03-26,Brabourne Stadium,1,18.2,Australia,India,BL Mooney,MM Lanning,J Goswami,4,0,,,,,,,,,
1131238,2017/18,2018-03-26,Brabourne Stadium,1,18.3,Australia,India,BL Mooney,MM Lanning,J Goswami,0,0,,,,,,,,,
1131238,2017/18,2018-03-26,Brabourne Stadium,1,18.4,Australia,India,BL Mooney,MM Lanning,J Goswami,0,0,,,,,,caught,BL Mooney,,
1131238,2017/18,2018-03-26,Brabourne Stadium,1,18.5,Australia,India,MM Lanning,EA Perry,J Goswami,1,0,,,,,,,,,
1131238,2017/18,2018-03-26,Brabourne Stadium,1,18.6,Australia,India,EA Perry,MM Lanning,J Goswami,1,0,,,,,,,,,
1131238,2017/18,2018-03-26,Brabourne Stadium,1,19.1,Australia,India,EA Perry,MM Lanning,RP Yadav,0,0,,,,,,caught,EA Perry,,
1131238,2017/18,2018-03-26,Brabourne Stadium,1,19.2,Australia,India,MM Lanning,RL Haynes,RP Yadav,1,0,,,,,,,,,
1131238,2017/18,2018-03-26,Brabourne Stadium,1,19.3,Australia,India,RL Haynes,MM Lanning,RP Yadav,2,0,,,,,,,,,
1131238,2017/18,2018-03-26,Brabourne Stadium,1,19.4,Australia,India,RL Haynes,MM Lanning,RP Yadav,2,0,,,,,,,,,
1131238,2017/18,2018-03-26,Brabourne Stadium,1,19.5,Australia,India,RL Haynes,MM Lanning,RP Yadav,2,0,,,,,,,,,
1131238,2017/18,2018-03-26,Brabourne Stadium,1,19.6,Australia,India,RL Haynes,MM Lanning,RP Yadav,4,0,,,,,,,,,
1131238,2017/18,2018-03-26,Brabourne Stadium,2,0.1,India,Australia,JI Rodrigues,S Mandhana,JL Jonassen,0,1,1,,,,,,,,
1131238,2017/18,2018-03-26,Brabourne Stadium,2,0.2,India,Australia,JI Rodrigues,S Mandhana,JL Jonassen,1,0,,,,,,,,,
1131238,2017/18,2018-03-26,Brabourne Stadium,2,0.3,India,Australia,S Mandhana,JI Rodrigues,JL Jonassen,1,0,,,,,,,,,
1131238,2017/18,2018-03-26,Brabourne Stadium,2,0.4,India,Australia,JI Rodrigues,S Mandhana,JL Jonassen,0,0,,,,,,,,,
1131238,2017/18,2018-03-26,Brabourne Stadium,2,0.5,India,Australia,JI Rodrigues,S Mandhana,JL Jonassen,0,0,,,,,,,,,
1131238,2017/18,2018-03-26,Brabourne Stadium,2,0.6,India,Australia,JI Rodrigues,S Mandhana,JL Jonassen,1,0,,,,,,,,,
1131238,2017/18,2018-03-26,Brabourne Stadium,2,0.7,India,Australia,S Mandhana,JI Rodrigues,JL Jonassen,1,0,,,,,,,,,
1131238,2017/18,2018-03-26,Brabourne Stadium,2,1.1,India,Australia,S Mandhana,JI Rodrigues,ML Schutt,1,0,,,,,,,,,
1131238,2017/18,2018-03-26,Brabourne Stadium,2,1.2,India,Australia,JI Rodrigues,S Mandhana,ML Schutt,4,0,,,,,,,,,
1131238,2017/18,2018-03-26,Brabourne Stadium,2,1.3,India,Australia,JI Rodrigues,S Mandhana,ML Schutt,4,0,,,,,,,,,
1131238,2017/18,2018-03-26,Brabourne Stadium,2,1.4,India,Australia,JI Rodrigues,S Mandhana,ML Schutt,1,0,,,,,,,,,
1131238,2017/18,2018-03-26,Brabourne Stadium,2,1.5,India,Australia,S Mandhana,JI Rodrigues,ML Schutt,0,0,,,,,,bowled,S Mandhana,,
1131238,2017/18,2018-03-26,Brabourne Stadium,2,1.6,India,Australia,M Raj,JI Rodrigues,ML Schutt,0,0,,,,,,bowled,M Raj,,
1131238,2017/18,2018-03-26,Brabourne Stadium,2,2.1,India,Australia,JI Rodrigues,DB Sharma,EA Perry,0,0,,,,,,,,,
1131238,2017/18,2018-03-26,Brabourne Stadium,2,2.2,India,Australia,JI Rodrigues,DB Sharma,EA Perry,2,0,,,,,,,,,
1131238,2017/18,2018-03-26,Brabourne Stadium,2,2.3,India,Australia,JI Rodrigues,DB Sharma,EA Perry,0,0,,,,,,,,,
1131238,2017/18,2018-03-26,Brabourne Stadium,2,2.4,India,Australia,JI Rodrigues,DB Sharma,EA Perry,1,0,,,,,,,,,
1131238,2017/18,2018-03-26,Brabourne Stadium,2,2.5,India,Australia,DB Sharma,JI Rodrigues,EA Perry,1,0,,,,,,,,,
1131238,2017/18,2018-03-26,Brabourne Stadium,2,2.6,India,Australia,JI Rodrigues,DB Sharma,EA Perry,1,0,,,,,,,,,
1131238,2017/18,2018-03-26,Brabourne Stadium,2,3.1,India,Australia,JI Rodrigues,DB Sharma,DM Kimmince,0,0,,,,,,,,,
1131238,2017/18,2018-03-26,Brabourne Stadium,2,3.2,India,Australia,JI Rodrigues,DB Sharma,DM Kimmince,4,0,,,,,,,,,
1131238,2017/18,2018-03-26,Brabourne Stadium,2,3.3,India,Australia,JI Rodrigues,DB Sharma,DM Kimmince,0,0,,,,,,,,,
1131238,2017/18,2018-03-26,Brabourne Stadium,2,3.4,India,Australia,JI Rodrigues,DB Sharma,DM Kimmince,1,0,,,,,,,,,
1131238,2017/18,2018-03-26,Brabourne Stadium,2,3.5,India,Australia,DB Sharma,JI Rodrigues,DM Kimmince,0,0,,,,,,,,,
1131238,2017/18,2018-03-26,Brabourne Stadium,2,3.6,India,Australia,DB Sharma,JI Rodrigues,DM Kimmince,1,0,,,,,,,,,
1131238,2017/18,2018-03-26,Brabourne Stadium,2,4.1,India,Australia,DB Sharma,JI Rodrigues,ML Schutt,0,0,,,,,,caught,DB Sharma,,
1131238,2017/18,2018-03-26,Brabourne Stadium,2,4.2,India,Australia,JI Rodrigues,H Kaur,ML Schutt,0,0,,,,,,,,,
1131238,2017/18,2018-03-26,Brabourne Stadium,2,4.3,India,Australia,JI Rodrigues,H Kaur,ML Schutt,1,0,,,,,,,,,
1131238,2017/18,2018-03-26,Brabourne Stadium,2,4.4,India,Australia,H Kaur,JI Rodrigues,ML Schutt,0,0,,,,,,,,,
1131238,2017/18,2018-03-26,Brabourne Stadium,2,4.5,India,Australia,H Kaur,JI Rodrigues,ML Schutt,1,0,,,,,,,,,
1131238,2017/18,2018-03-26,Brabourne Stadium,2,4.6,India,Australia,JI Rodrigues,H Kaur,ML Schutt,1,0,,,,,,,,,
1131238,2017/18,2018-03-26,Brabourne Stadium,2,5.1,India,Australia,JI Rodrigues,H Kaur,EA Perry,4,0,,,,,,,,,
1131238,2017/18,2018-03-26,Brabourne Stadium,2,5.2,India,Australia,JI Rodrigues,H Kaur,EA Perry,0,0,,,,,,,,,
1131238,2017/18,2018-03-26,Brabourne Stadium,2,5.3,India,Australia,JI Rodrigues,H Kaur,EA Perry,0,0,,,,,,,,,
1131238,2017/18,2018-03-26,Brabourne Stadium,2,5.4,India,Australia,JI Rodrigues,H Kaur,EA Perry,2,0,,,,,,,,,
1131238,2017/18,2018-03-26,Brabourne Stadium,2,5.5,India,Australia,JI Rodrigues,H Kaur,EA Perry,0,0,,,,,,,,,
1131238,2017/18,2018-03-26,Brabourne Stadium,2,5.6,India,Australia,JI Rodrigues,H Kaur,EA Perry,0,0,,,,,,,,,
1131238,2017/18,2018-03-26,Brabourne Stadium,2,6.1,India,Australia,H Kaur,JI Rodrigues,A Wellington,0,0,,,,,,,,,
1131238,2017/18,2018-03-26,Brabourne Stadium,2,6.2,India,Australia,H Kaur,JI Rodrigues,A Wellington,1,0,,,,,,,,,
1131238,2017/18,2018-03-26,Brabourne Stadium,2,6.3,India,Australia,JI Rodrigues,H Kaur,A Wellington,1,0,,,,,,,,,
1131238,2017/18,2018-03-26,Brabourne Stadium,2,6.4,India,Australia,H Kaur,JI Rodrigues,A Wellington,0,0,,,,,,,,,
1131238,2017/18,2018-03-26,Brabourne Stadium,2,6.5,India,Australia,H Kaur,JI Rodrigues,A Wellington,4,0,,,,,,,,,
1131238,2017/18,2018-03-26,Brabourne Stadium,2,6.6,India,Australia,H Kaur,JI Rodrigues,A Wellington,1,0,,,,,,,,,
1131238,2017/18,2018-03-26,Brabourne Stadium,2,7.1,India,Australia,H Kaur,JI Rodrigues,DM Kimmince,0,1,1,,,,,,,,
1131238,2017/18,2018-03-26,Brabourne Stadium,2,7.2,India,Australia,H Kaur,JI Rodrigues,DM Kimmince,0,1,1,,,,,,,,
1131238,2017/18,2018-03-26,Brabourne Stadium,2,7.3,India,Australia,H Kaur,JI Rodrigues,DM Kimmince,1,0,,,,,,,,,
1131238,2017/18,2018-03-26,Brabourne Stadium,2,7.4,India,Australia,JI Rodrigues,H Kaur,DM Kimmince,1,0,,,,,,,,,
1131238,2017/18,2018-03-26,Brabourne Stadium,2,7.5,India,Australia,H Kaur,JI Rodrigues,DM Kimmince,1,0,,,,,,,,,
1131238,2017/18,2018-03-26,Brabourne Stadium,2,7.6,India,Australia,JI Rodrigues,H Kaur,DM Kimmince,1,0,,,,,,,,,
1131238,2017/18,2018-03-26,Brabourne Stadium,2,7.7,India,Australia,H Kaur,JI Rodrigues,DM Kimmince,0,0,,,,,,,,,
1131238,2017/18,2018-03-26,Brabourne Stadium,2,7.8,India,Australia,H Kaur,JI Rodrigues,DM Kimmince,1,0,,,,,,,,,
1131238,2017/18,2018-03-26,Brabourne Stadium,2,8.1,India,Australia,H Kaur,JI Rodrigues,A Gardner,1,0,,,,,,,,,
1131238,2017/18,2018-03-26,Brabourne Stadium,2,8.2,India,Australia,JI Rodrigues,H Kaur,A Gardner,1,0,,,,,,,,,
1131238,2017/18,2018-03-26,Brabourne Stadium,2,8.3,India,Australia,H Kaur,JI Rodrigues,A Gardner,1,0,,,,,,,,,
1131238,2017/18,2018-03-26,Brabourne Stadium,2,8.4,India,Australia,JI Rodrigues,H Kaur,A Gardner,4,0,,,,,,,,,
1131238,2017/18,2018-03-26,Brabourne Stadium,2,8.5,India,Australia,JI Rodrigues,H Kaur,A Gardner,1,0,,,,,,,,,
1131238,2017/18,2018-03-26,Brabourne Stadium,2,8.6,India,Australia,H Kaur,JI Rodrigues,A Gardner,1,0,,,,,,,,,
1131238,2017/18,2018-03-26,Brabourne Stadium,2,9.1,India,Australia,H Kaur,JI Rodrigues,EA Perry,2,0,,,,,,,,,
1131238,2017/18,2018-03-26,Brabourne Stadium,2,9.2,India,Australia,H Kaur,JI Rodrigues,EA Perry,0,0,,,,,,,,,
1131238,2017/18,2018-03-26,Brabourne Stadium,2,9.3,India,Australia,H Kaur,JI Rodrigues,EA Perry,0,0,,,,,,,,,
1131238,2017/18,2018-03-26,Brabourne Stadium,2,9.4,India,Australia,H Kaur,JI Rodrigues,EA Perry,1,0,,,,,,,,,
1131238,2017/18,2018-03-26,Brabourne Stadium,2,9.5,India,Australia,JI Rodrigues,H Kaur,EA Perry,0,0,,,,,,,,,
1131238,2017/18,2018-03-26,Brabourne Stadium,2,9.6,India,Australia,JI Rodrigues,H Kaur,EA Perry,4,0,,,,,,,,,
1131238,2017/18,2018-03-26,Brabourne Stadium,2,10.1,India,Australia,H Kaur,JI Rodrigues,JL Jonassen,1,0,,,,,,,,,
1131238,2017/18,2018-03-26,Brabourne Stadium,2,10.2,India,Australia,JI Rodrigues,H Kaur,JL Jonassen,1,0,,,,,,,,,
1131238,2017/18,2018-03-26,Brabourne Stadium,2,10.3,India,Australia,H Kaur,JI Rodrigues,JL Jonassen,0,0,,,,,,,,,
1131238,2017/18,2018-03-26,Brabourne Stadium,2,10.4,India,Australia,H Kaur,JI Rodrigues,JL Jonassen,0,0,,,,,,,,,
1131238,2017/18,2018-03-26,Brabourne Stadium,2,10.5,India,Australia,H Kaur,JI Rodrigues,JL Jonassen,1,0,,,,,,,,,
1131238,2017/18,2018-03-26,Brabourne Stadium,2,10.6,India,Australia,JI Rodrigues,H Kaur,JL Jonassen,4,0,,,,,,,,,
1131238,2017/18,2018-03-26,Brabourne Stadium,2,11.1,India,Australia,H Kaur,JI Rodrigues,A Wellington,1,0,,,,,,,,,
1131238,2017/18,2018-03-26,Brabourne Stadium,2,11.2,India,Australia,JI Rodrigues,H Kaur,A Wellington,0,0,,,,,,,,,
1131238,2017/18,2018-03-26,Brabourne Stadium,2,11.3,India,Australia,JI Rodrigues,H Kaur,A Wellington,0,0,,,,,,,,,
1131238,2017/18,2018-03-26,Brabourne Stadium,2,11.4,India,Australia,JI Rodrigues,H Kaur,A Wellington,0,0,,,,,,,,,
1131238,2017/18,2018-03-26,Brabourne Stadium,2,11.5,India,Australia,JI Rodrigues,H Kaur,A Wellington,4,0,,,,,,,,,
1131238,2017/18,2018-03-26,Brabourne Stadium,2,11.6,India,Australia,JI Rodrigues,H Kaur,A Wellington,0,0,,,,,,,,,
1131238,2017/18,2018-03-26,Brabourne Stadium,2,12.1,India,Australia,H Kaur,JI Rodrigues,DM Kimmince,2,0,,,,,,,,,
1131238,2017/18,2018-03-26,Brabourne Stadium,2,12.2,India,Australia,H Kaur,JI Rodrigues,DM Kimmince,1,0,,,,,,,,,
1131238,2017/18,2018-03-26,Brabourne Stadium,2,12.3,India,Australia,JI Rodrigues,H Kaur,DM Kimmince,0,0,,,,,,caught,JI Rodrigues,,
1131238,2017/18,2018-03-26,Brabourne Stadium,2,12.4,India,Australia,H Kaur,AA Patil,DM Kimmince,1,0,,,,,,,,,
1131238,2017/18,2018-03-26,Brabourne Stadium,2,12.5,India,Australia,AA Patil,H Kaur,DM Kimmince,1,0,,,,,,,,,
1131238,2017/18,2018-03-26,Brabourne Stadium,2,12.6,India,Australia,H Kaur,AA Patil,DM Kimmince,0,0,,,,,,,,,
1131238,2017/18,2018-03-26,Brabourne Stadium,2,13.1,India,Australia,AA Patil,H Kaur,A Gardner,4,0,,,,,,,,,
1131238,2017/18,2018-03-26,Brabourne Stadium,2,13.2,India,Australia,AA Patil,H Kaur,A Gardner,1,0,,,,,,,,,
1131238,2017/18,2018-03-26,Brabourne Stadium,2,13.3,India,Australia,H Kaur,AA Patil,A Gardner,4,0,,,,,,,,,
1131238,2017/18,2018-03-26,Brabourne Stadium,2,13.4,India,Australia,H Kaur,AA Patil,A Gardner,6,0,,,,,,,,,
1131238,2017/18,2018-03-26,Brabourne Stadium,2,13.5,India,Australia,H Kaur,AA Patil,A Gardner,0,0,,,,,,caught,H Kaur,,
1131238,2017/18,2018-03-26,Brabourne Stadium,2,13.6,India,Australia,AA Patil,P Vastrakar,A Gardner,0,0,,,,,,,,,
1131238,2017/18,2018-03-26,Brabourne Stadium,2,14.1,India,Australia,P Vastrakar,AA Patil,JL Jonassen,1,0,,,,,,,,,
1131238,2017/18,2018-03-26,Brabourne Stadium,2,14.2,India,Australia,AA Patil,P Vastrakar,JL Jonassen,1,0,,,,,,,,,
1131238,2017/18,2018-03-26,Brabourne Stadium,2,14.3,India,Australia,P Vastrakar,AA Patil,JL Jonassen,1,0,,,,,,,,,
1131238,2017/18,2018-03-26,Brabourne Stadium,2,14.4,India,Australia,AA Patil,P Vastrakar,JL Jonassen,1,0,,,,,,,,,
1131238,2017/18,2018-03-26,Brabourne Stadium,2,14.5,India,Australia,P Vastrakar,AA Patil,JL Jonassen,1,0,,,,,,,,,
1131238,2017/18,2018-03-26,Brabourne Stadium,2,14.6,India,Australia,AA Patil,P Vastrakar,JL Jonassen,0,0,,,,,,,,,
1131238,2017/18,2018-03-26,Brabourne Stadium,2,15.1,India,Australia,P Vastrakar,AA Patil,DM Kimmince,1,0,,,,,,,,,
1131238,2017/18,2018-03-26,Brabourne Stadium,2,15.2,India,Australia,AA Patil,P Vastrakar,DM Kimmince,2,0,,,,,,,,,
1131238,2017/18,2018-03-26,Brabourne Stadium,2,15.3,India,Australia,AA Patil,P Vastrakar,DM Kimmince,1,0,,,,,,,,,
1131238,2017/18,2018-03-26,Brabourne Stadium,2,15.4,India,Australia,P Vastrakar,AA Patil,DM Kimmince,1,0,,,,,,,,,
1131238,2017/18,2018-03-26,Brabourne Stadium,2,15.5,India,Australia,AA Patil,P Vastrakar,DM Kimmince,0,0,,,,,,,,,
1131238,2017/18,2018-03-26,Brabourne Stadium,2,15.6,India,Australia,AA Patil,P Vastrakar,DM Kimmince,4,0,,,,,,,,,
1131238,2017/18,2018-03-26,Brabourne Stadium,2,16.1,India,Australia,P Vastrakar,AA Patil,ML Schutt,1,0,,,,,,,,,
1131238,2017/18,2018-03-26,Brabourne Stadium,2,16.2,India,Australia,AA Patil,P Vastrakar,ML Schutt,0,0,,,,,,,,,
1131238,2017/18,2018-03-26,Brabourne Stadium,2,16.3,India,Australia,AA Patil,P Vastrakar,ML Schutt,0,0,,,,,,,,,
1131238,2017/18,2018-03-26,Brabourne Stadium,2,16.4,India,Australia,AA Patil,P Vastrakar,ML Schutt,0,0,,,,,,,,,
1131238,2017/18,2018-03-26,Brabourne Stadium,2,16.5,India,Australia,AA Patil,P Vastrakar,ML Schutt,1,0,,,,,,,,,
1131238,2017/18,2018-03-26,Brabourne Stadium,2,16.6,India,Australia,P Vastrakar,AA Patil,ML Schutt,0,1,1,,,,,,,,
1131238,2017/18,2018-03-26,Brabourne Stadium,2,16.7,India,Australia,P Vastrakar,AA Patil,ML Schutt,2,0,,,,,,,,,
1131238,2017/18,2018-03-26,Brabourne Stadium,2,17.1,India,Australia,AA Patil,P Vastrakar,JL Jonassen,4,0,,,,,,,,,
1131238,2017/18,2018-03-26,Brabourne Stadium,2,17.2,India,Australia,AA Patil,P Vastrakar,JL Jonassen,0,0,,,,,,,,,
1131238,2017/18,2018-03-26,Brabourne Stadium,2,17.3,India,Australia,AA Patil,P Vastrakar,JL Jonassen,1,0,,,,,,,,,
1131238,2017/18,2018-03-26,Brabourne Stadium,2,17.4,India,Australia,P Vastrakar,AA Patil,JL Jonassen,4,0,,,,,,,,,
1131238,2017/18,2018-03-26,Brabourne Stadium,2,17.5,India,Australia,P Vastrakar,AA Patil,JL Jonassen,1,0,,,,,,,,,
1131238,2017/18,2018-03-26,Brabourne Stadium,2,17.6,India,Australia,AA Patil,P Vastrakar,JL Jonassen,4,0,,,,,,,,,
1131238,2017/18,2018-03-26,Brabourne Stadium,2,18.1,India,Australia,P Vastrakar,AA Patil,EA Perry,1,0,,,,,,,,,
1131238,2017/18,2018-03-26,Brabourne Stadium,2,18.2,India,Australia,AA Patil,P Vastrakar,EA Perry,1,0,,,,,,,,,
1131238,2017/18,2018-03-26,Brabourne Stadium,2,18.3,India,Australia,P Vastrakar,AA Patil,EA Perry,1,0,,,,,,,,,
1131238,2017/18,2018-03-26,Brabourne Stadium,2,18.4,India,Australia,AA Patil,P Vastrakar,EA Perry,1,0,,,,,,,,,
1131238,2017/18,2018-03-26,Brabourne Stadium,2,18.5,India,Australia,P Vastrakar,AA Patil,EA Perry,1,0,,,,,,,,,
1131238,2017/18,2018-03-26,Brabourne Stadium,2,18.6,India,Australia,AA Patil,P Vastrakar,EA Perry,1,0,,,,,,,,,
1131238,2017/18,2018-03-26,Brabourne Stadium,2,19.1,India,Australia,AA Patil,P Vastrakar,ML Schutt,4,0,,,,,,,,,
1131238,2017/18,2018-03-26,Brabourne Stadium,2,19.2,India,Australia,AA Patil,P Vastrakar,ML Schutt,0,1,,,1,,,,,,
1131238,2017/18,2018-03-26,Brabourne Stadium,2,19.3,India,Australia,P Vastrakar,AA Patil,ML Schutt,2,0,,,,,,,,,
1131238,2017/18,2018-03-26,Brabourne Stadium,2,19.4,India,Australia,P Vastrakar,AA Patil,ML Schutt,1,0,,,,,,,,,
1131238,2017/18,2018-03-26,Brabourne Stadium,2,19.5,India,Australia,AA Patil,P Vastrakar,ML Schutt,4,0,,,,,,,,,
1131238,2017/18,2018-03-26,Brabourne Stadium,2,19.6,India,Australia,AA Patil,P Vastrakar,ML Schutt,2,0,,,,,,,,,
