match_id,season,start_date,venue,innings,ball,batting_team,bowling_team,striker,non_striker,bowler,runs_off_bat,extras,wides,noballs,byes,legbyes,penalty,wicket_type,player_dismissed,other_wicket_type,other_player_dismissed
1131241,2017/18,2018-03-31,Brabourne Stadium,1,0.1,Australia,England,AJ Healy,BL Mooney,NE Farrant,0,0,,,,,,,,,
1131241,2017/18,2018-03-31,Brabourne Stadium,1,0.2,Australia,England,AJ Healy,BL Mooney,NE Farrant,0,0,,,,,,,,,
1131241,2017/18,2018-03-31,Brabourne Stadium,1,0.3,Australia,England,AJ Healy,BL Mooney,NE Farrant,1,0,,,,,,,,,
1131241,2017/18,2018-03-31,Brabourne Stadium,1,0.4,Australia,England,BL Mooney,AJ Healy,NE Farrant,0,0,,,,,,lbw,BL Mooney,,
1131241,2017/18,2018-03-31,Brabourne Stadium,1,0.5,Australia,England,A Gardner,AJ Healy,NE Farrant,0,0,,,,,,,,,
1131241,2017/18,2018-03-31,Brabourne Stadium,1,0.6,Australia,England,A Gardner,AJ Healy,NE Farrant,4,0,,,,,,,,,
1131241,2017/18,2018-03-31,Brabourne Stadium,1,1.1,Australia,England,AJ Healy,A Gardner,S Ecclestone,0,0,,,,,,,,,
1131241,2017/18,2018-03-31,Brabourne Stadium,1,1.2,Australia,England,AJ Healy,A Gardner,S Ecclestone,0,0,,,,,,,,,
1131241,2017/18,2018-03-31,Brabourne Stadium,1,1.3,Australia,England,AJ Healy,A Gardner,S Ecclestone,0,0,,,,,,,,,
1131241,2017/18,2018-03-31,Brabourne Stadium,1,1.4,Australia,England,AJ Healy,A Gardner,S Ecclestone,4,0,,,,,,,,,
1131241,2017/18,2018-03-31,Brabourne Stadium,1,1.5,Australia,England,AJ Healy,A Gardner,S Ecclestone,1,0,,,,,,,,,
1131241,2017/18,2018-03-31,Brabourne Stadium,1,1.6,Australia,England,A Gardner,AJ Healy,S Ecclestone,0,0,,,,,,,,,
1131241,2017/18,2018-03-31,Brabourne Stadium,1,2.1,Australia,England,AJ Healy,A Gardner,NE Farrant,6,0,,,,,,,,,
1131241,2017/18,2018-03-31,Brabourne Stadium,1,2.2,Australia,England,AJ Healy,A Gardner,NE Farrant,0,0,,,,,,,,,
1131241,2017/18,2018-03-31,Brabourne Stadium,1,2.3,Australia,England,AJ Healy,A Gardner,NE Farrant,2,0,,,,,,,,,
1131241,2017/18,2018-03-31,Brabourne Stadium,1,2.4,Australia,England,AJ Healy,A Gardner,NE Farrant,4,0,,,,,,,,,
1131241,2017/18,2018-03-31,Brabourne Stadium,1,2.5,Australia,England,AJ Healy,A Gardner,NE Farrant,0,0,,,,,,,,,
1131241,2017/18,2018-03-31,Brabourne Stadium,1,2.6,Australia,England,AJ Healy,A Gardner,NE Farrant,0,0,,,,,,,,,
1131241,2017/18,2018-03-31,Brabourne Stadium,1,3.1,Australia,England,A Gardner,AJ Healy,S Ecclestone,0,0,,,,,,,,,
1131241,2017/18,2018-03-31,Brabourne Stadium,1,3.2,Australia,England,A Gardner,AJ Healy,S Ecclestone,6,0,,,,,,,,,
1131241,2017/18,2018-03-31,Brabourne Stadium,1,3.3,Australia,England,A Gardner,AJ Healy,S Ecclestone,0,0,,,,,,,,,
1131241,2017/18,2018-03-31,Brabourne Stadium,1,3.4,Australia,England,A Gardner,AJ Healy,S Ecclestone,6,0,,,,,,,,,
1131241,2017/18,2018-03-31,Brabourne Stadium,1,3.5,Australia,England,A Gardner,AJ Healy,S Ecclestone,0,0,,,,,,,,,
1131241,2017/18,2018-03-31,Brabourne Stadium,1,3.6,Australia,England,A Gardner,AJ Healy,S Ecclestone,0,0,,,,,,,,,
1131241,2017/18,2018-03-31,Brabourne Stadium,1,4.1,Australia,England,AJ Healy,A Gardner,NR Sciver,1,0,,,,,,,,,
1131241,2017/18,2018-03-31,Brabourne Stadium,1,4.2,Australia,England,A Gardner,AJ Healy,NR Sciver,0,0,,,,,,,,,
1131241,2017/18,2018-03-31,Brabourne Stadium,1,4.3,Australia,England,A Gardner,AJ Healy,NR Sciver,4,0,,,,,,,,,
1131241,2017/18,2018-03-31,Brabourne Stadium,1,4.4,Australia,England,A Gardner,AJ Healy,NR Sciver,4,0,,,,,,,,,
1131241,2017/18,2018-03-31,Brabourne Stadium,1,4.5,Australia,England,A Gardner,AJ Healy,NR Sciver,0,0,,,,,,,,,
1131241,2017/18,2018-03-31,Brabourne Stadium,1,4.6,Australia,England,A Gardner,AJ Healy,NR Sciver,0,0,,,,,,,,,
1131241,2017/18,2018-03-31,Brabourne Stadium,1,5.1,Australia,England,AJ Healy,A Gardner,D Hazell,0,0,,,,,,,,,
1131241,2017/18,2018-03-31,Brabourne Stadium,1,5.2,Australia,England,AJ Healy,A Gardner,D Hazell,0,0,,,,,,,,,
1131241,2017/18,2018-03-31,Brabourne Stadium,1,5.3,Australia,England,AJ Healy,A Gardner,D Hazell,4,0,,,,,,,,,
1131241,2017/18,2018-03-31,Brabourne Stadium,1,5.4,Australia,England,AJ Healy,A Gardner,D Hazell,4,0,,,,,,,,,
1131241,2017/18,2018-03-31,Brabourne Stadium,1,5.5,Australia,England,AJ Healy,A Gardner,D Hazell,1,0,,,,,,,,,
1131241,2017/18,2018-03-31,Brabourne Stadium,1,5.6,Australia,England,A Gardner,AJ Healy,D Hazell,0,0,,,,,,,,,
1131241,2017/18,2018-03-31,Brabourne Stadium,1,6.1,Australia,England,AJ Healy,A Gardner,NR Sciver,0,0,,,,,,,,,
1131241,2017/18,2018-03-31,Brabourne Stadium,1,6.2,Australia,England,AJ Healy,A Gardner,NR Sciver,1,0,,,,,,,,,
1131241,2017/18,2018-03-31,Brabourne Stadium,1,6.3,Australia,England,A Gardner,AJ Healy,NR Sciver,6,0,,,,,,,,,
1131241,2017/18,2018-03-31,Brabourne Stadium,1,6.4,Australia,England,A Gardner,AJ Healy,NR Sciver,2,0,,,,,,,,,
1131241,2017/18,2018-03-31,Brabourne Stadium,1,6.5,Australia,England,A Gardner,AJ Healy,NR Sciver,0,0,,,,,,,,,
1131241,2017/18,2018-03-31,Brabourne Stadium,1,6.6,Australia,England,A Gardner,AJ Healy,NR Sciver,1,0,,,,,,,,,
1131241,2017/18,2018-03-31,Brabourne Stadium,1,7.1,Australia,England,A Gardner,AJ Healy,JL Gunn,0,0,,,,,,caught,A Gardner,,
1131241,2017/18,2018-03-31,Brabourne Stadium,1,7.2,Australia,England,AJ Healy,MM Lanning,JL Gunn,4,0,,,,,,,,,
1131241,2017/18,2018-03-31,Brabourne Stadium,1,7.3,Australia,England,AJ Healy,MM Lanning,JL Gunn,0,0,,,,,,bowled,AJ Healy,,
1131241,2017/18,2018-03-31,Brabourne Stadium,1,7.4,Australia,England,EJ Villani,MM Lanning,JL Gunn,1,0,,,,,,,,,
1131241,2017/18,2018-03-31,Brabourne Stadium,1,7.5,Australia,England,MM Lanning,EJ Villani,JL Gunn,0,0,,,,,,,,,
1131241,2017/18,2018-03-31,Brabourne Stadium,1,7.6,Australia,England,MM Lanning,EJ Villani,JL Gunn,4,0,,,,,,,,,
1131241,2017/18,2018-03-31,Brabourne Stadium,1,8.1,Australia,England,EJ Villani,MM Lanning,D Hazell,1,0,,,,,,,,,
1131241,2017/18,2018-03-31,Brabourne Stadium,1,8.2,Australia,England,MM Lanning,EJ Villani,D Hazell,0,0,,,,,,,,,
1131241,2017/18,2018-03-31,Brabourne Stadium,1,8.3,Australia,England,MM Lanning,EJ Villani,D Hazell,1,0,,,,,,,,,
1131241,2017/18,2018-03-31,Brabourne Stadium,1,8.4,Australia,England,EJ Villani,MM Lanning,D Hazell,0,0,,,,,,,,,
1131241,2017/18,2018-03-31,Brabourne Stadium,1,8.5,Australia,England,EJ Villani,MM Lanning,D Hazell,1,0,,,,,,,,,
1131241,2017/18,2018-03-31,Brabourne Stadium,1,8.6,Australia,England,MM Lanning,EJ Villani,D Hazell,1,0,,,,,,,,,
1131241,2017/18,2018-03-31,Brabourne Stadium,1,9.1,Australia,England,MM Lanning,EJ Villani,JL Gunn,0,0,,,,,,,,,
1131241,2017/18,2018-03-31,Brabourne Stadium,1,9.2,Australia,England,MM Lanning,EJ Villani,JL Gunn,1,0,,,,,,,,,
1131241,2017/18,2018-03-31,Brabourne Stadium,1,9.3,Australia,England,EJ Villani,MM Lanning,JL Gunn,1,0,,,,,,,,,
1131241,2017/18,2018-03-31,Brabourne Stadium,1,9.4,Australia,England,MM Lanning,EJ Villani,JL Gunn,0,1,1,,,,,,,,
1131241,2017/18,2018-03-31,Brabourne Stadium,1,9.5,Australia,England,MM Lanning,EJ Villani,JL Gunn,0,1,1,,,,,,,,
1131241,2017/18,2018-03-31,Brabourne Stadium,1,9.6,Australia,England,MM Lanning,EJ Villani,JL Gunn,1,0,,,,,,,,,
1131241,2017/18,2018-03-31,Brabourne Stadium,1,9.7,Australia,England,EJ Villani,MM Lanning,JL Gunn,0,0,,,,,,,,,
1131241,2017/18,2018-03-31,Brabourne Stadium,1,9.8,Australia,England,EJ Villani,MM Lanning,JL Gunn,0,0,,,,,,,,,
1131241,2017/18,2018-03-31,Brabourne Stadium,1,10.1,Australia,England,MM Lanning,EJ Villani,S Ecclestone,4,0,,,,,,,,,
1131241,2017/18,2018-03-31,Brabourne Stadium,1,10.2,Australia,England,MM Lanning,EJ Villani,S Ecclestone,1,0,,,,,,,,,
1131241,2017/18,2018-03-31,Brabourne Stadium,1,10.3,Australia,England,EJ Villani,MM Lanning,S Ecclestone,0,0,,,,,,,,,
1131241,2017/18,2018-03-31,Brabourne Stadium,1,10.4,Australia,England,EJ Villani,MM Lanning,S Ecclestone,0,0,,,,,,,,,
1131241,2017/18,2018-03-31,Brabourne Stadium,1,10.5,Australia,England,EJ Villani,MM Lanning,S Ecclestone,2,0,,,,,,,,,
1131241,2017/18,2018-03-31,Brabourne Stadium,1,10.6,Australia,England,EJ Villani,MM Lanning,S Ecclestone,4,0,,,,,,,,,
1131241,2017/18,2018-03-31,Brabourne Stadium,1,11.1,Australia,England,MM Lanning,EJ Villani,AN Davidson-Richards,4,0,,,,,,,,,
1131241,2017/18,2018-03-31,Brabourne Stadium,1,11.2,Australia,England,MM Lanning,EJ Villani,AN Davidson-Richards,4,0,,,,,,,,,
1131241,2017/18,2018-03-31,Brabourne Stadium,1,11.3,Australia,England,MM Lanning,EJ Villani,AN Davidson-Richards,4,0,,,,,,,,,
1131241,2017/18,2018-03-31,Brabourne Stadium,1,11.4,Australia,England,MM Lanning,EJ Villani,AN Davidson-Richards,0,0,,,,,,,,,
1131241,2017/18,2018-03-31,Brabourne Stadium,1,11.5,Australia,England,MM Lanning,EJ Villani,AN Davidson-Richards,4,0,,,,,,,,,
1131241,2017/18,2018-03-31,Brabourne Stadium,1,11.6,Australia,England,MM Lanning,EJ Villani,AN Davidson-Richards,1,0,,,,,,,,,
1131241,2017/18,2018-03-31,Brabourne Stadium,1,12.1,Australia,England,MM Lanning,EJ Villani,NE Farrant,0,0,,,,,,,,,
1131241,2017/18,2018-03-31,Brabourne Stadium,1,12.2,Australia,England,MM Lanning,EJ Villani,NE Farrant,0,0,,,,,,,,,
1131241,2017/18,2018-03-31,Brabourne Stadium,1,12.3,Australia,England,MM Lanning,EJ Villani,NE Farrant,4,0,,,,,,,,,
1131241,2017/18,2018-03-31,Brabourne Stadium,1,12.4,Australia,England,MM Lanning,EJ Villani,NE Farrant,0,0,,,,,,,,,
1131241,2017/18,2018-03-31,Brabourne Stadium,1,12.5,Australia,England,MM Lanning,EJ Villani,NE Farrant,4,0,,,,,,,,,
1131241,2017/18,2018-03-31,Brabourne Stadium,1,12.6,Australia,England,MM Lanning,EJ Villani,NE Farrant,4,0,,,,,,,,,
1131241,2017/18,2018-03-31,Brabourne Stadium,1,13.1,Australia,England,EJ Villani,MM Lanning,D Hazell,0,0,,,,,,,,,
1131241,2017/18,2018-03-31,Brabourne Stadium,1,13.2,Australia,England,EJ Villani,MM Lanning,D Hazell,4,0,,,,,,,,,
1131241,2017/18,2018-03-31,Brabourne Stadium,1,13.3,Australia,England,EJ Villani,MM Lanning,D Hazell,4,0,,,,,,,,,
1131241,2017/18,2018-03-31,Brabourne Stadium,1,13.4,Australia,England,EJ Villani,MM Lanning,D Hazell,4,0,,,,,,,,,
1131241,2017/18,2018-03-31,Brabourne Stadium,1,13.5,Australia,England,EJ Villani,MM Lanning,D Hazell,1,0,,,,,,,,,
1131241,2017/18,2018-03-31,Brabourne Stadium,1,13.6,Australia,England,MM Lanning,EJ Villani,D Hazell,4,0,,,,,,,,,
1131241,2017/18,2018-03-31,Brabourne Stadium,1,14.1,Australia,England,EJ Villani,MM Lanning,NR Sciver,4,0,,,,,,,,,
1131241,2017/18,2018-03-31,Brabourne Stadium,1,14.2,Australia,England,EJ Villani,MM Lanning,NR Sciver,4,0,,,,,,,,,
1131241,2017/18,2018-03-31,Brabourne Stadium,1,14.3,Australia,England,EJ Villani,MM Lanning,NR Sciver,1,0,,,,,,,,,
1131241,2017/18,2018-03-31,Brabourne Stadium,1,14.4,Australia,England,MM Lanning,EJ Villani,NR Sciver,1,0,,,,,,,,,
1131241,2017/18,2018-03-31,Brabourne Stadium,1,14.5,Australia,England,EJ Villani,MM Lanning,NR Sciver,1,0,,,,,,,,,
1131241,2017/18,2018-03-31,Brabourne Stadium,1,14.6,Australia,England,MM Lanning,EJ Villani,NR Sciver,1,0,,,,,,,,,
1131241,2017/18,2018-03-31,Brabourne Stadium,1,15.1,Australia,England,MM Lanning,EJ Villani,S Ecclestone,0,0,,,,,,,,,
1131241,2017/18,2018-03-31,Brabourne Stadium,1,15.2,Australia,England,MM Lanning,EJ Villani,S Ecclestone,4,0,,,,,,,,,
1131241,2017/18,2018-03-31,Brabourne Stadium,1,15.3,Australia,England,MM Lanning,EJ Villani,S Ecclestone,0,0,,,,,,,,,
1131241,2017/18,2018-03-31,Brabourne Stadium,1,15.4,Australia,England,MM Lanning,EJ Villani,S Ecclestone,4,0,,,,,,,,,
1131241,2017/18,2018-03-31,Brabourne Stadium,1,15.5,Australia,England,MM Lanning,EJ Villani,S Ecclestone,4,0,,,,,,,,,
1131241,2017/18,2018-03-31,Brabourne Stadium,1,15.6,Australia,England,MM Lanning,EJ Villani,S Ecclestone,1,0,,,,,,,,,
1131241,2017/18,2018-03-31,Brabourne Stadium,1,16.1,Australia,England,MM Lanning,EJ Villani,NR Sciver,1,0,,,,,,,,,
1131241,2017/18,2018-03-31,Brabourne Stadium,1,16.2,Australia,England,EJ Villani,MM Lanning,NR Sciver,1,0,,,,,,,,,
1131241,2017/18,2018-03-31,Brabourne Stadium,1,16.3,Australia,England,MM Lanning,EJ Villani,NR Sciver,1,0,,,,,,,,,
1131241,2017/18,2018-03-31,Brabourne Stadium,1,16.4,Australia,England,EJ Villani,MM Lanning,NR Sciver,1,0,,,,,,,,,
1131241,2017/18,2018-03-31,Brabourne Stadium,1,16.5,Australia,England,MM Lanning,EJ Villani,NR Sciver,0,0,,,,,,,,,
1131241,2017/18,2018-03-31,Brabourne Stadium,1,16.6,Australia,England,MM Lanning,EJ Villani,NR Sciver,4,0,,,,,,,,,
1131241,2017/18,2018-03-31,Brabourne Stadium,1,17.1,Australia,England,EJ Villani,MM Lanning,JL Gunn,4,0,,,,,,,,,
1131241,2017/18,2018-03-31,Brabourne Stadium,1,17.2,Australia,England,EJ Villani,MM Lanning,JL Gunn,2,0,,,,,,,,,
1131241,2017/18,2018-03-31,Brabourne Stadium,1,17.3,Australia,England,EJ Villani,MM Lanning,JL Gunn,1,0,,,,,,,,,
1131241,2017/18,2018-03-31,Brabourne Stadium,1,17.4,Australia,England,MM Lanning,EJ Villani,JL Gunn,4,0,,,,,,,,,
1131241,2017/18,2018-03-31,Brabourne Stadium,1,17.5,Australia,England,MM Lanning,EJ Villani,JL Gunn,1,0,,,,,,,,,
1131241,2017/18,2018-03-31,Brabourne Stadium,1,17.6,Australia,England,EJ Villani,MM Lanning,JL Gunn,2,0,,,,,,,,,
1131241,2017/18,2018-03-31,Brabourne Stadium,1,18.1,Australia,England,MM Lanning,EJ Villani,NE Farrant,1,0,,,,,,,,,
1131241,2017/18,2018-03-31,Brabourne Stadium,1,18.2,Australia,England,EJ Villani,MM Lanning,NE Farrant,4,0,,,,,,,,,
1131241,2017/18,2018-03-31,Brabourne Stadium,1,18.3,Australia,England,EJ Villani,MM Lanning,NE Farrant,2,0,,,,,,,,,
1131241,2017/18,2018-03-31,Brabourne Stadium,1,18.4,Australia,England,EJ Villani,MM Lanning,NE Farrant,1,0,,,,,,,,,
1131241,2017/18,2018-03-31,Brabourne Stadium,1,18.5,Australia,England,MM Lanning,EJ Villani,NE Farrant,6,0,,,,,,,,,
1131241,2017/18,2018-03-31,Brabourne Stadium,1,18.6,Australia,England,MM Lanning,EJ Villani,NE Farrant,1,0,,,,,,,,,
1131241,2017/18,2018-03-31,Brabourne Stadium,1,19.1,Australia,England,MM Lanning,EJ Villani,JL Gunn,4,0,,,,,,,,,
1131241,2017/18,2018-03-31,Brabourne Stadium,1,19.2,Australia,England,MM Lanning,EJ Villani,JL Gunn,0,1,,1,,,,,,,
1131241,2017/18,2018-03-31,Brabourne Stadium,1,19.3,Australia,England,MM Lanning,EJ Villani,JL Gunn,1,0,,,,,,,,,
1131241,2017/18,2018-03-31,Brabourne Stadium,1,19.4,Australia,England,EJ Villani,MM Lanning,JL Gunn,0,0,,,,,,run out,EJ Villani,,
1131241,2017/18,2018-03-31,Brabourne Stadium,1,19.5,Australia,England,MM Lanning,RL Haynes,JL Gunn,1,0,,,,,,,,,
1131241,2017/18,2018-03-31,Brabourne Stadium,1,19.6,Australia,England,RL Haynes,MM Lanning,JL Gunn,1,0,,,,,,,,,
1131241,2017/18,2018-03-31,Brabourne Stadium,1,19.7,Australia,England,MM Lanning,RL Haynes,JL Gunn,2,0,,,,,,,,,
1131241,2017/18,2018-03-31,Brabourne Stadium,2,0.1,England,Australia,DN Wyatt,BF Smith,JL Jonassen,4,0,,,,,,,,,
1131241,2017/18,2018-03-31,Brabourne Stadium,2,0.2,England,Australia,DN Wyatt,BF Smith,JL Jonassen,0,0,,,,,,run out,BF Smith,,
1131241,2017/18,2018-03-31,Brabourne Stadium,2,0.3,England,Australia,DN Wyatt,TT Beaumont,JL Jonassen,0,0,,,,,,,,,
1131241,2017/18,2018-03-31,Brabourne Stadium,2,0.4,England,Australia,DN Wyatt,TT Beaumont,JL Jonassen,2,0,,,,,,,,,
1131241,2017/18,2018-03-31,Brabourne Stadium,2,0.5,England,Australia,DN Wyatt,TT Beaumont,JL Jonassen,4,0,,,,,,,,,
1131241,2017/18,2018-03-31,Brabourne Stadium,2,0.6,England,Australia,DN Wyatt,TT Beaumont,JL Jonassen,4,0,,,,,,,,,
1131241,2017/18,2018-03-31,Brabourne Stadium,2,1.1,England,Australia,TT Beaumont,DN Wyatt,EA Perry,0,0,,,,,,caught,TT Beaumont,,
1131241,2017/18,2018-03-31,Brabourne Stadium,2,1.2,England,Australia,NR Sciver,DN Wyatt,EA Perry,0,0,,,,,,,,,
1131241,2017/18,2018-03-31,Brabourne Stadium,2,1.3,England,Australia,NR Sciver,DN Wyatt,EA Perry,1,0,,,,,,,,,
1131241,2017/18,2018-03-31,Brabourne Stadium,2,1.4,England,Australia,DN Wyatt,NR Sciver,EA Perry,1,0,,,,,,,,,
1131241,2017/18,2018-03-31,Brabourne Stadium,2,1.5,England,Australia,NR Sciver,DN Wyatt,EA Perry,0,0,,,,,,,,,
1131241,2017/18,2018-03-31,Brabourne Stadium,2,1.6,England,Australia,NR Sciver,DN Wyatt,EA Perry,0,0,,,,,,,,,
1131241,2017/18,2018-03-31,Brabourne Stadium,2,2.1,England,Australia,DN Wyatt,NR Sciver,ML Schutt,1,0,,,,,,,,,
1131241,2017/18,2018-03-31,Brabourne Stadium,2,2.2,England,Australia,NR Sciver,DN Wyatt,ML Schutt,0,0,,,,,,,,,
1131241,2017/18,2018-03-31,Brabourne Stadium,2,2.3,England,Australia,NR Sciver,DN Wyatt,ML Schutt,1,0,,,,,,,,,
1131241,2017/18,2018-03-31,Brabourne Stadium,2,2.4,England,Australia,DN Wyatt,NR Sciver,ML Schutt,0,0,,,,,,,,,
1131241,2017/18,2018-03-31,Brabourne Stadium,2,2.5,England,Australia,DN Wyatt,NR Sciver,ML Schutt,0,0,,,,,,,,,
1131241,2017/18,2018-03-31,Brabourne Stadium,2,2.6,England,Australia,DN Wyatt,NR Sciver,ML Schutt,1,0,,,,,,,,,
1131241,2017/18,2018-03-31,Brabourne Stadium,2,3.1,England,Australia,DN Wyatt,NR Sciver,EA Perry,1,0,,,,,,,,,
1131241,2017/18,2018-03-31,Brabourne Stadium,2,3.2,England,Australia,NR Sciver,DN Wyatt,EA Perry,4,0,,,,,,,,,
1131241,2017/18,2018-03-31,Brabourne Stadium,2,3.3,England,Australia,NR Sciver,DN Wyatt,EA Perry,0,0,,,,,,,,,
1131241,2017/18,2018-03-31,Brabourne Stadium,2,3.4,England,Australia,NR Sciver,DN Wyatt,EA Perry,0,0,,,,,,,,,
1131241,2017/18,2018-03-31,Brabourne Stadium,2,3.5,England,Australia,NR Sciver,DN Wyatt,EA Perry,1,0,,,,,,,,,
1131241,2017/18,2018-03-31,Brabourne Stadium,2,3.6,England,Australia,DN Wyatt,NR Sciver,EA Perry,4,1,,1,,,,,,,
1131241,2017/18,2018-03-31,Brabourne Stadium,2,3.7,England,Australia,DN Wyatt,NR Sciver,EA Perry,4,0,,,,,,,,,
1131241,2017/18,2018-03-31,Brabourne Stadium,2,4.1,England,Australia,NR Sciver,DN Wyatt,DM Kimmince,0,0,,,,,,,,,
1131241,2017/18,2018-03-31,Brabourne Stadium,2,4.2,England,Australia,NR Sciver,DN Wyatt,DM Kimmince,4,0,,,,,,,,,
1131241,2017/18,2018-03-31,Brabourne Stadium,2,4.3,England,Australia,NR Sciver,DN Wyatt,DM Kimmince,1,0,,,,,,,,,
1131241,2017/18,2018-03-31,Brabourne Stadium,2,4.4,England,Australia,DN Wyatt,NR Sciver,DM Kimmince,4,0,,,,,,,,,
1131241,2017/18,2018-03-31,Brabourne Stadium,2,4.5,England,Australia,DN Wyatt,NR Sciver,DM Kimmince,4,0,,,,,,,,,
1131241,2017/18,2018-03-31,Brabourne Stadium,2,4.6,England,Australia,DN Wyatt,NR Sciver,DM Kimmince,0,0,,,,,,caught,DN Wyatt,,
1131241,2017/18,2018-03-31,Brabourne Stadium,2,5.1,England,Australia,NR Sciver,AE Jones,ML Schutt,1,0,,,,,,,,,
1131241,2017/18,2018-03-31,Brabourne Stadium,2,5.2,England,Australia,AE Jones,NR Sciver,ML Schutt,0,0,,,,,,,,,
1131241,2017/18,2018-03-31,Brabourne Stadium,2,5.3,England,Australia,AE Jones,NR Sciver,ML Schutt,0,0,,,,,,,,,
1131241,2017/18,2018-03-31,Brabourne Stadium,2,5.4,England,Australia,AE Jones,NR Sciver,ML Schutt,0,0,,,,,,,,,
1131241,2017/18,2018-03-31,Brabourne Stadium,2,5.5,England,Australia,AE Jones,NR Sciver,ML Schutt,0,0,,,,,,,,,
1131241,2017/18,2018-03-31,Brabourne Stadium,2,5.6,England,Australia,AE Jones,NR Sciver,ML Schutt,1,0,,,,,,,,,
1131241,2017/18,2018-03-31,Brabourne Stadium,2,6.1,England,Australia,AE Jones,NR Sciver,A Wellington,0,0,,,,,,,,,
1131241,2017/18,2018-03-31,Brabourne Stadium,2,6.2,England,Australia,AE Jones,NR Sciver,A Wellington,1,0,,,,,,,,,
1131241,2017/18,2018-03-31,Brabourne Stadium,2,6.3,England,Australia,NR Sciver,AE Jones,A Wellington,4,0,,,,,,,,,
1131241,2017/18,2018-03-31,Brabourne Stadium,2,6.4,England,Australia,NR Sciver,AE Jones,A Wellington,0,0,,,,,,,,,
1131241,2017/18,2018-03-31,Brabourne Stadium,2,6.5,England,Australia,NR Sciver,AE Jones,A Wellington,0,0,,,,,,,,,
1131241,2017/18,2018-03-31,Brabourne Stadium,2,6.6,England,Australia,NR Sciver,AE Jones,A Wellington,0,0,,,,,,,,,
1131241,2017/18,2018-03-31,Brabourne Stadium,2,7.1,England,Australia,AE Jones,NR Sciver,A Gardner,1,0,,,,,,,,,
1131241,2017/18,2018-03-31,Brabourne Stadium,2,7.2,England,Australia,NR Sciver,AE Jones,A Gardner,1,0,,,,,,,,,
1131241,2017/18,2018-03-31,Brabourne Stadium,2,7.3,England,Australia,AE Jones,NR Sciver,A Gardner,1,0,,,,,,,,,
1131241,2017/18,2018-03-31,Brabourne Stadium,2,7.4,England,Australia,NR Sciver,AE Jones,A Gardner,1,0,,,,,,,,,
1131241,2017/18,2018-03-31,Brabourne Stadium,2,7.5,England,Australia,AE Jones,NR Sciver,A Gardner,2,0,,,,,,,,,
1131241,2017/18,2018-03-31,Brabourne Stadium,2,7.6,England,Australia,AE Jones,NR Sciver,A Gardner,1,0,,,,,,,,,
1131241,2017/18,2018-03-31,Brabourne Stadium,2,8.1,England,Australia,AE Jones,NR Sciver,JL Jonassen,2,0,,,,,,,,,
1131241,2017/18,2018-03-31,Brabourne Stadium,2,8.2,England,Australia,AE Jones,NR Sciver,JL Jonassen,0,0,,,,,,,,,
1131241,2017/18,2018-03-31,Brabourne Stadium,2,8.3,England,Australia,AE Jones,NR Sciver,JL Jonassen,1,0,,,,,,,,,
1131241,2017/18,2018-03-31,Brabourne Stadium,2,8.4,England,Australia,NR Sciver,AE Jones,JL Jonassen,2,0,,,,,,,,,
1131241,2017/18,2018-03-31,Brabourne Stadium,2,8.5,England,Australia,NR Sciver,AE Jones,JL Jonassen,1,0,,,,,,,,,
1131241,2017/18,2018-03-31,Brabourne Stadium,2,8.6,England,Australia,AE Jones,NR Sciver,JL Jonassen,1,0,,,,,,,,,
1131241,2017/18,2018-03-31,Brabourne Stadium,2,9.1,England,Australia,AE Jones,NR Sciver,DM Kimmince,2,0,,,,,,,,,
1131241,2017/18,2018-03-31,Brabourne Stadium,2,9.2,England,Australia,AE Jones,NR Sciver,DM Kimmince,1,0,,,,,,,,,
1131241,2017/18,2018-03-31,Brabourne Stadium,2,9.3,England,Australia,NR Sciver,AE Jones,DM Kimmince,2,0,,,,,,,,,
1131241,2017/18,2018-03-31,Brabourne Stadium,2,9.4,England,Australia,NR Sciver,AE Jones,DM Kimmince,1,0,,,,,,,,,
1131241,2017/18,2018-03-31,Brabourne Stadium,2,9.5,England,Australia,AE Jones,NR Sciver,DM Kimmince,0,0,,,,,,,,,
1131241,2017/18,2018-03-31,Brabourne Stadium,2,9.6,England,Australia,AE Jones,NR Sciver,DM Kimmince,1,0,,,,,,,,,
1131241,2017/18,2018-03-31,Brabourne Stadium,2,10.1,England,Australia,AE Jones,NR Sciver,EA Perry,4,0,,,,,,,,,
1131241,2017/18,2018-03-31,Brabourne Stadium,2,10.2,England,Australia,AE Jones,NR Sciver,EA Perry,1,0,,,,,,,,,
1131241,2017/18,2018-03-31,Brabourne Stadium,2,10.3,England,Australia,NR Sciver,AE Jones,EA Perry,0,1,1,,,,,,,,
1131241,2017/18,2018-03-31,Brabourne Stadium,2,10.4,England,Australia,NR Sciver,AE Jones,EA Perry,1,0,,,,,,,,,
1131241,2017/18,2018-03-31,Brabourne Stadium,2,10.5,England,Australia,AE Jones,NR Sciver,EA Perry,4,0,,,,,,,,,
1131241,2017/18,2018-03-31,Brabourne Stadium,2,10.6,England,Australia,AE Jones,NR Sciver,EA Perry,0,0,,,,,,,,,
1131241,2017/18,2018-03-31,Brabourne Stadium,2,10.7,England,Australia,AE Jones,NR Sciver,EA Perry,1,0,,,,,,,,,
1131241,2017/18,2018-03-31,Brabourne Stadium,2,11.1,England,Australia,AE Jones,NR Sciver,JL Jonassen,2,0,,,,,,,,,
1131241,2017/18,2018-03-31,Brabourne Stadium,2,11.2,England,Australia,AE Jones,NR Sciver,JL Jonassen,2,0,,,,,,,,,
1131241,2017/18,2018-03-31,Brabourne Stadium,2,11.3,England,Australia,AE Jones,NR Sciver,JL Jonassen,1,0,,,,,,,,,
1131241,2017/18,2018-03-31,Brabourne Stadium,2,11.4,England,Australia,NR Sciver,AE Jones,JL Jonassen,2,0,,,,,,,,,
1131241,2017/18,2018-03-31,Brabourne Stadium,2,11.5,England,Australia,NR Sciver,AE Jones,JL Jonassen,2,0,,,,,,,,,
1131241,2017/18,2018-03-31,Brabourne Stadium,2,11.6,England,Australia,NR Sciver,AE Jones,JL Jonassen,2,0,,,,,,,,,
1131241,2017/18,2018-03-31,Brabourne Stadium,2,12.1,England,Australia,AE Jones,NR Sciver,A Gardner,0,0,,,,,,caught,AE Jones,,
1131241,2017/18,2018-03-31,Brabourne Stadium,2,12.2,England,Australia,NR Sciver,FC Wilson,A Gardner,1,0,,,,,,,,,
1131241,2017/18,2018-03-31,Brabourne Stadium,2,12.3,England,Australia,FC Wilson,NR Sciver,A Gardner,1,0,,,,,,,,,
1131241,2017/18,2018-03-31,Brabourne Stadium,2,12.4,England,Australia,NR Sciver,FC Wilson,A Gardner,1,0,,,,,,,,,
1131241,2017/18,2018-03-31,Brabourne Stadium,2,12.5,England,Australia,FC Wilson,NR Sciver,A Gardner,1,0,,,,,,,,,
1131241,2017/18,2018-03-31,Brabourne Stadium,2,12.6,England,Australia,NR Sciver,FC Wilson,A Gardner,4,0,,,,,,,,,
1131241,2017/18,2018-03-31,Brabourne Stadium,2,13.1,England,Australia,FC Wilson,NR Sciver,DM Kimmince,1,0,,,,,,,,,
1131241,2017/18,2018-03-31,Brabourne Stadium,2,13.2,England,Australia,NR Sciver,FC Wilson,DM Kimmince,2,0,,,,,,,,,
1131241,2017/18,2018-03-31,Brabourne Stadium,2,13.3,England,Australia,NR Sciver,FC Wilson,DM Kimmince,0,3,3,,,,,,,,
1131241,2017/18,2018-03-31,Brabourne Stadium,2,13.4,England,Australia,NR Sciver,FC Wilson,DM Kimmince,1,0,,,,,,,,,
1131241,2017/18,2018-03-31,Brabourne Stadium,2,13.5,England,Australia,FC Wilson,NR Sciver,DM Kimmince,0,1,1,,,,,,,,
1131241,2017/18,2018-03-31,Brabourne Stadium,2,13.6,England,Australia,FC Wilson,NR Sciver,DM Kimmince,4,0,,,,,,,,,
1131241,2017/18,2018-03-31,Brabourne Stadium,2,13.7,England,Australia,FC Wilson,NR Sciver,DM Kimmince,0,0,,,,,,,,,
1131241,2017/18,2018-03-31,Brabourne Stadium,2,13.8,England,Australia,FC Wilson,NR Sciver,DM Kimmince,0,1,,,,1,,,,,
1131241,2017/18,2018-03-31,Brabourne Stadium,2,14.1,England,Australia,FC Wilson,NR Sciver,JL Jonassen,1,0,,,,,,,,,
1131241,2017/18,2018-03-31,Brabourne Stadium,2,14.2,England,Australia,NR Sciver,FC Wilson,JL Jonassen,1,0,,,,,,,,,
1131241,2017/18,2018-03-31,Brabourne Stadium,2,14.3,England,Australia,FC Wilson,NR Sciver,JL Jonassen,1,0,,,,,,,,,
1131241,2017/18,2018-03-31,Brabourne Stadium,2,14.4,England,Australia,NR Sciver,FC Wilson,JL Jonassen,1,0,,,,,,,,,
1131241,2017/18,2018-03-31,Brabourne Stadium,2,14.5,England,Australia,FC Wilson,NR Sciver,JL Jonassen,1,0,,,,,,,,,
1131241,2017/18,2018-03-31,Brabourne Stadium,2,14.6,England,Australia,NR Sciver,FC Wilson,JL Jonassen,1,0,,,,,,,,,
1131241,2017/18,2018-03-31,Brabourne Stadium,2,15.1,England,Australia,NR Sciver,FC Wilson,EA Perry,0,0,,,,,,,,,
1131241,2017/18,2018-03-31,Brabourne Stadium,2,15.2,England,Australia,NR Sciver,FC Wilson,EA Perry,1,0,,,,,,,,,
1131241,2017/18,2018-03-31,Brabourne Stadium,2,15.3,England,Australia,FC Wilson,NR Sciver,EA Perry,0,0,,,,,,,,,
1131241,2017/18,2018-03-31,Brabourne Stadium,2,15.4,England,Australia,FC Wilson,NR Sciver,EA Perry,1,0,,,,,,,,,
1131241,2017/18,2018-03-31,Brabourne Stadium,2,15.5,England,Australia,NR Sciver,FC Wilson,EA Perry,4,0,,,,,,,,,
1131241,2017/18,2018-03-31,Brabourne Stadium,2,15.6,England,Australia,NR Sciver,FC Wilson,EA Perry,0,4,,,,4,,,,,
1131241,2017/18,2018-03-31,Brabourne Stadium,2,16.1,England,Australia,FC Wilson,NR Sciver,A Gardner,1,0,,,,,,,,,
1131241,2017/18,2018-03-31,Brabourne Stadium,2,16.2,England,Australia,NR Sciver,FC Wilson,A Gardner,1,0,,,,,,,,,
1131241,2017/18,2018-03-31,Brabourne Stadium,2,16.3,England,Australia,FC Wilson,NR Sciver,A Gardner,1,0,,,,,,,,,
1131241,2017/18,2018-03-31,Brabourne Stadium,2,16.4,England,Australia,NR Sciver,FC Wilson,A Gardner,0,0,,,,,,caught and bowled,NR Sciver,,
1131241,2017/18,2018-03-31,Brabourne Stadium,2,16.5,England,Australia,AN Davidson-Richards,FC Wilson,A Gardner,1,0,,,,,,,,,
1131241,2017/18,2018-03-31,Brabourne Stadium,2,16.6,England,Australia,FC Wilson,AN Davidson-Richards,A Gardner,1,0,,,,,,,,,
1131241,2017/18,2018-03-31,Brabourne Stadium,2,17.1,England,Australia,FC Wilson,AN Davidson-Richards,ML Schutt,0,0,,,,,,caught,FC Wilson,,
1131241,2017/18,2018-03-31,Brabourne Stadium,2,17.2,England,Australia,AN Davidson-Richards,JL Gunn,ML Schutt,0,0,,,,,,,,,
1131241,2017/18,2018-03-31,Brabourne Stadium,2,17.3,England,Australia,AN Davidson-Richards,JL Gunn,ML Schutt,0,0,,,,,,,,,
1131241,2017/18,2018-03-31,Brabourne Stadium,2,17.4,England,Australia,AN Davidson-Richards,JL Gunn,ML Schutt,0,0,,,,,,bowled,AN Davidson-Richards,,
1131241,2017/18,2018-03-31,Brabourne Stadium,2,17.5,England,Australia,S Ecclestone,JL Gunn,ML Schutt,1,0,,,,,,,,,
1131241,2017/18,2018-03-31,Brabourne Stadium,2,17.6,England,Australia,JL Gunn,S Ecclestone,ML Schutt,0,0,,,,,,,,,
1131241,2017/18,2018-03-31,Brabourne Stadium,2,18.1,England,Australia,S Ecclestone,JL Gunn,DM Kimmince,1,0,,,,,,,,,
1131241,2017/18,2018-03-31,Brabourne Stadium,2,18.2,England,Australia,JL Gunn,S Ecclestone,DM Kimmince,1,0,,,,,,,,,
1131241,2017/18,2018-03-31,Brabourne Stadium,2,18.3,England,Australia,S Ecclestone,JL Gunn,DM Kimmince,0,0,,,,,,caught,S Ecclestone,,
1131241,2017/18,2018-03-31,Brabourne Stadium,2,18.4,England,Australia,D Hazell,JL Gunn,DM Kimmince,0,0,,,,,,,,,
1131241,2017/18,2018-03-31,Brabourne Stadium,2,18.5,England,Australia,D Hazell,JL Gunn,DM Kimmince,1,0,,,,,,,,,
1131241,2017/18,2018-03-31,Brabourne Stadium,2,18.6,England,Australia,JL Gunn,D Hazell,DM Kimmince,0,0,,,,,,,,,
1131241,2017/18,2018-03-31,Brabourne Stadium,2,19.1,England,Australia,D Hazell,JL Gunn,ML Schutt,2,0,,,,,,,,,
1131241,2017/18,2018-03-31,Brabourne Stadium,2,19.2,England,Australia,D Hazell,JL Gunn,ML Schutt,1,0,,,,,,,,,
1131241,2017/18,2018-03-31,Brabourne Stadium,2,19.3,England,Australia,JL Gunn,D Hazell,ML Schutt,2,0,,,,,,,,,
1131241,2017/18,2018-03-31,Brabourne Stadium,2,19.4,England,Australia,JL Gunn,D Hazell,ML Schutt,2,0,,,,,,,,,
1131241,2017/18,2018-03-31,Brabourne Stadium,2,19.5,England,Australia,JL Gunn,D Hazell,ML Schutt,0,0,,,,,,bowled,JL Gunn,,
1131241,2017/18,2018-03-31,Brabourne Stadium,2,19.6,England,Australia,NE Farrant,D Hazell,ML Schutt,1,0,,,,,,,,,
