match_id,season,start_date,venue,innings,ball,batting_team,bowling_team,striker,non_striker,bowler,runs_off_bat,extras,wides,noballs,byes,legbyes,penalty,wicket_type,player_dismissed,other_wicket_type,other_player_dismissed
1138198,2017/18,2018-03-25,Seddon Park,1,0.1,West Indies,New Zealand,HK Matthews,SR Taylor,LMM Tahuhu,0,0,,,,,,,,,
1138198,2017/18,2018-03-25,Seddon Park,1,0.2,West Indies,New Zealand,HK Matthews,SR Taylor,LMM Tahuhu,0,0,,,,,,,,,
1138198,2017/18,2018-03-25,Seddon Park,1,0.3,West Indies,New Zealand,HK Matthews,SR Taylor,LMM Tahuhu,0,0,,,,,,,,,
1138198,2017/18,2018-03-25,Seddon Park,1,0.4,West Indies,New Zealand,HK Matthews,SR Taylor,LMM Tahuhu,4,0,,,,,,,,,
1138198,2017/18,2018-03-25,Seddon Park,1,0.5,West Indies,New Zealand,HK Matthews,SR Taylor,LMM Tahuhu,1,0,,,,,,,,,
1138198,2017/18,2018-03-25,Seddon Park,1,0.6,West Indies,New Zealand,SR Taylor,HK Matthews,LMM Tahuhu,4,0,,,,,,,,,
1138198,2017/18,2018-03-25,Seddon Park,1,1.1,West Indies,New Zealand,HK Matthews,SR Taylor,HM Rowe,4,0,,,,,,,,,
1138198,2017/18,2018-03-25,Seddon Park,1,1.2,West Indies,New Zealand,HK Matthews,SR Taylor,HM Rowe,4,0,,,,,,,,,
1138198,2017/18,2018-03-25,Seddon Park,1,1.3,West Indies,New Zealand,HK Matthews,SR Taylor,HM Rowe,4,0,,,,,,,,,
1138198,2017/18,2018-03-25,Seddon Park,1,1.4,West Indies,New Zealand,HK Matthews,SR Taylor,HM Rowe,2,0,,,,,,,,,
1138198,2017/18,2018-03-25,Seddon Park,1,1.5,West Indies,New Zealand,HK Matthews,SR Taylor,HM Rowe,0,0,,,,,,,,,
1138198,2017/18,2018-03-25,Seddon Park,1,1.6,West Indies,New Zealand,HK Matthews,SR Taylor,HM Rowe,1,0,,,,,,,,,
1138198,2017/18,2018-03-25,Seddon Park,1,2.1,West Indies,New Zealand,HK Matthews,SR Taylor,LMM Tahuhu,2,0,,,,,,,,,
1138198,2017/18,2018-03-25,Seddon Park,1,2.2,West Indies,New Zealand,HK Matthews,SR Taylor,LMM Tahuhu,1,0,,,,,,,,,
1138198,2017/18,2018-03-25,Seddon Park,1,2.3,West Indies,New Zealand,SR Taylor,HK Matthews,LMM Tahuhu,0,0,,,,,,,,,
1138198,2017/18,2018-03-25,Seddon Park,1,2.4,West Indies,New Zealand,SR Taylor,HK Matthews,LMM Tahuhu,0,0,,,,,,,,,
1138198,2017/18,2018-03-25,Seddon Park,1,2.5,West Indies,New Zealand,SR Taylor,HK Matthews,LMM Tahuhu,0,0,,,,,,,,,
1138198,2017/18,2018-03-25,Seddon Park,1,2.6,West Indies,New Zealand,SR Taylor,HK Matthews,LMM Tahuhu,6,0,,,,,,,,,
1138198,2017/18,2018-03-25,Seddon Park,1,3.1,West Indies,New Zealand,HK Matthews,SR Taylor,SFM Devine,0,0,,,,,,,,,
1138198,2017/18,2018-03-25,Seddon Park,1,3.2,West Indies,New Zealand,HK Matthews,SR Taylor,SFM Devine,0,0,,,,,,,,,
1138198,2017/18,2018-03-25,Seddon Park,1,3.3,West Indies,New Zealand,HK Matthews,SR Taylor,SFM Devine,0,0,,,,,,,,,
1138198,2017/18,2018-03-25,Seddon Park,1,3.4,West Indies,New Zealand,HK Matthews,SR Taylor,SFM Devine,0,1,1,,,,,,,,
1138198,2017/18,2018-03-25,Seddon Park,1,3.5,West Indies,New Zealand,HK Matthews,SR Taylor,SFM Devine,0,0,,,,,,,,,
1138198,2017/18,2018-03-25,Seddon Park,1,3.6,West Indies,New Zealand,HK Matthews,SR Taylor,SFM Devine,4,0,,,,,,,,,
1138198,2017/18,2018-03-25,Seddon Park,1,3.7,West Indies,New Zealand,HK Matthews,SR Taylor,SFM Devine,6,0,,,,,,,,,
1138198,2017/18,2018-03-25,Seddon Park,1,4.1,West Indies,New Zealand,SR Taylor,HK Matthews,AM Peterson,0,0,,,,,,,,,
1138198,2017/18,2018-03-25,Seddon Park,1,4.2,West Indies,New Zealand,SR Taylor,HK Matthews,AM Peterson,4,0,,,,,,,,,
1138198,2017/18,2018-03-25,Seddon Park,1,4.3,West Indies,New Zealand,SR Taylor,HK Matthews,AM Peterson,0,0,,,,,,,,,
1138198,2017/18,2018-03-25,Seddon Park,1,4.4,West Indies,New Zealand,SR Taylor,HK Matthews,AM Peterson,1,0,,,,,,,,,
1138198,2017/18,2018-03-25,Seddon Park,1,4.5,West Indies,New Zealand,HK Matthews,SR Taylor,AM Peterson,0,0,,,,,,,,,
1138198,2017/18,2018-03-25,Seddon Park,1,4.6,West Indies,New Zealand,HK Matthews,SR Taylor,AM Peterson,4,0,,,,,,,,,
1138198,2017/18,2018-03-25,Seddon Park,1,5.1,West Indies,New Zealand,SR Taylor,HK Matthews,LM Kasperek,0,0,,,,,,,,,
1138198,2017/18,2018-03-25,Seddon Park,1,5.2,West Indies,New Zealand,SR Taylor,HK Matthews,LM Kasperek,1,0,,,,,,,,,
1138198,2017/18,2018-03-25,Seddon Park,1,5.3,West Indies,New Zealand,HK Matthews,SR Taylor,LM Kasperek,0,0,,,,,,,,,
1138198,2017/18,2018-03-25,Seddon Park,1,5.4,West Indies,New Zealand,HK Matthews,SR Taylor,LM Kasperek,0,0,,,,,,,,,
1138198,2017/18,2018-03-25,Seddon Park,1,5.5,West Indies,New Zealand,HK Matthews,SR Taylor,LM Kasperek,1,0,,,,,,,,,
1138198,2017/18,2018-03-25,Seddon Park,1,5.6,West Indies,New Zealand,SR Taylor,HK Matthews,LM Kasperek,0,0,,,,,,,,,
1138198,2017/18,2018-03-25,Seddon Park,1,6.1,West Indies,New Zealand,HK Matthews,SR Taylor,AC Kerr,0,0,,,,,,,,,
1138198,2017/18,2018-03-25,Seddon Park,1,6.2,West Indies,New Zealand,HK Matthews,SR Taylor,AC Kerr,1,0,,,,,,,,,
1138198,2017/18,2018-03-25,Seddon Park,1,6.3,West Indies,New Zealand,SR Taylor,HK Matthews,AC Kerr,1,0,,,,,,,,,
1138198,2017/18,2018-03-25,Seddon Park,1,6.4,West Indies,New Zealand,HK Matthews,SR Taylor,AC Kerr,1,0,,,,,,,,,
1138198,2017/18,2018-03-25,Seddon Park,1,6.5,West Indies,New Zealand,SR Taylor,HK Matthews,AC Kerr,0,0,,,,,,,,,
1138198,2017/18,2018-03-25,Seddon Park,1,6.6,West Indies,New Zealand,SR Taylor,HK Matthews,AC Kerr,1,0,,,,,,,,,
1138198,2017/18,2018-03-25,Seddon Park,1,7.1,West Indies,New Zealand,SR Taylor,HK Matthews,LM Kasperek,1,0,,,,,,,,,
1138198,2017/18,2018-03-25,Seddon Park,1,7.2,West Indies,New Zealand,HK Matthews,SR Taylor,LM Kasperek,0,0,,,,,,caught,HK Matthews,,
1138198,2017/18,2018-03-25,Seddon Park,1,7.3,West Indies,New Zealand,SR Taylor,CN Nation,LM Kasperek,1,0,,,,,,,,,
1138198,2017/18,2018-03-25,Seddon Park,1,7.4,West Indies,New Zealand,CN Nation,SR Taylor,LM Kasperek,1,0,,,,,,,,,
1138198,2017/18,2018-03-25,Seddon Park,1,7.5,West Indies,New Zealand,SR Taylor,CN Nation,LM Kasperek,1,0,,,,,,,,,
1138198,2017/18,2018-03-25,Seddon Park,1,7.6,West Indies,New Zealand,CN Nation,SR Taylor,LM Kasperek,1,0,,,,,,,,,
1138198,2017/18,2018-03-25,Seddon Park,1,8.1,West Indies,New Zealand,CN Nation,SR Taylor,AC Kerr,0,0,,,,,,,,,
1138198,2017/18,2018-03-25,Seddon Park,1,8.2,West Indies,New Zealand,CN Nation,SR Taylor,AC Kerr,1,0,,,,,,,,,
1138198,2017/18,2018-03-25,Seddon Park,1,8.3,West Indies,New Zealand,SR Taylor,CN Nation,AC Kerr,0,0,,,,,,,,,
1138198,2017/18,2018-03-25,Seddon Park,1,8.4,West Indies,New Zealand,SR Taylor,CN Nation,AC Kerr,0,0,,,,,,,,,
1138198,2017/18,2018-03-25,Seddon Park,1,8.5,West Indies,New Zealand,SR Taylor,CN Nation,AC Kerr,1,0,,,,,,,,,
1138198,2017/18,2018-03-25,Seddon Park,1,8.6,West Indies,New Zealand,CN Nation,SR Taylor,AC Kerr,1,0,,,,,,,,,
1138198,2017/18,2018-03-25,Seddon Park,1,9.1,West Indies,New Zealand,CN Nation,SR Taylor,HM Rowe,0,1,1,,,,,,,,
1138198,2017/18,2018-03-25,Seddon Park,1,9.2,West Indies,New Zealand,CN Nation,SR Taylor,HM Rowe,1,0,,,,,,,,,
1138198,2017/18,2018-03-25,Seddon Park,1,9.3,West Indies,New Zealand,SR Taylor,CN Nation,HM Rowe,1,0,,,,,,,,,
1138198,2017/18,2018-03-25,Seddon Park,1,9.4,West Indies,New Zealand,CN Nation,SR Taylor,HM Rowe,0,0,,,,,,,,,
1138198,2017/18,2018-03-25,Seddon Park,1,9.5,West Indies,New Zealand,CN Nation,SR Taylor,HM Rowe,1,0,,,,,,,,,
1138198,2017/18,2018-03-25,Seddon Park,1,9.6,West Indies,New Zealand,SR Taylor,CN Nation,HM Rowe,0,0,,,,,,,,,
1138198,2017/18,2018-03-25,Seddon Park,1,9.7,West Indies,New Zealand,SR Taylor,CN Nation,HM Rowe,0,0,,,,,,,,,
1138198,2017/18,2018-03-25,Seddon Park,1,10.1,West Indies,New Zealand,CN Nation,SR Taylor,LMM Tahuhu,0,0,,,,,,caught,CN Nation,,
1138198,2017/18,2018-03-25,Seddon Park,1,10.2,West Indies,New Zealand,DJS Dottin,SR Taylor,LMM Tahuhu,0,0,,,,,,,,,
1138198,2017/18,2018-03-25,Seddon Park,1,10.3,West Indies,New Zealand,DJS Dottin,SR Taylor,LMM Tahuhu,1,0,,,,,,,,,
1138198,2017/18,2018-03-25,Seddon Park,1,10.4,West Indies,New Zealand,SR Taylor,DJS Dottin,LMM Tahuhu,4,0,,,,,,,,,
1138198,2017/18,2018-03-25,Seddon Park,1,10.5,West Indies,New Zealand,SR Taylor,DJS Dottin,LMM Tahuhu,1,0,,,,,,,,,
1138198,2017/18,2018-03-25,Seddon Park,1,10.6,West Indies,New Zealand,DJS Dottin,SR Taylor,LMM Tahuhu,0,0,,,,,,,,,
1138198,2017/18,2018-03-25,Seddon Park,1,11.1,West Indies,New Zealand,SR Taylor,DJS Dottin,HM Rowe,1,0,,,,,,,,,
1138198,2017/18,2018-03-25,Seddon Park,1,11.2,West Indies,New Zealand,DJS Dottin,SR Taylor,HM Rowe,1,0,,,,,,,,,
1138198,2017/18,2018-03-25,Seddon Park,1,11.3,West Indies,New Zealand,SR Taylor,DJS Dottin,HM Rowe,1,0,,,,,,,,,
1138198,2017/18,2018-03-25,Seddon Park,1,11.4,West Indies,New Zealand,DJS Dottin,SR Taylor,HM Rowe,1,0,,,,,,,,,
1138198,2017/18,2018-03-25,Seddon Park,1,11.5,West Indies,New Zealand,SR Taylor,DJS Dottin,HM Rowe,0,0,,,,,,,,,
1138198,2017/18,2018-03-25,Seddon Park,1,11.6,West Indies,New Zealand,SR Taylor,DJS Dottin,HM Rowe,4,0,,,,,,,,,
1138198,2017/18,2018-03-25,Seddon Park,1,12.1,West Indies,New Zealand,DJS Dottin,SR Taylor,AC Kerr,0,0,,,,,,,,,
1138198,2017/18,2018-03-25,Seddon Park,1,12.2,West Indies,New Zealand,DJS Dottin,SR Taylor,AC Kerr,4,0,,,,,,,,,
1138198,2017/18,2018-03-25,Seddon Park,1,12.3,West Indies,New Zealand,DJS Dottin,SR Taylor,AC Kerr,1,0,,,,,,,,,
1138198,2017/18,2018-03-25,Seddon Park,1,12.4,West Indies,New Zealand,SR Taylor,DJS Dottin,AC Kerr,2,0,,,,,,,,,
1138198,2017/18,2018-03-25,Seddon Park,1,12.5,West Indies,New Zealand,SR Taylor,DJS Dottin,AC Kerr,4,0,,,,,,,,,
1138198,2017/18,2018-03-25,Seddon Park,1,12.6,West Indies,New Zealand,SR Taylor,DJS Dottin,AC Kerr,0,0,,,,,,,,,
1138198,2017/18,2018-03-25,Seddon Park,1,13.1,West Indies,New Zealand,DJS Dottin,SR Taylor,LM Kasperek,4,0,,,,,,,,,
1138198,2017/18,2018-03-25,Seddon Park,1,13.2,West Indies,New Zealand,DJS Dottin,SR Taylor,LM Kasperek,0,0,,,,,,,,,
1138198,2017/18,2018-03-25,Seddon Park,1,13.3,West Indies,New Zealand,DJS Dottin,SR Taylor,LM Kasperek,0,0,,,,,,,,,
1138198,2017/18,2018-03-25,Seddon Park,1,13.4,West Indies,New Zealand,DJS Dottin,SR Taylor,LM Kasperek,0,0,,,,,,,,,
1138198,2017/18,2018-03-25,Seddon Park,1,13.5,West Indies,New Zealand,DJS Dottin,SR Taylor,LM Kasperek,1,0,,,,,,,,,
1138198,2017/18,2018-03-25,Seddon Park,1,13.6,West Indies,New Zealand,SR Taylor,DJS Dottin,LM Kasperek,1,0,,,,,,,,,
1138198,2017/18,2018-03-25,Seddon Park,1,14.1,West Indies,New Zealand,SR Taylor,DJS Dottin,SFM Devine,1,0,,,,,,,,,
1138198,2017/18,2018-03-25,Seddon Park,1,14.2,West Indies,New Zealand,DJS Dottin,SR Taylor,SFM Devine,1,0,,,,,,,,,
1138198,2017/18,2018-03-25,Seddon Park,1,14.3,West Indies,New Zealand,SR Taylor,DJS Dottin,SFM Devine,0,0,,,,,,caught,SR Taylor,,
1138198,2017/18,2018-03-25,Seddon Park,1,14.4,West Indies,New Zealand,DJS Dottin,MR Aguilleira,SFM Devine,1,0,,,,,,,,,
1138198,2017/18,2018-03-25,Seddon Park,1,14.5,West Indies,New Zealand,MR Aguilleira,DJS Dottin,SFM Devine,1,0,,,,,,,,,
1138198,2017/18,2018-03-25,Seddon Park,1,14.6,West Indies,New Zealand,DJS Dottin,MR Aguilleira,SFM Devine,0,0,,,,,,,,,
1138198,2017/18,2018-03-25,Seddon Park,1,15.1,West Indies,New Zealand,MR Aguilleira,DJS Dottin,AC Kerr,1,0,,,,,,,,,
1138198,2017/18,2018-03-25,Seddon Park,1,15.2,West Indies,New Zealand,DJS Dottin,MR Aguilleira,AC Kerr,0,0,,,,,,,,,
1138198,2017/18,2018-03-25,Seddon Park,1,15.3,West Indies,New Zealand,DJS Dottin,MR Aguilleira,AC Kerr,0,0,,,,,,,,,
1138198,2017/18,2018-03-25,Seddon Park,1,15.4,West Indies,New Zealand,DJS Dottin,MR Aguilleira,AC Kerr,4,0,,,,,,,,,
1138198,2017/18,2018-03-25,Seddon Park,1,15.5,West Indies,New Zealand,DJS Dottin,MR Aguilleira,AC Kerr,4,0,,,,,,,,,
1138198,2017/18,2018-03-25,Seddon Park,1,15.6,West Indies,New Zealand,DJS Dottin,MR Aguilleira,AC Kerr,0,0,,,,,,,,,
1138198,2017/18,2018-03-25,Seddon Park,1,16.1,West Indies,New Zealand,MR Aguilleira,DJS Dottin,SFM Devine,1,0,,,,,,,,,
1138198,2017/18,2018-03-25,Seddon Park,1,16.2,West Indies,New Zealand,DJS Dottin,MR Aguilleira,SFM Devine,0,0,,,,,,,,,
1138198,2017/18,2018-03-25,Seddon Park,1,16.3,West Indies,New Zealand,DJS Dottin,MR Aguilleira,SFM Devine,4,0,,,,,,,,,
1138198,2017/18,2018-03-25,Seddon Park,1,16.4,West Indies,New Zealand,DJS Dottin,MR Aguilleira,SFM Devine,1,0,,,,,,,,,
1138198,2017/18,2018-03-25,Seddon Park,1,16.5,West Indies,New Zealand,MR Aguilleira,DJS Dottin,SFM Devine,1,0,,,,,,,,,
1138198,2017/18,2018-03-25,Seddon Park,1,16.6,West Indies,New Zealand,DJS Dottin,MR Aguilleira,SFM Devine,1,0,,,,,,,,,
1138198,2017/18,2018-03-25,Seddon Park,1,17.1,West Indies,New Zealand,DJS Dottin,MR Aguilleira,AM Peterson,1,0,,,,,,,,,
1138198,2017/18,2018-03-25,Seddon Park,1,17.2,West Indies,New Zealand,MR Aguilleira,DJS Dottin,AM Peterson,4,0,,,,,,,,,
1138198,2017/18,2018-03-25,Seddon Park,1,17.3,West Indies,New Zealand,MR Aguilleira,DJS Dottin,AM Peterson,0,0,,,,,,,,,
1138198,2017/18,2018-03-25,Seddon Park,1,17.4,West Indies,New Zealand,MR Aguilleira,DJS Dottin,AM Peterson,1,0,,,,,,,,,
1138198,2017/18,2018-03-25,Seddon Park,1,17.5,West Indies,New Zealand,DJS Dottin,MR Aguilleira,AM Peterson,0,0,,,,,,,,,
1138198,2017/18,2018-03-25,Seddon Park,1,17.6,West Indies,New Zealand,DJS Dottin,MR Aguilleira,AM Peterson,1,0,,,,,,,,,
1138198,2017/18,2018-03-25,Seddon Park,1,18.1,West Indies,New Zealand,DJS Dottin,MR Aguilleira,LMM Tahuhu,1,0,,,,,,,,,
1138198,2017/18,2018-03-25,Seddon Park,1,18.2,West Indies,New Zealand,MR Aguilleira,DJS Dottin,LMM Tahuhu,0,0,,,,,,caught,MR Aguilleira,,
1138198,2017/18,2018-03-25,Seddon Park,1,18.3,West Indies,New Zealand,Kyshona A Knight,DJS Dottin,LMM Tahuhu,0,0,,,,,,,,,
1138198,2017/18,2018-03-25,Seddon Park,1,18.4,West Indies,New Zealand,Kyshona A Knight,DJS Dottin,LMM Tahuhu,1,0,,,,,,,,,
1138198,2017/18,2018-03-25,Seddon Park,1,18.5,West Indies,New Zealand,DJS Dottin,Kyshona A Knight,LMM Tahuhu,1,0,,,,,,,,,
1138198,2017/18,2018-03-25,Seddon Park,1,18.6,West Indies,New Zealand,Kyshona A Knight,DJS Dottin,LMM Tahuhu,0,0,,,,,,,,,
1138198,2017/18,2018-03-25,Seddon Park,1,19.1,West Indies,New Zealand,DJS Dottin,Kyshona A Knight,LM Kasperek,0,0,,,,,,caught,DJS Dottin,,
1138198,2017/18,2018-03-25,Seddon Park,1,19.2,West Indies,New Zealand,Kyshona A Knight,Kycia A Knight,LM Kasperek,0,0,,,,,,,,,
1138198,2017/18,2018-03-25,Seddon Park,1,19.3,West Indies,New Zealand,Kyshona A Knight,Kycia A Knight,LM Kasperek,1,0,,,,,,,,,
1138198,2017/18,2018-03-25,Seddon Park,1,19.4,West Indies,New Zealand,Kycia A Knight,Kyshona A Knight,LM Kasperek,0,0,,,,,,,,,
1138198,2017/18,2018-03-25,Seddon Park,1,19.5,West Indies,New Zealand,Kycia A Knight,Kyshona A Knight,LM Kasperek,1,0,,,,,,,,,
1138198,2017/18,2018-03-25,Seddon Park,1,19.6,West Indies,New Zealand,Kyshona A Knight,Kycia A Knight,LM Kasperek,4,0,,,,,,,,,
1138198,2017/18,2018-03-25,Seddon Park,2,0.1,New Zealand,West Indies,NC Dodd,SFM Devine,SS Connell,0,1,1,,,,,,,,
1138198,2017/18,2018-03-25,Seddon Park,2,0.2,New Zealand,West Indies,NC Dodd,SFM Devine,SS Connell,4,0,,,,,,,,,
1138198,2017/18,2018-03-25,Seddon Park,2,0.3,New Zealand,West Indies,NC Dodd,SFM Devine,SS Connell,0,0,,,,,,,,,
1138198,2017/18,2018-03-25,Seddon Park,2,0.4,New Zealand,West Indies,NC Dodd,SFM Devine,SS Connell,4,0,,,,,,,,,
1138198,2017/18,2018-03-25,Seddon Park,2,0.5,New Zealand,West Indies,NC Dodd,SFM Devine,SS Connell,0,0,,,,,,,,,
1138198,2017/18,2018-03-25,Seddon Park,2,0.6,New Zealand,West Indies,NC Dodd,SFM Devine,SS Connell,0,0,,,,,,,,,
1138198,2017/18,2018-03-25,Seddon Park,2,0.7,New Zealand,West Indies,NC Dodd,SFM Devine,SS Connell,0,0,,,,,,caught,NC Dodd,,
1138198,2017/18,2018-03-25,Seddon Park,2,1.1,New Zealand,West Indies,SFM Devine,ML Green,HK Matthews,0,0,,,,,,,,,
1138198,2017/18,2018-03-25,Seddon Park,2,1.2,New Zealand,West Indies,SFM Devine,ML Green,HK Matthews,1,0,,,,,,,,,
1138198,2017/18,2018-03-25,Seddon Park,2,1.3,New Zealand,West Indies,ML Green,SFM Devine,HK Matthews,2,0,,,,,,,,,
1138198,2017/18,2018-03-25,Seddon Park,2,1.4,New Zealand,West Indies,ML Green,SFM Devine,HK Matthews,1,0,,,,,,,,,
1138198,2017/18,2018-03-25,Seddon Park,2,1.5,New Zealand,West Indies,SFM Devine,ML Green,HK Matthews,4,0,,,,,,,,,
1138198,2017/18,2018-03-25,Seddon Park,2,1.6,New Zealand,West Indies,SFM Devine,ML Green,HK Matthews,6,0,,,,,,,,,
1138198,2017/18,2018-03-25,Seddon Park,2,2.1,New Zealand,West Indies,ML Green,SFM Devine,SS Connell,0,0,,,,,,,,,
1138198,2017/18,2018-03-25,Seddon Park,2,2.2,New Zealand,West Indies,ML Green,SFM Devine,SS Connell,0,0,,,,,,caught,ML Green,,
1138198,2017/18,2018-03-25,Seddon Park,2,2.3,New Zealand,West Indies,SFM Devine,KJ Martin,SS Connell,4,0,,,,,,,,,
1138198,2017/18,2018-03-25,Seddon Park,2,2.4,New Zealand,West Indies,SFM Devine,KJ Martin,SS Connell,0,0,,,,,,caught,SFM Devine,,
1138198,2017/18,2018-03-25,Seddon Park,2,2.5,New Zealand,West Indies,AE Satterthwaite,KJ Martin,SS Connell,1,0,,,,,,,,,
1138198,2017/18,2018-03-25,Seddon Park,2,2.6,New Zealand,West Indies,KJ Martin,AE Satterthwaite,SS Connell,1,0,,,,,,,,,
1138198,2017/18,2018-03-25,Seddon Park,2,3.1,New Zealand,West Indies,KJ Martin,AE Satterthwaite,TD Smartt,4,0,,,,,,,,,
1138198,2017/18,2018-03-25,Seddon Park,2,3.2,New Zealand,West Indies,KJ Martin,AE Satterthwaite,TD Smartt,4,0,,,,,,,,,
1138198,2017/18,2018-03-25,Seddon Park,2,3.3,New Zealand,West Indies,KJ Martin,AE Satterthwaite,TD Smartt,1,0,,,,,,,,,
1138198,2017/18,2018-03-25,Seddon Park,2,3.4,New Zealand,West Indies,AE Satterthwaite,KJ Martin,TD Smartt,0,0,,,,,,,,,
1138198,2017/18,2018-03-25,Seddon Park,2,3.5,New Zealand,West Indies,AE Satterthwaite,KJ Martin,TD Smartt,0,0,,,,,,,,,
1138198,2017/18,2018-03-25,Seddon Park,2,3.6,New Zealand,West Indies,AE Satterthwaite,KJ Martin,TD Smartt,0,0,,,,,,,,,
1138198,2017/18,2018-03-25,Seddon Park,2,4.1,New Zealand,West Indies,KJ Martin,AE Satterthwaite,SS Connell,1,0,,,,,,,,,
1138198,2017/18,2018-03-25,Seddon Park,2,4.2,New Zealand,West Indies,AE Satterthwaite,KJ Martin,SS Connell,0,0,,,,,,,,,
1138198,2017/18,2018-03-25,Seddon Park,2,4.3,New Zealand,West Indies,AE Satterthwaite,KJ Martin,SS Connell,1,0,,,,,,,,,
1138198,2017/18,2018-03-25,Seddon Park,2,4.4,New Zealand,West Indies,KJ Martin,AE Satterthwaite,SS Connell,1,0,,,,,,,,,
1138198,2017/18,2018-03-25,Seddon Park,2,4.5,New Zealand,West Indies,AE Satterthwaite,KJ Martin,SS Connell,4,0,,,,,,,,,
1138198,2017/18,2018-03-25,Seddon Park,2,4.6,New Zealand,West Indies,AE Satterthwaite,KJ Martin,SS Connell,1,0,,,,,,,,,
1138198,2017/18,2018-03-25,Seddon Park,2,5.1,New Zealand,West Indies,AE Satterthwaite,KJ Martin,TD Smartt,1,0,,,,,,,,,
1138198,2017/18,2018-03-25,Seddon Park,2,5.2,New Zealand,West Indies,KJ Martin,AE Satterthwaite,TD Smartt,0,0,,,,,,,,,
1138198,2017/18,2018-03-25,Seddon Park,2,5.3,New Zealand,West Indies,KJ Martin,AE Satterthwaite,TD Smartt,0,0,,,,,,,,,
1138198,2017/18,2018-03-25,Seddon Park,2,5.4,New Zealand,West Indies,KJ Martin,AE Satterthwaite,TD Smartt,0,2,,,,2,,,,,
1138198,2017/18,2018-03-25,Seddon Park,2,5.5,New Zealand,West Indies,KJ Martin,AE Satterthwaite,TD Smartt,0,0,,,,,,,,,
1138198,2017/18,2018-03-25,Seddon Park,2,5.6,New Zealand,West Indies,KJ Martin,AE Satterthwaite,TD Smartt,1,0,,,,,,,,,
1138198,2017/18,2018-03-25,Seddon Park,2,6.1,New Zealand,West Indies,KJ Martin,AE Satterthwaite,DJS Dottin,1,0,,,,,,,,,
1138198,2017/18,2018-03-25,Seddon Park,2,6.2,New Zealand,West Indies,AE Satterthwaite,KJ Martin,DJS Dottin,0,0,,,,,,,,,
1138198,2017/18,2018-03-25,Seddon Park,2,6.3,New Zealand,West Indies,AE Satterthwaite,KJ Martin,DJS Dottin,2,0,,,,,,,,,
1138198,2017/18,2018-03-25,Seddon Park,2,6.4,New Zealand,West Indies,AE Satterthwaite,KJ Martin,DJS Dottin,0,0,,,,,,,,,
1138198,2017/18,2018-03-25,Seddon Park,2,6.5,New Zealand,West Indies,AE Satterthwaite,KJ Martin,DJS Dottin,4,0,,,,,,,,,
1138198,2017/18,2018-03-25,Seddon Park,2,6.6,New Zealand,West Indies,AE Satterthwaite,KJ Martin,DJS Dottin,1,0,,,,,,,,,
1138198,2017/18,2018-03-25,Seddon Park,2,7.1,New Zealand,West Indies,AE Satterthwaite,KJ Martin,AK Peters,2,0,,,,,,,,,
1138198,2017/18,2018-03-25,Seddon Park,2,7.2,New Zealand,West Indies,AE Satterthwaite,KJ Martin,AK Peters,0,5,5,,,,,,,,
1138198,2017/18,2018-03-25,Seddon Park,2,7.3,New Zealand,West Indies,AE Satterthwaite,KJ Martin,AK Peters,1,0,,,,,,,,,
1138198,2017/18,2018-03-25,Seddon Park,2,7.4,New Zealand,West Indies,KJ Martin,AE Satterthwaite,AK Peters,1,0,,,,,,,,,
1138198,2017/18,2018-03-25,Seddon Park,2,7.5,New Zealand,West Indies,AE Satterthwaite,KJ Martin,AK Peters,0,5,5,,,,,,,,
1138198,2017/18,2018-03-25,Seddon Park,2,7.6,New Zealand,West Indies,AE Satterthwaite,KJ Martin,AK Peters,0,0,,,,,,,,,
1138198,2017/18,2018-03-25,Seddon Park,2,7.7,New Zealand,West Indies,AE Satterthwaite,KJ Martin,AK Peters,1,0,,,,,,,,,
1138198,2017/18,2018-03-25,Seddon Park,2,7.8,New Zealand,West Indies,KJ Martin,AE Satterthwaite,AK Peters,0,0,,,,,,,,,
1138198,2017/18,2018-03-25,Seddon Park,2,8.1,New Zealand,West Indies,AE Satterthwaite,KJ Martin,DJS Dottin,4,0,,,,,,,,,
1138198,2017/18,2018-03-25,Seddon Park,2,8.2,New Zealand,West Indies,AE Satterthwaite,KJ Martin,DJS Dottin,0,1,1,,,,,,,,
1138198,2017/18,2018-03-25,Seddon Park,2,8.3,New Zealand,West Indies,AE Satterthwaite,KJ Martin,DJS Dottin,0,0,,,,,,,,,
1138198,2017/18,2018-03-25,Seddon Park,2,8.4,New Zealand,West Indies,AE Satterthwaite,KJ Martin,DJS Dottin,0,0,,,,,,,,,
1138198,2017/18,2018-03-25,Seddon Park,2,8.5,New Zealand,West Indies,AE Satterthwaite,KJ Martin,DJS Dottin,0,0,,,,,,,,,
1138198,2017/18,2018-03-25,Seddon Park,2,8.6,New Zealand,West Indies,AE Satterthwaite,KJ Martin,DJS Dottin,1,0,,,,,,,,,
1138198,2017/18,2018-03-25,Seddon Park,2,8.7,New Zealand,West Indies,KJ Martin,AE Satterthwaite,DJS Dottin,0,1,1,,,,,,,,
1138198,2017/18,2018-03-25,Seddon Park,2,8.8,New Zealand,West Indies,KJ Martin,AE Satterthwaite,DJS Dottin,4,0,,,,,,,,,
1138198,2017/18,2018-03-25,Seddon Park,2,9.1,New Zealand,West Indies,AE Satterthwaite,KJ Martin,SR Taylor,1,0,,,,,,,,,
1138198,2017/18,2018-03-25,Seddon Park,2,9.2,New Zealand,West Indies,KJ Martin,AE Satterthwaite,SR Taylor,0,0,,,,,,,,,
1138198,2017/18,2018-03-25,Seddon Park,2,9.3,New Zealand,West Indies,KJ Martin,AE Satterthwaite,SR Taylor,0,0,,,,,,,,,
1138198,2017/18,2018-03-25,Seddon Park,2,9.4,New Zealand,West Indies,KJ Martin,AE Satterthwaite,SR Taylor,1,0,,,,,,,,,
1138198,2017/18,2018-03-25,Seddon Park,2,9.5,New Zealand,West Indies,AE Satterthwaite,KJ Martin,SR Taylor,0,0,,,,,,,,,
1138198,2017/18,2018-03-25,Seddon Park,2,9.6,New Zealand,West Indies,AE Satterthwaite,KJ Martin,SR Taylor,0,0,,,,,,,,,
1138198,2017/18,2018-03-25,Seddon Park,2,10.1,New Zealand,West Indies,KJ Martin,AE Satterthwaite,HK Matthews,1,0,,,,,,,,,
1138198,2017/18,2018-03-25,Seddon Park,2,10.2,New Zealand,West Indies,AE Satterthwaite,KJ Martin,HK Matthews,1,0,,,,,,,,,
1138198,2017/18,2018-03-25,Seddon Park,2,10.3,New Zealand,West Indies,KJ Martin,AE Satterthwaite,HK Matthews,0,0,,,,,,,,,
1138198,2017/18,2018-03-25,Seddon Park,2,10.4,New Zealand,West Indies,KJ Martin,AE Satterthwaite,HK Matthews,4,0,,,,,,,,,
1138198,2017/18,2018-03-25,Seddon Park,2,10.5,New Zealand,West Indies,KJ Martin,AE Satterthwaite,HK Matthews,4,0,,,,,,,,,
1138198,2017/18,2018-03-25,Seddon Park,2,10.6,New Zealand,West Indies,KJ Martin,AE Satterthwaite,HK Matthews,0,0,,,,,,,,,
1138198,2017/18,2018-03-25,Seddon Park,2,11.1,New Zealand,West Indies,AE Satterthwaite,KJ Martin,SR Taylor,1,0,,,,,,,,,
1138198,2017/18,2018-03-25,Seddon Park,2,11.2,New Zealand,West Indies,KJ Martin,AE Satterthwaite,SR Taylor,1,0,,,,,,,,,
1138198,2017/18,2018-03-25,Seddon Park,2,11.3,New Zealand,West Indies,AE Satterthwaite,KJ Martin,SR Taylor,0,0,,,,,,,,,
1138198,2017/18,2018-03-25,Seddon Park,2,11.4,New Zealand,West Indies,AE Satterthwaite,KJ Martin,SR Taylor,2,0,,,,,,,,,
1138198,2017/18,2018-03-25,Seddon Park,2,11.5,New Zealand,West Indies,AE Satterthwaite,KJ Martin,SR Taylor,4,0,,,,,,,,,
1138198,2017/18,2018-03-25,Seddon Park,2,11.6,New Zealand,West Indies,AE Satterthwaite,KJ Martin,SR Taylor,2,0,,,,,,,,,
1138198,2017/18,2018-03-25,Seddon Park,2,12.1,New Zealand,West Indies,KJ Martin,AE Satterthwaite,TD Smartt,0,0,,,,,,,,,
1138198,2017/18,2018-03-25,Seddon Park,2,12.2,New Zealand,West Indies,KJ Martin,AE Satterthwaite,TD Smartt,4,0,,,,,,,,,
1138198,2017/18,2018-03-25,Seddon Park,2,12.3,New Zealand,West Indies,KJ Martin,AE Satterthwaite,TD Smartt,0,0,,,,,,,,,
1138198,2017/18,2018-03-25,Seddon Park,2,12.4,New Zealand,West Indies,KJ Martin,AE Satterthwaite,TD Smartt,0,1,,1,,,,,,,
1138198,2017/18,2018-03-25,Seddon Park,2,12.5,New Zealand,West Indies,KJ Martin,AE Satterthwaite,TD Smartt,1,1,,1,,,,,,,
1138198,2017/18,2018-03-25,Seddon Park,2,12.6,New Zealand,West Indies,AE Satterthwaite,KJ Martin,TD Smartt,0,0,,,,,,,,,
1138198,2017/18,2018-03-25,Seddon Park,2,12.7,New Zealand,West Indies,AE Satterthwaite,KJ Martin,TD Smartt,2,0,,,,,,,,,
1138198,2017/18,2018-03-25,Seddon Park,2,12.8,New Zealand,West Indies,AE Satterthwaite,KJ Martin,TD Smartt,1,0,,,,,,,,,
1138198,2017/18,2018-03-25,Seddon Park,2,13.1,New Zealand,West Indies,AE Satterthwaite,KJ Martin,SS Connell,1,0,,,,,,,,,
1138198,2017/18,2018-03-25,Seddon Park,2,13.2,New Zealand,West Indies,KJ Martin,AE Satterthwaite,SS Connell,1,0,,,,,,,,,
1138198,2017/18,2018-03-25,Seddon Park,2,13.3,New Zealand,West Indies,AE Satterthwaite,KJ Martin,SS Connell,0,1,1,,,,,,,,
1138198,2017/18,2018-03-25,Seddon Park,2,13.4,New Zealand,West Indies,AE Satterthwaite,KJ Martin,SS Connell,1,0,,,,,,,,,
1138198,2017/18,2018-03-25,Seddon Park,2,13.5,New Zealand,West Indies,KJ Martin,AE Satterthwaite,SS Connell,4,0,,,,,,,,,
1138198,2017/18,2018-03-25,Seddon Park,2,13.6,New Zealand,West Indies,KJ Martin,AE Satterthwaite,SS Connell,0,0,,,,,,,,,
1138198,2017/18,2018-03-25,Seddon Park,2,13.7,New Zealand,West Indies,KJ Martin,AE Satterthwaite,SS Connell,4,0,,,,,,,,,
1138198,2017/18,2018-03-25,Seddon Park,2,14.1,New Zealand,West Indies,AE Satterthwaite,KJ Martin,DJS Dottin,0,0,,,,,,,,,
1138198,2017/18,2018-03-25,Seddon Park,2,14.2,New Zealand,West Indies,AE Satterthwaite,KJ Martin,DJS Dottin,0,1,,,,1,,,,,
1138198,2017/18,2018-03-25,Seddon Park,2,14.3,New Zealand,West Indies,KJ Martin,AE Satterthwaite,DJS Dottin,0,1,,,,1,,,,,
1138198,2017/18,2018-03-25,Seddon Park,2,14.4,New Zealand,West Indies,AE Satterthwaite,KJ Martin,DJS Dottin,1,0,,,,,,,,,
1138198,2017/18,2018-03-25,Seddon Park,2,14.5,New Zealand,West Indies,KJ Martin,AE Satterthwaite,DJS Dottin,1,0,,,,,,,,,
1138198,2017/18,2018-03-25,Seddon Park,2,14.6,New Zealand,West Indies,AE Satterthwaite,KJ Martin,DJS Dottin,0,0,,,,,,,,,
1138198,2017/18,2018-03-25,Seddon Park,2,15.1,New Zealand,West Indies,KJ Martin,AE Satterthwaite,SR Taylor,4,0,,,,,,,,,
1138198,2017/18,2018-03-25,Seddon Park,2,15.2,New Zealand,West Indies,KJ Martin,AE Satterthwaite,SR Taylor,1,0,,,,,,,,,
1138198,2017/18,2018-03-25,Seddon Park,2,15.3,New Zealand,West Indies,AE Satterthwaite,KJ Martin,SR Taylor,1,0,,,,,,,,,
1138198,2017/18,2018-03-25,Seddon Park,2,15.4,New Zealand,West Indies,KJ Martin,AE Satterthwaite,SR Taylor,0,0,,,,,,,,,
1138198,2017/18,2018-03-25,Seddon Park,2,15.5,New Zealand,West Indies,KJ Martin,AE Satterthwaite,SR Taylor,0,0,,,,,,,,,
1138198,2017/18,2018-03-25,Seddon Park,2,15.6,New Zealand,West Indies,KJ Martin,AE Satterthwaite,SR Taylor,0,0,,,,,,,,,
1138198,2017/18,2018-03-25,Seddon Park,2,16.1,New Zealand,West Indies,AE Satterthwaite,KJ Martin,DJS Dottin,1,0,,,,,,,,,
1138198,2017/18,2018-03-25,Seddon Park,2,16.2,New Zealand,West Indies,KJ Martin,AE Satterthwaite,DJS Dottin,4,0,,,,,,,,,
