match_id,season,start_date,venue,innings,ball,batting_team,bowling_team,striker,non_striker,bowler,runs_off_bat,extras,wides,noballs,byes,legbyes,penalty,wicket_type,player_dismissed,other_wicket_type,other_player_dismissed
1138196,2017/18,2018-03-20,Pukekura Park,1,0.1,New Zealand,West Indies,SFM Devine,SW Bates,SS Connell,1,0,,,,,,,,,
1138196,2017/18,2018-03-20,Pukekura Park,1,0.2,New Zealand,West Indies,SW Bates,SFM Devine,SS Connell,0,0,,,,,,,,,
1138196,2017/18,2018-03-20,Pukekura Park,1,0.3,New Zealand,West Indies,SW Bates,SFM Devine,SS Connell,0,0,,,,,,,,,
1138196,2017/18,2018-03-20,Pukekura Park,1,0.4,New Zealand,West Indies,SW Bates,SFM Devine,SS Connell,1,0,,,,,,,,,
1138196,2017/18,2018-03-20,Pukekura Park,1,0.5,New Zealand,West Indies,SFM Devine,SW Bates,SS Connell,0,0,,,,,,,,,
1138196,2017/18,2018-03-20,Pukekura Park,1,0.6,New Zealand,West Indies,SFM Devine,SW Bates,SS Connell,1,0,,,,,,,,,
1138196,2017/18,2018-03-20,Pukekura Park,1,1.1,New Zealand,West Indies,SFM Devine,SW Bates,TD Smartt,1,0,,,,,,,,,
1138196,2017/18,2018-03-20,Pukekura Park,1,1.2,New Zealand,West Indies,SW Bates,SFM Devine,TD Smartt,1,0,,,,,,,,,
1138196,2017/18,2018-03-20,Pukekura Park,1,1.3,New Zealand,West Indies,SFM Devine,SW Bates,TD Smartt,1,0,,,,,,,,,
1138196,2017/18,2018-03-20,Pukekura Park,1,1.4,New Zealand,West Indies,SW Bates,SFM Devine,TD Smartt,0,0,,,,,,,,,
1138196,2017/18,2018-03-20,Pukekura Park,1,1.5,New Zealand,West Indies,SW Bates,SFM Devine,TD Smartt,1,0,,,,,,,,,
1138196,2017/18,2018-03-20,Pukekura Park,1,1.6,New Zealand,West Indies,SFM Devine,SW Bates,TD Smartt,0,0,,,,,,,,,
1138196,2017/18,2018-03-20,Pukekura Park,1,2.1,New Zealand,West Indies,SW Bates,SFM Devine,SS Connell,0,1,,,,1,,,,,
1138196,2017/18,2018-03-20,Pukekura Park,1,2.2,New Zealand,West Indies,SFM Devine,SW Bates,SS Connell,0,0,,,,,,,,,
1138196,2017/18,2018-03-20,Pukekura Park,1,2.3,New Zealand,West Indies,SFM Devine,SW Bates,SS Connell,6,0,,,,,,,,,
1138196,2017/18,2018-03-20,Pukekura Park,1,2.4,New Zealand,West Indies,SFM Devine,SW Bates,SS Connell,6,0,,,,,,,,,
1138196,2017/18,2018-03-20,Pukekura Park,1,2.5,New Zealand,West Indies,SFM Devine,SW Bates,SS Connell,4,0,,,,,,,,,
1138196,2017/18,2018-03-20,Pukekura Park,1,2.6,New Zealand,West Indies,SFM Devine,SW Bates,SS Connell,2,0,,,,,,,,,
1138196,2017/18,2018-03-20,Pukekura Park,1,3.1,New Zealand,West Indies,SW Bates,SFM Devine,TD Smartt,2,0,,,,,,,,,
1138196,2017/18,2018-03-20,Pukekura Park,1,3.2,New Zealand,West Indies,SW Bates,SFM Devine,TD Smartt,0,0,,,,,,,,,
1138196,2017/18,2018-03-20,Pukekura Park,1,3.3,New Zealand,West Indies,SW Bates,SFM Devine,TD Smartt,0,0,,,,,,,,,
1138196,2017/18,2018-03-20,Pukekura Park,1,3.4,New Zealand,West Indies,SW Bates,SFM Devine,TD Smartt,0,0,,,,,,,,,
1138196,2017/18,2018-03-20,Pukekura Park,1,3.5,New Zealand,West Indies,SW Bates,SFM Devine,TD Smartt,1,0,,,,,,,,,
1138196,2017/18,2018-03-20,Pukekura Park,1,3.6,New Zealand,West Indies,SFM Devine,SW Bates,TD Smartt,4,0,,,,,,,,,
1138196,2017/18,2018-03-20,Pukekura Park,1,4.1,New Zealand,West Indies,SW Bates,SFM Devine,DJS Dottin,0,0,,,,,,,,,
1138196,2017/18,2018-03-20,Pukekura Park,1,4.2,New Zealand,West Indies,SW Bates,SFM Devine,DJS Dottin,1,0,,,,,,,,,
1138196,2017/18,2018-03-20,Pukekura Park,1,4.3,New Zealand,West Indies,SFM Devine,SW Bates,DJS Dottin,4,1,,1,,,,,,,
1138196,2017/18,2018-03-20,Pukekura Park,1,4.4,New Zealand,West Indies,SFM Devine,SW Bates,DJS Dottin,6,0,,,,,,,,,
1138196,2017/18,2018-03-20,Pukekura Park,1,4.5,New Zealand,West Indies,SFM Devine,SW Bates,DJS Dottin,2,0,,,,,,,,,
1138196,2017/18,2018-03-20,Pukekura Park,1,4.6,New Zealand,West Indies,SFM Devine,SW Bates,DJS Dottin,1,0,,,,,,,,,
1138196,2017/18,2018-03-20,Pukekura Park,1,4.7,New Zealand,West Indies,SW Bates,SFM Devine,DJS Dottin,1,0,,,,,,,,,
1138196,2017/18,2018-03-20,Pukekura Park,1,5.1,New Zealand,West Indies,SW Bates,SFM Devine,HK Matthews,1,0,,,,,,,,,
1138196,2017/18,2018-03-20,Pukekura Park,1,5.2,New Zealand,West Indies,SFM Devine,SW Bates,HK Matthews,2,0,,,,,,,,,
1138196,2017/18,2018-03-20,Pukekura Park,1,5.3,New Zealand,West Indies,SFM Devine,SW Bates,HK Matthews,0,0,,,,,,bowled,SFM Devine,,
1138196,2017/18,2018-03-20,Pukekura Park,1,5.4,New Zealand,West Indies,KJ Martin,SW Bates,HK Matthews,0,0,,,,,,,,,
1138196,2017/18,2018-03-20,Pukekura Park,1,5.5,New Zealand,West Indies,KJ Martin,SW Bates,HK Matthews,0,0,,,,,,,,,
1138196,2017/18,2018-03-20,Pukekura Park,1,5.6,New Zealand,West Indies,KJ Martin,SW Bates,HK Matthews,0,0,,,,,,,,,
1138196,2017/18,2018-03-20,Pukekura Park,1,6.1,New Zealand,West Indies,SW Bates,KJ Martin,AK Peters,0,0,,,,,,,,,
1138196,2017/18,2018-03-20,Pukekura Park,1,6.2,New Zealand,West Indies,SW Bates,KJ Martin,AK Peters,1,0,,,,,,,,,
1138196,2017/18,2018-03-20,Pukekura Park,1,6.3,New Zealand,West Indies,KJ Martin,SW Bates,AK Peters,0,0,,,,,,,,,
1138196,2017/18,2018-03-20,Pukekura Park,1,6.4,New Zealand,West Indies,KJ Martin,SW Bates,AK Peters,0,0,,,,,,,,,
1138196,2017/18,2018-03-20,Pukekura Park,1,6.5,New Zealand,West Indies,KJ Martin,SW Bates,AK Peters,6,0,,,,,,,,,
1138196,2017/18,2018-03-20,Pukekura Park,1,6.6,New Zealand,West Indies,KJ Martin,SW Bates,AK Peters,0,0,,,,,,,,,
1138196,2017/18,2018-03-20,Pukekura Park,1,7.1,New Zealand,West Indies,SW Bates,KJ Martin,HK Matthews,1,0,,,,,,,,,
1138196,2017/18,2018-03-20,Pukekura Park,1,7.2,New Zealand,West Indies,KJ Martin,SW Bates,HK Matthews,1,0,,,,,,,,,
1138196,2017/18,2018-03-20,Pukekura Park,1,7.3,New Zealand,West Indies,SW Bates,KJ Martin,HK Matthews,1,0,,,,,,,,,
1138196,2017/18,2018-03-20,Pukekura Park,1,7.4,New Zealand,West Indies,KJ Martin,SW Bates,HK Matthews,0,0,,,,,,bowled,KJ Martin,,
1138196,2017/18,2018-03-20,Pukekura Park,1,7.5,New Zealand,West Indies,ML Green,SW Bates,HK Matthews,0,0,,,,,,,,,
1138196,2017/18,2018-03-20,Pukekura Park,1,7.6,New Zealand,West Indies,ML Green,SW Bates,HK Matthews,0,0,,,,,,,,,
1138196,2017/18,2018-03-20,Pukekura Park,1,8.1,New Zealand,West Indies,SW Bates,ML Green,AK Peters,0,0,,,,,,,,,
1138196,2017/18,2018-03-20,Pukekura Park,1,8.2,New Zealand,West Indies,SW Bates,ML Green,AK Peters,1,0,,,,,,,,,
1138196,2017/18,2018-03-20,Pukekura Park,1,8.3,New Zealand,West Indies,ML Green,SW Bates,AK Peters,1,0,,,,,,,,,
1138196,2017/18,2018-03-20,Pukekura Park,1,8.4,New Zealand,West Indies,SW Bates,ML Green,AK Peters,2,0,,,,,,,,,
1138196,2017/18,2018-03-20,Pukekura Park,1,8.5,New Zealand,West Indies,SW Bates,ML Green,AK Peters,0,0,,,,,,,,,
1138196,2017/18,2018-03-20,Pukekura Park,1,8.6,New Zealand,West Indies,SW Bates,ML Green,AK Peters,1,0,,,,,,,,,
1138196,2017/18,2018-03-20,Pukekura Park,1,9.1,New Zealand,West Indies,SW Bates,ML Green,SR Taylor,0,0,,,,,,,,,
1138196,2017/18,2018-03-20,Pukekura Park,1,9.2,New Zealand,West Indies,SW Bates,ML Green,SR Taylor,0,0,,,,,,,,,
1138196,2017/18,2018-03-20,Pukekura Park,1,9.3,New Zealand,West Indies,SW Bates,ML Green,SR Taylor,0,0,,,,,,,,,
1138196,2017/18,2018-03-20,Pukekura Park,1,9.4,New Zealand,West Indies,SW Bates,ML Green,SR Taylor,0,1,,,,1,,,,,
1138196,2017/18,2018-03-20,Pukekura Park,1,9.5,New Zealand,West Indies,ML Green,SW Bates,SR Taylor,1,0,,,,,,,,,
1138196,2017/18,2018-03-20,Pukekura Park,1,9.6,New Zealand,West Indies,SW Bates,ML Green,SR Taylor,1,0,,,,,,,,,
1138196,2017/18,2018-03-20,Pukekura Park,1,10.1,New Zealand,West Indies,SW Bates,ML Green,AK Peters,1,0,,,,,,,,,
1138196,2017/18,2018-03-20,Pukekura Park,1,10.2,New Zealand,West Indies,ML Green,SW Bates,AK Peters,0,0,,,,,,,,,
1138196,2017/18,2018-03-20,Pukekura Park,1,10.3,New Zealand,West Indies,ML Green,SW Bates,AK Peters,2,0,,,,,,,,,
1138196,2017/18,2018-03-20,Pukekura Park,1,10.4,New Zealand,West Indies,ML Green,SW Bates,AK Peters,6,0,,,,,,,,,
1138196,2017/18,2018-03-20,Pukekura Park,1,10.5,New Zealand,West Indies,ML Green,SW Bates,AK Peters,0,0,,,,,,,,,
1138196,2017/18,2018-03-20,Pukekura Park,1,10.6,New Zealand,West Indies,ML Green,SW Bates,AK Peters,1,0,,,,,,,,,
1138196,2017/18,2018-03-20,Pukekura Park,1,11.1,New Zealand,West Indies,ML Green,SW Bates,SR Taylor,0,0,,,,,,,,,
1138196,2017/18,2018-03-20,Pukekura Park,1,11.2,New Zealand,West Indies,ML Green,SW Bates,SR Taylor,1,0,,,,,,,,,
1138196,2017/18,2018-03-20,Pukekura Park,1,11.3,New Zealand,West Indies,SW Bates,ML Green,SR Taylor,0,0,,,,,,,,,
1138196,2017/18,2018-03-20,Pukekura Park,1,11.4,New Zealand,West Indies,SW Bates,ML Green,SR Taylor,1,0,,,,,,,,,
1138196,2017/18,2018-03-20,Pukekura Park,1,11.5,New Zealand,West Indies,ML Green,SW Bates,SR Taylor,1,0,,,,,,,,,
1138196,2017/18,2018-03-20,Pukekura Park,1,11.6,New Zealand,West Indies,SW Bates,ML Green,SR Taylor,0,0,,,,,,,,,
1138196,2017/18,2018-03-20,Pukekura Park,1,12.1,New Zealand,West Indies,ML Green,SW Bates,DJS Dottin,0,0,,,,,,,,,
1138196,2017/18,2018-03-20,Pukekura Park,1,12.2,New Zealand,West Indies,ML Green,SW Bates,DJS Dottin,0,0,,,,,,,,,
1138196,2017/18,2018-03-20,Pukekura Park,1,12.3,New Zealand,West Indies,ML Green,SW Bates,DJS Dottin,2,0,,,,,,,,,
1138196,2017/18,2018-03-20,Pukekura Park,1,12.4,New Zealand,West Indies,ML Green,SW Bates,DJS Dottin,0,0,,,,,,,,,
1138196,2017/18,2018-03-20,Pukekura Park,1,12.5,New Zealand,West Indies,ML Green,SW Bates,DJS Dottin,0,0,,,,,,bowled,ML Green,,
1138196,2017/18,2018-03-20,Pukekura Park,1,12.6,New Zealand,West Indies,AE Satterthwaite,SW Bates,DJS Dottin,0,0,,,,,,,,,
1138196,2017/18,2018-03-20,Pukekura Park,1,13.1,New Zealand,West Indies,SW Bates,AE Satterthwaite,SR Taylor,1,0,,,,,,,,,
1138196,2017/18,2018-03-20,Pukekura Park,1,13.2,New Zealand,West Indies,AE Satterthwaite,SW Bates,SR Taylor,1,0,,,,,,,,,
1138196,2017/18,2018-03-20,Pukekura Park,1,13.3,New Zealand,West Indies,SW Bates,AE Satterthwaite,SR Taylor,1,0,,,,,,,,,
1138196,2017/18,2018-03-20,Pukekura Park,1,13.4,New Zealand,West Indies,AE Satterthwaite,SW Bates,SR Taylor,0,0,,,,,,,,,
1138196,2017/18,2018-03-20,Pukekura Park,1,13.5,New Zealand,West Indies,AE Satterthwaite,SW Bates,SR Taylor,0,0,,,,,,,,,
1138196,2017/18,2018-03-20,Pukekura Park,1,13.6,New Zealand,West Indies,AE Satterthwaite,SW Bates,SR Taylor,1,0,,,,,,,,,
1138196,2017/18,2018-03-20,Pukekura Park,1,14.1,New Zealand,West Indies,AE Satterthwaite,SW Bates,DJS Dottin,0,0,,,,,,,,,
1138196,2017/18,2018-03-20,Pukekura Park,1,14.2,New Zealand,West Indies,AE Satterthwaite,SW Bates,DJS Dottin,0,0,,,,,,,,,
1138196,2017/18,2018-03-20,Pukekura Park,1,14.3,New Zealand,West Indies,AE Satterthwaite,SW Bates,DJS Dottin,0,0,,,,,,,,,
1138196,2017/18,2018-03-20,Pukekura Park,1,14.4,New Zealand,West Indies,AE Satterthwaite,SW Bates,DJS Dottin,0,0,,,,,,,,,
1138196,2017/18,2018-03-20,Pukekura Park,1,14.5,New Zealand,West Indies,AE Satterthwaite,SW Bates,DJS Dottin,1,0,,,,,,,,,
1138196,2017/18,2018-03-20,Pukekura Park,1,14.6,New Zealand,West Indies,SW Bates,AE Satterthwaite,DJS Dottin,1,0,,,,,,,,,
1138196,2017/18,2018-03-20,Pukekura Park,1,15.1,New Zealand,West Indies,SW Bates,AE Satterthwaite,SR Taylor,0,0,,,,,,,,,
1138196,2017/18,2018-03-20,Pukekura Park,1,15.2,New Zealand,West Indies,SW Bates,AE Satterthwaite,SR Taylor,0,0,,,,,,,,,
1138196,2017/18,2018-03-20,Pukekura Park,1,15.3,New Zealand,West Indies,SW Bates,AE Satterthwaite,SR Taylor,1,0,,,,,,,,,
1138196,2017/18,2018-03-20,Pukekura Park,1,15.4,New Zealand,West Indies,AE Satterthwaite,SW Bates,SR Taylor,1,0,,,,,,,,,
1138196,2017/18,2018-03-20,Pukekura Park,1,15.5,New Zealand,West Indies,SW Bates,AE Satterthwaite,SR Taylor,4,0,,,,,,,,,
1138196,2017/18,2018-03-20,Pukekura Park,1,15.6,New Zealand,West Indies,SW Bates,AE Satterthwaite,SR Taylor,4,0,,,,,,,,,
1138196,2017/18,2018-03-20,Pukekura Park,1,16.1,New Zealand,West Indies,AE Satterthwaite,SW Bates,TD Smartt,1,0,,,,,,,,,
1138196,2017/18,2018-03-20,Pukekura Park,1,16.2,New Zealand,West Indies,SW Bates,AE Satterthwaite,TD Smartt,1,0,,,,,,,,,
1138196,2017/18,2018-03-20,Pukekura Park,1,16.3,New Zealand,West Indies,AE Satterthwaite,SW Bates,TD Smartt,3,0,,,,,,,,,
1138196,2017/18,2018-03-20,Pukekura Park,1,16.4,New Zealand,West Indies,SW Bates,AE Satterthwaite,TD Smartt,2,0,,,,,,,,,
1138196,2017/18,2018-03-20,Pukekura Park,1,16.5,New Zealand,West Indies,SW Bates,AE Satterthwaite,TD Smartt,0,0,,,,,,,,,
1138196,2017/18,2018-03-20,Pukekura Park,1,16.6,New Zealand,West Indies,SW Bates,AE Satterthwaite,TD Smartt,0,1,1,,,,,,,,
1138196,2017/18,2018-03-20,Pukekura Park,1,16.7,New Zealand,West Indies,SW Bates,AE Satterthwaite,TD Smartt,4,0,,,,,,,,,
1138196,2017/18,2018-03-20,Pukekura Park,1,17.1,New Zealand,West Indies,AE Satterthwaite,SW Bates,HK Matthews,0,0,,,,,,,,,
1138196,2017/18,2018-03-20,Pukekura Park,1,17.2,New Zealand,West Indies,AE Satterthwaite,SW Bates,HK Matthews,2,0,,,,,,,,,
1138196,2017/18,2018-03-20,Pukekura Park,1,17.3,New Zealand,West Indies,AE Satterthwaite,SW Bates,HK Matthews,0,0,,,,,,caught and bowled,AE Satterthwaite,,
1138196,2017/18,2018-03-20,Pukekura Park,1,17.4,New Zealand,West Indies,AM Peterson,SW Bates,HK Matthews,0,0,,,,,,,,,
1138196,2017/18,2018-03-20,Pukekura Park,1,17.5,New Zealand,West Indies,AM Peterson,SW Bates,HK Matthews,1,0,,,,,,,,,
1138196,2017/18,2018-03-20,Pukekura Park,1,17.6,New Zealand,West Indies,SW Bates,AM Peterson,HK Matthews,2,0,,,,,,,,,
1138196,2017/18,2018-03-20,Pukekura Park,1,18.1,New Zealand,West Indies,AM Peterson,SW Bates,DJS Dottin,0,0,,,,,,run out,AM Peterson,,
1138196,2017/18,2018-03-20,Pukekura Park,1,18.2,New Zealand,West Indies,SW Bates,NC Dodd,DJS Dottin,1,0,,,,,,,,,
1138196,2017/18,2018-03-20,Pukekura Park,1,18.3,New Zealand,West Indies,NC Dodd,SW Bates,DJS Dottin,1,0,,,,,,,,,
1138196,2017/18,2018-03-20,Pukekura Park,1,18.4,New Zealand,West Indies,SW Bates,NC Dodd,DJS Dottin,1,0,,,,,,,,,
1138196,2017/18,2018-03-20,Pukekura Park,1,18.5,New Zealand,West Indies,NC Dodd,SW Bates,DJS Dottin,0,0,,,,,,bowled,NC Dodd,,
1138196,2017/18,2018-03-20,Pukekura Park,1,18.6,New Zealand,West Indies,LM Kasperek,SW Bates,DJS Dottin,0,0,,,,,,,,,
1138196,2017/18,2018-03-20,Pukekura Park,1,19.1,New Zealand,West Indies,SW Bates,LM Kasperek,HK Matthews,1,0,,,,,,,,,
1138196,2017/18,2018-03-20,Pukekura Park,1,19.2,New Zealand,West Indies,LM Kasperek,SW Bates,HK Matthews,1,0,,,,,,,,,
1138196,2017/18,2018-03-20,Pukekura Park,1,19.3,New Zealand,West Indies,SW Bates,LM Kasperek,HK Matthews,4,0,,,,,,,,,
1138196,2017/18,2018-03-20,Pukekura Park,1,19.4,New Zealand,West Indies,SW Bates,LM Kasperek,HK Matthews,1,0,,,,,,,,,
1138196,2017/18,2018-03-20,Pukekura Park,1,19.5,New Zealand,West Indies,LM Kasperek,SW Bates,HK Matthews,2,0,,,,,,run out,LM Kasperek,,
1138196,2017/18,2018-03-20,Pukekura Park,1,19.6,New Zealand,West Indies,SW Bates,AC Kerr,HK Matthews,4,0,,,,,,,,,
1138196,2017/18,2018-03-20,Pukekura Park,2,0.1,West Indies,New Zealand,HK Matthews,SR Taylor,KA Heffernan,1,0,,,,,,,,,
1138196,2017/18,2018-03-20,Pukekura Park,2,0.2,West Indies,New Zealand,SR Taylor,HK Matthews,KA Heffernan,0,1,1,,,,,,,,
1138196,2017/18,2018-03-20,Pukekura Park,2,0.3,West Indies,New Zealand,SR Taylor,HK Matthews,KA Heffernan,0,0,,,,,,,,,
1138196,2017/18,2018-03-20,Pukekura Park,2,0.4,West Indies,New Zealand,SR Taylor,HK Matthews,KA Heffernan,1,0,,,,,,,,,
1138196,2017/18,2018-03-20,Pukekura Park,2,0.5,West Indies,New Zealand,HK Matthews,SR Taylor,KA Heffernan,0,0,,,,,,,,,
1138196,2017/18,2018-03-20,Pukekura Park,2,0.6,West Indies,New Zealand,HK Matthews,SR Taylor,KA Heffernan,0,0,,,,,,,,,
1138196,2017/18,2018-03-20,Pukekura Park,2,0.7,West Indies,New Zealand,HK Matthews,SR Taylor,KA Heffernan,4,0,,,,,,,,,
1138196,2017/18,2018-03-20,Pukekura Park,2,1.1,West Indies,New Zealand,SR Taylor,HK Matthews,AM Peterson,4,0,,,,,,,,,
1138196,2017/18,2018-03-20,Pukekura Park,2,1.2,West Indies,New Zealand,SR Taylor,HK Matthews,AM Peterson,1,0,,,,,,,,,
1138196,2017/18,2018-03-20,Pukekura Park,2,1.3,West Indies,New Zealand,HK Matthews,SR Taylor,AM Peterson,1,0,,,,,,,,,
1138196,2017/18,2018-03-20,Pukekura Park,2,1.4,West Indies,New Zealand,SR Taylor,HK Matthews,AM Peterson,2,0,,,,,,,,,
1138196,2017/18,2018-03-20,Pukekura Park,2,1.5,West Indies,New Zealand,SR Taylor,HK Matthews,AM Peterson,0,0,,,,,,,,,
1138196,2017/18,2018-03-20,Pukekura Park,2,1.6,West Indies,New Zealand,SR Taylor,HK Matthews,AM Peterson,1,0,,,,,,,,,
1138196,2017/18,2018-03-20,Pukekura Park,2,2.1,West Indies,New Zealand,SR Taylor,HK Matthews,SFM Devine,1,0,,,,,,,,,
1138196,2017/18,2018-03-20,Pukekura Park,2,2.2,West Indies,New Zealand,HK Matthews,SR Taylor,SFM Devine,0,0,,,,,,,,,
1138196,2017/18,2018-03-20,Pukekura Park,2,2.3,West Indies,New Zealand,HK Matthews,SR Taylor,SFM Devine,2,0,,,,,,,,,
1138196,2017/18,2018-03-20,Pukekura Park,2,2.4,West Indies,New Zealand,HK Matthews,SR Taylor,SFM Devine,0,0,,,,,,,,,
1138196,2017/18,2018-03-20,Pukekura Park,2,2.5,West Indies,New Zealand,HK Matthews,SR Taylor,SFM Devine,1,0,,,,,,,,,
1138196,2017/18,2018-03-20,Pukekura Park,2,2.6,West Indies,New Zealand,SR Taylor,HK Matthews,SFM Devine,0,0,,,,,,,,,
1138196,2017/18,2018-03-20,Pukekura Park,2,3.1,West Indies,New Zealand,HK Matthews,SR Taylor,LM Kasperek,1,0,,,,,,,,,
1138196,2017/18,2018-03-20,Pukekura Park,2,3.2,West Indies,New Zealand,SR Taylor,HK Matthews,LM Kasperek,0,0,,,,,,,,,
1138196,2017/18,2018-03-20,Pukekura Park,2,3.3,West Indies,New Zealand,SR Taylor,HK Matthews,LM Kasperek,4,0,,,,,,,,,
1138196,2017/18,2018-03-20,Pukekura Park,2,3.4,West Indies,New Zealand,SR Taylor,HK Matthews,LM Kasperek,0,0,,,,,,lbw,SR Taylor,,
1138196,2017/18,2018-03-20,Pukekura Park,2,3.5,West Indies,New Zealand,CN Nation,HK Matthews,LM Kasperek,2,0,,,,,,,,,
1138196,2017/18,2018-03-20,Pukekura Park,2,3.6,West Indies,New Zealand,CN Nation,HK Matthews,LM Kasperek,0,0,,,,,,,,,
1138196,2017/18,2018-03-20,Pukekura Park,2,4.1,West Indies,New Zealand,HK Matthews,CN Nation,SFM Devine,0,0,,,,,,,,,
1138196,2017/18,2018-03-20,Pukekura Park,2,4.2,West Indies,New Zealand,HK Matthews,CN Nation,SFM Devine,1,0,,,,,,,,,
1138196,2017/18,2018-03-20,Pukekura Park,2,4.3,West Indies,New Zealand,CN Nation,HK Matthews,SFM Devine,0,0,,,,,,,,,
1138196,2017/18,2018-03-20,Pukekura Park,2,4.4,West Indies,New Zealand,CN Nation,HK Matthews,SFM Devine,2,0,,,,,,,,,
1138196,2017/18,2018-03-20,Pukekura Park,2,4.5,West Indies,New Zealand,CN Nation,HK Matthews,SFM Devine,2,0,,,,,,,,,
1138196,2017/18,2018-03-20,Pukekura Park,2,4.6,West Indies,New Zealand,CN Nation,HK Matthews,SFM Devine,0,0,,,,,,,,,
1138196,2017/18,2018-03-20,Pukekura Park,2,5.1,West Indies,New Zealand,HK Matthews,CN Nation,LM Kasperek,1,0,,,,,,,,,
1138196,2017/18,2018-03-20,Pukekura Park,2,5.2,West Indies,New Zealand,CN Nation,HK Matthews,LM Kasperek,2,0,,,,,,,,,
1138196,2017/18,2018-03-20,Pukekura Park,2,5.3,West Indies,New Zealand,CN Nation,HK Matthews,LM Kasperek,0,0,,,,,,caught,CN Nation,,
1138196,2017/18,2018-03-20,Pukekura Park,2,5.4,West Indies,New Zealand,DJS Dottin,HK Matthews,LM Kasperek,0,0,,,,,,,,,
1138196,2017/18,2018-03-20,Pukekura Park,2,5.5,West Indies,New Zealand,DJS Dottin,HK Matthews,LM Kasperek,4,0,,,,,,,,,
1138196,2017/18,2018-03-20,Pukekura Park,2,5.6,West Indies,New Zealand,DJS Dottin,HK Matthews,LM Kasperek,0,0,,,,,,,,,
1138196,2017/18,2018-03-20,Pukekura Park,2,6.1,West Indies,New Zealand,HK Matthews,DJS Dottin,AC Kerr,1,0,,,,,,,,,
1138196,2017/18,2018-03-20,Pukekura Park,2,6.2,West Indies,New Zealand,DJS Dottin,HK Matthews,AC Kerr,1,0,,,,,,,,,
1138196,2017/18,2018-03-20,Pukekura Park,2,6.3,West Indies,New Zealand,HK Matthews,DJS Dottin,AC Kerr,1,0,,,,,,,,,
1138196,2017/18,2018-03-20,Pukekura Park,2,6.4,West Indies,New Zealand,DJS Dottin,HK Matthews,AC Kerr,1,0,,,,,,,,,
1138196,2017/18,2018-03-20,Pukekura Park,2,6.5,West Indies,New Zealand,HK Matthews,DJS Dottin,AC Kerr,0,0,,,,,,,,,
1138196,2017/18,2018-03-20,Pukekura Park,2,6.6,West Indies,New Zealand,HK Matthews,DJS Dottin,AC Kerr,0,0,,,,,,caught,HK Matthews,,
1138196,2017/18,2018-03-20,Pukekura Park,2,7.1,West Indies,New Zealand,DJS Dottin,MR Aguilleira,AM Peterson,0,0,,,,,,,,,
1138196,2017/18,2018-03-20,Pukekura Park,2,7.2,West Indies,New Zealand,DJS Dottin,MR Aguilleira,AM Peterson,0,0,,,,,,,,,
1138196,2017/18,2018-03-20,Pukekura Park,2,7.3,West Indies,New Zealand,DJS Dottin,MR Aguilleira,AM Peterson,1,0,,,,,,,,,
1138196,2017/18,2018-03-20,Pukekura Park,2,7.4,West Indies,New Zealand,MR Aguilleira,DJS Dottin,AM Peterson,1,0,,,,,,,,,
1138196,2017/18,2018-03-20,Pukekura Park,2,7.5,West Indies,New Zealand,DJS Dottin,MR Aguilleira,AM Peterson,2,0,,,,,,,,,
1138196,2017/18,2018-03-20,Pukekura Park,2,7.6,West Indies,New Zealand,DJS Dottin,MR Aguilleira,AM Peterson,0,0,,,,,,,,,
1138196,2017/18,2018-03-20,Pukekura Park,2,8.1,West Indies,New Zealand,MR Aguilleira,DJS Dottin,LMM Tahuhu,0,0,,,,,,,,,
1138196,2017/18,2018-03-20,Pukekura Park,2,8.2,West Indies,New Zealand,MR Aguilleira,DJS Dottin,LMM Tahuhu,0,0,,,,,,,,,
1138196,2017/18,2018-03-20,Pukekura Park,2,8.3,West Indies,New Zealand,MR Aguilleira,DJS Dottin,LMM Tahuhu,0,0,,,,,,,,,
1138196,2017/18,2018-03-20,Pukekura Park,2,8.4,West Indies,New Zealand,MR Aguilleira,DJS Dottin,LMM Tahuhu,4,0,,,,,,,,,
1138196,2017/18,2018-03-20,Pukekura Park,2,8.5,West Indies,New Zealand,MR Aguilleira,DJS Dottin,LMM Tahuhu,1,0,,,,,,,,,
1138196,2017/18,2018-03-20,Pukekura Park,2,8.6,West Indies,New Zealand,DJS Dottin,MR Aguilleira,LMM Tahuhu,4,0,,,,,,,,,
1138196,2017/18,2018-03-20,Pukekura Park,2,9.1,West Indies,New Zealand,MR Aguilleira,DJS Dottin,AC Kerr,0,0,,,,,,,,,
1138196,2017/18,2018-03-20,Pukekura Park,2,9.2,West Indies,New Zealand,MR Aguilleira,DJS Dottin,AC Kerr,0,0,,,,,,,,,
1138196,2017/18,2018-03-20,Pukekura Park,2,9.3,West Indies,New Zealand,MR Aguilleira,DJS Dottin,AC Kerr,0,0,,,,,,,,,
1138196,2017/18,2018-03-20,Pukekura Park,2,9.4,West Indies,New Zealand,MR Aguilleira,DJS Dottin,AC Kerr,2,0,,,,,,,,,
1138196,2017/18,2018-03-20,Pukekura Park,2,9.5,West Indies,New Zealand,MR Aguilleira,DJS Dottin,AC Kerr,0,0,,,,,,,,,
1138196,2017/18,2018-03-20,Pukekura Park,2,9.6,West Indies,New Zealand,MR Aguilleira,DJS Dottin,AC Kerr,0,0,,,,,,,,,
1138196,2017/18,2018-03-20,Pukekura Park,2,10.1,West Indies,New Zealand,DJS Dottin,MR Aguilleira,LMM Tahuhu,1,0,,,,,,,,,
1138196,2017/18,2018-03-20,Pukekura Park,2,10.2,West Indies,New Zealand,MR Aguilleira,DJS Dottin,LMM Tahuhu,0,0,,,,,,,,,
1138196,2017/18,2018-03-20,Pukekura Park,2,10.3,West Indies,New Zealand,MR Aguilleira,DJS Dottin,LMM Tahuhu,1,0,,,,,,,,,
1138196,2017/18,2018-03-20,Pukekura Park,2,10.4,West Indies,New Zealand,DJS Dottin,MR Aguilleira,LMM Tahuhu,4,0,,,,,,,,,
1138196,2017/18,2018-03-20,Pukekura Park,2,10.5,West Indies,New Zealand,DJS Dottin,MR Aguilleira,LMM Tahuhu,1,0,,,,,,,,,
1138196,2017/18,2018-03-20,Pukekura Park,2,10.6,West Indies,New Zealand,MR Aguilleira,DJS Dottin,LMM Tahuhu,1,0,,,,,,,,,
1138196,2017/18,2018-03-20,Pukekura Park,2,11.1,West Indies,New Zealand,MR Aguilleira,DJS Dottin,LM Kasperek,1,0,,,,,,,,,
1138196,2017/18,2018-03-20,Pukekura Park,2,11.2,West Indies,New Zealand,DJS Dottin,MR Aguilleira,LM Kasperek,4,0,,,,,,,,,
1138196,2017/18,2018-03-20,Pukekura Park,2,11.3,West Indies,New Zealand,DJS Dottin,MR Aguilleira,LM Kasperek,1,0,,,,,,,,,
1138196,2017/18,2018-03-20,Pukekura Park,2,11.4,West Indies,New Zealand,MR Aguilleira,DJS Dottin,LM Kasperek,1,0,,,,,,,,,
1138196,2017/18,2018-03-20,Pukekura Park,2,11.5,West Indies,New Zealand,DJS Dottin,MR Aguilleira,LM Kasperek,0,0,,,,,,caught,DJS Dottin,,
1138196,2017/18,2018-03-20,Pukekura Park,2,11.6,West Indies,New Zealand,Kycia A Knight,MR Aguilleira,LM Kasperek,0,1,1,,,,,,,,
1138196,2017/18,2018-03-20,Pukekura Park,2,11.7,West Indies,New Zealand,Kycia A Knight,MR Aguilleira,LM Kasperek,1,0,,,,,,,,,
1138196,2017/18,2018-03-20,Pukekura Park,2,12.1,West Indies,New Zealand,Kycia A Knight,MR Aguilleira,KA Heffernan,1,0,,,,,,,,,
1138196,2017/18,2018-03-20,Pukekura Park,2,12.2,West Indies,New Zealand,MR Aguilleira,Kycia A Knight,KA Heffernan,1,0,,,,,,,,,
1138196,2017/18,2018-03-20,Pukekura Park,2,12.3,West Indies,New Zealand,Kycia A Knight,MR Aguilleira,KA Heffernan,4,0,,,,,,,,,
1138196,2017/18,2018-03-20,Pukekura Park,2,12.4,West Indies,New Zealand,Kycia A Knight,MR Aguilleira,KA Heffernan,0,0,,,,,,,,,
1138196,2017/18,2018-03-20,Pukekura Park,2,12.5,West Indies,New Zealand,Kycia A Knight,MR Aguilleira,KA Heffernan,2,0,,,,,,,,,
1138196,2017/18,2018-03-20,Pukekura Park,2,12.6,West Indies,New Zealand,Kycia A Knight,MR Aguilleira,KA Heffernan,0,0,,,,,,,,,
1138196,2017/18,2018-03-20,Pukekura Park,2,13.1,West Indies,New Zealand,MR Aguilleira,Kycia A Knight,AC Kerr,2,0,,,,,,,,,
1138196,2017/18,2018-03-20,Pukekura Park,2,13.2,West Indies,New Zealand,MR Aguilleira,Kycia A Knight,AC Kerr,1,0,,,,,,,,,
1138196,2017/18,2018-03-20,Pukekura Park,2,13.3,West Indies,New Zealand,Kycia A Knight,MR Aguilleira,AC Kerr,1,0,,,,,,,,,
1138196,2017/18,2018-03-20,Pukekura Park,2,13.4,West Indies,New Zealand,MR Aguilleira,Kycia A Knight,AC Kerr,1,0,,,,,,,,,
1138196,2017/18,2018-03-20,Pukekura Park,2,13.5,West Indies,New Zealand,Kycia A Knight,MR Aguilleira,AC Kerr,1,0,,,,,,,,,
1138196,2017/18,2018-03-20,Pukekura Park,2,13.6,West Indies,New Zealand,MR Aguilleira,Kycia A Knight,AC Kerr,0,0,,,,,,,,,
1138196,2017/18,2018-03-20,Pukekura Park,2,14.1,West Indies,New Zealand,Kycia A Knight,MR Aguilleira,SFM Devine,1,0,,,,,,,,,
1138196,2017/18,2018-03-20,Pukekura Park,2,14.2,West Indies,New Zealand,MR Aguilleira,Kycia A Knight,SFM Devine,1,0,,,,,,,,,
1138196,2017/18,2018-03-20,Pukekura Park,2,14.3,West Indies,New Zealand,Kycia A Knight,MR Aguilleira,SFM Devine,4,0,,,,,,,,,
1138196,2017/18,2018-03-20,Pukekura Park,2,14.4,West Indies,New Zealand,Kycia A Knight,MR Aguilleira,SFM Devine,0,0,,,,,,,,,
1138196,2017/18,2018-03-20,Pukekura Park,2,14.5,West Indies,New Zealand,Kycia A Knight,MR Aguilleira,SFM Devine,1,0,,,,,,,,,
1138196,2017/18,2018-03-20,Pukekura Park,2,14.6,West Indies,New Zealand,MR Aguilleira,Kycia A Knight,SFM Devine,0,1,1,,,,,,,,
1138196,2017/18,2018-03-20,Pukekura Park,2,14.7,West Indies,New Zealand,MR Aguilleira,Kycia A Knight,SFM Devine,1,0,,,,,,,,,
1138196,2017/18,2018-03-20,Pukekura Park,2,15.1,West Indies,New Zealand,MR Aguilleira,Kycia A Knight,AM Peterson,0,0,,,,,,,,,
1138196,2017/18,2018-03-20,Pukekura Park,2,15.2,West Indies,New Zealand,MR Aguilleira,Kycia A Knight,AM Peterson,0,3,3,,,,,,,,
1138196,2017/18,2018-03-20,Pukekura Park,2,15.3,West Indies,New Zealand,MR Aguilleira,Kycia A Knight,AM Peterson,2,0,,,,,,,,,
1138196,2017/18,2018-03-20,Pukekura Park,2,15.4,West Indies,New Zealand,MR Aguilleira,Kycia A Knight,AM Peterson,0,0,,,,,,,,,
1138196,2017/18,2018-03-20,Pukekura Park,2,15.5,West Indies,New Zealand,MR Aguilleira,Kycia A Knight,AM Peterson,0,0,,,,,,,,,
1138196,2017/18,2018-03-20,Pukekura Park,2,15.6,West Indies,New Zealand,MR Aguilleira,Kycia A Knight,AM Peterson,4,0,,,,,,,,,
1138196,2017/18,2018-03-20,Pukekura Park,2,15.7,West Indies,New Zealand,MR Aguilleira,Kycia A Knight,AM Peterson,1,0,,,,,,,,,
1138196,2017/18,2018-03-20,Pukekura Park,2,16.1,West Indies,New Zealand,MR Aguilleira,Kycia A Knight,AC Kerr,1,0,,,,,,,,,
1138196,2017/18,2018-03-20,Pukekura Park,2,16.2,West Indies,New Zealand,Kycia A Knight,MR Aguilleira,AC Kerr,2,0,,,,,,,,,
1138196,2017/18,2018-03-20,Pukekura Park,2,16.3,West Indies,New Zealand,Kycia A Knight,MR Aguilleira,AC Kerr,1,0,,,,,,,,,
1138196,2017/18,2018-03-20,Pukekura Park,2,16.4,West Indies,New Zealand,MR Aguilleira,Kycia A Knight,AC Kerr,1,0,,,,,,,,,
1138196,2017/18,2018-03-20,Pukekura Park,2,16.5,West Indies,New Zealand,Kycia A Knight,MR Aguilleira,AC Kerr,1,0,,,,,,,,,
1138196,2017/18,2018-03-20,Pukekura Park,2,16.6,West Indies,New Zealand,MR Aguilleira,Kycia A Knight,AC Kerr,1,0,,,,,,,,,
1138196,2017/18,2018-03-20,Pukekura Park,2,17.1,West Indies,New Zealand,MR Aguilleira,Kycia A Knight,LM Kasperek,1,0,,,,,,,,,
1138196,2017/18,2018-03-20,Pukekura Park,2,17.2,West Indies,New Zealand,Kycia A Knight,MR Aguilleira,LM Kasperek,1,0,,,,,,,,,
1138196,2017/18,2018-03-20,Pukekura Park,2,17.3,West Indies,New Zealand,MR Aguilleira,Kycia A Knight,LM Kasperek,0,0,,,,,,,,,
1138196,2017/18,2018-03-20,Pukekura Park,2,17.4,West Indies,New Zealand,MR Aguilleira,Kycia A Knight,LM Kasperek,4,0,,,,,,,,,
1138196,2017/18,2018-03-20,Pukekura Park,2,17.5,West Indies,New Zealand,MR Aguilleira,Kycia A Knight,LM Kasperek,1,0,,,,,,,,,
1138196,2017/18,2018-03-20,Pukekura Park,2,17.6,West Indies,New Zealand,Kycia A Knight,MR Aguilleira,LM Kasperek,1,0,,,,,,,,,
1138196,2017/18,2018-03-20,Pukekura Park,2,18.1,West Indies,New Zealand,Kycia A Knight,MR Aguilleira,SFM Devine,2,0,,,,,,,,,
1138196,2017/18,2018-03-20,Pukekura Park,2,18.2,West Indies,New Zealand,Kycia A Knight,MR Aguilleira,SFM Devine,1,0,,,,,,,,,
1138196,2017/18,2018-03-20,Pukekura Park,2,18.3,West Indies,New Zealand,MR Aguilleira,Kycia A Knight,SFM Devine,0,0,,,,,,,,,
1138196,2017/18,2018-03-20,Pukekura Park,2,18.4,West Indies,New Zealand,MR Aguilleira,Kycia A Knight,SFM Devine,1,0,,,,,,,,,
1138196,2017/18,2018-03-20,Pukekura Park,2,18.5,West Indies,New Zealand,Kycia A Knight,MR Aguilleira,SFM Devine,1,0,,,,,,,,,
1138196,2017/18,2018-03-20,Pukekura Park,2,18.6,West Indies,New Zealand,MR Aguilleira,Kycia A Knight,SFM Devine,2,0,,,,,,,,,
1138196,2017/18,2018-03-20,Pukekura Park,2,19.1,West Indies,New Zealand,Kycia A Knight,MR Aguilleira,AM Peterson,0,0,,,,,,caught,Kycia A Knight,,
1138196,2017/18,2018-03-20,Pukekura Park,2,19.2,West Indies,New Zealand,B Cooper,MR Aguilleira,AM Peterson,0,0,,,,,,,,,
1138196,2017/18,2018-03-20,Pukekura Park,2,19.3,West Indies,New Zealand,B Cooper,MR Aguilleira,AM Peterson,2,0,,,,,,,,,
1138196,2017/18,2018-03-20,Pukekura Park,2,19.4,West Indies,New Zealand,B Cooper,MR Aguilleira,AM Peterson,0,0,,,,,,stumped,B Cooper,,
1138196,2017/18,2018-03-20,Pukekura Park,2,19.5,West Indies,New Zealand,AK Peters,MR Aguilleira,AM Peterson,0,0,,,,,,run out,AK Peters,,
1138196,2017/18,2018-03-20,Pukekura Park,2,19.6,West Indies,New Zealand,MR Aguilleira,TD Smartt,AM Peterson,0,1,,,,1,,,,,
