match_id,season,start_date,venue,innings,ball,batting_team,bowling_team,striker,non_striker,bowler,runs_off_bat,extras,wides,noballs,byes,legbyes,penalty,wicket_type,player_dismissed,other_wicket_type,other_player_dismissed
1138203,2017/18,2018-03-30,Nondescripts Cricket Club Ground,1,0.1,Pakistan,Sri Lanka,Nahida Khan,Sidra Ameen,KDU Prabodhani,1,0,,,,,,,,,
1138203,2017/18,2018-03-30,Nondescripts Cricket Club Ground,1,0.2,Pakistan,Sri Lanka,Sidra Ameen,Nahida Khan,KDU Prabodhani,0,0,,,,,,,,,
1138203,2017/18,2018-03-30,Nondescripts Cricket Club Ground,1,0.3,Pakistan,Sri Lanka,Sidra Ameen,Nahida Khan,KDU Prabodhani,0,0,,,,,,,,,
1138203,2017/18,2018-03-30,Nondescripts Cricket Club Ground,1,0.4,Pakistan,Sri Lanka,Sidra Ameen,Nahida Khan,KDU Prabodhani,0,0,,,,,,,,,
1138203,2017/18,2018-03-30,Nondescripts Cricket Club Ground,1,0.5,Pakistan,Sri Lanka,Sidra Ameen,Nahida Khan,KDU Prabodhani,0,1,,,,1,,,,,
1138203,2017/18,2018-03-30,Nondescripts Cricket Club Ground,1,0.6,Pakistan,Sri Lanka,Nahida Khan,Sidra Ameen,KDU Prabodhani,0,1,1,,,,,,,,
1138203,2017/18,2018-03-30,Nondescripts Cricket Club Ground,1,0.7,Pakistan,Sri Lanka,Nahida Khan,Sidra Ameen,KDU Prabodhani,0,0,,,,,,,,,
1138203,2017/18,2018-03-30,Nondescripts Cricket Club Ground,1,1.1,Pakistan,Sri Lanka,Sidra Ameen,Nahida Khan,BMSM Kumari,4,0,,,,,,,,,
1138203,2017/18,2018-03-30,Nondescripts Cricket Club Ground,1,1.2,Pakistan,Sri Lanka,Sidra Ameen,Nahida Khan,BMSM Kumari,0,0,,,,,,,,,
1138203,2017/18,2018-03-30,Nondescripts Cricket Club Ground,1,1.3,Pakistan,Sri Lanka,Sidra Ameen,Nahida Khan,BMSM Kumari,0,0,,,,,,,,,
1138203,2017/18,2018-03-30,Nondescripts Cricket Club Ground,1,1.4,Pakistan,Sri Lanka,Sidra Ameen,Nahida Khan,BMSM Kumari,1,0,,,,,,,,,
1138203,2017/18,2018-03-30,Nondescripts Cricket Club Ground,1,1.5,Pakistan,Sri Lanka,Nahida Khan,Sidra Ameen,BMSM Kumari,0,0,,,,,,,,,
1138203,2017/18,2018-03-30,Nondescripts Cricket Club Ground,1,1.6,Pakistan,Sri Lanka,Nahida Khan,Sidra Ameen,BMSM Kumari,0,0,,,,,,,,,
1138203,2017/18,2018-03-30,Nondescripts Cricket Club Ground,1,2.1,Pakistan,Sri Lanka,Sidra Ameen,Nahida Khan,KADA Kanchana,0,0,,,,,,,,,
1138203,2017/18,2018-03-30,Nondescripts Cricket Club Ground,1,2.2,Pakistan,Sri Lanka,Sidra Ameen,Nahida Khan,KADA Kanchana,0,0,,,,,,,,,
1138203,2017/18,2018-03-30,Nondescripts Cricket Club Ground,1,2.3,Pakistan,Sri Lanka,Sidra Ameen,Nahida Khan,KADA Kanchana,1,0,,,,,,,,,
1138203,2017/18,2018-03-30,Nondescripts Cricket Club Ground,1,2.4,Pakistan,Sri Lanka,Nahida Khan,Sidra Ameen,KADA Kanchana,0,0,,,,,,,,,
1138203,2017/18,2018-03-30,Nondescripts Cricket Club Ground,1,2.5,Pakistan,Sri Lanka,Nahida Khan,Sidra Ameen,KADA Kanchana,0,0,,,,,,,,,
1138203,2017/18,2018-03-30,Nondescripts Cricket Club Ground,1,2.6,Pakistan,Sri Lanka,Nahida Khan,Sidra Ameen,KADA Kanchana,2,0,,,,,,,,,
1138203,2017/18,2018-03-30,Nondescripts Cricket Club Ground,1,3.1,Pakistan,Sri Lanka,Sidra Ameen,Nahida Khan,OU Ranasinghe,0,0,,,,,,,,,
1138203,2017/18,2018-03-30,Nondescripts Cricket Club Ground,1,3.2,Pakistan,Sri Lanka,Sidra Ameen,Nahida Khan,OU Ranasinghe,0,0,,,,,,,,,
1138203,2017/18,2018-03-30,Nondescripts Cricket Club Ground,1,3.3,Pakistan,Sri Lanka,Sidra Ameen,Nahida Khan,OU Ranasinghe,0,0,,,,,,,,,
1138203,2017/18,2018-03-30,Nondescripts Cricket Club Ground,1,3.4,Pakistan,Sri Lanka,Sidra Ameen,Nahida Khan,OU Ranasinghe,0,1,1,,,,,,,,
1138203,2017/18,2018-03-30,Nondescripts Cricket Club Ground,1,3.5,Pakistan,Sri Lanka,Sidra Ameen,Nahida Khan,OU Ranasinghe,4,0,,,,,,,,,
1138203,2017/18,2018-03-30,Nondescripts Cricket Club Ground,1,3.6,Pakistan,Sri Lanka,Sidra Ameen,Nahida Khan,OU Ranasinghe,0,0,,,,,,caught,Sidra Ameen,,
1138203,2017/18,2018-03-30,Nondescripts Cricket Club Ground,1,3.7,Pakistan,Sri Lanka,Bismah Maroof,Nahida Khan,OU Ranasinghe,0,0,,,,,,,,,
1138203,2017/18,2018-03-30,Nondescripts Cricket Club Ground,1,4.1,Pakistan,Sri Lanka,Nahida Khan,Bismah Maroof,KDU Prabodhani,0,0,,,,,,,,,
1138203,2017/18,2018-03-30,Nondescripts Cricket Club Ground,1,4.2,Pakistan,Sri Lanka,Nahida Khan,Bismah Maroof,KDU Prabodhani,1,0,,,,,,,,,
1138203,2017/18,2018-03-30,Nondescripts Cricket Club Ground,1,4.3,Pakistan,Sri Lanka,Bismah Maroof,Nahida Khan,KDU Prabodhani,0,0,,,,,,,,,
1138203,2017/18,2018-03-30,Nondescripts Cricket Club Ground,1,4.4,Pakistan,Sri Lanka,Bismah Maroof,Nahida Khan,KDU Prabodhani,0,0,,,,,,,,,
1138203,2017/18,2018-03-30,Nondescripts Cricket Club Ground,1,4.5,Pakistan,Sri Lanka,Bismah Maroof,Nahida Khan,KDU Prabodhani,2,0,,,,,,,,,
1138203,2017/18,2018-03-30,Nondescripts Cricket Club Ground,1,4.6,Pakistan,Sri Lanka,Bismah Maroof,Nahida Khan,KDU Prabodhani,1,0,,,,,,,,,
1138203,2017/18,2018-03-30,Nondescripts Cricket Club Ground,1,5.1,Pakistan,Sri Lanka,Bismah Maroof,Nahida Khan,OU Ranasinghe,4,0,,,,,,,,,
1138203,2017/18,2018-03-30,Nondescripts Cricket Club Ground,1,5.2,Pakistan,Sri Lanka,Bismah Maroof,Nahida Khan,OU Ranasinghe,2,0,,,,,,,,,
1138203,2017/18,2018-03-30,Nondescripts Cricket Club Ground,1,5.3,Pakistan,Sri Lanka,Bismah Maroof,Nahida Khan,OU Ranasinghe,2,0,,,,,,,,,
1138203,2017/18,2018-03-30,Nondescripts Cricket Club Ground,1,5.4,Pakistan,Sri Lanka,Bismah Maroof,Nahida Khan,OU Ranasinghe,0,0,,,,,,,,,
1138203,2017/18,2018-03-30,Nondescripts Cricket Club Ground,1,5.5,Pakistan,Sri Lanka,Bismah Maroof,Nahida Khan,OU Ranasinghe,0,0,,,,,,,,,
1138203,2017/18,2018-03-30,Nondescripts Cricket Club Ground,1,5.6,Pakistan,Sri Lanka,Bismah Maroof,Nahida Khan,OU Ranasinghe,2,0,,,,,,,,,
1138203,2017/18,2018-03-30,Nondescripts Cricket Club Ground,1,6.1,Pakistan,Sri Lanka,Nahida Khan,Bismah Maroof,BMSM Kumari,0,0,,,,,,,,,
1138203,2017/18,2018-03-30,Nondescripts Cricket Club Ground,1,6.2,Pakistan,Sri Lanka,Nahida Khan,Bismah Maroof,BMSM Kumari,0,0,,,,,,,,,
1138203,2017/18,2018-03-30,Nondescripts Cricket Club Ground,1,6.3,Pakistan,Sri Lanka,Nahida Khan,Bismah Maroof,BMSM Kumari,1,0,,,,,,,,,
1138203,2017/18,2018-03-30,Nondescripts Cricket Club Ground,1,6.4,Pakistan,Sri Lanka,Bismah Maroof,Nahida Khan,BMSM Kumari,3,0,,,,,,,,,
1138203,2017/18,2018-03-30,Nondescripts Cricket Club Ground,1,6.5,Pakistan,Sri Lanka,Nahida Khan,Bismah Maroof,BMSM Kumari,0,1,,,,1,,,,,
1138203,2017/18,2018-03-30,Nondescripts Cricket Club Ground,1,6.6,Pakistan,Sri Lanka,Bismah Maroof,Nahida Khan,BMSM Kumari,1,0,,,,,,,,,
1138203,2017/18,2018-03-30,Nondescripts Cricket Club Ground,1,7.1,Pakistan,Sri Lanka,Bismah Maroof,Nahida Khan,HASD Siriwardene,1,0,,,,,,,,,
1138203,2017/18,2018-03-30,Nondescripts Cricket Club Ground,1,7.2,Pakistan,Sri Lanka,Nahida Khan,Bismah Maroof,HASD Siriwardene,0,0,,,,,,caught and bowled,Nahida Khan,,
1138203,2017/18,2018-03-30,Nondescripts Cricket Club Ground,1,7.3,Pakistan,Sri Lanka,Bismah Maroof,Javeria Khan,HASD Siriwardene,2,0,,,,,,,,,
1138203,2017/18,2018-03-30,Nondescripts Cricket Club Ground,1,7.4,Pakistan,Sri Lanka,Bismah Maroof,Javeria Khan,HASD Siriwardene,0,0,,,,,,caught,Bismah Maroof,,
1138203,2017/18,2018-03-30,Nondescripts Cricket Club Ground,1,7.5,Pakistan,Sri Lanka,Nida Dar,Javeria Khan,HASD Siriwardene,1,0,,,,,,,,,
1138203,2017/18,2018-03-30,Nondescripts Cricket Club Ground,1,7.6,Pakistan,Sri Lanka,Javeria Khan,Nida Dar,HASD Siriwardene,1,0,,,,,,,,,
1138203,2017/18,2018-03-30,Nondescripts Cricket Club Ground,1,8.1,Pakistan,Sri Lanka,Javeria Khan,Nida Dar,KADA Kanchana,0,0,,,,,,,,,
1138203,2017/18,2018-03-30,Nondescripts Cricket Club Ground,1,8.2,Pakistan,Sri Lanka,Javeria Khan,Nida Dar,KADA Kanchana,1,0,,,,,,,,,
1138203,2017/18,2018-03-30,Nondescripts Cricket Club Ground,1,8.3,Pakistan,Sri Lanka,Nida Dar,Javeria Khan,KADA Kanchana,1,0,,,,,,,,,
1138203,2017/18,2018-03-30,Nondescripts Cricket Club Ground,1,8.4,Pakistan,Sri Lanka,Javeria Khan,Nida Dar,KADA Kanchana,0,1,1,,,,,,,,
1138203,2017/18,2018-03-30,Nondescripts Cricket Club Ground,1,8.5,Pakistan,Sri Lanka,Javeria Khan,Nida Dar,KADA Kanchana,1,0,,,,,,,,,
1138203,2017/18,2018-03-30,Nondescripts Cricket Club Ground,1,8.6,Pakistan,Sri Lanka,Nida Dar,Javeria Khan,KADA Kanchana,0,0,,,,,,,,,
1138203,2017/18,2018-03-30,Nondescripts Cricket Club Ground,1,8.7,Pakistan,Sri Lanka,Nida Dar,Javeria Khan,KADA Kanchana,1,0,,,,,,,,,
1138203,2017/18,2018-03-30,Nondescripts Cricket Club Ground,1,9.1,Pakistan,Sri Lanka,Nida Dar,Javeria Khan,HASD Siriwardene,1,0,,,,,,,,,
1138203,2017/18,2018-03-30,Nondescripts Cricket Club Ground,1,9.2,Pakistan,Sri Lanka,Javeria Khan,Nida Dar,HASD Siriwardene,0,0,,,,,,lbw,Javeria Khan,,
1138203,2017/18,2018-03-30,Nondescripts Cricket Club Ground,1,9.3,Pakistan,Sri Lanka,Kainat Imtiaz,Nida Dar,HASD Siriwardene,0,0,,,,,,,,,
1138203,2017/18,2018-03-30,Nondescripts Cricket Club Ground,1,9.4,Pakistan,Sri Lanka,Kainat Imtiaz,Nida Dar,HASD Siriwardene,0,0,,,,,,run out,Nida Dar,,
1138203,2017/18,2018-03-30,Nondescripts Cricket Club Ground,1,9.5,Pakistan,Sri Lanka,Sana Mir,Kainat Imtiaz,HASD Siriwardene,1,0,,,,,,,,,
1138203,2017/18,2018-03-30,Nondescripts Cricket Club Ground,1,9.6,Pakistan,Sri Lanka,Kainat Imtiaz,Sana Mir,HASD Siriwardene,0,0,,,,,,,,,
1138203,2017/18,2018-03-30,Nondescripts Cricket Club Ground,1,10.1,Pakistan,Sri Lanka,Sana Mir,Kainat Imtiaz,OU Ranasinghe,1,0,,,,,,,,,
1138203,2017/18,2018-03-30,Nondescripts Cricket Club Ground,1,10.2,Pakistan,Sri Lanka,Kainat Imtiaz,Sana Mir,OU Ranasinghe,0,0,,,,,,,,,
1138203,2017/18,2018-03-30,Nondescripts Cricket Club Ground,1,10.3,Pakistan,Sri Lanka,Kainat Imtiaz,Sana Mir,OU Ranasinghe,0,1,1,,,,,,,,
1138203,2017/18,2018-03-30,Nondescripts Cricket Club Ground,1,10.4,Pakistan,Sri Lanka,Kainat Imtiaz,Sana Mir,OU Ranasinghe,0,0,,,,,,,,,
1138203,2017/18,2018-03-30,Nondescripts Cricket Club Ground,1,10.5,Pakistan,Sri Lanka,Kainat Imtiaz,Sana Mir,OU Ranasinghe,1,0,,,,,,,,,
1138203,2017/18,2018-03-30,Nondescripts Cricket Club Ground,1,10.6,Pakistan,Sri Lanka,Sana Mir,Kainat Imtiaz,OU Ranasinghe,1,0,,,,,,,,,
1138203,2017/18,2018-03-30,Nondescripts Cricket Club Ground,1,10.7,Pakistan,Sri Lanka,Kainat Imtiaz,Sana Mir,OU Ranasinghe,0,0,,,,,,,,,
1138203,2017/18,2018-03-30,Nondescripts Cricket Club Ground,1,11.1,Pakistan,Sri Lanka,Sana Mir,Kainat Imtiaz,HASD Siriwardene,0,0,,,,,,,,,
1138203,2017/18,2018-03-30,Nondescripts Cricket Club Ground,1,11.2,Pakistan,Sri Lanka,Sana Mir,Kainat Imtiaz,HASD Siriwardene,0,0,,,,,,,,,
1138203,2017/18,2018-03-30,Nondescripts Cricket Club Ground,1,11.3,Pakistan,Sri Lanka,Sana Mir,Kainat Imtiaz,HASD Siriwardene,1,0,,,,,,,,,
1138203,2017/18,2018-03-30,Nondescripts Cricket Club Ground,1,11.4,Pakistan,Sri Lanka,Kainat Imtiaz,Sana Mir,HASD Siriwardene,0,0,,,,,,,,,
1138203,2017/18,2018-03-30,Nondescripts Cricket Club Ground,1,11.5,Pakistan,Sri Lanka,Kainat Imtiaz,Sana Mir,HASD Siriwardene,0,0,,,,,,,,,
1138203,2017/18,2018-03-30,Nondescripts Cricket Club Ground,1,11.6,Pakistan,Sri Lanka,Kainat Imtiaz,Sana Mir,HASD Siriwardene,0,0,,,,,,,,,
1138203,2017/18,2018-03-30,Nondescripts Cricket Club Ground,1,12.1,Pakistan,Sri Lanka,Sana Mir,Kainat Imtiaz,AC Jayangani,1,0,,,,,,,,,
1138203,2017/18,2018-03-30,Nondescripts Cricket Club Ground,1,12.2,Pakistan,Sri Lanka,Kainat Imtiaz,Sana Mir,AC Jayangani,0,0,,,,,,,,,
1138203,2017/18,2018-03-30,Nondescripts Cricket Club Ground,1,12.3,Pakistan,Sri Lanka,Kainat Imtiaz,Sana Mir,AC Jayangani,0,0,,,,,,,,,
1138203,2017/18,2018-03-30,Nondescripts Cricket Club Ground,1,12.4,Pakistan,Sri Lanka,Kainat Imtiaz,Sana Mir,AC Jayangani,0,0,,,,,,,,,
1138203,2017/18,2018-03-30,Nondescripts Cricket Club Ground,1,12.5,Pakistan,Sri Lanka,Kainat Imtiaz,Sana Mir,AC Jayangani,0,0,,,,,,,,,
1138203,2017/18,2018-03-30,Nondescripts Cricket Club Ground,1,12.6,Pakistan,Sri Lanka,Kainat Imtiaz,Sana Mir,AC Jayangani,0,0,,,,,,,,,
1138203,2017/18,2018-03-30,Nondescripts Cricket Club Ground,1,13.1,Pakistan,Sri Lanka,Sana Mir,Kainat Imtiaz,OU Ranasinghe,0,0,,,,,,run out,Kainat Imtiaz,,
1138203,2017/18,2018-03-30,Nondescripts Cricket Club Ground,1,13.2,Pakistan,Sri Lanka,Sana Mir,Fareeha Mehmood,OU Ranasinghe,1,0,,,,,,,,,
1138203,2017/18,2018-03-30,Nondescripts Cricket Club Ground,1,13.3,Pakistan,Sri Lanka,Fareeha Mehmood,Sana Mir,OU Ranasinghe,0,0,,,,,,,,,
1138203,2017/18,2018-03-30,Nondescripts Cricket Club Ground,1,13.4,Pakistan,Sri Lanka,Fareeha Mehmood,Sana Mir,OU Ranasinghe,1,0,,,,,,,,,
1138203,2017/18,2018-03-30,Nondescripts Cricket Club Ground,1,13.5,Pakistan,Sri Lanka,Sana Mir,Fareeha Mehmood,OU Ranasinghe,0,0,,,,,,,,,
1138203,2017/18,2018-03-30,Nondescripts Cricket Club Ground,1,13.6,Pakistan,Sri Lanka,Sana Mir,Fareeha Mehmood,OU Ranasinghe,1,0,,,,,,,,,
1138203,2017/18,2018-03-30,Nondescripts Cricket Club Ground,1,14.1,Pakistan,Sri Lanka,Sana Mir,Fareeha Mehmood,KADA Kanchana,1,0,,,,,,,,,
1138203,2017/18,2018-03-30,Nondescripts Cricket Club Ground,1,14.2,Pakistan,Sri Lanka,Fareeha Mehmood,Sana Mir,KADA Kanchana,0,0,,,,,,,,,
1138203,2017/18,2018-03-30,Nondescripts Cricket Club Ground,1,14.3,Pakistan,Sri Lanka,Fareeha Mehmood,Sana Mir,KADA Kanchana,0,0,,,,,,,,,
1138203,2017/18,2018-03-30,Nondescripts Cricket Club Ground,1,14.4,Pakistan,Sri Lanka,Fareeha Mehmood,Sana Mir,KADA Kanchana,1,0,,,,,,,,,
1138203,2017/18,2018-03-30,Nondescripts Cricket Club Ground,1,14.5,Pakistan,Sri Lanka,Sana Mir,Fareeha Mehmood,KADA Kanchana,1,0,,,,,,,,,
1138203,2017/18,2018-03-30,Nondescripts Cricket Club Ground,1,14.6,Pakistan,Sri Lanka,Fareeha Mehmood,Sana Mir,KADA Kanchana,1,0,,,,,,,,,
1138203,2017/18,2018-03-30,Nondescripts Cricket Club Ground,1,15.1,Pakistan,Sri Lanka,Fareeha Mehmood,Sana Mir,BMSM Kumari,1,0,,,,,,,,,
1138203,2017/18,2018-03-30,Nondescripts Cricket Club Ground,1,15.2,Pakistan,Sri Lanka,Sana Mir,Fareeha Mehmood,BMSM Kumari,0,0,,,,,,,,,
1138203,2017/18,2018-03-30,Nondescripts Cricket Club Ground,1,15.3,Pakistan,Sri Lanka,Sana Mir,Fareeha Mehmood,BMSM Kumari,1,0,,,,,,,,,
1138203,2017/18,2018-03-30,Nondescripts Cricket Club Ground,1,15.4,Pakistan,Sri Lanka,Fareeha Mehmood,Sana Mir,BMSM Kumari,0,0,,,,,,,,,
1138203,2017/18,2018-03-30,Nondescripts Cricket Club Ground,1,15.5,Pakistan,Sri Lanka,Fareeha Mehmood,Sana Mir,BMSM Kumari,0,0,,,,,,,,,
1138203,2017/18,2018-03-30,Nondescripts Cricket Club Ground,1,15.6,Pakistan,Sri Lanka,Fareeha Mehmood,Sana Mir,BMSM Kumari,1,0,,,,,,,,,
1138203,2017/18,2018-03-30,Nondescripts Cricket Club Ground,1,16.1,Pakistan,Sri Lanka,Fareeha Mehmood,Sana Mir,KDU Prabodhani,0,1,,,,1,,,,,
1138203,2017/18,2018-03-30,Nondescripts Cricket Club Ground,1,16.2,Pakistan,Sri Lanka,Sana Mir,Fareeha Mehmood,KDU Prabodhani,1,0,,,,,,,,,
1138203,2017/18,2018-03-30,Nondescripts Cricket Club Ground,1,16.3,Pakistan,Sri Lanka,Fareeha Mehmood,Sana Mir,KDU Prabodhani,0,0,,,,,,bowled,Fareeha Mehmood,,
1138203,2017/18,2018-03-30,Nondescripts Cricket Club Ground,1,16.4,Pakistan,Sri Lanka,Diana Baig,Sana Mir,KDU Prabodhani,0,1,,1,,,,,,,
1138203,2017/18,2018-03-30,Nondescripts Cricket Club Ground,1,16.5,Pakistan,Sri Lanka,Diana Baig,Sana Mir,KDU Prabodhani,1,0,,,,,,,,,
1138203,2017/18,2018-03-30,Nondescripts Cricket Club Ground,1,16.6,Pakistan,Sri Lanka,Sana Mir,Diana Baig,KDU Prabodhani,0,0,,,,,,,,,
1138203,2017/18,2018-03-30,Nondescripts Cricket Club Ground,1,16.7,Pakistan,Sri Lanka,Sana Mir,Diana Baig,KDU Prabodhani,1,0,,,,,,,,,
1138203,2017/18,2018-03-30,Nondescripts Cricket Club Ground,1,17.1,Pakistan,Sri Lanka,Sana Mir,Diana Baig,BMSM Kumari,1,0,,,,,,,,,
1138203,2017/18,2018-03-30,Nondescripts Cricket Club Ground,1,17.2,Pakistan,Sri Lanka,Diana Baig,Sana Mir,BMSM Kumari,1,0,,,,,,,,,
1138203,2017/18,2018-03-30,Nondescripts Cricket Club Ground,1,17.3,Pakistan,Sri Lanka,Sana Mir,Diana Baig,BMSM Kumari,0,0,,,,,,caught,Sana Mir,,
1138203,2017/18,2018-03-30,Nondescripts Cricket Club Ground,1,17.4,Pakistan,Sri Lanka,Nashra Sandhu,Diana Baig,BMSM Kumari,0,0,,,,,,bowled,Nashra Sandhu,,
1138203,2017/18,2018-03-30,Nondescripts Cricket Club Ground,1,17.5,Pakistan,Sri Lanka,Ghulam Fatima,Diana Baig,BMSM Kumari,0,0,,,,,,,,,
1138203,2017/18,2018-03-30,Nondescripts Cricket Club Ground,1,17.6,Pakistan,Sri Lanka,Ghulam Fatima,Diana Baig,BMSM Kumari,0,0,,,,,,,,,
1138203,2017/18,2018-03-30,Nondescripts Cricket Club Ground,1,18.1,Pakistan,Sri Lanka,Diana Baig,Ghulam Fatima,HASD Siriwardene,0,0,,,,,,,,,
1138203,2017/18,2018-03-30,Nondescripts Cricket Club Ground,1,18.2,Pakistan,Sri Lanka,Diana Baig,Ghulam Fatima,HASD Siriwardene,1,0,,,,,,,,,
1138203,2017/18,2018-03-30,Nondescripts Cricket Club Ground,1,18.3,Pakistan,Sri Lanka,Ghulam Fatima,Diana Baig,HASD Siriwardene,0,0,,,,,,,,,
1138203,2017/18,2018-03-30,Nondescripts Cricket Club Ground,1,18.4,Pakistan,Sri Lanka,Ghulam Fatima,Diana Baig,HASD Siriwardene,0,0,,,,,,bowled,Ghulam Fatima,,
1138203,2017/18,2018-03-30,Nondescripts Cricket Club Ground,2,0.1,Sri Lanka,Pakistan,MAA Sanjeewani,AC Jayangani,Sana Mir,3,0,,,,,,,,,
1138203,2017/18,2018-03-30,Nondescripts Cricket Club Ground,2,0.2,Sri Lanka,Pakistan,AC Jayangani,MAA Sanjeewani,Sana Mir,4,0,,,,,,,,,
1138203,2017/18,2018-03-30,Nondescripts Cricket Club Ground,2,0.3,Sri Lanka,Pakistan,AC Jayangani,MAA Sanjeewani,Sana Mir,0,0,,,,,,,,,
1138203,2017/18,2018-03-30,Nondescripts Cricket Club Ground,2,0.4,Sri Lanka,Pakistan,AC Jayangani,MAA Sanjeewani,Sana Mir,4,0,,,,,,,,,
1138203,2017/18,2018-03-30,Nondescripts Cricket Club Ground,2,0.5,Sri Lanka,Pakistan,AC Jayangani,MAA Sanjeewani,Sana Mir,1,0,,,,,,,,,
1138203,2017/18,2018-03-30,Nondescripts Cricket Club Ground,2,0.6,Sri Lanka,Pakistan,MAA Sanjeewani,AC Jayangani,Sana Mir,0,0,,,,,,,,,
1138203,2017/18,2018-03-30,Nondescripts Cricket Club Ground,2,1.1,Sri Lanka,Pakistan,AC Jayangani,MAA Sanjeewani,Nashra Sandhu,4,0,,,,,,,,,
1138203,2017/18,2018-03-30,Nondescripts Cricket Club Ground,2,1.2,Sri Lanka,Pakistan,AC Jayangani,MAA Sanjeewani,Nashra Sandhu,0,0,,,,,,caught,AC Jayangani,,
1138203,2017/18,2018-03-30,Nondescripts Cricket Club Ground,2,1.3,Sri Lanka,Pakistan,MAA Sanjeewani,HIS Mendis,Nashra Sandhu,0,0,,,,,,,,,
1138203,2017/18,2018-03-30,Nondescripts Cricket Club Ground,2,1.4,Sri Lanka,Pakistan,MAA Sanjeewani,HIS Mendis,Nashra Sandhu,0,0,,,,,,,,,
1138203,2017/18,2018-03-30,Nondescripts Cricket Club Ground,2,1.5,Sri Lanka,Pakistan,MAA Sanjeewani,HIS Mendis,Nashra Sandhu,1,0,,,,,,,,,
1138203,2017/18,2018-03-30,Nondescripts Cricket Club Ground,2,1.6,Sri Lanka,Pakistan,HIS Mendis,MAA Sanjeewani,Nashra Sandhu,1,0,,,,,,,,,
1138203,2017/18,2018-03-30,Nondescripts Cricket Club Ground,2,2.1,Sri Lanka,Pakistan,HIS Mendis,MAA Sanjeewani,Diana Baig,2,0,,,,,,,,,
1138203,2017/18,2018-03-30,Nondescripts Cricket Club Ground,2,2.2,Sri Lanka,Pakistan,HIS Mendis,MAA Sanjeewani,Diana Baig,0,0,,,,,,,,,
1138203,2017/18,2018-03-30,Nondescripts Cricket Club Ground,2,2.3,Sri Lanka,Pakistan,HIS Mendis,MAA Sanjeewani,Diana Baig,0,0,,,,,,,,,
1138203,2017/18,2018-03-30,Nondescripts Cricket Club Ground,2,2.4,Sri Lanka,Pakistan,HIS Mendis,MAA Sanjeewani,Diana Baig,0,0,,,,,,,,,
1138203,2017/18,2018-03-30,Nondescripts Cricket Club Ground,2,2.5,Sri Lanka,Pakistan,HIS Mendis,MAA Sanjeewani,Diana Baig,0,0,,,,,,,,,
1138203,2017/18,2018-03-30,Nondescripts Cricket Club Ground,2,2.6,Sri Lanka,Pakistan,HIS Mendis,MAA Sanjeewani,Diana Baig,1,0,,,,,,,,,
1138203,2017/18,2018-03-30,Nondescripts Cricket Club Ground,2,3.1,Sri Lanka,Pakistan,HIS Mendis,MAA Sanjeewani,Nashra Sandhu,0,0,,,,,,,,,
1138203,2017/18,2018-03-30,Nondescripts Cricket Club Ground,2,3.2,Sri Lanka,Pakistan,HIS Mendis,MAA Sanjeewani,Nashra Sandhu,1,0,,,,,,,,,
1138203,2017/18,2018-03-30,Nondescripts Cricket Club Ground,2,3.3,Sri Lanka,Pakistan,MAA Sanjeewani,HIS Mendis,Nashra Sandhu,0,0,,,,,,,,,
1138203,2017/18,2018-03-30,Nondescripts Cricket Club Ground,2,3.4,Sri Lanka,Pakistan,MAA Sanjeewani,HIS Mendis,Nashra Sandhu,1,0,,,,,,,,,
1138203,2017/18,2018-03-30,Nondescripts Cricket Club Ground,2,3.5,Sri Lanka,Pakistan,HIS Mendis,MAA Sanjeewani,Nashra Sandhu,1,0,,,,,,,,,
1138203,2017/18,2018-03-30,Nondescripts Cricket Club Ground,2,3.6,Sri Lanka,Pakistan,MAA Sanjeewani,HIS Mendis,Nashra Sandhu,0,0,,,,,,,,,
1138203,2017/18,2018-03-30,Nondescripts Cricket Club Ground,2,4.1,Sri Lanka,Pakistan,HIS Mendis,MAA Sanjeewani,Diana Baig,1,0,,,,,,,,,
1138203,2017/18,2018-03-30,Nondescripts Cricket Club Ground,2,4.2,Sri Lanka,Pakistan,MAA Sanjeewani,HIS Mendis,Diana Baig,0,0,,,,,,,,,
1138203,2017/18,2018-03-30,Nondescripts Cricket Club Ground,2,4.3,Sri Lanka,Pakistan,MAA Sanjeewani,HIS Mendis,Diana Baig,1,0,,,,,,,,,
1138203,2017/18,2018-03-30,Nondescripts Cricket Club Ground,2,4.4,Sri Lanka,Pakistan,HIS Mendis,MAA Sanjeewani,Diana Baig,1,0,,,,,,,,,
1138203,2017/18,2018-03-30,Nondescripts Cricket Club Ground,2,4.5,Sri Lanka,Pakistan,MAA Sanjeewani,HIS Mendis,Diana Baig,1,0,,,,,,,,,
1138203,2017/18,2018-03-30,Nondescripts Cricket Club Ground,2,4.6,Sri Lanka,Pakistan,HIS Mendis,MAA Sanjeewani,Diana Baig,1,0,,,,,,,,,
1138203,2017/18,2018-03-30,Nondescripts Cricket Club Ground,2,5.1,Sri Lanka,Pakistan,HIS Mendis,MAA Sanjeewani,Nashra Sandhu,1,0,,,,,,,,,
1138203,2017/18,2018-03-30,Nondescripts Cricket Club Ground,2,5.2,Sri Lanka,Pakistan,MAA Sanjeewani,HIS Mendis,Nashra Sandhu,1,0,,,,,,,,,
1138203,2017/18,2018-03-30,Nondescripts Cricket Club Ground,2,5.3,Sri Lanka,Pakistan,HIS Mendis,MAA Sanjeewani,Nashra Sandhu,1,0,,,,,,,,,
1138203,2017/18,2018-03-30,Nondescripts Cricket Club Ground,2,5.4,Sri Lanka,Pakistan,MAA Sanjeewani,HIS Mendis,Nashra Sandhu,2,0,,,,,,,,,
1138203,2017/18,2018-03-30,Nondescripts Cricket Club Ground,2,5.5,Sri Lanka,Pakistan,MAA Sanjeewani,HIS Mendis,Nashra Sandhu,0,0,,,,,,run out,HIS Mendis,,
1138203,2017/18,2018-03-30,Nondescripts Cricket Club Ground,2,5.6,Sri Lanka,Pakistan,MAA Sanjeewani,RS Vandort,Nashra Sandhu,0,0,,,,,,,,,
1138203,2017/18,2018-03-30,Nondescripts Cricket Club Ground,2,6.1,Sri Lanka,Pakistan,RS Vandort,MAA Sanjeewani,Diana Baig,0,0,,,,,,,,,
1138203,2017/18,2018-03-30,Nondescripts Cricket Club Ground,2,6.2,Sri Lanka,Pakistan,RS Vandort,MAA Sanjeewani,Diana Baig,0,0,,,,,,,,,
1138203,2017/18,2018-03-30,Nondescripts Cricket Club Ground,2,6.3,Sri Lanka,Pakistan,RS Vandort,MAA Sanjeewani,Diana Baig,1,0,,,,,,,,,
1138203,2017/18,2018-03-30,Nondescripts Cricket Club Ground,2,6.4,Sri Lanka,Pakistan,MAA Sanjeewani,RS Vandort,Diana Baig,0,0,,,,,,,,,
1138203,2017/18,2018-03-30,Nondescripts Cricket Club Ground,2,6.5,Sri Lanka,Pakistan,MAA Sanjeewani,RS Vandort,Diana Baig,0,0,,,,,,,,,
1138203,2017/18,2018-03-30,Nondescripts Cricket Club Ground,2,6.6,Sri Lanka,Pakistan,MAA Sanjeewani,RS Vandort,Diana Baig,4,0,,,,,,,,,
1138203,2017/18,2018-03-30,Nondescripts Cricket Club Ground,2,7.1,Sri Lanka,Pakistan,RS Vandort,MAA Sanjeewani,Sana Mir,4,0,,,,,,,,,
1138203,2017/18,2018-03-30,Nondescripts Cricket Club Ground,2,7.2,Sri Lanka,Pakistan,RS Vandort,MAA Sanjeewani,Sana Mir,0,1,1,,,,,,,,
1138203,2017/18,2018-03-30,Nondescripts Cricket Club Ground,2,7.3,Sri Lanka,Pakistan,RS Vandort,MAA Sanjeewani,Sana Mir,0,0,,,,,,,,,
1138203,2017/18,2018-03-30,Nondescripts Cricket Club Ground,2,7.4,Sri Lanka,Pakistan,RS Vandort,MAA Sanjeewani,Sana Mir,0,0,,,,,,,,,
1138203,2017/18,2018-03-30,Nondescripts Cricket Club Ground,2,7.5,Sri Lanka,Pakistan,RS Vandort,MAA Sanjeewani,Sana Mir,0,0,,,,,,,,,
1138203,2017/18,2018-03-30,Nondescripts Cricket Club Ground,2,7.6,Sri Lanka,Pakistan,RS Vandort,MAA Sanjeewani,Sana Mir,0,0,,,,,,,,,
1138203,2017/18,2018-03-30,Nondescripts Cricket Club Ground,2,7.7,Sri Lanka,Pakistan,RS Vandort,MAA Sanjeewani,Sana Mir,1,0,,,,,,,,,
1138203,2017/18,2018-03-30,Nondescripts Cricket Club Ground,2,8.1,Sri Lanka,Pakistan,RS Vandort,MAA Sanjeewani,Ghulam Fatima,0,0,,,,,,,,,
1138203,2017/18,2018-03-30,Nondescripts Cricket Club Ground,2,8.2,Sri Lanka,Pakistan,RS Vandort,MAA Sanjeewani,Ghulam Fatima,0,1,1,,,,,,,,
1138203,2017/18,2018-03-30,Nondescripts Cricket Club Ground,2,8.3,Sri Lanka,Pakistan,RS Vandort,MAA Sanjeewani,Ghulam Fatima,0,0,,,,,,,,,
1138203,2017/18,2018-03-30,Nondescripts Cricket Club Ground,2,8.4,Sri Lanka,Pakistan,RS Vandort,MAA Sanjeewani,Ghulam Fatima,0,0,,,,,,,,,
1138203,2017/18,2018-03-30,Nondescripts Cricket Club Ground,2,8.5,Sri Lanka,Pakistan,RS Vandort,MAA Sanjeewani,Ghulam Fatima,0,1,1,,,,,,,,
1138203,2017/18,2018-03-30,Nondescripts Cricket Club Ground,2,8.6,Sri Lanka,Pakistan,RS Vandort,MAA Sanjeewani,Ghulam Fatima,0,0,,,,,,,,,
1138203,2017/18,2018-03-30,Nondescripts Cricket Club Ground,2,8.7,Sri Lanka,Pakistan,RS Vandort,MAA Sanjeewani,Ghulam Fatima,0,0,,,,,,,,,
1138203,2017/18,2018-03-30,Nondescripts Cricket Club Ground,2,8.8,Sri Lanka,Pakistan,RS Vandort,MAA Sanjeewani,Ghulam Fatima,0,0,,,,,,,,,
1138203,2017/18,2018-03-30,Nondescripts Cricket Club Ground,2,9.1,Sri Lanka,Pakistan,MAA Sanjeewani,RS Vandort,Sana Mir,1,0,,,,,,,,,
1138203,2017/18,2018-03-30,Nondescripts Cricket Club Ground,2,9.2,Sri Lanka,Pakistan,RS Vandort,MAA Sanjeewani,Sana Mir,2,0,,,,,,,,,
1138203,2017/18,2018-03-30,Nondescripts Cricket Club Ground,2,9.3,Sri Lanka,Pakistan,RS Vandort,MAA Sanjeewani,Sana Mir,1,0,,,,,,,,,
1138203,2017/18,2018-03-30,Nondescripts Cricket Club Ground,2,9.4,Sri Lanka,Pakistan,MAA Sanjeewani,RS Vandort,Sana Mir,0,0,,,,,,,,,
1138203,2017/18,2018-03-30,Nondescripts Cricket Club Ground,2,9.5,Sri Lanka,Pakistan,MAA Sanjeewani,RS Vandort,Sana Mir,1,0,,,,,,,,,
1138203,2017/18,2018-03-30,Nondescripts Cricket Club Ground,2,9.6,Sri Lanka,Pakistan,RS Vandort,MAA Sanjeewani,Sana Mir,1,0,,,,,,,,,
1138203,2017/18,2018-03-30,Nondescripts Cricket Club Ground,2,10.1,Sri Lanka,Pakistan,RS Vandort,MAA Sanjeewani,Ghulam Fatima,0,0,,,,,,,,,
1138203,2017/18,2018-03-30,Nondescripts Cricket Club Ground,2,10.2,Sri Lanka,Pakistan,RS Vandort,MAA Sanjeewani,Ghulam Fatima,0,0,,,,,,,,,
1138203,2017/18,2018-03-30,Nondescripts Cricket Club Ground,2,10.3,Sri Lanka,Pakistan,RS Vandort,MAA Sanjeewani,Ghulam Fatima,4,0,,,,,,,,,
1138203,2017/18,2018-03-30,Nondescripts Cricket Club Ground,2,10.4,Sri Lanka,Pakistan,RS Vandort,MAA Sanjeewani,Ghulam Fatima,2,0,,,,,,,,,
1138203,2017/18,2018-03-30,Nondescripts Cricket Club Ground,2,10.5,Sri Lanka,Pakistan,RS Vandort,MAA Sanjeewani,Ghulam Fatima,1,0,,,,,,,,,
1138203,2017/18,2018-03-30,Nondescripts Cricket Club Ground,2,10.6,Sri Lanka,Pakistan,MAA Sanjeewani,RS Vandort,Ghulam Fatima,1,0,,,,,,,,,
1138203,2017/18,2018-03-30,Nondescripts Cricket Club Ground,2,11.1,Sri Lanka,Pakistan,MAA Sanjeewani,RS Vandort,Nida Dar,0,0,,,,,,,,,
1138203,2017/18,2018-03-30,Nondescripts Cricket Club Ground,2,11.2,Sri Lanka,Pakistan,MAA Sanjeewani,RS Vandort,Nida Dar,2,0,,,,,,,,,
1138203,2017/18,2018-03-30,Nondescripts Cricket Club Ground,2,11.3,Sri Lanka,Pakistan,MAA Sanjeewani,RS Vandort,Nida Dar,0,0,,,,,,,,,
1138203,2017/18,2018-03-30,Nondescripts Cricket Club Ground,2,11.4,Sri Lanka,Pakistan,MAA Sanjeewani,RS Vandort,Nida Dar,1,0,,,,,,,,,
1138203,2017/18,2018-03-30,Nondescripts Cricket Club Ground,2,11.5,Sri Lanka,Pakistan,RS Vandort,MAA Sanjeewani,Nida Dar,1,0,,,,,,,,,
1138203,2017/18,2018-03-30,Nondescripts Cricket Club Ground,2,11.6,Sri Lanka,Pakistan,MAA Sanjeewani,RS Vandort,Nida Dar,0,0,,,,,,caught and bowled,MAA Sanjeewani,,
1138203,2017/18,2018-03-30,Nondescripts Cricket Club Ground,2,12.1,Sri Lanka,Pakistan,RS Vandort,HASD Siriwardene,Ghulam Fatima,0,0,,,,,,,,,
1138203,2017/18,2018-03-30,Nondescripts Cricket Club Ground,2,12.2,Sri Lanka,Pakistan,RS Vandort,HASD Siriwardene,Ghulam Fatima,1,0,,,,,,,,,
1138203,2017/18,2018-03-30,Nondescripts Cricket Club Ground,2,12.3,Sri Lanka,Pakistan,HASD Siriwardene,RS Vandort,Ghulam Fatima,0,0,,,,,,,,,
1138203,2017/18,2018-03-30,Nondescripts Cricket Club Ground,2,12.4,Sri Lanka,Pakistan,HASD Siriwardene,RS Vandort,Ghulam Fatima,0,0,,,,,,,,,
1138203,2017/18,2018-03-30,Nondescripts Cricket Club Ground,2,12.5,Sri Lanka,Pakistan,HASD Siriwardene,RS Vandort,Ghulam Fatima,1,0,,,,,,,,,
1138203,2017/18,2018-03-30,Nondescripts Cricket Club Ground,2,12.6,Sri Lanka,Pakistan,RS Vandort,HASD Siriwardene,Ghulam Fatima,0,0,,,,,,,,,
1138203,2017/18,2018-03-30,Nondescripts Cricket Club Ground,2,13.1,Sri Lanka,Pakistan,HASD Siriwardene,RS Vandort,Nida Dar,0,0,,,,,,,,,
1138203,2017/18,2018-03-30,Nondescripts Cricket Club Ground,2,13.2,Sri Lanka,Pakistan,HASD Siriwardene,RS Vandort,Nida Dar,0,0,,,,,,,,,
1138203,2017/18,2018-03-30,Nondescripts Cricket Club Ground,2,13.3,Sri Lanka,Pakistan,HASD Siriwardene,RS Vandort,Nida Dar,0,0,,,,,,,,,
1138203,2017/18,2018-03-30,Nondescripts Cricket Club Ground,2,13.4,Sri Lanka,Pakistan,HASD Siriwardene,RS Vandort,Nida Dar,1,0,,,,,,,,,
1138203,2017/18,2018-03-30,Nondescripts Cricket Club Ground,2,13.5,Sri Lanka,Pakistan,RS Vandort,HASD Siriwardene,Nida Dar,0,0,,,,,,,,,
1138203,2017/18,2018-03-30,Nondescripts Cricket Club Ground,2,13.6,Sri Lanka,Pakistan,RS Vandort,HASD Siriwardene,Nida Dar,0,0,,,,,,,,,
1138203,2017/18,2018-03-30,Nondescripts Cricket Club Ground,2,14.1,Sri Lanka,Pakistan,HASD Siriwardene,RS Vandort,Ghulam Fatima,0,0,,,,,,,,,
1138203,2017/18,2018-03-30,Nondescripts Cricket Club Ground,2,14.2,Sri Lanka,Pakistan,HASD Siriwardene,RS Vandort,Ghulam Fatima,4,0,,,,,,,,,
1138203,2017/18,2018-03-30,Nondescripts Cricket Club Ground,2,14.3,Sri Lanka,Pakistan,HASD Siriwardene,RS Vandort,Ghulam Fatima,0,1,1,,,,,,,,
