match_id,season,start_date,venue,innings,ball,batting_team,bowling_team,striker,non_striker,bowler,runs_off_bat,extras,wides,noballs,byes,legbyes,penalty,wicket_type,player_dismissed,other_wicket_type,other_player_dismissed
1140070,2018,2018-04-02,National Stadium,1,0.1,Pakistan,West Indies,Fakhar Zaman,Babar Azam,KMA Paul,0,0,,,,,,,,,
1140070,2018,2018-04-02,National Stadium,1,0.2,Pakistan,West Indies,Fakhar Zaman,Babar Azam,KMA Paul,0,0,,,,,,,,,
1140070,2018,2018-04-02,National Stadium,1,0.3,Pakistan,West Indies,Fakhar Zaman,Babar Azam,KMA Paul,4,0,,,,,,,,,
1140070,2018,2018-04-02,National Stadium,1,0.4,Pakistan,West Indies,Fakhar Zaman,Babar Azam,KMA Paul,1,0,,,,,,,,,
1140070,2018,2018-04-02,National Stadium,1,0.5,Pakistan,West Indies,Babar Azam,Fakhar Zaman,KMA Paul,0,0,,,,,,,,,
1140070,2018,2018-04-02,National Stadium,1,0.6,Pakistan,West Indies,Babar Azam,Fakhar Zaman,KMA Paul,2,0,,,,,,,,,
1140070,2018,2018-04-02,National Stadium,1,1.1,Pakistan,West Indies,Fakhar Zaman,Babar Azam,RR Emrit,1,0,,,,,,,,,
1140070,2018,2018-04-02,National Stadium,1,1.2,Pakistan,West Indies,Babar Azam,Fakhar Zaman,RR Emrit,2,0,,,,,,,,,
1140070,2018,2018-04-02,National Stadium,1,1.3,Pakistan,West Indies,Babar Azam,Fakhar Zaman,RR Emrit,1,0,,,,,,,,,
1140070,2018,2018-04-02,National Stadium,1,1.4,Pakistan,West Indies,Fakhar Zaman,Babar Azam,RR Emrit,0,0,,,,,,caught,Fakhar Zaman,,
1140070,2018,2018-04-02,National Stadium,1,1.5,Pakistan,West Indies,Hussain Talat,Babar Azam,RR Emrit,0,0,,,,,,,,,
1140070,2018,2018-04-02,National Stadium,1,1.6,Pakistan,West Indies,Hussain Talat,Babar Azam,RR Emrit,0,0,,,,,,,,,
1140070,2018,2018-04-02,National Stadium,1,2.1,Pakistan,West Indies,Babar Azam,Hussain Talat,S Badree,0,0,,,,,,,,,
1140070,2018,2018-04-02,National Stadium,1,2.2,Pakistan,West Indies,Babar Azam,Hussain Talat,S Badree,1,0,,,,,,,,,
1140070,2018,2018-04-02,National Stadium,1,2.3,Pakistan,West Indies,Hussain Talat,Babar Azam,S Badree,2,0,,,,,,,,,
1140070,2018,2018-04-02,National Stadium,1,2.4,Pakistan,West Indies,Hussain Talat,Babar Azam,S Badree,2,0,,,,,,,,,
1140070,2018,2018-04-02,National Stadium,1,2.5,Pakistan,West Indies,Hussain Talat,Babar Azam,S Badree,0,0,,,,,,,,,
1140070,2018,2018-04-02,National Stadium,1,2.6,Pakistan,West Indies,Hussain Talat,Babar Azam,S Badree,0,0,,,,,,,,,
1140070,2018,2018-04-02,National Stadium,1,3.1,Pakistan,West Indies,Babar Azam,Hussain Talat,RR Emrit,4,0,,,,,,,,,
1140070,2018,2018-04-02,National Stadium,1,3.2,Pakistan,West Indies,Babar Azam,Hussain Talat,RR Emrit,0,0,,,,,,,,,
1140070,2018,2018-04-02,National Stadium,1,3.3,Pakistan,West Indies,Babar Azam,Hussain Talat,RR Emrit,4,0,,,,,,,,,
1140070,2018,2018-04-02,National Stadium,1,3.4,Pakistan,West Indies,Babar Azam,Hussain Talat,RR Emrit,4,0,,,,,,,,,
1140070,2018,2018-04-02,National Stadium,1,3.5,Pakistan,West Indies,Babar Azam,Hussain Talat,RR Emrit,1,0,,,,,,,,,
1140070,2018,2018-04-02,National Stadium,1,3.6,Pakistan,West Indies,Hussain Talat,Babar Azam,RR Emrit,1,0,,,,,,,,,
1140070,2018,2018-04-02,National Stadium,1,4.1,Pakistan,West Indies,Hussain Talat,Babar Azam,S Badree,0,0,,,,,,,,,
1140070,2018,2018-04-02,National Stadium,1,4.2,Pakistan,West Indies,Hussain Talat,Babar Azam,S Badree,4,0,,,,,,,,,
1140070,2018,2018-04-02,National Stadium,1,4.3,Pakistan,West Indies,Hussain Talat,Babar Azam,S Badree,6,0,,,,,,,,,
1140070,2018,2018-04-02,National Stadium,1,4.4,Pakistan,West Indies,Hussain Talat,Babar Azam,S Badree,0,0,,,,,,,,,
1140070,2018,2018-04-02,National Stadium,1,4.5,Pakistan,West Indies,Hussain Talat,Babar Azam,S Badree,1,0,,,,,,,,,
1140070,2018,2018-04-02,National Stadium,1,4.6,Pakistan,West Indies,Babar Azam,Hussain Talat,S Badree,1,0,,,,,,,,,
1140070,2018,2018-04-02,National Stadium,1,5.1,Pakistan,West Indies,Babar Azam,Hussain Talat,KOK Williams,0,0,,,,,,,,,
1140070,2018,2018-04-02,National Stadium,1,5.2,Pakistan,West Indies,Babar Azam,Hussain Talat,KOK Williams,1,0,,,,,,,,,
1140070,2018,2018-04-02,National Stadium,1,5.3,Pakistan,West Indies,Hussain Talat,Babar Azam,KOK Williams,2,0,,,,,,,,,
1140070,2018,2018-04-02,National Stadium,1,5.4,Pakistan,West Indies,Hussain Talat,Babar Azam,KOK Williams,4,0,,,,,,,,,
1140070,2018,2018-04-02,National Stadium,1,5.5,Pakistan,West Indies,Hussain Talat,Babar Azam,KOK Williams,1,0,,,,,,,,,
1140070,2018,2018-04-02,National Stadium,1,5.6,Pakistan,West Indies,Babar Azam,Hussain Talat,KOK Williams,4,0,,,,,,,,,
1140070,2018,2018-04-02,National Stadium,1,6.1,Pakistan,West Indies,Hussain Talat,Babar Azam,S Badree,2,0,,,,,,,,,
1140070,2018,2018-04-02,National Stadium,1,6.2,Pakistan,West Indies,Hussain Talat,Babar Azam,S Badree,0,0,,,,,,,,,
1140070,2018,2018-04-02,National Stadium,1,6.3,Pakistan,West Indies,Hussain Talat,Babar Azam,S Badree,1,0,,,,,,,,,
1140070,2018,2018-04-02,National Stadium,1,6.4,Pakistan,West Indies,Babar Azam,Hussain Talat,S Badree,1,0,,,,,,,,,
1140070,2018,2018-04-02,National Stadium,1,6.5,Pakistan,West Indies,Hussain Talat,Babar Azam,S Badree,1,0,,,,,,,,,
1140070,2018,2018-04-02,National Stadium,1,6.6,Pakistan,West Indies,Babar Azam,Hussain Talat,S Badree,4,0,,,,,,,,,
1140070,2018,2018-04-02,National Stadium,1,7.1,Pakistan,West Indies,Hussain Talat,Babar Azam,OF Smith,1,0,,,,,,,,,
1140070,2018,2018-04-02,National Stadium,1,7.2,Pakistan,West Indies,Babar Azam,Hussain Talat,OF Smith,1,0,,,,,,,,,
1140070,2018,2018-04-02,National Stadium,1,7.3,Pakistan,West Indies,Hussain Talat,Babar Azam,OF Smith,1,0,,,,,,,,,
1140070,2018,2018-04-02,National Stadium,1,7.4,Pakistan,West Indies,Babar Azam,Hussain Talat,OF Smith,1,0,,,,,,,,,
1140070,2018,2018-04-02,National Stadium,1,7.5,Pakistan,West Indies,Hussain Talat,Babar Azam,OF Smith,1,0,,,,,,,,,
1140070,2018,2018-04-02,National Stadium,1,7.6,Pakistan,West Indies,Babar Azam,Hussain Talat,OF Smith,1,0,,,,,,,,,
1140070,2018,2018-04-02,National Stadium,1,8.1,Pakistan,West Indies,Babar Azam,Hussain Talat,KMA Paul,0,0,,,,,,,,,
1140070,2018,2018-04-02,National Stadium,1,8.2,Pakistan,West Indies,Babar Azam,Hussain Talat,KMA Paul,0,1,1,,,,,,,,
1140070,2018,2018-04-02,National Stadium,1,8.3,Pakistan,West Indies,Babar Azam,Hussain Talat,KMA Paul,1,0,,,,,,,,,
1140070,2018,2018-04-02,National Stadium,1,8.4,Pakistan,West Indies,Hussain Talat,Babar Azam,KMA Paul,0,0,,,,,,,,,
1140070,2018,2018-04-02,National Stadium,1,8.5,Pakistan,West Indies,Hussain Talat,Babar Azam,KMA Paul,0,0,,,,,,,,,
1140070,2018,2018-04-02,National Stadium,1,8.6,Pakistan,West Indies,Hussain Talat,Babar Azam,KMA Paul,0,0,,,,,,,,,
1140070,2018,2018-04-02,National Stadium,1,8.7,Pakistan,West Indies,Hussain Talat,Babar Azam,KMA Paul,4,0,,,,,,,,,
1140070,2018,2018-04-02,National Stadium,1,9.1,Pakistan,West Indies,Babar Azam,Hussain Talat,OF Smith,1,0,,,,,,,,,
1140070,2018,2018-04-02,National Stadium,1,9.2,Pakistan,West Indies,Hussain Talat,Babar Azam,OF Smith,4,0,,,,,,,,,
1140070,2018,2018-04-02,National Stadium,1,9.3,Pakistan,West Indies,Hussain Talat,Babar Azam,OF Smith,1,0,,,,,,,,,
1140070,2018,2018-04-02,National Stadium,1,9.4,Pakistan,West Indies,Babar Azam,Hussain Talat,OF Smith,4,0,,,,,,,,,
1140070,2018,2018-04-02,National Stadium,1,9.5,Pakistan,West Indies,Babar Azam,Hussain Talat,OF Smith,4,0,,,,,,,,,
1140070,2018,2018-04-02,National Stadium,1,9.6,Pakistan,West Indies,Babar Azam,Hussain Talat,OF Smith,1,0,,,,,,,,,
1140070,2018,2018-04-02,National Stadium,1,10.1,Pakistan,West Indies,Babar Azam,Hussain Talat,KOK Williams,1,0,,,,,,,,,
1140070,2018,2018-04-02,National Stadium,1,10.2,Pakistan,West Indies,Hussain Talat,Babar Azam,KOK Williams,1,0,,,,,,,,,
1140070,2018,2018-04-02,National Stadium,1,10.3,Pakistan,West Indies,Babar Azam,Hussain Talat,KOK Williams,4,0,,,,,,,,,
1140070,2018,2018-04-02,National Stadium,1,10.4,Pakistan,West Indies,Babar Azam,Hussain Talat,KOK Williams,0,0,,,,,,,,,
1140070,2018,2018-04-02,National Stadium,1,10.5,Pakistan,West Indies,Babar Azam,Hussain Talat,KOK Williams,1,0,,,,,,,,,
1140070,2018,2018-04-02,National Stadium,1,10.6,Pakistan,West Indies,Hussain Talat,Babar Azam,KOK Williams,4,0,,,,,,,,,
1140070,2018,2018-04-02,National Stadium,1,11.1,Pakistan,West Indies,Babar Azam,Hussain Talat,R Powell,1,0,,,,,,,,,
1140070,2018,2018-04-02,National Stadium,1,11.2,Pakistan,West Indies,Hussain Talat,Babar Azam,R Powell,4,0,,,,,,,,,
1140070,2018,2018-04-02,National Stadium,1,11.3,Pakistan,West Indies,Hussain Talat,Babar Azam,R Powell,2,0,,,,,,,,,
1140070,2018,2018-04-02,National Stadium,1,11.4,Pakistan,West Indies,Hussain Talat,Babar Azam,R Powell,0,0,,,,,,,,,
1140070,2018,2018-04-02,National Stadium,1,11.5,Pakistan,West Indies,Hussain Talat,Babar Azam,R Powell,4,0,,,,,,,,,
1140070,2018,2018-04-02,National Stadium,1,11.6,Pakistan,West Indies,Hussain Talat,Babar Azam,R Powell,2,0,,,,,,,,,
1140070,2018,2018-04-02,National Stadium,1,12.1,Pakistan,West Indies,Babar Azam,Hussain Talat,KMA Paul,4,0,,,,,,,,,
1140070,2018,2018-04-02,National Stadium,1,12.2,Pakistan,West Indies,Babar Azam,Hussain Talat,KMA Paul,1,0,,,,,,,,,
1140070,2018,2018-04-02,National Stadium,1,12.3,Pakistan,West Indies,Hussain Talat,Babar Azam,KMA Paul,1,0,,,,,,,,,
1140070,2018,2018-04-02,National Stadium,1,12.4,Pakistan,West Indies,Babar Azam,Hussain Talat,KMA Paul,2,0,,,,,,,,,
1140070,2018,2018-04-02,National Stadium,1,12.5,Pakistan,West Indies,Babar Azam,Hussain Talat,KMA Paul,0,0,,,,,,,,,
1140070,2018,2018-04-02,National Stadium,1,12.6,Pakistan,West Indies,Babar Azam,Hussain Talat,KMA Paul,0,0,,,,,,,,,
1140070,2018,2018-04-02,National Stadium,1,13.1,Pakistan,West Indies,Hussain Talat,Babar Azam,OF Smith,2,0,,,,,,,,,
1140070,2018,2018-04-02,National Stadium,1,13.2,Pakistan,West Indies,Hussain Talat,Babar Azam,OF Smith,0,0,,,,,,,,,
1140070,2018,2018-04-02,National Stadium,1,13.3,Pakistan,West Indies,Hussain Talat,Babar Azam,OF Smith,0,1,,,,1,,,,,
1140070,2018,2018-04-02,National Stadium,1,13.4,Pakistan,West Indies,Babar Azam,Hussain Talat,OF Smith,1,0,,,,,,,,,
1140070,2018,2018-04-02,National Stadium,1,13.5,Pakistan,West Indies,Hussain Talat,Babar Azam,OF Smith,4,0,,,,,,,,,
1140070,2018,2018-04-02,National Stadium,1,13.6,Pakistan,West Indies,Hussain Talat,Babar Azam,OF Smith,0,0,,,,,,caught,Hussain Talat,,
1140070,2018,2018-04-02,National Stadium,1,14.1,Pakistan,West Indies,Babar Azam,Asif Ali,RR Emrit,4,0,,,,,,,,,
1140070,2018,2018-04-02,National Stadium,1,14.2,Pakistan,West Indies,Babar Azam,Asif Ali,RR Emrit,1,0,,,,,,,,,
1140070,2018,2018-04-02,National Stadium,1,14.3,Pakistan,West Indies,Asif Ali,Babar Azam,RR Emrit,0,0,,,,,,,,,
1140070,2018,2018-04-02,National Stadium,1,14.4,Pakistan,West Indies,Asif Ali,Babar Azam,RR Emrit,4,0,,,,,,,,,
1140070,2018,2018-04-02,National Stadium,1,14.5,Pakistan,West Indies,Asif Ali,Babar Azam,RR Emrit,1,0,,,,,,,,,
1140070,2018,2018-04-02,National Stadium,1,14.6,Pakistan,West Indies,Babar Azam,Asif Ali,RR Emrit,4,0,,,,,,,,,
1140070,2018,2018-04-02,National Stadium,1,15.1,Pakistan,West Indies,Asif Ali,Babar Azam,OF Smith,1,0,,,,,,,,,
1140070,2018,2018-04-02,National Stadium,1,15.2,Pakistan,West Indies,Babar Azam,Asif Ali,OF Smith,2,0,,,,,,,,,
1140070,2018,2018-04-02,National Stadium,1,15.3,Pakistan,West Indies,Babar Azam,Asif Ali,OF Smith,1,0,,,,,,,,,
1140070,2018,2018-04-02,National Stadium,1,15.4,Pakistan,West Indies,Asif Ali,Babar Azam,OF Smith,6,0,,,,,,,,,
1140070,2018,2018-04-02,National Stadium,1,15.5,Pakistan,West Indies,Asif Ali,Babar Azam,OF Smith,1,0,,,,,,,,,
1140070,2018,2018-04-02,National Stadium,1,15.6,Pakistan,West Indies,Babar Azam,Asif Ali,OF Smith,1,0,,,,,,,,,
1140070,2018,2018-04-02,National Stadium,1,16.1,Pakistan,West Indies,Babar Azam,Asif Ali,KOK Williams,6,0,,,,,,,,,
1140070,2018,2018-04-02,National Stadium,1,16.2,Pakistan,West Indies,Babar Azam,Asif Ali,KOK Williams,1,0,,,,,,,,,
1140070,2018,2018-04-02,National Stadium,1,16.3,Pakistan,West Indies,Asif Ali,Babar Azam,KOK Williams,1,0,,,,,,,,,
1140070,2018,2018-04-02,National Stadium,1,16.4,Pakistan,West Indies,Babar Azam,Asif Ali,KOK Williams,2,0,,,,,,,,,
1140070,2018,2018-04-02,National Stadium,1,16.5,Pakistan,West Indies,Babar Azam,Asif Ali,KOK Williams,1,0,,,,,,,,,
1140070,2018,2018-04-02,National Stadium,1,16.6,Pakistan,West Indies,Asif Ali,Babar Azam,KOK Williams,0,0,,,,,,caught,Asif Ali,,
1140070,2018,2018-04-02,National Stadium,1,17.1,Pakistan,West Indies,Babar Azam,Shoaib Malik,RR Emrit,0,1,,,,1,,,,,
1140070,2018,2018-04-02,National Stadium,1,17.2,Pakistan,West Indies,Shoaib Malik,Babar Azam,RR Emrit,4,0,,,,,,,,,
1140070,2018,2018-04-02,National Stadium,1,17.3,Pakistan,West Indies,Shoaib Malik,Babar Azam,RR Emrit,1,0,,,,,,,,,
1140070,2018,2018-04-02,National Stadium,1,17.4,Pakistan,West Indies,Babar Azam,Shoaib Malik,RR Emrit,0,5,5,,,,,,,,
1140070,2018,2018-04-02,National Stadium,1,17.5,Pakistan,West Indies,Babar Azam,Shoaib Malik,RR Emrit,0,0,,,,,,,,,
1140070,2018,2018-04-02,National Stadium,1,17.6,Pakistan,West Indies,Babar Azam,Shoaib Malik,RR Emrit,1,0,,,,,,,,,
1140070,2018,2018-04-02,National Stadium,1,17.7,Pakistan,West Indies,Shoaib Malik,Babar Azam,RR Emrit,4,0,,,,,,,,,
1140070,2018,2018-04-02,National Stadium,1,18.1,Pakistan,West Indies,Babar Azam,Shoaib Malik,KMA Paul,4,0,,,,,,,,,
1140070,2018,2018-04-02,National Stadium,1,18.2,Pakistan,West Indies,Babar Azam,Shoaib Malik,KMA Paul,1,0,,,,,,,,,
1140070,2018,2018-04-02,National Stadium,1,18.3,Pakistan,West Indies,Shoaib Malik,Babar Azam,KMA Paul,0,0,,,,,,,,,
1140070,2018,2018-04-02,National Stadium,1,18.4,Pakistan,West Indies,Shoaib Malik,Babar Azam,KMA Paul,6,0,,,,,,,,,
1140070,2018,2018-04-02,National Stadium,1,18.5,Pakistan,West Indies,Shoaib Malik,Babar Azam,KMA Paul,1,0,,,,,,,,,
1140070,2018,2018-04-02,National Stadium,1,18.6,Pakistan,West Indies,Babar Azam,Shoaib Malik,KMA Paul,1,0,,,,,,,,,
1140070,2018,2018-04-02,National Stadium,1,19.1,Pakistan,West Indies,Babar Azam,Shoaib Malik,KOK Williams,2,0,,,,,,,,,
1140070,2018,2018-04-02,National Stadium,1,19.2,Pakistan,West Indies,Babar Azam,Shoaib Malik,KOK Williams,4,0,,,,,,,,,
1140070,2018,2018-04-02,National Stadium,1,19.3,Pakistan,West Indies,Babar Azam,Shoaib Malik,KOK Williams,1,0,,,,,,,,,
1140070,2018,2018-04-02,National Stadium,1,19.4,Pakistan,West Indies,Shoaib Malik,Babar Azam,KOK Williams,1,0,,,,,,,,,
1140070,2018,2018-04-02,National Stadium,1,19.5,Pakistan,West Indies,Babar Azam,Shoaib Malik,KOK Williams,0,0,,,,,,,,,
1140070,2018,2018-04-02,National Stadium,1,19.6,Pakistan,West Indies,Babar Azam,Shoaib Malik,KOK Williams,1,0,,,,,,,,,
1140070,2018,2018-04-02,National Stadium,2,0.1,West Indies,Pakistan,CAK Walton,ADS Fletcher,Mohammad Nawaz (3),4,0,,,,,,,,,
1140070,2018,2018-04-02,National Stadium,2,0.2,West Indies,Pakistan,CAK Walton,ADS Fletcher,Mohammad Nawaz (3),1,0,,,,,,,,,
1140070,2018,2018-04-02,National Stadium,2,0.3,West Indies,Pakistan,ADS Fletcher,CAK Walton,Mohammad Nawaz (3),0,0,,,,,,,,,
1140070,2018,2018-04-02,National Stadium,2,0.4,West Indies,Pakistan,ADS Fletcher,CAK Walton,Mohammad Nawaz (3),1,0,,,,,,,,,
1140070,2018,2018-04-02,National Stadium,2,0.5,West Indies,Pakistan,CAK Walton,ADS Fletcher,Mohammad Nawaz (3),0,0,,,,,,,,,
1140070,2018,2018-04-02,National Stadium,2,0.6,West Indies,Pakistan,CAK Walton,ADS Fletcher,Mohammad Nawaz (3),1,0,,,,,,,,,
1140070,2018,2018-04-02,National Stadium,2,1.1,West Indies,Pakistan,CAK Walton,ADS Fletcher,Mohammad Amir,0,0,,,,,,,,,
1140070,2018,2018-04-02,National Stadium,2,1.2,West Indies,Pakistan,CAK Walton,ADS Fletcher,Mohammad Amir,0,0,,,,,,,,,
1140070,2018,2018-04-02,National Stadium,2,1.3,West Indies,Pakistan,CAK Walton,ADS Fletcher,Mohammad Amir,0,0,,,,,,,,,
1140070,2018,2018-04-02,National Stadium,2,1.4,West Indies,Pakistan,CAK Walton,ADS Fletcher,Mohammad Amir,0,0,,,,,,,,,
1140070,2018,2018-04-02,National Stadium,2,1.5,West Indies,Pakistan,CAK Walton,ADS Fletcher,Mohammad Amir,4,0,,,,,,,,,
1140070,2018,2018-04-02,National Stadium,2,1.6,West Indies,Pakistan,CAK Walton,ADS Fletcher,Mohammad Amir,0,0,,,,,,,,,
1140070,2018,2018-04-02,National Stadium,2,2.1,West Indies,Pakistan,ADS Fletcher,CAK Walton,Mohammad Nawaz (3),0,0,,,,,,bowled,ADS Fletcher,,
1140070,2018,2018-04-02,National Stadium,2,2.2,West Indies,Pakistan,MN Samuels,CAK Walton,Mohammad Nawaz (3),0,0,,,,,,,,,
1140070,2018,2018-04-02,National Stadium,2,2.3,West Indies,Pakistan,MN Samuels,CAK Walton,Mohammad Nawaz (3),0,0,,,,,,,,,
1140070,2018,2018-04-02,National Stadium,2,2.4,West Indies,Pakistan,MN Samuels,CAK Walton,Mohammad Nawaz (3),1,0,,,,,,,,,
1140070,2018,2018-04-02,National Stadium,2,2.5,West Indies,Pakistan,CAK Walton,MN Samuels,Mohammad Nawaz (3),0,0,,,,,,,,,
1140070,2018,2018-04-02,National Stadium,2,2.6,West Indies,Pakistan,CAK Walton,MN Samuels,Mohammad Nawaz (3),0,0,,,,,,,,,
1140070,2018,2018-04-02,National Stadium,2,3.1,West Indies,Pakistan,MN Samuels,CAK Walton,Mohammad Amir,0,0,,,,,,,,,
1140070,2018,2018-04-02,National Stadium,2,3.2,West Indies,Pakistan,MN Samuels,CAK Walton,Mohammad Amir,1,0,,,,,,,,,
1140070,2018,2018-04-02,National Stadium,2,3.3,West Indies,Pakistan,CAK Walton,MN Samuels,Mohammad Amir,1,0,,,,,,,,,
1140070,2018,2018-04-02,National Stadium,2,3.4,West Indies,Pakistan,MN Samuels,CAK Walton,Mohammad Amir,1,0,,,,,,,,,
1140070,2018,2018-04-02,National Stadium,2,3.5,West Indies,Pakistan,CAK Walton,MN Samuels,Mohammad Amir,0,0,,,,,,,,,
1140070,2018,2018-04-02,National Stadium,2,3.6,West Indies,Pakistan,CAK Walton,MN Samuels,Mohammad Amir,4,0,,,,,,,,,
1140070,2018,2018-04-02,National Stadium,2,4.1,West Indies,Pakistan,MN Samuels,CAK Walton,Mohammad Nawaz (3),0,0,,,,,,,,,
1140070,2018,2018-04-02,National Stadium,2,4.2,West Indies,Pakistan,MN Samuels,CAK Walton,Mohammad Nawaz (3),0,0,,,,,,,,,
1140070,2018,2018-04-02,National Stadium,2,4.3,West Indies,Pakistan,MN Samuels,CAK Walton,Mohammad Nawaz (3),1,0,,,,,,,,,
1140070,2018,2018-04-02,National Stadium,2,4.4,West Indies,Pakistan,CAK Walton,MN Samuels,Mohammad Nawaz (3),1,0,,,,,,,,,
1140070,2018,2018-04-02,National Stadium,2,4.5,West Indies,Pakistan,MN Samuels,CAK Walton,Mohammad Nawaz (3),4,0,,,,,,,,,
1140070,2018,2018-04-02,National Stadium,2,4.6,West Indies,Pakistan,MN Samuels,CAK Walton,Mohammad Nawaz (3),0,0,,,,,,,,,
1140070,2018,2018-04-02,National Stadium,2,5.1,West Indies,Pakistan,CAK Walton,MN Samuels,Hasan Ali,4,0,,,,,,,,,
1140070,2018,2018-04-02,National Stadium,2,5.2,West Indies,Pakistan,CAK Walton,MN Samuels,Hasan Ali,0,0,,,,,,,,,
1140070,2018,2018-04-02,National Stadium,2,5.3,West Indies,Pakistan,CAK Walton,MN Samuels,Hasan Ali,1,0,,,,,,,,,
1140070,2018,2018-04-02,National Stadium,2,5.4,West Indies,Pakistan,MN Samuels,CAK Walton,Hasan Ali,0,0,,,,,,,,,
1140070,2018,2018-04-02,National Stadium,2,5.5,West Indies,Pakistan,MN Samuels,CAK Walton,Hasan Ali,0,0,,,,,,,,,
1140070,2018,2018-04-02,National Stadium,2,5.6,West Indies,Pakistan,MN Samuels,CAK Walton,Hasan Ali,0,0,,,,,,,,,
1140070,2018,2018-04-02,National Stadium,2,6.1,West Indies,Pakistan,CAK Walton,MN Samuels,Shadab Khan,4,0,,,,,,,,,
1140070,2018,2018-04-02,National Stadium,2,6.2,West Indies,Pakistan,CAK Walton,MN Samuels,Shadab Khan,0,0,,,,,,,,,
1140070,2018,2018-04-02,National Stadium,2,6.3,West Indies,Pakistan,CAK Walton,MN Samuels,Shadab Khan,6,0,,,,,,,,,
1140070,2018,2018-04-02,National Stadium,2,6.4,West Indies,Pakistan,CAK Walton,MN Samuels,Shadab Khan,0,0,,,,,,,,,
1140070,2018,2018-04-02,National Stadium,2,6.5,West Indies,Pakistan,CAK Walton,MN Samuels,Shadab Khan,1,0,,,,,,,,,
1140070,2018,2018-04-02,National Stadium,2,6.6,West Indies,Pakistan,MN Samuels,CAK Walton,Shadab Khan,0,0,,,,,,,,,
1140070,2018,2018-04-02,National Stadium,2,7.1,West Indies,Pakistan,CAK Walton,MN Samuels,Faheem Ashraf,0,0,,,,,,,,,
1140070,2018,2018-04-02,National Stadium,2,7.2,West Indies,Pakistan,CAK Walton,MN Samuels,Faheem Ashraf,6,0,,,,,,,,,
1140070,2018,2018-04-02,National Stadium,2,7.3,West Indies,Pakistan,CAK Walton,MN Samuels,Faheem Ashraf,1,0,,,,,,,,,
1140070,2018,2018-04-02,National Stadium,2,7.4,West Indies,Pakistan,MN Samuels,CAK Walton,Faheem Ashraf,0,0,,,,,,,,,
1140070,2018,2018-04-02,National Stadium,2,7.5,West Indies,Pakistan,MN Samuels,CAK Walton,Faheem Ashraf,1,0,,,,,,,,,
1140070,2018,2018-04-02,National Stadium,2,7.6,West Indies,Pakistan,CAK Walton,MN Samuels,Faheem Ashraf,1,0,,,,,,,,,
1140070,2018,2018-04-02,National Stadium,2,8.1,West Indies,Pakistan,CAK Walton,MN Samuels,Shadab Khan,0,0,,,,,,bowled,CAK Walton,,
1140070,2018,2018-04-02,National Stadium,2,8.2,West Indies,Pakistan,JN Mohammed,MN Samuels,Shadab Khan,0,0,,,,,,,,,
1140070,2018,2018-04-02,National Stadium,2,8.3,West Indies,Pakistan,JN Mohammed,MN Samuels,Shadab Khan,0,0,,,,,,,,,
1140070,2018,2018-04-02,National Stadium,2,8.4,West Indies,Pakistan,JN Mohammed,MN Samuels,Shadab Khan,0,0,,,,,,,,,
1140070,2018,2018-04-02,National Stadium,2,8.5,West Indies,Pakistan,JN Mohammed,MN Samuels,Shadab Khan,1,0,,,,,,,,,
1140070,2018,2018-04-02,National Stadium,2,8.6,West Indies,Pakistan,MN Samuels,JN Mohammed,Shadab Khan,0,1,,,,1,,,,,
1140070,2018,2018-04-02,National Stadium,2,9.1,West Indies,Pakistan,MN Samuels,JN Mohammed,Mohammad Nawaz (3),1,0,,,,,,,,,
1140070,2018,2018-04-02,National Stadium,2,9.2,West Indies,Pakistan,JN Mohammed,MN Samuels,Mohammad Nawaz (3),1,0,,,,,,,,,
1140070,2018,2018-04-02,National Stadium,2,9.3,West Indies,Pakistan,MN Samuels,JN Mohammed,Mohammad Nawaz (3),1,0,,,,,,,,,
1140070,2018,2018-04-02,National Stadium,2,9.4,West Indies,Pakistan,JN Mohammed,MN Samuels,Mohammad Nawaz (3),0,0,,,,,,,,,
1140070,2018,2018-04-02,National Stadium,2,9.5,West Indies,Pakistan,JN Mohammed,MN Samuels,Mohammad Nawaz (3),1,0,,,,,,,,,
1140070,2018,2018-04-02,National Stadium,2,9.6,West Indies,Pakistan,MN Samuels,JN Mohammed,Mohammad Nawaz (3),1,0,,,,,,,,,
1140070,2018,2018-04-02,National Stadium,2,10.1,West Indies,Pakistan,MN Samuels,JN Mohammed,Shadab Khan,0,0,,,,,,caught,MN Samuels,,
1140070,2018,2018-04-02,National Stadium,2,10.2,West Indies,Pakistan,D Ramdin,JN Mohammed,Shadab Khan,0,0,,,,,,,,,
1140070,2018,2018-04-02,National Stadium,2,10.3,West Indies,Pakistan,D Ramdin,JN Mohammed,Shadab Khan,0,0,,,,,,,,,
1140070,2018,2018-04-02,National Stadium,2,10.4,West Indies,Pakistan,D Ramdin,JN Mohammed,Shadab Khan,0,0,,,,,,,,,
1140070,2018,2018-04-02,National Stadium,2,10.5,West Indies,Pakistan,D Ramdin,JN Mohammed,Shadab Khan,1,0,,,,,,,,,
1140070,2018,2018-04-02,National Stadium,2,10.6,West Indies,Pakistan,JN Mohammed,D Ramdin,Shadab Khan,0,0,,,,,,,,,
1140070,2018,2018-04-02,National Stadium,2,11.1,West Indies,Pakistan,D Ramdin,JN Mohammed,Faheem Ashraf,0,0,,,,,,,,,
1140070,2018,2018-04-02,National Stadium,2,11.2,West Indies,Pakistan,D Ramdin,JN Mohammed,Faheem Ashraf,0,0,,,,,,,,,
1140070,2018,2018-04-02,National Stadium,2,11.3,West Indies,Pakistan,D Ramdin,JN Mohammed,Faheem Ashraf,0,0,,,,,,,,,
1140070,2018,2018-04-02,National Stadium,2,11.4,West Indies,Pakistan,D Ramdin,JN Mohammed,Faheem Ashraf,0,0,,,,,,,,,
1140070,2018,2018-04-02,National Stadium,2,11.5,West Indies,Pakistan,D Ramdin,JN Mohammed,Faheem Ashraf,1,0,,,,,,,,,
1140070,2018,2018-04-02,National Stadium,2,11.6,West Indies,Pakistan,JN Mohammed,D Ramdin,Faheem Ashraf,1,0,,,,,,,,,
1140070,2018,2018-04-02,National Stadium,2,12.1,West Indies,Pakistan,JN Mohammed,D Ramdin,Shadab Khan,0,0,,,,,,,,,
1140070,2018,2018-04-02,National Stadium,2,12.2,West Indies,Pakistan,JN Mohammed,D Ramdin,Shadab Khan,0,1,,,,1,,,,,
1140070,2018,2018-04-02,National Stadium,2,12.3,West Indies,Pakistan,D Ramdin,JN Mohammed,Shadab Khan,4,0,,,,,,,,,
1140070,2018,2018-04-02,National Stadium,2,12.4,West Indies,Pakistan,D Ramdin,JN Mohammed,Shadab Khan,6,0,,,,,,,,,
1140070,2018,2018-04-02,National Stadium,2,12.5,West Indies,Pakistan,D Ramdin,JN Mohammed,Shadab Khan,0,0,,,,,,,,,
1140070,2018,2018-04-02,National Stadium,2,12.6,West Indies,Pakistan,D Ramdin,JN Mohammed,Shadab Khan,0,0,,,,,,,,,
1140070,2018,2018-04-02,National Stadium,2,13.1,West Indies,Pakistan,JN Mohammed,D Ramdin,Hasan Ali,1,0,,,,,,,,,
1140070,2018,2018-04-02,National Stadium,2,13.2,West Indies,Pakistan,D Ramdin,JN Mohammed,Hasan Ali,6,0,,,,,,,,,
1140070,2018,2018-04-02,National Stadium,2,13.3,West Indies,Pakistan,D Ramdin,JN Mohammed,Hasan Ali,0,0,,,,,,,,,
1140070,2018,2018-04-02,National Stadium,2,13.4,West Indies,Pakistan,D Ramdin,JN Mohammed,Hasan Ali,2,0,,,,,,,,,
1140070,2018,2018-04-02,National Stadium,2,13.5,West Indies,Pakistan,D Ramdin,JN Mohammed,Hasan Ali,0,0,,,,,,,,,
1140070,2018,2018-04-02,National Stadium,2,13.6,West Indies,Pakistan,D Ramdin,JN Mohammed,Hasan Ali,0,1,,,,1,,,,,
1140070,2018,2018-04-02,National Stadium,2,14.1,West Indies,Pakistan,D Ramdin,JN Mohammed,Hussain Talat,1,0,,,,,,,,,
1140070,2018,2018-04-02,National Stadium,2,14.2,West Indies,Pakistan,JN Mohammed,D Ramdin,Hussain Talat,4,0,,,,,,,,,
1140070,2018,2018-04-02,National Stadium,2,14.3,West Indies,Pakistan,JN Mohammed,D Ramdin,Hussain Talat,4,0,,,,,,,,,
1140070,2018,2018-04-02,National Stadium,2,14.4,West Indies,Pakistan,JN Mohammed,D Ramdin,Hussain Talat,0,0,,,,,,,,,
1140070,2018,2018-04-02,National Stadium,2,14.5,West Indies,Pakistan,JN Mohammed,D Ramdin,Hussain Talat,0,1,1,,,,,,,,
1140070,2018,2018-04-02,National Stadium,2,14.6,West Indies,Pakistan,JN Mohammed,D Ramdin,Hussain Talat,1,0,,,,,,,,,
1140070,2018,2018-04-02,National Stadium,2,14.7,West Indies,Pakistan,D Ramdin,JN Mohammed,Hussain Talat,0,0,,,,,,caught,D Ramdin,,
1140070,2018,2018-04-02,National Stadium,2,15.1,West Indies,Pakistan,JN Mohammed,R Powell,Mohammad Amir,1,0,,,,,,,,,
1140070,2018,2018-04-02,National Stadium,2,15.2,West Indies,Pakistan,R Powell,JN Mohammed,Mohammad Amir,1,0,,,,,,,,,
1140070,2018,2018-04-02,National Stadium,2,15.3,West Indies,Pakistan,JN Mohammed,R Powell,Mohammad Amir,0,0,,,,,,bowled,JN Mohammed,,
1140070,2018,2018-04-02,National Stadium,2,15.4,West Indies,Pakistan,KMA Paul,R Powell,Mohammad Amir,0,0,,,,,,,,,
1140070,2018,2018-04-02,National Stadium,2,15.5,West Indies,Pakistan,KMA Paul,R Powell,Mohammad Amir,0,0,,,,,,,,,
1140070,2018,2018-04-02,National Stadium,2,15.6,West Indies,Pakistan,KMA Paul,R Powell,Mohammad Amir,1,0,,,,,,,,,
1140070,2018,2018-04-02,National Stadium,2,16.1,West Indies,Pakistan,KMA Paul,R Powell,Hasan Ali,4,0,,,,,,,,,
1140070,2018,2018-04-02,National Stadium,2,16.2,West Indies,Pakistan,KMA Paul,R Powell,Hasan Ali,4,0,,,,,,,,,
1140070,2018,2018-04-02,National Stadium,2,16.3,West Indies,Pakistan,KMA Paul,R Powell,Hasan Ali,1,0,,,,,,,,,
1140070,2018,2018-04-02,National Stadium,2,16.4,West Indies,Pakistan,R Powell,KMA Paul,Hasan Ali,1,0,,,,,,,,,
1140070,2018,2018-04-02,National Stadium,2,16.5,West Indies,Pakistan,KMA Paul,R Powell,Hasan Ali,1,0,,,,,,,,,
1140070,2018,2018-04-02,National Stadium,2,16.6,West Indies,Pakistan,R Powell,KMA Paul,Hasan Ali,1,0,,,,,,,,,
1140070,2018,2018-04-02,National Stadium,2,17.1,West Indies,Pakistan,R Powell,KMA Paul,Mohammad Amir,0,0,,,,,,caught,R Powell,,
1140070,2018,2018-04-02,National Stadium,2,17.2,West Indies,Pakistan,KMA Paul,RR Emrit,Mohammad Amir,2,0,,,,,,,,,
1140070,2018,2018-04-02,National Stadium,2,17.3,West Indies,Pakistan,KMA Paul,RR Emrit,Mohammad Amir,4,0,,,,,,,,,
1140070,2018,2018-04-02,National Stadium,2,17.4,West Indies,Pakistan,KMA Paul,RR Emrit,Mohammad Amir,0,0,,,,,,caught,KMA Paul,,
1140070,2018,2018-04-02,National Stadium,2,17.5,West Indies,Pakistan,RR Emrit,KOK Williams,Mohammad Amir,1,0,,,,,,run out,RR Emrit,,
1140070,2018,2018-04-02,National Stadium,2,17.6,West Indies,Pakistan,KOK Williams,OF Smith,Mohammad Amir,1,0,,,,,,,,,
1140070,2018,2018-04-02,National Stadium,2,18.1,West Indies,Pakistan,KOK Williams,OF Smith,Hasan Ali,0,0,,,,,,bowled,KOK Williams,,
1140070,2018,2018-04-02,National Stadium,2,18.2,West Indies,Pakistan,S Badree,OF Smith,Hasan Ali,1,0,,,,,,,,,
1140070,2018,2018-04-02,National Stadium,2,18.3,West Indies,Pakistan,OF Smith,S Badree,Hasan Ali,0,0,,,,,,,,,
1140070,2018,2018-04-02,National Stadium,2,18.4,West Indies,Pakistan,OF Smith,S Badree,Hasan Ali,2,0,,,,,,,,,
1140070,2018,2018-04-02,National Stadium,2,18.5,West Indies,Pakistan,OF Smith,S Badree,Hasan Ali,0,0,,,,,,,,,
1140070,2018,2018-04-02,National Stadium,2,18.6,West Indies,Pakistan,OF Smith,S Badree,Hasan Ali,4,0,,,,,,,,,
1140070,2018,2018-04-02,National Stadium,2,19.1,West Indies,Pakistan,S Badree,OF Smith,Hussain Talat,1,0,,,,,,,,,
1140070,2018,2018-04-02,National Stadium,2,19.2,West Indies,Pakistan,OF Smith,S Badree,Hussain Talat,0,0,,,,,,caught,OF Smith,,
