version,2.1.0
info,balls_per_over,6
info,team,Ireland
info,team,Scotland
info,gender,male
info,season,2018
info,date,2018/06/16
info,event,Netherlands Tri-Nation T20I Series
info,match_number,3
info,venue,Sportpark Het Schootsveld
info,city,Deventer
info,toss_winner,Ireland
info,toss_decision,bat
info,umpire,HKG Jansen
info,umpire,AJ Neill
info,reserve_umpire,DA Haggo
info,tv_umpire,Rizwan Akram
info,match_referee,DT Jukes
info,winner,Ireland
info,winner_runs,46
info,player,Ireland,PR Stirling
info,player,Ireland,JNK Shannon
info,player,Ireland,A Balbirnie
info,player,Ireland,Simi Singh
info,player,Ireland,GC Wilson
info,player,Ireland,KJ O'Brien
info,player,Ireland,SR Thompson
info,player,Ireland,SW Poynter
info,player,Ireland,GH Dockrell
info,player,Ireland,BJ McCarthy
info,player,Ireland,PKD Chase
info,player,Scotland,HG Munsey
info,player,Scotland,KJ Coetzer
info,player,Scotland,RD Berrington
info,player,Scotland,CS MacLeod
info,player,Scotland,DE Budge
info,player,Scotland,MA Leask
info,player,Scotland,MH Cross
info,player,Scotland,MRJ Watt
info,player,Scotland,CB Sole
info,player,Scotland,AC Evans
info,player,Scotland,SG Whittingham
info,registry,people,A Balbirnie,6ef13460
info,registry,people,AC Evans,e9a870ed
info,registry,people,AJ Neill,7ffe0ce3
info,registry,people,BJ McCarthy,3766056b
info,registry,people,CB Sole,469ccead
info,registry,people,CS MacLeod,9c376401
info,registry,people,DA Haggo,e6789a88
info,registry,people,DE Budge,0d37dea9
info,registry,people,DT Jukes,7c215d14
info,registry,people,GC Wilson,05de1a5a
info,registry,people,GH Dockrell,99cddc5e
info,registry,people,HG Munsey,ff014c34
info,registry,people,HKG Jansen,6e9d5add
info,registry,people,JNK Shannon,6e161a33
info,registry,people,KJ Coetzer,85d8110a
info,registry,people,KJ O'Brien,243431b5
info,registry,people,MA Leask,28131839
info,registry,people,MH Cross,8b261d84
info,registry,people,MRJ Watt,1252f71a
info,registry,people,PKD Chase,8c2aa0f9
info,registry,people,PR Stirling,cf494ffe
info,registry,people,RD Berrington,e21bc7f3
info,registry,people,Rizwan Akram,b5346f1e
info,registry,people,SG Whittingham,2d4465da
info,registry,people,SR Thompson,7f3ad1ed
info,registry,people,SW Poynter,cdf59953
info,registry,people,Simi Singh,c9945bdf
