match_id,season,start_date,venue,innings,ball,batting_team,bowling_team,striker,non_striker,bowler,runs_off_bat,extras,wides,noballs,byes,legbyes,penalty,wicket_type,player_dismissed,other_wicket_type,other_player_dismissed
1144980,2018/19,2018-10-05,Manuka Oval,1,0.1,New Zealand,Australia,SFM Devine,SW Bates,ML Schutt,0,0,,,,,,,,,
1144980,2018/19,2018-10-05,Manuka Oval,1,0.2,New Zealand,Australia,SFM Devine,SW Bates,ML Schutt,0,1,,,,1,,,,,
1144980,2018/19,2018-10-05,Manuka Oval,1,0.3,New Zealand,Australia,SW Bates,SFM Devine,ML Schutt,0,2,2,,,,,,,,
1144980,2018/19,2018-10-05,Manuka Oval,1,0.4,New Zealand,Australia,SFM Devine,SW Bates,ML Schutt,0,0,,,,,,,,,
1144980,2018/19,2018-10-05,Manuka Oval,1,0.5,New Zealand,Australia,SFM Devine,SW Bates,ML Schutt,0,4,,,4,,,,,,
1144980,2018/19,2018-10-05,Manuka Oval,1,0.6,New Zealand,Australia,SFM Devine,SW Bates,ML Schutt,2,0,,,,,,,,,
1144980,2018/19,2018-10-05,Manuka Oval,1,0.7,New Zealand,Australia,SFM Devine,SW Bates,ML Schutt,1,0,,,,,,,,,
1144980,2018/19,2018-10-05,Manuka Oval,1,1.1,New Zealand,Australia,SFM Devine,SW Bates,EA Perry,1,0,,,,,,,,,
1144980,2018/19,2018-10-05,Manuka Oval,1,1.2,New Zealand,Australia,SW Bates,SFM Devine,EA Perry,2,0,,,,,,,,,
1144980,2018/19,2018-10-05,Manuka Oval,1,1.3,New Zealand,Australia,SW Bates,SFM Devine,EA Perry,0,0,,,,,,,,,
1144980,2018/19,2018-10-05,Manuka Oval,1,1.4,New Zealand,Australia,SW Bates,SFM Devine,EA Perry,0,0,,,,,,,,,
1144980,2018/19,2018-10-05,Manuka Oval,1,1.5,New Zealand,Australia,SW Bates,SFM Devine,EA Perry,2,0,,,,,,,,,
1144980,2018/19,2018-10-05,Manuka Oval,1,1.6,New Zealand,Australia,SW Bates,SFM Devine,EA Perry,4,0,,,,,,,,,
1144980,2018/19,2018-10-05,Manuka Oval,1,2.1,New Zealand,Australia,SFM Devine,SW Bates,ML Schutt,1,0,,,,,,,,,
1144980,2018/19,2018-10-05,Manuka Oval,1,2.2,New Zealand,Australia,SW Bates,SFM Devine,ML Schutt,1,0,,,,,,,,,
1144980,2018/19,2018-10-05,Manuka Oval,1,2.3,New Zealand,Australia,SFM Devine,SW Bates,ML Schutt,0,0,,,,,,,,,
1144980,2018/19,2018-10-05,Manuka Oval,1,2.4,New Zealand,Australia,SFM Devine,SW Bates,ML Schutt,0,0,,,,,,,,,
1144980,2018/19,2018-10-05,Manuka Oval,1,2.5,New Zealand,Australia,SFM Devine,SW Bates,ML Schutt,1,0,,,,,,,,,
1144980,2018/19,2018-10-05,Manuka Oval,1,2.6,New Zealand,Australia,SW Bates,SFM Devine,ML Schutt,0,0,,,,,,,,,
1144980,2018/19,2018-10-05,Manuka Oval,1,3.1,New Zealand,Australia,SFM Devine,SW Bates,S Molineux,4,0,,,,,,,,,
1144980,2018/19,2018-10-05,Manuka Oval,1,3.2,New Zealand,Australia,SFM Devine,SW Bates,S Molineux,1,0,,,,,,,,,
1144980,2018/19,2018-10-05,Manuka Oval,1,3.3,New Zealand,Australia,SW Bates,SFM Devine,S Molineux,0,0,,,,,,,,,
1144980,2018/19,2018-10-05,Manuka Oval,1,3.4,New Zealand,Australia,SW Bates,SFM Devine,S Molineux,1,0,,,,,,,,,
1144980,2018/19,2018-10-05,Manuka Oval,1,3.5,New Zealand,Australia,SFM Devine,SW Bates,S Molineux,0,1,,,,1,,,,,
1144980,2018/19,2018-10-05,Manuka Oval,1,3.6,New Zealand,Australia,SW Bates,SFM Devine,S Molineux,0,0,,,,,,,,,
1144980,2018/19,2018-10-05,Manuka Oval,1,4.1,New Zealand,Australia,SFM Devine,SW Bates,DM Kimmince,0,0,,,,,,bowled,SFM Devine,,
1144980,2018/19,2018-10-05,Manuka Oval,1,4.2,New Zealand,Australia,ML Green,SW Bates,DM Kimmince,0,0,,,,,,,,,
1144980,2018/19,2018-10-05,Manuka Oval,1,4.3,New Zealand,Australia,ML Green,SW Bates,DM Kimmince,0,1,1,,,,,,,,
1144980,2018/19,2018-10-05,Manuka Oval,1,4.4,New Zealand,Australia,ML Green,SW Bates,DM Kimmince,0,0,,,,,,,,,
1144980,2018/19,2018-10-05,Manuka Oval,1,4.5,New Zealand,Australia,ML Green,SW Bates,DM Kimmince,0,0,,,,,,,,,
1144980,2018/19,2018-10-05,Manuka Oval,1,4.6,New Zealand,Australia,ML Green,SW Bates,DM Kimmince,1,0,,,,,,,,,
1144980,2018/19,2018-10-05,Manuka Oval,1,4.7,New Zealand,Australia,SW Bates,ML Green,DM Kimmince,1,0,,,,,,,,,
1144980,2018/19,2018-10-05,Manuka Oval,1,5.1,New Zealand,Australia,SW Bates,ML Green,EA Perry,0,0,,,,,,caught,SW Bates,,
1144980,2018/19,2018-10-05,Manuka Oval,1,5.2,New Zealand,Australia,AE Satterthwaite,ML Green,EA Perry,1,0,,,,,,,,,
1144980,2018/19,2018-10-05,Manuka Oval,1,5.3,New Zealand,Australia,ML Green,AE Satterthwaite,EA Perry,1,0,,,,,,,,,
1144980,2018/19,2018-10-05,Manuka Oval,1,5.4,New Zealand,Australia,AE Satterthwaite,ML Green,EA Perry,0,1,,,,1,,,,,
1144980,2018/19,2018-10-05,Manuka Oval,1,5.5,New Zealand,Australia,ML Green,AE Satterthwaite,EA Perry,2,0,,,,,,,,,
1144980,2018/19,2018-10-05,Manuka Oval,1,5.6,New Zealand,Australia,ML Green,AE Satterthwaite,EA Perry,1,0,,,,,,,,,
1144980,2018/19,2018-10-05,Manuka Oval,1,6.1,New Zealand,Australia,ML Green,AE Satterthwaite,A Gardner,0,0,,,,,,,,,
1144980,2018/19,2018-10-05,Manuka Oval,1,6.2,New Zealand,Australia,ML Green,AE Satterthwaite,A Gardner,1,0,,,,,,,,,
1144980,2018/19,2018-10-05,Manuka Oval,1,6.3,New Zealand,Australia,AE Satterthwaite,ML Green,A Gardner,0,0,,,,,,,,,
1144980,2018/19,2018-10-05,Manuka Oval,1,6.4,New Zealand,Australia,AE Satterthwaite,ML Green,A Gardner,1,0,,,,,,,,,
1144980,2018/19,2018-10-05,Manuka Oval,1,6.5,New Zealand,Australia,ML Green,AE Satterthwaite,A Gardner,0,0,,,,,,stumped,ML Green,,
1144980,2018/19,2018-10-05,Manuka Oval,1,6.6,New Zealand,Australia,KJ Martin,AE Satterthwaite,A Gardner,0,0,,,,,,,,,
1144980,2018/19,2018-10-05,Manuka Oval,1,7.1,New Zealand,Australia,AE Satterthwaite,KJ Martin,G Wareham,0,0,,,,,,,,,
1144980,2018/19,2018-10-05,Manuka Oval,1,7.2,New Zealand,Australia,AE Satterthwaite,KJ Martin,G Wareham,0,0,,,,,,,,,
1144980,2018/19,2018-10-05,Manuka Oval,1,7.3,New Zealand,Australia,AE Satterthwaite,KJ Martin,G Wareham,1,0,,,,,,,,,
1144980,2018/19,2018-10-05,Manuka Oval,1,7.4,New Zealand,Australia,KJ Martin,AE Satterthwaite,G Wareham,0,0,,,,,,,,,
1144980,2018/19,2018-10-05,Manuka Oval,1,7.5,New Zealand,Australia,KJ Martin,AE Satterthwaite,G Wareham,1,0,,,,,,,,,
1144980,2018/19,2018-10-05,Manuka Oval,1,7.6,New Zealand,Australia,AE Satterthwaite,KJ Martin,G Wareham,1,0,,,,,,,,,
1144980,2018/19,2018-10-05,Manuka Oval,1,8.1,New Zealand,Australia,AE Satterthwaite,KJ Martin,A Gardner,4,0,,,,,,,,,
1144980,2018/19,2018-10-05,Manuka Oval,1,8.2,New Zealand,Australia,AE Satterthwaite,KJ Martin,A Gardner,2,0,,,,,,,,,
1144980,2018/19,2018-10-05,Manuka Oval,1,8.3,New Zealand,Australia,AE Satterthwaite,KJ Martin,A Gardner,0,0,,,,,,,,,
1144980,2018/19,2018-10-05,Manuka Oval,1,8.4,New Zealand,Australia,AE Satterthwaite,KJ Martin,A Gardner,0,0,,,,,,,,,
1144980,2018/19,2018-10-05,Manuka Oval,1,8.5,New Zealand,Australia,AE Satterthwaite,KJ Martin,A Gardner,1,0,,,,,,,,,
1144980,2018/19,2018-10-05,Manuka Oval,1,8.6,New Zealand,Australia,KJ Martin,AE Satterthwaite,A Gardner,1,0,,,,,,,,,
1144980,2018/19,2018-10-05,Manuka Oval,1,9.1,New Zealand,Australia,KJ Martin,AE Satterthwaite,DM Kimmince,1,0,,,,,,,,,
1144980,2018/19,2018-10-05,Manuka Oval,1,9.2,New Zealand,Australia,AE Satterthwaite,KJ Martin,DM Kimmince,1,0,,,,,,,,,
1144980,2018/19,2018-10-05,Manuka Oval,1,9.3,New Zealand,Australia,KJ Martin,AE Satterthwaite,DM Kimmince,1,0,,,,,,,,,
1144980,2018/19,2018-10-05,Manuka Oval,1,9.4,New Zealand,Australia,AE Satterthwaite,KJ Martin,DM Kimmince,1,0,,,,,,,,,
1144980,2018/19,2018-10-05,Manuka Oval,1,9.5,New Zealand,Australia,KJ Martin,AE Satterthwaite,DM Kimmince,4,0,,,,,,,,,
1144980,2018/19,2018-10-05,Manuka Oval,1,9.6,New Zealand,Australia,KJ Martin,AE Satterthwaite,DM Kimmince,1,0,,,,,,,,,
1144980,2018/19,2018-10-05,Manuka Oval,1,10.1,New Zealand,Australia,KJ Martin,AE Satterthwaite,G Wareham,2,0,,,,,,,,,
1144980,2018/19,2018-10-05,Manuka Oval,1,10.2,New Zealand,Australia,KJ Martin,AE Satterthwaite,G Wareham,4,0,,,,,,,,,
1144980,2018/19,2018-10-05,Manuka Oval,1,10.3,New Zealand,Australia,KJ Martin,AE Satterthwaite,G Wareham,0,0,,,,,,,,,
1144980,2018/19,2018-10-05,Manuka Oval,1,10.4,New Zealand,Australia,KJ Martin,AE Satterthwaite,G Wareham,0,0,,,,,,,,,
1144980,2018/19,2018-10-05,Manuka Oval,1,10.5,New Zealand,Australia,KJ Martin,AE Satterthwaite,G Wareham,1,0,,,,,,,,,
1144980,2018/19,2018-10-05,Manuka Oval,1,10.6,New Zealand,Australia,AE Satterthwaite,KJ Martin,G Wareham,1,0,,,,,,,,,
1144980,2018/19,2018-10-05,Manuka Oval,1,11.1,New Zealand,Australia,AE Satterthwaite,KJ Martin,EA Perry,0,0,,,,,,bowled,AE Satterthwaite,,
1144980,2018/19,2018-10-05,Manuka Oval,1,11.2,New Zealand,Australia,JM Watkin,KJ Martin,EA Perry,0,0,,,,,,caught,JM Watkin,,
1144980,2018/19,2018-10-05,Manuka Oval,1,11.3,New Zealand,Australia,KJ Martin,B Bezuidenhout,EA Perry,0,0,,,,,,,,,
1144980,2018/19,2018-10-05,Manuka Oval,1,11.4,New Zealand,Australia,KJ Martin,B Bezuidenhout,EA Perry,4,0,,,,,,,,,
1144980,2018/19,2018-10-05,Manuka Oval,1,11.5,New Zealand,Australia,KJ Martin,B Bezuidenhout,EA Perry,1,0,,,,,,,,,
1144980,2018/19,2018-10-05,Manuka Oval,1,11.6,New Zealand,Australia,B Bezuidenhout,KJ Martin,EA Perry,0,0,,,,,,,,,
1144980,2018/19,2018-10-05,Manuka Oval,1,12.1,New Zealand,Australia,KJ Martin,B Bezuidenhout,S Molineux,0,0,,,,,,,,,
1144980,2018/19,2018-10-05,Manuka Oval,1,12.2,New Zealand,Australia,KJ Martin,B Bezuidenhout,S Molineux,0,0,,,,,,,,,
1144980,2018/19,2018-10-05,Manuka Oval,1,12.3,New Zealand,Australia,KJ Martin,B Bezuidenhout,S Molineux,1,0,,,,,,,,,
1144980,2018/19,2018-10-05,Manuka Oval,1,12.4,New Zealand,Australia,B Bezuidenhout,KJ Martin,S Molineux,0,0,,,,,,,,,
1144980,2018/19,2018-10-05,Manuka Oval,1,12.5,New Zealand,Australia,B Bezuidenhout,KJ Martin,S Molineux,0,0,,,,,,lbw,B Bezuidenhout,,
1144980,2018/19,2018-10-05,Manuka Oval,1,12.6,New Zealand,Australia,KE Ebrahim,KJ Martin,S Molineux,0,0,,,,,,lbw,KE Ebrahim,,
1144980,2018/19,2018-10-05,Manuka Oval,1,13.1,New Zealand,Australia,KJ Martin,AC Kerr,EA Perry,0,0,,,,,,,,,
1144980,2018/19,2018-10-05,Manuka Oval,1,13.2,New Zealand,Australia,KJ Martin,AC Kerr,EA Perry,0,1,1,,,,,,,,
1144980,2018/19,2018-10-05,Manuka Oval,1,13.3,New Zealand,Australia,KJ Martin,AC Kerr,EA Perry,1,0,,,,,,,,,
1144980,2018/19,2018-10-05,Manuka Oval,1,13.4,New Zealand,Australia,AC Kerr,KJ Martin,EA Perry,0,0,,,,,,,,,
1144980,2018/19,2018-10-05,Manuka Oval,1,13.5,New Zealand,Australia,AC Kerr,KJ Martin,EA Perry,0,0,,,,,,caught,AC Kerr,,
1144980,2018/19,2018-10-05,Manuka Oval,1,13.6,New Zealand,Australia,LMM Tahuhu,KJ Martin,EA Perry,0,0,,,,,,,,,
1144980,2018/19,2018-10-05,Manuka Oval,1,13.7,New Zealand,Australia,LMM Tahuhu,KJ Martin,EA Perry,0,0,,,,,,,,,
1144980,2018/19,2018-10-05,Manuka Oval,1,14.1,New Zealand,Australia,KJ Martin,LMM Tahuhu,ML Schutt,1,0,,,,,,,,,
1144980,2018/19,2018-10-05,Manuka Oval,1,14.2,New Zealand,Australia,LMM Tahuhu,KJ Martin,ML Schutt,1,0,,,,,,,,,
1144980,2018/19,2018-10-05,Manuka Oval,1,14.3,New Zealand,Australia,KJ Martin,LMM Tahuhu,ML Schutt,2,0,,,,,,,,,
1144980,2018/19,2018-10-05,Manuka Oval,1,14.4,New Zealand,Australia,KJ Martin,LMM Tahuhu,ML Schutt,1,0,,,,,,,,,
1144980,2018/19,2018-10-05,Manuka Oval,1,14.5,New Zealand,Australia,LMM Tahuhu,KJ Martin,ML Schutt,0,0,,,,,,,,,
1144980,2018/19,2018-10-05,Manuka Oval,1,14.6,New Zealand,Australia,LMM Tahuhu,KJ Martin,ML Schutt,2,0,,,,,,,,,
1144980,2018/19,2018-10-05,Manuka Oval,1,15.1,New Zealand,Australia,KJ Martin,LMM Tahuhu,S Molineux,0,0,,,,,,,,,
1144980,2018/19,2018-10-05,Manuka Oval,1,15.2,New Zealand,Australia,KJ Martin,LMM Tahuhu,S Molineux,0,1,,,,1,,,,,
1144980,2018/19,2018-10-05,Manuka Oval,1,15.3,New Zealand,Australia,LMM Tahuhu,KJ Martin,S Molineux,0,0,,,,,,,,,
1144980,2018/19,2018-10-05,Manuka Oval,1,15.4,New Zealand,Australia,LMM Tahuhu,KJ Martin,S Molineux,0,0,,,,,,bowled,LMM Tahuhu,,
1144980,2018/19,2018-10-05,Manuka Oval,1,15.5,New Zealand,Australia,HR Huddleston,KJ Martin,S Molineux,0,0,,,,,,,,,
1144980,2018/19,2018-10-05,Manuka Oval,1,15.6,New Zealand,Australia,HR Huddleston,KJ Martin,S Molineux,0,0,,,,,,,,,
1144980,2018/19,2018-10-05,Manuka Oval,1,16.1,New Zealand,Australia,KJ Martin,HR Huddleston,DM Kimmince,2,0,,,,,,,,,
1144980,2018/19,2018-10-05,Manuka Oval,1,16.2,New Zealand,Australia,KJ Martin,HR Huddleston,DM Kimmince,1,0,,,,,,,,,
1144980,2018/19,2018-10-05,Manuka Oval,1,16.3,New Zealand,Australia,HR Huddleston,KJ Martin,DM Kimmince,0,1,1,,,,,,,,
1144980,2018/19,2018-10-05,Manuka Oval,1,16.4,New Zealand,Australia,HR Huddleston,KJ Martin,DM Kimmince,1,0,,,,,,,,,
1144980,2018/19,2018-10-05,Manuka Oval,1,16.5,New Zealand,Australia,KJ Martin,HR Huddleston,DM Kimmince,1,0,,,,,,,,,
1144980,2018/19,2018-10-05,Manuka Oval,1,16.6,New Zealand,Australia,HR Huddleston,KJ Martin,DM Kimmince,0,0,,,,,,,,,
1144980,2018/19,2018-10-05,Manuka Oval,1,16.7,New Zealand,Australia,HR Huddleston,KJ Martin,DM Kimmince,1,0,,,,,,,,,
1144980,2018/19,2018-10-05,Manuka Oval,1,17.1,New Zealand,Australia,HR Huddleston,KJ Martin,S Molineux,1,0,,,,,,,,,
1144980,2018/19,2018-10-05,Manuka Oval,1,17.2,New Zealand,Australia,KJ Martin,HR Huddleston,S Molineux,0,0,,,,,,,,,
1144980,2018/19,2018-10-05,Manuka Oval,1,17.3,New Zealand,Australia,KJ Martin,HR Huddleston,S Molineux,1,0,,,,,,,,,
1144980,2018/19,2018-10-05,Manuka Oval,1,17.4,New Zealand,Australia,HR Huddleston,KJ Martin,S Molineux,1,0,,,,,,,,,
1144980,2018/19,2018-10-05,Manuka Oval,1,17.5,New Zealand,Australia,KJ Martin,HR Huddleston,S Molineux,1,0,,,,,,,,,
1144980,2018/19,2018-10-05,Manuka Oval,1,17.6,New Zealand,Australia,HR Huddleston,KJ Martin,S Molineux,0,0,,,,,,,,,
1144980,2018/19,2018-10-05,Manuka Oval,1,18.1,New Zealand,Australia,KJ Martin,HR Huddleston,DM Kimmince,1,0,,,,,,,,,
1144980,2018/19,2018-10-05,Manuka Oval,1,18.2,New Zealand,Australia,HR Huddleston,KJ Martin,DM Kimmince,4,0,,,,,,,,,
1144980,2018/19,2018-10-05,Manuka Oval,1,18.3,New Zealand,Australia,HR Huddleston,KJ Martin,DM Kimmince,1,0,,,,,,,,,
1144980,2018/19,2018-10-05,Manuka Oval,1,18.4,New Zealand,Australia,KJ Martin,HR Huddleston,DM Kimmince,1,0,,,,,,,,,
1144980,2018/19,2018-10-05,Manuka Oval,1,18.5,New Zealand,Australia,HR Huddleston,KJ Martin,DM Kimmince,0,0,,,,,,,,,
1144980,2018/19,2018-10-05,Manuka Oval,1,18.6,New Zealand,Australia,HR Huddleston,KJ Martin,DM Kimmince,1,0,,,,,,run out,HR Huddleston,,
1144980,2018/19,2018-10-05,Manuka Oval,2,0.1,Australia,New Zealand,AJ Healy,BL Mooney,SFM Devine,0,0,,,,,,,,,
1144980,2018/19,2018-10-05,Manuka Oval,2,0.2,Australia,New Zealand,AJ Healy,BL Mooney,SFM Devine,0,0,,,,,,,,,
1144980,2018/19,2018-10-05,Manuka Oval,2,0.3,Australia,New Zealand,AJ Healy,BL Mooney,SFM Devine,1,0,,,,,,,,,
1144980,2018/19,2018-10-05,Manuka Oval,2,0.4,Australia,New Zealand,BL Mooney,AJ Healy,SFM Devine,0,0,,,,,,,,,
1144980,2018/19,2018-10-05,Manuka Oval,2,0.5,Australia,New Zealand,BL Mooney,AJ Healy,SFM Devine,0,1,1,,,,,,,,
1144980,2018/19,2018-10-05,Manuka Oval,2,0.6,Australia,New Zealand,BL Mooney,AJ Healy,SFM Devine,0,0,,,,,,,,,
1144980,2018/19,2018-10-05,Manuka Oval,2,0.7,Australia,New Zealand,BL Mooney,AJ Healy,SFM Devine,0,0,,,,,,,,,
1144980,2018/19,2018-10-05,Manuka Oval,2,1.1,Australia,New Zealand,AJ Healy,BL Mooney,LMM Tahuhu,0,0,,,,,,,,,
1144980,2018/19,2018-10-05,Manuka Oval,2,1.2,Australia,New Zealand,AJ Healy,BL Mooney,LMM Tahuhu,0,0,,,,,,,,,
1144980,2018/19,2018-10-05,Manuka Oval,2,1.3,Australia,New Zealand,AJ Healy,BL Mooney,LMM Tahuhu,0,1,1,,,,,,,,
1144980,2018/19,2018-10-05,Manuka Oval,2,1.4,Australia,New Zealand,AJ Healy,BL Mooney,LMM Tahuhu,1,0,,,,,,,,,
1144980,2018/19,2018-10-05,Manuka Oval,2,1.5,Australia,New Zealand,BL Mooney,AJ Healy,LMM Tahuhu,0,0,,,,,,,,,
1144980,2018/19,2018-10-05,Manuka Oval,2,1.6,Australia,New Zealand,BL Mooney,AJ Healy,LMM Tahuhu,1,0,,,,,,,,,
1144980,2018/19,2018-10-05,Manuka Oval,2,1.7,Australia,New Zealand,AJ Healy,BL Mooney,LMM Tahuhu,4,0,,,,,,,,,
1144980,2018/19,2018-10-05,Manuka Oval,2,2.1,Australia,New Zealand,BL Mooney,AJ Healy,HR Huddleston,0,1,,1,,,,,,,
1144980,2018/19,2018-10-05,Manuka Oval,2,2.2,Australia,New Zealand,BL Mooney,AJ Healy,HR Huddleston,1,0,,,,,,,,,
1144980,2018/19,2018-10-05,Manuka Oval,2,2.3,Australia,New Zealand,AJ Healy,BL Mooney,HR Huddleston,1,0,,,,,,,,,
1144980,2018/19,2018-10-05,Manuka Oval,2,2.4,Australia,New Zealand,BL Mooney,AJ Healy,HR Huddleston,0,0,,,,,,,,,
1144980,2018/19,2018-10-05,Manuka Oval,2,2.5,Australia,New Zealand,BL Mooney,AJ Healy,HR Huddleston,0,0,,,,,,,,,
1144980,2018/19,2018-10-05,Manuka Oval,2,2.6,Australia,New Zealand,BL Mooney,AJ Healy,HR Huddleston,2,0,,,,,,,,,
1144980,2018/19,2018-10-05,Manuka Oval,2,2.7,Australia,New Zealand,BL Mooney,AJ Healy,HR Huddleston,4,0,,,,,,,,,
1144980,2018/19,2018-10-05,Manuka Oval,2,3.1,Australia,New Zealand,AJ Healy,BL Mooney,JM Watkin,0,0,,,,,,,,,
1144980,2018/19,2018-10-05,Manuka Oval,2,3.2,Australia,New Zealand,AJ Healy,BL Mooney,JM Watkin,0,0,,,,,,,,,
1144980,2018/19,2018-10-05,Manuka Oval,2,3.3,Australia,New Zealand,AJ Healy,BL Mooney,JM Watkin,1,0,,,,,,,,,
1144980,2018/19,2018-10-05,Manuka Oval,2,3.4,Australia,New Zealand,BL Mooney,AJ Healy,JM Watkin,2,0,,,,,,,,,
1144980,2018/19,2018-10-05,Manuka Oval,2,3.5,Australia,New Zealand,BL Mooney,AJ Healy,JM Watkin,0,0,,,,,,,,,
1144980,2018/19,2018-10-05,Manuka Oval,2,3.6,Australia,New Zealand,BL Mooney,AJ Healy,JM Watkin,0,0,,,,,,,,,
1144980,2018/19,2018-10-05,Manuka Oval,2,4.1,Australia,New Zealand,AJ Healy,BL Mooney,SFM Devine,1,0,,,,,,,,,
1144980,2018/19,2018-10-05,Manuka Oval,2,4.2,Australia,New Zealand,BL Mooney,AJ Healy,SFM Devine,1,0,,,,,,,,,
1144980,2018/19,2018-10-05,Manuka Oval,2,4.3,Australia,New Zealand,AJ Healy,BL Mooney,SFM Devine,0,0,,,,,,,,,
1144980,2018/19,2018-10-05,Manuka Oval,2,4.4,Australia,New Zealand,AJ Healy,BL Mooney,SFM Devine,1,0,,,,,,,,,
1144980,2018/19,2018-10-05,Manuka Oval,2,4.5,Australia,New Zealand,BL Mooney,AJ Healy,SFM Devine,0,0,,,,,,,,,
1144980,2018/19,2018-10-05,Manuka Oval,2,4.6,Australia,New Zealand,BL Mooney,AJ Healy,SFM Devine,0,0,,,,,,,,,
1144980,2018/19,2018-10-05,Manuka Oval,2,5.1,Australia,New Zealand,AJ Healy,BL Mooney,LMM Tahuhu,0,0,,,,,,,,,
1144980,2018/19,2018-10-05,Manuka Oval,2,5.2,Australia,New Zealand,AJ Healy,BL Mooney,LMM Tahuhu,6,0,,,,,,,,,
1144980,2018/19,2018-10-05,Manuka Oval,2,5.3,Australia,New Zealand,AJ Healy,BL Mooney,LMM Tahuhu,4,0,,,,,,,,,
1144980,2018/19,2018-10-05,Manuka Oval,2,5.4,Australia,New Zealand,AJ Healy,BL Mooney,LMM Tahuhu,0,0,,,,,,,,,
1144980,2018/19,2018-10-05,Manuka Oval,2,5.5,Australia,New Zealand,AJ Healy,BL Mooney,LMM Tahuhu,4,0,,,,,,,,,
1144980,2018/19,2018-10-05,Manuka Oval,2,5.6,Australia,New Zealand,AJ Healy,BL Mooney,LMM Tahuhu,1,0,,,,,,,,,
1144980,2018/19,2018-10-05,Manuka Oval,2,6.1,Australia,New Zealand,AJ Healy,BL Mooney,JM Watkin,0,0,,,,,,,,,
1144980,2018/19,2018-10-05,Manuka Oval,2,6.2,Australia,New Zealand,AJ Healy,BL Mooney,JM Watkin,0,0,,,,,,,,,
1144980,2018/19,2018-10-05,Manuka Oval,2,6.3,Australia,New Zealand,AJ Healy,BL Mooney,JM Watkin,4,0,,,,,,,,,
1144980,2018/19,2018-10-05,Manuka Oval,2,6.4,Australia,New Zealand,AJ Healy,BL Mooney,JM Watkin,4,0,,,,,,,,,
1144980,2018/19,2018-10-05,Manuka Oval,2,6.5,Australia,New Zealand,AJ Healy,BL Mooney,JM Watkin,0,0,,,,,,,,,
1144980,2018/19,2018-10-05,Manuka Oval,2,6.6,Australia,New Zealand,AJ Healy,BL Mooney,JM Watkin,0,0,,,,,,,,,
1144980,2018/19,2018-10-05,Manuka Oval,2,7.1,Australia,New Zealand,BL Mooney,AJ Healy,AC Kerr,1,0,,,,,,,,,
1144980,2018/19,2018-10-05,Manuka Oval,2,7.2,Australia,New Zealand,AJ Healy,BL Mooney,AC Kerr,4,0,,,,,,,,,
1144980,2018/19,2018-10-05,Manuka Oval,2,7.3,Australia,New Zealand,AJ Healy,BL Mooney,AC Kerr,4,0,,,,,,,,,
1144980,2018/19,2018-10-05,Manuka Oval,2,7.4,Australia,New Zealand,AJ Healy,BL Mooney,AC Kerr,0,0,,,,,,,,,
1144980,2018/19,2018-10-05,Manuka Oval,2,7.5,Australia,New Zealand,AJ Healy,BL Mooney,AC Kerr,1,0,,,,,,,,,
1144980,2018/19,2018-10-05,Manuka Oval,2,7.6,Australia,New Zealand,BL Mooney,AJ Healy,AC Kerr,1,0,,,,,,,,,
1144980,2018/19,2018-10-05,Manuka Oval,2,8.1,Australia,New Zealand,BL Mooney,AJ Healy,SW Bates,4,0,,,,,,,,,
1144980,2018/19,2018-10-05,Manuka Oval,2,8.2,Australia,New Zealand,BL Mooney,AJ Healy,SW Bates,0,0,,,,,,,,,
1144980,2018/19,2018-10-05,Manuka Oval,2,8.3,Australia,New Zealand,BL Mooney,AJ Healy,SW Bates,4,0,,,,,,,,,
1144980,2018/19,2018-10-05,Manuka Oval,2,8.4,Australia,New Zealand,BL Mooney,AJ Healy,SW Bates,1,0,,,,,,,,,
1144980,2018/19,2018-10-05,Manuka Oval,2,8.5,Australia,New Zealand,AJ Healy,BL Mooney,SW Bates,1,0,,,,,,,,,
1144980,2018/19,2018-10-05,Manuka Oval,2,8.6,Australia,New Zealand,BL Mooney,AJ Healy,SW Bates,0,0,,,,,,,,,
1144980,2018/19,2018-10-05,Manuka Oval,2,9.1,Australia,New Zealand,AJ Healy,BL Mooney,KE Ebrahim,0,0,,,,,,,,,
1144980,2018/19,2018-10-05,Manuka Oval,2,9.2,Australia,New Zealand,AJ Healy,BL Mooney,KE Ebrahim,0,0,,,,,,,,,
1144980,2018/19,2018-10-05,Manuka Oval,2,9.3,Australia,New Zealand,AJ Healy,BL Mooney,KE Ebrahim,4,0,,,,,,,,,
1144980,2018/19,2018-10-05,Manuka Oval,2,9.4,Australia,New Zealand,AJ Healy,BL Mooney,KE Ebrahim,4,0,,,,,,,,,
1144980,2018/19,2018-10-05,Manuka Oval,2,9.5,Australia,New Zealand,AJ Healy,BL Mooney,KE Ebrahim,2,0,,,,,,,,,
1144980,2018/19,2018-10-05,Manuka Oval,2,9.6,Australia,New Zealand,AJ Healy,BL Mooney,KE Ebrahim,0,0,,,,,,,,,
1144980,2018/19,2018-10-05,Manuka Oval,2,10.1,Australia,New Zealand,BL Mooney,AJ Healy,HR Huddleston,1,0,,,,,,,,,
1144980,2018/19,2018-10-05,Manuka Oval,2,10.2,Australia,New Zealand,AJ Healy,BL Mooney,HR Huddleston,0,0,,,,,,,,,
1144980,2018/19,2018-10-05,Manuka Oval,2,10.3,Australia,New Zealand,AJ Healy,BL Mooney,HR Huddleston,4,0,,,,,,,,,
1144980,2018/19,2018-10-05,Manuka Oval,2,10.4,Australia,New Zealand,AJ Healy,BL Mooney,HR Huddleston,4,0,,,,,,,,,
1144980,2018/19,2018-10-05,Manuka Oval,2,10.5,Australia,New Zealand,AJ Healy,BL Mooney,HR Huddleston,1,0,,,,,,,,,
1144980,2018/19,2018-10-05,Manuka Oval,2,10.6,Australia,New Zealand,BL Mooney,AJ Healy,HR Huddleston,4,0,,,,,,,,,
1144980,2018/19,2018-10-05,Manuka Oval,2,11.1,Australia,New Zealand,AJ Healy,BL Mooney,SFM Devine,1,0,,,,,,,,,
1144980,2018/19,2018-10-05,Manuka Oval,2,11.2,Australia,New Zealand,BL Mooney,AJ Healy,SFM Devine,1,0,,,,,,,,,
1144980,2018/19,2018-10-05,Manuka Oval,2,11.3,Australia,New Zealand,AJ Healy,BL Mooney,SFM Devine,4,0,,,,,,,,,
1144980,2018/19,2018-10-05,Manuka Oval,2,11.4,Australia,New Zealand,AJ Healy,BL Mooney,SFM Devine,0,0,,,,,,caught,AJ Healy,,
1144980,2018/19,2018-10-05,Manuka Oval,2,11.5,Australia,New Zealand,BL Mooney,A Gardner,SFM Devine,1,0,,,,,,,,,
1144980,2018/19,2018-10-05,Manuka Oval,2,11.6,Australia,New Zealand,A Gardner,BL Mooney,SFM Devine,0,1,,1,,,,,,,
1144980,2018/19,2018-10-05,Manuka Oval,2,11.7,Australia,New Zealand,A Gardner,BL Mooney,SFM Devine,1,0,,,,,,,,,
1144980,2018/19,2018-10-05,Manuka Oval,2,12.1,Australia,New Zealand,A Gardner,BL Mooney,JM Watkin,0,0,,,,,,,,,
1144980,2018/19,2018-10-05,Manuka Oval,2,12.2,Australia,New Zealand,A Gardner,BL Mooney,JM Watkin,0,0,,,,,,,,,
1144980,2018/19,2018-10-05,Manuka Oval,2,12.3,Australia,New Zealand,A Gardner,BL Mooney,JM Watkin,4,0,,,,,,,,,
