match_id,season,start_date,venue,innings,ball,batting_team,bowling_team,striker,non_striker,bowler,runs_off_bat,extras,wides,noballs,byes,legbyes,penalty,wicket_type,player_dismissed,other_wicket_type,other_player_dismissed
1144979,2018/19,2018-10-01,Allan Border Field,1,0.1,New Zealand,Australia,SW Bates,SFM Devine,S Molineux,1,0,,,,,,,,,
1144979,2018/19,2018-10-01,Allan Border Field,1,0.2,New Zealand,Australia,SFM Devine,SW Bates,S Molineux,0,1,,,,1,,,,,
1144979,2018/19,2018-10-01,Allan Border Field,1,0.3,New Zealand,Australia,SW Bates,SFM Devine,S Molineux,1,0,,,,,,,,,
1144979,2018/19,2018-10-01,Allan Border Field,1,0.4,New Zealand,Australia,SFM Devine,SW Bates,S Molineux,1,0,,,,,,,,,
1144979,2018/19,2018-10-01,Allan Border Field,1,0.5,New Zealand,Australia,SW Bates,SFM Devine,S Molineux,2,0,,,,,,,,,
1144979,2018/19,2018-10-01,Allan Border Field,1,0.6,New Zealand,Australia,SW Bates,SFM Devine,S Molineux,0,0,,,,,,,,,
1144979,2018/19,2018-10-01,Allan Border Field,1,1.1,New Zealand,Australia,SFM Devine,SW Bates,ML Schutt,0,1,,,,1,,,,,
1144979,2018/19,2018-10-01,Allan Border Field,1,1.2,New Zealand,Australia,SW Bates,SFM Devine,ML Schutt,1,0,,,,,,,,,
1144979,2018/19,2018-10-01,Allan Border Field,1,1.3,New Zealand,Australia,SFM Devine,SW Bates,ML Schutt,0,0,,,,,,caught,SFM Devine,,
1144979,2018/19,2018-10-01,Allan Border Field,1,1.4,New Zealand,Australia,SW Bates,JM Watkin,ML Schutt,0,0,,,,,,,,,
1144979,2018/19,2018-10-01,Allan Border Field,1,1.5,New Zealand,Australia,SW Bates,JM Watkin,ML Schutt,1,0,,,,,,,,,
1144979,2018/19,2018-10-01,Allan Border Field,1,1.6,New Zealand,Australia,JM Watkin,SW Bates,ML Schutt,0,0,,,,,,,,,
1144979,2018/19,2018-10-01,Allan Border Field,1,2.1,New Zealand,Australia,SW Bates,JM Watkin,EA Perry,1,0,,,,,,,,,
1144979,2018/19,2018-10-01,Allan Border Field,1,2.2,New Zealand,Australia,JM Watkin,SW Bates,EA Perry,1,0,,,,,,,,,
1144979,2018/19,2018-10-01,Allan Border Field,1,2.3,New Zealand,Australia,SW Bates,JM Watkin,EA Perry,1,0,,,,,,,,,
1144979,2018/19,2018-10-01,Allan Border Field,1,2.4,New Zealand,Australia,JM Watkin,SW Bates,EA Perry,1,0,,,,,,,,,
1144979,2018/19,2018-10-01,Allan Border Field,1,2.5,New Zealand,Australia,SW Bates,JM Watkin,EA Perry,0,0,,,,,,,,,
1144979,2018/19,2018-10-01,Allan Border Field,1,2.6,New Zealand,Australia,SW Bates,JM Watkin,EA Perry,4,0,,,,,,,,,
1144979,2018/19,2018-10-01,Allan Border Field,1,3.1,New Zealand,Australia,JM Watkin,SW Bates,ML Schutt,0,0,,,,,,caught,JM Watkin,,
1144979,2018/19,2018-10-01,Allan Border Field,1,3.2,New Zealand,Australia,SW Bates,AE Satterthwaite,ML Schutt,1,0,,,,,,,,,
1144979,2018/19,2018-10-01,Allan Border Field,1,3.3,New Zealand,Australia,AE Satterthwaite,SW Bates,ML Schutt,0,0,,,,,,,,,
1144979,2018/19,2018-10-01,Allan Border Field,1,3.4,New Zealand,Australia,AE Satterthwaite,SW Bates,ML Schutt,0,0,,,,,,,,,
1144979,2018/19,2018-10-01,Allan Border Field,1,3.5,New Zealand,Australia,AE Satterthwaite,SW Bates,ML Schutt,4,0,,,,,,,,,
1144979,2018/19,2018-10-01,Allan Border Field,1,3.6,New Zealand,Australia,AE Satterthwaite,SW Bates,ML Schutt,0,0,,,,,,,,,
1144979,2018/19,2018-10-01,Allan Border Field,1,4.1,New Zealand,Australia,SW Bates,AE Satterthwaite,A Gardner,4,0,,,,,,,,,
1144979,2018/19,2018-10-01,Allan Border Field,1,4.2,New Zealand,Australia,SW Bates,AE Satterthwaite,A Gardner,0,0,,,,,,,,,
1144979,2018/19,2018-10-01,Allan Border Field,1,4.3,New Zealand,Australia,SW Bates,AE Satterthwaite,A Gardner,4,0,,,,,,,,,
1144979,2018/19,2018-10-01,Allan Border Field,1,4.4,New Zealand,Australia,SW Bates,AE Satterthwaite,A Gardner,2,0,,,,,,,,,
1144979,2018/19,2018-10-01,Allan Border Field,1,4.5,New Zealand,Australia,SW Bates,AE Satterthwaite,A Gardner,0,0,,,,,,,,,
1144979,2018/19,2018-10-01,Allan Border Field,1,4.6,New Zealand,Australia,SW Bates,AE Satterthwaite,A Gardner,4,0,,,,,,,,,
1144979,2018/19,2018-10-01,Allan Border Field,1,5.1,New Zealand,Australia,AE Satterthwaite,SW Bates,S Molineux,4,0,,,,,,,,,
1144979,2018/19,2018-10-01,Allan Border Field,1,5.2,New Zealand,Australia,AE Satterthwaite,SW Bates,S Molineux,1,0,,,,,,,,,
1144979,2018/19,2018-10-01,Allan Border Field,1,5.3,New Zealand,Australia,SW Bates,AE Satterthwaite,S Molineux,4,0,,,,,,,,,
1144979,2018/19,2018-10-01,Allan Border Field,1,5.4,New Zealand,Australia,SW Bates,AE Satterthwaite,S Molineux,0,0,,,,,,,,,
1144979,2018/19,2018-10-01,Allan Border Field,1,5.5,New Zealand,Australia,SW Bates,AE Satterthwaite,S Molineux,6,0,,,,,,,,,
1144979,2018/19,2018-10-01,Allan Border Field,1,5.6,New Zealand,Australia,SW Bates,AE Satterthwaite,S Molineux,1,0,,,,,,,,,
1144979,2018/19,2018-10-01,Allan Border Field,1,6.1,New Zealand,Australia,SW Bates,AE Satterthwaite,DM Kimmince,1,0,,,,,,,,,
1144979,2018/19,2018-10-01,Allan Border Field,1,6.2,New Zealand,Australia,AE Satterthwaite,SW Bates,DM Kimmince,0,0,,,,,,,,,
1144979,2018/19,2018-10-01,Allan Border Field,1,6.3,New Zealand,Australia,AE Satterthwaite,SW Bates,DM Kimmince,1,0,,,,,,,,,
1144979,2018/19,2018-10-01,Allan Border Field,1,6.4,New Zealand,Australia,SW Bates,AE Satterthwaite,DM Kimmince,1,0,,,,,,,,,
1144979,2018/19,2018-10-01,Allan Border Field,1,6.5,New Zealand,Australia,AE Satterthwaite,SW Bates,DM Kimmince,1,0,,,,,,,,,
1144979,2018/19,2018-10-01,Allan Border Field,1,6.6,New Zealand,Australia,SW Bates,AE Satterthwaite,DM Kimmince,0,0,,,,,,,,,
1144979,2018/19,2018-10-01,Allan Border Field,1,7.1,New Zealand,Australia,AE Satterthwaite,SW Bates,G Wareham,6,0,,,,,,,,,
1144979,2018/19,2018-10-01,Allan Border Field,1,7.2,New Zealand,Australia,AE Satterthwaite,SW Bates,G Wareham,0,0,,,,,,,,,
1144979,2018/19,2018-10-01,Allan Border Field,1,7.3,New Zealand,Australia,AE Satterthwaite,SW Bates,G Wareham,1,0,,,,,,,,,
1144979,2018/19,2018-10-01,Allan Border Field,1,7.4,New Zealand,Australia,SW Bates,AE Satterthwaite,G Wareham,0,0,,,,,,,,,
1144979,2018/19,2018-10-01,Allan Border Field,1,7.5,New Zealand,Australia,SW Bates,AE Satterthwaite,G Wareham,1,0,,,,,,,,,
1144979,2018/19,2018-10-01,Allan Border Field,1,7.6,New Zealand,Australia,AE Satterthwaite,SW Bates,G Wareham,1,0,,,,,,,,,
1144979,2018/19,2018-10-01,Allan Border Field,1,8.1,New Zealand,Australia,AE Satterthwaite,SW Bates,EA Perry,1,0,,,,,,,,,
1144979,2018/19,2018-10-01,Allan Border Field,1,8.2,New Zealand,Australia,SW Bates,AE Satterthwaite,EA Perry,0,0,,,,,,,,,
1144979,2018/19,2018-10-01,Allan Border Field,1,8.3,New Zealand,Australia,SW Bates,AE Satterthwaite,EA Perry,0,1,,1,,,,,,,
1144979,2018/19,2018-10-01,Allan Border Field,1,8.4,New Zealand,Australia,SW Bates,AE Satterthwaite,EA Perry,1,1,,1,,,,,,,
1144979,2018/19,2018-10-01,Allan Border Field,1,8.5,New Zealand,Australia,AE Satterthwaite,SW Bates,EA Perry,0,1,,1,,,,,,,
1144979,2018/19,2018-10-01,Allan Border Field,1,8.6,New Zealand,Australia,AE Satterthwaite,SW Bates,EA Perry,6,0,,,,,,,,,
1144979,2018/19,2018-10-01,Allan Border Field,1,8.7,New Zealand,Australia,AE Satterthwaite,SW Bates,EA Perry,0,0,,,,,,,,,
1144979,2018/19,2018-10-01,Allan Border Field,1,8.8,New Zealand,Australia,AE Satterthwaite,SW Bates,EA Perry,1,0,,,,,,,,,
1144979,2018/19,2018-10-01,Allan Border Field,1,8.9,New Zealand,Australia,SW Bates,AE Satterthwaite,EA Perry,0,0,,,,,,,,,
1144979,2018/19,2018-10-01,Allan Border Field,1,9.1,New Zealand,Australia,AE Satterthwaite,SW Bates,DM Kimmince,0,0,,,,,,caught,AE Satterthwaite,,
1144979,2018/19,2018-10-01,Allan Border Field,1,9.2,New Zealand,Australia,KJ Martin,SW Bates,DM Kimmince,0,0,,,,,,,,,
1144979,2018/19,2018-10-01,Allan Border Field,1,9.3,New Zealand,Australia,KJ Martin,SW Bates,DM Kimmince,0,0,,,,,,,,,
1144979,2018/19,2018-10-01,Allan Border Field,1,9.4,New Zealand,Australia,KJ Martin,SW Bates,DM Kimmince,0,0,,,,,,,,,
1144979,2018/19,2018-10-01,Allan Border Field,1,9.5,New Zealand,Australia,KJ Martin,SW Bates,DM Kimmince,1,0,,,,,,,,,
1144979,2018/19,2018-10-01,Allan Border Field,1,9.6,New Zealand,Australia,SW Bates,KJ Martin,DM Kimmince,2,0,,,,,,,,,
1144979,2018/19,2018-10-01,Allan Border Field,1,10.1,New Zealand,Australia,KJ Martin,SW Bates,A Gardner,1,0,,,,,,,,,
1144979,2018/19,2018-10-01,Allan Border Field,1,10.2,New Zealand,Australia,SW Bates,KJ Martin,A Gardner,4,0,,,,,,,,,
1144979,2018/19,2018-10-01,Allan Border Field,1,10.3,New Zealand,Australia,SW Bates,KJ Martin,A Gardner,0,0,,,,,,,,,
1144979,2018/19,2018-10-01,Allan Border Field,1,10.4,New Zealand,Australia,SW Bates,KJ Martin,A Gardner,4,0,,,,,,,,,
1144979,2018/19,2018-10-01,Allan Border Field,1,10.5,New Zealand,Australia,SW Bates,KJ Martin,A Gardner,6,0,,,,,,,,,
1144979,2018/19,2018-10-01,Allan Border Field,1,10.6,New Zealand,Australia,SW Bates,KJ Martin,A Gardner,0,0,,,,,,,,,
1144979,2018/19,2018-10-01,Allan Border Field,1,11.1,New Zealand,Australia,KJ Martin,SW Bates,G Wareham,1,0,,,,,,,,,
1144979,2018/19,2018-10-01,Allan Border Field,1,11.2,New Zealand,Australia,SW Bates,KJ Martin,G Wareham,4,0,,,,,,,,,
1144979,2018/19,2018-10-01,Allan Border Field,1,11.3,New Zealand,Australia,SW Bates,KJ Martin,G Wareham,0,1,,,,1,,,,,
1144979,2018/19,2018-10-01,Allan Border Field,1,11.4,New Zealand,Australia,KJ Martin,SW Bates,G Wareham,0,0,,,,,,caught and bowled,KJ Martin,,
1144979,2018/19,2018-10-01,Allan Border Field,1,11.5,New Zealand,Australia,ML Green,SW Bates,G Wareham,0,0,,,,,,,,,
1144979,2018/19,2018-10-01,Allan Border Field,1,11.6,New Zealand,Australia,ML Green,SW Bates,G Wareham,2,0,,,,,,,,,
1144979,2018/19,2018-10-01,Allan Border Field,1,12.1,New Zealand,Australia,SW Bates,ML Green,DM Kimmince,4,0,,,,,,,,,
1144979,2018/19,2018-10-01,Allan Border Field,1,12.2,New Zealand,Australia,SW Bates,ML Green,DM Kimmince,0,0,,,,,,,,,
1144979,2018/19,2018-10-01,Allan Border Field,1,12.3,New Zealand,Australia,SW Bates,ML Green,DM Kimmince,0,0,,,,,,,,,
1144979,2018/19,2018-10-01,Allan Border Field,1,12.4,New Zealand,Australia,SW Bates,ML Green,DM Kimmince,1,0,,,,,,,,,
1144979,2018/19,2018-10-01,Allan Border Field,1,12.5,New Zealand,Australia,ML Green,SW Bates,DM Kimmince,0,0,,,,,,,,,
1144979,2018/19,2018-10-01,Allan Border Field,1,12.6,New Zealand,Australia,ML Green,SW Bates,DM Kimmince,0,0,,,,,,,,,
1144979,2018/19,2018-10-01,Allan Border Field,1,13.1,New Zealand,Australia,SW Bates,ML Green,S Molineux,1,0,,,,,,,,,
1144979,2018/19,2018-10-01,Allan Border Field,1,13.2,New Zealand,Australia,ML Green,SW Bates,S Molineux,1,0,,,,,,,,,
1144979,2018/19,2018-10-01,Allan Border Field,1,13.3,New Zealand,Australia,SW Bates,ML Green,S Molineux,0,0,,,,,,,,,
1144979,2018/19,2018-10-01,Allan Border Field,1,13.4,New Zealand,Australia,SW Bates,ML Green,S Molineux,1,0,,,,,,,,,
1144979,2018/19,2018-10-01,Allan Border Field,1,13.5,New Zealand,Australia,ML Green,SW Bates,S Molineux,1,0,,,,,,,,,
1144979,2018/19,2018-10-01,Allan Border Field,1,13.6,New Zealand,Australia,SW Bates,ML Green,S Molineux,0,0,,,,,,,,,
1144979,2018/19,2018-10-01,Allan Border Field,1,14.1,New Zealand,Australia,ML Green,SW Bates,EA Perry,0,1,,,,1,,,,,
1144979,2018/19,2018-10-01,Allan Border Field,1,14.2,New Zealand,Australia,SW Bates,ML Green,EA Perry,0,0,,,,,,,,,
1144979,2018/19,2018-10-01,Allan Border Field,1,14.3,New Zealand,Australia,SW Bates,ML Green,EA Perry,4,0,,,,,,,,,
1144979,2018/19,2018-10-01,Allan Border Field,1,14.4,New Zealand,Australia,SW Bates,ML Green,EA Perry,0,0,,,,,,,,,
1144979,2018/19,2018-10-01,Allan Border Field,1,14.5,New Zealand,Australia,SW Bates,ML Green,EA Perry,4,0,,,,,,,,,
1144979,2018/19,2018-10-01,Allan Border Field,1,14.6,New Zealand,Australia,SW Bates,ML Green,EA Perry,0,0,,,,,,caught,SW Bates,,
1144979,2018/19,2018-10-01,Allan Border Field,1,15.1,New Zealand,Australia,ML Green,B Bezuidenhout,G Wareham,1,0,,,,,,,,,
1144979,2018/19,2018-10-01,Allan Border Field,1,15.2,New Zealand,Australia,B Bezuidenhout,ML Green,G Wareham,0,0,,,,,,,,,
1144979,2018/19,2018-10-01,Allan Border Field,1,15.3,New Zealand,Australia,B Bezuidenhout,ML Green,G Wareham,0,0,,,,,,,,,
1144979,2018/19,2018-10-01,Allan Border Field,1,15.4,New Zealand,Australia,B Bezuidenhout,ML Green,G Wareham,0,0,,,,,,,,,
1144979,2018/19,2018-10-01,Allan Border Field,1,15.5,New Zealand,Australia,B Bezuidenhout,ML Green,G Wareham,0,1,1,,,,,,,,
1144979,2018/19,2018-10-01,Allan Border Field,1,15.6,New Zealand,Australia,B Bezuidenhout,ML Green,G Wareham,0,1,1,,,,,,,,
1144979,2018/19,2018-10-01,Allan Border Field,1,15.7,New Zealand,Australia,B Bezuidenhout,ML Green,G Wareham,1,0,,,,,,,,,
1144979,2018/19,2018-10-01,Allan Border Field,1,15.8,New Zealand,Australia,ML Green,B Bezuidenhout,G Wareham,1,0,,,,,,,,,
1144979,2018/19,2018-10-01,Allan Border Field,1,16.1,New Zealand,Australia,ML Green,B Bezuidenhout,ML Schutt,0,0,,,,,,,,,
1144979,2018/19,2018-10-01,Allan Border Field,1,16.2,New Zealand,Australia,ML Green,B Bezuidenhout,ML Schutt,2,0,,,,,,,,,
1144979,2018/19,2018-10-01,Allan Border Field,1,16.3,New Zealand,Australia,ML Green,B Bezuidenhout,ML Schutt,1,0,,,,,,,,,
1144979,2018/19,2018-10-01,Allan Border Field,1,16.4,New Zealand,Australia,B Bezuidenhout,ML Green,ML Schutt,0,0,,,,,,,,,
1144979,2018/19,2018-10-01,Allan Border Field,1,16.5,New Zealand,Australia,B Bezuidenhout,ML Green,ML Schutt,1,0,,,,,,,,,
1144979,2018/19,2018-10-01,Allan Border Field,1,16.6,New Zealand,Australia,ML Green,B Bezuidenhout,ML Schutt,0,0,,,,,,,,,
1144979,2018/19,2018-10-01,Allan Border Field,1,17.1,New Zealand,Australia,B Bezuidenhout,ML Green,S Molineux,1,0,,,,,,,,,
1144979,2018/19,2018-10-01,Allan Border Field,1,17.2,New Zealand,Australia,ML Green,B Bezuidenhout,S Molineux,1,0,,,,,,,,,
1144979,2018/19,2018-10-01,Allan Border Field,1,17.3,New Zealand,Australia,B Bezuidenhout,ML Green,S Molineux,0,0,,,,,,caught,B Bezuidenhout,,
1144979,2018/19,2018-10-01,Allan Border Field,1,17.4,New Zealand,Australia,HNK Jensen,ML Green,S Molineux,0,0,,,,,,,,,
1144979,2018/19,2018-10-01,Allan Border Field,1,17.5,New Zealand,Australia,HNK Jensen,ML Green,S Molineux,1,0,,,,,,,,,
1144979,2018/19,2018-10-01,Allan Border Field,1,17.6,New Zealand,Australia,ML Green,HNK Jensen,S Molineux,1,0,,,,,,,,,
1144979,2018/19,2018-10-01,Allan Border Field,1,18.1,New Zealand,Australia,ML Green,HNK Jensen,DM Kimmince,1,0,,,,,,,,,
1144979,2018/19,2018-10-01,Allan Border Field,1,18.2,New Zealand,Australia,HNK Jensen,ML Green,DM Kimmince,1,0,,,,,,,,,
1144979,2018/19,2018-10-01,Allan Border Field,1,18.3,New Zealand,Australia,ML Green,HNK Jensen,DM Kimmince,1,0,,,,,,,,,
1144979,2018/19,2018-10-01,Allan Border Field,1,18.4,New Zealand,Australia,HNK Jensen,ML Green,DM Kimmince,0,1,1,,,,,,,,
1144979,2018/19,2018-10-01,Allan Border Field,1,18.5,New Zealand,Australia,HNK Jensen,ML Green,DM Kimmince,0,1,,,,1,,,,,
1144979,2018/19,2018-10-01,Allan Border Field,1,18.6,New Zealand,Australia,ML Green,HNK Jensen,DM Kimmince,1,0,,,,,,,,,
1144979,2018/19,2018-10-01,Allan Border Field,1,18.7,New Zealand,Australia,HNK Jensen,ML Green,DM Kimmince,0,1,,,,1,,,,,
1144979,2018/19,2018-10-01,Allan Border Field,1,19.1,New Zealand,Australia,HNK Jensen,ML Green,ML Schutt,0,0,,,,,,caught,HNK Jensen,,
1144979,2018/19,2018-10-01,Allan Border Field,1,19.2,New Zealand,Australia,AC Kerr,ML Green,ML Schutt,0,0,,,,,,,,,
1144979,2018/19,2018-10-01,Allan Border Field,1,19.3,New Zealand,Australia,AC Kerr,ML Green,ML Schutt,1,0,,,,,,,,,
1144979,2018/19,2018-10-01,Allan Border Field,1,19.4,New Zealand,Australia,ML Green,AC Kerr,ML Schutt,1,0,,,,,,,,,
1144979,2018/19,2018-10-01,Allan Border Field,1,19.5,New Zealand,Australia,AC Kerr,ML Green,ML Schutt,0,0,,,,,,run out,ML Green,,
1144979,2018/19,2018-10-01,Allan Border Field,1,19.6,New Zealand,Australia,LM Kasperek,AC Kerr,ML Schutt,2,0,,,,,,,,,
1144979,2018/19,2018-10-01,Allan Border Field,2,0.1,Australia,New Zealand,BL Mooney,AJ Healy,SFM Devine,0,1,,,,1,,,,,
1144979,2018/19,2018-10-01,Allan Border Field,2,0.2,Australia,New Zealand,AJ Healy,BL Mooney,SFM Devine,0,0,,,,,,,,,
1144979,2018/19,2018-10-01,Allan Border Field,2,0.3,Australia,New Zealand,AJ Healy,BL Mooney,SFM Devine,0,0,,,,,,,,,
1144979,2018/19,2018-10-01,Allan Border Field,2,0.4,Australia,New Zealand,AJ Healy,BL Mooney,SFM Devine,0,0,,,,,,,,,
1144979,2018/19,2018-10-01,Allan Border Field,2,0.5,Australia,New Zealand,AJ Healy,BL Mooney,SFM Devine,0,0,,,,,,,,,
1144979,2018/19,2018-10-01,Allan Border Field,2,0.6,Australia,New Zealand,AJ Healy,BL Mooney,SFM Devine,0,0,,,,,,,,,
1144979,2018/19,2018-10-01,Allan Border Field,2,1.1,Australia,New Zealand,BL Mooney,AJ Healy,LMM Tahuhu,0,0,,,,,,,,,
1144979,2018/19,2018-10-01,Allan Border Field,2,1.2,Australia,New Zealand,BL Mooney,AJ Healy,LMM Tahuhu,0,0,,,,,,bowled,BL Mooney,,
1144979,2018/19,2018-10-01,Allan Border Field,2,1.3,Australia,New Zealand,A Gardner,AJ Healy,LMM Tahuhu,0,0,,,,,,,,,
1144979,2018/19,2018-10-01,Allan Border Field,2,1.4,Australia,New Zealand,A Gardner,AJ Healy,LMM Tahuhu,1,0,,,,,,,,,
1144979,2018/19,2018-10-01,Allan Border Field,2,1.5,Australia,New Zealand,AJ Healy,A Gardner,LMM Tahuhu,4,0,,,,,,,,,
1144979,2018/19,2018-10-01,Allan Border Field,2,1.6,Australia,New Zealand,AJ Healy,A Gardner,LMM Tahuhu,1,0,,,,,,,,,
1144979,2018/19,2018-10-01,Allan Border Field,2,2.1,Australia,New Zealand,AJ Healy,A Gardner,SFM Devine,4,0,,,,,,,,,
1144979,2018/19,2018-10-01,Allan Border Field,2,2.2,Australia,New Zealand,AJ Healy,A Gardner,SFM Devine,0,0,,,,,,,,,
1144979,2018/19,2018-10-01,Allan Border Field,2,2.3,Australia,New Zealand,AJ Healy,A Gardner,SFM Devine,1,0,,,,,,,,,
1144979,2018/19,2018-10-01,Allan Border Field,2,2.4,Australia,New Zealand,A Gardner,AJ Healy,SFM Devine,0,1,1,,,,,,,,
1144979,2018/19,2018-10-01,Allan Border Field,2,2.5,Australia,New Zealand,A Gardner,AJ Healy,SFM Devine,1,0,,,,,,,,,
1144979,2018/19,2018-10-01,Allan Border Field,2,2.6,Australia,New Zealand,AJ Healy,A Gardner,SFM Devine,4,0,,,,,,,,,
1144979,2018/19,2018-10-01,Allan Border Field,2,2.7,Australia,New Zealand,AJ Healy,A Gardner,SFM Devine,0,0,,,,,,,,,
1144979,2018/19,2018-10-01,Allan Border Field,2,3.1,Australia,New Zealand,A Gardner,AJ Healy,LMM Tahuhu,2,0,,,,,,,,,
1144979,2018/19,2018-10-01,Allan Border Field,2,3.2,Australia,New Zealand,A Gardner,AJ Healy,LMM Tahuhu,4,0,,,,,,,,,
1144979,2018/19,2018-10-01,Allan Border Field,2,3.3,Australia,New Zealand,A Gardner,AJ Healy,LMM Tahuhu,0,0,,,,,,,,,
1144979,2018/19,2018-10-01,Allan Border Field,2,3.4,Australia,New Zealand,A Gardner,AJ Healy,LMM Tahuhu,4,0,,,,,,,,,
1144979,2018/19,2018-10-01,Allan Border Field,2,3.5,Australia,New Zealand,A Gardner,AJ Healy,LMM Tahuhu,0,0,,,,,,,,,
1144979,2018/19,2018-10-01,Allan Border Field,2,3.6,Australia,New Zealand,A Gardner,AJ Healy,LMM Tahuhu,0,0,,,,,,,,,
1144979,2018/19,2018-10-01,Allan Border Field,2,4.1,Australia,New Zealand,AJ Healy,A Gardner,LM Kasperek,4,0,,,,,,,,,
1144979,2018/19,2018-10-01,Allan Border Field,2,4.2,Australia,New Zealand,AJ Healy,A Gardner,LM Kasperek,0,0,,,,,,,,,
1144979,2018/19,2018-10-01,Allan Border Field,2,4.3,Australia,New Zealand,AJ Healy,A Gardner,LM Kasperek,1,0,,,,,,,,,
1144979,2018/19,2018-10-01,Allan Border Field,2,4.4,Australia,New Zealand,A Gardner,AJ Healy,LM Kasperek,4,0,,,,,,,,,
1144979,2018/19,2018-10-01,Allan Border Field,2,4.5,Australia,New Zealand,A Gardner,AJ Healy,LM Kasperek,0,0,,,,,,,,,
1144979,2018/19,2018-10-01,Allan Border Field,2,4.6,Australia,New Zealand,A Gardner,AJ Healy,LM Kasperek,0,0,,,,,,run out,A Gardner,,
1144979,2018/19,2018-10-01,Allan Border Field,2,5.1,Australia,New Zealand,AJ Healy,EJ Villani,HNK Jensen,4,0,,,,,,,,,
1144979,2018/19,2018-10-01,Allan Border Field,2,5.2,Australia,New Zealand,AJ Healy,EJ Villani,HNK Jensen,1,0,,,,,,,,,
1144979,2018/19,2018-10-01,Allan Border Field,2,5.3,Australia,New Zealand,EJ Villani,AJ Healy,HNK Jensen,0,0,,,,,,,,,
1144979,2018/19,2018-10-01,Allan Border Field,2,5.4,Australia,New Zealand,EJ Villani,AJ Healy,HNK Jensen,0,0,,,,,,,,,
1144979,2018/19,2018-10-01,Allan Border Field,2,5.5,Australia,New Zealand,EJ Villani,AJ Healy,HNK Jensen,0,0,,,,,,,,,
1144979,2018/19,2018-10-01,Allan Border Field,2,5.6,Australia,New Zealand,EJ Villani,AJ Healy,HNK Jensen,1,0,,,,,,,,,
1144979,2018/19,2018-10-01,Allan Border Field,2,6.1,Australia,New Zealand,EJ Villani,AJ Healy,LM Kasperek,0,0,,,,,,,,,
1144979,2018/19,2018-10-01,Allan Border Field,2,6.2,Australia,New Zealand,EJ Villani,AJ Healy,LM Kasperek,0,0,,,,,,,,,
1144979,2018/19,2018-10-01,Allan Border Field,2,6.3,Australia,New Zealand,EJ Villani,AJ Healy,LM Kasperek,1,0,,,,,,,,,
1144979,2018/19,2018-10-01,Allan Border Field,2,6.4,Australia,New Zealand,AJ Healy,EJ Villani,LM Kasperek,0,0,,,,,,,,,
1144979,2018/19,2018-10-01,Allan Border Field,2,6.5,Australia,New Zealand,AJ Healy,EJ Villani,LM Kasperek,2,0,,,,,,,,,
1144979,2018/19,2018-10-01,Allan Border Field,2,6.6,Australia,New Zealand,AJ Healy,EJ Villani,LM Kasperek,1,0,,,,,,,,,
1144979,2018/19,2018-10-01,Allan Border Field,2,7.1,Australia,New Zealand,AJ Healy,EJ Villani,AC Kerr,1,0,,,,,,,,,
1144979,2018/19,2018-10-01,Allan Border Field,2,7.2,Australia,New Zealand,EJ Villani,AJ Healy,AC Kerr,0,0,,,,,,,,,
1144979,2018/19,2018-10-01,Allan Border Field,2,7.3,Australia,New Zealand,EJ Villani,AJ Healy,AC Kerr,4,0,,,,,,,,,
1144979,2018/19,2018-10-01,Allan Border Field,2,7.4,Australia,New Zealand,EJ Villani,AJ Healy,AC Kerr,0,0,,,,,,,,,
1144979,2018/19,2018-10-01,Allan Border Field,2,7.5,Australia,New Zealand,EJ Villani,AJ Healy,AC Kerr,1,0,,,,,,,,,
1144979,2018/19,2018-10-01,Allan Border Field,2,7.6,Australia,New Zealand,AJ Healy,EJ Villani,AC Kerr,1,0,,,,,,,,,
1144979,2018/19,2018-10-01,Allan Border Field,2,8.1,Australia,New Zealand,AJ Healy,EJ Villani,HNK Jensen,4,0,,,,,,,,,
1144979,2018/19,2018-10-01,Allan Border Field,2,8.2,Australia,New Zealand,AJ Healy,EJ Villani,HNK Jensen,0,0,,,,,,,,,
1144979,2018/19,2018-10-01,Allan Border Field,2,8.3,Australia,New Zealand,AJ Healy,EJ Villani,HNK Jensen,1,0,,,,,,,,,
1144979,2018/19,2018-10-01,Allan Border Field,2,8.4,Australia,New Zealand,EJ Villani,AJ Healy,HNK Jensen,2,0,,,,,,,,,
1144979,2018/19,2018-10-01,Allan Border Field,2,8.5,Australia,New Zealand,EJ Villani,AJ Healy,HNK Jensen,1,0,,,,,,,,,
1144979,2018/19,2018-10-01,Allan Border Field,2,8.6,Australia,New Zealand,AJ Healy,EJ Villani,HNK Jensen,0,0,,,,,,,,,
1144979,2018/19,2018-10-01,Allan Border Field,2,9.1,Australia,New Zealand,EJ Villani,AJ Healy,LMM Tahuhu,4,0,,,,,,,,,
1144979,2018/19,2018-10-01,Allan Border Field,2,9.2,Australia,New Zealand,EJ Villani,AJ Healy,LMM Tahuhu,1,0,,,,,,,,,
1144979,2018/19,2018-10-01,Allan Border Field,2,9.3,Australia,New Zealand,AJ Healy,EJ Villani,LMM Tahuhu,1,0,,,,,,,,,
1144979,2018/19,2018-10-01,Allan Border Field,2,9.4,Australia,New Zealand,EJ Villani,AJ Healy,LMM Tahuhu,1,0,,,,,,,,,
1144979,2018/19,2018-10-01,Allan Border Field,2,9.5,Australia,New Zealand,AJ Healy,EJ Villani,LMM Tahuhu,0,0,,,,,,,,,
1144979,2018/19,2018-10-01,Allan Border Field,2,9.6,Australia,New Zealand,AJ Healy,EJ Villani,LMM Tahuhu,0,0,,,,,,,,,
1144979,2018/19,2018-10-01,Allan Border Field,2,10.1,Australia,New Zealand,EJ Villani,AJ Healy,LM Kasperek,1,0,,,,,,,,,
1144979,2018/19,2018-10-01,Allan Border Field,2,10.2,Australia,New Zealand,AJ Healy,EJ Villani,LM Kasperek,2,0,,,,,,,,,
1144979,2018/19,2018-10-01,Allan Border Field,2,10.3,Australia,New Zealand,AJ Healy,EJ Villani,LM Kasperek,0,0,,,,,,,,,
1144979,2018/19,2018-10-01,Allan Border Field,2,10.4,Australia,New Zealand,AJ Healy,EJ Villani,LM Kasperek,4,0,,,,,,,,,
1144979,2018/19,2018-10-01,Allan Border Field,2,10.5,Australia,New Zealand,AJ Healy,EJ Villani,LM Kasperek,4,0,,,,,,,,,
1144979,2018/19,2018-10-01,Allan Border Field,2,10.6,Australia,New Zealand,AJ Healy,EJ Villani,LM Kasperek,1,0,,,,,,,,,
1144979,2018/19,2018-10-01,Allan Border Field,2,11.1,Australia,New Zealand,AJ Healy,EJ Villani,AC Kerr,4,0,,,,,,,,,
1144979,2018/19,2018-10-01,Allan Border Field,2,11.2,Australia,New Zealand,AJ Healy,EJ Villani,AC Kerr,4,0,,,,,,,,,
1144979,2018/19,2018-10-01,Allan Border Field,2,11.3,Australia,New Zealand,AJ Healy,EJ Villani,AC Kerr,0,0,,,,,,,,,
1144979,2018/19,2018-10-01,Allan Border Field,2,11.4,Australia,New Zealand,AJ Healy,EJ Villani,AC Kerr,1,0,,,,,,,,,
1144979,2018/19,2018-10-01,Allan Border Field,2,11.5,Australia,New Zealand,EJ Villani,AJ Healy,AC Kerr,1,0,,,,,,,,,
1144979,2018/19,2018-10-01,Allan Border Field,2,11.6,Australia,New Zealand,AJ Healy,EJ Villani,AC Kerr,0,0,,,,,,,,,
1144979,2018/19,2018-10-01,Allan Border Field,2,12.1,Australia,New Zealand,EJ Villani,AJ Healy,SFM Devine,0,0,,,,,,,,,
1144979,2018/19,2018-10-01,Allan Border Field,2,12.2,Australia,New Zealand,EJ Villani,AJ Healy,SFM Devine,1,0,,,,,,,,,
1144979,2018/19,2018-10-01,Allan Border Field,2,12.3,Australia,New Zealand,AJ Healy,EJ Villani,SFM Devine,2,0,,,,,,,,,
1144979,2018/19,2018-10-01,Allan Border Field,2,12.4,Australia,New Zealand,AJ Healy,EJ Villani,SFM Devine,0,0,,,,,,lbw,AJ Healy,,
1144979,2018/19,2018-10-01,Allan Border Field,2,12.5,Australia,New Zealand,MM Lanning,EJ Villani,SFM Devine,1,0,,,,,,,,,
1144979,2018/19,2018-10-01,Allan Border Field,2,12.6,Australia,New Zealand,EJ Villani,MM Lanning,SFM Devine,1,0,,,,,,,,,
1144979,2018/19,2018-10-01,Allan Border Field,2,13.1,Australia,New Zealand,EJ Villani,MM Lanning,LMM Tahuhu,1,0,,,,,,,,,
1144979,2018/19,2018-10-01,Allan Border Field,2,13.2,Australia,New Zealand,MM Lanning,EJ Villani,LMM Tahuhu,1,0,,,,,,,,,
1144979,2018/19,2018-10-01,Allan Border Field,2,13.3,Australia,New Zealand,EJ Villani,MM Lanning,LMM Tahuhu,1,0,,,,,,,,,
1144979,2018/19,2018-10-01,Allan Border Field,2,13.4,Australia,New Zealand,MM Lanning,EJ Villani,LMM Tahuhu,1,0,,,,,,,,,
1144979,2018/19,2018-10-01,Allan Border Field,2,13.5,Australia,New Zealand,EJ Villani,MM Lanning,LMM Tahuhu,1,0,,,,,,,,,
1144979,2018/19,2018-10-01,Allan Border Field,2,13.6,Australia,New Zealand,MM Lanning,EJ Villani,LMM Tahuhu,0,4,,,,4,,,,,
1144979,2018/19,2018-10-01,Allan Border Field,2,14.1,Australia,New Zealand,EJ Villani,MM Lanning,HNK Jensen,2,0,,,,,,,,,
1144979,2018/19,2018-10-01,Allan Border Field,2,14.2,Australia,New Zealand,EJ Villani,MM Lanning,HNK Jensen,1,0,,,,,,,,,
1144979,2018/19,2018-10-01,Allan Border Field,2,14.3,Australia,New Zealand,MM Lanning,EJ Villani,HNK Jensen,1,0,,,,,,,,,
1144979,2018/19,2018-10-01,Allan Border Field,2,14.4,Australia,New Zealand,EJ Villani,MM Lanning,HNK Jensen,1,0,,,,,,,,,
1144979,2018/19,2018-10-01,Allan Border Field,2,14.5,Australia,New Zealand,MM Lanning,EJ Villani,HNK Jensen,0,0,,,,,,,,,
1144979,2018/19,2018-10-01,Allan Border Field,2,14.6,Australia,New Zealand,MM Lanning,EJ Villani,HNK Jensen,1,0,,,,,,,,,
1144979,2018/19,2018-10-01,Allan Border Field,2,15.1,Australia,New Zealand,MM Lanning,EJ Villani,JM Watkin,1,0,,,,,,,,,
1144979,2018/19,2018-10-01,Allan Border Field,2,15.2,Australia,New Zealand,EJ Villani,MM Lanning,JM Watkin,0,0,,,,,,,,,
1144979,2018/19,2018-10-01,Allan Border Field,2,15.3,Australia,New Zealand,EJ Villani,MM Lanning,JM Watkin,2,0,,,,,,,,,
1144979,2018/19,2018-10-01,Allan Border Field,2,15.4,Australia,New Zealand,EJ Villani,MM Lanning,JM Watkin,4,0,,,,,,,,,
1144979,2018/19,2018-10-01,Allan Border Field,2,15.5,Australia,New Zealand,EJ Villani,MM Lanning,JM Watkin,1,0,,,,,,,,,
1144979,2018/19,2018-10-01,Allan Border Field,2,15.6,Australia,New Zealand,MM Lanning,EJ Villani,JM Watkin,2,0,,,,,,,,,
1144979,2018/19,2018-10-01,Allan Border Field,2,16.1,Australia,New Zealand,EJ Villani,MM Lanning,HNK Jensen,1,0,,,,,,,,,
1144979,2018/19,2018-10-01,Allan Border Field,2,16.2,Australia,New Zealand,MM Lanning,EJ Villani,HNK Jensen,4,0,,,,,,,,,
1144979,2018/19,2018-10-01,Allan Border Field,2,16.3,Australia,New Zealand,MM Lanning,EJ Villani,HNK Jensen,1,0,,,,,,,,,
1144979,2018/19,2018-10-01,Allan Border Field,2,16.4,Australia,New Zealand,EJ Villani,MM Lanning,HNK Jensen,4,0,,,,,,,,,
1144979,2018/19,2018-10-01,Allan Border Field,2,16.5,Australia,New Zealand,EJ Villani,MM Lanning,HNK Jensen,1,0,,,,,,,,,
1144979,2018/19,2018-10-01,Allan Border Field,2,16.6,Australia,New Zealand,MM Lanning,EJ Villani,HNK Jensen,1,0,,,,,,,,,
1144979,2018/19,2018-10-01,Allan Border Field,2,17.1,Australia,New Zealand,MM Lanning,EJ Villani,SFM Devine,1,0,,,,,,,,,
1144979,2018/19,2018-10-01,Allan Border Field,2,17.2,Australia,New Zealand,EJ Villani,MM Lanning,SFM Devine,2,0,,,,,,,,,
1144979,2018/19,2018-10-01,Allan Border Field,2,17.3,Australia,New Zealand,EJ Villani,MM Lanning,SFM Devine,2,0,,,,,,,,,
1144979,2018/19,2018-10-01,Allan Border Field,2,17.4,Australia,New Zealand,EJ Villani,MM Lanning,SFM Devine,1,0,,,,,,,,,
1144979,2018/19,2018-10-01,Allan Border Field,2,17.5,Australia,New Zealand,MM Lanning,EJ Villani,SFM Devine,4,0,,,,,,,,,
1144979,2018/19,2018-10-01,Allan Border Field,2,17.6,Australia,New Zealand,MM Lanning,EJ Villani,SFM Devine,0,0,,,,,,,,,
1144979,2018/19,2018-10-01,Allan Border Field,2,18.1,Australia,New Zealand,EJ Villani,MM Lanning,AC Kerr,1,0,,,,,,,,,
1144979,2018/19,2018-10-01,Allan Border Field,2,18.2,Australia,New Zealand,MM Lanning,EJ Villani,AC Kerr,0,0,,,,,,bowled,MM Lanning,,
1144979,2018/19,2018-10-01,Allan Border Field,2,18.3,Australia,New Zealand,RL Haynes,EJ Villani,AC Kerr,0,0,,,,,,,,,
1144979,2018/19,2018-10-01,Allan Border Field,2,18.4,Australia,New Zealand,RL Haynes,EJ Villani,AC Kerr,1,0,,,,,,,,,
1144979,2018/19,2018-10-01,Allan Border Field,2,18.5,Australia,New Zealand,EJ Villani,RL Haynes,AC Kerr,4,0,,,,,,,,,
