match_id,season,start_date,venue,innings,ball,batting_team,bowling_team,striker,non_striker,bowler,runs_off_bat,extras,wides,noballs,byes,legbyes,penalty,wicket_type,player_dismissed,other_wicket_type,other_player_dismissed
1144442,2018,2018-05-20,Mangaung Oval,1,0.1,South Africa,Bangladesh,L Lee,T Brits,Jahanara Alam,0,0,,,,,,,,,
1144442,2018,2018-05-20,Mangaung Oval,1,0.2,South Africa,Bangladesh,L Lee,T Brits,Jahanara Alam,4,0,,,,,,,,,
1144442,2018,2018-05-20,Mangaung Oval,1,0.3,South Africa,Bangladesh,L Lee,T Brits,Jahanara Alam,0,0,,,,,,,,,
1144442,2018,2018-05-20,Mangaung Oval,1,0.4,South Africa,Bangladesh,L Lee,T Brits,Jahanara Alam,1,0,,,,,,,,,
1144442,2018,2018-05-20,Mangaung Oval,1,0.5,South Africa,Bangladesh,T Brits,L Lee,Jahanara Alam,2,0,,,,,,,,,
1144442,2018,2018-05-20,Mangaung Oval,1,0.6,South Africa,Bangladesh,T Brits,L Lee,Jahanara Alam,0,0,,,,,,,,,
1144442,2018,2018-05-20,Mangaung Oval,1,1.1,South Africa,Bangladesh,L Lee,T Brits,Salma Khatun,0,0,,,,,,,,,
1144442,2018,2018-05-20,Mangaung Oval,1,1.2,South Africa,Bangladesh,L Lee,T Brits,Salma Khatun,4,0,,,,,,,,,
1144442,2018,2018-05-20,Mangaung Oval,1,1.3,South Africa,Bangladesh,L Lee,T Brits,Salma Khatun,0,0,,,,,,lbw,L Lee,,
1144442,2018,2018-05-20,Mangaung Oval,1,1.4,South Africa,Bangladesh,S Luus,T Brits,Salma Khatun,1,0,,,,,,,,,
1144442,2018,2018-05-20,Mangaung Oval,1,1.5,South Africa,Bangladesh,T Brits,S Luus,Salma Khatun,1,0,,,,,,,,,
1144442,2018,2018-05-20,Mangaung Oval,1,1.6,South Africa,Bangladesh,S Luus,T Brits,Salma Khatun,0,1,1,,,,,,,,
1144442,2018,2018-05-20,Mangaung Oval,1,1.7,South Africa,Bangladesh,S Luus,T Brits,Salma Khatun,2,0,,,,,,,,,
1144442,2018,2018-05-20,Mangaung Oval,1,2.1,South Africa,Bangladesh,T Brits,S Luus,Khadija Tul Kubra,1,0,,,,,,,,,
1144442,2018,2018-05-20,Mangaung Oval,1,2.2,South Africa,Bangladesh,S Luus,T Brits,Khadija Tul Kubra,0,0,,,,,,,,,
1144442,2018,2018-05-20,Mangaung Oval,1,2.3,South Africa,Bangladesh,S Luus,T Brits,Khadija Tul Kubra,0,0,,,,,,,,,
1144442,2018,2018-05-20,Mangaung Oval,1,2.4,South Africa,Bangladesh,S Luus,T Brits,Khadija Tul Kubra,1,0,,,,,,,,,
1144442,2018,2018-05-20,Mangaung Oval,1,2.5,South Africa,Bangladesh,T Brits,S Luus,Khadija Tul Kubra,0,0,,,,,,,,,
1144442,2018,2018-05-20,Mangaung Oval,1,2.6,South Africa,Bangladesh,T Brits,S Luus,Khadija Tul Kubra,1,0,,,,,,,,,
1144442,2018,2018-05-20,Mangaung Oval,1,3.1,South Africa,Bangladesh,T Brits,S Luus,Salma Khatun,4,0,,,,,,,,,
1144442,2018,2018-05-20,Mangaung Oval,1,3.2,South Africa,Bangladesh,T Brits,S Luus,Salma Khatun,1,0,,,,,,,,,
1144442,2018,2018-05-20,Mangaung Oval,1,3.3,South Africa,Bangladesh,S Luus,T Brits,Salma Khatun,1,0,,,,,,,,,
1144442,2018,2018-05-20,Mangaung Oval,1,3.4,South Africa,Bangladesh,T Brits,S Luus,Salma Khatun,2,0,,,,,,,,,
1144442,2018,2018-05-20,Mangaung Oval,1,3.5,South Africa,Bangladesh,T Brits,S Luus,Salma Khatun,1,0,,,,,,,,,
1144442,2018,2018-05-20,Mangaung Oval,1,3.6,South Africa,Bangladesh,S Luus,T Brits,Salma Khatun,0,0,,,,,,stumped,S Luus,,
1144442,2018,2018-05-20,Mangaung Oval,1,4.1,South Africa,Bangladesh,T Brits,D van Niekerk,Khadija Tul Kubra,1,0,,,,,,,,,
1144442,2018,2018-05-20,Mangaung Oval,1,4.2,South Africa,Bangladesh,D van Niekerk,T Brits,Khadija Tul Kubra,1,0,,,,,,,,,
1144442,2018,2018-05-20,Mangaung Oval,1,4.3,South Africa,Bangladesh,T Brits,D van Niekerk,Khadija Tul Kubra,0,0,,,,,,,,,
1144442,2018,2018-05-20,Mangaung Oval,1,4.4,South Africa,Bangladesh,T Brits,D van Niekerk,Khadija Tul Kubra,1,0,,,,,,,,,
1144442,2018,2018-05-20,Mangaung Oval,1,4.5,South Africa,Bangladesh,D van Niekerk,T Brits,Khadija Tul Kubra,2,0,,,,,,,,,
1144442,2018,2018-05-20,Mangaung Oval,1,4.6,South Africa,Bangladesh,D van Niekerk,T Brits,Khadija Tul Kubra,0,0,,,,,,,,,
1144442,2018,2018-05-20,Mangaung Oval,1,5.1,South Africa,Bangladesh,T Brits,D van Niekerk,Rumana Ahmed,1,0,,,,,,,,,
1144442,2018,2018-05-20,Mangaung Oval,1,5.2,South Africa,Bangladesh,D van Niekerk,T Brits,Rumana Ahmed,0,0,,,,,,,,,
1144442,2018,2018-05-20,Mangaung Oval,1,5.3,South Africa,Bangladesh,D van Niekerk,T Brits,Rumana Ahmed,2,0,,,,,,,,,
1144442,2018,2018-05-20,Mangaung Oval,1,5.4,South Africa,Bangladesh,D van Niekerk,T Brits,Rumana Ahmed,1,0,,,,,,,,,
1144442,2018,2018-05-20,Mangaung Oval,1,5.5,South Africa,Bangladesh,T Brits,D van Niekerk,Rumana Ahmed,1,0,,,,,,,,,
1144442,2018,2018-05-20,Mangaung Oval,1,5.6,South Africa,Bangladesh,D van Niekerk,T Brits,Rumana Ahmed,0,0,,,,,,,,,
1144442,2018,2018-05-20,Mangaung Oval,1,6.1,South Africa,Bangladesh,T Brits,D van Niekerk,Panna Ghosh,4,0,,,,,,,,,
1144442,2018,2018-05-20,Mangaung Oval,1,6.2,South Africa,Bangladesh,T Brits,D van Niekerk,Panna Ghosh,2,0,,,,,,,,,
1144442,2018,2018-05-20,Mangaung Oval,1,6.3,South Africa,Bangladesh,T Brits,D van Niekerk,Panna Ghosh,1,0,,,,,,,,,
1144442,2018,2018-05-20,Mangaung Oval,1,6.4,South Africa,Bangladesh,D van Niekerk,T Brits,Panna Ghosh,0,0,,,,,,,,,
1144442,2018,2018-05-20,Mangaung Oval,1,6.5,South Africa,Bangladesh,D van Niekerk,T Brits,Panna Ghosh,6,0,,,,,,,,,
1144442,2018,2018-05-20,Mangaung Oval,1,6.6,South Africa,Bangladesh,D van Niekerk,T Brits,Panna Ghosh,0,0,,,,,,,,,
1144442,2018,2018-05-20,Mangaung Oval,1,7.1,South Africa,Bangladesh,T Brits,D van Niekerk,Rumana Ahmed,4,0,,,,,,,,,
1144442,2018,2018-05-20,Mangaung Oval,1,7.2,South Africa,Bangladesh,T Brits,D van Niekerk,Rumana Ahmed,0,0,,,,,,run out,D van Niekerk,,
1144442,2018,2018-05-20,Mangaung Oval,1,7.3,South Africa,Bangladesh,T Brits,CL Tryon,Rumana Ahmed,1,0,,,,,,,,,
1144442,2018,2018-05-20,Mangaung Oval,1,7.4,South Africa,Bangladesh,CL Tryon,T Brits,Rumana Ahmed,1,0,,,,,,,,,
1144442,2018,2018-05-20,Mangaung Oval,1,7.5,South Africa,Bangladesh,T Brits,CL Tryon,Rumana Ahmed,0,0,,,,,,caught,T Brits,,
1144442,2018,2018-05-20,Mangaung Oval,1,7.6,South Africa,Bangladesh,CL Tryon,M Kapp,Rumana Ahmed,2,0,,,,,,,,,
1144442,2018,2018-05-20,Mangaung Oval,1,8.1,South Africa,Bangladesh,M Kapp,CL Tryon,Jahanara Alam,1,0,,,,,,,,,
1144442,2018,2018-05-20,Mangaung Oval,1,8.2,South Africa,Bangladesh,CL Tryon,M Kapp,Jahanara Alam,0,0,,,,,,,,,
1144442,2018,2018-05-20,Mangaung Oval,1,8.3,South Africa,Bangladesh,CL Tryon,M Kapp,Jahanara Alam,0,0,,,,,,,,,
1144442,2018,2018-05-20,Mangaung Oval,1,8.4,South Africa,Bangladesh,CL Tryon,M Kapp,Jahanara Alam,1,0,,,,,,,,,
1144442,2018,2018-05-20,Mangaung Oval,1,8.5,South Africa,Bangladesh,M Kapp,CL Tryon,Jahanara Alam,2,0,,,,,,,,,
1144442,2018,2018-05-20,Mangaung Oval,1,8.6,South Africa,Bangladesh,M Kapp,CL Tryon,Jahanara Alam,1,0,,,,,,,,,
1144442,2018,2018-05-20,Mangaung Oval,2,0.1,Bangladesh,South Africa,Shamima Sultana,Murshida Khatun,S Ismail,0,0,,,,,,,,,
1144442,2018,2018-05-20,Mangaung Oval,2,0.2,Bangladesh,South Africa,Shamima Sultana,Murshida Khatun,S Ismail,0,0,,,,,,,,,
1144442,2018,2018-05-20,Mangaung Oval,2,0.3,Bangladesh,South Africa,Shamima Sultana,Murshida Khatun,S Ismail,0,0,,,,,,,,,
1144442,2018,2018-05-20,Mangaung Oval,2,0.4,Bangladesh,South Africa,Shamima Sultana,Murshida Khatun,S Ismail,0,0,,,,,,,,,
1144442,2018,2018-05-20,Mangaung Oval,2,0.5,Bangladesh,South Africa,Shamima Sultana,Murshida Khatun,S Ismail,0,0,,,,,,,,,
1144442,2018,2018-05-20,Mangaung Oval,2,0.6,Bangladesh,South Africa,Shamima Sultana,Murshida Khatun,S Ismail,0,0,,,,,,,,,
1144442,2018,2018-05-20,Mangaung Oval,2,1.1,Bangladesh,South Africa,Murshida Khatun,Shamima Sultana,M Kapp,1,0,,,,,,,,,
1144442,2018,2018-05-20,Mangaung Oval,2,1.2,Bangladesh,South Africa,Shamima Sultana,Murshida Khatun,M Kapp,1,0,,,,,,,,,
1144442,2018,2018-05-20,Mangaung Oval,2,1.3,Bangladesh,South Africa,Murshida Khatun,Shamima Sultana,M Kapp,0,0,,,,,,caught,Murshida Khatun,,
1144442,2018,2018-05-20,Mangaung Oval,2,1.4,Bangladesh,South Africa,Fargana Hoque,Shamima Sultana,M Kapp,0,0,,,,,,,,,
1144442,2018,2018-05-20,Mangaung Oval,2,1.5,Bangladesh,South Africa,Fargana Hoque,Shamima Sultana,M Kapp,1,0,,,,,,,,,
1144442,2018,2018-05-20,Mangaung Oval,2,1.6,Bangladesh,South Africa,Shamima Sultana,Fargana Hoque,M Kapp,2,0,,,,,,,,,
1144442,2018,2018-05-20,Mangaung Oval,2,2.1,Bangladesh,South Africa,Fargana Hoque,Shamima Sultana,A Khaka,0,0,,,,,,,,,
1144442,2018,2018-05-20,Mangaung Oval,2,2.2,Bangladesh,South Africa,Fargana Hoque,Shamima Sultana,A Khaka,1,0,,,,,,,,,
1144442,2018,2018-05-20,Mangaung Oval,2,2.3,Bangladesh,South Africa,Shamima Sultana,Fargana Hoque,A Khaka,3,0,,,,,,,,,
1144442,2018,2018-05-20,Mangaung Oval,2,2.4,Bangladesh,South Africa,Fargana Hoque,Shamima Sultana,A Khaka,0,0,,,,,,caught,Fargana Hoque,,
1144442,2018,2018-05-20,Mangaung Oval,2,2.5,Bangladesh,South Africa,Rumana Ahmed,Shamima Sultana,A Khaka,0,1,1,,,,,,,,
1144442,2018,2018-05-20,Mangaung Oval,2,2.6,Bangladesh,South Africa,Rumana Ahmed,Shamima Sultana,A Khaka,1,0,,,,,,,,,
1144442,2018,2018-05-20,Mangaung Oval,2,2.7,Bangladesh,South Africa,Shamima Sultana,Rumana Ahmed,A Khaka,0,0,,,,,,,,,
1144442,2018,2018-05-20,Mangaung Oval,2,3.1,Bangladesh,South Africa,Rumana Ahmed,Shamima Sultana,D van Niekerk,1,0,,,,,,,,,
1144442,2018,2018-05-20,Mangaung Oval,2,3.2,Bangladesh,South Africa,Shamima Sultana,Rumana Ahmed,D van Niekerk,1,0,,,,,,,,,
1144442,2018,2018-05-20,Mangaung Oval,2,3.3,Bangladesh,South Africa,Rumana Ahmed,Shamima Sultana,D van Niekerk,1,0,,,,,,,,,
1144442,2018,2018-05-20,Mangaung Oval,2,3.4,Bangladesh,South Africa,Shamima Sultana,Rumana Ahmed,D van Niekerk,2,0,,,,,,,,,
1144442,2018,2018-05-20,Mangaung Oval,2,3.5,Bangladesh,South Africa,Shamima Sultana,Rumana Ahmed,D van Niekerk,1,0,,,,,,,,,
1144442,2018,2018-05-20,Mangaung Oval,2,3.6,Bangladesh,South Africa,Rumana Ahmed,Shamima Sultana,D van Niekerk,1,0,,,,,,,,,
1144442,2018,2018-05-20,Mangaung Oval,2,4.1,Bangladesh,South Africa,Rumana Ahmed,Shamima Sultana,R Ntozakhe,2,0,,,,,,,,,
1144442,2018,2018-05-20,Mangaung Oval,2,4.2,Bangladesh,South Africa,Rumana Ahmed,Shamima Sultana,R Ntozakhe,0,0,,,,,,,,,
1144442,2018,2018-05-20,Mangaung Oval,2,4.3,Bangladesh,South Africa,Rumana Ahmed,Shamima Sultana,R Ntozakhe,0,0,,,,,,caught,Rumana Ahmed,,
1144442,2018,2018-05-20,Mangaung Oval,2,4.4,Bangladesh,South Africa,Shamima Sultana,Nigar Sultana,R Ntozakhe,0,0,,,,,,,,,
1144442,2018,2018-05-20,Mangaung Oval,2,4.5,Bangladesh,South Africa,Shamima Sultana,Nigar Sultana,R Ntozakhe,1,0,,,,,,,,,
1144442,2018,2018-05-20,Mangaung Oval,2,4.6,Bangladesh,South Africa,Nigar Sultana,Shamima Sultana,R Ntozakhe,0,0,,,,,,,,,
1144442,2018,2018-05-20,Mangaung Oval,2,5.1,Bangladesh,South Africa,Shamima Sultana,Nigar Sultana,A Khaka,1,0,,,,,,,,,
1144442,2018,2018-05-20,Mangaung Oval,2,5.2,Bangladesh,South Africa,Nigar Sultana,Shamima Sultana,A Khaka,1,0,,,,,,,,,
1144442,2018,2018-05-20,Mangaung Oval,2,5.3,Bangladesh,South Africa,Shamima Sultana,Nigar Sultana,A Khaka,0,0,,,,,,caught,Shamima Sultana,,
1144442,2018,2018-05-20,Mangaung Oval,2,5.4,Bangladesh,South Africa,Nigar Sultana,Fahima Khatun,A Khaka,2,0,,,,,,,,,
1144442,2018,2018-05-20,Mangaung Oval,2,5.5,Bangladesh,South Africa,Nigar Sultana,Fahima Khatun,A Khaka,0,0,,,,,,caught,Nigar Sultana,,
1144442,2018,2018-05-20,Mangaung Oval,2,5.6,Bangladesh,South Africa,Fahima Khatun,Jahanara Alam,A Khaka,0,1,,,,1,,,,,
1144442,2018,2018-05-20,Mangaung Oval,2,6.1,Bangladesh,South Africa,Fahima Khatun,Jahanara Alam,R Ntozakhe,1,0,,,,,,,,,
1144442,2018,2018-05-20,Mangaung Oval,2,6.2,Bangladesh,South Africa,Jahanara Alam,Fahima Khatun,R Ntozakhe,1,0,,,,,,,,,
1144442,2018,2018-05-20,Mangaung Oval,2,6.3,Bangladesh,South Africa,Fahima Khatun,Jahanara Alam,R Ntozakhe,1,0,,,,,,,,,
1144442,2018,2018-05-20,Mangaung Oval,2,6.4,Bangladesh,South Africa,Jahanara Alam,Fahima Khatun,R Ntozakhe,1,0,,,,,,,,,
1144442,2018,2018-05-20,Mangaung Oval,2,6.5,Bangladesh,South Africa,Fahima Khatun,Jahanara Alam,R Ntozakhe,2,0,,,,,,,,,
1144442,2018,2018-05-20,Mangaung Oval,2,6.6,Bangladesh,South Africa,Fahima Khatun,Jahanara Alam,R Ntozakhe,1,0,,,,,,,,,
1144442,2018,2018-05-20,Mangaung Oval,2,7.1,Bangladesh,South Africa,Fahima Khatun,Jahanara Alam,M Kapp,1,0,,,,,,,,,
1144442,2018,2018-05-20,Mangaung Oval,2,7.2,Bangladesh,South Africa,Jahanara Alam,Fahima Khatun,M Kapp,1,0,,,,,,,,,
1144442,2018,2018-05-20,Mangaung Oval,2,7.3,Bangladesh,South Africa,Fahima Khatun,Jahanara Alam,M Kapp,1,0,,,,,,,,,
1144442,2018,2018-05-20,Mangaung Oval,2,7.4,Bangladesh,South Africa,Jahanara Alam,Fahima Khatun,M Kapp,0,0,,,,,,,,,
1144442,2018,2018-05-20,Mangaung Oval,2,7.5,Bangladesh,South Africa,Jahanara Alam,Fahima Khatun,M Kapp,0,0,,,,,,caught,Jahanara Alam,,
1144442,2018,2018-05-20,Mangaung Oval,2,7.6,Bangladesh,South Africa,Panna Ghosh,Fahima Khatun,M Kapp,0,0,,,,,,,,,
1144442,2018,2018-05-20,Mangaung Oval,2,8.1,Bangladesh,South Africa,Fahima Khatun,Panna Ghosh,S Ismail,1,0,,,,,,,,,
1144442,2018,2018-05-20,Mangaung Oval,2,8.2,Bangladesh,South Africa,Panna Ghosh,Fahima Khatun,S Ismail,1,0,,,,,,,,,
1144442,2018,2018-05-20,Mangaung Oval,2,8.3,Bangladesh,South Africa,Fahima Khatun,Panna Ghosh,S Ismail,1,0,,,,,,,,,
1144442,2018,2018-05-20,Mangaung Oval,2,8.4,Bangladesh,South Africa,Panna Ghosh,Fahima Khatun,S Ismail,0,0,,,,,,,,,
1144442,2018,2018-05-20,Mangaung Oval,2,8.5,Bangladesh,South Africa,Panna Ghosh,Fahima Khatun,S Ismail,1,0,,,,,,,,,
1144442,2018,2018-05-20,Mangaung Oval,2,8.6,Bangladesh,South Africa,Fahima Khatun,Panna Ghosh,S Ismail,1,0,,,,,,,,,
