match_id,season,start_date,venue,innings,ball,batting_team,bowling_team,striker,non_striker,bowler,runs_off_bat,extras,wides,noballs,byes,legbyes,penalty,wicket_type,player_dismissed,other_wicket_type,other_player_dismissed
1144441,2018,2018-05-19,Mangaung Oval,1,0.1,South Africa,Bangladesh,L Lee,T Brits,Nahida Akter,4,0,,,,,,,,,
1144441,2018,2018-05-19,Mangaung Oval,1,0.2,South Africa,Bangladesh,L Lee,T Brits,Nahida Akter,0,0,,,,,,caught,L Lee,,
1144441,2018,2018-05-19,Mangaung Oval,1,0.3,South Africa,Bangladesh,S Luus,T Brits,Nahida Akter,0,0,,,,,,,,,
1144441,2018,2018-05-19,Mangaung Oval,1,0.4,South Africa,Bangladesh,S Luus,T Brits,Nahida Akter,1,0,,,,,,,,,
1144441,2018,2018-05-19,Mangaung Oval,1,0.5,South Africa,Bangladesh,T Brits,S Luus,Nahida Akter,0,0,,,,,,,,,
1144441,2018,2018-05-19,Mangaung Oval,1,0.6,South Africa,Bangladesh,T Brits,S Luus,Nahida Akter,4,0,,,,,,,,,
1144441,2018,2018-05-19,Mangaung Oval,1,1.1,South Africa,Bangladesh,S Luus,T Brits,Jahanara Alam,0,0,,,,,,,,,
1144441,2018,2018-05-19,Mangaung Oval,1,1.2,South Africa,Bangladesh,S Luus,T Brits,Jahanara Alam,1,0,,,,,,,,,
1144441,2018,2018-05-19,Mangaung Oval,1,1.3,South Africa,Bangladesh,T Brits,S Luus,Jahanara Alam,0,0,,,,,,,,,
1144441,2018,2018-05-19,Mangaung Oval,1,1.4,South Africa,Bangladesh,T Brits,S Luus,Jahanara Alam,1,0,,,,,,,,,
1144441,2018,2018-05-19,Mangaung Oval,1,1.5,South Africa,Bangladesh,S Luus,T Brits,Jahanara Alam,1,0,,,,,,,,,
1144441,2018,2018-05-19,Mangaung Oval,1,1.6,South Africa,Bangladesh,T Brits,S Luus,Jahanara Alam,0,0,,,,,,,,,
1144441,2018,2018-05-19,Mangaung Oval,1,2.1,South Africa,Bangladesh,S Luus,T Brits,Nahida Akter,4,0,,,,,,,,,
1144441,2018,2018-05-19,Mangaung Oval,1,2.2,South Africa,Bangladesh,S Luus,T Brits,Nahida Akter,0,0,,,,,,,,,
1144441,2018,2018-05-19,Mangaung Oval,1,2.3,South Africa,Bangladesh,S Luus,T Brits,Nahida Akter,4,0,,,,,,,,,
1144441,2018,2018-05-19,Mangaung Oval,1,2.4,South Africa,Bangladesh,S Luus,T Brits,Nahida Akter,4,0,,,,,,,,,
1144441,2018,2018-05-19,Mangaung Oval,1,2.5,South Africa,Bangladesh,S Luus,T Brits,Nahida Akter,0,0,,,,,,,,,
1144441,2018,2018-05-19,Mangaung Oval,1,2.6,South Africa,Bangladesh,S Luus,T Brits,Nahida Akter,0,0,,,,,,,,,
1144441,2018,2018-05-19,Mangaung Oval,1,3.1,South Africa,Bangladesh,T Brits,S Luus,Jahanara Alam,0,0,,,,,,,,,
1144441,2018,2018-05-19,Mangaung Oval,1,3.2,South Africa,Bangladesh,T Brits,S Luus,Jahanara Alam,1,0,,,,,,,,,
1144441,2018,2018-05-19,Mangaung Oval,1,3.3,South Africa,Bangladesh,S Luus,T Brits,Jahanara Alam,0,0,,,,,,,,,
1144441,2018,2018-05-19,Mangaung Oval,1,3.4,South Africa,Bangladesh,S Luus,T Brits,Jahanara Alam,4,0,,,,,,,,,
1144441,2018,2018-05-19,Mangaung Oval,1,3.5,South Africa,Bangladesh,S Luus,T Brits,Jahanara Alam,2,0,,,,,,,,,
1144441,2018,2018-05-19,Mangaung Oval,1,3.6,South Africa,Bangladesh,S Luus,T Brits,Jahanara Alam,0,0,,,,,,,,,
1144441,2018,2018-05-19,Mangaung Oval,1,4.1,South Africa,Bangladesh,T Brits,S Luus,Panna Ghosh,0,0,,,,,,,,,
1144441,2018,2018-05-19,Mangaung Oval,1,4.2,South Africa,Bangladesh,T Brits,S Luus,Panna Ghosh,4,0,,,,,,,,,
1144441,2018,2018-05-19,Mangaung Oval,1,4.3,South Africa,Bangladesh,T Brits,S Luus,Panna Ghosh,0,0,,,,,,caught,T Brits,,
1144441,2018,2018-05-19,Mangaung Oval,1,4.4,South Africa,Bangladesh,D van Niekerk,S Luus,Panna Ghosh,0,0,,,,,,,,,
1144441,2018,2018-05-19,Mangaung Oval,1,4.5,South Africa,Bangladesh,D van Niekerk,S Luus,Panna Ghosh,0,0,,,,,,,,,
1144441,2018,2018-05-19,Mangaung Oval,1,4.6,South Africa,Bangladesh,D van Niekerk,S Luus,Panna Ghosh,0,0,,,,,,,,,
1144441,2018,2018-05-19,Mangaung Oval,1,5.1,South Africa,Bangladesh,S Luus,D van Niekerk,Rumana Ahmed,4,0,,,,,,,,,
1144441,2018,2018-05-19,Mangaung Oval,1,5.2,South Africa,Bangladesh,S Luus,D van Niekerk,Rumana Ahmed,0,0,,,,,,,,,
1144441,2018,2018-05-19,Mangaung Oval,1,5.3,South Africa,Bangladesh,S Luus,D van Niekerk,Rumana Ahmed,1,0,,,,,,,,,
1144441,2018,2018-05-19,Mangaung Oval,1,5.4,South Africa,Bangladesh,D van Niekerk,S Luus,Rumana Ahmed,0,0,,,,,,,,,
1144441,2018,2018-05-19,Mangaung Oval,1,5.5,South Africa,Bangladesh,D van Niekerk,S Luus,Rumana Ahmed,0,0,,,,,,,,,
1144441,2018,2018-05-19,Mangaung Oval,1,5.6,South Africa,Bangladesh,D van Niekerk,S Luus,Rumana Ahmed,4,0,,,,,,,,,
1144441,2018,2018-05-19,Mangaung Oval,1,6.1,South Africa,Bangladesh,S Luus,D van Niekerk,Panna Ghosh,0,0,,,,,,,,,
1144441,2018,2018-05-19,Mangaung Oval,1,6.2,South Africa,Bangladesh,S Luus,D van Niekerk,Panna Ghosh,1,0,,,,,,,,,
1144441,2018,2018-05-19,Mangaung Oval,1,6.3,South Africa,Bangladesh,D van Niekerk,S Luus,Panna Ghosh,1,0,,,,,,,,,
1144441,2018,2018-05-19,Mangaung Oval,1,6.4,South Africa,Bangladesh,S Luus,D van Niekerk,Panna Ghosh,2,0,,,,,,,,,
1144441,2018,2018-05-19,Mangaung Oval,1,6.5,South Africa,Bangladesh,S Luus,D van Niekerk,Panna Ghosh,1,0,,,,,,,,,
1144441,2018,2018-05-19,Mangaung Oval,1,6.6,South Africa,Bangladesh,D van Niekerk,S Luus,Panna Ghosh,0,0,,,,,,,,,
1144441,2018,2018-05-19,Mangaung Oval,1,7.1,South Africa,Bangladesh,S Luus,D van Niekerk,Khadija Tul Kubra,1,0,,,,,,,,,
1144441,2018,2018-05-19,Mangaung Oval,1,7.2,South Africa,Bangladesh,D van Niekerk,S Luus,Khadija Tul Kubra,4,0,,,,,,,,,
1144441,2018,2018-05-19,Mangaung Oval,1,7.3,South Africa,Bangladesh,D van Niekerk,S Luus,Khadija Tul Kubra,0,0,,,,,,,,,
1144441,2018,2018-05-19,Mangaung Oval,1,7.4,South Africa,Bangladesh,D van Niekerk,S Luus,Khadija Tul Kubra,4,0,,,,,,,,,
1144441,2018,2018-05-19,Mangaung Oval,1,7.5,South Africa,Bangladesh,D van Niekerk,S Luus,Khadija Tul Kubra,1,0,,,,,,,,,
1144441,2018,2018-05-19,Mangaung Oval,1,7.6,South Africa,Bangladesh,S Luus,D van Niekerk,Khadija Tul Kubra,1,0,,,,,,,,,
1144441,2018,2018-05-19,Mangaung Oval,1,8.1,South Africa,Bangladesh,S Luus,D van Niekerk,Panna Ghosh,0,0,,,,,,,,,
1144441,2018,2018-05-19,Mangaung Oval,1,8.2,South Africa,Bangladesh,S Luus,D van Niekerk,Panna Ghosh,1,0,,,,,,,,,
1144441,2018,2018-05-19,Mangaung Oval,1,8.3,South Africa,Bangladesh,D van Niekerk,S Luus,Panna Ghosh,0,0,,,,,,,,,
1144441,2018,2018-05-19,Mangaung Oval,1,8.4,South Africa,Bangladesh,D van Niekerk,S Luus,Panna Ghosh,0,0,,,,,,,,,
1144441,2018,2018-05-19,Mangaung Oval,1,8.5,South Africa,Bangladesh,D van Niekerk,S Luus,Panna Ghosh,4,0,,,,,,,,,
1144441,2018,2018-05-19,Mangaung Oval,1,8.6,South Africa,Bangladesh,D van Niekerk,S Luus,Panna Ghosh,0,0,,,,,,,,,
1144441,2018,2018-05-19,Mangaung Oval,1,9.1,South Africa,Bangladesh,S Luus,D van Niekerk,Khadija Tul Kubra,1,0,,,,,,,,,
1144441,2018,2018-05-19,Mangaung Oval,1,9.2,South Africa,Bangladesh,D van Niekerk,S Luus,Khadija Tul Kubra,1,0,,,,,,,,,
1144441,2018,2018-05-19,Mangaung Oval,1,9.3,South Africa,Bangladesh,S Luus,D van Niekerk,Khadija Tul Kubra,0,0,,,,,,,,,
1144441,2018,2018-05-19,Mangaung Oval,1,9.4,South Africa,Bangladesh,S Luus,D van Niekerk,Khadija Tul Kubra,0,0,,,,,,,,,
1144441,2018,2018-05-19,Mangaung Oval,1,9.5,South Africa,Bangladesh,S Luus,D van Niekerk,Khadija Tul Kubra,2,0,,,,,,,,,
1144441,2018,2018-05-19,Mangaung Oval,1,9.6,South Africa,Bangladesh,S Luus,D van Niekerk,Khadija Tul Kubra,1,0,,,,,,,,,
1144441,2018,2018-05-19,Mangaung Oval,1,10.1,South Africa,Bangladesh,S Luus,D van Niekerk,Rumana Ahmed,1,0,,,,,,,,,
1144441,2018,2018-05-19,Mangaung Oval,1,10.2,South Africa,Bangladesh,D van Niekerk,S Luus,Rumana Ahmed,4,0,,,,,,,,,
1144441,2018,2018-05-19,Mangaung Oval,1,10.3,South Africa,Bangladesh,D van Niekerk,S Luus,Rumana Ahmed,0,0,,,,,,,,,
1144441,2018,2018-05-19,Mangaung Oval,1,10.4,South Africa,Bangladesh,D van Niekerk,S Luus,Rumana Ahmed,1,0,,,,,,,,,
1144441,2018,2018-05-19,Mangaung Oval,1,10.5,South Africa,Bangladesh,S Luus,D van Niekerk,Rumana Ahmed,0,0,,,,,,,,,
1144441,2018,2018-05-19,Mangaung Oval,1,10.6,South Africa,Bangladesh,S Luus,D van Niekerk,Rumana Ahmed,2,0,,,,,,,,,
1144441,2018,2018-05-19,Mangaung Oval,1,11.1,South Africa,Bangladesh,D van Niekerk,S Luus,Fahima Khatun,1,0,,,,,,,,,
1144441,2018,2018-05-19,Mangaung Oval,1,11.2,South Africa,Bangladesh,S Luus,D van Niekerk,Fahima Khatun,4,0,,,,,,,,,
1144441,2018,2018-05-19,Mangaung Oval,1,11.3,South Africa,Bangladesh,S Luus,D van Niekerk,Fahima Khatun,0,0,,,,,,,,,
1144441,2018,2018-05-19,Mangaung Oval,1,11.4,South Africa,Bangladesh,S Luus,D van Niekerk,Fahima Khatun,0,0,,,,,,,,,
1144441,2018,2018-05-19,Mangaung Oval,1,11.5,South Africa,Bangladesh,S Luus,D van Niekerk,Fahima Khatun,1,0,,,,,,,,,
1144441,2018,2018-05-19,Mangaung Oval,1,11.6,South Africa,Bangladesh,D van Niekerk,S Luus,Fahima Khatun,1,0,,,,,,,,,
1144441,2018,2018-05-19,Mangaung Oval,1,12.1,South Africa,Bangladesh,D van Niekerk,S Luus,Salma Khatun,1,0,,,,,,,,,
1144441,2018,2018-05-19,Mangaung Oval,1,12.2,South Africa,Bangladesh,S Luus,D van Niekerk,Salma Khatun,1,0,,,,,,,,,
1144441,2018,2018-05-19,Mangaung Oval,1,12.3,South Africa,Bangladesh,D van Niekerk,S Luus,Salma Khatun,4,0,,,,,,,,,
1144441,2018,2018-05-19,Mangaung Oval,1,12.4,South Africa,Bangladesh,D van Niekerk,S Luus,Salma Khatun,1,0,,,,,,,,,
1144441,2018,2018-05-19,Mangaung Oval,1,12.5,South Africa,Bangladesh,S Luus,D van Niekerk,Salma Khatun,1,0,,,,,,,,,
1144441,2018,2018-05-19,Mangaung Oval,1,12.6,South Africa,Bangladesh,D van Niekerk,S Luus,Salma Khatun,1,0,,,,,,,,,
1144441,2018,2018-05-19,Mangaung Oval,1,13.1,South Africa,Bangladesh,D van Niekerk,S Luus,Fahima Khatun,4,0,,,,,,,,,
1144441,2018,2018-05-19,Mangaung Oval,1,13.2,South Africa,Bangladesh,D van Niekerk,S Luus,Fahima Khatun,4,0,,,,,,,,,
1144441,2018,2018-05-19,Mangaung Oval,1,13.3,South Africa,Bangladesh,D van Niekerk,S Luus,Fahima Khatun,4,0,,,,,,,,,
1144441,2018,2018-05-19,Mangaung Oval,1,13.4,South Africa,Bangladesh,D van Niekerk,S Luus,Fahima Khatun,4,0,,,,,,,,,
1144441,2018,2018-05-19,Mangaung Oval,1,13.5,South Africa,Bangladesh,D van Niekerk,S Luus,Fahima Khatun,0,0,,,,,,,,,
1144441,2018,2018-05-19,Mangaung Oval,1,13.6,South Africa,Bangladesh,D van Niekerk,S Luus,Fahima Khatun,0,0,,,,,,,,,
1144441,2018,2018-05-19,Mangaung Oval,1,14.1,South Africa,Bangladesh,S Luus,D van Niekerk,Salma Khatun,0,0,,,,,,,,,
1144441,2018,2018-05-19,Mangaung Oval,1,14.2,South Africa,Bangladesh,S Luus,D van Niekerk,Salma Khatun,1,0,,,,,,,,,
1144441,2018,2018-05-19,Mangaung Oval,1,14.3,South Africa,Bangladesh,D van Niekerk,S Luus,Salma Khatun,4,0,,,,,,,,,
1144441,2018,2018-05-19,Mangaung Oval,1,14.4,South Africa,Bangladesh,D van Niekerk,S Luus,Salma Khatun,2,0,,,,,,,,,
1144441,2018,2018-05-19,Mangaung Oval,1,14.5,South Africa,Bangladesh,D van Niekerk,S Luus,Salma Khatun,6,0,,,,,,,,,
1144441,2018,2018-05-19,Mangaung Oval,1,14.6,South Africa,Bangladesh,D van Niekerk,S Luus,Salma Khatun,1,0,,,,,,,,,
1144441,2018,2018-05-19,Mangaung Oval,1,15.1,South Africa,Bangladesh,D van Niekerk,S Luus,Khadija Tul Kubra,1,0,,,,,,,,,
1144441,2018,2018-05-19,Mangaung Oval,1,15.2,South Africa,Bangladesh,S Luus,D van Niekerk,Khadija Tul Kubra,1,0,,,,,,,,,
1144441,2018,2018-05-19,Mangaung Oval,1,15.3,South Africa,Bangladesh,D van Niekerk,S Luus,Khadija Tul Kubra,1,0,,,,,,,,,
1144441,2018,2018-05-19,Mangaung Oval,1,15.4,South Africa,Bangladesh,S Luus,D van Niekerk,Khadija Tul Kubra,1,0,,,,,,,,,
1144441,2018,2018-05-19,Mangaung Oval,1,15.5,South Africa,Bangladesh,D van Niekerk,S Luus,Khadija Tul Kubra,2,0,,,,,,,,,
1144441,2018,2018-05-19,Mangaung Oval,1,15.6,South Africa,Bangladesh,D van Niekerk,S Luus,Khadija Tul Kubra,0,0,,,,,,,,,
1144441,2018,2018-05-19,Mangaung Oval,1,16.1,South Africa,Bangladesh,S Luus,D van Niekerk,Nahida Akter,0,0,,,,,,,,,
1144441,2018,2018-05-19,Mangaung Oval,1,16.2,South Africa,Bangladesh,S Luus,D van Niekerk,Nahida Akter,1,0,,,,,,,,,
1144441,2018,2018-05-19,Mangaung Oval,1,16.3,South Africa,Bangladesh,D van Niekerk,S Luus,Nahida Akter,0,0,,,,,,,,,
1144441,2018,2018-05-19,Mangaung Oval,1,16.4,South Africa,Bangladesh,D van Niekerk,S Luus,Nahida Akter,0,0,,,,,,bowled,D van Niekerk,,
1144441,2018,2018-05-19,Mangaung Oval,1,16.5,South Africa,Bangladesh,CL Tryon,S Luus,Nahida Akter,0,0,,,,,,,,,
1144441,2018,2018-05-19,Mangaung Oval,1,16.6,South Africa,Bangladesh,CL Tryon,S Luus,Nahida Akter,0,0,,,,,,,,,
1144441,2018,2018-05-19,Mangaung Oval,1,17.1,South Africa,Bangladesh,S Luus,CL Tryon,Khadija Tul Kubra,0,0,,,,,,,,,
1144441,2018,2018-05-19,Mangaung Oval,1,17.2,South Africa,Bangladesh,S Luus,CL Tryon,Khadija Tul Kubra,4,0,,,,,,,,,
1144441,2018,2018-05-19,Mangaung Oval,1,17.3,South Africa,Bangladesh,S Luus,CL Tryon,Khadija Tul Kubra,1,0,,,,,,,,,
1144441,2018,2018-05-19,Mangaung Oval,1,17.4,South Africa,Bangladesh,CL Tryon,S Luus,Khadija Tul Kubra,2,0,,,,,,,,,
1144441,2018,2018-05-19,Mangaung Oval,1,17.5,South Africa,Bangladesh,CL Tryon,S Luus,Khadija Tul Kubra,2,0,,,,,,,,,
1144441,2018,2018-05-19,Mangaung Oval,1,17.6,South Africa,Bangladesh,CL Tryon,S Luus,Khadija Tul Kubra,1,0,,,,,,,,,
1144441,2018,2018-05-19,Mangaung Oval,1,18.1,South Africa,Bangladesh,CL Tryon,S Luus,Nahida Akter,4,0,,,,,,,,,
1144441,2018,2018-05-19,Mangaung Oval,1,18.2,South Africa,Bangladesh,CL Tryon,S Luus,Nahida Akter,2,0,,,,,,,,,
1144441,2018,2018-05-19,Mangaung Oval,1,18.3,South Africa,Bangladesh,CL Tryon,S Luus,Nahida Akter,1,0,,,,,,,,,
1144441,2018,2018-05-19,Mangaung Oval,1,18.4,South Africa,Bangladesh,S Luus,CL Tryon,Nahida Akter,2,0,,,,,,,,,
1144441,2018,2018-05-19,Mangaung Oval,1,18.5,South Africa,Bangladesh,S Luus,CL Tryon,Nahida Akter,0,0,,,,,,,,,
1144441,2018,2018-05-19,Mangaung Oval,1,18.6,South Africa,Bangladesh,S Luus,CL Tryon,Nahida Akter,1,0,,,,,,,,,
1144441,2018,2018-05-19,Mangaung Oval,1,19.1,South Africa,Bangladesh,S Luus,CL Tryon,Panna Ghosh,2,0,,,,,,,,,
1144441,2018,2018-05-19,Mangaung Oval,1,19.2,South Africa,Bangladesh,S Luus,CL Tryon,Panna Ghosh,4,0,,,,,,,,,
1144441,2018,2018-05-19,Mangaung Oval,1,19.3,South Africa,Bangladesh,S Luus,CL Tryon,Panna Ghosh,4,0,,,,,,,,,
1144441,2018,2018-05-19,Mangaung Oval,1,19.4,South Africa,Bangladesh,S Luus,CL Tryon,Panna Ghosh,2,0,,,,,,,,,
1144441,2018,2018-05-19,Mangaung Oval,1,19.5,South Africa,Bangladesh,S Luus,CL Tryon,Panna Ghosh,0,0,,,,,,caught,S Luus,,
1144441,2018,2018-05-19,Mangaung Oval,1,19.6,South Africa,Bangladesh,CL Tryon,S Lackay,Panna Ghosh,6,0,,,,,,,,,
1144441,2018,2018-05-19,Mangaung Oval,2,0.1,Bangladesh,South Africa,Sanjida Islam,Shamima Sultana,M Kapp,0,0,,,,,,,,,
1144441,2018,2018-05-19,Mangaung Oval,2,0.2,Bangladesh,South Africa,Sanjida Islam,Shamima Sultana,M Kapp,0,0,,,,,,,,,
1144441,2018,2018-05-19,Mangaung Oval,2,0.3,Bangladesh,South Africa,Sanjida Islam,Shamima Sultana,M Kapp,0,0,,,,,,,,,
1144441,2018,2018-05-19,Mangaung Oval,2,0.4,Bangladesh,South Africa,Sanjida Islam,Shamima Sultana,M Kapp,0,0,,,,,,caught,Sanjida Islam,,
1144441,2018,2018-05-19,Mangaung Oval,2,0.5,Bangladesh,South Africa,Rumana Ahmed,Shamima Sultana,M Kapp,0,0,,,,,,,,,
1144441,2018,2018-05-19,Mangaung Oval,2,0.6,Bangladesh,South Africa,Rumana Ahmed,Shamima Sultana,M Kapp,0,0,,,,,,,,,
1144441,2018,2018-05-19,Mangaung Oval,2,1.1,Bangladesh,South Africa,Shamima Sultana,Rumana Ahmed,S Ismail,2,0,,,,,,,,,
1144441,2018,2018-05-19,Mangaung Oval,2,1.2,Bangladesh,South Africa,Shamima Sultana,Rumana Ahmed,S Ismail,0,0,,,,,,,,,
1144441,2018,2018-05-19,Mangaung Oval,2,1.3,Bangladesh,South Africa,Shamima Sultana,Rumana Ahmed,S Ismail,2,0,,,,,,,,,
1144441,2018,2018-05-19,Mangaung Oval,2,1.4,Bangladesh,South Africa,Shamima Sultana,Rumana Ahmed,S Ismail,0,0,,,,,,,,,
1144441,2018,2018-05-19,Mangaung Oval,2,1.5,Bangladesh,South Africa,Shamima Sultana,Rumana Ahmed,S Ismail,4,0,,,,,,,,,
1144441,2018,2018-05-19,Mangaung Oval,2,1.6,Bangladesh,South Africa,Shamima Sultana,Rumana Ahmed,S Ismail,0,0,,,,,,,,,
1144441,2018,2018-05-19,Mangaung Oval,2,2.1,Bangladesh,South Africa,Rumana Ahmed,Shamima Sultana,M Kapp,1,0,,,,,,,,,
1144441,2018,2018-05-19,Mangaung Oval,2,2.2,Bangladesh,South Africa,Shamima Sultana,Rumana Ahmed,M Kapp,0,0,,,,,,,,,
1144441,2018,2018-05-19,Mangaung Oval,2,2.3,Bangladesh,South Africa,Shamima Sultana,Rumana Ahmed,M Kapp,0,0,,,,,,,,,
1144441,2018,2018-05-19,Mangaung Oval,2,2.4,Bangladesh,South Africa,Shamima Sultana,Rumana Ahmed,M Kapp,4,0,,,,,,,,,
1144441,2018,2018-05-19,Mangaung Oval,2,2.5,Bangladesh,South Africa,Shamima Sultana,Rumana Ahmed,M Kapp,0,0,,,,,,,,,
1144441,2018,2018-05-19,Mangaung Oval,2,2.6,Bangladesh,South Africa,Shamima Sultana,Rumana Ahmed,M Kapp,4,0,,,,,,,,,
1144441,2018,2018-05-19,Mangaung Oval,2,3.1,Bangladesh,South Africa,Rumana Ahmed,Shamima Sultana,S Ismail,0,0,,,,,,,,,
1144441,2018,2018-05-19,Mangaung Oval,2,3.2,Bangladesh,South Africa,Rumana Ahmed,Shamima Sultana,S Ismail,4,0,,,,,,,,,
1144441,2018,2018-05-19,Mangaung Oval,2,3.3,Bangladesh,South Africa,Rumana Ahmed,Shamima Sultana,S Ismail,0,0,,,,,,,,,
1144441,2018,2018-05-19,Mangaung Oval,2,3.4,Bangladesh,South Africa,Rumana Ahmed,Shamima Sultana,S Ismail,0,0,,,,,,,,,
1144441,2018,2018-05-19,Mangaung Oval,2,3.5,Bangladesh,South Africa,Rumana Ahmed,Shamima Sultana,S Ismail,0,0,,,,,,caught,Rumana Ahmed,,
1144441,2018,2018-05-19,Mangaung Oval,2,3.6,Bangladesh,South Africa,Fargana Hoque,Shamima Sultana,S Ismail,0,1,,1,,,,,,,
1144441,2018,2018-05-19,Mangaung Oval,2,3.7,Bangladesh,South Africa,Fargana Hoque,Shamima Sultana,S Ismail,1,0,,,,,,,,,
1144441,2018,2018-05-19,Mangaung Oval,2,4.1,Bangladesh,South Africa,Fargana Hoque,Shamima Sultana,A Khaka,0,1,1,,,,,,,,
1144441,2018,2018-05-19,Mangaung Oval,2,4.2,Bangladesh,South Africa,Fargana Hoque,Shamima Sultana,A Khaka,0,1,1,,,,,,,,
1144441,2018,2018-05-19,Mangaung Oval,2,4.3,Bangladesh,South Africa,Fargana Hoque,Shamima Sultana,A Khaka,4,0,,,,,,,,,
1144441,2018,2018-05-19,Mangaung Oval,2,4.4,Bangladesh,South Africa,Fargana Hoque,Shamima Sultana,A Khaka,0,0,,,,,,,,,
1144441,2018,2018-05-19,Mangaung Oval,2,4.5,Bangladesh,South Africa,Fargana Hoque,Shamima Sultana,A Khaka,4,0,,,,,,,,,
1144441,2018,2018-05-19,Mangaung Oval,2,4.6,Bangladesh,South Africa,Fargana Hoque,Shamima Sultana,A Khaka,1,0,,,,,,,,,
1144441,2018,2018-05-19,Mangaung Oval,2,4.7,Bangladesh,South Africa,Shamima Sultana,Fargana Hoque,A Khaka,6,0,,,,,,,,,
1144441,2018,2018-05-19,Mangaung Oval,2,4.8,Bangladesh,South Africa,Shamima Sultana,Fargana Hoque,A Khaka,0,0,,,,,,,,,
1144441,2018,2018-05-19,Mangaung Oval,2,5.1,Bangladesh,South Africa,Fargana Hoque,Shamima Sultana,R Ntozakhe,0,0,,,,,,,,,
1144441,2018,2018-05-19,Mangaung Oval,2,5.2,Bangladesh,South Africa,Fargana Hoque,Shamima Sultana,R Ntozakhe,1,0,,,,,,,,,
1144441,2018,2018-05-19,Mangaung Oval,2,5.3,Bangladesh,South Africa,Shamima Sultana,Fargana Hoque,R Ntozakhe,0,0,,,,,,,,,
1144441,2018,2018-05-19,Mangaung Oval,2,5.4,Bangladesh,South Africa,Shamima Sultana,Fargana Hoque,R Ntozakhe,0,4,,,4,,,,,,
1144441,2018,2018-05-19,Mangaung Oval,2,5.5,Bangladesh,South Africa,Shamima Sultana,Fargana Hoque,R Ntozakhe,0,0,,,,,,,,,
1144441,2018,2018-05-19,Mangaung Oval,2,5.6,Bangladesh,South Africa,Shamima Sultana,Fargana Hoque,R Ntozakhe,4,0,,,,,,,,,
1144441,2018,2018-05-19,Mangaung Oval,2,6.1,Bangladesh,South Africa,Fargana Hoque,Shamima Sultana,M Klaas,0,1,1,,,,,,,,
1144441,2018,2018-05-19,Mangaung Oval,2,6.2,Bangladesh,South Africa,Fargana Hoque,Shamima Sultana,M Klaas,0,0,,,,,,,,,
1144441,2018,2018-05-19,Mangaung Oval,2,6.3,Bangladesh,South Africa,Fargana Hoque,Shamima Sultana,M Klaas,0,0,,,,,,,,,
1144441,2018,2018-05-19,Mangaung Oval,2,6.4,Bangladesh,South Africa,Fargana Hoque,Shamima Sultana,M Klaas,0,1,1,,,,,,,,
1144441,2018,2018-05-19,Mangaung Oval,2,6.5,Bangladesh,South Africa,Fargana Hoque,Shamima Sultana,M Klaas,1,0,,,,,,,,,
1144441,2018,2018-05-19,Mangaung Oval,2,6.6,Bangladesh,South Africa,Shamima Sultana,Fargana Hoque,M Klaas,4,0,,,,,,,,,
1144441,2018,2018-05-19,Mangaung Oval,2,6.7,Bangladesh,South Africa,Shamima Sultana,Fargana Hoque,M Klaas,0,0,,,,,,,,,
1144441,2018,2018-05-19,Mangaung Oval,2,6.8,Bangladesh,South Africa,Shamima Sultana,Fargana Hoque,M Klaas,4,0,,,,,,,,,
1144441,2018,2018-05-19,Mangaung Oval,2,7.1,Bangladesh,South Africa,Fargana Hoque,Shamima Sultana,R Ntozakhe,1,0,,,,,,,,,
1144441,2018,2018-05-19,Mangaung Oval,2,7.2,Bangladesh,South Africa,Shamima Sultana,Fargana Hoque,R Ntozakhe,1,0,,,,,,,,,
1144441,2018,2018-05-19,Mangaung Oval,2,7.3,Bangladesh,South Africa,Fargana Hoque,Shamima Sultana,R Ntozakhe,0,0,,,,,,,,,
1144441,2018,2018-05-19,Mangaung Oval,2,7.4,Bangladesh,South Africa,Fargana Hoque,Shamima Sultana,R Ntozakhe,4,0,,,,,,,,,
1144441,2018,2018-05-19,Mangaung Oval,2,7.5,Bangladesh,South Africa,Fargana Hoque,Shamima Sultana,R Ntozakhe,0,0,,,,,,,,,
1144441,2018,2018-05-19,Mangaung Oval,2,7.6,Bangladesh,South Africa,Fargana Hoque,Shamima Sultana,R Ntozakhe,1,0,,,,,,,,,
1144441,2018,2018-05-19,Mangaung Oval,2,8.1,Bangladesh,South Africa,Fargana Hoque,Shamima Sultana,D van Niekerk,0,0,,,,,,,,,
1144441,2018,2018-05-19,Mangaung Oval,2,8.2,Bangladesh,South Africa,Fargana Hoque,Shamima Sultana,D van Niekerk,0,0,,,,,,,,,
1144441,2018,2018-05-19,Mangaung Oval,2,8.3,Bangladesh,South Africa,Fargana Hoque,Shamima Sultana,D van Niekerk,1,0,,,,,,,,,
1144441,2018,2018-05-19,Mangaung Oval,2,8.4,Bangladesh,South Africa,Shamima Sultana,Fargana Hoque,D van Niekerk,0,0,,,,,,,,,
1144441,2018,2018-05-19,Mangaung Oval,2,8.5,Bangladesh,South Africa,Shamima Sultana,Fargana Hoque,D van Niekerk,0,0,,,,,,,,,
1144441,2018,2018-05-19,Mangaung Oval,2,8.6,Bangladesh,South Africa,Shamima Sultana,Fargana Hoque,D van Niekerk,0,0,,,,,,,,,
1144441,2018,2018-05-19,Mangaung Oval,2,9.1,Bangladesh,South Africa,Fargana Hoque,Shamima Sultana,R Ntozakhe,0,0,,,,,,,,,
1144441,2018,2018-05-19,Mangaung Oval,2,9.2,Bangladesh,South Africa,Fargana Hoque,Shamima Sultana,R Ntozakhe,3,0,,,,,,,,,
1144441,2018,2018-05-19,Mangaung Oval,2,9.3,Bangladesh,South Africa,Shamima Sultana,Fargana Hoque,R Ntozakhe,0,0,,,,,,,,,
1144441,2018,2018-05-19,Mangaung Oval,2,9.4,Bangladesh,South Africa,Shamima Sultana,Fargana Hoque,R Ntozakhe,1,0,,,,,,,,,
1144441,2018,2018-05-19,Mangaung Oval,2,9.5,Bangladesh,South Africa,Fargana Hoque,Shamima Sultana,R Ntozakhe,1,0,,,,,,,,,
1144441,2018,2018-05-19,Mangaung Oval,2,9.6,Bangladesh,South Africa,Shamima Sultana,Fargana Hoque,R Ntozakhe,1,0,,,,,,,,,
1144441,2018,2018-05-19,Mangaung Oval,2,10.1,Bangladesh,South Africa,Shamima Sultana,Fargana Hoque,D van Niekerk,1,0,,,,,,,,,
1144441,2018,2018-05-19,Mangaung Oval,2,10.2,Bangladesh,South Africa,Fargana Hoque,Shamima Sultana,D van Niekerk,1,0,,,,,,,,,
1144441,2018,2018-05-19,Mangaung Oval,2,10.3,Bangladesh,South Africa,Shamima Sultana,Fargana Hoque,D van Niekerk,1,0,,,,,,,,,
1144441,2018,2018-05-19,Mangaung Oval,2,10.4,Bangladesh,South Africa,Fargana Hoque,Shamima Sultana,D van Niekerk,0,0,,,,,,,,,
1144441,2018,2018-05-19,Mangaung Oval,2,10.5,Bangladesh,South Africa,Fargana Hoque,Shamima Sultana,D van Niekerk,0,0,,,,,,,,,
1144441,2018,2018-05-19,Mangaung Oval,2,10.6,Bangladesh,South Africa,Fargana Hoque,Shamima Sultana,D van Niekerk,1,0,,,,,,,,,
1144441,2018,2018-05-19,Mangaung Oval,2,11.1,Bangladesh,South Africa,Fargana Hoque,Shamima Sultana,R Ntozakhe,0,0,,,,,,,,,
1144441,2018,2018-05-19,Mangaung Oval,2,11.2,Bangladesh,South Africa,Fargana Hoque,Shamima Sultana,R Ntozakhe,1,0,,,,,,,,,
1144441,2018,2018-05-19,Mangaung Oval,2,11.3,Bangladesh,South Africa,Shamima Sultana,Fargana Hoque,R Ntozakhe,1,0,,,,,,,,,
1144441,2018,2018-05-19,Mangaung Oval,2,11.4,Bangladesh,South Africa,Fargana Hoque,Shamima Sultana,R Ntozakhe,1,0,,,,,,,,,
1144441,2018,2018-05-19,Mangaung Oval,2,11.5,Bangladesh,South Africa,Shamima Sultana,Fargana Hoque,R Ntozakhe,1,0,,,,,,,,,
1144441,2018,2018-05-19,Mangaung Oval,2,11.6,Bangladesh,South Africa,Fargana Hoque,Shamima Sultana,R Ntozakhe,1,0,,,,,,,,,
1144441,2018,2018-05-19,Mangaung Oval,2,12.1,Bangladesh,South Africa,Fargana Hoque,Shamima Sultana,D van Niekerk,1,0,,,,,,,,,
1144441,2018,2018-05-19,Mangaung Oval,2,12.2,Bangladesh,South Africa,Shamima Sultana,Fargana Hoque,D van Niekerk,1,0,,,,,,,,,
1144441,2018,2018-05-19,Mangaung Oval,2,12.3,Bangladesh,South Africa,Fargana Hoque,Shamima Sultana,D van Niekerk,1,0,,,,,,,,,
1144441,2018,2018-05-19,Mangaung Oval,2,12.4,Bangladesh,South Africa,Shamima Sultana,Fargana Hoque,D van Niekerk,1,0,,,,,,,,,
1144441,2018,2018-05-19,Mangaung Oval,2,12.5,Bangladesh,South Africa,Fargana Hoque,Shamima Sultana,D van Niekerk,2,0,,,,,,,,,
1144441,2018,2018-05-19,Mangaung Oval,2,12.6,Bangladesh,South Africa,Fargana Hoque,Shamima Sultana,D van Niekerk,1,0,,,,,,,,,
1144441,2018,2018-05-19,Mangaung Oval,2,13.1,Bangladesh,South Africa,Fargana Hoque,Shamima Sultana,S Ismail,4,0,,,,,,,,,
1144441,2018,2018-05-19,Mangaung Oval,2,13.2,Bangladesh,South Africa,Fargana Hoque,Shamima Sultana,S Ismail,0,4,,,4,,,,,,
1144441,2018,2018-05-19,Mangaung Oval,2,13.3,Bangladesh,South Africa,Fargana Hoque,Shamima Sultana,S Ismail,0,0,,,,,,caught,Fargana Hoque,,
1144441,2018,2018-05-19,Mangaung Oval,2,13.4,Bangladesh,South Africa,Nigar Sultana,Shamima Sultana,S Ismail,0,0,,,,,,,,,
1144441,2018,2018-05-19,Mangaung Oval,2,13.5,Bangladesh,South Africa,Nigar Sultana,Shamima Sultana,S Ismail,0,0,,,,,,,,,
1144441,2018,2018-05-19,Mangaung Oval,2,13.6,Bangladesh,South Africa,Nigar Sultana,Shamima Sultana,S Ismail,1,0,,,,,,,,,
1144441,2018,2018-05-19,Mangaung Oval,2,14.1,Bangladesh,South Africa,Nigar Sultana,Shamima Sultana,A Khaka,0,1,1,,,,,,,,
1144441,2018,2018-05-19,Mangaung Oval,2,14.2,Bangladesh,South Africa,Nigar Sultana,Shamima Sultana,A Khaka,0,0,,,,,,,,,
1144441,2018,2018-05-19,Mangaung Oval,2,14.3,Bangladesh,South Africa,Nigar Sultana,Shamima Sultana,A Khaka,1,0,,,,,,,,,
1144441,2018,2018-05-19,Mangaung Oval,2,14.4,Bangladesh,South Africa,Shamima Sultana,Nigar Sultana,A Khaka,1,0,,,,,,,,,
1144441,2018,2018-05-19,Mangaung Oval,2,14.5,Bangladesh,South Africa,Nigar Sultana,Shamima Sultana,A Khaka,2,0,,,,,,,,,
1144441,2018,2018-05-19,Mangaung Oval,2,14.6,Bangladesh,South Africa,Nigar Sultana,Shamima Sultana,A Khaka,1,0,,,,,,,,,
1144441,2018,2018-05-19,Mangaung Oval,2,14.7,Bangladesh,South Africa,Shamima Sultana,Nigar Sultana,A Khaka,1,0,,,,,,,,,
1144441,2018,2018-05-19,Mangaung Oval,2,15.1,Bangladesh,South Africa,Shamima Sultana,Nigar Sultana,D van Niekerk,0,0,,,,,,,,,
1144441,2018,2018-05-19,Mangaung Oval,2,15.2,Bangladesh,South Africa,Shamima Sultana,Nigar Sultana,D van Niekerk,2,0,,,,,,,,,
1144441,2018,2018-05-19,Mangaung Oval,2,15.3,Bangladesh,South Africa,Shamima Sultana,Nigar Sultana,D van Niekerk,1,0,,,,,,,,,
1144441,2018,2018-05-19,Mangaung Oval,2,15.4,Bangladesh,South Africa,Nigar Sultana,Shamima Sultana,D van Niekerk,0,0,,,,,,,,,
1144441,2018,2018-05-19,Mangaung Oval,2,15.5,Bangladesh,South Africa,Nigar Sultana,Shamima Sultana,D van Niekerk,1,0,,,,,,,,,
1144441,2018,2018-05-19,Mangaung Oval,2,15.6,Bangladesh,South Africa,Shamima Sultana,Nigar Sultana,D van Niekerk,2,0,,,,,,,,,
1144441,2018,2018-05-19,Mangaung Oval,2,16.1,Bangladesh,South Africa,Nigar Sultana,Shamima Sultana,A Khaka,1,0,,,,,,,,,
1144441,2018,2018-05-19,Mangaung Oval,2,16.2,Bangladesh,South Africa,Shamima Sultana,Nigar Sultana,A Khaka,0,0,,,,,,,,,
1144441,2018,2018-05-19,Mangaung Oval,2,16.3,Bangladesh,South Africa,Shamima Sultana,Nigar Sultana,A Khaka,0,0,,,,,,,,,
1144441,2018,2018-05-19,Mangaung Oval,2,16.4,Bangladesh,South Africa,Shamima Sultana,Nigar Sultana,A Khaka,0,0,,,,,,,,,
1144441,2018,2018-05-19,Mangaung Oval,2,16.5,Bangladesh,South Africa,Shamima Sultana,Nigar Sultana,A Khaka,0,0,,,,,,bowled,Shamima Sultana,,
1144441,2018,2018-05-19,Mangaung Oval,2,16.6,Bangladesh,South Africa,Fahima Khatun,Nigar Sultana,A Khaka,0,0,,,,,,run out,Nigar Sultana,,
1144441,2018,2018-05-19,Mangaung Oval,2,17.1,Bangladesh,South Africa,Fahima Khatun,Panna Ghosh,M Kapp,0,0,,,,,,,,,
1144441,2018,2018-05-19,Mangaung Oval,2,17.2,Bangladesh,South Africa,Fahima Khatun,Panna Ghosh,M Kapp,0,0,,,,,,,,,
1144441,2018,2018-05-19,Mangaung Oval,2,17.3,Bangladesh,South Africa,Fahima Khatun,Panna Ghosh,M Kapp,1,0,,,,,,,,,
1144441,2018,2018-05-19,Mangaung Oval,2,17.4,Bangladesh,South Africa,Panna Ghosh,Fahima Khatun,M Kapp,0,0,,,,,,,,,
1144441,2018,2018-05-19,Mangaung Oval,2,17.5,Bangladesh,South Africa,Panna Ghosh,Fahima Khatun,M Kapp,1,0,,,,,,,,,
1144441,2018,2018-05-19,Mangaung Oval,2,17.6,Bangladesh,South Africa,Fahima Khatun,Panna Ghosh,M Kapp,1,0,,,,,,,,,
1144441,2018,2018-05-19,Mangaung Oval,2,18.1,Bangladesh,South Africa,Fahima Khatun,Panna Ghosh,S Ismail,1,0,,,,,,,,,
1144441,2018,2018-05-19,Mangaung Oval,2,18.2,Bangladesh,South Africa,Panna Ghosh,Fahima Khatun,S Ismail,0,0,,,,,,,,,
1144441,2018,2018-05-19,Mangaung Oval,2,18.3,Bangladesh,South Africa,Panna Ghosh,Fahima Khatun,S Ismail,0,0,,,,,,,,,
1144441,2018,2018-05-19,Mangaung Oval,2,18.4,Bangladesh,South Africa,Panna Ghosh,Fahima Khatun,S Ismail,4,0,,,,,,,,,
1144441,2018,2018-05-19,Mangaung Oval,2,18.5,Bangladesh,South Africa,Panna Ghosh,Fahima Khatun,S Ismail,1,0,,,,,,,,,
1144441,2018,2018-05-19,Mangaung Oval,2,18.6,Bangladesh,South Africa,Fahima Khatun,Panna Ghosh,S Ismail,4,0,,,,,,,,,
1144441,2018,2018-05-19,Mangaung Oval,2,19.1,Bangladesh,South Africa,Panna Ghosh,Fahima Khatun,M Kapp,2,0,,,,,,,,,
1144441,2018,2018-05-19,Mangaung Oval,2,19.2,Bangladesh,South Africa,Panna Ghosh,Fahima Khatun,M Kapp,2,0,,,,,,,,,
1144441,2018,2018-05-19,Mangaung Oval,2,19.3,Bangladesh,South Africa,Panna Ghosh,Fahima Khatun,M Kapp,1,0,,,,,,,,,
1144441,2018,2018-05-19,Mangaung Oval,2,19.4,Bangladesh,South Africa,Fahima Khatun,Panna Ghosh,M Kapp,0,0,,,,,,,,,
1144441,2018,2018-05-19,Mangaung Oval,2,19.5,Bangladesh,South Africa,Fahima Khatun,Panna Ghosh,M Kapp,1,1,,1,,,,,,,
1144441,2018,2018-05-19,Mangaung Oval,2,19.6,Bangladesh,South Africa,Panna Ghosh,Fahima Khatun,M Kapp,0,1,1,,,,,,,,
1144441,2018,2018-05-19,Mangaung Oval,2,19.7,Bangladesh,South Africa,Panna Ghosh,Fahima Khatun,M Kapp,2,0,,,,,,,,,
1144441,2018,2018-05-19,Mangaung Oval,2,19.8,Bangladesh,South Africa,Panna Ghosh,Fahima Khatun,M Kapp,1,0,,,,,,,,,
