match_id,season,start_date,venue,innings,ball,batting_team,bowling_team,striker,non_striker,bowler,runs_off_bat,extras,wides,noballs,byes,legbyes,penalty,wicket_type,player_dismissed,other_wicket_type,other_player_dismissed
1145890,2018,2018-06-06,YMCA Cricket Club,1,0.1,Ireland,New Zealand,CMA Shillington,CNIM Joyce,LMM Tahuhu,0,0,,,,,,,,,
1145890,2018,2018-06-06,YMCA Cricket Club,1,0.2,Ireland,New Zealand,CMA Shillington,CNIM Joyce,LMM Tahuhu,0,0,,,,,,caught,CMA Shillington,,
1145890,2018,2018-06-06,YMCA Cricket Club,1,0.3,Ireland,New Zealand,MV Waldron,CNIM Joyce,LMM Tahuhu,0,0,,,,,,,,,
1145890,2018,2018-06-06,YMCA Cricket Club,1,0.4,Ireland,New Zealand,MV Waldron,CNIM Joyce,LMM Tahuhu,0,0,,,,,,,,,
1145890,2018,2018-06-06,YMCA Cricket Club,1,0.5,Ireland,New Zealand,MV Waldron,CNIM Joyce,LMM Tahuhu,0,0,,,,,,,,,
1145890,2018,2018-06-06,YMCA Cricket Club,1,0.6,Ireland,New Zealand,MV Waldron,CNIM Joyce,LMM Tahuhu,0,1,1,,,,,,,,
1145890,2018,2018-06-06,YMCA Cricket Club,1,0.7,Ireland,New Zealand,MV Waldron,CNIM Joyce,LMM Tahuhu,1,0,,,,,,,,,
1145890,2018,2018-06-06,YMCA Cricket Club,1,1.1,Ireland,New Zealand,MV Waldron,CNIM Joyce,LM Kasperek,1,0,,,,,,,,,
1145890,2018,2018-06-06,YMCA Cricket Club,1,1.2,Ireland,New Zealand,CNIM Joyce,MV Waldron,LM Kasperek,0,0,,,,,,,,,
1145890,2018,2018-06-06,YMCA Cricket Club,1,1.3,Ireland,New Zealand,CNIM Joyce,MV Waldron,LM Kasperek,0,0,,,,,,,,,
1145890,2018,2018-06-06,YMCA Cricket Club,1,1.4,Ireland,New Zealand,CNIM Joyce,MV Waldron,LM Kasperek,0,0,,,,,,,,,
1145890,2018,2018-06-06,YMCA Cricket Club,1,1.5,Ireland,New Zealand,CNIM Joyce,MV Waldron,LM Kasperek,1,0,,,,,,,,,
1145890,2018,2018-06-06,YMCA Cricket Club,1,1.6,Ireland,New Zealand,MV Waldron,CNIM Joyce,LM Kasperek,0,0,,,,,,,,,
1145890,2018,2018-06-06,YMCA Cricket Club,1,2.1,Ireland,New Zealand,CNIM Joyce,MV Waldron,LMM Tahuhu,0,1,1,,,,,,,,
1145890,2018,2018-06-06,YMCA Cricket Club,1,2.2,Ireland,New Zealand,CNIM Joyce,MV Waldron,LMM Tahuhu,0,0,,,,,,,,,
1145890,2018,2018-06-06,YMCA Cricket Club,1,2.3,Ireland,New Zealand,CNIM Joyce,MV Waldron,LMM Tahuhu,1,0,,,,,,,,,
1145890,2018,2018-06-06,YMCA Cricket Club,1,2.4,Ireland,New Zealand,MV Waldron,CNIM Joyce,LMM Tahuhu,0,1,,,,1,,,,,
1145890,2018,2018-06-06,YMCA Cricket Club,1,2.5,Ireland,New Zealand,CNIM Joyce,MV Waldron,LMM Tahuhu,0,1,,,,1,,,,,
1145890,2018,2018-06-06,YMCA Cricket Club,1,2.6,Ireland,New Zealand,MV Waldron,CNIM Joyce,LMM Tahuhu,0,0,,,,,,,,,
1145890,2018,2018-06-06,YMCA Cricket Club,1,2.7,Ireland,New Zealand,MV Waldron,CNIM Joyce,LMM Tahuhu,1,0,,,,,,,,,
1145890,2018,2018-06-06,YMCA Cricket Club,1,3.1,Ireland,New Zealand,MV Waldron,CNIM Joyce,LM Kasperek,1,0,,,,,,,,,
1145890,2018,2018-06-06,YMCA Cricket Club,1,3.2,Ireland,New Zealand,CNIM Joyce,MV Waldron,LM Kasperek,6,0,,,,,,,,,
1145890,2018,2018-06-06,YMCA Cricket Club,1,3.3,Ireland,New Zealand,CNIM Joyce,MV Waldron,LM Kasperek,0,0,,,,,,,,,
1145890,2018,2018-06-06,YMCA Cricket Club,1,3.4,Ireland,New Zealand,CNIM Joyce,MV Waldron,LM Kasperek,1,0,,,,,,,,,
1145890,2018,2018-06-06,YMCA Cricket Club,1,3.5,Ireland,New Zealand,MV Waldron,CNIM Joyce,LM Kasperek,0,0,,,,,,stumped,MV Waldron,,
1145890,2018,2018-06-06,YMCA Cricket Club,1,3.6,Ireland,New Zealand,GH Lewis,CNIM Joyce,LM Kasperek,0,0,,,,,,,,,
1145890,2018,2018-06-06,YMCA Cricket Club,1,4.1,Ireland,New Zealand,CNIM Joyce,GH Lewis,HM Rowe,0,0,,,,,,,,,
1145890,2018,2018-06-06,YMCA Cricket Club,1,4.2,Ireland,New Zealand,CNIM Joyce,GH Lewis,HM Rowe,4,0,,,,,,,,,
1145890,2018,2018-06-06,YMCA Cricket Club,1,4.3,Ireland,New Zealand,CNIM Joyce,GH Lewis,HM Rowe,0,0,,,,,,,,,
1145890,2018,2018-06-06,YMCA Cricket Club,1,4.4,Ireland,New Zealand,CNIM Joyce,GH Lewis,HM Rowe,0,0,,,,,,,,,
1145890,2018,2018-06-06,YMCA Cricket Club,1,4.5,Ireland,New Zealand,CNIM Joyce,GH Lewis,HM Rowe,1,0,,,,,,,,,
1145890,2018,2018-06-06,YMCA Cricket Club,1,4.6,Ireland,New Zealand,GH Lewis,CNIM Joyce,HM Rowe,0,0,,,,,,,,,
1145890,2018,2018-06-06,YMCA Cricket Club,1,5.1,Ireland,New Zealand,CNIM Joyce,GH Lewis,AM Peterson,2,0,,,,,,,,,
1145890,2018,2018-06-06,YMCA Cricket Club,1,5.2,Ireland,New Zealand,CNIM Joyce,GH Lewis,AM Peterson,4,0,,,,,,,,,
1145890,2018,2018-06-06,YMCA Cricket Club,1,5.3,Ireland,New Zealand,CNIM Joyce,GH Lewis,AM Peterson,0,0,,,,,,,,,
1145890,2018,2018-06-06,YMCA Cricket Club,1,5.4,Ireland,New Zealand,CNIM Joyce,GH Lewis,AM Peterson,4,0,,,,,,,,,
1145890,2018,2018-06-06,YMCA Cricket Club,1,5.5,Ireland,New Zealand,CNIM Joyce,GH Lewis,AM Peterson,1,0,,,,,,,,,
1145890,2018,2018-06-06,YMCA Cricket Club,1,5.6,Ireland,New Zealand,GH Lewis,CNIM Joyce,AM Peterson,1,0,,,,,,,,,
1145890,2018,2018-06-06,YMCA Cricket Club,1,6.1,Ireland,New Zealand,GH Lewis,CNIM Joyce,HM Rowe,1,0,,,,,,,,,
1145890,2018,2018-06-06,YMCA Cricket Club,1,6.2,Ireland,New Zealand,CNIM Joyce,GH Lewis,HM Rowe,0,0,,,,,,,,,
1145890,2018,2018-06-06,YMCA Cricket Club,1,6.3,Ireland,New Zealand,CNIM Joyce,GH Lewis,HM Rowe,0,0,,,,,,,,,
1145890,2018,2018-06-06,YMCA Cricket Club,1,6.4,Ireland,New Zealand,CNIM Joyce,GH Lewis,HM Rowe,1,0,,,,,,,,,
1145890,2018,2018-06-06,YMCA Cricket Club,1,6.5,Ireland,New Zealand,GH Lewis,CNIM Joyce,HM Rowe,1,0,,,,,,,,,
1145890,2018,2018-06-06,YMCA Cricket Club,1,6.6,Ireland,New Zealand,CNIM Joyce,GH Lewis,HM Rowe,2,0,,,,,,,,,
1145890,2018,2018-06-06,YMCA Cricket Club,1,7.1,Ireland,New Zealand,GH Lewis,CNIM Joyce,AC Kerr,1,0,,,,,,,,,
1145890,2018,2018-06-06,YMCA Cricket Club,1,7.2,Ireland,New Zealand,CNIM Joyce,GH Lewis,AC Kerr,0,0,,,,,,,,,
1145890,2018,2018-06-06,YMCA Cricket Club,1,7.3,Ireland,New Zealand,CNIM Joyce,GH Lewis,AC Kerr,1,0,,,,,,,,,
1145890,2018,2018-06-06,YMCA Cricket Club,1,7.4,Ireland,New Zealand,GH Lewis,CNIM Joyce,AC Kerr,1,0,,,,,,,,,
1145890,2018,2018-06-06,YMCA Cricket Club,1,7.5,Ireland,New Zealand,CNIM Joyce,GH Lewis,AC Kerr,0,0,,,,,,,,,
1145890,2018,2018-06-06,YMCA Cricket Club,1,7.6,Ireland,New Zealand,CNIM Joyce,GH Lewis,AC Kerr,1,0,,,,,,,,,
1145890,2018,2018-06-06,YMCA Cricket Club,1,8.1,Ireland,New Zealand,CNIM Joyce,GH Lewis,LMM Tahuhu,0,0,,,,,,caught,CNIM Joyce,,
1145890,2018,2018-06-06,YMCA Cricket Club,1,8.2,Ireland,New Zealand,GH Lewis,IMHC Joyce,LMM Tahuhu,4,0,,,,,,,,,
1145890,2018,2018-06-06,YMCA Cricket Club,1,8.3,Ireland,New Zealand,GH Lewis,IMHC Joyce,LMM Tahuhu,0,0,,,,,,,,,
1145890,2018,2018-06-06,YMCA Cricket Club,1,8.4,Ireland,New Zealand,GH Lewis,IMHC Joyce,LMM Tahuhu,4,0,,,,,,,,,
1145890,2018,2018-06-06,YMCA Cricket Club,1,8.5,Ireland,New Zealand,GH Lewis,IMHC Joyce,LMM Tahuhu,0,1,1,,,,,,,,
1145890,2018,2018-06-06,YMCA Cricket Club,1,8.6,Ireland,New Zealand,GH Lewis,IMHC Joyce,LMM Tahuhu,0,0,,,,,,,,,
1145890,2018,2018-06-06,YMCA Cricket Club,1,8.7,Ireland,New Zealand,GH Lewis,IMHC Joyce,LMM Tahuhu,0,1,,,,1,,,,,
1145890,2018,2018-06-06,YMCA Cricket Club,1,9.1,Ireland,New Zealand,GH Lewis,IMHC Joyce,AC Kerr,1,0,,,,,,,,,
1145890,2018,2018-06-06,YMCA Cricket Club,1,9.2,Ireland,New Zealand,IMHC Joyce,GH Lewis,AC Kerr,0,0,,,,,,,,,
1145890,2018,2018-06-06,YMCA Cricket Club,1,9.3,Ireland,New Zealand,IMHC Joyce,GH Lewis,AC Kerr,0,0,,,,,,,,,
1145890,2018,2018-06-06,YMCA Cricket Club,1,9.4,Ireland,New Zealand,IMHC Joyce,GH Lewis,AC Kerr,4,0,,,,,,,,,
1145890,2018,2018-06-06,YMCA Cricket Club,1,9.5,Ireland,New Zealand,IMHC Joyce,GH Lewis,AC Kerr,0,1,1,,,,,,,,
1145890,2018,2018-06-06,YMCA Cricket Club,1,9.6,Ireland,New Zealand,IMHC Joyce,GH Lewis,AC Kerr,1,0,,,,,,,,,
1145890,2018,2018-06-06,YMCA Cricket Club,1,9.7,Ireland,New Zealand,GH Lewis,IMHC Joyce,AC Kerr,0,0,,,,,,,,,
1145890,2018,2018-06-06,YMCA Cricket Club,1,10.1,Ireland,New Zealand,IMHC Joyce,GH Lewis,KE Ebrahim,1,0,,,,,,,,,
1145890,2018,2018-06-06,YMCA Cricket Club,1,10.2,Ireland,New Zealand,GH Lewis,IMHC Joyce,KE Ebrahim,1,0,,,,,,,,,
1145890,2018,2018-06-06,YMCA Cricket Club,1,10.3,Ireland,New Zealand,IMHC Joyce,GH Lewis,KE Ebrahim,4,0,,,,,,,,,
1145890,2018,2018-06-06,YMCA Cricket Club,1,10.4,Ireland,New Zealand,IMHC Joyce,GH Lewis,KE Ebrahim,0,0,,,,,,,,,
1145890,2018,2018-06-06,YMCA Cricket Club,1,10.5,Ireland,New Zealand,IMHC Joyce,GH Lewis,KE Ebrahim,1,0,,,,,,,,,
1145890,2018,2018-06-06,YMCA Cricket Club,1,10.6,Ireland,New Zealand,GH Lewis,IMHC Joyce,KE Ebrahim,4,0,,,,,,,,,
1145890,2018,2018-06-06,YMCA Cricket Club,1,11.1,Ireland,New Zealand,IMHC Joyce,GH Lewis,LM Kasperek,0,0,,,,,,,,,
1145890,2018,2018-06-06,YMCA Cricket Club,1,11.2,Ireland,New Zealand,IMHC Joyce,GH Lewis,LM Kasperek,0,0,,,,,,caught,IMHC Joyce,,
1145890,2018,2018-06-06,YMCA Cricket Club,1,11.3,Ireland,New Zealand,GH Lewis,SM Kavanagh,LM Kasperek,2,0,,,,,,,,,
1145890,2018,2018-06-06,YMCA Cricket Club,1,11.4,Ireland,New Zealand,GH Lewis,SM Kavanagh,LM Kasperek,1,0,,,,,,,,,
1145890,2018,2018-06-06,YMCA Cricket Club,1,11.5,Ireland,New Zealand,SM Kavanagh,GH Lewis,LM Kasperek,3,0,,,,,,,,,
1145890,2018,2018-06-06,YMCA Cricket Club,1,11.6,Ireland,New Zealand,GH Lewis,SM Kavanagh,LM Kasperek,1,0,,,,,,,,,
1145890,2018,2018-06-06,YMCA Cricket Club,1,12.1,Ireland,New Zealand,GH Lewis,SM Kavanagh,KE Ebrahim,0,0,,,,,,,,,
1145890,2018,2018-06-06,YMCA Cricket Club,1,12.2,Ireland,New Zealand,GH Lewis,SM Kavanagh,KE Ebrahim,1,0,,,,,,,,,
1145890,2018,2018-06-06,YMCA Cricket Club,1,12.3,Ireland,New Zealand,SM Kavanagh,GH Lewis,KE Ebrahim,0,0,,,,,,,,,
1145890,2018,2018-06-06,YMCA Cricket Club,1,12.4,Ireland,New Zealand,SM Kavanagh,GH Lewis,KE Ebrahim,4,0,,,,,,,,,
1145890,2018,2018-06-06,YMCA Cricket Club,1,12.5,Ireland,New Zealand,SM Kavanagh,GH Lewis,KE Ebrahim,1,0,,,,,,,,,
1145890,2018,2018-06-06,YMCA Cricket Club,1,12.6,Ireland,New Zealand,GH Lewis,SM Kavanagh,KE Ebrahim,1,0,,,,,,,,,
1145890,2018,2018-06-06,YMCA Cricket Club,1,13.1,Ireland,New Zealand,GH Lewis,SM Kavanagh,AC Kerr,4,0,,,,,,,,,
1145890,2018,2018-06-06,YMCA Cricket Club,1,13.2,Ireland,New Zealand,GH Lewis,SM Kavanagh,AC Kerr,0,1,1,,,,,,,,
1145890,2018,2018-06-06,YMCA Cricket Club,1,13.3,Ireland,New Zealand,GH Lewis,SM Kavanagh,AC Kerr,1,0,,,,,,,,,
1145890,2018,2018-06-06,YMCA Cricket Club,1,13.4,Ireland,New Zealand,SM Kavanagh,GH Lewis,AC Kerr,0,0,,,,,,,,,
1145890,2018,2018-06-06,YMCA Cricket Club,1,13.5,Ireland,New Zealand,SM Kavanagh,GH Lewis,AC Kerr,1,0,,,,,,,,,
1145890,2018,2018-06-06,YMCA Cricket Club,1,13.6,Ireland,New Zealand,GH Lewis,SM Kavanagh,AC Kerr,1,0,,,,,,,,,
1145890,2018,2018-06-06,YMCA Cricket Club,1,13.7,Ireland,New Zealand,SM Kavanagh,GH Lewis,AC Kerr,0,0,,,,,,,,,
1145890,2018,2018-06-06,YMCA Cricket Club,1,14.1,Ireland,New Zealand,GH Lewis,SM Kavanagh,HM Rowe,0,0,,,,,,,,,
1145890,2018,2018-06-06,YMCA Cricket Club,1,14.2,Ireland,New Zealand,GH Lewis,SM Kavanagh,HM Rowe,0,0,,,,,,,,,
1145890,2018,2018-06-06,YMCA Cricket Club,1,14.3,Ireland,New Zealand,GH Lewis,SM Kavanagh,HM Rowe,4,0,,,,,,,,,
1145890,2018,2018-06-06,YMCA Cricket Club,1,14.4,Ireland,New Zealand,GH Lewis,SM Kavanagh,HM Rowe,4,0,,,,,,,,,
1145890,2018,2018-06-06,YMCA Cricket Club,1,14.5,Ireland,New Zealand,GH Lewis,SM Kavanagh,HM Rowe,0,1,,,,1,,,,,
1145890,2018,2018-06-06,YMCA Cricket Club,1,14.6,Ireland,New Zealand,SM Kavanagh,GH Lewis,HM Rowe,0,0,,,,,,,,,
1145890,2018,2018-06-06,YMCA Cricket Club,1,15.1,Ireland,New Zealand,GH Lewis,SM Kavanagh,AC Kerr,4,0,,,,,,,,,
1145890,2018,2018-06-06,YMCA Cricket Club,1,15.2,Ireland,New Zealand,GH Lewis,SM Kavanagh,AC Kerr,0,1,1,,,,,,,,
1145890,2018,2018-06-06,YMCA Cricket Club,1,15.3,Ireland,New Zealand,GH Lewis,SM Kavanagh,AC Kerr,1,0,,,,,,,,,
1145890,2018,2018-06-06,YMCA Cricket Club,1,15.4,Ireland,New Zealand,SM Kavanagh,GH Lewis,AC Kerr,2,0,,,,,,,,,
1145890,2018,2018-06-06,YMCA Cricket Club,1,15.5,Ireland,New Zealand,SM Kavanagh,GH Lewis,AC Kerr,0,0,,,,,,,,,
1145890,2018,2018-06-06,YMCA Cricket Club,1,15.6,Ireland,New Zealand,SM Kavanagh,GH Lewis,AC Kerr,0,0,,,,,,,,,
1145890,2018,2018-06-06,YMCA Cricket Club,1,15.7,Ireland,New Zealand,SM Kavanagh,GH Lewis,AC Kerr,0,0,,,,,,,,,
1145890,2018,2018-06-06,YMCA Cricket Club,1,16.1,Ireland,New Zealand,GH Lewis,SM Kavanagh,LMM Tahuhu,4,0,,,,,,,,,
1145890,2018,2018-06-06,YMCA Cricket Club,1,16.2,Ireland,New Zealand,GH Lewis,SM Kavanagh,LMM Tahuhu,0,0,,,,,,,,,
1145890,2018,2018-06-06,YMCA Cricket Club,1,16.3,Ireland,New Zealand,GH Lewis,SM Kavanagh,LMM Tahuhu,0,0,,,,,,,,,
1145890,2018,2018-06-06,YMCA Cricket Club,1,16.4,Ireland,New Zealand,GH Lewis,SM Kavanagh,LMM Tahuhu,0,0,,,,,,,,,
1145890,2018,2018-06-06,YMCA Cricket Club,1,16.5,Ireland,New Zealand,GH Lewis,SM Kavanagh,LMM Tahuhu,4,0,,,,,,,,,
1145890,2018,2018-06-06,YMCA Cricket Club,1,16.6,Ireland,New Zealand,GH Lewis,SM Kavanagh,LMM Tahuhu,0,0,,,,,,,,,
1145890,2018,2018-06-06,YMCA Cricket Club,1,17.1,Ireland,New Zealand,SM Kavanagh,GH Lewis,AM Peterson,0,0,,,,,,stumped,SM Kavanagh,,
1145890,2018,2018-06-06,YMCA Cricket Club,1,17.2,Ireland,New Zealand,L Delany,GH Lewis,AM Peterson,1,0,,,,,,,,,
1145890,2018,2018-06-06,YMCA Cricket Club,1,17.3,Ireland,New Zealand,GH Lewis,L Delany,AM Peterson,4,0,,,,,,,,,
1145890,2018,2018-06-06,YMCA Cricket Club,1,17.4,Ireland,New Zealand,GH Lewis,L Delany,AM Peterson,1,0,,,,,,,,,
1145890,2018,2018-06-06,YMCA Cricket Club,1,17.5,Ireland,New Zealand,L Delany,GH Lewis,AM Peterson,1,0,,,,,,,,,
1145890,2018,2018-06-06,YMCA Cricket Club,1,17.6,Ireland,New Zealand,GH Lewis,L Delany,AM Peterson,0,0,,,,,,,,,
1145890,2018,2018-06-06,YMCA Cricket Club,1,18.1,Ireland,New Zealand,L Delany,GH Lewis,KE Ebrahim,1,0,,,,,,,,,
1145890,2018,2018-06-06,YMCA Cricket Club,1,18.2,Ireland,New Zealand,GH Lewis,L Delany,KE Ebrahim,1,0,,,,,,,,,
1145890,2018,2018-06-06,YMCA Cricket Club,1,18.3,Ireland,New Zealand,L Delany,GH Lewis,KE Ebrahim,0,0,,,,,,caught,L Delany,,
1145890,2018,2018-06-06,YMCA Cricket Club,1,18.4,Ireland,New Zealand,AJ Kenealy,GH Lewis,KE Ebrahim,0,0,,,,,,run out,AJ Kenealy,,
1145890,2018,2018-06-06,YMCA Cricket Club,1,18.5,Ireland,New Zealand,GH Lewis,Rachel Delaney,KE Ebrahim,1,0,,,,,,,,,
1145890,2018,2018-06-06,YMCA Cricket Club,1,18.6,Ireland,New Zealand,Rachel Delaney,GH Lewis,KE Ebrahim,0,0,,,,,,,,,
1145890,2018,2018-06-06,YMCA Cricket Club,1,19.1,Ireland,New Zealand,GH Lewis,Rachel Delaney,LM Kasperek,2,0,,,,,,,,,
1145890,2018,2018-06-06,YMCA Cricket Club,1,19.2,Ireland,New Zealand,GH Lewis,Rachel Delaney,LM Kasperek,0,0,,,,,,bowled,GH Lewis,,
1145890,2018,2018-06-06,YMCA Cricket Club,1,19.3,Ireland,New Zealand,L Maritz,Rachel Delaney,LM Kasperek,2,0,,,,,,,,,
1145890,2018,2018-06-06,YMCA Cricket Club,1,19.4,Ireland,New Zealand,L Maritz,Rachel Delaney,LM Kasperek,1,0,,,,,,,,,
1145890,2018,2018-06-06,YMCA Cricket Club,1,19.5,Ireland,New Zealand,Rachel Delaney,L Maritz,LM Kasperek,1,0,,,,,,,,,
1145890,2018,2018-06-06,YMCA Cricket Club,1,19.6,Ireland,New Zealand,L Maritz,Rachel Delaney,LM Kasperek,2,0,,,,,,,,,
1145890,2018,2018-06-06,YMCA Cricket Club,2,0.1,New Zealand,Ireland,SW Bates,JM Watkin,AJ Kenealy,0,0,,,,,,,,,
1145890,2018,2018-06-06,YMCA Cricket Club,2,0.2,New Zealand,Ireland,SW Bates,JM Watkin,AJ Kenealy,0,0,,,,,,,,,
1145890,2018,2018-06-06,YMCA Cricket Club,2,0.3,New Zealand,Ireland,SW Bates,JM Watkin,AJ Kenealy,1,0,,,,,,,,,
1145890,2018,2018-06-06,YMCA Cricket Club,2,0.4,New Zealand,Ireland,JM Watkin,SW Bates,AJ Kenealy,0,0,,,,,,,,,
1145890,2018,2018-06-06,YMCA Cricket Club,2,0.5,New Zealand,Ireland,JM Watkin,SW Bates,AJ Kenealy,4,0,,,,,,,,,
1145890,2018,2018-06-06,YMCA Cricket Club,2,0.6,New Zealand,Ireland,JM Watkin,SW Bates,AJ Kenealy,0,0,,,,,,,,,
1145890,2018,2018-06-06,YMCA Cricket Club,2,1.1,New Zealand,Ireland,SW Bates,JM Watkin,IMHC Joyce,4,0,,,,,,,,,
1145890,2018,2018-06-06,YMCA Cricket Club,2,1.2,New Zealand,Ireland,SW Bates,JM Watkin,IMHC Joyce,4,0,,,,,,,,,
1145890,2018,2018-06-06,YMCA Cricket Club,2,1.3,New Zealand,Ireland,SW Bates,JM Watkin,IMHC Joyce,4,0,,,,,,,,,
1145890,2018,2018-06-06,YMCA Cricket Club,2,1.4,New Zealand,Ireland,SW Bates,JM Watkin,IMHC Joyce,4,0,,,,,,,,,
1145890,2018,2018-06-06,YMCA Cricket Club,2,1.5,New Zealand,Ireland,SW Bates,JM Watkin,IMHC Joyce,0,0,,,,,,,,,
1145890,2018,2018-06-06,YMCA Cricket Club,2,1.6,New Zealand,Ireland,SW Bates,JM Watkin,IMHC Joyce,0,0,,,,,,,,,
1145890,2018,2018-06-06,YMCA Cricket Club,2,2.1,New Zealand,Ireland,JM Watkin,SW Bates,AJ Kenealy,0,0,,,,,,,,,
1145890,2018,2018-06-06,YMCA Cricket Club,2,2.2,New Zealand,Ireland,JM Watkin,SW Bates,AJ Kenealy,0,0,,,,,,,,,
1145890,2018,2018-06-06,YMCA Cricket Club,2,2.3,New Zealand,Ireland,JM Watkin,SW Bates,AJ Kenealy,2,0,,,,,,,,,
1145890,2018,2018-06-06,YMCA Cricket Club,2,2.4,New Zealand,Ireland,JM Watkin,SW Bates,AJ Kenealy,2,1,,1,,,,,,,
1145890,2018,2018-06-06,YMCA Cricket Club,2,2.5,New Zealand,Ireland,JM Watkin,SW Bates,AJ Kenealy,4,0,,,,,,,,,
1145890,2018,2018-06-06,YMCA Cricket Club,2,2.6,New Zealand,Ireland,JM Watkin,SW Bates,AJ Kenealy,0,0,,,,,,,,,
1145890,2018,2018-06-06,YMCA Cricket Club,2,2.7,New Zealand,Ireland,JM Watkin,SW Bates,AJ Kenealy,1,0,,,,,,,,,
1145890,2018,2018-06-06,YMCA Cricket Club,2,3.1,New Zealand,Ireland,JM Watkin,SW Bates,L Maritz,0,0,,,,,,,,,
1145890,2018,2018-06-06,YMCA Cricket Club,2,3.2,New Zealand,Ireland,JM Watkin,SW Bates,L Maritz,0,0,,,,,,,,,
1145890,2018,2018-06-06,YMCA Cricket Club,2,3.3,New Zealand,Ireland,JM Watkin,SW Bates,L Maritz,4,0,,,,,,,,,
1145890,2018,2018-06-06,YMCA Cricket Club,2,3.4,New Zealand,Ireland,JM Watkin,SW Bates,L Maritz,0,0,,,,,,,,,
1145890,2018,2018-06-06,YMCA Cricket Club,2,3.5,New Zealand,Ireland,JM Watkin,SW Bates,L Maritz,0,1,1,,,,,,,,
1145890,2018,2018-06-06,YMCA Cricket Club,2,3.6,New Zealand,Ireland,JM Watkin,SW Bates,L Maritz,4,0,,,,,,,,,
1145890,2018,2018-06-06,YMCA Cricket Club,2,3.7,New Zealand,Ireland,JM Watkin,SW Bates,L Maritz,4,0,,,,,,,,,
1145890,2018,2018-06-06,YMCA Cricket Club,2,4.1,New Zealand,Ireland,SW Bates,JM Watkin,GH Lewis,1,0,,,,,,,,,
1145890,2018,2018-06-06,YMCA Cricket Club,2,4.2,New Zealand,Ireland,JM Watkin,SW Bates,GH Lewis,1,0,,,,,,,,,
1145890,2018,2018-06-06,YMCA Cricket Club,2,4.3,New Zealand,Ireland,SW Bates,JM Watkin,GH Lewis,1,0,,,,,,,,,
1145890,2018,2018-06-06,YMCA Cricket Club,2,4.4,New Zealand,Ireland,JM Watkin,SW Bates,GH Lewis,4,0,,,,,,,,,
1145890,2018,2018-06-06,YMCA Cricket Club,2,4.5,New Zealand,Ireland,JM Watkin,SW Bates,GH Lewis,6,0,,,,,,,,,
1145890,2018,2018-06-06,YMCA Cricket Club,2,4.6,New Zealand,Ireland,JM Watkin,SW Bates,GH Lewis,1,0,,,,,,,,,
1145890,2018,2018-06-06,YMCA Cricket Club,2,5.1,New Zealand,Ireland,JM Watkin,SW Bates,L Maritz,1,0,,,,,,,,,
1145890,2018,2018-06-06,YMCA Cricket Club,2,5.2,New Zealand,Ireland,SW Bates,JM Watkin,L Maritz,4,0,,,,,,,,,
1145890,2018,2018-06-06,YMCA Cricket Club,2,5.3,New Zealand,Ireland,SW Bates,JM Watkin,L Maritz,0,0,,,,,,,,,
1145890,2018,2018-06-06,YMCA Cricket Club,2,5.4,New Zealand,Ireland,SW Bates,JM Watkin,L Maritz,4,0,,,,,,,,,
1145890,2018,2018-06-06,YMCA Cricket Club,2,5.5,New Zealand,Ireland,SW Bates,JM Watkin,L Maritz,0,0,,,,,,,,,
1145890,2018,2018-06-06,YMCA Cricket Club,2,5.6,New Zealand,Ireland,SW Bates,JM Watkin,L Maritz,0,0,,,,,,,,,
1145890,2018,2018-06-06,YMCA Cricket Club,2,6.1,New Zealand,Ireland,JM Watkin,SW Bates,GH Lewis,4,0,,,,,,,,,
1145890,2018,2018-06-06,YMCA Cricket Club,2,6.2,New Zealand,Ireland,JM Watkin,SW Bates,GH Lewis,0,0,,,,,,,,,
1145890,2018,2018-06-06,YMCA Cricket Club,2,6.3,New Zealand,Ireland,JM Watkin,SW Bates,GH Lewis,4,0,,,,,,,,,
1145890,2018,2018-06-06,YMCA Cricket Club,2,6.4,New Zealand,Ireland,JM Watkin,SW Bates,GH Lewis,0,0,,,,,,,,,
1145890,2018,2018-06-06,YMCA Cricket Club,2,6.5,New Zealand,Ireland,JM Watkin,SW Bates,GH Lewis,6,0,,,,,,,,,
1145890,2018,2018-06-06,YMCA Cricket Club,2,6.6,New Zealand,Ireland,JM Watkin,SW Bates,GH Lewis,0,0,,,,,,,,,
1145890,2018,2018-06-06,YMCA Cricket Club,2,7.1,New Zealand,Ireland,SW Bates,JM Watkin,C Murray,1,0,,,,,,,,,
1145890,2018,2018-06-06,YMCA Cricket Club,2,7.2,New Zealand,Ireland,JM Watkin,SW Bates,C Murray,4,0,,,,,,,,,
1145890,2018,2018-06-06,YMCA Cricket Club,2,7.3,New Zealand,Ireland,JM Watkin,SW Bates,C Murray,1,0,,,,,,,,,
1145890,2018,2018-06-06,YMCA Cricket Club,2,7.4,New Zealand,Ireland,SW Bates,JM Watkin,C Murray,1,0,,,,,,,,,
1145890,2018,2018-06-06,YMCA Cricket Club,2,7.5,New Zealand,Ireland,JM Watkin,SW Bates,C Murray,1,0,,,,,,,,,
1145890,2018,2018-06-06,YMCA Cricket Club,2,7.6,New Zealand,Ireland,SW Bates,JM Watkin,C Murray,4,0,,,,,,,,,
1145890,2018,2018-06-06,YMCA Cricket Club,2,8.1,New Zealand,Ireland,JM Watkin,SW Bates,AJ Kenealy,1,0,,,,,,,,,
1145890,2018,2018-06-06,YMCA Cricket Club,2,8.2,New Zealand,Ireland,SW Bates,JM Watkin,AJ Kenealy,1,0,,,,,,,,,
1145890,2018,2018-06-06,YMCA Cricket Club,2,8.3,New Zealand,Ireland,JM Watkin,SW Bates,AJ Kenealy,1,0,,,,,,,,,
1145890,2018,2018-06-06,YMCA Cricket Club,2,8.4,New Zealand,Ireland,SW Bates,JM Watkin,AJ Kenealy,1,0,,,,,,,,,
1145890,2018,2018-06-06,YMCA Cricket Club,2,8.5,New Zealand,Ireland,JM Watkin,SW Bates,AJ Kenealy,2,0,,,,,,,,,
1145890,2018,2018-06-06,YMCA Cricket Club,2,8.6,New Zealand,Ireland,JM Watkin,SW Bates,AJ Kenealy,6,0,,,,,,,,,
1145890,2018,2018-06-06,YMCA Cricket Club,2,9.1,New Zealand,Ireland,SW Bates,JM Watkin,C Murray,6,0,,,,,,,,,
1145890,2018,2018-06-06,YMCA Cricket Club,2,9.2,New Zealand,Ireland,SW Bates,JM Watkin,C Murray,4,0,,,,,,,,,
1145890,2018,2018-06-06,YMCA Cricket Club,2,9.3,New Zealand,Ireland,SW Bates,JM Watkin,C Murray,1,0,,,,,,,,,
1145890,2018,2018-06-06,YMCA Cricket Club,2,9.4,New Zealand,Ireland,JM Watkin,SW Bates,C Murray,4,0,,,,,,,,,
1145890,2018,2018-06-06,YMCA Cricket Club,2,9.5,New Zealand,Ireland,JM Watkin,SW Bates,C Murray,0,0,,,,,,,,,
1145890,2018,2018-06-06,YMCA Cricket Club,2,9.6,New Zealand,Ireland,JM Watkin,SW Bates,C Murray,4,0,,,,,,,,,
1145890,2018,2018-06-06,YMCA Cricket Club,2,10.1,New Zealand,Ireland,SW Bates,JM Watkin,Rachel Delaney,4,0,,,,,,,,,
1145890,2018,2018-06-06,YMCA Cricket Club,2,10.2,New Zealand,Ireland,SW Bates,JM Watkin,Rachel Delaney,4,0,,,,,,,,,
1145890,2018,2018-06-06,YMCA Cricket Club,2,10.3,New Zealand,Ireland,SW Bates,JM Watkin,Rachel Delaney,2,0,,,,,,,,,
1145890,2018,2018-06-06,YMCA Cricket Club,2,10.4,New Zealand,Ireland,SW Bates,JM Watkin,Rachel Delaney,1,0,,,,,,,,,
1145890,2018,2018-06-06,YMCA Cricket Club,2,10.5,New Zealand,Ireland,JM Watkin,SW Bates,Rachel Delaney,1,0,,,,,,,,,
1145890,2018,2018-06-06,YMCA Cricket Club,2,10.6,New Zealand,Ireland,SW Bates,JM Watkin,Rachel Delaney,6,0,,,,,,,,,
