version,2.1.0
info,balls_per_over,6
info,team,Bangladesh
info,team,West Indies
info,gender,male
info,season,2018
info,date,2018/07/31
info,event,Bangladesh tour of West Indies and United States of America
info,match_number,1
info,venue,"Warner Park, Basseterre"
info,city,St Kitts
info,toss_winner,West Indies
info,toss_decision,field
info,player_of_match,AD Russell
info,umpire,JS Wilson
info,umpire,GO Brathwaite
info,reserve_umpire,LS Reifer
info,tv_umpire,N Duguid
info,match_referee,BC Broad
info,winner,West Indies
info,winner_wickets,7
info,method,D/L
info,player,Bangladesh,Tamim Iqbal
info,player,Bangladesh,Soumya Sarkar
info,player,Bangladesh,Liton Das
info,player,Bangladesh,Shakib Al Hasan
info,player,Bangladesh,Mushfiqur Rahim
info,player,Bangladesh,Mahmudullah
info,player,Bangladesh,Ariful Haque
info,player,Bangladesh,Mehedi Hasan Miraz
info,player,Bangladesh,Nazmul Islam
info,player,Bangladesh,Rubel Hossain
info,player,Bangladesh,Mustafizur Rahman
info,player,West Indies,ADS Fletcher
info,player,West Indies,E Lewis
info,player,West Indies,AD Russell
info,player,West Indies,MN Samuels
info,player,West Indies,R Powell
info,player,West Indies,D Ramdin
info,player,West Indies,CR Brathwaite
info,player,West Indies,AR Nurse
info,player,West Indies,S Badree
info,player,West Indies,KMA Paul
info,player,West Indies,KOK Williams
info,registry,people,AD Russell,bbd41817
info,registry,people,ADS Fletcher,1bae756b
info,registry,people,AR Nurse,4a745f65
info,registry,people,Ariful Haque,ad1730bc
info,registry,people,BC Broad,d6a7dd38
info,registry,people,CR Brathwaite,e342e5fb
info,registry,people,D Ramdin,d1523761
info,registry,people,E Lewis,0ebfb1ad
info,registry,people,GO Brathwaite,1ace56d4
info,registry,people,JS Wilson,d7f3b72f
info,registry,people,KMA Paul,75224f22
info,registry,people,KOK Williams,78cb83f3
info,registry,people,LS Reifer,5dee559a
info,registry,people,Liton Das,0404d43c
info,registry,people,MN Samuels,f846de6a
info,registry,people,Mahmudullah,bf1d7d3e
info,registry,people,Mehedi Hasan Miraz,c58b0108
info,registry,people,Mushfiqur Rahim,a94e08ea
info,registry,people,Mustafizur Rahman,0a8fce53
info,registry,people,N Duguid,64495506
info,registry,people,Nazmul Islam,6575e3bc
info,registry,people,R Powell,650d5e49
info,registry,people,Rubel Hossain,f56cd097
info,registry,people,S Badree,76388dc8
info,registry,people,Shakib Al Hasan,7dc35884
info,registry,people,Soumya Sarkar,4d9f9686
info,registry,people,Tamim Iqbal,3b041a12
