match_id,season,start_date,venue,innings,ball,batting_team,bowling_team,striker,non_striker,bowler,runs_off_bat,extras,wides,noballs,byes,legbyes,penalty,wicket_type,player_dismissed,other_wicket_type,other_player_dismissed
1147731,2018,2018-07-12,VRA Ground,1,0.1,Bangladesh,Scotland,Shamima Sultana,Ayasha Rahman,RV Scholes,1,0,,,,,,,,,
1147731,2018,2018-07-12,VRA Ground,1,0.2,Bangladesh,Scotland,Ayasha Rahman,Shamima Sultana,RV Scholes,0,0,,,,,,,,,
1147731,2018,2018-07-12,VRA Ground,1,0.3,Bangladesh,Scotland,Ayasha Rahman,Shamima Sultana,RV Scholes,0,0,,,,,,,,,
1147731,2018,2018-07-12,VRA Ground,1,0.4,Bangladesh,Scotland,Ayasha Rahman,Shamima Sultana,RV Scholes,0,1,1,,,,,,,,
1147731,2018,2018-07-12,VRA Ground,1,0.5,Bangladesh,Scotland,Ayasha Rahman,Shamima Sultana,RV Scholes,1,0,,,,,,,,,
1147731,2018,2018-07-12,VRA Ground,1,0.6,Bangladesh,Scotland,Shamima Sultana,Ayasha Rahman,RV Scholes,0,0,,,,,,,,,
1147731,2018,2018-07-12,VRA Ground,1,0.7,Bangladesh,Scotland,Shamima Sultana,Ayasha Rahman,RV Scholes,1,0,,,,,,,,,
1147731,2018,2018-07-12,VRA Ground,1,1.1,Bangladesh,Scotland,Shamima Sultana,Ayasha Rahman,KE Bryce,1,0,,,,,,,,,
1147731,2018,2018-07-12,VRA Ground,1,1.2,Bangladesh,Scotland,Ayasha Rahman,Shamima Sultana,KE Bryce,1,0,,,,,,,,,
1147731,2018,2018-07-12,VRA Ground,1,1.3,Bangladesh,Scotland,Shamima Sultana,Ayasha Rahman,KE Bryce,1,0,,,,,,,,,
1147731,2018,2018-07-12,VRA Ground,1,1.4,Bangladesh,Scotland,Ayasha Rahman,Shamima Sultana,KE Bryce,1,0,,,,,,,,,
1147731,2018,2018-07-12,VRA Ground,1,1.5,Bangladesh,Scotland,Shamima Sultana,Ayasha Rahman,KE Bryce,1,0,,,,,,,,,
1147731,2018,2018-07-12,VRA Ground,1,1.6,Bangladesh,Scotland,Ayasha Rahman,Shamima Sultana,KE Bryce,1,0,,,,,,,,,
1147731,2018,2018-07-12,VRA Ground,1,2.1,Bangladesh,Scotland,Ayasha Rahman,Shamima Sultana,RV Scholes,2,0,,,,,,,,,
1147731,2018,2018-07-12,VRA Ground,1,2.2,Bangladesh,Scotland,Ayasha Rahman,Shamima Sultana,RV Scholes,1,0,,,,,,,,,
1147731,2018,2018-07-12,VRA Ground,1,2.3,Bangladesh,Scotland,Shamima Sultana,Ayasha Rahman,RV Scholes,1,0,,,,,,,,,
1147731,2018,2018-07-12,VRA Ground,1,2.4,Bangladesh,Scotland,Ayasha Rahman,Shamima Sultana,RV Scholes,0,1,1,,,,,,,,
1147731,2018,2018-07-12,VRA Ground,1,2.5,Bangladesh,Scotland,Ayasha Rahman,Shamima Sultana,RV Scholes,1,0,,,,,,,,,
1147731,2018,2018-07-12,VRA Ground,1,2.6,Bangladesh,Scotland,Shamima Sultana,Ayasha Rahman,RV Scholes,4,0,,,,,,,,,
1147731,2018,2018-07-12,VRA Ground,1,2.7,Bangladesh,Scotland,Shamima Sultana,Ayasha Rahman,RV Scholes,0,0,,,,,,,,,
1147731,2018,2018-07-12,VRA Ground,1,3.1,Bangladesh,Scotland,Ayasha Rahman,Shamima Sultana,KE Bryce,0,0,,,,,,,,,
1147731,2018,2018-07-12,VRA Ground,1,3.2,Bangladesh,Scotland,Ayasha Rahman,Shamima Sultana,KE Bryce,0,0,,,,,,,,,
1147731,2018,2018-07-12,VRA Ground,1,3.3,Bangladesh,Scotland,Ayasha Rahman,Shamima Sultana,KE Bryce,4,0,,,,,,,,,
1147731,2018,2018-07-12,VRA Ground,1,3.4,Bangladesh,Scotland,Ayasha Rahman,Shamima Sultana,KE Bryce,0,1,1,,,,,,,,
1147731,2018,2018-07-12,VRA Ground,1,3.5,Bangladesh,Scotland,Ayasha Rahman,Shamima Sultana,KE Bryce,2,0,,,,,,,,,
1147731,2018,2018-07-12,VRA Ground,1,3.6,Bangladesh,Scotland,Ayasha Rahman,Shamima Sultana,KE Bryce,0,0,,,,,,,,,
1147731,2018,2018-07-12,VRA Ground,1,3.7,Bangladesh,Scotland,Ayasha Rahman,Shamima Sultana,KE Bryce,0,0,,,,,,,,,
1147731,2018,2018-07-12,VRA Ground,1,4.1,Bangladesh,Scotland,Shamima Sultana,Ayasha Rahman,K McGill,1,0,,,,,,,,,
1147731,2018,2018-07-12,VRA Ground,1,4.2,Bangladesh,Scotland,Ayasha Rahman,Shamima Sultana,K McGill,0,1,1,,,,,,,,
1147731,2018,2018-07-12,VRA Ground,1,4.3,Bangladesh,Scotland,Ayasha Rahman,Shamima Sultana,K McGill,1,0,,,,,,,,,
1147731,2018,2018-07-12,VRA Ground,1,4.4,Bangladesh,Scotland,Shamima Sultana,Ayasha Rahman,K McGill,1,0,,,,,,,,,
1147731,2018,2018-07-12,VRA Ground,1,4.5,Bangladesh,Scotland,Ayasha Rahman,Shamima Sultana,K McGill,0,0,,,,,,,,,
1147731,2018,2018-07-12,VRA Ground,1,4.6,Bangladesh,Scotland,Ayasha Rahman,Shamima Sultana,K McGill,1,0,,,,,,,,,
1147731,2018,2018-07-12,VRA Ground,1,4.7,Bangladesh,Scotland,Shamima Sultana,Ayasha Rahman,K McGill,0,4,,,4,,,,,,
1147731,2018,2018-07-12,VRA Ground,1,5.1,Bangladesh,Scotland,Ayasha Rahman,Shamima Sultana,PA Chatterji,0,0,,,,,,,,,
1147731,2018,2018-07-12,VRA Ground,1,5.2,Bangladesh,Scotland,Ayasha Rahman,Shamima Sultana,PA Chatterji,0,0,,,,,,,,,
1147731,2018,2018-07-12,VRA Ground,1,5.3,Bangladesh,Scotland,Ayasha Rahman,Shamima Sultana,PA Chatterji,1,0,,,,,,,,,
1147731,2018,2018-07-12,VRA Ground,1,5.4,Bangladesh,Scotland,Shamima Sultana,Ayasha Rahman,PA Chatterji,4,0,,,,,,,,,
1147731,2018,2018-07-12,VRA Ground,1,5.5,Bangladesh,Scotland,Shamima Sultana,Ayasha Rahman,PA Chatterji,4,0,,,,,,,,,
1147731,2018,2018-07-12,VRA Ground,1,5.6,Bangladesh,Scotland,Shamima Sultana,Ayasha Rahman,PA Chatterji,1,0,,,,,,,,,
1147731,2018,2018-07-12,VRA Ground,1,6.1,Bangladesh,Scotland,Shamima Sultana,Ayasha Rahman,K McGill,1,0,,,,,,,,,
1147731,2018,2018-07-12,VRA Ground,1,6.2,Bangladesh,Scotland,Ayasha Rahman,Shamima Sultana,K McGill,0,0,,,,,,,,,
1147731,2018,2018-07-12,VRA Ground,1,6.3,Bangladesh,Scotland,Ayasha Rahman,Shamima Sultana,K McGill,2,0,,,,,,,,,
1147731,2018,2018-07-12,VRA Ground,1,6.4,Bangladesh,Scotland,Ayasha Rahman,Shamima Sultana,K McGill,0,0,,,,,,,,,
1147731,2018,2018-07-12,VRA Ground,1,6.5,Bangladesh,Scotland,Ayasha Rahman,Shamima Sultana,K McGill,0,1,1,,,,,,,,
1147731,2018,2018-07-12,VRA Ground,1,6.6,Bangladesh,Scotland,Ayasha Rahman,Shamima Sultana,K McGill,1,0,,,,,,run out,Shamima Sultana,,
1147731,2018,2018-07-12,VRA Ground,1,6.7,Bangladesh,Scotland,Fargana Hoque,Ayasha Rahman,K McGill,0,1,1,,,,,,,,
1147731,2018,2018-07-12,VRA Ground,1,6.8,Bangladesh,Scotland,Fargana Hoque,Ayasha Rahman,K McGill,0,0,,,,,,,,,
1147731,2018,2018-07-12,VRA Ground,1,7.1,Bangladesh,Scotland,Ayasha Rahman,Fargana Hoque,PA Chatterji,0,0,,,,,,,,,
1147731,2018,2018-07-12,VRA Ground,1,7.2,Bangladesh,Scotland,Ayasha Rahman,Fargana Hoque,PA Chatterji,0,0,,,,,,caught,Ayasha Rahman,,
1147731,2018,2018-07-12,VRA Ground,1,7.3,Bangladesh,Scotland,Nigar Sultana,Fargana Hoque,PA Chatterji,0,1,1,,,,,,,,
1147731,2018,2018-07-12,VRA Ground,1,7.4,Bangladesh,Scotland,Nigar Sultana,Fargana Hoque,PA Chatterji,0,0,,,,,,,,,
1147731,2018,2018-07-12,VRA Ground,1,7.5,Bangladesh,Scotland,Nigar Sultana,Fargana Hoque,PA Chatterji,1,0,,,,,,,,,
1147731,2018,2018-07-12,VRA Ground,1,7.6,Bangladesh,Scotland,Fargana Hoque,Nigar Sultana,PA Chatterji,1,0,,,,,,,,,
1147731,2018,2018-07-12,VRA Ground,1,7.7,Bangladesh,Scotland,Nigar Sultana,Fargana Hoque,PA Chatterji,0,0,,,,,,,,,
1147731,2018,2018-07-12,VRA Ground,1,8.1,Bangladesh,Scotland,Fargana Hoque,Nigar Sultana,AH Maqsood,1,0,,,,,,,,,
1147731,2018,2018-07-12,VRA Ground,1,8.2,Bangladesh,Scotland,Nigar Sultana,Fargana Hoque,AH Maqsood,0,0,,,,,,,,,
1147731,2018,2018-07-12,VRA Ground,1,8.3,Bangladesh,Scotland,Nigar Sultana,Fargana Hoque,AH Maqsood,1,0,,,,,,,,,
1147731,2018,2018-07-12,VRA Ground,1,8.4,Bangladesh,Scotland,Fargana Hoque,Nigar Sultana,AH Maqsood,0,1,1,,,,,stumped,Fargana Hoque,,
1147731,2018,2018-07-12,VRA Ground,1,8.5,Bangladesh,Scotland,Rumana Ahmed,Nigar Sultana,AH Maqsood,0,1,1,,,,,,,,
1147731,2018,2018-07-12,VRA Ground,1,8.6,Bangladesh,Scotland,Rumana Ahmed,Nigar Sultana,AH Maqsood,1,0,,,,,,,,,
1147731,2018,2018-07-12,VRA Ground,1,8.7,Bangladesh,Scotland,Nigar Sultana,Rumana Ahmed,AH Maqsood,2,0,,,,,,,,,
1147731,2018,2018-07-12,VRA Ground,1,8.8,Bangladesh,Scotland,Nigar Sultana,Rumana Ahmed,AH Maqsood,0,0,,,,,,,,,
1147731,2018,2018-07-12,VRA Ground,1,9.1,Bangladesh,Scotland,Rumana Ahmed,Nigar Sultana,PA Chatterji,0,0,,,,,,,,,
1147731,2018,2018-07-12,VRA Ground,1,9.2,Bangladesh,Scotland,Rumana Ahmed,Nigar Sultana,PA Chatterji,0,0,,,,,,,,,
1147731,2018,2018-07-12,VRA Ground,1,9.3,Bangladesh,Scotland,Rumana Ahmed,Nigar Sultana,PA Chatterji,0,0,,,,,,caught,Rumana Ahmed,,
1147731,2018,2018-07-12,VRA Ground,1,9.4,Bangladesh,Scotland,Fahima Khatun,Nigar Sultana,PA Chatterji,1,0,,,,,,,,,
1147731,2018,2018-07-12,VRA Ground,1,9.5,Bangladesh,Scotland,Nigar Sultana,Fahima Khatun,PA Chatterji,1,0,,,,,,,,,
1147731,2018,2018-07-12,VRA Ground,1,9.6,Bangladesh,Scotland,Fahima Khatun,Nigar Sultana,PA Chatterji,0,0,,,,,,,,,
1147731,2018,2018-07-12,VRA Ground,1,10.1,Bangladesh,Scotland,Nigar Sultana,Fahima Khatun,AH Maqsood,1,0,,,,,,,,,
1147731,2018,2018-07-12,VRA Ground,1,10.2,Bangladesh,Scotland,Fahima Khatun,Nigar Sultana,AH Maqsood,1,0,,,,,,,,,
1147731,2018,2018-07-12,VRA Ground,1,10.3,Bangladesh,Scotland,Nigar Sultana,Fahima Khatun,AH Maqsood,2,0,,,,,,,,,
1147731,2018,2018-07-12,VRA Ground,1,10.4,Bangladesh,Scotland,Nigar Sultana,Fahima Khatun,AH Maqsood,0,0,,,,,,,,,
1147731,2018,2018-07-12,VRA Ground,1,10.5,Bangladesh,Scotland,Nigar Sultana,Fahima Khatun,AH Maqsood,1,0,,,,,,,,,
1147731,2018,2018-07-12,VRA Ground,1,10.6,Bangladesh,Scotland,Fahima Khatun,Nigar Sultana,AH Maqsood,1,0,,,,,,,,,
1147731,2018,2018-07-12,VRA Ground,1,11.1,Bangladesh,Scotland,Fahima Khatun,Nigar Sultana,PA Chatterji,0,0,,,,,,,,,
1147731,2018,2018-07-12,VRA Ground,1,11.2,Bangladesh,Scotland,Fahima Khatun,Nigar Sultana,PA Chatterji,0,0,,,,,,,,,
1147731,2018,2018-07-12,VRA Ground,1,11.3,Bangladesh,Scotland,Fahima Khatun,Nigar Sultana,PA Chatterji,1,0,,,,,,,,,
1147731,2018,2018-07-12,VRA Ground,1,11.4,Bangladesh,Scotland,Nigar Sultana,Fahima Khatun,PA Chatterji,0,0,,,,,,,,,
1147731,2018,2018-07-12,VRA Ground,1,11.5,Bangladesh,Scotland,Nigar Sultana,Fahima Khatun,PA Chatterji,0,0,,,,,,,,,
1147731,2018,2018-07-12,VRA Ground,1,11.6,Bangladesh,Scotland,Nigar Sultana,Fahima Khatun,PA Chatterji,1,0,,,,,,,,,
1147731,2018,2018-07-12,VRA Ground,1,12.1,Bangladesh,Scotland,Nigar Sultana,Fahima Khatun,AH Maqsood,1,0,,,,,,,,,
1147731,2018,2018-07-12,VRA Ground,1,12.2,Bangladesh,Scotland,Fahima Khatun,Nigar Sultana,AH Maqsood,1,0,,,,,,,,,
1147731,2018,2018-07-12,VRA Ground,1,12.3,Bangladesh,Scotland,Nigar Sultana,Fahima Khatun,AH Maqsood,1,0,,,,,,,,,
1147731,2018,2018-07-12,VRA Ground,1,12.4,Bangladesh,Scotland,Fahima Khatun,Nigar Sultana,AH Maqsood,2,0,,,,,,,,,
1147731,2018,2018-07-12,VRA Ground,1,12.5,Bangladesh,Scotland,Fahima Khatun,Nigar Sultana,AH Maqsood,1,0,,,,,,,,,
1147731,2018,2018-07-12,VRA Ground,1,12.6,Bangladesh,Scotland,Nigar Sultana,Fahima Khatun,AH Maqsood,1,0,,,,,,,,,
1147731,2018,2018-07-12,VRA Ground,1,13.1,Bangladesh,Scotland,Nigar Sultana,Fahima Khatun,A Aitken,1,0,,,,,,,,,
1147731,2018,2018-07-12,VRA Ground,1,13.2,Bangladesh,Scotland,Fahima Khatun,Nigar Sultana,A Aitken,1,0,,,,,,,,,
1147731,2018,2018-07-12,VRA Ground,1,13.3,Bangladesh,Scotland,Nigar Sultana,Fahima Khatun,A Aitken,1,0,,,,,,,,,
1147731,2018,2018-07-12,VRA Ground,1,13.4,Bangladesh,Scotland,Fahima Khatun,Nigar Sultana,A Aitken,4,0,,,,,,,,,
1147731,2018,2018-07-12,VRA Ground,1,13.5,Bangladesh,Scotland,Fahima Khatun,Nigar Sultana,A Aitken,1,0,,,,,,,,,
1147731,2018,2018-07-12,VRA Ground,1,13.6,Bangladesh,Scotland,Nigar Sultana,Fahima Khatun,A Aitken,0,0,,,,,,,,,
1147731,2018,2018-07-12,VRA Ground,1,14.1,Bangladesh,Scotland,Fahima Khatun,Nigar Sultana,KE Bryce,1,0,,,,,,,,,
1147731,2018,2018-07-12,VRA Ground,1,14.2,Bangladesh,Scotland,Nigar Sultana,Fahima Khatun,KE Bryce,0,0,,,,,,,,,
1147731,2018,2018-07-12,VRA Ground,1,14.3,Bangladesh,Scotland,Nigar Sultana,Fahima Khatun,KE Bryce,1,0,,,,,,,,,
1147731,2018,2018-07-12,VRA Ground,1,14.4,Bangladesh,Scotland,Fahima Khatun,Nigar Sultana,KE Bryce,0,0,,,,,,,,,
1147731,2018,2018-07-12,VRA Ground,1,14.5,Bangladesh,Scotland,Fahima Khatun,Nigar Sultana,KE Bryce,0,0,,,,,,stumped,Fahima Khatun,,
1147731,2018,2018-07-12,VRA Ground,1,14.6,Bangladesh,Scotland,Sanjida Islam,Nigar Sultana,KE Bryce,0,0,,,,,,,,,
1147731,2018,2018-07-12,VRA Ground,1,15.1,Bangladesh,Scotland,Nigar Sultana,Sanjida Islam,A Aitken,1,0,,,,,,,,,
1147731,2018,2018-07-12,VRA Ground,1,15.2,Bangladesh,Scotland,Sanjida Islam,Nigar Sultana,A Aitken,0,0,,,,,,,,,
1147731,2018,2018-07-12,VRA Ground,1,15.3,Bangladesh,Scotland,Sanjida Islam,Nigar Sultana,A Aitken,1,0,,,,,,,,,
1147731,2018,2018-07-12,VRA Ground,1,15.4,Bangladesh,Scotland,Nigar Sultana,Sanjida Islam,A Aitken,1,0,,,,,,,,,
1147731,2018,2018-07-12,VRA Ground,1,15.5,Bangladesh,Scotland,Sanjida Islam,Nigar Sultana,A Aitken,0,0,,,,,,,,,
1147731,2018,2018-07-12,VRA Ground,1,15.6,Bangladesh,Scotland,Sanjida Islam,Nigar Sultana,A Aitken,2,0,,,,,,,,,
1147731,2018,2018-07-12,VRA Ground,1,16.1,Bangladesh,Scotland,Nigar Sultana,Sanjida Islam,RV Scholes,0,0,,,,,,,,,
1147731,2018,2018-07-12,VRA Ground,1,16.2,Bangladesh,Scotland,Nigar Sultana,Sanjida Islam,RV Scholes,0,0,,,,,,,,,
1147731,2018,2018-07-12,VRA Ground,1,16.3,Bangladesh,Scotland,Nigar Sultana,Sanjida Islam,RV Scholes,1,0,,,,,,,,,
1147731,2018,2018-07-12,VRA Ground,1,16.4,Bangladesh,Scotland,Sanjida Islam,Nigar Sultana,RV Scholes,0,0,,,,,,,,,
1147731,2018,2018-07-12,VRA Ground,1,16.5,Bangladesh,Scotland,Sanjida Islam,Nigar Sultana,RV Scholes,1,0,,,,,,,,,
1147731,2018,2018-07-12,VRA Ground,1,16.6,Bangladesh,Scotland,Nigar Sultana,Sanjida Islam,RV Scholes,0,0,,,,,,,,,
1147731,2018,2018-07-12,VRA Ground,1,17.1,Bangladesh,Scotland,Sanjida Islam,Nigar Sultana,K McGill,1,0,,,,,,,,,
1147731,2018,2018-07-12,VRA Ground,1,17.2,Bangladesh,Scotland,Nigar Sultana,Sanjida Islam,K McGill,1,0,,,,,,,,,
1147731,2018,2018-07-12,VRA Ground,1,17.3,Bangladesh,Scotland,Sanjida Islam,Nigar Sultana,K McGill,0,0,,,,,,,,,
1147731,2018,2018-07-12,VRA Ground,1,17.4,Bangladesh,Scotland,Sanjida Islam,Nigar Sultana,K McGill,0,0,,,,,,,,,
1147731,2018,2018-07-12,VRA Ground,1,17.5,Bangladesh,Scotland,Sanjida Islam,Nigar Sultana,K McGill,4,0,,,,,,,,,
1147731,2018,2018-07-12,VRA Ground,1,17.6,Bangladesh,Scotland,Sanjida Islam,Nigar Sultana,K McGill,3,0,,,,,,,,,
1147731,2018,2018-07-12,VRA Ground,1,18.1,Bangladesh,Scotland,Sanjida Islam,Nigar Sultana,RV Scholes,0,2,2,,,,,,,,
1147731,2018,2018-07-12,VRA Ground,1,18.2,Bangladesh,Scotland,Nigar Sultana,Sanjida Islam,RV Scholes,1,0,,,,,,,,,
1147731,2018,2018-07-12,VRA Ground,1,18.3,Bangladesh,Scotland,Sanjida Islam,Nigar Sultana,RV Scholes,0,0,,,,,,,,,
1147731,2018,2018-07-12,VRA Ground,1,18.4,Bangladesh,Scotland,Sanjida Islam,Nigar Sultana,RV Scholes,1,0,,,,,,,,,
1147731,2018,2018-07-12,VRA Ground,1,18.5,Bangladesh,Scotland,Nigar Sultana,Sanjida Islam,RV Scholes,4,0,,,,,,,,,
1147731,2018,2018-07-12,VRA Ground,1,18.6,Bangladesh,Scotland,Nigar Sultana,Sanjida Islam,RV Scholes,1,0,,,,,,,,,
1147731,2018,2018-07-12,VRA Ground,1,18.7,Bangladesh,Scotland,Sanjida Islam,Nigar Sultana,RV Scholes,2,0,,,,,,,,,
1147731,2018,2018-07-12,VRA Ground,1,19.1,Bangladesh,Scotland,Nigar Sultana,Sanjida Islam,K McGill,1,0,,,,,,,,,
1147731,2018,2018-07-12,VRA Ground,1,19.2,Bangladesh,Scotland,Sanjida Islam,Nigar Sultana,K McGill,2,0,,,,,,,,,
1147731,2018,2018-07-12,VRA Ground,1,19.3,Bangladesh,Scotland,Sanjida Islam,Nigar Sultana,K McGill,2,0,,,,,,,,,
1147731,2018,2018-07-12,VRA Ground,1,19.4,Bangladesh,Scotland,Sanjida Islam,Nigar Sultana,K McGill,0,0,,,,,,caught,Sanjida Islam,,
1147731,2018,2018-07-12,VRA Ground,1,19.5,Bangladesh,Scotland,Nigar Sultana,Jahanara Alam,K McGill,0,0,,,,,,,,,
1147731,2018,2018-07-12,VRA Ground,1,19.6,Bangladesh,Scotland,Nigar Sultana,Jahanara Alam,K McGill,4,0,,,,,,,,,
1147731,2018,2018-07-12,VRA Ground,2,0.1,Scotland,Bangladesh,SJ Bryce,RV Scholes,Jahanara Alam,0,0,,,,,,,,,
1147731,2018,2018-07-12,VRA Ground,2,0.2,Scotland,Bangladesh,SJ Bryce,RV Scholes,Jahanara Alam,0,0,,,,,,,,,
1147731,2018,2018-07-12,VRA Ground,2,0.3,Scotland,Bangladesh,SJ Bryce,RV Scholes,Jahanara Alam,0,0,,,,,,,,,
1147731,2018,2018-07-12,VRA Ground,2,0.4,Scotland,Bangladesh,SJ Bryce,RV Scholes,Jahanara Alam,0,0,,,,,,,,,
1147731,2018,2018-07-12,VRA Ground,2,0.5,Scotland,Bangladesh,SJ Bryce,RV Scholes,Jahanara Alam,0,0,,,,,,,,,
1147731,2018,2018-07-12,VRA Ground,2,0.6,Scotland,Bangladesh,SJ Bryce,RV Scholes,Jahanara Alam,1,0,,,,,,,,,
1147731,2018,2018-07-12,VRA Ground,2,1.1,Scotland,Bangladesh,SJ Bryce,RV Scholes,Salma Khatun,1,0,,,,,,,,,
1147731,2018,2018-07-12,VRA Ground,2,1.2,Scotland,Bangladesh,RV Scholes,SJ Bryce,Salma Khatun,0,0,,,,,,,,,
1147731,2018,2018-07-12,VRA Ground,2,1.3,Scotland,Bangladesh,RV Scholes,SJ Bryce,Salma Khatun,0,0,,,,,,,,,
1147731,2018,2018-07-12,VRA Ground,2,1.4,Scotland,Bangladesh,RV Scholes,SJ Bryce,Salma Khatun,0,0,,,,,,,,,
1147731,2018,2018-07-12,VRA Ground,2,1.5,Scotland,Bangladesh,RV Scholes,SJ Bryce,Salma Khatun,0,0,,,,,,,,,
1147731,2018,2018-07-12,VRA Ground,2,1.6,Scotland,Bangladesh,RV Scholes,SJ Bryce,Salma Khatun,1,0,,,,,,,,,
1147731,2018,2018-07-12,VRA Ground,2,2.1,Scotland,Bangladesh,RV Scholes,SJ Bryce,Jahanara Alam,0,0,,,,,,,,,
1147731,2018,2018-07-12,VRA Ground,2,2.2,Scotland,Bangladesh,RV Scholes,SJ Bryce,Jahanara Alam,0,0,,,,,,,,,
1147731,2018,2018-07-12,VRA Ground,2,2.3,Scotland,Bangladesh,RV Scholes,SJ Bryce,Jahanara Alam,2,0,,,,,,,,,
1147731,2018,2018-07-12,VRA Ground,2,2.4,Scotland,Bangladesh,RV Scholes,SJ Bryce,Jahanara Alam,0,0,,,,,,,,,
1147731,2018,2018-07-12,VRA Ground,2,2.5,Scotland,Bangladesh,RV Scholes,SJ Bryce,Jahanara Alam,0,0,,,,,,,,,
1147731,2018,2018-07-12,VRA Ground,2,2.6,Scotland,Bangladesh,RV Scholes,SJ Bryce,Jahanara Alam,0,0,,,,,,,,,
1147731,2018,2018-07-12,VRA Ground,2,3.1,Scotland,Bangladesh,SJ Bryce,RV Scholes,Salma Khatun,1,0,,,,,,,,,
1147731,2018,2018-07-12,VRA Ground,2,3.2,Scotland,Bangladesh,RV Scholes,SJ Bryce,Salma Khatun,1,0,,,,,,,,,
1147731,2018,2018-07-12,VRA Ground,2,3.3,Scotland,Bangladesh,SJ Bryce,RV Scholes,Salma Khatun,0,0,,,,,,,,,
1147731,2018,2018-07-12,VRA Ground,2,3.4,Scotland,Bangladesh,SJ Bryce,RV Scholes,Salma Khatun,0,0,,,,,,,,,
1147731,2018,2018-07-12,VRA Ground,2,3.5,Scotland,Bangladesh,SJ Bryce,RV Scholes,Salma Khatun,1,0,,,,,,,,,
1147731,2018,2018-07-12,VRA Ground,2,3.6,Scotland,Bangladesh,RV Scholes,SJ Bryce,Salma Khatun,0,0,,,,,,caught,RV Scholes,,
1147731,2018,2018-07-12,VRA Ground,2,4.1,Scotland,Bangladesh,SJ Bryce,KE Bryce,Jahanara Alam,0,0,,,,,,,,,
1147731,2018,2018-07-12,VRA Ground,2,4.2,Scotland,Bangladesh,SJ Bryce,KE Bryce,Jahanara Alam,1,0,,,,,,,,,
1147731,2018,2018-07-12,VRA Ground,2,4.3,Scotland,Bangladesh,KE Bryce,SJ Bryce,Jahanara Alam,0,1,,,,1,,,,,
1147731,2018,2018-07-12,VRA Ground,2,4.4,Scotland,Bangladesh,SJ Bryce,KE Bryce,Jahanara Alam,0,0,,,,,,,,,
1147731,2018,2018-07-12,VRA Ground,2,4.5,Scotland,Bangladesh,SJ Bryce,KE Bryce,Jahanara Alam,0,0,,,,,,,,,
1147731,2018,2018-07-12,VRA Ground,2,4.6,Scotland,Bangladesh,SJ Bryce,KE Bryce,Jahanara Alam,0,0,,,,,,,,,
1147731,2018,2018-07-12,VRA Ground,2,5.1,Scotland,Bangladesh,KE Bryce,SJ Bryce,Salma Khatun,1,0,,,,,,,,,
1147731,2018,2018-07-12,VRA Ground,2,5.2,Scotland,Bangladesh,SJ Bryce,KE Bryce,Salma Khatun,0,0,,,,,,,,,
1147731,2018,2018-07-12,VRA Ground,2,5.3,Scotland,Bangladesh,SJ Bryce,KE Bryce,Salma Khatun,4,0,,,,,,,,,
1147731,2018,2018-07-12,VRA Ground,2,5.4,Scotland,Bangladesh,SJ Bryce,KE Bryce,Salma Khatun,0,0,,,,,,,,,
1147731,2018,2018-07-12,VRA Ground,2,5.5,Scotland,Bangladesh,SJ Bryce,KE Bryce,Salma Khatun,3,0,,,,,,,,,
1147731,2018,2018-07-12,VRA Ground,2,5.6,Scotland,Bangladesh,KE Bryce,SJ Bryce,Salma Khatun,0,0,,,,,,,,,
1147731,2018,2018-07-12,VRA Ground,2,6.1,Scotland,Bangladesh,SJ Bryce,KE Bryce,Nahida Akter,0,0,,,,,,,,,
1147731,2018,2018-07-12,VRA Ground,2,6.2,Scotland,Bangladesh,SJ Bryce,KE Bryce,Nahida Akter,4,0,,,,,,,,,
1147731,2018,2018-07-12,VRA Ground,2,6.3,Scotland,Bangladesh,SJ Bryce,KE Bryce,Nahida Akter,0,0,,,,,,,,,
1147731,2018,2018-07-12,VRA Ground,2,6.4,Scotland,Bangladesh,SJ Bryce,KE Bryce,Nahida Akter,1,0,,,,,,,,,
1147731,2018,2018-07-12,VRA Ground,2,6.5,Scotland,Bangladesh,KE Bryce,SJ Bryce,Nahida Akter,0,0,,,,,,,,,
1147731,2018,2018-07-12,VRA Ground,2,6.6,Scotland,Bangladesh,KE Bryce,SJ Bryce,Nahida Akter,1,0,,,,,,,,,
1147731,2018,2018-07-12,VRA Ground,2,7.1,Scotland,Bangladesh,KE Bryce,SJ Bryce,Panna Ghosh,1,0,,,,,,,,,
1147731,2018,2018-07-12,VRA Ground,2,7.2,Scotland,Bangladesh,SJ Bryce,KE Bryce,Panna Ghosh,0,0,,,,,,,,,
1147731,2018,2018-07-12,VRA Ground,2,7.3,Scotland,Bangladesh,SJ Bryce,KE Bryce,Panna Ghosh,0,0,,,,,,,,,
1147731,2018,2018-07-12,VRA Ground,2,7.4,Scotland,Bangladesh,SJ Bryce,KE Bryce,Panna Ghosh,1,0,,,,,,,,,
1147731,2018,2018-07-12,VRA Ground,2,7.5,Scotland,Bangladesh,KE Bryce,SJ Bryce,Panna Ghosh,1,0,,,,,,,,,
1147731,2018,2018-07-12,VRA Ground,2,7.6,Scotland,Bangladesh,SJ Bryce,KE Bryce,Panna Ghosh,0,0,,,,,,,,,
1147731,2018,2018-07-12,VRA Ground,2,8.1,Scotland,Bangladesh,KE Bryce,SJ Bryce,Nahida Akter,1,0,,,,,,,,,
1147731,2018,2018-07-12,VRA Ground,2,8.2,Scotland,Bangladesh,SJ Bryce,KE Bryce,Nahida Akter,0,0,,,,,,,,,
1147731,2018,2018-07-12,VRA Ground,2,8.3,Scotland,Bangladesh,SJ Bryce,KE Bryce,Nahida Akter,1,0,,,,,,,,,
1147731,2018,2018-07-12,VRA Ground,2,8.4,Scotland,Bangladesh,KE Bryce,SJ Bryce,Nahida Akter,1,0,,,,,,,,,
1147731,2018,2018-07-12,VRA Ground,2,8.5,Scotland,Bangladesh,SJ Bryce,KE Bryce,Nahida Akter,4,0,,,,,,,,,
1147731,2018,2018-07-12,VRA Ground,2,8.6,Scotland,Bangladesh,SJ Bryce,KE Bryce,Nahida Akter,0,0,,,,,,,,,
1147731,2018,2018-07-12,VRA Ground,2,9.1,Scotland,Bangladesh,KE Bryce,SJ Bryce,Panna Ghosh,0,0,,,,,,,,,
1147731,2018,2018-07-12,VRA Ground,2,9.2,Scotland,Bangladesh,KE Bryce,SJ Bryce,Panna Ghosh,1,0,,,,,,,,,
1147731,2018,2018-07-12,VRA Ground,2,9.3,Scotland,Bangladesh,SJ Bryce,KE Bryce,Panna Ghosh,0,0,,,,,,,,,
1147731,2018,2018-07-12,VRA Ground,2,9.4,Scotland,Bangladesh,SJ Bryce,KE Bryce,Panna Ghosh,0,0,,,,,,,,,
1147731,2018,2018-07-12,VRA Ground,2,9.5,Scotland,Bangladesh,SJ Bryce,KE Bryce,Panna Ghosh,1,0,,,,,,,,,
1147731,2018,2018-07-12,VRA Ground,2,9.6,Scotland,Bangladesh,KE Bryce,SJ Bryce,Panna Ghosh,4,0,,,,,,,,,
1147731,2018,2018-07-12,VRA Ground,2,10.1,Scotland,Bangladesh,SJ Bryce,KE Bryce,Fahima Khatun,0,0,,,,,,,,,
1147731,2018,2018-07-12,VRA Ground,2,10.2,Scotland,Bangladesh,SJ Bryce,KE Bryce,Fahima Khatun,0,0,,,,,,,,,
1147731,2018,2018-07-12,VRA Ground,2,10.3,Scotland,Bangladesh,SJ Bryce,KE Bryce,Fahima Khatun,0,0,,,,,,,,,
1147731,2018,2018-07-12,VRA Ground,2,10.4,Scotland,Bangladesh,SJ Bryce,KE Bryce,Fahima Khatun,1,0,,,,,,,,,
1147731,2018,2018-07-12,VRA Ground,2,10.5,Scotland,Bangladesh,KE Bryce,SJ Bryce,Fahima Khatun,1,0,,,,,,,,,
1147731,2018,2018-07-12,VRA Ground,2,10.6,Scotland,Bangladesh,SJ Bryce,KE Bryce,Fahima Khatun,1,0,,,,,,,,,
1147731,2018,2018-07-12,VRA Ground,2,11.1,Scotland,Bangladesh,SJ Bryce,KE Bryce,Rumana Ahmed,0,0,,,,,,,,,
1147731,2018,2018-07-12,VRA Ground,2,11.2,Scotland,Bangladesh,SJ Bryce,KE Bryce,Rumana Ahmed,0,0,,,,,,,,,
1147731,2018,2018-07-12,VRA Ground,2,11.3,Scotland,Bangladesh,SJ Bryce,KE Bryce,Rumana Ahmed,1,0,,,,,,,,,
1147731,2018,2018-07-12,VRA Ground,2,11.4,Scotland,Bangladesh,KE Bryce,SJ Bryce,Rumana Ahmed,0,0,,,,,,,,,
1147731,2018,2018-07-12,VRA Ground,2,11.5,Scotland,Bangladesh,KE Bryce,SJ Bryce,Rumana Ahmed,2,0,,,,,,,,,
1147731,2018,2018-07-12,VRA Ground,2,11.6,Scotland,Bangladesh,KE Bryce,SJ Bryce,Rumana Ahmed,0,0,,,,,,,,,
1147731,2018,2018-07-12,VRA Ground,2,12.1,Scotland,Bangladesh,SJ Bryce,KE Bryce,Fahima Khatun,4,0,,,,,,,,,
1147731,2018,2018-07-12,VRA Ground,2,12.2,Scotland,Bangladesh,SJ Bryce,KE Bryce,Fahima Khatun,0,1,1,,,,,stumped,SJ Bryce,,
1147731,2018,2018-07-12,VRA Ground,2,12.3,Scotland,Bangladesh,RS Glen,KE Bryce,Fahima Khatun,0,0,,,,,,,,,
1147731,2018,2018-07-12,VRA Ground,2,12.4,Scotland,Bangladesh,RS Glen,KE Bryce,Fahima Khatun,2,0,,,,,,,,,
1147731,2018,2018-07-12,VRA Ground,2,12.5,Scotland,Bangladesh,RS Glen,KE Bryce,Fahima Khatun,2,0,,,,,,,,,
1147731,2018,2018-07-12,VRA Ground,2,12.6,Scotland,Bangladesh,RS Glen,KE Bryce,Fahima Khatun,1,0,,,,,,,,,
1147731,2018,2018-07-12,VRA Ground,2,12.7,Scotland,Bangladesh,KE Bryce,RS Glen,Fahima Khatun,4,0,,,,,,,,,
1147731,2018,2018-07-12,VRA Ground,2,13.1,Scotland,Bangladesh,RS Glen,KE Bryce,Rumana Ahmed,0,0,,,,,,,,,
1147731,2018,2018-07-12,VRA Ground,2,13.2,Scotland,Bangladesh,RS Glen,KE Bryce,Rumana Ahmed,0,0,,,,,,lbw,RS Glen,,
1147731,2018,2018-07-12,VRA Ground,2,13.3,Scotland,Bangladesh,L Jack,KE Bryce,Rumana Ahmed,0,0,,,,,,,,,
1147731,2018,2018-07-12,VRA Ground,2,13.4,Scotland,Bangladesh,L Jack,KE Bryce,Rumana Ahmed,1,0,,,,,,,,,
1147731,2018,2018-07-12,VRA Ground,2,13.5,Scotland,Bangladesh,KE Bryce,L Jack,Rumana Ahmed,1,0,,,,,,run out,L Jack,,
1147731,2018,2018-07-12,VRA Ground,2,13.6,Scotland,Bangladesh,KE Bryce,PA Chatterji,Rumana Ahmed,1,0,,,,,,,,,
1147731,2018,2018-07-12,VRA Ground,2,14.1,Scotland,Bangladesh,KE Bryce,PA Chatterji,Nahida Akter,1,0,,,,,,,,,
1147731,2018,2018-07-12,VRA Ground,2,14.2,Scotland,Bangladesh,PA Chatterji,KE Bryce,Nahida Akter,0,0,,,,,,,,,
1147731,2018,2018-07-12,VRA Ground,2,14.3,Scotland,Bangladesh,PA Chatterji,KE Bryce,Nahida Akter,1,0,,,,,,,,,
1147731,2018,2018-07-12,VRA Ground,2,14.4,Scotland,Bangladesh,KE Bryce,PA Chatterji,Nahida Akter,0,0,,,,,,,,,
1147731,2018,2018-07-12,VRA Ground,2,14.5,Scotland,Bangladesh,KE Bryce,PA Chatterji,Nahida Akter,0,0,,,,,,bowled,KE Bryce,,
1147731,2018,2018-07-12,VRA Ground,2,14.6,Scotland,Bangladesh,K McGill,PA Chatterji,Nahida Akter,0,0,,,,,,caught,K McGill,,
1147731,2018,2018-07-12,VRA Ground,2,15.1,Scotland,Bangladesh,PA Chatterji,RK Willis,Rumana Ahmed,0,0,,,,,,bowled,PA Chatterji,,
1147731,2018,2018-07-12,VRA Ground,2,15.2,Scotland,Bangladesh,A Aitken,RK Willis,Rumana Ahmed,0,0,,,,,,,,,
1147731,2018,2018-07-12,VRA Ground,2,15.3,Scotland,Bangladesh,A Aitken,RK Willis,Rumana Ahmed,0,0,,,,,,,,,
1147731,2018,2018-07-12,VRA Ground,2,15.4,Scotland,Bangladesh,A Aitken,RK Willis,Rumana Ahmed,1,0,,,,,,,,,
1147731,2018,2018-07-12,VRA Ground,2,15.5,Scotland,Bangladesh,RK Willis,A Aitken,Rumana Ahmed,0,0,,,,,,,,,
1147731,2018,2018-07-12,VRA Ground,2,15.6,Scotland,Bangladesh,RK Willis,A Aitken,Rumana Ahmed,0,0,,,,,,,,,
1147731,2018,2018-07-12,VRA Ground,2,16.1,Scotland,Bangladesh,A Aitken,RK Willis,Nahida Akter,0,0,,,,,,,,,
1147731,2018,2018-07-12,VRA Ground,2,16.2,Scotland,Bangladesh,A Aitken,RK Willis,Nahida Akter,0,0,,,,,,,,,
1147731,2018,2018-07-12,VRA Ground,2,16.3,Scotland,Bangladesh,A Aitken,RK Willis,Nahida Akter,0,0,,,,,,,,,
1147731,2018,2018-07-12,VRA Ground,2,16.4,Scotland,Bangladesh,A Aitken,RK Willis,Nahida Akter,0,0,,,,,,,,,
1147731,2018,2018-07-12,VRA Ground,2,16.5,Scotland,Bangladesh,A Aitken,RK Willis,Nahida Akter,1,0,,,,,,,,,
1147731,2018,2018-07-12,VRA Ground,2,16.6,Scotland,Bangladesh,RK Willis,A Aitken,Nahida Akter,0,0,,,,,,,,,
1147731,2018,2018-07-12,VRA Ground,2,17.1,Scotland,Bangladesh,A Aitken,RK Willis,Rumana Ahmed,0,0,,,,,,,,,
1147731,2018,2018-07-12,VRA Ground,2,17.2,Scotland,Bangladesh,A Aitken,RK Willis,Rumana Ahmed,2,0,,,,,,,,,
1147731,2018,2018-07-12,VRA Ground,2,17.3,Scotland,Bangladesh,A Aitken,RK Willis,Rumana Ahmed,0,0,,,,,,,,,
1147731,2018,2018-07-12,VRA Ground,2,17.4,Scotland,Bangladesh,A Aitken,RK Willis,Rumana Ahmed,0,0,,,,,,,,,
1147731,2018,2018-07-12,VRA Ground,2,17.5,Scotland,Bangladesh,A Aitken,RK Willis,Rumana Ahmed,0,0,,,,,,,,,
1147731,2018,2018-07-12,VRA Ground,2,17.6,Scotland,Bangladesh,A Aitken,RK Willis,Rumana Ahmed,1,0,,,,,,,,,
1147731,2018,2018-07-12,VRA Ground,2,18.1,Scotland,Bangladesh,A Aitken,RK Willis,Fahima Khatun,0,0,,,,,,,,,
1147731,2018,2018-07-12,VRA Ground,2,18.2,Scotland,Bangladesh,A Aitken,RK Willis,Fahima Khatun,1,0,,,,,,,,,
1147731,2018,2018-07-12,VRA Ground,2,18.3,Scotland,Bangladesh,RK Willis,A Aitken,Fahima Khatun,0,0,,,,,,,,,
1147731,2018,2018-07-12,VRA Ground,2,18.4,Scotland,Bangladesh,RK Willis,A Aitken,Fahima Khatun,0,0,,,,,,,,,
1147731,2018,2018-07-12,VRA Ground,2,18.5,Scotland,Bangladesh,RK Willis,A Aitken,Fahima Khatun,1,0,,,,,,,,,
1147731,2018,2018-07-12,VRA Ground,2,18.6,Scotland,Bangladesh,A Aitken,RK Willis,Fahima Khatun,0,0,,,,,,,,,
1147731,2018,2018-07-12,VRA Ground,2,19.1,Scotland,Bangladesh,RK Willis,A Aitken,Salma Khatun,3,0,,,,,,,,,
1147731,2018,2018-07-12,VRA Ground,2,19.2,Scotland,Bangladesh,A Aitken,RK Willis,Salma Khatun,1,0,,,,,,,,,
1147731,2018,2018-07-12,VRA Ground,2,19.3,Scotland,Bangladesh,RK Willis,A Aitken,Salma Khatun,0,0,,,,,,,,,
1147731,2018,2018-07-12,VRA Ground,2,19.4,Scotland,Bangladesh,RK Willis,A Aitken,Salma Khatun,0,0,,,,,,,,,
1147731,2018,2018-07-12,VRA Ground,2,19.5,Scotland,Bangladesh,RK Willis,A Aitken,Salma Khatun,0,0,,,,,,,,,
1147731,2018,2018-07-12,VRA Ground,2,19.6,Scotland,Bangladesh,RK Willis,A Aitken,Salma Khatun,0,0,,,,,,,,,
