match_id,season,start_date,venue,innings,ball,batting_team,bowling_team,striker,non_striker,bowler,runs_off_bat,extras,wides,noballs,byes,legbyes,penalty,wicket_type,player_dismissed,other_wicket_type,other_player_dismissed
1147723,2018,2018-07-08,Sportpark Maarschalkerweerd,1,0.1,Netherlands,Bangladesh,SL Kalis,HDJ Siegers,Jahanara Alam,0,0,,,,,,,,,
1147723,2018,2018-07-08,Sportpark Maarschalkerweerd,1,0.2,Netherlands,Bangladesh,SL Kalis,HDJ Siegers,Jahanara Alam,0,0,,,,,,,,,
1147723,2018,2018-07-08,Sportpark Maarschalkerweerd,1,0.3,Netherlands,Bangladesh,SL Kalis,HDJ Siegers,Jahanara Alam,0,0,,,,,,,,,
1147723,2018,2018-07-08,Sportpark Maarschalkerweerd,1,0.4,Netherlands,Bangladesh,SL Kalis,HDJ Siegers,Jahanara Alam,0,0,,,,,,,,,
1147723,2018,2018-07-08,Sportpark Maarschalkerweerd,1,0.5,Netherlands,Bangladesh,SL Kalis,HDJ Siegers,Jahanara Alam,0,0,,,,,,,,,
1147723,2018,2018-07-08,Sportpark Maarschalkerweerd,1,0.6,Netherlands,Bangladesh,SL Kalis,HDJ Siegers,Jahanara Alam,0,0,,,,,,,,,
1147723,2018,2018-07-08,Sportpark Maarschalkerweerd,1,1.1,Netherlands,Bangladesh,HDJ Siegers,SL Kalis,Salma Khatun,0,0,,,,,,,,,
1147723,2018,2018-07-08,Sportpark Maarschalkerweerd,1,1.2,Netherlands,Bangladesh,HDJ Siegers,SL Kalis,Salma Khatun,0,0,,,,,,,,,
1147723,2018,2018-07-08,Sportpark Maarschalkerweerd,1,1.3,Netherlands,Bangladesh,HDJ Siegers,SL Kalis,Salma Khatun,0,0,,,,,,caught,HDJ Siegers,,
1147723,2018,2018-07-08,Sportpark Maarschalkerweerd,1,1.4,Netherlands,Bangladesh,SL Kalis,D Hannema,Salma Khatun,0,0,,,,,,,,,
1147723,2018,2018-07-08,Sportpark Maarschalkerweerd,1,1.5,Netherlands,Bangladesh,SL Kalis,D Hannema,Salma Khatun,0,0,,,,,,,,,
1147723,2018,2018-07-08,Sportpark Maarschalkerweerd,1,1.6,Netherlands,Bangladesh,SL Kalis,D Hannema,Salma Khatun,0,0,,,,,,,,,
1147723,2018,2018-07-08,Sportpark Maarschalkerweerd,1,2.1,Netherlands,Bangladesh,D Hannema,SL Kalis,Jahanara Alam,0,1,1,,,,,,,,
1147723,2018,2018-07-08,Sportpark Maarschalkerweerd,1,2.2,Netherlands,Bangladesh,D Hannema,SL Kalis,Jahanara Alam,1,0,,,,,,,,,
1147723,2018,2018-07-08,Sportpark Maarschalkerweerd,1,2.3,Netherlands,Bangladesh,SL Kalis,D Hannema,Jahanara Alam,0,1,1,,,,,,,,
1147723,2018,2018-07-08,Sportpark Maarschalkerweerd,1,2.4,Netherlands,Bangladesh,SL Kalis,D Hannema,Jahanara Alam,0,0,,,,,,,,,
1147723,2018,2018-07-08,Sportpark Maarschalkerweerd,1,2.5,Netherlands,Bangladesh,SL Kalis,D Hannema,Jahanara Alam,0,0,,,,,,,,,
1147723,2018,2018-07-08,Sportpark Maarschalkerweerd,1,2.6,Netherlands,Bangladesh,SL Kalis,D Hannema,Jahanara Alam,4,0,,,,,,,,,
1147723,2018,2018-07-08,Sportpark Maarschalkerweerd,1,2.7,Netherlands,Bangladesh,SL Kalis,D Hannema,Jahanara Alam,4,0,,,,,,,,,
1147723,2018,2018-07-08,Sportpark Maarschalkerweerd,1,2.8,Netherlands,Bangladesh,SL Kalis,D Hannema,Jahanara Alam,0,0,,,,,,,,,
1147723,2018,2018-07-08,Sportpark Maarschalkerweerd,1,3.1,Netherlands,Bangladesh,D Hannema,SL Kalis,Salma Khatun,0,0,,,,,,,,,
1147723,2018,2018-07-08,Sportpark Maarschalkerweerd,1,3.2,Netherlands,Bangladesh,D Hannema,SL Kalis,Salma Khatun,0,1,1,,,,,,,,
1147723,2018,2018-07-08,Sportpark Maarschalkerweerd,1,3.3,Netherlands,Bangladesh,D Hannema,SL Kalis,Salma Khatun,1,0,,,,,,,,,
1147723,2018,2018-07-08,Sportpark Maarschalkerweerd,1,3.4,Netherlands,Bangladesh,SL Kalis,D Hannema,Salma Khatun,0,0,,,,,,,,,
1147723,2018,2018-07-08,Sportpark Maarschalkerweerd,1,3.5,Netherlands,Bangladesh,SL Kalis,D Hannema,Salma Khatun,0,0,,,,,,,,,
1147723,2018,2018-07-08,Sportpark Maarschalkerweerd,1,3.6,Netherlands,Bangladesh,SL Kalis,D Hannema,Salma Khatun,0,0,,,,,,,,,
1147723,2018,2018-07-08,Sportpark Maarschalkerweerd,1,3.7,Netherlands,Bangladesh,SL Kalis,D Hannema,Salma Khatun,0,0,,,,,,,,,
1147723,2018,2018-07-08,Sportpark Maarschalkerweerd,1,4.1,Netherlands,Bangladesh,D Hannema,SL Kalis,Nahida Akter,0,0,,,,,,,,,
1147723,2018,2018-07-08,Sportpark Maarschalkerweerd,1,4.2,Netherlands,Bangladesh,D Hannema,SL Kalis,Nahida Akter,0,0,,,,,,,,,
1147723,2018,2018-07-08,Sportpark Maarschalkerweerd,1,4.3,Netherlands,Bangladesh,D Hannema,SL Kalis,Nahida Akter,0,0,,,,,,,,,
1147723,2018,2018-07-08,Sportpark Maarschalkerweerd,1,4.4,Netherlands,Bangladesh,D Hannema,SL Kalis,Nahida Akter,0,0,,,,,,,,,
1147723,2018,2018-07-08,Sportpark Maarschalkerweerd,1,4.5,Netherlands,Bangladesh,D Hannema,SL Kalis,Nahida Akter,0,0,,,,,,,,,
1147723,2018,2018-07-08,Sportpark Maarschalkerweerd,1,4.6,Netherlands,Bangladesh,D Hannema,SL Kalis,Nahida Akter,0,0,,,,,,,,,
1147723,2018,2018-07-08,Sportpark Maarschalkerweerd,1,5.1,Netherlands,Bangladesh,SL Kalis,D Hannema,Panna Ghosh,0,0,,,,,,,,,
1147723,2018,2018-07-08,Sportpark Maarschalkerweerd,1,5.2,Netherlands,Bangladesh,SL Kalis,D Hannema,Panna Ghosh,4,0,,,,,,,,,
1147723,2018,2018-07-08,Sportpark Maarschalkerweerd,1,5.3,Netherlands,Bangladesh,SL Kalis,D Hannema,Panna Ghosh,0,0,,,,,,,,,
1147723,2018,2018-07-08,Sportpark Maarschalkerweerd,1,5.4,Netherlands,Bangladesh,SL Kalis,D Hannema,Panna Ghosh,1,0,,,,,,,,,
1147723,2018,2018-07-08,Sportpark Maarschalkerweerd,1,5.5,Netherlands,Bangladesh,D Hannema,SL Kalis,Panna Ghosh,1,0,,,,,,,,,
1147723,2018,2018-07-08,Sportpark Maarschalkerweerd,1,5.6,Netherlands,Bangladesh,SL Kalis,D Hannema,Panna Ghosh,0,0,,,,,,,,,
1147723,2018,2018-07-08,Sportpark Maarschalkerweerd,1,6.1,Netherlands,Bangladesh,D Hannema,SL Kalis,Nahida Akter,1,0,,,,,,,,,
1147723,2018,2018-07-08,Sportpark Maarschalkerweerd,1,6.2,Netherlands,Bangladesh,SL Kalis,D Hannema,Nahida Akter,0,0,,,,,,,,,
1147723,2018,2018-07-08,Sportpark Maarschalkerweerd,1,6.3,Netherlands,Bangladesh,SL Kalis,D Hannema,Nahida Akter,0,0,,,,,,,,,
1147723,2018,2018-07-08,Sportpark Maarschalkerweerd,1,6.4,Netherlands,Bangladesh,SL Kalis,D Hannema,Nahida Akter,0,0,,,,,,,,,
1147723,2018,2018-07-08,Sportpark Maarschalkerweerd,1,6.5,Netherlands,Bangladesh,SL Kalis,D Hannema,Nahida Akter,1,0,,,,,,,,,
1147723,2018,2018-07-08,Sportpark Maarschalkerweerd,1,6.6,Netherlands,Bangladesh,D Hannema,SL Kalis,Nahida Akter,0,0,,,,,,,,,
1147723,2018,2018-07-08,Sportpark Maarschalkerweerd,1,7.1,Netherlands,Bangladesh,SL Kalis,D Hannema,Panna Ghosh,0,0,,,,,,,,,
1147723,2018,2018-07-08,Sportpark Maarschalkerweerd,1,7.2,Netherlands,Bangladesh,SL Kalis,D Hannema,Panna Ghosh,1,0,,,,,,,,,
1147723,2018,2018-07-08,Sportpark Maarschalkerweerd,1,7.3,Netherlands,Bangladesh,D Hannema,SL Kalis,Panna Ghosh,1,0,,,,,,,,,
1147723,2018,2018-07-08,Sportpark Maarschalkerweerd,1,7.4,Netherlands,Bangladesh,SL Kalis,D Hannema,Panna Ghosh,0,0,,,,,,bowled,SL Kalis,,
1147723,2018,2018-07-08,Sportpark Maarschalkerweerd,1,7.5,Netherlands,Bangladesh,R Rijke,D Hannema,Panna Ghosh,0,0,,,,,,,,,
1147723,2018,2018-07-08,Sportpark Maarschalkerweerd,1,7.6,Netherlands,Bangladesh,R Rijke,D Hannema,Panna Ghosh,0,0,,,,,,,,,
1147723,2018,2018-07-08,Sportpark Maarschalkerweerd,1,8.1,Netherlands,Bangladesh,D Hannema,R Rijke,Nahida Akter,0,0,,,,,,,,,
1147723,2018,2018-07-08,Sportpark Maarschalkerweerd,1,8.2,Netherlands,Bangladesh,D Hannema,R Rijke,Nahida Akter,0,0,,,,,,,,,
1147723,2018,2018-07-08,Sportpark Maarschalkerweerd,1,8.3,Netherlands,Bangladesh,D Hannema,R Rijke,Nahida Akter,1,0,,,,,,,,,
1147723,2018,2018-07-08,Sportpark Maarschalkerweerd,1,8.4,Netherlands,Bangladesh,R Rijke,D Hannema,Nahida Akter,0,0,,,,,,,,,
1147723,2018,2018-07-08,Sportpark Maarschalkerweerd,1,8.5,Netherlands,Bangladesh,R Rijke,D Hannema,Nahida Akter,2,0,,,,,,,,,
1147723,2018,2018-07-08,Sportpark Maarschalkerweerd,1,8.6,Netherlands,Bangladesh,R Rijke,D Hannema,Nahida Akter,1,0,,,,,,,,,
1147723,2018,2018-07-08,Sportpark Maarschalkerweerd,1,9.1,Netherlands,Bangladesh,R Rijke,D Hannema,Panna Ghosh,1,0,,,,,,,,,
1147723,2018,2018-07-08,Sportpark Maarschalkerweerd,1,9.2,Netherlands,Bangladesh,D Hannema,R Rijke,Panna Ghosh,0,0,,,,,,,,,
1147723,2018,2018-07-08,Sportpark Maarschalkerweerd,1,9.3,Netherlands,Bangladesh,D Hannema,R Rijke,Panna Ghosh,0,0,,,,,,,,,
1147723,2018,2018-07-08,Sportpark Maarschalkerweerd,1,9.4,Netherlands,Bangladesh,D Hannema,R Rijke,Panna Ghosh,0,0,,,,,,,,,
1147723,2018,2018-07-08,Sportpark Maarschalkerweerd,1,9.5,Netherlands,Bangladesh,D Hannema,R Rijke,Panna Ghosh,1,0,,,,,,,,,
1147723,2018,2018-07-08,Sportpark Maarschalkerweerd,1,9.6,Netherlands,Bangladesh,R Rijke,D Hannema,Panna Ghosh,0,0,,,,,,,,,
1147723,2018,2018-07-08,Sportpark Maarschalkerweerd,1,10.1,Netherlands,Bangladesh,D Hannema,R Rijke,Nahida Akter,2,0,,,,,,,,,
1147723,2018,2018-07-08,Sportpark Maarschalkerweerd,1,10.2,Netherlands,Bangladesh,D Hannema,R Rijke,Nahida Akter,1,0,,,,,,,,,
1147723,2018,2018-07-08,Sportpark Maarschalkerweerd,1,10.3,Netherlands,Bangladesh,R Rijke,D Hannema,Nahida Akter,0,0,,,,,,bowled,R Rijke,,
1147723,2018,2018-07-08,Sportpark Maarschalkerweerd,1,10.4,Netherlands,Bangladesh,CC van Slobbe,D Hannema,Nahida Akter,0,0,,,,,,,,,
1147723,2018,2018-07-08,Sportpark Maarschalkerweerd,1,10.5,Netherlands,Bangladesh,CC van Slobbe,D Hannema,Nahida Akter,1,0,,,,,,,,,
1147723,2018,2018-07-08,Sportpark Maarschalkerweerd,1,10.6,Netherlands,Bangladesh,D Hannema,CC van Slobbe,Nahida Akter,0,0,,,,,,,,,
1147723,2018,2018-07-08,Sportpark Maarschalkerweerd,1,11.1,Netherlands,Bangladesh,CC van Slobbe,D Hannema,Panna Ghosh,0,0,,,,,,,,,
1147723,2018,2018-07-08,Sportpark Maarschalkerweerd,1,11.2,Netherlands,Bangladesh,CC van Slobbe,D Hannema,Panna Ghosh,0,0,,,,,,,,,
1147723,2018,2018-07-08,Sportpark Maarschalkerweerd,1,11.3,Netherlands,Bangladesh,CC van Slobbe,D Hannema,Panna Ghosh,0,1,,,,1,,,,,
1147723,2018,2018-07-08,Sportpark Maarschalkerweerd,1,11.4,Netherlands,Bangladesh,D Hannema,CC van Slobbe,Panna Ghosh,3,0,,,,,,,,,
1147723,2018,2018-07-08,Sportpark Maarschalkerweerd,1,11.5,Netherlands,Bangladesh,CC van Slobbe,D Hannema,Panna Ghosh,0,0,,,,,,,,,
1147723,2018,2018-07-08,Sportpark Maarschalkerweerd,1,11.6,Netherlands,Bangladesh,CC van Slobbe,D Hannema,Panna Ghosh,0,0,,,,,,caught and bowled,CC van Slobbe,,
1147723,2018,2018-07-08,Sportpark Maarschalkerweerd,1,12.1,Netherlands,Bangladesh,D Hannema,B de Leede,Rumana Ahmed,0,0,,,,,,,,,
1147723,2018,2018-07-08,Sportpark Maarschalkerweerd,1,12.2,Netherlands,Bangladesh,D Hannema,B de Leede,Rumana Ahmed,1,0,,,,,,,,,
1147723,2018,2018-07-08,Sportpark Maarschalkerweerd,1,12.3,Netherlands,Bangladesh,B de Leede,D Hannema,Rumana Ahmed,0,0,,,,,,,,,
1147723,2018,2018-07-08,Sportpark Maarschalkerweerd,1,12.4,Netherlands,Bangladesh,B de Leede,D Hannema,Rumana Ahmed,0,0,,,,,,,,,
1147723,2018,2018-07-08,Sportpark Maarschalkerweerd,1,12.5,Netherlands,Bangladesh,B de Leede,D Hannema,Rumana Ahmed,0,0,,,,,,,,,
1147723,2018,2018-07-08,Sportpark Maarschalkerweerd,1,12.6,Netherlands,Bangladesh,B de Leede,D Hannema,Rumana Ahmed,0,0,,,,,,bowled,B de Leede,,
1147723,2018,2018-07-08,Sportpark Maarschalkerweerd,1,13.1,Netherlands,Bangladesh,D Hannema,J van Vliet,Fahima Khatun,0,0,,,,,,bowled,D Hannema,,
1147723,2018,2018-07-08,Sportpark Maarschalkerweerd,1,13.2,Netherlands,Bangladesh,EE Corder,J van Vliet,Fahima Khatun,0,0,,,,,,,,,
1147723,2018,2018-07-08,Sportpark Maarschalkerweerd,1,13.3,Netherlands,Bangladesh,EE Corder,J van Vliet,Fahima Khatun,0,0,,,,,,,,,
1147723,2018,2018-07-08,Sportpark Maarschalkerweerd,1,13.4,Netherlands,Bangladesh,EE Corder,J van Vliet,Fahima Khatun,0,0,,,,,,,,,
1147723,2018,2018-07-08,Sportpark Maarschalkerweerd,1,13.5,Netherlands,Bangladesh,EE Corder,J van Vliet,Fahima Khatun,0,0,,,,,,lbw,EE Corder,,
1147723,2018,2018-07-08,Sportpark Maarschalkerweerd,1,13.6,Netherlands,Bangladesh,Mariska Kornet,J van Vliet,Fahima Khatun,0,0,,,,,,,,,
1147723,2018,2018-07-08,Sportpark Maarschalkerweerd,1,14.1,Netherlands,Bangladesh,J van Vliet,Mariska Kornet,Rumana Ahmed,0,0,,,,,,,,,
1147723,2018,2018-07-08,Sportpark Maarschalkerweerd,1,14.2,Netherlands,Bangladesh,J van Vliet,Mariska Kornet,Rumana Ahmed,0,0,,,,,,,,,
1147723,2018,2018-07-08,Sportpark Maarschalkerweerd,1,14.3,Netherlands,Bangladesh,J van Vliet,Mariska Kornet,Rumana Ahmed,0,0,,,,,,,,,
1147723,2018,2018-07-08,Sportpark Maarschalkerweerd,1,14.4,Netherlands,Bangladesh,J van Vliet,Mariska Kornet,Rumana Ahmed,0,0,,,,,,,,,
1147723,2018,2018-07-08,Sportpark Maarschalkerweerd,1,14.5,Netherlands,Bangladesh,J van Vliet,Mariska Kornet,Rumana Ahmed,0,0,,,,,,,,,
1147723,2018,2018-07-08,Sportpark Maarschalkerweerd,1,14.6,Netherlands,Bangladesh,J van Vliet,Mariska Kornet,Rumana Ahmed,0,0,,,,,,,,,
1147723,2018,2018-07-08,Sportpark Maarschalkerweerd,1,15.1,Netherlands,Bangladesh,Mariska Kornet,J van Vliet,Fahima Khatun,0,0,,,,,,,,,
1147723,2018,2018-07-08,Sportpark Maarschalkerweerd,1,15.2,Netherlands,Bangladesh,Mariska Kornet,J van Vliet,Fahima Khatun,0,0,,,,,,,,,
1147723,2018,2018-07-08,Sportpark Maarschalkerweerd,1,15.3,Netherlands,Bangladesh,Mariska Kornet,J van Vliet,Fahima Khatun,0,0,,,,,,,,,
1147723,2018,2018-07-08,Sportpark Maarschalkerweerd,1,15.4,Netherlands,Bangladesh,Mariska Kornet,J van Vliet,Fahima Khatun,0,0,,,,,,,,,
1147723,2018,2018-07-08,Sportpark Maarschalkerweerd,1,15.5,Netherlands,Bangladesh,Mariska Kornet,J van Vliet,Fahima Khatun,0,0,,,,,,,,,
1147723,2018,2018-07-08,Sportpark Maarschalkerweerd,1,15.6,Netherlands,Bangladesh,Mariska Kornet,J van Vliet,Fahima Khatun,0,0,,,,,,,,,
1147723,2018,2018-07-08,Sportpark Maarschalkerweerd,1,16.1,Netherlands,Bangladesh,J van Vliet,Mariska Kornet,Rumana Ahmed,0,0,,,,,,,,,
1147723,2018,2018-07-08,Sportpark Maarschalkerweerd,1,16.2,Netherlands,Bangladesh,J van Vliet,Mariska Kornet,Rumana Ahmed,1,0,,,,,,,,,
1147723,2018,2018-07-08,Sportpark Maarschalkerweerd,1,16.3,Netherlands,Bangladesh,Mariska Kornet,J van Vliet,Rumana Ahmed,0,0,,,,,,,,,
1147723,2018,2018-07-08,Sportpark Maarschalkerweerd,1,16.4,Netherlands,Bangladesh,Mariska Kornet,J van Vliet,Rumana Ahmed,0,0,,,,,,,,,
1147723,2018,2018-07-08,Sportpark Maarschalkerweerd,1,16.5,Netherlands,Bangladesh,Mariska Kornet,J van Vliet,Rumana Ahmed,0,0,,,,,,bowled,Mariska Kornet,,
1147723,2018,2018-07-08,Sportpark Maarschalkerweerd,1,16.6,Netherlands,Bangladesh,MEC de Fouw,J van Vliet,Rumana Ahmed,0,0,,,,,,lbw,MEC de Fouw,,
1147723,2018,2018-07-08,Sportpark Maarschalkerweerd,1,17.1,Netherlands,Bangladesh,J van Vliet,S Siegers,Fahima Khatun,0,0,,,,,,,,,
1147723,2018,2018-07-08,Sportpark Maarschalkerweerd,1,17.2,Netherlands,Bangladesh,J van Vliet,S Siegers,Fahima Khatun,0,0,,,,,,,,,
1147723,2018,2018-07-08,Sportpark Maarschalkerweerd,1,17.3,Netherlands,Bangladesh,J van Vliet,S Siegers,Fahima Khatun,0,1,1,,,,,,,,
1147723,2018,2018-07-08,Sportpark Maarschalkerweerd,1,17.4,Netherlands,Bangladesh,J van Vliet,S Siegers,Fahima Khatun,0,1,1,,,,,,,,
1147723,2018,2018-07-08,Sportpark Maarschalkerweerd,1,17.5,Netherlands,Bangladesh,J van Vliet,S Siegers,Fahima Khatun,0,0,,,,,,,,,
1147723,2018,2018-07-08,Sportpark Maarschalkerweerd,1,17.6,Netherlands,Bangladesh,J van Vliet,S Siegers,Fahima Khatun,0,0,,,,,,,,,
1147723,2018,2018-07-08,Sportpark Maarschalkerweerd,1,17.7,Netherlands,Bangladesh,J van Vliet,S Siegers,Fahima Khatun,1,0,,,,,,,,,
1147723,2018,2018-07-08,Sportpark Maarschalkerweerd,1,17.8,Netherlands,Bangladesh,S Siegers,J van Vliet,Fahima Khatun,0,0,,,,,,lbw,S Siegers,,
1147723,2018,2018-07-08,Sportpark Maarschalkerweerd,2,0.1,Bangladesh,Netherlands,Shamima Sultana,Ayasha Rahman,R Rijke,0,0,,,,,,,,,
1147723,2018,2018-07-08,Sportpark Maarschalkerweerd,2,0.2,Bangladesh,Netherlands,Shamima Sultana,Ayasha Rahman,R Rijke,1,0,,,,,,,,,
1147723,2018,2018-07-08,Sportpark Maarschalkerweerd,2,0.3,Bangladesh,Netherlands,Ayasha Rahman,Shamima Sultana,R Rijke,1,0,,,,,,,,,
1147723,2018,2018-07-08,Sportpark Maarschalkerweerd,2,0.4,Bangladesh,Netherlands,Shamima Sultana,Ayasha Rahman,R Rijke,0,1,1,,,,,,,,
1147723,2018,2018-07-08,Sportpark Maarschalkerweerd,2,0.5,Bangladesh,Netherlands,Shamima Sultana,Ayasha Rahman,R Rijke,1,0,,,,,,,,,
1147723,2018,2018-07-08,Sportpark Maarschalkerweerd,2,0.6,Bangladesh,Netherlands,Ayasha Rahman,Shamima Sultana,R Rijke,0,0,,,,,,,,,
1147723,2018,2018-07-08,Sportpark Maarschalkerweerd,2,0.7,Bangladesh,Netherlands,Ayasha Rahman,Shamima Sultana,R Rijke,0,0,,,,,,,,,
1147723,2018,2018-07-08,Sportpark Maarschalkerweerd,2,1.1,Bangladesh,Netherlands,Shamima Sultana,Ayasha Rahman,HDJ Siegers,0,0,,,,,,,,,
1147723,2018,2018-07-08,Sportpark Maarschalkerweerd,2,1.2,Bangladesh,Netherlands,Shamima Sultana,Ayasha Rahman,HDJ Siegers,0,0,,,,,,,,,
1147723,2018,2018-07-08,Sportpark Maarschalkerweerd,2,1.3,Bangladesh,Netherlands,Shamima Sultana,Ayasha Rahman,HDJ Siegers,0,1,1,,,,,,,,
1147723,2018,2018-07-08,Sportpark Maarschalkerweerd,2,1.4,Bangladesh,Netherlands,Shamima Sultana,Ayasha Rahman,HDJ Siegers,4,0,,,,,,,,,
1147723,2018,2018-07-08,Sportpark Maarschalkerweerd,2,1.5,Bangladesh,Netherlands,Shamima Sultana,Ayasha Rahman,HDJ Siegers,0,0,,,,,,,,,
1147723,2018,2018-07-08,Sportpark Maarschalkerweerd,2,1.6,Bangladesh,Netherlands,Shamima Sultana,Ayasha Rahman,HDJ Siegers,4,0,,,,,,,,,
1147723,2018,2018-07-08,Sportpark Maarschalkerweerd,2,1.7,Bangladesh,Netherlands,Shamima Sultana,Ayasha Rahman,HDJ Siegers,4,0,,,,,,,,,
1147723,2018,2018-07-08,Sportpark Maarschalkerweerd,2,2.1,Bangladesh,Netherlands,Ayasha Rahman,Shamima Sultana,R Rijke,0,0,,,,,,,,,
1147723,2018,2018-07-08,Sportpark Maarschalkerweerd,2,2.2,Bangladesh,Netherlands,Ayasha Rahman,Shamima Sultana,R Rijke,0,0,,,,,,,,,
1147723,2018,2018-07-08,Sportpark Maarschalkerweerd,2,2.3,Bangladesh,Netherlands,Ayasha Rahman,Shamima Sultana,R Rijke,0,0,,,,,,,,,
1147723,2018,2018-07-08,Sportpark Maarschalkerweerd,2,2.4,Bangladesh,Netherlands,Ayasha Rahman,Shamima Sultana,R Rijke,0,0,,,,,,,,,
1147723,2018,2018-07-08,Sportpark Maarschalkerweerd,2,2.5,Bangladesh,Netherlands,Ayasha Rahman,Shamima Sultana,R Rijke,4,0,,,,,,,,,
1147723,2018,2018-07-08,Sportpark Maarschalkerweerd,2,2.6,Bangladesh,Netherlands,Ayasha Rahman,Shamima Sultana,R Rijke,1,0,,,,,,,,,
1147723,2018,2018-07-08,Sportpark Maarschalkerweerd,2,3.1,Bangladesh,Netherlands,Ayasha Rahman,Shamima Sultana,S Siegers,0,0,,,,,,,,,
1147723,2018,2018-07-08,Sportpark Maarschalkerweerd,2,3.2,Bangladesh,Netherlands,Ayasha Rahman,Shamima Sultana,S Siegers,0,0,,,,,,bowled,Ayasha Rahman,,
1147723,2018,2018-07-08,Sportpark Maarschalkerweerd,2,3.3,Bangladesh,Netherlands,Fargana Hoque,Shamima Sultana,S Siegers,0,0,,,,,,,,,
1147723,2018,2018-07-08,Sportpark Maarschalkerweerd,2,3.4,Bangladesh,Netherlands,Fargana Hoque,Shamima Sultana,S Siegers,0,0,,,,,,,,,
1147723,2018,2018-07-08,Sportpark Maarschalkerweerd,2,3.5,Bangladesh,Netherlands,Fargana Hoque,Shamima Sultana,S Siegers,4,0,,,,,,,,,
1147723,2018,2018-07-08,Sportpark Maarschalkerweerd,2,3.6,Bangladesh,Netherlands,Fargana Hoque,Shamima Sultana,S Siegers,0,0,,,,,,,,,
1147723,2018,2018-07-08,Sportpark Maarschalkerweerd,2,4.1,Bangladesh,Netherlands,Shamima Sultana,Fargana Hoque,CC van Slobbe,0,0,,,,,,,,,
1147723,2018,2018-07-08,Sportpark Maarschalkerweerd,2,4.2,Bangladesh,Netherlands,Shamima Sultana,Fargana Hoque,CC van Slobbe,0,0,,,,,,,,,
1147723,2018,2018-07-08,Sportpark Maarschalkerweerd,2,4.3,Bangladesh,Netherlands,Shamima Sultana,Fargana Hoque,CC van Slobbe,0,0,,,,,,bowled,Shamima Sultana,,
1147723,2018,2018-07-08,Sportpark Maarschalkerweerd,2,4.4,Bangladesh,Netherlands,Nigar Sultana,Fargana Hoque,CC van Slobbe,0,0,,,,,,,,,
1147723,2018,2018-07-08,Sportpark Maarschalkerweerd,2,4.5,Bangladesh,Netherlands,Nigar Sultana,Fargana Hoque,CC van Slobbe,2,0,,,,,,,,,
1147723,2018,2018-07-08,Sportpark Maarschalkerweerd,2,4.6,Bangladesh,Netherlands,Nigar Sultana,Fargana Hoque,CC van Slobbe,0,0,,,,,,,,,
1147723,2018,2018-07-08,Sportpark Maarschalkerweerd,2,5.1,Bangladesh,Netherlands,Fargana Hoque,Nigar Sultana,S Siegers,1,0,,,,,,,,,
1147723,2018,2018-07-08,Sportpark Maarschalkerweerd,2,5.2,Bangladesh,Netherlands,Nigar Sultana,Fargana Hoque,S Siegers,0,0,,,,,,,,,
1147723,2018,2018-07-08,Sportpark Maarschalkerweerd,2,5.3,Bangladesh,Netherlands,Nigar Sultana,Fargana Hoque,S Siegers,0,0,,,,,,,,,
1147723,2018,2018-07-08,Sportpark Maarschalkerweerd,2,5.4,Bangladesh,Netherlands,Nigar Sultana,Fargana Hoque,S Siegers,0,0,,,,,,,,,
1147723,2018,2018-07-08,Sportpark Maarschalkerweerd,2,5.5,Bangladesh,Netherlands,Nigar Sultana,Fargana Hoque,S Siegers,0,0,,,,,,,,,
1147723,2018,2018-07-08,Sportpark Maarschalkerweerd,2,5.6,Bangladesh,Netherlands,Nigar Sultana,Fargana Hoque,S Siegers,1,0,,,,,,,,,
1147723,2018,2018-07-08,Sportpark Maarschalkerweerd,2,6.1,Bangladesh,Netherlands,Nigar Sultana,Fargana Hoque,CC van Slobbe,0,0,,,,,,,,,
1147723,2018,2018-07-08,Sportpark Maarschalkerweerd,2,6.2,Bangladesh,Netherlands,Nigar Sultana,Fargana Hoque,CC van Slobbe,1,0,,,,,,,,,
1147723,2018,2018-07-08,Sportpark Maarschalkerweerd,2,6.3,Bangladesh,Netherlands,Fargana Hoque,Nigar Sultana,CC van Slobbe,1,0,,,,,,,,,
1147723,2018,2018-07-08,Sportpark Maarschalkerweerd,2,6.4,Bangladesh,Netherlands,Nigar Sultana,Fargana Hoque,CC van Slobbe,0,0,,,,,,,,,
1147723,2018,2018-07-08,Sportpark Maarschalkerweerd,2,6.5,Bangladesh,Netherlands,Nigar Sultana,Fargana Hoque,CC van Slobbe,0,0,,,,,,lbw,Nigar Sultana,,
1147723,2018,2018-07-08,Sportpark Maarschalkerweerd,2,6.6,Bangladesh,Netherlands,Rumana Ahmed,Fargana Hoque,CC van Slobbe,0,0,,,,,,,,,
1147723,2018,2018-07-08,Sportpark Maarschalkerweerd,2,7.1,Bangladesh,Netherlands,Fargana Hoque,Rumana Ahmed,S Siegers,4,0,,,,,,,,,
1147723,2018,2018-07-08,Sportpark Maarschalkerweerd,2,7.2,Bangladesh,Netherlands,Fargana Hoque,Rumana Ahmed,S Siegers,0,0,,,,,,,,,
1147723,2018,2018-07-08,Sportpark Maarschalkerweerd,2,7.3,Bangladesh,Netherlands,Fargana Hoque,Rumana Ahmed,S Siegers,1,0,,,,,,,,,
1147723,2018,2018-07-08,Sportpark Maarschalkerweerd,2,7.4,Bangladesh,Netherlands,Rumana Ahmed,Fargana Hoque,S Siegers,0,1,1,,,,,,,,
1147723,2018,2018-07-08,Sportpark Maarschalkerweerd,2,7.5,Bangladesh,Netherlands,Rumana Ahmed,Fargana Hoque,S Siegers,0,2,,,,2,,,,,
1147723,2018,2018-07-08,Sportpark Maarschalkerweerd,2,7.6,Bangladesh,Netherlands,Rumana Ahmed,Fargana Hoque,S Siegers,4,0,,,,,,,,,
