match_id,season,start_date,venue,innings,ball,batting_team,bowling_team,striker,non_striker,bowler,runs_off_bat,extras,wides,noballs,byes,legbyes,penalty,wicket_type,player_dismissed,other_wicket_type,other_player_dismissed
1147720,2018,2018-07-07,VRA Ground,1,0.1,Papua New Guinea,Bangladesh,S Jimmy,K John,Jahanara Alam,0,0,,,,,,,,,
1147720,2018,2018-07-07,VRA Ground,1,0.2,Papua New Guinea,Bangladesh,S Jimmy,K John,Jahanara Alam,0,0,,,,,,,,,
1147720,2018,2018-07-07,VRA Ground,1,0.3,Papua New Guinea,Bangladesh,S Jimmy,K John,Jahanara Alam,0,0,,,,,,,,,
1147720,2018,2018-07-07,VRA Ground,1,0.4,Papua New Guinea,Bangladesh,S Jimmy,K John,Jahanara Alam,0,0,,,,,,,,,
1147720,2018,2018-07-07,VRA Ground,1,0.5,Papua New Guinea,Bangladesh,S Jimmy,K John,Jahanara Alam,1,0,,,,,,,,,
1147720,2018,2018-07-07,VRA Ground,1,0.6,Papua New Guinea,Bangladesh,K John,S Jimmy,Jahanara Alam,0,0,,,,,,,,,
1147720,2018,2018-07-07,VRA Ground,1,1.1,Papua New Guinea,Bangladesh,S Jimmy,K John,Salma Khatun,0,0,,,,,,lbw,S Jimmy,,
1147720,2018,2018-07-07,VRA Ground,1,1.2,Papua New Guinea,Bangladesh,B Tau,K John,Salma Khatun,0,0,,,,,,,,,
1147720,2018,2018-07-07,VRA Ground,1,1.3,Papua New Guinea,Bangladesh,B Tau,K John,Salma Khatun,1,0,,,,,,,,,
1147720,2018,2018-07-07,VRA Ground,1,1.4,Papua New Guinea,Bangladesh,K John,B Tau,Salma Khatun,0,0,,,,,,,,,
1147720,2018,2018-07-07,VRA Ground,1,1.5,Papua New Guinea,Bangladesh,K John,B Tau,Salma Khatun,0,0,,,,,,,,,
1147720,2018,2018-07-07,VRA Ground,1,1.6,Papua New Guinea,Bangladesh,K John,B Tau,Salma Khatun,0,0,,,,,,,,,
1147720,2018,2018-07-07,VRA Ground,1,2.1,Papua New Guinea,Bangladesh,B Tau,K John,Jahanara Alam,0,0,,,,,,,,,
1147720,2018,2018-07-07,VRA Ground,1,2.2,Papua New Guinea,Bangladesh,B Tau,K John,Jahanara Alam,0,0,,,,,,,,,
1147720,2018,2018-07-07,VRA Ground,1,2.3,Papua New Guinea,Bangladesh,B Tau,K John,Jahanara Alam,0,0,,,,,,,,,
1147720,2018,2018-07-07,VRA Ground,1,2.4,Papua New Guinea,Bangladesh,B Tau,K John,Jahanara Alam,0,0,,,,,,,,,
1147720,2018,2018-07-07,VRA Ground,1,2.5,Papua New Guinea,Bangladesh,B Tau,K John,Jahanara Alam,0,0,,,,,,bowled,B Tau,,
1147720,2018,2018-07-07,VRA Ground,1,2.6,Papua New Guinea,Bangladesh,P Siaka,K John,Jahanara Alam,0,0,,,,,,,,,
1147720,2018,2018-07-07,VRA Ground,1,3.1,Papua New Guinea,Bangladesh,K John,P Siaka,Salma Khatun,0,0,,,,,,,,,
1147720,2018,2018-07-07,VRA Ground,1,3.2,Papua New Guinea,Bangladesh,K John,P Siaka,Salma Khatun,0,0,,,,,,,,,
1147720,2018,2018-07-07,VRA Ground,1,3.3,Papua New Guinea,Bangladesh,K John,P Siaka,Salma Khatun,0,1,1,,,,,,,,
1147720,2018,2018-07-07,VRA Ground,1,3.4,Papua New Guinea,Bangladesh,K John,P Siaka,Salma Khatun,0,0,,,,,,,,,
1147720,2018,2018-07-07,VRA Ground,1,3.5,Papua New Guinea,Bangladesh,K John,P Siaka,Salma Khatun,0,0,,,,,,,,,
1147720,2018,2018-07-07,VRA Ground,1,3.6,Papua New Guinea,Bangladesh,K John,P Siaka,Salma Khatun,1,0,,,,,,,,,
1147720,2018,2018-07-07,VRA Ground,1,3.7,Papua New Guinea,Bangladesh,P Siaka,K John,Salma Khatun,0,0,,,,,,,,,
1147720,2018,2018-07-07,VRA Ground,1,4.1,Papua New Guinea,Bangladesh,K John,P Siaka,Jahanara Alam,0,0,,,,,,,,,
1147720,2018,2018-07-07,VRA Ground,1,4.2,Papua New Guinea,Bangladesh,K John,P Siaka,Jahanara Alam,0,0,,,,,,,,,
1147720,2018,2018-07-07,VRA Ground,1,4.3,Papua New Guinea,Bangladesh,K John,P Siaka,Jahanara Alam,4,0,,,,,,,,,
1147720,2018,2018-07-07,VRA Ground,1,4.4,Papua New Guinea,Bangladesh,K John,P Siaka,Jahanara Alam,1,0,,,,,,,,,
1147720,2018,2018-07-07,VRA Ground,1,4.5,Papua New Guinea,Bangladesh,P Siaka,K John,Jahanara Alam,1,0,,,,,,,,,
1147720,2018,2018-07-07,VRA Ground,1,4.6,Papua New Guinea,Bangladesh,K John,P Siaka,Jahanara Alam,0,0,,,,,,,,,
1147720,2018,2018-07-07,VRA Ground,1,5.1,Papua New Guinea,Bangladesh,P Siaka,K John,Nahida Akter,0,0,,,,,,,,,
1147720,2018,2018-07-07,VRA Ground,1,5.2,Papua New Guinea,Bangladesh,P Siaka,K John,Nahida Akter,1,0,,,,,,,,,
1147720,2018,2018-07-07,VRA Ground,1,5.3,Papua New Guinea,Bangladesh,K John,P Siaka,Nahida Akter,0,0,,,,,,,,,
1147720,2018,2018-07-07,VRA Ground,1,5.4,Papua New Guinea,Bangladesh,K John,P Siaka,Nahida Akter,2,0,,,,,,,,,
1147720,2018,2018-07-07,VRA Ground,1,5.5,Papua New Guinea,Bangladesh,K John,P Siaka,Nahida Akter,4,0,,,,,,,,,
1147720,2018,2018-07-07,VRA Ground,1,5.6,Papua New Guinea,Bangladesh,K John,P Siaka,Nahida Akter,0,0,,,,,,,,,
1147720,2018,2018-07-07,VRA Ground,1,6.1,Papua New Guinea,Bangladesh,P Siaka,K John,Panna Ghosh,1,0,,,,,,,,,
1147720,2018,2018-07-07,VRA Ground,1,6.2,Papua New Guinea,Bangladesh,K John,P Siaka,Panna Ghosh,0,0,,,,,,,,,
1147720,2018,2018-07-07,VRA Ground,1,6.3,Papua New Guinea,Bangladesh,K John,P Siaka,Panna Ghosh,1,0,,,,,,,,,
1147720,2018,2018-07-07,VRA Ground,1,6.4,Papua New Guinea,Bangladesh,P Siaka,K John,Panna Ghosh,1,0,,,,,,,,,
1147720,2018,2018-07-07,VRA Ground,1,6.5,Papua New Guinea,Bangladesh,K John,P Siaka,Panna Ghosh,2,0,,,,,,,,,
1147720,2018,2018-07-07,VRA Ground,1,6.6,Papua New Guinea,Bangladesh,K John,P Siaka,Panna Ghosh,0,0,,,,,,,,,
1147720,2018,2018-07-07,VRA Ground,1,7.1,Papua New Guinea,Bangladesh,P Siaka,K John,Nahida Akter,0,0,,,,,,,,,
1147720,2018,2018-07-07,VRA Ground,1,7.2,Papua New Guinea,Bangladesh,P Siaka,K John,Nahida Akter,1,0,,,,,,,,,
1147720,2018,2018-07-07,VRA Ground,1,7.3,Papua New Guinea,Bangladesh,K John,P Siaka,Nahida Akter,0,0,,,,,,,,,
1147720,2018,2018-07-07,VRA Ground,1,7.4,Papua New Guinea,Bangladesh,K John,P Siaka,Nahida Akter,0,0,,,,,,,,,
1147720,2018,2018-07-07,VRA Ground,1,7.5,Papua New Guinea,Bangladesh,K John,P Siaka,Nahida Akter,0,0,,,,,,,,,
1147720,2018,2018-07-07,VRA Ground,1,7.6,Papua New Guinea,Bangladesh,K John,P Siaka,Nahida Akter,0,0,,,,,,,,,
1147720,2018,2018-07-07,VRA Ground,1,8.1,Papua New Guinea,Bangladesh,P Siaka,K John,Panna Ghosh,0,0,,,,,,caught,P Siaka,,
1147720,2018,2018-07-07,VRA Ground,1,8.2,Papua New Guinea,Bangladesh,T Ruma,K John,Panna Ghosh,0,0,,,,,,,,,
1147720,2018,2018-07-07,VRA Ground,1,8.3,Papua New Guinea,Bangladesh,T Ruma,K John,Panna Ghosh,0,0,,,,,,,,,
1147720,2018,2018-07-07,VRA Ground,1,8.4,Papua New Guinea,Bangladesh,T Ruma,K John,Panna Ghosh,1,0,,,,,,,,,
1147720,2018,2018-07-07,VRA Ground,1,8.5,Papua New Guinea,Bangladesh,K John,T Ruma,Panna Ghosh,0,0,,,,,,,,,
1147720,2018,2018-07-07,VRA Ground,1,8.6,Papua New Guinea,Bangladesh,K John,T Ruma,Panna Ghosh,0,0,,,,,,,,,
1147720,2018,2018-07-07,VRA Ground,1,9.1,Papua New Guinea,Bangladesh,T Ruma,K John,Fahima Khatun,0,0,,,,,,,,,
1147720,2018,2018-07-07,VRA Ground,1,9.2,Papua New Guinea,Bangladesh,T Ruma,K John,Fahima Khatun,0,0,,,,,,,,,
1147720,2018,2018-07-07,VRA Ground,1,9.3,Papua New Guinea,Bangladesh,T Ruma,K John,Fahima Khatun,0,0,,,,,,,,,
1147720,2018,2018-07-07,VRA Ground,1,9.4,Papua New Guinea,Bangladesh,T Ruma,K John,Fahima Khatun,1,0,,,,,,,,,
1147720,2018,2018-07-07,VRA Ground,1,9.5,Papua New Guinea,Bangladesh,K John,T Ruma,Fahima Khatun,0,0,,,,,,,,,
1147720,2018,2018-07-07,VRA Ground,1,9.6,Papua New Guinea,Bangladesh,K John,T Ruma,Fahima Khatun,0,0,,,,,,,,,
1147720,2018,2018-07-07,VRA Ground,1,10.1,Papua New Guinea,Bangladesh,T Ruma,K John,Panna Ghosh,2,0,,,,,,,,,
1147720,2018,2018-07-07,VRA Ground,1,10.2,Papua New Guinea,Bangladesh,T Ruma,K John,Panna Ghosh,1,0,,,,,,,,,
1147720,2018,2018-07-07,VRA Ground,1,10.3,Papua New Guinea,Bangladesh,K John,T Ruma,Panna Ghosh,0,0,,,,,,,,,
1147720,2018,2018-07-07,VRA Ground,1,10.4,Papua New Guinea,Bangladesh,K John,T Ruma,Panna Ghosh,0,1,1,,,,,,,,
1147720,2018,2018-07-07,VRA Ground,1,10.5,Papua New Guinea,Bangladesh,K John,T Ruma,Panna Ghosh,0,0,,,,,,bowled,K John,,
1147720,2018,2018-07-07,VRA Ground,1,10.6,Papua New Guinea,Bangladesh,K Arua,T Ruma,Panna Ghosh,0,0,,,,,,,,,
1147720,2018,2018-07-07,VRA Ground,1,10.7,Papua New Guinea,Bangladesh,K Arua,T Ruma,Panna Ghosh,0,1,1,,,,,,,,
1147720,2018,2018-07-07,VRA Ground,1,10.8,Papua New Guinea,Bangladesh,K Arua,T Ruma,Panna Ghosh,0,0,,,,,,,,,
1147720,2018,2018-07-07,VRA Ground,1,11.1,Papua New Guinea,Bangladesh,T Ruma,K Arua,Fahima Khatun,0,0,,,,,,,,,
1147720,2018,2018-07-07,VRA Ground,1,11.2,Papua New Guinea,Bangladesh,T Ruma,K Arua,Fahima Khatun,0,1,1,,,,,,,,
1147720,2018,2018-07-07,VRA Ground,1,11.3,Papua New Guinea,Bangladesh,T Ruma,K Arua,Fahima Khatun,0,0,,,,,,,,,
1147720,2018,2018-07-07,VRA Ground,1,11.4,Papua New Guinea,Bangladesh,T Ruma,K Arua,Fahima Khatun,0,0,,,,,,,,,
1147720,2018,2018-07-07,VRA Ground,1,11.5,Papua New Guinea,Bangladesh,T Ruma,K Arua,Fahima Khatun,1,0,,,,,,,,,
1147720,2018,2018-07-07,VRA Ground,1,11.6,Papua New Guinea,Bangladesh,K Arua,T Ruma,Fahima Khatun,1,0,,,,,,,,,
1147720,2018,2018-07-07,VRA Ground,1,11.7,Papua New Guinea,Bangladesh,T Ruma,K Arua,Fahima Khatun,2,0,,,,,,,,,
1147720,2018,2018-07-07,VRA Ground,1,12.1,Papua New Guinea,Bangladesh,K Arua,T Ruma,Panna Ghosh,0,1,1,,,,,,,,
1147720,2018,2018-07-07,VRA Ground,1,12.2,Papua New Guinea,Bangladesh,K Arua,T Ruma,Panna Ghosh,0,0,,,,,,,,,
1147720,2018,2018-07-07,VRA Ground,1,12.3,Papua New Guinea,Bangladesh,K Arua,T Ruma,Panna Ghosh,2,0,,,,,,,,,
1147720,2018,2018-07-07,VRA Ground,1,12.4,Papua New Guinea,Bangladesh,K Arua,T Ruma,Panna Ghosh,0,0,,,,,,,,,
1147720,2018,2018-07-07,VRA Ground,1,12.5,Papua New Guinea,Bangladesh,K Arua,T Ruma,Panna Ghosh,1,0,,,,,,,,,
1147720,2018,2018-07-07,VRA Ground,1,12.6,Papua New Guinea,Bangladesh,T Ruma,K Arua,Panna Ghosh,0,0,,,,,,,,,
1147720,2018,2018-07-07,VRA Ground,1,12.7,Papua New Guinea,Bangladesh,T Ruma,K Arua,Panna Ghosh,0,0,,,,,,,,,
1147720,2018,2018-07-07,VRA Ground,1,13.1,Papua New Guinea,Bangladesh,K Arua,T Ruma,Rumana Ahmed,0,0,,,,,,caught,K Arua,,
1147720,2018,2018-07-07,VRA Ground,1,13.2,Papua New Guinea,Bangladesh,V Frank,T Ruma,Rumana Ahmed,0,0,,,,,,,,,
1147720,2018,2018-07-07,VRA Ground,1,13.3,Papua New Guinea,Bangladesh,V Frank,T Ruma,Rumana Ahmed,0,0,,,,,,,,,
1147720,2018,2018-07-07,VRA Ground,1,13.4,Papua New Guinea,Bangladesh,V Frank,T Ruma,Rumana Ahmed,2,0,,,,,,,,,
1147720,2018,2018-07-07,VRA Ground,1,13.5,Papua New Guinea,Bangladesh,V Frank,T Ruma,Rumana Ahmed,0,0,,,,,,,,,
1147720,2018,2018-07-07,VRA Ground,1,13.6,Papua New Guinea,Bangladesh,V Frank,T Ruma,Rumana Ahmed,1,0,,,,,,,,,
1147720,2018,2018-07-07,VRA Ground,1,14.1,Papua New Guinea,Bangladesh,V Frank,T Ruma,Salma Khatun,0,0,,,,,,,,,
1147720,2018,2018-07-07,VRA Ground,1,14.2,Papua New Guinea,Bangladesh,V Frank,T Ruma,Salma Khatun,0,0,,,,,,,,,
1147720,2018,2018-07-07,VRA Ground,1,14.3,Papua New Guinea,Bangladesh,V Frank,T Ruma,Salma Khatun,0,0,,,,,,,,,
1147720,2018,2018-07-07,VRA Ground,1,14.4,Papua New Guinea,Bangladesh,V Frank,T Ruma,Salma Khatun,1,0,,,,,,,,,
1147720,2018,2018-07-07,VRA Ground,1,14.5,Papua New Guinea,Bangladesh,T Ruma,V Frank,Salma Khatun,2,0,,,,,,,,,
1147720,2018,2018-07-07,VRA Ground,1,14.6,Papua New Guinea,Bangladesh,T Ruma,V Frank,Salma Khatun,0,0,,,,,,,,,
1147720,2018,2018-07-07,VRA Ground,1,15.1,Papua New Guinea,Bangladesh,V Frank,T Ruma,Rumana Ahmed,2,0,,,,,,,,,
1147720,2018,2018-07-07,VRA Ground,1,15.2,Papua New Guinea,Bangladesh,V Frank,T Ruma,Rumana Ahmed,4,0,,,,,,,,,
1147720,2018,2018-07-07,VRA Ground,1,15.3,Papua New Guinea,Bangladesh,V Frank,T Ruma,Rumana Ahmed,0,0,,,,,,,,,
1147720,2018,2018-07-07,VRA Ground,1,15.4,Papua New Guinea,Bangladesh,V Frank,T Ruma,Rumana Ahmed,1,0,,,,,,,,,
1147720,2018,2018-07-07,VRA Ground,1,15.5,Papua New Guinea,Bangladesh,T Ruma,V Frank,Rumana Ahmed,2,0,,,,,,,,,
1147720,2018,2018-07-07,VRA Ground,1,15.6,Papua New Guinea,Bangladesh,T Ruma,V Frank,Rumana Ahmed,0,0,,,,,,,,,
1147720,2018,2018-07-07,VRA Ground,1,16.1,Papua New Guinea,Bangladesh,V Frank,T Ruma,Salma Khatun,1,0,,,,,,,,,
1147720,2018,2018-07-07,VRA Ground,1,16.2,Papua New Guinea,Bangladesh,T Ruma,V Frank,Salma Khatun,1,0,,,,,,,,,
1147720,2018,2018-07-07,VRA Ground,1,16.3,Papua New Guinea,Bangladesh,V Frank,T Ruma,Salma Khatun,1,0,,,,,,,,,
1147720,2018,2018-07-07,VRA Ground,1,16.4,Papua New Guinea,Bangladesh,T Ruma,V Frank,Salma Khatun,1,0,,,,,,,,,
1147720,2018,2018-07-07,VRA Ground,1,16.5,Papua New Guinea,Bangladesh,V Frank,T Ruma,Salma Khatun,1,0,,,,,,,,,
1147720,2018,2018-07-07,VRA Ground,1,16.6,Papua New Guinea,Bangladesh,T Ruma,V Frank,Salma Khatun,1,0,,,,,,,,,
1147720,2018,2018-07-07,VRA Ground,1,17.1,Papua New Guinea,Bangladesh,T Ruma,V Frank,Nahida Akter,1,0,,,,,,,,,
1147720,2018,2018-07-07,VRA Ground,1,17.2,Papua New Guinea,Bangladesh,V Frank,T Ruma,Nahida Akter,1,0,,,,,,,,,
1147720,2018,2018-07-07,VRA Ground,1,17.3,Papua New Guinea,Bangladesh,T Ruma,V Frank,Nahida Akter,2,0,,,,,,,,,
1147720,2018,2018-07-07,VRA Ground,1,17.4,Papua New Guinea,Bangladesh,T Ruma,V Frank,Nahida Akter,0,0,,,,,,,,,
1147720,2018,2018-07-07,VRA Ground,1,17.5,Papua New Guinea,Bangladesh,T Ruma,V Frank,Nahida Akter,1,0,,,,,,,,,
1147720,2018,2018-07-07,VRA Ground,1,17.6,Papua New Guinea,Bangladesh,V Frank,T Ruma,Nahida Akter,4,0,,,,,,,,,
1147720,2018,2018-07-07,VRA Ground,1,18.1,Papua New Guinea,Bangladesh,T Ruma,V Frank,Jahanara Alam,1,0,,,,,,,,,
1147720,2018,2018-07-07,VRA Ground,1,18.2,Papua New Guinea,Bangladesh,V Frank,T Ruma,Jahanara Alam,0,0,,,,,,,,,
1147720,2018,2018-07-07,VRA Ground,1,18.3,Papua New Guinea,Bangladesh,V Frank,T Ruma,Jahanara Alam,0,0,,,,,,,,,
1147720,2018,2018-07-07,VRA Ground,1,18.4,Papua New Guinea,Bangladesh,V Frank,T Ruma,Jahanara Alam,2,0,,,,,,,,,
1147720,2018,2018-07-07,VRA Ground,1,18.5,Papua New Guinea,Bangladesh,V Frank,T Ruma,Jahanara Alam,4,0,,,,,,,,,
1147720,2018,2018-07-07,VRA Ground,1,18.6,Papua New Guinea,Bangladesh,V Frank,T Ruma,Jahanara Alam,1,0,,,,,,,,,
1147720,2018,2018-07-07,VRA Ground,1,19.1,Papua New Guinea,Bangladesh,V Frank,T Ruma,Fahima Khatun,1,0,,,,,,,,,
1147720,2018,2018-07-07,VRA Ground,1,19.2,Papua New Guinea,Bangladesh,T Ruma,V Frank,Fahima Khatun,0,1,,,,1,,,,,
1147720,2018,2018-07-07,VRA Ground,1,19.3,Papua New Guinea,Bangladesh,V Frank,T Ruma,Fahima Khatun,0,1,,,,1,,,,,
1147720,2018,2018-07-07,VRA Ground,1,19.4,Papua New Guinea,Bangladesh,T Ruma,V Frank,Fahima Khatun,0,1,,,,1,,,,,
1147720,2018,2018-07-07,VRA Ground,1,19.5,Papua New Guinea,Bangladesh,V Frank,T Ruma,Fahima Khatun,0,0,,,,,,caught,V Frank,,
1147720,2018,2018-07-07,VRA Ground,1,19.6,Papua New Guinea,Bangladesh,T Ruma,I Toua,Fahima Khatun,3,0,,,,,,,,,
1147720,2018,2018-07-07,VRA Ground,2,0.1,Bangladesh,Papua New Guinea,Shamima Sultana,Ayasha Rahman,R Oa,0,1,1,,,,,,,,
1147720,2018,2018-07-07,VRA Ground,2,0.2,Bangladesh,Papua New Guinea,Shamima Sultana,Ayasha Rahman,R Oa,4,0,,,,,,,,,
1147720,2018,2018-07-07,VRA Ground,2,0.3,Bangladesh,Papua New Guinea,Shamima Sultana,Ayasha Rahman,R Oa,0,0,,,,,,,,,
1147720,2018,2018-07-07,VRA Ground,2,0.4,Bangladesh,Papua New Guinea,Shamima Sultana,Ayasha Rahman,R Oa,4,0,,,,,,,,,
1147720,2018,2018-07-07,VRA Ground,2,0.5,Bangladesh,Papua New Guinea,Shamima Sultana,Ayasha Rahman,R Oa,4,0,,,,,,,,,
1147720,2018,2018-07-07,VRA Ground,2,0.6,Bangladesh,Papua New Guinea,Shamima Sultana,Ayasha Rahman,R Oa,0,0,,,,,,,,,
1147720,2018,2018-07-07,VRA Ground,2,0.7,Bangladesh,Papua New Guinea,Shamima Sultana,Ayasha Rahman,R Oa,0,0,,,,,,,,,
1147720,2018,2018-07-07,VRA Ground,2,1.1,Bangladesh,Papua New Guinea,Ayasha Rahman,Shamima Sultana,K Arua,0,0,,,,,,,,,
1147720,2018,2018-07-07,VRA Ground,2,1.2,Bangladesh,Papua New Guinea,Ayasha Rahman,Shamima Sultana,K Arua,0,1,1,,,,,,,,
1147720,2018,2018-07-07,VRA Ground,2,1.3,Bangladesh,Papua New Guinea,Ayasha Rahman,Shamima Sultana,K Arua,0,0,,,,,,,,,
1147720,2018,2018-07-07,VRA Ground,2,1.4,Bangladesh,Papua New Guinea,Ayasha Rahman,Shamima Sultana,K Arua,0,1,1,,,,,,,,
1147720,2018,2018-07-07,VRA Ground,2,1.5,Bangladesh,Papua New Guinea,Ayasha Rahman,Shamima Sultana,K Arua,0,0,,,,,,,,,
1147720,2018,2018-07-07,VRA Ground,2,1.6,Bangladesh,Papua New Guinea,Ayasha Rahman,Shamima Sultana,K Arua,2,0,,,,,,,,,
1147720,2018,2018-07-07,VRA Ground,2,1.7,Bangladesh,Papua New Guinea,Ayasha Rahman,Shamima Sultana,K Arua,0,0,,,,,,,,,
1147720,2018,2018-07-07,VRA Ground,2,1.8,Bangladesh,Papua New Guinea,Ayasha Rahman,Shamima Sultana,K Arua,0,0,,,,,,,,,
1147720,2018,2018-07-07,VRA Ground,2,2.1,Bangladesh,Papua New Guinea,Shamima Sultana,Ayasha Rahman,S Jimmy,1,0,,,,,,,,,
1147720,2018,2018-07-07,VRA Ground,2,2.2,Bangladesh,Papua New Guinea,Ayasha Rahman,Shamima Sultana,S Jimmy,1,0,,,,,,,,,
1147720,2018,2018-07-07,VRA Ground,2,2.3,Bangladesh,Papua New Guinea,Shamima Sultana,Ayasha Rahman,S Jimmy,1,0,,,,,,,,,
1147720,2018,2018-07-07,VRA Ground,2,2.4,Bangladesh,Papua New Guinea,Ayasha Rahman,Shamima Sultana,S Jimmy,0,0,,,,,,,,,
1147720,2018,2018-07-07,VRA Ground,2,2.5,Bangladesh,Papua New Guinea,Ayasha Rahman,Shamima Sultana,S Jimmy,1,0,,,,,,,,,
1147720,2018,2018-07-07,VRA Ground,2,2.6,Bangladesh,Papua New Guinea,Shamima Sultana,Ayasha Rahman,S Jimmy,0,0,,,,,,,,,
1147720,2018,2018-07-07,VRA Ground,2,3.1,Bangladesh,Papua New Guinea,Ayasha Rahman,Shamima Sultana,K Arua,2,0,,,,,,,,,
1147720,2018,2018-07-07,VRA Ground,2,3.2,Bangladesh,Papua New Guinea,Ayasha Rahman,Shamima Sultana,K Arua,4,0,,,,,,,,,
1147720,2018,2018-07-07,VRA Ground,2,3.3,Bangladesh,Papua New Guinea,Ayasha Rahman,Shamima Sultana,K Arua,0,2,2,,,,,,,,
1147720,2018,2018-07-07,VRA Ground,2,3.4,Bangladesh,Papua New Guinea,Shamima Sultana,Ayasha Rahman,K Arua,0,0,,,,,,,,,
1147720,2018,2018-07-07,VRA Ground,2,3.5,Bangladesh,Papua New Guinea,Shamima Sultana,Ayasha Rahman,K Arua,0,0,,,,,,,,,
1147720,2018,2018-07-07,VRA Ground,2,3.6,Bangladesh,Papua New Guinea,Shamima Sultana,Ayasha Rahman,K Arua,0,1,,1,,,,,,,
1147720,2018,2018-07-07,VRA Ground,2,3.7,Bangladesh,Papua New Guinea,Shamima Sultana,Ayasha Rahman,K Arua,0,0,,,,,,,,,
1147720,2018,2018-07-07,VRA Ground,2,3.8,Bangladesh,Papua New Guinea,Shamima Sultana,Ayasha Rahman,K Arua,2,0,,,,,,,,,
1147720,2018,2018-07-07,VRA Ground,2,4.1,Bangladesh,Papua New Guinea,Ayasha Rahman,Shamima Sultana,S Jimmy,0,0,,,,,,,,,
1147720,2018,2018-07-07,VRA Ground,2,4.2,Bangladesh,Papua New Guinea,Ayasha Rahman,Shamima Sultana,S Jimmy,0,0,,,,,,,,,
1147720,2018,2018-07-07,VRA Ground,2,4.3,Bangladesh,Papua New Guinea,Ayasha Rahman,Shamima Sultana,S Jimmy,0,0,,,,,,,,,
1147720,2018,2018-07-07,VRA Ground,2,4.4,Bangladesh,Papua New Guinea,Ayasha Rahman,Shamima Sultana,S Jimmy,1,0,,,,,,,,,
1147720,2018,2018-07-07,VRA Ground,2,4.5,Bangladesh,Papua New Guinea,Shamima Sultana,Ayasha Rahman,S Jimmy,0,0,,,,,,,,,
1147720,2018,2018-07-07,VRA Ground,2,4.6,Bangladesh,Papua New Guinea,Shamima Sultana,Ayasha Rahman,S Jimmy,1,0,,,,,,,,,
1147720,2018,2018-07-07,VRA Ground,2,5.1,Bangladesh,Papua New Guinea,Shamima Sultana,Ayasha Rahman,P Siaka,0,0,,,,,,,,,
1147720,2018,2018-07-07,VRA Ground,2,5.2,Bangladesh,Papua New Guinea,Shamima Sultana,Ayasha Rahman,P Siaka,2,0,,,,,,,,,
1147720,2018,2018-07-07,VRA Ground,2,5.3,Bangladesh,Papua New Guinea,Shamima Sultana,Ayasha Rahman,P Siaka,1,0,,,,,,,,,
1147720,2018,2018-07-07,VRA Ground,2,5.4,Bangladesh,Papua New Guinea,Ayasha Rahman,Shamima Sultana,P Siaka,4,0,,,,,,,,,
1147720,2018,2018-07-07,VRA Ground,2,5.5,Bangladesh,Papua New Guinea,Ayasha Rahman,Shamima Sultana,P Siaka,0,0,,,,,,caught,Ayasha Rahman,,
1147720,2018,2018-07-07,VRA Ground,2,5.6,Bangladesh,Papua New Guinea,Fargana Hoque,Shamima Sultana,P Siaka,2,0,,,,,,,,,
1147720,2018,2018-07-07,VRA Ground,2,6.1,Bangladesh,Papua New Guinea,Shamima Sultana,Fargana Hoque,S Jimmy,0,0,,,,,,,,,
1147720,2018,2018-07-07,VRA Ground,2,6.2,Bangladesh,Papua New Guinea,Shamima Sultana,Fargana Hoque,S Jimmy,4,0,,,,,,,,,
1147720,2018,2018-07-07,VRA Ground,2,6.3,Bangladesh,Papua New Guinea,Shamima Sultana,Fargana Hoque,S Jimmy,0,0,,,,,,,,,
1147720,2018,2018-07-07,VRA Ground,2,6.4,Bangladesh,Papua New Guinea,Shamima Sultana,Fargana Hoque,S Jimmy,0,0,,,,,,,,,
1147720,2018,2018-07-07,VRA Ground,2,6.5,Bangladesh,Papua New Guinea,Shamima Sultana,Fargana Hoque,S Jimmy,1,0,,,,,,,,,
1147720,2018,2018-07-07,VRA Ground,2,6.6,Bangladesh,Papua New Guinea,Fargana Hoque,Shamima Sultana,S Jimmy,0,0,,,,,,,,,
1147720,2018,2018-07-07,VRA Ground,2,7.1,Bangladesh,Papua New Guinea,Shamima Sultana,Fargana Hoque,P Siaka,0,0,,,,,,,,,
1147720,2018,2018-07-07,VRA Ground,2,7.2,Bangladesh,Papua New Guinea,Shamima Sultana,Fargana Hoque,P Siaka,0,0,,,,,,,,,
1147720,2018,2018-07-07,VRA Ground,2,7.3,Bangladesh,Papua New Guinea,Shamima Sultana,Fargana Hoque,P Siaka,0,0,,,,,,,,,
1147720,2018,2018-07-07,VRA Ground,2,7.4,Bangladesh,Papua New Guinea,Shamima Sultana,Fargana Hoque,P Siaka,1,0,,,,,,,,,
1147720,2018,2018-07-07,VRA Ground,2,7.5,Bangladesh,Papua New Guinea,Fargana Hoque,Shamima Sultana,P Siaka,0,0,,,,,,,,,
1147720,2018,2018-07-07,VRA Ground,2,7.6,Bangladesh,Papua New Guinea,Fargana Hoque,Shamima Sultana,P Siaka,1,0,,,,,,,,,
1147720,2018,2018-07-07,VRA Ground,2,8.1,Bangladesh,Papua New Guinea,Fargana Hoque,Shamima Sultana,S Jimmy,0,0,,,,,,,,,
1147720,2018,2018-07-07,VRA Ground,2,8.2,Bangladesh,Papua New Guinea,Fargana Hoque,Shamima Sultana,S Jimmy,1,0,,,,,,,,,
1147720,2018,2018-07-07,VRA Ground,2,8.3,Bangladesh,Papua New Guinea,Shamima Sultana,Fargana Hoque,S Jimmy,4,0,,,,,,,,,
1147720,2018,2018-07-07,VRA Ground,2,8.4,Bangladesh,Papua New Guinea,Shamima Sultana,Fargana Hoque,S Jimmy,0,0,,,,,,,,,
1147720,2018,2018-07-07,VRA Ground,2,8.5,Bangladesh,Papua New Guinea,Shamima Sultana,Fargana Hoque,S Jimmy,1,0,,,,,,,,,
1147720,2018,2018-07-07,VRA Ground,2,8.6,Bangladesh,Papua New Guinea,Fargana Hoque,Shamima Sultana,S Jimmy,1,0,,,,,,,,,
1147720,2018,2018-07-07,VRA Ground,2,9.1,Bangladesh,Papua New Guinea,Fargana Hoque,Shamima Sultana,V Araa,1,0,,,,,,,,,
1147720,2018,2018-07-07,VRA Ground,2,9.2,Bangladesh,Papua New Guinea,Shamima Sultana,Fargana Hoque,V Araa,1,0,,,,,,,,,
1147720,2018,2018-07-07,VRA Ground,2,9.3,Bangladesh,Papua New Guinea,Fargana Hoque,Shamima Sultana,V Araa,0,0,,,,,,,,,
1147720,2018,2018-07-07,VRA Ground,2,9.4,Bangladesh,Papua New Guinea,Fargana Hoque,Shamima Sultana,V Araa,0,0,,,,,,,,,
1147720,2018,2018-07-07,VRA Ground,2,9.5,Bangladesh,Papua New Guinea,Fargana Hoque,Shamima Sultana,V Araa,0,0,,,,,,,,,
1147720,2018,2018-07-07,VRA Ground,2,9.6,Bangladesh,Papua New Guinea,Fargana Hoque,Shamima Sultana,V Araa,0,0,,,,,,,,,
1147720,2018,2018-07-07,VRA Ground,2,10.1,Bangladesh,Papua New Guinea,Shamima Sultana,Fargana Hoque,P Siaka,1,0,,,,,,,,,
1147720,2018,2018-07-07,VRA Ground,2,10.2,Bangladesh,Papua New Guinea,Fargana Hoque,Shamima Sultana,P Siaka,0,0,,,,,,,,,
1147720,2018,2018-07-07,VRA Ground,2,10.3,Bangladesh,Papua New Guinea,Fargana Hoque,Shamima Sultana,P Siaka,0,0,,,,,,,,,
1147720,2018,2018-07-07,VRA Ground,2,10.4,Bangladesh,Papua New Guinea,Fargana Hoque,Shamima Sultana,P Siaka,0,0,,,,,,,,,
1147720,2018,2018-07-07,VRA Ground,2,10.5,Bangladesh,Papua New Guinea,Fargana Hoque,Shamima Sultana,P Siaka,1,0,,,,,,,,,
1147720,2018,2018-07-07,VRA Ground,2,10.6,Bangladesh,Papua New Guinea,Shamima Sultana,Fargana Hoque,P Siaka,0,0,,,,,,,,,
1147720,2018,2018-07-07,VRA Ground,2,11.1,Bangladesh,Papua New Guinea,Fargana Hoque,Shamima Sultana,V Araa,1,0,,,,,,,,,
1147720,2018,2018-07-07,VRA Ground,2,11.2,Bangladesh,Papua New Guinea,Shamima Sultana,Fargana Hoque,V Araa,2,0,,,,,,,,,
1147720,2018,2018-07-07,VRA Ground,2,11.3,Bangladesh,Papua New Guinea,Shamima Sultana,Fargana Hoque,V Araa,0,0,,,,,,caught,Shamima Sultana,,
1147720,2018,2018-07-07,VRA Ground,2,11.4,Bangladesh,Papua New Guinea,Nigar Sultana,Fargana Hoque,V Araa,0,0,,,,,,,,,
1147720,2018,2018-07-07,VRA Ground,2,11.5,Bangladesh,Papua New Guinea,Nigar Sultana,Fargana Hoque,V Araa,0,0,,,,,,,,,
1147720,2018,2018-07-07,VRA Ground,2,11.6,Bangladesh,Papua New Guinea,Nigar Sultana,Fargana Hoque,V Araa,0,0,,,,,,,,,
1147720,2018,2018-07-07,VRA Ground,2,12.1,Bangladesh,Papua New Guinea,Fargana Hoque,Nigar Sultana,M Tom,0,1,1,,,,,,,,
1147720,2018,2018-07-07,VRA Ground,2,12.2,Bangladesh,Papua New Guinea,Fargana Hoque,Nigar Sultana,M Tom,0,0,,,,,,,,,
1147720,2018,2018-07-07,VRA Ground,2,12.3,Bangladesh,Papua New Guinea,Fargana Hoque,Nigar Sultana,M Tom,0,0,,,,,,,,,
1147720,2018,2018-07-07,VRA Ground,2,12.4,Bangladesh,Papua New Guinea,Fargana Hoque,Nigar Sultana,M Tom,1,0,,,,,,,,,
1147720,2018,2018-07-07,VRA Ground,2,12.5,Bangladesh,Papua New Guinea,Nigar Sultana,Fargana Hoque,M Tom,0,0,,,,,,,,,
1147720,2018,2018-07-07,VRA Ground,2,12.6,Bangladesh,Papua New Guinea,Nigar Sultana,Fargana Hoque,M Tom,1,0,,,,,,,,,
1147720,2018,2018-07-07,VRA Ground,2,12.7,Bangladesh,Papua New Guinea,Fargana Hoque,Nigar Sultana,M Tom,0,1,,,,1,,,,,
1147720,2018,2018-07-07,VRA Ground,2,13.1,Bangladesh,Papua New Guinea,Fargana Hoque,Nigar Sultana,V Araa,4,0,,,,,,,,,
1147720,2018,2018-07-07,VRA Ground,2,13.2,Bangladesh,Papua New Guinea,Fargana Hoque,Nigar Sultana,V Araa,2,0,,,,,,,,,
1147720,2018,2018-07-07,VRA Ground,2,13.3,Bangladesh,Papua New Guinea,Fargana Hoque,Nigar Sultana,V Araa,1,0,,,,,,,,,
1147720,2018,2018-07-07,VRA Ground,2,13.4,Bangladesh,Papua New Guinea,Nigar Sultana,Fargana Hoque,V Araa,0,0,,,,,,,,,
1147720,2018,2018-07-07,VRA Ground,2,13.5,Bangladesh,Papua New Guinea,Nigar Sultana,Fargana Hoque,V Araa,1,0,,,,,,,,,
1147720,2018,2018-07-07,VRA Ground,2,13.6,Bangladesh,Papua New Guinea,Fargana Hoque,Nigar Sultana,V Araa,0,0,,,,,,,,,
1147720,2018,2018-07-07,VRA Ground,2,14.1,Bangladesh,Papua New Guinea,Nigar Sultana,Fargana Hoque,M Tom,0,0,,,,,,,,,
1147720,2018,2018-07-07,VRA Ground,2,14.2,Bangladesh,Papua New Guinea,Nigar Sultana,Fargana Hoque,M Tom,4,0,,,,,,,,,
1147720,2018,2018-07-07,VRA Ground,2,14.3,Bangladesh,Papua New Guinea,Nigar Sultana,Fargana Hoque,M Tom,1,0,,,,,,,,,
1147720,2018,2018-07-07,VRA Ground,2,14.4,Bangladesh,Papua New Guinea,Fargana Hoque,Nigar Sultana,M Tom,1,0,,,,,,,,,
1147720,2018,2018-07-07,VRA Ground,2,14.5,Bangladesh,Papua New Guinea,Nigar Sultana,Fargana Hoque,M Tom,4,0,,,,,,,,,
