match_id,season,start_date,venue,innings,ball,batting_team,bowling_team,striker,non_striker,bowler,runs_off_bat,extras,wides,noballs,byes,legbyes,penalty,wicket_type,player_dismissed,other_wicket_type,other_player_dismissed
1147724,2018,2018-07-08,VRA Ground,1,0.1,United Arab Emirates,Papua New Guinea,ER Oza,Chaya Mughal,M Tom,0,0,,,,,,,,,
1147724,2018,2018-07-08,VRA Ground,1,0.2,United Arab Emirates,Papua New Guinea,ER Oza,Chaya Mughal,M Tom,1,0,,,,,,,,,
1147724,2018,2018-07-08,VRA Ground,1,0.3,United Arab Emirates,Papua New Guinea,Chaya Mughal,ER Oza,M Tom,0,0,,,,,,,,,
1147724,2018,2018-07-08,VRA Ground,1,0.4,United Arab Emirates,Papua New Guinea,Chaya Mughal,ER Oza,M Tom,0,0,,,,,,,,,
1147724,2018,2018-07-08,VRA Ground,1,0.5,United Arab Emirates,Papua New Guinea,Chaya Mughal,ER Oza,M Tom,0,0,,,,,,,,,
1147724,2018,2018-07-08,VRA Ground,1,0.6,United Arab Emirates,Papua New Guinea,Chaya Mughal,ER Oza,M Tom,0,0,,,,,,,,,
1147724,2018,2018-07-08,VRA Ground,1,1.1,United Arab Emirates,Papua New Guinea,ER Oza,Chaya Mughal,R Oa,0,0,,,,,,,,,
1147724,2018,2018-07-08,VRA Ground,1,1.2,United Arab Emirates,Papua New Guinea,ER Oza,Chaya Mughal,R Oa,1,0,,,,,,,,,
1147724,2018,2018-07-08,VRA Ground,1,1.3,United Arab Emirates,Papua New Guinea,Chaya Mughal,ER Oza,R Oa,4,0,,,,,,,,,
1147724,2018,2018-07-08,VRA Ground,1,1.4,United Arab Emirates,Papua New Guinea,Chaya Mughal,ER Oza,R Oa,0,0,,,,,,,,,
1147724,2018,2018-07-08,VRA Ground,1,1.5,United Arab Emirates,Papua New Guinea,Chaya Mughal,ER Oza,R Oa,0,0,,,,,,,,,
1147724,2018,2018-07-08,VRA Ground,1,1.6,United Arab Emirates,Papua New Guinea,Chaya Mughal,ER Oza,R Oa,4,0,,,,,,,,,
1147724,2018,2018-07-08,VRA Ground,1,2.1,United Arab Emirates,Papua New Guinea,ER Oza,Chaya Mughal,M Tom,0,0,,,,,,,,,
1147724,2018,2018-07-08,VRA Ground,1,2.2,United Arab Emirates,Papua New Guinea,ER Oza,Chaya Mughal,M Tom,0,0,,,,,,,,,
1147724,2018,2018-07-08,VRA Ground,1,2.3,United Arab Emirates,Papua New Guinea,ER Oza,Chaya Mughal,M Tom,1,0,,,,,,,,,
1147724,2018,2018-07-08,VRA Ground,1,2.4,United Arab Emirates,Papua New Guinea,Chaya Mughal,ER Oza,M Tom,0,0,,,,,,,,,
1147724,2018,2018-07-08,VRA Ground,1,2.5,United Arab Emirates,Papua New Guinea,Chaya Mughal,ER Oza,M Tom,0,0,,,,,,,,,
1147724,2018,2018-07-08,VRA Ground,1,2.6,United Arab Emirates,Papua New Guinea,Chaya Mughal,ER Oza,M Tom,0,0,,,,,,,,,
1147724,2018,2018-07-08,VRA Ground,1,3.1,United Arab Emirates,Papua New Guinea,ER Oza,Chaya Mughal,P Siaka,0,0,,,,,,,,,
1147724,2018,2018-07-08,VRA Ground,1,3.2,United Arab Emirates,Papua New Guinea,ER Oza,Chaya Mughal,P Siaka,0,0,,,,,,,,,
1147724,2018,2018-07-08,VRA Ground,1,3.3,United Arab Emirates,Papua New Guinea,ER Oza,Chaya Mughal,P Siaka,1,0,,,,,,,,,
1147724,2018,2018-07-08,VRA Ground,1,3.4,United Arab Emirates,Papua New Guinea,Chaya Mughal,ER Oza,P Siaka,2,0,,,,,,,,,
1147724,2018,2018-07-08,VRA Ground,1,3.5,United Arab Emirates,Papua New Guinea,Chaya Mughal,ER Oza,P Siaka,0,0,,,,,,,,,
1147724,2018,2018-07-08,VRA Ground,1,3.6,United Arab Emirates,Papua New Guinea,Chaya Mughal,ER Oza,P Siaka,1,0,,,,,,,,,
1147724,2018,2018-07-08,VRA Ground,1,4.1,United Arab Emirates,Papua New Guinea,Chaya Mughal,ER Oza,K Arua,0,0,,,,,,,,,
1147724,2018,2018-07-08,VRA Ground,1,4.2,United Arab Emirates,Papua New Guinea,Chaya Mughal,ER Oza,K Arua,1,0,,,,,,,,,
1147724,2018,2018-07-08,VRA Ground,1,4.3,United Arab Emirates,Papua New Guinea,ER Oza,Chaya Mughal,K Arua,1,0,,,,,,,,,
1147724,2018,2018-07-08,VRA Ground,1,4.4,United Arab Emirates,Papua New Guinea,Chaya Mughal,ER Oza,K Arua,0,0,,,,,,,,,
1147724,2018,2018-07-08,VRA Ground,1,4.5,United Arab Emirates,Papua New Guinea,Chaya Mughal,ER Oza,K Arua,0,0,,,,,,,,,
1147724,2018,2018-07-08,VRA Ground,1,4.6,United Arab Emirates,Papua New Guinea,Chaya Mughal,ER Oza,K Arua,1,1,,1,,,,,,,
1147724,2018,2018-07-08,VRA Ground,1,4.7,United Arab Emirates,Papua New Guinea,ER Oza,Chaya Mughal,K Arua,0,0,,,,,,,,,
1147724,2018,2018-07-08,VRA Ground,1,5.1,United Arab Emirates,Papua New Guinea,Chaya Mughal,ER Oza,P Siaka,0,0,,,,,,,,,
1147724,2018,2018-07-08,VRA Ground,1,5.2,United Arab Emirates,Papua New Guinea,Chaya Mughal,ER Oza,P Siaka,0,0,,,,,,,,,
1147724,2018,2018-07-08,VRA Ground,1,5.3,United Arab Emirates,Papua New Guinea,Chaya Mughal,ER Oza,P Siaka,2,0,,,,,,,,,
1147724,2018,2018-07-08,VRA Ground,1,5.4,United Arab Emirates,Papua New Guinea,Chaya Mughal,ER Oza,P Siaka,0,0,,,,,,,,,
1147724,2018,2018-07-08,VRA Ground,1,5.5,United Arab Emirates,Papua New Guinea,Chaya Mughal,ER Oza,P Siaka,0,0,,,,,,,,,
1147724,2018,2018-07-08,VRA Ground,1,5.6,United Arab Emirates,Papua New Guinea,Chaya Mughal,ER Oza,P Siaka,0,0,,,,,,,,,
1147724,2018,2018-07-08,VRA Ground,1,6.1,United Arab Emirates,Papua New Guinea,ER Oza,Chaya Mughal,K Arua,1,0,,,,,,,,,
1147724,2018,2018-07-08,VRA Ground,1,6.2,United Arab Emirates,Papua New Guinea,Chaya Mughal,ER Oza,K Arua,1,0,,,,,,,,,
1147724,2018,2018-07-08,VRA Ground,1,6.3,United Arab Emirates,Papua New Guinea,ER Oza,Chaya Mughal,K Arua,0,0,,,,,,,,,
1147724,2018,2018-07-08,VRA Ground,1,6.4,United Arab Emirates,Papua New Guinea,ER Oza,Chaya Mughal,K Arua,0,0,,,,,,,,,
1147724,2018,2018-07-08,VRA Ground,1,6.5,United Arab Emirates,Papua New Guinea,ER Oza,Chaya Mughal,K Arua,1,0,,,,,,,,,
1147724,2018,2018-07-08,VRA Ground,1,6.6,United Arab Emirates,Papua New Guinea,Chaya Mughal,ER Oza,K Arua,0,0,,,,,,,,,
1147724,2018,2018-07-08,VRA Ground,1,7.1,United Arab Emirates,Papua New Guinea,ER Oza,Chaya Mughal,S Jimmy,1,0,,,,,,,,,
1147724,2018,2018-07-08,VRA Ground,1,7.2,United Arab Emirates,Papua New Guinea,Chaya Mughal,ER Oza,S Jimmy,1,0,,,,,,,,,
1147724,2018,2018-07-08,VRA Ground,1,7.3,United Arab Emirates,Papua New Guinea,ER Oza,Chaya Mughal,S Jimmy,0,0,,,,,,,,,
1147724,2018,2018-07-08,VRA Ground,1,7.4,United Arab Emirates,Papua New Guinea,ER Oza,Chaya Mughal,S Jimmy,1,0,,,,,,,,,
1147724,2018,2018-07-08,VRA Ground,1,7.5,United Arab Emirates,Papua New Guinea,Chaya Mughal,ER Oza,S Jimmy,1,0,,,,,,,,,
1147724,2018,2018-07-08,VRA Ground,1,7.6,United Arab Emirates,Papua New Guinea,ER Oza,Chaya Mughal,S Jimmy,0,0,,,,,,run out,Chaya Mughal,,
1147724,2018,2018-07-08,VRA Ground,1,8.1,United Arab Emirates,Papua New Guinea,ER Oza,Nisha Ali,K Arua,0,0,,,,,,,,,
1147724,2018,2018-07-08,VRA Ground,1,8.2,United Arab Emirates,Papua New Guinea,ER Oza,Nisha Ali,K Arua,1,0,,,,,,,,,
1147724,2018,2018-07-08,VRA Ground,1,8.3,United Arab Emirates,Papua New Guinea,Nisha Ali,ER Oza,K Arua,0,0,,,,,,,,,
1147724,2018,2018-07-08,VRA Ground,1,8.4,United Arab Emirates,Papua New Guinea,Nisha Ali,ER Oza,K Arua,2,0,,,,,,,,,
1147724,2018,2018-07-08,VRA Ground,1,8.5,United Arab Emirates,Papua New Guinea,Nisha Ali,ER Oza,K Arua,0,0,,,,,,,,,
1147724,2018,2018-07-08,VRA Ground,1,8.6,United Arab Emirates,Papua New Guinea,Nisha Ali,ER Oza,K Arua,0,0,,,,,,,,,
1147724,2018,2018-07-08,VRA Ground,1,9.1,United Arab Emirates,Papua New Guinea,ER Oza,Nisha Ali,S Jimmy,0,0,,,,,,caught and bowled,ER Oza,,
1147724,2018,2018-07-08,VRA Ground,1,9.2,United Arab Emirates,Papua New Guinea,CR Seneviratna,Nisha Ali,S Jimmy,0,1,1,,,,,,,,
1147724,2018,2018-07-08,VRA Ground,1,9.3,United Arab Emirates,Papua New Guinea,CR Seneviratna,Nisha Ali,S Jimmy,0,0,,,,,,run out,Nisha Ali,,
1147724,2018,2018-07-08,VRA Ground,1,9.4,United Arab Emirates,Papua New Guinea,CR Seneviratna,UCKA Dona,S Jimmy,0,0,,,,,,,,,
1147724,2018,2018-07-08,VRA Ground,1,9.5,United Arab Emirates,Papua New Guinea,CR Seneviratna,UCKA Dona,S Jimmy,0,0,,,,,,,,,
1147724,2018,2018-07-08,VRA Ground,1,9.6,United Arab Emirates,Papua New Guinea,CR Seneviratna,UCKA Dona,S Jimmy,0,0,,,,,,,,,
1147724,2018,2018-07-08,VRA Ground,1,9.7,United Arab Emirates,Papua New Guinea,CR Seneviratna,UCKA Dona,S Jimmy,1,0,,,,,,,,,
1147724,2018,2018-07-08,VRA Ground,1,10.1,United Arab Emirates,Papua New Guinea,CR Seneviratna,UCKA Dona,K Arua,0,0,,,,,,,,,
1147724,2018,2018-07-08,VRA Ground,1,10.2,United Arab Emirates,Papua New Guinea,CR Seneviratna,UCKA Dona,K Arua,0,0,,,,,,,,,
1147724,2018,2018-07-08,VRA Ground,1,10.3,United Arab Emirates,Papua New Guinea,CR Seneviratna,UCKA Dona,K Arua,0,0,,,,,,caught and bowled,CR Seneviratna,,
1147724,2018,2018-07-08,VRA Ground,1,10.4,United Arab Emirates,Papua New Guinea,H Hotchandani,UCKA Dona,K Arua,0,1,1,,,,,,,,
1147724,2018,2018-07-08,VRA Ground,1,10.5,United Arab Emirates,Papua New Guinea,H Hotchandani,UCKA Dona,K Arua,2,0,,,,,,,,,
1147724,2018,2018-07-08,VRA Ground,1,10.6,United Arab Emirates,Papua New Guinea,H Hotchandani,UCKA Dona,K Arua,1,0,,,,,,run out,UCKA Dona,,
1147724,2018,2018-07-08,VRA Ground,1,10.7,United Arab Emirates,Papua New Guinea,H Hotchandani,KKN Egodage,K Arua,0,0,,,,,,,,,
1147724,2018,2018-07-08,VRA Ground,1,11.1,United Arab Emirates,Papua New Guinea,KKN Egodage,H Hotchandani,S Jimmy,0,0,,,,,,,,,
1147724,2018,2018-07-08,VRA Ground,1,11.2,United Arab Emirates,Papua New Guinea,KKN Egodage,H Hotchandani,S Jimmy,0,0,,,,,,,,,
1147724,2018,2018-07-08,VRA Ground,1,11.3,United Arab Emirates,Papua New Guinea,KKN Egodage,H Hotchandani,S Jimmy,4,0,,,,,,,,,
1147724,2018,2018-07-08,VRA Ground,1,11.4,United Arab Emirates,Papua New Guinea,KKN Egodage,H Hotchandani,S Jimmy,1,0,,,,,,,,,
1147724,2018,2018-07-08,VRA Ground,1,11.5,United Arab Emirates,Papua New Guinea,H Hotchandani,KKN Egodage,S Jimmy,0,0,,,,,,bowled,H Hotchandani,,
1147724,2018,2018-07-08,VRA Ground,1,11.6,United Arab Emirates,Papua New Guinea,S Venkataraman,KKN Egodage,S Jimmy,0,0,,,,,,,,,
1147724,2018,2018-07-08,VRA Ground,1,12.1,United Arab Emirates,Papua New Guinea,KKN Egodage,S Venkataraman,V Araa,0,0,,,,,,,,,
1147724,2018,2018-07-08,VRA Ground,1,12.2,United Arab Emirates,Papua New Guinea,KKN Egodage,S Venkataraman,V Araa,1,0,,,,,,,,,
1147724,2018,2018-07-08,VRA Ground,1,12.3,United Arab Emirates,Papua New Guinea,S Venkataraman,KKN Egodage,V Araa,0,0,,,,,,,,,
1147724,2018,2018-07-08,VRA Ground,1,12.4,United Arab Emirates,Papua New Guinea,S Venkataraman,KKN Egodage,V Araa,1,0,,,,,,,,,
1147724,2018,2018-07-08,VRA Ground,1,12.5,United Arab Emirates,Papua New Guinea,KKN Egodage,S Venkataraman,V Araa,1,0,,,,,,,,,
1147724,2018,2018-07-08,VRA Ground,1,12.6,United Arab Emirates,Papua New Guinea,S Venkataraman,KKN Egodage,V Araa,0,0,,,,,,run out,KKN Egodage,,
1147724,2018,2018-07-08,VRA Ground,1,13.1,United Arab Emirates,Papua New Guinea,Roopa Nagraj,S Venkataraman,R Oa,0,0,,,,,,,,,
1147724,2018,2018-07-08,VRA Ground,1,13.2,United Arab Emirates,Papua New Guinea,Roopa Nagraj,S Venkataraman,R Oa,0,0,,,,,,,,,
1147724,2018,2018-07-08,VRA Ground,1,13.3,United Arab Emirates,Papua New Guinea,Roopa Nagraj,S Venkataraman,R Oa,0,0,,,,,,,,,
1147724,2018,2018-07-08,VRA Ground,1,13.4,United Arab Emirates,Papua New Guinea,Roopa Nagraj,S Venkataraman,R Oa,0,0,,,,,,,,,
1147724,2018,2018-07-08,VRA Ground,1,13.5,United Arab Emirates,Papua New Guinea,Roopa Nagraj,S Venkataraman,R Oa,0,0,,,,,,,,,
1147724,2018,2018-07-08,VRA Ground,1,13.6,United Arab Emirates,Papua New Guinea,Roopa Nagraj,S Venkataraman,R Oa,4,0,,,,,,,,,
1147724,2018,2018-07-08,VRA Ground,1,14.1,United Arab Emirates,Papua New Guinea,S Venkataraman,Roopa Nagraj,V Araa,0,0,,,,,,,,,
1147724,2018,2018-07-08,VRA Ground,1,14.2,United Arab Emirates,Papua New Guinea,S Venkataraman,Roopa Nagraj,V Araa,0,0,,,,,,,,,
1147724,2018,2018-07-08,VRA Ground,1,14.3,United Arab Emirates,Papua New Guinea,S Venkataraman,Roopa Nagraj,V Araa,2,0,,,,,,,,,
1147724,2018,2018-07-08,VRA Ground,1,14.4,United Arab Emirates,Papua New Guinea,S Venkataraman,Roopa Nagraj,V Araa,0,0,,,,,,,,,
1147724,2018,2018-07-08,VRA Ground,1,14.5,United Arab Emirates,Papua New Guinea,S Venkataraman,Roopa Nagraj,V Araa,2,0,,,,,,,,,
1147724,2018,2018-07-08,VRA Ground,1,14.6,United Arab Emirates,Papua New Guinea,S Venkataraman,Roopa Nagraj,V Araa,0,0,,,,,,,,,
1147724,2018,2018-07-08,VRA Ground,1,15.1,United Arab Emirates,Papua New Guinea,Roopa Nagraj,S Venkataraman,P Siaka,0,0,,,,,,,,,
1147724,2018,2018-07-08,VRA Ground,1,15.2,United Arab Emirates,Papua New Guinea,Roopa Nagraj,S Venkataraman,P Siaka,0,0,,,,,,,,,
1147724,2018,2018-07-08,VRA Ground,1,15.3,United Arab Emirates,Papua New Guinea,Roopa Nagraj,S Venkataraman,P Siaka,0,0,,,,,,,,,
1147724,2018,2018-07-08,VRA Ground,1,15.4,United Arab Emirates,Papua New Guinea,Roopa Nagraj,S Venkataraman,P Siaka,1,0,,,,,,,,,
1147724,2018,2018-07-08,VRA Ground,1,15.5,United Arab Emirates,Papua New Guinea,S Venkataraman,Roopa Nagraj,P Siaka,0,1,,,1,,,,,,
1147724,2018,2018-07-08,VRA Ground,1,15.6,United Arab Emirates,Papua New Guinea,Roopa Nagraj,S Venkataraman,P Siaka,0,0,,,,,,,,,
1147724,2018,2018-07-08,VRA Ground,1,16.1,United Arab Emirates,Papua New Guinea,S Venkataraman,Roopa Nagraj,V Araa,0,0,,,,,,,,,
1147724,2018,2018-07-08,VRA Ground,1,16.2,United Arab Emirates,Papua New Guinea,S Venkataraman,Roopa Nagraj,V Araa,1,0,,,,,,,,,
1147724,2018,2018-07-08,VRA Ground,1,16.3,United Arab Emirates,Papua New Guinea,Roopa Nagraj,S Venkataraman,V Araa,0,0,,,,,,,,,
1147724,2018,2018-07-08,VRA Ground,1,16.4,United Arab Emirates,Papua New Guinea,Roopa Nagraj,S Venkataraman,V Araa,1,0,,,,,,,,,
1147724,2018,2018-07-08,VRA Ground,1,16.5,United Arab Emirates,Papua New Guinea,S Venkataraman,Roopa Nagraj,V Araa,0,0,,,,,,,,,
1147724,2018,2018-07-08,VRA Ground,1,16.6,United Arab Emirates,Papua New Guinea,S Venkataraman,Roopa Nagraj,V Araa,1,0,,,,,,,,,
1147724,2018,2018-07-08,VRA Ground,1,17.1,United Arab Emirates,Papua New Guinea,S Venkataraman,Roopa Nagraj,P Siaka,4,0,,,,,,,,,
1147724,2018,2018-07-08,VRA Ground,1,17.2,United Arab Emirates,Papua New Guinea,S Venkataraman,Roopa Nagraj,P Siaka,0,0,,,,,,,,,
1147724,2018,2018-07-08,VRA Ground,1,17.3,United Arab Emirates,Papua New Guinea,S Venkataraman,Roopa Nagraj,P Siaka,4,0,,,,,,,,,
1147724,2018,2018-07-08,VRA Ground,1,17.4,United Arab Emirates,Papua New Guinea,S Venkataraman,Roopa Nagraj,P Siaka,0,0,,,,,,,,,
1147724,2018,2018-07-08,VRA Ground,1,17.5,United Arab Emirates,Papua New Guinea,S Venkataraman,Roopa Nagraj,P Siaka,1,0,,,,,,,,,
1147724,2018,2018-07-08,VRA Ground,1,17.6,United Arab Emirates,Papua New Guinea,Roopa Nagraj,S Venkataraman,P Siaka,1,0,,,,,,,,,
1147724,2018,2018-07-08,VRA Ground,1,18.1,United Arab Emirates,Papua New Guinea,Roopa Nagraj,S Venkataraman,V Araa,2,0,,,,,,,,,
1147724,2018,2018-07-08,VRA Ground,1,18.2,United Arab Emirates,Papua New Guinea,Roopa Nagraj,S Venkataraman,V Araa,0,1,1,,,,,,,,
1147724,2018,2018-07-08,VRA Ground,1,18.3,United Arab Emirates,Papua New Guinea,Roopa Nagraj,S Venkataraman,V Araa,1,0,,,,,,,,,
1147724,2018,2018-07-08,VRA Ground,1,18.4,United Arab Emirates,Papua New Guinea,S Venkataraman,Roopa Nagraj,V Araa,1,0,,,,,,,,,
1147724,2018,2018-07-08,VRA Ground,1,18.5,United Arab Emirates,Papua New Guinea,Roopa Nagraj,S Venkataraman,V Araa,0,1,1,,,,,,,,
1147724,2018,2018-07-08,VRA Ground,1,18.6,United Arab Emirates,Papua New Guinea,Roopa Nagraj,S Venkataraman,V Araa,0,0,,,,,,caught,Roopa Nagraj,,
1147724,2018,2018-07-08,VRA Ground,1,18.7,United Arab Emirates,Papua New Guinea,S Venkataraman,Humaira Tasneem,V Araa,1,0,,,,,,,,,
1147724,2018,2018-07-08,VRA Ground,1,18.8,United Arab Emirates,Papua New Guinea,Humaira Tasneem,S Venkataraman,V Araa,1,0,,,,,,,,,
1147724,2018,2018-07-08,VRA Ground,1,19.1,United Arab Emirates,Papua New Guinea,Humaira Tasneem,S Venkataraman,R Oa,0,0,,,,,,caught,Humaira Tasneem,,
1147724,2018,2018-07-08,VRA Ground,1,19.2,United Arab Emirates,Papua New Guinea,S Venkataraman,J Cleetus,R Oa,1,0,,,,,,,,,
1147724,2018,2018-07-08,VRA Ground,1,19.3,United Arab Emirates,Papua New Guinea,J Cleetus,S Venkataraman,R Oa,1,1,,1,,,,,,,
1147724,2018,2018-07-08,VRA Ground,1,19.4,United Arab Emirates,Papua New Guinea,S Venkataraman,J Cleetus,R Oa,2,0,,,,,,,,,
1147724,2018,2018-07-08,VRA Ground,1,19.5,United Arab Emirates,Papua New Guinea,S Venkataraman,J Cleetus,R Oa,1,0,,,,,,,,,
1147724,2018,2018-07-08,VRA Ground,1,19.6,United Arab Emirates,Papua New Guinea,J Cleetus,S Venkataraman,R Oa,1,0,,,,,,,,,
1147724,2018,2018-07-08,VRA Ground,1,19.7,United Arab Emirates,Papua New Guinea,S Venkataraman,J Cleetus,R Oa,0,0,,,,,,run out,S Venkataraman,,
1147724,2018,2018-07-08,VRA Ground,2,0.1,Papua New Guinea,United Arab Emirates,S Jimmy,K John,Roopa Nagraj,0,0,,,,,,,,,
1147724,2018,2018-07-08,VRA Ground,2,0.2,Papua New Guinea,United Arab Emirates,S Jimmy,K John,Roopa Nagraj,0,0,,,,,,,,,
1147724,2018,2018-07-08,VRA Ground,2,0.3,Papua New Guinea,United Arab Emirates,S Jimmy,K John,Roopa Nagraj,0,0,,,,,,,,,
1147724,2018,2018-07-08,VRA Ground,2,0.4,Papua New Guinea,United Arab Emirates,S Jimmy,K John,Roopa Nagraj,0,0,,,,,,,,,
1147724,2018,2018-07-08,VRA Ground,2,0.5,Papua New Guinea,United Arab Emirates,S Jimmy,K John,Roopa Nagraj,3,0,,,,,,,,,
1147724,2018,2018-07-08,VRA Ground,2,0.6,Papua New Guinea,United Arab Emirates,K John,S Jimmy,Roopa Nagraj,0,0,,,,,,,,,
1147724,2018,2018-07-08,VRA Ground,2,1.1,Papua New Guinea,United Arab Emirates,S Jimmy,K John,S Venkataraman,0,0,,,,,,,,,
1147724,2018,2018-07-08,VRA Ground,2,1.2,Papua New Guinea,United Arab Emirates,S Jimmy,K John,S Venkataraman,3,0,,,,,,,,,
1147724,2018,2018-07-08,VRA Ground,2,1.3,Papua New Guinea,United Arab Emirates,K John,S Jimmy,S Venkataraman,0,0,,,,,,,,,
1147724,2018,2018-07-08,VRA Ground,2,1.4,Papua New Guinea,United Arab Emirates,K John,S Jimmy,S Venkataraman,2,0,,,,,,,,,
1147724,2018,2018-07-08,VRA Ground,2,1.5,Papua New Guinea,United Arab Emirates,K John,S Jimmy,S Venkataraman,0,0,,,,,,,,,
1147724,2018,2018-07-08,VRA Ground,2,1.6,Papua New Guinea,United Arab Emirates,K John,S Jimmy,S Venkataraman,0,0,,,,,,,,,
1147724,2018,2018-07-08,VRA Ground,2,2.1,Papua New Guinea,United Arab Emirates,S Jimmy,K John,Roopa Nagraj,1,0,,,,,,,,,
1147724,2018,2018-07-08,VRA Ground,2,2.2,Papua New Guinea,United Arab Emirates,K John,S Jimmy,Roopa Nagraj,0,1,1,,,,,,,,
1147724,2018,2018-07-08,VRA Ground,2,2.3,Papua New Guinea,United Arab Emirates,K John,S Jimmy,Roopa Nagraj,0,1,1,,,,,,,,
1147724,2018,2018-07-08,VRA Ground,2,2.4,Papua New Guinea,United Arab Emirates,K John,S Jimmy,Roopa Nagraj,0,0,,,,,,,,,
1147724,2018,2018-07-08,VRA Ground,2,2.5,Papua New Guinea,United Arab Emirates,K John,S Jimmy,Roopa Nagraj,0,0,,,,,,,,,
1147724,2018,2018-07-08,VRA Ground,2,2.6,Papua New Guinea,United Arab Emirates,K John,S Jimmy,Roopa Nagraj,1,0,,,,,,,,,
1147724,2018,2018-07-08,VRA Ground,2,2.7,Papua New Guinea,United Arab Emirates,S Jimmy,K John,Roopa Nagraj,0,0,,,,,,caught,S Jimmy,,
1147724,2018,2018-07-08,VRA Ground,2,2.8,Papua New Guinea,United Arab Emirates,B Tau,K John,Roopa Nagraj,0,0,,,,,,,,,
1147724,2018,2018-07-08,VRA Ground,2,3.1,Papua New Guinea,United Arab Emirates,K John,B Tau,S Venkataraman,1,0,,,,,,,,,
1147724,2018,2018-07-08,VRA Ground,2,3.2,Papua New Guinea,United Arab Emirates,B Tau,K John,S Venkataraman,2,0,,,,,,,,,
1147724,2018,2018-07-08,VRA Ground,2,3.3,Papua New Guinea,United Arab Emirates,B Tau,K John,S Venkataraman,0,0,,,,,,,,,
1147724,2018,2018-07-08,VRA Ground,2,3.4,Papua New Guinea,United Arab Emirates,B Tau,K John,S Venkataraman,0,0,,,,,,,,,
1147724,2018,2018-07-08,VRA Ground,2,3.5,Papua New Guinea,United Arab Emirates,B Tau,K John,S Venkataraman,0,0,,,,,,,,,
1147724,2018,2018-07-08,VRA Ground,2,3.6,Papua New Guinea,United Arab Emirates,B Tau,K John,S Venkataraman,1,0,,,,,,,,,
1147724,2018,2018-07-08,VRA Ground,2,4.1,Papua New Guinea,United Arab Emirates,B Tau,K John,Roopa Nagraj,3,0,,,,,,,,,
1147724,2018,2018-07-08,VRA Ground,2,4.2,Papua New Guinea,United Arab Emirates,K John,B Tau,Roopa Nagraj,0,0,,,,,,,,,
1147724,2018,2018-07-08,VRA Ground,2,4.3,Papua New Guinea,United Arab Emirates,K John,B Tau,Roopa Nagraj,3,0,,,,,,,,,
1147724,2018,2018-07-08,VRA Ground,2,4.4,Papua New Guinea,United Arab Emirates,B Tau,K John,Roopa Nagraj,1,0,,,,,,,,,
1147724,2018,2018-07-08,VRA Ground,2,4.5,Papua New Guinea,United Arab Emirates,K John,B Tau,Roopa Nagraj,1,0,,,,,,,,,
1147724,2018,2018-07-08,VRA Ground,2,4.6,Papua New Guinea,United Arab Emirates,B Tau,K John,Roopa Nagraj,0,1,1,,,,,,,,
1147724,2018,2018-07-08,VRA Ground,2,4.7,Papua New Guinea,United Arab Emirates,B Tau,K John,Roopa Nagraj,0,0,,,,,,,,,
1147724,2018,2018-07-08,VRA Ground,2,5.1,Papua New Guinea,United Arab Emirates,K John,B Tau,CR Seneviratna,0,0,,,,,,,,,
1147724,2018,2018-07-08,VRA Ground,2,5.2,Papua New Guinea,United Arab Emirates,K John,B Tau,CR Seneviratna,0,0,,,,,,,,,
1147724,2018,2018-07-08,VRA Ground,2,5.3,Papua New Guinea,United Arab Emirates,K John,B Tau,CR Seneviratna,0,0,,,,,,,,,
1147724,2018,2018-07-08,VRA Ground,2,5.4,Papua New Guinea,United Arab Emirates,K John,B Tau,CR Seneviratna,0,0,,,,,,,,,
1147724,2018,2018-07-08,VRA Ground,2,5.5,Papua New Guinea,United Arab Emirates,K John,B Tau,CR Seneviratna,0,0,,,,,,,,,
1147724,2018,2018-07-08,VRA Ground,2,5.6,Papua New Guinea,United Arab Emirates,K John,B Tau,CR Seneviratna,0,0,,,,,,,,,
1147724,2018,2018-07-08,VRA Ground,2,6.1,Papua New Guinea,United Arab Emirates,B Tau,K John,Nisha Ali,0,0,,,,,,,,,
1147724,2018,2018-07-08,VRA Ground,2,6.2,Papua New Guinea,United Arab Emirates,B Tau,K John,Nisha Ali,0,0,,,,,,,,,
1147724,2018,2018-07-08,VRA Ground,2,6.3,Papua New Guinea,United Arab Emirates,B Tau,K John,Nisha Ali,0,0,,,,,,,,,
1147724,2018,2018-07-08,VRA Ground,2,6.4,Papua New Guinea,United Arab Emirates,B Tau,K John,Nisha Ali,1,0,,,,,,,,,
1147724,2018,2018-07-08,VRA Ground,2,6.5,Papua New Guinea,United Arab Emirates,K John,B Tau,Nisha Ali,0,0,,,,,,,,,
1147724,2018,2018-07-08,VRA Ground,2,6.6,Papua New Guinea,United Arab Emirates,K John,B Tau,Nisha Ali,4,0,,,,,,,,,
1147724,2018,2018-07-08,VRA Ground,2,7.1,Papua New Guinea,United Arab Emirates,B Tau,K John,CR Seneviratna,0,0,,,,,,,,,
1147724,2018,2018-07-08,VRA Ground,2,7.2,Papua New Guinea,United Arab Emirates,B Tau,K John,CR Seneviratna,2,0,,,,,,,,,
1147724,2018,2018-07-08,VRA Ground,2,7.3,Papua New Guinea,United Arab Emirates,B Tau,K John,CR Seneviratna,1,0,,,,,,,,,
1147724,2018,2018-07-08,VRA Ground,2,7.4,Papua New Guinea,United Arab Emirates,K John,B Tau,CR Seneviratna,0,0,,,,,,,,,
1147724,2018,2018-07-08,VRA Ground,2,7.5,Papua New Guinea,United Arab Emirates,K John,B Tau,CR Seneviratna,0,0,,,,,,caught,K John,,
1147724,2018,2018-07-08,VRA Ground,2,7.6,Papua New Guinea,United Arab Emirates,B Tau,P Siaka,CR Seneviratna,0,0,,,,,,,,,
1147724,2018,2018-07-08,VRA Ground,2,8.1,Papua New Guinea,United Arab Emirates,P Siaka,B Tau,Nisha Ali,0,0,,,,,,,,,
1147724,2018,2018-07-08,VRA Ground,2,8.2,Papua New Guinea,United Arab Emirates,P Siaka,B Tau,Nisha Ali,2,0,,,,,,,,,
1147724,2018,2018-07-08,VRA Ground,2,8.3,Papua New Guinea,United Arab Emirates,P Siaka,B Tau,Nisha Ali,0,0,,,,,,,,,
1147724,2018,2018-07-08,VRA Ground,2,8.4,Papua New Guinea,United Arab Emirates,P Siaka,B Tau,Nisha Ali,1,0,,,,,,,,,
1147724,2018,2018-07-08,VRA Ground,2,8.5,Papua New Guinea,United Arab Emirates,B Tau,P Siaka,Nisha Ali,0,0,,,,,,,,,
1147724,2018,2018-07-08,VRA Ground,2,8.6,Papua New Guinea,United Arab Emirates,B Tau,P Siaka,Nisha Ali,4,0,,,,,,,,,
1147724,2018,2018-07-08,VRA Ground,2,9.1,Papua New Guinea,United Arab Emirates,P Siaka,B Tau,H Hotchandani,0,0,,,,,,,,,
1147724,2018,2018-07-08,VRA Ground,2,9.2,Papua New Guinea,United Arab Emirates,P Siaka,B Tau,H Hotchandani,0,1,1,,,,,,,,
1147724,2018,2018-07-08,VRA Ground,2,9.3,Papua New Guinea,United Arab Emirates,P Siaka,B Tau,H Hotchandani,1,0,,,,,,,,,
1147724,2018,2018-07-08,VRA Ground,2,9.4,Papua New Guinea,United Arab Emirates,B Tau,P Siaka,H Hotchandani,2,0,,,,,,,,,
1147724,2018,2018-07-08,VRA Ground,2,9.5,Papua New Guinea,United Arab Emirates,B Tau,P Siaka,H Hotchandani,0,0,,,,,,,,,
1147724,2018,2018-07-08,VRA Ground,2,9.6,Papua New Guinea,United Arab Emirates,B Tau,P Siaka,H Hotchandani,1,0,,,,,,,,,
1147724,2018,2018-07-08,VRA Ground,2,9.7,Papua New Guinea,United Arab Emirates,P Siaka,B Tau,H Hotchandani,1,0,,,,,,,,,
1147724,2018,2018-07-08,VRA Ground,2,10.1,Papua New Guinea,United Arab Emirates,P Siaka,B Tau,KKN Egodage,0,0,,,,,,,,,
1147724,2018,2018-07-08,VRA Ground,2,10.2,Papua New Guinea,United Arab Emirates,P Siaka,B Tau,KKN Egodage,1,0,,,,,,,,,
1147724,2018,2018-07-08,VRA Ground,2,10.3,Papua New Guinea,United Arab Emirates,B Tau,P Siaka,KKN Egodage,0,0,,,,,,,,,
1147724,2018,2018-07-08,VRA Ground,2,10.4,Papua New Guinea,United Arab Emirates,B Tau,P Siaka,KKN Egodage,1,0,,,,,,,,,
1147724,2018,2018-07-08,VRA Ground,2,10.5,Papua New Guinea,United Arab Emirates,P Siaka,B Tau,KKN Egodage,0,0,,,,,,,,,
1147724,2018,2018-07-08,VRA Ground,2,10.6,Papua New Guinea,United Arab Emirates,P Siaka,B Tau,KKN Egodage,1,0,,,,,,,,,
1147724,2018,2018-07-08,VRA Ground,2,11.1,Papua New Guinea,United Arab Emirates,P Siaka,B Tau,S Venkataraman,1,0,,,,,,,,,
1147724,2018,2018-07-08,VRA Ground,2,11.2,Papua New Guinea,United Arab Emirates,B Tau,P Siaka,S Venkataraman,0,0,,,,,,caught,B Tau,,
1147724,2018,2018-07-08,VRA Ground,2,11.3,Papua New Guinea,United Arab Emirates,T Ruma,P Siaka,S Venkataraman,0,0,,,,,,,,,
1147724,2018,2018-07-08,VRA Ground,2,11.4,Papua New Guinea,United Arab Emirates,T Ruma,P Siaka,S Venkataraman,1,0,,,,,,,,,
1147724,2018,2018-07-08,VRA Ground,2,11.5,Papua New Guinea,United Arab Emirates,P Siaka,T Ruma,S Venkataraman,0,0,,,,,,,,,
1147724,2018,2018-07-08,VRA Ground,2,11.6,Papua New Guinea,United Arab Emirates,P Siaka,T Ruma,S Venkataraman,1,0,,,,,,,,,
1147724,2018,2018-07-08,VRA Ground,2,12.1,Papua New Guinea,United Arab Emirates,P Siaka,T Ruma,KKN Egodage,1,0,,,,,,,,,
1147724,2018,2018-07-08,VRA Ground,2,12.2,Papua New Guinea,United Arab Emirates,T Ruma,P Siaka,KKN Egodage,1,0,,,,,,,,,
1147724,2018,2018-07-08,VRA Ground,2,12.3,Papua New Guinea,United Arab Emirates,P Siaka,T Ruma,KKN Egodage,1,0,,,,,,,,,
1147724,2018,2018-07-08,VRA Ground,2,12.4,Papua New Guinea,United Arab Emirates,T Ruma,P Siaka,KKN Egodage,0,0,,,,,,,,,
1147724,2018,2018-07-08,VRA Ground,2,12.5,Papua New Guinea,United Arab Emirates,T Ruma,P Siaka,KKN Egodage,1,0,,,,,,,,,
1147724,2018,2018-07-08,VRA Ground,2,12.6,Papua New Guinea,United Arab Emirates,P Siaka,T Ruma,KKN Egodage,0,0,,,,,,caught,P Siaka,,
1147724,2018,2018-07-08,VRA Ground,2,13.1,Papua New Guinea,United Arab Emirates,T Ruma,K Arua,CR Seneviratna,0,0,,,,,,,,,
1147724,2018,2018-07-08,VRA Ground,2,13.2,Papua New Guinea,United Arab Emirates,T Ruma,K Arua,CR Seneviratna,0,0,,,,,,,,,
1147724,2018,2018-07-08,VRA Ground,2,13.3,Papua New Guinea,United Arab Emirates,T Ruma,K Arua,CR Seneviratna,0,0,,,,,,,,,
1147724,2018,2018-07-08,VRA Ground,2,13.4,Papua New Guinea,United Arab Emirates,T Ruma,K Arua,CR Seneviratna,1,0,,,,,,,,,
1147724,2018,2018-07-08,VRA Ground,2,13.5,Papua New Guinea,United Arab Emirates,K Arua,T Ruma,CR Seneviratna,0,0,,,,,,,,,
1147724,2018,2018-07-08,VRA Ground,2,13.6,Papua New Guinea,United Arab Emirates,K Arua,T Ruma,CR Seneviratna,1,0,,,,,,,,,
1147724,2018,2018-07-08,VRA Ground,2,14.1,Papua New Guinea,United Arab Emirates,K Arua,T Ruma,KKN Egodage,1,0,,,,,,,,,
1147724,2018,2018-07-08,VRA Ground,2,14.2,Papua New Guinea,United Arab Emirates,T Ruma,K Arua,KKN Egodage,1,0,,,,,,,,,
1147724,2018,2018-07-08,VRA Ground,2,14.3,Papua New Guinea,United Arab Emirates,K Arua,T Ruma,KKN Egodage,0,1,1,,,,,,,,
1147724,2018,2018-07-08,VRA Ground,2,14.4,Papua New Guinea,United Arab Emirates,K Arua,T Ruma,KKN Egodage,0,0,,,,,,,,,
1147724,2018,2018-07-08,VRA Ground,2,14.5,Papua New Guinea,United Arab Emirates,K Arua,T Ruma,KKN Egodage,1,0,,,,,,,,,
1147724,2018,2018-07-08,VRA Ground,2,14.6,Papua New Guinea,United Arab Emirates,T Ruma,K Arua,KKN Egodage,0,0,,,,,,,,,
1147724,2018,2018-07-08,VRA Ground,2,14.7,Papua New Guinea,United Arab Emirates,T Ruma,K Arua,KKN Egodage,4,0,,,,,,,,,
1147724,2018,2018-07-08,VRA Ground,2,15.1,Papua New Guinea,United Arab Emirates,K Arua,T Ruma,H Hotchandani,3,0,,,,,,,,,
1147724,2018,2018-07-08,VRA Ground,2,15.2,Papua New Guinea,United Arab Emirates,T Ruma,K Arua,H Hotchandani,1,0,,,,,,,,,
1147724,2018,2018-07-08,VRA Ground,2,15.3,Papua New Guinea,United Arab Emirates,K Arua,T Ruma,H Hotchandani,1,0,,,,,,,,,
1147724,2018,2018-07-08,VRA Ground,2,15.4,Papua New Guinea,United Arab Emirates,T Ruma,K Arua,H Hotchandani,1,0,,,,,,,,,
1147724,2018,2018-07-08,VRA Ground,2,15.5,Papua New Guinea,United Arab Emirates,K Arua,T Ruma,H Hotchandani,0,0,,,,,,,,,
1147724,2018,2018-07-08,VRA Ground,2,15.6,Papua New Guinea,United Arab Emirates,K Arua,T Ruma,H Hotchandani,1,0,,,,,,,,,
1147724,2018,2018-07-08,VRA Ground,2,16.1,Papua New Guinea,United Arab Emirates,K Arua,T Ruma,S Venkataraman,0,0,,,,,,,,,
1147724,2018,2018-07-08,VRA Ground,2,16.2,Papua New Guinea,United Arab Emirates,K Arua,T Ruma,S Venkataraman,0,0,,,,,,caught,K Arua,,
1147724,2018,2018-07-08,VRA Ground,2,16.3,Papua New Guinea,United Arab Emirates,T Ruma,V Frank,S Venkataraman,1,0,,,,,,,,,
1147724,2018,2018-07-08,VRA Ground,2,16.4,Papua New Guinea,United Arab Emirates,T Ruma,V Frank,S Venkataraman,0,0,,,,,,caught,T Ruma,,
1147724,2018,2018-07-08,VRA Ground,2,16.5,Papua New Guinea,United Arab Emirates,N Vare,V Frank,S Venkataraman,0,0,,,,,,,,,
1147724,2018,2018-07-08,VRA Ground,2,16.6,Papua New Guinea,United Arab Emirates,N Vare,V Frank,S Venkataraman,0,0,,,,,,,,,
1147724,2018,2018-07-08,VRA Ground,2,17.1,Papua New Guinea,United Arab Emirates,V Frank,N Vare,Nisha Ali,1,0,,,,,,,,,
1147724,2018,2018-07-08,VRA Ground,2,17.2,Papua New Guinea,United Arab Emirates,N Vare,V Frank,Nisha Ali,0,0,,,,,,,,,
1147724,2018,2018-07-08,VRA Ground,2,17.3,Papua New Guinea,United Arab Emirates,N Vare,V Frank,Nisha Ali,0,0,,,,,,,,,
1147724,2018,2018-07-08,VRA Ground,2,17.4,Papua New Guinea,United Arab Emirates,N Vare,V Frank,Nisha Ali,0,0,,,,,,,,,
1147724,2018,2018-07-08,VRA Ground,2,17.5,Papua New Guinea,United Arab Emirates,N Vare,V Frank,Nisha Ali,1,0,,,,,,,,,
1147724,2018,2018-07-08,VRA Ground,2,17.6,Papua New Guinea,United Arab Emirates,V Frank,N Vare,Nisha Ali,0,0,,,,,,run out,V Frank,,
1147724,2018,2018-07-08,VRA Ground,2,18.1,Papua New Guinea,United Arab Emirates,R Oa,N Vare,CR Seneviratna,0,0,,,,,,,,,
1147724,2018,2018-07-08,VRA Ground,2,18.2,Papua New Guinea,United Arab Emirates,R Oa,N Vare,CR Seneviratna,0,0,,,,,,,,,
1147724,2018,2018-07-08,VRA Ground,2,18.3,Papua New Guinea,United Arab Emirates,R Oa,N Vare,CR Seneviratna,0,0,,,,,,,,,
1147724,2018,2018-07-08,VRA Ground,2,18.4,Papua New Guinea,United Arab Emirates,R Oa,N Vare,CR Seneviratna,2,0,,,,,,,,,
1147724,2018,2018-07-08,VRA Ground,2,18.5,Papua New Guinea,United Arab Emirates,R Oa,N Vare,CR Seneviratna,0,0,,,,,,,,,
1147724,2018,2018-07-08,VRA Ground,2,18.6,Papua New Guinea,United Arab Emirates,R Oa,N Vare,CR Seneviratna,0,0,,,,,,,,,
1147724,2018,2018-07-08,VRA Ground,2,19.1,Papua New Guinea,United Arab Emirates,N Vare,R Oa,Nisha Ali,2,0,,,,,,,,,
1147724,2018,2018-07-08,VRA Ground,2,19.2,Papua New Guinea,United Arab Emirates,N Vare,R Oa,Nisha Ali,1,0,,,,,,,,,
1147724,2018,2018-07-08,VRA Ground,2,19.3,Papua New Guinea,United Arab Emirates,R Oa,N Vare,Nisha Ali,2,0,,,,,,,,,
1147724,2018,2018-07-08,VRA Ground,2,19.4,Papua New Guinea,United Arab Emirates,R Oa,N Vare,Nisha Ali,0,0,,,,,,run out,R Oa,,
1147724,2018,2018-07-08,VRA Ground,2,19.5,Papua New Guinea,United Arab Emirates,N Vare,V Araa,Nisha Ali,1,0,,,,,,,,,
