match_id,season,start_date,venue,innings,ball,batting_team,bowling_team,striker,non_striker,bowler,runs_off_bat,extras,wides,noballs,byes,legbyes,penalty,wicket_type,player_dismissed,other_wicket_type,other_player_dismissed
1147719,2018,2018-07-07,Sportpark Maarschalkerweerd,1,0.1,Netherlands,United Arab Emirates,SL Kalis,HDJ Siegers,Roopa Nagraj,0,0,,,,,,,,,
1147719,2018,2018-07-07,Sportpark Maarschalkerweerd,1,0.2,Netherlands,United Arab Emirates,SL Kalis,HDJ Siegers,Roopa Nagraj,1,0,,,,,,,,,
1147719,2018,2018-07-07,Sportpark Maarschalkerweerd,1,0.3,Netherlands,United Arab Emirates,HDJ Siegers,SL Kalis,Roopa Nagraj,0,0,,,,,,,,,
1147719,2018,2018-07-07,Sportpark Maarschalkerweerd,1,0.4,Netherlands,United Arab Emirates,HDJ Siegers,SL Kalis,Roopa Nagraj,4,0,,,,,,,,,
1147719,2018,2018-07-07,Sportpark Maarschalkerweerd,1,0.5,Netherlands,United Arab Emirates,HDJ Siegers,SL Kalis,Roopa Nagraj,0,0,,,,,,,,,
1147719,2018,2018-07-07,Sportpark Maarschalkerweerd,1,0.6,Netherlands,United Arab Emirates,HDJ Siegers,SL Kalis,Roopa Nagraj,0,0,,,,,,,,,
1147719,2018,2018-07-07,Sportpark Maarschalkerweerd,1,1.1,Netherlands,United Arab Emirates,SL Kalis,HDJ Siegers,CR Seneviratna,2,0,,,,,,,,,
1147719,2018,2018-07-07,Sportpark Maarschalkerweerd,1,1.2,Netherlands,United Arab Emirates,SL Kalis,HDJ Siegers,CR Seneviratna,0,0,,,,,,,,,
1147719,2018,2018-07-07,Sportpark Maarschalkerweerd,1,1.3,Netherlands,United Arab Emirates,SL Kalis,HDJ Siegers,CR Seneviratna,0,0,,,,,,,,,
1147719,2018,2018-07-07,Sportpark Maarschalkerweerd,1,1.4,Netherlands,United Arab Emirates,SL Kalis,HDJ Siegers,CR Seneviratna,0,0,,,,,,,,,
1147719,2018,2018-07-07,Sportpark Maarschalkerweerd,1,1.5,Netherlands,United Arab Emirates,SL Kalis,HDJ Siegers,CR Seneviratna,0,0,,,,,,,,,
1147719,2018,2018-07-07,Sportpark Maarschalkerweerd,1,1.6,Netherlands,United Arab Emirates,SL Kalis,HDJ Siegers,CR Seneviratna,4,0,,,,,,,,,
1147719,2018,2018-07-07,Sportpark Maarschalkerweerd,1,2.1,Netherlands,United Arab Emirates,HDJ Siegers,SL Kalis,Roopa Nagraj,0,0,,,,,,,,,
1147719,2018,2018-07-07,Sportpark Maarschalkerweerd,1,2.2,Netherlands,United Arab Emirates,HDJ Siegers,SL Kalis,Roopa Nagraj,4,0,,,,,,,,,
1147719,2018,2018-07-07,Sportpark Maarschalkerweerd,1,2.3,Netherlands,United Arab Emirates,HDJ Siegers,SL Kalis,Roopa Nagraj,1,0,,,,,,,,,
1147719,2018,2018-07-07,Sportpark Maarschalkerweerd,1,2.4,Netherlands,United Arab Emirates,SL Kalis,HDJ Siegers,Roopa Nagraj,0,0,,,,,,,,,
1147719,2018,2018-07-07,Sportpark Maarschalkerweerd,1,2.5,Netherlands,United Arab Emirates,SL Kalis,HDJ Siegers,Roopa Nagraj,0,0,,,,,,,,,
1147719,2018,2018-07-07,Sportpark Maarschalkerweerd,1,2.6,Netherlands,United Arab Emirates,SL Kalis,HDJ Siegers,Roopa Nagraj,0,0,,,,,,,,,
1147719,2018,2018-07-07,Sportpark Maarschalkerweerd,1,3.1,Netherlands,United Arab Emirates,HDJ Siegers,SL Kalis,S Venkataraman,0,0,,,,,,,,,
1147719,2018,2018-07-07,Sportpark Maarschalkerweerd,1,3.2,Netherlands,United Arab Emirates,HDJ Siegers,SL Kalis,S Venkataraman,2,0,,,,,,,,,
1147719,2018,2018-07-07,Sportpark Maarschalkerweerd,1,3.3,Netherlands,United Arab Emirates,HDJ Siegers,SL Kalis,S Venkataraman,0,0,,,,,,caught,HDJ Siegers,,
1147719,2018,2018-07-07,Sportpark Maarschalkerweerd,1,3.4,Netherlands,United Arab Emirates,D Hannema,SL Kalis,S Venkataraman,0,0,,,,,,,,,
1147719,2018,2018-07-07,Sportpark Maarschalkerweerd,1,3.5,Netherlands,United Arab Emirates,D Hannema,SL Kalis,S Venkataraman,2,0,,,,,,,,,
1147719,2018,2018-07-07,Sportpark Maarschalkerweerd,1,3.6,Netherlands,United Arab Emirates,D Hannema,SL Kalis,S Venkataraman,0,0,,,,,,,,,
1147719,2018,2018-07-07,Sportpark Maarschalkerweerd,1,4.1,Netherlands,United Arab Emirates,SL Kalis,D Hannema,Chaya Mughal,4,0,,,,,,,,,
1147719,2018,2018-07-07,Sportpark Maarschalkerweerd,1,4.2,Netherlands,United Arab Emirates,SL Kalis,D Hannema,Chaya Mughal,0,0,,,,,,,,,
1147719,2018,2018-07-07,Sportpark Maarschalkerweerd,1,4.3,Netherlands,United Arab Emirates,SL Kalis,D Hannema,Chaya Mughal,1,0,,,,,,,,,
1147719,2018,2018-07-07,Sportpark Maarschalkerweerd,1,4.4,Netherlands,United Arab Emirates,D Hannema,SL Kalis,Chaya Mughal,0,1,1,,,,,,,,
1147719,2018,2018-07-07,Sportpark Maarschalkerweerd,1,4.5,Netherlands,United Arab Emirates,D Hannema,SL Kalis,Chaya Mughal,1,0,,,,,,,,,
1147719,2018,2018-07-07,Sportpark Maarschalkerweerd,1,4.6,Netherlands,United Arab Emirates,SL Kalis,D Hannema,Chaya Mughal,1,0,,,,,,,,,
1147719,2018,2018-07-07,Sportpark Maarschalkerweerd,1,4.7,Netherlands,United Arab Emirates,D Hannema,SL Kalis,Chaya Mughal,1,0,,,,,,,,,
1147719,2018,2018-07-07,Sportpark Maarschalkerweerd,1,5.1,Netherlands,United Arab Emirates,D Hannema,SL Kalis,S Venkataraman,1,0,,,,,,,,,
1147719,2018,2018-07-07,Sportpark Maarschalkerweerd,1,5.2,Netherlands,United Arab Emirates,SL Kalis,D Hannema,S Venkataraman,0,0,,,,,,,,,
1147719,2018,2018-07-07,Sportpark Maarschalkerweerd,1,5.3,Netherlands,United Arab Emirates,SL Kalis,D Hannema,S Venkataraman,4,0,,,,,,,,,
1147719,2018,2018-07-07,Sportpark Maarschalkerweerd,1,5.4,Netherlands,United Arab Emirates,SL Kalis,D Hannema,S Venkataraman,3,0,,,,,,,,,
1147719,2018,2018-07-07,Sportpark Maarschalkerweerd,1,5.5,Netherlands,United Arab Emirates,D Hannema,SL Kalis,S Venkataraman,0,0,,,,,,,,,
1147719,2018,2018-07-07,Sportpark Maarschalkerweerd,1,5.6,Netherlands,United Arab Emirates,D Hannema,SL Kalis,S Venkataraman,1,0,,,,,,,,,
1147719,2018,2018-07-07,Sportpark Maarschalkerweerd,1,6.1,Netherlands,United Arab Emirates,D Hannema,SL Kalis,Nisha Ali,1,0,,,,,,,,,
1147719,2018,2018-07-07,Sportpark Maarschalkerweerd,1,6.2,Netherlands,United Arab Emirates,SL Kalis,D Hannema,Nisha Ali,0,0,,,,,,,,,
1147719,2018,2018-07-07,Sportpark Maarschalkerweerd,1,6.3,Netherlands,United Arab Emirates,SL Kalis,D Hannema,Nisha Ali,0,0,,,,,,,,,
1147719,2018,2018-07-07,Sportpark Maarschalkerweerd,1,6.4,Netherlands,United Arab Emirates,SL Kalis,D Hannema,Nisha Ali,0,0,,,,,,,,,
1147719,2018,2018-07-07,Sportpark Maarschalkerweerd,1,6.5,Netherlands,United Arab Emirates,SL Kalis,D Hannema,Nisha Ali,1,0,,,,,,,,,
1147719,2018,2018-07-07,Sportpark Maarschalkerweerd,1,6.6,Netherlands,United Arab Emirates,D Hannema,SL Kalis,Nisha Ali,1,0,,,,,,,,,
1147719,2018,2018-07-07,Sportpark Maarschalkerweerd,1,7.1,Netherlands,United Arab Emirates,D Hannema,SL Kalis,KKN Egodage,1,1,,1,,,,,,,
1147719,2018,2018-07-07,Sportpark Maarschalkerweerd,1,7.2,Netherlands,United Arab Emirates,SL Kalis,D Hannema,KKN Egodage,0,0,,,,,,,,,
1147719,2018,2018-07-07,Sportpark Maarschalkerweerd,1,7.3,Netherlands,United Arab Emirates,SL Kalis,D Hannema,KKN Egodage,1,0,,,,,,,,,
1147719,2018,2018-07-07,Sportpark Maarschalkerweerd,1,7.4,Netherlands,United Arab Emirates,D Hannema,SL Kalis,KKN Egodage,1,0,,,,,,,,,
1147719,2018,2018-07-07,Sportpark Maarschalkerweerd,1,7.5,Netherlands,United Arab Emirates,SL Kalis,D Hannema,KKN Egodage,4,0,,,,,,,,,
1147719,2018,2018-07-07,Sportpark Maarschalkerweerd,1,7.6,Netherlands,United Arab Emirates,SL Kalis,D Hannema,KKN Egodage,0,0,,,,,,,,,
1147719,2018,2018-07-07,Sportpark Maarschalkerweerd,1,7.7,Netherlands,United Arab Emirates,SL Kalis,D Hannema,KKN Egodage,4,0,,,,,,,,,
1147719,2018,2018-07-07,Sportpark Maarschalkerweerd,1,8.1,Netherlands,United Arab Emirates,D Hannema,SL Kalis,Nisha Ali,0,0,,,,,,,,,
1147719,2018,2018-07-07,Sportpark Maarschalkerweerd,1,8.2,Netherlands,United Arab Emirates,D Hannema,SL Kalis,Nisha Ali,1,0,,,,,,,,,
1147719,2018,2018-07-07,Sportpark Maarschalkerweerd,1,8.3,Netherlands,United Arab Emirates,SL Kalis,D Hannema,Nisha Ali,0,0,,,,,,,,,
1147719,2018,2018-07-07,Sportpark Maarschalkerweerd,1,8.4,Netherlands,United Arab Emirates,SL Kalis,D Hannema,Nisha Ali,4,0,,,,,,,,,
1147719,2018,2018-07-07,Sportpark Maarschalkerweerd,1,8.5,Netherlands,United Arab Emirates,SL Kalis,D Hannema,Nisha Ali,0,0,,,,,,,,,
1147719,2018,2018-07-07,Sportpark Maarschalkerweerd,1,8.6,Netherlands,United Arab Emirates,SL Kalis,D Hannema,Nisha Ali,0,0,,,,,,,,,
1147719,2018,2018-07-07,Sportpark Maarschalkerweerd,1,9.1,Netherlands,United Arab Emirates,D Hannema,SL Kalis,CR Seneviratna,1,0,,,,,,,,,
1147719,2018,2018-07-07,Sportpark Maarschalkerweerd,1,9.2,Netherlands,United Arab Emirates,SL Kalis,D Hannema,CR Seneviratna,1,0,,,,,,,,,
1147719,2018,2018-07-07,Sportpark Maarschalkerweerd,1,9.3,Netherlands,United Arab Emirates,D Hannema,SL Kalis,CR Seneviratna,2,0,,,,,,,,,
1147719,2018,2018-07-07,Sportpark Maarschalkerweerd,1,9.4,Netherlands,United Arab Emirates,D Hannema,SL Kalis,CR Seneviratna,0,0,,,,,,,,,
1147719,2018,2018-07-07,Sportpark Maarschalkerweerd,1,9.5,Netherlands,United Arab Emirates,D Hannema,SL Kalis,CR Seneviratna,2,0,,,,,,,,,
1147719,2018,2018-07-07,Sportpark Maarschalkerweerd,1,9.6,Netherlands,United Arab Emirates,D Hannema,SL Kalis,CR Seneviratna,0,0,,,,,,,,,
1147719,2018,2018-07-07,Sportpark Maarschalkerweerd,1,10.1,Netherlands,United Arab Emirates,SL Kalis,D Hannema,H Hotchandani,0,0,,,,,,,,,
1147719,2018,2018-07-07,Sportpark Maarschalkerweerd,1,10.2,Netherlands,United Arab Emirates,SL Kalis,D Hannema,H Hotchandani,0,0,,,,,,,,,
1147719,2018,2018-07-07,Sportpark Maarschalkerweerd,1,10.3,Netherlands,United Arab Emirates,SL Kalis,D Hannema,H Hotchandani,2,0,,,,,,,,,
1147719,2018,2018-07-07,Sportpark Maarschalkerweerd,1,10.4,Netherlands,United Arab Emirates,SL Kalis,D Hannema,H Hotchandani,1,0,,,,,,,,,
1147719,2018,2018-07-07,Sportpark Maarschalkerweerd,1,10.5,Netherlands,United Arab Emirates,D Hannema,SL Kalis,H Hotchandani,0,0,,,,,,,,,
1147719,2018,2018-07-07,Sportpark Maarschalkerweerd,1,10.6,Netherlands,United Arab Emirates,D Hannema,SL Kalis,H Hotchandani,1,0,,,,,,,,,
1147719,2018,2018-07-07,Sportpark Maarschalkerweerd,1,11.1,Netherlands,United Arab Emirates,D Hannema,SL Kalis,Nisha Ali,1,0,,,,,,,,,
1147719,2018,2018-07-07,Sportpark Maarschalkerweerd,1,11.2,Netherlands,United Arab Emirates,SL Kalis,D Hannema,Nisha Ali,0,0,,,,,,,,,
1147719,2018,2018-07-07,Sportpark Maarschalkerweerd,1,11.3,Netherlands,United Arab Emirates,SL Kalis,D Hannema,Nisha Ali,1,0,,,,,,,,,
1147719,2018,2018-07-07,Sportpark Maarschalkerweerd,1,11.4,Netherlands,United Arab Emirates,D Hannema,SL Kalis,Nisha Ali,0,0,,,,,,,,,
1147719,2018,2018-07-07,Sportpark Maarschalkerweerd,1,11.5,Netherlands,United Arab Emirates,D Hannema,SL Kalis,Nisha Ali,2,0,,,,,,,,,
1147719,2018,2018-07-07,Sportpark Maarschalkerweerd,1,11.6,Netherlands,United Arab Emirates,D Hannema,SL Kalis,Nisha Ali,0,0,,,,,,,,,
1147719,2018,2018-07-07,Sportpark Maarschalkerweerd,1,12.1,Netherlands,United Arab Emirates,SL Kalis,D Hannema,H Hotchandani,2,0,,,,,,,,,
1147719,2018,2018-07-07,Sportpark Maarschalkerweerd,1,12.2,Netherlands,United Arab Emirates,SL Kalis,D Hannema,H Hotchandani,2,0,,,,,,,,,
1147719,2018,2018-07-07,Sportpark Maarschalkerweerd,1,12.3,Netherlands,United Arab Emirates,SL Kalis,D Hannema,H Hotchandani,2,0,,,,,,,,,
1147719,2018,2018-07-07,Sportpark Maarschalkerweerd,1,12.4,Netherlands,United Arab Emirates,SL Kalis,D Hannema,H Hotchandani,0,0,,,,,,,,,
1147719,2018,2018-07-07,Sportpark Maarschalkerweerd,1,12.5,Netherlands,United Arab Emirates,SL Kalis,D Hannema,H Hotchandani,1,0,,,,,,,,,
1147719,2018,2018-07-07,Sportpark Maarschalkerweerd,1,12.6,Netherlands,United Arab Emirates,D Hannema,SL Kalis,H Hotchandani,2,0,,,,,,,,,
1147719,2018,2018-07-07,Sportpark Maarschalkerweerd,1,13.1,Netherlands,United Arab Emirates,SL Kalis,D Hannema,Humaira Tasneem,0,1,1,,,,,,,,
1147719,2018,2018-07-07,Sportpark Maarschalkerweerd,1,13.2,Netherlands,United Arab Emirates,SL Kalis,D Hannema,Humaira Tasneem,4,0,,,,,,,,,
1147719,2018,2018-07-07,Sportpark Maarschalkerweerd,1,13.3,Netherlands,United Arab Emirates,SL Kalis,D Hannema,Humaira Tasneem,4,0,,,,,,,,,
1147719,2018,2018-07-07,Sportpark Maarschalkerweerd,1,13.4,Netherlands,United Arab Emirates,SL Kalis,D Hannema,Humaira Tasneem,0,0,,,,,,,,,
1147719,2018,2018-07-07,Sportpark Maarschalkerweerd,1,13.5,Netherlands,United Arab Emirates,SL Kalis,D Hannema,Humaira Tasneem,0,0,,,,,,,,,
1147719,2018,2018-07-07,Sportpark Maarschalkerweerd,1,13.6,Netherlands,United Arab Emirates,SL Kalis,D Hannema,Humaira Tasneem,4,0,,,,,,,,,
1147719,2018,2018-07-07,Sportpark Maarschalkerweerd,1,13.7,Netherlands,United Arab Emirates,SL Kalis,D Hannema,Humaira Tasneem,1,0,,,,,,,,,
1147719,2018,2018-07-07,Sportpark Maarschalkerweerd,1,14.1,Netherlands,United Arab Emirates,SL Kalis,D Hannema,H Hotchandani,1,0,,,,,,,,,
1147719,2018,2018-07-07,Sportpark Maarschalkerweerd,1,14.2,Netherlands,United Arab Emirates,D Hannema,SL Kalis,H Hotchandani,0,0,,,,,,,,,
1147719,2018,2018-07-07,Sportpark Maarschalkerweerd,1,14.3,Netherlands,United Arab Emirates,D Hannema,SL Kalis,H Hotchandani,1,0,,,,,,,,,
1147719,2018,2018-07-07,Sportpark Maarschalkerweerd,1,14.4,Netherlands,United Arab Emirates,SL Kalis,D Hannema,H Hotchandani,1,0,,,,,,,,,
1147719,2018,2018-07-07,Sportpark Maarschalkerweerd,1,14.5,Netherlands,United Arab Emirates,D Hannema,SL Kalis,H Hotchandani,0,0,,,,,,stumped,D Hannema,,
1147719,2018,2018-07-07,Sportpark Maarschalkerweerd,1,14.6,Netherlands,United Arab Emirates,R Rijke,SL Kalis,H Hotchandani,0,0,,,,,,,,,
1147719,2018,2018-07-07,Sportpark Maarschalkerweerd,1,15.1,Netherlands,United Arab Emirates,SL Kalis,R Rijke,Nisha Ali,2,0,,,,,,,,,
1147719,2018,2018-07-07,Sportpark Maarschalkerweerd,1,15.2,Netherlands,United Arab Emirates,SL Kalis,R Rijke,Nisha Ali,1,0,,,,,,,,,
1147719,2018,2018-07-07,Sportpark Maarschalkerweerd,1,15.3,Netherlands,United Arab Emirates,R Rijke,SL Kalis,Nisha Ali,0,0,,,,,,,,,
1147719,2018,2018-07-07,Sportpark Maarschalkerweerd,1,15.4,Netherlands,United Arab Emirates,R Rijke,SL Kalis,Nisha Ali,1,0,,,,,,,,,
1147719,2018,2018-07-07,Sportpark Maarschalkerweerd,1,15.5,Netherlands,United Arab Emirates,SL Kalis,R Rijke,Nisha Ali,1,0,,,,,,,,,
1147719,2018,2018-07-07,Sportpark Maarschalkerweerd,1,15.6,Netherlands,United Arab Emirates,R Rijke,SL Kalis,Nisha Ali,0,0,,,,,,,,,
1147719,2018,2018-07-07,Sportpark Maarschalkerweerd,1,16.1,Netherlands,United Arab Emirates,SL Kalis,R Rijke,S Venkataraman,0,0,,,,,,,,,
1147719,2018,2018-07-07,Sportpark Maarschalkerweerd,1,16.2,Netherlands,United Arab Emirates,SL Kalis,R Rijke,S Venkataraman,1,0,,,,,,,,,
1147719,2018,2018-07-07,Sportpark Maarschalkerweerd,1,16.3,Netherlands,United Arab Emirates,R Rijke,SL Kalis,S Venkataraman,0,0,,,,,,,,,
1147719,2018,2018-07-07,Sportpark Maarschalkerweerd,1,16.4,Netherlands,United Arab Emirates,R Rijke,SL Kalis,S Venkataraman,4,0,,,,,,,,,
1147719,2018,2018-07-07,Sportpark Maarschalkerweerd,1,16.5,Netherlands,United Arab Emirates,R Rijke,SL Kalis,S Venkataraman,1,0,,,,,,,,,
1147719,2018,2018-07-07,Sportpark Maarschalkerweerd,1,16.6,Netherlands,United Arab Emirates,SL Kalis,R Rijke,S Venkataraman,1,0,,,,,,,,,
1147719,2018,2018-07-07,Sportpark Maarschalkerweerd,1,17.1,Netherlands,United Arab Emirates,SL Kalis,R Rijke,CR Seneviratna,2,0,,,,,,,,,
1147719,2018,2018-07-07,Sportpark Maarschalkerweerd,1,17.2,Netherlands,United Arab Emirates,SL Kalis,R Rijke,CR Seneviratna,1,0,,,,,,,,,
1147719,2018,2018-07-07,Sportpark Maarschalkerweerd,1,17.3,Netherlands,United Arab Emirates,R Rijke,SL Kalis,CR Seneviratna,1,0,,,,,,,,,
1147719,2018,2018-07-07,Sportpark Maarschalkerweerd,1,17.4,Netherlands,United Arab Emirates,SL Kalis,R Rijke,CR Seneviratna,2,0,,,,,,,,,
1147719,2018,2018-07-07,Sportpark Maarschalkerweerd,1,17.5,Netherlands,United Arab Emirates,SL Kalis,R Rijke,CR Seneviratna,1,0,,,,,,,,,
1147719,2018,2018-07-07,Sportpark Maarschalkerweerd,1,17.6,Netherlands,United Arab Emirates,R Rijke,SL Kalis,CR Seneviratna,0,2,,,2,,,,,,
1147719,2018,2018-07-07,Sportpark Maarschalkerweerd,1,18.1,Netherlands,United Arab Emirates,SL Kalis,R Rijke,H Hotchandani,1,0,,,,,,,,,
1147719,2018,2018-07-07,Sportpark Maarschalkerweerd,1,18.2,Netherlands,United Arab Emirates,R Rijke,SL Kalis,H Hotchandani,0,0,,,,,,,,,
1147719,2018,2018-07-07,Sportpark Maarschalkerweerd,1,18.3,Netherlands,United Arab Emirates,R Rijke,SL Kalis,H Hotchandani,0,0,,,,,,caught,R Rijke,,
1147719,2018,2018-07-07,Sportpark Maarschalkerweerd,1,18.4,Netherlands,United Arab Emirates,CC van Slobbe,SL Kalis,H Hotchandani,0,0,,,,,,,,,
1147719,2018,2018-07-07,Sportpark Maarschalkerweerd,1,18.5,Netherlands,United Arab Emirates,CC van Slobbe,SL Kalis,H Hotchandani,0,1,,,,1,,,,,
1147719,2018,2018-07-07,Sportpark Maarschalkerweerd,1,18.6,Netherlands,United Arab Emirates,SL Kalis,CC van Slobbe,H Hotchandani,1,0,,,,,,,,,
1147719,2018,2018-07-07,Sportpark Maarschalkerweerd,1,19.1,Netherlands,United Arab Emirates,SL Kalis,CC van Slobbe,CR Seneviratna,2,0,,,,,,,,,
1147719,2018,2018-07-07,Sportpark Maarschalkerweerd,1,19.2,Netherlands,United Arab Emirates,SL Kalis,CC van Slobbe,CR Seneviratna,2,0,,,,,,,,,
1147719,2018,2018-07-07,Sportpark Maarschalkerweerd,1,19.3,Netherlands,United Arab Emirates,SL Kalis,CC van Slobbe,CR Seneviratna,4,0,,,,,,,,,
1147719,2018,2018-07-07,Sportpark Maarschalkerweerd,1,19.4,Netherlands,United Arab Emirates,SL Kalis,CC van Slobbe,CR Seneviratna,4,0,,,,,,,,,
1147719,2018,2018-07-07,Sportpark Maarschalkerweerd,1,19.5,Netherlands,United Arab Emirates,SL Kalis,CC van Slobbe,CR Seneviratna,1,0,,,,,,,,,
1147719,2018,2018-07-07,Sportpark Maarschalkerweerd,1,19.6,Netherlands,United Arab Emirates,CC van Slobbe,SL Kalis,CR Seneviratna,2,0,,,,,,,,,
1147719,2018,2018-07-07,Sportpark Maarschalkerweerd,2,0.1,United Arab Emirates,Netherlands,ER Oza,Chaya Mughal,R Rijke,0,0,,,,,,,,,
1147719,2018,2018-07-07,Sportpark Maarschalkerweerd,2,0.2,United Arab Emirates,Netherlands,ER Oza,Chaya Mughal,R Rijke,0,0,,,,,,,,,
1147719,2018,2018-07-07,Sportpark Maarschalkerweerd,2,0.3,United Arab Emirates,Netherlands,ER Oza,Chaya Mughal,R Rijke,1,0,,,,,,,,,
1147719,2018,2018-07-07,Sportpark Maarschalkerweerd,2,0.4,United Arab Emirates,Netherlands,Chaya Mughal,ER Oza,R Rijke,0,0,,,,,,,,,
1147719,2018,2018-07-07,Sportpark Maarschalkerweerd,2,0.5,United Arab Emirates,Netherlands,Chaya Mughal,ER Oza,R Rijke,0,0,,,,,,,,,
1147719,2018,2018-07-07,Sportpark Maarschalkerweerd,2,0.6,United Arab Emirates,Netherlands,Chaya Mughal,ER Oza,R Rijke,0,0,,,,,,,,,
1147719,2018,2018-07-07,Sportpark Maarschalkerweerd,2,1.1,United Arab Emirates,Netherlands,ER Oza,Chaya Mughal,HDJ Siegers,0,0,,,,,,,,,
1147719,2018,2018-07-07,Sportpark Maarschalkerweerd,2,1.2,United Arab Emirates,Netherlands,ER Oza,Chaya Mughal,HDJ Siegers,4,0,,,,,,,,,
1147719,2018,2018-07-07,Sportpark Maarschalkerweerd,2,1.3,United Arab Emirates,Netherlands,ER Oza,Chaya Mughal,HDJ Siegers,0,0,,,,,,,,,
1147719,2018,2018-07-07,Sportpark Maarschalkerweerd,2,1.4,United Arab Emirates,Netherlands,ER Oza,Chaya Mughal,HDJ Siegers,0,0,,,,,,lbw,ER Oza,,
1147719,2018,2018-07-07,Sportpark Maarschalkerweerd,2,1.5,United Arab Emirates,Netherlands,Nisha Ali,Chaya Mughal,HDJ Siegers,0,0,,,,,,,,,
1147719,2018,2018-07-07,Sportpark Maarschalkerweerd,2,1.6,United Arab Emirates,Netherlands,Nisha Ali,Chaya Mughal,HDJ Siegers,0,0,,,,,,,,,
1147719,2018,2018-07-07,Sportpark Maarschalkerweerd,2,2.1,United Arab Emirates,Netherlands,Chaya Mughal,Nisha Ali,R Rijke,1,0,,,,,,,,,
1147719,2018,2018-07-07,Sportpark Maarschalkerweerd,2,2.2,United Arab Emirates,Netherlands,Nisha Ali,Chaya Mughal,R Rijke,0,0,,,,,,,,,
1147719,2018,2018-07-07,Sportpark Maarschalkerweerd,2,2.3,United Arab Emirates,Netherlands,Nisha Ali,Chaya Mughal,R Rijke,0,0,,,,,,,,,
1147719,2018,2018-07-07,Sportpark Maarschalkerweerd,2,2.4,United Arab Emirates,Netherlands,Nisha Ali,Chaya Mughal,R Rijke,0,0,,,,,,,,,
1147719,2018,2018-07-07,Sportpark Maarschalkerweerd,2,2.5,United Arab Emirates,Netherlands,Nisha Ali,Chaya Mughal,R Rijke,2,0,,,,,,,,,
1147719,2018,2018-07-07,Sportpark Maarschalkerweerd,2,2.6,United Arab Emirates,Netherlands,Nisha Ali,Chaya Mughal,R Rijke,1,0,,,,,,,,,
1147719,2018,2018-07-07,Sportpark Maarschalkerweerd,2,3.1,United Arab Emirates,Netherlands,Nisha Ali,Chaya Mughal,HDJ Siegers,0,1,1,,,,,,,,
1147719,2018,2018-07-07,Sportpark Maarschalkerweerd,2,3.2,United Arab Emirates,Netherlands,Nisha Ali,Chaya Mughal,HDJ Siegers,0,0,,,,,,,,,
1147719,2018,2018-07-07,Sportpark Maarschalkerweerd,2,3.3,United Arab Emirates,Netherlands,Nisha Ali,Chaya Mughal,HDJ Siegers,0,0,,,,,,,,,
1147719,2018,2018-07-07,Sportpark Maarschalkerweerd,2,3.4,United Arab Emirates,Netherlands,Nisha Ali,Chaya Mughal,HDJ Siegers,4,0,,,,,,,,,
1147719,2018,2018-07-07,Sportpark Maarschalkerweerd,2,3.5,United Arab Emirates,Netherlands,Nisha Ali,Chaya Mughal,HDJ Siegers,1,0,,,,,,,,,
1147719,2018,2018-07-07,Sportpark Maarschalkerweerd,2,3.6,United Arab Emirates,Netherlands,Chaya Mughal,Nisha Ali,HDJ Siegers,1,0,,,,,,,,,
1147719,2018,2018-07-07,Sportpark Maarschalkerweerd,2,3.7,United Arab Emirates,Netherlands,Nisha Ali,Chaya Mughal,HDJ Siegers,0,0,,,,,,,,,
1147719,2018,2018-07-07,Sportpark Maarschalkerweerd,2,4.1,United Arab Emirates,Netherlands,Chaya Mughal,Nisha Ali,R Rijke,1,0,,,,,,,,,
1147719,2018,2018-07-07,Sportpark Maarschalkerweerd,2,4.2,United Arab Emirates,Netherlands,Nisha Ali,Chaya Mughal,R Rijke,0,0,,,,,,,,,
1147719,2018,2018-07-07,Sportpark Maarschalkerweerd,2,4.3,United Arab Emirates,Netherlands,Nisha Ali,Chaya Mughal,R Rijke,1,0,,,,,,,,,
1147719,2018,2018-07-07,Sportpark Maarschalkerweerd,2,4.4,United Arab Emirates,Netherlands,Chaya Mughal,Nisha Ali,R Rijke,0,0,,,,,,,,,
1147719,2018,2018-07-07,Sportpark Maarschalkerweerd,2,4.5,United Arab Emirates,Netherlands,Chaya Mughal,Nisha Ali,R Rijke,0,0,,,,,,,,,
1147719,2018,2018-07-07,Sportpark Maarschalkerweerd,2,4.6,United Arab Emirates,Netherlands,Chaya Mughal,Nisha Ali,R Rijke,0,0,,,,,,,,,
1147719,2018,2018-07-07,Sportpark Maarschalkerweerd,2,5.1,United Arab Emirates,Netherlands,Nisha Ali,Chaya Mughal,L Klokgieters,1,0,,,,,,,,,
1147719,2018,2018-07-07,Sportpark Maarschalkerweerd,2,5.2,United Arab Emirates,Netherlands,Chaya Mughal,Nisha Ali,L Klokgieters,0,0,,,,,,,,,
1147719,2018,2018-07-07,Sportpark Maarschalkerweerd,2,5.3,United Arab Emirates,Netherlands,Chaya Mughal,Nisha Ali,L Klokgieters,0,0,,,,,,,,,
1147719,2018,2018-07-07,Sportpark Maarschalkerweerd,2,5.4,United Arab Emirates,Netherlands,Chaya Mughal,Nisha Ali,L Klokgieters,4,1,,1,,,,,,,
1147719,2018,2018-07-07,Sportpark Maarschalkerweerd,2,5.5,United Arab Emirates,Netherlands,Chaya Mughal,Nisha Ali,L Klokgieters,1,0,,,,,,,,,
1147719,2018,2018-07-07,Sportpark Maarschalkerweerd,2,5.6,United Arab Emirates,Netherlands,Nisha Ali,Chaya Mughal,L Klokgieters,1,0,,,,,,,,,
1147719,2018,2018-07-07,Sportpark Maarschalkerweerd,2,5.7,United Arab Emirates,Netherlands,Chaya Mughal,Nisha Ali,L Klokgieters,0,0,,,,,,,,,
1147719,2018,2018-07-07,Sportpark Maarschalkerweerd,2,6.1,United Arab Emirates,Netherlands,Nisha Ali,Chaya Mughal,MEC de Fouw,1,0,,,,,,,,,
1147719,2018,2018-07-07,Sportpark Maarschalkerweerd,2,6.2,United Arab Emirates,Netherlands,Chaya Mughal,Nisha Ali,MEC de Fouw,1,0,,,,,,,,,
1147719,2018,2018-07-07,Sportpark Maarschalkerweerd,2,6.3,United Arab Emirates,Netherlands,Nisha Ali,Chaya Mughal,MEC de Fouw,0,0,,,,,,,,,
1147719,2018,2018-07-07,Sportpark Maarschalkerweerd,2,6.4,United Arab Emirates,Netherlands,Nisha Ali,Chaya Mughal,MEC de Fouw,0,0,,,,,,,,,
1147719,2018,2018-07-07,Sportpark Maarschalkerweerd,2,6.5,United Arab Emirates,Netherlands,Nisha Ali,Chaya Mughal,MEC de Fouw,0,0,,,,,,,,,
1147719,2018,2018-07-07,Sportpark Maarschalkerweerd,2,6.6,United Arab Emirates,Netherlands,Nisha Ali,Chaya Mughal,MEC de Fouw,4,0,,,,,,,,,
1147719,2018,2018-07-07,Sportpark Maarschalkerweerd,2,7.1,United Arab Emirates,Netherlands,Chaya Mughal,Nisha Ali,Mariska Kornet,1,0,,,,,,,,,
1147719,2018,2018-07-07,Sportpark Maarschalkerweerd,2,7.2,United Arab Emirates,Netherlands,Nisha Ali,Chaya Mughal,Mariska Kornet,0,0,,,,,,,,,
1147719,2018,2018-07-07,Sportpark Maarschalkerweerd,2,7.3,United Arab Emirates,Netherlands,Nisha Ali,Chaya Mughal,Mariska Kornet,1,0,,,,,,,,,
1147719,2018,2018-07-07,Sportpark Maarschalkerweerd,2,7.4,United Arab Emirates,Netherlands,Chaya Mughal,Nisha Ali,Mariska Kornet,0,0,,,,,,,,,
1147719,2018,2018-07-07,Sportpark Maarschalkerweerd,2,7.5,United Arab Emirates,Netherlands,Chaya Mughal,Nisha Ali,Mariska Kornet,1,0,,,,,,,,,
1147719,2018,2018-07-07,Sportpark Maarschalkerweerd,2,7.6,United Arab Emirates,Netherlands,Nisha Ali,Chaya Mughal,Mariska Kornet,1,0,,,,,,,,,
1147719,2018,2018-07-07,Sportpark Maarschalkerweerd,2,8.1,United Arab Emirates,Netherlands,Nisha Ali,Chaya Mughal,MEC de Fouw,1,0,,,,,,,,,
1147719,2018,2018-07-07,Sportpark Maarschalkerweerd,2,8.2,United Arab Emirates,Netherlands,Chaya Mughal,Nisha Ali,MEC de Fouw,0,1,1,,,,,,,,
1147719,2018,2018-07-07,Sportpark Maarschalkerweerd,2,8.3,United Arab Emirates,Netherlands,Chaya Mughal,Nisha Ali,MEC de Fouw,4,0,,,,,,,,,
1147719,2018,2018-07-07,Sportpark Maarschalkerweerd,2,8.4,United Arab Emirates,Netherlands,Chaya Mughal,Nisha Ali,MEC de Fouw,0,1,1,,,,,,,,
1147719,2018,2018-07-07,Sportpark Maarschalkerweerd,2,8.5,United Arab Emirates,Netherlands,Chaya Mughal,Nisha Ali,MEC de Fouw,1,0,,,,,,,,,
1147719,2018,2018-07-07,Sportpark Maarschalkerweerd,2,8.6,United Arab Emirates,Netherlands,Nisha Ali,Chaya Mughal,MEC de Fouw,4,0,,,,,,,,,
1147719,2018,2018-07-07,Sportpark Maarschalkerweerd,2,8.7,United Arab Emirates,Netherlands,Nisha Ali,Chaya Mughal,MEC de Fouw,0,0,,,,,,,,,
1147719,2018,2018-07-07,Sportpark Maarschalkerweerd,2,8.8,United Arab Emirates,Netherlands,Nisha Ali,Chaya Mughal,MEC de Fouw,2,0,,,,,,,,,
1147719,2018,2018-07-07,Sportpark Maarschalkerweerd,2,9.1,United Arab Emirates,Netherlands,Chaya Mughal,Nisha Ali,L Klokgieters,1,0,,,,,,,,,
1147719,2018,2018-07-07,Sportpark Maarschalkerweerd,2,9.2,United Arab Emirates,Netherlands,Nisha Ali,Chaya Mughal,L Klokgieters,2,0,,,,,,,,,
1147719,2018,2018-07-07,Sportpark Maarschalkerweerd,2,9.3,United Arab Emirates,Netherlands,Nisha Ali,Chaya Mughal,L Klokgieters,4,0,,,,,,,,,
1147719,2018,2018-07-07,Sportpark Maarschalkerweerd,2,9.4,United Arab Emirates,Netherlands,Nisha Ali,Chaya Mughal,L Klokgieters,2,0,,,,,,,,,
1147719,2018,2018-07-07,Sportpark Maarschalkerweerd,2,9.5,United Arab Emirates,Netherlands,Nisha Ali,Chaya Mughal,L Klokgieters,4,0,,,,,,,,,
1147719,2018,2018-07-07,Sportpark Maarschalkerweerd,2,9.6,United Arab Emirates,Netherlands,Nisha Ali,Chaya Mughal,L Klokgieters,2,0,,,,,,,,,
1147719,2018,2018-07-07,Sportpark Maarschalkerweerd,2,10.1,United Arab Emirates,Netherlands,Chaya Mughal,Nisha Ali,CC van Slobbe,1,0,,,,,,,,,
1147719,2018,2018-07-07,Sportpark Maarschalkerweerd,2,10.2,United Arab Emirates,Netherlands,Nisha Ali,Chaya Mughal,CC van Slobbe,1,0,,,,,,,,,
1147719,2018,2018-07-07,Sportpark Maarschalkerweerd,2,10.3,United Arab Emirates,Netherlands,Chaya Mughal,Nisha Ali,CC van Slobbe,0,0,,,,,,,,,
1147719,2018,2018-07-07,Sportpark Maarschalkerweerd,2,10.4,United Arab Emirates,Netherlands,Chaya Mughal,Nisha Ali,CC van Slobbe,0,1,,,1,,,,,,
1147719,2018,2018-07-07,Sportpark Maarschalkerweerd,2,10.5,United Arab Emirates,Netherlands,Nisha Ali,Chaya Mughal,CC van Slobbe,0,0,,,,,,,,,
1147719,2018,2018-07-07,Sportpark Maarschalkerweerd,2,10.6,United Arab Emirates,Netherlands,Nisha Ali,Chaya Mughal,CC van Slobbe,0,0,,,,,,,,,
1147719,2018,2018-07-07,Sportpark Maarschalkerweerd,2,11.1,United Arab Emirates,Netherlands,Chaya Mughal,Nisha Ali,Mariska Kornet,1,0,,,,,,,,,
1147719,2018,2018-07-07,Sportpark Maarschalkerweerd,2,11.2,United Arab Emirates,Netherlands,Nisha Ali,Chaya Mughal,Mariska Kornet,1,0,,,,,,,,,
1147719,2018,2018-07-07,Sportpark Maarschalkerweerd,2,11.3,United Arab Emirates,Netherlands,Chaya Mughal,Nisha Ali,Mariska Kornet,1,0,,,,,,,,,
1147719,2018,2018-07-07,Sportpark Maarschalkerweerd,2,11.4,United Arab Emirates,Netherlands,Nisha Ali,Chaya Mughal,Mariska Kornet,1,0,,,,,,,,,
1147719,2018,2018-07-07,Sportpark Maarschalkerweerd,2,11.5,United Arab Emirates,Netherlands,Chaya Mughal,Nisha Ali,Mariska Kornet,1,1,,1,,,,,,,
1147719,2018,2018-07-07,Sportpark Maarschalkerweerd,2,11.6,United Arab Emirates,Netherlands,Nisha Ali,Chaya Mughal,Mariska Kornet,0,0,,,,,,,,,
1147719,2018,2018-07-07,Sportpark Maarschalkerweerd,2,11.7,United Arab Emirates,Netherlands,Nisha Ali,Chaya Mughal,Mariska Kornet,4,0,,,,,,,,,
1147719,2018,2018-07-07,Sportpark Maarschalkerweerd,2,12.1,United Arab Emirates,Netherlands,Chaya Mughal,Nisha Ali,CC van Slobbe,0,1,1,,,,,,,,
1147719,2018,2018-07-07,Sportpark Maarschalkerweerd,2,12.2,United Arab Emirates,Netherlands,Chaya Mughal,Nisha Ali,CC van Slobbe,1,0,,,,,,,,,
1147719,2018,2018-07-07,Sportpark Maarschalkerweerd,2,12.3,United Arab Emirates,Netherlands,Nisha Ali,Chaya Mughal,CC van Slobbe,1,0,,,,,,,,,
1147719,2018,2018-07-07,Sportpark Maarschalkerweerd,2,12.4,United Arab Emirates,Netherlands,Chaya Mughal,Nisha Ali,CC van Slobbe,0,0,,,,,,,,,
1147719,2018,2018-07-07,Sportpark Maarschalkerweerd,2,12.5,United Arab Emirates,Netherlands,Chaya Mughal,Nisha Ali,CC van Slobbe,0,0,,,,,,,,,
1147719,2018,2018-07-07,Sportpark Maarschalkerweerd,2,12.6,United Arab Emirates,Netherlands,Chaya Mughal,Nisha Ali,CC van Slobbe,1,0,,,,,,,,,
1147719,2018,2018-07-07,Sportpark Maarschalkerweerd,2,12.7,United Arab Emirates,Netherlands,Nisha Ali,Chaya Mughal,CC van Slobbe,1,0,,,,,,,,,
1147719,2018,2018-07-07,Sportpark Maarschalkerweerd,2,13.1,United Arab Emirates,Netherlands,Nisha Ali,Chaya Mughal,HDJ Siegers,0,0,,,,,,,,,
1147719,2018,2018-07-07,Sportpark Maarschalkerweerd,2,13.2,United Arab Emirates,Netherlands,Nisha Ali,Chaya Mughal,HDJ Siegers,4,0,,,,,,,,,
1147719,2018,2018-07-07,Sportpark Maarschalkerweerd,2,13.3,United Arab Emirates,Netherlands,Nisha Ali,Chaya Mughal,HDJ Siegers,2,0,,,,,,,,,
1147719,2018,2018-07-07,Sportpark Maarschalkerweerd,2,13.4,United Arab Emirates,Netherlands,Nisha Ali,Chaya Mughal,HDJ Siegers,1,0,,,,,,,,,
1147719,2018,2018-07-07,Sportpark Maarschalkerweerd,2,13.5,United Arab Emirates,Netherlands,Chaya Mughal,Nisha Ali,HDJ Siegers,4,0,,,,,,,,,
1147719,2018,2018-07-07,Sportpark Maarschalkerweerd,2,13.6,United Arab Emirates,Netherlands,Chaya Mughal,Nisha Ali,HDJ Siegers,0,0,,,,,,,,,
1147719,2018,2018-07-07,Sportpark Maarschalkerweerd,2,14.1,United Arab Emirates,Netherlands,Nisha Ali,Chaya Mughal,CC van Slobbe,0,0,,,,,,,,,
1147719,2018,2018-07-07,Sportpark Maarschalkerweerd,2,14.2,United Arab Emirates,Netherlands,Nisha Ali,Chaya Mughal,CC van Slobbe,0,0,,,,,,,,,
1147719,2018,2018-07-07,Sportpark Maarschalkerweerd,2,14.3,United Arab Emirates,Netherlands,Nisha Ali,Chaya Mughal,CC van Slobbe,1,0,,,,,,,,,
1147719,2018,2018-07-07,Sportpark Maarschalkerweerd,2,14.4,United Arab Emirates,Netherlands,Chaya Mughal,Nisha Ali,CC van Slobbe,1,0,,,,,,,,,
1147719,2018,2018-07-07,Sportpark Maarschalkerweerd,2,14.5,United Arab Emirates,Netherlands,Nisha Ali,Chaya Mughal,CC van Slobbe,1,0,,,,,,,,,
1147719,2018,2018-07-07,Sportpark Maarschalkerweerd,2,14.6,United Arab Emirates,Netherlands,Chaya Mughal,Nisha Ali,CC van Slobbe,0,0,,,,,,,,,
1147719,2018,2018-07-07,Sportpark Maarschalkerweerd,2,15.1,United Arab Emirates,Netherlands,Nisha Ali,Chaya Mughal,R Rijke,4,0,,,,,,,,,
1147719,2018,2018-07-07,Sportpark Maarschalkerweerd,2,15.2,United Arab Emirates,Netherlands,Nisha Ali,Chaya Mughal,R Rijke,0,0,,,,,,,,,
1147719,2018,2018-07-07,Sportpark Maarschalkerweerd,2,15.3,United Arab Emirates,Netherlands,Nisha Ali,Chaya Mughal,R Rijke,0,0,,,,,,,,,
1147719,2018,2018-07-07,Sportpark Maarschalkerweerd,2,15.4,United Arab Emirates,Netherlands,Nisha Ali,Chaya Mughal,R Rijke,0,0,,,,,,,,,
1147719,2018,2018-07-07,Sportpark Maarschalkerweerd,2,15.5,United Arab Emirates,Netherlands,Nisha Ali,Chaya Mughal,R Rijke,2,0,,,,,,,,,
1147719,2018,2018-07-07,Sportpark Maarschalkerweerd,2,15.6,United Arab Emirates,Netherlands,Nisha Ali,Chaya Mughal,R Rijke,4,0,,,,,,,,,
1147719,2018,2018-07-07,Sportpark Maarschalkerweerd,2,16.1,United Arab Emirates,Netherlands,Chaya Mughal,Nisha Ali,CC van Slobbe,0,0,,,,,,,,,
1147719,2018,2018-07-07,Sportpark Maarschalkerweerd,2,16.2,United Arab Emirates,Netherlands,Chaya Mughal,Nisha Ali,CC van Slobbe,1,0,,,,,,,,,
1147719,2018,2018-07-07,Sportpark Maarschalkerweerd,2,16.3,United Arab Emirates,Netherlands,Nisha Ali,Chaya Mughal,CC van Slobbe,1,0,,,,,,,,,
1147719,2018,2018-07-07,Sportpark Maarschalkerweerd,2,16.4,United Arab Emirates,Netherlands,Chaya Mughal,Nisha Ali,CC van Slobbe,1,0,,,,,,,,,
1147719,2018,2018-07-07,Sportpark Maarschalkerweerd,2,16.5,United Arab Emirates,Netherlands,Nisha Ali,Chaya Mughal,CC van Slobbe,1,0,,,,,,,,,
1147719,2018,2018-07-07,Sportpark Maarschalkerweerd,2,16.6,United Arab Emirates,Netherlands,Chaya Mughal,Nisha Ali,CC van Slobbe,4,0,,,,,,,,,
1147719,2018,2018-07-07,Sportpark Maarschalkerweerd,2,17.1,United Arab Emirates,Netherlands,Nisha Ali,Chaya Mughal,MEC de Fouw,0,0,,,,,,caught,Nisha Ali,,
1147719,2018,2018-07-07,Sportpark Maarschalkerweerd,2,17.2,United Arab Emirates,Netherlands,UCKA Dona,Chaya Mughal,MEC de Fouw,1,0,,,,,,,,,
1147719,2018,2018-07-07,Sportpark Maarschalkerweerd,2,17.3,United Arab Emirates,Netherlands,Chaya Mughal,UCKA Dona,MEC de Fouw,2,0,,,,,,,,,
1147719,2018,2018-07-07,Sportpark Maarschalkerweerd,2,17.4,United Arab Emirates,Netherlands,Chaya Mughal,UCKA Dona,MEC de Fouw,0,0,,,,,,stumped,Chaya Mughal,,
1147719,2018,2018-07-07,Sportpark Maarschalkerweerd,2,17.5,United Arab Emirates,Netherlands,CR Seneviratna,UCKA Dona,MEC de Fouw,1,0,,,,,,,,,
1147719,2018,2018-07-07,Sportpark Maarschalkerweerd,2,17.6,United Arab Emirates,Netherlands,UCKA Dona,CR Seneviratna,MEC de Fouw,1,0,,,,,,,,,
1147719,2018,2018-07-07,Sportpark Maarschalkerweerd,2,18.1,United Arab Emirates,Netherlands,UCKA Dona,CR Seneviratna,HDJ Siegers,1,0,,,,,,,,,
1147719,2018,2018-07-07,Sportpark Maarschalkerweerd,2,18.2,United Arab Emirates,Netherlands,CR Seneviratna,UCKA Dona,HDJ Siegers,1,0,,,,,,,,,
1147719,2018,2018-07-07,Sportpark Maarschalkerweerd,2,18.3,United Arab Emirates,Netherlands,UCKA Dona,CR Seneviratna,HDJ Siegers,1,0,,,,,,,,,
1147719,2018,2018-07-07,Sportpark Maarschalkerweerd,2,18.4,United Arab Emirates,Netherlands,CR Seneviratna,UCKA Dona,HDJ Siegers,2,0,,,,,,,,,
1147719,2018,2018-07-07,Sportpark Maarschalkerweerd,2,18.5,United Arab Emirates,Netherlands,CR Seneviratna,UCKA Dona,HDJ Siegers,4,0,,,,,,,,,
1147719,2018,2018-07-07,Sportpark Maarschalkerweerd,2,18.6,United Arab Emirates,Netherlands,CR Seneviratna,UCKA Dona,HDJ Siegers,2,0,,,,,,,,,
1147719,2018,2018-07-07,Sportpark Maarschalkerweerd,2,19.1,United Arab Emirates,Netherlands,UCKA Dona,CR Seneviratna,MEC de Fouw,0,0,,,,,,caught,UCKA Dona,,
1147719,2018,2018-07-07,Sportpark Maarschalkerweerd,2,19.2,United Arab Emirates,Netherlands,CR Seneviratna,H Hotchandani,MEC de Fouw,2,0,,,,,,,,,
1147719,2018,2018-07-07,Sportpark Maarschalkerweerd,2,19.3,United Arab Emirates,Netherlands,CR Seneviratna,H Hotchandani,MEC de Fouw,0,1,,,1,,,,,,
1147719,2018,2018-07-07,Sportpark Maarschalkerweerd,2,19.4,United Arab Emirates,Netherlands,H Hotchandani,CR Seneviratna,MEC de Fouw,4,0,,,,,,,,,
