version,2.1.0
info,balls_per_over,6
info,team,Netherlands
info,team,United Arab Emirates
info,gender,female
info,season,2018
info,date,2018/07/07
info,event,ICC Women's T20 Qualifier
info,match_number,3
info,venue,Sportpark Maarschalkerweerd
info,city,Utrecht
info,toss_winner,Netherlands
info,toss_decision,bat
info,player_of_match,Nisha Ali
info,umpire,Ahmed Shah Pakteen
info,umpire,JM Williams
info,reserve_umpire,S Redfern
info,match_referee,DT Jukes
info,winner,United Arab Emirates
info,winner_wickets,6
info,player,Netherlands,SL Kalis
info,player,Netherlands,HDJ Siegers
info,player,Netherlands,D Hannema
info,player,Netherlands,R Rijke
info,player,Netherlands,CC van Slobbe
info,player,Netherlands,B de Leede
info,player,Netherlands,L Klokgieters
info,player,Netherlands,Mariska Kornet
info,player,Netherlands,EE Corder
info,player,Netherlands,J van Vliet
info,player,Netherlands,MEC de Fouw
info,player,United Arab Emirates,ER Oza
info,player,United Arab Emirates,Chaya Mughal
info,player,United Arab Emirates,Nisha Ali
info,player,United Arab Emirates,UCKA Dona
info,player,United Arab Emirates,CR Seneviratna
info,player,United Arab Emirates,H Hotchandani
info,player,United Arab Emirates,KKN Egodage
info,player,United Arab Emirates,Humaira Tasneem
info,player,United Arab Emirates,Roopa Nagraj
info,player,United Arab Emirates,S Venkataraman
info,player,United Arab Emirates,J Cleetus
info,registry,people,Ahmed Shah Pakteen,43602937
info,registry,people,B de Leede,b3020075
info,registry,people,CC van Slobbe,4eebb3e5
info,registry,people,CR Seneviratna,bff0535a
info,registry,people,Chaya Mughal,77b26349
info,registry,people,D Hannema,2b654eb0
info,registry,people,DT Jukes,7c215d14
info,registry,people,EE Corder,1806d310
info,registry,people,ER Oza,fdc6b34d
info,registry,people,H Hotchandani,f537d39c
info,registry,people,HDJ Siegers,6d48df01
info,registry,people,Humaira Tasneem,da22f2a2
info,registry,people,J Cleetus,ce1e39da
info,registry,people,J van Vliet,cb665b69
info,registry,people,JM Williams,b61d9d70
info,registry,people,KKN Egodage,5bb904d4
info,registry,people,L Klokgieters,53c738ac
info,registry,people,MEC de Fouw,600c9d3f
info,registry,people,Mariska Kornet,06deb88a
info,registry,people,Nisha Ali,9d0332ee
info,registry,people,R Rijke,42e4b276
info,registry,people,Roopa Nagraj,065c35fc
info,registry,people,S Redfern,5b038989
info,registry,people,S Venkataraman,8001a208
info,registry,people,SL Kalis,2b150c6b
info,registry,people,UCKA Dona,caa99fcb
