match_id,season,start_date,venue,innings,ball,batting_team,bowling_team,striker,non_striker,bowler,runs_off_bat,extras,wides,noballs,byes,legbyes,penalty,wicket_type,player_dismissed,other_wicket_type,other_player_dismissed
1147736,2018,2018-07-14,Sportpark Maarschalkerweerd,1,0.1,Bangladesh,Ireland,Shamima Sultana,Ayasha Rahman,IMHC Joyce,0,1,1,,,,,,,,
1147736,2018,2018-07-14,Sportpark Maarschalkerweerd,1,0.2,Bangladesh,Ireland,Shamima Sultana,Ayasha Rahman,IMHC Joyce,0,0,,,,,,,,,
1147736,2018,2018-07-14,Sportpark Maarschalkerweerd,1,0.3,Bangladesh,Ireland,Shamima Sultana,Ayasha Rahman,IMHC Joyce,4,0,,,,,,,,,
1147736,2018,2018-07-14,Sportpark Maarschalkerweerd,1,0.4,Bangladesh,Ireland,Shamima Sultana,Ayasha Rahman,IMHC Joyce,0,0,,,,,,,,,
1147736,2018,2018-07-14,Sportpark Maarschalkerweerd,1,0.5,Bangladesh,Ireland,Shamima Sultana,Ayasha Rahman,IMHC Joyce,0,0,,,,,,,,,
1147736,2018,2018-07-14,Sportpark Maarschalkerweerd,1,0.6,Bangladesh,Ireland,Shamima Sultana,Ayasha Rahman,IMHC Joyce,0,0,,,,,,,,,
1147736,2018,2018-07-14,Sportpark Maarschalkerweerd,1,0.7,Bangladesh,Ireland,Shamima Sultana,Ayasha Rahman,IMHC Joyce,0,0,,,,,,,,,
1147736,2018,2018-07-14,Sportpark Maarschalkerweerd,1,1.1,Bangladesh,Ireland,Ayasha Rahman,Shamima Sultana,EAJ Richardson,1,0,,,,,,,,,
1147736,2018,2018-07-14,Sportpark Maarschalkerweerd,1,1.2,Bangladesh,Ireland,Shamima Sultana,Ayasha Rahman,EAJ Richardson,2,0,,,,,,,,,
1147736,2018,2018-07-14,Sportpark Maarschalkerweerd,1,1.3,Bangladesh,Ireland,Shamima Sultana,Ayasha Rahman,EAJ Richardson,4,0,,,,,,,,,
1147736,2018,2018-07-14,Sportpark Maarschalkerweerd,1,1.4,Bangladesh,Ireland,Shamima Sultana,Ayasha Rahman,EAJ Richardson,1,0,,,,,,,,,
1147736,2018,2018-07-14,Sportpark Maarschalkerweerd,1,1.5,Bangladesh,Ireland,Ayasha Rahman,Shamima Sultana,EAJ Richardson,0,0,,,,,,,,,
1147736,2018,2018-07-14,Sportpark Maarschalkerweerd,1,1.6,Bangladesh,Ireland,Ayasha Rahman,Shamima Sultana,EAJ Richardson,1,0,,,,,,,,,
1147736,2018,2018-07-14,Sportpark Maarschalkerweerd,1,2.1,Bangladesh,Ireland,Ayasha Rahman,Shamima Sultana,CJ Metcalfe,0,0,,,,,,,,,
1147736,2018,2018-07-14,Sportpark Maarschalkerweerd,1,2.2,Bangladesh,Ireland,Ayasha Rahman,Shamima Sultana,CJ Metcalfe,0,0,,,,,,,,,
1147736,2018,2018-07-14,Sportpark Maarschalkerweerd,1,2.3,Bangladesh,Ireland,Ayasha Rahman,Shamima Sultana,CJ Metcalfe,0,1,1,,,,,,,,
1147736,2018,2018-07-14,Sportpark Maarschalkerweerd,1,2.4,Bangladesh,Ireland,Ayasha Rahman,Shamima Sultana,CJ Metcalfe,0,0,,,,,,,,,
1147736,2018,2018-07-14,Sportpark Maarschalkerweerd,1,2.5,Bangladesh,Ireland,Ayasha Rahman,Shamima Sultana,CJ Metcalfe,4,0,,,,,,,,,
1147736,2018,2018-07-14,Sportpark Maarschalkerweerd,1,2.6,Bangladesh,Ireland,Ayasha Rahman,Shamima Sultana,CJ Metcalfe,1,0,,,,,,,,,
1147736,2018,2018-07-14,Sportpark Maarschalkerweerd,1,2.7,Bangladesh,Ireland,Shamima Sultana,Ayasha Rahman,CJ Metcalfe,1,0,,,,,,,,,
1147736,2018,2018-07-14,Sportpark Maarschalkerweerd,1,3.1,Bangladesh,Ireland,Shamima Sultana,Ayasha Rahman,LK O'Reilly,0,1,1,,,,,,,,
1147736,2018,2018-07-14,Sportpark Maarschalkerweerd,1,3.2,Bangladesh,Ireland,Shamima Sultana,Ayasha Rahman,LK O'Reilly,0,0,,,,,,,,,
1147736,2018,2018-07-14,Sportpark Maarschalkerweerd,1,3.3,Bangladesh,Ireland,Shamima Sultana,Ayasha Rahman,LK O'Reilly,0,0,,,,,,,,,
1147736,2018,2018-07-14,Sportpark Maarschalkerweerd,1,3.4,Bangladesh,Ireland,Shamima Sultana,Ayasha Rahman,LK O'Reilly,0,0,,,,,,,,,
1147736,2018,2018-07-14,Sportpark Maarschalkerweerd,1,3.5,Bangladesh,Ireland,Shamima Sultana,Ayasha Rahman,LK O'Reilly,0,0,,,,,,,,,
1147736,2018,2018-07-14,Sportpark Maarschalkerweerd,1,3.6,Bangladesh,Ireland,Shamima Sultana,Ayasha Rahman,LK O'Reilly,0,1,1,,,,,,,,
1147736,2018,2018-07-14,Sportpark Maarschalkerweerd,1,3.7,Bangladesh,Ireland,Shamima Sultana,Ayasha Rahman,LK O'Reilly,4,0,,,,,,,,,
1147736,2018,2018-07-14,Sportpark Maarschalkerweerd,1,3.8,Bangladesh,Ireland,Shamima Sultana,Ayasha Rahman,LK O'Reilly,0,1,1,,,,,,,,
1147736,2018,2018-07-14,Sportpark Maarschalkerweerd,1,3.9,Bangladesh,Ireland,Shamima Sultana,Ayasha Rahman,LK O'Reilly,0,0,,,,,,caught,Shamima Sultana,,
1147736,2018,2018-07-14,Sportpark Maarschalkerweerd,1,4.1,Bangladesh,Ireland,Ayasha Rahman,Fargana Hoque,KJ Garth,0,0,,,,,,,,,
1147736,2018,2018-07-14,Sportpark Maarschalkerweerd,1,4.2,Bangladesh,Ireland,Ayasha Rahman,Fargana Hoque,KJ Garth,0,0,,,,,,,,,
1147736,2018,2018-07-14,Sportpark Maarschalkerweerd,1,4.3,Bangladesh,Ireland,Ayasha Rahman,Fargana Hoque,KJ Garth,0,0,,,,,,,,,
1147736,2018,2018-07-14,Sportpark Maarschalkerweerd,1,4.4,Bangladesh,Ireland,Ayasha Rahman,Fargana Hoque,KJ Garth,0,0,,,,,,,,,
1147736,2018,2018-07-14,Sportpark Maarschalkerweerd,1,4.5,Bangladesh,Ireland,Ayasha Rahman,Fargana Hoque,KJ Garth,1,0,,,,,,,,,
1147736,2018,2018-07-14,Sportpark Maarschalkerweerd,1,4.6,Bangladesh,Ireland,Fargana Hoque,Ayasha Rahman,KJ Garth,0,0,,,,,,,,,
1147736,2018,2018-07-14,Sportpark Maarschalkerweerd,1,5.1,Bangladesh,Ireland,Ayasha Rahman,Fargana Hoque,CJ Metcalfe,1,0,,,,,,,,,
1147736,2018,2018-07-14,Sportpark Maarschalkerweerd,1,5.2,Bangladesh,Ireland,Fargana Hoque,Ayasha Rahman,CJ Metcalfe,1,0,,,,,,,,,
1147736,2018,2018-07-14,Sportpark Maarschalkerweerd,1,5.3,Bangladesh,Ireland,Ayasha Rahman,Fargana Hoque,CJ Metcalfe,0,0,,,,,,,,,
1147736,2018,2018-07-14,Sportpark Maarschalkerweerd,1,5.4,Bangladesh,Ireland,Ayasha Rahman,Fargana Hoque,CJ Metcalfe,4,0,,,,,,,,,
1147736,2018,2018-07-14,Sportpark Maarschalkerweerd,1,5.5,Bangladesh,Ireland,Ayasha Rahman,Fargana Hoque,CJ Metcalfe,0,0,,,,,,,,,
1147736,2018,2018-07-14,Sportpark Maarschalkerweerd,1,5.6,Bangladesh,Ireland,Ayasha Rahman,Fargana Hoque,CJ Metcalfe,1,0,,,,,,,,,
1147736,2018,2018-07-14,Sportpark Maarschalkerweerd,1,6.1,Bangladesh,Ireland,Ayasha Rahman,Fargana Hoque,KJ Garth,4,0,,,,,,,,,
1147736,2018,2018-07-14,Sportpark Maarschalkerweerd,1,6.2,Bangladesh,Ireland,Ayasha Rahman,Fargana Hoque,KJ Garth,0,0,,,,,,,,,
1147736,2018,2018-07-14,Sportpark Maarschalkerweerd,1,6.3,Bangladesh,Ireland,Ayasha Rahman,Fargana Hoque,KJ Garth,2,0,,,,,,,,,
1147736,2018,2018-07-14,Sportpark Maarschalkerweerd,1,6.4,Bangladesh,Ireland,Ayasha Rahman,Fargana Hoque,KJ Garth,0,0,,,,,,,,,
1147736,2018,2018-07-14,Sportpark Maarschalkerweerd,1,6.5,Bangladesh,Ireland,Ayasha Rahman,Fargana Hoque,KJ Garth,0,0,,,,,,,,,
1147736,2018,2018-07-14,Sportpark Maarschalkerweerd,1,6.6,Bangladesh,Ireland,Ayasha Rahman,Fargana Hoque,KJ Garth,0,0,,,,,,,,,
1147736,2018,2018-07-14,Sportpark Maarschalkerweerd,1,7.1,Bangladesh,Ireland,Fargana Hoque,Ayasha Rahman,L Delany,1,0,,,,,,,,,
1147736,2018,2018-07-14,Sportpark Maarschalkerweerd,1,7.2,Bangladesh,Ireland,Ayasha Rahman,Fargana Hoque,L Delany,0,0,,,,,,,,,
1147736,2018,2018-07-14,Sportpark Maarschalkerweerd,1,7.3,Bangladesh,Ireland,Ayasha Rahman,Fargana Hoque,L Delany,0,0,,,,,,,,,
1147736,2018,2018-07-14,Sportpark Maarschalkerweerd,1,7.4,Bangladesh,Ireland,Ayasha Rahman,Fargana Hoque,L Delany,6,0,,,,,,,,,
1147736,2018,2018-07-14,Sportpark Maarschalkerweerd,1,7.5,Bangladesh,Ireland,Ayasha Rahman,Fargana Hoque,L Delany,0,0,,,,,,,,,
1147736,2018,2018-07-14,Sportpark Maarschalkerweerd,1,7.6,Bangladesh,Ireland,Ayasha Rahman,Fargana Hoque,L Delany,0,0,,,,,,,,,
1147736,2018,2018-07-14,Sportpark Maarschalkerweerd,1,8.1,Bangladesh,Ireland,Fargana Hoque,Ayasha Rahman,IMHC Joyce,1,0,,,,,,,,,
1147736,2018,2018-07-14,Sportpark Maarschalkerweerd,1,8.2,Bangladesh,Ireland,Ayasha Rahman,Fargana Hoque,IMHC Joyce,1,0,,,,,,,,,
1147736,2018,2018-07-14,Sportpark Maarschalkerweerd,1,8.3,Bangladesh,Ireland,Fargana Hoque,Ayasha Rahman,IMHC Joyce,1,0,,,,,,,,,
1147736,2018,2018-07-14,Sportpark Maarschalkerweerd,1,8.4,Bangladesh,Ireland,Ayasha Rahman,Fargana Hoque,IMHC Joyce,1,0,,,,,,,,,
1147736,2018,2018-07-14,Sportpark Maarschalkerweerd,1,8.5,Bangladesh,Ireland,Fargana Hoque,Ayasha Rahman,IMHC Joyce,1,0,,,,,,,,,
1147736,2018,2018-07-14,Sportpark Maarschalkerweerd,1,8.6,Bangladesh,Ireland,Ayasha Rahman,Fargana Hoque,IMHC Joyce,6,0,,,,,,,,,
1147736,2018,2018-07-14,Sportpark Maarschalkerweerd,1,9.1,Bangladesh,Ireland,Fargana Hoque,Ayasha Rahman,L Delany,0,0,,,,,,,,,
1147736,2018,2018-07-14,Sportpark Maarschalkerweerd,1,9.2,Bangladesh,Ireland,Fargana Hoque,Ayasha Rahman,L Delany,1,0,,,,,,,,,
1147736,2018,2018-07-14,Sportpark Maarschalkerweerd,1,9.3,Bangladesh,Ireland,Ayasha Rahman,Fargana Hoque,L Delany,0,0,,,,,,,,,
1147736,2018,2018-07-14,Sportpark Maarschalkerweerd,1,9.4,Bangladesh,Ireland,Ayasha Rahman,Fargana Hoque,L Delany,1,0,,,,,,,,,
1147736,2018,2018-07-14,Sportpark Maarschalkerweerd,1,9.5,Bangladesh,Ireland,Fargana Hoque,Ayasha Rahman,L Delany,1,0,,,,,,,,,
1147736,2018,2018-07-14,Sportpark Maarschalkerweerd,1,9.6,Bangladesh,Ireland,Ayasha Rahman,Fargana Hoque,L Delany,0,1,1,,,,,,,,
1147736,2018,2018-07-14,Sportpark Maarschalkerweerd,1,9.7,Bangladesh,Ireland,Ayasha Rahman,Fargana Hoque,L Delany,0,0,,,,,,,,,
1147736,2018,2018-07-14,Sportpark Maarschalkerweerd,1,10.1,Bangladesh,Ireland,Fargana Hoque,Ayasha Rahman,EAJ Richardson,2,0,,,,,,,,,
1147736,2018,2018-07-14,Sportpark Maarschalkerweerd,1,10.2,Bangladesh,Ireland,Fargana Hoque,Ayasha Rahman,EAJ Richardson,2,0,,,,,,,,,
1147736,2018,2018-07-14,Sportpark Maarschalkerweerd,1,10.3,Bangladesh,Ireland,Fargana Hoque,Ayasha Rahman,EAJ Richardson,1,0,,,,,,,,,
1147736,2018,2018-07-14,Sportpark Maarschalkerweerd,1,10.4,Bangladesh,Ireland,Ayasha Rahman,Fargana Hoque,EAJ Richardson,1,0,,,,,,,,,
1147736,2018,2018-07-14,Sportpark Maarschalkerweerd,1,10.5,Bangladesh,Ireland,Fargana Hoque,Ayasha Rahman,EAJ Richardson,1,0,,,,,,,,,
1147736,2018,2018-07-14,Sportpark Maarschalkerweerd,1,10.6,Bangladesh,Ireland,Ayasha Rahman,Fargana Hoque,EAJ Richardson,0,0,,,,,,,,,
1147736,2018,2018-07-14,Sportpark Maarschalkerweerd,1,11.1,Bangladesh,Ireland,Fargana Hoque,Ayasha Rahman,LK O'Reilly,0,1,1,,,,,,,,
1147736,2018,2018-07-14,Sportpark Maarschalkerweerd,1,11.2,Bangladesh,Ireland,Fargana Hoque,Ayasha Rahman,LK O'Reilly,1,0,,,,,,,,,
1147736,2018,2018-07-14,Sportpark Maarschalkerweerd,1,11.3,Bangladesh,Ireland,Ayasha Rahman,Fargana Hoque,LK O'Reilly,1,0,,,,,,,,,
1147736,2018,2018-07-14,Sportpark Maarschalkerweerd,1,11.4,Bangladesh,Ireland,Fargana Hoque,Ayasha Rahman,LK O'Reilly,2,0,,,,,,,,,
1147736,2018,2018-07-14,Sportpark Maarschalkerweerd,1,11.5,Bangladesh,Ireland,Fargana Hoque,Ayasha Rahman,LK O'Reilly,0,1,1,,,,,,,,
1147736,2018,2018-07-14,Sportpark Maarschalkerweerd,1,11.6,Bangladesh,Ireland,Fargana Hoque,Ayasha Rahman,LK O'Reilly,1,0,,,,,,,,,
1147736,2018,2018-07-14,Sportpark Maarschalkerweerd,1,11.7,Bangladesh,Ireland,Ayasha Rahman,Fargana Hoque,LK O'Reilly,0,1,1,,,,,,,,
1147736,2018,2018-07-14,Sportpark Maarschalkerweerd,1,11.8,Bangladesh,Ireland,Ayasha Rahman,Fargana Hoque,LK O'Reilly,1,0,,,,,,,,,
1147736,2018,2018-07-14,Sportpark Maarschalkerweerd,1,11.9,Bangladesh,Ireland,Fargana Hoque,Ayasha Rahman,LK O'Reilly,0,0,,,,,,bowled,Fargana Hoque,,
1147736,2018,2018-07-14,Sportpark Maarschalkerweerd,1,12.1,Bangladesh,Ireland,Ayasha Rahman,Nigar Sultana,CJ Metcalfe,4,0,,,,,,,,,
1147736,2018,2018-07-14,Sportpark Maarschalkerweerd,1,12.2,Bangladesh,Ireland,Ayasha Rahman,Nigar Sultana,CJ Metcalfe,4,0,,,,,,,,,
1147736,2018,2018-07-14,Sportpark Maarschalkerweerd,1,12.3,Bangladesh,Ireland,Ayasha Rahman,Nigar Sultana,CJ Metcalfe,0,0,,,,,,bowled,Ayasha Rahman,,
1147736,2018,2018-07-14,Sportpark Maarschalkerweerd,1,12.4,Bangladesh,Ireland,Sanjida Islam,Nigar Sultana,CJ Metcalfe,0,0,,,,,,,,,
1147736,2018,2018-07-14,Sportpark Maarschalkerweerd,1,12.5,Bangladesh,Ireland,Sanjida Islam,Nigar Sultana,CJ Metcalfe,0,0,,,,,,run out,Sanjida Islam,,
1147736,2018,2018-07-14,Sportpark Maarschalkerweerd,1,12.6,Bangladesh,Ireland,Rumana Ahmed,Nigar Sultana,CJ Metcalfe,0,0,,,,,,,,,
1147736,2018,2018-07-14,Sportpark Maarschalkerweerd,1,13.1,Bangladesh,Ireland,Nigar Sultana,Rumana Ahmed,KJ Garth,1,0,,,,,,,,,
1147736,2018,2018-07-14,Sportpark Maarschalkerweerd,1,13.2,Bangladesh,Ireland,Rumana Ahmed,Nigar Sultana,KJ Garth,0,0,,,,,,,,,
1147736,2018,2018-07-14,Sportpark Maarschalkerweerd,1,13.3,Bangladesh,Ireland,Rumana Ahmed,Nigar Sultana,KJ Garth,0,0,,,,,,,,,
1147736,2018,2018-07-14,Sportpark Maarschalkerweerd,1,13.4,Bangladesh,Ireland,Rumana Ahmed,Nigar Sultana,KJ Garth,1,0,,,,,,,,,
1147736,2018,2018-07-14,Sportpark Maarschalkerweerd,1,13.5,Bangladesh,Ireland,Nigar Sultana,Rumana Ahmed,KJ Garth,0,0,,,,,,,,,
1147736,2018,2018-07-14,Sportpark Maarschalkerweerd,1,13.6,Bangladesh,Ireland,Nigar Sultana,Rumana Ahmed,KJ Garth,1,0,,,,,,,,,
1147736,2018,2018-07-14,Sportpark Maarschalkerweerd,1,14.1,Bangladesh,Ireland,Nigar Sultana,Rumana Ahmed,CJ Metcalfe,0,0,,,,,,,,,
1147736,2018,2018-07-14,Sportpark Maarschalkerweerd,1,14.2,Bangladesh,Ireland,Nigar Sultana,Rumana Ahmed,CJ Metcalfe,1,0,,,,,,,,,
1147736,2018,2018-07-14,Sportpark Maarschalkerweerd,1,14.3,Bangladesh,Ireland,Rumana Ahmed,Nigar Sultana,CJ Metcalfe,0,0,,,,,,,,,
1147736,2018,2018-07-14,Sportpark Maarschalkerweerd,1,14.4,Bangladesh,Ireland,Rumana Ahmed,Nigar Sultana,CJ Metcalfe,0,0,,,,,,stumped,Rumana Ahmed,,
1147736,2018,2018-07-14,Sportpark Maarschalkerweerd,1,14.5,Bangladesh,Ireland,Fahima Khatun,Nigar Sultana,CJ Metcalfe,1,0,,,,,,,,,
1147736,2018,2018-07-14,Sportpark Maarschalkerweerd,1,14.6,Bangladesh,Ireland,Nigar Sultana,Fahima Khatun,CJ Metcalfe,0,0,,,,,,,,,
1147736,2018,2018-07-14,Sportpark Maarschalkerweerd,1,15.1,Bangladesh,Ireland,Fahima Khatun,Nigar Sultana,L Delany,0,0,,,,,,,,,
1147736,2018,2018-07-14,Sportpark Maarschalkerweerd,1,15.2,Bangladesh,Ireland,Fahima Khatun,Nigar Sultana,L Delany,0,0,,,,,,,,,
1147736,2018,2018-07-14,Sportpark Maarschalkerweerd,1,15.3,Bangladesh,Ireland,Fahima Khatun,Nigar Sultana,L Delany,0,1,,,,1,,,,,
1147736,2018,2018-07-14,Sportpark Maarschalkerweerd,1,15.4,Bangladesh,Ireland,Nigar Sultana,Fahima Khatun,L Delany,0,1,1,,,,,,,,
1147736,2018,2018-07-14,Sportpark Maarschalkerweerd,1,15.5,Bangladesh,Ireland,Nigar Sultana,Fahima Khatun,L Delany,2,0,,,,,,,,,
1147736,2018,2018-07-14,Sportpark Maarschalkerweerd,1,15.6,Bangladesh,Ireland,Nigar Sultana,Fahima Khatun,L Delany,0,0,,,,,,,,,
1147736,2018,2018-07-14,Sportpark Maarschalkerweerd,1,15.7,Bangladesh,Ireland,Nigar Sultana,Fahima Khatun,L Delany,0,0,,,,,,caught,Nigar Sultana,,
1147736,2018,2018-07-14,Sportpark Maarschalkerweerd,1,16.1,Bangladesh,Ireland,Jahanara Alam,Fahima Khatun,KJ Garth,1,0,,,,,,,,,
1147736,2018,2018-07-14,Sportpark Maarschalkerweerd,1,16.2,Bangladesh,Ireland,Fahima Khatun,Jahanara Alam,KJ Garth,0,1,1,,,,,,,,
1147736,2018,2018-07-14,Sportpark Maarschalkerweerd,1,16.3,Bangladesh,Ireland,Fahima Khatun,Jahanara Alam,KJ Garth,2,0,,,,,,,,,
1147736,2018,2018-07-14,Sportpark Maarschalkerweerd,1,16.4,Bangladesh,Ireland,Fahima Khatun,Jahanara Alam,KJ Garth,1,0,,,,,,,,,
1147736,2018,2018-07-14,Sportpark Maarschalkerweerd,1,16.5,Bangladesh,Ireland,Jahanara Alam,Fahima Khatun,KJ Garth,1,0,,,,,,,,,
1147736,2018,2018-07-14,Sportpark Maarschalkerweerd,1,16.6,Bangladesh,Ireland,Fahima Khatun,Jahanara Alam,KJ Garth,1,0,,,,,,,,,
1147736,2018,2018-07-14,Sportpark Maarschalkerweerd,1,16.7,Bangladesh,Ireland,Jahanara Alam,Fahima Khatun,KJ Garth,1,0,,,,,,,,,
1147736,2018,2018-07-14,Sportpark Maarschalkerweerd,1,17.1,Bangladesh,Ireland,Jahanara Alam,Fahima Khatun,LK O'Reilly,1,0,,,,,,,,,
1147736,2018,2018-07-14,Sportpark Maarschalkerweerd,1,17.2,Bangladesh,Ireland,Fahima Khatun,Jahanara Alam,LK O'Reilly,0,0,,,,,,,,,
1147736,2018,2018-07-14,Sportpark Maarschalkerweerd,1,17.3,Bangladesh,Ireland,Fahima Khatun,Jahanara Alam,LK O'Reilly,0,0,,,,,,bowled,Fahima Khatun,,
1147736,2018,2018-07-14,Sportpark Maarschalkerweerd,1,17.4,Bangladesh,Ireland,Salma Khatun,Jahanara Alam,LK O'Reilly,0,0,,,,,,,,,
1147736,2018,2018-07-14,Sportpark Maarschalkerweerd,1,17.5,Bangladesh,Ireland,Salma Khatun,Jahanara Alam,LK O'Reilly,1,0,,,,,,,,,
1147736,2018,2018-07-14,Sportpark Maarschalkerweerd,1,17.6,Bangladesh,Ireland,Jahanara Alam,Salma Khatun,LK O'Reilly,3,0,,,,,,,,,
1147736,2018,2018-07-14,Sportpark Maarschalkerweerd,1,18.1,Bangladesh,Ireland,Jahanara Alam,Salma Khatun,L Delany,0,0,,,,,,,,,
1147736,2018,2018-07-14,Sportpark Maarschalkerweerd,1,18.2,Bangladesh,Ireland,Jahanara Alam,Salma Khatun,L Delany,1,0,,,,,,,,,
1147736,2018,2018-07-14,Sportpark Maarschalkerweerd,1,18.3,Bangladesh,Ireland,Salma Khatun,Jahanara Alam,L Delany,1,0,,,,,,,,,
1147736,2018,2018-07-14,Sportpark Maarschalkerweerd,1,18.4,Bangladesh,Ireland,Jahanara Alam,Salma Khatun,L Delany,1,0,,,,,,,,,
1147736,2018,2018-07-14,Sportpark Maarschalkerweerd,1,18.5,Bangladesh,Ireland,Salma Khatun,Jahanara Alam,L Delany,1,0,,,,,,,,,
1147736,2018,2018-07-14,Sportpark Maarschalkerweerd,1,18.6,Bangladesh,Ireland,Jahanara Alam,Salma Khatun,L Delany,1,0,,,,,,,,,
1147736,2018,2018-07-14,Sportpark Maarschalkerweerd,1,19.1,Bangladesh,Ireland,Jahanara Alam,Salma Khatun,LK O'Reilly,1,0,,,,,,,,,
1147736,2018,2018-07-14,Sportpark Maarschalkerweerd,1,19.2,Bangladesh,Ireland,Salma Khatun,Jahanara Alam,LK O'Reilly,4,0,,,,,,,,,
1147736,2018,2018-07-14,Sportpark Maarschalkerweerd,1,19.3,Bangladesh,Ireland,Salma Khatun,Jahanara Alam,LK O'Reilly,0,0,,,,,,run out,Salma Khatun,,
1147736,2018,2018-07-14,Sportpark Maarschalkerweerd,1,19.4,Bangladesh,Ireland,Panna Ghosh,Jahanara Alam,LK O'Reilly,0,0,,,,,,bowled,Panna Ghosh,,
1147736,2018,2018-07-14,Sportpark Maarschalkerweerd,1,19.5,Bangladesh,Ireland,Nahida Akter,Jahanara Alam,LK O'Reilly,1,0,,,,,,,,,
1147736,2018,2018-07-14,Sportpark Maarschalkerweerd,1,19.6,Bangladesh,Ireland,Jahanara Alam,Nahida Akter,LK O'Reilly,1,0,,,,,,,,,
1147736,2018,2018-07-14,Sportpark Maarschalkerweerd,2,0.1,Ireland,Bangladesh,CMA Shillington,CNIM Joyce,Jahanara Alam,0,0,,,,,,,,,
1147736,2018,2018-07-14,Sportpark Maarschalkerweerd,2,0.2,Ireland,Bangladesh,CMA Shillington,CNIM Joyce,Jahanara Alam,0,0,,,,,,,,,
1147736,2018,2018-07-14,Sportpark Maarschalkerweerd,2,0.3,Ireland,Bangladesh,CMA Shillington,CNIM Joyce,Jahanara Alam,0,1,,,1,,,,,,
1147736,2018,2018-07-14,Sportpark Maarschalkerweerd,2,0.4,Ireland,Bangladesh,CNIM Joyce,CMA Shillington,Jahanara Alam,0,1,1,,,,,,,,
1147736,2018,2018-07-14,Sportpark Maarschalkerweerd,2,0.5,Ireland,Bangladesh,CNIM Joyce,CMA Shillington,Jahanara Alam,0,0,,,,,,,,,
1147736,2018,2018-07-14,Sportpark Maarschalkerweerd,2,0.6,Ireland,Bangladesh,CNIM Joyce,CMA Shillington,Jahanara Alam,0,0,,,,,,,,,
1147736,2018,2018-07-14,Sportpark Maarschalkerweerd,2,0.7,Ireland,Bangladesh,CNIM Joyce,CMA Shillington,Jahanara Alam,0,0,,,,,,,,,
1147736,2018,2018-07-14,Sportpark Maarschalkerweerd,2,1.1,Ireland,Bangladesh,CMA Shillington,CNIM Joyce,Salma Khatun,1,0,,,,,,,,,
1147736,2018,2018-07-14,Sportpark Maarschalkerweerd,2,1.2,Ireland,Bangladesh,CNIM Joyce,CMA Shillington,Salma Khatun,1,0,,,,,,,,,
1147736,2018,2018-07-14,Sportpark Maarschalkerweerd,2,1.3,Ireland,Bangladesh,CMA Shillington,CNIM Joyce,Salma Khatun,2,0,,,,,,,,,
1147736,2018,2018-07-14,Sportpark Maarschalkerweerd,2,1.4,Ireland,Bangladesh,CMA Shillington,CNIM Joyce,Salma Khatun,0,0,,,,,,,,,
1147736,2018,2018-07-14,Sportpark Maarschalkerweerd,2,1.5,Ireland,Bangladesh,CMA Shillington,CNIM Joyce,Salma Khatun,0,0,,,,,,,,,
1147736,2018,2018-07-14,Sportpark Maarschalkerweerd,2,1.6,Ireland,Bangladesh,CMA Shillington,CNIM Joyce,Salma Khatun,1,0,,,,,,,,,
1147736,2018,2018-07-14,Sportpark Maarschalkerweerd,2,2.1,Ireland,Bangladesh,CMA Shillington,CNIM Joyce,Jahanara Alam,1,0,,,,,,,,,
1147736,2018,2018-07-14,Sportpark Maarschalkerweerd,2,2.2,Ireland,Bangladesh,CNIM Joyce,CMA Shillington,Jahanara Alam,0,0,,,,,,caught,CNIM Joyce,,
1147736,2018,2018-07-14,Sportpark Maarschalkerweerd,2,2.3,Ireland,Bangladesh,GH Lewis,CMA Shillington,Jahanara Alam,0,0,,,,,,,,,
1147736,2018,2018-07-14,Sportpark Maarschalkerweerd,2,2.4,Ireland,Bangladesh,GH Lewis,CMA Shillington,Jahanara Alam,0,0,,,,,,,,,
1147736,2018,2018-07-14,Sportpark Maarschalkerweerd,2,2.5,Ireland,Bangladesh,GH Lewis,CMA Shillington,Jahanara Alam,0,0,,,,,,,,,
1147736,2018,2018-07-14,Sportpark Maarschalkerweerd,2,2.6,Ireland,Bangladesh,GH Lewis,CMA Shillington,Jahanara Alam,0,1,1,,,,,,,,
1147736,2018,2018-07-14,Sportpark Maarschalkerweerd,2,2.7,Ireland,Bangladesh,GH Lewis,CMA Shillington,Jahanara Alam,0,0,,,,,,,,,
1147736,2018,2018-07-14,Sportpark Maarschalkerweerd,2,3.1,Ireland,Bangladesh,CMA Shillington,GH Lewis,Salma Khatun,0,1,,,,1,,,,,
1147736,2018,2018-07-14,Sportpark Maarschalkerweerd,2,3.2,Ireland,Bangladesh,GH Lewis,CMA Shillington,Salma Khatun,4,0,,,,,,,,,
1147736,2018,2018-07-14,Sportpark Maarschalkerweerd,2,3.3,Ireland,Bangladesh,GH Lewis,CMA Shillington,Salma Khatun,0,0,,,,,,,,,
1147736,2018,2018-07-14,Sportpark Maarschalkerweerd,2,3.4,Ireland,Bangladesh,GH Lewis,CMA Shillington,Salma Khatun,0,0,,,,,,,,,
1147736,2018,2018-07-14,Sportpark Maarschalkerweerd,2,3.5,Ireland,Bangladesh,GH Lewis,CMA Shillington,Salma Khatun,4,0,,,,,,,,,
1147736,2018,2018-07-14,Sportpark Maarschalkerweerd,2,3.6,Ireland,Bangladesh,GH Lewis,CMA Shillington,Salma Khatun,0,0,,,,,,,,,
1147736,2018,2018-07-14,Sportpark Maarschalkerweerd,2,4.1,Ireland,Bangladesh,CMA Shillington,GH Lewis,Jahanara Alam,4,0,,,,,,,,,
1147736,2018,2018-07-14,Sportpark Maarschalkerweerd,2,4.2,Ireland,Bangladesh,CMA Shillington,GH Lewis,Jahanara Alam,4,0,,,,,,,,,
1147736,2018,2018-07-14,Sportpark Maarschalkerweerd,2,4.3,Ireland,Bangladesh,CMA Shillington,GH Lewis,Jahanara Alam,0,0,,,,,,,,,
1147736,2018,2018-07-14,Sportpark Maarschalkerweerd,2,4.4,Ireland,Bangladesh,CMA Shillington,GH Lewis,Jahanara Alam,1,0,,,,,,,,,
1147736,2018,2018-07-14,Sportpark Maarschalkerweerd,2,4.5,Ireland,Bangladesh,GH Lewis,CMA Shillington,Jahanara Alam,0,0,,,,,,,,,
1147736,2018,2018-07-14,Sportpark Maarschalkerweerd,2,4.6,Ireland,Bangladesh,GH Lewis,CMA Shillington,Jahanara Alam,0,0,,,,,,,,,
1147736,2018,2018-07-14,Sportpark Maarschalkerweerd,2,5.1,Ireland,Bangladesh,CMA Shillington,GH Lewis,Panna Ghosh,0,0,,,,,,bowled,CMA Shillington,,
1147736,2018,2018-07-14,Sportpark Maarschalkerweerd,2,5.2,Ireland,Bangladesh,L Delany,GH Lewis,Panna Ghosh,0,0,,,,,,,,,
1147736,2018,2018-07-14,Sportpark Maarschalkerweerd,2,5.3,Ireland,Bangladesh,L Delany,GH Lewis,Panna Ghosh,0,0,,,,,,,,,
1147736,2018,2018-07-14,Sportpark Maarschalkerweerd,2,5.4,Ireland,Bangladesh,L Delany,GH Lewis,Panna Ghosh,0,0,,,,,,bowled,L Delany,,
1147736,2018,2018-07-14,Sportpark Maarschalkerweerd,2,5.5,Ireland,Bangladesh,IMHC Joyce,GH Lewis,Panna Ghosh,0,0,,,,,,,,,
1147736,2018,2018-07-14,Sportpark Maarschalkerweerd,2,5.6,Ireland,Bangladesh,IMHC Joyce,GH Lewis,Panna Ghosh,0,0,,,,,,,,,
1147736,2018,2018-07-14,Sportpark Maarschalkerweerd,2,6.1,Ireland,Bangladesh,GH Lewis,IMHC Joyce,Nahida Akter,1,0,,,,,,,,,
1147736,2018,2018-07-14,Sportpark Maarschalkerweerd,2,6.2,Ireland,Bangladesh,IMHC Joyce,GH Lewis,Nahida Akter,0,0,,,,,,,,,
1147736,2018,2018-07-14,Sportpark Maarschalkerweerd,2,6.3,Ireland,Bangladesh,IMHC Joyce,GH Lewis,Nahida Akter,4,0,,,,,,,,,
1147736,2018,2018-07-14,Sportpark Maarschalkerweerd,2,6.4,Ireland,Bangladesh,IMHC Joyce,GH Lewis,Nahida Akter,1,0,,,,,,,,,
1147736,2018,2018-07-14,Sportpark Maarschalkerweerd,2,6.5,Ireland,Bangladesh,GH Lewis,IMHC Joyce,Nahida Akter,0,0,,,,,,,,,
1147736,2018,2018-07-14,Sportpark Maarschalkerweerd,2,6.6,Ireland,Bangladesh,GH Lewis,IMHC Joyce,Nahida Akter,1,0,,,,,,,,,
1147736,2018,2018-07-14,Sportpark Maarschalkerweerd,2,7.1,Ireland,Bangladesh,GH Lewis,IMHC Joyce,Panna Ghosh,0,0,,,,,,,,,
1147736,2018,2018-07-14,Sportpark Maarschalkerweerd,2,7.2,Ireland,Bangladesh,GH Lewis,IMHC Joyce,Panna Ghosh,0,0,,,,,,,,,
1147736,2018,2018-07-14,Sportpark Maarschalkerweerd,2,7.3,Ireland,Bangladesh,GH Lewis,IMHC Joyce,Panna Ghosh,4,0,,,,,,,,,
1147736,2018,2018-07-14,Sportpark Maarschalkerweerd,2,7.4,Ireland,Bangladesh,GH Lewis,IMHC Joyce,Panna Ghosh,4,0,,,,,,,,,
1147736,2018,2018-07-14,Sportpark Maarschalkerweerd,2,7.5,Ireland,Bangladesh,GH Lewis,IMHC Joyce,Panna Ghosh,1,0,,,,,,,,,
1147736,2018,2018-07-14,Sportpark Maarschalkerweerd,2,7.6,Ireland,Bangladesh,IMHC Joyce,GH Lewis,Panna Ghosh,0,0,,,,,,,,,
1147736,2018,2018-07-14,Sportpark Maarschalkerweerd,2,8.1,Ireland,Bangladesh,GH Lewis,IMHC Joyce,Nahida Akter,2,0,,,,,,,,,
1147736,2018,2018-07-14,Sportpark Maarschalkerweerd,2,8.2,Ireland,Bangladesh,GH Lewis,IMHC Joyce,Nahida Akter,0,0,,,,,,,,,
1147736,2018,2018-07-14,Sportpark Maarschalkerweerd,2,8.3,Ireland,Bangladesh,GH Lewis,IMHC Joyce,Nahida Akter,0,0,,,,,,,,,
1147736,2018,2018-07-14,Sportpark Maarschalkerweerd,2,8.4,Ireland,Bangladesh,GH Lewis,IMHC Joyce,Nahida Akter,0,0,,,,,,,,,
1147736,2018,2018-07-14,Sportpark Maarschalkerweerd,2,8.5,Ireland,Bangladesh,GH Lewis,IMHC Joyce,Nahida Akter,1,0,,,,,,,,,
1147736,2018,2018-07-14,Sportpark Maarschalkerweerd,2,8.6,Ireland,Bangladesh,IMHC Joyce,GH Lewis,Nahida Akter,0,0,,,,,,,,,
1147736,2018,2018-07-14,Sportpark Maarschalkerweerd,2,9.1,Ireland,Bangladesh,GH Lewis,IMHC Joyce,Rumana Ahmed,0,0,,,,,,,,,
1147736,2018,2018-07-14,Sportpark Maarschalkerweerd,2,9.2,Ireland,Bangladesh,GH Lewis,IMHC Joyce,Rumana Ahmed,1,0,,,,,,,,,
1147736,2018,2018-07-14,Sportpark Maarschalkerweerd,2,9.3,Ireland,Bangladesh,IMHC Joyce,GH Lewis,Rumana Ahmed,0,0,,,,,,,,,
1147736,2018,2018-07-14,Sportpark Maarschalkerweerd,2,9.4,Ireland,Bangladesh,IMHC Joyce,GH Lewis,Rumana Ahmed,2,0,,,,,,,,,
1147736,2018,2018-07-14,Sportpark Maarschalkerweerd,2,9.5,Ireland,Bangladesh,IMHC Joyce,GH Lewis,Rumana Ahmed,1,0,,,,,,,,,
1147736,2018,2018-07-14,Sportpark Maarschalkerweerd,2,9.6,Ireland,Bangladesh,GH Lewis,IMHC Joyce,Rumana Ahmed,1,0,,,,,,,,,
1147736,2018,2018-07-14,Sportpark Maarschalkerweerd,2,10.1,Ireland,Bangladesh,GH Lewis,IMHC Joyce,Nahida Akter,1,0,,,,,,,,,
1147736,2018,2018-07-14,Sportpark Maarschalkerweerd,2,10.2,Ireland,Bangladesh,IMHC Joyce,GH Lewis,Nahida Akter,0,0,,,,,,bowled,IMHC Joyce,,
1147736,2018,2018-07-14,Sportpark Maarschalkerweerd,2,10.3,Ireland,Bangladesh,EAJ Richardson,GH Lewis,Nahida Akter,0,0,,,,,,,,,
1147736,2018,2018-07-14,Sportpark Maarschalkerweerd,2,10.4,Ireland,Bangladesh,EAJ Richardson,GH Lewis,Nahida Akter,0,0,,,,,,,,,
1147736,2018,2018-07-14,Sportpark Maarschalkerweerd,2,10.5,Ireland,Bangladesh,EAJ Richardson,GH Lewis,Nahida Akter,1,0,,,,,,,,,
1147736,2018,2018-07-14,Sportpark Maarschalkerweerd,2,10.6,Ireland,Bangladesh,GH Lewis,EAJ Richardson,Nahida Akter,1,0,,,,,,,,,
1147736,2018,2018-07-14,Sportpark Maarschalkerweerd,2,11.1,Ireland,Bangladesh,GH Lewis,EAJ Richardson,Rumana Ahmed,0,0,,,,,,stumped,GH Lewis,,
1147736,2018,2018-07-14,Sportpark Maarschalkerweerd,2,11.2,Ireland,Bangladesh,KJ Garth,EAJ Richardson,Rumana Ahmed,0,0,,,,,,,,,
1147736,2018,2018-07-14,Sportpark Maarschalkerweerd,2,11.3,Ireland,Bangladesh,KJ Garth,EAJ Richardson,Rumana Ahmed,0,0,,,,,,,,,
1147736,2018,2018-07-14,Sportpark Maarschalkerweerd,2,11.4,Ireland,Bangladesh,KJ Garth,EAJ Richardson,Rumana Ahmed,0,0,,,,,,,,,
1147736,2018,2018-07-14,Sportpark Maarschalkerweerd,2,11.5,Ireland,Bangladesh,KJ Garth,EAJ Richardson,Rumana Ahmed,0,0,,,,,,lbw,KJ Garth,,
1147736,2018,2018-07-14,Sportpark Maarschalkerweerd,2,11.6,Ireland,Bangladesh,SM Kavanagh,EAJ Richardson,Rumana Ahmed,0,0,,,,,,,,,
1147736,2018,2018-07-14,Sportpark Maarschalkerweerd,2,12.1,Ireland,Bangladesh,EAJ Richardson,SM Kavanagh,Fahima Khatun,0,1,1,,,,,,,,
1147736,2018,2018-07-14,Sportpark Maarschalkerweerd,2,12.2,Ireland,Bangladesh,EAJ Richardson,SM Kavanagh,Fahima Khatun,4,0,,,,,,,,,
1147736,2018,2018-07-14,Sportpark Maarschalkerweerd,2,12.3,Ireland,Bangladesh,EAJ Richardson,SM Kavanagh,Fahima Khatun,4,0,,,,,,,,,
1147736,2018,2018-07-14,Sportpark Maarschalkerweerd,2,12.4,Ireland,Bangladesh,EAJ Richardson,SM Kavanagh,Fahima Khatun,0,1,,1,,,,,,,
1147736,2018,2018-07-14,Sportpark Maarschalkerweerd,2,12.5,Ireland,Bangladesh,EAJ Richardson,SM Kavanagh,Fahima Khatun,1,0,,,,,,,,,
1147736,2018,2018-07-14,Sportpark Maarschalkerweerd,2,12.6,Ireland,Bangladesh,SM Kavanagh,EAJ Richardson,Fahima Khatun,1,0,,,,,,,,,
1147736,2018,2018-07-14,Sportpark Maarschalkerweerd,2,12.7,Ireland,Bangladesh,EAJ Richardson,SM Kavanagh,Fahima Khatun,1,0,,,,,,,,,
1147736,2018,2018-07-14,Sportpark Maarschalkerweerd,2,12.8,Ireland,Bangladesh,SM Kavanagh,EAJ Richardson,Fahima Khatun,0,0,,,,,,,,,
1147736,2018,2018-07-14,Sportpark Maarschalkerweerd,2,13.1,Ireland,Bangladesh,EAJ Richardson,SM Kavanagh,Rumana Ahmed,1,0,,,,,,,,,
1147736,2018,2018-07-14,Sportpark Maarschalkerweerd,2,13.2,Ireland,Bangladesh,SM Kavanagh,EAJ Richardson,Rumana Ahmed,1,0,,,,,,,,,
1147736,2018,2018-07-14,Sportpark Maarschalkerweerd,2,13.3,Ireland,Bangladesh,EAJ Richardson,SM Kavanagh,Rumana Ahmed,4,0,,,,,,,,,
1147736,2018,2018-07-14,Sportpark Maarschalkerweerd,2,13.4,Ireland,Bangladesh,EAJ Richardson,SM Kavanagh,Rumana Ahmed,1,0,,,,,,,,,
1147736,2018,2018-07-14,Sportpark Maarschalkerweerd,2,13.5,Ireland,Bangladesh,SM Kavanagh,EAJ Richardson,Rumana Ahmed,2,0,,,,,,,,,
1147736,2018,2018-07-14,Sportpark Maarschalkerweerd,2,13.6,Ireland,Bangladesh,SM Kavanagh,EAJ Richardson,Rumana Ahmed,0,0,,,,,,,,,
1147736,2018,2018-07-14,Sportpark Maarschalkerweerd,2,14.1,Ireland,Bangladesh,EAJ Richardson,SM Kavanagh,Salma Khatun,2,0,,,,,,,,,
1147736,2018,2018-07-14,Sportpark Maarschalkerweerd,2,14.2,Ireland,Bangladesh,EAJ Richardson,SM Kavanagh,Salma Khatun,2,0,,,,,,,,,
1147736,2018,2018-07-14,Sportpark Maarschalkerweerd,2,14.3,Ireland,Bangladesh,EAJ Richardson,SM Kavanagh,Salma Khatun,0,0,,,,,,,,,
1147736,2018,2018-07-14,Sportpark Maarschalkerweerd,2,14.4,Ireland,Bangladesh,EAJ Richardson,SM Kavanagh,Salma Khatun,0,0,,,,,,,,,
1147736,2018,2018-07-14,Sportpark Maarschalkerweerd,2,14.5,Ireland,Bangladesh,EAJ Richardson,SM Kavanagh,Salma Khatun,1,0,,,,,,,,,
1147736,2018,2018-07-14,Sportpark Maarschalkerweerd,2,14.6,Ireland,Bangladesh,SM Kavanagh,EAJ Richardson,Salma Khatun,0,0,,,,,,,,,
1147736,2018,2018-07-14,Sportpark Maarschalkerweerd,2,15.1,Ireland,Bangladesh,EAJ Richardson,SM Kavanagh,Panna Ghosh,0,0,,,,,,,,,
1147736,2018,2018-07-14,Sportpark Maarschalkerweerd,2,15.2,Ireland,Bangladesh,EAJ Richardson,SM Kavanagh,Panna Ghosh,1,0,,,,,,,,,
1147736,2018,2018-07-14,Sportpark Maarschalkerweerd,2,15.3,Ireland,Bangladesh,SM Kavanagh,EAJ Richardson,Panna Ghosh,0,1,,,,1,,,,,
1147736,2018,2018-07-14,Sportpark Maarschalkerweerd,2,15.4,Ireland,Bangladesh,EAJ Richardson,SM Kavanagh,Panna Ghosh,0,0,,,,,,caught,EAJ Richardson,,
1147736,2018,2018-07-14,Sportpark Maarschalkerweerd,2,15.5,Ireland,Bangladesh,SM Kavanagh,MV Waldron,Panna Ghosh,0,0,,,,,,,,,
1147736,2018,2018-07-14,Sportpark Maarschalkerweerd,2,15.6,Ireland,Bangladesh,SM Kavanagh,MV Waldron,Panna Ghosh,0,0,,,,,,caught,SM Kavanagh,,
1147736,2018,2018-07-14,Sportpark Maarschalkerweerd,2,16.1,Ireland,Bangladesh,LK O'Reilly,MV Waldron,Salma Khatun,1,0,,,,,,,,,
1147736,2018,2018-07-14,Sportpark Maarschalkerweerd,2,16.2,Ireland,Bangladesh,MV Waldron,LK O'Reilly,Salma Khatun,1,0,,,,,,,,,
1147736,2018,2018-07-14,Sportpark Maarschalkerweerd,2,16.3,Ireland,Bangladesh,LK O'Reilly,MV Waldron,Salma Khatun,0,0,,,,,,,,,
1147736,2018,2018-07-14,Sportpark Maarschalkerweerd,2,16.4,Ireland,Bangladesh,LK O'Reilly,MV Waldron,Salma Khatun,1,0,,,,,,,,,
1147736,2018,2018-07-14,Sportpark Maarschalkerweerd,2,16.5,Ireland,Bangladesh,MV Waldron,LK O'Reilly,Salma Khatun,2,0,,,,,,,,,
1147736,2018,2018-07-14,Sportpark Maarschalkerweerd,2,16.6,Ireland,Bangladesh,MV Waldron,LK O'Reilly,Salma Khatun,1,0,,,,,,,,,
1147736,2018,2018-07-14,Sportpark Maarschalkerweerd,2,17.1,Ireland,Bangladesh,MV Waldron,LK O'Reilly,Panna Ghosh,4,0,,,,,,,,,
1147736,2018,2018-07-14,Sportpark Maarschalkerweerd,2,17.2,Ireland,Bangladesh,MV Waldron,LK O'Reilly,Panna Ghosh,1,0,,,,,,,,,
1147736,2018,2018-07-14,Sportpark Maarschalkerweerd,2,17.3,Ireland,Bangladesh,LK O'Reilly,MV Waldron,Panna Ghosh,1,0,,,,,,,,,
1147736,2018,2018-07-14,Sportpark Maarschalkerweerd,2,17.4,Ireland,Bangladesh,MV Waldron,LK O'Reilly,Panna Ghosh,0,0,,,,,,bowled,MV Waldron,,
1147736,2018,2018-07-14,Sportpark Maarschalkerweerd,2,17.5,Ireland,Bangladesh,CJ Metcalfe,LK O'Reilly,Panna Ghosh,0,0,,,,,,,,,
1147736,2018,2018-07-14,Sportpark Maarschalkerweerd,2,17.6,Ireland,Bangladesh,CJ Metcalfe,LK O'Reilly,Panna Ghosh,0,0,,,,,,,,,
1147736,2018,2018-07-14,Sportpark Maarschalkerweerd,2,18.1,Ireland,Bangladesh,LK O'Reilly,CJ Metcalfe,Nahida Akter,2,0,,,,,,,,,
1147736,2018,2018-07-14,Sportpark Maarschalkerweerd,2,18.2,Ireland,Bangladesh,LK O'Reilly,CJ Metcalfe,Nahida Akter,0,0,,,,,,,,,
1147736,2018,2018-07-14,Sportpark Maarschalkerweerd,2,18.3,Ireland,Bangladesh,LK O'Reilly,CJ Metcalfe,Nahida Akter,0,0,,,,,,,,,
1147736,2018,2018-07-14,Sportpark Maarschalkerweerd,2,18.4,Ireland,Bangladesh,LK O'Reilly,CJ Metcalfe,Nahida Akter,0,0,,,,,,bowled,LK O'Reilly,,
