match_id,season,start_date,venue,innings,ball,batting_team,bowling_team,striker,non_striker,bowler,runs_off_bat,extras,wides,noballs,byes,legbyes,penalty,wicket_type,player_dismissed,other_wicket_type,other_player_dismissed
1147722,2018,2018-07-08,VRA Ground,1,0.1,Scotland,Ireland,SJ Bryce,L Jack,IMHC Joyce,0,0,,,,,,,,,
1147722,2018,2018-07-08,VRA Ground,1,0.2,Scotland,Ireland,SJ Bryce,L Jack,IMHC Joyce,0,0,,,,,,,,,
1147722,2018,2018-07-08,VRA Ground,1,0.3,Scotland,Ireland,SJ Bryce,L Jack,IMHC Joyce,1,0,,,,,,,,,
1147722,2018,2018-07-08,VRA Ground,1,0.4,Scotland,Ireland,L Jack,SJ Bryce,IMHC Joyce,1,0,,,,,,,,,
1147722,2018,2018-07-08,VRA Ground,1,0.5,Scotland,Ireland,SJ Bryce,L Jack,IMHC Joyce,0,0,,,,,,,,,
1147722,2018,2018-07-08,VRA Ground,1,0.6,Scotland,Ireland,SJ Bryce,L Jack,IMHC Joyce,0,1,1,,,,,,,,
1147722,2018,2018-07-08,VRA Ground,1,0.7,Scotland,Ireland,SJ Bryce,L Jack,IMHC Joyce,1,0,,,,,,,,,
1147722,2018,2018-07-08,VRA Ground,1,1.1,Scotland,Ireland,SJ Bryce,L Jack,EAJ Richardson,0,0,,,,,,,,,
1147722,2018,2018-07-08,VRA Ground,1,1.2,Scotland,Ireland,SJ Bryce,L Jack,EAJ Richardson,1,0,,,,,,,,,
1147722,2018,2018-07-08,VRA Ground,1,1.3,Scotland,Ireland,L Jack,SJ Bryce,EAJ Richardson,0,0,,,,,,,,,
1147722,2018,2018-07-08,VRA Ground,1,1.4,Scotland,Ireland,L Jack,SJ Bryce,EAJ Richardson,0,0,,,,,,,,,
1147722,2018,2018-07-08,VRA Ground,1,1.5,Scotland,Ireland,L Jack,SJ Bryce,EAJ Richardson,0,0,,,,,,,,,
1147722,2018,2018-07-08,VRA Ground,1,1.6,Scotland,Ireland,L Jack,SJ Bryce,EAJ Richardson,1,0,,,,,,,,,
1147722,2018,2018-07-08,VRA Ground,1,2.1,Scotland,Ireland,L Jack,SJ Bryce,IMHC Joyce,0,0,,,,,,,,,
1147722,2018,2018-07-08,VRA Ground,1,2.2,Scotland,Ireland,L Jack,SJ Bryce,IMHC Joyce,0,0,,,,,,,,,
1147722,2018,2018-07-08,VRA Ground,1,2.3,Scotland,Ireland,L Jack,SJ Bryce,IMHC Joyce,0,0,,,,,,,,,
1147722,2018,2018-07-08,VRA Ground,1,2.4,Scotland,Ireland,L Jack,SJ Bryce,IMHC Joyce,2,0,,,,,,,,,
1147722,2018,2018-07-08,VRA Ground,1,2.5,Scotland,Ireland,L Jack,SJ Bryce,IMHC Joyce,0,0,,,,,,,,,
1147722,2018,2018-07-08,VRA Ground,1,2.6,Scotland,Ireland,L Jack,SJ Bryce,IMHC Joyce,0,0,,,,,,,,,
1147722,2018,2018-07-08,VRA Ground,1,3.1,Scotland,Ireland,SJ Bryce,L Jack,EAJ Richardson,0,0,,,,,,,,,
1147722,2018,2018-07-08,VRA Ground,1,3.2,Scotland,Ireland,SJ Bryce,L Jack,EAJ Richardson,1,0,,,,,,,,,
1147722,2018,2018-07-08,VRA Ground,1,3.3,Scotland,Ireland,L Jack,SJ Bryce,EAJ Richardson,1,0,,,,,,,,,
1147722,2018,2018-07-08,VRA Ground,1,3.4,Scotland,Ireland,SJ Bryce,L Jack,EAJ Richardson,1,0,,,,,,,,,
1147722,2018,2018-07-08,VRA Ground,1,3.5,Scotland,Ireland,L Jack,SJ Bryce,EAJ Richardson,1,0,,,,,,,,,
1147722,2018,2018-07-08,VRA Ground,1,3.6,Scotland,Ireland,SJ Bryce,L Jack,EAJ Richardson,1,0,,,,,,,,,
1147722,2018,2018-07-08,VRA Ground,1,4.1,Scotland,Ireland,SJ Bryce,L Jack,CJ Metcalfe,1,0,,,,,,,,,
1147722,2018,2018-07-08,VRA Ground,1,4.2,Scotland,Ireland,L Jack,SJ Bryce,CJ Metcalfe,0,0,,,,,,,,,
1147722,2018,2018-07-08,VRA Ground,1,4.3,Scotland,Ireland,L Jack,SJ Bryce,CJ Metcalfe,0,0,,,,,,,,,
1147722,2018,2018-07-08,VRA Ground,1,4.4,Scotland,Ireland,L Jack,SJ Bryce,CJ Metcalfe,1,0,,,,,,,,,
1147722,2018,2018-07-08,VRA Ground,1,4.5,Scotland,Ireland,SJ Bryce,L Jack,CJ Metcalfe,0,0,,,,,,,,,
1147722,2018,2018-07-08,VRA Ground,1,4.6,Scotland,Ireland,SJ Bryce,L Jack,CJ Metcalfe,0,0,,,,,,,,,
1147722,2018,2018-07-08,VRA Ground,1,5.1,Scotland,Ireland,L Jack,SJ Bryce,LK O'Reilly,0,0,,,,,,caught,L Jack,,
1147722,2018,2018-07-08,VRA Ground,1,5.2,Scotland,Ireland,KE Bryce,SJ Bryce,LK O'Reilly,1,0,,,,,,,,,
1147722,2018,2018-07-08,VRA Ground,1,5.3,Scotland,Ireland,SJ Bryce,KE Bryce,LK O'Reilly,0,0,,,,,,,,,
1147722,2018,2018-07-08,VRA Ground,1,5.4,Scotland,Ireland,SJ Bryce,KE Bryce,LK O'Reilly,0,0,,,,,,,,,
1147722,2018,2018-07-08,VRA Ground,1,5.5,Scotland,Ireland,SJ Bryce,KE Bryce,LK O'Reilly,1,0,,,,,,,,,
1147722,2018,2018-07-08,VRA Ground,1,5.6,Scotland,Ireland,KE Bryce,SJ Bryce,LK O'Reilly,0,0,,,,,,,,,
1147722,2018,2018-07-08,VRA Ground,1,6.1,Scotland,Ireland,SJ Bryce,KE Bryce,CJ Metcalfe,1,0,,,,,,,,,
1147722,2018,2018-07-08,VRA Ground,1,6.2,Scotland,Ireland,KE Bryce,SJ Bryce,CJ Metcalfe,1,0,,,,,,,,,
1147722,2018,2018-07-08,VRA Ground,1,6.3,Scotland,Ireland,SJ Bryce,KE Bryce,CJ Metcalfe,2,0,,,,,,,,,
1147722,2018,2018-07-08,VRA Ground,1,6.4,Scotland,Ireland,SJ Bryce,KE Bryce,CJ Metcalfe,0,0,,,,,,,,,
1147722,2018,2018-07-08,VRA Ground,1,6.5,Scotland,Ireland,SJ Bryce,KE Bryce,CJ Metcalfe,2,0,,,,,,,,,
1147722,2018,2018-07-08,VRA Ground,1,6.6,Scotland,Ireland,SJ Bryce,KE Bryce,CJ Metcalfe,0,3,3,,,,,,,,
1147722,2018,2018-07-08,VRA Ground,1,6.7,Scotland,Ireland,SJ Bryce,KE Bryce,CJ Metcalfe,0,0,,,,,,,,,
1147722,2018,2018-07-08,VRA Ground,1,7.1,Scotland,Ireland,KE Bryce,SJ Bryce,L Delany,0,0,,,,,,,,,
1147722,2018,2018-07-08,VRA Ground,1,7.2,Scotland,Ireland,KE Bryce,SJ Bryce,L Delany,0,0,,,,,,,,,
1147722,2018,2018-07-08,VRA Ground,1,7.3,Scotland,Ireland,KE Bryce,SJ Bryce,L Delany,0,0,,,,,,,,,
1147722,2018,2018-07-08,VRA Ground,1,7.4,Scotland,Ireland,KE Bryce,SJ Bryce,L Delany,0,0,,,,,,,,,
1147722,2018,2018-07-08,VRA Ground,1,7.5,Scotland,Ireland,KE Bryce,SJ Bryce,L Delany,0,0,,,,,,,,,
1147722,2018,2018-07-08,VRA Ground,1,7.6,Scotland,Ireland,KE Bryce,SJ Bryce,L Delany,0,0,,,,,,,,,
1147722,2018,2018-07-08,VRA Ground,1,8.1,Scotland,Ireland,SJ Bryce,KE Bryce,EAJ Richardson,4,0,,,,,,,,,
1147722,2018,2018-07-08,VRA Ground,1,8.2,Scotland,Ireland,SJ Bryce,KE Bryce,EAJ Richardson,4,0,,,,,,,,,
1147722,2018,2018-07-08,VRA Ground,1,8.3,Scotland,Ireland,SJ Bryce,KE Bryce,EAJ Richardson,0,0,,,,,,,,,
1147722,2018,2018-07-08,VRA Ground,1,8.4,Scotland,Ireland,SJ Bryce,KE Bryce,EAJ Richardson,3,0,,,,,,,,,
1147722,2018,2018-07-08,VRA Ground,1,8.5,Scotland,Ireland,KE Bryce,SJ Bryce,EAJ Richardson,0,0,,,,,,,,,
1147722,2018,2018-07-08,VRA Ground,1,8.6,Scotland,Ireland,KE Bryce,SJ Bryce,EAJ Richardson,0,0,,,,,,,,,
1147722,2018,2018-07-08,VRA Ground,1,9.1,Scotland,Ireland,SJ Bryce,KE Bryce,L Delany,0,0,,,,,,,,,
1147722,2018,2018-07-08,VRA Ground,1,9.2,Scotland,Ireland,SJ Bryce,KE Bryce,L Delany,1,0,,,,,,,,,
1147722,2018,2018-07-08,VRA Ground,1,9.3,Scotland,Ireland,KE Bryce,SJ Bryce,L Delany,0,0,,,,,,,,,
1147722,2018,2018-07-08,VRA Ground,1,9.4,Scotland,Ireland,KE Bryce,SJ Bryce,L Delany,0,0,,,,,,,,,
1147722,2018,2018-07-08,VRA Ground,1,9.5,Scotland,Ireland,KE Bryce,SJ Bryce,L Delany,0,0,,,,,,,,,
1147722,2018,2018-07-08,VRA Ground,1,9.6,Scotland,Ireland,KE Bryce,SJ Bryce,L Delany,1,0,,,,,,,,,
1147722,2018,2018-07-08,VRA Ground,1,10.1,Scotland,Ireland,KE Bryce,SJ Bryce,KJ Garth,0,0,,,,,,,,,
1147722,2018,2018-07-08,VRA Ground,1,10.2,Scotland,Ireland,KE Bryce,SJ Bryce,KJ Garth,0,0,,,,,,,,,
1147722,2018,2018-07-08,VRA Ground,1,10.3,Scotland,Ireland,KE Bryce,SJ Bryce,KJ Garth,0,0,,,,,,,,,
1147722,2018,2018-07-08,VRA Ground,1,10.4,Scotland,Ireland,KE Bryce,SJ Bryce,KJ Garth,0,1,,,,1,,,,,
1147722,2018,2018-07-08,VRA Ground,1,10.5,Scotland,Ireland,SJ Bryce,KE Bryce,KJ Garth,0,0,,,,,,,,,
1147722,2018,2018-07-08,VRA Ground,1,10.6,Scotland,Ireland,SJ Bryce,KE Bryce,KJ Garth,0,4,,,4,,,,,,
1147722,2018,2018-07-08,VRA Ground,1,11.1,Scotland,Ireland,KE Bryce,SJ Bryce,LK O'Reilly,0,0,,,,,,,,,
1147722,2018,2018-07-08,VRA Ground,1,11.2,Scotland,Ireland,KE Bryce,SJ Bryce,LK O'Reilly,0,0,,,,,,,,,
1147722,2018,2018-07-08,VRA Ground,1,11.3,Scotland,Ireland,KE Bryce,SJ Bryce,LK O'Reilly,1,0,,,,,,,,,
1147722,2018,2018-07-08,VRA Ground,1,11.4,Scotland,Ireland,SJ Bryce,KE Bryce,LK O'Reilly,0,0,,,,,,,,,
1147722,2018,2018-07-08,VRA Ground,1,11.5,Scotland,Ireland,SJ Bryce,KE Bryce,LK O'Reilly,1,0,,,,,,,,,
1147722,2018,2018-07-08,VRA Ground,1,11.6,Scotland,Ireland,KE Bryce,SJ Bryce,LK O'Reilly,4,0,,,,,,,,,
1147722,2018,2018-07-08,VRA Ground,1,12.1,Scotland,Ireland,SJ Bryce,KE Bryce,KJ Garth,2,0,,,,,,,,,
1147722,2018,2018-07-08,VRA Ground,1,12.2,Scotland,Ireland,SJ Bryce,KE Bryce,KJ Garth,0,0,,,,,,,,,
1147722,2018,2018-07-08,VRA Ground,1,12.3,Scotland,Ireland,SJ Bryce,KE Bryce,KJ Garth,2,0,,,,,,,,,
1147722,2018,2018-07-08,VRA Ground,1,12.4,Scotland,Ireland,SJ Bryce,KE Bryce,KJ Garth,1,0,,,,,,,,,
1147722,2018,2018-07-08,VRA Ground,1,12.5,Scotland,Ireland,KE Bryce,SJ Bryce,KJ Garth,0,1,1,,,,,,,,
1147722,2018,2018-07-08,VRA Ground,1,12.6,Scotland,Ireland,KE Bryce,SJ Bryce,KJ Garth,1,0,,,,,,,,,
1147722,2018,2018-07-08,VRA Ground,1,12.7,Scotland,Ireland,SJ Bryce,KE Bryce,KJ Garth,0,0,,,,,,,,,
1147722,2018,2018-07-08,VRA Ground,1,13.1,Scotland,Ireland,KE Bryce,SJ Bryce,L Delany,1,0,,,,,,,,,
1147722,2018,2018-07-08,VRA Ground,1,13.2,Scotland,Ireland,SJ Bryce,KE Bryce,L Delany,2,0,,,,,,,,,
1147722,2018,2018-07-08,VRA Ground,1,13.3,Scotland,Ireland,SJ Bryce,KE Bryce,L Delany,1,0,,,,,,,,,
1147722,2018,2018-07-08,VRA Ground,1,13.4,Scotland,Ireland,KE Bryce,SJ Bryce,L Delany,2,0,,,,,,,,,
1147722,2018,2018-07-08,VRA Ground,1,13.5,Scotland,Ireland,KE Bryce,SJ Bryce,L Delany,0,0,,,,,,caught,KE Bryce,,
1147722,2018,2018-07-08,VRA Ground,1,13.6,Scotland,Ireland,SJ Bryce,RV Scholes,L Delany,1,0,,,,,,,,,
1147722,2018,2018-07-08,VRA Ground,1,14.1,Scotland,Ireland,SJ Bryce,RV Scholes,CJ Metcalfe,1,0,,,,,,,,,
1147722,2018,2018-07-08,VRA Ground,1,14.2,Scotland,Ireland,RV Scholes,SJ Bryce,CJ Metcalfe,1,0,,,,,,,,,
1147722,2018,2018-07-08,VRA Ground,1,14.3,Scotland,Ireland,SJ Bryce,RV Scholes,CJ Metcalfe,1,0,,,,,,,,,
1147722,2018,2018-07-08,VRA Ground,1,14.4,Scotland,Ireland,RV Scholes,SJ Bryce,CJ Metcalfe,0,0,,,,,,,,,
1147722,2018,2018-07-08,VRA Ground,1,14.5,Scotland,Ireland,RV Scholes,SJ Bryce,CJ Metcalfe,0,1,,,,1,,,,,
1147722,2018,2018-07-08,VRA Ground,1,14.6,Scotland,Ireland,SJ Bryce,RV Scholes,CJ Metcalfe,1,0,,,,,,,,,
1147722,2018,2018-07-08,VRA Ground,1,15.1,Scotland,Ireland,SJ Bryce,RV Scholes,LK O'Reilly,0,1,,,,1,,,,,
1147722,2018,2018-07-08,VRA Ground,1,15.2,Scotland,Ireland,RV Scholes,SJ Bryce,LK O'Reilly,0,0,,,,,,,,,
1147722,2018,2018-07-08,VRA Ground,1,15.3,Scotland,Ireland,RV Scholes,SJ Bryce,LK O'Reilly,1,0,,,,,,,,,
1147722,2018,2018-07-08,VRA Ground,1,15.4,Scotland,Ireland,SJ Bryce,RV Scholes,LK O'Reilly,2,0,,,,,,,,,
1147722,2018,2018-07-08,VRA Ground,1,15.5,Scotland,Ireland,SJ Bryce,RV Scholes,LK O'Reilly,0,1,1,,,,,,,,
1147722,2018,2018-07-08,VRA Ground,1,15.6,Scotland,Ireland,SJ Bryce,RV Scholes,LK O'Reilly,1,0,,,,,,,,,
1147722,2018,2018-07-08,VRA Ground,1,15.7,Scotland,Ireland,RV Scholes,SJ Bryce,LK O'Reilly,1,0,,,,,,,,,
1147722,2018,2018-07-08,VRA Ground,1,16.1,Scotland,Ireland,RV Scholes,SJ Bryce,IMHC Joyce,0,0,,,,,,,,,
1147722,2018,2018-07-08,VRA Ground,1,16.2,Scotland,Ireland,RV Scholes,SJ Bryce,IMHC Joyce,2,0,,,,,,,,,
1147722,2018,2018-07-08,VRA Ground,1,16.3,Scotland,Ireland,RV Scholes,SJ Bryce,IMHC Joyce,0,0,,,,,,,,,
1147722,2018,2018-07-08,VRA Ground,1,16.4,Scotland,Ireland,RV Scholes,SJ Bryce,IMHC Joyce,0,0,,,,,,,,,
1147722,2018,2018-07-08,VRA Ground,1,16.5,Scotland,Ireland,RV Scholes,SJ Bryce,IMHC Joyce,0,0,,,,,,,,,
1147722,2018,2018-07-08,VRA Ground,1,16.6,Scotland,Ireland,RV Scholes,SJ Bryce,IMHC Joyce,1,0,,,,,,,,,
1147722,2018,2018-07-08,VRA Ground,1,17.1,Scotland,Ireland,RV Scholes,SJ Bryce,L Delany,0,0,,,,,,,,,
1147722,2018,2018-07-08,VRA Ground,1,17.2,Scotland,Ireland,RV Scholes,SJ Bryce,L Delany,1,0,,,,,,,,,
1147722,2018,2018-07-08,VRA Ground,1,17.3,Scotland,Ireland,SJ Bryce,RV Scholes,L Delany,0,0,,,,,,,,,
1147722,2018,2018-07-08,VRA Ground,1,17.4,Scotland,Ireland,SJ Bryce,RV Scholes,L Delany,1,0,,,,,,,,,
1147722,2018,2018-07-08,VRA Ground,1,17.5,Scotland,Ireland,RV Scholes,SJ Bryce,L Delany,0,0,,,,,,,,,
1147722,2018,2018-07-08,VRA Ground,1,17.6,Scotland,Ireland,RV Scholes,SJ Bryce,L Delany,2,0,,,,,,,,,
1147722,2018,2018-07-08,VRA Ground,1,18.1,Scotland,Ireland,SJ Bryce,RV Scholes,IMHC Joyce,0,1,1,,,,,,,,
1147722,2018,2018-07-08,VRA Ground,1,18.2,Scotland,Ireland,SJ Bryce,RV Scholes,IMHC Joyce,2,0,,,,,,,,,
1147722,2018,2018-07-08,VRA Ground,1,18.3,Scotland,Ireland,SJ Bryce,RV Scholes,IMHC Joyce,2,0,,,,,,,,,
1147722,2018,2018-07-08,VRA Ground,1,18.4,Scotland,Ireland,SJ Bryce,RV Scholes,IMHC Joyce,0,0,,,,,,,,,
1147722,2018,2018-07-08,VRA Ground,1,18.5,Scotland,Ireland,SJ Bryce,RV Scholes,IMHC Joyce,1,0,,,,,,,,,
1147722,2018,2018-07-08,VRA Ground,1,18.6,Scotland,Ireland,RV Scholes,SJ Bryce,IMHC Joyce,1,0,,,,,,,,,
1147722,2018,2018-07-08,VRA Ground,1,18.7,Scotland,Ireland,SJ Bryce,RV Scholes,IMHC Joyce,0,0,,,,,,,,,
1147722,2018,2018-07-08,VRA Ground,1,19.1,Scotland,Ireland,RV Scholes,SJ Bryce,LK O'Reilly,1,0,,,,,,,,,
1147722,2018,2018-07-08,VRA Ground,1,19.2,Scotland,Ireland,SJ Bryce,RV Scholes,LK O'Reilly,1,0,,,,,,,,,
1147722,2018,2018-07-08,VRA Ground,1,19.3,Scotland,Ireland,RV Scholes,SJ Bryce,LK O'Reilly,4,0,,,,,,,,,
1147722,2018,2018-07-08,VRA Ground,1,19.4,Scotland,Ireland,RV Scholes,SJ Bryce,LK O'Reilly,1,0,,,,,,,,,
1147722,2018,2018-07-08,VRA Ground,1,19.5,Scotland,Ireland,SJ Bryce,RV Scholes,LK O'Reilly,1,0,,,,,,,,,
1147722,2018,2018-07-08,VRA Ground,1,19.6,Scotland,Ireland,RV Scholes,SJ Bryce,LK O'Reilly,0,0,,,,,,,,,
1147722,2018,2018-07-08,VRA Ground,2,0.1,Ireland,Scotland,CMA Shillington,CNIM Joyce,KE Bryce,0,0,,,,,,,,,
1147722,2018,2018-07-08,VRA Ground,2,0.2,Ireland,Scotland,CMA Shillington,CNIM Joyce,KE Bryce,4,0,,,,,,,,,
1147722,2018,2018-07-08,VRA Ground,2,0.3,Ireland,Scotland,CMA Shillington,CNIM Joyce,KE Bryce,4,0,,,,,,,,,
1147722,2018,2018-07-08,VRA Ground,2,0.4,Ireland,Scotland,CMA Shillington,CNIM Joyce,KE Bryce,0,0,,,,,,,,,
1147722,2018,2018-07-08,VRA Ground,2,0.5,Ireland,Scotland,CMA Shillington,CNIM Joyce,KE Bryce,2,0,,,,,,,,,
1147722,2018,2018-07-08,VRA Ground,2,0.6,Ireland,Scotland,CMA Shillington,CNIM Joyce,KE Bryce,0,0,,,,,,,,,
1147722,2018,2018-07-08,VRA Ground,2,1.1,Ireland,Scotland,CNIM Joyce,CMA Shillington,RV Scholes,0,0,,,,,,,,,
1147722,2018,2018-07-08,VRA Ground,2,1.2,Ireland,Scotland,CNIM Joyce,CMA Shillington,RV Scholes,0,0,,,,,,,,,
1147722,2018,2018-07-08,VRA Ground,2,1.3,Ireland,Scotland,CNIM Joyce,CMA Shillington,RV Scholes,2,0,,,,,,,,,
1147722,2018,2018-07-08,VRA Ground,2,1.4,Ireland,Scotland,CNIM Joyce,CMA Shillington,RV Scholes,0,0,,,,,,,,,
1147722,2018,2018-07-08,VRA Ground,2,1.5,Ireland,Scotland,CNIM Joyce,CMA Shillington,RV Scholes,3,0,,,,,,,,,
1147722,2018,2018-07-08,VRA Ground,2,1.6,Ireland,Scotland,CMA Shillington,CNIM Joyce,RV Scholes,2,0,,,,,,,,,
1147722,2018,2018-07-08,VRA Ground,2,2.1,Ireland,Scotland,CNIM Joyce,CMA Shillington,KE Bryce,0,0,,,,,,,,,
1147722,2018,2018-07-08,VRA Ground,2,2.2,Ireland,Scotland,CNIM Joyce,CMA Shillington,KE Bryce,0,0,,,,,,,,,
1147722,2018,2018-07-08,VRA Ground,2,2.3,Ireland,Scotland,CNIM Joyce,CMA Shillington,KE Bryce,0,1,,,,1,,,,,
1147722,2018,2018-07-08,VRA Ground,2,2.4,Ireland,Scotland,CMA Shillington,CNIM Joyce,KE Bryce,0,0,,,,,,,,,
1147722,2018,2018-07-08,VRA Ground,2,2.5,Ireland,Scotland,CMA Shillington,CNIM Joyce,KE Bryce,0,0,,,,,,,,,
1147722,2018,2018-07-08,VRA Ground,2,2.6,Ireland,Scotland,CMA Shillington,CNIM Joyce,KE Bryce,3,0,,,,,,,,,
1147722,2018,2018-07-08,VRA Ground,2,3.1,Ireland,Scotland,CMA Shillington,CNIM Joyce,RV Scholes,1,0,,,,,,,,,
1147722,2018,2018-07-08,VRA Ground,2,3.2,Ireland,Scotland,CNIM Joyce,CMA Shillington,RV Scholes,0,0,,,,,,,,,
1147722,2018,2018-07-08,VRA Ground,2,3.3,Ireland,Scotland,CNIM Joyce,CMA Shillington,RV Scholes,1,0,,,,,,,,,
1147722,2018,2018-07-08,VRA Ground,2,3.4,Ireland,Scotland,CMA Shillington,CNIM Joyce,RV Scholes,1,0,,,,,,,,,
1147722,2018,2018-07-08,VRA Ground,2,3.5,Ireland,Scotland,CNIM Joyce,CMA Shillington,RV Scholes,0,0,,,,,,,,,
1147722,2018,2018-07-08,VRA Ground,2,3.6,Ireland,Scotland,CNIM Joyce,CMA Shillington,RV Scholes,0,0,,,,,,,,,
1147722,2018,2018-07-08,VRA Ground,2,4.1,Ireland,Scotland,CMA Shillington,CNIM Joyce,PA Chatterji,4,0,,,,,,,,,
1147722,2018,2018-07-08,VRA Ground,2,4.2,Ireland,Scotland,CMA Shillington,CNIM Joyce,PA Chatterji,1,0,,,,,,,,,
1147722,2018,2018-07-08,VRA Ground,2,4.3,Ireland,Scotland,CNIM Joyce,CMA Shillington,PA Chatterji,1,0,,,,,,,,,
1147722,2018,2018-07-08,VRA Ground,2,4.4,Ireland,Scotland,CMA Shillington,CNIM Joyce,PA Chatterji,1,0,,,,,,,,,
1147722,2018,2018-07-08,VRA Ground,2,4.5,Ireland,Scotland,CNIM Joyce,CMA Shillington,PA Chatterji,1,0,,,,,,,,,
1147722,2018,2018-07-08,VRA Ground,2,4.6,Ireland,Scotland,CMA Shillington,CNIM Joyce,PA Chatterji,0,0,,,,,,,,,
1147722,2018,2018-07-08,VRA Ground,2,5.1,Ireland,Scotland,CNIM Joyce,CMA Shillington,K McGill,0,0,,,,,,,,,
1147722,2018,2018-07-08,VRA Ground,2,5.2,Ireland,Scotland,CNIM Joyce,CMA Shillington,K McGill,0,0,,,,,,,,,
1147722,2018,2018-07-08,VRA Ground,2,5.3,Ireland,Scotland,CNIM Joyce,CMA Shillington,K McGill,0,0,,,,,,,,,
1147722,2018,2018-07-08,VRA Ground,2,5.4,Ireland,Scotland,CNIM Joyce,CMA Shillington,K McGill,0,0,,,,,,,,,
1147722,2018,2018-07-08,VRA Ground,2,5.5,Ireland,Scotland,CNIM Joyce,CMA Shillington,K McGill,4,0,,,,,,,,,
1147722,2018,2018-07-08,VRA Ground,2,5.6,Ireland,Scotland,CNIM Joyce,CMA Shillington,K McGill,0,0,,,,,,,,,
1147722,2018,2018-07-08,VRA Ground,2,6.1,Ireland,Scotland,CMA Shillington,CNIM Joyce,PA Chatterji,1,0,,,,,,,,,
1147722,2018,2018-07-08,VRA Ground,2,6.2,Ireland,Scotland,CNIM Joyce,CMA Shillington,PA Chatterji,1,0,,,,,,,,,
1147722,2018,2018-07-08,VRA Ground,2,6.3,Ireland,Scotland,CMA Shillington,CNIM Joyce,PA Chatterji,1,0,,,,,,,,,
1147722,2018,2018-07-08,VRA Ground,2,6.4,Ireland,Scotland,CNIM Joyce,CMA Shillington,PA Chatterji,1,0,,,,,,,,,
1147722,2018,2018-07-08,VRA Ground,2,6.5,Ireland,Scotland,CMA Shillington,CNIM Joyce,PA Chatterji,0,0,,,,,,,,,
1147722,2018,2018-07-08,VRA Ground,2,6.6,Ireland,Scotland,CMA Shillington,CNIM Joyce,PA Chatterji,1,0,,,,,,,,,
1147722,2018,2018-07-08,VRA Ground,2,7.1,Ireland,Scotland,CMA Shillington,CNIM Joyce,K McGill,2,0,,,,,,,,,
1147722,2018,2018-07-08,VRA Ground,2,7.2,Ireland,Scotland,CMA Shillington,CNIM Joyce,K McGill,0,0,,,,,,,,,
1147722,2018,2018-07-08,VRA Ground,2,7.3,Ireland,Scotland,CMA Shillington,CNIM Joyce,K McGill,1,0,,,,,,,,,
1147722,2018,2018-07-08,VRA Ground,2,7.4,Ireland,Scotland,CNIM Joyce,CMA Shillington,K McGill,0,0,,,,,,,,,
1147722,2018,2018-07-08,VRA Ground,2,7.5,Ireland,Scotland,CNIM Joyce,CMA Shillington,K McGill,0,2,2,,,,,,,,
1147722,2018,2018-07-08,VRA Ground,2,7.6,Ireland,Scotland,CMA Shillington,CNIM Joyce,K McGill,2,0,,,,,,,,,
1147722,2018,2018-07-08,VRA Ground,2,7.7,Ireland,Scotland,CMA Shillington,CNIM Joyce,K McGill,2,0,,,,,,,,,
1147722,2018,2018-07-08,VRA Ground,2,8.1,Ireland,Scotland,CNIM Joyce,CMA Shillington,HRA Rainey,0,1,1,,,,,,,,
1147722,2018,2018-07-08,VRA Ground,2,8.2,Ireland,Scotland,CNIM Joyce,CMA Shillington,HRA Rainey,0,1,1,,,,,,,,
1147722,2018,2018-07-08,VRA Ground,2,8.3,Ireland,Scotland,CNIM Joyce,CMA Shillington,HRA Rainey,0,0,,,,,,,,,
1147722,2018,2018-07-08,VRA Ground,2,8.4,Ireland,Scotland,CNIM Joyce,CMA Shillington,HRA Rainey,0,1,,,,1,,,,,
1147722,2018,2018-07-08,VRA Ground,2,8.5,Ireland,Scotland,CMA Shillington,CNIM Joyce,HRA Rainey,1,0,,,,,,,,,
1147722,2018,2018-07-08,VRA Ground,2,8.6,Ireland,Scotland,CNIM Joyce,CMA Shillington,HRA Rainey,0,0,,,,,,,,,
1147722,2018,2018-07-08,VRA Ground,2,8.7,Ireland,Scotland,CNIM Joyce,CMA Shillington,HRA Rainey,0,0,,,,,,,,,
1147722,2018,2018-07-08,VRA Ground,2,8.8,Ireland,Scotland,CNIM Joyce,CMA Shillington,HRA Rainey,4,0,,,,,,,,,
1147722,2018,2018-07-08,VRA Ground,2,9.1,Ireland,Scotland,CMA Shillington,CNIM Joyce,AH Maqsood,0,1,1,,,,,,,,
1147722,2018,2018-07-08,VRA Ground,2,9.2,Ireland,Scotland,CMA Shillington,CNIM Joyce,AH Maqsood,0,0,,,,,,,,,
1147722,2018,2018-07-08,VRA Ground,2,9.3,Ireland,Scotland,CMA Shillington,CNIM Joyce,AH Maqsood,1,0,,,,,,,,,
1147722,2018,2018-07-08,VRA Ground,2,9.4,Ireland,Scotland,CNIM Joyce,CMA Shillington,AH Maqsood,0,0,,,,,,,,,
1147722,2018,2018-07-08,VRA Ground,2,9.5,Ireland,Scotland,CNIM Joyce,CMA Shillington,AH Maqsood,1,0,,,,,,,,,
1147722,2018,2018-07-08,VRA Ground,2,9.6,Ireland,Scotland,CMA Shillington,CNIM Joyce,AH Maqsood,2,0,,,,,,,,,
1147722,2018,2018-07-08,VRA Ground,2,9.7,Ireland,Scotland,CMA Shillington,CNIM Joyce,AH Maqsood,1,0,,,,,,,,,
1147722,2018,2018-07-08,VRA Ground,2,10.1,Ireland,Scotland,CMA Shillington,CNIM Joyce,A Aitken,0,1,1,,,,,,,,
1147722,2018,2018-07-08,VRA Ground,2,10.2,Ireland,Scotland,CMA Shillington,CNIM Joyce,A Aitken,1,0,,,,,,,,,
1147722,2018,2018-07-08,VRA Ground,2,10.3,Ireland,Scotland,CNIM Joyce,CMA Shillington,A Aitken,0,0,,,,,,,,,
1147722,2018,2018-07-08,VRA Ground,2,10.4,Ireland,Scotland,CNIM Joyce,CMA Shillington,A Aitken,0,1,1,,,,,,,,
1147722,2018,2018-07-08,VRA Ground,2,10.5,Ireland,Scotland,CNIM Joyce,CMA Shillington,A Aitken,0,0,,,,,,,,,
1147722,2018,2018-07-08,VRA Ground,2,10.6,Ireland,Scotland,CNIM Joyce,CMA Shillington,A Aitken,2,0,,,,,,,,,
1147722,2018,2018-07-08,VRA Ground,2,10.7,Ireland,Scotland,CNIM Joyce,CMA Shillington,A Aitken,2,0,,,,,,,,,
1147722,2018,2018-07-08,VRA Ground,2,10.8,Ireland,Scotland,CNIM Joyce,CMA Shillington,A Aitken,1,0,,,,,,,,,
1147722,2018,2018-07-08,VRA Ground,2,11.1,Ireland,Scotland,CNIM Joyce,CMA Shillington,RV Scholes,0,0,,,,,,,,,
1147722,2018,2018-07-08,VRA Ground,2,11.2,Ireland,Scotland,CNIM Joyce,CMA Shillington,RV Scholes,0,0,,,,,,,,,
1147722,2018,2018-07-08,VRA Ground,2,11.3,Ireland,Scotland,CNIM Joyce,CMA Shillington,RV Scholes,2,0,,,,,,,,,
1147722,2018,2018-07-08,VRA Ground,2,11.4,Ireland,Scotland,CNIM Joyce,CMA Shillington,RV Scholes,4,0,,,,,,,,,
1147722,2018,2018-07-08,VRA Ground,2,11.5,Ireland,Scotland,CNIM Joyce,CMA Shillington,RV Scholes,0,0,,,,,,,,,
1147722,2018,2018-07-08,VRA Ground,2,11.6,Ireland,Scotland,CNIM Joyce,CMA Shillington,RV Scholes,1,0,,,,,,,,,
1147722,2018,2018-07-08,VRA Ground,2,12.1,Ireland,Scotland,CNIM Joyce,CMA Shillington,KE Bryce,1,0,,,,,,,,,
1147722,2018,2018-07-08,VRA Ground,2,12.2,Ireland,Scotland,CMA Shillington,CNIM Joyce,KE Bryce,0,0,,,,,,,,,
1147722,2018,2018-07-08,VRA Ground,2,12.3,Ireland,Scotland,CMA Shillington,CNIM Joyce,KE Bryce,1,0,,,,,,,,,
1147722,2018,2018-07-08,VRA Ground,2,12.4,Ireland,Scotland,CNIM Joyce,CMA Shillington,KE Bryce,0,0,,,,,,,,,
1147722,2018,2018-07-08,VRA Ground,2,12.5,Ireland,Scotland,CNIM Joyce,CMA Shillington,KE Bryce,1,0,,,,,,,,,
1147722,2018,2018-07-08,VRA Ground,2,12.6,Ireland,Scotland,CMA Shillington,CNIM Joyce,KE Bryce,1,0,,,,,,,,,
1147722,2018,2018-07-08,VRA Ground,2,13.1,Ireland,Scotland,CMA Shillington,CNIM Joyce,K McGill,1,0,,,,,,,,,
1147722,2018,2018-07-08,VRA Ground,2,13.2,Ireland,Scotland,CNIM Joyce,CMA Shillington,K McGill,0,0,,,,,,,,,
1147722,2018,2018-07-08,VRA Ground,2,13.3,Ireland,Scotland,CNIM Joyce,CMA Shillington,K McGill,1,0,,,,,,,,,
1147722,2018,2018-07-08,VRA Ground,2,13.4,Ireland,Scotland,CMA Shillington,CNIM Joyce,K McGill,4,0,,,,,,,,,
1147722,2018,2018-07-08,VRA Ground,2,13.5,Ireland,Scotland,CMA Shillington,CNIM Joyce,K McGill,0,0,,,,,,,,,
1147722,2018,2018-07-08,VRA Ground,2,13.6,Ireland,Scotland,CMA Shillington,CNIM Joyce,K McGill,1,0,,,,,,,,,
1147722,2018,2018-07-08,VRA Ground,2,14.1,Ireland,Scotland,CMA Shillington,CNIM Joyce,KE Bryce,0,0,,,,,,bowled,CMA Shillington,,
1147722,2018,2018-07-08,VRA Ground,2,14.2,Ireland,Scotland,GH Lewis,CNIM Joyce,KE Bryce,1,0,,,,,,,,,
1147722,2018,2018-07-08,VRA Ground,2,14.3,Ireland,Scotland,CNIM Joyce,GH Lewis,KE Bryce,1,0,,,,,,,,,
1147722,2018,2018-07-08,VRA Ground,2,14.4,Ireland,Scotland,GH Lewis,CNIM Joyce,KE Bryce,4,0,,,,,,,,,
1147722,2018,2018-07-08,VRA Ground,2,14.5,Ireland,Scotland,GH Lewis,CNIM Joyce,KE Bryce,0,0,,,,,,,,,
1147722,2018,2018-07-08,VRA Ground,2,14.6,Ireland,Scotland,GH Lewis,CNIM Joyce,KE Bryce,1,0,,,,,,,,,
1147722,2018,2018-07-08,VRA Ground,2,15.1,Ireland,Scotland,GH Lewis,CNIM Joyce,RV Scholes,0,0,,,,,,,,,
1147722,2018,2018-07-08,VRA Ground,2,15.2,Ireland,Scotland,GH Lewis,CNIM Joyce,RV Scholes,0,0,,,,,,,,,
1147722,2018,2018-07-08,VRA Ground,2,15.3,Ireland,Scotland,GH Lewis,CNIM Joyce,RV Scholes,0,0,,,,,,,,,
1147722,2018,2018-07-08,VRA Ground,2,15.4,Ireland,Scotland,GH Lewis,CNIM Joyce,RV Scholes,2,0,,,,,,,,,
