match_id,season,start_date,venue,innings,ball,batting_team,bowling_team,striker,non_striker,bowler,runs_off_bat,extras,wides,noballs,byes,legbyes,penalty,wicket_type,player_dismissed,other_wicket_type,other_player_dismissed
1148056,2018,2018-06-06,Kinrara Academy Oval,1,0.1,India,Bangladesh,M Raj,S Mandhana,Jahanara Alam,1,0,,,,,,,,,
1148056,2018,2018-06-06,Kinrara Academy Oval,1,0.2,India,Bangladesh,S Mandhana,M Raj,Jahanara Alam,1,0,,,,,,,,,
1148056,2018,2018-06-06,Kinrara Academy Oval,1,0.3,India,Bangladesh,M Raj,S Mandhana,Jahanara Alam,0,0,,,,,,,,,
1148056,2018,2018-06-06,Kinrara Academy Oval,1,0.4,India,Bangladesh,M Raj,S Mandhana,Jahanara Alam,1,0,,,,,,,,,
1148056,2018,2018-06-06,Kinrara Academy Oval,1,0.5,India,Bangladesh,S Mandhana,M Raj,Jahanara Alam,1,0,,,,,,,,,
1148056,2018,2018-06-06,Kinrara Academy Oval,1,0.6,India,Bangladesh,M Raj,S Mandhana,Jahanara Alam,0,2,2,,,,,,,,
1148056,2018,2018-06-06,Kinrara Academy Oval,1,0.7,India,Bangladesh,S Mandhana,M Raj,Jahanara Alam,0,0,,,,,,,,,
1148056,2018,2018-06-06,Kinrara Academy Oval,1,1.1,India,Bangladesh,M Raj,S Mandhana,Salma Khatun,0,0,,,,,,,,,
1148056,2018,2018-06-06,Kinrara Academy Oval,1,1.2,India,Bangladesh,M Raj,S Mandhana,Salma Khatun,4,0,,,,,,,,,
1148056,2018,2018-06-06,Kinrara Academy Oval,1,1.3,India,Bangladesh,M Raj,S Mandhana,Salma Khatun,1,0,,,,,,,,,
1148056,2018,2018-06-06,Kinrara Academy Oval,1,1.4,India,Bangladesh,S Mandhana,M Raj,Salma Khatun,0,0,,,,,,lbw,S Mandhana,,
1148056,2018,2018-06-06,Kinrara Academy Oval,1,1.5,India,Bangladesh,P Vastrakar,M Raj,Salma Khatun,0,0,,,,,,,,,
1148056,2018,2018-06-06,Kinrara Academy Oval,1,1.6,India,Bangladesh,P Vastrakar,M Raj,Salma Khatun,4,0,,,,,,,,,
1148056,2018,2018-06-06,Kinrara Academy Oval,1,2.1,India,Bangladesh,M Raj,P Vastrakar,Jahanara Alam,0,0,,,,,,,,,
1148056,2018,2018-06-06,Kinrara Academy Oval,1,2.2,India,Bangladesh,M Raj,P Vastrakar,Jahanara Alam,0,3,3,,,,,,,,
1148056,2018,2018-06-06,Kinrara Academy Oval,1,2.3,India,Bangladesh,M Raj,P Vastrakar,Jahanara Alam,4,0,,,,,,,,,
1148056,2018,2018-06-06,Kinrara Academy Oval,1,2.4,India,Bangladesh,M Raj,P Vastrakar,Jahanara Alam,0,0,,,,,,,,,
1148056,2018,2018-06-06,Kinrara Academy Oval,1,2.5,India,Bangladesh,M Raj,P Vastrakar,Jahanara Alam,4,0,,,,,,,,,
1148056,2018,2018-06-06,Kinrara Academy Oval,1,2.6,India,Bangladesh,M Raj,P Vastrakar,Jahanara Alam,0,0,,,,,,,,,
1148056,2018,2018-06-06,Kinrara Academy Oval,1,2.7,India,Bangladesh,M Raj,P Vastrakar,Jahanara Alam,0,0,,,,,,,,,
1148056,2018,2018-06-06,Kinrara Academy Oval,1,3.1,India,Bangladesh,P Vastrakar,M Raj,Nahida Akter,0,0,,,,,,,,,
1148056,2018,2018-06-06,Kinrara Academy Oval,1,3.2,India,Bangladesh,P Vastrakar,M Raj,Nahida Akter,0,0,,,,,,run out,M Raj,,
1148056,2018,2018-06-06,Kinrara Academy Oval,1,3.3,India,Bangladesh,P Vastrakar,H Kaur,Nahida Akter,4,0,,,,,,,,,
1148056,2018,2018-06-06,Kinrara Academy Oval,1,3.4,India,Bangladesh,P Vastrakar,H Kaur,Nahida Akter,4,0,,,,,,,,,
1148056,2018,2018-06-06,Kinrara Academy Oval,1,3.5,India,Bangladesh,P Vastrakar,H Kaur,Nahida Akter,0,0,,,,,,,,,
1148056,2018,2018-06-06,Kinrara Academy Oval,1,3.6,India,Bangladesh,P Vastrakar,H Kaur,Nahida Akter,0,0,,,,,,,,,
1148056,2018,2018-06-06,Kinrara Academy Oval,1,4.1,India,Bangladesh,H Kaur,P Vastrakar,Salma Khatun,0,0,,,,,,,,,
1148056,2018,2018-06-06,Kinrara Academy Oval,1,4.2,India,Bangladesh,H Kaur,P Vastrakar,Salma Khatun,4,0,,,,,,,,,
1148056,2018,2018-06-06,Kinrara Academy Oval,1,4.3,India,Bangladesh,H Kaur,P Vastrakar,Salma Khatun,0,0,,,,,,,,,
1148056,2018,2018-06-06,Kinrara Academy Oval,1,4.4,India,Bangladesh,H Kaur,P Vastrakar,Salma Khatun,1,0,,,,,,,,,
1148056,2018,2018-06-06,Kinrara Academy Oval,1,4.5,India,Bangladesh,P Vastrakar,H Kaur,Salma Khatun,1,0,,,,,,,,,
1148056,2018,2018-06-06,Kinrara Academy Oval,1,4.6,India,Bangladesh,H Kaur,P Vastrakar,Salma Khatun,0,0,,,,,,,,,
1148056,2018,2018-06-06,Kinrara Academy Oval,1,5.1,India,Bangladesh,P Vastrakar,H Kaur,Nahida Akter,0,0,,,,,,,,,
1148056,2018,2018-06-06,Kinrara Academy Oval,1,5.2,India,Bangladesh,P Vastrakar,H Kaur,Nahida Akter,0,4,,,4,,,,,,
1148056,2018,2018-06-06,Kinrara Academy Oval,1,5.3,India,Bangladesh,P Vastrakar,H Kaur,Nahida Akter,4,0,,,,,,,,,
1148056,2018,2018-06-06,Kinrara Academy Oval,1,5.4,India,Bangladesh,P Vastrakar,H Kaur,Nahida Akter,0,0,,,,,,,,,
1148056,2018,2018-06-06,Kinrara Academy Oval,1,5.5,India,Bangladesh,P Vastrakar,H Kaur,Nahida Akter,0,0,,,,,,,,,
1148056,2018,2018-06-06,Kinrara Academy Oval,1,5.6,India,Bangladesh,P Vastrakar,H Kaur,Nahida Akter,0,0,,,,,,,,,
1148056,2018,2018-06-06,Kinrara Academy Oval,1,6.1,India,Bangladesh,H Kaur,P Vastrakar,Khadija Tul Kubra,0,0,,,,,,,,,
1148056,2018,2018-06-06,Kinrara Academy Oval,1,6.2,India,Bangladesh,H Kaur,P Vastrakar,Khadija Tul Kubra,4,0,,,,,,,,,
1148056,2018,2018-06-06,Kinrara Academy Oval,1,6.3,India,Bangladesh,H Kaur,P Vastrakar,Khadija Tul Kubra,0,0,,,,,,,,,
1148056,2018,2018-06-06,Kinrara Academy Oval,1,6.4,India,Bangladesh,H Kaur,P Vastrakar,Khadija Tul Kubra,4,0,,,,,,,,,
1148056,2018,2018-06-06,Kinrara Academy Oval,1,6.5,India,Bangladesh,H Kaur,P Vastrakar,Khadija Tul Kubra,2,0,,,,,,,,,
1148056,2018,2018-06-06,Kinrara Academy Oval,1,6.6,India,Bangladesh,H Kaur,P Vastrakar,Khadija Tul Kubra,0,0,,,,,,,,,
1148056,2018,2018-06-06,Kinrara Academy Oval,1,7.1,India,Bangladesh,P Vastrakar,H Kaur,Fahima Khatun,1,0,,,,,,,,,
1148056,2018,2018-06-06,Kinrara Academy Oval,1,7.2,India,Bangladesh,H Kaur,P Vastrakar,Fahima Khatun,1,0,,,,,,,,,
1148056,2018,2018-06-06,Kinrara Academy Oval,1,7.3,India,Bangladesh,P Vastrakar,H Kaur,Fahima Khatun,0,0,,,,,,,,,
1148056,2018,2018-06-06,Kinrara Academy Oval,1,7.4,India,Bangladesh,P Vastrakar,H Kaur,Fahima Khatun,1,0,,,,,,,,,
1148056,2018,2018-06-06,Kinrara Academy Oval,1,7.5,India,Bangladesh,H Kaur,P Vastrakar,Fahima Khatun,2,0,,,,,,,,,
1148056,2018,2018-06-06,Kinrara Academy Oval,1,7.6,India,Bangladesh,H Kaur,P Vastrakar,Fahima Khatun,1,0,,,,,,,,,
1148056,2018,2018-06-06,Kinrara Academy Oval,1,8.1,India,Bangladesh,H Kaur,P Vastrakar,Khadija Tul Kubra,0,0,,,,,,,,,
1148056,2018,2018-06-06,Kinrara Academy Oval,1,8.2,India,Bangladesh,H Kaur,P Vastrakar,Khadija Tul Kubra,4,0,,,,,,,,,
1148056,2018,2018-06-06,Kinrara Academy Oval,1,8.3,India,Bangladesh,H Kaur,P Vastrakar,Khadija Tul Kubra,0,0,,,,,,,,,
1148056,2018,2018-06-06,Kinrara Academy Oval,1,8.4,India,Bangladesh,H Kaur,P Vastrakar,Khadija Tul Kubra,1,0,,,,,,,,,
1148056,2018,2018-06-06,Kinrara Academy Oval,1,8.5,India,Bangladesh,P Vastrakar,H Kaur,Khadija Tul Kubra,0,0,,,,,,,,,
1148056,2018,2018-06-06,Kinrara Academy Oval,1,8.6,India,Bangladesh,P Vastrakar,H Kaur,Khadija Tul Kubra,1,0,,,,,,run out,P Vastrakar,,
1148056,2018,2018-06-06,Kinrara Academy Oval,1,9.1,India,Bangladesh,DB Sharma,H Kaur,Salma Khatun,1,0,,,,,,,,,
1148056,2018,2018-06-06,Kinrara Academy Oval,1,9.2,India,Bangladesh,H Kaur,DB Sharma,Salma Khatun,1,0,,,,,,,,,
1148056,2018,2018-06-06,Kinrara Academy Oval,1,9.3,India,Bangladesh,DB Sharma,H Kaur,Salma Khatun,1,0,,,,,,,,,
1148056,2018,2018-06-06,Kinrara Academy Oval,1,9.4,India,Bangladesh,H Kaur,DB Sharma,Salma Khatun,1,0,,,,,,,,,
1148056,2018,2018-06-06,Kinrara Academy Oval,1,9.5,India,Bangladesh,DB Sharma,H Kaur,Salma Khatun,1,0,,,,,,,,,
1148056,2018,2018-06-06,Kinrara Academy Oval,1,9.6,India,Bangladesh,H Kaur,DB Sharma,Salma Khatun,1,0,,,,,,,,,
1148056,2018,2018-06-06,Kinrara Academy Oval,1,10.1,India,Bangladesh,H Kaur,DB Sharma,Fahima Khatun,1,0,,,,,,,,,
1148056,2018,2018-06-06,Kinrara Academy Oval,1,10.2,India,Bangladesh,DB Sharma,H Kaur,Fahima Khatun,0,0,,,,,,,,,
1148056,2018,2018-06-06,Kinrara Academy Oval,1,10.3,India,Bangladesh,DB Sharma,H Kaur,Fahima Khatun,4,0,,,,,,,,,
1148056,2018,2018-06-06,Kinrara Academy Oval,1,10.4,India,Bangladesh,DB Sharma,H Kaur,Fahima Khatun,1,0,,,,,,,,,
1148056,2018,2018-06-06,Kinrara Academy Oval,1,10.5,India,Bangladesh,H Kaur,DB Sharma,Fahima Khatun,0,0,,,,,,,,,
1148056,2018,2018-06-06,Kinrara Academy Oval,1,10.6,India,Bangladesh,H Kaur,DB Sharma,Fahima Khatun,4,0,,,,,,,,,
1148056,2018,2018-06-06,Kinrara Academy Oval,1,11.1,India,Bangladesh,DB Sharma,H Kaur,Rumana Ahmed,1,0,,,,,,,,,
1148056,2018,2018-06-06,Kinrara Academy Oval,1,11.2,India,Bangladesh,H Kaur,DB Sharma,Rumana Ahmed,0,0,,,,,,,,,
1148056,2018,2018-06-06,Kinrara Academy Oval,1,11.3,India,Bangladesh,H Kaur,DB Sharma,Rumana Ahmed,1,0,,,,,,,,,
1148056,2018,2018-06-06,Kinrara Academy Oval,1,11.4,India,Bangladesh,DB Sharma,H Kaur,Rumana Ahmed,0,0,,,,,,,,,
1148056,2018,2018-06-06,Kinrara Academy Oval,1,11.5,India,Bangladesh,DB Sharma,H Kaur,Rumana Ahmed,0,0,,,,,,,,,
1148056,2018,2018-06-06,Kinrara Academy Oval,1,11.6,India,Bangladesh,DB Sharma,H Kaur,Rumana Ahmed,0,0,,,,,,,,,
1148056,2018,2018-06-06,Kinrara Academy Oval,1,12.1,India,Bangladesh,H Kaur,DB Sharma,Jahanara Alam,0,0,,,,,,,,,
1148056,2018,2018-06-06,Kinrara Academy Oval,1,12.2,India,Bangladesh,H Kaur,DB Sharma,Jahanara Alam,4,0,,,,,,,,,
1148056,2018,2018-06-06,Kinrara Academy Oval,1,12.3,India,Bangladesh,H Kaur,DB Sharma,Jahanara Alam,0,0,,,,,,,,,
1148056,2018,2018-06-06,Kinrara Academy Oval,1,12.4,India,Bangladesh,H Kaur,DB Sharma,Jahanara Alam,1,0,,,,,,,,,
1148056,2018,2018-06-06,Kinrara Academy Oval,1,12.5,India,Bangladesh,DB Sharma,H Kaur,Jahanara Alam,1,0,,,,,,,,,
1148056,2018,2018-06-06,Kinrara Academy Oval,1,12.6,India,Bangladesh,H Kaur,DB Sharma,Jahanara Alam,0,0,,,,,,,,,
1148056,2018,2018-06-06,Kinrara Academy Oval,1,13.1,India,Bangladesh,DB Sharma,H Kaur,Rumana Ahmed,1,0,,,,,,,,,
1148056,2018,2018-06-06,Kinrara Academy Oval,1,13.2,India,Bangladesh,H Kaur,DB Sharma,Rumana Ahmed,2,0,,,,,,,,,
1148056,2018,2018-06-06,Kinrara Academy Oval,1,13.3,India,Bangladesh,H Kaur,DB Sharma,Rumana Ahmed,1,0,,,,,,,,,
1148056,2018,2018-06-06,Kinrara Academy Oval,1,13.4,India,Bangladesh,DB Sharma,H Kaur,Rumana Ahmed,1,0,,,,,,,,,
1148056,2018,2018-06-06,Kinrara Academy Oval,1,13.5,India,Bangladesh,H Kaur,DB Sharma,Rumana Ahmed,0,0,,,,,,,,,
1148056,2018,2018-06-06,Kinrara Academy Oval,1,13.6,India,Bangladesh,H Kaur,DB Sharma,Rumana Ahmed,0,1,1,,,,,,,,
1148056,2018,2018-06-06,Kinrara Academy Oval,1,13.7,India,Bangladesh,H Kaur,DB Sharma,Rumana Ahmed,0,0,,,,,,,,,
1148056,2018,2018-06-06,Kinrara Academy Oval,1,14.1,India,Bangladesh,DB Sharma,H Kaur,Jahanara Alam,4,0,,,,,,,,,
1148056,2018,2018-06-06,Kinrara Academy Oval,1,14.2,India,Bangladesh,DB Sharma,H Kaur,Jahanara Alam,0,0,,,,,,,,,
1148056,2018,2018-06-06,Kinrara Academy Oval,1,14.3,India,Bangladesh,DB Sharma,H Kaur,Jahanara Alam,1,0,,,,,,,,,
1148056,2018,2018-06-06,Kinrara Academy Oval,1,14.4,India,Bangladesh,H Kaur,DB Sharma,Jahanara Alam,1,0,,,,,,,,,
1148056,2018,2018-06-06,Kinrara Academy Oval,1,14.5,India,Bangladesh,DB Sharma,H Kaur,Jahanara Alam,4,0,,,,,,,,,
1148056,2018,2018-06-06,Kinrara Academy Oval,1,14.6,India,Bangladesh,DB Sharma,H Kaur,Jahanara Alam,1,0,,,,,,,,,
1148056,2018,2018-06-06,Kinrara Academy Oval,1,15.1,India,Bangladesh,DB Sharma,H Kaur,Rumana Ahmed,4,0,,,,,,,,,
1148056,2018,2018-06-06,Kinrara Academy Oval,1,15.2,India,Bangladesh,DB Sharma,H Kaur,Rumana Ahmed,0,0,,,,,,,,,
1148056,2018,2018-06-06,Kinrara Academy Oval,1,15.3,India,Bangladesh,DB Sharma,H Kaur,Rumana Ahmed,0,0,,,,,,,,,
1148056,2018,2018-06-06,Kinrara Academy Oval,1,15.4,India,Bangladesh,DB Sharma,H Kaur,Rumana Ahmed,4,0,,,,,,,,,
1148056,2018,2018-06-06,Kinrara Academy Oval,1,15.5,India,Bangladesh,DB Sharma,H Kaur,Rumana Ahmed,1,0,,,,,,,,,
1148056,2018,2018-06-06,Kinrara Academy Oval,1,15.6,India,Bangladesh,H Kaur,DB Sharma,Rumana Ahmed,0,0,,,,,,caught,H Kaur,,
1148056,2018,2018-06-06,Kinrara Academy Oval,1,16.1,India,Bangladesh,DB Sharma,MR Meshram,Nahida Akter,0,0,,,,,,,,,
1148056,2018,2018-06-06,Kinrara Academy Oval,1,16.2,India,Bangladesh,DB Sharma,MR Meshram,Nahida Akter,0,0,,,,,,,,,
1148056,2018,2018-06-06,Kinrara Academy Oval,1,16.3,India,Bangladesh,DB Sharma,MR Meshram,Nahida Akter,0,0,,,,,,,,,
1148056,2018,2018-06-06,Kinrara Academy Oval,1,16.4,India,Bangladesh,DB Sharma,MR Meshram,Nahida Akter,1,0,,,,,,,,,
1148056,2018,2018-06-06,Kinrara Academy Oval,1,16.5,India,Bangladesh,MR Meshram,DB Sharma,Nahida Akter,0,0,,,,,,,,,
1148056,2018,2018-06-06,Kinrara Academy Oval,1,16.6,India,Bangladesh,MR Meshram,DB Sharma,Nahida Akter,0,0,,,,,,,,,
1148056,2018,2018-06-06,Kinrara Academy Oval,1,17.1,India,Bangladesh,DB Sharma,MR Meshram,Rumana Ahmed,0,0,,,,,,bowled,DB Sharma,,
1148056,2018,2018-06-06,Kinrara Academy Oval,1,17.2,India,Bangladesh,AA Patil,MR Meshram,Rumana Ahmed,1,0,,,,,,,,,
1148056,2018,2018-06-06,Kinrara Academy Oval,1,17.3,India,Bangladesh,MR Meshram,AA Patil,Rumana Ahmed,1,0,,,,,,,,,
1148056,2018,2018-06-06,Kinrara Academy Oval,1,17.4,India,Bangladesh,AA Patil,MR Meshram,Rumana Ahmed,0,0,,,,,,caught and bowled,AA Patil,,
1148056,2018,2018-06-06,Kinrara Academy Oval,1,17.5,India,Bangladesh,J Goswami,MR Meshram,Rumana Ahmed,1,0,,,,,,,,,
1148056,2018,2018-06-06,Kinrara Academy Oval,1,17.6,India,Bangladesh,MR Meshram,J Goswami,Rumana Ahmed,1,0,,,,,,,,,
1148056,2018,2018-06-06,Kinrara Academy Oval,1,18.1,India,Bangladesh,MR Meshram,J Goswami,Nahida Akter,4,0,,,,,,,,,
1148056,2018,2018-06-06,Kinrara Academy Oval,1,18.2,India,Bangladesh,MR Meshram,J Goswami,Nahida Akter,1,0,,,,,,,,,
1148056,2018,2018-06-06,Kinrara Academy Oval,1,18.3,India,Bangladesh,J Goswami,MR Meshram,Nahida Akter,1,0,,,,,,,,,
1148056,2018,2018-06-06,Kinrara Academy Oval,1,18.4,India,Bangladesh,MR Meshram,J Goswami,Nahida Akter,1,0,,,,,,,,,
1148056,2018,2018-06-06,Kinrara Academy Oval,1,18.5,India,Bangladesh,J Goswami,MR Meshram,Nahida Akter,1,0,,,,,,,,,
1148056,2018,2018-06-06,Kinrara Academy Oval,1,18.6,India,Bangladesh,MR Meshram,J Goswami,Nahida Akter,0,0,,,,,,,,,
1148056,2018,2018-06-06,Kinrara Academy Oval,1,19.1,India,Bangladesh,J Goswami,MR Meshram,Khadija Tul Kubra,1,0,,,,,,,,,
1148056,2018,2018-06-06,Kinrara Academy Oval,1,19.2,India,Bangladesh,MR Meshram,J Goswami,Khadija Tul Kubra,0,0,,,,,,run out,J Goswami,,
1148056,2018,2018-06-06,Kinrara Academy Oval,1,19.3,India,Bangladesh,MR Meshram,T Bhatia,Khadija Tul Kubra,1,0,,,,,,,,,
1148056,2018,2018-06-06,Kinrara Academy Oval,1,19.4,India,Bangladesh,T Bhatia,MR Meshram,Khadija Tul Kubra,1,0,,,,,,,,,
1148056,2018,2018-06-06,Kinrara Academy Oval,1,19.5,India,Bangladesh,MR Meshram,T Bhatia,Khadija Tul Kubra,4,0,,,,,,,,,
1148056,2018,2018-06-06,Kinrara Academy Oval,1,19.6,India,Bangladesh,MR Meshram,T Bhatia,Khadija Tul Kubra,1,0,,,,,,,,,
1148056,2018,2018-06-06,Kinrara Academy Oval,2,0.1,Bangladesh,India,Shamima Sultana,Ayasha Rahman,J Goswami,0,0,,,,,,,,,
1148056,2018,2018-06-06,Kinrara Academy Oval,2,0.2,Bangladesh,India,Shamima Sultana,Ayasha Rahman,J Goswami,0,0,,,,,,,,,
1148056,2018,2018-06-06,Kinrara Academy Oval,2,0.3,Bangladesh,India,Shamima Sultana,Ayasha Rahman,J Goswami,4,0,,,,,,,,,
1148056,2018,2018-06-06,Kinrara Academy Oval,2,0.4,Bangladesh,India,Shamima Sultana,Ayasha Rahman,J Goswami,1,0,,,,,,,,,
1148056,2018,2018-06-06,Kinrara Academy Oval,2,0.5,Bangladesh,India,Ayasha Rahman,Shamima Sultana,J Goswami,0,0,,,,,,,,,
1148056,2018,2018-06-06,Kinrara Academy Oval,2,0.6,Bangladesh,India,Ayasha Rahman,Shamima Sultana,J Goswami,0,0,,,,,,,,,
1148056,2018,2018-06-06,Kinrara Academy Oval,2,1.1,Bangladesh,India,Shamima Sultana,Ayasha Rahman,P Vastrakar,0,0,,,,,,,,,
1148056,2018,2018-06-06,Kinrara Academy Oval,2,1.2,Bangladesh,India,Shamima Sultana,Ayasha Rahman,P Vastrakar,0,0,,,,,,,,,
1148056,2018,2018-06-06,Kinrara Academy Oval,2,1.3,Bangladesh,India,Shamima Sultana,Ayasha Rahman,P Vastrakar,0,0,,,,,,,,,
1148056,2018,2018-06-06,Kinrara Academy Oval,2,1.4,Bangladesh,India,Shamima Sultana,Ayasha Rahman,P Vastrakar,1,0,,,,,,,,,
1148056,2018,2018-06-06,Kinrara Academy Oval,2,1.5,Bangladesh,India,Ayasha Rahman,Shamima Sultana,P Vastrakar,0,0,,,,,,,,,
1148056,2018,2018-06-06,Kinrara Academy Oval,2,1.6,Bangladesh,India,Ayasha Rahman,Shamima Sultana,P Vastrakar,4,0,,,,,,,,,
1148056,2018,2018-06-06,Kinrara Academy Oval,2,2.1,Bangladesh,India,Shamima Sultana,Ayasha Rahman,J Goswami,0,0,,,,,,,,,
1148056,2018,2018-06-06,Kinrara Academy Oval,2,2.2,Bangladesh,India,Shamima Sultana,Ayasha Rahman,J Goswami,0,0,,,,,,,,,
1148056,2018,2018-06-06,Kinrara Academy Oval,2,2.3,Bangladesh,India,Shamima Sultana,Ayasha Rahman,J Goswami,4,0,,,,,,,,,
1148056,2018,2018-06-06,Kinrara Academy Oval,2,2.4,Bangladesh,India,Shamima Sultana,Ayasha Rahman,J Goswami,0,0,,,,,,,,,
1148056,2018,2018-06-06,Kinrara Academy Oval,2,2.5,Bangladesh,India,Shamima Sultana,Ayasha Rahman,J Goswami,0,0,,,,,,,,,
1148056,2018,2018-06-06,Kinrara Academy Oval,2,2.6,Bangladesh,India,Shamima Sultana,Ayasha Rahman,J Goswami,4,0,,,,,,,,,
1148056,2018,2018-06-06,Kinrara Academy Oval,2,3.1,Bangladesh,India,Ayasha Rahman,Shamima Sultana,AA Patil,0,0,,,,,,,,,
1148056,2018,2018-06-06,Kinrara Academy Oval,2,3.2,Bangladesh,India,Ayasha Rahman,Shamima Sultana,AA Patil,0,0,,,,,,,,,
1148056,2018,2018-06-06,Kinrara Academy Oval,2,3.3,Bangladesh,India,Ayasha Rahman,Shamima Sultana,AA Patil,1,0,,,,,,,,,
1148056,2018,2018-06-06,Kinrara Academy Oval,2,3.4,Bangladesh,India,Shamima Sultana,Ayasha Rahman,AA Patil,1,0,,,,,,,,,
1148056,2018,2018-06-06,Kinrara Academy Oval,2,3.5,Bangladesh,India,Ayasha Rahman,Shamima Sultana,AA Patil,1,0,,,,,,,,,
1148056,2018,2018-06-06,Kinrara Academy Oval,2,3.6,Bangladesh,India,Shamima Sultana,Ayasha Rahman,AA Patil,1,0,,,,,,,,,
1148056,2018,2018-06-06,Kinrara Academy Oval,2,4.1,Bangladesh,India,Shamima Sultana,Ayasha Rahman,RS Gayakwad,1,0,,,,,,,,,
1148056,2018,2018-06-06,Kinrara Academy Oval,2,4.2,Bangladesh,India,Ayasha Rahman,Shamima Sultana,RS Gayakwad,6,0,,,,,,,,,
1148056,2018,2018-06-06,Kinrara Academy Oval,2,4.3,Bangladesh,India,Ayasha Rahman,Shamima Sultana,RS Gayakwad,0,0,,,,,,caught,Ayasha Rahman,,
1148056,2018,2018-06-06,Kinrara Academy Oval,2,4.4,Bangladesh,India,Fargana Hoque,Shamima Sultana,RS Gayakwad,0,0,,,,,,,,,
1148056,2018,2018-06-06,Kinrara Academy Oval,2,4.5,Bangladesh,India,Fargana Hoque,Shamima Sultana,RS Gayakwad,0,0,,,,,,,,,
1148056,2018,2018-06-06,Kinrara Academy Oval,2,4.6,Bangladesh,India,Fargana Hoque,Shamima Sultana,RS Gayakwad,0,0,,,,,,,,,
1148056,2018,2018-06-06,Kinrara Academy Oval,2,5.1,Bangladesh,India,Shamima Sultana,Fargana Hoque,P Vastrakar,4,0,,,,,,,,,
1148056,2018,2018-06-06,Kinrara Academy Oval,2,5.2,Bangladesh,India,Shamima Sultana,Fargana Hoque,P Vastrakar,4,0,,,,,,,,,
1148056,2018,2018-06-06,Kinrara Academy Oval,2,5.3,Bangladesh,India,Shamima Sultana,Fargana Hoque,P Vastrakar,0,0,,,,,,,,,
1148056,2018,2018-06-06,Kinrara Academy Oval,2,5.4,Bangladesh,India,Shamima Sultana,Fargana Hoque,P Vastrakar,4,0,,,,,,,,,
1148056,2018,2018-06-06,Kinrara Academy Oval,2,5.5,Bangladesh,India,Shamima Sultana,Fargana Hoque,P Vastrakar,4,0,,,,,,,,,
1148056,2018,2018-06-06,Kinrara Academy Oval,2,5.6,Bangladesh,India,Shamima Sultana,Fargana Hoque,P Vastrakar,0,0,,,,,,caught,Shamima Sultana,,
1148056,2018,2018-06-06,Kinrara Academy Oval,2,6.1,Bangladesh,India,Fargana Hoque,Nigar Sultana,RS Gayakwad,0,0,,,,,,,,,
1148056,2018,2018-06-06,Kinrara Academy Oval,2,6.2,Bangladesh,India,Fargana Hoque,Nigar Sultana,RS Gayakwad,1,0,,,,,,,,,
1148056,2018,2018-06-06,Kinrara Academy Oval,2,6.3,Bangladesh,India,Nigar Sultana,Fargana Hoque,RS Gayakwad,0,0,,,,,,,,,
1148056,2018,2018-06-06,Kinrara Academy Oval,2,6.4,Bangladesh,India,Nigar Sultana,Fargana Hoque,RS Gayakwad,1,0,,,,,,,,,
1148056,2018,2018-06-06,Kinrara Academy Oval,2,6.5,Bangladesh,India,Fargana Hoque,Nigar Sultana,RS Gayakwad,0,0,,,,,,,,,
1148056,2018,2018-06-06,Kinrara Academy Oval,2,6.6,Bangladesh,India,Fargana Hoque,Nigar Sultana,RS Gayakwad,1,0,,,,,,,,,
1148056,2018,2018-06-06,Kinrara Academy Oval,2,7.1,Bangladesh,India,Fargana Hoque,Nigar Sultana,Poonam Yadav,0,0,,,,,,,,,
1148056,2018,2018-06-06,Kinrara Academy Oval,2,7.2,Bangladesh,India,Fargana Hoque,Nigar Sultana,Poonam Yadav,1,0,,,,,,,,,
1148056,2018,2018-06-06,Kinrara Academy Oval,2,7.3,Bangladesh,India,Nigar Sultana,Fargana Hoque,Poonam Yadav,0,0,,,,,,,,,
1148056,2018,2018-06-06,Kinrara Academy Oval,2,7.4,Bangladesh,India,Nigar Sultana,Fargana Hoque,Poonam Yadav,0,0,,,,,,,,,
1148056,2018,2018-06-06,Kinrara Academy Oval,2,7.5,Bangladesh,India,Nigar Sultana,Fargana Hoque,Poonam Yadav,0,0,,,,,,bowled,Nigar Sultana,,
1148056,2018,2018-06-06,Kinrara Academy Oval,2,7.6,Bangladesh,India,Rumana Ahmed,Fargana Hoque,Poonam Yadav,0,0,,,,,,,,,
1148056,2018,2018-06-06,Kinrara Academy Oval,2,8.1,Bangladesh,India,Fargana Hoque,Rumana Ahmed,H Kaur,4,0,,,,,,,,,
1148056,2018,2018-06-06,Kinrara Academy Oval,2,8.2,Bangladesh,India,Fargana Hoque,Rumana Ahmed,H Kaur,0,0,,,,,,,,,
1148056,2018,2018-06-06,Kinrara Academy Oval,2,8.3,Bangladesh,India,Fargana Hoque,Rumana Ahmed,H Kaur,0,0,,,,,,,,,
1148056,2018,2018-06-06,Kinrara Academy Oval,2,8.4,Bangladesh,India,Fargana Hoque,Rumana Ahmed,H Kaur,2,0,,,,,,,,,
1148056,2018,2018-06-06,Kinrara Academy Oval,2,8.5,Bangladesh,India,Fargana Hoque,Rumana Ahmed,H Kaur,1,0,,,,,,,,,
1148056,2018,2018-06-06,Kinrara Academy Oval,2,8.6,Bangladesh,India,Rumana Ahmed,Fargana Hoque,H Kaur,4,0,,,,,,,,,
1148056,2018,2018-06-06,Kinrara Academy Oval,2,9.1,Bangladesh,India,Fargana Hoque,Rumana Ahmed,Poonam Yadav,1,0,,,,,,,,,
1148056,2018,2018-06-06,Kinrara Academy Oval,2,9.2,Bangladesh,India,Rumana Ahmed,Fargana Hoque,Poonam Yadav,1,0,,,,,,,,,
1148056,2018,2018-06-06,Kinrara Academy Oval,2,9.3,Bangladesh,India,Fargana Hoque,Rumana Ahmed,Poonam Yadav,1,0,,,,,,,,,
1148056,2018,2018-06-06,Kinrara Academy Oval,2,9.4,Bangladesh,India,Rumana Ahmed,Fargana Hoque,Poonam Yadav,0,0,,,,,,,,,
1148056,2018,2018-06-06,Kinrara Academy Oval,2,9.5,Bangladesh,India,Rumana Ahmed,Fargana Hoque,Poonam Yadav,0,0,,,,,,,,,
1148056,2018,2018-06-06,Kinrara Academy Oval,2,9.6,Bangladesh,India,Rumana Ahmed,Fargana Hoque,Poonam Yadav,4,0,,,,,,,,,
1148056,2018,2018-06-06,Kinrara Academy Oval,2,10.1,Bangladesh,India,Fargana Hoque,Rumana Ahmed,AA Patil,1,0,,,,,,,,,
1148056,2018,2018-06-06,Kinrara Academy Oval,2,10.2,Bangladesh,India,Rumana Ahmed,Fargana Hoque,AA Patil,0,0,,,,,,,,,
1148056,2018,2018-06-06,Kinrara Academy Oval,2,10.3,Bangladesh,India,Rumana Ahmed,Fargana Hoque,AA Patil,1,0,,,,,,,,,
1148056,2018,2018-06-06,Kinrara Academy Oval,2,10.4,Bangladesh,India,Fargana Hoque,Rumana Ahmed,AA Patil,4,0,,,,,,,,,
1148056,2018,2018-06-06,Kinrara Academy Oval,2,10.5,Bangladesh,India,Fargana Hoque,Rumana Ahmed,AA Patil,1,0,,,,,,,,,
1148056,2018,2018-06-06,Kinrara Academy Oval,2,10.6,Bangladesh,India,Rumana Ahmed,Fargana Hoque,AA Patil,0,0,,,,,,,,,
1148056,2018,2018-06-06,Kinrara Academy Oval,2,11.1,Bangladesh,India,Fargana Hoque,Rumana Ahmed,Poonam Yadav,0,0,,,,,,,,,
1148056,2018,2018-06-06,Kinrara Academy Oval,2,11.2,Bangladesh,India,Fargana Hoque,Rumana Ahmed,Poonam Yadav,1,0,,,,,,,,,
1148056,2018,2018-06-06,Kinrara Academy Oval,2,11.3,Bangladesh,India,Rumana Ahmed,Fargana Hoque,Poonam Yadav,1,0,,,,,,,,,
1148056,2018,2018-06-06,Kinrara Academy Oval,2,11.4,Bangladesh,India,Fargana Hoque,Rumana Ahmed,Poonam Yadav,1,0,,,,,,,,,
1148056,2018,2018-06-06,Kinrara Academy Oval,2,11.5,Bangladesh,India,Rumana Ahmed,Fargana Hoque,Poonam Yadav,1,0,,,,,,,,,
1148056,2018,2018-06-06,Kinrara Academy Oval,2,11.6,Bangladesh,India,Fargana Hoque,Rumana Ahmed,Poonam Yadav,1,0,,,,,,,,,
1148056,2018,2018-06-06,Kinrara Academy Oval,2,12.1,Bangladesh,India,Fargana Hoque,Rumana Ahmed,DB Sharma,1,0,,,,,,,,,
1148056,2018,2018-06-06,Kinrara Academy Oval,2,12.2,Bangladesh,India,Rumana Ahmed,Fargana Hoque,DB Sharma,1,0,,,,,,,,,
1148056,2018,2018-06-06,Kinrara Academy Oval,2,12.3,Bangladesh,India,Fargana Hoque,Rumana Ahmed,DB Sharma,1,0,,,,,,,,,
1148056,2018,2018-06-06,Kinrara Academy Oval,2,12.4,Bangladesh,India,Rumana Ahmed,Fargana Hoque,DB Sharma,1,0,,,,,,,,,
1148056,2018,2018-06-06,Kinrara Academy Oval,2,12.5,Bangladesh,India,Fargana Hoque,Rumana Ahmed,DB Sharma,1,0,,,,,,,,,
1148056,2018,2018-06-06,Kinrara Academy Oval,2,12.6,Bangladesh,India,Rumana Ahmed,Fargana Hoque,DB Sharma,0,0,,,,,,,,,
1148056,2018,2018-06-06,Kinrara Academy Oval,2,13.1,Bangladesh,India,Fargana Hoque,Rumana Ahmed,RS Gayakwad,0,0,,,,,,,,,
1148056,2018,2018-06-06,Kinrara Academy Oval,2,13.2,Bangladesh,India,Fargana Hoque,Rumana Ahmed,RS Gayakwad,4,0,,,,,,,,,
1148056,2018,2018-06-06,Kinrara Academy Oval,2,13.3,Bangladesh,India,Fargana Hoque,Rumana Ahmed,RS Gayakwad,0,0,,,,,,,,,
1148056,2018,2018-06-06,Kinrara Academy Oval,2,13.4,Bangladesh,India,Fargana Hoque,Rumana Ahmed,RS Gayakwad,0,0,,,,,,,,,
1148056,2018,2018-06-06,Kinrara Academy Oval,2,13.5,Bangladesh,India,Fargana Hoque,Rumana Ahmed,RS Gayakwad,0,0,,,,,,,,,
1148056,2018,2018-06-06,Kinrara Academy Oval,2,13.6,Bangladesh,India,Fargana Hoque,Rumana Ahmed,RS Gayakwad,0,0,,,,,,,,,
1148056,2018,2018-06-06,Kinrara Academy Oval,2,14.1,Bangladesh,India,Rumana Ahmed,Fargana Hoque,DB Sharma,4,0,,,,,,,,,
1148056,2018,2018-06-06,Kinrara Academy Oval,2,14.2,Bangladesh,India,Rumana Ahmed,Fargana Hoque,DB Sharma,1,0,,,,,,,,,
1148056,2018,2018-06-06,Kinrara Academy Oval,2,14.3,Bangladesh,India,Fargana Hoque,Rumana Ahmed,DB Sharma,6,0,,,,,,,,,
1148056,2018,2018-06-06,Kinrara Academy Oval,2,14.4,Bangladesh,India,Fargana Hoque,Rumana Ahmed,DB Sharma,1,0,,,,,,,,,
1148056,2018,2018-06-06,Kinrara Academy Oval,2,14.5,Bangladesh,India,Rumana Ahmed,Fargana Hoque,DB Sharma,1,0,,,,,,,,,
1148056,2018,2018-06-06,Kinrara Academy Oval,2,14.6,Bangladesh,India,Fargana Hoque,Rumana Ahmed,DB Sharma,1,0,,,,,,,,,
1148056,2018,2018-06-06,Kinrara Academy Oval,2,15.1,Bangladesh,India,Fargana Hoque,Rumana Ahmed,Poonam Yadav,1,0,,,,,,,,,
1148056,2018,2018-06-06,Kinrara Academy Oval,2,15.2,Bangladesh,India,Rumana Ahmed,Fargana Hoque,Poonam Yadav,4,0,,,,,,,,,
1148056,2018,2018-06-06,Kinrara Academy Oval,2,15.3,Bangladesh,India,Rumana Ahmed,Fargana Hoque,Poonam Yadav,1,0,,,,,,,,,
1148056,2018,2018-06-06,Kinrara Academy Oval,2,15.4,Bangladesh,India,Fargana Hoque,Rumana Ahmed,Poonam Yadav,1,0,,,,,,,,,
1148056,2018,2018-06-06,Kinrara Academy Oval,2,15.5,Bangladesh,India,Rumana Ahmed,Fargana Hoque,Poonam Yadav,0,0,,,,,,,,,
1148056,2018,2018-06-06,Kinrara Academy Oval,2,15.6,Bangladesh,India,Rumana Ahmed,Fargana Hoque,Poonam Yadav,1,0,,,,,,,,,
1148056,2018,2018-06-06,Kinrara Academy Oval,2,16.1,Bangladesh,India,Rumana Ahmed,Fargana Hoque,RS Gayakwad,0,0,,,,,,,,,
1148056,2018,2018-06-06,Kinrara Academy Oval,2,16.2,Bangladesh,India,Rumana Ahmed,Fargana Hoque,RS Gayakwad,1,0,,,,,,,,,
1148056,2018,2018-06-06,Kinrara Academy Oval,2,16.3,Bangladesh,India,Fargana Hoque,Rumana Ahmed,RS Gayakwad,4,0,,,,,,,,,
1148056,2018,2018-06-06,Kinrara Academy Oval,2,16.4,Bangladesh,India,Fargana Hoque,Rumana Ahmed,RS Gayakwad,4,0,,,,,,,,,
1148056,2018,2018-06-06,Kinrara Academy Oval,2,16.5,Bangladesh,India,Fargana Hoque,Rumana Ahmed,RS Gayakwad,1,0,,,,,,,,,
1148056,2018,2018-06-06,Kinrara Academy Oval,2,16.6,Bangladesh,India,Rumana Ahmed,Fargana Hoque,RS Gayakwad,0,1,1,,,,,,,,
1148056,2018,2018-06-06,Kinrara Academy Oval,2,16.7,Bangladesh,India,Rumana Ahmed,Fargana Hoque,RS Gayakwad,1,0,,,,,,,,,
1148056,2018,2018-06-06,Kinrara Academy Oval,2,17.1,Bangladesh,India,Rumana Ahmed,Fargana Hoque,J Goswami,4,0,,,,,,,,,
1148056,2018,2018-06-06,Kinrara Academy Oval,2,17.2,Bangladesh,India,Rumana Ahmed,Fargana Hoque,J Goswami,1,0,,,,,,,,,
1148056,2018,2018-06-06,Kinrara Academy Oval,2,17.3,Bangladesh,India,Fargana Hoque,Rumana Ahmed,J Goswami,1,0,,,,,,,,,
1148056,2018,2018-06-06,Kinrara Academy Oval,2,17.4,Bangladesh,India,Rumana Ahmed,Fargana Hoque,J Goswami,0,0,,,,,,,,,
1148056,2018,2018-06-06,Kinrara Academy Oval,2,17.5,Bangladesh,India,Rumana Ahmed,Fargana Hoque,J Goswami,4,0,,,,,,,,,
1148056,2018,2018-06-06,Kinrara Academy Oval,2,17.6,Bangladesh,India,Rumana Ahmed,Fargana Hoque,J Goswami,0,0,,,,,,,,,
1148056,2018,2018-06-06,Kinrara Academy Oval,2,18.1,Bangladesh,India,Fargana Hoque,Rumana Ahmed,AA Patil,1,0,,,,,,,,,
1148056,2018,2018-06-06,Kinrara Academy Oval,2,18.2,Bangladesh,India,Rumana Ahmed,Fargana Hoque,AA Patil,2,0,,,,,,,,,
1148056,2018,2018-06-06,Kinrara Academy Oval,2,18.3,Bangladesh,India,Rumana Ahmed,Fargana Hoque,AA Patil,1,0,,,,,,,,,
1148056,2018,2018-06-06,Kinrara Academy Oval,2,18.4,Bangladesh,India,Fargana Hoque,Rumana Ahmed,AA Patil,0,0,,,,,,,,,
1148056,2018,2018-06-06,Kinrara Academy Oval,2,18.5,Bangladesh,India,Fargana Hoque,Rumana Ahmed,AA Patil,1,0,,,,,,,,,
1148056,2018,2018-06-06,Kinrara Academy Oval,2,18.6,Bangladesh,India,Rumana Ahmed,Fargana Hoque,AA Patil,1,0,,,,,,,,,
1148056,2018,2018-06-06,Kinrara Academy Oval,2,19.1,Bangladesh,India,Rumana Ahmed,Fargana Hoque,J Goswami,1,0,,,,,,,,,
1148056,2018,2018-06-06,Kinrara Academy Oval,2,19.2,Bangladesh,India,Fargana Hoque,Rumana Ahmed,J Goswami,1,0,,,,,,,,,
1148056,2018,2018-06-06,Kinrara Academy Oval,2,19.3,Bangladesh,India,Rumana Ahmed,Fargana Hoque,J Goswami,0,1,,,,1,,,,,
1148056,2018,2018-06-06,Kinrara Academy Oval,2,19.4,Bangladesh,India,Fargana Hoque,Rumana Ahmed,J Goswami,1,0,,,,,,,,,
