match_id,season,start_date,venue,innings,ball,batting_team,bowling_team,striker,non_striker,bowler,runs_off_bat,extras,wides,noballs,byes,legbyes,penalty,wicket_type,player_dismissed,other_wicket_type,other_player_dismissed
1148050,2018,2018-06-03,Kinrara Academy Oval,1,0.1,Thailand,Pakistan,N Chantam,N Chaiwai,Diana Baig,0,0,,,,,,,,,
1148050,2018,2018-06-03,Kinrara Academy Oval,1,0.2,Thailand,Pakistan,N Chantam,N Chaiwai,Diana Baig,0,0,,,,,,,,,
1148050,2018,2018-06-03,Kinrara Academy Oval,1,0.3,Thailand,Pakistan,N Chantam,N Chaiwai,Diana Baig,0,0,,,,,,,,,
1148050,2018,2018-06-03,Kinrara Academy Oval,1,0.4,Thailand,Pakistan,N Chantam,N Chaiwai,Diana Baig,3,0,,,,,,,,,
1148050,2018,2018-06-03,Kinrara Academy Oval,1,0.5,Thailand,Pakistan,N Chaiwai,N Chantam,Diana Baig,0,0,,,,,,,,,
1148050,2018,2018-06-03,Kinrara Academy Oval,1,0.6,Thailand,Pakistan,N Chaiwai,N Chantam,Diana Baig,0,0,,,,,,,,,
1148050,2018,2018-06-03,Kinrara Academy Oval,1,1.1,Thailand,Pakistan,N Chantam,N Chaiwai,Natalia Pervaiz,0,0,,,,,,,,,
1148050,2018,2018-06-03,Kinrara Academy Oval,1,1.2,Thailand,Pakistan,N Chantam,N Chaiwai,Natalia Pervaiz,0,0,,,,,,,,,
1148050,2018,2018-06-03,Kinrara Academy Oval,1,1.3,Thailand,Pakistan,N Chantam,N Chaiwai,Natalia Pervaiz,0,0,,,,,,,,,
1148050,2018,2018-06-03,Kinrara Academy Oval,1,1.4,Thailand,Pakistan,N Chantam,N Chaiwai,Natalia Pervaiz,4,0,,,,,,,,,
1148050,2018,2018-06-03,Kinrara Academy Oval,1,1.5,Thailand,Pakistan,N Chantam,N Chaiwai,Natalia Pervaiz,1,0,,,,,,,,,
1148050,2018,2018-06-03,Kinrara Academy Oval,1,1.6,Thailand,Pakistan,N Chaiwai,N Chantam,Natalia Pervaiz,0,0,,,,,,,,,
1148050,2018,2018-06-03,Kinrara Academy Oval,1,2.1,Thailand,Pakistan,N Chantam,N Chaiwai,Diana Baig,4,0,,,,,,,,,
1148050,2018,2018-06-03,Kinrara Academy Oval,1,2.2,Thailand,Pakistan,N Chantam,N Chaiwai,Diana Baig,0,0,,,,,,,,,
1148050,2018,2018-06-03,Kinrara Academy Oval,1,2.3,Thailand,Pakistan,N Chantam,N Chaiwai,Diana Baig,0,0,,,,,,,,,
1148050,2018,2018-06-03,Kinrara Academy Oval,1,2.4,Thailand,Pakistan,N Chantam,N Chaiwai,Diana Baig,0,0,,,,,,,,,
1148050,2018,2018-06-03,Kinrara Academy Oval,1,2.5,Thailand,Pakistan,N Chantam,N Chaiwai,Diana Baig,0,0,,,,,,,,,
1148050,2018,2018-06-03,Kinrara Academy Oval,1,2.6,Thailand,Pakistan,N Chantam,N Chaiwai,Diana Baig,0,1,1,,,,,,,,
1148050,2018,2018-06-03,Kinrara Academy Oval,1,2.7,Thailand,Pakistan,N Chantam,N Chaiwai,Diana Baig,1,0,,,,,,,,,
1148050,2018,2018-06-03,Kinrara Academy Oval,1,3.1,Thailand,Pakistan,N Chantam,N Chaiwai,Natalia Pervaiz,0,0,,,,,,,,,
1148050,2018,2018-06-03,Kinrara Academy Oval,1,3.2,Thailand,Pakistan,N Chantam,N Chaiwai,Natalia Pervaiz,1,0,,,,,,,,,
1148050,2018,2018-06-03,Kinrara Academy Oval,1,3.3,Thailand,Pakistan,N Chaiwai,N Chantam,Natalia Pervaiz,0,1,,,,1,,,,,
1148050,2018,2018-06-03,Kinrara Academy Oval,1,3.4,Thailand,Pakistan,N Chantam,N Chaiwai,Natalia Pervaiz,3,0,,,,,,,,,
1148050,2018,2018-06-03,Kinrara Academy Oval,1,3.5,Thailand,Pakistan,N Chaiwai,N Chantam,Natalia Pervaiz,0,0,,,,,,,,,
1148050,2018,2018-06-03,Kinrara Academy Oval,1,3.6,Thailand,Pakistan,N Chaiwai,N Chantam,Natalia Pervaiz,0,5,5,,,,,,,,
1148050,2018,2018-06-03,Kinrara Academy Oval,1,3.7,Thailand,Pakistan,N Chaiwai,N Chantam,Natalia Pervaiz,1,0,,,,,,,,,
1148050,2018,2018-06-03,Kinrara Academy Oval,1,4.1,Thailand,Pakistan,N Chaiwai,N Chantam,Sana Mir,0,0,,,,,,,,,
1148050,2018,2018-06-03,Kinrara Academy Oval,1,4.2,Thailand,Pakistan,N Chaiwai,N Chantam,Sana Mir,0,0,,,,,,,,,
1148050,2018,2018-06-03,Kinrara Academy Oval,1,4.3,Thailand,Pakistan,N Chaiwai,N Chantam,Sana Mir,0,0,,,,,,,,,
1148050,2018,2018-06-03,Kinrara Academy Oval,1,4.4,Thailand,Pakistan,N Chaiwai,N Chantam,Sana Mir,4,0,,,,,,,,,
1148050,2018,2018-06-03,Kinrara Academy Oval,1,4.5,Thailand,Pakistan,N Chaiwai,N Chantam,Sana Mir,1,0,,,,,,,,,
1148050,2018,2018-06-03,Kinrara Academy Oval,1,4.6,Thailand,Pakistan,N Chantam,N Chaiwai,Sana Mir,0,0,,,,,,,,,
1148050,2018,2018-06-03,Kinrara Academy Oval,1,5.1,Thailand,Pakistan,N Chaiwai,N Chantam,Nashra Sandhu,0,0,,,,,,,,,
1148050,2018,2018-06-03,Kinrara Academy Oval,1,5.2,Thailand,Pakistan,N Chaiwai,N Chantam,Nashra Sandhu,1,0,,,,,,,,,
1148050,2018,2018-06-03,Kinrara Academy Oval,1,5.3,Thailand,Pakistan,N Chantam,N Chaiwai,Nashra Sandhu,0,0,,,,,,caught,N Chantam,,
1148050,2018,2018-06-03,Kinrara Academy Oval,1,5.4,Thailand,Pakistan,N Boochatham,N Chaiwai,Nashra Sandhu,0,0,,,,,,,,,
1148050,2018,2018-06-03,Kinrara Academy Oval,1,5.5,Thailand,Pakistan,N Boochatham,N Chaiwai,Nashra Sandhu,0,0,,,,,,,,,
1148050,2018,2018-06-03,Kinrara Academy Oval,1,5.6,Thailand,Pakistan,N Boochatham,N Chaiwai,Nashra Sandhu,0,0,,,,,,,,,
1148050,2018,2018-06-03,Kinrara Academy Oval,1,6.1,Thailand,Pakistan,N Chaiwai,N Boochatham,Sana Mir,0,0,,,,,,caught,N Chaiwai,,
1148050,2018,2018-06-03,Kinrara Academy Oval,1,6.2,Thailand,Pakistan,N Koncharoenkai,N Boochatham,Sana Mir,0,0,,,,,,,,,
1148050,2018,2018-06-03,Kinrara Academy Oval,1,6.3,Thailand,Pakistan,N Koncharoenkai,N Boochatham,Sana Mir,1,0,,,,,,,,,
1148050,2018,2018-06-03,Kinrara Academy Oval,1,6.4,Thailand,Pakistan,N Boochatham,N Koncharoenkai,Sana Mir,0,0,,,,,,,,,
1148050,2018,2018-06-03,Kinrara Academy Oval,1,6.5,Thailand,Pakistan,N Boochatham,N Koncharoenkai,Sana Mir,0,0,,,,,,,,,
1148050,2018,2018-06-03,Kinrara Academy Oval,1,6.6,Thailand,Pakistan,N Boochatham,N Koncharoenkai,Sana Mir,0,0,,,,,,run out,N Boochatham,,
1148050,2018,2018-06-03,Kinrara Academy Oval,1,7.1,Thailand,Pakistan,S Tippoch,N Koncharoenkai,Nashra Sandhu,0,0,,,,,,,,,
1148050,2018,2018-06-03,Kinrara Academy Oval,1,7.2,Thailand,Pakistan,S Tippoch,N Koncharoenkai,Nashra Sandhu,0,0,,,,,,,,,
1148050,2018,2018-06-03,Kinrara Academy Oval,1,7.3,Thailand,Pakistan,S Tippoch,N Koncharoenkai,Nashra Sandhu,0,0,,,,,,,,,
1148050,2018,2018-06-03,Kinrara Academy Oval,1,7.4,Thailand,Pakistan,S Tippoch,N Koncharoenkai,Nashra Sandhu,0,0,,,,,,,,,
1148050,2018,2018-06-03,Kinrara Academy Oval,1,7.5,Thailand,Pakistan,S Tippoch,N Koncharoenkai,Nashra Sandhu,0,0,,,,,,,,,
1148050,2018,2018-06-03,Kinrara Academy Oval,1,7.6,Thailand,Pakistan,S Tippoch,N Koncharoenkai,Nashra Sandhu,0,0,,,,,,,,,
1148050,2018,2018-06-03,Kinrara Academy Oval,1,8.1,Thailand,Pakistan,N Koncharoenkai,S Tippoch,Sana Mir,0,0,,,,,,,,,
1148050,2018,2018-06-03,Kinrara Academy Oval,1,8.2,Thailand,Pakistan,N Koncharoenkai,S Tippoch,Sana Mir,0,0,,,,,,stumped,N Koncharoenkai,,
1148050,2018,2018-06-03,Kinrara Academy Oval,1,8.3,Thailand,Pakistan,R Padunglerd,S Tippoch,Sana Mir,1,0,,,,,,,,,
1148050,2018,2018-06-03,Kinrara Academy Oval,1,8.4,Thailand,Pakistan,S Tippoch,R Padunglerd,Sana Mir,0,0,,,,,,,,,
1148050,2018,2018-06-03,Kinrara Academy Oval,1,8.5,Thailand,Pakistan,S Tippoch,R Padunglerd,Sana Mir,0,0,,,,,,,,,
1148050,2018,2018-06-03,Kinrara Academy Oval,1,8.6,Thailand,Pakistan,S Tippoch,R Padunglerd,Sana Mir,0,0,,,,,,,,,
1148050,2018,2018-06-03,Kinrara Academy Oval,1,9.1,Thailand,Pakistan,R Padunglerd,S Tippoch,Nashra Sandhu,0,0,,,,,,,,,
1148050,2018,2018-06-03,Kinrara Academy Oval,1,9.2,Thailand,Pakistan,R Padunglerd,S Tippoch,Nashra Sandhu,1,0,,,,,,,,,
1148050,2018,2018-06-03,Kinrara Academy Oval,1,9.3,Thailand,Pakistan,S Tippoch,R Padunglerd,Nashra Sandhu,0,0,,,,,,,,,
1148050,2018,2018-06-03,Kinrara Academy Oval,1,9.4,Thailand,Pakistan,S Tippoch,R Padunglerd,Nashra Sandhu,0,0,,,,,,,,,
1148050,2018,2018-06-03,Kinrara Academy Oval,1,9.5,Thailand,Pakistan,S Tippoch,R Padunglerd,Nashra Sandhu,1,0,,,,,,,,,
1148050,2018,2018-06-03,Kinrara Academy Oval,1,9.6,Thailand,Pakistan,R Padunglerd,S Tippoch,Nashra Sandhu,1,0,,,,,,,,,
1148050,2018,2018-06-03,Kinrara Academy Oval,1,10.1,Thailand,Pakistan,R Padunglerd,S Tippoch,Nida Dar,0,0,,,,,,,,,
1148050,2018,2018-06-03,Kinrara Academy Oval,1,10.2,Thailand,Pakistan,R Padunglerd,S Tippoch,Nida Dar,1,0,,,,,,,,,
1148050,2018,2018-06-03,Kinrara Academy Oval,1,10.3,Thailand,Pakistan,S Tippoch,R Padunglerd,Nida Dar,0,0,,,,,,,,,
1148050,2018,2018-06-03,Kinrara Academy Oval,1,10.4,Thailand,Pakistan,S Tippoch,R Padunglerd,Nida Dar,0,0,,,,,,,,,
1148050,2018,2018-06-03,Kinrara Academy Oval,1,10.5,Thailand,Pakistan,S Tippoch,R Padunglerd,Nida Dar,0,0,,,,,,,,,
1148050,2018,2018-06-03,Kinrara Academy Oval,1,10.6,Thailand,Pakistan,S Tippoch,R Padunglerd,Nida Dar,1,0,,,,,,,,,
1148050,2018,2018-06-03,Kinrara Academy Oval,1,11.1,Thailand,Pakistan,S Tippoch,R Padunglerd,Nashra Sandhu,1,0,,,,,,,,,
1148050,2018,2018-06-03,Kinrara Academy Oval,1,11.2,Thailand,Pakistan,R Padunglerd,S Tippoch,Nashra Sandhu,1,0,,,,,,,,,
1148050,2018,2018-06-03,Kinrara Academy Oval,1,11.3,Thailand,Pakistan,S Tippoch,R Padunglerd,Nashra Sandhu,2,0,,,,,,,,,
1148050,2018,2018-06-03,Kinrara Academy Oval,1,11.4,Thailand,Pakistan,S Tippoch,R Padunglerd,Nashra Sandhu,0,0,,,,,,,,,
1148050,2018,2018-06-03,Kinrara Academy Oval,1,11.5,Thailand,Pakistan,S Tippoch,R Padunglerd,Nashra Sandhu,1,0,,,,,,,,,
1148050,2018,2018-06-03,Kinrara Academy Oval,1,11.6,Thailand,Pakistan,R Padunglerd,S Tippoch,Nashra Sandhu,1,0,,,,,,,,,
1148050,2018,2018-06-03,Kinrara Academy Oval,1,12.1,Thailand,Pakistan,R Padunglerd,S Tippoch,Nida Dar,0,0,,,,,,,,,
1148050,2018,2018-06-03,Kinrara Academy Oval,1,12.2,Thailand,Pakistan,R Padunglerd,S Tippoch,Nida Dar,0,0,,,,,,,,,
1148050,2018,2018-06-03,Kinrara Academy Oval,1,12.3,Thailand,Pakistan,R Padunglerd,S Tippoch,Nida Dar,2,0,,,,,,,,,
1148050,2018,2018-06-03,Kinrara Academy Oval,1,12.4,Thailand,Pakistan,R Padunglerd,S Tippoch,Nida Dar,0,0,,,,,,,,,
1148050,2018,2018-06-03,Kinrara Academy Oval,1,12.5,Thailand,Pakistan,R Padunglerd,S Tippoch,Nida Dar,0,0,,,,,,,,,
1148050,2018,2018-06-03,Kinrara Academy Oval,1,12.6,Thailand,Pakistan,R Padunglerd,S Tippoch,Nida Dar,0,0,,,,,,,,,
1148050,2018,2018-06-03,Kinrara Academy Oval,1,13.1,Thailand,Pakistan,S Tippoch,R Padunglerd,Bismah Maroof,1,0,,,,,,,,,
1148050,2018,2018-06-03,Kinrara Academy Oval,1,13.2,Thailand,Pakistan,R Padunglerd,S Tippoch,Bismah Maroof,0,0,,,,,,,,,
1148050,2018,2018-06-03,Kinrara Academy Oval,1,13.3,Thailand,Pakistan,R Padunglerd,S Tippoch,Bismah Maroof,0,0,,,,,,,,,
1148050,2018,2018-06-03,Kinrara Academy Oval,1,13.4,Thailand,Pakistan,R Padunglerd,S Tippoch,Bismah Maroof,1,0,,,,,,,,,
1148050,2018,2018-06-03,Kinrara Academy Oval,1,13.5,Thailand,Pakistan,S Tippoch,R Padunglerd,Bismah Maroof,0,0,,,,,,,,,
1148050,2018,2018-06-03,Kinrara Academy Oval,1,13.6,Thailand,Pakistan,S Tippoch,R Padunglerd,Bismah Maroof,1,0,,,,,,,,,
1148050,2018,2018-06-03,Kinrara Academy Oval,1,14.1,Thailand,Pakistan,S Tippoch,R Padunglerd,Nida Dar,0,0,,,,,,,,,
1148050,2018,2018-06-03,Kinrara Academy Oval,1,14.2,Thailand,Pakistan,S Tippoch,R Padunglerd,Nida Dar,2,0,,,,,,,,,
1148050,2018,2018-06-03,Kinrara Academy Oval,1,14.3,Thailand,Pakistan,S Tippoch,R Padunglerd,Nida Dar,0,0,,,,,,,,,
1148050,2018,2018-06-03,Kinrara Academy Oval,1,14.4,Thailand,Pakistan,S Tippoch,R Padunglerd,Nida Dar,0,0,,,,,,,,,
1148050,2018,2018-06-03,Kinrara Academy Oval,1,14.5,Thailand,Pakistan,S Tippoch,R Padunglerd,Nida Dar,1,0,,,,,,,,,
1148050,2018,2018-06-03,Kinrara Academy Oval,1,14.6,Thailand,Pakistan,R Padunglerd,S Tippoch,Nida Dar,0,0,,,,,,bowled,R Padunglerd,,
1148050,2018,2018-06-03,Kinrara Academy Oval,1,15.1,Thailand,Pakistan,S Tippoch,C Sutthiruang,Bismah Maroof,0,0,,,,,,,,,
1148050,2018,2018-06-03,Kinrara Academy Oval,1,15.2,Thailand,Pakistan,S Tippoch,C Sutthiruang,Bismah Maroof,0,0,,,,,,,,,
1148050,2018,2018-06-03,Kinrara Academy Oval,1,15.3,Thailand,Pakistan,S Tippoch,C Sutthiruang,Bismah Maroof,0,0,,,,,,,,,
1148050,2018,2018-06-03,Kinrara Academy Oval,1,15.4,Thailand,Pakistan,S Tippoch,C Sutthiruang,Bismah Maroof,1,0,,,,,,,,,
1148050,2018,2018-06-03,Kinrara Academy Oval,1,15.5,Thailand,Pakistan,C Sutthiruang,S Tippoch,Bismah Maroof,1,0,,,,,,,,,
1148050,2018,2018-06-03,Kinrara Academy Oval,1,15.6,Thailand,Pakistan,S Tippoch,C Sutthiruang,Bismah Maroof,1,0,,,,,,,,,
1148050,2018,2018-06-03,Kinrara Academy Oval,1,16.1,Thailand,Pakistan,S Tippoch,C Sutthiruang,Nida Dar,1,0,,,,,,,,,
1148050,2018,2018-06-03,Kinrara Academy Oval,1,16.2,Thailand,Pakistan,C Sutthiruang,S Tippoch,Nida Dar,0,0,,,,,,,,,
1148050,2018,2018-06-03,Kinrara Academy Oval,1,16.3,Thailand,Pakistan,C Sutthiruang,S Tippoch,Nida Dar,0,0,,,,,,,,,
1148050,2018,2018-06-03,Kinrara Academy Oval,1,16.4,Thailand,Pakistan,C Sutthiruang,S Tippoch,Nida Dar,1,0,,,,,,,,,
1148050,2018,2018-06-03,Kinrara Academy Oval,1,16.5,Thailand,Pakistan,S Tippoch,C Sutthiruang,Nida Dar,0,0,,,,,,,,,
1148050,2018,2018-06-03,Kinrara Academy Oval,1,16.6,Thailand,Pakistan,S Tippoch,C Sutthiruang,Nida Dar,2,0,,,,,,,,,
1148050,2018,2018-06-03,Kinrara Academy Oval,1,17.1,Thailand,Pakistan,C Sutthiruang,S Tippoch,Kainat Imtiaz,1,0,,,,,,,,,
1148050,2018,2018-06-03,Kinrara Academy Oval,1,17.2,Thailand,Pakistan,S Tippoch,C Sutthiruang,Kainat Imtiaz,1,0,,,,,,,,,
1148050,2018,2018-06-03,Kinrara Academy Oval,1,17.3,Thailand,Pakistan,C Sutthiruang,S Tippoch,Kainat Imtiaz,0,0,,,,,,bowled,C Sutthiruang,,
1148050,2018,2018-06-03,Kinrara Academy Oval,1,17.4,Thailand,Pakistan,W Liengprasert,S Tippoch,Kainat Imtiaz,0,0,,,,,,,,,
1148050,2018,2018-06-03,Kinrara Academy Oval,1,17.5,Thailand,Pakistan,W Liengprasert,S Tippoch,Kainat Imtiaz,0,0,,,,,,,,,
1148050,2018,2018-06-03,Kinrara Academy Oval,1,17.6,Thailand,Pakistan,W Liengprasert,S Tippoch,Kainat Imtiaz,1,0,,,,,,,,,
1148050,2018,2018-06-03,Kinrara Academy Oval,1,18.1,Thailand,Pakistan,W Liengprasert,S Tippoch,Diana Baig,0,0,,,,,,run out,S Tippoch,,
1148050,2018,2018-06-03,Kinrara Academy Oval,1,18.2,Thailand,Pakistan,S Saengsakaorat,W Liengprasert,Diana Baig,1,0,,,,,,,,,
1148050,2018,2018-06-03,Kinrara Academy Oval,1,18.3,Thailand,Pakistan,W Liengprasert,S Saengsakaorat,Diana Baig,0,0,,,,,,bowled,W Liengprasert,,
1148050,2018,2018-06-03,Kinrara Academy Oval,1,18.4,Thailand,Pakistan,S Saenya,S Saengsakaorat,Diana Baig,0,0,,,,,,,,,
1148050,2018,2018-06-03,Kinrara Academy Oval,1,18.5,Thailand,Pakistan,S Saenya,S Saengsakaorat,Diana Baig,1,0,,,,,,,,,
1148050,2018,2018-06-03,Kinrara Academy Oval,1,18.6,Thailand,Pakistan,S Saengsakaorat,S Saenya,Diana Baig,0,1,1,,,,,,,,
1148050,2018,2018-06-03,Kinrara Academy Oval,1,18.7,Thailand,Pakistan,S Saengsakaorat,S Saenya,Diana Baig,0,0,,,,,,,,,
1148050,2018,2018-06-03,Kinrara Academy Oval,1,19.1,Thailand,Pakistan,S Saenya,S Saengsakaorat,Kainat Imtiaz,0,0,,,,,,,,,
1148050,2018,2018-06-03,Kinrara Academy Oval,1,19.2,Thailand,Pakistan,S Saenya,S Saengsakaorat,Kainat Imtiaz,1,0,,,,,,,,,
1148050,2018,2018-06-03,Kinrara Academy Oval,1,19.3,Thailand,Pakistan,S Saengsakaorat,S Saenya,Kainat Imtiaz,0,0,,,,,,,,,
1148050,2018,2018-06-03,Kinrara Academy Oval,1,19.4,Thailand,Pakistan,S Saengsakaorat,S Saenya,Kainat Imtiaz,1,0,,,,,,,,,
1148050,2018,2018-06-03,Kinrara Academy Oval,1,19.5,Thailand,Pakistan,S Saenya,S Saengsakaorat,Kainat Imtiaz,0,0,,,,,,,,,
1148050,2018,2018-06-03,Kinrara Academy Oval,1,19.6,Thailand,Pakistan,S Saenya,S Saengsakaorat,Kainat Imtiaz,0,0,,,,,,,,,
1148050,2018,2018-06-03,Kinrara Academy Oval,2,0.1,Pakistan,Thailand,Nahida Khan,Muneeba Ali,C Sutthiruang,0,0,,,,,,,,,
1148050,2018,2018-06-03,Kinrara Academy Oval,2,0.2,Pakistan,Thailand,Nahida Khan,Muneeba Ali,C Sutthiruang,0,0,,,,,,,,,
1148050,2018,2018-06-03,Kinrara Academy Oval,2,0.3,Pakistan,Thailand,Nahida Khan,Muneeba Ali,C Sutthiruang,4,0,,,,,,,,,
1148050,2018,2018-06-03,Kinrara Academy Oval,2,0.4,Pakistan,Thailand,Nahida Khan,Muneeba Ali,C Sutthiruang,1,0,,,,,,,,,
1148050,2018,2018-06-03,Kinrara Academy Oval,2,0.5,Pakistan,Thailand,Muneeba Ali,Nahida Khan,C Sutthiruang,1,0,,,,,,,,,
1148050,2018,2018-06-03,Kinrara Academy Oval,2,0.6,Pakistan,Thailand,Nahida Khan,Muneeba Ali,C Sutthiruang,0,0,,,,,,,,,
1148050,2018,2018-06-03,Kinrara Academy Oval,2,1.1,Pakistan,Thailand,Muneeba Ali,Nahida Khan,R Padunglerd,0,1,1,,,,,,,,
1148050,2018,2018-06-03,Kinrara Academy Oval,2,1.2,Pakistan,Thailand,Muneeba Ali,Nahida Khan,R Padunglerd,0,0,,,,,,,,,
1148050,2018,2018-06-03,Kinrara Academy Oval,2,1.3,Pakistan,Thailand,Muneeba Ali,Nahida Khan,R Padunglerd,0,0,,,,,,,,,
1148050,2018,2018-06-03,Kinrara Academy Oval,2,1.4,Pakistan,Thailand,Muneeba Ali,Nahida Khan,R Padunglerd,1,0,,,,,,,,,
1148050,2018,2018-06-03,Kinrara Academy Oval,2,1.5,Pakistan,Thailand,Nahida Khan,Muneeba Ali,R Padunglerd,4,0,,,,,,,,,
1148050,2018,2018-06-03,Kinrara Academy Oval,2,1.6,Pakistan,Thailand,Nahida Khan,Muneeba Ali,R Padunglerd,4,0,,,,,,,,,
1148050,2018,2018-06-03,Kinrara Academy Oval,2,1.7,Pakistan,Thailand,Nahida Khan,Muneeba Ali,R Padunglerd,1,0,,,,,,,,,
1148050,2018,2018-06-03,Kinrara Academy Oval,2,2.1,Pakistan,Thailand,Nahida Khan,Muneeba Ali,C Sutthiruang,0,0,,,,,,,,,
1148050,2018,2018-06-03,Kinrara Academy Oval,2,2.2,Pakistan,Thailand,Nahida Khan,Muneeba Ali,C Sutthiruang,4,0,,,,,,,,,
1148050,2018,2018-06-03,Kinrara Academy Oval,2,2.3,Pakistan,Thailand,Nahida Khan,Muneeba Ali,C Sutthiruang,1,0,,,,,,,,,
1148050,2018,2018-06-03,Kinrara Academy Oval,2,2.4,Pakistan,Thailand,Muneeba Ali,Nahida Khan,C Sutthiruang,1,0,,,,,,,,,
1148050,2018,2018-06-03,Kinrara Academy Oval,2,2.5,Pakistan,Thailand,Nahida Khan,Muneeba Ali,C Sutthiruang,0,0,,,,,,,,,
1148050,2018,2018-06-03,Kinrara Academy Oval,2,2.6,Pakistan,Thailand,Nahida Khan,Muneeba Ali,C Sutthiruang,1,0,,,,,,,,,
1148050,2018,2018-06-03,Kinrara Academy Oval,2,3.1,Pakistan,Thailand,Nahida Khan,Muneeba Ali,S Tippoch,1,0,,,,,,,,,
1148050,2018,2018-06-03,Kinrara Academy Oval,2,3.2,Pakistan,Thailand,Muneeba Ali,Nahida Khan,S Tippoch,0,0,,,,,,,,,
1148050,2018,2018-06-03,Kinrara Academy Oval,2,3.3,Pakistan,Thailand,Muneeba Ali,Nahida Khan,S Tippoch,0,0,,,,,,,,,
1148050,2018,2018-06-03,Kinrara Academy Oval,2,3.4,Pakistan,Thailand,Muneeba Ali,Nahida Khan,S Tippoch,0,0,,,,,,,,,
1148050,2018,2018-06-03,Kinrara Academy Oval,2,3.5,Pakistan,Thailand,Muneeba Ali,Nahida Khan,S Tippoch,0,0,,,,,,,,,
1148050,2018,2018-06-03,Kinrara Academy Oval,2,3.6,Pakistan,Thailand,Muneeba Ali,Nahida Khan,S Tippoch,1,0,,,,,,,,,
1148050,2018,2018-06-03,Kinrara Academy Oval,2,4.1,Pakistan,Thailand,Muneeba Ali,Nahida Khan,N Boochatham,1,0,,,,,,,,,
1148050,2018,2018-06-03,Kinrara Academy Oval,2,4.2,Pakistan,Thailand,Nahida Khan,Muneeba Ali,N Boochatham,1,0,,,,,,,,,
1148050,2018,2018-06-03,Kinrara Academy Oval,2,4.3,Pakistan,Thailand,Muneeba Ali,Nahida Khan,N Boochatham,1,0,,,,,,,,,
1148050,2018,2018-06-03,Kinrara Academy Oval,2,4.4,Pakistan,Thailand,Nahida Khan,Muneeba Ali,N Boochatham,0,0,,,,,,,,,
1148050,2018,2018-06-03,Kinrara Academy Oval,2,4.5,Pakistan,Thailand,Nahida Khan,Muneeba Ali,N Boochatham,1,0,,,,,,,,,
1148050,2018,2018-06-03,Kinrara Academy Oval,2,4.6,Pakistan,Thailand,Muneeba Ali,Nahida Khan,N Boochatham,0,0,,,,,,bowled,Muneeba Ali,,
1148050,2018,2018-06-03,Kinrara Academy Oval,2,5.1,Pakistan,Thailand,Nahida Khan,Bismah Maroof,S Tippoch,0,0,,,,,,,,,
1148050,2018,2018-06-03,Kinrara Academy Oval,2,5.2,Pakistan,Thailand,Nahida Khan,Bismah Maroof,S Tippoch,0,0,,,,,,,,,
1148050,2018,2018-06-03,Kinrara Academy Oval,2,5.3,Pakistan,Thailand,Nahida Khan,Bismah Maroof,S Tippoch,0,0,,,,,,,,,
1148050,2018,2018-06-03,Kinrara Academy Oval,2,5.4,Pakistan,Thailand,Nahida Khan,Bismah Maroof,S Tippoch,0,0,,,,,,,,,
1148050,2018,2018-06-03,Kinrara Academy Oval,2,5.5,Pakistan,Thailand,Nahida Khan,Bismah Maroof,S Tippoch,0,0,,,,,,,,,
1148050,2018,2018-06-03,Kinrara Academy Oval,2,5.6,Pakistan,Thailand,Nahida Khan,Bismah Maroof,S Tippoch,1,0,,,,,,,,,
1148050,2018,2018-06-03,Kinrara Academy Oval,2,6.1,Pakistan,Thailand,Nahida Khan,Bismah Maroof,N Boochatham,4,0,,,,,,,,,
1148050,2018,2018-06-03,Kinrara Academy Oval,2,6.2,Pakistan,Thailand,Nahida Khan,Bismah Maroof,N Boochatham,0,0,,,,,,,,,
1148050,2018,2018-06-03,Kinrara Academy Oval,2,6.3,Pakistan,Thailand,Nahida Khan,Bismah Maroof,N Boochatham,1,0,,,,,,,,,
1148050,2018,2018-06-03,Kinrara Academy Oval,2,6.4,Pakistan,Thailand,Bismah Maroof,Nahida Khan,N Boochatham,1,0,,,,,,,,,
1148050,2018,2018-06-03,Kinrara Academy Oval,2,6.5,Pakistan,Thailand,Nahida Khan,Bismah Maroof,N Boochatham,0,0,,,,,,,,,
1148050,2018,2018-06-03,Kinrara Academy Oval,2,6.6,Pakistan,Thailand,Nahida Khan,Bismah Maroof,N Boochatham,1,0,,,,,,,,,
1148050,2018,2018-06-03,Kinrara Academy Oval,2,7.1,Pakistan,Thailand,Nahida Khan,Bismah Maroof,S Laomi,1,0,,,,,,,,,
1148050,2018,2018-06-03,Kinrara Academy Oval,2,7.2,Pakistan,Thailand,Bismah Maroof,Nahida Khan,S Laomi,3,0,,,,,,,,,
1148050,2018,2018-06-03,Kinrara Academy Oval,2,7.3,Pakistan,Thailand,Nahida Khan,Bismah Maroof,S Laomi,0,0,,,,,,,,,
1148050,2018,2018-06-03,Kinrara Academy Oval,2,7.4,Pakistan,Thailand,Nahida Khan,Bismah Maroof,S Laomi,1,0,,,,,,,,,
1148050,2018,2018-06-03,Kinrara Academy Oval,2,7.5,Pakistan,Thailand,Bismah Maroof,Nahida Khan,S Laomi,0,0,,,,,,,,,
1148050,2018,2018-06-03,Kinrara Academy Oval,2,7.6,Pakistan,Thailand,Bismah Maroof,Nahida Khan,S Laomi,1,0,,,,,,,,,
1148050,2018,2018-06-03,Kinrara Academy Oval,2,8.1,Pakistan,Thailand,Bismah Maroof,Nahida Khan,S Tippoch,0,0,,,,,,,,,
1148050,2018,2018-06-03,Kinrara Academy Oval,2,8.2,Pakistan,Thailand,Bismah Maroof,Nahida Khan,S Tippoch,1,0,,,,,,,,,
1148050,2018,2018-06-03,Kinrara Academy Oval,2,8.3,Pakistan,Thailand,Nahida Khan,Bismah Maroof,S Tippoch,1,0,,,,,,,,,
1148050,2018,2018-06-03,Kinrara Academy Oval,2,8.4,Pakistan,Thailand,Bismah Maroof,Nahida Khan,S Tippoch,0,0,,,,,,stumped,Bismah Maroof,,
1148050,2018,2018-06-03,Kinrara Academy Oval,2,8.5,Pakistan,Thailand,Javeria Khan,Nahida Khan,S Tippoch,0,0,,,,,,,,,
1148050,2018,2018-06-03,Kinrara Academy Oval,2,8.6,Pakistan,Thailand,Javeria Khan,Nahida Khan,S Tippoch,0,0,,,,,,,,,
1148050,2018,2018-06-03,Kinrara Academy Oval,2,9.1,Pakistan,Thailand,Nahida Khan,Javeria Khan,S Laomi,0,0,,,,,,,,,
1148050,2018,2018-06-03,Kinrara Academy Oval,2,9.2,Pakistan,Thailand,Nahida Khan,Javeria Khan,S Laomi,0,0,,,,,,,,,
1148050,2018,2018-06-03,Kinrara Academy Oval,2,9.3,Pakistan,Thailand,Nahida Khan,Javeria Khan,S Laomi,1,0,,,,,,,,,
1148050,2018,2018-06-03,Kinrara Academy Oval,2,9.4,Pakistan,Thailand,Javeria Khan,Nahida Khan,S Laomi,0,0,,,,,,,,,
1148050,2018,2018-06-03,Kinrara Academy Oval,2,9.5,Pakistan,Thailand,Javeria Khan,Nahida Khan,S Laomi,1,1,,1,,,,,,,
1148050,2018,2018-06-03,Kinrara Academy Oval,2,9.6,Pakistan,Thailand,Nahida Khan,Javeria Khan,S Laomi,1,0,,,,,,,,,
1148050,2018,2018-06-03,Kinrara Academy Oval,2,9.7,Pakistan,Thailand,Javeria Khan,Nahida Khan,S Laomi,0,0,,,,,,,,,
1148050,2018,2018-06-03,Kinrara Academy Oval,2,10.1,Pakistan,Thailand,Nahida Khan,Javeria Khan,S Tippoch,1,0,,,,,,,,,
1148050,2018,2018-06-03,Kinrara Academy Oval,2,10.2,Pakistan,Thailand,Javeria Khan,Nahida Khan,S Tippoch,0,0,,,,,,,,,
1148050,2018,2018-06-03,Kinrara Academy Oval,2,10.3,Pakistan,Thailand,Javeria Khan,Nahida Khan,S Tippoch,1,0,,,,,,,,,
1148050,2018,2018-06-03,Kinrara Academy Oval,2,10.4,Pakistan,Thailand,Nahida Khan,Javeria Khan,S Tippoch,0,0,,,,,,,,,
1148050,2018,2018-06-03,Kinrara Academy Oval,2,10.5,Pakistan,Thailand,Nahida Khan,Javeria Khan,S Tippoch,1,0,,,,,,,,,
1148050,2018,2018-06-03,Kinrara Academy Oval,2,10.6,Pakistan,Thailand,Javeria Khan,Nahida Khan,S Tippoch,1,0,,,,,,,,,
1148050,2018,2018-06-03,Kinrara Academy Oval,2,11.1,Pakistan,Thailand,Javeria Khan,Nahida Khan,S Laomi,2,0,,,,,,,,,
1148050,2018,2018-06-03,Kinrara Academy Oval,2,11.2,Pakistan,Thailand,Javeria Khan,Nahida Khan,S Laomi,4,0,,,,,,,,,
1148050,2018,2018-06-03,Kinrara Academy Oval,2,11.3,Pakistan,Thailand,Javeria Khan,Nahida Khan,S Laomi,0,0,,,,,,,,,
1148050,2018,2018-06-03,Kinrara Academy Oval,2,11.4,Pakistan,Thailand,Javeria Khan,Nahida Khan,S Laomi,0,0,,,,,,,,,
1148050,2018,2018-06-03,Kinrara Academy Oval,2,11.5,Pakistan,Thailand,Javeria Khan,Nahida Khan,S Laomi,1,0,,,,,,,,,
1148050,2018,2018-06-03,Kinrara Academy Oval,2,11.6,Pakistan,Thailand,Nahida Khan,Javeria Khan,S Laomi,0,0,,,,,,,,,
1148050,2018,2018-06-03,Kinrara Academy Oval,2,12.1,Pakistan,Thailand,Javeria Khan,Nahida Khan,N Boochatham,1,0,,,,,,,,,
1148050,2018,2018-06-03,Kinrara Academy Oval,2,12.2,Pakistan,Thailand,Nahida Khan,Javeria Khan,N Boochatham,1,0,,,,,,,,,
1148050,2018,2018-06-03,Kinrara Academy Oval,2,12.3,Pakistan,Thailand,Javeria Khan,Nahida Khan,N Boochatham,0,0,,,,,,,,,
1148050,2018,2018-06-03,Kinrara Academy Oval,2,12.4,Pakistan,Thailand,Javeria Khan,Nahida Khan,N Boochatham,0,0,,,,,,,,,
1148050,2018,2018-06-03,Kinrara Academy Oval,2,12.5,Pakistan,Thailand,Javeria Khan,Nahida Khan,N Boochatham,2,0,,,,,,,,,
1148050,2018,2018-06-03,Kinrara Academy Oval,2,12.6,Pakistan,Thailand,Javeria Khan,Nahida Khan,N Boochatham,1,0,,,,,,,,,
1148050,2018,2018-06-03,Kinrara Academy Oval,2,13.1,Pakistan,Thailand,Javeria Khan,Nahida Khan,W Liengprasert,4,0,,,,,,,,,
