match_id,season,start_date,venue,innings,ball,batting_team,bowling_team,striker,non_striker,bowler,runs_off_bat,extras,wides,noballs,byes,legbyes,penalty,wicket_type,player_dismissed,other_wicket_type,other_player_dismissed
1148055,2018,2018-06-06,Royal Selangor Club,1,0.1,Malaysia,Thailand,Yusrina Yaakop,Christina Baret,C Sutthiruang,0,0,,,,,,lbw,Yusrina Yaakop,,
1148055,2018,2018-06-06,Royal Selangor Club,1,0.2,Malaysia,Thailand,WA Duraisingam,Christina Baret,C Sutthiruang,0,0,,,,,,,,,
1148055,2018,2018-06-06,Royal Selangor Club,1,0.3,Malaysia,Thailand,WA Duraisingam,Christina Baret,C Sutthiruang,0,0,,,,,,,,,
1148055,2018,2018-06-06,Royal Selangor Club,1,0.4,Malaysia,Thailand,WA Duraisingam,Christina Baret,C Sutthiruang,0,0,,,,,,,,,
1148055,2018,2018-06-06,Royal Selangor Club,1,0.5,Malaysia,Thailand,WA Duraisingam,Christina Baret,C Sutthiruang,0,0,,,,,,,,,
1148055,2018,2018-06-06,Royal Selangor Club,1,0.6,Malaysia,Thailand,WA Duraisingam,Christina Baret,C Sutthiruang,0,0,,,,,,,,,
1148055,2018,2018-06-06,Royal Selangor Club,1,1.1,Malaysia,Thailand,Christina Baret,WA Duraisingam,R Padunglerd,0,0,,,,,,,,,
1148055,2018,2018-06-06,Royal Selangor Club,1,1.2,Malaysia,Thailand,Christina Baret,WA Duraisingam,R Padunglerd,0,0,,,,,,,,,
1148055,2018,2018-06-06,Royal Selangor Club,1,1.3,Malaysia,Thailand,Christina Baret,WA Duraisingam,R Padunglerd,0,0,,,,,,,,,
1148055,2018,2018-06-06,Royal Selangor Club,1,1.4,Malaysia,Thailand,Christina Baret,WA Duraisingam,R Padunglerd,0,0,,,,,,,,,
1148055,2018,2018-06-06,Royal Selangor Club,1,1.5,Malaysia,Thailand,Christina Baret,WA Duraisingam,R Padunglerd,0,0,,,,,,,,,
1148055,2018,2018-06-06,Royal Selangor Club,1,1.6,Malaysia,Thailand,Christina Baret,WA Duraisingam,R Padunglerd,0,0,,,,,,,,,
1148055,2018,2018-06-06,Royal Selangor Club,1,2.1,Malaysia,Thailand,WA Duraisingam,Christina Baret,C Sutthiruang,0,0,,,,,,,,,
1148055,2018,2018-06-06,Royal Selangor Club,1,2.2,Malaysia,Thailand,WA Duraisingam,Christina Baret,C Sutthiruang,1,0,,,,,,,,,
1148055,2018,2018-06-06,Royal Selangor Club,1,2.3,Malaysia,Thailand,Christina Baret,WA Duraisingam,C Sutthiruang,0,0,,,,,,,,,
1148055,2018,2018-06-06,Royal Selangor Club,1,2.4,Malaysia,Thailand,Christina Baret,WA Duraisingam,C Sutthiruang,1,0,,,,,,,,,
1148055,2018,2018-06-06,Royal Selangor Club,1,2.5,Malaysia,Thailand,WA Duraisingam,Christina Baret,C Sutthiruang,2,0,,,,,,,,,
1148055,2018,2018-06-06,Royal Selangor Club,1,2.6,Malaysia,Thailand,WA Duraisingam,Christina Baret,C Sutthiruang,0,0,,,,,,,,,
1148055,2018,2018-06-06,Royal Selangor Club,1,3.1,Malaysia,Thailand,Christina Baret,WA Duraisingam,R Padunglerd,0,0,,,,,,bowled,Christina Baret,,
1148055,2018,2018-06-06,Royal Selangor Club,1,3.2,Malaysia,Thailand,Wan Julia,WA Duraisingam,R Padunglerd,1,0,,,,,,,,,
1148055,2018,2018-06-06,Royal Selangor Club,1,3.3,Malaysia,Thailand,WA Duraisingam,Wan Julia,R Padunglerd,1,0,,,,,,,,,
1148055,2018,2018-06-06,Royal Selangor Club,1,3.4,Malaysia,Thailand,Wan Julia,WA Duraisingam,R Padunglerd,0,0,,,,,,,,,
1148055,2018,2018-06-06,Royal Selangor Club,1,3.5,Malaysia,Thailand,Wan Julia,WA Duraisingam,R Padunglerd,0,0,,,,,,,,,
1148055,2018,2018-06-06,Royal Selangor Club,1,3.6,Malaysia,Thailand,Wan Julia,WA Duraisingam,R Padunglerd,0,0,,,,,,,,,
1148055,2018,2018-06-06,Royal Selangor Club,1,4.1,Malaysia,Thailand,WA Duraisingam,Wan Julia,C Sutthiruang,0,0,,,,,,,,,
1148055,2018,2018-06-06,Royal Selangor Club,1,4.2,Malaysia,Thailand,WA Duraisingam,Wan Julia,C Sutthiruang,0,0,,,,,,,,,
1148055,2018,2018-06-06,Royal Selangor Club,1,4.3,Malaysia,Thailand,WA Duraisingam,Wan Julia,C Sutthiruang,0,0,,,,,,,,,
1148055,2018,2018-06-06,Royal Selangor Club,1,4.4,Malaysia,Thailand,WA Duraisingam,Wan Julia,C Sutthiruang,0,0,,,,,,,,,
1148055,2018,2018-06-06,Royal Selangor Club,1,4.5,Malaysia,Thailand,WA Duraisingam,Wan Julia,C Sutthiruang,1,0,,,,,,,,,
1148055,2018,2018-06-06,Royal Selangor Club,1,4.6,Malaysia,Thailand,Wan Julia,WA Duraisingam,C Sutthiruang,0,0,,,,,,,,,
1148055,2018,2018-06-06,Royal Selangor Club,1,5.1,Malaysia,Thailand,WA Duraisingam,Wan Julia,S Tippoch,0,0,,,,,,,,,
1148055,2018,2018-06-06,Royal Selangor Club,1,5.2,Malaysia,Thailand,WA Duraisingam,Wan Julia,S Tippoch,0,0,,,,,,,,,
1148055,2018,2018-06-06,Royal Selangor Club,1,5.3,Malaysia,Thailand,WA Duraisingam,Wan Julia,S Tippoch,0,0,,,,,,,,,
1148055,2018,2018-06-06,Royal Selangor Club,1,5.4,Malaysia,Thailand,WA Duraisingam,Wan Julia,S Tippoch,0,0,,,,,,,,,
1148055,2018,2018-06-06,Royal Selangor Club,1,5.5,Malaysia,Thailand,WA Duraisingam,Wan Julia,S Tippoch,0,0,,,,,,,,,
1148055,2018,2018-06-06,Royal Selangor Club,1,5.6,Malaysia,Thailand,WA Duraisingam,Wan Julia,S Tippoch,0,0,,,,,,,,,
1148055,2018,2018-06-06,Royal Selangor Club,1,6.1,Malaysia,Thailand,Wan Julia,WA Duraisingam,N Boochatham,0,0,,,,,,,,,
1148055,2018,2018-06-06,Royal Selangor Club,1,6.2,Malaysia,Thailand,Wan Julia,WA Duraisingam,N Boochatham,1,0,,,,,,,,,
1148055,2018,2018-06-06,Royal Selangor Club,1,6.3,Malaysia,Thailand,WA Duraisingam,Wan Julia,N Boochatham,0,0,,,,,,,,,
1148055,2018,2018-06-06,Royal Selangor Club,1,6.4,Malaysia,Thailand,WA Duraisingam,Wan Julia,N Boochatham,0,0,,,,,,,,,
1148055,2018,2018-06-06,Royal Selangor Club,1,6.5,Malaysia,Thailand,WA Duraisingam,Wan Julia,N Boochatham,0,0,,,,,,,,,
1148055,2018,2018-06-06,Royal Selangor Club,1,6.6,Malaysia,Thailand,WA Duraisingam,Wan Julia,N Boochatham,0,0,,,,,,,,,
1148055,2018,2018-06-06,Royal Selangor Club,1,7.1,Malaysia,Thailand,Wan Julia,WA Duraisingam,S Tippoch,0,0,,,,,,,,,
1148055,2018,2018-06-06,Royal Selangor Club,1,7.2,Malaysia,Thailand,Wan Julia,WA Duraisingam,S Tippoch,0,0,,,,,,,,,
1148055,2018,2018-06-06,Royal Selangor Club,1,7.3,Malaysia,Thailand,Wan Julia,WA Duraisingam,S Tippoch,0,0,,,,,,,,,
1148055,2018,2018-06-06,Royal Selangor Club,1,7.4,Malaysia,Thailand,Wan Julia,WA Duraisingam,S Tippoch,0,0,,,,,,run out,WA Duraisingam,,
1148055,2018,2018-06-06,Royal Selangor Club,1,7.5,Malaysia,Thailand,Mas Elysa,Wan Julia,S Tippoch,0,0,,,,,,,,,
1148055,2018,2018-06-06,Royal Selangor Club,1,7.6,Malaysia,Thailand,Mas Elysa,Wan Julia,S Tippoch,0,0,,,,,,,,,
1148055,2018,2018-06-06,Royal Selangor Club,1,8.1,Malaysia,Thailand,Wan Julia,Mas Elysa,S Laomi,0,0,,,,,,,,,
1148055,2018,2018-06-06,Royal Selangor Club,1,8.2,Malaysia,Thailand,Wan Julia,Mas Elysa,S Laomi,0,0,,,,,,,,,
1148055,2018,2018-06-06,Royal Selangor Club,1,8.3,Malaysia,Thailand,Wan Julia,Mas Elysa,S Laomi,0,0,,,,,,,,,
1148055,2018,2018-06-06,Royal Selangor Club,1,8.4,Malaysia,Thailand,Wan Julia,Mas Elysa,S Laomi,0,0,,,,,,,,,
1148055,2018,2018-06-06,Royal Selangor Club,1,8.5,Malaysia,Thailand,Wan Julia,Mas Elysa,S Laomi,0,0,,,,,,,,,
1148055,2018,2018-06-06,Royal Selangor Club,1,8.6,Malaysia,Thailand,Wan Julia,Mas Elysa,S Laomi,0,0,,,,,,,,,
1148055,2018,2018-06-06,Royal Selangor Club,1,9.1,Malaysia,Thailand,Mas Elysa,Wan Julia,S Tippoch,1,0,,,,,,,,,
1148055,2018,2018-06-06,Royal Selangor Club,1,9.2,Malaysia,Thailand,Wan Julia,Mas Elysa,S Tippoch,0,0,,,,,,,,,
1148055,2018,2018-06-06,Royal Selangor Club,1,9.3,Malaysia,Thailand,Wan Julia,Mas Elysa,S Tippoch,0,0,,,,,,,,,
1148055,2018,2018-06-06,Royal Selangor Club,1,9.4,Malaysia,Thailand,Wan Julia,Mas Elysa,S Tippoch,0,0,,,,,,,,,
1148055,2018,2018-06-06,Royal Selangor Club,1,9.5,Malaysia,Thailand,Wan Julia,Mas Elysa,S Tippoch,1,0,,,,,,,,,
1148055,2018,2018-06-06,Royal Selangor Club,1,9.6,Malaysia,Thailand,Mas Elysa,Wan Julia,S Tippoch,0,0,,,,,,,,,
1148055,2018,2018-06-06,Royal Selangor Club,1,10.1,Malaysia,Thailand,Wan Julia,Mas Elysa,S Laomi,0,0,,,,,,,,,
1148055,2018,2018-06-06,Royal Selangor Club,1,10.2,Malaysia,Thailand,Wan Julia,Mas Elysa,S Laomi,0,0,,,,,,,,,
1148055,2018,2018-06-06,Royal Selangor Club,1,10.3,Malaysia,Thailand,Wan Julia,Mas Elysa,S Laomi,0,0,,,,,,caught,Wan Julia,,
1148055,2018,2018-06-06,Royal Selangor Club,1,10.4,Malaysia,Thailand,Mas Elysa,Mahirah Izzati Ismail,S Laomi,0,0,,,,,,,,,
1148055,2018,2018-06-06,Royal Selangor Club,1,10.5,Malaysia,Thailand,Mas Elysa,Mahirah Izzati Ismail,S Laomi,0,1,1,,,,,,,,
1148055,2018,2018-06-06,Royal Selangor Club,1,10.6,Malaysia,Thailand,Mas Elysa,Mahirah Izzati Ismail,S Laomi,0,0,,,,,,,,,
1148055,2018,2018-06-06,Royal Selangor Club,1,10.7,Malaysia,Thailand,Mas Elysa,Mahirah Izzati Ismail,S Laomi,1,0,,,,,,,,,
1148055,2018,2018-06-06,Royal Selangor Club,1,11.1,Malaysia,Thailand,Mas Elysa,Mahirah Izzati Ismail,W Liengprasert,0,0,,,,,,,,,
1148055,2018,2018-06-06,Royal Selangor Club,1,11.2,Malaysia,Thailand,Mas Elysa,Mahirah Izzati Ismail,W Liengprasert,0,0,,,,,,,,,
1148055,2018,2018-06-06,Royal Selangor Club,1,11.3,Malaysia,Thailand,Mas Elysa,Mahirah Izzati Ismail,W Liengprasert,1,0,,,,,,,,,
1148055,2018,2018-06-06,Royal Selangor Club,1,11.4,Malaysia,Thailand,Mahirah Izzati Ismail,Mas Elysa,W Liengprasert,0,0,,,,,,,,,
1148055,2018,2018-06-06,Royal Selangor Club,1,11.5,Malaysia,Thailand,Mahirah Izzati Ismail,Mas Elysa,W Liengprasert,0,0,,,,,,,,,
1148055,2018,2018-06-06,Royal Selangor Club,1,11.6,Malaysia,Thailand,Mahirah Izzati Ismail,Mas Elysa,W Liengprasert,1,0,,,,,,,,,
1148055,2018,2018-06-06,Royal Selangor Club,1,12.1,Malaysia,Thailand,Mahirah Izzati Ismail,Mas Elysa,S Laomi,0,0,,,,,,,,,
1148055,2018,2018-06-06,Royal Selangor Club,1,12.2,Malaysia,Thailand,Mahirah Izzati Ismail,Mas Elysa,S Laomi,0,0,,,,,,,,,
1148055,2018,2018-06-06,Royal Selangor Club,1,12.3,Malaysia,Thailand,Mahirah Izzati Ismail,Mas Elysa,S Laomi,1,0,,,,,,,,,
1148055,2018,2018-06-06,Royal Selangor Club,1,12.4,Malaysia,Thailand,Mas Elysa,Mahirah Izzati Ismail,S Laomi,0,0,,,,,,,,,
1148055,2018,2018-06-06,Royal Selangor Club,1,12.5,Malaysia,Thailand,Mas Elysa,Mahirah Izzati Ismail,S Laomi,0,0,,,,,,,,,
1148055,2018,2018-06-06,Royal Selangor Club,1,12.6,Malaysia,Thailand,Mas Elysa,Mahirah Izzati Ismail,S Laomi,2,0,,,,,,,,,
1148055,2018,2018-06-06,Royal Selangor Club,1,13.1,Malaysia,Thailand,Mahirah Izzati Ismail,Mas Elysa,W Liengprasert,0,0,,,,,,,,,
1148055,2018,2018-06-06,Royal Selangor Club,1,13.2,Malaysia,Thailand,Mahirah Izzati Ismail,Mas Elysa,W Liengprasert,1,0,,,,,,,,,
1148055,2018,2018-06-06,Royal Selangor Club,1,13.3,Malaysia,Thailand,Mas Elysa,Mahirah Izzati Ismail,W Liengprasert,0,0,,,,,,,,,
1148055,2018,2018-06-06,Royal Selangor Club,1,13.4,Malaysia,Thailand,Mas Elysa,Mahirah Izzati Ismail,W Liengprasert,0,0,,,,,,,,,
1148055,2018,2018-06-06,Royal Selangor Club,1,13.5,Malaysia,Thailand,Mas Elysa,Mahirah Izzati Ismail,W Liengprasert,0,0,,,,,,,,,
1148055,2018,2018-06-06,Royal Selangor Club,1,13.6,Malaysia,Thailand,Mas Elysa,Mahirah Izzati Ismail,W Liengprasert,0,0,,,,,,,,,
1148055,2018,2018-06-06,Royal Selangor Club,1,14.1,Malaysia,Thailand,Mahirah Izzati Ismail,Mas Elysa,N Boochatham,0,0,,,,,,,,,
1148055,2018,2018-06-06,Royal Selangor Club,1,14.2,Malaysia,Thailand,Mahirah Izzati Ismail,Mas Elysa,N Boochatham,1,0,,,,,,,,,
1148055,2018,2018-06-06,Royal Selangor Club,1,14.3,Malaysia,Thailand,Mas Elysa,Mahirah Izzati Ismail,N Boochatham,0,0,,,,,,,,,
1148055,2018,2018-06-06,Royal Selangor Club,1,14.4,Malaysia,Thailand,Mas Elysa,Mahirah Izzati Ismail,N Boochatham,0,0,,,,,,,,,
1148055,2018,2018-06-06,Royal Selangor Club,1,14.5,Malaysia,Thailand,Mas Elysa,Mahirah Izzati Ismail,N Boochatham,1,0,,,,,,,,,
1148055,2018,2018-06-06,Royal Selangor Club,1,14.6,Malaysia,Thailand,Mahirah Izzati Ismail,Mas Elysa,N Boochatham,1,0,,,,,,,,,
1148055,2018,2018-06-06,Royal Selangor Club,1,15.1,Malaysia,Thailand,Mahirah Izzati Ismail,Mas Elysa,W Liengprasert,0,1,,,1,,,,,,
1148055,2018,2018-06-06,Royal Selangor Club,1,15.2,Malaysia,Thailand,Mas Elysa,Mahirah Izzati Ismail,W Liengprasert,0,0,,,,,,caught,Mas Elysa,,
1148055,2018,2018-06-06,Royal Selangor Club,1,15.3,Malaysia,Thailand,J Intan,Mahirah Izzati Ismail,W Liengprasert,0,0,,,,,,,,,
1148055,2018,2018-06-06,Royal Selangor Club,1,15.4,Malaysia,Thailand,J Intan,Mahirah Izzati Ismail,W Liengprasert,1,0,,,,,,,,,
1148055,2018,2018-06-06,Royal Selangor Club,1,15.5,Malaysia,Thailand,Mahirah Izzati Ismail,J Intan,W Liengprasert,0,0,,,,,,caught,Mahirah Izzati Ismail,,
1148055,2018,2018-06-06,Royal Selangor Club,1,15.6,Malaysia,Thailand,Sasha Azmi,J Intan,W Liengprasert,0,0,,,,,,,,,
1148055,2018,2018-06-06,Royal Selangor Club,1,16.1,Malaysia,Thailand,J Intan,Sasha Azmi,S Laomi,0,0,,,,,,,,,
1148055,2018,2018-06-06,Royal Selangor Club,1,16.2,Malaysia,Thailand,J Intan,Sasha Azmi,S Laomi,0,0,,,,,,,,,
1148055,2018,2018-06-06,Royal Selangor Club,1,16.3,Malaysia,Thailand,J Intan,Sasha Azmi,S Laomi,2,0,,,,,,,,,
1148055,2018,2018-06-06,Royal Selangor Club,1,16.4,Malaysia,Thailand,J Intan,Sasha Azmi,S Laomi,0,0,,,,,,run out,J Intan,,
1148055,2018,2018-06-06,Royal Selangor Club,1,16.5,Malaysia,Thailand,Sasha Azmi,Zumika Azmi,S Laomi,0,0,,,,,,,,,
1148055,2018,2018-06-06,Royal Selangor Club,1,16.6,Malaysia,Thailand,Sasha Azmi,Zumika Azmi,S Laomi,1,0,,,,,,,,,
1148055,2018,2018-06-06,Royal Selangor Club,1,17.1,Malaysia,Thailand,Sasha Azmi,Zumika Azmi,W Liengprasert,4,0,,,,,,,,,
1148055,2018,2018-06-06,Royal Selangor Club,1,17.2,Malaysia,Thailand,Sasha Azmi,Zumika Azmi,W Liengprasert,0,0,,,,,,,,,
1148055,2018,2018-06-06,Royal Selangor Club,1,17.3,Malaysia,Thailand,Sasha Azmi,Zumika Azmi,W Liengprasert,1,0,,,,,,,,,
1148055,2018,2018-06-06,Royal Selangor Club,1,17.4,Malaysia,Thailand,Zumika Azmi,Sasha Azmi,W Liengprasert,1,0,,,,,,,,,
1148055,2018,2018-06-06,Royal Selangor Club,1,17.5,Malaysia,Thailand,Sasha Azmi,Zumika Azmi,W Liengprasert,0,0,,,,,,,,,
1148055,2018,2018-06-06,Royal Selangor Club,1,17.6,Malaysia,Thailand,Sasha Azmi,Zumika Azmi,W Liengprasert,0,0,,,,,,,,,
1148055,2018,2018-06-06,Royal Selangor Club,1,18.1,Malaysia,Thailand,Zumika Azmi,Sasha Azmi,N Boochatham,0,0,,,,,,,,,
1148055,2018,2018-06-06,Royal Selangor Club,1,18.2,Malaysia,Thailand,Zumika Azmi,Sasha Azmi,N Boochatham,1,0,,,,,,,,,
1148055,2018,2018-06-06,Royal Selangor Club,1,18.3,Malaysia,Thailand,Sasha Azmi,Zumika Azmi,N Boochatham,0,0,,,,,,,,,
1148055,2018,2018-06-06,Royal Selangor Club,1,18.4,Malaysia,Thailand,Sasha Azmi,Zumika Azmi,N Boochatham,2,0,,,,,,,,,
1148055,2018,2018-06-06,Royal Selangor Club,1,18.5,Malaysia,Thailand,Sasha Azmi,Zumika Azmi,N Boochatham,0,0,,,,,,,,,
1148055,2018,2018-06-06,Royal Selangor Club,1,18.6,Malaysia,Thailand,Sasha Azmi,Zumika Azmi,N Boochatham,0,0,,,,,,,,,
1148055,2018,2018-06-06,Royal Selangor Club,1,19.1,Malaysia,Thailand,Zumika Azmi,Sasha Azmi,S Tippoch,0,0,,,,,,,,,
1148055,2018,2018-06-06,Royal Selangor Club,1,19.2,Malaysia,Thailand,Zumika Azmi,Sasha Azmi,S Tippoch,0,0,,,,,,,,,
1148055,2018,2018-06-06,Royal Selangor Club,1,19.3,Malaysia,Thailand,Zumika Azmi,Sasha Azmi,S Tippoch,0,0,,,,,,,,,
1148055,2018,2018-06-06,Royal Selangor Club,1,19.4,Malaysia,Thailand,Zumika Azmi,Sasha Azmi,S Tippoch,0,0,,,,,,,,,
1148055,2018,2018-06-06,Royal Selangor Club,1,19.5,Malaysia,Thailand,Zumika Azmi,Sasha Azmi,S Tippoch,0,0,,,,,,caught and bowled,Zumika Azmi,,
1148055,2018,2018-06-06,Royal Selangor Club,1,19.6,Malaysia,Thailand,Sasha Azmi,Noor Hayati Zakaria,S Tippoch,1,0,,,,,,,,,
1148055,2018,2018-06-06,Royal Selangor Club,2,0.1,Thailand,Malaysia,N Chantam,N Chaiwai,WA Duraisingam,1,0,,,,,,,,,
1148055,2018,2018-06-06,Royal Selangor Club,2,0.2,Thailand,Malaysia,N Chaiwai,N Chantam,WA Duraisingam,0,0,,,,,,,,,
1148055,2018,2018-06-06,Royal Selangor Club,2,0.3,Thailand,Malaysia,N Chaiwai,N Chantam,WA Duraisingam,0,0,,,,,,,,,
1148055,2018,2018-06-06,Royal Selangor Club,2,0.4,Thailand,Malaysia,N Chaiwai,N Chantam,WA Duraisingam,1,0,,,,,,,,,
1148055,2018,2018-06-06,Royal Selangor Club,2,0.5,Thailand,Malaysia,N Chantam,N Chaiwai,WA Duraisingam,0,0,,,,,,,,,
1148055,2018,2018-06-06,Royal Selangor Club,2,0.6,Thailand,Malaysia,N Chantam,N Chaiwai,WA Duraisingam,1,0,,,,,,,,,
1148055,2018,2018-06-06,Royal Selangor Club,2,1.1,Thailand,Malaysia,N Chantam,N Chaiwai,Ainna Hamizah Hashim,1,0,,,,,,,,,
1148055,2018,2018-06-06,Royal Selangor Club,2,1.2,Thailand,Malaysia,N Chaiwai,N Chantam,Ainna Hamizah Hashim,0,1,1,,,,,,,,
1148055,2018,2018-06-06,Royal Selangor Club,2,1.3,Thailand,Malaysia,N Chaiwai,N Chantam,Ainna Hamizah Hashim,0,1,,,,1,,,,,
1148055,2018,2018-06-06,Royal Selangor Club,2,1.4,Thailand,Malaysia,N Chantam,N Chaiwai,Ainna Hamizah Hashim,2,0,,,,,,,,,
1148055,2018,2018-06-06,Royal Selangor Club,2,1.5,Thailand,Malaysia,N Chantam,N Chaiwai,Ainna Hamizah Hashim,0,0,,,,,,,,,
1148055,2018,2018-06-06,Royal Selangor Club,2,1.6,Thailand,Malaysia,N Chantam,N Chaiwai,Ainna Hamizah Hashim,1,0,,,,,,,,,
1148055,2018,2018-06-06,Royal Selangor Club,2,1.7,Thailand,Malaysia,N Chaiwai,N Chantam,Ainna Hamizah Hashim,1,0,,,,,,,,,
1148055,2018,2018-06-06,Royal Selangor Club,2,2.1,Thailand,Malaysia,N Chaiwai,N Chantam,WA Duraisingam,4,0,,,,,,,,,
1148055,2018,2018-06-06,Royal Selangor Club,2,2.2,Thailand,Malaysia,N Chaiwai,N Chantam,WA Duraisingam,0,0,,,,,,,,,
1148055,2018,2018-06-06,Royal Selangor Club,2,2.3,Thailand,Malaysia,N Chaiwai,N Chantam,WA Duraisingam,1,0,,,,,,,,,
1148055,2018,2018-06-06,Royal Selangor Club,2,2.4,Thailand,Malaysia,N Chantam,N Chaiwai,WA Duraisingam,0,0,,,,,,,,,
1148055,2018,2018-06-06,Royal Selangor Club,2,2.5,Thailand,Malaysia,N Chantam,N Chaiwai,WA Duraisingam,0,0,,,,,,,,,
1148055,2018,2018-06-06,Royal Selangor Club,2,2.6,Thailand,Malaysia,N Chantam,N Chaiwai,WA Duraisingam,0,0,,,,,,,,,
1148055,2018,2018-06-06,Royal Selangor Club,2,3.1,Thailand,Malaysia,N Chaiwai,N Chantam,Sasha Azmi,0,0,,,,,,,,,
1148055,2018,2018-06-06,Royal Selangor Club,2,3.2,Thailand,Malaysia,N Chaiwai,N Chantam,Sasha Azmi,0,0,,,,,,,,,
1148055,2018,2018-06-06,Royal Selangor Club,2,3.3,Thailand,Malaysia,N Chaiwai,N Chantam,Sasha Azmi,0,0,,,,,,,,,
1148055,2018,2018-06-06,Royal Selangor Club,2,3.4,Thailand,Malaysia,N Chaiwai,N Chantam,Sasha Azmi,1,0,,,,,,,,,
1148055,2018,2018-06-06,Royal Selangor Club,2,3.5,Thailand,Malaysia,N Chantam,N Chaiwai,Sasha Azmi,0,0,,,,,,,,,
1148055,2018,2018-06-06,Royal Selangor Club,2,3.6,Thailand,Malaysia,N Chantam,N Chaiwai,Sasha Azmi,0,0,,,,,,lbw,N Chantam,,
1148055,2018,2018-06-06,Royal Selangor Club,2,4.1,Thailand,Malaysia,N Chaiwai,S Saengsakaorat,WA Duraisingam,0,0,,,,,,,,,
1148055,2018,2018-06-06,Royal Selangor Club,2,4.2,Thailand,Malaysia,N Chaiwai,S Saengsakaorat,WA Duraisingam,0,0,,,,,,,,,
1148055,2018,2018-06-06,Royal Selangor Club,2,4.3,Thailand,Malaysia,N Chaiwai,S Saengsakaorat,WA Duraisingam,3,0,,,,,,,,,
1148055,2018,2018-06-06,Royal Selangor Club,2,4.4,Thailand,Malaysia,S Saengsakaorat,N Chaiwai,WA Duraisingam,2,0,,,,,,,,,
1148055,2018,2018-06-06,Royal Selangor Club,2,4.5,Thailand,Malaysia,S Saengsakaorat,N Chaiwai,WA Duraisingam,0,0,,,,,,,,,
1148055,2018,2018-06-06,Royal Selangor Club,2,4.6,Thailand,Malaysia,S Saengsakaorat,N Chaiwai,WA Duraisingam,0,0,,,,,,,,,
1148055,2018,2018-06-06,Royal Selangor Club,2,5.1,Thailand,Malaysia,N Chaiwai,S Saengsakaorat,Sasha Azmi,1,0,,,,,,,,,
1148055,2018,2018-06-06,Royal Selangor Club,2,5.2,Thailand,Malaysia,S Saengsakaorat,N Chaiwai,Sasha Azmi,0,0,,,,,,,,,
1148055,2018,2018-06-06,Royal Selangor Club,2,5.3,Thailand,Malaysia,S Saengsakaorat,N Chaiwai,Sasha Azmi,1,0,,,,,,,,,
1148055,2018,2018-06-06,Royal Selangor Club,2,5.4,Thailand,Malaysia,N Chaiwai,S Saengsakaorat,Sasha Azmi,0,0,,,,,,,,,
1148055,2018,2018-06-06,Royal Selangor Club,2,5.5,Thailand,Malaysia,N Chaiwai,S Saengsakaorat,Sasha Azmi,0,0,,,,,,,,,
1148055,2018,2018-06-06,Royal Selangor Club,2,5.6,Thailand,Malaysia,N Chaiwai,S Saengsakaorat,Sasha Azmi,0,0,,,,,,,,,
1148055,2018,2018-06-06,Royal Selangor Club,2,6.1,Thailand,Malaysia,S Saengsakaorat,N Chaiwai,Zumika Azmi,0,0,,,,,,,,,
1148055,2018,2018-06-06,Royal Selangor Club,2,6.2,Thailand,Malaysia,S Saengsakaorat,N Chaiwai,Zumika Azmi,0,0,,,,,,,,,
1148055,2018,2018-06-06,Royal Selangor Club,2,6.3,Thailand,Malaysia,S Saengsakaorat,N Chaiwai,Zumika Azmi,2,0,,,,,,,,,
1148055,2018,2018-06-06,Royal Selangor Club,2,6.4,Thailand,Malaysia,S Saengsakaorat,N Chaiwai,Zumika Azmi,1,0,,,,,,,,,
1148055,2018,2018-06-06,Royal Selangor Club,2,6.5,Thailand,Malaysia,N Chaiwai,S Saengsakaorat,Zumika Azmi,1,0,,,,,,,,,
1148055,2018,2018-06-06,Royal Selangor Club,2,6.6,Thailand,Malaysia,S Saengsakaorat,N Chaiwai,Zumika Azmi,0,0,,,,,,,,,
1148055,2018,2018-06-06,Royal Selangor Club,2,7.1,Thailand,Malaysia,N Chaiwai,S Saengsakaorat,Sasha Azmi,0,0,,,,,,,,,
1148055,2018,2018-06-06,Royal Selangor Club,2,7.2,Thailand,Malaysia,N Chaiwai,S Saengsakaorat,Sasha Azmi,0,0,,,,,,,,,
1148055,2018,2018-06-06,Royal Selangor Club,2,7.3,Thailand,Malaysia,N Chaiwai,S Saengsakaorat,Sasha Azmi,2,0,,,,,,,,,
1148055,2018,2018-06-06,Royal Selangor Club,2,7.4,Thailand,Malaysia,N Chaiwai,S Saengsakaorat,Sasha Azmi,2,0,,,,,,,,,
1148055,2018,2018-06-06,Royal Selangor Club,2,7.5,Thailand,Malaysia,N Chaiwai,S Saengsakaorat,Sasha Azmi,0,0,,,,,,,,,
1148055,2018,2018-06-06,Royal Selangor Club,2,7.6,Thailand,Malaysia,N Chaiwai,S Saengsakaorat,Sasha Azmi,1,0,,,,,,,,,
1148055,2018,2018-06-06,Royal Selangor Club,2,8.1,Thailand,Malaysia,N Chaiwai,S Saengsakaorat,Zumika Azmi,1,0,,,,,,,,,
1148055,2018,2018-06-06,Royal Selangor Club,2,8.2,Thailand,Malaysia,S Saengsakaorat,N Chaiwai,Zumika Azmi,0,0,,,,,,,,,
1148055,2018,2018-06-06,Royal Selangor Club,2,8.3,Thailand,Malaysia,S Saengsakaorat,N Chaiwai,Zumika Azmi,1,0,,,,,,,,,
1148055,2018,2018-06-06,Royal Selangor Club,2,8.4,Thailand,Malaysia,N Chaiwai,S Saengsakaorat,Zumika Azmi,1,0,,,,,,,,,
1148055,2018,2018-06-06,Royal Selangor Club,2,8.5,Thailand,Malaysia,S Saengsakaorat,N Chaiwai,Zumika Azmi,0,1,1,,,,,,,,
1148055,2018,2018-06-06,Royal Selangor Club,2,8.6,Thailand,Malaysia,S Saengsakaorat,N Chaiwai,Zumika Azmi,0,0,,,,,,,,,
1148055,2018,2018-06-06,Royal Selangor Club,2,8.7,Thailand,Malaysia,S Saengsakaorat,N Chaiwai,Zumika Azmi,1,0,,,,,,,,,
