match_id,season,start_date,venue,innings,ball,batting_team,bowling_team,striker,non_striker,bowler,runs_off_bat,extras,wides,noballs,byes,legbyes,penalty,wicket_type,player_dismissed,other_wicket_type,other_player_dismissed
1148061,2018,2018-06-09,Royal Selangor Club,1,0.1,Sri Lanka,Thailand,BYA Mendis,MAA Sanjeewani,C Sutthiruang,0,0,,,,,,,,,
1148061,2018,2018-06-09,Royal Selangor Club,1,0.2,Sri Lanka,Thailand,BYA Mendis,MAA Sanjeewani,C Sutthiruang,2,0,,,,,,,,,
1148061,2018,2018-06-09,Royal Selangor Club,1,0.3,Sri Lanka,Thailand,BYA Mendis,MAA Sanjeewani,C Sutthiruang,0,0,,,,,,,,,
1148061,2018,2018-06-09,Royal Selangor Club,1,0.4,Sri Lanka,Thailand,BYA Mendis,MAA Sanjeewani,C Sutthiruang,0,0,,,,,,,,,
1148061,2018,2018-06-09,Royal Selangor Club,1,0.5,Sri Lanka,Thailand,BYA Mendis,MAA Sanjeewani,C Sutthiruang,0,0,,,,,,,,,
1148061,2018,2018-06-09,Royal Selangor Club,1,0.6,Sri Lanka,Thailand,BYA Mendis,MAA Sanjeewani,C Sutthiruang,0,0,,,,,,,,,
1148061,2018,2018-06-09,Royal Selangor Club,1,1.1,Sri Lanka,Thailand,MAA Sanjeewani,BYA Mendis,R Padunglerd,1,0,,,,,,,,,
1148061,2018,2018-06-09,Royal Selangor Club,1,1.2,Sri Lanka,Thailand,BYA Mendis,MAA Sanjeewani,R Padunglerd,2,0,,,,,,,,,
1148061,2018,2018-06-09,Royal Selangor Club,1,1.3,Sri Lanka,Thailand,BYA Mendis,MAA Sanjeewani,R Padunglerd,4,0,,,,,,,,,
1148061,2018,2018-06-09,Royal Selangor Club,1,1.4,Sri Lanka,Thailand,BYA Mendis,MAA Sanjeewani,R Padunglerd,0,0,,,,,,,,,
1148061,2018,2018-06-09,Royal Selangor Club,1,1.5,Sri Lanka,Thailand,BYA Mendis,MAA Sanjeewani,R Padunglerd,4,0,,,,,,,,,
1148061,2018,2018-06-09,Royal Selangor Club,1,1.6,Sri Lanka,Thailand,BYA Mendis,MAA Sanjeewani,R Padunglerd,4,0,,,,,,,,,
1148061,2018,2018-06-09,Royal Selangor Club,1,2.1,Sri Lanka,Thailand,MAA Sanjeewani,BYA Mendis,C Sutthiruang,0,0,,,,,,,,,
1148061,2018,2018-06-09,Royal Selangor Club,1,2.2,Sri Lanka,Thailand,MAA Sanjeewani,BYA Mendis,C Sutthiruang,2,0,,,,,,,,,
1148061,2018,2018-06-09,Royal Selangor Club,1,2.3,Sri Lanka,Thailand,MAA Sanjeewani,BYA Mendis,C Sutthiruang,4,0,,,,,,,,,
1148061,2018,2018-06-09,Royal Selangor Club,1,2.4,Sri Lanka,Thailand,MAA Sanjeewani,BYA Mendis,C Sutthiruang,1,0,,,,,,,,,
1148061,2018,2018-06-09,Royal Selangor Club,1,2.5,Sri Lanka,Thailand,BYA Mendis,MAA Sanjeewani,C Sutthiruang,0,0,,,,,,,,,
1148061,2018,2018-06-09,Royal Selangor Club,1,2.6,Sri Lanka,Thailand,BYA Mendis,MAA Sanjeewani,C Sutthiruang,2,0,,,,,,,,,
1148061,2018,2018-06-09,Royal Selangor Club,1,3.1,Sri Lanka,Thailand,MAA Sanjeewani,BYA Mendis,S Tippoch,1,0,,,,,,,,,
1148061,2018,2018-06-09,Royal Selangor Club,1,3.2,Sri Lanka,Thailand,BYA Mendis,MAA Sanjeewani,S Tippoch,4,0,,,,,,,,,
1148061,2018,2018-06-09,Royal Selangor Club,1,3.3,Sri Lanka,Thailand,BYA Mendis,MAA Sanjeewani,S Tippoch,0,0,,,,,,caught and bowled,BYA Mendis,,
1148061,2018,2018-06-09,Royal Selangor Club,1,3.4,Sri Lanka,Thailand,GWHM Perera,MAA Sanjeewani,S Tippoch,0,0,,,,,,,,,
1148061,2018,2018-06-09,Royal Selangor Club,1,3.5,Sri Lanka,Thailand,GWHM Perera,MAA Sanjeewani,S Tippoch,0,0,,,,,,,,,
1148061,2018,2018-06-09,Royal Selangor Club,1,3.6,Sri Lanka,Thailand,GWHM Perera,MAA Sanjeewani,S Tippoch,0,0,,,,,,,,,
1148061,2018,2018-06-09,Royal Selangor Club,1,4.1,Sri Lanka,Thailand,MAA Sanjeewani,GWHM Perera,N Boochatham,0,0,,,,,,,,,
1148061,2018,2018-06-09,Royal Selangor Club,1,4.2,Sri Lanka,Thailand,MAA Sanjeewani,GWHM Perera,N Boochatham,0,0,,,,,,,,,
1148061,2018,2018-06-09,Royal Selangor Club,1,4.3,Sri Lanka,Thailand,MAA Sanjeewani,GWHM Perera,N Boochatham,1,0,,,,,,,,,
1148061,2018,2018-06-09,Royal Selangor Club,1,4.4,Sri Lanka,Thailand,GWHM Perera,MAA Sanjeewani,N Boochatham,0,0,,,,,,,,,
1148061,2018,2018-06-09,Royal Selangor Club,1,4.5,Sri Lanka,Thailand,GWHM Perera,MAA Sanjeewani,N Boochatham,0,0,,,,,,,,,
1148061,2018,2018-06-09,Royal Selangor Club,1,4.6,Sri Lanka,Thailand,GWHM Perera,MAA Sanjeewani,N Boochatham,1,0,,,,,,,,,
1148061,2018,2018-06-09,Royal Selangor Club,1,5.1,Sri Lanka,Thailand,GWHM Perera,MAA Sanjeewani,S Tippoch,2,0,,,,,,,,,
1148061,2018,2018-06-09,Royal Selangor Club,1,5.2,Sri Lanka,Thailand,GWHM Perera,MAA Sanjeewani,S Tippoch,1,0,,,,,,,,,
1148061,2018,2018-06-09,Royal Selangor Club,1,5.3,Sri Lanka,Thailand,MAA Sanjeewani,GWHM Perera,S Tippoch,0,0,,,,,,run out,GWHM Perera,,
1148061,2018,2018-06-09,Royal Selangor Club,1,5.4,Sri Lanka,Thailand,H Madavi,MAA Sanjeewani,S Tippoch,1,0,,,,,,,,,
1148061,2018,2018-06-09,Royal Selangor Club,1,5.5,Sri Lanka,Thailand,MAA Sanjeewani,H Madavi,S Tippoch,1,0,,,,,,,,,
1148061,2018,2018-06-09,Royal Selangor Club,1,5.6,Sri Lanka,Thailand,H Madavi,MAA Sanjeewani,S Tippoch,0,1,,,,1,,,,,
1148061,2018,2018-06-09,Royal Selangor Club,1,6.1,Sri Lanka,Thailand,H Madavi,MAA Sanjeewani,N Boochatham,0,0,,,,,,,,,
1148061,2018,2018-06-09,Royal Selangor Club,1,6.2,Sri Lanka,Thailand,H Madavi,MAA Sanjeewani,N Boochatham,0,0,,,,,,,,,
1148061,2018,2018-06-09,Royal Selangor Club,1,6.3,Sri Lanka,Thailand,H Madavi,MAA Sanjeewani,N Boochatham,0,0,,,,,,,,,
1148061,2018,2018-06-09,Royal Selangor Club,1,6.4,Sri Lanka,Thailand,H Madavi,MAA Sanjeewani,N Boochatham,1,0,,,,,,,,,
1148061,2018,2018-06-09,Royal Selangor Club,1,6.5,Sri Lanka,Thailand,MAA Sanjeewani,H Madavi,N Boochatham,1,0,,,,,,,,,
1148061,2018,2018-06-09,Royal Selangor Club,1,6.6,Sri Lanka,Thailand,H Madavi,MAA Sanjeewani,N Boochatham,1,0,,,,,,,,,
1148061,2018,2018-06-09,Royal Selangor Club,1,7.1,Sri Lanka,Thailand,H Madavi,MAA Sanjeewani,S Tippoch,1,0,,,,,,,,,
1148061,2018,2018-06-09,Royal Selangor Club,1,7.2,Sri Lanka,Thailand,MAA Sanjeewani,H Madavi,S Tippoch,0,0,,,,,,,,,
1148061,2018,2018-06-09,Royal Selangor Club,1,7.3,Sri Lanka,Thailand,MAA Sanjeewani,H Madavi,S Tippoch,0,0,,,,,,,,,
1148061,2018,2018-06-09,Royal Selangor Club,1,7.4,Sri Lanka,Thailand,MAA Sanjeewani,H Madavi,S Tippoch,2,0,,,,,,,,,
1148061,2018,2018-06-09,Royal Selangor Club,1,7.5,Sri Lanka,Thailand,MAA Sanjeewani,H Madavi,S Tippoch,0,0,,,,,,,,,
1148061,2018,2018-06-09,Royal Selangor Club,1,7.6,Sri Lanka,Thailand,MAA Sanjeewani,H Madavi,S Tippoch,1,0,,,,,,,,,
1148061,2018,2018-06-09,Royal Selangor Club,1,8.1,Sri Lanka,Thailand,MAA Sanjeewani,H Madavi,N Boochatham,1,0,,,,,,,,,
1148061,2018,2018-06-09,Royal Selangor Club,1,8.2,Sri Lanka,Thailand,H Madavi,MAA Sanjeewani,N Boochatham,2,0,,,,,,,,,
1148061,2018,2018-06-09,Royal Selangor Club,1,8.3,Sri Lanka,Thailand,H Madavi,MAA Sanjeewani,N Boochatham,0,0,,,,,,,,,
1148061,2018,2018-06-09,Royal Selangor Club,1,8.4,Sri Lanka,Thailand,H Madavi,MAA Sanjeewani,N Boochatham,1,0,,,,,,,,,
1148061,2018,2018-06-09,Royal Selangor Club,1,8.5,Sri Lanka,Thailand,MAA Sanjeewani,H Madavi,N Boochatham,1,0,,,,,,,,,
1148061,2018,2018-06-09,Royal Selangor Club,1,8.6,Sri Lanka,Thailand,H Madavi,MAA Sanjeewani,N Boochatham,1,0,,,,,,,,,
1148061,2018,2018-06-09,Royal Selangor Club,1,9.1,Sri Lanka,Thailand,H Madavi,MAA Sanjeewani,W Liengprasert,1,0,,,,,,,,,
1148061,2018,2018-06-09,Royal Selangor Club,1,9.2,Sri Lanka,Thailand,MAA Sanjeewani,H Madavi,W Liengprasert,1,0,,,,,,,,,
1148061,2018,2018-06-09,Royal Selangor Club,1,9.3,Sri Lanka,Thailand,H Madavi,MAA Sanjeewani,W Liengprasert,0,0,,,,,,caught and bowled,H Madavi,,
1148061,2018,2018-06-09,Royal Selangor Club,1,9.4,Sri Lanka,Thailand,RS Vandort,MAA Sanjeewani,W Liengprasert,1,0,,,,,,,,,
1148061,2018,2018-06-09,Royal Selangor Club,1,9.5,Sri Lanka,Thailand,MAA Sanjeewani,RS Vandort,W Liengprasert,1,0,,,,,,,,,
1148061,2018,2018-06-09,Royal Selangor Club,1,9.6,Sri Lanka,Thailand,RS Vandort,MAA Sanjeewani,W Liengprasert,2,0,,,,,,,,,
1148061,2018,2018-06-09,Royal Selangor Club,1,10.1,Sri Lanka,Thailand,MAA Sanjeewani,RS Vandort,S Laomi,1,0,,,,,,run out,RS Vandort,,
1148061,2018,2018-06-09,Royal Selangor Club,1,10.2,Sri Lanka,Thailand,MAA Sanjeewani,NND de Silva,S Laomi,1,0,,,,,,,,,
1148061,2018,2018-06-09,Royal Selangor Club,1,10.3,Sri Lanka,Thailand,NND de Silva,MAA Sanjeewani,S Laomi,1,0,,,,,,,,,
1148061,2018,2018-06-09,Royal Selangor Club,1,10.4,Sri Lanka,Thailand,MAA Sanjeewani,NND de Silva,S Laomi,1,0,,,,,,,,,
1148061,2018,2018-06-09,Royal Selangor Club,1,10.5,Sri Lanka,Thailand,NND de Silva,MAA Sanjeewani,S Laomi,0,1,1,,,,,,,,
1148061,2018,2018-06-09,Royal Selangor Club,1,10.6,Sri Lanka,Thailand,NND de Silva,MAA Sanjeewani,S Laomi,0,0,,,,,,,,,
1148061,2018,2018-06-09,Royal Selangor Club,1,10.7,Sri Lanka,Thailand,NND de Silva,MAA Sanjeewani,S Laomi,1,0,,,,,,,,,
1148061,2018,2018-06-09,Royal Selangor Club,1,11.1,Sri Lanka,Thailand,NND de Silva,MAA Sanjeewani,W Liengprasert,0,0,,,,,,caught,NND de Silva,,
1148061,2018,2018-06-09,Royal Selangor Club,1,11.2,Sri Lanka,Thailand,MAA Sanjeewani,HASD Siriwardene,W Liengprasert,0,0,,,,,,,,,
1148061,2018,2018-06-09,Royal Selangor Club,1,11.3,Sri Lanka,Thailand,MAA Sanjeewani,HASD Siriwardene,W Liengprasert,0,0,,,,,,,,,
1148061,2018,2018-06-09,Royal Selangor Club,1,11.4,Sri Lanka,Thailand,MAA Sanjeewani,HASD Siriwardene,W Liengprasert,1,0,,,,,,,,,
1148061,2018,2018-06-09,Royal Selangor Club,1,11.5,Sri Lanka,Thailand,HASD Siriwardene,MAA Sanjeewani,W Liengprasert,1,0,,,,,,,,,
1148061,2018,2018-06-09,Royal Selangor Club,1,11.6,Sri Lanka,Thailand,MAA Sanjeewani,HASD Siriwardene,W Liengprasert,1,0,,,,,,,,,
1148061,2018,2018-06-09,Royal Selangor Club,1,12.1,Sri Lanka,Thailand,MAA Sanjeewani,HASD Siriwardene,S Laomi,0,0,,,,,,,,,
1148061,2018,2018-06-09,Royal Selangor Club,1,12.2,Sri Lanka,Thailand,MAA Sanjeewani,HASD Siriwardene,S Laomi,1,0,,,,,,,,,
1148061,2018,2018-06-09,Royal Selangor Club,1,12.3,Sri Lanka,Thailand,HASD Siriwardene,MAA Sanjeewani,S Laomi,1,0,,,,,,,,,
1148061,2018,2018-06-09,Royal Selangor Club,1,12.4,Sri Lanka,Thailand,MAA Sanjeewani,HASD Siriwardene,S Laomi,0,0,,,,,,,,,
1148061,2018,2018-06-09,Royal Selangor Club,1,12.5,Sri Lanka,Thailand,MAA Sanjeewani,HASD Siriwardene,S Laomi,1,0,,,,,,,,,
1148061,2018,2018-06-09,Royal Selangor Club,1,12.6,Sri Lanka,Thailand,HASD Siriwardene,MAA Sanjeewani,S Laomi,0,0,,,,,,,,,
1148061,2018,2018-06-09,Royal Selangor Club,1,13.1,Sri Lanka,Thailand,MAA Sanjeewani,HASD Siriwardene,W Liengprasert,1,0,,,,,,,,,
1148061,2018,2018-06-09,Royal Selangor Club,1,13.2,Sri Lanka,Thailand,HASD Siriwardene,MAA Sanjeewani,W Liengprasert,0,0,,,,,,stumped,HASD Siriwardene,,
1148061,2018,2018-06-09,Royal Selangor Club,1,13.3,Sri Lanka,Thailand,OU Ranasinghe,MAA Sanjeewani,W Liengprasert,0,0,,,,,,,,,
1148061,2018,2018-06-09,Royal Selangor Club,1,13.4,Sri Lanka,Thailand,OU Ranasinghe,MAA Sanjeewani,W Liengprasert,0,0,,,,,,,,,
1148061,2018,2018-06-09,Royal Selangor Club,1,13.5,Sri Lanka,Thailand,OU Ranasinghe,MAA Sanjeewani,W Liengprasert,1,0,,,,,,,,,
1148061,2018,2018-06-09,Royal Selangor Club,1,13.6,Sri Lanka,Thailand,MAA Sanjeewani,OU Ranasinghe,W Liengprasert,0,0,,,,,,,,,
1148061,2018,2018-06-09,Royal Selangor Club,1,14.1,Sri Lanka,Thailand,OU Ranasinghe,MAA Sanjeewani,O Kamchomphu,1,0,,,,,,,,,
1148061,2018,2018-06-09,Royal Selangor Club,1,14.2,Sri Lanka,Thailand,MAA Sanjeewani,OU Ranasinghe,O Kamchomphu,1,0,,,,,,,,,
1148061,2018,2018-06-09,Royal Selangor Club,1,14.3,Sri Lanka,Thailand,OU Ranasinghe,MAA Sanjeewani,O Kamchomphu,1,0,,,,,,,,,
1148061,2018,2018-06-09,Royal Selangor Club,1,14.4,Sri Lanka,Thailand,MAA Sanjeewani,OU Ranasinghe,O Kamchomphu,0,0,,,,,,,,,
1148061,2018,2018-06-09,Royal Selangor Club,1,14.5,Sri Lanka,Thailand,MAA Sanjeewani,OU Ranasinghe,O Kamchomphu,1,0,,,,,,,,,
1148061,2018,2018-06-09,Royal Selangor Club,1,14.6,Sri Lanka,Thailand,OU Ranasinghe,MAA Sanjeewani,O Kamchomphu,4,1,,1,,,,,,,
1148061,2018,2018-06-09,Royal Selangor Club,1,14.7,Sri Lanka,Thailand,OU Ranasinghe,MAA Sanjeewani,O Kamchomphu,4,0,,,,,,,,,
1148061,2018,2018-06-09,Royal Selangor Club,1,15.1,Sri Lanka,Thailand,MAA Sanjeewani,OU Ranasinghe,S Laomi,0,0,,,,,,,,,
1148061,2018,2018-06-09,Royal Selangor Club,1,15.2,Sri Lanka,Thailand,MAA Sanjeewani,OU Ranasinghe,S Laomi,1,0,,,,,,,,,
1148061,2018,2018-06-09,Royal Selangor Club,1,15.3,Sri Lanka,Thailand,OU Ranasinghe,MAA Sanjeewani,S Laomi,1,0,,,,,,,,,
1148061,2018,2018-06-09,Royal Selangor Club,1,15.4,Sri Lanka,Thailand,MAA Sanjeewani,OU Ranasinghe,S Laomi,0,0,,,,,,,,,
1148061,2018,2018-06-09,Royal Selangor Club,1,15.5,Sri Lanka,Thailand,MAA Sanjeewani,OU Ranasinghe,S Laomi,1,0,,,,,,,,,
1148061,2018,2018-06-09,Royal Selangor Club,1,15.6,Sri Lanka,Thailand,OU Ranasinghe,MAA Sanjeewani,S Laomi,1,0,,,,,,,,,
1148061,2018,2018-06-09,Royal Selangor Club,1,16.1,Sri Lanka,Thailand,OU Ranasinghe,MAA Sanjeewani,N Boochatham,0,0,,,,,,,,,
1148061,2018,2018-06-09,Royal Selangor Club,1,16.2,Sri Lanka,Thailand,OU Ranasinghe,MAA Sanjeewani,N Boochatham,1,0,,,,,,,,,
1148061,2018,2018-06-09,Royal Selangor Club,1,16.3,Sri Lanka,Thailand,MAA Sanjeewani,OU Ranasinghe,N Boochatham,0,0,,,,,,,,,
1148061,2018,2018-06-09,Royal Selangor Club,1,16.4,Sri Lanka,Thailand,MAA Sanjeewani,OU Ranasinghe,N Boochatham,1,0,,,,,,,,,
1148061,2018,2018-06-09,Royal Selangor Club,1,16.5,Sri Lanka,Thailand,OU Ranasinghe,MAA Sanjeewani,N Boochatham,0,0,,,,,,,,,
1148061,2018,2018-06-09,Royal Selangor Club,1,16.6,Sri Lanka,Thailand,OU Ranasinghe,MAA Sanjeewani,N Boochatham,1,0,,,,,,,,,
1148061,2018,2018-06-09,Royal Selangor Club,1,17.1,Sri Lanka,Thailand,OU Ranasinghe,MAA Sanjeewani,W Liengprasert,1,0,,,,,,,,,
1148061,2018,2018-06-09,Royal Selangor Club,1,17.2,Sri Lanka,Thailand,MAA Sanjeewani,OU Ranasinghe,W Liengprasert,0,0,,,,,,,,,
1148061,2018,2018-06-09,Royal Selangor Club,1,17.3,Sri Lanka,Thailand,MAA Sanjeewani,OU Ranasinghe,W Liengprasert,0,0,,,,,,stumped,MAA Sanjeewani,,
1148061,2018,2018-06-09,Royal Selangor Club,1,17.4,Sri Lanka,Thailand,BMSM Kumari,OU Ranasinghe,W Liengprasert,0,0,,,,,,caught,BMSM Kumari,,
1148061,2018,2018-06-09,Royal Selangor Club,1,17.5,Sri Lanka,Thailand,KDU Prabodhani,OU Ranasinghe,W Liengprasert,0,0,,,,,,,,,
1148061,2018,2018-06-09,Royal Selangor Club,1,17.6,Sri Lanka,Thailand,KDU Prabodhani,OU Ranasinghe,W Liengprasert,0,0,,,,,,,,,
1148061,2018,2018-06-09,Royal Selangor Club,1,18.1,Sri Lanka,Thailand,OU Ranasinghe,KDU Prabodhani,S Laomi,1,0,,,,,,,,,
1148061,2018,2018-06-09,Royal Selangor Club,1,18.2,Sri Lanka,Thailand,KDU Prabodhani,OU Ranasinghe,S Laomi,1,0,,,,,,,,,
1148061,2018,2018-06-09,Royal Selangor Club,1,18.3,Sri Lanka,Thailand,OU Ranasinghe,KDU Prabodhani,S Laomi,1,0,,,,,,,,,
1148061,2018,2018-06-09,Royal Selangor Club,1,18.4,Sri Lanka,Thailand,KDU Prabodhani,OU Ranasinghe,S Laomi,0,0,,,,,,,,,
1148061,2018,2018-06-09,Royal Selangor Club,1,18.5,Sri Lanka,Thailand,KDU Prabodhani,OU Ranasinghe,S Laomi,2,0,,,,,,,,,
1148061,2018,2018-06-09,Royal Selangor Club,1,18.6,Sri Lanka,Thailand,KDU Prabodhani,OU Ranasinghe,S Laomi,1,0,,,,,,,,,
1148061,2018,2018-06-09,Royal Selangor Club,1,19.1,Sri Lanka,Thailand,KDU Prabodhani,OU Ranasinghe,S Tippoch,1,0,,,,,,,,,
1148061,2018,2018-06-09,Royal Selangor Club,1,19.2,Sri Lanka,Thailand,OU Ranasinghe,KDU Prabodhani,S Tippoch,1,0,,,,,,,,,
1148061,2018,2018-06-09,Royal Selangor Club,1,19.3,Sri Lanka,Thailand,KDU Prabodhani,OU Ranasinghe,S Tippoch,0,0,,,,,,stumped,KDU Prabodhani,,
1148061,2018,2018-06-09,Royal Selangor Club,1,19.4,Sri Lanka,Thailand,I Ranaweera,OU Ranasinghe,S Tippoch,1,0,,,,,,,,,
1148061,2018,2018-06-09,Royal Selangor Club,1,19.5,Sri Lanka,Thailand,OU Ranasinghe,I Ranaweera,S Tippoch,1,0,,,,,,,,,
1148061,2018,2018-06-09,Royal Selangor Club,1,19.6,Sri Lanka,Thailand,I Ranaweera,OU Ranasinghe,S Tippoch,1,0,,,,,,run out,I Ranaweera,,
1148061,2018,2018-06-09,Royal Selangor Club,2,0.1,Thailand,Sri Lanka,N Chantam,N Chaiwai,KDU Prabodhani,3,0,,,,,,,,,
1148061,2018,2018-06-09,Royal Selangor Club,2,0.2,Thailand,Sri Lanka,N Chaiwai,N Chantam,KDU Prabodhani,4,0,,,,,,,,,
1148061,2018,2018-06-09,Royal Selangor Club,2,0.3,Thailand,Sri Lanka,N Chaiwai,N Chantam,KDU Prabodhani,0,1,1,,,,,,,,
1148061,2018,2018-06-09,Royal Selangor Club,2,0.4,Thailand,Sri Lanka,N Chaiwai,N Chantam,KDU Prabodhani,0,1,,,,1,,,,,
1148061,2018,2018-06-09,Royal Selangor Club,2,0.5,Thailand,Sri Lanka,N Chantam,N Chaiwai,KDU Prabodhani,4,0,,,,,,,,,
1148061,2018,2018-06-09,Royal Selangor Club,2,0.6,Thailand,Sri Lanka,N Chantam,N Chaiwai,KDU Prabodhani,1,0,,,,,,,,,
1148061,2018,2018-06-09,Royal Selangor Club,2,0.7,Thailand,Sri Lanka,N Chaiwai,N Chantam,KDU Prabodhani,1,0,,,,,,,,,
1148061,2018,2018-06-09,Royal Selangor Club,2,1.1,Thailand,Sri Lanka,N Chaiwai,N Chantam,BMSM Kumari,2,0,,,,,,,,,
1148061,2018,2018-06-09,Royal Selangor Club,2,1.2,Thailand,Sri Lanka,N Chaiwai,N Chantam,BMSM Kumari,0,0,,,,,,,,,
1148061,2018,2018-06-09,Royal Selangor Club,2,1.3,Thailand,Sri Lanka,N Chaiwai,N Chantam,BMSM Kumari,1,0,,,,,,,,,
1148061,2018,2018-06-09,Royal Selangor Club,2,1.4,Thailand,Sri Lanka,N Chantam,N Chaiwai,BMSM Kumari,0,0,,,,,,,,,
1148061,2018,2018-06-09,Royal Selangor Club,2,1.5,Thailand,Sri Lanka,N Chantam,N Chaiwai,BMSM Kumari,0,0,,,,,,,,,
1148061,2018,2018-06-09,Royal Selangor Club,2,1.6,Thailand,Sri Lanka,N Chantam,N Chaiwai,BMSM Kumari,0,0,,,,,,,,,
1148061,2018,2018-06-09,Royal Selangor Club,2,2.1,Thailand,Sri Lanka,N Chaiwai,N Chantam,OU Ranasinghe,0,0,,,,,,,,,
1148061,2018,2018-06-09,Royal Selangor Club,2,2.2,Thailand,Sri Lanka,N Chaiwai,N Chantam,OU Ranasinghe,0,0,,,,,,,,,
1148061,2018,2018-06-09,Royal Selangor Club,2,2.3,Thailand,Sri Lanka,N Chaiwai,N Chantam,OU Ranasinghe,0,1,1,,,,,,,,
1148061,2018,2018-06-09,Royal Selangor Club,2,2.4,Thailand,Sri Lanka,N Chaiwai,N Chantam,OU Ranasinghe,2,0,,,,,,,,,
1148061,2018,2018-06-09,Royal Selangor Club,2,2.5,Thailand,Sri Lanka,N Chaiwai,N Chantam,OU Ranasinghe,0,0,,,,,,,,,
1148061,2018,2018-06-09,Royal Selangor Club,2,2.6,Thailand,Sri Lanka,N Chaiwai,N Chantam,OU Ranasinghe,0,0,,,,,,,,,
1148061,2018,2018-06-09,Royal Selangor Club,2,2.7,Thailand,Sri Lanka,N Chaiwai,N Chantam,OU Ranasinghe,0,0,,,,,,,,,
1148061,2018,2018-06-09,Royal Selangor Club,2,3.1,Thailand,Sri Lanka,N Chantam,N Chaiwai,I Ranaweera,0,1,,,,1,,,,,
1148061,2018,2018-06-09,Royal Selangor Club,2,3.2,Thailand,Sri Lanka,N Chaiwai,N Chantam,I Ranaweera,0,0,,,,,,,,,
1148061,2018,2018-06-09,Royal Selangor Club,2,3.3,Thailand,Sri Lanka,N Chaiwai,N Chantam,I Ranaweera,4,0,,,,,,,,,
1148061,2018,2018-06-09,Royal Selangor Club,2,3.4,Thailand,Sri Lanka,N Chaiwai,N Chantam,I Ranaweera,2,0,,,,,,,,,
1148061,2018,2018-06-09,Royal Selangor Club,2,3.5,Thailand,Sri Lanka,N Chaiwai,N Chantam,I Ranaweera,0,0,,,,,,,,,
1148061,2018,2018-06-09,Royal Selangor Club,2,3.6,Thailand,Sri Lanka,N Chaiwai,N Chantam,I Ranaweera,0,0,,,,,,,,,
1148061,2018,2018-06-09,Royal Selangor Club,2,4.1,Thailand,Sri Lanka,N Chantam,N Chaiwai,OU Ranasinghe,0,0,,,,,,,,,
1148061,2018,2018-06-09,Royal Selangor Club,2,4.2,Thailand,Sri Lanka,N Chantam,N Chaiwai,OU Ranasinghe,1,0,,,,,,,,,
1148061,2018,2018-06-09,Royal Selangor Club,2,4.3,Thailand,Sri Lanka,N Chaiwai,N Chantam,OU Ranasinghe,2,0,,,,,,,,,
1148061,2018,2018-06-09,Royal Selangor Club,2,4.4,Thailand,Sri Lanka,N Chaiwai,N Chantam,OU Ranasinghe,1,0,,,,,,,,,
1148061,2018,2018-06-09,Royal Selangor Club,2,4.5,Thailand,Sri Lanka,N Chantam,N Chaiwai,OU Ranasinghe,2,0,,,,,,,,,
1148061,2018,2018-06-09,Royal Selangor Club,2,4.6,Thailand,Sri Lanka,N Chantam,N Chaiwai,OU Ranasinghe,0,0,,,,,,,,,
1148061,2018,2018-06-09,Royal Selangor Club,2,5.1,Thailand,Sri Lanka,N Chaiwai,N Chantam,BMSM Kumari,0,0,,,,,,,,,
1148061,2018,2018-06-09,Royal Selangor Club,2,5.2,Thailand,Sri Lanka,N Chaiwai,N Chantam,BMSM Kumari,0,0,,,,,,,,,
1148061,2018,2018-06-09,Royal Selangor Club,2,5.3,Thailand,Sri Lanka,N Chaiwai,N Chantam,BMSM Kumari,0,0,,,,,,,,,
1148061,2018,2018-06-09,Royal Selangor Club,2,5.4,Thailand,Sri Lanka,N Chaiwai,N Chantam,BMSM Kumari,0,0,,,,,,,,,
1148061,2018,2018-06-09,Royal Selangor Club,2,5.5,Thailand,Sri Lanka,N Chaiwai,N Chantam,BMSM Kumari,0,0,,,,,,,,,
1148061,2018,2018-06-09,Royal Selangor Club,2,5.6,Thailand,Sri Lanka,N Chaiwai,N Chantam,BMSM Kumari,0,0,,,,,,,,,
1148061,2018,2018-06-09,Royal Selangor Club,2,6.1,Thailand,Sri Lanka,N Chantam,N Chaiwai,HASD Siriwardene,0,0,,,,,,,,,
1148061,2018,2018-06-09,Royal Selangor Club,2,6.2,Thailand,Sri Lanka,N Chantam,N Chaiwai,HASD Siriwardene,2,0,,,,,,,,,
1148061,2018,2018-06-09,Royal Selangor Club,2,6.3,Thailand,Sri Lanka,N Chantam,N Chaiwai,HASD Siriwardene,1,0,,,,,,,,,
1148061,2018,2018-06-09,Royal Selangor Club,2,6.4,Thailand,Sri Lanka,N Chaiwai,N Chantam,HASD Siriwardene,1,0,,,,,,,,,
1148061,2018,2018-06-09,Royal Selangor Club,2,6.5,Thailand,Sri Lanka,N Chantam,N Chaiwai,HASD Siriwardene,1,0,,,,,,,,,
1148061,2018,2018-06-09,Royal Selangor Club,2,6.6,Thailand,Sri Lanka,N Chaiwai,N Chantam,HASD Siriwardene,1,0,,,,,,,,,
1148061,2018,2018-06-09,Royal Selangor Club,2,7.1,Thailand,Sri Lanka,N Chaiwai,N Chantam,BMSM Kumari,0,0,,,,,,,,,
1148061,2018,2018-06-09,Royal Selangor Club,2,7.2,Thailand,Sri Lanka,N Chaiwai,N Chantam,BMSM Kumari,2,0,,,,,,,,,
1148061,2018,2018-06-09,Royal Selangor Club,2,7.3,Thailand,Sri Lanka,N Chaiwai,N Chantam,BMSM Kumari,0,0,,,,,,,,,
1148061,2018,2018-06-09,Royal Selangor Club,2,7.4,Thailand,Sri Lanka,N Chaiwai,N Chantam,BMSM Kumari,1,0,,,,,,,,,
1148061,2018,2018-06-09,Royal Selangor Club,2,7.5,Thailand,Sri Lanka,N Chantam,N Chaiwai,BMSM Kumari,0,0,,,,,,lbw,N Chantam,,
1148061,2018,2018-06-09,Royal Selangor Club,2,7.6,Thailand,Sri Lanka,N Boochatham,N Chaiwai,BMSM Kumari,1,0,,,,,,,,,
1148061,2018,2018-06-09,Royal Selangor Club,2,8.1,Thailand,Sri Lanka,N Boochatham,N Chaiwai,NND de Silva,1,0,,,,,,,,,
1148061,2018,2018-06-09,Royal Selangor Club,2,8.2,Thailand,Sri Lanka,N Chaiwai,N Boochatham,NND de Silva,0,0,,,,,,,,,
1148061,2018,2018-06-09,Royal Selangor Club,2,8.3,Thailand,Sri Lanka,N Chaiwai,N Boochatham,NND de Silva,0,0,,,,,,,,,
1148061,2018,2018-06-09,Royal Selangor Club,2,8.4,Thailand,Sri Lanka,N Chaiwai,N Boochatham,NND de Silva,0,0,,,,,,,,,
1148061,2018,2018-06-09,Royal Selangor Club,2,8.5,Thailand,Sri Lanka,N Chaiwai,N Boochatham,NND de Silva,4,0,,,,,,,,,
1148061,2018,2018-06-09,Royal Selangor Club,2,8.6,Thailand,Sri Lanka,N Chaiwai,N Boochatham,NND de Silva,0,0,,,,,,,,,
1148061,2018,2018-06-09,Royal Selangor Club,2,9.1,Thailand,Sri Lanka,N Boochatham,N Chaiwai,HASD Siriwardene,1,0,,,,,,,,,
1148061,2018,2018-06-09,Royal Selangor Club,2,9.2,Thailand,Sri Lanka,N Chaiwai,N Boochatham,HASD Siriwardene,3,0,,,,,,,,,
1148061,2018,2018-06-09,Royal Selangor Club,2,9.3,Thailand,Sri Lanka,N Boochatham,N Chaiwai,HASD Siriwardene,2,0,,,,,,,,,
1148061,2018,2018-06-09,Royal Selangor Club,2,9.4,Thailand,Sri Lanka,N Boochatham,N Chaiwai,HASD Siriwardene,1,0,,,,,,,,,
1148061,2018,2018-06-09,Royal Selangor Club,2,9.5,Thailand,Sri Lanka,N Chaiwai,N Boochatham,HASD Siriwardene,1,0,,,,,,,,,
1148061,2018,2018-06-09,Royal Selangor Club,2,9.6,Thailand,Sri Lanka,N Boochatham,N Chaiwai,HASD Siriwardene,0,0,,,,,,,,,
1148061,2018,2018-06-09,Royal Selangor Club,2,10.1,Thailand,Sri Lanka,N Chaiwai,N Boochatham,I Ranaweera,1,0,,,,,,,,,
1148061,2018,2018-06-09,Royal Selangor Club,2,10.2,Thailand,Sri Lanka,N Boochatham,N Chaiwai,I Ranaweera,1,0,,,,,,,,,
1148061,2018,2018-06-09,Royal Selangor Club,2,10.3,Thailand,Sri Lanka,N Chaiwai,N Boochatham,I Ranaweera,1,0,,,,,,,,,
1148061,2018,2018-06-09,Royal Selangor Club,2,10.4,Thailand,Sri Lanka,N Boochatham,N Chaiwai,I Ranaweera,0,0,,,,,,,,,
1148061,2018,2018-06-09,Royal Selangor Club,2,10.5,Thailand,Sri Lanka,N Boochatham,N Chaiwai,I Ranaweera,0,0,,,,,,,,,
1148061,2018,2018-06-09,Royal Selangor Club,2,10.6,Thailand,Sri Lanka,N Boochatham,N Chaiwai,I Ranaweera,0,1,1,,,,,,,,
1148061,2018,2018-06-09,Royal Selangor Club,2,10.7,Thailand,Sri Lanka,N Boochatham,N Chaiwai,I Ranaweera,1,0,,,,,,,,,
1148061,2018,2018-06-09,Royal Selangor Club,2,11.1,Thailand,Sri Lanka,N Boochatham,N Chaiwai,OU Ranasinghe,0,0,,,,,,,,,
1148061,2018,2018-06-09,Royal Selangor Club,2,11.2,Thailand,Sri Lanka,N Boochatham,N Chaiwai,OU Ranasinghe,1,0,,,,,,,,,
1148061,2018,2018-06-09,Royal Selangor Club,2,11.3,Thailand,Sri Lanka,N Chaiwai,N Boochatham,OU Ranasinghe,0,0,,,,,,,,,
1148061,2018,2018-06-09,Royal Selangor Club,2,11.4,Thailand,Sri Lanka,N Chaiwai,N Boochatham,OU Ranasinghe,1,0,,,,,,,,,
1148061,2018,2018-06-09,Royal Selangor Club,2,11.5,Thailand,Sri Lanka,N Boochatham,N Chaiwai,OU Ranasinghe,1,0,,,,,,,,,
1148061,2018,2018-06-09,Royal Selangor Club,2,11.6,Thailand,Sri Lanka,N Chaiwai,N Boochatham,OU Ranasinghe,1,0,,,,,,,,,
1148061,2018,2018-06-09,Royal Selangor Club,2,12.1,Thailand,Sri Lanka,N Chaiwai,N Boochatham,I Ranaweera,0,0,,,,,,,,,
1148061,2018,2018-06-09,Royal Selangor Club,2,12.2,Thailand,Sri Lanka,N Chaiwai,N Boochatham,I Ranaweera,1,0,,,,,,,,,
1148061,2018,2018-06-09,Royal Selangor Club,2,12.3,Thailand,Sri Lanka,N Boochatham,N Chaiwai,I Ranaweera,0,0,,,,,,,,,
1148061,2018,2018-06-09,Royal Selangor Club,2,12.4,Thailand,Sri Lanka,N Boochatham,N Chaiwai,I Ranaweera,1,0,,,,,,,,,
1148061,2018,2018-06-09,Royal Selangor Club,2,12.5,Thailand,Sri Lanka,N Chaiwai,N Boochatham,I Ranaweera,0,0,,,,,,,,,
1148061,2018,2018-06-09,Royal Selangor Club,2,12.6,Thailand,Sri Lanka,N Chaiwai,N Boochatham,I Ranaweera,1,0,,,,,,,,,
1148061,2018,2018-06-09,Royal Selangor Club,2,13.1,Thailand,Sri Lanka,N Chaiwai,N Boochatham,NND de Silva,0,0,,,,,,,,,
1148061,2018,2018-06-09,Royal Selangor Club,2,13.2,Thailand,Sri Lanka,N Chaiwai,N Boochatham,NND de Silva,0,0,,,,,,,,,
1148061,2018,2018-06-09,Royal Selangor Club,2,13.3,Thailand,Sri Lanka,N Chaiwai,N Boochatham,NND de Silva,1,0,,,,,,,,,
1148061,2018,2018-06-09,Royal Selangor Club,2,13.4,Thailand,Sri Lanka,N Boochatham,N Chaiwai,NND de Silva,0,0,,,,,,,,,
1148061,2018,2018-06-09,Royal Selangor Club,2,13.5,Thailand,Sri Lanka,N Boochatham,N Chaiwai,NND de Silva,1,0,,,,,,,,,
1148061,2018,2018-06-09,Royal Selangor Club,2,13.6,Thailand,Sri Lanka,N Chaiwai,N Boochatham,NND de Silva,1,0,,,,,,,,,
1148061,2018,2018-06-09,Royal Selangor Club,2,14.1,Thailand,Sri Lanka,N Chaiwai,N Boochatham,KDU Prabodhani,1,0,,,,,,,,,
1148061,2018,2018-06-09,Royal Selangor Club,2,14.2,Thailand,Sri Lanka,N Boochatham,N Chaiwai,KDU Prabodhani,1,0,,,,,,,,,
1148061,2018,2018-06-09,Royal Selangor Club,2,14.3,Thailand,Sri Lanka,N Chaiwai,N Boochatham,KDU Prabodhani,1,0,,,,,,,,,
1148061,2018,2018-06-09,Royal Selangor Club,2,14.4,Thailand,Sri Lanka,N Boochatham,N Chaiwai,KDU Prabodhani,1,0,,,,,,,,,
1148061,2018,2018-06-09,Royal Selangor Club,2,14.5,Thailand,Sri Lanka,N Chaiwai,N Boochatham,KDU Prabodhani,0,0,,,,,,,,,
1148061,2018,2018-06-09,Royal Selangor Club,2,14.6,Thailand,Sri Lanka,N Chaiwai,N Boochatham,KDU Prabodhani,1,0,,,,,,,,,
1148061,2018,2018-06-09,Royal Selangor Club,2,15.1,Thailand,Sri Lanka,N Chaiwai,N Boochatham,NND de Silva,0,0,,,,,,caught and bowled,N Chaiwai,,
1148061,2018,2018-06-09,Royal Selangor Club,2,15.2,Thailand,Sri Lanka,N Boochatham,N Koncharoenkai,NND de Silva,0,0,,,,,,,,,
1148061,2018,2018-06-09,Royal Selangor Club,2,15.3,Thailand,Sri Lanka,N Boochatham,N Koncharoenkai,NND de Silva,1,0,,,,,,,,,
1148061,2018,2018-06-09,Royal Selangor Club,2,15.4,Thailand,Sri Lanka,N Koncharoenkai,N Boochatham,NND de Silva,1,0,,,,,,,,,
1148061,2018,2018-06-09,Royal Selangor Club,2,15.5,Thailand,Sri Lanka,N Boochatham,N Koncharoenkai,NND de Silva,0,0,,,,,,run out,N Koncharoenkai,,
1148061,2018,2018-06-09,Royal Selangor Club,2,15.6,Thailand,Sri Lanka,C Sutthiruang,N Boochatham,NND de Silva,4,0,,,,,,,,,
1148061,2018,2018-06-09,Royal Selangor Club,2,16.1,Thailand,Sri Lanka,N Boochatham,C Sutthiruang,BMSM Kumari,1,0,,,,,,,,,
1148061,2018,2018-06-09,Royal Selangor Club,2,16.2,Thailand,Sri Lanka,C Sutthiruang,N Boochatham,BMSM Kumari,0,0,,,,,,,,,
1148061,2018,2018-06-09,Royal Selangor Club,2,16.3,Thailand,Sri Lanka,C Sutthiruang,N Boochatham,BMSM Kumari,2,0,,,,,,,,,
1148061,2018,2018-06-09,Royal Selangor Club,2,16.4,Thailand,Sri Lanka,C Sutthiruang,N Boochatham,BMSM Kumari,0,0,,,,,,,,,
1148061,2018,2018-06-09,Royal Selangor Club,2,16.5,Thailand,Sri Lanka,C Sutthiruang,N Boochatham,BMSM Kumari,0,0,,,,,,,,,
1148061,2018,2018-06-09,Royal Selangor Club,2,16.6,Thailand,Sri Lanka,C Sutthiruang,N Boochatham,BMSM Kumari,0,0,,,,,,,,,
1148061,2018,2018-06-09,Royal Selangor Club,2,17.1,Thailand,Sri Lanka,N Boochatham,C Sutthiruang,NND de Silva,1,0,,,,,,,,,
1148061,2018,2018-06-09,Royal Selangor Club,2,17.2,Thailand,Sri Lanka,C Sutthiruang,N Boochatham,NND de Silva,0,0,,,,,,,,,
1148061,2018,2018-06-09,Royal Selangor Club,2,17.3,Thailand,Sri Lanka,C Sutthiruang,N Boochatham,NND de Silva,0,0,,,,,,bowled,C Sutthiruang,,
1148061,2018,2018-06-09,Royal Selangor Club,2,17.4,Thailand,Sri Lanka,W Liengprasert,N Boochatham,NND de Silva,1,0,,,,,,,,,
1148061,2018,2018-06-09,Royal Selangor Club,2,17.5,Thailand,Sri Lanka,N Boochatham,W Liengprasert,NND de Silva,1,0,,,,,,,,,
1148061,2018,2018-06-09,Royal Selangor Club,2,17.6,Thailand,Sri Lanka,W Liengprasert,N Boochatham,NND de Silva,0,0,,,,,,,,,
1148061,2018,2018-06-09,Royal Selangor Club,2,18.1,Thailand,Sri Lanka,N Boochatham,W Liengprasert,OU Ranasinghe,1,0,,,,,,,,,
1148061,2018,2018-06-09,Royal Selangor Club,2,18.2,Thailand,Sri Lanka,W Liengprasert,N Boochatham,OU Ranasinghe,4,0,,,,,,,,,
1148061,2018,2018-06-09,Royal Selangor Club,2,18.3,Thailand,Sri Lanka,W Liengprasert,N Boochatham,OU Ranasinghe,1,0,,,,,,,,,
1148061,2018,2018-06-09,Royal Selangor Club,2,18.4,Thailand,Sri Lanka,N Boochatham,W Liengprasert,OU Ranasinghe,0,0,,,,,,caught,N Boochatham,,
1148061,2018,2018-06-09,Royal Selangor Club,2,18.5,Thailand,Sri Lanka,W Liengprasert,S Tippoch,OU Ranasinghe,2,0,,,,,,,,,
1148061,2018,2018-06-09,Royal Selangor Club,2,18.6,Thailand,Sri Lanka,W Liengprasert,S Tippoch,OU Ranasinghe,2,0,,,,,,,,,
1148061,2018,2018-06-09,Royal Selangor Club,2,19.1,Thailand,Sri Lanka,S Tippoch,W Liengprasert,I Ranaweera,0,0,,,,,,stumped,S Tippoch,,
1148061,2018,2018-06-09,Royal Selangor Club,2,19.2,Thailand,Sri Lanka,S Laomi,W Liengprasert,I Ranaweera,0,1,,,1,,,,,,
1148061,2018,2018-06-09,Royal Selangor Club,2,19.3,Thailand,Sri Lanka,W Liengprasert,S Laomi,I Ranaweera,2,0,,,,,,,,,
1148061,2018,2018-06-09,Royal Selangor Club,2,19.4,Thailand,Sri Lanka,W Liengprasert,S Laomi,I Ranaweera,0,1,,,,1,,,,,
1148061,2018,2018-06-09,Royal Selangor Club,2,19.5,Thailand,Sri Lanka,S Laomi,W Liengprasert,I Ranaweera,1,0,,,,,,,,,
1148061,2018,2018-06-09,Royal Selangor Club,2,19.6,Thailand,Sri Lanka,W Liengprasert,S Laomi,I Ranaweera,1,0,,,,,,,,,
