match_id,season,start_date,venue,innings,ball,batting_team,bowling_team,striker,non_striker,bowler,runs_off_bat,extras,wides,noballs,byes,legbyes,penalty,wicket_type,player_dismissed,other_wicket_type,other_player_dismissed
1148053,2018,2018-06-04,Royal Selangor Club,1,0.1,Sri Lanka,Malaysia,BYA Mendis,MDN Hansika,WA Duraisingam,0,1,1,,,,,,,,
1148053,2018,2018-06-04,Royal Selangor Club,1,0.2,Sri Lanka,Malaysia,BYA Mendis,MDN Hansika,WA Duraisingam,1,0,,,,,,,,,
1148053,2018,2018-06-04,Royal Selangor Club,1,0.3,Sri Lanka,Malaysia,MDN Hansika,BYA Mendis,WA Duraisingam,0,0,,,,,,,,,
1148053,2018,2018-06-04,Royal Selangor Club,1,0.4,Sri Lanka,Malaysia,MDN Hansika,BYA Mendis,WA Duraisingam,0,1,1,,,,,,,,
1148053,2018,2018-06-04,Royal Selangor Club,1,0.5,Sri Lanka,Malaysia,MDN Hansika,BYA Mendis,WA Duraisingam,0,0,,,,,,,,,
1148053,2018,2018-06-04,Royal Selangor Club,1,0.6,Sri Lanka,Malaysia,MDN Hansika,BYA Mendis,WA Duraisingam,0,0,,,,,,,,,
1148053,2018,2018-06-04,Royal Selangor Club,1,0.7,Sri Lanka,Malaysia,MDN Hansika,BYA Mendis,WA Duraisingam,0,1,1,,,,,,,,
1148053,2018,2018-06-04,Royal Selangor Club,1,0.8,Sri Lanka,Malaysia,MDN Hansika,BYA Mendis,WA Duraisingam,1,0,,,,,,,,,
1148053,2018,2018-06-04,Royal Selangor Club,1,0.9,Sri Lanka,Malaysia,BYA Mendis,MDN Hansika,WA Duraisingam,1,0,,,,,,,,,
1148053,2018,2018-06-04,Royal Selangor Club,1,1.1,Sri Lanka,Malaysia,BYA Mendis,MDN Hansika,Ainna Hamizah Hashim,4,0,,,,,,,,,
1148053,2018,2018-06-04,Royal Selangor Club,1,1.2,Sri Lanka,Malaysia,BYA Mendis,MDN Hansika,Ainna Hamizah Hashim,0,0,,,,,,,,,
1148053,2018,2018-06-04,Royal Selangor Club,1,1.3,Sri Lanka,Malaysia,BYA Mendis,MDN Hansika,Ainna Hamizah Hashim,2,0,,,,,,,,,
1148053,2018,2018-06-04,Royal Selangor Club,1,1.4,Sri Lanka,Malaysia,BYA Mendis,MDN Hansika,Ainna Hamizah Hashim,0,0,,,,,,,,,
1148053,2018,2018-06-04,Royal Selangor Club,1,1.5,Sri Lanka,Malaysia,BYA Mendis,MDN Hansika,Ainna Hamizah Hashim,1,0,,,,,,,,,
1148053,2018,2018-06-04,Royal Selangor Club,1,1.6,Sri Lanka,Malaysia,MDN Hansika,BYA Mendis,Ainna Hamizah Hashim,0,0,,,,,,,,,
1148053,2018,2018-06-04,Royal Selangor Club,1,2.1,Sri Lanka,Malaysia,BYA Mendis,MDN Hansika,WA Duraisingam,0,1,1,,,,,,,,
1148053,2018,2018-06-04,Royal Selangor Club,1,2.2,Sri Lanka,Malaysia,BYA Mendis,MDN Hansika,WA Duraisingam,4,0,,,,,,,,,
1148053,2018,2018-06-04,Royal Selangor Club,1,2.3,Sri Lanka,Malaysia,BYA Mendis,MDN Hansika,WA Duraisingam,0,0,,,,,,,,,
1148053,2018,2018-06-04,Royal Selangor Club,1,2.4,Sri Lanka,Malaysia,BYA Mendis,MDN Hansika,WA Duraisingam,0,0,,,,,,,,,
1148053,2018,2018-06-04,Royal Selangor Club,1,2.5,Sri Lanka,Malaysia,BYA Mendis,MDN Hansika,WA Duraisingam,1,0,,,,,,,,,
1148053,2018,2018-06-04,Royal Selangor Club,1,2.6,Sri Lanka,Malaysia,MDN Hansika,BYA Mendis,WA Duraisingam,0,0,,,,,,,,,
1148053,2018,2018-06-04,Royal Selangor Club,1,2.7,Sri Lanka,Malaysia,MDN Hansika,BYA Mendis,WA Duraisingam,0,1,1,,,,,,,,
1148053,2018,2018-06-04,Royal Selangor Club,1,2.8,Sri Lanka,Malaysia,MDN Hansika,BYA Mendis,WA Duraisingam,0,1,1,,,,,,,,
1148053,2018,2018-06-04,Royal Selangor Club,1,2.9,Sri Lanka,Malaysia,MDN Hansika,BYA Mendis,WA Duraisingam,0,0,,,,,,,,,
1148053,2018,2018-06-04,Royal Selangor Club,1,3.1,Sri Lanka,Malaysia,BYA Mendis,MDN Hansika,Ainna Hamizah Hashim,4,0,,,,,,,,,
1148053,2018,2018-06-04,Royal Selangor Club,1,3.2,Sri Lanka,Malaysia,BYA Mendis,MDN Hansika,Ainna Hamizah Hashim,1,0,,,,,,,,,
1148053,2018,2018-06-04,Royal Selangor Club,1,3.3,Sri Lanka,Malaysia,MDN Hansika,BYA Mendis,Ainna Hamizah Hashim,0,0,,,,,,,,,
1148053,2018,2018-06-04,Royal Selangor Club,1,3.4,Sri Lanka,Malaysia,MDN Hansika,BYA Mendis,Ainna Hamizah Hashim,1,0,,,,,,,,,
1148053,2018,2018-06-04,Royal Selangor Club,1,3.5,Sri Lanka,Malaysia,BYA Mendis,MDN Hansika,Ainna Hamizah Hashim,0,0,,,,,,,,,
1148053,2018,2018-06-04,Royal Selangor Club,1,3.6,Sri Lanka,Malaysia,BYA Mendis,MDN Hansika,Ainna Hamizah Hashim,0,0,,,,,,,,,
1148053,2018,2018-06-04,Royal Selangor Club,1,4.1,Sri Lanka,Malaysia,MDN Hansika,BYA Mendis,Noor Hayati Zakaria,4,0,,,,,,,,,
1148053,2018,2018-06-04,Royal Selangor Club,1,4.2,Sri Lanka,Malaysia,MDN Hansika,BYA Mendis,Noor Hayati Zakaria,1,0,,,,,,,,,
1148053,2018,2018-06-04,Royal Selangor Club,1,4.3,Sri Lanka,Malaysia,BYA Mendis,MDN Hansika,Noor Hayati Zakaria,0,0,,,,,,,,,
1148053,2018,2018-06-04,Royal Selangor Club,1,4.4,Sri Lanka,Malaysia,BYA Mendis,MDN Hansika,Noor Hayati Zakaria,0,2,2,,,,,,,,
1148053,2018,2018-06-04,Royal Selangor Club,1,4.5,Sri Lanka,Malaysia,MDN Hansika,BYA Mendis,Noor Hayati Zakaria,0,1,1,,,,,,,,
1148053,2018,2018-06-04,Royal Selangor Club,1,4.6,Sri Lanka,Malaysia,MDN Hansika,BYA Mendis,Noor Hayati Zakaria,1,0,,,,,,,,,
1148053,2018,2018-06-04,Royal Selangor Club,1,4.7,Sri Lanka,Malaysia,BYA Mendis,MDN Hansika,Noor Hayati Zakaria,0,0,,,,,,,,,
1148053,2018,2018-06-04,Royal Selangor Club,1,4.8,Sri Lanka,Malaysia,BYA Mendis,MDN Hansika,Noor Hayati Zakaria,0,0,,,,,,,,,
1148053,2018,2018-06-04,Royal Selangor Club,1,5.1,Sri Lanka,Malaysia,MDN Hansika,BYA Mendis,Ainna Hamizah Hashim,1,0,,,,,,,,,
1148053,2018,2018-06-04,Royal Selangor Club,1,5.2,Sri Lanka,Malaysia,BYA Mendis,MDN Hansika,Ainna Hamizah Hashim,6,0,,,,,,,,,
1148053,2018,2018-06-04,Royal Selangor Club,1,5.3,Sri Lanka,Malaysia,BYA Mendis,MDN Hansika,Ainna Hamizah Hashim,1,0,,,,,,,,,
1148053,2018,2018-06-04,Royal Selangor Club,1,5.4,Sri Lanka,Malaysia,MDN Hansika,BYA Mendis,Ainna Hamizah Hashim,0,0,,,,,,,,,
1148053,2018,2018-06-04,Royal Selangor Club,1,5.5,Sri Lanka,Malaysia,MDN Hansika,BYA Mendis,Ainna Hamizah Hashim,0,0,,,,,,,,,
1148053,2018,2018-06-04,Royal Selangor Club,1,5.6,Sri Lanka,Malaysia,MDN Hansika,BYA Mendis,Ainna Hamizah Hashim,0,0,,,,,,,,,
1148053,2018,2018-06-04,Royal Selangor Club,1,6.1,Sri Lanka,Malaysia,BYA Mendis,MDN Hansika,Noor Hayati Zakaria,2,0,,,,,,,,,
1148053,2018,2018-06-04,Royal Selangor Club,1,6.2,Sri Lanka,Malaysia,BYA Mendis,MDN Hansika,Noor Hayati Zakaria,1,0,,,,,,,,,
1148053,2018,2018-06-04,Royal Selangor Club,1,6.3,Sri Lanka,Malaysia,MDN Hansika,BYA Mendis,Noor Hayati Zakaria,0,0,,,,,,,,,
1148053,2018,2018-06-04,Royal Selangor Club,1,6.4,Sri Lanka,Malaysia,MDN Hansika,BYA Mendis,Noor Hayati Zakaria,0,0,,,,,,,,,
1148053,2018,2018-06-04,Royal Selangor Club,1,6.5,Sri Lanka,Malaysia,MDN Hansika,BYA Mendis,Noor Hayati Zakaria,2,0,,,,,,,,,
1148053,2018,2018-06-04,Royal Selangor Club,1,6.6,Sri Lanka,Malaysia,MDN Hansika,BYA Mendis,Noor Hayati Zakaria,0,0,,,,,,,,,
1148053,2018,2018-06-04,Royal Selangor Club,1,7.1,Sri Lanka,Malaysia,BYA Mendis,MDN Hansika,Sasha Azmi,1,0,,,,,,,,,
1148053,2018,2018-06-04,Royal Selangor Club,1,7.2,Sri Lanka,Malaysia,MDN Hansika,BYA Mendis,Sasha Azmi,0,0,,,,,,,,,
1148053,2018,2018-06-04,Royal Selangor Club,1,7.3,Sri Lanka,Malaysia,MDN Hansika,BYA Mendis,Sasha Azmi,0,0,,,,,,,,,
1148053,2018,2018-06-04,Royal Selangor Club,1,7.4,Sri Lanka,Malaysia,MDN Hansika,BYA Mendis,Sasha Azmi,0,0,,,,,,,,,
1148053,2018,2018-06-04,Royal Selangor Club,1,7.5,Sri Lanka,Malaysia,MDN Hansika,BYA Mendis,Sasha Azmi,0,0,,,,,,,,,
1148053,2018,2018-06-04,Royal Selangor Club,1,7.6,Sri Lanka,Malaysia,MDN Hansika,BYA Mendis,Sasha Azmi,1,0,,,,,,,,,
1148053,2018,2018-06-04,Royal Selangor Club,1,8.1,Sri Lanka,Malaysia,MDN Hansika,BYA Mendis,Noor Hayati Zakaria,0,0,,,,,,,,,
1148053,2018,2018-06-04,Royal Selangor Club,1,8.2,Sri Lanka,Malaysia,MDN Hansika,BYA Mendis,Noor Hayati Zakaria,1,0,,,,,,,,,
1148053,2018,2018-06-04,Royal Selangor Club,1,8.3,Sri Lanka,Malaysia,BYA Mendis,MDN Hansika,Noor Hayati Zakaria,0,0,,,,,,,,,
1148053,2018,2018-06-04,Royal Selangor Club,1,8.4,Sri Lanka,Malaysia,BYA Mendis,MDN Hansika,Noor Hayati Zakaria,0,0,,,,,,,,,
1148053,2018,2018-06-04,Royal Selangor Club,1,8.5,Sri Lanka,Malaysia,BYA Mendis,MDN Hansika,Noor Hayati Zakaria,4,0,,,,,,,,,
1148053,2018,2018-06-04,Royal Selangor Club,1,8.6,Sri Lanka,Malaysia,BYA Mendis,MDN Hansika,Noor Hayati Zakaria,1,0,,,,,,,,,
1148053,2018,2018-06-04,Royal Selangor Club,1,9.1,Sri Lanka,Malaysia,BYA Mendis,MDN Hansika,Sasha Azmi,1,0,,,,,,,,,
1148053,2018,2018-06-04,Royal Selangor Club,1,9.2,Sri Lanka,Malaysia,MDN Hansika,BYA Mendis,Sasha Azmi,0,0,,,,,,,,,
1148053,2018,2018-06-04,Royal Selangor Club,1,9.3,Sri Lanka,Malaysia,MDN Hansika,BYA Mendis,Sasha Azmi,1,0,,,,,,,,,
1148053,2018,2018-06-04,Royal Selangor Club,1,9.4,Sri Lanka,Malaysia,BYA Mendis,MDN Hansika,Sasha Azmi,0,0,,,,,,bowled,BYA Mendis,,
1148053,2018,2018-06-04,Royal Selangor Club,1,9.5,Sri Lanka,Malaysia,MAA Sanjeewani,MDN Hansika,Sasha Azmi,0,0,,,,,,,,,
1148053,2018,2018-06-04,Royal Selangor Club,1,9.6,Sri Lanka,Malaysia,MAA Sanjeewani,MDN Hansika,Sasha Azmi,0,0,,,,,,,,,
1148053,2018,2018-06-04,Royal Selangor Club,1,10.1,Sri Lanka,Malaysia,MDN Hansika,MAA Sanjeewani,Noor Hayati Zakaria,2,0,,,,,,,,,
1148053,2018,2018-06-04,Royal Selangor Club,1,10.2,Sri Lanka,Malaysia,MDN Hansika,MAA Sanjeewani,Noor Hayati Zakaria,1,0,,,,,,,,,
1148053,2018,2018-06-04,Royal Selangor Club,1,10.3,Sri Lanka,Malaysia,MAA Sanjeewani,MDN Hansika,Noor Hayati Zakaria,0,0,,,,,,,,,
1148053,2018,2018-06-04,Royal Selangor Club,1,10.4,Sri Lanka,Malaysia,MAA Sanjeewani,MDN Hansika,Noor Hayati Zakaria,1,0,,,,,,,,,
1148053,2018,2018-06-04,Royal Selangor Club,1,10.5,Sri Lanka,Malaysia,MDN Hansika,MAA Sanjeewani,Noor Hayati Zakaria,0,0,,,,,,,,,
1148053,2018,2018-06-04,Royal Selangor Club,1,10.6,Sri Lanka,Malaysia,MDN Hansika,MAA Sanjeewani,Noor Hayati Zakaria,1,0,,,,,,,,,
1148053,2018,2018-06-04,Royal Selangor Club,1,11.1,Sri Lanka,Malaysia,MDN Hansika,MAA Sanjeewani,Sasha Azmi,2,0,,,,,,,,,
1148053,2018,2018-06-04,Royal Selangor Club,1,11.2,Sri Lanka,Malaysia,MDN Hansika,MAA Sanjeewani,Sasha Azmi,0,0,,,,,,,,,
1148053,2018,2018-06-04,Royal Selangor Club,1,11.3,Sri Lanka,Malaysia,MDN Hansika,MAA Sanjeewani,Sasha Azmi,0,0,,,,,,,,,
1148053,2018,2018-06-04,Royal Selangor Club,1,11.4,Sri Lanka,Malaysia,MDN Hansika,MAA Sanjeewani,Sasha Azmi,0,1,,,1,,,run out,MDN Hansika,,
1148053,2018,2018-06-04,Royal Selangor Club,1,11.5,Sri Lanka,Malaysia,GWHM Perera,MAA Sanjeewani,Sasha Azmi,0,0,,,,,,,,,
1148053,2018,2018-06-04,Royal Selangor Club,1,11.6,Sri Lanka,Malaysia,GWHM Perera,MAA Sanjeewani,Sasha Azmi,1,0,,,,,,,,,
1148053,2018,2018-06-04,Royal Selangor Club,1,12.1,Sri Lanka,Malaysia,GWHM Perera,MAA Sanjeewani,Zumika Azmi,1,0,,,,,,,,,
1148053,2018,2018-06-04,Royal Selangor Club,1,12.2,Sri Lanka,Malaysia,GWHM Perera,MAA Sanjeewani,Zumika Azmi,0,0,,,,,,,,,
1148053,2018,2018-06-04,Royal Selangor Club,1,12.3,Sri Lanka,Malaysia,GWHM Perera,MAA Sanjeewani,Zumika Azmi,0,0,,,,,,,,,
1148053,2018,2018-06-04,Royal Selangor Club,1,12.4,Sri Lanka,Malaysia,GWHM Perera,MAA Sanjeewani,Zumika Azmi,0,1,,,1,,,,,,
1148053,2018,2018-06-04,Royal Selangor Club,1,12.5,Sri Lanka,Malaysia,MAA Sanjeewani,GWHM Perera,Zumika Azmi,1,0,,,,,,,,,
1148053,2018,2018-06-04,Royal Selangor Club,1,12.6,Sri Lanka,Malaysia,GWHM Perera,MAA Sanjeewani,Zumika Azmi,1,0,,,,,,,,,
1148053,2018,2018-06-04,Royal Selangor Club,1,13.1,Sri Lanka,Malaysia,GWHM Perera,MAA Sanjeewani,Sasha Azmi,0,0,,,,,,,,,
1148053,2018,2018-06-04,Royal Selangor Club,1,13.2,Sri Lanka,Malaysia,GWHM Perera,MAA Sanjeewani,Sasha Azmi,0,0,,,,,,,,,
1148053,2018,2018-06-04,Royal Selangor Club,1,13.3,Sri Lanka,Malaysia,GWHM Perera,MAA Sanjeewani,Sasha Azmi,0,0,,,,,,,,,
1148053,2018,2018-06-04,Royal Selangor Club,1,13.4,Sri Lanka,Malaysia,GWHM Perera,MAA Sanjeewani,Sasha Azmi,4,0,,,,,,,,,
1148053,2018,2018-06-04,Royal Selangor Club,1,13.5,Sri Lanka,Malaysia,GWHM Perera,MAA Sanjeewani,Sasha Azmi,1,0,,,,,,,,,
1148053,2018,2018-06-04,Royal Selangor Club,1,13.6,Sri Lanka,Malaysia,MAA Sanjeewani,GWHM Perera,Sasha Azmi,0,0,,,,,,,,,
1148053,2018,2018-06-04,Royal Selangor Club,1,14.1,Sri Lanka,Malaysia,GWHM Perera,MAA Sanjeewani,Zumika Azmi,1,0,,,,,,,,,
1148053,2018,2018-06-04,Royal Selangor Club,1,14.2,Sri Lanka,Malaysia,MAA Sanjeewani,GWHM Perera,Zumika Azmi,0,0,,,,,,,,,
1148053,2018,2018-06-04,Royal Selangor Club,1,14.3,Sri Lanka,Malaysia,MAA Sanjeewani,GWHM Perera,Zumika Azmi,1,0,,,,,,,,,
1148053,2018,2018-06-04,Royal Selangor Club,1,14.4,Sri Lanka,Malaysia,GWHM Perera,MAA Sanjeewani,Zumika Azmi,0,0,,,,,,,,,
1148053,2018,2018-06-04,Royal Selangor Club,1,14.5,Sri Lanka,Malaysia,GWHM Perera,MAA Sanjeewani,Zumika Azmi,1,0,,,,,,,,,
1148053,2018,2018-06-04,Royal Selangor Club,1,14.6,Sri Lanka,Malaysia,MAA Sanjeewani,GWHM Perera,Zumika Azmi,0,0,,,,,,,,,
1148053,2018,2018-06-04,Royal Selangor Club,1,15.1,Sri Lanka,Malaysia,GWHM Perera,MAA Sanjeewani,Mahirah Izzati Ismail,1,0,,,,,,,,,
1148053,2018,2018-06-04,Royal Selangor Club,1,15.2,Sri Lanka,Malaysia,MAA Sanjeewani,GWHM Perera,Mahirah Izzati Ismail,2,0,,,,,,,,,
1148053,2018,2018-06-04,Royal Selangor Club,1,15.3,Sri Lanka,Malaysia,MAA Sanjeewani,GWHM Perera,Mahirah Izzati Ismail,4,0,,,,,,,,,
1148053,2018,2018-06-04,Royal Selangor Club,1,15.4,Sri Lanka,Malaysia,MAA Sanjeewani,GWHM Perera,Mahirah Izzati Ismail,2,0,,,,,,,,,
1148053,2018,2018-06-04,Royal Selangor Club,1,15.5,Sri Lanka,Malaysia,MAA Sanjeewani,GWHM Perera,Mahirah Izzati Ismail,4,0,,,,,,,,,
1148053,2018,2018-06-04,Royal Selangor Club,1,15.6,Sri Lanka,Malaysia,MAA Sanjeewani,GWHM Perera,Mahirah Izzati Ismail,0,0,,,,,,,,,
1148053,2018,2018-06-04,Royal Selangor Club,1,16.1,Sri Lanka,Malaysia,GWHM Perera,MAA Sanjeewani,Zumika Azmi,1,0,,,,,,,,,
1148053,2018,2018-06-04,Royal Selangor Club,1,16.2,Sri Lanka,Malaysia,MAA Sanjeewani,GWHM Perera,Zumika Azmi,0,0,,,,,,,,,
1148053,2018,2018-06-04,Royal Selangor Club,1,16.3,Sri Lanka,Malaysia,MAA Sanjeewani,GWHM Perera,Zumika Azmi,1,0,,,,,,,,,
1148053,2018,2018-06-04,Royal Selangor Club,1,16.4,Sri Lanka,Malaysia,GWHM Perera,MAA Sanjeewani,Zumika Azmi,1,0,,,,,,,,,
1148053,2018,2018-06-04,Royal Selangor Club,1,16.5,Sri Lanka,Malaysia,MAA Sanjeewani,GWHM Perera,Zumika Azmi,0,0,,,,,,,,,
1148053,2018,2018-06-04,Royal Selangor Club,1,16.6,Sri Lanka,Malaysia,MAA Sanjeewani,GWHM Perera,Zumika Azmi,1,0,,,,,,,,,
1148053,2018,2018-06-04,Royal Selangor Club,1,17.1,Sri Lanka,Malaysia,MAA Sanjeewani,GWHM Perera,WA Duraisingam,4,0,,,,,,,,,
1148053,2018,2018-06-04,Royal Selangor Club,1,17.2,Sri Lanka,Malaysia,MAA Sanjeewani,GWHM Perera,WA Duraisingam,2,0,,,,,,,,,
1148053,2018,2018-06-04,Royal Selangor Club,1,17.3,Sri Lanka,Malaysia,MAA Sanjeewani,GWHM Perera,WA Duraisingam,0,0,,,,,,,,,
1148053,2018,2018-06-04,Royal Selangor Club,1,17.4,Sri Lanka,Malaysia,MAA Sanjeewani,GWHM Perera,WA Duraisingam,1,0,,,,,,,,,
1148053,2018,2018-06-04,Royal Selangor Club,1,17.5,Sri Lanka,Malaysia,GWHM Perera,MAA Sanjeewani,WA Duraisingam,0,0,,,,,,,,,
1148053,2018,2018-06-04,Royal Selangor Club,1,17.6,Sri Lanka,Malaysia,GWHM Perera,MAA Sanjeewani,WA Duraisingam,2,0,,,,,,,,,
1148053,2018,2018-06-04,Royal Selangor Club,1,18.1,Sri Lanka,Malaysia,MAA Sanjeewani,GWHM Perera,Ainna Hamizah Hashim,0,4,,,,4,,,,,
1148053,2018,2018-06-04,Royal Selangor Club,1,18.2,Sri Lanka,Malaysia,MAA Sanjeewani,GWHM Perera,Ainna Hamizah Hashim,2,0,,,,,,,,,
1148053,2018,2018-06-04,Royal Selangor Club,1,18.3,Sri Lanka,Malaysia,MAA Sanjeewani,GWHM Perera,Ainna Hamizah Hashim,0,0,,,,,,bowled,MAA Sanjeewani,,
1148053,2018,2018-06-04,Royal Selangor Club,1,18.4,Sri Lanka,Malaysia,NND de Silva,GWHM Perera,Ainna Hamizah Hashim,1,0,,,,,,,,,
1148053,2018,2018-06-04,Royal Selangor Club,1,18.5,Sri Lanka,Malaysia,GWHM Perera,NND de Silva,Ainna Hamizah Hashim,1,0,,,,,,,,,
1148053,2018,2018-06-04,Royal Selangor Club,1,18.6,Sri Lanka,Malaysia,NND de Silva,GWHM Perera,Ainna Hamizah Hashim,4,0,,,,,,,,,
1148053,2018,2018-06-04,Royal Selangor Club,1,19.1,Sri Lanka,Malaysia,GWHM Perera,NND de Silva,WA Duraisingam,0,2,,,2,,,,,,
1148053,2018,2018-06-04,Royal Selangor Club,1,19.2,Sri Lanka,Malaysia,GWHM Perera,NND de Silva,WA Duraisingam,2,0,,,,,,,,,
1148053,2018,2018-06-04,Royal Selangor Club,1,19.3,Sri Lanka,Malaysia,GWHM Perera,NND de Silva,WA Duraisingam,2,0,,,,,,,,,
1148053,2018,2018-06-04,Royal Selangor Club,1,19.4,Sri Lanka,Malaysia,GWHM Perera,NND de Silva,WA Duraisingam,4,0,,,,,,,,,
1148053,2018,2018-06-04,Royal Selangor Club,1,19.5,Sri Lanka,Malaysia,GWHM Perera,NND de Silva,WA Duraisingam,4,0,,,,,,,,,
1148053,2018,2018-06-04,Royal Selangor Club,1,19.6,Sri Lanka,Malaysia,GWHM Perera,NND de Silva,WA Duraisingam,4,0,,,,,,,,,
1148053,2018,2018-06-04,Royal Selangor Club,2,0.1,Malaysia,Sri Lanka,Yusrina Yaakop,Christina Baret,BMSM Kumari,0,0,,,,,,,,,
1148053,2018,2018-06-04,Royal Selangor Club,2,0.2,Malaysia,Sri Lanka,Yusrina Yaakop,Christina Baret,BMSM Kumari,0,0,,,,,,,,,
1148053,2018,2018-06-04,Royal Selangor Club,2,0.3,Malaysia,Sri Lanka,Yusrina Yaakop,Christina Baret,BMSM Kumari,0,0,,,,,,,,,
1148053,2018,2018-06-04,Royal Selangor Club,2,0.4,Malaysia,Sri Lanka,Yusrina Yaakop,Christina Baret,BMSM Kumari,0,0,,,,,,,,,
1148053,2018,2018-06-04,Royal Selangor Club,2,0.5,Malaysia,Sri Lanka,Yusrina Yaakop,Christina Baret,BMSM Kumari,1,0,,,,,,,,,
1148053,2018,2018-06-04,Royal Selangor Club,2,0.6,Malaysia,Sri Lanka,Christina Baret,Yusrina Yaakop,BMSM Kumari,0,0,,,,,,,,,
1148053,2018,2018-06-04,Royal Selangor Club,2,1.1,Malaysia,Sri Lanka,Yusrina Yaakop,Christina Baret,OU Ranasinghe,0,0,,,,,,,,,
1148053,2018,2018-06-04,Royal Selangor Club,2,1.2,Malaysia,Sri Lanka,Yusrina Yaakop,Christina Baret,OU Ranasinghe,0,0,,,,,,,,,
1148053,2018,2018-06-04,Royal Selangor Club,2,1.3,Malaysia,Sri Lanka,Yusrina Yaakop,Christina Baret,OU Ranasinghe,0,0,,,,,,,,,
1148053,2018,2018-06-04,Royal Selangor Club,2,1.4,Malaysia,Sri Lanka,Yusrina Yaakop,Christina Baret,OU Ranasinghe,0,0,,,,,,caught,Yusrina Yaakop,,
1148053,2018,2018-06-04,Royal Selangor Club,2,1.5,Malaysia,Sri Lanka,Christina Baret,WA Duraisingam,OU Ranasinghe,0,0,,,,,,,,,
1148053,2018,2018-06-04,Royal Selangor Club,2,1.6,Malaysia,Sri Lanka,Christina Baret,WA Duraisingam,OU Ranasinghe,0,0,,,,,,,,,
1148053,2018,2018-06-04,Royal Selangor Club,2,2.1,Malaysia,Sri Lanka,WA Duraisingam,Christina Baret,BMSM Kumari,0,0,,,,,,,,,
1148053,2018,2018-06-04,Royal Selangor Club,2,2.2,Malaysia,Sri Lanka,WA Duraisingam,Christina Baret,BMSM Kumari,0,0,,,,,,,,,
1148053,2018,2018-06-04,Royal Selangor Club,2,2.3,Malaysia,Sri Lanka,WA Duraisingam,Christina Baret,BMSM Kumari,0,0,,,,,,,,,
1148053,2018,2018-06-04,Royal Selangor Club,2,2.4,Malaysia,Sri Lanka,WA Duraisingam,Christina Baret,BMSM Kumari,0,0,,,,,,,,,
1148053,2018,2018-06-04,Royal Selangor Club,2,2.5,Malaysia,Sri Lanka,WA Duraisingam,Christina Baret,BMSM Kumari,0,0,,,,,,,,,
1148053,2018,2018-06-04,Royal Selangor Club,2,2.6,Malaysia,Sri Lanka,WA Duraisingam,Christina Baret,BMSM Kumari,0,0,,,,,,,,,
1148053,2018,2018-06-04,Royal Selangor Club,2,3.1,Malaysia,Sri Lanka,Christina Baret,WA Duraisingam,OU Ranasinghe,0,0,,,,,,,,,
1148053,2018,2018-06-04,Royal Selangor Club,2,3.2,Malaysia,Sri Lanka,Christina Baret,WA Duraisingam,OU Ranasinghe,0,0,,,,,,,,,
1148053,2018,2018-06-04,Royal Selangor Club,2,3.3,Malaysia,Sri Lanka,Christina Baret,WA Duraisingam,OU Ranasinghe,0,0,,,,,,,,,
1148053,2018,2018-06-04,Royal Selangor Club,2,3.4,Malaysia,Sri Lanka,Christina Baret,WA Duraisingam,OU Ranasinghe,0,0,,,,,,,,,
1148053,2018,2018-06-04,Royal Selangor Club,2,3.5,Malaysia,Sri Lanka,Christina Baret,WA Duraisingam,OU Ranasinghe,0,0,,,,,,,,,
1148053,2018,2018-06-04,Royal Selangor Club,2,3.6,Malaysia,Sri Lanka,Christina Baret,WA Duraisingam,OU Ranasinghe,0,0,,,,,,,,,
1148053,2018,2018-06-04,Royal Selangor Club,2,4.1,Malaysia,Sri Lanka,WA Duraisingam,Christina Baret,BMSM Kumari,0,0,,,,,,,,,
1148053,2018,2018-06-04,Royal Selangor Club,2,4.2,Malaysia,Sri Lanka,WA Duraisingam,Christina Baret,BMSM Kumari,0,0,,,,,,,,,
1148053,2018,2018-06-04,Royal Selangor Club,2,4.3,Malaysia,Sri Lanka,WA Duraisingam,Christina Baret,BMSM Kumari,0,0,,,,,,,,,
1148053,2018,2018-06-04,Royal Selangor Club,2,4.4,Malaysia,Sri Lanka,WA Duraisingam,Christina Baret,BMSM Kumari,0,0,,,,,,,,,
1148053,2018,2018-06-04,Royal Selangor Club,2,4.5,Malaysia,Sri Lanka,WA Duraisingam,Christina Baret,BMSM Kumari,0,0,,,,,,,,,
1148053,2018,2018-06-04,Royal Selangor Club,2,4.6,Malaysia,Sri Lanka,WA Duraisingam,Christina Baret,BMSM Kumari,0,0,,,,,,,,,
1148053,2018,2018-06-04,Royal Selangor Club,2,5.1,Malaysia,Sri Lanka,Christina Baret,WA Duraisingam,NND de Silva,0,0,,,,,,,,,
1148053,2018,2018-06-04,Royal Selangor Club,2,5.2,Malaysia,Sri Lanka,Christina Baret,WA Duraisingam,NND de Silva,0,0,,,,,,,,,
1148053,2018,2018-06-04,Royal Selangor Club,2,5.3,Malaysia,Sri Lanka,Christina Baret,WA Duraisingam,NND de Silva,1,0,,,,,,,,,
1148053,2018,2018-06-04,Royal Selangor Club,2,5.4,Malaysia,Sri Lanka,WA Duraisingam,Christina Baret,NND de Silva,0,0,,,,,,,,,
1148053,2018,2018-06-04,Royal Selangor Club,2,5.5,Malaysia,Sri Lanka,WA Duraisingam,Christina Baret,NND de Silva,0,2,2,,,,,,,,
1148053,2018,2018-06-04,Royal Selangor Club,2,5.6,Malaysia,Sri Lanka,Christina Baret,WA Duraisingam,NND de Silva,1,0,,,,,,,,,
1148053,2018,2018-06-04,Royal Selangor Club,2,5.7,Malaysia,Sri Lanka,WA Duraisingam,Christina Baret,NND de Silva,0,0,,,,,,,,,
1148053,2018,2018-06-04,Royal Selangor Club,2,6.1,Malaysia,Sri Lanka,Christina Baret,WA Duraisingam,BYA Mendis,0,0,,,,,,,,,
1148053,2018,2018-06-04,Royal Selangor Club,2,6.2,Malaysia,Sri Lanka,Christina Baret,WA Duraisingam,BYA Mendis,0,0,,,,,,,,,
1148053,2018,2018-06-04,Royal Selangor Club,2,6.3,Malaysia,Sri Lanka,Christina Baret,WA Duraisingam,BYA Mendis,0,0,,,,,,,,,
1148053,2018,2018-06-04,Royal Selangor Club,2,6.4,Malaysia,Sri Lanka,Christina Baret,WA Duraisingam,BYA Mendis,1,0,,,,,,,,,
1148053,2018,2018-06-04,Royal Selangor Club,2,6.5,Malaysia,Sri Lanka,WA Duraisingam,Christina Baret,BYA Mendis,1,0,,,,,,,,,
1148053,2018,2018-06-04,Royal Selangor Club,2,6.6,Malaysia,Sri Lanka,Christina Baret,WA Duraisingam,BYA Mendis,1,0,,,,,,,,,
1148053,2018,2018-06-04,Royal Selangor Club,2,7.1,Malaysia,Sri Lanka,Christina Baret,WA Duraisingam,NND de Silva,2,0,,,,,,,,,
1148053,2018,2018-06-04,Royal Selangor Club,2,7.2,Malaysia,Sri Lanka,Christina Baret,WA Duraisingam,NND de Silva,0,1,1,,,,,,,,
1148053,2018,2018-06-04,Royal Selangor Club,2,7.3,Malaysia,Sri Lanka,Christina Baret,WA Duraisingam,NND de Silva,0,0,,,,,,,,,
1148053,2018,2018-06-04,Royal Selangor Club,2,7.4,Malaysia,Sri Lanka,Christina Baret,WA Duraisingam,NND de Silva,3,0,,,,,,,,,
1148053,2018,2018-06-04,Royal Selangor Club,2,7.5,Malaysia,Sri Lanka,WA Duraisingam,Christina Baret,NND de Silva,0,0,,,,,,bowled,WA Duraisingam,,
1148053,2018,2018-06-04,Royal Selangor Club,2,7.6,Malaysia,Sri Lanka,Mas Elysa,Christina Baret,NND de Silva,0,0,,,,,,,,,
1148053,2018,2018-06-04,Royal Selangor Club,2,7.7,Malaysia,Sri Lanka,Mas Elysa,Christina Baret,NND de Silva,0,0,,,,,,caught,Mas Elysa,,
1148053,2018,2018-06-04,Royal Selangor Club,2,8.1,Malaysia,Sri Lanka,Mahirah Izzati Ismail,Christina Baret,BYA Mendis,0,0,,,,,,,,,
1148053,2018,2018-06-04,Royal Selangor Club,2,8.2,Malaysia,Sri Lanka,Mahirah Izzati Ismail,Christina Baret,BYA Mendis,0,0,,,,,,,,,
1148053,2018,2018-06-04,Royal Selangor Club,2,8.3,Malaysia,Sri Lanka,Mahirah Izzati Ismail,Christina Baret,BYA Mendis,1,0,,,,,,,,,
1148053,2018,2018-06-04,Royal Selangor Club,2,8.4,Malaysia,Sri Lanka,Christina Baret,Mahirah Izzati Ismail,BYA Mendis,0,0,,,,,,,,,
1148053,2018,2018-06-04,Royal Selangor Club,2,8.5,Malaysia,Sri Lanka,Christina Baret,Mahirah Izzati Ismail,BYA Mendis,1,0,,,,,,,,,
1148053,2018,2018-06-04,Royal Selangor Club,2,8.6,Malaysia,Sri Lanka,Mahirah Izzati Ismail,Christina Baret,BYA Mendis,0,0,,,,,,,,,
1148053,2018,2018-06-04,Royal Selangor Club,2,9.1,Malaysia,Sri Lanka,Christina Baret,Mahirah Izzati Ismail,NND de Silva,0,0,,,,,,,,,
1148053,2018,2018-06-04,Royal Selangor Club,2,9.2,Malaysia,Sri Lanka,Christina Baret,Mahirah Izzati Ismail,NND de Silva,1,0,,,,,,,,,
1148053,2018,2018-06-04,Royal Selangor Club,2,9.3,Malaysia,Sri Lanka,Mahirah Izzati Ismail,Christina Baret,NND de Silva,0,0,,,,,,,,,
1148053,2018,2018-06-04,Royal Selangor Club,2,9.4,Malaysia,Sri Lanka,Mahirah Izzati Ismail,Christina Baret,NND de Silva,1,0,,,,,,,,,
1148053,2018,2018-06-04,Royal Selangor Club,2,9.5,Malaysia,Sri Lanka,Christina Baret,Mahirah Izzati Ismail,NND de Silva,0,0,,,,,,,,,
1148053,2018,2018-06-04,Royal Selangor Club,2,9.6,Malaysia,Sri Lanka,Christina Baret,Mahirah Izzati Ismail,NND de Silva,1,0,,,,,,,,,
1148053,2018,2018-06-04,Royal Selangor Club,2,10.1,Malaysia,Sri Lanka,Christina Baret,Mahirah Izzati Ismail,BYA Mendis,1,0,,,,,,,,,
1148053,2018,2018-06-04,Royal Selangor Club,2,10.2,Malaysia,Sri Lanka,Mahirah Izzati Ismail,Christina Baret,BYA Mendis,0,0,,,,,,,,,
1148053,2018,2018-06-04,Royal Selangor Club,2,10.3,Malaysia,Sri Lanka,Mahirah Izzati Ismail,Christina Baret,BYA Mendis,0,1,1,,,,,,,,
1148053,2018,2018-06-04,Royal Selangor Club,2,10.4,Malaysia,Sri Lanka,Mahirah Izzati Ismail,Christina Baret,BYA Mendis,0,1,1,,,,,,,,
1148053,2018,2018-06-04,Royal Selangor Club,2,10.5,Malaysia,Sri Lanka,Mahirah Izzati Ismail,Christina Baret,BYA Mendis,1,0,,,,,,,,,
1148053,2018,2018-06-04,Royal Selangor Club,2,10.6,Malaysia,Sri Lanka,Christina Baret,Mahirah Izzati Ismail,BYA Mendis,1,0,,,,,,,,,
1148053,2018,2018-06-04,Royal Selangor Club,2,10.7,Malaysia,Sri Lanka,Mahirah Izzati Ismail,Christina Baret,BYA Mendis,0,0,,,,,,,,,
1148053,2018,2018-06-04,Royal Selangor Club,2,10.8,Malaysia,Sri Lanka,Mahirah Izzati Ismail,Christina Baret,BYA Mendis,0,1,1,,,,,,,,
1148053,2018,2018-06-04,Royal Selangor Club,2,10.9,Malaysia,Sri Lanka,Mahirah Izzati Ismail,Christina Baret,BYA Mendis,0,0,,,,,,,,,
1148053,2018,2018-06-04,Royal Selangor Club,2,11.1,Malaysia,Sri Lanka,Christina Baret,Mahirah Izzati Ismail,NND de Silva,0,0,,,,,,,,,
1148053,2018,2018-06-04,Royal Selangor Club,2,11.2,Malaysia,Sri Lanka,Christina Baret,Mahirah Izzati Ismail,NND de Silva,0,0,,,,,,,,,
1148053,2018,2018-06-04,Royal Selangor Club,2,11.3,Malaysia,Sri Lanka,Christina Baret,Mahirah Izzati Ismail,NND de Silva,0,0,,,,,,lbw,Christina Baret,,
1148053,2018,2018-06-04,Royal Selangor Club,2,11.4,Malaysia,Sri Lanka,Sasha Azmi,Mahirah Izzati Ismail,NND de Silva,0,0,,,,,,,,,
1148053,2018,2018-06-04,Royal Selangor Club,2,11.5,Malaysia,Sri Lanka,Sasha Azmi,Mahirah Izzati Ismail,NND de Silva,0,0,,,,,,,,,
1148053,2018,2018-06-04,Royal Selangor Club,2,11.6,Malaysia,Sri Lanka,Sasha Azmi,Mahirah Izzati Ismail,NND de Silva,0,0,,,,,,,,,
1148053,2018,2018-06-04,Royal Selangor Club,2,12.1,Malaysia,Sri Lanka,Mahirah Izzati Ismail,Sasha Azmi,I Ranaweera,1,0,,,,,,,,,
1148053,2018,2018-06-04,Royal Selangor Club,2,12.2,Malaysia,Sri Lanka,Sasha Azmi,Mahirah Izzati Ismail,I Ranaweera,0,0,,,,,,,,,
1148053,2018,2018-06-04,Royal Selangor Club,2,12.3,Malaysia,Sri Lanka,Sasha Azmi,Mahirah Izzati Ismail,I Ranaweera,0,0,,,,,,,,,
1148053,2018,2018-06-04,Royal Selangor Club,2,12.4,Malaysia,Sri Lanka,Sasha Azmi,Mahirah Izzati Ismail,I Ranaweera,1,0,,,,,,,,,
1148053,2018,2018-06-04,Royal Selangor Club,2,12.5,Malaysia,Sri Lanka,Mahirah Izzati Ismail,Sasha Azmi,I Ranaweera,1,0,,,,,,,,,
1148053,2018,2018-06-04,Royal Selangor Club,2,12.6,Malaysia,Sri Lanka,Sasha Azmi,Mahirah Izzati Ismail,I Ranaweera,0,0,,,,,,,,,
1148053,2018,2018-06-04,Royal Selangor Club,2,13.1,Malaysia,Sri Lanka,Mahirah Izzati Ismail,Sasha Azmi,HASD Siriwardene,0,0,,,,,,,,,
1148053,2018,2018-06-04,Royal Selangor Club,2,13.2,Malaysia,Sri Lanka,Mahirah Izzati Ismail,Sasha Azmi,HASD Siriwardene,1,0,,,,,,,,,
1148053,2018,2018-06-04,Royal Selangor Club,2,13.3,Malaysia,Sri Lanka,Sasha Azmi,Mahirah Izzati Ismail,HASD Siriwardene,2,0,,,,,,,,,
1148053,2018,2018-06-04,Royal Selangor Club,2,13.4,Malaysia,Sri Lanka,Sasha Azmi,Mahirah Izzati Ismail,HASD Siriwardene,0,0,,,,,,bowled,Sasha Azmi,,
1148053,2018,2018-06-04,Royal Selangor Club,2,13.5,Malaysia,Sri Lanka,J Intan,Mahirah Izzati Ismail,HASD Siriwardene,1,0,,,,,,,,,
1148053,2018,2018-06-04,Royal Selangor Club,2,13.6,Malaysia,Sri Lanka,Mahirah Izzati Ismail,J Intan,HASD Siriwardene,0,0,,,,,,,,,
1148053,2018,2018-06-04,Royal Selangor Club,2,14.1,Malaysia,Sri Lanka,J Intan,Mahirah Izzati Ismail,I Ranaweera,0,0,,,,,,,,,
1148053,2018,2018-06-04,Royal Selangor Club,2,14.2,Malaysia,Sri Lanka,J Intan,Mahirah Izzati Ismail,I Ranaweera,0,0,,,,,,,,,
1148053,2018,2018-06-04,Royal Selangor Club,2,14.3,Malaysia,Sri Lanka,J Intan,Mahirah Izzati Ismail,I Ranaweera,0,0,,,,,,,,,
1148053,2018,2018-06-04,Royal Selangor Club,2,14.4,Malaysia,Sri Lanka,J Intan,Mahirah Izzati Ismail,I Ranaweera,0,0,,,,,,,,,
1148053,2018,2018-06-04,Royal Selangor Club,2,14.5,Malaysia,Sri Lanka,J Intan,Mahirah Izzati Ismail,I Ranaweera,0,0,,,,,,,,,
1148053,2018,2018-06-04,Royal Selangor Club,2,14.6,Malaysia,Sri Lanka,J Intan,Mahirah Izzati Ismail,I Ranaweera,0,1,,,1,,,,,,
1148053,2018,2018-06-04,Royal Selangor Club,2,15.1,Malaysia,Sri Lanka,J Intan,Mahirah Izzati Ismail,HASD Siriwardene,1,0,,,,,,,,,
1148053,2018,2018-06-04,Royal Selangor Club,2,15.2,Malaysia,Sri Lanka,Mahirah Izzati Ismail,J Intan,HASD Siriwardene,0,0,,,,,,,,,
1148053,2018,2018-06-04,Royal Selangor Club,2,15.3,Malaysia,Sri Lanka,Mahirah Izzati Ismail,J Intan,HASD Siriwardene,0,0,,,,,,,,,
1148053,2018,2018-06-04,Royal Selangor Club,2,15.4,Malaysia,Sri Lanka,Mahirah Izzati Ismail,J Intan,HASD Siriwardene,0,1,1,,,,,,,,
1148053,2018,2018-06-04,Royal Selangor Club,2,15.5,Malaysia,Sri Lanka,Mahirah Izzati Ismail,J Intan,HASD Siriwardene,0,0,,,,,,run out,J Intan,,
1148053,2018,2018-06-04,Royal Selangor Club,2,15.6,Malaysia,Sri Lanka,Zumika Azmi,Mahirah Izzati Ismail,HASD Siriwardene,0,0,,,,,,,,,
1148053,2018,2018-06-04,Royal Selangor Club,2,15.7,Malaysia,Sri Lanka,Zumika Azmi,Mahirah Izzati Ismail,HASD Siriwardene,0,0,,,,,,,,,
1148053,2018,2018-06-04,Royal Selangor Club,2,16.1,Malaysia,Sri Lanka,Mahirah Izzati Ismail,Zumika Azmi,OU Ranasinghe,0,0,,,,,,,,,
1148053,2018,2018-06-04,Royal Selangor Club,2,16.2,Malaysia,Sri Lanka,Mahirah Izzati Ismail,Zumika Azmi,OU Ranasinghe,0,0,,,,,,,,,
1148053,2018,2018-06-04,Royal Selangor Club,2,16.3,Malaysia,Sri Lanka,Mahirah Izzati Ismail,Zumika Azmi,OU Ranasinghe,0,0,,,,,,,,,
1148053,2018,2018-06-04,Royal Selangor Club,2,16.4,Malaysia,Sri Lanka,Mahirah Izzati Ismail,Zumika Azmi,OU Ranasinghe,1,0,,,,,,,,,
1148053,2018,2018-06-04,Royal Selangor Club,2,16.5,Malaysia,Sri Lanka,Zumika Azmi,Mahirah Izzati Ismail,OU Ranasinghe,0,0,,,,,,,,,
1148053,2018,2018-06-04,Royal Selangor Club,2,16.6,Malaysia,Sri Lanka,Zumika Azmi,Mahirah Izzati Ismail,OU Ranasinghe,1,0,,,,,,,,,
1148053,2018,2018-06-04,Royal Selangor Club,2,17.1,Malaysia,Sri Lanka,Zumika Azmi,Mahirah Izzati Ismail,BMSM Kumari,0,0,,,,,,,,,
1148053,2018,2018-06-04,Royal Selangor Club,2,17.2,Malaysia,Sri Lanka,Zumika Azmi,Mahirah Izzati Ismail,BMSM Kumari,0,0,,,,,,,,,
1148053,2018,2018-06-04,Royal Selangor Club,2,17.3,Malaysia,Sri Lanka,Zumika Azmi,Mahirah Izzati Ismail,BMSM Kumari,0,0,,,,,,,,,
1148053,2018,2018-06-04,Royal Selangor Club,2,17.4,Malaysia,Sri Lanka,Zumika Azmi,Mahirah Izzati Ismail,BMSM Kumari,1,0,,,,,,,,,
1148053,2018,2018-06-04,Royal Selangor Club,2,17.5,Malaysia,Sri Lanka,Mahirah Izzati Ismail,Zumika Azmi,BMSM Kumari,1,0,,,,,,,,,
1148053,2018,2018-06-04,Royal Selangor Club,2,17.6,Malaysia,Sri Lanka,Zumika Azmi,Mahirah Izzati Ismail,BMSM Kumari,0,0,,,,,,,,,
1148053,2018,2018-06-04,Royal Selangor Club,2,18.1,Malaysia,Sri Lanka,Mahirah Izzati Ismail,Zumika Azmi,I Ranaweera,0,0,,,,,,,,,
1148053,2018,2018-06-04,Royal Selangor Club,2,18.2,Malaysia,Sri Lanka,Mahirah Izzati Ismail,Zumika Azmi,I Ranaweera,0,0,,,,,,,,,
1148053,2018,2018-06-04,Royal Selangor Club,2,18.3,Malaysia,Sri Lanka,Mahirah Izzati Ismail,Zumika Azmi,I Ranaweera,0,0,,,,,,,,,
1148053,2018,2018-06-04,Royal Selangor Club,2,18.4,Malaysia,Sri Lanka,Mahirah Izzati Ismail,Zumika Azmi,I Ranaweera,0,0,,,,,,,,,
1148053,2018,2018-06-04,Royal Selangor Club,2,18.5,Malaysia,Sri Lanka,Mahirah Izzati Ismail,Zumika Azmi,I Ranaweera,0,0,,,,,,,,,
1148053,2018,2018-06-04,Royal Selangor Club,2,18.6,Malaysia,Sri Lanka,Mahirah Izzati Ismail,Zumika Azmi,I Ranaweera,1,0,,,,,,,,,
1148053,2018,2018-06-04,Royal Selangor Club,2,19.1,Malaysia,Sri Lanka,Mahirah Izzati Ismail,Zumika Azmi,HASD Siriwardene,1,0,,,,,,,,,
1148053,2018,2018-06-04,Royal Selangor Club,2,19.2,Malaysia,Sri Lanka,Zumika Azmi,Mahirah Izzati Ismail,HASD Siriwardene,0,0,,,,,,,,,
1148053,2018,2018-06-04,Royal Selangor Club,2,19.3,Malaysia,Sri Lanka,Zumika Azmi,Mahirah Izzati Ismail,HASD Siriwardene,0,0,,,,,,,,,
1148053,2018,2018-06-04,Royal Selangor Club,2,19.4,Malaysia,Sri Lanka,Zumika Azmi,Mahirah Izzati Ismail,HASD Siriwardene,4,0,,,,,,,,,
1148053,2018,2018-06-04,Royal Selangor Club,2,19.5,Malaysia,Sri Lanka,Zumika Azmi,Mahirah Izzati Ismail,HASD Siriwardene,1,0,,,,,,,,,
1148053,2018,2018-06-04,Royal Selangor Club,2,19.6,Malaysia,Sri Lanka,Mahirah Izzati Ismail,Zumika Azmi,HASD Siriwardene,0,0,,,,,,stumped,Mahirah Izzati Ismail,,
