match_id,season,start_date,venue,innings,ball,batting_team,bowling_team,striker,non_striker,bowler,runs_off_bat,extras,wides,noballs,byes,legbyes,penalty,wicket_type,player_dismissed,other_wicket_type,other_player_dismissed
1148063,2018,2018-06-10,Kinrara Academy Oval,1,0.1,India,Bangladesh,M Raj,S Mandhana,Nahida Akter,0,0,,,,,,,,,
1148063,2018,2018-06-10,Kinrara Academy Oval,1,0.2,India,Bangladesh,M Raj,S Mandhana,Nahida Akter,0,0,,,,,,,,,
1148063,2018,2018-06-10,Kinrara Academy Oval,1,0.3,India,Bangladesh,M Raj,S Mandhana,Nahida Akter,1,0,,,,,,,,,
1148063,2018,2018-06-10,Kinrara Academy Oval,1,0.4,India,Bangladesh,S Mandhana,M Raj,Nahida Akter,1,0,,,,,,,,,
1148063,2018,2018-06-10,Kinrara Academy Oval,1,0.5,India,Bangladesh,M Raj,S Mandhana,Nahida Akter,0,0,,,,,,,,,
1148063,2018,2018-06-10,Kinrara Academy Oval,1,0.6,India,Bangladesh,M Raj,S Mandhana,Nahida Akter,0,0,,,,,,,,,
1148063,2018,2018-06-10,Kinrara Academy Oval,1,1.1,India,Bangladesh,S Mandhana,M Raj,Salma Khatun,0,0,,,,,,,,,
1148063,2018,2018-06-10,Kinrara Academy Oval,1,1.2,India,Bangladesh,S Mandhana,M Raj,Salma Khatun,0,0,,,,,,,,,
1148063,2018,2018-06-10,Kinrara Academy Oval,1,1.3,India,Bangladesh,S Mandhana,M Raj,Salma Khatun,2,0,,,,,,,,,
1148063,2018,2018-06-10,Kinrara Academy Oval,1,1.4,India,Bangladesh,S Mandhana,M Raj,Salma Khatun,0,0,,,,,,,,,
1148063,2018,2018-06-10,Kinrara Academy Oval,1,1.5,India,Bangladesh,S Mandhana,M Raj,Salma Khatun,0,0,,,,,,,,,
1148063,2018,2018-06-10,Kinrara Academy Oval,1,1.6,India,Bangladesh,S Mandhana,M Raj,Salma Khatun,4,0,,,,,,,,,
1148063,2018,2018-06-10,Kinrara Academy Oval,1,2.1,India,Bangladesh,M Raj,S Mandhana,Nahida Akter,1,0,,,,,,,,,
1148063,2018,2018-06-10,Kinrara Academy Oval,1,2.2,India,Bangladesh,S Mandhana,M Raj,Nahida Akter,0,0,,,,,,,,,
1148063,2018,2018-06-10,Kinrara Academy Oval,1,2.3,India,Bangladesh,S Mandhana,M Raj,Nahida Akter,0,0,,,,,,,,,
1148063,2018,2018-06-10,Kinrara Academy Oval,1,2.4,India,Bangladesh,S Mandhana,M Raj,Nahida Akter,0,0,,,,,,,,,
1148063,2018,2018-06-10,Kinrara Academy Oval,1,2.5,India,Bangladesh,S Mandhana,M Raj,Nahida Akter,0,0,,,,,,,,,
1148063,2018,2018-06-10,Kinrara Academy Oval,1,2.6,India,Bangladesh,S Mandhana,M Raj,Nahida Akter,0,0,,,,,,,,,
1148063,2018,2018-06-10,Kinrara Academy Oval,1,3.1,India,Bangladesh,M Raj,S Mandhana,Salma Khatun,0,1,1,,,,,,,,
1148063,2018,2018-06-10,Kinrara Academy Oval,1,3.2,India,Bangladesh,M Raj,S Mandhana,Salma Khatun,2,0,,,,,,run out,S Mandhana,,
1148063,2018,2018-06-10,Kinrara Academy Oval,1,3.3,India,Bangladesh,DB Sharma,M Raj,Salma Khatun,0,0,,,,,,,,,
1148063,2018,2018-06-10,Kinrara Academy Oval,1,3.4,India,Bangladesh,DB Sharma,M Raj,Salma Khatun,0,0,,,,,,,,,
1148063,2018,2018-06-10,Kinrara Academy Oval,1,3.5,India,Bangladesh,DB Sharma,M Raj,Salma Khatun,0,0,,,,,,,,,
1148063,2018,2018-06-10,Kinrara Academy Oval,1,3.6,India,Bangladesh,DB Sharma,M Raj,Salma Khatun,0,0,,,,,,,,,
1148063,2018,2018-06-10,Kinrara Academy Oval,1,3.7,India,Bangladesh,DB Sharma,M Raj,Salma Khatun,1,0,,,,,,,,,
1148063,2018,2018-06-10,Kinrara Academy Oval,1,4.1,India,Bangladesh,DB Sharma,M Raj,Nahida Akter,0,0,,,,,,,,,
1148063,2018,2018-06-10,Kinrara Academy Oval,1,4.2,India,Bangladesh,DB Sharma,M Raj,Nahida Akter,0,1,1,,,,,,,,
1148063,2018,2018-06-10,Kinrara Academy Oval,1,4.3,India,Bangladesh,DB Sharma,M Raj,Nahida Akter,1,0,,,,,,,,,
1148063,2018,2018-06-10,Kinrara Academy Oval,1,4.4,India,Bangladesh,M Raj,DB Sharma,Nahida Akter,0,0,,,,,,,,,
1148063,2018,2018-06-10,Kinrara Academy Oval,1,4.5,India,Bangladesh,M Raj,DB Sharma,Nahida Akter,0,0,,,,,,,,,
1148063,2018,2018-06-10,Kinrara Academy Oval,1,4.6,India,Bangladesh,M Raj,DB Sharma,Nahida Akter,0,0,,,,,,,,,
1148063,2018,2018-06-10,Kinrara Academy Oval,1,4.7,India,Bangladesh,M Raj,DB Sharma,Nahida Akter,1,0,,,,,,,,,
1148063,2018,2018-06-10,Kinrara Academy Oval,1,5.1,India,Bangladesh,M Raj,DB Sharma,Khadija Tul Kubra,1,0,,,,,,,,,
1148063,2018,2018-06-10,Kinrara Academy Oval,1,5.2,India,Bangladesh,DB Sharma,M Raj,Khadija Tul Kubra,0,0,,,,,,,,,
1148063,2018,2018-06-10,Kinrara Academy Oval,1,5.3,India,Bangladesh,DB Sharma,M Raj,Khadija Tul Kubra,1,0,,,,,,,,,
1148063,2018,2018-06-10,Kinrara Academy Oval,1,5.4,India,Bangladesh,M Raj,DB Sharma,Khadija Tul Kubra,2,0,,,,,,,,,
1148063,2018,2018-06-10,Kinrara Academy Oval,1,5.5,India,Bangladesh,M Raj,DB Sharma,Khadija Tul Kubra,0,0,,,,,,,,,
1148063,2018,2018-06-10,Kinrara Academy Oval,1,5.6,India,Bangladesh,M Raj,DB Sharma,Khadija Tul Kubra,1,0,,,,,,,,,
1148063,2018,2018-06-10,Kinrara Academy Oval,1,6.1,India,Bangladesh,M Raj,DB Sharma,Jahanara Alam,1,0,,,,,,,,,
1148063,2018,2018-06-10,Kinrara Academy Oval,1,6.2,India,Bangladesh,DB Sharma,M Raj,Jahanara Alam,0,1,1,,,,,,,,
1148063,2018,2018-06-10,Kinrara Academy Oval,1,6.3,India,Bangladesh,DB Sharma,M Raj,Jahanara Alam,1,0,,,,,,,,,
1148063,2018,2018-06-10,Kinrara Academy Oval,1,6.4,India,Bangladesh,M Raj,DB Sharma,Jahanara Alam,0,1,1,,,,,,,,
1148063,2018,2018-06-10,Kinrara Academy Oval,1,6.5,India,Bangladesh,M Raj,DB Sharma,Jahanara Alam,1,0,,,,,,,,,
1148063,2018,2018-06-10,Kinrara Academy Oval,1,6.6,India,Bangladesh,DB Sharma,M Raj,Jahanara Alam,0,0,,,,,,bowled,DB Sharma,,
1148063,2018,2018-06-10,Kinrara Academy Oval,1,6.7,India,Bangladesh,H Kaur,M Raj,Jahanara Alam,0,0,,,,,,,,,
1148063,2018,2018-06-10,Kinrara Academy Oval,1,6.8,India,Bangladesh,H Kaur,M Raj,Jahanara Alam,2,0,,,,,,,,,
1148063,2018,2018-06-10,Kinrara Academy Oval,1,7.1,India,Bangladesh,M Raj,H Kaur,Khadija Tul Kubra,0,0,,,,,,caught,M Raj,,
1148063,2018,2018-06-10,Kinrara Academy Oval,1,7.2,India,Bangladesh,AA Patil,H Kaur,Khadija Tul Kubra,2,0,,,,,,,,,
1148063,2018,2018-06-10,Kinrara Academy Oval,1,7.3,India,Bangladesh,AA Patil,H Kaur,Khadija Tul Kubra,0,0,,,,,,,,,
1148063,2018,2018-06-10,Kinrara Academy Oval,1,7.4,India,Bangladesh,AA Patil,H Kaur,Khadija Tul Kubra,1,0,,,,,,,,,
1148063,2018,2018-06-10,Kinrara Academy Oval,1,7.5,India,Bangladesh,H Kaur,AA Patil,Khadija Tul Kubra,1,0,,,,,,,,,
1148063,2018,2018-06-10,Kinrara Academy Oval,1,7.6,India,Bangladesh,AA Patil,H Kaur,Khadija Tul Kubra,0,0,,,,,,,,,
1148063,2018,2018-06-10,Kinrara Academy Oval,1,8.1,India,Bangladesh,H Kaur,AA Patil,Jahanara Alam,0,0,,,,,,,,,
1148063,2018,2018-06-10,Kinrara Academy Oval,1,8.2,India,Bangladesh,H Kaur,AA Patil,Jahanara Alam,0,0,,,,,,obstructing the field,AA Patil,,
1148063,2018,2018-06-10,Kinrara Academy Oval,1,8.3,India,Bangladesh,H Kaur,V Krishnamurthy,Jahanara Alam,0,0,,,,,,,,,
1148063,2018,2018-06-10,Kinrara Academy Oval,1,8.4,India,Bangladesh,H Kaur,V Krishnamurthy,Jahanara Alam,4,0,,,,,,,,,
1148063,2018,2018-06-10,Kinrara Academy Oval,1,8.5,India,Bangladesh,H Kaur,V Krishnamurthy,Jahanara Alam,1,0,,,,,,,,,
1148063,2018,2018-06-10,Kinrara Academy Oval,1,8.6,India,Bangladesh,V Krishnamurthy,H Kaur,Jahanara Alam,0,0,,,,,,,,,
1148063,2018,2018-06-10,Kinrara Academy Oval,1,9.1,India,Bangladesh,H Kaur,V Krishnamurthy,Rumana Ahmed,0,0,,,,,,,,,
1148063,2018,2018-06-10,Kinrara Academy Oval,1,9.2,India,Bangladesh,H Kaur,V Krishnamurthy,Rumana Ahmed,0,0,,,,,,,,,
1148063,2018,2018-06-10,Kinrara Academy Oval,1,9.3,India,Bangladesh,H Kaur,V Krishnamurthy,Rumana Ahmed,1,0,,,,,,,,,
1148063,2018,2018-06-10,Kinrara Academy Oval,1,9.4,India,Bangladesh,V Krishnamurthy,H Kaur,Rumana Ahmed,1,0,,,,,,,,,
1148063,2018,2018-06-10,Kinrara Academy Oval,1,9.5,India,Bangladesh,H Kaur,V Krishnamurthy,Rumana Ahmed,1,0,,,,,,,,,
1148063,2018,2018-06-10,Kinrara Academy Oval,1,9.6,India,Bangladesh,V Krishnamurthy,H Kaur,Rumana Ahmed,2,0,,,,,,,,,
1148063,2018,2018-06-10,Kinrara Academy Oval,1,10.1,India,Bangladesh,H Kaur,V Krishnamurthy,Jahanara Alam,4,0,,,,,,,,,
1148063,2018,2018-06-10,Kinrara Academy Oval,1,10.2,India,Bangladesh,H Kaur,V Krishnamurthy,Jahanara Alam,1,0,,,,,,,,,
1148063,2018,2018-06-10,Kinrara Academy Oval,1,10.3,India,Bangladesh,V Krishnamurthy,H Kaur,Jahanara Alam,4,0,,,,,,,,,
1148063,2018,2018-06-10,Kinrara Academy Oval,1,10.4,India,Bangladesh,V Krishnamurthy,H Kaur,Jahanara Alam,1,0,,,,,,,,,
1148063,2018,2018-06-10,Kinrara Academy Oval,1,10.5,India,Bangladesh,H Kaur,V Krishnamurthy,Jahanara Alam,1,0,,,,,,,,,
1148063,2018,2018-06-10,Kinrara Academy Oval,1,10.6,India,Bangladesh,V Krishnamurthy,H Kaur,Jahanara Alam,0,0,,,,,,,,,
1148063,2018,2018-06-10,Kinrara Academy Oval,1,11.1,India,Bangladesh,H Kaur,V Krishnamurthy,Rumana Ahmed,0,0,,,,,,,,,
1148063,2018,2018-06-10,Kinrara Academy Oval,1,11.2,India,Bangladesh,H Kaur,V Krishnamurthy,Rumana Ahmed,1,0,,,,,,,,,
1148063,2018,2018-06-10,Kinrara Academy Oval,1,11.3,India,Bangladesh,V Krishnamurthy,H Kaur,Rumana Ahmed,2,0,,,,,,,,,
1148063,2018,2018-06-10,Kinrara Academy Oval,1,11.4,India,Bangladesh,V Krishnamurthy,H Kaur,Rumana Ahmed,0,1,1,,,,,,,,
1148063,2018,2018-06-10,Kinrara Academy Oval,1,11.5,India,Bangladesh,V Krishnamurthy,H Kaur,Rumana Ahmed,0,0,,,,,,,,,
1148063,2018,2018-06-10,Kinrara Academy Oval,1,11.6,India,Bangladesh,V Krishnamurthy,H Kaur,Rumana Ahmed,1,0,,,,,,,,,
1148063,2018,2018-06-10,Kinrara Academy Oval,1,11.7,India,Bangladesh,H Kaur,V Krishnamurthy,Rumana Ahmed,1,0,,,,,,,,,
1148063,2018,2018-06-10,Kinrara Academy Oval,1,12.1,India,Bangladesh,H Kaur,V Krishnamurthy,Salma Khatun,2,0,,,,,,,,,
1148063,2018,2018-06-10,Kinrara Academy Oval,1,12.2,India,Bangladesh,H Kaur,V Krishnamurthy,Salma Khatun,1,0,,,,,,,,,
1148063,2018,2018-06-10,Kinrara Academy Oval,1,12.3,India,Bangladesh,V Krishnamurthy,H Kaur,Salma Khatun,0,0,,,,,,bowled,V Krishnamurthy,,
1148063,2018,2018-06-10,Kinrara Academy Oval,1,12.4,India,Bangladesh,T Bhatia,H Kaur,Salma Khatun,0,0,,,,,,,,,
1148063,2018,2018-06-10,Kinrara Academy Oval,1,12.5,India,Bangladesh,T Bhatia,H Kaur,Salma Khatun,0,0,,,,,,,,,
1148063,2018,2018-06-10,Kinrara Academy Oval,1,12.6,India,Bangladesh,T Bhatia,H Kaur,Salma Khatun,1,0,,,,,,,,,
1148063,2018,2018-06-10,Kinrara Academy Oval,1,13.1,India,Bangladesh,T Bhatia,H Kaur,Fahima Khatun,1,0,,,,,,,,,
1148063,2018,2018-06-10,Kinrara Academy Oval,1,13.2,India,Bangladesh,H Kaur,T Bhatia,Fahima Khatun,4,0,,,,,,,,,
1148063,2018,2018-06-10,Kinrara Academy Oval,1,13.3,India,Bangladesh,H Kaur,T Bhatia,Fahima Khatun,1,0,,,,,,,,,
1148063,2018,2018-06-10,Kinrara Academy Oval,1,13.4,India,Bangladesh,T Bhatia,H Kaur,Fahima Khatun,1,0,,,,,,,,,
1148063,2018,2018-06-10,Kinrara Academy Oval,1,13.5,India,Bangladesh,H Kaur,T Bhatia,Fahima Khatun,0,0,,,,,,,,,
1148063,2018,2018-06-10,Kinrara Academy Oval,1,13.6,India,Bangladesh,H Kaur,T Bhatia,Fahima Khatun,1,0,,,,,,,,,
1148063,2018,2018-06-10,Kinrara Academy Oval,1,14.1,India,Bangladesh,H Kaur,T Bhatia,Rumana Ahmed,1,0,,,,,,,,,
1148063,2018,2018-06-10,Kinrara Academy Oval,1,14.2,India,Bangladesh,T Bhatia,H Kaur,Rumana Ahmed,0,0,,,,,,stumped,T Bhatia,,
1148063,2018,2018-06-10,Kinrara Academy Oval,1,14.3,India,Bangladesh,S Pandey,H Kaur,Rumana Ahmed,0,0,,,,,,,,,
1148063,2018,2018-06-10,Kinrara Academy Oval,1,14.4,India,Bangladesh,S Pandey,H Kaur,Rumana Ahmed,1,0,,,,,,,,,
1148063,2018,2018-06-10,Kinrara Academy Oval,1,14.5,India,Bangladesh,H Kaur,S Pandey,Rumana Ahmed,1,0,,,,,,,,,
1148063,2018,2018-06-10,Kinrara Academy Oval,1,14.6,India,Bangladesh,S Pandey,H Kaur,Rumana Ahmed,0,0,,,,,,caught,S Pandey,,
1148063,2018,2018-06-10,Kinrara Academy Oval,1,15.1,India,Bangladesh,H Kaur,J Goswami,Nahida Akter,4,0,,,,,,,,,
1148063,2018,2018-06-10,Kinrara Academy Oval,1,15.2,India,Bangladesh,H Kaur,J Goswami,Nahida Akter,1,0,,,,,,,,,
1148063,2018,2018-06-10,Kinrara Academy Oval,1,15.3,India,Bangladesh,J Goswami,H Kaur,Nahida Akter,0,0,,,,,,,,,
1148063,2018,2018-06-10,Kinrara Academy Oval,1,15.4,India,Bangladesh,J Goswami,H Kaur,Nahida Akter,0,0,,,,,,,,,
1148063,2018,2018-06-10,Kinrara Academy Oval,1,15.5,India,Bangladesh,J Goswami,H Kaur,Nahida Akter,0,0,,,,,,,,,
1148063,2018,2018-06-10,Kinrara Academy Oval,1,15.6,India,Bangladesh,J Goswami,H Kaur,Nahida Akter,1,0,,,,,,,,,
1148063,2018,2018-06-10,Kinrara Academy Oval,1,16.1,India,Bangladesh,J Goswami,H Kaur,Rumana Ahmed,0,0,,,,,,,,,
1148063,2018,2018-06-10,Kinrara Academy Oval,1,16.2,India,Bangladesh,J Goswami,H Kaur,Rumana Ahmed,1,0,,,,,,,,,
1148063,2018,2018-06-10,Kinrara Academy Oval,1,16.3,India,Bangladesh,H Kaur,J Goswami,Rumana Ahmed,1,0,,,,,,,,,
1148063,2018,2018-06-10,Kinrara Academy Oval,1,16.4,India,Bangladesh,J Goswami,H Kaur,Rumana Ahmed,4,0,,,,,,,,,
1148063,2018,2018-06-10,Kinrara Academy Oval,1,16.5,India,Bangladesh,J Goswami,H Kaur,Rumana Ahmed,1,0,,,,,,,,,
1148063,2018,2018-06-10,Kinrara Academy Oval,1,16.6,India,Bangladesh,H Kaur,J Goswami,Rumana Ahmed,1,0,,,,,,,,,
1148063,2018,2018-06-10,Kinrara Academy Oval,1,17.1,India,Bangladesh,H Kaur,J Goswami,Khadija Tul Kubra,1,0,,,,,,,,,
1148063,2018,2018-06-10,Kinrara Academy Oval,1,17.2,India,Bangladesh,J Goswami,H Kaur,Khadija Tul Kubra,1,0,,,,,,,,,
1148063,2018,2018-06-10,Kinrara Academy Oval,1,17.3,India,Bangladesh,H Kaur,J Goswami,Khadija Tul Kubra,1,0,,,,,,,,,
1148063,2018,2018-06-10,Kinrara Academy Oval,1,17.4,India,Bangladesh,J Goswami,H Kaur,Khadija Tul Kubra,1,0,,,,,,,,,
1148063,2018,2018-06-10,Kinrara Academy Oval,1,17.5,India,Bangladesh,H Kaur,J Goswami,Khadija Tul Kubra,4,0,,,,,,,,,
1148063,2018,2018-06-10,Kinrara Academy Oval,1,17.6,India,Bangladesh,H Kaur,J Goswami,Khadija Tul Kubra,1,0,,,,,,,,,
1148063,2018,2018-06-10,Kinrara Academy Oval,1,18.1,India,Bangladesh,H Kaur,J Goswami,Salma Khatun,0,0,,,,,,,,,
1148063,2018,2018-06-10,Kinrara Academy Oval,1,18.2,India,Bangladesh,H Kaur,J Goswami,Salma Khatun,0,0,,,,,,,,,
1148063,2018,2018-06-10,Kinrara Academy Oval,1,18.3,India,Bangladesh,H Kaur,J Goswami,Salma Khatun,1,0,,,,,,,,,
1148063,2018,2018-06-10,Kinrara Academy Oval,1,18.4,India,Bangladesh,J Goswami,H Kaur,Salma Khatun,1,0,,,,,,,,,
1148063,2018,2018-06-10,Kinrara Academy Oval,1,18.5,India,Bangladesh,H Kaur,J Goswami,Salma Khatun,4,0,,,,,,,,,
1148063,2018,2018-06-10,Kinrara Academy Oval,1,18.6,India,Bangladesh,H Kaur,J Goswami,Salma Khatun,4,0,,,,,,,,,
1148063,2018,2018-06-10,Kinrara Academy Oval,1,19.1,India,Bangladesh,J Goswami,H Kaur,Khadija Tul Kubra,0,0,,,,,,run out,J Goswami,,
1148063,2018,2018-06-10,Kinrara Academy Oval,1,19.2,India,Bangladesh,E Bisht,H Kaur,Khadija Tul Kubra,0,0,,,,,,,,,
1148063,2018,2018-06-10,Kinrara Academy Oval,1,19.3,India,Bangladesh,E Bisht,H Kaur,Khadija Tul Kubra,1,0,,,,,,,,,
1148063,2018,2018-06-10,Kinrara Academy Oval,1,19.4,India,Bangladesh,H Kaur,E Bisht,Khadija Tul Kubra,2,0,,,,,,,,,
1148063,2018,2018-06-10,Kinrara Academy Oval,1,19.5,India,Bangladesh,H Kaur,E Bisht,Khadija Tul Kubra,2,0,,,,,,,,,
1148063,2018,2018-06-10,Kinrara Academy Oval,1,19.6,India,Bangladesh,H Kaur,E Bisht,Khadija Tul Kubra,0,0,,,,,,caught,H Kaur,,
1148063,2018,2018-06-10,Kinrara Academy Oval,2,0.1,Bangladesh,India,Shamima Sultana,Ayasha Rahman,E Bisht,0,0,,,,,,,,,
1148063,2018,2018-06-10,Kinrara Academy Oval,2,0.2,Bangladesh,India,Shamima Sultana,Ayasha Rahman,E Bisht,0,0,,,,,,,,,
1148063,2018,2018-06-10,Kinrara Academy Oval,2,0.3,Bangladesh,India,Shamima Sultana,Ayasha Rahman,E Bisht,0,0,,,,,,,,,
1148063,2018,2018-06-10,Kinrara Academy Oval,2,0.4,Bangladesh,India,Shamima Sultana,Ayasha Rahman,E Bisht,1,0,,,,,,,,,
1148063,2018,2018-06-10,Kinrara Academy Oval,2,0.5,Bangladesh,India,Ayasha Rahman,Shamima Sultana,E Bisht,0,0,,,,,,,,,
1148063,2018,2018-06-10,Kinrara Academy Oval,2,0.6,Bangladesh,India,Ayasha Rahman,Shamima Sultana,E Bisht,0,0,,,,,,,,,
1148063,2018,2018-06-10,Kinrara Academy Oval,2,1.1,Bangladesh,India,Shamima Sultana,Ayasha Rahman,S Pandey,0,1,1,,,,,,,,
1148063,2018,2018-06-10,Kinrara Academy Oval,2,1.2,Bangladesh,India,Shamima Sultana,Ayasha Rahman,S Pandey,1,0,,,,,,,,,
1148063,2018,2018-06-10,Kinrara Academy Oval,2,1.3,Bangladesh,India,Ayasha Rahman,Shamima Sultana,S Pandey,0,0,,,,,,,,,
1148063,2018,2018-06-10,Kinrara Academy Oval,2,1.4,Bangladesh,India,Ayasha Rahman,Shamima Sultana,S Pandey,4,0,,,,,,,,,
1148063,2018,2018-06-10,Kinrara Academy Oval,2,1.5,Bangladesh,India,Ayasha Rahman,Shamima Sultana,S Pandey,4,0,,,,,,,,,
1148063,2018,2018-06-10,Kinrara Academy Oval,2,1.6,Bangladesh,India,Ayasha Rahman,Shamima Sultana,DB Sharma,0,0,,,,,,,,,
1148063,2018,2018-06-10,Kinrara Academy Oval,2,1.7,Bangladesh,India,Ayasha Rahman,Shamima Sultana,DB Sharma,0,1,1,,,,,,,,
1148063,2018,2018-06-10,Kinrara Academy Oval,2,1.8,Bangladesh,India,Ayasha Rahman,Shamima Sultana,DB Sharma,0,0,,,,,,,,,
1148063,2018,2018-06-10,Kinrara Academy Oval,2,2.1,Bangladesh,India,Shamima Sultana,Ayasha Rahman,E Bisht,1,0,,,,,,,,,
1148063,2018,2018-06-10,Kinrara Academy Oval,2,2.2,Bangladesh,India,Ayasha Rahman,Shamima Sultana,E Bisht,0,0,,,,,,,,,
1148063,2018,2018-06-10,Kinrara Academy Oval,2,2.3,Bangladesh,India,Ayasha Rahman,Shamima Sultana,E Bisht,0,0,,,,,,,,,
1148063,2018,2018-06-10,Kinrara Academy Oval,2,2.4,Bangladesh,India,Ayasha Rahman,Shamima Sultana,E Bisht,0,0,,,,,,,,,
1148063,2018,2018-06-10,Kinrara Academy Oval,2,2.5,Bangladesh,India,Ayasha Rahman,Shamima Sultana,E Bisht,1,0,,,,,,,,,
1148063,2018,2018-06-10,Kinrara Academy Oval,2,2.6,Bangladesh,India,Shamima Sultana,Ayasha Rahman,E Bisht,1,0,,,,,,,,,
1148063,2018,2018-06-10,Kinrara Academy Oval,2,3.1,Bangladesh,India,Shamima Sultana,Ayasha Rahman,AA Patil,2,0,,,,,,,,,
1148063,2018,2018-06-10,Kinrara Academy Oval,2,3.2,Bangladesh,India,Shamima Sultana,Ayasha Rahman,AA Patil,0,0,,,,,,,,,
1148063,2018,2018-06-10,Kinrara Academy Oval,2,3.3,Bangladesh,India,Shamima Sultana,Ayasha Rahman,AA Patil,0,0,,,,,,,,,
1148063,2018,2018-06-10,Kinrara Academy Oval,2,3.4,Bangladesh,India,Shamima Sultana,Ayasha Rahman,AA Patil,0,0,,,,,,,,,
1148063,2018,2018-06-10,Kinrara Academy Oval,2,3.5,Bangladesh,India,Shamima Sultana,Ayasha Rahman,AA Patil,0,0,,,,,,,,,
1148063,2018,2018-06-10,Kinrara Academy Oval,2,3.6,Bangladesh,India,Shamima Sultana,Ayasha Rahman,AA Patil,0,0,,,,,,,,,
1148063,2018,2018-06-10,Kinrara Academy Oval,2,4.1,Bangladesh,India,Ayasha Rahman,Shamima Sultana,DB Sharma,0,0,,,,,,,,,
1148063,2018,2018-06-10,Kinrara Academy Oval,2,4.2,Bangladesh,India,Ayasha Rahman,Shamima Sultana,DB Sharma,1,0,,,,,,,,,
1148063,2018,2018-06-10,Kinrara Academy Oval,2,4.3,Bangladesh,India,Shamima Sultana,Ayasha Rahman,DB Sharma,1,0,,,,,,,,,
1148063,2018,2018-06-10,Kinrara Academy Oval,2,4.4,Bangladesh,India,Ayasha Rahman,Shamima Sultana,DB Sharma,0,0,,,,,,,,,
1148063,2018,2018-06-10,Kinrara Academy Oval,2,4.5,Bangladesh,India,Ayasha Rahman,Shamima Sultana,DB Sharma,4,0,,,,,,,,,
1148063,2018,2018-06-10,Kinrara Academy Oval,2,4.6,Bangladesh,India,Ayasha Rahman,Shamima Sultana,DB Sharma,1,0,,,,,,,,,
1148063,2018,2018-06-10,Kinrara Academy Oval,2,5.1,Bangladesh,India,Ayasha Rahman,Shamima Sultana,AA Patil,0,0,,,,,,,,,
1148063,2018,2018-06-10,Kinrara Academy Oval,2,5.2,Bangladesh,India,Ayasha Rahman,Shamima Sultana,AA Patil,0,0,,,,,,,,,
1148063,2018,2018-06-10,Kinrara Academy Oval,2,5.3,Bangladesh,India,Ayasha Rahman,Shamima Sultana,AA Patil,0,0,,,,,,,,,
1148063,2018,2018-06-10,Kinrara Academy Oval,2,5.4,Bangladesh,India,Ayasha Rahman,Shamima Sultana,AA Patil,1,0,,,,,,,,,
1148063,2018,2018-06-10,Kinrara Academy Oval,2,5.5,Bangladesh,India,Shamima Sultana,Ayasha Rahman,AA Patil,4,0,,,,,,,,,
1148063,2018,2018-06-10,Kinrara Academy Oval,2,5.6,Bangladesh,India,Shamima Sultana,Ayasha Rahman,AA Patil,4,0,,,,,,,,,
1148063,2018,2018-06-10,Kinrara Academy Oval,2,6.1,Bangladesh,India,Ayasha Rahman,Shamima Sultana,Poonam Yadav,0,0,,,,,,,,,
1148063,2018,2018-06-10,Kinrara Academy Oval,2,6.2,Bangladesh,India,Ayasha Rahman,Shamima Sultana,Poonam Yadav,1,0,,,,,,,,,
1148063,2018,2018-06-10,Kinrara Academy Oval,2,6.3,Bangladesh,India,Shamima Sultana,Ayasha Rahman,Poonam Yadav,0,0,,,,,,,,,
1148063,2018,2018-06-10,Kinrara Academy Oval,2,6.4,Bangladesh,India,Shamima Sultana,Ayasha Rahman,Poonam Yadav,1,0,,,,,,,,,
1148063,2018,2018-06-10,Kinrara Academy Oval,2,6.5,Bangladesh,India,Ayasha Rahman,Shamima Sultana,Poonam Yadav,0,0,,,,,,caught,Ayasha Rahman,,
1148063,2018,2018-06-10,Kinrara Academy Oval,2,6.6,Bangladesh,India,Shamima Sultana,Fargana Hoque,Poonam Yadav,0,0,,,,,,caught,Shamima Sultana,,
1148063,2018,2018-06-10,Kinrara Academy Oval,2,7.1,Bangladesh,India,Fargana Hoque,Nigar Sultana,DB Sharma,0,0,,,,,,,,,
1148063,2018,2018-06-10,Kinrara Academy Oval,2,7.2,Bangladesh,India,Fargana Hoque,Nigar Sultana,DB Sharma,2,0,,,,,,,,,
1148063,2018,2018-06-10,Kinrara Academy Oval,2,7.3,Bangladesh,India,Fargana Hoque,Nigar Sultana,DB Sharma,4,0,,,,,,,,,
1148063,2018,2018-06-10,Kinrara Academy Oval,2,7.4,Bangladesh,India,Fargana Hoque,Nigar Sultana,DB Sharma,0,0,,,,,,,,,
1148063,2018,2018-06-10,Kinrara Academy Oval,2,7.5,Bangladesh,India,Fargana Hoque,Nigar Sultana,DB Sharma,1,0,,,,,,,,,
1148063,2018,2018-06-10,Kinrara Academy Oval,2,7.6,Bangladesh,India,Nigar Sultana,Fargana Hoque,DB Sharma,0,0,,,,,,,,,
1148063,2018,2018-06-10,Kinrara Academy Oval,2,8.1,Bangladesh,India,Fargana Hoque,Nigar Sultana,Poonam Yadav,1,0,,,,,,,,,
1148063,2018,2018-06-10,Kinrara Academy Oval,2,8.2,Bangladesh,India,Nigar Sultana,Fargana Hoque,Poonam Yadav,0,0,,,,,,,,,
1148063,2018,2018-06-10,Kinrara Academy Oval,2,8.3,Bangladesh,India,Nigar Sultana,Fargana Hoque,Poonam Yadav,1,0,,,,,,,,,
1148063,2018,2018-06-10,Kinrara Academy Oval,2,8.4,Bangladesh,India,Fargana Hoque,Nigar Sultana,Poonam Yadav,0,0,,,,,,,,,
1148063,2018,2018-06-10,Kinrara Academy Oval,2,8.5,Bangladesh,India,Fargana Hoque,Nigar Sultana,Poonam Yadav,0,0,,,,,,,,,
1148063,2018,2018-06-10,Kinrara Academy Oval,2,8.6,Bangladesh,India,Fargana Hoque,Nigar Sultana,Poonam Yadav,0,0,,,,,,,,,
1148063,2018,2018-06-10,Kinrara Academy Oval,2,9.1,Bangladesh,India,Nigar Sultana,Fargana Hoque,AA Patil,4,0,,,,,,,,,
1148063,2018,2018-06-10,Kinrara Academy Oval,2,9.2,Bangladesh,India,Nigar Sultana,Fargana Hoque,AA Patil,1,0,,,,,,,,,
1148063,2018,2018-06-10,Kinrara Academy Oval,2,9.3,Bangladesh,India,Fargana Hoque,Nigar Sultana,AA Patil,0,0,,,,,,,,,
1148063,2018,2018-06-10,Kinrara Academy Oval,2,9.4,Bangladesh,India,Fargana Hoque,Nigar Sultana,AA Patil,0,0,,,,,,,,,
1148063,2018,2018-06-10,Kinrara Academy Oval,2,9.5,Bangladesh,India,Fargana Hoque,Nigar Sultana,AA Patil,1,0,,,,,,,,,
1148063,2018,2018-06-10,Kinrara Academy Oval,2,9.6,Bangladesh,India,Nigar Sultana,Fargana Hoque,AA Patil,0,0,,,,,,,,,
1148063,2018,2018-06-10,Kinrara Academy Oval,2,10.1,Bangladesh,India,Fargana Hoque,Nigar Sultana,E Bisht,1,0,,,,,,,,,
1148063,2018,2018-06-10,Kinrara Academy Oval,2,10.2,Bangladesh,India,Nigar Sultana,Fargana Hoque,E Bisht,1,0,,,,,,,,,
1148063,2018,2018-06-10,Kinrara Academy Oval,2,10.3,Bangladesh,India,Fargana Hoque,Nigar Sultana,E Bisht,1,0,,,,,,,,,
1148063,2018,2018-06-10,Kinrara Academy Oval,2,10.4,Bangladesh,India,Nigar Sultana,Fargana Hoque,E Bisht,0,0,,,,,,,,,
1148063,2018,2018-06-10,Kinrara Academy Oval,2,10.5,Bangladesh,India,Nigar Sultana,Fargana Hoque,E Bisht,1,0,,,,,,,,,
1148063,2018,2018-06-10,Kinrara Academy Oval,2,10.6,Bangladesh,India,Fargana Hoque,Nigar Sultana,E Bisht,0,0,,,,,,,,,
1148063,2018,2018-06-10,Kinrara Academy Oval,2,11.1,Bangladesh,India,Nigar Sultana,Fargana Hoque,Poonam Yadav,0,0,,,,,,,,,
1148063,2018,2018-06-10,Kinrara Academy Oval,2,11.2,Bangladesh,India,Nigar Sultana,Fargana Hoque,Poonam Yadav,1,0,,,,,,,,,
1148063,2018,2018-06-10,Kinrara Academy Oval,2,11.3,Bangladesh,India,Fargana Hoque,Nigar Sultana,Poonam Yadav,0,0,,,,,,,,,
1148063,2018,2018-06-10,Kinrara Academy Oval,2,11.4,Bangladesh,India,Fargana Hoque,Nigar Sultana,Poonam Yadav,0,0,,,,,,caught,Fargana Hoque,,
1148063,2018,2018-06-10,Kinrara Academy Oval,2,11.5,Bangladesh,India,Rumana Ahmed,Nigar Sultana,Poonam Yadav,1,0,,,,,,,,,
1148063,2018,2018-06-10,Kinrara Academy Oval,2,11.6,Bangladesh,India,Nigar Sultana,Rumana Ahmed,Poonam Yadav,0,0,,,,,,,,,
1148063,2018,2018-06-10,Kinrara Academy Oval,2,12.1,Bangladesh,India,Rumana Ahmed,Nigar Sultana,J Goswami,0,0,,,,,,,,,
1148063,2018,2018-06-10,Kinrara Academy Oval,2,12.2,Bangladesh,India,Rumana Ahmed,Nigar Sultana,J Goswami,1,0,,,,,,,,,
1148063,2018,2018-06-10,Kinrara Academy Oval,2,12.3,Bangladesh,India,Nigar Sultana,Rumana Ahmed,J Goswami,1,0,,,,,,,,,
1148063,2018,2018-06-10,Kinrara Academy Oval,2,12.4,Bangladesh,India,Rumana Ahmed,Nigar Sultana,J Goswami,1,0,,,,,,,,,
1148063,2018,2018-06-10,Kinrara Academy Oval,2,12.5,Bangladesh,India,Nigar Sultana,Rumana Ahmed,J Goswami,0,0,,,,,,,,,
1148063,2018,2018-06-10,Kinrara Academy Oval,2,12.6,Bangladesh,India,Nigar Sultana,Rumana Ahmed,J Goswami,1,0,,,,,,,,,
1148063,2018,2018-06-10,Kinrara Academy Oval,2,13.1,Bangladesh,India,Nigar Sultana,Rumana Ahmed,AA Patil,1,0,,,,,,,,,
1148063,2018,2018-06-10,Kinrara Academy Oval,2,13.2,Bangladesh,India,Rumana Ahmed,Nigar Sultana,AA Patil,1,0,,,,,,,,,
1148063,2018,2018-06-10,Kinrara Academy Oval,2,13.3,Bangladesh,India,Nigar Sultana,Rumana Ahmed,AA Patil,2,0,,,,,,,,,
1148063,2018,2018-06-10,Kinrara Academy Oval,2,13.4,Bangladesh,India,Nigar Sultana,Rumana Ahmed,AA Patil,0,0,,,,,,,,,
1148063,2018,2018-06-10,Kinrara Academy Oval,2,13.5,Bangladesh,India,Nigar Sultana,Rumana Ahmed,AA Patil,1,0,,,,,,,,,
1148063,2018,2018-06-10,Kinrara Academy Oval,2,13.6,Bangladesh,India,Rumana Ahmed,Nigar Sultana,AA Patil,1,0,,,,,,,,,
1148063,2018,2018-06-10,Kinrara Academy Oval,2,14.1,Bangladesh,India,Rumana Ahmed,Nigar Sultana,J Goswami,2,0,,,,,,,,,
1148063,2018,2018-06-10,Kinrara Academy Oval,2,14.2,Bangladesh,India,Rumana Ahmed,Nigar Sultana,J Goswami,1,0,,,,,,,,,
1148063,2018,2018-06-10,Kinrara Academy Oval,2,14.3,Bangladesh,India,Nigar Sultana,Rumana Ahmed,J Goswami,0,1,1,,,,,,,,
1148063,2018,2018-06-10,Kinrara Academy Oval,2,14.4,Bangladesh,India,Nigar Sultana,Rumana Ahmed,J Goswami,4,0,,,,,,,,,
1148063,2018,2018-06-10,Kinrara Academy Oval,2,14.5,Bangladesh,India,Nigar Sultana,Rumana Ahmed,J Goswami,4,0,,,,,,,,,
1148063,2018,2018-06-10,Kinrara Academy Oval,2,14.6,Bangladesh,India,Nigar Sultana,Rumana Ahmed,J Goswami,4,0,,,,,,,,,
1148063,2018,2018-06-10,Kinrara Academy Oval,2,14.7,Bangladesh,India,Nigar Sultana,Rumana Ahmed,J Goswami,0,0,,,,,,,,,
1148063,2018,2018-06-10,Kinrara Academy Oval,2,15.1,Bangladesh,India,Rumana Ahmed,Nigar Sultana,Poonam Yadav,1,0,,,,,,,,,
1148063,2018,2018-06-10,Kinrara Academy Oval,2,15.2,Bangladesh,India,Nigar Sultana,Rumana Ahmed,Poonam Yadav,0,0,,,,,,caught,Nigar Sultana,,
1148063,2018,2018-06-10,Kinrara Academy Oval,2,15.3,Bangladesh,India,Rumana Ahmed,Fahima Khatun,Poonam Yadav,1,0,,,,,,,,,
1148063,2018,2018-06-10,Kinrara Academy Oval,2,15.4,Bangladesh,India,Fahima Khatun,Rumana Ahmed,Poonam Yadav,0,0,,,,,,,,,
1148063,2018,2018-06-10,Kinrara Academy Oval,2,15.5,Bangladesh,India,Fahima Khatun,Rumana Ahmed,Poonam Yadav,1,0,,,,,,,,,
1148063,2018,2018-06-10,Kinrara Academy Oval,2,15.6,Bangladesh,India,Rumana Ahmed,Fahima Khatun,Poonam Yadav,0,0,,,,,,,,,
1148063,2018,2018-06-10,Kinrara Academy Oval,2,16.1,Bangladesh,India,Fahima Khatun,Rumana Ahmed,E Bisht,1,0,,,,,,,,,
1148063,2018,2018-06-10,Kinrara Academy Oval,2,16.2,Bangladesh,India,Rumana Ahmed,Fahima Khatun,E Bisht,2,0,,,,,,,,,
1148063,2018,2018-06-10,Kinrara Academy Oval,2,16.3,Bangladesh,India,Rumana Ahmed,Fahima Khatun,E Bisht,0,0,,,,,,,,,
1148063,2018,2018-06-10,Kinrara Academy Oval,2,16.4,Bangladesh,India,Rumana Ahmed,Fahima Khatun,E Bisht,0,0,,,,,,,,,
1148063,2018,2018-06-10,Kinrara Academy Oval,2,16.5,Bangladesh,India,Rumana Ahmed,Fahima Khatun,E Bisht,1,0,,,,,,,,,
1148063,2018,2018-06-10,Kinrara Academy Oval,2,16.6,Bangladesh,India,Fahima Khatun,Rumana Ahmed,E Bisht,1,0,,,,,,,,,
1148063,2018,2018-06-10,Kinrara Academy Oval,2,17.1,Bangladesh,India,Fahima Khatun,Rumana Ahmed,H Kaur,4,0,,,,,,,,,
1148063,2018,2018-06-10,Kinrara Academy Oval,2,17.2,Bangladesh,India,Fahima Khatun,Rumana Ahmed,H Kaur,2,0,,,,,,,,,
1148063,2018,2018-06-10,Kinrara Academy Oval,2,17.3,Bangladesh,India,Fahima Khatun,Rumana Ahmed,H Kaur,0,0,,,,,,stumped,Fahima Khatun,,
1148063,2018,2018-06-10,Kinrara Academy Oval,2,17.4,Bangladesh,India,Sanjida Islam,Rumana Ahmed,H Kaur,1,0,,,,,,,,,
1148063,2018,2018-06-10,Kinrara Academy Oval,2,17.5,Bangladesh,India,Rumana Ahmed,Sanjida Islam,H Kaur,1,0,,,,,,,,,
1148063,2018,2018-06-10,Kinrara Academy Oval,2,17.6,Bangladesh,India,Sanjida Islam,Rumana Ahmed,H Kaur,2,0,,,,,,,,,
1148063,2018,2018-06-10,Kinrara Academy Oval,2,18.1,Bangladesh,India,Rumana Ahmed,Sanjida Islam,DB Sharma,1,0,,,,,,,,,
1148063,2018,2018-06-10,Kinrara Academy Oval,2,18.2,Bangladesh,India,Sanjida Islam,Rumana Ahmed,DB Sharma,0,0,,,,,,,,,
1148063,2018,2018-06-10,Kinrara Academy Oval,2,18.3,Bangladesh,India,Sanjida Islam,Rumana Ahmed,DB Sharma,0,0,,,,,,,,,
1148063,2018,2018-06-10,Kinrara Academy Oval,2,18.4,Bangladesh,India,Sanjida Islam,Rumana Ahmed,DB Sharma,1,0,,,,,,,,,
1148063,2018,2018-06-10,Kinrara Academy Oval,2,18.5,Bangladesh,India,Rumana Ahmed,Sanjida Islam,DB Sharma,0,0,,,,,,,,,
1148063,2018,2018-06-10,Kinrara Academy Oval,2,18.6,Bangladesh,India,Rumana Ahmed,Sanjida Islam,DB Sharma,2,0,,,,,,,,,
1148063,2018,2018-06-10,Kinrara Academy Oval,2,19.1,Bangladesh,India,Sanjida Islam,Rumana Ahmed,H Kaur,1,0,,,,,,,,,
1148063,2018,2018-06-10,Kinrara Academy Oval,2,19.2,Bangladesh,India,Rumana Ahmed,Sanjida Islam,H Kaur,4,0,,,,,,,,,
1148063,2018,2018-06-10,Kinrara Academy Oval,2,19.3,Bangladesh,India,Rumana Ahmed,Sanjida Islam,H Kaur,1,0,,,,,,,,,
1148063,2018,2018-06-10,Kinrara Academy Oval,2,19.4,Bangladesh,India,Sanjida Islam,Rumana Ahmed,H Kaur,0,0,,,,,,caught,Sanjida Islam,,
1148063,2018,2018-06-10,Kinrara Academy Oval,2,19.5,Bangladesh,India,Rumana Ahmed,Jahanara Alam,H Kaur,1,0,,,,,,run out,Rumana Ahmed,,
1148063,2018,2018-06-10,Kinrara Academy Oval,2,19.6,Bangladesh,India,Jahanara Alam,Salma Khatun,H Kaur,2,0,,,,,,,,,
