match_id,season,start_date,venue,innings,ball,batting_team,bowling_team,striker,non_striker,bowler,runs_off_bat,extras,wides,noballs,byes,legbyes,penalty,wicket_type,player_dismissed,other_wicket_type,other_player_dismissed
1148051,2018,2018-06-04,Kinrara Academy Oval,1,0.1,Pakistan,Bangladesh,Nahida Khan,Muneeba Ali,Jahanara Alam,0,0,,,,,,,,,
1148051,2018,2018-06-04,Kinrara Academy Oval,1,0.2,Pakistan,Bangladesh,Nahida Khan,Muneeba Ali,Jahanara Alam,0,0,,,,,,,,,
1148051,2018,2018-06-04,Kinrara Academy Oval,1,0.3,Pakistan,Bangladesh,Nahida Khan,Muneeba Ali,Jahanara Alam,0,0,,,,,,,,,
1148051,2018,2018-06-04,Kinrara Academy Oval,1,0.4,Pakistan,Bangladesh,Nahida Khan,Muneeba Ali,Jahanara Alam,0,0,,,,,,,,,
1148051,2018,2018-06-04,Kinrara Academy Oval,1,0.5,Pakistan,Bangladesh,Nahida Khan,Muneeba Ali,Jahanara Alam,4,0,,,,,,,,,
1148051,2018,2018-06-04,Kinrara Academy Oval,1,0.6,Pakistan,Bangladesh,Nahida Khan,Muneeba Ali,Jahanara Alam,1,0,,,,,,,,,
1148051,2018,2018-06-04,Kinrara Academy Oval,1,1.1,Pakistan,Bangladesh,Nahida Khan,Muneeba Ali,Salma Khatun,1,0,,,,,,,,,
1148051,2018,2018-06-04,Kinrara Academy Oval,1,1.2,Pakistan,Bangladesh,Muneeba Ali,Nahida Khan,Salma Khatun,0,0,,,,,,,,,
1148051,2018,2018-06-04,Kinrara Academy Oval,1,1.3,Pakistan,Bangladesh,Muneeba Ali,Nahida Khan,Salma Khatun,1,0,,,,,,,,,
1148051,2018,2018-06-04,Kinrara Academy Oval,1,1.4,Pakistan,Bangladesh,Nahida Khan,Muneeba Ali,Salma Khatun,1,0,,,,,,,,,
1148051,2018,2018-06-04,Kinrara Academy Oval,1,1.5,Pakistan,Bangladesh,Muneeba Ali,Nahida Khan,Salma Khatun,0,0,,,,,,,,,
1148051,2018,2018-06-04,Kinrara Academy Oval,1,1.6,Pakistan,Bangladesh,Muneeba Ali,Nahida Khan,Salma Khatun,0,0,,,,,,,,,
1148051,2018,2018-06-04,Kinrara Academy Oval,1,2.1,Pakistan,Bangladesh,Nahida Khan,Muneeba Ali,Jahanara Alam,0,0,,,,,,,,,
1148051,2018,2018-06-04,Kinrara Academy Oval,1,2.2,Pakistan,Bangladesh,Nahida Khan,Muneeba Ali,Jahanara Alam,0,1,1,,,,,,,,
1148051,2018,2018-06-04,Kinrara Academy Oval,1,2.3,Pakistan,Bangladesh,Nahida Khan,Muneeba Ali,Jahanara Alam,1,0,,,,,,,,,
1148051,2018,2018-06-04,Kinrara Academy Oval,1,2.4,Pakistan,Bangladesh,Muneeba Ali,Nahida Khan,Jahanara Alam,1,0,,,,,,,,,
1148051,2018,2018-06-04,Kinrara Academy Oval,1,2.5,Pakistan,Bangladesh,Nahida Khan,Muneeba Ali,Jahanara Alam,0,0,,,,,,,,,
1148051,2018,2018-06-04,Kinrara Academy Oval,1,2.6,Pakistan,Bangladesh,Nahida Khan,Muneeba Ali,Jahanara Alam,0,0,,,,,,,,,
1148051,2018,2018-06-04,Kinrara Academy Oval,1,2.7,Pakistan,Bangladesh,Nahida Khan,Muneeba Ali,Jahanara Alam,0,0,,,,,,,,,
1148051,2018,2018-06-04,Kinrara Academy Oval,1,3.1,Pakistan,Bangladesh,Muneeba Ali,Nahida Khan,Salma Khatun,4,0,,,,,,,,,
1148051,2018,2018-06-04,Kinrara Academy Oval,1,3.2,Pakistan,Bangladesh,Muneeba Ali,Nahida Khan,Salma Khatun,1,0,,,,,,,,,
1148051,2018,2018-06-04,Kinrara Academy Oval,1,3.3,Pakistan,Bangladesh,Nahida Khan,Muneeba Ali,Salma Khatun,0,0,,,,,,,,,
1148051,2018,2018-06-04,Kinrara Academy Oval,1,3.4,Pakistan,Bangladesh,Nahida Khan,Muneeba Ali,Salma Khatun,0,1,1,,,,,,,,
1148051,2018,2018-06-04,Kinrara Academy Oval,1,3.5,Pakistan,Bangladesh,Nahida Khan,Muneeba Ali,Salma Khatun,4,0,,,,,,,,,
1148051,2018,2018-06-04,Kinrara Academy Oval,1,3.6,Pakistan,Bangladesh,Nahida Khan,Muneeba Ali,Salma Khatun,0,0,,,,,,,,,
1148051,2018,2018-06-04,Kinrara Academy Oval,1,3.7,Pakistan,Bangladesh,Nahida Khan,Muneeba Ali,Salma Khatun,1,0,,,,,,,,,
1148051,2018,2018-06-04,Kinrara Academy Oval,1,4.1,Pakistan,Bangladesh,Nahida Khan,Muneeba Ali,Nahida Akter,0,0,,,,,,,,,
1148051,2018,2018-06-04,Kinrara Academy Oval,1,4.2,Pakistan,Bangladesh,Nahida Khan,Muneeba Ali,Nahida Akter,0,0,,,,,,caught,Nahida Khan,,
1148051,2018,2018-06-04,Kinrara Academy Oval,1,4.3,Pakistan,Bangladesh,Muneeba Ali,Bismah Maroof,Nahida Akter,0,0,,,,,,,,,
1148051,2018,2018-06-04,Kinrara Academy Oval,1,4.4,Pakistan,Bangladesh,Muneeba Ali,Bismah Maroof,Nahida Akter,0,0,,,,,,stumped,Muneeba Ali,,
1148051,2018,2018-06-04,Kinrara Academy Oval,1,4.5,Pakistan,Bangladesh,Javeria Khan,Bismah Maroof,Nahida Akter,0,0,,,,,,,,,
1148051,2018,2018-06-04,Kinrara Academy Oval,1,4.6,Pakistan,Bangladesh,Javeria Khan,Bismah Maroof,Nahida Akter,4,0,,,,,,,,,
1148051,2018,2018-06-04,Kinrara Academy Oval,1,5.1,Pakistan,Bangladesh,Bismah Maroof,Javeria Khan,Khadija Tul Kubra,0,0,,,,,,,,,
1148051,2018,2018-06-04,Kinrara Academy Oval,1,5.2,Pakistan,Bangladesh,Bismah Maroof,Javeria Khan,Khadija Tul Kubra,1,0,,,,,,,,,
1148051,2018,2018-06-04,Kinrara Academy Oval,1,5.3,Pakistan,Bangladesh,Javeria Khan,Bismah Maroof,Khadija Tul Kubra,0,0,,,,,,,,,
1148051,2018,2018-06-04,Kinrara Academy Oval,1,5.4,Pakistan,Bangladesh,Javeria Khan,Bismah Maroof,Khadija Tul Kubra,0,0,,,,,,,,,
1148051,2018,2018-06-04,Kinrara Academy Oval,1,5.5,Pakistan,Bangladesh,Javeria Khan,Bismah Maroof,Khadija Tul Kubra,1,0,,,,,,,,,
1148051,2018,2018-06-04,Kinrara Academy Oval,1,5.6,Pakistan,Bangladesh,Bismah Maroof,Javeria Khan,Khadija Tul Kubra,0,0,,,,,,,,,
1148051,2018,2018-06-04,Kinrara Academy Oval,1,6.1,Pakistan,Bangladesh,Javeria Khan,Bismah Maroof,Nahida Akter,1,0,,,,,,,,,
1148051,2018,2018-06-04,Kinrara Academy Oval,1,6.2,Pakistan,Bangladesh,Bismah Maroof,Javeria Khan,Nahida Akter,1,0,,,,,,,,,
1148051,2018,2018-06-04,Kinrara Academy Oval,1,6.3,Pakistan,Bangladesh,Javeria Khan,Bismah Maroof,Nahida Akter,0,0,,,,,,,,,
1148051,2018,2018-06-04,Kinrara Academy Oval,1,6.4,Pakistan,Bangladesh,Javeria Khan,Bismah Maroof,Nahida Akter,1,0,,,,,,,,,
1148051,2018,2018-06-04,Kinrara Academy Oval,1,6.5,Pakistan,Bangladesh,Bismah Maroof,Javeria Khan,Nahida Akter,1,0,,,,,,,,,
1148051,2018,2018-06-04,Kinrara Academy Oval,1,6.6,Pakistan,Bangladesh,Javeria Khan,Bismah Maroof,Nahida Akter,1,0,,,,,,,,,
1148051,2018,2018-06-04,Kinrara Academy Oval,1,7.1,Pakistan,Bangladesh,Javeria Khan,Bismah Maroof,Khadija Tul Kubra,0,0,,,,,,,,,
1148051,2018,2018-06-04,Kinrara Academy Oval,1,7.2,Pakistan,Bangladesh,Javeria Khan,Bismah Maroof,Khadija Tul Kubra,0,1,1,,,,,,,,
1148051,2018,2018-06-04,Kinrara Academy Oval,1,7.3,Pakistan,Bangladesh,Javeria Khan,Bismah Maroof,Khadija Tul Kubra,0,0,,,,,,,,,
1148051,2018,2018-06-04,Kinrara Academy Oval,1,7.4,Pakistan,Bangladesh,Javeria Khan,Bismah Maroof,Khadija Tul Kubra,0,0,,,,,,,,,
1148051,2018,2018-06-04,Kinrara Academy Oval,1,7.5,Pakistan,Bangladesh,Javeria Khan,Bismah Maroof,Khadija Tul Kubra,0,0,,,,,,,,,
1148051,2018,2018-06-04,Kinrara Academy Oval,1,7.6,Pakistan,Bangladesh,Javeria Khan,Bismah Maroof,Khadija Tul Kubra,1,0,,,,,,,,,
1148051,2018,2018-06-04,Kinrara Academy Oval,1,7.7,Pakistan,Bangladesh,Bismah Maroof,Javeria Khan,Khadija Tul Kubra,0,0,,,,,,,,,
1148051,2018,2018-06-04,Kinrara Academy Oval,1,8.1,Pakistan,Bangladesh,Javeria Khan,Bismah Maroof,Nahida Akter,0,0,,,,,,,,,
1148051,2018,2018-06-04,Kinrara Academy Oval,1,8.2,Pakistan,Bangladesh,Javeria Khan,Bismah Maroof,Nahida Akter,1,0,,,,,,,,,
1148051,2018,2018-06-04,Kinrara Academy Oval,1,8.3,Pakistan,Bangladesh,Bismah Maroof,Javeria Khan,Nahida Akter,1,0,,,,,,,,,
1148051,2018,2018-06-04,Kinrara Academy Oval,1,8.4,Pakistan,Bangladesh,Javeria Khan,Bismah Maroof,Nahida Akter,0,0,,,,,,,,,
1148051,2018,2018-06-04,Kinrara Academy Oval,1,8.5,Pakistan,Bangladesh,Javeria Khan,Bismah Maroof,Nahida Akter,0,0,,,,,,,,,
1148051,2018,2018-06-04,Kinrara Academy Oval,1,8.6,Pakistan,Bangladesh,Javeria Khan,Bismah Maroof,Nahida Akter,3,0,,,,,,,,,
1148051,2018,2018-06-04,Kinrara Academy Oval,1,9.1,Pakistan,Bangladesh,Javeria Khan,Bismah Maroof,Khadija Tul Kubra,1,0,,,,,,,,,
1148051,2018,2018-06-04,Kinrara Academy Oval,1,9.2,Pakistan,Bangladesh,Bismah Maroof,Javeria Khan,Khadija Tul Kubra,1,0,,,,,,,,,
1148051,2018,2018-06-04,Kinrara Academy Oval,1,9.3,Pakistan,Bangladesh,Javeria Khan,Bismah Maroof,Khadija Tul Kubra,1,0,,,,,,,,,
1148051,2018,2018-06-04,Kinrara Academy Oval,1,9.4,Pakistan,Bangladesh,Bismah Maroof,Javeria Khan,Khadija Tul Kubra,0,0,,,,,,,,,
1148051,2018,2018-06-04,Kinrara Academy Oval,1,9.5,Pakistan,Bangladesh,Bismah Maroof,Javeria Khan,Khadija Tul Kubra,1,0,,,,,,,,,
1148051,2018,2018-06-04,Kinrara Academy Oval,1,9.6,Pakistan,Bangladesh,Javeria Khan,Bismah Maroof,Khadija Tul Kubra,0,0,,,,,,,,,
1148051,2018,2018-06-04,Kinrara Academy Oval,1,10.1,Pakistan,Bangladesh,Bismah Maroof,Javeria Khan,Fahima Khatun,4,0,,,,,,,,,
1148051,2018,2018-06-04,Kinrara Academy Oval,1,10.2,Pakistan,Bangladesh,Bismah Maroof,Javeria Khan,Fahima Khatun,0,0,,,,,,,,,
1148051,2018,2018-06-04,Kinrara Academy Oval,1,10.3,Pakistan,Bangladesh,Bismah Maroof,Javeria Khan,Fahima Khatun,1,0,,,,,,,,,
1148051,2018,2018-06-04,Kinrara Academy Oval,1,10.4,Pakistan,Bangladesh,Javeria Khan,Bismah Maroof,Fahima Khatun,1,0,,,,,,,,,
1148051,2018,2018-06-04,Kinrara Academy Oval,1,10.5,Pakistan,Bangladesh,Bismah Maroof,Javeria Khan,Fahima Khatun,0,0,,,,,,caught,Bismah Maroof,,
1148051,2018,2018-06-04,Kinrara Academy Oval,1,10.6,Pakistan,Bangladesh,Javeria Khan,Nida Dar,Fahima Khatun,1,0,,,,,,,,,
1148051,2018,2018-06-04,Kinrara Academy Oval,1,11.1,Pakistan,Bangladesh,Javeria Khan,Nida Dar,Salma Khatun,1,0,,,,,,,,,
1148051,2018,2018-06-04,Kinrara Academy Oval,1,11.2,Pakistan,Bangladesh,Nida Dar,Javeria Khan,Salma Khatun,0,1,,,,1,,,,,
1148051,2018,2018-06-04,Kinrara Academy Oval,1,11.3,Pakistan,Bangladesh,Javeria Khan,Nida Dar,Salma Khatun,0,0,,,,,,,,,
1148051,2018,2018-06-04,Kinrara Academy Oval,1,11.4,Pakistan,Bangladesh,Javeria Khan,Nida Dar,Salma Khatun,0,0,,,,,,caught,Javeria Khan,,
1148051,2018,2018-06-04,Kinrara Academy Oval,1,11.5,Pakistan,Bangladesh,Kainat Imtiaz,Nida Dar,Salma Khatun,0,0,,,,,,,,,
1148051,2018,2018-06-04,Kinrara Academy Oval,1,11.6,Pakistan,Bangladesh,Kainat Imtiaz,Nida Dar,Salma Khatun,1,0,,,,,,,,,
1148051,2018,2018-06-04,Kinrara Academy Oval,1,12.1,Pakistan,Bangladesh,Kainat Imtiaz,Nida Dar,Fahima Khatun,0,0,,,,,,,,,
1148051,2018,2018-06-04,Kinrara Academy Oval,1,12.2,Pakistan,Bangladesh,Kainat Imtiaz,Nida Dar,Fahima Khatun,0,0,,,,,,,,,
1148051,2018,2018-06-04,Kinrara Academy Oval,1,12.3,Pakistan,Bangladesh,Kainat Imtiaz,Nida Dar,Fahima Khatun,1,0,,,,,,,,,
1148051,2018,2018-06-04,Kinrara Academy Oval,1,12.4,Pakistan,Bangladesh,Nida Dar,Kainat Imtiaz,Fahima Khatun,0,0,,,,,,,,,
1148051,2018,2018-06-04,Kinrara Academy Oval,1,12.5,Pakistan,Bangladesh,Nida Dar,Kainat Imtiaz,Fahima Khatun,1,0,,,,,,,,,
1148051,2018,2018-06-04,Kinrara Academy Oval,1,12.6,Pakistan,Bangladesh,Kainat Imtiaz,Nida Dar,Fahima Khatun,1,0,,,,,,,,,
1148051,2018,2018-06-04,Kinrara Academy Oval,1,13.1,Pakistan,Bangladesh,Kainat Imtiaz,Nida Dar,Rumana Ahmed,0,0,,,,,,,,,
1148051,2018,2018-06-04,Kinrara Academy Oval,1,13.2,Pakistan,Bangladesh,Kainat Imtiaz,Nida Dar,Rumana Ahmed,0,0,,,,,,,,,
1148051,2018,2018-06-04,Kinrara Academy Oval,1,13.3,Pakistan,Bangladesh,Kainat Imtiaz,Nida Dar,Rumana Ahmed,0,0,,,,,,,,,
1148051,2018,2018-06-04,Kinrara Academy Oval,1,13.4,Pakistan,Bangladesh,Kainat Imtiaz,Nida Dar,Rumana Ahmed,0,0,,,,,,caught,Kainat Imtiaz,,
1148051,2018,2018-06-04,Kinrara Academy Oval,1,13.5,Pakistan,Bangladesh,Nida Dar,Sana Mir,Rumana Ahmed,0,0,,,,,,,,,
1148051,2018,2018-06-04,Kinrara Academy Oval,1,13.6,Pakistan,Bangladesh,Nida Dar,Sana Mir,Rumana Ahmed,0,0,,,,,,,,,
1148051,2018,2018-06-04,Kinrara Academy Oval,1,14.1,Pakistan,Bangladesh,Sana Mir,Nida Dar,Fahima Khatun,0,1,,,,1,,,,,
1148051,2018,2018-06-04,Kinrara Academy Oval,1,14.2,Pakistan,Bangladesh,Nida Dar,Sana Mir,Fahima Khatun,1,0,,,,,,,,,
1148051,2018,2018-06-04,Kinrara Academy Oval,1,14.3,Pakistan,Bangladesh,Sana Mir,Nida Dar,Fahima Khatun,0,0,,,,,,,,,
1148051,2018,2018-06-04,Kinrara Academy Oval,1,14.4,Pakistan,Bangladesh,Sana Mir,Nida Dar,Fahima Khatun,0,0,,,,,,,,,
1148051,2018,2018-06-04,Kinrara Academy Oval,1,14.5,Pakistan,Bangladesh,Sana Mir,Nida Dar,Fahima Khatun,0,0,,,,,,,,,
1148051,2018,2018-06-04,Kinrara Academy Oval,1,14.6,Pakistan,Bangladesh,Sana Mir,Nida Dar,Fahima Khatun,0,0,,,,,,,,,
1148051,2018,2018-06-04,Kinrara Academy Oval,1,15.1,Pakistan,Bangladesh,Nida Dar,Sana Mir,Rumana Ahmed,2,0,,,,,,,,,
1148051,2018,2018-06-04,Kinrara Academy Oval,1,15.2,Pakistan,Bangladesh,Nida Dar,Sana Mir,Rumana Ahmed,1,0,,,,,,,,,
1148051,2018,2018-06-04,Kinrara Academy Oval,1,15.3,Pakistan,Bangladesh,Sana Mir,Nida Dar,Rumana Ahmed,1,0,,,,,,,,,
1148051,2018,2018-06-04,Kinrara Academy Oval,1,15.4,Pakistan,Bangladesh,Nida Dar,Sana Mir,Rumana Ahmed,1,0,,,,,,,,,
1148051,2018,2018-06-04,Kinrara Academy Oval,1,15.5,Pakistan,Bangladesh,Sana Mir,Nida Dar,Rumana Ahmed,0,0,,,,,,,,,
1148051,2018,2018-06-04,Kinrara Academy Oval,1,15.6,Pakistan,Bangladesh,Sana Mir,Nida Dar,Rumana Ahmed,1,0,,,,,,,,,
1148051,2018,2018-06-04,Kinrara Academy Oval,1,16.1,Pakistan,Bangladesh,Sana Mir,Nida Dar,Khadija Tul Kubra,0,0,,,,,,,,,
1148051,2018,2018-06-04,Kinrara Academy Oval,1,16.2,Pakistan,Bangladesh,Sana Mir,Nida Dar,Khadija Tul Kubra,0,0,,,,,,,,,
1148051,2018,2018-06-04,Kinrara Academy Oval,1,16.3,Pakistan,Bangladesh,Sana Mir,Nida Dar,Khadija Tul Kubra,1,0,,,,,,,,,
1148051,2018,2018-06-04,Kinrara Academy Oval,1,16.4,Pakistan,Bangladesh,Nida Dar,Sana Mir,Khadija Tul Kubra,4,0,,,,,,,,,
1148051,2018,2018-06-04,Kinrara Academy Oval,1,16.5,Pakistan,Bangladesh,Nida Dar,Sana Mir,Khadija Tul Kubra,0,0,,,,,,,,,
1148051,2018,2018-06-04,Kinrara Academy Oval,1,16.6,Pakistan,Bangladesh,Nida Dar,Sana Mir,Khadija Tul Kubra,0,0,,,,,,,,,
1148051,2018,2018-06-04,Kinrara Academy Oval,1,17.1,Pakistan,Bangladesh,Sana Mir,Nida Dar,Nahida Akter,1,0,,,,,,,,,
1148051,2018,2018-06-04,Kinrara Academy Oval,1,17.2,Pakistan,Bangladesh,Nida Dar,Sana Mir,Nahida Akter,1,0,,,,,,,,,
1148051,2018,2018-06-04,Kinrara Academy Oval,1,17.3,Pakistan,Bangladesh,Sana Mir,Nida Dar,Nahida Akter,4,0,,,,,,,,,
1148051,2018,2018-06-04,Kinrara Academy Oval,1,17.4,Pakistan,Bangladesh,Sana Mir,Nida Dar,Nahida Akter,1,0,,,,,,,,,
1148051,2018,2018-06-04,Kinrara Academy Oval,1,17.5,Pakistan,Bangladesh,Nida Dar,Sana Mir,Nahida Akter,1,0,,,,,,,,,
1148051,2018,2018-06-04,Kinrara Academy Oval,1,17.6,Pakistan,Bangladesh,Sana Mir,Nida Dar,Nahida Akter,1,0,,,,,,,,,
1148051,2018,2018-06-04,Kinrara Academy Oval,1,18.1,Pakistan,Bangladesh,Sana Mir,Nida Dar,Salma Khatun,3,0,,,,,,,,,
1148051,2018,2018-06-04,Kinrara Academy Oval,1,18.2,Pakistan,Bangladesh,Nida Dar,Sana Mir,Salma Khatun,1,0,,,,,,,,,
1148051,2018,2018-06-04,Kinrara Academy Oval,1,18.3,Pakistan,Bangladesh,Sana Mir,Nida Dar,Salma Khatun,0,0,,,,,,,,,
1148051,2018,2018-06-04,Kinrara Academy Oval,1,18.4,Pakistan,Bangladesh,Sana Mir,Nida Dar,Salma Khatun,0,0,,,,,,,,,
1148051,2018,2018-06-04,Kinrara Academy Oval,1,18.5,Pakistan,Bangladesh,Sana Mir,Nida Dar,Salma Khatun,4,0,,,,,,,,,
1148051,2018,2018-06-04,Kinrara Academy Oval,1,18.6,Pakistan,Bangladesh,Sana Mir,Nida Dar,Salma Khatun,1,0,,,,,,,,,
1148051,2018,2018-06-04,Kinrara Academy Oval,1,19.1,Pakistan,Bangladesh,Sana Mir,Nida Dar,Fahima Khatun,1,0,,,,,,,,,
1148051,2018,2018-06-04,Kinrara Academy Oval,1,19.2,Pakistan,Bangladesh,Nida Dar,Sana Mir,Fahima Khatun,1,0,,,,,,,,,
1148051,2018,2018-06-04,Kinrara Academy Oval,1,19.3,Pakistan,Bangladesh,Sana Mir,Nida Dar,Fahima Khatun,1,0,,,,,,,,,
1148051,2018,2018-06-04,Kinrara Academy Oval,1,19.4,Pakistan,Bangladesh,Nida Dar,Sana Mir,Fahima Khatun,1,0,,,,,,,,,
1148051,2018,2018-06-04,Kinrara Academy Oval,1,19.5,Pakistan,Bangladesh,Sana Mir,Nida Dar,Fahima Khatun,1,0,,,,,,,,,
1148051,2018,2018-06-04,Kinrara Academy Oval,1,19.6,Pakistan,Bangladesh,Nida Dar,Sana Mir,Fahima Khatun,2,0,,,,,,,,,
1148051,2018,2018-06-04,Kinrara Academy Oval,2,0.1,Bangladesh,Pakistan,Shamima Sultana,Ayasha Rahman,Anam Amin,0,0,,,,,,,,,
1148051,2018,2018-06-04,Kinrara Academy Oval,2,0.2,Bangladesh,Pakistan,Shamima Sultana,Ayasha Rahman,Anam Amin,0,0,,,,,,,,,
1148051,2018,2018-06-04,Kinrara Academy Oval,2,0.3,Bangladesh,Pakistan,Shamima Sultana,Ayasha Rahman,Anam Amin,1,0,,,,,,,,,
1148051,2018,2018-06-04,Kinrara Academy Oval,2,0.4,Bangladesh,Pakistan,Ayasha Rahman,Shamima Sultana,Anam Amin,0,0,,,,,,,,,
1148051,2018,2018-06-04,Kinrara Academy Oval,2,0.5,Bangladesh,Pakistan,Ayasha Rahman,Shamima Sultana,Anam Amin,1,0,,,,,,,,,
1148051,2018,2018-06-04,Kinrara Academy Oval,2,0.6,Bangladesh,Pakistan,Shamima Sultana,Ayasha Rahman,Anam Amin,1,0,,,,,,,,,
1148051,2018,2018-06-04,Kinrara Academy Oval,2,1.1,Bangladesh,Pakistan,Shamima Sultana,Ayasha Rahman,Sana Mir,1,0,,,,,,,,,
1148051,2018,2018-06-04,Kinrara Academy Oval,2,1.2,Bangladesh,Pakistan,Ayasha Rahman,Shamima Sultana,Sana Mir,1,0,,,,,,,,,
1148051,2018,2018-06-04,Kinrara Academy Oval,2,1.3,Bangladesh,Pakistan,Shamima Sultana,Ayasha Rahman,Sana Mir,4,0,,,,,,,,,
1148051,2018,2018-06-04,Kinrara Academy Oval,2,1.4,Bangladesh,Pakistan,Shamima Sultana,Ayasha Rahman,Sana Mir,0,0,,,,,,,,,
1148051,2018,2018-06-04,Kinrara Academy Oval,2,1.5,Bangladesh,Pakistan,Shamima Sultana,Ayasha Rahman,Sana Mir,0,0,,,,,,,,,
1148051,2018,2018-06-04,Kinrara Academy Oval,2,1.6,Bangladesh,Pakistan,Shamima Sultana,Ayasha Rahman,Sana Mir,0,0,,,,,,,,,
1148051,2018,2018-06-04,Kinrara Academy Oval,2,2.1,Bangladesh,Pakistan,Ayasha Rahman,Shamima Sultana,Anam Amin,0,0,,,,,,,,,
1148051,2018,2018-06-04,Kinrara Academy Oval,2,2.2,Bangladesh,Pakistan,Ayasha Rahman,Shamima Sultana,Anam Amin,0,0,,,,,,,,,
1148051,2018,2018-06-04,Kinrara Academy Oval,2,2.3,Bangladesh,Pakistan,Ayasha Rahman,Shamima Sultana,Anam Amin,0,0,,,,,,,,,
1148051,2018,2018-06-04,Kinrara Academy Oval,2,2.4,Bangladesh,Pakistan,Ayasha Rahman,Shamima Sultana,Anam Amin,0,0,,,,,,,,,
1148051,2018,2018-06-04,Kinrara Academy Oval,2,2.5,Bangladesh,Pakistan,Ayasha Rahman,Shamima Sultana,Anam Amin,0,0,,,,,,,,,
1148051,2018,2018-06-04,Kinrara Academy Oval,2,2.6,Bangladesh,Pakistan,Ayasha Rahman,Shamima Sultana,Anam Amin,2,0,,,,,,,,,
1148051,2018,2018-06-04,Kinrara Academy Oval,2,3.1,Bangladesh,Pakistan,Shamima Sultana,Ayasha Rahman,Nashra Sandhu,1,0,,,,,,,,,
1148051,2018,2018-06-04,Kinrara Academy Oval,2,3.2,Bangladesh,Pakistan,Ayasha Rahman,Shamima Sultana,Nashra Sandhu,1,0,,,,,,,,,
1148051,2018,2018-06-04,Kinrara Academy Oval,2,3.3,Bangladesh,Pakistan,Shamima Sultana,Ayasha Rahman,Nashra Sandhu,1,0,,,,,,,,,
1148051,2018,2018-06-04,Kinrara Academy Oval,2,3.4,Bangladesh,Pakistan,Ayasha Rahman,Shamima Sultana,Nashra Sandhu,0,0,,,,,,,,,
1148051,2018,2018-06-04,Kinrara Academy Oval,2,3.5,Bangladesh,Pakistan,Ayasha Rahman,Shamima Sultana,Nashra Sandhu,0,0,,,,,,stumped,Ayasha Rahman,,
1148051,2018,2018-06-04,Kinrara Academy Oval,2,3.6,Bangladesh,Pakistan,Fargana Hoque,Shamima Sultana,Nashra Sandhu,0,0,,,,,,,,,
1148051,2018,2018-06-04,Kinrara Academy Oval,2,4.1,Bangladesh,Pakistan,Shamima Sultana,Fargana Hoque,Anam Amin,0,0,,,,,,,,,
1148051,2018,2018-06-04,Kinrara Academy Oval,2,4.2,Bangladesh,Pakistan,Shamima Sultana,Fargana Hoque,Anam Amin,0,0,,,,,,,,,
1148051,2018,2018-06-04,Kinrara Academy Oval,2,4.3,Bangladesh,Pakistan,Shamima Sultana,Fargana Hoque,Anam Amin,0,0,,,,,,,,,
1148051,2018,2018-06-04,Kinrara Academy Oval,2,4.4,Bangladesh,Pakistan,Shamima Sultana,Fargana Hoque,Anam Amin,0,0,,,,,,,,,
1148051,2018,2018-06-04,Kinrara Academy Oval,2,4.5,Bangladesh,Pakistan,Shamima Sultana,Fargana Hoque,Anam Amin,1,0,,,,,,,,,
1148051,2018,2018-06-04,Kinrara Academy Oval,2,4.6,Bangladesh,Pakistan,Fargana Hoque,Shamima Sultana,Anam Amin,0,0,,,,,,,,,
1148051,2018,2018-06-04,Kinrara Academy Oval,2,5.1,Bangladesh,Pakistan,Shamima Sultana,Fargana Hoque,Sana Mir,1,0,,,,,,,,,
1148051,2018,2018-06-04,Kinrara Academy Oval,2,5.2,Bangladesh,Pakistan,Fargana Hoque,Shamima Sultana,Sana Mir,0,0,,,,,,,,,
1148051,2018,2018-06-04,Kinrara Academy Oval,2,5.3,Bangladesh,Pakistan,Fargana Hoque,Shamima Sultana,Sana Mir,0,0,,,,,,,,,
1148051,2018,2018-06-04,Kinrara Academy Oval,2,5.4,Bangladesh,Pakistan,Fargana Hoque,Shamima Sultana,Sana Mir,1,0,,,,,,,,,
1148051,2018,2018-06-04,Kinrara Academy Oval,2,5.5,Bangladesh,Pakistan,Shamima Sultana,Fargana Hoque,Sana Mir,4,0,,,,,,,,,
1148051,2018,2018-06-04,Kinrara Academy Oval,2,5.6,Bangladesh,Pakistan,Shamima Sultana,Fargana Hoque,Sana Mir,1,0,,,,,,,,,
1148051,2018,2018-06-04,Kinrara Academy Oval,2,6.1,Bangladesh,Pakistan,Shamima Sultana,Fargana Hoque,Anam Amin,0,0,,,,,,,,,
1148051,2018,2018-06-04,Kinrara Academy Oval,2,6.2,Bangladesh,Pakistan,Shamima Sultana,Fargana Hoque,Anam Amin,1,0,,,,,,,,,
1148051,2018,2018-06-04,Kinrara Academy Oval,2,6.3,Bangladesh,Pakistan,Fargana Hoque,Shamima Sultana,Anam Amin,1,0,,,,,,,,,
1148051,2018,2018-06-04,Kinrara Academy Oval,2,6.4,Bangladesh,Pakistan,Shamima Sultana,Fargana Hoque,Anam Amin,1,0,,,,,,,,,
1148051,2018,2018-06-04,Kinrara Academy Oval,2,6.5,Bangladesh,Pakistan,Fargana Hoque,Shamima Sultana,Anam Amin,0,0,,,,,,,,,
1148051,2018,2018-06-04,Kinrara Academy Oval,2,6.6,Bangladesh,Pakistan,Fargana Hoque,Shamima Sultana,Anam Amin,0,0,,,,,,lbw,Fargana Hoque,,
1148051,2018,2018-06-04,Kinrara Academy Oval,2,7.1,Bangladesh,Pakistan,Shamima Sultana,Nigar Sultana,Nashra Sandhu,1,0,,,,,,,,,
1148051,2018,2018-06-04,Kinrara Academy Oval,2,7.2,Bangladesh,Pakistan,Nigar Sultana,Shamima Sultana,Nashra Sandhu,0,0,,,,,,,,,
1148051,2018,2018-06-04,Kinrara Academy Oval,2,7.3,Bangladesh,Pakistan,Nigar Sultana,Shamima Sultana,Nashra Sandhu,0,0,,,,,,,,,
1148051,2018,2018-06-04,Kinrara Academy Oval,2,7.4,Bangladesh,Pakistan,Nigar Sultana,Shamima Sultana,Nashra Sandhu,0,0,,,,,,,,,
1148051,2018,2018-06-04,Kinrara Academy Oval,2,7.5,Bangladesh,Pakistan,Nigar Sultana,Shamima Sultana,Nashra Sandhu,0,0,,,,,,,,,
1148051,2018,2018-06-04,Kinrara Academy Oval,2,7.6,Bangladesh,Pakistan,Nigar Sultana,Shamima Sultana,Nashra Sandhu,0,0,,,,,,,,,
1148051,2018,2018-06-04,Kinrara Academy Oval,2,8.1,Bangladesh,Pakistan,Shamima Sultana,Nigar Sultana,Bismah Maroof,1,0,,,,,,,,,
1148051,2018,2018-06-04,Kinrara Academy Oval,2,8.2,Bangladesh,Pakistan,Nigar Sultana,Shamima Sultana,Bismah Maroof,1,0,,,,,,,,,
1148051,2018,2018-06-04,Kinrara Academy Oval,2,8.3,Bangladesh,Pakistan,Shamima Sultana,Nigar Sultana,Bismah Maroof,2,0,,,,,,,,,
1148051,2018,2018-06-04,Kinrara Academy Oval,2,8.4,Bangladesh,Pakistan,Shamima Sultana,Nigar Sultana,Bismah Maroof,1,0,,,,,,,,,
1148051,2018,2018-06-04,Kinrara Academy Oval,2,8.5,Bangladesh,Pakistan,Nigar Sultana,Shamima Sultana,Bismah Maroof,0,0,,,,,,,,,
1148051,2018,2018-06-04,Kinrara Academy Oval,2,8.6,Bangladesh,Pakistan,Nigar Sultana,Shamima Sultana,Bismah Maroof,3,0,,,,,,,,,
1148051,2018,2018-06-04,Kinrara Academy Oval,2,9.1,Bangladesh,Pakistan,Nigar Sultana,Shamima Sultana,Nashra Sandhu,2,0,,,,,,,,,
1148051,2018,2018-06-04,Kinrara Academy Oval,2,9.2,Bangladesh,Pakistan,Nigar Sultana,Shamima Sultana,Nashra Sandhu,1,0,,,,,,,,,
1148051,2018,2018-06-04,Kinrara Academy Oval,2,9.3,Bangladesh,Pakistan,Shamima Sultana,Nigar Sultana,Nashra Sandhu,0,0,,,,,,,,,
1148051,2018,2018-06-04,Kinrara Academy Oval,2,9.4,Bangladesh,Pakistan,Shamima Sultana,Nigar Sultana,Nashra Sandhu,1,0,,,,,,,,,
1148051,2018,2018-06-04,Kinrara Academy Oval,2,9.5,Bangladesh,Pakistan,Nigar Sultana,Shamima Sultana,Nashra Sandhu,2,0,,,,,,,,,
1148051,2018,2018-06-04,Kinrara Academy Oval,2,9.6,Bangladesh,Pakistan,Nigar Sultana,Shamima Sultana,Nashra Sandhu,0,0,,,,,,,,,
1148051,2018,2018-06-04,Kinrara Academy Oval,2,10.1,Bangladesh,Pakistan,Shamima Sultana,Nigar Sultana,Nida Dar,0,0,,,,,,,,,
1148051,2018,2018-06-04,Kinrara Academy Oval,2,10.2,Bangladesh,Pakistan,Shamima Sultana,Nigar Sultana,Nida Dar,1,0,,,,,,,,,
1148051,2018,2018-06-04,Kinrara Academy Oval,2,10.3,Bangladesh,Pakistan,Nigar Sultana,Shamima Sultana,Nida Dar,1,0,,,,,,,,,
1148051,2018,2018-06-04,Kinrara Academy Oval,2,10.4,Bangladesh,Pakistan,Shamima Sultana,Nigar Sultana,Nida Dar,0,0,,,,,,,,,
1148051,2018,2018-06-04,Kinrara Academy Oval,2,10.5,Bangladesh,Pakistan,Shamima Sultana,Nigar Sultana,Nida Dar,4,0,,,,,,,,,
1148051,2018,2018-06-04,Kinrara Academy Oval,2,10.6,Bangladesh,Pakistan,Shamima Sultana,Nigar Sultana,Nida Dar,2,0,,,,,,,,,
1148051,2018,2018-06-04,Kinrara Academy Oval,2,11.1,Bangladesh,Pakistan,Nigar Sultana,Shamima Sultana,Kainat Imtiaz,4,0,,,,,,,,,
1148051,2018,2018-06-04,Kinrara Academy Oval,2,11.2,Bangladesh,Pakistan,Nigar Sultana,Shamima Sultana,Kainat Imtiaz,2,0,,,,,,,,,
1148051,2018,2018-06-04,Kinrara Academy Oval,2,11.3,Bangladesh,Pakistan,Nigar Sultana,Shamima Sultana,Kainat Imtiaz,4,0,,,,,,,,,
1148051,2018,2018-06-04,Kinrara Academy Oval,2,11.4,Bangladesh,Pakistan,Nigar Sultana,Shamima Sultana,Kainat Imtiaz,0,0,,,,,,,,,
1148051,2018,2018-06-04,Kinrara Academy Oval,2,11.5,Bangladesh,Pakistan,Nigar Sultana,Shamima Sultana,Kainat Imtiaz,0,0,,,,,,,,,
1148051,2018,2018-06-04,Kinrara Academy Oval,2,11.6,Bangladesh,Pakistan,Nigar Sultana,Shamima Sultana,Kainat Imtiaz,1,0,,,,,,,,,
1148051,2018,2018-06-04,Kinrara Academy Oval,2,12.1,Bangladesh,Pakistan,Nigar Sultana,Shamima Sultana,Nida Dar,0,0,,,,,,,,,
1148051,2018,2018-06-04,Kinrara Academy Oval,2,12.2,Bangladesh,Pakistan,Nigar Sultana,Shamima Sultana,Nida Dar,0,0,,,,,,,,,
1148051,2018,2018-06-04,Kinrara Academy Oval,2,12.3,Bangladesh,Pakistan,Nigar Sultana,Shamima Sultana,Nida Dar,0,0,,,,,,,,,
1148051,2018,2018-06-04,Kinrara Academy Oval,2,12.4,Bangladesh,Pakistan,Nigar Sultana,Shamima Sultana,Nida Dar,1,0,,,,,,,,,
1148051,2018,2018-06-04,Kinrara Academy Oval,2,12.5,Bangladesh,Pakistan,Shamima Sultana,Nigar Sultana,Nida Dar,0,1,1,,,,,stumped,Shamima Sultana,,
1148051,2018,2018-06-04,Kinrara Academy Oval,2,12.6,Bangladesh,Pakistan,Fahima Khatun,Nigar Sultana,Nida Dar,1,0,,,,,,,,,
1148051,2018,2018-06-04,Kinrara Academy Oval,2,12.7,Bangladesh,Pakistan,Nigar Sultana,Fahima Khatun,Nida Dar,0,0,,,,,,,,,
1148051,2018,2018-06-04,Kinrara Academy Oval,2,13.1,Bangladesh,Pakistan,Fahima Khatun,Nigar Sultana,Sana Mir,1,0,,,,,,,,,
1148051,2018,2018-06-04,Kinrara Academy Oval,2,13.2,Bangladesh,Pakistan,Nigar Sultana,Fahima Khatun,Sana Mir,0,0,,,,,,,,,
1148051,2018,2018-06-04,Kinrara Academy Oval,2,13.3,Bangladesh,Pakistan,Nigar Sultana,Fahima Khatun,Sana Mir,0,0,,,,,,,,,
1148051,2018,2018-06-04,Kinrara Academy Oval,2,13.4,Bangladesh,Pakistan,Nigar Sultana,Fahima Khatun,Sana Mir,0,0,,,,,,,,,
1148051,2018,2018-06-04,Kinrara Academy Oval,2,13.5,Bangladesh,Pakistan,Nigar Sultana,Fahima Khatun,Sana Mir,1,0,,,,,,,,,
1148051,2018,2018-06-04,Kinrara Academy Oval,2,13.6,Bangladesh,Pakistan,Fahima Khatun,Nigar Sultana,Sana Mir,1,0,,,,,,,,,
1148051,2018,2018-06-04,Kinrara Academy Oval,2,14.1,Bangladesh,Pakistan,Fahima Khatun,Nigar Sultana,Nida Dar,1,0,,,,,,,,,
1148051,2018,2018-06-04,Kinrara Academy Oval,2,14.2,Bangladesh,Pakistan,Nigar Sultana,Fahima Khatun,Nida Dar,1,0,,,,,,,,,
1148051,2018,2018-06-04,Kinrara Academy Oval,2,14.3,Bangladesh,Pakistan,Fahima Khatun,Nigar Sultana,Nida Dar,2,0,,,,,,,,,
1148051,2018,2018-06-04,Kinrara Academy Oval,2,14.4,Bangladesh,Pakistan,Fahima Khatun,Nigar Sultana,Nida Dar,2,0,,,,,,,,,
1148051,2018,2018-06-04,Kinrara Academy Oval,2,14.5,Bangladesh,Pakistan,Fahima Khatun,Nigar Sultana,Nida Dar,0,2,,,,2,,,,,
1148051,2018,2018-06-04,Kinrara Academy Oval,2,14.6,Bangladesh,Pakistan,Fahima Khatun,Nigar Sultana,Nida Dar,1,0,,,,,,,,,
1148051,2018,2018-06-04,Kinrara Academy Oval,2,15.1,Bangladesh,Pakistan,Fahima Khatun,Nigar Sultana,Nashra Sandhu,2,0,,,,,,,,,
1148051,2018,2018-06-04,Kinrara Academy Oval,2,15.2,Bangladesh,Pakistan,Fahima Khatun,Nigar Sultana,Nashra Sandhu,0,0,,,,,,,,,
1148051,2018,2018-06-04,Kinrara Academy Oval,2,15.3,Bangladesh,Pakistan,Fahima Khatun,Nigar Sultana,Nashra Sandhu,1,0,,,,,,,,,
1148051,2018,2018-06-04,Kinrara Academy Oval,2,15.4,Bangladesh,Pakistan,Nigar Sultana,Fahima Khatun,Nashra Sandhu,0,0,,,,,,,,,
1148051,2018,2018-06-04,Kinrara Academy Oval,2,15.5,Bangladesh,Pakistan,Nigar Sultana,Fahima Khatun,Nashra Sandhu,4,0,,,,,,,,,
1148051,2018,2018-06-04,Kinrara Academy Oval,2,15.6,Bangladesh,Pakistan,Nigar Sultana,Fahima Khatun,Nashra Sandhu,1,0,,,,,,,,,
1148051,2018,2018-06-04,Kinrara Academy Oval,2,16.1,Bangladesh,Pakistan,Nigar Sultana,Fahima Khatun,Sana Mir,0,0,,,,,,,,,
1148051,2018,2018-06-04,Kinrara Academy Oval,2,16.2,Bangladesh,Pakistan,Nigar Sultana,Fahima Khatun,Sana Mir,1,0,,,,,,,,,
1148051,2018,2018-06-04,Kinrara Academy Oval,2,16.3,Bangladesh,Pakistan,Fahima Khatun,Nigar Sultana,Sana Mir,2,0,,,,,,,,,
1148051,2018,2018-06-04,Kinrara Academy Oval,2,16.4,Bangladesh,Pakistan,Fahima Khatun,Nigar Sultana,Sana Mir,0,0,,,,,,,,,
1148051,2018,2018-06-04,Kinrara Academy Oval,2,16.5,Bangladesh,Pakistan,Fahima Khatun,Nigar Sultana,Sana Mir,0,0,,,,,,,,,
1148051,2018,2018-06-04,Kinrara Academy Oval,2,16.6,Bangladesh,Pakistan,Fahima Khatun,Nigar Sultana,Sana Mir,1,0,,,,,,,,,
1148051,2018,2018-06-04,Kinrara Academy Oval,2,17.1,Bangladesh,Pakistan,Fahima Khatun,Nigar Sultana,Nida Dar,4,0,,,,,,,,,
1148051,2018,2018-06-04,Kinrara Academy Oval,2,17.2,Bangladesh,Pakistan,Fahima Khatun,Nigar Sultana,Nida Dar,2,0,,,,,,,,,
1148051,2018,2018-06-04,Kinrara Academy Oval,2,17.3,Bangladesh,Pakistan,Fahima Khatun,Nigar Sultana,Nida Dar,0,1,1,,,,,,,,
1148051,2018,2018-06-04,Kinrara Academy Oval,2,17.4,Bangladesh,Pakistan,Fahima Khatun,Nigar Sultana,Nida Dar,1,0,,,,,,,,,
1148051,2018,2018-06-04,Kinrara Academy Oval,2,17.5,Bangladesh,Pakistan,Nigar Sultana,Fahima Khatun,Nida Dar,1,0,,,,,,,,,
1148051,2018,2018-06-04,Kinrara Academy Oval,2,17.6,Bangladesh,Pakistan,Fahima Khatun,Nigar Sultana,Nida Dar,1,0,,,,,,,,,
