match_id,season,start_date,venue,innings,ball,batting_team,bowling_team,striker,non_striker,bowler,runs_off_bat,extras,wides,noballs,byes,legbyes,penalty,wicket_type,player_dismissed,other_wicket_type,other_player_dismissed
1150544,2018/19,2018-11-14,"Daren Sammy National Cricket Stadium, Gros Islet",1,0.1,West Indies,South Africa,HK Matthews,DJS Dottin,M Kapp,1,0,,,,,,,,,
1150544,2018/19,2018-11-14,"Daren Sammy National Cricket Stadium, Gros Islet",1,0.2,West Indies,South Africa,DJS Dottin,HK Matthews,M Kapp,0,1,,,,1,,,,,
1150544,2018/19,2018-11-14,"Daren Sammy National Cricket Stadium, Gros Islet",1,0.3,West Indies,South Africa,HK Matthews,DJS Dottin,M Kapp,0,0,,,,,,,,,
1150544,2018/19,2018-11-14,"Daren Sammy National Cricket Stadium, Gros Islet",1,0.4,West Indies,South Africa,HK Matthews,DJS Dottin,M Kapp,1,0,,,,,,,,,
1150544,2018/19,2018-11-14,"Daren Sammy National Cricket Stadium, Gros Islet",1,0.5,West Indies,South Africa,DJS Dottin,HK Matthews,M Kapp,0,0,,,,,,,,,
1150544,2018/19,2018-11-14,"Daren Sammy National Cricket Stadium, Gros Islet",1,0.6,West Indies,South Africa,DJS Dottin,HK Matthews,M Kapp,0,0,,,,,,,,,
1150544,2018/19,2018-11-14,"Daren Sammy National Cricket Stadium, Gros Islet",1,1.1,West Indies,South Africa,HK Matthews,DJS Dottin,S Ismail,6,0,,,,,,,,,
1150544,2018/19,2018-11-14,"Daren Sammy National Cricket Stadium, Gros Islet",1,1.2,West Indies,South Africa,HK Matthews,DJS Dottin,S Ismail,0,0,,,,,,,,,
1150544,2018/19,2018-11-14,"Daren Sammy National Cricket Stadium, Gros Islet",1,1.3,West Indies,South Africa,HK Matthews,DJS Dottin,S Ismail,0,0,,,,,,,,,
1150544,2018/19,2018-11-14,"Daren Sammy National Cricket Stadium, Gros Islet",1,1.4,West Indies,South Africa,HK Matthews,DJS Dottin,S Ismail,0,0,,,,,,caught,HK Matthews,,
1150544,2018/19,2018-11-14,"Daren Sammy National Cricket Stadium, Gros Islet",1,1.5,West Indies,South Africa,SR Taylor,DJS Dottin,S Ismail,0,0,,,,,,caught,SR Taylor,,
1150544,2018/19,2018-11-14,"Daren Sammy National Cricket Stadium, Gros Islet",1,1.6,West Indies,South Africa,SA Campbelle,DJS Dottin,S Ismail,0,0,,,,,,,,,
1150544,2018/19,2018-11-14,"Daren Sammy National Cricket Stadium, Gros Islet",1,2.1,West Indies,South Africa,DJS Dottin,SA Campbelle,M Kapp,0,0,,,,,,,,,
1150544,2018/19,2018-11-14,"Daren Sammy National Cricket Stadium, Gros Islet",1,2.2,West Indies,South Africa,DJS Dottin,SA Campbelle,M Kapp,4,0,,,,,,,,,
1150544,2018/19,2018-11-14,"Daren Sammy National Cricket Stadium, Gros Islet",1,2.3,West Indies,South Africa,DJS Dottin,SA Campbelle,M Kapp,3,0,,,,,,,,,
1150544,2018/19,2018-11-14,"Daren Sammy National Cricket Stadium, Gros Islet",1,2.4,West Indies,South Africa,SA Campbelle,DJS Dottin,M Kapp,1,0,,,,,,,,,
1150544,2018/19,2018-11-14,"Daren Sammy National Cricket Stadium, Gros Islet",1,2.5,West Indies,South Africa,DJS Dottin,SA Campbelle,M Kapp,4,0,,,,,,,,,
1150544,2018/19,2018-11-14,"Daren Sammy National Cricket Stadium, Gros Islet",1,2.6,West Indies,South Africa,DJS Dottin,SA Campbelle,M Kapp,1,0,,,,,,,,,
1150544,2018/19,2018-11-14,"Daren Sammy National Cricket Stadium, Gros Islet",1,3.1,West Indies,South Africa,DJS Dottin,SA Campbelle,S Ismail,0,0,,,,,,,,,
1150544,2018/19,2018-11-14,"Daren Sammy National Cricket Stadium, Gros Islet",1,3.2,West Indies,South Africa,DJS Dottin,SA Campbelle,S Ismail,0,0,,,,,,,,,
1150544,2018/19,2018-11-14,"Daren Sammy National Cricket Stadium, Gros Islet",1,3.3,West Indies,South Africa,DJS Dottin,SA Campbelle,S Ismail,0,0,,,,,,,,,
1150544,2018/19,2018-11-14,"Daren Sammy National Cricket Stadium, Gros Islet",1,3.4,West Indies,South Africa,DJS Dottin,SA Campbelle,S Ismail,0,0,,,,,,,,,
1150544,2018/19,2018-11-14,"Daren Sammy National Cricket Stadium, Gros Islet",1,3.5,West Indies,South Africa,DJS Dottin,SA Campbelle,S Ismail,0,0,,,,,,,,,
1150544,2018/19,2018-11-14,"Daren Sammy National Cricket Stadium, Gros Islet",1,3.6,West Indies,South Africa,DJS Dottin,SA Campbelle,S Ismail,0,0,,,,,,caught,DJS Dottin,,
1150544,2018/19,2018-11-14,"Daren Sammy National Cricket Stadium, Gros Islet",1,4.1,West Indies,South Africa,SA Campbelle,Kycia A Knight,M Kapp,0,0,,,,,,,,,
1150544,2018/19,2018-11-14,"Daren Sammy National Cricket Stadium, Gros Islet",1,4.2,West Indies,South Africa,SA Campbelle,Kycia A Knight,M Kapp,0,0,,,,,,,,,
1150544,2018/19,2018-11-14,"Daren Sammy National Cricket Stadium, Gros Islet",1,4.3,West Indies,South Africa,SA Campbelle,Kycia A Knight,M Kapp,0,0,,,,,,,,,
1150544,2018/19,2018-11-14,"Daren Sammy National Cricket Stadium, Gros Islet",1,4.4,West Indies,South Africa,SA Campbelle,Kycia A Knight,M Kapp,0,0,,,,,,,,,
1150544,2018/19,2018-11-14,"Daren Sammy National Cricket Stadium, Gros Islet",1,4.5,West Indies,South Africa,SA Campbelle,Kycia A Knight,M Kapp,0,0,,,,,,,,,
1150544,2018/19,2018-11-14,"Daren Sammy National Cricket Stadium, Gros Islet",1,4.6,West Indies,South Africa,SA Campbelle,Kycia A Knight,M Kapp,0,0,,,,,,,,,
1150544,2018/19,2018-11-14,"Daren Sammy National Cricket Stadium, Gros Islet",1,5.1,West Indies,South Africa,Kycia A Knight,SA Campbelle,S Ismail,0,0,,,,,,,,,
1150544,2018/19,2018-11-14,"Daren Sammy National Cricket Stadium, Gros Islet",1,5.2,West Indies,South Africa,Kycia A Knight,SA Campbelle,S Ismail,1,0,,,,,,,,,
1150544,2018/19,2018-11-14,"Daren Sammy National Cricket Stadium, Gros Islet",1,5.3,West Indies,South Africa,SA Campbelle,Kycia A Knight,S Ismail,1,0,,,,,,,,,
1150544,2018/19,2018-11-14,"Daren Sammy National Cricket Stadium, Gros Islet",1,5.4,West Indies,South Africa,Kycia A Knight,SA Campbelle,S Ismail,0,0,,,,,,,,,
1150544,2018/19,2018-11-14,"Daren Sammy National Cricket Stadium, Gros Islet",1,5.5,West Indies,South Africa,Kycia A Knight,SA Campbelle,S Ismail,0,0,,,,,,,,,
1150544,2018/19,2018-11-14,"Daren Sammy National Cricket Stadium, Gros Islet",1,5.6,West Indies,South Africa,Kycia A Knight,SA Campbelle,S Ismail,0,0,,,,,,,,,
1150544,2018/19,2018-11-14,"Daren Sammy National Cricket Stadium, Gros Islet",1,6.1,West Indies,South Africa,SA Campbelle,Kycia A Knight,M Kapp,0,0,,,,,,,,,
1150544,2018/19,2018-11-14,"Daren Sammy National Cricket Stadium, Gros Islet",1,6.2,West Indies,South Africa,SA Campbelle,Kycia A Knight,M Kapp,0,0,,,,,,,,,
1150544,2018/19,2018-11-14,"Daren Sammy National Cricket Stadium, Gros Islet",1,6.3,West Indies,South Africa,SA Campbelle,Kycia A Knight,M Kapp,4,0,,,,,,,,,
1150544,2018/19,2018-11-14,"Daren Sammy National Cricket Stadium, Gros Islet",1,6.4,West Indies,South Africa,SA Campbelle,Kycia A Knight,M Kapp,0,0,,,,,,,,,
1150544,2018/19,2018-11-14,"Daren Sammy National Cricket Stadium, Gros Islet",1,6.5,West Indies,South Africa,SA Campbelle,Kycia A Knight,M Kapp,0,0,,,,,,,,,
1150544,2018/19,2018-11-14,"Daren Sammy National Cricket Stadium, Gros Islet",1,6.6,West Indies,South Africa,SA Campbelle,Kycia A Knight,M Kapp,1,0,,,,,,,,,
1150544,2018/19,2018-11-14,"Daren Sammy National Cricket Stadium, Gros Islet",1,7.1,West Indies,South Africa,SA Campbelle,Kycia A Knight,M Daniels,0,0,,,,,,bowled,SA Campbelle,,
1150544,2018/19,2018-11-14,"Daren Sammy National Cricket Stadium, Gros Islet",1,7.2,West Indies,South Africa,NY McLean,Kycia A Knight,M Daniels,0,0,,,,,,,,,
1150544,2018/19,2018-11-14,"Daren Sammy National Cricket Stadium, Gros Islet",1,7.3,West Indies,South Africa,NY McLean,Kycia A Knight,M Daniels,1,0,,,,,,,,,
1150544,2018/19,2018-11-14,"Daren Sammy National Cricket Stadium, Gros Islet",1,7.4,West Indies,South Africa,Kycia A Knight,NY McLean,M Daniels,0,0,,,,,,,,,
1150544,2018/19,2018-11-14,"Daren Sammy National Cricket Stadium, Gros Islet",1,7.5,West Indies,South Africa,Kycia A Knight,NY McLean,M Daniels,0,1,1,,,,,,,,
1150544,2018/19,2018-11-14,"Daren Sammy National Cricket Stadium, Gros Islet",1,7.6,West Indies,South Africa,Kycia A Knight,NY McLean,M Daniels,0,0,,,,,,,,,
1150544,2018/19,2018-11-14,"Daren Sammy National Cricket Stadium, Gros Islet",1,7.7,West Indies,South Africa,Kycia A Knight,NY McLean,M Daniels,0,0,,,,,,,,,
1150544,2018/19,2018-11-14,"Daren Sammy National Cricket Stadium, Gros Islet",1,8.1,West Indies,South Africa,NY McLean,Kycia A Knight,M Klaas,4,0,,,,,,,,,
1150544,2018/19,2018-11-14,"Daren Sammy National Cricket Stadium, Gros Islet",1,8.2,West Indies,South Africa,NY McLean,Kycia A Knight,M Klaas,1,0,,,,,,,,,
1150544,2018/19,2018-11-14,"Daren Sammy National Cricket Stadium, Gros Islet",1,8.3,West Indies,South Africa,Kycia A Knight,NY McLean,M Klaas,0,0,,,,,,,,,
1150544,2018/19,2018-11-14,"Daren Sammy National Cricket Stadium, Gros Islet",1,8.4,West Indies,South Africa,Kycia A Knight,NY McLean,M Klaas,0,0,,,,,,,,,
1150544,2018/19,2018-11-14,"Daren Sammy National Cricket Stadium, Gros Islet",1,8.5,West Indies,South Africa,Kycia A Knight,NY McLean,M Klaas,0,0,,,,,,,,,
1150544,2018/19,2018-11-14,"Daren Sammy National Cricket Stadium, Gros Islet",1,8.6,West Indies,South Africa,Kycia A Knight,NY McLean,M Klaas,0,0,,,,,,,,,
1150544,2018/19,2018-11-14,"Daren Sammy National Cricket Stadium, Gros Islet",1,9.1,West Indies,South Africa,NY McLean,Kycia A Knight,M Daniels,1,0,,,,,,,,,
1150544,2018/19,2018-11-14,"Daren Sammy National Cricket Stadium, Gros Islet",1,9.2,West Indies,South Africa,Kycia A Knight,NY McLean,M Daniels,0,0,,,,,,,,,
1150544,2018/19,2018-11-14,"Daren Sammy National Cricket Stadium, Gros Islet",1,9.3,West Indies,South Africa,Kycia A Knight,NY McLean,M Daniels,1,0,,,,,,,,,
1150544,2018/19,2018-11-14,"Daren Sammy National Cricket Stadium, Gros Islet",1,9.4,West Indies,South Africa,NY McLean,Kycia A Knight,M Daniels,0,0,,,,,,,,,
1150544,2018/19,2018-11-14,"Daren Sammy National Cricket Stadium, Gros Islet",1,9.5,West Indies,South Africa,NY McLean,Kycia A Knight,M Daniels,1,0,,,,,,,,,
1150544,2018/19,2018-11-14,"Daren Sammy National Cricket Stadium, Gros Islet",1,9.6,West Indies,South Africa,Kycia A Knight,NY McLean,M Daniels,2,0,,,,,,,,,
1150544,2018/19,2018-11-14,"Daren Sammy National Cricket Stadium, Gros Islet",1,10.1,West Indies,South Africa,NY McLean,Kycia A Knight,M Klaas,0,0,,,,,,,,,
1150544,2018/19,2018-11-14,"Daren Sammy National Cricket Stadium, Gros Islet",1,10.2,West Indies,South Africa,NY McLean,Kycia A Knight,M Klaas,2,0,,,,,,,,,
1150544,2018/19,2018-11-14,"Daren Sammy National Cricket Stadium, Gros Islet",1,10.3,West Indies,South Africa,NY McLean,Kycia A Knight,M Klaas,0,0,,,,,,,,,
1150544,2018/19,2018-11-14,"Daren Sammy National Cricket Stadium, Gros Islet",1,10.4,West Indies,South Africa,NY McLean,Kycia A Knight,M Klaas,0,0,,,,,,,,,
1150544,2018/19,2018-11-14,"Daren Sammy National Cricket Stadium, Gros Islet",1,10.5,West Indies,South Africa,NY McLean,Kycia A Knight,M Klaas,4,0,,,,,,,,,
1150544,2018/19,2018-11-14,"Daren Sammy National Cricket Stadium, Gros Islet",1,10.6,West Indies,South Africa,NY McLean,Kycia A Knight,M Klaas,1,0,,,,,,,,,
1150544,2018/19,2018-11-14,"Daren Sammy National Cricket Stadium, Gros Islet",1,11.1,West Indies,South Africa,NY McLean,Kycia A Knight,M Daniels,0,0,,,,,,,,,
1150544,2018/19,2018-11-14,"Daren Sammy National Cricket Stadium, Gros Islet",1,11.2,West Indies,South Africa,NY McLean,Kycia A Knight,M Daniels,0,0,,,,,,,,,
1150544,2018/19,2018-11-14,"Daren Sammy National Cricket Stadium, Gros Islet",1,11.3,West Indies,South Africa,NY McLean,Kycia A Knight,M Daniels,1,0,,,,,,,,,
1150544,2018/19,2018-11-14,"Daren Sammy National Cricket Stadium, Gros Islet",1,11.4,West Indies,South Africa,Kycia A Knight,NY McLean,M Daniels,0,0,,,,,,,,,
1150544,2018/19,2018-11-14,"Daren Sammy National Cricket Stadium, Gros Islet",1,11.5,West Indies,South Africa,Kycia A Knight,NY McLean,M Daniels,0,0,,,,,,,,,
1150544,2018/19,2018-11-14,"Daren Sammy National Cricket Stadium, Gros Islet",1,11.6,West Indies,South Africa,Kycia A Knight,NY McLean,M Daniels,1,0,,,,,,,,,
1150544,2018/19,2018-11-14,"Daren Sammy National Cricket Stadium, Gros Islet",1,12.1,West Indies,South Africa,Kycia A Knight,NY McLean,TS Sekhukhune,0,1,1,,,,,,,,
1150544,2018/19,2018-11-14,"Daren Sammy National Cricket Stadium, Gros Islet",1,12.2,West Indies,South Africa,Kycia A Knight,NY McLean,TS Sekhukhune,6,0,,,,,,,,,
1150544,2018/19,2018-11-14,"Daren Sammy National Cricket Stadium, Gros Islet",1,12.3,West Indies,South Africa,Kycia A Knight,NY McLean,TS Sekhukhune,1,0,,,,,,,,,
1150544,2018/19,2018-11-14,"Daren Sammy National Cricket Stadium, Gros Islet",1,12.4,West Indies,South Africa,NY McLean,Kycia A Knight,TS Sekhukhune,1,0,,,,,,,,,
1150544,2018/19,2018-11-14,"Daren Sammy National Cricket Stadium, Gros Islet",1,12.5,West Indies,South Africa,Kycia A Knight,NY McLean,TS Sekhukhune,1,0,,,,,,,,,
1150544,2018/19,2018-11-14,"Daren Sammy National Cricket Stadium, Gros Islet",1,12.6,West Indies,South Africa,NY McLean,Kycia A Knight,TS Sekhukhune,5,0,,,,,,,,,
1150544,2018/19,2018-11-14,"Daren Sammy National Cricket Stadium, Gros Islet",1,12.7,West Indies,South Africa,Kycia A Knight,NY McLean,TS Sekhukhune,0,0,,,,,,,,,
1150544,2018/19,2018-11-14,"Daren Sammy National Cricket Stadium, Gros Islet",1,13.1,West Indies,South Africa,NY McLean,Kycia A Knight,D van Niekerk,0,0,,,,,,,,,
1150544,2018/19,2018-11-14,"Daren Sammy National Cricket Stadium, Gros Islet",1,13.2,West Indies,South Africa,NY McLean,Kycia A Knight,D van Niekerk,1,0,,,,,,,,,
1150544,2018/19,2018-11-14,"Daren Sammy National Cricket Stadium, Gros Islet",1,13.3,West Indies,South Africa,Kycia A Knight,NY McLean,D van Niekerk,0,0,,,,,,,,,
1150544,2018/19,2018-11-14,"Daren Sammy National Cricket Stadium, Gros Islet",1,13.4,West Indies,South Africa,Kycia A Knight,NY McLean,D van Niekerk,0,0,,,,,,,,,
1150544,2018/19,2018-11-14,"Daren Sammy National Cricket Stadium, Gros Islet",1,13.5,West Indies,South Africa,Kycia A Knight,NY McLean,D van Niekerk,0,0,,,,,,,,,
1150544,2018/19,2018-11-14,"Daren Sammy National Cricket Stadium, Gros Islet",1,13.6,West Indies,South Africa,Kycia A Knight,NY McLean,D van Niekerk,1,0,,,,,,,,,
1150544,2018/19,2018-11-14,"Daren Sammy National Cricket Stadium, Gros Islet",1,14.1,West Indies,South Africa,Kycia A Knight,NY McLean,S Luus,1,0,,,,,,,,,
1150544,2018/19,2018-11-14,"Daren Sammy National Cricket Stadium, Gros Islet",1,14.2,West Indies,South Africa,NY McLean,Kycia A Knight,S Luus,4,0,,,,,,,,,
1150544,2018/19,2018-11-14,"Daren Sammy National Cricket Stadium, Gros Islet",1,14.3,West Indies,South Africa,NY McLean,Kycia A Knight,S Luus,1,0,,,,,,,,,
1150544,2018/19,2018-11-14,"Daren Sammy National Cricket Stadium, Gros Islet",1,14.4,West Indies,South Africa,Kycia A Knight,NY McLean,S Luus,1,0,,,,,,,,,
1150544,2018/19,2018-11-14,"Daren Sammy National Cricket Stadium, Gros Islet",1,14.5,West Indies,South Africa,NY McLean,Kycia A Knight,S Luus,0,0,,,,,,,,,
1150544,2018/19,2018-11-14,"Daren Sammy National Cricket Stadium, Gros Islet",1,14.6,West Indies,South Africa,NY McLean,Kycia A Knight,S Luus,0,0,,,,,,caught,NY McLean,,
1150544,2018/19,2018-11-14,"Daren Sammy National Cricket Stadium, Gros Islet",1,15.1,West Indies,South Africa,B Cooper,Kycia A Knight,D van Niekerk,0,0,,,,,,,,,
1150544,2018/19,2018-11-14,"Daren Sammy National Cricket Stadium, Gros Islet",1,15.2,West Indies,South Africa,B Cooper,Kycia A Knight,D van Niekerk,0,0,,,,,,,,,
1150544,2018/19,2018-11-14,"Daren Sammy National Cricket Stadium, Gros Islet",1,15.3,West Indies,South Africa,B Cooper,Kycia A Knight,D van Niekerk,0,0,,,,,,caught,B Cooper,,
1150544,2018/19,2018-11-14,"Daren Sammy National Cricket Stadium, Gros Islet",1,15.4,West Indies,South Africa,CA Henry,Kycia A Knight,D van Niekerk,2,0,,,,,,,,,
1150544,2018/19,2018-11-14,"Daren Sammy National Cricket Stadium, Gros Islet",1,15.5,West Indies,South Africa,CA Henry,Kycia A Knight,D van Niekerk,0,0,,,,,,,,,
1150544,2018/19,2018-11-14,"Daren Sammy National Cricket Stadium, Gros Islet",1,15.6,West Indies,South Africa,CA Henry,Kycia A Knight,D van Niekerk,0,0,,,,,,,,,
1150544,2018/19,2018-11-14,"Daren Sammy National Cricket Stadium, Gros Islet",1,16.1,West Indies,South Africa,Kycia A Knight,CA Henry,S Luus,0,0,,,,,,,,,
1150544,2018/19,2018-11-14,"Daren Sammy National Cricket Stadium, Gros Islet",1,16.2,West Indies,South Africa,Kycia A Knight,CA Henry,S Luus,4,0,,,,,,,,,
1150544,2018/19,2018-11-14,"Daren Sammy National Cricket Stadium, Gros Islet",1,16.3,West Indies,South Africa,Kycia A Knight,CA Henry,S Luus,1,0,,,,,,,,,
1150544,2018/19,2018-11-14,"Daren Sammy National Cricket Stadium, Gros Islet",1,16.4,West Indies,South Africa,CA Henry,Kycia A Knight,S Luus,0,0,,,,,,,,,
1150544,2018/19,2018-11-14,"Daren Sammy National Cricket Stadium, Gros Islet",1,16.5,West Indies,South Africa,CA Henry,Kycia A Knight,S Luus,0,0,,,,,,,,,
1150544,2018/19,2018-11-14,"Daren Sammy National Cricket Stadium, Gros Islet",1,16.6,West Indies,South Africa,CA Henry,Kycia A Knight,S Luus,1,0,,,,,,,,,
1150544,2018/19,2018-11-14,"Daren Sammy National Cricket Stadium, Gros Islet",1,17.1,West Indies,South Africa,CA Henry,Kycia A Knight,M Daniels,0,0,,,,,,,,,
1150544,2018/19,2018-11-14,"Daren Sammy National Cricket Stadium, Gros Islet",1,17.2,West Indies,South Africa,CA Henry,Kycia A Knight,M Daniels,1,0,,,,,,,,,
1150544,2018/19,2018-11-14,"Daren Sammy National Cricket Stadium, Gros Islet",1,17.3,West Indies,South Africa,Kycia A Knight,CA Henry,M Daniels,0,0,,,,,,,,,
1150544,2018/19,2018-11-14,"Daren Sammy National Cricket Stadium, Gros Islet",1,17.4,West Indies,South Africa,Kycia A Knight,CA Henry,M Daniels,0,1,1,,,,,,,,
1150544,2018/19,2018-11-14,"Daren Sammy National Cricket Stadium, Gros Islet",1,17.5,West Indies,South Africa,Kycia A Knight,CA Henry,M Daniels,0,1,1,,,,,,,,
1150544,2018/19,2018-11-14,"Daren Sammy National Cricket Stadium, Gros Islet",1,17.6,West Indies,South Africa,Kycia A Knight,CA Henry,M Daniels,4,0,,,,,,,,,
1150544,2018/19,2018-11-14,"Daren Sammy National Cricket Stadium, Gros Islet",1,17.7,West Indies,South Africa,Kycia A Knight,CA Henry,M Daniels,6,0,,,,,,,,,
1150544,2018/19,2018-11-14,"Daren Sammy National Cricket Stadium, Gros Islet",1,17.8,West Indies,South Africa,Kycia A Knight,CA Henry,M Daniels,1,0,,,,,,,,,
1150544,2018/19,2018-11-14,"Daren Sammy National Cricket Stadium, Gros Islet",1,18.1,West Indies,South Africa,Kycia A Knight,CA Henry,D van Niekerk,0,1,1,,,,,,,,
1150544,2018/19,2018-11-14,"Daren Sammy National Cricket Stadium, Gros Islet",1,18.2,West Indies,South Africa,Kycia A Knight,CA Henry,D van Niekerk,0,0,,,,,,caught,Kycia A Knight,,
1150544,2018/19,2018-11-14,"Daren Sammy National Cricket Stadium, Gros Islet",1,18.3,West Indies,South Africa,CA Henry,ASS Fletcher,D van Niekerk,0,2,,,,2,,,,,
1150544,2018/19,2018-11-14,"Daren Sammy National Cricket Stadium, Gros Islet",1,18.4,West Indies,South Africa,CA Henry,ASS Fletcher,D van Niekerk,1,0,,,,,,,,,
1150544,2018/19,2018-11-14,"Daren Sammy National Cricket Stadium, Gros Islet",1,18.5,West Indies,South Africa,ASS Fletcher,CA Henry,D van Niekerk,1,0,,,,,,,,,
1150544,2018/19,2018-11-14,"Daren Sammy National Cricket Stadium, Gros Islet",1,18.6,West Indies,South Africa,CA Henry,ASS Fletcher,D van Niekerk,1,0,,,,,,,,,
1150544,2018/19,2018-11-14,"Daren Sammy National Cricket Stadium, Gros Islet",1,18.7,West Indies,South Africa,ASS Fletcher,CA Henry,D van Niekerk,0,0,,,,,,,,,
1150544,2018/19,2018-11-14,"Daren Sammy National Cricket Stadium, Gros Islet",1,19.1,West Indies,South Africa,CA Henry,ASS Fletcher,S Ismail,1,0,,,,,,,,,
1150544,2018/19,2018-11-14,"Daren Sammy National Cricket Stadium, Gros Islet",1,19.2,West Indies,South Africa,ASS Fletcher,CA Henry,S Ismail,1,0,,,,,,,,,
1150544,2018/19,2018-11-14,"Daren Sammy National Cricket Stadium, Gros Islet",1,19.3,West Indies,South Africa,CA Henry,ASS Fletcher,S Ismail,1,0,,,,,,,,,
1150544,2018/19,2018-11-14,"Daren Sammy National Cricket Stadium, Gros Islet",1,19.4,West Indies,South Africa,ASS Fletcher,CA Henry,S Ismail,1,0,,,,,,,,,
1150544,2018/19,2018-11-14,"Daren Sammy National Cricket Stadium, Gros Islet",1,19.5,West Indies,South Africa,CA Henry,ASS Fletcher,S Ismail,0,0,,,,,,,,,
1150544,2018/19,2018-11-14,"Daren Sammy National Cricket Stadium, Gros Islet",1,19.6,West Indies,South Africa,CA Henry,ASS Fletcher,S Ismail,0,1,,,1,,,,,,
1150544,2018/19,2018-11-14,"Daren Sammy National Cricket Stadium, Gros Islet",2,0.1,South Africa,West Indies,L Lee,L Wolvaardt,SC Selman,1,0,,,,,,,,,
1150544,2018/19,2018-11-14,"Daren Sammy National Cricket Stadium, Gros Islet",2,0.2,South Africa,West Indies,L Wolvaardt,L Lee,SC Selman,0,0,,,,,,,,,
1150544,2018/19,2018-11-14,"Daren Sammy National Cricket Stadium, Gros Islet",2,0.3,South Africa,West Indies,L Wolvaardt,L Lee,SC Selman,1,0,,,,,,,,,
1150544,2018/19,2018-11-14,"Daren Sammy National Cricket Stadium, Gros Islet",2,0.4,South Africa,West Indies,L Lee,L Wolvaardt,SC Selman,0,0,,,,,,,,,
1150544,2018/19,2018-11-14,"Daren Sammy National Cricket Stadium, Gros Islet",2,0.5,South Africa,West Indies,L Lee,L Wolvaardt,SC Selman,4,0,,,,,,,,,
1150544,2018/19,2018-11-14,"Daren Sammy National Cricket Stadium, Gros Islet",2,0.6,South Africa,West Indies,L Lee,L Wolvaardt,SC Selman,1,0,,,,,,,,,
1150544,2018/19,2018-11-14,"Daren Sammy National Cricket Stadium, Gros Islet",2,1.1,South Africa,West Indies,L Lee,L Wolvaardt,SS Connell,0,0,,,,,,,,,
1150544,2018/19,2018-11-14,"Daren Sammy National Cricket Stadium, Gros Islet",2,1.2,South Africa,West Indies,L Lee,L Wolvaardt,SS Connell,1,0,,,,,,,,,
1150544,2018/19,2018-11-14,"Daren Sammy National Cricket Stadium, Gros Islet",2,1.3,South Africa,West Indies,L Wolvaardt,L Lee,SS Connell,0,0,,,,,,,,,
1150544,2018/19,2018-11-14,"Daren Sammy National Cricket Stadium, Gros Islet",2,1.4,South Africa,West Indies,L Wolvaardt,L Lee,SS Connell,0,0,,,,,,,,,
1150544,2018/19,2018-11-14,"Daren Sammy National Cricket Stadium, Gros Islet",2,1.5,South Africa,West Indies,L Wolvaardt,L Lee,SS Connell,0,0,,,,,,,,,
1150544,2018/19,2018-11-14,"Daren Sammy National Cricket Stadium, Gros Islet",2,1.6,South Africa,West Indies,L Wolvaardt,L Lee,SS Connell,4,0,,,,,,,,,
1150544,2018/19,2018-11-14,"Daren Sammy National Cricket Stadium, Gros Islet",2,2.1,South Africa,West Indies,L Lee,L Wolvaardt,SC Selman,0,0,,,,,,,,,
1150544,2018/19,2018-11-14,"Daren Sammy National Cricket Stadium, Gros Islet",2,2.2,South Africa,West Indies,L Lee,L Wolvaardt,SC Selman,1,0,,,,,,,,,
1150544,2018/19,2018-11-14,"Daren Sammy National Cricket Stadium, Gros Islet",2,2.3,South Africa,West Indies,L Wolvaardt,L Lee,SC Selman,0,0,,,,,,,,,
1150544,2018/19,2018-11-14,"Daren Sammy National Cricket Stadium, Gros Islet",2,2.4,South Africa,West Indies,L Wolvaardt,L Lee,SC Selman,0,0,,,,,,,,,
1150544,2018/19,2018-11-14,"Daren Sammy National Cricket Stadium, Gros Islet",2,2.5,South Africa,West Indies,L Wolvaardt,L Lee,SC Selman,0,0,,,,,,,,,
1150544,2018/19,2018-11-14,"Daren Sammy National Cricket Stadium, Gros Islet",2,2.6,South Africa,West Indies,L Wolvaardt,L Lee,SC Selman,2,0,,,,,,,,,
1150544,2018/19,2018-11-14,"Daren Sammy National Cricket Stadium, Gros Islet",2,3.1,South Africa,West Indies,L Lee,L Wolvaardt,SS Connell,0,0,,,,,,,,,
1150544,2018/19,2018-11-14,"Daren Sammy National Cricket Stadium, Gros Islet",2,3.2,South Africa,West Indies,L Lee,L Wolvaardt,SS Connell,0,0,,,,,,,,,
1150544,2018/19,2018-11-14,"Daren Sammy National Cricket Stadium, Gros Islet",2,3.3,South Africa,West Indies,L Lee,L Wolvaardt,SS Connell,1,0,,,,,,,,,
1150544,2018/19,2018-11-14,"Daren Sammy National Cricket Stadium, Gros Islet",2,3.4,South Africa,West Indies,L Wolvaardt,L Lee,SS Connell,0,0,,,,,,,,,
1150544,2018/19,2018-11-14,"Daren Sammy National Cricket Stadium, Gros Islet",2,3.5,South Africa,West Indies,L Wolvaardt,L Lee,SS Connell,1,0,,,,,,,,,
1150544,2018/19,2018-11-14,"Daren Sammy National Cricket Stadium, Gros Islet",2,3.6,South Africa,West Indies,L Lee,L Wolvaardt,SS Connell,0,0,,,,,,,,,
1150544,2018/19,2018-11-14,"Daren Sammy National Cricket Stadium, Gros Islet",2,4.1,South Africa,West Indies,L Wolvaardt,L Lee,SC Selman,0,0,,,,,,caught,L Wolvaardt,,
1150544,2018/19,2018-11-14,"Daren Sammy National Cricket Stadium, Gros Islet",2,4.2,South Africa,West Indies,M Kapp,L Lee,SC Selman,0,0,,,,,,,,,
1150544,2018/19,2018-11-14,"Daren Sammy National Cricket Stadium, Gros Islet",2,4.3,South Africa,West Indies,M Kapp,L Lee,SC Selman,0,0,,,,,,,,,
1150544,2018/19,2018-11-14,"Daren Sammy National Cricket Stadium, Gros Islet",2,4.4,South Africa,West Indies,M Kapp,L Lee,SC Selman,1,0,,,,,,,,,
1150544,2018/19,2018-11-14,"Daren Sammy National Cricket Stadium, Gros Islet",2,4.5,South Africa,West Indies,L Lee,M Kapp,SC Selman,0,0,,,,,,,,,
1150544,2018/19,2018-11-14,"Daren Sammy National Cricket Stadium, Gros Islet",2,4.6,South Africa,West Indies,L Lee,M Kapp,SC Selman,1,0,,,,,,,,,
1150544,2018/19,2018-11-14,"Daren Sammy National Cricket Stadium, Gros Islet",2,5.1,South Africa,West Indies,L Lee,M Kapp,SS Connell,0,0,,,,,,,,,
1150544,2018/19,2018-11-14,"Daren Sammy National Cricket Stadium, Gros Islet",2,5.2,South Africa,West Indies,L Lee,M Kapp,SS Connell,0,0,,,,,,,,,
1150544,2018/19,2018-11-14,"Daren Sammy National Cricket Stadium, Gros Islet",2,5.3,South Africa,West Indies,L Lee,M Kapp,SS Connell,1,0,,,,,,,,,
1150544,2018/19,2018-11-14,"Daren Sammy National Cricket Stadium, Gros Islet",2,5.4,South Africa,West Indies,M Kapp,L Lee,SS Connell,0,0,,,,,,,,,
1150544,2018/19,2018-11-14,"Daren Sammy National Cricket Stadium, Gros Islet",2,5.5,South Africa,West Indies,M Kapp,L Lee,SS Connell,0,0,,,,,,,,,
1150544,2018/19,2018-11-14,"Daren Sammy National Cricket Stadium, Gros Islet",2,5.6,South Africa,West Indies,M Kapp,L Lee,SS Connell,0,0,,,,,,,,,
1150544,2018/19,2018-11-14,"Daren Sammy National Cricket Stadium, Gros Islet",2,6.1,South Africa,West Indies,L Lee,M Kapp,SC Selman,0,0,,,,,,,,,
1150544,2018/19,2018-11-14,"Daren Sammy National Cricket Stadium, Gros Islet",2,6.2,South Africa,West Indies,L Lee,M Kapp,SC Selman,0,0,,,,,,,,,
1150544,2018/19,2018-11-14,"Daren Sammy National Cricket Stadium, Gros Islet",2,6.3,South Africa,West Indies,L Lee,M Kapp,SC Selman,1,0,,,,,,,,,
1150544,2018/19,2018-11-14,"Daren Sammy National Cricket Stadium, Gros Islet",2,6.4,South Africa,West Indies,M Kapp,L Lee,SC Selman,4,0,,,,,,,,,
1150544,2018/19,2018-11-14,"Daren Sammy National Cricket Stadium, Gros Islet",2,6.5,South Africa,West Indies,M Kapp,L Lee,SC Selman,0,0,,,,,,,,,
1150544,2018/19,2018-11-14,"Daren Sammy National Cricket Stadium, Gros Islet",2,6.6,South Africa,West Indies,M Kapp,L Lee,SC Selman,2,0,,,,,,,,,
1150544,2018/19,2018-11-14,"Daren Sammy National Cricket Stadium, Gros Islet",2,7.1,South Africa,West Indies,L Lee,M Kapp,CA Henry,0,0,,,,,,,,,
1150544,2018/19,2018-11-14,"Daren Sammy National Cricket Stadium, Gros Islet",2,7.2,South Africa,West Indies,L Lee,M Kapp,CA Henry,0,0,,,,,,,,,
1150544,2018/19,2018-11-14,"Daren Sammy National Cricket Stadium, Gros Islet",2,7.3,South Africa,West Indies,L Lee,M Kapp,CA Henry,1,0,,,,,,,,,
1150544,2018/19,2018-11-14,"Daren Sammy National Cricket Stadium, Gros Islet",2,7.4,South Africa,West Indies,M Kapp,L Lee,CA Henry,1,0,,,,,,,,,
1150544,2018/19,2018-11-14,"Daren Sammy National Cricket Stadium, Gros Islet",2,7.5,South Africa,West Indies,L Lee,M Kapp,CA Henry,0,0,,,,,,,,,
1150544,2018/19,2018-11-14,"Daren Sammy National Cricket Stadium, Gros Islet",2,7.6,South Africa,West Indies,L Lee,M Kapp,CA Henry,0,0,,,,,,,,,
1150544,2018/19,2018-11-14,"Daren Sammy National Cricket Stadium, Gros Islet",2,8.1,South Africa,West Indies,M Kapp,L Lee,DJS Dottin,0,0,,,,,,,,,
1150544,2018/19,2018-11-14,"Daren Sammy National Cricket Stadium, Gros Islet",2,8.2,South Africa,West Indies,M Kapp,L Lee,DJS Dottin,1,0,,,,,,,,,
1150544,2018/19,2018-11-14,"Daren Sammy National Cricket Stadium, Gros Islet",2,8.3,South Africa,West Indies,L Lee,M Kapp,DJS Dottin,0,0,,,,,,,,,
1150544,2018/19,2018-11-14,"Daren Sammy National Cricket Stadium, Gros Islet",2,8.4,South Africa,West Indies,L Lee,M Kapp,DJS Dottin,6,0,,,,,,,,,
1150544,2018/19,2018-11-14,"Daren Sammy National Cricket Stadium, Gros Islet",2,8.5,South Africa,West Indies,L Lee,M Kapp,DJS Dottin,0,0,,,,,,,,,
1150544,2018/19,2018-11-14,"Daren Sammy National Cricket Stadium, Gros Islet",2,8.6,South Africa,West Indies,L Lee,M Kapp,DJS Dottin,1,0,,,,,,,,,
1150544,2018/19,2018-11-14,"Daren Sammy National Cricket Stadium, Gros Islet",2,9.1,South Africa,West Indies,L Lee,M Kapp,CA Henry,1,0,,,,,,,,,
1150544,2018/19,2018-11-14,"Daren Sammy National Cricket Stadium, Gros Islet",2,9.2,South Africa,West Indies,M Kapp,L Lee,CA Henry,0,0,,,,,,,,,
1150544,2018/19,2018-11-14,"Daren Sammy National Cricket Stadium, Gros Islet",2,9.3,South Africa,West Indies,M Kapp,L Lee,CA Henry,0,0,,,,,,,,,
1150544,2018/19,2018-11-14,"Daren Sammy National Cricket Stadium, Gros Islet",2,9.4,South Africa,West Indies,M Kapp,L Lee,CA Henry,1,0,,,,,,,,,
1150544,2018/19,2018-11-14,"Daren Sammy National Cricket Stadium, Gros Islet",2,9.5,South Africa,West Indies,L Lee,M Kapp,CA Henry,2,0,,,,,,,,,
1150544,2018/19,2018-11-14,"Daren Sammy National Cricket Stadium, Gros Islet",2,9.6,South Africa,West Indies,L Lee,M Kapp,CA Henry,0,0,,,,,,,,,
1150544,2018/19,2018-11-14,"Daren Sammy National Cricket Stadium, Gros Islet",2,10.1,South Africa,West Indies,M Kapp,L Lee,DJS Dottin,4,0,,,,,,,,,
1150544,2018/19,2018-11-14,"Daren Sammy National Cricket Stadium, Gros Islet",2,10.2,South Africa,West Indies,M Kapp,L Lee,DJS Dottin,0,0,,,,,,,,,
1150544,2018/19,2018-11-14,"Daren Sammy National Cricket Stadium, Gros Islet",2,10.3,South Africa,West Indies,M Kapp,L Lee,DJS Dottin,1,0,,,,,,,,,
1150544,2018/19,2018-11-14,"Daren Sammy National Cricket Stadium, Gros Islet",2,10.4,South Africa,West Indies,L Lee,M Kapp,DJS Dottin,1,0,,,,,,,,,
1150544,2018/19,2018-11-14,"Daren Sammy National Cricket Stadium, Gros Islet",2,10.5,South Africa,West Indies,M Kapp,L Lee,DJS Dottin,1,0,,,,,,,,,
1150544,2018/19,2018-11-14,"Daren Sammy National Cricket Stadium, Gros Islet",2,10.6,South Africa,West Indies,L Lee,M Kapp,DJS Dottin,0,0,,,,,,caught,L Lee,,
1150544,2018/19,2018-11-14,"Daren Sammy National Cricket Stadium, Gros Islet",2,11.1,South Africa,West Indies,M Kapp,D van Niekerk,CA Henry,1,0,,,,,,,,,
1150544,2018/19,2018-11-14,"Daren Sammy National Cricket Stadium, Gros Islet",2,11.2,South Africa,West Indies,D van Niekerk,M Kapp,CA Henry,0,0,,,,,,,,,
1150544,2018/19,2018-11-14,"Daren Sammy National Cricket Stadium, Gros Islet",2,11.3,South Africa,West Indies,D van Niekerk,M Kapp,CA Henry,1,0,,,,,,,,,
1150544,2018/19,2018-11-14,"Daren Sammy National Cricket Stadium, Gros Islet",2,11.4,South Africa,West Indies,M Kapp,D van Niekerk,CA Henry,0,0,,,,,,run out,D van Niekerk,,
1150544,2018/19,2018-11-14,"Daren Sammy National Cricket Stadium, Gros Islet",2,11.5,South Africa,West Indies,S Luus,M Kapp,CA Henry,0,0,,,,,,,,,
1150544,2018/19,2018-11-14,"Daren Sammy National Cricket Stadium, Gros Islet",2,11.6,South Africa,West Indies,S Luus,M Kapp,CA Henry,1,0,,,,,,,,,
1150544,2018/19,2018-11-14,"Daren Sammy National Cricket Stadium, Gros Islet",2,12.1,South Africa,West Indies,S Luus,M Kapp,SR Taylor,0,0,,,,,,,,,
1150544,2018/19,2018-11-14,"Daren Sammy National Cricket Stadium, Gros Islet",2,12.2,South Africa,West Indies,S Luus,M Kapp,SR Taylor,1,0,,,,,,,,,
1150544,2018/19,2018-11-14,"Daren Sammy National Cricket Stadium, Gros Islet",2,12.3,South Africa,West Indies,M Kapp,S Luus,SR Taylor,1,0,,,,,,,,,
1150544,2018/19,2018-11-14,"Daren Sammy National Cricket Stadium, Gros Islet",2,12.4,South Africa,West Indies,S Luus,M Kapp,SR Taylor,0,0,,,,,,caught,S Luus,,
1150544,2018/19,2018-11-14,"Daren Sammy National Cricket Stadium, Gros Islet",2,12.5,South Africa,West Indies,M du Preez,M Kapp,SR Taylor,1,0,,,,,,,,,
1150544,2018/19,2018-11-14,"Daren Sammy National Cricket Stadium, Gros Islet",2,12.6,South Africa,West Indies,M Kapp,M du Preez,SR Taylor,0,0,,,,,,,,,
1150544,2018/19,2018-11-14,"Daren Sammy National Cricket Stadium, Gros Islet",2,13.1,South Africa,West Indies,M du Preez,M Kapp,ASS Fletcher,1,0,,,,,,,,,
1150544,2018/19,2018-11-14,"Daren Sammy National Cricket Stadium, Gros Islet",2,13.2,South Africa,West Indies,M Kapp,M du Preez,ASS Fletcher,1,0,,,,,,,,,
1150544,2018/19,2018-11-14,"Daren Sammy National Cricket Stadium, Gros Islet",2,13.3,South Africa,West Indies,M du Preez,M Kapp,ASS Fletcher,1,0,,,,,,,,,
1150544,2018/19,2018-11-14,"Daren Sammy National Cricket Stadium, Gros Islet",2,13.4,South Africa,West Indies,M Kapp,M du Preez,ASS Fletcher,0,0,,,,,,,,,
1150544,2018/19,2018-11-14,"Daren Sammy National Cricket Stadium, Gros Islet",2,13.5,South Africa,West Indies,M Kapp,M du Preez,ASS Fletcher,1,0,,,,,,,,,
1150544,2018/19,2018-11-14,"Daren Sammy National Cricket Stadium, Gros Islet",2,13.6,South Africa,West Indies,M du Preez,M Kapp,ASS Fletcher,1,0,,,,,,,,,
1150544,2018/19,2018-11-14,"Daren Sammy National Cricket Stadium, Gros Islet",2,14.1,South Africa,West Indies,M du Preez,M Kapp,SR Taylor,1,0,,,,,,,,,
1150544,2018/19,2018-11-14,"Daren Sammy National Cricket Stadium, Gros Islet",2,14.2,South Africa,West Indies,M Kapp,M du Preez,SR Taylor,1,0,,,,,,,,,
1150544,2018/19,2018-11-14,"Daren Sammy National Cricket Stadium, Gros Islet",2,14.3,South Africa,West Indies,M du Preez,M Kapp,SR Taylor,2,0,,,,,,,,,
1150544,2018/19,2018-11-14,"Daren Sammy National Cricket Stadium, Gros Islet",2,14.4,South Africa,West Indies,M du Preez,M Kapp,SR Taylor,0,1,1,,,,,,,,
1150544,2018/19,2018-11-14,"Daren Sammy National Cricket Stadium, Gros Islet",2,14.5,South Africa,West Indies,M du Preez,M Kapp,SR Taylor,0,0,,,,,,caught,M du Preez,,
1150544,2018/19,2018-11-14,"Daren Sammy National Cricket Stadium, Gros Islet",2,14.6,South Africa,West Indies,M Kapp,CL Tryon,SR Taylor,0,0,,,,,,,,,
1150544,2018/19,2018-11-14,"Daren Sammy National Cricket Stadium, Gros Islet",2,14.7,South Africa,West Indies,M Kapp,CL Tryon,SR Taylor,1,0,,,,,,,,,
1150544,2018/19,2018-11-14,"Daren Sammy National Cricket Stadium, Gros Islet",2,15.1,South Africa,West Indies,M Kapp,CL Tryon,ASS Fletcher,1,0,,,,,,,,,
1150544,2018/19,2018-11-14,"Daren Sammy National Cricket Stadium, Gros Islet",2,15.2,South Africa,West Indies,CL Tryon,M Kapp,ASS Fletcher,0,0,,,,,,,,,
1150544,2018/19,2018-11-14,"Daren Sammy National Cricket Stadium, Gros Islet",2,15.3,South Africa,West Indies,CL Tryon,M Kapp,ASS Fletcher,4,0,,,,,,,,,
1150544,2018/19,2018-11-14,"Daren Sammy National Cricket Stadium, Gros Islet",2,15.4,South Africa,West Indies,CL Tryon,M Kapp,ASS Fletcher,1,0,,,,,,,,,
1150544,2018/19,2018-11-14,"Daren Sammy National Cricket Stadium, Gros Islet",2,15.5,South Africa,West Indies,M Kapp,CL Tryon,ASS Fletcher,1,0,,,,,,,,,
1150544,2018/19,2018-11-14,"Daren Sammy National Cricket Stadium, Gros Islet",2,15.6,South Africa,West Indies,CL Tryon,M Kapp,ASS Fletcher,0,0,,,,,,,,,
1150544,2018/19,2018-11-14,"Daren Sammy National Cricket Stadium, Gros Islet",2,16.1,South Africa,West Indies,M Kapp,CL Tryon,SR Taylor,1,0,,,,,,,,,
1150544,2018/19,2018-11-14,"Daren Sammy National Cricket Stadium, Gros Islet",2,16.2,South Africa,West Indies,CL Tryon,M Kapp,SR Taylor,1,0,,,,,,,,,
1150544,2018/19,2018-11-14,"Daren Sammy National Cricket Stadium, Gros Islet",2,16.3,South Africa,West Indies,M Kapp,CL Tryon,SR Taylor,1,0,,,,,,,,,
1150544,2018/19,2018-11-14,"Daren Sammy National Cricket Stadium, Gros Islet",2,16.4,South Africa,West Indies,CL Tryon,M Kapp,SR Taylor,0,0,,,,,,,,,
1150544,2018/19,2018-11-14,"Daren Sammy National Cricket Stadium, Gros Islet",2,16.5,South Africa,West Indies,CL Tryon,M Kapp,SR Taylor,0,0,,,,,,bowled,CL Tryon,,
1150544,2018/19,2018-11-14,"Daren Sammy National Cricket Stadium, Gros Islet",2,16.6,South Africa,West Indies,S Ismail,M Kapp,SR Taylor,0,0,,,,,,,,,
1150544,2018/19,2018-11-14,"Daren Sammy National Cricket Stadium, Gros Islet",2,17.1,South Africa,West Indies,M Kapp,S Ismail,SS Connell,0,0,,,,,,caught,M Kapp,,
1150544,2018/19,2018-11-14,"Daren Sammy National Cricket Stadium, Gros Islet",2,17.2,South Africa,West Indies,S Ismail,M Klaas,SS Connell,0,0,,,,,,,,,
1150544,2018/19,2018-11-14,"Daren Sammy National Cricket Stadium, Gros Islet",2,17.3,South Africa,West Indies,S Ismail,M Klaas,SS Connell,0,0,,,,,,,,,
1150544,2018/19,2018-11-14,"Daren Sammy National Cricket Stadium, Gros Islet",2,17.4,South Africa,West Indies,S Ismail,M Klaas,SS Connell,0,0,,,,,,,,,
1150544,2018/19,2018-11-14,"Daren Sammy National Cricket Stadium, Gros Islet",2,17.5,South Africa,West Indies,S Ismail,M Klaas,SS Connell,0,0,,,,,,,,,
1150544,2018/19,2018-11-14,"Daren Sammy National Cricket Stadium, Gros Islet",2,17.6,South Africa,West Indies,S Ismail,M Klaas,SS Connell,1,0,,,,,,,,,
1150544,2018/19,2018-11-14,"Daren Sammy National Cricket Stadium, Gros Islet",2,18.1,South Africa,West Indies,S Ismail,M Klaas,SR Taylor,0,0,,,,,,caught,S Ismail,,
1150544,2018/19,2018-11-14,"Daren Sammy National Cricket Stadium, Gros Islet",2,18.2,South Africa,West Indies,M Daniels,M Klaas,SR Taylor,0,0,,,,,,,,,
1150544,2018/19,2018-11-14,"Daren Sammy National Cricket Stadium, Gros Islet",2,18.3,South Africa,West Indies,M Daniels,M Klaas,SR Taylor,0,0,,,,,,run out,M Klaas,,
1150544,2018/19,2018-11-14,"Daren Sammy National Cricket Stadium, Gros Islet",2,18.4,South Africa,West Indies,TS Sekhukhune,M Daniels,SR Taylor,0,0,,,,,,run out,TS Sekhukhune,,
