match_id,season,start_date,venue,innings,ball,batting_team,bowling_team,striker,non_striker,bowler,runs_off_bat,extras,wides,noballs,byes,legbyes,penalty,wicket_type,player_dismissed,other_wicket_type,other_player_dismissed
1150550,2018/19,2018-11-17,Providence Stadium,1,0.1,Ireland,New Zealand,CMA Shillington,CNIM Joyce,LMM Tahuhu,0,0,,,,,,,,,
1150550,2018/19,2018-11-17,Providence Stadium,1,0.2,Ireland,New Zealand,CMA Shillington,CNIM Joyce,LMM Tahuhu,0,0,,,,,,,,,
1150550,2018/19,2018-11-17,Providence Stadium,1,0.3,Ireland,New Zealand,CMA Shillington,CNIM Joyce,LMM Tahuhu,0,0,,,,,,,,,
1150550,2018/19,2018-11-17,Providence Stadium,1,0.4,Ireland,New Zealand,CMA Shillington,CNIM Joyce,LMM Tahuhu,0,0,,,,,,,,,
1150550,2018/19,2018-11-17,Providence Stadium,1,0.5,Ireland,New Zealand,CMA Shillington,CNIM Joyce,LMM Tahuhu,1,0,,,,,,,,,
1150550,2018/19,2018-11-17,Providence Stadium,1,0.6,Ireland,New Zealand,CNIM Joyce,CMA Shillington,LMM Tahuhu,0,0,,,,,,,,,
1150550,2018/19,2018-11-17,Providence Stadium,1,1.1,Ireland,New Zealand,CMA Shillington,CNIM Joyce,LM Kasperek,1,0,,,,,,,,,
1150550,2018/19,2018-11-17,Providence Stadium,1,1.2,Ireland,New Zealand,CNIM Joyce,CMA Shillington,LM Kasperek,0,0,,,,,,,,,
1150550,2018/19,2018-11-17,Providence Stadium,1,1.3,Ireland,New Zealand,CNIM Joyce,CMA Shillington,LM Kasperek,1,0,,,,,,,,,
1150550,2018/19,2018-11-17,Providence Stadium,1,1.4,Ireland,New Zealand,CMA Shillington,CNIM Joyce,LM Kasperek,0,0,,,,,,,,,
1150550,2018/19,2018-11-17,Providence Stadium,1,1.5,Ireland,New Zealand,CMA Shillington,CNIM Joyce,LM Kasperek,0,0,,,,,,,,,
1150550,2018/19,2018-11-17,Providence Stadium,1,1.6,Ireland,New Zealand,CMA Shillington,CNIM Joyce,LM Kasperek,4,0,,,,,,,,,
1150550,2018/19,2018-11-17,Providence Stadium,1,2.1,Ireland,New Zealand,CNIM Joyce,CMA Shillington,LMM Tahuhu,0,1,,,,1,,,,,
1150550,2018/19,2018-11-17,Providence Stadium,1,2.2,Ireland,New Zealand,CMA Shillington,CNIM Joyce,LMM Tahuhu,3,0,,,,,,,,,
1150550,2018/19,2018-11-17,Providence Stadium,1,2.3,Ireland,New Zealand,CNIM Joyce,CMA Shillington,LMM Tahuhu,0,0,,,,,,,,,
1150550,2018/19,2018-11-17,Providence Stadium,1,2.4,Ireland,New Zealand,CNIM Joyce,CMA Shillington,LMM Tahuhu,0,0,,,,,,,,,
1150550,2018/19,2018-11-17,Providence Stadium,1,2.5,Ireland,New Zealand,CNIM Joyce,CMA Shillington,LMM Tahuhu,0,0,,,,,,,,,
1150550,2018/19,2018-11-17,Providence Stadium,1,2.6,Ireland,New Zealand,CNIM Joyce,CMA Shillington,LMM Tahuhu,0,0,,,,,,caught,CNIM Joyce,,
1150550,2018/19,2018-11-17,Providence Stadium,1,3.1,Ireland,New Zealand,CMA Shillington,GH Lewis,AC Kerr,0,0,,,,,,,,,
1150550,2018/19,2018-11-17,Providence Stadium,1,3.2,Ireland,New Zealand,CMA Shillington,GH Lewis,AC Kerr,0,0,,,,,,,,,
1150550,2018/19,2018-11-17,Providence Stadium,1,3.3,Ireland,New Zealand,CMA Shillington,GH Lewis,AC Kerr,0,0,,,,,,,,,
1150550,2018/19,2018-11-17,Providence Stadium,1,3.4,Ireland,New Zealand,CMA Shillington,GH Lewis,AC Kerr,1,0,,,,,,,,,
1150550,2018/19,2018-11-17,Providence Stadium,1,3.5,Ireland,New Zealand,GH Lewis,CMA Shillington,AC Kerr,0,0,,,,,,,,,
1150550,2018/19,2018-11-17,Providence Stadium,1,3.6,Ireland,New Zealand,GH Lewis,CMA Shillington,AC Kerr,0,0,,,,,,,,,
1150550,2018/19,2018-11-17,Providence Stadium,1,4.1,Ireland,New Zealand,CMA Shillington,GH Lewis,LMM Tahuhu,0,0,,,,,,,,,
1150550,2018/19,2018-11-17,Providence Stadium,1,4.2,Ireland,New Zealand,CMA Shillington,GH Lewis,LMM Tahuhu,0,0,,,,,,,,,
1150550,2018/19,2018-11-17,Providence Stadium,1,4.3,Ireland,New Zealand,CMA Shillington,GH Lewis,LMM Tahuhu,0,1,,,1,,,,,,
1150550,2018/19,2018-11-17,Providence Stadium,1,4.4,Ireland,New Zealand,GH Lewis,CMA Shillington,LMM Tahuhu,0,1,1,,,,,,,,
1150550,2018/19,2018-11-17,Providence Stadium,1,4.5,Ireland,New Zealand,GH Lewis,CMA Shillington,LMM Tahuhu,0,0,,,,,,,,,
1150550,2018/19,2018-11-17,Providence Stadium,1,4.6,Ireland,New Zealand,GH Lewis,CMA Shillington,LMM Tahuhu,4,0,,,,,,,,,
1150550,2018/19,2018-11-17,Providence Stadium,1,4.7,Ireland,New Zealand,GH Lewis,CMA Shillington,LMM Tahuhu,0,0,,,,,,,,,
1150550,2018/19,2018-11-17,Providence Stadium,1,5.1,Ireland,New Zealand,CMA Shillington,GH Lewis,AC Kerr,0,0,,,,,,,,,
1150550,2018/19,2018-11-17,Providence Stadium,1,5.2,Ireland,New Zealand,CMA Shillington,GH Lewis,AC Kerr,1,0,,,,,,,,,
1150550,2018/19,2018-11-17,Providence Stadium,1,5.3,Ireland,New Zealand,GH Lewis,CMA Shillington,AC Kerr,4,0,,,,,,,,,
1150550,2018/19,2018-11-17,Providence Stadium,1,5.4,Ireland,New Zealand,GH Lewis,CMA Shillington,AC Kerr,0,0,,,,,,,,,
1150550,2018/19,2018-11-17,Providence Stadium,1,5.5,Ireland,New Zealand,GH Lewis,CMA Shillington,AC Kerr,0,0,,,,,,,,,
1150550,2018/19,2018-11-17,Providence Stadium,1,5.6,Ireland,New Zealand,GH Lewis,CMA Shillington,AC Kerr,0,1,1,,,,,,,,
1150550,2018/19,2018-11-17,Providence Stadium,1,5.7,Ireland,New Zealand,GH Lewis,CMA Shillington,AC Kerr,4,0,,,,,,,,,
1150550,2018/19,2018-11-17,Providence Stadium,1,6.1,Ireland,New Zealand,CMA Shillington,GH Lewis,LM Kasperek,0,0,,,,,,,,,
1150550,2018/19,2018-11-17,Providence Stadium,1,6.2,Ireland,New Zealand,CMA Shillington,GH Lewis,LM Kasperek,1,0,,,,,,,,,
1150550,2018/19,2018-11-17,Providence Stadium,1,6.3,Ireland,New Zealand,GH Lewis,CMA Shillington,LM Kasperek,1,0,,,,,,,,,
1150550,2018/19,2018-11-17,Providence Stadium,1,6.4,Ireland,New Zealand,CMA Shillington,GH Lewis,LM Kasperek,0,0,,,,,,bowled,CMA Shillington,,
1150550,2018/19,2018-11-17,Providence Stadium,1,6.5,Ireland,New Zealand,IMHC Joyce,GH Lewis,LM Kasperek,0,0,,,,,,,,,
1150550,2018/19,2018-11-17,Providence Stadium,1,6.6,Ireland,New Zealand,IMHC Joyce,GH Lewis,LM Kasperek,0,0,,,,,,lbw,IMHC Joyce,,
1150550,2018/19,2018-11-17,Providence Stadium,1,7.1,Ireland,New Zealand,GH Lewis,L Delany,JM Watkin,0,0,,,,,,,,,
1150550,2018/19,2018-11-17,Providence Stadium,1,7.2,Ireland,New Zealand,GH Lewis,L Delany,JM Watkin,1,0,,,,,,,,,
1150550,2018/19,2018-11-17,Providence Stadium,1,7.3,Ireland,New Zealand,L Delany,GH Lewis,JM Watkin,1,0,,,,,,,,,
1150550,2018/19,2018-11-17,Providence Stadium,1,7.4,Ireland,New Zealand,GH Lewis,L Delany,JM Watkin,1,0,,,,,,,,,
1150550,2018/19,2018-11-17,Providence Stadium,1,7.5,Ireland,New Zealand,L Delany,GH Lewis,JM Watkin,0,0,,,,,,,,,
1150550,2018/19,2018-11-17,Providence Stadium,1,7.6,Ireland,New Zealand,L Delany,GH Lewis,JM Watkin,0,0,,,,,,,,,
1150550,2018/19,2018-11-17,Providence Stadium,1,8.1,Ireland,New Zealand,GH Lewis,L Delany,SFM Devine,0,0,,,,,,,,,
1150550,2018/19,2018-11-17,Providence Stadium,1,8.2,Ireland,New Zealand,GH Lewis,L Delany,SFM Devine,1,0,,,,,,,,,
1150550,2018/19,2018-11-17,Providence Stadium,1,8.3,Ireland,New Zealand,L Delany,GH Lewis,SFM Devine,0,0,,,,,,,,,
1150550,2018/19,2018-11-17,Providence Stadium,1,8.4,Ireland,New Zealand,L Delany,GH Lewis,SFM Devine,0,0,,,,,,,,,
1150550,2018/19,2018-11-17,Providence Stadium,1,8.5,Ireland,New Zealand,L Delany,GH Lewis,SFM Devine,1,0,,,,,,,,,
1150550,2018/19,2018-11-17,Providence Stadium,1,8.6,Ireland,New Zealand,GH Lewis,L Delany,SFM Devine,1,0,,,,,,,,,
1150550,2018/19,2018-11-17,Providence Stadium,1,9.1,Ireland,New Zealand,GH Lewis,L Delany,JM Watkin,1,0,,,,,,,,,
1150550,2018/19,2018-11-17,Providence Stadium,1,9.2,Ireland,New Zealand,L Delany,GH Lewis,JM Watkin,1,0,,,,,,,,,
1150550,2018/19,2018-11-17,Providence Stadium,1,9.3,Ireland,New Zealand,GH Lewis,L Delany,JM Watkin,0,1,1,,,,,,,,
1150550,2018/19,2018-11-17,Providence Stadium,1,9.4,Ireland,New Zealand,GH Lewis,L Delany,JM Watkin,1,0,,,,,,,,,
1150550,2018/19,2018-11-17,Providence Stadium,1,9.5,Ireland,New Zealand,L Delany,GH Lewis,JM Watkin,1,0,,,,,,,,,
1150550,2018/19,2018-11-17,Providence Stadium,1,9.6,Ireland,New Zealand,GH Lewis,L Delany,JM Watkin,1,0,,,,,,,,,
1150550,2018/19,2018-11-17,Providence Stadium,1,9.7,Ireland,New Zealand,L Delany,GH Lewis,JM Watkin,1,0,,,,,,,,,
1150550,2018/19,2018-11-17,Providence Stadium,1,10.1,Ireland,New Zealand,L Delany,GH Lewis,SW Bates,1,0,,,,,,,,,
1150550,2018/19,2018-11-17,Providence Stadium,1,10.2,Ireland,New Zealand,GH Lewis,L Delany,SW Bates,1,0,,,,,,,,,
1150550,2018/19,2018-11-17,Providence Stadium,1,10.3,Ireland,New Zealand,L Delany,GH Lewis,SW Bates,1,0,,,,,,,,,
1150550,2018/19,2018-11-17,Providence Stadium,1,10.4,Ireland,New Zealand,GH Lewis,L Delany,SW Bates,0,0,,,,,,,,,
1150550,2018/19,2018-11-17,Providence Stadium,1,10.5,Ireland,New Zealand,GH Lewis,L Delany,SW Bates,1,0,,,,,,,,,
1150550,2018/19,2018-11-17,Providence Stadium,1,10.6,Ireland,New Zealand,L Delany,GH Lewis,SW Bates,2,0,,,,,,,,,
1150550,2018/19,2018-11-17,Providence Stadium,1,11.1,Ireland,New Zealand,GH Lewis,L Delany,SFM Devine,0,0,,,,,,,,,
1150550,2018/19,2018-11-17,Providence Stadium,1,11.2,Ireland,New Zealand,GH Lewis,L Delany,SFM Devine,1,0,,,,,,,,,
1150550,2018/19,2018-11-17,Providence Stadium,1,11.3,Ireland,New Zealand,L Delany,GH Lewis,SFM Devine,0,0,,,,,,,,,
1150550,2018/19,2018-11-17,Providence Stadium,1,11.4,Ireland,New Zealand,L Delany,GH Lewis,SFM Devine,0,0,,,,,,,,,
1150550,2018/19,2018-11-17,Providence Stadium,1,11.5,Ireland,New Zealand,L Delany,GH Lewis,SFM Devine,0,0,,,,,,,,,
1150550,2018/19,2018-11-17,Providence Stadium,1,11.6,Ireland,New Zealand,L Delany,GH Lewis,SFM Devine,0,0,,,,,,,,,
1150550,2018/19,2018-11-17,Providence Stadium,1,12.1,Ireland,New Zealand,GH Lewis,L Delany,LM Kasperek,1,0,,,,,,,,,
1150550,2018/19,2018-11-17,Providence Stadium,1,12.2,Ireland,New Zealand,L Delany,GH Lewis,LM Kasperek,0,0,,,,,,,,,
1150550,2018/19,2018-11-17,Providence Stadium,1,12.3,Ireland,New Zealand,L Delany,GH Lewis,LM Kasperek,0,0,,,,,,,,,
1150550,2018/19,2018-11-17,Providence Stadium,1,12.4,Ireland,New Zealand,L Delany,GH Lewis,LM Kasperek,1,0,,,,,,,,,
1150550,2018/19,2018-11-17,Providence Stadium,1,12.5,Ireland,New Zealand,GH Lewis,L Delany,LM Kasperek,4,0,,,,,,,,,
1150550,2018/19,2018-11-17,Providence Stadium,1,12.6,Ireland,New Zealand,GH Lewis,L Delany,LM Kasperek,1,0,,,,,,,,,
1150550,2018/19,2018-11-17,Providence Stadium,1,13.1,Ireland,New Zealand,GH Lewis,L Delany,AC Kerr,1,0,,,,,,,,,
1150550,2018/19,2018-11-17,Providence Stadium,1,13.2,Ireland,New Zealand,L Delany,GH Lewis,AC Kerr,1,0,,,,,,,,,
1150550,2018/19,2018-11-17,Providence Stadium,1,13.3,Ireland,New Zealand,GH Lewis,L Delany,AC Kerr,1,0,,,,,,,,,
1150550,2018/19,2018-11-17,Providence Stadium,1,13.4,Ireland,New Zealand,L Delany,GH Lewis,AC Kerr,1,0,,,,,,,,,
1150550,2018/19,2018-11-17,Providence Stadium,1,13.5,Ireland,New Zealand,GH Lewis,L Delany,AC Kerr,0,0,,,,,,,,,
1150550,2018/19,2018-11-17,Providence Stadium,1,13.6,Ireland,New Zealand,GH Lewis,L Delany,AC Kerr,1,0,,,,,,,,,
1150550,2018/19,2018-11-17,Providence Stadium,1,14.1,Ireland,New Zealand,GH Lewis,L Delany,LMM Tahuhu,2,0,,,,,,,,,
1150550,2018/19,2018-11-17,Providence Stadium,1,14.2,Ireland,New Zealand,GH Lewis,L Delany,LMM Tahuhu,4,0,,,,,,,,,
1150550,2018/19,2018-11-17,Providence Stadium,1,14.3,Ireland,New Zealand,GH Lewis,L Delany,LMM Tahuhu,0,0,,,,,,,,,
1150550,2018/19,2018-11-17,Providence Stadium,1,14.4,Ireland,New Zealand,GH Lewis,L Delany,LMM Tahuhu,1,0,,,,,,,,,
1150550,2018/19,2018-11-17,Providence Stadium,1,14.5,Ireland,New Zealand,L Delany,GH Lewis,LMM Tahuhu,0,0,,,,,,caught,L Delany,,
1150550,2018/19,2018-11-17,Providence Stadium,1,14.6,Ireland,New Zealand,SM Kavanagh,GH Lewis,LMM Tahuhu,1,0,,,,,,,,,
1150550,2018/19,2018-11-17,Providence Stadium,1,15.1,Ireland,New Zealand,SM Kavanagh,GH Lewis,AC Kerr,1,0,,,,,,,,,
1150550,2018/19,2018-11-17,Providence Stadium,1,15.2,Ireland,New Zealand,GH Lewis,SM Kavanagh,AC Kerr,0,0,,,,,,stumped,GH Lewis,,
1150550,2018/19,2018-11-17,Providence Stadium,1,15.3,Ireland,New Zealand,EAJ Richardson,SM Kavanagh,AC Kerr,1,0,,,,,,,,,
1150550,2018/19,2018-11-17,Providence Stadium,1,15.4,Ireland,New Zealand,SM Kavanagh,EAJ Richardson,AC Kerr,0,0,,,,,,lbw,SM Kavanagh,,
1150550,2018/19,2018-11-17,Providence Stadium,1,15.5,Ireland,New Zealand,KJ Garth,EAJ Richardson,AC Kerr,0,0,,,,,,,,,
1150550,2018/19,2018-11-17,Providence Stadium,1,15.6,Ireland,New Zealand,KJ Garth,EAJ Richardson,AC Kerr,0,0,,,,,,,,,
1150550,2018/19,2018-11-17,Providence Stadium,1,16.1,Ireland,New Zealand,EAJ Richardson,KJ Garth,LM Kasperek,0,0,,,,,,,,,
1150550,2018/19,2018-11-17,Providence Stadium,1,16.2,Ireland,New Zealand,EAJ Richardson,KJ Garth,LM Kasperek,4,0,,,,,,,,,
1150550,2018/19,2018-11-17,Providence Stadium,1,16.3,Ireland,New Zealand,EAJ Richardson,KJ Garth,LM Kasperek,0,0,,,,,,,,,
1150550,2018/19,2018-11-17,Providence Stadium,1,16.4,Ireland,New Zealand,EAJ Richardson,KJ Garth,LM Kasperek,0,0,,,,,,,,,
1150550,2018/19,2018-11-17,Providence Stadium,1,16.5,Ireland,New Zealand,EAJ Richardson,KJ Garth,LM Kasperek,0,0,,,,,,,,,
1150550,2018/19,2018-11-17,Providence Stadium,1,16.6,Ireland,New Zealand,EAJ Richardson,KJ Garth,LM Kasperek,0,0,,,,,,caught,EAJ Richardson,,
1150550,2018/19,2018-11-17,Providence Stadium,1,17.1,Ireland,New Zealand,MV Waldron,KJ Garth,JM Watkin,1,0,,,,,,,,,
1150550,2018/19,2018-11-17,Providence Stadium,1,17.2,Ireland,New Zealand,KJ Garth,MV Waldron,JM Watkin,0,0,,,,,,,,,
1150550,2018/19,2018-11-17,Providence Stadium,1,17.3,Ireland,New Zealand,KJ Garth,MV Waldron,JM Watkin,1,0,,,,,,,,,
1150550,2018/19,2018-11-17,Providence Stadium,1,17.4,Ireland,New Zealand,MV Waldron,KJ Garth,JM Watkin,0,0,,,,,,,,,
1150550,2018/19,2018-11-17,Providence Stadium,1,17.5,Ireland,New Zealand,MV Waldron,KJ Garth,JM Watkin,0,0,,,,,,caught and bowled,MV Waldron,,
1150550,2018/19,2018-11-17,Providence Stadium,1,17.6,Ireland,New Zealand,L Maritz,KJ Garth,JM Watkin,0,0,,,,,,,,,
1150550,2018/19,2018-11-17,Providence Stadium,1,18.1,Ireland,New Zealand,KJ Garth,L Maritz,SFM Devine,0,0,,,,,,lbw,KJ Garth,,
1150550,2018/19,2018-11-17,Providence Stadium,1,18.2,Ireland,New Zealand,CJ Metcalfe,L Maritz,SFM Devine,0,0,,,,,,,,,
1150550,2018/19,2018-11-17,Providence Stadium,1,18.3,Ireland,New Zealand,CJ Metcalfe,L Maritz,SFM Devine,0,0,,,,,,,,,
1150550,2018/19,2018-11-17,Providence Stadium,1,18.4,Ireland,New Zealand,CJ Metcalfe,L Maritz,SFM Devine,0,0,,,,,,,,,
1150550,2018/19,2018-11-17,Providence Stadium,1,18.5,Ireland,New Zealand,CJ Metcalfe,L Maritz,SFM Devine,0,0,,,,,,,,,
1150550,2018/19,2018-11-17,Providence Stadium,1,18.6,Ireland,New Zealand,CJ Metcalfe,L Maritz,SFM Devine,0,0,,,,,,,,,
1150550,2018/19,2018-11-17,Providence Stadium,1,19.1,Ireland,New Zealand,L Maritz,CJ Metcalfe,JM Watkin,0,0,,,,,,,,,
1150550,2018/19,2018-11-17,Providence Stadium,1,19.2,Ireland,New Zealand,L Maritz,CJ Metcalfe,JM Watkin,1,0,,,,,,,,,
1150550,2018/19,2018-11-17,Providence Stadium,1,19.3,Ireland,New Zealand,CJ Metcalfe,L Maritz,JM Watkin,0,0,,,,,,,,,
1150550,2018/19,2018-11-17,Providence Stadium,1,19.4,Ireland,New Zealand,CJ Metcalfe,L Maritz,JM Watkin,0,0,,,,,,,,,
1150550,2018/19,2018-11-17,Providence Stadium,1,19.5,Ireland,New Zealand,CJ Metcalfe,L Maritz,JM Watkin,0,0,,,,,,,,,
1150550,2018/19,2018-11-17,Providence Stadium,1,19.6,Ireland,New Zealand,CJ Metcalfe,L Maritz,JM Watkin,0,0,,,,,,,,,
1150550,2018/19,2018-11-17,Providence Stadium,2,0.1,New Zealand,Ireland,SW Bates,SFM Devine,EAJ Richardson,0,0,,,,,,,,,
1150550,2018/19,2018-11-17,Providence Stadium,2,0.2,New Zealand,Ireland,SW Bates,SFM Devine,EAJ Richardson,1,0,,,,,,,,,
1150550,2018/19,2018-11-17,Providence Stadium,2,0.3,New Zealand,Ireland,SFM Devine,SW Bates,EAJ Richardson,0,0,,,,,,,,,
1150550,2018/19,2018-11-17,Providence Stadium,2,0.4,New Zealand,Ireland,SFM Devine,SW Bates,EAJ Richardson,4,0,,,,,,,,,
1150550,2018/19,2018-11-17,Providence Stadium,2,0.5,New Zealand,Ireland,SFM Devine,SW Bates,EAJ Richardson,6,0,,,,,,,,,
1150550,2018/19,2018-11-17,Providence Stadium,2,0.6,New Zealand,Ireland,SFM Devine,SW Bates,EAJ Richardson,0,0,,,,,,,,,
1150550,2018/19,2018-11-17,Providence Stadium,2,1.1,New Zealand,Ireland,SW Bates,SFM Devine,KJ Garth,1,0,,,,,,,,,
1150550,2018/19,2018-11-17,Providence Stadium,2,1.2,New Zealand,Ireland,SFM Devine,SW Bates,KJ Garth,1,0,,,,,,,,,
1150550,2018/19,2018-11-17,Providence Stadium,2,1.3,New Zealand,Ireland,SW Bates,SFM Devine,KJ Garth,0,1,1,,,,,,,,
1150550,2018/19,2018-11-17,Providence Stadium,2,1.4,New Zealand,Ireland,SW Bates,SFM Devine,KJ Garth,1,0,,,,,,,,,
1150550,2018/19,2018-11-17,Providence Stadium,2,1.5,New Zealand,Ireland,SFM Devine,SW Bates,KJ Garth,0,0,,,,,,,,,
1150550,2018/19,2018-11-17,Providence Stadium,2,1.6,New Zealand,Ireland,SFM Devine,SW Bates,KJ Garth,0,0,,,,,,,,,
1150550,2018/19,2018-11-17,Providence Stadium,2,1.7,New Zealand,Ireland,SFM Devine,SW Bates,KJ Garth,4,0,,,,,,,,,
1150550,2018/19,2018-11-17,Providence Stadium,2,2.1,New Zealand,Ireland,SW Bates,SFM Devine,CJ Metcalfe,0,1,1,,,,,,,,
1150550,2018/19,2018-11-17,Providence Stadium,2,2.2,New Zealand,Ireland,SW Bates,SFM Devine,CJ Metcalfe,1,0,,,,,,,,,
1150550,2018/19,2018-11-17,Providence Stadium,2,2.3,New Zealand,Ireland,SFM Devine,SW Bates,CJ Metcalfe,6,0,,,,,,,,,
1150550,2018/19,2018-11-17,Providence Stadium,2,2.4,New Zealand,Ireland,SFM Devine,SW Bates,CJ Metcalfe,0,0,,,,,,,,,
1150550,2018/19,2018-11-17,Providence Stadium,2,2.5,New Zealand,Ireland,SFM Devine,SW Bates,CJ Metcalfe,4,0,,,,,,,,,
1150550,2018/19,2018-11-17,Providence Stadium,2,2.6,New Zealand,Ireland,SFM Devine,SW Bates,CJ Metcalfe,0,0,,,,,,,,,
1150550,2018/19,2018-11-17,Providence Stadium,2,2.7,New Zealand,Ireland,SFM Devine,SW Bates,CJ Metcalfe,6,0,,,,,,,,,
1150550,2018/19,2018-11-17,Providence Stadium,2,3.1,New Zealand,Ireland,SW Bates,SFM Devine,KJ Garth,1,0,,,,,,,,,
1150550,2018/19,2018-11-17,Providence Stadium,2,3.2,New Zealand,Ireland,SFM Devine,SW Bates,KJ Garth,4,0,,,,,,,,,
1150550,2018/19,2018-11-17,Providence Stadium,2,3.3,New Zealand,Ireland,SFM Devine,SW Bates,KJ Garth,1,0,,,,,,,,,
1150550,2018/19,2018-11-17,Providence Stadium,2,3.4,New Zealand,Ireland,SW Bates,SFM Devine,KJ Garth,0,2,,,,2,,,,,
1150550,2018/19,2018-11-17,Providence Stadium,2,3.5,New Zealand,Ireland,SW Bates,SFM Devine,KJ Garth,2,0,,,,,,,,,
1150550,2018/19,2018-11-17,Providence Stadium,2,3.6,New Zealand,Ireland,SW Bates,SFM Devine,KJ Garth,2,0,,,,,,,,,
1150550,2018/19,2018-11-17,Providence Stadium,2,4.1,New Zealand,Ireland,SFM Devine,SW Bates,IMHC Joyce,0,1,1,,,,,,,,
1150550,2018/19,2018-11-17,Providence Stadium,2,4.2,New Zealand,Ireland,SFM Devine,SW Bates,IMHC Joyce,4,0,,,,,,,,,
1150550,2018/19,2018-11-17,Providence Stadium,2,4.3,New Zealand,Ireland,SFM Devine,SW Bates,IMHC Joyce,0,0,,,,,,,,,
1150550,2018/19,2018-11-17,Providence Stadium,2,4.4,New Zealand,Ireland,SFM Devine,SW Bates,IMHC Joyce,0,2,2,,,,,,,,
1150550,2018/19,2018-11-17,Providence Stadium,2,4.5,New Zealand,Ireland,SW Bates,SFM Devine,IMHC Joyce,1,0,,,,,,,,,
1150550,2018/19,2018-11-17,Providence Stadium,2,4.6,New Zealand,Ireland,SFM Devine,SW Bates,IMHC Joyce,4,0,,,,,,,,,
1150550,2018/19,2018-11-17,Providence Stadium,2,4.7,New Zealand,Ireland,SFM Devine,SW Bates,IMHC Joyce,0,1,1,,,,,,,,
1150550,2018/19,2018-11-17,Providence Stadium,2,4.8,New Zealand,Ireland,SFM Devine,SW Bates,IMHC Joyce,2,0,,,,,,,,,
1150550,2018/19,2018-11-17,Providence Stadium,2,4.9,New Zealand,Ireland,SFM Devine,SW Bates,IMHC Joyce,1,0,,,,,,,,,
1150550,2018/19,2018-11-17,Providence Stadium,2,5.1,New Zealand,Ireland,SFM Devine,SW Bates,L Delany,4,0,,,,,,,,,
1150550,2018/19,2018-11-17,Providence Stadium,2,5.2,New Zealand,Ireland,SFM Devine,SW Bates,L Delany,0,0,,,,,,caught,SFM Devine,,
1150550,2018/19,2018-11-17,Providence Stadium,2,5.3,New Zealand,Ireland,SW Bates,AE Satterthwaite,L Delany,1,0,,,,,,,,,
1150550,2018/19,2018-11-17,Providence Stadium,2,5.4,New Zealand,Ireland,AE Satterthwaite,SW Bates,L Delany,0,0,,,,,,,,,
1150550,2018/19,2018-11-17,Providence Stadium,2,5.5,New Zealand,Ireland,AE Satterthwaite,SW Bates,L Delany,0,0,,,,,,,,,
1150550,2018/19,2018-11-17,Providence Stadium,2,5.6,New Zealand,Ireland,AE Satterthwaite,SW Bates,L Delany,4,0,,,,,,,,,
1150550,2018/19,2018-11-17,Providence Stadium,2,6.1,New Zealand,Ireland,SW Bates,AE Satterthwaite,EAJ Richardson,0,0,,,,,,caught,SW Bates,,
1150550,2018/19,2018-11-17,Providence Stadium,2,6.2,New Zealand,Ireland,AE Satterthwaite,KJ Martin,EAJ Richardson,0,0,,,,,,,,,
1150550,2018/19,2018-11-17,Providence Stadium,2,6.3,New Zealand,Ireland,AE Satterthwaite,KJ Martin,EAJ Richardson,0,0,,,,,,,,,
1150550,2018/19,2018-11-17,Providence Stadium,2,6.4,New Zealand,Ireland,AE Satterthwaite,KJ Martin,EAJ Richardson,0,0,,,,,,,,,
1150550,2018/19,2018-11-17,Providence Stadium,2,6.5,New Zealand,Ireland,AE Satterthwaite,KJ Martin,EAJ Richardson,0,0,,,,,,,,,
1150550,2018/19,2018-11-17,Providence Stadium,2,6.6,New Zealand,Ireland,AE Satterthwaite,KJ Martin,EAJ Richardson,1,0,,,,,,,,,
1150550,2018/19,2018-11-17,Providence Stadium,2,7.1,New Zealand,Ireland,AE Satterthwaite,KJ Martin,CJ Metcalfe,1,0,,,,,,,,,
1150550,2018/19,2018-11-17,Providence Stadium,2,7.2,New Zealand,Ireland,KJ Martin,AE Satterthwaite,CJ Metcalfe,1,0,,,,,,,,,
1150550,2018/19,2018-11-17,Providence Stadium,2,7.3,New Zealand,Ireland,AE Satterthwaite,KJ Martin,CJ Metcalfe,4,0,,,,,,,,,
