match_id,season,start_date,venue,innings,ball,batting_team,bowling_team,striker,non_striker,bowler,runs_off_bat,extras,wides,noballs,byes,legbyes,penalty,wicket_type,player_dismissed,other_wicket_type,other_player_dismissed
1150551,2018/19,2018-11-18,"Daren Sammy National Cricket Stadium, Gros Islet",1,0.1,England,West Indies,DN Wyatt,TT Beaumont,SC Selman,1,0,,,,,,,,,
1150551,2018/19,2018-11-18,"Daren Sammy National Cricket Stadium, Gros Islet",1,0.2,England,West Indies,TT Beaumont,DN Wyatt,SC Selman,0,0,,,,,,,,,
1150551,2018/19,2018-11-18,"Daren Sammy National Cricket Stadium, Gros Islet",1,0.3,England,West Indies,TT Beaumont,DN Wyatt,SC Selman,1,0,,,,,,,,,
1150551,2018/19,2018-11-18,"Daren Sammy National Cricket Stadium, Gros Islet",1,0.4,England,West Indies,DN Wyatt,TT Beaumont,SC Selman,0,0,,,,,,,,,
1150551,2018/19,2018-11-18,"Daren Sammy National Cricket Stadium, Gros Islet",1,0.5,England,West Indies,DN Wyatt,TT Beaumont,SC Selman,0,0,,,,,,caught,DN Wyatt,,
1150551,2018/19,2018-11-18,"Daren Sammy National Cricket Stadium, Gros Islet",1,0.6,England,West Indies,TT Beaumont,AE Jones,SC Selman,0,0,,,,,,,,,
1150551,2018/19,2018-11-18,"Daren Sammy National Cricket Stadium, Gros Islet",1,1.1,England,West Indies,AE Jones,TT Beaumont,SS Connell,1,0,,,,,,,,,
1150551,2018/19,2018-11-18,"Daren Sammy National Cricket Stadium, Gros Islet",1,1.2,England,West Indies,TT Beaumont,AE Jones,SS Connell,0,0,,,,,,,,,
1150551,2018/19,2018-11-18,"Daren Sammy National Cricket Stadium, Gros Islet",1,1.3,England,West Indies,TT Beaumont,AE Jones,SS Connell,0,0,,,,,,,,,
1150551,2018/19,2018-11-18,"Daren Sammy National Cricket Stadium, Gros Islet",1,1.4,England,West Indies,TT Beaumont,AE Jones,SS Connell,4,0,,,,,,,,,
1150551,2018/19,2018-11-18,"Daren Sammy National Cricket Stadium, Gros Islet",1,1.5,England,West Indies,TT Beaumont,AE Jones,SS Connell,1,0,,,,,,,,,
1150551,2018/19,2018-11-18,"Daren Sammy National Cricket Stadium, Gros Islet",1,1.6,England,West Indies,AE Jones,TT Beaumont,SS Connell,1,0,,,,,,,,,
1150551,2018/19,2018-11-18,"Daren Sammy National Cricket Stadium, Gros Islet",1,2.1,England,West Indies,AE Jones,TT Beaumont,SC Selman,1,0,,,,,,,,,
1150551,2018/19,2018-11-18,"Daren Sammy National Cricket Stadium, Gros Islet",1,2.2,England,West Indies,TT Beaumont,AE Jones,SC Selman,0,0,,,,,,,,,
1150551,2018/19,2018-11-18,"Daren Sammy National Cricket Stadium, Gros Islet",1,2.3,England,West Indies,TT Beaumont,AE Jones,SC Selman,1,0,,,,,,,,,
1150551,2018/19,2018-11-18,"Daren Sammy National Cricket Stadium, Gros Islet",1,2.4,England,West Indies,AE Jones,TT Beaumont,SC Selman,4,0,,,,,,,,,
1150551,2018/19,2018-11-18,"Daren Sammy National Cricket Stadium, Gros Islet",1,2.5,England,West Indies,AE Jones,TT Beaumont,SC Selman,0,0,,,,,,,,,
1150551,2018/19,2018-11-18,"Daren Sammy National Cricket Stadium, Gros Islet",1,2.6,England,West Indies,AE Jones,TT Beaumont,SC Selman,0,0,,,,,,,,,
1150551,2018/19,2018-11-18,"Daren Sammy National Cricket Stadium, Gros Islet",1,3.1,England,West Indies,TT Beaumont,AE Jones,SS Connell,4,0,,,,,,,,,
1150551,2018/19,2018-11-18,"Daren Sammy National Cricket Stadium, Gros Islet",1,3.2,England,West Indies,TT Beaumont,AE Jones,SS Connell,1,0,,,,,,,,,
1150551,2018/19,2018-11-18,"Daren Sammy National Cricket Stadium, Gros Islet",1,3.3,England,West Indies,AE Jones,TT Beaumont,SS Connell,1,0,,,,,,,,,
1150551,2018/19,2018-11-18,"Daren Sammy National Cricket Stadium, Gros Islet",1,3.4,England,West Indies,TT Beaumont,AE Jones,SS Connell,0,0,,,,,,,,,
1150551,2018/19,2018-11-18,"Daren Sammy National Cricket Stadium, Gros Islet",1,3.5,England,West Indies,TT Beaumont,AE Jones,SS Connell,1,0,,,,,,,,,
1150551,2018/19,2018-11-18,"Daren Sammy National Cricket Stadium, Gros Islet",1,3.6,England,West Indies,AE Jones,TT Beaumont,SS Connell,0,0,,,,,,caught,AE Jones,,
1150551,2018/19,2018-11-18,"Daren Sammy National Cricket Stadium, Gros Islet",1,4.1,England,West Indies,NR Sciver,TT Beaumont,SC Selman,0,1,,,,1,,,,,
1150551,2018/19,2018-11-18,"Daren Sammy National Cricket Stadium, Gros Islet",1,4.2,England,West Indies,TT Beaumont,NR Sciver,SC Selman,0,1,1,,,,,,,,
1150551,2018/19,2018-11-18,"Daren Sammy National Cricket Stadium, Gros Islet",1,4.3,England,West Indies,TT Beaumont,NR Sciver,SC Selman,0,0,,,,,,,,,
1150551,2018/19,2018-11-18,"Daren Sammy National Cricket Stadium, Gros Islet",1,4.4,England,West Indies,TT Beaumont,NR Sciver,SC Selman,1,0,,,,,,,,,
1150551,2018/19,2018-11-18,"Daren Sammy National Cricket Stadium, Gros Islet",1,4.5,England,West Indies,NR Sciver,TT Beaumont,SC Selman,0,0,,,,,,,,,
1150551,2018/19,2018-11-18,"Daren Sammy National Cricket Stadium, Gros Islet",1,4.6,England,West Indies,NR Sciver,TT Beaumont,SC Selman,0,0,,,,,,,,,
1150551,2018/19,2018-11-18,"Daren Sammy National Cricket Stadium, Gros Islet",1,4.7,England,West Indies,NR Sciver,TT Beaumont,SC Selman,1,0,,,,,,,,,
1150551,2018/19,2018-11-18,"Daren Sammy National Cricket Stadium, Gros Islet",1,5.1,England,West Indies,NR Sciver,TT Beaumont,SR Taylor,2,0,,,,,,,,,
1150551,2018/19,2018-11-18,"Daren Sammy National Cricket Stadium, Gros Islet",1,5.2,England,West Indies,NR Sciver,TT Beaumont,SR Taylor,1,0,,,,,,,,,
1150551,2018/19,2018-11-18,"Daren Sammy National Cricket Stadium, Gros Islet",1,5.3,England,West Indies,TT Beaumont,NR Sciver,SR Taylor,0,0,,,,,,,,,
1150551,2018/19,2018-11-18,"Daren Sammy National Cricket Stadium, Gros Islet",1,5.4,England,West Indies,TT Beaumont,NR Sciver,SR Taylor,1,0,,,,,,,,,
1150551,2018/19,2018-11-18,"Daren Sammy National Cricket Stadium, Gros Islet",1,5.5,England,West Indies,NR Sciver,TT Beaumont,SR Taylor,1,0,,,,,,,,,
1150551,2018/19,2018-11-18,"Daren Sammy National Cricket Stadium, Gros Islet",1,5.6,England,West Indies,TT Beaumont,NR Sciver,SR Taylor,1,0,,,,,,,,,
1150551,2018/19,2018-11-18,"Daren Sammy National Cricket Stadium, Gros Islet",1,6.1,England,West Indies,TT Beaumont,NR Sciver,SC Selman,1,0,,,,,,,,,
1150551,2018/19,2018-11-18,"Daren Sammy National Cricket Stadium, Gros Islet",1,6.2,England,West Indies,NR Sciver,TT Beaumont,SC Selman,0,0,,,,,,caught,NR Sciver,,
1150551,2018/19,2018-11-18,"Daren Sammy National Cricket Stadium, Gros Islet",1,6.3,England,West Indies,HC Knight,TT Beaumont,SC Selman,1,0,,,,,,,,,
1150551,2018/19,2018-11-18,"Daren Sammy National Cricket Stadium, Gros Islet",1,6.4,England,West Indies,TT Beaumont,HC Knight,SC Selman,0,0,,,,,,,,,
1150551,2018/19,2018-11-18,"Daren Sammy National Cricket Stadium, Gros Islet",1,6.5,England,West Indies,TT Beaumont,HC Knight,SC Selman,0,0,,,,,,,,,
1150551,2018/19,2018-11-18,"Daren Sammy National Cricket Stadium, Gros Islet",1,6.6,England,West Indies,TT Beaumont,HC Knight,SC Selman,0,1,1,,,,,,,,
1150551,2018/19,2018-11-18,"Daren Sammy National Cricket Stadium, Gros Islet",1,6.7,England,West Indies,TT Beaumont,HC Knight,SC Selman,1,0,,,,,,,,,
1150551,2018/19,2018-11-18,"Daren Sammy National Cricket Stadium, Gros Islet",1,7.1,England,West Indies,TT Beaumont,HC Knight,SR Taylor,1,0,,,,,,,,,
1150551,2018/19,2018-11-18,"Daren Sammy National Cricket Stadium, Gros Islet",1,7.2,England,West Indies,HC Knight,TT Beaumont,SR Taylor,1,0,,,,,,,,,
1150551,2018/19,2018-11-18,"Daren Sammy National Cricket Stadium, Gros Islet",1,7.3,England,West Indies,TT Beaumont,HC Knight,SR Taylor,1,0,,,,,,,,,
1150551,2018/19,2018-11-18,"Daren Sammy National Cricket Stadium, Gros Islet",1,7.4,England,West Indies,HC Knight,TT Beaumont,SR Taylor,1,0,,,,,,,,,
1150551,2018/19,2018-11-18,"Daren Sammy National Cricket Stadium, Gros Islet",1,7.5,England,West Indies,TT Beaumont,HC Knight,SR Taylor,1,0,,,,,,,,,
1150551,2018/19,2018-11-18,"Daren Sammy National Cricket Stadium, Gros Islet",1,7.6,England,West Indies,HC Knight,TT Beaumont,SR Taylor,0,0,,,,,,,,,
1150551,2018/19,2018-11-18,"Daren Sammy National Cricket Stadium, Gros Islet",1,8.1,England,West Indies,TT Beaumont,HC Knight,DJS Dottin,1,0,,,,,,,,,
1150551,2018/19,2018-11-18,"Daren Sammy National Cricket Stadium, Gros Islet",1,8.2,England,West Indies,HC Knight,TT Beaumont,DJS Dottin,0,0,,,,,,,,,
1150551,2018/19,2018-11-18,"Daren Sammy National Cricket Stadium, Gros Islet",1,8.3,England,West Indies,HC Knight,TT Beaumont,DJS Dottin,1,0,,,,,,,,,
1150551,2018/19,2018-11-18,"Daren Sammy National Cricket Stadium, Gros Islet",1,8.4,England,West Indies,TT Beaumont,HC Knight,DJS Dottin,1,0,,,,,,,,,
1150551,2018/19,2018-11-18,"Daren Sammy National Cricket Stadium, Gros Islet",1,8.5,England,West Indies,HC Knight,TT Beaumont,DJS Dottin,0,0,,,,,,,,,
1150551,2018/19,2018-11-18,"Daren Sammy National Cricket Stadium, Gros Islet",1,8.6,England,West Indies,HC Knight,TT Beaumont,DJS Dottin,1,0,,,,,,,,,
1150551,2018/19,2018-11-18,"Daren Sammy National Cricket Stadium, Gros Islet",1,9.1,England,West Indies,HC Knight,TT Beaumont,ASS Fletcher,0,0,,,,,,,,,
1150551,2018/19,2018-11-18,"Daren Sammy National Cricket Stadium, Gros Islet",1,9.2,England,West Indies,HC Knight,TT Beaumont,ASS Fletcher,0,0,,,,,,,,,
1150551,2018/19,2018-11-18,"Daren Sammy National Cricket Stadium, Gros Islet",1,9.3,England,West Indies,HC Knight,TT Beaumont,ASS Fletcher,0,2,,,,2,,,,,
1150551,2018/19,2018-11-18,"Daren Sammy National Cricket Stadium, Gros Islet",1,9.4,England,West Indies,HC Knight,TT Beaumont,ASS Fletcher,1,0,,,,,,,,,
1150551,2018/19,2018-11-18,"Daren Sammy National Cricket Stadium, Gros Islet",1,9.5,England,West Indies,TT Beaumont,HC Knight,ASS Fletcher,0,0,,,,,,lbw,TT Beaumont,,
1150551,2018/19,2018-11-18,"Daren Sammy National Cricket Stadium, Gros Islet",1,9.6,England,West Indies,L Winfield,HC Knight,ASS Fletcher,0,0,,,,,,,,,
1150551,2018/19,2018-11-18,"Daren Sammy National Cricket Stadium, Gros Islet",1,10.1,England,West Indies,HC Knight,L Winfield,DJS Dottin,0,0,,,,,,lbw,HC Knight,,
1150551,2018/19,2018-11-18,"Daren Sammy National Cricket Stadium, Gros Islet",1,10.2,England,West Indies,SIR Dunkley,L Winfield,DJS Dottin,0,0,,,,,,,,,
1150551,2018/19,2018-11-18,"Daren Sammy National Cricket Stadium, Gros Islet",1,10.3,England,West Indies,SIR Dunkley,L Winfield,DJS Dottin,0,0,,,,,,,,,
1150551,2018/19,2018-11-18,"Daren Sammy National Cricket Stadium, Gros Islet",1,10.4,England,West Indies,SIR Dunkley,L Winfield,DJS Dottin,1,0,,,,,,,,,
1150551,2018/19,2018-11-18,"Daren Sammy National Cricket Stadium, Gros Islet",1,10.5,England,West Indies,L Winfield,SIR Dunkley,DJS Dottin,0,1,1,,,,,,,,
1150551,2018/19,2018-11-18,"Daren Sammy National Cricket Stadium, Gros Islet",1,10.6,England,West Indies,L Winfield,SIR Dunkley,DJS Dottin,0,0,,,,,,run out,L Winfield,,
1150551,2018/19,2018-11-18,"Daren Sammy National Cricket Stadium, Gros Islet",1,10.7,England,West Indies,SIR Dunkley,A Shrubsole,DJS Dottin,0,0,,,,,,,,,
1150551,2018/19,2018-11-18,"Daren Sammy National Cricket Stadium, Gros Islet",1,11.1,England,West Indies,A Shrubsole,SIR Dunkley,ASS Fletcher,0,0,,,,,,,,,
1150551,2018/19,2018-11-18,"Daren Sammy National Cricket Stadium, Gros Islet",1,11.2,England,West Indies,A Shrubsole,SIR Dunkley,ASS Fletcher,1,0,,,,,,,,,
1150551,2018/19,2018-11-18,"Daren Sammy National Cricket Stadium, Gros Islet",1,11.3,England,West Indies,SIR Dunkley,A Shrubsole,ASS Fletcher,0,0,,,,,,,,,
1150551,2018/19,2018-11-18,"Daren Sammy National Cricket Stadium, Gros Islet",1,11.4,England,West Indies,SIR Dunkley,A Shrubsole,ASS Fletcher,1,0,,,,,,,,,
1150551,2018/19,2018-11-18,"Daren Sammy National Cricket Stadium, Gros Islet",1,11.5,England,West Indies,A Shrubsole,SIR Dunkley,ASS Fletcher,1,0,,,,,,,,,
1150551,2018/19,2018-11-18,"Daren Sammy National Cricket Stadium, Gros Islet",1,11.6,England,West Indies,SIR Dunkley,A Shrubsole,ASS Fletcher,0,0,,,,,,,,,
1150551,2018/19,2018-11-18,"Daren Sammy National Cricket Stadium, Gros Islet",1,12.1,England,West Indies,A Shrubsole,SIR Dunkley,DJS Dottin,0,0,,,,,,,,,
1150551,2018/19,2018-11-18,"Daren Sammy National Cricket Stadium, Gros Islet",1,12.2,England,West Indies,A Shrubsole,SIR Dunkley,DJS Dottin,4,0,,,,,,,,,
1150551,2018/19,2018-11-18,"Daren Sammy National Cricket Stadium, Gros Islet",1,12.3,England,West Indies,A Shrubsole,SIR Dunkley,DJS Dottin,1,0,,,,,,,,,
1150551,2018/19,2018-11-18,"Daren Sammy National Cricket Stadium, Gros Islet",1,12.4,England,West Indies,SIR Dunkley,A Shrubsole,DJS Dottin,4,0,,,,,,,,,
1150551,2018/19,2018-11-18,"Daren Sammy National Cricket Stadium, Gros Islet",1,12.5,England,West Indies,SIR Dunkley,A Shrubsole,DJS Dottin,1,0,,,,,,,,,
1150551,2018/19,2018-11-18,"Daren Sammy National Cricket Stadium, Gros Islet",1,12.6,England,West Indies,A Shrubsole,SIR Dunkley,DJS Dottin,0,0,,,,,,,,,
1150551,2018/19,2018-11-18,"Daren Sammy National Cricket Stadium, Gros Islet",1,13.1,England,West Indies,SIR Dunkley,A Shrubsole,ASS Fletcher,2,0,,,,,,,,,
1150551,2018/19,2018-11-18,"Daren Sammy National Cricket Stadium, Gros Islet",1,13.2,England,West Indies,SIR Dunkley,A Shrubsole,ASS Fletcher,1,0,,,,,,,,,
1150551,2018/19,2018-11-18,"Daren Sammy National Cricket Stadium, Gros Islet",1,13.3,England,West Indies,A Shrubsole,SIR Dunkley,ASS Fletcher,1,0,,,,,,,,,
1150551,2018/19,2018-11-18,"Daren Sammy National Cricket Stadium, Gros Islet",1,13.4,England,West Indies,SIR Dunkley,A Shrubsole,ASS Fletcher,1,0,,,,,,,,,
1150551,2018/19,2018-11-18,"Daren Sammy National Cricket Stadium, Gros Islet",1,13.5,England,West Indies,A Shrubsole,SIR Dunkley,ASS Fletcher,0,0,,,,,,,,,
1150551,2018/19,2018-11-18,"Daren Sammy National Cricket Stadium, Gros Islet",1,13.6,England,West Indies,A Shrubsole,SIR Dunkley,ASS Fletcher,1,0,,,,,,,,,
1150551,2018/19,2018-11-18,"Daren Sammy National Cricket Stadium, Gros Islet",1,14.1,England,West Indies,A Shrubsole,SIR Dunkley,HK Matthews,1,0,,,,,,,,,
1150551,2018/19,2018-11-18,"Daren Sammy National Cricket Stadium, Gros Islet",1,14.2,England,West Indies,SIR Dunkley,A Shrubsole,HK Matthews,1,0,,,,,,,,,
1150551,2018/19,2018-11-18,"Daren Sammy National Cricket Stadium, Gros Islet",1,14.3,England,West Indies,A Shrubsole,SIR Dunkley,HK Matthews,1,0,,,,,,,,,
1150551,2018/19,2018-11-18,"Daren Sammy National Cricket Stadium, Gros Islet",1,14.4,England,West Indies,SIR Dunkley,A Shrubsole,HK Matthews,0,0,,,,,,,,,
1150551,2018/19,2018-11-18,"Daren Sammy National Cricket Stadium, Gros Islet",1,14.5,England,West Indies,SIR Dunkley,A Shrubsole,HK Matthews,0,0,,,,,,,,,
1150551,2018/19,2018-11-18,"Daren Sammy National Cricket Stadium, Gros Islet",1,14.6,England,West Indies,SIR Dunkley,A Shrubsole,HK Matthews,1,0,,,,,,,,,
1150551,2018/19,2018-11-18,"Daren Sammy National Cricket Stadium, Gros Islet",1,15.1,England,West Indies,SIR Dunkley,A Shrubsole,ASS Fletcher,6,0,,,,,,,,,
1150551,2018/19,2018-11-18,"Daren Sammy National Cricket Stadium, Gros Islet",1,15.2,England,West Indies,SIR Dunkley,A Shrubsole,ASS Fletcher,4,0,,,,,,,,,
1150551,2018/19,2018-11-18,"Daren Sammy National Cricket Stadium, Gros Islet",1,15.3,England,West Indies,SIR Dunkley,A Shrubsole,ASS Fletcher,2,0,,,,,,,,,
1150551,2018/19,2018-11-18,"Daren Sammy National Cricket Stadium, Gros Islet",1,15.4,England,West Indies,SIR Dunkley,A Shrubsole,ASS Fletcher,0,0,,,,,,,,,
1150551,2018/19,2018-11-18,"Daren Sammy National Cricket Stadium, Gros Islet",1,15.5,England,West Indies,SIR Dunkley,A Shrubsole,ASS Fletcher,0,0,,,,,,,,,
1150551,2018/19,2018-11-18,"Daren Sammy National Cricket Stadium, Gros Islet",1,15.6,England,West Indies,SIR Dunkley,A Shrubsole,ASS Fletcher,2,0,,,,,,,,,
1150551,2018/19,2018-11-18,"Daren Sammy National Cricket Stadium, Gros Islet",1,16.1,England,West Indies,A Shrubsole,SIR Dunkley,HK Matthews,1,0,,,,,,,,,
1150551,2018/19,2018-11-18,"Daren Sammy National Cricket Stadium, Gros Islet",1,16.2,England,West Indies,SIR Dunkley,A Shrubsole,HK Matthews,0,0,,,,,,,,,
1150551,2018/19,2018-11-18,"Daren Sammy National Cricket Stadium, Gros Islet",1,16.3,England,West Indies,SIR Dunkley,A Shrubsole,HK Matthews,2,0,,,,,,,,,
1150551,2018/19,2018-11-18,"Daren Sammy National Cricket Stadium, Gros Islet",1,16.4,England,West Indies,SIR Dunkley,A Shrubsole,HK Matthews,1,0,,,,,,,,,
1150551,2018/19,2018-11-18,"Daren Sammy National Cricket Stadium, Gros Islet",1,16.5,England,West Indies,A Shrubsole,SIR Dunkley,HK Matthews,4,0,,,,,,,,,
1150551,2018/19,2018-11-18,"Daren Sammy National Cricket Stadium, Gros Islet",1,16.6,England,West Indies,A Shrubsole,SIR Dunkley,HK Matthews,0,0,,,,,,,,,
1150551,2018/19,2018-11-18,"Daren Sammy National Cricket Stadium, Gros Islet",1,17.1,England,West Indies,SIR Dunkley,A Shrubsole,SR Taylor,0,0,,,,,,,,,
1150551,2018/19,2018-11-18,"Daren Sammy National Cricket Stadium, Gros Islet",1,17.2,England,West Indies,SIR Dunkley,A Shrubsole,SR Taylor,1,0,,,,,,,,,
1150551,2018/19,2018-11-18,"Daren Sammy National Cricket Stadium, Gros Islet",1,17.3,England,West Indies,A Shrubsole,SIR Dunkley,SR Taylor,6,0,,,,,,,,,
1150551,2018/19,2018-11-18,"Daren Sammy National Cricket Stadium, Gros Islet",1,17.4,England,West Indies,A Shrubsole,SIR Dunkley,SR Taylor,0,0,,,,,,,,,
1150551,2018/19,2018-11-18,"Daren Sammy National Cricket Stadium, Gros Islet",1,17.5,England,West Indies,A Shrubsole,SIR Dunkley,SR Taylor,1,0,,,,,,,,,
1150551,2018/19,2018-11-18,"Daren Sammy National Cricket Stadium, Gros Islet",1,17.6,England,West Indies,SIR Dunkley,A Shrubsole,SR Taylor,0,0,,,,,,,,,
1150551,2018/19,2018-11-18,"Daren Sammy National Cricket Stadium, Gros Islet",1,18.1,England,West Indies,A Shrubsole,SIR Dunkley,DJS Dottin,1,0,,,,,,,,,
1150551,2018/19,2018-11-18,"Daren Sammy National Cricket Stadium, Gros Islet",1,18.2,England,West Indies,SIR Dunkley,A Shrubsole,DJS Dottin,4,0,,,,,,,,,
1150551,2018/19,2018-11-18,"Daren Sammy National Cricket Stadium, Gros Islet",1,18.3,England,West Indies,SIR Dunkley,A Shrubsole,DJS Dottin,0,0,,,,,,caught,SIR Dunkley,,
1150551,2018/19,2018-11-18,"Daren Sammy National Cricket Stadium, Gros Islet",1,18.4,England,West Indies,A Shrubsole,D Hazell,DJS Dottin,0,0,,,,,,,,,
1150551,2018/19,2018-11-18,"Daren Sammy National Cricket Stadium, Gros Islet",1,18.5,England,West Indies,A Shrubsole,D Hazell,DJS Dottin,0,0,,,,,,,,,
1150551,2018/19,2018-11-18,"Daren Sammy National Cricket Stadium, Gros Islet",1,18.6,England,West Indies,A Shrubsole,D Hazell,DJS Dottin,0,0,,,,,,,,,
1150551,2018/19,2018-11-18,"Daren Sammy National Cricket Stadium, Gros Islet",1,19.1,England,West Indies,D Hazell,A Shrubsole,SR Taylor,1,0,,,,,,,,,
1150551,2018/19,2018-11-18,"Daren Sammy National Cricket Stadium, Gros Islet",1,19.2,England,West Indies,A Shrubsole,D Hazell,SR Taylor,1,0,,,,,,,,,
1150551,2018/19,2018-11-18,"Daren Sammy National Cricket Stadium, Gros Islet",1,19.3,England,West Indies,D Hazell,A Shrubsole,SR Taylor,1,0,,,,,,,,,
1150551,2018/19,2018-11-18,"Daren Sammy National Cricket Stadium, Gros Islet",1,19.4,England,West Indies,A Shrubsole,D Hazell,SR Taylor,2,0,,,,,,,,,
1150551,2018/19,2018-11-18,"Daren Sammy National Cricket Stadium, Gros Islet",1,19.5,England,West Indies,A Shrubsole,D Hazell,SR Taylor,2,0,,,,,,,,,
1150551,2018/19,2018-11-18,"Daren Sammy National Cricket Stadium, Gros Islet",1,19.6,England,West Indies,A Shrubsole,D Hazell,SR Taylor,0,0,,,,,,caught,A Shrubsole,,
1150551,2018/19,2018-11-18,"Daren Sammy National Cricket Stadium, Gros Islet",2,0.1,West Indies,England,HK Matthews,DJS Dottin,NR Sciver,0,0,,,,,,,,,
1150551,2018/19,2018-11-18,"Daren Sammy National Cricket Stadium, Gros Islet",2,0.2,West Indies,England,HK Matthews,DJS Dottin,NR Sciver,0,0,,,,,,,,,
1150551,2018/19,2018-11-18,"Daren Sammy National Cricket Stadium, Gros Islet",2,0.3,West Indies,England,HK Matthews,DJS Dottin,NR Sciver,1,0,,,,,,,,,
1150551,2018/19,2018-11-18,"Daren Sammy National Cricket Stadium, Gros Islet",2,0.4,West Indies,England,DJS Dottin,HK Matthews,NR Sciver,0,0,,,,,,,,,
1150551,2018/19,2018-11-18,"Daren Sammy National Cricket Stadium, Gros Islet",2,0.5,West Indies,England,DJS Dottin,HK Matthews,NR Sciver,0,0,,,,,,,,,
1150551,2018/19,2018-11-18,"Daren Sammy National Cricket Stadium, Gros Islet",2,0.6,West Indies,England,DJS Dottin,HK Matthews,NR Sciver,0,0,,,,,,,,,
1150551,2018/19,2018-11-18,"Daren Sammy National Cricket Stadium, Gros Islet",2,1.1,West Indies,England,HK Matthews,DJS Dottin,A Shrubsole,0,0,,,,,,bowled,HK Matthews,,
1150551,2018/19,2018-11-18,"Daren Sammy National Cricket Stadium, Gros Islet",2,1.2,West Indies,England,SR Taylor,DJS Dottin,A Shrubsole,0,1,,,,1,,,,,
1150551,2018/19,2018-11-18,"Daren Sammy National Cricket Stadium, Gros Islet",2,1.3,West Indies,England,DJS Dottin,SR Taylor,A Shrubsole,1,0,,,,,,,,,
1150551,2018/19,2018-11-18,"Daren Sammy National Cricket Stadium, Gros Islet",2,1.4,West Indies,England,SR Taylor,DJS Dottin,A Shrubsole,0,0,,,,,,bowled,SR Taylor,,
1150551,2018/19,2018-11-18,"Daren Sammy National Cricket Stadium, Gros Islet",2,1.5,West Indies,England,SA Campbelle,DJS Dottin,A Shrubsole,0,0,,,,,,,,,
1150551,2018/19,2018-11-18,"Daren Sammy National Cricket Stadium, Gros Islet",2,1.6,West Indies,England,SA Campbelle,DJS Dottin,A Shrubsole,0,1,1,,,,,,,,
1150551,2018/19,2018-11-18,"Daren Sammy National Cricket Stadium, Gros Islet",2,1.7,West Indies,England,SA Campbelle,DJS Dottin,A Shrubsole,0,0,,,,,,,,,
1150551,2018/19,2018-11-18,"Daren Sammy National Cricket Stadium, Gros Islet",2,2.1,West Indies,England,DJS Dottin,SA Campbelle,NR Sciver,0,0,,,,,,,,,
1150551,2018/19,2018-11-18,"Daren Sammy National Cricket Stadium, Gros Islet",2,2.2,West Indies,England,DJS Dottin,SA Campbelle,NR Sciver,6,0,,,,,,,,,
1150551,2018/19,2018-11-18,"Daren Sammy National Cricket Stadium, Gros Islet",2,2.3,West Indies,England,DJS Dottin,SA Campbelle,NR Sciver,1,0,,,,,,,,,
1150551,2018/19,2018-11-18,"Daren Sammy National Cricket Stadium, Gros Islet",2,2.4,West Indies,England,SA Campbelle,DJS Dottin,NR Sciver,1,0,,,,,,,,,
1150551,2018/19,2018-11-18,"Daren Sammy National Cricket Stadium, Gros Islet",2,2.5,West Indies,England,DJS Dottin,SA Campbelle,NR Sciver,0,0,,,,,,,,,
1150551,2018/19,2018-11-18,"Daren Sammy National Cricket Stadium, Gros Islet",2,2.6,West Indies,England,DJS Dottin,SA Campbelle,NR Sciver,4,0,,,,,,,,,
1150551,2018/19,2018-11-18,"Daren Sammy National Cricket Stadium, Gros Islet",2,3.1,West Indies,England,SA Campbelle,DJS Dottin,A Shrubsole,0,0,,,,,,,,,
1150551,2018/19,2018-11-18,"Daren Sammy National Cricket Stadium, Gros Islet",2,3.2,West Indies,England,SA Campbelle,DJS Dottin,A Shrubsole,0,0,,,,,,,,,
1150551,2018/19,2018-11-18,"Daren Sammy National Cricket Stadium, Gros Islet",2,3.3,West Indies,England,SA Campbelle,DJS Dottin,A Shrubsole,0,0,,,,,,,,,
1150551,2018/19,2018-11-18,"Daren Sammy National Cricket Stadium, Gros Islet",2,3.4,West Indies,England,SA Campbelle,DJS Dottin,A Shrubsole,0,0,,,,,,,,,
1150551,2018/19,2018-11-18,"Daren Sammy National Cricket Stadium, Gros Islet",2,3.5,West Indies,England,SA Campbelle,DJS Dottin,A Shrubsole,0,0,,,,,,,,,
1150551,2018/19,2018-11-18,"Daren Sammy National Cricket Stadium, Gros Islet",2,3.6,West Indies,England,SA Campbelle,DJS Dottin,A Shrubsole,0,0,,,,,,,,,
1150551,2018/19,2018-11-18,"Daren Sammy National Cricket Stadium, Gros Islet",2,4.1,West Indies,England,DJS Dottin,SA Campbelle,S Ecclestone,0,0,,,,,,,,,
1150551,2018/19,2018-11-18,"Daren Sammy National Cricket Stadium, Gros Islet",2,4.2,West Indies,England,DJS Dottin,SA Campbelle,S Ecclestone,0,0,,,,,,,,,
1150551,2018/19,2018-11-18,"Daren Sammy National Cricket Stadium, Gros Islet",2,4.3,West Indies,England,DJS Dottin,SA Campbelle,S Ecclestone,0,0,,,,,,,,,
1150551,2018/19,2018-11-18,"Daren Sammy National Cricket Stadium, Gros Islet",2,4.4,West Indies,England,DJS Dottin,SA Campbelle,S Ecclestone,1,0,,,,,,,,,
1150551,2018/19,2018-11-18,"Daren Sammy National Cricket Stadium, Gros Islet",2,4.5,West Indies,England,SA Campbelle,DJS Dottin,S Ecclestone,4,0,,,,,,,,,
1150551,2018/19,2018-11-18,"Daren Sammy National Cricket Stadium, Gros Islet",2,4.6,West Indies,England,SA Campbelle,DJS Dottin,S Ecclestone,0,1,1,,,,,,,,
1150551,2018/19,2018-11-18,"Daren Sammy National Cricket Stadium, Gros Islet",2,4.7,West Indies,England,SA Campbelle,DJS Dottin,S Ecclestone,1,0,,,,,,,,,
1150551,2018/19,2018-11-18,"Daren Sammy National Cricket Stadium, Gros Islet",2,5.1,West Indies,England,SA Campbelle,DJS Dottin,A Shrubsole,1,0,,,,,,,,,
1150551,2018/19,2018-11-18,"Daren Sammy National Cricket Stadium, Gros Islet",2,5.2,West Indies,England,DJS Dottin,SA Campbelle,A Shrubsole,0,0,,,,,,,,,
1150551,2018/19,2018-11-18,"Daren Sammy National Cricket Stadium, Gros Islet",2,5.3,West Indies,England,DJS Dottin,SA Campbelle,A Shrubsole,1,0,,,,,,,,,
1150551,2018/19,2018-11-18,"Daren Sammy National Cricket Stadium, Gros Islet",2,5.4,West Indies,England,SA Campbelle,DJS Dottin,A Shrubsole,1,0,,,,,,,,,
1150551,2018/19,2018-11-18,"Daren Sammy National Cricket Stadium, Gros Islet",2,5.5,West Indies,England,DJS Dottin,SA Campbelle,A Shrubsole,1,0,,,,,,,,,
1150551,2018/19,2018-11-18,"Daren Sammy National Cricket Stadium, Gros Islet",2,5.6,West Indies,England,SA Campbelle,DJS Dottin,A Shrubsole,0,0,,,,,,,,,
1150551,2018/19,2018-11-18,"Daren Sammy National Cricket Stadium, Gros Islet",2,6.1,West Indies,England,DJS Dottin,SA Campbelle,KL Gordon,0,0,,,,,,,,,
1150551,2018/19,2018-11-18,"Daren Sammy National Cricket Stadium, Gros Islet",2,6.2,West Indies,England,DJS Dottin,SA Campbelle,KL Gordon,0,0,,,,,,,,,
1150551,2018/19,2018-11-18,"Daren Sammy National Cricket Stadium, Gros Islet",2,6.3,West Indies,England,DJS Dottin,SA Campbelle,KL Gordon,0,0,,,,,,,,,
1150551,2018/19,2018-11-18,"Daren Sammy National Cricket Stadium, Gros Islet",2,6.4,West Indies,England,DJS Dottin,SA Campbelle,KL Gordon,0,0,,,,,,,,,
1150551,2018/19,2018-11-18,"Daren Sammy National Cricket Stadium, Gros Islet",2,6.5,West Indies,England,DJS Dottin,SA Campbelle,KL Gordon,0,0,,,,,,,,,
1150551,2018/19,2018-11-18,"Daren Sammy National Cricket Stadium, Gros Islet",2,6.6,West Indies,England,DJS Dottin,SA Campbelle,KL Gordon,1,0,,,,,,,,,
1150551,2018/19,2018-11-18,"Daren Sammy National Cricket Stadium, Gros Islet",2,7.1,West Indies,England,DJS Dottin,SA Campbelle,D Hazell,2,0,,,,,,,,,
1150551,2018/19,2018-11-18,"Daren Sammy National Cricket Stadium, Gros Islet",2,7.2,West Indies,England,DJS Dottin,SA Campbelle,D Hazell,0,0,,,,,,,,,
1150551,2018/19,2018-11-18,"Daren Sammy National Cricket Stadium, Gros Islet",2,7.3,West Indies,England,DJS Dottin,SA Campbelle,D Hazell,6,0,,,,,,,,,
1150551,2018/19,2018-11-18,"Daren Sammy National Cricket Stadium, Gros Islet",2,7.4,West Indies,England,DJS Dottin,SA Campbelle,D Hazell,0,0,,,,,,,,,
1150551,2018/19,2018-11-18,"Daren Sammy National Cricket Stadium, Gros Islet",2,7.5,West Indies,England,DJS Dottin,SA Campbelle,D Hazell,0,0,,,,,,,,,
1150551,2018/19,2018-11-18,"Daren Sammy National Cricket Stadium, Gros Islet",2,7.6,West Indies,England,DJS Dottin,SA Campbelle,D Hazell,1,0,,,,,,,,,
1150551,2018/19,2018-11-18,"Daren Sammy National Cricket Stadium, Gros Islet",2,8.1,West Indies,England,DJS Dottin,SA Campbelle,KL Gordon,0,0,,,,,,,,,
1150551,2018/19,2018-11-18,"Daren Sammy National Cricket Stadium, Gros Islet",2,8.2,West Indies,England,DJS Dottin,SA Campbelle,KL Gordon,0,0,,,,,,,,,
1150551,2018/19,2018-11-18,"Daren Sammy National Cricket Stadium, Gros Islet",2,8.3,West Indies,England,DJS Dottin,SA Campbelle,KL Gordon,0,0,,,,,,,,,
1150551,2018/19,2018-11-18,"Daren Sammy National Cricket Stadium, Gros Islet",2,8.4,West Indies,England,DJS Dottin,SA Campbelle,KL Gordon,0,0,,,,,,,,,
1150551,2018/19,2018-11-18,"Daren Sammy National Cricket Stadium, Gros Islet",2,8.5,West Indies,England,DJS Dottin,SA Campbelle,KL Gordon,1,0,,,,,,,,,
1150551,2018/19,2018-11-18,"Daren Sammy National Cricket Stadium, Gros Islet",2,8.6,West Indies,England,SA Campbelle,DJS Dottin,KL Gordon,2,0,,,,,,,,,
1150551,2018/19,2018-11-18,"Daren Sammy National Cricket Stadium, Gros Islet",2,9.1,West Indies,England,DJS Dottin,SA Campbelle,S Ecclestone,0,0,,,,,,,,,
1150551,2018/19,2018-11-18,"Daren Sammy National Cricket Stadium, Gros Islet",2,9.2,West Indies,England,DJS Dottin,SA Campbelle,S Ecclestone,2,0,,,,,,,,,
1150551,2018/19,2018-11-18,"Daren Sammy National Cricket Stadium, Gros Islet",2,9.3,West Indies,England,DJS Dottin,SA Campbelle,S Ecclestone,0,0,,,,,,,,,
1150551,2018/19,2018-11-18,"Daren Sammy National Cricket Stadium, Gros Islet",2,9.4,West Indies,England,DJS Dottin,SA Campbelle,S Ecclestone,0,0,,,,,,,,,
1150551,2018/19,2018-11-18,"Daren Sammy National Cricket Stadium, Gros Islet",2,9.5,West Indies,England,DJS Dottin,SA Campbelle,S Ecclestone,0,0,,,,,,,,,
1150551,2018/19,2018-11-18,"Daren Sammy National Cricket Stadium, Gros Islet",2,9.6,West Indies,England,DJS Dottin,SA Campbelle,S Ecclestone,6,0,,,,,,,,,
1150551,2018/19,2018-11-18,"Daren Sammy National Cricket Stadium, Gros Islet",2,10.1,West Indies,England,SA Campbelle,DJS Dottin,KL Gordon,1,0,,,,,,,,,
1150551,2018/19,2018-11-18,"Daren Sammy National Cricket Stadium, Gros Islet",2,10.2,West Indies,England,DJS Dottin,SA Campbelle,KL Gordon,0,0,,,,,,,,,
1150551,2018/19,2018-11-18,"Daren Sammy National Cricket Stadium, Gros Islet",2,10.3,West Indies,England,DJS Dottin,SA Campbelle,KL Gordon,0,0,,,,,,,,,
1150551,2018/19,2018-11-18,"Daren Sammy National Cricket Stadium, Gros Islet",2,10.4,West Indies,England,DJS Dottin,SA Campbelle,KL Gordon,1,0,,,,,,,,,
1150551,2018/19,2018-11-18,"Daren Sammy National Cricket Stadium, Gros Islet",2,10.5,West Indies,England,SA Campbelle,DJS Dottin,KL Gordon,0,0,,,,,,,,,
1150551,2018/19,2018-11-18,"Daren Sammy National Cricket Stadium, Gros Islet",2,10.6,West Indies,England,SA Campbelle,DJS Dottin,KL Gordon,0,0,,,,,,,,,
1150551,2018/19,2018-11-18,"Daren Sammy National Cricket Stadium, Gros Islet",2,11.1,West Indies,England,DJS Dottin,SA Campbelle,D Hazell,1,0,,,,,,,,,
1150551,2018/19,2018-11-18,"Daren Sammy National Cricket Stadium, Gros Islet",2,11.2,West Indies,England,SA Campbelle,DJS Dottin,D Hazell,1,0,,,,,,,,,
1150551,2018/19,2018-11-18,"Daren Sammy National Cricket Stadium, Gros Islet",2,11.3,West Indies,England,DJS Dottin,SA Campbelle,D Hazell,6,0,,,,,,,,,
1150551,2018/19,2018-11-18,"Daren Sammy National Cricket Stadium, Gros Islet",2,11.4,West Indies,England,DJS Dottin,SA Campbelle,D Hazell,1,0,,,,,,,,,
1150551,2018/19,2018-11-18,"Daren Sammy National Cricket Stadium, Gros Islet",2,11.5,West Indies,England,SA Campbelle,DJS Dottin,D Hazell,2,0,,,,,,,,,
1150551,2018/19,2018-11-18,"Daren Sammy National Cricket Stadium, Gros Islet",2,11.6,West Indies,England,SA Campbelle,DJS Dottin,D Hazell,1,0,,,,,,,,,
1150551,2018/19,2018-11-18,"Daren Sammy National Cricket Stadium, Gros Islet",2,12.1,West Indies,England,SA Campbelle,DJS Dottin,S Ecclestone,1,0,,,,,,,,,
1150551,2018/19,2018-11-18,"Daren Sammy National Cricket Stadium, Gros Islet",2,12.2,West Indies,England,DJS Dottin,SA Campbelle,S Ecclestone,1,0,,,,,,,,,
1150551,2018/19,2018-11-18,"Daren Sammy National Cricket Stadium, Gros Islet",2,12.3,West Indies,England,SA Campbelle,DJS Dottin,S Ecclestone,0,0,,,,,,,,,
1150551,2018/19,2018-11-18,"Daren Sammy National Cricket Stadium, Gros Islet",2,12.4,West Indies,England,SA Campbelle,DJS Dottin,S Ecclestone,4,0,,,,,,,,,
1150551,2018/19,2018-11-18,"Daren Sammy National Cricket Stadium, Gros Islet",2,12.5,West Indies,England,SA Campbelle,DJS Dottin,S Ecclestone,1,0,,,,,,,,,
1150551,2018/19,2018-11-18,"Daren Sammy National Cricket Stadium, Gros Islet",2,12.6,West Indies,England,DJS Dottin,SA Campbelle,S Ecclestone,1,0,,,,,,,,,
1150551,2018/19,2018-11-18,"Daren Sammy National Cricket Stadium, Gros Islet",2,13.1,West Indies,England,DJS Dottin,SA Campbelle,NR Sciver,0,0,,,,,,,,,
1150551,2018/19,2018-11-18,"Daren Sammy National Cricket Stadium, Gros Islet",2,13.2,West Indies,England,DJS Dottin,SA Campbelle,NR Sciver,0,0,,,,,,,,,
1150551,2018/19,2018-11-18,"Daren Sammy National Cricket Stadium, Gros Islet",2,13.3,West Indies,England,DJS Dottin,SA Campbelle,NR Sciver,0,0,,,,,,,,,
1150551,2018/19,2018-11-18,"Daren Sammy National Cricket Stadium, Gros Islet",2,13.4,West Indies,England,DJS Dottin,SA Campbelle,NR Sciver,1,0,,,,,,,,,
1150551,2018/19,2018-11-18,"Daren Sammy National Cricket Stadium, Gros Islet",2,13.5,West Indies,England,SA Campbelle,DJS Dottin,NR Sciver,0,0,,,,,,,,,
1150551,2018/19,2018-11-18,"Daren Sammy National Cricket Stadium, Gros Islet",2,13.6,West Indies,England,SA Campbelle,DJS Dottin,NR Sciver,0,0,,,,,,,,,
1150551,2018/19,2018-11-18,"Daren Sammy National Cricket Stadium, Gros Islet",2,14.1,West Indies,England,DJS Dottin,SA Campbelle,KL Gordon,0,0,,,,,,caught,DJS Dottin,,
1150551,2018/19,2018-11-18,"Daren Sammy National Cricket Stadium, Gros Islet",2,14.2,West Indies,England,SA Campbelle,NY McLean,KL Gordon,0,0,,,,,,,,,
1150551,2018/19,2018-11-18,"Daren Sammy National Cricket Stadium, Gros Islet",2,14.3,West Indies,England,SA Campbelle,NY McLean,KL Gordon,1,0,,,,,,,,,
1150551,2018/19,2018-11-18,"Daren Sammy National Cricket Stadium, Gros Islet",2,14.4,West Indies,England,NY McLean,SA Campbelle,KL Gordon,1,0,,,,,,,,,
1150551,2018/19,2018-11-18,"Daren Sammy National Cricket Stadium, Gros Islet",2,14.5,West Indies,England,SA Campbelle,NY McLean,KL Gordon,6,0,,,,,,,,,
1150551,2018/19,2018-11-18,"Daren Sammy National Cricket Stadium, Gros Islet",2,14.6,West Indies,England,SA Campbelle,NY McLean,KL Gordon,0,0,,,,,,,,,
1150551,2018/19,2018-11-18,"Daren Sammy National Cricket Stadium, Gros Islet",2,15.1,West Indies,England,NY McLean,SA Campbelle,D Hazell,4,0,,,,,,,,,
1150551,2018/19,2018-11-18,"Daren Sammy National Cricket Stadium, Gros Islet",2,15.2,West Indies,England,NY McLean,SA Campbelle,D Hazell,0,0,,,,,,,,,
1150551,2018/19,2018-11-18,"Daren Sammy National Cricket Stadium, Gros Islet",2,15.3,West Indies,England,NY McLean,SA Campbelle,D Hazell,0,0,,,,,,,,,
1150551,2018/19,2018-11-18,"Daren Sammy National Cricket Stadium, Gros Islet",2,15.4,West Indies,England,NY McLean,SA Campbelle,D Hazell,0,0,,,,,,,,,
1150551,2018/19,2018-11-18,"Daren Sammy National Cricket Stadium, Gros Islet",2,15.5,West Indies,England,NY McLean,SA Campbelle,D Hazell,1,0,,,,,,,,,
1150551,2018/19,2018-11-18,"Daren Sammy National Cricket Stadium, Gros Islet",2,15.6,West Indies,England,SA Campbelle,NY McLean,D Hazell,1,0,,,,,,,,,
1150551,2018/19,2018-11-18,"Daren Sammy National Cricket Stadium, Gros Islet",2,16.1,West Indies,England,SA Campbelle,NY McLean,S Ecclestone,2,0,,,,,,,,,
1150551,2018/19,2018-11-18,"Daren Sammy National Cricket Stadium, Gros Islet",2,16.2,West Indies,England,SA Campbelle,NY McLean,S Ecclestone,1,0,,,,,,,,,
1150551,2018/19,2018-11-18,"Daren Sammy National Cricket Stadium, Gros Islet",2,16.3,West Indies,England,NY McLean,SA Campbelle,S Ecclestone,0,0,,,,,,,,,
1150551,2018/19,2018-11-18,"Daren Sammy National Cricket Stadium, Gros Islet",2,16.4,West Indies,England,NY McLean,SA Campbelle,S Ecclestone,0,0,,,,,,,,,
1150551,2018/19,2018-11-18,"Daren Sammy National Cricket Stadium, Gros Islet",2,16.5,West Indies,England,NY McLean,SA Campbelle,S Ecclestone,2,0,,,,,,,,,
1150551,2018/19,2018-11-18,"Daren Sammy National Cricket Stadium, Gros Islet",2,16.6,West Indies,England,NY McLean,SA Campbelle,S Ecclestone,0,0,,,,,,bowled,NY McLean,,
1150551,2018/19,2018-11-18,"Daren Sammy National Cricket Stadium, Gros Islet",2,17.1,West Indies,England,SA Campbelle,B Cooper,D Hazell,4,0,,,,,,,,,
1150551,2018/19,2018-11-18,"Daren Sammy National Cricket Stadium, Gros Islet",2,17.2,West Indies,England,SA Campbelle,B Cooper,D Hazell,1,0,,,,,,,,,
1150551,2018/19,2018-11-18,"Daren Sammy National Cricket Stadium, Gros Islet",2,17.3,West Indies,England,B Cooper,SA Campbelle,D Hazell,0,0,,,,,,,,,
1150551,2018/19,2018-11-18,"Daren Sammy National Cricket Stadium, Gros Islet",2,17.4,West Indies,England,B Cooper,SA Campbelle,D Hazell,1,0,,,,,,,,,
1150551,2018/19,2018-11-18,"Daren Sammy National Cricket Stadium, Gros Islet",2,17.5,West Indies,England,SA Campbelle,B Cooper,D Hazell,2,0,,,,,,,,,
1150551,2018/19,2018-11-18,"Daren Sammy National Cricket Stadium, Gros Islet",2,17.6,West Indies,England,SA Campbelle,B Cooper,D Hazell,4,0,,,,,,,,,
1150551,2018/19,2018-11-18,"Daren Sammy National Cricket Stadium, Gros Islet",2,18.1,West Indies,England,B Cooper,SA Campbelle,NR Sciver,4,0,,,,,,,,,
1150551,2018/19,2018-11-18,"Daren Sammy National Cricket Stadium, Gros Islet",2,18.2,West Indies,England,B Cooper,SA Campbelle,NR Sciver,0,0,,,,,,,,,
1150551,2018/19,2018-11-18,"Daren Sammy National Cricket Stadium, Gros Islet",2,18.3,West Indies,England,B Cooper,SA Campbelle,NR Sciver,1,0,,,,,,,,,
1150551,2018/19,2018-11-18,"Daren Sammy National Cricket Stadium, Gros Islet",2,18.4,West Indies,England,SA Campbelle,B Cooper,NR Sciver,2,0,,,,,,,,,
1150551,2018/19,2018-11-18,"Daren Sammy National Cricket Stadium, Gros Islet",2,18.5,West Indies,England,SA Campbelle,B Cooper,NR Sciver,0,1,,,,1,,,,,
1150551,2018/19,2018-11-18,"Daren Sammy National Cricket Stadium, Gros Islet",2,18.6,West Indies,England,B Cooper,SA Campbelle,NR Sciver,1,0,,,,,,run out,B Cooper,,
1150551,2018/19,2018-11-18,"Daren Sammy National Cricket Stadium, Gros Islet",2,19.1,West Indies,England,SA Campbelle,Kycia A Knight,A Shrubsole,0,2,,,2,,,,,,
1150551,2018/19,2018-11-18,"Daren Sammy National Cricket Stadium, Gros Islet",2,19.2,West Indies,England,SA Campbelle,Kycia A Knight,A Shrubsole,0,0,,,,,,caught,SA Campbelle,,
1150551,2018/19,2018-11-18,"Daren Sammy National Cricket Stadium, Gros Islet",2,19.3,West Indies,England,Kycia A Knight,CA Henry,A Shrubsole,4,0,,,,,,,,,
