match_id,season,start_date,venue,innings,ball,batting_team,bowling_team,striker,non_striker,bowler,runs_off_bat,extras,wides,noballs,byes,legbyes,penalty,wicket_type,player_dismissed,other_wicket_type,other_player_dismissed
1150537,2018/19,2018-11-11,Providence Stadium,1,0.1,Pakistan,India,Ayesha Zafar,Javeria Khan,A Reddy,0,0,,,,,,,,,
1150537,2018/19,2018-11-11,Providence Stadium,1,0.2,Pakistan,India,Ayesha Zafar,Javeria Khan,A Reddy,0,0,,,,,,,,,
1150537,2018/19,2018-11-11,Providence Stadium,1,0.3,Pakistan,India,Ayesha Zafar,Javeria Khan,A Reddy,0,0,,,,,,,,,
1150537,2018/19,2018-11-11,Providence Stadium,1,0.4,Pakistan,India,Ayesha Zafar,Javeria Khan,A Reddy,0,0,,,,,,,,,
1150537,2018/19,2018-11-11,Providence Stadium,1,0.5,Pakistan,India,Ayesha Zafar,Javeria Khan,A Reddy,0,0,,,,,,,,,
1150537,2018/19,2018-11-11,Providence Stadium,1,0.6,Pakistan,India,Ayesha Zafar,Javeria Khan,A Reddy,0,0,,,,,,caught,Ayesha Zafar,,
1150537,2018/19,2018-11-11,Providence Stadium,1,1.1,Pakistan,India,Javeria Khan,Umaima Sohail,RP Yadav,0,0,,,,,,,,,
1150537,2018/19,2018-11-11,Providence Stadium,1,1.2,Pakistan,India,Javeria Khan,Umaima Sohail,RP Yadav,0,1,1,,,,,,,,
1150537,2018/19,2018-11-11,Providence Stadium,1,1.3,Pakistan,India,Javeria Khan,Umaima Sohail,RP Yadav,0,0,,,,,,,,,
1150537,2018/19,2018-11-11,Providence Stadium,1,1.4,Pakistan,India,Javeria Khan,Umaima Sohail,RP Yadav,0,0,,,,,,,,,
1150537,2018/19,2018-11-11,Providence Stadium,1,1.5,Pakistan,India,Javeria Khan,Umaima Sohail,RP Yadav,1,0,,,,,,,,,
1150537,2018/19,2018-11-11,Providence Stadium,1,1.6,Pakistan,India,Umaima Sohail,Javeria Khan,RP Yadav,0,0,,,,,,,,,
1150537,2018/19,2018-11-11,Providence Stadium,1,1.7,Pakistan,India,Umaima Sohail,Javeria Khan,RP Yadav,2,0,,,,,,,,,
1150537,2018/19,2018-11-11,Providence Stadium,1,2.1,Pakistan,India,Javeria Khan,Umaima Sohail,A Reddy,0,0,,,,,,,,,
1150537,2018/19,2018-11-11,Providence Stadium,1,2.2,Pakistan,India,Javeria Khan,Umaima Sohail,A Reddy,0,0,,,,,,,,,
1150537,2018/19,2018-11-11,Providence Stadium,1,2.3,Pakistan,India,Javeria Khan,Umaima Sohail,A Reddy,0,0,,,,,,,,,
1150537,2018/19,2018-11-11,Providence Stadium,1,2.4,Pakistan,India,Javeria Khan,Umaima Sohail,A Reddy,4,0,,,,,,,,,
1150537,2018/19,2018-11-11,Providence Stadium,1,2.5,Pakistan,India,Javeria Khan,Umaima Sohail,A Reddy,1,0,,,,,,,,,
1150537,2018/19,2018-11-11,Providence Stadium,1,2.6,Pakistan,India,Umaima Sohail,Javeria Khan,A Reddy,1,0,,,,,,,,,
1150537,2018/19,2018-11-11,Providence Stadium,1,3.1,Pakistan,India,Umaima Sohail,Javeria Khan,RP Yadav,0,0,,,,,,,,,
1150537,2018/19,2018-11-11,Providence Stadium,1,3.2,Pakistan,India,Umaima Sohail,Javeria Khan,RP Yadav,0,0,,,,,,,,,
1150537,2018/19,2018-11-11,Providence Stadium,1,3.3,Pakistan,India,Umaima Sohail,Javeria Khan,RP Yadav,0,0,,,,,,run out,Umaima Sohail,,
1150537,2018/19,2018-11-11,Providence Stadium,1,3.4,Pakistan,India,Javeria Khan,Bismah Maroof,RP Yadav,4,0,,,,,,,,,
1150537,2018/19,2018-11-11,Providence Stadium,1,3.5,Pakistan,India,Javeria Khan,Bismah Maroof,RP Yadav,0,0,,,,,,,,,
1150537,2018/19,2018-11-11,Providence Stadium,1,3.6,Pakistan,India,Javeria Khan,Bismah Maroof,RP Yadav,2,0,,,,,,,,,
1150537,2018/19,2018-11-11,Providence Stadium,1,4.1,Pakistan,India,Bismah Maroof,Javeria Khan,DB Sharma,0,0,,,,,,,,,
1150537,2018/19,2018-11-11,Providence Stadium,1,4.2,Pakistan,India,Bismah Maroof,Javeria Khan,DB Sharma,1,0,,,,,,,,,
1150537,2018/19,2018-11-11,Providence Stadium,1,4.3,Pakistan,India,Javeria Khan,Bismah Maroof,DB Sharma,1,0,,,,,,,,,
1150537,2018/19,2018-11-11,Providence Stadium,1,4.4,Pakistan,India,Bismah Maroof,Javeria Khan,DB Sharma,0,0,,,,,,,,,
1150537,2018/19,2018-11-11,Providence Stadium,1,4.5,Pakistan,India,Bismah Maroof,Javeria Khan,DB Sharma,1,0,,,,,,,,,
1150537,2018/19,2018-11-11,Providence Stadium,1,4.6,Pakistan,India,Javeria Khan,Bismah Maroof,DB Sharma,0,1,1,,,,,,,,
1150537,2018/19,2018-11-11,Providence Stadium,1,4.7,Pakistan,India,Javeria Khan,Bismah Maroof,DB Sharma,0,0,,,,,,,,,
1150537,2018/19,2018-11-11,Providence Stadium,1,5.1,Pakistan,India,Bismah Maroof,Javeria Khan,D Hemalatha,0,0,,,,,,,,,
1150537,2018/19,2018-11-11,Providence Stadium,1,5.2,Pakistan,India,Bismah Maroof,Javeria Khan,D Hemalatha,0,0,,,,,,,,,
1150537,2018/19,2018-11-11,Providence Stadium,1,5.3,Pakistan,India,Bismah Maroof,Javeria Khan,D Hemalatha,4,0,,,,,,,,,
1150537,2018/19,2018-11-11,Providence Stadium,1,5.4,Pakistan,India,Bismah Maroof,Javeria Khan,D Hemalatha,0,0,,,,,,,,,
1150537,2018/19,2018-11-11,Providence Stadium,1,5.5,Pakistan,India,Bismah Maroof,Javeria Khan,D Hemalatha,0,1,1,,,,,,,,
1150537,2018/19,2018-11-11,Providence Stadium,1,5.6,Pakistan,India,Bismah Maroof,Javeria Khan,D Hemalatha,1,0,,,,,,,,,
1150537,2018/19,2018-11-11,Providence Stadium,1,5.7,Pakistan,India,Javeria Khan,Bismah Maroof,D Hemalatha,4,0,,,,,,,,,
1150537,2018/19,2018-11-11,Providence Stadium,1,6.1,Pakistan,India,Bismah Maroof,Javeria Khan,Poonam Yadav,0,0,,,,,,,,,
1150537,2018/19,2018-11-11,Providence Stadium,1,6.2,Pakistan,India,Bismah Maroof,Javeria Khan,Poonam Yadav,0,0,,,,,,run out,Javeria Khan,,
1150537,2018/19,2018-11-11,Providence Stadium,1,6.3,Pakistan,India,Bismah Maroof,Nida Dar,Poonam Yadav,1,0,,,,,,,,,
1150537,2018/19,2018-11-11,Providence Stadium,1,6.4,Pakistan,India,Nida Dar,Bismah Maroof,Poonam Yadav,0,0,,,,,,,,,
1150537,2018/19,2018-11-11,Providence Stadium,1,6.5,Pakistan,India,Nida Dar,Bismah Maroof,Poonam Yadav,1,0,,,,,,,,,
1150537,2018/19,2018-11-11,Providence Stadium,1,6.6,Pakistan,India,Bismah Maroof,Nida Dar,Poonam Yadav,0,0,,,,,,,,,
1150537,2018/19,2018-11-11,Providence Stadium,1,7.1,Pakistan,India,Nida Dar,Bismah Maroof,A Reddy,0,0,,,,,,,,,
1150537,2018/19,2018-11-11,Providence Stadium,1,7.2,Pakistan,India,Nida Dar,Bismah Maroof,A Reddy,1,0,,,,,,,,,
1150537,2018/19,2018-11-11,Providence Stadium,1,7.3,Pakistan,India,Bismah Maroof,Nida Dar,A Reddy,2,0,,,,,,,,,
1150537,2018/19,2018-11-11,Providence Stadium,1,7.4,Pakistan,India,Bismah Maroof,Nida Dar,A Reddy,0,0,,,,,,,,,
1150537,2018/19,2018-11-11,Providence Stadium,1,7.5,Pakistan,India,Bismah Maroof,Nida Dar,A Reddy,1,0,,,,,,,,,
1150537,2018/19,2018-11-11,Providence Stadium,1,7.6,Pakistan,India,Nida Dar,Bismah Maroof,A Reddy,4,0,,,,,,,,,
1150537,2018/19,2018-11-11,Providence Stadium,1,8.1,Pakistan,India,Bismah Maroof,Nida Dar,Poonam Yadav,2,0,,,,,,,,,
1150537,2018/19,2018-11-11,Providence Stadium,1,8.2,Pakistan,India,Bismah Maroof,Nida Dar,Poonam Yadav,0,0,,,,,,,,,
1150537,2018/19,2018-11-11,Providence Stadium,1,8.3,Pakistan,India,Bismah Maroof,Nida Dar,Poonam Yadav,1,0,,,,,,,,,
1150537,2018/19,2018-11-11,Providence Stadium,1,8.4,Pakistan,India,Nida Dar,Bismah Maroof,Poonam Yadav,4,0,,,,,,,,,
1150537,2018/19,2018-11-11,Providence Stadium,1,8.5,Pakistan,India,Nida Dar,Bismah Maroof,Poonam Yadav,0,0,,,,,,,,,
1150537,2018/19,2018-11-11,Providence Stadium,1,8.6,Pakistan,India,Nida Dar,Bismah Maroof,Poonam Yadav,1,0,,,,,,,,,
1150537,2018/19,2018-11-11,Providence Stadium,1,9.1,Pakistan,India,Nida Dar,Bismah Maroof,DB Sharma,1,0,,,,,,,,,
1150537,2018/19,2018-11-11,Providence Stadium,1,9.2,Pakistan,India,Bismah Maroof,Nida Dar,DB Sharma,1,0,,,,,,,,,
1150537,2018/19,2018-11-11,Providence Stadium,1,9.3,Pakistan,India,Nida Dar,Bismah Maroof,DB Sharma,1,0,,,,,,,,,
1150537,2018/19,2018-11-11,Providence Stadium,1,9.4,Pakistan,India,Bismah Maroof,Nida Dar,DB Sharma,1,0,,,,,,,,,
1150537,2018/19,2018-11-11,Providence Stadium,1,9.5,Pakistan,India,Nida Dar,Bismah Maroof,DB Sharma,1,0,,,,,,,,,
1150537,2018/19,2018-11-11,Providence Stadium,1,9.6,Pakistan,India,Bismah Maroof,Nida Dar,DB Sharma,0,0,,,,,,,,,
1150537,2018/19,2018-11-11,Providence Stadium,1,10.1,Pakistan,India,Nida Dar,Bismah Maroof,RP Yadav,0,0,,,,,,,,,
1150537,2018/19,2018-11-11,Providence Stadium,1,10.2,Pakistan,India,Nida Dar,Bismah Maroof,RP Yadav,1,0,,,,,,,,,
1150537,2018/19,2018-11-11,Providence Stadium,1,10.3,Pakistan,India,Bismah Maroof,Nida Dar,RP Yadav,2,0,,,,,,,,,
1150537,2018/19,2018-11-11,Providence Stadium,1,10.4,Pakistan,India,Bismah Maroof,Nida Dar,RP Yadav,1,0,,,,,,,,,
1150537,2018/19,2018-11-11,Providence Stadium,1,10.5,Pakistan,India,Nida Dar,Bismah Maroof,RP Yadav,4,0,,,,,,,,,
1150537,2018/19,2018-11-11,Providence Stadium,1,10.6,Pakistan,India,Nida Dar,Bismah Maroof,RP Yadav,2,0,,,,,,,,,
1150537,2018/19,2018-11-11,Providence Stadium,1,11.1,Pakistan,India,Bismah Maroof,Nida Dar,DB Sharma,1,0,,,,,,,,,
1150537,2018/19,2018-11-11,Providence Stadium,1,11.2,Pakistan,India,Nida Dar,Bismah Maroof,DB Sharma,0,0,,,,,,,,,
1150537,2018/19,2018-11-11,Providence Stadium,1,11.3,Pakistan,India,Nida Dar,Bismah Maroof,DB Sharma,0,0,,,,,,,,,
1150537,2018/19,2018-11-11,Providence Stadium,1,11.4,Pakistan,India,Nida Dar,Bismah Maroof,DB Sharma,1,0,,,,,,,,,
1150537,2018/19,2018-11-11,Providence Stadium,1,11.5,Pakistan,India,Bismah Maroof,Nida Dar,DB Sharma,1,0,,,,,,,,,
1150537,2018/19,2018-11-11,Providence Stadium,1,11.6,Pakistan,India,Nida Dar,Bismah Maroof,DB Sharma,6,0,,,,,,,,,
1150537,2018/19,2018-11-11,Providence Stadium,1,12.1,Pakistan,India,Bismah Maroof,Nida Dar,RP Yadav,1,0,,,,,,,,,
1150537,2018/19,2018-11-11,Providence Stadium,1,12.2,Pakistan,India,Nida Dar,Bismah Maroof,RP Yadav,1,0,,,,,,,,,
1150537,2018/19,2018-11-11,Providence Stadium,1,12.3,Pakistan,India,Bismah Maroof,Nida Dar,RP Yadav,1,0,,,,,,,,,
1150537,2018/19,2018-11-11,Providence Stadium,1,12.4,Pakistan,India,Nida Dar,Bismah Maroof,RP Yadav,1,0,,,,,,,,,
1150537,2018/19,2018-11-11,Providence Stadium,1,12.5,Pakistan,India,Bismah Maroof,Nida Dar,RP Yadav,1,0,,,,,,,,,
1150537,2018/19,2018-11-11,Providence Stadium,1,12.6,Pakistan,India,Nida Dar,Bismah Maroof,RP Yadav,1,0,,,,,,,,,
1150537,2018/19,2018-11-11,Providence Stadium,1,13.1,Pakistan,India,Nida Dar,Bismah Maroof,Poonam Yadav,1,0,,,,,,,,,
1150537,2018/19,2018-11-11,Providence Stadium,1,13.2,Pakistan,India,Bismah Maroof,Nida Dar,Poonam Yadav,2,0,,,,,,,,,
1150537,2018/19,2018-11-11,Providence Stadium,1,13.3,Pakistan,India,Bismah Maroof,Nida Dar,Poonam Yadav,2,0,,,,,,,,,
1150537,2018/19,2018-11-11,Providence Stadium,1,13.4,Pakistan,India,Bismah Maroof,Nida Dar,Poonam Yadav,1,0,,,,,,,,,
1150537,2018/19,2018-11-11,Providence Stadium,1,13.5,Pakistan,India,Nida Dar,Bismah Maroof,Poonam Yadav,1,0,,,,,,,,,
1150537,2018/19,2018-11-11,Providence Stadium,1,13.6,Pakistan,India,Bismah Maroof,Nida Dar,Poonam Yadav,1,0,,,,,,,,,
1150537,2018/19,2018-11-11,Providence Stadium,1,14.1,Pakistan,India,Bismah Maroof,Nida Dar,D Hemalatha,0,0,,,,,,,,,
1150537,2018/19,2018-11-11,Providence Stadium,1,14.2,Pakistan,India,Bismah Maroof,Nida Dar,D Hemalatha,4,0,,,,,,,,,
1150537,2018/19,2018-11-11,Providence Stadium,1,14.3,Pakistan,India,Bismah Maroof,Nida Dar,D Hemalatha,3,0,,,,,,,,,
1150537,2018/19,2018-11-11,Providence Stadium,1,14.4,Pakistan,India,Nida Dar,Bismah Maroof,D Hemalatha,1,0,,,,,,,,,
1150537,2018/19,2018-11-11,Providence Stadium,1,14.5,Pakistan,India,Bismah Maroof,Nida Dar,D Hemalatha,1,0,,,,,,,,,
1150537,2018/19,2018-11-11,Providence Stadium,1,14.6,Pakistan,India,Nida Dar,Bismah Maroof,D Hemalatha,0,0,,,,,,,,,
1150537,2018/19,2018-11-11,Providence Stadium,1,15.1,Pakistan,India,Bismah Maroof,Nida Dar,A Reddy,0,0,,,,,,,,,
1150537,2018/19,2018-11-11,Providence Stadium,1,15.2,Pakistan,India,Bismah Maroof,Nida Dar,A Reddy,1,0,,,,,,,,,
1150537,2018/19,2018-11-11,Providence Stadium,1,15.3,Pakistan,India,Nida Dar,Bismah Maroof,A Reddy,0,1,,,,1,,,,,
1150537,2018/19,2018-11-11,Providence Stadium,1,15.4,Pakistan,India,Bismah Maroof,Nida Dar,A Reddy,4,0,,,,,,,,,
1150537,2018/19,2018-11-11,Providence Stadium,1,15.5,Pakistan,India,Bismah Maroof,Nida Dar,A Reddy,4,0,,,,,,,,,
1150537,2018/19,2018-11-11,Providence Stadium,1,15.6,Pakistan,India,Bismah Maroof,Nida Dar,A Reddy,1,0,,,,,,,,,
1150537,2018/19,2018-11-11,Providence Stadium,1,16.1,Pakistan,India,Bismah Maroof,Nida Dar,D Hemalatha,1,0,,,,,,,,,
1150537,2018/19,2018-11-11,Providence Stadium,1,16.2,Pakistan,India,Nida Dar,Bismah Maroof,D Hemalatha,1,0,,,,,,,,,
1150537,2018/19,2018-11-11,Providence Stadium,1,16.3,Pakistan,India,Bismah Maroof,Nida Dar,D Hemalatha,1,0,,,,,,,,,
1150537,2018/19,2018-11-11,Providence Stadium,1,16.4,Pakistan,India,Nida Dar,Bismah Maroof,D Hemalatha,1,0,,,,,,,,,
1150537,2018/19,2018-11-11,Providence Stadium,1,16.5,Pakistan,India,Bismah Maroof,Nida Dar,D Hemalatha,1,0,,,,,,,,,
1150537,2018/19,2018-11-11,Providence Stadium,1,16.6,Pakistan,India,Nida Dar,Bismah Maroof,D Hemalatha,4,0,,,,,,,,,
1150537,2018/19,2018-11-11,Providence Stadium,1,17.1,Pakistan,India,Bismah Maroof,Nida Dar,DB Sharma,0,0,,,,,,,,,
1150537,2018/19,2018-11-11,Providence Stadium,1,17.2,Pakistan,India,Nida Dar,Bismah Maroof,DB Sharma,1,0,,,,,,,,,
1150537,2018/19,2018-11-11,Providence Stadium,1,17.3,Pakistan,India,Bismah Maroof,Nida Dar,DB Sharma,1,0,,,,,,,,,
1150537,2018/19,2018-11-11,Providence Stadium,1,17.4,Pakistan,India,Nida Dar,Bismah Maroof,DB Sharma,1,0,,,,,,,,,
1150537,2018/19,2018-11-11,Providence Stadium,1,17.5,Pakistan,India,Bismah Maroof,Nida Dar,DB Sharma,1,0,,,,,,,,,
1150537,2018/19,2018-11-11,Providence Stadium,1,17.6,Pakistan,India,Nida Dar,Bismah Maroof,DB Sharma,4,0,,,,,,,,,
1150537,2018/19,2018-11-11,Providence Stadium,1,18.1,Pakistan,India,Bismah Maroof,Nida Dar,D Hemalatha,0,0,,,,,,caught,Bismah Maroof,,
1150537,2018/19,2018-11-11,Providence Stadium,1,18.2,Pakistan,India,Nida Dar,Aliya Riaz,D Hemalatha,6,0,,,,,,,,,
1150537,2018/19,2018-11-11,Providence Stadium,1,18.3,Pakistan,India,Nida Dar,Aliya Riaz,D Hemalatha,0,0,,,,,,caught,Nida Dar,,
1150537,2018/19,2018-11-11,Providence Stadium,1,18.4,Pakistan,India,Nahida Khan,Aliya Riaz,D Hemalatha,0,0,,,,,,,,,
1150537,2018/19,2018-11-11,Providence Stadium,1,18.5,Pakistan,India,Nahida Khan,Aliya Riaz,D Hemalatha,0,0,,,,,,,,,
1150537,2018/19,2018-11-11,Providence Stadium,1,18.6,Pakistan,India,Nahida Khan,Aliya Riaz,D Hemalatha,0,0,,,,,,,,,
1150537,2018/19,2018-11-11,Providence Stadium,1,19.1,Pakistan,India,Aliya Riaz,Nahida Khan,Poonam Yadav,0,0,,,,,,,,,
1150537,2018/19,2018-11-11,Providence Stadium,1,19.2,Pakistan,India,Aliya Riaz,Nahida Khan,Poonam Yadav,4,0,,,,,,,,,
1150537,2018/19,2018-11-11,Providence Stadium,1,19.3,Pakistan,India,Aliya Riaz,Nahida Khan,Poonam Yadav,0,0,,,,,,stumped,Aliya Riaz,,
1150537,2018/19,2018-11-11,Providence Stadium,1,19.4,Pakistan,India,Sana Mir,Nahida Khan,Poonam Yadav,0,0,,,,,,,,,
1150537,2018/19,2018-11-11,Providence Stadium,1,19.5,Pakistan,India,Sana Mir,Nahida Khan,Poonam Yadav,0,0,,,,,,stumped,Sana Mir,,
1150537,2018/19,2018-11-11,Providence Stadium,1,19.6,Pakistan,India,Sidra Nawaz,Nahida Khan,Poonam Yadav,0,0,,,,,,,,,
1150537,2018/19,2018-11-11,Providence Stadium,2,0.1,India,Pakistan,M Raj,S Mandhana,Diana Baig,0,0,,,,,,,,,
1150537,2018/19,2018-11-11,Providence Stadium,2,0.2,India,Pakistan,M Raj,S Mandhana,Diana Baig,0,0,,,,,,,,,
1150537,2018/19,2018-11-11,Providence Stadium,2,0.3,India,Pakistan,M Raj,S Mandhana,Diana Baig,0,1,1,,,,,,,,
1150537,2018/19,2018-11-11,Providence Stadium,2,0.4,India,Pakistan,M Raj,S Mandhana,Diana Baig,2,0,,,,,,,,,
1150537,2018/19,2018-11-11,Providence Stadium,2,0.5,India,Pakistan,M Raj,S Mandhana,Diana Baig,0,0,,,,,,,,,
1150537,2018/19,2018-11-11,Providence Stadium,2,0.6,India,Pakistan,M Raj,S Mandhana,Diana Baig,0,0,,,,,,,,,
1150537,2018/19,2018-11-11,Providence Stadium,2,0.7,India,Pakistan,M Raj,S Mandhana,Diana Baig,4,0,,,,,,,,,
1150537,2018/19,2018-11-11,Providence Stadium,2,1.1,India,Pakistan,S Mandhana,M Raj,Anam Amin,0,1,1,,,,,,,,
1150537,2018/19,2018-11-11,Providence Stadium,2,1.2,India,Pakistan,S Mandhana,M Raj,Anam Amin,4,0,,,,,,,,,
1150537,2018/19,2018-11-11,Providence Stadium,2,1.3,India,Pakistan,S Mandhana,M Raj,Anam Amin,0,0,,,,,,,,,
1150537,2018/19,2018-11-11,Providence Stadium,2,1.4,India,Pakistan,S Mandhana,M Raj,Anam Amin,0,0,,,,,,,,,
1150537,2018/19,2018-11-11,Providence Stadium,2,1.5,India,Pakistan,S Mandhana,M Raj,Anam Amin,0,0,,,,,,,,,
1150537,2018/19,2018-11-11,Providence Stadium,2,1.6,India,Pakistan,S Mandhana,M Raj,Anam Amin,0,0,,,,,,,,,
1150537,2018/19,2018-11-11,Providence Stadium,2,1.7,India,Pakistan,S Mandhana,M Raj,Anam Amin,4,0,,,,,,,,,
1150537,2018/19,2018-11-11,Providence Stadium,2,2.1,India,Pakistan,M Raj,S Mandhana,Sana Mir,1,0,,,,,,,,,
1150537,2018/19,2018-11-11,Providence Stadium,2,2.2,India,Pakistan,S Mandhana,M Raj,Sana Mir,0,0,,,,,,,,,
1150537,2018/19,2018-11-11,Providence Stadium,2,2.3,India,Pakistan,S Mandhana,M Raj,Sana Mir,0,0,,,,,,,,,
1150537,2018/19,2018-11-11,Providence Stadium,2,2.4,India,Pakistan,S Mandhana,M Raj,Sana Mir,0,0,,,,,,,,,
1150537,2018/19,2018-11-11,Providence Stadium,2,2.5,India,Pakistan,S Mandhana,M Raj,Sana Mir,2,0,,,,,,,,,
1150537,2018/19,2018-11-11,Providence Stadium,2,2.6,India,Pakistan,S Mandhana,M Raj,Sana Mir,2,0,,,,,,,,,
1150537,2018/19,2018-11-11,Providence Stadium,2,3.1,India,Pakistan,M Raj,S Mandhana,Anam Amin,0,0,,,,,,,,,
1150537,2018/19,2018-11-11,Providence Stadium,2,3.2,India,Pakistan,M Raj,S Mandhana,Anam Amin,0,0,,,,,,,,,
1150537,2018/19,2018-11-11,Providence Stadium,2,3.3,India,Pakistan,M Raj,S Mandhana,Anam Amin,4,0,,,,,,,,,
1150537,2018/19,2018-11-11,Providence Stadium,2,3.4,India,Pakistan,M Raj,S Mandhana,Anam Amin,0,0,,,,,,,,,
1150537,2018/19,2018-11-11,Providence Stadium,2,3.5,India,Pakistan,M Raj,S Mandhana,Anam Amin,0,0,,,,,,,,,
1150537,2018/19,2018-11-11,Providence Stadium,2,3.6,India,Pakistan,M Raj,S Mandhana,Anam Amin,4,0,,,,,,,,,
1150537,2018/19,2018-11-11,Providence Stadium,2,4.1,India,Pakistan,S Mandhana,M Raj,Sana Mir,0,0,,,,,,,,,
1150537,2018/19,2018-11-11,Providence Stadium,2,4.2,India,Pakistan,S Mandhana,M Raj,Sana Mir,0,0,,,,,,,,,
1150537,2018/19,2018-11-11,Providence Stadium,2,4.3,India,Pakistan,S Mandhana,M Raj,Sana Mir,0,0,,,,,,,,,
1150537,2018/19,2018-11-11,Providence Stadium,2,4.4,India,Pakistan,S Mandhana,M Raj,Sana Mir,0,0,,,,,,,,,
1150537,2018/19,2018-11-11,Providence Stadium,2,4.5,India,Pakistan,S Mandhana,M Raj,Sana Mir,4,0,,,,,,,,,
1150537,2018/19,2018-11-11,Providence Stadium,2,4.6,India,Pakistan,S Mandhana,M Raj,Sana Mir,0,0,,,,,,,,,
1150537,2018/19,2018-11-11,Providence Stadium,2,5.1,India,Pakistan,M Raj,S Mandhana,Nida Dar,4,0,,,,,,,,,
1150537,2018/19,2018-11-11,Providence Stadium,2,5.2,India,Pakistan,M Raj,S Mandhana,Nida Dar,0,0,,,,,,,,,
1150537,2018/19,2018-11-11,Providence Stadium,2,5.3,India,Pakistan,M Raj,S Mandhana,Nida Dar,1,0,,,,,,,,,
1150537,2018/19,2018-11-11,Providence Stadium,2,5.4,India,Pakistan,S Mandhana,M Raj,Nida Dar,0,0,,,,,,,,,
1150537,2018/19,2018-11-11,Providence Stadium,2,5.5,India,Pakistan,S Mandhana,M Raj,Nida Dar,0,0,,,,,,,,,
1150537,2018/19,2018-11-11,Providence Stadium,2,5.6,India,Pakistan,S Mandhana,M Raj,Nida Dar,0,0,,,,,,,,,
1150537,2018/19,2018-11-11,Providence Stadium,2,6.1,India,Pakistan,M Raj,S Mandhana,Diana Baig,1,0,,,,,,,,,
1150537,2018/19,2018-11-11,Providence Stadium,2,6.2,India,Pakistan,S Mandhana,M Raj,Diana Baig,1,0,,,,,,,,,
1150537,2018/19,2018-11-11,Providence Stadium,2,6.3,India,Pakistan,M Raj,S Mandhana,Diana Baig,1,0,,,,,,,,,
1150537,2018/19,2018-11-11,Providence Stadium,2,6.4,India,Pakistan,S Mandhana,M Raj,Diana Baig,0,0,,,,,,,,,
1150537,2018/19,2018-11-11,Providence Stadium,2,6.5,India,Pakistan,S Mandhana,M Raj,Diana Baig,1,0,,,,,,,,,
1150537,2018/19,2018-11-11,Providence Stadium,2,6.6,India,Pakistan,M Raj,S Mandhana,Diana Baig,1,0,,,,,,,,,
1150537,2018/19,2018-11-11,Providence Stadium,2,7.1,India,Pakistan,M Raj,S Mandhana,Aliya Riaz,0,0,,,,,,,,,
1150537,2018/19,2018-11-11,Providence Stadium,2,7.2,India,Pakistan,M Raj,S Mandhana,Aliya Riaz,4,0,,,,,,,,,
1150537,2018/19,2018-11-11,Providence Stadium,2,7.3,India,Pakistan,M Raj,S Mandhana,Aliya Riaz,4,0,,,,,,,,,
1150537,2018/19,2018-11-11,Providence Stadium,2,7.4,India,Pakistan,M Raj,S Mandhana,Aliya Riaz,0,0,,,,,,,,,
1150537,2018/19,2018-11-11,Providence Stadium,2,7.5,India,Pakistan,M Raj,S Mandhana,Aliya Riaz,1,0,,,,,,,,,
1150537,2018/19,2018-11-11,Providence Stadium,2,7.6,India,Pakistan,S Mandhana,M Raj,Aliya Riaz,1,0,,,,,,,,,
1150537,2018/19,2018-11-11,Providence Stadium,2,8.1,India,Pakistan,S Mandhana,M Raj,Nida Dar,1,0,,,,,,,,,
1150537,2018/19,2018-11-11,Providence Stadium,2,8.2,India,Pakistan,M Raj,S Mandhana,Nida Dar,2,0,,,,,,,,,
1150537,2018/19,2018-11-11,Providence Stadium,2,8.3,India,Pakistan,M Raj,S Mandhana,Nida Dar,0,0,,,,,,,,,
1150537,2018/19,2018-11-11,Providence Stadium,2,8.4,India,Pakistan,M Raj,S Mandhana,Nida Dar,0,0,,,,,,,,,
1150537,2018/19,2018-11-11,Providence Stadium,2,8.5,India,Pakistan,M Raj,S Mandhana,Nida Dar,0,1,1,,,,,,,,
1150537,2018/19,2018-11-11,Providence Stadium,2,8.6,India,Pakistan,M Raj,S Mandhana,Nida Dar,0,0,,,,,,,,,
1150537,2018/19,2018-11-11,Providence Stadium,2,8.7,India,Pakistan,M Raj,S Mandhana,Nida Dar,0,0,,,,,,,,,
1150537,2018/19,2018-11-11,Providence Stadium,2,9.1,India,Pakistan,S Mandhana,M Raj,Bismah Maroof,2,0,,,,,,,,,
1150537,2018/19,2018-11-11,Providence Stadium,2,9.2,India,Pakistan,S Mandhana,M Raj,Bismah Maroof,4,0,,,,,,,,,
1150537,2018/19,2018-11-11,Providence Stadium,2,9.3,India,Pakistan,S Mandhana,M Raj,Bismah Maroof,0,0,,,,,,caught,S Mandhana,,
1150537,2018/19,2018-11-11,Providence Stadium,2,9.4,India,Pakistan,JI Rodrigues,M Raj,Bismah Maroof,0,0,,,,,,,,,
1150537,2018/19,2018-11-11,Providence Stadium,2,9.5,India,Pakistan,JI Rodrigues,M Raj,Bismah Maroof,0,0,,,,,,,,,
1150537,2018/19,2018-11-11,Providence Stadium,2,9.6,India,Pakistan,JI Rodrigues,M Raj,Bismah Maroof,1,0,,,,,,,,,
1150537,2018/19,2018-11-11,Providence Stadium,2,10.1,India,Pakistan,JI Rodrigues,M Raj,Nida Dar,0,0,,,,,,,,,
1150537,2018/19,2018-11-11,Providence Stadium,2,10.2,India,Pakistan,JI Rodrigues,M Raj,Nida Dar,1,0,,,,,,,,,
1150537,2018/19,2018-11-11,Providence Stadium,2,10.3,India,Pakistan,M Raj,JI Rodrigues,Nida Dar,0,0,,,,,,,,,
1150537,2018/19,2018-11-11,Providence Stadium,2,10.4,India,Pakistan,M Raj,JI Rodrigues,Nida Dar,1,0,,,,,,,,,
1150537,2018/19,2018-11-11,Providence Stadium,2,10.5,India,Pakistan,JI Rodrigues,M Raj,Nida Dar,1,0,,,,,,,,,
1150537,2018/19,2018-11-11,Providence Stadium,2,10.6,India,Pakistan,M Raj,JI Rodrigues,Nida Dar,1,0,,,,,,,,,
1150537,2018/19,2018-11-11,Providence Stadium,2,11.1,India,Pakistan,M Raj,JI Rodrigues,Bismah Maroof,1,0,,,,,,,,,
1150537,2018/19,2018-11-11,Providence Stadium,2,11.2,India,Pakistan,JI Rodrigues,M Raj,Bismah Maroof,1,0,,,,,,,,,
1150537,2018/19,2018-11-11,Providence Stadium,2,11.3,India,Pakistan,M Raj,JI Rodrigues,Bismah Maroof,1,0,,,,,,,,,
1150537,2018/19,2018-11-11,Providence Stadium,2,11.4,India,Pakistan,JI Rodrigues,M Raj,Bismah Maroof,0,0,,,,,,,,,
1150537,2018/19,2018-11-11,Providence Stadium,2,11.5,India,Pakistan,JI Rodrigues,M Raj,Bismah Maroof,2,0,,,,,,,,,
1150537,2018/19,2018-11-11,Providence Stadium,2,11.6,India,Pakistan,JI Rodrigues,M Raj,Bismah Maroof,1,0,,,,,,,,,
1150537,2018/19,2018-11-11,Providence Stadium,2,12.1,India,Pakistan,JI Rodrigues,M Raj,Sana Mir,0,0,,,,,,,,,
1150537,2018/19,2018-11-11,Providence Stadium,2,12.2,India,Pakistan,JI Rodrigues,M Raj,Sana Mir,1,0,,,,,,,,,
1150537,2018/19,2018-11-11,Providence Stadium,2,12.3,India,Pakistan,M Raj,JI Rodrigues,Sana Mir,1,0,,,,,,,,,
1150537,2018/19,2018-11-11,Providence Stadium,2,12.4,India,Pakistan,JI Rodrigues,M Raj,Sana Mir,0,1,1,,,,,,,,
1150537,2018/19,2018-11-11,Providence Stadium,2,12.5,India,Pakistan,JI Rodrigues,M Raj,Sana Mir,0,0,,,,,,,,,
1150537,2018/19,2018-11-11,Providence Stadium,2,12.6,India,Pakistan,JI Rodrigues,M Raj,Sana Mir,1,0,,,,,,,,,
1150537,2018/19,2018-11-11,Providence Stadium,2,12.7,India,Pakistan,M Raj,JI Rodrigues,Sana Mir,1,0,,,,,,,,,
1150537,2018/19,2018-11-11,Providence Stadium,2,13.1,India,Pakistan,M Raj,JI Rodrigues,Bismah Maroof,1,0,,,,,,,,,
1150537,2018/19,2018-11-11,Providence Stadium,2,13.2,India,Pakistan,JI Rodrigues,M Raj,Bismah Maroof,1,0,,,,,,,,,
1150537,2018/19,2018-11-11,Providence Stadium,2,13.3,India,Pakistan,M Raj,JI Rodrigues,Bismah Maroof,1,0,,,,,,,,,
1150537,2018/19,2018-11-11,Providence Stadium,2,13.4,India,Pakistan,JI Rodrigues,M Raj,Bismah Maroof,0,0,,,,,,,,,
1150537,2018/19,2018-11-11,Providence Stadium,2,13.5,India,Pakistan,JI Rodrigues,M Raj,Bismah Maroof,4,0,,,,,,,,,
1150537,2018/19,2018-11-11,Providence Stadium,2,13.6,India,Pakistan,JI Rodrigues,M Raj,Bismah Maroof,1,0,,,,,,,,,
1150537,2018/19,2018-11-11,Providence Stadium,2,14.1,India,Pakistan,JI Rodrigues,M Raj,Nida Dar,1,0,,,,,,,,,
1150537,2018/19,2018-11-11,Providence Stadium,2,14.2,India,Pakistan,M Raj,JI Rodrigues,Nida Dar,2,0,,,,,,,,,
1150537,2018/19,2018-11-11,Providence Stadium,2,14.3,India,Pakistan,M Raj,JI Rodrigues,Nida Dar,1,0,,,,,,,,,
1150537,2018/19,2018-11-11,Providence Stadium,2,14.4,India,Pakistan,JI Rodrigues,M Raj,Nida Dar,0,0,,,,,,,,,
1150537,2018/19,2018-11-11,Providence Stadium,2,14.5,India,Pakistan,JI Rodrigues,M Raj,Nida Dar,0,0,,,,,,caught and bowled,JI Rodrigues,,
1150537,2018/19,2018-11-11,Providence Stadium,2,14.6,India,Pakistan,H Kaur,M Raj,Nida Dar,0,0,,,,,,,,,
1150537,2018/19,2018-11-11,Providence Stadium,2,15.1,India,Pakistan,M Raj,H Kaur,Anam Amin,2,0,,,,,,,,,
1150537,2018/19,2018-11-11,Providence Stadium,2,15.2,India,Pakistan,M Raj,H Kaur,Anam Amin,4,0,,,,,,,,,
1150537,2018/19,2018-11-11,Providence Stadium,2,15.3,India,Pakistan,M Raj,H Kaur,Anam Amin,1,0,,,,,,,,,
1150537,2018/19,2018-11-11,Providence Stadium,2,15.4,India,Pakistan,H Kaur,M Raj,Anam Amin,0,0,,,,,,,,,
1150537,2018/19,2018-11-11,Providence Stadium,2,15.5,India,Pakistan,H Kaur,M Raj,Anam Amin,1,0,,,,,,,,,
1150537,2018/19,2018-11-11,Providence Stadium,2,15.6,India,Pakistan,M Raj,H Kaur,Anam Amin,2,0,,,,,,,,,
1150537,2018/19,2018-11-11,Providence Stadium,2,16.1,India,Pakistan,H Kaur,M Raj,Sana Mir,1,0,,,,,,,,,
1150537,2018/19,2018-11-11,Providence Stadium,2,16.2,India,Pakistan,M Raj,H Kaur,Sana Mir,1,0,,,,,,,,,
1150537,2018/19,2018-11-11,Providence Stadium,2,16.3,India,Pakistan,H Kaur,M Raj,Sana Mir,2,0,,,,,,,,,
1150537,2018/19,2018-11-11,Providence Stadium,2,16.4,India,Pakistan,H Kaur,M Raj,Sana Mir,0,0,,,,,,,,,
1150537,2018/19,2018-11-11,Providence Stadium,2,16.5,India,Pakistan,H Kaur,M Raj,Sana Mir,0,0,,,,,,,,,
1150537,2018/19,2018-11-11,Providence Stadium,2,16.6,India,Pakistan,H Kaur,M Raj,Sana Mir,4,0,,,,,,,,,
1150537,2018/19,2018-11-11,Providence Stadium,2,17.1,India,Pakistan,M Raj,H Kaur,Diana Baig,1,0,,,,,,,,,
1150537,2018/19,2018-11-11,Providence Stadium,2,17.2,India,Pakistan,H Kaur,M Raj,Diana Baig,4,0,,,,,,,,,
1150537,2018/19,2018-11-11,Providence Stadium,2,17.3,India,Pakistan,H Kaur,M Raj,Diana Baig,1,0,,,,,,,,,
1150537,2018/19,2018-11-11,Providence Stadium,2,17.4,India,Pakistan,M Raj,H Kaur,Diana Baig,0,1,1,,,,,,,,
1150537,2018/19,2018-11-11,Providence Stadium,2,17.5,India,Pakistan,M Raj,H Kaur,Diana Baig,0,0,,,,,,caught,M Raj,,
1150537,2018/19,2018-11-11,Providence Stadium,2,17.6,India,Pakistan,H Kaur,V Krishnamurthy,Diana Baig,0,0,,,,,,,,,
1150537,2018/19,2018-11-11,Providence Stadium,2,17.7,India,Pakistan,H Kaur,V Krishnamurthy,Diana Baig,0,0,,,,,,,,,
1150537,2018/19,2018-11-11,Providence Stadium,2,18.1,India,Pakistan,V Krishnamurthy,H Kaur,Aliya Riaz,0,2,2,,,,,,,,
1150537,2018/19,2018-11-11,Providence Stadium,2,18.2,India,Pakistan,H Kaur,V Krishnamurthy,Aliya Riaz,1,0,,,,,,,,,
1150537,2018/19,2018-11-11,Providence Stadium,2,18.3,India,Pakistan,V Krishnamurthy,H Kaur,Aliya Riaz,0,0,,,,,,,,,
1150537,2018/19,2018-11-11,Providence Stadium,2,18.4,India,Pakistan,V Krishnamurthy,H Kaur,Aliya Riaz,0,0,,,,,,,,,
1150537,2018/19,2018-11-11,Providence Stadium,2,18.5,India,Pakistan,V Krishnamurthy,H Kaur,Aliya Riaz,2,0,,,,,,,,,
1150537,2018/19,2018-11-11,Providence Stadium,2,18.6,India,Pakistan,V Krishnamurthy,H Kaur,Aliya Riaz,2,0,,,,,,,,,
1150537,2018/19,2018-11-11,Providence Stadium,2,18.7,India,Pakistan,V Krishnamurthy,H Kaur,Aliya Riaz,4,0,,,,,,,,,
