match_id,season,start_date,venue,innings,ball,batting_team,bowling_team,striker,non_striker,bowler,runs_off_bat,extras,wides,noballs,byes,legbyes,penalty,wicket_type,player_dismissed,other_wicket_type,other_player_dismissed
1150548,2018/19,2018-11-16,"Daren Sammy National Cricket Stadium, Gros Islet",1,0.1,West Indies,Sri Lanka,HK Matthews,DJS Dottin,KDU Prabodhani,0,0,,,,,,,,,
1150548,2018/19,2018-11-16,"Daren Sammy National Cricket Stadium, Gros Islet",1,0.2,West Indies,Sri Lanka,HK Matthews,DJS Dottin,KDU Prabodhani,4,0,,,,,,,,,
1150548,2018/19,2018-11-16,"Daren Sammy National Cricket Stadium, Gros Islet",1,0.3,West Indies,Sri Lanka,HK Matthews,DJS Dottin,KDU Prabodhani,1,0,,,,,,,,,
1150548,2018/19,2018-11-16,"Daren Sammy National Cricket Stadium, Gros Islet",1,0.4,West Indies,Sri Lanka,DJS Dottin,HK Matthews,KDU Prabodhani,0,0,,,,,,,,,
1150548,2018/19,2018-11-16,"Daren Sammy National Cricket Stadium, Gros Islet",1,0.5,West Indies,Sri Lanka,DJS Dottin,HK Matthews,KDU Prabodhani,1,0,,,,,,,,,
1150548,2018/19,2018-11-16,"Daren Sammy National Cricket Stadium, Gros Islet",1,0.6,West Indies,Sri Lanka,HK Matthews,DJS Dottin,KDU Prabodhani,2,0,,,,,,,,,
1150548,2018/19,2018-11-16,"Daren Sammy National Cricket Stadium, Gros Islet",1,1.1,West Indies,Sri Lanka,DJS Dottin,HK Matthews,OU Ranasinghe,0,0,,,,,,,,,
1150548,2018/19,2018-11-16,"Daren Sammy National Cricket Stadium, Gros Islet",1,1.2,West Indies,Sri Lanka,DJS Dottin,HK Matthews,OU Ranasinghe,4,0,,,,,,,,,
1150548,2018/19,2018-11-16,"Daren Sammy National Cricket Stadium, Gros Islet",1,1.3,West Indies,Sri Lanka,DJS Dottin,HK Matthews,OU Ranasinghe,4,0,,,,,,,,,
1150548,2018/19,2018-11-16,"Daren Sammy National Cricket Stadium, Gros Islet",1,1.4,West Indies,Sri Lanka,DJS Dottin,HK Matthews,OU Ranasinghe,0,0,,,,,,,,,
1150548,2018/19,2018-11-16,"Daren Sammy National Cricket Stadium, Gros Islet",1,1.5,West Indies,Sri Lanka,DJS Dottin,HK Matthews,OU Ranasinghe,0,0,,,,,,,,,
1150548,2018/19,2018-11-16,"Daren Sammy National Cricket Stadium, Gros Islet",1,1.6,West Indies,Sri Lanka,DJS Dottin,HK Matthews,OU Ranasinghe,0,0,,,,,,,,,
1150548,2018/19,2018-11-16,"Daren Sammy National Cricket Stadium, Gros Islet",1,2.1,West Indies,Sri Lanka,HK Matthews,DJS Dottin,KDU Prabodhani,4,0,,,,,,,,,
1150548,2018/19,2018-11-16,"Daren Sammy National Cricket Stadium, Gros Islet",1,2.2,West Indies,Sri Lanka,HK Matthews,DJS Dottin,KDU Prabodhani,2,0,,,,,,,,,
1150548,2018/19,2018-11-16,"Daren Sammy National Cricket Stadium, Gros Islet",1,2.3,West Indies,Sri Lanka,HK Matthews,DJS Dottin,KDU Prabodhani,0,0,,,,,,,,,
1150548,2018/19,2018-11-16,"Daren Sammy National Cricket Stadium, Gros Islet",1,2.4,West Indies,Sri Lanka,HK Matthews,DJS Dottin,KDU Prabodhani,1,0,,,,,,,,,
1150548,2018/19,2018-11-16,"Daren Sammy National Cricket Stadium, Gros Islet",1,2.5,West Indies,Sri Lanka,DJS Dottin,HK Matthews,KDU Prabodhani,4,0,,,,,,,,,
1150548,2018/19,2018-11-16,"Daren Sammy National Cricket Stadium, Gros Islet",1,2.6,West Indies,Sri Lanka,DJS Dottin,HK Matthews,KDU Prabodhani,2,0,,,,,,,,,
1150548,2018/19,2018-11-16,"Daren Sammy National Cricket Stadium, Gros Islet",1,3.1,West Indies,Sri Lanka,HK Matthews,DJS Dottin,HASD Siriwardene,6,0,,,,,,,,,
1150548,2018/19,2018-11-16,"Daren Sammy National Cricket Stadium, Gros Islet",1,3.2,West Indies,Sri Lanka,HK Matthews,DJS Dottin,HASD Siriwardene,4,0,,,,,,,,,
1150548,2018/19,2018-11-16,"Daren Sammy National Cricket Stadium, Gros Islet",1,3.3,West Indies,Sri Lanka,HK Matthews,DJS Dottin,HASD Siriwardene,0,0,,,,,,,,,
1150548,2018/19,2018-11-16,"Daren Sammy National Cricket Stadium, Gros Islet",1,3.4,West Indies,Sri Lanka,HK Matthews,DJS Dottin,HASD Siriwardene,4,0,,,,,,,,,
1150548,2018/19,2018-11-16,"Daren Sammy National Cricket Stadium, Gros Islet",1,3.5,West Indies,Sri Lanka,HK Matthews,DJS Dottin,HASD Siriwardene,0,0,,,,,,,,,
1150548,2018/19,2018-11-16,"Daren Sammy National Cricket Stadium, Gros Islet",1,3.6,West Indies,Sri Lanka,HK Matthews,DJS Dottin,HASD Siriwardene,2,0,,,,,,,,,
1150548,2018/19,2018-11-16,"Daren Sammy National Cricket Stadium, Gros Islet",1,4.1,West Indies,Sri Lanka,DJS Dottin,HK Matthews,AC Jayangani,1,0,,,,,,,,,
1150548,2018/19,2018-11-16,"Daren Sammy National Cricket Stadium, Gros Islet",1,4.2,West Indies,Sri Lanka,HK Matthews,DJS Dottin,AC Jayangani,3,0,,,,,,,,,
1150548,2018/19,2018-11-16,"Daren Sammy National Cricket Stadium, Gros Islet",1,4.3,West Indies,Sri Lanka,DJS Dottin,HK Matthews,AC Jayangani,1,0,,,,,,,,,
1150548,2018/19,2018-11-16,"Daren Sammy National Cricket Stadium, Gros Islet",1,4.4,West Indies,Sri Lanka,HK Matthews,DJS Dottin,AC Jayangani,4,0,,,,,,,,,
1150548,2018/19,2018-11-16,"Daren Sammy National Cricket Stadium, Gros Islet",1,4.5,West Indies,Sri Lanka,HK Matthews,DJS Dottin,AC Jayangani,0,4,,,4,,,,,,
1150548,2018/19,2018-11-16,"Daren Sammy National Cricket Stadium, Gros Islet",1,4.6,West Indies,Sri Lanka,HK Matthews,DJS Dottin,AC Jayangani,0,0,,,,,,,,,
1150548,2018/19,2018-11-16,"Daren Sammy National Cricket Stadium, Gros Islet",1,5.1,West Indies,Sri Lanka,DJS Dottin,HK Matthews,WK Dilhari,0,1,1,,,,,,,,
1150548,2018/19,2018-11-16,"Daren Sammy National Cricket Stadium, Gros Islet",1,5.2,West Indies,Sri Lanka,DJS Dottin,HK Matthews,WK Dilhari,1,0,,,,,,,,,
1150548,2018/19,2018-11-16,"Daren Sammy National Cricket Stadium, Gros Islet",1,5.3,West Indies,Sri Lanka,HK Matthews,DJS Dottin,WK Dilhari,2,0,,,,,,,,,
1150548,2018/19,2018-11-16,"Daren Sammy National Cricket Stadium, Gros Islet",1,5.4,West Indies,Sri Lanka,HK Matthews,DJS Dottin,WK Dilhari,0,0,,,,,,,,,
1150548,2018/19,2018-11-16,"Daren Sammy National Cricket Stadium, Gros Islet",1,5.5,West Indies,Sri Lanka,HK Matthews,DJS Dottin,WK Dilhari,0,0,,,,,,,,,
1150548,2018/19,2018-11-16,"Daren Sammy National Cricket Stadium, Gros Islet",1,5.6,West Indies,Sri Lanka,HK Matthews,DJS Dottin,WK Dilhari,4,0,,,,,,,,,
1150548,2018/19,2018-11-16,"Daren Sammy National Cricket Stadium, Gros Islet",1,5.7,West Indies,Sri Lanka,HK Matthews,DJS Dottin,WK Dilhari,6,0,,,,,,,,,
1150548,2018/19,2018-11-16,"Daren Sammy National Cricket Stadium, Gros Islet",1,6.1,West Indies,Sri Lanka,DJS Dottin,HK Matthews,BMSM Kumari,0,0,,,,,,,,,
1150548,2018/19,2018-11-16,"Daren Sammy National Cricket Stadium, Gros Islet",1,6.2,West Indies,Sri Lanka,DJS Dottin,HK Matthews,BMSM Kumari,2,0,,,,,,,,,
1150548,2018/19,2018-11-16,"Daren Sammy National Cricket Stadium, Gros Islet",1,6.3,West Indies,Sri Lanka,DJS Dottin,HK Matthews,BMSM Kumari,2,0,,,,,,,,,
1150548,2018/19,2018-11-16,"Daren Sammy National Cricket Stadium, Gros Islet",1,6.4,West Indies,Sri Lanka,DJS Dottin,HK Matthews,BMSM Kumari,0,0,,,,,,,,,
1150548,2018/19,2018-11-16,"Daren Sammy National Cricket Stadium, Gros Islet",1,6.5,West Indies,Sri Lanka,DJS Dottin,HK Matthews,BMSM Kumari,0,0,,,,,,,,,
1150548,2018/19,2018-11-16,"Daren Sammy National Cricket Stadium, Gros Islet",1,6.6,West Indies,Sri Lanka,DJS Dottin,HK Matthews,BMSM Kumari,2,0,,,,,,,,,
1150548,2018/19,2018-11-16,"Daren Sammy National Cricket Stadium, Gros Islet",1,7.1,West Indies,Sri Lanka,HK Matthews,DJS Dottin,HASD Siriwardene,0,0,,,,,,,,,
1150548,2018/19,2018-11-16,"Daren Sammy National Cricket Stadium, Gros Islet",1,7.2,West Indies,Sri Lanka,HK Matthews,DJS Dottin,HASD Siriwardene,1,0,,,,,,,,,
1150548,2018/19,2018-11-16,"Daren Sammy National Cricket Stadium, Gros Islet",1,7.3,West Indies,Sri Lanka,DJS Dottin,HK Matthews,HASD Siriwardene,1,0,,,,,,,,,
1150548,2018/19,2018-11-16,"Daren Sammy National Cricket Stadium, Gros Islet",1,7.4,West Indies,Sri Lanka,HK Matthews,DJS Dottin,HASD Siriwardene,0,0,,,,,,,,,
1150548,2018/19,2018-11-16,"Daren Sammy National Cricket Stadium, Gros Islet",1,7.5,West Indies,Sri Lanka,HK Matthews,DJS Dottin,HASD Siriwardene,0,0,,,,,,,,,
1150548,2018/19,2018-11-16,"Daren Sammy National Cricket Stadium, Gros Islet",1,7.6,West Indies,Sri Lanka,HK Matthews,DJS Dottin,HASD Siriwardene,4,0,,,,,,,,,
1150548,2018/19,2018-11-16,"Daren Sammy National Cricket Stadium, Gros Islet",1,8.1,West Indies,Sri Lanka,DJS Dottin,HK Matthews,BMSM Kumari,1,0,,,,,,,,,
1150548,2018/19,2018-11-16,"Daren Sammy National Cricket Stadium, Gros Islet",1,8.2,West Indies,Sri Lanka,HK Matthews,DJS Dottin,BMSM Kumari,0,0,,,,,,,,,
1150548,2018/19,2018-11-16,"Daren Sammy National Cricket Stadium, Gros Islet",1,8.3,West Indies,Sri Lanka,HK Matthews,DJS Dottin,BMSM Kumari,4,0,,,,,,,,,
1150548,2018/19,2018-11-16,"Daren Sammy National Cricket Stadium, Gros Islet",1,8.4,West Indies,Sri Lanka,HK Matthews,DJS Dottin,BMSM Kumari,0,0,,,,,,,,,
1150548,2018/19,2018-11-16,"Daren Sammy National Cricket Stadium, Gros Islet",1,8.5,West Indies,Sri Lanka,HK Matthews,DJS Dottin,BMSM Kumari,2,0,,,,,,,,,
1150548,2018/19,2018-11-16,"Daren Sammy National Cricket Stadium, Gros Islet",1,8.6,West Indies,Sri Lanka,HK Matthews,DJS Dottin,BMSM Kumari,1,0,,,,,,,,,
1150548,2018/19,2018-11-16,"Daren Sammy National Cricket Stadium, Gros Islet",1,9.1,West Indies,Sri Lanka,HK Matthews,DJS Dottin,OU Ranasinghe,1,0,,,,,,,,,
1150548,2018/19,2018-11-16,"Daren Sammy National Cricket Stadium, Gros Islet",1,9.2,West Indies,Sri Lanka,DJS Dottin,HK Matthews,OU Ranasinghe,1,0,,,,,,,,,
1150548,2018/19,2018-11-16,"Daren Sammy National Cricket Stadium, Gros Islet",1,9.3,West Indies,Sri Lanka,HK Matthews,DJS Dottin,OU Ranasinghe,0,0,,,,,,,,,
1150548,2018/19,2018-11-16,"Daren Sammy National Cricket Stadium, Gros Islet",1,9.4,West Indies,Sri Lanka,HK Matthews,DJS Dottin,OU Ranasinghe,0,0,,,,,,caught,HK Matthews,,
1150548,2018/19,2018-11-16,"Daren Sammy National Cricket Stadium, Gros Islet",1,9.5,West Indies,Sri Lanka,SR Taylor,DJS Dottin,OU Ranasinghe,0,0,,,,,,,,,
1150548,2018/19,2018-11-16,"Daren Sammy National Cricket Stadium, Gros Islet",1,9.6,West Indies,Sri Lanka,SR Taylor,DJS Dottin,OU Ranasinghe,4,0,,,,,,,,,
1150548,2018/19,2018-11-16,"Daren Sammy National Cricket Stadium, Gros Islet",1,10.1,West Indies,Sri Lanka,DJS Dottin,SR Taylor,BMSM Kumari,4,0,,,,,,,,,
1150548,2018/19,2018-11-16,"Daren Sammy National Cricket Stadium, Gros Islet",1,10.2,West Indies,Sri Lanka,DJS Dottin,SR Taylor,BMSM Kumari,0,0,,,,,,,,,
1150548,2018/19,2018-11-16,"Daren Sammy National Cricket Stadium, Gros Islet",1,10.3,West Indies,Sri Lanka,DJS Dottin,SR Taylor,BMSM Kumari,4,0,,,,,,,,,
1150548,2018/19,2018-11-16,"Daren Sammy National Cricket Stadium, Gros Islet",1,10.4,West Indies,Sri Lanka,DJS Dottin,SR Taylor,BMSM Kumari,0,0,,,,,,,,,
1150548,2018/19,2018-11-16,"Daren Sammy National Cricket Stadium, Gros Islet",1,10.5,West Indies,Sri Lanka,DJS Dottin,SR Taylor,BMSM Kumari,0,0,,,,,,,,,
1150548,2018/19,2018-11-16,"Daren Sammy National Cricket Stadium, Gros Islet",1,10.6,West Indies,Sri Lanka,DJS Dottin,SR Taylor,BMSM Kumari,4,0,,,,,,,,,
1150548,2018/19,2018-11-16,"Daren Sammy National Cricket Stadium, Gros Islet",1,11.1,West Indies,Sri Lanka,SR Taylor,DJS Dottin,AC Jayangani,4,0,,,,,,,,,
1150548,2018/19,2018-11-16,"Daren Sammy National Cricket Stadium, Gros Islet",1,11.2,West Indies,Sri Lanka,SR Taylor,DJS Dottin,AC Jayangani,1,0,,,,,,,,,
1150548,2018/19,2018-11-16,"Daren Sammy National Cricket Stadium, Gros Islet",1,11.3,West Indies,Sri Lanka,DJS Dottin,SR Taylor,AC Jayangani,0,0,,,,,,,,,
1150548,2018/19,2018-11-16,"Daren Sammy National Cricket Stadium, Gros Islet",1,11.4,West Indies,Sri Lanka,DJS Dottin,SR Taylor,AC Jayangani,0,0,,,,,,,,,
1150548,2018/19,2018-11-16,"Daren Sammy National Cricket Stadium, Gros Islet",1,11.5,West Indies,Sri Lanka,DJS Dottin,SR Taylor,AC Jayangani,4,0,,,,,,,,,
1150548,2018/19,2018-11-16,"Daren Sammy National Cricket Stadium, Gros Islet",1,11.6,West Indies,Sri Lanka,DJS Dottin,SR Taylor,AC Jayangani,4,0,,,,,,,,,
1150548,2018/19,2018-11-16,"Daren Sammy National Cricket Stadium, Gros Islet",1,12.1,West Indies,Sri Lanka,SR Taylor,DJS Dottin,KDU Prabodhani,1,0,,,,,,,,,
1150548,2018/19,2018-11-16,"Daren Sammy National Cricket Stadium, Gros Islet",1,12.2,West Indies,Sri Lanka,DJS Dottin,SR Taylor,KDU Prabodhani,2,1,,1,,,,,,,
1150548,2018/19,2018-11-16,"Daren Sammy National Cricket Stadium, Gros Islet",1,12.3,West Indies,Sri Lanka,DJS Dottin,SR Taylor,KDU Prabodhani,0,0,,,,,,,,,
1150548,2018/19,2018-11-16,"Daren Sammy National Cricket Stadium, Gros Islet",1,12.4,West Indies,Sri Lanka,DJS Dottin,SR Taylor,KDU Prabodhani,0,0,,,,,,lbw,DJS Dottin,,
1150548,2018/19,2018-11-16,"Daren Sammy National Cricket Stadium, Gros Islet",1,12.5,West Indies,Sri Lanka,NY McLean,SR Taylor,KDU Prabodhani,3,0,,,,,,,,,
1150548,2018/19,2018-11-16,"Daren Sammy National Cricket Stadium, Gros Islet",1,12.6,West Indies,Sri Lanka,SR Taylor,NY McLean,KDU Prabodhani,1,0,,,,,,,,,
1150548,2018/19,2018-11-16,"Daren Sammy National Cricket Stadium, Gros Islet",1,12.7,West Indies,Sri Lanka,NY McLean,SR Taylor,KDU Prabodhani,1,0,,,,,,,,,
1150548,2018/19,2018-11-16,"Daren Sammy National Cricket Stadium, Gros Islet",1,13.1,West Indies,Sri Lanka,NY McLean,SR Taylor,HASD Siriwardene,4,0,,,,,,,,,
1150548,2018/19,2018-11-16,"Daren Sammy National Cricket Stadium, Gros Islet",1,13.2,West Indies,Sri Lanka,NY McLean,SR Taylor,HASD Siriwardene,0,0,,,,,,,,,
1150548,2018/19,2018-11-16,"Daren Sammy National Cricket Stadium, Gros Islet",1,13.3,West Indies,Sri Lanka,NY McLean,SR Taylor,HASD Siriwardene,0,0,,,,,,,,,
1150548,2018/19,2018-11-16,"Daren Sammy National Cricket Stadium, Gros Islet",1,13.4,West Indies,Sri Lanka,NY McLean,SR Taylor,HASD Siriwardene,1,0,,,,,,,,,
1150548,2018/19,2018-11-16,"Daren Sammy National Cricket Stadium, Gros Islet",1,13.5,West Indies,Sri Lanka,SR Taylor,NY McLean,HASD Siriwardene,0,0,,,,,,,,,
1150548,2018/19,2018-11-16,"Daren Sammy National Cricket Stadium, Gros Islet",1,13.6,West Indies,Sri Lanka,SR Taylor,NY McLean,HASD Siriwardene,0,0,,,,,,,,,
1150548,2018/19,2018-11-16,"Daren Sammy National Cricket Stadium, Gros Islet",1,14.1,West Indies,Sri Lanka,NY McLean,SR Taylor,KDU Prabodhani,0,0,,,,,,,,,
1150548,2018/19,2018-11-16,"Daren Sammy National Cricket Stadium, Gros Islet",1,14.2,West Indies,Sri Lanka,NY McLean,SR Taylor,KDU Prabodhani,6,0,,,,,,,,,
1150548,2018/19,2018-11-16,"Daren Sammy National Cricket Stadium, Gros Islet",1,14.3,West Indies,Sri Lanka,NY McLean,SR Taylor,KDU Prabodhani,0,0,,,,,,,,,
1150548,2018/19,2018-11-16,"Daren Sammy National Cricket Stadium, Gros Islet",1,14.4,West Indies,Sri Lanka,NY McLean,SR Taylor,KDU Prabodhani,0,0,,,,,,,,,
1150548,2018/19,2018-11-16,"Daren Sammy National Cricket Stadium, Gros Islet",1,14.5,West Indies,Sri Lanka,NY McLean,SR Taylor,KDU Prabodhani,0,0,,,,,,,,,
1150548,2018/19,2018-11-16,"Daren Sammy National Cricket Stadium, Gros Islet",1,14.6,West Indies,Sri Lanka,NY McLean,SR Taylor,KDU Prabodhani,1,0,,,,,,,,,
1150548,2018/19,2018-11-16,"Daren Sammy National Cricket Stadium, Gros Islet",1,15.1,West Indies,Sri Lanka,NY McLean,SR Taylor,OU Ranasinghe,1,0,,,,,,,,,
1150548,2018/19,2018-11-16,"Daren Sammy National Cricket Stadium, Gros Islet",1,15.2,West Indies,Sri Lanka,SR Taylor,NY McLean,OU Ranasinghe,1,0,,,,,,run out,NY McLean,,
1150548,2018/19,2018-11-16,"Daren Sammy National Cricket Stadium, Gros Islet",1,15.3,West Indies,Sri Lanka,SR Taylor,Kycia A Knight,OU Ranasinghe,1,0,,,,,,,,,
1150548,2018/19,2018-11-16,"Daren Sammy National Cricket Stadium, Gros Islet",1,15.4,West Indies,Sri Lanka,Kycia A Knight,SR Taylor,OU Ranasinghe,0,0,,,,,,,,,
1150548,2018/19,2018-11-16,"Daren Sammy National Cricket Stadium, Gros Islet",1,15.5,West Indies,Sri Lanka,Kycia A Knight,SR Taylor,OU Ranasinghe,0,0,,,,,,,,,
1150548,2018/19,2018-11-16,"Daren Sammy National Cricket Stadium, Gros Islet",1,15.6,West Indies,Sri Lanka,Kycia A Knight,SR Taylor,OU Ranasinghe,0,0,,,,,,,,,
1150548,2018/19,2018-11-16,"Daren Sammy National Cricket Stadium, Gros Islet",1,16.1,West Indies,Sri Lanka,SR Taylor,Kycia A Knight,BMSM Kumari,1,0,,,,,,,,,
1150548,2018/19,2018-11-16,"Daren Sammy National Cricket Stadium, Gros Islet",1,16.2,West Indies,Sri Lanka,Kycia A Knight,SR Taylor,BMSM Kumari,0,0,,,,,,,,,
1150548,2018/19,2018-11-16,"Daren Sammy National Cricket Stadium, Gros Islet",1,16.3,West Indies,Sri Lanka,Kycia A Knight,SR Taylor,BMSM Kumari,0,0,,,,,,,,,
1150548,2018/19,2018-11-16,"Daren Sammy National Cricket Stadium, Gros Islet",1,16.4,West Indies,Sri Lanka,Kycia A Knight,SR Taylor,BMSM Kumari,0,0,,,,,,,,,
1150548,2018/19,2018-11-16,"Daren Sammy National Cricket Stadium, Gros Islet",1,16.5,West Indies,Sri Lanka,Kycia A Knight,SR Taylor,BMSM Kumari,1,0,,,,,,,,,
1150548,2018/19,2018-11-16,"Daren Sammy National Cricket Stadium, Gros Islet",1,16.6,West Indies,Sri Lanka,SR Taylor,Kycia A Knight,BMSM Kumari,0,1,1,,,,,,,,
1150548,2018/19,2018-11-16,"Daren Sammy National Cricket Stadium, Gros Islet",1,16.7,West Indies,Sri Lanka,SR Taylor,Kycia A Knight,BMSM Kumari,1,0,,,,,,,,,
1150548,2018/19,2018-11-16,"Daren Sammy National Cricket Stadium, Gros Islet",1,17.1,West Indies,Sri Lanka,SR Taylor,Kycia A Knight,OU Ranasinghe,0,0,,,,,,,,,
1150548,2018/19,2018-11-16,"Daren Sammy National Cricket Stadium, Gros Islet",1,17.2,West Indies,Sri Lanka,SR Taylor,Kycia A Knight,OU Ranasinghe,1,0,,,,,,,,,
1150548,2018/19,2018-11-16,"Daren Sammy National Cricket Stadium, Gros Islet",1,17.3,West Indies,Sri Lanka,Kycia A Knight,SR Taylor,OU Ranasinghe,0,1,,,,1,,,,,
1150548,2018/19,2018-11-16,"Daren Sammy National Cricket Stadium, Gros Islet",1,17.4,West Indies,Sri Lanka,SR Taylor,Kycia A Knight,OU Ranasinghe,1,0,,,,,,,,,
1150548,2018/19,2018-11-16,"Daren Sammy National Cricket Stadium, Gros Islet",1,17.5,West Indies,Sri Lanka,Kycia A Knight,SR Taylor,OU Ranasinghe,1,0,,,,,,,,,
1150548,2018/19,2018-11-16,"Daren Sammy National Cricket Stadium, Gros Islet",1,17.6,West Indies,Sri Lanka,SR Taylor,Kycia A Knight,OU Ranasinghe,1,0,,,,,,,,,
1150548,2018/19,2018-11-16,"Daren Sammy National Cricket Stadium, Gros Islet",1,18.1,West Indies,Sri Lanka,SR Taylor,Kycia A Knight,AC Jayangani,1,0,,,,,,,,,
1150548,2018/19,2018-11-16,"Daren Sammy National Cricket Stadium, Gros Islet",1,18.2,West Indies,Sri Lanka,Kycia A Knight,SR Taylor,AC Jayangani,1,0,,,,,,,,,
1150548,2018/19,2018-11-16,"Daren Sammy National Cricket Stadium, Gros Islet",1,18.3,West Indies,Sri Lanka,SR Taylor,Kycia A Knight,AC Jayangani,4,0,,,,,,,,,
1150548,2018/19,2018-11-16,"Daren Sammy National Cricket Stadium, Gros Islet",1,18.4,West Indies,Sri Lanka,SR Taylor,Kycia A Knight,AC Jayangani,0,0,,,,,,run out,Kycia A Knight,,
1150548,2018/19,2018-11-16,"Daren Sammy National Cricket Stadium, Gros Islet",1,18.5,West Indies,Sri Lanka,SR Taylor,B Cooper,AC Jayangani,4,0,,,,,,,,,
1150548,2018/19,2018-11-16,"Daren Sammy National Cricket Stadium, Gros Islet",1,18.6,West Indies,Sri Lanka,SR Taylor,B Cooper,AC Jayangani,1,0,,,,,,,,,
1150548,2018/19,2018-11-16,"Daren Sammy National Cricket Stadium, Gros Islet",1,19.1,West Indies,Sri Lanka,SR Taylor,B Cooper,HASD Siriwardene,6,0,,,,,,,,,
1150548,2018/19,2018-11-16,"Daren Sammy National Cricket Stadium, Gros Islet",1,19.2,West Indies,Sri Lanka,SR Taylor,B Cooper,HASD Siriwardene,1,0,,,,,,,,,
1150548,2018/19,2018-11-16,"Daren Sammy National Cricket Stadium, Gros Islet",1,19.3,West Indies,Sri Lanka,B Cooper,SR Taylor,HASD Siriwardene,0,1,,,,1,,,,,
1150548,2018/19,2018-11-16,"Daren Sammy National Cricket Stadium, Gros Islet",1,19.4,West Indies,Sri Lanka,SR Taylor,B Cooper,HASD Siriwardene,6,0,,,,,,,,,
1150548,2018/19,2018-11-16,"Daren Sammy National Cricket Stadium, Gros Islet",1,19.5,West Indies,Sri Lanka,SR Taylor,B Cooper,HASD Siriwardene,0,0,,,,,,caught,SR Taylor,,
1150548,2018/19,2018-11-16,"Daren Sammy National Cricket Stadium, Gros Islet",1,19.6,West Indies,Sri Lanka,B Cooper,CA Henry,HASD Siriwardene,6,0,,,,,,,,,
1150548,2018/19,2018-11-16,"Daren Sammy National Cricket Stadium, Gros Islet",2,0.1,Sri Lanka,West Indies,GWHM Perera,AC Jayangani,SC Selman,0,0,,,,,,,,,
1150548,2018/19,2018-11-16,"Daren Sammy National Cricket Stadium, Gros Islet",2,0.2,Sri Lanka,West Indies,GWHM Perera,AC Jayangani,SC Selman,2,0,,,,,,,,,
1150548,2018/19,2018-11-16,"Daren Sammy National Cricket Stadium, Gros Islet",2,0.3,Sri Lanka,West Indies,GWHM Perera,AC Jayangani,SC Selman,1,0,,,,,,,,,
1150548,2018/19,2018-11-16,"Daren Sammy National Cricket Stadium, Gros Islet",2,0.4,Sri Lanka,West Indies,AC Jayangani,GWHM Perera,SC Selman,0,0,,,,,,,,,
1150548,2018/19,2018-11-16,"Daren Sammy National Cricket Stadium, Gros Islet",2,0.5,Sri Lanka,West Indies,AC Jayangani,GWHM Perera,SC Selman,1,0,,,,,,,,,
1150548,2018/19,2018-11-16,"Daren Sammy National Cricket Stadium, Gros Islet",2,0.6,Sri Lanka,West Indies,GWHM Perera,AC Jayangani,SC Selman,0,0,,,,,,,,,
1150548,2018/19,2018-11-16,"Daren Sammy National Cricket Stadium, Gros Islet",2,1.1,Sri Lanka,West Indies,AC Jayangani,GWHM Perera,SS Connell,1,0,,,,,,,,,
1150548,2018/19,2018-11-16,"Daren Sammy National Cricket Stadium, Gros Islet",2,1.2,Sri Lanka,West Indies,GWHM Perera,AC Jayangani,SS Connell,1,0,,,,,,,,,
1150548,2018/19,2018-11-16,"Daren Sammy National Cricket Stadium, Gros Islet",2,1.3,Sri Lanka,West Indies,AC Jayangani,GWHM Perera,SS Connell,0,0,,,,,,,,,
1150548,2018/19,2018-11-16,"Daren Sammy National Cricket Stadium, Gros Islet",2,1.4,Sri Lanka,West Indies,AC Jayangani,GWHM Perera,SS Connell,1,0,,,,,,,,,
1150548,2018/19,2018-11-16,"Daren Sammy National Cricket Stadium, Gros Islet",2,1.5,Sri Lanka,West Indies,GWHM Perera,AC Jayangani,SS Connell,0,0,,,,,,,,,
1150548,2018/19,2018-11-16,"Daren Sammy National Cricket Stadium, Gros Islet",2,1.6,Sri Lanka,West Indies,GWHM Perera,AC Jayangani,SS Connell,1,0,,,,,,,,,
1150548,2018/19,2018-11-16,"Daren Sammy National Cricket Stadium, Gros Islet",2,2.1,Sri Lanka,West Indies,GWHM Perera,AC Jayangani,SC Selman,0,0,,,,,,,,,
1150548,2018/19,2018-11-16,"Daren Sammy National Cricket Stadium, Gros Islet",2,2.2,Sri Lanka,West Indies,GWHM Perera,AC Jayangani,SC Selman,4,0,,,,,,,,,
1150548,2018/19,2018-11-16,"Daren Sammy National Cricket Stadium, Gros Islet",2,2.3,Sri Lanka,West Indies,GWHM Perera,AC Jayangani,SC Selman,1,0,,,,,,,,,
1150548,2018/19,2018-11-16,"Daren Sammy National Cricket Stadium, Gros Islet",2,2.4,Sri Lanka,West Indies,AC Jayangani,GWHM Perera,SC Selman,1,0,,,,,,,,,
1150548,2018/19,2018-11-16,"Daren Sammy National Cricket Stadium, Gros Islet",2,2.5,Sri Lanka,West Indies,GWHM Perera,AC Jayangani,SC Selman,0,0,,,,,,,,,
1150548,2018/19,2018-11-16,"Daren Sammy National Cricket Stadium, Gros Islet",2,2.6,Sri Lanka,West Indies,GWHM Perera,AC Jayangani,SC Selman,0,0,,,,,,bowled,GWHM Perera,,
1150548,2018/19,2018-11-16,"Daren Sammy National Cricket Stadium, Gros Islet",2,3.1,Sri Lanka,West Indies,AC Jayangani,WK Dilhari,SS Connell,0,0,,,,,,,,,
1150548,2018/19,2018-11-16,"Daren Sammy National Cricket Stadium, Gros Islet",2,3.2,Sri Lanka,West Indies,AC Jayangani,WK Dilhari,SS Connell,4,0,,,,,,,,,
1150548,2018/19,2018-11-16,"Daren Sammy National Cricket Stadium, Gros Islet",2,3.3,Sri Lanka,West Indies,AC Jayangani,WK Dilhari,SS Connell,4,0,,,,,,,,,
1150548,2018/19,2018-11-16,"Daren Sammy National Cricket Stadium, Gros Islet",2,3.4,Sri Lanka,West Indies,AC Jayangani,WK Dilhari,SS Connell,0,0,,,,,,,,,
1150548,2018/19,2018-11-16,"Daren Sammy National Cricket Stadium, Gros Islet",2,3.5,Sri Lanka,West Indies,AC Jayangani,WK Dilhari,SS Connell,0,0,,,,,,,,,
1150548,2018/19,2018-11-16,"Daren Sammy National Cricket Stadium, Gros Islet",2,3.6,Sri Lanka,West Indies,AC Jayangani,WK Dilhari,SS Connell,4,0,,,,,,,,,
1150548,2018/19,2018-11-16,"Daren Sammy National Cricket Stadium, Gros Islet",2,4.1,Sri Lanka,West Indies,WK Dilhari,AC Jayangani,SC Selman,0,0,,,,,,,,,
1150548,2018/19,2018-11-16,"Daren Sammy National Cricket Stadium, Gros Islet",2,4.2,Sri Lanka,West Indies,WK Dilhari,AC Jayangani,SC Selman,0,0,,,,,,,,,
1150548,2018/19,2018-11-16,"Daren Sammy National Cricket Stadium, Gros Islet",2,4.3,Sri Lanka,West Indies,WK Dilhari,AC Jayangani,SC Selman,1,0,,,,,,,,,
1150548,2018/19,2018-11-16,"Daren Sammy National Cricket Stadium, Gros Islet",2,4.4,Sri Lanka,West Indies,AC Jayangani,WK Dilhari,SC Selman,1,0,,,,,,,,,
1150548,2018/19,2018-11-16,"Daren Sammy National Cricket Stadium, Gros Islet",2,4.5,Sri Lanka,West Indies,WK Dilhari,AC Jayangani,SC Selman,0,0,,,,,,,,,
1150548,2018/19,2018-11-16,"Daren Sammy National Cricket Stadium, Gros Islet",2,4.6,Sri Lanka,West Indies,WK Dilhari,AC Jayangani,SC Selman,1,0,,,,,,,,,
1150548,2018/19,2018-11-16,"Daren Sammy National Cricket Stadium, Gros Islet",2,5.1,Sri Lanka,West Indies,WK Dilhari,AC Jayangani,SR Taylor,1,0,,,,,,,,,
1150548,2018/19,2018-11-16,"Daren Sammy National Cricket Stadium, Gros Islet",2,5.2,Sri Lanka,West Indies,AC Jayangani,WK Dilhari,SR Taylor,1,0,,,,,,,,,
1150548,2018/19,2018-11-16,"Daren Sammy National Cricket Stadium, Gros Islet",2,5.3,Sri Lanka,West Indies,WK Dilhari,AC Jayangani,SR Taylor,2,0,,,,,,,,,
1150548,2018/19,2018-11-16,"Daren Sammy National Cricket Stadium, Gros Islet",2,5.4,Sri Lanka,West Indies,WK Dilhari,AC Jayangani,SR Taylor,0,0,,,,,,,,,
1150548,2018/19,2018-11-16,"Daren Sammy National Cricket Stadium, Gros Islet",2,5.5,Sri Lanka,West Indies,WK Dilhari,AC Jayangani,SR Taylor,0,0,,,,,,run out,WK Dilhari,,
1150548,2018/19,2018-11-16,"Daren Sammy National Cricket Stadium, Gros Islet",2,5.6,Sri Lanka,West Indies,AC Jayangani,HASD Siriwardene,SR Taylor,0,0,,,,,,,,,
1150548,2018/19,2018-11-16,"Daren Sammy National Cricket Stadium, Gros Islet",2,6.1,Sri Lanka,West Indies,HASD Siriwardene,AC Jayangani,SC Selman,1,0,,,,,,,,,
1150548,2018/19,2018-11-16,"Daren Sammy National Cricket Stadium, Gros Islet",2,6.2,Sri Lanka,West Indies,AC Jayangani,HASD Siriwardene,SC Selman,4,0,,,,,,,,,
1150548,2018/19,2018-11-16,"Daren Sammy National Cricket Stadium, Gros Islet",2,6.3,Sri Lanka,West Indies,AC Jayangani,HASD Siriwardene,SC Selman,1,0,,,,,,,,,
1150548,2018/19,2018-11-16,"Daren Sammy National Cricket Stadium, Gros Islet",2,6.4,Sri Lanka,West Indies,HASD Siriwardene,AC Jayangani,SC Selman,2,0,,,,,,,,,
1150548,2018/19,2018-11-16,"Daren Sammy National Cricket Stadium, Gros Islet",2,6.5,Sri Lanka,West Indies,HASD Siriwardene,AC Jayangani,SC Selman,2,0,,,,,,,,,
1150548,2018/19,2018-11-16,"Daren Sammy National Cricket Stadium, Gros Islet",2,6.6,Sri Lanka,West Indies,HASD Siriwardene,AC Jayangani,SC Selman,1,0,,,,,,,,,
1150548,2018/19,2018-11-16,"Daren Sammy National Cricket Stadium, Gros Islet",2,7.1,Sri Lanka,West Indies,HASD Siriwardene,AC Jayangani,SR Taylor,0,1,1,,,,,,,,
1150548,2018/19,2018-11-16,"Daren Sammy National Cricket Stadium, Gros Islet",2,7.2,Sri Lanka,West Indies,HASD Siriwardene,AC Jayangani,SR Taylor,0,0,,,,,,caught,HASD Siriwardene,,
1150548,2018/19,2018-11-16,"Daren Sammy National Cricket Stadium, Gros Islet",2,7.3,Sri Lanka,West Indies,AC Jayangani,LE Kaushalya,SR Taylor,1,0,,,,,,,,,
1150548,2018/19,2018-11-16,"Daren Sammy National Cricket Stadium, Gros Islet",2,7.4,Sri Lanka,West Indies,LE Kaushalya,AC Jayangani,SR Taylor,0,0,,,,,,,,,
1150548,2018/19,2018-11-16,"Daren Sammy National Cricket Stadium, Gros Islet",2,7.5,Sri Lanka,West Indies,LE Kaushalya,AC Jayangani,SR Taylor,4,0,,,,,,,,,
1150548,2018/19,2018-11-16,"Daren Sammy National Cricket Stadium, Gros Islet",2,7.6,Sri Lanka,West Indies,LE Kaushalya,AC Jayangani,SR Taylor,0,0,,,,,,,,,
1150548,2018/19,2018-11-16,"Daren Sammy National Cricket Stadium, Gros Islet",2,7.7,Sri Lanka,West Indies,LE Kaushalya,AC Jayangani,SR Taylor,4,0,,,,,,,,,
1150548,2018/19,2018-11-16,"Daren Sammy National Cricket Stadium, Gros Islet",2,8.1,Sri Lanka,West Indies,AC Jayangani,LE Kaushalya,DJS Dottin,0,0,,,,,,,,,
1150548,2018/19,2018-11-16,"Daren Sammy National Cricket Stadium, Gros Islet",2,8.2,Sri Lanka,West Indies,AC Jayangani,LE Kaushalya,DJS Dottin,0,1,1,,,,,,,,
1150548,2018/19,2018-11-16,"Daren Sammy National Cricket Stadium, Gros Islet",2,8.3,Sri Lanka,West Indies,AC Jayangani,LE Kaushalya,DJS Dottin,0,0,,,,,,,,,
1150548,2018/19,2018-11-16,"Daren Sammy National Cricket Stadium, Gros Islet",2,8.4,Sri Lanka,West Indies,AC Jayangani,LE Kaushalya,DJS Dottin,0,0,,,,,,,,,
1150548,2018/19,2018-11-16,"Daren Sammy National Cricket Stadium, Gros Islet",2,8.5,Sri Lanka,West Indies,AC Jayangani,LE Kaushalya,DJS Dottin,1,0,,,,,,,,,
1150548,2018/19,2018-11-16,"Daren Sammy National Cricket Stadium, Gros Islet",2,8.6,Sri Lanka,West Indies,LE Kaushalya,AC Jayangani,DJS Dottin,0,0,,,,,,,,,
1150548,2018/19,2018-11-16,"Daren Sammy National Cricket Stadium, Gros Islet",2,8.7,Sri Lanka,West Indies,LE Kaushalya,AC Jayangani,DJS Dottin,0,0,,,,,,bowled,LE Kaushalya,,
1150548,2018/19,2018-11-16,"Daren Sammy National Cricket Stadium, Gros Islet",2,9.1,Sri Lanka,West Indies,AC Jayangani,NND de Silva,CA Henry,2,0,,,,,,,,,
1150548,2018/19,2018-11-16,"Daren Sammy National Cricket Stadium, Gros Islet",2,9.2,Sri Lanka,West Indies,AC Jayangani,NND de Silva,CA Henry,1,0,,,,,,,,,
1150548,2018/19,2018-11-16,"Daren Sammy National Cricket Stadium, Gros Islet",2,9.3,Sri Lanka,West Indies,NND de Silva,AC Jayangani,CA Henry,0,0,,,,,,,,,
1150548,2018/19,2018-11-16,"Daren Sammy National Cricket Stadium, Gros Islet",2,9.4,Sri Lanka,West Indies,NND de Silva,AC Jayangani,CA Henry,0,0,,,,,,,,,
1150548,2018/19,2018-11-16,"Daren Sammy National Cricket Stadium, Gros Islet",2,9.5,Sri Lanka,West Indies,NND de Silva,AC Jayangani,CA Henry,1,0,,,,,,,,,
1150548,2018/19,2018-11-16,"Daren Sammy National Cricket Stadium, Gros Islet",2,9.6,Sri Lanka,West Indies,AC Jayangani,NND de Silva,CA Henry,0,0,,,,,,,,,
1150548,2018/19,2018-11-16,"Daren Sammy National Cricket Stadium, Gros Islet",2,10.1,Sri Lanka,West Indies,NND de Silva,AC Jayangani,DJS Dottin,0,1,1,,,,,,,,
1150548,2018/19,2018-11-16,"Daren Sammy National Cricket Stadium, Gros Islet",2,10.2,Sri Lanka,West Indies,NND de Silva,AC Jayangani,DJS Dottin,0,1,1,,,,,,,,
1150548,2018/19,2018-11-16,"Daren Sammy National Cricket Stadium, Gros Islet",2,10.3,Sri Lanka,West Indies,NND de Silva,AC Jayangani,DJS Dottin,1,0,,,,,,,,,
1150548,2018/19,2018-11-16,"Daren Sammy National Cricket Stadium, Gros Islet",2,10.4,Sri Lanka,West Indies,AC Jayangani,NND de Silva,DJS Dottin,0,0,,,,,,,,,
1150548,2018/19,2018-11-16,"Daren Sammy National Cricket Stadium, Gros Islet",2,10.5,Sri Lanka,West Indies,AC Jayangani,NND de Silva,DJS Dottin,4,0,,,,,,,,,
1150548,2018/19,2018-11-16,"Daren Sammy National Cricket Stadium, Gros Islet",2,10.6,Sri Lanka,West Indies,AC Jayangani,NND de Silva,DJS Dottin,3,0,,,,,,,,,
1150548,2018/19,2018-11-16,"Daren Sammy National Cricket Stadium, Gros Islet",2,10.7,Sri Lanka,West Indies,NND de Silva,AC Jayangani,DJS Dottin,1,0,,,,,,,,,
1150548,2018/19,2018-11-16,"Daren Sammy National Cricket Stadium, Gros Islet",2,10.8,Sri Lanka,West Indies,AC Jayangani,NND de Silva,DJS Dottin,0,0,,,,,,,,,
1150548,2018/19,2018-11-16,"Daren Sammy National Cricket Stadium, Gros Islet",2,11.1,Sri Lanka,West Indies,NND de Silva,AC Jayangani,CA Henry,0,0,,,,,,,,,
1150548,2018/19,2018-11-16,"Daren Sammy National Cricket Stadium, Gros Islet",2,11.2,Sri Lanka,West Indies,NND de Silva,AC Jayangani,CA Henry,0,0,,,,,,,,,
1150548,2018/19,2018-11-16,"Daren Sammy National Cricket Stadium, Gros Islet",2,11.3,Sri Lanka,West Indies,NND de Silva,AC Jayangani,CA Henry,4,0,,,,,,,,,
1150548,2018/19,2018-11-16,"Daren Sammy National Cricket Stadium, Gros Islet",2,11.4,Sri Lanka,West Indies,NND de Silva,AC Jayangani,CA Henry,1,0,,,,,,,,,
1150548,2018/19,2018-11-16,"Daren Sammy National Cricket Stadium, Gros Islet",2,11.5,Sri Lanka,West Indies,AC Jayangani,NND de Silva,CA Henry,4,0,,,,,,,,,
1150548,2018/19,2018-11-16,"Daren Sammy National Cricket Stadium, Gros Islet",2,11.6,Sri Lanka,West Indies,AC Jayangani,NND de Silva,CA Henry,0,0,,,,,,,,,
1150548,2018/19,2018-11-16,"Daren Sammy National Cricket Stadium, Gros Islet",2,12.1,Sri Lanka,West Indies,NND de Silva,AC Jayangani,HK Matthews,2,0,,,,,,,,,
1150548,2018/19,2018-11-16,"Daren Sammy National Cricket Stadium, Gros Islet",2,12.2,Sri Lanka,West Indies,NND de Silva,AC Jayangani,HK Matthews,1,0,,,,,,,,,
1150548,2018/19,2018-11-16,"Daren Sammy National Cricket Stadium, Gros Islet",2,12.3,Sri Lanka,West Indies,AC Jayangani,NND de Silva,HK Matthews,4,0,,,,,,,,,
1150548,2018/19,2018-11-16,"Daren Sammy National Cricket Stadium, Gros Islet",2,12.4,Sri Lanka,West Indies,AC Jayangani,NND de Silva,HK Matthews,1,0,,,,,,,,,
1150548,2018/19,2018-11-16,"Daren Sammy National Cricket Stadium, Gros Islet",2,12.5,Sri Lanka,West Indies,NND de Silva,AC Jayangani,HK Matthews,0,0,,,,,,caught,NND de Silva,,
1150548,2018/19,2018-11-16,"Daren Sammy National Cricket Stadium, Gros Islet",2,12.6,Sri Lanka,West Indies,KADA Kanchana,AC Jayangani,HK Matthews,0,0,,,,,,caught,KADA Kanchana,,
1150548,2018/19,2018-11-16,"Daren Sammy National Cricket Stadium, Gros Islet",2,13.1,Sri Lanka,West Indies,AC Jayangani,MADD Surangika,CA Henry,0,0,,,,,,,,,
1150548,2018/19,2018-11-16,"Daren Sammy National Cricket Stadium, Gros Islet",2,13.2,Sri Lanka,West Indies,AC Jayangani,MADD Surangika,CA Henry,0,0,,,,,,caught,AC Jayangani,,
1150548,2018/19,2018-11-16,"Daren Sammy National Cricket Stadium, Gros Islet",2,13.3,Sri Lanka,West Indies,OU Ranasinghe,MADD Surangika,CA Henry,1,0,,,,,,,,,
1150548,2018/19,2018-11-16,"Daren Sammy National Cricket Stadium, Gros Islet",2,13.4,Sri Lanka,West Indies,MADD Surangika,OU Ranasinghe,CA Henry,0,0,,,,,,,,,
1150548,2018/19,2018-11-16,"Daren Sammy National Cricket Stadium, Gros Islet",2,13.5,Sri Lanka,West Indies,MADD Surangika,OU Ranasinghe,CA Henry,1,0,,,,,,,,,
1150548,2018/19,2018-11-16,"Daren Sammy National Cricket Stadium, Gros Islet",2,13.6,Sri Lanka,West Indies,OU Ranasinghe,MADD Surangika,CA Henry,0,0,,,,,,,,,
1150548,2018/19,2018-11-16,"Daren Sammy National Cricket Stadium, Gros Islet",2,14.1,Sri Lanka,West Indies,MADD Surangika,OU Ranasinghe,HK Matthews,4,0,,,,,,,,,
1150548,2018/19,2018-11-16,"Daren Sammy National Cricket Stadium, Gros Islet",2,14.2,Sri Lanka,West Indies,MADD Surangika,OU Ranasinghe,HK Matthews,0,0,,,,,,,,,
1150548,2018/19,2018-11-16,"Daren Sammy National Cricket Stadium, Gros Islet",2,14.3,Sri Lanka,West Indies,MADD Surangika,OU Ranasinghe,HK Matthews,1,0,,,,,,,,,
1150548,2018/19,2018-11-16,"Daren Sammy National Cricket Stadium, Gros Islet",2,14.4,Sri Lanka,West Indies,OU Ranasinghe,MADD Surangika,HK Matthews,0,0,,,,,,caught,OU Ranasinghe,,
1150548,2018/19,2018-11-16,"Daren Sammy National Cricket Stadium, Gros Islet",2,14.5,Sri Lanka,West Indies,MADD Surangika,BMSM Kumari,HK Matthews,0,0,,,,,,run out,BMSM Kumari,,
1150548,2018/19,2018-11-16,"Daren Sammy National Cricket Stadium, Gros Islet",2,14.6,Sri Lanka,West Indies,KDU Prabodhani,MADD Surangika,HK Matthews,0,0,,,,,,,,,
1150548,2018/19,2018-11-16,"Daren Sammy National Cricket Stadium, Gros Islet",2,15.1,Sri Lanka,West Indies,MADD Surangika,KDU Prabodhani,ASS Fletcher,1,0,,,,,,,,,
1150548,2018/19,2018-11-16,"Daren Sammy National Cricket Stadium, Gros Islet",2,15.2,Sri Lanka,West Indies,KDU Prabodhani,MADD Surangika,ASS Fletcher,0,0,,,,,,,,,
1150548,2018/19,2018-11-16,"Daren Sammy National Cricket Stadium, Gros Islet",2,15.3,Sri Lanka,West Indies,KDU Prabodhani,MADD Surangika,ASS Fletcher,1,0,,,,,,,,,
1150548,2018/19,2018-11-16,"Daren Sammy National Cricket Stadium, Gros Islet",2,15.4,Sri Lanka,West Indies,MADD Surangika,KDU Prabodhani,ASS Fletcher,1,0,,,,,,,,,
1150548,2018/19,2018-11-16,"Daren Sammy National Cricket Stadium, Gros Islet",2,15.5,Sri Lanka,West Indies,KDU Prabodhani,MADD Surangika,ASS Fletcher,0,0,,,,,,,,,
1150548,2018/19,2018-11-16,"Daren Sammy National Cricket Stadium, Gros Islet",2,15.6,Sri Lanka,West Indies,KDU Prabodhani,MADD Surangika,ASS Fletcher,1,0,,,,,,,,,
1150548,2018/19,2018-11-16,"Daren Sammy National Cricket Stadium, Gros Islet",2,16.1,Sri Lanka,West Indies,KDU Prabodhani,MADD Surangika,HK Matthews,2,0,,,,,,,,,
1150548,2018/19,2018-11-16,"Daren Sammy National Cricket Stadium, Gros Islet",2,16.2,Sri Lanka,West Indies,KDU Prabodhani,MADD Surangika,HK Matthews,0,0,,,,,,,,,
1150548,2018/19,2018-11-16,"Daren Sammy National Cricket Stadium, Gros Islet",2,16.3,Sri Lanka,West Indies,KDU Prabodhani,MADD Surangika,HK Matthews,1,0,,,,,,,,,
1150548,2018/19,2018-11-16,"Daren Sammy National Cricket Stadium, Gros Islet",2,16.4,Sri Lanka,West Indies,MADD Surangika,KDU Prabodhani,HK Matthews,0,0,,,,,,,,,
1150548,2018/19,2018-11-16,"Daren Sammy National Cricket Stadium, Gros Islet",2,16.5,Sri Lanka,West Indies,MADD Surangika,KDU Prabodhani,HK Matthews,0,0,,,,,,,,,
1150548,2018/19,2018-11-16,"Daren Sammy National Cricket Stadium, Gros Islet",2,16.6,Sri Lanka,West Indies,MADD Surangika,KDU Prabodhani,HK Matthews,0,0,,,,,,,,,
1150548,2018/19,2018-11-16,"Daren Sammy National Cricket Stadium, Gros Islet",2,17.1,Sri Lanka,West Indies,KDU Prabodhani,MADD Surangika,ASS Fletcher,0,0,,,,,,,,,
1150548,2018/19,2018-11-16,"Daren Sammy National Cricket Stadium, Gros Islet",2,17.2,Sri Lanka,West Indies,KDU Prabodhani,MADD Surangika,ASS Fletcher,2,0,,,,,,,,,
1150548,2018/19,2018-11-16,"Daren Sammy National Cricket Stadium, Gros Islet",2,17.3,Sri Lanka,West Indies,KDU Prabodhani,MADD Surangika,ASS Fletcher,0,0,,,,,,,,,
1150548,2018/19,2018-11-16,"Daren Sammy National Cricket Stadium, Gros Islet",2,17.4,Sri Lanka,West Indies,KDU Prabodhani,MADD Surangika,ASS Fletcher,0,0,,,,,,caught,KDU Prabodhani,,
