match_id,season,start_date,venue,innings,ball,batting_team,bowling_team,striker,non_striker,bowler,runs_off_bat,extras,wides,noballs,byes,legbyes,penalty,wicket_type,player_dismissed,other_wicket_type,other_player_dismissed
1150541,2018/19,2018-11-13,Providence Stadium,1,0.1,Pakistan,Ireland,Nahida Khan,Ayesha Zafar,EAJ Richardson,0,0,,,,,,,,,
1150541,2018/19,2018-11-13,Providence Stadium,1,0.2,Pakistan,Ireland,Nahida Khan,Ayesha Zafar,EAJ Richardson,1,0,,,,,,,,,
1150541,2018/19,2018-11-13,Providence Stadium,1,0.3,Pakistan,Ireland,Ayesha Zafar,Nahida Khan,EAJ Richardson,0,0,,,,,,,,,
1150541,2018/19,2018-11-13,Providence Stadium,1,0.4,Pakistan,Ireland,Ayesha Zafar,Nahida Khan,EAJ Richardson,1,0,,,,,,,,,
1150541,2018/19,2018-11-13,Providence Stadium,1,0.5,Pakistan,Ireland,Nahida Khan,Ayesha Zafar,EAJ Richardson,1,0,,,,,,,,,
1150541,2018/19,2018-11-13,Providence Stadium,1,0.6,Pakistan,Ireland,Ayesha Zafar,Nahida Khan,EAJ Richardson,0,0,,,,,,,,,
1150541,2018/19,2018-11-13,Providence Stadium,1,1.1,Pakistan,Ireland,Nahida Khan,Ayesha Zafar,LK O'Reilly,0,0,,,,,,,,,
1150541,2018/19,2018-11-13,Providence Stadium,1,1.2,Pakistan,Ireland,Nahida Khan,Ayesha Zafar,LK O'Reilly,0,0,,,,,,,,,
1150541,2018/19,2018-11-13,Providence Stadium,1,1.3,Pakistan,Ireland,Nahida Khan,Ayesha Zafar,LK O'Reilly,0,0,,,,,,,,,
1150541,2018/19,2018-11-13,Providence Stadium,1,1.4,Pakistan,Ireland,Nahida Khan,Ayesha Zafar,LK O'Reilly,0,0,,,,,,,,,
1150541,2018/19,2018-11-13,Providence Stadium,1,1.5,Pakistan,Ireland,Nahida Khan,Ayesha Zafar,LK O'Reilly,0,0,,,,,,,,,
1150541,2018/19,2018-11-13,Providence Stadium,1,1.6,Pakistan,Ireland,Nahida Khan,Ayesha Zafar,LK O'Reilly,0,0,,,,,,,,,
1150541,2018/19,2018-11-13,Providence Stadium,1,2.1,Pakistan,Ireland,Ayesha Zafar,Nahida Khan,EAJ Richardson,1,0,,,,,,,,,
1150541,2018/19,2018-11-13,Providence Stadium,1,2.2,Pakistan,Ireland,Nahida Khan,Ayesha Zafar,EAJ Richardson,0,0,,,,,,,,,
1150541,2018/19,2018-11-13,Providence Stadium,1,2.3,Pakistan,Ireland,Nahida Khan,Ayesha Zafar,EAJ Richardson,4,0,,,,,,,,,
1150541,2018/19,2018-11-13,Providence Stadium,1,2.4,Pakistan,Ireland,Nahida Khan,Ayesha Zafar,EAJ Richardson,1,0,,,,,,,,,
1150541,2018/19,2018-11-13,Providence Stadium,1,2.5,Pakistan,Ireland,Ayesha Zafar,Nahida Khan,EAJ Richardson,0,0,,,,,,,,,
1150541,2018/19,2018-11-13,Providence Stadium,1,2.6,Pakistan,Ireland,Ayesha Zafar,Nahida Khan,EAJ Richardson,1,0,,,,,,,,,
1150541,2018/19,2018-11-13,Providence Stadium,1,3.1,Pakistan,Ireland,Ayesha Zafar,Nahida Khan,KJ Garth,1,0,,,,,,,,,
1150541,2018/19,2018-11-13,Providence Stadium,1,3.2,Pakistan,Ireland,Nahida Khan,Ayesha Zafar,KJ Garth,0,0,,,,,,,,,
1150541,2018/19,2018-11-13,Providence Stadium,1,3.3,Pakistan,Ireland,Nahida Khan,Ayesha Zafar,KJ Garth,1,0,,,,,,,,,
1150541,2018/19,2018-11-13,Providence Stadium,1,3.4,Pakistan,Ireland,Ayesha Zafar,Nahida Khan,KJ Garth,1,0,,,,,,,,,
1150541,2018/19,2018-11-13,Providence Stadium,1,3.5,Pakistan,Ireland,Nahida Khan,Ayesha Zafar,KJ Garth,1,0,,,,,,,,,
1150541,2018/19,2018-11-13,Providence Stadium,1,3.6,Pakistan,Ireland,Ayesha Zafar,Nahida Khan,KJ Garth,0,0,,,,,,,,,
1150541,2018/19,2018-11-13,Providence Stadium,1,4.1,Pakistan,Ireland,Nahida Khan,Ayesha Zafar,CJ Metcalfe,1,0,,,,,,,,,
1150541,2018/19,2018-11-13,Providence Stadium,1,4.2,Pakistan,Ireland,Ayesha Zafar,Nahida Khan,CJ Metcalfe,1,0,,,,,,,,,
1150541,2018/19,2018-11-13,Providence Stadium,1,4.3,Pakistan,Ireland,Nahida Khan,Ayesha Zafar,CJ Metcalfe,0,0,,,,,,caught,Nahida Khan,,
1150541,2018/19,2018-11-13,Providence Stadium,1,4.4,Pakistan,Ireland,Javeria Khan,Ayesha Zafar,CJ Metcalfe,0,0,,,,,,,,,
1150541,2018/19,2018-11-13,Providence Stadium,1,4.5,Pakistan,Ireland,Javeria Khan,Ayesha Zafar,CJ Metcalfe,0,0,,,,,,,,,
1150541,2018/19,2018-11-13,Providence Stadium,1,4.6,Pakistan,Ireland,Javeria Khan,Ayesha Zafar,CJ Metcalfe,1,0,,,,,,,,,
1150541,2018/19,2018-11-13,Providence Stadium,1,5.1,Pakistan,Ireland,Javeria Khan,Ayesha Zafar,LK O'Reilly,0,0,,,,,,,,,
1150541,2018/19,2018-11-13,Providence Stadium,1,5.2,Pakistan,Ireland,Javeria Khan,Ayesha Zafar,LK O'Reilly,0,0,,,,,,,,,
1150541,2018/19,2018-11-13,Providence Stadium,1,5.3,Pakistan,Ireland,Javeria Khan,Ayesha Zafar,LK O'Reilly,0,0,,,,,,,,,
1150541,2018/19,2018-11-13,Providence Stadium,1,5.4,Pakistan,Ireland,Javeria Khan,Ayesha Zafar,LK O'Reilly,0,1,,,,1,,,,,
1150541,2018/19,2018-11-13,Providence Stadium,1,5.5,Pakistan,Ireland,Ayesha Zafar,Javeria Khan,LK O'Reilly,1,0,,,,,,,,,
1150541,2018/19,2018-11-13,Providence Stadium,1,5.6,Pakistan,Ireland,Javeria Khan,Ayesha Zafar,LK O'Reilly,1,0,,,,,,,,,
1150541,2018/19,2018-11-13,Providence Stadium,1,6.1,Pakistan,Ireland,Javeria Khan,Ayesha Zafar,CJ Metcalfe,0,0,,,,,,,,,
1150541,2018/19,2018-11-13,Providence Stadium,1,6.2,Pakistan,Ireland,Javeria Khan,Ayesha Zafar,CJ Metcalfe,1,0,,,,,,,,,
1150541,2018/19,2018-11-13,Providence Stadium,1,6.3,Pakistan,Ireland,Ayesha Zafar,Javeria Khan,CJ Metcalfe,1,0,,,,,,,,,
1150541,2018/19,2018-11-13,Providence Stadium,1,6.4,Pakistan,Ireland,Javeria Khan,Ayesha Zafar,CJ Metcalfe,0,0,,,,,,,,,
1150541,2018/19,2018-11-13,Providence Stadium,1,6.5,Pakistan,Ireland,Javeria Khan,Ayesha Zafar,CJ Metcalfe,0,0,,,,,,,,,
1150541,2018/19,2018-11-13,Providence Stadium,1,6.6,Pakistan,Ireland,Javeria Khan,Ayesha Zafar,CJ Metcalfe,1,0,,,,,,,,,
1150541,2018/19,2018-11-13,Providence Stadium,1,7.1,Pakistan,Ireland,Javeria Khan,Ayesha Zafar,KJ Garth,4,0,,,,,,,,,
1150541,2018/19,2018-11-13,Providence Stadium,1,7.2,Pakistan,Ireland,Javeria Khan,Ayesha Zafar,KJ Garth,1,0,,,,,,,,,
1150541,2018/19,2018-11-13,Providence Stadium,1,7.3,Pakistan,Ireland,Ayesha Zafar,Javeria Khan,KJ Garth,0,0,,,,,,,,,
1150541,2018/19,2018-11-13,Providence Stadium,1,7.4,Pakistan,Ireland,Ayesha Zafar,Javeria Khan,KJ Garth,0,0,,,,,,,,,
1150541,2018/19,2018-11-13,Providence Stadium,1,7.5,Pakistan,Ireland,Ayesha Zafar,Javeria Khan,KJ Garth,1,0,,,,,,,,,
1150541,2018/19,2018-11-13,Providence Stadium,1,7.6,Pakistan,Ireland,Javeria Khan,Ayesha Zafar,KJ Garth,0,0,,,,,,,,,
1150541,2018/19,2018-11-13,Providence Stadium,1,8.1,Pakistan,Ireland,Ayesha Zafar,Javeria Khan,C Raack,0,0,,,,,,,,,
1150541,2018/19,2018-11-13,Providence Stadium,1,8.2,Pakistan,Ireland,Ayesha Zafar,Javeria Khan,C Raack,1,0,,,,,,,,,
1150541,2018/19,2018-11-13,Providence Stadium,1,8.3,Pakistan,Ireland,Javeria Khan,Ayesha Zafar,C Raack,4,0,,,,,,,,,
1150541,2018/19,2018-11-13,Providence Stadium,1,8.4,Pakistan,Ireland,Javeria Khan,Ayesha Zafar,C Raack,4,0,,,,,,,,,
1150541,2018/19,2018-11-13,Providence Stadium,1,8.5,Pakistan,Ireland,Javeria Khan,Ayesha Zafar,C Raack,1,0,,,,,,,,,
1150541,2018/19,2018-11-13,Providence Stadium,1,8.6,Pakistan,Ireland,Ayesha Zafar,Javeria Khan,C Raack,1,0,,,,,,,,,
1150541,2018/19,2018-11-13,Providence Stadium,1,9.1,Pakistan,Ireland,Ayesha Zafar,Javeria Khan,L Delany,4,0,,,,,,,,,
1150541,2018/19,2018-11-13,Providence Stadium,1,9.2,Pakistan,Ireland,Ayesha Zafar,Javeria Khan,L Delany,0,1,1,,,,,,,,
1150541,2018/19,2018-11-13,Providence Stadium,1,9.3,Pakistan,Ireland,Ayesha Zafar,Javeria Khan,L Delany,4,0,,,,,,,,,
1150541,2018/19,2018-11-13,Providence Stadium,1,9.4,Pakistan,Ireland,Ayesha Zafar,Javeria Khan,L Delany,1,0,,,,,,,,,
1150541,2018/19,2018-11-13,Providence Stadium,1,9.5,Pakistan,Ireland,Javeria Khan,Ayesha Zafar,L Delany,1,0,,,,,,,,,
1150541,2018/19,2018-11-13,Providence Stadium,1,9.6,Pakistan,Ireland,Ayesha Zafar,Javeria Khan,L Delany,1,0,,,,,,,,,
1150541,2018/19,2018-11-13,Providence Stadium,1,9.7,Pakistan,Ireland,Javeria Khan,Ayesha Zafar,L Delany,1,0,,,,,,run out,Ayesha Zafar,,
1150541,2018/19,2018-11-13,Providence Stadium,1,10.1,Pakistan,Ireland,Umaima Sohail,Javeria Khan,C Raack,0,0,,,,,,,,,
1150541,2018/19,2018-11-13,Providence Stadium,1,10.2,Pakistan,Ireland,Umaima Sohail,Javeria Khan,C Raack,0,0,,,,,,,,,
1150541,2018/19,2018-11-13,Providence Stadium,1,10.3,Pakistan,Ireland,Umaima Sohail,Javeria Khan,C Raack,0,0,,,,,,,,,
1150541,2018/19,2018-11-13,Providence Stadium,1,10.4,Pakistan,Ireland,Umaima Sohail,Javeria Khan,C Raack,1,0,,,,,,,,,
1150541,2018/19,2018-11-13,Providence Stadium,1,10.5,Pakistan,Ireland,Javeria Khan,Umaima Sohail,C Raack,4,0,,,,,,,,,
1150541,2018/19,2018-11-13,Providence Stadium,1,10.6,Pakistan,Ireland,Javeria Khan,Umaima Sohail,C Raack,1,0,,,,,,,,,
1150541,2018/19,2018-11-13,Providence Stadium,1,11.1,Pakistan,Ireland,Javeria Khan,Umaima Sohail,IMHC Joyce,1,1,,1,,,,,,,
1150541,2018/19,2018-11-13,Providence Stadium,1,11.2,Pakistan,Ireland,Umaima Sohail,Javeria Khan,IMHC Joyce,0,0,,,,,,,,,
1150541,2018/19,2018-11-13,Providence Stadium,1,11.3,Pakistan,Ireland,Umaima Sohail,Javeria Khan,IMHC Joyce,2,0,,,,,,,,,
1150541,2018/19,2018-11-13,Providence Stadium,1,11.4,Pakistan,Ireland,Umaima Sohail,Javeria Khan,IMHC Joyce,1,0,,,,,,,,,
1150541,2018/19,2018-11-13,Providence Stadium,1,11.5,Pakistan,Ireland,Javeria Khan,Umaima Sohail,IMHC Joyce,4,0,,,,,,,,,
1150541,2018/19,2018-11-13,Providence Stadium,1,11.6,Pakistan,Ireland,Javeria Khan,Umaima Sohail,IMHC Joyce,2,0,,,,,,,,,
1150541,2018/19,2018-11-13,Providence Stadium,1,11.7,Pakistan,Ireland,Javeria Khan,Umaima Sohail,IMHC Joyce,1,0,,,,,,,,,
1150541,2018/19,2018-11-13,Providence Stadium,1,12.1,Pakistan,Ireland,Javeria Khan,Umaima Sohail,CJ Metcalfe,1,0,,,,,,,,,
1150541,2018/19,2018-11-13,Providence Stadium,1,12.2,Pakistan,Ireland,Umaima Sohail,Javeria Khan,CJ Metcalfe,0,0,,,,,,,,,
1150541,2018/19,2018-11-13,Providence Stadium,1,12.3,Pakistan,Ireland,Umaima Sohail,Javeria Khan,CJ Metcalfe,1,0,,,,,,,,,
1150541,2018/19,2018-11-13,Providence Stadium,1,12.4,Pakistan,Ireland,Javeria Khan,Umaima Sohail,CJ Metcalfe,4,0,,,,,,,,,
1150541,2018/19,2018-11-13,Providence Stadium,1,12.5,Pakistan,Ireland,Javeria Khan,Umaima Sohail,CJ Metcalfe,1,0,,,,,,,,,
1150541,2018/19,2018-11-13,Providence Stadium,1,12.6,Pakistan,Ireland,Umaima Sohail,Javeria Khan,CJ Metcalfe,3,0,,,,,,,,,
1150541,2018/19,2018-11-13,Providence Stadium,1,13.1,Pakistan,Ireland,Umaima Sohail,Javeria Khan,EAJ Richardson,4,0,,,,,,,,,
1150541,2018/19,2018-11-13,Providence Stadium,1,13.2,Pakistan,Ireland,Umaima Sohail,Javeria Khan,EAJ Richardson,1,0,,,,,,,,,
1150541,2018/19,2018-11-13,Providence Stadium,1,13.3,Pakistan,Ireland,Javeria Khan,Umaima Sohail,EAJ Richardson,0,0,,,,,,,,,
1150541,2018/19,2018-11-13,Providence Stadium,1,13.4,Pakistan,Ireland,Javeria Khan,Umaima Sohail,EAJ Richardson,1,0,,,,,,,,,
1150541,2018/19,2018-11-13,Providence Stadium,1,13.5,Pakistan,Ireland,Umaima Sohail,Javeria Khan,EAJ Richardson,2,0,,,,,,,,,
1150541,2018/19,2018-11-13,Providence Stadium,1,13.6,Pakistan,Ireland,Umaima Sohail,Javeria Khan,EAJ Richardson,0,0,,,,,,,,,
1150541,2018/19,2018-11-13,Providence Stadium,1,14.1,Pakistan,Ireland,Javeria Khan,Umaima Sohail,C Raack,0,0,,,,,,,,,
1150541,2018/19,2018-11-13,Providence Stadium,1,14.2,Pakistan,Ireland,Javeria Khan,Umaima Sohail,C Raack,1,0,,,,,,,,,
1150541,2018/19,2018-11-13,Providence Stadium,1,14.3,Pakistan,Ireland,Umaima Sohail,Javeria Khan,C Raack,0,0,,,,,,,,,
1150541,2018/19,2018-11-13,Providence Stadium,1,14.4,Pakistan,Ireland,Umaima Sohail,Javeria Khan,C Raack,1,0,,,,,,,,,
1150541,2018/19,2018-11-13,Providence Stadium,1,14.5,Pakistan,Ireland,Javeria Khan,Umaima Sohail,C Raack,0,0,,,,,,,,,
1150541,2018/19,2018-11-13,Providence Stadium,1,14.6,Pakistan,Ireland,Javeria Khan,Umaima Sohail,C Raack,2,0,,,,,,,,,
1150541,2018/19,2018-11-13,Providence Stadium,1,15.1,Pakistan,Ireland,Umaima Sohail,Javeria Khan,KJ Garth,1,0,,,,,,,,,
1150541,2018/19,2018-11-13,Providence Stadium,1,15.2,Pakistan,Ireland,Javeria Khan,Umaima Sohail,KJ Garth,1,0,,,,,,,,,
1150541,2018/19,2018-11-13,Providence Stadium,1,15.3,Pakistan,Ireland,Umaima Sohail,Javeria Khan,KJ Garth,1,0,,,,,,,,,
1150541,2018/19,2018-11-13,Providence Stadium,1,15.4,Pakistan,Ireland,Javeria Khan,Umaima Sohail,KJ Garth,0,1,1,,,,,,,,
1150541,2018/19,2018-11-13,Providence Stadium,1,15.5,Pakistan,Ireland,Javeria Khan,Umaima Sohail,KJ Garth,0,0,,,,,,,,,
1150541,2018/19,2018-11-13,Providence Stadium,1,15.6,Pakistan,Ireland,Javeria Khan,Umaima Sohail,KJ Garth,2,0,,,,,,,,,
1150541,2018/19,2018-11-13,Providence Stadium,1,15.7,Pakistan,Ireland,Javeria Khan,Umaima Sohail,KJ Garth,2,0,,,,,,,,,
1150541,2018/19,2018-11-13,Providence Stadium,1,16.1,Pakistan,Ireland,Umaima Sohail,Javeria Khan,C Raack,0,0,,,,,,caught,Umaima Sohail,,
1150541,2018/19,2018-11-13,Providence Stadium,1,16.2,Pakistan,Ireland,Javeria Khan,Nida Dar,C Raack,4,0,,,,,,,,,
1150541,2018/19,2018-11-13,Providence Stadium,1,16.3,Pakistan,Ireland,Javeria Khan,Nida Dar,C Raack,4,0,,,,,,,,,
1150541,2018/19,2018-11-13,Providence Stadium,1,16.4,Pakistan,Ireland,Javeria Khan,Nida Dar,C Raack,4,0,,,,,,,,,
1150541,2018/19,2018-11-13,Providence Stadium,1,16.5,Pakistan,Ireland,Javeria Khan,Nida Dar,C Raack,1,0,,,,,,,,,
1150541,2018/19,2018-11-13,Providence Stadium,1,16.6,Pakistan,Ireland,Nida Dar,Javeria Khan,C Raack,1,0,,,,,,,,,
1150541,2018/19,2018-11-13,Providence Stadium,1,17.1,Pakistan,Ireland,Nida Dar,Javeria Khan,LK O'Reilly,4,0,,,,,,,,,
1150541,2018/19,2018-11-13,Providence Stadium,1,17.2,Pakistan,Ireland,Nida Dar,Javeria Khan,LK O'Reilly,0,0,,,,,,,,,
1150541,2018/19,2018-11-13,Providence Stadium,1,17.3,Pakistan,Ireland,Nida Dar,Javeria Khan,LK O'Reilly,1,0,,,,,,,,,
1150541,2018/19,2018-11-13,Providence Stadium,1,17.4,Pakistan,Ireland,Javeria Khan,Nida Dar,LK O'Reilly,0,0,,,,,,,,,
1150541,2018/19,2018-11-13,Providence Stadium,1,17.5,Pakistan,Ireland,Javeria Khan,Nida Dar,LK O'Reilly,4,0,,,,,,,,,
1150541,2018/19,2018-11-13,Providence Stadium,1,17.6,Pakistan,Ireland,Javeria Khan,Nida Dar,LK O'Reilly,4,0,,,,,,,,,
1150541,2018/19,2018-11-13,Providence Stadium,1,18.1,Pakistan,Ireland,Nida Dar,Javeria Khan,KJ Garth,1,0,,,,,,,,,
1150541,2018/19,2018-11-13,Providence Stadium,1,18.2,Pakistan,Ireland,Javeria Khan,Nida Dar,KJ Garth,1,0,,,,,,,,,
1150541,2018/19,2018-11-13,Providence Stadium,1,18.3,Pakistan,Ireland,Nida Dar,Javeria Khan,KJ Garth,1,0,,,,,,,,,
1150541,2018/19,2018-11-13,Providence Stadium,1,18.4,Pakistan,Ireland,Javeria Khan,Nida Dar,KJ Garth,1,0,,,,,,,,,
1150541,2018/19,2018-11-13,Providence Stadium,1,18.5,Pakistan,Ireland,Nida Dar,Javeria Khan,KJ Garth,1,0,,,,,,,,,
1150541,2018/19,2018-11-13,Providence Stadium,1,18.6,Pakistan,Ireland,Javeria Khan,Nida Dar,KJ Garth,2,0,,,,,,,,,
1150541,2018/19,2018-11-13,Providence Stadium,1,19.1,Pakistan,Ireland,Nida Dar,Javeria Khan,LK O'Reilly,0,0,,,,,,stumped,Nida Dar,,
1150541,2018/19,2018-11-13,Providence Stadium,1,19.2,Pakistan,Ireland,Aliya Riaz,Javeria Khan,LK O'Reilly,1,0,,,,,,,,,
1150541,2018/19,2018-11-13,Providence Stadium,1,19.3,Pakistan,Ireland,Javeria Khan,Aliya Riaz,LK O'Reilly,0,0,,,,,,,,,
1150541,2018/19,2018-11-13,Providence Stadium,1,19.4,Pakistan,Ireland,Javeria Khan,Aliya Riaz,LK O'Reilly,0,1,1,,,,,,,,
1150541,2018/19,2018-11-13,Providence Stadium,1,19.5,Pakistan,Ireland,Javeria Khan,Aliya Riaz,LK O'Reilly,1,0,,,,,,,,,
1150541,2018/19,2018-11-13,Providence Stadium,1,19.6,Pakistan,Ireland,Aliya Riaz,Javeria Khan,LK O'Reilly,0,1,1,,,,,,,,
1150541,2018/19,2018-11-13,Providence Stadium,1,19.7,Pakistan,Ireland,Aliya Riaz,Javeria Khan,LK O'Reilly,0,0,,,,,,caught,Aliya Riaz,,
1150541,2018/19,2018-11-13,Providence Stadium,1,19.8,Pakistan,Ireland,Bismah Maroof,Javeria Khan,LK O'Reilly,0,0,,,,,,caught,Bismah Maroof,,
1150541,2018/19,2018-11-13,Providence Stadium,2,0.1,Ireland,Pakistan,CMA Shillington,GH Lewis,Sana Mir,0,0,,,,,,,,,
1150541,2018/19,2018-11-13,Providence Stadium,2,0.2,Ireland,Pakistan,CMA Shillington,GH Lewis,Sana Mir,0,0,,,,,,,,,
1150541,2018/19,2018-11-13,Providence Stadium,2,0.3,Ireland,Pakistan,CMA Shillington,GH Lewis,Sana Mir,2,0,,,,,,,,,
1150541,2018/19,2018-11-13,Providence Stadium,2,0.4,Ireland,Pakistan,CMA Shillington,GH Lewis,Sana Mir,0,0,,,,,,,,,
1150541,2018/19,2018-11-13,Providence Stadium,2,0.5,Ireland,Pakistan,CMA Shillington,GH Lewis,Sana Mir,0,0,,,,,,,,,
1150541,2018/19,2018-11-13,Providence Stadium,2,0.6,Ireland,Pakistan,CMA Shillington,GH Lewis,Sana Mir,1,0,,,,,,,,,
1150541,2018/19,2018-11-13,Providence Stadium,2,1.1,Ireland,Pakistan,CMA Shillington,GH Lewis,Aiman Anwer,0,0,,,,,,,,,
1150541,2018/19,2018-11-13,Providence Stadium,2,1.2,Ireland,Pakistan,CMA Shillington,GH Lewis,Aiman Anwer,0,0,,,,,,,,,
1150541,2018/19,2018-11-13,Providence Stadium,2,1.3,Ireland,Pakistan,CMA Shillington,GH Lewis,Aiman Anwer,0,0,,,,,,,,,
1150541,2018/19,2018-11-13,Providence Stadium,2,1.4,Ireland,Pakistan,CMA Shillington,GH Lewis,Aiman Anwer,0,0,,,,,,,,,
1150541,2018/19,2018-11-13,Providence Stadium,2,1.5,Ireland,Pakistan,CMA Shillington,GH Lewis,Aiman Anwer,4,0,,,,,,,,,
1150541,2018/19,2018-11-13,Providence Stadium,2,1.6,Ireland,Pakistan,CMA Shillington,GH Lewis,Aiman Anwer,0,0,,,,,,,,,
1150541,2018/19,2018-11-13,Providence Stadium,2,2.1,Ireland,Pakistan,GH Lewis,CMA Shillington,Sana Mir,0,0,,,,,,,,,
1150541,2018/19,2018-11-13,Providence Stadium,2,2.2,Ireland,Pakistan,GH Lewis,CMA Shillington,Sana Mir,0,0,,,,,,,,,
1150541,2018/19,2018-11-13,Providence Stadium,2,2.3,Ireland,Pakistan,GH Lewis,CMA Shillington,Sana Mir,0,5,5,,,,,,,,
1150541,2018/19,2018-11-13,Providence Stadium,2,2.4,Ireland,Pakistan,GH Lewis,CMA Shillington,Sana Mir,0,0,,,,,,,,,
1150541,2018/19,2018-11-13,Providence Stadium,2,2.5,Ireland,Pakistan,GH Lewis,CMA Shillington,Sana Mir,0,0,,,,,,,,,
1150541,2018/19,2018-11-13,Providence Stadium,2,2.6,Ireland,Pakistan,GH Lewis,CMA Shillington,Sana Mir,2,0,,,,,,,,,
1150541,2018/19,2018-11-13,Providence Stadium,2,2.7,Ireland,Pakistan,GH Lewis,CMA Shillington,Sana Mir,0,0,,,,,,stumped,GH Lewis,,
1150541,2018/19,2018-11-13,Providence Stadium,2,3.1,Ireland,Pakistan,CMA Shillington,IMHC Joyce,Aiman Anwer,0,0,,,,,,,,,
1150541,2018/19,2018-11-13,Providence Stadium,2,3.2,Ireland,Pakistan,CMA Shillington,IMHC Joyce,Aiman Anwer,0,1,,,,1,,,,,
1150541,2018/19,2018-11-13,Providence Stadium,2,3.3,Ireland,Pakistan,IMHC Joyce,CMA Shillington,Aiman Anwer,0,0,,,,,,,,,
1150541,2018/19,2018-11-13,Providence Stadium,2,3.4,Ireland,Pakistan,IMHC Joyce,CMA Shillington,Aiman Anwer,1,0,,,,,,,,,
1150541,2018/19,2018-11-13,Providence Stadium,2,3.5,Ireland,Pakistan,CMA Shillington,IMHC Joyce,Aiman Anwer,4,0,,,,,,,,,
1150541,2018/19,2018-11-13,Providence Stadium,2,3.6,Ireland,Pakistan,CMA Shillington,IMHC Joyce,Aiman Anwer,1,0,,,,,,,,,
1150541,2018/19,2018-11-13,Providence Stadium,2,4.1,Ireland,Pakistan,CMA Shillington,IMHC Joyce,Nida Dar,2,0,,,,,,,,,
1150541,2018/19,2018-11-13,Providence Stadium,2,4.2,Ireland,Pakistan,CMA Shillington,IMHC Joyce,Nida Dar,0,0,,,,,,,,,
1150541,2018/19,2018-11-13,Providence Stadium,2,4.3,Ireland,Pakistan,CMA Shillington,IMHC Joyce,Nida Dar,4,0,,,,,,,,,
1150541,2018/19,2018-11-13,Providence Stadium,2,4.4,Ireland,Pakistan,CMA Shillington,IMHC Joyce,Nida Dar,4,0,,,,,,,,,
1150541,2018/19,2018-11-13,Providence Stadium,2,4.5,Ireland,Pakistan,CMA Shillington,IMHC Joyce,Nida Dar,1,0,,,,,,,,,
1150541,2018/19,2018-11-13,Providence Stadium,2,4.6,Ireland,Pakistan,IMHC Joyce,CMA Shillington,Nida Dar,0,0,,,,,,,,,
1150541,2018/19,2018-11-13,Providence Stadium,2,5.1,Ireland,Pakistan,CMA Shillington,IMHC Joyce,Nashra Sandhu,0,0,,,,,,,,,
1150541,2018/19,2018-11-13,Providence Stadium,2,5.2,Ireland,Pakistan,CMA Shillington,IMHC Joyce,Nashra Sandhu,4,0,,,,,,,,,
1150541,2018/19,2018-11-13,Providence Stadium,2,5.3,Ireland,Pakistan,CMA Shillington,IMHC Joyce,Nashra Sandhu,0,0,,,,,,,,,
1150541,2018/19,2018-11-13,Providence Stadium,2,5.4,Ireland,Pakistan,CMA Shillington,IMHC Joyce,Nashra Sandhu,0,0,,,,,,bowled,CMA Shillington,,
1150541,2018/19,2018-11-13,Providence Stadium,2,5.5,Ireland,Pakistan,EAJ Richardson,IMHC Joyce,Nashra Sandhu,0,0,,,,,,,,,
1150541,2018/19,2018-11-13,Providence Stadium,2,5.6,Ireland,Pakistan,EAJ Richardson,IMHC Joyce,Nashra Sandhu,0,0,,,,,,,,,
1150541,2018/19,2018-11-13,Providence Stadium,2,6.1,Ireland,Pakistan,IMHC Joyce,EAJ Richardson,Nida Dar,0,0,,,,,,,,,
1150541,2018/19,2018-11-13,Providence Stadium,2,6.2,Ireland,Pakistan,IMHC Joyce,EAJ Richardson,Nida Dar,1,0,,,,,,,,,
1150541,2018/19,2018-11-13,Providence Stadium,2,6.3,Ireland,Pakistan,EAJ Richardson,IMHC Joyce,Nida Dar,0,0,,,,,,,,,
1150541,2018/19,2018-11-13,Providence Stadium,2,6.4,Ireland,Pakistan,EAJ Richardson,IMHC Joyce,Nida Dar,0,0,,,,,,,,,
1150541,2018/19,2018-11-13,Providence Stadium,2,6.5,Ireland,Pakistan,EAJ Richardson,IMHC Joyce,Nida Dar,0,0,,,,,,,,,
1150541,2018/19,2018-11-13,Providence Stadium,2,6.6,Ireland,Pakistan,EAJ Richardson,IMHC Joyce,Nida Dar,0,0,,,,,,,,,
1150541,2018/19,2018-11-13,Providence Stadium,2,7.1,Ireland,Pakistan,IMHC Joyce,EAJ Richardson,Nashra Sandhu,0,0,,,,,,,,,
1150541,2018/19,2018-11-13,Providence Stadium,2,7.2,Ireland,Pakistan,IMHC Joyce,EAJ Richardson,Nashra Sandhu,0,0,,,,,,,,,
1150541,2018/19,2018-11-13,Providence Stadium,2,7.3,Ireland,Pakistan,IMHC Joyce,EAJ Richardson,Nashra Sandhu,0,0,,,,,,,,,
1150541,2018/19,2018-11-13,Providence Stadium,2,7.4,Ireland,Pakistan,IMHC Joyce,EAJ Richardson,Nashra Sandhu,1,0,,,,,,,,,
1150541,2018/19,2018-11-13,Providence Stadium,2,7.5,Ireland,Pakistan,EAJ Richardson,IMHC Joyce,Nashra Sandhu,0,0,,,,,,,,,
1150541,2018/19,2018-11-13,Providence Stadium,2,7.6,Ireland,Pakistan,EAJ Richardson,IMHC Joyce,Nashra Sandhu,0,0,,,,,,lbw,EAJ Richardson,,
1150541,2018/19,2018-11-13,Providence Stadium,2,8.1,Ireland,Pakistan,IMHC Joyce,KJ Garth,Nida Dar,0,0,,,,,,,,,
1150541,2018/19,2018-11-13,Providence Stadium,2,8.2,Ireland,Pakistan,IMHC Joyce,KJ Garth,Nida Dar,0,0,,,,,,,,,
1150541,2018/19,2018-11-13,Providence Stadium,2,8.3,Ireland,Pakistan,IMHC Joyce,KJ Garth,Nida Dar,4,0,,,,,,,,,
1150541,2018/19,2018-11-13,Providence Stadium,2,8.4,Ireland,Pakistan,IMHC Joyce,KJ Garth,Nida Dar,0,0,,,,,,,,,
1150541,2018/19,2018-11-13,Providence Stadium,2,8.5,Ireland,Pakistan,IMHC Joyce,KJ Garth,Nida Dar,0,0,,,,,,,,,
1150541,2018/19,2018-11-13,Providence Stadium,2,8.6,Ireland,Pakistan,IMHC Joyce,KJ Garth,Nida Dar,1,0,,,,,,,,,
1150541,2018/19,2018-11-13,Providence Stadium,2,9.1,Ireland,Pakistan,IMHC Joyce,KJ Garth,Nashra Sandhu,1,0,,,,,,,,,
1150541,2018/19,2018-11-13,Providence Stadium,2,9.2,Ireland,Pakistan,KJ Garth,IMHC Joyce,Nashra Sandhu,0,0,,,,,,,,,
1150541,2018/19,2018-11-13,Providence Stadium,2,9.3,Ireland,Pakistan,KJ Garth,IMHC Joyce,Nashra Sandhu,0,0,,,,,,,,,
1150541,2018/19,2018-11-13,Providence Stadium,2,9.4,Ireland,Pakistan,KJ Garth,IMHC Joyce,Nashra Sandhu,0,0,,,,,,,,,
1150541,2018/19,2018-11-13,Providence Stadium,2,9.5,Ireland,Pakistan,KJ Garth,IMHC Joyce,Nashra Sandhu,0,0,,,,,,,,,
1150541,2018/19,2018-11-13,Providence Stadium,2,9.6,Ireland,Pakistan,KJ Garth,IMHC Joyce,Nashra Sandhu,0,0,,,,,,,,,
1150541,2018/19,2018-11-13,Providence Stadium,2,10.1,Ireland,Pakistan,IMHC Joyce,KJ Garth,Aliya Riaz,2,0,,,,,,,,,
1150541,2018/19,2018-11-13,Providence Stadium,2,10.2,Ireland,Pakistan,IMHC Joyce,KJ Garth,Aliya Riaz,1,0,,,,,,,,,
1150541,2018/19,2018-11-13,Providence Stadium,2,10.3,Ireland,Pakistan,KJ Garth,IMHC Joyce,Aliya Riaz,0,0,,,,,,,,,
1150541,2018/19,2018-11-13,Providence Stadium,2,10.4,Ireland,Pakistan,KJ Garth,IMHC Joyce,Aliya Riaz,1,0,,,,,,,,,
1150541,2018/19,2018-11-13,Providence Stadium,2,10.5,Ireland,Pakistan,IMHC Joyce,KJ Garth,Aliya Riaz,0,3,3,,,,,,,,
1150541,2018/19,2018-11-13,Providence Stadium,2,10.6,Ireland,Pakistan,IMHC Joyce,KJ Garth,Aliya Riaz,0,1,1,,,,,,,,
1150541,2018/19,2018-11-13,Providence Stadium,2,10.7,Ireland,Pakistan,IMHC Joyce,KJ Garth,Aliya Riaz,3,0,,,,,,,,,
1150541,2018/19,2018-11-13,Providence Stadium,2,10.8,Ireland,Pakistan,KJ Garth,IMHC Joyce,Aliya Riaz,1,0,,,,,,,,,
1150541,2018/19,2018-11-13,Providence Stadium,2,11.1,Ireland,Pakistan,KJ Garth,IMHC Joyce,Nashra Sandhu,0,0,,,,,,,,,
1150541,2018/19,2018-11-13,Providence Stadium,2,11.2,Ireland,Pakistan,KJ Garth,IMHC Joyce,Nashra Sandhu,0,0,,,,,,,,,
1150541,2018/19,2018-11-13,Providence Stadium,2,11.3,Ireland,Pakistan,KJ Garth,IMHC Joyce,Nashra Sandhu,1,0,,,,,,,,,
1150541,2018/19,2018-11-13,Providence Stadium,2,11.4,Ireland,Pakistan,IMHC Joyce,KJ Garth,Nashra Sandhu,0,0,,,,,,,,,
1150541,2018/19,2018-11-13,Providence Stadium,2,11.5,Ireland,Pakistan,IMHC Joyce,KJ Garth,Nashra Sandhu,1,0,,,,,,,,,
1150541,2018/19,2018-11-13,Providence Stadium,2,11.6,Ireland,Pakistan,KJ Garth,IMHC Joyce,Nashra Sandhu,0,0,,,,,,,,,
1150541,2018/19,2018-11-13,Providence Stadium,2,12.1,Ireland,Pakistan,IMHC Joyce,KJ Garth,Sana Mir,0,0,,,,,,,,,
1150541,2018/19,2018-11-13,Providence Stadium,2,12.2,Ireland,Pakistan,IMHC Joyce,KJ Garth,Sana Mir,4,0,,,,,,,,,
1150541,2018/19,2018-11-13,Providence Stadium,2,12.3,Ireland,Pakistan,IMHC Joyce,KJ Garth,Sana Mir,0,0,,,,,,,,,
1150541,2018/19,2018-11-13,Providence Stadium,2,12.4,Ireland,Pakistan,IMHC Joyce,KJ Garth,Sana Mir,0,0,,,,,,,,,
1150541,2018/19,2018-11-13,Providence Stadium,2,12.5,Ireland,Pakistan,IMHC Joyce,KJ Garth,Sana Mir,0,0,,,,,,,,,
1150541,2018/19,2018-11-13,Providence Stadium,2,12.6,Ireland,Pakistan,IMHC Joyce,KJ Garth,Sana Mir,4,0,,,,,,,,,
1150541,2018/19,2018-11-13,Providence Stadium,2,13.1,Ireland,Pakistan,KJ Garth,IMHC Joyce,Bismah Maroof,1,0,,,,,,,,,
1150541,2018/19,2018-11-13,Providence Stadium,2,13.2,Ireland,Pakistan,IMHC Joyce,KJ Garth,Bismah Maroof,1,0,,,,,,,,,
1150541,2018/19,2018-11-13,Providence Stadium,2,13.3,Ireland,Pakistan,KJ Garth,IMHC Joyce,Bismah Maroof,2,0,,,,,,,,,
1150541,2018/19,2018-11-13,Providence Stadium,2,13.4,Ireland,Pakistan,KJ Garth,IMHC Joyce,Bismah Maroof,0,0,,,,,,,,,
1150541,2018/19,2018-11-13,Providence Stadium,2,13.5,Ireland,Pakistan,KJ Garth,IMHC Joyce,Bismah Maroof,1,0,,,,,,,,,
1150541,2018/19,2018-11-13,Providence Stadium,2,13.6,Ireland,Pakistan,IMHC Joyce,KJ Garth,Bismah Maroof,1,0,,,,,,,,,
1150541,2018/19,2018-11-13,Providence Stadium,2,14.1,Ireland,Pakistan,IMHC Joyce,KJ Garth,Aiman Anwer,4,0,,,,,,,,,
1150541,2018/19,2018-11-13,Providence Stadium,2,14.2,Ireland,Pakistan,IMHC Joyce,KJ Garth,Aiman Anwer,0,0,,,,,,lbw,IMHC Joyce,,
1150541,2018/19,2018-11-13,Providence Stadium,2,14.3,Ireland,Pakistan,L Delany,KJ Garth,Aiman Anwer,1,0,,,,,,,,,
1150541,2018/19,2018-11-13,Providence Stadium,2,14.4,Ireland,Pakistan,KJ Garth,L Delany,Aiman Anwer,1,0,,,,,,,,,
1150541,2018/19,2018-11-13,Providence Stadium,2,14.5,Ireland,Pakistan,L Delany,KJ Garth,Aiman Anwer,2,0,,,,,,,,,
1150541,2018/19,2018-11-13,Providence Stadium,2,14.6,Ireland,Pakistan,L Delany,KJ Garth,Aiman Anwer,1,0,,,,,,,,,
1150541,2018/19,2018-11-13,Providence Stadium,2,15.1,Ireland,Pakistan,L Delany,KJ Garth,Bismah Maroof,1,0,,,,,,,,,
1150541,2018/19,2018-11-13,Providence Stadium,2,15.2,Ireland,Pakistan,KJ Garth,L Delany,Bismah Maroof,0,0,,,,,,bowled,KJ Garth,,
1150541,2018/19,2018-11-13,Providence Stadium,2,15.3,Ireland,Pakistan,SM Kavanagh,L Delany,Bismah Maroof,0,0,,,,,,,,,
1150541,2018/19,2018-11-13,Providence Stadium,2,15.4,Ireland,Pakistan,SM Kavanagh,L Delany,Bismah Maroof,1,0,,,,,,,,,
1150541,2018/19,2018-11-13,Providence Stadium,2,15.5,Ireland,Pakistan,L Delany,SM Kavanagh,Bismah Maroof,1,0,,,,,,,,,
1150541,2018/19,2018-11-13,Providence Stadium,2,15.6,Ireland,Pakistan,SM Kavanagh,L Delany,Bismah Maroof,1,0,,,,,,,,,
1150541,2018/19,2018-11-13,Providence Stadium,2,16.1,Ireland,Pakistan,SM Kavanagh,L Delany,Aiman Anwer,0,0,,,,,,bowled,SM Kavanagh,,
1150541,2018/19,2018-11-13,Providence Stadium,2,16.2,Ireland,Pakistan,MV Waldron,L Delany,Aiman Anwer,2,1,,1,,,,,,,
1150541,2018/19,2018-11-13,Providence Stadium,2,16.3,Ireland,Pakistan,MV Waldron,L Delany,Aiman Anwer,1,0,,,,,,,,,
1150541,2018/19,2018-11-13,Providence Stadium,2,16.4,Ireland,Pakistan,L Delany,MV Waldron,Aiman Anwer,0,0,,,,,,,,,
1150541,2018/19,2018-11-13,Providence Stadium,2,16.5,Ireland,Pakistan,L Delany,MV Waldron,Aiman Anwer,1,0,,,,,,,,,
1150541,2018/19,2018-11-13,Providence Stadium,2,16.6,Ireland,Pakistan,MV Waldron,L Delany,Aiman Anwer,1,0,,,,,,,,,
1150541,2018/19,2018-11-13,Providence Stadium,2,16.7,Ireland,Pakistan,L Delany,MV Waldron,Aiman Anwer,0,0,,,,,,,,,
1150541,2018/19,2018-11-13,Providence Stadium,2,17.1,Ireland,Pakistan,MV Waldron,L Delany,Aliya Riaz,0,0,,,,,,,,,
1150541,2018/19,2018-11-13,Providence Stadium,2,17.2,Ireland,Pakistan,MV Waldron,L Delany,Aliya Riaz,4,0,,,,,,,,,
1150541,2018/19,2018-11-13,Providence Stadium,2,17.3,Ireland,Pakistan,MV Waldron,L Delany,Aliya Riaz,0,0,,,,,,lbw,MV Waldron,,
1150541,2018/19,2018-11-13,Providence Stadium,2,17.4,Ireland,Pakistan,LK O'Reilly,L Delany,Aliya Riaz,0,0,,,,,,,,,
1150541,2018/19,2018-11-13,Providence Stadium,2,17.5,Ireland,Pakistan,LK O'Reilly,L Delany,Aliya Riaz,0,0,,,,,,,,,
1150541,2018/19,2018-11-13,Providence Stadium,2,17.6,Ireland,Pakistan,LK O'Reilly,L Delany,Aliya Riaz,0,0,,,,,,stumped,LK O'Reilly,,
1150541,2018/19,2018-11-13,Providence Stadium,2,18.1,Ireland,Pakistan,L Delany,C Raack,Sana Mir,0,0,,,,,,,,,
1150541,2018/19,2018-11-13,Providence Stadium,2,18.2,Ireland,Pakistan,L Delany,C Raack,Sana Mir,0,0,,,,,,bowled,L Delany,,
1150541,2018/19,2018-11-13,Providence Stadium,2,18.3,Ireland,Pakistan,CJ Metcalfe,C Raack,Sana Mir,2,0,,,,,,,,,
1150541,2018/19,2018-11-13,Providence Stadium,2,18.4,Ireland,Pakistan,CJ Metcalfe,C Raack,Sana Mir,0,0,,,,,,,,,
1150541,2018/19,2018-11-13,Providence Stadium,2,18.5,Ireland,Pakistan,CJ Metcalfe,C Raack,Sana Mir,0,0,,,,,,,,,
1150541,2018/19,2018-11-13,Providence Stadium,2,18.6,Ireland,Pakistan,CJ Metcalfe,C Raack,Sana Mir,0,0,,,,,,,,,
1150541,2018/19,2018-11-13,Providence Stadium,2,19.1,Ireland,Pakistan,C Raack,CJ Metcalfe,Nida Dar,0,0,,,,,,,,,
1150541,2018/19,2018-11-13,Providence Stadium,2,19.2,Ireland,Pakistan,C Raack,CJ Metcalfe,Nida Dar,2,0,,,,,,,,,
1150541,2018/19,2018-11-13,Providence Stadium,2,19.3,Ireland,Pakistan,C Raack,CJ Metcalfe,Nida Dar,1,0,,,,,,,,,
1150541,2018/19,2018-11-13,Providence Stadium,2,19.4,Ireland,Pakistan,CJ Metcalfe,C Raack,Nida Dar,0,0,,,,,,,,,
1150541,2018/19,2018-11-13,Providence Stadium,2,19.5,Ireland,Pakistan,CJ Metcalfe,C Raack,Nida Dar,0,0,,,,,,,,,
1150541,2018/19,2018-11-13,Providence Stadium,2,19.6,Ireland,Pakistan,CJ Metcalfe,C Raack,Nida Dar,1,0,,,,,,,,,
