match_id,season,start_date,venue,innings,ball,batting_team,bowling_team,striker,non_striker,bowler,runs_off_bat,extras,wides,noballs,byes,legbyes,penalty,wicket_type,player_dismissed,other_wicket_type,other_player_dismissed
1150547,2018/19,2018-11-16,"Daren Sammy National Cricket Stadium, Gros Islet",1,0.1,South Africa,England,L Lee,L Wolvaardt,NR Sciver,0,0,,,,,,,,,
1150547,2018/19,2018-11-16,"Daren Sammy National Cricket Stadium, Gros Islet",1,0.2,South Africa,England,L Lee,L Wolvaardt,NR Sciver,0,0,,,,,,,,,
1150547,2018/19,2018-11-16,"Daren Sammy National Cricket Stadium, Gros Islet",1,0.3,South Africa,England,L Lee,L Wolvaardt,NR Sciver,0,0,,,,,,,,,
1150547,2018/19,2018-11-16,"Daren Sammy National Cricket Stadium, Gros Islet",1,0.4,South Africa,England,L Lee,L Wolvaardt,NR Sciver,0,0,,,,,,,,,
1150547,2018/19,2018-11-16,"Daren Sammy National Cricket Stadium, Gros Islet",1,0.5,South Africa,England,L Lee,L Wolvaardt,NR Sciver,1,0,,,,,,,,,
1150547,2018/19,2018-11-16,"Daren Sammy National Cricket Stadium, Gros Islet",1,0.6,South Africa,England,L Wolvaardt,L Lee,NR Sciver,0,0,,,,,,,,,
1150547,2018/19,2018-11-16,"Daren Sammy National Cricket Stadium, Gros Islet",1,1.1,South Africa,England,L Lee,L Wolvaardt,A Shrubsole,0,1,,,,1,,,,,
1150547,2018/19,2018-11-16,"Daren Sammy National Cricket Stadium, Gros Islet",1,1.2,South Africa,England,L Wolvaardt,L Lee,A Shrubsole,0,0,,,,,,,,,
1150547,2018/19,2018-11-16,"Daren Sammy National Cricket Stadium, Gros Islet",1,1.3,South Africa,England,L Wolvaardt,L Lee,A Shrubsole,4,0,,,,,,,,,
1150547,2018/19,2018-11-16,"Daren Sammy National Cricket Stadium, Gros Islet",1,1.4,South Africa,England,L Wolvaardt,L Lee,A Shrubsole,0,0,,,,,,,,,
1150547,2018/19,2018-11-16,"Daren Sammy National Cricket Stadium, Gros Islet",1,1.5,South Africa,England,L Wolvaardt,L Lee,A Shrubsole,0,0,,,,,,,,,
1150547,2018/19,2018-11-16,"Daren Sammy National Cricket Stadium, Gros Islet",1,1.6,South Africa,England,L Wolvaardt,L Lee,A Shrubsole,0,0,,,,,,,,,
1150547,2018/19,2018-11-16,"Daren Sammy National Cricket Stadium, Gros Islet",1,2.1,South Africa,England,L Lee,L Wolvaardt,LCN Smith,0,0,,,,,,,,,
1150547,2018/19,2018-11-16,"Daren Sammy National Cricket Stadium, Gros Islet",1,2.2,South Africa,England,L Lee,L Wolvaardt,LCN Smith,1,0,,,,,,,,,
1150547,2018/19,2018-11-16,"Daren Sammy National Cricket Stadium, Gros Islet",1,2.3,South Africa,England,L Wolvaardt,L Lee,LCN Smith,0,0,,,,,,,,,
1150547,2018/19,2018-11-16,"Daren Sammy National Cricket Stadium, Gros Islet",1,2.4,South Africa,England,L Wolvaardt,L Lee,LCN Smith,0,0,,,,,,caught,L Wolvaardt,,
1150547,2018/19,2018-11-16,"Daren Sammy National Cricket Stadium, Gros Islet",1,2.5,South Africa,England,M Kapp,L Lee,LCN Smith,0,0,,,,,,,,,
1150547,2018/19,2018-11-16,"Daren Sammy National Cricket Stadium, Gros Islet",1,2.6,South Africa,England,M Kapp,L Lee,LCN Smith,0,0,,,,,,,,,
1150547,2018/19,2018-11-16,"Daren Sammy National Cricket Stadium, Gros Islet",1,3.1,South Africa,England,L Lee,M Kapp,A Shrubsole,0,0,,,,,,,,,
1150547,2018/19,2018-11-16,"Daren Sammy National Cricket Stadium, Gros Islet",1,3.2,South Africa,England,L Lee,M Kapp,A Shrubsole,0,0,,,,,,,,,
1150547,2018/19,2018-11-16,"Daren Sammy National Cricket Stadium, Gros Islet",1,3.3,South Africa,England,L Lee,M Kapp,A Shrubsole,0,0,,,,,,,,,
1150547,2018/19,2018-11-16,"Daren Sammy National Cricket Stadium, Gros Islet",1,3.4,South Africa,England,L Lee,M Kapp,A Shrubsole,0,0,,,,,,,,,
1150547,2018/19,2018-11-16,"Daren Sammy National Cricket Stadium, Gros Islet",1,3.5,South Africa,England,L Lee,M Kapp,A Shrubsole,0,0,,,,,,,,,
1150547,2018/19,2018-11-16,"Daren Sammy National Cricket Stadium, Gros Islet",1,3.6,South Africa,England,L Lee,M Kapp,A Shrubsole,0,0,,,,,,,,,
1150547,2018/19,2018-11-16,"Daren Sammy National Cricket Stadium, Gros Islet",1,4.1,South Africa,England,M Kapp,L Lee,LCN Smith,1,0,,,,,,,,,
1150547,2018/19,2018-11-16,"Daren Sammy National Cricket Stadium, Gros Islet",1,4.2,South Africa,England,L Lee,M Kapp,LCN Smith,1,0,,,,,,,,,
1150547,2018/19,2018-11-16,"Daren Sammy National Cricket Stadium, Gros Islet",1,4.3,South Africa,England,M Kapp,L Lee,LCN Smith,0,0,,,,,,,,,
1150547,2018/19,2018-11-16,"Daren Sammy National Cricket Stadium, Gros Islet",1,4.4,South Africa,England,M Kapp,L Lee,LCN Smith,0,1,1,,,,,,,,
1150547,2018/19,2018-11-16,"Daren Sammy National Cricket Stadium, Gros Islet",1,4.5,South Africa,England,M Kapp,L Lee,LCN Smith,4,0,,,,,,,,,
1150547,2018/19,2018-11-16,"Daren Sammy National Cricket Stadium, Gros Islet",1,4.6,South Africa,England,M Kapp,L Lee,LCN Smith,0,0,,,,,,,,,
1150547,2018/19,2018-11-16,"Daren Sammy National Cricket Stadium, Gros Islet",1,4.7,South Africa,England,M Kapp,L Lee,LCN Smith,1,0,,,,,,,,,
1150547,2018/19,2018-11-16,"Daren Sammy National Cricket Stadium, Gros Islet",1,5.1,South Africa,England,M Kapp,L Lee,S Ecclestone,1,0,,,,,,,,,
1150547,2018/19,2018-11-16,"Daren Sammy National Cricket Stadium, Gros Islet",1,5.2,South Africa,England,L Lee,M Kapp,S Ecclestone,0,0,,,,,,,,,
1150547,2018/19,2018-11-16,"Daren Sammy National Cricket Stadium, Gros Islet",1,5.3,South Africa,England,L Lee,M Kapp,S Ecclestone,2,0,,,,,,,,,
1150547,2018/19,2018-11-16,"Daren Sammy National Cricket Stadium, Gros Islet",1,5.4,South Africa,England,L Lee,M Kapp,S Ecclestone,0,0,,,,,,,,,
1150547,2018/19,2018-11-16,"Daren Sammy National Cricket Stadium, Gros Islet",1,5.5,South Africa,England,L Lee,M Kapp,S Ecclestone,6,0,,,,,,,,,
1150547,2018/19,2018-11-16,"Daren Sammy National Cricket Stadium, Gros Islet",1,5.6,South Africa,England,L Lee,M Kapp,S Ecclestone,0,0,,,,,,,,,
1150547,2018/19,2018-11-16,"Daren Sammy National Cricket Stadium, Gros Islet",1,6.1,South Africa,England,M Kapp,L Lee,KL Gordon,1,0,,,,,,,,,
1150547,2018/19,2018-11-16,"Daren Sammy National Cricket Stadium, Gros Islet",1,6.2,South Africa,England,L Lee,M Kapp,KL Gordon,0,0,,,,,,,,,
1150547,2018/19,2018-11-16,"Daren Sammy National Cricket Stadium, Gros Islet",1,6.3,South Africa,England,L Lee,M Kapp,KL Gordon,0,0,,,,,,,,,
1150547,2018/19,2018-11-16,"Daren Sammy National Cricket Stadium, Gros Islet",1,6.4,South Africa,England,L Lee,M Kapp,KL Gordon,0,1,1,,,,,,,,
1150547,2018/19,2018-11-16,"Daren Sammy National Cricket Stadium, Gros Islet",1,6.5,South Africa,England,L Lee,M Kapp,KL Gordon,0,0,,,,,,,,,
1150547,2018/19,2018-11-16,"Daren Sammy National Cricket Stadium, Gros Islet",1,6.6,South Africa,England,L Lee,M Kapp,KL Gordon,0,0,,,,,,,,,
1150547,2018/19,2018-11-16,"Daren Sammy National Cricket Stadium, Gros Islet",1,6.7,South Africa,England,L Lee,M Kapp,KL Gordon,1,0,,,,,,,,,
1150547,2018/19,2018-11-16,"Daren Sammy National Cricket Stadium, Gros Islet",1,7.1,South Africa,England,L Lee,M Kapp,NR Sciver,0,0,,,,,,lbw,L Lee,,
1150547,2018/19,2018-11-16,"Daren Sammy National Cricket Stadium, Gros Islet",1,7.2,South Africa,England,D van Niekerk,M Kapp,NR Sciver,0,1,,,,1,,,,,
1150547,2018/19,2018-11-16,"Daren Sammy National Cricket Stadium, Gros Islet",1,7.3,South Africa,England,M Kapp,D van Niekerk,NR Sciver,0,0,,,,,,,,,
1150547,2018/19,2018-11-16,"Daren Sammy National Cricket Stadium, Gros Islet",1,7.4,South Africa,England,M Kapp,D van Niekerk,NR Sciver,0,0,,,,,,,,,
1150547,2018/19,2018-11-16,"Daren Sammy National Cricket Stadium, Gros Islet",1,7.5,South Africa,England,M Kapp,D van Niekerk,NR Sciver,0,0,,,,,,,,,
1150547,2018/19,2018-11-16,"Daren Sammy National Cricket Stadium, Gros Islet",1,7.6,South Africa,England,M Kapp,D van Niekerk,NR Sciver,1,0,,,,,,,,,
1150547,2018/19,2018-11-16,"Daren Sammy National Cricket Stadium, Gros Islet",1,8.1,South Africa,England,M Kapp,D van Niekerk,KL Gordon,0,0,,,,,,,,,
1150547,2018/19,2018-11-16,"Daren Sammy National Cricket Stadium, Gros Islet",1,8.2,South Africa,England,M Kapp,D van Niekerk,KL Gordon,0,0,,,,,,caught,M Kapp,,
1150547,2018/19,2018-11-16,"Daren Sammy National Cricket Stadium, Gros Islet",1,8.3,South Africa,England,D van Niekerk,M du Preez,KL Gordon,1,0,,,,,,,,,
1150547,2018/19,2018-11-16,"Daren Sammy National Cricket Stadium, Gros Islet",1,8.4,South Africa,England,M du Preez,D van Niekerk,KL Gordon,0,0,,,,,,,,,
1150547,2018/19,2018-11-16,"Daren Sammy National Cricket Stadium, Gros Islet",1,8.5,South Africa,England,M du Preez,D van Niekerk,KL Gordon,0,0,,,,,,run out,D van Niekerk,,
1150547,2018/19,2018-11-16,"Daren Sammy National Cricket Stadium, Gros Islet",1,8.6,South Africa,England,M du Preez,CL Tryon,KL Gordon,1,0,,,,,,,,,
1150547,2018/19,2018-11-16,"Daren Sammy National Cricket Stadium, Gros Islet",1,9.1,South Africa,England,M du Preez,CL Tryon,NR Sciver,0,0,,,,,,,,,
1150547,2018/19,2018-11-16,"Daren Sammy National Cricket Stadium, Gros Islet",1,9.2,South Africa,England,M du Preez,CL Tryon,NR Sciver,0,0,,,,,,,,,
1150547,2018/19,2018-11-16,"Daren Sammy National Cricket Stadium, Gros Islet",1,9.3,South Africa,England,M du Preez,CL Tryon,NR Sciver,0,0,,,,,,,,,
1150547,2018/19,2018-11-16,"Daren Sammy National Cricket Stadium, Gros Islet",1,9.4,South Africa,England,M du Preez,CL Tryon,NR Sciver,1,0,,,,,,,,,
1150547,2018/19,2018-11-16,"Daren Sammy National Cricket Stadium, Gros Islet",1,9.5,South Africa,England,CL Tryon,M du Preez,NR Sciver,0,0,,,,,,,,,
1150547,2018/19,2018-11-16,"Daren Sammy National Cricket Stadium, Gros Islet",1,9.6,South Africa,England,CL Tryon,M du Preez,NR Sciver,1,0,,,,,,,,,
1150547,2018/19,2018-11-16,"Daren Sammy National Cricket Stadium, Gros Islet",1,10.1,South Africa,England,CL Tryon,M du Preez,S Ecclestone,0,0,,,,,,,,,
1150547,2018/19,2018-11-16,"Daren Sammy National Cricket Stadium, Gros Islet",1,10.2,South Africa,England,CL Tryon,M du Preez,S Ecclestone,0,0,,,,,,,,,
1150547,2018/19,2018-11-16,"Daren Sammy National Cricket Stadium, Gros Islet",1,10.3,South Africa,England,CL Tryon,M du Preez,S Ecclestone,1,0,,,,,,,,,
1150547,2018/19,2018-11-16,"Daren Sammy National Cricket Stadium, Gros Islet",1,10.4,South Africa,England,M du Preez,CL Tryon,S Ecclestone,0,0,,,,,,,,,
1150547,2018/19,2018-11-16,"Daren Sammy National Cricket Stadium, Gros Islet",1,10.5,South Africa,England,M du Preez,CL Tryon,S Ecclestone,1,0,,,,,,,,,
1150547,2018/19,2018-11-16,"Daren Sammy National Cricket Stadium, Gros Islet",1,10.6,South Africa,England,CL Tryon,M du Preez,S Ecclestone,0,1,,,,1,,,,,
1150547,2018/19,2018-11-16,"Daren Sammy National Cricket Stadium, Gros Islet",1,11.1,South Africa,England,CL Tryon,M du Preez,LCN Smith,0,0,,,,,,,,,
1150547,2018/19,2018-11-16,"Daren Sammy National Cricket Stadium, Gros Islet",1,11.2,South Africa,England,CL Tryon,M du Preez,LCN Smith,0,0,,,,,,,,,
1150547,2018/19,2018-11-16,"Daren Sammy National Cricket Stadium, Gros Islet",1,11.3,South Africa,England,CL Tryon,M du Preez,LCN Smith,1,0,,,,,,,,,
1150547,2018/19,2018-11-16,"Daren Sammy National Cricket Stadium, Gros Islet",1,11.4,South Africa,England,M du Preez,CL Tryon,LCN Smith,0,1,1,,,,,,,,
1150547,2018/19,2018-11-16,"Daren Sammy National Cricket Stadium, Gros Islet",1,11.5,South Africa,England,M du Preez,CL Tryon,LCN Smith,1,0,,,,,,,,,
1150547,2018/19,2018-11-16,"Daren Sammy National Cricket Stadium, Gros Islet",1,11.6,South Africa,England,CL Tryon,M du Preez,LCN Smith,0,0,,,,,,,,,
1150547,2018/19,2018-11-16,"Daren Sammy National Cricket Stadium, Gros Islet",1,11.7,South Africa,England,CL Tryon,M du Preez,LCN Smith,0,0,,,,,,,,,
1150547,2018/19,2018-11-16,"Daren Sammy National Cricket Stadium, Gros Islet",1,12.1,South Africa,England,M du Preez,CL Tryon,KL Gordon,1,0,,,,,,,,,
1150547,2018/19,2018-11-16,"Daren Sammy National Cricket Stadium, Gros Islet",1,12.2,South Africa,England,CL Tryon,M du Preez,KL Gordon,0,0,,,,,,,,,
1150547,2018/19,2018-11-16,"Daren Sammy National Cricket Stadium, Gros Islet",1,12.3,South Africa,England,CL Tryon,M du Preez,KL Gordon,1,0,,,,,,,,,
1150547,2018/19,2018-11-16,"Daren Sammy National Cricket Stadium, Gros Islet",1,12.4,South Africa,England,M du Preez,CL Tryon,KL Gordon,0,0,,,,,,,,,
1150547,2018/19,2018-11-16,"Daren Sammy National Cricket Stadium, Gros Islet",1,12.5,South Africa,England,M du Preez,CL Tryon,KL Gordon,0,0,,,,,,,,,
1150547,2018/19,2018-11-16,"Daren Sammy National Cricket Stadium, Gros Islet",1,12.6,South Africa,England,M du Preez,CL Tryon,KL Gordon,1,0,,,,,,,,,
1150547,2018/19,2018-11-16,"Daren Sammy National Cricket Stadium, Gros Islet",1,13.1,South Africa,England,M du Preez,CL Tryon,S Ecclestone,2,0,,,,,,,,,
1150547,2018/19,2018-11-16,"Daren Sammy National Cricket Stadium, Gros Islet",1,13.2,South Africa,England,M du Preez,CL Tryon,S Ecclestone,1,0,,,,,,,,,
1150547,2018/19,2018-11-16,"Daren Sammy National Cricket Stadium, Gros Islet",1,13.3,South Africa,England,CL Tryon,M du Preez,S Ecclestone,0,0,,,,,,,,,
1150547,2018/19,2018-11-16,"Daren Sammy National Cricket Stadium, Gros Islet",1,13.4,South Africa,England,CL Tryon,M du Preez,S Ecclestone,1,0,,,,,,,,,
1150547,2018/19,2018-11-16,"Daren Sammy National Cricket Stadium, Gros Islet",1,13.5,South Africa,England,M du Preez,CL Tryon,S Ecclestone,1,0,,,,,,,,,
1150547,2018/19,2018-11-16,"Daren Sammy National Cricket Stadium, Gros Islet",1,13.6,South Africa,England,CL Tryon,M du Preez,S Ecclestone,1,0,,,,,,,,,
1150547,2018/19,2018-11-16,"Daren Sammy National Cricket Stadium, Gros Islet",1,14.1,South Africa,England,CL Tryon,M du Preez,KL Gordon,1,0,,,,,,,,,
1150547,2018/19,2018-11-16,"Daren Sammy National Cricket Stadium, Gros Islet",1,14.2,South Africa,England,M du Preez,CL Tryon,KL Gordon,6,0,,,,,,,,,
1150547,2018/19,2018-11-16,"Daren Sammy National Cricket Stadium, Gros Islet",1,14.3,South Africa,England,M du Preez,CL Tryon,KL Gordon,0,0,,,,,,caught,M du Preez,,
1150547,2018/19,2018-11-16,"Daren Sammy National Cricket Stadium, Gros Islet",1,14.4,South Africa,England,F Tunnicliffe,CL Tryon,KL Gordon,0,0,,,,,,,,,
1150547,2018/19,2018-11-16,"Daren Sammy National Cricket Stadium, Gros Islet",1,14.5,South Africa,England,F Tunnicliffe,CL Tryon,KL Gordon,1,0,,,,,,,,,
1150547,2018/19,2018-11-16,"Daren Sammy National Cricket Stadium, Gros Islet",1,14.6,South Africa,England,CL Tryon,F Tunnicliffe,KL Gordon,2,0,,,,,,,,,
1150547,2018/19,2018-11-16,"Daren Sammy National Cricket Stadium, Gros Islet",1,15.1,South Africa,England,F Tunnicliffe,CL Tryon,A Shrubsole,1,0,,,,,,,,,
1150547,2018/19,2018-11-16,"Daren Sammy National Cricket Stadium, Gros Islet",1,15.2,South Africa,England,CL Tryon,F Tunnicliffe,A Shrubsole,0,0,,,,,,,,,
1150547,2018/19,2018-11-16,"Daren Sammy National Cricket Stadium, Gros Islet",1,15.3,South Africa,England,CL Tryon,F Tunnicliffe,A Shrubsole,4,0,,,,,,,,,
1150547,2018/19,2018-11-16,"Daren Sammy National Cricket Stadium, Gros Islet",1,15.4,South Africa,England,CL Tryon,F Tunnicliffe,A Shrubsole,1,0,,,,,,,,,
1150547,2018/19,2018-11-16,"Daren Sammy National Cricket Stadium, Gros Islet",1,15.5,South Africa,England,F Tunnicliffe,CL Tryon,A Shrubsole,1,0,,,,,,,,,
1150547,2018/19,2018-11-16,"Daren Sammy National Cricket Stadium, Gros Islet",1,15.6,South Africa,England,CL Tryon,F Tunnicliffe,A Shrubsole,0,0,,,,,,,,,
1150547,2018/19,2018-11-16,"Daren Sammy National Cricket Stadium, Gros Islet",1,16.1,South Africa,England,F Tunnicliffe,CL Tryon,LCN Smith,0,0,,,,,,,,,
1150547,2018/19,2018-11-16,"Daren Sammy National Cricket Stadium, Gros Islet",1,16.2,South Africa,England,F Tunnicliffe,CL Tryon,LCN Smith,1,0,,,,,,,,,
1150547,2018/19,2018-11-16,"Daren Sammy National Cricket Stadium, Gros Islet",1,16.3,South Africa,England,CL Tryon,F Tunnicliffe,LCN Smith,6,0,,,,,,,,,
1150547,2018/19,2018-11-16,"Daren Sammy National Cricket Stadium, Gros Islet",1,16.4,South Africa,England,CL Tryon,F Tunnicliffe,LCN Smith,0,0,,,,,,,,,
1150547,2018/19,2018-11-16,"Daren Sammy National Cricket Stadium, Gros Islet",1,16.5,South Africa,England,CL Tryon,F Tunnicliffe,LCN Smith,6,0,,,,,,,,,
1150547,2018/19,2018-11-16,"Daren Sammy National Cricket Stadium, Gros Islet",1,16.6,South Africa,England,CL Tryon,F Tunnicliffe,LCN Smith,1,0,,,,,,,,,
1150547,2018/19,2018-11-16,"Daren Sammy National Cricket Stadium, Gros Islet",1,17.1,South Africa,England,CL Tryon,F Tunnicliffe,NR Sciver,0,0,,,,,,,,,
1150547,2018/19,2018-11-16,"Daren Sammy National Cricket Stadium, Gros Islet",1,17.2,South Africa,England,CL Tryon,F Tunnicliffe,NR Sciver,0,0,,,,,,caught,CL Tryon,,
1150547,2018/19,2018-11-16,"Daren Sammy National Cricket Stadium, Gros Islet",1,17.3,South Africa,England,F Tunnicliffe,S Ismail,NR Sciver,0,0,,,,,,,,,
1150547,2018/19,2018-11-16,"Daren Sammy National Cricket Stadium, Gros Islet",1,17.4,South Africa,England,F Tunnicliffe,S Ismail,NR Sciver,0,0,,,,,,,,,
1150547,2018/19,2018-11-16,"Daren Sammy National Cricket Stadium, Gros Islet",1,17.5,South Africa,England,F Tunnicliffe,S Ismail,NR Sciver,0,0,,,,,,caught,F Tunnicliffe,,
1150547,2018/19,2018-11-16,"Daren Sammy National Cricket Stadium, Gros Islet",1,17.6,South Africa,England,Y Fourie,S Ismail,NR Sciver,0,0,,,,,,,,,
1150547,2018/19,2018-11-16,"Daren Sammy National Cricket Stadium, Gros Islet",1,18.1,South Africa,England,S Ismail,Y Fourie,S Ecclestone,0,1,1,,,,,,,,
1150547,2018/19,2018-11-16,"Daren Sammy National Cricket Stadium, Gros Islet",1,18.2,South Africa,England,S Ismail,Y Fourie,S Ecclestone,1,0,,,,,,,,,
1150547,2018/19,2018-11-16,"Daren Sammy National Cricket Stadium, Gros Islet",1,18.3,South Africa,England,Y Fourie,S Ismail,S Ecclestone,0,0,,,,,,,,,
1150547,2018/19,2018-11-16,"Daren Sammy National Cricket Stadium, Gros Islet",1,18.4,South Africa,England,Y Fourie,S Ismail,S Ecclestone,4,0,,,,,,,,,
1150547,2018/19,2018-11-16,"Daren Sammy National Cricket Stadium, Gros Islet",1,18.5,South Africa,England,Y Fourie,S Ismail,S Ecclestone,0,0,,,,,,,,,
1150547,2018/19,2018-11-16,"Daren Sammy National Cricket Stadium, Gros Islet",1,18.6,South Africa,England,Y Fourie,S Ismail,S Ecclestone,0,0,,,,,,,,,
1150547,2018/19,2018-11-16,"Daren Sammy National Cricket Stadium, Gros Islet",1,18.7,South Africa,England,Y Fourie,S Ismail,S Ecclestone,0,0,,,,,,,,,
1150547,2018/19,2018-11-16,"Daren Sammy National Cricket Stadium, Gros Islet",1,19.1,South Africa,England,S Ismail,Y Fourie,A Shrubsole,0,0,,,,,,bowled,S Ismail,,
1150547,2018/19,2018-11-16,"Daren Sammy National Cricket Stadium, Gros Islet",1,19.2,South Africa,England,M Klaas,Y Fourie,A Shrubsole,0,0,,,,,,caught,M Klaas,,
1150547,2018/19,2018-11-16,"Daren Sammy National Cricket Stadium, Gros Islet",1,19.3,South Africa,England,Y Fourie,M Daniels,A Shrubsole,0,0,,,,,,bowled,Y Fourie,,
1150547,2018/19,2018-11-16,"Daren Sammy National Cricket Stadium, Gros Islet",2,0.1,England,South Africa,DN Wyatt,TT Beaumont,M Kapp,1,0,,,,,,,,,
1150547,2018/19,2018-11-16,"Daren Sammy National Cricket Stadium, Gros Islet",2,0.2,England,South Africa,TT Beaumont,DN Wyatt,M Kapp,0,0,,,,,,,,,
1150547,2018/19,2018-11-16,"Daren Sammy National Cricket Stadium, Gros Islet",2,0.3,England,South Africa,TT Beaumont,DN Wyatt,M Kapp,0,1,1,,,,,,,,
1150547,2018/19,2018-11-16,"Daren Sammy National Cricket Stadium, Gros Islet",2,0.4,England,South Africa,TT Beaumont,DN Wyatt,M Kapp,1,0,,,,,,,,,
1150547,2018/19,2018-11-16,"Daren Sammy National Cricket Stadium, Gros Islet",2,0.5,England,South Africa,DN Wyatt,TT Beaumont,M Kapp,0,0,,,,,,,,,
1150547,2018/19,2018-11-16,"Daren Sammy National Cricket Stadium, Gros Islet",2,0.6,England,South Africa,DN Wyatt,TT Beaumont,M Kapp,1,0,,,,,,,,,
1150547,2018/19,2018-11-16,"Daren Sammy National Cricket Stadium, Gros Islet",2,0.7,England,South Africa,TT Beaumont,DN Wyatt,M Kapp,0,0,,,,,,,,,
1150547,2018/19,2018-11-16,"Daren Sammy National Cricket Stadium, Gros Islet",2,1.1,England,South Africa,DN Wyatt,TT Beaumont,S Ismail,0,4,,,4,,,,,,
1150547,2018/19,2018-11-16,"Daren Sammy National Cricket Stadium, Gros Islet",2,1.2,England,South Africa,DN Wyatt,TT Beaumont,S Ismail,4,0,,,,,,,,,
1150547,2018/19,2018-11-16,"Daren Sammy National Cricket Stadium, Gros Islet",2,1.3,England,South Africa,DN Wyatt,TT Beaumont,S Ismail,0,0,,,,,,,,,
1150547,2018/19,2018-11-16,"Daren Sammy National Cricket Stadium, Gros Islet",2,1.4,England,South Africa,DN Wyatt,TT Beaumont,S Ismail,2,0,,,,,,,,,
1150547,2018/19,2018-11-16,"Daren Sammy National Cricket Stadium, Gros Islet",2,1.5,England,South Africa,DN Wyatt,TT Beaumont,S Ismail,4,0,,,,,,,,,
1150547,2018/19,2018-11-16,"Daren Sammy National Cricket Stadium, Gros Islet",2,1.6,England,South Africa,DN Wyatt,TT Beaumont,S Ismail,0,0,,,,,,,,,
1150547,2018/19,2018-11-16,"Daren Sammy National Cricket Stadium, Gros Islet",2,2.1,England,South Africa,TT Beaumont,DN Wyatt,M Kapp,1,0,,,,,,,,,
1150547,2018/19,2018-11-16,"Daren Sammy National Cricket Stadium, Gros Islet",2,2.2,England,South Africa,DN Wyatt,TT Beaumont,M Kapp,0,0,,,,,,,,,
1150547,2018/19,2018-11-16,"Daren Sammy National Cricket Stadium, Gros Islet",2,2.3,England,South Africa,DN Wyatt,TT Beaumont,M Kapp,0,0,,,,,,,,,
1150547,2018/19,2018-11-16,"Daren Sammy National Cricket Stadium, Gros Islet",2,2.4,England,South Africa,DN Wyatt,TT Beaumont,M Kapp,4,0,,,,,,,,,
1150547,2018/19,2018-11-16,"Daren Sammy National Cricket Stadium, Gros Islet",2,2.5,England,South Africa,DN Wyatt,TT Beaumont,M Kapp,0,0,,,,,,,,,
1150547,2018/19,2018-11-16,"Daren Sammy National Cricket Stadium, Gros Islet",2,2.6,England,South Africa,DN Wyatt,TT Beaumont,M Kapp,1,0,,,,,,,,,
1150547,2018/19,2018-11-16,"Daren Sammy National Cricket Stadium, Gros Islet",2,3.1,England,South Africa,DN Wyatt,TT Beaumont,S Ismail,1,0,,,,,,,,,
1150547,2018/19,2018-11-16,"Daren Sammy National Cricket Stadium, Gros Islet",2,3.2,England,South Africa,TT Beaumont,DN Wyatt,S Ismail,0,0,,,,,,,,,
1150547,2018/19,2018-11-16,"Daren Sammy National Cricket Stadium, Gros Islet",2,3.3,England,South Africa,TT Beaumont,DN Wyatt,S Ismail,4,0,,,,,,,,,
1150547,2018/19,2018-11-16,"Daren Sammy National Cricket Stadium, Gros Islet",2,3.4,England,South Africa,TT Beaumont,DN Wyatt,S Ismail,0,0,,,,,,,,,
1150547,2018/19,2018-11-16,"Daren Sammy National Cricket Stadium, Gros Islet",2,3.5,England,South Africa,TT Beaumont,DN Wyatt,S Ismail,4,0,,,,,,,,,
1150547,2018/19,2018-11-16,"Daren Sammy National Cricket Stadium, Gros Islet",2,3.6,England,South Africa,TT Beaumont,DN Wyatt,S Ismail,2,0,,,,,,,,,
1150547,2018/19,2018-11-16,"Daren Sammy National Cricket Stadium, Gros Islet",2,4.1,England,South Africa,DN Wyatt,TT Beaumont,M Klaas,1,0,,,,,,,,,
1150547,2018/19,2018-11-16,"Daren Sammy National Cricket Stadium, Gros Islet",2,4.2,England,South Africa,TT Beaumont,DN Wyatt,M Klaas,0,0,,,,,,,,,
1150547,2018/19,2018-11-16,"Daren Sammy National Cricket Stadium, Gros Islet",2,4.3,England,South Africa,TT Beaumont,DN Wyatt,M Klaas,0,0,,,,,,,,,
1150547,2018/19,2018-11-16,"Daren Sammy National Cricket Stadium, Gros Islet",2,4.4,England,South Africa,TT Beaumont,DN Wyatt,M Klaas,1,0,,,,,,,,,
1150547,2018/19,2018-11-16,"Daren Sammy National Cricket Stadium, Gros Islet",2,4.5,England,South Africa,DN Wyatt,TT Beaumont,M Klaas,0,0,,,,,,,,,
1150547,2018/19,2018-11-16,"Daren Sammy National Cricket Stadium, Gros Islet",2,4.6,England,South Africa,DN Wyatt,TT Beaumont,M Klaas,1,0,,,,,,,,,
1150547,2018/19,2018-11-16,"Daren Sammy National Cricket Stadium, Gros Islet",2,5.1,England,South Africa,DN Wyatt,TT Beaumont,M Daniels,0,0,,,,,,,,,
1150547,2018/19,2018-11-16,"Daren Sammy National Cricket Stadium, Gros Islet",2,5.2,England,South Africa,DN Wyatt,TT Beaumont,M Daniels,1,0,,,,,,,,,
1150547,2018/19,2018-11-16,"Daren Sammy National Cricket Stadium, Gros Islet",2,5.3,England,South Africa,TT Beaumont,DN Wyatt,M Daniels,0,0,,,,,,,,,
1150547,2018/19,2018-11-16,"Daren Sammy National Cricket Stadium, Gros Islet",2,5.4,England,South Africa,TT Beaumont,DN Wyatt,M Daniels,0,0,,,,,,,,,
1150547,2018/19,2018-11-16,"Daren Sammy National Cricket Stadium, Gros Islet",2,5.5,England,South Africa,TT Beaumont,DN Wyatt,M Daniels,2,0,,,,,,,,,
1150547,2018/19,2018-11-16,"Daren Sammy National Cricket Stadium, Gros Islet",2,5.6,England,South Africa,TT Beaumont,DN Wyatt,M Daniels,0,0,,,,,,,,,
1150547,2018/19,2018-11-16,"Daren Sammy National Cricket Stadium, Gros Islet",2,6.1,England,South Africa,DN Wyatt,TT Beaumont,M Klaas,0,0,,,,,,,,,
1150547,2018/19,2018-11-16,"Daren Sammy National Cricket Stadium, Gros Islet",2,6.2,England,South Africa,DN Wyatt,TT Beaumont,M Klaas,4,0,,,,,,,,,
1150547,2018/19,2018-11-16,"Daren Sammy National Cricket Stadium, Gros Islet",2,6.3,England,South Africa,DN Wyatt,TT Beaumont,M Klaas,1,0,,,,,,,,,
1150547,2018/19,2018-11-16,"Daren Sammy National Cricket Stadium, Gros Islet",2,6.4,England,South Africa,TT Beaumont,DN Wyatt,M Klaas,0,0,,,,,,,,,
1150547,2018/19,2018-11-16,"Daren Sammy National Cricket Stadium, Gros Islet",2,6.5,England,South Africa,TT Beaumont,DN Wyatt,M Klaas,2,0,,,,,,,,,
1150547,2018/19,2018-11-16,"Daren Sammy National Cricket Stadium, Gros Islet",2,6.6,England,South Africa,TT Beaumont,DN Wyatt,M Klaas,4,0,,,,,,,,,
1150547,2018/19,2018-11-16,"Daren Sammy National Cricket Stadium, Gros Islet",2,7.1,England,South Africa,DN Wyatt,TT Beaumont,M Daniels,0,0,,,,,,,,,
1150547,2018/19,2018-11-16,"Daren Sammy National Cricket Stadium, Gros Islet",2,7.2,England,South Africa,DN Wyatt,TT Beaumont,M Daniels,0,0,,,,,,,,,
1150547,2018/19,2018-11-16,"Daren Sammy National Cricket Stadium, Gros Islet",2,7.3,England,South Africa,DN Wyatt,TT Beaumont,M Daniels,1,0,,,,,,,,,
1150547,2018/19,2018-11-16,"Daren Sammy National Cricket Stadium, Gros Islet",2,7.4,England,South Africa,TT Beaumont,DN Wyatt,M Daniels,2,0,,,,,,,,,
1150547,2018/19,2018-11-16,"Daren Sammy National Cricket Stadium, Gros Islet",2,7.5,England,South Africa,TT Beaumont,DN Wyatt,M Daniels,0,0,,,,,,,,,
1150547,2018/19,2018-11-16,"Daren Sammy National Cricket Stadium, Gros Islet",2,7.6,England,South Africa,TT Beaumont,DN Wyatt,M Daniels,0,0,,,,,,,,,
1150547,2018/19,2018-11-16,"Daren Sammy National Cricket Stadium, Gros Islet",2,8.1,England,South Africa,DN Wyatt,TT Beaumont,D van Niekerk,0,0,,,,,,bowled,DN Wyatt,,
1150547,2018/19,2018-11-16,"Daren Sammy National Cricket Stadium, Gros Islet",2,8.2,England,South Africa,NR Sciver,TT Beaumont,D van Niekerk,0,0,,,,,,,,,
1150547,2018/19,2018-11-16,"Daren Sammy National Cricket Stadium, Gros Islet",2,8.3,England,South Africa,NR Sciver,TT Beaumont,D van Niekerk,1,0,,,,,,,,,
1150547,2018/19,2018-11-16,"Daren Sammy National Cricket Stadium, Gros Islet",2,8.4,England,South Africa,TT Beaumont,NR Sciver,D van Niekerk,1,0,,,,,,,,,
1150547,2018/19,2018-11-16,"Daren Sammy National Cricket Stadium, Gros Islet",2,8.5,England,South Africa,NR Sciver,TT Beaumont,D van Niekerk,1,0,,,,,,,,,
1150547,2018/19,2018-11-16,"Daren Sammy National Cricket Stadium, Gros Islet",2,8.6,England,South Africa,TT Beaumont,NR Sciver,D van Niekerk,0,0,,,,,,,,,
1150547,2018/19,2018-11-16,"Daren Sammy National Cricket Stadium, Gros Islet",2,9.1,England,South Africa,NR Sciver,TT Beaumont,M Daniels,0,0,,,,,,,,,
1150547,2018/19,2018-11-16,"Daren Sammy National Cricket Stadium, Gros Islet",2,9.2,England,South Africa,NR Sciver,TT Beaumont,M Daniels,0,0,,,,,,bowled,NR Sciver,,
1150547,2018/19,2018-11-16,"Daren Sammy National Cricket Stadium, Gros Islet",2,9.3,England,South Africa,HC Knight,TT Beaumont,M Daniels,0,0,,,,,,,,,
1150547,2018/19,2018-11-16,"Daren Sammy National Cricket Stadium, Gros Islet",2,9.4,England,South Africa,HC Knight,TT Beaumont,M Daniels,0,0,,,,,,,,,
1150547,2018/19,2018-11-16,"Daren Sammy National Cricket Stadium, Gros Islet",2,9.5,England,South Africa,HC Knight,TT Beaumont,M Daniels,0,0,,,,,,,,,
1150547,2018/19,2018-11-16,"Daren Sammy National Cricket Stadium, Gros Islet",2,9.6,England,South Africa,HC Knight,TT Beaumont,M Daniels,1,0,,,,,,,,,
1150547,2018/19,2018-11-16,"Daren Sammy National Cricket Stadium, Gros Islet",2,10.1,England,South Africa,HC Knight,TT Beaumont,D van Niekerk,0,1,,,1,,,,,,
1150547,2018/19,2018-11-16,"Daren Sammy National Cricket Stadium, Gros Islet",2,10.2,England,South Africa,TT Beaumont,HC Knight,D van Niekerk,0,0,,,,,,caught,TT Beaumont,,
1150547,2018/19,2018-11-16,"Daren Sammy National Cricket Stadium, Gros Islet",2,10.3,England,South Africa,HC Knight,AE Jones,D van Niekerk,1,0,,,,,,,,,
1150547,2018/19,2018-11-16,"Daren Sammy National Cricket Stadium, Gros Islet",2,10.4,England,South Africa,AE Jones,HC Knight,D van Niekerk,1,0,,,,,,,,,
1150547,2018/19,2018-11-16,"Daren Sammy National Cricket Stadium, Gros Islet",2,10.5,England,South Africa,HC Knight,AE Jones,D van Niekerk,0,0,,,,,,,,,
1150547,2018/19,2018-11-16,"Daren Sammy National Cricket Stadium, Gros Islet",2,10.6,England,South Africa,HC Knight,AE Jones,D van Niekerk,1,0,,,,,,,,,
1150547,2018/19,2018-11-16,"Daren Sammy National Cricket Stadium, Gros Islet",2,11.1,England,South Africa,HC Knight,AE Jones,M Daniels,0,0,,,,,,,,,
1150547,2018/19,2018-11-16,"Daren Sammy National Cricket Stadium, Gros Islet",2,11.2,England,South Africa,HC Knight,AE Jones,M Daniels,4,0,,,,,,,,,
1150547,2018/19,2018-11-16,"Daren Sammy National Cricket Stadium, Gros Islet",2,11.3,England,South Africa,HC Knight,AE Jones,M Daniels,0,0,,,,,,,,,
1150547,2018/19,2018-11-16,"Daren Sammy National Cricket Stadium, Gros Islet",2,11.4,England,South Africa,HC Knight,AE Jones,M Daniels,1,0,,,,,,,,,
1150547,2018/19,2018-11-16,"Daren Sammy National Cricket Stadium, Gros Islet",2,11.5,England,South Africa,AE Jones,HC Knight,M Daniels,0,0,,,,,,,,,
1150547,2018/19,2018-11-16,"Daren Sammy National Cricket Stadium, Gros Islet",2,11.6,England,South Africa,AE Jones,HC Knight,M Daniels,1,0,,,,,,,,,
1150547,2018/19,2018-11-16,"Daren Sammy National Cricket Stadium, Gros Islet",2,12.1,England,South Africa,AE Jones,HC Knight,D van Niekerk,0,0,,,,,,,,,
1150547,2018/19,2018-11-16,"Daren Sammy National Cricket Stadium, Gros Islet",2,12.2,England,South Africa,AE Jones,HC Knight,D van Niekerk,1,0,,,,,,,,,
1150547,2018/19,2018-11-16,"Daren Sammy National Cricket Stadium, Gros Islet",2,12.3,England,South Africa,HC Knight,AE Jones,D van Niekerk,1,0,,,,,,,,,
1150547,2018/19,2018-11-16,"Daren Sammy National Cricket Stadium, Gros Islet",2,12.4,England,South Africa,AE Jones,HC Knight,D van Niekerk,0,0,,,,,,,,,
1150547,2018/19,2018-11-16,"Daren Sammy National Cricket Stadium, Gros Islet",2,12.5,England,South Africa,AE Jones,HC Knight,D van Niekerk,1,0,,,,,,,,,
1150547,2018/19,2018-11-16,"Daren Sammy National Cricket Stadium, Gros Islet",2,12.6,England,South Africa,HC Knight,AE Jones,D van Niekerk,0,0,,,,,,,,,
1150547,2018/19,2018-11-16,"Daren Sammy National Cricket Stadium, Gros Islet",2,13.1,England,South Africa,AE Jones,HC Knight,S Ismail,4,0,,,,,,,,,
1150547,2018/19,2018-11-16,"Daren Sammy National Cricket Stadium, Gros Islet",2,13.2,England,South Africa,AE Jones,HC Knight,S Ismail,1,0,,,,,,,,,
1150547,2018/19,2018-11-16,"Daren Sammy National Cricket Stadium, Gros Islet",2,13.3,England,South Africa,HC Knight,AE Jones,S Ismail,0,0,,,,,,,,,
1150547,2018/19,2018-11-16,"Daren Sammy National Cricket Stadium, Gros Islet",2,13.4,England,South Africa,HC Knight,AE Jones,S Ismail,1,0,,,,,,,,,
1150547,2018/19,2018-11-16,"Daren Sammy National Cricket Stadium, Gros Islet",2,13.5,England,South Africa,AE Jones,HC Knight,S Ismail,1,0,,,,,,,,,
1150547,2018/19,2018-11-16,"Daren Sammy National Cricket Stadium, Gros Islet",2,13.6,England,South Africa,HC Knight,AE Jones,S Ismail,4,0,,,,,,,,,
1150547,2018/19,2018-11-16,"Daren Sammy National Cricket Stadium, Gros Islet",2,14.1,England,South Africa,AE Jones,HC Knight,D van Niekerk,4,0,,,,,,,,,
