match_id,season,start_date,venue,innings,ball,batting_team,bowling_team,striker,non_striker,bowler,runs_off_bat,extras,wides,noballs,byes,legbyes,penalty,wicket_type,player_dismissed,other_wicket_type,other_player_dismissed
1150542,2018/19,2018-11-13,Providence Stadium,1,0.1,Australia,New Zealand,BL Mooney,AJ Healy,AC Kerr,0,0,,,,,,,,,
1150542,2018/19,2018-11-13,Providence Stadium,1,0.2,Australia,New Zealand,BL Mooney,AJ Healy,AC Kerr,0,0,,,,,,,,,
1150542,2018/19,2018-11-13,Providence Stadium,1,0.3,Australia,New Zealand,BL Mooney,AJ Healy,AC Kerr,0,0,,,,,,,,,
1150542,2018/19,2018-11-13,Providence Stadium,1,0.4,Australia,New Zealand,BL Mooney,AJ Healy,AC Kerr,1,0,,,,,,,,,
1150542,2018/19,2018-11-13,Providence Stadium,1,0.5,Australia,New Zealand,AJ Healy,BL Mooney,AC Kerr,1,0,,,,,,,,,
1150542,2018/19,2018-11-13,Providence Stadium,1,0.6,Australia,New Zealand,BL Mooney,AJ Healy,AC Kerr,1,0,,,,,,,,,
1150542,2018/19,2018-11-13,Providence Stadium,1,1.1,Australia,New Zealand,BL Mooney,AJ Healy,LMM Tahuhu,0,0,,,,,,,,,
1150542,2018/19,2018-11-13,Providence Stadium,1,1.2,Australia,New Zealand,BL Mooney,AJ Healy,LMM Tahuhu,1,0,,,,,,,,,
1150542,2018/19,2018-11-13,Providence Stadium,1,1.3,Australia,New Zealand,AJ Healy,BL Mooney,LMM Tahuhu,4,0,,,,,,,,,
1150542,2018/19,2018-11-13,Providence Stadium,1,1.4,Australia,New Zealand,AJ Healy,BL Mooney,LMM Tahuhu,1,0,,,,,,,,,
1150542,2018/19,2018-11-13,Providence Stadium,1,1.5,Australia,New Zealand,BL Mooney,AJ Healy,LMM Tahuhu,0,0,,,,,,,,,
1150542,2018/19,2018-11-13,Providence Stadium,1,1.6,Australia,New Zealand,BL Mooney,AJ Healy,LMM Tahuhu,0,0,,,,,,,,,
1150542,2018/19,2018-11-13,Providence Stadium,1,2.1,Australia,New Zealand,AJ Healy,BL Mooney,SFM Devine,4,0,,,,,,,,,
1150542,2018/19,2018-11-13,Providence Stadium,1,2.2,Australia,New Zealand,AJ Healy,BL Mooney,SFM Devine,1,0,,,,,,,,,
1150542,2018/19,2018-11-13,Providence Stadium,1,2.3,Australia,New Zealand,BL Mooney,AJ Healy,SFM Devine,1,0,,,,,,,,,
1150542,2018/19,2018-11-13,Providence Stadium,1,2.4,Australia,New Zealand,AJ Healy,BL Mooney,SFM Devine,0,1,1,,,,,,,,
1150542,2018/19,2018-11-13,Providence Stadium,1,2.5,Australia,New Zealand,AJ Healy,BL Mooney,SFM Devine,1,0,,,,,,,,,
1150542,2018/19,2018-11-13,Providence Stadium,1,2.6,Australia,New Zealand,BL Mooney,AJ Healy,SFM Devine,0,0,,,,,,,,,
1150542,2018/19,2018-11-13,Providence Stadium,1,2.7,Australia,New Zealand,BL Mooney,AJ Healy,SFM Devine,4,0,,,,,,,,,
1150542,2018/19,2018-11-13,Providence Stadium,1,3.1,Australia,New Zealand,AJ Healy,BL Mooney,LMM Tahuhu,1,0,,,,,,,,,
1150542,2018/19,2018-11-13,Providence Stadium,1,3.2,Australia,New Zealand,BL Mooney,AJ Healy,LMM Tahuhu,0,0,,,,,,,,,
1150542,2018/19,2018-11-13,Providence Stadium,1,3.3,Australia,New Zealand,BL Mooney,AJ Healy,LMM Tahuhu,1,0,,,,,,,,,
1150542,2018/19,2018-11-13,Providence Stadium,1,3.4,Australia,New Zealand,AJ Healy,BL Mooney,LMM Tahuhu,0,0,,,,,,,,,
1150542,2018/19,2018-11-13,Providence Stadium,1,3.5,Australia,New Zealand,AJ Healy,BL Mooney,LMM Tahuhu,0,0,,,,,,,,,
1150542,2018/19,2018-11-13,Providence Stadium,1,3.6,Australia,New Zealand,AJ Healy,BL Mooney,LMM Tahuhu,1,0,,,,,,,,,
1150542,2018/19,2018-11-13,Providence Stadium,1,4.1,Australia,New Zealand,AJ Healy,BL Mooney,SFM Devine,0,0,,,,,,,,,
1150542,2018/19,2018-11-13,Providence Stadium,1,4.2,Australia,New Zealand,AJ Healy,BL Mooney,SFM Devine,4,0,,,,,,,,,
1150542,2018/19,2018-11-13,Providence Stadium,1,4.3,Australia,New Zealand,AJ Healy,BL Mooney,SFM Devine,0,0,,,,,,,,,
1150542,2018/19,2018-11-13,Providence Stadium,1,4.4,Australia,New Zealand,AJ Healy,BL Mooney,SFM Devine,0,0,,,,,,,,,
1150542,2018/19,2018-11-13,Providence Stadium,1,4.5,Australia,New Zealand,AJ Healy,BL Mooney,SFM Devine,1,0,,,,,,,,,
1150542,2018/19,2018-11-13,Providence Stadium,1,4.6,Australia,New Zealand,BL Mooney,AJ Healy,SFM Devine,4,0,,,,,,,,,
1150542,2018/19,2018-11-13,Providence Stadium,1,5.1,Australia,New Zealand,AJ Healy,BL Mooney,LM Kasperek,4,0,,,,,,,,,
1150542,2018/19,2018-11-13,Providence Stadium,1,5.2,Australia,New Zealand,AJ Healy,BL Mooney,LM Kasperek,1,0,,,,,,,,,
1150542,2018/19,2018-11-13,Providence Stadium,1,5.3,Australia,New Zealand,BL Mooney,AJ Healy,LM Kasperek,0,0,,,,,,,,,
1150542,2018/19,2018-11-13,Providence Stadium,1,5.4,Australia,New Zealand,BL Mooney,AJ Healy,LM Kasperek,1,0,,,,,,,,,
1150542,2018/19,2018-11-13,Providence Stadium,1,5.5,Australia,New Zealand,AJ Healy,BL Mooney,LM Kasperek,1,0,,,,,,,,,
1150542,2018/19,2018-11-13,Providence Stadium,1,5.6,Australia,New Zealand,BL Mooney,AJ Healy,LM Kasperek,4,0,,,,,,,,,
1150542,2018/19,2018-11-13,Providence Stadium,1,6.1,Australia,New Zealand,AJ Healy,BL Mooney,AC Kerr,1,0,,,,,,,,,
1150542,2018/19,2018-11-13,Providence Stadium,1,6.2,Australia,New Zealand,BL Mooney,AJ Healy,AC Kerr,4,0,,,,,,,,,
1150542,2018/19,2018-11-13,Providence Stadium,1,6.3,Australia,New Zealand,BL Mooney,AJ Healy,AC Kerr,1,0,,,,,,,,,
1150542,2018/19,2018-11-13,Providence Stadium,1,6.4,Australia,New Zealand,AJ Healy,BL Mooney,AC Kerr,1,0,,,,,,,,,
1150542,2018/19,2018-11-13,Providence Stadium,1,6.5,Australia,New Zealand,BL Mooney,AJ Healy,AC Kerr,1,0,,,,,,,,,
1150542,2018/19,2018-11-13,Providence Stadium,1,6.6,Australia,New Zealand,AJ Healy,BL Mooney,AC Kerr,1,0,,,,,,,,,
1150542,2018/19,2018-11-13,Providence Stadium,1,7.1,Australia,New Zealand,AJ Healy,BL Mooney,HM Rowe,1,0,,,,,,,,,
1150542,2018/19,2018-11-13,Providence Stadium,1,7.2,Australia,New Zealand,BL Mooney,AJ Healy,HM Rowe,1,0,,,,,,,,,
1150542,2018/19,2018-11-13,Providence Stadium,1,7.3,Australia,New Zealand,AJ Healy,BL Mooney,HM Rowe,4,0,,,,,,,,,
1150542,2018/19,2018-11-13,Providence Stadium,1,7.4,Australia,New Zealand,AJ Healy,BL Mooney,HM Rowe,4,0,,,,,,,,,
1150542,2018/19,2018-11-13,Providence Stadium,1,7.5,Australia,New Zealand,AJ Healy,BL Mooney,HM Rowe,2,0,,,,,,,,,
1150542,2018/19,2018-11-13,Providence Stadium,1,7.6,Australia,New Zealand,AJ Healy,BL Mooney,HM Rowe,4,0,,,,,,,,,
1150542,2018/19,2018-11-13,Providence Stadium,1,8.1,Australia,New Zealand,BL Mooney,AJ Healy,LM Kasperek,1,0,,,,,,,,,
1150542,2018/19,2018-11-13,Providence Stadium,1,8.2,Australia,New Zealand,AJ Healy,BL Mooney,LM Kasperek,1,0,,,,,,,,,
1150542,2018/19,2018-11-13,Providence Stadium,1,8.3,Australia,New Zealand,BL Mooney,AJ Healy,LM Kasperek,0,0,,,,,,caught,BL Mooney,,
1150542,2018/19,2018-11-13,Providence Stadium,1,8.4,Australia,New Zealand,AJ Healy,MM Lanning,LM Kasperek,0,0,,,,,,,,,
1150542,2018/19,2018-11-13,Providence Stadium,1,8.5,Australia,New Zealand,AJ Healy,MM Lanning,LM Kasperek,4,0,,,,,,,,,
1150542,2018/19,2018-11-13,Providence Stadium,1,8.6,Australia,New Zealand,AJ Healy,MM Lanning,LM Kasperek,1,0,,,,,,,,,
1150542,2018/19,2018-11-13,Providence Stadium,1,9.1,Australia,New Zealand,AJ Healy,MM Lanning,LMM Tahuhu,0,0,,,,,,,,,
1150542,2018/19,2018-11-13,Providence Stadium,1,9.2,Australia,New Zealand,AJ Healy,MM Lanning,LMM Tahuhu,0,0,,,,,,,,,
1150542,2018/19,2018-11-13,Providence Stadium,1,9.3,Australia,New Zealand,AJ Healy,MM Lanning,LMM Tahuhu,1,0,,,,,,,,,
1150542,2018/19,2018-11-13,Providence Stadium,1,9.4,Australia,New Zealand,MM Lanning,AJ Healy,LMM Tahuhu,4,0,,,,,,,,,
1150542,2018/19,2018-11-13,Providence Stadium,1,9.5,Australia,New Zealand,MM Lanning,AJ Healy,LMM Tahuhu,0,0,,,,,,,,,
1150542,2018/19,2018-11-13,Providence Stadium,1,9.6,Australia,New Zealand,MM Lanning,AJ Healy,LMM Tahuhu,0,1,,,,1,,,,,
1150542,2018/19,2018-11-13,Providence Stadium,1,10.1,Australia,New Zealand,MM Lanning,AJ Healy,SFM Devine,1,0,,,,,,,,,
1150542,2018/19,2018-11-13,Providence Stadium,1,10.2,Australia,New Zealand,AJ Healy,MM Lanning,SFM Devine,1,0,,,,,,,,,
1150542,2018/19,2018-11-13,Providence Stadium,1,10.3,Australia,New Zealand,MM Lanning,AJ Healy,SFM Devine,0,3,3,,,,,,,,
1150542,2018/19,2018-11-13,Providence Stadium,1,10.4,Australia,New Zealand,MM Lanning,AJ Healy,SFM Devine,0,0,,,,,,,,,
1150542,2018/19,2018-11-13,Providence Stadium,1,10.5,Australia,New Zealand,MM Lanning,AJ Healy,SFM Devine,0,0,,,,,,caught,MM Lanning,,
1150542,2018/19,2018-11-13,Providence Stadium,1,10.6,Australia,New Zealand,A Gardner,AJ Healy,SFM Devine,0,1,1,,,,,,,,
1150542,2018/19,2018-11-13,Providence Stadium,1,10.7,Australia,New Zealand,A Gardner,AJ Healy,SFM Devine,1,0,,,,,,,,,
1150542,2018/19,2018-11-13,Providence Stadium,1,10.8,Australia,New Zealand,AJ Healy,A Gardner,SFM Devine,0,0,,,,,,,,,
1150542,2018/19,2018-11-13,Providence Stadium,1,11.1,Australia,New Zealand,A Gardner,AJ Healy,AC Kerr,4,0,,,,,,,,,
1150542,2018/19,2018-11-13,Providence Stadium,1,11.2,Australia,New Zealand,A Gardner,AJ Healy,AC Kerr,1,0,,,,,,,,,
1150542,2018/19,2018-11-13,Providence Stadium,1,11.3,Australia,New Zealand,AJ Healy,A Gardner,AC Kerr,1,0,,,,,,,,,
1150542,2018/19,2018-11-13,Providence Stadium,1,11.4,Australia,New Zealand,A Gardner,AJ Healy,AC Kerr,0,0,,,,,,,,,
1150542,2018/19,2018-11-13,Providence Stadium,1,11.5,Australia,New Zealand,A Gardner,AJ Healy,AC Kerr,0,0,,,,,,,,,
1150542,2018/19,2018-11-13,Providence Stadium,1,11.6,Australia,New Zealand,A Gardner,AJ Healy,AC Kerr,0,0,,,,,,,,,
1150542,2018/19,2018-11-13,Providence Stadium,1,12.1,Australia,New Zealand,AJ Healy,A Gardner,HM Rowe,1,0,,,,,,,,,
1150542,2018/19,2018-11-13,Providence Stadium,1,12.2,Australia,New Zealand,A Gardner,AJ Healy,HM Rowe,0,1,1,,,,,,,,
1150542,2018/19,2018-11-13,Providence Stadium,1,12.3,Australia,New Zealand,A Gardner,AJ Healy,HM Rowe,0,1,1,,,,,,,,
1150542,2018/19,2018-11-13,Providence Stadium,1,12.4,Australia,New Zealand,A Gardner,AJ Healy,HM Rowe,0,0,,,,,,,,,
1150542,2018/19,2018-11-13,Providence Stadium,1,12.5,Australia,New Zealand,A Gardner,AJ Healy,HM Rowe,1,0,,,,,,,,,
1150542,2018/19,2018-11-13,Providence Stadium,1,12.6,Australia,New Zealand,AJ Healy,A Gardner,HM Rowe,0,0,,,,,,bowled,AJ Healy,,
1150542,2018/19,2018-11-13,Providence Stadium,1,12.7,Australia,New Zealand,EJ Villani,A Gardner,HM Rowe,0,0,,,,,,,,,
1150542,2018/19,2018-11-13,Providence Stadium,1,12.8,Australia,New Zealand,EJ Villani,A Gardner,HM Rowe,1,0,,,,,,,,,
1150542,2018/19,2018-11-13,Providence Stadium,1,13.1,Australia,New Zealand,EJ Villani,A Gardner,SW Bates,0,1,1,,,,,,,,
1150542,2018/19,2018-11-13,Providence Stadium,1,13.2,Australia,New Zealand,EJ Villani,A Gardner,SW Bates,1,0,,,,,,,,,
1150542,2018/19,2018-11-13,Providence Stadium,1,13.3,Australia,New Zealand,A Gardner,EJ Villani,SW Bates,1,0,,,,,,,,,
1150542,2018/19,2018-11-13,Providence Stadium,1,13.4,Australia,New Zealand,EJ Villani,A Gardner,SW Bates,1,0,,,,,,,,,
1150542,2018/19,2018-11-13,Providence Stadium,1,13.5,Australia,New Zealand,A Gardner,EJ Villani,SW Bates,0,1,1,,,,,,,,
1150542,2018/19,2018-11-13,Providence Stadium,1,13.6,Australia,New Zealand,A Gardner,EJ Villani,SW Bates,1,0,,,,,,,,,
1150542,2018/19,2018-11-13,Providence Stadium,1,13.7,Australia,New Zealand,EJ Villani,A Gardner,SW Bates,1,0,,,,,,,,,
1150542,2018/19,2018-11-13,Providence Stadium,1,13.8,Australia,New Zealand,A Gardner,EJ Villani,SW Bates,1,0,,,,,,,,,
1150542,2018/19,2018-11-13,Providence Stadium,1,14.1,Australia,New Zealand,A Gardner,EJ Villani,LM Kasperek,0,0,,,,,,,,,
1150542,2018/19,2018-11-13,Providence Stadium,1,14.2,Australia,New Zealand,A Gardner,EJ Villani,LM Kasperek,0,0,,,,,,caught,A Gardner,,
1150542,2018/19,2018-11-13,Providence Stadium,1,14.3,Australia,New Zealand,EJ Villani,RL Haynes,LM Kasperek,1,0,,,,,,,,,
1150542,2018/19,2018-11-13,Providence Stadium,1,14.4,Australia,New Zealand,RL Haynes,EJ Villani,LM Kasperek,2,0,,,,,,,,,
1150542,2018/19,2018-11-13,Providence Stadium,1,14.5,Australia,New Zealand,RL Haynes,EJ Villani,LM Kasperek,0,0,,,,,,,,,
1150542,2018/19,2018-11-13,Providence Stadium,1,14.6,Australia,New Zealand,RL Haynes,EJ Villani,LM Kasperek,0,0,,,,,,,,,
1150542,2018/19,2018-11-13,Providence Stadium,1,15.1,Australia,New Zealand,EJ Villani,RL Haynes,AM Peterson,4,0,,,,,,,,,
1150542,2018/19,2018-11-13,Providence Stadium,1,15.2,Australia,New Zealand,EJ Villani,RL Haynes,AM Peterson,4,0,,,,,,,,,
1150542,2018/19,2018-11-13,Providence Stadium,1,15.3,Australia,New Zealand,EJ Villani,RL Haynes,AM Peterson,1,0,,,,,,,,,
1150542,2018/19,2018-11-13,Providence Stadium,1,15.4,Australia,New Zealand,RL Haynes,EJ Villani,AM Peterson,1,0,,,,,,,,,
1150542,2018/19,2018-11-13,Providence Stadium,1,15.5,Australia,New Zealand,EJ Villani,RL Haynes,AM Peterson,0,0,,,,,,,,,
1150542,2018/19,2018-11-13,Providence Stadium,1,15.6,Australia,New Zealand,EJ Villani,RL Haynes,AM Peterson,0,1,1,,,,,,,,
1150542,2018/19,2018-11-13,Providence Stadium,1,15.7,Australia,New Zealand,EJ Villani,RL Haynes,AM Peterson,0,0,,,,,,lbw,EJ Villani,,
1150542,2018/19,2018-11-13,Providence Stadium,1,16.1,Australia,New Zealand,RL Haynes,EA Perry,AC Kerr,4,0,,,,,,,,,
1150542,2018/19,2018-11-13,Providence Stadium,1,16.2,Australia,New Zealand,RL Haynes,EA Perry,AC Kerr,1,0,,,,,,,,,
1150542,2018/19,2018-11-13,Providence Stadium,1,16.3,Australia,New Zealand,EA Perry,RL Haynes,AC Kerr,0,0,,,,,,,,,
1150542,2018/19,2018-11-13,Providence Stadium,1,16.4,Australia,New Zealand,EA Perry,RL Haynes,AC Kerr,1,0,,,,,,,,,
1150542,2018/19,2018-11-13,Providence Stadium,1,16.5,Australia,New Zealand,RL Haynes,EA Perry,AC Kerr,1,0,,,,,,,,,
1150542,2018/19,2018-11-13,Providence Stadium,1,16.6,Australia,New Zealand,EA Perry,RL Haynes,AC Kerr,0,0,,,,,,,,,
1150542,2018/19,2018-11-13,Providence Stadium,1,17.1,Australia,New Zealand,RL Haynes,EA Perry,LMM Tahuhu,4,0,,,,,,,,,
1150542,2018/19,2018-11-13,Providence Stadium,1,17.2,Australia,New Zealand,RL Haynes,EA Perry,LMM Tahuhu,4,0,,,,,,,,,
1150542,2018/19,2018-11-13,Providence Stadium,1,17.3,Australia,New Zealand,RL Haynes,EA Perry,LMM Tahuhu,0,0,,,,,,,,,
1150542,2018/19,2018-11-13,Providence Stadium,1,17.4,Australia,New Zealand,RL Haynes,EA Perry,LMM Tahuhu,1,0,,,,,,,,,
1150542,2018/19,2018-11-13,Providence Stadium,1,17.5,Australia,New Zealand,EA Perry,RL Haynes,LMM Tahuhu,2,0,,,,,,,,,
1150542,2018/19,2018-11-13,Providence Stadium,1,17.6,Australia,New Zealand,EA Perry,RL Haynes,LMM Tahuhu,0,0,,,,,,,,,
1150542,2018/19,2018-11-13,Providence Stadium,1,18.1,Australia,New Zealand,RL Haynes,EA Perry,LM Kasperek,1,0,,,,,,,,,
1150542,2018/19,2018-11-13,Providence Stadium,1,18.2,Australia,New Zealand,EA Perry,RL Haynes,LM Kasperek,0,0,,,,,,caught,EA Perry,,
1150542,2018/19,2018-11-13,Providence Stadium,1,18.3,Australia,New Zealand,RL Haynes,S Molineux,LM Kasperek,1,0,,,,,,,,,
1150542,2018/19,2018-11-13,Providence Stadium,1,18.4,Australia,New Zealand,S Molineux,RL Haynes,LM Kasperek,1,0,,,,,,,,,
1150542,2018/19,2018-11-13,Providence Stadium,1,18.5,Australia,New Zealand,RL Haynes,S Molineux,LM Kasperek,1,0,,,,,,,,,
1150542,2018/19,2018-11-13,Providence Stadium,1,18.6,Australia,New Zealand,S Molineux,RL Haynes,LM Kasperek,0,0,,,,,,,,,
1150542,2018/19,2018-11-13,Providence Stadium,1,19.1,Australia,New Zealand,RL Haynes,S Molineux,SFM Devine,4,0,,,,,,,,,
1150542,2018/19,2018-11-13,Providence Stadium,1,19.2,Australia,New Zealand,RL Haynes,S Molineux,SFM Devine,2,0,,,,,,,,,
1150542,2018/19,2018-11-13,Providence Stadium,1,19.3,Australia,New Zealand,RL Haynes,S Molineux,SFM Devine,1,0,,,,,,,,,
1150542,2018/19,2018-11-13,Providence Stadium,1,19.4,Australia,New Zealand,S Molineux,RL Haynes,SFM Devine,1,0,,,,,,,,,
1150542,2018/19,2018-11-13,Providence Stadium,1,19.5,Australia,New Zealand,RL Haynes,S Molineux,SFM Devine,1,0,,,,,,,,,
1150542,2018/19,2018-11-13,Providence Stadium,1,19.6,Australia,New Zealand,S Molineux,RL Haynes,SFM Devine,0,0,,,,,,caught,S Molineux,,
1150542,2018/19,2018-11-13,Providence Stadium,2,0.1,New Zealand,Australia,SW Bates,AM Peterson,ML Schutt,0,5,5,,,,,,,,
1150542,2018/19,2018-11-13,Providence Stadium,2,0.2,New Zealand,Australia,SW Bates,AM Peterson,ML Schutt,0,0,,,,,,,,,
1150542,2018/19,2018-11-13,Providence Stadium,2,0.3,New Zealand,Australia,SW Bates,AM Peterson,ML Schutt,1,0,,,,,,,,,
1150542,2018/19,2018-11-13,Providence Stadium,2,0.4,New Zealand,Australia,AM Peterson,SW Bates,ML Schutt,0,0,,,,,,,,,
1150542,2018/19,2018-11-13,Providence Stadium,2,0.5,New Zealand,Australia,AM Peterson,SW Bates,ML Schutt,0,0,,,,,,lbw,AM Peterson,,
1150542,2018/19,2018-11-13,Providence Stadium,2,0.6,New Zealand,Australia,SFM Devine,SW Bates,ML Schutt,0,0,,,,,,,,,
1150542,2018/19,2018-11-13,Providence Stadium,2,0.7,New Zealand,Australia,SFM Devine,SW Bates,ML Schutt,0,0,,,,,,,,,
1150542,2018/19,2018-11-13,Providence Stadium,2,1.1,New Zealand,Australia,SW Bates,SFM Devine,EA Perry,1,0,,,,,,,,,
1150542,2018/19,2018-11-13,Providence Stadium,2,1.2,New Zealand,Australia,SFM Devine,SW Bates,EA Perry,0,0,,,,,,,,,
1150542,2018/19,2018-11-13,Providence Stadium,2,1.3,New Zealand,Australia,SFM Devine,SW Bates,EA Perry,0,0,,,,,,bowled,SFM Devine,,
1150542,2018/19,2018-11-13,Providence Stadium,2,1.4,New Zealand,Australia,AE Satterthwaite,SW Bates,EA Perry,0,0,,,,,,,,,
1150542,2018/19,2018-11-13,Providence Stadium,2,1.5,New Zealand,Australia,AE Satterthwaite,SW Bates,EA Perry,0,0,,,,,,,,,
1150542,2018/19,2018-11-13,Providence Stadium,2,1.6,New Zealand,Australia,AE Satterthwaite,SW Bates,EA Perry,1,0,,,,,,,,,
1150542,2018/19,2018-11-13,Providence Stadium,2,2.1,New Zealand,Australia,AE Satterthwaite,SW Bates,S Molineux,0,3,3,,,,,,,,
1150542,2018/19,2018-11-13,Providence Stadium,2,2.2,New Zealand,Australia,AE Satterthwaite,SW Bates,S Molineux,0,0,,,,,,,,,
1150542,2018/19,2018-11-13,Providence Stadium,2,2.3,New Zealand,Australia,AE Satterthwaite,SW Bates,S Molineux,0,0,,,,,,,,,
1150542,2018/19,2018-11-13,Providence Stadium,2,2.4,New Zealand,Australia,AE Satterthwaite,SW Bates,S Molineux,1,0,,,,,,,,,
1150542,2018/19,2018-11-13,Providence Stadium,2,2.5,New Zealand,Australia,SW Bates,AE Satterthwaite,S Molineux,1,0,,,,,,,,,
1150542,2018/19,2018-11-13,Providence Stadium,2,2.6,New Zealand,Australia,AE Satterthwaite,SW Bates,S Molineux,0,0,,,,,,lbw,AE Satterthwaite,,
1150542,2018/19,2018-11-13,Providence Stadium,2,2.7,New Zealand,Australia,KJ Martin,SW Bates,S Molineux,0,0,,,,,,,,,
1150542,2018/19,2018-11-13,Providence Stadium,2,3.1,New Zealand,Australia,SW Bates,KJ Martin,EA Perry,4,0,,,,,,,,,
1150542,2018/19,2018-11-13,Providence Stadium,2,3.2,New Zealand,Australia,SW Bates,KJ Martin,EA Perry,1,0,,,,,,,,,
1150542,2018/19,2018-11-13,Providence Stadium,2,3.3,New Zealand,Australia,KJ Martin,SW Bates,EA Perry,0,0,,,,,,,,,
1150542,2018/19,2018-11-13,Providence Stadium,2,3.4,New Zealand,Australia,KJ Martin,SW Bates,EA Perry,0,1,,,1,,,,,,
1150542,2018/19,2018-11-13,Providence Stadium,2,3.5,New Zealand,Australia,SW Bates,KJ Martin,EA Perry,1,0,,,,,,,,,
1150542,2018/19,2018-11-13,Providence Stadium,2,3.6,New Zealand,Australia,KJ Martin,SW Bates,EA Perry,0,0,,,,,,,,,
1150542,2018/19,2018-11-13,Providence Stadium,2,4.1,New Zealand,Australia,SW Bates,KJ Martin,ML Schutt,0,0,,,,,,,,,
1150542,2018/19,2018-11-13,Providence Stadium,2,4.2,New Zealand,Australia,SW Bates,KJ Martin,ML Schutt,0,0,,,,,,,,,
1150542,2018/19,2018-11-13,Providence Stadium,2,4.3,New Zealand,Australia,SW Bates,KJ Martin,ML Schutt,0,0,,,,,,,,,
1150542,2018/19,2018-11-13,Providence Stadium,2,4.4,New Zealand,Australia,SW Bates,KJ Martin,ML Schutt,1,0,,,,,,,,,
1150542,2018/19,2018-11-13,Providence Stadium,2,4.5,New Zealand,Australia,KJ Martin,SW Bates,ML Schutt,1,0,,,,,,,,,
1150542,2018/19,2018-11-13,Providence Stadium,2,4.6,New Zealand,Australia,SW Bates,KJ Martin,ML Schutt,1,0,,,,,,,,,
1150542,2018/19,2018-11-13,Providence Stadium,2,5.1,New Zealand,Australia,SW Bates,KJ Martin,S Molineux,6,0,,,,,,,,,
1150542,2018/19,2018-11-13,Providence Stadium,2,5.2,New Zealand,Australia,SW Bates,KJ Martin,S Molineux,0,0,,,,,,,,,
1150542,2018/19,2018-11-13,Providence Stadium,2,5.3,New Zealand,Australia,SW Bates,KJ Martin,S Molineux,0,0,,,,,,,,,
1150542,2018/19,2018-11-13,Providence Stadium,2,5.4,New Zealand,Australia,SW Bates,KJ Martin,S Molineux,0,0,,,,,,,,,
1150542,2018/19,2018-11-13,Providence Stadium,2,5.5,New Zealand,Australia,SW Bates,KJ Martin,S Molineux,1,0,,,,,,,,,
1150542,2018/19,2018-11-13,Providence Stadium,2,5.6,New Zealand,Australia,KJ Martin,SW Bates,S Molineux,1,0,,,,,,,,,
1150542,2018/19,2018-11-13,Providence Stadium,2,6.1,New Zealand,Australia,KJ Martin,SW Bates,G Wareham,0,3,3,,,,,,,,
1150542,2018/19,2018-11-13,Providence Stadium,2,6.2,New Zealand,Australia,KJ Martin,SW Bates,G Wareham,1,0,,,,,,,,,
1150542,2018/19,2018-11-13,Providence Stadium,2,6.3,New Zealand,Australia,SW Bates,KJ Martin,G Wareham,0,0,,,,,,,,,
1150542,2018/19,2018-11-13,Providence Stadium,2,6.4,New Zealand,Australia,SW Bates,KJ Martin,G Wareham,1,0,,,,,,,,,
1150542,2018/19,2018-11-13,Providence Stadium,2,6.5,New Zealand,Australia,KJ Martin,SW Bates,G Wareham,1,0,,,,,,,,,
1150542,2018/19,2018-11-13,Providence Stadium,2,6.6,New Zealand,Australia,SW Bates,KJ Martin,G Wareham,2,0,,,,,,,,,
1150542,2018/19,2018-11-13,Providence Stadium,2,6.7,New Zealand,Australia,SW Bates,KJ Martin,G Wareham,0,1,,,,1,,,,,
1150542,2018/19,2018-11-13,Providence Stadium,2,7.1,New Zealand,Australia,SW Bates,KJ Martin,DM Kimmince,0,0,,,,,,,,,
1150542,2018/19,2018-11-13,Providence Stadium,2,7.2,New Zealand,Australia,SW Bates,KJ Martin,DM Kimmince,1,0,,,,,,,,,
1150542,2018/19,2018-11-13,Providence Stadium,2,7.3,New Zealand,Australia,KJ Martin,SW Bates,DM Kimmince,2,0,,,,,,,,,
1150542,2018/19,2018-11-13,Providence Stadium,2,7.4,New Zealand,Australia,KJ Martin,SW Bates,DM Kimmince,1,0,,,,,,,,,
1150542,2018/19,2018-11-13,Providence Stadium,2,7.5,New Zealand,Australia,SW Bates,KJ Martin,DM Kimmince,2,0,,,,,,,,,
1150542,2018/19,2018-11-13,Providence Stadium,2,7.6,New Zealand,Australia,SW Bates,KJ Martin,DM Kimmince,1,0,,,,,,,,,
1150542,2018/19,2018-11-13,Providence Stadium,2,8.1,New Zealand,Australia,SW Bates,KJ Martin,A Gardner,0,0,,,,,,,,,
1150542,2018/19,2018-11-13,Providence Stadium,2,8.2,New Zealand,Australia,SW Bates,KJ Martin,A Gardner,1,0,,,,,,,,,
1150542,2018/19,2018-11-13,Providence Stadium,2,8.3,New Zealand,Australia,KJ Martin,SW Bates,A Gardner,1,0,,,,,,,,,
1150542,2018/19,2018-11-13,Providence Stadium,2,8.4,New Zealand,Australia,SW Bates,KJ Martin,A Gardner,1,0,,,,,,,,,
1150542,2018/19,2018-11-13,Providence Stadium,2,8.5,New Zealand,Australia,KJ Martin,SW Bates,A Gardner,1,0,,,,,,,,,
1150542,2018/19,2018-11-13,Providence Stadium,2,8.6,New Zealand,Australia,SW Bates,KJ Martin,A Gardner,0,0,,,,,,,,,
1150542,2018/19,2018-11-13,Providence Stadium,2,9.1,New Zealand,Australia,KJ Martin,SW Bates,EA Perry,4,0,,,,,,,,,
1150542,2018/19,2018-11-13,Providence Stadium,2,9.2,New Zealand,Australia,KJ Martin,SW Bates,EA Perry,4,0,,,,,,,,,
1150542,2018/19,2018-11-13,Providence Stadium,2,9.3,New Zealand,Australia,KJ Martin,SW Bates,EA Perry,1,0,,,,,,,,,
1150542,2018/19,2018-11-13,Providence Stadium,2,9.4,New Zealand,Australia,SW Bates,KJ Martin,EA Perry,4,0,,,,,,,,,
1150542,2018/19,2018-11-13,Providence Stadium,2,9.5,New Zealand,Australia,SW Bates,KJ Martin,EA Perry,2,0,,,,,,,,,
1150542,2018/19,2018-11-13,Providence Stadium,2,9.6,New Zealand,Australia,SW Bates,KJ Martin,EA Perry,1,0,,,,,,,,,
1150542,2018/19,2018-11-13,Providence Stadium,2,10.1,New Zealand,Australia,SW Bates,KJ Martin,DM Kimmince,4,0,,,,,,,,,
1150542,2018/19,2018-11-13,Providence Stadium,2,10.2,New Zealand,Australia,SW Bates,KJ Martin,DM Kimmince,0,0,,,,,,,,,
1150542,2018/19,2018-11-13,Providence Stadium,2,10.3,New Zealand,Australia,SW Bates,KJ Martin,DM Kimmince,1,0,,,,,,,,,
1150542,2018/19,2018-11-13,Providence Stadium,2,10.4,New Zealand,Australia,KJ Martin,SW Bates,DM Kimmince,1,0,,,,,,,,,
1150542,2018/19,2018-11-13,Providence Stadium,2,10.5,New Zealand,Australia,SW Bates,KJ Martin,DM Kimmince,1,0,,,,,,,,,
1150542,2018/19,2018-11-13,Providence Stadium,2,10.6,New Zealand,Australia,KJ Martin,SW Bates,DM Kimmince,1,0,,,,,,,,,
1150542,2018/19,2018-11-13,Providence Stadium,2,11.1,New Zealand,Australia,KJ Martin,SW Bates,G Wareham,4,0,,,,,,,,,
1150542,2018/19,2018-11-13,Providence Stadium,2,11.2,New Zealand,Australia,KJ Martin,SW Bates,G Wareham,0,0,,,,,,,,,
1150542,2018/19,2018-11-13,Providence Stadium,2,11.3,New Zealand,Australia,KJ Martin,SW Bates,G Wareham,0,0,,,,,,stumped,KJ Martin,,
1150542,2018/19,2018-11-13,Providence Stadium,2,11.4,New Zealand,Australia,ML Green,SW Bates,G Wareham,4,0,,,,,,,,,
1150542,2018/19,2018-11-13,Providence Stadium,2,11.5,New Zealand,Australia,ML Green,SW Bates,G Wareham,1,0,,,,,,,,,
1150542,2018/19,2018-11-13,Providence Stadium,2,11.6,New Zealand,Australia,SW Bates,ML Green,G Wareham,4,0,,,,,,,,,
1150542,2018/19,2018-11-13,Providence Stadium,2,12.1,New Zealand,Australia,ML Green,SW Bates,S Molineux,1,0,,,,,,,,,
1150542,2018/19,2018-11-13,Providence Stadium,2,12.2,New Zealand,Australia,SW Bates,ML Green,S Molineux,1,0,,,,,,,,,
1150542,2018/19,2018-11-13,Providence Stadium,2,12.3,New Zealand,Australia,ML Green,SW Bates,S Molineux,1,0,,,,,,,,,
1150542,2018/19,2018-11-13,Providence Stadium,2,12.4,New Zealand,Australia,SW Bates,ML Green,S Molineux,1,0,,,,,,,,,
1150542,2018/19,2018-11-13,Providence Stadium,2,12.5,New Zealand,Australia,ML Green,SW Bates,S Molineux,0,0,,,,,,,,,
1150542,2018/19,2018-11-13,Providence Stadium,2,12.6,New Zealand,Australia,ML Green,SW Bates,S Molineux,1,0,,,,,,,,,
1150542,2018/19,2018-11-13,Providence Stadium,2,13.1,New Zealand,Australia,ML Green,SW Bates,DM Kimmince,0,1,1,,,,,,,,
1150542,2018/19,2018-11-13,Providence Stadium,2,13.2,New Zealand,Australia,ML Green,SW Bates,DM Kimmince,0,0,,,,,,caught,ML Green,,
1150542,2018/19,2018-11-13,Providence Stadium,2,13.3,New Zealand,Australia,SW Bates,B Bezuidenhout,DM Kimmince,1,0,,,,,,,,,
1150542,2018/19,2018-11-13,Providence Stadium,2,13.4,New Zealand,Australia,B Bezuidenhout,SW Bates,DM Kimmince,1,0,,,,,,,,,
1150542,2018/19,2018-11-13,Providence Stadium,2,13.5,New Zealand,Australia,SW Bates,B Bezuidenhout,DM Kimmince,1,0,,,,,,,,,
1150542,2018/19,2018-11-13,Providence Stadium,2,13.6,New Zealand,Australia,B Bezuidenhout,SW Bates,DM Kimmince,0,0,,,,,,caught,B Bezuidenhout,,
1150542,2018/19,2018-11-13,Providence Stadium,2,13.7,New Zealand,Australia,LM Kasperek,SW Bates,DM Kimmince,1,0,,,,,,,,,
1150542,2018/19,2018-11-13,Providence Stadium,2,14.1,New Zealand,Australia,LM Kasperek,SW Bates,A Gardner,1,0,,,,,,,,,
1150542,2018/19,2018-11-13,Providence Stadium,2,14.2,New Zealand,Australia,SW Bates,LM Kasperek,A Gardner,0,0,,,,,,lbw,SW Bates,,
1150542,2018/19,2018-11-13,Providence Stadium,2,14.3,New Zealand,Australia,HM Rowe,LM Kasperek,A Gardner,0,0,,,,,,,,,
1150542,2018/19,2018-11-13,Providence Stadium,2,14.4,New Zealand,Australia,HM Rowe,LM Kasperek,A Gardner,1,0,,,,,,,,,
1150542,2018/19,2018-11-13,Providence Stadium,2,14.5,New Zealand,Australia,LM Kasperek,HM Rowe,A Gardner,4,0,,,,,,,,,
1150542,2018/19,2018-11-13,Providence Stadium,2,14.6,New Zealand,Australia,LM Kasperek,HM Rowe,A Gardner,0,3,3,,,,,,,,
1150542,2018/19,2018-11-13,Providence Stadium,2,14.7,New Zealand,Australia,LM Kasperek,HM Rowe,A Gardner,4,0,,,,,,,,,
1150542,2018/19,2018-11-13,Providence Stadium,2,15.1,New Zealand,Australia,HM Rowe,LM Kasperek,DM Kimmince,0,0,,,,,,,,,
1150542,2018/19,2018-11-13,Providence Stadium,2,15.2,New Zealand,Australia,HM Rowe,LM Kasperek,DM Kimmince,1,0,,,,,,,,,
1150542,2018/19,2018-11-13,Providence Stadium,2,15.3,New Zealand,Australia,LM Kasperek,HM Rowe,DM Kimmince,1,0,,,,,,,,,
1150542,2018/19,2018-11-13,Providence Stadium,2,15.4,New Zealand,Australia,HM Rowe,LM Kasperek,DM Kimmince,0,0,,,,,,,,,
1150542,2018/19,2018-11-13,Providence Stadium,2,15.5,New Zealand,Australia,HM Rowe,LM Kasperek,DM Kimmince,1,0,,,,,,,,,
1150542,2018/19,2018-11-13,Providence Stadium,2,15.6,New Zealand,Australia,LM Kasperek,HM Rowe,DM Kimmince,1,0,,,,,,,,,
1150542,2018/19,2018-11-13,Providence Stadium,2,16.1,New Zealand,Australia,LM Kasperek,HM Rowe,ML Schutt,0,0,,,,,,caught,LM Kasperek,,
1150542,2018/19,2018-11-13,Providence Stadium,2,16.2,New Zealand,Australia,AC Kerr,HM Rowe,ML Schutt,1,0,,,,,,,,,
1150542,2018/19,2018-11-13,Providence Stadium,2,16.3,New Zealand,Australia,HM Rowe,AC Kerr,ML Schutt,1,0,,,,,,,,,
1150542,2018/19,2018-11-13,Providence Stadium,2,16.4,New Zealand,Australia,AC Kerr,HM Rowe,ML Schutt,1,0,,,,,,,,,
1150542,2018/19,2018-11-13,Providence Stadium,2,16.5,New Zealand,Australia,HM Rowe,AC Kerr,ML Schutt,0,0,,,,,,bowled,HM Rowe,,
1150542,2018/19,2018-11-13,Providence Stadium,2,16.6,New Zealand,Australia,LMM Tahuhu,AC Kerr,ML Schutt,0,0,,,,,,,,,
1150542,2018/19,2018-11-13,Providence Stadium,2,17.1,New Zealand,Australia,AC Kerr,LMM Tahuhu,S Molineux,1,0,,,,,,,,,
1150542,2018/19,2018-11-13,Providence Stadium,2,17.2,New Zealand,Australia,LMM Tahuhu,AC Kerr,S Molineux,1,0,,,,,,,,,
1150542,2018/19,2018-11-13,Providence Stadium,2,17.3,New Zealand,Australia,AC Kerr,LMM Tahuhu,S Molineux,0,0,,,,,,caught,AC Kerr,,
