version,2.1.0
info,balls_per_over,6
info,team,Bangladesh
info,team,West Indies
info,gender,male
info,season,2018/19
info,date,2018/12/17
info,event,West Indies tour of Bangladesh
info,match_number,1
info,venue,Sylhet International Cricket Stadium
info,city,Sylhet
info,toss_winner,Bangladesh
info,toss_decision,bat
info,player_of_match,SS Cottrell
info,umpire,Sharfuddoula
info,umpire,Tanvir Ahmed
info,reserve_umpire,Gazi Sohel
info,tv_umpire,Masudur Rahman
info,match_referee,JJ Crowe
info,winner,West Indies
info,winner_wickets,8
info,player,Bangladesh,Tamim Iqbal
info,player,Bangladesh,Liton Das
info,player,Bangladesh,Soumya Sarkar
info,player,Bangladesh,Shakib Al Hasan
info,player,Bangladesh,Mushfiqur Rahim
info,player,Bangladesh,Mahmudullah
info,player,Bangladesh,Ariful Haque
info,player,Bangladesh,Mohammad Saifuddin
info,player,Bangladesh,Mehedi Hasan Miraz
info,player,Bangladesh,Abu Hider
info,player,Bangladesh,Mustafizur Rahman
info,player,West Indies,E Lewis
info,player,West Indies,SD Hope
info,player,West Indies,N Pooran
info,player,West Indies,KMA Paul
info,player,West Indies,SO Hetmyer
info,player,West Indies,DM Bravo
info,player,West Indies,R Powell
info,player,West Indies,CR Brathwaite
info,player,West Indies,FA Allen
info,player,West Indies,SS Cottrell
info,player,West Indies,O Thomas
info,registry,people,Abu Hider,31803fac
info,registry,people,Ariful Haque,ad1730bc
info,registry,people,CR Brathwaite,e342e5fb
info,registry,people,DM Bravo,14b14cd8
info,registry,people,E Lewis,0ebfb1ad
info,registry,people,FA Allen,b52ffbbd
info,registry,people,Gazi Sohel,f0df3ed7
info,registry,people,JJ Crowe,2e760301
info,registry,people,KMA Paul,75224f22
info,registry,people,Liton Das,0404d43c
info,registry,people,Mahmudullah,bf1d7d3e
info,registry,people,Masudur Rahman,9581ac6b
info,registry,people,Mehedi Hasan Miraz,c58b0108
info,registry,people,Mohammad Saifuddin,b3a28446
info,registry,people,Mushfiqur Rahim,a94e08ea
info,registry,people,Mustafizur Rahman,0a8fce53
info,registry,people,N Pooran,3241e3fd
info,registry,people,O Thomas,c6097d68
info,registry,people,R Powell,650d5e49
info,registry,people,SD Hope,1fc6ef83
info,registry,people,SO Hetmyer,48a1d7b7
info,registry,people,SS Cottrell,a1d053dd
info,registry,people,Shakib Al Hasan,7dc35884
info,registry,people,Sharfuddoula,63896abb
info,registry,people,Soumya Sarkar,4d9f9686
info,registry,people,Tamim Iqbal,3b041a12
info,registry,people,Tanvir Ahmed,ea2df1f1
