match_id,season,start_date,venue,innings,ball,batting_team,bowling_team,striker,non_striker,bowler,runs_off_bat,extras,wides,noballs,byes,legbyes,penalty,wicket_type,player_dismissed,other_wicket_type,other_player_dismissed
1153698,2018/19,2019-02-10,Seddon Park,1,0.1,New Zealand,India,TL Seifert,C Munro,B Kumar,2,0,,,,,,,,,
1153698,2018/19,2019-02-10,Seddon Park,1,0.2,New Zealand,India,TL Seifert,C Munro,B Kumar,1,0,,,,,,,,,
1153698,2018/19,2019-02-10,Seddon Park,1,0.3,New Zealand,India,C Munro,TL Seifert,B Kumar,6,0,,,,,,,,,
1153698,2018/19,2019-02-10,Seddon Park,1,0.4,New Zealand,India,C Munro,TL Seifert,B Kumar,1,0,,,,,,,,,
1153698,2018/19,2019-02-10,Seddon Park,1,0.5,New Zealand,India,TL Seifert,C Munro,B Kumar,0,0,,,,,,,,,
1153698,2018/19,2019-02-10,Seddon Park,1,0.6,New Zealand,India,TL Seifert,C Munro,B Kumar,1,0,,,,,,,,,
1153698,2018/19,2019-02-10,Seddon Park,1,1.1,New Zealand,India,TL Seifert,C Munro,KK Ahmed,1,0,,,,,,,,,
1153698,2018/19,2019-02-10,Seddon Park,1,1.2,New Zealand,India,C Munro,TL Seifert,KK Ahmed,1,0,,,,,,,,,
1153698,2018/19,2019-02-10,Seddon Park,1,1.3,New Zealand,India,TL Seifert,C Munro,KK Ahmed,0,0,,,,,,,,,
1153698,2018/19,2019-02-10,Seddon Park,1,1.4,New Zealand,India,TL Seifert,C Munro,KK Ahmed,4,0,,,,,,,,,
1153698,2018/19,2019-02-10,Seddon Park,1,1.5,New Zealand,India,TL Seifert,C Munro,KK Ahmed,1,0,,,,,,,,,
1153698,2018/19,2019-02-10,Seddon Park,1,1.6,New Zealand,India,C Munro,TL Seifert,KK Ahmed,1,0,,,,,,,,,
1153698,2018/19,2019-02-10,Seddon Park,1,2.1,New Zealand,India,C Munro,TL Seifert,B Kumar,0,0,,,,,,,,,
1153698,2018/19,2019-02-10,Seddon Park,1,2.2,New Zealand,India,C Munro,TL Seifert,B Kumar,0,1,1,,,,,,,,
1153698,2018/19,2019-02-10,Seddon Park,1,2.3,New Zealand,India,C Munro,TL Seifert,B Kumar,0,0,,,,,,,,,
1153698,2018/19,2019-02-10,Seddon Park,1,2.4,New Zealand,India,C Munro,TL Seifert,B Kumar,1,0,,,,,,,,,
1153698,2018/19,2019-02-10,Seddon Park,1,2.5,New Zealand,India,TL Seifert,C Munro,B Kumar,0,0,,,,,,,,,
1153698,2018/19,2019-02-10,Seddon Park,1,2.6,New Zealand,India,TL Seifert,C Munro,B Kumar,0,0,,,,,,,,,
1153698,2018/19,2019-02-10,Seddon Park,1,2.7,New Zealand,India,TL Seifert,C Munro,B Kumar,1,0,,,,,,,,,
1153698,2018/19,2019-02-10,Seddon Park,1,3.1,New Zealand,India,TL Seifert,C Munro,KK Ahmed,0,0,,,,,,,,,
1153698,2018/19,2019-02-10,Seddon Park,1,3.2,New Zealand,India,TL Seifert,C Munro,KK Ahmed,4,0,,,,,,,,,
1153698,2018/19,2019-02-10,Seddon Park,1,3.3,New Zealand,India,TL Seifert,C Munro,KK Ahmed,6,0,,,,,,,,,
1153698,2018/19,2019-02-10,Seddon Park,1,3.4,New Zealand,India,TL Seifert,C Munro,KK Ahmed,1,0,,,,,,,,,
1153698,2018/19,2019-02-10,Seddon Park,1,3.5,New Zealand,India,C Munro,TL Seifert,KK Ahmed,1,0,,,,,,,,,
1153698,2018/19,2019-02-10,Seddon Park,1,3.6,New Zealand,India,TL Seifert,C Munro,KK Ahmed,4,0,,,,,,,,,
1153698,2018/19,2019-02-10,Seddon Park,1,4.1,New Zealand,India,C Munro,TL Seifert,HH Pandya,1,0,,,,,,,,,
1153698,2018/19,2019-02-10,Seddon Park,1,4.2,New Zealand,India,TL Seifert,C Munro,HH Pandya,1,0,,,,,,,,,
1153698,2018/19,2019-02-10,Seddon Park,1,4.3,New Zealand,India,C Munro,TL Seifert,HH Pandya,4,0,,,,,,,,,
1153698,2018/19,2019-02-10,Seddon Park,1,4.4,New Zealand,India,C Munro,TL Seifert,HH Pandya,2,0,,,,,,,,,
1153698,2018/19,2019-02-10,Seddon Park,1,4.5,New Zealand,India,C Munro,TL Seifert,HH Pandya,0,0,,,,,,,,,
1153698,2018/19,2019-02-10,Seddon Park,1,4.6,New Zealand,India,C Munro,TL Seifert,HH Pandya,0,0,,,,,,,,,
1153698,2018/19,2019-02-10,Seddon Park,1,5.1,New Zealand,India,TL Seifert,C Munro,KH Pandya,1,0,,,,,,,,,
1153698,2018/19,2019-02-10,Seddon Park,1,5.2,New Zealand,India,C Munro,TL Seifert,KH Pandya,6,0,,,,,,,,,
1153698,2018/19,2019-02-10,Seddon Park,1,5.3,New Zealand,India,C Munro,TL Seifert,KH Pandya,4,0,,,,,,,,,
1153698,2018/19,2019-02-10,Seddon Park,1,5.4,New Zealand,India,C Munro,TL Seifert,KH Pandya,1,0,,,,,,,,,
1153698,2018/19,2019-02-10,Seddon Park,1,5.5,New Zealand,India,TL Seifert,C Munro,KH Pandya,6,0,,,,,,,,,
1153698,2018/19,2019-02-10,Seddon Park,1,5.6,New Zealand,India,TL Seifert,C Munro,KH Pandya,2,0,,,,,,,,,
1153698,2018/19,2019-02-10,Seddon Park,1,6.1,New Zealand,India,C Munro,TL Seifert,HH Pandya,4,0,,,,,,,,,
1153698,2018/19,2019-02-10,Seddon Park,1,6.2,New Zealand,India,C Munro,TL Seifert,HH Pandya,1,0,,,,,,,,,
1153698,2018/19,2019-02-10,Seddon Park,1,6.3,New Zealand,India,TL Seifert,C Munro,HH Pandya,6,0,,,,,,,,,
1153698,2018/19,2019-02-10,Seddon Park,1,6.4,New Zealand,India,TL Seifert,C Munro,HH Pandya,0,0,,,,,,,,,
1153698,2018/19,2019-02-10,Seddon Park,1,6.5,New Zealand,India,TL Seifert,C Munro,HH Pandya,1,0,,,,,,,,,
1153698,2018/19,2019-02-10,Seddon Park,1,6.6,New Zealand,India,C Munro,TL Seifert,HH Pandya,1,0,,,,,,,,,
1153698,2018/19,2019-02-10,Seddon Park,1,7.1,New Zealand,India,C Munro,TL Seifert,Kuldeep Yadav,0,0,,,,,,,,,
1153698,2018/19,2019-02-10,Seddon Park,1,7.2,New Zealand,India,C Munro,TL Seifert,Kuldeep Yadav,1,0,,,,,,,,,
1153698,2018/19,2019-02-10,Seddon Park,1,7.3,New Zealand,India,TL Seifert,C Munro,Kuldeep Yadav,0,0,,,,,,,,,
1153698,2018/19,2019-02-10,Seddon Park,1,7.4,New Zealand,India,TL Seifert,C Munro,Kuldeep Yadav,0,0,,,,,,stumped,TL Seifert,,
1153698,2018/19,2019-02-10,Seddon Park,1,7.5,New Zealand,India,KS Williamson,C Munro,Kuldeep Yadav,2,0,,,,,,,,,
1153698,2018/19,2019-02-10,Seddon Park,1,7.6,New Zealand,India,KS Williamson,C Munro,Kuldeep Yadav,1,0,,,,,,,,,
1153698,2018/19,2019-02-10,Seddon Park,1,8.1,New Zealand,India,KS Williamson,C Munro,KH Pandya,1,0,,,,,,,,,
1153698,2018/19,2019-02-10,Seddon Park,1,8.2,New Zealand,India,C Munro,KS Williamson,KH Pandya,1,0,,,,,,,,,
1153698,2018/19,2019-02-10,Seddon Park,1,8.3,New Zealand,India,KS Williamson,C Munro,KH Pandya,1,0,,,,,,,,,
1153698,2018/19,2019-02-10,Seddon Park,1,8.4,New Zealand,India,C Munro,KS Williamson,KH Pandya,0,0,,,,,,,,,
1153698,2018/19,2019-02-10,Seddon Park,1,8.5,New Zealand,India,C Munro,KS Williamson,KH Pandya,1,0,,,,,,,,,
1153698,2018/19,2019-02-10,Seddon Park,1,8.6,New Zealand,India,KS Williamson,C Munro,KH Pandya,0,0,,,,,,,,,
1153698,2018/19,2019-02-10,Seddon Park,1,9.1,New Zealand,India,C Munro,KS Williamson,Kuldeep Yadav,1,0,,,,,,,,,
1153698,2018/19,2019-02-10,Seddon Park,1,9.2,New Zealand,India,KS Williamson,C Munro,Kuldeep Yadav,0,0,,,,,,,,,
1153698,2018/19,2019-02-10,Seddon Park,1,9.3,New Zealand,India,KS Williamson,C Munro,Kuldeep Yadav,1,0,,,,,,,,,
1153698,2018/19,2019-02-10,Seddon Park,1,9.4,New Zealand,India,C Munro,KS Williamson,Kuldeep Yadav,6,0,,,,,,,,,
1153698,2018/19,2019-02-10,Seddon Park,1,9.5,New Zealand,India,C Munro,KS Williamson,Kuldeep Yadav,1,0,,,,,,,,,
1153698,2018/19,2019-02-10,Seddon Park,1,9.6,New Zealand,India,KS Williamson,C Munro,Kuldeep Yadav,0,0,,,,,,,,,
1153698,2018/19,2019-02-10,Seddon Park,1,10.1,New Zealand,India,C Munro,KS Williamson,KH Pandya,6,0,,,,,,,,,
1153698,2018/19,2019-02-10,Seddon Park,1,10.2,New Zealand,India,C Munro,KS Williamson,KH Pandya,1,0,,,,,,,,,
1153698,2018/19,2019-02-10,Seddon Park,1,10.3,New Zealand,India,KS Williamson,C Munro,KH Pandya,1,0,,,,,,,,,
1153698,2018/19,2019-02-10,Seddon Park,1,10.4,New Zealand,India,C Munro,KS Williamson,KH Pandya,1,0,,,,,,,,,
1153698,2018/19,2019-02-10,Seddon Park,1,10.5,New Zealand,India,KS Williamson,C Munro,KH Pandya,1,0,,,,,,,,,
1153698,2018/19,2019-02-10,Seddon Park,1,10.6,New Zealand,India,C Munro,KS Williamson,KH Pandya,4,0,,,,,,,,,
1153698,2018/19,2019-02-10,Seddon Park,1,11.1,New Zealand,India,KS Williamson,C Munro,Kuldeep Yadav,1,0,,,,,,,,,
1153698,2018/19,2019-02-10,Seddon Park,1,11.2,New Zealand,India,C Munro,KS Williamson,Kuldeep Yadav,1,0,,,,,,,,,
1153698,2018/19,2019-02-10,Seddon Park,1,11.3,New Zealand,India,KS Williamson,C Munro,Kuldeep Yadav,1,0,,,,,,,,,
1153698,2018/19,2019-02-10,Seddon Park,1,11.4,New Zealand,India,C Munro,KS Williamson,Kuldeep Yadav,1,0,,,,,,,,,
1153698,2018/19,2019-02-10,Seddon Park,1,11.5,New Zealand,India,KS Williamson,C Munro,Kuldeep Yadav,4,0,,,,,,,,,
1153698,2018/19,2019-02-10,Seddon Park,1,11.6,New Zealand,India,KS Williamson,C Munro,Kuldeep Yadav,0,0,,,,,,,,,
1153698,2018/19,2019-02-10,Seddon Park,1,12.1,New Zealand,India,C Munro,KS Williamson,HH Pandya,1,0,,,,,,,,,
1153698,2018/19,2019-02-10,Seddon Park,1,12.2,New Zealand,India,KS Williamson,C Munro,HH Pandya,1,0,,,,,,,,,
1153698,2018/19,2019-02-10,Seddon Park,1,12.3,New Zealand,India,C Munro,KS Williamson,HH Pandya,4,0,,,,,,,,,
1153698,2018/19,2019-02-10,Seddon Park,1,12.4,New Zealand,India,C Munro,KS Williamson,HH Pandya,6,0,,,,,,,,,
1153698,2018/19,2019-02-10,Seddon Park,1,12.5,New Zealand,India,C Munro,KS Williamson,HH Pandya,0,4,,,,4,,,,,
1153698,2018/19,2019-02-10,Seddon Park,1,12.6,New Zealand,India,C Munro,KS Williamson,HH Pandya,1,0,,,,,,,,,
1153698,2018/19,2019-02-10,Seddon Park,1,13.1,New Zealand,India,C Munro,KS Williamson,Kuldeep Yadav,0,0,,,,,,,,,
1153698,2018/19,2019-02-10,Seddon Park,1,13.2,New Zealand,India,C Munro,KS Williamson,Kuldeep Yadav,0,0,,,,,,caught,C Munro,,
1153698,2018/19,2019-02-10,Seddon Park,1,13.3,New Zealand,India,KS Williamson,C de Grandhomme,Kuldeep Yadav,1,0,,,,,,,,,
1153698,2018/19,2019-02-10,Seddon Park,1,13.4,New Zealand,India,C de Grandhomme,KS Williamson,Kuldeep Yadav,2,0,,,,,,,,,
1153698,2018/19,2019-02-10,Seddon Park,1,13.5,New Zealand,India,C de Grandhomme,KS Williamson,Kuldeep Yadav,1,0,,,,,,,,,
1153698,2018/19,2019-02-10,Seddon Park,1,13.6,New Zealand,India,KS Williamson,C de Grandhomme,Kuldeep Yadav,1,0,,,,,,,,,
1153698,2018/19,2019-02-10,Seddon Park,1,14.1,New Zealand,India,KS Williamson,C de Grandhomme,KK Ahmed,4,0,,,,,,,,,
1153698,2018/19,2019-02-10,Seddon Park,1,14.2,New Zealand,India,KS Williamson,C de Grandhomme,KK Ahmed,2,0,,,,,,,,,
1153698,2018/19,2019-02-10,Seddon Park,1,14.3,New Zealand,India,KS Williamson,C de Grandhomme,KK Ahmed,4,0,,,,,,,,,
1153698,2018/19,2019-02-10,Seddon Park,1,14.4,New Zealand,India,KS Williamson,C de Grandhomme,KK Ahmed,0,0,,,,,,caught,KS Williamson,,
1153698,2018/19,2019-02-10,Seddon Park,1,14.5,New Zealand,India,DJ Mitchell,C de Grandhomme,KK Ahmed,1,0,,,,,,,,,
1153698,2018/19,2019-02-10,Seddon Park,1,14.6,New Zealand,India,C de Grandhomme,DJ Mitchell,KK Ahmed,0,0,,,,,,,,,
1153698,2018/19,2019-02-10,Seddon Park,1,15.1,New Zealand,India,DJ Mitchell,C de Grandhomme,KH Pandya,1,0,,,,,,,,,
1153698,2018/19,2019-02-10,Seddon Park,1,15.2,New Zealand,India,C de Grandhomme,DJ Mitchell,KH Pandya,6,0,,,,,,,,,
1153698,2018/19,2019-02-10,Seddon Park,1,15.3,New Zealand,India,C de Grandhomme,DJ Mitchell,KH Pandya,0,1,1,,,,,,,,
1153698,2018/19,2019-02-10,Seddon Park,1,15.4,New Zealand,India,C de Grandhomme,DJ Mitchell,KH Pandya,0,0,,,,,,,,,
1153698,2018/19,2019-02-10,Seddon Park,1,15.5,New Zealand,India,C de Grandhomme,DJ Mitchell,KH Pandya,2,0,,,,,,,,,
1153698,2018/19,2019-02-10,Seddon Park,1,15.6,New Zealand,India,C de Grandhomme,DJ Mitchell,KH Pandya,4,0,,,,,,,,,
1153698,2018/19,2019-02-10,Seddon Park,1,15.7,New Zealand,India,C de Grandhomme,DJ Mitchell,KH Pandya,0,1,1,,,,,,,,
1153698,2018/19,2019-02-10,Seddon Park,1,15.8,New Zealand,India,C de Grandhomme,DJ Mitchell,KH Pandya,1,0,,,,,,,,,
1153698,2018/19,2019-02-10,Seddon Park,1,16.1,New Zealand,India,C de Grandhomme,DJ Mitchell,B Kumar,4,0,,,,,,,,,
1153698,2018/19,2019-02-10,Seddon Park,1,16.2,New Zealand,India,C de Grandhomme,DJ Mitchell,B Kumar,4,0,,,,,,,,,
1153698,2018/19,2019-02-10,Seddon Park,1,16.3,New Zealand,India,C de Grandhomme,DJ Mitchell,B Kumar,1,0,,,,,,,,,
1153698,2018/19,2019-02-10,Seddon Park,1,16.4,New Zealand,India,DJ Mitchell,C de Grandhomme,B Kumar,1,0,,,,,,,,,
1153698,2018/19,2019-02-10,Seddon Park,1,16.5,New Zealand,India,C de Grandhomme,DJ Mitchell,B Kumar,1,0,,,,,,,,,
1153698,2018/19,2019-02-10,Seddon Park,1,16.6,New Zealand,India,DJ Mitchell,C de Grandhomme,B Kumar,4,0,,,,,,,,,
1153698,2018/19,2019-02-10,Seddon Park,1,17.1,New Zealand,India,C de Grandhomme,DJ Mitchell,HH Pandya,1,0,,,,,,,,,
1153698,2018/19,2019-02-10,Seddon Park,1,17.2,New Zealand,India,DJ Mitchell,C de Grandhomme,HH Pandya,4,0,,,,,,,,,
1153698,2018/19,2019-02-10,Seddon Park,1,17.3,New Zealand,India,DJ Mitchell,C de Grandhomme,HH Pandya,1,0,,,,,,,,,
1153698,2018/19,2019-02-10,Seddon Park,1,17.4,New Zealand,India,C de Grandhomme,DJ Mitchell,HH Pandya,3,0,,,,,,,,,
1153698,2018/19,2019-02-10,Seddon Park,1,17.5,New Zealand,India,DJ Mitchell,C de Grandhomme,HH Pandya,1,0,,,,,,,,,
1153698,2018/19,2019-02-10,Seddon Park,1,17.6,New Zealand,India,C de Grandhomme,DJ Mitchell,HH Pandya,0,0,,,,,,,,,
1153698,2018/19,2019-02-10,Seddon Park,1,18.1,New Zealand,India,DJ Mitchell,C de Grandhomme,B Kumar,1,0,,,,,,,,,
1153698,2018/19,2019-02-10,Seddon Park,1,18.2,New Zealand,India,C de Grandhomme,DJ Mitchell,B Kumar,0,0,,,,,,caught,C de Grandhomme,,
1153698,2018/19,2019-02-10,Seddon Park,1,18.3,New Zealand,India,LRPL Taylor,DJ Mitchell,B Kumar,2,0,,,,,,,,,
1153698,2018/19,2019-02-10,Seddon Park,1,18.4,New Zealand,India,LRPL Taylor,DJ Mitchell,B Kumar,1,0,,,,,,,,,
1153698,2018/19,2019-02-10,Seddon Park,1,18.5,New Zealand,India,DJ Mitchell,LRPL Taylor,B Kumar,4,0,,,,,,,,,
1153698,2018/19,2019-02-10,Seddon Park,1,18.6,New Zealand,India,DJ Mitchell,LRPL Taylor,B Kumar,0,0,,,,,,,,,
1153698,2018/19,2019-02-10,Seddon Park,1,19.1,New Zealand,India,LRPL Taylor,DJ Mitchell,KK Ahmed,6,0,,,,,,,,,
1153698,2018/19,2019-02-10,Seddon Park,1,19.2,New Zealand,India,LRPL Taylor,DJ Mitchell,KK Ahmed,0,0,,,,,,,,,
1153698,2018/19,2019-02-10,Seddon Park,1,19.3,New Zealand,India,LRPL Taylor,DJ Mitchell,KK Ahmed,0,0,,,,,,,,,
1153698,2018/19,2019-02-10,Seddon Park,1,19.4,New Zealand,India,LRPL Taylor,DJ Mitchell,KK Ahmed,1,0,,,,,,,,,
1153698,2018/19,2019-02-10,Seddon Park,1,19.5,New Zealand,India,DJ Mitchell,LRPL Taylor,KK Ahmed,1,0,,,,,,,,,
1153698,2018/19,2019-02-10,Seddon Park,1,19.6,New Zealand,India,LRPL Taylor,DJ Mitchell,KK Ahmed,4,0,,,,,,,,,
1153698,2018/19,2019-02-10,Seddon Park,2,0.1,India,New Zealand,S Dhawan,RG Sharma,MJ Santner,0,0,,,,,,,,,
1153698,2018/19,2019-02-10,Seddon Park,2,0.2,India,New Zealand,S Dhawan,RG Sharma,MJ Santner,4,0,,,,,,,,,
1153698,2018/19,2019-02-10,Seddon Park,2,0.3,India,New Zealand,S Dhawan,RG Sharma,MJ Santner,1,0,,,,,,,,,
1153698,2018/19,2019-02-10,Seddon Park,2,0.4,India,New Zealand,RG Sharma,S Dhawan,MJ Santner,1,0,,,,,,,,,
1153698,2018/19,2019-02-10,Seddon Park,2,0.5,India,New Zealand,S Dhawan,RG Sharma,MJ Santner,0,0,,,,,,caught,S Dhawan,,
1153698,2018/19,2019-02-10,Seddon Park,2,0.6,India,New Zealand,V Shankar,RG Sharma,MJ Santner,0,5,5,,,,,,,,
1153698,2018/19,2019-02-10,Seddon Park,2,0.7,India,New Zealand,V Shankar,RG Sharma,MJ Santner,0,0,,,,,,,,,
1153698,2018/19,2019-02-10,Seddon Park,2,1.1,India,New Zealand,RG Sharma,V Shankar,TG Southee,1,0,,,,,,,,,
1153698,2018/19,2019-02-10,Seddon Park,2,1.2,India,New Zealand,V Shankar,RG Sharma,TG Southee,0,0,,,,,,,,,
1153698,2018/19,2019-02-10,Seddon Park,2,1.3,India,New Zealand,V Shankar,RG Sharma,TG Southee,1,0,,,,,,,,,
1153698,2018/19,2019-02-10,Seddon Park,2,1.4,India,New Zealand,RG Sharma,V Shankar,TG Southee,0,0,,,,,,,,,
1153698,2018/19,2019-02-10,Seddon Park,2,1.5,India,New Zealand,RG Sharma,V Shankar,TG Southee,4,0,,,,,,,,,
1153698,2018/19,2019-02-10,Seddon Park,2,1.6,India,New Zealand,RG Sharma,V Shankar,TG Southee,1,0,,,,,,,,,
1153698,2018/19,2019-02-10,Seddon Park,2,2.1,India,New Zealand,RG Sharma,V Shankar,SC Kuggeleijn,1,0,,,,,,,,,
1153698,2018/19,2019-02-10,Seddon Park,2,2.2,India,New Zealand,V Shankar,RG Sharma,SC Kuggeleijn,1,0,,,,,,,,,
1153698,2018/19,2019-02-10,Seddon Park,2,2.3,India,New Zealand,RG Sharma,V Shankar,SC Kuggeleijn,1,0,,,,,,,,,
1153698,2018/19,2019-02-10,Seddon Park,2,2.4,India,New Zealand,V Shankar,RG Sharma,SC Kuggeleijn,4,0,,,,,,,,,
1153698,2018/19,2019-02-10,Seddon Park,2,2.5,India,New Zealand,V Shankar,RG Sharma,SC Kuggeleijn,0,0,,,,,,,,,
1153698,2018/19,2019-02-10,Seddon Park,2,2.6,India,New Zealand,V Shankar,RG Sharma,SC Kuggeleijn,4,0,,,,,,,,,
1153698,2018/19,2019-02-10,Seddon Park,2,3.1,India,New Zealand,RG Sharma,V Shankar,BM Tickner,1,0,,,,,,,,,
1153698,2018/19,2019-02-10,Seddon Park,2,3.2,India,New Zealand,V Shankar,RG Sharma,BM Tickner,0,0,,,,,,,,,
1153698,2018/19,2019-02-10,Seddon Park,2,3.3,India,New Zealand,V Shankar,RG Sharma,BM Tickner,0,0,,,,,,,,,
1153698,2018/19,2019-02-10,Seddon Park,2,3.4,India,New Zealand,V Shankar,RG Sharma,BM Tickner,2,0,,,,,,,,,
1153698,2018/19,2019-02-10,Seddon Park,2,3.5,India,New Zealand,V Shankar,RG Sharma,BM Tickner,0,1,1,,,,,,,,
1153698,2018/19,2019-02-10,Seddon Park,2,3.6,India,New Zealand,V Shankar,RG Sharma,BM Tickner,4,0,,,,,,,,,
1153698,2018/19,2019-02-10,Seddon Park,2,3.7,India,New Zealand,V Shankar,RG Sharma,BM Tickner,1,0,,,,,,,,,
1153698,2018/19,2019-02-10,Seddon Park,2,4.1,India,New Zealand,V Shankar,RG Sharma,TG Southee,0,0,,,,,,,,,
1153698,2018/19,2019-02-10,Seddon Park,2,4.2,India,New Zealand,V Shankar,RG Sharma,TG Southee,1,0,,,,,,,,,
1153698,2018/19,2019-02-10,Seddon Park,2,4.3,India,New Zealand,RG Sharma,V Shankar,TG Southee,1,0,,,,,,,,,
1153698,2018/19,2019-02-10,Seddon Park,2,4.4,India,New Zealand,V Shankar,RG Sharma,TG Southee,1,0,,,,,,,,,
1153698,2018/19,2019-02-10,Seddon Park,2,4.5,India,New Zealand,RG Sharma,V Shankar,TG Southee,4,0,,,,,,,,,
1153698,2018/19,2019-02-10,Seddon Park,2,4.6,India,New Zealand,RG Sharma,V Shankar,TG Southee,4,0,,,,,,,,,
1153698,2018/19,2019-02-10,Seddon Park,2,5.1,India,New Zealand,V Shankar,RG Sharma,SC Kuggeleijn,0,0,,,,,,,,,
1153698,2018/19,2019-02-10,Seddon Park,2,5.2,India,New Zealand,V Shankar,RG Sharma,SC Kuggeleijn,4,0,,,,,,,,,
1153698,2018/19,2019-02-10,Seddon Park,2,5.3,India,New Zealand,V Shankar,RG Sharma,SC Kuggeleijn,1,0,,,,,,,,,
1153698,2018/19,2019-02-10,Seddon Park,2,5.4,India,New Zealand,RG Sharma,V Shankar,SC Kuggeleijn,2,0,,,,,,,,,
1153698,2018/19,2019-02-10,Seddon Park,2,5.5,India,New Zealand,RG Sharma,V Shankar,SC Kuggeleijn,0,0,,,,,,,,,
1153698,2018/19,2019-02-10,Seddon Park,2,5.6,India,New Zealand,RG Sharma,V Shankar,SC Kuggeleijn,1,0,,,,,,,,,
1153698,2018/19,2019-02-10,Seddon Park,2,6.1,India,New Zealand,RG Sharma,V Shankar,MJ Santner,1,0,,,,,,,,,
1153698,2018/19,2019-02-10,Seddon Park,2,6.2,India,New Zealand,V Shankar,RG Sharma,MJ Santner,0,0,,,,,,,,,
1153698,2018/19,2019-02-10,Seddon Park,2,6.3,India,New Zealand,V Shankar,RG Sharma,MJ Santner,1,0,,,,,,,,,
1153698,2018/19,2019-02-10,Seddon Park,2,6.4,India,New Zealand,RG Sharma,V Shankar,MJ Santner,0,0,,,,,,,,,
1153698,2018/19,2019-02-10,Seddon Park,2,6.5,India,New Zealand,RG Sharma,V Shankar,MJ Santner,0,1,1,,,,,,,,
1153698,2018/19,2019-02-10,Seddon Park,2,6.6,India,New Zealand,RG Sharma,V Shankar,MJ Santner,1,0,,,,,,,,,
1153698,2018/19,2019-02-10,Seddon Park,2,6.7,India,New Zealand,V Shankar,RG Sharma,MJ Santner,1,0,,,,,,,,,
1153698,2018/19,2019-02-10,Seddon Park,2,7.1,India,New Zealand,V Shankar,RG Sharma,IS Sodhi,1,0,,,,,,,,,
1153698,2018/19,2019-02-10,Seddon Park,2,7.2,India,New Zealand,RG Sharma,V Shankar,IS Sodhi,1,0,,,,,,,,,
1153698,2018/19,2019-02-10,Seddon Park,2,7.3,India,New Zealand,V Shankar,RG Sharma,IS Sodhi,0,0,,,,,,,,,
1153698,2018/19,2019-02-10,Seddon Park,2,7.4,India,New Zealand,V Shankar,RG Sharma,IS Sodhi,6,0,,,,,,,,,
1153698,2018/19,2019-02-10,Seddon Park,2,7.5,India,New Zealand,V Shankar,RG Sharma,IS Sodhi,6,0,,,,,,,,,
1153698,2018/19,2019-02-10,Seddon Park,2,7.6,India,New Zealand,V Shankar,RG Sharma,IS Sodhi,0,0,,,,,,,,,
1153698,2018/19,2019-02-10,Seddon Park,2,8.1,India,New Zealand,RG Sharma,V Shankar,MJ Santner,1,0,,,,,,,,,
1153698,2018/19,2019-02-10,Seddon Park,2,8.2,India,New Zealand,V Shankar,RG Sharma,MJ Santner,4,0,,,,,,,,,
1153698,2018/19,2019-02-10,Seddon Park,2,8.3,India,New Zealand,V Shankar,RG Sharma,MJ Santner,0,0,,,,,,caught,V Shankar,,
1153698,2018/19,2019-02-10,Seddon Park,2,8.4,India,New Zealand,RG Sharma,RR Pant,MJ Santner,1,0,,,,,,,,,
1153698,2018/19,2019-02-10,Seddon Park,2,8.5,India,New Zealand,RR Pant,RG Sharma,MJ Santner,4,0,,,,,,,,,
1153698,2018/19,2019-02-10,Seddon Park,2,8.6,India,New Zealand,RR Pant,RG Sharma,MJ Santner,6,0,,,,,,,,,
1153698,2018/19,2019-02-10,Seddon Park,2,9.1,India,New Zealand,RG Sharma,RR Pant,IS Sodhi,1,0,,,,,,,,,
1153698,2018/19,2019-02-10,Seddon Park,2,9.2,India,New Zealand,RR Pant,RG Sharma,IS Sodhi,0,1,1,,,,,,,,
1153698,2018/19,2019-02-10,Seddon Park,2,9.3,India,New Zealand,RR Pant,RG Sharma,IS Sodhi,6,0,,,,,,,,,
1153698,2018/19,2019-02-10,Seddon Park,2,9.4,India,New Zealand,RR Pant,RG Sharma,IS Sodhi,0,0,,,,,,,,,
1153698,2018/19,2019-02-10,Seddon Park,2,9.5,India,New Zealand,RR Pant,RG Sharma,IS Sodhi,1,0,,,,,,,,,
1153698,2018/19,2019-02-10,Seddon Park,2,9.6,India,New Zealand,RG Sharma,RR Pant,IS Sodhi,1,0,,,,,,,,,
1153698,2018/19,2019-02-10,Seddon Park,2,9.7,India,New Zealand,RR Pant,RG Sharma,IS Sodhi,6,0,,,,,,,,,
1153698,2018/19,2019-02-10,Seddon Park,2,10.1,India,New Zealand,RG Sharma,RR Pant,BM Tickner,1,0,,,,,,,,,
1153698,2018/19,2019-02-10,Seddon Park,2,10.2,India,New Zealand,RR Pant,RG Sharma,BM Tickner,2,0,,,,,,,,,
1153698,2018/19,2019-02-10,Seddon Park,2,10.3,India,New Zealand,RR Pant,RG Sharma,BM Tickner,1,0,,,,,,,,,
1153698,2018/19,2019-02-10,Seddon Park,2,10.4,India,New Zealand,RG Sharma,RR Pant,BM Tickner,2,0,,,,,,,,,
1153698,2018/19,2019-02-10,Seddon Park,2,10.5,India,New Zealand,RG Sharma,RR Pant,BM Tickner,0,0,,,,,,,,,
1153698,2018/19,2019-02-10,Seddon Park,2,10.6,India,New Zealand,RG Sharma,RR Pant,BM Tickner,1,0,,,,,,,,,
1153698,2018/19,2019-02-10,Seddon Park,2,11.1,India,New Zealand,RG Sharma,RR Pant,DJ Mitchell,1,0,,,,,,,,,
1153698,2018/19,2019-02-10,Seddon Park,2,11.2,India,New Zealand,RR Pant,RG Sharma,DJ Mitchell,0,0,,,,,,,,,
1153698,2018/19,2019-02-10,Seddon Park,2,11.3,India,New Zealand,RR Pant,RG Sharma,DJ Mitchell,1,0,,,,,,,,,
1153698,2018/19,2019-02-10,Seddon Park,2,11.4,India,New Zealand,RG Sharma,RR Pant,DJ Mitchell,1,0,,,,,,,,,
1153698,2018/19,2019-02-10,Seddon Park,2,11.5,India,New Zealand,RR Pant,RG Sharma,DJ Mitchell,1,0,,,,,,,,,
1153698,2018/19,2019-02-10,Seddon Park,2,11.6,India,New Zealand,RG Sharma,RR Pant,DJ Mitchell,1,0,,,,,,,,,
1153698,2018/19,2019-02-10,Seddon Park,2,12.1,India,New Zealand,RG Sharma,RR Pant,BM Tickner,1,0,,,,,,,,,
1153698,2018/19,2019-02-10,Seddon Park,2,12.2,India,New Zealand,RR Pant,RG Sharma,BM Tickner,0,0,,,,,,caught,RR Pant,,
1153698,2018/19,2019-02-10,Seddon Park,2,12.3,India,New Zealand,HH Pandya,RG Sharma,BM Tickner,6,0,,,,,,,,,
1153698,2018/19,2019-02-10,Seddon Park,2,12.4,India,New Zealand,HH Pandya,RG Sharma,BM Tickner,0,0,,,,,,,,,
1153698,2018/19,2019-02-10,Seddon Park,2,12.5,India,New Zealand,HH Pandya,RG Sharma,BM Tickner,0,0,,,,,,,,,
1153698,2018/19,2019-02-10,Seddon Park,2,12.6,India,New Zealand,HH Pandya,RG Sharma,BM Tickner,1,0,,,,,,,,,
1153698,2018/19,2019-02-10,Seddon Park,2,13.1,India,New Zealand,HH Pandya,RG Sharma,DJ Mitchell,1,0,,,,,,,,,
1153698,2018/19,2019-02-10,Seddon Park,2,13.2,India,New Zealand,RG Sharma,HH Pandya,DJ Mitchell,1,0,,,,,,,,,
1153698,2018/19,2019-02-10,Seddon Park,2,13.3,India,New Zealand,HH Pandya,RG Sharma,DJ Mitchell,4,0,,,,,,,,,
1153698,2018/19,2019-02-10,Seddon Park,2,13.4,India,New Zealand,HH Pandya,RG Sharma,DJ Mitchell,6,0,,,,,,,,,
1153698,2018/19,2019-02-10,Seddon Park,2,13.5,India,New Zealand,HH Pandya,RG Sharma,DJ Mitchell,1,0,,,,,,,,,
1153698,2018/19,2019-02-10,Seddon Park,2,13.6,India,New Zealand,RG Sharma,HH Pandya,DJ Mitchell,0,0,,,,,,caught,RG Sharma,,
1153698,2018/19,2019-02-10,Seddon Park,2,14.1,India,New Zealand,HH Pandya,MS Dhoni,SC Kuggeleijn,1,0,,,,,,,,,
1153698,2018/19,2019-02-10,Seddon Park,2,14.2,India,New Zealand,MS Dhoni,HH Pandya,SC Kuggeleijn,1,0,,,,,,,,,
1153698,2018/19,2019-02-10,Seddon Park,2,14.3,India,New Zealand,HH Pandya,MS Dhoni,SC Kuggeleijn,1,0,,,,,,,,,
1153698,2018/19,2019-02-10,Seddon Park,2,14.4,India,New Zealand,MS Dhoni,HH Pandya,SC Kuggeleijn,1,0,,,,,,,,,
1153698,2018/19,2019-02-10,Seddon Park,2,14.5,India,New Zealand,HH Pandya,MS Dhoni,SC Kuggeleijn,0,0,,,,,,caught,HH Pandya,,
1153698,2018/19,2019-02-10,Seddon Park,2,14.6,India,New Zealand,KD Karthik,MS Dhoni,SC Kuggeleijn,0,0,,,,,,,,,
1153698,2018/19,2019-02-10,Seddon Park,2,15.1,India,New Zealand,MS Dhoni,KD Karthik,DJ Mitchell,0,0,,,,,,,,,
1153698,2018/19,2019-02-10,Seddon Park,2,15.2,India,New Zealand,MS Dhoni,KD Karthik,DJ Mitchell,0,0,,,,,,caught,MS Dhoni,,
1153698,2018/19,2019-02-10,Seddon Park,2,15.3,India,New Zealand,KD Karthik,KH Pandya,DJ Mitchell,2,0,,,,,,,,,
1153698,2018/19,2019-02-10,Seddon Park,2,15.4,India,New Zealand,KD Karthik,KH Pandya,DJ Mitchell,6,0,,,,,,,,,
1153698,2018/19,2019-02-10,Seddon Park,2,15.5,India,New Zealand,KD Karthik,KH Pandya,DJ Mitchell,0,0,,,,,,,,,
1153698,2018/19,2019-02-10,Seddon Park,2,15.6,India,New Zealand,KD Karthik,KH Pandya,DJ Mitchell,1,0,,,,,,,,,
1153698,2018/19,2019-02-10,Seddon Park,2,16.1,India,New Zealand,KD Karthik,KH Pandya,BM Tickner,6,0,,,,,,,,,
1153698,2018/19,2019-02-10,Seddon Park,2,16.2,India,New Zealand,KD Karthik,KH Pandya,BM Tickner,0,1,,,,1,,,,,
1153698,2018/19,2019-02-10,Seddon Park,2,16.3,India,New Zealand,KH Pandya,KD Karthik,BM Tickner,1,0,,,,,,,,,
1153698,2018/19,2019-02-10,Seddon Park,2,16.4,India,New Zealand,KD Karthik,KH Pandya,BM Tickner,1,0,,,,,,,,,
1153698,2018/19,2019-02-10,Seddon Park,2,16.5,India,New Zealand,KH Pandya,KD Karthik,BM Tickner,0,1,1,,,,,,,,
1153698,2018/19,2019-02-10,Seddon Park,2,16.6,India,New Zealand,KH Pandya,KD Karthik,BM Tickner,0,0,,,,,,,,,
1153698,2018/19,2019-02-10,Seddon Park,2,16.7,India,New Zealand,KH Pandya,KD Karthik,BM Tickner,1,0,,,,,,,,,
1153698,2018/19,2019-02-10,Seddon Park,2,17.1,India,New Zealand,KH Pandya,KD Karthik,TG Southee,0,1,1,,,,,,,,
1153698,2018/19,2019-02-10,Seddon Park,2,17.2,India,New Zealand,KH Pandya,KD Karthik,TG Southee,6,0,,,,,,,,,
1153698,2018/19,2019-02-10,Seddon Park,2,17.3,India,New Zealand,KH Pandya,KD Karthik,TG Southee,4,0,,,,,,,,,
1153698,2018/19,2019-02-10,Seddon Park,2,17.4,India,New Zealand,KH Pandya,KD Karthik,TG Southee,4,0,,,,,,,,,
1153698,2018/19,2019-02-10,Seddon Park,2,17.5,India,New Zealand,KH Pandya,KD Karthik,TG Southee,1,0,,,,,,,,,
1153698,2018/19,2019-02-10,Seddon Park,2,17.6,India,New Zealand,KD Karthik,KH Pandya,TG Southee,1,0,,,,,,,,,
1153698,2018/19,2019-02-10,Seddon Park,2,17.7,India,New Zealand,KH Pandya,KD Karthik,TG Southee,1,0,,,,,,,,,
1153698,2018/19,2019-02-10,Seddon Park,2,18.1,India,New Zealand,KH Pandya,KD Karthik,SC Kuggeleijn,0,0,,,,,,,,,
1153698,2018/19,2019-02-10,Seddon Park,2,18.2,India,New Zealand,KH Pandya,KD Karthik,SC Kuggeleijn,1,0,,,,,,,,,
1153698,2018/19,2019-02-10,Seddon Park,2,18.3,India,New Zealand,KD Karthik,KH Pandya,SC Kuggeleijn,6,0,,,,,,,,,
1153698,2018/19,2019-02-10,Seddon Park,2,18.4,India,New Zealand,KD Karthik,KH Pandya,SC Kuggeleijn,1,0,,,,,,,,,
1153698,2018/19,2019-02-10,Seddon Park,2,18.5,India,New Zealand,KH Pandya,KD Karthik,SC Kuggeleijn,0,0,,,,,,,,,
1153698,2018/19,2019-02-10,Seddon Park,2,18.6,India,New Zealand,KH Pandya,KD Karthik,SC Kuggeleijn,6,0,,,,,,,,,
1153698,2018/19,2019-02-10,Seddon Park,2,19.1,India,New Zealand,KD Karthik,KH Pandya,TG Southee,2,0,,,,,,,,,
1153698,2018/19,2019-02-10,Seddon Park,2,19.2,India,New Zealand,KD Karthik,KH Pandya,TG Southee,0,0,,,,,,,,,
1153698,2018/19,2019-02-10,Seddon Park,2,19.3,India,New Zealand,KD Karthik,KH Pandya,TG Southee,0,0,,,,,,,,,
1153698,2018/19,2019-02-10,Seddon Park,2,19.4,India,New Zealand,KD Karthik,KH Pandya,TG Southee,1,0,,,,,,,,,
1153698,2018/19,2019-02-10,Seddon Park,2,19.5,India,New Zealand,KH Pandya,KD Karthik,TG Southee,1,0,,,,,,,,,
1153698,2018/19,2019-02-10,Seddon Park,2,19.6,India,New Zealand,KD Karthik,KH Pandya,TG Southee,0,1,1,,,,,,,,
1153698,2018/19,2019-02-10,Seddon Park,2,19.7,India,New Zealand,KD Karthik,KH Pandya,TG Southee,6,0,,,,,,,,,
