match_id,season,start_date,venue,innings,ball,batting_team,bowling_team,striker,non_striker,bowler,runs_off_bat,extras,wides,noballs,byes,legbyes,penalty,wicket_type,player_dismissed,other_wicket_type,other_player_dismissed
1153858,2018/19,2019-02-06,Westpac Stadium,1,0.1,New Zealand,India,SW Bates,SFM Devine,A Reddy,2,0,,,,,,,,,
1153858,2018/19,2019-02-06,Westpac Stadium,1,0.2,New Zealand,India,SW Bates,SFM Devine,A Reddy,0,0,,,,,,,,,
1153858,2018/19,2019-02-06,Westpac Stadium,1,0.3,New Zealand,India,SW Bates,SFM Devine,A Reddy,4,0,,,,,,,,,
1153858,2018/19,2019-02-06,Westpac Stadium,1,0.4,New Zealand,India,SW Bates,SFM Devine,A Reddy,0,0,,,,,,,,,
1153858,2018/19,2019-02-06,Westpac Stadium,1,0.5,New Zealand,India,SW Bates,SFM Devine,A Reddy,1,0,,,,,,,,,
1153858,2018/19,2019-02-06,Westpac Stadium,1,0.6,New Zealand,India,SFM Devine,SW Bates,A Reddy,1,0,,,,,,,,,
1153858,2018/19,2019-02-06,Westpac Stadium,1,1.1,New Zealand,India,SFM Devine,SW Bates,RP Yadav,2,0,,,,,,,,,
1153858,2018/19,2019-02-06,Westpac Stadium,1,1.2,New Zealand,India,SFM Devine,SW Bates,RP Yadav,1,0,,,,,,,,,
1153858,2018/19,2019-02-06,Westpac Stadium,1,1.3,New Zealand,India,SW Bates,SFM Devine,RP Yadav,0,0,,,,,,caught,SW Bates,,
1153858,2018/19,2019-02-06,Westpac Stadium,1,1.4,New Zealand,India,CA Gurrey,SFM Devine,RP Yadav,0,0,,,,,,,,,
1153858,2018/19,2019-02-06,Westpac Stadium,1,1.5,New Zealand,India,CA Gurrey,SFM Devine,RP Yadav,0,0,,,,,,,,,
1153858,2018/19,2019-02-06,Westpac Stadium,1,1.6,New Zealand,India,CA Gurrey,SFM Devine,RP Yadav,0,0,,,,,,,,,
1153858,2018/19,2019-02-06,Westpac Stadium,1,2.1,New Zealand,India,SFM Devine,CA Gurrey,A Reddy,0,0,,,,,,,,,
1153858,2018/19,2019-02-06,Westpac Stadium,1,2.2,New Zealand,India,SFM Devine,CA Gurrey,A Reddy,0,0,,,,,,,,,
1153858,2018/19,2019-02-06,Westpac Stadium,1,2.3,New Zealand,India,SFM Devine,CA Gurrey,A Reddy,0,0,,,,,,,,,
1153858,2018/19,2019-02-06,Westpac Stadium,1,2.4,New Zealand,India,SFM Devine,CA Gurrey,A Reddy,0,1,1,,,,,,,,
1153858,2018/19,2019-02-06,Westpac Stadium,1,2.5,New Zealand,India,SFM Devine,CA Gurrey,A Reddy,4,0,,,,,,,,,
1153858,2018/19,2019-02-06,Westpac Stadium,1,2.6,New Zealand,India,SFM Devine,CA Gurrey,A Reddy,1,0,,,,,,,,,
1153858,2018/19,2019-02-06,Westpac Stadium,1,2.7,New Zealand,India,CA Gurrey,SFM Devine,A Reddy,4,0,,,,,,,,,
1153858,2018/19,2019-02-06,Westpac Stadium,1,3.1,New Zealand,India,SFM Devine,CA Gurrey,RP Yadav,6,0,,,,,,,,,
1153858,2018/19,2019-02-06,Westpac Stadium,1,3.2,New Zealand,India,SFM Devine,CA Gurrey,RP Yadav,0,0,,,,,,,,,
1153858,2018/19,2019-02-06,Westpac Stadium,1,3.3,New Zealand,India,SFM Devine,CA Gurrey,RP Yadav,4,0,,,,,,,,,
1153858,2018/19,2019-02-06,Westpac Stadium,1,3.4,New Zealand,India,SFM Devine,CA Gurrey,RP Yadav,0,0,,,,,,,,,
1153858,2018/19,2019-02-06,Westpac Stadium,1,3.5,New Zealand,India,SFM Devine,CA Gurrey,RP Yadav,1,0,,,,,,,,,
1153858,2018/19,2019-02-06,Westpac Stadium,1,3.6,New Zealand,India,CA Gurrey,SFM Devine,RP Yadav,0,0,,,,,,,,,
1153858,2018/19,2019-02-06,Westpac Stadium,1,4.1,New Zealand,India,SFM Devine,CA Gurrey,DB Sharma,0,0,,,,,,,,,
1153858,2018/19,2019-02-06,Westpac Stadium,1,4.2,New Zealand,India,SFM Devine,CA Gurrey,DB Sharma,0,0,,,,,,,,,
1153858,2018/19,2019-02-06,Westpac Stadium,1,4.3,New Zealand,India,SFM Devine,CA Gurrey,DB Sharma,0,0,,,,,,,,,
1153858,2018/19,2019-02-06,Westpac Stadium,1,4.4,New Zealand,India,SFM Devine,CA Gurrey,DB Sharma,1,0,,,,,,,,,
1153858,2018/19,2019-02-06,Westpac Stadium,1,4.5,New Zealand,India,CA Gurrey,SFM Devine,DB Sharma,0,0,,,,,,,,,
1153858,2018/19,2019-02-06,Westpac Stadium,1,4.6,New Zealand,India,CA Gurrey,SFM Devine,DB Sharma,1,0,,,,,,,,,
1153858,2018/19,2019-02-06,Westpac Stadium,1,5.1,New Zealand,India,CA Gurrey,SFM Devine,AA Patil,0,0,,,,,,,,,
1153858,2018/19,2019-02-06,Westpac Stadium,1,5.2,New Zealand,India,CA Gurrey,SFM Devine,AA Patil,0,0,,,,,,,,,
1153858,2018/19,2019-02-06,Westpac Stadium,1,5.3,New Zealand,India,CA Gurrey,SFM Devine,AA Patil,1,0,,,,,,,,,
1153858,2018/19,2019-02-06,Westpac Stadium,1,5.4,New Zealand,India,SFM Devine,CA Gurrey,AA Patil,1,0,,,,,,,,,
1153858,2018/19,2019-02-06,Westpac Stadium,1,5.5,New Zealand,India,CA Gurrey,SFM Devine,AA Patil,4,0,,,,,,,,,
1153858,2018/19,2019-02-06,Westpac Stadium,1,5.6,New Zealand,India,CA Gurrey,SFM Devine,AA Patil,0,0,,,,,,,,,
1153858,2018/19,2019-02-06,Westpac Stadium,1,6.1,New Zealand,India,SFM Devine,CA Gurrey,Poonam Yadav,1,0,,,,,,,,,
1153858,2018/19,2019-02-06,Westpac Stadium,1,6.2,New Zealand,India,CA Gurrey,SFM Devine,Poonam Yadav,4,0,,,,,,,,,
1153858,2018/19,2019-02-06,Westpac Stadium,1,6.3,New Zealand,India,CA Gurrey,SFM Devine,Poonam Yadav,0,0,,,,,,,,,
1153858,2018/19,2019-02-06,Westpac Stadium,1,6.4,New Zealand,India,CA Gurrey,SFM Devine,Poonam Yadav,1,0,,,,,,,,,
1153858,2018/19,2019-02-06,Westpac Stadium,1,6.5,New Zealand,India,SFM Devine,CA Gurrey,Poonam Yadav,1,0,,,,,,,,,
1153858,2018/19,2019-02-06,Westpac Stadium,1,6.6,New Zealand,India,CA Gurrey,SFM Devine,Poonam Yadav,0,0,,,,,,bowled,CA Gurrey,,
1153858,2018/19,2019-02-06,Westpac Stadium,1,7.1,New Zealand,India,SFM Devine,AE Satterthwaite,DB Sharma,1,0,,,,,,,,,
1153858,2018/19,2019-02-06,Westpac Stadium,1,7.2,New Zealand,India,AE Satterthwaite,SFM Devine,DB Sharma,0,0,,,,,,,,,
1153858,2018/19,2019-02-06,Westpac Stadium,1,7.3,New Zealand,India,AE Satterthwaite,SFM Devine,DB Sharma,1,0,,,,,,,,,
1153858,2018/19,2019-02-06,Westpac Stadium,1,7.4,New Zealand,India,SFM Devine,AE Satterthwaite,DB Sharma,0,0,,,,,,,,,
1153858,2018/19,2019-02-06,Westpac Stadium,1,7.5,New Zealand,India,SFM Devine,AE Satterthwaite,DB Sharma,1,0,,,,,,,,,
1153858,2018/19,2019-02-06,Westpac Stadium,1,7.6,New Zealand,India,AE Satterthwaite,SFM Devine,DB Sharma,0,0,,,,,,,,,
1153858,2018/19,2019-02-06,Westpac Stadium,1,8.1,New Zealand,India,SFM Devine,AE Satterthwaite,Poonam Yadav,1,0,,,,,,,,,
1153858,2018/19,2019-02-06,Westpac Stadium,1,8.2,New Zealand,India,AE Satterthwaite,SFM Devine,Poonam Yadav,1,0,,,,,,,,,
1153858,2018/19,2019-02-06,Westpac Stadium,1,8.3,New Zealand,India,SFM Devine,AE Satterthwaite,Poonam Yadav,0,0,,,,,,,,,
1153858,2018/19,2019-02-06,Westpac Stadium,1,8.4,New Zealand,India,SFM Devine,AE Satterthwaite,Poonam Yadav,1,0,,,,,,,,,
1153858,2018/19,2019-02-06,Westpac Stadium,1,8.5,New Zealand,India,AE Satterthwaite,SFM Devine,Poonam Yadav,1,0,,,,,,,,,
1153858,2018/19,2019-02-06,Westpac Stadium,1,8.6,New Zealand,India,SFM Devine,AE Satterthwaite,Poonam Yadav,0,0,,,,,,,,,
1153858,2018/19,2019-02-06,Westpac Stadium,1,9.1,New Zealand,India,AE Satterthwaite,SFM Devine,AA Patil,0,0,,,,,,,,,
1153858,2018/19,2019-02-06,Westpac Stadium,1,9.2,New Zealand,India,AE Satterthwaite,SFM Devine,AA Patil,2,0,,,,,,,,,
1153858,2018/19,2019-02-06,Westpac Stadium,1,9.3,New Zealand,India,AE Satterthwaite,SFM Devine,AA Patil,1,0,,,,,,,,,
1153858,2018/19,2019-02-06,Westpac Stadium,1,9.4,New Zealand,India,SFM Devine,AE Satterthwaite,AA Patil,0,0,,,,,,,,,
1153858,2018/19,2019-02-06,Westpac Stadium,1,9.5,New Zealand,India,SFM Devine,AE Satterthwaite,AA Patil,6,0,,,,,,,,,
1153858,2018/19,2019-02-06,Westpac Stadium,1,9.6,New Zealand,India,SFM Devine,AE Satterthwaite,AA Patil,1,0,,,,,,,,,
1153858,2018/19,2019-02-06,Westpac Stadium,1,10.1,New Zealand,India,SFM Devine,AE Satterthwaite,Poonam Yadav,1,0,,,,,,,,,
1153858,2018/19,2019-02-06,Westpac Stadium,1,10.2,New Zealand,India,AE Satterthwaite,SFM Devine,Poonam Yadav,4,0,,,,,,,,,
1153858,2018/19,2019-02-06,Westpac Stadium,1,10.3,New Zealand,India,AE Satterthwaite,SFM Devine,Poonam Yadav,0,0,,,,,,,,,
1153858,2018/19,2019-02-06,Westpac Stadium,1,10.4,New Zealand,India,AE Satterthwaite,SFM Devine,Poonam Yadav,4,0,,,,,,,,,
1153858,2018/19,2019-02-06,Westpac Stadium,1,10.5,New Zealand,India,AE Satterthwaite,SFM Devine,Poonam Yadav,4,0,,,,,,,,,
1153858,2018/19,2019-02-06,Westpac Stadium,1,10.6,New Zealand,India,AE Satterthwaite,SFM Devine,Poonam Yadav,1,0,,,,,,,,,
1153858,2018/19,2019-02-06,Westpac Stadium,1,11.1,New Zealand,India,AE Satterthwaite,SFM Devine,A Reddy,1,0,,,,,,,,,
1153858,2018/19,2019-02-06,Westpac Stadium,1,11.2,New Zealand,India,SFM Devine,AE Satterthwaite,A Reddy,0,0,,,,,,,,,
1153858,2018/19,2019-02-06,Westpac Stadium,1,11.3,New Zealand,India,SFM Devine,AE Satterthwaite,A Reddy,0,1,1,,,,,,,,
1153858,2018/19,2019-02-06,Westpac Stadium,1,11.4,New Zealand,India,SFM Devine,AE Satterthwaite,A Reddy,1,0,,,,,,,,,
1153858,2018/19,2019-02-06,Westpac Stadium,1,11.5,New Zealand,India,AE Satterthwaite,SFM Devine,A Reddy,1,0,,,,,,,,,
1153858,2018/19,2019-02-06,Westpac Stadium,1,11.6,New Zealand,India,SFM Devine,AE Satterthwaite,A Reddy,4,0,,,,,,,,,
1153858,2018/19,2019-02-06,Westpac Stadium,1,11.7,New Zealand,India,SFM Devine,AE Satterthwaite,A Reddy,1,0,,,,,,,,,
1153858,2018/19,2019-02-06,Westpac Stadium,1,12.1,New Zealand,India,SFM Devine,AE Satterthwaite,RP Yadav,0,0,,,,,,,,,
1153858,2018/19,2019-02-06,Westpac Stadium,1,12.2,New Zealand,India,SFM Devine,AE Satterthwaite,RP Yadav,2,0,,,,,,,,,
1153858,2018/19,2019-02-06,Westpac Stadium,1,12.3,New Zealand,India,SFM Devine,AE Satterthwaite,RP Yadav,4,0,,,,,,,,,
1153858,2018/19,2019-02-06,Westpac Stadium,1,12.4,New Zealand,India,SFM Devine,AE Satterthwaite,RP Yadav,0,0,,,,,,,,,
1153858,2018/19,2019-02-06,Westpac Stadium,1,12.5,New Zealand,India,SFM Devine,AE Satterthwaite,RP Yadav,1,0,,,,,,,,,
1153858,2018/19,2019-02-06,Westpac Stadium,1,12.6,New Zealand,India,AE Satterthwaite,SFM Devine,RP Yadav,1,0,,,,,,,,,
1153858,2018/19,2019-02-06,Westpac Stadium,1,13.1,New Zealand,India,AE Satterthwaite,SFM Devine,AA Patil,4,0,,,,,,,,,
1153858,2018/19,2019-02-06,Westpac Stadium,1,13.2,New Zealand,India,AE Satterthwaite,SFM Devine,AA Patil,2,0,,,,,,,,,
1153858,2018/19,2019-02-06,Westpac Stadium,1,13.3,New Zealand,India,AE Satterthwaite,SFM Devine,AA Patil,0,0,,,,,,,,,
1153858,2018/19,2019-02-06,Westpac Stadium,1,13.4,New Zealand,India,AE Satterthwaite,SFM Devine,AA Patil,0,0,,,,,,,,,
1153858,2018/19,2019-02-06,Westpac Stadium,1,13.5,New Zealand,India,AE Satterthwaite,SFM Devine,AA Patil,1,0,,,,,,,,,
1153858,2018/19,2019-02-06,Westpac Stadium,1,13.6,New Zealand,India,SFM Devine,AE Satterthwaite,AA Patil,1,0,,,,,,,,,
1153858,2018/19,2019-02-06,Westpac Stadium,1,14.1,New Zealand,India,SFM Devine,AE Satterthwaite,Poonam Yadav,1,0,,,,,,,,,
1153858,2018/19,2019-02-06,Westpac Stadium,1,14.2,New Zealand,India,AE Satterthwaite,SFM Devine,Poonam Yadav,0,0,,,,,,,,,
1153858,2018/19,2019-02-06,Westpac Stadium,1,14.3,New Zealand,India,AE Satterthwaite,SFM Devine,Poonam Yadav,1,0,,,,,,,,,
1153858,2018/19,2019-02-06,Westpac Stadium,1,14.4,New Zealand,India,SFM Devine,AE Satterthwaite,Poonam Yadav,2,0,,,,,,,,,
1153858,2018/19,2019-02-06,Westpac Stadium,1,14.5,New Zealand,India,SFM Devine,AE Satterthwaite,Poonam Yadav,0,0,,,,,,,,,
1153858,2018/19,2019-02-06,Westpac Stadium,1,14.6,New Zealand,India,SFM Devine,AE Satterthwaite,Poonam Yadav,1,0,,,,,,,,,
1153858,2018/19,2019-02-06,Westpac Stadium,1,15.1,New Zealand,India,SFM Devine,AE Satterthwaite,A Reddy,4,0,,,,,,,,,
1153858,2018/19,2019-02-06,Westpac Stadium,1,15.2,New Zealand,India,SFM Devine,AE Satterthwaite,A Reddy,4,0,,,,,,,,,
1153858,2018/19,2019-02-06,Westpac Stadium,1,15.3,New Zealand,India,SFM Devine,AE Satterthwaite,A Reddy,0,0,,,,,,caught,SFM Devine,,
1153858,2018/19,2019-02-06,Westpac Stadium,1,15.4,New Zealand,India,AE Satterthwaite,KJ Martin,A Reddy,1,0,,,,,,,,,
1153858,2018/19,2019-02-06,Westpac Stadium,1,15.5,New Zealand,India,KJ Martin,AE Satterthwaite,A Reddy,1,0,,,,,,,,,
1153858,2018/19,2019-02-06,Westpac Stadium,1,15.6,New Zealand,India,AE Satterthwaite,KJ Martin,A Reddy,1,0,,,,,,,,,
1153858,2018/19,2019-02-06,Westpac Stadium,1,16.1,New Zealand,India,AE Satterthwaite,KJ Martin,DB Sharma,1,0,,,,,,,,,
1153858,2018/19,2019-02-06,Westpac Stadium,1,16.2,New Zealand,India,KJ Martin,AE Satterthwaite,DB Sharma,1,0,,,,,,,,,
1153858,2018/19,2019-02-06,Westpac Stadium,1,16.3,New Zealand,India,AE Satterthwaite,KJ Martin,DB Sharma,0,0,,,,,,caught,AE Satterthwaite,,
1153858,2018/19,2019-02-06,Westpac Stadium,1,16.4,New Zealand,India,FL Mackay,KJ Martin,DB Sharma,0,1,1,,,,,,,,
1153858,2018/19,2019-02-06,Westpac Stadium,1,16.5,New Zealand,India,FL Mackay,KJ Martin,DB Sharma,0,1,1,,,,,,,,
1153858,2018/19,2019-02-06,Westpac Stadium,1,16.6,New Zealand,India,FL Mackay,KJ Martin,DB Sharma,1,0,,,,,,,,,
1153858,2018/19,2019-02-06,Westpac Stadium,1,16.7,New Zealand,India,KJ Martin,FL Mackay,DB Sharma,4,0,,,,,,,,,
1153858,2018/19,2019-02-06,Westpac Stadium,1,16.8,New Zealand,India,KJ Martin,FL Mackay,DB Sharma,1,0,,,,,,,,,
1153858,2018/19,2019-02-06,Westpac Stadium,1,17.1,New Zealand,India,KJ Martin,FL Mackay,AA Patil,1,0,,,,,,,,,
1153858,2018/19,2019-02-06,Westpac Stadium,1,17.2,New Zealand,India,FL Mackay,KJ Martin,AA Patil,1,0,,,,,,,,,
1153858,2018/19,2019-02-06,Westpac Stadium,1,17.3,New Zealand,India,KJ Martin,FL Mackay,AA Patil,0,0,,,,,,,,,
1153858,2018/19,2019-02-06,Westpac Stadium,1,17.4,New Zealand,India,KJ Martin,FL Mackay,AA Patil,1,0,,,,,,,,,
1153858,2018/19,2019-02-06,Westpac Stadium,1,17.5,New Zealand,India,FL Mackay,KJ Martin,AA Patil,2,0,,,,,,,,,
1153858,2018/19,2019-02-06,Westpac Stadium,1,17.6,New Zealand,India,FL Mackay,KJ Martin,AA Patil,4,0,,,,,,,,,
1153858,2018/19,2019-02-06,Westpac Stadium,1,18.1,New Zealand,India,KJ Martin,FL Mackay,DB Sharma,1,0,,,,,,,,,
1153858,2018/19,2019-02-06,Westpac Stadium,1,18.2,New Zealand,India,FL Mackay,KJ Martin,DB Sharma,0,1,,,,1,,,,,
1153858,2018/19,2019-02-06,Westpac Stadium,1,18.3,New Zealand,India,KJ Martin,FL Mackay,DB Sharma,1,0,,,,,,,,,
1153858,2018/19,2019-02-06,Westpac Stadium,1,18.4,New Zealand,India,FL Mackay,KJ Martin,DB Sharma,1,0,,,,,,,,,
1153858,2018/19,2019-02-06,Westpac Stadium,1,18.5,New Zealand,India,KJ Martin,FL Mackay,DB Sharma,1,0,,,,,,,,,
1153858,2018/19,2019-02-06,Westpac Stadium,1,18.6,New Zealand,India,FL Mackay,KJ Martin,DB Sharma,0,0,,,,,,,,,
1153858,2018/19,2019-02-06,Westpac Stadium,1,19.1,New Zealand,India,KJ Martin,FL Mackay,RP Yadav,2,0,,,,,,,,,
1153858,2018/19,2019-02-06,Westpac Stadium,1,19.2,New Zealand,India,KJ Martin,FL Mackay,RP Yadav,6,0,,,,,,,,,
1153858,2018/19,2019-02-06,Westpac Stadium,1,19.3,New Zealand,India,KJ Martin,FL Mackay,RP Yadav,1,0,,,,,,,,,
1153858,2018/19,2019-02-06,Westpac Stadium,1,19.4,New Zealand,India,FL Mackay,KJ Martin,RP Yadav,0,0,,,,,,,,,
1153858,2018/19,2019-02-06,Westpac Stadium,1,19.5,New Zealand,India,FL Mackay,KJ Martin,RP Yadav,1,0,,,,,,,,,
1153858,2018/19,2019-02-06,Westpac Stadium,1,19.6,New Zealand,India,KJ Martin,FL Mackay,RP Yadav,6,0,,,,,,,,,
1153858,2018/19,2019-02-06,Westpac Stadium,2,0.1,India,New Zealand,PS Punia,S Mandhana,FL Mackay,0,0,,,,,,,,,
1153858,2018/19,2019-02-06,Westpac Stadium,2,0.2,India,New Zealand,PS Punia,S Mandhana,FL Mackay,4,0,,,,,,,,,
1153858,2018/19,2019-02-06,Westpac Stadium,2,0.3,India,New Zealand,PS Punia,S Mandhana,FL Mackay,0,0,,,,,,,,,
1153858,2018/19,2019-02-06,Westpac Stadium,2,0.4,India,New Zealand,PS Punia,S Mandhana,AE Satterthwaite,0,0,,,,,,,,,
1153858,2018/19,2019-02-06,Westpac Stadium,2,0.5,India,New Zealand,PS Punia,S Mandhana,AE Satterthwaite,0,0,,,,,,caught,PS Punia,,
1153858,2018/19,2019-02-06,Westpac Stadium,2,0.6,India,New Zealand,JI Rodrigues,S Mandhana,AE Satterthwaite,0,0,,,,,,,,,
1153858,2018/19,2019-02-06,Westpac Stadium,2,1.1,India,New Zealand,S Mandhana,JI Rodrigues,LMM Tahuhu,0,0,,,,,,,,,
1153858,2018/19,2019-02-06,Westpac Stadium,2,1.2,India,New Zealand,S Mandhana,JI Rodrigues,LMM Tahuhu,1,0,,,,,,,,,
1153858,2018/19,2019-02-06,Westpac Stadium,2,1.3,India,New Zealand,JI Rodrigues,S Mandhana,LMM Tahuhu,0,1,1,,,,,,,,
1153858,2018/19,2019-02-06,Westpac Stadium,2,1.4,India,New Zealand,JI Rodrigues,S Mandhana,LMM Tahuhu,0,0,,,,,,,,,
1153858,2018/19,2019-02-06,Westpac Stadium,2,1.5,India,New Zealand,JI Rodrigues,S Mandhana,LMM Tahuhu,1,0,,,,,,,,,
1153858,2018/19,2019-02-06,Westpac Stadium,2,1.6,India,New Zealand,S Mandhana,JI Rodrigues,LMM Tahuhu,4,0,,,,,,,,,
1153858,2018/19,2019-02-06,Westpac Stadium,2,1.7,India,New Zealand,S Mandhana,JI Rodrigues,LMM Tahuhu,0,0,,,,,,,,,
1153858,2018/19,2019-02-06,Westpac Stadium,2,2.1,India,New Zealand,JI Rodrigues,S Mandhana,LM Kasperek,0,0,,,,,,,,,
1153858,2018/19,2019-02-06,Westpac Stadium,2,2.2,India,New Zealand,JI Rodrigues,S Mandhana,LM Kasperek,0,0,,,,,,,,,
1153858,2018/19,2019-02-06,Westpac Stadium,2,2.3,India,New Zealand,JI Rodrigues,S Mandhana,LM Kasperek,4,0,,,,,,,,,
1153858,2018/19,2019-02-06,Westpac Stadium,2,2.4,India,New Zealand,JI Rodrigues,S Mandhana,LM Kasperek,2,0,,,,,,,,,
1153858,2018/19,2019-02-06,Westpac Stadium,2,2.5,India,New Zealand,JI Rodrigues,S Mandhana,LM Kasperek,2,0,,,,,,,,,
1153858,2018/19,2019-02-06,Westpac Stadium,2,2.6,India,New Zealand,JI Rodrigues,S Mandhana,LM Kasperek,0,0,,,,,,,,,
1153858,2018/19,2019-02-06,Westpac Stadium,2,3.1,India,New Zealand,S Mandhana,JI Rodrigues,LMM Tahuhu,0,0,,,,,,,,,
1153858,2018/19,2019-02-06,Westpac Stadium,2,3.2,India,New Zealand,S Mandhana,JI Rodrigues,LMM Tahuhu,4,0,,,,,,,,,
1153858,2018/19,2019-02-06,Westpac Stadium,2,3.3,India,New Zealand,S Mandhana,JI Rodrigues,LMM Tahuhu,4,0,,,,,,,,,
1153858,2018/19,2019-02-06,Westpac Stadium,2,3.4,India,New Zealand,S Mandhana,JI Rodrigues,LMM Tahuhu,1,0,,,,,,,,,
1153858,2018/19,2019-02-06,Westpac Stadium,2,3.5,India,New Zealand,JI Rodrigues,S Mandhana,LMM Tahuhu,0,0,,,,,,,,,
1153858,2018/19,2019-02-06,Westpac Stadium,2,3.6,India,New Zealand,JI Rodrigues,S Mandhana,LMM Tahuhu,0,0,,,,,,,,,
1153858,2018/19,2019-02-06,Westpac Stadium,2,4.1,India,New Zealand,S Mandhana,JI Rodrigues,RA Mair,1,0,,,,,,,,,
1153858,2018/19,2019-02-06,Westpac Stadium,2,4.2,India,New Zealand,JI Rodrigues,S Mandhana,RA Mair,1,0,,,,,,,,,
1153858,2018/19,2019-02-06,Westpac Stadium,2,4.3,India,New Zealand,S Mandhana,JI Rodrigues,RA Mair,4,0,,,,,,,,,
1153858,2018/19,2019-02-06,Westpac Stadium,2,4.4,India,New Zealand,S Mandhana,JI Rodrigues,RA Mair,6,0,,,,,,,,,
1153858,2018/19,2019-02-06,Westpac Stadium,2,4.5,India,New Zealand,S Mandhana,JI Rodrigues,RA Mair,0,0,,,,,,,,,
1153858,2018/19,2019-02-06,Westpac Stadium,2,4.6,India,New Zealand,S Mandhana,JI Rodrigues,RA Mair,6,0,,,,,,,,,
1153858,2018/19,2019-02-06,Westpac Stadium,2,5.1,India,New Zealand,JI Rodrigues,S Mandhana,LM Kasperek,0,0,,,,,,,,,
1153858,2018/19,2019-02-06,Westpac Stadium,2,5.2,India,New Zealand,JI Rodrigues,S Mandhana,LM Kasperek,4,0,,,,,,,,,
1153858,2018/19,2019-02-06,Westpac Stadium,2,5.3,India,New Zealand,JI Rodrigues,S Mandhana,LM Kasperek,4,0,,,,,,,,,
1153858,2018/19,2019-02-06,Westpac Stadium,2,5.4,India,New Zealand,JI Rodrigues,S Mandhana,LM Kasperek,4,0,,,,,,,,,
1153858,2018/19,2019-02-06,Westpac Stadium,2,5.5,India,New Zealand,JI Rodrigues,S Mandhana,LM Kasperek,0,0,,,,,,,,,
1153858,2018/19,2019-02-06,Westpac Stadium,2,5.6,India,New Zealand,JI Rodrigues,S Mandhana,LM Kasperek,0,0,,,,,,,,,
1153858,2018/19,2019-02-06,Westpac Stadium,2,6.1,India,New Zealand,S Mandhana,JI Rodrigues,SFM Devine,1,0,,,,,,,,,
1153858,2018/19,2019-02-06,Westpac Stadium,2,6.2,India,New Zealand,JI Rodrigues,S Mandhana,SFM Devine,1,0,,,,,,,,,
1153858,2018/19,2019-02-06,Westpac Stadium,2,6.3,India,New Zealand,S Mandhana,JI Rodrigues,SFM Devine,4,0,,,,,,,,,
1153858,2018/19,2019-02-06,Westpac Stadium,2,6.4,India,New Zealand,S Mandhana,JI Rodrigues,SFM Devine,0,0,,,,,,,,,
1153858,2018/19,2019-02-06,Westpac Stadium,2,6.5,India,New Zealand,S Mandhana,JI Rodrigues,SFM Devine,4,0,,,,,,,,,
1153858,2018/19,2019-02-06,Westpac Stadium,2,6.6,India,New Zealand,S Mandhana,JI Rodrigues,SFM Devine,1,0,,,,,,,,,
1153858,2018/19,2019-02-06,Westpac Stadium,2,7.1,India,New Zealand,S Mandhana,JI Rodrigues,AC Kerr,1,0,,,,,,,,,
1153858,2018/19,2019-02-06,Westpac Stadium,2,7.2,India,New Zealand,JI Rodrigues,S Mandhana,AC Kerr,4,0,,,,,,,,,
1153858,2018/19,2019-02-06,Westpac Stadium,2,7.3,India,New Zealand,JI Rodrigues,S Mandhana,AC Kerr,1,0,,,,,,,,,
1153858,2018/19,2019-02-06,Westpac Stadium,2,7.4,India,New Zealand,S Mandhana,JI Rodrigues,AC Kerr,1,0,,,,,,,,,
1153858,2018/19,2019-02-06,Westpac Stadium,2,7.5,India,New Zealand,JI Rodrigues,S Mandhana,AC Kerr,1,0,,,,,,,,,
1153858,2018/19,2019-02-06,Westpac Stadium,2,7.6,India,New Zealand,S Mandhana,JI Rodrigues,AC Kerr,1,0,,,,,,,,,
1153858,2018/19,2019-02-06,Westpac Stadium,2,8.1,India,New Zealand,S Mandhana,JI Rodrigues,SFM Devine,0,0,,,,,,,,,
1153858,2018/19,2019-02-06,Westpac Stadium,2,8.2,India,New Zealand,S Mandhana,JI Rodrigues,SFM Devine,0,0,,,,,,,,,
1153858,2018/19,2019-02-06,Westpac Stadium,2,8.3,India,New Zealand,S Mandhana,JI Rodrigues,SFM Devine,6,0,,,,,,,,,
1153858,2018/19,2019-02-06,Westpac Stadium,2,8.4,India,New Zealand,S Mandhana,JI Rodrigues,SFM Devine,0,1,1,,,,,,,,
1153858,2018/19,2019-02-06,Westpac Stadium,2,8.5,India,New Zealand,S Mandhana,JI Rodrigues,SFM Devine,1,0,,,,,,,,,
1153858,2018/19,2019-02-06,Westpac Stadium,2,8.6,India,New Zealand,JI Rodrigues,S Mandhana,SFM Devine,0,0,,,,,,,,,
1153858,2018/19,2019-02-06,Westpac Stadium,2,8.7,India,New Zealand,JI Rodrigues,S Mandhana,SFM Devine,1,0,,,,,,,,,
1153858,2018/19,2019-02-06,Westpac Stadium,2,9.1,India,New Zealand,JI Rodrigues,S Mandhana,AE Satterthwaite,1,0,,,,,,,,,
1153858,2018/19,2019-02-06,Westpac Stadium,2,9.2,India,New Zealand,S Mandhana,JI Rodrigues,AE Satterthwaite,1,0,,,,,,,,,
1153858,2018/19,2019-02-06,Westpac Stadium,2,9.3,India,New Zealand,JI Rodrigues,S Mandhana,AE Satterthwaite,0,0,,,,,,,,,
1153858,2018/19,2019-02-06,Westpac Stadium,2,9.4,India,New Zealand,JI Rodrigues,S Mandhana,AE Satterthwaite,1,0,,,,,,,,,
1153858,2018/19,2019-02-06,Westpac Stadium,2,9.5,India,New Zealand,S Mandhana,JI Rodrigues,AE Satterthwaite,0,0,,,,,,,,,
1153858,2018/19,2019-02-06,Westpac Stadium,2,9.6,India,New Zealand,S Mandhana,JI Rodrigues,AE Satterthwaite,0,0,,,,,,,,,
1153858,2018/19,2019-02-06,Westpac Stadium,2,10.1,India,New Zealand,JI Rodrigues,S Mandhana,RA Mair,1,0,,,,,,,,,
1153858,2018/19,2019-02-06,Westpac Stadium,2,10.2,India,New Zealand,S Mandhana,JI Rodrigues,RA Mair,0,0,,,,,,,,,
1153858,2018/19,2019-02-06,Westpac Stadium,2,10.3,India,New Zealand,S Mandhana,JI Rodrigues,RA Mair,1,0,,,,,,,,,
1153858,2018/19,2019-02-06,Westpac Stadium,2,10.4,India,New Zealand,JI Rodrigues,S Mandhana,RA Mair,1,0,,,,,,,,,
1153858,2018/19,2019-02-06,Westpac Stadium,2,10.5,India,New Zealand,S Mandhana,JI Rodrigues,RA Mair,1,0,,,,,,,,,
1153858,2018/19,2019-02-06,Westpac Stadium,2,10.6,India,New Zealand,JI Rodrigues,S Mandhana,RA Mair,4,0,,,,,,,,,
1153858,2018/19,2019-02-06,Westpac Stadium,2,11.1,India,New Zealand,S Mandhana,JI Rodrigues,AC Kerr,4,0,,,,,,,,,
1153858,2018/19,2019-02-06,Westpac Stadium,2,11.2,India,New Zealand,S Mandhana,JI Rodrigues,AC Kerr,0,0,,,,,,,,,
1153858,2018/19,2019-02-06,Westpac Stadium,2,11.3,India,New Zealand,S Mandhana,JI Rodrigues,AC Kerr,0,0,,,,,,caught,S Mandhana,,
1153858,2018/19,2019-02-06,Westpac Stadium,2,11.4,India,New Zealand,JI Rodrigues,D Hemalatha,AC Kerr,0,0,,,,,,,,,
1153858,2018/19,2019-02-06,Westpac Stadium,2,11.5,India,New Zealand,JI Rodrigues,D Hemalatha,AC Kerr,1,0,,,,,,,,,
1153858,2018/19,2019-02-06,Westpac Stadium,2,11.6,India,New Zealand,D Hemalatha,JI Rodrigues,AC Kerr,0,0,,,,,,,,,
1153858,2018/19,2019-02-06,Westpac Stadium,2,12.1,India,New Zealand,JI Rodrigues,D Hemalatha,LMM Tahuhu,0,0,,,,,,caught,JI Rodrigues,,
1153858,2018/19,2019-02-06,Westpac Stadium,2,12.2,India,New Zealand,H Kaur,D Hemalatha,LMM Tahuhu,1,0,,,,,,,,,
1153858,2018/19,2019-02-06,Westpac Stadium,2,12.3,India,New Zealand,D Hemalatha,H Kaur,LMM Tahuhu,0,1,1,,,,,,,,
1153858,2018/19,2019-02-06,Westpac Stadium,2,12.4,India,New Zealand,D Hemalatha,H Kaur,LMM Tahuhu,1,0,,,,,,,,,
1153858,2018/19,2019-02-06,Westpac Stadium,2,12.5,India,New Zealand,H Kaur,D Hemalatha,LMM Tahuhu,0,0,,,,,,,,,
1153858,2018/19,2019-02-06,Westpac Stadium,2,12.6,India,New Zealand,H Kaur,D Hemalatha,LMM Tahuhu,1,0,,,,,,,,,
1153858,2018/19,2019-02-06,Westpac Stadium,2,12.7,India,New Zealand,D Hemalatha,H Kaur,LMM Tahuhu,0,0,,,,,,,,,
1153858,2018/19,2019-02-06,Westpac Stadium,2,13.1,India,New Zealand,H Kaur,D Hemalatha,SFM Devine,1,0,,,,,,,,,
1153858,2018/19,2019-02-06,Westpac Stadium,2,13.2,India,New Zealand,D Hemalatha,H Kaur,SFM Devine,1,0,,,,,,,,,
1153858,2018/19,2019-02-06,Westpac Stadium,2,13.3,India,New Zealand,H Kaur,D Hemalatha,SFM Devine,0,0,,,,,,,,,
1153858,2018/19,2019-02-06,Westpac Stadium,2,13.4,India,New Zealand,H Kaur,D Hemalatha,SFM Devine,1,0,,,,,,,,,
1153858,2018/19,2019-02-06,Westpac Stadium,2,13.5,India,New Zealand,D Hemalatha,H Kaur,SFM Devine,1,0,,,,,,,,,
1153858,2018/19,2019-02-06,Westpac Stadium,2,13.6,India,New Zealand,H Kaur,D Hemalatha,SFM Devine,0,0,,,,,,,,,
1153858,2018/19,2019-02-06,Westpac Stadium,2,14.1,India,New Zealand,D Hemalatha,H Kaur,LMM Tahuhu,0,0,,,,,,caught,D Hemalatha,,
1153858,2018/19,2019-02-06,Westpac Stadium,2,14.2,India,New Zealand,AA Patil,H Kaur,LMM Tahuhu,0,0,,,,,,,,,
1153858,2018/19,2019-02-06,Westpac Stadium,2,14.3,India,New Zealand,AA Patil,H Kaur,LMM Tahuhu,0,0,,,,,,,,,
1153858,2018/19,2019-02-06,Westpac Stadium,2,14.4,India,New Zealand,AA Patil,H Kaur,LMM Tahuhu,0,0,,,,,,caught,AA Patil,,
1153858,2018/19,2019-02-06,Westpac Stadium,2,14.5,India,New Zealand,A Reddy,H Kaur,LMM Tahuhu,0,0,,,,,,,,,
1153858,2018/19,2019-02-06,Westpac Stadium,2,14.6,India,New Zealand,A Reddy,H Kaur,LMM Tahuhu,0,0,,,,,,,,,
1153858,2018/19,2019-02-06,Westpac Stadium,2,15.1,India,New Zealand,H Kaur,A Reddy,AC Kerr,1,0,,,,,,,,,
1153858,2018/19,2019-02-06,Westpac Stadium,2,15.2,India,New Zealand,A Reddy,H Kaur,AC Kerr,0,0,,,,,,,,,
1153858,2018/19,2019-02-06,Westpac Stadium,2,15.3,India,New Zealand,A Reddy,H Kaur,AC Kerr,1,0,,,,,,,,,
1153858,2018/19,2019-02-06,Westpac Stadium,2,15.4,India,New Zealand,H Kaur,A Reddy,AC Kerr,1,0,,,,,,,,,
1153858,2018/19,2019-02-06,Westpac Stadium,2,15.5,India,New Zealand,A Reddy,H Kaur,AC Kerr,1,0,,,,,,,,,
1153858,2018/19,2019-02-06,Westpac Stadium,2,15.6,India,New Zealand,H Kaur,A Reddy,AC Kerr,1,0,,,,,,,,,
1153858,2018/19,2019-02-06,Westpac Stadium,2,16.1,India,New Zealand,H Kaur,A Reddy,RA Mair,0,0,,,,,,,,,
1153858,2018/19,2019-02-06,Westpac Stadium,2,16.2,India,New Zealand,H Kaur,A Reddy,RA Mair,1,0,,,,,,,,,
1153858,2018/19,2019-02-06,Westpac Stadium,2,16.3,India,New Zealand,A Reddy,H Kaur,RA Mair,0,0,,,,,,lbw,A Reddy,,
1153858,2018/19,2019-02-06,Westpac Stadium,2,16.4,India,New Zealand,DB Sharma,H Kaur,RA Mair,1,0,,,,,,,,,
1153858,2018/19,2019-02-06,Westpac Stadium,2,16.5,India,New Zealand,H Kaur,DB Sharma,RA Mair,3,0,,,,,,,,,
1153858,2018/19,2019-02-06,Westpac Stadium,2,16.6,India,New Zealand,DB Sharma,H Kaur,RA Mair,0,1,,,,1,,,,,
1153858,2018/19,2019-02-06,Westpac Stadium,2,17.1,India,New Zealand,DB Sharma,H Kaur,AC Kerr,1,0,,,,,,,,,
1153858,2018/19,2019-02-06,Westpac Stadium,2,17.2,India,New Zealand,H Kaur,DB Sharma,AC Kerr,6,0,,,,,,,,,
1153858,2018/19,2019-02-06,Westpac Stadium,2,17.3,India,New Zealand,H Kaur,DB Sharma,AC Kerr,0,0,,,,,,stumped,H Kaur,,
1153858,2018/19,2019-02-06,Westpac Stadium,2,17.4,India,New Zealand,T Bhatia,DB Sharma,AC Kerr,1,0,,,,,,,,,
1153858,2018/19,2019-02-06,Westpac Stadium,2,17.5,India,New Zealand,DB Sharma,T Bhatia,AC Kerr,0,0,,,,,,,,,
1153858,2018/19,2019-02-06,Westpac Stadium,2,17.6,India,New Zealand,DB Sharma,T Bhatia,AC Kerr,1,0,,,,,,,,,
1153858,2018/19,2019-02-06,Westpac Stadium,2,18.1,India,New Zealand,DB Sharma,T Bhatia,LM Kasperek,1,0,,,,,,,,,
1153858,2018/19,2019-02-06,Westpac Stadium,2,18.2,India,New Zealand,T Bhatia,DB Sharma,LM Kasperek,0,0,,,,,,caught and bowled,T Bhatia,,
1153858,2018/19,2019-02-06,Westpac Stadium,2,18.3,India,New Zealand,RP Yadav,DB Sharma,LM Kasperek,1,0,,,,,,,,,
1153858,2018/19,2019-02-06,Westpac Stadium,2,18.4,India,New Zealand,DB Sharma,RP Yadav,LM Kasperek,1,0,,,,,,,,,
1153858,2018/19,2019-02-06,Westpac Stadium,2,18.5,India,New Zealand,RP Yadav,DB Sharma,LM Kasperek,2,0,,,,,,,,,
1153858,2018/19,2019-02-06,Westpac Stadium,2,18.6,India,New Zealand,RP Yadav,DB Sharma,LM Kasperek,0,0,,,,,,caught,RP Yadav,,
1153858,2018/19,2019-02-06,Westpac Stadium,2,19.1,India,New Zealand,DB Sharma,Poonam Yadav,SFM Devine,0,0,,,,,,caught,DB Sharma,,
