match_id,season,start_date,venue,innings,ball,batting_team,bowling_team,striker,non_striker,bowler,runs_off_bat,extras,wides,noballs,byes,legbyes,penalty,wicket_type,player_dismissed,other_wicket_type,other_player_dismissed
1157377,2018/19,2018-11-04,Dubai International Cricket Stadium,1,0.1,Pakistan,New Zealand,Fakhar Zaman,Babar Azam,SHA Rance,0,0,,,,,,,,,
1157377,2018/19,2018-11-04,Dubai International Cricket Stadium,1,0.2,Pakistan,New Zealand,Fakhar Zaman,Babar Azam,SHA Rance,0,0,,,,,,,,,
1157377,2018/19,2018-11-04,Dubai International Cricket Stadium,1,0.3,Pakistan,New Zealand,Fakhar Zaman,Babar Azam,SHA Rance,0,0,,,,,,,,,
1157377,2018/19,2018-11-04,Dubai International Cricket Stadium,1,0.4,Pakistan,New Zealand,Fakhar Zaman,Babar Azam,SHA Rance,1,0,,,,,,,,,
1157377,2018/19,2018-11-04,Dubai International Cricket Stadium,1,0.5,Pakistan,New Zealand,Babar Azam,Fakhar Zaman,SHA Rance,0,0,,,,,,,,,
1157377,2018/19,2018-11-04,Dubai International Cricket Stadium,1,0.6,Pakistan,New Zealand,Babar Azam,Fakhar Zaman,SHA Rance,0,0,,,,,,,,,
1157377,2018/19,2018-11-04,Dubai International Cricket Stadium,1,1.1,Pakistan,New Zealand,Fakhar Zaman,Babar Azam,TG Southee,0,0,,,,,,,,,
1157377,2018/19,2018-11-04,Dubai International Cricket Stadium,1,1.2,Pakistan,New Zealand,Fakhar Zaman,Babar Azam,TG Southee,1,0,,,,,,,,,
1157377,2018/19,2018-11-04,Dubai International Cricket Stadium,1,1.3,Pakistan,New Zealand,Babar Azam,Fakhar Zaman,TG Southee,0,0,,,,,,,,,
1157377,2018/19,2018-11-04,Dubai International Cricket Stadium,1,1.4,Pakistan,New Zealand,Babar Azam,Fakhar Zaman,TG Southee,0,0,,,,,,,,,
1157377,2018/19,2018-11-04,Dubai International Cricket Stadium,1,1.5,Pakistan,New Zealand,Babar Azam,Fakhar Zaman,TG Southee,4,0,,,,,,,,,
1157377,2018/19,2018-11-04,Dubai International Cricket Stadium,1,1.6,Pakistan,New Zealand,Babar Azam,Fakhar Zaman,TG Southee,0,0,,,,,,,,,
1157377,2018/19,2018-11-04,Dubai International Cricket Stadium,1,2.1,Pakistan,New Zealand,Fakhar Zaman,Babar Azam,SHA Rance,0,0,,,,,,,,,
1157377,2018/19,2018-11-04,Dubai International Cricket Stadium,1,2.2,Pakistan,New Zealand,Fakhar Zaman,Babar Azam,SHA Rance,1,0,,,,,,,,,
1157377,2018/19,2018-11-04,Dubai International Cricket Stadium,1,2.3,Pakistan,New Zealand,Babar Azam,Fakhar Zaman,SHA Rance,0,0,,,,,,,,,
1157377,2018/19,2018-11-04,Dubai International Cricket Stadium,1,2.4,Pakistan,New Zealand,Babar Azam,Fakhar Zaman,SHA Rance,1,0,,,,,,,,,
1157377,2018/19,2018-11-04,Dubai International Cricket Stadium,1,2.5,Pakistan,New Zealand,Fakhar Zaman,Babar Azam,SHA Rance,1,0,,,,,,,,,
1157377,2018/19,2018-11-04,Dubai International Cricket Stadium,1,2.6,Pakistan,New Zealand,Babar Azam,Fakhar Zaman,SHA Rance,0,0,,,,,,,,,
1157377,2018/19,2018-11-04,Dubai International Cricket Stadium,1,3.1,Pakistan,New Zealand,Fakhar Zaman,Babar Azam,TG Southee,0,0,,,,,,,,,
1157377,2018/19,2018-11-04,Dubai International Cricket Stadium,1,3.2,Pakistan,New Zealand,Fakhar Zaman,Babar Azam,TG Southee,4,0,,,,,,,,,
1157377,2018/19,2018-11-04,Dubai International Cricket Stadium,1,3.3,Pakistan,New Zealand,Fakhar Zaman,Babar Azam,TG Southee,1,0,,,,,,,,,
1157377,2018/19,2018-11-04,Dubai International Cricket Stadium,1,3.4,Pakistan,New Zealand,Babar Azam,Fakhar Zaman,TG Southee,2,0,,,,,,,,,
1157377,2018/19,2018-11-04,Dubai International Cricket Stadium,1,3.5,Pakistan,New Zealand,Babar Azam,Fakhar Zaman,TG Southee,2,0,,,,,,,,,
1157377,2018/19,2018-11-04,Dubai International Cricket Stadium,1,3.6,Pakistan,New Zealand,Babar Azam,Fakhar Zaman,TG Southee,1,0,,,,,,,,,
1157377,2018/19,2018-11-04,Dubai International Cricket Stadium,1,4.1,Pakistan,New Zealand,Babar Azam,Fakhar Zaman,SHA Rance,4,0,,,,,,,,,
1157377,2018/19,2018-11-04,Dubai International Cricket Stadium,1,4.2,Pakistan,New Zealand,Babar Azam,Fakhar Zaman,SHA Rance,1,0,,,,,,,,,
1157377,2018/19,2018-11-04,Dubai International Cricket Stadium,1,4.3,Pakistan,New Zealand,Fakhar Zaman,Babar Azam,SHA Rance,1,0,,,,,,,,,
1157377,2018/19,2018-11-04,Dubai International Cricket Stadium,1,4.4,Pakistan,New Zealand,Babar Azam,Fakhar Zaman,SHA Rance,1,0,,,,,,,,,
1157377,2018/19,2018-11-04,Dubai International Cricket Stadium,1,4.5,Pakistan,New Zealand,Fakhar Zaman,Babar Azam,SHA Rance,1,0,,,,,,,,,
1157377,2018/19,2018-11-04,Dubai International Cricket Stadium,1,4.6,Pakistan,New Zealand,Babar Azam,Fakhar Zaman,SHA Rance,1,0,,,,,,,,,
1157377,2018/19,2018-11-04,Dubai International Cricket Stadium,1,5.1,Pakistan,New Zealand,Babar Azam,Fakhar Zaman,LH Ferguson,1,0,,,,,,,,,
1157377,2018/19,2018-11-04,Dubai International Cricket Stadium,1,5.2,Pakistan,New Zealand,Fakhar Zaman,Babar Azam,LH Ferguson,0,0,,,,,,,,,
1157377,2018/19,2018-11-04,Dubai International Cricket Stadium,1,5.3,Pakistan,New Zealand,Fakhar Zaman,Babar Azam,LH Ferguson,0,0,,,,,,caught,Fakhar Zaman,,
1157377,2018/19,2018-11-04,Dubai International Cricket Stadium,1,5.4,Pakistan,New Zealand,Mohammad Hafeez,Babar Azam,LH Ferguson,0,0,,,,,,,,,
1157377,2018/19,2018-11-04,Dubai International Cricket Stadium,1,5.5,Pakistan,New Zealand,Mohammad Hafeez,Babar Azam,LH Ferguson,0,0,,,,,,,,,
1157377,2018/19,2018-11-04,Dubai International Cricket Stadium,1,5.6,Pakistan,New Zealand,Mohammad Hafeez,Babar Azam,LH Ferguson,4,0,,,,,,,,,
1157377,2018/19,2018-11-04,Dubai International Cricket Stadium,1,6.1,Pakistan,New Zealand,Babar Azam,Mohammad Hafeez,C de Grandhomme,1,0,,,,,,,,,
1157377,2018/19,2018-11-04,Dubai International Cricket Stadium,1,6.2,Pakistan,New Zealand,Mohammad Hafeez,Babar Azam,C de Grandhomme,1,0,,,,,,,,,
1157377,2018/19,2018-11-04,Dubai International Cricket Stadium,1,6.3,Pakistan,New Zealand,Babar Azam,Mohammad Hafeez,C de Grandhomme,1,0,,,,,,,,,
1157377,2018/19,2018-11-04,Dubai International Cricket Stadium,1,6.4,Pakistan,New Zealand,Mohammad Hafeez,Babar Azam,C de Grandhomme,0,0,,,,,,,,,
1157377,2018/19,2018-11-04,Dubai International Cricket Stadium,1,6.5,Pakistan,New Zealand,Mohammad Hafeez,Babar Azam,C de Grandhomme,1,0,,,,,,,,,
1157377,2018/19,2018-11-04,Dubai International Cricket Stadium,1,6.6,Pakistan,New Zealand,Babar Azam,Mohammad Hafeez,C de Grandhomme,1,0,,,,,,,,,
1157377,2018/19,2018-11-04,Dubai International Cricket Stadium,1,7.1,Pakistan,New Zealand,Babar Azam,Mohammad Hafeez,IS Sodhi,1,0,,,,,,,,,
1157377,2018/19,2018-11-04,Dubai International Cricket Stadium,1,7.2,Pakistan,New Zealand,Mohammad Hafeez,Babar Azam,IS Sodhi,1,0,,,,,,,,,
1157377,2018/19,2018-11-04,Dubai International Cricket Stadium,1,7.3,Pakistan,New Zealand,Babar Azam,Mohammad Hafeez,IS Sodhi,2,0,,,,,,,,,
1157377,2018/19,2018-11-04,Dubai International Cricket Stadium,1,7.4,Pakistan,New Zealand,Babar Azam,Mohammad Hafeez,IS Sodhi,1,0,,,,,,,,,
1157377,2018/19,2018-11-04,Dubai International Cricket Stadium,1,7.5,Pakistan,New Zealand,Mohammad Hafeez,Babar Azam,IS Sodhi,1,0,,,,,,,,,
1157377,2018/19,2018-11-04,Dubai International Cricket Stadium,1,7.6,Pakistan,New Zealand,Babar Azam,Mohammad Hafeez,IS Sodhi,1,0,,,,,,,,,
1157377,2018/19,2018-11-04,Dubai International Cricket Stadium,1,8.1,Pakistan,New Zealand,Babar Azam,Mohammad Hafeez,C de Grandhomme,4,0,,,,,,,,,
1157377,2018/19,2018-11-04,Dubai International Cricket Stadium,1,8.2,Pakistan,New Zealand,Babar Azam,Mohammad Hafeez,C de Grandhomme,1,0,,,,,,,,,
1157377,2018/19,2018-11-04,Dubai International Cricket Stadium,1,8.3,Pakistan,New Zealand,Mohammad Hafeez,Babar Azam,C de Grandhomme,2,0,,,,,,,,,
1157377,2018/19,2018-11-04,Dubai International Cricket Stadium,1,8.4,Pakistan,New Zealand,Mohammad Hafeez,Babar Azam,C de Grandhomme,1,0,,,,,,,,,
1157377,2018/19,2018-11-04,Dubai International Cricket Stadium,1,8.5,Pakistan,New Zealand,Babar Azam,Mohammad Hafeez,C de Grandhomme,4,0,,,,,,,,,
1157377,2018/19,2018-11-04,Dubai International Cricket Stadium,1,8.6,Pakistan,New Zealand,Babar Azam,Mohammad Hafeez,C de Grandhomme,1,0,,,,,,,,,
1157377,2018/19,2018-11-04,Dubai International Cricket Stadium,1,9.1,Pakistan,New Zealand,Babar Azam,Mohammad Hafeez,LH Ferguson,2,0,,,,,,,,,
1157377,2018/19,2018-11-04,Dubai International Cricket Stadium,1,9.2,Pakistan,New Zealand,Babar Azam,Mohammad Hafeez,LH Ferguson,4,0,,,,,,,,,
1157377,2018/19,2018-11-04,Dubai International Cricket Stadium,1,9.3,Pakistan,New Zealand,Babar Azam,Mohammad Hafeez,LH Ferguson,1,0,,,,,,,,,
1157377,2018/19,2018-11-04,Dubai International Cricket Stadium,1,9.4,Pakistan,New Zealand,Mohammad Hafeez,Babar Azam,LH Ferguson,0,0,,,,,,,,,
1157377,2018/19,2018-11-04,Dubai International Cricket Stadium,1,9.5,Pakistan,New Zealand,Mohammad Hafeez,Babar Azam,LH Ferguson,1,0,,,,,,,,,
1157377,2018/19,2018-11-04,Dubai International Cricket Stadium,1,9.6,Pakistan,New Zealand,Babar Azam,Mohammad Hafeez,LH Ferguson,1,0,,,,,,,,,
1157377,2018/19,2018-11-04,Dubai International Cricket Stadium,1,10.1,Pakistan,New Zealand,Babar Azam,Mohammad Hafeez,IS Sodhi,0,0,,,,,,,,,
1157377,2018/19,2018-11-04,Dubai International Cricket Stadium,1,10.2,Pakistan,New Zealand,Babar Azam,Mohammad Hafeez,IS Sodhi,1,0,,,,,,,,,
1157377,2018/19,2018-11-04,Dubai International Cricket Stadium,1,10.3,Pakistan,New Zealand,Mohammad Hafeez,Babar Azam,IS Sodhi,6,0,,,,,,,,,
1157377,2018/19,2018-11-04,Dubai International Cricket Stadium,1,10.4,Pakistan,New Zealand,Mohammad Hafeez,Babar Azam,IS Sodhi,6,0,,,,,,,,,
1157377,2018/19,2018-11-04,Dubai International Cricket Stadium,1,10.5,Pakistan,New Zealand,Mohammad Hafeez,Babar Azam,IS Sodhi,1,0,,,,,,,,,
1157377,2018/19,2018-11-04,Dubai International Cricket Stadium,1,10.6,Pakistan,New Zealand,Babar Azam,Mohammad Hafeez,IS Sodhi,1,0,,,,,,,,,
1157377,2018/19,2018-11-04,Dubai International Cricket Stadium,1,11.1,Pakistan,New Zealand,Babar Azam,Mohammad Hafeez,LH Ferguson,0,0,,,,,,,,,
1157377,2018/19,2018-11-04,Dubai International Cricket Stadium,1,11.2,Pakistan,New Zealand,Babar Azam,Mohammad Hafeez,LH Ferguson,1,0,,,,,,,,,
1157377,2018/19,2018-11-04,Dubai International Cricket Stadium,1,11.3,Pakistan,New Zealand,Mohammad Hafeez,Babar Azam,LH Ferguson,1,0,,,,,,,,,
1157377,2018/19,2018-11-04,Dubai International Cricket Stadium,1,11.4,Pakistan,New Zealand,Babar Azam,Mohammad Hafeez,LH Ferguson,1,0,,,,,,,,,
1157377,2018/19,2018-11-04,Dubai International Cricket Stadium,1,11.5,Pakistan,New Zealand,Mohammad Hafeez,Babar Azam,LH Ferguson,1,0,,,,,,,,,
1157377,2018/19,2018-11-04,Dubai International Cricket Stadium,1,11.6,Pakistan,New Zealand,Babar Azam,Mohammad Hafeez,LH Ferguson,0,0,,,,,,,,,
1157377,2018/19,2018-11-04,Dubai International Cricket Stadium,1,12.1,Pakistan,New Zealand,Mohammad Hafeez,Babar Azam,C Munro,1,0,,,,,,,,,
1157377,2018/19,2018-11-04,Dubai International Cricket Stadium,1,12.2,Pakistan,New Zealand,Babar Azam,Mohammad Hafeez,C Munro,0,0,,,,,,,,,
1157377,2018/19,2018-11-04,Dubai International Cricket Stadium,1,12.3,Pakistan,New Zealand,Babar Azam,Mohammad Hafeez,C Munro,0,0,,,,,,,,,
1157377,2018/19,2018-11-04,Dubai International Cricket Stadium,1,12.4,Pakistan,New Zealand,Babar Azam,Mohammad Hafeez,C Munro,1,0,,,,,,,,,
1157377,2018/19,2018-11-04,Dubai International Cricket Stadium,1,12.5,Pakistan,New Zealand,Mohammad Hafeez,Babar Azam,C Munro,1,0,,,,,,,,,
1157377,2018/19,2018-11-04,Dubai International Cricket Stadium,1,12.6,Pakistan,New Zealand,Babar Azam,Mohammad Hafeez,C Munro,1,0,,,,,,,,,
1157377,2018/19,2018-11-04,Dubai International Cricket Stadium,1,13.1,Pakistan,New Zealand,Babar Azam,Mohammad Hafeez,TG Southee,1,0,,,,,,,,,
1157377,2018/19,2018-11-04,Dubai International Cricket Stadium,1,13.2,Pakistan,New Zealand,Mohammad Hafeez,Babar Azam,TG Southee,1,0,,,,,,,,,
1157377,2018/19,2018-11-04,Dubai International Cricket Stadium,1,13.3,Pakistan,New Zealand,Babar Azam,Mohammad Hafeez,TG Southee,0,0,,,,,,,,,
1157377,2018/19,2018-11-04,Dubai International Cricket Stadium,1,13.4,Pakistan,New Zealand,Babar Azam,Mohammad Hafeez,TG Southee,1,0,,,,,,,,,
1157377,2018/19,2018-11-04,Dubai International Cricket Stadium,1,13.5,Pakistan,New Zealand,Mohammad Hafeez,Babar Azam,TG Southee,1,0,,,,,,,,,
1157377,2018/19,2018-11-04,Dubai International Cricket Stadium,1,13.6,Pakistan,New Zealand,Babar Azam,Mohammad Hafeez,TG Southee,1,0,,,,,,,,,
1157377,2018/19,2018-11-04,Dubai International Cricket Stadium,1,14.1,Pakistan,New Zealand,Babar Azam,Mohammad Hafeez,C Munro,6,0,,,,,,,,,
1157377,2018/19,2018-11-04,Dubai International Cricket Stadium,1,14.2,Pakistan,New Zealand,Babar Azam,Mohammad Hafeez,C Munro,6,0,,,,,,,,,
1157377,2018/19,2018-11-04,Dubai International Cricket Stadium,1,14.3,Pakistan,New Zealand,Babar Azam,Mohammad Hafeez,C Munro,1,0,,,,,,,,,
1157377,2018/19,2018-11-04,Dubai International Cricket Stadium,1,14.4,Pakistan,New Zealand,Mohammad Hafeez,Babar Azam,C Munro,1,0,,,,,,,,,
1157377,2018/19,2018-11-04,Dubai International Cricket Stadium,1,14.5,Pakistan,New Zealand,Babar Azam,Mohammad Hafeez,C Munro,2,0,,,,,,,,,
1157377,2018/19,2018-11-04,Dubai International Cricket Stadium,1,14.6,Pakistan,New Zealand,Babar Azam,Mohammad Hafeez,C Munro,1,0,,,,,,,,,
1157377,2018/19,2018-11-04,Dubai International Cricket Stadium,1,15.1,Pakistan,New Zealand,Babar Azam,Mohammad Hafeez,LH Ferguson,1,0,,,,,,,,,
1157377,2018/19,2018-11-04,Dubai International Cricket Stadium,1,15.2,Pakistan,New Zealand,Mohammad Hafeez,Babar Azam,LH Ferguson,1,0,,,,,,,,,
1157377,2018/19,2018-11-04,Dubai International Cricket Stadium,1,15.3,Pakistan,New Zealand,Babar Azam,Mohammad Hafeez,LH Ferguson,4,0,,,,,,,,,
1157377,2018/19,2018-11-04,Dubai International Cricket Stadium,1,15.4,Pakistan,New Zealand,Babar Azam,Mohammad Hafeez,LH Ferguson,0,0,,,,,,,,,
1157377,2018/19,2018-11-04,Dubai International Cricket Stadium,1,15.5,Pakistan,New Zealand,Babar Azam,Mohammad Hafeez,LH Ferguson,4,0,,,,,,,,,
1157377,2018/19,2018-11-04,Dubai International Cricket Stadium,1,15.6,Pakistan,New Zealand,Babar Azam,Mohammad Hafeez,LH Ferguson,1,0,,,,,,,,,
1157377,2018/19,2018-11-04,Dubai International Cricket Stadium,1,16.1,Pakistan,New Zealand,Babar Azam,Mohammad Hafeez,C de Grandhomme,0,0,,,,,,caught,Babar Azam,,
1157377,2018/19,2018-11-04,Dubai International Cricket Stadium,1,16.2,Pakistan,New Zealand,Mohammad Hafeez,Shoaib Malik,C de Grandhomme,1,0,,,,,,,,,
1157377,2018/19,2018-11-04,Dubai International Cricket Stadium,1,16.3,Pakistan,New Zealand,Shoaib Malik,Mohammad Hafeez,C de Grandhomme,4,0,,,,,,,,,
1157377,2018/19,2018-11-04,Dubai International Cricket Stadium,1,16.4,Pakistan,New Zealand,Shoaib Malik,Mohammad Hafeez,C de Grandhomme,4,0,,,,,,,,,
1157377,2018/19,2018-11-04,Dubai International Cricket Stadium,1,16.5,Pakistan,New Zealand,Shoaib Malik,Mohammad Hafeez,C de Grandhomme,2,0,,,,,,,,,
1157377,2018/19,2018-11-04,Dubai International Cricket Stadium,1,16.6,Pakistan,New Zealand,Shoaib Malik,Mohammad Hafeez,C de Grandhomme,1,0,,,,,,,,,
1157377,2018/19,2018-11-04,Dubai International Cricket Stadium,1,17.1,Pakistan,New Zealand,Shoaib Malik,Mohammad Hafeez,SHA Rance,1,0,,,,,,,,,
1157377,2018/19,2018-11-04,Dubai International Cricket Stadium,1,17.2,Pakistan,New Zealand,Mohammad Hafeez,Shoaib Malik,SHA Rance,4,0,,,,,,,,,
1157377,2018/19,2018-11-04,Dubai International Cricket Stadium,1,17.3,Pakistan,New Zealand,Mohammad Hafeez,Shoaib Malik,SHA Rance,1,0,,,,,,,,,
1157377,2018/19,2018-11-04,Dubai International Cricket Stadium,1,17.4,Pakistan,New Zealand,Shoaib Malik,Mohammad Hafeez,SHA Rance,1,0,,,,,,,,,
1157377,2018/19,2018-11-04,Dubai International Cricket Stadium,1,17.5,Pakistan,New Zealand,Mohammad Hafeez,Shoaib Malik,SHA Rance,0,1,,,,1,,,,,
1157377,2018/19,2018-11-04,Dubai International Cricket Stadium,1,17.6,Pakistan,New Zealand,Shoaib Malik,Mohammad Hafeez,SHA Rance,2,0,,,,,,,,,
1157377,2018/19,2018-11-04,Dubai International Cricket Stadium,1,18.1,Pakistan,New Zealand,Mohammad Hafeez,Shoaib Malik,C de Grandhomme,4,0,,,,,,,,,
1157377,2018/19,2018-11-04,Dubai International Cricket Stadium,1,18.2,Pakistan,New Zealand,Mohammad Hafeez,Shoaib Malik,C de Grandhomme,1,0,,,,,,,,,
1157377,2018/19,2018-11-04,Dubai International Cricket Stadium,1,18.3,Pakistan,New Zealand,Shoaib Malik,Mohammad Hafeez,C de Grandhomme,4,0,,,,,,,,,
1157377,2018/19,2018-11-04,Dubai International Cricket Stadium,1,18.4,Pakistan,New Zealand,Shoaib Malik,Mohammad Hafeez,C de Grandhomme,0,0,,,,,,caught,Shoaib Malik,,
1157377,2018/19,2018-11-04,Dubai International Cricket Stadium,1,18.5,Pakistan,New Zealand,Mohammad Hafeez,Asif Ali,C de Grandhomme,0,1,1,,,,,,,,
1157377,2018/19,2018-11-04,Dubai International Cricket Stadium,1,18.6,Pakistan,New Zealand,Mohammad Hafeez,Asif Ali,C de Grandhomme,1,0,,,,,,,,,
1157377,2018/19,2018-11-04,Dubai International Cricket Stadium,1,18.7,Pakistan,New Zealand,Asif Ali,Mohammad Hafeez,C de Grandhomme,0,0,,,,,,,,,
1157377,2018/19,2018-11-04,Dubai International Cricket Stadium,1,19.1,Pakistan,New Zealand,Mohammad Hafeez,Asif Ali,TG Southee,4,0,,,,,,,,,
1157377,2018/19,2018-11-04,Dubai International Cricket Stadium,1,19.2,Pakistan,New Zealand,Mohammad Hafeez,Asif Ali,TG Southee,1,0,,,,,,,,,
1157377,2018/19,2018-11-04,Dubai International Cricket Stadium,1,19.3,Pakistan,New Zealand,Asif Ali,Mohammad Hafeez,TG Southee,1,0,,,,,,,,,
1157377,2018/19,2018-11-04,Dubai International Cricket Stadium,1,19.4,Pakistan,New Zealand,Mohammad Hafeez,Asif Ali,TG Southee,2,0,,,,,,,,,
1157377,2018/19,2018-11-04,Dubai International Cricket Stadium,1,19.5,Pakistan,New Zealand,Mohammad Hafeez,Asif Ali,TG Southee,1,0,,,,,,,,,
1157377,2018/19,2018-11-04,Dubai International Cricket Stadium,1,19.6,Pakistan,New Zealand,Asif Ali,Mohammad Hafeez,TG Southee,1,0,,,,,,,,,
1157377,2018/19,2018-11-04,Dubai International Cricket Stadium,2,0.1,New Zealand,Pakistan,GD Phillips,C Munro,Mohammad Hafeez,0,0,,,,,,,,,
1157377,2018/19,2018-11-04,Dubai International Cricket Stadium,2,0.2,New Zealand,Pakistan,GD Phillips,C Munro,Mohammad Hafeez,1,0,,,,,,,,,
1157377,2018/19,2018-11-04,Dubai International Cricket Stadium,2,0.3,New Zealand,Pakistan,C Munro,GD Phillips,Mohammad Hafeez,0,0,,,,,,,,,
1157377,2018/19,2018-11-04,Dubai International Cricket Stadium,2,0.4,New Zealand,Pakistan,C Munro,GD Phillips,Mohammad Hafeez,1,0,,,,,,,,,
1157377,2018/19,2018-11-04,Dubai International Cricket Stadium,2,0.5,New Zealand,Pakistan,GD Phillips,C Munro,Mohammad Hafeez,1,0,,,,,,,,,
1157377,2018/19,2018-11-04,Dubai International Cricket Stadium,2,0.6,New Zealand,Pakistan,C Munro,GD Phillips,Mohammad Hafeez,1,0,,,,,,,,,
1157377,2018/19,2018-11-04,Dubai International Cricket Stadium,2,1.1,New Zealand,Pakistan,C Munro,GD Phillips,Faheem Ashraf,0,0,,,,,,,,,
1157377,2018/19,2018-11-04,Dubai International Cricket Stadium,2,1.2,New Zealand,Pakistan,C Munro,GD Phillips,Faheem Ashraf,0,0,,,,,,bowled,C Munro,,
1157377,2018/19,2018-11-04,Dubai International Cricket Stadium,2,1.3,New Zealand,Pakistan,C de Grandhomme,GD Phillips,Faheem Ashraf,0,0,,,,,,,,,
1157377,2018/19,2018-11-04,Dubai International Cricket Stadium,2,1.4,New Zealand,Pakistan,C de Grandhomme,GD Phillips,Faheem Ashraf,0,0,,,,,,,,,
1157377,2018/19,2018-11-04,Dubai International Cricket Stadium,2,1.5,New Zealand,Pakistan,C de Grandhomme,GD Phillips,Faheem Ashraf,1,0,,,,,,,,,
1157377,2018/19,2018-11-04,Dubai International Cricket Stadium,2,1.6,New Zealand,Pakistan,GD Phillips,C de Grandhomme,Faheem Ashraf,1,0,,,,,,,,,
1157377,2018/19,2018-11-04,Dubai International Cricket Stadium,2,2.1,New Zealand,Pakistan,GD Phillips,C de Grandhomme,Imad Wasim,0,0,,,,,,,,,
1157377,2018/19,2018-11-04,Dubai International Cricket Stadium,2,2.2,New Zealand,Pakistan,GD Phillips,C de Grandhomme,Imad Wasim,0,0,,,,,,,,,
1157377,2018/19,2018-11-04,Dubai International Cricket Stadium,2,2.3,New Zealand,Pakistan,GD Phillips,C de Grandhomme,Imad Wasim,1,0,,,,,,,,,
1157377,2018/19,2018-11-04,Dubai International Cricket Stadium,2,2.4,New Zealand,Pakistan,C de Grandhomme,GD Phillips,Imad Wasim,0,0,,,,,,,,,
1157377,2018/19,2018-11-04,Dubai International Cricket Stadium,2,2.5,New Zealand,Pakistan,C de Grandhomme,GD Phillips,Imad Wasim,0,1,1,,,,,,,,
1157377,2018/19,2018-11-04,Dubai International Cricket Stadium,2,2.6,New Zealand,Pakistan,C de Grandhomme,GD Phillips,Imad Wasim,4,0,,,,,,,,,
1157377,2018/19,2018-11-04,Dubai International Cricket Stadium,2,2.7,New Zealand,Pakistan,C de Grandhomme,GD Phillips,Imad Wasim,1,0,,,,,,,,,
1157377,2018/19,2018-11-04,Dubai International Cricket Stadium,2,3.1,New Zealand,Pakistan,C de Grandhomme,GD Phillips,Faheem Ashraf,0,0,,,,,,,,,
1157377,2018/19,2018-11-04,Dubai International Cricket Stadium,2,3.2,New Zealand,Pakistan,C de Grandhomme,GD Phillips,Faheem Ashraf,0,0,,,,,,run out,C de Grandhomme,,
1157377,2018/19,2018-11-04,Dubai International Cricket Stadium,2,3.3,New Zealand,Pakistan,KS Williamson,GD Phillips,Faheem Ashraf,0,0,,,,,,,,,
1157377,2018/19,2018-11-04,Dubai International Cricket Stadium,2,3.4,New Zealand,Pakistan,KS Williamson,GD Phillips,Faheem Ashraf,0,0,,,,,,,,,
1157377,2018/19,2018-11-04,Dubai International Cricket Stadium,2,3.5,New Zealand,Pakistan,KS Williamson,GD Phillips,Faheem Ashraf,0,0,,,,,,,,,
1157377,2018/19,2018-11-04,Dubai International Cricket Stadium,2,3.6,New Zealand,Pakistan,KS Williamson,GD Phillips,Faheem Ashraf,4,0,,,,,,,,,
1157377,2018/19,2018-11-04,Dubai International Cricket Stadium,2,4.1,New Zealand,Pakistan,GD Phillips,KS Williamson,Imad Wasim,1,0,,,,,,,,,
1157377,2018/19,2018-11-04,Dubai International Cricket Stadium,2,4.2,New Zealand,Pakistan,KS Williamson,GD Phillips,Imad Wasim,0,0,,,,,,,,,
1157377,2018/19,2018-11-04,Dubai International Cricket Stadium,2,4.3,New Zealand,Pakistan,KS Williamson,GD Phillips,Imad Wasim,1,0,,,,,,,,,
1157377,2018/19,2018-11-04,Dubai International Cricket Stadium,2,4.4,New Zealand,Pakistan,GD Phillips,KS Williamson,Imad Wasim,1,0,,,,,,,,,
1157377,2018/19,2018-11-04,Dubai International Cricket Stadium,2,4.5,New Zealand,Pakistan,KS Williamson,GD Phillips,Imad Wasim,0,0,,,,,,,,,
1157377,2018/19,2018-11-04,Dubai International Cricket Stadium,2,4.6,New Zealand,Pakistan,KS Williamson,GD Phillips,Imad Wasim,1,0,,,,,,,,,
1157377,2018/19,2018-11-04,Dubai International Cricket Stadium,2,5.1,New Zealand,Pakistan,KS Williamson,GD Phillips,Usman Shinwari,1,0,,,,,,,,,
1157377,2018/19,2018-11-04,Dubai International Cricket Stadium,2,5.2,New Zealand,Pakistan,GD Phillips,KS Williamson,Usman Shinwari,0,0,,,,,,,,,
1157377,2018/19,2018-11-04,Dubai International Cricket Stadium,2,5.3,New Zealand,Pakistan,GD Phillips,KS Williamson,Usman Shinwari,1,0,,,,,,,,,
1157377,2018/19,2018-11-04,Dubai International Cricket Stadium,2,5.4,New Zealand,Pakistan,KS Williamson,GD Phillips,Usman Shinwari,0,0,,,,,,,,,
1157377,2018/19,2018-11-04,Dubai International Cricket Stadium,2,5.5,New Zealand,Pakistan,KS Williamson,GD Phillips,Usman Shinwari,4,0,,,,,,,,,
1157377,2018/19,2018-11-04,Dubai International Cricket Stadium,2,5.6,New Zealand,Pakistan,KS Williamson,GD Phillips,Usman Shinwari,1,0,,,,,,,,,
1157377,2018/19,2018-11-04,Dubai International Cricket Stadium,2,6.1,New Zealand,Pakistan,KS Williamson,GD Phillips,Mohammad Hafeez,0,0,,,,,,,,,
1157377,2018/19,2018-11-04,Dubai International Cricket Stadium,2,6.2,New Zealand,Pakistan,KS Williamson,GD Phillips,Mohammad Hafeez,1,0,,,,,,,,,
1157377,2018/19,2018-11-04,Dubai International Cricket Stadium,2,6.3,New Zealand,Pakistan,GD Phillips,KS Williamson,Mohammad Hafeez,1,0,,,,,,,,,
1157377,2018/19,2018-11-04,Dubai International Cricket Stadium,2,6.4,New Zealand,Pakistan,KS Williamson,GD Phillips,Mohammad Hafeez,1,0,,,,,,,,,
1157377,2018/19,2018-11-04,Dubai International Cricket Stadium,2,6.5,New Zealand,Pakistan,GD Phillips,KS Williamson,Mohammad Hafeez,1,0,,,,,,,,,
1157377,2018/19,2018-11-04,Dubai International Cricket Stadium,2,6.6,New Zealand,Pakistan,KS Williamson,GD Phillips,Mohammad Hafeez,0,0,,,,,,,,,
1157377,2018/19,2018-11-04,Dubai International Cricket Stadium,2,7.1,New Zealand,Pakistan,GD Phillips,KS Williamson,Waqas Maqsood,1,0,,,,,,,,,
1157377,2018/19,2018-11-04,Dubai International Cricket Stadium,2,7.2,New Zealand,Pakistan,KS Williamson,GD Phillips,Waqas Maqsood,0,0,,,,,,,,,
1157377,2018/19,2018-11-04,Dubai International Cricket Stadium,2,7.3,New Zealand,Pakistan,KS Williamson,GD Phillips,Waqas Maqsood,4,0,,,,,,,,,
1157377,2018/19,2018-11-04,Dubai International Cricket Stadium,2,7.4,New Zealand,Pakistan,KS Williamson,GD Phillips,Waqas Maqsood,2,0,,,,,,,,,
1157377,2018/19,2018-11-04,Dubai International Cricket Stadium,2,7.5,New Zealand,Pakistan,KS Williamson,GD Phillips,Waqas Maqsood,4,0,,,,,,,,,
1157377,2018/19,2018-11-04,Dubai International Cricket Stadium,2,7.6,New Zealand,Pakistan,KS Williamson,GD Phillips,Waqas Maqsood,4,0,,,,,,,,,
1157377,2018/19,2018-11-04,Dubai International Cricket Stadium,2,8.1,New Zealand,Pakistan,GD Phillips,KS Williamson,Shadab Khan,1,0,,,,,,,,,
1157377,2018/19,2018-11-04,Dubai International Cricket Stadium,2,8.2,New Zealand,Pakistan,KS Williamson,GD Phillips,Shadab Khan,1,0,,,,,,,,,
1157377,2018/19,2018-11-04,Dubai International Cricket Stadium,2,8.3,New Zealand,Pakistan,GD Phillips,KS Williamson,Shadab Khan,1,0,,,,,,,,,
1157377,2018/19,2018-11-04,Dubai International Cricket Stadium,2,8.4,New Zealand,Pakistan,KS Williamson,GD Phillips,Shadab Khan,0,0,,,,,,,,,
1157377,2018/19,2018-11-04,Dubai International Cricket Stadium,2,8.5,New Zealand,Pakistan,KS Williamson,GD Phillips,Shadab Khan,4,0,,,,,,,,,
1157377,2018/19,2018-11-04,Dubai International Cricket Stadium,2,8.6,New Zealand,Pakistan,KS Williamson,GD Phillips,Shadab Khan,2,0,,,,,,,,,
1157377,2018/19,2018-11-04,Dubai International Cricket Stadium,2,9.1,New Zealand,Pakistan,GD Phillips,KS Williamson,Imad Wasim,0,0,,,,,,,,,
1157377,2018/19,2018-11-04,Dubai International Cricket Stadium,2,9.2,New Zealand,Pakistan,GD Phillips,KS Williamson,Imad Wasim,1,0,,,,,,,,,
1157377,2018/19,2018-11-04,Dubai International Cricket Stadium,2,9.3,New Zealand,Pakistan,KS Williamson,GD Phillips,Imad Wasim,4,0,,,,,,,,,
1157377,2018/19,2018-11-04,Dubai International Cricket Stadium,2,9.4,New Zealand,Pakistan,KS Williamson,GD Phillips,Imad Wasim,0,0,,,,,,,,,
1157377,2018/19,2018-11-04,Dubai International Cricket Stadium,2,9.5,New Zealand,Pakistan,KS Williamson,GD Phillips,Imad Wasim,6,0,,,,,,,,,
1157377,2018/19,2018-11-04,Dubai International Cricket Stadium,2,9.6,New Zealand,Pakistan,KS Williamson,GD Phillips,Imad Wasim,1,0,,,,,,,,,
1157377,2018/19,2018-11-04,Dubai International Cricket Stadium,2,10.1,New Zealand,Pakistan,KS Williamson,GD Phillips,Shadab Khan,6,0,,,,,,,,,
1157377,2018/19,2018-11-04,Dubai International Cricket Stadium,2,10.2,New Zealand,Pakistan,KS Williamson,GD Phillips,Shadab Khan,1,0,,,,,,,,,
1157377,2018/19,2018-11-04,Dubai International Cricket Stadium,2,10.3,New Zealand,Pakistan,GD Phillips,KS Williamson,Shadab Khan,4,0,,,,,,,,,
1157377,2018/19,2018-11-04,Dubai International Cricket Stadium,2,10.4,New Zealand,Pakistan,GD Phillips,KS Williamson,Shadab Khan,2,0,,,,,,,,,
1157377,2018/19,2018-11-04,Dubai International Cricket Stadium,2,10.5,New Zealand,Pakistan,GD Phillips,KS Williamson,Shadab Khan,1,0,,,,,,,,,
1157377,2018/19,2018-11-04,Dubai International Cricket Stadium,2,10.6,New Zealand,Pakistan,KS Williamson,GD Phillips,Shadab Khan,1,0,,,,,,,,,
1157377,2018/19,2018-11-04,Dubai International Cricket Stadium,2,11.1,New Zealand,Pakistan,KS Williamson,GD Phillips,Usman Shinwari,4,0,,,,,,,,,
1157377,2018/19,2018-11-04,Dubai International Cricket Stadium,2,11.2,New Zealand,Pakistan,KS Williamson,GD Phillips,Usman Shinwari,1,0,,,,,,,,,
1157377,2018/19,2018-11-04,Dubai International Cricket Stadium,2,11.3,New Zealand,Pakistan,GD Phillips,KS Williamson,Usman Shinwari,0,1,,,,1,,,,,
1157377,2018/19,2018-11-04,Dubai International Cricket Stadium,2,11.4,New Zealand,Pakistan,KS Williamson,GD Phillips,Usman Shinwari,0,0,,,,,,,,,
1157377,2018/19,2018-11-04,Dubai International Cricket Stadium,2,11.5,New Zealand,Pakistan,KS Williamson,GD Phillips,Usman Shinwari,1,0,,,,,,,,,
1157377,2018/19,2018-11-04,Dubai International Cricket Stadium,2,11.6,New Zealand,Pakistan,GD Phillips,KS Williamson,Usman Shinwari,6,0,,,,,,,,,
1157377,2018/19,2018-11-04,Dubai International Cricket Stadium,2,12.1,New Zealand,Pakistan,KS Williamson,GD Phillips,Shadab Khan,0,0,,,,,,,,,
1157377,2018/19,2018-11-04,Dubai International Cricket Stadium,2,12.2,New Zealand,Pakistan,KS Williamson,GD Phillips,Shadab Khan,0,0,,,,,,caught,KS Williamson,,
1157377,2018/19,2018-11-04,Dubai International Cricket Stadium,2,12.3,New Zealand,Pakistan,MS Chapman,GD Phillips,Shadab Khan,1,0,,,,,,,,,
1157377,2018/19,2018-11-04,Dubai International Cricket Stadium,2,12.4,New Zealand,Pakistan,GD Phillips,MS Chapman,Shadab Khan,0,0,,,,,,bowled,GD Phillips,,
1157377,2018/19,2018-11-04,Dubai International Cricket Stadium,2,12.5,New Zealand,Pakistan,LRPL Taylor,MS Chapman,Shadab Khan,0,0,,,,,,,,,
1157377,2018/19,2018-11-04,Dubai International Cricket Stadium,2,12.6,New Zealand,Pakistan,LRPL Taylor,MS Chapman,Shadab Khan,1,0,,,,,,,,,
1157377,2018/19,2018-11-04,Dubai International Cricket Stadium,2,13.1,New Zealand,Pakistan,LRPL Taylor,MS Chapman,Imad Wasim,1,0,,,,,,,,,
1157377,2018/19,2018-11-04,Dubai International Cricket Stadium,2,13.2,New Zealand,Pakistan,MS Chapman,LRPL Taylor,Imad Wasim,1,0,,,,,,,,,
1157377,2018/19,2018-11-04,Dubai International Cricket Stadium,2,13.3,New Zealand,Pakistan,LRPL Taylor,MS Chapman,Imad Wasim,2,0,,,,,,,,,
1157377,2018/19,2018-11-04,Dubai International Cricket Stadium,2,13.4,New Zealand,Pakistan,LRPL Taylor,MS Chapman,Imad Wasim,1,0,,,,,,,,,
1157377,2018/19,2018-11-04,Dubai International Cricket Stadium,2,13.5,New Zealand,Pakistan,MS Chapman,LRPL Taylor,Imad Wasim,0,0,,,,,,stumped,MS Chapman,,
1157377,2018/19,2018-11-04,Dubai International Cricket Stadium,2,13.6,New Zealand,Pakistan,TL Seifert,LRPL Taylor,Imad Wasim,0,0,,,,,,bowled,TL Seifert,,
1157377,2018/19,2018-11-04,Dubai International Cricket Stadium,2,14.1,New Zealand,Pakistan,LRPL Taylor,TG Southee,Shadab Khan,1,0,,,,,,run out,TG Southee,,
1157377,2018/19,2018-11-04,Dubai International Cricket Stadium,2,14.2,New Zealand,Pakistan,IS Sodhi,LRPL Taylor,Shadab Khan,0,0,,,,,,,,,
1157377,2018/19,2018-11-04,Dubai International Cricket Stadium,2,14.3,New Zealand,Pakistan,IS Sodhi,LRPL Taylor,Shadab Khan,1,0,,,,,,,,,
1157377,2018/19,2018-11-04,Dubai International Cricket Stadium,2,14.4,New Zealand,Pakistan,LRPL Taylor,IS Sodhi,Shadab Khan,1,0,,,,,,,,,
1157377,2018/19,2018-11-04,Dubai International Cricket Stadium,2,14.5,New Zealand,Pakistan,IS Sodhi,LRPL Taylor,Shadab Khan,1,0,,,,,,,,,
1157377,2018/19,2018-11-04,Dubai International Cricket Stadium,2,14.6,New Zealand,Pakistan,LRPL Taylor,IS Sodhi,Shadab Khan,0,0,,,,,,caught,LRPL Taylor,,
1157377,2018/19,2018-11-04,Dubai International Cricket Stadium,2,15.1,New Zealand,Pakistan,IS Sodhi,LH Ferguson,Usman Shinwari,0,0,,,,,,,,,
1157377,2018/19,2018-11-04,Dubai International Cricket Stadium,2,15.2,New Zealand,Pakistan,IS Sodhi,LH Ferguson,Usman Shinwari,1,0,,,,,,,,,
1157377,2018/19,2018-11-04,Dubai International Cricket Stadium,2,15.3,New Zealand,Pakistan,LH Ferguson,IS Sodhi,Usman Shinwari,0,1,,,,1,,,,,
1157377,2018/19,2018-11-04,Dubai International Cricket Stadium,2,15.4,New Zealand,Pakistan,IS Sodhi,LH Ferguson,Usman Shinwari,1,0,,,,,,,,,
1157377,2018/19,2018-11-04,Dubai International Cricket Stadium,2,15.5,New Zealand,Pakistan,LH Ferguson,IS Sodhi,Usman Shinwari,1,0,,,,,,,,,
1157377,2018/19,2018-11-04,Dubai International Cricket Stadium,2,15.6,New Zealand,Pakistan,IS Sodhi,LH Ferguson,Usman Shinwari,2,0,,,,,,,,,
1157377,2018/19,2018-11-04,Dubai International Cricket Stadium,2,16.1,New Zealand,Pakistan,LH Ferguson,IS Sodhi,Waqas Maqsood,0,0,,,,,,caught,LH Ferguson,,
1157377,2018/19,2018-11-04,Dubai International Cricket Stadium,2,16.2,New Zealand,Pakistan,SHA Rance,IS Sodhi,Waqas Maqsood,1,0,,,,,,,,,
1157377,2018/19,2018-11-04,Dubai International Cricket Stadium,2,16.3,New Zealand,Pakistan,IS Sodhi,SHA Rance,Waqas Maqsood,4,0,,,,,,,,,
1157377,2018/19,2018-11-04,Dubai International Cricket Stadium,2,16.4,New Zealand,Pakistan,IS Sodhi,SHA Rance,Waqas Maqsood,1,0,,,,,,,,,
1157377,2018/19,2018-11-04,Dubai International Cricket Stadium,2,16.5,New Zealand,Pakistan,SHA Rance,IS Sodhi,Waqas Maqsood,0,0,,,,,,bowled,SHA Rance,,
